159	156	6	2	0	153	6	2	0	6	2	0	4	0	0	0	6	0	0	0	150	6	2	0	6	2	0	4	0	0	0	6	0	0	0	6	2	0	2	0	0	0	3	0	0	0	4	0	0	0	6	0	0	0	147	6	2	0	6	2	0	4	0	0	0	6	0	0	0	6	2	0	2	0	0	0	3	0	0	0	4	0	0	0	6	0	0	0	6	2	0	2	0	0	0	1	0	0	0	2	0	0	0	3	0	0	0	4	0	0	0	6	0	0	0	144	6	2	0	6	2	0	4	0	0	0	6	0	0	0	6	2	0	2	0	0	0	3	0	0	0	4	0	0	0	6	0	0	0	6	2	0	2	0	0	0	1	0	0	0	2	0	0	0	3	0	0	0	4	0	0	0	6	0	0	0	6	2	0	0	0	0	0	0	0	0	0	2	0	0	0	1	0	0	0	2	0	0	0	3	0	0	0	4	0	0	0	6	0	0	0
220	216	7	3	0	212	6	3	0	7	3	0	4	0	0	0	6	0	0	0	208	6	3	0	6	3	0	4	0	0	0	6	0	0	0	7	3	0	2	0	0	0	3	0	0	0	4	0	0	0	6	0	0	0	204	6	3	0	6	3	0	4	0	0	0	6	0	0	0	6	3	0	2	0	0	0	3	0	0	0	4	0	0	0	6	0	0	0	7	3	0	2	0	0	0	1	0	0	0	2	0	0	0	3	0	0	0	4	0	0	0	6	0	0	0	200	6	3	0	6	3	0	4	0	0	0	6	0	0	0	6	3	0	2	0	0	0	3	0	0	0	4	0	0	0	6	0	0	0	6	3	0	2	0	0	0	1	0	0	0	2	0	0	0	3	0	0	0	4	0	0	0	6	0	0	0	7	3	0	0	0	0	0	0	0	0	0	2	0	0	0	1	0	0	0	2	0	0	0	3	0	0	0	4	0	0	0	6	0	0	0
434	425	17	28	0	416	7	24	0	17	28	0	3	20	0	0	10	30	0	0	407	4	22	0	7	24	0	3	20	0	0	3	30	0	0	17	28	0	3	8	0	0	4	12	0	0	3	20	0	0	10	30	0	0	398	2	20	0	4	22	0	0	16	0	0	0	24	0	0	7	24	0	0	8	0	0	0	12	0	0	3	20	0	0	3	30	0	0	17	28	0	0	8	0	0	0	4	0	0	3	8	0	0	4	12	0	0	3	20	0	0	10	30	0	0	389	2	20	0	2	20	0	0	16	0	0	0	24	0	0	4	22	0	0	8	0	0	0	12	0	0	0	16	0	0	0	24	0	0	7	24	0	0	8	0	0	0	4	0	0	0	8	0	0	0	12	0	0	3	20	0	0	3	30	0	0	17	28	0	0	0	0	0	0	0	0	0	0	8	0	0	0	4	0	0	3	8	0	0	4	12	0	0	3	20	0	0	10	30	0	0
243	239	10	3	0	235	7	0	0	10	3	0	4	0	0	0	9	0	0	0	231	7	0	0	7	0	0	4	0	0	0	6	0	0	0	10	3	0	5	0	0	0	7	0	0	0	4	0	0	0	9	0	0	0	227	6	0	0	7	0	0	4	0	0	0	6	0	0	0	7	0	0	2	0	0	0	3	0	0	0	4	0	0	0	6	0	0	0	10	3	0	2	0	0	0	1	0	0	0	5	0	0	0	7	0	0	0	4	0	0	0	9	0	0	0	223	6	0	0	6	0	0	4	0	0	0	6	0	0	0	7	0	0	2	0	0	0	3	0	0	0	4	0	0	0	6	0	0	0	7	0	0	2	0	0	0	1	0	0	0	2	0	0	0	3	0	0	0	4	0	0	0	6	0	0	0	10	3	0	0	0	0	0	0	0	0	0	2	0	0	0	1	0	0	0	5	0	0	0	7	0	0	0	4	0	0	0	9	0	0	0
360	354	19	11	0	348	15	5	0	19	11	0	12	0	0	0	27	6	0	0	342	11	2	0	15	5	0	4	0	0	0	16	0	0	0	19	11	0	2	6	0	0	3	8	0	0	12	0	0	0	27	6	0	0	336	11	0	0	11	2	0	4	0	0	0	13	0	0	0	15	5	0	2	0	0	0	3	0	0	0	4	0	0	0	16	0	0	0	19	11	0	2	0	0	0	1	0	0	0	2	6	0	0	3	8	0	0	12	0	0	0	27	6	0	0	330	11	0	0	11	0	0	4	0	0	0	13	0	0	0	11	2	0	2	0	0	0	3	0	0	0	4	0	0	0	13	0	0	0	15	5	0	2	0	0	0	1	0	0	0	2	0	0	0	3	0	0	0	4	0	0	0	16	0	0	0	19	11	0	0	0	0	0	0	0	0	0	2	0	0	0	1	0	0	0	2	6	0	0	3	8	0	0	12	0	0	0	27	6	0	0
240	236	3	0	5	232	2	0	0	3	0	5	0	0	0	0	6	0	0	0	228	0	0	0	2	0	0	0	0	0	0	2	0	0	0	3	0	5	0	0	2	0	0	0	0	0	0	0	0	0	6	0	0	0	224	0	0	0	0	0	0	0	0	0	0	0	0	0	0	2	0	0	0	0	0	0	0	0	0	0	0	0	0	0	2	0	0	0	3	0	5	0	0	0	0	0	0	0	0	0	0	2	0	0	0	0	0	0	0	0	0	6	0	0	0	220	0	0	0	0	0	0	0	0	0	0	0	0	0	0	0	0	0	0	0	0	0	0	0	0	0	0	0	0	0	0	0	0	0	2	0	0	0	0	0	0	0	0	0	0	0	0	0	0	0	0	0	0	0	0	0	0	2	0	0	0	3	0	5	0	0	0	0	0	0	0	0	0	0	0	0	0	0	0	0	0	0	2	0	0	0	0	0	0	0	0	0	6	0	0	0
359	353	17	5	2	347	10	0	0	17	5	2	14	0	0	0	20	20	2	0	341	1	0	0	10	0	0	3	0	0	0	8	0	0	0	17	5	2	1	0	2	0	0	0	0	0	14	0	0	0	20	20	2	0	335	0	0	0	1	0	0	0	0	0	0	0	0	0	0	10	0	0	0	0	0	0	0	0	0	0	3	0	0	0	8	0	0	0	17	5	2	0	0	0	0	0	0	0	0	1	0	2	0	0	0	0	0	14	0	0	0	20	20	2	0	329	0	0	0	0	0	0	0	0	0	0	0	0	0	0	1	0	0	0	0	0	0	0	0	0	0	0	0	0	0	0	0	0	0	10	0	0	0	0	0	0	0	0	0	0	0	0	0	0	0	0	0	0	3	0	0	0	8	0	0	0	17	5	2	0	0	0	0	4	0	0	0	0	0	0	0	0	0	0	0	1	0	2	0	0	0	0	0	14	0	0	0	20	20	2	0
590	580	37	32	2	570	25	16	0	37	32	2	16	32	0	0	32	46	4	0	560	20	0	0	25	16	0	13	0	0	0	23	12	0	0	37	32	2	1	0	2	0	0	0	8	0	16	32	0	0	32	46	4	0	550	19	0	0	20	0	0	10	0	0	0	18	0	0	0	25	16	0	0	0	0	0	0	0	0	0	13	0	0	0	23	12	0	0	37	32	2	0	0	0	0	0	0	0	0	1	0	2	0	0	0	8	0	16	32	0	0	32	46	4	0	540	19	0	0	19	0	0	10	0	0	0	18	0	0	0	20	0	0	0	0	0	0	0	0	0	0	10	0	0	0	18	0	0	0	25	16	0	0	0	0	0	0	0	0	0	0	0	0	0	0	0	0	0	13	0	0	0	23	12	0	0	37	32	2	8	0	0	0	16	0	0	0	0	0	0	0	0	0	0	0	1	0	2	0	0	0	8	0	16	32	0	0	32	46	4	0
298	293	18	4	0	288	12	4	0	18	4	0	17	0	0	0	24	8	0	0	283	5	0	0	12	4	0	6	0	0	0	9	8	0	0	18	4	0	1	0	0	0	0	0	0	0	17	0	0	0	24	8	0	0	278	4	0	0	5	0	0	3	0	0	0	3	0	0	0	12	4	0	0	0	0	0	0	0	0	0	6	0	0	0	9	8	0	0	18	4	0	0	0	0	0	0	0	0	0	1	0	0	0	0	0	0	0	17	0	0	0	24	8	0	0	273	4	0	0	4	0	0	3	0	0	0	3	0	0	0	5	0	0	0	0	0	0	0	0	0	0	3	0	0	0	3	0	0	0	12	4	0	0	0	0	0	0	0	0	0	0	0	0	0	0	0	0	0	6	0	0	0	9	8	0	0	18	4	0	6	0	0	0	12	0	0	0	0	0	0	0	0	0	0	0	1	0	0	0	0	0	0	0	17	0	0	0	24	8	0	0
470	462	32	22	0	454	22	13	0	32	22	0	22	21	0	0	29	24	0	0	446	17	3	0	22	13	0	14	9	0	0	17	9	0	0	32	22	0	0	3	0	0	0	0	0	0	22	21	0	0	29	24	0	0	438	17	0	0	17	3	0	14	0	0	0	12	0	0	0	22	13	0	0	0	0	0	0	0	0	0	14	9	0	0	17	9	0	0	32	22	0	0	0	0	0	0	0	0	0	0	3	0	0	0	0	0	0	22	21	0	0	29	24	0	0	430	13	0	0	17	0	0	14	0	0	0	12	0	0	0	17	3	0	0	0	0	0	0	0	0	0	14	0	0	0	12	0	0	0	22	13	0	0	0	0	0	0	0	0	0	0	0	0	0	0	0	0	0	14	9	0	0	17	9	0	0	32	22	0	8	0	0	0	12	28	0	0	0	0	0	0	0	0	0	0	0	3	0	0	0	0	0	0	22	21	0	0	29	24	0	0
527	518	34	20	12	509	20	0	0	34	20	12	10	0	25	0	27	5	48	4	500	19	0	0	20	0	0	7	0	0	0	21	0	0	0	34	20	12	0	0	3	0	0	0	0	0	10	0	25	0	27	5	48	4	491	19	0	0	19	0	0	7	0	0	0	21	0	0	0	20	0	0	0	0	0	0	0	0	0	0	7	0	0	0	21	0	0	0	34	20	12	0	0	0	0	0	0	0	0	0	0	3	0	0	0	0	0	10	0	25	0	27	5	48	4	482	19	0	0	19	0	0	7	0	0	0	21	0	0	0	19	0	0	0	0	0	0	0	0	0	0	7	0	0	0	21	0	0	0	20	0	0	0	0	0	0	0	0	0	0	0	0	0	0	0	0	0	0	7	0	0	0	21	0	0	0	34	20	12	2	0	0	0	8	0	0	0	0	0	0	0	0	0	0	0	0	0	3	0	0	0	0	0	10	0	25	0	27	5	48	4
521	512	37	23	4	503	21	8	0	37	23	4	8	0	16	0	30	16	12	2	494	21	8	0	21	8	0	8	0	0	0	26	16	0	0	37	23	4	0	0	0	0	0	0	0	0	8	0	16	0	30	16	12	2	485	21	8	0	21	8	0	8	0	0	0	26	16	0	0	21	8	0	0	0	0	0	0	0	0	0	8	0	0	0	26	16	0	0	37	23	4	0	0	0	0	0	0	0	0	0	0	0	0	0	0	0	0	8	0	16	0	30	16	12	2	476	21	8	0	21	8	0	8	0	0	0	26	16	0	0	21	8	0	0	0	0	0	0	0	0	0	8	0	0	0	26	16	0	0	21	8	0	0	0	0	0	0	0	0	0	0	0	0	0	0	0	0	0	8	0	0	0	26	16	0	0	37	23	4	0	0	0	0	0	0	0	0	0	0	0	0	0	0	0	0	0	0	0	0	0	0	0	0	8	0	16	0	30	16	12	2
410	403	29	12	0	396	19	0	0	29	12	0	6	0	0	0	25	0	0	0	389	19	0	0	19	0	0	6	0	0	0	24	0	0	0	29	12	0	0	0	0	0	0	0	0	0	6	0	0	0	25	0	0	0	382	19	0	0	19	0	0	6	0	0	0	24	0	0	0	19	0	0	0	0	0	0	0	0	0	0	6	0	0	0	24	0	0	0	29	12	0	0	0	0	0	0	0	0	0	0	0	0	0	0	0	0	0	6	0	0	0	25	0	0	0	375	19	0	0	19	0	0	6	0	0	0	24	0	0	0	19	0	0	0	0	0	0	0	0	0	0	6	0	0	0	24	0	0	0	19	0	0	0	0	0	0	0	0	0	0	0	0	0	0	0	0	0	0	6	0	0	0	24	0	0	0	29	12	0	0	0	0	0	0	0	0	0	0	0	0	0	0	0	0	0	0	0	0	0	0	0	0	0	6	0	0	0	25	0	0	0
235	231	17	3	0	227	9	0	0	17	3	0	3	0	0	0	14	0	0	0	223	9	0	0	9	0	0	3	0	0	0	14	0	0	0	17	3	0	0	0	0	0	0	0	0	0	3	0	0	0	14	0	0	0	219	9	0	0	9	0	0	3	0	0	0	14	0	0	0	9	0	0	0	0	0	0	0	0	0	0	3	0	0	0	14	0	0	0	17	3	0	0	0	0	0	0	0	0	0	0	0	0	0	0	0	0	0	3	0	0	0	14	0	0	0	215	9	0	0	9	0	0	3	0	0	0	14	0	0	0	9	0	0	0	0	0	0	0	0	0	0	3	0	0	0	14	0	0	0	9	0	0	0	0	0	0	0	0	0	0	0	0	0	0	0	0	0	0	3	0	0	0	14	0	0	0	17	3	0	0	0	0	0	0	0	0	0	0	0	0	0	0	0	0	0	0	0	0	0	0	0	0	0	3	0	0	0	14	0	0	0
500	491	31	29	0	482	18	20	0	31	29	0	2	15	0	0	26	30	0	0	473	18	20	0	18	20	0	2	15	0	0	26	30	0	0	31	29	0	0	0	0	0	0	0	0	0	2	15	0	0	26	30	0	0	464	18	20	0	18	20	0	2	15	0	0	26	30	0	0	18	20	0	0	0	0	0	0	0	0	0	2	15	0	0	26	30	0	0	31	29	0	0	0	0	0	0	0	0	0	0	0	0	0	0	0	0	0	2	15	0	0	26	30	0	0	455	18	20	0	18	20	0	2	15	0	0	26	30	0	0	18	20	0	0	0	0	0	0	0	0	0	2	15	0	0	26	30	0	0	18	20	0	0	0	0	0	0	0	0	0	0	0	0	0	0	0	0	0	2	15	0	0	26	30	0	0	31	29	0	0	0	0	0	0	0	0	0	0	0	0	0	0	0	0	0	0	0	0	0	0	0	0	0	2	15	0	0	26	30	0	0
819	804	31	59	28	789	23	59	9	31	59	28	12	0	0	8	30	68	0	16	774	23	59	2	23	59	9	12	0	0	0	29	68	0	0	31	59	28	0	0	0	6	0	0	0	2	12	0	0	8	30	68	0	16	759	23	59	0	23	59	2	12	0	0	0	29	68	0	0	23	59	9	0	0	0	0	0	0	0	0	12	0	0	0	29	68	0	0	31	59	28	0	0	0	0	0	0	0	0	0	0	0	6	0	0	0	2	12	0	0	8	30	68	0	16	744	23	59	0	23	59	0	12	0	0	0	29	68	0	0	23	59	2	0	0	0	0	0	0	0	0	12	0	0	0	29	68	0	0	23	59	9	0	0	0	0	0	0	0	0	0	0	0	0	0	0	0	0	12	0	0	0	29	68	0	0	31	59	28	2	0	0	0	4	0	0	0	0	0	0	0	0	0	0	0	0	0	0	6	0	0	0	2	12	0	0	8	30	68	0	16
615	604	22	41	14	593	17	28	11	22	41	14	11	21	4	11	10	21	28	0	582	17	28	0	17	28	11	11	21	3	0	10	21	22	0	22	41	14	0	0	0	0	0	0	0	2	11	21	4	11	10	21	28	0	571	17	28	0	17	28	0	11	21	0	0	10	21	0	0	17	28	11	0	0	0	0	0	0	0	0	11	21	3	0	10	21	22	0	22	41	14	0	0	0	0	0	0	0	0	0	0	0	0	0	0	0	2	11	21	4	11	10	21	28	0	560	9	22	0	17	28	0	11	21	0	0	10	21	0	0	17	28	0	0	0	0	0	0	0	0	0	11	21	0	0	10	21	0	0	17	28	11	0	0	0	0	0	0	0	0	0	0	0	0	0	0	0	0	11	21	3	0	10	21	22	0	22	41	14	2	30	0	0	8	40	0	0	0	0	0	0	0	0	0	0	0	0	0	0	0	0	0	2	11	21	4	11	10	21	28	0
731	718	28	39	24	705	21	36	7	28	39	24	7	27	4	11	24	28	0	16	692	21	36	0	21	36	7	7	27	3	0	24	27	0	0	28	39	24	0	0	0	0	0	0	0	2	7	27	4	11	24	28	0	16	679	21	36	0	21	36	0	7	27	0	0	24	27	0	0	21	36	7	0	0	0	0	0	0	0	0	7	27	3	0	24	27	0	0	28	39	24	0	0	0	0	0	0	0	0	0	0	0	0	0	0	0	2	7	27	4	11	24	28	0	16	666	21	36	0	21	36	0	7	27	0	0	24	27	0	0	21	36	0	0	0	0	0	0	0	0	0	7	27	0	0	24	27	0	0	21	36	7	0	0	0	0	0	0	0	0	0	0	0	0	0	0	0	0	7	27	3	0	24	27	0	0	28	39	24	8	0	0	0	16	0	0	0	0	0	0	0	0	0	0	0	0	0	0	0	0	0	0	2	7	27	4	11	24	28	0	16
615	604	25	38	15	593	19	28	7	25	38	15	10	28	4	11	16	21	15	12	582	19	28	0	19	28	7	10	28	3	0	16	21	7	0	25	38	15	0	0	0	0	0	0	0	2	10	28	4	11	16	21	15	12	571	19	28	0	19	28	0	10	28	0	0	16	21	0	0	19	28	7	0	0	0	0	0	0	0	0	10	28	3	0	16	21	7	0	25	38	15	0	0	0	0	0	0	0	0	0	0	0	0	0	0	0	2	10	28	4	11	16	21	15	12	560	15	26	0	19	28	0	10	28	0	0	16	21	0	0	19	28	0	0	0	0	0	0	0	0	0	10	28	0	0	16	21	0	0	19	28	7	0	0	0	0	0	0	0	0	0	0	0	0	0	0	0	0	10	28	3	0	16	21	7	0	25	38	15	6	12	0	0	12	24	0	0	0	0	0	0	0	0	0	0	0	0	0	0	0	0	0	2	10	28	4	11	16	21	15	12
614	603	27	28	20	592	21	28	0	27	28	20	8	0	0	0	27	42	0	16	581	21	28	0	21	28	0	8	0	0	0	27	42	0	0	27	28	20	0	0	0	0	0	0	0	0	8	0	0	0	27	42	0	16	570	21	28	0	21	28	0	8	0	0	0	27	42	0	0	21	28	0	0	0	0	0	0	0	0	0	8	0	0	0	27	42	0	0	27	28	20	0	0	0	0	0	0	0	0	0	0	0	0	0	0	0	0	8	0	0	0	27	42	0	16	559	21	28	0	21	28	0	8	0	0	0	27	42	0	0	21	28	0	0	0	0	0	0	0	0	0	8	0	0	0	27	42	0	0	21	28	0	0	0	0	0	0	0	0	0	0	0	0	0	0	0	0	0	8	0	0	0	27	42	0	0	27	28	20	0	0	0	0	0	0	0	0	0	0	0	0	0	0	0	0	0	0	0	0	0	0	0	0	8	0	0	0	27	42	0	16
606	595	24	34	18	584	20	30	4	24	34	18	13	24	0	12	12	18	0	29	573	20	30	3	20	30	4	13	24	0	9	12	18	0	18	24	34	18	1	0	0	3	4	0	0	0	13	24	0	12	12	18	0	29	562	18	30	0	20	30	3	13	24	0	0	12	18	0	0	20	30	4	0	0	0	0	0	0	0	0	13	24	0	9	12	18	0	18	24	34	18	2	0	0	0	0	0	0	0	1	0	0	3	4	0	0	0	13	24	0	12	12	18	0	29	551	3	6	0	18	30	0	7	24	0	0	8	18	0	0	20	30	3	0	0	0	0	0	0	0	0	13	24	0	0	12	18	0	0	20	30	4	0	0	0	0	0	0	0	0	0	0	0	0	0	0	0	0	13	24	0	9	12	18	0	18	24	34	18	0	0	27	0	0	0	72	0	2	0	0	0	0	0	0	0	1	0	0	3	4	0	0	0	13	24	0	12	12	18	0	29
440	432	19	16	5	424	17	16	0	19	16	5	13	0	0	0	11	4	0	14	416	17	16	0	17	16	0	13	0	0	0	11	4	0	11	19	16	5	1	0	0	0	4	0	0	0	13	0	0	0	11	4	0	14	408	15	16	0	17	16	0	13	0	0	0	11	4	0	0	17	16	0	0	0	0	0	0	0	0	0	13	0	0	0	11	4	0	11	19	16	5	2	0	0	0	0	0	0	0	1	0	0	0	4	0	0	0	13	0	0	0	11	4	0	14	400	2	0	0	15	16	0	7	0	0	0	7	4	0	0	17	16	0	0	0	0	0	0	0	0	0	13	0	0	0	11	4	0	0	17	16	0	0	0	0	0	0	0	0	0	0	0	0	0	0	0	0	0	13	0	0	0	11	4	0	11	19	16	5	0	0	15	0	0	0	20	0	2	0	0	0	0	0	0	0	1	0	0	0	4	0	0	0	13	0	0	0	11	4	0	14
494	485	24	24	0	476	17	20	0	24	24	0	12	16	0	0	10	13	0	0	467	17	20	0	17	20	0	12	16	0	0	9	12	0	0	24	24	0	10	0	0	0	16	0	0	0	12	16	0	0	10	13	0	0	458	13	16	0	17	20	0	12	16	0	0	9	12	0	0	17	20	0	0	0	0	0	0	0	0	0	12	16	0	0	9	12	0	0	24	24	0	8	0	0	0	1	0	0	0	10	0	0	0	16	0	0	0	12	16	0	0	10	13	0	0	449	1	0	0	13	16	0	4	0	0	0	4	4	0	0	17	20	0	0	0	0	0	0	0	0	0	12	16	0	0	9	12	0	0	17	20	0	0	0	0	0	0	0	0	0	0	0	0	0	0	0	0	0	12	16	0	0	9	12	0	0	24	24	0	0	0	0	0	0	0	0	0	8	0	0	0	1	0	0	0	10	0	0	0	16	0	0	0	12	16	0	0	10	13	0	0
444	436	28	21	0	428	23	15	0	28	21	0	14	10	0	0	14	10	0	0	420	19	14	0	23	15	0	14	10	0	0	13	10	0	0	28	21	0	9	4	0	0	12	16	0	0	14	10	0	0	14	10	0	0	412	15	8	0	19	14	0	14	8	0	0	10	8	0	0	23	15	0	0	0	0	0	0	0	0	0	14	10	0	0	13	10	0	0	28	21	0	6	8	0	0	1	0	0	0	9	4	0	0	12	16	0	0	14	10	0	0	14	10	0	0	404	1	0	0	15	8	0	4	0	0	0	5	0	0	0	19	14	0	0	0	0	0	0	0	0	0	14	8	0	0	10	8	0	0	23	15	0	0	0	0	0	0	0	0	0	0	0	0	0	0	0	0	0	14	10	0	0	13	10	0	0	28	21	0	0	0	0	0	0	0	0	0	6	8	0	0	1	0	0	0	9	4	0	0	12	16	0	0	14	10	0	0	14	10	0	0
550	540	26	37	0	530	21	25	0	26	37	0	14	30	0	0	13	17	0	0	520	9	16	0	21	25	0	11	30	0	0	11	15	0	0	26	37	0	1	18	0	0	4	24	0	0	14	30	0	0	13	17	0	0	510	6	4	0	9	16	0	6	12	0	0	5	6	0	0	21	25	0	0	0	0	0	0	0	0	0	11	30	0	0	11	15	0	0	26	37	0	2	12	0	0	0	2	0	0	1	18	0	0	4	24	0	0	14	30	0	0	13	17	0	0	500	0	0	0	6	4	0	0	0	0	0	1	0	0	0	9	16	0	0	0	0	0	0	0	0	0	6	12	0	0	5	6	0	0	21	25	0	0	0	0	0	0	0	0	0	0	0	0	0	0	0	0	0	11	30	0	0	11	15	0	0	26	37	0	0	0	0	0	0	0	0	0	2	12	0	0	0	2	0	0	1	18	0	0	4	24	0	0	14	30	0	0	13	17	0	0
440	432	21	16	6	424	17	16	0	21	16	6	16	0	0	0	10	12	0	0	416	5	0	0	17	16	0	13	0	0	0	8	12	0	0	21	16	6	0	0	10	0	0	0	24	0	16	0	0	0	10	12	0	0	408	0	0	0	5	0	0	0	0	0	0	0	0	0	0	17	16	0	0	0	0	0	0	0	0	0	13	0	0	0	8	12	0	0	21	16	6	0	0	12	0	0	0	0	0	0	0	10	0	0	0	24	0	16	0	0	0	10	12	0	0	400	0	0	0	0	0	0	0	0	0	0	0	0	0	0	5	0	0	0	0	0	0	0	0	0	0	0	0	0	0	0	0	0	0	17	16	0	0	0	0	0	0	0	0	0	0	0	0	0	0	0	0	0	13	0	0	0	8	12	0	0	21	16	6	0	0	0	0	0	0	0	0	0	0	12	0	0	0	0	0	0	0	10	0	0	0	24	0	16	0	0	0	10	12	0	0
547	537	23	29	2	527	16	24	0	23	29	2	21	20	0	0	14	12	0	0	517	2	4	0	16	24	0	6	20	0	0	8	12	0	0	23	29	2	0	0	6	0	0	0	10	0	21	20	0	0	14	12	0	0	507	0	0	0	2	4	0	0	0	0	0	0	0	0	0	16	24	0	0	0	0	0	0	0	0	0	6	20	0	0	8	12	0	0	23	29	2	0	0	4	0	0	0	2	0	0	0	6	0	0	0	10	0	21	20	0	0	14	12	0	0	497	0	0	0	0	0	0	0	0	0	0	0	0	0	0	2	4	0	0	0	0	0	0	0	0	0	0	0	0	0	0	0	0	0	16	24	0	0	0	0	0	0	0	0	0	0	0	0	0	0	0	0	0	6	20	0	0	8	12	0	0	23	29	2	0	0	0	0	0	0	0	0	0	0	4	0	0	0	2	0	0	0	6	0	0	0	10	0	21	20	0	0	14	12	0	0
497	488	29	23	2	479	20	15	0	29	23	2	27	15	0	0	19	10	2	0	470	3	0	0	20	15	0	11	0	0	0	11	0	0	0	29	23	2	0	0	6	0	0	0	6	0	27	15	0	0	19	10	2	0	461	0	0	0	3	0	0	0	0	0	0	0	0	0	0	20	15	0	0	0	0	0	0	0	0	0	11	0	0	0	11	0	0	0	29	23	2	0	0	4	0	0	0	0	0	0	0	6	0	0	0	6	0	27	15	0	0	19	10	2	0	452	0	0	0	0	0	0	0	0	0	0	0	0	0	0	3	0	0	0	0	0	0	0	0	0	0	0	0	0	0	0	0	0	0	20	15	0	0	0	0	0	0	0	0	0	0	0	0	0	0	0	0	0	11	0	0	0	11	0	0	0	29	23	2	0	0	0	0	0	0	0	0	0	0	4	0	0	0	0	0	0	0	6	0	0	0	6	0	27	15	0	0	19	10	2	0
549	539	21	33	0	529	10	12	0	21	33	0	12	36	0	0	9	24	0	0	519	1	0	0	10	12	0	5	0	0	0	3	6	0	0	21	33	0	0	0	0	0	0	0	0	0	12	36	0	0	9	24	0	0	509	0	0	0	1	0	0	0	0	0	0	0	0	0	0	10	12	0	0	0	0	0	0	0	0	0	5	0	0	0	3	6	0	0	21	33	0	0	0	0	0	0	0	0	0	0	0	0	0	0	0	0	0	12	36	0	0	9	24	0	0	499	0	0	0	0	0	0	0	0	0	0	0	0	0	0	1	0	0	0	0	0	0	0	0	0	0	0	0	0	0	0	0	0	0	10	12	0	0	0	0	0	0	0	0	0	0	0	0	0	0	0	0	0	5	0	0	0	3	6	0	0	21	33	0	0	0	0	0	0	0	0	0	0	0	0	0	0	0	0	0	0	0	0	0	0	0	0	0	12	36	0	0	9	24	0	0
386	379	15	14	0	372	7	2	0	15	14	0	15	8	0	0	8	8	0	0	365	0	0	0	7	2	0	0	0	0	0	2	0	0	0	15	14	0	0	0	0	0	0	0	0	0	15	8	0	0	8	8	0	0	358	0	0	0	0	0	0	0	0	0	0	0	0	0	0	7	2	0	0	0	0	0	0	0	0	0	0	0	0	0	2	0	0	0	15	14	0	0	0	0	0	0	0	0	0	0	0	0	0	0	0	0	0	15	8	0	0	8	8	0	0	351	0	0	0	0	0	0	0	0	0	0	0	0	0	0	0	0	0	0	0	0	0	0	0	0	0	0	0	0	0	0	0	0	0	7	2	0	0	0	0	0	0	0	0	0	0	0	0	0	0	0	0	0	0	0	0	0	2	0	0	0	15	14	0	0	0	0	0	0	0	0	0	0	0	0	0	0	0	0	0	0	0	0	0	0	0	0	0	15	8	0	0	8	8	0	0
438	430	11	12	10	422	0	0	0	11	12	10	0	0	29	0	2	0	20	2	414	0	0	0	0	0	0	0	0	0	0	0	0	0	0	11	12	10	0	0	0	0	0	0	0	0	0	0	29	0	2	0	20	2	406	0	0	0	0	0	0	0	0	0	0	0	0	0	0	0	0	0	0	0	0	0	0	0	0	0	0	0	0	0	0	0	0	0	11	12	10	0	0	0	0	0	0	0	0	0	0	0	0	0	0	0	0	0	0	29	0	2	0	20	2	398	0	0	0	0	0	0	0	0	0	0	0	0	0	0	0	0	0	0	0	0	0	0	0	0	0	0	0	0	0	0	0	0	0	0	0	0	0	0	0	0	0	0	0	0	0	0	0	0	0	0	0	0	0	0	0	0	0	0	0	0	11	12	10	0	0	0	0	0	0	0	0	0	0	0	0	0	0	0	0	0	0	0	0	0	0	0	0	0	0	29	0	2	0	20	2
384	377	9	6	5	370	0	0	0	9	6	5	0	0	14	0	2	0	5	0	363	0	0	0	0	0	0	0	0	0	0	0	0	0	0	9	6	5	0	0	0	0	0	0	0	0	0	0	14	0	2	0	5	0	356	0	0	0	0	0	0	0	0	0	0	0	0	0	0	0	0	0	0	0	0	0	0	0	0	0	0	0	0	0	0	0	0	0	9	6	5	0	0	0	0	0	0	0	0	0	0	0	0	0	0	0	0	0	0	14	0	2	0	5	0	349	0	0	0	0	0	0	0	0	0	0	0	0	0	0	0	0	0	0	0	0	0	0	0	0	0	0	0	0	0	0	0	0	0	0	0	0	0	0	0	0	0	0	0	0	0	0	0	0	0	0	0	0	0	0	0	0	0	0	0	0	9	6	5	0	0	0	0	0	0	0	0	0	0	0	0	0	0	0	0	0	0	0	0	0	0	0	0	0	0	14	0	2	0	5	0
384	377	9	6	5	370	0	0	0	9	6	5	0	0	14	0	2	0	5	0	363	0	0	0	0	0	0	0	0	0	0	0	0	0	0	9	6	5	0	0	0	0	0	0	0	0	0	0	14	0	2	0	5	0	356	0	0	0	0	0	0	0	0	0	0	0	0	0	0	0	0	0	0	0	0	0	0	0	0	0	0	0	0	0	0	0	0	0	9	6	5	0	0	0	0	0	0	0	0	0	0	0	0	0	0	0	0	0	0	14	0	2	0	5	0	349	0	0	0	0	0	0	0	0	0	0	0	0	0	0	0	0	0	0	0	0	0	0	0	0	0	0	0	0	0	0	0	0	0	0	0	0	0	0	0	0	0	0	0	0	0	0	0	0	0	0	0	0	0	0	0	0	0	0	0	0	9	6	5	0	0	0	0	0	0	0	0	0	0	0	0	0	0	0	0	0	0	0	0	0	0	0	0	0	0	14	0	2	0	5	0
220	216	4	0	2	212	0	0	0	4	0	2	0	0	2	0	0	0	0	0	208	0	0	0	0	0	0	0	0	0	0	0	0	0	0	4	0	2	0	0	0	0	0	0	0	0	0	0	2	0	0	0	0	0	204	0	0	0	0	0	0	0	0	0	0	0	0	0	0	0	0	0	0	0	0	0	0	0	0	0	0	0	0	0	0	0	0	0	4	0	2	0	0	0	0	0	0	0	0	0	0	0	0	0	0	0	0	0	0	2	0	0	0	0	0	200	0	0	0	0	0	0	0	0	0	0	0	0	0	0	0	0	0	0	0	0	0	0	0	0	0	0	0	0	0	0	0	0	0	0	0	0	0	0	0	0	0	0	0	0	0	0	0	0	0	0	0	0	0	0	0	0	0	0	0	0	4	0	2	0	0	0	0	0	0	0	0	0	0	0	0	0	0	0	0	0	0	0	0	0	0	0	0	0	0	2	0	0	0	0	0
274	269	4	4	0	264	0	0	0	4	4	0	0	0	0	0	0	0	0	0	259	0	0	0	0	0	0	0	0	0	0	0	0	0	0	4	4	0	0	0	0	0	0	0	0	0	0	0	0	0	0	0	0	0	254	0	0	0	0	0	0	0	0	0	0	0	0	0	0	0	0	0	0	0	0	0	0	0	0	0	0	0	0	0	0	0	0	0	4	4	0	0	0	0	0	0	0	0	0	0	0	0	0	0	0	0	0	0	0	0	0	0	0	0	0	249	0	0	0	0	0	0	0	0	0	0	0	0	0	0	0	0	0	0	0	0	0	0	0	0	0	0	0	0	0	0	0	0	0	0	0	0	0	0	0	0	0	0	0	0	0	0	0	0	0	0	0	0	0	0	0	0	0	0	0	0	4	4	0	0	0	0	0	0	0	0	0	0	0	0	0	0	0	0	0	0	0	0	0	0	0	0	0	0	0	0	0	0	0	0	0
538	528	10	16	28	518	0	0	25	10	16	28	0	0	40	9	1	0	56	0	508	0	0	10	0	0	25	0	0	40	0	0	0	50	0	10	16	28	0	0	0	10	0	0	0	8	0	0	40	9	1	0	56	0	498	0	0	0	0	0	10	0	0	28	0	0	0	20	0	0	0	25	0	0	0	0	0	0	0	0	0	0	40	0	0	0	50	0	10	16	28	0	0	0	0	0	0	0	0	0	0	0	10	0	0	0	8	0	0	40	9	1	0	56	0	488	0	0	0	0	0	0	0	0	0	0	0	0	0	0	0	0	10	0	0	0	0	0	0	0	0	0	0	28	0	0	0	20	0	0	0	25	0	0	0	0	0	0	0	0	0	0	0	0	0	0	0	0	0	0	40	0	0	0	50	0	10	16	28	0	0	0	0	0	0	0	0	0	0	0	0	0	0	0	0	0	0	0	10	0	0	0	8	0	0	40	9	1	0	56	0
486	477	6	0	25	468	0	0	21	6	0	25	0	0	14	14	0	0	0	0	459	0	0	2	0	0	21	0	0	14	0	0	0	0	0	6	0	25	0	0	0	6	0	0	0	10	0	0	14	14	0	0	0	0	450	0	0	0	0	0	2	0	0	4	0	0	0	0	0	0	0	21	0	0	0	0	0	0	0	0	0	0	14	0	0	0	0	0	6	0	25	0	0	0	0	0	0	0	0	0	0	0	6	0	0	0	10	0	0	14	14	0	0	0	0	441	0	0	0	0	0	0	0	0	0	0	0	0	0	0	0	0	2	0	0	0	0	0	0	0	0	0	0	4	0	0	0	0	0	0	0	21	0	0	0	0	0	0	0	0	0	0	0	0	0	0	0	0	0	0	14	0	0	0	0	0	6	0	25	0	0	0	0	0	0	0	0	0	0	0	0	0	0	0	0	0	0	0	6	0	0	0	10	0	0	14	14	0	0	0	0
377	370	5	6	13	363	0	0	13	5	6	13	0	0	14	0	0	0	13	0	356	0	0	2	0	0	13	0	0	14	0	0	0	13	0	5	6	13	0	0	0	6	0	0	0	8	0	0	14	0	0	0	13	0	349	0	0	0	0	0	2	0	0	4	0	0	0	2	0	0	0	13	0	0	0	0	0	0	0	0	0	0	14	0	0	0	13	0	5	6	13	0	0	0	0	0	0	0	0	0	0	0	6	0	0	0	8	0	0	14	0	0	0	13	0	342	0	0	0	0	0	0	0	0	0	0	0	0	0	0	0	0	2	0	0	0	0	0	0	0	0	0	0	4	0	0	0	2	0	0	0	13	0	0	0	0	0	0	0	0	0	0	0	0	0	0	0	0	0	0	14	0	0	0	13	0	5	6	13	0	0	0	0	0	0	0	0	0	0	0	0	0	0	0	0	0	0	0	6	0	0	0	8	0	0	14	0	0	0	13	0
432	424	2	0	26	416	0	0	16	2	0	26	0	0	4	14	0	0	0	10	408	0	0	0	0	0	16	0	0	4	0	0	0	0	0	2	0	26	0	0	0	0	0	0	0	10	0	0	4	14	0	0	0	10	400	0	0	0	0	0	0	0	0	0	0	0	0	0	0	0	0	16	0	0	0	0	0	0	0	0	0	0	4	0	0	0	0	0	2	0	26	0	0	0	0	0	0	0	0	0	0	0	0	0	0	0	10	0	0	4	14	0	0	0	10	392	0	0	0	0	0	0	0	0	0	0	0	0	0	0	0	0	0	0	0	0	0	0	0	0	0	0	0	0	0	0	0	0	0	0	0	16	0	0	0	0	0	0	0	0	0	0	0	0	0	0	0	0	0	0	4	0	0	0	0	0	2	0	26	0	0	0	0	0	0	0	0	0	0	0	0	0	0	0	0	0	0	0	0	0	0	0	10	0	0	4	14	0	0	0	10
540	530	1	0	44	520	0	0	14	1	0	44	0	0	4	22	0	0	0	20	510	0	0	0	0	0	14	0	0	4	0	0	0	0	0	1	0	44	0	0	0	0	0	0	0	4	0	0	4	22	0	0	0	20	500	0	0	0	0	0	0	0	0	0	0	0	0	0	0	0	0	14	0	0	0	0	0	0	0	0	0	0	4	0	0	0	0	0	1	0	44	0	0	0	0	0	0	0	0	0	0	0	0	0	0	0	4	0	0	4	22	0	0	0	20	490	0	0	0	0	0	0	0	0	0	0	0	0	0	0	0	0	0	0	0	0	0	0	0	0	0	0	0	0	0	0	0	0	0	0	0	14	0	0	0	0	0	0	0	0	0	0	0	0	0	0	0	0	0	0	4	0	0	0	0	0	1	0	44	0	0	0	0	0	0	0	0	0	0	0	0	0	0	0	0	0	0	0	0	0	0	0	4	0	0	4	22	0	0	0	20
422	414	8	12	29	406	0	0	29	8	12	29	0	0	54	0	1	0	58	0	398	0	0	29	0	0	29	0	0	54	0	0	0	58	0	8	12	29	0	0	0	0	0	0	0	0	0	0	54	0	1	0	58	0	390	0	0	29	0	0	29	0	0	54	0	0	0	58	0	0	0	29	0	0	0	0	0	0	0	0	0	0	54	0	0	0	58	0	8	12	29	0	0	0	0	0	0	0	0	0	0	0	0	0	0	0	0	0	0	54	0	1	0	58	0	382	0	0	20	0	0	29	0	0	54	0	0	0	58	0	0	0	29	0	0	0	0	0	0	0	0	0	0	54	0	0	0	58	0	0	0	29	0	0	0	0	0	0	0	0	0	0	0	0	0	0	0	0	0	0	54	0	0	0	58	0	8	12	29	0	0	0	16	0	0	0	18	0	0	0	0	0	0	0	0	0	0	0	0	0	0	0	0	0	0	54	0	1	0	58	0
476	467	6	8	29	458	0	0	28	6	8	29	0	0	27	4	0	0	29	0	449	0	0	28	0	0	28	0	0	27	4	0	0	28	0	6	8	29	0	0	0	0	0	0	0	0	0	0	27	4	0	0	29	0	440	0	0	28	0	0	28	0	0	27	4	0	0	28	0	0	0	28	0	0	0	0	0	0	0	0	0	0	27	4	0	0	28	0	6	8	29	0	0	0	0	0	0	0	0	0	0	0	0	0	0	0	0	0	0	27	4	0	0	29	0	431	0	0	11	0	0	28	0	0	27	0	0	0	28	0	0	0	28	0	0	0	0	0	0	0	0	0	0	27	4	0	0	28	0	0	0	28	0	0	0	0	0	0	0	0	0	0	0	0	0	0	0	0	0	0	27	4	0	0	28	0	6	8	29	0	0	0	16	0	0	0	23	0	0	0	0	0	0	0	0	0	0	0	0	0	0	0	0	0	0	27	4	0	0	29	0
424	416	5	0	22	408	0	0	21	5	0	22	0	0	13	4	0	0	0	0	400	0	0	21	0	0	21	0	0	13	4	0	0	0	0	5	0	22	0	0	0	0	0	0	0	0	0	0	13	4	0	0	0	0	392	0	0	21	0	0	21	0	0	13	4	0	0	0	0	0	0	21	0	0	0	0	0	0	0	0	0	0	13	4	0	0	0	0	5	0	22	0	0	0	0	0	0	0	0	0	0	0	0	0	0	0	0	0	0	13	4	0	0	0	0	384	0	0	5	0	0	21	0	0	13	0	0	0	0	0	0	0	21	0	0	0	0	0	0	0	0	0	0	13	4	0	0	0	0	0	0	21	0	0	0	0	0	0	0	0	0	0	0	0	0	0	0	0	0	0	13	4	0	0	0	0	5	0	22	0	0	0	10	0	0	0	23	0	0	0	0	0	0	0	0	0	0	0	0	0	0	0	0	0	0	13	4	0	0	0	0
530	520	2	0	46	510	0	0	28	2	0	46	0	0	6	44	0	0	0	28	500	0	0	28	0	0	28	0	0	6	44	0	0	0	25	2	0	46	0	0	0	0	0	0	0	0	0	0	6	44	0	0	0	28	490	0	0	20	0	0	28	0	0	6	14	0	0	0	10	0	0	28	0	0	0	0	0	0	0	0	0	0	6	44	0	0	0	25	2	0	46	0	0	0	10	0	0	0	2	0	0	0	0	0	0	0	0	0	0	6	44	0	0	0	28	480	0	0	0	0	0	20	0	0	6	0	0	0	0	0	0	0	28	0	0	0	0	0	0	0	0	0	0	6	14	0	0	0	10	0	0	28	0	0	0	0	0	0	0	0	0	0	0	0	0	0	0	0	0	0	6	44	0	0	0	25	2	0	46	0	0	0	0	0	0	0	23	0	0	0	10	0	0	0	2	0	0	0	0	0	0	0	0	0	0	6	44	0	0	0	28
424	416	0	0	37	408	0	0	18	0	0	37	0	0	0	24	0	0	0	41	400	0	0	18	0	0	18	0	0	0	24	0	0	0	38	0	0	37	0	0	0	0	0	0	0	0	0	0	0	24	0	0	0	41	392	0	0	14	0	0	18	0	0	0	14	0	0	0	12	0	0	18	0	0	0	0	0	0	0	0	0	0	0	24	0	0	0	38	0	0	37	0	0	0	10	0	0	0	0	0	0	0	0	0	0	0	0	0	0	0	24	0	0	0	41	384	0	0	0	0	0	14	0	0	0	0	0	0	0	0	0	0	18	0	0	0	0	0	0	0	0	0	0	0	14	0	0	0	12	0	0	18	0	0	0	0	0	0	0	0	0	0	0	0	0	0	0	0	0	0	0	24	0	0	0	38	0	0	37	0	0	0	0	0	0	0	5	0	0	0	10	0	0	0	0	0	0	0	0	0	0	0	0	0	0	0	24	0	0	0	41
524	513	18	38	29	502	9	24	29	18	38	29	2	16	5	0	18	34	58	0	491	9	24	29	9	24	29	2	16	5	0	14	32	58	0	18	38	29	0	0	0	0	0	0	0	0	2	16	5	0	18	34	58	0	480	9	24	29	9	24	29	2	16	5	0	14	32	58	0	9	24	29	0	0	0	0	0	0	0	0	2	16	5	0	14	32	58	0	18	38	29	0	0	0	0	0	0	0	0	0	0	0	0	0	0	0	0	2	16	5	0	18	34	58	0	469	9	24	29	9	24	29	2	16	5	0	14	32	58	0	9	24	29	0	0	0	0	0	0	0	0	2	16	5	0	14	32	58	0	9	24	29	0	0	0	0	0	0	0	0	0	0	0	0	0	0	0	0	2	16	5	0	14	32	58	0	18	38	29	0	0	0	0	0	0	0	0	0	0	0	0	0	0	0	0	0	0	0	0	0	0	0	0	2	16	5	0	18	34	58	0
541	530	15	26	31	519	6	18	30	15	26	31	2	0	5	9	13	27	31	0	508	6	18	30	6	18	30	2	0	5	9	9	27	30	0	15	26	31	0	0	0	0	0	0	0	0	2	0	5	9	13	27	31	0	497	6	18	30	6	18	30	2	0	5	9	9	27	30	0	6	18	30	0	0	0	0	0	0	0	0	2	0	5	9	9	27	30	0	15	26	31	0	0	0	0	0	0	0	0	0	0	0	0	0	0	0	0	2	0	5	9	13	27	31	0	486	6	18	30	6	18	30	2	0	5	9	9	27	30	0	6	18	30	0	0	0	0	0	0	0	0	2	0	5	9	9	27	30	0	6	18	30	0	0	0	0	0	0	0	0	0	0	0	0	0	0	0	0	2	0	5	9	9	27	30	0	15	26	31	0	0	0	0	0	0	0	0	0	0	0	0	0	0	0	0	0	0	0	0	0	0	0	0	2	0	5	9	13	27	31	0
502	492	21	27	21	482	15	9	21	21	27	21	5	0	5	0	24	18	63	0	472	15	9	21	15	9	21	5	0	5	0	21	18	63	0	21	27	21	0	0	0	0	0	0	0	0	5	0	5	0	24	18	63	0	462	15	9	21	15	9	21	5	0	5	0	21	18	63	0	15	9	21	0	0	0	0	0	0	0	0	5	0	5	0	21	18	63	0	21	27	21	0	0	0	0	0	0	0	0	0	0	0	0	0	0	0	0	5	0	5	0	24	18	63	0	452	15	9	21	15	9	21	5	0	5	0	21	18	63	0	15	9	21	0	0	0	0	0	0	0	0	5	0	5	0	21	18	63	0	15	9	21	0	0	0	0	0	0	0	0	0	0	0	0	0	0	0	0	5	0	5	0	21	18	63	0	21	27	21	0	0	0	0	0	0	0	0	0	0	0	0	0	0	0	0	0	0	0	0	0	0	0	0	5	0	5	0	24	18	63	0
416	408	8	0	41	400	4	0	32	8	0	41	0	0	0	23	6	0	0	29	392	4	0	32	4	0	32	0	0	0	23	6	0	0	29	8	0	41	0	0	0	0	0	0	0	0	0	0	0	23	6	0	0	29	384	4	0	32	4	0	32	0	0	0	23	6	0	0	29	4	0	32	0	0	0	0	0	0	0	0	0	0	0	23	6	0	0	29	8	0	41	0	0	0	0	0	0	0	0	0	0	0	0	0	0	0	0	0	0	0	23	6	0	0	29	376	4	0	32	4	0	32	0	0	0	23	6	0	0	29	4	0	32	0	0	0	0	0	0	0	0	0	0	0	23	6	0	0	29	4	0	32	0	0	0	0	0	0	0	0	0	0	0	0	0	0	0	0	0	0	0	23	6	0	0	29	8	0	41	0	0	0	0	0	0	0	0	0	0	0	0	0	0	0	0	0	0	0	0	0	0	0	0	0	0	0	23	6	0	0	29
468	459	4	0	62	450	3	0	38	4	0	62	0	0	0	68	4	0	0	58	441	3	0	38	3	0	38	0	0	0	68	4	0	0	57	4	0	62	0	0	0	0	0	0	0	0	0	0	0	68	4	0	0	58	432	3	0	38	3	0	38	0	0	0	68	4	0	0	57	3	0	38	0	0	0	0	0	0	0	0	0	0	0	68	4	0	0	57	4	0	62	0	0	0	0	0	0	0	0	0	0	0	0	0	0	0	0	0	0	0	68	4	0	0	58	423	3	0	38	3	0	38	0	0	0	68	4	0	0	57	3	0	38	0	0	0	0	0	0	0	0	0	0	0	68	4	0	0	57	3	0	38	0	0	0	0	0	0	0	0	0	0	0	0	0	0	0	0	0	0	0	68	4	0	0	57	4	0	62	0	0	0	0	0	0	0	0	0	0	0	0	0	0	0	0	0	0	0	0	0	0	0	0	0	0	0	68	4	0	0	58
343	336	16	6	28	329	14	6	5	16	6	28	5	0	0	15	23	12	0	81	322	14	6	5	14	6	5	5	0	0	15	20	12	0	80	16	6	28	0	0	0	0	0	0	0	0	5	0	0	15	23	12	0	81	315	14	6	5	14	6	5	5	0	0	15	20	12	0	80	14	6	5	0	0	0	0	0	0	0	0	5	0	0	15	20	12	0	80	16	6	28	0	0	0	0	0	0	0	0	0	0	0	0	0	0	0	0	5	0	0	15	23	12	0	81	308	14	6	5	14	6	5	5	0	0	15	20	12	0	80	14	6	5	0	0	0	0	0	0	0	0	5	0	0	15	20	12	0	80	14	6	5	0	0	0	0	0	0	0	0	0	0	0	0	0	0	0	0	5	0	0	15	20	12	0	80	16	6	28	0	0	0	0	0	0	0	0	0	0	0	0	0	0	0	0	0	0	0	0	0	0	0	0	5	0	0	15	23	12	0	81
433	423	39	29	12	413	30	27	0	39	29	12	23	12	0	0	32	42	0	50	403	30	27	0	30	27	0	23	12	0	0	29	39	0	50	39	29	12	2	0	0	0	2	0	0	0	23	12	0	0	32	42	0	50	393	30	27	0	30	27	0	23	12	0	0	29	39	0	50	30	27	0	2	0	0	0	2	0	0	0	23	12	0	0	29	39	0	50	39	29	12	0	0	0	0	0	0	0	0	2	0	0	0	2	0	0	0	23	12	0	0	32	42	0	50	383	30	27	0	30	27	0	23	12	0	0	29	39	0	50	30	27	0	2	0	0	0	2	0	0	0	23	12	0	0	29	39	0	50	30	27	0	0	0	0	0	0	0	0	0	2	0	0	0	2	0	0	0	23	12	0	0	29	39	0	50	39	29	12	0	0	0	0	0	0	0	0	0	0	0	0	0	0	0	0	2	0	0	0	2	0	0	0	23	12	0	0	32	42	0	50
362	353	36	25	6	344	28	24	0	36	25	6	22	5	0	0	26	31	0	21	335	28	24	0	28	24	0	22	5	0	0	26	31	0	21	36	25	6	2	0	0	0	2	0	0	0	22	5	0	0	26	31	0	21	326	28	24	0	28	24	0	22	5	0	0	26	31	0	21	28	24	0	2	0	0	0	2	0	0	0	22	5	0	0	26	31	0	21	36	25	6	0	0	0	0	0	0	0	0	2	0	0	0	2	0	0	0	22	5	0	0	26	31	0	21	317	28	24	0	28	24	0	22	5	0	0	26	31	0	21	28	24	0	2	0	0	0	2	0	0	0	22	5	0	0	26	31	0	21	28	24	0	0	0	0	0	0	0	0	0	2	0	0	0	2	0	0	0	22	5	0	0	26	31	0	21	36	25	6	0	0	0	0	1	0	0	0	0	0	0	0	0	0	0	0	2	0	0	0	2	0	0	0	22	5	0	0	26	31	0	21
416	403	47	64	0	390	39	54	0	47	64	0	34	43	0	0	37	36	0	0	377	39	54	0	39	54	0	34	43	0	0	37	36	0	0	47	64	0	5	0	0	0	8	0	0	0	34	43	0	0	37	36	0	0	364	39	54	0	39	54	0	34	43	0	0	37	36	0	0	39	54	0	5	0	0	0	8	0	0	0	34	43	0	0	37	36	0	0	47	64	0	0	0	0	0	0	0	0	0	5	0	0	0	8	0	0	0	34	43	0	0	37	36	0	0	351	39	54	0	39	54	0	34	43	0	0	37	36	0	0	39	54	0	5	0	0	0	8	0	0	0	34	43	0	0	37	36	0	0	39	54	0	0	0	0	0	0	0	0	0	5	0	0	0	8	0	0	0	34	43	0	0	37	36	0	0	47	64	0	0	0	0	0	4	0	0	0	0	0	0	0	0	0	0	0	5	0	0	0	8	0	0	0	34	43	0	0	37	36	0	0
536	520	69	106	0	504	58	87	0	69	106	0	48	116	0	0	53	90	0	0	488	56	85	0	58	87	0	42	110	0	0	52	85	0	0	69	106	0	7	20	0	0	13	20	0	0	48	116	0	0	53	90	0	0	472	56	85	0	56	85	0	42	110	0	0	52	85	0	0	58	87	0	7	20	0	0	13	20	0	0	42	110	0	0	52	85	0	0	69	106	0	0	0	0	0	0	0	0	0	7	20	0	0	13	20	0	0	48	116	0	0	53	90	0	0	456	56	85	0	56	85	0	42	110	0	0	52	85	0	0	56	85	0	7	20	0	0	13	20	0	0	42	110	0	0	52	85	0	0	58	87	0	0	0	0	0	0	0	0	0	7	20	0	0	13	20	0	0	42	110	0	0	52	85	0	0	69	106	0	0	0	0	0	5	0	0	0	0	0	0	0	0	0	0	0	7	20	0	0	13	20	0	0	48	116	0	0	53	90	0	0
429	415	80	76	6	401	72	64	0	80	76	6	63	93	0	0	78	57	0	0	387	70	61	0	72	64	0	57	84	0	0	77	53	0	0	80	76	6	16	21	0	0	19	14	0	0	63	93	0	0	78	57	0	0	373	70	61	0	70	61	0	57	84	0	0	77	53	0	0	72	64	0	16	21	0	0	19	14	0	0	57	84	0	0	77	53	0	0	80	76	6	11	0	0	0	2	0	0	0	16	21	0	0	19	14	0	0	63	93	0	0	78	57	0	0	359	70	61	0	70	61	0	57	84	0	0	77	53	0	0	70	61	0	16	21	0	0	19	14	0	0	57	84	0	0	77	53	0	0	72	64	0	11	0	0	0	2	0	0	0	16	21	0	0	19	14	0	0	57	84	0	0	77	53	0	0	80	76	6	0	0	0	0	10	0	0	0	11	0	0	0	2	0	0	0	16	21	0	0	19	14	0	0	63	93	0	0	78	57	0	0
497	481	101	101	3	465	88	87	0	100	101	3	82	114	0	0	111	93	0	0	449	83	83	0	87	87	0	70	106	0	0	103	86	0	0	100	101	3	17	36	0	0	28	18	0	0	82	114	0	0	111	93	0	0	433	82	83	0	82	83	0	67	106	0	0	95	84	0	0	87	87	0	15	36	0	0	27	18	0	0	70	106	0	0	103	86	0	0	100	101	3	11	0	0	0	2	0	0	0	17	36	0	0	28	18	0	0	82	114	0	0	111	93	0	0	417	82	83	0	81	83	0	67	106	0	0	94	84	0	0	82	83	0	15	36	0	0	27	18	0	0	67	106	0	0	95	84	0	0	87	87	0	11	0	0	0	2	0	0	0	15	36	0	0	27	18	0	0	70	106	0	0	103	86	0	0	100	101	3	0	0	0	0	23	0	0	0	11	0	0	0	2	0	0	0	17	36	0	0	28	18	0	0	82	114	0	0	111	93	0	0
551	532	145	150	0	513	121	142	0	143	150	0	111	44	0	0	200	209	0	0	494	116	137	0	119	142	0	99	44	0	0	161	203	0	0	141	150	0	34	60	0	0	50	24	0	0	111	44	0	0	200	209	0	0	475	113	127	0	114	137	0	96	44	0	0	153	196	0	0	117	142	0	24	50	0	0	42	20	0	0	99	44	0	0	161	203	0	0	141	150	0	21	100	0	0	5	20	0	0	34	60	0	0	50	24	0	0	111	44	0	0	200	209	0	0	456	111	127	0	111	127	0	96	44	0	0	152	182	0	0	112	137	0	24	50	0	0	42	20	0	0	96	44	0	0	153	196	0	0	117	142	0	21	100	0	0	5	20	0	0	24	50	0	0	42	20	0	0	99	44	0	0	161	203	0	0	141	150	0	23	0	0	0	42	18	0	0	21	100	0	0	5	20	0	0	34	60	0	0	50	24	0	0	111	44	0	0	200	209	0	0
695	676	163	154	0	657	134	129	0	159	154	0	99	143	0	0	224	205	0	0	638	132	118	0	130	129	0	94	119	0	0	175	163	0	0	159	154	0	33	6	0	0	43	14	0	0	99	143	0	0	224	205	0	0	619	132	115	0	128	118	0	94	110	0	0	172	137	0	0	130	129	0	33	0	0	0	41	9	0	0	94	119	0	0	175	163	0	0	159	154	0	39	0	0	0	11	0	0	0	33	6	0	0	43	14	0	0	99	143	0	0	224	205	0	0	600	132	115	0	128	115	0	94	110	0	0	172	134	0	0	128	118	0	33	0	0	0	40	9	0	0	94	110	0	0	172	137	0	0	130	129	0	39	0	0	0	10	0	0	0	33	0	0	0	41	9	0	0	94	119	0	0	175	163	0	0	159	154	0	36	0	0	0	61	0	0	0	39	0	0	0	11	0	0	0	33	6	0	0	43	14	0	0	99	143	0	0	224	205	0	0
461	445	144	111	0	429	119	98	0	141	111	0	98	66	0	0	205	170	0	0	413	111	97	0	116	98	0	80	66	0	0	157	155	0	0	136	111	0	30	14	0	0	37	51	0	0	98	66	0	0	202	170	0	0	397	110	97	0	108	97	0	77	66	0	0	141	153	0	0	111	98	0	28	14	0	0	33	48	0	0	80	66	0	0	154	155	0	0	136	111	0	48	0	0	0	12	0	0	0	30	14	0	0	37	51	0	0	98	66	0	0	202	170	0	0	381	107	97	0	107	97	0	77	66	0	0	140	153	0	0	103	97	0	28	14	0	0	30	46	0	0	77	66	0	0	138	153	0	0	111	98	0	45	0	0	0	10	0	0	0	28	14	0	0	33	48	0	0	80	66	0	0	154	155	0	0	136	111	0	41	0	0	0	58	24	0	0	48	0	0	0	12	0	0	0	30	14	0	0	37	51	0	0	98	66	0	0	202	170	0	0
571	556	129	83	5	541	102	62	0	126	83	5	79	33	9	0	187	67	15	0	526	99	62	0	99	62	0	71	33	0	0	127	31	0	0	126	83	5	20	0	3	0	24	9	0	0	79	33	9	0	187	67	15	0	511	99	62	0	96	62	0	71	33	0	0	123	31	0	0	99	62	0	20	0	0	0	24	9	0	0	71	33	0	0	127	31	0	0	126	83	5	16	0	0	0	6	0	0	0	20	0	3	0	24	9	0	0	79	33	9	0	187	67	15	0	496	99	62	0	96	62	0	71	33	0	0	123	31	0	0	96	62	0	20	0	0	0	23	9	0	0	71	33	0	0	123	31	0	0	99	62	0	16	0	0	0	6	0	0	0	20	0	0	0	24	9	0	0	71	33	0	0	127	31	0	0	126	83	5	22	0	0	0	36	0	0	0	16	0	0	0	6	0	0	0	20	0	3	0	24	9	0	0	79	33	9	0	187	67	15	0
847	825	148	209	5	803	112	171	0	146	209	5	68	199	9	0	202	244	20	0	781	110	161	0	110	171	0	64	170	0	0	139	174	0	0	146	209	5	18	56	3	0	38	12	5	0	68	199	9	0	202	244	20	0	759	110	159	0	108	161	0	64	168	0	0	136	155	0	0	110	171	0	18	50	0	0	35	10	0	0	64	170	0	0	139	174	0	0	146	209	5	23	20	0	0	16	0	0	0	18	56	3	0	38	12	5	0	68	199	9	0	202	244	20	0	737	107	157	0	108	159	0	64	168	0	0	136	151	0	0	108	161	0	18	50	0	0	34	10	0	0	64	168	0	0	136	155	0	0	110	171	0	23	20	0	0	13	0	0	0	18	50	0	0	35	10	0	0	64	170	0	0	139	174	0	0	146	209	5	49	32	0	0	49	57	0	0	23	20	0	0	16	0	0	0	18	56	3	0	38	12	5	0	68	199	9	0	202	244	20	0
575	560	118	93	0	545	82	75	0	118	93	0	58	72	0	0	167	159	0	0	530	78	69	0	82	75	0	49	60	0	0	94	110	0	0	118	93	0	13	36	0	0	18	23	0	0	58	72	0	0	167	159	0	0	515	78	68	0	78	69	0	49	60	0	0	85	98	0	0	82	75	0	13	36	0	0	14	21	0	0	49	60	0	0	94	110	0	0	118	93	0	22	13	0	0	8	0	0	0	13	36	0	0	18	23	0	0	58	72	0	0	167	159	0	0	500	77	68	0	78	68	0	49	60	0	0	85	97	0	0	78	69	0	13	36	0	0	12	18	0	0	49	60	0	0	85	98	0	0	82	75	0	22	13	0	0	6	0	0	0	13	36	0	0	14	21	0	0	49	60	0	0	94	110	0	0	118	93	0	56	0	0	0	33	13	0	0	22	13	0	0	8	0	0	0	13	36	0	0	18	23	0	0	58	72	0	0	167	159	0	0
557	543	95	78	0	529	65	60	0	93	78	0	53	18	0	0	135	96	0	0	515	62	58	0	63	60	0	46	18	0	0	75	56	0	0	93	78	0	13	16	0	0	14	17	0	0	53	18	0	0	135	96	0	0	501	62	57	0	60	58	0	46	16	0	0	68	52	0	0	63	60	0	13	16	0	0	14	17	0	0	46	18	0	0	75	56	0	0	93	78	0	12	8	0	0	6	0	0	0	13	16	0	0	14	17	0	0	53	18	0	0	135	96	0	0	487	62	57	0	60	57	0	46	16	0	0	68	52	0	0	60	58	0	13	16	0	0	13	16	0	0	46	16	0	0	68	52	0	0	63	60	0	12	8	0	0	6	0	0	0	13	16	0	0	14	17	0	0	46	18	0	0	75	56	0	0	93	78	0	13	0	0	0	24	0	0	0	12	8	0	0	6	0	0	0	13	16	0	0	14	17	0	0	53	18	0	0	135	96	0	0
568	554	73	74	0	540	42	53	0	72	74	0	26	48	0	0	124	110	0	0	526	41	53	0	41	53	0	24	48	0	0	58	61	0	0	72	74	0	10	0	0	0	14	8	0	0	26	48	0	0	124	110	0	0	512	41	53	0	40	53	0	24	48	0	0	54	61	0	0	41	53	0	10	0	0	0	13	8	0	0	24	48	0	0	58	61	0	0	72	74	0	7	0	0	0	7	0	0	0	10	0	0	0	14	8	0	0	26	48	0	0	124	110	0	0	498	41	53	0	40	53	0	24	48	0	0	54	61	0	0	40	53	0	10	0	0	0	13	8	0	0	24	48	0	0	54	61	0	0	41	53	0	7	0	0	0	7	0	0	0	10	0	0	0	13	8	0	0	24	48	0	0	58	61	0	0	72	74	0	4	0	0	0	15	0	0	0	7	0	0	0	7	0	0	0	10	0	0	0	14	8	0	0	26	48	0	0	124	110	0	0
496	484	84	30	23	473	67	21	3	83	19	23	50	0	10	6	124	9	23	10	462	67	21	0	66	10	3	50	0	3	0	86	0	3	0	83	19	23	12	0	0	0	18	0	0	0	50	0	10	6	124	9	23	10	451	67	21	0	66	10	0	50	0	0	0	86	0	0	0	66	10	3	12	0	0	0	17	0	0	0	50	0	3	0	86	0	3	0	83	19	23	12	0	0	0	11	0	0	0	12	0	0	0	18	0	0	0	50	0	10	6	124	9	23	10	440	67	21	0	66	10	0	50	0	0	0	86	0	0	0	66	10	0	12	0	0	0	17	0	0	0	50	0	0	0	86	0	0	0	66	10	3	12	0	0	0	10	0	0	0	12	0	0	0	17	0	0	0	50	0	3	0	86	0	3	0	83	19	23	10	0	0	0	20	0	0	0	12	0	0	0	11	0	0	0	12	0	0	0	18	0	0	0	50	0	10	6	124	9	23	10
651	636	108	59	27	621	86	39	3	106	59	27	68	0	10	6	161	78	54	10	606	86	39	0	84	39	3	68	0	3	0	113	48	6	0	106	59	27	20	0	0	0	27	0	0	0	68	0	10	6	161	78	54	10	591	86	39	0	84	39	0	68	0	0	0	113	48	0	0	84	39	3	20	0	0	0	23	0	0	0	68	0	3	0	113	48	6	0	106	59	27	15	0	0	0	20	0	0	0	20	0	0	0	27	0	0	0	68	0	10	6	161	78	54	10	576	86	39	0	84	39	0	68	0	0	0	113	48	0	0	84	39	0	20	0	0	0	23	0	0	0	68	0	0	0	113	48	0	0	84	39	3	15	0	0	0	13	0	0	0	20	0	0	0	23	0	0	0	68	0	3	0	113	48	6	0	106	59	27	32	0	0	0	25	0	0	0	15	0	0	0	20	0	0	0	20	0	0	0	27	0	0	0	68	0	10	6	161	78	54	10
589	576	98	53	8	563	68	23	3	97	53	8	52	0	5	6	167	137	40	0	550	66	23	0	67	23	3	44	0	3	0	117	47	15	0	97	53	8	12	0	0	0	24	18	0	0	52	0	5	6	167	137	40	0	537	65	23	0	65	23	0	43	0	0	0	114	47	0	0	67	23	3	9	0	0	0	24	12	0	0	44	0	3	0	117	47	15	0	97	53	8	30	0	0	0	37	12	0	0	12	0	0	0	24	18	0	0	52	0	5	6	167	137	40	0	524	60	22	0	64	23	0	43	0	0	0	114	47	0	0	65	23	0	8	0	0	0	22	12	0	0	43	0	0	0	114	47	0	0	67	23	3	12	0	0	0	15	12	0	0	9	0	0	0	24	12	0	0	44	0	3	0	117	47	15	0	97	53	8	10	11	0	0	12	30	0	0	30	0	0	0	37	12	0	0	12	0	0	0	24	18	0	0	52	0	5	6	167	137	40	0
760	742	115	112	22	724	83	79	0	114	112	22	69	76	5	0	182	225	66	10	706	80	77	0	82	79	0	58	72	0	0	120	159	0	0	114	112	22	32	24	0	0	27	41	0	0	69	76	5	0	182	225	66	10	688	77	75	0	79	77	0	53	72	0	0	111	156	0	0	82	79	0	21	24	0	0	22	37	0	0	58	72	0	0	120	159	0	0	114	112	22	27	30	0	0	26	41	0	0	32	24	0	0	27	41	0	0	69	76	5	0	182	225	66	10	670	73	73	0	76	75	0	51	72	0	0	106	156	0	0	79	77	0	19	24	0	0	22	36	0	0	53	72	0	0	111	156	0	0	82	79	0	14	26	0	0	13	37	0	0	21	24	0	0	22	37	0	0	58	72	0	0	120	159	0	0	114	112	22	31	26	0	0	20	40	0	0	27	30	0	0	26	41	0	0	32	24	0	0	27	41	0	0	69	76	5	0	182	225	66	10
677	661	99	90	12	645	69	59	0	98	90	12	60	33	5	0	172	162	48	5	629	66	59	0	68	59	0	49	33	0	0	115	88	0	0	98	90	12	28	0	0	0	21	34	0	0	60	33	5	0	172	162	48	5	613	63	56	0	65	59	0	44	33	0	0	106	88	0	0	68	59	0	17	0	0	0	19	33	0	0	49	33	0	0	115	88	0	0	98	90	12	29	36	0	0	29	34	0	0	28	0	0	0	21	34	0	0	60	33	5	0	172	162	48	5	597	58	55	0	62	56	0	42	33	0	0	101	88	0	0	65	59	0	15	0	0	0	19	33	0	0	44	33	0	0	106	88	0	0	68	59	0	12	33	0	0	13	33	0	0	17	0	0	0	19	33	0	0	49	33	0	0	115	88	0	0	98	90	12	12	11	0	0	15	39	0	0	29	36	0	0	29	34	0	0	28	0	0	0	21	34	0	0	60	33	5	0	172	162	48	5
779	760	115	115	58	741	84	100	10	114	115	58	77	59	0	35	180	236	58	92	722	80	97	3	83	100	10	61	58	0	9	135	206	10	9	114	115	58	27	40	0	6	32	43	0	5	77	59	0	35	180	236	58	92	703	76	93	0	79	97	3	56	55	0	0	125	197	3	0	83	100	10	14	39	0	0	23	40	0	0	61	58	0	9	135	206	10	9	114	115	58	32	56	0	0	38	54	0	0	27	40	0	6	32	43	0	5	77	59	0	35	180	236	58	92	684	70	89	0	75	93	0	54	52	0	0	120	190	0	0	79	97	3	11	37	0	0	21	39	0	0	56	55	0	0	125	197	3	0	83	100	10	10	53	0	0	14	40	0	0	14	39	0	0	23	40	0	0	61	58	0	9	135	206	10	9	114	115	58	29	53	0	0	11	14	0	0	32	56	0	0	38	54	0	0	27	40	0	6	32	43	0	5	77	59	0	35	180	236	58	92
621	606	93	76	32	591	64	57	0	93	76	32	54	34	0	0	160	170	64	69	576	60	55	0	64	57	0	38	33	0	0	115	139	0	6	93	76	32	26	22	0	0	31	34	0	0	54	34	0	0	160	170	64	69	561	53	53	0	60	55	0	33	32	0	0	105	134	0	0	64	57	0	10	21	0	0	20	31	0	0	38	33	0	0	115	139	0	6	93	76	32	32	23	0	0	35	66	0	0	26	22	0	0	31	34	0	0	54	34	0	0	160	170	64	69	546	47	51	0	53	53	0	31	31	0	0	97	132	0	0	60	55	0	7	20	0	0	18	30	0	0	33	32	0	0	105	134	0	0	64	57	0	10	21	0	0	14	31	0	0	10	21	0	0	20	31	0	0	38	33	0	0	115	139	0	6	93	76	32	29	21	0	0	7	11	0	0	32	23	0	0	35	66	0	0	26	22	0	0	31	34	0	0	54	34	0	0	160	170	64	69
724	707	93	109	22	690	62	87	0	93	109	22	58	14	0	0	166	230	66	42	673	57	86	0	62	87	0	39	14	0	0	125	199	0	3	93	109	22	28	15	0	0	30	53	0	0	58	14	0	0	166	230	66	42	656	49	76	0	57	86	0	34	14	0	0	115	197	0	0	62	87	0	11	14	0	0	20	52	0	0	39	14	0	0	125	199	0	3	93	109	22	24	77	0	0	33	78	0	0	28	15	0	0	30	53	0	0	58	14	0	0	166	230	66	42	639	46	54	0	49	76	0	32	14	0	0	104	186	0	0	57	86	0	8	14	0	0	18	52	0	0	34	14	0	0	115	197	0	0	62	87	0	11	14	0	0	15	42	0	0	11	14	0	0	20	52	0	0	39	14	0	0	125	199	0	3	93	109	22	10	13	0	0	7	14	66	0	24	77	0	0	33	78	0	0	28	15	0	0	30	53	0	0	58	14	0	0	166	230	66	42
686	670	81	95	13	654	54	65	0	81	95	13	29	66	0	0	139	150	52	20	638	52	65	0	54	65	0	21	66	0	0	110	118	0	3	81	95	13	14	0	0	0	33	10	0	0	29	66	0	0	139	150	52	20	622	47	61	0	52	65	0	21	66	0	0	109	118	0	0	54	65	0	8	0	0	0	22	10	0	0	21	66	0	0	110	118	0	3	81	95	13	24	24	0	0	32	30	0	0	14	0	0	0	33	10	0	0	29	66	0	0	139	150	52	20	606	43	55	0	47	61	0	21	66	0	0	103	106	0	0	52	65	0	7	0	0	0	20	10	0	0	21	66	0	0	109	118	0	0	54	65	0	10	0	0	0	15	0	0	0	8	0	0	0	22	10	0	0	21	66	0	0	110	118	0	3	81	95	13	9	0	0	0	7	0	13	0	24	24	0	0	32	30	0	0	14	0	0	0	33	10	0	0	29	66	0	0	139	150	52	20
703	686	84	114	6	669	53	80	0	84	114	6	28	77	0	0	136	207	30	8	652	50	74	0	53	80	0	23	52	0	0	104	165	0	3	84	114	6	17	10	0	0	30	31	6	0	28	77	0	0	136	207	30	8	635	43	69	0	50	74	0	23	52	0	0	104	157	0	0	53	80	0	7	5	0	0	15	21	0	0	23	52	0	0	104	165	0	3	84	114	6	20	25	0	0	27	35	0	0	17	10	0	0	30	31	6	0	28	77	0	0	136	207	30	8	618	39	64	0	43	69	0	23	52	0	0	98	142	0	0	50	74	0	7	0	0	0	15	10	0	0	23	52	0	0	104	157	0	0	53	80	0	7	0	0	0	12	0	0	0	7	5	0	0	15	21	0	0	23	52	0	0	104	165	0	3	84	114	6	8	0	0	0	7	0	6	0	20	25	0	0	27	35	0	0	17	10	0	0	30	31	6	0	28	77	0	0	136	207	30	8
637	622	76	68	37	607	58	48	0	76	68	37	44	25	5	0	133	139	74	131	592	52	45	0	58	48	0	30	24	0	0	108	98	0	10	76	68	37	19	30	0	0	26	57	0	0	44	25	5	0	133	139	74	131	577	40	36	0	52	45	0	29	24	0	0	106	96	0	3	58	48	0	7	12	0	0	14	12	0	0	30	24	0	0	108	98	0	10	76	68	37	7	0	32	0	9	12	37	0	19	30	0	0	26	57	0	0	44	25	5	0	133	139	74	131	562	40	36	0	40	36	0	29	24	0	0	91	96	0	0	52	45	0	7	12	0	0	14	12	0	0	29	24	0	0	106	96	0	3	58	48	0	7	0	0	0	9	12	0	0	7	12	0	0	14	12	0	0	30	24	0	0	108	98	0	10	76	68	37	7	0	0	0	3	0	0	0	7	0	32	0	9	12	37	0	19	30	0	0	26	57	0	0	44	25	5	0	133	139	74	131
578	565	60	47	26	552	46	39	0	60	47	26	28	0	5	0	109	71	26	73	539	43	36	0	46	39	0	23	0	0	0	92	63	0	0	60	47	26	12	24	0	0	26	25	0	0	28	0	5	0	109	71	26	73	526	34	12	0	43	36	0	23	0	0	0	92	60	0	0	46	39	0	4	0	0	0	11	9	0	0	23	0	0	0	92	63	0	0	60	47	26	3	0	32	0	8	0	78	0	12	24	0	0	26	25	0	0	28	0	5	0	109	71	26	73	513	34	12	0	34	12	0	23	0	0	0	80	36	0	0	43	36	0	4	0	0	0	11	8	0	0	23	0	0	0	92	60	0	0	46	39	0	3	0	0	0	8	0	0	0	4	0	0	0	11	9	0	0	23	0	0	0	92	63	0	0	60	47	26	3	0	0	0	5	0	0	0	3	0	32	0	8	0	78	0	12	24	0	0	26	25	0	0	28	0	5	0	109	71	26	73
552	539	59	55	18	526	41	44	0	59	55	18	21	36	5	0	93	94	18	41	513	38	43	0	41	44	0	16	36	0	0	75	87	0	0	59	55	18	12	7	0	0	23	22	0	0	21	36	5	0	93	94	18	41	500	27	36	0	38	43	0	16	36	0	0	75	84	0	0	41	44	0	2	0	0	0	8	8	0	0	16	36	0	0	75	87	0	0	59	55	18	1	0	32	0	5	0	18	0	12	7	0	0	23	22	0	0	21	36	5	0	93	94	18	41	487	27	36	0	27	36	0	16	36	0	0	63	63	0	0	38	43	0	2	0	0	0	8	7	0	0	16	36	0	0	75	84	0	0	41	44	0	1	0	0	0	5	0	0	0	2	0	0	0	8	8	0	0	16	36	0	0	75	87	0	0	59	55	18	1	0	0	0	4	0	0	0	1	0	32	0	5	0	18	0	12	7	0	0	23	22	0	0	21	36	5	0	93	94	18	41
350	342	45	13	11	334	33	7	0	45	13	11	21	0	5	0	70	34	11	19	326	31	7	0	33	7	0	19	0	0	0	57	28	0	0	45	13	11	12	0	0	0	20	12	0	0	21	0	5	0	70	34	11	19	318	22	7	0	31	7	0	19	0	0	0	57	28	0	0	33	7	0	1	0	0	0	5	0	0	0	19	0	0	0	57	28	0	0	45	13	11	0	0	11	0	1	0	0	0	12	0	0	0	20	12	0	0	21	0	5	0	70	34	11	19	310	22	7	0	22	7	0	19	0	0	0	45	28	0	0	31	7	0	1	0	0	0	5	0	0	0	19	0	0	0	57	28	0	0	33	7	0	0	0	0	0	1	0	0	0	1	0	0	0	5	0	0	0	19	0	0	0	57	28	0	0	45	13	11	0	0	0	0	0	0	0	0	0	0	11	0	1	0	0	0	12	0	0	0	20	12	0	0	21	0	5	0	70	34	11	19
406	397	40	24	5	388	31	14	0	40	24	5	21	0	5	0	68	15	10	6	379	27	10	0	31	14	0	15	0	0	0	55	0	0	0	40	24	5	8	20	0	0	17	20	0	0	21	0	5	0	68	15	10	6	370	21	0	0	27	10	0	15	0	0	0	55	0	0	0	31	14	0	1	0	0	0	4	0	0	0	15	0	0	0	55	0	0	0	40	24	5	0	0	5	0	1	0	10	0	8	20	0	0	17	20	0	0	21	0	5	0	68	15	10	6	361	21	0	0	21	0	0	15	0	0	0	46	0	0	0	27	10	0	1	0	0	0	4	0	0	0	15	0	0	0	55	0	0	0	31	14	0	0	0	0	0	1	0	0	0	1	0	0	0	4	0	0	0	15	0	0	0	55	0	0	0	40	24	5	0	0	0	0	0	0	0	0	0	0	5	0	1	0	10	0	8	20	0	0	17	20	0	0	21	0	5	0	68	15	10	6
607	592	50	73	45	577	34	60	5	50	73	45	29	49	0	25	68	121	45	97	562	21	44	0	34	60	5	16	33	0	0	56	99	5	0	50	73	45	2	0	60	0	4	0	90	6	29	49	0	25	68	121	45	97	547	21	44	0	21	44	0	16	33	0	0	47	99	0	0	34	60	5	2	0	5	0	4	0	10	0	16	33	0	0	56	99	5	0	50	73	45	0	0	0	0	1	0	0	0	2	0	60	0	4	0	90	6	29	49	0	25	68	121	45	97	532	21	44	0	21	44	0	16	33	0	0	47	99	0	0	21	44	0	2	0	0	0	1	0	0	0	16	33	0	0	47	99	0	0	34	60	5	0	0	0	0	1	0	0	0	2	0	5	0	4	0	10	0	16	33	0	0	56	99	5	0	50	73	45	0	0	0	0	0	0	0	0	0	0	0	0	1	0	0	0	2	0	60	0	4	0	90	6	29	49	0	25	68	121	45	97
606	591	44	88	9	576	18	60	0	44	88	9	14	91	0	0	63	130	27	37	561	13	44	0	18	60	0	8	44	0	0	31	110	0	0	44	88	9	1	11	9	0	1	0	27	0	14	91	0	0	63	130	27	37	546	13	44	0	13	44	0	8	44	0	0	31	110	0	0	18	60	0	1	11	0	0	1	0	0	0	8	44	0	0	31	110	0	0	44	88	9	0	0	0	0	1	0	0	0	1	11	9	0	1	0	27	0	14	91	0	0	63	130	27	37	531	13	44	0	13	44	0	8	44	0	0	31	110	0	0	13	44	0	1	11	0	0	1	0	0	0	8	44	0	0	31	110	0	0	18	60	0	0	0	0	0	1	0	0	0	1	11	0	0	1	0	0	0	8	44	0	0	31	110	0	0	44	88	9	0	0	0	0	0	0	0	0	0	0	0	0	1	0	0	0	1	11	9	0	1	0	27	0	14	91	0	0	63	130	27	37
443	432	34	46	5	421	17	32	0	34	46	5	19	32	0	0	41	52	10	5	410	10	24	0	17	32	0	8	16	0	0	26	40	0	0	34	46	5	1	0	10	0	0	0	10	0	19	32	0	0	41	52	10	5	399	10	24	0	10	24	0	8	16	0	0	26	40	0	0	17	32	0	1	0	0	0	0	0	0	0	8	16	0	0	26	40	0	0	34	46	5	0	0	0	0	0	0	0	0	1	0	10	0	0	0	10	0	19	32	0	0	41	52	10	5	388	10	24	0	10	24	0	8	16	0	0	26	40	0	0	10	24	0	1	0	0	0	0	0	0	0	8	16	0	0	26	40	0	0	17	32	0	0	0	0	0	0	0	0	0	1	0	0	0	0	0	0	0	8	16	0	0	26	40	0	0	34	46	5	0	0	0	0	0	0	0	0	0	0	0	0	0	0	0	0	1	0	10	0	0	0	10	0	19	32	0	0	41	52	10	5
416	406	33	32	0	396	13	16	0	33	32	0	19	8	0	0	42	67	0	0	386	8	16	0	13	16	0	6	8	0	0	17	56	0	0	33	32	0	1	0	0	0	0	0	0	0	19	8	0	0	42	67	0	0	376	8	16	0	8	16	0	6	8	0	0	17	56	0	0	13	16	0	1	0	0	0	0	0	0	0	6	8	0	0	17	56	0	0	33	32	0	0	0	0	0	0	0	0	0	1	0	0	0	0	0	0	0	19	8	0	0	42	67	0	0	366	8	16	0	8	16	0	6	8	0	0	17	56	0	0	8	16	0	1	0	0	0	0	0	0	0	6	8	0	0	17	56	0	0	13	16	0	0	0	0	0	0	0	0	0	1	0	0	0	0	0	0	0	6	8	0	0	17	56	0	0	33	32	0	0	0	0	0	0	0	0	0	0	0	0	0	0	0	0	0	1	0	0	0	0	0	0	0	19	8	0	0	42	67	0	0
340	332	22	17	0	324	9	7	0	22	17	0	14	0	0	0	25	20	0	0	316	6	7	0	9	7	0	5	0	0	0	17	14	0	0	22	17	0	1	0	0	0	0	0	0	0	14	0	0	0	25	20	0	0	308	6	7	0	6	7	0	5	0	0	0	17	14	0	0	9	7	0	1	0	0	0	0	0	0	0	5	0	0	0	17	14	0	0	22	17	0	0	0	0	0	0	0	0	0	1	0	0	0	0	0	0	0	14	0	0	0	25	20	0	0	300	6	7	0	6	7	0	5	0	0	0	17	14	0	0	6	7	0	1	0	0	0	0	0	0	0	5	0	0	0	17	14	0	0	9	7	0	0	0	0	0	0	0	0	0	1	0	0	0	0	0	0	0	5	0	0	0	17	14	0	0	22	17	0	0	0	0	0	0	0	0	0	0	0	0	0	0	0	0	0	1	0	0	0	0	0	0	0	14	0	0	0	25	20	0	0
438	428	22	16	22	418	14	0	0	22	16	22	10	0	39	0	33	0	44	59	408	14	0	0	14	0	0	10	0	0	0	33	0	0	5	22	16	22	1	0	0	0	0	0	0	0	10	0	39	0	33	0	44	59	398	14	0	0	14	0	0	10	0	0	0	33	0	0	0	14	0	0	1	0	0	0	0	0	0	0	10	0	0	0	33	0	0	5	22	16	22	0	0	0	0	0	0	0	0	1	0	0	0	0	0	0	0	10	0	39	0	33	0	44	59	388	14	0	0	14	0	0	10	0	0	0	33	0	0	0	14	0	0	1	0	0	0	0	0	0	0	10	0	0	0	33	0	0	0	14	0	0	0	0	0	0	0	0	0	0	1	0	0	0	0	0	0	0	10	0	0	0	33	0	0	5	22	16	22	0	0	0	0	0	0	0	0	0	0	0	0	0	0	0	0	1	0	0	0	0	0	0	0	10	0	39	0	33	0	44	59
351	343	17	7	14	335	10	0	0	17	7	14	7	0	23	0	24	0	14	14	327	10	0	0	10	0	0	7	0	0	0	24	0	0	0	17	7	14	1	0	0	0	0	0	0	0	7	0	23	0	24	0	14	14	319	10	0	0	10	0	0	7	0	0	0	24	0	0	0	10	0	0	1	0	0	0	0	0	0	0	7	0	0	0	24	0	0	0	17	7	14	0	0	0	0	0	0	0	0	1	0	0	0	0	0	0	0	7	0	23	0	24	0	14	14	311	10	0	0	10	0	0	7	0	0	0	24	0	0	0	10	0	0	1	0	0	0	0	0	0	0	7	0	0	0	24	0	0	0	10	0	0	0	0	0	0	0	0	0	0	1	0	0	0	0	0	0	0	7	0	0	0	24	0	0	0	17	7	14	0	0	0	0	0	0	0	0	0	0	0	0	0	0	0	0	1	0	0	0	0	0	0	0	7	0	23	0	24	0	14	14
308	301	13	0	10	294	7	0	0	13	0	10	5	0	15	0	19	0	0	9	287	7	0	0	7	0	0	5	0	0	0	19	0	0	0	13	0	10	1	0	0	0	0	0	0	0	5	0	15	0	19	0	0	9	280	7	0	0	7	0	0	5	0	0	0	19	0	0	0	7	0	0	1	0	0	0	0	0	0	0	5	0	0	0	19	0	0	0	13	0	10	0	0	0	0	0	0	0	0	1	0	0	0	0	0	0	0	5	0	15	0	19	0	0	9	273	7	0	0	7	0	0	5	0	0	0	19	0	0	0	7	0	0	1	0	0	0	0	0	0	0	5	0	0	0	19	0	0	0	7	0	0	0	0	0	0	0	0	0	0	1	0	0	0	0	0	0	0	5	0	0	0	19	0	0	0	13	0	10	0	0	0	0	0	0	0	0	0	0	0	0	0	0	0	0	1	0	0	0	0	0	0	0	5	0	15	0	19	0	0	9
176	172	3	0	5	168	3	0	0	3	0	5	1	0	0	0	9	0	0	0	164	3	0	0	3	0	0	1	0	0	0	9	0	0	0	3	0	5	0	0	0	0	0	0	0	0	1	0	0	0	9	0	0	0	160	3	0	0	3	0	0	1	0	0	0	9	0	0	0	3	0	0	0	0	0	0	0	0	0	0	1	0	0	0	9	0	0	0	3	0	5	0	0	0	0	0	0	0	0	0	0	0	0	0	0	0	0	1	0	0	0	9	0	0	0	156	3	0	0	3	0	0	1	0	0	0	9	0	0	0	3	0	0	0	0	0	0	0	0	0	0	1	0	0	0	9	0	0	0	3	0	0	0	0	0	0	0	0	0	0	0	0	0	0	0	0	0	0	1	0	0	0	9	0	0	0	3	0	5	0	0	0	0	0	0	0	0	0	0	0	0	0	0	0	0	0	0	0	0	0	0	0	0	1	0	0	0	9	0	0	0
264	258	6	0	5	252	3	0	0	6	0	5	1	0	0	0	9	0	0	0	246	3	0	0	3	0	0	1	0	0	0	9	0	0	0	6	0	5	0	0	0	0	0	0	0	0	1	0	0	0	9	0	0	0	240	3	0	0	3	0	0	1	0	0	0	9	0	0	0	3	0	0	0	0	0	0	0	0	0	0	1	0	0	0	9	0	0	0	6	0	5	0	0	0	0	0	0	0	0	0	0	0	0	0	0	0	0	1	0	0	0	9	0	0	0	234	3	0	0	3	0	0	1	0	0	0	9	0	0	0	3	0	0	0	0	0	0	0	0	0	0	1	0	0	0	9	0	0	0	3	0	0	0	0	0	0	0	0	0	0	0	0	0	0	0	0	0	0	1	0	0	0	9	0	0	0	6	0	5	0	0	0	0	0	0	0	0	0	0	0	0	0	0	0	0	0	0	0	0	0	0	0	0	1	0	0	0	9	0	0	0
473	462	26	0	68	451	23	0	54	26	0	68	15	0	0	31	61	0	0	22	440	22	0	32	23	0	54	12	0	0	0	56	0	0	0	26	0	68	3	0	0	36	4	0	0	59	15	0	0	31	61	0	0	22	429	22	0	7	22	0	32	12	0	0	0	56	0	0	0	23	0	54	3	0	0	0	4	0	0	5	12	0	0	0	56	0	0	0	26	0	68	1	0	0	21	5	0	0	68	3	0	0	36	4	0	0	59	15	0	0	31	61	0	0	22	418	22	0	0	22	0	7	12	0	0	0	56	0	0	0	22	0	32	3	0	0	0	4	0	0	0	12	0	0	0	56	0	0	0	23	0	54	1	0	0	0	5	0	0	0	3	0	0	0	4	0	0	5	12	0	0	0	56	0	0	0	26	0	68	1	0	0	0	4	0	0	22	1	0	0	21	5	0	0	68	3	0	0	36	4	0	0	59	15	0	0	31	61	0	0	22
301	294	19	0	27	287	14	0	24	19	0	27	10	0	0	15	42	0	0	0	280	12	0	18	14	0	24	5	0	0	0	34	0	0	0	19	0	27	2	0	0	8	3	0	0	9	10	0	0	15	42	0	0	0	273	12	0	7	12	0	18	5	0	0	0	34	0	0	0	14	0	24	2	0	0	0	3	0	0	0	5	0	0	0	34	0	0	0	19	0	27	1	0	0	21	5	0	0	26	2	0	0	8	3	0	0	9	10	0	0	15	42	0	0	0	266	12	0	0	12	0	7	5	0	0	0	34	0	0	0	12	0	18	2	0	0	0	3	0	0	0	5	0	0	0	34	0	0	0	14	0	24	1	0	0	0	5	0	0	0	2	0	0	0	3	0	0	0	5	0	0	0	34	0	0	0	19	0	27	1	0	0	0	5	0	0	22	1	0	0	21	5	0	0	26	2	0	0	8	3	0	0	9	10	0	0	15	42	0	0	0
619	604	46	71	48	589	30	44	48	46	71	48	24	24	0	0	72	148	144	0	574	29	36	45	30	44	48	22	0	0	0	68	108	144	0	46	71	48	9	0	0	25	5	0	48	0	24	24	0	0	72	148	144	0	559	28	36	18	29	36	45	22	0	0	0	68	108	135	0	30	44	48	9	0	0	5	5	0	48	0	22	0	0	0	68	108	144	0	46	71	48	5	0	0	70	13	11	0	44	9	0	0	25	5	0	48	0	24	24	0	0	72	148	144	0	544	25	36	0	28	36	18	21	0	0	0	64	108	54	0	29	36	45	9	0	0	0	5	0	45	0	22	0	0	0	68	108	135	0	30	44	48	1	0	0	0	4	8	0	0	9	0	0	5	5	0	48	0	22	0	0	0	68	108	144	0	46	71	48	3	0	0	0	7	27	0	41	5	0	0	70	13	11	0	44	9	0	0	25	5	0	48	0	24	24	0	0	72	148	144	0
344	336	11	0	45	328	11	0	24	11	0	45	9	0	0	31	24	0	0	36	320	11	0	5	11	0	24	9	0	0	0	24	0	0	0	11	0	45	1	0	0	10	0	0	0	59	9	0	0	31	24	0	0	36	312	11	0	0	11	0	5	9	0	0	0	24	0	0	0	11	0	24	1	0	0	0	0	0	0	5	9	0	0	0	24	0	0	0	11	0	45	0	0	0	0	0	0	0	5	1	0	0	10	0	0	0	59	9	0	0	31	24	0	0	36	304	11	0	0	11	0	0	9	0	0	0	24	0	0	0	11	0	5	1	0	0	0	0	0	0	0	9	0	0	0	24	0	0	0	11	0	24	0	0	0	0	0	0	0	0	1	0	0	0	0	0	0	5	9	0	0	0	24	0	0	0	11	0	45	0	0	0	0	0	0	0	0	0	0	0	0	0	0	0	5	1	0	0	10	0	0	0	59	9	0	0	31	24	0	0	36
211	206	13	8	0	201	7	2	0	13	8	0	4	4	0	0	24	6	0	0	196	6	0	0	7	2	0	1	0	0	0	19	0	0	0	13	8	0	0	0	0	0	1	0	0	0	4	4	0	0	24	6	0	0	191	5	0	0	6	0	0	1	0	0	0	19	0	0	0	7	2	0	0	0	0	0	1	0	0	0	1	0	0	0	19	0	0	0	13	8	0	0	0	0	0	6	4	0	0	0	0	0	0	1	0	0	0	4	4	0	0	24	6	0	0	186	4	0	0	5	0	0	0	0	0	0	15	0	0	0	6	0	0	0	0	0	0	1	0	0	0	1	0	0	0	19	0	0	0	7	2	0	0	0	0	0	1	2	0	0	0	0	0	0	1	0	0	0	1	0	0	0	19	0	0	0	13	8	0	0	0	0	0	6	4	0	0	0	0	0	0	6	4	0	0	0	0	0	0	1	0	0	0	4	4	0	0	24	6	0	0
209	204	14	4	10	199	7	0	0	14	4	10	1	0	10	0	23	0	10	48	194	7	0	0	7	0	0	1	0	0	0	23	0	0	48	14	4	10	0	0	0	0	2	0	0	0	1	0	10	0	23	0	10	48	189	6	0	0	7	0	0	1	0	0	0	23	0	0	45	7	0	0	0	0	0	0	2	0	0	0	1	0	0	0	23	0	0	48	14	4	10	3	0	0	0	14	4	0	0	0	0	0	0	2	0	0	0	1	0	10	0	23	0	10	48	184	4	0	0	6	0	0	0	0	0	0	19	0	0	18	7	0	0	0	0	0	0	2	0	0	0	1	0	0	0	23	0	0	45	7	0	0	0	0	0	0	0	0	0	0	0	0	0	0	2	0	0	0	1	0	0	0	23	0	0	48	14	4	10	0	0	0	0	6	4	0	0	3	0	0	0	14	4	0	0	0	0	0	0	2	0	0	0	1	0	10	0	23	0	10	48
370	361	37	20	10	352	23	8	0	37	20	10	15	0	10	0	66	32	20	48	343	23	8	0	23	8	0	15	0	0	0	65	32	0	48	37	20	10	14	0	0	0	5	0	0	0	15	0	10	0	66	32	20	48	334	19	8	0	23	8	0	15	0	0	0	65	32	0	45	23	8	0	14	0	0	0	5	0	0	0	15	0	0	0	65	32	0	48	37	20	10	11	0	0	0	19	24	0	0	14	0	0	0	5	0	0	0	15	0	10	0	66	32	20	48	325	12	8	0	19	8	0	11	0	0	0	51	32	0	18	23	8	0	14	0	0	0	5	0	0	0	15	0	0	0	65	32	0	45	23	8	0	0	0	0	0	0	0	0	0	14	0	0	0	5	0	0	0	15	0	0	0	65	32	0	48	37	20	10	4	0	0	0	9	12	0	0	11	0	0	0	19	24	0	0	14	0	0	0	5	0	0	0	15	0	10	0	66	32	20	48
507	494	45	64	8	481	19	50	0	45	64	8	13	44	8	0	61	139	16	48	468	18	42	0	19	50	0	9	36	0	0	52	126	0	48	45	64	8	6	48	0	0	4	6	0	0	13	44	8	0	61	139	16	48	455	14	38	0	18	42	0	9	36	0	0	51	108	0	45	19	50	0	6	48	0	0	4	6	0	0	9	36	0	0	52	126	0	48	45	64	8	7	16	0	0	17	16	0	0	6	48	0	0	4	6	0	0	13	44	8	0	61	139	16	48	442	9	28	0	14	38	0	5	32	0	0	37	94	0	18	18	42	0	6	48	0	0	4	6	0	0	9	36	0	0	51	108	0	45	19	50	0	0	0	0	0	0	0	0	0	6	48	0	0	4	6	0	0	9	36	0	0	52	126	0	48	45	64	8	2	8	0	0	7	8	16	0	7	16	0	0	17	16	0	0	6	48	0	0	4	6	0	0	13	44	8	0	61	139	16	48
329	321	36	19	0	313	25	7	0	36	19	0	19	0	0	0	70	28	0	0	305	24	7	0	25	7	0	15	0	0	0	67	28	0	0	36	19	0	14	0	0	0	5	7	0	0	19	0	0	0	70	28	0	0	297	16	4	0	24	7	0	15	0	0	0	66	28	0	0	25	7	0	14	0	0	0	5	7	0	0	15	0	0	0	67	28	0	0	36	19	0	8	12	0	0	13	32	0	0	14	0	0	0	5	7	0	0	19	0	0	0	70	28	0	0	289	10	0	0	16	4	0	11	0	0	0	42	16	0	0	24	7	0	14	0	0	0	5	7	0	0	15	0	0	0	66	28	0	0	25	7	0	0	0	0	0	0	0	0	0	14	0	0	0	5	7	0	0	15	0	0	0	67	28	0	0	36	19	0	4	0	0	0	7	8	0	0	8	12	0	0	13	32	0	0	14	0	0	0	5	7	0	0	19	0	0	0	70	28	0	0
429	418	40	47	0	407	17	36	0	40	47	0	14	31	0	0	54	105	0	0	396	16	30	0	17	36	0	10	25	0	0	45	94	0	0	40	47	0	8	30	0	0	4	5	0	0	14	31	0	0	54	105	0	0	385	12	26	0	16	30	0	10	25	0	0	44	80	0	0	17	36	0	8	30	0	0	4	5	0	0	10	25	0	0	45	94	0	0	40	47	0	7	12	0	0	16	12	0	0	8	30	0	0	4	5	0	0	14	31	0	0	54	105	0	0	374	7	18	0	12	26	0	6	21	0	0	30	66	0	0	16	30	0	8	30	0	0	4	5	0	0	10	25	0	0	44	80	0	0	17	36	0	0	0	0	0	0	0	0	0	8	30	0	0	4	5	0	0	10	25	0	0	45	94	0	0	40	47	0	2	6	0	0	6	6	0	0	7	12	0	0	16	12	0	0	8	30	0	0	4	5	0	0	14	31	0	0	54	105	0	0
444	433	33	19	36	422	27	18	10	33	19	36	18	9	0	28	80	56	0	28	411	26	18	0	27	18	10	14	9	0	0	74	54	0	0	33	19	36	14	0	0	0	5	9	0	48	18	9	0	28	80	56	0	28	400	14	9	0	26	18	0	14	9	0	0	73	54	0	0	27	18	10	14	0	0	0	5	9	0	48	14	9	0	0	74	54	0	0	33	19	36	0	0	18	0	0	0	36	0	14	0	0	0	5	9	0	48	18	9	0	28	80	56	0	28	389	11	0	0	14	9	0	7	0	0	0	35	18	0	0	26	18	0	14	0	0	0	5	9	0	45	14	9	0	0	73	54	0	0	27	18	10	0	0	0	0	0	0	10	0	14	0	0	0	5	9	0	48	14	9	0	0	74	54	0	0	33	19	36	0	0	7	0	0	0	36	0	0	0	18	0	0	0	36	0	14	0	0	0	5	9	0	48	18	9	0	28	80	56	0	28
438	427	41	31	17	416	28	28	0	41	31	17	21	21	0	0	79	90	0	18	405	27	28	0	28	28	0	17	21	0	0	69	84	0	0	41	31	17	19	0	0	0	9	7	0	0	21	21	0	0	79	90	0	18	394	12	7	0	27	28	0	17	21	0	0	68	84	0	0	28	28	0	14	0	0	0	6	7	0	0	17	21	0	0	69	84	0	0	41	31	17	1	0	18	0	1	0	51	0	19	0	0	0	9	7	0	0	21	21	0	0	79	90	0	18	383	8	0	0	12	7	0	7	0	0	0	26	14	0	0	27	28	0	14	0	0	0	6	7	0	0	17	21	0	0	68	84	0	0	28	28	0	0	0	0	0	0	0	0	0	14	0	0	0	6	7	0	0	17	21	0	0	69	84	0	0	41	31	17	0	0	7	0	0	0	17	0	1	0	18	0	1	0	51	0	19	0	0	0	9	7	0	0	21	21	0	0	79	90	0	18
357	348	32	20	4	339	18	20	0	32	20	4	19	0	0	0	51	50	0	0	330	16	20	0	18	20	0	12	0	0	0	38	50	0	0	32	20	4	14	0	0	0	13	5	0	0	19	0	0	0	51	50	0	0	321	3	0	0	16	20	0	9	0	0	0	35	50	0	0	18	20	0	0	0	0	0	4	5	0	0	12	0	0	0	38	50	0	0	32	20	4	1	0	4	0	2	0	16	0	14	0	0	0	13	5	0	0	19	0	0	0	51	50	0	0	312	0	0	0	3	0	0	0	0	0	0	4	0	0	0	16	20	0	0	0	0	0	4	5	0	0	9	0	0	0	35	50	0	0	18	20	0	0	0	0	0	0	0	0	0	0	0	0	0	4	5	0	0	12	0	0	0	38	50	0	0	32	20	4	0	0	0	0	0	0	0	0	1	0	4	0	2	0	16	0	14	0	0	0	13	5	0	0	19	0	0	0	51	50	0	0
390	380	30	32	0	370	17	24	0	30	32	0	16	20	0	0	44	40	0	0	360	12	19	0	17	24	0	9	20	0	0	31	40	0	0	30	32	0	9	15	0	0	8	13	0	0	16	20	0	0	44	40	0	0	350	1	3	0	12	19	0	3	15	0	0	25	30	0	0	17	24	0	0	0	0	0	2	4	0	0	9	20	0	0	31	40	0	0	30	32	0	0	3	0	0	1	3	0	0	9	15	0	0	8	13	0	0	16	20	0	0	44	40	0	0	340	0	0	0	1	3	0	0	0	0	0	2	0	0	0	12	19	0	0	0	0	0	2	3	0	0	3	15	0	0	25	30	0	0	17	24	0	0	0	0	0	0	0	0	0	0	0	0	0	2	4	0	0	9	20	0	0	31	40	0	0	30	32	0	0	0	0	0	0	0	0	0	0	3	0	0	1	3	0	0	9	15	0	0	8	13	0	0	16	20	0	0	44	40	0	0
355	346	29	29	0	337	17	17	0	29	29	0	16	21	0	0	32	40	0	0	328	11	6	0	17	17	0	8	6	0	0	23	19	0	0	29	29	0	5	18	0	0	5	12	0	0	16	21	0	0	32	40	0	0	319	1	0	0	11	6	0	5	0	0	0	20	6	0	0	17	17	0	0	0	0	0	2	0	0	0	8	6	0	0	23	19	0	0	29	29	0	1	0	0	0	1	2	0	0	5	18	0	0	5	12	0	0	16	21	0	0	32	40	0	0	310	0	0	0	1	0	0	0	0	0	0	0	0	0	0	11	6	0	0	0	0	0	2	0	0	0	5	0	0	0	20	6	0	0	17	17	0	0	0	0	0	0	0	0	0	0	0	0	0	2	0	0	0	8	6	0	0	23	19	0	0	29	29	0	0	0	0	0	0	0	0	0	1	0	0	0	1	2	0	0	5	18	0	0	5	12	0	0	16	21	0	0	32	40	0	0
351	342	26	23	9	333	16	20	4	26	23	9	20	15	2	0	30	15	0	0	324	3	5	4	16	20	4	9	15	0	0	19	15	0	0	26	23	9	0	0	29	0	1	0	27	0	20	15	2	0	30	15	0	0	315	0	0	4	3	5	4	0	0	0	0	0	0	0	0	16	20	4	0	0	8	0	1	0	12	0	9	15	0	0	19	15	0	0	26	23	9	0	0	11	0	0	0	9	0	0	0	29	0	1	0	27	0	20	15	2	0	30	15	0	0	306	0	0	4	0	0	4	0	0	0	0	0	0	0	0	3	5	4	0	0	8	0	0	0	12	0	0	0	0	0	0	0	0	0	16	20	4	0	0	8	0	0	0	4	0	0	0	8	0	1	0	12	0	9	15	0	0	19	15	0	0	26	23	9	0	0	0	0	0	0	0	0	0	0	11	0	0	0	9	0	0	0	29	0	1	0	27	0	20	15	2	0	30	15	0	0
314	306	22	20	2	298	9	8	0	22	20	2	15	16	2	0	16	12	4	0	290	1	0	0	9	8	0	3	0	0	0	6	0	0	0	22	20	2	0	0	6	0	0	0	4	0	15	16	2	0	16	12	4	0	282	0	0	0	1	0	0	0	0	0	0	0	0	0	0	9	8	0	0	0	0	0	0	0	0	0	3	0	0	0	6	0	0	0	22	20	2	0	0	0	0	0	0	0	0	0	0	6	0	0	0	4	0	15	16	2	0	16	12	4	0	274	0	0	0	0	0	0	0	0	0	0	0	0	0	0	1	0	0	0	0	0	0	0	0	0	0	0	0	0	0	0	0	0	0	9	8	0	0	0	0	0	0	0	0	0	0	0	0	0	0	0	0	0	3	0	0	0	6	0	0	0	22	20	2	0	0	0	0	0	0	0	0	0	0	0	0	0	0	0	0	0	0	6	0	0	0	4	0	15	16	2	0	16	12	4	0
394	384	26	29	2	374	10	5	0	26	29	2	15	20	2	0	17	20	8	0	364	1	0	0	10	5	0	3	0	0	0	6	0	0	0	26	29	2	0	0	6	0	0	0	2	0	15	20	2	0	17	20	8	0	354	0	0	0	1	0	0	0	0	0	0	0	0	0	0	10	5	0	0	0	0	0	0	0	0	0	3	0	0	0	6	0	0	0	26	29	2	0	0	0	0	0	0	0	0	0	0	6	0	0	0	2	0	15	20	2	0	17	20	8	0	344	0	0	0	0	0	0	0	0	0	0	0	0	0	0	1	0	0	0	0	0	0	0	0	0	0	0	0	0	0	0	0	0	0	10	5	0	0	0	0	0	0	0	0	0	0	0	0	0	0	0	0	0	3	0	0	0	6	0	0	0	26	29	2	0	0	0	0	0	0	0	0	0	0	0	0	0	0	0	0	0	0	6	0	0	0	2	0	15	20	2	0	17	20	8	0
353	344	17	23	0	335	3	3	0	17	23	0	8	15	0	0	9	12	0	0	326	0	0	0	3	3	0	0	0	0	0	0	0	0	0	17	23	0	0	0	0	0	0	0	0	0	8	15	0	0	9	12	0	0	317	0	0	0	0	0	0	0	0	0	0	0	0	0	0	3	3	0	0	0	0	0	0	0	0	0	0	0	0	0	0	0	0	0	17	23	0	0	0	0	0	0	0	0	0	0	0	0	0	0	0	0	0	8	15	0	0	9	12	0	0	308	0	0	0	0	0	0	0	0	0	0	0	0	0	0	0	0	0	0	0	0	0	0	0	0	0	0	0	0	0	0	0	0	0	3	3	0	0	0	0	0	0	0	0	0	0	0	0	0	0	0	0	0	0	0	0	0	0	0	0	0	17	23	0	0	0	0	0	0	0	0	0	0	0	0	0	0	0	0	0	0	0	0	0	0	0	0	0	8	15	0	0	9	12	0	0
236	230	13	8	0	224	2	0	0	13	8	0	9	0	0	0	8	4	0	0	218	0	0	0	2	0	0	0	0	0	0	0	0	0	0	13	8	0	0	0	0	0	0	0	0	0	9	0	0	0	8	4	0	0	212	0	0	0	0	0	0	0	0	0	0	0	0	0	0	2	0	0	0	0	0	0	0	0	0	0	0	0	0	0	0	0	0	0	13	8	0	0	0	0	0	0	0	0	0	0	0	0	0	0	0	0	0	9	0	0	0	8	4	0	0	206	0	0	0	0	0	0	0	0	0	0	0	0	0	0	0	0	0	0	0	0	0	0	0	0	0	0	0	0	0	0	0	0	0	2	0	0	0	0	0	0	0	0	0	0	0	0	0	0	0	0	0	0	0	0	0	0	0	0	0	0	13	8	0	0	0	0	0	0	0	0	0	0	0	0	0	0	0	0	0	0	0	0	0	0	0	0	0	9	0	0	0	8	4	0	0
310	302	8	12	17	294	0	0	2	8	12	17	0	0	31	6	3	0	34	4	286	0	0	0	0	0	2	0	0	6	0	0	0	4	0	8	12	17	0	0	0	0	0	0	0	0	0	0	31	6	3	0	34	4	278	0	0	0	0	0	0	0	0	0	0	0	0	0	0	0	0	2	0	0	0	0	0	0	0	0	0	0	6	0	0	0	4	0	8	12	17	0	0	0	0	0	0	0	0	0	0	0	0	0	0	0	0	0	0	31	6	3	0	34	4	270	0	0	0	0	0	0	0	0	0	0	0	0	0	0	0	0	0	0	0	0	0	0	0	0	0	0	0	0	0	0	0	0	0	0	0	2	0	0	0	0	0	0	0	0	0	0	0	0	0	0	0	0	0	0	6	0	0	0	4	0	8	12	17	0	0	0	0	0	0	0	0	0	0	0	0	0	0	0	0	0	0	0	0	0	0	0	0	0	0	31	6	3	0	34	4
350	341	7	8	14	332	0	0	0	7	8	14	0	0	16	0	0	0	14	4	323	0	0	0	0	0	0	0	0	0	0	0	0	0	0	7	8	14	0	0	0	0	0	0	0	0	0	0	16	0	0	0	14	4	314	0	0	0	0	0	0	0	0	0	0	0	0	0	0	0	0	0	0	0	0	0	0	0	0	0	0	0	0	0	0	0	0	0	7	8	14	0	0	0	0	0	0	0	0	0	0	0	0	0	0	0	0	0	0	16	0	0	0	14	4	305	0	0	0	0	0	0	0	0	0	0	0	0	0	0	0	0	0	0	0	0	0	0	0	0	0	0	0	0	0	0	0	0	0	0	0	0	0	0	0	0	0	0	0	0	0	0	0	0	0	0	0	0	0	0	0	0	0	0	0	0	7	8	14	0	0	0	0	0	0	0	0	0	0	0	0	0	0	0	0	0	0	0	0	0	0	0	0	0	0	16	0	0	0	14	4
272	265	3	6	10	258	0	0	0	3	6	10	0	0	8	0	0	0	10	2	251	0	0	0	0	0	0	0	0	0	0	0	0	0	0	3	6	10	0	0	0	0	0	0	0	0	0	0	8	0	0	0	10	2	244	0	0	0	0	0	0	0	0	0	0	0	0	0	0	0	0	0	0	0	0	0	0	0	0	0	0	0	0	0	0	0	0	0	3	6	10	0	0	0	0	0	0	0	0	0	0	0	0	0	0	0	0	0	0	8	0	0	0	10	2	237	0	0	0	0	0	0	0	0	0	0	0	0	0	0	0	0	0	0	0	0	0	0	0	0	0	0	0	0	0	0	0	0	0	0	0	0	0	0	0	0	0	0	0	0	0	0	0	0	0	0	0	0	0	0	0	0	0	0	0	0	3	6	10	0	0	0	0	0	0	0	0	0	0	0	0	0	0	0	0	0	0	0	0	0	0	0	0	0	0	8	0	0	0	10	2
273	266	6	0	10	259	0	0	0	6	0	10	0	0	8	0	0	0	0	2	252	0	0	0	0	0	0	0	0	0	0	0	0	0	0	6	0	10	0	0	0	0	0	0	0	0	0	0	8	0	0	0	0	2	245	0	0	0	0	0	0	0	0	0	0	0	0	0	0	0	0	0	0	0	0	0	0	0	0	0	0	0	0	0	0	0	0	0	6	0	10	0	0	0	0	0	0	0	0	0	0	0	0	0	0	0	0	0	0	8	0	0	0	0	2	238	0	0	0	0	0	0	0	0	0	0	0	0	0	0	0	0	0	0	0	0	0	0	0	0	0	0	0	0	0	0	0	0	0	0	0	0	0	0	0	0	0	0	0	0	0	0	0	0	0	0	0	0	0	0	0	0	0	0	0	0	6	0	10	0	0	0	0	0	0	0	0	0	0	0	0	0	0	0	0	0	0	0	0	0	0	0	0	0	0	8	0	0	0	0	2
195	190	3	0	5	185	0	0	0	3	0	5	0	0	3	0	0	0	0	0	180	0	0	0	0	0	0	0	0	0	0	0	0	0	0	3	0	5	0	0	0	0	0	0	0	0	0	0	3	0	0	0	0	0	175	0	0	0	0	0	0	0	0	0	0	0	0	0	0	0	0	0	0	0	0	0	0	0	0	0	0	0	0	0	0	0	0	0	3	0	5	0	0	0	0	0	0	0	0	0	0	0	0	0	0	0	0	0	0	3	0	0	0	0	0	170	0	0	0	0	0	0	0	0	0	0	0	0	0	0	0	0	0	0	0	0	0	0	0	0	0	0	0	0	0	0	0	0	0	0	0	0	0	0	0	0	0	0	0	0	0	0	0	0	0	0	0	0	0	0	0	0	0	0	0	0	3	0	5	0	0	0	0	0	0	0	0	0	0	0	0	0	0	0	0	0	0	0	0	0	0	0	0	0	0	3	0	0	0	0	0
491	478	15	30	32	465	1	0	31	15	30	32	4	0	26	5	11	20	96	0	452	0	0	21	1	0	31	0	0	26	2	1	0	93	0	15	30	32	0	0	0	13	0	0	0	9	4	0	26	5	11	20	96	0	439	0	0	4	0	0	21	0	0	18	0	0	0	63	0	1	0	31	0	0	0	4	0	0	0	4	0	0	26	2	1	0	93	0	15	30	32	0	0	0	0	0	0	0	21	0	0	0	13	0	0	0	9	4	0	26	5	11	20	96	0	426	0	0	4	0	0	4	0	0	8	0	0	0	12	0	0	0	21	0	0	0	4	0	0	0	4	0	0	18	0	0	0	63	0	1	0	31	0	0	0	0	0	0	0	0	0	0	0	4	0	0	0	4	0	0	26	2	1	0	93	0	15	30	32	0	0	0	0	0	0	0	0	0	0	0	0	0	0	0	21	0	0	0	13	0	0	0	9	4	0	26	5	11	20	96	0
453	441	23	27	32	429	8	0	32	23	27	32	11	0	32	0	31	18	96	0	417	0	0	30	8	0	32	0	0	32	0	17	0	96	0	23	27	32	0	0	39	7	0	0	0	0	11	0	32	0	31	18	96	0	405	0	0	11	0	0	30	0	0	29	0	0	0	90	0	8	0	32	0	0	39	4	0	0	0	0	0	0	32	0	17	0	96	0	23	27	32	0	0	0	14	0	0	0	21	0	0	39	7	0	0	0	0	11	0	32	0	31	18	96	0	393	0	0	4	0	0	11	0	0	15	0	0	0	33	0	0	0	30	0	0	39	4	0	0	0	0	0	0	29	0	0	0	90	0	8	0	32	0	0	0	0	0	0	0	0	0	0	39	4	0	0	0	0	0	0	32	0	17	0	96	0	23	27	32	0	0	0	0	0	0	0	8	0	0	0	14	0	0	0	21	0	0	39	7	0	0	0	0	11	0	32	0	31	18	96	0
526	512	22	49	43	498	7	9	43	22	49	43	7	36	31	0	32	40	172	0	484	0	0	42	7	9	43	0	0	31	0	16	9	172	0	22	49	43	0	0	39	3	0	0	43	0	7	36	31	0	32	40	172	0	470	0	0	11	0	0	42	0	0	30	0	0	0	168	0	7	9	43	0	0	39	0	0	0	43	0	0	0	31	0	16	9	172	0	22	49	43	0	0	0	26	0	0	0	57	0	0	39	3	0	0	43	0	7	36	31	0	32	40	172	0	456	0	0	0	0	0	11	0	0	7	0	0	0	44	0	0	0	42	0	0	39	0	0	0	42	0	0	0	30	0	0	0	168	0	7	9	43	0	0	0	0	0	0	0	10	0	0	39	0	0	0	43	0	0	0	31	0	16	9	172	0	22	49	43	0	0	0	0	0	0	0	8	0	0	0	26	0	0	0	57	0	0	39	3	0	0	43	0	7	36	31	0	32	40	172	0
342	333	8	0	32	324	0	0	23	8	0	32	0	0	9	13	4	0	0	17	315	0	0	10	0	0	23	0	0	9	2	0	0	0	2	8	0	32	0	0	0	9	0	0	0	11	0	0	9	13	4	0	0	17	306	0	0	0	0	0	10	0	0	3	0	0	0	0	0	0	0	23	0	0	0	0	0	0	0	4	0	0	9	2	0	0	0	2	8	0	32	0	0	0	0	0	0	0	4	0	0	0	9	0	0	0	11	0	0	9	13	4	0	0	17	297	0	0	0	0	0	0	0	0	0	0	0	0	0	0	0	0	10	0	0	0	0	0	0	0	4	0	0	3	0	0	0	0	0	0	0	23	0	0	0	0	0	0	0	0	0	0	0	0	0	0	0	4	0	0	9	2	0	0	0	2	8	0	32	0	0	0	0	0	0	0	0	0	0	0	0	0	0	0	4	0	0	0	9	0	0	0	11	0	0	9	13	4	0	0	17
418	407	5	0	58	396	0	0	26	5	0	58	0	0	9	48	2	0	0	41	385	0	0	5	0	0	26	0	0	9	2	0	0	0	2	5	0	58	0	0	0	9	0	0	0	13	0	0	9	48	2	0	0	41	374	0	0	0	0	0	5	0	0	3	0	0	0	0	0	0	0	26	0	0	0	0	0	0	0	4	0	0	9	2	0	0	0	2	5	0	58	0	0	0	0	0	0	0	0	0	0	0	9	0	0	0	13	0	0	9	48	2	0	0	41	363	0	0	0	0	0	0	0	0	0	0	0	0	0	0	0	0	5	0	0	0	0	0	0	0	4	0	0	3	0	0	0	0	0	0	0	26	0	0	0	0	0	0	0	0	0	0	0	0	0	0	0	4	0	0	9	2	0	0	0	2	5	0	58	0	0	0	0	0	0	0	0	0	0	0	0	0	0	0	0	0	0	0	9	0	0	0	13	0	0	9	48	2	0	0	41
370	360	6	0	40	350	0	0	10	6	0	40	0	0	9	10	8	0	0	107	340	0	0	10	0	0	10	0	0	0	10	0	0	0	106	6	0	40	0	0	0	0	0	0	0	0	0	0	9	10	8	0	0	107	330	0	0	9	0	0	10	0	0	0	8	0	0	0	93	0	0	10	0	0	0	0	0	0	0	0	0	0	0	10	0	0	0	106	6	0	40	0	0	0	4	0	0	0	0	0	0	0	0	0	0	0	0	0	0	9	10	8	0	0	107	320	0	0	9	0	0	9	0	0	0	8	0	0	0	26	0	0	10	0	0	0	0	0	0	0	0	0	0	0	8	0	0	0	93	0	0	10	0	0	0	4	0	0	0	0	0	0	0	0	0	0	0	0	0	0	0	10	0	0	0	106	6	0	40	0	0	0	0	0	0	0	0	0	0	0	4	0	0	0	0	0	0	0	0	0	0	0	0	0	0	9	10	8	0	0	107
370	360	6	0	52	350	0	0	14	6	0	52	0	0	9	45	8	0	0	107	340	0	0	14	0	0	14	0	0	0	45	0	0	0	106	6	0	52	0	0	0	0	0	0	0	0	0	0	9	45	8	0	0	107	330	0	0	7	0	0	14	0	0	0	23	0	0	0	93	0	0	14	0	0	0	0	0	0	0	0	0	0	0	45	0	0	0	106	6	0	52	0	0	0	7	0	0	0	9	0	0	0	0	0	0	0	0	0	0	9	45	8	0	0	107	320	0	0	4	0	0	7	0	0	0	8	0	0	0	26	0	0	14	0	0	0	0	0	0	0	0	0	0	0	23	0	0	0	93	0	0	14	0	0	0	4	0	0	0	4	0	0	0	0	0	0	0	0	0	0	0	45	0	0	0	106	6	0	52	0	0	0	0	0	0	0	0	0	0	0	7	0	0	0	9	0	0	0	0	0	0	0	0	0	0	9	45	8	0	0	107
332	323	7	8	40	314	0	0	31	7	8	40	0	0	17	0	8	8	40	43	305	0	0	31	0	0	31	0	0	8	0	0	0	31	43	7	8	40	0	0	0	0	0	0	0	0	0	0	17	0	8	8	40	43	296	0	0	31	0	0	31	0	0	8	0	0	0	31	42	0	0	31	0	0	0	0	0	0	0	0	0	0	8	0	0	0	31	43	7	8	40	0	0	0	0	0	0	0	0	0	0	0	0	0	0	0	0	0	0	17	0	8	8	40	43	287	0	0	31	0	0	31	0	0	8	0	0	0	31	11	0	0	31	0	0	0	0	0	0	0	0	0	0	8	0	0	0	31	42	0	0	31	0	0	0	0	0	0	0	0	0	0	0	0	0	0	0	0	0	0	8	0	0	0	31	43	7	8	40	0	0	0	0	0	0	0	0	0	0	0	0	0	0	0	0	0	0	0	0	0	0	0	0	0	0	17	0	8	8	40	43
405	394	11	18	38	383	2	0	38	11	18	38	0	0	20	0	9	27	76	0	372	2	0	38	2	0	38	0	0	20	0	1	0	76	0	11	18	38	0	0	0	0	0	0	0	0	0	0	20	0	9	27	76	0	361	2	0	38	2	0	38	0	0	20	0	1	0	76	0	2	0	38	0	0	0	0	0	0	0	0	0	0	20	0	1	0	76	0	11	18	38	0	0	0	0	0	0	0	0	0	0	0	0	0	0	0	0	0	0	20	0	9	27	76	0	350	2	0	38	2	0	38	0	0	20	0	1	0	76	0	2	0	38	0	0	0	0	0	0	0	0	0	0	20	0	1	0	76	0	2	0	38	0	0	0	0	0	0	0	0	0	0	0	0	0	0	0	0	0	0	20	0	1	0	76	0	11	18	38	0	0	0	0	0	0	0	0	0	0	0	0	0	0	0	0	0	0	0	0	0	0	0	0	0	0	20	0	9	27	76	0
479	466	15	22	63	453	1	0	27	15	22	63	0	0	62	52	21	33	126	107	440	1	0	27	1	0	27	0	0	39	52	0	0	54	106	15	22	63	0	0	0	0	0	0	0	0	0	0	62	52	21	33	126	107	427	1	0	27	1	0	27	0	0	39	52	0	0	54	93	1	0	27	0	0	0	0	0	0	0	0	0	0	39	52	0	0	54	106	15	22	63	0	0	0	0	0	0	0	0	0	0	0	0	0	0	0	0	0	0	62	52	21	33	126	107	414	1	0	7	1	0	27	0	0	39	14	0	0	54	26	1	0	27	0	0	0	0	0	0	0	0	0	0	39	52	0	0	54	93	1	0	27	0	0	0	0	0	0	0	0	0	0	0	0	0	0	0	0	0	0	39	52	0	0	54	106	15	22	63	0	0	0	14	0	0	0	53	0	0	0	0	0	0	0	0	0	0	0	0	0	0	0	0	0	0	62	52	21	33	126	107
395	384	6	10	75	373	2	0	38	6	10	75	0	0	0	73	1	0	75	141	362	2	0	25	2	0	38	0	0	0	33	1	0	38	96	6	10	75	0	0	0	22	0	0	0	43	0	0	0	73	1	0	75	141	351	2	0	25	2	0	25	0	0	0	33	1	0	25	96	2	0	38	0	0	0	22	0	0	0	43	0	0	0	33	1	0	38	96	6	10	75	0	0	0	0	0	0	0	0	0	0	0	22	0	0	0	43	0	0	0	73	1	0	75	141	340	2	0	25	2	0	25	0	0	0	33	1	0	25	96	2	0	25	0	0	0	22	0	0	0	42	0	0	0	33	1	0	25	96	2	0	38	0	0	0	0	0	0	0	0	0	0	0	22	0	0	0	43	0	0	0	33	1	0	38	96	6	10	75	0	0	0	0	0	0	0	0	0	0	0	0	0	0	0	0	0	0	0	22	0	0	0	43	0	0	0	73	1	0	75	141
483	469	34	35	58	455	20	13	35	34	35	58	14	0	33	21	21	0	116	101	441	20	13	31	20	13	35	14	0	33	17	19	0	70	65	34	35	58	2	0	0	22	5	0	0	0	14	0	33	21	21	0	116	101	427	20	13	31	20	13	31	14	0	33	17	19	0	62	65	20	13	35	2	0	0	22	5	0	0	0	14	0	33	17	19	0	70	65	34	35	58	0	0	0	0	0	0	0	0	2	0	0	22	5	0	0	0	14	0	33	21	21	0	116	101	413	20	13	31	20	13	31	14	0	33	17	19	0	62	65	20	13	31	2	0	0	22	5	0	0	0	14	0	33	17	19	0	62	65	20	13	35	0	0	0	0	0	0	0	0	2	0	0	22	5	0	0	0	14	0	33	17	19	0	70	65	34	35	58	0	0	0	0	1	0	0	0	0	0	0	0	0	0	0	0	2	0	0	22	5	0	0	0	14	0	33	21	21	0	116	101
393	382	22	24	69	371	11	0	69	22	24	69	7	0	51	0	22	0	207	0	360	11	0	69	11	0	69	7	0	51	0	20	0	207	0	22	24	69	1	0	0	0	5	0	0	0	7	0	51	0	22	0	207	0	349	11	0	69	11	0	69	7	0	51	0	20	0	207	0	11	0	69	1	0	0	0	5	0	0	0	7	0	51	0	20	0	207	0	22	24	69	1	0	0	0	3	0	0	0	1	0	0	0	5	0	0	0	7	0	51	0	22	0	207	0	338	10	0	69	11	0	69	7	0	51	0	20	0	207	0	11	0	69	1	0	0	0	5	0	0	0	7	0	51	0	20	0	207	0	11	0	69	1	0	0	0	3	0	0	0	1	0	0	0	5	0	0	0	7	0	51	0	20	0	207	0	22	24	69	0	0	13	0	1	0	0	0	1	0	0	0	3	0	0	0	1	0	0	0	5	0	0	0	7	0	51	0	22	0	207	0
464	451	20	36	57	438	7	0	55	20	36	57	2	0	51	15	9	9	228	0	425	7	0	51	7	0	55	2	0	51	11	8	0	220	0	20	36	57	0	0	0	22	4	0	0	0	2	0	51	15	9	9	228	0	412	7	0	51	7	0	51	2	0	51	11	8	0	204	0	7	0	55	0	0	0	22	4	0	0	0	2	0	51	11	8	0	220	0	20	36	57	0	0	0	0	0	0	0	0	0	0	0	22	4	0	0	0	2	0	51	15	9	9	228	0	399	7	0	51	7	0	51	2	0	51	11	8	0	204	0	7	0	51	0	0	0	22	4	0	0	0	2	0	51	11	8	0	204	0	7	0	55	0	0	0	0	0	0	0	0	0	0	0	22	4	0	0	0	2	0	51	11	8	0	220	0	20	36	57	0	0	0	0	0	0	0	0	0	0	0	0	0	0	0	0	0	0	0	22	4	0	0	0	2	0	51	15	9	9	228	0
286	278	12	12	21	270	2	0	20	12	12	21	0	0	0	8	1	0	42	0	262	2	0	18	2	0	20	0	0	0	6	0	0	40	0	12	12	21	0	0	0	12	0	0	0	0	0	0	0	8	1	0	42	0	254	2	0	18	2	0	18	0	0	0	6	0	0	36	0	2	0	20	0	0	0	12	0	0	0	0	0	0	0	6	0	0	40	0	12	12	21	0	0	0	0	0	0	0	0	0	0	0	12	0	0	0	0	0	0	0	8	1	0	42	0	246	2	0	18	2	0	18	0	0	0	6	0	0	36	0	2	0	18	0	0	0	12	0	0	0	0	0	0	0	6	0	0	36	0	2	0	20	0	0	0	0	0	0	0	0	0	0	0	12	0	0	0	0	0	0	0	6	0	0	40	0	12	12	21	0	0	0	0	0	0	0	0	0	0	0	0	0	0	0	0	0	0	0	12	0	0	0	0	0	0	0	8	1	0	42	0
420	408	19	0	85	396	19	0	34	19	0	85	16	0	0	54	18	0	0	280	384	19	0	34	19	0	34	16	0	0	54	18	0	0	217	19	0	85	2	0	0	0	4	0	0	0	16	0	0	54	18	0	0	280	372	19	0	34	19	0	34	16	0	0	54	18	0	0	194	19	0	34	2	0	0	0	4	0	0	0	16	0	0	54	18	0	0	217	19	0	85	0	0	0	0	0	0	0	0	2	0	0	0	4	0	0	0	16	0	0	54	18	0	0	280	360	19	0	34	19	0	34	16	0	0	54	18	0	0	194	19	0	34	2	0	0	0	4	0	0	0	16	0	0	54	18	0	0	194	19	0	34	0	0	0	0	0	0	0	0	2	0	0	0	4	0	0	0	16	0	0	54	18	0	0	217	19	0	85	0	0	0	0	0	0	0	0	0	0	0	0	0	0	0	0	2	0	0	0	4	0	0	0	16	0	0	54	18	0	0	280
440	426	53	35	40	412	43	33	21	53	35	40	44	22	12	9	51	45	0	126	398	41	33	21	43	33	21	38	22	12	9	50	44	0	124	53	35	40	14	0	0	0	12	22	0	0	44	22	12	9	51	45	0	126	384	41	33	21	41	33	21	38	22	12	9	50	44	0	120	43	33	21	14	0	0	0	12	22	0	0	38	22	12	9	50	44	0	124	53	35	40	10	0	0	0	2	0	0	0	14	0	0	0	12	22	0	0	44	22	12	9	51	45	0	126	370	41	33	21	41	33	21	38	22	12	9	50	44	0	120	41	33	21	14	0	0	0	12	22	0	0	38	22	12	9	50	44	0	120	43	33	21	10	0	0	0	2	0	0	0	14	0	0	0	12	22	0	0	38	22	12	9	50	44	0	124	53	35	40	0	0	0	0	4	0	0	0	10	0	0	0	2	0	0	0	14	0	0	0	12	22	0	0	44	22	12	9	51	45	0	126
437	424	32	12	72	411	30	12	33	32	12	72	33	0	4	45	34	0	0	205	398	30	12	33	30	12	33	33	0	4	45	34	0	0	179	32	12	72	9	0	0	0	13	0	0	0	33	0	4	45	34	0	0	205	385	30	12	33	30	12	33	33	0	4	45	34	0	0	169	30	12	33	9	0	0	0	13	0	0	0	33	0	4	45	34	0	0	179	32	12	72	0	0	0	0	0	0	0	0	9	0	0	0	13	0	0	0	33	0	4	45	34	0	0	205	372	30	12	33	30	12	33	33	0	4	45	34	0	0	169	30	12	33	9	0	0	0	13	0	0	0	33	0	4	45	34	0	0	169	30	12	33	0	0	0	0	0	0	0	0	9	0	0	0	13	0	0	0	33	0	4	45	34	0	0	179	32	12	72	0	0	0	0	1	0	0	0	0	0	0	0	0	0	0	0	9	0	0	0	13	0	0	0	33	0	4	45	34	0	0	205
536	520	77	42	82	504	62	29	70	77	42	82	60	0	69	27	87	59	82	57	488	58	29	70	62	29	70	51	0	69	27	84	59	70	55	77	42	82	19	0	22	0	20	30	0	0	60	0	69	27	87	59	82	57	472	56	29	70	58	29	70	49	0	69	27	76	59	70	51	62	29	70	16	0	22	0	18	30	0	0	51	0	69	27	84	59	70	55	77	42	82	13	0	22	0	6	0	0	0	19	0	22	0	20	30	0	0	60	0	69	27	87	59	82	57	456	54	29	70	56	29	70	48	0	69	27	70	59	70	51	58	29	70	15	0	22	0	18	30	0	0	49	0	69	27	76	59	70	51	62	29	70	13	0	22	0	6	0	0	0	16	0	22	0	18	30	0	0	51	0	69	27	84	59	70	55	77	42	82	5	0	23	0	15	0	0	0	13	0	22	0	6	0	0	0	19	0	22	0	20	30	0	0	60	0	69	27	87	59	82	57
359	348	81	33	31	337	65	19	31	81	33	31	46	0	81	0	97	30	62	0	326	62	19	31	65	19	31	37	0	81	0	93	30	62	0	81	33	31	17	0	10	0	23	20	0	0	46	0	81	0	97	30	62	0	315	61	19	31	62	19	31	36	0	81	0	89	30	62	0	65	19	31	14	0	10	0	20	20	0	0	37	0	81	0	93	30	62	0	81	33	31	18	0	10	0	6	0	0	0	17	0	10	0	23	20	0	0	46	0	81	0	97	30	62	0	304	59	19	31	61	19	31	36	0	81	0	87	30	62	0	62	19	31	14	0	10	0	20	20	0	0	36	0	81	0	89	30	62	0	65	19	31	18	0	10	0	6	0	0	0	14	0	10	0	20	20	0	0	37	0	81	0	93	30	62	0	81	33	31	14	0	0	0	23	18	0	0	18	0	10	0	6	0	0	0	17	0	10	0	23	20	0	0	46	0	81	0	97	30	62	0
434	420	82	52	63	406	75	49	31	82	52	63	43	27	12	70	110	57	0	113	392	71	49	31	75	49	31	35	27	10	70	103	57	0	101	82	52	63	20	0	12	0	23	26	0	0	43	27	12	70	110	57	0	113	378	71	49	31	71	49	31	35	27	10	70	99	57	0	101	75	49	31	20	0	10	0	23	26	0	0	35	27	10	70	103	57	0	101	82	52	63	25	0	0	0	7	0	0	0	20	0	12	0	23	26	0	0	43	27	12	70	110	57	0	113	364	65	49	31	71	49	31	35	27	10	70	99	57	0	101	71	49	31	20	0	10	0	22	26	0	0	35	27	10	70	99	57	0	101	75	49	31	25	0	0	0	7	0	0	0	20	0	10	0	23	26	0	0	35	27	10	70	103	57	0	101	82	52	63	24	0	0	0	31	60	0	0	25	0	0	0	7	0	0	0	20	0	12	0	23	26	0	0	43	27	12	70	110	57	0	113
602	580	132	177	57	558	106	173	42	132	177	57	81	64	24	54	240	357	0	31	536	98	169	42	106	173	42	69	64	22	54	160	343	0	31	132	177	57	45	56	24	0	42	63	0	0	81	64	24	54	240	357	0	31	514	95	163	42	98	169	42	66	56	22	54	140	325	0	31	106	173	42	36	56	22	0	33	63	0	0	69	64	22	54	160	343	0	31	132	177	57	38	92	0	0	13	50	0	0	45	56	24	0	42	63	0	0	81	64	24	54	240	357	0	31	492	86	153	42	95	163	42	66	56	22	54	137	311	0	31	98	169	42	36	56	22	0	29	63	0	0	66	56	22	54	140	325	0	31	106	173	42	35	88	0	0	7	46	0	0	36	56	22	0	33	63	0	0	69	64	22	54	160	343	0	31	132	177	57	20	112	0	0	43	90	0	0	38	92	0	0	13	50	0	0	45	56	24	0	42	63	0	0	81	64	24	54	240	357	0	31
583	564	108	119	51	545	96	106	46	108	119	51	65	42	24	42	155	70	51	0	526	89	96	46	96	106	46	56	32	22	42	129	48	46	0	108	119	51	29	0	40	0	30	11	51	0	65	42	24	42	155	70	51	0	507	88	92	46	89	96	46	54	32	22	42	113	28	46	0	96	106	46	29	0	38	0	26	10	46	0	56	32	22	42	129	48	46	0	108	119	51	37	48	8	0	10	0	0	0	29	0	40	0	30	11	51	0	65	42	24	42	155	70	51	0	488	79	84	46	88	92	46	54	24	22	42	113	24	46	0	89	96	46	29	0	38	0	23	0	46	0	54	32	22	42	113	28	46	0	96	106	46	34	48	8	0	8	0	0	0	29	0	38	0	26	10	46	0	56	32	22	42	129	48	46	0	108	119	51	37	96	0	0	38	108	0	0	37	48	8	0	10	0	0	0	29	0	40	0	30	11	51	0	65	42	24	42	155	70	51	0
377	364	62	70	6	351	44	57	6	62	70	6	34	45	12	0	66	82	12	0	338	40	54	6	44	57	6	27	39	12	0	46	63	12	0	62	70	6	15	0	12	0	10	5	6	0	34	45	12	0	66	82	12	0	325	40	48	6	40	54	6	27	39	12	0	36	57	12	0	44	57	6	15	0	12	0	8	3	6	0	27	39	12	0	46	63	12	0	62	70	6	24	42	0	0	3	0	0	0	15	0	12	0	10	5	6	0	34	45	12	0	66	82	12	0	312	37	42	6	40	48	6	27	33	12	0	36	47	12	0	40	54	6	15	0	12	0	6	0	6	0	27	39	12	0	36	57	12	0	44	57	6	24	36	0	0	3	0	0	0	15	0	12	0	8	3	6	0	27	39	12	0	46	63	12	0	62	70	6	37	37	0	0	28	21	0	0	24	42	0	0	3	0	0	0	15	0	12	0	10	5	6	0	34	45	12	0	66	82	12	0
453	436	96	122	0	419	75	101	0	96	122	0	49	152	0	0	138	141	0	0	402	70	86	0	75	101	0	34	126	0	0	109	105	0	0	96	122	0	31	92	0	0	31	24	0	0	49	152	0	0	138	141	0	0	385	68	72	0	70	86	0	28	96	0	0	103	84	0	0	75	101	0	23	76	0	0	24	12	0	0	34	126	0	0	109	105	0	0	96	122	0	32	64	0	0	13	16	0	0	31	92	0	0	31	24	0	0	49	152	0	0	138	141	0	0	368	57	64	0	68	72	0	28	72	0	0	102	64	0	0	70	86	0	23	60	0	0	22	12	0	0	28	96	0	0	103	84	0	0	75	101	0	23	56	0	0	8	8	0	0	23	76	0	0	24	12	0	0	34	126	0	0	109	105	0	0	96	122	0	35	32	0	0	29	44	0	0	32	64	0	0	13	16	0	0	31	92	0	0	31	24	0	0	49	152	0	0	138	141	0	0
592	573	76	119	71	554	45	78	65	76	119	71	46	65	80	54	108	120	284	0	535	38	78	62	45	78	65	30	65	71	48	56	39	260	0	76	119	71	28	0	47	32	19	27	0	0	46	65	80	54	108	120	284	0	516	34	78	62	38	78	62	26	65	68	48	36	39	248	0	45	78	65	10	0	47	32	3	0	0	0	30	65	71	48	56	39	260	0	76	119	71	24	0	0	0	14	18	0	0	28	0	47	32	19	27	0	0	46	65	80	54	108	120	284	0	497	27	58	62	34	78	62	20	65	68	48	23	39	248	0	38	78	62	6	0	46	32	0	0	0	0	26	65	68	48	36	39	248	0	45	78	65	7	0	0	0	3	0	0	0	10	0	47	32	3	0	0	0	30	65	71	48	56	39	260	0	76	119	71	52	180	23	0	18	36	0	0	24	0	0	0	14	18	0	0	28	0	47	32	19	27	0	0	46	65	80	54	108	120	284	0
401	388	67	59	12	375	39	39	6	67	59	12	31	18	21	18	79	81	36	6	362	38	39	6	39	39	6	29	18	12	18	39	51	18	6	67	59	12	16	0	0	0	13	6	0	0	31	18	21	18	79	81	36	6	349	36	38	6	38	39	6	29	18	12	18	35	51	18	6	39	39	6	6	0	0	0	0	0	0	0	29	18	12	18	39	51	18	6	67	59	12	20	11	0	0	6	0	0	0	16	0	0	0	13	6	0	0	31	18	21	18	79	81	36	6	336	32	30	6	36	38	6	25	18	12	18	27	49	18	6	38	39	6	6	0	0	0	0	0	0	0	29	18	12	18	35	51	18	6	39	39	6	9	9	0	0	0	0	0	0	6	0	0	0	0	0	0	0	29	18	12	18	39	51	18	6	67	59	12	72	54	0	0	18	17	0	0	20	11	0	0	6	0	0	0	16	0	0	0	13	6	0	0	31	18	21	18	79	81	36	6
383	370	61	65	16	357	43	51	0	61	65	16	34	34	13	0	57	66	32	57	344	42	51	0	43	51	0	32	34	0	0	38	51	0	52	61	65	16	15	0	0	0	9	5	0	0	34	34	13	0	57	66	32	57	331	42	49	0	42	51	0	32	34	0	0	34	51	0	52	43	51	0	15	0	0	0	3	0	0	0	32	34	0	0	38	51	0	52	61	65	16	26	18	0	0	4	0	0	0	15	0	0	0	9	5	0	0	34	34	13	0	57	66	32	57	318	40	40	0	42	49	0	32	32	0	0	34	48	0	52	42	51	0	15	0	0	0	3	0	0	0	32	34	0	0	34	51	0	52	43	51	0	25	14	0	0	2	0	0	0	15	0	0	0	3	0	0	0	32	34	0	0	38	51	0	52	61	65	16	52	57	0	0	32	14	0	0	26	18	0	0	4	0	0	0	15	0	0	0	9	5	0	0	34	34	13	0	57	66	32	57
427	413	59	69	0	399	33	48	0	59	69	0	37	40	0	0	80	60	0	0	385	30	48	0	33	48	0	27	40	0	0	45	24	0	0	59	69	0	26	0	0	0	10	12	0	0	37	40	0	0	80	60	0	0	371	26	48	0	30	48	0	23	40	0	0	34	24	0	0	33	48	0	8	0	0	0	0	0	0	0	27	40	0	0	45	24	0	0	59	69	0	18	0	0	0	5	8	0	0	26	0	0	0	10	12	0	0	37	40	0	0	80	60	0	0	357	21	28	0	26	48	0	17	40	0	0	21	24	0	0	30	48	0	6	0	0	0	0	0	0	0	23	40	0	0	34	24	0	0	33	48	0	3	0	0	0	0	0	0	0	8	0	0	0	0	0	0	0	27	40	0	0	45	24	0	0	59	69	0	54	80	0	0	13	21	0	0	18	0	0	0	5	8	0	0	26	0	0	0	10	12	0	0	37	40	0	0	80	60	0	0
461	446	61	87	0	431	25	62	0	61	87	0	30	92	0	0	79	159	0	0	416	21	46	0	25	62	0	18	80	0	0	32	114	0	0	61	87	0	10	78	0	0	8	12	0	0	30	92	0	0	79	159	0	0	401	19	30	0	21	46	0	14	60	0	0	17	72	0	0	25	62	0	2	48	0	0	0	0	0	0	18	80	0	0	32	114	0	0	61	87	0	6	30	0	0	5	6	0	0	10	78	0	0	8	12	0	0	30	92	0	0	79	159	0	0	386	17	9	0	19	30	0	12	18	0	0	12	23	0	0	21	46	0	0	18	0	0	0	0	0	0	14	60	0	0	17	72	0	0	25	62	0	1	0	0	0	0	0	0	0	2	48	0	0	0	0	0	0	18	80	0	0	32	114	0	0	61	87	0	48	45	0	0	9	6	0	0	6	30	0	0	5	6	0	0	10	78	0	0	8	12	0	0	30	92	0	0	79	159	0	0
478	463	59	26	79	448	43	0	53	59	26	79	44	0	59	45	68	13	158	83	433	37	0	46	43	0	53	32	0	57	36	52	0	106	71	59	26	79	16	0	6	62	2	0	0	0	44	0	59	45	68	13	158	83	418	33	0	44	37	0	46	24	0	56	34	29	0	92	68	43	0	53	8	0	0	56	0	0	0	0	32	0	57	36	52	0	106	71	59	26	79	9	0	6	20	2	0	0	0	16	0	6	62	2	0	0	0	44	0	59	45	68	13	158	83	403	13	0	44	33	0	44	16	0	56	34	19	0	88	68	37	0	46	0	0	0	56	0	0	0	0	24	0	56	34	29	0	92	68	43	0	53	2	0	0	20	0	0	0	0	8	0	0	56	0	0	0	0	32	0	57	36	52	0	106	71	59	26	79	2	0	131	0	7	0	0	0	9	0	6	20	2	0	0	0	16	0	6	62	2	0	0	0	44	0	59	45	68	13	158	83
532	515	69	57	62	498	50	29	39	69	57	62	44	26	33	34	77	89	124	28	481	45	16	22	50	29	39	34	0	33	12	56	68	78	6	69	57	62	16	0	6	26	1	0	62	57	44	26	33	34	77	89	124	28	464	41	16	22	45	16	22	26	0	32	12	37	16	44	6	50	29	39	8	0	0	26	0	0	39	52	34	0	33	12	56	68	78	6	69	57	62	19	0	6	0	1	0	0	0	16	0	6	26	1	0	62	57	44	26	33	34	77	89	124	28	447	26	16	22	41	16	22	18	0	32	12	27	16	44	6	45	16	22	0	0	0	26	0	0	22	52	26	0	32	12	37	16	44	6	50	29	39	14	0	0	0	0	0	0	0	8	0	0	26	0	0	39	52	34	0	33	12	56	68	78	6	69	57	62	20	0	56	0	16	0	0	0	19	0	6	0	1	0	0	0	16	0	6	26	1	0	62	57	44	26	33	34	77	89	124	28
654	633	65	136	79	612	33	74	60	65	136	79	31	196	98	35	86	262	316	71	591	28	40	60	33	74	60	24	80	94	35	38	164	240	65	65	136	79	12	128	6	0	5	12	158	0	31	196	98	35	86	262	316	71	570	22	12	59	28	40	60	19	24	94	34	20	60	240	62	33	74	60	6	24	0	0	0	0	120	0	24	80	94	35	38	164	240	65	65	136	79	9	48	45	12	5	12	158	0	12	128	6	0	5	12	158	0	31	196	98	35	86	262	316	71	549	3	0	58	22	12	59	10	0	93	34	9	0	236	62	28	40	60	0	0	0	0	0	0	120	0	19	24	94	34	20	60	240	62	33	74	60	0	0	37	12	0	0	120	0	6	24	0	0	0	0	120	0	24	80	94	35	38	164	240	65	65	136	79	0	0	137	13	2	0	79	0	9	48	45	12	5	12	158	0	12	128	6	0	5	12	158	0	31	196	98	35	86	262	316	71
347	336	47	19	27	325	37	10	0	47	19	27	44	0	0	0	60	0	27	99	314	31	10	0	37	10	0	32	0	0	0	52	0	0	71	47	19	27	16	0	6	0	1	0	0	0	44	0	0	0	60	0	27	99	303	27	9	0	31	10	0	24	0	0	0	29	0	0	68	37	10	0	8	0	0	0	0	0	0	0	32	0	0	0	52	0	0	71	47	19	27	7	9	6	0	1	0	0	0	16	0	6	0	1	0	0	0	44	0	0	0	60	0	27	99	292	9	0	0	27	9	0	16	0	0	0	19	0	0	68	31	10	0	0	0	0	0	0	0	0	0	24	0	0	0	29	0	0	68	37	10	0	3	0	0	0	0	0	0	0	8	0	0	0	0	0	0	0	32	0	0	0	52	0	0	71	47	19	27	7	0	96	0	4	0	27	0	7	9	6	0	1	0	0	0	16	0	6	0	1	0	0	0	44	0	0	0	60	0	27	99
284	275	35	20	12	266	21	6	0	35	20	12	31	12	0	0	53	38	24	71	257	16	0	0	21	6	0	21	0	0	0	34	24	0	65	35	20	12	16	0	6	0	1	0	12	0	31	12	0	0	53	38	24	71	248	12	0	0	16	0	0	13	0	0	0	15	0	0	62	21	6	0	8	0	0	0	0	0	0	0	21	0	0	0	34	24	0	65	35	20	12	5	0	6	0	1	0	0	0	16	0	6	0	1	0	12	0	31	12	0	0	53	38	24	71	239	2	0	0	12	0	0	5	0	0	0	5	0	0	62	16	0	0	0	0	0	0	0	0	0	0	13	0	0	0	15	0	0	62	21	6	0	0	0	0	0	0	0	0	0	8	0	0	0	0	0	0	0	21	0	0	0	34	24	0	65	35	20	12	0	0	54	0	1	0	0	0	5	0	6	0	1	0	0	0	16	0	6	0	1	0	12	0	31	12	0	0	53	38	24	71
341	330	16	0	101	319	10	0	41	16	0	101	6	0	43	71	31	0	0	259	308	8	0	40	10	0	41	2	0	0	69	8	0	0	152	16	0	101	2	0	24	12	0	0	0	0	6	0	43	71	31	0	0	259	297	4	0	39	8	0	40	0	0	0	67	3	0	0	128	10	0	41	0	0	0	12	0	0	0	0	2	0	0	69	8	0	0	152	16	0	101	0	0	48	8	0	0	0	0	2	0	24	12	0	0	0	0	6	0	43	71	31	0	0	259	286	4	0	39	4	0	39	0	0	0	67	3	0	0	125	8	0	40	0	0	0	12	0	0	0	0	0	0	0	67	3	0	0	128	10	0	41	0	0	24	8	0	0	0	0	0	0	0	12	0	0	0	0	2	0	0	69	8	0	0	152	16	0	101	0	0	0	0	0	0	0	0	0	0	48	8	0	0	0	0	2	0	24	12	0	0	0	0	6	0	43	71	31	0	0	259
278	269	19	8	54	260	7	0	8	19	8	54	10	0	43	16	44	32	54	232	251	4	0	8	7	0	8	3	0	0	16	9	0	8	152	19	8	54	5	0	24	0	0	0	0	0	10	0	43	16	44	32	54	232	242	2	0	8	4	0	8	0	0	0	16	2	0	8	128	7	0	8	0	0	0	0	0	0	0	0	3	0	0	16	9	0	8	152	19	8	54	0	0	12	0	0	0	0	0	5	0	24	0	0	0	0	0	10	0	43	16	44	32	54	232	233	2	0	8	2	0	8	0	0	0	16	2	0	8	125	4	0	8	0	0	0	0	0	0	0	0	0	0	0	16	2	0	8	128	7	0	8	0	0	0	0	0	0	0	0	0	0	0	0	0	0	0	0	3	0	0	16	9	0	8	152	19	8	54	0	0	0	0	0	0	0	0	0	0	12	0	0	0	0	0	5	0	24	0	0	0	0	0	10	0	43	16	44	32	54	232
247	239	22	7	34	231	7	0	19	22	7	34	10	0	24	27	49	28	34	79	223	4	0	19	7	0	19	3	0	0	27	8	0	19	60	22	7	34	5	0	24	0	0	0	0	0	10	0	24	27	49	28	34	79	215	1	0	19	4	0	19	0	0	0	27	1	0	19	60	7	0	19	0	0	0	0	0	0	0	0	3	0	0	27	8	0	19	60	22	7	34	0	0	24	0	0	0	0	0	5	0	24	0	0	0	0	0	10	0	24	27	49	28	34	79	207	1	0	19	1	0	19	0	0	0	27	1	0	19	59	4	0	19	0	0	0	0	0	0	0	0	0	0	0	27	1	0	19	60	7	0	19	0	0	11	0	0	0	0	0	0	0	0	0	0	0	0	0	3	0	0	27	8	0	19	60	22	7	34	0	0	0	0	0	0	0	0	0	0	24	0	0	0	0	0	5	0	24	0	0	0	0	0	10	0	24	27	49	28	34	79
488	472	32	62	105	456	12	25	87	32	62	105	10	47	36	76	59	116	315	79	440	6	11	84	12	25	87	5	11	12	72	14	22	261	60	32	62	105	2	33	78	35	0	0	105	0	10	47	36	76	59	116	315	79	424	0	0	84	6	11	84	0	0	12	72	1	0	252	60	12	25	87	0	0	51	35	0	0	87	0	5	11	12	72	14	22	261	60	32	62	105	0	0	81	0	0	0	105	0	2	33	78	35	0	0	105	0	10	47	36	76	59	116	315	79	408	0	0	82	0	0	84	0	0	12	71	0	0	252	59	6	11	84	0	0	49	34	0	0	84	0	0	0	12	72	1	0	252	60	12	25	87	0	0	63	0	0	0	87	0	0	0	51	35	0	0	87	0	5	11	12	72	14	22	261	60	32	62	105	0	0	0	23	0	0	0	0	0	0	81	0	0	0	105	0	2	33	78	35	0	0	105	0	10	47	36	76	59	116	315	79
274	265	24	20	19	256	3	0	19	24	20	19	6	0	30	0	44	56	95	0	247	1	0	19	3	0	19	1	0	30	0	2	0	95	0	24	20	19	3	0	11	0	0	0	0	0	6	0	30	0	44	56	95	0	238	0	0	19	1	0	19	0	0	30	0	0	0	95	0	3	0	19	0	0	11	0	0	0	0	0	1	0	30	0	2	0	95	0	24	20	19	0	0	0	0	0	0	0	0	3	0	11	0	0	0	0	0	6	0	30	0	44	56	95	0	229	0	0	19	0	0	19	0	0	30	0	0	0	95	0	1	0	19	0	0	11	0	0	0	0	0	0	0	30	0	0	0	95	0	3	0	19	0	0	0	0	0	0	0	0	0	0	11	0	0	0	0	0	1	0	30	0	2	0	95	0	24	20	19	0	0	0	0	0	0	0	0	0	0	0	0	0	0	0	0	3	0	11	0	0	0	0	0	6	0	30	0	44	56	95	0
417	403	27	33	75	389	2	0	54	27	33	75	3	0	109	71	33	55	225	124	375	0	0	42	2	0	54	0	0	88	23	0	0	162	106	27	33	75	0	0	27	0	0	0	0	79	3	0	109	71	33	55	225	124	361	0	0	42	0	0	42	0	0	64	23	0	0	126	103	2	0	54	0	0	12	0	0	0	0	60	0	0	88	23	0	0	162	106	27	33	75	0	0	0	0	0	0	0	0	0	0	27	0	0	0	0	79	3	0	109	71	33	55	225	124	347	0	0	42	0	0	42	0	0	64	23	0	0	126	103	0	0	42	0	0	0	0	0	0	0	60	0	0	64	23	0	0	126	103	2	0	54	0	0	0	0	0	0	0	0	0	0	12	0	0	0	0	60	0	0	88	23	0	0	162	106	27	33	75	0	0	0	0	0	0	0	0	0	0	0	0	0	0	0	0	0	0	27	0	0	0	0	79	3	0	109	71	33	55	225	124
328	317	16	18	40	306	0	0	34	16	18	40	0	0	20	19	21	18	80	19	295	0	0	34	0	0	34	0	0	19	19	0	0	68	19	16	18	40	0	0	0	0	0	0	0	0	0	0	20	19	21	18	80	19	284	0	0	34	0	0	34	0	0	19	19	0	0	68	19	0	0	34	0	0	0	0	0	0	0	0	0	0	19	19	0	0	68	19	16	18	40	0	0	0	0	0	0	0	0	0	0	0	0	0	0	0	0	0	0	20	19	21	18	80	19	273	0	0	34	0	0	34	0	0	19	19	0	0	68	19	0	0	34	0	0	0	0	0	0	0	0	0	0	19	19	0	0	68	19	0	0	34	0	0	0	0	0	0	0	0	0	0	0	0	0	0	0	0	0	0	19	19	0	0	68	19	16	18	40	0	0	0	0	0	0	0	0	0	0	0	0	0	0	0	0	0	0	0	0	0	0	0	0	0	0	20	19	21	18	80	19
476	460	29	48	77	444	6	0	39	29	48	77	9	0	59	86	29	96	308	212	428	1	0	3	6	0	39	0	0	40	0	2	0	156	133	29	48	77	0	0	51	15	0	0	0	153	9	0	59	86	29	96	308	212	412	1	0	0	1	0	3	0	0	6	0	1	0	12	130	6	0	39	0	0	36	0	0	0	0	99	0	0	40	0	2	0	156	133	29	48	77	0	0	0	0	0	0	0	0	0	0	51	15	0	0	0	153	9	0	59	86	29	96	308	212	396	1	0	0	1	0	0	0	0	0	0	1	0	0	130	1	0	3	0	0	9	0	0	0	0	82	0	0	6	0	1	0	12	130	6	0	39	0	0	0	0	0	0	0	0	0	0	36	0	0	0	0	99	0	0	40	0	2	0	156	133	29	48	77	0	0	0	0	0	0	0	0	0	0	0	0	0	0	0	0	0	0	51	15	0	0	0	153	9	0	59	86	29	96	308	212
296	286	23	24	12	276	3	0	8	23	24	12	6	0	16	0	21	48	48	19	266	0	0	3	3	0	8	0	0	16	0	1	0	32	19	23	24	12	0	0	24	15	0	0	0	0	6	0	16	0	21	48	48	19	256	0	0	0	0	0	3	0	0	6	0	0	0	12	19	3	0	8	0	0	24	0	0	0	0	0	0	0	16	0	1	0	32	19	23	24	12	0	0	0	0	0	0	0	0	0	0	24	15	0	0	0	0	6	0	16	0	21	48	48	19	246	0	0	0	0	0	0	0	0	0	0	0	0	0	19	0	0	3	0	0	9	0	0	0	0	0	0	0	6	0	0	0	12	19	3	0	8	0	0	0	0	0	0	0	0	0	0	24	0	0	0	0	0	0	0	16	0	1	0	32	19	23	24	12	0	0	0	0	0	0	0	0	0	0	0	0	0	0	0	0	0	0	24	15	0	0	0	0	6	0	16	0	21	48	48	19
209	202	15	6	15	195	1	0	0	15	6	15	1	0	11	0	25	0	15	124	188	0	0	0	1	0	0	0	0	0	0	0	0	0	106	15	6	15	0	0	11	0	0	0	0	0	1	0	11	0	25	0	15	124	181	0	0	0	0	0	0	0	0	0	0	0	0	0	103	1	0	0	0	0	0	0	0	0	0	0	0	0	0	0	0	0	0	106	15	6	15	0	0	0	0	0	0	0	0	0	0	11	0	0	0	0	0	1	0	11	0	25	0	15	124	174	0	0	0	0	0	0	0	0	0	0	0	0	0	103	0	0	0	0	0	0	0	0	0	0	0	0	0	0	0	0	0	0	103	1	0	0	0	0	0	0	0	0	0	0	0	0	0	0	0	0	0	0	0	0	0	0	0	0	0	106	15	6	15	0	0	0	0	0	0	0	0	0	0	0	0	0	0	0	0	0	0	11	0	0	0	0	0	1	0	11	0	25	0	15	124
549	530	20	34	164	511	0	0	117	20	34	164	0	0	133	105	4	0	328	204	492	0	0	98	0	0	117	0	0	122	63	0	0	234	135	20	34	164	0	0	0	102	0	0	0	105	0	0	133	105	4	0	328	204	473	0	0	78	0	0	98	0	0	104	29	0	0	196	82	0	0	117	0	0	0	51	0	0	0	87	0	0	122	63	0	0	234	135	20	34	164	0	0	0	54	0	0	0	79	0	0	0	102	0	0	0	105	0	0	133	105	4	0	328	204	454	0	0	73	0	0	78	0	0	74	23	0	0	156	76	0	0	98	0	0	0	49	0	0	0	84	0	0	104	29	0	0	196	82	0	0	117	0	0	0	37	0	0	0	60	0	0	0	51	0	0	0	87	0	0	122	63	0	0	234	135	20	34	164	0	0	0	23	0	0	0	0	0	0	0	54	0	0	0	79	0	0	0	102	0	0	0	105	0	0	133	105	4	0	328	204
315	304	11	28	32	293	0	0	31	11	28	32	0	0	26	11	1	7	128	0	282	0	0	31	0	0	31	0	0	26	11	0	0	124	0	11	28	32	0	0	0	0	0	0	0	0	0	0	26	11	1	7	128	0	271	0	0	31	0	0	31	0	0	26	11	0	0	124	0	0	0	31	0	0	0	0	0	0	0	0	0	0	26	11	0	0	124	0	11	28	32	0	0	0	0	0	0	0	0	0	0	0	0	0	0	0	0	0	0	26	11	1	7	128	0	260	0	0	31	0	0	31	0	0	26	11	0	0	124	0	0	0	31	0	0	0	0	0	0	0	0	0	0	26	11	0	0	124	0	0	0	31	0	0	0	0	0	0	0	0	0	0	0	0	0	0	0	0	0	0	26	11	0	0	124	0	11	28	32	0	0	0	0	1	0	0	0	0	0	0	0	0	0	0	0	0	0	0	0	0	0	0	0	0	0	26	11	1	7	128	0
348	336	12	0	80	324	0	0	31	12	0	80	0	0	0	51	1	0	0	219	312	0	0	30	0	0	31	0	0	0	49	0	0	0	135	12	0	80	0	0	0	11	0	0	0	0	0	0	0	51	1	0	0	219	300	0	0	30	0	0	30	0	0	0	49	0	0	0	82	0	0	31	0	0	0	11	0	0	0	0	0	0	0	49	0	0	0	135	12	0	80	0	0	0	0	0	0	0	0	0	0	0	11	0	0	0	0	0	0	0	51	1	0	0	219	288	0	0	30	0	0	30	0	0	0	49	0	0	0	76	0	0	30	0	0	0	11	0	0	0	0	0	0	0	49	0	0	0	82	0	0	31	0	0	0	0	0	0	0	0	0	0	0	11	0	0	0	0	0	0	0	49	0	0	0	135	12	0	80	0	0	0	0	0	0	0	0	0	0	0	0	0	0	0	0	0	0	0	11	0	0	0	0	0	0	0	51	1	0	0	219
345	333	13	27	57	321	0	0	24	13	27	57	0	0	48	48	2	0	171	164	309	0	0	20	0	0	24	0	0	40	40	0	0	72	101	13	27	57	0	0	0	48	0	0	0	0	0	0	48	48	2	0	171	164	297	0	0	3	0	0	20	0	0	36	6	0	0	60	48	0	0	24	0	0	0	0	0	0	0	0	0	0	40	40	0	0	72	101	13	27	57	0	0	0	15	0	0	0	79	0	0	0	48	0	0	0	0	0	0	48	48	2	0	171	164	285	0	0	0	0	0	3	0	0	9	0	0	0	9	42	0	0	20	0	0	0	0	0	0	0	0	0	0	36	6	0	0	60	48	0	0	24	0	0	0	0	0	0	0	60	0	0	0	0	0	0	0	0	0	0	40	40	0	0	72	101	13	27	57	0	0	0	0	0	0	0	0	0	0	0	15	0	0	0	79	0	0	0	48	0	0	0	0	0	0	48	48	2	0	171	164
258	249	9	18	18	240	0	0	0	9	18	18	0	0	0	0	1	0	54	89	231	0	0	0	0	0	0	0	0	0	0	0	0	0	47	9	18	18	0	0	0	0	0	0	0	0	0	0	0	0	1	0	54	89	222	0	0	0	0	0	0	0	0	0	0	0	0	0	6	0	0	0	0	0	0	0	0	0	0	0	0	0	0	0	0	0	0	47	9	18	18	0	0	0	0	0	0	0	0	0	0	0	0	0	0	0	0	0	0	0	0	1	0	54	89	213	0	0	0	0	0	0	0	0	0	0	0	0	0	0	0	0	0	0	0	0	0	0	0	0	0	0	0	0	0	0	0	0	6	0	0	0	0	0	0	0	0	0	0	0	0	0	0	0	0	0	0	0	0	0	0	0	0	0	0	47	9	18	18	0	0	0	0	0	0	0	0	0	0	0	0	0	0	0	0	0	0	0	0	0	0	0	0	0	0	0	0	1	0	54	89
419	404	16	14	119	389	8	0	107	16	14	119	2	0	71	62	8	0	119	32	374	8	0	105	8	0	107	2	0	71	58	8	0	107	31	16	14	119	0	0	0	16	2	0	0	0	2	0	71	62	8	0	119	32	359	8	0	104	8	0	105	2	0	71	57	8	0	105	31	8	0	107	0	0	0	16	2	0	0	0	2	0	71	58	8	0	107	31	16	14	119	3	0	0	15	0	0	0	0	0	0	0	16	2	0	0	0	2	0	71	62	8	0	119	32	344	4	0	84	8	0	104	2	0	71	46	8	0	104	31	8	0	105	0	0	0	6	2	0	0	0	2	0	71	57	8	0	105	31	8	0	107	0	0	0	14	0	0	0	0	0	0	0	16	2	0	0	0	2	0	71	58	8	0	107	31	16	14	119	3	0	23	125	10	14	0	0	3	0	0	15	0	0	0	0	0	0	0	16	2	0	0	0	2	0	71	62	8	0	119	32
385	371	27	35	69	357	15	13	69	27	35	69	6	0	110	0	18	0	138	0	343	15	13	69	15	13	69	6	0	110	0	18	0	138	0	27	35	69	0	0	0	0	5	0	0	0	6	0	110	0	18	0	138	0	329	15	13	69	15	13	69	6	0	110	0	18	0	138	0	15	13	69	0	0	0	0	5	0	0	0	6	0	110	0	18	0	138	0	27	35	69	11	0	0	0	1	0	0	0	0	0	0	0	5	0	0	0	6	0	110	0	18	0	138	0	315	6	11	54	15	13	69	6	0	110	0	18	0	138	0	15	13	69	0	0	0	0	5	0	0	0	6	0	110	0	18	0	138	0	15	13	69	2	0	0	0	1	0	0	0	0	0	0	0	5	0	0	0	6	0	110	0	18	0	138	0	27	35	69	5	22	41	101	17	33	0	0	11	0	0	0	1	0	0	0	0	0	0	0	5	0	0	0	6	0	110	0	18	0	138	0
532	513	7	0	198	494	2	0	150	7	0	198	0	0	21	125	0	0	0	271	475	2	0	143	2	0	150	0	0	21	114	0	0	0	172	7	0	198	0	0	0	81	0	0	0	0	0	0	21	125	0	0	0	271	456	2	0	121	2	0	143	0	0	21	93	0	0	0	149	2	0	150	0	0	0	40	0	0	0	0	0	0	21	114	0	0	0	172	7	0	198	0	0	0	141	0	0	0	105	0	0	0	81	0	0	0	0	0	0	21	125	0	0	0	271	437	2	0	91	2	0	121	0	0	21	57	0	0	0	112	2	0	143	0	0	0	6	0	0	0	0	0	0	21	93	0	0	0	149	2	0	150	0	0	0	84	0	0	0	87	0	0	0	40	0	0	0	0	0	0	21	114	0	0	0	172	7	0	198	2	0	0	129	6	0	0	79	0	0	0	141	0	0	0	105	0	0	0	81	0	0	0	0	0	0	21	125	0	0	0	271
336	324	6	0	82	312	1	0	41	6	0	82	0	0	21	20	0	0	0	271	300	1	0	39	1	0	41	0	0	21	16	0	0	0	172	6	0	82	0	0	0	16	0	0	0	0	0	0	21	20	0	0	0	271	288	1	0	38	1	0	39	0	0	21	16	0	0	0	149	1	0	41	0	0	0	16	0	0	0	0	0	0	21	16	0	0	0	172	6	0	82	0	0	0	9	0	0	0	0	0	0	0	16	0	0	0	0	0	0	21	20	0	0	0	271	276	1	0	16	1	0	38	0	0	21	6	0	0	0	112	1	0	39	0	0	0	6	0	0	0	0	0	0	21	16	0	0	0	149	1	0	41	0	0	0	0	0	0	0	0	0	0	0	16	0	0	0	0	0	0	21	16	0	0	0	172	6	0	82	2	0	0	67	6	0	0	27	0	0	0	9	0	0	0	0	0	0	0	16	0	0	0	0	0	0	21	20	0	0	0	271
252	243	6	0	43	234	1	0	21	6	0	43	0	0	21	0	0	0	0	107	225	1	0	21	1	0	21	0	0	21	0	0	0	0	55	6	0	43	0	0	0	0	0	0	0	0	0	0	21	0	0	0	0	107	216	1	0	21	1	0	21	0	0	21	0	0	0	0	51	1	0	21	0	0	0	0	0	0	0	0	0	0	21	0	0	0	0	55	6	0	43	0	0	0	0	0	0	0	0	0	0	0	0	0	0	0	0	0	0	21	0	0	0	0	107	207	1	0	13	1	0	21	0	0	21	0	0	0	0	34	1	0	21	0	0	0	0	0	0	0	0	0	0	21	0	0	0	0	51	1	0	21	0	0	0	0	0	0	0	0	0	0	0	0	0	0	0	0	0	0	21	0	0	0	0	55	6	0	43	2	0	0	52	6	0	0	0	0	0	0	0	0	0	0	0	0	0	0	0	0	0	0	0	0	0	21	0	0	0	0	107
409	393	60	53	91	377	53	52	76	60	53	91	33	14	4	49	118	69	0	69	361	48	52	76	53	52	76	28	14	4	49	96	68	0	69	60	53	91	26	0	8	0	27	36	0	0	33	14	4	49	118	69	0	69	345	40	50	76	48	52	76	19	14	4	49	82	68	0	69	53	52	76	22	0	8	0	18	36	0	0	28	14	4	49	96	68	0	69	60	53	91	24	24	45	0	11	12	0	0	26	0	8	0	27	36	0	0	33	14	4	49	118	69	0	69	329	25	24	76	40	50	76	8	12	4	49	68	62	0	69	48	52	76	18	0	8	0	18	36	0	0	19	14	4	49	82	68	0	69	53	52	76	19	24	42	0	7	12	0	0	22	0	8	0	18	36	0	0	28	14	4	49	96	68	0	69	60	53	91	2	24	70	0	0	0	182	0	24	24	45	0	11	12	0	0	26	0	8	0	27	36	0	0	33	14	4	49	118	69	0	69
314	301	79	54	34	288	63	47	34	79	54	34	66	0	4	0	165	127	34	0	275	54	44	34	63	47	34	46	0	4	0	119	99	34	0	79	54	34	36	24	8	0	30	57	0	0	66	0	4	0	165	127	34	0	262	47	41	34	54	44	34	31	0	4	0	101	84	34	0	63	47	34	24	24	8	0	24	36	0	0	46	0	4	0	119	99	34	0	79	54	34	19	21	24	0	14	22	0	0	36	24	8	0	30	57	0	0	66	0	4	0	165	127	34	0	249	33	20	34	47	41	34	23	0	4	0	91	83	34	0	54	44	34	20	24	8	0	22	36	0	0	31	0	4	0	101	84	34	0	63	47	34	11	0	24	0	7	8	0	0	24	24	8	0	24	36	0	0	46	0	4	0	119	99	34	0	79	54	34	4	0	52	0	8	0	102	0	19	21	24	0	14	22	0	0	36	24	8	0	30	57	0	0	66	0	4	0	165	127	34	0
401	386	34	14	147	371	34	14	104	34	14	147	14	0	0	186	56	0	0	188	356	34	14	104	34	14	104	14	0	0	186	56	0	0	176	34	14	147	10	0	0	0	13	0	0	0	14	0	0	186	56	0	0	188	341	26	14	104	34	14	104	14	0	0	186	56	0	0	174	34	14	104	10	0	0	0	13	0	0	0	14	0	0	186	56	0	0	176	34	14	147	11	0	75	0	5	0	0	0	10	0	0	0	13	0	0	0	14	0	0	186	56	0	0	188	326	14	0	104	26	14	104	7	0	0	186	44	0	0	173	34	14	104	10	0	0	0	13	0	0	0	14	0	0	186	56	0	0	174	34	14	104	11	0	66	0	5	0	0	0	10	0	0	0	13	0	0	0	14	0	0	186	56	0	0	176	34	14	147	4	0	71	0	0	0	147	0	11	0	75	0	5	0	0	0	10	0	0	0	13	0	0	0	14	0	0	186	56	0	0	188
356	341	70	73	36	326	50	71	35	70	73	36	40	22	4	9	158	188	0	0	311	44	65	35	50	71	35	32	22	4	9	96	182	0	0	70	73	36	24	48	8	0	32	38	0	0	40	22	4	9	158	188	0	0	296	39	62	35	44	65	35	23	16	4	9	80	155	0	0	50	71	35	20	48	8	0	20	38	0	0	32	22	4	9	96	182	0	0	70	73	36	19	24	24	0	17	8	0	0	24	48	8	0	32	38	0	0	40	22	4	9	158	188	0	0	281	24	38	35	39	62	35	15	16	4	9	71	146	0	0	44	65	35	16	48	8	0	18	38	0	0	23	16	4	9	80	155	0	0	50	71	35	8	24	24	0	6	8	0	0	20	48	8	0	20	38	0	0	32	22	4	9	96	182	0	0	70	73	36	4	0	52	0	8	0	108	0	19	24	24	0	17	8	0	0	24	48	8	0	32	38	0	0	40	22	4	9	158	188	0	0
303	288	84	93	4	273	56	83	4	84	93	4	68	44	4	0	190	226	8	0	258	47	74	4	56	83	4	48	44	4	0	119	201	8	0	84	93	4	28	45	8	0	28	37	0	0	68	44	4	0	190	226	8	0	243	40	68	4	47	74	4	33	44	4	0	101	177	8	0	56	83	4	15	45	8	0	16	26	0	0	48	44	4	0	119	201	8	0	84	93	4	19	18	12	0	13	14	0	0	28	45	8	0	28	37	0	0	68	44	4	0	190	226	8	0	228	27	59	4	40	68	4	23	44	4	0	90	175	8	0	47	74	4	11	45	8	0	14	26	0	0	33	44	4	0	101	177	8	0	56	83	4	7	0	12	0	7	5	0	0	15	45	8	0	16	26	0	0	48	44	4	0	119	201	8	0	84	93	4	8	0	8	0	17	23	12	0	19	18	12	0	13	14	0	0	28	45	8	0	28	37	0	0	68	44	4	0	190	226	8	0
384	368	67	95	18	352	46	53	4	67	95	18	42	132	16	16	115	135	72	38	336	40	27	4	46	53	4	33	36	8	16	90	82	16	38	67	95	18	21	48	24	0	13	39	54	0	42	132	16	16	115	135	72	38	320	30	15	4	40	27	4	24	0	8	16	75	66	16	38	46	53	4	15	0	12	0	9	30	12	0	33	36	8	16	90	82	16	38	67	95	18	5	0	46	0	2	13	36	0	21	48	24	0	13	39	54	0	42	132	16	16	115	135	72	38	304	25	15	4	30	15	4	20	0	8	16	68	60	16	38	40	27	4	15	0	12	0	9	18	12	0	24	0	8	16	75	66	16	38	46	53	4	0	0	8	0	2	10	8	0	15	0	12	0	9	30	12	0	33	36	8	16	90	82	16	38	67	95	18	2	0	0	0	10	0	0	0	5	0	46	0	2	13	36	0	21	48	24	0	13	39	54	0	42	132	16	16	115	135	72	38
337	320	93	117	3	303	56	98	0	93	117	3	65	127	0	0	170	278	3	4	286	52	95	0	56	98	0	51	120	0	0	102	249	0	4	93	117	3	27	23	0	0	18	6	0	0	65	127	0	0	170	278	3	4	269	47	86	0	52	95	0	45	116	0	0	99	244	0	4	56	98	0	19	18	0	0	11	6	0	0	51	120	0	0	102	249	0	4	93	117	3	8	20	9	0	12	0	3	0	27	23	0	0	18	6	0	0	65	127	0	0	170	278	3	4	252	44	65	0	47	86	0	45	92	0	0	97	224	0	4	52	95	0	19	17	0	0	11	5	0	0	45	116	0	0	99	244	0	4	56	98	0	2	0	0	0	12	0	0	0	19	18	0	0	11	6	0	0	51	120	0	0	102	249	0	4	93	117	3	7	5	0	0	23	13	12	0	8	20	9	0	12	0	3	0	27	23	0	0	18	6	0	0	65	127	0	0	170	278	3	4
179	172	48	12	0	165	37	0	0	48	12	0	48	0	0	0	78	12	0	0	158	34	0	0	37	0	0	36	0	0	0	70	0	0	0	48	12	0	12	0	0	0	4	0	0	0	48	0	0	0	78	12	0	0	151	31	0	0	34	0	0	30	0	0	0	68	0	0	0	37	0	0	3	0	0	0	4	0	0	0	36	0	0	0	70	0	0	0	48	12	0	7	0	0	0	1	0	0	0	12	0	0	0	4	0	0	0	48	0	0	0	78	12	0	0	144	25	0	0	31	0	0	26	0	0	0	65	0	0	0	34	0	0	3	0	0	0	4	0	0	0	30	0	0	0	68	0	0	0	37	0	0	0	0	0	0	1	0	0	0	3	0	0	0	4	0	0	0	36	0	0	0	70	0	0	0	48	12	0	5	0	0	0	5	0	0	0	7	0	0	0	1	0	0	0	12	0	0	0	4	0	0	0	48	0	0	0	78	12	0	0
177	169	63	22	0	161	47	18	0	63	22	0	69	0	0	0	119	36	0	0	153	44	18	0	47	18	0	57	0	0	0	95	36	0	0	63	22	0	21	0	0	0	6	0	0	0	69	0	0	0	119	36	0	0	145	41	17	0	44	18	0	51	0	0	0	93	36	0	0	47	18	0	12	0	0	0	6	0	0	0	57	0	0	0	95	36	0	0	63	22	0	8	4	0	0	4	0	0	0	21	0	0	0	6	0	0	0	69	0	0	0	119	36	0	0	137	35	12	0	41	17	0	47	0	0	0	90	33	0	0	44	18	0	12	0	0	0	6	0	0	0	51	0	0	0	93	36	0	0	47	18	0	2	0	0	0	4	0	0	0	12	0	0	0	6	0	0	0	57	0	0	0	95	36	0	0	63	22	0	6	6	0	0	8	6	0	0	8	4	0	0	4	0	0	0	21	0	0	0	6	0	0	0	69	0	0	0	119	36	0	0
278	262	87	106	0	246	60	90	0	85	106	0	53	80	0	0	163	205	0	0	230	60	90	0	58	90	0	53	80	0	0	120	188	0	0	85	106	0	13	0	0	0	18	0	0	0	53	80	0	0	163	205	0	0	214	59	88	0	58	90	0	53	80	0	0	120	188	0	0	58	90	0	12	0	0	0	5	0	0	0	53	80	0	0	120	188	0	0	85	106	0	13	6	0	0	6	0	0	0	13	0	0	0	18	0	0	0	53	80	0	0	163	205	0	0	198	52	82	0	57	88	0	49	80	0	0	118	182	0	0	58	90	0	12	0	0	0	5	0	0	0	53	80	0	0	120	188	0	0	58	90	0	5	0	0	0	4	0	0	0	12	0	0	0	5	0	0	0	53	80	0	0	120	188	0	0	85	106	0	29	24	0	0	46	20	0	0	13	6	0	0	6	0	0	0	13	0	0	0	18	0	0	0	53	80	0	0	163	205	0	0
330	315	88	57	31	300	64	51	8	86	57	31	61	63	45	8	135	83	0	21	285	59	50	4	62	51	8	49	60	24	4	121	80	0	4	86	57	31	8	10	35	16	10	0	0	0	61	63	45	8	135	83	0	21	270	53	50	4	57	50	4	45	60	12	4	118	80	0	4	62	51	8	8	10	16	16	10	0	0	0	49	60	24	4	121	80	0	4	86	57	31	15	0	27	0	3	0	0	0	8	10	35	16	10	0	0	0	61	63	45	8	135	83	0	21	255	51	50	4	51	50	4	41	60	12	4	102	80	0	4	57	50	4	7	10	8	16	6	0	0	0	45	60	12	4	118	80	0	4	62	51	8	15	0	0	0	3	0	0	0	8	10	16	16	10	0	0	0	49	60	24	4	121	80	0	4	86	57	31	27	0	5	0	25	14	0	0	15	0	27	0	3	0	0	0	8	10	35	16	10	0	0	0	61	63	45	8	135	83	0	21
262	251	30	34	15	240	15	10	8	30	34	15	18	0	45	8	25	18	60	18	229	11	10	4	15	10	8	6	0	24	4	17	0	32	4	30	34	15	1	0	30	16	3	0	0	0	18	0	45	8	25	18	60	18	218	11	10	4	11	10	4	6	0	12	4	16	0	16	4	15	10	8	1	0	16	16	3	0	0	0	6	0	24	4	17	0	32	4	30	34	15	0	0	0	0	1	0	0	0	1	0	30	16	3	0	0	0	18	0	45	8	25	18	60	18	207	11	10	4	11	10	4	6	0	12	4	16	0	16	4	11	10	4	1	0	8	16	0	0	0	0	6	0	12	4	16	0	16	4	15	10	8	0	0	0	0	1	0	0	0	1	0	16	16	3	0	0	0	6	0	24	4	17	0	32	4	30	34	15	0	0	0	0	1	0	0	0	0	0	0	0	1	0	0	0	1	0	30	16	3	0	0	0	18	0	45	8	25	18	60	18
215	206	37	15	13	197	24	8	0	36	15	13	22	0	18	0	45	8	13	18	188	22	8	0	23	8	0	16	0	0	0	39	8	0	4	36	15	13	1	0	12	0	3	0	0	0	22	0	18	0	45	8	13	18	179	21	8	0	21	8	0	16	0	0	0	38	8	0	4	23	8	0	1	0	0	0	3	0	0	0	16	0	0	0	39	8	0	4	36	15	13	0	0	3	0	1	0	0	0	1	0	12	0	3	0	0	0	22	0	18	0	45	8	13	18	170	21	8	0	20	8	0	16	0	0	0	35	8	0	4	21	8	0	1	0	0	0	0	0	0	0	16	0	0	0	38	8	0	4	23	8	0	0	0	0	0	1	0	0	0	1	0	0	0	3	0	0	0	16	0	0	0	39	8	0	4	36	15	13	3	0	0	0	4	0	0	0	0	0	3	0	1	0	0	0	1	0	12	0	3	0	0	0	22	0	18	0	45	8	13	18
198	190	21	12	10	182	10	0	0	21	12	10	12	0	18	0	20	0	20	18	174	8	0	0	10	0	0	6	0	0	0	14	0	0	4	21	12	10	1	0	12	0	3	0	0	0	12	0	18	0	20	0	20	18	166	8	0	0	8	0	0	6	0	0	0	13	0	0	4	10	0	0	1	0	0	0	3	0	0	0	6	0	0	0	14	0	0	4	21	12	10	0	0	0	0	1	0	0	0	1	0	12	0	3	0	0	0	12	0	18	0	20	0	20	18	158	8	0	0	8	0	0	6	0	0	0	13	0	0	4	8	0	0	1	0	0	0	0	0	0	0	6	0	0	0	13	0	0	4	10	0	0	0	0	0	0	1	0	0	0	1	0	0	0	3	0	0	0	6	0	0	0	14	0	0	4	21	12	10	0	0	0	0	1	0	0	0	0	0	0	0	1	0	0	0	1	0	12	0	3	0	0	0	12	0	18	0	20	0	20	18
172	165	16	12	0	158	8	0	0	16	12	0	6	0	0	0	12	4	0	0	151	8	0	0	8	0	0	6	0	0	0	9	0	0	0	16	12	0	1	0	0	0	0	0	0	0	6	0	0	0	12	4	0	0	144	8	0	0	8	0	0	6	0	0	0	9	0	0	0	8	0	0	1	0	0	0	0	0	0	0	6	0	0	0	9	0	0	0	16	12	0	0	0	0	0	0	0	0	0	1	0	0	0	0	0	0	0	6	0	0	0	12	4	0	0	137	8	0	0	8	0	0	6	0	0	0	9	0	0	0	8	0	0	1	0	0	0	0	0	0	0	6	0	0	0	9	0	0	0	8	0	0	0	0	0	0	0	0	0	0	1	0	0	0	0	0	0	0	6	0	0	0	9	0	0	0	16	12	0	0	0	0	0	1	0	0	0	0	0	0	0	0	0	0	0	1	0	0	0	0	0	0	0	6	0	0	0	12	4	0	0
375	359	15	29	111	343	5	15	99	15	29	111	0	0	73	18	3	0	111	15	327	5	15	98	5	15	99	0	0	69	16	3	0	99	8	15	29	111	0	0	0	8	0	0	0	0	0	0	73	18	3	0	111	15	311	5	15	86	5	15	98	0	0	67	8	3	0	98	4	5	15	99	0	0	0	4	0	0	0	0	0	0	69	16	3	0	99	8	15	29	111	0	0	0	100	0	0	0	0	0	0	0	8	0	0	0	0	0	0	73	18	3	0	111	15	295	5	15	83	5	15	86	0	0	48	8	3	0	86	4	5	15	98	0	0	0	4	0	0	0	0	0	0	67	8	3	0	98	4	5	15	99	0	0	0	96	0	0	0	0	0	0	0	4	0	0	0	0	0	0	69	16	3	0	99	8	15	29	111	0	0	0	20	0	0	0	0	0	0	0	100	0	0	0	0	0	0	0	8	0	0	0	0	0	0	73	18	3	0	111	15
238	228	12	16	36	218	4	0	24	12	16	36	0	0	51	42	5	0	72	15	208	4	0	17	4	0	24	0	0	39	16	4	0	48	8	12	16	36	0	0	0	8	3	0	0	18	0	0	51	42	5	0	72	15	198	4	0	11	4	0	17	0	0	25	8	4	0	34	4	4	0	24	0	0	0	4	0	0	0	4	0	0	39	16	4	0	48	8	12	16	36	0	0	0	30	1	0	0	0	0	0	0	8	3	0	0	18	0	0	51	42	5	0	72	15	188	4	0	10	4	0	11	0	0	15	8	4	0	22	4	4	0	17	0	0	0	4	0	0	0	4	0	0	25	8	4	0	34	4	4	0	24	0	0	0	28	0	0	0	0	0	0	0	4	0	0	0	4	0	0	39	16	4	0	48	8	12	16	36	0	0	0	6	0	0	0	0	0	0	0	30	1	0	0	0	0	0	0	8	3	0	0	18	0	0	51	42	5	0	72	15
238	228	9	16	42	218	2	0	40	9	16	42	0	0	41	18	0	0	84	0	208	2	0	39	2	0	40	0	0	37	16	0	0	80	0	9	16	42	0	0	0	8	0	0	0	0	0	0	41	18	0	0	84	0	198	2	0	31	2	0	39	0	0	35	8	0	0	78	0	2	0	40	0	0	0	4	0	0	0	0	0	0	37	16	0	0	80	0	9	16	42	0	0	0	50	0	0	0	0	0	0	0	8	0	0	0	0	0	0	41	18	0	0	84	0	188	2	0	26	2	0	31	0	0	24	8	0	0	62	0	2	0	39	0	0	0	4	0	0	0	0	0	0	35	8	0	0	78	0	2	0	40	0	0	0	44	0	0	0	0	0	0	0	4	0	0	0	0	0	0	37	16	0	0	80	0	9	16	42	0	0	0	38	0	0	0	0	0	0	0	50	0	0	0	0	0	0	0	8	0	0	0	0	0	0	41	18	0	0	84	0
216	207	11	0	33	198	4	0	6	11	0	33	0	0	20	24	6	0	0	38	189	4	0	0	4	0	6	0	0	12	0	5	0	0	8	11	0	33	0	0	0	0	3	0	0	18	0	0	20	24	6	0	0	38	180	4	0	0	4	0	0	0	0	0	0	5	0	0	4	4	0	6	0	0	0	0	0	0	0	4	0	0	12	0	5	0	0	8	11	0	33	0	0	0	0	1	0	0	0	0	0	0	0	3	0	0	18	0	0	20	24	6	0	0	38	171	4	0	0	4	0	0	0	0	0	0	5	0	0	4	4	0	0	0	0	0	0	0	0	0	4	0	0	0	0	5	0	0	4	4	0	6	0	0	0	0	0	0	0	0	0	0	0	0	0	0	0	4	0	0	12	0	5	0	0	8	11	0	33	0	0	0	0	0	0	0	0	0	0	0	0	1	0	0	0	0	0	0	0	3	0	0	18	0	0	20	24	6	0	0	38
192	184	10	0	26	176	3	0	6	10	0	26	0	0	20	24	5	0	0	25	168	3	0	0	3	0	6	0	0	12	0	4	0	0	8	10	0	26	0	0	0	0	3	0	0	18	0	0	20	24	5	0	0	25	160	3	0	0	3	0	0	0	0	0	0	4	0	0	4	3	0	6	0	0	0	0	0	0	0	4	0	0	12	0	4	0	0	8	10	0	26	0	0	0	0	1	0	0	0	0	0	0	0	3	0	0	18	0	0	20	24	5	0	0	25	152	3	0	0	3	0	0	0	0	0	0	4	0	0	4	3	0	0	0	0	0	0	0	0	0	4	0	0	0	0	4	0	0	4	3	0	6	0	0	0	0	0	0	0	0	0	0	0	0	0	0	0	4	0	0	12	0	4	0	0	8	10	0	26	0	0	0	0	0	0	0	0	0	0	0	0	1	0	0	0	0	0	0	0	3	0	0	18	0	0	20	24	5	0	0	25
368	352	28	0	159	336	27	0	120	28	0	159	17	0	0	96	84	0	0	189	320	16	0	118	27	0	120	14	0	0	90	79	0	0	163	28	0	159	1	0	67	18	4	0	0	0	17	0	0	96	84	0	0	189	304	11	0	114	16	0	118	5	0	0	87	38	0	0	154	27	0	120	0	0	67	16	4	0	0	0	14	0	0	90	79	0	0	163	28	0	159	2	0	48	21	2	0	0	0	1	0	67	18	4	0	0	0	17	0	0	96	84	0	0	189	288	10	0	53	11	0	114	4	0	0	63	22	0	0	128	16	0	118	0	0	67	8	4	0	0	0	5	0	0	87	38	0	0	154	27	0	120	2	0	48	4	2	0	0	0	0	0	67	16	4	0	0	0	14	0	0	90	79	0	0	163	28	0	159	2	0	12	149	1	0	0	312	2	0	48	21	2	0	0	0	1	0	67	18	4	0	0	0	17	0	0	96	84	0	0	189
335	320	54	57	60	305	31	41	57	54	57	60	25	63	0	30	153	202	60	0	290	20	10	53	31	41	57	17	30	0	18	91	133	57	0	54	57	60	0	10	67	24	8	0	180	0	25	63	0	30	153	202	60	0	275	16	0	44	20	10	53	11	0	0	0	54	30	53	0	31	41	57	0	0	67	0	5	0	171	0	17	30	0	18	91	133	57	0	54	57	60	2	0	48	13	6	0	60	18	0	10	67	24	8	0	180	0	25	63	0	30	153	202	60	0	260	15	0	10	16	0	44	10	0	0	0	41	0	44	0	20	10	53	0	0	67	0	5	0	159	0	11	0	0	0	54	30	53	0	31	41	57	2	0	48	0	2	0	57	4	0	0	67	0	5	0	171	0	17	30	0	18	91	133	57	0	54	57	60	2	0	12	40	1	0	0	165	2	0	48	13	6	0	60	18	0	10	67	24	8	0	180	0	25	63	0	30	153	202	60	0
253	242	25	0	81	231	21	0	58	25	0	81	18	0	0	79	78	0	0	78	220	10	0	52	21	0	58	9	0	0	61	65	0	0	64	25	0	81	1	0	39	42	3	0	0	0	18	0	0	79	78	0	0	78	209	8	0	42	10	0	52	4	0	0	40	28	0	0	56	21	0	58	0	0	39	16	3	0	0	0	9	0	0	61	65	0	0	64	25	0	81	0	0	8	21	0	0	0	18	1	0	39	42	3	0	0	0	18	0	0	79	78	0	0	78	198	8	0	16	8	0	42	4	0	0	24	22	0	0	42	10	0	52	0	0	39	8	3	0	0	0	4	0	0	40	28	0	0	56	21	0	58	0	0	8	4	0	0	0	4	0	0	39	16	3	0	0	0	9	0	0	61	65	0	0	64	25	0	81	0	0	0	64	1	0	0	74	0	0	8	21	0	0	0	18	1	0	39	42	3	0	0	0	18	0	0	79	78	0	0	78
134	128	29	11	6	122	17	3	6	29	11	6	24	6	24	0	67	14	12	0	116	11	0	5	17	3	6	11	0	24	0	39	3	12	0	29	11	6	2	0	6	5	1	0	6	0	24	6	24	0	67	14	12	0	110	10	0	0	11	0	5	8	0	20	0	23	0	10	0	17	3	6	1	0	6	0	1	0	6	0	11	0	24	0	39	3	12	0	29	11	6	0	0	0	0	3	0	0	3	2	0	6	5	1	0	6	0	24	6	24	0	67	14	12	0	104	10	0	0	10	0	0	8	0	0	0	20	0	0	0	11	0	5	1	0	5	0	1	0	5	0	8	0	20	0	23	0	10	0	17	3	6	0	0	0	0	3	0	0	0	1	0	6	0	1	0	6	0	11	0	24	0	39	3	12	0	29	11	6	0	0	0	0	1	0	0	0	0	0	0	0	3	0	0	3	2	0	6	5	1	0	6	0	24	6	24	0	67	14	12	0
177	169	26	21	0	161	10	6	0	26	21	0	10	18	0	0	59	54	0	0	153	6	0	0	10	6	0	5	0	0	0	20	15	0	0	26	21	0	1	0	0	0	1	0	0	0	10	18	0	0	59	54	0	0	145	5	0	0	6	0	0	2	0	0	0	9	0	0	0	10	6	0	0	0	0	0	1	0	0	0	5	0	0	0	20	15	0	0	26	21	0	0	0	0	0	5	0	0	0	1	0	0	0	1	0	0	0	10	18	0	0	59	54	0	0	137	5	0	0	5	0	0	2	0	0	0	6	0	0	0	6	0	0	0	0	0	0	1	0	0	0	2	0	0	0	9	0	0	0	10	6	0	0	0	0	0	3	0	0	0	0	0	0	0	1	0	0	0	5	0	0	0	20	15	0	0	26	21	0	0	0	0	0	0	0	0	0	0	0	0	0	5	0	0	0	1	0	0	0	1	0	0	0	10	18	0	0	59	54	0	0
142	135	28	11	13	128	18	6	6	28	11	13	26	0	16	6	60	5	13	6	121	18	6	6	18	6	6	26	0	6	6	42	0	6	6	28	11	13	10	0	0	0	3	0	0	0	26	0	16	6	60	5	13	6	114	18	6	5	18	6	6	26	0	6	5	42	0	6	5	18	6	6	10	0	0	0	3	0	0	0	26	0	6	6	42	0	6	6	28	11	13	2	0	0	5	6	0	0	0	10	0	0	0	3	0	0	0	26	0	16	6	60	5	13	6	107	18	6	0	18	6	5	26	0	5	0	42	0	5	0	18	6	6	10	0	0	0	3	0	0	0	26	0	6	5	42	0	6	5	18	6	6	2	0	0	0	6	0	0	0	10	0	0	0	3	0	0	0	26	0	6	6	42	0	6	6	28	11	13	0	0	0	0	2	0	0	3	2	0	0	5	6	0	0	0	10	0	0	0	3	0	0	0	26	0	16	6	60	5	13	6
230	218	54	43	13	206	30	27	6	54	43	13	39	18	16	6	119	57	26	6	194	29	27	6	30	27	6	35	18	6	6	71	36	12	6	54	43	13	22	0	0	0	5	9	0	0	39	18	16	6	119	57	26	6	182	26	27	5	29	27	6	32	18	6	5	69	36	12	5	30	27	6	10	0	0	0	5	9	0	0	35	18	6	6	71	36	12	6	54	43	13	6	0	0	5	11	27	0	0	22	0	0	0	5	9	0	0	39	18	16	6	119	57	26	6	170	26	27	0	26	27	5	32	18	5	0	61	36	10	0	29	27	6	10	0	0	0	5	9	0	0	32	18	6	5	69	36	12	5	30	27	6	6	0	0	0	11	27	0	0	10	0	0	0	5	9	0	0	35	18	6	6	71	36	12	6	54	43	13	4	0	0	0	9	0	0	3	6	0	0	5	11	27	0	0	22	0	0	0	5	9	0	0	39	18	16	6	119	57	26	6
313	294	82	140	17	275	40	101	16	82	140	17	39	213	7	6	161	325	51	0	256	38	92	16	40	101	16	30	186	6	6	82	242	48	0	82	140	17	13	96	0	0	8	20	0	0	39	213	7	6	161	325	51	0	237	35	90	12	38	92	16	27	180	6	5	78	224	48	0	40	101	16	1	90	0	0	4	20	0	0	30	186	6	6	82	242	48	0	82	140	17	7	20	0	15	11	30	0	0	13	96	0	0	8	20	0	0	39	213	7	6	161	325	51	0	218	34	90	0	35	90	12	27	180	5	0	70	220	36	0	38	92	16	1	90	0	0	4	20	0	0	27	180	6	5	78	224	48	0	40	101	16	4	20	0	0	11	30	0	0	1	90	0	0	4	20	0	0	30	186	6	6	82	242	48	0	82	140	17	11	0	0	0	25	15	0	3	7	20	0	15	11	30	0	0	13	96	0	0	8	20	0	0	39	213	7	6	161	325	51	0
218	206	61	52	7	194	33	32	6	61	52	7	39	32	7	6	137	92	28	0	182	32	32	6	33	32	6	35	32	6	6	83	48	24	0	61	52	7	24	0	0	0	5	8	0	0	39	32	7	6	137	92	28	0	170	28	32	5	32	32	6	32	32	6	5	81	48	24	0	33	32	6	10	0	0	0	5	8	0	0	35	32	6	6	83	48	24	0	60	52	7	8	0	0	5	12	32	0	0	24	0	0	0	5	8	0	0	39	32	7	6	137	92	28	0	158	27	32	0	28	32	5	31	32	5	0	68	48	20	0	32	32	6	10	0	0	0	5	8	0	0	32	32	6	5	81	48	24	0	32	32	6	6	0	0	0	10	32	0	0	10	0	0	0	5	8	0	0	35	32	6	6	83	48	24	0	59	52	7	5	0	0	0	9	8	0	3	8	0	0	5	12	32	0	0	24	0	0	0	5	8	0	0	38	32	7	6	132	92	28	0
215	205	60	25	13	195	30	0	0	60	25	13	37	0	36	0	145	80	65	60	185	29	0	0	30	0	0	34	0	0	0	69	0	0	57	60	25	13	9	0	10	0	6	0	0	0	37	0	36	0	145	80	65	60	175	29	0	0	29	0	0	34	0	0	0	66	0	0	53	30	0	0	9	0	0	0	6	0	0	0	34	0	0	0	69	0	0	57	60	25	13	6	0	0	0	18	0	0	0	9	0	10	0	6	0	0	0	37	0	36	0	145	80	65	60	165	29	0	0	29	0	0	34	0	0	0	66	0	0	44	29	0	0	9	0	0	0	6	0	0	0	34	0	0	0	66	0	0	53	30	0	0	6	0	0	0	14	0	0	0	9	0	0	0	6	0	0	0	34	0	0	0	69	0	0	57	60	25	13	4	0	0	0	4	0	0	0	6	0	0	0	18	0	0	0	9	0	10	0	6	0	0	0	37	0	36	0	145	80	65	60
290	276	59	40	53	262	33	0	40	59	40	53	24	0	54	19	143	100	212	20	248	33	0	22	33	0	40	24	0	53	0	74	0	160	6	59	40	53	9	0	0	52	14	0	0	60	24	0	54	19	143	100	212	20	234	31	0	22	33	0	22	24	0	36	0	74	0	88	6	33	0	40	1	0	0	52	6	0	0	57	24	0	53	0	74	0	160	6	59	40	53	6	0	0	0	12	20	0	0	9	0	0	52	14	0	0	60	24	0	54	19	143	100	212	20	220	30	0	22	31	0	22	24	0	36	0	74	0	88	5	33	0	22	1	0	0	52	6	0	0	53	24	0	36	0	74	0	88	6	33	0	40	4	0	0	0	8	0	0	0	1	0	0	52	6	0	0	57	24	0	53	0	74	0	160	6	59	40	53	4	0	16	0	4	0	0	0	6	0	0	0	12	20	0	0	9	0	0	52	14	0	0	60	24	0	54	19	143	100	212	20
352	332	76	131	62	312	33	75	56	76	131	62	21	90	54	10	170	361	310	13	292	32	75	35	33	75	56	18	90	53	0	74	195	280	0	74	131	62	9	0	0	91	21	15	0	60	21	90	54	10	170	361	310	13	272	30	75	35	32	75	35	18	90	36	0	72	195	175	0	31	75	56	1	0	0	91	8	15	0	57	18	90	53	0	74	195	280	0	74	131	62	6	0	0	0	8	20	0	0	9	0	0	91	21	15	0	60	21	90	54	10	170	361	310	13	252	29	75	35	30	75	35	18	90	36	0	72	195	175	0	30	75	35	1	0	0	91	6	15	0	53	18	90	36	0	72	195	175	0	31	75	56	4	0	0	0	4	0	0	0	1	0	0	91	8	15	0	57	18	90	53	0	74	195	280	0	74	131	62	4	0	16	0	14	0	0	0	6	0	0	0	8	20	0	0	9	0	0	91	21	15	0	60	21	90	54	10	170	361	310	13
323	307	62	29	69	291	43	15	31	62	29	69	48	0	11	53	154	44	69	63	275	43	15	11	43	15	31	48	0	10	24	105	30	31	34	62	29	69	10	0	0	21	7	0	0	66	48	0	11	53	154	44	69	63	259	43	15	11	43	15	11	48	0	0	24	105	30	11	34	43	15	31	10	0	0	21	7	0	0	63	48	0	10	24	105	30	31	34	62	29	69	6	0	0	0	18	0	0	0	10	0	0	21	7	0	0	66	48	0	11	53	154	44	69	63	243	43	15	10	43	15	11	48	0	0	20	105	30	11	27	43	15	11	10	0	0	20	7	0	0	58	48	0	0	24	105	30	11	34	43	15	31	6	0	0	0	14	0	0	0	10	0	0	21	7	0	0	63	48	0	10	24	105	30	31	34	62	29	69	4	0	0	5	7	0	0	0	6	0	0	0	18	0	0	0	10	0	0	21	7	0	0	66	48	0	11	53	154	44	69	63
287	270	79	96	31	253	45	74	8	79	96	31	48	52	0	0	177	244	62	50	236	44	74	5	45	74	8	44	52	0	0	113	209	16	28	79	96	31	23	0	0	15	10	11	0	0	48	52	0	0	177	244	62	50	219	40	70	5	44	74	5	41	52	0	0	111	209	10	28	45	74	8	9	0	0	15	8	11	0	0	44	52	0	0	113	209	16	28	77	96	31	6	44	0	0	14	44	0	0	23	0	0	15	10	11	0	0	48	52	0	0	176	244	62	50	202	38	66	5	40	70	5	40	44	0	0	98	195	10	22	44	74	5	9	0	0	15	8	11	0	0	41	52	0	0	111	209	10	28	43	74	8	2	44	0	0	10	44	0	0	9	0	0	15	8	11	0	0	44	52	0	0	112	209	16	28	73	96	31	13	44	0	0	17	26	0	0	6	44	0	0	14	44	0	0	23	0	0	15	9	11	0	0	46	52	0	0	159	244	62	50
236	224	57	39	16	212	32	11	0	57	39	16	36	0	0	0	142	99	64	37	200	32	11	0	32	11	0	36	0	0	0	79	22	0	22	57	39	16	9	0	0	0	13	0	0	0	36	0	0	0	142	99	64	37	188	32	11	0	32	11	0	36	0	0	0	79	22	0	22	32	11	0	9	0	0	0	5	0	0	0	36	0	0	0	79	22	0	22	57	39	16	6	0	0	0	15	0	0	0	9	0	0	0	13	0	0	0	36	0	0	0	142	99	64	37	176	32	11	0	32	11	0	36	0	0	0	79	22	0	17	32	11	0	9	0	0	0	5	0	0	0	36	0	0	0	79	22	0	22	32	11	0	6	0	0	0	11	0	0	0	9	0	0	0	5	0	0	0	36	0	0	0	79	22	0	22	57	39	16	4	0	0	0	5	0	0	0	6	0	0	0	15	0	0	0	9	0	0	0	13	0	0	0	36	0	0	0	142	99	64	37
297	282	56	36	96	267	33	0	62	56	36	96	27	0	24	87	100	108	288	131	252	30	0	61	33	0	62	16	0	24	84	60	0	186	96	56	36	96	14	0	0	10	14	36	0	0	27	0	24	87	100	108	288	131	237	22	0	44	30	0	61	16	0	24	44	60	0	183	57	33	0	62	1	0	0	0	4	0	0	0	16	0	24	84	60	0	186	96	56	36	96	0	0	68	76	0	0	0	60	14	0	0	10	14	36	0	0	27	0	24	87	100	108	288	131	222	22	0	44	22	0	44	16	0	22	44	53	0	132	57	30	0	61	1	0	0	0	4	0	0	0	16	0	24	44	60	0	183	57	33	0	62	0	0	66	76	0	0	0	57	1	0	0	0	4	0	0	0	16	0	24	84	60	0	186	96	56	36	96	0	0	0	0	1	0	0	0	0	0	68	76	0	0	0	60	14	0	0	10	14	36	0	0	27	0	24	87	100	108	288	131
310	291	76	133	48	272	41	95	26	76	133	48	37	87	10	32	113	258	192	115	253	37	86	26	41	95	26	23	84	10	32	64	154	104	96	72	133	48	10	78	0	0	22	38	0	0	37	87	10	32	113	258	192	115	234	31	70	24	37	86	26	23	84	10	28	62	154	104	57	37	95	26	5	14	0	0	10	14	0	0	23	84	10	32	64	154	104	96	72	133	48	1	0	68	28	0	0	96	0	10	78	0	0	22	38	0	0	37	87	10	32	113	258	192	115	215	31	70	24	31	70	24	23	84	10	28	55	154	96	57	33	86	26	5	14	0	0	8	14	0	0	23	84	10	28	62	154	104	57	37	95	26	1	0	66	28	0	0	52	0	5	14	0	0	10	14	0	0	23	84	10	32	64	154	104	96	72	133	48	0	0	0	0	17	0	0	0	1	0	68	28	0	0	96	0	10	78	0	0	22	38	0	0	37	87	10	32	113	258	192	115
240	225	58	63	50	210	28	50	0	58	63	50	17	40	0	0	117	169	50	231	195	28	50	0	28	50	0	17	40	0	0	62	150	0	135	56	63	50	9	0	0	0	17	0	0	0	17	40	0	0	117	169	50	231	180	26	50	0	28	50	0	17	40	0	0	62	150	0	73	26	50	0	1	0	0	0	4	0	0	0	17	40	0	0	62	150	0	135	55	63	50	6	0	0	0	4	0	0	0	9	0	0	0	17	0	0	0	17	40	0	0	116	169	50	231	165	25	50	0	26	50	0	17	40	0	0	62	150	0	73	26	50	0	1	0	0	0	4	0	0	0	17	40	0	0	62	150	0	73	25	50	0	4	0	0	0	4	0	0	0	1	0	0	0	4	0	0	0	17	40	0	0	61	150	0	135	52	63	50	16	0	0	0	15	11	0	0	6	0	0	0	4	0	0	0	9	0	0	0	16	0	0	0	16	40	0	0	104	169	50	231
206	195	47	26	36	184	28	10	0	47	26	36	26	0	0	0	97	52	72	162	173	26	10	0	28	10	0	20	0	0	0	60	20	0	104	46	26	36	9	0	0	0	12	16	0	0	26	0	0	0	97	52	72	162	162	24	10	0	26	10	0	20	0	0	0	60	20	0	62	27	10	0	1	0	0	0	3	0	0	0	20	0	0	0	60	20	0	104	46	26	36	4	0	0	0	4	0	0	0	9	0	0	0	12	16	0	0	26	0	0	0	97	52	72	162	151	24	10	0	24	10	0	20	0	0	0	60	20	0	62	25	10	0	1	0	0	0	3	0	0	0	20	0	0	0	60	20	0	62	27	10	0	4	0	0	0	4	0	0	0	1	0	0	0	3	0	0	0	20	0	0	0	60	20	0	104	46	26	36	4	0	0	0	5	0	0	0	4	0	0	0	4	0	0	0	9	0	0	0	12	16	0	0	26	0	0	0	97	52	72	162
223	211	50	41	17	199	24	11	0	50	41	17	27	0	0	0	77	106	85	78	187	21	11	0	24	11	0	16	0	0	0	45	22	0	56	49	41	17	9	0	0	0	10	18	0	0	27	0	0	0	77	106	85	78	175	19	11	0	21	11	0	16	0	0	0	45	22	0	35	23	11	0	1	0	0	0	2	0	0	0	16	0	0	0	45	22	0	56	49	41	17	0	0	0	0	0	0	0	0	9	0	0	0	10	18	0	0	27	0	0	0	77	106	85	78	163	19	11	0	19	11	0	16	0	0	0	45	22	0	35	20	11	0	1	0	0	0	2	0	0	0	16	0	0	0	45	22	0	35	23	11	0	0	0	0	0	0	0	0	0	1	0	0	0	2	0	0	0	16	0	0	0	45	22	0	56	49	41	17	0	0	0	0	3	0	0	0	0	0	0	0	0	0	0	0	9	0	0	0	10	18	0	0	27	0	0	0	77	106	85	78
392	371	57	86	121	350	35	32	85	57	86	121	38	96	91	20	51	16	363	197	329	18	0	85	35	32	85	10	0	91	20	34	0	255	88	57	86	121	1	0	153	0	6	0	242	0	38	96	91	20	51	16	363	197	308	18	0	85	18	0	85	10	0	91	20	25	0	255	87	35	32	85	1	0	127	0	6	0	170	0	10	0	91	20	34	0	255	88	57	86	121	0	0	0	0	0	0	0	0	1	0	153	0	6	0	242	0	38	96	91	20	51	16	363	197	287	18	0	85	18	0	85	10	0	91	20	25	0	255	68	18	0	85	1	0	127	0	6	0	170	0	10	0	91	20	25	0	255	87	35	32	85	0	0	0	0	0	0	0	0	1	0	127	0	6	0	170	0	10	0	91	20	34	0	255	88	57	86	121	0	0	0	0	4	0	0	0	0	0	0	0	0	0	0	0	1	0	153	0	6	0	242	0	38	96	91	20	51	16	363	197
208	197	31	10	58	186	18	0	14	31	10	58	21	0	0	14	38	0	58	247	175	13	0	14	18	0	14	10	0	0	14	32	0	14	88	31	10	58	1	0	16	0	1	0	0	0	21	0	0	14	38	0	58	247	164	13	0	14	13	0	14	10	0	0	14	32	0	14	87	18	0	14	1	0	0	0	1	0	0	0	10	0	0	14	32	0	14	88	31	10	58	0	0	0	0	0	0	0	0	1	0	16	0	1	0	0	0	21	0	0	14	38	0	58	247	153	13	0	12	13	0	14	10	0	0	12	32	0	14	68	13	0	14	1	0	0	0	1	0	0	0	10	0	0	14	32	0	14	87	18	0	14	0	0	0	0	0	0	0	0	1	0	0	0	1	0	0	0	10	0	0	14	32	0	14	88	31	10	58	0	0	0	24	1	0	0	0	0	0	0	0	0	0	0	0	1	0	16	0	1	0	0	0	21	0	0	14	38	0	58	247
248	234	32	60	26	220	17	20	0	32	60	26	16	35	0	0	19	54	130	161	206	13	13	0	17	20	0	10	0	0	0	17	26	0	88	31	60	26	1	0	16	0	3	0	26	0	16	35	0	0	19	54	130	161	192	13	13	0	13	13	0	10	0	0	0	17	26	0	87	16	20	0	1	0	0	0	3	0	0	0	10	0	0	0	17	26	0	88	31	60	26	0	0	0	0	0	0	0	0	1	0	16	0	3	0	26	0	16	35	0	0	19	54	130	161	178	13	13	0	13	13	0	10	0	0	0	17	26	0	68	12	13	0	1	0	0	0	3	0	0	0	10	0	0	0	17	26	0	87	16	20	0	0	0	0	0	0	0	0	0	1	0	0	0	3	0	0	0	10	0	0	0	17	26	0	88	31	60	26	0	0	0	0	6	0	0	0	0	0	0	0	0	0	0	0	1	0	16	0	3	0	26	0	16	35	0	0	19	54	130	161
168	159	24	18	14	150	12	0	0	24	18	14	17	0	0	0	20	6	42	65	141	7	0	0	12	0	0	6	0	0	0	15	0	0	26	24	18	14	1	0	16	0	1	0	0	0	17	0	0	0	20	6	42	65	132	7	0	0	7	0	0	6	0	0	0	15	0	0	26	12	0	0	1	0	0	0	1	0	0	0	6	0	0	0	15	0	0	26	24	18	14	0	0	0	0	0	0	0	0	1	0	16	0	1	0	0	0	17	0	0	0	20	6	42	65	123	7	0	0	7	0	0	6	0	0	0	15	0	0	24	7	0	0	1	0	0	0	1	0	0	0	6	0	0	0	15	0	0	26	12	0	0	0	0	0	0	0	0	0	0	1	0	0	0	1	0	0	0	6	0	0	0	15	0	0	26	24	18	14	0	0	0	0	0	0	0	0	0	0	0	0	0	0	0	0	1	0	16	0	1	0	0	0	17	0	0	0	20	6	42	65
131	124	17	10	6	117	5	0	0	17	10	6	11	0	0	0	10	0	12	17	110	2	0	0	5	0	0	0	0	0	0	4	0	0	0	17	10	6	0	0	0	0	0	0	0	0	11	0	0	0	10	0	12	17	103	2	0	0	2	0	0	0	0	0	0	4	0	0	0	5	0	0	0	0	0	0	0	0	0	0	0	0	0	0	4	0	0	0	17	10	6	0	0	0	0	0	0	0	0	0	0	0	0	0	0	0	0	11	0	0	0	10	0	12	17	96	2	0	0	2	0	0	0	0	0	0	4	0	0	0	2	0	0	0	0	0	0	0	0	0	0	0	0	0	0	4	0	0	0	5	0	0	0	0	0	0	0	0	0	0	0	0	0	0	0	0	0	0	0	0	0	0	4	0	0	0	17	10	6	0	0	0	0	0	0	0	0	0	0	0	0	0	0	0	0	0	0	0	0	0	0	0	0	11	0	0	0	10	0	12	17
179	169	17	9	49	159	7	0	40	17	9	49	4	0	60	17	6	0	49	26	149	7	0	40	7	0	40	4	0	48	17	6	0	40	0	17	9	49	0	0	0	0	2	0	0	0	4	0	60	17	6	0	49	26	139	7	0	40	7	0	40	4	0	48	17	6	0	40	0	7	0	40	0	0	0	0	2	0	0	0	4	0	48	17	6	0	40	0	17	9	49	0	0	0	0	0	0	0	0	0	0	0	0	2	0	0	0	4	0	60	17	6	0	49	26	129	7	0	40	7	0	40	4	0	48	17	6	0	40	0	7	0	40	0	0	0	0	2	0	0	0	4	0	48	17	6	0	40	0	7	0	40	0	0	0	0	0	0	0	0	0	0	0	0	2	0	0	0	4	0	48	17	6	0	40	0	17	9	49	0	0	0	0	4	0	0	0	0	0	0	0	0	0	0	0	0	0	0	0	2	0	0	0	4	0	60	17	6	0	49	26
185	174	27	26	50	163	14	10	40	27	26	50	7	0	100	26	14	0	100	26	152	14	10	40	14	10	40	7	0	84	26	12	0	80	0	24	26	50	0	0	0	0	5	0	0	0	7	0	100	26	14	0	100	26	141	14	10	40	14	10	40	7	0	84	26	12	0	80	0	11	10	40	0	0	0	0	5	0	0	0	7	0	84	26	12	0	80	0	23	26	50	0	0	0	0	0	0	0	0	0	0	0	0	5	0	0	0	4	0	100	26	12	0	100	26	130	13	10	40	14	10	40	7	0	84	26	12	0	80	0	11	10	40	0	0	0	0	5	0	0	0	7	0	84	26	12	0	80	0	10	10	40	0	0	0	0	0	0	0	0	0	0	0	0	5	0	0	0	4	0	84	26	10	0	80	0	23	26	50	0	0	0	0	4	10	0	0	0	0	0	0	0	0	0	0	0	0	0	0	5	0	0	0	4	0	100	26	12	0	100	26
162	153	6	0	63	144	1	0	18	6	0	63	0	0	46	11	2	0	0	225	135	1	0	18	1	0	18	0	0	7	11	2	0	0	99	6	0	63	0	0	0	0	0	0	0	0	0	0	46	11	2	0	0	225	126	1	0	18	1	0	18	0	0	7	11	2	0	0	99	1	0	18	0	0	0	0	0	0	0	0	0	0	7	11	2	0	0	99	6	0	63	0	0	0	0	0	0	0	0	0	0	0	0	0	0	0	0	0	0	46	11	2	0	0	225	117	1	0	18	1	0	18	0	0	7	11	2	0	0	99	1	0	18	0	0	0	0	0	0	0	0	0	0	7	11	2	0	0	99	1	0	18	0	0	0	0	0	0	0	0	0	0	0	0	0	0	0	0	0	0	7	11	2	0	0	99	6	0	63	0	0	0	0	0	0	0	0	0	0	0	0	0	0	0	0	0	0	0	0	0	0	0	0	0	0	46	11	2	0	0	225
144	136	7	0	41	128	1	0	7	7	0	41	0	0	46	0	2	0	0	167	120	1	0	7	1	0	7	0	0	7	0	2	0	0	85	7	0	41	0	0	0	0	0	0	0	0	0	0	46	0	2	0	0	167	112	1	0	7	1	0	7	0	0	7	0	2	0	0	85	1	0	7	0	0	0	0	0	0	0	0	0	0	7	0	2	0	0	85	7	0	41	0	0	0	0	0	0	0	0	0	0	0	0	0	0	0	0	0	0	46	0	2	0	0	167	104	1	0	7	1	0	7	0	0	7	0	2	0	0	85	1	0	7	0	0	0	0	0	0	0	0	0	0	7	0	2	0	0	85	1	0	7	0	0	0	0	0	0	0	0	0	0	0	0	0	0	0	0	0	0	7	0	2	0	0	85	7	0	41	0	0	0	0	0	0	0	0	0	0	0	0	0	0	0	0	0	0	0	0	0	0	0	0	0	0	46	0	2	0	0	167
233	220	23	12	77	207	7	0	44	23	12	77	4	0	132	37	8	0	77	161	194	7	0	44	7	0	44	4	0	84	37	6	0	44	85	23	12	77	0	0	0	0	2	0	0	0	4	0	132	37	8	0	77	161	181	7	0	44	7	0	44	4	0	84	37	6	0	44	85	7	0	44	0	0	0	0	2	0	0	0	4	0	84	37	6	0	44	85	23	12	77	0	0	0	0	0	0	0	0	0	0	0	0	2	0	0	0	4	0	132	37	8	0	77	161	168	7	0	44	7	0	44	4	0	84	37	6	0	44	85	7	0	44	0	0	0	0	2	0	0	0	4	0	84	37	6	0	44	85	7	0	44	0	0	0	0	0	0	0	0	0	0	0	0	2	0	0	0	4	0	84	37	6	0	44	85	23	12	77	0	0	0	0	4	0	0	0	0	0	0	0	0	0	0	0	0	0	0	0	2	0	0	0	4	0	132	37	8	0	77	161
257	239	40	69	134	221	36	65	84	40	69	134	24	52	0	195	48	54	0	176	203	34	65	53	36	65	84	20	52	0	104	42	52	0	124	28	69	134	6	0	0	70	8	28	0	147	24	52	0	195	45	54	0	176	185	34	65	43	34	65	53	20	52	0	104	39	52	0	124	24	65	84	6	0	0	36	8	26	0	85	20	52	0	104	39	52	0	124	25	69	134	11	0	0	20	3	0	0	48	6	0	0	70	8	28	0	147	19	52	0	195	40	54	0	176	167	31	65	43	34	65	43	20	52	0	104	39	52	0	124	22	65	53	6	0	0	36	8	26	0	85	20	52	0	104	36	52	0	124	21	65	84	11	0	0	20	3	0	0	26	6	0	0	36	8	26	0	85	15	52	0	104	34	52	0	124	25	69	134	10	0	0	0	11	42	0	0	11	0	0	20	3	0	0	48	6	0	0	70	8	28	0	147	19	52	0	195	40	54	0	176
232	216	46	48	116	200	39	48	97	44	48	116	32	0	14	125	47	48	0	50	184	36	48	77	37	48	97	26	0	14	69	38	48	0	40	30	48	116	5	0	0	38	9	36	0	121	28	0	14	125	41	48	0	50	168	36	48	75	34	48	77	26	0	14	69	33	48	0	40	23	48	97	5	0	0	36	9	36	0	85	22	0	14	69	32	48	0	40	29	48	116	15	0	0	20	6	0	0	0	5	0	0	38	9	36	0	121	25	0	14	125	39	48	0	50	152	35	48	75	34	48	75	26	0	14	69	33	48	0	40	20	48	77	5	0	0	36	9	36	0	85	22	0	14	69	27	48	0	40	22	48	97	15	0	0	20	6	0	0	0	5	0	0	36	9	36	0	85	19	0	14	69	30	48	0	40	29	48	116	19	0	0	0	21	12	0	0	15	0	0	20	6	0	0	0	5	0	0	38	9	36	0	121	25	0	14	125	39	48	0	50
238	220	86	92	91	202	62	83	86	80	92	91	54	111	32	44	103	184	0	0	184	58	78	79	56	83	86	45	103	32	39	76	164	0	0	63	92	91	8	56	0	60	22	50	0	0	44	111	32	44	94	184	0	0	166	58	77	67	52	78	79	45	99	32	39	69	157	0	0	39	83	86	8	55	0	26	20	47	0	0	35	103	32	39	67	164	0	0	62	92	91	32	11	0	56	10	0	0	48	8	56	0	60	22	50	0	0	41	111	32	44	92	184	0	0	148	55	77	65	52	77	67	45	99	32	39	69	154	0	0	35	78	79	8	55	0	26	18	44	0	0	35	99	32	39	60	157	0	0	38	83	86	26	11	0	52	7	0	0	26	8	55	0	26	20	47	0	0	32	103	32	39	65	164	0	0	62	92	91	39	0	0	32	37	47	0	0	32	11	0	56	10	0	0	48	8	56	0	60	22	50	0	0	41	111	32	44	92	184	0	0
202	186	77	87	59	171	59	65	57	68	72	59	52	60	65	20	86	79	118	0	156	56	65	55	50	50	57	46	60	65	18	71	70	114	0	52	72	59	12	0	0	21	16	30	0	0	36	60	65	20	74	79	118	0	141	56	65	53	47	50	55	46	60	65	18	66	70	110	0	34	50	57	12	0	0	19	16	30	0	0	30	60	65	18	59	70	114	0	51	72	59	33	0	0	20	10	0	0	0	12	0	0	21	16	30	0	0	33	60	65	20	72	79	118	0	126	51	65	53	47	50	53	46	60	65	18	66	70	106	0	31	50	55	12	0	0	19	16	30	0	0	30	60	65	18	54	70	110	0	33	50	57	27	0	0	20	7	0	0	0	12	0	0	19	16	30	0	0	27	60	65	18	57	70	114	0	51	72	59	39	0	0	0	28	62	0	0	33	0	0	20	10	0	0	0	12	0	0	21	16	30	0	0	33	60	65	20	72	79	118	0
264	241	112	219	46	219	77	173	46	97	197	46	61	232	62	0	153	352	230	0	197	71	167	45	62	151	46	48	224	62	0	96	310	230	0	84	197	46	18	82	10	12	29	71	0	0	45	232	62	0	141	352	230	0	175	70	155	43	56	145	45	48	208	62	0	87	300	225	0	49	151	46	13	74	10	10	20	67	0	0	32	224	62	0	84	310	230	0	84	197	46	36	148	0	20	16	11	0	0	18	82	10	12	29	71	0	0	45	232	62	0	141	352	230	0	153	60	144	43	55	133	43	47	184	62	0	85	280	215	0	43	145	45	9	70	10	10	16	61	0	0	32	208	62	0	75	300	225	0	49	151	46	20	132	0	20	10	11	0	0	13	74	10	10	20	67	0	0	32	224	62	0	84	310	230	0	81	197	46	52	135	0	0	55	152	0	0	35	148	0	20	16	11	0	0	18	82	10	12	26	71	0	0	45	232	62	0	135	352	230	0
196	181	41	49	114	167	39	47	92	31	35	114	34	22	0	94	53	22	0	105	153	38	47	92	29	33	92	32	22	0	94	50	22	0	103	25	35	114	7	0	0	0	11	11	0	0	24	22	0	94	47	22	0	105	139	38	47	92	28	33	92	32	22	0	94	48	22	0	100	23	33	92	7	0	0	0	11	11	0	0	22	22	0	94	44	22	0	103	25	35	114	16	0	0	0	4	0	0	0	7	0	0	0	11	11	0	0	24	22	0	94	47	22	0	105	125	36	47	92	28	33	92	32	22	0	94	48	22	0	96	22	33	92	7	0	0	0	11	11	0	0	22	22	0	94	42	22	0	100	23	33	92	16	0	0	0	4	0	0	0	7	0	0	0	11	11	0	0	22	22	0	94	44	22	0	103	25	35	114	20	0	0	0	20	24	0	0	16	0	0	0	4	0	0	0	7	0	0	0	11	11	0	0	24	22	0	94	47	22	0	105
140	130	48	16	38	120	42	16	20	40	16	38	30	0	0	38	68	24	0	105	110	42	16	20	34	16	20	30	0	0	38	65	24	0	103	40	16	38	7	0	0	0	13	0	0	0	30	0	0	38	68	24	0	105	100	42	16	20	34	16	20	30	0	0	38	65	24	0	100	34	16	20	7	0	0	0	13	0	0	0	30	0	0	38	65	24	0	103	40	16	38	15	0	0	0	5	0	0	0	7	0	0	0	13	0	0	0	30	0	0	38	68	24	0	105	90	42	16	20	34	16	20	30	0	0	38	65	24	0	96	34	16	20	7	0	0	0	13	0	0	0	30	0	0	38	65	24	0	100	34	16	20	15	0	0	0	2	0	0	0	7	0	0	0	13	0	0	0	30	0	0	38	65	24	0	103	40	16	38	24	0	0	0	29	0	0	0	15	0	0	0	5	0	0	0	7	0	0	0	13	0	0	0	30	0	0	38	68	24	0	105
172	160	41	20	70	148	34	20	62	34	20	70	24	0	11	21	56	30	0	46	136	34	20	62	27	20	62	24	0	10	21	53	30	0	46	34	20	70	6	0	0	0	7	0	0	0	24	0	11	21	56	30	0	46	124	34	20	62	27	20	62	24	0	10	21	53	30	0	45	27	20	62	6	0	0	0	7	0	0	0	24	0	10	21	53	30	0	46	34	20	70	15	0	0	0	5	0	0	0	6	0	0	0	7	0	0	0	24	0	11	21	56	30	0	46	112	34	20	62	27	20	62	24	0	10	21	53	30	0	43	27	20	62	6	0	0	0	7	0	0	0	24	0	10	21	53	30	0	45	27	20	62	15	0	0	0	2	0	0	0	6	0	0	0	7	0	0	0	24	0	10	21	53	30	0	46	34	20	70	24	0	0	0	25	0	0	0	15	0	0	0	5	0	0	0	6	0	0	0	7	0	0	0	24	0	11	21	56	30	0	46
146	134	51	42	31	123	40	35	24	44	31	31	29	0	29	10	78	40	31	46	112	40	35	24	33	24	24	29	0	28	10	72	40	24	46	44	31	31	6	0	0	0	6	0	0	0	29	0	29	10	78	40	31	46	101	40	35	24	33	24	24	29	0	28	10	72	40	24	45	33	24	24	6	0	0	0	6	0	0	0	29	0	28	10	72	40	24	46	44	31	31	15	0	0	0	5	0	0	0	6	0	0	0	6	0	0	0	29	0	29	10	78	40	31	46	90	39	35	24	33	24	24	29	0	28	10	72	40	24	43	33	24	24	6	0	0	0	6	0	0	0	29	0	28	10	72	40	24	45	33	24	24	15	0	0	0	2	0	0	0	6	0	0	0	6	0	0	0	29	0	28	10	72	40	24	46	44	31	31	33	0	0	0	28	7	0	0	15	0	0	0	5	0	0	0	6	0	0	0	6	0	0	0	29	0	29	10	78	40	31	46
188	172	79	98	23	156	55	80	16	69	98	23	36	60	29	10	128	182	46	46	140	54	80	16	45	80	16	35	60	28	10	87	176	32	46	69	98	23	18	0	0	0	22	11	0	0	36	60	29	10	128	182	46	46	124	53	77	16	44	80	16	35	60	28	10	85	176	32	45	45	80	16	13	0	0	0	11	8	0	0	35	60	28	10	87	176	32	46	69	98	23	27	33	0	0	7	8	0	0	18	0	0	0	22	11	0	0	36	60	29	10	128	182	46	46	108	45	67	16	43	77	16	34	57	28	10	83	171	32	43	44	80	16	9	0	0	0	9	8	0	0	35	60	28	10	85	176	32	45	45	80	16	14	24	0	0	4	8	0	0	13	0	0	0	11	8	0	0	35	60	28	10	87	176	32	46	66	98	23	40	83	0	0	44	81	0	0	26	33	0	0	7	8	0	0	18	0	0	0	19	11	0	0	36	60	29	10	122	182	46	46
162	149	52	49	41	136	37	46	23	48	49	41	16	27	0	45	99	93	0	54	123	37	46	22	33	46	23	16	27	0	42	67	89	0	40	48	49	41	0	0	0	10	15	0	0	0	16	27	0	45	99	93	0	54	110	37	46	22	33	46	22	16	27	0	42	67	89	0	40	33	46	23	0	0	0	10	2	0	0	0	16	27	0	42	67	89	0	40	48	49	41	6	0	0	0	9	0	0	0	0	0	0	10	15	0	0	0	16	27	0	45	99	93	0	54	97	33	36	22	33	46	22	16	27	0	42	67	89	0	40	33	46	22	0	0	0	10	2	0	0	0	16	27	0	42	67	89	0	40	33	46	23	3	0	0	0	1	0	0	0	0	0	0	10	2	0	0	0	16	27	0	42	67	89	0	40	48	49	41	31	18	14	0	37	21	41	0	6	0	0	0	9	0	0	0	0	0	0	10	15	0	0	0	16	27	0	45	99	93	0	54
103	93	43	34	14	84	32	32	6	39	25	14	16	12	0	12	80	35	0	23	75	32	32	6	28	23	6	16	12	0	12	59	35	0	16	39	25	14	0	0	0	0	13	0	0	0	16	12	0	12	80	35	0	23	66	32	32	6	28	23	6	16	12	0	12	59	35	0	16	28	23	6	0	0	0	0	2	0	0	0	16	12	0	12	59	35	0	16	39	25	14	3	0	0	0	9	0	0	0	0	0	0	0	13	0	0	0	16	12	0	12	80	35	0	23	57	29	29	6	28	23	6	16	12	0	12	59	35	0	16	28	23	6	0	0	0	0	2	0	0	0	16	12	0	12	59	35	0	16	28	23	6	3	0	0	0	1	0	0	0	0	0	0	0	2	0	0	0	16	12	0	12	59	35	0	16	39	25	14	31	18	8	0	34	8	0	0	3	0	0	0	9	0	0	0	0	0	0	0	13	0	0	0	16	12	0	12	80	35	0	23
157	143	73	74	8	129	47	61	6	70	74	8	51	21	0	12	158	142	16	0	115	40	61	6	44	61	6	29	21	0	12	95	104	12	0	70	74	8	18	0	0	0	28	35	0	0	51	21	0	12	158	142	16	0	101	38	61	6	37	61	6	23	21	0	12	78	104	12	0	44	61	6	12	0	0	0	11	7	0	0	29	21	0	12	95	104	12	0	70	74	8	21	0	0	0	14	10	0	0	18	0	0	0	28	35	0	0	51	21	0	12	158	142	16	0	87	26	52	6	35	61	6	19	21	0	12	73	104	12	0	37	61	6	0	0	0	0	3	7	0	0	23	21	0	12	78	104	12	0	44	61	6	3	0	0	0	8	0	0	0	12	0	0	0	11	7	0	0	29	21	0	12	95	104	12	0	62	74	8	18	60	8	0	35	84	0	0	20	0	0	0	14	10	0	0	18	0	0	0	23	35	0	0	51	21	0	12	141	142	16	0
122	112	59	35	0	102	39	23	0	57	35	0	45	0	0	0	131	75	0	0	92	33	23	0	37	23	0	24	0	0	0	77	39	0	0	57	35	0	16	0	0	0	22	20	0	0	45	0	0	0	131	75	0	0	82	30	23	0	31	23	0	18	0	0	0	62	39	0	0	37	23	0	8	0	0	0	9	0	0	0	24	0	0	0	77	39	0	0	57	35	0	14	0	0	0	10	12	0	0	16	0	0	0	22	20	0	0	45	0	0	0	131	75	0	0	72	24	20	0	28	23	0	13	0	0	0	55	39	0	0	31	23	0	0	0	0	0	3	0	0	0	18	0	0	0	62	39	0	0	37	23	0	2	0	0	0	5	0	0	0	8	0	0	0	9	0	0	0	24	0	0	0	77	39	0	0	51	35	0	20	12	0	0	27	24	0	0	14	0	0	0	10	12	0	0	16	0	0	0	19	20	0	0	45	0	0	0	118	75	0	0
114	104	59	35	0	94	33	23	0	58	35	0	42	8	0	0	145	91	0	0	84	28	21	0	32	23	0	25	0	0	0	72	65	0	0	58	35	0	16	0	0	0	26	10	0	0	42	8	0	0	145	91	0	0	74	25	21	0	27	21	0	19	0	0	0	58	63	0	0	32	23	0	8	0	0	0	10	0	0	0	25	0	0	0	72	65	0	0	58	35	0	14	0	0	0	12	6	0	0	16	0	0	0	26	10	0	0	42	8	0	0	145	91	0	0	64	20	21	0	24	21	0	14	0	0	0	51	63	0	0	27	21	0	0	0	0	0	4	0	0	0	19	0	0	0	58	63	0	0	32	23	0	2	0	0	0	5	0	0	0	8	0	0	0	10	0	0	0	25	0	0	0	72	65	0	0	44	35	0	18	0	0	0	20	15	0	0	14	0	0	0	12	6	0	0	16	0	0	0	20	10	0	0	42	8	0	0	110	91	0	0
215	198	82	107	11	181	47	67	0	82	107	11	45	175	2	0	187	246	33	8	164	41	34	0	47	67	0	28	82	0	0	119	145	0	6	82	107	11	10	102	0	0	21	30	33	0	45	175	2	0	187	246	33	8	147	36	14	0	41	34	0	23	28	0	0	103	65	0	6	47	67	0	2	42	0	0	11	21	0	0	28	82	0	0	119	145	0	6	81	107	11	10	42	0	0	13	30	22	0	10	102	0	0	21	30	33	0	45	175	2	0	187	246	33	8	130	29	0	0	36	14	0	21	0	0	0	88	21	0	6	41	34	0	0	0	0	0	7	0	0	0	23	28	0	0	103	65	0	6	46	67	0	2	0	0	0	2	21	0	0	2	42	0	0	11	21	0	0	28	82	0	0	119	145	0	6	69	107	11	12	0	19	0	29	10	22	0	10	42	0	0	13	30	22	0	10	102	0	0	17	30	33	0	44	175	2	0	157	246	33	8
211	192	96	141	11	173	55	100	0	96	141	11	64	129	2	0	225	356	44	8	154	46	84	0	55	100	0	43	73	0	0	131	248	0	6	95	141	11	23	22	0	0	28	64	22	0	64	129	2	0	225	356	44	8	135	40	78	0	46	84	0	32	71	0	0	111	204	0	6	54	100	0	11	14	0	0	13	49	0	0	43	73	0	0	131	248	0	6	91	141	11	13	50	0	0	20	22	0	0	23	22	0	0	28	64	22	0	62	129	2	0	218	356	44	8	118	29	65	0	40	78	0	27	67	0	0	96	198	0	6	46	84	0	1	0	0	0	7	28	0	0	32	71	0	0	111	204	0	6	53	100	0	1	14	0	0	6	14	0	0	11	14	0	0	13	49	0	0	43	73	0	0	131	248	0	6	68	107	11	6	56	19	0	24	56	11	0	13	50	0	0	20	22	0	0	23	22	0	0	19	47	22	0	58	129	2	0	157	305	44	8
131	121	49	29	6	111	28	16	0	49	29	6	41	8	2	0	126	61	12	0	101	22	14	0	28	16	0	22	8	0	0	73	24	0	0	49	29	6	16	12	0	0	17	0	0	0	41	8	2	0	126	61	12	0	91	19	6	0	22	14	0	15	6	0	0	54	20	0	0	28	16	0	8	0	0	0	10	0	0	0	22	8	0	0	73	24	0	0	49	29	6	12	12	0	0	13	0	6	0	16	12	0	0	17	0	0	0	41	8	2	0	126	61	12	0	81	15	0	0	19	6	0	11	0	0	0	47	6	0	0	22	14	0	0	0	0	0	3	0	0	0	15	6	0	0	54	20	0	0	28	16	0	2	0	0	0	5	0	0	0	8	0	0	0	10	0	0	0	22	8	0	0	73	24	0	0	44	29	6	6	0	4	0	12	0	6	0	12	12	0	0	13	0	6	0	16	12	0	0	15	0	0	0	41	8	2	0	116	61	12	0
96	89	45	10	2	82	27	0	0	45	10	2	42	0	2	0	120	30	4	0	75	21	0	0	27	0	0	23	0	0	0	71	0	0	0	45	10	2	18	0	0	0	16	0	0	0	42	0	2	0	120	30	4	0	68	17	0	0	21	0	0	16	0	0	0	52	0	0	0	27	0	0	8	0	0	0	10	0	0	0	23	0	0	0	71	0	0	0	45	10	2	14	0	0	0	13	0	0	0	18	0	0	0	16	0	0	0	42	0	2	0	120	30	4	0	61	13	0	0	17	0	0	11	0	0	0	43	0	0	0	21	0	0	0	0	0	0	3	0	0	0	16	0	0	0	52	0	0	0	27	0	0	2	0	0	0	5	0	0	0	8	0	0	0	10	0	0	0	23	0	0	0	71	0	0	0	40	10	2	6	0	0	0	7	0	0	0	14	0	0	0	13	0	0	0	18	0	0	0	14	0	0	0	42	0	2	0	110	30	4	0
105	97	47	21	0	89	23	10	0	47	21	0	44	14	0	0	113	68	0	0	81	17	4	0	23	10	0	22	4	0	0	57	32	0	0	47	21	0	16	8	0	0	15	6	0	0	44	14	0	0	113	68	0	0	73	14	0	0	17	4	0	16	0	0	0	41	8	0	0	23	10	0	8	0	0	0	9	4	0	0	22	4	0	0	57	32	0	0	47	21	0	14	0	0	0	13	0	0	0	16	8	0	0	15	6	0	0	44	14	0	0	113	68	0	0	65	10	0	0	14	0	0	11	0	0	0	34	0	0	0	17	4	0	0	0	0	0	3	0	0	0	16	0	0	0	41	8	0	0	23	10	0	2	0	0	0	5	0	0	0	8	0	0	0	9	4	0	0	22	4	0	0	57	32	0	0	42	21	0	6	0	0	0	6	0	0	0	14	0	0	0	13	0	0	0	16	8	0	0	13	6	0	0	44	14	0	0	103	68	0	0
151	136	68	65	35	121	35	50	2	68	65	35	39	60	39	8	168	183	35	30	106	28	50	0	35	50	2	28	60	0	0	86	160	2	0	67	65	35	11	0	24	0	25	30	0	0	39	60	39	8	168	183	35	30	91	22	50	0	28	50	0	19	60	0	0	74	160	0	0	34	50	2	1	0	0	0	6	10	0	0	28	60	0	0	86	160	2	0	59	65	35	2	0	27	0	17	18	0	0	11	0	24	0	25	30	0	0	37	60	39	8	156	183	35	30	79	21	50	0	22	50	0	18	60	0	0	63	160	0	0	28	50	0	1	0	0	0	6	10	0	0	19	60	0	0	74	160	0	0	33	50	2	0	0	0	0	0	0	0	0	1	0	0	0	6	10	0	0	28	60	0	0	86	160	2	0	38	29	35	4	0	7	0	13	0	0	0	2	0	27	0	17	18	0	0	11	0	24	0	17	18	0	0	33	60	39	8	101	99	35	30
177	163	80	45	29	149	48	0	0	80	45	29	59	0	39	0	173	144	145	30	135	40	0	0	48	0	0	41	0	0	0	122	0	0	0	80	45	29	25	0	24	0	24	36	0	0	59	0	39	0	173	144	145	30	121	30	0	0	40	0	0	29	0	0	0	106	0	0	0	48	0	0	1	0	0	0	8	0	0	0	41	0	0	0	122	0	0	0	77	45	29	4	0	27	0	16	54	0	0	25	0	24	0	24	36	0	0	59	0	39	0	173	144	145	30	107	28	0	0	30	0	0	27	0	0	0	82	0	0	0	40	0	0	1	0	0	0	8	0	0	0	29	0	0	0	106	0	0	0	45	0	0	0	0	0	0	0	0	0	0	1	0	0	0	8	0	0	0	41	0	0	0	122	0	0	0	59	45	29	5	0	7	0	17	9	0	0	4	0	27	0	16	54	0	0	25	0	24	0	19	36	0	0	52	0	39	0	126	144	145	30
119	107	70	47	14	95	37	32	0	70	47	14	44	24	35	0	170	121	28	22	83	32	32	0	37	32	0	34	24	0	0	93	96	0	0	69	47	14	13	0	14	0	25	21	0	0	44	24	35	0	170	121	28	22	71	26	32	0	32	32	0	26	24	0	0	85	96	0	0	36	32	0	1	0	0	0	6	8	0	0	34	24	0	0	93	96	0	0	59	47	14	4	0	21	0	19	18	0	0	13	0	14	0	25	21	0	0	42	24	35	0	158	121	28	22	62	24	32	0	26	32	0	24	24	0	0	70	96	0	0	32	32	0	1	0	0	0	6	8	0	0	26	24	0	0	85	96	0	0	33	32	0	0	0	0	0	0	0	0	0	1	0	0	0	6	8	0	0	34	24	0	0	93	96	0	0	39	20	14	5	0	7	0	13	6	0	0	4	0	21	0	19	18	0	0	13	0	14	0	19	12	0	0	35	24	35	0	103	58	28	22
125	111	69	72	7	97	31	49	0	69	72	7	29	68	14	0	154	183	21	11	83	28	48	0	31	49	0	25	64	0	0	80	136	0	0	68	72	7	6	8	0	0	22	19	0	0	29	68	14	0	154	183	21	11	70	24	48	0	28	48	0	21	64	0	0	77	136	0	0	30	49	0	0	8	0	0	6	8	0	0	25	64	0	0	80	136	0	0	54	59	7	4	0	7	0	16	15	0	0	6	8	0	0	22	19	0	0	27	68	14	0	135	183	21	11	61	22	48	0	24	48	0	19	64	0	0	65	136	0	0	28	48	0	0	8	0	0	6	8	0	0	21	64	0	0	77	136	0	0	28	40	0	0	0	0	0	0	0	0	0	0	8	0	0	6	8	0	0	25	64	0	0	80	136	0	0	35	23	7	5	0	7	0	12	5	0	0	4	0	7	0	16	15	0	0	6	8	0	0	16	10	0	0	24	32	14	0	85	75	21	11
98	88	50	35	0	78	23	21	0	50	35	0	27	14	0	0	105	71	0	0	68	20	21	0	23	21	0	20	14	0	0	64	35	0	0	50	35	0	5	0	0	0	12	9	0	0	27	14	0	0	105	71	0	0	59	17	21	0	20	21	0	16	14	0	0	59	35	0	0	23	21	0	1	0	0	0	4	0	0	0	20	14	0	0	64	35	0	0	43	26	0	2	0	0	0	12	9	0	0	5	0	0	0	12	9	0	0	27	14	0	0	97	71	0	0	52	16	21	0	17	21	0	15	14	0	0	48	35	0	0	20	21	0	1	0	0	0	4	0	0	0	16	14	0	0	59	35	0	0	21	14	0	0	0	0	0	0	0	0	0	1	0	0	0	4	0	0	0	20	14	0	0	64	35	0	0	32	12	0	3	0	0	0	8	3	0	0	2	0	0	0	12	9	0	0	5	0	0	0	9	9	0	0	22	0	0	0	65	36	0	0
189	172	60	91	47	155	29	48	38	60	91	47	37	75	64	0	112	156	188	29	138	22	27	38	29	48	38	20	27	64	0	72	122	152	0	60	91	47	11	108	30	0	7	14	47	0	37	75	64	0	112	156	188	29	121	16	0	38	22	27	38	13	0	64	0	59	72	152	0	29	48	38	4	0	30	0	6	13	38	0	20	27	64	0	72	122	152	0	59	91	47	7	0	32	0	3	0	141	0	11	108	30	0	7	14	47	0	37	75	64	0	112	156	188	29	104	9	0	38	16	0	38	8	0	64	0	39	0	152	0	22	27	38	0	0	30	0	4	9	38	0	13	0	64	0	59	72	152	0	28	48	38	1	0	32	0	3	0	114	0	4	0	30	0	6	13	38	0	20	27	64	0	72	122	152	0	52	91	47	14	0	22	0	18	56	0	0	7	0	32	0	3	0	141	0	11	108	30	0	4	14	47	0	36	75	64	0	90	156	188	29
185	169	55	65	49	153	31	10	28	55	65	49	41	50	56	57	101	80	245	29	137	22	0	10	31	10	28	22	0	48	0	73	20	140	0	55	65	49	19	0	61	0	6	0	49	22	41	50	56	57	101	80	245	29	121	14	0	10	22	0	10	11	0	30	0	58	0	50	0	31	10	28	0	0	51	0	5	0	28	0	22	0	48	0	73	20	140	0	53	65	49	2	0	21	0	0	0	0	0	19	0	61	0	6	0	49	22	41	50	56	57	101	80	245	29	105	13	0	10	14	0	10	10	0	30	0	36	0	50	0	22	0	10	0	0	30	0	5	0	10	0	11	0	30	0	58	0	50	0	29	10	28	0	0	17	0	0	0	0	0	0	0	51	0	5	0	28	0	22	0	48	0	73	20	140	0	45	65	49	5	0	0	0	19	0	0	0	2	0	21	0	0	0	0	0	19	0	61	0	4	0	49	22	38	50	56	57	80	80	245	29
178	161	66	80	52	144	36	56	26	66	80	52	43	28	36	21	129	168	104	50	127	30	54	19	36	56	26	28	28	30	0	94	166	52	0	66	80	52	15	22	20	0	6	0	0	11	43	28	36	21	129	168	104	50	111	23	41	19	30	54	19	21	26	16	0	84	156	38	0	36	56	26	1	0	14	0	6	0	0	0	28	28	30	0	94	166	52	0	58	64	52	2	22	22	0	0	0	52	0	15	22	20	0	6	0	0	11	43	28	36	21	121	168	104	50	96	20	29	19	23	41	19	17	15	16	0	63	97	38	0	30	54	19	1	0	0	0	6	0	0	0	21	26	16	0	84	156	38	0	33	41	26	0	0	22	0	0	0	26	0	1	0	14	0	6	0	0	0	28	28	30	0	93	166	52	0	43	49	52	14	14	22	0	15	14	52	0	2	22	22	0	0	0	52	0	15	22	20	0	2	0	0	11	36	13	36	21	77	93	104	50
198	178	82	130	53	158	44	110	14	82	130	53	49	118	20	49	167	320	53	85	138	37	86	0	44	110	14	33	92	14	0	109	297	14	2	81	130	53	19	22	31	0	14	31	106	22	49	118	20	49	167	320	53	85	118	32	64	0	37	86	0	29	48	0	0	99	258	0	0	43	110	14	5	0	21	0	10	28	28	0	33	92	14	0	109	297	14	2	70	130	53	7	0	11	0	3	0	106	0	19	22	31	0	14	31	106	22	47	118	20	49	153	320	53	85	101	27	62	0	32	64	0	28	48	0	0	85	192	0	0	37	86	0	1	0	0	0	8	27	0	0	29	48	0	0	99	258	0	0	40	110	14	1	0	7	0	3	0	28	0	5	0	21	0	10	28	28	0	33	92	14	0	109	297	14	2	48	79	53	14	28	0	0	24	56	0	0	7	0	11	0	3	0	106	0	19	22	31	0	6	14	106	22	40	118	20	49	95	184	53	85
128	117	40	28	17	106	26	0	0	40	28	17	33	0	0	0	77	14	68	36	95	22	0	0	26	0	0	22	0	0	0	67	0	0	0	40	28	17	17	0	0	0	4	0	0	0	33	0	0	0	77	14	68	36	84	16	0	0	22	0	0	15	0	0	0	60	0	0	0	26	0	0	1	0	0	0	4	0	0	0	22	0	0	0	67	0	0	0	37	28	17	2	0	0	0	0	0	0	0	17	0	0	0	4	0	0	0	33	0	0	0	77	14	68	36	73	15	0	0	16	0	0	14	0	0	0	41	0	0	0	22	0	0	1	0	0	0	4	0	0	0	15	0	0	0	60	0	0	0	23	0	0	0	0	0	0	0	0	0	0	1	0	0	0	4	0	0	0	22	0	0	0	67	0	0	0	27	28	17	3	0	0	0	9	0	0	0	2	0	0	0	0	0	0	0	17	0	0	0	2	0	0	0	26	0	0	0	47	14	68	36
129	117	29	27	73	105	6	0	58	29	27	73	8	0	168	50	58	54	219	49	93	4	0	55	6	0	58	2	0	146	41	11	0	174	28	29	27	73	0	0	24	21	4	0	0	0	8	0	168	50	58	54	219	49	81	4	0	48	4	0	55	2	0	140	20	7	0	165	10	6	0	58	0	0	22	0	0	0	0	0	2	0	146	41	11	0	174	28	29	27	73	3	0	0	0	0	0	0	11	0	0	24	21	4	0	0	0	8	0	168	50	58	54	219	49	69	3	0	36	4	0	48	2	0	126	20	7	0	144	10	4	0	55	0	0	22	0	0	0	0	0	2	0	140	20	7	0	165	10	6	0	58	0	0	0	0	0	0	0	0	0	0	22	0	0	0	0	0	2	0	146	41	11	0	174	28	29	27	73	5	0	0	30	18	9	0	41	3	0	0	0	0	0	0	11	0	0	24	21	4	0	0	0	8	0	168	50	58	54	219	49
121	110	14	0	64	99	4	0	33	14	0	64	6	0	55	45	29	0	0	113	88	0	0	33	4	0	33	0	0	30	45	10	0	0	66	14	0	64	0	0	39	0	1	0	0	0	6	0	55	45	29	0	0	113	77	0	0	33	0	0	33	0	0	30	45	0	0	0	48	4	0	33	0	0	10	0	1	0	0	0	0	0	30	45	10	0	0	66	14	0	64	0	0	0	0	0	0	0	0	0	0	39	0	1	0	0	0	6	0	55	45	29	0	0	113	66	0	0	33	0	0	33	0	0	30	45	0	0	0	48	0	0	33	0	0	10	0	0	0	0	0	0	0	30	45	0	0	0	48	4	0	33	0	0	0	0	0	0	0	0	0	0	10	0	1	0	0	0	0	0	30	45	10	0	0	66	14	0	64	0	0	0	0	6	0	0	0	0	0	0	0	0	0	0	0	0	0	39	0	1	0	0	0	6	0	55	45	29	0	0	113
110	100	19	0	68	90	13	0	17	19	0	68	12	0	41	25	48	0	0	218	80	7	0	17	13	0	17	5	0	0	25	38	0	0	106	19	0	68	0	0	60	0	3	0	0	0	12	0	41	25	48	0	0	218	70	6	0	17	7	0	17	4	0	0	25	19	0	0	67	13	0	17	0	0	0	0	3	0	0	0	5	0	0	25	38	0	0	106	18	0	68	0	0	11	0	0	0	0	0	0	0	60	0	3	0	0	0	12	0	41	25	48	0	0	218	60	6	0	17	6	0	17	4	0	0	25	17	0	0	67	7	0	17	0	0	0	0	1	0	0	0	4	0	0	25	19	0	0	67	12	0	17	0	0	0	0	0	0	0	0	0	0	0	0	3	0	0	0	5	0	0	25	38	0	0	106	14	0	68	3	0	0	0	9	0	0	0	0	0	11	0	0	0	0	0	0	0	60	0	2	0	0	0	11	0	41	25	35	0	0	218
141	128	18	22	66	115	4	0	34	18	22	66	6	0	89	56	34	33	132	113	102	0	0	27	4	0	34	0	0	58	45	10	0	68	66	18	22	66	0	0	39	41	3	0	0	0	6	0	89	56	34	33	132	113	89	0	0	10	0	0	27	0	0	50	20	0	0	54	48	4	0	34	0	0	10	0	1	0	0	0	0	0	58	45	10	0	68	66	18	22	66	0	0	0	0	0	0	0	17	0	0	39	41	3	0	0	0	6	0	89	56	34	33	132	113	76	0	0	10	0	0	10	0	0	30	20	0	0	20	48	0	0	27	0	0	10	0	0	0	0	0	0	0	50	20	0	0	54	48	4	0	34	0	0	0	0	0	0	0	0	0	0	10	0	1	0	0	0	0	0	58	45	10	0	68	66	18	22	66	0	0	0	0	14	0	0	0	0	0	0	0	0	0	0	17	0	0	39	41	3	0	0	0	6	0	89	56	34	33	132	113
77	70	11	0	37	63	7	0	0	11	0	37	5	0	19	0	27	0	0	165	56	3	0	0	7	0	0	2	0	0	0	20	0	0	92	11	0	37	0	0	38	0	1	0	0	0	5	0	19	0	27	0	0	165	49	2	0	0	3	0	0	1	0	0	0	7	0	0	67	7	0	0	0	0	0	0	1	0	0	0	2	0	0	0	20	0	0	92	10	0	37	0	0	11	0	0	0	0	0	0	0	38	0	1	0	0	0	5	0	19	0	27	0	0	165	42	2	0	0	2	0	0	1	0	0	0	5	0	0	67	3	0	0	0	0	0	0	0	0	0	0	1	0	0	0	7	0	0	67	6	0	0	0	0	0	0	0	0	0	0	0	0	0	0	1	0	0	0	2	0	0	0	20	0	0	92	9	0	37	1	0	0	0	5	0	0	0	0	0	11	0	0	0	0	0	0	0	38	0	1	0	0	0	4	0	19	0	22	0	0	165
158	141	51	67	84	124	23	30	69	49	67	84	17	15	65	67	98	133	252	73	107	21	30	67	21	30	69	13	15	61	61	35	60	207	58	49	67	84	12	0	0	20	22	24	0	0	17	15	65	67	98	133	252	73	90	20	27	67	19	30	67	13	15	59	61	31	60	201	55	21	30	69	7	0	0	20	8	0	0	0	13	15	61	61	35	60	207	58	49	67	84	15	36	0	0	6	0	0	0	12	0	0	20	22	24	0	0	17	15	65	67	98	133	252	73	73	10	12	65	18	27	67	12	12	59	61	29	51	201	48	19	30	67	3	0	0	20	4	0	0	0	13	15	59	61	31	60	201	55	21	30	69	2	0	0	0	3	0	0	0	7	0	0	20	8	0	0	0	13	15	61	61	35	60	207	58	46	67	84	18	36	33	10	43	64	84	0	14	36	0	0	6	0	0	0	12	0	0	20	19	24	0	0	17	15	65	67	92	133	252	73
126	113	58	36	70	100	32	0	68	57	36	70	41	0	65	23	120	90	280	0	87	28	0	68	31	0	68	29	0	64	23	54	0	272	0	57	36	70	22	0	0	0	25	36	0	0	41	0	65	23	120	90	280	0	74	25	0	68	27	0	68	29	0	64	23	48	0	272	0	31	0	68	13	0	0	0	14	0	0	0	29	0	64	23	54	0	272	0	57	36	70	37	0	22	0	6	0	0	0	22	0	0	0	25	36	0	0	41	0	65	23	120	90	280	0	61	10	0	68	24	0	68	20	0	64	23	42	0	272	0	27	0	68	5	0	0	0	8	0	0	0	29	0	64	23	48	0	272	0	31	0	68	6	0	22	0	6	0	0	0	13	0	0	0	14	0	0	0	29	0	64	23	54	0	272	0	53	36	70	26	0	68	0	43	54	0	0	37	0	22	0	6	0	0	0	22	0	0	0	22	36	0	0	41	0	65	23	109	90	280	0
148	133	34	26	122	118	15	0	85	34	26	122	9	0	98	182	76	39	244	139	103	14	0	50	15	0	85	8	0	80	73	32	0	170	92	34	26	122	4	0	0	50	14	13	0	149	9	0	98	182	76	39	244	139	88	14	0	47	14	0	50	8	0	29	67	30	0	100	82	15	0	85	4	0	0	41	4	0	0	80	8	0	80	73	32	0	170	92	34	26	122	8	0	0	21	3	0	0	0	4	0	0	50	14	13	0	149	9	0	98	182	76	39	244	139	73	9	0	38	14	0	47	8	0	29	53	30	0	94	58	14	0	50	0	0	0	20	2	0	0	48	8	0	29	67	30	0	100	82	15	0	85	1	0	0	0	3	0	0	0	4	0	0	41	4	0	0	80	8	0	80	73	32	0	170	92	30	26	122	9	0	0	10	32	52	0	11	8	0	0	21	3	0	0	0	4	0	0	50	12	13	0	149	9	0	98	182	66	39	244	139
149	134	38	14	124	119	27	0	95	37	14	124	16	0	59	100	77	14	124	139	104	26	0	77	26	0	95	15	0	54	77	56	0	95	92	37	14	124	4	0	0	72	11	14	0	53	16	0	59	100	77	14	124	139	89	26	0	68	25	0	77	15	0	28	69	54	0	77	82	26	0	95	4	0	0	55	5	0	0	14	15	0	54	77	56	0	95	92	37	14	124	8	0	0	61	3	0	0	0	4	0	0	72	11	14	0	53	16	0	59	100	77	14	124	139	74	18	0	43	25	0	68	15	0	24	49	54	0	68	58	25	0	77	0	0	0	20	3	0	0	0	15	0	28	69	54	0	77	82	26	0	95	1	0	0	0	3	0	0	0	4	0	0	55	5	0	0	14	15	0	54	77	56	0	95	92	31	14	124	12	0	19	22	29	56	0	28	8	0	0	61	3	0	0	0	4	0	0	72	8	14	0	53	16	0	59	100	64	14	124	139
112	98	73	74	19	84	40	49	19	69	74	19	42	51	30	0	139	145	95	0	70	33	41	19	36	49	19	24	47	30	0	59	77	95	0	63	74	19	14	48	0	0	22	47	0	0	42	51	30	0	136	145	95	0	56	31	31	19	29	41	19	24	40	30	0	50	64	95	0	30	49	19	10	27	0	0	12	29	0	0	24	47	30	0	56	77	95	0	61	74	19	42	29	22	0	12	0	19	0	14	48	0	0	22	47	0	0	40	51	30	0	132	145	95	0	43	15	17	19	27	31	19	16	26	30	0	46	39	95	0	24	41	19	2	17	0	0	6	18	0	0	24	40	30	0	47	64	95	0	30	49	19	15	9	22	0	9	0	19	0	10	27	0	0	12	29	0	0	24	47	30	0	56	77	95	0	55	61	19	39	40	68	0	48	46	19	0	41	29	22	0	12	0	19	0	14	48	0	0	18	34	0	0	40	51	30	0	114	119	95	0
175	155	82	67	152	135	51	16	123	81	67	152	60	48	98	44	146	198	456	173	115	37	0	123	50	16	123	40	0	98	44	82	32	369	156	73	67	152	20	0	102	0	24	38	152	0	60	48	98	44	143	198	456	173	95	30	0	123	36	0	123	27	0	98	44	63	0	369	154	42	16	123	19	0	94	0	20	32	123	0	40	0	98	44	79	32	369	156	71	67	152	40	0	79	0	9	0	0	0	20	0	102	0	24	38	152	0	56	48	98	44	139	198	456	173	75	17	0	123	29	0	123	20	0	98	44	48	0	369	154	28	0	123	7	0	94	0	6	0	123	0	27	0	98	44	60	0	369	154	40	16	123	16	0	55	0	9	0	0	0	19	0	94	0	20	32	123	0	36	0	98	44	75	32	369	156	62	67	152	38	0	33	0	36	48	0	0	40	0	79	0	9	0	0	0	14	0	102	0	18	38	152	0	50	48	98	44	111	198	456	173
160	142	47	32	153	124	23	0	106	47	32	153	26	0	71	119	96	96	306	295	106	18	0	98	23	0	106	14	0	71	103	44	0	212	241	46	32	153	11	0	4	84	14	0	0	0	26	0	71	119	96	96	306	295	88	16	0	85	18	0	98	13	0	71	88	36	0	196	204	22	0	106	11	0	0	42	12	0	0	0	14	0	71	103	44	0	212	241	46	32	153	18	0	16	42	6	0	0	47	11	0	4	84	14	0	0	0	26	0	71	119	96	96	306	295	70	7	0	85	16	0	85	10	0	67	88	30	0	170	201	17	0	98	1	0	0	42	4	0	0	0	13	0	71	88	36	0	196	204	22	0	106	6	0	0	42	6	0	0	38	11	0	0	42	12	0	0	0	14	0	71	103	44	0	212	241	40	32	153	19	0	20	0	25	0	0	0	18	0	16	42	6	0	0	47	11	0	4	84	10	0	0	0	26	0	71	119	78	96	306	295
138	121	74	80	68	104	36	30	61	74	80	68	42	0	79	37	131	245	340	19	87	30	30	54	36	30	61	28	0	79	31	70	105	305	19	69	80	68	17	0	4	69	18	15	0	0	42	0	79	37	131	245	340	19	70	29	30	21	30	30	54	27	0	77	0	62	105	270	19	31	30	61	17	0	0	0	14	15	0	0	28	0	79	31	70	105	305	19	58	80	68	32	0	4	22	6	0	0	152	17	0	4	69	18	15	0	0	36	0	79	37	115	245	340	19	55	16	20	21	29	30	21	25	0	62	0	59	105	105	19	26	30	54	7	0	0	0	6	15	0	0	27	0	77	0	62	105	270	19	27	30	61	6	0	0	22	6	0	0	78	17	0	0	0	14	15	0	0	24	0	79	31	65	105	305	19	46	50	68	20	100	22	0	29	40	0	0	32	0	4	22	6	0	0	152	11	0	4	69	12	0	0	0	28	0	79	37	76	140	340	19
174	152	80	120	128	130	53	100	64	76	120	128	52	83	0	117	157	223	128	419	108	44	81	59	49	100	64	35	68	0	111	88	183	64	336	67	120	128	15	64	30	47	19	53	128	0	49	83	0	117	151	223	128	419	86	32	76	37	40	81	59	26	64	0	78	75	146	59	281	40	100	64	9	60	22	0	14	47	64	0	32	68	0	111	82	183	64	336	65	120	128	26	76	101	22	6	51	0	100	15	64	30	47	19	53	128	0	47	83	0	117	147	223	128	419	65	16	15	33	28	76	37	13	60	0	74	55	137	37	269	32	81	59	1	0	22	0	5	17	59	0	23	64	0	78	69	146	59	281	40	100	64	15	15	68	14	6	51	0	52	9	60	22	0	14	47	64	0	32	68	0	111	82	183	64	336	48	99	128	29	15	116	28	30	51	512	0	23	76	101	22	6	51	0	100	9	64	30	47	9	32	128	0	47	83	0	117	103	181	128	419
118	102	74	96	13	86	39	60	0	72	96	13	33	96	0	0	117	226	52	89	70	33	44	0	37	60	0	23	48	0	0	57	132	0	87	58	96	13	19	40	4	0	18	34	26	0	30	96	0	0	111	226	52	89	54	29	32	0	31	44	0	22	40	0	0	48	114	0	87	23	60	0	13	24	0	0	11	24	0	0	20	48	0	0	51	132	0	87	48	96	13	33	88	4	0	6	36	0	0	19	40	4	0	18	34	26	0	24	96	0	0	95	226	52	89	40	17	12	0	27	32	0	17	24	0	0	42	88	0	87	18	44	0	7	0	0	0	5	12	0	0	19	40	0	0	42	114	0	87	20	60	0	12	24	0	0	6	36	0	0	13	24	0	0	11	24	0	0	16	48	0	0	46	132	0	87	37	68	13	31	48	8	0	26	48	26	0	30	88	4	0	6	36	0	0	7	40	4	0	10	20	26	0	17	96	0	0	62	128	52	89
118	103	44	26	121	88	27	0	52	44	26	121	21	0	58	80	59	0	242	514	73	27	0	52	27	0	52	21	0	14	80	49	0	104	354	37	26	121	14	0	0	0	15	0	0	0	21	0	58	80	59	0	242	514	58	21	0	52	27	0	52	21	0	14	80	49	0	104	334	20	0	52	6	0	0	0	5	0	0	0	21	0	14	80	49	0	104	354	32	26	121	19	0	72	0	6	0	0	0	14	0	0	0	15	0	0	0	15	0	58	80	51	0	242	514	43	10	0	50	21	0	52	13	0	14	76	39	0	104	266	20	0	52	6	0	0	0	5	0	0	0	21	0	14	80	49	0	104	334	15	0	52	0	0	0	0	6	0	0	0	6	0	0	0	5	0	0	0	15	0	14	80	41	0	104	354	23	26	121	10	0	47	22	15	26	0	0	19	0	72	0	6	0	0	0	8	0	0	0	10	0	0	0	8	0	58	80	20	0	242	514
93	80	42	41	56	67	22	22	36	42	41	56	17	11	12	49	52	67	112	81	54	22	22	36	22	22	36	17	11	0	49	39	66	72	61	34	41	56	10	0	0	0	10	0	0	0	17	11	12	49	52	67	112	81	42	20	20	34	22	22	36	17	11	0	47	39	66	72	54	15	22	36	6	0	0	0	4	0	0	0	17	11	0	49	39	66	72	61	24	29	56	16	18	12	22	3	0	0	0	10	0	0	0	10	0	0	0	11	11	12	49	38	55	112	81	31	10	9	21	20	20	34	13	9	0	32	36	56	68	21	15	22	36	6	0	0	0	4	0	0	0	17	11	0	47	39	66	72	54	10	11	36	0	0	0	0	3	0	0	0	6	0	0	0	4	0	0	0	11	11	0	49	32	55	72	61	16	18	56	8	18	46	22	12	18	56	52	16	18	12	22	3	0	0	0	4	0	0	0	6	0	0	0	4	0	12	49	9	0	112	81
126	109	53	64	103	92	33	16	50	53	64	103	28	0	91	65	67	24	412	386	76	30	16	50	33	16	50	20	0	58	65	51	0	200	290	39	48	103	10	0	12	0	13	24	0	0	28	0	91	65	64	24	412	386	60	28	16	50	30	16	50	20	0	58	65	45	0	200	275	19	0	50	6	0	11	0	4	0	0	0	20	0	58	65	48	0	200	290	33	48	103	28	0	12	0	6	0	0	0	10	0	12	0	13	24	0	0	19	0	91	65	54	24	412	386	44	17	16	50	28	16	50	16	0	58	65	42	0	200	229	16	0	50	6	0	11	0	4	0	0	0	20	0	58	65	42	0	200	275	13	0	50	10	0	0	0	6	0	0	0	6	0	11	0	4	0	0	0	11	0	58	65	38	0	200	290	25	48	103	20	0	32	0	18	36	0	0	28	0	12	0	6	0	0	0	4	0	12	0	9	24	0	0	12	0	91	65	25	24	412	386
112	97	34	38	100	82	17	14	86	34	38	100	13	0	67	54	36	0	200	68	68	17	14	86	17	14	86	13	0	66	54	30	0	172	61	28	24	100	6	0	0	0	9	0	0	0	13	0	67	54	36	0	200	68	54	17	14	86	17	14	86	13	0	66	54	30	0	172	54	11	0	86	6	0	0	0	3	0	0	0	13	0	66	54	30	0	172	61	23	24	100	14	0	0	0	0	0	0	0	6	0	0	0	9	0	0	0	7	0	67	54	28	0	200	68	40	9	14	86	17	14	86	13	0	66	54	30	0	172	21	11	0	86	6	0	0	0	3	0	0	0	13	0	66	54	30	0	172	54	6	0	86	0	0	0	0	0	0	0	0	6	0	0	0	3	0	0	0	7	0	66	54	22	0	172	61	17	24	100	10	0	20	0	13	24	0	0	14	0	0	0	0	0	0	0	0	0	0	0	6	0	0	0	0	0	67	54	6	0	200	68
106	88	57	121	32	70	28	83	0	57	121	32	19	122	28	0	61	180	128	233	54	24	77	0	28	83	0	10	110	0	0	34	154	0	184	38	89	32	4	66	0	0	8	36	0	0	19	122	28	0	58	180	128	233	40	22	65	0	24	77	0	10	110	0	0	31	154	0	177	13	55	0	0	66	0	0	2	22	0	0	10	110	0	0	31	154	0	184	24	61	32	16	84	12	0	6	0	0	0	4	66	0	0	8	36	0	0	9	66	28	0	37	124	128	233	29	14	36	0	22	65	0	6	86	0	0	28	114	0	144	11	55	0	0	66	0	0	2	22	0	0	10	110	0	0	28	154	0	177	9	33	0	10	0	0	0	6	0	0	0	0	66	0	0	2	22	0	0	5	66	0	0	25	110	0	184	19	28	32	12	56	32	0	15	21	96	0	16	84	12	0	6	0	0	0	4	0	0	0	6	14	0	0	8	0	28	0	18	14	128	233
102	86	32	28	138	70	29	28	76	32	28	138	24	0	13	94	50	0	0	412	56	25	28	68	29	28	76	20	0	12	66	41	0	0	224	19	0	138	6	0	20	25	3	0	0	13	24	0	13	94	47	0	0	412	42	19	28	68	25	28	68	16	0	11	66	35	0	0	224	16	0	76	6	0	12	25	3	0	0	0	20	0	12	66	38	0	0	224	13	0	138	10	0	50	0	6	0	0	0	6	0	20	25	3	0	0	13	15	0	13	94	37	0	0	412	28	13	28	68	19	28	68	9	0	11	66	13	0	0	222	12	0	68	6	0	0	25	3	0	0	0	16	0	11	66	32	0	0	224	10	0	76	10	0	12	0	6	0	0	0	6	0	12	25	3	0	0	0	11	0	12	66	28	0	0	224	7	0	138	10	0	23	0	8	0	0	0	10	0	50	0	6	0	0	0	0	0	20	25	0	0	0	13	8	0	13	94	15	0	0	412
137	113	68	159	152	89	46	125	123	56	159	152	44	60	102	112	81	198	304	135	70	36	95	77	37	125	123	36	0	101	24	50	102	246	50	39	64	152	13	0	117	71	8	0	304	293	31	60	102	112	72	141	304	135	51	26	85	71	27	95	77	26	0	87	24	36	57	154	50	20	30	123	6	0	105	47	5	0	246	187	23	0	101	24	41	45	246	50	36	64	152	13	170	66	22	15	51	0	19	13	0	117	71	8	0	304	293	24	60	102	112	66	141	304	135	32	19	75	71	17	85	71	17	0	75	24	12	51	142	50	10	0	77	6	0	21	47	5	0	154	182	13	0	87	24	27	0	154	50	17	30	123	4	150	36	22	9	45	0	19	6	0	105	47	5	0	246	187	16	0	101	24	35	45	246	50	26	64	152	22	150	14	0	29	64	0	0	10	170	66	22	15	51	0	19	1	0	117	71	0	0	304	293	18	60	102	112	38	141	304	135
86	71	36	47	78	56	27	44	57	34	47	78	22	33	33	25	43	22	0	135	44	24	44	56	25	44	57	16	33	32	24	28	22	0	50	17	11	78	6	0	0	11	2	0	0	0	18	33	33	25	37	22	0	135	33	21	44	56	22	44	56	16	33	31	24	23	22	0	50	10	11	57	6	0	0	11	2	0	0	0	12	33	32	24	22	22	0	50	13	0	78	14	0	21	0	6	0	0	0	6	0	0	11	2	0	0	0	12	0	33	25	30	0	0	135	22	17	33	56	19	44	56	10	33	31	24	13	22	0	50	7	11	56	6	0	0	11	2	0	0	0	12	33	31	24	17	22	0	50	6	0	57	14	0	0	0	6	0	0	0	6	0	0	11	2	0	0	0	6	0	32	24	15	0	0	50	10	0	78	19	0	14	0	15	0	78	0	14	0	21	0	6	0	0	0	0	0	0	11	0	0	0	0	6	0	33	25	20	0	0	135
64	53	20	26	67	42	17	24	13	20	26	67	14	16	0	13	22	24	0	412	32	17	24	13	17	24	13	14	16	0	13	22	24	0	224	8	16	67	6	0	0	0	2	0	0	0	14	16	0	13	22	24	0	412	24	13	24	13	17	24	13	14	16	0	13	22	24	0	224	8	16	13	6	0	0	0	2	0	0	0	14	16	0	13	22	24	0	224	4	0	67	0	0	30	0	0	0	0	0	6	0	0	0	2	0	0	0	7	0	0	13	15	0	0	412	16	9	8	13	13	24	13	7	16	0	13	7	24	0	222	8	16	13	6	0	0	0	2	0	0	0	14	16	0	13	22	24	0	224	4	0	13	0	0	0	0	0	0	0	0	6	0	0	0	2	0	0	0	7	0	0	13	15	0	0	224	0	0	67	0	0	23	0	0	0	134	0	0	0	30	0	0	0	0	0	0	0	0	0	0	0	0	0	0	0	0	13	0	0	0	412
75	60	48	77	61	46	29	57	60	35	63	61	26	54	115	12	44	69	122	0	36	26	50	57	19	47	60	18	40	114	11	18	44	120	0	20	23	61	6	0	15	37	2	0	61	0	11	14	115	12	32	39	122	0	26	23	46	55	16	40	57	18	40	105	11	14	30	114	0	4	7	60	0	0	15	33	0	0	60	0	3	0	114	11	6	14	120	0	19	23	61	18	36	0	22	6	27	0	0	6	0	15	37	2	0	61	0	8	14	115	12	30	39	122	0	16	17	37	55	13	36	55	15	36	97	11	11	27	110	0	1	0	57	0	0	13	33	0	0	57	0	3	0	105	11	2	0	114	0	3	7	60	10	28	0	22	3	21	0	0	0	0	15	33	0	0	60	0	0	0	114	11	4	14	120	0	17	23	61	20	65	0	0	20	37	0	0	16	36	0	22	6	27	0	0	0	0	15	37	0	0	61	0	8	14	115	12	25	39	122	0
76	59	44	93	69	45	29	60	38	26	51	69	13	72	54	112	29	63	207	213	33	29	60	37	14	24	38	13	72	15	108	12	36	114	183	12	27	69	6	0	0	12	3	0	0	0	0	0	54	112	17	27	207	213	21	26	54	34	14	24	37	13	72	15	100	12	36	111	134	0	0	38	0	0	0	11	0	0	0	0	0	0	15	108	0	0	114	183	12	27	69	17	54	0	37	9	27	0	0	6	0	0	12	3	0	0	0	0	0	54	112	17	27	207	213	9	12	27	32	11	18	34	10	54	13	96	9	27	102	126	0	0	37	0	0	0	11	0	0	0	0	0	0	15	100	0	0	111	134	0	0	38	0	0	0	33	0	0	0	0	0	0	0	11	0	0	0	0	0	0	15	108	0	0	114	183	9	27	69	9	81	103	22	9	27	138	0	14	54	0	37	9	27	0	0	0	0	0	12	0	0	0	0	0	0	54	112	10	27	207	213
49	37	28	41	49	28	18	35	36	13	14	49	10	42	24	71	13	21	0	61	21	18	35	36	6	14	36	10	42	15	71	6	21	0	60	7	0	49	0	0	0	0	0	0	0	0	0	0	24	71	7	0	0	61	14	18	35	34	6	14	36	10	42	15	67	6	21	0	57	0	0	36	0	0	0	0	0	0	0	0	0	0	15	71	0	0	0	60	7	0	49	10	0	0	26	6	0	0	0	0	0	0	0	0	0	0	0	0	0	24	71	7	0	0	61	7	12	21	32	6	14	34	10	42	13	63	6	21	0	55	0	0	36	0	0	0	0	0	0	0	0	0	0	15	67	0	0	0	57	0	0	36	0	0	0	22	0	0	0	0	0	0	0	0	0	0	0	0	0	0	15	71	0	0	0	60	7	0	49	15	0	28	22	7	0	98	0	10	0	0	26	6	0	0	0	0	0	0	0	0	0	0	0	0	0	24	71	7	0	0	61
63	50	26	30	67	40	16	30	64	14	0	67	12	0	29	41	15	0	0	0	30	16	30	64	4	0	64	12	0	27	41	6	0	0	0	10	0	67	0	0	0	0	0	0	0	0	0	0	29	41	9	0	0	0	20	16	30	61	4	0	64	12	0	27	37	6	0	0	0	0	0	64	0	0	0	0	0	0	0	0	0	0	27	41	0	0	0	0	10	0	67	6	0	0	37	6	0	0	0	0	0	0	0	0	0	0	0	0	0	29	41	9	0	0	0	10	12	30	56	4	0	61	12	0	24	33	6	0	0	0	0	0	64	0	0	0	0	0	0	0	0	0	0	27	37	0	0	0	0	0	0	64	0	0	0	30	0	0	0	0	0	0	0	0	0	0	0	0	0	0	27	41	0	0	0	0	10	0	67	17	0	0	46	10	0	0	0	6	0	0	37	6	0	0	0	0	0	0	0	0	0	0	0	0	0	29	41	9	0	0	0
94	77	42	55	112	61	25	16	94	28	39	112	11	0	111	39	29	39	336	152	45	24	16	94	11	0	94	9	0	77	39	11	0	282	123	18	39	112	6	0	10	0	4	0	0	0	2	0	111	39	20	39	336	152	29	21	16	83	10	0	94	9	0	77	30	9	0	282	77	1	0	94	0	0	9	0	1	0	0	0	0	0	77	39	2	0	282	123	18	39	112	19	0	0	93	6	39	0	0	6	0	10	0	4	0	0	0	2	0	111	39	20	39	336	152	13	11	13	59	7	0	83	6	0	61	22	6	0	249	71	0	0	94	0	0	9	0	0	0	0	0	0	0	77	30	0	0	282	77	1	0	94	0	0	0	30	0	0	0	0	0	0	9	0	1	0	0	0	0	0	77	39	2	0	282	123	14	39	112	15	39	75	69	14	39	0	103	16	0	0	93	6	39	0	0	0	0	10	0	0	0	0	0	2	0	111	39	11	39	336	152
54	43	27	32	26	34	18	18	26	13	14	26	12	0	18	0	15	7	52	0	25	18	18	26	4	0	26	12	0	18	0	6	0	52	0	9	14	26	0	0	0	0	1	0	0	0	0	0	18	0	9	7	52	0	16	18	18	25	4	0	26	12	0	18	0	6	0	52	0	0	0	26	0	0	0	0	0	0	0	0	0	0	18	0	0	0	52	0	9	14	26	7	0	0	11	6	0	0	0	0	0	0	0	1	0	0	0	0	0	18	0	9	7	52	0	7	12	14	21	4	0	25	12	0	17	0	6	0	50	0	0	0	26	0	0	0	0	0	0	0	0	0	0	18	0	0	0	52	0	0	0	26	0	0	0	8	0	0	0	0	0	0	0	0	0	0	0	0	0	0	18	0	0	0	52	0	8	14	26	13	28	0	29	8	14	0	0	6	0	0	11	6	0	0	0	0	0	0	0	0	0	0	0	0	0	18	0	7	7	52	0
75	59	32	29	149	44	20	15	109	23	14	149	11	0	52	159	39	28	149	207	29	19	15	88	11	0	109	9	0	51	120	9	0	109	158	12	14	149	6	0	0	75	7	14	0	152	2	0	52	159	30	28	149	207	14	9	14	83	10	0	88	9	0	45	120	9	0	88	157	0	0	109	0	0	0	66	0	0	0	123	0	0	51	120	0	0	109	158	10	14	149	2	14	103	39	0	0	0	0	6	0	0	75	7	14	0	152	0	0	52	159	26	28	149	207	0	0	0	50	0	0	83	0	0	36	101	0	0	83	142	0	0	88	0	0	0	30	0	0	0	77	0	0	45	120	0	0	88	157	0	0	109	0	0	75	0	0	0	0	0	0	0	0	66	0	0	0	123	0	0	51	120	0	0	109	158	0	0	149	0	0	75	103	0	0	149	141	0	0	103	39	0	0	0	0	0	0	0	75	0	0	0	152	0	0	52	159	0	0	149	207
66	52	23	13	103	39	14	13	70	14	0	103	9	0	28	33	27	0	0	207	26	14	13	68	5	0	70	9	0	27	32	6	0	0	158	9	0	103	6	0	0	25	7	0	0	0	0	0	28	33	21	0	0	207	13	9	13	67	5	0	68	9	0	25	32	6	0	0	157	0	0	70	0	0	0	24	0	0	0	0	0	0	27	32	0	0	0	158	9	0	103	3	0	18	15	0	0	0	0	6	0	0	25	7	0	0	0	0	0	28	33	21	0	0	207	0	0	0	46	0	0	67	0	0	24	27	0	0	0	142	0	0	68	0	0	0	4	0	0	0	0	0	0	25	32	0	0	0	157	0	0	70	0	0	0	0	0	0	0	0	0	0	0	24	0	0	0	0	0	0	27	32	0	0	0	158	0	0	103	0	0	62	30	0	0	103	128	0	0	18	15	0	0	0	0	0	0	0	25	0	0	0	0	0	0	28	33	0	0	0	207
71	56	35	44	84	41	8	0	84	32	44	84	8	0	125	0	61	110	336	0	26	6	0	83	5	0	84	3	0	125	0	3	0	336	0	27	44	84	6	0	0	16	9	22	0	0	5	0	125	0	58	110	336	0	11	3	0	82	3	0	83	3	0	124	0	3	0	332	0	0	0	84	0	0	0	15	0	0	0	0	0	0	125	0	0	0	336	0	17	44	84	3	0	0	15	0	0	0	0	6	0	0	16	9	22	0	0	0	0	125	0	42	110	336	0	0	0	0	63	0	0	82	0	0	123	0	0	0	328	0	0	0	83	0	0	0	0	0	0	0	0	0	0	124	0	0	0	332	0	0	0	84	0	0	0	0	0	0	0	0	0	0	0	15	0	0	0	0	0	0	125	0	0	0	336	0	0	0	84	0	0	0	52	0	0	0	128	0	0	0	15	0	0	0	0	0	0	0	16	0	0	0	0	0	0	125	0	0	0	336	0
55	43	40	35	48	31	7	0	48	39	35	48	12	0	116	0	70	105	240	0	19	4	0	48	6	0	48	3	0	116	0	3	0	240	0	34	35	48	6	0	8	0	8	14	0	0	9	0	116	0	67	105	240	0	7	1	0	48	3	0	48	3	0	116	0	3	0	240	0	1	0	48	0	0	8	0	0	0	0	0	0	0	116	0	0	0	240	0	18	35	48	2	0	0	0	0	0	0	0	6	0	8	0	8	14	0	0	4	0	116	0	44	105	240	0	0	0	0	47	0	0	48	0	0	116	0	0	0	240	0	0	0	48	0	0	8	0	0	0	0	0	0	0	116	0	0	0	240	0	0	0	48	0	0	0	0	0	0	0	0	0	0	8	0	0	0	0	0	0	0	116	0	0	0	240	0	0	0	48	0	0	0	14	0	0	0	0	0	0	0	0	0	0	0	0	0	0	8	0	0	0	0	0	0	0	116	0	0	0	240	0
65	49	41	71	77	34	20	48	51	31	56	77	15	36	41	44	53	86	154	181	22	18	42	26	13	36	51	10	36	41	0	9	36	102	132	18	20	77	0	60	0	36	7	20	0	213	5	0	41	44	44	50	154	181	10	7	10	21	11	30	26	10	30	36	0	9	30	52	131	0	0	51	0	0	0	27	0	0	0	183	0	0	41	0	0	0	102	132	13	20	77	1	20	139	39	0	0	231	0	0	60	0	36	7	20	0	213	0	0	41	44	36	50	154	181	0	0	0	0	0	0	21	0	0	27	0	0	0	42	117	0	0	26	0	0	0	0	0	0	0	134	0	0	36	0	0	0	52	131	0	0	51	0	0	103	0	0	0	153	0	0	0	0	27	0	0	0	183	0	0	41	0	0	0	102	132	0	0	77	0	0	49	0	0	0	77	141	0	0	139	39	0	0	231	0	0	0	0	36	0	0	0	213	0	0	41	44	0	0	154	181
51	38	21	12	89	25	2	0	64	21	12	89	5	0	16	82	20	36	89	132	12	0	0	64	2	0	64	0	0	15	82	0	0	64	132	16	12	89	0	0	0	0	0	0	0	0	5	0	16	82	20	36	89	132	0	0	0	64	0	0	64	0	0	15	82	0	0	64	131	0	0	64	0	0	0	0	0	0	0	0	0	0	15	82	0	0	64	132	0	0	89	0	0	0	0	0	0	0	0	0	0	0	0	0	0	0	0	0	0	16	82	0	0	89	132	0	0	0	64	0	0	64	0	0	15	82	0	0	64	130	0	0	64	0	0	0	0	0	0	0	0	0	0	15	82	0	0	64	131	0	0	64	0	0	0	0	0	0	0	0	0	0	0	0	0	0	0	0	0	0	15	82	0	0	64	132	0	0	0	0	0	0	0	0	0	0	0	0	0	0	0	0	0	0	0	0	0	0	0	0	0	0	0	0	0	0	82	0	0	0	132
80	59	28	56	180	38	8	18	123	26	56	180	10	36	31	196	26	72	360	358	18	2	0	122	6	18	123	3	0	30	194	3	0	246	292	16	36	180	0	0	52	10	0	0	180	0	7	36	31	196	23	72	360	358	0	0	0	114	0	0	122	0	0	30	184	0	0	244	245	0	0	123	0	0	22	9	0	0	123	0	0	0	30	194	0	0	246	292	0	0	180	0	0	24	73	0	0	0	0	0	0	52	10	0	0	180	0	0	0	31	196	0	0	360	358	0	0	0	97	0	0	114	0	0	22	172	0	0	228	234	0	0	122	0	0	22	9	0	0	122	0	0	0	30	184	0	0	244	245	0	0	123	0	0	0	36	0	0	0	0	0	0	22	9	0	0	123	0	0	0	30	194	0	0	246	292	0	0	0	0	0	0	89	0	0	0	32	0	0	0	73	0	0	0	0	0	0	0	10	0	0	0	0	0	0	0	196	0	0	0	358
52	38	20	40	55	24	2	0	33	20	40	55	5	0	16	36	18	50	220	132	10	0	0	33	2	0	33	0	0	15	36	0	0	132	132	13	40	55	0	0	0	0	0	0	0	0	5	0	16	36	18	50	220	132	0	0	0	33	0	0	33	0	0	15	36	0	0	132	131	0	0	33	0	0	0	0	0	0	0	0	0	0	15	36	0	0	132	132	0	0	55	0	0	0	0	0	0	0	0	0	0	0	0	0	0	0	0	0	0	16	36	0	0	220	132	0	0	0	33	0	0	33	0	0	15	36	0	0	132	130	0	0	33	0	0	0	0	0	0	0	0	0	0	15	36	0	0	132	131	0	0	33	0	0	0	0	0	0	0	0	0	0	0	0	0	0	0	0	0	0	15	36	0	0	132	132	0	0	0	0	0	0	0	0	0	0	0	0	0	0	0	0	0	0	0	0	0	0	0	0	0	0	0	0	0	0	36	0	0	0	132
63	46	26	60	99	29	4	0	88	26	60	99	9	0	57	48	21	84	495	48	12	0	0	88	4	0	88	0	0	56	48	0	0	440	48	15	60	99	0	0	22	0	0	0	0	0	9	0	57	48	21	84	495	48	0	0	0	80	0	0	88	0	0	56	44	0	0	440	48	0	0	88	0	0	22	0	0	0	0	0	0	0	56	48	0	0	440	48	0	0	99	0	0	0	66	0	0	0	0	0	0	22	0	0	0	0	0	0	0	57	48	0	0	495	48	0	0	0	54	0	0	80	0	0	46	36	0	0	400	48	0	0	88	0	0	22	0	0	0	0	0	0	0	56	44	0	0	440	48	0	0	88	0	0	0	12	0	0	0	0	0	0	22	0	0	0	0	0	0	0	56	48	0	0	440	48	0	0	0	0	0	0	88	0	0	0	88	0	0	0	66	0	0	0	0	0	0	0	0	0	0	0	0	0	0	0	48	0	0	0	48
43	31	25	35	39	19	7	8	11	24	35	39	9	24	22	0	26	32	117	209	8	1	0	11	6	8	11	3	0	22	0	3	0	33	183	14	24	39	0	0	52	0	0	0	39	0	6	24	22	0	23	32	117	209	0	0	0	7	0	0	11	0	0	22	0	0	0	33	157	0	0	11	0	0	22	0	0	0	11	0	0	0	22	0	0	0	33	183	0	0	39	0	0	10	28	0	0	0	0	0	0	52	0	0	0	39	0	0	0	22	0	0	0	117	209	0	0	0	0	0	0	7	0	0	14	0	0	0	21	151	0	0	11	0	0	22	0	0	0	11	0	0	0	22	0	0	0	33	157	0	0	11	0	0	0	0	0	0	0	0	0	0	22	0	0	0	11	0	0	0	22	0	0	0	33	183	0	0	0	0	0	0	0	0	0	0	32	0	0	0	28	0	0	0	0	0	0	0	0	0	0	0	0	0	0	0	0	0	0	0	209
30	20	8	0	68	10	0	0	31	8	0	68	0	0	8	65	0	0	0	193	0	0	0	30	0	0	31	0	0	0	61	0	0	0	132	0	0	68	0	0	0	8	0	0	0	0	0	0	8	65	0	0	0	193	0	0	0	30	0	0	30	0	0	0	61	0	0	0	132	0	0	31	0	0	0	8	0	0	0	0	0	0	0	61	0	0	0	132	0	0	0	0	0	0	0	0	0	0	0	0	0	0	8	0	0	0	0	0	0	0	65	0	0	0	193	0	0	0	30	0	0	30	0	0	0	61	0	0	0	120	0	0	30	0	0	0	8	0	0	0	0	0	0	0	61	0	0	0	132	0	0	0	0	0	0	0	0	0	0	0	0	0	0	8	0	0	0	0	0	0	0	61	0	0	0	132	0	0	0	0	0	0	0	0	0	0	0	0	0	0	0	0	0	0	0	0	0	0	8	0	0	0	0	0	0	0	0	0	0	0	0
36	23	8	30	74	10	0	0	11	8	30	74	0	0	54	33	0	0	222	462	0	0	0	11	0	0	11	0	0	22	33	0	0	33	319	0	0	74	0	0	0	0	0	0	0	0	0	0	54	33	0	0	222	462	0	0	0	11	0	0	11	0	0	22	33	0	0	33	318	0	0	11	0	0	0	0	0	0	0	0	0	0	22	33	0	0	33	319	0	0	0	0	0	0	0	0	0	0	0	0	0	0	0	0	0	0	0	0	0	0	33	0	0	0	462	0	0	0	7	0	0	11	0	0	22	21	0	0	33	298	0	0	11	0	0	0	0	0	0	0	0	0	0	22	33	0	0	33	318	0	0	0	0	0	0	0	0	0	0	0	0	0	0	0	0	0	0	0	0	0	0	33	0	0	0	319	0	0	0	0	0	0	28	0	0	0	0	0	0	0	0	0	0	0	0	0	0	0	0	0	0	0	0	0	0	0	0	0	0	0	0
29	19	9	9	56	9	0	0	30	9	9	56	0	0	36	44	0	0	56	154	0	0	0	30	0	0	30	0	0	30	44	0	0	30	121	0	0	56	0	0	0	0	0	0	0	0	0	0	36	44	0	0	56	154	0	0	0	30	0	0	30	0	0	30	44	0	0	30	121	0	0	30	0	0	0	0	0	0	0	0	0	0	30	44	0	0	30	121	0	0	0	0	0	0	0	0	0	0	0	0	0	0	0	0	0	0	0	0	0	0	44	0	0	0	154	0	0	0	16	0	0	30	0	0	30	30	0	0	30	113	0	0	30	0	0	0	0	0	0	0	0	0	0	30	44	0	0	30	121	0	0	0	0	0	0	0	0	0	0	0	0	0	0	0	0	0	0	0	0	0	0	44	0	0	0	121	0	0	0	0	0	0	46	0	0	0	67	0	0	0	0	0	0	0	0	0	0	0	0	0	0	0	0	0	0	0	0	0	0	0	0
25	16	9	14	31	7	0	0	19	9	14	31	0	0	41	0	0	0	62	99	0	0	0	19	0	0	19	0	0	41	0	0	0	38	88	0	0	31	0	0	0	0	0	0	0	0	0	0	41	0	0	0	62	99	0	0	0	19	0	0	19	0	0	41	0	0	0	38	88	0	0	19	0	0	0	0	0	0	0	0	0	0	41	0	0	0	38	88	0	0	0	0	0	0	0	0	0	0	0	0	0	0	0	0	0	0	0	0	0	0	0	0	0	0	99	0	0	0	0	0	0	19	0	0	41	0	0	0	38	80	0	0	19	0	0	0	0	0	0	0	0	0	0	41	0	0	0	38	88	0	0	0	0	0	0	0	0	0	0	0	0	0	0	0	0	0	0	0	0	0	0	0	0	0	0	88	0	0	0	0	0	0	0	0	0	0	145	0	0	0	0	0	0	0	0	0	0	0	0	0	0	0	0	0	0	0	0	0	0	0	0
26	17	8	8	48	8	0	0	0	8	8	48	0	0	26	0	0	0	48	373	0	0	0	0	0	0	0	0	0	0	0	0	0	0	255	0	0	48	0	0	0	0	0	0	0	0	0	0	26	0	0	0	48	373	0	0	0	0	0	0	0	0	0	0	0	0	0	0	254	0	0	0	0	0	0	0	0	0	0	0	0	0	0	0	0	0	0	255	0	0	0	0	0	0	0	0	0	0	0	0	0	0	0	0	0	0	0	0	0	0	0	0	0	0	373	0	0	0	0	0	0	0	0	0	0	0	0	0	0	234	0	0	0	0	0	0	0	0	0	0	0	0	0	0	0	0	0	0	254	0	0	0	0	0	0	0	0	0	0	0	0	0	0	0	0	0	0	0	0	0	0	0	0	0	0	255	0	0	0	0	0	0	0	0	0	0	0	0	0	0	0	0	0	0	0	0	0	0	0	0	0	0	0	0	0	0	0	0	0	0	0
26	13	0	0	135	0	0	0	96	0	0	135	0	0	0	55	0	0	0	209	0	0	0	93	0	0	96	0	0	0	49	0	0	0	60	0	0	0	0	0	0	33	0	0	0	0	0	0	0	55	0	0	0	209	0	0	0	91	0	0	93	0	0	0	49	0	0	0	60	0	0	0	0	0	0	33	0	0	0	0	0	0	0	49	0	0	0	60	0	0	0	0	0	0	34	0	0	0	0	0	0	0	33	0	0	0	0	0	0	0	0	0	0	0	0	0	0	0	89	0	0	91	0	0	0	49	0	0	0	60	0	0	0	0	0	0	33	0	0	0	0	0	0	0	49	0	0	0	60	0	0	0	0	0	0	30	0	0	0	0	0	0	0	33	0	0	0	0	0	0	0	0	0	0	0	0	0	0	0	0	0	0	30	0	0	0	0	0	0	0	34	0	0	0	0	0	0	0	0	0	0	0	0	0	0	0	0	0	0	0	0
24	12	5	0	110	0	0	0	92	0	0	110	0	0	22	99	0	0	0	74	0	0	0	61	0	0	92	0	0	22	33	0	0	0	11	0	0	0	0	0	0	53	0	0	0	219	0	0	0	99	0	0	0	74	0	0	0	48	0	0	61	0	0	20	33	0	0	0	11	0	0	0	0	0	0	33	0	0	0	134	0	0	0	33	0	0	0	11	0	0	0	0	0	0	43	0	0	0	77	0	0	0	53	0	0	0	219	0	0	0	0	0	0	0	0	0	0	0	44	0	0	48	0	0	9	33	0	0	0	11	0	0	0	0	0	0	33	0	0	0	133	0	0	0	33	0	0	0	11	0	0	0	0	0	0	37	0	0	0	51	0	0	0	33	0	0	0	134	0	0	0	0	0	0	0	0	0	0	0	0	0	0	44	0	0	0	0	0	0	0	43	0	0	0	77	0	0	0	0	0	0	0	0	0	0	0	0	0	0	0	0
18	9	2	0	72	0	0	0	54	0	0	72	0	0	10	11	0	0	0	105	0	0	0	54	0	0	54	0	0	10	11	0	0	0	30	0	0	0	0	0	0	0	0	0	0	0	0	0	0	11	0	0	0	105	0	0	0	51	0	0	54	0	0	10	11	0	0	0	30	0	0	0	0	0	0	0	0	0	0	0	0	0	0	11	0	0	0	30	0	0	0	0	0	0	43	0	0	0	0	0	0	0	0	0	0	0	0	0	0	0	0	0	0	0	0	0	0	0	47	0	0	51	0	0	9	11	0	0	0	30	0	0	0	0	0	0	0	0	0	0	0	0	0	0	11	0	0	0	30	0	0	0	0	0	0	37	0	0	0	0	0	0	0	0	0	0	0	0	0	0	0	0	0	0	0	0	0	0	0	0	0	0	44	0	0	0	0	0	0	0	43	0	0	0	0	0	0	0	0	0	0	0	0	0	0	0	0	0	0	0	0
17	8	10	8	60	0	0	0	60	0	0	60	0	0	79	0	0	0	60	0	0	0	0	58	0	0	60	0	0	79	0	0	0	60	0	0	0	0	0	0	0	20	0	0	0	0	0	0	0	0	0	0	0	0	0	0	0	42	0	0	58	0	0	77	0	0	0	58	0	0	0	0	0	0	0	0	0	0	0	0	0	0	0	0	0	0	0	0	0	0	0	0	0	0	70	0	0	0	77	0	0	0	20	0	0	0	0	0	0	0	0	0	0	0	0	0	0	0	22	0	0	42	0	0	57	0	0	0	42	0	0	0	0	0	0	0	0	0	0	0	0	0	0	0	0	0	0	0	0	0	0	0	0	0	0	37	0	0	0	51	0	0	0	0	0	0	0	0	0	0	0	0	0	0	0	0	0	0	0	0	0	0	44	0	0	0	118	0	0	0	70	0	0	0	77	0	0	0	0	0	0	0	0	0	0	0	0	0	0	0	0
16	7	9	14	60	0	0	0	60	0	0	60	0	0	79	0	0	0	120	0	0	0	0	58	0	0	60	0	0	79	0	0	0	120	0	0	0	0	0	0	0	20	0	0	0	0	0	0	0	0	0	0	0	0	0	0	0	42	0	0	58	0	0	77	0	0	0	116	0	0	0	0	0	0	0	0	0	0	0	0	0	0	0	0	0	0	0	0	0	0	0	0	0	0	70	0	0	0	77	0	0	0	20	0	0	0	0	0	0	0	0	0	0	0	0	0	0	0	22	0	0	42	0	0	57	0	0	0	84	0	0	0	0	0	0	0	0	0	0	0	0	0	0	0	0	0	0	0	0	0	0	0	0	0	0	37	0	0	0	51	0	0	0	0	0	0	0	0	0	0	0	0	0	0	0	0	0	0	0	0	0	0	44	0	0	0	118	0	0	0	70	0	0	0	77	0	0	0	0	0	0	0	0	0	0	0	0	0	0	0	0
11	0	0	0	109	0	0	0	101	0	0	0	0	0	0	78	0	0	0	0	0	0	0	101	0	0	0	0	0	0	78	0	0	0	0	0	0	0	0	0	0	0	0	0	0	0	0	0	0	0	0	0	0	0	0	0	0	101	0	0	0	0	0	0	78	0	0	0	0	0	0	0	0	0	0	0	0	0	0	0	0	0	0	0	0	0	0	0	0	0	0	0	0	0	0	0	0	0	0	0	0	0	0	0	0	0	0	0	0	0	0	0	0	0	0	0	0	0	96	0	0	0	0	0	0	68	0	0	0	0	0	0	0	0	0	0	0	0	0	0	0	0	0	0	0	0	0	0	0	0	0	0	0	0	0	0	0	0	0	0	0	0	0	0	0	0	0	0	0	0	0	0	0	0	0	0	0	0	0	0	0	0	57	0	0	0	0	0	0	0	0	0	0	0	0	0	0	0	0	0	0	0	0	0	0	0	0	0	0	0	0
9	0	0	0	60	0	0	0	49	0	0	0	0	0	0	38	0	0	0	60	0	0	0	49	0	0	0	0	0	0	38	0	0	0	60	0	0	0	0	0	0	0	0	0	0	0	0	0	0	0	0	0	0	0	0	0	0	49	0	0	0	0	0	0	38	0	0	0	58	0	0	0	0	0	0	0	0	0	0	0	0	0	0	0	0	0	0	0	0	0	0	0	0	0	0	0	0	0	0	0	0	0	0	0	0	0	0	0	0	0	0	0	0	0	0	0	0	0	44	0	0	0	0	0	0	32	0	0	0	42	0	0	0	0	0	0	0	0	0	0	0	0	0	0	0	0	0	0	0	0	0	0	0	0	0	0	0	0	0	0	0	0	0	0	0	0	0	0	0	0	0	0	0	0	0	0	0	0	0	0	0	0	41	0	0	0	0	0	0	0	0	0	0	0	0	0	0	0	0	0	0	0	0	0	0	0	0	0	0	0	0
13	0	0	0	125	0	0	0	103	0	0	0	0	0	0	74	0	0	0	120	0	0	0	103	0	0	0	0	0	0	74	0	0	0	120	0	0	0	0	0	0	0	0	0	0	0	0	0	0	0	0	0	0	0	0	0	0	100	0	0	0	0	0	0	68	0	0	0	116	0	0	0	0	0	0	0	0	0	0	0	0	0	0	0	0	0	0	0	0	0	0	0	0	0	34	0	0	0	0	0	0	0	0	0	0	0	0	0	0	0	0	0	0	0	0	0	0	0	54	0	0	0	0	0	0	32	0	0	0	84	0	0	0	0	0	0	0	0	0	0	0	0	0	0	0	0	0	0	0	0	0	0	0	0	0	0	0	0	0	0	0	0	0	0	0	0	0	0	0	0	0	0	0	0	0	0	0	0	0	0	0	0	88	0	0	0	329	0	0	0	0	0	0	0	0	0	0	0	0	0	0	0	0	0	0	0	0	0	0	0	0
2	0	0	0	0	0	0	0	0	0	0	0	0	0	0	0	0	0	0	0	0	0	0	0	0	0	0	0	0	0	0	0	0	0	0	0	0	0	0	0	0	0	0	0	0	0	0	0	0	0	0	0	0	0	0	0	0	0	0	0	0	0	0	0	0	0	0	0	0	0	0	0	0	0	0	0	0	0	0	0	0	0	0	0	0	0	0	0	0	0	0	0	0	0	0	0	0	0	0	0	0	0	0	0	0	0	0	0	0	0	0	0	0	0	0	0	0	0	0	0	0	0	0	0	0	0	0	0	0	0	0	0	0	0	0	0	0	0	0	0	0	0	0	0	0	0	0	0	0	0	0	0	0	0	0	0	0	0	0	0	0	0	0	0	0	0	0	0	0	0	0	0	0	0	0	0	0	0	0	0	0	0	0	0	0	0	0	0	0	0	0	0	0	0	0	0	0	0	0	0	0	0	0	0	0	0	0	0	0	0	0
