108	105	2	2	0	102	2	2	0	2	2	0	1	0	0	0	3	0	0	0	99	2	2	0	2	2	0	1	0	0	0	3	0	0	0	2	2	0	0	0	0	0	0	0	0	0	1	0	0	0	3	0	0	0	96	2	2	0	2	2	0	1	0	0	0	3	0	0	0	2	2	0	0	0	0	0	0	0	0	0	1	0	0	0	3	0	0	0	2	2	0	0	0	0	0	0	0	0	0	0	0	0	0	0	0	0	0	1	0	0	0	3	0	0	0	93	2	2	0	2	2	0	1	0	0	0	3	0	0	0	2	2	0	0	0	0	0	0	0	0	0	1	0	0	0	3	0	0	0	2	2	0	0	0	0	0	0	0	0	0	0	0	0	0	0	0	0	0	1	0	0	0	3	0	0	0	2	2	0	0	0	0	0	0	0	0	0	0	0	0	0	0	0	0	0	0	0	0	0	0	0	0	0	1	0	0	0	3	0	0	0
217	211	12	9	0	205	6	8	0	12	9	0	1	4	0	0	11	12	0	0	199	6	8	0	6	8	0	1	4	0	0	7	12	0	0	12	9	0	0	0	0	0	0	0	0	0	1	4	0	0	11	12	0	0	193	6	8	0	6	8	0	1	4	0	0	7	12	0	0	6	8	0	0	0	0	0	0	0	0	0	1	4	0	0	7	12	0	0	12	9	0	0	0	0	0	0	0	0	0	0	0	0	0	0	0	0	0	1	4	0	0	11	12	0	0	187	6	8	0	6	8	0	1	4	0	0	7	12	0	0	6	8	0	0	0	0	0	0	0	0	0	1	4	0	0	7	12	0	0	6	8	0	0	0	0	0	0	0	0	0	0	0	0	0	0	0	0	0	1	4	0	0	7	12	0	0	12	9	0	0	0	0	0	4	0	0	0	0	0	0	0	0	0	0	0	0	0	0	0	0	0	0	0	1	4	0	0	11	12	0	0
200	196	11	0	0	192	8	0	0	11	0	0	2	0	0	0	12	0	0	0	188	8	0	0	8	0	0	2	0	0	0	10	0	0	0	11	0	0	0	0	0	0	0	0	0	0	2	0	0	0	12	0	0	0	184	8	0	0	8	0	0	2	0	0	0	10	0	0	0	8	0	0	0	0	0	0	0	0	0	0	2	0	0	0	10	0	0	0	11	0	0	0	0	0	0	0	0	0	0	0	0	0	0	0	0	0	0	2	0	0	0	12	0	0	0	180	8	0	0	8	0	0	2	0	0	0	10	0	0	0	8	0	0	0	0	0	0	0	0	0	0	2	0	0	0	10	0	0	0	8	0	0	0	0	0	0	0	0	0	0	0	0	0	0	0	0	0	0	2	0	0	0	10	0	0	0	11	0	0	0	0	0	0	4	0	0	0	0	0	0	0	0	0	0	0	0	0	0	0	0	0	0	0	2	0	0	0	12	0	0	0
216	210	22	12	0	204	16	8	0	22	12	0	3	4	0	0	26	15	0	0	198	16	8	0	16	8	0	3	4	0	0	23	12	0	0	22	12	0	0	0	0	0	1	0	0	0	3	4	0	0	26	15	0	0	192	16	8	0	16	8	0	3	4	0	0	23	12	0	0	16	8	0	0	0	0	0	1	0	0	0	3	4	0	0	23	12	0	0	22	12	0	2	0	0	0	1	0	0	0	0	0	0	0	1	0	0	0	3	4	0	0	26	15	0	0	186	14	8	0	16	8	0	3	4	0	0	23	12	0	0	16	8	0	0	0	0	0	1	0	0	0	3	4	0	0	23	12	0	0	16	8	0	0	0	0	0	0	0	0	0	0	0	0	0	1	0	0	0	3	4	0	0	23	12	0	0	22	12	0	1	0	0	0	4	6	0	0	2	0	0	0	1	0	0	0	0	0	0	0	1	0	0	0	3	4	0	0	26	15	0	0
310	302	27	23	0	294	21	17	0	27	23	0	4	0	0	0	30	27	0	0	286	21	17	0	21	17	0	4	0	0	0	27	24	0	0	27	23	0	0	0	0	0	1	0	0	0	4	0	0	0	30	27	0	0	278	21	17	0	21	17	0	4	0	0	0	27	24	0	0	21	17	0	0	0	0	0	1	0	0	0	4	0	0	0	27	24	0	0	27	23	0	2	0	0	0	1	0	0	0	0	0	0	0	1	0	0	0	4	0	0	0	30	27	0	0	270	19	17	0	21	17	0	4	0	0	0	27	24	0	0	21	17	0	0	0	0	0	1	0	0	0	4	0	0	0	27	24	0	0	21	17	0	0	0	0	0	0	0	0	0	0	0	0	0	1	0	0	0	4	0	0	0	27	24	0	0	27	23	0	1	0	0	0	4	6	0	0	2	0	0	0	1	0	0	0	0	0	0	0	1	0	0	0	4	0	0	0	30	27	0	0
596	579	93	118	6	562	74	111	0	93	118	6	55	12	0	0	102	158	6	0	545	73	111	0	74	111	0	51	12	0	0	96	158	0	0	93	118	6	6	0	0	0	2	6	0	0	55	12	0	0	102	158	6	0	528	72	109	0	73	111	0	51	12	0	0	96	158	0	0	74	111	0	6	0	0	0	2	6	0	0	51	12	0	0	96	158	0	0	93	118	6	1	10	0	0	9	5	0	0	6	0	0	0	2	6	0	0	55	12	0	0	102	158	6	0	511	69	98	0	72	109	0	49	10	0	0	92	151	0	0	73	111	0	6	0	0	0	2	6	0	0	51	12	0	0	96	158	0	0	74	111	0	0	0	0	0	7	0	0	0	6	0	0	0	2	6	0	0	51	12	0	0	96	158	0	0	93	118	6	8	5	0	0	16	10	12	0	1	10	0	0	9	5	0	0	6	0	0	0	2	6	0	0	55	12	0	0	102	158	6	0
304	296	43	22	3	288	38	22	0	43	22	3	15	0	0	0	44	7	0	0	280	38	22	0	38	22	0	15	0	0	0	44	7	0	0	43	22	3	0	0	0	0	2	0	0	0	15	0	0	0	44	7	0	0	272	38	22	0	38	22	0	15	0	0	0	44	7	0	0	38	22	0	0	0	0	0	2	0	0	0	15	0	0	0	44	7	0	0	43	22	3	3	0	0	0	3	0	0	0	0	0	0	0	2	0	0	0	15	0	0	0	44	7	0	0	264	35	22	0	38	22	0	15	0	0	0	44	7	0	0	38	22	0	0	0	0	0	2	0	0	0	15	0	0	0	44	7	0	0	38	22	0	0	0	0	0	0	0	0	0	0	0	0	0	2	0	0	0	15	0	0	0	44	7	0	0	43	22	3	9	0	0	0	7	0	0	0	3	0	0	0	3	0	0	0	0	0	0	0	2	0	0	0	15	0	0	0	44	7	0	0
561	547	82	78	0	533	68	70	0	82	78	0	41	20	0	0	64	57	0	0	519	67	70	0	68	70	0	37	20	0	0	62	53	0	0	82	78	0	4	0	0	0	2	5	0	0	41	20	0	0	64	57	0	0	505	66	69	0	67	70	0	37	20	0	0	62	53	0	0	68	70	0	4	0	0	0	2	5	0	0	37	20	0	0	62	53	0	0	82	78	0	2	4	0	0	5	4	0	0	4	0	0	0	2	5	0	0	41	20	0	0	64	57	0	0	491	62	61	0	66	69	0	35	16	0	0	58	49	0	0	67	70	0	4	0	0	0	2	5	0	0	37	20	0	0	62	53	0	0	68	70	0	0	0	0	0	2	0	0	0	4	0	0	0	2	5	0	0	37	20	0	0	62	53	0	0	82	78	0	9	16	0	0	14	8	0	0	2	4	0	0	5	4	0	0	4	0	0	0	2	5	0	0	41	20	0	0	64	57	0	0
576	562	97	81	0	548	84	67	0	97	81	0	53	48	0	0	79	69	0	0	534	84	67	0	84	67	0	53	48	0	0	79	69	0	0	97	81	0	8	0	0	0	3	0	0	0	53	48	0	0	79	69	0	0	520	83	67	0	84	67	0	53	48	0	0	79	69	0	0	84	67	0	8	0	0	0	3	0	0	0	53	48	0	0	79	69	0	0	97	81	0	3	0	0	0	5	4	0	0	8	0	0	0	3	0	0	0	53	48	0	0	79	69	0	0	506	77	63	0	83	67	0	51	48	0	0	75	69	0	0	84	67	0	8	0	0	0	3	0	0	0	53	48	0	0	79	69	0	0	84	67	0	0	0	0	0	2	0	0	0	8	0	0	0	3	0	0	0	53	48	0	0	79	69	0	0	97	81	0	11	16	0	0	13	12	0	0	3	0	0	0	5	4	0	0	8	0	0	0	3	0	0	0	53	48	0	0	79	69	0	0
532	519	81	68	0	506	69	56	0	81	68	0	57	48	0	0	68	56	0	0	493	69	56	0	69	56	0	57	48	0	0	68	56	0	0	81	68	0	9	0	0	0	2	0	0	0	57	48	0	0	68	56	0	0	480	68	56	0	69	56	0	57	48	0	0	68	56	0	0	69	56	0	9	0	0	0	2	0	0	0	57	48	0	0	68	56	0	0	81	68	0	1	0	0	0	4	2	0	0	9	0	0	0	2	0	0	0	57	48	0	0	68	56	0	0	467	63	52	0	68	56	0	55	48	0	0	64	56	0	0	69	56	0	9	0	0	0	2	0	0	0	57	48	0	0	68	56	0	0	69	56	0	0	0	0	0	2	0	0	0	9	0	0	0	2	0	0	0	57	48	0	0	68	56	0	0	81	68	0	10	8	0	0	10	12	0	0	1	0	0	0	4	2	0	0	9	0	0	0	2	0	0	0	57	48	0	0	68	56	0	0
835	815	162	155	15	795	142	137	0	162	155	15	119	190	0	0	191	182	0	6	775	138	133	0	142	137	0	106	182	0	0	176	170	0	0	162	155	15	47	28	0	0	18	7	0	0	119	190	0	0	191	182	0	6	755	131	126	0	138	133	0	100	182	0	0	166	168	0	0	142	137	0	37	28	0	0	17	7	0	0	106	182	0	0	176	170	0	0	162	155	15	36	0	14	0	12	20	15	0	47	28	0	0	18	7	0	0	119	190	0	0	191	182	0	6	735	119	112	0	131	126	0	92	168	0	0	143	140	0	0	138	133	0	37	28	0	0	17	7	0	0	100	182	0	0	166	168	0	0	142	137	0	34	0	0	0	12	16	0	0	37	28	0	0	17	7	0	0	106	182	0	0	176	170	0	0	162	155	15	24	0	33	0	26	20	30	0	36	0	14	0	12	20	15	0	47	28	0	0	18	7	0	0	119	190	0	0	191	182	0	6
634	618	99	106	6	602	82	91	0	99	106	6	63	132	0	0	101	153	0	0	586	82	87	0	82	91	0	63	120	0	0	91	143	0	0	99	106	6	17	36	0	0	5	0	0	0	63	132	0	0	101	153	0	0	570	81	87	0	82	87	0	63	120	0	0	91	143	0	0	82	91	0	17	36	0	0	5	0	0	0	63	120	0	0	91	143	0	0	99	106	6	13	0	0	0	5	0	0	0	17	36	0	0	5	0	0	0	63	132	0	0	101	153	0	0	554	74	81	0	81	87	0	61	120	0	0	87	143	0	0	82	87	0	17	36	0	0	5	0	0	0	63	120	0	0	91	143	0	0	82	91	0	13	0	0	0	5	0	0	0	17	36	0	0	5	0	0	0	63	120	0	0	91	143	0	0	99	106	6	3	16	12	0	6	5	6	0	13	0	0	0	5	0	0	0	17	36	0	0	5	0	0	0	63	132	0	0	101	153	0	0
731	712	166	147	0	693	133	137	0	166	147	0	150	110	0	0	240	285	0	0	674	126	127	0	133	137	0	133	98	0	0	197	262	0	0	166	147	0	52	106	0	0	32	47	0	0	150	110	0	0	240	285	0	0	655	120	119	0	126	127	0	125	90	0	0	184	246	0	0	133	137	0	40	90	0	0	28	45	0	0	133	98	0	0	197	262	0	0	166	147	0	38	72	0	0	21	26	0	0	52	106	0	0	32	47	0	0	150	110	0	0	240	285	0	0	636	115	119	0	120	119	0	121	90	0	0	168	236	0	0	126	127	0	40	90	0	0	28	45	0	0	125	90	0	0	184	246	0	0	133	137	0	36	72	0	0	21	26	0	0	40	90	0	0	28	45	0	0	133	98	0	0	197	262	0	0	166	147	0	59	0	0	0	49	8	0	0	38	72	0	0	21	26	0	0	52	106	0	0	32	47	0	0	150	110	0	0	240	285	0	0
886	865	188	188	0	844	151	156	0	188	188	0	155	171	0	0	306	279	0	0	823	146	133	0	151	156	0	143	126	0	0	242	206	0	0	188	188	0	58	90	0	0	55	30	0	0	155	171	0	0	306	279	0	0	802	142	113	0	146	133	0	143	100	0	0	237	151	0	0	151	156	0	52	48	0	0	42	18	0	0	143	126	0	0	242	206	0	0	188	188	0	55	90	0	0	42	28	0	0	58	90	0	0	55	30	0	0	155	171	0	0	306	279	0	0	781	132	98	0	142	113	0	139	88	0	0	224	119	0	0	146	133	0	50	24	0	0	40	9	0	0	143	100	0	0	237	151	0	0	151	156	0	40	48	0	0	39	25	0	0	52	48	0	0	42	18	0	0	143	126	0	0	242	206	0	0	188	188	0	74	54	0	0	66	57	0	0	55	90	0	0	42	28	0	0	58	90	0	0	55	30	0	0	155	171	0	0	306	279	0	0
673	656	159	125	0	639	131	107	0	159	125	0	153	90	0	0	284	172	0	0	622	125	105	0	131	107	0	137	84	0	0	237	147	0	0	159	125	0	75	0	0	0	43	34	0	0	153	90	0	0	284	172	0	0	605	119	102	0	125	105	0	129	84	0	0	225	143	0	0	131	107	0	61	0	0	0	38	32	0	0	137	84	0	0	237	147	0	0	159	125	0	64	15	0	0	31	33	0	0	75	0	0	0	43	34	0	0	153	90	0	0	284	172	0	0	588	109	89	0	119	102	0	127	81	0	0	211	138	0	0	125	105	0	59	0	0	0	36	32	0	0	129	84	0	0	225	143	0	0	131	107	0	47	6	0	0	28	30	0	0	61	0	0	0	38	32	0	0	137	84	0	0	237	147	0	0	159	125	0	74	53	0	0	58	68	0	0	64	15	0	0	31	33	0	0	75	0	0	0	43	34	0	0	153	90	0	0	284	172	0	0
630	615	115	84	5	600	85	62	0	115	84	5	88	42	11	0	213	95	15	0	585	80	62	0	85	62	0	70	42	0	0	146	58	0	0	115	84	5	31	0	6	0	47	0	0	0	88	42	11	0	213	95	15	0	570	79	59	0	80	62	0	70	42	0	0	136	58	0	0	85	62	0	29	0	0	0	36	0	0	0	70	42	0	0	146	58	0	0	115	84	5	35	18	0	0	32	6	0	0	31	0	6	0	47	0	0	0	88	42	11	0	213	95	15	0	555	63	50	0	79	59	0	70	39	0	0	134	49	0	0	80	62	0	19	0	0	0	29	0	0	0	70	42	0	0	136	58	0	0	85	62	0	10	0	0	0	26	0	0	0	29	0	0	0	36	0	0	0	70	42	0	0	146	58	0	0	115	84	5	37	18	18	0	38	60	5	0	35	18	0	0	32	6	0	0	31	0	6	0	47	0	0	0	88	42	11	0	213	95	15	0
617	603	119	77	5	589	87	57	0	119	77	5	96	33	11	0	214	145	15	0	575	80	49	0	87	57	0	77	18	0	0	142	95	0	0	119	77	5	46	27	6	0	49	33	5	0	96	33	11	0	214	145	15	0	561	76	40	0	80	49	0	76	16	0	0	132	82	0	0	87	57	0	37	19	0	0	38	22	0	0	77	18	0	0	142	95	0	0	119	77	5	41	56	0	0	26	35	0	0	46	27	6	0	49	33	5	0	96	33	11	0	214	145	15	0	547	64	27	0	76	40	0	74	10	0	0	123	60	0	0	80	49	0	29	9	0	0	34	11	0	0	76	16	0	0	132	82	0	0	87	57	0	17	23	0	0	21	30	0	0	37	19	0	0	38	22	0	0	77	18	0	0	142	95	0	0	119	77	5	46	15	18	0	28	22	10	0	41	56	0	0	26	35	0	0	46	27	6	0	49	33	5	0	96	33	11	0	214	145	15	0
870	850	139	160	5	830	89	120	0	139	160	5	74	275	11	0	227	339	10	0	810	82	109	0	89	120	0	50	230	0	0	114	243	0	0	139	160	5	34	98	6	0	68	28	0	0	74	275	11	0	227	339	10	0	790	78	102	0	82	109	0	49	224	0	0	102	214	0	0	89	120	0	25	88	0	0	55	23	0	0	50	230	0	0	114	243	0	0	139	160	5	48	58	0	0	25	40	0	0	34	98	6	0	68	28	0	0	74	275	11	0	227	339	10	0	770	65	77	0	78	102	0	47	204	0	0	93	198	0	0	82	109	0	15	88	0	0	48	18	0	0	49	224	0	0	102	214	0	0	89	120	0	16	31	0	0	17	31	0	0	25	88	0	0	55	23	0	0	50	230	0	0	114	243	0	0	139	160	5	64	105	18	0	39	38	10	0	48	58	0	0	25	40	0	0	34	98	6	0	68	28	0	0	74	275	11	0	227	339	10	0
499	488	82	43	0	477	53	23	0	82	43	0	59	16	0	0	149	95	0	0	466	48	18	0	53	23	0	42	0	0	0	84	47	0	0	82	43	0	23	9	0	0	44	22	0	0	59	16	0	0	149	95	0	0	455	46	17	0	48	18	0	41	0	0	0	80	36	0	0	53	23	0	18	9	0	0	30	14	0	0	42	0	0	0	84	47	0	0	82	43	0	22	8	0	0	23	14	0	0	23	9	0	0	44	22	0	0	59	16	0	0	149	95	0	0	444	41	13	0	46	17	0	41	0	0	0	78	35	0	0	48	18	0	16	9	0	0	27	9	0	0	41	0	0	0	80	36	0	0	53	23	0	9	4	0	0	19	10	0	0	18	9	0	0	30	14	0	0	42	0	0	0	84	47	0	0	82	43	0	29	16	0	0	23	0	0	0	22	8	0	0	23	14	0	0	23	9	0	0	44	22	0	0	59	16	0	0	149	95	0	0
429	419	81	32	0	409	54	12	0	81	32	0	63	15	0	0	151	70	0	0	399	47	9	0	54	12	0	49	0	0	0	94	15	0	0	81	32	0	20	0	0	0	39	47	0	0	63	15	0	0	151	70	0	0	389	44	9	0	47	9	0	41	0	0	0	82	9	0	0	54	12	0	16	0	0	0	21	39	0	0	49	0	0	0	94	15	0	0	81	32	0	16	0	0	0	25	21	0	0	20	0	0	0	39	47	0	0	63	15	0	0	151	70	0	0	379	41	9	0	44	9	0	41	0	0	0	77	9	0	0	47	9	0	16	0	0	0	20	36	0	0	41	0	0	0	82	9	0	0	54	12	0	9	0	0	0	22	18	0	0	16	0	0	0	21	39	0	0	49	0	0	0	94	15	0	0	81	32	0	27	0	0	0	30	0	0	0	16	0	0	0	25	21	0	0	20	0	0	0	39	47	0	0	63	15	0	0	151	70	0	0
692	676	120	64	35	660	97	42	5	120	64	35	92	0	24	15	208	59	70	15	644	93	40	0	97	42	5	84	0	6	0	162	26	10	0	120	64	35	40	22	0	0	59	33	0	0	92	0	24	15	208	59	70	15	628	78	29	0	93	40	0	84	0	0	0	160	22	0	0	97	42	5	26	0	0	0	38	0	0	0	84	0	6	0	162	26	10	0	120	64	35	29	0	67	0	41	41	35	0	40	22	0	0	59	33	0	0	92	0	24	15	208	59	70	15	612	64	29	0	78	29	0	60	0	0	0	128	0	0	0	93	40	0	26	0	0	0	38	0	0	0	84	0	0	0	160	22	0	0	97	42	5	23	0	18	0	41	41	5	0	26	0	0	0	38	0	0	0	84	0	6	0	162	26	10	0	120	64	35	34	0	56	0	42	57	0	0	29	0	67	0	41	41	35	0	40	22	0	0	59	33	0	0	92	0	24	15	208	59	70	15
674	659	107	57	30	644	77	26	3	107	57	30	73	13	24	9	179	155	90	15	629	72	26	0	77	26	3	62	13	6	0	131	91	9	0	107	57	30	34	0	0	0	46	43	0	0	73	13	24	9	179	155	90	15	614	61	26	0	72	26	0	61	13	0	0	128	91	0	0	77	26	3	19	0	0	0	25	13	0	0	62	13	6	0	131	91	9	0	107	57	30	16	0	52	0	32	13	0	0	34	0	0	0	46	43	0	0	73	13	24	9	179	155	90	15	599	52	26	0	61	26	0	44	13	0	0	108	91	0	0	72	26	0	19	0	0	0	25	13	0	0	61	13	0	0	128	91	0	0	77	26	3	12	0	12	0	32	13	0	0	19	0	0	0	25	13	0	0	62	13	6	0	131	91	9	0	107	57	30	15	0	51	0	34	0	0	0	16	0	52	0	32	13	0	0	34	0	0	0	46	43	0	0	73	13	24	9	179	155	90	15
633	615	128	127	9	597	90	95	3	128	127	9	81	25	15	9	203	247	45	0	579	80	95	0	90	95	3	61	25	6	0	151	162	15	0	128	127	9	31	0	0	0	45	90	0	0	81	25	15	9	203	247	45	0	561	69	93	0	80	95	0	53	25	0	0	139	162	0	0	90	95	3	8	0	0	0	23	56	0	0	61	25	6	0	151	162	15	0	128	127	9	32	30	24	0	38	89	0	0	31	0	0	0	45	90	0	0	81	25	15	9	203	247	45	0	543	61	91	0	69	93	0	43	25	0	0	126	155	0	0	80	95	0	8	0	0	0	23	56	0	0	53	25	0	0	139	162	0	0	90	95	3	26	28	12	0	36	87	0	0	8	0	0	0	23	56	0	0	61	25	6	0	151	162	15	0	128	127	9	28	28	6	0	40	94	0	0	32	30	24	0	38	89	0	0	31	0	0	0	45	90	0	0	81	25	15	9	203	247	45	0
447	435	79	45	13	423	60	37	0	79	45	13	45	10	7	0	144	28	13	5	411	53	37	0	60	37	0	35	10	0	0	104	20	0	0	79	45	13	12	0	0	0	44	58	0	0	45	10	7	0	144	28	13	5	399	47	37	0	53	37	0	27	10	0	0	92	20	0	0	60	37	0	7	0	0	0	23	40	0	0	35	10	0	0	104	20	0	0	79	45	13	32	0	6	0	33	41	0	0	12	0	0	0	44	58	0	0	45	10	7	0	144	28	13	5	387	38	37	0	47	37	0	20	10	0	0	81	20	0	0	53	37	0	7	0	0	0	23	40	0	0	27	10	0	0	92	20	0	0	60	37	0	27	0	0	0	31	39	0	0	7	0	0	0	23	40	0	0	35	10	0	0	104	20	0	0	79	45	13	23	0	10	0	31	66	0	0	32	0	6	0	33	41	0	0	12	0	0	0	44	58	0	0	45	10	7	0	144	28	13	5
604	587	95	107	12	570	60	73	0	95	107	12	47	56	12	0	173	224	48	5	553	49	62	0	60	73	0	32	28	0	0	118	150	0	0	95	107	12	10	48	0	0	35	112	12	0	47	56	12	0	173	224	48	5	536	44	60	0	49	62	0	24	24	0	0	100	136	0	0	60	73	0	4	48	0	0	17	84	0	0	32	28	0	0	118	150	0	0	95	107	12	9	24	10	0	30	24	0	0	10	48	0	0	35	112	12	0	47	56	12	0	173	224	48	5	519	42	60	0	44	60	0	22	24	0	0	90	132	0	0	49	62	0	4	48	0	0	17	84	0	0	24	24	0	0	100	136	0	0	60	73	0	7	24	0	0	27	24	0	0	4	48	0	0	17	84	0	0	32	28	0	0	118	150	0	0	95	107	12	12	0	9	0	30	0	0	0	9	24	10	0	30	24	0	0	10	48	0	0	35	112	12	0	47	56	12	0	173	224	48	5
661	641	96	154	29	621	57	121	6	96	154	29	37	132	13	0	139	370	87	51	601	52	119	6	57	121	6	25	126	6	0	96	348	18	6	96	154	29	14	28	0	0	19	0	0	0	37	132	13	0	139	370	87	51	581	50	119	5	52	119	6	25	126	6	0	94	344	18	0	57	121	6	4	28	0	0	14	0	0	0	25	126	6	0	96	348	18	6	96	154	29	7	0	0	5	18	30	0	0	14	28	0	0	19	0	0	0	37	132	13	0	139	370	87	51	561	50	119	0	50	119	5	25	126	5	0	94	344	15	0	52	119	6	4	28	0	0	14	0	0	0	25	126	6	0	94	344	18	0	57	121	6	7	0	0	0	16	28	0	0	4	28	0	0	14	0	0	0	25	126	6	0	96	348	18	6	96	154	29	14	0	0	0	20	0	0	6	7	0	0	5	18	30	0	0	14	28	0	0	19	0	0	0	37	132	13	0	139	370	87	51
739	722	114	85	40	705	92	41	24	114	85	40	73	40	47	18	151	52	160	21	688	80	31	21	92	41	24	57	0	40	9	141	32	96	3	114	85	40	7	0	64	9	13	0	40	0	73	40	47	18	151	52	160	21	671	79	31	9	80	31	21	53	0	40	0	132	32	84	0	92	41	24	7	0	52	0	13	0	24	0	57	0	40	9	141	32	96	3	114	85	40	7	0	9	9	21	0	0	15	7	0	64	9	13	0	40	0	73	40	47	18	151	52	160	21	654	78	31	0	79	31	9	53	0	21	0	131	32	36	0	80	31	21	7	0	40	0	13	0	21	0	53	0	40	0	132	32	84	0	92	41	24	7	0	6	0	21	0	0	0	7	0	52	0	13	0	24	0	57	0	40	9	141	32	96	3	114	85	40	14	0	0	0	25	14	0	6	7	0	9	9	21	0	0	15	7	0	64	9	13	0	40	0	73	40	47	18	151	52	160	21
743	726	104	79	58	709	79	64	11	104	79	58	68	50	7	33	152	156	58	99	692	68	42	3	79	64	11	55	28	0	9	133	148	11	11	104	79	58	22	0	63	9	24	14	116	5	68	50	7	33	152	156	58	99	675	63	40	0	68	42	3	48	28	0	0	120	126	3	0	79	64	11	15	0	34	0	24	14	22	0	55	28	0	9	133	148	11	11	104	79	58	15	24	17	0	26	38	0	0	22	0	63	9	24	14	116	5	68	50	7	33	152	156	58	99	658	61	35	0	63	40	0	46	24	0	0	111	120	0	0	68	42	3	15	0	12	0	24	14	6	0	48	28	0	0	120	126	3	0	79	64	11	13	22	11	0	26	36	0	0	15	0	34	0	24	14	22	0	55	28	0	9	133	148	11	11	104	79	58	13	59	0	0	26	24	0	0	15	24	17	0	26	38	0	0	22	0	63	9	24	14	116	5	68	50	7	33	152	156	58	99
738	721	80	87	50	704	57	62	7	80	87	50	46	59	7	31	121	137	100	86	687	51	52	0	57	62	7	33	39	0	0	107	130	14	11	80	87	50	11	0	11	0	18	13	50	0	46	59	7	31	121	137	100	86	670	49	51	0	51	52	0	32	39	0	0	102	130	0	0	57	62	7	8	0	0	0	18	13	7	0	33	39	0	0	107	130	14	11	80	87	50	6	12	8	0	20	13	0	0	11	0	11	0	18	13	50	0	46	59	7	31	121	137	100	86	653	48	46	0	49	51	0	32	36	0	0	101	127	0	0	51	52	0	8	0	0	0	18	13	0	0	32	39	0	0	102	130	0	0	57	62	7	6	10	4	0	20	13	0	0	8	0	0	0	18	13	7	0	33	39	0	0	107	130	14	11	80	87	50	9	56	0	0	15	12	0	0	6	12	8	0	20	13	0	0	11	0	11	0	18	13	50	0	46	59	7	31	121	137	100	86
598	584	64	73	6	570	46	45	0	64	73	6	36	60	0	0	88	70	24	9	556	42	40	0	46	45	0	28	40	0	0	85	60	0	3	64	73	6	3	0	0	0	6	0	6	0	36	60	0	0	88	70	24	9	542	42	40	0	42	40	0	28	40	0	0	83	60	0	0	46	45	0	3	0	0	0	6	0	0	0	28	40	0	0	85	60	0	3	64	73	6	5	0	0	0	12	0	0	0	3	0	0	0	6	0	6	0	36	60	0	0	88	70	24	9	528	41	38	0	42	40	0	28	40	0	0	83	60	0	0	42	40	0	3	0	0	0	6	0	0	0	28	40	0	0	83	60	0	0	46	45	0	5	0	0	0	12	0	0	0	3	0	0	0	6	0	0	0	28	40	0	0	85	60	0	3	64	73	6	12	18	0	0	12	9	0	0	5	0	0	0	12	0	0	0	3	0	0	0	6	0	6	0	36	60	0	0	88	70	24	9
502	489	54	22	56	476	45	22	20	54	22	56	20	0	25	17	75	44	0	125	463	45	22	20	45	22	20	20	0	0	17	73	44	0	37	54	22	56	2	0	0	0	1	0	0	0	20	0	25	17	75	44	0	125	450	45	22	20	45	22	20	20	0	0	17	73	44	0	27	45	22	20	2	0	0	0	1	0	0	0	20	0	0	17	73	44	0	37	54	22	56	1	0	0	0	3	0	0	0	2	0	0	0	1	0	0	0	20	0	25	17	75	44	0	125	437	44	22	18	45	22	20	20	0	0	14	73	44	0	14	45	22	20	2	0	0	0	1	0	0	0	20	0	0	17	73	44	0	27	45	22	20	0	0	0	0	3	0	0	0	2	0	0	0	1	0	0	0	20	0	0	17	73	44	0	37	54	22	56	5	0	10	9	4	0	0	0	1	0	0	0	3	0	0	0	2	0	0	0	1	0	0	0	20	0	25	17	75	44	0	125
390	381	40	8	29	372	34	8	5	40	8	29	17	0	15	5	54	0	0	75	363	34	8	5	34	8	5	17	0	0	5	54	0	0	30	40	8	29	2	0	0	0	0	0	0	0	17	0	15	5	54	0	0	75	354	34	8	5	34	8	5	17	0	0	5	54	0	0	27	34	8	5	2	0	0	0	0	0	0	0	17	0	0	5	54	0	0	30	40	8	29	0	0	0	0	2	0	0	0	2	0	0	0	0	0	0	0	17	0	15	5	54	0	0	75	345	34	8	4	34	8	5	17	0	0	4	54	0	0	14	34	8	5	2	0	0	0	0	0	0	0	17	0	0	5	54	0	0	27	34	8	5	0	0	0	0	2	0	0	0	2	0	0	0	0	0	0	0	17	0	0	5	54	0	0	30	40	8	29	2	0	0	4	4	0	0	0	0	0	0	0	2	0	0	0	2	0	0	0	0	0	0	0	17	0	15	5	54	0	0	75
640	625	63	56	39	610	52	36	22	63	56	39	32	0	61	12	55	0	78	46	595	52	36	22	52	36	22	32	0	42	12	53	0	44	24	63	56	39	1	0	0	0	0	0	0	0	32	0	61	12	55	0	78	46	580	52	36	22	52	36	22	32	0	42	12	53	0	44	21	52	36	22	1	0	0	0	0	0	0	0	32	0	42	12	53	0	44	24	63	56	39	0	0	0	0	2	0	0	0	1	0	0	0	0	0	0	0	32	0	61	12	55	0	78	46	565	51	36	10	52	36	22	32	0	42	4	53	0	44	9	52	36	22	1	0	0	0	0	0	0	0	32	0	42	12	53	0	44	21	52	36	22	0	0	0	0	0	0	0	0	1	0	0	0	0	0	0	0	32	0	42	12	53	0	44	24	63	56	39	2	0	0	16	6	10	0	15	0	0	0	0	2	0	0	0	1	0	0	0	0	0	0	0	32	0	61	12	55	0	78	46
579	565	58	63	28	551	45	49	26	58	63	28	36	0	58	12	43	9	56	0	537	45	49	26	45	49	26	36	0	54	12	41	9	52	0	58	63	28	5	0	0	0	0	0	0	0	36	0	58	12	43	9	56	0	523	45	49	26	45	49	26	36	0	54	12	41	9	52	0	45	49	26	5	0	0	0	0	0	0	0	36	0	54	12	41	9	52	0	58	63	28	0	0	0	0	2	0	0	0	5	0	0	0	0	0	0	0	36	0	58	12	43	9	56	0	509	44	49	10	45	49	26	36	0	54	4	41	9	52	0	45	49	26	5	0	0	0	0	0	0	0	36	0	54	12	41	9	52	0	45	49	26	0	0	0	0	0	0	0	0	5	0	0	0	0	0	0	0	36	0	54	12	41	9	52	0	58	63	28	2	0	0	16	5	7	0	21	0	0	0	0	2	0	0	0	5	0	0	0	0	0	0	0	36	0	58	12	43	9	56	0
477	463	54	53	55	449	33	49	7	54	53	55	20	40	47	28	98	148	0	183	435	33	49	0	33	49	7	20	40	0	0	68	138	0	48	54	53	55	6	0	0	0	12	0	0	12	20	40	47	28	98	148	0	183	421	33	49	0	33	49	0	20	40	0	0	68	138	0	30	33	49	7	6	0	0	0	9	0	0	0	20	40	0	0	68	138	0	48	54	53	55	5	0	0	0	11	0	0	0	6	0	0	0	12	0	0	12	20	40	47	28	98	148	0	183	407	31	49	0	33	49	0	20	40	0	0	68	138	0	14	33	49	0	6	0	0	0	9	0	0	0	20	40	0	0	68	138	0	30	33	49	7	2	0	0	0	6	0	0	0	6	0	0	0	9	0	0	0	20	40	0	0	68	138	0	48	54	53	55	9	0	21	0	6	0	0	0	5	0	0	0	11	0	0	0	6	0	0	0	12	0	0	12	20	40	47	28	98	148	0	183
567	553	58	51	50	539	57	51	26	58	51	50	53	0	0	40	74	9	0	67	525	57	51	25	57	51	26	53	0	0	38	74	9	0	48	58	51	50	17	0	0	7	4	0	0	0	53	0	0	40	74	9	0	67	511	57	51	25	57	51	25	53	0	0	38	74	9	0	48	57	51	26	17	0	0	7	4	0	0	0	53	0	0	38	74	9	0	48	58	51	50	13	0	0	0	1	0	0	0	17	0	0	7	4	0	0	0	53	0	0	40	74	9	0	67	497	56	51	25	57	51	25	53	0	0	38	74	9	0	48	57	51	25	17	0	0	7	4	0	0	0	53	0	0	38	74	9	0	48	57	51	26	13	0	0	0	1	0	0	0	17	0	0	7	4	0	0	0	53	0	0	38	74	9	0	48	58	51	50	5	0	0	0	0	0	0	0	13	0	0	0	1	0	0	0	17	0	0	7	4	0	0	0	53	0	0	40	74	9	0	67
830	810	87	93	100	790	77	85	67	87	93	100	64	116	11	119	116	101	0	67	770	77	84	28	77	85	67	64	112	11	26	109	98	0	48	87	93	100	27	14	0	25	13	0	0	154	64	116	11	119	116	101	0	67	750	73	84	25	77	84	28	64	112	9	26	109	98	0	48	77	85	67	23	14	0	19	12	0	0	42	64	112	11	26	109	98	0	48	87	93	100	21	0	24	18	5	0	0	0	27	14	0	25	13	0	0	154	64	116	11	119	116	101	0	67	730	65	70	22	73	84	25	57	112	6	26	96	98	0	48	77	84	28	23	14	0	13	12	0	0	24	64	112	9	26	109	98	0	48	77	85	67	19	0	21	9	5	0	0	0	23	14	0	19	12	0	0	42	64	112	11	26	109	98	0	48	87	93	100	9	0	78	9	1	0	100	0	21	0	24	18	5	0	0	0	27	14	0	25	13	0	0	154	64	116	11	119	116	101	0	67
644	628	86	80	36	612	67	73	33	86	80	36	69	68	17	20	121	158	0	0	596	66	71	30	67	73	33	69	68	17	18	98	153	0	0	86	80	36	32	24	0	25	20	12	0	0	69	68	17	20	121	158	0	0	580	64	66	26	66	71	30	69	66	15	18	94	145	0	0	67	73	33	28	18	0	19	18	9	0	0	69	68	17	18	98	153	0	0	86	80	36	17	51	0	23	4	0	0	0	32	24	0	25	20	12	0	0	69	68	17	20	121	158	0	0	564	62	63	20	64	66	26	67	63	11	18	87	123	0	0	66	71	30	28	18	0	13	18	9	0	0	69	66	15	18	94	145	0	0	67	73	33	15	45	0	11	4	0	0	0	28	18	0	19	18	9	0	0	69	68	17	18	98	153	0	0	86	80	36	13	27	0	15	8	0	0	0	17	51	0	23	4	0	0	0	32	24	0	25	20	12	0	0	69	68	17	20	121	158	0	0
863	842	109	149	73	821	79	117	70	109	149	73	93	152	66	27	166	254	146	0	800	70	106	53	79	117	70	63	142	66	14	118	188	140	0	109	149	73	32	141	24	55	30	88	0	58	93	152	66	27	166	254	146	0	779	65	76	33	70	106	53	56	126	63	14	99	168	106	0	79	117	70	19	91	24	24	28	84	0	11	63	142	66	14	118	188	140	0	109	149	73	15	100	29	50	6	26	146	35	32	141	24	55	30	88	0	58	93	152	66	27	166	254	146	0	758	62	61	16	65	76	33	54	100	46	14	90	83	66	0	70	106	53	19	83	24	13	28	74	0	3	56	126	63	14	99	168	106	0	79	117	70	15	78	28	11	6	26	140	5	19	91	24	24	28	84	0	11	63	142	66	14	118	188	140	0	109	149	73	34	44	24	15	18	0	73	10	15	100	29	50	6	26	146	35	32	141	24	55	30	88	0	58	93	152	66	27	166	254	146	0
795	775	116	149	47	755	86	114	47	116	149	47	94	132	75	0	207	240	141	0	735	76	108	44	86	114	47	65	122	75	0	155	180	141	0	116	149	47	36	71	24	26	38	84	0	0	94	132	75	0	207	240	141	0	715	72	107	32	76	108	44	62	121	72	0	130	158	132	0	86	114	47	26	66	24	17	35	77	0	0	65	122	75	0	155	180	141	0	116	149	47	24	11	17	68	8	0	0	0	36	71	24	26	38	84	0	0	94	132	75	0	207	240	141	0	695	68	103	9	72	107	32	60	121	52	0	117	154	96	0	76	108	44	26	66	24	6	35	77	0	0	62	121	72	0	130	158	132	0	86	114	47	20	11	17	11	8	0	0	0	26	66	24	17	35	77	0	0	65	122	75	0	155	180	141	0	116	149	47	39	42	0	15	30	55	0	15	24	11	17	68	8	0	0	0	36	71	24	26	38	84	0	0	94	132	75	0	207	240	141	0
730	712	86	77	83	694	66	65	52	86	77	83	58	0	30	105	128	90	83	120	676	53	65	52	66	65	52	38	0	24	105	90	78	52	117	86	77	83	14	0	52	0	37	91	0	0	58	0	30	105	128	90	83	120	658	52	65	48	53	65	52	36	0	24	95	55	78	52	97	66	65	52	14	0	26	0	37	91	0	0	38	0	24	105	90	78	52	117	86	77	83	12	0	11	34	6	0	0	0	14	0	52	0	37	91	0	0	58	0	30	105	128	90	83	120	640	48	60	32	52	65	48	34	0	24	67	51	78	48	65	53	65	52	10	0	26	0	30	91	0	0	36	0	24	95	55	78	52	97	66	65	52	11	0	0	21	6	0	0	0	14	0	26	0	37	91	0	0	38	0	24	105	90	78	52	117	86	77	83	41	60	30	84	34	12	0	0	12	0	11	34	6	0	0	0	14	0	52	0	37	91	0	0	58	0	30	105	128	90	83	120
456	444	71	49	18	432	51	45	8	71	49	18	44	20	30	16	142	58	0	47	420	43	45	8	51	45	8	27	20	24	16	106	50	0	47	71	49	18	13	0	10	0	28	35	0	0	44	20	30	16	142	58	0	47	408	43	45	8	43	45	8	27	20	24	16	85	50	0	44	51	45	8	13	0	8	0	27	35	0	0	27	20	24	16	106	50	0	47	71	49	18	9	0	0	0	4	0	0	0	13	0	10	0	28	35	0	0	44	20	30	16	142	58	0	47	396	34	45	6	43	45	8	27	20	24	12	85	50	0	32	43	45	8	13	0	8	0	26	35	0	0	27	20	24	16	85	50	0	44	51	45	8	2	0	0	0	3	0	0	0	13	0	8	0	27	35	0	0	27	20	24	16	106	50	0	47	71	49	18	39	0	8	12	16	79	0	0	9	0	0	0	4	0	0	0	13	0	10	0	28	35	0	0	44	20	30	16	142	58	0	47
444	433	44	39	10	422	29	24	8	44	39	10	16	0	30	16	64	26	30	0	411	22	24	8	29	24	8	4	0	24	16	36	16	24	0	44	39	10	0	0	10	0	22	40	0	0	16	0	30	16	64	26	30	0	400	22	24	8	22	24	8	4	0	24	16	17	16	24	0	29	24	8	0	0	8	0	22	40	0	0	4	0	24	16	36	16	24	0	44	39	10	5	0	0	0	1	0	0	0	0	0	10	0	22	40	0	0	16	0	30	16	64	26	30	0	389	20	15	6	22	24	8	4	0	24	12	17	16	24	0	22	24	8	0	0	8	0	21	40	0	0	4	0	24	16	17	16	24	0	29	24	8	4	0	0	0	1	0	0	0	0	0	8	0	22	40	0	0	4	0	24	16	36	16	24	0	44	39	10	33	45	0	12	18	10	0	0	5	0	0	0	1	0	0	0	0	0	10	0	22	40	0	0	16	0	30	16	64	26	30	0
606	591	65	72	29	576	46	44	8	65	72	29	37	0	30	16	102	71	116	120	561	37	44	8	46	44	8	25	0	24	16	64	22	32	117	65	72	29	13	0	32	0	39	55	0	0	37	0	30	16	102	71	116	120	546	36	44	8	37	44	8	23	0	24	16	38	22	32	97	46	44	8	13	0	8	0	35	55	0	0	25	0	24	16	64	22	32	117	65	72	29	17	0	11	0	5	0	0	0	13	0	32	0	39	55	0	0	37	0	30	16	102	71	116	120	531	30	28	6	36	44	8	21	0	24	12	34	22	32	65	37	44	8	9	0	8	0	30	55	0	0	23	0	24	16	38	22	32	97	46	44	8	11	0	0	0	3	0	0	0	13	0	8	0	35	55	0	0	25	0	24	16	64	22	32	117	65	72	29	27	112	30	12	20	21	0	0	17	0	11	0	5	0	0	0	13	0	32	0	39	55	0	0	37	0	30	16	102	71	116	120
442	431	37	43	10	420	19	28	8	37	43	10	3	12	30	16	55	31	30	0	409	16	24	8	19	28	8	0	0	24	16	21	4	24	0	37	43	10	0	0	10	0	22	16	10	0	3	12	30	16	55	31	30	0	398	16	21	8	16	24	8	0	0	24	16	10	0	24	0	19	28	8	0	0	8	0	18	16	8	0	0	0	24	16	21	4	24	0	37	43	10	7	21	0	0	3	0	0	0	0	0	10	0	22	16	10	0	3	12	30	16	55	31	30	0	387	13	12	6	16	21	8	0	0	24	12	10	0	24	0	16	24	8	0	0	8	0	17	16	8	0	0	0	24	16	10	0	24	0	19	28	8	1	12	0	0	1	0	0	0	0	0	8	0	18	16	8	0	0	0	24	16	21	4	24	0	37	43	10	33	36	0	12	8	12	0	0	7	21	0	0	3	0	0	0	0	0	10	0	22	16	10	0	3	12	30	16	55	31	30	0
446	435	31	19	43	424	18	10	10	31	19	43	0	0	19	50	41	9	43	132	413	18	10	8	18	10	10	0	0	10	40	10	0	10	76	31	19	43	0	0	0	16	28	0	0	0	0	0	19	50	41	9	43	132	402	18	9	8	18	10	8	0	0	8	40	10	0	8	76	18	10	10	0	0	0	16	19	0	0	0	0	0	10	40	10	0	10	76	31	19	43	9	9	0	0	5	0	0	0	0	0	0	16	28	0	0	0	0	0	19	50	41	9	43	132	391	0	0	8	18	9	8	0	0	8	40	10	0	8	72	18	10	8	0	0	0	16	19	0	0	0	0	0	8	40	10	0	8	76	18	10	10	0	0	0	0	0	0	0	0	0	0	0	16	19	0	0	0	0	0	10	40	10	0	10	76	31	19	43	0	0	130	0	0	0	43	0	9	9	0	0	5	0	0	0	0	0	0	16	28	0	0	0	0	0	19	50	41	9	43	132
327	319	23	7	27	311	11	0	10	23	7	27	0	0	15	50	34	7	27	39	303	11	0	8	11	0	10	0	0	10	40	4	0	10	16	23	7	27	0	0	0	16	19	0	0	0	0	0	15	50	34	7	27	39	295	11	0	8	11	0	8	0	0	8	40	4	0	8	16	11	0	10	0	0	0	16	10	0	0	0	0	0	10	40	4	0	10	16	23	7	27	7	0	0	0	5	0	0	0	0	0	0	16	19	0	0	0	0	0	15	50	34	7	27	39	287	0	0	8	11	0	8	0	0	8	40	4	0	8	16	11	0	8	0	0	0	16	10	0	0	0	0	0	8	40	4	0	8	16	11	0	10	0	0	0	0	0	0	0	0	0	0	0	16	10	0	0	0	0	0	10	40	4	0	10	16	23	7	27	0	0	58	0	0	0	0	0	7	0	0	0	5	0	0	0	0	0	0	16	19	0	0	0	0	0	15	50	34	7	27	39
524	511	39	47	26	498	16	12	10	39	47	26	19	0	19	50	61	105	130	39	485	12	12	8	16	12	10	4	0	10	40	6	0	50	16	39	47	26	7	0	0	16	12	28	0	0	19	0	19	50	61	105	130	39	472	10	7	8	12	12	8	0	0	8	40	2	0	40	16	16	12	10	0	0	0	16	7	0	0	0	4	0	10	40	6	0	50	16	39	47	26	5	35	0	0	3	14	0	0	7	0	0	16	12	28	0	0	19	0	19	50	61	105	130	39	459	0	0	8	10	7	8	0	0	8	40	2	0	40	16	12	12	8	0	0	0	16	7	0	0	0	0	0	8	40	2	0	40	16	16	12	10	0	0	0	0	0	0	0	0	0	0	0	16	7	0	0	0	4	0	10	40	6	0	50	16	39	47	26	0	0	55	0	0	0	26	0	5	35	0	0	3	14	0	0	7	0	0	16	12	28	0	0	19	0	19	50	61	105	130	39
283	276	20	6	16	269	12	6	0	20	6	16	0	0	4	0	22	0	0	49	262	12	6	0	12	6	0	0	0	0	0	4	0	0	24	20	6	16	0	0	0	0	16	0	0	0	0	0	4	0	22	0	0	49	255	12	6	0	12	6	0	0	0	0	0	4	0	0	24	12	6	0	0	0	0	0	12	0	0	0	0	0	0	0	4	0	0	24	20	6	16	9	0	0	0	2	0	0	0	0	0	0	0	16	0	0	0	0	0	4	0	22	0	0	49	248	0	0	0	12	6	0	0	0	0	0	4	0	0	24	12	6	0	0	0	0	0	12	0	0	0	0	0	0	0	4	0	0	24	12	6	0	0	0	0	0	0	0	0	0	0	0	0	0	12	0	0	0	0	0	0	0	4	0	0	24	20	6	16	0	0	55	0	0	0	16	0	9	0	0	0	2	0	0	0	0	0	0	0	16	0	0	0	0	0	4	0	22	0	0	49
283	276	25	12	0	269	8	0	0	25	12	0	19	0	0	0	47	30	0	0	262	4	0	0	8	0	0	4	0	0	0	4	0	0	0	25	12	0	7	0	0	0	4	12	0	0	19	0	0	0	47	30	0	0	255	2	0	0	4	0	0	0	0	0	0	0	0	0	0	8	0	0	0	0	0	0	0	0	0	0	4	0	0	0	4	0	0	0	25	12	0	6	0	0	0	2	6	0	0	7	0	0	0	4	12	0	0	19	0	0	0	47	30	0	0	248	0	0	0	2	0	0	0	0	0	0	0	0	0	0	4	0	0	0	0	0	0	0	0	0	0	0	0	0	0	0	0	0	0	8	0	0	0	0	0	0	0	0	0	0	0	0	0	0	0	0	0	0	4	0	0	0	4	0	0	0	25	12	0	0	0	0	0	0	0	0	0	6	0	0	0	2	6	0	0	7	0	0	0	4	12	0	0	19	0	0	0	47	30	0	0
712	694	41	72	103	676	12	29	90	41	72	103	23	55	93	45	59	133	309	26	658	7	13	81	12	29	90	9	13	93	30	6	13	270	10	41	72	103	7	39	26	92	2	0	103	0	23	55	93	45	59	133	309	26	640	1	0	63	7	13	81	0	0	91	24	0	0	243	8	12	29	90	0	0	26	58	2	0	90	0	9	13	93	30	6	13	270	10	41	72	103	0	0	64	70	0	0	103	73	7	39	26	92	2	0	103	0	23	55	93	45	59	133	309	26	622	1	0	60	1	0	63	0	0	73	24	0	0	189	8	7	13	81	0	0	22	58	2	0	81	0	0	0	91	24	0	0	243	8	12	29	90	0	0	54	66	0	0	90	70	0	0	26	58	2	0	90	0	9	13	93	30	6	13	270	10	41	72	103	0	0	0	31	1	0	0	0	0	0	64	70	0	0	103	73	7	39	26	92	2	0	103	0	23	55	93	45	59	133	309	26
587	572	34	75	23	557	8	32	13	34	75	23	12	117	13	0	38	110	92	26	542	5	7	11	8	32	13	7	21	13	0	4	21	52	10	34	75	23	6	28	26	22	3	0	69	0	12	117	13	0	38	110	92	26	527	0	0	0	5	7	11	0	0	11	0	0	0	44	8	8	32	13	0	0	26	0	2	0	39	0	7	21	13	0	4	21	52	10	34	75	23	0	0	46	0	0	0	23	73	6	28	26	22	3	0	69	0	12	117	13	0	38	110	92	26	512	0	0	0	0	0	0	0	0	0	0	0	0	0	8	5	7	11	0	0	22	0	2	0	33	0	0	0	11	0	0	0	44	8	8	32	13	0	0	39	0	0	0	13	70	0	0	26	0	2	0	39	0	7	21	13	0	4	21	52	10	34	75	23	0	0	0	0	0	0	0	0	0	0	46	0	0	0	23	73	6	28	26	22	3	0	69	0	12	117	13	0	38	110	92	26
399	389	26	9	33	379	11	0	4	26	9	33	19	0	0	12	42	9	33	96	369	7	0	0	11	0	4	4	0	0	0	4	0	4	30	26	9	33	7	0	0	0	2	0	0	10	19	0	0	12	42	9	33	96	359	0	0	0	7	0	0	0	0	0	0	0	0	0	24	11	0	4	0	0	0	0	2	0	0	8	4	0	0	0	4	0	4	30	26	9	33	0	0	37	0	0	0	0	0	7	0	0	0	2	0	0	10	19	0	0	12	42	9	33	96	349	0	0	0	0	0	0	0	0	0	0	0	0	0	24	7	0	0	0	0	0	0	2	0	0	8	0	0	0	0	0	0	0	24	11	0	4	0	0	12	0	0	0	0	0	0	0	0	0	2	0	0	8	4	0	0	0	4	0	4	30	26	9	33	0	0	0	0	0	0	0	0	0	0	37	0	0	0	0	0	7	0	0	0	2	0	0	10	19	0	0	12	42	9	33	96
318	310	25	12	10	302	7	0	0	25	12	10	19	0	0	0	39	30	20	26	294	3	0	0	7	0	0	4	0	0	0	4	0	0	10	25	12	10	7	0	0	0	0	0	0	0	19	0	0	0	39	30	20	26	286	0	0	0	3	0	0	0	0	0	0	0	0	0	8	7	0	0	0	0	0	0	0	0	0	0	4	0	0	0	4	0	0	10	25	12	10	0	0	7	0	0	0	0	0	7	0	0	0	0	0	0	0	19	0	0	0	39	30	20	26	278	0	0	0	0	0	0	0	0	0	0	0	0	0	8	3	0	0	0	0	0	0	0	0	0	0	0	0	0	0	0	0	0	8	7	0	0	0	0	0	0	0	0	0	0	0	0	0	0	0	0	0	0	4	0	0	0	4	0	0	10	25	12	10	0	0	0	0	0	0	0	0	0	0	7	0	0	0	0	0	7	0	0	0	0	0	0	0	19	0	0	0	39	30	20	26
395	385	30	25	7	375	7	0	0	30	25	7	19	0	0	0	32	65	35	26	365	3	0	0	7	0	0	4	0	0	0	4	0	0	10	30	25	7	7	0	0	0	0	0	0	0	19	0	0	0	32	65	35	26	355	0	0	0	3	0	0	0	0	0	0	0	0	0	8	7	0	0	0	0	0	0	0	0	0	0	4	0	0	0	4	0	0	10	30	25	7	0	0	7	0	0	0	0	0	7	0	0	0	0	0	0	0	19	0	0	0	32	65	35	26	345	0	0	0	0	0	0	0	0	0	0	0	0	0	8	3	0	0	0	0	0	0	0	0	0	0	0	0	0	0	0	0	0	8	7	0	0	0	0	0	0	0	0	0	0	0	0	0	0	0	0	0	0	4	0	0	0	4	0	0	10	30	25	7	0	0	0	0	0	0	0	0	0	0	7	0	0	0	0	0	7	0	0	0	0	0	0	0	19	0	0	0	32	65	35	26
737	718	37	60	124	699	15	0	88	37	60	124	23	0	140	66	31	15	496	143	680	9	0	88	15	0	88	9	0	102	66	20	0	352	103	37	60	124	2	0	79	0	2	0	0	0	23	0	140	66	31	15	496	143	661	9	0	86	9	0	88	9	0	102	62	20	0	352	92	15	0	88	2	0	53	0	2	0	0	0	9	0	102	66	20	0	352	103	37	60	124	0	0	0	22	2	0	0	0	2	0	79	0	2	0	0	0	23	0	140	66	31	15	496	143	642	9	0	57	9	0	86	9	0	98	37	20	0	344	63	9	0	88	2	0	53	0	0	0	0	0	9	0	102	62	20	0	352	92	15	0	88	0	0	0	0	2	0	0	0	2	0	53	0	2	0	0	0	9	0	102	66	20	0	352	103	37	60	124	0	0	0	45	0	0	0	173	0	0	0	22	2	0	0	0	2	0	79	0	2	0	0	0	23	0	140	66	31	15	496	143
466	454	24	20	64	442	11	0	57	24	20	64	13	0	20	27	34	0	128	7	430	11	0	57	11	0	57	13	0	20	27	32	0	114	0	24	20	64	2	0	0	0	0	0	0	0	13	0	20	27	34	0	128	7	418	11	0	57	11	0	57	13	0	20	27	32	0	114	0	11	0	57	2	0	0	0	0	0	0	0	13	0	20	27	32	0	114	0	24	20	64	0	0	0	0	2	0	0	0	2	0	0	0	0	0	0	0	13	0	20	27	34	0	128	7	406	11	0	53	11	0	57	13	0	20	24	32	0	114	0	11	0	57	2	0	0	0	0	0	0	0	13	0	20	27	32	0	114	0	11	0	57	0	0	0	0	2	0	0	0	2	0	0	0	0	0	0	0	13	0	20	27	32	0	114	0	24	20	64	0	0	0	45	0	0	0	0	0	0	0	0	2	0	0	0	2	0	0	0	0	0	0	0	13	0	20	27	34	0	128	7
428	417	18	10	54	406	2	0	13	18	10	54	4	0	34	13	6	0	54	176	395	0	0	13	2	0	13	0	0	0	13	0	0	13	107	18	10	54	0	0	20	0	0	0	0	0	4	0	34	13	6	0	54	176	384	0	0	13	0	0	13	0	0	0	13	0	0	13	92	2	0	13	0	0	0	0	0	0	0	0	0	0	0	13	0	0	13	107	18	10	54	0	0	0	0	0	0	0	0	0	0	20	0	0	0	0	0	4	0	34	13	6	0	54	176	373	0	0	12	0	0	13	0	0	0	12	0	0	13	63	0	0	13	0	0	0	0	0	0	0	0	0	0	0	13	0	0	13	92	2	0	13	0	0	0	0	0	0	0	0	0	0	0	0	0	0	0	0	0	0	0	13	0	0	13	107	18	10	54	0	0	0	12	0	0	0	0	0	0	0	0	0	0	0	0	0	0	20	0	0	0	0	0	4	0	34	13	6	0	54	176
425	414	18	28	25	403	4	0	0	18	28	25	4	0	34	0	5	7	100	133	392	2	0	0	4	0	0	0	0	0	0	0	0	0	103	18	28	25	0	0	20	0	0	0	0	0	4	0	34	0	5	7	100	133	381	2	0	0	2	0	0	0	0	0	0	0	0	0	92	4	0	0	0	0	0	0	0	0	0	0	0	0	0	0	0	0	0	103	18	28	25	0	0	0	0	0	0	0	0	0	0	20	0	0	0	0	0	4	0	34	0	5	7	100	133	370	2	0	0	2	0	0	0	0	0	0	0	0	0	63	2	0	0	0	0	0	0	0	0	0	0	0	0	0	0	0	0	0	92	4	0	0	0	0	0	0	0	0	0	0	0	0	0	0	0	0	0	0	0	0	0	0	0	0	0	103	18	28	25	0	0	0	0	0	0	0	0	0	0	0	0	0	0	0	0	0	0	20	0	0	0	0	0	4	0	34	0	5	7	100	133
310	302	15	12	12	294	1	0	0	15	12	12	3	0	21	0	5	0	24	30	286	0	0	0	1	0	0	0	0	0	0	0	0	0	13	15	12	12	0	0	7	0	0	0	0	0	3	0	21	0	5	0	24	30	278	0	0	0	0	0	0	0	0	0	0	0	0	0	11	1	0	0	0	0	0	0	0	0	0	0	0	0	0	0	0	0	0	13	15	12	12	0	0	0	0	0	0	0	0	0	0	7	0	0	0	0	0	3	0	21	0	5	0	24	30	270	0	0	0	0	0	0	0	0	0	0	0	0	0	0	0	0	0	0	0	0	0	0	0	0	0	0	0	0	0	0	0	0	11	1	0	0	0	0	0	0	0	0	0	0	0	0	0	0	0	0	0	0	0	0	0	0	0	0	0	13	15	12	12	0	0	0	0	0	0	0	0	0	0	0	0	0	0	0	0	0	0	7	0	0	0	0	0	3	0	21	0	5	0	24	30
522	508	18	24	84	494	12	24	61	18	24	84	13	0	33	14	24	0	0	149	480	12	24	61	12	24	61	13	0	32	14	24	0	0	88	18	24	84	6	0	0	0	2	0	0	0	13	0	33	14	24	0	0	149	466	11	24	61	12	24	61	13	0	32	14	24	0	0	88	12	24	61	4	0	0	0	0	0	0	0	13	0	32	14	24	0	0	88	18	24	84	2	0	9	0	0	0	0	0	6	0	0	0	2	0	0	0	13	0	33	14	24	0	0	149	452	8	24	61	11	24	61	12	0	32	14	20	0	0	86	12	24	61	4	0	0	0	0	0	0	0	13	0	32	14	24	0	0	88	12	24	61	0	0	9	0	0	0	0	0	4	0	0	0	0	0	0	0	13	0	32	14	24	0	0	88	18	24	84	0	0	25	0	0	0	0	0	2	0	9	0	0	0	0	0	6	0	0	0	2	0	0	0	13	0	33	14	24	0	0	149
532	518	9	0	121	504	6	0	76	9	0	121	0	0	26	62	2	0	0	225	490	6	0	69	6	0	76	0	0	21	34	2	0	0	145	9	0	121	0	0	0	0	0	0	0	23	0	0	26	62	2	0	0	225	476	6	0	69	6	0	69	0	0	14	34	2	0	0	145	6	0	76	0	0	0	0	0	0	0	13	0	0	21	34	2	0	0	145	9	0	121	0	0	0	0	0	0	0	0	0	0	0	0	0	0	0	23	0	0	26	62	2	0	0	225	462	6	0	69	6	0	69	0	0	14	34	2	0	0	143	6	0	69	0	0	0	0	0	0	0	11	0	0	14	34	2	0	0	145	6	0	76	0	0	0	0	0	0	0	0	0	0	0	0	0	0	0	13	0	0	21	34	2	0	0	145	9	0	121	0	0	0	0	0	0	0	0	0	0	0	0	0	0	0	0	0	0	0	0	0	0	0	23	0	0	26	62	2	0	0	225
418	407	3	0	89	396	3	0	39	3	0	89	0	0	0	20	0	0	0	279	385	3	0	39	3	0	39	0	0	0	20	0	0	0	158	3	0	89	0	0	0	0	0	0	0	0	0	0	0	20	0	0	0	279	374	3	0	39	3	0	39	0	0	0	20	0	0	0	158	3	0	39	0	0	0	0	0	0	0	0	0	0	0	20	0	0	0	158	3	0	89	0	0	0	0	0	0	0	0	0	0	0	0	0	0	0	0	0	0	0	20	0	0	0	279	363	3	0	39	3	0	39	0	0	0	20	0	0	0	156	3	0	39	0	0	0	0	0	0	0	0	0	0	0	20	0	0	0	158	3	0	39	0	0	0	0	0	0	0	0	0	0	0	0	0	0	0	0	0	0	0	20	0	0	0	158	3	0	89	0	0	0	0	0	0	0	0	0	0	0	0	0	0	0	0	0	0	0	0	0	0	0	0	0	0	0	20	0	0	0	279
493	480	17	12	107	467	7	0	76	17	12	107	1	0	108	96	9	0	107	149	454	7	0	54	7	0	76	1	0	97	27	9	0	76	88	17	12	107	2	0	0	26	4	0	0	126	1	0	108	96	9	0	107	149	441	6	0	54	7	0	54	1	0	71	27	9	0	54	88	7	0	76	0	0	0	26	0	0	0	103	1	0	97	27	9	0	76	88	17	12	107	2	0	9	0	0	0	0	0	2	0	0	26	4	0	0	126	1	0	108	96	9	0	107	149	428	5	0	52	6	0	54	0	0	71	25	5	0	54	86	7	0	54	0	0	0	22	0	0	0	92	1	0	71	27	9	0	54	88	7	0	76	0	0	9	0	0	0	0	0	0	0	0	26	0	0	0	103	1	0	97	27	9	0	76	88	17	12	107	0	0	9	22	0	0	0	0	2	0	9	0	0	0	0	0	2	0	0	26	4	0	0	126	1	0	108	96	9	0	107	149
340	331	21	14	62	322	8	0	56	21	14	62	7	0	147	57	25	0	124	0	313	6	0	47	8	0	56	2	0	139	27	19	0	112	0	21	14	62	7	0	11	26	10	7	0	23	7	0	147	57	25	0	124	0	304	4	0	47	6	0	47	1	0	126	27	13	0	94	0	8	0	56	0	0	11	26	0	0	0	13	2	0	139	27	19	0	112	0	21	14	62	2	0	20	0	0	0	0	0	7	0	11	26	10	7	0	23	7	0	147	57	25	0	124	0	295	3	0	42	4	0	47	0	0	126	25	5	0	94	0	6	0	47	0	0	11	22	0	0	0	11	1	0	126	27	13	0	94	0	8	0	56	0	0	20	0	0	0	0	0	0	0	11	26	0	0	0	13	2	0	139	27	19	0	112	0	21	14	62	1	0	9	46	3	0	0	0	2	0	20	0	0	0	0	0	7	0	11	26	10	7	0	23	7	0	147	57	25	0	124	0
629	612	7	0	190	595	6	0	157	7	0	190	2	0	12	179	23	0	0	169	578	2	0	148	6	0	157	1	0	11	158	21	0	0	132	7	0	190	0	0	24	96	0	0	0	0	2	0	12	179	23	0	0	169	561	1	0	118	2	0	148	0	0	11	120	5	0	0	101	6	0	157	0	0	20	27	0	0	0	0	1	0	11	158	21	0	0	132	7	0	190	0	0	12	95	0	0	0	126	0	0	24	96	0	0	0	0	2	0	12	179	23	0	0	169	544	1	0	85	1	0	118	0	0	11	120	0	0	0	101	2	0	148	0	0	20	27	0	0	0	0	0	0	11	120	5	0	0	101	6	0	157	0	0	9	45	0	0	0	103	0	0	20	27	0	0	0	0	1	0	11	158	21	0	0	132	7	0	190	1	0	0	97	3	0	0	85	0	0	12	95	0	0	0	126	0	0	24	96	0	0	0	0	2	0	12	179	23	0	0	169
479	466	18	12	94	453	10	12	81	18	12	94	8	0	17	70	40	48	0	62	440	4	0	80	10	12	81	1	0	16	68	25	48	0	56	18	12	94	0	0	24	15	1	0	94	0	8	0	17	70	40	48	0	62	427	3	0	77	4	0	80	0	0	16	64	6	0	0	47	10	12	81	0	0	20	13	0	0	81	0	1	0	16	68	25	48	0	56	18	12	94	0	0	12	33	0	0	0	0	0	0	24	15	1	0	94	0	8	0	17	70	40	48	0	62	414	3	0	66	3	0	77	0	0	16	64	1	0	0	47	4	0	80	0	0	20	13	0	0	80	0	0	0	16	64	6	0	0	47	10	12	81	0	0	9	30	0	0	0	0	0	0	20	13	0	0	81	0	1	0	16	68	25	48	0	56	18	12	94	1	0	0	67	12	0	0	0	0	0	12	33	0	0	0	0	0	0	24	15	1	0	94	0	8	0	17	70	40	48	0	62
442	430	24	11	75	418	12	11	72	24	11	75	15	0	17	43	49	44	0	0	406	5	0	71	12	11	72	0	0	16	41	24	44	0	0	24	11	75	1	0	12	15	1	0	75	0	15	0	17	43	49	44	0	0	394	5	0	68	5	0	71	0	0	16	37	6	0	0	0	12	11	72	1	0	11	13	0	0	72	0	0	0	16	41	24	44	0	0	24	11	75	0	0	0	33	0	0	0	0	1	0	12	15	1	0	75	0	15	0	17	43	49	44	0	0	382	5	0	57	5	0	68	0	0	16	37	6	0	0	0	5	0	71	1	0	11	13	0	0	71	0	0	0	16	37	6	0	0	0	12	11	72	0	0	0	30	0	0	0	0	1	0	11	13	0	0	72	0	0	0	16	41	24	44	0	0	24	11	75	1	0	0	67	13	0	0	0	0	0	0	33	0	0	0	0	1	0	12	15	1	0	75	0	15	0	17	43	49	44	0	0
473	460	42	46	49	447	24	24	48	42	46	49	25	48	17	11	88	110	98	0	434	19	0	48	24	24	48	16	0	16	11	57	56	96	0	42	46	49	7	0	12	0	7	0	147	0	25	48	17	11	88	110	98	0	421	19	0	48	19	0	48	16	0	16	11	42	0	96	0	24	24	48	7	0	11	0	4	0	144	0	16	0	16	11	57	56	96	0	42	46	49	2	0	0	0	3	0	0	0	7	0	12	0	7	0	147	0	25	48	17	11	88	110	98	0	408	18	0	40	19	0	48	16	0	16	11	42	0	96	0	19	0	48	7	0	11	0	4	0	144	0	16	0	16	11	42	0	96	0	24	24	48	0	0	0	0	3	0	0	0	7	0	11	0	4	0	144	0	16	0	16	11	57	56	96	0	42	46	49	6	0	0	55	15	8	0	0	2	0	0	0	3	0	0	0	7	0	12	0	7	0	147	0	25	48	17	11	88	110	98	0
451	438	54	61	30	425	32	33	29	54	61	30	34	40	17	11	128	133	120	0	412	27	22	29	32	33	29	27	0	16	11	84	71	116	0	54	61	30	9	11	12	0	6	0	60	0	34	40	17	11	128	133	120	0	399	27	22	29	27	22	29	27	0	16	11	69	55	116	0	32	33	29	9	11	11	0	4	0	58	0	27	0	16	11	84	71	116	0	54	61	30	2	0	0	0	4	0	0	0	9	11	12	0	6	0	60	0	34	40	17	11	128	133	120	0	386	26	22	28	27	22	29	27	0	16	11	69	55	116	0	27	22	29	9	11	11	0	4	0	58	0	27	0	16	11	69	55	116	0	32	33	29	0	0	0	0	3	0	0	0	9	11	11	0	4	0	58	0	27	0	16	11	84	71	116	0	54	61	30	6	0	0	12	16	5	0	0	2	0	0	0	4	0	0	0	9	11	12	0	6	0	60	0	34	40	17	11	128	133	120	0
630	610	103	154	49	590	58	122	27	103	154	49	48	208	51	80	219	399	98	79	570	56	116	26	58	122	27	44	190	12	75	128	339	54	77	103	154	49	13	72	0	11	18	36	0	0	48	208	51	80	219	399	98	79	550	54	114	26	56	116	26	42	190	11	75	127	330	52	77	58	122	27	7	72	0	11	8	30	0	0	44	190	12	75	128	339	54	77	103	154	49	18	16	0	0	18	33	0	0	13	72	0	11	18	36	0	0	48	208	51	80	219	399	98	79	530	48	101	26	54	114	26	41	188	11	75	126	324	52	77	56	116	26	7	72	0	11	8	24	0	0	42	190	11	75	127	330	52	77	58	122	27	14	0	0	0	12	27	0	0	7	72	0	11	8	30	0	0	44	190	12	75	128	339	54	77	103	154	49	53	49	30	0	43	37	49	0	18	16	0	0	18	33	0	0	13	72	0	11	18	36	0	0	48	208	51	80	219	399	98	79
346	336	51	27	13	326	27	9	0	51	27	13	27	0	34	0	124	45	39	79	316	27	9	0	27	9	0	27	0	0	0	80	9	0	77	51	27	13	10	0	0	0	7	0	0	0	27	0	34	0	124	45	39	79	306	27	9	0	27	9	0	27	0	0	0	80	9	0	77	27	9	0	10	0	0	0	4	0	0	0	27	0	0	0	80	9	0	77	51	27	13	2	0	0	0	3	0	0	0	10	0	0	0	7	0	0	0	27	0	34	0	124	45	39	79	296	26	9	0	27	9	0	27	0	0	0	80	9	0	77	27	9	0	10	0	0	0	4	0	0	0	27	0	0	0	80	9	0	77	27	9	0	0	0	0	0	3	0	0	0	10	0	0	0	4	0	0	0	27	0	0	0	80	9	0	77	51	27	13	5	0	0	0	3	0	0	0	2	0	0	0	3	0	0	0	10	0	0	0	7	0	0	0	27	0	34	0	124	45	39	79
337	326	62	45	5	315	30	33	0	62	45	5	25	46	10	0	147	123	5	30	304	30	30	0	30	33	0	25	40	0	0	78	98	0	29	62	45	5	7	15	0	0	11	0	0	0	25	46	10	0	147	123	5	30	293	30	30	0	30	30	0	25	40	0	0	78	95	0	29	30	33	0	7	15	0	0	5	0	0	0	25	40	0	0	78	98	0	29	62	45	5	10	0	0	0	13	0	0	0	7	15	0	0	11	0	0	0	25	46	10	0	147	123	5	30	282	29	30	0	30	30	0	25	40	0	0	78	95	0	29	30	30	0	7	15	0	0	5	0	0	0	25	40	0	0	78	95	0	29	30	33	0	8	0	0	0	8	0	0	0	7	15	0	0	5	0	0	0	25	40	0	0	78	98	0	29	62	45	5	37	0	0	0	17	0	0	0	10	0	0	0	13	0	0	0	7	15	0	0	11	0	0	0	25	46	10	0	147	123	5	30
421	408	63	59	5	395	27	36	0	63	59	5	25	27	10	0	133	175	20	30	382	27	36	0	27	36	0	25	27	0	0	76	117	0	29	63	59	5	10	0	0	0	12	0	0	0	25	27	10	0	133	175	20	30	369	27	36	0	27	36	0	25	27	0	0	76	117	0	29	27	36	0	10	0	0	0	5	0	0	0	25	27	0	0	76	117	0	29	63	59	5	2	0	0	0	4	0	0	0	10	0	0	0	12	0	0	0	25	27	10	0	133	175	20	30	356	26	36	0	27	36	0	25	27	0	0	76	117	0	29	27	36	0	10	0	0	0	5	0	0	0	25	27	0	0	76	117	0	29	27	36	0	0	0	0	0	3	0	0	0	10	0	0	0	5	0	0	0	25	27	0	0	76	117	0	29	63	59	5	5	0	0	0	3	0	0	0	2	0	0	0	4	0	0	0	10	0	0	0	12	0	0	0	25	27	10	0	133	175	20	30
272	264	34	17	0	256	9	7	0	34	17	0	3	0	0	0	59	56	0	0	248	9	7	0	9	7	0	3	0	0	0	25	28	0	0	34	17	0	0	0	0	0	7	0	0	0	3	0	0	0	59	56	0	0	240	9	7	0	9	7	0	3	0	0	0	25	28	0	0	9	7	0	0	0	0	0	2	0	0	0	3	0	0	0	25	28	0	0	34	17	0	0	0	0	0	1	0	0	0	0	0	0	0	7	0	0	0	3	0	0	0	59	56	0	0	232	9	7	0	9	7	0	3	0	0	0	25	28	0	0	9	7	0	0	0	0	0	2	0	0	0	3	0	0	0	25	28	0	0	9	7	0	0	0	0	0	1	0	0	0	0	0	0	0	2	0	0	0	3	0	0	0	25	28	0	0	34	17	0	0	0	0	0	0	0	0	0	0	0	0	0	1	0	0	0	0	0	0	0	7	0	0	0	3	0	0	0	59	56	0	0
563	546	63	66	53	529	41	42	22	63	66	53	46	0	18	36	128	110	106	72	512	37	42	9	41	42	22	39	0	18	0	98	98	44	27	63	66	53	20	0	9	0	11	40	0	79	46	0	18	36	128	110	106	72	495	31	42	9	37	42	9	33	0	18	0	94	98	18	26	41	42	22	10	0	9	0	6	28	0	77	39	0	18	0	98	98	44	27	63	66	53	0	0	44	0	4	14	0	0	20	0	9	0	11	40	0	79	46	0	18	36	128	110	106	72	478	30	42	9	31	42	9	32	0	18	0	86	98	18	26	37	42	9	10	0	9	0	6	28	0	77	33	0	18	0	94	98	18	26	41	42	22	0	0	36	0	4	14	0	0	10	0	9	0	6	28	0	77	39	0	18	0	98	98	44	27	63	66	53	3	0	8	0	6	0	0	0	0	0	44	0	4	14	0	0	20	0	9	0	11	40	0	79	46	0	18	36	128	110	106	72
521	506	37	44	76	491	18	0	71	37	44	76	13	0	32	33	63	66	304	0	476	16	0	33	18	0	71	10	0	32	12	35	0	284	0	37	44	76	8	0	9	84	11	11	0	218	13	0	32	33	63	66	304	0	461	12	0	29	16	0	33	6	0	30	11	32	0	132	0	18	0	71	0	0	9	73	6	0	0	201	10	0	32	12	35	0	284	0	37	44	76	0	0	36	38	3	0	0	0	8	0	9	84	11	11	0	218	13	0	32	33	63	66	304	0	446	11	0	29	12	0	29	6	0	27	11	27	0	116	0	16	0	33	0	0	9	73	6	0	0	199	6	0	30	11	32	0	132	0	18	0	71	0	0	36	38	3	0	0	0	0	0	9	73	6	0	0	201	10	0	32	12	35	0	284	0	37	44	76	0	0	18	0	2	0	0	0	0	0	36	38	3	0	0	0	8	0	9	84	11	11	0	218	13	0	32	33	63	66	304	0
384	373	42	10	40	362	28	0	13	42	10	40	26	0	0	36	89	10	40	67	351	27	0	0	28	0	13	25	0	0	0	72	0	13	27	42	10	40	7	0	0	0	10	10	0	79	26	0	0	36	89	10	40	67	340	26	0	0	27	0	0	25	0	0	0	72	0	0	26	28	0	13	7	0	0	0	6	0	0	77	25	0	0	0	72	0	13	27	42	10	40	0	0	8	0	4	0	0	0	7	0	0	0	10	10	0	79	26	0	0	36	89	10	40	67	329	25	0	0	26	0	0	24	0	0	0	69	0	0	26	27	0	0	7	0	0	0	6	0	0	77	25	0	0	0	72	0	0	26	28	0	13	0	0	0	0	4	0	0	0	7	0	0	0	6	0	0	77	25	0	0	0	72	0	13	27	42	10	40	3	0	8	0	3	0	0	0	0	0	8	0	4	0	0	0	7	0	0	0	10	10	0	79	26	0	0	36	89	10	40	67
372	361	31	31	13	350	15	10	0	31	31	13	10	0	0	0	55	47	39	18	339	14	10	0	15	10	0	9	0	0	0	35	40	0	0	31	31	13	0	0	0	0	8	7	0	0	10	0	0	0	55	47	39	18	328	14	10	0	14	10	0	9	0	0	0	35	40	0	0	15	10	0	0	0	0	0	4	0	0	0	9	0	0	0	35	40	0	0	31	31	13	0	0	0	0	2	0	0	0	0	0	0	0	8	7	0	0	10	0	0	0	55	47	39	18	317	14	10	0	14	10	0	9	0	0	0	35	40	0	0	14	10	0	0	0	0	0	4	0	0	0	9	0	0	0	35	40	0	0	15	10	0	0	0	0	0	2	0	0	0	0	0	0	0	4	0	0	0	9	0	0	0	35	40	0	0	31	31	13	0	0	0	0	0	0	0	0	0	0	0	0	2	0	0	0	0	0	0	0	8	7	0	0	10	0	0	0	55	47	39	18
346	336	31	24	7	326	15	0	0	31	24	7	10	0	0	0	55	36	28	5	316	14	0	0	15	0	0	9	0	0	0	38	0	0	0	31	24	7	0	0	0	0	8	6	0	0	10	0	0	0	55	36	28	5	306	14	0	0	14	0	0	9	0	0	0	38	0	0	0	15	0	0	0	0	0	0	4	0	0	0	9	0	0	0	38	0	0	0	31	24	7	0	0	0	0	2	0	0	0	0	0	0	0	8	6	0	0	10	0	0	0	55	36	28	5	296	14	0	0	14	0	0	9	0	0	0	38	0	0	0	14	0	0	0	0	0	0	4	0	0	0	9	0	0	0	38	0	0	0	15	0	0	0	0	0	0	2	0	0	0	0	0	0	0	4	0	0	0	9	0	0	0	38	0	0	0	31	24	7	0	0	0	0	0	0	0	0	0	0	0	0	2	0	0	0	0	0	0	0	8	6	0	0	10	0	0	0	55	36	28	5
471	457	32	45	52	443	17	0	32	32	45	52	20	0	38	32	38	45	260	83	429	10	0	32	17	0	32	9	0	36	32	22	0	160	71	32	45	52	0	0	62	0	4	0	0	0	20	0	38	32	38	45	260	83	415	10	0	30	10	0	32	9	0	36	30	17	0	160	33	17	0	32	0	0	54	0	4	0	0	0	9	0	36	32	22	0	160	71	32	45	52	0	0	0	24	2	0	0	0	0	0	62	0	4	0	0	0	20	0	38	32	38	45	260	83	401	10	0	26	10	0	30	9	0	36	27	17	0	150	29	10	0	32	0	0	54	0	4	0	0	0	9	0	36	30	17	0	160	33	17	0	32	0	0	0	18	2	0	0	0	0	0	54	0	4	0	0	0	9	0	36	32	22	0	160	71	32	45	52	0	0	0	35	0	0	0	0	0	0	0	24	2	0	0	0	0	0	62	0	4	0	0	0	20	0	38	32	38	45	260	83
335	325	26	25	9	315	12	0	9	26	25	9	16	0	27	0	28	25	45	0	305	9	0	9	12	0	9	9	0	27	0	15	0	45	0	26	25	9	0	0	18	0	2	0	0	0	16	0	27	0	28	25	45	0	295	9	0	9	9	0	9	9	0	27	0	15	0	45	0	12	0	9	0	0	18	0	2	0	0	0	9	0	27	0	15	0	45	0	26	25	9	0	0	0	0	1	0	0	0	0	0	18	0	2	0	0	0	16	0	27	0	28	25	45	0	285	9	0	8	9	0	9	9	0	27	0	15	0	45	0	9	0	9	0	0	18	0	2	0	0	0	9	0	27	0	15	0	45	0	12	0	9	0	0	0	0	1	0	0	0	0	0	18	0	2	0	0	0	9	0	27	0	15	0	45	0	26	25	9	0	0	0	8	0	0	0	0	0	0	0	0	1	0	0	0	0	0	18	0	2	0	0	0	16	0	27	0	28	25	45	0
528	511	51	87	57	494	27	70	9	51	87	57	23	82	11	18	58	159	57	189	477	21	60	9	27	70	9	15	72	9	18	37	120	9	106	51	87	57	7	0	44	0	6	24	57	0	23	82	11	18	58	159	57	189	460	20	60	9	21	60	9	13	72	9	18	31	120	9	42	27	70	9	5	0	36	0	6	24	9	0	15	72	9	18	37	120	9	106	51	87	57	1	0	0	0	3	12	0	0	7	0	44	0	6	24	57	0	23	82	11	18	58	159	57	189	443	20	60	9	20	60	9	13	72	9	18	31	120	9	38	21	60	9	5	0	36	0	6	24	9	0	13	72	9	18	31	120	9	42	27	70	9	1	0	0	0	3	12	0	0	5	0	36	0	6	24	9	0	15	72	9	18	37	120	9	106	51	87	57	0	0	0	0	6	0	0	0	1	0	0	0	3	12	0	0	7	0	44	0	6	24	57	0	23	82	11	18	58	159	57	189
272	264	21	0	36	256	10	0	0	21	0	36	7	0	0	0	34	0	0	149	248	9	0	0	10	0	0	6	0	0	0	21	0	0	93	21	0	36	0	0	0	0	4	0	0	0	7	0	0	0	34	0	0	149	240	9	0	0	9	0	0	6	0	0	0	21	0	0	42	10	0	0	0	0	0	0	4	0	0	0	6	0	0	0	21	0	0	93	21	0	36	0	0	0	0	2	0	0	0	0	0	0	0	4	0	0	0	7	0	0	0	34	0	0	149	232	9	0	0	9	0	0	6	0	0	0	21	0	0	38	9	0	0	0	0	0	0	4	0	0	0	6	0	0	0	21	0	0	42	10	0	0	0	0	0	0	2	0	0	0	0	0	0	0	4	0	0	0	6	0	0	0	21	0	0	93	21	0	36	0	0	0	0	0	0	0	0	0	0	0	0	2	0	0	0	0	0	0	0	4	0	0	0	7	0	0	0	34	0	0	149
238	231	18	0	24	224	7	0	0	18	0	24	7	0	0	0	27	0	0	96	217	6	0	0	7	0	0	6	0	0	0	14	0	0	71	18	0	24	0	0	0	0	2	0	0	0	7	0	0	0	27	0	0	96	210	6	0	0	6	0	0	6	0	0	0	14	0	0	33	7	0	0	0	0	0	0	2	0	0	0	6	0	0	0	14	0	0	71	18	0	24	0	0	0	0	1	0	0	0	0	0	0	0	2	0	0	0	7	0	0	0	27	0	0	96	203	6	0	0	6	0	0	6	0	0	0	14	0	0	29	6	0	0	0	0	0	0	2	0	0	0	6	0	0	0	14	0	0	33	7	0	0	0	0	0	0	1	0	0	0	0	0	0	0	2	0	0	0	6	0	0	0	14	0	0	71	18	0	24	0	0	0	0	0	0	0	0	0	0	0	0	1	0	0	0	0	0	0	0	2	0	0	0	7	0	0	0	27	0	0	96
394	382	25	20	56	370	13	0	40	25	20	56	6	0	104	18	10	0	112	61	358	13	0	40	13	0	40	6	0	100	18	8	0	80	41	25	20	56	0	0	0	0	0	0	0	0	6	0	104	18	10	0	112	61	346	13	0	40	13	0	40	6	0	100	18	8	0	80	41	13	0	40	0	0	0	0	0	0	0	0	6	0	100	18	8	0	80	41	25	20	56	0	0	0	0	0	0	0	0	0	0	0	0	0	0	0	0	6	0	104	18	10	0	112	61	334	13	0	40	13	0	40	6	0	100	18	8	0	80	39	13	0	40	0	0	0	0	0	0	0	0	6	0	100	18	8	0	80	41	13	0	40	0	0	0	0	0	0	0	0	0	0	0	0	0	0	0	0	6	0	100	18	8	0	80	41	25	20	56	0	0	0	0	0	0	0	0	0	0	0	0	0	0	0	0	0	0	0	0	0	0	0	0	6	0	104	18	10	0	112	61
521	504	48	85	79	487	27	52	51	48	85	79	20	39	166	40	36	65	237	118	470	27	52	49	27	52	51	20	39	144	36	28	65	153	50	48	85	79	5	0	0	18	6	0	0	0	20	39	166	40	36	65	237	118	453	27	52	49	27	52	49	20	39	136	36	28	65	147	50	27	52	51	5	0	0	18	6	0	0	0	20	39	144	36	28	65	153	50	48	85	79	1	0	0	0	3	0	0	0	5	0	0	18	6	0	0	0	20	39	166	40	36	65	237	118	436	27	52	49	27	52	49	20	39	136	36	28	65	147	48	27	52	49	5	0	0	18	6	0	0	0	20	39	136	36	28	65	147	50	27	52	51	1	0	0	0	3	0	0	0	5	0	0	18	6	0	0	0	20	39	144	36	28	65	153	50	48	85	79	0	0	0	0	3	0	0	0	1	0	0	0	3	0	0	0	5	0	0	18	6	0	0	0	20	39	166	40	36	65	237	118
264	256	3	0	46	248	0	0	32	3	0	46	0	0	8	0	0	0	0	61	240	0	0	32	0	0	32	0	0	8	0	0	0	0	41	3	0	46	0	0	0	0	0	0	0	0	0	0	8	0	0	0	0	61	232	0	0	32	0	0	32	0	0	8	0	0	0	0	41	0	0	32	0	0	0	0	0	0	0	0	0	0	8	0	0	0	0	41	3	0	46	0	0	0	0	0	0	0	0	0	0	0	0	0	0	0	0	0	0	8	0	0	0	0	61	224	0	0	32	0	0	32	0	0	8	0	0	0	0	39	0	0	32	0	0	0	0	0	0	0	0	0	0	8	0	0	0	0	41	0	0	32	0	0	0	0	0	0	0	0	0	0	0	0	0	0	0	0	0	0	8	0	0	0	0	41	3	0	46	0	0	0	0	0	0	0	0	0	0	0	0	0	0	0	0	0	0	0	0	0	0	0	0	0	0	8	0	0	0	0	61
363	352	12	0	70	341	4	0	54	12	0	70	3	0	30	18	5	0	0	61	330	4	0	54	4	0	54	3	0	26	18	5	0	0	41	12	0	70	0	0	0	0	0	0	0	0	3	0	30	18	5	0	0	61	319	4	0	54	4	0	54	3	0	26	18	5	0	0	41	4	0	54	0	0	0	0	0	0	0	0	3	0	26	18	5	0	0	41	12	0	70	0	0	0	0	0	0	0	0	0	0	0	0	0	0	0	0	3	0	30	18	5	0	0	61	308	4	0	54	4	0	54	3	0	26	18	5	0	0	39	4	0	54	0	0	0	0	0	0	0	0	3	0	26	18	5	0	0	41	4	0	54	0	0	0	0	0	0	0	0	0	0	0	0	0	0	0	0	3	0	26	18	5	0	0	41	12	0	70	0	0	0	0	0	0	0	0	0	0	0	0	0	0	0	0	0	0	0	0	0	0	0	0	3	0	30	18	5	0	0	61
165	160	2	0	14	155	0	0	0	2	0	14	0	0	0	0	0	0	0	61	150	0	0	0	0	0	0	0	0	0	0	0	0	0	41	2	0	14	0	0	0	0	0	0	0	0	0	0	0	0	0	0	0	61	145	0	0	0	0	0	0	0	0	0	0	0	0	0	41	0	0	0	0	0	0	0	0	0	0	0	0	0	0	0	0	0	0	41	2	0	14	0	0	0	0	0	0	0	0	0	0	0	0	0	0	0	0	0	0	0	0	0	0	0	61	140	0	0	0	0	0	0	0	0	0	0	0	0	0	39	0	0	0	0	0	0	0	0	0	0	0	0	0	0	0	0	0	0	41	0	0	0	0	0	0	0	0	0	0	0	0	0	0	0	0	0	0	0	0	0	0	0	0	0	0	41	2	0	14	0	0	0	0	0	0	0	0	0	0	0	0	0	0	0	0	0	0	0	0	0	0	0	0	0	0	0	0	0	0	0	61
445	430	35	47	97	415	33	44	66	35	47	97	16	33	0	111	32	22	0	135	400	33	44	64	33	44	66	16	33	0	105	32	22	0	91	35	47	97	5	0	0	18	2	0	0	0	16	33	0	111	32	22	0	135	385	33	44	64	33	44	64	16	33	0	105	32	22	0	89	33	44	66	5	0	0	18	2	0	0	0	16	33	0	105	32	22	0	91	35	47	97	1	0	0	0	1	0	0	0	5	0	0	18	2	0	0	0	16	33	0	111	32	22	0	135	370	33	44	64	33	44	64	16	33	0	105	32	22	0	89	33	44	64	5	0	0	18	2	0	0	0	16	33	0	105	32	22	0	89	33	44	66	1	0	0	0	1	0	0	0	5	0	0	18	2	0	0	0	16	33	0	105	32	22	0	91	35	47	97	0	0	0	0	3	0	0	0	1	0	0	0	1	0	0	0	5	0	0	18	2	0	0	0	16	33	0	111	32	22	0	135
476	460	51	48	110	444	47	48	82	51	48	110	32	0	16	92	59	12	0	135	428	47	48	78	47	48	82	32	0	16	84	59	12	0	91	51	48	110	13	0	0	40	10	0	0	0	32	0	16	92	59	12	0	135	412	47	48	76	47	48	78	32	0	16	82	59	12	0	89	47	48	82	13	0	0	36	10	0	0	0	32	0	16	84	59	12	0	91	51	48	110	1	0	0	18	5	0	0	0	13	0	0	40	10	0	0	0	32	0	16	92	59	12	0	135	396	47	48	76	47	48	76	32	0	16	82	59	12	0	89	47	48	78	13	0	0	36	10	0	0	0	32	0	16	82	59	12	0	89	47	48	82	1	0	0	18	5	0	0	0	13	0	0	36	10	0	0	0	32	0	16	84	59	12	0	91	51	48	110	0	0	0	0	15	0	0	0	1	0	0	18	5	0	0	0	13	0	0	40	10	0	0	0	32	0	16	92	59	12	0	135
578	557	109	139	117	536	88	108	114	109	139	117	76	103	82	41	179	197	234	0	515	88	108	112	88	108	114	76	103	82	39	163	194	228	0	109	139	117	40	0	0	22	30	0	0	0	76	103	82	41	179	197	234	0	494	85	108	110	88	108	112	76	103	82	37	163	194	224	0	88	108	114	30	0	0	18	28	0	0	0	76	103	82	39	163	194	228	0	109	139	117	26	0	0	18	29	55	0	0	40	0	0	22	30	0	0	0	76	103	82	41	179	197	234	0	473	77	108	109	85	108	110	74	103	82	37	161	194	220	0	88	108	112	30	0	0	18	28	0	0	0	76	103	82	37	163	194	224	0	88	108	114	26	0	0	18	28	52	0	0	30	0	0	18	28	0	0	0	76	103	82	39	163	194	228	0	109	139	117	42	0	0	10	53	121	0	0	26	0	0	18	29	55	0	0	40	0	0	22	30	0	0	0	76	103	82	41	179	197	234	0
483	466	90	85	78	449	75	76	64	90	85	78	70	102	38	51	129	78	0	79	432	73	71	52	75	76	64	66	94	38	39	126	73	0	51	90	85	78	23	51	0	22	20	20	0	57	70	102	38	51	129	78	0	79	415	72	70	50	73	71	52	64	90	38	37	125	70	0	49	75	76	64	21	50	0	18	20	20	0	9	66	94	38	39	126	73	0	51	90	85	78	18	10	0	18	16	10	0	0	23	51	0	22	20	20	0	57	70	102	38	51	129	78	0	79	398	69	70	49	72	70	50	64	90	38	37	125	70	0	49	73	71	52	21	50	0	18	20	20	0	9	64	90	38	37	125	70	0	49	75	76	64	18	10	0	18	15	10	0	0	21	50	0	18	20	20	0	9	66	94	38	39	126	73	0	51	90	85	78	28	0	0	10	42	48	0	0	18	10	0	18	16	10	0	0	23	51	0	22	20	20	0	57	70	102	38	51	129	78	0	79
553	533	120	164	51	513	87	132	50	120	164	51	89	148	48	13	244	329	153	0	493	85	129	48	87	132	50	85	140	48	11	188	301	150	0	120	164	51	35	33	0	22	37	30	0	0	89	148	48	13	244	329	153	0	473	81	123	44	85	129	48	83	138	48	9	187	295	144	0	87	132	50	25	29	0	18	21	22	0	0	85	140	48	11	188	301	150	0	120	164	51	30	74	0	34	35	62	0	0	35	33	0	22	37	30	0	0	89	148	48	13	244	329	153	0	453	70	105	35	81	123	44	80	130	46	9	182	287	132	0	85	129	48	25	27	0	18	21	18	0	0	83	138	48	9	187	295	144	0	87	132	50	26	58	0	18	29	55	0	0	25	29	0	18	21	22	0	0	85	140	48	11	188	301	150	0	120	164	51	59	176	0	10	57	126	0	49	30	74	0	34	35	62	0	0	35	33	0	22	37	30	0	0	89	148	48	13	244	329	153	0
413	399	66	36	111	385	59	35	84	66	36	111	46	12	0	119	136	79	0	168	371	59	35	84	59	35	84	46	12	0	119	121	79	0	164	66	36	111	5	0	0	0	17	0	0	0	46	12	0	119	136	79	0	168	357	58	35	84	59	35	84	46	12	0	119	121	79	0	160	59	35	84	5	0	0	0	17	0	0	0	46	12	0	119	121	79	0	164	66	36	111	21	0	0	0	35	13	0	0	5	0	0	0	17	0	0	0	46	12	0	119	136	79	0	168	343	50	23	84	58	35	84	44	12	0	119	119	79	0	154	59	35	84	5	0	0	0	17	0	0	0	46	12	0	119	121	79	0	160	59	35	84	21	0	0	0	33	12	0	0	5	0	0	0	17	0	0	0	46	12	0	119	121	79	0	164	66	36	111	58	11	12	0	48	26	111	0	21	0	0	0	35	13	0	0	5	0	0	0	17	0	0	0	46	12	0	119	136	79	0	168
359	347	65	29	74	335	54	27	51	65	29	74	52	18	0	54	167	92	0	168	323	54	27	51	54	27	51	52	18	0	54	140	90	0	164	65	29	74	11	0	0	0	9	0	0	0	52	18	0	54	167	92	0	168	311	54	27	51	54	27	51	52	18	0	54	140	90	0	160	54	27	51	11	0	0	0	8	0	0	0	52	18	0	54	140	90	0	164	65	29	74	19	0	0	0	21	0	0	0	11	0	0	0	9	0	0	0	52	18	0	54	167	92	0	168	299	41	9	48	54	27	51	52	18	0	52	140	90	0	154	54	27	51	11	0	0	0	8	0	0	0	52	18	0	54	140	90	0	160	54	27	51	14	0	0	0	18	0	0	0	11	0	0	0	8	0	0	0	52	18	0	54	140	90	0	164	65	29	74	45	0	45	34	27	0	148	0	19	0	0	0	21	0	0	0	11	0	0	0	9	0	0	0	52	18	0	54	167	92	0	168
290	280	48	23	28	270	34	23	21	48	23	28	24	0	0	11	118	81	0	51	260	34	23	21	34	23	21	24	0	0	11	88	81	0	50	48	23	28	3	0	0	0	6	0	0	0	24	0	0	11	118	81	0	51	250	34	23	21	34	23	21	24	0	0	11	88	81	0	48	34	23	21	3	0	0	0	3	0	0	0	24	0	0	11	88	81	0	50	48	23	28	19	0	0	0	15	0	0	0	3	0	0	0	6	0	0	0	24	0	0	11	118	81	0	51	240	24	9	21	34	23	21	24	0	0	11	88	81	0	44	34	23	21	3	0	0	0	3	0	0	0	24	0	0	11	88	81	0	48	34	23	21	14	0	0	0	10	0	0	0	3	0	0	0	3	0	0	0	24	0	0	11	88	81	0	50	48	23	28	45	0	12	0	21	0	56	0	19	0	0	0	15	0	0	0	3	0	0	0	6	0	0	0	24	0	0	11	118	81	0	51
308	297	47	39	10	286	27	35	10	47	39	10	17	0	0	0	115	99	10	0	275	26	35	10	27	35	10	16	0	0	0	71	95	10	0	47	39	10	1	0	0	0	3	4	0	0	17	0	0	0	115	99	10	0	264	25	30	10	26	35	10	15	0	0	0	69	95	10	0	27	35	10	0	0	0	0	1	0	0	0	16	0	0	0	71	95	10	0	47	39	10	8	20	0	0	10	4	0	0	1	0	0	0	3	4	0	0	17	0	0	0	115	99	10	0	253	21	10	10	25	30	10	15	0	0	0	69	80	10	0	26	35	10	0	0	0	0	1	0	0	0	15	0	0	0	69	95	10	0	27	35	10	8	0	0	0	5	0	0	0	0	0	0	0	1	0	0	0	16	0	0	0	71	95	10	0	47	39	10	32	0	0	0	14	0	50	0	8	20	0	0	10	4	0	0	1	0	0	0	3	4	0	0	17	0	0	0	115	99	10	0
161	155	28	13	0	149	20	8	0	28	13	0	8	4	0	0	69	28	0	0	143	18	8	0	20	8	0	7	4	0	0	54	24	0	0	28	13	0	1	0	0	0	1	4	0	0	8	4	0	0	69	28	0	0	137	17	8	0	18	8	0	6	4	0	0	50	24	0	0	20	8	0	0	0	0	0	0	0	0	0	7	4	0	0	54	24	0	0	28	13	0	5	0	0	0	2	2	0	0	1	0	0	0	1	4	0	0	8	4	0	0	69	28	0	0	131	10	8	0	17	8	0	6	4	0	0	50	24	0	0	18	8	0	0	0	0	0	0	0	0	0	6	4	0	0	50	24	0	0	20	8	0	0	0	0	0	0	0	0	0	0	0	0	0	0	0	0	0	7	4	0	0	54	24	0	0	28	13	0	0	0	0	0	0	0	0	0	5	0	0	0	2	2	0	0	1	0	0	0	1	4	0	0	8	4	0	0	69	28	0	0
302	290	40	56	6	278	22	44	0	40	56	6	10	51	0	0	94	108	6	10	266	20	39	0	22	44	0	8	46	0	0	61	92	0	10	40	56	6	0	4	0	0	0	0	6	0	10	51	0	0	94	108	6	10	254	15	35	0	20	39	0	8	42	0	0	57	84	0	10	22	44	0	0	0	0	0	0	0	0	0	8	46	0	0	61	92	0	10	40	56	6	0	0	20	0	1	0	6	0	0	4	0	0	0	0	6	0	10	51	0	0	94	108	6	10	242	15	35	0	15	35	0	8	42	0	0	42	84	0	10	20	39	0	0	0	0	0	0	0	0	0	8	42	0	0	57	84	0	10	22	44	0	0	0	0	0	0	0	0	0	0	0	0	0	0	0	0	0	8	46	0	0	61	92	0	10	40	56	6	0	0	0	0	0	0	0	0	0	0	20	0	1	0	6	0	0	4	0	0	0	0	6	0	10	51	0	0	94	108	6	10
188	181	31	14	2	174	17	14	0	31	14	2	14	0	0	0	63	38	0	0	167	15	10	0	17	14	0	11	0	0	0	42	38	0	0	31	14	2	1	0	0	0	0	0	2	0	14	0	0	0	63	38	0	0	160	14	10	0	15	10	0	10	0	0	0	38	30	0	0	17	14	0	0	0	0	0	0	0	0	0	11	0	0	0	42	38	0	0	31	14	2	0	0	0	0	0	0	0	0	1	0	0	0	0	0	2	0	14	0	0	0	63	38	0	0	153	14	10	0	14	10	0	10	0	0	0	38	30	0	0	15	10	0	0	0	0	0	0	0	0	0	10	0	0	0	38	30	0	0	17	14	0	0	0	0	0	0	0	0	0	0	0	0	0	0	0	0	0	11	0	0	0	42	38	0	0	31	14	2	0	0	0	0	0	0	0	0	0	0	0	0	0	0	0	0	1	0	0	0	0	0	2	0	14	0	0	0	63	38	0	0
285	274	41	45	0	263	18	32	0	41	45	0	12	29	0	0	87	94	0	0	252	16	28	0	18	32	0	11	21	0	0	46	78	0	0	41	45	0	1	0	0	0	0	0	0	0	12	29	0	0	87	94	0	0	241	15	28	0	16	28	0	10	21	0	0	42	70	0	0	18	32	0	0	0	0	0	0	0	0	0	11	21	0	0	46	78	0	0	41	45	0	0	0	0	0	0	0	0	0	1	0	0	0	0	0	0	0	12	29	0	0	87	94	0	0	230	15	28	0	15	28	0	10	21	0	0	42	70	0	0	16	28	0	0	0	0	0	0	0	0	0	10	21	0	0	42	70	0	0	18	32	0	0	0	0	0	0	0	0	0	0	0	0	0	0	0	0	0	11	21	0	0	46	78	0	0	41	45	0	0	0	0	0	0	0	0	0	0	0	0	0	0	0	0	0	1	0	0	0	0	0	0	0	12	29	0	0	87	94	0	0
197	190	25	15	0	183	14	6	0	25	15	0	9	0	0	0	57	21	0	0	176	12	6	0	14	6	0	7	0	0	0	38	12	0	0	25	15	0	0	0	0	0	0	0	0	0	9	0	0	0	57	21	0	0	169	12	6	0	12	6	0	7	0	0	0	34	12	0	0	14	6	0	0	0	0	0	0	0	0	0	7	0	0	0	38	12	0	0	25	15	0	0	0	0	0	0	0	0	0	0	0	0	0	0	0	0	0	9	0	0	0	57	21	0	0	162	12	6	0	12	6	0	7	0	0	0	34	12	0	0	12	6	0	0	0	0	0	0	0	0	0	7	0	0	0	34	12	0	0	14	6	0	0	0	0	0	0	0	0	0	0	0	0	0	0	0	0	0	7	0	0	0	38	12	0	0	25	15	0	0	0	0	0	0	0	0	0	0	0	0	0	0	0	0	0	0	0	0	0	0	0	0	0	9	0	0	0	57	21	0	0
196	189	26	14	0	182	10	6	0	26	14	0	9	0	0	0	55	38	0	0	175	9	6	0	10	6	0	7	0	0	0	24	24	0	0	26	14	0	0	0	0	0	1	0	0	0	9	0	0	0	55	38	0	0	168	9	6	0	9	6	0	7	0	0	0	22	24	0	0	10	6	0	0	0	0	0	0	0	0	0	7	0	0	0	24	24	0	0	26	14	0	0	0	0	0	0	0	0	0	0	0	0	0	1	0	0	0	9	0	0	0	55	38	0	0	161	9	6	0	9	6	0	7	0	0	0	22	24	0	0	9	6	0	0	0	0	0	0	0	0	0	7	0	0	0	22	24	0	0	10	6	0	0	0	0	0	0	0	0	0	0	0	0	0	0	0	0	0	7	0	0	0	24	24	0	0	26	14	0	0	0	0	0	0	0	0	0	0	0	0	0	0	0	0	0	0	0	0	0	1	0	0	0	9	0	0	0	55	38	0	0
366	352	44	60	13	338	17	40	0	44	60	13	13	40	8	0	102	144	26	6	324	16	40	0	17	40	0	12	40	0	0	45	100	0	0	44	60	13	0	0	4	0	2	0	0	0	13	40	8	0	102	144	26	6	310	16	40	0	16	40	0	12	40	0	0	45	100	0	0	17	40	0	0	0	0	0	0	0	0	0	12	40	0	0	45	100	0	0	44	60	13	0	0	0	0	1	0	0	0	0	0	4	0	2	0	0	0	13	40	8	0	102	144	26	6	296	16	40	0	16	40	0	12	40	0	0	45	100	0	0	16	40	0	0	0	0	0	0	0	0	0	12	40	0	0	45	100	0	0	17	40	0	0	0	0	0	0	0	0	0	0	0	0	0	0	0	0	0	12	40	0	0	45	100	0	0	44	60	13	0	0	0	0	0	0	0	0	0	0	0	0	1	0	0	0	0	0	4	0	2	0	0	0	13	40	8	0	102	144	26	6
202	195	19	6	9	188	10	0	0	19	6	9	7	0	4	0	44	12	9	0	181	10	0	0	10	0	0	7	0	0	0	26	0	0	0	19	6	9	0	0	0	0	1	0	0	0	7	0	4	0	44	12	9	0	174	10	0	0	10	0	0	7	0	0	0	26	0	0	0	10	0	0	0	0	0	0	0	0	0	0	7	0	0	0	26	0	0	0	19	6	9	0	0	0	0	0	0	0	0	0	0	0	0	1	0	0	0	7	0	4	0	44	12	9	0	167	10	0	0	10	0	0	7	0	0	0	26	0	0	0	10	0	0	0	0	0	0	0	0	0	0	7	0	0	0	26	0	0	0	10	0	0	0	0	0	0	0	0	0	0	0	0	0	0	0	0	0	0	7	0	0	0	26	0	0	0	19	6	9	0	0	0	0	0	0	0	0	0	0	0	0	0	0	0	0	0	0	0	0	1	0	0	0	7	0	4	0	44	12	9	0
116	112	9	0	5	108	6	0	0	9	0	5	4	0	0	0	23	0	0	0	104	6	0	0	6	0	0	4	0	0	0	16	0	0	0	9	0	5	0	0	0	0	0	0	0	0	4	0	0	0	23	0	0	0	100	6	0	0	6	0	0	4	0	0	0	16	0	0	0	6	0	0	0	0	0	0	0	0	0	0	4	0	0	0	16	0	0	0	9	0	5	0	0	0	0	0	0	0	0	0	0	0	0	0	0	0	0	4	0	0	0	23	0	0	0	96	6	0	0	6	0	0	4	0	0	0	16	0	0	0	6	0	0	0	0	0	0	0	0	0	0	4	0	0	0	16	0	0	0	6	0	0	0	0	0	0	0	0	0	0	0	0	0	0	0	0	0	0	4	0	0	0	16	0	0	0	9	0	5	0	0	0	0	0	0	0	0	0	0	0	0	0	0	0	0	0	0	0	0	0	0	0	0	4	0	0	0	23	0	0	0
228	220	27	16	2	212	10	0	0	27	16	2	10	0	0	0	63	36	8	0	204	9	0	0	10	0	0	7	0	0	0	29	0	0	0	27	16	2	0	0	0	0	1	4	0	0	10	0	0	0	63	36	8	0	196	9	0	0	9	0	0	7	0	0	0	27	0	0	0	10	0	0	0	0	0	0	0	0	0	0	7	0	0	0	29	0	0	0	27	16	2	0	0	0	0	0	0	0	0	0	0	0	0	1	4	0	0	10	0	0	0	63	36	8	0	188	9	0	0	9	0	0	7	0	0	0	27	0	0	0	9	0	0	0	0	0	0	0	0	0	0	7	0	0	0	27	0	0	0	10	0	0	0	0	0	0	0	0	0	0	0	0	0	0	0	0	0	0	7	0	0	0	29	0	0	0	27	16	2	0	0	0	0	0	0	0	0	0	0	0	0	0	0	0	0	0	0	0	0	1	4	0	0	10	0	0	0	63	36	8	0
198	191	28	10	0	184	9	0	0	28	10	0	10	0	0	0	63	26	0	0	177	8	0	0	9	0	0	7	0	0	0	25	0	0	0	28	10	0	0	0	0	0	1	2	0	0	10	0	0	0	63	26	0	0	170	8	0	0	8	0	0	7	0	0	0	23	0	0	0	9	0	0	0	0	0	0	0	0	0	0	7	0	0	0	25	0	0	0	28	10	0	0	0	0	0	0	0	0	0	0	0	0	0	1	2	0	0	10	0	0	0	63	26	0	0	163	8	0	0	8	0	0	7	0	0	0	23	0	0	0	8	0	0	0	0	0	0	0	0	0	0	7	0	0	0	23	0	0	0	9	0	0	0	0	0	0	0	0	0	0	0	0	0	0	0	0	0	0	7	0	0	0	25	0	0	0	28	10	0	0	0	0	0	0	0	0	0	0	0	0	0	0	0	0	0	0	0	0	0	1	2	0	0	10	0	0	0	63	26	0	0
362	349	37	22	35	336	23	0	12	37	22	35	19	0	5	12	87	22	70	24	323	22	0	0	23	0	12	16	0	4	0	62	0	24	0	37	22	35	0	0	0	0	0	0	0	8	19	0	5	12	87	22	70	24	310	22	0	0	22	0	0	16	0	0	0	60	0	0	0	23	0	12	0	0	0	0	0	0	0	0	16	0	4	0	62	0	24	0	37	22	35	0	0	0	0	0	0	0	0	0	0	0	0	0	0	0	8	19	0	5	12	87	22	70	24	297	22	0	0	22	0	0	16	0	0	0	60	0	0	0	22	0	0	0	0	0	0	0	0	0	0	16	0	0	0	60	0	0	0	23	0	12	0	0	0	0	0	0	0	0	0	0	0	0	0	0	0	0	16	0	4	0	62	0	24	0	37	22	35	0	0	0	0	0	0	0	0	0	0	0	0	0	0	0	0	0	0	0	0	0	0	0	8	19	0	5	12	87	22	70	24
354	340	37	64	14	326	8	40	0	37	64	14	7	30	0	0	86	181	42	15	312	7	40	0	8	40	0	4	30	0	0	21	130	0	0	37	64	14	0	0	0	0	0	0	0	0	7	30	0	0	86	181	42	15	298	7	40	0	7	40	0	4	30	0	0	19	130	0	0	8	40	0	0	0	0	0	0	0	0	0	4	30	0	0	21	130	0	0	37	64	14	0	0	0	0	6	0	0	0	0	0	0	0	0	0	0	0	7	30	0	0	86	181	42	15	284	7	40	0	7	40	0	4	30	0	0	19	130	0	0	7	40	0	0	0	0	0	0	0	0	0	4	30	0	0	19	130	0	0	8	40	0	0	0	0	0	0	0	0	0	0	0	0	0	0	0	0	0	4	30	0	0	21	130	0	0	37	64	14	0	0	0	0	3	0	0	0	0	0	0	0	6	0	0	0	0	0	0	0	0	0	0	0	7	30	0	0	86	181	42	15
195	188	17	6	6	181	5	0	0	17	6	6	6	0	0	0	39	0	6	2	174	4	0	0	5	0	0	3	0	0	0	15	0	0	0	17	6	6	0	0	0	0	0	0	0	0	6	0	0	0	39	0	6	2	167	4	0	0	4	0	0	3	0	0	0	13	0	0	0	5	0	0	0	0	0	0	0	0	0	0	3	0	0	0	15	0	0	0	17	6	6	0	0	0	0	0	0	0	0	0	0	0	0	0	0	0	0	6	0	0	0	39	0	6	2	160	4	0	0	4	0	0	3	0	0	0	13	0	0	0	4	0	0	0	0	0	0	0	0	0	0	3	0	0	0	13	0	0	0	5	0	0	0	0	0	0	0	0	0	0	0	0	0	0	0	0	0	0	3	0	0	0	15	0	0	0	17	6	6	0	0	0	0	0	0	0	0	0	0	0	0	0	0	0	0	0	0	0	0	0	0	0	0	6	0	0	0	39	0	6	2
275	265	26	27	6	255	8	6	0	26	27	6	3	18	0	0	59	54	18	2	245	8	0	0	8	6	0	3	0	0	0	25	12	0	0	26	27	6	0	0	0	0	2	0	6	0	3	18	0	0	59	54	18	2	235	8	0	0	8	0	0	3	0	0	0	25	0	0	0	8	6	0	0	0	0	0	0	0	0	0	3	0	0	0	25	12	0	0	26	27	6	0	0	0	0	2	0	0	0	0	0	0	0	2	0	6	0	3	18	0	0	59	54	18	2	225	8	0	0	8	0	0	3	0	0	0	25	0	0	0	8	0	0	0	0	0	0	0	0	0	0	3	0	0	0	25	0	0	0	8	6	0	0	0	0	0	0	0	0	0	0	0	0	0	0	0	0	0	3	0	0	0	25	12	0	0	26	27	6	0	0	0	0	1	0	0	0	0	0	0	0	2	0	0	0	0	0	0	0	2	0	6	0	3	18	0	0	59	54	18	2
248	239	27	20	2	230	8	0	0	27	20	2	6	0	0	0	61	50	8	0	221	7	0	0	8	0	0	3	0	0	0	24	0	0	0	27	20	2	0	0	0	0	0	0	0	0	6	0	0	0	61	50	8	0	212	7	0	0	7	0	0	3	0	0	0	22	0	0	0	8	0	0	0	0	0	0	0	0	0	0	3	0	0	0	24	0	0	0	27	20	2	0	0	0	0	2	0	0	0	0	0	0	0	0	0	0	0	6	0	0	0	61	50	8	0	203	7	0	0	7	0	0	3	0	0	0	22	0	0	0	7	0	0	0	0	0	0	0	0	0	0	3	0	0	0	22	0	0	0	8	0	0	0	0	0	0	0	0	0	0	0	0	0	0	0	0	0	0	3	0	0	0	24	0	0	0	27	20	2	0	0	0	0	2	0	0	0	0	0	0	0	2	0	0	0	0	0	0	0	0	0	0	0	6	0	0	0	61	50	8	0
428	412	66	48	63	396	35	0	58	66	48	63	32	0	91	0	151	120	252	2	380	30	0	58	35	0	58	20	0	91	0	79	0	232	0	66	48	63	7	0	49	0	15	0	0	0	32	0	91	0	151	120	252	2	364	29	0	57	30	0	58	20	0	91	0	72	0	232	0	35	0	58	3	0	49	0	7	0	0	0	20	0	91	0	79	0	232	0	66	48	63	18	0	0	4	19	12	0	0	7	0	49	0	15	0	0	0	32	0	91	0	151	120	252	2	348	27	0	33	29	0	57	19	0	91	0	71	0	228	0	30	0	58	2	0	49	0	3	0	0	0	20	0	91	0	72	0	232	0	35	0	58	10	0	0	0	12	0	0	0	3	0	49	0	7	0	0	0	20	0	91	0	79	0	232	0	66	48	63	44	0	9	29	23	12	0	112	18	0	0	4	19	12	0	0	7	0	49	0	15	0	0	0	32	0	91	0	151	120	252	2
374	360	59	40	40	346	32	0	22	59	40	40	29	0	52	0	144	100	160	22	332	29	0	22	32	0	22	21	0	46	0	81	0	88	0	59	40	40	6	0	29	0	13	0	0	0	29	0	52	0	144	100	160	22	318	28	0	21	29	0	22	21	0	46	0	77	0	88	0	32	0	22	2	0	29	0	5	0	0	0	21	0	46	0	81	0	88	0	59	40	40	12	0	0	4	15	10	0	0	6	0	29	0	13	0	0	0	29	0	52	0	144	100	160	22	304	27	0	16	28	0	21	20	0	46	0	76	0	84	0	29	0	22	2	0	29	0	3	0	0	0	21	0	46	0	77	0	88	0	32	0	22	8	0	0	0	9	0	0	0	2	0	29	0	5	0	0	0	21	0	46	0	81	0	88	0	59	40	40	34	0	0	11	17	10	0	10	12	0	0	4	15	10	0	0	6	0	29	0	13	0	0	0	29	0	52	0	144	100	160	22
580	556	126	211	58	532	70	155	58	126	211	58	69	114	91	0	260	541	290	0	508	65	155	58	70	155	58	53	114	91	0	142	375	290	0	126	211	58	32	0	38	0	50	15	0	0	69	114	91	0	260	541	290	0	484	59	147	57	65	155	58	52	114	91	0	132	375	290	0	70	155	58	17	0	38	0	17	15	0	0	53	114	91	0	142	375	290	0	126	211	58	47	120	0	4	47	97	0	0	32	0	38	0	50	15	0	0	69	114	91	0	260	541	290	0	460	45	115	22	59	147	57	43	90	91	0	121	347	285	0	65	155	58	14	0	38	0	13	15	0	0	52	114	91	0	132	375	290	0	70	155	58	23	120	0	0	26	83	0	0	17	0	38	0	17	15	0	0	53	114	91	0	142	375	290	0	126	211	58	53	380	20	29	42	175	0	223	47	120	0	4	47	97	0	0	32	0	38	0	50	15	0	0	69	114	91	0	260	541	290	0
270	260	24	0	46	250	13	0	10	24	0	46	9	0	6	5	61	0	0	63	240	13	0	9	13	0	10	9	0	0	4	36	0	0	12	24	0	46	0	0	0	4	0	0	0	0	9	0	6	5	61	0	0	63	230	13	0	4	13	0	9	9	0	0	0	36	0	0	0	13	0	10	0	0	0	0	0	0	0	0	9	0	0	4	36	0	0	12	24	0	46	0	0	0	4	2	0	0	6	0	0	0	4	0	0	0	0	9	0	6	5	61	0	0	63	220	13	0	0	13	0	4	9	0	0	0	36	0	0	0	13	0	9	0	0	0	0	0	0	0	0	9	0	0	0	36	0	0	0	13	0	10	0	0	0	0	0	0	0	0	0	0	0	0	0	0	0	0	9	0	0	4	36	0	0	12	24	0	46	0	0	0	0	2	0	0	10	0	0	0	4	2	0	0	6	0	0	0	4	0	0	0	0	9	0	6	5	61	0	0	63
352	338	47	51	34	324	21	33	5	47	51	34	18	0	6	0	124	126	68	57	310	21	33	5	21	33	5	18	0	0	0	58	99	10	12	47	51	34	2	0	0	0	4	0	0	0	18	0	6	0	124	126	68	57	296	21	33	4	21	33	5	18	0	0	0	58	99	10	0	21	33	5	2	0	0	0	2	0	0	0	18	0	0	0	58	99	10	12	47	51	34	8	0	0	4	16	0	0	0	2	0	0	0	4	0	0	0	18	0	6	0	124	126	68	57	282	21	33	0	21	33	4	18	0	0	0	58	99	8	0	21	33	5	2	0	0	0	2	0	0	0	18	0	0	0	58	99	10	0	21	33	5	8	0	0	0	7	0	0	0	2	0	0	0	2	0	0	0	18	0	0	0	58	99	10	12	47	51	34	32	0	0	0	16	0	0	10	8	0	0	4	16	0	0	0	2	0	0	0	4	0	0	0	18	0	6	0	124	126	68	57
380	365	56	38	84	350	33	14	32	56	38	84	27	0	49	87	119	78	168	195	335	31	14	26	33	14	32	23	0	38	69	74	42	64	143	56	38	84	9	0	0	0	24	24	0	6	27	0	49	87	119	78	168	195	320	28	14	26	31	14	26	21	0	38	69	73	42	52	143	33	14	32	2	0	0	0	4	0	0	0	23	0	38	69	74	42	64	143	56	38	84	14	0	11	0	15	12	0	0	9	0	0	0	24	24	0	6	27	0	49	87	119	78	168	195	305	21	14	26	28	14	26	18	0	38	69	70	42	52	139	31	14	26	2	0	0	0	4	0	0	0	21	0	38	69	73	42	52	143	33	14	32	8	0	9	0	10	0	0	0	2	0	0	0	4	0	0	0	23	0	38	69	74	42	64	143	56	38	84	16	0	62	0	22	0	0	0	14	0	11	0	15	12	0	0	9	0	0	0	24	24	0	6	27	0	49	87	119	78	168	195
335	322	59	30	66	309	37	0	26	59	30	66	36	0	49	69	118	60	198	161	296	34	0	26	37	0	26	29	0	38	69	80	0	78	138	59	30	66	11	0	0	0	17	30	0	0	36	0	49	69	118	60	198	161	283	31	0	26	34	0	26	27	0	38	69	78	0	78	138	37	0	26	4	0	0	0	5	0	0	0	29	0	38	69	80	0	78	138	59	30	66	14	0	11	0	15	10	0	0	11	0	0	0	17	30	0	0	36	0	49	69	118	60	198	161	270	24	0	26	31	0	26	24	0	38	69	75	0	78	135	34	0	26	4	0	0	0	5	0	0	0	27	0	38	69	78	0	78	138	37	0	26	8	0	9	0	10	0	0	0	4	0	0	0	5	0	0	0	29	0	38	69	80	0	78	138	59	30	66	16	0	62	0	22	0	0	0	14	0	11	0	15	10	0	0	11	0	0	0	17	30	0	0	36	0	49	69	118	60	198	161
432	414	88	110	58	396	55	71	21	88	110	58	57	43	41	54	174	233	232	161	378	51	67	21	55	71	21	48	43	33	54	115	148	84	138	88	110	58	29	36	0	0	43	44	0	0	57	43	41	54	174	233	232	161	360	48	54	21	51	67	21	46	39	33	54	113	144	84	138	55	71	21	22	0	0	0	16	15	0	0	48	43	33	54	115	148	84	138	88	110	58	22	36	11	0	17	24	58	0	29	36	0	0	43	44	0	0	57	43	41	54	174	233	232	161	342	39	43	21	48	54	21	44	30	33	54	109	135	84	135	51	67	21	22	0	0	0	16	15	0	0	46	39	33	54	113	144	84	138	55	71	21	20	0	9	0	12	15	21	0	22	0	0	0	16	15	0	0	48	43	33	54	115	148	84	138	88	110	58	23	28	62	0	29	42	58	0	22	36	11	0	17	24	58	0	29	36	0	0	43	44	0	0	57	43	41	54	174	233	232	161
316	303	64	53	19	290	33	22	9	64	53	19	35	11	27	0	123	135	95	58	277	29	22	9	33	22	9	26	11	27	0	72	55	45	58	64	53	19	10	0	0	0	19	30	0	0	35	11	27	0	123	135	95	58	264	27	22	9	29	22	9	24	11	27	0	70	55	45	58	33	22	9	4	0	0	0	4	11	0	0	26	11	27	0	72	55	45	58	64	53	19	12	0	0	0	11	6	0	0	10	0	0	0	19	30	0	0	35	11	27	0	123	135	95	58	251	22	22	9	27	22	9	23	11	27	0	69	55	45	57	29	22	9	4	0	0	0	4	11	0	0	24	11	27	0	70	55	45	58	33	22	9	8	0	0	0	8	0	0	0	4	0	0	0	4	11	0	0	26	11	27	0	72	55	45	58	64	53	19	14	0	40	0	17	0	0	0	12	0	0	0	11	6	0	0	10	0	0	0	19	30	0	0	35	11	27	0	123	135	95	58
394	377	63	87	63	360	28	68	18	63	87	63	14	105	11	36	144	245	63	195	343	27	66	18	28	68	18	12	99	9	36	60	213	18	143	63	87	63	10	22	0	0	32	16	0	0	14	105	11	36	144	245	63	195	326	23	66	18	27	66	18	12	99	9	36	60	209	18	143	28	68	18	0	22	0	0	3	13	0	0	12	99	9	36	60	213	18	143	63	87	63	14	0	11	0	18	26	0	0	10	22	0	0	32	16	0	0	14	105	11	36	144	245	63	195	309	16	66	18	23	66	18	9	99	9	36	53	209	18	139	27	66	18	0	22	0	0	3	11	0	0	12	99	9	36	60	209	18	143	28	68	18	8	0	9	0	8	22	0	0	0	22	0	0	3	13	0	0	12	99	9	36	60	213	18	143	63	87	63	16	0	62	0	21	0	0	0	14	0	11	0	18	26	0	0	10	22	0	0	32	16	0	0	14	105	11	36	144	245	63	195
507	486	70	103	140	465	50	67	96	70	103	140	49	94	34	89	105	107	280	227	444	43	35	91	50	67	96	42	30	34	72	90	75	192	88	70	103	140	21	30	64	54	15	0	280	0	49	94	34	89	105	107	280	227	423	39	20	91	43	35	91	35	0	34	72	83	60	182	82	50	67	96	20	0	51	54	15	0	192	0	42	30	34	72	90	75	192	88	70	103	140	12	0	49	0	6	0	140	0	21	30	64	54	15	0	280	0	49	94	34	89	105	107	280	227	402	36	20	91	39	20	91	35	0	34	72	83	60	182	82	43	35	91	20	0	49	54	15	0	182	0	35	0	34	72	83	60	182	82	50	67	96	12	0	32	0	6	0	96	0	20	0	51	54	15	0	192	0	42	30	34	72	90	75	192	88	70	103	140	13	0	0	0	21	57	0	0	12	0	49	0	6	0	140	0	21	30	64	54	15	0	280	0	49	94	34	89	105	107	280	227
424	407	43	16	132	390	27	0	79	43	16	132	29	0	24	70	72	32	132	290	373	23	0	72	27	0	79	22	0	24	55	59	0	79	106	43	16	132	6	0	9	62	4	0	0	0	29	0	24	70	72	32	132	290	356	21	0	72	23	0	72	19	0	24	55	56	0	72	100	27	0	79	4	0	0	62	4	0	0	0	22	0	24	55	59	0	79	106	43	16	132	0	0	9	0	3	0	0	0	6	0	9	62	4	0	0	0	29	0	24	70	72	32	132	290	339	21	0	72	21	0	72	19	0	24	55	56	0	72	100	23	0	72	4	0	0	62	4	0	0	0	19	0	24	55	56	0	72	100	27	0	79	0	0	0	0	3	0	0	0	4	0	0	62	4	0	0	0	22	0	24	55	59	0	79	106	43	16	132	2	0	0	0	6	0	0	0	0	0	9	0	3	0	0	0	6	0	9	62	4	0	0	0	29	0	24	70	72	32	132	290
263	252	38	31	25	241	23	10	9	38	31	25	22	0	0	9	48	44	75	77	230	19	10	9	23	10	9	15	0	0	9	38	30	27	30	38	31	25	4	0	9	0	3	0	0	0	22	0	0	9	48	44	75	77	219	17	10	9	19	10	9	12	0	0	9	35	30	27	30	23	10	9	2	0	0	0	3	0	0	0	15	0	0	9	38	30	27	30	38	31	25	0	0	9	0	1	0	0	0	4	0	9	0	3	0	0	0	22	0	0	9	48	44	75	77	208	17	10	9	17	10	9	12	0	0	9	35	30	27	30	19	10	9	2	0	0	0	3	0	0	0	12	0	0	9	35	30	27	30	23	10	9	0	0	0	0	1	0	0	0	2	0	0	0	3	0	0	0	15	0	0	9	38	30	27	30	38	31	25	2	0	0	0	6	0	0	0	0	0	9	0	1	0	0	0	4	0	9	0	3	0	0	0	22	0	0	9	48	44	75	77
346	332	34	40	59	318	20	0	52	34	40	59	19	0	24	9	43	30	236	19	304	17	0	52	20	0	52	12	0	24	9	31	0	208	9	34	40	59	4	0	0	0	2	0	0	0	19	0	24	9	43	30	236	19	290	16	0	52	17	0	52	10	0	24	9	29	0	208	9	20	0	52	2	0	0	0	2	0	0	0	12	0	24	9	31	0	208	9	34	40	59	0	0	0	0	0	0	0	0	4	0	0	0	2	0	0	0	19	0	24	9	43	30	236	19	276	16	0	52	16	0	52	10	0	24	9	29	0	208	9	17	0	52	2	0	0	0	2	0	0	0	10	0	24	9	29	0	208	9	20	0	52	0	0	0	0	0	0	0	0	2	0	0	0	2	0	0	0	12	0	24	9	31	0	208	9	34	40	59	0	0	0	0	3	0	0	0	0	0	0	0	0	0	0	0	4	0	0	0	2	0	0	0	19	0	24	9	43	30	236	19
351	335	51	94	25	319	27	64	0	51	94	25	21	91	0	0	71	153	75	143	303	23	55	0	27	64	0	15	66	0	0	43	128	0	56	51	94	25	10	22	9	0	8	11	25	0	21	91	0	0	71	153	75	143	287	21	55	0	23	55	0	12	66	0	0	41	121	0	56	27	64	0	8	22	0	0	8	11	0	0	15	66	0	0	43	128	0	56	51	94	25	0	0	9	0	1	0	0	0	10	22	9	0	8	11	25	0	21	91	0	0	71	153	75	143	271	21	55	0	21	55	0	12	66	0	0	41	121	0	56	23	55	0	8	22	0	0	8	11	0	0	12	66	0	0	41	121	0	56	27	64	0	0	0	0	0	1	0	0	0	8	22	0	0	8	11	0	0	15	66	0	0	43	128	0	56	51	94	25	2	0	0	0	9	0	0	0	0	0	9	0	1	0	0	0	10	22	9	0	8	11	25	0	21	91	0	0	71	153	75	143
365	349	39	53	94	333	24	28	35	39	53	94	21	14	94	46	43	54	188	381	317	22	28	35	24	28	35	15	14	53	46	38	42	70	236	39	53	94	10	0	26	0	7	0	0	0	21	14	94	46	43	54	188	381	301	22	28	35	22	28	35	15	14	53	46	38	42	70	224	24	28	35	10	0	10	0	7	0	0	0	15	14	53	46	38	42	70	236	39	53	94	0	0	0	0	0	0	0	0	10	0	26	0	7	0	0	0	21	14	94	46	43	54	188	381	285	22	28	35	22	28	35	15	14	53	46	38	42	70	224	22	28	35	10	0	10	0	7	0	0	0	15	14	53	46	38	42	70	224	24	28	35	0	0	0	0	0	0	0	0	10	0	10	0	7	0	0	0	15	14	53	46	38	42	70	236	39	53	94	0	0	0	0	9	0	0	0	0	0	0	0	0	0	0	0	10	0	26	0	7	0	0	0	21	14	94	46	43	54	188	381
206	197	13	15	38	188	8	8	25	13	15	38	4	0	13	36	11	0	38	59	179	8	8	25	8	8	25	4	0	13	36	10	0	25	52	13	15	38	0	0	0	0	0	0	0	0	4	0	13	36	11	0	38	59	170	8	8	25	8	8	25	4	0	13	36	10	0	25	52	8	8	25	0	0	0	0	0	0	0	0	4	0	13	36	10	0	25	52	13	15	38	0	0	0	0	0	0	0	0	0	0	0	0	0	0	0	0	4	0	13	36	11	0	38	59	161	8	8	25	8	8	25	4	0	13	36	10	0	25	52	8	8	25	0	0	0	0	0	0	0	0	4	0	13	36	10	0	25	52	8	8	25	0	0	0	0	0	0	0	0	0	0	0	0	0	0	0	0	4	0	13	36	10	0	25	52	13	15	38	0	0	0	0	0	0	0	0	0	0	0	0	0	0	0	0	0	0	0	0	0	0	0	0	4	0	13	36	11	0	38	59
166	159	14	10	24	152	7	0	24	14	10	24	2	0	46	0	7	0	48	0	145	7	0	24	7	0	24	2	0	46	0	6	0	48	0	14	10	24	0	0	0	0	0	0	0	0	2	0	46	0	7	0	48	0	138	7	0	24	7	0	24	2	0	46	0	6	0	48	0	7	0	24	0	0	0	0	0	0	0	0	2	0	46	0	6	0	48	0	14	10	24	0	0	0	0	0	0	0	0	0	0	0	0	0	0	0	0	2	0	46	0	7	0	48	0	131	7	0	24	7	0	24	2	0	46	0	6	0	48	0	7	0	24	0	0	0	0	0	0	0	0	2	0	46	0	6	0	48	0	7	0	24	0	0	0	0	0	0	0	0	0	0	0	0	0	0	0	0	2	0	46	0	6	0	48	0	14	10	24	0	0	0	0	0	0	0	0	0	0	0	0	0	0	0	0	0	0	0	0	0	0	0	0	2	0	46	0	7	0	48	0
215	205	22	23	39	195	12	21	0	22	23	39	9	14	37	0	23	28	0	249	185	11	21	0	12	21	0	7	14	0	0	20	28	0	157	22	23	39	2	0	15	0	1	0	0	0	9	14	37	0	23	28	0	249	175	11	21	0	11	21	0	7	14	0	0	20	28	0	152	12	21	0	2	0	0	0	1	0	0	0	7	14	0	0	20	28	0	157	22	23	39	0	0	0	0	0	0	0	0	2	0	15	0	1	0	0	0	9	14	37	0	23	28	0	249	165	11	21	0	11	21	0	7	14	0	0	20	28	0	152	11	21	0	2	0	0	0	1	0	0	0	7	14	0	0	20	28	0	152	12	21	0	0	0	0	0	0	0	0	0	2	0	0	0	1	0	0	0	7	14	0	0	20	28	0	157	22	23	39	0	0	0	0	3	0	0	0	0	0	0	0	0	0	0	0	2	0	15	0	1	0	0	0	9	14	37	0	23	28	0	249
183	175	18	7	24	167	12	7	0	18	7	24	9	0	7	0	23	0	0	109	159	12	7	0	12	7	0	9	0	0	0	21	0	0	61	18	7	24	2	0	0	0	1	0	0	0	9	0	7	0	23	0	0	109	151	12	7	0	12	7	0	9	0	0	0	21	0	0	61	12	7	0	2	0	0	0	1	0	0	0	9	0	0	0	21	0	0	61	18	7	24	0	0	0	0	0	0	0	0	2	0	0	0	1	0	0	0	9	0	7	0	23	0	0	109	143	12	7	0	12	7	0	9	0	0	0	21	0	0	61	12	7	0	2	0	0	0	1	0	0	0	9	0	0	0	21	0	0	61	12	7	0	0	0	0	0	0	0	0	0	2	0	0	0	1	0	0	0	9	0	0	0	21	0	0	61	18	7	24	0	0	0	0	0	0	0	0	0	0	0	0	0	0	0	0	2	0	0	0	1	0	0	0	9	0	7	0	23	0	0	109
245	234	21	10	72	223	20	10	66	21	10	72	10	0	0	11	33	0	0	24	212	20	10	66	20	10	66	10	0	0	11	33	0	0	24	21	10	72	8	0	0	0	6	0	0	0	10	0	0	11	33	0	0	24	201	20	10	66	20	10	66	10	0	0	11	33	0	0	24	20	10	66	8	0	0	0	6	0	0	0	10	0	0	11	33	0	0	24	21	10	72	0	0	0	0	0	0	0	0	8	0	0	0	6	0	0	0	10	0	0	11	33	0	0	24	190	20	10	66	20	10	66	10	0	0	11	33	0	0	24	20	10	66	8	0	0	0	6	0	0	0	10	0	0	11	33	0	0	24	20	10	66	0	0	0	0	0	0	0	0	8	0	0	0	6	0	0	0	10	0	0	11	33	0	0	24	21	10	72	0	0	0	0	3	0	0	0	0	0	0	0	0	0	0	0	8	0	0	0	6	0	0	0	10	0	0	11	33	0	0	24
277	263	45	52	62	249	32	49	60	45	52	62	23	27	40	22	67	76	0	0	235	32	49	59	32	49	60	23	27	39	21	65	75	0	0	45	52	62	13	0	0	10	8	0	0	0	23	27	40	22	67	76	0	0	221	32	49	59	32	49	59	23	27	38	21	65	75	0	0	32	49	60	13	0	0	10	8	0	0	0	23	27	39	21	65	75	0	0	45	52	62	1	0	0	0	8	0	0	0	13	0	0	10	8	0	0	0	23	27	40	22	67	76	0	0	207	32	49	59	32	49	59	23	27	38	21	65	75	0	0	32	49	59	13	0	0	10	8	0	0	0	23	27	38	21	65	75	0	0	32	49	60	1	0	0	0	6	0	0	0	13	0	0	10	8	0	0	0	23	27	39	21	65	75	0	0	45	52	62	2	0	0	0	18	0	0	0	1	0	0	0	8	0	0	0	13	0	0	10	8	0	0	0	23	27	40	22	67	76	0	0
284	271	24	23	93	258	18	22	62	24	23	93	10	11	29	91	27	33	0	156	245	18	22	46	18	22	62	10	11	26	60	27	33	0	84	24	23	93	8	0	0	10	6	0	0	140	10	11	29	91	27	33	0	156	232	18	22	46	18	22	46	10	11	10	60	27	33	0	84	18	22	62	8	0	0	10	6	0	0	96	10	11	26	60	27	33	0	84	24	23	93	0	0	0	0	0	0	0	0	8	0	0	10	6	0	0	140	10	11	29	91	27	33	0	156	219	18	22	46	18	22	46	10	11	10	60	27	33	0	84	18	22	46	8	0	0	10	6	0	0	91	10	11	10	60	27	33	0	84	18	22	62	0	0	0	0	0	0	0	0	8	0	0	10	6	0	0	96	10	11	26	60	27	33	0	84	24	23	93	0	0	0	0	9	0	0	0	0	0	0	0	0	0	0	0	8	0	0	10	6	0	0	140	10	11	29	91	27	33	0	156
394	374	82	128	90	354	61	111	72	82	128	90	68	80	70	62	129	204	90	94	334	55	103	45	61	111	72	51	72	67	10	112	195	72	35	82	128	90	17	96	0	46	10	72	0	165	68	80	70	62	129	204	90	94	314	55	103	36	55	103	45	51	72	47	10	109	189	45	35	61	111	72	17	96	0	10	10	72	0	96	51	72	67	10	112	195	72	35	82	128	90	13	0	0	0	12	0	0	58	17	96	0	46	10	72	0	165	68	80	70	62	129	204	90	94	294	52	103	36	55	103	36	51	72	38	10	109	189	36	35	55	103	45	17	96	0	10	10	72	0	91	51	72	47	10	109	189	45	35	61	111	72	13	0	0	0	10	0	0	21	17	96	0	10	10	72	0	96	51	72	67	10	112	195	72	35	82	128	90	13	0	0	0	29	33	0	0	13	0	0	0	12	0	0	58	17	96	0	46	10	72	0	165	68	80	70	62	129	204	90	94
260	246	79	72	54	232	61	56	53	79	72	54	63	36	84	11	129	123	108	0	218	61	56	51	61	56	53	63	36	83	10	113	120	106	0	79	72	54	40	0	0	25	22	0	0	0	63	36	84	11	129	123	108	0	204	58	56	47	61	56	51	63	36	80	10	113	120	102	0	61	56	53	30	0	0	21	20	0	0	0	63	36	83	10	113	120	106	0	79	72	54	21	0	0	44	20	30	0	0	40	0	0	25	22	0	0	0	63	36	84	11	129	123	108	0	190	52	55	44	58	56	47	61	36	72	10	111	120	94	0	61	56	51	30	0	0	19	20	0	0	0	63	36	80	10	113	120	102	0	61	56	53	21	0	0	36	17	24	0	0	30	0	0	21	20	0	0	0	63	36	83	10	113	120	106	0	79	72	54	23	11	0	29	32	41	0	0	21	0	0	44	20	30	0	0	40	0	0	25	22	0	0	0	63	36	84	11	129	123	108	0
392	371	115	150	105	350	92	139	94	115	150	105	89	154	0	70	208	259	0	54	329	87	137	94	92	139	94	81	148	0	70	174	249	0	53	115	150	105	46	28	0	0	40	76	0	0	89	154	0	70	208	259	0	54	308	76	121	93	87	137	94	72	148	0	69	160	247	0	51	92	139	94	22	28	0	0	19	64	0	0	81	148	0	70	174	249	0	53	115	150	105	58	67	30	15	47	118	105	0	46	28	0	0	40	76	0	0	89	154	0	70	208	259	0	54	287	58	88	84	76	121	93	56	114	0	65	141	214	0	47	87	137	94	20	28	0	0	19	56	0	0	72	148	0	69	160	247	0	51	92	139	94	38	60	30	11	35	108	94	0	22	28	0	0	19	64	0	0	81	148	0	70	174	249	0	53	115	150	105	38	142	62	94	38	80	210	0	58	67	30	15	47	118	105	0	46	28	0	0	40	76	0	0	89	154	0	70	208	259	0	54
396	375	119	157	115	354	93	141	87	119	157	115	90	212	0	153	211	296	0	144	333	87	131	84	93	141	87	73	196	0	145	164	270	0	125	119	157	115	32	127	0	41	45	78	0	0	90	212	0	153	211	296	0	144	312	80	119	63	87	131	84	73	178	0	106	161	254	0	96	93	141	87	20	109	0	10	16	60	0	0	73	196	0	145	164	270	0	125	119	157	115	51	138	30	61	33	38	0	140	32	127	0	41	45	78	0	0	90	212	0	153	211	296	0	144	291	61	80	45	80	119	63	55	160	0	93	145	243	0	83	87	131	84	20	100	0	10	16	60	0	0	73	178	0	106	161	254	0	96	93	141	87	29	120	30	21	27	36	0	96	20	109	0	10	16	60	0	0	73	196	0	145	164	270	0	125	119	157	115	30	90	90	94	19	110	345	58	51	138	30	61	33	38	0	140	32	127	0	41	45	78	0	0	90	212	0	153	211	296	0	144
300	284	114	100	15	268	88	83	15	114	100	15	86	64	0	0	194	147	30	0	252	83	81	15	88	83	15	72	64	0	0	152	134	30	0	114	100	15	38	10	0	0	48	10	0	0	86	64	0	0	194	147	30	0	236	71	64	15	83	81	15	65	56	0	0	137	130	30	0	88	83	15	23	0	0	0	16	0	0	0	72	64	0	0	152	134	30	0	113	100	15	58	72	30	0	42	57	15	0	38	10	0	0	48	10	0	0	86	64	0	0	192	147	30	0	220	54	31	10	71	64	15	49	24	0	0	106	88	30	0	83	81	15	21	0	0	0	16	0	0	0	65	56	0	0	137	130	30	0	87	83	15	36	28	30	0	29	33	15	0	23	0	0	0	16	0	0	0	72	64	0	0	150	134	30	0	113	100	15	37	103	45	50	32	81	60	0	58	72	30	0	42	57	15	0	38	10	0	0	48	10	0	0	86	64	0	0	192	147	30	0
303	287	112	101	15	271	88	78	15	112	101	15	73	42	0	0	191	146	60	0	255	82	68	15	88	78	15	59	20	0	0	151	110	60	0	112	101	15	29	32	0	0	39	16	15	0	73	42	0	0	191	146	60	0	239	69	56	15	82	68	15	51	8	0	0	135	80	60	0	88	78	15	17	8	0	0	15	0	15	0	59	20	0	0	151	110	60	0	109	101	15	52	32	30	0	42	64	15	0	29	32	0	0	38	16	15	0	73	42	0	0	183	146	60	0	223	53	40	10	69	56	15	33	0	0	0	104	48	60	0	82	68	15	17	0	0	0	15	0	15	0	51	8	0	0	135	80	60	0	85	78	15	30	0	30	0	28	42	15	0	17	8	0	0	14	0	15	0	59	20	0	0	143	110	60	0	109	101	15	39	80	45	50	31	80	30	0	52	32	30	0	42	64	15	0	29	32	0	0	38	16	15	0	73	42	0	0	183	146	60	0
284	267	104	117	0	250	77	92	0	104	117	0	65	69	0	0	168	161	0	0	233	68	84	0	77	92	0	42	45	0	0	133	113	0	0	104	117	0	28	36	0	0	35	37	0	0	65	69	0	0	168	161	0	0	216	57	84	0	68	84	0	27	45	0	0	111	105	0	0	77	92	0	10	36	0	0	14	27	0	0	42	45	0	0	133	113	0	0	101	117	0	42	0	0	0	32	46	0	0	28	36	0	0	34	37	0	0	65	69	0	0	160	161	0	0	199	47	84	0	57	84	0	17	45	0	0	88	105	0	0	68	84	0	8	36	0	0	14	27	0	0	27	45	0	0	111	105	0	0	74	92	0	22	0	0	0	17	36	0	0	10	36	0	0	13	27	0	0	42	45	0	0	125	113	0	0	101	117	0	42	0	0	0	31	36	0	0	42	0	0	0	32	46	0	0	28	36	0	0	34	37	0	0	65	69	0	0	160	161	0	0
253	240	78	53	11	227	54	47	0	78	53	11	33	42	8	0	136	121	0	30	214	49	33	0	54	47	0	25	42	0	0	85	105	0	30	78	53	11	20	0	9	0	23	0	22	0	33	42	8	0	136	121	0	30	201	39	12	0	49	33	0	17	0	0	0	73	56	0	30	54	47	0	10	0	0	0	12	0	0	0	25	42	0	0	85	105	0	30	75	53	11	16	0	28	0	18	18	33	0	20	0	9	0	22	0	22	0	33	42	8	0	128	121	0	30	188	37	9	0	39	12	0	15	0	0	0	45	0	0	30	49	33	0	10	0	0	0	12	0	0	0	17	0	0	0	73	56	0	30	51	47	0	6	0	0	0	15	14	0	0	10	0	0	0	11	0	0	0	25	42	0	0	77	105	0	30	75	53	11	26	27	0	0	25	18	0	0	16	0	28	0	18	18	33	0	20	0	9	0	22	0	22	0	33	42	8	0	128	121	0	30
189	178	71	34	11	167	55	34	0	71	34	11	39	0	8	0	124	55	0	30	156	48	34	0	55	34	0	31	0	0	0	91	55	0	30	69	34	11	19	0	9	0	20	0	0	0	39	0	8	0	122	55	0	30	146	37	27	0	48	34	0	17	0	0	0	72	55	0	30	55	34	0	10	0	0	0	12	0	0	0	31	0	0	0	91	55	0	30	67	24	11	16	0	28	0	16	7	11	0	19	0	9	0	19	0	0	0	39	0	8	0	116	35	0	30	136	35	25	0	37	27	0	15	0	0	0	43	20	0	30	48	34	0	10	0	0	0	12	0	0	0	17	0	0	0	72	55	0	30	53	24	0	6	0	0	0	16	7	0	0	10	0	0	0	11	0	0	0	31	0	0	0	85	35	0	30	67	24	11	27	16	0	0	25	14	0	0	16	0	28	0	16	7	11	0	19	0	9	0	19	0	0	0	39	0	8	0	116	35	0	30
236	224	68	49	6	212	50	31	0	68	49	6	25	40	8	0	127	85	12	15	200	46	17	0	50	31	0	21	12	0	0	95	49	0	15	68	49	6	14	12	4	0	21	0	12	0	25	40	8	0	127	85	12	15	188	38	11	0	46	17	0	13	0	0	0	83	17	0	15	50	31	0	10	0	0	0	16	0	0	0	21	12	0	0	95	49	0	15	65	49	6	22	0	8	0	19	21	6	0	14	12	4	0	20	0	12	0	25	40	8	0	119	85	12	15	176	34	10	0	38	11	0	9	0	0	0	61	11	0	15	46	17	0	10	0	0	0	16	0	0	0	13	0	0	0	83	17	0	15	47	31	0	18	0	0	0	15	19	0	0	10	0	0	0	15	0	0	0	21	12	0	0	87	49	0	15	65	49	6	19	10	0	0	18	44	0	0	22	0	8	0	19	21	6	0	14	12	4	0	20	0	12	0	25	40	8	0	119	85	12	15
199	184	73	87	6	169	51	78	0	72	87	6	58	29	8	0	136	163	6	15	154	40	72	0	50	78	0	30	27	0	0	103	156	0	15	66	87	6	10	62	4	0	19	57	0	0	54	29	8	0	128	163	6	15	141	33	70	0	40	72	0	20	27	0	0	76	138	0	15	50	78	0	6	58	0	0	18	53	0	0	30	27	0	0	103	156	0	15	61	61	6	0	20	8	0	15	0	0	0	10	62	4	0	17	44	0	0	54	29	8	0	116	85	6	15	128	33	68	0	33	70	0	20	27	0	0	56	132	0	15	40	72	0	6	54	0	0	16	47	0	0	20	27	0	0	76	138	0	15	45	52	0	0	18	0	0	15	0	0	0	6	58	0	0	16	40	0	0	30	27	0	0	91	78	0	15	55	61	6	14	18	0	0	20	0	0	0	0	20	8	0	15	0	0	0	10	62	4	0	17	44	0	0	38	29	8	0	109	85	6	15
194	183	58	41	2	172	40	23	0	58	41	2	38	15	4	0	111	98	6	0	161	32	18	0	40	23	0	18	0	0	0	81	69	0	0	58	41	2	12	0	0	0	13	36	2	0	38	15	4	0	111	98	6	0	150	27	18	0	32	18	0	10	0	0	0	59	54	0	0	40	23	0	10	0	0	0	13	36	0	0	18	0	0	0	81	69	0	0	51	41	2	2	0	0	0	10	0	0	0	12	0	0	0	10	36	2	0	38	15	4	0	93	98	6	0	139	27	18	0	27	18	0	10	0	0	0	45	54	0	0	32	18	0	10	0	0	0	11	36	0	0	10	0	0	0	59	54	0	0	33	23	0	2	0	0	0	9	0	0	0	10	0	0	0	10	36	0	0	18	0	0	0	63	69	0	0	45	41	2	8	0	0	0	12	0	0	0	2	0	0	0	10	0	0	0	12	0	0	0	10	36	2	0	22	15	4	0	86	98	6	0
349	331	53	69	59	313	24	17	39	53	69	59	11	0	70	26	91	185	236	8	295	21	17	33	24	17	39	7	0	49	0	44	68	156	0	53	69	59	4	0	22	0	10	0	0	15	11	0	70	26	91	185	236	8	277	21	17	33	21	17	33	7	0	45	0	37	68	132	0	24	17	39	4	0	8	0	10	0	0	15	7	0	49	0	44	68	156	0	53	69	59	0	0	0	0	14	0	0	0	4	0	22	0	10	0	0	15	11	0	70	26	91	185	236	8	259	21	17	33	21	17	33	7	0	45	0	37	68	132	0	21	17	33	4	0	0	0	10	0	0	15	7	0	45	0	37	68	132	0	24	17	39	0	0	0	0	10	0	0	0	4	0	8	0	10	0	0	15	7	0	49	0	44	68	156	0	53	69	59	9	0	0	0	15	0	0	0	0	0	0	0	14	0	0	0	4	0	22	0	10	0	0	15	11	0	70	26	91	185	236	8
211	200	23	26	25	189	6	10	25	23	26	25	2	0	21	0	41	56	50	0	178	6	10	25	6	10	25	2	0	21	0	17	40	50	0	23	26	25	0	0	0	0	3	0	0	0	2	0	21	0	41	56	50	0	167	6	10	25	6	10	25	2	0	21	0	17	40	50	0	6	10	25	0	0	0	0	3	0	0	0	2	0	21	0	17	40	50	0	23	26	25	0	0	0	0	1	0	0	0	0	0	0	0	3	0	0	0	2	0	21	0	41	56	50	0	156	6	10	25	6	10	25	2	0	21	0	17	40	50	0	6	10	25	0	0	0	0	3	0	0	0	2	0	21	0	17	40	50	0	6	10	25	0	0	0	0	0	0	0	0	0	0	0	0	3	0	0	0	2	0	21	0	17	40	50	0	23	26	25	0	0	0	0	0	0	0	0	0	0	0	0	1	0	0	0	0	0	0	0	3	0	0	0	2	0	21	0	41	56	50	0
256	243	30	36	40	230	7	0	40	30	36	40	2	0	71	0	64	81	160	0	217	7	0	40	7	0	40	2	0	71	0	21	0	160	0	30	36	40	0	0	0	0	3	0	0	0	2	0	71	0	64	81	160	0	204	7	0	40	7	0	40	2	0	71	0	21	0	160	0	7	0	40	0	0	0	0	3	0	0	0	2	0	71	0	21	0	160	0	30	36	40	0	0	0	0	4	0	0	0	0	0	0	0	3	0	0	0	2	0	71	0	64	81	160	0	191	7	0	40	7	0	40	2	0	71	0	21	0	160	0	7	0	40	0	0	0	0	3	0	0	0	2	0	71	0	21	0	160	0	7	0	40	0	0	0	0	0	0	0	0	0	0	0	0	3	0	0	0	2	0	71	0	21	0	160	0	30	36	40	0	0	0	0	0	0	0	0	0	0	0	0	4	0	0	0	0	0	0	0	3	0	0	0	2	0	71	0	64	81	160	0
190	179	55	27	24	168	33	26	2	55	27	24	34	8	17	10	103	82	0	14	157	29	26	0	33	26	2	17	8	0	0	69	82	0	0	55	27	24	10	0	6	0	18	30	0	0	34	8	17	10	103	82	0	14	146	29	26	0	29	26	0	17	8	0	0	62	82	0	0	33	26	2	10	0	0	0	18	30	0	0	17	8	0	0	69	82	0	0	50	27	24	2	0	0	0	8	0	0	0	10	0	6	0	16	30	0	0	34	8	17	10	91	82	0	14	135	29	26	0	29	26	0	17	8	0	0	62	82	0	0	29	26	0	10	0	0	0	17	30	0	0	17	8	0	0	62	82	0	0	28	26	2	2	0	0	0	8	0	0	0	10	0	0	0	16	30	0	0	17	8	0	0	57	82	0	0	45	27	24	3	0	0	0	9	0	0	0	2	0	0	0	8	0	0	0	10	0	6	0	16	30	0	0	19	8	17	10	86	82	0	14
125	118	28	11	5	111	13	10	0	28	11	5	9	5	5	0	65	20	0	2	104	13	10	0	13	10	0	9	5	0	0	41	20	0	0	28	11	5	0	0	0	0	12	0	0	0	9	5	5	0	65	20	0	2	97	13	10	0	13	10	0	9	5	0	0	41	20	0	0	13	10	0	0	0	0	0	12	0	0	0	9	5	0	0	41	20	0	0	28	11	5	0	0	0	0	2	0	0	0	0	0	0	0	12	0	0	0	9	5	5	0	65	20	0	2	90	13	10	0	13	10	0	9	5	0	0	41	20	0	0	13	10	0	0	0	0	0	12	0	0	0	9	5	0	0	41	20	0	0	13	10	0	0	0	0	0	2	0	0	0	0	0	0	0	12	0	0	0	9	5	0	0	41	20	0	0	28	11	5	0	0	0	0	1	0	0	0	0	0	0	0	2	0	0	0	0	0	0	0	12	0	0	0	9	5	5	0	65	20	0	2
359	340	46	34	130	321	19	0	91	46	34	130	12	0	133	65	93	51	260	124	302	19	0	79	19	0	91	12	0	129	49	26	0	182	104	46	34	130	3	0	0	26	7	0	0	6	12	0	133	65	93	51	260	124	283	18	0	55	19	0	79	12	0	107	45	26	0	158	98	19	0	91	2	0	0	0	4	0	0	0	12	0	129	49	26	0	182	104	46	34	130	9	0	0	60	25	17	0	135	3	0	0	26	7	0	0	6	12	0	133	65	93	51	260	124	264	15	0	55	18	0	55	12	0	45	45	24	0	110	98	19	0	79	2	0	0	0	4	0	0	0	12	0	107	45	26	0	158	98	19	0	91	1	0	0	60	9	0	0	124	2	0	0	0	4	0	0	0	12	0	129	49	26	0	182	104	46	34	130	30	0	29	0	25	0	0	0	9	0	0	60	25	17	0	135	3	0	0	26	7	0	0	6	12	0	133	65	93	51	260	124
228	216	16	0	84	204	2	0	45	16	0	84	0	0	0	72	42	0	0	124	192	2	0	45	2	0	45	0	0	0	72	8	0	0	104	16	0	84	0	0	0	0	0	0	0	0	0	0	0	72	42	0	0	124	180	2	0	45	2	0	45	0	0	0	72	8	0	0	98	2	0	45	0	0	0	0	0	0	0	0	0	0	0	72	8	0	0	104	16	0	84	0	0	0	0	7	0	0	0	0	0	0	0	0	0	0	0	0	0	0	72	42	0	0	124	168	2	0	45	2	0	45	0	0	0	72	8	0	0	98	2	0	45	0	0	0	0	0	0	0	0	0	0	0	72	8	0	0	98	2	0	45	0	0	0	0	0	0	0	0	0	0	0	0	0	0	0	0	0	0	0	72	8	0	0	104	16	0	84	0	0	0	0	2	0	0	0	0	0	0	0	7	0	0	0	0	0	0	0	0	0	0	0	0	0	0	72	42	0	0	124
262	248	32	40	62	234	6	0	39	32	40	62	3	0	54	10	72	100	248	99	220	5	0	32	6	0	39	0	0	54	10	12	0	156	79	32	40	62	5	0	11	0	19	0	0	11	3	0	54	10	72	100	248	99	206	3	0	32	5	0	32	0	0	33	10	10	0	128	73	6	0	39	0	0	11	0	1	0	0	0	0	0	54	10	12	0	156	79	32	40	62	0	0	0	0	9	20	0	0	5	0	11	0	19	0	0	11	3	0	54	10	72	100	248	99	192	3	0	32	3	0	32	0	0	33	10	6	0	128	73	5	0	32	0	0	11	0	0	0	0	0	0	0	33	10	10	0	128	73	6	0	39	0	0	0	0	0	0	0	0	0	0	11	0	1	0	0	0	0	0	54	10	12	0	156	79	32	40	62	3	0	0	0	4	0	0	0	0	0	0	0	9	20	0	0	5	0	11	0	19	0	0	11	3	0	54	10	72	100	248	99
242	229	39	40	52	216	9	0	51	39	40	52	5	0	90	10	83	120	260	0	203	8	0	51	9	0	51	2	0	90	10	13	0	255	0	39	40	52	10	0	11	0	27	0	0	0	5	0	90	10	83	120	260	0	190	5	0	47	8	0	51	2	0	90	10	11	0	255	0	9	0	51	0	0	11	0	1	0	0	0	2	0	90	10	13	0	255	0	39	40	52	10	0	0	60	8	24	0	0	10	0	11	0	27	0	0	0	5	0	90	10	83	120	260	0	177	3	0	47	5	0	47	0	0	78	10	5	0	235	0	8	0	51	0	0	11	0	0	0	0	0	2	0	90	10	11	0	255	0	9	0	51	0	0	0	60	0	0	0	0	0	0	11	0	1	0	0	0	2	0	90	10	13	0	255	0	39	40	52	0	0	0	0	1	16	0	0	10	0	0	60	8	24	0	0	10	0	11	0	27	0	0	0	5	0	90	10	83	120	260	0
225	213	27	27	45	201	6	0	18	27	27	45	0	0	29	27	60	54	135	99	189	6	0	0	6	0	18	0	0	27	0	13	0	54	79	27	27	45	1	0	0	0	14	0	0	19	0	0	29	27	60	54	135	99	177	5	0	0	6	0	0	0	0	0	0	13	0	0	73	6	0	18	0	0	0	0	4	0	0	0	0	0	27	0	13	0	54	79	27	27	45	0	0	0	0	10	9	0	0	1	0	0	0	14	0	0	19	0	0	29	27	60	54	135	99	165	5	0	0	5	0	0	0	0	0	0	11	0	0	73	6	0	0	0	0	0	0	4	0	0	0	0	0	0	0	13	0	0	73	6	0	18	0	0	0	0	1	0	0	0	0	0	0	0	4	0	0	0	0	0	27	0	13	0	54	79	27	27	45	4	0	0	0	8	0	0	0	0	0	0	0	10	9	0	0	1	0	0	0	14	0	0	19	0	0	29	27	60	54	135	99
325	306	70	87	116	287	41	35	92	70	87	116	52	0	48	78	106	200	464	114	268	32	31	92	41	35	92	28	0	46	78	45	70	368	90	70	87	116	15	52	10	0	30	104	0	0	52	0	48	78	106	200	464	114	249	25	18	90	32	31	92	26	0	46	76	37	62	368	83	41	35	92	5	0	10	0	4	0	0	0	28	0	46	78	45	70	368	90	70	87	116	17	0	52	10	7	0	116	0	15	52	10	0	30	104	0	0	52	0	48	78	106	200	464	114	230	14	18	57	25	18	90	9	0	46	52	25	36	360	79	32	31	92	2	0	10	0	4	0	0	0	26	0	46	76	37	62	368	83	41	35	92	1	0	49	0	7	0	92	0	5	0	10	0	4	0	0	0	28	0	46	78	45	70	368	90	70	87	116	3	0	90	108	17	0	0	235	17	0	52	10	7	0	116	0	15	52	10	0	30	104	0	0	52	0	48	78	106	200	464	114
302	285	49	31	127	268	31	16	72	49	31	127	21	0	13	117	73	47	127	289	251	30	15	69	31	16	72	20	0	11	112	34	32	72	199	49	31	127	11	15	0	20	30	15	0	0	21	0	13	117	73	47	127	289	234	25	0	50	30	15	69	20	0	11	80	32	30	69	162	31	16	72	2	0	0	4	4	0	0	0	20	0	11	112	34	32	72	199	49	31	127	11	0	32	26	9	0	127	17	11	15	0	20	30	15	0	0	21	0	13	117	73	47	127	289	217	11	0	26	25	0	50	9	0	11	52	23	0	50	134	30	15	69	2	0	0	0	4	0	0	0	20	0	11	80	32	30	69	162	31	16	72	1	0	29	0	9	0	72	0	2	0	0	4	4	0	0	0	20	0	11	112	34	32	72	199	49	31	127	3	0	119	60	21	0	0	135	11	0	32	26	9	0	127	17	11	15	0	20	30	15	0	0	21	0	13	117	73	47	127	289
285	269	47	39	111	253	24	0	80	47	39	111	30	0	59	60	86	78	333	159	237	16	0	80	24	0	80	10	0	57	60	28	0	240	108	47	39	111	17	0	10	0	28	91	0	0	30	0	59	60	86	78	333	159	221	11	0	80	16	0	80	8	0	57	60	20	0	240	83	24	0	80	3	0	10	0	0	0	0	0	10	0	57	60	28	0	240	108	47	39	111	16	0	20	0	1	0	0	0	17	0	10	0	28	91	0	0	30	0	59	60	86	78	333	159	205	6	0	65	11	0	80	0	0	57	52	11	0	240	79	16	0	80	0	0	10	0	0	0	0	0	8	0	57	60	20	0	240	83	24	0	80	0	0	20	0	1	0	0	0	3	0	10	0	0	0	0	0	10	0	57	60	28	0	240	108	47	39	111	0	0	30	74	6	0	0	115	16	0	20	0	1	0	0	0	17	0	10	0	28	91	0	0	30	0	59	60	86	78	333	159
324	304	83	133	52	284	51	81	40	83	133	52	54	30	20	30	116	234	260	52	264	42	76	39	51	81	40	30	30	20	29	53	84	200	51	83	133	52	17	50	10	8	26	80	0	0	54	30	20	30	116	234	260	52	244	37	56	19	42	76	39	28	20	20	9	45	74	195	51	51	81	40	8	0	10	4	2	0	0	0	30	30	20	29	53	84	200	51	82	133	52	9	100	28	26	6	0	52	22	17	50	10	8	26	80	0	0	54	30	20	30	114	234	260	52	224	24	36	0	37	56	19	19	0	20	0	36	54	95	47	42	76	39	5	0	10	0	2	0	0	0	28	20	20	9	45	74	195	51	50	81	40	3	0	27	0	6	0	40	0	8	0	10	4	2	0	0	0	30	30	20	29	51	84	200	51	82	133	52	1	0	110	0	16	16	104	145	9	100	28	26	6	0	52	22	17	50	10	8	26	80	0	0	54	30	20	30	114	234	260	52
214	202	32	20	61	190	16	0	14	32	20	61	8	0	0	21	60	30	122	289	178	14	0	14	16	0	14	5	0	0	21	18	0	28	199	32	20	61	10	0	0	0	24	20	0	0	8	0	0	21	60	30	122	289	166	10	0	5	14	0	14	5	0	0	5	16	0	28	162	16	0	14	0	0	0	0	0	0	0	0	5	0	0	21	18	0	28	199	32	20	61	10	0	8	10	1	0	0	11	10	0	0	0	24	20	0	0	8	0	0	21	60	30	122	289	154	4	0	0	10	0	5	0	0	0	0	8	0	10	134	14	0	14	0	0	0	0	0	0	0	0	5	0	0	5	16	0	28	162	16	0	14	0	0	7	0	1	0	0	0	0	0	0	0	0	0	0	0	5	0	0	21	18	0	28	199	32	20	61	0	0	33	0	6	0	0	15	10	0	8	10	1	0	0	11	10	0	0	0	24	20	0	0	8	0	0	21	60	30	122	289
285	268	61	44	127	251	37	14	72	61	44	127	36	28	47	110	82	98	254	340	234	21	0	70	37	14	72	8	0	44	104	40	0	144	226	61	44	127	3	0	108	22	0	0	127	0	36	28	47	110	82	98	254	340	217	16	0	70	21	0	70	0	0	44	104	25	0	140	225	37	14	72	0	0	79	22	0	0	72	0	8	0	44	104	40	0	144	226	61	44	127	0	0	59	0	1	0	0	0	3	0	108	22	0	0	127	0	36	28	47	110	82	98	254	340	200	16	0	70	16	0	70	0	0	44	104	24	0	140	194	21	0	70	0	0	79	22	0	0	70	0	0	0	44	104	25	0	140	225	37	14	72	0	0	30	0	1	0	0	0	0	0	79	22	0	0	72	0	8	0	44	104	40	0	144	226	61	44	127	0	0	0	0	6	0	0	0	0	0	59	0	1	0	0	0	3	0	108	22	0	0	127	0	36	28	47	110	82	98	254	340
182	171	46	30	21	160	23	0	11	46	30	21	26	0	22	0	53	66	105	52	149	13	0	11	23	0	11	2	0	22	0	21	0	55	40	46	30	21	0	0	21	0	0	0	0	0	26	0	22	0	53	66	105	52	138	11	0	11	13	0	11	0	0	22	0	14	0	55	39	23	0	11	0	0	11	0	0	0	0	0	2	0	22	0	21	0	55	40	46	30	21	0	0	20	0	0	0	0	0	0	0	21	0	0	0	0	0	26	0	22	0	53	66	105	52	127	11	0	11	11	0	11	0	0	22	0	14	0	55	19	13	0	11	0	0	11	0	0	0	0	0	0	0	22	0	14	0	55	39	23	0	11	0	0	0	0	0	0	0	0	0	0	11	0	0	0	0	0	2	0	22	0	21	0	55	40	46	30	21	0	0	0	0	1	0	0	0	0	0	20	0	0	0	0	0	0	0	21	0	0	0	0	0	26	0	22	0	53	66	105	52
292	273	70	121	61	254	42	79	22	70	121	61	38	135	25	30	93	159	183	279	235	31	34	22	42	79	22	25	0	22	30	56	78	66	212	70	121	61	8	0	97	0	2	0	305	0	38	135	25	30	93	159	183	279	216	26	34	22	31	34	22	17	0	22	30	44	51	66	211	42	79	22	5	0	68	0	2	0	110	0	25	0	22	30	56	78	66	212	70	121	61	1	0	59	0	3	0	0	0	8	0	97	0	2	0	305	0	38	135	25	30	93	159	183	279	197	26	34	22	26	34	22	17	0	22	30	43	51	66	189	31	34	22	5	0	68	0	2	0	110	0	17	0	22	30	44	51	66	211	42	79	22	1	0	30	0	3	0	0	0	5	0	68	0	2	0	110	0	25	0	22	30	56	78	66	212	70	121	61	1	0	0	0	8	0	0	0	1	0	59	0	3	0	0	0	8	0	97	0	2	0	305	0	38	135	25	30	93	159	183	279
192	180	45	30	61	168	24	20	0	45	30	61	29	9	0	0	60	69	61	467	156	14	11	0	24	20	0	8	0	0	0	25	40	0	298	45	30	61	0	0	38	0	0	0	61	0	29	9	0	0	60	69	61	467	144	12	11	0	14	11	0	6	0	0	0	16	22	0	294	24	20	0	0	0	0	0	0	0	0	0	8	0	0	0	25	40	0	298	45	30	61	0	0	20	0	0	0	0	0	0	0	38	0	0	0	61	0	29	9	0	0	60	69	61	467	132	12	11	0	12	11	0	6	0	0	0	16	22	0	244	14	11	0	0	0	0	0	0	0	0	0	6	0	0	0	16	22	0	294	24	20	0	0	0	0	0	0	0	0	0	0	0	0	0	0	0	0	0	8	0	0	0	25	40	0	298	45	30	61	0	0	0	0	2	0	0	0	0	0	20	0	0	0	0	0	0	0	38	0	0	0	61	0	29	9	0	0	60	69	61	467
197	184	47	56	23	171	24	28	0	47	56	23	20	24	0	0	57	87	92	168	158	15	22	0	24	28	0	2	0	0	0	27	33	0	132	47	56	23	0	0	23	0	0	0	23	0	20	24	0	0	57	87	92	168	145	13	22	0	15	22	0	0	0	0	0	18	33	0	131	24	28	0	0	0	0	0	0	0	0	0	2	0	0	0	27	33	0	132	47	56	23	0	0	20	0	0	0	0	0	0	0	23	0	0	0	23	0	20	24	0	0	57	87	92	168	132	13	22	0	13	22	0	0	0	0	0	18	33	0	109	15	22	0	0	0	0	0	0	0	0	0	0	0	0	0	18	33	0	131	24	28	0	0	0	0	0	0	0	0	0	0	0	0	0	0	0	0	0	2	0	0	0	27	33	0	132	47	56	23	0	0	0	0	1	0	0	0	0	0	20	0	0	0	0	0	0	0	23	0	0	0	23	0	20	24	0	0	57	87	92	168
333	312	46	54	157	291	17	0	107	46	54	157	6	0	232	72	36	0	471	293	270	14	0	104	17	0	107	0	0	144	66	23	0	321	105	46	54	157	0	0	45	30	0	0	0	0	6	0	232	72	36	0	471	293	249	14	0	104	14	0	104	0	0	138	66	22	0	312	103	17	0	107	0	0	39	30	0	0	0	0	0	0	144	66	23	0	321	105	46	54	157	0	0	0	0	1	0	0	0	0	0	45	30	0	0	0	0	6	0	232	72	36	0	471	293	228	14	0	104	14	0	104	0	0	138	66	22	0	312	103	14	0	104	0	0	30	30	0	0	0	0	0	0	138	66	22	0	312	103	17	0	107	0	0	0	0	1	0	0	0	0	0	39	30	0	0	0	0	0	0	144	66	23	0	321	105	46	54	157	0	0	0	0	5	0	0	0	0	0	0	0	1	0	0	0	0	0	45	30	0	0	0	0	6	0	232	72	36	0	471	293
143	134	19	8	32	125	6	0	18	19	8	32	0	0	26	22	7	0	32	44	116	6	0	18	6	0	18	0	0	18	22	6	0	18	11	19	8	32	0	0	0	0	0	0	0	0	0	0	26	22	7	0	32	44	107	6	0	18	6	0	18	0	0	18	22	6	0	18	11	6	0	18	0	0	0	0	0	0	0	0	0	0	18	22	6	0	18	11	19	8	32	0	0	0	0	0	0	0	0	0	0	0	0	0	0	0	0	0	0	26	22	7	0	32	44	98	6	0	18	6	0	18	0	0	18	22	6	0	18	11	6	0	18	0	0	0	0	0	0	0	0	0	0	18	22	6	0	18	11	6	0	18	0	0	0	0	0	0	0	0	0	0	0	0	0	0	0	0	0	0	18	22	6	0	18	11	19	8	32	0	0	0	0	0	0	0	0	0	0	0	0	0	0	0	0	0	0	0	0	0	0	0	0	0	0	26	22	7	0	32	44
220	204	32	80	35	188	14	48	0	32	80	35	11	0	65	0	31	44	140	232	172	14	48	0	14	48	0	11	0	0	0	28	36	0	105	32	80	35	5	0	0	0	2	0	0	0	11	0	65	0	31	44	140	232	156	14	48	0	14	48	0	11	0	0	0	28	36	0	103	14	48	0	5	0	0	0	2	0	0	0	11	0	0	0	28	36	0	105	32	80	35	1	0	0	0	2	0	0	0	5	0	0	0	2	0	0	0	11	0	65	0	31	44	140	232	140	14	48	0	14	48	0	11	0	0	0	28	36	0	103	14	48	0	5	0	0	0	2	0	0	0	11	0	0	0	28	36	0	103	14	48	0	1	0	0	0	2	0	0	0	5	0	0	0	2	0	0	0	11	0	0	0	28	36	0	105	32	80	35	1	0	0	0	1	0	0	0	1	0	0	0	2	0	0	0	5	0	0	0	2	0	0	0	11	0	65	0	31	44	140	232
127	119	24	7	21	111	8	0	0	24	7	21	0	0	51	0	13	0	21	105	103	8	0	0	8	0	0	0	0	0	0	9	0	0	33	24	7	21	0	0	0	0	0	0	0	0	0	0	51	0	13	0	21	105	95	8	0	0	8	0	0	0	0	0	0	9	0	0	33	8	0	0	0	0	0	0	0	0	0	0	0	0	0	0	9	0	0	33	24	7	21	0	0	0	0	0	0	0	0	0	0	0	0	0	0	0	0	0	0	51	0	13	0	21	105	87	8	0	0	8	0	0	0	0	0	0	9	0	0	33	8	0	0	0	0	0	0	0	0	0	0	0	0	0	0	9	0	0	33	8	0	0	0	0	0	0	0	0	0	0	0	0	0	0	0	0	0	0	0	0	0	0	9	0	0	33	24	7	21	0	0	0	0	0	0	0	0	0	0	0	0	0	0	0	0	0	0	0	0	0	0	0	0	0	0	51	0	13	0	21	105
110	103	13	10	6	96	4	0	0	13	10	6	0	0	0	0	4	0	12	21	89	4	0	0	4	0	0	0	0	0	0	3	0	0	11	13	10	6	0	0	0	0	0	0	0	0	0	0	0	0	4	0	12	21	82	4	0	0	4	0	0	0	0	0	0	3	0	0	11	4	0	0	0	0	0	0	0	0	0	0	0	0	0	0	3	0	0	11	13	10	6	0	0	0	0	0	0	0	0	0	0	0	0	0	0	0	0	0	0	0	0	4	0	12	21	75	4	0	0	4	0	0	0	0	0	0	3	0	0	11	4	0	0	0	0	0	0	0	0	0	0	0	0	0	0	3	0	0	11	4	0	0	0	0	0	0	0	0	0	0	0	0	0	0	0	0	0	0	0	0	0	0	3	0	0	11	13	10	6	0	0	0	0	0	0	0	0	0	0	0	0	0	0	0	0	0	0	0	0	0	0	0	0	0	0	0	0	4	0	12	21
195	182	9	0	112	169	9	0	58	9	0	112	0	0	0	81	11	0	0	251	156	9	0	47	9	0	58	0	0	0	50	11	0	0	125	9	0	112	0	0	0	22	0	0	0	61	0	0	0	81	11	0	0	251	143	9	0	47	9	0	47	0	0	0	50	11	0	0	122	9	0	58	0	0	0	22	0	0	0	22	0	0	0	50	11	0	0	125	9	0	112	0	0	0	0	0	0	0	0	0	0	0	22	0	0	0	61	0	0	0	81	11	0	0	251	130	9	0	47	9	0	47	0	0	0	50	11	0	0	122	9	0	47	0	0	0	22	0	0	0	22	0	0	0	50	11	0	0	122	9	0	58	0	0	0	0	0	0	0	0	0	0	0	22	0	0	0	22	0	0	0	50	11	0	0	125	9	0	112	0	0	0	0	0	0	0	0	0	0	0	0	0	0	0	0	0	0	0	22	0	0	0	61	0	0	0	81	11	0	0	251
165	154	19	0	90	143	18	0	53	19	0	90	11	0	0	61	34	0	0	198	132	18	0	42	18	0	53	11	0	0	32	34	0	0	107	19	0	90	5	0	0	24	2	0	0	61	11	0	0	61	34	0	0	198	121	18	0	42	18	0	42	11	0	0	32	34	0	0	104	18	0	53	5	0	0	24	2	0	0	22	11	0	0	32	34	0	0	107	19	0	90	1	0	0	0	2	0	0	0	5	0	0	24	2	0	0	61	11	0	0	61	34	0	0	198	110	18	0	42	18	0	42	11	0	0	32	34	0	0	104	18	0	42	5	0	0	24	2	0	0	22	11	0	0	32	34	0	0	104	18	0	53	1	0	0	0	2	0	0	0	5	0	0	24	2	0	0	22	11	0	0	32	34	0	0	107	19	0	90	1	0	0	0	1	0	0	0	1	0	0	0	2	0	0	0	5	0	0	24	2	0	0	61	11	0	0	61	34	0	0	198
204	189	33	36	97	174	24	36	60	33	36	97	18	0	8	102	45	60	0	192	159	24	36	29	24	36	60	18	0	8	21	45	60	0	107	33	36	97	5	0	0	24	2	0	0	211	18	0	8	102	45	60	0	192	144	24	36	29	24	36	29	18	0	8	21	45	60	0	104	24	36	60	5	0	0	24	2	0	0	94	18	0	8	21	45	60	0	107	33	36	97	1	0	0	0	4	0	0	0	5	0	0	24	2	0	0	211	18	0	8	102	45	60	0	192	129	24	36	29	24	36	29	18	0	8	21	45	60	0	104	24	36	29	5	0	0	24	2	0	0	92	18	0	8	21	45	60	0	104	24	36	60	1	0	0	0	4	0	0	0	5	0	0	24	2	0	0	94	18	0	8	21	45	60	0	107	33	36	97	2	0	0	0	3	0	0	0	1	0	0	0	4	0	0	0	5	0	0	24	2	0	0	211	18	0	8	102	45	60	0	192
223	205	57	104	83	187	31	83	69	57	104	83	27	136	98	65	69	209	83	35	169	28	78	56	31	83	69	16	124	95	34	48	192	69	0	57	104	83	15	57	14	50	8	24	0	61	27	136	98	65	69	209	83	35	151	26	77	51	28	78	56	16	121	89	31	47	187	56	0	31	83	69	5	55	14	44	6	22	0	22	16	124	95	34	48	192	69	0	57	104	83	4	11	0	54	10	22	0	0	15	57	14	50	8	24	0	61	27	136	98	65	69	209	83	35	133	25	76	50	26	77	51	16	121	74	31	47	187	51	0	28	78	56	5	55	14	44	2	22	0	22	16	121	89	31	47	187	56	0	31	83	69	4	11	0	52	8	22	0	0	5	55	14	44	6	22	0	22	16	124	95	34	48	192	69	0	57	104	83	4	10	0	11	12	10	0	0	4	11	0	54	10	22	0	0	15	57	14	50	8	24	0	61	27	136	98	65	69	209	83	35
246	227	51	100	135	208	33	70	129	51	100	135	28	84	164	65	67	70	270	0	189	32	70	97	33	70	129	25	84	161	25	64	70	258	0	51	100	135	10	0	14	167	8	0	0	122	28	84	164	65	67	70	270	0	170	32	70	50	32	70	97	25	84	145	22	63	70	194	0	33	70	129	10	0	14	44	8	0	0	22	25	84	161	25	64	70	258	0	51	100	135	5	0	0	86	13	0	0	295	10	0	14	167	8	0	0	122	28	84	164	65	67	70	270	0	151	31	70	48	32	70	50	25	84	98	22	63	70	100	0	32	70	97	10	0	14	44	4	0	0	22	25	84	145	22	63	70	194	0	33	70	129	5	0	0	80	10	0	0	204	10	0	14	44	8	0	0	22	25	84	161	25	64	70	258	0	51	100	135	5	0	0	18	18	12	0	0	5	0	0	86	13	0	0	295	10	0	14	167	8	0	0	122	28	84	164	65	67	70	270	0
260	238	68	153	103	216	44	137	98	68	153	103	49	52	49	72	112	211	103	0	194	35	136	97	44	137	98	28	52	47	70	59	187	98	0	68	153	103	31	12	9	15	29	62	0	0	49	52	49	72	112	211	103	0	172	26	104	95	35	136	97	13	48	47	66	44	186	97	0	44	137	98	5	0	9	13	2	13	0	0	28	52	47	70	59	187	98	0	68	153	103	9	272	0	26	18	80	103	0	31	12	9	15	29	62	0	0	49	52	49	72	112	211	103	0	150	19	52	83	26	104	95	13	0	47	52	37	158	95	0	35	136	97	5	0	9	10	2	13	0	0	13	48	47	66	44	186	97	0	44	137	98	3	208	0	20	7	52	98	0	5	0	9	13	2	13	0	0	28	52	47	70	59	187	98	0	68	153	103	9	52	44	116	9	39	412	0	9	272	0	26	18	80	103	0	31	12	9	15	29	62	0	0	49	52	49	72	112	211	103	0
196	179	49	87	108	162	35	78	77	49	87	108	34	104	16	111	74	130	0	218	145	33	73	76	35	78	77	26	96	14	109	55	123	0	198	49	87	108	16	53	0	15	13	22	0	0	34	104	16	111	74	130	0	218	128	30	70	69	33	73	76	26	90	14	100	55	120	0	153	35	78	77	5	50	0	13	3	20	0	0	26	96	14	109	55	123	0	198	49	87	108	22	30	0	76	14	20	0	0	16	53	0	15	13	22	0	0	34	104	16	111	74	130	0	218	111	23	60	48	30	70	69	22	90	14	76	54	120	0	101	33	73	76	5	50	0	10	3	20	0	0	26	90	14	100	55	120	0	153	35	78	77	17	30	0	20	10	20	0	0	5	50	0	13	3	20	0	0	26	96	14	109	55	123	0	198	49	87	108	4	0	37	106	3	0	108	52	22	30	0	76	14	20	0	0	16	53	0	15	13	22	0	0	34	104	16	111	74	130	0	218
204	187	40	64	116	170	33	60	98	40	64	116	20	48	25	87	54	37	0	135	153	32	60	97	33	60	98	19	48	23	85	46	36	0	129	40	64	116	7	0	9	15	15	0	0	0	20	48	25	87	54	37	0	135	136	30	60	90	32	60	97	19	48	23	76	46	36	0	97	33	60	98	5	0	9	13	3	0	0	0	19	48	23	85	46	36	0	129	39	64	116	24	0	0	76	14	0	0	0	7	0	9	15	15	0	0	0	20	48	25	87	52	37	0	135	119	24	60	65	30	60	90	15	48	23	52	44	36	0	50	32	60	97	5	0	9	10	3	0	0	0	19	48	23	76	46	36	0	97	32	60	98	19	0	0	20	8	0	0	0	5	0	9	13	3	0	0	0	19	48	23	85	44	36	0	129	39	64	116	8	0	16	140	6	0	0	52	24	0	0	76	14	0	0	0	7	0	9	15	15	0	0	0	20	48	25	87	52	37	0	135
115	105	45	32	21	95	34	27	21	45	32	21	39	0	9	0	66	32	21	0	85	26	26	21	34	27	21	22	0	9	0	43	27	21	0	45	32	21	11	5	9	0	12	20	0	0	39	0	9	0	66	32	21	0	75	21	21	21	26	26	21	8	0	9	0	30	26	21	0	34	27	21	0	0	9	0	1	0	0	0	22	0	9	0	43	27	21	0	45	32	21	23	0	0	0	10	10	21	0	11	5	9	0	12	20	0	0	39	0	9	0	66	32	21	0	65	14	18	19	21	21	21	4	0	9	0	23	21	21	0	26	26	21	0	0	9	0	1	0	0	0	8	0	9	0	30	26	21	0	34	27	21	16	0	0	0	5	0	21	0	0	0	9	0	1	0	0	0	22	0	9	0	43	27	21	0	45	32	21	10	18	0	20	9	18	0	0	23	0	0	0	10	10	21	0	11	5	9	0	12	20	0	0	39	0	9	0	66	32	21	0
173	158	63	89	9	143	40	59	9	63	89	9	32	78	9	0	92	120	36	0	128	32	42	9	40	59	9	24	18	9	0	66	66	36	0	63	89	9	6	24	9	0	10	21	27	0	32	78	9	0	92	120	36	0	113	28	36	9	32	42	9	16	0	9	0	50	45	36	0	40	59	9	2	0	9	0	2	0	27	0	24	18	9	0	66	66	36	0	63	89	9	23	0	0	0	11	6	18	0	6	24	9	0	10	21	27	0	32	78	9	0	92	120	36	0	98	21	30	9	28	36	9	12	0	9	0	45	36	36	0	32	42	9	2	0	9	0	2	0	27	0	16	0	9	0	50	45	36	0	40	59	9	16	0	0	0	5	0	18	0	2	0	9	0	2	0	27	0	24	18	9	0	66	66	36	0	63	89	9	11	60	0	0	18	30	0	0	23	0	0	0	11	6	18	0	6	24	9	0	10	21	27	0	32	78	9	0	92	120	36	0
193	177	51	77	86	161	32	56	61	51	77	86	15	116	9	72	89	160	86	133	145	23	18	59	32	56	61	6	72	0	66	56	120	61	128	51	77	86	1	18	47	28	2	0	344	0	15	116	9	72	89	160	86	133	129	14	0	59	23	18	59	0	0	0	66	38	27	59	127	32	56	61	0	0	24	28	1	0	244	0	6	72	0	66	56	120	61	128	51	77	86	19	0	109	0	13	14	172	0	1	18	47	28	2	0	344	0	15	116	9	72	89	160	86	133	113	11	0	59	14	0	59	0	0	0	66	12	0	59	125	23	18	59	0	0	24	28	1	0	236	0	0	0	0	66	38	27	59	127	32	56	61	16	0	56	0	8	10	122	0	0	0	24	28	1	0	244	0	6	72	0	66	56	120	61	128	51	77	86	15	0	0	0	15	30	0	0	19	0	109	0	13	14	172	0	1	18	47	28	2	0	344	0	15	116	9	72	89	160	86	133
84	77	30	15	15	70	18	9	12	30	15	15	20	9	9	0	51	30	15	9	63	10	0	12	18	9	12	10	0	0	0	33	18	12	9	30	15	15	2	0	30	0	0	0	45	0	20	9	9	0	51	30	15	9	56	7	0	12	10	0	12	0	0	0	0	13	0	12	9	18	9	12	0	0	24	0	0	0	36	0	10	0	0	0	33	18	12	9	30	15	15	3	0	12	0	4	0	0	0	2	0	30	0	0	0	45	0	20	9	9	0	51	30	15	9	49	4	0	12	7	0	12	0	0	0	0	8	0	12	9	10	0	12	0	0	24	0	0	0	36	0	0	0	0	0	13	0	12	9	18	9	12	0	0	12	0	1	0	0	0	0	0	24	0	0	0	36	0	10	0	0	0	33	18	12	9	30	15	15	8	0	0	0	9	12	0	0	3	0	12	0	4	0	0	0	2	0	30	0	0	0	45	0	20	9	9	0	51	30	15	9
152	140	48	32	56	128	32	0	49	48	32	56	34	0	35	36	80	8	224	9	116	30	0	49	32	0	49	28	0	22	36	72	0	196	9	48	32	56	3	0	6	0	10	0	0	0	34	0	35	36	80	8	224	9	104	30	0	49	30	0	49	28	0	22	36	69	0	196	9	32	0	49	3	0	0	0	10	0	0	0	28	0	22	36	72	0	196	9	48	32	56	0	0	0	0	3	0	0	0	3	0	6	0	10	0	0	0	34	0	35	36	80	8	224	9	92	30	0	49	30	0	49	28	0	22	36	69	0	196	9	30	0	49	3	0	0	0	10	0	0	0	28	0	22	36	69	0	196	9	32	0	49	0	0	0	0	3	0	0	0	3	0	0	0	10	0	0	0	28	0	22	36	72	0	196	9	48	32	56	8	0	0	0	10	0	0	0	0	0	0	0	3	0	0	0	3	0	6	0	10	0	0	0	34	0	35	36	80	8	224	9
105	96	48	23	3	87	29	8	0	48	23	3	34	0	9	0	86	49	15	9	78	27	8	0	29	8	0	28	0	0	0	63	40	0	9	48	23	3	3	0	6	0	12	0	0	0	34	0	9	0	86	49	15	9	69	27	8	0	27	8	0	28	0	0	0	60	40	0	9	29	8	0	3	0	0	0	7	0	0	0	28	0	0	0	63	40	0	9	48	23	3	0	0	0	0	5	0	0	0	3	0	6	0	12	0	0	0	34	0	9	0	86	49	15	9	60	27	8	0	27	8	0	28	0	0	0	60	40	0	9	27	8	0	3	0	0	0	7	0	0	0	28	0	0	0	60	40	0	9	29	8	0	0	0	0	0	3	0	0	0	3	0	0	0	7	0	0	0	28	0	0	0	63	40	0	9	48	23	3	10	0	0	0	14	0	0	0	0	0	0	0	5	0	0	0	3	0	6	0	12	0	0	0	34	0	9	0	86	49	15	9
80	73	38	14	0	66	23	6	0	38	14	0	28	0	0	0	74	32	0	0	59	23	6	0	23	6	0	28	0	0	0	55	30	0	0	38	14	0	3	0	0	0	12	0	0	0	28	0	0	0	74	32	0	0	52	23	6	0	23	6	0	28	0	0	0	55	30	0	0	23	6	0	3	0	0	0	7	0	0	0	28	0	0	0	55	30	0	0	38	14	0	0	0	0	0	5	0	0	0	3	0	0	0	12	0	0	0	28	0	0	0	74	32	0	0	45	23	6	0	23	6	0	28	0	0	0	55	30	0	0	23	6	0	3	0	0	0	7	0	0	0	28	0	0	0	55	30	0	0	23	6	0	0	0	0	0	3	0	0	0	3	0	0	0	7	0	0	0	28	0	0	0	55	30	0	0	38	14	0	2	0	0	0	8	0	0	0	0	0	0	0	5	0	0	0	3	0	0	0	12	0	0	0	28	0	0	0	74	32	0	0
151	136	44	58	41	121	32	52	23	44	58	41	26	64	14	25	94	80	0	59	106	31	50	16	32	52	23	25	60	6	9	77	72	0	49	44	58	41	7	20	0	36	15	14	0	9	26	64	14	25	94	80	0	59	91	31	50	16	31	50	16	25	60	0	9	73	70	0	49	32	52	23	7	20	0	36	12	12	0	9	25	60	6	9	77	72	0	49	41	58	41	2	0	0	0	5	0	0	0	7	20	0	36	13	14	0	9	26	64	14	25	84	80	0	59	76	31	50	16	31	50	16	25	60	0	9	73	70	0	49	31	50	16	7	20	0	36	11	10	0	9	25	60	0	9	73	70	0	49	29	52	23	2	0	0	0	3	0	0	0	7	20	0	36	10	12	0	9	25	60	6	9	67	72	0	49	40	58	41	12	0	0	0	14	0	0	0	2	0	0	0	5	0	0	0	7	20	0	36	13	14	0	9	25	64	14	25	82	80	0	59
128	114	46	56	35	100	28	48	20	45	56	35	39	64	0	13	96	166	0	59	86	23	48	20	27	48	20	21	64	0	13	68	144	0	49	43	56	35	14	0	0	0	20	50	0	0	37	64	0	13	92	166	0	59	72	21	48	20	22	48	20	19	64	0	13	54	144	0	49	25	48	20	10	0	0	0	13	40	0	0	19	64	0	13	64	144	0	49	36	56	35	4	0	0	0	5	20	0	0	13	0	0	0	16	50	0	0	35	64	0	13	72	166	0	59	58	20	48	20	20	48	20	17	64	0	13	50	144	0	49	20	48	20	9	0	0	0	10	40	0	0	17	64	0	13	50	144	0	49	18	48	20	2	0	0	0	1	16	0	0	9	0	0	0	9	40	0	0	17	64	0	13	44	144	0	49	25	56	35	2	0	0	0	5	10	0	0	2	0	0	0	5	20	0	0	9	0	0	0	16	50	0	0	17	64	0	13	61	166	0	59
127	114	36	53	20	101	20	40	3	36	53	20	14	48	14	12	68	111	20	59	88	20	40	0	20	40	3	14	48	6	0	39	88	3	49	36	53	20	3	0	0	0	10	0	0	9	14	48	14	12	68	111	20	59	75	20	40	0	20	40	0	14	48	0	0	39	88	0	49	20	40	3	3	0	0	0	2	0	0	9	14	48	6	0	39	88	3	49	36	53	20	3	0	0	0	6	0	0	0	3	0	0	0	10	0	0	9	14	48	14	12	68	111	20	59	62	17	38	0	20	40	0	14	48	0	0	39	88	0	49	20	40	0	3	0	0	0	2	0	0	9	14	48	0	0	39	88	0	49	20	40	3	0	0	0	0	1	0	0	0	3	0	0	0	2	0	0	9	14	48	6	0	39	88	3	49	36	53	20	8	14	0	0	11	21	0	0	3	0	0	0	6	0	0	0	3	0	0	0	10	0	0	9	14	48	14	12	68	111	20	59
101	92	34	20	22	83	19	8	3	34	20	22	20	0	59	12	59	34	44	104	74	17	8	0	19	8	3	12	0	6	0	32	16	6	73	34	20	22	2	0	18	0	1	0	0	9	20	0	59	12	59	34	44	104	65	17	8	0	17	8	0	12	0	0	0	29	16	0	71	19	8	3	2	0	0	0	1	0	0	9	12	0	6	0	32	16	6	73	34	20	22	3	0	0	0	3	0	0	0	2	0	18	0	1	0	0	9	20	0	59	12	59	34	44	104	56	14	6	0	17	8	0	12	0	0	0	29	16	0	71	17	8	0	2	0	0	0	1	0	0	9	12	0	0	0	29	16	0	71	19	8	3	0	0	0	0	1	0	0	0	2	0	0	0	1	0	0	9	12	0	6	0	32	16	6	73	34	20	22	8	12	0	0	12	18	0	0	3	0	0	0	3	0	0	0	2	0	18	0	1	0	0	9	20	0	59	12	59	34	44	104
108	96	38	45	13	84	23	37	0	38	45	13	24	52	0	0	90	100	0	59	72	22	36	0	23	37	0	23	48	0	0	60	85	0	49	35	45	13	5	6	0	0	18	11	0	0	24	52	0	0	84	100	0	59	60	21	36	0	22	36	0	23	48	0	0	56	84	0	49	20	37	0	2	6	0	0	8	7	0	0	23	48	0	0	54	85	0	49	33	45	13	9	0	0	0	8	7	0	0	5	6	0	0	16	11	0	0	21	52	0	0	76	100	0	59	48	18	36	0	21	36	0	20	48	0	0	52	84	0	49	19	36	0	2	6	0	0	7	6	0	0	23	48	0	0	50	84	0	49	18	37	0	0	0	0	0	2	6	0	0	2	6	0	0	6	7	0	0	20	48	0	0	46	85	0	49	32	45	13	2	0	0	0	7	21	0	0	9	0	0	0	8	7	0	0	5	6	0	0	16	11	0	0	20	52	0	0	74	100	0	59
118	107	28	24	38	96	5	0	36	28	24	38	0	0	54	12	55	48	114	0	85	5	0	22	5	0	36	0	0	52	0	3	0	108	0	28	24	38	1	0	0	24	4	0	0	101	0	0	54	12	55	48	114	0	74	4	0	22	5	0	22	0	0	32	0	3	0	66	0	5	0	36	0	0	0	24	0	0	0	73	0	0	52	0	3	0	108	0	28	24	38	8	0	0	0	9	8	0	0	1	0	0	24	4	0	0	101	0	0	54	12	55	48	114	0	63	0	0	22	4	0	22	0	0	32	0	3	0	66	0	5	0	22	0	0	0	24	0	0	0	71	0	0	32	0	3	0	66	0	5	0	36	0	0	0	0	0	0	0	0	0	0	0	24	0	0	0	73	0	0	52	0	3	0	108	0	28	24	38	0	0	0	0	0	0	0	0	8	0	0	0	9	8	0	0	1	0	0	24	4	0	0	101	0	0	54	12	55	48	114	0
117	106	34	28	48	95	6	0	47	34	28	48	11	0	96	9	74	70	192	0	84	3	0	36	6	0	47	1	0	94	0	6	0	188	0	34	28	48	5	0	28	24	5	7	0	86	11	0	96	9	74	70	192	0	73	1	0	36	3	0	36	0	0	74	0	0	0	144	0	6	0	47	0	0	28	24	0	0	0	61	1	0	94	0	6	0	188	0	34	28	48	5	0	0	0	9	14	0	0	5	0	28	24	5	7	0	86	11	0	96	9	74	70	192	0	62	0	0	36	1	0	36	0	0	74	0	0	0	144	0	3	0	36	0	0	28	24	0	0	0	59	0	0	74	0	0	0	144	0	6	0	47	0	0	0	0	0	0	0	0	0	0	28	24	0	0	0	61	1	0	94	0	6	0	188	0	34	28	48	0	0	0	0	0	0	0	0	5	0	0	0	9	14	0	0	5	0	28	24	5	7	0	86	11	0	96	9	74	70	192	0
141	127	38	43	56	113	18	33	38	38	43	56	6	0	72	33	64	43	56	42	99	18	33	20	18	33	38	6	0	70	9	20	33	38	6	38	43	56	1	0	0	29	2	0	0	101	6	0	72	33	64	43	56	42	85	17	30	0	18	33	20	6	0	48	0	20	33	20	0	18	33	38	0	0	0	0	0	0	0	73	6	0	70	9	20	33	38	6	38	43	56	21	30	0	0	11	10	0	133	1	0	0	29	2	0	0	101	6	0	72	33	64	43	56	42	71	3	0	0	17	30	0	6	0	0	0	20	30	0	0	18	33	20	0	0	0	0	0	0	0	71	6	0	48	0	20	33	20	0	18	33	38	0	0	0	0	0	0	0	128	0	0	0	0	0	0	0	73	6	0	70	9	20	33	38	6	38	43	56	0	0	120	0	0	0	168	0	21	30	0	0	11	10	0	133	1	0	0	29	2	0	0	101	6	0	72	33	64	43	56	42
108	98	27	16	30	88	9	0	19	27	16	30	0	0	20	33	48	24	60	22	78	9	0	3	9	0	19	0	0	18	9	8	0	38	3	27	16	30	1	0	0	12	2	0	0	101	0	0	20	33	48	24	60	22	68	8	0	0	9	0	3	0	0	0	0	8	0	6	0	9	0	19	0	0	0	0	0	0	0	73	0	0	18	9	8	0	38	3	27	16	30	8	0	0	0	9	8	0	9	1	0	0	12	2	0	0	101	0	0	20	33	48	24	60	22	58	0	0	0	8	0	0	0	0	0	0	8	0	0	0	9	0	3	0	0	0	0	0	0	0	71	0	0	0	0	8	0	6	0	9	0	19	0	0	0	0	0	0	0	9	0	0	0	0	0	0	0	73	0	0	18	9	8	0	38	3	27	16	30	0	0	36	0	0	0	0	0	8	0	0	0	9	8	0	9	1	0	0	12	2	0	0	101	0	0	20	33	48	24	60	22
101	91	33	29	0	81	8	9	0	33	29	0	5	0	0	0	63	60	0	0	71	7	9	0	8	9	0	1	0	0	0	5	0	0	0	33	29	0	15	0	0	0	7	4	0	0	5	0	0	0	63	60	0	0	61	3	4	0	7	9	0	0	0	0	0	3	0	0	0	8	9	0	0	0	0	0	0	0	0	0	1	0	0	0	5	0	0	0	33	29	0	3	20	0	0	5	16	0	0	15	0	0	0	7	4	0	0	5	0	0	0	63	60	0	0	51	0	0	0	3	4	0	0	0	0	0	3	0	0	0	7	9	0	0	0	0	0	0	0	0	0	0	0	0	0	3	0	0	0	8	9	0	0	0	0	0	0	0	0	0	0	0	0	0	0	0	0	0	1	0	0	0	5	0	0	0	33	29	0	0	0	0	0	0	0	0	0	3	20	0	0	5	16	0	0	15	0	0	0	7	4	0	0	5	0	0	0	63	60	0	0
158	142	29	28	114	126	10	0	77	29	28	114	5	0	30	115	43	56	228	116	110	9	0	76	10	0	77	1	0	28	111	3	0	154	102	29	28	114	15	0	0	9	6	0	0	0	5	0	30	115	43	56	228	116	94	0	0	63	9	0	76	0	0	28	70	1	0	152	61	10	0	77	0	0	0	0	0	0	0	0	1	0	28	111	3	0	154	102	29	28	114	0	0	60	51	0	0	0	86	15	0	0	9	6	0	0	0	5	0	30	115	43	56	228	116	78	0	0	50	0	0	63	0	0	28	58	0	0	126	58	9	0	76	0	0	0	0	0	0	0	0	0	0	28	70	1	0	152	61	10	0	77	0	0	52	38	0	0	0	61	0	0	0	0	0	0	0	0	1	0	28	111	3	0	154	102	29	28	114	0	0	0	14	0	0	0	103	0	0	60	51	0	0	0	86	15	0	0	9	6	0	0	0	5	0	30	115	43	56	228	116
189	169	50	101	121	149	19	36	115	50	101	121	30	0	93	27	65	182	605	0	129	11	26	115	19	36	115	10	0	91	27	11	0	575	0	50	101	121	10	130	53	0	8	26	0	0	30	0	93	27	65	182	605	0	109	0	0	112	11	26	115	0	0	91	26	1	0	575	0	19	36	115	0	0	53	0	0	0	0	0	10	0	91	27	11	0	575	0	50	101	121	0	0	101	46	0	0	242	0	10	130	53	0	8	26	0	0	30	0	93	27	65	182	605	0	89	0	0	84	0	0	112	0	0	91	14	0	0	560	0	11	26	115	0	0	53	0	0	0	0	0	0	0	91	26	1	0	575	0	19	36	115	0	0	93	30	0	0	230	0	0	0	53	0	0	0	0	0	10	0	91	27	11	0	575	0	50	101	121	0	0	0	83	0	0	0	211	0	0	101	46	0	0	242	0	10	130	53	0	8	26	0	0	30	0	93	27	65	182	605	0
117	105	30	27	46	93	8	0	24	30	27	46	13	0	30	34	41	72	138	86	81	5	0	24	8	0	24	1	0	28	34	2	0	72	83	30	27	46	15	0	0	0	4	18	0	0	13	0	30	34	41	72	138	86	69	0	0	24	5	0	24	0	0	28	34	0	0	72	58	8	0	24	0	0	0	0	0	0	0	0	1	0	28	34	2	0	72	83	30	27	46	0	0	4	0	0	0	0	0	15	0	0	0	4	18	0	0	13	0	30	34	41	72	138	86	57	0	0	24	0	0	24	0	0	28	34	0	0	72	58	5	0	24	0	0	0	0	0	0	0	0	0	0	28	34	0	0	72	58	8	0	24	0	0	0	0	0	0	0	0	0	0	0	0	0	0	0	0	1	0	28	34	2	0	72	83	30	27	46	0	0	0	0	0	0	0	0	0	0	4	0	0	0	0	0	15	0	0	0	4	18	0	0	13	0	30	34	41	72	138	86
126	113	27	23	65	100	12	12	23	27	23	65	5	0	0	53	43	11	65	172	87	11	11	22	12	12	23	1	0	0	49	6	0	23	140	27	23	65	14	11	0	9	6	0	0	0	5	0	0	53	43	11	65	172	74	0	0	12	11	11	22	0	0	0	12	4	0	22	81	12	12	23	0	0	0	0	0	0	0	0	1	0	0	49	6	0	23	140	27	23	65	0	0	90	12	0	0	65	86	14	11	0	9	6	0	0	0	5	0	0	53	43	11	65	172	61	0	0	0	0	0	12	0	0	0	0	0	0	12	58	11	11	22	0	0	0	0	0	0	0	0	0	0	0	12	4	0	22	81	12	12	23	0	0	52	0	0	0	23	61	0	0	0	0	0	0	0	0	1	0	0	49	6	0	23	140	27	23	65	0	0	0	0	0	0	0	103	0	0	90	12	0	0	65	86	14	11	0	9	6	0	0	0	5	0	0	53	43	11	65	172
121	108	34	51	25	95	10	18	13	34	51	25	8	39	0	13	35	99	100	48	82	8	7	13	10	18	13	0	7	0	13	1	14	52	47	34	51	25	11	28	0	0	4	14	25	0	8	39	0	13	35	99	100	48	69	0	0	12	8	7	13	0	0	0	12	1	0	52	36	10	18	13	0	0	0	0	0	0	13	0	0	7	0	13	1	14	52	47	34	51	25	0	0	60	12	0	0	25	0	11	28	0	0	4	14	25	0	8	39	0	13	35	99	100	48	56	0	0	0	0	0	12	0	0	0	0	0	0	48	36	8	7	13	0	0	0	0	0	0	13	0	0	0	0	12	1	0	52	36	10	18	13	0	0	52	0	0	0	13	0	0	0	0	0	0	0	13	0	0	7	0	13	1	14	52	47	34	51	25	0	0	0	0	0	0	0	103	0	0	60	12	0	0	25	0	11	28	0	0	4	14	25	0	8	39	0	13	35	99	100	48
114	101	19	30	52	88	4	0	39	19	30	52	8	0	8	0	7	20	156	121	75	0	0	39	4	0	39	0	0	8	0	0	0	117	115	19	30	52	0	0	26	0	0	0	0	0	8	0	8	0	7	20	156	121	62	0	0	39	0	0	39	0	0	8	0	0	0	117	115	4	0	39	0	0	0	0	0	0	0	0	0	0	8	0	0	0	117	115	19	30	52	0	0	0	0	0	0	0	0	0	0	26	0	0	0	0	0	8	0	8	0	7	20	156	121	49	0	0	39	0	0	39	0	0	8	0	0	0	117	112	0	0	39	0	0	0	0	0	0	0	0	0	0	8	0	0	0	117	115	4	0	39	0	0	0	0	0	0	0	0	0	0	0	0	0	0	0	0	0	0	8	0	0	0	117	115	19	30	52	0	0	0	0	0	0	0	0	0	0	0	0	0	0	0	0	0	0	26	0	0	0	0	0	8	0	8	0	7	20	156	121
143	127	20	15	123	111	6	0	66	20	15	123	9	0	7	45	11	0	123	371	95	0	0	65	6	0	66	0	0	0	42	0	0	66	252	20	15	123	0	0	44	14	0	0	0	0	9	0	7	45	11	0	123	371	79	0	0	65	0	0	65	0	0	0	42	0	0	65	250	6	0	66	0	0	0	14	0	0	0	0	0	0	0	42	0	0	66	252	20	15	123	0	0	0	0	0	0	0	0	0	0	44	14	0	0	0	0	9	0	7	45	11	0	123	371	63	0	0	65	0	0	65	0	0	0	42	0	0	65	223	0	0	65	0	0	0	14	0	0	0	0	0	0	0	42	0	0	65	250	6	0	66	0	0	0	0	0	0	0	0	0	0	0	14	0	0	0	0	0	0	0	42	0	0	66	252	20	15	123	0	0	0	0	0	0	0	0	0	0	0	0	0	0	0	0	0	0	44	14	0	0	0	0	9	0	7	45	11	0	123	371
141	125	23	39	129	109	6	0	103	23	39	129	12	0	43	87	14	26	387	146	93	0	0	102	6	0	103	0	0	33	84	0	0	309	128	23	39	129	0	0	45	14	0	0	0	0	12	0	43	87	14	26	387	146	77	0	0	102	0	0	102	0	0	33	84	0	0	306	128	6	0	103	0	0	11	14	0	0	0	0	0	0	33	84	0	0	309	128	23	39	129	0	0	0	0	0	0	0	0	0	0	45	14	0	0	0	0	12	0	43	87	14	26	387	146	61	0	0	102	0	0	102	0	0	33	84	0	0	306	124	0	0	102	0	0	11	14	0	0	0	0	0	0	33	84	0	0	306	128	6	0	103	0	0	0	0	0	0	0	0	0	0	11	14	0	0	0	0	0	0	33	84	0	0	309	128	23	39	129	0	0	0	0	0	0	0	0	0	0	0	0	0	0	0	0	0	0	45	14	0	0	0	0	12	0	43	87	14	26	387	146
127	112	26	62	52	97	7	18	21	26	62	52	10	72	65	21	16	27	208	192	82	0	0	21	7	18	21	0	0	53	21	0	0	84	152	26	62	52	0	0	78	0	0	0	104	0	10	72	65	21	16	27	208	192	67	0	0	21	0	0	21	0	0	53	21	0	0	84	152	7	18	21	0	0	41	0	0	0	42	0	0	0	53	21	0	0	84	152	26	62	52	0	0	0	0	0	0	0	0	0	0	78	0	0	0	104	0	10	72	65	21	16	27	208	192	52	0	0	21	0	0	21	0	0	53	21	0	0	84	148	0	0	21	0	0	41	0	0	0	42	0	0	0	53	21	0	0	84	152	7	18	21	0	0	0	0	0	0	0	0	0	0	41	0	0	0	42	0	0	0	53	21	0	0	84	152	26	62	52	0	0	0	0	0	0	0	0	0	0	0	0	0	0	0	0	0	0	78	0	0	0	104	0	10	72	65	21	16	27	208	192
96	85	19	24	43	74	5	0	0	19	24	43	9	0	7	0	9	16	129	306	63	0	0	0	5	0	0	0	0	0	0	0	0	0	229	19	24	43	0	0	33	0	0	0	0	0	9	0	7	0	9	16	129	306	52	0	0	0	0	0	0	0	0	0	0	0	0	0	228	5	0	0	0	0	0	0	0	0	0	0	0	0	0	0	0	0	0	229	19	24	43	0	0	0	0	0	0	0	0	0	0	33	0	0	0	0	0	9	0	7	0	9	16	129	306	41	0	0	0	0	0	0	0	0	0	0	0	0	0	211	0	0	0	0	0	0	0	0	0	0	0	0	0	0	0	0	0	0	228	5	0	0	0	0	0	0	0	0	0	0	0	0	0	0	0	0	0	0	0	0	0	0	0	0	0	229	19	24	43	0	0	0	0	0	0	0	0	0	0	0	0	0	0	0	0	0	0	33	0	0	0	0	0	9	0	7	0	9	16	129	306
88	77	4	0	79	66	0	0	22	4	0	79	0	0	18	8	0	0	0	399	55	0	0	22	0	0	22	0	0	0	8	0	0	0	229	4	0	79	0	0	0	0	0	0	0	0	0	0	18	8	0	0	0	399	44	0	0	22	0	0	22	0	0	0	8	0	0	0	227	0	0	22	0	0	0	0	0	0	0	0	0	0	0	8	0	0	0	229	4	0	79	0	0	0	0	0	0	0	0	0	0	0	0	0	0	0	0	0	0	18	8	0	0	0	399	33	0	0	22	0	0	22	0	0	0	8	0	0	0	227	0	0	22	0	0	0	0	0	0	0	0	0	0	0	8	0	0	0	227	0	0	22	0	0	0	0	0	0	0	0	0	0	0	0	0	0	0	0	0	0	0	8	0	0	0	229	4	0	79	0	0	0	0	0	0	0	0	0	0	0	0	0	0	0	0	0	0	0	0	0	0	0	0	0	0	18	8	0	0	0	399
110	96	13	24	139	82	0	0	136	13	24	139	0	0	126	35	1	0	278	0	68	0	0	134	0	0	136	0	0	121	32	0	0	272	0	13	24	139	0	0	0	21	0	0	0	0	0	0	126	35	1	0	278	0	54	0	0	134	0	0	134	0	0	117	32	0	0	268	0	0	0	136	0	0	0	21	0	0	0	0	0	0	121	32	0	0	272	0	13	24	139	0	0	0	0	0	0	0	0	0	0	0	21	0	0	0	0	0	0	126	35	1	0	278	0	40	0	0	134	0	0	134	0	0	117	32	0	0	268	0	0	0	134	0	0	0	21	0	0	0	0	0	0	117	32	0	0	268	0	0	0	136	0	0	0	0	0	0	0	0	0	0	0	21	0	0	0	0	0	0	121	32	0	0	272	0	13	24	139	0	0	0	0	0	0	0	0	0	0	0	0	0	0	0	0	0	0	0	21	0	0	0	0	0	0	126	35	1	0	278	0
103	90	12	12	119	77	0	0	107	12	12	119	0	0	96	35	0	0	119	52	64	0	0	105	0	0	107	0	0	73	32	0	0	107	21	12	12	119	0	0	0	21	0	0	0	0	0	0	96	35	0	0	119	52	51	0	0	105	0	0	105	0	0	69	32	0	0	105	21	0	0	107	0	0	0	21	0	0	0	0	0	0	73	32	0	0	107	21	12	12	119	0	0	0	0	0	0	0	0	0	0	0	21	0	0	0	0	0	0	96	35	0	0	119	52	38	0	0	105	0	0	105	0	0	69	32	0	0	105	21	0	0	105	0	0	0	21	0	0	0	0	0	0	69	32	0	0	105	21	0	0	107	0	0	0	0	0	0	0	0	0	0	0	21	0	0	0	0	0	0	73	32	0	0	107	21	12	12	119	0	0	0	0	0	0	0	0	0	0	0	0	0	0	0	0	0	0	0	21	0	0	0	0	0	0	96	35	0	0	119	52
64	56	5	0	52	48	0	0	12	5	0	52	0	0	18	0	0	0	0	276	40	0	0	12	0	0	12	0	0	0	0	0	0	0	163	5	0	52	0	0	0	0	0	0	0	0	0	0	18	0	0	0	0	276	32	0	0	12	0	0	12	0	0	0	0	0	0	0	162	0	0	12	0	0	0	0	0	0	0	0	0	0	0	0	0	0	0	163	5	0	52	0	0	0	0	0	0	0	0	0	0	0	0	0	0	0	0	0	0	18	0	0	0	0	276	24	0	0	12	0	0	12	0	0	0	0	0	0	0	162	0	0	12	0	0	0	0	0	0	0	0	0	0	0	0	0	0	0	162	0	0	12	0	0	0	0	0	0	0	0	0	0	0	0	0	0	0	0	0	0	0	0	0	0	0	163	5	0	52	0	0	0	0	0	0	0	0	0	0	0	0	0	0	0	0	0	0	0	0	0	0	0	0	0	0	18	0	0	0	0	276
118	103	9	26	103	88	0	0	57	9	26	103	0	0	71	52	0	0	206	276	73	0	0	49	0	0	57	0	0	47	22	0	0	114	163	9	26	103	0	0	0	11	0	0	0	25	0	0	71	52	0	0	206	276	58	0	0	49	0	0	49	0	0	39	22	0	0	98	162	0	0	57	0	0	0	11	0	0	0	13	0	0	47	22	0	0	114	163	9	26	103	0	0	0	0	0	0	0	0	0	0	0	11	0	0	0	25	0	0	71	52	0	0	206	276	43	0	0	49	0	0	49	0	0	39	22	0	0	98	162	0	0	49	0	0	0	11	0	0	0	13	0	0	39	22	0	0	98	162	0	0	57	0	0	0	0	0	0	0	0	0	0	0	11	0	0	0	13	0	0	47	22	0	0	114	163	9	26	103	0	0	0	0	0	0	0	0	0	0	0	0	0	0	0	0	0	0	0	11	0	0	0	25	0	0	71	52	0	0	206	276
77	66	2	0	111	55	1	0	80	2	0	111	0	0	0	78	3	0	0	242	44	1	0	79	1	0	80	0	0	0	76	2	0	0	193	2	0	111	0	0	0	11	0	0	0	0	0	0	0	78	3	0	0	242	33	1	0	74	1	0	79	0	0	0	74	2	0	0	183	1	0	80	0	0	0	10	0	0	0	0	0	0	0	76	2	0	0	193	1	0	111	0	0	0	66	0	0	0	0	0	0	0	11	0	0	0	0	0	0	0	78	1	0	0	242	22	0	0	73	1	0	74	0	0	0	74	2	0	0	183	1	0	79	0	0	0	10	0	0	0	0	0	0	0	74	2	0	0	183	0	0	80	0	0	0	62	0	0	0	0	0	0	0	10	0	0	0	0	0	0	0	76	0	0	0	193	1	0	111	0	0	9	13	0	0	0	0	0	0	0	66	0	0	0	0	0	0	0	11	0	0	0	0	0	0	0	78	1	0	0	242
90	77	14	12	103	64	5	0	102	14	12	103	4	0	53	12	29	12	103	0	51	2	0	102	5	0	102	0	0	53	12	13	0	102	0	14	12	103	4	0	28	0	7	0	0	0	4	0	53	12	29	12	103	0	38	2	0	97	2	0	102	0	0	53	12	6	0	102	0	5	0	102	4	0	28	0	6	0	0	0	0	0	53	12	13	0	102	0	12	12	103	2	0	0	66	0	0	0	0	4	0	28	0	6	0	0	0	4	0	53	12	23	12	103	0	25	0	0	82	2	0	97	0	0	53	12	6	0	97	0	2	0	102	0	0	28	0	1	0	0	0	0	0	53	12	6	0	102	0	3	0	102	0	0	0	52	0	0	0	0	4	0	28	0	5	0	0	0	0	0	53	12	7	0	102	0	12	12	103	0	0	18	46	0	0	0	56	2	0	0	66	0	0	0	0	4	0	28	0	6	0	0	0	4	0	53	12	23	12	103	0
84	72	0	0	147	60	0	0	97	0	0	147	0	0	0	156	0	0	0	361	48	0	0	80	0	0	97	0	0	0	112	0	0	0	300	0	0	147	0	0	0	100	0	0	0	52	0	0	0	156	0	0	0	361	36	0	0	61	0	0	80	0	0	0	107	0	0	0	288	0	0	97	0	0	0	32	0	0	0	21	0	0	0	112	0	0	0	300	0	0	147	0	0	0	77	0	0	0	121	0	0	0	100	0	0	0	52	0	0	0	156	0	0	0	361	24	0	0	60	0	0	61	0	0	0	107	0	0	0	288	0	0	80	0	0	0	32	0	0	0	21	0	0	0	107	0	0	0	288	0	0	97	0	0	0	73	0	0	0	115	0	0	0	32	0	0	0	21	0	0	0	112	0	0	0	300	0	0	147	0	0	0	13	0	0	0	0	0	0	0	77	0	0	0	121	0	0	0	100	0	0	0	52	0	0	0	156	0	0	0	361
105	90	3	0	139	75	0	0	131	3	0	139	0	0	0	83	4	0	0	0	60	0	0	111	0	0	131	0	0	0	41	0	0	0	0	3	0	139	0	0	0	115	0	0	0	52	0	0	0	83	4	0	0	0	45	0	0	69	0	0	111	0	0	0	32	0	0	0	0	0	0	131	0	0	0	10	0	0	0	21	0	0	0	41	0	0	0	0	3	0	139	0	0	0	96	0	0	0	211	0	0	0	115	0	0	0	52	0	0	0	83	4	0	0	0	30	0	0	51	0	0	69	0	0	0	32	0	0	0	0	0	0	111	0	0	0	10	0	0	0	21	0	0	0	32	0	0	0	0	0	0	131	0	0	0	62	0	0	0	151	0	0	0	10	0	0	0	21	0	0	0	41	0	0	0	0	3	0	139	0	0	0	39	0	0	0	56	0	0	0	96	0	0	0	211	0	0	0	115	0	0	0	52	0	0	0	83	4	0	0	0
75	64	15	18	62	53	2	0	62	15	18	62	6	0	68	0	29	27	124	0	42	0	0	62	2	0	62	0	0	68	0	2	0	124	0	15	18	62	0	0	16	0	5	0	0	0	6	0	68	0	29	27	124	0	31	0	0	61	0	0	62	0	0	68	0	0	0	124	0	2	0	62	0	0	16	0	2	0	0	0	0	0	68	0	2	0	124	0	15	18	62	0	0	0	10	3	0	0	0	0	0	16	0	5	0	0	0	6	0	68	0	29	27	124	0	20	0	0	45	0	0	61	0	0	68	0	0	0	122	0	0	0	62	0	0	16	0	0	0	0	0	0	0	68	0	0	0	124	0	2	0	62	0	0	0	0	0	0	0	0	0	0	16	0	2	0	0	0	0	0	68	0	2	0	124	0	15	18	62	0	0	0	45	4	0	0	56	0	0	0	10	3	0	0	0	0	0	16	0	5	0	0	0	6	0	68	0	29	27	124	0
53	44	17	8	60	35	7	0	33	17	8	60	4	0	39	51	39	8	60	165	26	6	0	33	7	0	33	3	0	34	51	20	0	33	164	14	8	60	7	0	0	0	13	8	0	0	4	0	39	51	33	8	60	165	17	3	0	33	6	0	33	3	0	34	51	16	0	33	164	4	0	33	0	0	0	0	3	0	0	0	3	0	34	51	14	0	33	164	10	8	60	9	0	20	0	4	0	0	0	7	0	0	0	10	8	0	0	1	0	39	51	19	8	60	165	8	0	0	33	3	0	33	0	0	34	51	6	0	33	158	3	0	33	0	0	0	0	2	0	0	0	3	0	34	51	10	0	33	164	0	0	33	0	0	18	0	0	0	0	0	0	0	0	0	0	0	0	0	0	0	34	51	0	0	33	164	9	8	60	0	0	0	0	2	0	0	0	9	0	20	0	4	0	0	0	7	0	0	0	10	8	0	0	0	0	39	51	17	8	60	165
73	60	40	40	39	47	13	0	36	39	40	39	25	0	39	22	70	112	195	0	34	8	0	36	12	0	36	7	0	38	22	30	0	180	0	33	40	39	8	0	0	0	16	40	0	0	23	0	39	22	58	112	195	0	21	5	0	36	7	0	36	5	0	38	22	16	0	180	0	6	0	36	1	0	0	0	4	0	0	0	5	0	38	22	18	0	180	0	27	40	39	14	0	0	0	8	16	0	0	7	0	0	0	12	40	0	0	18	0	39	22	40	112	195	0	8	0	0	36	4	0	36	0	0	38	22	8	0	180	0	1	0	36	0	0	0	0	1	0	0	0	3	0	38	22	4	0	180	0	0	0	36	0	0	0	0	0	0	0	0	0	0	0	0	0	0	0	0	0	0	38	22	0	0	180	0	13	40	39	0	0	0	0	4	8	0	0	12	0	0	0	8	16	0	0	3	0	0	0	12	40	0	0	0	0	39	22	27	112	195	0
64	53	31	18	46	42	10	0	32	30	18	46	10	0	51	42	68	27	92	62	31	8	0	32	9	0	32	7	0	48	42	24	0	64	62	24	18	46	8	0	0	0	20	18	0	0	8	0	51	42	56	27	92	62	20	5	0	32	7	0	32	5	0	48	42	16	0	64	62	3	0	32	1	0	0	0	3	0	0	0	5	0	48	42	12	0	64	62	21	18	46	14	0	0	0	8	18	0	0	7	0	0	0	17	18	0	0	3	0	51	42	44	27	92	62	9	0	0	32	4	0	32	0	0	48	42	8	0	64	61	1	0	32	0	0	0	0	1	0	0	0	3	0	48	42	4	0	64	62	0	0	32	0	0	0	0	0	0	0	0	0	0	0	0	0	0	0	0	0	0	48	42	0	0	64	62	18	18	46	0	0	0	0	4	9	0	0	12	0	0	0	8	18	0	0	3	0	0	0	17	18	0	0	0	0	51	42	40	27	92	62
54	42	35	50	7	30	7	32	6	27	50	7	11	24	7	6	51	116	21	0	21	4	29	6	5	32	6	4	24	6	6	14	80	18	0	20	23	7	5	15	0	0	13	18	0	0	5	24	7	6	39	62	21	0	13	2	15	6	3	29	6	2	15	6	6	6	68	18	0	2	8	6	1	0	0	0	2	8	0	0	2	24	6	6	8	32	18	0	18	15	7	5	45	0	0	6	10	7	0	4	15	0	0	11	10	0	0	3	0	7	6	31	30	21	0	5	0	0	6	1	15	6	0	0	6	6	2	30	18	0	0	5	6	0	0	0	0	0	5	0	0	0	15	6	6	0	20	18	0	0	0	6	0	0	0	0	0	0	6	0	0	0	0	0	0	0	0	0	0	0	6	6	0	0	18	0	12	15	7	0	0	0	0	3	5	21	0	3	45	0	0	6	10	7	0	0	15	0	0	11	10	0	0	0	0	7	6	25	30	21	0
35	28	27	15	0	21	9	6	0	24	15	0	10	0	0	0	51	30	0	0	15	7	6	0	8	6	0	7	0	0	0	22	12	0	0	19	9	0	8	0	0	0	12	6	0	0	8	0	0	0	41	18	0	0	9	4	3	0	6	6	0	5	0	0	0	14	12	0	0	3	0	0	1	0	0	0	3	0	0	0	5	0	0	0	12	0	0	0	16	9	0	11	9	0	0	6	6	0	0	7	0	0	0	9	6	0	0	3	0	0	0	29	18	0	0	3	0	0	0	3	3	0	0	0	0	0	6	6	0	0	1	0	0	0	0	0	0	1	0	0	0	3	0	0	0	4	0	0	0	0	0	0	0	0	0	0	0	0	0	0	0	0	0	0	0	0	0	0	0	0	0	0	0	0	0	0	10	9	0	0	0	0	0	3	3	0	0	9	9	0	0	6	6	0	0	3	0	0	0	9	6	0	0	0	0	0	0	23	18	0	0
77	61	34	29	88	45	15	14	46	32	29	88	28	14	0	78	53	88	88	152	29	7	0	42	13	14	46	7	0	0	69	32	56	46	107	22	29	88	5	0	27	35	5	15	88	0	22	14	0	78	35	88	88	152	14	1	0	42	6	0	42	2	0	0	69	12	0	42	107	7	14	46	1	0	20	35	4	14	46	0	5	0	0	69	20	56	46	107	13	14	88	2	0	18	0	0	0	0	0	4	0	27	35	0	0	88	0	17	14	0	78	11	28	88	152	0	0	0	42	0	0	42	0	0	0	69	0	0	42	107	0	0	42	0	0	18	35	0	0	42	0	0	0	0	69	0	0	42	107	0	0	46	0	0	0	0	0	0	0	0	0	0	20	35	0	0	46	0	0	0	0	69	0	0	46	107	0	0	88	0	0	0	0	0	0	0	0	0	0	18	0	0	0	0	0	0	0	27	35	0	0	88	0	0	0	0	78	0	0	88	152
74	57	28	87	48	40	8	27	37	26	87	48	11	135	0	26	39	129	240	39	23	3	0	36	6	27	37	4	0	0	25	18	54	185	36	18	87	48	5	0	22	9	4	14	144	0	5	135	0	26	27	129	240	39	9	1	0	36	2	0	36	2	0	0	25	4	0	180	36	4	27	37	1	0	20	9	3	9	111	0	2	0	0	25	14	54	185	36	9	45	48	2	0	0	0	0	0	0	0	4	0	22	9	0	0	144	0	3	135	0	26	8	45	240	39	0	0	0	36	0	0	36	0	0	0	25	0	0	180	36	0	0	36	0	0	18	9	0	0	108	0	0	0	0	25	0	0	180	36	0	0	37	0	0	0	0	0	0	0	0	0	0	20	9	0	0	111	0	0	0	0	25	0	0	185	36	0	0	48	0	0	0	0	0	0	0	0	0	0	0	0	0	0	0	0	0	0	22	9	0	0	144	0	0	0	0	26	0	0	240	39
61	46	32	67	35	32	10	43	8	27	53	35	23	64	0	16	43	110	70	92	20	4	29	8	9	31	8	3	40	0	16	22	80	16	74	19	29	35	0	47	5	0	4	11	35	0	19	40	0	16	29	62	70	92	9	0	9	8	4	18	8	0	18	0	16	8	36	16	74	5	9	8	0	9	0	0	3	9	8	0	3	18	0	16	14	36	16	74	12	18	35	0	18	18	0	0	0	70	0	0	36	5	0	0	0	35	0	16	18	0	16	11	18	70	92	0	0	0	8	0	0	8	0	0	0	16	0	0	16	74	0	0	8	0	0	0	0	0	0	8	0	0	0	0	16	0	0	16	74	0	0	8	0	0	0	0	0	0	16	0	0	0	0	0	0	0	8	0	0	0	0	16	0	0	16	74	0	0	35	0	0	0	0	0	0	35	0	0	0	18	0	0	0	70	0	0	0	5	0	0	0	35	0	0	0	0	16	0	0	70	92
42	33	21	18	18	24	8	0	8	20	18	18	22	0	0	16	33	12	54	39	15	3	0	8	7	0	8	4	0	0	16	18	0	24	36	18	18	18	5	0	0	0	4	0	0	0	20	0	0	16	29	12	54	39	6	1	0	8	2	0	8	2	0	0	16	4	0	24	36	5	0	8	1	0	0	0	3	0	0	0	2	0	0	16	14	0	24	36	11	18	18	2	0	0	0	0	0	0	0	4	0	0	0	0	0	0	0	18	0	0	16	11	12	54	39	0	0	0	8	0	0	8	0	0	0	16	0	0	24	36	0	0	8	0	0	0	0	0	0	0	0	0	0	0	16	0	0	24	36	0	0	8	0	0	0	0	0	0	0	0	0	0	0	0	0	0	0	0	0	0	0	16	0	0	24	36	0	0	18	0	0	0	0	0	0	0	0	0	0	0	0	0	0	0	0	0	0	0	0	0	0	0	0	0	0	0	16	0	0	54	39
47	37	26	21	16	27	13	0	0	25	21	16	25	0	0	0	45	14	48	46	17	7	0	0	12	0	0	7	0	0	0	30	0	0	42	19	21	16	5	0	5	0	5	0	0	0	23	0	0	0	33	14	48	46	7	1	0	0	6	0	0	2	0	0	0	12	0	0	42	6	0	0	1	0	0	0	4	0	0	0	5	0	0	0	18	0	0	42	11	21	16	2	0	18	0	0	0	0	0	4	0	5	0	0	0	0	0	18	0	0	0	11	14	48	46	0	0	0	0	0	0	0	0	0	0	0	0	0	0	42	0	0	0	0	0	0	0	0	0	0	0	0	0	0	0	0	0	0	42	0	0	0	0	0	0	0	0	0	0	0	0	0	0	0	0	0	0	0	0	0	0	0	0	0	0	42	0	0	16	0	0	0	0	0	0	0	0	0	0	18	0	0	0	0	0	0	0	5	0	0	0	0	0	0	0	0	0	0	0	48	46
42	31	16	18	45	20	4	0	0	14	18	45	8	0	50	0	25	36	90	205	9	1	0	0	2	0	0	2	0	0	0	4	0	0	99	8	18	45	1	0	18	0	3	9	0	0	2	0	50	0	15	36	90	205	0	0	0	0	0	0	0	0	0	0	0	0	0	0	94	0	0	0	0	0	0	0	0	0	0	0	0	0	0	0	0	0	0	99	0	0	45	0	0	9	0	0	0	0	0	0	0	18	0	0	0	0	0	0	0	50	0	0	0	90	205	0	0	0	0	0	0	0	0	0	0	0	0	0	0	94	0	0	0	0	0	0	0	0	0	0	0	0	0	0	0	0	0	0	94	0	0	0	0	0	0	0	0	0	0	0	0	0	0	0	0	0	0	0	0	0	0	0	0	0	0	99	0	0	0	0	0	0	0	0	0	0	0	0	0	0	0	0	0	0	0	0	0	0	0	0	0	0	0	0	0	0	0	0	0	0	205
28	21	10	0	31	14	3	0	0	9	0	31	4	0	36	0	18	0	0	117	7	1	0	0	2	0	0	2	0	0	0	4	0	0	53	7	0	31	1	0	18	0	3	0	0	0	2	0	36	0	14	0	0	117	0	0	0	0	0	0	0	0	0	0	0	0	0	0	52	0	0	0	0	0	0	0	0	0	0	0	0	0	0	0	0	0	0	53	0	0	31	0	0	9	0	0	0	0	0	0	0	18	0	0	0	0	0	0	0	36	0	0	0	0	117	0	0	0	0	0	0	0	0	0	0	0	0	0	0	52	0	0	0	0	0	0	0	0	0	0	0	0	0	0	0	0	0	0	52	0	0	0	0	0	0	0	0	0	0	0	0	0	0	0	0	0	0	0	0	0	0	0	0	0	0	53	0	0	0	0	0	0	0	0	0	0	0	0	0	0	0	0	0	0	0	0	0	0	0	0	0	0	0	0	0	0	0	0	0	0	117
28	21	8	0	22	14	0	0	0	8	0	22	0	0	27	0	11	0	0	82	7	0	0	0	0	0	0	0	0	0	0	0	0	0	45	8	0	22	0	0	0	0	2	0	0	0	0	0	27	0	11	0	0	82	0	0	0	0	0	0	0	0	0	0	0	0	0	0	44	0	0	0	0	0	0	0	0	0	0	0	0	0	0	0	0	0	0	45	0	0	22	0	0	0	0	0	0	0	0	0	0	0	0	0	0	0	0	0	0	27	0	0	0	0	82	0	0	0	0	0	0	0	0	0	0	0	0	0	0	44	0	0	0	0	0	0	0	0	0	0	0	0	0	0	0	0	0	0	44	0	0	0	0	0	0	0	0	0	0	0	0	0	0	0	0	0	0	0	0	0	0	0	0	0	0	45	0	0	0	0	0	0	0	0	0	0	0	0	0	0	0	0	0	0	0	0	0	0	0	0	0	0	0	0	0	0	0	0	0	0	82
23	17	7	5	9	11	0	0	0	7	5	9	0	0	27	0	11	0	9	48	5	0	0	0	0	0	0	0	0	0	0	0	0	0	37	7	5	9	0	0	0	0	2	0	0	0	0	0	27	0	11	0	9	48	0	0	0	0	0	0	0	0	0	0	0	0	0	0	36	0	0	0	0	0	0	0	0	0	0	0	0	0	0	0	0	0	0	37	0	0	9	0	0	0	0	0	0	0	0	0	0	0	0	0	0	0	0	0	0	27	0	0	0	9	48	0	0	0	0	0	0	0	0	0	0	0	0	0	0	36	0	0	0	0	0	0	0	0	0	0	0	0	0	0	0	0	0	0	36	0	0	0	0	0	0	0	0	0	0	0	0	0	0	0	0	0	0	0	0	0	0	0	0	0	0	37	0	0	0	0	0	0	0	0	0	0	0	0	0	0	0	0	0	0	0	0	0	0	0	0	0	0	0	0	0	0	0	0	0	0	48
22	16	7	8	9	10	0	0	0	7	8	9	0	0	27	0	10	4	18	48	4	0	0	0	0	0	0	0	0	0	0	0	0	0	37	6	8	9	0	0	0	0	2	0	0	0	0	0	27	0	10	4	18	48	0	0	0	0	0	0	0	0	0	0	0	0	0	0	36	0	0	0	0	0	0	0	0	0	0	0	0	0	0	0	0	0	0	37	0	0	9	0	0	0	0	0	0	0	0	0	0	0	0	0	0	0	0	0	0	27	0	0	0	18	48	0	0	0	0	0	0	0	0	0	0	0	0	0	0	36	0	0	0	0	0	0	0	0	0	0	0	0	0	0	0	0	0	0	36	0	0	0	0	0	0	0	0	0	0	0	0	0	0	0	0	0	0	0	0	0	0	0	0	0	0	37	0	0	0	0	0	0	0	0	0	0	0	0	0	0	0	0	0	0	0	0	0	0	0	0	0	0	0	0	0	0	0	0	0	0	48
25	16	12	14	37	7	2	0	32	8	14	37	7	0	0	45	10	14	74	0	0	0	0	21	0	0	32	0	0	0	0	0	0	64	0	0	0	37	0	0	0	22	0	0	0	48	0	0	0	45	0	0	74	0	0	0	0	20	0	0	21	0	0	0	0	0	0	42	0	0	0	32	0	0	0	20	0	0	0	37	0	0	0	0	0	0	64	0	0	0	0	0	0	0	10	0	0	0	0	0	0	0	22	0	0	0	48	0	0	0	45	0	0	0	0	0	0	0	18	0	0	20	0	0	0	0	0	0	40	0	0	0	21	0	0	0	18	0	0	0	36	0	0	0	0	0	0	42	0	0	0	0	0	0	0	9	0	0	0	0	0	0	0	20	0	0	0	37	0	0	0	0	0	0	0	0	0	0	0	0	0	0	18	0	0	0	0	0	0	0	10	0	0	0	0	0	0	0	22	0	0	0	48	0	0	0	0	0	0	0	0
39	24	19	54	70	10	2	10	53	11	40	70	5	40	46	77	16	60	280	45	0	0	0	16	0	0	53	0	0	42	0	0	0	212	0	0	0	70	0	0	11	37	0	0	70	171	0	0	46	77	0	0	280	45	0	0	0	10	0	0	16	0	0	15	0	0	0	64	0	0	0	53	0	0	9	20	0	0	53	91	0	0	42	0	0	0	212	0	0	0	0	0	0	0	10	0	0	0	7	0	0	0	37	0	0	0	171	0	0	0	77	0	0	0	45	0	0	0	9	0	0	10	0	0	0	0	0	0	40	0	0	0	16	0	0	0	18	0	0	16	86	0	0	15	0	0	0	64	0	0	0	0	0	0	0	9	0	0	0	6	0	0	0	20	0	0	0	91	0	0	0	0	0	0	0	0	0	0	0	0	0	0	9	0	0	0	0	0	0	0	10	0	0	0	7	0	0	0	37	0	0	0	171	0	0	0	0	0	0	0	0
24	16	12	0	32	8	2	0	9	10	0	32	7	0	0	45	12	0	0	63	0	0	0	0	0	0	9	0	0	0	0	0	0	0	0	0	0	32	0	0	0	0	0	0	0	48	0	0	0	45	0	0	0	63	0	0	0	0	0	0	0	0	0	0	0	0	0	0	0	0	0	9	0	0	0	0	0	0	0	37	0	0	0	0	0	0	0	0	0	0	0	0	0	0	0	0	0	0	0	0	0	0	0	0	0	0	48	0	0	0	45	0	0	0	63	0	0	0	0	0	0	0	0	0	0	0	0	0	0	0	0	0	0	0	0	0	0	0	0	0	36	0	0	0	0	0	0	0	0	0	0	0	0	0	0	0	0	0	0	0	0	0	0	0	0	0	0	37	0	0	0	0	0	0	0	0	0	0	0	0	0	0	0	0	0	0	0	0	0	0	0	0	0	0	0	0	0	0	0	0	0	0	48	0	0	0	0	0	0	0	0
17	11	11	5	4	5	2	0	0	9	5	4	7	0	0	0	12	0	4	9	0	0	0	0	0	0	0	0	0	0	0	0	0	0	0	0	0	4	0	0	0	0	0	0	0	0	0	0	0	0	0	0	4	9	0	0	0	0	0	0	0	0	0	0	0	0	0	0	0	0	0	0	0	0	0	0	0	0	0	0	0	0	0	0	0	0	0	0	0	0	0	0	0	0	0	0	0	0	0	0	0	0	0	0	0	0	0	0	0	0	0	0	0	0	9	0	0	0	0	0	0	0	0	0	0	0	0	0	0	0	0	0	0	0	0	0	0	0	0	0	0	0	0	0	0	0	0	0	0	0	0	0	0	0	0	0	0	0	0	0	0	0	0	0	0	0	0	0	0	0	0	0	0	0	0	0	0	0	0	0	0	0	0	0	0	0	0	0	0	0	0	0	0	0	0	0	0	0	0	0	0	0	0	0	0	0	0	0	0	0	0
19	11	12	19	0	4	1	4	0	7	12	0	4	12	0	0	8	16	0	0	0	0	0	0	0	0	0	0	0	0	0	0	0	0	0	0	0	0	0	0	0	0	0	0	0	0	0	0	0	0	0	0	0	0	0	0	0	0	0	0	0	0	0	0	0	0	0	0	0	0	0	0	0	0	0	0	0	0	0	0	0	0	0	0	0	0	0	0	0	0	0	0	0	0	0	0	0	0	0	0	0	0	0	0	0	0	0	0	0	0	0	0	0	0	0	0	0	0	0	0	0	0	0	0	0	0	0	0	0	0	0	0	0	0	0	0	0	0	0	0	0	0	0	0	0	0	0	0	0	0	0	0	0	0	0	0	0	0	0	0	0	0	0	0	0	0	0	0	0	0	0	0	0	0	0	0	0	0	0	0	0	0	0	0	0	0	0	0	0	0	0	0	0	0	0	0	0	0	0	0	0	0	0	0	0	0	0	0	0	0	0
18	8	8	16	30	0	0	0	8	0	0	30	0	0	14	8	0	0	60	107	0	0	0	8	0	0	8	0	0	0	8	0	0	16	85	0	0	0	0	0	0	0	0	0	0	0	0	0	0	8	0	0	0	107	0	0	0	5	0	0	8	0	0	0	5	0	0	16	37	0	0	0	0	0	0	0	0	0	0	0	0	0	0	8	0	0	0	85	0	0	0	0	0	0	15	0	0	0	0	0	0	0	0	0	0	0	0	0	0	0	0	0	0	0	0	0	0	0	0	0	0	5	0	0	0	0	0	0	10	30	0	0	0	0	0	0	0	0	0	0	0	0	0	0	5	0	0	0	37	0	0	0	0	0	0	0	0	0	0	0	0	0	0	0	0	0	0	0	0	0	0	0	0	0	0	0	0	0	0	0	0	0	0	0	0	0	7	0	0	0	15	0	0	0	0	0	0	0	0	0	0	0	0	0	0	0	0	0	0	0	0
14	6	7	12	27	0	0	0	25	0	0	27	0	0	12	19	0	0	54	0	0	0	0	23	0	0	25	0	0	11	17	0	0	50	0	0	0	0	0	0	0	18	0	0	0	0	0	0	0	19	0	0	0	0	0	0	0	8	0	0	23	0	0	9	5	0	0	46	0	0	0	0	0	0	0	0	0	0	0	0	0	0	0	17	0	0	0	0	0	0	0	0	0	0	24	0	0	0	35	0	0	0	18	0	0	0	0	0	0	0	0	0	0	0	0	0	0	0	0	0	0	8	0	0	0	0	0	0	16	0	0	0	0	0	0	0	0	0	0	0	0	0	0	0	5	0	0	0	0	0	0	0	0	0	0	0	0	0	0	8	0	0	0	0	0	0	0	0	0	0	0	0	0	0	0	0	0	0	0	0	0	0	0	0	0	0	7	0	0	0	24	0	0	0	35	0	0	0	0	0	0	0	0	0	0	0	0	0	0	0	0
18	8	9	16	35	0	0	0	19	0	0	35	0	0	26	19	0	0	70	70	0	0	0	17	0	0	19	0	0	11	17	0	0	38	53	0	0	0	0	0	0	18	0	0	0	0	0	0	0	19	0	0	0	70	0	0	0	5	0	0	17	0	0	9	5	0	0	34	16	0	0	0	0	0	0	0	0	0	0	0	0	0	0	17	0	0	0	53	0	0	0	0	0	0	15	0	0	0	35	0	0	0	18	0	0	0	0	0	0	0	0	0	0	0	0	0	0	0	0	0	0	5	0	0	0	0	0	0	10	10	0	0	0	0	0	0	0	0	0	0	0	0	0	0	5	0	0	0	16	0	0	0	0	0	0	0	0	0	0	8	0	0	0	0	0	0	0	0	0	0	0	0	0	0	0	0	0	0	0	0	0	0	0	0	0	0	7	0	0	0	15	0	0	0	35	0	0	0	0	0	0	0	0	0	0	0	0	0	0	0	0
14	7	8	0	26	0	0	0	0	0	0	26	0	0	14	0	0	0	0	111	0	0	0	0	0	0	0	0	0	0	0	0	0	0	85	0	0	0	0	0	0	0	0	0	0	0	0	0	0	0	0	0	0	111	0	0	0	0	0	0	0	0	0	0	0	0	0	0	37	0	0	0	0	0	0	0	0	0	0	0	0	0	0	0	0	0	0	85	0	0	0	0	0	0	0	0	0	0	0	0	0	0	0	0	0	0	0	0	0	0	0	0	0	0	0	0	0	0	0	0	0	0	0	0	0	0	0	0	0	30	0	0	0	0	0	0	0	0	0	0	0	0	0	0	0	0	0	0	37	0	0	0	0	0	0	0	0	0	0	0	0	0	0	0	0	0	0	0	0	0	0	0	0	0	0	0	0	0	0	0	0	0	0	0	0	0	0	0	0	0	0	0	0	0	0	0	0	0	0	0	0	0	0	0	0	0	0	0	0	0	0
12	5	7	10	10	0	0	0	0	0	0	10	0	0	10	0	0	0	20	70	0	0	0	0	0	0	0	0	0	0	0	0	0	0	53	0	0	0	0	0	0	0	0	0	0	0	0	0	0	0	0	0	0	70	0	0	0	0	0	0	0	0	0	0	0	0	0	0	16	0	0	0	0	0	0	0	0	0	0	0	0	0	0	0	0	0	0	53	0	0	0	0	0	0	0	0	0	0	0	0	0	0	0	0	0	0	0	0	0	0	0	0	0	0	0	0	0	0	0	0	0	0	0	0	0	0	0	0	0	10	0	0	0	0	0	0	0	0	0	0	0	0	0	0	0	0	0	0	16	0	0	0	0	0	0	0	0	0	0	0	0	0	0	0	0	0	0	0	0	0	0	0	0	0	0	0	0	0	0	0	0	0	0	0	0	0	0	0	0	0	0	0	0	0	0	0	0	0	0	0	0	0	0	0	0	0	0	0	0	0	0
8	0	0	0	62	0	0	0	26	0	0	0	0	0	0	76	0	0	0	102	0	0	0	11	0	0	0	0	0	0	22	0	0	0	52	0	0	0	0	0	0	11	0	0	0	70	0	0	0	0	0	0	0	0	0	0	0	9	0	0	0	0	0	0	18	0	0	0	48	0	0	0	0	0	0	9	0	0	0	53	0	0	0	0	0	0	0	0	0	0	0	0	0	0	18	0	0	0	0	0	0	0	0	0	0	0	0	0	0	0	0	0	0	0	0	0	0	0	0	0	0	0	0	0	0	0	0	0	0	18	0	0	0	0	0	0	0	0	0	0	16	0	0	0	0	0	0	0	0	0	0	0	0	0	0	0	0	0	0	0	0	0	0	0	0	0	0	0	0	0	0	0	0	0	0	0	0	0	0	0	0	0	0	0	0	0	35	0	0	0	0	0	0	0	0	0	0	0	0	0	0	0	0	0	0	0	0	0	0	0	0
5	0	0	0	27	0	0	0	0	0	0	0	0	0	0	0	0	0	0	102	0	0	0	0	0	0	0	0	0	0	0	0	0	0	52	0	0	0	0	0	0	0	0	0	0	0	0	0	0	0	0	0	0	0	0	0	0	0	0	0	0	0	0	0	0	0	0	0	48	0	0	0	0	0	0	0	0	0	0	0	0	0	0	0	0	0	0	0	0	0	0	0	0	0	0	0	0	0	0	0	0	0	0	0	0	0	0	0	0	0	0	0	0	0	0	0	0	0	0	0	0	0	0	0	0	0	0	0	0	18	0	0	0	0	0	0	0	0	0	0	0	0	0	0	0	0	0	0	0	0	0	0	0	0	0	0	0	0	0	0	0	0	0	0	0	0	0	0	0	0	0	0	0	0	0	0	0	0	0	0	0	0	0	0	0	0	0	0	0	0	0	0	0	0	0	0	0	0	0	0	0	0	0	0	0	0	0	0	0	0	0
