102	100	7	0	0	98	7	0	0	7	0	0	5	0	0	0	6	0	0	0	96	7	0	0	7	0	0	5	0	0	0	6	0	0	0	7	0	0	0	0	0	0	0	0	0	0	5	0	0	0	6	0	0	0	94	7	0	0	7	0	0	5	0	0	0	6	0	0	0	7	0	0	0	0	0	0	0	0	0	0	5	0	0	0	6	0	0	0	7	0	0	0	0	0	0	0	0	0	0	0	0	0	0	0	0	0	0	5	0	0	0	6	0	0	0	92	7	0	0	7	0	0	5	0	0	0	6	0	0	0	7	0	0	0	0	0	0	0	0	0	0	5	0	0	0	6	0	0	0	7	0	0	0	0	0	0	0	0	0	0	0	0	0	0	0	0	0	0	5	0	0	0	6	0	0	0	7	0	0	0	0	0	0	0	0	0	0	0	0	0	0	0	0	0	0	0	0	0	0	0	0	0	0	5	0	0	0	6	0	0	0
153	150	14	0	0	147	13	0	0	14	0	0	10	0	0	0	11	0	0	0	144	13	0	0	13	0	0	10	0	0	0	11	0	0	0	14	0	0	0	0	0	0	1	0	0	0	10	0	0	0	11	0	0	0	141	13	0	0	13	0	0	10	0	0	0	11	0	0	0	13	0	0	0	0	0	0	0	0	0	0	10	0	0	0	11	0	0	0	14	0	0	0	0	0	0	2	0	0	0	0	0	0	0	1	0	0	0	10	0	0	0	11	0	0	0	138	13	0	0	13	0	0	10	0	0	0	11	0	0	0	13	0	0	0	0	0	0	0	0	0	0	10	0	0	0	11	0	0	0	13	0	0	0	0	0	0	1	0	0	0	0	0	0	0	0	0	0	0	10	0	0	0	11	0	0	0	14	0	0	2	0	0	0	2	0	0	0	0	0	0	0	2	0	0	0	0	0	0	0	1	0	0	0	10	0	0	0	11	0	0	0
517	506	34	39	0	495	25	34	0	34	39	0	22	20	0	0	22	36	0	0	484	25	34	0	25	34	0	22	20	0	0	22	36	0	0	34	39	0	0	0	0	0	3	0	0	0	22	20	0	0	22	36	0	0	473	25	34	0	25	34	0	22	20	0	0	22	36	0	0	25	34	0	0	0	0	0	1	0	0	0	22	20	0	0	22	36	0	0	34	39	0	0	0	0	0	7	0	0	0	0	0	0	0	3	0	0	0	22	20	0	0	22	36	0	0	462	25	34	0	25	34	0	22	20	0	0	22	36	0	0	25	34	0	0	0	0	0	1	0	0	0	22	20	0	0	22	36	0	0	25	34	0	0	0	0	0	3	0	0	0	0	0	0	0	1	0	0	0	22	20	0	0	22	36	0	0	34	39	0	4	0	0	0	6	0	0	0	0	0	0	0	7	0	0	0	0	0	0	0	3	0	0	0	22	20	0	0	22	36	0	0
460	450	53	40	0	440	46	32	0	53	40	0	43	24	0	0	51	28	0	0	430	45	32	0	46	32	0	43	24	0	0	51	28	0	0	53	40	0	6	0	0	0	8	3	0	0	43	24	0	0	51	28	0	0	420	43	32	0	45	32	0	42	24	0	0	47	28	0	0	46	32	0	6	0	0	0	7	0	0	0	43	24	0	0	51	28	0	0	53	40	0	4	0	0	0	8	9	0	0	6	0	0	0	8	3	0	0	43	24	0	0	51	28	0	0	410	41	30	0	43	32	0	40	24	0	0	42	28	0	0	45	32	0	4	0	0	0	7	0	0	0	42	24	0	0	47	28	0	0	46	32	0	4	0	0	0	5	4	0	0	6	0	0	0	7	0	0	0	43	24	0	0	51	28	0	0	53	40	0	2	6	0	0	9	6	0	0	4	0	0	0	8	9	0	0	6	0	0	0	8	3	0	0	43	24	0	0	51	28	0	0
609	595	91	79	0	581	84	64	0	91	79	0	79	76	0	0	110	40	0	0	567	83	64	0	84	64	0	79	76	0	0	110	40	0	0	91	79	0	29	0	0	0	20	2	0	0	79	76	0	0	110	40	0	0	553	79	64	0	83	64	0	78	76	0	0	106	40	0	0	84	64	0	29	0	0	0	19	0	0	0	79	76	0	0	110	40	0	0	91	79	0	27	0	0	0	11	14	0	0	29	0	0	0	20	2	0	0	79	76	0	0	110	40	0	0	539	75	62	0	79	64	0	74	76	0	0	96	40	0	0	83	64	0	27	0	0	0	19	0	0	0	78	76	0	0	106	40	0	0	84	64	0	27	0	0	0	9	8	0	0	29	0	0	0	19	0	0	0	79	76	0	0	110	40	0	0	91	79	0	18	4	0	0	17	14	0	0	27	0	0	0	11	14	0	0	29	0	0	0	20	2	0	0	79	76	0	0	110	40	0	0
763	745	134	136	5	727	114	119	0	134	136	5	100	134	0	0	180	170	0	0	709	106	109	0	114	119	0	84	124	0	0	155	160	0	0	134	136	5	34	28	0	0	29	40	5	0	100	134	0	0	180	170	0	0	691	101	101	0	106	109	0	80	112	0	0	142	140	0	0	114	119	0	32	24	0	0	24	35	0	0	84	124	0	0	155	160	0	0	133	136	5	42	16	0	0	28	24	5	0	34	28	0	0	29	40	5	0	100	134	0	0	176	170	0	0	673	93	93	0	101	101	0	75	104	0	0	130	127	0	0	106	109	0	29	16	0	0	23	34	0	0	80	112	0	0	142	140	0	0	113	119	0	39	16	0	0	22	18	0	0	32	24	0	0	24	35	0	0	84	124	0	0	151	160	0	0	133	136	5	24	0	8	0	29	40	10	0	42	16	0	0	28	24	5	0	34	28	0	0	29	40	5	0	100	134	0	0	176	170	0	0
856	836	157	165	2	816	135	149	0	157	165	2	124	202	0	0	230	192	0	0	796	124	139	0	135	149	0	109	190	0	0	207	181	0	0	157	165	2	58	79	0	0	35	39	0	0	124	202	0	0	230	192	0	0	776	118	126	0	124	139	0	104	187	0	0	183	172	0	0	135	149	0	54	78	0	0	33	37	0	0	109	190	0	0	207	181	0	0	157	165	2	73	68	0	0	48	20	2	0	58	79	0	0	35	39	0	0	124	202	0	0	230	192	0	0	756	105	114	0	118	126	0	92	167	0	0	169	141	0	0	124	139	0	49	74	0	0	32	36	0	0	104	187	0	0	183	172	0	0	135	149	0	60	65	0	0	34	20	0	0	54	78	0	0	33	37	0	0	109	190	0	0	207	181	0	0	157	165	2	24	99	2	0	40	50	0	0	73	68	0	0	48	20	2	0	58	79	0	0	35	39	0	0	124	202	0	0	230	192	0	0
804	786	186	131	0	768	152	118	0	186	131	0	131	54	0	0	300	205	0	0	750	144	102	0	152	118	0	109	39	0	0	222	161	0	0	186	131	0	100	28	0	0	58	33	0	0	131	54	0	0	300	205	0	0	732	131	88	0	144	102	0	107	24	0	0	211	115	0	0	152	118	0	67	15	0	0	43	24	0	0	109	39	0	0	222	161	0	0	186	131	0	101	53	0	0	59	102	0	0	100	28	0	0	58	33	0	0	131	54	0	0	300	205	0	0	714	116	82	0	131	88	0	95	15	0	0	193	91	0	0	144	102	0	62	12	0	0	42	20	0	0	107	24	0	0	211	115	0	0	152	118	0	76	41	0	0	42	84	0	0	67	15	0	0	43	24	0	0	109	39	0	0	222	161	0	0	186	131	0	55	27	0	0	66	102	0	0	101	53	0	0	59	102	0	0	100	28	0	0	58	33	0	0	131	54	0	0	300	205	0	0
766	748	173	140	0	730	142	121	0	173	140	0	125	116	0	0	325	232	0	0	712	136	116	0	142	121	0	111	106	0	0	255	199	0	0	173	140	0	88	21	0	0	52	6	0	0	125	116	0	0	325	232	0	0	694	125	109	0	136	116	0	107	102	0	0	239	195	0	0	142	121	0	64	21	0	0	44	6	0	0	111	106	0	0	255	199	0	0	173	140	0	99	55	0	0	72	80	0	0	88	21	0	0	52	6	0	0	125	116	0	0	325	232	0	0	676	109	100	0	125	109	0	97	95	0	0	222	188	0	0	136	116	0	61	20	0	0	43	6	0	0	107	102	0	0	239	195	0	0	142	121	0	68	49	0	0	55	65	0	0	64	21	0	0	44	6	0	0	111	106	0	0	255	199	0	0	173	140	0	52	42	0	0	53	92	0	0	99	55	0	0	72	80	0	0	88	21	0	0	52	6	0	0	125	116	0	0	325	232	0	0
680	665	139	92	0	650	106	69	0	139	92	0	81	53	0	0	278	161	0	0	635	102	65	0	106	69	0	76	33	0	0	203	109	0	0	139	92	0	51	0	0	0	33	0	0	0	81	53	0	0	278	161	0	0	620	95	61	0	102	65	0	73	33	0	0	192	103	0	0	106	69	0	33	0	0	0	28	0	0	0	76	33	0	0	203	109	0	0	139	92	0	67	36	0	0	69	59	0	0	51	0	0	0	33	0	0	0	81	53	0	0	278	161	0	0	605	84	52	0	95	61	0	68	29	0	0	182	96	0	0	102	65	0	33	0	0	0	28	0	0	0	73	33	0	0	192	103	0	0	106	69	0	39	26	0	0	54	54	0	0	33	0	0	0	28	0	0	0	76	33	0	0	203	109	0	0	139	92	0	42	45	0	0	53	75	0	0	67	36	0	0	69	59	0	0	51	0	0	0	33	0	0	0	81	53	0	0	278	161	0	0
737	721	129	101	9	705	95	77	0	129	101	9	83	39	19	0	230	192	36	0	689	92	73	0	95	77	0	76	36	0	0	158	120	0	0	129	101	9	76	40	4	0	46	22	0	0	83	39	19	0	230	192	36	0	673	81	60	0	92	73	0	75	36	0	0	152	111	0	0	95	77	0	43	39	0	0	33	21	0	0	76	36	0	0	158	120	0	0	129	101	9	70	72	0	0	62	102	0	0	76	40	4	0	46	22	0	0	83	39	19	0	230	192	36	0	657	63	37	0	81	60	0	65	24	0	0	140	99	0	0	92	73	0	37	36	0	0	29	18	0	0	75	36	0	0	152	111	0	0	95	77	0	41	9	0	0	45	72	0	0	43	39	0	0	33	21	0	0	76	36	0	0	158	120	0	0	129	101	9	40	61	23	0	46	90	27	0	70	72	0	0	62	102	0	0	76	40	4	0	46	22	0	0	83	39	19	0	230	192	36	0
690	675	99	85	5	660	63	60	0	99	85	5	53	117	7	0	162	206	10	0	645	58	56	0	63	60	0	34	105	0	0	90	151	0	0	99	85	5	51	28	0	0	41	55	0	0	53	117	7	0	162	206	10	0	630	46	54	0	58	56	0	34	105	0	0	90	140	0	0	63	60	0	24	28	0	0	31	40	0	0	34	105	0	0	90	151	0	0	99	85	5	45	10	0	0	41	95	0	0	51	28	0	0	41	55	0	0	53	117	7	0	162	206	10	0	615	34	43	0	46	54	0	29	99	0	0	77	136	0	0	58	56	0	24	28	0	0	28	35	0	0	34	105	0	0	90	140	0	0	63	60	0	18	0	0	0	29	84	0	0	24	28	0	0	31	40	0	0	34	105	0	0	90	151	0	0	99	85	5	26	30	11	0	36	35	5	0	45	10	0	0	41	95	0	0	51	28	0	0	41	55	0	0	53	117	7	0	162	206	10	0
470	460	80	32	2	450	52	17	0	80	32	2	36	0	4	0	171	77	6	0	440	52	17	0	52	17	0	36	0	0	0	106	42	0	0	80	32	2	27	0	0	0	23	0	0	0	36	0	4	0	171	77	6	0	430	47	17	0	52	17	0	36	0	0	0	106	42	0	0	52	17	0	12	0	0	0	15	0	0	0	36	0	0	0	106	42	0	0	80	32	2	22	0	0	0	33	40	0	0	27	0	0	0	23	0	0	0	36	0	4	0	171	77	6	0	420	42	14	0	47	17	0	36	0	0	0	101	42	0	0	52	17	0	12	0	0	0	15	0	0	0	36	0	0	0	106	42	0	0	52	17	0	6	0	0	0	27	40	0	0	12	0	0	0	15	0	0	0	36	0	0	0	106	42	0	0	80	32	2	22	15	2	0	30	0	0	0	22	0	0	0	33	40	0	0	27	0	0	0	23	0	0	0	36	0	4	0	171	77	6	0
403	393	66	36	2	383	42	24	0	66	36	2	35	0	4	0	162	71	6	0	373	42	24	0	42	24	0	35	0	0	0	108	43	0	0	66	36	2	14	0	0	0	12	0	0	0	35	0	4	0	162	71	6	0	363	42	24	0	42	24	0	35	0	0	0	108	43	0	0	42	24	0	14	0	0	0	8	0	0	0	35	0	0	0	108	43	0	0	66	36	2	9	0	0	0	30	0	0	0	14	0	0	0	12	0	0	0	35	0	4	0	162	71	6	0	353	37	24	0	42	24	0	35	0	0	0	108	43	0	0	42	24	0	14	0	0	0	8	0	0	0	35	0	0	0	108	43	0	0	42	24	0	2	0	0	0	23	0	0	0	14	0	0	0	8	0	0	0	35	0	0	0	108	43	0	0	66	36	2	18	0	2	0	19	21	0	0	9	0	0	0	30	0	0	0	14	0	0	0	12	0	0	0	35	0	4	0	162	71	6	0
517	501	100	105	2	485	58	84	0	100	105	2	38	70	4	0	192	246	10	0	469	58	82	0	58	84	0	38	66	0	0	107	188	0	0	100	105	2	25	22	0	0	19	0	0	0	38	70	4	0	192	246	10	0	453	55	82	0	58	82	0	38	66	0	0	107	188	0	0	58	84	0	10	22	0	0	5	0	0	0	38	66	0	0	107	188	0	0	99	105	2	23	0	0	0	19	9	0	0	25	22	0	0	19	0	0	0	38	70	4	0	188	246	10	0	437	53	82	0	55	82	0	38	66	0	0	106	188	0	0	58	82	0	10	22	0	0	5	0	0	0	38	66	0	0	107	188	0	0	57	84	0	19	0	0	0	18	0	0	0	10	22	0	0	5	0	0	0	38	66	0	0	103	188	0	0	99	105	2	25	0	2	0	36	13	0	0	23	0	0	0	19	9	0	0	25	22	0	0	19	0	0	0	38	70	4	0	188	246	10	0
646	628	118	121	12	610	81	87	8	118	121	12	61	78	9	4	188	236	48	2	592	74	87	0	81	87	8	44	78	8	0	131	163	32	0	118	121	12	31	0	8	0	24	35	0	5	61	78	9	4	188	236	48	2	574	64	87	0	74	87	0	36	78	0	0	128	163	0	0	81	87	8	9	0	8	0	9	0	0	0	44	78	8	0	131	163	32	0	116	121	12	25	0	31	0	21	0	0	0	31	0	8	0	24	35	0	5	61	78	9	4	183	236	48	2	556	61	87	0	64	87	0	33	78	0	0	123	163	0	0	74	87	0	9	0	0	0	9	0	0	0	36	78	0	0	128	163	0	0	79	87	8	21	0	28	0	21	0	0	0	9	0	8	0	9	0	0	0	44	78	8	0	126	163	32	0	116	121	12	19	0	5	0	32	20	0	0	25	0	31	0	21	0	0	0	31	0	8	0	24	35	0	5	61	78	9	4	183	236	48	2
660	646	105	25	39	632	86	13	9	105	25	39	63	0	5	20	200	38	39	20	618	86	13	0	86	13	9	63	0	4	0	159	26	9	0	105	25	39	36	0	0	0	29	0	0	0	63	0	5	20	200	38	39	20	604	72	13	0	86	13	0	63	0	0	0	159	26	0	0	86	13	9	18	0	0	0	13	0	0	0	63	0	4	0	159	26	9	0	105	25	39	21	0	57	0	52	0	0	0	36	0	0	0	29	0	0	0	63	0	5	20	200	38	39	20	590	63	13	0	72	13	0	50	0	0	0	145	26	0	0	86	13	0	18	0	0	0	13	0	0	0	63	0	0	0	159	26	0	0	86	13	9	19	0	23	0	52	0	0	0	18	0	0	0	13	0	0	0	63	0	4	0	159	26	9	0	105	25	39	21	0	42	0	59	12	0	0	21	0	57	0	52	0	0	0	36	0	0	0	29	0	0	0	63	0	5	20	200	38	39	20
916	896	107	153	13	876	73	112	4	107	153	13	65	93	5	4	172	228	65	11	856	66	93	0	73	112	4	46	90	4	0	126	132	20	0	107	153	13	23	156	0	0	27	62	0	0	65	93	5	4	172	228	65	11	836	57	63	0	66	93	0	45	81	0	0	123	118	0	0	73	112	4	19	51	0	0	12	27	0	0	46	90	4	0	126	132	20	0	107	153	13	21	108	30	0	25	36	39	0	23	156	0	0	27	62	0	0	65	93	5	4	172	228	65	11	816	49	55	0	57	63	0	34	72	0	0	111	96	0	0	66	93	0	16	33	0	0	11	19	0	0	45	81	0	0	123	118	0	0	73	112	4	16	108	12	0	20	36	12	0	19	51	0	0	12	27	0	0	46	90	4	0	126	132	20	0	107	153	13	20	71	10	0	32	67	0	0	21	108	30	0	25	36	39	0	23	156	0	0	27	62	0	0	65	93	5	4	172	228	65	11
660	646	86	44	29	632	63	24	2	86	44	29	56	0	0	10	173	100	58	20	618	62	24	0	63	24	2	53	0	0	0	129	60	4	0	86	44	29	32	0	0	0	23	12	0	0	56	0	0	10	173	100	58	20	604	54	24	0	62	24	0	53	0	0	0	129	60	0	0	63	24	2	17	0	0	0	10	12	0	0	53	0	0	0	129	60	4	0	86	44	29	13	0	27	0	34	0	0	0	32	0	0	0	23	12	0	0	56	0	0	10	173	100	58	20	590	47	20	0	54	24	0	46	0	0	0	121	60	0	0	62	24	0	17	0	0	0	10	12	0	0	53	0	0	0	129	60	0	0	63	24	2	12	0	2	0	34	0	0	0	17	0	0	0	10	12	0	0	53	0	0	0	129	60	4	0	86	44	29	15	40	32	0	38	10	0	0	13	0	27	0	34	0	0	0	32	0	0	0	23	12	0	0	56	0	0	10	173	100	58	20
623	606	91	100	17	589	52	62	0	91	100	17	38	76	0	0	166	302	68	15	572	49	60	0	52	62	0	29	72	0	0	93	206	0	0	91	100	17	26	24	0	0	18	24	0	0	38	76	0	0	166	302	68	15	555	43	60	0	49	60	0	29	72	0	0	93	204	0	0	52	62	0	11	24	0	0	7	0	0	0	29	72	0	0	93	206	0	0	90	100	17	11	0	15	0	19	0	0	0	26	24	0	0	18	24	0	0	38	76	0	0	165	302	68	15	538	40	60	0	43	60	0	26	72	0	0	89	204	0	0	49	60	0	11	24	0	0	7	0	0	0	29	72	0	0	93	204	0	0	51	62	0	10	0	0	0	18	0	0	0	11	24	0	0	7	0	0	0	29	72	0	0	92	206	0	0	90	100	17	17	0	10	0	35	8	0	0	11	0	15	0	19	0	0	0	26	24	0	0	18	24	0	0	38	76	0	0	165	302	68	15
798	779	110	119	39	760	90	80	13	110	119	39	80	90	10	19	149	114	117	42	741	72	50	12	90	80	13	63	0	8	16	133	84	39	12	110	119	39	16	0	85	4	13	17	117	0	80	90	10	19	149	114	117	42	722	69	50	0	72	50	12	60	0	8	0	125	84	36	0	90	80	13	16	0	51	0	13	17	39	0	63	0	8	16	133	84	39	12	109	119	39	38	0	8	0	22	26	0	7	16	0	85	4	13	17	117	0	80	90	10	19	145	114	117	42	703	65	50	0	69	50	0	58	0	0	0	118	84	0	0	72	50	12	13	0	48	0	9	17	36	0	60	0	8	0	125	84	36	0	89	80	13	37	0	5	0	21	20	0	0	16	0	51	0	13	17	39	0	63	0	8	16	129	84	39	12	109	119	39	27	0	7	0	35	26	0	0	38	0	8	0	22	26	0	7	16	0	85	4	13	17	117	0	80	90	10	19	145	114	117	42
554	542	57	30	44	530	39	20	0	57	30	44	42	10	0	0	83	61	44	110	518	30	20	0	39	20	0	24	10	0	0	69	50	0	23	57	30	44	7	0	21	0	6	10	0	0	42	10	0	0	83	61	44	110	506	30	19	0	30	20	0	24	10	0	0	68	50	0	0	39	20	0	7	0	0	0	4	10	0	0	24	10	0	0	69	50	0	23	57	30	44	13	9	0	0	7	0	0	0	7	0	21	0	6	10	0	0	42	10	0	0	83	61	44	110	494	27	9	0	30	19	0	24	9	0	0	68	47	0	0	30	20	0	4	0	0	0	3	10	0	0	24	10	0	0	68	50	0	0	39	20	0	13	0	0	0	7	0	0	0	7	0	0	0	4	10	0	0	24	10	0	0	69	50	0	23	57	30	44	9	9	27	0	12	0	44	0	13	9	0	0	7	0	0	0	7	0	21	0	6	10	0	0	42	10	0	0	83	61	44	110
564	548	68	86	32	532	41	56	0	68	86	32	37	69	0	0	102	190	96	71	516	33	55	0	41	56	0	22	66	0	0	67	155	0	14	68	86	32	6	11	21	0	7	0	0	0	37	69	0	0	102	190	96	71	500	33	55	0	33	55	0	22	66	0	0	66	154	0	0	41	56	0	6	11	0	0	6	0	0	0	22	66	0	0	67	155	0	14	67	86	32	16	0	0	0	10	0	0	0	6	11	21	0	7	0	0	0	37	69	0	0	101	190	96	71	484	27	55	0	33	55	0	22	66	0	0	66	154	0	0	33	55	0	3	11	0	0	5	0	0	0	22	66	0	0	66	154	0	0	40	56	0	13	0	0	0	8	0	0	0	6	11	0	0	6	0	0	0	22	66	0	0	66	155	0	14	67	86	32	10	0	27	0	14	24	0	0	16	0	0	0	10	0	0	0	6	11	21	0	7	0	0	0	37	69	0	0	101	190	96	71
420	411	41	18	15	402	30	0	0	41	18	15	34	0	0	0	64	6	45	30	393	22	0	0	30	0	0	19	0	0	0	54	0	0	4	41	18	15	7	0	21	0	4	0	0	0	34	0	0	0	64	6	45	30	384	22	0	0	22	0	0	19	0	0	0	53	0	0	0	30	0	0	7	0	0	0	4	0	0	0	19	0	0	0	54	0	0	4	41	18	15	14	0	0	0	7	0	0	0	7	0	21	0	4	0	0	0	34	0	0	0	64	6	45	30	375	20	0	0	22	0	0	19	0	0	0	53	0	0	0	22	0	0	4	0	0	0	3	0	0	0	19	0	0	0	53	0	0	0	30	0	0	13	0	0	0	7	0	0	0	7	0	0	0	4	0	0	0	19	0	0	0	54	0	0	4	41	18	15	10	0	7	0	11	0	0	0	14	0	0	0	7	0	0	0	7	0	21	0	4	0	0	0	34	0	0	0	64	6	45	30
594	581	59	58	14	568	42	34	0	59	58	14	41	36	0	0	74	62	42	25	555	36	22	0	42	34	0	32	0	0	0	66	44	0	12	59	58	14	9	0	21	0	11	0	28	0	41	36	0	0	74	62	42	25	542	34	18	0	36	22	0	32	0	0	0	65	44	0	0	42	34	0	9	0	0	0	7	0	0	0	32	0	0	0	66	44	0	12	59	58	14	20	36	0	0	6	18	0	0	9	0	21	0	11	0	28	0	41	36	0	0	74	62	42	25	529	30	12	0	34	18	0	30	0	0	0	61	36	0	0	36	22	0	6	0	0	0	6	0	0	0	32	0	0	0	65	44	0	0	42	34	0	19	24	0	0	5	12	0	0	9	0	0	0	7	0	0	0	32	0	0	0	66	44	0	12	59	58	14	8	36	7	0	10	18	0	0	20	36	0	0	6	18	0	0	9	0	21	0	11	0	28	0	41	36	0	0	74	62	42	25
505	494	27	10	43	483	18	0	4	27	10	43	10	0	46	0	37	0	43	144	472	18	0	4	18	0	4	10	0	4	0	37	0	4	13	27	10	43	1	0	0	0	3	0	0	0	10	0	46	0	37	0	43	144	461	17	0	4	18	0	4	10	0	4	0	37	0	4	12	18	0	4	1	0	0	0	3	0	0	0	10	0	4	0	37	0	4	13	27	10	43	4	0	9	0	5	0	0	0	1	0	0	0	3	0	0	0	10	0	46	0	37	0	43	144	450	14	0	4	17	0	4	9	0	4	0	34	0	4	0	18	0	4	1	0	0	0	3	0	0	0	10	0	4	0	37	0	4	12	18	0	4	0	0	0	0	0	0	0	0	1	0	0	0	3	0	0	0	10	0	4	0	37	0	4	13	27	10	43	0	0	21	0	6	0	0	0	4	0	9	0	5	0	0	0	1	0	0	0	3	0	0	0	10	0	46	0	37	0	43	144
414	405	26	0	34	396	16	0	4	26	0	34	9	0	46	0	32	0	0	100	387	16	0	4	16	0	4	9	0	4	0	32	0	0	13	26	0	34	1	0	0	0	2	0	0	0	9	0	46	0	32	0	0	100	378	16	0	4	16	0	4	9	0	4	0	32	0	0	12	16	0	4	1	0	0	0	2	0	0	0	9	0	4	0	32	0	0	13	26	0	34	4	0	0	0	5	0	0	0	1	0	0	0	2	0	0	0	9	0	46	0	32	0	0	100	369	14	0	4	16	0	4	9	0	4	0	32	0	0	0	16	0	4	1	0	0	0	2	0	0	0	9	0	4	0	32	0	0	12	16	0	4	0	0	0	0	0	0	0	0	1	0	0	0	2	0	0	0	9	0	4	0	32	0	0	13	26	0	34	0	0	12	0	6	0	0	0	4	0	0	0	5	0	0	0	1	0	0	0	2	0	0	0	9	0	46	0	32	0	0	100
276	270	11	0	10	264	6	0	4	11	0	10	3	0	4	0	9	0	0	15	258	6	0	4	6	0	4	3	0	4	0	9	0	0	0	11	0	10	0	0	0	0	1	0	0	0	3	0	4	0	9	0	0	15	252	6	0	4	6	0	4	3	0	4	0	9	0	0	0	6	0	4	0	0	0	0	1	0	0	0	3	0	4	0	9	0	0	0	11	0	10	0	0	0	0	1	0	0	0	0	0	0	0	1	0	0	0	3	0	4	0	9	0	0	15	246	6	0	4	6	0	4	3	0	4	0	9	0	0	0	6	0	4	0	0	0	0	1	0	0	0	3	0	4	0	9	0	0	0	6	0	4	0	0	0	0	0	0	0	0	0	0	0	0	1	0	0	0	3	0	4	0	9	0	0	0	11	0	10	0	0	0	0	0	0	0	0	0	0	0	0	1	0	0	0	0	0	0	0	1	0	0	0	3	0	4	0	9	0	0	15
375	366	23	15	14	357	13	8	13	23	15	14	10	0	36	5	20	0	14	0	348	13	8	12	13	8	13	10	0	32	4	19	0	13	0	23	15	14	0	0	0	4	3	0	0	0	10	0	36	5	20	0	14	0	339	13	8	12	13	8	12	10	0	28	4	19	0	12	0	13	8	13	0	0	0	4	2	0	0	0	10	0	32	4	19	0	13	0	23	15	14	0	0	0	0	5	0	0	0	0	0	0	4	3	0	0	0	10	0	36	5	20	0	14	0	330	13	8	7	13	8	12	10	0	28	0	19	0	12	0	13	8	12	0	0	0	0	2	0	0	0	10	0	28	4	19	0	12	0	13	8	13	0	0	0	0	0	0	0	0	0	0	0	4	2	0	0	0	10	0	32	4	19	0	13	0	23	15	14	0	0	0	3	5	0	0	5	0	0	0	0	5	0	0	0	0	0	0	4	3	0	0	0	10	0	36	5	20	0	14	0
631	614	55	77	42	597	31	52	17	55	77	42	24	39	90	5	61	91	84	85	580	30	52	16	31	52	17	21	39	44	4	50	91	34	13	55	77	42	1	0	0	4	3	13	0	0	24	39	90	5	61	91	84	85	563	29	52	16	30	52	16	21	39	40	4	50	91	32	12	31	52	17	1	0	0	4	2	13	0	0	21	39	44	4	50	91	34	13	52	77	42	4	0	0	0	10	11	0	0	1	0	0	4	3	13	0	0	24	39	90	5	52	91	84	85	546	27	52	9	29	52	16	21	39	40	0	48	91	32	0	30	52	16	1	0	0	0	2	13	0	0	21	39	40	4	50	91	32	12	28	52	17	0	0	0	0	0	0	0	0	1	0	0	4	2	13	0	0	21	39	44	4	41	91	34	13	52	77	42	1	0	12	7	13	0	0	5	4	0	0	0	10	11	0	0	1	0	0	4	3	13	0	0	24	39	90	5	52	91	84	85
495	484	43	0	74	473	43	0	33	43	0	74	44	0	0	74	54	0	0	99	462	43	0	21	43	0	33	44	0	0	42	54	0	0	34	43	0	74	9	0	0	9	7	0	0	39	44	0	0	74	54	0	0	99	451	40	0	20	43	0	21	44	0	0	40	54	0	0	32	43	0	33	9	0	0	8	7	0	0	13	44	0	0	42	54	0	0	34	43	0	74	14	0	5	4	0	0	0	0	9	0	0	9	7	0	0	39	44	0	0	74	54	0	0	99	440	37	0	20	40	0	20	41	0	0	40	48	0	0	32	43	0	21	9	0	0	8	7	0	0	12	44	0	0	40	54	0	0	32	43	0	33	14	0	5	4	0	0	0	0	9	0	0	8	7	0	0	13	44	0	0	42	54	0	0	34	43	0	74	11	0	5	0	0	0	0	0	14	0	5	4	0	0	0	0	9	0	0	9	7	0	0	39	44	0	0	74	54	0	0	99
537	525	56	11	69	513	53	11	47	56	11	69	55	0	0	72	74	22	0	42	501	51	11	24	53	11	47	54	0	0	22	71	22	0	17	56	11	69	17	0	12	44	14	0	0	53	55	0	0	72	74	22	0	42	489	43	0	16	51	11	24	50	0	0	20	65	22	0	16	53	11	47	16	0	12	8	12	0	0	13	54	0	0	22	71	22	0	17	56	11	69	18	0	59	4	5	0	69	13	17	0	12	44	14	0	0	53	55	0	0	72	74	22	0	42	477	36	0	16	43	0	16	41	0	0	20	50	0	0	16	51	11	24	12	0	7	8	10	0	0	12	50	0	0	20	65	22	0	16	53	11	47	15	0	53	4	0	0	47	4	16	0	12	8	12	0	0	13	54	0	0	22	71	22	0	17	56	11	69	12	0	17	0	0	0	0	0	18	0	59	4	5	0	69	13	17	0	12	44	14	0	0	53	55	0	0	72	74	22	0	42
939	917	102	145	76	895	85	135	67	102	145	76	83	154	24	64	152	176	0	0	873	80	131	43	85	135	67	81	154	24	14	132	170	0	0	102	145	76	38	56	21	52	22	28	0	53	83	154	24	64	152	176	0	0	851	71	108	27	80	131	43	77	138	23	12	117	158	0	0	85	135	67	35	52	21	13	20	26	0	13	81	154	24	14	132	170	0	0	102	145	76	34	138	59	44	32	0	76	13	38	56	21	52	22	28	0	53	83	154	24	64	152	176	0	0	829	60	78	19	71	108	27	65	104	15	12	100	120	0	0	80	131	43	30	52	16	12	17	26	0	12	77	138	23	12	117	158	0	0	85	135	67	20	130	53	19	3	0	67	4	35	52	21	13	20	26	0	13	81	154	24	14	132	170	0	0	102	145	76	15	52	26	10	4	0	152	9	34	138	59	44	32	0	76	13	38	56	21	52	22	28	0	53	83	154	24	64	152	176	0	0
696	680	86	81	49	664	69	67	47	86	81	49	66	52	24	12	124	139	49	0	648	63	51	39	69	67	47	62	39	24	10	95	107	47	0	86	81	49	48	75	21	52	28	46	49	0	66	52	24	12	124	139	49	0	632	51	38	23	63	51	39	59	27	23	8	83	66	39	0	69	67	47	31	60	21	13	21	42	47	0	62	39	24	10	95	107	47	0	86	81	49	40	38	41	44	26	45	49	13	48	75	21	52	28	46	49	0	66	52	24	12	124	139	49	0	616	41	10	15	51	38	23	48	0	15	8	65	44	23	0	63	51	39	29	30	16	12	19	30	39	0	59	27	23	8	83	66	39	0	69	67	47	29	10	41	19	2	0	47	4	31	60	21	13	21	42	47	0	62	39	24	10	95	107	47	0	86	81	49	18	10	26	10	4	0	147	9	40	38	41	44	26	45	49	13	48	75	21	52	28	46	49	0	66	52	24	12	124	139	49	0
955	932	127	211	45	909	94	179	45	127	211	45	92	204	54	0	236	371	90	0	886	81	159	43	94	179	45	68	181	54	0	171	315	90	0	127	211	45	45	227	37	12	41	77	0	0	92	204	54	0	236	371	90	0	863	68	130	31	81	159	43	67	153	53	0	144	278	86	0	94	179	45	20	188	37	9	30	70	0	0	68	181	54	0	171	315	90	0	127	211	45	31	216	5	64	45	94	45	0	45	227	37	12	41	77	0	0	92	204	54	0	236	371	90	0	840	59	86	13	68	130	31	61	100	37	0	128	241	62	0	81	159	43	16	184	37	8	23	70	0	0	67	153	53	0	144	278	86	0	94	179	45	23	128	5	19	9	22	45	0	20	188	37	9	30	70	0	0	68	181	54	0	171	315	90	0	127	211	45	19	42	14	20	8	32	225	14	31	216	5	64	45	94	45	0	45	227	37	12	41	77	0	0	92	204	54	0	236	371	90	0
818	799	88	103	76	780	60	70	48	88	103	76	59	0	53	88	135	169	228	94	761	46	55	48	60	70	48	29	0	37	88	74	70	144	92	88	103	76	41	165	17	0	40	153	0	0	59	0	53	88	135	169	228	94	742	30	0	47	46	55	48	21	0	37	85	60	55	144	82	60	70	48	23	0	0	0	24	98	0	0	29	0	37	88	74	70	144	92	88	103	76	18	0	79	8	2	0	380	0	41	165	17	0	40	153	0	0	59	0	53	88	135	169	228	94	723	27	0	32	30	0	47	16	0	37	57	49	0	141	54	46	55	48	22	0	0	0	21	77	0	0	21	0	37	85	60	55	144	82	60	70	48	18	0	9	5	2	0	240	0	23	0	0	0	24	98	0	0	29	0	37	88	74	70	144	92	88	103	76	6	0	27	79	10	0	0	0	18	0	79	8	2	0	380	0	41	165	17	0	40	153	0	0	59	0	53	88	135	169	228	94
458	447	53	39	16	436	31	34	7	53	39	16	27	0	32	7	98	55	16	45	425	22	30	7	31	34	7	16	0	28	7	41	50	7	45	53	39	16	43	20	8	0	36	47	0	0	27	0	32	7	98	55	16	45	414	9	10	7	22	30	7	11	0	28	7	29	45	7	43	31	34	7	18	0	0	0	18	42	0	0	16	0	28	7	41	50	7	45	53	39	16	11	0	40	0	1	0	64	0	43	20	8	0	36	47	0	0	27	0	32	7	98	55	16	45	403	8	10	5	9	10	7	6	0	28	5	18	20	7	31	22	30	7	17	0	0	0	18	35	0	0	11	0	28	7	29	45	7	43	31	34	7	11	0	0	0	1	0	28	0	18	0	0	0	18	42	0	0	16	0	28	7	41	50	7	45	53	39	16	2	0	8	10	6	0	0	0	11	0	40	0	1	0	64	0	43	20	8	0	36	47	0	0	27	0	32	7	98	55	16	45
431	421	45	31	8	411	19	16	7	45	31	8	18	0	32	7	71	48	24	0	401	12	10	7	19	16	7	0	0	28	7	14	8	21	0	45	31	8	28	30	0	0	39	44	0	0	18	0	32	7	71	48	24	0	391	1	0	7	12	10	7	0	0	28	7	12	5	21	0	19	16	7	0	0	0	0	19	24	0	0	0	0	28	7	14	8	21	0	45	31	8	0	0	0	0	0	0	16	0	28	30	0	0	39	44	0	0	18	0	32	7	71	48	24	0	381	1	0	5	1	0	7	0	0	28	5	2	0	21	0	12	10	7	0	0	0	0	16	15	0	0	0	0	28	7	12	5	21	0	19	16	7	0	0	0	0	0	0	14	0	0	0	0	0	19	24	0	0	0	0	28	7	14	8	21	0	45	31	8	0	0	0	10	2	0	0	0	0	0	0	0	0	0	16	0	28	30	0	0	39	44	0	0	18	0	32	7	71	48	24	0
389	380	40	24	0	371	18	8	0	40	24	0	16	0	0	0	57	40	0	0	362	13	4	0	18	8	0	0	0	0	0	13	0	0	0	40	24	0	30	16	0	0	36	24	0	0	16	0	0	0	57	40	0	0	353	1	0	0	13	4	0	0	0	0	0	13	0	0	0	18	8	0	0	0	0	0	21	8	0	0	0	0	0	0	13	0	0	0	40	24	0	0	0	0	0	0	0	0	0	30	16	0	0	36	24	0	0	16	0	0	0	57	40	0	0	344	1	0	0	1	0	0	0	0	0	0	2	0	0	0	13	4	0	0	0	0	0	18	4	0	0	0	0	0	0	13	0	0	0	18	8	0	0	0	0	0	0	0	0	0	0	0	0	0	21	8	0	0	0	0	0	0	13	0	0	0	40	24	0	0	0	0	0	0	0	0	0	0	0	0	0	0	0	0	0	30	16	0	0	36	24	0	0	16	0	0	0	57	40	0	0
344	336	29	17	0	328	9	7	0	29	17	0	19	0	0	0	36	26	0	0	320	3	2	0	9	7	0	0	0	0	0	1	0	0	0	29	17	0	10	10	0	0	15	17	0	0	19	0	0	0	36	26	0	0	312	0	0	0	3	2	0	0	0	0	0	1	0	0	0	9	7	0	0	0	0	0	7	7	0	0	0	0	0	0	1	0	0	0	29	17	0	0	0	0	0	0	0	0	0	10	10	0	0	15	17	0	0	19	0	0	0	36	26	0	0	304	0	0	0	0	0	0	0	0	0	0	0	0	0	0	3	2	0	0	0	0	0	4	2	0	0	0	0	0	0	1	0	0	0	9	7	0	0	0	0	0	0	0	0	0	0	0	0	0	7	7	0	0	0	0	0	0	1	0	0	0	29	17	0	0	0	0	0	0	0	0	0	0	0	0	0	0	0	0	0	10	10	0	0	15	17	0	0	19	0	0	0	36	26	0	0
683	667	36	51	84	651	17	12	66	36	51	84	22	36	65	45	33	48	252	76	635	2	0	50	17	12	66	0	0	64	30	11	0	198	48	36	51	84	3	0	115	70	16	0	84	49	22	36	65	45	33	48	252	76	619	2	0	49	2	0	50	0	0	46	30	6	0	150	48	17	12	66	3	0	54	70	14	0	66	47	0	0	64	30	11	0	198	48	36	51	84	1	0	0	9	0	0	0	0	3	0	115	70	16	0	84	49	22	36	65	45	33	48	252	76	603	1	0	33	2	0	49	0	0	45	30	6	0	147	47	2	0	50	0	0	21	55	0	0	50	39	0	0	46	30	6	0	150	48	17	12	66	0	0	0	0	0	0	0	0	3	0	54	70	14	0	66	47	0	0	64	30	11	0	198	48	36	51	84	1	0	10	55	0	0	0	44	1	0	0	9	0	0	0	0	3	0	115	70	16	0	84	49	22	36	65	45	33	48	252	76
513	501	31	21	38	489	18	10	8	31	21	38	18	10	0	24	29	10	38	100	477	1	0	7	18	10	8	0	0	0	21	13	0	8	62	31	21	38	0	0	91	7	22	0	38	0	18	10	0	24	29	10	38	100	465	1	0	7	1	0	7	0	0	0	21	2	0	7	62	18	10	8	0	0	0	7	22	0	8	0	0	0	0	21	13	0	8	62	31	21	38	0	0	0	0	0	0	0	0	0	0	91	7	22	0	38	0	18	10	0	24	29	10	38	100	453	1	0	7	1	0	7	0	0	0	21	2	0	7	61	1	0	7	0	0	0	7	0	0	7	0	0	0	0	21	2	0	7	62	18	10	8	0	0	0	0	0	0	0	0	0	0	0	7	22	0	8	0	0	0	0	21	13	0	8	62	31	21	38	0	0	0	0	0	0	0	0	0	0	0	0	0	0	0	0	0	0	91	7	22	0	38	0	18	10	0	24	29	10	38	100
720	703	30	87	33	686	14	27	8	30	87	33	4	135	0	24	21	72	165	84	669	0	0	7	14	27	8	0	0	0	21	12	0	40	55	30	87	33	0	0	71	7	18	42	99	0	4	135	0	24	21	72	165	84	652	0	0	7	0	0	7	0	0	0	21	0	0	35	55	14	27	8	0	0	0	7	12	27	24	0	0	0	0	21	12	0	40	55	30	87	33	0	0	0	0	0	0	0	0	0	0	71	7	18	42	99	0	4	135	0	24	21	72	165	84	635	0	0	7	0	0	7	0	0	0	21	0	0	35	54	0	0	7	0	0	0	7	0	0	21	0	0	0	0	21	0	0	35	55	14	27	8	0	0	0	0	0	0	0	0	0	0	0	7	12	27	24	0	0	0	0	21	12	0	40	55	30	87	33	0	0	0	0	0	0	0	0	0	0	0	0	0	0	0	0	0	0	71	7	18	42	99	0	4	135	0	24	21	72	165	84
428	418	20	16	29	408	7	0	20	20	16	29	19	0	0	24	15	16	58	0	398	0	0	19	7	0	20	0	0	0	21	0	0	40	0	20	16	29	0	0	6	7	5	0	0	0	19	0	0	24	15	16	58	0	388	0	0	19	0	0	19	0	0	0	21	0	0	38	0	7	0	20	0	0	0	7	5	0	0	0	0	0	0	21	0	0	40	0	20	16	29	0	0	0	0	0	0	0	0	0	0	6	7	5	0	0	0	19	0	0	24	15	16	58	0	378	0	0	17	0	0	19	0	0	0	21	0	0	38	0	0	0	19	0	0	0	7	0	0	0	0	0	0	0	21	0	0	38	0	7	0	20	0	0	0	0	0	0	0	0	0	0	0	7	5	0	0	0	0	0	0	21	0	0	40	0	20	16	29	0	0	0	20	0	0	0	0	0	0	0	0	0	0	0	0	0	0	6	7	5	0	0	0	19	0	0	24	15	16	58	0
385	376	22	14	11	367	9	0	0	22	14	11	19	0	0	0	16	14	22	8	358	0	0	0	9	0	0	0	0	0	0	1	0	0	7	22	14	11	0	0	16	0	8	0	0	0	19	0	0	0	16	14	22	8	349	0	0	0	0	0	0	0	0	0	0	0	0	0	7	9	0	0	0	0	0	0	8	0	0	0	0	0	0	0	1	0	0	7	22	14	11	0	0	0	0	0	0	0	0	0	0	16	0	8	0	0	0	19	0	0	0	16	14	22	8	340	0	0	0	0	0	0	0	0	0	0	0	0	0	7	0	0	0	0	0	0	0	0	0	0	0	0	0	0	0	0	0	0	7	9	0	0	0	0	0	0	0	0	0	0	0	0	0	0	8	0	0	0	0	0	0	0	1	0	0	7	22	14	11	0	0	0	0	0	0	0	0	0	0	0	0	0	0	0	0	0	0	16	0	8	0	0	0	19	0	0	0	16	14	22	8
502	490	43	20	91	478	24	0	80	43	20	91	34	0	162	25	49	0	182	33	466	21	0	77	24	0	80	29	0	131	24	44	0	160	8	43	20	91	29	0	10	25	21	20	0	0	34	0	162	25	49	0	182	33	454	14	0	26	21	0	77	26	0	118	12	36	0	154	7	24	0	80	6	0	10	0	0	0	0	0	29	0	131	24	44	0	160	8	43	20	91	19	0	77	79	1	0	0	239	29	0	10	25	21	20	0	0	34	0	162	25	49	0	182	33	442	6	0	23	14	0	26	12	0	17	12	16	0	52	7	21	0	77	5	0	8	0	0	0	0	0	26	0	118	12	36	0	154	7	24	0	80	3	0	76	73	1	0	0	206	6	0	10	0	0	0	0	0	29	0	131	24	44	0	160	8	43	20	91	5	0	92	18	2	0	0	0	19	0	77	79	1	0	0	239	29	0	10	25	21	20	0	0	34	0	162	25	49	0	182	33
377	368	9	8	62	359	0	0	15	9	8	62	0	0	65	15	0	0	62	195	350	0	0	15	0	0	15	0	0	15	15	0	0	15	102	9	8	62	0	0	0	0	5	0	0	0	0	0	65	15	0	0	62	195	341	0	0	12	0	0	15	0	0	15	12	0	0	15	83	0	0	15	0	0	0	0	0	0	0	0	0	0	15	15	0	0	15	102	9	8	62	0	0	0	36	0	0	0	0	0	0	0	0	5	0	0	0	0	0	65	15	0	0	62	195	332	0	0	12	0	0	12	0	0	12	12	0	0	12	82	0	0	15	0	0	0	0	0	0	0	0	0	0	15	12	0	0	15	83	0	0	15	0	0	0	36	0	0	0	0	0	0	0	0	0	0	0	0	0	0	15	15	0	0	15	102	9	8	62	0	0	0	0	0	0	0	0	0	0	0	36	0	0	0	0	0	0	0	0	5	0	0	0	0	0	65	15	0	0	62	195
460	449	13	18	59	438	2	0	36	13	18	59	0	0	55	25	6	0	118	117	427	0	0	36	2	0	36	0	0	15	25	6	0	72	74	13	18	59	0	0	0	0	7	18	0	0	0	0	55	25	6	0	118	117	416	0	0	31	0	0	36	0	0	15	22	0	0	72	57	2	0	36	0	0	0	0	0	0	0	0	0	0	15	25	6	0	72	74	13	18	59	0	0	0	54	0	0	0	0	0	0	0	0	7	18	0	0	0	0	55	25	6	0	118	117	405	0	0	27	0	0	31	0	0	12	21	0	0	62	56	0	0	36	0	0	0	0	0	0	0	0	0	0	15	22	0	0	72	57	2	0	36	0	0	0	48	0	0	0	0	0	0	0	0	0	0	0	0	0	0	15	25	6	0	72	74	13	18	59	0	0	0	27	0	0	0	0	0	0	0	54	0	0	0	0	0	0	0	0	7	18	0	0	0	0	55	25	6	0	118	117
335	327	9	7	36	319	0	0	0	9	7	36	0	0	39	0	0	0	36	157	311	0	0	0	0	0	0	0	0	0	0	0	0	0	94	9	7	36	0	0	0	0	7	0	0	0	0	0	39	0	0	0	36	157	303	0	0	0	0	0	0	0	0	0	0	0	0	0	76	0	0	0	0	0	0	0	0	0	0	0	0	0	0	0	0	0	0	94	9	7	36	0	0	0	0	0	0	0	0	0	0	0	0	7	0	0	0	0	0	39	0	0	0	36	157	295	0	0	0	0	0	0	0	0	0	0	0	0	0	75	0	0	0	0	0	0	0	0	0	0	0	0	0	0	0	0	0	0	76	0	0	0	0	0	0	0	0	0	0	0	0	0	0	0	0	0	0	0	0	0	0	0	0	0	0	94	9	7	36	0	0	0	0	0	0	0	0	0	0	0	0	0	0	0	0	0	0	0	0	7	0	0	0	0	0	39	0	0	0	36	157
250	244	10	8	9	238	2	0	0	10	8	9	0	0	27	0	6	0	18	33	232	0	0	0	2	0	0	0	0	0	0	6	0	0	8	10	8	9	0	0	0	0	7	8	0	0	0	0	27	0	6	0	18	33	226	0	0	0	0	0	0	0	0	0	0	0	0	0	7	2	0	0	0	0	0	0	0	0	0	0	0	0	0	0	6	0	0	8	10	8	9	0	0	0	0	0	0	0	0	0	0	0	0	7	8	0	0	0	0	27	0	6	0	18	33	220	0	0	0	0	0	0	0	0	0	0	0	0	0	7	0	0	0	0	0	0	0	0	0	0	0	0	0	0	0	0	0	0	7	2	0	0	0	0	0	0	0	0	0	0	0	0	0	0	0	0	0	0	0	0	0	0	6	0	0	8	10	8	9	0	0	0	0	0	0	0	0	0	0	0	0	0	0	0	0	0	0	0	0	7	8	0	0	0	0	27	0	6	0	18	33
611	596	33	26	105	581	25	26	73	33	26	105	31	0	11	89	48	78	0	159	566	15	0	59	25	26	73	26	0	10	43	40	78	0	116	33	26	105	6	0	84	48	0	0	210	33	31	0	11	89	48	78	0	159	551	7	0	40	15	0	59	12	0	10	40	18	0	0	113	25	26	73	5	0	77	9	0	0	146	8	26	0	10	43	40	78	0	116	33	26	105	3	0	100	25	1	0	0	92	6	0	84	48	0	0	210	33	31	0	11	89	48	78	0	159	536	3	0	5	7	0	40	0	0	8	5	9	0	0	57	15	0	59	1	0	76	0	0	0	118	7	12	0	10	40	18	0	0	113	25	26	73	3	0	92	0	1	0	0	55	5	0	77	9	0	0	146	8	26	0	10	43	40	78	0	116	33	26	105	1	0	44	25	4	0	0	170	3	0	100	25	1	0	0	92	6	0	84	48	0	0	210	33	31	0	11	89	48	78	0	159
656	640	18	0	162	624	17	0	109	18	0	162	14	0	11	173	35	0	0	257	608	8	0	72	17	0	109	11	0	10	78	33	0	0	131	18	0	162	2	0	73	71	0	0	0	155	14	0	11	173	35	0	0	257	592	3	0	57	8	0	72	0	0	10	75	11	0	0	128	17	0	109	1	0	67	36	0	0	0	82	11	0	10	78	33	0	0	131	18	0	162	3	0	67	37	1	0	0	76	2	0	73	71	0	0	0	155	14	0	11	173	35	0	0	257	576	2	0	21	3	0	57	0	0	8	36	7	0	0	69	8	0	72	1	0	66	21	0	0	0	64	0	0	10	75	11	0	0	128	17	0	109	3	0	62	9	1	0	0	48	1	0	67	36	0	0	0	82	11	0	10	78	33	0	0	131	18	0	162	1	0	14	63	2	0	0	170	3	0	67	37	1	0	0	76	2	0	73	71	0	0	0	155	14	0	11	173	35	0	0	257
531	518	22	12	80	505	16	12	73	22	12	80	16	0	11	66	46	0	0	0	492	6	0	47	16	12	73	3	0	10	20	32	0	0	0	22	12	80	2	0	45	89	0	0	80	33	16	0	11	66	46	0	0	0	479	5	0	17	6	0	47	0	0	10	17	12	0	0	0	16	12	73	1	0	41	9	0	0	73	8	3	0	10	20	32	0	0	0	22	12	80	3	0	11	25	1	0	0	100	2	0	45	89	0	0	80	33	16	0	11	66	46	0	0	0	466	5	0	0	5	0	17	0	0	8	0	11	0	0	0	6	0	47	1	0	40	0	0	0	47	7	0	0	10	17	12	0	0	0	16	12	73	3	0	10	0	1	0	0	62	1	0	41	9	0	0	73	8	3	0	10	20	32	0	0	0	22	12	80	1	0	0	0	6	0	0	94	3	0	11	25	1	0	0	100	2	0	45	89	0	0	80	33	16	0	11	66	46	0	0	0
405	395	36	23	39	385	27	14	38	36	23	39	29	14	11	10	78	30	39	0	375	19	0	31	27	14	38	18	0	10	10	63	14	38	0	36	23	39	2	0	33	53	0	0	78	0	29	14	11	10	78	30	39	0	365	18	0	8	19	0	31	15	0	10	8	49	0	31	0	27	14	38	1	0	30	0	0	0	76	0	18	0	10	10	63	14	38	0	36	23	39	7	0	11	16	5	0	0	100	2	0	33	53	0	0	78	0	29	14	11	10	78	30	39	0	355	16	0	0	18	0	8	15	0	8	0	48	0	8	0	19	0	31	1	0	30	0	0	0	62	0	15	0	10	8	49	0	31	0	27	14	38	3	0	10	0	5	0	0	62	1	0	30	0	0	0	76	0	18	0	10	10	63	14	38	0	36	23	39	1	0	0	0	4	14	0	45	7	0	11	16	5	0	0	100	2	0	33	53	0	0	78	0	29	14	11	10	78	30	39	0
505	492	51	60	31	479	33	32	30	51	60	31	36	40	11	10	113	112	124	0	466	27	22	26	33	32	30	31	0	10	10	84	54	120	0	51	60	31	6	0	33	38	0	0	62	0	36	40	11	10	113	112	124	0	453	26	22	8	27	22	26	28	0	10	8	76	44	104	0	33	32	30	5	0	30	0	0	0	60	0	31	0	10	10	84	54	120	0	51	60	31	7	0	11	16	5	0	0	92	6	0	33	38	0	0	62	0	36	40	11	10	113	112	124	0	440	24	22	0	26	22	8	28	0	8	0	75	44	32	0	27	22	26	5	0	30	0	0	0	52	0	28	0	10	8	76	44	104	0	33	32	30	3	0	10	0	5	0	0	55	5	0	30	0	0	0	60	0	31	0	10	10	84	54	120	0	51	60	31	1	0	0	0	4	10	0	45	7	0	11	16	5	0	0	92	6	0	33	38	0	0	62	0	36	40	11	10	113	112	124	0
676	657	93	132	49	638	52	104	32	93	132	49	43	144	72	55	224	340	98	70	619	50	104	31	52	104	32	40	144	33	50	139	288	64	68	93	132	49	16	0	26	10	11	0	0	0	43	144	72	55	224	340	98	70	600	41	100	31	50	104	31	36	144	30	50	137	288	62	57	52	104	32	7	0	21	10	4	0	0	0	40	144	33	50	139	288	64	68	93	132	49	5	32	62	0	18	45	0	0	16	0	26	10	11	0	0	0	43	144	72	55	224	340	98	70	581	38	84	27	41	100	31	30	144	30	40	127	288	62	16	50	104	31	5	0	20	8	4	0	0	0	36	144	30	50	137	288	62	57	52	104	32	2	0	62	0	10	36	0	0	7	0	21	10	4	0	0	0	40	144	33	50	139	288	64	68	93	132	49	2	0	37	35	0	0	98	0	5	32	62	0	18	45	0	0	16	0	26	10	11	0	0	0	43	144	72	55	224	340	98	70
448	435	51	66	5	422	19	46	0	51	66	5	16	84	10	0	122	175	10	31	409	19	42	0	19	46	0	16	72	0	0	55	130	0	30	51	66	5	0	24	0	0	3	0	0	0	16	84	10	0	122	175	10	31	396	19	42	0	19	42	0	16	72	0	0	55	120	0	26	19	46	0	0	24	0	0	0	0	0	0	16	72	0	0	55	130	0	30	51	66	5	4	0	0	0	12	0	0	0	0	24	0	0	3	0	0	0	16	84	10	0	122	175	10	31	383	17	42	0	19	42	0	16	72	0	0	55	120	0	8	19	42	0	0	24	0	0	0	0	0	0	16	72	0	0	55	120	0	26	19	46	0	0	0	0	0	4	0	0	0	0	24	0	0	0	0	0	0	16	72	0	0	55	130	0	30	51	66	5	0	0	0	0	0	0	0	0	4	0	0	0	12	0	0	0	0	24	0	0	3	0	0	0	16	84	10	0	122	175	10	31
346	337	48	23	5	328	27	8	0	48	23	5	29	0	10	0	104	52	15	31	319	27	8	0	27	8	0	29	0	0	0	75	32	0	30	48	23	5	4	0	0	0	2	0	0	0	29	0	10	0	104	52	15	31	310	27	8	0	27	8	0	29	0	0	0	75	32	0	26	27	8	0	4	0	0	0	0	0	0	0	29	0	0	0	75	32	0	30	48	23	5	4	0	0	0	4	0	0	0	4	0	0	0	2	0	0	0	29	0	10	0	104	52	15	31	301	25	8	0	27	8	0	29	0	0	0	75	32	0	8	27	8	0	4	0	0	0	0	0	0	0	29	0	0	0	75	32	0	26	27	8	0	0	0	0	0	4	0	0	0	4	0	0	0	0	0	0	0	29	0	0	0	75	32	0	30	48	23	5	0	0	0	0	0	0	0	0	4	0	0	0	4	0	0	0	4	0	0	0	2	0	0	0	29	0	10	0	104	52	15	31
374	364	50	32	5	354	26	16	0	50	32	5	28	8	10	0	101	79	15	31	344	26	16	0	26	16	0	28	8	0	0	72	56	0	30	50	32	5	4	0	0	0	2	0	0	0	28	8	10	0	101	79	15	31	334	26	16	0	26	16	0	28	8	0	0	72	56	0	26	26	16	0	4	0	0	0	0	0	0	0	28	8	0	0	72	56	0	30	50	32	5	4	0	0	0	4	0	0	0	4	0	0	0	2	0	0	0	28	8	10	0	101	79	15	31	324	24	16	0	26	16	0	28	8	0	0	72	56	0	8	26	16	0	4	0	0	0	0	0	0	0	28	8	0	0	72	56	0	26	26	16	0	0	0	0	0	4	0	0	0	4	0	0	0	0	0	0	0	28	8	0	0	72	56	0	30	50	32	5	0	0	0	0	0	0	0	0	4	0	0	0	4	0	0	0	4	0	0	0	2	0	0	0	28	8	10	0	101	79	15	31
265	258	25	14	0	251	9	6	0	25	14	0	5	0	0	0	49	36	0	0	244	9	6	0	9	6	0	5	0	0	0	27	24	0	0	25	14	0	0	0	0	0	2	0	0	0	5	0	0	0	49	36	0	0	237	9	6	0	9	6	0	5	0	0	0	27	24	0	0	9	6	0	0	0	0	0	0	0	0	0	5	0	0	0	27	24	0	0	25	14	0	0	0	0	0	1	0	0	0	0	0	0	0	2	0	0	0	5	0	0	0	49	36	0	0	230	9	6	0	9	6	0	5	0	0	0	27	24	0	0	9	6	0	0	0	0	0	0	0	0	0	5	0	0	0	27	24	0	0	9	6	0	0	0	0	0	1	0	0	0	0	0	0	0	0	0	0	0	5	0	0	0	27	24	0	0	25	14	0	0	0	0	0	0	0	0	0	0	0	0	0	1	0	0	0	0	0	0	0	2	0	0	0	5	0	0	0	49	36	0	0
503	490	44	36	73	477	27	0	72	44	36	73	33	0	117	16	66	27	292	0	464	23	0	48	27	0	72	21	0	116	11	54	0	288	0	44	36	73	3	0	48	130	3	0	0	105	33	0	117	16	66	27	292	0	451	22	0	44	23	0	48	21	0	100	10	52	0	192	0	27	0	72	2	0	48	119	3	0	0	73	21	0	116	11	54	0	288	0	44	36	73	0	0	17	44	3	0	0	0	3	0	48	130	3	0	0	105	33	0	117	16	66	27	292	0	438	22	0	43	22	0	44	21	0	92	10	52	0	176	0	23	0	48	2	0	44	116	3	0	0	59	21	0	100	10	52	0	192	0	27	0	72	0	0	16	43	3	0	0	0	2	0	48	119	3	0	0	73	21	0	116	11	54	0	288	0	44	36	73	0	0	0	10	0	0	0	0	0	0	17	44	3	0	0	0	3	0	48	130	3	0	0	105	33	0	117	16	66	27	292	0
349	340	27	14	31	331	14	0	29	27	14	31	13	0	64	0	46	7	62	0	322	14	0	14	14	0	29	13	0	64	0	38	0	58	0	27	14	31	2	0	0	28	2	0	0	105	13	0	64	0	46	7	62	0	313	14	0	13	14	0	14	13	0	56	0	38	0	28	0	14	0	29	2	0	0	26	2	0	0	73	13	0	64	0	38	0	58	0	27	14	31	0	0	0	13	2	0	0	0	2	0	0	28	2	0	0	105	13	0	64	0	46	7	62	0	304	14	0	13	14	0	13	13	0	52	0	38	0	26	0	14	0	14	2	0	0	26	2	0	0	59	13	0	56	0	38	0	28	0	14	0	29	0	0	0	13	2	0	0	0	2	0	0	26	2	0	0	73	13	0	64	0	38	0	58	0	27	14	31	0	0	0	0	0	0	0	0	0	0	0	13	2	0	0	0	2	0	0	28	2	0	0	105	13	0	64	0	46	7	62	0
507	494	41	0	70	481	30	0	40	41	0	70	29	0	17	43	91	0	0	64	468	30	0	11	30	0	40	29	0	16	11	84	0	0	32	41	0	70	5	0	0	55	0	0	0	150	29	0	17	43	91	0	0	64	455	27	0	10	30	0	11	29	0	11	10	84	0	0	31	30	0	40	4	0	0	50	0	0	0	141	29	0	16	11	84	0	0	32	41	0	70	0	0	33	10	5	0	0	0	5	0	0	55	0	0	0	150	29	0	17	43	91	0	0	64	442	27	0	10	27	0	10	29	0	10	10	84	0	0	31	30	0	11	4	0	0	50	0	0	0	104	29	0	11	10	84	0	0	31	30	0	40	0	0	16	10	5	0	0	0	4	0	0	50	0	0	0	141	29	0	16	11	84	0	0	32	41	0	70	0	0	0	0	0	0	0	0	0	0	33	10	5	0	0	0	5	0	0	55	0	0	0	150	29	0	17	43	91	0	0	64
659	641	57	83	58	623	34	56	28	57	83	58	35	42	17	43	123	203	116	64	605	34	56	11	34	56	28	35	42	16	11	89	182	56	32	57	83	58	12	0	0	55	8	0	0	70	35	42	17	43	123	203	116	64	587	30	56	10	34	56	11	35	42	11	10	89	182	22	31	34	56	28	6	0	0	50	2	0	0	68	35	42	16	11	89	182	56	32	57	83	58	0	0	33	10	5	14	0	0	12	0	0	55	8	0	0	70	35	42	17	43	123	203	116	64	569	30	56	10	30	56	10	35	42	10	10	89	182	20	31	34	56	11	6	0	0	50	2	0	0	57	35	42	11	10	89	182	22	31	34	56	28	0	0	16	10	5	14	0	0	6	0	0	50	2	0	0	68	35	42	16	11	89	182	56	32	57	83	58	0	0	0	0	0	0	0	0	0	0	33	10	5	14	0	0	12	0	0	55	8	0	0	70	35	42	17	43	123	203	116	64
404	393	27	33	12	382	15	18	0	27	33	12	13	9	0	0	51	34	24	10	371	15	18	0	15	18	0	13	9	0	0	46	27	0	0	27	33	12	2	0	0	0	2	0	0	0	13	9	0	0	51	34	24	10	360	15	18	0	15	18	0	13	9	0	0	46	27	0	0	15	18	0	2	0	0	0	2	0	0	0	13	9	0	0	46	27	0	0	27	33	12	0	0	0	0	2	0	0	0	2	0	0	0	2	0	0	0	13	9	0	0	51	34	24	10	349	15	18	0	15	18	0	13	9	0	0	46	27	0	0	15	18	0	2	0	0	0	2	0	0	0	13	9	0	0	46	27	0	0	15	18	0	0	0	0	0	2	0	0	0	2	0	0	0	2	0	0	0	13	9	0	0	46	27	0	0	27	33	12	0	0	0	0	0	0	0	0	0	0	0	0	2	0	0	0	2	0	0	0	2	0	0	0	13	9	0	0	51	34	24	10
447	434	57	53	51	421	41	36	50	57	53	51	35	27	112	12	56	36	102	0	408	41	36	50	41	36	50	35	27	108	12	53	36	100	0	57	53	51	15	0	0	0	8	0	0	0	35	27	112	12	56	36	102	0	395	41	36	49	41	36	50	35	27	108	11	53	36	100	0	41	36	50	15	0	0	0	8	0	0	0	35	27	108	12	53	36	100	0	57	53	51	4	0	0	11	1	0	0	0	15	0	0	0	8	0	0	0	35	27	112	12	56	36	102	0	382	41	36	48	41	36	49	35	27	104	10	53	36	98	0	41	36	50	15	0	0	0	8	0	0	0	35	27	108	11	53	36	100	0	41	36	50	4	0	0	10	1	0	0	0	15	0	0	0	8	0	0	0	35	27	108	12	53	36	100	0	57	53	51	0	0	0	10	0	0	0	0	4	0	0	11	1	0	0	0	15	0	0	0	8	0	0	0	35	27	112	12	56	36	102	0
369	359	25	9	61	349	20	9	24	25	9	61	21	0	16	32	47	0	0	174	339	20	9	24	20	9	24	21	0	16	32	47	0	0	129	25	9	61	2	0	0	0	3	0	0	0	21	0	16	32	47	0	0	174	329	20	9	22	20	9	24	21	0	16	28	47	0	0	73	20	9	24	2	0	0	0	3	0	0	0	21	0	16	32	47	0	0	129	25	9	61	0	0	0	28	2	0	0	0	2	0	0	0	3	0	0	0	21	0	16	32	47	0	0	174	319	20	9	21	20	9	22	21	0	16	26	47	0	0	67	20	9	24	2	0	0	0	3	0	0	0	21	0	16	28	47	0	0	73	20	9	24	0	0	0	26	2	0	0	0	2	0	0	0	3	0	0	0	21	0	16	32	47	0	0	129	25	9	61	0	0	0	13	0	0	0	0	0	0	0	28	2	0	0	0	2	0	0	0	3	0	0	0	21	0	16	32	47	0	0	174
320	311	30	14	35	302	21	14	24	30	14	35	20	0	16	32	33	14	0	73	293	21	14	24	21	14	24	20	0	16	32	33	14	0	72	30	14	35	2	0	0	0	3	0	0	0	20	0	16	32	33	14	0	73	284	21	14	22	21	14	24	20	0	16	28	33	14	0	48	21	14	24	2	0	0	0	3	0	0	0	20	0	16	32	33	14	0	72	30	14	35	0	0	0	28	1	0	0	0	2	0	0	0	3	0	0	0	20	0	16	32	33	14	0	73	275	21	14	21	21	14	22	20	0	16	26	33	14	0	44	21	14	24	2	0	0	0	3	0	0	0	20	0	16	28	33	14	0	48	21	14	24	0	0	0	26	1	0	0	0	2	0	0	0	3	0	0	0	20	0	16	32	33	14	0	72	30	14	35	0	0	0	13	0	0	0	0	0	0	0	28	1	0	0	0	2	0	0	0	3	0	0	0	20	0	16	32	33	14	0	73
580	563	58	92	60	546	35	66	48	58	92	60	28	88	104	44	56	129	120	73	529	34	66	48	35	66	48	24	88	100	44	51	121	96	72	58	92	60	11	0	0	0	7	11	0	0	28	88	104	44	56	129	120	73	512	34	66	45	34	66	48	24	88	100	39	51	121	96	48	35	66	48	11	0	0	0	7	11	0	0	24	88	100	44	51	121	96	72	58	92	60	4	0	0	39	2	0	0	0	11	0	0	0	7	11	0	0	28	88	104	44	56	129	120	73	495	34	66	43	34	66	45	24	88	96	36	51	121	90	44	34	66	48	11	0	0	0	7	11	0	0	24	88	100	39	51	121	96	48	35	66	48	4	0	0	36	2	0	0	0	11	0	0	0	7	11	0	0	24	88	100	44	51	121	96	72	58	92	60	0	0	0	23	0	0	0	0	4	0	0	39	2	0	0	0	11	0	0	0	7	11	0	0	28	88	104	44	56	129	120	73
624	606	65	94	97	588	37	74	56	65	94	97	38	114	96	95	108	234	97	174	570	33	72	54	37	74	56	28	108	92	92	72	216	56	129	65	94	97	17	24	31	26	12	28	0	0	38	114	96	95	108	234	97	174	552	32	72	46	33	72	54	28	108	88	72	72	216	54	73	37	74	56	12	24	28	21	7	24	0	0	28	108	92	92	72	216	56	129	65	94	97	4	0	0	94	6	12	0	0	17	24	31	26	12	28	0	0	38	114	96	95	108	234	97	174	534	32	72	43	32	72	46	28	108	84	66	72	216	46	67	33	72	54	12	24	26	20	7	24	0	0	28	108	88	72	72	216	54	73	37	74	56	4	0	0	86	6	12	0	0	12	24	28	21	7	24	0	0	28	108	92	92	72	216	56	129	65	94	97	0	0	0	33	0	0	0	0	4	0	0	94	6	12	0	0	17	24	31	26	12	28	0	0	38	114	96	95	108	234	97	174
448	434	63	53	80	420	55	49	54	63	53	80	42	36	0	103	77	75	0	111	406	54	49	53	55	49	54	39	36	0	100	72	75	0	98	63	53	80	15	0	0	12	8	13	0	0	42	36	0	103	77	75	0	111	392	54	49	53	54	49	53	39	36	0	100	72	75	0	98	55	49	54	15	0	0	12	8	13	0	0	39	36	0	100	72	75	0	98	62	53	80	9	0	0	0	2	0	0	0	15	0	0	12	8	13	0	0	42	36	0	103	73	75	0	111	378	54	49	52	54	49	53	39	36	0	97	72	75	0	94	54	49	53	15	0	0	11	8	13	0	0	39	36	0	100	72	75	0	98	54	49	54	9	0	0	0	2	0	0	0	15	0	0	12	8	13	0	0	39	36	0	100	68	75	0	98	62	53	80	1	0	0	11	0	0	0	0	9	0	0	0	2	0	0	0	15	0	0	12	8	13	0	0	42	36	0	103	73	75	0	111
632	612	110	128	94	592	90	120	57	110	128	94	82	102	12	106	175	227	0	208	572	87	111	56	90	120	57	73	92	11	103	151	216	0	154	110	128	94	27	107	0	12	20	43	0	0	82	102	12	106	175	227	0	208	552	86	107	55	87	111	56	73	88	11	102	151	212	0	152	90	120	57	22	99	0	12	17	41	0	0	73	92	11	103	151	216	0	154	109	128	94	17	44	0	10	11	11	0	0	27	107	0	12	20	43	0	0	82	102	12	106	171	227	0	208	532	86	107	54	86	107	55	73	88	10	99	151	211	0	140	87	111	56	22	99	0	11	17	41	0	0	73	88	11	102	151	212	0	152	89	120	57	17	44	0	10	11	11	0	0	22	99	0	12	17	41	0	0	73	92	11	103	147	216	0	154	109	128	94	1	0	0	11	4	0	0	0	17	44	0	10	11	11	0	0	27	107	0	12	20	43	0	0	82	102	12	106	171	227	0	208
629	608	112	142	94	587	95	131	88	112	142	94	79	0	24	74	191	171	94	0	566	94	131	87	95	131	88	76	0	23	71	171	171	88	0	112	142	94	35	0	0	12	20	18	0	0	79	0	24	74	191	171	94	0	545	93	126	85	94	131	87	76	0	23	70	171	171	87	0	95	131	88	30	0	0	12	16	18	0	0	76	0	23	71	171	171	88	0	110	142	94	26	60	0	21	14	12	0	0	35	0	0	12	20	18	0	0	79	0	24	74	183	171	94	0	524	93	126	84	93	126	85	76	0	21	67	171	168	85	0	94	131	87	30	0	0	11	16	18	0	0	76	0	23	70	171	171	87	0	93	131	88	26	60	0	21	14	12	0	0	30	0	0	12	16	18	0	0	76	0	23	71	163	171	88	0	110	142	94	9	0	0	11	12	0	0	0	26	60	0	21	14	12	0	0	35	0	0	12	20	18	0	0	79	0	24	74	183	171	94	0
476	460	102	98	41	444	81	90	37	102	98	41	62	14	12	50	182	167	41	0	428	80	86	36	81	90	37	60	14	11	47	158	163	37	0	102	98	41	32	36	0	12	22	9	0	0	62	14	12	50	182	167	41	0	412	77	78	35	80	86	36	60	14	11	46	158	160	36	0	81	90	37	23	28	0	12	17	7	0	0	60	14	11	47	158	163	37	0	101	98	41	23	56	0	10	16	21	0	0	32	36	0	12	22	9	0	0	62	14	12	50	178	167	41	0	396	77	78	34	77	78	35	60	14	10	43	155	154	35	0	80	86	36	23	28	0	11	17	7	0	0	60	14	11	46	158	160	36	0	80	90	37	23	56	0	10	16	21	0	0	23	28	0	12	17	7	0	0	60	14	11	47	154	163	37	0	101	98	41	8	0	0	11	11	0	0	0	23	56	0	10	16	21	0	0	32	36	0	12	22	9	0	0	62	14	12	50	178	167	41	0
578	559	90	121	93	540	73	99	92	90	121	93	51	32	24	11	168	179	186	0	521	73	99	92	73	99	92	51	32	23	11	148	179	184	0	90	121	93	22	0	0	0	13	0	0	0	51	32	24	11	168	179	186	0	502	72	96	90	73	99	92	51	32	23	10	148	179	184	0	73	99	92	17	0	0	0	9	0	0	0	51	32	23	11	148	179	184	0	89	121	93	26	36	0	21	16	12	0	0	22	0	0	0	13	0	0	0	51	32	24	11	164	179	186	0	483	71	96	89	72	96	90	51	32	21	10	148	176	180	0	73	99	92	17	0	0	0	9	0	0	0	51	32	23	10	148	179	184	0	72	99	92	24	36	0	21	16	12	0	0	17	0	0	0	9	0	0	0	51	32	23	11	144	179	184	0	89	121	93	8	0	0	14	12	16	0	0	26	36	0	21	16	12	0	0	22	0	0	0	13	0	0	0	51	32	24	11	164	179	186	0
489	474	88	67	88	459	68	63	55	88	67	88	47	36	0	72	214	222	0	228	444	68	63	53	68	63	55	47	36	0	68	168	208	0	217	88	67	88	20	0	0	31	19	0	0	0	47	36	0	72	214	222	0	228	429	65	61	48	68	63	53	47	36	0	68	168	208	0	215	68	63	55	11	0	0	28	10	0	0	0	47	36	0	68	168	208	0	217	88	67	88	21	22	0	67	24	33	0	0	20	0	0	31	19	0	0	0	47	36	0	72	214	222	0	228	414	64	59	37	65	61	48	47	36	0	62	165	204	0	210	68	63	53	11	0	0	26	10	0	0	0	47	36	0	68	168	208	0	215	68	63	55	21	18	0	48	16	27	0	0	11	0	0	28	10	0	0	0	47	36	0	68	168	208	0	217	88	67	88	6	18	0	37	7	0	0	49	21	22	0	67	24	33	0	0	20	0	0	31	19	0	0	0	47	36	0	72	214	222	0	228
388	376	63	56	7	364	39	47	7	63	56	7	35	31	0	0	173	174	7	0	352	36	41	7	39	47	7	28	25	0	0	112	161	7	0	63	56	7	3	30	0	0	10	14	0	0	35	31	0	0	173	174	7	0	340	32	38	7	36	41	7	24	25	0	0	105	140	7	0	39	47	7	3	30	0	0	6	10	0	0	28	25	0	0	112	161	7	0	63	56	7	6	12	0	0	13	16	0	0	3	30	0	0	10	14	0	0	35	31	0	0	173	174	7	0	328	28	25	7	32	38	7	24	22	0	0	97	132	7	0	36	41	7	3	30	0	0	6	10	0	0	24	25	0	0	105	140	7	0	39	47	7	0	0	0	0	2	0	0	0	3	30	0	0	6	10	0	0	28	25	0	0	112	161	7	0	63	56	7	0	4	0	0	1	0	21	0	6	12	0	0	13	16	0	0	3	30	0	0	10	14	0	0	35	31	0	0	173	174	7	0
312	302	64	34	20	292	45	31	10	64	34	20	40	18	0	0	186	125	0	93	282	45	31	10	45	31	10	40	18	0	0	140	117	0	92	64	34	20	13	0	0	0	14	0	0	0	40	18	0	0	186	125	0	93	272	43	31	8	45	31	10	40	18	0	0	140	117	0	92	45	31	10	9	0	0	0	8	0	0	0	40	18	0	0	140	117	0	92	64	34	20	8	0	0	16	21	14	0	0	13	0	0	0	14	0	0	0	40	18	0	0	186	125	0	93	262	39	31	0	43	31	8	40	18	0	0	137	117	0	90	45	31	10	9	0	0	0	8	0	0	0	40	18	0	0	140	117	0	92	45	31	10	5	0	0	0	9	10	0	0	9	0	0	0	8	0	0	0	40	18	0	0	140	117	0	92	64	34	20	3	0	0	0	2	0	0	49	8	0	0	16	21	14	0	0	13	0	0	0	14	0	0	0	40	18	0	0	186	125	0	93
372	360	79	56	0	348	46	46	0	79	56	0	44	52	0	0	223	216	0	0	336	44	44	0	46	46	0	35	46	0	0	135	181	0	0	79	56	0	10	8	0	0	13	9	0	0	44	52	0	0	223	216	0	0	324	44	44	0	44	44	0	35	46	0	0	131	174	0	0	46	46	0	10	8	0	0	4	8	0	0	35	46	0	0	135	181	0	0	79	56	0	11	0	0	0	23	0	0	0	10	8	0	0	13	9	0	0	44	52	0	0	223	216	0	0	312	38	40	0	44	44	0	35	46	0	0	131	174	0	0	44	44	0	10	8	0	0	4	8	0	0	35	46	0	0	131	174	0	0	46	46	0	2	0	0	0	5	0	0	0	10	8	0	0	4	8	0	0	35	46	0	0	135	181	0	0	79	56	0	3	0	0	0	1	0	0	0	11	0	0	0	23	0	0	0	10	8	0	0	13	9	0	0	44	52	0	0	223	216	0	0
305	295	52	39	0	285	35	33	0	52	39	0	36	14	0	0	136	97	0	0	275	31	33	0	35	33	0	30	14	0	0	90	90	0	0	52	39	0	10	0	0	0	8	10	0	0	36	14	0	0	136	97	0	0	265	25	27	0	31	33	0	22	14	0	0	82	90	0	0	35	33	0	8	0	0	0	6	4	0	0	30	14	0	0	90	90	0	0	52	39	0	3	12	0	0	4	12	0	0	10	0	0	0	8	10	0	0	36	14	0	0	136	97	0	0	255	21	21	0	25	27	0	22	14	0	0	73	80	0	0	31	33	0	8	0	0	0	6	4	0	0	22	14	0	0	82	90	0	0	35	33	0	0	0	0	0	0	0	0	0	8	0	0	0	6	4	0	0	30	14	0	0	90	90	0	0	52	39	0	1	0	0	0	1	0	0	0	3	12	0	0	4	12	0	0	10	0	0	0	8	10	0	0	36	14	0	0	136	97	0	0
336	326	49	29	6	316	36	25	0	49	29	6	35	20	0	0	112	58	0	7	306	29	20	0	36	25	0	23	20	0	0	74	50	0	7	49	29	6	11	0	0	0	4	12	6	0	35	20	0	0	112	58	0	7	296	18	0	0	29	20	0	14	0	0	0	61	40	0	7	36	25	0	6	0	0	0	3	10	0	0	23	20	0	0	74	50	0	7	49	29	6	0	0	18	0	0	0	24	0	11	0	0	0	4	12	6	0	35	20	0	0	112	58	0	7	286	17	0	0	18	0	0	11	0	0	0	45	0	0	7	29	20	0	6	0	0	0	3	10	0	0	14	0	0	0	61	40	0	7	36	25	0	0	0	0	0	0	0	0	0	6	0	0	0	3	10	0	0	23	20	0	0	74	50	0	7	49	29	6	0	0	4	0	0	0	0	0	0	0	18	0	0	0	24	0	11	0	0	0	4	12	6	0	35	20	0	0	112	58	0	7
339	329	35	33	2	319	22	22	0	35	33	2	16	34	0	0	61	51	2	0	309	18	10	0	22	22	0	13	20	0	0	37	21	0	0	35	33	2	3	10	0	0	3	0	4	0	16	34	0	0	61	51	2	0	299	8	0	0	18	10	0	4	0	0	0	30	5	0	0	22	22	0	0	0	0	0	3	0	0	0	13	20	0	0	37	21	0	0	35	33	2	0	0	6	0	0	0	4	0	3	10	0	0	3	0	4	0	16	34	0	0	61	51	2	0	289	8	0	0	8	0	0	4	0	0	0	15	0	0	0	18	10	0	0	0	0	0	3	0	0	0	4	0	0	0	30	5	0	0	22	22	0	0	0	0	0	0	0	0	0	0	0	0	0	3	0	0	0	13	20	0	0	37	21	0	0	35	33	2	0	0	0	0	0	0	0	0	0	0	6	0	0	0	4	0	3	10	0	0	3	0	4	0	16	34	0	0	61	51	2	0
304	295	29	28	0	286	16	18	0	29	28	0	14	28	0	0	46	42	0	0	277	12	8	0	16	18	0	11	16	0	0	22	17	0	0	29	28	0	3	8	0	0	2	0	0	0	14	28	0	0	46	42	0	0	268	5	0	0	12	8	0	2	0	0	0	15	4	0	0	16	18	0	0	0	0	0	2	0	0	0	11	16	0	0	22	17	0	0	29	28	0	0	0	0	0	0	0	0	0	3	8	0	0	2	0	0	0	14	28	0	0	46	42	0	0	259	5	0	0	5	0	0	2	0	0	0	5	0	0	0	12	8	0	0	0	0	0	2	0	0	0	2	0	0	0	15	4	0	0	16	18	0	0	0	0	0	0	0	0	0	0	0	0	0	2	0	0	0	11	16	0	0	22	17	0	0	29	28	0	0	0	0	0	0	0	0	0	0	0	0	0	0	0	0	0	3	8	0	0	2	0	0	0	14	28	0	0	46	42	0	0
239	232	27	15	0	225	15	9	0	27	15	0	16	9	0	0	42	36	0	0	218	10	4	0	15	9	0	12	4	0	0	18	13	0	0	27	15	0	4	4	0	0	2	0	0	0	16	9	0	0	42	36	0	0	211	2	0	0	10	4	0	0	0	0	0	10	4	0	0	15	9	0	0	0	0	0	2	0	0	0	12	4	0	0	18	13	0	0	27	15	0	0	0	0	0	0	0	0	0	4	4	0	0	2	0	0	0	16	9	0	0	42	36	0	0	204	2	0	0	2	0	0	0	0	0	0	0	0	0	0	10	4	0	0	0	0	0	2	0	0	0	0	0	0	0	10	4	0	0	15	9	0	0	0	0	0	0	0	0	0	0	0	0	0	2	0	0	0	12	4	0	0	18	13	0	0	27	15	0	0	0	0	0	0	0	0	0	0	0	0	0	0	0	0	0	4	4	0	0	2	0	0	0	16	9	0	0	42	36	0	0
173	168	20	6	0	163	10	0	0	20	6	0	14	0	0	0	29	21	0	0	158	5	0	0	10	0	0	9	0	0	0	11	0	0	0	20	6	0	5	0	0	0	0	0	0	0	14	0	0	0	29	21	0	0	153	0	0	0	5	0	0	0	0	0	0	3	0	0	0	10	0	0	0	0	0	0	0	0	0	0	9	0	0	0	11	0	0	0	20	6	0	0	0	0	0	0	0	0	0	5	0	0	0	0	0	0	0	14	0	0	0	29	21	0	0	148	0	0	0	0	0	0	0	0	0	0	0	0	0	0	5	0	0	0	0	0	0	0	0	0	0	0	0	0	0	3	0	0	0	10	0	0	0	0	0	0	0	0	0	0	0	0	0	0	0	0	0	0	9	0	0	0	11	0	0	0	20	6	0	0	0	0	0	0	0	0	0	0	0	0	0	0	0	0	0	5	0	0	0	0	0	0	0	14	0	0	0	29	21	0	0
403	391	20	35	16	379	7	0	0	20	35	16	9	0	22	0	17	21	80	2	367	2	0	0	7	0	0	0	0	0	0	8	0	0	0	20	35	16	0	0	22	0	0	0	0	0	9	0	22	0	17	21	80	2	355	2	0	0	2	0	0	0	0	0	0	5	0	0	0	7	0	0	0	0	0	0	0	0	0	0	0	0	0	0	8	0	0	0	20	35	16	0	0	0	0	0	0	0	0	0	0	22	0	0	0	0	0	9	0	22	0	17	21	80	2	343	2	0	0	2	0	0	0	0	0	0	5	0	0	0	2	0	0	0	0	0	0	0	0	0	0	0	0	0	0	5	0	0	0	7	0	0	0	0	0	0	0	0	0	0	0	0	0	0	0	0	0	0	0	0	0	0	8	0	0	0	20	35	16	0	0	0	0	0	0	0	0	0	0	0	0	0	0	0	0	0	0	22	0	0	0	0	0	9	0	22	0	17	21	80	2
236	229	10	10	3	222	0	0	0	10	10	3	0	0	0	0	3	0	6	0	215	0	0	0	0	0	0	0	0	0	0	0	0	0	0	10	10	3	0	0	0	0	0	0	0	0	0	0	0	0	3	0	6	0	208	0	0	0	0	0	0	0	0	0	0	0	0	0	0	0	0	0	0	0	0	0	0	0	0	0	0	0	0	0	0	0	0	0	10	10	3	0	0	0	0	0	0	0	0	0	0	0	0	0	0	0	0	0	0	0	0	3	0	6	0	201	0	0	0	0	0	0	0	0	0	0	0	0	0	0	0	0	0	0	0	0	0	0	0	0	0	0	0	0	0	0	0	0	0	0	0	0	0	0	0	0	0	0	0	0	0	0	0	0	0	0	0	0	0	0	0	0	0	0	0	0	10	10	3	0	0	0	0	0	0	0	0	0	0	0	0	0	0	0	0	0	0	0	0	0	0	0	0	0	0	0	0	3	0	6	0
202	196	10	8	0	190	0	0	0	10	8	0	0	0	0	0	3	0	0	0	184	0	0	0	0	0	0	0	0	0	0	0	0	0	0	10	8	0	0	0	0	0	0	0	0	0	0	0	0	0	3	0	0	0	178	0	0	0	0	0	0	0	0	0	0	0	0	0	0	0	0	0	0	0	0	0	0	0	0	0	0	0	0	0	0	0	0	0	10	8	0	0	0	0	0	0	0	0	0	0	0	0	0	0	0	0	0	0	0	0	0	3	0	0	0	172	0	0	0	0	0	0	0	0	0	0	0	0	0	0	0	0	0	0	0	0	0	0	0	0	0	0	0	0	0	0	0	0	0	0	0	0	0	0	0	0	0	0	0	0	0	0	0	0	0	0	0	0	0	0	0	0	0	0	0	0	10	8	0	0	0	0	0	0	0	0	0	0	0	0	0	0	0	0	0	0	0	0	0	0	0	0	0	0	0	0	0	3	0	0	0
169	164	11	4	0	159	0	0	0	11	4	0	0	0	0	0	3	0	0	0	154	0	0	0	0	0	0	0	0	0	0	0	0	0	0	11	4	0	0	0	0	0	0	0	0	0	0	0	0	0	3	0	0	0	149	0	0	0	0	0	0	0	0	0	0	0	0	0	0	0	0	0	0	0	0	0	0	0	0	0	0	0	0	0	0	0	0	0	11	4	0	0	0	0	0	0	0	0	0	0	0	0	0	0	0	0	0	0	0	0	0	3	0	0	0	144	0	0	0	0	0	0	0	0	0	0	0	0	0	0	0	0	0	0	0	0	0	0	0	0	0	0	0	0	0	0	0	0	0	0	0	0	0	0	0	0	0	0	0	0	0	0	0	0	0	0	0	0	0	0	0	0	0	0	0	0	11	4	0	0	0	0	0	0	0	0	0	0	0	0	0	0	0	0	0	0	0	0	0	0	0	0	0	0	0	0	0	3	0	0	0
168	163	5	6	0	158	0	0	0	5	6	0	0	0	0	0	0	0	0	0	153	0	0	0	0	0	0	0	0	0	0	0	0	0	0	5	6	0	0	0	0	0	0	0	0	0	0	0	0	0	0	0	0	0	148	0	0	0	0	0	0	0	0	0	0	0	0	0	0	0	0	0	0	0	0	0	0	0	0	0	0	0	0	0	0	0	0	0	5	6	0	0	0	0	0	0	0	0	0	0	0	0	0	0	0	0	0	0	0	0	0	0	0	0	0	143	0	0	0	0	0	0	0	0	0	0	0	0	0	0	0	0	0	0	0	0	0	0	0	0	0	0	0	0	0	0	0	0	0	0	0	0	0	0	0	0	0	0	0	0	0	0	0	0	0	0	0	0	0	0	0	0	0	0	0	0	5	6	0	0	0	0	0	0	0	0	0	0	0	0	0	0	0	0	0	0	0	0	0	0	0	0	0	0	0	0	0	0	0	0	0
317	307	16	23	28	297	5	9	18	16	23	28	2	0	47	13	24	7	56	16	287	5	9	0	5	9	18	2	0	42	0	10	0	36	0	16	23	28	0	0	0	0	2	0	0	8	2	0	47	13	24	7	56	16	277	5	9	0	5	9	0	2	0	0	0	10	0	0	0	5	9	18	0	0	0	0	0	0	0	0	2	0	42	0	10	0	36	0	16	23	28	0	0	0	0	0	0	0	0	0	0	0	0	2	0	0	8	2	0	47	13	24	7	56	16	267	5	9	0	5	9	0	2	0	0	0	10	0	0	0	5	9	0	0	0	0	0	0	0	0	0	2	0	0	0	10	0	0	0	5	9	18	0	0	0	0	0	0	0	0	0	0	0	0	0	0	0	0	2	0	42	0	10	0	36	0	16	23	28	0	0	0	0	0	0	0	0	0	0	0	0	0	0	0	0	0	0	0	0	2	0	0	8	2	0	47	13	24	7	56	16
230	223	11	6	18	216	5	0	9	11	6	18	2	0	22	9	13	0	18	16	209	5	0	0	5	0	9	2	0	18	0	10	0	9	0	11	6	18	0	0	0	0	0	0	0	2	2	0	22	9	13	0	18	16	202	5	0	0	5	0	0	2	0	0	0	10	0	0	0	5	0	9	0	0	0	0	0	0	0	0	2	0	18	0	10	0	9	0	11	6	18	0	0	0	0	0	0	0	0	0	0	0	0	0	0	0	2	2	0	22	9	13	0	18	16	195	5	0	0	5	0	0	2	0	0	0	10	0	0	0	5	0	0	0	0	0	0	0	0	0	0	2	0	0	0	10	0	0	0	5	0	9	0	0	0	0	0	0	0	0	0	0	0	0	0	0	0	0	2	0	18	0	10	0	9	0	11	6	18	0	0	0	0	0	0	0	0	0	0	0	0	0	0	0	0	0	0	0	0	0	0	0	2	2	0	22	9	13	0	18	16
231	224	1	0	23	217	1	0	0	1	0	23	0	0	0	0	5	0	0	19	210	1	0	0	1	0	0	0	0	0	0	5	0	0	0	1	0	23	0	0	0	0	0	0	0	0	0	0	0	0	5	0	0	19	203	1	0	0	1	0	0	0	0	0	0	5	0	0	0	1	0	0	0	0	0	0	0	0	0	0	0	0	0	0	5	0	0	0	1	0	23	0	0	0	0	0	0	0	0	0	0	0	0	0	0	0	0	0	0	0	0	5	0	0	19	196	1	0	0	1	0	0	0	0	0	0	5	0	0	0	1	0	0	0	0	0	0	0	0	0	0	0	0	0	0	5	0	0	0	1	0	0	0	0	0	0	0	0	0	0	0	0	0	0	0	0	0	0	0	0	0	0	5	0	0	0	1	0	23	0	0	0	0	0	0	0	0	0	0	0	0	0	0	0	0	0	0	0	0	0	0	0	0	0	0	0	0	5	0	0	19
231	224	2	0	19	217	1	0	0	2	0	19	0	0	0	0	5	0	0	19	210	1	0	0	1	0	0	0	0	0	0	5	0	0	0	2	0	19	0	0	0	0	0	0	0	0	0	0	0	0	5	0	0	19	203	1	0	0	1	0	0	0	0	0	0	5	0	0	0	1	0	0	0	0	0	0	0	0	0	0	0	0	0	0	5	0	0	0	2	0	19	0	0	0	0	0	0	0	0	0	0	0	0	0	0	0	0	0	0	0	0	5	0	0	19	196	1	0	0	1	0	0	0	0	0	0	5	0	0	0	1	0	0	0	0	0	0	0	0	0	0	0	0	0	0	5	0	0	0	1	0	0	0	0	0	0	0	0	0	0	0	0	0	0	0	0	0	0	0	0	0	0	5	0	0	0	2	0	19	0	0	0	0	0	0	0	0	0	0	0	0	0	0	0	0	0	0	0	0	0	0	0	0	0	0	0	0	5	0	0	19
188	182	9	5	7	176	1	5	0	9	5	7	0	0	0	0	12	25	0	16	170	1	5	0	1	5	0	0	0	0	0	0	25	0	0	9	5	7	0	0	0	0	0	0	0	0	0	0	0	0	12	25	0	16	164	1	5	0	1	5	0	0	0	0	0	0	25	0	0	1	5	0	0	0	0	0	0	0	0	0	0	0	0	0	0	25	0	0	9	5	7	0	0	0	0	0	0	0	0	0	0	0	0	0	0	0	0	0	0	0	0	12	25	0	16	158	1	5	0	1	5	0	0	0	0	0	0	25	0	0	1	5	0	0	0	0	0	0	0	0	0	0	0	0	0	0	25	0	0	1	5	0	0	0	0	0	0	0	0	0	0	0	0	0	0	0	0	0	0	0	0	0	0	25	0	0	9	5	7	0	0	0	0	0	0	0	0	0	0	0	0	0	0	0	0	0	0	0	0	0	0	0	0	0	0	0	0	12	25	0	16
543	524	73	127	19	505	31	86	18	73	127	19	40	97	17	5	202	351	76	0	486	24	78	18	31	86	18	21	65	17	5	88	232	72	0	73	127	19	4	0	18	0	2	8	19	0	40	97	17	5	202	351	76	0	467	24	78	10	24	78	18	21	65	17	0	69	208	72	0	31	86	18	4	0	18	0	1	0	18	0	21	65	17	5	88	232	72	0	73	127	19	0	0	0	8	2	0	0	6	4	0	18	0	2	8	19	0	40	97	17	5	202	351	76	0	448	24	78	0	24	78	10	21	65	16	0	69	208	40	0	24	78	18	4	0	18	0	1	0	18	0	21	65	17	0	69	208	72	0	31	86	18	0	0	0	0	0	0	0	0	4	0	18	0	1	0	18	0	21	65	17	5	88	232	72	0	73	127	19	0	0	0	0	1	0	0	7	0	0	0	8	2	0	0	6	4	0	18	0	2	8	19	0	40	97	17	5	202	351	76	0
405	392	36	23	43	379	22	12	30	36	23	43	21	0	5	32	89	33	43	28	366	17	12	27	22	12	30	9	0	5	27	52	0	30	18	36	23	43	0	0	10	13	1	0	0	0	21	0	5	32	89	33	43	28	353	17	12	6	17	12	27	9	0	5	0	38	0	27	0	22	12	30	0	0	10	0	0	0	0	0	9	0	5	27	52	0	30	18	36	23	43	0	0	0	8	0	0	0	8	0	0	10	13	1	0	0	0	21	0	5	32	89	33	43	28	340	17	12	0	17	12	6	9	0	4	0	38	0	6	0	17	12	27	0	0	10	0	0	0	0	0	9	0	5	0	38	0	27	0	22	12	30	0	0	0	0	0	0	0	0	0	0	10	0	0	0	0	0	9	0	5	27	52	0	30	18	36	23	43	0	0	0	0	0	0	0	7	0	0	0	8	0	0	0	8	0	0	10	13	1	0	0	0	21	0	5	32	89	33	43	28
283	274	33	23	11	265	15	5	10	33	23	11	14	15	5	5	83	51	33	0	256	11	0	10	15	5	10	5	0	5	5	35	10	30	0	33	23	11	0	0	10	0	1	0	11	0	14	15	5	5	83	51	33	0	247	11	0	4	11	0	10	5	0	5	0	23	0	30	0	15	5	10	0	0	10	0	0	0	10	0	5	0	5	5	35	10	30	0	33	23	11	0	0	0	4	2	0	0	6	0	0	10	0	1	0	11	0	14	15	5	5	83	51	33	0	238	11	0	0	11	0	4	5	0	4	0	23	0	12	0	11	0	10	0	0	10	0	0	0	10	0	5	0	5	0	23	0	30	0	15	5	10	0	0	0	0	0	0	0	0	0	0	10	0	0	0	10	0	5	0	5	5	35	10	30	0	33	23	11	0	0	0	0	0	0	0	7	0	0	0	4	2	0	0	6	0	0	10	0	1	0	11	0	14	15	5	5	83	51	33	0
323	312	22	26	38	301	12	24	20	22	26	38	11	16	0	27	55	40	0	46	290	11	24	18	12	24	20	7	16	0	23	29	40	0	27	22	26	38	0	0	0	9	1	0	0	0	11	16	0	27	55	40	0	46	279	11	24	2	11	24	18	7	16	0	0	26	40	0	0	12	24	20	0	0	0	0	0	0	0	0	7	16	0	23	29	40	0	27	22	26	38	0	0	0	4	0	0	0	8	0	0	0	9	1	0	0	0	11	16	0	27	55	40	0	46	268	11	24	0	11	24	2	7	16	0	0	26	40	0	0	11	24	18	0	0	0	0	0	0	0	0	7	16	0	0	26	40	0	0	12	24	20	0	0	0	0	0	0	0	0	0	0	0	0	0	0	0	0	7	16	0	23	29	40	0	27	22	26	38	0	0	0	0	0	0	0	0	0	0	0	4	0	0	0	8	0	0	0	9	1	0	0	0	11	16	0	27	55	40	0	46
219	212	29	15	0	205	12	3	0	29	15	0	12	9	0	0	69	33	0	0	198	10	0	0	12	3	0	5	0	0	0	23	6	0	0	29	15	0	0	0	0	0	1	0	0	0	12	9	0	0	69	33	0	0	191	10	0	0	10	0	0	5	0	0	0	18	0	0	0	12	3	0	0	0	0	0	0	0	0	0	5	0	0	0	23	6	0	0	29	15	0	0	0	0	0	2	0	0	0	0	0	0	0	1	0	0	0	12	9	0	0	69	33	0	0	184	10	0	0	10	0	0	5	0	0	0	18	0	0	0	10	0	0	0	0	0	0	0	0	0	0	5	0	0	0	18	0	0	0	12	3	0	0	0	0	0	0	0	0	0	0	0	0	0	0	0	0	0	5	0	0	0	23	6	0	0	29	15	0	0	0	0	0	0	0	0	0	0	0	0	0	2	0	0	0	0	0	0	0	1	0	0	0	12	9	0	0	69	33	0	0
401	388	48	22	56	375	22	0	36	48	22	56	29	0	60	19	141	66	112	30	362	19	0	36	22	0	36	18	0	36	19	62	0	72	28	48	22	56	3	0	12	0	0	0	0	0	29	0	60	19	141	66	112	30	349	19	0	36	19	0	36	18	0	36	19	56	0	72	28	22	0	36	3	0	12	0	0	0	0	0	18	0	36	19	62	0	72	28	48	22	56	0	0	0	0	5	0	0	0	3	0	12	0	0	0	0	0	29	0	60	19	141	66	112	30	336	19	0	35	19	0	36	18	0	36	16	56	0	72	14	19	0	36	3	0	12	0	0	0	0	0	18	0	36	19	56	0	72	28	22	0	36	0	0	0	0	0	0	0	0	3	0	12	0	0	0	0	0	18	0	36	19	62	0	72	28	48	22	56	0	0	0	4	0	0	0	0	0	0	0	0	5	0	0	0	3	0	12	0	0	0	0	0	29	0	60	19	141	66	112	30
277	268	28	14	33	259	11	0	17	28	14	33	11	0	34	0	70	42	66	30	250	9	0	17	11	0	17	5	0	18	0	23	0	34	28	28	14	33	0	0	12	0	0	0	0	0	11	0	34	0	70	42	66	30	241	9	0	17	9	0	17	5	0	18	0	18	0	34	28	11	0	17	0	0	12	0	0	0	0	0	5	0	18	0	23	0	34	28	28	14	33	0	0	0	0	5	0	0	0	0	0	12	0	0	0	0	0	11	0	34	0	70	42	66	30	232	9	0	17	9	0	17	5	0	18	0	18	0	34	14	9	0	17	0	0	12	0	0	0	0	0	5	0	18	0	18	0	34	28	11	0	17	0	0	0	0	0	0	0	0	0	0	12	0	0	0	0	0	5	0	18	0	23	0	34	28	28	14	33	0	0	0	0	0	0	0	0	0	0	0	0	5	0	0	0	0	0	12	0	0	0	0	0	11	0	34	0	70	42	66	30
435	420	54	63	32	405	24	36	4	54	63	32	33	0	26	4	156	105	96	73	390	22	36	4	24	36	4	23	0	8	4	70	24	12	58	54	63	32	4	0	0	0	1	0	0	0	33	0	26	4	156	105	96	73	375	22	36	4	22	36	4	23	0	8	4	68	24	12	55	24	36	4	4	0	0	0	1	0	0	0	23	0	8	4	70	24	12	58	54	63	32	0	0	0	0	7	0	0	0	4	0	0	0	1	0	0	0	33	0	26	4	156	105	96	73	360	22	36	4	22	36	4	23	0	8	4	68	24	12	20	22	36	4	4	0	0	0	1	0	0	0	23	0	8	4	68	24	12	55	24	36	4	0	0	0	0	0	0	0	0	4	0	0	0	1	0	0	0	23	0	8	4	70	24	12	58	54	63	32	0	0	0	0	0	0	0	0	0	0	0	0	7	0	0	0	4	0	0	0	1	0	0	0	33	0	26	4	156	105	96	73
486	468	80	127	13	450	24	85	4	80	127	13	22	166	18	4	212	407	65	19	432	23	77	4	24	85	4	17	132	8	4	65	277	20	18	80	127	13	1	33	0	0	10	0	13	0	22	166	18	4	212	407	65	19	414	23	77	4	23	77	4	17	132	8	4	64	264	20	18	24	85	4	1	33	0	0	2	0	4	0	17	132	8	4	65	277	20	18	80	127	13	0	0	0	0	17	0	0	0	1	33	0	0	10	0	13	0	22	166	18	4	212	407	65	19	396	23	77	4	23	77	4	17	132	8	4	64	264	20	10	23	77	4	1	33	0	0	2	0	4	0	17	132	8	4	64	264	20	18	24	85	4	0	0	0	0	0	0	0	0	1	33	0	0	2	0	4	0	17	132	8	4	65	277	20	18	80	127	13	0	0	0	0	1	0	0	0	0	0	0	0	17	0	0	0	1	33	0	0	10	0	13	0	22	166	18	4	212	407	65	19
284	274	53	34	0	264	21	18	0	53	34	0	27	18	0	0	143	86	0	0	254	20	16	0	21	18	0	22	8	0	0	59	42	0	0	53	34	0	4	0	0	0	6	0	0	0	27	18	0	0	143	86	0	0	244	20	16	0	20	16	0	22	8	0	0	58	40	0	0	21	18	0	4	0	0	0	2	0	0	0	22	8	0	0	59	42	0	0	53	34	0	0	0	0	0	14	0	0	0	4	0	0	0	6	0	0	0	27	18	0	0	143	86	0	0	234	20	16	0	20	16	0	22	8	0	0	58	40	0	0	20	16	0	4	0	0	0	2	0	0	0	22	8	0	0	58	40	0	0	21	18	0	0	0	0	0	0	0	0	0	4	0	0	0	2	0	0	0	22	8	0	0	59	42	0	0	53	34	0	0	0	0	0	0	0	0	0	0	0	0	0	14	0	0	0	4	0	0	0	6	0	0	0	27	18	0	0	143	86	0	0
566	547	74	60	85	528	38	0	45	74	60	85	28	0	94	35	206	165	340	134	509	38	0	41	38	0	45	28	0	83	29	116	0	180	61	74	60	85	13	0	0	19	12	0	0	0	28	0	94	35	206	165	340	134	490	35	0	41	38	0	41	28	0	83	29	116	0	164	61	38	0	45	4	0	0	19	6	0	0	0	28	0	83	29	116	0	180	61	74	60	85	2	0	0	0	19	45	0	0	13	0	0	19	12	0	0	0	28	0	94	35	206	165	340	134	471	34	0	41	35	0	41	28	0	83	29	113	0	164	61	38	0	41	4	0	0	19	6	0	0	0	28	0	83	29	116	0	164	61	38	0	45	0	0	0	0	2	0	0	0	4	0	0	19	6	0	0	0	28	0	83	29	116	0	180	61	74	60	85	0	0	9	0	0	0	0	0	2	0	0	0	19	45	0	0	13	0	0	19	12	0	0	0	28	0	94	35	206	165	340	134
561	541	84	108	71	521	40	65	47	84	108	71	31	66	78	55	234	315	213	45	501	39	64	35	40	65	47	29	64	71	17	120	226	141	8	84	108	71	7	16	0	19	15	19	0	19	31	66	78	55	234	315	213	45	481	37	64	35	39	64	35	29	64	71	17	118	224	105	8	40	65	47	3	16	0	19	5	17	0	18	29	64	71	17	120	226	141	8	84	108	71	2	0	0	0	25	26	0	0	7	16	0	19	15	19	0	19	31	66	78	55	234	315	213	45	461	36	64	35	37	64	35	29	64	71	17	115	224	105	8	39	64	35	3	16	0	19	5	16	0	18	29	64	71	17	118	224	105	8	40	65	47	0	0	0	0	2	0	0	0	3	16	0	19	5	17	0	18	29	64	71	17	120	226	141	8	84	108	71	0	0	9	0	1	0	0	0	2	0	0	0	25	26	0	0	7	16	0	19	15	19	0	19	31	66	78	55	234	315	213	45
406	392	66	53	27	378	27	13	18	66	53	27	26	0	71	12	176	159	135	13	364	27	13	18	27	13	18	26	0	60	12	82	39	90	4	66	53	27	13	0	0	0	17	0	0	0	26	0	71	12	176	159	135	13	350	24	13	18	27	13	18	26	0	60	12	82	39	90	4	27	13	18	4	0	0	0	6	0	0	0	26	0	60	12	82	39	90	4	66	53	27	0	0	0	0	16	24	0	0	13	0	0	0	17	0	0	0	26	0	71	12	176	159	135	13	336	24	13	18	24	13	18	26	0	60	12	79	39	90	4	27	13	18	4	0	0	0	6	0	0	0	26	0	60	12	82	39	90	4	27	13	18	0	0	0	0	2	0	0	0	4	0	0	0	6	0	0	0	26	0	60	12	82	39	90	4	66	53	27	0	0	0	0	0	0	0	0	0	0	0	0	16	24	0	0	13	0	0	0	17	0	0	0	26	0	71	12	176	159	135	13
418	404	51	24	56	390	28	0	14	51	24	56	26	0	23	36	135	36	112	134	376	28	0	6	28	0	14	26	0	12	12	80	0	28	61	51	24	56	8	0	0	0	7	0	0	11	26	0	23	36	135	36	112	134	362	26	0	6	28	0	6	26	0	12	12	80	0	12	61	28	0	14	4	0	0	0	5	0	0	10	26	0	12	12	80	0	28	61	51	24	56	0	0	0	0	12	24	0	0	8	0	0	0	7	0	0	11	26	0	23	36	135	36	112	134	348	26	0	6	26	0	6	26	0	12	12	77	0	12	61	28	0	6	4	0	0	0	5	0	0	10	26	0	12	12	80	0	12	61	28	0	14	0	0	0	0	2	0	0	0	4	0	0	0	5	0	0	10	26	0	12	12	80	0	28	61	51	24	56	0	0	0	0	0	0	0	0	0	0	0	0	12	24	0	0	8	0	0	0	7	0	0	11	26	0	23	36	135	36	112	134
398	383	65	80	7	368	24	50	0	64	80	7	22	60	7	0	176	226	28	13	353	23	50	0	23	50	0	20	60	0	0	72	150	0	4	64	80	7	8	0	0	0	17	12	0	0	22	60	7	0	176	226	28	13	338	21	50	0	22	50	0	20	60	0	0	70	150	0	4	23	50	0	4	0	0	0	5	10	0	0	20	60	0	0	72	150	0	4	64	80	7	0	0	0	0	17	12	0	0	8	0	0	0	17	12	0	0	22	60	7	0	176	226	28	13	323	21	50	0	20	50	0	20	60	0	0	67	150	0	4	22	50	0	4	0	0	0	5	10	0	0	20	60	0	0	70	150	0	4	23	50	0	0	0	0	0	2	0	0	0	4	0	0	0	5	10	0	0	20	60	0	0	72	150	0	4	64	80	7	0	0	0	0	0	0	0	0	0	0	0	0	17	12	0	0	8	0	0	0	17	12	0	0	22	60	7	0	176	226	28	13
630	608	89	101	156	586	57	21	128	89	101	156	39	0	79	54	145	240	780	112	564	52	16	128	57	21	128	24	0	79	54	95	0	640	63	89	101	156	19	80	23	0	19	48	0	0	39	0	79	54	145	240	780	112	542	33	0	128	52	16	128	20	0	79	54	93	0	640	59	57	21	128	3	0	23	0	9	0	0	0	24	0	79	54	95	0	640	63	89	101	156	0	0	179	0	4	0	156	0	19	80	23	0	19	48	0	0	39	0	79	54	145	240	780	112	520	33	0	128	33	0	128	20	0	79	54	78	0	640	59	52	16	128	3	0	23	0	9	0	0	0	20	0	79	54	93	0	640	59	57	21	128	0	0	177	0	4	0	128	0	3	0	23	0	9	0	0	0	24	0	79	54	95	0	640	63	89	101	156	0	0	0	0	1	0	0	0	0	0	179	0	4	0	156	0	19	80	23	0	19	48	0	0	39	0	79	54	145	240	780	112
434	419	52	14	111	404	35	0	41	52	14	111	36	0	14	95	143	28	111	246	389	34	0	32	35	0	41	34	0	14	54	101	0	41	124	52	14	111	16	0	0	12	16	14	0	13	36	0	14	95	143	28	111	246	374	31	0	32	34	0	32	34	0	14	54	101	0	32	100	35	0	41	7	0	0	12	9	0	0	4	34	0	14	54	101	0	41	124	52	14	111	0	0	0	0	4	0	0	0	16	0	0	12	16	14	0	13	36	0	14	95	143	28	111	246	359	31	0	32	31	0	32	34	0	14	54	98	0	32	100	34	0	32	7	0	0	12	9	0	0	4	34	0	14	54	101	0	32	100	35	0	41	0	0	0	0	4	0	0	0	7	0	0	12	9	0	0	4	34	0	14	54	101	0	41	124	52	14	111	0	0	0	0	0	0	0	0	0	0	0	0	4	0	0	0	16	0	0	12	16	14	0	13	36	0	14	95	143	28	111	246
566	545	91	127	94	524	56	98	33	89	127	94	52	51	7	64	194	345	188	246	503	52	94	33	54	98	33	42	51	7	64	113	283	66	124	89	127	94	29	52	0	0	24	67	0	0	52	51	7	64	194	345	188	246	482	44	68	33	50	94	33	38	51	7	64	109	277	66	100	54	98	33	14	0	0	0	11	51	0	0	42	51	7	64	113	283	66	124	89	127	94	9	0	39	0	9	36	188	0	29	52	0	0	24	67	0	0	52	51	7	64	194	345	188	246	461	44	68	33	42	68	33	38	51	7	64	104	238	66	100	50	94	33	14	0	0	0	11	51	0	0	38	51	7	64	109	277	66	100	54	98	33	9	0	37	0	6	34	66	0	14	0	0	0	11	51	0	0	42	51	7	64	113	283	66	124	89	127	94	6	0	0	0	11	0	0	0	9	0	39	0	9	36	188	0	29	52	0	0	24	67	0	0	52	51	7	64	194	345	188	246
489	472	52	52	88	455	25	0	68	52	52	88	26	0	58	60	110	143	352	34	438	22	0	66	25	0	68	17	0	58	54	63	0	272	18	52	52	88	12	0	12	12	16	26	0	0	26	0	58	60	110	143	352	34	421	19	0	66	22	0	66	17	0	58	54	63	0	264	18	25	0	68	3	0	12	12	8	0	0	0	17	0	58	54	63	0	272	18	52	52	88	0	0	0	0	4	0	0	0	12	0	12	12	16	26	0	0	26	0	58	60	110	143	352	34	404	19	0	66	19	0	66	17	0	58	54	60	0	264	18	22	0	66	3	0	12	12	8	0	0	0	17	0	58	54	63	0	264	18	25	0	68	0	0	0	0	4	0	0	0	3	0	12	12	8	0	0	0	17	0	58	54	63	0	272	18	52	52	88	0	0	0	0	0	0	0	0	0	0	0	0	4	0	0	0	12	0	12	12	16	26	0	0	26	0	58	60	110	143	352	34
356	343	53	46	42	330	27	22	0	52	46	42	25	0	0	0	128	133	126	190	317	25	22	0	26	22	0	21	0	0	0	72	77	0	110	52	46	42	13	0	0	0	15	19	0	0	25	0	0	0	128	133	126	190	304	22	22	0	24	22	0	21	0	0	0	70	77	0	94	26	22	0	4	0	0	0	8	11	0	0	21	0	0	0	72	77	0	110	52	46	42	0	0	0	0	4	0	0	0	13	0	0	0	15	19	0	0	25	0	0	0	128	133	126	190	291	22	22	0	21	22	0	21	0	0	0	67	77	0	94	24	22	0	4	0	0	0	8	11	0	0	21	0	0	0	70	77	0	94	26	22	0	0	0	0	0	4	0	0	0	4	0	0	0	8	11	0	0	21	0	0	0	72	77	0	110	52	46	42	0	0	0	0	0	0	0	0	0	0	0	0	4	0	0	0	13	0	0	0	15	19	0	0	25	0	0	0	128	133	126	190
417	402	34	36	97	387	16	0	54	34	36	97	20	0	67	74	42	0	291	286	372	12	0	54	16	0	54	10	0	65	74	32	0	162	196	34	36	97	3	0	16	0	4	0	0	0	20	0	67	74	42	0	291	286	357	12	0	54	12	0	54	10	0	65	74	32	0	162	194	16	0	54	3	0	0	0	4	0	0	0	10	0	65	74	32	0	162	196	34	36	97	0	0	0	0	2	0	0	0	3	0	16	0	4	0	0	0	20	0	67	74	42	0	291	286	342	12	0	54	12	0	54	10	0	65	74	32	0	162	194	12	0	54	3	0	0	0	4	0	0	0	10	0	65	74	32	0	162	194	16	0	54	0	0	0	0	2	0	0	0	3	0	0	0	4	0	0	0	10	0	65	74	32	0	162	196	34	36	97	0	0	0	0	0	0	0	0	0	0	0	0	2	0	0	0	3	0	16	0	4	0	0	0	20	0	67	74	42	0	291	286
532	511	75	139	99	490	42	105	30	73	139	99	34	150	26	49	98	282	198	491	469	26	90	30	40	105	30	14	120	23	49	57	240	60	270	73	139	99	6	45	126	0	5	45	99	0	34	150	26	49	98	282	198	491	448	24	90	30	24	90	30	10	120	23	49	46	240	60	259	40	105	30	0	45	72	0	5	45	30	0	14	120	23	49	57	240	60	270	73	139	99	0	0	0	0	2	30	0	0	6	45	126	0	5	45	99	0	34	150	26	49	98	282	198	491	427	24	90	30	22	90	30	10	120	23	49	46	240	60	259	24	90	30	0	45	72	0	5	45	30	0	10	120	23	49	46	240	60	259	40	105	30	0	0	0	0	2	30	0	0	0	45	72	0	5	45	30	0	14	120	23	49	57	240	60	270	73	139	99	0	0	0	0	2	0	0	0	0	0	0	0	2	30	0	0	6	45	126	0	5	45	99	0	34	150	26	49	98	282	198	491
386	372	45	49	66	358	26	9	34	45	49	66	25	36	70	35	47	18	264	244	344	19	0	34	26	9	34	15	0	67	35	37	0	136	196	45	49	66	3	0	64	0	4	0	66	0	25	36	70	35	47	18	264	244	330	19	0	34	19	0	34	15	0	67	35	36	0	136	194	26	9	34	3	0	44	0	4	0	34	0	15	0	67	35	37	0	136	196	45	49	66	0	0	0	0	2	0	0	0	3	0	64	0	4	0	66	0	25	36	70	35	47	18	264	244	316	19	0	34	19	0	34	15	0	67	35	36	0	136	194	19	0	34	3	0	44	0	4	0	34	0	15	0	67	35	36	0	136	194	26	9	34	0	0	0	0	2	0	0	0	3	0	44	0	4	0	34	0	15	0	67	35	37	0	136	196	45	49	66	0	0	0	0	0	0	0	0	0	0	0	0	2	0	0	0	3	0	64	0	4	0	66	0	25	36	70	35	47	18	264	244
298	287	40	26	50	276	22	10	0	39	26	50	23	0	0	0	64	50	100	380	265	16	10	0	21	10	0	13	0	0	0	44	50	0	229	39	26	50	3	0	42	0	7	0	0	0	23	0	0	0	64	50	100	380	254	16	10	0	15	10	0	13	0	0	0	41	50	0	227	21	10	0	3	0	0	0	7	0	0	0	13	0	0	0	44	50	0	229	39	26	50	0	0	0	0	4	0	0	0	3	0	42	0	7	0	0	0	23	0	0	0	64	50	100	380	243	16	10	0	15	10	0	13	0	0	0	41	50	0	227	15	10	0	3	0	0	0	7	0	0	0	13	0	0	0	41	50	0	227	21	10	0	0	0	0	0	4	0	0	0	3	0	0	0	7	0	0	0	13	0	0	0	44	50	0	229	39	26	50	0	0	0	0	0	0	0	0	0	0	0	0	4	0	0	0	3	0	42	0	7	0	0	0	23	0	0	0	64	50	100	380
330	317	37	61	16	304	20	35	0	37	61	16	19	40	0	0	33	50	64	156	291	17	30	0	20	35	0	13	20	0	0	29	40	0	128	37	61	16	3	0	16	0	3	0	16	0	19	40	0	0	33	50	64	156	278	17	30	0	17	30	0	13	20	0	0	29	40	0	128	20	35	0	3	0	0	0	3	0	0	0	13	20	0	0	29	40	0	128	37	61	16	0	0	0	0	2	0	0	0	3	0	16	0	3	0	16	0	19	40	0	0	33	50	64	156	265	17	30	0	17	30	0	13	20	0	0	29	40	0	128	17	30	0	3	0	0	0	3	0	0	0	13	20	0	0	29	40	0	128	20	35	0	0	0	0	0	2	0	0	0	3	0	0	0	3	0	0	0	13	20	0	0	29	40	0	128	37	61	16	0	0	0	0	0	0	0	0	0	0	0	0	2	0	0	0	3	0	16	0	3	0	16	0	19	40	0	0	33	50	64	156
243	234	17	0	56	225	12	0	9	17	0	56	10	0	26	9	25	0	0	328	216	12	0	9	12	0	9	10	0	0	9	25	0	0	118	17	0	56	3	0	0	0	3	0	0	0	10	0	26	9	25	0	0	328	207	12	0	9	12	0	9	10	0	0	9	25	0	0	118	12	0	9	3	0	0	0	3	0	0	0	10	0	0	9	25	0	0	118	17	0	56	0	0	0	0	2	0	0	0	3	0	0	0	3	0	0	0	10	0	26	9	25	0	0	328	198	12	0	9	12	0	9	10	0	0	9	25	0	0	118	12	0	9	3	0	0	0	3	0	0	0	10	0	0	9	25	0	0	118	12	0	9	0	0	0	0	2	0	0	0	3	0	0	0	3	0	0	0	10	0	0	9	25	0	0	118	17	0	56	0	0	0	0	0	0	0	0	0	0	0	0	2	0	0	0	3	0	0	0	3	0	0	0	10	0	26	9	25	0	0	328
324	312	16	0	80	300	10	0	41	16	0	80	2	0	14	64	9	0	0	229	288	10	0	39	10	0	41	2	0	0	58	9	0	0	88	16	0	80	0	0	0	24	0	0	0	0	2	0	14	64	9	0	0	229	276	10	0	39	10	0	39	2	0	0	58	9	0	0	88	10	0	41	0	0	0	24	0	0	0	0	2	0	0	58	9	0	0	88	16	0	80	0	0	0	0	0	0	0	0	0	0	0	24	0	0	0	0	2	0	14	64	9	0	0	229	264	10	0	39	10	0	39	2	0	0	58	9	0	0	88	10	0	39	0	0	0	24	0	0	0	0	2	0	0	58	9	0	0	88	10	0	41	0	0	0	0	0	0	0	0	0	0	0	24	0	0	0	0	2	0	0	58	9	0	0	88	16	0	80	0	0	0	0	0	0	0	0	0	0	0	0	0	0	0	0	0	0	0	24	0	0	0	0	2	0	14	64	9	0	0	229
302	289	38	53	38	276	33	39	36	35	53	38	26	0	27	22	31	0	76	0	263	33	39	36	30	39	36	26	0	27	22	31	0	72	0	34	53	38	6	0	0	0	3	0	0	0	24	0	27	22	29	0	76	0	250	33	39	36	30	39	36	26	0	27	22	31	0	72	0	29	39	36	6	0	0	0	3	0	0	0	24	0	27	22	29	0	72	0	34	53	38	0	0	0	0	0	0	0	0	6	0	0	0	3	0	0	0	24	0	27	22	29	0	76	0	237	33	39	36	30	39	36	26	0	27	22	31	0	72	0	29	39	36	6	0	0	0	3	0	0	0	24	0	27	22	29	0	72	0	29	39	36	0	0	0	0	0	0	0	0	6	0	0	0	3	0	0	0	24	0	27	22	29	0	72	0	34	53	38	0	0	0	0	1	0	0	0	0	0	0	0	0	0	0	0	6	0	0	0	3	0	0	0	24	0	27	22	29	0	76	0
243	234	16	0	48	225	9	0	20	16	0	48	2	0	23	22	4	0	0	179	216	9	0	20	9	0	20	2	0	9	22	4	0	0	88	16	0	48	0	0	0	0	0	0	0	0	2	0	23	22	4	0	0	179	207	9	0	20	9	0	20	2	0	9	22	4	0	0	88	9	0	20	0	0	0	0	0	0	0	0	2	0	9	22	4	0	0	88	16	0	48	0	0	0	0	0	0	0	0	0	0	0	0	0	0	0	0	2	0	23	22	4	0	0	179	198	9	0	20	9	0	20	2	0	9	22	4	0	0	88	9	0	20	0	0	0	0	0	0	0	0	2	0	9	22	4	0	0	88	9	0	20	0	0	0	0	0	0	0	0	0	0	0	0	0	0	0	0	2	0	9	22	4	0	0	88	16	0	48	0	0	0	0	0	0	0	0	0	0	0	0	0	0	0	0	0	0	0	0	0	0	0	0	2	0	23	22	4	0	0	179
385	370	48	48	71	355	36	26	41	48	48	71	30	0	109	46	48	0	142	181	340	36	26	40	36	26	41	30	0	75	44	47	0	82	64	48	48	71	9	0	0	11	7	0	0	0	30	0	109	46	48	0	142	181	325	36	26	40	36	26	40	30	0	71	44	47	0	80	64	36	26	41	9	0	0	11	7	0	0	0	30	0	75	44	47	0	82	64	48	48	71	0	0	0	0	2	0	0	0	9	0	0	11	7	0	0	0	30	0	109	46	48	0	142	181	310	36	26	40	36	26	40	30	0	71	44	47	0	80	64	36	26	40	9	0	0	11	7	0	0	0	30	0	71	44	47	0	80	64	36	26	41	0	0	0	0	2	0	0	0	9	0	0	11	7	0	0	0	30	0	75	44	47	0	82	64	48	48	71	0	0	0	0	0	0	0	0	0	0	0	0	2	0	0	0	9	0	0	11	7	0	0	0	30	0	109	46	48	0	142	181
421	401	119	157	73	381	105	130	73	115	157	73	83	142	0	0	197	159	146	0	361	102	126	70	101	130	73	77	136	0	0	176	154	146	0	115	157	73	31	46	0	35	20	30	0	0	83	142	0	0	197	159	146	0	341	100	121	51	98	126	70	73	130	0	0	170	151	140	0	101	130	73	25	44	0	7	16	20	0	0	77	136	0	0	176	154	146	0	112	157	73	29	53	0	60	17	22	0	94	31	46	0	35	20	30	0	0	83	142	0	0	185	159	146	0	321	94	115	49	96	121	51	73	121	0	0	170	147	102	0	98	126	70	23	42	0	7	15	20	0	0	73	130	0	0	170	151	140	0	98	130	73	27	50	0	56	14	20	0	33	25	44	0	7	16	20	0	0	77	136	0	0	164	154	146	0	112	157	73	32	57	0	18	33	70	0	0	29	53	0	60	17	22	0	94	31	46	0	35	20	30	0	0	83	142	0	0	185	159	146	0
345	325	73	149	69	305	60	134	45	68	149	69	39	198	0	59	101	167	0	109	285	58	128	43	55	134	45	32	180	0	57	86	152	0	77	65	149	69	6	72	0	24	6	24	0	0	33	198	0	59	96	167	0	109	265	58	128	41	53	128	43	32	180	0	56	86	152	0	76	52	134	45	6	72	0	22	6	24	0	0	26	180	0	57	81	152	0	77	57	149	69	0	0	0	23	1	0	0	0	6	72	0	24	6	24	0	0	33	198	0	59	69	167	0	109	245	58	128	41	53	128	41	32	180	0	56	86	152	0	76	50	128	43	6	72	0	22	6	24	0	0	26	180	0	56	81	152	0	76	44	134	45	0	0	0	23	1	0	0	0	6	72	0	22	6	24	0	0	26	180	0	57	54	152	0	77	57	149	69	14	0	0	0	8	0	0	0	0	0	0	23	1	0	0	0	6	72	0	24	6	24	0	0	33	198	0	59	69	167	0	109
447	428	87	83	124	409	78	78	93	83	83	124	62	65	0	112	113	107	0	109	390	78	78	59	74	78	93	62	65	0	30	110	104	0	77	82	83	124	22	0	0	113	14	0	0	181	60	65	0	112	111	107	0	109	371	78	78	39	74	78	59	62	65	0	29	110	104	0	76	73	78	93	22	0	0	29	14	0	0	64	60	65	0	30	108	104	0	77	81	83	124	4	0	0	37	5	0	0	156	22	0	0	113	14	0	0	181	60	65	0	112	107	107	0	109	352	78	78	39	74	78	39	62	65	0	29	110	104	0	76	73	78	59	22	0	0	29	14	0	0	64	60	65	0	29	108	104	0	76	72	78	93	4	0	0	37	5	0	0	128	22	0	0	29	14	0	0	64	60	65	0	30	104	104	0	77	81	83	124	5	0	0	0	13	0	0	0	4	0	0	37	5	0	0	156	22	0	0	113	14	0	0	181	60	65	0	112	107	107	0	109
353	335	113	116	51	317	90	105	50	109	116	51	77	110	0	14	160	242	0	0	299	88	104	47	86	105	50	70	106	0	12	133	232	0	0	108	116	51	33	8	0	33	14	30	0	0	75	110	0	14	158	242	0	0	281	87	104	42	84	104	47	70	106	0	11	133	232	0	0	85	105	50	28	8	0	29	11	28	0	0	68	106	0	12	131	232	0	0	100	116	51	29	0	0	49	7	14	0	0	33	8	0	33	14	30	0	0	75	110	0	14	130	242	0	0	263	86	104	42	83	104	42	69	106	0	11	131	232	0	0	83	104	47	28	8	0	29	11	28	0	0	68	106	0	11	131	232	0	0	77	105	50	24	0	0	49	7	14	0	0	28	8	0	29	11	28	0	0	68	106	0	12	103	232	0	0	100	116	51	23	0	0	0	26	14	0	0	29	0	0	49	7	14	0	0	33	8	0	33	14	30	0	0	75	110	0	14	130	242	0	0
371	354	101	105	66	337	86	89	65	97	105	66	77	88	0	14	157	136	66	0	320	83	83	60	82	89	65	69	80	0	12	136	123	65	0	97	105	66	24	58	0	59	14	27	0	0	77	88	0	14	157	136	66	0	303	81	79	42	79	83	60	65	72	0	11	132	117	60	0	82	89	65	18	54	0	29	13	27	0	0	69	80	0	12	136	123	65	0	94	105	66	22	36	0	49	10	18	0	94	24	58	0	59	14	27	0	0	77	88	0	14	145	136	66	0	286	78	79	42	77	79	42	65	72	0	11	132	117	42	0	79	83	60	18	54	0	29	13	27	0	0	65	72	0	11	132	117	60	0	79	89	65	22	36	0	49	10	18	0	33	18	54	0	29	13	27	0	0	69	80	0	12	124	123	65	0	94	105	66	22	0	0	0	28	36	0	0	22	36	0	49	10	18	0	94	24	58	0	59	14	27	0	0	77	88	0	14	145	136	66	0
227	216	102	43	16	205	88	38	0	98	43	16	79	28	0	0	144	64	0	139	194	84	37	0	84	38	0	71	28	0	0	119	58	0	138	98	43	16	32	5	0	0	14	10	0	0	79	28	0	0	144	64	0	139	183	82	32	0	80	37	0	67	24	0	0	109	56	0	130	84	38	0	26	4	0	0	10	8	0	0	71	28	0	0	119	58	0	138	97	43	16	38	24	0	0	17	10	0	0	32	5	0	0	14	10	0	0	79	28	0	0	140	64	0	139	172	75	24	0	78	32	0	67	20	0	0	109	51	0	93	80	37	0	23	4	0	0	8	8	0	0	67	24	0	0	109	56	0	130	83	38	0	34	20	0	0	12	8	0	0	26	4	0	0	10	8	0	0	71	28	0	0	115	58	0	138	97	43	16	50	16	8	0	29	21	16	0	38	24	0	0	17	10	0	0	32	5	0	0	14	10	0	0	79	28	0	0	140	64	0	139
297	282	105	88	8	267	79	86	0	103	88	8	76	12	0	0	164	114	0	73	252	74	79	0	77	86	0	60	12	0	0	113	108	0	73	103	88	8	25	10	0	0	15	21	8	0	76	12	0	0	164	114	0	73	237	72	74	0	72	79	0	56	10	0	0	101	83	0	70	77	86	0	19	10	0	0	9	17	0	0	60	12	0	0	113	108	0	73	102	88	8	46	37	0	0	23	16	0	0	25	10	0	0	15	21	8	0	76	12	0	0	160	114	0	73	222	63	52	0	70	74	0	56	10	0	0	101	77	0	51	72	79	0	17	0	0	0	5	12	0	0	56	10	0	0	101	83	0	70	76	86	0	30	29	0	0	10	12	0	0	19	10	0	0	9	17	0	0	60	12	0	0	109	108	0	73	102	88	8	42	84	8	0	23	27	16	0	46	37	0	0	23	16	0	0	25	10	0	0	15	21	8	0	76	12	0	0	160	114	0	73
366	344	117	207	0	322	76	182	0	114	207	0	40	183	0	0	158	338	0	0	300	73	175	0	73	182	0	32	165	0	0	93	282	0	0	111	207	0	12	28	0	0	14	6	0	0	38	183	0	0	153	338	0	0	278	70	167	0	70	175	0	32	165	0	0	83	261	0	0	70	182	0	8	26	0	0	8	4	0	0	30	165	0	0	88	282	0	0	110	207	0	26	56	0	0	18	27	0	0	12	28	0	0	14	6	0	0	38	183	0	0	150	338	0	0	256	61	145	0	67	167	0	32	135	0	0	74	235	0	0	67	175	0	5	22	0	0	4	0	0	0	30	165	0	0	78	261	0	0	69	182	0	12	48	0	0	10	19	0	0	8	26	0	0	8	4	0	0	30	165	0	0	85	282	0	0	110	207	0	30	141	0	0	18	24	0	0	26	56	0	0	18	27	0	0	12	28	0	0	14	6	0	0	38	183	0	0	150	338	0	0
241	230	65	45	0	219	42	29	0	65	45	0	37	12	0	0	130	100	0	0	208	36	25	0	42	29	0	18	0	0	0	76	59	0	0	65	45	0	12	7	0	0	15	24	0	0	37	12	0	0	130	100	0	0	197	32	21	0	36	25	0	17	0	0	0	58	43	0	0	42	29	0	5	3	0	0	4	9	0	0	18	0	0	0	76	59	0	0	65	45	0	21	12	0	0	9	12	0	0	12	7	0	0	15	24	0	0	37	12	0	0	130	100	0	0	186	27	18	0	32	21	0	17	0	0	0	49	39	0	0	36	25	0	2	0	0	0	2	0	0	0	17	0	0	0	58	43	0	0	42	29	0	11	0	0	0	3	0	0	0	5	3	0	0	4	9	0	0	18	0	0	0	76	59	0	0	65	45	0	30	0	0	0	8	0	0	0	21	12	0	0	9	12	0	0	12	7	0	0	15	24	0	0	37	12	0	0	130	100	0	0
226	216	63	35	0	206	43	23	0	62	35	0	26	0	0	0	129	72	0	0	196	39	23	0	42	23	0	18	0	0	0	73	51	0	0	62	35	0	13	0	0	0	22	3	0	0	26	0	0	0	129	72	0	0	186	35	15	0	38	23	0	17	0	0	0	56	51	0	0	42	23	0	6	0	0	0	7	0	0	0	18	0	0	0	73	51	0	0	62	35	0	22	24	0	0	12	12	0	0	13	0	0	0	22	3	0	0	26	0	0	0	129	72	0	0	176	30	9	0	34	15	0	17	0	0	0	47	27	0	0	38	23	0	2	0	0	0	2	0	0	0	17	0	0	0	56	51	0	0	42	23	0	11	0	0	0	3	0	0	0	6	0	0	0	7	0	0	0	18	0	0	0	73	51	0	0	62	35	0	31	0	0	0	9	7	0	0	22	24	0	0	12	12	0	0	13	0	0	0	22	3	0	0	26	0	0	0	129	72	0	0
167	159	43	17	10	151	32	17	0	41	17	10	19	0	7	0	86	31	0	0	143	31	17	0	30	17	0	17	0	0	0	47	31	0	0	40	17	10	7	0	0	0	14	0	0	0	18	0	7	0	84	31	0	0	135	25	12	0	29	17	0	16	0	0	0	43	31	0	0	29	17	0	2	0	0	0	0	0	0	0	16	0	0	0	45	31	0	0	40	17	10	11	0	13	0	4	0	10	0	7	0	0	0	14	0	0	0	18	0	7	0	84	31	0	0	127	24	12	0	23	12	0	16	0	0	0	32	6	0	0	28	17	0	2	0	0	0	0	0	0	0	15	0	0	0	41	31	0	0	29	17	0	6	0	0	0	1	0	0	0	2	0	0	0	0	0	0	0	16	0	0	0	45	31	0	0	40	17	10	20	0	0	0	6	5	0	0	11	0	13	0	4	0	10	0	7	0	0	0	14	0	0	0	18	0	7	0	84	31	0	0
270	258	56	45	10	246	29	21	0	56	45	10	37	0	7	0	126	127	40	0	234	24	17	0	29	21	0	16	0	0	0	52	43	0	0	56	45	10	7	24	0	0	14	24	0	0	37	0	7	0	126	127	40	0	222	18	11	0	24	17	0	15	0	0	0	41	39	0	0	29	21	0	2	0	0	0	0	0	0	0	16	0	0	0	52	43	0	0	56	45	10	6	0	13	0	1	0	10	0	7	24	0	0	14	24	0	0	37	0	7	0	126	127	40	0	210	18	11	0	18	11	0	15	0	0	0	30	33	0	0	24	17	0	2	0	0	0	0	0	0	0	15	0	0	0	41	39	0	0	29	21	0	6	0	0	0	1	0	0	0	2	0	0	0	0	0	0	0	16	0	0	0	52	43	0	0	56	45	10	18	0	0	0	4	0	0	0	6	0	13	0	1	0	10	0	7	24	0	0	14	24	0	0	37	0	7	0	126	127	40	0
201	192	35	21	6	183	17	15	0	35	21	6	18	0	3	0	89	45	6	0	174	13	14	0	17	15	0	1	0	0	0	34	15	0	0	35	21	6	7	6	0	0	14	18	0	0	18	0	3	0	89	45	6	0	165	7	8	0	13	14	0	0	0	0	0	24	14	0	0	17	15	0	0	0	0	0	0	0	0	0	1	0	0	0	34	15	0	0	35	21	6	0	0	9	0	0	0	6	0	7	6	0	0	14	18	0	0	18	0	3	0	89	45	6	0	156	7	8	0	7	8	0	0	0	0	0	9	8	0	0	13	14	0	0	0	0	0	0	0	0	0	0	0	0	0	24	14	0	0	17	15	0	0	0	0	0	0	0	0	0	0	0	0	0	0	0	0	0	1	0	0	0	34	15	0	0	35	21	6	0	0	0	0	2	0	0	0	0	0	9	0	0	0	6	0	7	6	0	0	14	18	0	0	18	0	3	0	89	45	6	0
233	223	42	29	6	213	16	14	0	42	29	6	15	20	3	0	103	110	12	0	203	13	6	0	16	14	0	0	6	0	0	30	40	0	0	42	29	6	6	12	0	0	15	18	6	0	15	20	3	0	103	110	12	0	193	7	0	0	13	6	0	0	0	0	0	24	12	0	0	16	14	0	0	0	0	0	0	0	0	0	0	6	0	0	30	40	0	0	42	29	6	0	0	9	0	0	0	6	0	6	12	0	0	15	18	6	0	15	20	3	0	103	110	12	0	183	7	0	0	7	0	0	0	0	0	0	10	0	0	0	13	6	0	0	0	0	0	0	0	0	0	0	0	0	0	24	12	0	0	16	14	0	0	0	0	0	0	0	0	0	0	0	0	0	0	0	0	0	0	6	0	0	30	40	0	0	42	29	6	0	0	0	0	2	0	0	0	0	0	9	0	0	0	6	0	6	12	0	0	15	18	6	0	15	20	3	0	103	110	12	0
164	157	31	12	0	150	10	0	0	31	12	0	22	0	0	0	81	42	0	0	143	5	0	0	10	0	0	1	0	0	0	19	0	0	0	31	12	0	7	0	0	0	10	12	0	0	22	0	0	0	81	42	0	0	136	2	0	0	5	0	0	0	0	0	0	8	0	0	0	10	0	0	0	0	0	0	0	0	0	0	1	0	0	0	19	0	0	0	31	12	0	0	0	0	0	0	0	0	0	7	0	0	0	10	12	0	0	22	0	0	0	81	42	0	0	129	2	0	0	2	0	0	0	0	0	0	4	0	0	0	5	0	0	0	0	0	0	0	0	0	0	0	0	0	0	8	0	0	0	10	0	0	0	0	0	0	0	0	0	0	0	0	0	0	0	0	0	0	1	0	0	0	19	0	0	0	31	12	0	0	0	0	0	0	0	0	0	0	0	0	0	0	0	0	0	7	0	0	0	10	12	0	0	22	0	0	0	81	42	0	0
317	303	44	45	44	289	7	0	44	44	45	44	28	0	128	0	104	99	220	0	275	0	0	44	7	0	44	0	0	128	0	15	0	220	0	44	45	44	0	0	33	0	0	0	0	0	28	0	128	0	104	99	220	0	261	0	0	44	0	0	44	0	0	128	0	0	0	220	0	7	0	44	0	0	33	0	0	0	0	0	0	0	128	0	15	0	220	0	44	45	44	0	0	0	0	0	0	0	0	0	0	33	0	0	0	0	0	28	0	128	0	104	99	220	0	247	0	0	44	0	0	44	0	0	128	0	0	0	220	0	0	0	44	0	0	33	0	0	0	0	0	0	0	128	0	0	0	220	0	7	0	44	0	0	0	0	0	0	0	0	0	0	33	0	0	0	0	0	0	0	128	0	15	0	220	0	44	45	44	0	0	0	0	1	0	0	0	0	0	0	0	0	0	0	0	0	0	33	0	0	0	0	0	28	0	128	0	104	99	220	0
293	280	56	44	20	267	29	8	9	56	44	20	32	32	0	8	110	100	80	10	254	22	0	0	29	8	9	17	0	0	0	47	8	36	0	56	44	20	2	0	22	0	2	0	20	8	32	32	0	8	110	100	80	10	241	21	0	0	22	0	0	15	0	0	0	34	0	0	0	29	8	9	2	0	14	0	2	0	9	0	17	0	0	0	47	8	36	0	56	44	20	10	0	5	0	3	0	0	0	2	0	22	0	2	0	20	8	32	32	0	8	110	100	80	10	228	21	0	0	21	0	0	15	0	0	0	31	0	0	0	22	0	0	2	0	0	0	2	0	0	0	15	0	0	0	34	0	0	0	29	8	9	10	0	5	0	3	0	0	0	2	0	14	0	2	0	9	0	17	0	0	0	47	8	36	0	56	44	20	30	0	0	0	7	0	0	0	10	0	5	0	3	0	0	0	2	0	22	0	2	0	20	8	32	32	0	8	110	100	80	10
380	363	41	87	28	346	9	27	3	41	87	28	5	135	6	12	90	183	140	22	329	4	0	0	9	27	3	0	0	0	0	14	54	15	0	41	87	28	0	0	25	0	4	0	84	0	5	135	6	12	90	183	140	22	312	4	0	0	4	0	0	0	0	0	0	8	0	0	0	9	27	3	0	0	3	0	0	0	9	0	0	0	0	0	14	54	15	0	41	87	28	0	0	0	0	2	0	0	0	0	0	25	0	4	0	84	0	5	135	6	12	90	183	140	22	295	4	0	0	4	0	0	0	0	0	0	8	0	0	0	4	0	0	0	0	0	0	0	0	0	0	0	0	0	0	8	0	0	0	9	27	3	0	0	0	0	0	0	0	0	0	0	3	0	0	0	9	0	0	0	0	0	14	54	15	0	41	87	28	0	0	0	0	1	0	0	0	0	0	0	0	2	0	0	0	0	0	25	0	4	0	84	0	5	135	6	12	90	183	140	22
271	259	33	35	15	247	7	0	0	33	35	15	20	0	6	0	79	77	75	16	235	1	0	0	7	0	0	0	0	0	0	13	0	0	0	33	35	15	0	0	12	0	0	0	0	0	20	0	6	0	79	77	75	16	223	1	0	0	1	0	0	0	0	0	0	3	0	0	0	7	0	0	0	0	0	0	0	0	0	0	0	0	0	0	13	0	0	0	33	35	15	0	0	0	0	0	0	0	0	0	0	12	0	0	0	0	0	20	0	6	0	79	77	75	16	211	1	0	0	1	0	0	0	0	0	0	3	0	0	0	1	0	0	0	0	0	0	0	0	0	0	0	0	0	0	3	0	0	0	7	0	0	0	0	0	0	0	0	0	0	0	0	0	0	0	0	0	0	0	0	0	0	13	0	0	0	33	35	15	0	0	0	0	1	0	0	0	0	0	0	0	0	0	0	0	0	0	12	0	0	0	0	0	20	0	6	0	79	77	75	16
138	132	25	0	9	126	6	0	0	25	0	9	19	0	0	0	55	0	0	10	120	1	0	0	6	0	0	0	0	0	0	11	0	0	0	25	0	9	0	0	6	0	0	0	0	0	19	0	0	0	55	0	0	10	114	1	0	0	1	0	0	0	0	0	0	3	0	0	0	6	0	0	0	0	0	0	0	0	0	0	0	0	0	0	11	0	0	0	25	0	9	0	0	0	0	0	0	0	0	0	0	6	0	0	0	0	0	19	0	0	0	55	0	0	10	108	1	0	0	1	0	0	0	0	0	0	3	0	0	0	1	0	0	0	0	0	0	0	0	0	0	0	0	0	0	3	0	0	0	6	0	0	0	0	0	0	0	0	0	0	0	0	0	0	0	0	0	0	0	0	0	0	11	0	0	0	25	0	9	0	0	0	0	0	0	0	0	0	0	0	0	0	0	0	0	0	0	6	0	0	0	0	0	19	0	0	0	55	0	0	10
391	373	36	65	112	355	4	0	76	35	65	112	2	0	121	31	81	195	560	107	337	3	0	76	3	0	76	0	0	83	31	2	0	380	56	35	65	112	0	0	16	0	13	0	0	0	2	0	121	31	81	195	560	107	319	3	0	76	2	0	76	0	0	83	31	0	0	380	44	3	0	76	0	0	16	0	1	0	0	0	0	0	83	31	2	0	380	56	35	65	112	5	0	0	0	8	0	0	0	0	0	16	0	13	0	0	0	2	0	121	31	81	195	560	107	301	2	0	76	2	0	76	0	0	83	31	0	0	380	44	2	0	76	0	0	16	0	0	0	0	0	0	0	83	31	0	0	380	44	3	0	76	0	0	0	0	0	0	0	0	0	0	16	0	1	0	0	0	0	0	83	31	2	0	380	56	35	65	112	1	0	0	0	2	13	0	0	5	0	0	0	8	0	0	0	0	0	16	0	13	0	0	0	2	0	121	31	81	195	560	107
286	273	10	0	97	260	0	0	61	10	0	97	0	0	35	28	21	0	0	107	247	0	0	61	0	0	61	0	0	0	28	0	0	0	56	10	0	97	0	0	0	0	0	0	0	0	0	0	35	28	21	0	0	107	234	0	0	61	0	0	61	0	0	0	28	0	0	0	44	0	0	61	0	0	0	0	0	0	0	0	0	0	0	28	0	0	0	56	10	0	97	0	0	0	0	0	0	0	0	0	0	0	0	0	0	0	0	0	0	35	28	21	0	0	107	221	0	0	61	0	0	61	0	0	0	28	0	0	0	44	0	0	61	0	0	0	0	0	0	0	0	0	0	0	28	0	0	0	44	0	0	61	0	0	0	0	0	0	0	0	0	0	0	0	0	0	0	0	0	0	0	28	0	0	0	56	10	0	97	0	0	0	0	0	0	0	0	0	0	0	0	0	0	0	0	0	0	0	0	0	0	0	0	0	0	35	28	21	0	0	107
198	189	9	0	60	180	0	0	33	9	0	60	0	0	27	21	20	0	0	87	171	0	0	33	0	0	33	0	0	0	21	0	0	0	47	9	0	60	0	0	0	0	0	0	0	0	0	0	27	21	20	0	0	87	162	0	0	33	0	0	33	0	0	0	21	0	0	0	44	0	0	33	0	0	0	0	0	0	0	0	0	0	0	21	0	0	0	47	9	0	60	0	0	0	0	0	0	0	0	0	0	0	0	0	0	0	0	0	0	27	21	20	0	0	87	153	0	0	33	0	0	33	0	0	0	21	0	0	0	44	0	0	33	0	0	0	0	0	0	0	0	0	0	0	21	0	0	0	44	0	0	33	0	0	0	0	0	0	0	0	0	0	0	0	0	0	0	0	0	0	0	21	0	0	0	47	9	0	60	0	0	0	0	0	0	0	0	0	0	0	0	0	0	0	0	0	0	0	0	0	0	0	0	0	0	27	21	20	0	0	87
306	292	21	24	79	278	0	0	44	21	24	79	0	0	79	24	50	48	158	107	264	0	0	44	0	0	44	0	0	41	24	0	0	88	56	21	24	79	0	0	0	0	3	0	0	0	0	0	79	24	50	48	158	107	250	0	0	44	0	0	44	0	0	41	24	0	0	88	44	0	0	44	0	0	0	0	0	0	0	0	0	0	41	24	0	0	88	56	21	24	79	0	0	0	0	2	0	0	0	0	0	0	0	3	0	0	0	0	0	79	24	50	48	158	107	236	0	0	44	0	0	44	0	0	41	24	0	0	88	44	0	0	44	0	0	0	0	0	0	0	0	0	0	41	24	0	0	88	44	0	0	44	0	0	0	0	0	0	0	0	0	0	0	0	0	0	0	0	0	0	41	24	0	0	88	56	21	24	79	0	0	0	0	1	0	0	0	0	0	0	0	2	0	0	0	0	0	0	0	3	0	0	0	0	0	79	24	50	48	158	107
326	311	25	44	67	296	0	0	30	25	44	67	0	0	79	36	56	110	268	107	281	0	0	24	0	0	30	0	0	39	24	0	0	120	56	25	44	67	0	0	0	0	8	0	0	6	0	0	79	36	56	110	268	107	266	0	0	24	0	0	24	0	0	33	24	0	0	96	44	0	0	30	0	0	0	0	0	0	0	0	0	0	39	24	0	0	120	56	25	44	67	0	0	0	0	5	0	0	0	0	0	0	0	8	0	0	6	0	0	79	36	56	110	268	107	251	0	0	24	0	0	24	0	0	33	24	0	0	96	44	0	0	24	0	0	0	0	0	0	0	0	0	0	33	24	0	0	96	44	0	0	30	0	0	0	0	0	0	0	0	0	0	0	0	0	0	0	0	0	0	39	24	0	0	120	56	25	44	67	0	0	0	0	1	0	0	0	0	0	0	0	5	0	0	0	0	0	0	0	8	0	0	6	0	0	79	36	56	110	268	107
416	396	62	64	137	376	31	0	107	59	64	137	31	0	118	70	109	160	548	179	356	27	0	105	28	0	107	19	0	117	67	21	0	428	106	59	64	137	15	0	0	16	19	64	0	0	31	0	118	70	109	160	548	179	336	21	0	105	24	0	105	14	0	116	67	15	0	420	100	28	0	107	2	0	0	16	0	0	0	0	19	0	117	67	21	0	428	106	59	64	137	16	0	24	0	13	48	0	0	15	0	0	16	19	64	0	0	31	0	118	70	109	160	548	179	316	9	0	94	18	0	105	4	0	116	67	10	0	420	100	24	0	105	2	0	0	11	0	0	0	0	14	0	116	67	15	0	420	100	28	0	107	0	0	24	0	0	0	0	0	2	0	0	16	0	0	0	0	19	0	117	67	21	0	428	106	59	64	137	6	0	70	16	15	0	0	24	16	0	24	0	13	48	0	0	15	0	0	16	19	64	0	0	31	0	118	70	109	160	548	179
356	339	44	16	122	322	28	0	74	43	16	122	15	0	6	113	79	16	122	258	305	28	0	48	27	0	74	15	0	6	33	37	0	74	150	43	16	122	2	0	0	59	14	0	0	48	15	0	6	113	79	16	122	258	288	28	0	26	27	0	48	15	0	5	33	37	0	48	144	27	0	74	2	0	0	23	0	0	0	12	15	0	6	33	37	0	74	150	43	16	122	15	0	0	32	11	0	0	16	2	0	0	59	14	0	0	48	15	0	6	113	79	16	122	258	271	20	0	11	27	0	26	15	0	5	33	37	0	26	144	27	0	48	2	0	0	11	0	0	0	0	15	0	5	33	37	0	48	144	27	0	74	6	0	0	0	1	0	0	0	2	0	0	23	0	0	0	12	15	0	6	33	37	0	74	150	43	16	122	20	0	45	0	8	0	0	8	15	0	0	32	11	0	0	16	2	0	0	59	14	0	0	48	15	0	6	113	79	16	122	258
333	317	31	39	114	301	9	0	68	29	39	114	12	0	47	105	66	78	342	258	285	6	0	58	7	0	68	4	0	46	57	4	0	204	150	29	39	114	6	0	0	11	11	39	0	28	12	0	47	105	66	78	342	258	269	4	0	58	4	0	58	0	0	46	57	0	0	174	144	7	0	68	0	0	0	11	0	0	0	3	4	0	46	57	4	0	204	150	29	39	114	5	0	0	0	6	26	0	0	6	0	0	11	11	39	0	28	12	0	47	105	66	78	342	258	253	3	0	58	2	0	58	0	0	46	57	0	0	174	144	4	0	58	0	0	0	11	0	0	0	0	0	0	46	57	0	0	174	144	7	0	68	0	0	0	0	0	0	0	0	0	0	0	11	0	0	0	3	4	0	46	57	4	0	204	150	29	39	114	1	0	0	0	4	0	0	0	5	0	0	0	6	26	0	0	6	0	0	11	11	39	0	28	12	0	47	105	66	78	342	258
278	263	49	74	25	249	24	39	12	44	60	25	24	0	0	0	82	105	125	112	235	20	39	12	19	25	12	12	0	0	0	14	0	60	76	43	60	25	10	0	0	0	8	28	0	0	23	0	0	0	80	105	125	112	221	17	34	3	15	25	12	7	0	0	0	8	0	60	76	18	25	12	0	0	0	0	0	0	0	0	11	0	0	0	12	0	60	76	43	60	25	0	35	0	12	6	21	0	10	10	0	0	0	8	28	0	0	23	0	0	0	80	105	125	112	207	15	26	0	12	20	3	7	0	0	0	8	0	15	76	14	25	12	0	0	0	0	0	0	0	0	6	0	0	0	6	0	60	76	18	25	12	0	0	0	0	1	0	0	0	0	0	0	0	0	0	0	0	11	0	0	0	12	0	60	76	43	60	25	1	12	0	0	6	24	25	0	0	35	0	12	6	21	0	10	10	0	0	0	8	28	0	0	23	0	0	0	80	105	125	112
208	198	20	16	47	188	4	0	17	19	16	47	2	0	0	53	47	24	94	179	178	3	0	6	3	0	17	0	0	0	6	2	0	34	106	19	16	47	0	0	0	12	11	8	0	28	2	0	0	53	47	24	94	179	168	3	0	0	2	0	6	0	0	0	0	0	0	12	100	3	0	17	0	0	0	0	0	0	0	3	0	0	0	6	2	0	34	106	19	16	47	5	0	0	0	8	0	0	6	0	0	0	12	11	8	0	28	2	0	0	53	47	24	94	179	158	2	0	0	2	0	0	0	0	0	0	0	0	0	100	2	0	6	0	0	0	0	0	0	0	0	0	0	0	0	0	0	12	100	3	0	17	0	0	0	0	0	0	0	0	0	0	0	0	0	0	0	3	0	0	0	6	2	0	34	106	19	16	47	1	0	0	0	2	0	0	0	5	0	0	0	8	0	0	6	0	0	0	12	11	8	0	28	2	0	0	53	47	24	94	179
336	319	53	44	128	302	27	14	79	45	44	128	29	28	39	71	70	144	256	323	285	21	0	78	19	14	79	15	0	39	69	14	28	158	204	45	44	128	13	0	33	16	0	0	128	0	29	28	39	71	70	144	256	323	268	15	0	78	13	0	78	6	0	39	69	7	0	156	181	19	14	79	1	0	33	16	0	0	79	0	15	0	39	69	14	28	158	204	45	44	128	0	0	25	0	0	0	0	0	13	0	33	16	0	0	128	0	29	28	39	71	70	144	256	323	251	15	0	78	7	0	78	6	0	39	69	7	0	156	166	13	0	78	1	0	33	16	0	0	78	0	6	0	39	69	7	0	156	181	19	14	79	0	0	18	0	0	0	0	0	1	0	33	16	0	0	79	0	15	0	39	69	14	28	158	204	45	44	128	1	0	0	0	13	0	0	0	0	0	25	0	0	0	0	0	13	0	33	16	0	0	128	0	29	28	39	71	70	144	256	323
219	208	32	10	72	197	13	0	10	28	10	72	17	0	0	20	52	50	72	445	186	9	0	10	9	0	10	5	0	0	20	6	0	10	278	28	10	72	10	0	0	0	0	0	0	0	17	0	0	20	52	50	72	445	175	5	0	10	5	0	10	0	0	0	20	0	0	10	229	9	0	10	0	0	0	0	0	0	0	0	5	0	0	20	6	0	10	278	28	10	72	0	0	7	0	0	0	0	0	10	0	0	0	0	0	0	0	17	0	0	20	52	50	72	445	164	5	0	10	1	0	10	0	0	0	20	0	0	10	192	5	0	10	0	0	0	0	0	0	0	0	0	0	0	20	0	0	10	229	9	0	10	0	0	0	0	0	0	0	0	0	0	0	0	0	0	0	0	5	0	0	20	6	0	10	278	28	10	72	1	0	0	0	6	0	0	0	0	0	7	0	0	0	0	0	10	0	0	0	0	0	0	0	17	0	0	20	52	50	72	445
296	280	42	65	73	265	16	15	63	37	50	73	19	0	30	37	51	140	365	25	250	11	15	63	11	0	63	5	0	30	37	6	0	315	12	37	50	73	10	0	15	0	0	0	0	0	19	0	30	37	51	140	365	25	235	7	15	63	6	0	63	0	0	30	37	0	0	315	12	11	0	63	0	0	15	0	0	0	0	0	5	0	30	37	6	0	315	12	37	50	73	0	0	7	0	0	0	0	0	10	0	15	0	0	0	0	0	19	0	30	37	51	140	365	25	220	7	15	63	2	0	63	0	0	30	37	0	0	315	3	6	0	63	0	0	15	0	0	0	0	0	0	0	30	37	0	0	315	12	11	0	63	0	0	0	0	0	0	0	0	0	0	15	0	0	0	0	0	5	0	30	37	6	0	315	12	37	50	73	1	0	0	0	6	0	0	0	0	0	7	0	0	0	0	0	10	0	15	0	0	0	0	0	19	0	30	37	51	140	365	25
388	367	95	127	102	347	68	78	61	85	107	102	57	142	39	43	112	162	306	276	327	60	46	61	58	58	61	47	52	39	43	58	26	183	187	84	107	102	15	78	60	0	1	0	204	0	55	142	39	43	110	162	306	276	307	45	20	60	50	26	61	32	0	39	41	46	0	183	175	57	58	61	9	0	57	0	1	0	122	0	45	52	39	43	56	26	183	187	83	107	102	12	0	110	5	3	0	204	0	15	78	60	0	1	0	204	0	55	142	39	43	106	162	306	276	287	42	20	60	35	0	60	29	0	39	41	39	0	180	166	49	26	61	7	0	57	0	1	0	122	0	30	0	39	41	44	0	183	175	56	58	61	12	0	88	5	3	0	122	0	9	0	57	0	1	0	122	0	45	52	39	43	52	26	183	187	83	107	102	12	0	11	0	28	36	0	0	12	0	110	5	3	0	204	0	15	78	60	0	1	0	204	0	55	142	39	43	106	162	306	276
232	219	51	57	23	207	27	28	0	43	45	23	24	34	0	0	57	86	92	162	195	24	18	0	19	16	0	16	6	0	0	15	12	0	119	43	45	23	7	24	0	0	0	0	23	0	24	34	0	0	57	86	92	162	183	21	12	0	16	6	0	12	0	0	0	11	0	0	117	19	16	0	1	0	0	0	0	0	0	0	16	6	0	0	15	12	0	119	43	45	23	0	0	7	0	1	0	23	0	7	24	0	0	0	0	23	0	24	34	0	0	57	86	92	162	171	19	12	0	13	0	0	12	0	0	0	11	0	0	108	16	6	0	1	0	0	0	0	0	0	0	12	0	0	0	11	0	0	117	19	16	0	0	0	0	0	1	0	0	0	1	0	0	0	0	0	0	0	16	6	0	0	15	12	0	119	43	45	23	1	0	0	0	11	22	0	0	0	0	7	0	1	0	23	0	7	24	0	0	0	0	23	0	24	34	0	0	57	86	92	162
356	337	72	70	117	318	44	0	59	63	70	117	34	0	183	63	58	42	585	398	299	38	0	59	35	0	59	21	0	130	63	41	0	295	213	62	70	117	6	0	62	0	3	0	0	0	32	0	183	63	56	42	585	398	280	38	0	59	29	0	59	21	0	130	63	41	0	295	212	34	0	59	6	0	26	0	3	0	0	0	19	0	130	63	39	0	295	213	61	70	117	0	0	0	0	1	0	0	0	6	0	62	0	3	0	0	0	32	0	183	63	52	42	585	398	261	38	0	59	29	0	59	21	0	130	63	41	0	295	211	28	0	59	6	0	26	0	3	0	0	0	19	0	130	63	39	0	295	212	33	0	59	0	0	0	0	1	0	0	0	6	0	26	0	3	0	0	0	19	0	130	63	35	0	295	213	61	70	117	5	0	0	0	16	0	0	0	0	0	0	0	1	0	0	0	6	0	62	0	3	0	0	0	32	0	183	63	52	42	585	398
170	161	23	8	44	152	7	0	25	19	8	44	1	0	34	45	7	0	44	96	143	6	0	25	3	0	25	0	0	25	45	0	0	25	63	19	8	44	0	0	6	0	0	0	0	0	1	0	34	45	7	0	44	96	134	6	0	25	2	0	25	0	0	25	45	0	0	25	63	3	0	25	0	0	0	0	0	0	0	0	0	0	25	45	0	0	25	63	19	8	44	0	0	0	0	0	0	0	0	0	0	6	0	0	0	0	0	1	0	34	45	7	0	44	96	125	6	0	25	2	0	25	0	0	25	45	0	0	25	63	2	0	25	0	0	0	0	0	0	0	0	0	0	25	45	0	0	25	63	3	0	25	0	0	0	0	0	0	0	0	0	0	0	0	0	0	0	0	0	0	25	45	0	0	25	63	19	8	44	0	0	0	0	2	0	0	0	0	0	0	0	0	0	0	0	0	0	6	0	0	0	0	0	1	0	34	45	7	0	44	96
175	165	30	27	20	155	18	9	10	23	27	20	10	0	10	0	15	0	60	73	145	18	9	10	11	9	10	10	0	10	0	10	0	30	63	20	27	20	0	0	0	0	0	0	0	0	4	0	10	0	10	0	60	73	135	18	9	10	11	9	10	10	0	10	0	10	0	30	63	8	9	10	0	0	0	0	0	0	0	0	4	0	10	0	5	0	30	63	20	27	20	0	0	0	0	0	0	0	0	0	0	0	0	0	0	0	0	4	0	10	0	10	0	60	73	125	18	9	10	11	9	10	10	0	10	0	10	0	30	63	8	9	10	0	0	0	0	0	0	0	0	4	0	10	0	5	0	30	63	8	9	10	0	0	0	0	0	0	0	0	0	0	0	0	0	0	0	0	4	0	10	0	5	0	30	63	20	27	20	0	0	0	0	1	0	0	0	0	0	0	0	0	0	0	0	0	0	0	0	0	0	0	0	4	0	10	0	10	0	60	73
208	195	40	46	43	184	23	22	0	33	24	43	17	0	46	0	23	16	129	326	173	20	22	0	16	0	0	12	0	0	0	14	0	0	203	32	24	43	1	0	32	0	0	0	0	0	15	0	46	0	21	16	129	326	162	20	22	0	13	0	0	12	0	0	0	14	0	0	202	15	0	0	1	0	0	0	0	0	0	0	10	0	0	0	12	0	0	203	32	24	43	0	0	0	0	0	0	0	0	1	0	32	0	0	0	0	0	15	0	46	0	21	16	129	326	151	20	22	0	13	0	0	12	0	0	0	14	0	0	201	12	0	0	1	0	0	0	0	0	0	0	10	0	0	0	12	0	0	202	15	0	0	0	0	0	0	0	0	0	0	1	0	0	0	0	0	0	0	10	0	0	0	12	0	0	203	32	24	43	0	0	0	0	10	0	0	0	0	0	0	0	0	0	0	0	1	0	32	0	0	0	0	0	15	0	46	0	21	16	129	326
169	160	33	14	29	151	18	0	0	26	14	29	11	0	32	0	16	0	58	198	142	15	0	0	11	0	0	6	0	0	0	7	0	0	124	25	14	29	0	0	32	0	0	0	0	0	9	0	32	0	14	0	58	198	133	15	0	0	8	0	0	6	0	0	0	7	0	0	124	10	0	0	0	0	0	0	0	0	0	0	4	0	0	0	5	0	0	124	25	14	29	0	0	0	0	0	0	0	0	0	0	32	0	0	0	0	0	9	0	32	0	14	0	58	198	124	15	0	0	8	0	0	6	0	0	0	7	0	0	123	7	0	0	0	0	0	0	0	0	0	0	4	0	0	0	5	0	0	124	10	0	0	0	0	0	0	0	0	0	0	0	0	0	0	0	0	0	0	4	0	0	0	5	0	0	124	25	14	29	0	0	0	0	5	0	0	0	0	0	0	0	0	0	0	0	0	0	32	0	0	0	0	0	9	0	32	0	14	0	58	198
241	227	26	13	119	213	26	13	71	20	13	119	25	0	0	69	22	0	0	253	199	26	13	68	20	13	71	25	0	0	63	22	0	0	94	17	13	119	6	0	0	45	2	0	0	0	19	0	0	69	17	0	0	253	185	26	13	68	20	13	68	25	0	0	63	22	0	0	94	17	13	71	6	0	0	45	2	0	0	0	19	0	0	63	17	0	0	94	17	13	119	0	0	0	0	0	0	0	0	6	0	0	45	2	0	0	0	19	0	0	69	17	0	0	253	171	26	13	68	20	13	68	25	0	0	63	22	0	0	94	17	13	68	6	0	0	45	2	0	0	0	19	0	0	63	17	0	0	94	17	13	71	0	0	0	0	0	0	0	0	6	0	0	45	2	0	0	0	19	0	0	63	17	0	0	94	17	13	119	0	0	0	0	1	0	0	0	0	0	0	0	0	0	0	0	6	0	0	45	2	0	0	0	19	0	0	69	17	0	0	253
194	182	38	20	73	170	36	20	51	33	20	73	34	0	9	21	49	0	0	137	158	36	20	51	31	20	51	34	0	8	21	49	0	0	69	30	20	73	11	0	0	0	5	0	0	0	28	0	9	21	44	0	0	137	146	36	20	51	31	20	51	34	0	8	21	49	0	0	69	28	20	51	11	0	0	0	5	0	0	0	28	0	8	21	44	0	0	69	29	20	73	0	0	0	0	1	0	0	0	11	0	0	0	5	0	0	0	28	0	9	21	40	0	0	137	134	36	20	51	31	20	51	34	0	8	21	49	0	0	69	28	20	51	11	0	0	0	5	0	0	0	28	0	8	21	44	0	0	69	27	20	51	0	0	0	0	1	0	0	0	11	0	0	0	5	0	0	0	28	0	8	21	40	0	0	69	29	20	73	5	0	0	0	5	0	0	0	0	0	0	0	1	0	0	0	11	0	0	0	5	0	0	0	28	0	9	21	40	0	0	137
274	253	67	125	91	234	54	119	51	53	87	91	55	88	41	60	67	102	0	209	216	54	119	38	42	83	51	55	88	34	21	65	101	0	69	43	69	91	14	0	0	0	5	0	0	102	35	52	41	60	56	66	0	209	198	54	119	38	42	83	38	55	88	8	21	65	101	0	69	32	65	51	14	0	0	0	5	0	0	61	35	52	34	21	54	65	0	69	40	69	91	0	0	0	0	1	0	0	0	12	0	0	0	5	0	0	102	30	52	41	60	44	66	0	209	180	53	119	38	42	83	38	55	88	8	21	65	101	0	69	32	65	38	14	0	0	0	5	0	0	61	35	52	8	21	54	65	0	69	29	65	51	0	0	0	0	1	0	0	0	12	0	0	0	5	0	0	61	30	52	34	21	42	65	0	69	40	69	91	12	0	0	0	14	14	0	0	0	0	0	0	1	0	0	0	12	0	0	0	5	0	0	102	30	52	41	60	44	66	0	209
234	216	91	107	69	198	68	92	52	80	107	69	77	65	69	32	104	188	69	117	180	66	87	49	57	92	52	70	60	66	30	91	181	52	59	63	107	69	15	50	12	29	5	10	0	0	55	65	69	32	86	188	69	117	163	66	87	48	55	87	49	70	60	59	30	91	178	49	59	44	92	52	15	50	12	28	5	10	0	0	48	60	66	30	75	181	52	59	57	90	69	16	0	0	10	4	0	0	0	13	50	12	29	5	10	0	0	46	65	69	32	63	120	69	117	146	63	82	48	55	87	48	70	60	56	30	91	178	48	59	42	87	49	15	50	11	28	5	10	0	0	48	60	59	30	75	178	49	59	38	75	52	12	0	0	10	3	0	0	0	13	50	12	28	5	10	0	0	39	60	66	30	52	113	52	59	57	90	69	19	60	0	0	20	36	0	0	16	0	0	10	4	0	0	0	13	50	12	29	5	10	0	0	46	65	69	32	63	120	69	117
287	266	85	139	117	247	64	109	83	74	101	117	60	87	135	123	90	101	234	160	228	63	108	46	53	71	83	57	84	122	30	84	98	166	59	63	101	117	13	14	12	34	4	0	0	253	42	87	135	123	77	101	234	160	209	63	108	44	52	70	46	57	84	79	30	84	98	92	59	42	71	83	13	14	12	32	4	0	0	140	39	84	122	30	71	98	166	59	57	101	117	16	0	0	14	5	0	0	0	11	14	12	34	4	0	0	253	33	87	135	123	54	101	234	160	190	58	108	44	52	70	44	57	84	72	30	84	98	88	59	41	70	46	13	14	11	32	4	0	0	139	39	84	79	30	71	98	92	59	36	71	83	12	0	0	14	4	0	0	0	11	14	12	32	4	0	0	140	30	84	122	30	48	98	166	59	57	101	117	23	0	0	0	27	69	0	0	16	0	0	14	5	0	0	0	11	14	12	34	4	0	0	253	33	87	135	123	54	101	234	160
244	224	86	139	96	204	66	129	64	78	139	96	56	124	14	122	114	236	0	186	184	65	123	59	58	129	64	52	124	12	110	92	228	0	135	64	139	96	14	72	0	58	5	12	0	0	40	124	14	122	101	236	0	186	165	63	111	41	57	123	59	52	112	12	77	92	222	0	95	48	129	64	9	60	0	17	3	10	0	0	36	124	12	110	81	228	0	135	54	120	96	15	142	0	42	6	27	0	102	12	72	0	58	5	12	0	0	31	124	14	122	67	160	0	186	146	55	104	37	55	111	41	51	100	11	74	87	208	0	92	47	123	59	9	60	0	17	3	10	0	0	36	112	12	77	81	222	0	95	38	110	64	4	128	0	38	5	24	0	61	7	60	0	17	3	10	0	0	27	124	12	110	47	152	0	135	54	120	96	20	82	9	26	15	62	0	0	15	142	0	42	6	27	0	102	12	72	0	58	5	12	0	0	31	124	14	122	67	160	0	186
263	243	73	119	105	224	65	113	85	65	100	105	52	84	14	96	86	54	0	117	205	65	113	77	57	94	85	52	84	12	84	85	54	0	83	59	100	105	13	0	0	74	1	0	0	0	45	84	14	96	77	54	0	117	186	62	113	48	57	94	77	52	84	12	45	85	54	0	46	51	94	85	13	0	0	9	1	0	0	0	45	84	12	84	76	54	0	83	55	100	105	20	0	16	77	6	16	0	125	13	0	0	74	1	0	0	0	41	84	14	96	63	54	0	117	167	52	89	36	54	94	48	42	84	11	42	74	54	0	44	51	94	77	13	0	0	9	1	0	0	0	45	84	12	45	76	54	0	46	47	94	85	14	0	16	38	5	14	0	61	13	0	0	9	1	0	0	0	41	84	12	84	62	54	0	83	55	100	105	24	0	61	33	13	28	210	25	20	0	16	77	6	16	0	125	13	0	0	74	1	0	0	0	41	84	14	96	63	54	0	117
204	189	76	76	38	174	63	64	35	75	76	38	48	43	14	30	96	84	38	0	159	63	63	35	62	64	35	48	42	12	30	88	80	35	0	73	76	38	11	9	0	0	1	0	0	0	48	43	14	30	93	84	38	0	144	60	62	32	62	63	35	48	42	12	27	88	78	35	0	60	64	35	11	9	0	0	1	0	0	0	48	42	12	30	85	80	35	0	69	76	38	21	11	16	24	10	13	0	0	11	9	0	0	1	0	0	0	44	43	14	30	79	84	38	0	129	48	58	27	59	62	32	38	40	11	24	77	76	32	0	60	63	35	11	9	0	0	1	0	0	0	48	42	12	27	85	78	35	0	56	64	35	13	10	16	20	9	12	0	0	11	9	0	0	1	0	0	0	44	42	12	30	71	80	35	0	69	76	38	24	40	49	33	13	35	0	0	21	11	16	24	10	13	0	0	11	9	0	0	1	0	0	0	44	43	14	30	79	84	38	0
209	193	68	100	24	177	55	83	23	67	100	24	32	46	0	6	87	92	48	0	161	55	80	23	54	83	23	32	42	0	6	77	78	46	0	67	100	24	3	25	0	0	0	0	0	0	32	46	0	6	87	92	48	0	145	52	77	21	54	80	23	32	40	0	5	77	74	46	0	54	83	23	3	24	0	0	0	0	0	0	32	42	0	6	77	78	46	0	66	100	24	3	20	16	13	8	13	0	0	3	25	0	0	0	0	0	0	32	46	0	6	84	92	48	0	129	43	66	17	51	77	21	22	38	0	4	66	66	42	0	54	80	23	3	24	0	0	0	0	0	0	32	40	0	5	77	74	46	0	53	83	23	1	8	16	10	8	13	0	0	3	24	0	0	0	0	0	0	32	42	0	6	74	78	46	0	66	100	24	17	48	49	23	12	12	24	0	3	20	16	13	8	13	0	0	3	25	0	0	0	0	0	0	32	46	0	6	84	92	48	0
117	108	48	31	0	99	37	24	0	48	31	0	13	12	0	0	67	35	0	0	90	37	24	0	37	24	0	13	12	0	0	54	28	0	0	48	31	0	4	0	0	0	0	0	0	0	13	12	0	0	67	35	0	0	81	36	24	0	37	24	0	13	12	0	0	54	28	0	0	37	24	0	4	0	0	0	0	0	0	0	13	12	0	0	54	28	0	0	47	31	0	4	0	0	0	5	8	0	0	4	0	0	0	0	0	0	0	13	12	0	0	64	35	0	0	72	35	22	0	36	24	0	13	12	0	0	51	28	0	0	37	24	0	4	0	0	0	0	0	0	0	13	12	0	0	54	28	0	0	36	24	0	2	0	0	0	5	8	0	0	4	0	0	0	0	0	0	0	13	12	0	0	51	28	0	0	47	31	0	23	4	0	0	14	0	0	0	4	0	0	0	5	8	0	0	4	0	0	0	0	0	0	0	13	12	0	0	64	35	0	0
113	105	40	15	8	97	24	15	8	40	15	8	9	0	0	0	76	45	0	0	89	24	15	8	24	15	8	9	0	0	0	54	45	0	0	40	15	8	0	0	0	0	0	0	0	0	9	0	0	0	76	45	0	0	81	24	15	8	24	15	8	9	0	0	0	54	45	0	0	24	15	8	0	0	0	0	0	0	0	0	9	0	0	0	54	45	0	0	40	15	8	0	0	0	0	1	0	0	0	0	0	0	0	0	0	0	0	9	0	0	0	76	45	0	0	73	24	15	8	24	15	8	9	0	0	0	54	45	0	0	24	15	8	0	0	0	0	0	0	0	0	9	0	0	0	54	45	0	0	24	15	8	0	0	0	0	1	0	0	0	0	0	0	0	0	0	0	0	9	0	0	0	54	45	0	0	40	15	8	28	0	0	0	29	0	0	0	0	0	0	0	1	0	0	0	0	0	0	0	0	0	0	0	9	0	0	0	76	45	0	0
166	154	56	39	43	142	44	35	24	56	39	43	19	28	0	42	92	85	0	62	130	44	35	22	44	35	24	19	28	0	36	71	77	0	58	56	39	43	6	0	0	24	0	0	0	0	19	28	0	42	92	85	0	62	118	43	35	22	44	35	22	19	28	0	36	71	77	0	58	44	35	24	6	0	0	24	0	0	0	0	19	28	0	36	71	77	0	58	56	39	43	4	0	6	0	6	0	0	0	6	0	0	24	0	0	0	0	19	28	0	42	92	85	0	62	106	39	35	21	43	35	22	18	28	0	33	68	77	0	53	44	35	22	6	0	0	22	0	0	0	0	19	28	0	36	71	77	0	58	44	35	24	2	0	0	0	6	0	0	0	6	0	0	24	0	0	0	0	19	28	0	36	71	77	0	58	56	39	43	20	0	16	11	18	11	0	0	4	0	6	0	6	0	0	0	6	0	0	24	0	0	0	0	19	28	0	42	92	85	0	62
172	159	71	53	8	146	49	47	0	71	53	8	35	0	0	0	116	116	8	24	133	49	47	0	49	47	0	35	0	0	0	80	110	0	23	71	53	8	9	0	0	0	0	0	0	0	35	0	0	0	116	116	8	24	120	48	47	0	49	47	0	35	0	0	0	80	110	0	23	49	47	0	9	0	0	0	0	0	0	0	35	0	0	0	80	110	0	23	71	53	8	4	0	6	0	7	0	0	0	9	0	0	0	0	0	0	0	35	0	0	0	116	116	8	24	107	43	42	0	48	47	0	34	0	0	0	77	110	0	21	49	47	0	9	0	0	0	0	0	0	0	35	0	0	0	80	110	0	23	49	47	0	1	0	0	0	4	0	0	0	9	0	0	0	0	0	0	0	35	0	0	0	80	110	0	23	68	53	8	29	30	8	0	37	18	0	0	4	0	6	0	7	0	0	0	9	0	0	0	0	0	0	0	35	0	0	0	114	116	8	24
121	112	50	29	0	103	31	20	0	50	29	0	22	15	0	0	92	71	0	0	94	31	20	0	31	20	0	22	15	0	0	59	65	0	0	50	29	0	6	0	0	0	0	0	0	0	22	15	0	0	92	71	0	0	85	31	20	0	31	20	0	22	15	0	0	59	65	0	0	31	20	0	6	0	0	0	0	0	0	0	22	15	0	0	59	65	0	0	50	29	0	5	0	0	0	4	0	0	0	6	0	0	0	0	0	0	0	22	15	0	0	92	71	0	0	76	24	14	0	31	20	0	22	15	0	0	59	65	0	0	31	20	0	6	0	0	0	0	0	0	0	22	15	0	0	59	65	0	0	31	20	0	0	0	0	0	1	0	0	0	6	0	0	0	0	0	0	0	22	15	0	0	59	65	0	0	47	29	0	19	18	0	0	30	31	0	0	5	0	0	0	4	0	0	0	6	0	0	0	0	0	0	0	22	15	0	0	90	71	0	0
145	134	57	45	0	123	44	31	0	57	45	0	33	14	0	0	106	68	0	0	112	44	31	0	44	31	0	33	14	0	0	83	63	0	0	57	45	0	7	0	0	0	0	0	0	0	33	14	0	0	106	68	0	0	101	44	31	0	44	31	0	33	14	0	0	83	63	0	0	44	31	0	7	0	0	0	0	0	0	0	33	14	0	0	83	63	0	0	57	45	0	5	0	0	0	4	0	0	0	7	0	0	0	0	0	0	0	33	14	0	0	106	68	0	0	90	35	23	0	44	31	0	33	14	0	0	83	63	0	0	44	31	0	7	0	0	0	0	0	0	0	33	14	0	0	83	63	0	0	44	31	0	0	0	0	0	1	0	0	0	7	0	0	0	0	0	0	0	33	14	0	0	83	63	0	0	50	45	0	18	24	0	0	29	39	0	0	5	0	0	0	4	0	0	0	7	0	0	0	0	0	0	0	33	14	0	0	100	68	0	0
201	181	81	159	12	161	64	134	0	81	159	12	49	222	0	0	129	173	12	8	141	64	128	0	64	134	0	49	204	0	0	112	160	0	0	81	159	12	22	72	0	0	2	0	0	0	49	222	0	0	129	173	12	8	121	62	125	0	64	128	0	49	204	0	0	112	156	0	0	64	134	0	22	72	0	0	0	0	0	0	49	204	0	0	112	160	0	0	77	159	12	10	21	0	0	7	14	0	0	22	72	0	0	2	0	0	0	49	222	0	0	121	173	12	8	104	42	101	0	62	125	0	41	201	0	0	107	151	0	0	64	128	0	22	72	0	0	0	0	0	0	49	204	0	0	112	156	0	0	62	134	0	8	0	0	0	5	0	0	0	22	72	0	0	0	0	0	0	49	204	0	0	108	160	0	0	65	108	12	26	29	45	0	24	50	36	0	10	21	0	0	7	14	0	0	22	72	0	0	2	0	0	0	43	222	0	0	113	139	12	8
107	99	46	17	6	91	36	15	0	46	17	6	33	10	0	0	80	47	0	0	83	36	15	0	36	15	0	33	10	0	0	59	45	0	0	46	17	6	7	0	0	0	0	0	0	0	33	10	0	0	80	47	0	0	75	36	15	0	36	15	0	33	10	0	0	59	45	0	0	36	15	0	7	0	0	0	0	0	0	0	33	10	0	0	59	45	0	0	46	17	6	5	0	0	0	4	0	0	0	7	0	0	0	0	0	0	0	33	10	0	0	80	47	0	0	67	24	5	0	36	15	0	33	10	0	0	59	45	0	0	36	15	0	7	0	0	0	0	0	0	0	33	10	0	0	59	45	0	0	36	15	0	0	0	0	0	1	0	0	0	7	0	0	0	0	0	0	0	33	10	0	0	59	45	0	0	39	17	6	7	0	15	0	21	14	12	0	5	0	0	0	4	0	0	0	7	0	0	0	0	0	0	0	33	10	0	0	74	47	0	0
104	94	43	35	3	84	29	33	0	43	35	3	30	8	0	0	70	66	0	0	74	29	33	0	29	33	0	30	8	0	0	42	64	0	0	43	35	3	7	0	0	0	0	0	0	0	30	8	0	0	70	66	0	0	64	29	33	0	29	33	0	30	8	0	0	42	64	0	0	29	33	0	7	0	0	0	0	0	0	0	30	8	0	0	42	64	0	0	39	35	3	5	0	0	0	4	0	0	0	7	0	0	0	0	0	0	0	30	8	0	0	63	66	0	0	57	20	25	0	29	33	0	30	8	0	0	42	64	0	0	29	33	0	7	0	0	0	0	0	0	0	30	8	0	0	42	64	0	0	29	33	0	0	0	0	0	1	0	0	0	7	0	0	0	0	0	0	0	30	8	0	0	42	64	0	0	35	14	3	7	0	6	0	19	12	6	0	5	0	0	0	4	0	0	0	7	0	0	0	0	0	0	0	30	8	0	0	61	38	0	0
115	103	46	50	3	91	36	42	0	46	50	3	42	52	0	0	61	43	0	0	79	36	41	0	36	42	0	42	48	0	0	57	41	0	0	46	50	3	15	6	0	0	2	0	0	0	42	52	0	0	61	43	0	0	67	36	41	0	36	41	0	42	48	0	0	57	41	0	0	36	42	0	15	6	0	0	0	0	0	0	42	48	0	0	57	41	0	0	46	50	3	5	0	0	0	5	0	0	0	15	6	0	0	2	0	0	0	42	52	0	0	61	43	0	0	56	25	40	0	36	41	0	42	48	0	0	57	41	0	0	36	41	0	15	6	0	0	0	0	0	0	42	48	0	0	57	41	0	0	36	42	0	0	0	0	0	1	0	0	0	15	6	0	0	0	0	0	0	42	48	0	0	57	41	0	0	35	39	3	3	5	6	0	16	10	0	0	5	0	0	0	5	0	0	0	15	6	0	0	2	0	0	0	42	52	0	0	53	43	0	0
103	90	56	67	0	77	44	45	0	56	67	0	48	99	0	0	75	63	0	0	64	42	36	0	44	45	0	46	72	0	0	63	46	0	0	56	67	0	24	36	0	0	0	4	0	0	48	99	0	0	75	63	0	0	51	40	36	0	42	36	0	46	72	0	0	62	40	0	0	44	45	0	24	36	0	0	0	0	0	0	46	72	0	0	63	46	0	0	51	67	0	17	0	0	0	5	4	0	0	24	36	0	0	0	4	0	0	48	99	0	0	64	63	0	0	41	33	36	0	40	36	0	38	72	0	0	57	40	0	0	42	36	0	24	36	0	0	0	0	0	0	46	72	0	0	62	40	0	0	41	45	0	14	0	0	0	3	0	0	0	24	36	0	0	0	0	0	0	46	72	0	0	56	46	0	0	40	37	0	21	0	0	0	14	8	0	0	17	0	0	0	5	4	0	0	24	36	0	0	0	4	0	0	41	99	0	0	58	43	0	0
142	128	69	75	11	114	45	53	11	64	75	11	32	48	55	0	81	69	44	0	101	42	53	11	41	53	11	25	48	55	0	46	37	44	0	55	62	11	5	0	11	0	0	0	0	0	24	48	55	0	69	56	44	0	88	41	53	8	38	53	11	25	48	55	0	43	37	44	0	32	40	11	5	0	11	0	0	0	0	0	17	48	55	0	34	24	44	0	50	62	11	13	0	0	24	5	10	0	0	5	0	11	0	0	0	0	0	18	48	55	0	53	56	44	0	75	39	50	8	37	53	8	25	48	40	0	40	37	32	0	29	40	11	5	0	11	0	0	0	0	0	17	48	55	0	31	24	44	0	27	40	11	9	0	0	24	4	8	0	0	5	0	11	0	0	0	0	0	11	48	55	0	18	24	44	0	49	62	11	17	30	0	0	6	16	0	0	13	0	0	24	5	10	0	0	5	0	11	0	0	0	0	0	17	48	55	0	51	56	44	0
117	105	59	56	11	94	35	41	11	54	45	11	27	24	55	0	59	65	44	0	84	34	41	11	32	31	11	22	24	55	0	29	41	44	0	45	35	11	0	0	11	0	0	0	0	0	20	14	55	0	48	45	44	0	74	34	41	8	31	31	11	22	24	55	0	27	41	44	0	23	21	11	0	0	11	0	0	0	0	0	15	14	55	0	18	21	44	0	42	35	11	7	0	0	24	5	0	0	0	0	0	11	0	0	0	0	0	14	14	55	0	38	45	44	0	64	32	40	8	31	31	8	22	24	40	0	27	41	32	0	22	21	11	0	0	11	0	0	0	0	0	15	14	55	0	16	21	44	0	20	21	11	3	0	0	24	4	0	0	0	0	0	11	0	0	0	0	0	9	14	55	0	8	21	44	0	42	35	11	18	9	0	0	4	14	0	0	7	0	0	24	5	0	0	0	0	0	11	0	0	0	0	0	14	14	55	0	38	45	44	0
160	141	83	148	9	122	52	134	0	83	148	9	50	116	0	0	110	238	0	12	103	50	122	0	52	134	0	48	116	0	0	61	202	0	0	77	148	9	25	120	0	0	3	0	0	0	50	116	0	0	108	238	0	12	86	45	106	0	50	122	0	48	92	0	0	60	194	0	0	50	134	0	20	120	0	0	0	0	0	0	48	116	0	0	60	202	0	0	68	114	9	21	80	21	0	6	16	18	0	25	120	0	0	3	0	0	0	48	116	0	0	86	170	0	12	72	40	74	0	45	106	0	44	60	0	0	50	158	0	0	48	122	0	20	120	0	0	0	0	0	0	48	92	0	0	59	194	0	0	43	106	0	12	80	0	0	6	14	0	0	20	120	0	0	0	0	0	0	46	116	0	0	42	146	0	0	61	72	9	22	96	7	0	14	24	36	0	21	80	21	0	6	16	18	0	25	120	0	0	3	0	0	0	47	32	0	0	80	142	0	12
137	122	75	88	2	107	51	76	0	75	88	2	51	56	0	0	94	147	2	0	92	51	63	0	51	76	0	51	48	0	0	67	118	0	0	67	88	2	21	40	0	0	0	0	4	0	51	56	0	0	88	147	2	0	78	48	57	0	51	63	0	51	43	0	0	67	104	0	0	46	76	0	21	35	0	0	0	0	0	0	51	48	0	0	62	118	0	0	59	74	2	15	47	0	0	7	8	0	0	21	40	0	0	0	0	4	0	45	56	0	0	67	105	2	0	65	42	56	0	48	57	0	43	42	0	0	59	87	0	0	46	63	0	21	35	0	0	0	0	0	0	51	43	0	0	62	104	0	0	40	63	0	11	42	0	0	6	7	0	0	21	35	0	0	0	0	0	0	45	48	0	0	45	79	0	0	53	61	2	30	7	0	0	8	14	0	0	15	47	0	0	7	8	0	0	21	40	0	0	0	0	4	0	39	43	0	0	63	79	2	0
114	101	68	67	0	88	46	54	0	66	67	0	35	38	0	0	90	81	0	0	77	44	54	0	45	54	0	33	38	0	0	64	52	0	0	59	45	0	17	0	0	0	0	0	0	0	34	38	0	0	83	70	0	0	67	41	51	0	43	54	0	33	38	0	0	63	52	0	0	41	34	0	17	0	0	0	0	0	0	0	32	38	0	0	58	42	0	0	53	35	0	18	21	0	0	6	7	0	0	17	0	0	0	0	0	0	0	30	18	0	0	66	40	0	0	57	35	44	0	40	51	0	25	32	0	0	55	43	0	0	39	34	0	17	0	0	0	0	0	0	0	32	38	0	0	57	42	0	0	35	24	0	14	18	0	0	5	6	0	0	17	0	0	0	0	0	0	0	28	18	0	0	41	12	0	0	49	35	0	25	48	0	0	10	12	0	0	18	21	0	0	6	7	0	0	17	0	0	0	0	0	0	0	23	18	0	0	62	40	0	0
187	172	40	27	77	157	29	14	68	37	27	77	16	0	13	22	23	0	77	22	142	29	14	68	26	14	68	16	0	11	22	15	0	68	22	34	27	77	0	0	0	0	0	0	0	0	14	0	13	22	18	0	77	22	127	29	14	68	26	14	68	16	0	11	22	15	0	68	22	23	14	68	0	0	0	0	0	0	0	0	14	0	11	22	10	0	68	22	34	27	77	0	0	0	0	4	0	0	0	0	0	0	0	0	0	0	0	14	0	13	22	18	0	77	22	112	29	14	49	26	14	68	16	0	11	16	15	0	68	16	23	14	68	0	0	0	0	0	0	0	0	14	0	11	22	10	0	68	22	23	14	68	0	0	0	0	4	0	0	0	0	0	0	0	0	0	0	0	14	0	11	22	10	0	68	22	34	27	77	5	0	0	60	6	0	0	105	0	0	0	0	4	0	0	0	0	0	0	0	0	0	0	0	14	0	13	22	18	0	77	22
126	114	38	30	51	103	27	29	42	33	19	51	15	10	13	22	19	20	0	22	93	27	29	42	24	19	42	15	10	11	22	13	20	0	22	31	9	51	0	0	0	0	0	0	0	0	14	0	13	22	16	0	0	22	83	27	29	42	24	19	42	15	10	11	22	13	20	0	22	22	9	42	0	0	0	0	0	0	0	0	14	0	11	22	10	0	0	22	31	9	51	0	0	0	0	4	0	0	0	0	0	0	0	0	0	0	0	14	0	13	22	16	0	0	22	73	27	28	26	24	19	42	15	10	11	16	13	20	0	16	22	9	42	0	0	0	0	0	0	0	0	14	0	11	22	10	0	0	22	22	9	42	0	0	0	0	4	0	0	0	0	0	0	0	0	0	0	0	14	0	11	22	10	0	0	22	31	9	51	4	9	0	36	6	0	0	105	0	0	0	0	4	0	0	0	0	0	0	0	0	0	0	0	14	0	13	22	16	0	0	22
134	123	39	26	24	112	29	10	11	37	26	24	15	0	13	22	26	0	48	22	101	29	10	11	27	10	11	15	0	11	22	18	0	22	22	32	26	24	0	0	0	0	0	0	0	0	13	0	13	22	20	0	48	22	90	29	10	11	27	10	11	15	0	11	22	18	0	22	22	22	10	11	0	0	0	0	0	0	0	0	13	0	11	22	12	0	22	22	31	26	24	3	0	0	0	4	0	0	0	0	0	0	0	0	0	0	0	11	0	13	22	17	0	48	22	79	29	10	8	27	10	11	15	0	11	16	18	0	22	16	22	10	11	0	0	0	0	0	0	0	0	13	0	11	22	12	0	22	22	21	10	11	3	0	0	0	4	0	0	0	0	0	0	0	0	0	0	0	11	0	11	22	9	0	22	22	31	26	24	12	0	0	24	6	0	0	0	3	0	0	0	4	0	0	0	0	0	0	0	0	0	0	0	11	0	13	22	17	0	48	22
201	183	59	101	28	165	45	56	11	57	101	28	26	0	21	22	46	50	140	24	147	45	56	11	43	56	11	26	0	11	22	39	14	55	22	52	101	28	5	0	0	0	0	0	0	0	24	0	21	22	40	50	140	24	129	44	56	11	43	56	11	26	0	11	22	39	14	55	22	38	56	11	5	0	0	0	0	0	0	0	24	0	11	22	33	14	55	22	49	101	28	9	0	0	0	6	14	0	0	5	0	0	0	0	0	0	0	22	0	21	22	31	50	140	24	111	44	56	8	42	56	11	26	0	11	16	36	14	55	16	38	56	11	5	0	0	0	0	0	0	0	24	0	11	22	33	14	55	22	35	56	11	9	0	0	0	6	14	0	0	5	0	0	0	0	0	0	0	22	0	11	22	24	14	55	22	48	101	28	13	0	0	24	8	0	0	0	9	0	0	0	6	14	0	0	5	0	0	0	0	0	0	0	21	0	21	22	29	50	140	24
127	117	30	21	41	107	18	0	39	30	21	41	4	0	21	22	16	14	123	0	97	16	0	39	18	0	39	2	0	19	22	6	0	117	0	30	21	41	1	0	16	0	0	0	0	0	4	0	21	22	16	14	123	0	87	15	0	37	16	0	39	0	0	19	22	4	0	117	0	18	0	39	0	0	16	0	0	0	0	0	2	0	19	22	6	0	117	0	30	21	41	0	0	8	12	4	0	0	0	1	0	16	0	0	0	0	0	4	0	21	22	16	14	123	0	77	15	0	28	15	0	37	0	0	17	16	2	0	111	0	16	0	39	0	0	16	0	0	0	0	0	0	0	19	22	4	0	117	0	18	0	39	0	0	8	0	4	0	0	0	0	0	16	0	0	0	0	0	2	0	19	22	6	0	117	0	30	21	41	3	0	0	24	1	0	0	24	0	0	8	12	4	0	0	0	1	0	16	0	0	0	0	0	4	0	21	22	16	14	123	0
160	145	42	56	56	130	31	36	34	42	56	56	10	0	39	73	34	32	112	69	115	29	36	32	31	36	34	7	0	37	63	22	12	68	50	42	56	56	0	0	18	22	0	0	0	0	10	0	39	73	34	32	112	69	100	28	36	32	29	36	32	7	0	37	63	18	12	64	50	31	36	34	0	0	17	22	0	0	0	0	7	0	37	63	22	12	68	50	41	56	56	1	0	0	0	8	12	0	0	0	0	18	22	0	0	0	0	10	0	39	73	31	32	112	69	85	28	36	27	28	36	32	7	0	37	61	15	12	64	48	29	36	32	0	0	17	22	0	0	0	0	7	0	37	63	18	12	64	50	30	36	34	1	0	0	0	8	12	0	0	0	0	17	22	0	0	0	0	7	0	37	63	19	12	68	50	41	56	56	12	0	0	24	7	0	0	0	1	0	0	0	8	12	0	0	0	0	18	22	0	0	0	0	10	0	39	73	31	32	112	69
96	88	27	0	29	80	23	0	4	27	0	29	11	0	0	4	22	0	0	93	72	23	0	0	23	0	4	11	0	0	0	20	0	0	61	27	0	29	5	0	0	0	0	0	0	2	11	0	0	4	22	0	0	93	64	23	0	0	23	0	0	11	0	0	0	20	0	0	61	23	0	4	5	0	0	0	0	0	0	0	11	0	0	0	20	0	0	61	26	0	29	6	0	0	0	4	0	0	0	5	0	0	0	0	0	0	2	11	0	0	4	19	0	0	93	56	23	0	0	23	0	0	11	0	0	0	20	0	0	59	23	0	0	5	0	0	0	0	0	0	0	11	0	0	0	20	0	0	61	22	0	4	6	0	0	0	4	0	0	0	5	0	0	0	0	0	0	0	11	0	0	0	17	0	0	61	25	0	29	1	0	0	0	2	0	0	0	6	0	0	0	4	0	0	0	5	0	0	0	0	0	0	2	10	0	0	4	17	0	0	93
100	89	30	39	14	78	22	30	4	30	39	14	7	24	0	4	28	30	14	28	67	22	30	0	22	30	4	7	24	0	0	23	30	4	11	30	39	14	5	0	0	0	0	0	0	2	7	24	0	4	28	30	14	28	56	21	30	0	22	30	0	7	24	0	0	23	30	0	11	22	30	4	5	0	0	0	0	0	0	0	7	24	0	0	23	30	4	11	28	39	14	6	0	0	0	4	6	0	0	5	0	0	0	0	0	0	2	7	24	0	4	22	30	14	28	45	21	30	0	21	30	0	7	24	0	0	20	30	0	11	22	30	0	5	0	0	0	0	0	0	0	7	24	0	0	23	30	0	11	20	30	4	6	0	0	0	4	6	0	0	5	0	0	0	0	0	0	0	7	24	0	0	17	30	4	11	27	39	14	1	0	0	0	2	0	0	0	6	0	0	0	4	6	0	0	5	0	0	0	0	0	0	2	6	24	0	4	20	30	14	28
84	77	14	0	37	70	11	0	0	14	0	37	1	0	0	0	5	0	0	170	63	11	0	0	11	0	0	1	0	0	0	3	0	0	129	14	0	37	0	0	0	0	0	0	0	0	1	0	0	0	5	0	0	170	56	11	0	0	11	0	0	1	0	0	0	3	0	0	129	11	0	0	0	0	0	0	0	0	0	0	1	0	0	0	3	0	0	129	14	0	37	0	0	0	0	2	0	0	0	0	0	0	0	0	0	0	0	1	0	0	0	5	0	0	170	49	11	0	0	11	0	0	1	0	0	0	3	0	0	127	11	0	0	0	0	0	0	0	0	0	0	1	0	0	0	3	0	0	129	11	0	0	0	0	0	0	2	0	0	0	0	0	0	0	0	0	0	0	1	0	0	0	3	0	0	129	14	0	37	0	0	0	0	0	0	0	0	0	0	0	0	2	0	0	0	0	0	0	0	0	0	0	0	1	0	0	0	5	0	0	170
82	74	20	18	9	66	16	12	0	20	18	9	4	6	0	0	14	6	9	28	58	16	12	0	16	12	0	4	6	0	0	12	6	0	11	20	18	9	0	0	0	0	0	0	0	0	4	6	0	0	14	6	9	28	50	16	12	0	16	12	0	4	6	0	0	12	6	0	11	16	12	0	0	0	0	0	0	0	0	0	4	6	0	0	12	6	0	11	20	18	9	0	0	0	0	4	0	0	0	0	0	0	0	0	0	0	0	4	6	0	0	14	6	9	28	42	16	12	0	16	12	0	4	6	0	0	12	6	0	11	16	12	0	0	0	0	0	0	0	0	0	4	6	0	0	12	6	0	11	16	12	0	0	0	0	0	4	0	0	0	0	0	0	0	0	0	0	0	4	6	0	0	12	6	0	11	20	18	9	0	0	0	0	0	0	0	0	0	0	0	0	4	0	0	0	0	0	0	0	0	0	0	0	4	6	0	0	14	6	9	28
150	136	37	40	56	122	11	0	56	37	40	56	4	0	58	0	58	100	224	0	108	9	0	56	11	0	56	0	0	58	0	6	0	224	0	37	40	56	0	0	23	0	1	0	0	0	4	0	58	0	58	100	224	0	94	9	0	56	9	0	56	0	0	58	0	5	0	224	0	11	0	56	0	0	23	0	0	0	0	0	0	0	58	0	6	0	224	0	36	40	56	4	0	0	0	4	0	0	0	0	0	23	0	1	0	0	0	4	0	58	0	57	100	224	0	80	6	0	53	9	0	56	0	0	58	0	5	0	224	0	9	0	56	0	0	23	0	0	0	0	0	0	0	58	0	5	0	224	0	10	0	56	0	0	0	0	3	0	0	0	0	0	23	0	0	0	0	0	0	0	58	0	5	0	224	0	36	40	56	9	0	0	12	14	30	0	0	4	0	0	0	4	0	0	0	0	0	23	0	1	0	0	0	4	0	58	0	57	100	224	0
171	155	56	55	62	139	21	0	62	56	55	62	8	0	100	0	88	165	310	0	123	18	0	62	21	0	62	1	0	100	0	21	0	310	0	56	55	62	5	0	34	0	3	0	0	0	8	0	100	0	88	165	310	0	107	17	0	62	18	0	62	1	0	100	0	19	0	310	0	21	0	62	0	0	34	0	0	0	0	0	1	0	100	0	21	0	310	0	52	55	62	12	0	0	0	4	11	0	0	5	0	34	0	3	0	0	0	8	0	100	0	79	165	310	0	91	13	0	46	17	0	62	0	0	100	0	17	0	310	0	18	0	62	0	0	34	0	0	0	0	0	1	0	100	0	19	0	310	0	17	0	62	3	0	0	0	4	0	0	0	0	0	34	0	0	0	0	0	1	0	100	0	12	0	310	0	49	55	62	12	0	0	24	22	44	0	9	12	0	0	0	4	11	0	0	5	0	34	0	3	0	0	0	8	0	100	0	75	165	310	0
181	163	61	71	66	145	37	45	53	61	71	66	23	0	51	22	85	54	132	56	127	37	45	52	37	45	53	23	0	49	21	34	15	106	34	61	71	66	18	0	0	8	0	0	0	0	23	0	51	22	85	54	132	56	109	36	45	47	37	45	52	23	0	48	21	34	15	104	32	37	45	53	18	0	0	8	0	0	0	0	23	0	49	21	34	15	106	34	58	71	66	13	0	0	7	10	15	0	9	18	0	0	8	0	0	0	0	23	0	51	22	78	54	132	56	91	32	39	39	36	45	47	23	0	31	21	31	15	94	32	37	45	52	18	0	0	8	0	0	0	0	23	0	48	21	34	15	104	32	34	45	53	8	0	0	0	8	15	0	0	18	0	0	8	0	0	0	0	23	0	49	21	27	15	106	34	52	71	66	26	78	10	6	21	39	0	12	13	0	0	7	10	15	0	9	18	0	0	8	0	0	0	0	17	0	51	22	74	54	132	56
134	120	41	40	57	106	28	40	35	41	40	57	20	0	25	13	39	50	0	79	92	28	40	34	28	40	35	20	0	24	12	22	50	0	38	41	40	57	6	0	0	8	0	0	0	0	20	0	25	13	39	50	0	79	78	27	40	33	28	40	34	20	0	23	12	22	50	0	32	28	40	35	6	0	0	8	0	0	0	0	20	0	24	12	22	50	0	38	40	40	57	0	0	0	7	5	10	0	0	6	0	0	8	0	0	0	0	20	0	25	13	36	50	0	79	64	27	40	25	27	40	33	20	0	22	12	19	50	0	32	28	40	34	6	0	0	8	0	0	0	0	20	0	23	12	22	50	0	32	27	40	35	0	0	0	0	5	10	0	0	6	0	0	8	0	0	0	0	20	0	24	12	19	50	0	38	37	40	57	14	0	0	6	10	0	0	12	0	0	0	7	5	10	0	0	6	0	0	8	0	0	0	0	20	0	25	13	34	50	0	79
190	172	61	59	57	154	33	17	56	61	59	57	21	0	52	4	84	101	171	0	136	33	17	56	33	17	56	21	0	52	4	32	17	168	0	61	59	57	18	0	0	0	0	0	0	0	21	0	52	4	84	101	171	0	118	33	17	51	33	17	56	21	0	52	4	32	17	168	0	33	17	56	18	0	0	0	0	0	0	0	21	0	52	4	32	17	168	0	59	59	57	12	0	0	7	8	0	0	9	18	0	0	0	0	0	0	0	21	0	52	4	80	101	171	0	100	30	14	28	33	17	51	21	0	35	4	32	17	153	0	33	17	56	18	0	0	0	0	0	0	0	21	0	52	4	32	17	168	0	31	17	56	8	0	0	0	6	0	0	0	18	0	0	0	0	0	0	0	21	0	52	4	28	17	168	0	50	59	57	24	42	0	24	25	42	0	21	12	0	0	7	8	0	0	9	18	0	0	0	0	0	0	0	15	0	52	4	72	101	171	0
194	174	56	53	158	154	35	19	99	56	53	158	15	0	93	88	69	17	316	241	134	35	19	97	35	19	99	15	0	91	85	41	0	198	227	56	53	158	23	0	0	18	4	0	0	0	15	0	93	88	69	17	316	241	114	29	17	96	35	19	97	15	0	91	83	41	0	194	226	35	19	99	12	0	0	17	0	0	0	0	15	0	91	85	41	0	198	227	47	53	158	24	34	41	8	7	19	0	0	23	0	0	18	4	0	0	0	15	0	93	88	45	17	316	241	94	11	0	92	29	17	96	6	0	91	75	31	0	192	216	35	19	97	12	0	0	17	0	0	0	0	15	0	91	83	41	0	194	226	26	19	99	13	0	40	8	7	19	0	0	12	0	0	17	0	0	0	0	15	0	91	85	17	0	198	227	44	53	158	6	0	155	0	7	0	158	9	24	34	41	8	7	19	0	0	23	0	0	18	4	0	0	0	9	0	93	88	43	17	316	241
147	132	35	36	103	117	13	0	63	35	36	103	1	0	81	57	50	48	309	175	102	13	0	63	13	0	63	1	0	76	57	22	0	189	174	35	36	103	5	0	0	0	3	0	0	0	1	0	81	57	50	48	309	175	87	12	0	63	13	0	63	1	0	76	57	22	0	189	174	13	0	63	0	0	0	0	0	0	0	0	1	0	76	57	22	0	189	174	28	36	103	12	0	0	0	3	0	0	0	5	0	0	0	3	0	0	0	1	0	81	57	32	48	309	175	72	7	0	63	12	0	63	0	0	76	57	20	0	189	169	13	0	63	0	0	0	0	0	0	0	0	1	0	76	57	22	0	189	174	6	0	63	3	0	0	0	3	0	0	0	0	0	0	0	0	0	0	0	1	0	76	57	4	0	189	174	28	36	103	3	0	14	0	2	0	0	0	12	0	0	0	3	0	0	0	5	0	0	0	3	0	0	0	1	0	81	57	32	48	309	175
139	124	46	54	66	109	22	14	40	46	54	66	11	0	52	43	67	94	264	118	94	21	14	40	22	14	40	7	0	49	43	35	14	160	118	45	54	66	17	0	0	0	2	10	0	0	11	0	52	43	67	94	264	118	80	20	14	40	21	14	40	7	0	49	43	35	14	160	118	22	14	40	12	0	0	0	0	0	0	0	7	0	49	43	35	14	160	118	36	40	66	20	0	0	0	4	0	0	0	17	0	0	0	2	10	0	0	11	0	52	43	42	80	264	118	66	12	14	36	20	14	40	6	0	49	35	33	14	160	118	21	14	40	12	0	0	0	0	0	0	0	7	0	49	43	35	14	160	118	13	0	40	11	0	0	0	4	0	0	0	12	0	0	0	0	0	0	0	7	0	49	43	10	0	160	118	33	40	66	4	0	24	0	2	0	0	9	20	0	0	0	4	0	0	0	17	0	0	0	2	10	0	0	5	0	52	43	40	80	264	118
181	162	56	50	112	143	40	34	49	56	50	112	30	0	12	90	75	17	112	241	124	40	34	49	40	34	49	30	0	11	90	50	17	49	227	56	50	112	24	0	0	0	3	0	0	0	30	0	12	90	75	17	112	241	105	38	32	49	40	34	49	30	0	11	90	50	17	49	226	40	34	49	19	0	0	0	0	0	0	0	30	0	11	90	50	17	49	227	48	50	112	18	32	0	0	4	17	0	0	24	0	0	0	3	0	0	0	30	0	12	90	55	17	112	241	86	25	0	44	38	32	49	29	0	11	79	45	16	49	216	40	34	49	19	0	0	0	0	0	0	0	30	0	11	90	50	17	49	226	32	34	49	11	0	0	0	4	17	0	0	19	0	0	0	0	0	0	0	30	0	11	90	30	17	49	227	38	50	112	3	0	104	7	2	0	224	9	18	32	0	0	4	17	0	0	24	0	0	0	3	0	0	0	24	0	12	90	47	17	112	241
147	129	67	112	41	111	31	71	28	67	112	41	23	13	62	8	95	234	205	62	93	29	66	28	31	71	28	16	13	62	8	50	146	140	62	57	112	41	18	40	0	0	4	16	0	0	23	13	62	8	89	234	205	62	78	25	50	28	29	66	28	16	8	62	8	50	136	140	62	29	71	28	12	0	0	0	0	0	0	0	16	13	62	8	47	146	140	62	45	67	41	22	82	30	0	5	14	41	0	18	40	0	0	4	16	0	0	19	13	62	8	53	114	205	62	63	14	39	24	25	50	28	10	0	62	0	44	112	140	62	27	66	28	12	0	0	0	0	0	0	0	16	8	62	8	47	136	140	62	17	26	28	10	39	30	0	4	13	28	0	12	0	0	0	0	0	0	0	12	13	62	8	11	26	140	62	42	67	41	9	39	44	0	3	26	41	9	22	82	30	0	5	14	41	0	18	40	0	0	4	16	0	0	13	13	62	8	51	114	205	62
151	133	38	72	132	115	17	30	123	37	72	132	11	39	49	14	56	133	396	41	97	13	17	123	16	30	123	1	0	49	14	34	68	369	28	33	72	132	0	0	32	0	0	0	132	0	11	39	49	14	54	133	396	41	80	12	17	123	12	17	123	0	0	49	14	32	68	369	28	16	30	123	0	0	24	0	0	0	123	0	1	0	49	14	34	68	369	28	22	55	132	3	0	8	0	1	0	0	0	0	0	32	0	0	0	132	0	11	39	49	14	22	65	396	41	63	12	16	123	11	17	123	0	0	49	14	32	68	369	28	12	17	123	0	0	24	0	0	0	123	0	0	0	49	14	32	68	369	28	5	13	123	3	0	0	0	1	0	0	0	0	0	24	0	0	0	123	0	1	0	49	14	2	0	369	28	22	55	132	11	16	0	0	5	0	0	0	3	0	8	0	1	0	0	0	0	0	32	0	0	0	132	0	11	39	49	14	22	65	396	41
174	154	41	19	219	134	23	19	145	41	19	219	20	0	36	149	57	76	0	480	114	15	19	143	23	19	145	7	0	36	145	32	76	0	279	37	19	219	0	0	68	22	0	0	0	0	20	0	36	149	55	76	0	480	95	9	19	143	15	19	143	0	0	36	145	27	76	0	277	23	19	145	0	0	54	22	0	0	0	0	7	0	36	145	32	76	0	279	28	0	219	5	0	81	0	4	0	0	0	0	0	68	22	0	0	0	0	20	0	36	149	29	0	0	480	76	9	19	143	9	19	143	0	0	36	145	26	76	0	276	15	19	143	0	0	54	22	0	0	0	0	0	0	36	145	27	76	0	277	14	0	145	5	0	20	0	4	0	0	0	0	0	54	22	0	0	0	0	7	0	36	145	6	0	0	279	28	0	219	8	0	0	0	5	0	0	0	5	0	81	0	4	0	0	0	0	0	68	22	0	0	0	0	20	0	36	149	29	0	0	480
134	119	25	14	142	104	14	0	87	25	14	142	8	0	13	103	46	0	142	368	89	11	0	84	14	0	87	1	0	13	96	28	0	87	230	25	14	142	0	0	8	35	0	0	0	0	8	0	13	103	46	0	142	368	74	9	0	84	11	0	84	0	0	13	96	26	0	84	228	14	0	87	0	0	0	35	0	0	0	0	1	0	13	96	28	0	87	230	16	14	142	3	0	25	0	2	0	0	0	0	0	8	35	0	0	0	0	8	0	13	103	20	0	142	368	59	9	0	84	9	0	84	0	0	13	96	26	0	84	227	11	0	84	0	0	0	35	0	0	0	0	0	0	13	96	26	0	84	228	5	0	87	3	0	0	0	2	0	0	0	0	0	0	35	0	0	0	0	1	0	13	96	2	0	87	230	16	14	142	5	0	0	0	2	0	0	0	3	0	25	0	2	0	0	0	0	0	8	35	0	0	0	0	8	0	13	103	20	0	142	368
102	89	34	46	43	76	15	22	13	34	46	43	8	0	13	0	51	95	129	210	63	12	22	13	15	22	13	1	0	13	0	34	55	39	131	29	46	43	0	0	8	0	0	0	0	0	8	0	13	0	49	95	129	210	52	11	22	13	12	22	13	0	0	13	0	32	55	39	131	15	22	13	0	0	0	0	0	0	0	0	1	0	13	0	34	55	39	131	18	24	43	3	0	8	0	1	0	0	0	0	0	8	0	0	0	0	0	8	0	13	0	17	40	129	210	41	11	22	13	11	22	13	0	0	13	0	32	55	39	131	12	22	13	0	0	0	0	0	0	0	0	0	0	13	0	32	55	39	131	4	0	13	3	0	0	0	1	0	0	0	0	0	0	0	0	0	0	0	1	0	13	0	2	0	39	131	18	24	43	12	0	0	0	5	0	0	0	3	0	8	0	1	0	0	0	0	0	8	0	0	0	0	0	8	0	13	0	17	40	129	210
132	116	54	69	67	100	31	25	46	53	69	67	21	40	46	34	74	140	268	107	84	19	15	46	30	25	46	7	0	46	34	51	60	184	68	49	69	67	0	0	118	0	0	0	67	0	21	40	46	34	72	140	268	107	69	16	15	46	18	15	46	0	0	46	34	43	60	184	68	30	25	46	0	0	104	0	0	0	46	0	7	0	46	34	51	60	184	68	34	54	67	5	0	32	0	2	0	0	0	0	0	118	0	0	0	67	0	21	40	46	34	29	80	268	107	54	16	14	46	15	15	46	0	0	46	34	43	60	184	68	18	15	46	0	0	104	0	0	0	46	0	0	0	46	34	43	60	184	68	15	10	46	5	0	20	0	2	0	0	0	0	0	104	0	0	0	46	0	7	0	46	34	8	0	184	68	34	54	67	22	14	0	0	12	0	0	0	5	0	32	0	2	0	0	0	0	0	118	0	0	0	67	0	21	40	46	34	29	80	268	107
80	70	24	0	84	60	13	0	33	23	0	84	6	0	53	75	29	0	0	384	50	13	0	33	12	0	33	6	0	24	75	29	0	0	269	21	0	84	2	0	0	0	0	0	0	0	4	0	53	75	28	0	0	384	40	13	0	33	12	0	33	6	0	24	75	29	0	0	266	10	0	33	2	0	0	0	0	0	0	0	4	0	24	75	28	0	0	269	11	0	84	0	0	0	0	0	0	0	0	0	0	0	0	0	0	0	0	0	0	53	75	0	0	0	384	30	13	0	33	12	0	33	6	0	24	75	29	0	0	266	10	0	33	2	0	0	0	0	0	0	0	4	0	24	75	28	0	0	266	0	0	33	0	0	0	0	0	0	0	0	0	0	0	0	0	0	0	0	0	0	24	75	0	0	0	269	11	0	84	14	0	0	0	2	0	0	0	0	0	0	0	0	0	0	0	0	0	0	0	0	0	0	0	0	0	53	75	0	0	0	384
80	68	33	35	46	56	12	27	12	31	35	46	6	0	53	36	30	63	46	242	44	12	27	12	10	27	12	6	0	24	36	26	63	12	182	22	35	46	2	0	0	0	0	0	0	0	4	0	53	36	27	63	46	242	35	12	27	12	10	27	12	6	0	24	36	26	63	12	182	8	27	12	2	0	0	0	0	0	0	0	4	0	24	36	25	63	12	182	14	8	46	0	0	0	0	0	0	0	0	0	0	0	0	0	0	0	0	0	0	53	36	2	0	46	242	26	12	24	12	10	27	12	6	0	24	36	26	63	12	182	8	27	12	2	0	0	0	0	0	0	0	4	0	24	36	25	63	12	182	0	0	12	0	0	0	0	0	0	0	0	0	0	0	0	0	0	0	0	0	0	24	36	0	0	12	182	14	8	46	15	24	0	0	5	0	0	0	0	0	0	0	0	0	0	0	0	0	0	0	0	0	0	0	0	0	53	36	2	0	46	242
111	96	66	54	84	81	37	14	49	56	54	84	34	0	202	46	65	76	336	242	66	36	14	49	27	14	49	31	0	168	46	56	56	196	182	40	54	84	4	0	14	0	0	0	0	0	16	0	202	46	50	76	336	242	52	36	14	49	26	14	49	31	0	168	46	56	56	196	182	15	14	49	4	0	14	0	0	0	0	0	13	0	168	46	43	56	196	182	26	40	84	4	0	0	0	1	0	0	0	0	0	14	0	0	0	0	0	3	0	202	46	7	20	336	242	38	33	10	49	26	14	49	31	0	168	46	56	56	196	182	14	14	49	4	0	14	0	0	0	0	0	13	0	168	46	43	56	196	182	1	0	49	0	0	0	0	0	0	0	0	0	0	14	0	0	0	0	0	0	0	168	46	0	0	196	182	26	40	84	23	40	0	0	9	30	0	0	4	0	0	0	1	0	0	0	0	0	14	0	0	0	0	0	3	0	202	46	7	20	336	242
64	55	34	23	10	46	23	8	0	28	23	10	25	0	10	0	35	16	30	67	37	23	8	0	17	8	0	25	0	0	0	33	16	0	46	17	23	10	4	0	0	0	0	0	0	0	9	0	10	0	27	16	30	67	29	23	8	0	17	8	0	25	0	0	0	33	16	0	46	8	8	0	4	0	0	0	0	0	0	0	9	0	0	0	25	16	0	46	9	15	10	0	0	0	0	0	0	0	0	0	0	0	0	0	0	0	0	0	0	10	0	2	0	30	67	21	22	5	0	17	8	0	25	0	0	0	33	16	0	46	8	8	0	4	0	0	0	0	0	0	0	9	0	0	0	25	16	0	46	0	0	0	0	0	0	0	0	0	0	0	0	0	0	0	0	0	0	0	0	0	0	0	0	0	0	46	9	15	10	14	15	0	0	4	5	0	0	0	0	0	0	0	0	0	0	0	0	0	0	0	0	0	0	0	0	10	0	2	0	30	67
64	52	33	55	0	41	18	37	0	27	44	0	19	46	0	0	28	51	0	0	32	18	35	0	13	28	0	19	42	0	0	24	49	0	0	14	26	0	2	14	0	0	0	0	0	0	5	28	0	0	19	42	0	0	25	18	35	0	13	28	0	19	42	0	0	24	49	0	0	6	14	0	2	14	0	0	0	0	0	0	5	28	0	0	17	42	0	0	8	12	0	0	0	0	0	0	0	0	0	0	0	0	0	0	0	0	0	0	0	0	0	2	0	0	0	18	17	29	0	13	28	0	19	42	0	0	24	49	0	0	6	14	0	2	14	0	0	0	0	0	0	5	28	0	0	17	42	0	0	0	0	0	0	0	0	0	0	0	0	0	0	0	0	0	0	0	0	0	0	0	0	0	0	0	0	0	8	12	0	10	24	0	0	4	4	0	0	0	0	0	0	0	0	0	0	0	0	0	0	0	0	0	0	0	0	0	0	2	0	0	0
92	78	28	13	123	65	28	13	84	21	0	123	27	0	0	148	45	0	0	140	52	28	13	57	21	0	84	27	0	0	59	45	0	0	61	11	0	123	4	0	0	46	0	0	0	199	9	0	0	148	35	0	0	140	39	28	13	57	21	0	57	27	0	0	59	45	0	0	61	11	0	84	4	0	0	46	0	0	0	169	9	0	0	59	35	0	0	61	0	0	123	0	0	0	0	0	0	0	0	0	0	0	46	0	0	0	199	0	0	0	148	0	0	0	140	26	17	13	57	21	0	57	27	0	0	59	45	0	0	61	11	0	57	4	0	0	46	0	0	0	169	9	0	0	59	35	0	0	61	0	0	84	0	0	0	0	0	0	0	0	0	0	0	46	0	0	0	169	0	0	0	59	0	0	0	61	0	0	123	0	0	89	0	0	0	0	0	0	0	0	0	0	0	0	0	0	0	0	46	0	0	0	199	0	0	0	148	0	0	0	140
90	74	29	52	95	60	25	48	71	18	24	95	29	48	0	69	31	36	0	94	48	25	48	67	17	24	71	29	48	0	59	31	36	0	49	7	0	95	4	0	0	46	0	0	0	0	9	0	0	69	20	0	0	94	36	25	48	67	17	24	67	29	48	0	59	31	36	0	49	6	0	71	4	0	0	46	0	0	0	0	9	0	0	59	20	0	0	49	1	0	95	0	0	0	0	0	0	0	0	0	0	0	46	0	0	0	0	0	0	0	69	0	0	0	94	24	19	48	67	17	24	67	29	48	0	59	31	36	0	49	6	0	67	4	0	0	46	0	0	0	0	9	0	0	59	20	0	0	49	0	0	71	0	0	0	0	0	0	0	0	0	0	0	46	0	0	0	0	0	0	0	59	0	0	0	49	1	0	95	3	0	35	0	0	0	0	0	0	0	0	0	0	0	0	0	0	0	0	46	0	0	0	0	0	0	0	69	0	0	0	94
92	73	42	105	74	56	28	90	52	28	71	74	22	175	43	38	42	92	0	94	44	28	88	49	18	66	52	22	165	42	37	40	88	0	49	14	11	74	2	22	0	34	0	0	0	0	8	55	43	38	27	44	0	94	33	28	88	47	18	66	49	22	165	38	37	40	88	0	49	8	11	52	2	22	0	30	0	0	0	0	8	55	42	37	27	44	0	49	6	0	74	6	0	0	20	2	0	0	0	0	0	0	34	0	0	0	0	0	0	43	38	0	0	0	94	22	20	77	47	18	66	47	22	165	34	37	40	88	0	49	8	11	49	2	22	0	30	0	0	0	0	8	55	38	37	27	44	0	49	0	0	52	0	0	0	20	0	0	0	0	0	0	0	30	0	0	0	0	0	0	42	37	0	0	0	49	6	0	74	7	0	49	0	0	0	74	0	6	0	0	20	2	0	0	0	0	0	0	34	0	0	0	0	0	0	43	38	0	0	0	94
84	68	43	71	84	54	27	55	81	29	43	84	26	66	116	38	34	44	84	0	43	27	55	78	17	33	81	26	66	115	37	34	44	81	0	17	10	84	2	0	0	34	0	0	0	0	9	0	116	38	19	0	84	0	32	27	55	76	17	33	78	26	66	111	37	34	44	78	0	5	0	81	2	0	0	30	0	0	0	0	9	0	115	37	19	0	81	0	12	10	84	6	0	0	20	4	0	0	0	0	0	0	34	0	0	0	0	0	0	116	38	0	0	84	0	21	22	52	76	17	33	76	26	66	107	37	34	44	76	0	5	0	78	2	0	0	30	0	0	0	0	9	0	111	37	19	0	78	0	0	0	81	0	0	0	20	0	0	0	0	0	0	0	30	0	0	0	0	0	0	115	37	0	0	81	0	12	10	84	8	30	26	0	0	0	0	0	6	0	0	20	4	0	0	0	0	0	0	34	0	0	0	0	0	0	116	38	0	0	84	0
113	94	63	90	118	75	31	60	106	52	90	118	25	60	206	25	55	156	236	84	58	31	60	98	23	60	106	25	60	205	24	47	150	212	49	33	56	118	7	0	0	74	0	0	0	0	8	60	206	25	40	105	236	84	43	29	56	87	23	60	98	25	60	196	24	47	150	196	49	11	30	106	2	0	0	30	0	0	0	0	8	60	205	24	35	105	212	49	23	26	118	13	52	7	31	7	13	0	41	5	0	0	74	0	0	0	0	1	0	206	25	7	0	236	84	28	20	26	86	21	56	87	24	52	182	24	42	136	174	49	11	30	98	2	0	0	30	0	0	0	0	8	60	196	24	35	105	196	49	1	0	106	0	0	7	30	0	0	0	28	0	0	0	30	0	0	0	0	1	0	205	24	2	0	212	49	22	26	118	13	52	88	10	0	0	236	0	13	52	7	31	7	13	0	41	5	0	0	74	0	0	0	0	0	0	206	25	5	0	236	84
114	95	24	0	214	76	24	0	176	17	0	214	15	0	0	170	35	0	0	202	57	23	0	175	17	0	176	15	0	0	167	35	0	0	187	7	0	214	0	0	8	14	0	0	0	0	7	0	0	170	22	0	0	202	38	17	0	173	16	0	175	14	0	0	161	33	0	0	176	7	0	176	0	0	7	14	0	0	0	0	7	0	0	167	22	0	0	187	1	0	214	0	0	58	24	0	0	0	0	0	0	8	14	0	0	0	0	1	0	0	170	2	0	0	202	19	7	0	169	10	0	173	8	0	0	154	13	0	0	163	6	0	175	0	0	7	14	0	0	0	0	6	0	0	161	20	0	0	176	1	0	176	0	0	27	20	0	0	0	0	0	0	7	14	0	0	0	0	1	0	0	167	2	0	0	187	0	0	214	0	0	98	43	0	0	0	0	0	0	58	24	0	0	0	0	0	0	8	14	0	0	0	0	0	0	0	170	0	0	0	202
135	112	25	22	241	89	20	22	217	24	22	241	13	0	6	124	39	66	0	118	66	16	22	217	19	22	217	13	0	6	124	38	66	0	106	16	22	241	0	0	38	0	0	0	0	0	13	0	6	124	33	66	0	118	44	6	0	207	15	22	217	6	0	6	113	34	66	0	98	14	22	217	0	0	37	0	0	0	0	0	13	0	6	124	33	66	0	106	6	0	241	0	0	120	114	0	0	241	0	0	0	38	0	0	0	0	0	7	0	6	124	4	0	0	118	22	1	0	156	5	0	207	0	0	6	98	5	0	0	87	10	22	217	0	0	37	0	0	0	0	0	6	0	6	113	29	66	0	98	4	0	217	0	0	86	20	0	0	217	0	0	0	37	0	0	0	0	0	7	0	6	124	4	0	0	106	2	0	241	0	0	50	93	0	0	0	311	0	0	120	114	0	0	241	0	0	0	38	0	0	0	0	0	0	0	6	124	0	0	0	118
102	85	25	0	144	68	16	0	138	24	0	144	18	0	18	57	27	0	0	0	51	9	0	138	15	0	138	9	0	18	57	21	0	0	0	21	0	144	0	0	50	0	0	0	0	0	18	0	18	57	25	0	0	0	34	4	0	138	8	0	138	2	0	18	57	15	0	0	0	12	0	138	0	0	49	0	0	0	0	0	9	0	18	57	19	0	0	0	16	0	144	0	0	35	0	0	0	0	0	0	0	50	0	0	0	0	0	16	0	18	57	12	0	0	0	17	1	0	131	3	0	138	0	0	18	57	2	0	0	0	5	0	138	0	0	49	0	0	0	0	0	2	0	18	57	13	0	0	0	7	0	138	0	0	33	0	0	0	0	0	0	0	49	0	0	0	0	0	7	0	18	57	6	0	0	0	9	0	144	0	0	24	62	0	0	0	0	0	0	35	0	0	0	0	0	0	0	50	0	0	0	0	0	9	0	18	57	6	0	0	0
101	84	26	16	143	67	14	0	142	26	16	143	25	0	60	7	26	0	143	0	50	4	0	142	14	0	142	7	0	60	7	18	0	142	0	26	16	143	0	0	86	0	0	0	0	0	25	0	60	7	26	0	143	0	33	0	0	141	4	0	142	0	0	60	7	10	0	142	0	14	0	142	0	0	85	0	0	0	0	0	7	0	60	7	18	0	142	0	22	16	143	0	0	28	16	0	0	0	0	0	0	86	0	0	0	0	0	25	0	60	7	16	0	143	0	16	0	0	115	0	0	141	0	0	60	7	0	0	141	0	4	0	142	0	0	85	0	0	0	0	0	0	0	60	7	10	0	142	0	10	0	142	0	0	27	0	0	0	0	0	0	0	85	0	0	0	0	0	7	0	60	7	8	0	142	0	12	16	143	0	0	0	103	0	0	0	112	0	0	28	16	0	0	0	0	0	0	86	0	0	0	0	0	18	0	60	7	8	0	143	0
74	61	29	36	56	48	14	0	55	29	36	56	29	0	78	7	22	27	224	0	35	3	0	55	14	0	55	7	0	78	7	15	0	220	0	29	36	56	0	0	92	0	0	0	0	0	29	0	78	7	22	27	224	0	22	0	0	55	3	0	55	0	0	78	7	7	0	220	0	14	0	55	0	0	91	0	0	0	0	0	7	0	78	7	15	0	220	0	26	36	56	0	0	28	0	0	0	0	0	0	0	92	0	0	0	0	0	29	0	78	7	15	27	224	0	9	0	0	49	0	0	55	0	0	78	7	0	0	220	0	3	0	55	0	0	91	0	0	0	0	0	0	0	78	7	7	0	220	0	11	0	55	0	0	27	0	0	0	0	0	0	0	91	0	0	0	0	0	7	0	78	7	8	0	220	0	12	36	56	0	0	0	40	0	0	0	0	0	0	28	0	0	0	0	0	0	0	92	0	0	0	0	0	22	0	78	7	7	27	224	0
40	32	7	0	40	24	0	0	28	7	0	40	0	0	49	30	2	0	0	56	16	0	0	28	0	0	28	0	0	42	30	0	0	0	55	7	0	40	0	0	0	0	0	0	0	0	0	0	49	30	2	0	0	56	8	0	0	28	0	0	28	0	0	42	30	0	0	0	55	0	0	28	0	0	0	0	0	0	0	0	0	0	42	30	0	0	0	55	7	0	40	0	0	0	0	0	0	0	0	0	0	0	0	0	0	0	0	0	0	49	30	2	0	0	56	0	0	0	28	0	0	28	0	0	42	30	0	0	0	55	0	0	28	0	0	0	0	0	0	0	0	0	0	42	30	0	0	0	55	0	0	28	0	0	0	0	0	0	0	0	0	0	0	0	0	0	0	0	0	0	42	30	0	0	0	55	0	0	40	0	0	0	0	0	0	0	0	0	0	0	0	0	0	0	0	0	0	0	0	0	0	0	0	0	0	49	30	0	0	0	56
55	44	10	0	70	33	0	0	34	10	0	70	0	0	70	72	4	0	0	199	22	0	0	34	0	0	34	0	0	54	72	0	0	0	197	10	0	70	0	0	0	0	0	0	0	0	0	0	70	72	4	0	0	199	11	0	0	34	0	0	34	0	0	54	72	0	0	0	197	0	0	34	0	0	0	0	0	0	0	0	0	0	54	72	0	0	0	197	10	0	70	0	0	0	0	0	0	0	0	0	0	0	0	0	0	0	0	0	0	70	72	4	0	0	199	0	0	0	34	0	0	34	0	0	54	72	0	0	0	196	0	0	34	0	0	0	0	0	0	0	0	0	0	54	72	0	0	0	197	0	0	34	0	0	0	0	0	0	0	0	0	0	0	0	0	0	0	0	0	0	54	72	0	0	0	197	0	0	70	0	0	0	0	0	0	0	0	0	0	0	0	0	0	0	0	0	0	0	0	0	0	0	0	0	0	70	72	0	0	0	199
25	20	4	0	7	15	0	0	6	4	0	7	0	0	7	6	0	0	0	0	10	0	0	6	0	0	6	0	0	6	6	0	0	0	0	4	0	7	0	0	0	0	0	0	0	0	0	0	7	6	0	0	0	0	5	0	0	6	0	0	6	0	0	6	6	0	0	0	0	0	0	6	0	0	0	0	0	0	0	0	0	0	6	6	0	0	0	0	4	0	7	0	0	0	0	0	0	0	0	0	0	0	0	0	0	0	0	0	0	7	6	0	0	0	0	0	0	0	6	0	0	6	0	0	6	6	0	0	0	0	0	0	6	0	0	0	0	0	0	0	0	0	0	6	6	0	0	0	0	0	0	6	0	0	0	0	0	0	0	0	0	0	0	0	0	0	0	0	0	0	6	6	0	0	0	0	0	0	7	0	0	0	0	0	0	0	0	0	0	0	0	0	0	0	0	0	0	0	0	0	0	0	0	0	0	7	6	0	0	0	0
48	38	8	16	37	28	0	0	22	8	16	37	0	0	70	42	4	0	74	56	18	0	0	22	0	0	22	0	0	54	42	0	0	44	55	8	16	37	0	0	0	0	0	0	0	0	0	0	70	42	4	0	74	56	8	0	0	22	0	0	22	0	0	54	42	0	0	44	55	0	0	22	0	0	0	0	0	0	0	0	0	0	54	42	0	0	44	55	8	16	37	0	0	0	0	0	0	0	0	0	0	0	0	0	0	0	0	0	0	70	42	4	0	74	56	0	0	0	22	0	0	22	0	0	54	42	0	0	44	55	0	0	22	0	0	0	0	0	0	0	0	0	0	54	42	0	0	44	55	0	0	22	0	0	0	0	0	0	0	0	0	0	0	0	0	0	0	0	0	0	54	42	0	0	44	55	0	0	37	0	0	0	0	0	0	0	0	0	0	0	0	0	0	0	0	0	0	0	0	0	0	0	0	0	0	70	42	0	0	74	56
34	27	5	6	16	20	0	0	4	5	6	16	0	0	21	12	2	0	16	56	13	0	0	4	0	0	4	0	0	12	12	0	0	4	55	5	6	16	0	0	0	0	0	0	0	0	0	0	21	12	2	0	16	56	6	0	0	4	0	0	4	0	0	12	12	0	0	4	55	0	0	4	0	0	0	0	0	0	0	0	0	0	12	12	0	0	4	55	5	6	16	0	0	0	0	0	0	0	0	0	0	0	0	0	0	0	0	0	0	21	12	2	0	16	56	0	0	0	4	0	0	4	0	0	12	12	0	0	4	55	0	0	4	0	0	0	0	0	0	0	0	0	0	12	12	0	0	4	55	0	0	4	0	0	0	0	0	0	0	0	0	0	0	0	0	0	0	0	0	0	12	12	0	0	4	55	0	0	16	0	0	0	0	0	0	0	0	0	0	0	0	0	0	0	0	0	0	0	0	0	0	0	0	0	0	21	12	0	0	16	56
36	27	6	0	67	18	0	0	49	6	0	67	0	0	28	91	11	0	0	37	9	0	0	39	0	0	49	0	0	28	72	0	0	0	22	6	0	67	0	0	0	82	0	0	0	0	0	0	28	91	11	0	0	37	0	0	0	39	0	0	39	0	0	20	72	0	0	0	22	0	0	49	0	0	0	82	0	0	0	0	0	0	28	72	0	0	0	22	0	0	67	0	0	0	0	0	0	0	0	0	0	0	82	0	0	0	0	0	0	28	91	0	0	0	37	0	0	0	39	0	0	39	0	0	20	72	0	0	0	22	0	0	39	0	0	0	82	0	0	0	0	0	0	20	72	0	0	0	22	0	0	49	0	0	0	0	0	0	0	0	0	0	0	82	0	0	0	0	0	0	28	72	0	0	0	22	0	0	0	0	0	0	0	0	0	0	0	0	0	0	0	0	0	0	0	0	0	0	82	0	0	0	0	0	0	0	91	0	0	0	37
42	31	14	18	61	20	0	0	55	14	18	61	0	0	41	63	24	36	122	0	9	0	0	41	0	0	55	0	0	41	48	0	0	110	0	10	18	61	0	0	0	116	0	0	0	0	0	0	41	63	23	36	122	0	0	0	0	40	0	0	41	0	0	28	48	0	0	82	0	0	0	55	0	0	0	111	0	0	0	0	0	0	41	48	0	0	110	0	0	0	61	0	0	0	7	0	0	0	0	0	0	0	116	0	0	0	0	0	0	41	63	0	0	122	0	0	0	0	40	0	0	40	0	0	27	48	0	0	80	0	0	0	41	0	0	0	111	0	0	0	0	0	0	28	48	0	0	82	0	0	0	55	0	0	0	7	0	0	0	0	0	0	0	111	0	0	0	0	0	0	41	48	0	0	110	0	0	0	0	0	0	0	0	0	0	0	0	0	0	0	7	0	0	0	0	0	0	0	116	0	0	0	0	0	0	0	63	0	0	0	0
26	19	10	10	7	12	0	0	7	10	10	7	0	0	0	0	17	15	14	0	5	0	0	7	0	0	7	0	0	0	0	0	0	14	0	7	10	7	0	0	0	0	0	0	0	0	0	0	0	0	17	15	14	0	0	0	0	7	0	0	7	0	0	0	0	0	0	14	0	0	0	7	0	0	0	0	0	0	0	0	0	0	0	0	0	0	14	0	0	0	7	0	0	0	0	0	0	0	0	0	0	0	0	0	0	0	0	0	0	0	0	0	0	14	0	0	0	0	7	0	0	7	0	0	0	0	0	0	14	0	0	0	7	0	0	0	0	0	0	0	0	0	0	0	0	0	0	14	0	0	0	7	0	0	0	0	0	0	0	0	0	0	0	0	0	0	0	0	0	0	0	0	0	0	14	0	0	0	0	0	0	0	0	0	0	0	0	0	0	0	0	0	0	0	0	0	0	0	0	0	0	0	0	0	0	0	0	0	0	0	0
32	24	6	0	55	16	0	0	35	6	0	55	0	0	28	63	11	0	0	53	8	0	0	26	0	0	35	0	0	28	48	0	0	0	26	6	0	55	0	0	0	76	0	0	0	0	0	0	28	63	11	0	0	53	0	0	0	26	0	0	26	0	0	20	48	0	0	0	26	0	0	35	0	0	0	76	0	0	0	0	0	0	28	48	0	0	0	26	0	0	55	0	0	0	0	0	0	0	0	0	0	0	76	0	0	0	0	0	0	28	63	0	0	0	53	0	0	0	26	0	0	26	0	0	20	48	0	0	0	26	0	0	26	0	0	0	76	0	0	0	0	0	0	20	48	0	0	0	26	0	0	35	0	0	0	0	0	0	0	0	0	0	0	76	0	0	0	0	0	0	28	48	0	0	0	26	0	0	0	0	0	0	0	0	0	0	0	0	0	0	0	0	0	0	0	0	0	0	76	0	0	0	0	0	0	0	63	0	0	0	53
23	16	17	10	0	9	0	0	0	17	10	0	0	0	0	0	11	26	0	0	2	0	0	0	0	0	0	0	0	0	0	0	0	0	0	4	10	0	0	0	0	0	0	0	0	0	0	0	0	0	7	26	0	0	0	0	0	0	0	0	0	0	0	0	0	0	0	0	0	0	0	0	0	0	0	0	0	0	0	0	0	0	0	0	0	0	0	0	0	0	0	0	0	0	0	0	0	0	0	0	0	0	0	0	0	0	0	0	0	0	0	0	0	0	0	0	0	0	0	0	0	0	0	0	0	0	0	0	0	0	0	0	0	0	0	0	0	0	0	0	0	0	0	0	0	0	0	0	0	0	0	0	0	0	0	0	0	0	0	0	0	0	0	0	0	0	0	0	0	0	0	0	0	0	0	0	0	0	0	0	0	0	0	0	0	0	0	0	0	0	0	0	0	0	0	0	0	0	0	0	0	0	0	0	0	0	0	0	0	0	0
59	38	23	68	171	17	3	0	169	18	68	171	12	0	99	0	10	34	684	0	0	0	0	169	0	0	169	0	0	99	0	0	0	676	0	0	0	171	0	0	29	0	0	0	0	0	0	0	99	0	0	0	684	0	0	0	0	164	0	0	169	0	0	99	0	0	0	676	0	0	0	169	0	0	29	0	0	0	0	0	0	0	99	0	0	0	676	0	0	0	0	0	0	0	74	0	0	0	0	0	0	0	0	0	0	0	0	0	0	0	0	0	0	0	0	0	0	0	121	0	0	164	0	0	95	0	0	0	656	0	0	0	169	0	0	29	0	0	0	0	0	0	0	99	0	0	0	676	0	0	0	0	0	0	0	41	0	0	0	0	0	0	0	0	0	0	0	0	0	0	0	0	0	0	0	0	0	0	0	0	0	0	205	0	0	0	192	0	0	0	74	0	0	0	0	0	0	0	0	0	0	0	0	0	0	0	0	0	0	0	0
38	25	12	12	82	12	0	0	63	12	12	82	0	0	0	42	4	0	82	68	0	0	0	63	0	0	63	0	0	0	42	0	0	63	62	0	0	82	0	0	0	0	0	0	0	0	0	0	0	42	0	0	82	68	0	0	0	58	0	0	63	0	0	0	30	0	0	63	48	0	0	63	0	0	0	0	0	0	0	0	0	0	0	42	0	0	63	62	0	0	0	0	0	0	54	0	0	0	0	0	0	0	0	0	0	0	0	0	0	0	42	0	0	0	68	0	0	0	56	0	0	58	0	0	0	30	0	0	58	47	0	0	63	0	0	0	0	0	0	0	0	0	0	0	30	0	0	63	48	0	0	0	0	0	0	53	0	0	0	0	0	0	0	0	0	0	0	0	0	0	0	42	0	0	0	62	0	0	0	0	0	0	21	0	0	0	0	0	0	0	54	0	0	0	0	0	0	0	0	0	0	0	0	0	0	0	0	0	0	0	0
42	27	15	36	104	12	0	0	89	14	36	104	0	0	50	55	7	12	312	61	0	0	0	89	0	0	89	0	0	50	55	0	0	267	55	0	0	104	0	0	0	0	0	0	0	0	0	0	50	55	0	0	312	61	0	0	0	52	0	0	89	0	0	50	38	0	0	267	41	0	0	89	0	0	0	0	0	0	0	0	0	0	50	55	0	0	267	55	0	0	0	0	0	0	141	0	0	0	241	0	0	0	0	0	0	0	0	0	0	0	55	0	0	0	61	0	0	0	36	0	0	52	0	0	40	37	0	0	156	40	0	0	89	0	0	0	0	0	0	0	0	0	0	50	38	0	0	267	41	0	0	0	0	0	0	106	0	0	0	217	0	0	0	0	0	0	0	0	0	0	0	55	0	0	0	55	0	0	0	0	0	0	26	0	0	0	118	0	0	0	141	0	0	0	241	0	0	0	0	0	0	0	0	0	0	0	0	0	0	0	0
31	20	14	18	31	9	1	0	24	13	18	31	2	0	14	0	5	0	62	7	0	0	0	24	0	0	24	0	0	14	0	0	0	48	7	0	0	31	0	0	7	0	0	0	0	0	0	0	14	0	0	0	62	7	0	0	0	24	0	0	24	0	0	14	0	0	0	48	7	0	0	24	0	0	7	0	0	0	0	0	0	0	14	0	0	0	48	7	0	0	0	0	0	0	0	0	0	0	0	0	0	0	0	0	0	0	0	0	0	0	0	0	0	0	7	0	0	0	17	0	0	24	0	0	14	0	0	0	48	7	0	0	24	0	0	7	0	0	0	0	0	0	0	14	0	0	0	48	7	0	0	0	0	0	0	0	0	0	0	0	0	0	0	0	0	0	0	0	0	0	0	0	0	0	0	7	0	0	0	0	0	0	35	0	0	0	0	0	0	0	0	0	0	0	0	0	0	0	0	0	0	0	0	0	0	0	0	0	0	0	0
21	13	11	15	2	5	0	0	0	10	15	2	0	0	0	0	3	5	6	0	0	0	0	0	0	0	0	0	0	0	0	0	0	0	0	0	0	2	0	0	0	0	0	0	0	0	0	0	0	0	0	0	6	0	0	0	0	0	0	0	0	0	0	0	0	0	0	0	0	0	0	0	0	0	0	0	0	0	0	0	0	0	0	0	0	0	0	0	0	0	0	0	0	0	0	0	0	0	0	0	0	0	0	0	0	0	0	0	0	0	0	0	0	0	0	0	0	0	0	0	0	0	0	0	0	0	0	0	0	0	0	0	0	0	0	0	0	0	0	0	0	0	0	0	0	0	0	0	0	0	0	0	0	0	0	0	0	0	0	0	0	0	0	0	0	0	0	0	0	0	0	0	0	0	0	0	0	0	0	0	0	0	0	0	0	0	0	0	0	0	0	0	0	0	0	0	0	0	0	0	0	0	0	0	0	0	0	0	0	0	0
20	9	12	18	90	0	0	0	87	0	0	90	0	0	126	41	0	0	180	0	0	0	0	87	0	0	87	0	0	124	41	0	0	174	0	0	0	0	0	0	0	0	0	0	0	0	0	0	0	41	0	0	0	0	0	0	0	87	0	0	87	0	0	124	41	0	0	174	0	0	0	0	0	0	0	0	0	0	0	0	0	0	0	41	0	0	0	0	0	0	0	0	0	0	0	0	0	0	0	0	0	0	0	0	0	0	0	0	0	0	0	0	0	0	0	0	0	0	82	0	0	87	0	0	124	37	0	0	174	0	0	0	0	0	0	0	0	0	0	0	0	0	0	0	41	0	0	0	0	0	0	0	0	0	0	0	0	0	0	0	0	0	0	0	0	0	0	0	0	0	0	0	0	0	0	0	0	0	0	0	0	0	54	0	0	0	0	0	0	0	0	0	0	0	0	0	0	0	0	0	0	0	0	0	0	0	0	0	0	0	0
18	9	4	0	66	0	0	0	21	0	0	66	0	0	24	21	0	0	0	308	0	0	0	21	0	0	21	0	0	22	21	0	0	0	282	0	0	0	0	0	0	0	0	0	0	0	0	0	0	21	0	0	0	308	0	0	0	21	0	0	21	0	0	22	21	0	0	0	282	0	0	0	0	0	0	0	0	0	0	0	0	0	0	21	0	0	0	282	0	0	0	0	0	0	0	0	0	0	0	0	0	0	0	0	0	0	0	0	0	0	0	0	0	0	0	0	0	0	18	0	0	21	0	0	22	18	0	0	0	240	0	0	0	0	0	0	0	0	0	0	0	0	0	0	21	0	0	0	282	0	0	0	0	0	0	0	0	0	0	0	0	0	0	0	0	0	0	0	0	0	0	0	0	0	0	0	0	0	0	0	0	0	21	0	0	0	0	0	0	0	0	0	0	0	0	0	0	0	0	0	0	0	0	0	0	0	0	0	0	0	0
27	13	8	13	107	0	0	0	67	0	0	107	0	0	55	65	0	0	107	277	0	0	0	67	0	0	67	0	0	51	65	0	0	67	258	0	0	0	0	0	0	0	0	0	0	0	0	0	0	65	0	0	0	277	0	0	0	67	0	0	67	0	0	51	65	0	0	67	258	0	0	0	0	0	0	0	0	0	0	0	0	0	0	65	0	0	0	258	0	0	0	0	0	0	0	0	0	0	0	0	0	0	0	0	0	0	0	0	0	0	0	0	0	0	0	0	0	0	58	0	0	67	0	0	51	58	0	0	67	216	0	0	0	0	0	0	0	0	0	0	0	0	0	0	65	0	0	0	258	0	0	0	0	0	0	0	0	0	0	0	0	0	0	0	0	0	0	0	0	0	0	0	0	0	0	0	0	0	0	0	0	0	87	0	0	0	0	0	0	0	0	0	0	0	0	0	0	0	0	0	0	0	0	0	0	0	0	0	0	0	0
20	10	5	0	76	0	0	0	18	0	0	76	0	0	33	25	0	0	0	390	0	0	0	18	0	0	18	0	0	29	25	0	0	0	345	0	0	0	0	0	0	0	0	0	0	0	0	0	0	25	0	0	0	390	0	0	0	18	0	0	18	0	0	29	25	0	0	0	345	0	0	0	0	0	0	0	0	0	0	0	0	0	0	25	0	0	0	345	0	0	0	0	0	0	0	0	0	0	0	0	0	0	0	0	0	0	0	0	0	0	0	0	0	0	0	0	0	0	18	0	0	18	0	0	29	25	0	0	0	298	0	0	0	0	0	0	0	0	0	0	0	0	0	0	25	0	0	0	345	0	0	0	0	0	0	0	0	0	0	0	0	0	0	0	0	0	0	0	0	0	0	0	0	0	0	0	0	0	0	0	0	0	0	0	0	0	0	0	0	0	0	0	0	0	0	0	0	0	0	0	0	0	0	0	0	0	0	0	0	0	0
17	8	9	8	52	0	0	0	34	0	0	52	0	0	70	11	0	0	52	171	0	0	0	34	0	0	34	0	0	68	11	0	0	34	169	0	0	0	0	0	0	0	0	0	0	0	0	0	0	11	0	0	0	171	0	0	0	34	0	0	34	0	0	68	11	0	0	34	169	0	0	0	0	0	0	0	0	0	0	0	0	0	0	11	0	0	0	169	0	0	0	0	0	0	0	0	0	0	0	0	0	0	0	0	0	0	0	0	0	0	0	0	0	0	0	0	0	0	33	0	0	34	0	0	68	11	0	0	34	164	0	0	0	0	0	0	0	0	0	0	0	0	0	0	11	0	0	0	169	0	0	0	0	0	0	0	0	0	0	0	0	0	0	0	0	0	0	0	0	0	0	0	0	0	0	0	0	0	0	0	0	0	10	0	0	0	0	0	0	0	0	0	0	0	0	0	0	0	0	0	0	0	0	0	0	0	0	0	0	0	0
15	0	0	0	205	0	0	0	183	0	0	0	0	0	0	155	0	0	0	90	0	0	0	182	0	0	0	0	0	0	150	0	0	0	87	0	0	0	0	0	0	11	0	0	0	0	0	0	0	0	0	0	0	0	0	0	0	182	0	0	0	0	0	0	150	0	0	0	87	0	0	0	0	0	0	11	0	0	0	0	0	0	0	0	0	0	0	0	0	0	0	0	0	0	0	0	0	0	0	0	0	0	0	0	0	0	0	0	0	0	0	0	0	0	0	0	0	0	182	0	0	0	0	0	0	150	0	0	0	87	0	0	0	0	0	0	11	0	0	0	0	0	0	0	0	0	0	0	0	0	0	0	0	0	0	0	0	0	0	0	0	0	0	0	0	0	0	0	0	0	0	0	0	0	0	0	0	0	0	0	0	0	0	0	0	0	0	0	0	0	0	0	0	0	0	0	0	0	0	0	0	0	0	0	0	0	0	0	0	0	0
12	0	0	0	148	0	0	0	105	0	0	0	0	0	0	153	0	0	0	249	0	0	0	102	0	0	0	0	0	0	144	0	0	0	188	0	0	0	0	0	0	25	0	0	0	0	0	0	0	0	0	0	0	0	0	0	0	102	0	0	0	0	0	0	144	0	0	0	188	0	0	0	0	0	0	25	0	0	0	0	0	0	0	0	0	0	0	0	0	0	0	0	0	0	0	0	0	0	0	0	0	0	0	0	0	0	0	0	0	0	0	0	0	0	0	0	0	0	102	0	0	0	0	0	0	144	0	0	0	188	0	0	0	0	0	0	25	0	0	0	0	0	0	0	0	0	0	0	0	0	0	0	0	0	0	0	0	0	0	0	0	0	0	0	0	0	0	0	0	0	0	0	0	0	0	0	0	0	0	0	0	0	0	0	0	0	0	0	0	0	0	0	0	0	0	0	0	0	0	0	0	0	0	0	0	0	0	0	0	0	0
