380	374	34	13	0	368	30	11	0	34	13	0	18	4	0	0	34	14	0	0	362	30	11	0	30	11	0	18	4	0	0	34	14	0	0	34	13	0	0	0	0	0	0	0	0	0	18	4	0	0	34	14	0	0	356	30	11	0	30	11	0	18	4	0	0	34	14	0	0	30	11	0	0	0	0	0	0	0	0	0	18	4	0	0	34	14	0	0	34	13	0	0	0	0	0	0	0	0	0	0	0	0	0	0	0	0	0	18	4	0	0	34	14	0	0	350	29	9	0	30	11	0	18	4	0	0	34	14	0	0	30	11	0	0	0	0	0	0	0	0	0	18	4	0	0	34	14	0	0	30	11	0	0	0	0	0	0	0	0	0	0	0	0	0	0	0	0	0	18	4	0	0	34	14	0	0	34	13	0	0	0	0	0	0	0	0	0	0	0	0	0	0	0	0	0	0	0	0	0	0	0	0	0	18	4	0	0	34	14	0	0
654	642	64	60	0	630	52	55	0	64	60	0	32	26	0	0	65	90	0	0	618	52	55	0	52	55	0	32	26	0	0	54	89	0	0	64	60	0	0	0	0	0	6	0	0	0	32	26	0	0	65	90	0	0	606	52	55	0	52	55	0	32	26	0	0	54	89	0	0	52	55	0	0	0	0	0	1	0	0	0	32	26	0	0	54	89	0	0	64	60	0	1	0	0	0	1	0	0	0	0	0	0	0	6	0	0	0	32	26	0	0	65	90	0	0	594	50	52	0	52	55	0	32	26	0	0	54	89	0	0	52	55	0	0	0	0	0	1	0	0	0	32	26	0	0	54	89	0	0	52	55	0	0	0	0	0	0	0	0	0	0	0	0	0	1	0	0	0	32	26	0	0	54	89	0	0	64	60	0	5	0	0	0	3	0	0	0	1	0	0	0	1	0	0	0	0	0	0	0	6	0	0	0	32	26	0	0	65	90	0	0
892	877	95	86	0	862	83	78	0	95	86	0	69	64	0	0	110	92	0	0	847	83	78	0	83	78	0	69	64	0	0	102	92	0	0	95	86	0	15	0	0	0	8	0	0	0	69	64	0	0	110	92	0	0	832	83	78	0	83	78	0	69	64	0	0	102	92	0	0	83	78	0	15	0	0	0	4	0	0	0	69	64	0	0	102	92	0	0	95	86	0	8	0	0	0	4	0	0	0	15	0	0	0	8	0	0	0	69	64	0	0	110	92	0	0	817	80	78	0	83	78	0	69	64	0	0	102	92	0	0	83	78	0	15	0	0	0	4	0	0	0	69	64	0	0	102	92	0	0	83	78	0	7	0	0	0	2	0	0	0	15	0	0	0	4	0	0	0	69	64	0	0	102	92	0	0	95	86	0	29	0	0	0	19	0	0	0	8	0	0	0	4	0	0	0	15	0	0	0	8	0	0	0	69	64	0	0	110	92	0	0
971	955	121	101	0	939	105	84	0	121	101	0	93	110	0	0	146	89	0	0	923	103	84	0	105	84	0	87	110	0	0	130	74	0	0	121	101	0	26	0	0	0	9	6	0	0	93	110	0	0	146	89	0	0	907	102	83	0	103	84	0	85	110	0	0	125	74	0	0	105	84	0	23	0	0	0	7	0	0	0	87	110	0	0	130	74	0	0	121	101	0	20	3	0	0	7	3	0	0	26	0	0	0	9	6	0	0	93	110	0	0	146	89	0	0	891	98	75	0	102	83	0	82	105	0	0	122	71	0	0	103	84	0	17	0	0	0	5	0	0	0	85	110	0	0	125	74	0	0	105	84	0	11	0	0	0	4	0	0	0	23	0	0	0	7	0	0	0	87	110	0	0	130	74	0	0	121	101	0	38	15	0	0	29	9	0	0	20	3	0	0	7	3	0	0	26	0	0	0	9	6	0	0	93	110	0	0	146	89	0	0
1183	1163	156	172	0	1143	128	145	0	156	172	0	128	247	0	0	215	256	0	0	1123	123	135	0	128	145	0	112	223	0	0	177	228	0	0	156	172	0	25	108	0	0	21	35	0	0	128	247	0	0	215	256	0	0	1103	121	130	0	123	135	0	110	217	0	0	164	214	0	0	128	145	0	20	106	0	0	16	29	0	0	112	223	0	0	177	228	0	0	156	172	0	32	48	0	0	18	11	0	0	25	108	0	0	21	35	0	0	128	247	0	0	215	256	0	0	1083	108	114	0	121	130	0	106	199	0	0	157	202	0	0	123	135	0	12	98	0	0	13	28	0	0	110	217	0	0	164	214	0	0	128	145	0	11	45	0	0	11	9	0	0	20	106	0	0	16	29	0	0	112	223	0	0	177	228	0	0	156	172	0	49	91	0	0	35	85	0	0	32	48	0	0	18	11	0	0	25	108	0	0	21	35	0	0	128	247	0	0	215	256	0	0
1305	1284	193	182	5	1263	155	150	0	193	182	5	132	142	0	0	294	243	15	0	1242	151	129	0	155	150	0	119	94	0	0	218	159	0	0	193	182	5	29	83	0	0	33	16	10	0	132	142	0	0	294	243	15	0	1221	150	111	0	151	129	0	119	63	0	0	214	119	0	0	155	150	0	29	46	0	0	26	10	0	0	119	94	0	0	218	159	0	0	193	182	5	38	77	3	0	30	0	5	0	29	83	0	0	33	16	10	0	132	142	0	0	294	243	15	0	1200	129	90	0	150	111	0	114	30	0	0	211	95	0	0	151	129	0	23	10	0	0	25	0	0	0	119	63	0	0	214	119	0	0	155	150	0	20	20	0	0	20	0	0	0	29	46	0	0	26	10	0	0	119	94	0	0	218	159	0	0	193	182	5	77	30	23	0	43	102	15	0	38	77	3	0	30	0	5	0	29	83	0	0	33	16	10	0	132	142	0	0	294	243	15	0
1061	1043	163	137	2	1025	130	121	0	163	137	2	134	108	0	0	290	183	2	0	1007	123	121	0	130	121	0	112	108	0	0	210	167	0	0	163	137	2	47	0	0	0	29	35	0	0	134	108	0	0	290	183	2	0	989	118	119	0	123	121	0	110	108	0	0	191	167	0	0	130	121	0	44	0	0	0	27	35	0	0	112	108	0	0	210	167	0	0	163	137	2	61	8	0	0	29	60	0	0	47	0	0	0	29	35	0	0	134	108	0	0	290	183	2	0	971	99	101	0	118	119	0	107	104	0	0	172	164	0	0	123	121	0	30	0	0	0	23	35	0	0	110	108	0	0	191	167	0	0	130	121	0	29	0	0	0	19	44	0	0	44	0	0	0	27	35	0	0	112	108	0	0	210	167	0	0	163	137	2	86	80	8	0	46	75	4	0	61	8	0	0	29	60	0	0	47	0	0	0	29	35	0	0	134	108	0	0	290	183	2	0
994	978	146	99	0	962	116	75	0	146	99	0	110	48	0	0	278	96	0	0	946	112	75	0	116	75	0	96	48	0	0	202	36	0	0	146	99	0	37	0	0	0	44	0	0	0	110	48	0	0	278	96	0	0	930	107	75	0	112	75	0	94	48	0	0	193	36	0	0	116	75	0	34	0	0	0	36	0	0	0	96	48	0	0	202	36	0	0	146	99	0	38	0	0	0	19	56	0	0	37	0	0	0	44	0	0	0	110	48	0	0	278	96	0	0	914	93	60	0	107	75	0	91	48	0	0	174	36	0	0	112	75	0	22	0	0	0	33	0	0	0	94	48	0	0	193	36	0	0	116	75	0	14	0	0	0	13	48	0	0	34	0	0	0	36	0	0	0	96	48	0	0	202	36	0	0	146	99	0	48	60	0	0	35	49	0	0	38	0	0	0	19	56	0	0	37	0	0	0	44	0	0	0	110	48	0	0	278	96	0	0
1204	1185	152	153	0	1166	112	123	0	152	153	0	97	92	0	0	242	226	0	0	1147	107	105	0	112	123	0	80	60	0	0	151	158	0	0	152	153	0	28	104	0	0	38	38	0	0	97	92	0	0	242	226	0	0	1128	106	86	0	107	105	0	78	48	0	0	145	127	0	0	112	123	0	25	74	0	0	30	34	0	0	80	60	0	0	151	158	0	0	152	153	0	20	110	0	0	22	0	0	0	28	104	0	0	38	38	0	0	97	92	0	0	242	226	0	0	1109	95	62	0	106	86	0	75	24	0	0	142	103	0	0	107	105	0	19	46	0	0	28	26	0	0	78	48	0	0	145	127	0	0	112	123	0	8	46	0	0	18	0	0	0	25	74	0	0	30	34	0	0	80	60	0	0	151	158	0	0	152	153	0	71	84	0	0	45	69	0	0	20	110	0	0	22	0	0	0	28	104	0	0	38	38	0	0	97	92	0	0	242	226	0	0
1067	1050	115	117	0	1033	70	88	0	115	117	0	70	162	0	0	217	266	0	0	1016	65	73	0	70	88	0	49	126	0	0	111	186	0	0	114	117	0	23	111	0	0	46	36	0	0	70	162	0	0	214	266	0	0	999	64	70	0	65	73	0	48	126	0	0	104	151	0	0	69	88	0	18	102	0	0	34	26	0	0	49	126	0	0	108	186	0	0	114	117	0	20	30	0	0	10	10	0	0	23	111	0	0	46	36	0	0	70	162	0	0	214	266	0	0	982	55	50	0	64	70	0	48	126	0	0	103	148	0	0	64	73	0	12	90	0	0	33	18	0	0	48	126	0	0	101	151	0	0	69	88	0	7	18	0	0	9	6	0	0	18	102	0	0	34	26	0	0	49	126	0	0	108	186	0	0	114	117	0	27	56	0	0	18	32	0	0	20	30	0	0	10	10	0	0	23	111	0	0	46	36	0	0	70	162	0	0	214	266	0	0
906	889	140	110	13	872	104	87	0	140	110	13	80	28	18	0	241	221	39	5	855	101	87	0	104	87	0	73	28	0	0	171	174	0	0	140	110	13	38	0	5	0	46	14	0	0	80	28	18	0	241	221	39	5	838	94	87	0	101	87	0	70	28	0	0	168	174	0	0	104	87	0	22	0	0	0	33	0	0	0	73	28	0	0	171	174	0	0	140	110	13	25	0	27	0	15	15	0	0	38	0	5	0	46	14	0	0	80	28	18	0	241	221	39	5	821	86	87	0	94	87	0	58	28	0	0	162	174	0	0	101	87	0	20	0	0	0	33	0	0	0	70	28	0	0	168	174	0	0	104	87	0	16	0	0	0	11	14	0	0	22	0	0	0	33	0	0	0	73	28	0	0	171	174	0	0	138	110	13	12	0	30	0	27	0	0	0	25	0	27	0	15	15	0	0	38	0	5	0	46	14	0	0	80	28	18	0	233	221	39	5
1049	1032	144	94	19	1015	110	57	0	144	94	19	93	13	18	0	222	216	76	7	998	105	57	0	110	57	0	78	13	0	0	159	124	0	0	144	94	19	35	0	5	0	39	44	0	0	93	13	18	0	222	216	76	7	981	97	57	0	105	57	0	75	13	0	0	155	124	0	0	110	57	0	23	0	0	0	30	26	0	0	78	13	0	0	159	124	0	0	144	94	19	16	0	35	0	18	0	0	0	35	0	5	0	39	44	0	0	93	13	18	0	222	216	76	7	964	83	57	0	97	57	0	59	13	0	0	146	124	0	0	105	57	0	21	0	0	0	30	26	0	0	75	13	0	0	155	124	0	0	110	57	0	7	0	0	0	14	0	0	0	23	0	0	0	30	26	0	0	78	13	0	0	159	124	0	0	144	94	19	20	0	46	0	34	0	0	0	16	0	35	0	18	0	0	0	35	0	5	0	39	44	0	0	93	13	18	0	222	216	76	7
1176	1157	150	131	15	1138	110	87	0	150	131	15	95	52	18	0	244	275	75	5	1119	103	87	0	110	87	0	75	52	0	0	173	151	0	0	149	131	15	38	0	5	0	39	68	0	0	95	52	18	0	241	275	75	5	1100	97	87	0	103	87	0	72	52	0	0	168	151	0	0	109	87	0	26	0	0	0	31	44	0	0	75	52	0	0	170	151	0	0	149	131	15	16	0	27	0	15	0	0	0	38	0	5	0	39	68	0	0	95	52	18	0	241	275	75	5	1081	85	87	0	97	87	0	60	52	0	0	162	151	0	0	102	87	0	24	0	0	0	31	44	0	0	72	52	0	0	165	151	0	0	109	87	0	7	0	0	0	11	0	0	0	26	0	0	0	31	44	0	0	75	52	0	0	170	151	0	0	149	131	15	12	0	38	0	25	0	0	0	16	0	27	0	15	0	0	0	38	0	5	0	39	68	0	0	95	52	18	0	241	275	75	5
681	670	97	34	10	659	77	27	0	97	34	10	68	0	8	0	175	34	10	0	648	76	26	0	77	27	0	68	0	0	0	131	27	0	0	96	34	10	28	8	0	0	41	10	0	0	68	0	8	0	172	34	10	0	637	73	25	0	76	26	0	68	0	0	0	130	24	0	0	76	27	0	22	8	0	0	32	10	0	0	68	0	0	0	128	27	0	0	96	34	10	10	7	12	0	9	0	0	0	28	8	0	0	41	10	0	0	68	0	8	0	172	34	10	0	626	62	18	0	73	25	0	62	0	0	0	127	24	0	0	75	26	0	22	8	0	0	32	10	0	0	68	0	0	0	127	24	0	0	76	27	0	6	0	0	0	9	0	0	0	22	8	0	0	32	10	0	0	68	0	0	0	128	27	0	0	96	34	10	8	0	28	0	18	16	10	0	10	7	12	0	9	0	0	0	28	8	0	0	41	10	0	0	68	0	8	0	172	34	10	0
918	899	142	144	6	880	105	120	0	142	144	6	108	125	0	0	308	264	12	0	861	95	120	0	105	120	0	82	125	0	0	216	225	0	0	138	144	6	28	0	0	0	33	108	0	0	108	125	0	0	299	264	12	0	842	94	120	0	95	120	0	79	125	0	0	197	225	0	0	101	120	0	25	0	0	0	21	90	0	0	82	125	0	0	207	225	0	0	132	144	6	4	0	0	0	12	10	0	0	28	0	0	0	33	108	0	0	102	125	0	0	279	264	12	0	823	86	120	0	94	120	0	79	125	0	0	196	225	0	0	91	120	0	25	0	0	0	21	90	0	0	79	125	0	0	188	225	0	0	95	120	0	3	0	0	0	12	10	0	0	25	0	0	0	21	90	0	0	76	125	0	0	187	225	0	0	128	144	6	4	0	20	0	23	0	0	0	4	0	0	0	12	10	0	0	28	0	0	0	33	108	0	0	99	125	0	0	263	264	12	0
974	956	124	109	38	938	89	89	5	124	109	38	64	18	8	15	181	258	76	53	920	84	80	0	89	89	5	53	0	5	0	133	204	10	0	124	109	38	7	0	24	0	29	0	38	5	64	18	8	15	181	258	76	53	902	81	80	0	84	80	0	47	0	0	0	130	204	0	0	89	89	5	1	0	15	0	22	0	5	0	53	0	5	0	133	204	10	0	124	109	38	1	0	16	0	12	14	0	0	7	0	24	0	29	0	38	5	64	18	8	15	181	258	76	53	884	81	80	0	81	80	0	47	0	0	0	130	204	0	0	84	80	0	1	0	0	0	22	0	0	0	47	0	0	0	130	204	0	0	89	89	5	1	0	10	0	6	14	0	0	1	0	15	0	22	0	5	0	53	0	5	0	133	204	10	0	124	109	38	7	0	0	0	8	0	0	0	1	0	16	0	12	14	0	0	7	0	24	0	29	0	38	5	64	18	8	15	181	258	76	53
1017	1001	100	81	40	985	74	49	9	100	81	40	49	54	8	31	141	143	120	47	969	64	39	0	74	49	9	31	26	5	0	106	78	27	0	100	81	40	6	13	48	0	14	26	40	5	49	54	8	31	141	143	120	47	953	60	38	0	64	39	0	19	26	0	0	99	78	0	0	74	49	9	4	13	27	0	14	26	9	0	31	26	5	0	106	78	27	0	100	81	40	3	12	32	0	4	0	0	0	6	13	48	0	14	26	40	5	49	54	8	31	141	143	120	47	937	60	34	0	60	38	0	19	25	0	0	99	74	0	0	64	39	0	4	13	0	0	14	26	0	0	19	26	0	0	99	78	0	0	74	49	9	3	9	18	0	4	0	0	0	4	13	27	0	14	26	9	0	31	26	5	0	106	78	27	0	100	81	40	7	39	0	0	13	0	0	0	3	12	32	0	4	0	0	0	6	13	48	0	14	26	40	5	49	54	8	31	141	143	120	47
1056	1035	128	158	45	1014	98	142	4	128	158	45	75	90	0	16	255	227	45	63	993	86	142	0	98	142	4	55	90	0	0	204	193	4	0	124	158	45	11	0	24	0	24	81	0	0	75	90	0	16	246	227	45	63	972	82	142	0	86	142	0	46	90	0	0	186	193	0	0	94	142	4	8	0	12	0	21	78	0	0	55	90	0	0	195	193	4	0	118	158	45	6	0	23	0	5	13	0	0	11	0	24	0	24	81	0	0	69	90	0	16	228	227	45	63	951	81	142	0	82	142	0	46	90	0	0	185	193	0	0	82	142	0	8	0	0	0	21	78	0	0	46	90	0	0	177	193	0	0	88	142	4	5	0	8	0	4	13	0	0	8	0	12	0	21	78	0	0	49	90	0	0	177	193	4	0	114	158	45	8	0	0	0	11	17	0	0	6	0	23	0	5	13	0	0	11	0	24	0	24	81	0	0	65	90	0	16	212	227	45	63
764	752	66	44	17	740	45	20	0	66	44	17	29	0	0	0	107	68	68	34	728	42	20	0	45	20	0	19	0	0	0	81	20	0	0	66	44	17	1	0	0	0	14	0	0	0	29	0	0	0	107	68	68	34	716	42	20	0	42	20	0	19	0	0	0	81	20	0	0	45	20	0	1	0	0	0	14	0	0	0	19	0	0	0	81	20	0	0	66	44	17	1	0	0	0	3	0	0	0	1	0	0	0	14	0	0	0	29	0	0	0	107	68	68	34	704	42	20	0	42	20	0	19	0	0	0	81	20	0	0	42	20	0	1	0	0	0	14	0	0	0	19	0	0	0	81	20	0	0	45	20	0	1	0	0	0	3	0	0	0	1	0	0	0	14	0	0	0	19	0	0	0	81	20	0	0	66	44	17	7	0	0	0	1	0	0	0	1	0	0	0	3	0	0	0	1	0	0	0	14	0	0	0	29	0	0	0	107	68	68	34
824	808	79	94	8	792	45	60	0	79	94	8	21	69	0	0	120	215	40	15	776	43	55	0	45	60	0	16	44	0	0	74	154	0	0	79	94	8	4	0	0	0	18	0	8	0	21	69	0	0	120	215	40	15	760	42	55	0	43	55	0	16	44	0	0	74	154	0	0	45	60	0	1	0	0	0	11	0	0	0	16	44	0	0	74	154	0	0	79	94	8	1	0	0	0	3	12	0	0	4	0	0	0	18	0	8	0	21	69	0	0	120	215	40	15	744	42	55	0	42	55	0	16	44	0	0	74	154	0	0	43	55	0	1	0	0	0	11	0	0	0	16	44	0	0	74	154	0	0	45	60	0	1	0	0	0	2	11	0	0	1	0	0	0	11	0	0	0	16	44	0	0	74	154	0	0	79	94	8	7	0	0	0	1	0	0	0	1	0	0	0	3	12	0	0	4	0	0	0	18	0	8	0	21	69	0	0	120	215	40	15
574	565	36	14	10	556	22	0	5	36	14	10	9	0	18	0	45	0	20	8	547	22	0	5	22	0	5	9	0	13	0	45	0	10	0	36	14	10	0	0	0	0	0	0	0	0	9	0	18	0	45	0	20	8	538	22	0	5	22	0	5	9	0	13	0	45	0	10	0	22	0	5	0	0	0	0	0	0	0	0	9	0	13	0	45	0	10	0	36	14	10	0	0	0	0	1	0	0	0	0	0	0	0	0	0	0	0	9	0	18	0	45	0	20	8	529	22	0	0	22	0	5	9	0	13	0	45	0	10	0	22	0	5	0	0	0	0	0	0	0	0	9	0	13	0	45	0	10	0	22	0	5	0	0	0	0	1	0	0	0	0	0	0	0	0	0	0	0	9	0	13	0	45	0	10	0	36	14	10	3	0	0	0	0	0	0	0	0	0	0	0	1	0	0	0	0	0	0	0	0	0	0	0	9	0	18	0	45	0	20	8
1022	1005	91	77	53	988	67	44	12	91	77	53	45	0	73	16	112	94	159	148	971	65	44	9	67	44	12	39	0	44	10	98	94	36	18	91	77	53	1	0	20	15	11	0	0	0	45	0	73	16	112	94	159	148	954	65	44	3	65	44	9	39	0	35	0	98	94	27	0	67	44	12	1	0	16	0	8	0	0	0	39	0	44	10	98	94	36	18	91	77	53	1	0	0	3	6	0	0	5	1	0	20	15	11	0	0	0	45	0	73	16	112	94	159	148	937	64	44	0	65	44	3	39	0	15	0	98	94	9	0	65	44	9	1	0	10	0	8	0	0	0	39	0	35	0	98	94	27	0	67	44	12	0	0	0	0	4	0	0	0	1	0	16	0	8	0	0	0	39	0	44	10	98	94	36	18	91	77	53	4	0	9	0	8	0	0	0	1	0	0	3	6	0	0	5	1	0	20	15	11	0	0	0	45	0	73	16	112	94	159	148
876	862	40	59	29	848	28	33	0	40	59	29	7	22	23	0	56	22	87	103	834	28	33	0	28	33	0	7	22	0	0	56	22	0	14	40	59	29	1	0	0	0	2	0	0	0	7	22	23	0	56	22	87	103	820	28	33	0	28	33	0	7	22	0	0	56	22	0	0	28	33	0	1	0	0	0	2	0	0	0	7	22	0	0	56	22	0	14	40	59	29	1	0	0	0	2	0	0	0	1	0	0	0	2	0	0	0	7	22	23	0	56	22	87	103	806	27	30	0	28	33	0	7	22	0	0	56	22	0	0	28	33	0	1	0	0	0	2	0	0	0	7	22	0	0	56	22	0	0	28	33	0	0	0	0	0	2	0	0	0	1	0	0	0	2	0	0	0	7	22	0	0	56	22	0	14	40	59	29	1	24	9	0	0	0	0	0	1	0	0	0	2	0	0	0	1	0	0	0	2	0	0	0	7	22	23	0	56	22	87	103
511	503	32	7	20	495	21	0	0	32	7	20	9	0	14	0	42	0	20	65	487	21	0	0	21	0	0	9	0	0	0	42	0	0	9	32	7	20	1	0	0	0	2	0	0	0	9	0	14	0	42	0	20	65	479	21	0	0	21	0	0	9	0	0	0	42	0	0	0	21	0	0	1	0	0	0	2	0	0	0	9	0	0	0	42	0	0	9	32	7	20	1	0	0	0	1	0	0	0	1	0	0	0	2	0	0	0	9	0	14	0	42	0	20	65	471	20	0	0	21	0	0	9	0	0	0	42	0	0	0	21	0	0	1	0	0	0	2	0	0	0	9	0	0	0	42	0	0	0	21	0	0	0	0	0	0	1	0	0	0	1	0	0	0	2	0	0	0	9	0	0	0	42	0	0	9	32	7	20	4	0	9	0	0	0	0	0	1	0	0	0	1	0	0	0	1	0	0	0	2	0	0	0	9	0	14	0	42	0	20	65
470	462	32	13	11	454	17	7	0	32	13	11	7	0	5	0	39	35	11	25	446	17	7	0	17	7	0	7	0	0	0	31	35	0	0	32	13	11	0	0	0	0	3	0	0	0	7	0	5	0	39	35	11	25	438	17	7	0	17	7	0	7	0	0	0	31	35	0	0	17	7	0	0	0	0	0	0	0	0	0	7	0	0	0	31	35	0	0	32	13	11	0	0	0	0	1	0	0	0	0	0	0	0	3	0	0	0	7	0	5	0	39	35	11	25	430	17	7	0	17	7	0	7	0	0	0	31	35	0	0	17	7	0	0	0	0	0	0	0	0	0	7	0	0	0	31	35	0	0	17	7	0	0	0	0	0	1	0	0	0	0	0	0	0	0	0	0	0	7	0	0	0	31	35	0	0	32	13	11	3	0	0	0	0	0	0	0	0	0	0	0	1	0	0	0	0	0	0	0	3	0	0	0	7	0	5	0	39	35	11	25
907	891	58	53	65	875	51	52	18	58	53	65	40	14	0	34	83	97	0	123	859	51	52	13	51	52	18	40	14	0	9	75	96	0	17	58	53	65	0	0	0	0	3	0	0	8	40	14	0	34	83	97	0	123	843	51	52	13	51	52	13	40	14	0	9	75	96	0	14	51	52	18	0	0	0	0	0	0	0	0	40	14	0	9	75	96	0	17	58	53	65	0	0	0	0	4	0	0	0	0	0	0	0	3	0	0	8	40	14	0	34	83	97	0	123	827	50	52	12	51	52	13	40	14	0	8	75	96	0	8	51	52	13	0	0	0	0	0	0	0	0	40	14	0	9	75	96	0	14	51	52	18	0	0	0	0	2	0	0	0	0	0	0	0	0	0	0	0	40	14	0	9	75	96	0	17	58	53	65	0	0	8	3	0	0	0	0	0	0	0	0	4	0	0	0	0	0	0	0	3	0	0	8	40	14	0	34	83	97	0	123
693	682	51	0	46	671	49	0	17	51	0	46	41	0	4	9	63	0	0	92	660	49	0	17	49	0	17	41	0	4	9	63	0	0	17	51	0	46	10	0	0	0	3	0	0	0	41	0	4	9	63	0	0	92	649	49	0	17	49	0	17	41	0	4	9	63	0	0	14	49	0	17	10	0	0	0	3	0	0	0	41	0	4	9	63	0	0	17	51	0	46	5	0	0	0	2	0	0	0	10	0	0	0	3	0	0	0	41	0	4	9	63	0	0	92	638	48	0	14	49	0	17	41	0	4	8	63	0	0	8	49	0	17	10	0	0	0	3	0	0	0	41	0	4	9	63	0	0	14	49	0	17	5	0	0	0	2	0	0	0	10	0	0	0	3	0	0	0	41	0	4	9	63	0	0	17	51	0	46	16	0	8	7	11	0	0	0	5	0	0	0	2	0	0	0	10	0	0	0	3	0	0	0	41	0	4	9	63	0	0	92
1114	1096	76	56	80	1078	67	56	53	76	56	80	47	0	46	62	98	14	0	82	1060	67	56	31	67	56	53	47	0	44	15	97	14	0	12	76	56	80	15	0	0	32	9	0	0	78	47	0	46	62	98	14	0	82	1042	65	56	24	67	56	31	47	0	36	12	97	14	0	9	67	56	53	13	0	0	18	8	0	0	14	47	0	44	15	97	14	0	12	76	56	80	5	0	22	31	4	0	0	0	15	0	0	32	9	0	0	78	47	0	46	62	98	14	0	82	1024	63	56	12	65	56	24	46	0	22	6	89	14	0	3	67	56	31	13	0	0	0	8	0	0	0	47	0	36	12	97	14	0	9	67	56	53	5	0	19	0	4	0	0	0	13	0	0	18	8	0	0	14	47	0	44	15	97	14	0	12	76	56	80	28	0	20	7	29	0	0	5	5	0	22	31	4	0	0	0	15	0	0	32	9	0	0	78	47	0	46	62	98	14	0	82
915	900	72	63	39	885	60	54	37	72	63	39	58	0	56	14	84	30	39	0	870	60	54	33	60	54	37	58	0	54	12	79	30	37	0	72	63	39	16	0	0	32	16	0	0	0	58	0	56	14	84	30	39	0	855	58	54	25	60	54	33	58	0	46	9	79	30	33	0	60	54	37	12	0	0	18	12	0	0	0	58	0	54	12	79	30	37	0	72	63	39	7	0	10	35	9	10	0	0	16	0	0	32	16	0	0	0	58	0	56	14	84	30	39	0	840	54	46	9	58	54	25	57	0	30	3	71	30	25	0	60	54	33	12	0	0	0	12	0	0	0	58	0	46	9	79	30	33	0	60	54	37	5	0	10	0	9	10	0	0	12	0	0	18	12	0	0	0	58	0	54	12	79	30	37	0	72	63	39	28	76	0	7	37	37	0	7	7	0	10	35	9	10	0	0	16	0	0	32	16	0	0	0	58	0	56	14	84	30	39	0
854	840	70	63	35	826	58	45	33	70	63	35	51	36	56	14	90	40	70	0	812	57	45	29	58	45	33	50	36	54	12	81	36	66	0	70	63	35	16	0	0	32	18	13	0	0	51	36	56	14	90	40	70	0	798	55	45	21	57	45	29	50	36	46	9	77	36	58	0	58	45	33	12	0	0	18	14	9	0	0	50	36	54	12	81	36	66	0	70	63	35	7	0	10	35	10	9	0	0	16	0	0	32	18	13	0	0	51	36	56	14	90	40	70	0	784	49	37	5	55	45	21	49	36	30	3	69	36	42	0	57	45	29	12	0	0	0	14	9	0	0	50	36	46	9	77	36	58	0	58	45	33	5	0	10	0	10	9	0	0	12	0	0	18	14	9	0	0	50	36	54	12	81	36	66	0	70	63	35	28	56	0	7	37	44	0	7	7	0	10	35	10	9	0	0	16	0	0	32	18	13	0	0	51	36	56	14	90	40	70	0
1017	1000	79	85	73	983	65	76	45	79	85	73	56	90	18	89	155	134	0	74	966	58	76	44	65	76	45	40	90	18	86	114	110	0	70	79	85	73	19	0	31	10	25	39	0	0	56	90	18	89	155	134	0	74	949	55	76	40	58	76	44	40	90	18	74	90	110	0	62	65	76	45	17	0	28	8	20	30	0	0	40	90	18	86	114	110	0	70	79	85	73	13	0	0	32	13	42	0	0	19	0	31	10	25	39	0	0	56	90	18	89	155	134	0	74	932	39	46	23	55	76	40	39	90	18	51	78	110	0	46	58	76	44	10	0	28	5	15	30	0	0	40	90	18	74	90	110	0	62	65	76	45	5	0	0	18	12	42	0	0	17	0	28	8	20	30	0	0	40	90	18	86	114	110	0	70	79	85	73	19	0	104	63	18	23	219	0	13	0	0	32	13	42	0	0	19	0	31	10	25	39	0	0	56	90	18	89	155	134	0	74
912	897	66	48	64	882	49	44	49	66	48	64	42	44	18	73	127	85	0	35	867	41	44	48	49	44	49	26	44	18	70	83	77	0	33	66	48	64	9	0	39	10	22	39	0	0	42	44	18	73	127	85	0	35	852	40	44	43	41	44	48	26	44	18	58	56	77	0	29	49	44	49	7	0	36	8	16	33	0	0	26	44	18	70	83	77	0	33	66	48	64	8	0	0	39	14	11	0	0	9	0	39	10	22	39	0	0	42	44	18	73	127	85	0	35	837	28	22	19	40	44	43	25	44	18	35	52	77	0	21	41	44	48	0	0	36	5	11	33	0	0	26	44	18	58	56	77	0	29	49	44	49	0	0	0	18	12	11	0	0	7	0	36	8	16	33	0	0	26	44	18	70	83	77	0	33	66	48	64	8	0	60	63	13	24	128	10	8	0	0	39	14	11	0	0	9	0	39	10	22	39	0	0	42	44	18	73	127	85	0	35
424	417	34	10	9	410	20	10	9	34	10	9	23	0	0	0	77	35	0	0	403	18	10	9	20	10	9	17	0	0	0	37	35	0	0	34	10	9	2	0	0	0	10	10	0	0	23	0	0	0	77	35	0	0	396	18	10	9	18	10	9	17	0	0	0	29	35	0	0	20	10	9	2	0	0	0	9	10	0	0	17	0	0	0	37	35	0	0	34	10	9	3	0	0	0	9	0	0	0	2	0	0	0	10	10	0	0	23	0	0	0	77	35	0	0	389	12	10	4	18	10	9	17	0	0	0	29	35	0	0	18	10	9	0	0	0	0	8	10	0	0	17	0	0	0	29	35	0	0	20	10	9	0	0	0	0	8	0	0	0	2	0	0	0	9	10	0	0	17	0	0	0	37	35	0	0	34	10	9	0	0	0	20	6	5	0	0	3	0	0	0	9	0	0	0	2	0	0	0	10	10	0	0	23	0	0	0	77	35	0	0
431	424	27	12	6	417	12	0	6	27	12	6	19	0	18	0	66	32	18	0	410	8	0	6	12	0	6	5	0	18	0	26	0	18	0	27	12	6	8	0	18	0	12	4	0	0	19	0	18	0	66	32	18	0	403	7	0	6	8	0	6	4	0	18	0	16	0	18	0	12	0	6	3	0	18	0	7	0	0	0	5	0	18	0	26	0	18	0	27	12	6	3	0	0	0	2	4	0	0	8	0	18	0	12	4	0	0	19	0	18	0	66	32	18	0	396	4	0	2	7	0	6	4	0	18	0	15	0	18	0	8	0	6	0	0	18	0	5	0	0	0	4	0	18	0	16	0	18	0	12	0	6	0	0	0	0	1	0	0	0	3	0	18	0	7	0	0	0	5	0	18	0	26	0	18	0	27	12	6	0	0	6	8	3	0	0	0	3	0	0	0	2	4	0	0	8	0	18	0	12	4	0	0	19	0	18	0	66	32	18	0
492	484	24	16	6	476	10	0	6	24	16	6	13	0	18	0	60	32	24	0	468	7	0	6	10	0	6	4	0	18	0	23	0	24	0	24	16	6	3	0	18	0	11	0	0	0	13	0	18	0	60	32	24	0	460	7	0	6	7	0	6	4	0	18	0	15	0	24	0	10	0	6	3	0	18	0	7	0	0	0	4	0	18	0	23	0	24	0	24	16	6	3	0	0	0	3	0	0	0	3	0	18	0	11	0	0	0	13	0	18	0	60	32	24	0	452	4	0	2	7	0	6	4	0	18	0	15	0	24	0	7	0	6	0	0	18	0	5	0	0	0	4	0	18	0	15	0	24	0	10	0	6	0	0	0	0	1	0	0	0	3	0	18	0	7	0	0	0	4	0	18	0	23	0	24	0	24	16	6	0	0	6	8	3	0	0	0	3	0	0	0	3	0	0	0	3	0	18	0	11	0	0	0	13	0	18	0	60	32	24	0
427	420	19	0	18	413	3	0	6	19	0	18	6	0	30	24	49	0	0	12	406	2	0	6	3	0	6	1	0	18	24	4	0	0	12	19	0	18	8	0	0	0	6	0	0	0	6	0	30	24	49	0	0	12	399	0	0	6	2	0	6	0	0	18	24	2	0	0	12	3	0	6	0	0	0	0	0	0	0	0	1	0	18	24	4	0	0	12	19	0	18	0	0	10	0	0	0	0	0	8	0	0	0	6	0	0	0	6	0	30	24	49	0	0	12	392	0	0	6	0	0	6	0	0	18	24	0	0	0	12	2	0	6	0	0	0	0	0	0	0	0	0	0	18	24	2	0	0	12	3	0	6	0	0	6	0	0	0	0	0	0	0	0	0	0	0	0	0	1	0	18	24	4	0	0	12	19	0	18	0	0	0	0	0	0	0	0	0	0	10	0	0	0	0	0	8	0	0	0	6	0	0	0	6	0	30	24	49	0	0	12
607	597	39	21	18	587	18	0	6	39	21	18	22	0	30	24	78	56	54	12	577	15	0	6	18	0	6	9	0	18	24	33	0	18	12	38	21	18	15	0	0	0	14	14	0	0	22	0	30	24	75	56	54	12	567	13	0	6	15	0	6	8	0	18	24	30	0	18	12	17	0	6	7	0	0	0	10	0	0	0	9	0	18	24	30	0	18	12	38	21	18	0	0	10	0	0	0	0	0	15	0	0	0	14	14	0	0	22	0	30	24	75	56	54	12	557	13	0	6	13	0	6	8	0	18	24	28	0	18	12	14	0	6	7	0	0	0	10	0	0	0	8	0	18	24	27	0	18	12	17	0	6	0	0	6	0	0	0	0	0	7	0	0	0	10	0	0	0	9	0	18	24	30	0	18	12	38	21	18	0	0	0	0	0	0	0	0	0	0	10	0	0	0	0	0	15	0	0	0	14	14	0	0	22	0	30	24	75	56	54	12
783	770	49	53	14	757	19	17	6	49	53	14	16	41	30	24	81	130	70	6	744	17	6	6	19	17	6	8	6	18	24	33	23	30	6	47	53	14	10	30	0	0	17	12	14	0	16	41	30	24	75	130	70	6	731	16	0	6	17	6	6	8	0	18	24	32	6	30	6	17	17	6	7	0	0	0	12	0	6	0	8	6	18	24	27	23	30	6	47	53	14	0	0	10	0	0	0	14	0	10	30	0	0	17	12	14	0	16	41	30	24	75	130	70	6	718	16	0	6	16	0	6	8	0	18	24	31	0	30	6	15	6	6	7	0	0	0	12	0	6	0	8	0	18	24	26	6	30	6	17	17	6	0	0	6	0	0	0	6	0	7	0	0	0	12	0	6	0	8	6	18	24	27	23	30	6	47	53	14	0	0	0	0	0	0	0	0	0	0	10	0	0	0	14	0	10	30	0	0	17	12	14	0	16	41	30	24	75	130	70	6
425	418	24	10	4	411	8	0	0	24	10	4	6	0	0	0	53	25	8	6	404	7	0	0	8	0	0	1	0	0	0	16	0	0	6	23	10	4	9	0	0	0	9	0	0	0	6	0	0	0	50	25	8	6	397	6	0	0	7	0	0	0	0	0	0	14	0	0	6	7	0	0	4	0	0	0	5	0	0	0	1	0	0	0	13	0	0	6	23	10	4	0	0	0	0	0	0	0	0	9	0	0	0	9	0	0	0	6	0	0	0	50	25	8	6	390	6	0	0	6	0	0	0	0	0	0	13	0	0	6	6	0	0	4	0	0	0	5	0	0	0	0	0	0	0	11	0	0	6	7	0	0	0	0	0	0	0	0	0	0	4	0	0	0	5	0	0	0	1	0	0	0	13	0	0	6	23	10	4	0	0	0	0	0	0	0	0	0	0	0	0	0	0	0	0	9	0	0	0	9	0	0	0	6	0	0	0	50	25	8	6
485	477	32	15	4	469	14	0	0	32	15	4	14	0	0	0	68	40	12	6	461	13	0	0	14	0	0	9	0	0	0	31	0	0	6	31	15	4	12	0	0	0	13	0	0	0	14	0	0	0	65	40	12	6	453	12	0	0	13	0	0	8	0	0	0	29	0	0	6	13	0	0	7	0	0	0	9	0	0	0	9	0	0	0	28	0	0	6	31	15	4	0	0	0	0	0	0	0	0	12	0	0	0	13	0	0	0	14	0	0	0	65	40	12	6	445	12	0	0	12	0	0	8	0	0	0	28	0	0	6	12	0	0	7	0	0	0	9	0	0	0	8	0	0	0	26	0	0	6	13	0	0	0	0	0	0	0	0	0	0	7	0	0	0	9	0	0	0	9	0	0	0	28	0	0	6	31	15	4	0	0	0	0	0	0	0	0	0	0	0	0	0	0	0	0	12	0	0	0	13	0	0	0	14	0	0	0	65	40	12	6
1044	1026	51	91	80	1008	28	39	64	51	91	80	10	88	58	30	67	70	320	32	990	22	17	58	28	39	64	8	0	52	18	45	11	256	12	48	91	80	7	0	62	50	14	17	160	0	10	88	58	30	58	70	320	32	972	22	17	54	22	17	58	8	0	52	18	41	0	232	12	25	39	64	7	0	53	44	13	17	128	0	8	0	52	18	36	11	256	12	48	91	80	0	0	0	42	0	0	0	0	7	0	62	50	14	17	160	0	10	88	58	30	58	70	320	32	954	22	17	51	22	17	54	8	0	51	18	41	0	216	12	19	17	58	7	0	45	44	13	17	116	0	8	0	52	18	32	0	232	12	25	39	64	0	0	0	39	0	0	0	0	7	0	53	44	13	17	128	0	8	0	52	18	36	11	256	12	48	91	80	0	0	0	27	0	0	0	0	0	0	0	42	0	0	0	0	7	0	62	50	14	17	160	0	10	88	58	30	58	70	320	32
759	743	61	78	36	727	32	69	10	58	78	36	39	0	6	30	112	149	36	40	712	23	65	6	32	69	10	16	0	0	18	60	149	10	12	51	63	36	3	40	19	24	10	50	0	0	39	0	6	30	95	104	36	40	697	23	65	6	23	65	6	16	0	0	18	51	145	6	12	25	54	10	3	40	10	24	8	50	0	0	16	0	0	18	43	104	10	12	47	63	36	0	0	0	0	3	0	0	0	3	40	19	24	10	50	0	0	31	0	6	30	81	104	36	40	682	23	65	6	23	65	6	16	0	0	18	51	145	6	12	16	50	6	3	40	6	24	8	50	0	0	16	0	0	18	34	100	6	12	21	54	10	0	0	0	0	3	0	0	0	3	40	10	24	8	50	0	0	8	0	0	18	29	104	10	12	47	63	36	0	0	0	0	3	0	0	0	0	0	0	0	3	0	0	0	3	40	19	24	10	50	0	0	31	0	6	30	81	104	36	40
1085	1064	80	137	71	1043	45	93	50	80	137	71	38	126	40	30	142	281	213	36	1022	37	90	45	45	93	50	15	120	34	18	80	228	150	12	74	137	71	4	45	19	32	23	60	0	0	38	126	40	30	126	281	213	36	1001	37	90	45	37	90	45	15	120	34	18	72	225	135	12	39	93	50	4	45	10	32	20	60	0	0	15	120	34	18	64	228	150	12	72	137	71	0	0	0	0	11	0	0	0	4	45	19	32	23	60	0	0	36	126	40	30	118	281	213	36	980	37	90	45	37	90	45	15	120	34	18	72	225	135	12	31	90	45	4	45	6	32	20	60	0	0	15	120	34	18	56	225	135	12	37	93	50	0	0	0	0	5	0	0	0	4	45	10	32	20	60	0	0	13	120	34	18	56	228	150	12	72	137	71	0	0	0	0	4	0	0	0	0	0	0	0	11	0	0	0	4	45	19	32	23	60	0	0	36	126	40	30	118	281	213	36
656	645	38	28	16	634	20	0	0	38	28	16	17	0	6	0	48	35	64	22	623	17	0	0	20	0	0	8	0	0	0	33	0	0	6	36	28	16	7	0	6	0	13	0	0	0	17	0	6	0	42	35	64	22	612	17	0	0	17	0	0	8	0	0	0	31	0	0	6	18	0	0	7	0	0	0	13	0	0	0	8	0	0	0	27	0	0	6	36	28	16	0	0	0	0	0	0	0	0	7	0	6	0	13	0	0	0	17	0	6	0	42	35	64	22	601	17	0	0	17	0	0	8	0	0	0	31	0	0	6	15	0	0	7	0	0	0	13	0	0	0	8	0	0	0	25	0	0	6	18	0	0	0	0	0	0	0	0	0	0	7	0	0	0	13	0	0	0	8	0	0	0	27	0	0	6	36	28	16	0	0	0	0	0	0	0	0	0	0	0	0	0	0	0	0	7	0	6	0	13	0	0	0	17	0	6	0	42	35	64	22
602	590	47	49	6	578	26	29	0	44	49	6	23	0	6	0	63	58	24	14	567	21	29	0	26	29	0	14	0	0	0	48	33	0	6	39	38	6	7	0	6	0	11	18	0	0	23	0	6	0	51	25	24	14	556	21	29	0	21	29	0	14	0	0	0	44	33	0	6	21	18	0	7	0	0	0	11	18	0	0	14	0	0	0	36	0	0	6	37	38	6	0	0	0	0	0	0	0	0	7	0	6	0	11	18	0	0	17	0	6	0	45	25	24	14	545	21	29	0	21	29	0	14	0	0	0	44	33	0	6	16	18	0	7	0	0	0	11	18	0	0	14	0	0	0	32	0	0	6	19	18	0	0	0	0	0	0	0	0	0	7	0	0	0	11	18	0	0	8	0	0	0	30	0	0	6	37	38	6	0	0	0	0	1	0	0	0	0	0	0	0	0	0	0	0	7	0	6	0	11	18	0	0	17	0	6	0	45	25	24	14
740	727	44	12	89	714	37	12	42	44	12	89	25	0	22	34	67	0	0	209	701	36	12	42	37	12	42	25	0	0	34	66	0	0	124	41	12	89	7	0	0	0	28	12	0	0	25	0	22	34	58	0	0	209	688	36	12	42	36	12	42	25	0	0	34	65	0	0	109	34	12	42	7	0	0	0	28	12	0	0	25	0	0	34	57	0	0	124	41	12	89	0	0	0	0	2	0	0	0	7	0	0	0	28	12	0	0	25	0	22	34	58	0	0	209	675	36	12	42	36	12	42	25	0	0	34	65	0	0	105	33	12	42	7	0	0	0	28	12	0	0	25	0	0	34	56	0	0	109	34	12	42	0	0	0	0	2	0	0	0	7	0	0	0	28	12	0	0	25	0	0	34	57	0	0	124	41	12	89	0	0	0	0	1	0	0	0	0	0	0	0	2	0	0	0	7	0	0	0	28	12	0	0	25	0	22	34	58	0	0	209
942	926	33	28	110	910	23	0	71	33	28	110	14	0	58	52	35	0	220	173	894	23	0	71	23	0	71	14	0	35	52	34	0	142	114	32	28	110	3	0	0	0	15	0	0	0	14	0	58	52	32	0	220	173	878	23	0	71	23	0	71	14	0	35	52	34	0	142	103	22	0	71	3	0	0	0	15	0	0	0	14	0	35	52	31	0	142	114	32	28	110	0	0	0	0	1	0	0	0	3	0	0	0	15	0	0	0	14	0	58	52	32	0	220	173	862	23	0	67	23	0	71	14	0	35	51	34	0	142	99	22	0	71	3	0	0	0	15	0	0	0	14	0	35	52	31	0	142	103	22	0	71	0	0	0	0	1	0	0	0	3	0	0	0	15	0	0	0	14	0	35	52	31	0	142	114	32	28	110	0	0	0	36	1	0	0	0	0	0	0	0	1	0	0	0	3	0	0	0	15	0	0	0	14	0	58	52	32	0	220	173
588	578	13	16	34	568	5	0	6	13	16	34	0	0	33	30	5	0	68	102	558	5	0	0	5	0	6	0	0	6	0	3	0	12	64	12	16	34	0	0	0	0	4	0	0	14	0	0	33	30	2	0	68	102	548	5	0	0	5	0	0	0	0	0	0	3	0	0	58	4	0	6	0	0	0	0	4	0	0	6	0	0	6	0	0	0	12	64	12	16	34	0	0	0	0	0	0	0	0	0	0	0	0	4	0	0	14	0	0	33	30	2	0	68	102	538	5	0	0	5	0	0	0	0	0	0	3	0	0	54	4	0	0	0	0	0	0	4	0	0	6	0	0	0	0	0	0	0	58	4	0	6	0	0	0	0	0	0	0	0	0	0	0	0	4	0	0	6	0	0	6	0	0	0	12	64	12	16	34	0	0	0	0	0	0	0	0	0	0	0	0	0	0	0	0	0	0	0	0	4	0	0	14	0	0	33	30	2	0	68	102
530	521	19	8	35	512	11	0	0	19	8	35	8	0	22	0	19	0	35	173	503	11	0	0	11	0	0	8	0	0	0	18	0	0	114	18	8	35	3	0	0	0	8	0	0	0	8	0	22	0	16	0	35	173	494	11	0	0	11	0	0	8	0	0	0	18	0	0	103	10	0	0	3	0	0	0	8	0	0	0	8	0	0	0	15	0	0	114	18	8	35	0	0	0	0	0	0	0	0	3	0	0	0	8	0	0	0	8	0	22	0	16	0	35	173	485	11	0	0	11	0	0	8	0	0	0	18	0	0	99	10	0	0	3	0	0	0	8	0	0	0	8	0	0	0	15	0	0	103	10	0	0	0	0	0	0	0	0	0	0	3	0	0	0	8	0	0	0	8	0	0	0	15	0	0	114	18	8	35	0	0	0	0	0	0	0	0	0	0	0	0	0	0	0	0	3	0	0	0	8	0	0	0	8	0	22	0	16	0	35	173
293	288	5	6	0	283	0	0	0	5	6	0	0	0	0	0	0	0	0	0	278	0	0	0	0	0	0	0	0	0	0	0	0	0	0	5	6	0	0	0	0	0	0	0	0	0	0	0	0	0	0	0	0	0	273	0	0	0	0	0	0	0	0	0	0	0	0	0	0	0	0	0	0	0	0	0	0	0	0	0	0	0	0	0	0	0	0	0	5	6	0	0	0	0	0	0	0	0	0	0	0	0	0	0	0	0	0	0	0	0	0	0	0	0	0	268	0	0	0	0	0	0	0	0	0	0	0	0	0	0	0	0	0	0	0	0	0	0	0	0	0	0	0	0	0	0	0	0	0	0	0	0	0	0	0	0	0	0	0	0	0	0	0	0	0	0	0	0	0	0	0	0	0	0	0	0	5	6	0	0	0	0	0	0	0	0	0	0	0	0	0	0	0	0	0	0	0	0	0	0	0	0	0	0	0	0	0	0	0	0	0
629	618	32	33	49	607	16	18	49	32	33	49	25	9	70	0	65	64	98	0	596	13	16	49	16	18	49	18	9	70	0	31	36	98	0	32	33	49	12	14	0	0	13	21	0	0	25	9	70	0	65	64	98	0	585	11	7	49	13	16	49	18	7	70	0	19	28	98	0	16	18	49	10	0	0	0	3	0	0	0	18	9	70	0	31	36	98	0	32	33	49	6	14	18	0	2	0	49	0	12	14	0	0	13	21	0	0	25	9	70	0	65	64	98	0	574	6	0	24	11	7	49	12	0	70	0	11	0	98	0	13	16	49	8	0	0	0	2	0	0	0	18	7	70	0	19	28	98	0	16	18	49	0	0	18	0	2	0	49	0	10	0	0	0	3	0	0	0	18	9	70	0	31	36	98	0	32	33	49	4	0	37	31	7	7	49	137	6	14	18	0	2	0	49	0	12	14	0	0	13	21	0	0	25	9	70	0	65	64	98	0
754	741	5	0	116	728	3	0	85	5	0	116	0	0	9	69	4	0	0	144	715	3	0	72	3	0	85	0	0	9	24	2	0	0	77	5	0	116	0	0	0	28	3	0	0	80	0	0	9	69	4	0	0	144	702	3	0	72	3	0	72	0	0	9	24	2	0	0	71	3	0	85	0	0	0	28	1	0	0	64	0	0	9	24	2	0	0	77	5	0	116	0	0	0	0	0	0	0	0	0	0	0	28	3	0	0	80	0	0	9	69	4	0	0	144	689	2	0	67	3	0	72	0	0	9	24	2	0	0	71	3	0	72	0	0	0	26	1	0	0	58	0	0	9	24	2	0	0	71	3	0	85	0	0	0	0	0	0	0	0	0	0	0	28	1	0	0	64	0	0	9	24	2	0	0	77	5	0	116	0	0	10	49	0	0	0	0	0	0	0	0	0	0	0	0	0	0	0	28	3	0	0	80	0	0	9	69	4	0	0	144
753	740	16	12	113	727	7	0	108	16	12	113	2	0	61	55	31	12	113	0	714	6	0	88	7	0	108	1	0	61	6	10	0	108	0	16	12	113	2	0	0	84	11	12	0	80	2	0	61	55	31	12	113	0	701	5	0	79	6	0	88	1	0	61	0	6	0	88	0	7	0	108	0	0	0	45	1	0	0	64	1	0	61	6	10	0	108	0	16	12	113	2	0	0	30	2	0	0	14	2	0	0	84	11	12	0	80	2	0	61	55	31	12	113	0	688	3	0	49	5	0	79	0	0	61	0	2	0	79	0	6	0	88	0	0	0	31	1	0	0	58	1	0	61	0	6	0	88	0	7	0	108	0	0	0	18	2	0	0	6	0	0	0	45	1	0	0	64	1	0	61	6	10	0	108	0	16	12	113	0	0	10	73	3	0	0	137	2	0	0	30	2	0	0	14	2	0	0	84	11	12	0	80	2	0	61	55	31	12	113	0
464	456	0	0	59	448	0	0	25	0	0	59	0	0	0	11	0	0	0	179	440	0	0	25	0	0	25	0	0	0	11	0	0	0	77	0	0	59	0	0	0	0	0	0	0	0	0	0	0	11	0	0	0	179	432	0	0	25	0	0	25	0	0	0	11	0	0	0	71	0	0	25	0	0	0	0	0	0	0	0	0	0	0	11	0	0	0	77	0	0	59	0	0	0	0	0	0	0	0	0	0	0	0	0	0	0	0	0	0	0	11	0	0	0	179	424	0	0	25	0	0	25	0	0	0	11	0	0	0	71	0	0	25	0	0	0	0	0	0	0	0	0	0	0	11	0	0	0	71	0	0	25	0	0	0	0	0	0	0	0	0	0	0	0	0	0	0	0	0	0	0	11	0	0	0	77	0	0	59	0	0	0	0	0	0	0	0	0	0	0	0	0	0	0	0	0	0	0	0	0	0	0	0	0	0	0	11	0	0	0	179
464	456	11	0	43	448	4	0	43	11	0	43	1	0	39	0	18	0	0	0	440	4	0	43	4	0	43	1	0	39	0	4	0	0	0	11	0	43	2	0	0	0	8	0	0	0	1	0	39	0	18	0	0	0	432	3	0	43	4	0	43	1	0	39	0	4	0	0	0	4	0	43	0	0	0	0	0	0	0	0	1	0	39	0	4	0	0	0	11	0	43	2	0	0	0	2	0	0	0	2	0	0	0	8	0	0	0	1	0	39	0	18	0	0	0	424	1	0	30	3	0	43	0	0	39	0	0	0	0	0	4	0	43	0	0	0	0	0	0	0	0	1	0	39	0	4	0	0	0	4	0	43	0	0	0	0	2	0	0	0	0	0	0	0	0	0	0	0	1	0	39	0	4	0	0	0	11	0	43	0	0	10	23	2	0	0	73	2	0	0	0	2	0	0	0	2	0	0	0	8	0	0	0	1	0	39	0	18	0	0	0
891	875	87	80	57	859	55	47	44	87	80	57	72	54	0	61	182	253	171	49	843	49	27	44	55	47	44	65	0	0	61	113	130	132	49	87	80	57	19	24	27	0	14	27	114	0	72	54	0	61	182	253	171	49	827	45	24	44	49	27	44	58	0	0	61	95	54	132	49	55	47	44	19	18	18	0	12	24	88	0	65	0	0	61	113	130	132	49	87	80	57	19	27	37	0	16	0	0	0	19	24	27	0	14	27	114	0	72	54	0	61	182	253	171	49	811	34	15	44	45	24	44	46	0	0	61	91	48	132	49	49	27	44	11	0	18	0	11	15	88	0	58	0	0	61	95	54	132	49	55	47	44	11	0	27	0	12	0	0	0	19	18	18	0	12	24	88	0	65	0	0	61	113	130	132	49	87	80	57	29	0	76	0	8	28	57	0	19	27	37	0	16	0	0	0	19	24	27	0	14	27	114	0	72	54	0	61	182	253	171	49
994	975	115	151	9	956	66	118	9	115	151	9	65	199	0	0	293	377	36	0	937	61	112	9	66	118	9	49	181	0	0	168	289	36	0	115	151	9	14	66	0	0	21	39	0	0	65	199	0	0	293	377	36	0	918	56	102	9	61	112	9	49	181	0	0	156	280	36	0	66	118	9	10	66	0	0	14	36	0	0	49	181	0	0	168	289	36	0	115	151	9	17	70	0	0	19	50	0	0	14	66	0	0	21	39	0	0	65	199	0	0	293	377	36	0	899	48	81	9	56	102	9	48	155	0	0	138	248	36	0	61	112	9	8	66	0	0	13	33	0	0	49	181	0	0	156	280	36	0	66	118	9	6	48	0	0	12	43	0	0	10	66	0	0	14	36	0	0	49	181	0	0	168	289	36	0	115	151	9	16	110	36	0	8	30	9	0	17	70	0	0	19	50	0	0	14	66	0	0	21	39	0	0	65	199	0	0	293	377	36	0
510	501	23	15	58	492	8	7	30	23	15	58	7	7	0	88	57	60	58	162	483	5	0	30	8	7	30	1	0	0	88	20	28	30	157	23	15	58	2	0	7	0	4	0	58	0	7	7	0	88	57	60	58	162	474	4	0	30	5	0	30	0	0	0	88	8	0	30	137	8	7	30	2	0	0	0	3	0	30	0	1	0	0	88	20	28	30	157	23	15	58	3	0	7	0	2	0	0	0	2	0	7	0	4	0	58	0	7	7	0	88	57	60	58	162	465	3	0	30	4	0	30	0	0	0	88	8	0	30	128	5	0	30	0	0	0	0	2	0	30	0	0	0	0	88	8	0	30	137	8	7	30	0	0	0	0	2	0	0	0	2	0	0	0	3	0	30	0	1	0	0	88	20	28	30	157	23	15	58	0	0	0	0	2	0	0	0	3	0	7	0	2	0	0	0	2	0	7	0	4	0	58	0	7	7	0	88	57	60	58	162
615	604	62	34	18	593	34	10	15	62	34	18	44	0	0	30	169	118	72	0	582	30	10	15	34	10	15	33	0	0	30	90	40	60	0	62	34	18	12	0	0	0	13	10	0	0	44	0	0	30	169	118	72	0	571	30	10	15	30	10	15	33	0	0	30	77	40	60	0	34	10	15	12	0	0	0	11	10	0	0	33	0	0	30	90	40	60	0	62	34	18	14	0	0	0	8	0	0	0	12	0	0	0	13	10	0	0	44	0	0	30	169	118	72	0	560	28	10	15	30	10	15	33	0	0	30	77	40	60	0	30	10	15	10	0	0	0	10	10	0	0	33	0	0	30	77	40	60	0	34	10	15	7	0	0	0	7	0	0	0	12	0	0	0	11	10	0	0	33	0	0	30	90	40	60	0	62	34	18	17	0	0	0	6	0	0	0	14	0	0	0	8	0	0	0	12	0	0	0	13	10	0	0	44	0	0	30	169	118	72	0
525	515	60	40	0	505	26	29	0	60	40	0	36	30	0	0	158	124	0	0	495	24	26	0	26	29	0	28	26	0	0	64	91	0	0	60	40	0	7	17	0	0	13	12	0	0	36	30	0	0	158	124	0	0	485	24	25	0	24	26	0	28	25	0	0	62	86	0	0	26	29	0	7	15	0	0	8	10	0	0	28	26	0	0	64	91	0	0	60	40	0	10	5	0	0	7	0	0	0	7	17	0	0	13	12	0	0	36	30	0	0	158	124	0	0	475	23	25	0	24	25	0	28	25	0	0	62	85	0	0	24	26	0	7	15	0	0	8	10	0	0	28	25	0	0	62	86	0	0	26	29	0	6	5	0	0	5	0	0	0	7	15	0	0	8	10	0	0	28	26	0	0	64	91	0	0	60	40	0	17	0	0	0	5	0	0	0	10	5	0	0	7	0	0	0	7	17	0	0	13	12	0	0	36	30	0	0	158	124	0	0
668	656	62	32	26	644	36	0	0	62	32	26	45	0	25	0	133	88	104	142	632	35	0	0	36	0	0	41	0	0	0	89	0	0	98	62	32	26	11	0	0	0	14	8	0	0	45	0	25	0	133	88	104	142	620	33	0	0	35	0	0	41	0	0	0	89	0	0	98	36	0	0	9	0	0	0	12	0	0	0	41	0	0	0	89	0	0	98	62	32	26	6	0	13	0	5	0	0	0	11	0	0	0	14	8	0	0	45	0	25	0	133	88	104	142	608	31	0	0	33	0	0	39	0	0	0	85	0	0	98	35	0	0	9	0	0	0	12	0	0	0	41	0	0	0	89	0	0	98	36	0	0	6	0	0	0	5	0	0	0	9	0	0	0	12	0	0	0	41	0	0	0	89	0	0	98	62	32	26	9	0	8	0	5	0	0	0	6	0	13	0	5	0	0	0	11	0	0	0	14	8	0	0	45	0	25	0	133	88	104	142
605	594	53	26	21	583	33	10	0	53	26	21	37	0	18	0	137	34	42	84	572	33	10	0	33	10	0	37	0	0	0	88	10	0	68	53	26	21	12	0	0	0	15	0	0	0	37	0	18	0	137	34	42	84	561	31	10	0	33	10	0	37	0	0	0	88	10	0	68	33	10	0	10	0	0	0	12	0	0	0	37	0	0	0	88	10	0	68	53	26	21	7	0	13	0	5	0	0	0	12	0	0	0	15	0	0	0	37	0	18	0	137	34	42	84	550	29	10	0	31	10	0	35	0	0	0	84	10	0	68	33	10	0	10	0	0	0	12	0	0	0	37	0	0	0	88	10	0	68	33	10	0	7	0	0	0	5	0	0	0	10	0	0	0	12	0	0	0	37	0	0	0	88	10	0	68	53	26	21	9	0	8	0	5	0	0	0	7	0	13	0	5	0	0	0	12	0	0	0	15	0	0	0	37	0	18	0	137	34	42	84
912	895	79	95	21	878	40	52	0	79	95	21	54	39	18	0	165	271	105	84	861	37	52	0	40	52	0	43	39	0	0	98	143	0	68	79	95	21	14	0	0	0	16	36	0	0	54	39	18	0	165	271	105	84	844	35	52	0	37	52	0	43	39	0	0	96	143	0	68	40	52	0	12	0	0	0	12	26	0	0	43	39	0	0	98	143	0	68	79	95	21	7	0	13	0	5	0	0	0	14	0	0	0	16	36	0	0	54	39	18	0	165	271	105	84	827	33	52	0	35	52	0	41	39	0	0	92	143	0	68	37	52	0	12	0	0	0	12	26	0	0	43	39	0	0	96	143	0	68	40	52	0	7	0	0	0	5	0	0	0	12	0	0	0	12	26	0	0	43	39	0	0	98	143	0	68	79	95	21	9	0	8	0	5	0	0	0	7	0	13	0	5	0	0	0	14	0	0	0	16	36	0	0	54	39	18	0	165	271	105	84
784	769	68	77	12	754	33	55	0	68	77	12	39	76	0	0	168	200	24	27	739	31	54	0	33	55	0	32	72	0	0	86	163	0	24	68	77	12	10	9	0	0	16	20	0	0	39	76	0	0	168	200	24	27	724	30	54	0	31	54	0	32	72	0	0	84	162	0	24	33	55	0	10	9	0	0	11	18	0	0	32	72	0	0	86	163	0	24	68	77	12	7	0	4	0	5	0	0	0	10	9	0	0	16	20	0	0	39	76	0	0	168	200	24	27	709	28	54	0	30	54	0	30	72	0	0	82	162	0	24	31	54	0	10	9	0	0	11	18	0	0	32	72	0	0	84	162	0	24	33	55	0	7	0	0	0	5	0	0	0	10	9	0	0	11	18	0	0	32	72	0	0	86	163	0	24	68	77	12	9	0	8	0	3	0	0	0	7	0	4	0	5	0	0	0	10	9	0	0	16	20	0	0	39	76	0	0	168	200	24	27
389	382	35	12	0	375	15	0	0	35	12	0	15	0	0	0	72	28	0	0	368	15	0	0	15	0	0	15	0	0	0	38	0	0	0	35	12	0	1	0	0	0	7	0	0	0	15	0	0	0	72	28	0	0	361	15	0	0	15	0	0	15	0	0	0	38	0	0	0	15	0	0	1	0	0	0	5	0	0	0	15	0	0	0	38	0	0	0	35	12	0	0	0	0	0	0	0	0	0	1	0	0	0	7	0	0	0	15	0	0	0	72	28	0	0	354	15	0	0	15	0	0	15	0	0	0	38	0	0	0	15	0	0	1	0	0	0	5	0	0	0	15	0	0	0	38	0	0	0	15	0	0	0	0	0	0	0	0	0	0	1	0	0	0	5	0	0	0	15	0	0	0	38	0	0	0	35	12	0	0	0	0	0	0	0	0	0	0	0	0	0	0	0	0	0	1	0	0	0	7	0	0	0	15	0	0	0	72	28	0	0
821	806	47	44	60	791	30	0	36	47	44	60	40	0	42	34	67	22	240	47	776	24	0	17	30	0	36	24	0	42	0	59	0	144	0	47	44	60	2	0	56	24	6	0	0	115	40	0	42	34	67	22	240	47	761	24	0	9	24	0	17	24	0	37	0	54	0	68	0	30	0	36	2	0	53	9	6	0	0	74	24	0	42	0	59	0	144	0	47	44	60	0	0	0	9	0	0	0	49	2	0	56	24	6	0	0	115	40	0	42	34	67	22	240	47	746	24	0	9	24	0	9	24	0	27	0	54	0	36	0	24	0	17	2	0	40	9	6	0	0	74	24	0	37	0	54	0	68	0	30	0	36	0	0	0	9	0	0	0	49	2	0	53	9	6	0	0	74	24	0	42	0	59	0	144	0	47	44	60	0	0	0	0	4	0	0	0	0	0	0	9	0	0	0	49	2	0	56	24	6	0	0	115	40	0	42	34	67	22	240	47
986	967	71	133	39	948	38	88	20	71	133	39	46	155	33	27	89	257	156	47	929	31	78	10	38	88	20	27	117	33	0	59	221	80	0	71	133	39	5	26	56	10	5	26	39	57	46	155	33	27	89	257	156	47	910	31	78	9	31	78	10	27	117	30	0	52	221	40	0	38	88	20	5	26	53	9	5	26	20	44	27	117	33	0	59	221	80	0	71	133	39	2	0	0	9	0	0	0	0	5	26	56	10	5	26	39	57	46	155	33	27	89	257	156	47	891	31	78	9	31	78	9	27	117	27	0	52	221	36	0	31	78	10	5	26	40	9	5	26	10	44	27	117	30	0	52	221	40	0	38	88	20	2	0	0	9	0	0	0	0	5	26	53	9	5	26	20	44	27	117	33	0	59	221	80	0	71	133	39	0	0	0	0	4	0	0	0	2	0	0	9	0	0	0	0	5	26	56	10	5	26	39	57	46	155	33	27	89	257	156	47
735	721	42	53	35	707	20	40	0	42	53	35	29	40	0	0	71	84	35	80	693	18	40	0	20	40	0	20	40	0	0	48	80	0	0	42	53	35	3	0	0	0	6	10	0	0	29	40	0	0	71	84	35	80	679	18	40	0	18	40	0	20	40	0	0	48	80	0	0	20	40	0	3	0	0	0	6	10	0	0	20	40	0	0	48	80	0	0	42	53	35	0	0	0	0	0	0	0	0	3	0	0	0	6	10	0	0	29	40	0	0	71	84	35	80	665	18	40	0	18	40	0	20	40	0	0	48	80	0	0	18	40	0	3	0	0	0	6	10	0	0	20	40	0	0	48	80	0	0	20	40	0	0	0	0	0	0	0	0	0	3	0	0	0	6	10	0	0	20	40	0	0	48	80	0	0	42	53	35	0	0	0	0	0	0	0	0	0	0	0	0	0	0	0	0	3	0	0	0	6	10	0	0	29	40	0	0	71	84	35	80
603	592	36	18	35	581	23	0	0	36	18	35	28	0	0	0	62	0	70	80	570	22	0	0	23	0	0	24	0	0	0	56	0	0	0	36	18	35	3	0	0	0	7	0	0	0	28	0	0	0	62	0	70	80	559	22	0	0	22	0	0	24	0	0	0	56	0	0	0	23	0	0	3	0	0	0	7	0	0	0	24	0	0	0	56	0	0	0	36	18	35	0	0	0	0	0	0	0	0	3	0	0	0	7	0	0	0	28	0	0	0	62	0	70	80	548	22	0	0	22	0	0	24	0	0	0	56	0	0	0	22	0	0	3	0	0	0	7	0	0	0	24	0	0	0	56	0	0	0	23	0	0	0	0	0	0	0	0	0	0	3	0	0	0	7	0	0	0	24	0	0	0	56	0	0	0	36	18	35	0	0	0	0	0	0	0	0	0	0	0	0	0	0	0	0	3	0	0	0	7	0	0	0	28	0	0	0	62	0	70	80
537	527	37	29	8	517	23	9	0	37	29	8	28	0	0	0	55	19	32	21	507	22	9	0	23	9	0	24	0	0	0	51	9	0	0	37	29	8	2	0	0	0	5	0	0	0	28	0	0	0	55	19	32	21	497	22	9	0	22	9	0	24	0	0	0	51	9	0	0	23	9	0	2	0	0	0	5	0	0	0	24	0	0	0	51	9	0	0	37	29	8	0	0	0	0	0	0	0	0	2	0	0	0	5	0	0	0	28	0	0	0	55	19	32	21	487	22	9	0	22	9	0	24	0	0	0	51	9	0	0	22	9	0	2	0	0	0	5	0	0	0	24	0	0	0	51	9	0	0	23	9	0	0	0	0	0	0	0	0	0	2	0	0	0	5	0	0	0	24	0	0	0	51	9	0	0	37	29	8	0	0	0	0	0	0	0	0	0	0	0	0	0	0	0	0	2	0	0	0	5	0	0	0	28	0	0	0	55	19	32	21
786	770	63	85	43	754	44	65	41	63	85	43	30	40	105	22	71	73	86	0	738	44	65	41	44	65	41	30	40	97	22	66	70	82	0	63	85	43	9	0	0	0	2	0	0	0	30	40	105	22	71	73	86	0	722	44	65	40	44	65	41	30	40	97	20	66	70	82	0	44	65	41	9	0	0	0	2	0	0	0	30	40	97	22	66	70	82	0	63	85	43	8	0	0	10	4	0	0	0	9	0	0	0	2	0	0	0	30	40	105	22	71	73	86	0	706	44	65	39	44	65	40	30	40	93	18	66	70	80	0	44	65	41	9	0	0	0	2	0	0	0	30	40	97	20	66	70	82	0	44	65	41	8	0	0	9	4	0	0	0	9	0	0	0	2	0	0	0	30	40	97	22	66	70	82	0	63	85	43	0	0	0	9	2	0	0	0	8	0	0	10	4	0	0	0	9	0	0	0	2	0	0	0	30	40	105	22	71	73	86	0
702	689	36	0	88	676	22	0	52	36	0	88	21	0	106	31	48	0	0	142	663	22	0	52	22	0	52	21	0	90	31	44	0	0	56	36	0	88	2	0	0	0	2	0	0	0	21	0	106	31	48	0	0	142	650	22	0	49	22	0	52	21	0	90	27	44	0	0	27	22	0	52	2	0	0	0	2	0	0	0	21	0	90	31	44	0	0	56	36	0	88	0	0	0	24	0	0	0	0	2	0	0	0	2	0	0	0	21	0	106	31	48	0	0	142	637	22	0	37	22	0	49	21	0	86	18	44	0	0	18	22	0	52	2	0	0	0	2	0	0	0	21	0	90	27	44	0	0	27	22	0	52	0	0	0	9	0	0	0	0	2	0	0	0	2	0	0	0	21	0	90	31	44	0	0	56	36	0	88	0	0	0	49	2	0	0	49	0	0	0	24	0	0	0	0	2	0	0	0	2	0	0	0	21	0	106	31	48	0	0	142
569	558	35	26	32	547	23	24	8	35	26	32	21	16	24	0	44	40	0	107	536	23	24	8	23	24	8	21	16	16	0	43	40	0	56	35	26	32	2	0	0	0	2	0	0	0	21	16	24	0	44	40	0	107	525	23	24	8	23	24	8	21	16	16	0	43	40	0	27	23	24	8	2	0	0	0	2	0	0	0	21	16	16	0	43	40	0	56	35	26	32	0	0	0	0	0	0	0	0	2	0	0	0	2	0	0	0	21	16	24	0	44	40	0	107	514	23	24	8	23	24	8	21	16	16	0	43	40	0	18	23	24	8	2	0	0	0	2	0	0	0	21	16	16	0	43	40	0	27	23	24	8	0	0	0	0	0	0	0	0	2	0	0	0	2	0	0	0	21	16	16	0	43	40	0	56	35	26	32	0	0	0	0	0	0	0	0	0	0	0	0	0	0	0	0	2	0	0	0	2	0	0	0	21	16	24	0	44	40	0	107
819	803	64	79	55	787	42	55	29	64	79	55	30	66	106	22	74	112	110	107	771	42	55	29	42	55	29	30	66	90	22	66	110	58	56	64	79	55	7	0	0	0	4	0	0	0	30	66	106	22	74	112	110	107	755	42	55	28	42	55	29	30	66	90	20	66	110	58	27	42	55	29	7	0	0	0	4	0	0	0	30	66	90	22	66	110	58	56	64	79	55	2	0	0	10	0	0	0	0	7	0	0	0	4	0	0	0	30	66	106	22	74	112	110	107	739	42	55	27	42	55	28	30	66	86	18	66	110	56	18	42	55	29	7	0	0	0	4	0	0	0	30	66	90	20	66	110	58	27	42	55	29	2	0	0	9	0	0	0	0	7	0	0	0	4	0	0	0	30	66	90	22	66	110	58	56	64	79	55	0	0	0	9	2	0	0	0	2	0	0	10	0	0	0	0	7	0	0	0	4	0	0	0	30	66	106	22	74	112	110	107
378	371	15	0	42	364	14	0	0	15	0	42	15	0	8	0	31	0	0	177	357	14	0	0	14	0	0	15	0	0	0	31	0	0	56	15	0	42	2	0	0	0	3	0	0	0	15	0	8	0	31	0	0	177	350	14	0	0	14	0	0	15	0	0	0	31	0	0	27	14	0	0	2	0	0	0	3	0	0	0	15	0	0	0	31	0	0	56	15	0	42	0	0	0	0	0	0	0	0	2	0	0	0	3	0	0	0	15	0	8	0	31	0	0	177	343	14	0	0	14	0	0	15	0	0	0	31	0	0	18	14	0	0	2	0	0	0	3	0	0	0	15	0	0	0	31	0	0	27	14	0	0	0	0	0	0	0	0	0	0	2	0	0	0	3	0	0	0	15	0	0	0	31	0	0	56	15	0	42	0	0	0	0	0	0	0	0	0	0	0	0	0	0	0	0	2	0	0	0	3	0	0	0	15	0	8	0	31	0	0	177
785	768	62	77	108	751	52	75	80	62	77	108	44	28	0	108	89	118	0	98	734	52	75	78	52	75	80	44	28	0	102	81	117	0	70	62	77	108	9	0	0	22	5	0	0	0	44	28	0	108	89	118	0	98	717	52	75	78	52	75	78	44	28	0	102	81	117	0	70	52	75	80	9	0	0	22	2	0	0	0	44	28	0	102	81	117	0	70	62	77	108	8	0	0	0	7	0	0	0	9	0	0	22	5	0	0	0	44	28	0	108	89	118	0	98	700	52	75	77	52	75	78	44	28	0	99	81	117	0	68	52	75	78	9	0	0	20	2	0	0	0	44	28	0	102	81	117	0	70	52	75	80	8	0	0	0	5	0	0	0	9	0	0	22	2	0	0	0	44	28	0	102	81	117	0	70	62	77	108	0	0	0	10	0	0	0	0	8	0	0	0	7	0	0	0	9	0	0	22	5	0	0	0	44	28	0	108	89	118	0	98
921	902	99	112	97	883	84	102	66	99	112	97	73	125	22	133	155	121	0	98	864	83	97	56	84	102	66	71	116	22	95	146	113	0	70	99	112	97	13	57	0	22	9	11	0	39	73	125	22	133	155	121	0	98	845	83	95	56	83	97	56	71	110	22	95	144	110	0	70	84	102	66	13	55	0	22	9	11	0	20	71	116	22	95	146	113	0	70	99	112	97	32	22	0	0	27	0	0	0	13	57	0	22	9	11	0	39	73	125	22	133	155	121	0	98	826	81	95	53	83	95	56	71	110	22	92	144	110	0	68	83	97	56	13	55	0	20	9	11	0	10	71	110	22	95	144	110	0	70	84	102	66	28	22	0	0	17	0	0	0	13	55	0	22	9	11	0	20	71	116	22	95	146	113	0	70	99	112	97	17	0	0	28	4	0	0	0	32	22	0	0	27	0	0	0	13	57	0	22	9	11	0	39	73	125	22	133	155	121	0	98
1001	978	102	179	106	955	80	154	100	102	179	106	48	205	46	69	157	229	106	0	932	80	154	98	80	154	100	48	205	46	63	144	226	100	0	102	179	106	20	0	0	22	14	0	0	0	48	205	46	69	157	229	106	0	909	77	154	98	80	154	98	48	205	46	63	144	226	98	0	80	154	100	16	0	0	22	9	0	0	0	48	205	46	63	144	226	100	0	102	179	106	34	0	0	0	34	41	0	0	20	0	0	22	14	0	0	0	48	205	46	69	157	229	106	0	886	75	154	95	77	154	98	48	205	46	60	136	226	98	0	80	154	98	16	0	0	20	9	0	0	0	48	205	46	63	144	226	98	0	80	154	100	30	0	0	0	18	17	0	0	16	0	0	22	9	0	0	0	48	205	46	63	144	226	100	0	102	179	106	17	0	0	28	4	0	0	0	34	0	0	0	34	41	0	0	20	0	0	22	14	0	0	0	48	205	46	69	157	229	106	0
984	964	122	156	65	944	93	131	62	122	156	65	86	109	38	39	235	279	130	0	924	91	128	58	93	131	62	80	105	38	33	187	261	124	0	122	156	65	24	34	0	46	15	24	0	0	86	109	38	39	235	279	130	0	904	86	119	51	91	128	58	80	102	38	33	184	255	116	0	93	131	62	20	32	0	40	11	22	0	0	80	105	38	33	187	261	124	0	122	156	65	35	98	0	43	45	44	0	0	24	34	0	46	15	24	0	0	86	109	38	39	235	279	130	0	884	82	91	35	86	119	51	79	88	30	30	166	235	102	0	91	128	58	20	30	0	20	11	20	0	0	80	102	38	33	184	255	116	0	93	131	62	25	56	0	0	26	10	0	0	20	32	0	40	11	22	0	0	80	105	38	33	187	261	124	0	122	156	65	18	124	24	28	6	12	130	66	35	98	0	43	45	44	0	0	24	34	0	46	15	24	0	0	86	109	38	39	235	279	130	0
850	832	83	103	112	814	68	83	112	83	103	112	45	0	46	0	149	125	224	0	796	68	83	112	68	83	112	45	0	46	0	138	125	224	0	83	103	112	11	0	0	0	11	0	0	0	45	0	46	0	149	125	224	0	778	63	83	112	68	83	112	45	0	46	0	138	125	224	0	68	83	112	7	0	0	0	9	0	0	0	45	0	46	0	138	125	224	0	83	103	112	26	0	0	0	33	56	0	0	11	0	0	0	11	0	0	0	45	0	46	0	149	125	224	0	760	61	83	110	63	83	112	45	0	46	0	122	125	224	0	68	83	112	7	0	0	0	9	0	0	0	45	0	46	0	138	125	224	0	68	83	112	22	0	0	0	16	16	0	0	7	0	0	0	9	0	0	0	45	0	46	0	138	125	224	0	83	103	112	20	0	0	18	4	0	0	0	26	0	0	0	33	56	0	0	11	0	0	0	11	0	0	0	45	0	46	0	149	125	224	0
648	635	73	41	84	622	59	41	47	73	41	84	62	0	0	76	169	108	0	283	609	56	41	47	59	41	47	52	0	0	76	136	108	0	274	73	41	84	19	0	0	0	10	9	0	0	62	0	0	76	169	108	0	283	596	46	23	47	56	41	47	46	0	0	76	128	108	0	268	59	41	47	10	0	0	0	8	9	0	0	52	0	0	76	136	108	0	274	73	41	84	5	0	43	0	11	0	168	0	19	0	0	0	10	9	0	0	62	0	0	76	169	108	0	283	583	41	23	43	46	23	47	33	0	0	72	91	36	0	261	56	41	47	10	0	0	0	8	9	0	0	46	0	0	76	128	108	0	268	59	41	47	5	0	24	0	6	0	94	0	10	0	0	0	8	9	0	0	52	0	0	76	136	108	0	274	73	41	84	15	0	43	16	4	0	0	0	5	0	43	0	11	0	168	0	19	0	0	0	10	9	0	0	62	0	0	76	169	108	0	283
591	579	67	37	56	567	48	36	31	67	37	56	49	10	0	76	167	137	0	177	555	45	36	31	48	36	31	39	10	0	76	124	134	0	174	67	37	56	20	0	0	0	11	8	0	0	49	10	0	76	167	137	0	177	543	34	20	31	45	36	31	33	10	0	76	116	134	0	170	48	36	31	10	0	0	0	9	8	0	0	39	10	0	76	124	134	0	174	67	37	56	5	0	43	0	9	0	112	0	20	0	0	0	11	8	0	0	49	10	0	76	167	137	0	177	531	29	20	27	34	20	31	20	10	0	72	75	70	0	163	45	36	31	10	0	0	0	9	8	0	0	33	10	0	76	116	134	0	170	48	36	31	5	0	24	0	4	0	62	0	10	0	0	0	9	8	0	0	39	10	0	76	124	134	0	174	67	37	56	12	0	43	16	4	0	0	0	5	0	43	0	9	0	112	0	20	0	0	0	11	8	0	0	49	10	0	76	167	137	0	177
685	671	78	78	0	657	42	53	0	78	78	0	22	78	0	0	204	245	0	0	643	39	36	0	42	53	0	11	36	0	0	122	175	0	0	78	78	0	7	36	0	0	8	17	0	0	22	78	0	0	204	245	0	0	629	33	24	0	39	36	0	11	12	0	0	119	120	0	0	42	53	0	1	0	0	0	3	7	0	0	11	36	0	0	122	175	0	0	78	78	0	0	0	0	0	8	0	0	0	7	36	0	0	8	17	0	0	22	78	0	0	204	245	0	0	615	33	24	0	33	24	0	11	12	0	0	98	84	0	0	39	36	0	1	0	0	0	3	4	0	0	11	12	0	0	119	120	0	0	42	53	0	0	0	0	0	3	0	0	0	1	0	0	0	3	7	0	0	11	36	0	0	122	175	0	0	78	78	0	8	0	0	0	6	0	0	0	0	0	0	0	8	0	0	0	7	36	0	0	8	17	0	0	22	78	0	0	204	245	0	0
396	387	57	33	0	378	31	28	0	57	33	0	24	12	0	0	155	106	0	0	369	28	27	0	31	28	0	14	12	0	0	92	100	0	0	57	33	0	15	3	0	0	7	7	0	0	24	12	0	0	155	106	0	0	360	22	24	0	28	27	0	8	12	0	0	84	96	0	0	31	28	0	1	0	0	0	2	7	0	0	14	12	0	0	92	100	0	0	56	33	0	0	0	0	0	12	0	0	0	15	3	0	0	7	7	0	0	24	12	0	0	151	106	0	0	351	22	24	0	22	24	0	8	12	0	0	66	84	0	0	28	27	0	1	0	0	0	2	7	0	0	8	12	0	0	84	96	0	0	30	28	0	0	0	0	0	3	0	0	0	1	0	0	0	2	7	0	0	14	12	0	0	88	100	0	0	56	33	0	8	0	0	0	6	0	0	0	0	0	0	0	12	0	0	0	15	3	0	0	7	7	0	0	24	12	0	0	151	106	0	0
519	507	67	54	0	495	39	44	0	67	54	0	30	0	0	0	153	139	0	0	483	34	39	0	39	44	0	14	0	0	0	107	117	0	0	67	54	0	10	10	0	0	4	6	0	0	30	0	0	0	153	139	0	0	471	30	37	0	34	39	0	8	0	0	0	97	112	0	0	39	44	0	0	0	0	0	2	0	0	0	14	0	0	0	107	117	0	0	67	54	0	0	0	0	0	10	0	0	0	10	10	0	0	4	6	0	0	30	0	0	0	153	139	0	0	459	30	37	0	30	37	0	8	0	0	0	84	110	0	0	34	39	0	0	0	0	0	2	0	0	0	8	0	0	0	97	112	0	0	39	44	0	0	0	0	0	2	0	0	0	0	0	0	0	2	0	0	0	14	0	0	0	107	117	0	0	67	54	0	4	0	0	0	6	0	0	0	0	0	0	0	10	0	0	0	10	10	0	0	4	6	0	0	30	0	0	0	153	139	0	0
597	583	80	64	9	569	46	64	0	80	64	9	34	0	8	0	170	194	0	0	555	38	64	0	46	64	0	18	0	0	0	104	194	0	0	80	64	9	3	0	17	0	9	0	0	0	34	0	8	0	170	194	0	0	541	36	64	0	38	64	0	18	0	0	0	87	194	0	0	46	64	0	1	0	0	0	5	0	0	0	18	0	0	0	104	194	0	0	80	64	9	4	0	0	0	6	14	0	0	3	0	17	0	9	0	0	0	34	0	8	0	170	194	0	0	527	32	60	0	36	64	0	10	0	0	0	83	194	0	0	38	64	0	1	0	0	0	4	0	0	0	18	0	0	0	87	194	0	0	46	64	0	0	0	0	0	0	14	0	0	1	0	0	0	5	0	0	0	18	0	0	0	104	194	0	0	80	64	9	0	28	0	0	1	28	0	0	4	0	0	0	6	14	0	0	3	0	17	0	9	0	0	0	34	0	8	0	170	194	0	0
505	495	54	27	6	485	38	6	0	54	27	6	20	18	8	0	133	39	18	0	475	32	0	0	38	6	0	7	0	0	0	99	6	0	0	54	27	6	0	0	14	0	2	0	6	0	20	18	8	0	133	39	18	0	465	32	0	0	32	0	0	7	0	0	0	87	0	0	0	38	6	0	0	0	0	0	1	0	0	0	7	0	0	0	99	6	0	0	54	27	6	0	0	0	0	2	0	0	0	0	0	14	0	2	0	6	0	20	18	8	0	133	39	18	0	455	32	0	0	32	0	0	7	0	0	0	87	0	0	0	32	0	0	0	0	0	0	0	0	0	0	7	0	0	0	87	0	0	0	38	6	0	0	0	0	0	2	0	0	0	0	0	0	0	1	0	0	0	7	0	0	0	99	6	0	0	54	27	6	4	0	0	0	4	0	0	0	0	0	0	0	2	0	0	0	0	0	14	0	2	0	6	0	20	18	8	0	133	39	18	0
711	696	69	78	6	681	36	50	0	69	78	6	19	24	8	0	163	218	24	0	666	30	44	0	36	50	0	7	0	0	0	87	160	0	0	69	78	6	0	0	14	0	4	0	6	0	19	24	8	0	163	218	24	0	651	30	44	0	30	44	0	7	0	0	0	75	154	0	0	36	50	0	0	0	0	0	1	0	0	0	7	0	0	0	87	160	0	0	69	78	6	0	0	0	0	2	0	0	0	0	0	14	0	4	0	6	0	19	24	8	0	163	218	24	0	636	30	44	0	30	44	0	7	0	0	0	75	154	0	0	30	44	0	0	0	0	0	0	0	0	0	7	0	0	0	75	154	0	0	36	50	0	0	0	0	0	2	0	0	0	0	0	0	0	1	0	0	0	7	0	0	0	87	160	0	0	69	78	6	4	0	0	0	4	0	0	0	0	0	0	0	2	0	0	0	0	0	14	0	4	0	6	0	19	24	8	0	163	218	24	0
324	316	39	18	2	308	26	12	0	39	18	2	12	6	0	0	83	18	2	0	300	22	12	0	26	12	0	2	6	0	0	64	18	0	0	39	18	2	0	0	2	0	0	0	0	0	12	6	0	0	83	18	2	0	292	22	12	0	22	12	0	2	6	0	0	60	18	0	0	26	12	0	0	0	0	0	0	0	0	0	2	6	0	0	64	18	0	0	39	18	2	0	0	0	0	2	0	0	0	0	0	2	0	0	0	0	0	12	6	0	0	83	18	2	0	284	22	12	0	22	12	0	2	6	0	0	60	18	0	0	22	12	0	0	0	0	0	0	0	0	0	2	6	0	0	60	18	0	0	26	12	0	0	0	0	0	2	0	0	0	0	0	0	0	0	0	0	0	2	6	0	0	64	18	0	0	39	18	2	4	0	0	0	4	0	0	0	0	0	0	0	2	0	0	0	0	0	2	0	0	0	0	0	12	6	0	0	83	18	2	0
638	622	60	100	2	606	33	80	0	60	100	2	11	41	0	0	123	162	6	0	590	30	75	0	33	80	0	4	26	0	0	76	134	0	0	60	100	2	0	0	2	0	1	0	2	0	11	41	0	0	123	162	6	0	574	30	75	0	30	75	0	4	26	0	0	73	129	0	0	33	80	0	0	0	0	0	0	0	0	0	4	26	0	0	76	134	0	0	60	100	2	0	0	0	0	2	0	0	0	0	0	2	0	1	0	2	0	11	41	0	0	123	162	6	0	558	30	75	0	30	75	0	4	26	0	0	73	129	0	0	30	75	0	0	0	0	0	0	0	0	0	4	26	0	0	73	129	0	0	33	80	0	0	0	0	0	2	0	0	0	0	0	0	0	0	0	0	0	4	26	0	0	76	134	0	0	60	100	2	4	0	0	0	4	0	0	0	0	0	0	0	2	0	0	0	0	0	2	0	1	0	2	0	11	41	0	0	123	162	6	0
495	485	51	25	12	475	21	0	9	51	25	12	22	0	31	12	130	80	60	0	465	18	0	5	21	0	9	12	0	22	0	52	0	45	0	51	25	12	3	0	5	0	6	10	0	0	22	0	31	12	130	80	60	0	455	17	0	5	18	0	5	11	0	10	0	47	0	25	0	21	0	9	1	0	5	0	0	0	0	0	12	0	22	0	52	0	45	0	51	25	12	0	0	5	0	4	0	0	0	3	0	5	0	6	10	0	0	22	0	31	12	130	80	60	0	445	17	0	5	17	0	5	11	0	10	0	46	0	25	0	18	0	5	1	0	5	0	0	0	0	0	11	0	10	0	47	0	25	0	21	0	9	0	0	5	0	1	0	0	0	1	0	5	0	0	0	0	0	12	0	22	0	52	0	45	0	51	25	12	4	0	0	0	3	0	0	0	0	0	5	0	4	0	0	0	3	0	5	0	6	10	0	0	22	0	31	12	130	80	60	0
537	526	45	26	24	515	20	10	4	45	26	24	7	0	38	12	114	62	48	14	504	20	10	0	20	10	4	7	0	12	0	53	30	8	0	45	26	24	0	0	0	0	6	0	0	0	7	0	38	12	114	62	48	14	493	20	10	0	20	10	0	7	0	0	0	53	30	0	0	20	10	4	0	0	0	0	0	0	0	0	7	0	12	0	53	30	8	0	45	26	24	0	0	0	0	0	0	0	0	0	0	0	0	6	0	0	0	7	0	38	12	114	62	48	14	482	20	10	0	20	10	0	7	0	0	0	53	30	0	0	20	10	0	0	0	0	0	0	0	0	0	7	0	0	0	53	30	0	0	20	10	4	0	0	0	0	0	0	0	0	0	0	0	0	0	0	0	0	7	0	12	0	53	30	8	0	45	26	24	0	0	0	0	0	0	0	0	0	0	0	0	0	0	0	0	0	0	0	0	6	0	0	0	7	0	38	12	114	62	48	14
300	294	24	0	22	288	16	0	0	24	0	22	4	0	17	0	53	0	0	16	282	16	0	0	16	0	0	4	0	0	0	38	0	0	0	24	0	22	0	0	0	0	1	0	0	0	4	0	17	0	53	0	0	16	276	16	0	0	16	0	0	4	0	0	0	38	0	0	0	16	0	0	0	0	0	0	0	0	0	0	4	0	0	0	38	0	0	0	24	0	22	0	0	0	0	0	0	0	0	0	0	0	0	1	0	0	0	4	0	17	0	53	0	0	16	270	16	0	0	16	0	0	4	0	0	0	38	0	0	0	16	0	0	0	0	0	0	0	0	0	0	4	0	0	0	38	0	0	0	16	0	0	0	0	0	0	0	0	0	0	0	0	0	0	0	0	0	0	4	0	0	0	38	0	0	0	24	0	22	0	0	0	0	0	0	0	0	0	0	0	0	0	0	0	0	0	0	0	0	1	0	0	0	4	0	17	0	53	0	0	16
574	562	46	42	17	550	19	20	0	46	42	17	9	10	17	0	108	108	51	14	538	18	20	0	19	20	0	5	10	0	0	47	50	0	0	46	42	17	0	0	0	0	4	7	0	0	9	10	17	0	108	108	51	14	526	18	20	0	18	20	0	5	10	0	0	46	50	0	0	19	20	0	0	0	0	0	0	0	0	0	5	10	0	0	47	50	0	0	46	42	17	0	0	0	0	4	0	0	0	0	0	0	0	4	7	0	0	9	10	17	0	108	108	51	14	514	18	20	0	18	20	0	5	10	0	0	46	50	0	0	18	20	0	0	0	0	0	0	0	0	0	5	10	0	0	46	50	0	0	19	20	0	0	0	0	0	0	0	0	0	0	0	0	0	0	0	0	0	5	10	0	0	47	50	0	0	46	42	17	0	0	0	0	1	0	0	0	0	0	0	0	4	0	0	0	0	0	0	0	4	7	0	0	9	10	17	0	108	108	51	14
396	388	38	16	6	380	15	0	0	38	16	6	12	0	6	0	96	48	24	6	372	13	0	0	15	0	0	4	0	0	0	40	0	0	0	38	16	6	0	0	0	0	3	8	0	0	12	0	6	0	96	48	24	6	364	13	0	0	13	0	0	4	0	0	0	38	0	0	0	15	0	0	0	0	0	0	0	0	0	0	4	0	0	0	40	0	0	0	38	16	6	0	0	0	0	2	0	0	0	0	0	0	0	3	8	0	0	12	0	6	0	96	48	24	6	356	13	0	0	13	0	0	4	0	0	0	38	0	0	0	13	0	0	0	0	0	0	0	0	0	0	4	0	0	0	38	0	0	0	15	0	0	0	0	0	0	0	0	0	0	0	0	0	0	0	0	0	0	4	0	0	0	40	0	0	0	38	16	6	0	0	0	0	2	0	0	0	0	0	0	0	2	0	0	0	0	0	0	0	3	8	0	0	12	0	6	0	96	48	24	6
876	858	73	69	72	840	44	13	60	73	69	72	44	52	59	19	176	147	288	18	822	39	0	57	44	13	60	31	0	58	13	105	13	240	9	73	69	72	6	0	38	12	7	0	72	0	44	52	59	19	176	147	288	18	804	38	0	32	39	0	57	31	0	58	5	98	0	228	5	44	13	60	2	0	37	0	2	0	60	0	31	0	58	13	105	13	240	9	73	69	72	9	0	0	34	12	13	0	140	6	0	38	12	7	0	72	0	44	52	59	19	176	147	288	18	786	36	0	23	38	0	32	30	0	48	5	96	0	128	5	39	0	57	1	0	37	0	0	0	57	0	31	0	58	5	98	0	228	5	44	13	60	3	0	0	16	8	0	0	78	2	0	37	0	2	0	60	0	31	0	58	13	105	13	240	9	73	69	72	10	0	10	8	4	13	0	65	9	0	0	34	12	13	0	140	6	0	38	12	7	0	72	0	44	52	59	19	176	147	288	18
718	703	62	63	33	688	33	23	16	62	63	33	38	36	39	5	151	131	132	35	673	29	14	16	33	23	16	27	0	38	5	84	37	64	9	62	63	33	5	0	28	0	6	0	33	0	38	36	39	5	151	131	132	35	658	28	14	14	29	14	16	27	0	38	5	79	28	64	5	33	23	16	1	0	27	0	1	0	16	0	27	0	38	5	84	37	64	9	62	63	33	4	0	0	18	14	9	0	0	5	0	28	0	6	0	33	0	38	36	39	5	151	131	132	35	643	27	14	13	28	14	14	26	0	32	5	77	28	56	5	29	14	16	1	0	27	0	0	0	16	0	27	0	38	5	79	28	64	5	33	23	16	0	0	0	16	8	0	0	0	1	0	27	0	1	0	16	0	27	0	38	5	84	37	64	9	62	63	33	4	0	0	8	3	9	0	0	4	0	0	18	14	9	0	0	5	0	28	0	6	0	33	0	38	36	39	5	151	131	132	35
965	944	93	146	56	923	51	96	49	93	146	56	46	99	53	14	216	364	224	12	902	46	95	45	51	96	49	30	96	53	8	118	241	196	9	93	146	56	6	16	32	15	10	0	0	0	46	99	53	14	216	364	224	12	881	44	95	17	46	95	45	30	96	53	0	111	240	180	5	51	96	49	1	16	32	0	3	0	0	0	30	96	53	8	118	241	196	9	93	146	56	21	0	0	34	29	31	0	140	6	16	32	15	10	0	0	0	46	99	53	14	216	364	224	12	860	42	91	8	44	95	17	29	96	43	0	109	240	68	5	46	95	45	0	16	32	0	1	0	0	0	30	96	53	0	111	240	180	5	51	96	49	15	0	0	16	13	17	0	78	1	16	32	0	3	0	0	0	30	96	53	8	118	241	196	9	93	146	56	10	44	10	8	4	11	0	65	21	0	0	34	29	31	0	140	6	16	32	15	10	0	0	0	46	99	53	14	216	364	224	12
801	784	62	57	67	767	37	42	31	62	57	67	27	28	0	71	150	143	67	59	750	35	42	6	37	42	31	19	28	0	8	94	126	31	13	62	57	67	1	0	0	22	0	0	0	14	27	28	0	71	150	143	67	59	733	35	42	0	35	42	6	19	28	0	0	92	126	6	5	37	42	31	1	0	0	0	0	0	0	0	19	28	0	8	94	126	31	13	62	57	67	0	0	0	0	8	0	0	0	1	0	0	22	0	0	0	14	27	28	0	71	150	143	67	59	716	35	42	0	35	42	0	19	28	0	0	92	126	0	5	35	42	6	1	0	0	0	0	0	0	0	19	28	0	0	92	126	6	5	37	42	31	0	0	0	0	2	0	0	0	1	0	0	0	0	0	0	0	19	28	0	8	94	126	31	13	62	57	67	4	0	0	0	3	0	0	0	0	0	0	0	8	0	0	0	1	0	0	22	0	0	0	14	27	28	0	71	150	143	67	59
613	600	47	47	24	587	23	22	0	47	47	24	25	11	0	0	109	105	72	59	574	21	22	0	23	22	0	17	11	0	0	59	55	0	13	47	47	24	1	0	0	0	3	0	0	0	25	11	0	0	109	105	72	59	561	21	22	0	21	22	0	17	11	0	0	57	55	0	5	23	22	0	1	0	0	0	0	0	0	0	17	11	0	0	59	55	0	13	47	47	24	0	0	0	0	8	0	0	0	1	0	0	0	3	0	0	0	25	11	0	0	109	105	72	59	548	21	22	0	21	22	0	17	11	0	0	57	55	0	5	21	22	0	1	0	0	0	0	0	0	0	17	11	0	0	57	55	0	5	23	22	0	0	0	0	0	2	0	0	0	1	0	0	0	0	0	0	0	17	11	0	0	59	55	0	13	47	47	24	4	0	0	0	3	0	0	0	0	0	0	0	8	0	0	0	1	0	0	0	3	0	0	0	25	11	0	0	109	105	72	59
602	589	54	40	55	576	27	22	11	54	40	55	28	0	50	33	141	104	110	185	563	26	22	11	27	22	11	26	0	22	33	75	77	22	125	54	40	55	6	0	0	0	9	9	0	0	28	0	50	33	141	104	110	185	550	25	22	11	26	22	11	26	0	22	33	73	77	22	118	27	22	11	2	0	0	0	1	0	0	0	26	0	22	33	75	77	22	125	54	40	55	4	0	0	0	17	0	0	0	6	0	0	0	9	9	0	0	28	0	50	33	141	104	110	185	537	23	22	9	25	22	11	25	0	22	27	71	77	22	63	26	22	11	2	0	0	0	1	0	0	0	26	0	22	33	73	77	22	118	27	22	11	0	0	0	0	8	0	0	0	2	0	0	0	1	0	0	0	26	0	22	33	75	77	22	125	54	40	55	0	0	11	18	0	0	0	0	4	0	0	0	17	0	0	0	6	0	0	0	9	9	0	0	28	0	50	33	141	104	110	185
717	702	68	36	88	687	41	0	40	68	36	88	39	0	109	65	167	72	264	185	672	39	0	39	41	0	40	34	0	77	63	104	0	120	125	68	36	88	11	0	0	5	12	24	0	0	39	0	109	65	167	72	264	185	657	37	0	39	39	0	39	34	0	76	63	100	0	117	118	41	0	40	6	0	0	5	2	0	0	0	34	0	77	63	104	0	120	125	68	36	88	10	0	12	0	12	0	0	0	11	0	0	5	12	24	0	0	39	0	109	65	167	72	264	185	642	32	0	35	37	0	39	30	0	76	53	96	0	117	63	39	0	39	6	0	0	5	2	0	0	0	34	0	76	63	100	0	117	118	41	0	40	3	0	10	0	12	0	0	0	6	0	0	5	2	0	0	0	34	0	77	63	104	0	120	125	68	36	88	0	0	47	34	0	0	0	0	10	0	12	0	12	0	0	0	11	0	0	5	12	24	0	0	39	0	109	65	167	72	264	185
933	912	105	161	59	891	57	116	21	105	161	59	39	133	62	53	221	440	236	161	870	55	112	21	57	116	21	34	133	32	53	110	326	84	125	105	161	59	31	36	0	0	27	18	0	0	39	133	62	53	221	440	236	161	849	48	99	21	55	112	21	34	129	32	53	106	318	84	118	57	116	21	10	0	0	0	3	0	0	0	34	133	32	53	110	326	84	125	105	161	59	24	36	12	0	25	102	59	0	31	36	0	0	27	18	0	0	39	133	62	53	221	440	236	161	828	44	90	17	48	99	21	31	120	32	43	102	300	84	63	55	112	21	10	0	0	0	3	0	0	0	34	129	32	53	106	318	84	118	57	116	21	21	0	10	0	16	90	21	0	10	0	0	0	3	0	0	0	34	133	32	53	110	326	84	125	105	161	59	4	0	47	34	0	0	59	0	24	36	12	0	25	102	59	0	31	36	0	0	27	18	0	0	39	133	62	53	221	440	236	161
586	573	71	58	9	560	29	31	9	71	58	9	41	21	36	0	167	217	45	0	547	24	30	9	29	31	9	23	20	36	0	69	134	45	0	71	58	9	8	10	9	0	15	27	0	0	41	21	36	0	167	217	45	0	534	23	30	9	24	30	9	23	20	36	0	64	130	45	0	29	31	9	4	10	9	0	2	11	0	0	23	20	36	0	69	134	45	0	71	58	9	7	0	0	0	17	0	0	0	8	10	9	0	15	27	0	0	41	21	36	0	167	217	45	0	521	22	30	9	23	30	9	22	20	36	0	62	130	45	0	24	30	9	4	10	9	0	2	10	0	0	23	20	36	0	64	130	45	0	29	31	9	3	0	0	0	11	0	0	0	4	10	9	0	2	11	0	0	23	20	36	0	69	134	45	0	71	58	9	0	0	0	0	0	0	0	0	7	0	0	0	17	0	0	0	8	10	9	0	15	27	0	0	41	21	36	0	167	217	45	0
705	689	59	77	54	673	26	60	0	59	77	54	20	80	22	0	152	189	54	252	657	26	60	0	26	60	0	20	80	0	0	73	160	0	156	59	77	54	7	0	0	0	17	0	0	0	20	80	22	0	152	189	54	252	641	24	60	0	26	60	0	20	80	0	0	73	160	0	124	26	60	0	2	0	0	0	1	0	0	0	20	80	0	0	73	160	0	156	59	77	54	4	0	0	0	20	14	0	0	7	0	0	0	17	0	0	0	20	80	22	0	152	189	54	252	625	22	60	0	24	60	0	19	80	0	0	71	160	0	63	26	60	0	2	0	0	0	1	0	0	0	20	80	0	0	73	160	0	124	26	60	0	0	0	0	0	7	10	0	0	2	0	0	0	1	0	0	0	20	80	0	0	73	160	0	156	59	77	54	0	0	11	0	0	0	0	0	4	0	0	0	20	14	0	0	7	0	0	0	17	0	0	0	20	80	22	0	152	189	54	252
889	870	73	50	146	851	47	16	104	73	50	146	48	32	60	88	137	132	292	211	832	39	0	99	47	16	104	34	0	59	75	86	32	208	81	73	50	146	11	0	69	53	4	0	146	0	48	32	60	88	137	132	292	211	813	33	0	99	39	0	99	24	0	59	75	77	0	198	80	47	16	104	9	0	58	53	4	0	104	0	34	0	59	75	86	32	208	81	73	50	146	9	0	73	0	14	0	0	0	11	0	69	53	4	0	146	0	48	32	60	88	137	132	292	211	794	33	0	99	33	0	99	24	0	59	75	77	0	198	80	39	0	99	9	0	56	53	4	0	99	0	24	0	59	75	77	0	198	80	47	16	104	9	0	58	0	14	0	0	0	9	0	58	53	4	0	104	0	34	0	59	75	86	32	208	81	73	50	146	0	0	0	0	0	0	0	0	9	0	73	0	14	0	0	0	11	0	69	53	4	0	146	0	48	32	60	88	137	132	292	211
845	827	54	17	144	809	32	0	86	54	17	144	35	0	30	160	123	85	144	265	791	28	0	59	32	0	86	25	0	29	61	84	0	86	81	54	17	144	5	0	9	45	3	0	0	105	35	0	30	160	123	85	144	265	773	27	0	58	28	0	59	24	0	29	60	78	0	59	80	32	0	86	5	0	0	43	3	0	0	76	25	0	29	61	84	0	86	81	54	17	144	3	0	9	5	11	0	0	0	5	0	9	45	3	0	0	105	35	0	30	160	123	85	144	265	755	27	0	58	27	0	58	24	0	29	60	78	0	58	80	28	0	59	5	0	0	43	3	0	0	73	24	0	29	60	78	0	59	80	32	0	86	3	0	0	5	11	0	0	0	5	0	0	43	3	0	0	76	25	0	29	61	84	0	86	81	54	17	144	0	0	0	0	0	0	0	0	3	0	9	5	11	0	0	0	5	0	9	45	3	0	0	105	35	0	30	160	123	85	144	265
584	571	49	51	24	558	25	22	9	49	51	24	32	11	10	9	95	100	96	68	545	20	22	9	25	22	9	18	11	9	9	60	44	36	30	49	51	24	5	0	9	0	3	11	0	0	32	11	10	9	95	100	96	68	532	19	22	9	20	22	9	17	11	9	9	54	44	36	30	25	22	9	5	0	0	0	3	11	0	0	18	11	9	9	60	44	36	30	49	51	24	3	0	9	0	10	0	0	0	5	0	9	0	3	11	0	0	32	11	10	9	95	100	96	68	519	19	22	9	19	22	9	17	11	9	9	54	44	36	30	20	22	9	5	0	0	0	3	11	0	0	17	11	9	9	54	44	36	30	25	22	9	3	0	0	0	10	0	0	0	5	0	0	0	3	11	0	0	18	11	9	9	60	44	36	30	49	51	24	0	0	0	0	0	0	0	0	3	0	9	0	10	0	0	0	5	0	9	0	3	11	0	0	32	11	10	9	95	100	96	68
698	683	50	59	52	668	22	9	45	50	59	52	18	45	69	22	89	108	260	9	653	19	0	45	22	9	45	10	0	68	22	46	0	225	9	50	59	52	5	0	13	0	4	0	52	0	18	45	69	22	89	108	260	9	638	19	0	45	19	0	45	10	0	68	22	42	0	225	9	22	9	45	5	0	13	0	4	0	45	0	10	0	68	22	46	0	225	9	50	59	52	3	0	0	0	4	0	0	0	5	0	13	0	4	0	52	0	18	45	69	22	89	108	260	9	623	19	0	45	19	0	45	10	0	68	22	42	0	225	9	19	0	45	5	0	13	0	4	0	45	0	10	0	68	22	42	0	225	9	22	9	45	3	0	0	0	4	0	0	0	5	0	13	0	4	0	45	0	10	0	68	22	46	0	225	9	50	59	52	0	0	0	0	0	0	0	0	3	0	0	0	4	0	0	0	5	0	13	0	4	0	52	0	18	45	69	22	89	108	260	9
728	711	73	109	26	694	37	80	0	73	109	26	31	83	0	0	127	250	78	156	677	33	69	0	37	80	0	20	58	0	0	63	182	0	70	73	109	26	21	47	9	0	17	14	26	0	31	83	0	0	127	250	78	156	660	28	66	0	33	69	0	19	55	0	0	59	165	0	69	37	80	0	5	44	0	0	3	11	0	0	20	58	0	0	63	182	0	70	73	109	26	6	33	9	0	10	44	0	0	21	47	9	0	17	14	26	0	31	83	0	0	127	250	78	156	643	28	66	0	28	66	0	19	55	0	0	59	165	0	69	33	69	0	5	44	0	0	3	11	0	0	19	55	0	0	59	165	0	69	37	80	0	6	33	0	0	10	44	0	0	5	44	0	0	3	11	0	0	20	58	0	0	63	182	0	70	73	109	26	0	0	0	0	0	0	0	0	6	33	9	0	10	44	0	0	21	47	9	0	17	14	26	0	31	83	0	0	127	250	78	156
675	660	38	54	67	645	18	14	56	38	54	67	5	0	105	26	28	24	268	52	630	18	14	56	18	14	56	5	0	94	26	21	14	224	45	38	54	67	0	0	0	0	2	0	0	0	5	0	105	26	28	24	268	52	615	18	14	56	18	14	56	5	0	94	26	21	14	224	45	18	14	56	0	0	0	0	2	0	0	0	5	0	94	26	21	14	224	45	38	54	67	0	0	0	0	0	0	0	0	0	0	0	0	2	0	0	0	5	0	105	26	28	24	268	52	600	18	14	56	18	14	56	5	0	94	26	21	14	224	45	18	14	56	0	0	0	0	2	0	0	0	5	0	94	26	21	14	224	45	18	14	56	0	0	0	0	0	0	0	0	0	0	0	0	2	0	0	0	5	0	94	26	21	14	224	45	38	54	67	0	0	0	0	0	0	0	0	0	0	0	0	0	0	0	0	0	0	0	0	2	0	0	0	5	0	105	26	28	24	268	52
459	449	29	9	49	439	16	0	20	29	9	49	8	0	16	60	35	0	49	102	429	16	0	19	16	0	20	8	0	0	56	29	0	20	54	29	9	49	4	0	0	9	3	0	0	0	8	0	16	60	35	0	49	102	419	16	0	19	16	0	19	8	0	0	56	29	0	19	54	16	0	20	4	0	0	9	3	0	0	0	8	0	0	56	29	0	20	54	29	9	49	3	0	0	0	4	0	0	0	4	0	0	9	3	0	0	0	8	0	16	60	35	0	49	102	409	16	0	19	16	0	19	8	0	0	56	29	0	19	54	16	0	19	4	0	0	9	3	0	0	0	8	0	0	56	29	0	19	54	16	0	20	3	0	0	0	4	0	0	0	4	0	0	9	3	0	0	0	8	0	0	56	29	0	20	54	29	9	49	0	0	0	0	0	0	0	0	3	0	0	0	4	0	0	0	4	0	0	9	3	0	0	0	8	0	16	60	35	0	49	102
505	494	24	10	60	483	10	0	40	24	10	60	3	0	32	46	18	0	60	76	472	10	0	40	10	0	40	3	0	21	46	14	0	40	54	24	10	60	0	0	0	0	2	0	0	0	3	0	32	46	18	0	60	76	461	10	0	40	10	0	40	3	0	21	46	14	0	40	54	10	0	40	0	0	0	0	2	0	0	0	3	0	21	46	14	0	40	54	24	10	60	0	0	0	0	0	0	0	0	0	0	0	0	2	0	0	0	3	0	32	46	18	0	60	76	450	10	0	40	10	0	40	3	0	21	46	14	0	40	54	10	0	40	0	0	0	0	2	0	0	0	3	0	21	46	14	0	40	54	10	0	40	0	0	0	0	0	0	0	0	0	0	0	0	2	0	0	0	3	0	21	46	14	0	40	54	24	10	60	0	0	0	0	0	0	0	0	0	0	0	0	0	0	0	0	0	0	0	0	2	0	0	0	3	0	32	46	18	0	60	76
812	794	57	77	94	776	36	17	35	57	77	94	23	0	116	37	58	53	470	392	758	34	17	35	36	17	35	17	0	79	37	49	17	175	244	57	77	94	8	0	24	0	4	0	0	0	23	0	116	37	58	53	470	392	740	34	17	35	34	17	35	17	0	79	37	49	17	175	212	36	17	35	8	0	22	0	4	0	0	0	17	0	79	37	49	17	175	244	57	77	94	9	0	0	0	8	0	0	0	8	0	24	0	4	0	0	0	23	0	116	37	58	53	470	392	722	34	17	35	34	17	35	17	0	79	37	49	17	175	211	34	17	35	8	0	22	0	4	0	0	0	17	0	79	37	49	17	175	212	36	17	35	9	0	0	0	8	0	0	0	8	0	22	0	4	0	0	0	17	0	79	37	49	17	175	244	57	77	94	0	0	0	0	0	0	0	0	9	0	0	0	8	0	0	0	8	0	24	0	4	0	0	0	23	0	116	37	58	53	470	392
519	507	34	37	39	495	15	27	0	34	37	39	10	18	32	0	34	46	39	248	483	14	27	0	15	27	0	6	18	0	0	25	45	0	158	34	37	39	4	0	0	0	2	9	0	0	10	18	32	0	34	46	39	248	471	14	27	0	14	27	0	6	18	0	0	25	45	0	153	15	27	0	4	0	0	0	2	9	0	0	6	18	0	0	25	45	0	158	34	37	39	3	0	0	0	4	0	0	0	4	0	0	0	2	9	0	0	10	18	32	0	34	46	39	248	459	14	27	0	14	27	0	6	18	0	0	25	45	0	153	14	27	0	4	0	0	0	2	9	0	0	6	18	0	0	25	45	0	153	15	27	0	3	0	0	0	4	0	0	0	4	0	0	0	2	9	0	0	6	18	0	0	25	45	0	158	34	37	39	0	0	0	0	0	0	0	0	3	0	0	0	4	0	0	0	4	0	0	0	2	9	0	0	10	18	32	0	34	46	39	248
719	701	69	84	92	683	57	71	66	69	84	92	55	13	52	44	85	86	92	161	665	56	71	65	57	71	66	52	13	50	43	83	86	66	91	69	84	92	8	0	0	11	6	15	0	0	55	13	52	44	85	86	92	161	647	56	71	65	56	71	65	52	13	48	43	83	86	65	91	57	71	66	8	0	0	11	6	15	0	0	52	13	50	43	83	86	66	91	69	84	92	11	0	0	0	10	0	0	0	8	0	0	11	6	15	0	0	55	13	52	44	85	86	92	161	629	56	71	65	56	71	65	52	13	48	43	83	86	65	91	56	71	65	8	0	0	11	6	15	0	0	52	13	48	43	83	86	65	91	57	71	66	11	0	0	0	10	0	0	0	8	0	0	11	6	15	0	0	52	13	50	43	83	86	66	91	69	84	92	1	0	0	0	3	0	0	0	11	0	0	0	10	0	0	0	8	0	0	11	6	15	0	0	55	13	52	44	85	86	92	161
644	629	44	38	98	614	36	36	67	44	38	98	25	24	26	105	44	36	0	161	599	36	36	64	36	36	67	25	24	24	98	44	36	0	91	44	38	98	4	0	0	37	4	0	0	0	25	24	26	105	44	36	0	161	584	36	36	64	36	36	64	25	24	22	98	44	36	0	91	36	36	67	4	0	0	37	4	0	0	0	25	24	24	98	44	36	0	91	44	38	98	6	0	0	0	4	0	0	0	4	0	0	37	4	0	0	0	25	24	26	105	44	36	0	161	569	36	36	64	36	36	64	25	24	22	98	44	36	0	91	36	36	64	4	0	0	37	4	0	0	0	25	24	22	98	44	36	0	91	36	36	67	6	0	0	0	4	0	0	0	4	0	0	37	4	0	0	0	25	24	24	98	44	36	0	91	44	38	98	0	0	0	0	0	0	0	0	6	0	0	0	4	0	0	0	4	0	0	37	4	0	0	0	25	24	26	105	44	36	0	161
350	342	25	7	46	334	22	7	21	25	7	46	19	0	0	32	25	14	0	161	326	22	7	21	22	7	21	19	0	0	32	25	14	0	91	25	7	46	0	0	0	0	4	0	0	0	19	0	0	32	25	14	0	161	318	22	7	21	22	7	21	19	0	0	32	25	14	0	91	22	7	21	0	0	0	0	4	0	0	0	19	0	0	32	25	14	0	91	25	7	46	0	0	0	0	0	0	0	0	0	0	0	0	4	0	0	0	19	0	0	32	25	14	0	161	310	22	7	21	22	7	21	19	0	0	32	25	14	0	91	22	7	21	0	0	0	0	4	0	0	0	19	0	0	32	25	14	0	91	22	7	21	0	0	0	0	0	0	0	0	0	0	0	0	4	0	0	0	19	0	0	32	25	14	0	91	25	7	46	0	0	0	0	0	0	0	0	0	0	0	0	0	0	0	0	0	0	0	0	4	0	0	0	19	0	0	32	25	14	0	161
851	830	101	149	116	809	83	121	97	101	149	116	80	90	110	75	156	123	232	94	788	83	117	68	83	121	97	80	90	108	21	139	123	194	35	101	149	116	28	52	0	61	20	0	0	172	80	90	110	75	156	123	232	94	767	79	111	57	83	117	68	80	78	99	21	139	117	136	35	83	121	97	12	52	0	23	12	0	0	104	80	90	108	21	139	123	194	35	101	149	116	20	78	0	24	22	52	0	59	28	52	0	61	20	0	0	172	80	90	110	75	156	123	232	94	746	79	111	55	79	111	57	80	78	84	21	139	117	114	35	83	117	68	12	52	0	21	12	0	0	99	80	78	99	21	139	117	136	35	83	121	97	20	78	0	20	22	52	0	21	12	52	0	23	12	0	0	104	80	90	108	21	139	123	194	35	101	149	116	5	0	0	20	3	0	0	0	20	78	0	24	22	52	0	59	28	52	0	61	20	0	0	172	80	90	110	75	156	123	232	94
510	498	27	27	63	486	23	27	9	27	27	63	21	0	0	45	30	27	0	309	474	23	27	0	23	27	9	21	0	0	0	30	27	0	151	27	27	63	0	0	0	0	5	0	0	52	21	0	0	45	30	27	0	309	462	23	27	0	23	27	0	21	0	0	0	30	27	0	150	23	27	9	0	0	0	0	5	0	0	45	21	0	0	0	30	27	0	151	27	27	63	0	0	0	0	0	0	0	0	0	0	0	0	5	0	0	52	21	0	0	45	30	27	0	309	450	23	27	0	23	27	0	21	0	0	0	30	27	0	150	23	27	0	0	0	0	0	5	0	0	45	21	0	0	0	30	27	0	150	23	27	9	0	0	0	0	0	0	0	0	0	0	0	0	5	0	0	45	21	0	0	0	30	27	0	151	27	27	63	0	0	0	0	0	0	0	0	0	0	0	0	0	0	0	0	0	0	0	0	5	0	0	52	21	0	0	45	30	27	0	309
785	763	136	183	82	741	108	167	53	136	183	82	94	211	0	80	207	389	0	208	719	105	163	52	108	167	53	81	202	0	77	160	371	0	163	136	183	82	45	53	0	12	28	57	0	0	94	211	0	80	207	389	0	208	697	100	158	50	105	163	52	81	197	0	73	156	365	0	133	108	167	53	23	53	0	11	17	53	0	0	81	202	0	77	160	371	0	163	136	183	82	54	45	0	25	27	63	0	0	45	53	0	12	28	57	0	0	94	211	0	80	207	389	0	208	675	97	157	48	100	158	50	81	192	0	71	156	362	0	122	105	163	52	20	52	0	11	15	51	0	0	81	197	0	73	156	365	0	133	108	167	53	39	45	0	23	21	61	0	0	23	53	0	11	17	53	0	0	81	202	0	77	160	371	0	163	136	183	82	17	9	0	24	5	51	0	0	54	45	0	25	27	63	0	0	45	53	0	12	28	57	0	0	94	211	0	80	207	389	0	208
725	707	105	99	99	689	89	96	81	105	99	99	83	30	0	93	183	160	0	116	671	89	96	80	89	96	81	83	30	0	90	155	152	0	97	105	99	99	40	0	0	12	22	0	0	0	83	30	0	93	183	160	0	116	653	83	84	74	89	96	80	83	30	0	82	155	152	0	68	89	96	81	20	0	0	11	11	0	0	0	83	30	0	90	155	152	0	97	105	99	99	20	132	0	61	32	66	0	0	40	0	0	12	22	0	0	0	83	30	0	93	183	160	0	116	635	83	80	59	83	84	74	83	30	0	71	153	143	0	57	89	96	80	20	0	0	11	11	0	0	0	83	30	0	82	155	152	0	68	89	96	81	20	120	0	23	25	60	0	0	20	0	0	11	11	0	0	0	83	30	0	90	155	152	0	97	105	99	99	10	40	0	68	5	0	0	59	20	132	0	61	32	66	0	0	40	0	0	12	22	0	0	0	83	30	0	93	183	160	0	116
510	497	80	54	39	484	62	53	38	80	54	39	61	7	0	15	136	109	0	0	471	62	53	38	62	53	38	61	7	0	15	107	106	0	0	80	54	39	16	0	0	0	18	0	0	0	61	7	0	15	136	109	0	0	458	61	53	37	62	53	38	61	7	0	14	107	106	0	0	62	53	38	12	0	0	0	10	0	0	0	61	7	0	15	107	106	0	0	80	54	39	30	0	0	14	38	12	0	0	16	0	0	0	18	0	0	0	61	7	0	15	136	109	0	0	445	60	50	35	61	53	37	61	7	0	12	107	106	0	0	62	53	38	12	0	0	0	10	0	0	0	61	7	0	14	107	106	0	0	62	53	38	26	0	0	12	20	12	0	0	12	0	0	0	10	0	0	0	61	7	0	15	107	106	0	0	80	54	39	21	24	0	24	12	0	0	0	30	0	0	14	38	12	0	0	16	0	0	0	18	0	0	0	61	7	0	15	136	109	0	0
546	532	109	78	0	518	89	64	0	109	78	0	77	48	0	0	180	112	0	0	504	88	64	0	89	64	0	76	48	0	0	147	96	0	0	109	78	0	57	0	0	0	39	4	0	0	77	48	0	0	180	112	0	0	490	78	55	0	88	64	0	76	48	0	0	146	96	0	0	89	64	0	33	0	0	0	17	0	0	0	76	48	0	0	147	96	0	0	109	78	0	41	63	0	0	35	58	0	0	57	0	0	0	39	4	0	0	77	48	0	0	180	112	0	0	476	75	49	0	78	55	0	68	39	0	0	140	87	0	0	88	64	0	33	0	0	0	17	0	0	0	76	48	0	0	146	96	0	0	89	64	0	35	54	0	0	20	36	0	0	33	0	0	0	17	0	0	0	76	48	0	0	147	96	0	0	109	78	0	31	39	0	0	13	8	0	0	41	63	0	0	35	58	0	0	57	0	0	0	39	4	0	0	77	48	0	0	180	112	0	0
583	568	129	93	0	553	105	75	0	129	93	0	111	86	0	0	211	144	0	0	538	99	74	0	105	75	0	98	84	0	0	171	115	0	0	129	93	0	52	6	0	0	44	16	0	0	111	86	0	0	211	144	0	0	523	86	70	0	99	74	0	76	84	0	0	159	112	0	0	105	75	0	31	6	0	0	20	6	0	0	98	84	0	0	171	115	0	0	129	93	0	38	8	0	0	27	34	0	0	52	6	0	0	44	16	0	0	111	86	0	0	211	144	0	0	508	79	58	0	86	70	0	55	76	0	0	142	112	0	0	99	74	0	27	6	0	0	20	6	0	0	76	84	0	0	159	112	0	0	105	75	0	29	0	0	0	17	12	0	0	31	6	0	0	20	6	0	0	98	84	0	0	171	115	0	0	129	93	0	29	34	0	0	12	14	0	0	38	8	0	0	27	34	0	0	52	6	0	0	44	16	0	0	111	86	0	0	211	144	0	0
663	643	136	166	9	623	107	148	7	136	166	9	124	122	0	0	217	231	9	0	603	95	145	7	107	148	7	104	120	0	0	171	205	7	0	136	166	9	52	28	0	0	48	45	0	0	124	122	0	0	217	231	9	0	583	81	129	7	95	145	7	80	112	0	0	150	201	7	0	107	148	7	27	16	0	0	22	21	0	0	104	120	0	0	171	205	7	0	136	166	9	27	24	2	0	18	6	18	0	52	28	0	0	48	45	0	0	124	122	0	0	217	231	9	0	563	70	105	7	81	129	7	59	64	0	0	137	165	7	0	95	145	7	23	16	0	0	18	18	0	0	80	112	0	0	150	201	7	0	107	148	7	18	0	0	0	15	0	14	0	27	16	0	0	22	21	0	0	104	120	0	0	171	205	7	0	135	166	9	20	0	32	0	7	0	36	0	27	24	2	0	18	6	18	0	52	28	0	0	48	45	0	0	124	122	0	0	216	231	9	0
491	477	130	73	6	463	116	62	0	130	73	6	128	42	0	0	182	62	6	0	449	109	56	0	116	62	0	113	36	0	0	174	54	0	0	130	73	6	56	0	0	0	52	18	6	0	128	42	0	0	182	62	6	0	435	94	56	0	109	56	0	93	36	0	0	166	48	0	0	116	62	0	29	0	0	0	25	0	0	0	113	36	0	0	174	54	0	0	130	73	6	40	0	2	0	22	0	0	0	56	0	0	0	52	18	6	0	128	42	0	0	182	62	6	0	421	83	56	0	94	56	0	64	36	0	0	150	48	0	0	109	56	0	25	0	0	0	24	0	0	0	93	36	0	0	166	48	0	0	116	62	0	27	0	0	0	18	0	0	0	29	0	0	0	25	0	0	0	113	36	0	0	174	54	0	0	130	73	6	27	0	4	0	10	0	0	0	40	0	2	0	22	0	0	0	56	0	0	0	52	18	6	0	128	42	0	0	182	62	6	0
757	738	129	145	6	719	96	122	0	129	145	6	108	161	0	0	203	316	6	0	700	83	104	0	96	122	0	88	131	0	0	140	262	0	0	129	145	6	39	130	0	0	47	52	0	0	108	161	0	0	203	316	6	0	681	67	72	0	83	104	0	62	111	0	0	115	206	0	0	96	122	0	12	98	0	0	20	28	0	0	88	131	0	0	140	262	0	0	129	145	6	22	72	2	0	31	52	24	0	39	130	0	0	47	52	0	0	108	161	0	0	203	316	6	0	662	58	51	0	67	72	0	41	57	0	0	95	166	0	0	83	104	0	8	86	0	0	16	24	0	0	62	111	0	0	115	206	0	0	96	122	0	11	54	0	0	16	40	0	0	12	98	0	0	20	28	0	0	88	131	0	0	140	262	0	0	129	145	6	9	96	4	0	0	0	12	0	22	72	2	0	31	52	24	0	39	130	0	0	47	52	0	0	108	161	0	0	203	316	6	0
848	825	153	224	2	802	130	170	0	153	224	2	111	319	0	0	213	209	6	0	779	114	131	0	130	170	0	96	179	0	0	199	157	0	0	153	224	2	34	107	0	0	47	103	8	0	111	319	0	0	213	209	6	0	756	101	103	0	114	131	0	90	64	0	0	179	106	0	0	130	170	0	22	20	0	0	27	32	0	0	96	179	0	0	199	157	0	0	153	224	2	18	15	2	0	21	29	10	0	34	107	0	0	47	103	8	0	111	319	0	0	213	209	6	0	733	91	98	0	101	103	0	66	39	0	0	161	83	0	0	114	131	0	22	0	0	0	20	20	0	0	90	64	0	0	179	106	0	0	130	170	0	8	0	0	0	14	16	0	0	22	20	0	0	27	32	0	0	96	179	0	0	199	157	0	0	153	224	2	16	0	4	0	3	0	2	0	18	15	2	0	21	29	10	0	34	107	0	0	47	103	8	0	111	319	0	0	213	209	6	0
497	481	95	105	0	465	74	85	0	95	105	0	92	102	0	0	135	126	0	0	449	58	79	0	74	85	0	69	102	0	0	106	104	0	0	95	105	0	40	24	0	0	38	52	0	0	92	102	0	0	135	126	0	0	433	44	63	0	58	79	0	43	90	0	0	80	96	0	0	74	85	0	19	0	0	0	16	24	0	0	69	102	0	0	106	104	0	0	95	105	0	17	16	0	0	13	16	0	0	40	24	0	0	38	52	0	0	92	102	0	0	135	126	0	0	417	37	55	0	44	63	0	22	66	0	0	62	68	0	0	58	79	0	15	0	0	0	11	16	0	0	43	90	0	0	80	96	0	0	74	85	0	8	0	0	0	10	12	0	0	19	0	0	0	16	24	0	0	69	102	0	0	106	104	0	0	95	105	0	10	0	0	0	0	0	0	0	17	16	0	0	13	16	0	0	40	24	0	0	38	52	0	0	92	102	0	0	135	126	0	0
488	473	70	78	15	458	54	65	0	70	78	15	67	54	26	0	66	37	15	8	443	34	44	0	54	65	0	32	33	0	0	48	29	0	0	70	78	15	4	0	37	0	15	8	45	0	67	54	26	0	66	37	15	8	428	30	44	0	34	44	0	17	33	0	0	31	22	0	0	54	65	0	0	0	0	0	15	7	0	0	32	33	0	0	48	29	0	0	70	78	15	0	0	13	0	8	0	0	0	4	0	37	0	15	8	45	0	67	54	26	0	66	37	15	8	413	30	44	0	30	44	0	17	33	0	0	23	22	0	0	34	44	0	0	0	0	0	1	0	0	0	17	33	0	0	31	22	0	0	54	65	0	0	0	0	0	8	0	0	0	0	0	0	0	15	7	0	0	32	33	0	0	48	29	0	0	70	78	15	0	0	0	0	0	0	0	0	0	0	13	0	8	0	0	0	4	0	37	0	15	8	45	0	67	54	26	0	66	37	15	8
478	464	84	67	21	450	69	63	0	84	67	21	87	24	20	0	118	78	0	17	436	44	39	0	69	63	0	53	24	0	0	99	74	0	7	84	67	21	19	0	73	0	18	24	84	0	87	24	20	0	118	78	0	17	422	33	33	0	44	39	0	24	0	0	0	68	50	0	7	69	63	0	15	0	0	0	18	24	0	0	53	24	0	0	99	74	0	7	84	67	21	8	0	49	0	12	12	21	0	19	0	73	0	18	24	84	0	87	24	20	0	118	78	0	17	408	30	33	0	33	33	0	18	0	0	0	38	44	0	7	44	39	0	3	0	0	0	0	0	0	0	24	0	0	0	68	50	0	7	69	63	0	8	0	0	0	12	12	0	0	15	0	0	0	18	24	0	0	53	24	0	0	99	74	0	7	84	67	21	7	0	18	0	0	0	0	0	8	0	49	0	12	12	21	0	19	0	73	0	18	24	84	0	87	24	20	0	118	78	0	17
411	401	58	29	5	391	45	20	0	58	29	5	55	20	20	0	59	11	5	2	381	28	0	0	45	20	0	21	0	0	0	42	5	0	0	58	29	5	4	0	25	0	10	12	20	0	55	20	20	0	59	11	5	2	371	24	0	0	28	0	0	10	0	0	0	25	0	0	0	45	20	0	0	0	0	0	10	10	0	0	21	0	0	0	42	5	0	0	58	29	5	2	0	5	0	6	12	0	0	4	0	25	0	10	12	20	0	55	20	20	0	59	11	5	2	361	24	0	0	24	0	0	10	0	0	0	18	0	0	0	28	0	0	0	0	0	0	1	0	0	0	10	0	0	0	25	0	0	0	45	20	0	2	0	0	0	6	10	0	0	0	0	0	0	10	10	0	0	21	0	0	0	42	5	0	0	58	29	5	1	0	0	0	0	0	0	0	2	0	5	0	6	12	0	0	4	0	25	0	10	12	20	0	55	20	20	0	59	11	5	2
378	368	41	35	0	358	31	15	0	41	35	0	18	24	0	0	24	18	0	0	348	23	9	0	31	15	0	9	0	0	0	20	0	0	0	41	35	0	0	0	0	0	5	0	0	0	18	24	0	0	24	18	0	0	338	23	9	0	23	9	0	9	0	0	0	18	0	0	0	31	15	0	0	0	0	0	4	0	0	0	9	0	0	0	20	0	0	0	41	35	0	0	0	0	0	4	0	0	0	0	0	0	0	5	0	0	0	18	24	0	0	24	18	0	0	328	23	9	0	23	9	0	9	0	0	0	18	0	0	0	23	9	0	0	0	0	0	1	0	0	0	9	0	0	0	18	0	0	0	31	15	0	0	0	0	0	2	0	0	0	0	0	0	0	4	0	0	0	9	0	0	0	20	0	0	0	41	35	0	0	0	0	0	0	0	0	0	0	0	0	0	4	0	0	0	0	0	0	0	5	0	0	0	18	24	0	0	24	18	0	0
264	256	33	23	0	248	25	15	0	33	23	0	23	6	0	0	22	6	0	0	240	16	12	0	25	15	0	8	0	0	0	14	0	0	0	33	23	0	0	0	0	0	4	0	0	0	23	6	0	0	22	6	0	0	232	16	12	0	16	12	0	8	0	0	0	12	0	0	0	25	15	0	0	0	0	0	4	0	0	0	8	0	0	0	14	0	0	0	33	23	0	0	0	0	0	2	0	0	0	0	0	0	0	4	0	0	0	23	6	0	0	22	6	0	0	224	16	12	0	16	12	0	8	0	0	0	12	0	0	0	16	12	0	0	0	0	0	1	0	0	0	8	0	0	0	12	0	0	0	25	15	0	0	0	0	0	2	0	0	0	0	0	0	0	4	0	0	0	8	0	0	0	14	0	0	0	33	23	0	0	0	0	0	0	0	0	0	0	0	0	0	2	0	0	0	0	0	0	0	4	0	0	0	23	6	0	0	22	6	0	0
509	491	83	107	33	473	57	93	11	83	107	33	38	60	90	21	99	82	33	20	455	55	93	0	57	93	11	31	60	25	0	80	72	11	0	83	107	33	2	0	8	0	16	17	0	8	38	60	90	21	99	82	33	20	437	55	93	0	55	93	0	31	60	0	0	79	72	0	0	57	93	11	2	0	5	0	5	12	0	0	31	60	25	0	80	72	11	0	83	107	33	0	0	0	0	8	0	0	0	2	0	8	0	16	17	0	8	38	60	90	21	99	82	33	20	419	55	93	0	55	93	0	31	60	0	0	79	72	0	0	55	93	0	2	0	0	0	5	12	0	0	31	60	0	0	79	72	0	0	57	93	11	0	0	0	0	0	0	0	0	2	0	5	0	5	12	0	0	31	60	25	0	80	72	11	0	83	107	33	4	0	0	0	3	0	0	0	0	0	0	0	8	0	0	0	2	0	8	0	16	17	0	8	38	60	90	21	99	82	33	20
437	423	75	72	11	409	56	59	5	75	72	11	40	8	46	15	106	60	22	0	395	54	59	0	56	59	5	35	8	25	0	92	60	10	0	75	72	11	6	0	8	0	15	6	0	2	40	8	46	15	106	60	22	0	381	52	59	0	54	59	0	33	8	0	0	87	60	0	0	56	59	5	6	0	5	0	8	0	0	0	35	8	25	0	92	60	10	0	75	72	11	2	0	0	0	6	12	0	0	6	0	8	0	15	6	0	2	40	8	46	15	106	60	22	0	367	52	59	0	52	59	0	33	8	0	0	82	60	0	0	54	59	0	6	0	0	0	8	0	0	0	33	8	0	0	87	60	0	0	56	59	5	2	0	0	0	2	0	0	0	6	0	5	0	8	0	0	0	35	8	25	0	92	60	10	0	75	72	11	5	0	0	0	3	0	0	0	2	0	0	0	6	12	0	0	6	0	8	0	15	6	0	2	40	8	46	15	106	60	22	0
395	379	78	104	8	363	48	89	5	78	104	8	47	65	40	15	99	215	16	0	347	44	89	0	48	89	5	35	65	25	0	79	202	10	0	78	104	8	6	0	8	0	14	28	0	2	47	65	40	15	99	215	16	0	331	42	89	0	44	89	0	33	65	0	0	74	202	0	0	48	89	5	6	0	5	0	8	22	0	0	35	65	25	0	79	202	10	0	78	104	8	2	0	0	0	6	8	0	0	6	0	8	0	14	28	0	2	47	65	40	15	99	215	16	0	315	42	89	0	42	89	0	33	65	0	0	69	202	0	0	44	89	0	6	0	0	0	8	22	0	0	33	65	0	0	74	202	0	0	48	89	5	2	0	0	0	2	0	0	0	6	0	5	0	8	22	0	0	35	65	25	0	79	202	10	0	78	104	8	1	0	0	0	0	0	0	0	2	0	0	0	6	8	0	0	6	0	8	0	14	28	0	2	47	65	40	15	99	215	16	0
244	238	34	8	11	232	23	0	5	34	8	11	15	0	46	15	35	0	22	0	226	22	0	0	23	0	5	10	0	25	0	31	0	10	0	34	8	11	0	0	8	0	8	0	0	2	15	0	46	15	35	0	22	0	220	22	0	0	22	0	0	10	0	0	0	30	0	0	0	23	0	5	0	0	5	0	2	0	0	0	10	0	25	0	31	0	10	0	34	8	11	0	0	0	0	6	0	0	0	0	0	8	0	8	0	0	2	15	0	46	15	35	0	22	0	214	22	0	0	22	0	0	10	0	0	0	30	0	0	0	22	0	0	0	0	0	0	2	0	0	0	10	0	0	0	30	0	0	0	23	0	5	0	0	0	0	0	0	0	0	0	0	5	0	2	0	0	0	10	0	25	0	31	0	10	0	34	8	11	0	0	0	0	0	0	0	0	0	0	0	0	6	0	0	0	0	0	8	0	8	0	0	2	15	0	46	15	35	0	22	0
228	220	27	19	6	212	17	15	0	27	19	6	6	0	9	0	22	20	6	0	204	17	15	0	17	15	0	6	0	0	0	12	20	0	0	27	19	6	0	0	0	0	4	0	0	0	6	0	9	0	22	20	6	0	196	17	15	0	17	15	0	6	0	0	0	12	20	0	0	17	15	0	0	0	0	0	1	0	0	0	6	0	0	0	12	20	0	0	27	19	6	0	0	0	0	2	0	0	0	0	0	0	0	4	0	0	0	6	0	9	0	22	20	6	0	188	17	15	0	17	15	0	6	0	0	0	12	20	0	0	17	15	0	0	0	0	0	1	0	0	0	6	0	0	0	12	20	0	0	17	15	0	0	0	0	0	0	0	0	0	0	0	0	0	1	0	0	0	6	0	0	0	12	20	0	0	27	19	6	0	0	0	0	0	0	0	0	0	0	0	0	2	0	0	0	0	0	0	0	4	0	0	0	6	0	9	0	22	20	6	0
626	610	76	53	53	594	53	51	38	76	53	53	45	24	56	37	134	143	0	19	578	46	39	21	53	51	38	30	24	52	20	82	138	0	10	76	53	53	10	0	27	29	9	0	53	26	45	24	56	37	134	143	0	19	562	43	13	2	46	39	21	27	0	37	0	58	90	0	0	53	51	38	4	0	27	0	4	0	38	0	30	24	52	20	82	138	0	10	76	53	53	2	26	7	8	5	26	106	8	10	0	27	29	9	0	53	26	45	24	56	37	134	143	0	19	546	43	12	0	43	13	2	27	0	4	0	54	26	0	0	46	39	21	4	0	24	0	4	0	21	0	27	0	37	0	58	90	0	0	53	51	38	2	24	7	0	2	24	76	0	4	0	27	0	4	0	38	0	30	24	52	20	82	138	0	10	76	53	53	8	12	0	0	0	0	0	0	2	26	7	8	5	26	106	8	10	0	27	29	9	0	53	26	45	24	56	37	134	143	0	19
477	465	59	21	52	453	41	10	46	59	21	52	32	10	72	44	101	54	52	0	441	35	0	21	41	10	46	20	0	68	20	56	40	46	0	59	21	52	3	0	21	35	0	0	52	41	32	10	72	44	101	54	52	0	429	32	0	0	35	0	21	15	0	49	0	35	0	21	0	41	10	46	1	0	21	0	0	0	46	0	20	0	68	20	56	40	46	0	59	21	52	4	0	7	0	7	0	0	17	3	0	21	35	0	0	52	41	32	10	72	44	101	54	52	0	417	32	0	0	32	0	0	15	0	0	0	28	0	0	0	35	0	21	1	0	18	0	0	0	21	0	15	0	49	0	35	0	21	0	41	10	46	4	0	7	0	4	0	0	7	1	0	21	0	0	0	46	0	20	0	68	20	56	40	46	0	59	21	52	7	0	0	0	0	0	0	0	4	0	7	0	7	0	0	17	3	0	21	35	0	0	52	41	32	10	72	44	101	54	52	0
473	461	62	41	38	449	38	14	34	62	41	38	24	42	72	32	112	106	114	0	437	33	0	21	38	14	34	17	0	68	20	55	35	102	0	62	41	38	3	0	21	35	0	0	76	21	24	42	72	32	112	106	114	0	425	30	0	0	33	0	21	12	0	49	0	35	0	63	0	38	14	34	1	0	21	0	0	0	68	0	17	0	68	20	55	35	102	0	62	41	38	4	0	7	0	8	0	0	17	3	0	21	35	0	0	76	21	24	42	72	32	112	106	114	0	413	30	0	0	30	0	0	12	0	0	0	28	0	0	0	33	0	21	1	0	18	0	0	0	42	0	12	0	49	0	35	0	63	0	38	14	34	4	0	7	0	4	0	0	7	1	0	21	0	0	0	68	0	17	0	68	20	55	35	102	0	62	41	38	7	0	0	0	0	0	0	0	4	0	7	0	8	0	0	17	3	0	21	35	0	0	76	21	24	42	72	32	112	106	114	0
400	390	29	0	50	380	24	0	36	29	0	50	17	0	32	56	50	0	0	11	370	19	0	11	24	0	36	10	0	28	20	41	0	0	5	29	0	50	2	0	21	21	0	0	0	41	17	0	32	56	50	0	0	11	360	16	0	0	19	0	11	5	0	17	0	21	0	0	0	24	0	36	0	0	21	0	0	0	0	0	10	0	28	20	41	0	0	5	29	0	50	4	0	7	0	4	0	0	8	2	0	21	21	0	0	0	41	17	0	32	56	50	0	0	11	350	16	0	0	16	0	0	5	0	0	0	14	0	0	0	19	0	11	0	0	18	0	0	0	0	0	5	0	17	0	21	0	0	0	24	0	36	4	0	7	0	4	0	0	0	0	0	21	0	0	0	0	0	10	0	28	20	41	0	0	5	29	0	50	7	0	0	0	0	0	0	0	4	0	7	0	4	0	0	8	2	0	21	21	0	0	0	41	17	0	32	56	50	0	0	11
480	468	44	0	65	456	43	0	26	44	0	65	20	0	12	62	54	0	0	69	444	42	0	5	43	0	26	20	0	8	20	53	0	0	26	44	0	65	0	0	0	15	3	0	0	20	20	0	12	62	54	0	0	69	432	40	0	0	42	0	5	18	0	5	0	49	0	0	0	43	0	26	0	0	0	0	3	0	0	0	20	0	8	20	53	0	0	26	44	0	65	2	0	0	0	2	0	0	2	0	0	0	15	3	0	0	20	20	0	12	62	54	0	0	69	420	40	0	0	40	0	0	18	0	0	0	44	0	0	0	42	0	5	0	0	0	0	3	0	0	0	18	0	5	0	49	0	0	0	43	0	26	2	0	0	0	2	0	0	0	0	0	0	0	3	0	0	0	20	0	8	20	53	0	0	26	44	0	65	1	0	0	0	0	0	0	0	2	0	0	0	2	0	0	2	0	0	0	15	3	0	0	20	20	0	12	62	54	0	0	69
737	718	58	60	116	699	29	0	113	58	60	116	16	0	103	20	113	150	464	0	680	28	0	113	29	0	113	13	0	102	20	42	0	452	0	58	60	116	1	0	16	0	1	0	0	0	16	0	103	20	113	150	464	0	661	28	0	112	28	0	113	13	0	102	18	41	0	452	0	29	0	113	1	0	16	0	1	0	0	0	13	0	102	20	42	0	452	0	58	60	116	0	0	0	6	12	0	0	0	1	0	16	0	1	0	0	0	16	0	103	20	113	150	464	0	642	28	0	101	28	0	112	13	0	102	2	41	0	448	0	28	0	113	1	0	16	0	1	0	0	0	13	0	102	18	41	0	452	0	29	0	113	0	0	0	0	2	0	0	0	1	0	16	0	1	0	0	0	13	0	102	20	42	0	452	0	58	60	116	5	0	0	15	0	0	0	9	0	0	0	6	12	0	0	0	1	0	16	0	1	0	0	0	16	0	103	20	113	150	464	0
445	432	37	40	44	419	17	22	35	37	40	44	6	0	14	14	60	49	88	38	406	17	22	35	17	22	35	6	0	0	14	19	22	70	34	37	40	44	1	0	0	0	0	0	0	0	6	0	14	14	60	49	88	38	393	17	22	34	17	22	35	6	0	0	12	19	22	70	21	17	22	35	1	0	0	0	0	0	0	0	6	0	0	14	19	22	70	34	37	40	44	0	0	0	6	4	0	0	0	1	0	0	0	0	0	0	0	6	0	14	14	60	49	88	38	380	17	22	27	17	22	34	6	0	0	0	19	22	68	0	17	22	35	1	0	0	0	0	0	0	0	6	0	0	12	19	22	70	21	17	22	35	0	0	0	0	0	0	0	0	1	0	0	0	0	0	0	0	6	0	0	14	19	22	70	34	37	40	44	0	0	0	7	0	0	0	9	0	0	0	6	4	0	0	0	1	0	0	0	0	0	0	0	6	0	14	14	60	49	88	38
543	529	33	33	73	515	12	0	73	33	33	73	2	0	35	0	60	66	219	0	501	12	0	73	12	0	73	2	0	35	0	15	0	219	0	33	33	73	0	0	0	0	0	0	0	0	2	0	35	0	60	66	219	0	487	12	0	73	12	0	73	2	0	35	0	15	0	219	0	12	0	73	0	0	0	0	0	0	0	0	2	0	35	0	15	0	219	0	33	33	73	0	0	0	0	7	0	0	0	0	0	0	0	0	0	0	0	2	0	35	0	60	66	219	0	473	12	0	72	12	0	73	2	0	35	0	15	0	219	0	12	0	73	0	0	0	0	0	0	0	0	2	0	35	0	15	0	219	0	12	0	73	0	0	0	0	0	0	0	0	0	0	0	0	0	0	0	0	2	0	35	0	15	0	219	0	33	33	73	0	0	0	7	0	0	0	0	0	0	0	0	7	0	0	0	0	0	0	0	0	0	0	0	2	0	35	0	60	66	219	0
619	603	60	55	62	587	29	0	45	60	55	62	19	0	54	66	105	165	310	38	571	28	0	45	29	0	45	16	0	27	66	30	0	225	34	60	55	62	1	0	11	0	0	0	0	0	19	0	54	66	105	165	310	38	555	28	0	41	28	0	45	16	0	27	54	28	0	225	21	29	0	45	1	0	7	0	0	0	0	0	16	0	27	66	30	0	225	34	60	55	62	2	0	0	20	18	0	0	0	1	0	11	0	0	0	0	0	19	0	54	66	105	165	310	38	539	28	0	20	28	0	41	16	0	24	2	28	0	205	0	28	0	45	1	0	7	0	0	0	0	0	16	0	27	54	28	0	225	21	29	0	45	2	0	0	0	2	0	0	0	1	0	7	0	0	0	0	0	16	0	27	66	30	0	225	34	60	55	62	8	0	0	15	0	0	0	15	2	0	0	20	18	0	0	0	1	0	11	0	0	0	0	0	19	0	54	66	105	165	310	38
512	495	49	71	82	478	28	60	47	49	71	82	17	0	57	144	73	59	82	90	461	27	60	43	28	60	47	14	0	21	124	27	48	47	80	49	71	82	1	0	11	32	0	0	0	0	17	0	57	144	73	59	82	90	444	27	60	30	27	60	43	14	0	21	73	25	48	43	42	28	60	47	1	0	7	20	0	0	0	0	14	0	21	124	27	48	47	80	49	71	82	2	0	0	35	3	0	0	21	1	0	11	32	0	0	0	0	17	0	57	144	73	59	82	90	427	27	60	9	27	60	30	14	0	18	0	25	48	30	0	27	60	43	1	0	7	0	0	0	0	0	14	0	21	73	25	48	43	42	28	60	47	2	0	0	0	2	0	0	0	1	0	7	20	0	0	0	0	14	0	21	124	27	48	47	80	49	71	82	6	0	0	0	0	0	0	17	2	0	0	35	3	0	0	21	1	0	11	32	0	0	0	0	17	0	57	144	73	59	82	90
909	885	59	63	201	861	27	0	155	59	63	201	10	0	158	86	109	126	603	251	837	27	0	150	27	0	155	10	0	155	76	33	0	465	231	59	63	201	5	0	0	34	8	0	0	0	10	0	158	86	109	126	603	251	813	24	0	150	27	0	150	10	0	151	76	33	0	450	231	27	0	155	0	0	0	34	1	0	0	0	10	0	155	76	33	0	465	231	59	63	201	23	0	0	0	37	63	0	0	5	0	0	34	8	0	0	0	10	0	158	86	109	126	603	251	789	10	0	149	24	0	150	10	0	151	74	31	0	450	226	27	0	150	0	0	0	30	1	0	0	0	10	0	151	76	33	0	450	231	27	0	155	0	0	0	0	2	0	0	0	0	0	0	34	1	0	0	0	10	0	155	76	33	0	465	231	59	63	201	3	0	126	6	0	0	0	0	23	0	0	0	37	63	0	0	5	0	0	34	8	0	0	0	10	0	158	86	109	126	603	251
644	627	25	30	137	610	6	0	86	25	30	137	0	0	37	65	48	45	274	295	593	6	0	86	6	0	86	0	0	36	65	6	0	172	266	25	30	137	5	0	0	0	4	0	0	0	0	0	37	65	48	45	274	295	576	3	0	86	6	0	86	0	0	36	65	6	0	172	266	6	0	86	0	0	0	0	0	0	0	0	0	0	36	65	6	0	172	266	25	30	137	0	0	0	0	15	45	0	0	5	0	0	0	4	0	0	0	0	0	37	65	48	45	274	295	559	3	0	86	3	0	86	0	0	36	65	4	0	172	260	6	0	86	0	0	0	0	0	0	0	0	0	0	36	65	6	0	172	266	6	0	86	0	0	0	0	0	0	0	0	0	0	0	0	0	0	0	0	0	0	36	65	6	0	172	266	25	30	137	0	0	0	0	0	0	0	0	0	0	0	0	15	45	0	0	5	0	0	0	4	0	0	0	0	0	37	65	48	45	274	295
603	587	45	55	87	571	11	0	73	45	55	87	1	0	120	38	95	165	435	62	555	10	0	69	11	0	73	0	0	117	30	12	0	365	45	45	55	87	20	0	10	28	20	0	0	0	1	0	120	38	95	165	435	62	539	4	0	69	10	0	69	0	0	113	30	8	0	345	45	11	0	73	0	0	10	28	1	0	0	0	0	0	117	30	12	0	365	45	45	55	87	2	0	0	0	20	66	0	0	20	0	10	28	20	0	0	0	1	0	120	38	95	165	435	62	523	2	0	68	4	0	69	0	0	113	28	6	0	345	41	10	0	69	0	0	10	24	0	0	0	0	0	0	113	30	8	0	345	45	11	0	73	0	0	0	0	0	0	0	0	0	0	10	28	1	0	0	0	0	0	117	30	12	0	365	45	45	55	87	0	0	26	6	0	0	0	0	2	0	0	0	20	66	0	0	20	0	10	28	20	0	0	0	1	0	120	38	95	165	435	62
455	443	25	11	77	431	8	0	17	25	11	77	0	0	20	21	46	11	77	377	419	8	0	10	8	0	17	0	0	20	0	6	0	17	313	25	11	77	1	0	0	0	2	0	0	38	0	0	20	21	46	11	77	377	407	7	0	10	8	0	10	0	0	20	0	6	0	10	309	8	0	17	0	0	0	0	0	0	0	34	0	0	20	0	6	0	17	313	25	11	77	0	0	0	0	16	11	0	0	1	0	0	0	2	0	0	38	0	0	20	21	46	11	77	377	395	7	0	10	7	0	10	0	0	20	0	6	0	10	290	8	0	10	0	0	0	0	0	0	0	21	0	0	20	0	6	0	10	309	8	0	17	0	0	0	0	0	0	0	0	0	0	0	0	0	0	0	34	0	0	20	0	6	0	17	313	25	11	77	0	0	0	0	0	0	0	0	0	0	0	0	16	11	0	0	1	0	0	0	2	0	0	38	0	0	20	21	46	11	77	377
528	514	31	40	72	500	7	0	40	31	40	72	0	0	37	53	63	100	288	178	486	7	0	7	7	0	40	0	0	35	14	8	0	160	158	31	40	72	5	0	0	28	13	0	0	143	0	0	37	53	63	100	288	178	472	4	0	7	7	0	7	0	0	7	14	8	0	28	158	7	0	40	0	0	0	28	0	0	0	118	0	0	35	14	8	0	160	158	31	40	72	4	0	0	0	17	30	0	0	5	0	0	28	13	0	0	143	0	0	37	53	63	100	288	178	458	1	0	6	4	0	7	0	0	7	12	6	0	28	153	7	0	7	0	0	0	24	0	0	0	63	0	0	7	14	8	0	28	158	7	0	40	0	0	0	0	0	0	0	0	0	0	0	28	0	0	0	118	0	0	35	14	8	0	160	158	31	40	72	0	0	38	6	0	0	0	0	4	0	0	0	17	30	0	0	5	0	0	28	13	0	0	143	0	0	37	53	63	100	288	178
662	644	47	33	161	626	31	17	82	47	33	161	19	0	11	137	67	16	161	574	608	26	16	81	31	17	82	16	0	11	134	25	0	82	371	47	33	161	22	16	37	16	20	32	0	0	19	0	11	137	67	16	161	574	590	10	0	81	26	16	81	9	0	11	134	21	0	81	322	31	17	82	2	0	37	16	2	0	0	0	16	0	11	134	25	0	82	371	47	33	161	0	0	115	0	0	0	161	0	22	16	37	16	20	32	0	0	19	0	11	137	67	16	161	574	572	9	0	81	10	0	81	6	0	11	134	13	0	81	322	26	16	81	2	0	37	16	2	0	0	0	9	0	11	134	21	0	81	322	31	17	82	0	0	108	0	0	0	82	0	2	0	37	16	2	0	0	0	16	0	11	134	25	0	82	371	47	33	161	0	0	7	0	0	0	0	0	0	0	115	0	0	0	161	0	22	16	37	16	20	32	0	0	19	0	11	137	67	16	161	574
514	500	45	40	74	486	20	0	46	45	40	74	23	0	22	80	52	120	296	159	472	13	0	46	20	0	46	1	0	21	80	13	0	184	113	45	40	74	21	0	11	0	15	60	0	0	23	0	22	80	52	120	296	159	458	6	0	46	13	0	46	0	0	21	80	12	0	184	76	20	0	46	0	0	11	0	0	0	0	0	1	0	21	80	13	0	184	113	45	40	74	0	0	11	0	0	0	0	0	21	0	11	0	15	60	0	0	23	0	22	80	52	120	296	159	444	6	0	46	6	0	46	0	0	21	80	10	0	184	76	13	0	46	0	0	11	0	0	0	0	0	0	0	21	80	12	0	184	76	20	0	46	0	0	11	0	0	0	0	0	0	0	11	0	0	0	0	0	1	0	21	80	13	0	184	113	45	40	74	0	0	0	0	0	0	0	0	0	0	11	0	0	0	0	0	21	0	11	0	15	60	0	0	23	0	22	80	52	120	296	159
642	624	51	73	121	606	31	47	56	51	73	121	16	0	0	97	69	103	242	497	588	29	43	54	31	47	56	14	0	0	91	33	64	112	354	51	73	121	22	52	0	22	21	26	0	0	16	0	0	97	69	103	242	497	570	15	17	38	29	43	54	14	0	0	67	33	60	108	312	31	47	56	6	0	0	14	4	0	0	0	14	0	0	91	33	64	112	354	51	73	121	0	0	110	28	0	0	242	53	22	52	0	22	21	26	0	0	16	0	0	97	69	103	242	497	552	14	17	38	15	17	38	11	0	0	67	23	34	76	312	29	43	54	6	0	0	14	4	0	0	0	14	0	0	67	33	60	108	312	31	47	56	0	0	96	28	0	0	112	38	6	0	0	14	4	0	0	0	14	0	0	91	33	64	112	354	51	73	121	0	0	7	0	0	0	0	0	0	0	110	28	0	0	242	53	22	52	0	22	21	26	0	0	16	0	0	97	69	103	242	497
710	690	87	122	79	670	58	67	64	87	122	79	66	0	11	46	97	214	395	87	650	48	52	64	58	67	64	44	0	11	46	65	38	320	73	87	122	79	13	165	46	0	21	66	0	0	66	0	11	46	97	214	395	87	630	29	19	64	48	52	64	32	0	11	46	59	38	320	69	58	67	64	7	0	46	0	7	0	0	0	44	0	11	46	65	38	320	73	87	122	79	0	0	160	0	2	0	237	0	13	165	46	0	21	66	0	0	66	0	11	46	97	214	395	87	610	27	19	64	29	19	64	24	0	11	46	48	38	320	69	48	52	64	6	0	46	0	7	0	0	0	32	0	11	46	59	38	320	69	58	67	64	0	0	153	0	2	0	192	0	7	0	46	0	7	0	0	0	44	0	11	46	65	38	320	73	87	122	79	0	0	16	0	3	0	0	0	0	0	160	0	2	0	237	0	13	165	46	0	21	66	0	0	66	0	11	46	97	214	395	87
404	393	32	24	55	382	13	0	12	32	24	55	6	0	0	12	43	56	165	360	371	10	0	12	13	0	12	0	0	0	12	10	0	36	268	32	24	55	20	0	0	0	16	24	0	0	6	0	0	12	43	56	165	360	360	3	0	0	10	0	12	0	0	0	0	10	0	36	226	13	0	12	0	0	0	0	0	0	0	0	0	0	0	12	10	0	36	268	32	24	55	0	0	13	0	0	0	0	53	20	0	0	0	16	24	0	0	6	0	0	12	43	56	165	360	349	3	0	0	3	0	0	0	0	0	0	6	0	0	226	10	0	12	0	0	0	0	0	0	0	0	0	0	0	0	10	0	36	226	13	0	12	0	0	12	0	0	0	0	38	0	0	0	0	0	0	0	0	0	0	0	12	10	0	36	268	32	24	55	0	0	0	0	0	0	0	0	0	0	13	0	0	0	0	53	20	0	0	0	16	24	0	0	6	0	0	12	43	56	165	360
570	554	35	59	75	538	18	11	42	35	59	75	18	44	43	44	19	11	300	208	522	9	0	41	18	11	42	0	0	40	43	13	0	168	122	35	59	75	0	0	47	10	0	0	75	0	18	44	43	44	19	11	300	208	506	9	0	41	9	0	41	0	0	40	43	13	0	164	122	18	11	42	0	0	11	10	0	0	42	0	0	0	40	43	13	0	168	122	35	59	75	0	0	0	0	0	0	0	0	0	0	47	10	0	0	75	0	18	44	43	44	19	11	300	208	490	9	0	41	9	0	41	0	0	40	43	13	0	164	110	9	0	41	0	0	11	10	0	0	41	0	0	0	40	43	13	0	164	122	18	11	42	0	0	0	0	0	0	0	0	0	0	11	10	0	0	42	0	0	0	40	43	13	0	168	122	35	59	75	0	0	0	0	0	0	0	0	0	0	0	0	0	0	0	0	0	0	47	10	0	0	75	0	18	44	43	44	19	11	300	208
448	435	41	41	58	422	24	30	0	41	41	58	25	18	0	0	30	24	58	490	409	14	12	0	24	30	0	6	0	0	0	25	24	0	260	41	41	58	2	0	75	0	2	0	116	0	25	18	0	0	30	24	58	490	396	14	12	0	14	12	0	6	0	0	0	23	24	0	257	24	30	0	2	0	0	0	2	0	0	0	6	0	0	0	25	24	0	260	41	41	58	0	0	0	0	0	0	0	0	2	0	75	0	2	0	116	0	25	18	0	0	30	24	58	490	383	14	12	0	14	12	0	6	0	0	0	23	24	0	229	14	12	0	2	0	0	0	2	0	0	0	6	0	0	0	23	24	0	257	24	30	0	0	0	0	0	0	0	0	0	2	0	0	0	2	0	0	0	6	0	0	0	25	24	0	260	41	41	58	0	0	0	0	0	0	0	0	0	0	0	0	0	0	0	0	2	0	75	0	2	0	116	0	25	18	0	0	30	24	58	490
358	348	31	16	42	338	17	0	0	31	16	42	21	0	0	0	17	0	84	329	328	6	0	0	17	0	0	0	0	0	0	12	0	0	178	31	16	42	0	0	59	0	0	0	0	0	21	0	0	0	17	0	84	329	318	6	0	0	6	0	0	0	0	0	0	10	0	0	176	17	0	0	0	0	0	0	0	0	0	0	0	0	0	0	12	0	0	178	31	16	42	0	0	0	0	0	0	0	0	0	0	59	0	0	0	0	0	21	0	0	0	17	0	84	329	308	6	0	0	6	0	0	0	0	0	0	10	0	0	148	6	0	0	0	0	0	0	0	0	0	0	0	0	0	0	10	0	0	176	17	0	0	0	0	0	0	0	0	0	0	0	0	0	0	0	0	0	0	0	0	0	0	12	0	0	178	31	16	42	0	0	0	0	0	0	0	0	0	0	0	0	0	0	0	0	0	0	59	0	0	0	0	0	21	0	0	0	17	0	84	329
556	539	53	105	21	522	35	60	0	53	105	21	41	90	0	0	46	74	105	153	505	29	42	0	35	60	0	35	0	0	0	44	56	0	110	53	105	21	4	0	33	0	7	0	63	0	41	90	0	0	46	74	105	153	488	29	42	0	29	42	0	35	0	0	0	44	56	0	110	35	60	0	4	0	0	0	7	0	0	0	35	0	0	0	44	56	0	110	53	105	21	0	0	0	0	0	0	0	0	4	0	33	0	7	0	63	0	41	90	0	0	46	74	105	153	471	29	42	0	29	42	0	35	0	0	0	44	56	0	110	29	42	0	4	0	0	0	7	0	0	0	35	0	0	0	44	56	0	110	35	60	0	0	0	0	0	0	0	0	0	4	0	0	0	7	0	0	0	35	0	0	0	44	56	0	110	53	105	21	0	0	0	0	0	0	0	0	0	0	0	0	0	0	0	0	4	0	33	0	7	0	63	0	41	90	0	0	46	74	105	153
320	311	28	20	11	302	15	0	0	28	20	11	21	0	0	0	13	5	44	79	293	6	0	0	15	0	0	0	0	0	0	9	0	0	64	28	20	11	0	0	33	0	0	0	0	0	21	0	0	0	13	5	44	79	284	6	0	0	6	0	0	0	0	0	0	9	0	0	64	15	0	0	0	0	0	0	0	0	0	0	0	0	0	0	9	0	0	64	28	20	11	0	0	0	0	0	0	0	0	0	0	33	0	0	0	0	0	21	0	0	0	13	5	44	79	275	6	0	0	6	0	0	0	0	0	0	9	0	0	64	6	0	0	0	0	0	0	0	0	0	0	0	0	0	0	9	0	0	64	15	0	0	0	0	0	0	0	0	0	0	0	0	0	0	0	0	0	0	0	0	0	0	9	0	0	64	28	20	11	0	0	0	0	0	0	0	0	0	0	0	0	0	0	0	0	0	0	33	0	0	0	0	0	21	0	0	0	13	5	44	79
545	529	27	29	114	513	15	15	90	27	29	114	16	0	101	23	19	15	114	107	497	15	15	85	15	15	90	16	0	71	20	19	15	90	42	27	29	114	0	0	0	59	3	0	0	0	16	0	101	23	19	15	114	107	481	15	15	85	15	15	85	16	0	62	20	19	15	85	41	15	15	90	0	0	0	59	3	0	0	0	16	0	71	20	19	15	90	42	27	29	114	0	0	0	0	0	0	0	0	0	0	0	59	3	0	0	0	16	0	101	23	19	15	114	107	465	15	15	85	15	15	85	16	0	62	20	19	15	85	41	15	15	85	0	0	0	59	3	0	0	0	16	0	62	20	19	15	85	41	15	15	90	0	0	0	0	0	0	0	0	0	0	0	59	3	0	0	0	16	0	71	20	19	15	90	42	27	29	114	0	0	0	0	0	0	0	0	0	0	0	0	0	0	0	0	0	0	0	59	3	0	0	0	16	0	101	23	19	15	114	107
315	306	9	0	52	297	4	0	20	9	0	52	0	0	29	20	5	0	0	149	288	4	0	20	4	0	20	0	0	0	20	5	0	0	42	9	0	52	0	0	0	0	0	0	0	0	0	0	29	20	5	0	0	149	279	4	0	20	4	0	20	0	0	0	20	5	0	0	41	4	0	20	0	0	0	0	0	0	0	0	0	0	0	20	5	0	0	42	9	0	52	0	0	0	0	0	0	0	0	0	0	0	0	0	0	0	0	0	0	29	20	5	0	0	149	270	4	0	20	4	0	20	0	0	0	20	5	0	0	41	4	0	20	0	0	0	0	0	0	0	0	0	0	0	20	5	0	0	41	4	0	20	0	0	0	0	0	0	0	0	0	0	0	0	0	0	0	0	0	0	0	20	5	0	0	42	9	0	52	0	0	0	0	0	0	0	0	0	0	0	0	0	0	0	0	0	0	0	0	0	0	0	0	0	0	29	20	5	0	0	149
280	272	19	0	31	264	12	0	9	19	0	31	16	0	29	0	16	0	0	107	256	12	0	9	12	0	9	16	0	0	0	16	0	0	42	19	0	31	0	0	0	0	3	0	0	0	16	0	29	0	16	0	0	107	248	12	0	9	12	0	9	16	0	0	0	16	0	0	41	12	0	9	0	0	0	0	3	0	0	0	16	0	0	0	16	0	0	42	19	0	31	0	0	0	0	0	0	0	0	0	0	0	0	3	0	0	0	16	0	29	0	16	0	0	107	240	12	0	9	12	0	9	16	0	0	0	16	0	0	41	12	0	9	0	0	0	0	3	0	0	0	16	0	0	0	16	0	0	41	12	0	9	0	0	0	0	0	0	0	0	0	0	0	0	3	0	0	0	16	0	0	0	16	0	0	42	19	0	31	0	0	0	0	0	0	0	0	0	0	0	0	0	0	0	0	0	0	0	0	3	0	0	0	16	0	29	0	16	0	0	107
555	536	57	122	72	517	32	88	66	57	122	72	35	176	138	0	52	133	144	21	498	28	88	63	32	88	66	19	176	120	0	42	121	132	0	57	122	72	4	0	10	35	6	33	0	0	35	176	138	0	52	133	144	21	479	28	88	63	28	88	63	19	176	109	0	42	121	126	0	32	88	66	4	0	10	35	6	33	0	0	19	176	120	0	42	121	132	0	57	122	72	0	0	0	0	2	0	0	0	4	0	10	35	6	33	0	0	35	176	138	0	52	133	144	21	460	28	88	63	28	88	63	19	176	109	0	42	121	126	0	28	88	63	4	0	9	35	6	33	0	0	19	176	109	0	42	121	126	0	32	88	66	0	0	0	0	2	0	0	0	4	0	10	35	6	33	0	0	19	176	120	0	42	121	132	0	57	122	72	0	0	0	0	3	0	0	0	0	0	0	0	2	0	0	0	4	0	10	35	6	33	0	0	35	176	138	0	52	133	144	21
280	272	12	0	39	264	5	0	0	12	0	39	0	0	47	0	7	0	0	207	256	5	0	0	5	0	0	0	0	0	0	7	0	0	42	12	0	39	0	0	0	0	0	0	0	0	0	0	47	0	7	0	0	207	248	5	0	0	5	0	0	0	0	0	0	7	0	0	41	5	0	0	0	0	0	0	0	0	0	0	0	0	0	0	7	0	0	42	12	0	39	0	0	0	0	0	0	0	0	0	0	0	0	0	0	0	0	0	0	47	0	7	0	0	207	240	5	0	0	5	0	0	0	0	0	0	7	0	0	41	5	0	0	0	0	0	0	0	0	0	0	0	0	0	0	7	0	0	41	5	0	0	0	0	0	0	0	0	0	0	0	0	0	0	0	0	0	0	0	0	0	0	7	0	0	42	12	0	39	0	0	0	0	0	0	0	0	0	0	0	0	0	0	0	0	0	0	0	0	0	0	0	0	0	0	47	0	7	0	0	207
505	489	43	39	147	473	38	39	107	43	39	147	41	0	11	175	64	52	0	186	457	38	39	75	38	39	107	41	0	10	91	64	52	0	156	43	39	147	6	0	0	69	11	0	0	154	41	0	11	175	64	52	0	186	441	38	39	58	38	39	75	41	0	10	83	64	52	0	148	38	39	107	6	0	0	11	11	0	0	42	41	0	10	91	64	52	0	156	43	39	147	0	0	0	68	2	0	0	79	6	0	0	69	11	0	0	154	41	0	11	175	64	52	0	186	425	38	39	58	38	39	58	41	0	9	83	64	52	0	148	38	39	75	6	0	0	11	11	0	0	41	41	0	10	83	64	52	0	148	38	39	107	0	0	0	68	2	0	0	64	6	0	0	11	11	0	0	42	41	0	10	91	64	52	0	156	43	39	147	0	0	0	0	3	0	0	0	0	0	0	68	2	0	0	79	6	0	0	69	11	0	0	154	41	0	11	175	64	52	0	186
488	471	54	84	87	454	43	72	70	54	84	87	49	128	11	70	77	100	0	72	437	41	70	59	43	72	70	41	120	10	40	72	90	0	66	54	84	87	7	20	0	55	11	20	0	21	49	128	11	70	77	100	0	72	420	41	70	42	41	70	59	41	120	10	35	72	90	0	63	43	72	70	7	20	0	0	11	20	0	0	41	120	10	40	72	90	0	66	54	84	87	0	0	0	68	3	0	0	79	7	20	0	55	11	20	0	21	49	128	11	70	77	100	0	72	403	41	70	40	41	70	42	41	120	9	35	72	90	0	63	41	70	59	7	20	0	0	11	20	0	0	41	120	10	35	72	90	0	63	43	72	70	0	0	0	65	3	0	0	64	7	20	0	0	11	20	0	0	41	120	10	40	72	90	0	66	54	84	87	0	0	0	18	3	0	0	0	0	0	0	68	3	0	0	79	7	20	0	55	11	20	0	21	49	128	11	70	77	100	0	72
614	594	64	83	147	574	52	77	138	64	83	147	56	94	21	79	100	108	0	0	554	50	75	115	52	77	138	48	90	20	40	95	105	0	0	64	83	147	13	30	0	97	12	30	0	79	56	94	21	79	100	108	0	0	534	50	75	65	50	75	115	48	90	20	35	95	105	0	0	52	77	138	13	30	0	0	12	30	0	0	48	90	20	40	95	105	0	0	64	83	147	0	0	0	105	3	0	0	361	13	30	0	97	12	30	0	79	56	94	21	79	100	108	0	0	514	50	75	59	50	75	65	48	90	16	35	95	105	0	0	50	75	115	13	30	0	0	12	30	0	0	48	90	20	35	95	105	0	0	52	77	138	0	0	0	96	3	0	0	202	13	30	0	0	12	30	0	0	48	90	20	40	95	105	0	0	64	83	147	0	0	0	63	3	0	0	0	0	0	0	105	3	0	0	361	13	30	0	97	12	30	0	79	56	94	21	79	100	108	0	0
429	414	68	73	54	399	54	57	53	68	73	54	64	78	51	10	116	66	54	0	384	52	54	53	54	57	53	56	72	50	10	110	63	53	0	68	73	54	17	27	0	0	17	18	0	0	64	78	51	10	116	66	54	0	369	52	54	46	52	54	53	56	72	50	9	110	63	53	0	54	57	53	17	27	0	0	17	18	0	0	56	72	50	10	110	63	53	0	68	73	54	12	0	0	63	5	0	0	0	17	27	0	0	17	18	0	0	64	78	51	10	116	66	54	0	354	52	54	42	52	54	46	56	72	46	9	110	63	46	0	52	54	53	17	27	0	0	17	18	0	0	56	72	50	9	110	63	53	0	54	57	53	12	0	0	57	5	0	0	0	17	27	0	0	17	18	0	0	56	72	50	10	110	63	53	0	68	73	54	4	0	0	33	6	0	0	0	12	0	0	63	5	0	0	0	17	27	0	0	17	18	0	0	64	78	51	10	116	66	54	0
631	610	100	125	132	589	81	94	131	100	125	132	71	79	101	10	154	126	264	0	568	79	90	129	81	94	131	63	75	100	10	147	122	262	0	100	125	132	19	60	0	26	19	30	0	0	71	79	101	10	154	126	264	0	547	79	90	106	79	90	129	63	75	100	9	147	120	258	0	81	94	131	19	60	0	0	19	30	0	0	63	75	100	10	147	122	262	0	100	125	132	18	0	0	105	4	0	0	121	19	60	0	26	19	30	0	0	71	79	101	10	154	126	264	0	526	79	90	99	79	90	106	63	75	96	9	147	120	212	0	79	90	129	19	60	0	0	19	30	0	0	63	75	100	9	147	120	258	0	81	94	131	18	0	0	94	4	0	0	56	19	60	0	0	19	30	0	0	63	75	100	10	147	122	262	0	100	125	132	8	0	0	76	9	0	0	0	18	0	0	105	4	0	0	121	19	60	0	26	19	30	0	0	71	79	101	10	154	126	264	0
459	442	130	113	22	425	93	86	22	130	113	22	83	138	50	0	296	300	44	0	408	87	80	22	93	86	22	64	120	50	0	205	231	44	0	130	113	22	19	48	0	0	27	23	0	0	83	138	50	0	296	300	44	0	391	85	80	22	87	80	22	61	120	50	0	187	216	44	0	93	86	22	12	48	0	0	12	8	0	0	64	120	50	0	205	231	44	0	121	113	22	29	0	0	0	6	14	0	0	19	48	0	0	27	23	0	0	83	138	50	0	269	300	44	0	375	81	80	22	85	80	22	61	120	50	0	186	216	44	0	87	80	22	9	48	0	0	10	8	0	0	61	120	50	0	187	216	44	0	88	86	22	13	0	0	0	4	11	0	0	12	48	0	0	12	8	0	0	64	120	50	0	189	231	44	0	114	97	22	17	0	0	0	24	44	0	0	29	0	0	0	6	14	0	0	19	48	0	0	27	23	0	0	79	138	50	0	244	236	44	0
498	479	128	155	23	460	76	124	23	128	155	23	69	140	89	0	319	451	69	0	441	73	109	23	76	124	23	64	95	89	0	192	376	69	0	118	155	23	11	12	0	0	26	12	69	0	69	140	89	0	297	451	69	0	423	73	105	23	73	109	23	64	83	89	0	189	325	69	0	70	124	23	11	0	0	0	6	0	69	0	64	95	89	0	179	376	69	0	105	137	23	6	0	0	0	21	0	23	0	11	12	0	0	26	12	69	0	60	140	89	0	256	379	69	0	406	71	105	23	73	105	23	64	83	89	0	189	321	69	0	67	109	23	11	0	0	0	6	0	69	0	64	83	89	0	176	325	69	0	61	107	23	1	0	0	0	3	0	23	0	11	0	0	0	6	0	69	0	55	95	89	0	149	308	69	0	95	120	23	7	0	0	0	22	20	0	0	6	0	0	0	21	0	23	0	11	12	0	0	26	12	69	0	54	123	89	0	221	311	69	0
558	538	113	126	96	518	91	120	64	113	126	96	92	69	0	113	200	243	0	186	498	88	115	63	91	120	64	79	66	0	108	162	223	0	184	113	126	96	33	71	0	10	25	41	0	0	92	69	0	113	200	243	0	186	478	86	103	63	88	115	63	79	66	0	108	158	217	0	182	91	120	64	26	59	0	10	18	35	0	0	79	66	0	108	162	223	0	184	113	126	96	21	144	0	0	6	24	0	0	33	71	0	10	25	41	0	0	92	69	0	113	200	243	0	186	458	83	99	59	86	103	63	79	66	0	94	158	211	0	152	88	115	63	23	55	0	9	16	33	0	0	79	66	0	108	158	217	0	182	91	120	64	6	132	0	0	4	22	0	0	26	59	0	10	18	35	0	0	79	66	0	108	162	223	0	184	112	126	96	6	44	0	30	14	33	0	0	21	144	0	0	6	24	0	0	33	71	0	10	25	41	0	0	92	69	0	113	196	243	0	186
483	463	112	141	72	443	91	139	54	112	141	72	83	18	0	54	208	215	0	132	423	90	139	54	91	139	54	78	18	0	54	160	205	0	131	112	141	72	28	0	0	0	26	11	0	0	83	18	0	54	208	215	0	132	403	90	139	54	90	139	54	78	18	0	54	156	205	0	129	91	139	54	28	0	0	0	19	9	0	0	78	18	0	54	160	205	0	131	112	141	72	35	0	0	0	5	0	0	0	28	0	0	0	26	11	0	0	83	18	0	54	208	215	0	132	383	87	135	54	90	139	54	78	18	0	54	156	205	0	106	90	139	54	25	0	0	0	17	9	0	0	78	18	0	54	156	205	0	129	91	139	54	20	0	0	0	3	0	0	0	28	0	0	0	19	9	0	0	78	18	0	54	160	205	0	131	110	141	72	11	44	0	0	18	33	0	0	35	0	0	0	5	0	0	0	28	0	0	0	26	11	0	0	83	18	0	54	200	215	0	132
439	423	124	92	34	407	103	77	31	124	92	34	106	64	0	28	275	148	34	0	391	98	77	31	103	77	31	88	64	0	28	217	96	31	0	124	92	34	25	0	0	0	23	19	0	0	106	64	0	28	275	148	34	0	375	97	77	31	98	77	31	85	64	0	28	200	96	31	0	103	77	31	22	0	0	0	15	8	0	0	88	64	0	28	217	96	31	0	121	92	34	29	0	0	0	7	0	0	0	25	0	0	0	23	19	0	0	106	64	0	28	265	148	34	0	359	93	75	31	97	77	31	85	64	0	28	199	96	31	0	98	77	31	19	0	0	0	13	8	0	0	85	64	0	28	200	96	31	0	100	77	31	13	0	0	0	5	0	0	0	22	0	0	0	15	8	0	0	88	64	0	28	207	96	31	0	114	92	34	18	24	0	0	23	48	0	0	29	0	0	0	7	0	0	0	25	0	0	0	23	19	0	0	104	64	0	28	243	148	34	0
448	433	49	27	117	418	33	27	114	46	27	117	34	0	30	33	115	55	0	0	404	26	14	114	33	27	114	17	0	30	33	73	55	0	0	39	13	117	0	0	25	0	2	0	117	0	34	0	30	33	98	13	0	0	390	26	14	114	26	14	114	17	0	30	33	65	42	0	0	26	13	114	0	0	25	0	0	0	114	0	17	0	30	33	56	13	0	0	33	13	117	0	0	0	0	3	0	0	0	0	0	25	0	2	0	117	0	26	0	30	33	78	13	0	0	376	26	14	114	26	14	114	17	0	30	33	65	42	0	0	19	0	114	0	0	25	0	0	0	114	0	17	0	30	33	48	0	0	0	20	13	114	0	0	0	0	3	0	0	0	0	0	25	0	0	0	114	0	9	0	30	33	36	13	0	0	32	13	117	0	0	0	0	5	0	0	0	0	0	0	0	3	0	0	0	0	0	25	0	2	0	117	0	24	0	30	33	74	13	0	0
392	376	84	95	36	360	52	82	23	84	95	36	46	60	12	33	217	266	36	45	344	48	75	23	52	82	23	39	53	0	33	134	218	23	45	71	95	36	8	0	4	0	7	0	36	0	46	60	12	33	189	266	36	45	330	48	75	23	48	75	23	39	53	0	33	130	211	23	45	45	82	23	8	0	0	0	3	0	23	0	39	53	0	33	118	218	23	45	60	67	36	2	0	0	0	8	0	0	0	8	0	4	0	7	0	36	0	37	60	12	33	154	182	36	45	317	47	75	23	48	75	23	39	53	0	33	130	211	23	45	41	75	23	8	0	0	0	3	0	23	0	39	53	0	33	114	211	23	45	38	56	23	1	0	0	0	1	0	0	0	8	0	0	0	3	0	23	0	30	53	0	33	94	140	23	45	55	54	36	3	0	0	0	13	10	0	0	2	0	0	0	8	0	0	0	8	0	4	0	7	0	36	0	35	34	12	33	134	130	36	45
322	307	61	73	49	292	39	67	42	55	73	49	29	60	12	33	143	149	0	23	280	34	59	42	39	67	42	21	60	0	33	98	137	0	23	44	37	49	2	0	14	0	3	0	49	0	29	60	12	33	117	77	0	23	270	34	59	42	34	59	42	21	60	0	33	93	129	0	23	34	37	42	2	0	10	0	1	0	42	0	21	60	0	33	84	77	0	23	38	17	49	2	0	0	0	0	0	0	0	2	0	14	0	3	0	49	0	27	0	12	33	97	17	0	23	260	33	59	42	34	59	42	21	60	0	33	93	129	0	23	29	29	42	2	0	10	0	1	0	42	0	21	60	0	33	79	69	0	23	28	17	42	1	0	0	0	0	0	0	0	2	0	10	0	1	0	42	0	19	0	0	33	64	17	0	23	35	17	49	0	0	0	0	4	9	0	0	2	0	0	0	0	0	0	0	2	0	14	0	3	0	49	0	23	0	12	33	85	17	0	23
509	492	90	75	61	475	60	27	42	90	75	61	61	44	49	20	223	222	244	79	458	52	16	42	60	27	42	45	0	37	20	138	75	168	76	77	75	61	6	0	29	0	6	0	61	0	61	44	49	20	193	222	244	79	442	52	16	42	52	16	42	45	0	37	20	129	64	168	76	51	27	42	6	0	25	0	2	0	42	0	45	0	37	20	117	75	168	76	70	59	61	0	0	0	0	21	0	0	0	6	0	29	0	6	0	61	0	52	44	49	20	169	158	244	79	426	52	16	42	52	16	42	45	0	37	20	129	64	168	76	43	16	42	6	0	25	0	2	0	42	0	45	0	37	20	108	64	168	76	44	11	42	0	0	0	0	4	0	0	0	6	0	25	0	2	0	42	0	36	0	37	20	93	11	168	76	67	59	61	2	0	0	0	18	0	0	0	0	0	0	0	21	0	0	0	6	0	29	0	6	0	61	0	49	44	49	20	157	158	244	79
375	363	54	45	37	351	28	10	35	54	45	37	13	50	30	20	129	115	185	0	339	24	0	35	28	10	35	7	0	30	20	62	15	175	0	48	45	37	7	0	25	0	7	0	74	0	13	50	30	20	114	115	185	0	327	21	0	35	24	0	35	7	0	30	20	58	0	175	0	22	10	35	1	0	25	0	0	0	70	0	7	0	30	20	47	15	175	0	45	45	37	6	0	0	0	24	30	0	0	7	0	25	0	7	0	74	0	10	50	30	20	102	115	185	0	315	19	0	35	21	0	35	4	0	30	20	54	0	175	0	18	0	35	1	0	25	0	0	0	70	0	7	0	30	20	43	0	175	0	19	10	35	0	0	0	0	1	15	0	0	1	0	25	0	0	0	70	0	4	0	30	20	35	15	175	0	45	45	37	0	0	0	0	5	15	0	0	6	0	0	0	24	30	0	0	7	0	25	0	7	0	74	0	10	50	30	20	102	115	185	0
278	268	42	27	34	258	19	9	15	39	27	34	12	0	39	45	95	66	102	98	249	18	9	15	18	9	15	7	0	15	45	45	18	45	77	36	18	34	8	0	0	0	11	6	0	0	11	0	39	45	88	48	102	98	240	15	9	15	17	9	15	7	0	15	45	41	18	45	77	15	0	15	2	0	0	0	0	0	0	0	6	0	15	45	38	0	45	77	33	18	34	6	0	0	0	18	18	0	0	7	0	0	0	11	6	0	0	8	0	39	45	76	48	102	98	231	13	9	15	14	9	15	4	0	15	45	37	18	45	77	14	0	15	2	0	0	0	0	0	0	0	6	0	15	45	34	0	45	77	12	0	15	0	0	0	0	1	0	0	0	1	0	0	0	0	0	0	0	3	0	15	45	26	0	45	77	33	18	34	0	0	0	0	4	6	0	0	6	0	0	0	18	18	0	0	7	0	0	0	11	6	0	0	8	0	39	45	76	48	102	98
287	277	36	23	43	267	16	9	24	36	23	43	5	0	39	45	73	48	86	98	257	16	9	24	16	9	24	5	0	15	45	37	27	48	77	33	23	43	7	0	0	0	6	0	0	0	5	0	39	45	66	48	86	98	247	13	9	24	16	9	24	5	0	15	45	37	27	48	77	13	9	24	1	0	0	0	0	0	0	0	5	0	15	45	30	27	48	77	31	23	43	6	0	0	0	18	21	0	0	7	0	0	0	6	0	0	0	3	0	39	45	58	48	86	98	237	11	9	24	13	9	24	2	0	15	45	33	27	48	77	13	9	24	1	0	0	0	0	0	0	0	5	0	15	45	30	27	48	77	11	9	24	0	0	0	0	1	0	0	0	1	0	0	0	0	0	0	0	3	0	15	45	22	27	48	77	31	23	43	0	0	0	0	4	7	0	0	6	0	0	0	18	21	0	0	7	0	0	0	6	0	0	0	3	0	39	45	58	48	86	98
400	387	62	30	52	374	38	0	32	62	30	52	19	0	28	19	160	60	156	98	361	38	0	28	38	0	32	19	0	4	7	103	0	96	77	58	30	52	13	0	0	0	11	0	0	23	19	0	28	19	151	60	156	98	348	33	0	28	38	0	28	19	0	0	7	103	0	84	77	34	0	32	1	0	0	0	1	0	0	23	19	0	4	7	94	0	96	77	53	30	52	6	0	0	0	25	50	0	0	13	0	0	0	11	0	0	23	16	0	28	19	131	60	156	98	335	31	0	28	33	0	28	16	0	0	7	96	0	84	77	34	0	28	1	0	0	0	1	0	0	23	19	0	0	7	94	0	84	77	29	0	32	0	0	0	0	4	0	0	0	1	0	0	0	1	0	0	23	16	0	4	7	74	0	96	77	52	30	52	0	0	0	0	6	10	0	0	6	0	0	0	25	50	0	0	13	0	0	0	11	0	0	23	15	0	28	19	127	60	156	98
394	380	101	69	12	366	65	45	4	101	69	12	57	0	17	12	256	172	48	37	352	65	44	0	65	45	4	57	0	4	0	170	112	16	35	95	69	12	21	10	0	0	28	0	0	23	57	0	17	12	242	172	48	37	338	58	40	0	65	44	0	57	0	0	0	170	110	0	35	59	45	4	4	10	0	0	9	0	0	23	57	0	4	0	156	112	16	35	88	69	12	4	24	0	0	27	48	0	0	21	10	0	0	28	0	0	23	50	0	17	12	214	172	48	37	324	57	34	0	58	40	0	54	0	0	0	162	98	0	35	59	44	0	4	10	0	0	9	0	0	23	57	0	0	0	156	110	0	35	52	45	4	2	0	0	0	7	12	0	0	4	10	0	0	9	0	0	23	50	0	4	0	128	112	16	35	81	69	12	6	0	0	0	12	6	12	0	4	24	0	0	27	48	0	0	19	10	0	0	28	0	0	23	44	0	17	12	190	172	48	37
384	369	103	80	30	354	64	49	4	100	80	30	56	13	35	12	276	240	150	134	340	63	49	0	63	49	4	51	13	4	0	178	148	20	100	91	66	30	22	0	0	0	24	6	0	23	55	13	35	12	255	212	150	134	327	57	49	0	62	49	0	51	13	0	0	174	148	0	100	58	36	4	6	0	0	0	3	0	0	23	50	13	4	0	166	122	20	100	81	53	30	6	0	0	0	19	36	0	0	21	0	0	0	24	6	0	23	48	0	35	12	217	160	150	134	314	55	49	0	56	49	0	48	13	0	0	167	148	0	100	57	36	0	6	0	0	0	3	0	0	23	50	13	0	0	162	122	0	100	48	23	4	0	0	0	0	5	0	0	0	5	0	0	0	3	0	0	23	43	0	4	0	128	70	20	100	73	53	30	2	0	0	0	9	6	0	0	6	0	0	0	19	36	0	0	19	0	0	0	24	6	0	23	40	0	35	12	189	160	150	134
564	542	94	94	133	520	65	75	83	88	94	133	49	38	0	133	243	282	133	171	500	62	75	29	64	75	83	40	38	0	42	171	243	83	79	74	54	133	20	0	0	97	19	34	0	300	48	38	0	133	211	182	133	171	481	55	75	25	61	75	29	40	38	0	30	167	243	29	67	54	37	83	4	0	0	85	1	0	0	256	39	38	0	42	148	148	83	79	62	35	133	2	0	6	0	4	0	0	23	19	0	0	97	19	34	0	300	36	0	0	133	167	106	133	171	462	54	75	25	54	75	25	37	38	0	30	157	243	25	67	51	37	29	4	0	0	85	1	0	0	256	39	38	0	30	144	148	29	67	42	18	83	0	0	0	0	4	0	0	23	3	0	0	85	1	0	0	256	27	0	0	42	104	72	83	79	56	35	133	0	0	0	0	3	0	0	0	2	0	6	0	4	0	0	23	17	0	0	97	19	34	0	300	28	0	0	133	144	106	133	171
475	458	99	87	45	441	76	64	5	98	87	45	69	36	0	25	225	114	90	171	424	72	58	0	75	64	5	57	36	0	0	173	64	10	79	90	87	45	18	60	0	0	20	30	0	37	68	36	0	25	206	114	90	171	407	68	26	0	71	58	0	57	30	0	0	169	56	0	67	67	64	5	8	0	0	0	6	0	0	35	56	36	0	0	154	64	10	79	83	87	45	5	20	6	0	14	0	135	0	17	60	0	0	20	30	0	37	59	36	0	25	178	114	90	171	390	68	16	0	67	26	0	57	0	0	0	163	16	0	67	63	58	0	8	0	0	0	6	0	0	35	56	30	0	0	150	56	0	67	60	64	5	5	0	0	0	14	0	15	0	7	0	0	0	6	0	0	35	47	36	0	0	126	64	10	79	82	87	45	7	0	0	0	3	0	45	0	5	20	6	0	14	0	135	0	15	60	0	0	20	30	0	37	57	36	0	25	173	114	90	171
359	344	96	80	12	330	57	43	0	92	66	12	59	55	0	0	184	232	60	64	317	51	36	0	55	30	0	37	24	0	0	125	96	0	19	78	53	12	23	12	0	0	14	36	12	0	56	42	0	0	151	206	60	64	305	45	36	0	49	24	0	37	24	0	0	125	72	0	15	45	18	0	7	12	0	0	3	0	0	0	34	12	0	0	101	72	0	19	71	41	12	2	0	0	0	11	0	0	0	22	0	0	0	14	36	12	0	46	30	0	0	123	158	60	64	293	44	36	0	43	24	0	34	24	0	0	118	72	0	15	39	12	0	7	12	0	0	3	0	0	0	34	12	0	0	101	48	0	15	38	6	0	0	0	0	0	11	0	0	0	6	0	0	0	3	0	0	0	24	0	0	0	73	24	0	19	70	41	12	0	0	0	0	3	0	0	0	2	0	0	0	11	0	0	0	20	0	0	0	14	36	12	0	44	30	0	0	118	158	60	64
442	424	124	124	22	406	78	97	0	122	124	22	66	72	0	0	266	401	66	94	388	73	91	0	76	97	0	49	72	0	0	174	314	0	40	109	124	22	30	42	0	0	44	36	0	0	63	72	0	0	235	401	66	94	371	65	77	0	71	91	0	49	72	0	0	170	305	0	28	67	97	0	9	0	0	0	21	12	0	0	46	72	0	0	152	314	0	40	99	107	22	4	0	6	0	19	36	44	0	28	42	0	0	44	36	0	0	52	72	0	0	195	333	66	94	354	64	77	0	63	77	0	46	72	0	0	161	284	0	28	62	91	0	9	0	0	0	16	12	0	0	46	72	0	0	148	305	0	28	57	80	0	2	0	0	0	12	36	0	0	7	0	0	0	21	12	0	0	35	72	0	0	112	246	0	40	93	107	22	7	0	0	0	13	0	0	0	4	0	6	0	19	36	44	0	26	42	0	0	44	36	0	0	45	72	0	0	170	333	66	94
372	354	112	130	12	336	62	99	0	104	130	12	48	93	0	0	243	421	48	42	320	58	93	0	59	99	0	36	89	0	0	148	316	0	8	88	98	12	19	50	0	0	21	18	0	0	44	93	0	0	206	341	48	42	306	52	87	0	55	93	0	36	89	0	0	144	311	0	0	51	71	0	7	26	0	0	3	0	0	0	32	89	0	0	129	246	0	8	75	70	12	2	0	6	0	13	0	12	0	17	50	0	0	20	18	0	0	37	37	0	0	158	229	48	42	293	51	87	0	49	87	0	33	89	0	0	134	311	0	0	47	67	0	7	26	0	0	3	0	0	0	32	89	0	0	125	246	0	0	43	45	0	0	0	0	0	12	0	0	0	5	26	0	0	3	0	0	0	25	37	0	0	97	142	0	8	71	57	12	0	0	0	0	3	0	0	0	2	0	6	0	13	0	12	0	17	24	0	0	20	18	0	0	33	11	0	0	143	164	48	42
371	358	89	40	46	345	67	18	0	86	40	46	59	36	6	0	152	36	92	224	332	57	0	0	64	18	0	41	0	0	0	132	0	0	88	76	40	46	8	0	50	0	3	0	92	0	55	36	6	0	127	36	92	224	319	56	0	0	54	0	0	38	0	0	0	125	0	0	29	54	18	0	8	0	0	0	3	0	0	0	37	0	0	0	107	0	0	88	69	40	46	0	0	10	0	16	0	0	0	6	0	50	0	3	0	92	0	45	36	6	0	99	36	92	224	306	56	0	0	53	0	0	38	0	0	0	125	0	0	25	44	0	0	8	0	0	0	3	0	0	0	34	0	0	0	100	0	0	29	47	18	0	0	0	0	0	16	0	0	0	6	0	0	0	3	0	0	0	27	0	0	0	79	0	0	88	68	40	46	0	0	0	0	5	0	0	0	0	0	10	0	16	0	0	0	4	0	50	0	3	0	92	0	43	36	6	0	94	36	92	224
489	466	123	216	29	443	72	176	0	115	216	29	63	201	6	0	202	489	87	91	421	59	164	0	67	176	0	34	165	0	0	138	425	0	5	102	194	29	18	48	50	0	32	28	29	0	57	201	6	0	170	423	87	91	400	54	164	0	54	164	0	31	165	0	0	131	423	0	0	58	155	0	6	48	0	0	20	24	0	0	28	165	0	0	115	362	0	5	93	173	29	1	0	10	0	25	58	0	0	16	48	50	0	32	28	29	0	49	180	6	0	134	339	87	91	379	53	164	0	49	164	0	29	165	0	0	121	423	0	0	45	143	0	6	48	0	0	10	24	0	0	25	165	0	0	108	360	0	0	49	134	0	0	0	0	0	12	52	0	0	4	48	0	0	20	24	0	0	20	144	0	0	79	278	0	5	87	173	29	4	0	0	0	20	17	0	0	1	0	10	0	25	58	0	0	14	48	50	0	32	28	29	0	42	180	6	0	109	339	87	91
355	338	82	107	19	322	55	75	0	72	91	19	57	54	6	0	143	140	76	46	308	46	74	0	50	61	0	35	52	0	0	112	128	0	0	60	63	19	11	13	20	0	9	0	0	0	53	26	6	0	113	70	76	46	295	44	74	0	41	61	0	35	52	0	0	109	128	0	0	42	35	0	9	13	0	0	4	0	0	0	31	26	0	0	91	63	0	0	54	50	19	1	0	0	0	12	22	0	0	10	0	20	0	9	0	0	0	46	0	6	0	89	18	76	46	282	43	74	0	39	61	0	33	52	0	0	100	128	0	0	33	35	0	9	13	0	0	4	0	0	0	31	26	0	0	88	63	0	0	36	22	0	0	0	0	0	12	22	0	0	8	0	0	0	4	0	0	0	24	0	0	0	67	11	0	0	53	50	19	1	0	0	0	6	11	0	0	1	0	0	0	12	22	0	0	8	0	20	0	9	0	0	0	44	0	6	0	84	18	76	46
317	304	67	53	12	292	45	22	0	60	41	12	50	11	6	0	98	52	60	24	281	38	22	0	40	11	0	28	11	0	0	79	22	0	0	52	30	12	8	0	6	0	2	0	0	0	45	0	6	0	77	30	60	24	270	38	22	0	33	11	0	28	11	0	0	79	22	0	0	32	0	0	8	0	0	0	2	0	0	0	23	0	0	0	58	0	0	0	47	30	12	0	0	0	0	11	0	0	0	6	0	6	0	2	0	0	0	37	0	6	0	57	30	60	24	259	38	22	0	33	11	0	28	11	0	0	79	22	0	0	25	0	0	8	0	0	0	2	0	0	0	23	0	0	0	58	0	0	0	27	0	0	0	0	0	0	11	0	0	0	6	0	0	0	2	0	0	0	15	0	0	0	38	0	0	0	46	30	12	0	0	0	0	5	0	0	0	0	0	0	0	11	0	0	0	4	0	6	0	2	0	0	0	35	0	6	0	52	30	60	24
393	378	70	82	6	363	49	42	0	64	82	6	36	75	6	0	97	38	30	12	348	46	27	0	43	42	0	29	0	0	0	78	13	0	0	57	82	6	10	0	0	0	8	0	18	0	30	75	6	0	79	38	30	12	333	44	27	0	40	27	0	29	0	0	0	78	13	0	0	36	42	0	8	0	0	0	3	0	0	0	23	0	0	0	60	13	0	0	54	82	6	1	0	0	0	11	26	0	0	8	0	0	0	8	0	18	0	26	75	6	0	67	38	30	12	318	43	27	0	38	27	0	27	0	0	0	69	13	0	0	33	27	0	8	0	0	0	3	0	0	0	23	0	0	0	60	13	0	0	33	42	0	0	0	0	0	11	26	0	0	6	0	0	0	3	0	0	0	19	0	0	0	48	13	0	0	54	82	6	1	0	0	0	6	13	0	0	1	0	0	0	11	26	0	0	8	0	0	0	8	0	18	0	26	75	6	0	67	38	30	12
360	347	52	36	39	334	44	0	6	47	36	39	27	0	41	30	68	9	156	93	321	44	0	0	39	0	6	27	0	0	0	68	0	24	0	42	36	39	5	0	0	0	2	0	0	12	23	0	41	30	55	9	156	93	308	44	0	0	39	0	0	27	0	0	0	68	0	0	0	34	0	6	5	0	0	0	2	0	0	0	23	0	0	0	55	0	24	0	40	36	39	0	0	0	0	11	0	0	0	4	0	0	0	2	0	0	12	21	0	41	30	47	9	156	93	295	44	0	0	39	0	0	27	0	0	0	68	0	0	0	34	0	0	5	0	0	0	2	0	0	0	23	0	0	0	55	0	0	0	32	0	6	0	0	0	0	11	0	0	0	4	0	0	0	2	0	0	0	21	0	0	0	47	0	24	0	40	36	39	0	0	0	0	4	0	0	0	0	0	0	0	11	0	0	0	4	0	0	0	2	0	0	12	21	0	41	30	47	9	156	93
318	304	54	49	35	290	39	49	0	46	49	35	34	0	41	0	88	48	0	112	277	39	49	0	34	49	0	34	0	0	0	87	48	0	0	39	36	35	11	0	0	0	10	0	0	0	29	0	41	0	69	9	0	112	264	36	49	0	34	49	0	34	0	0	0	87	48	0	0	27	36	0	9	0	0	0	5	0	0	0	29	0	0	0	68	9	0	0	33	36	35	1	0	0	0	8	27	0	0	10	0	0	0	9	0	0	0	22	0	41	0	47	9	0	112	251	34	49	0	31	49	0	31	0	0	0	73	48	0	0	27	36	0	9	0	0	0	5	0	0	0	29	0	0	0	68	9	0	0	21	36	0	0	0	0	0	8	27	0	0	8	0	0	0	4	0	0	0	22	0	0	0	46	9	0	0	31	36	35	1	0	0	0	5	18	0	0	1	0	0	0	8	27	0	0	8	0	0	0	9	0	0	0	16	0	41	0	40	9	0	112
228	217	39	26	26	208	27	24	0	33	8	26	18	16	23	0	48	24	0	66	200	27	24	0	24	8	0	18	16	0	0	47	24	0	0	28	0	26	5	0	0	0	2	0	0	0	15	0	23	0	35	0	0	66	192	27	24	0	24	8	0	18	16	0	0	47	24	0	0	19	0	0	5	0	0	0	2	0	0	0	15	0	0	0	34	0	0	0	26	0	26	0	0	0	0	11	0	0	0	4	0	0	0	2	0	0	0	12	0	23	0	27	0	0	66	184	27	24	0	24	8	0	18	16	0	0	47	24	0	0	19	0	0	5	0	0	0	2	0	0	0	15	0	0	0	34	0	0	0	17	0	0	0	0	0	0	11	0	0	0	4	0	0	0	2	0	0	0	12	0	0	0	26	0	0	0	26	0	26	0	0	0	0	5	0	0	0	0	0	0	0	11	0	0	0	4	0	0	0	2	0	0	0	12	0	23	0	27	0	0	66
196	189	27	0	18	182	19	0	0	22	0	18	7	0	15	0	21	0	0	37	175	19	0	0	14	0	0	7	0	0	0	20	0	0	0	17	0	18	1	0	0	0	0	0	0	0	2	0	15	0	8	0	0	37	168	19	0	0	14	0	0	7	0	0	0	20	0	0	0	9	0	0	1	0	0	0	0	0	0	0	2	0	0	0	7	0	0	0	16	0	18	0	0	0	0	7	0	0	0	0	0	0	0	0	0	0	0	0	0	15	0	4	0	0	37	161	19	0	0	14	0	0	7	0	0	0	20	0	0	0	9	0	0	1	0	0	0	0	0	0	0	2	0	0	0	7	0	0	0	8	0	0	0	0	0	0	7	0	0	0	0	0	0	0	0	0	0	0	0	0	0	0	3	0	0	0	16	0	18	0	0	0	0	4	0	0	0	0	0	0	0	7	0	0	0	0	0	0	0	0	0	0	0	0	0	15	0	4	0	0	37
224	215	27	15	18	207	20	8	0	23	7	18	8	0	15	0	24	0	18	37	199	20	8	0	16	0	0	8	0	0	0	23	0	0	0	18	7	18	1	0	0	0	0	0	0	0	3	0	15	0	11	0	18	37	191	20	8	0	16	0	0	8	0	0	0	23	0	0	0	11	0	0	1	0	0	0	0	0	0	0	3	0	0	0	10	0	0	0	17	7	18	0	0	0	0	7	0	0	0	0	0	0	0	0	0	0	0	1	0	15	0	7	0	18	37	183	20	8	0	16	0	0	8	0	0	0	23	0	0	0	11	0	0	1	0	0	0	0	0	0	0	3	0	0	0	10	0	0	0	10	0	0	0	0	0	0	7	0	0	0	0	0	0	0	0	0	0	0	1	0	0	0	6	0	0	0	17	7	18	0	0	0	0	4	0	0	0	0	0	0	0	7	0	0	0	0	0	0	0	0	0	0	0	1	0	15	0	7	0	18	37
338	320	77	130	32	302	58	103	32	77	130	32	44	132	12	0	135	180	96	0	284	54	103	27	58	103	32	41	132	12	0	108	168	96	0	77	130	32	24	0	10	41	32	30	0	0	44	132	12	0	135	180	96	0	266	51	101	6	54	103	27	41	132	10	0	98	168	81	0	58	103	32	13	0	10	0	26	30	0	0	41	132	12	0	108	168	96	0	76	130	32	15	16	0	24	21	24	0	67	24	0	10	41	32	30	0	0	44	132	12	0	131	180	96	0	248	50	97	0	51	101	6	41	132	0	0	96	166	18	0	54	103	27	10	0	10	0	18	30	0	0	41	132	10	0	98	168	81	0	57	103	32	14	16	0	0	18	24	0	5	13	0	10	0	26	30	0	0	41	132	12	0	104	168	96	0	76	130	32	19	40	0	0	9	10	0	12	15	16	0	24	21	24	0	67	24	0	10	41	32	30	0	0	44	132	12	0	131	180	96	0
359	343	65	59	73	327	52	59	54	65	59	73	47	0	12	67	131	91	0	39	311	52	59	23	52	59	54	47	0	12	0	111	91	0	6	62	59	73	16	0	0	65	18	0	0	81	47	0	12	67	123	91	0	39	295	50	59	0	52	59	23	47	0	10	0	111	91	0	0	49	59	54	6	0	0	0	14	0	0	0	47	0	12	0	103	91	0	6	58	59	73	2	0	0	0	12	22	0	79	16	0	0	65	18	0	0	81	42	0	12	67	107	91	0	39	279	50	59	0	50	59	0	47	0	0	0	110	91	0	0	49	59	23	6	0	0	0	14	0	0	0	47	0	10	0	103	91	0	0	45	59	54	2	0	0	0	12	22	0	5	6	0	0	0	14	0	0	0	42	0	12	0	87	91	0	6	57	59	73	6	0	0	0	6	0	0	0	2	0	0	0	12	22	0	79	14	0	0	65	18	0	0	81	40	0	12	67	102	91	0	39
226	214	39	46	21	202	27	36	12	39	46	21	24	30	12	0	45	53	21	39	190	27	36	10	27	36	12	24	30	12	0	39	48	12	6	39	46	21	0	0	0	20	3	0	0	0	24	30	12	0	45	53	21	39	178	27	36	0	27	36	10	24	30	10	0	39	48	10	0	27	36	12	0	0	0	0	3	0	0	0	24	30	12	0	39	48	12	6	39	46	21	5	0	0	0	6	0	0	45	0	0	0	20	3	0	0	0	24	30	12	0	45	53	21	39	166	27	36	0	27	36	0	24	30	0	0	39	48	0	0	27	36	10	0	0	0	0	3	0	0	0	24	30	10	0	39	48	10	0	27	36	12	5	0	0	0	6	0	0	5	0	0	0	0	3	0	0	0	24	30	12	0	39	48	12	6	39	46	21	7	0	0	0	2	0	0	0	5	0	0	0	6	0	0	45	0	0	0	20	3	0	0	0	24	30	12	0	45	53	21	39
207	197	19	27	30	187	15	24	14	19	27	30	6	18	0	43	20	18	0	39	177	15	24	0	15	24	14	6	18	0	0	20	18	0	6	19	27	30	0	0	0	0	0	0	0	52	6	18	0	43	20	18	0	39	167	15	24	0	15	24	0	6	18	0	0	20	18	0	0	15	24	14	0	0	0	0	0	0	0	0	6	18	0	0	20	18	0	6	19	27	30	0	0	0	0	4	0	0	0	0	0	0	0	0	0	0	52	6	18	0	43	20	18	0	39	157	15	24	0	15	24	0	6	18	0	0	20	18	0	0	15	24	0	0	0	0	0	0	0	0	0	6	18	0	0	20	18	0	0	15	24	14	0	0	0	0	4	0	0	0	0	0	0	0	0	0	0	0	6	18	0	0	20	18	0	6	19	27	30	0	0	0	0	1	0	0	0	0	0	0	0	4	0	0	0	0	0	0	0	0	0	0	52	6	18	0	43	20	18	0	39
158	151	15	11	26	144	12	10	5	14	11	26	3	5	0	25	12	15	0	57	137	12	10	0	11	10	5	3	5	0	0	12	15	0	6	14	11	26	0	0	0	0	0	0	0	6	3	5	0	25	12	15	0	57	130	12	10	0	11	10	0	3	5	0	0	12	15	0	0	11	10	5	0	0	0	0	0	0	0	0	3	5	0	0	12	15	0	6	14	11	26	0	0	0	0	4	0	0	0	0	0	0	0	0	0	0	6	3	5	0	25	12	15	0	57	123	12	10	0	11	10	0	3	5	0	0	12	15	0	0	11	10	0	0	0	0	0	0	0	0	0	3	5	0	0	12	15	0	0	11	10	5	0	0	0	0	4	0	0	0	0	0	0	0	0	0	0	0	3	5	0	0	12	15	0	6	14	11	26	0	0	0	0	1	0	0	0	0	0	0	0	4	0	0	0	0	0	0	0	0	0	0	6	3	5	0	25	12	15	0	57
233	220	58	57	25	207	47	48	12	58	57	25	41	63	0	36	91	79	0	53	194	47	48	12	47	48	12	41	63	0	36	85	70	0	44	58	57	25	10	0	0	0	9	0	0	0	41	63	0	36	91	79	0	53	181	46	45	10	47	48	12	41	63	0	30	85	70	0	37	47	48	12	10	0	0	0	9	0	0	0	41	63	0	36	85	70	0	44	58	57	25	13	18	0	20	20	6	0	0	10	0	0	0	9	0	0	0	41	63	0	36	91	79	0	53	168	45	42	0	46	45	10	40	54	0	0	82	63	0	6	47	48	12	10	0	0	0	9	0	0	0	41	63	0	30	85	70	0	37	47	48	12	13	18	0	0	20	6	0	0	10	0	0	0	9	0	0	0	41	63	0	36	85	70	0	44	58	57	25	22	18	0	0	7	6	0	45	13	18	0	20	20	6	0	0	10	0	0	0	9	0	0	0	41	63	0	36	91	79	0	53
235	221	68	75	5	207	47	65	0	68	75	5	42	82	0	0	97	135	0	32	193	47	59	0	47	65	0	42	70	0	0	83	121	0	32	68	75	5	7	42	0	0	20	0	0	0	42	82	0	0	97	135	0	32	179	45	59	0	47	59	0	42	70	0	0	83	113	0	27	47	65	0	4	42	0	0	16	0	0	0	42	70	0	0	83	121	0	32	68	75	5	18	0	0	0	24	10	0	0	7	42	0	0	20	0	0	0	42	82	0	0	97	135	0	32	165	44	59	0	45	59	0	41	70	0	0	81	113	0	6	47	59	0	4	42	0	0	16	0	0	0	42	70	0	0	83	113	0	27	47	65	0	16	0	0	0	24	10	0	0	4	42	0	0	16	0	0	0	42	70	0	0	83	121	0	32	68	75	5	25	0	0	0	10	5	0	0	18	0	0	0	24	10	0	0	7	42	0	0	20	0	0	0	42	82	0	0	97	135	0	32
320	302	91	133	5	284	62	122	0	91	133	5	48	104	0	0	161	212	0	32	266	56	118	0	62	122	0	42	102	0	0	103	191	0	32	91	133	5	31	49	0	0	45	69	0	0	48	104	0	0	161	212	0	32	248	47	107	0	56	118	0	42	99	0	0	92	187	0	27	62	122	0	9	43	0	0	29	63	0	0	42	102	0	0	103	191	0	32	91	133	5	8	103	0	0	25	74	0	0	31	49	0	0	45	69	0	0	48	104	0	0	161	212	0	32	230	44	93	0	47	107	0	40	85	0	0	82	175	0	6	56	118	0	6	40	0	0	21	60	0	0	42	99	0	0	92	187	0	27	62	122	0	5	91	0	0	17	65	0	0	9	43	0	0	29	63	0	0	42	102	0	0	103	191	0	32	88	133	5	13	105	0	0	13	27	0	0	8	103	0	0	25	74	0	0	31	49	0	0	45	69	0	0	48	104	0	0	154	212	0	32
221	210	70	47	0	199	55	41	0	70	47	0	48	10	0	0	120	79	0	0	188	55	41	0	55	41	0	48	10	0	0	94	76	0	0	70	47	0	19	0	0	0	24	0	0	0	48	10	0	0	120	79	0	0	177	49	41	0	55	41	0	48	10	0	0	94	76	0	0	55	41	0	10	0	0	0	14	0	0	0	48	10	0	0	94	76	0	0	70	47	0	16	0	0	0	23	44	0	0	19	0	0	0	24	0	0	0	48	10	0	0	120	79	0	0	166	47	37	0	49	41	0	46	10	0	0	86	76	0	0	55	41	0	10	0	0	0	14	0	0	0	48	10	0	0	94	76	0	0	55	41	0	14	0	0	0	18	42	0	0	10	0	0	0	14	0	0	0	48	10	0	0	94	76	0	0	69	47	0	17	24	0	0	9	14	0	0	16	0	0	0	23	44	0	0	19	0	0	0	24	0	0	0	48	10	0	0	119	79	0	0
262	248	86	80	0	234	68	64	0	86	80	0	68	54	0	0	161	118	0	0	220	67	64	0	68	64	0	65	54	0	0	126	106	0	0	86	80	0	18	0	0	0	21	6	0	0	68	54	0	0	161	118	0	0	206	65	64	0	67	64	0	65	54	0	0	124	106	0	0	68	64	0	15	0	0	0	16	6	0	0	65	54	0	0	126	106	0	0	86	80	0	13	0	0	0	30	16	0	0	18	0	0	0	21	6	0	0	68	54	0	0	161	118	0	0	192	64	64	0	65	64	0	64	54	0	0	122	106	0	0	67	64	0	15	0	0	0	16	6	0	0	65	54	0	0	124	106	0	0	68	64	0	11	0	0	0	23	12	0	0	15	0	0	0	16	6	0	0	65	54	0	0	126	106	0	0	80	80	0	23	0	0	0	13	8	0	0	13	0	0	0	30	16	0	0	18	0	0	0	21	6	0	0	68	54	0	0	151	118	0	0
309	290	81	144	26	271	58	128	23	81	144	26	49	165	16	0	139	163	0	0	252	57	125	23	58	128	23	46	156	16	0	93	155	0	0	81	144	26	4	33	0	0	13	6	0	0	49	165	16	0	139	163	0	0	233	56	125	23	57	125	23	46	156	16	0	91	155	0	0	58	128	23	3	33	0	0	8	6	0	0	46	156	16	0	93	155	0	0	80	144	26	3	0	0	0	12	10	0	0	4	33	0	0	13	6	0	0	49	165	16	0	138	163	0	0	215	56	122	23	56	125	23	46	156	16	0	90	155	0	0	57	125	23	3	33	0	0	8	6	0	0	46	156	16	0	91	155	0	0	58	128	23	3	0	0	0	4	6	0	0	3	33	0	0	8	6	0	0	46	156	16	0	93	155	0	0	73	126	26	12	45	0	0	14	0	0	0	3	0	0	0	12	10	0	0	4	33	0	0	13	6	0	0	49	165	16	0	126	145	0	0
347	329	114	119	25	311	85	104	25	114	119	25	73	64	49	0	211	171	25	0	293	81	104	25	85	104	25	59	64	49	0	141	128	25	0	114	119	25	17	0	16	0	18	17	0	0	73	64	49	0	211	171	25	0	275	81	104	25	81	104	25	59	64	49	0	130	128	25	0	85	104	25	17	0	16	0	11	8	0	0	59	64	49	0	141	128	25	0	114	119	25	29	0	0	0	9	0	0	0	17	0	16	0	18	17	0	0	73	64	49	0	211	171	25	0	257	78	102	25	81	104	25	59	64	49	0	130	128	25	0	81	104	25	14	0	16	0	9	8	0	0	59	64	49	0	130	128	25	0	85	104	25	14	0	0	0	4	0	0	0	17	0	16	0	11	8	0	0	59	64	49	0	141	128	25	0	105	119	25	20	14	0	0	19	21	0	0	29	0	0	0	9	0	0	0	17	0	16	0	18	17	0	0	73	64	49	0	191	171	25	0
276	263	92	54	45	250	59	32	45	92	54	45	50	11	109	0	207	167	135	0	237	55	32	45	59	32	45	36	11	109	0	126	107	135	0	92	54	45	10	0	16	0	13	18	0	0	50	11	109	0	207	167	135	0	224	55	32	45	55	32	45	36	11	109	0	115	107	135	0	59	32	45	10	0	16	0	8	11	0	0	36	11	109	0	126	107	135	0	83	54	45	19	0	0	0	4	0	0	0	10	0	16	0	13	18	0	0	50	11	109	0	182	167	135	0	212	51	29	45	55	32	45	36	11	109	0	115	107	135	0	55	32	45	7	0	16	0	6	11	0	0	36	11	109	0	115	107	135	0	54	32	45	3	0	0	0	2	0	0	0	10	0	16	0	8	11	0	0	36	11	109	0	112	107	135	0	73	42	45	10	21	0	0	20	28	0	0	19	0	0	0	4	0	0	0	10	0	16	0	13	18	0	0	43	11	109	0	149	119	135	0
448	425	140	198	52	402	92	162	49	140	198	52	74	228	73	0	300	555	104	0	379	87	160	48	92	162	49	57	220	73	0	175	456	98	0	139	198	52	12	24	16	10	22	42	0	0	74	228	73	0	298	555	104	0	356	86	160	48	87	160	48	57	220	73	0	162	451	96	0	91	162	49	11	24	16	10	13	31	0	0	57	220	73	0	173	456	98	0	129	198	52	22	0	0	0	16	17	0	0	12	24	16	10	22	42	0	0	73	228	73	0	270	555	104	0	335	82	158	48	86	160	48	57	220	73	0	161	451	96	0	86	160	48	8	24	16	10	11	31	0	0	57	220	73	0	160	451	96	0	86	162	49	6	0	0	0	6	13	0	0	11	24	16	10	13	31	0	0	56	220	73	0	157	456	98	0	108	156	52	16	20	0	0	19	40	0	0	22	0	0	0	16	17	0	0	12	24	16	10	22	42	0	0	65	228	73	0	213	450	104	0
242	228	73	74	7	214	56	65	0	73	74	7	52	69	0	0	134	89	0	0	200	55	65	0	56	65	0	49	69	0	0	95	86	0	0	73	74	7	6	0	0	0	12	5	0	0	52	69	0	0	134	89	0	0	186	54	65	0	55	65	0	49	69	0	0	93	86	0	0	56	65	0	5	0	0	0	8	5	0	0	49	69	0	0	95	86	0	0	73	74	7	0	0	0	0	18	8	0	0	6	0	0	0	12	5	0	0	52	69	0	0	134	89	0	0	172	54	65	0	54	65	0	49	69	0	0	92	86	0	0	55	65	0	5	0	0	0	8	5	0	0	49	69	0	0	93	86	0	0	56	65	0	0	0	0	0	10	5	0	0	5	0	0	0	8	5	0	0	49	69	0	0	95	86	0	0	67	74	7	11	0	0	0	12	0	0	0	0	0	0	0	18	8	0	0	6	0	0	0	12	5	0	0	52	69	0	0	124	89	0	0
314	300	56	35	89	286	30	13	76	56	35	89	19	0	84	55	134	85	178	45	272	29	13	76	30	13	76	14	0	78	55	75	52	152	45	56	35	89	5	0	0	0	7	0	0	0	19	0	84	55	134	85	178	45	258	29	13	76	29	13	76	14	0	78	55	71	52	152	45	30	13	76	5	0	0	0	5	0	0	0	14	0	78	55	75	52	152	45	48	35	89	21	0	0	0	7	0	0	0	5	0	0	0	7	0	0	0	19	0	84	55	111	85	178	45	245	23	13	76	29	13	76	14	0	78	55	71	52	152	45	29	13	76	2	0	0	0	3	0	0	0	14	0	78	55	71	52	152	45	26	13	76	1	0	0	0	0	0	0	0	5	0	0	0	5	0	0	0	14	0	78	55	63	52	152	45	43	22	89	0	0	7	0	0	0	0	0	21	0	0	0	7	0	0	0	5	0	0	0	7	0	0	0	15	0	84	55	91	33	178	45
349	331	81	87	89	313	48	72	62	81	87	89	44	45	39	87	177	236	89	97	295	46	70	62	48	72	62	36	43	33	87	113	215	62	94	76	87	89	8	29	0	0	8	15	0	0	44	45	39	87	168	236	89	97	278	46	68	62	46	70	62	36	42	33	87	107	209	62	93	45	72	62	8	28	0	0	8	14	0	0	36	43	33	87	107	215	62	94	66	70	89	21	26	0	0	7	0	0	0	8	29	0	0	8	15	0	0	38	45	39	87	139	202	89	97	262	39	56	62	46	68	62	36	42	33	87	107	204	62	93	43	70	62	5	28	0	0	6	14	0	0	36	42	33	87	101	209	62	93	39	56	62	2	14	0	0	1	0	0	0	8	28	0	0	8	14	0	0	30	43	33	87	89	183	62	94	56	54	89	0	0	29	0	0	0	89	0	21	26	0	0	7	0	0	0	8	29	0	0	8	15	0	0	32	29	39	87	106	138	89	97
261	250	53	24	51	239	30	0	48	53	24	51	18	0	61	31	117	48	153	0	228	29	0	48	30	0	48	13	0	61	31	68	0	144	0	53	24	51	8	0	0	0	8	0	0	0	18	0	61	31	117	48	153	0	217	28	0	48	29	0	48	13	0	61	31	64	0	144	0	30	0	48	5	0	0	0	4	0	0	0	13	0	61	31	68	0	144	0	49	24	51	21	0	0	0	5	8	0	0	8	0	0	0	8	0	0	0	18	0	61	31	105	48	153	0	206	23	0	48	28	0	48	13	0	61	31	64	0	144	0	29	0	48	2	0	0	0	2	0	0	0	13	0	61	31	64	0	144	0	26	0	48	1	0	0	0	0	0	0	0	5	0	0	0	4	0	0	0	13	0	61	31	56	0	144	0	45	24	51	0	0	0	0	0	0	0	0	21	0	0	0	5	8	0	0	8	0	0	0	8	0	0	0	14	0	61	31	89	48	153	0
501	477	124	196	86	453	79	129	53	124	196	86	62	102	89	74	208	423	430	122	429	74	114	53	79	129	53	47	42	83	74	137	222	265	119	124	196	86	23	51	45	0	24	34	86	0	62	102	89	74	208	423	430	122	405	72	99	53	74	114	53	47	42	83	74	129	169	265	118	79	129	53	16	36	45	0	15	24	53	0	47	42	83	74	137	222	265	119	123	196	86	26	180	0	0	9	24	0	0	23	51	45	0	24	34	86	0	62	102	89	74	206	423	430	122	381	57	63	53	72	99	53	47	42	83	74	129	144	265	118	74	114	53	12	0	45	0	11	0	53	0	47	42	83	74	129	169	265	118	78	129	53	9	0	0	0	1	0	0	0	16	36	45	0	15	24	53	0	47	42	83	74	135	222	265	119	116	196	86	0	0	131	0	0	0	258	0	26	180	0	0	9	24	0	0	23	51	45	0	24	34	86	0	61	102	89	74	182	423	430	122
234	220	52	73	0	206	24	53	0	52	73	0	18	36	0	0	101	107	0	0	192	22	53	0	24	53	0	10	36	0	0	51	63	0	0	52	73	0	12	0	0	0	11	10	0	0	18	36	0	0	101	107	0	0	178	20	49	0	22	53	0	10	36	0	0	45	63	0	0	24	53	0	5	0	0	0	5	9	0	0	10	36	0	0	51	63	0	0	50	73	0	17	16	0	0	3	8	0	0	12	0	0	0	11	10	0	0	18	36	0	0	97	107	0	0	164	16	45	0	20	49	0	10	36	0	0	45	63	0	0	22	53	0	2	0	0	0	3	9	0	0	10	36	0	0	45	63	0	0	22	53	0	1	0	0	0	0	0	0	0	5	0	0	0	5	9	0	0	10	36	0	0	47	63	0	0	44	73	0	0	0	0	0	0	0	0	0	17	16	0	0	3	8	0	0	12	0	0	0	11	10	0	0	14	36	0	0	78	107	0	0
409	391	47	65	116	373	21	0	103	47	65	116	14	0	115	11	48	104	580	86	355	18	0	103	21	0	103	3	0	103	11	20	0	515	53	47	65	116	10	0	0	0	8	39	0	0	14	0	115	11	48	104	580	86	337	13	0	103	18	0	103	3	0	103	11	20	0	515	53	21	0	103	0	0	0	0	0	0	0	0	3	0	103	11	20	0	515	53	47	65	116	0	0	36	0	0	0	0	0	10	0	0	0	8	39	0	0	14	0	115	11	48	104	580	86	319	13	0	103	13	0	103	3	0	103	11	15	0	515	53	18	0	103	0	0	0	0	0	0	0	0	3	0	103	11	20	0	515	53	21	0	103	0	0	0	0	0	0	0	0	0	0	0	0	0	0	0	0	3	0	103	11	20	0	515	53	47	65	116	0	0	0	0	0	0	0	0	0	0	36	0	0	0	0	0	10	0	0	0	8	39	0	0	14	0	115	11	48	104	580	86
459	439	51	19	201	419	32	0	144	51	19	201	10	0	75	137	82	0	201	315	399	32	0	141	32	0	144	10	0	62	128	52	0	144	239	51	19	201	16	0	0	24	15	0	0	0	10	0	75	137	82	0	201	315	379	21	0	141	32	0	141	10	0	62	128	52	0	141	239	32	0	144	2	0	0	24	2	0	0	0	10	0	62	128	52	0	144	239	50	19	201	1	0	100	0	0	0	0	0	16	0	0	24	15	0	0	0	10	0	75	137	80	0	201	315	359	21	0	141	21	0	141	10	0	62	128	42	0	141	239	32	0	141	2	0	0	24	2	0	0	0	10	0	62	128	52	0	141	239	31	0	144	1	0	44	0	0	0	0	0	2	0	0	24	2	0	0	0	10	0	62	128	50	0	144	239	47	19	201	0	0	0	0	0	0	0	0	1	0	100	0	0	0	0	0	16	0	0	24	15	0	0	0	9	0	75	137	68	0	201	315
430	411	55	74	134	392	32	18	112	55	74	134	19	0	111	75	77	70	536	86	373	30	14	109	32	18	112	11	0	96	66	43	0	448	53	55	74	134	10	56	0	24	16	28	0	0	19	0	111	75	77	70	536	86	354	21	0	109	30	14	109	11	0	96	66	43	0	436	53	32	18	112	0	0	0	24	3	0	0	0	11	0	96	66	43	0	448	53	55	74	134	0	0	88	0	0	0	134	0	10	56	0	24	16	28	0	0	19	0	111	75	77	70	536	86	335	21	0	109	21	0	109	11	0	96	66	36	0	436	53	30	14	109	0	0	0	24	3	0	0	0	11	0	96	66	43	0	436	53	32	18	112	0	0	44	0	0	0	112	0	0	0	0	24	3	0	0	0	11	0	96	66	43	0	448	53	54	74	134	0	0	0	0	0	0	0	0	0	0	88	0	0	0	134	0	10	56	0	24	16	28	0	0	19	0	111	75	73	70	536	86
285	271	45	45	61	257	23	24	25	45	45	61	14	12	12	11	57	89	122	226	243	21	24	25	23	24	25	6	12	0	11	27	48	50	177	45	45	61	10	0	0	0	10	20	0	0	14	12	12	11	57	89	122	226	229	15	24	25	21	24	25	6	12	0	11	27	48	50	177	23	24	25	0	0	0	0	1	0	0	0	6	12	0	11	27	48	50	177	45	45	61	0	0	40	0	0	0	0	0	10	0	0	0	10	20	0	0	14	12	12	11	57	89	122	226	215	15	24	25	15	24	25	6	12	0	11	22	48	50	177	21	24	25	0	0	0	0	1	0	0	0	6	12	0	11	27	48	50	177	23	24	25	0	0	0	0	0	0	0	0	0	0	0	0	1	0	0	0	6	12	0	11	27	48	50	177	43	45	61	0	0	0	0	0	0	0	0	0	0	40	0	0	0	0	0	10	0	0	0	10	20	0	0	14	12	12	11	50	89	122	226
328	312	52	71	66	296	29	41	39	52	71	66	19	0	60	39	71	82	198	137	280	27	38	39	29	41	39	11	0	45	39	36	42	117	101	52	71	66	11	30	0	0	16	20	0	0	19	0	60	39	71	82	198	137	264	18	28	39	27	38	39	11	0	45	39	36	42	117	101	29	41	39	0	0	0	0	3	0	0	0	11	0	45	39	36	42	117	101	52	71	66	0	0	88	0	0	0	66	0	11	30	0	0	16	20	0	0	19	0	60	39	71	82	198	137	248	18	28	39	18	28	39	11	0	45	39	29	42	117	101	27	38	39	0	0	0	0	3	0	0	0	11	0	45	39	36	42	117	101	29	41	39	0	0	44	0	0	0	39	0	0	0	0	0	3	0	0	0	11	0	45	39	36	42	117	101	52	71	66	0	0	0	0	0	0	0	0	0	0	88	0	0	0	66	0	11	30	0	0	16	20	0	0	19	0	60	39	71	82	198	137
285	272	21	12	114	259	10	0	81	21	12	114	11	0	44	89	14	0	114	250	246	6	0	81	10	0	81	0	0	44	89	4	0	81	215	21	12	114	0	0	14	0	0	0	0	0	11	0	44	89	14	0	114	250	233	6	0	81	6	0	81	0	0	44	89	4	0	81	212	10	0	81	0	0	0	0	0	0	0	0	0	0	44	89	4	0	81	215	21	12	114	0	0	0	0	0	0	0	0	0	0	14	0	0	0	0	0	11	0	44	89	14	0	114	250	220	6	0	81	6	0	81	0	0	44	89	4	0	81	212	6	0	81	0	0	0	0	0	0	0	0	0	0	44	89	4	0	81	212	10	0	81	0	0	0	0	0	0	0	0	0	0	0	0	0	0	0	0	0	0	44	89	4	0	81	215	21	12	114	0	0	0	0	0	0	0	0	0	0	0	0	0	0	0	0	0	0	14	0	0	0	0	0	11	0	44	89	14	0	114	250
352	336	30	0	181	320	14	0	138	30	0	181	15	0	84	101	22	0	0	316	304	8	0	137	14	0	138	0	0	84	99	7	0	0	254	30	0	181	0	0	34	17	0	0	0	0	15	0	84	101	22	0	0	316	288	8	0	137	8	0	137	0	0	84	99	7	0	0	251	14	0	138	0	0	10	17	0	0	0	0	0	0	84	99	7	0	0	254	30	0	181	0	0	0	0	0	0	0	0	0	0	34	17	0	0	0	0	15	0	84	101	22	0	0	316	272	8	0	137	8	0	137	0	0	84	99	7	0	0	251	8	0	137	0	0	10	17	0	0	0	0	0	0	84	99	7	0	0	251	14	0	138	0	0	0	0	0	0	0	0	0	0	10	17	0	0	0	0	0	0	84	99	7	0	0	254	30	0	181	0	0	0	0	0	0	0	0	0	0	0	0	0	0	0	0	0	0	34	17	0	0	0	0	15	0	84	101	22	0	0	316
238	225	24	30	86	212	12	30	17	24	30	86	12	0	0	51	15	40	0	578	199	7	30	17	12	30	17	1	0	0	51	7	40	0	423	24	30	86	0	0	24	0	0	0	0	0	12	0	0	51	15	40	0	578	186	7	30	17	7	30	17	1	0	0	51	7	40	0	417	12	30	17	0	0	0	0	0	0	0	0	1	0	0	51	7	40	0	423	24	30	86	0	0	0	0	0	0	0	0	0	0	24	0	0	0	0	0	12	0	0	51	15	40	0	578	173	7	30	17	7	30	17	1	0	0	51	7	40	0	417	7	30	17	0	0	0	0	0	0	0	0	1	0	0	51	7	40	0	417	12	30	17	0	0	0	0	0	0	0	0	0	0	0	0	0	0	0	0	1	0	0	51	7	40	0	423	24	30	86	0	0	0	0	0	0	0	0	0	0	0	0	0	0	0	0	0	0	24	0	0	0	0	0	12	0	0	51	15	40	0	578
249	236	21	53	39	223	10	29	26	21	53	39	12	21	44	0	21	14	117	116	210	8	22	26	10	29	26	4	0	44	0	13	0	78	103	21	53	39	0	0	0	0	1	0	39	0	12	21	44	0	21	14	117	116	197	8	22	26	8	22	26	4	0	44	0	13	0	78	103	10	29	26	0	0	0	0	1	0	26	0	4	0	44	0	13	0	78	103	21	53	39	0	0	0	0	0	0	0	0	0	0	0	0	1	0	39	0	12	21	44	0	21	14	117	116	184	8	22	26	8	22	26	4	0	44	0	13	0	78	103	8	22	26	0	0	0	0	1	0	26	0	4	0	44	0	13	0	78	103	10	29	26	0	0	0	0	0	0	0	0	0	0	0	0	1	0	26	0	4	0	44	0	13	0	78	103	21	53	39	0	0	0	0	0	0	0	0	0	0	0	0	0	0	0	0	0	0	0	0	1	0	39	0	12	21	44	0	21	14	117	116
482	459	65	126	159	436	43	54	102	65	126	159	33	128	147	132	69	80	636	377	413	23	22	88	43	54	102	12	0	147	67	51	0	408	279	65	126	159	0	0	262	28	3	0	318	86	33	128	147	132	69	80	636	377	390	23	22	88	23	22	88	12	0	147	67	42	0	352	276	43	54	102	0	0	211	28	3	0	204	53	12	0	147	67	51	0	408	279	65	126	159	0	0	0	0	0	0	0	0	0	0	262	28	3	0	318	86	33	128	147	132	69	80	636	377	367	23	22	88	23	22	88	12	0	147	67	42	0	352	276	23	22	88	0	0	171	28	3	0	176	53	12	0	147	67	42	0	352	276	43	54	102	0	0	0	0	0	0	0	0	0	0	211	28	3	0	204	53	12	0	147	67	51	0	408	279	65	126	159	0	0	0	0	0	0	0	0	0	0	0	0	0	0	0	0	0	0	262	28	3	0	318	86	33	128	147	132	69	80	636	377
320	304	40	41	152	288	19	15	131	40	41	152	21	0	191	59	52	60	304	159	272	19	15	131	19	15	131	21	0	148	59	49	60	262	102	40	41	152	2	0	0	0	5	0	0	0	21	0	191	59	52	60	304	159	256	19	15	131	19	15	131	21	0	148	59	49	60	262	88	19	15	131	2	0	0	0	5	0	0	0	21	0	148	59	49	60	262	102	40	41	152	0	0	0	0	0	0	0	0	2	0	0	0	5	0	0	0	21	0	191	59	52	60	304	159	240	19	15	131	19	15	131	21	0	148	59	49	60	262	88	19	15	131	2	0	0	0	5	0	0	0	21	0	148	59	49	60	262	88	19	15	131	0	0	0	0	0	0	0	0	2	0	0	0	5	0	0	0	21	0	148	59	49	60	262	102	40	41	152	0	0	0	0	0	0	0	0	0	0	0	0	0	0	0	0	2	0	0	0	5	0	0	0	21	0	191	59	52	60	304	159
251	239	18	11	92	227	10	0	63	18	11	92	5	0	51	64	17	0	92	198	215	10	0	63	10	0	63	5	0	10	64	17	0	63	128	18	11	92	0	0	0	0	1	0	0	0	5	0	51	64	17	0	92	198	203	10	0	63	10	0	63	5	0	10	64	17	0	63	114	10	0	63	0	0	0	0	1	0	0	0	5	0	10	64	17	0	63	128	18	11	92	0	0	0	0	0	0	0	0	0	0	0	0	1	0	0	0	5	0	51	64	17	0	92	198	191	10	0	63	10	0	63	5	0	10	64	17	0	63	114	10	0	63	0	0	0	0	1	0	0	0	5	0	10	64	17	0	63	114	10	0	63	0	0	0	0	0	0	0	0	0	0	0	0	1	0	0	0	5	0	10	64	17	0	63	128	18	11	92	0	0	0	0	0	0	0	0	0	0	0	0	0	0	0	0	0	0	0	0	1	0	0	0	5	0	51	64	17	0	92	198
243	230	22	33	96	217	6	22	72	22	33	96	4	11	106	88	14	44	96	159	204	6	22	72	6	22	72	4	11	67	88	13	44	72	102	22	33	96	0	0	0	0	1	0	0	0	4	11	106	88	14	44	96	159	191	6	22	72	6	22	72	4	11	67	88	13	44	72	88	6	22	72	0	0	0	0	1	0	0	0	4	11	67	88	13	44	72	102	22	33	96	0	0	0	0	0	0	0	0	0	0	0	0	1	0	0	0	4	11	106	88	14	44	96	159	178	6	22	72	6	22	72	4	11	67	88	13	44	72	88	6	22	72	0	0	0	0	1	0	0	0	4	11	67	88	13	44	72	88	6	22	72	0	0	0	0	0	0	0	0	0	0	0	0	1	0	0	0	4	11	67	88	13	44	72	102	22	33	96	0	0	0	0	0	0	0	0	0	0	0	0	0	0	0	0	0	0	0	0	1	0	0	0	4	11	106	88	14	44	96	159
105	100	5	0	34	95	2	0	11	5	0	34	0	0	7	44	0	0	0	153	90	2	0	11	2	0	11	0	0	0	44	0	0	0	107	5	0	34	0	0	0	0	0	0	0	0	0	0	7	44	0	0	0	153	85	2	0	11	2	0	11	0	0	0	44	0	0	0	107	2	0	11	0	0	0	0	0	0	0	0	0	0	0	44	0	0	0	107	5	0	34	0	0	0	0	0	0	0	0	0	0	0	0	0	0	0	0	0	0	7	44	0	0	0	153	80	2	0	11	2	0	11	0	0	0	44	0	0	0	107	2	0	11	0	0	0	0	0	0	0	0	0	0	0	44	0	0	0	107	2	0	11	0	0	0	0	0	0	0	0	0	0	0	0	0	0	0	0	0	0	0	44	0	0	0	107	5	0	34	0	0	0	0	0	0	0	0	0	0	0	0	0	0	0	0	0	0	0	0	0	0	0	0	0	0	7	44	0	0	0	153
167	159	15	7	50	151	9	0	21	15	7	50	5	0	51	64	13	0	50	198	143	9	0	21	9	0	21	5	0	10	64	13	0	21	128	15	7	50	0	0	0	0	1	0	0	0	5	0	51	64	13	0	50	198	135	9	0	21	9	0	21	5	0	10	64	13	0	21	114	9	0	21	0	0	0	0	1	0	0	0	5	0	10	64	13	0	21	128	15	7	50	0	0	0	0	0	0	0	0	0	0	0	0	1	0	0	0	5	0	51	64	13	0	50	198	127	9	0	21	9	0	21	5	0	10	64	13	0	21	114	9	0	21	0	0	0	0	1	0	0	0	5	0	10	64	13	0	21	114	9	0	21	0	0	0	0	0	0	0	0	0	0	0	0	1	0	0	0	5	0	10	64	13	0	21	128	15	7	50	0	0	0	0	0	0	0	0	0	0	0	0	0	0	0	0	0	0	0	0	1	0	0	0	5	0	51	64	13	0	50	198
310	290	60	105	137	270	38	93	118	60	105	137	31	164	0	75	83	304	0	152	250	36	91	114	38	93	118	24	156	0	70	64	266	0	131	60	105	137	5	26	0	54	9	30	0	0	31	164	0	75	83	304	0	152	230	36	91	111	36	91	114	24	156	0	70	64	260	0	131	38	93	118	5	26	0	51	7	26	0	0	24	156	0	70	64	266	0	131	60	105	137	6	0	0	36	0	0	0	0	5	26	0	54	9	30	0	0	31	164	0	75	83	304	0	152	210	36	91	109	36	91	111	24	156	0	70	64	260	0	131	36	91	114	5	26	0	50	7	26	0	0	24	156	0	70	64	260	0	131	38	93	118	6	0	0	33	0	0	0	0	5	26	0	51	7	26	0	0	24	156	0	70	64	266	0	131	60	105	137	0	0	0	22	0	0	0	0	6	0	0	36	0	0	0	0	5	26	0	54	9	30	0	0	31	164	0	75	83	304	0	152
306	288	32	60	158	270	23	56	100	32	60	158	26	56	0	208	59	126	0	390	252	22	56	71	23	56	100	21	56	0	110	54	126	0	287	32	60	158	2	0	0	74	6	14	0	198	26	56	0	208	59	126	0	390	234	22	56	68	22	56	71	21	56	0	110	54	126	0	287	23	56	100	2	0	0	71	6	14	0	128	21	56	0	110	54	126	0	287	32	60	158	0	0	0	36	0	0	0	0	2	0	0	74	6	14	0	198	26	56	0	208	59	126	0	390	216	22	56	67	22	56	68	21	56	0	110	54	126	0	287	22	56	71	2	0	0	70	6	14	0	114	21	56	0	110	54	126	0	287	23	56	100	0	0	0	33	0	0	0	0	2	0	0	71	6	14	0	128	21	56	0	110	54	126	0	287	32	60	158	0	0	0	11	0	0	0	0	0	0	0	36	0	0	0	0	2	0	0	74	6	14	0	198	26	56	0	208	59	126	0	390
326	307	61	64	156	288	46	60	148	61	64	156	43	60	0	107	90	156	0	0	269	44	60	121	46	60	148	36	60	0	40	81	150	0	0	61	64	156	10	0	0	142	9	30	0	159	43	60	0	107	90	156	0	0	250	44	60	85	44	60	121	36	60	0	40	81	150	0	0	46	60	148	10	0	0	48	9	30	0	102	36	60	0	40	81	150	0	0	61	64	156	8	0	0	112	0	0	0	200	10	0	0	142	9	30	0	159	43	60	0	107	90	156	0	0	231	44	60	65	44	60	85	36	60	0	40	81	150	0	0	44	60	121	10	0	0	35	9	30	0	88	36	60	0	40	81	150	0	0	46	60	148	8	0	0	33	0	0	0	151	10	0	0	48	9	30	0	102	36	60	0	40	81	150	0	0	61	64	156	0	0	0	46	0	0	0	86	8	0	0	112	0	0	0	200	10	0	0	142	9	30	0	159	43	60	0	107	90	156	0	0
245	228	55	103	71	211	39	81	70	55	103	71	29	71	32	16	85	108	142	0	194	38	76	67	39	81	70	27	66	32	15	66	99	140	0	55	103	71	6	56	0	47	10	13	0	0	29	71	32	16	85	108	142	0	177	38	70	59	38	76	67	27	60	32	15	66	90	134	0	39	81	70	6	50	0	39	7	10	0	0	27	66	32	15	66	99	140	0	55	103	71	8	60	0	96	0	0	0	0	6	56	0	47	10	13	0	0	29	71	32	16	85	108	142	0	160	38	70	44	38	70	59	27	60	32	15	66	90	118	0	38	76	67	6	50	0	26	7	10	0	0	27	60	32	15	66	90	134	0	39	81	70	8	60	0	33	0	0	0	0	6	50	0	39	7	10	0	0	27	66	32	15	66	99	140	0	53	103	71	6	0	0	29	0	0	0	86	8	60	0	96	0	0	0	0	6	56	0	47	10	13	0	0	29	71	32	16	82	108	142	0
248	232	70	88	73	216	50	60	73	70	88	73	38	49	80	0	115	124	219	0	200	46	57	72	50	60	73	25	46	80	0	85	108	219	0	70	88	73	8	35	24	17	10	26	0	0	38	49	80	0	115	124	219	0	184	46	55	66	46	57	72	25	44	80	0	78	102	216	0	50	60	73	8	33	24	12	7	24	0	0	25	46	80	0	85	108	219	0	68	88	73	13	22	0	72	2	0	0	0	8	35	24	17	10	26	0	0	38	49	80	0	111	124	219	0	168	46	55	35	46	55	66	25	44	80	0	78	99	198	0	46	57	72	8	33	24	0	7	23	0	0	25	44	80	0	78	102	216	0	48	60	73	13	22	0	0	1	0	0	0	8	33	24	12	7	24	0	0	25	46	80	0	81	108	219	0	59	88	73	6	0	0	59	0	0	0	175	13	22	0	72	2	0	0	0	8	35	24	17	10	26	0	0	34	49	80	0	87	124	219	0
246	232	83	53	40	218	51	13	39	83	53	40	39	0	79	12	151	133	200	0	204	50	13	39	51	13	39	36	0	77	12	73	13	195	0	83	53	40	23	0	0	0	37	0	0	0	39	0	79	12	151	133	200	0	190	45	13	39	50	13	39	36	0	77	12	71	13	195	0	51	13	39	7	0	0	0	24	0	0	0	36	0	77	12	73	13	195	0	81	53	40	13	0	0	0	26	40	0	0	23	0	0	0	37	0	0	0	39	0	79	12	146	133	200	0	177	43	13	39	45	13	39	35	0	77	12	67	13	195	0	50	13	39	7	0	0	0	24	0	0	0	36	0	77	12	71	13	195	0	50	13	39	7	0	0	0	11	0	0	0	7	0	0	0	24	0	0	0	36	0	77	12	69	13	195	0	71	40	40	22	0	5	0	12	8	0	0	13	0	0	0	26	40	0	0	23	0	0	0	37	0	0	0	36	0	79	12	121	120	200	0
231	217	72	59	40	203	47	32	37	72	59	40	33	24	49	28	130	122	120	0	189	47	24	37	47	32	37	33	0	47	28	77	52	111	0	72	59	40	7	0	0	0	14	0	40	0	33	24	49	28	130	122	120	0	175	45	24	37	47	24	37	33	0	47	28	77	36	111	0	47	32	37	3	0	0	0	7	0	37	0	33	0	47	28	77	52	111	0	67	59	40	3	0	0	0	11	16	0	0	7	0	0	0	14	0	40	0	33	24	49	28	118	122	120	0	163	45	24	37	45	24	37	33	0	47	28	75	36	111	0	47	24	37	3	0	0	0	7	0	37	0	33	0	47	28	77	36	111	0	45	32	37	3	0	0	0	0	0	0	0	3	0	0	0	7	0	37	0	33	0	47	28	69	52	111	0	53	35	40	9	0	0	0	4	0	0	0	3	0	0	0	11	16	0	0	7	0	0	0	14	0	40	0	27	24	49	28	84	86	120	0
213	200	59	39	42	187	44	30	31	59	39	42	34	0	37	28	103	27	42	73	174	43	30	31	44	30	31	31	0	35	28	66	0	31	73	59	39	42	10	0	0	0	9	0	0	0	34	0	37	28	103	27	42	73	161	42	30	31	43	30	31	31	0	35	28	64	0	31	72	44	30	31	7	0	0	0	7	0	0	0	31	0	35	28	66	0	31	73	59	39	42	8	0	0	0	10	9	0	0	10	0	0	0	9	0	0	0	34	0	37	28	103	27	42	73	148	42	30	31	42	30	31	31	0	35	28	63	0	31	66	43	30	31	7	0	0	0	7	0	0	0	31	0	35	28	64	0	31	72	44	30	31	8	0	0	0	0	0	0	0	7	0	0	0	7	0	0	0	31	0	35	28	66	0	31	73	49	39	42	9	0	0	0	2	0	0	0	8	0	0	0	10	9	0	0	10	0	0	0	9	0	0	0	34	0	37	28	84	27	42	73
189	175	55	59	45	161	39	57	26	55	59	45	32	22	32	28	92	99	0	144	147	38	57	26	39	57	26	29	22	30	28	54	96	0	143	55	59	45	12	0	0	0	6	0	0	0	32	22	32	28	92	99	0	144	133	38	54	26	38	57	26	29	22	30	28	52	96	0	139	39	57	26	12	0	0	0	5	0	0	0	29	22	30	28	54	96	0	143	52	59	45	11	24	0	0	5	0	0	0	12	0	0	0	6	0	0	0	32	22	32	28	88	99	0	144	121	38	48	26	38	54	26	29	16	30	28	52	81	0	125	38	57	26	12	0	0	0	5	0	0	0	29	22	30	28	52	96	0	139	39	57	26	11	24	0	0	0	0	0	0	12	0	0	0	5	0	0	0	29	22	30	28	54	96	0	143	42	35	45	3	48	0	0	0	0	0	0	11	24	0	0	5	0	0	0	12	0	0	0	6	0	0	0	32	22	32	28	64	63	0	144
131	121	33	32	26	111	26	29	8	33	32	26	14	15	0	16	47	36	0	144	101	25	28	8	26	29	8	12	15	0	16	31	30	0	143	33	32	26	8	8	0	0	5	8	0	0	14	15	0	16	47	36	0	144	91	25	25	8	25	28	8	12	15	0	16	31	30	0	139	26	29	8	8	5	0	0	3	5	0	0	12	15	0	16	31	30	0	143	33	32	26	11	15	0	0	1	0	0	0	8	8	0	0	5	8	0	0	14	15	0	16	47	36	0	144	81	25	25	8	25	25	8	12	15	0	16	31	30	0	125	25	28	8	8	5	0	0	3	5	0	0	12	15	0	16	31	30	0	139	26	29	8	11	15	0	0	0	0	0	0	8	5	0	0	3	5	0	0	12	15	0	16	31	30	0	143	31	32	26	6	0	0	0	0	0	0	0	11	15	0	0	1	0	0	0	8	8	0	0	5	8	0	0	14	15	0	16	44	36	0	144
335	313	91	131	126	291	47	72	106	91	131	126	36	54	79	52	210	432	504	80	269	42	72	105	47	72	106	21	54	71	48	113	252	424	76	81	131	126	18	0	24	12	45	42	0	0	36	54	79	52	186	432	504	80	248	37	72	105	42	72	105	21	54	71	48	111	252	420	76	41	72	106	2	0	24	12	31	0	0	0	21	54	71	48	98	252	424	76	61	110	126	2	0	0	0	14	0	0	0	18	0	24	12	44	42	0	0	28	54	79	52	118	348	504	80	230	36	72	105	37	72	105	20	54	71	48	107	252	420	76	36	72	105	2	0	24	12	18	0	0	0	21	54	71	48	96	252	420	76	31	54	106	0	0	0	0	5	0	0	0	2	0	24	12	31	0	0	0	13	54	71	48	58	180	424	76	47	56	126	3	0	0	0	17	0	0	0	2	0	0	0	14	0	0	0	16	0	24	12	44	42	0	0	20	0	79	52	76	168	504	80
320	302	89	33	108	284	69	17	77	89	33	108	65	0	32	113	162	49	108	80	266	64	16	76	69	17	77	58	0	24	109	109	17	77	76	89	33	108	31	16	0	12	52	83	0	0	65	0	32	113	162	49	108	80	248	58	0	76	64	16	76	58	0	24	109	100	16	76	76	69	17	77	16	0	0	12	40	51	0	0	58	0	24	109	109	17	77	76	87	33	108	10	0	14	0	16	0	108	0	31	16	0	12	52	83	0	0	65	0	32	113	154	49	108	80	230	52	0	76	58	0	76	55	0	24	109	95	0	76	76	64	16	76	13	0	0	12	24	48	0	0	58	0	24	109	100	16	76	76	67	17	77	7	0	13	0	11	0	77	0	16	0	0	12	40	51	0	0	58	0	24	109	101	17	77	76	76	33	108	14	0	24	0	13	17	0	0	10	0	14	0	16	0	108	0	31	16	0	12	52	83	0	0	62	0	32	113	128	49	108	80
306	288	95	97	57	270	62	47	48	95	97	57	52	0	60	5	172	185	285	40	252	48	37	48	62	47	48	29	0	60	5	117	15	240	39	94	97	57	23	100	24	0	65	160	0	0	52	0	60	5	169	185	285	40	234	43	17	48	48	37	48	29	0	60	5	90	10	240	39	61	47	48	17	0	24	0	53	120	0	0	29	0	60	5	114	15	240	39	88	97	57	10	0	14	0	27	0	114	0	23	100	24	0	65	160	0	0	51	0	60	5	145	185	285	40	216	37	15	48	43	17	48	26	0	60	5	85	0	240	39	47	37	48	4	0	24	0	18	80	0	0	29	0	60	5	87	10	240	39	55	47	48	7	0	13	0	9	0	96	0	17	0	24	0	53	120	0	0	28	0	60	5	90	15	240	39	77	97	57	10	30	12	0	22	45	0	0	10	0	14	0	27	0	114	0	23	100	24	0	65	160	0	0	43	0	60	5	110	185	285	40
225	212	67	41	33	199	47	22	21	67	41	33	33	11	0	22	123	71	66	40	186	42	20	21	47	22	21	26	11	0	22	79	33	42	39	67	41	33	33	18	0	0	53	51	0	0	33	11	0	22	123	71	66	40	173	34	9	21	42	20	21	26	9	0	22	70	31	42	39	47	22	21	13	0	0	0	36	33	0	0	26	11	0	22	79	33	42	39	65	41	33	8	18	6	0	13	36	33	0	33	18	0	0	53	51	0	0	33	11	0	22	115	71	66	40	160	29	0	21	34	9	21	24	0	0	22	63	18	42	39	42	20	21	10	0	0	0	20	27	0	0	26	9	0	22	70	31	42	39	45	22	21	7	0	5	0	8	33	21	0	13	0	0	0	36	33	0	0	26	11	0	22	71	33	42	39	56	41	33	7	0	24	0	12	11	33	0	8	18	6	0	13	36	33	0	33	18	0	0	53	51	0	0	27	11	0	22	90	71	66	40
218	204	63	59	31	190	36	35	5	63	59	31	22	0	8	5	119	139	93	122	176	31	32	5	36	35	5	15	0	0	5	62	83	15	107	63	59	31	20	24	0	0	48	49	0	0	22	0	8	5	119	139	93	122	162	26	24	5	31	32	5	15	0	0	5	53	80	15	107	36	35	5	7	0	0	0	36	33	0	0	15	0	0	5	62	83	15	107	54	59	31	10	0	6	0	13	0	31	0	20	24	0	0	47	49	0	0	22	0	8	5	90	139	93	122	150	22	24	5	26	24	5	12	0	0	5	49	72	15	107	31	32	5	4	0	0	0	20	24	0	0	15	0	0	5	53	80	15	107	33	35	5	7	0	5	0	7	0	5	0	7	0	0	0	36	33	0	0	15	0	0	5	50	83	15	107	44	35	31	7	0	12	0	12	11	0	0	10	0	6	0	13	0	31	0	20	24	0	0	47	49	0	0	15	0	8	5	63	67	93	122
225	210	66	57	73	195	41	26	35	66	57	73	39	13	28	71	138	121	219	214	180	34	26	35	41	26	35	25	13	24	71	105	117	105	159	57	57	73	4	0	28	0	32	0	0	0	39	13	28	71	115	121	219	214	166	33	26	35	34	26	35	25	13	24	71	102	117	105	158	36	26	35	4	0	0	0	31	0	0	0	25	13	24	71	91	117	105	159	41	43	73	0	0	0	0	16	10	0	0	4	0	28	0	30	0	0	0	30	13	28	71	57	65	219	214	153	32	26	35	33	26	35	24	13	24	71	97	117	105	158	29	26	35	4	0	0	0	2	0	0	0	25	13	24	71	88	117	105	158	25	13	35	0	0	0	0	0	0	0	0	4	0	0	0	30	0	0	0	16	13	24	71	49	65	105	159	29	30	73	3	0	0	0	19	10	0	0	0	0	0	0	16	10	0	0	0	0	28	0	30	0	0	0	15	0	28	71	16	0	219	214
249	232	72	98	53	215	46	52	24	72	98	53	34	55	28	60	150	163	265	183	198	36	44	24	46	52	24	25	15	24	60	120	135	120	154	65	98	53	22	0	20	0	52	65	53	0	34	55	28	60	132	163	265	183	182	30	44	24	36	44	24	25	15	24	60	101	135	120	153	43	52	24	14	0	0	0	36	40	24	0	25	15	24	60	111	135	120	154	51	82	53	3	0	0	0	11	48	0	0	22	0	20	0	50	65	53	0	29	55	28	60	82	99	265	183	167	25	43	24	30	44	24	19	15	24	60	73	135	120	153	33	44	24	4	0	0	0	6	0	24	0	25	15	24	60	92	135	120	153	34	37	24	0	0	0	0	0	0	0	0	14	0	0	0	35	40	24	0	20	15	24	60	77	75	120	154	42	67	53	3	13	0	0	18	50	0	0	3	0	0	0	11	48	0	0	20	0	20	0	50	65	53	0	16	40	28	60	52	24	265	183
197	185	61	41	24	173	44	6	12	61	41	24	32	30	28	24	116	18	120	57	161	34	0	12	44	6	12	23	0	24	24	111	0	60	48	58	41	24	22	0	20	0	51	55	24	0	32	30	28	24	107	18	120	57	149	28	0	12	34	0	12	23	0	24	24	92	0	60	48	41	6	12	14	0	0	0	36	30	12	0	23	0	24	24	102	0	60	48	50	41	24	3	0	0	0	11	36	0	0	22	0	20	0	50	55	24	0	27	30	28	24	77	18	120	57	137	23	0	12	28	0	12	17	0	24	24	64	0	60	48	31	0	12	4	0	0	0	6	0	12	0	23	0	24	24	83	0	60	48	33	6	12	0	0	0	0	0	0	0	0	14	0	0	0	35	30	12	0	18	0	24	24	72	0	60	48	43	41	24	4	0	0	0	18	40	0	0	3	0	0	0	11	36	0	0	20	0	20	0	50	55	24	0	16	30	28	24	52	18	120	57
200	185	58	65	52	170	31	44	8	58	65	52	30	33	0	24	110	144	104	247	155	23	44	0	31	44	8	16	33	0	0	74	132	16	180	52	65	52	2	0	37	0	34	0	0	40	30	33	0	24	95	144	104	247	141	22	44	0	23	44	0	15	33	0	0	70	132	0	179	29	44	8	2	0	0	0	33	0	0	37	16	33	0	0	68	132	16	180	37	51	52	0	0	9	0	18	0	0	0	2	0	37	0	32	0	0	40	26	33	0	24	49	88	104	247	130	22	44	0	22	44	0	15	33	0	0	68	132	0	179	21	44	0	2	0	0	0	1	0	0	37	15	33	0	0	64	132	0	179	22	33	8	0	0	0	0	3	0	0	0	2	0	0	0	32	0	0	37	12	33	0	0	42	88	16	180	26	18	52	3	0	0	0	20	0	0	0	0	0	9	0	18	0	0	0	0	0	37	0	32	0	0	40	15	0	0	24	13	0	104	247
215	202	62	40	57	189	45	18	0	62	40	57	34	36	0	0	118	20	114	355	176	30	0	0	45	18	0	21	0	0	0	110	9	0	257	61	40	57	19	0	53	0	51	88	114	0	34	36	0	0	115	20	114	355	163	27	0	0	30	0	0	20	0	0	0	81	0	0	255	44	18	0	17	0	0	0	46	72	0	0	21	0	0	0	107	9	0	257	54	40	57	2	0	9	0	19	18	0	0	19	0	53	0	50	88	114	0	31	36	0	0	89	20	114	355	150	23	0	0	27	0	0	18	0	0	0	70	0	0	255	29	0	0	4	0	0	0	2	0	0	0	20	0	0	0	78	0	0	255	37	18	0	0	0	0	0	3	0	0	0	17	0	0	0	45	72	0	0	18	0	0	0	81	9	0	257	42	40	57	4	0	0	0	19	42	0	0	2	0	9	0	19	18	0	0	17	0	53	0	50	88	114	0	17	36	0	0	48	20	114	355
165	153	40	21	70	141	30	20	34	36	21	70	23	10	14	42	92	73	0	202	130	30	20	32	29	20	34	23	10	0	36	83	70	0	79	27	10	70	7	0	0	24	18	0	0	0	21	10	14	42	69	40	0	202	120	27	20	32	29	20	32	23	10	0	36	83	70	0	71	24	10	34	5	0	0	24	3	0	0	0	21	10	0	36	69	40	0	79	19	0	70	1	0	0	0	0	0	0	0	6	0	0	24	17	0	0	0	15	0	14	42	39	0	0	202	110	25	20	32	26	20	32	20	10	0	36	69	70	0	71	24	10	32	5	0	0	24	3	0	0	0	21	10	0	36	69	40	0	71	16	0	34	0	0	0	0	0	0	0	0	4	0	0	24	2	0	0	0	15	0	0	36	39	0	0	79	12	0	70	2	0	0	0	6	0	0	0	1	0	0	0	0	0	0	0	4	0	0	24	17	0	0	0	4	0	14	42	14	0	0	202
240	224	50	64	73	208	35	50	47	49	64	73	25	38	32	42	99	108	73	134	192	29	46	45	34	50	47	20	36	0	36	91	108	47	36	43	64	73	19	46	0	24	42	67	0	0	23	38	32	42	82	108	73	134	176	25	23	45	28	46	45	20	34	0	36	74	99	45	36	28	50	47	13	24	0	24	14	12	0	0	18	36	0	36	74	108	47	36	36	64	73	2	11	0	0	0	0	146	0	18	46	0	24	41	67	0	0	16	38	32	42	56	108	73	134	160	21	11	45	24	23	45	16	11	0	36	55	0	45	36	22	46	45	3	22	0	24	5	11	0	0	18	34	0	36	57	99	45	36	21	50	47	0	0	0	0	0	0	94	0	12	24	0	24	13	12	0	0	11	36	0	36	48	108	47	36	33	64	73	1	11	0	0	9	22	73	0	2	11	0	0	0	0	146	0	16	46	0	24	41	67	0	0	9	38	32	42	44	108	73	134
163	148	44	65	51	133	19	56	9	40	65	51	15	87	32	0	96	215	0	259	119	18	54	9	18	56	9	10	81	0	0	54	186	0	79	28	51	51	4	18	0	0	26	11	0	0	10	87	32	0	68	173	0	259	108	15	54	9	18	54	9	10	81	0	0	54	180	0	71	16	45	9	2	18	0	0	2	9	0	0	10	81	0	0	48	153	0	79	17	18	51	1	0	0	0	0	0	0	0	4	18	0	0	25	0	0	0	9	54	32	0	33	63	0	259	99	13	54	9	15	54	9	7	81	0	0	40	180	0	71	16	45	9	2	18	0	0	2	9	0	0	10	81	0	0	48	153	0	71	12	18	9	0	0	0	0	0	0	0	0	2	18	0	0	2	0	0	0	9	54	0	0	32	63	0	79	12	0	51	2	0	0	0	9	0	0	0	1	0	0	0	0	0	0	0	4	0	0	0	25	0	0	0	4	0	32	0	15	0	0	259
153	143	33	17	33	133	23	16	9	33	17	33	23	8	14	0	76	40	0	150	123	22	16	9	23	16	9	18	8	0	0	71	40	0	71	30	17	33	12	0	0	0	30	8	0	0	23	8	14	0	67	40	0	150	113	17	8	9	22	16	9	18	8	0	0	71	40	0	71	20	16	9	4	0	0	0	5	8	0	0	18	8	0	0	62	40	0	71	24	17	33	3	0	0	0	0	0	33	0	12	0	0	0	29	8	0	0	19	8	14	0	45	40	0	150	103	15	0	9	17	8	9	13	0	0	0	48	0	0	71	19	16	9	4	0	0	0	5	8	0	0	18	8	0	0	62	40	0	71	14	16	9	0	0	0	0	0	0	9	0	4	0	0	0	4	8	0	0	14	8	0	0	40	40	0	71	20	17	33	2	0	0	0	8	0	33	0	3	0	0	0	0	0	33	0	10	0	0	0	29	8	0	0	11	8	14	0	28	40	0	150
145	135	41	35	14	125	24	24	0	41	35	14	20	18	14	0	69	84	28	77	115	11	18	0	24	24	0	5	18	0	0	57	84	0	36	41	35	14	14	24	0	0	35	58	0	0	20	18	14	0	69	84	28	77	105	8	4	0	11	18	0	5	12	0	0	23	56	0	36	24	24	0	12	0	0	0	20	18	0	0	5	18	0	0	57	84	0	36	40	35	14	1	8	0	0	0	0	42	0	14	24	0	0	35	58	0	0	20	18	14	0	65	84	28	77	95	4	0	0	8	4	0	2	0	0	0	9	0	0	36	11	18	0	2	0	0	0	2	12	0	0	5	12	0	0	23	56	0	36	23	24	0	0	0	0	0	0	0	0	0	12	0	0	0	20	18	0	0	5	18	0	0	53	84	0	36	39	35	14	2	0	0	0	6	8	14	0	1	8	0	0	0	0	42	0	14	24	0	0	35	58	0	0	19	18	14	0	60	84	28	77
229	213	62	62	85	197	42	48	83	62	62	85	49	33	31	18	98	118	85	0	181	19	12	63	42	48	83	15	0	31	0	71	88	83	0	62	62	85	19	36	10	108	38	96	255	57	49	33	31	18	98	118	85	0	165	16	11	14	19	12	63	15	0	29	0	24	0	63	0	42	48	83	13	33	10	0	32	88	249	0	15	0	31	0	71	88	83	0	62	62	85	7	11	0	40	16	33	0	229	19	36	10	108	38	96	255	57	49	33	31	18	98	118	85	0	149	6	0	13	16	11	14	15	0	12	0	21	0	14	0	19	12	63	0	0	10	0	0	0	189	0	15	0	29	0	24	0	63	0	42	48	83	1	0	0	36	0	0	0	151	13	33	10	0	32	88	249	0	15	0	31	0	71	88	83	0	60	62	85	2	0	85	5	2	0	85	0	7	11	0	40	16	33	0	229	19	36	10	108	38	96	255	57	49	33	31	18	92	118	85	0
207	192	48	66	65	177	30	66	38	48	66	65	34	0	0	88	81	136	0	87	162	8	16	10	30	66	38	7	0	0	0	60	136	0	47	48	66	65	5	80	34	50	21	72	325	134	34	0	0	88	81	136	0	87	147	6	16	0	8	16	10	2	0	0	0	9	0	0	45	30	66	38	5	80	0	0	21	72	190	36	7	0	0	0	60	136	0	47	47	66	65	1	0	15	0	3	0	0	57	5	80	34	50	21	72	325	134	34	0	0	88	77	136	0	87	132	2	0	0	6	16	0	1	0	0	0	9	0	0	45	8	16	10	0	0	0	0	0	0	50	36	2	0	0	0	9	0	0	45	29	66	38	0	0	0	0	0	0	0	48	5	80	0	0	21	72	190	36	7	0	0	0	56	136	0	47	46	66	65	0	0	39	0	0	0	130	0	1	0	15	0	3	0	0	57	5	80	34	50	21	72	325	134	33	0	0	88	72	136	0	87
125	116	48	20	4	107	27	20	0	48	20	4	39	0	0	0	75	68	0	14	98	4	0	0	27	20	0	3	0	0	0	50	68	0	0	48	20	4	13	0	12	0	28	36	20	0	39	0	0	0	75	68	0	14	89	3	0	0	4	0	0	0	0	0	0	0	0	0	0	27	20	0	13	0	0	0	28	36	0	0	3	0	0	0	50	68	0	0	48	20	4	1	0	4	0	7	0	0	0	13	0	12	0	28	36	20	0	39	0	0	0	75	68	0	14	80	0	0	0	3	0	0	0	0	0	0	0	0	0	0	4	0	0	0	0	0	0	0	0	0	0	0	0	0	0	0	0	0	0	27	20	0	0	0	0	0	0	0	0	0	13	0	0	0	28	36	0	0	3	0	0	0	50	68	0	0	48	20	4	0	0	0	0	0	0	0	0	1	0	4	0	7	0	0	0	13	0	12	0	28	36	20	0	39	0	0	0	75	68	0	14
126	117	39	27	0	108	22	9	0	39	27	0	26	27	0	0	58	60	0	0	99	5	0	0	22	9	0	0	0	0	0	35	24	0	0	39	27	0	10	0	0	0	32	48	0	0	26	27	0	0	58	60	0	0	90	1	0	0	5	0	0	0	0	0	0	6	0	0	0	22	9	0	3	0	0	0	20	24	0	0	0	0	0	0	35	24	0	0	39	27	0	1	0	0	0	8	12	0	0	10	0	0	0	32	48	0	0	26	27	0	0	58	60	0	0	81	0	0	0	1	0	0	0	0	0	0	0	0	0	0	5	0	0	0	0	0	0	0	0	0	0	0	0	0	0	6	0	0	0	22	9	0	0	0	0	0	0	0	0	0	3	0	0	0	20	24	0	0	0	0	0	0	35	24	0	0	39	27	0	0	0	0	0	1	0	0	0	1	0	0	0	8	12	0	0	10	0	0	0	32	48	0	0	26	27	0	0	58	60	0	0
99	92	25	14	0	85	16	2	0	25	14	0	16	8	0	0	44	14	0	0	78	7	0	0	16	2	0	1	0	0	0	30	2	0	0	25	14	0	10	0	0	0	28	18	0	0	16	8	0	0	44	14	0	0	71	2	0	0	7	0	0	1	0	0	0	11	0	0	0	16	2	0	3	0	0	0	16	6	0	0	1	0	0	0	30	2	0	0	25	14	0	1	0	0	0	7	10	0	0	10	0	0	0	28	18	0	0	16	8	0	0	44	14	0	0	64	0	0	0	2	0	0	0	0	0	0	2	0	0	0	7	0	0	0	0	0	0	0	0	0	0	1	0	0	0	11	0	0	0	16	2	0	0	0	0	0	0	0	0	0	3	0	0	0	16	6	0	0	1	0	0	0	30	2	0	0	25	14	0	0	0	0	0	0	2	0	0	1	0	0	0	7	10	0	0	10	0	0	0	28	18	0	0	16	8	0	0	44	14	0	0
133	123	32	17	27	113	20	16	24	32	17	27	18	8	13	10	43	42	0	0	103	20	16	24	20	16	24	18	8	10	10	32	40	0	0	32	17	27	12	0	0	0	21	0	0	0	18	8	13	10	43	42	0	0	93	8	8	24	20	16	24	18	8	10	10	32	40	0	0	20	16	24	0	0	0	0	0	0	0	0	18	8	10	10	32	40	0	0	32	17	27	4	0	51	0	0	0	27	0	12	0	0	0	21	0	0	0	18	8	13	10	43	42	0	0	83	1	0	18	8	8	24	0	0	10	6	9	16	0	0	20	16	24	0	0	0	0	0	0	0	0	18	8	10	10	32	40	0	0	20	16	24	0	0	48	0	0	0	24	0	0	0	0	0	0	0	0	0	18	8	10	10	32	40	0	0	32	17	27	0	0	29	36	0	0	27	0	4	0	51	0	0	0	27	0	12	0	0	0	21	0	0	0	18	8	13	10	43	42	0	0
199	184	37	56	47	169	20	36	29	37	56	47	19	0	55	21	58	66	94	85	154	14	30	29	20	36	29	10	0	10	21	27	36	58	83	37	56	47	9	60	0	0	31	60	0	0	19	0	55	21	58	66	94	85	139	6	0	27	14	30	29	10	0	10	19	24	30	58	63	20	36	29	0	0	0	0	0	0	0	0	10	0	10	21	27	36	58	83	37	56	47	4	0	44	18	0	0	141	0	9	60	0	0	31	60	0	0	19	0	55	21	58	66	94	85	124	1	0	12	6	0	27	0	0	10	6	8	0	54	14	14	30	29	0	0	0	0	0	0	0	0	10	0	10	19	24	30	58	63	20	36	29	0	0	30	0	0	0	87	0	0	0	0	0	0	0	0	0	10	0	10	21	27	36	58	83	37	56	47	0	0	11	36	0	0	0	33	4	0	44	18	0	0	141	0	9	60	0	0	31	60	0	0	19	0	55	21	58	66	94	85
97	90	23	6	5	83	14	0	0	23	6	5	10	0	11	0	40	6	5	0	76	11	0	0	14	0	0	7	0	0	0	23	0	0	0	23	6	5	9	0	0	0	23	18	0	0	10	0	11	0	40	6	5	0	69	4	0	0	11	0	0	7	0	0	0	20	0	0	0	14	0	0	0	0	0	0	0	0	0	0	7	0	0	0	23	0	0	0	23	6	5	3	0	0	0	0	0	0	0	9	0	0	0	23	18	0	0	10	0	11	0	40	6	5	0	62	0	0	0	4	0	0	0	0	0	0	4	0	0	0	11	0	0	0	0	0	0	0	0	0	0	7	0	0	0	20	0	0	0	14	0	0	0	0	0	0	0	0	0	0	0	0	0	0	0	0	0	0	7	0	0	0	23	0	0	0	23	6	5	0	0	0	0	0	0	0	0	3	0	0	0	0	0	0	0	9	0	0	0	23	18	0	0	10	0	11	0	40	6	5	0
108	100	25	13	5	92	13	7	0	25	13	5	10	0	11	0	40	27	5	0	84	10	6	0	13	7	0	7	0	0	0	20	21	0	0	25	13	5	8	6	0	0	23	18	0	0	10	0	11	0	40	27	5	0	76	4	0	0	10	6	0	7	0	0	0	17	18	0	0	13	7	0	0	0	0	0	0	0	0	0	7	0	0	0	20	21	0	0	25	13	5	3	0	0	0	0	0	5	0	8	6	0	0	23	18	0	0	10	0	11	0	40	27	5	0	68	0	0	0	4	0	0	0	0	0	0	4	0	0	0	10	6	0	0	0	0	0	0	0	0	0	7	0	0	0	17	18	0	0	13	7	0	0	0	0	0	0	0	0	0	0	0	0	0	0	0	0	0	7	0	0	0	20	21	0	0	25	13	5	0	0	0	0	0	0	0	0	3	0	0	0	0	0	5	0	8	6	0	0	23	18	0	0	10	0	11	0	40	27	5	0
121	111	23	35	0	101	9	25	0	23	35	0	4	30	0	0	28	53	0	0	91	6	23	0	9	25	0	1	30	0	0	14	45	0	0	23	35	0	7	8	0	0	12	12	0	0	4	30	0	0	28	53	0	0	81	1	12	0	6	23	0	1	24	0	0	11	38	0	0	9	25	0	0	0	0	0	0	0	0	0	1	30	0	0	14	45	0	0	23	35	0	0	12	0	0	0	0	0	0	7	8	0	0	12	12	0	0	4	30	0	0	28	53	0	0	71	0	0	0	1	12	0	0	0	0	0	2	8	0	0	6	23	0	0	0	0	0	0	0	0	0	1	24	0	0	11	38	0	0	9	25	0	0	0	0	0	0	0	0	0	0	0	0	0	0	0	0	0	1	30	0	0	14	45	0	0	23	35	0	0	0	0	0	0	0	0	0	0	12	0	0	0	0	0	0	7	8	0	0	12	12	0	0	4	30	0	0	28	53	0	0
201	185	34	51	75	169	21	36	39	34	51	75	25	36	0	50	32	75	75	57	153	4	0	10	21	36	39	9	0	0	20	20	36	39	29	34	51	75	0	0	111	10	0	0	225	154	25	36	0	50	32	75	75	57	137	0	0	10	4	0	10	0	0	0	20	4	0	10	29	21	36	39	0	0	60	10	0	0	117	121	9	0	0	20	20	36	39	29	34	51	75	0	0	25	0	0	0	0	0	0	0	111	10	0	0	225	154	25	36	0	50	32	75	75	57	121	0	0	10	0	0	10	0	0	0	20	0	0	10	27	4	0	10	0	0	30	10	0	0	30	73	0	0	0	20	4	0	10	29	21	36	39	0	0	11	0	0	0	0	0	0	0	60	10	0	0	117	121	9	0	0	20	20	36	39	29	34	51	75	0	0	0	0	0	0	0	0	0	0	25	0	0	0	0	0	0	0	111	10	0	0	225	154	25	36	0	50	32	75	75	57
175	161	27	53	38	147	8	8	38	27	53	38	17	40	26	0	11	40	190	0	133	0	0	23	8	8	38	0	0	26	0	0	0	190	0	27	53	38	0	0	28	19	0	0	38	69	17	40	26	0	11	40	190	0	119	0	0	0	0	0	23	0	0	23	0	0	0	115	0	8	8	38	0	0	28	0	0	0	38	38	0	0	26	0	0	0	190	0	27	53	38	0	0	0	0	0	0	0	120	0	0	28	19	0	0	38	69	17	40	26	0	11	40	190	0	105	0	0	0	0	0	0	0	0	0	0	0	0	0	0	0	0	23	0	0	11	0	0	0	23	10	0	0	23	0	0	0	115	0	8	8	38	0	0	0	0	0	0	0	56	0	0	28	0	0	0	38	38	0	0	26	0	0	0	190	0	27	53	38	0	0	0	0	0	0	0	0	0	0	0	0	0	0	0	120	0	0	28	19	0	0	38	69	17	40	26	0	11	40	190	0
126	116	20	24	30	106	6	0	30	20	24	30	16	0	18	0	10	12	120	0	96	0	0	15	6	0	30	0	0	18	0	0	0	120	0	20	24	30	0	0	28	19	0	0	0	69	16	0	18	0	10	12	120	0	86	0	0	0	0	0	15	0	0	15	0	0	0	60	0	6	0	30	0	0	28	0	0	0	0	38	0	0	18	0	0	0	120	0	20	24	30	0	0	0	0	0	0	0	87	0	0	28	19	0	0	0	69	16	0	18	0	10	12	120	0	76	0	0	0	0	0	0	0	0	0	0	0	0	0	0	0	0	15	0	0	11	0	0	0	0	10	0	0	15	0	0	0	60	0	6	0	30	0	0	0	0	0	0	0	47	0	0	28	0	0	0	0	38	0	0	18	0	0	0	120	0	20	24	30	0	0	0	0	0	0	0	0	0	0	0	0	0	0	0	87	0	0	28	19	0	0	0	69	16	0	18	0	10	12	120	0
199	183	28	73	36	167	10	18	32	28	73	36	14	90	6	20	17	45	180	0	151	0	0	4	10	18	32	0	0	6	0	3	0	160	0	28	73	36	0	0	28	8	0	0	72	154	14	90	6	20	17	45	180	0	135	0	0	0	0	0	4	0	0	4	0	0	0	20	0	10	18	32	0	0	27	0	0	0	64	121	0	0	6	0	3	0	160	0	28	73	36	0	0	0	0	0	0	0	14	0	0	28	8	0	0	72	154	14	90	6	20	17	45	180	0	119	0	0	0	0	0	0	0	0	0	0	0	0	0	0	0	0	4	0	0	0	0	0	0	8	73	0	0	4	0	0	0	20	0	10	18	32	0	0	0	0	0	0	0	0	0	0	27	0	0	0	64	121	0	0	6	0	3	0	160	0	28	73	36	0	0	0	0	0	0	0	0	0	0	0	0	0	0	0	14	0	0	28	8	0	0	72	154	14	90	6	20	17	45	180	0
161	148	27	46	40	135	12	24	26	27	46	40	18	48	0	20	19	32	80	47	122	0	0	0	12	24	26	0	0	0	0	6	0	52	29	27	46	40	0	0	58	0	0	0	120	154	18	48	0	20	19	32	80	47	109	0	0	0	0	0	0	0	0	0	0	0	0	0	29	12	24	26	0	0	27	0	0	0	78	121	0	0	0	0	6	0	52	29	27	46	40	0	0	0	0	0	0	0	0	0	0	58	0	0	0	120	154	18	48	0	20	19	32	80	47	96	0	0	0	0	0	0	0	0	0	0	0	0	0	27	0	0	0	0	0	0	0	0	0	0	73	0	0	0	0	0	0	0	29	12	24	26	0	0	0	0	0	0	0	0	0	0	27	0	0	0	78	121	0	0	0	0	6	0	52	29	27	46	40	0	0	0	0	0	0	0	0	0	0	0	0	0	0	0	0	0	0	58	0	0	0	120	154	18	48	0	20	19	32	80	47
129	118	14	24	48	107	0	0	11	14	24	48	0	0	109	0	3	0	144	189	96	0	0	11	0	0	11	0	0	23	0	0	0	33	135	14	24	48	0	0	0	0	0	0	0	0	0	0	109	0	3	0	144	189	85	0	0	11	0	0	11	0	0	23	0	0	0	33	37	0	0	11	0	0	0	0	0	0	0	0	0	0	23	0	0	0	33	135	14	24	48	0	0	0	0	0	0	0	0	0	0	0	0	0	0	0	0	0	0	109	0	3	0	144	189	74	0	0	11	0	0	11	0	0	23	0	0	0	33	10	0	0	11	0	0	0	0	0	0	0	0	0	0	23	0	0	0	33	37	0	0	11	0	0	0	0	0	0	0	0	0	0	0	0	0	0	0	0	0	0	23	0	0	0	33	135	14	24	48	0	0	0	0	0	0	0	0	0	0	0	0	0	0	0	0	0	0	0	0	0	0	0	0	0	0	109	0	3	0	144	189
96	88	5	0	55	80	0	0	26	5	0	55	0	0	40	50	0	0	0	104	72	0	0	26	0	0	26	0	0	12	50	0	0	0	100	5	0	55	0	0	0	0	0	0	0	0	0	0	40	50	0	0	0	104	64	0	0	23	0	0	26	0	0	12	42	0	0	0	42	0	0	26	0	0	0	0	0	0	0	0	0	0	12	50	0	0	0	100	5	0	55	0	0	0	19	0	0	0	0	0	0	0	0	0	0	0	0	0	0	40	50	0	0	0	104	56	0	0	0	0	0	23	0	0	11	0	0	0	0	0	0	0	26	0	0	0	0	0	0	0	0	0	0	12	42	0	0	0	42	0	0	26	0	0	0	0	0	0	0	0	0	0	0	0	0	0	0	0	0	0	12	50	0	0	0	100	5	0	55	0	0	0	0	0	0	0	120	0	0	0	19	0	0	0	0	0	0	0	0	0	0	0	0	0	0	40	50	0	0	0	104
95	87	10	7	31	79	0	0	0	10	7	31	0	0	50	0	0	0	31	144	71	0	0	0	0	0	0	0	0	0	0	0	0	0	126	10	7	31	0	0	0	0	0	0	0	0	0	0	50	0	0	0	31	144	63	0	0	0	0	0	0	0	0	0	0	0	0	0	42	0	0	0	0	0	0	0	0	0	0	0	0	0	0	0	0	0	0	126	10	7	31	0	0	0	0	0	0	0	0	0	0	0	0	0	0	0	0	0	0	50	0	0	0	31	144	55	0	0	0	0	0	0	0	0	0	0	0	0	0	0	0	0	0	0	0	0	0	0	0	0	0	0	0	0	0	0	0	0	42	0	0	0	0	0	0	0	0	0	0	0	0	0	0	0	0	0	0	0	0	0	0	0	0	0	0	126	10	7	31	0	0	0	0	0	0	0	0	0	0	0	0	0	0	0	0	0	0	0	0	0	0	0	0	0	0	50	0	0	0	31	144
83	76	4	6	23	69	0	0	0	4	6	23	0	0	26	0	0	0	23	104	62	0	0	0	0	0	0	0	0	0	0	0	0	0	100	4	6	23	0	0	0	0	0	0	0	0	0	0	26	0	0	0	23	104	55	0	0	0	0	0	0	0	0	0	0	0	0	0	42	0	0	0	0	0	0	0	0	0	0	0	0	0	0	0	0	0	0	100	4	6	23	0	0	0	0	0	0	0	0	0	0	0	0	0	0	0	0	0	0	26	0	0	0	23	104	48	0	0	0	0	0	0	0	0	0	0	0	0	0	0	0	0	0	0	0	0	0	0	0	0	0	0	0	0	0	0	0	0	42	0	0	0	0	0	0	0	0	0	0	0	0	0	0	0	0	0	0	0	0	0	0	0	0	0	0	100	4	6	23	0	0	0	0	0	0	0	0	0	0	0	0	0	0	0	0	0	0	0	0	0	0	0	0	0	0	26	0	0	0	23	104
84	77	8	0	23	70	0	0	0	8	0	23	0	0	26	0	0	0	0	104	63	0	0	0	0	0	0	0	0	0	0	0	0	0	100	8	0	23	0	0	0	0	0	0	0	0	0	0	26	0	0	0	0	104	56	0	0	0	0	0	0	0	0	0	0	0	0	0	42	0	0	0	0	0	0	0	0	0	0	0	0	0	0	0	0	0	0	100	8	0	23	0	0	0	0	0	0	0	0	0	0	0	0	0	0	0	0	0	0	26	0	0	0	0	104	49	0	0	0	0	0	0	0	0	0	0	0	0	0	0	0	0	0	0	0	0	0	0	0	0	0	0	0	0	0	0	0	0	42	0	0	0	0	0	0	0	0	0	0	0	0	0	0	0	0	0	0	0	0	0	0	0	0	0	0	100	8	0	23	0	0	0	0	0	0	0	0	0	0	0	0	0	0	0	0	0	0	0	0	0	0	0	0	0	0	26	0	0	0	0	104
187	170	5	0	164	153	4	0	128	5	0	164	2	0	6	126	17	0	0	102	136	4	0	96	4	0	128	2	0	6	23	16	0	0	11	4	0	164	0	0	0	64	0	0	0	114	2	0	6	126	14	0	0	102	119	4	0	96	4	0	96	2	0	6	23	16	0	0	11	3	0	128	0	0	0	64	0	0	0	96	2	0	6	23	13	0	0	11	2	0	164	0	0	0	0	0	0	0	0	0	0	0	64	0	0	0	114	1	0	6	126	6	0	0	102	102	4	0	86	4	0	96	2	0	6	22	16	0	0	11	3	0	96	0	0	0	22	0	0	0	27	2	0	6	23	13	0	0	11	1	0	128	0	0	0	0	0	0	0	0	0	0	0	64	0	0	0	96	1	0	6	23	5	0	0	11	1	0	164	0	0	0	24	0	0	0	65	0	0	0	0	0	0	0	0	0	0	0	64	0	0	0	114	0	0	6	126	1	0	0	102
187	170	10	0	171	153	2	0	154	10	0	171	1	0	53	79	16	0	0	48	136	2	0	114	2	0	154	1	0	53	6	7	0	0	11	9	0	171	0	0	0	109	0	0	0	151	1	0	53	79	13	0	0	48	119	2	0	101	2	0	114	1	0	52	6	7	0	0	11	1	0	154	0	0	0	84	0	0	0	97	1	0	53	6	4	0	0	11	8	0	171	0	0	0	33	0	0	0	47	0	0	0	109	0	0	0	151	0	0	53	79	9	0	0	48	102	2	0	78	2	0	101	1	0	50	6	7	0	0	11	1	0	114	0	0	0	10	0	0	0	14	1	0	52	6	4	0	0	11	0	0	154	0	0	0	20	0	0	0	29	0	0	0	84	0	0	0	97	0	0	53	6	0	0	0	11	8	0	171	0	0	0	50	0	0	0	150	0	0	0	33	0	0	0	47	0	0	0	109	0	0	0	151	0	0	53	79	9	0	0	48
154	140	15	0	100	126	0	0	88	15	0	100	0	0	74	34	15	0	0	48	112	0	0	65	0	0	88	0	0	74	6	0	0	0	11	15	0	100	0	0	0	33	0	0	0	115	0	0	74	34	15	0	0	48	98	0	0	52	0	0	65	0	0	73	6	0	0	0	11	0	0	88	0	0	0	11	0	0	0	65	0	0	74	6	0	0	0	11	15	0	100	0	0	0	28	0	0	0	47	0	0	0	33	0	0	0	115	0	0	74	34	15	0	0	48	84	0	0	50	0	0	52	0	0	68	6	0	0	0	11	0	0	65	0	0	0	10	0	0	0	10	0	0	73	6	0	0	0	11	0	0	88	0	0	0	26	0	0	0	29	0	0	0	11	0	0	0	65	0	0	74	6	0	0	0	11	15	0	100	0	0	0	20	0	0	0	0	0	0	0	28	0	0	0	47	0	0	0	33	0	0	0	115	0	0	74	34	15	0	0	48
184	167	24	42	102	150	3	0	101	24	42	102	6	0	111	12	23	42	306	0	133	0	0	84	3	0	101	0	0	111	0	4	0	303	0	24	42	102	0	0	21	43	0	0	0	75	6	0	111	12	23	42	306	0	116	0	0	53	0	0	84	0	0	107	0	0	0	252	0	3	0	101	0	0	21	11	0	0	0	39	0	0	111	0	4	0	303	0	24	42	102	0	0	0	28	0	0	0	79	0	0	21	43	0	0	0	75	6	0	111	12	23	42	306	0	99	0	0	51	0	0	53	0	0	82	0	0	0	159	0	0	0	84	0	0	21	10	0	0	0	10	0	0	107	0	0	0	252	0	3	0	101	0	0	0	26	0	0	0	53	0	0	21	11	0	0	0	39	0	0	111	0	4	0	303	0	24	42	102	0	0	0	20	0	0	0	0	0	0	0	28	0	0	0	79	0	0	21	43	0	0	0	75	6	0	111	12	23	42	306	0
117	106	21	28	36	95	3	0	36	21	28	36	6	0	89	0	19	21	144	0	84	0	0	35	3	0	36	0	0	89	0	4	0	144	0	21	28	36	0	0	21	4	0	0	0	0	6	0	89	0	19	21	144	0	73	0	0	30	0	0	35	0	0	86	0	0	0	140	0	3	0	36	0	0	21	0	0	0	0	0	0	0	89	0	4	0	144	0	21	28	36	0	0	0	6	0	0	0	0	0	0	21	4	0	0	0	0	6	0	89	0	19	21	144	0	62	0	0	29	0	0	30	0	0	71	0	0	0	120	0	0	0	35	0	0	21	0	0	0	0	0	0	0	86	0	0	0	140	0	3	0	36	0	0	0	6	0	0	0	0	0	0	21	0	0	0	0	0	0	0	89	0	4	0	144	0	21	28	36	0	0	0	10	0	0	0	0	0	0	0	6	0	0	0	0	0	0	21	4	0	0	0	0	6	0	89	0	19	21	144	0
137	123	16	33	79	109	5	0	79	16	33	79	11	0	97	0	7	0	237	0	95	1	0	79	5	0	79	0	0	97	0	1	0	237	0	16	33	79	0	0	49	0	0	0	0	0	11	0	97	0	7	0	237	0	81	1	0	79	1	0	79	0	0	97	0	1	0	237	0	5	0	79	0	0	49	0	0	0	0	0	0	0	97	0	1	0	237	0	16	33	79	0	0	0	0	0	0	0	0	0	0	49	0	0	0	0	0	11	0	97	0	7	0	237	0	67	1	0	79	1	0	79	0	0	97	0	1	0	237	0	1	0	79	0	0	49	0	0	0	0	0	0	0	97	0	1	0	237	0	5	0	79	0	0	0	0	0	0	0	0	0	0	49	0	0	0	0	0	0	0	97	0	1	0	237	0	15	33	79	3	0	0	0	0	0	0	0	0	0	0	0	0	0	0	0	0	0	49	0	0	0	0	0	11	0	97	0	6	0	237	0
119	107	8	11	82	95	0	0	47	8	11	82	0	0	27	109	4	0	82	138	83	0	0	47	0	0	47	0	0	21	109	0	0	47	137	8	11	82	0	0	0	0	0	0	0	0	0	0	27	109	4	0	82	138	71	0	0	47	0	0	47	0	0	21	109	0	0	47	119	0	0	47	0	0	0	0	0	0	0	0	0	0	21	109	0	0	47	137	8	11	82	0	0	0	0	0	0	0	0	0	0	0	0	0	0	0	0	0	0	27	109	4	0	82	138	59	0	0	46	0	0	47	0	0	21	106	0	0	47	83	0	0	47	0	0	0	0	0	0	0	0	0	0	21	109	0	0	47	119	0	0	47	0	0	0	0	0	0	0	0	0	0	0	0	0	0	0	0	0	0	21	109	0	0	47	137	8	11	82	0	0	0	6	0	0	0	0	0	0	0	0	0	0	0	0	0	0	0	0	0	0	0	0	0	0	27	109	4	0	82	138
90	81	6	0	53	72	0	0	23	6	0	53	0	0	0	75	0	0	0	138	63	0	0	23	0	0	23	0	0	0	75	0	0	0	137	6	0	53	0	0	0	0	0	0	0	0	0	0	0	75	0	0	0	138	54	0	0	22	0	0	23	0	0	0	73	0	0	0	119	0	0	23	0	0	0	0	0	0	0	0	0	0	0	75	0	0	0	137	6	0	53	0	0	0	4	0	0	0	0	0	0	0	0	0	0	0	0	0	0	0	75	0	0	0	138	45	0	0	17	0	0	22	0	0	0	62	0	0	0	83	0	0	23	0	0	0	0	0	0	0	0	0	0	0	73	0	0	0	119	0	0	23	0	0	0	0	0	0	0	0	0	0	0	0	0	0	0	0	0	0	0	75	0	0	0	137	6	0	53	0	0	0	6	0	0	0	0	0	0	0	4	0	0	0	0	0	0	0	0	0	0	0	0	0	0	0	75	0	0	0	138
138	124	7	24	88	110	0	0	52	7	24	88	0	0	27	139	4	0	176	138	96	0	0	52	0	0	52	0	0	21	139	0	0	104	137	7	24	88	0	0	0	0	0	0	0	0	0	0	27	139	4	0	176	138	82	0	0	50	0	0	52	0	0	21	134	0	0	104	119	0	0	52	0	0	0	0	0	0	0	0	0	0	21	139	0	0	104	137	7	24	88	0	0	0	17	0	0	0	0	0	0	0	0	0	0	0	0	0	0	27	139	4	0	176	138	68	0	0	35	0	0	50	0	0	21	109	0	0	100	83	0	0	52	0	0	0	0	0	0	0	0	0	0	21	134	0	0	104	119	0	0	52	0	0	0	11	0	0	0	0	0	0	0	0	0	0	0	0	0	0	21	139	0	0	104	137	7	24	88	0	0	0	28	0	0	0	27	0	0	0	17	0	0	0	0	0	0	0	0	0	0	0	0	0	0	27	139	4	0	176	138
60	54	6	0	14	48	0	0	5	6	0	14	0	0	0	10	0	0	0	36	42	0	0	5	0	0	5	0	0	0	10	0	0	0	36	6	0	14	0	0	0	0	0	0	0	0	0	0	0	10	0	0	0	36	36	0	0	4	0	0	5	0	0	0	8	0	0	0	35	0	0	5	0	0	0	0	0	0	0	0	0	0	0	10	0	0	0	36	6	0	14	0	0	0	4	0	0	0	0	0	0	0	0	0	0	0	0	0	0	0	10	0	0	0	36	30	0	0	0	0	0	4	0	0	0	0	0	0	0	30	0	0	5	0	0	0	0	0	0	0	0	0	0	0	8	0	0	0	35	0	0	5	0	0	0	0	0	0	0	0	0	0	0	0	0	0	0	0	0	0	0	10	0	0	0	36	6	0	14	0	0	0	0	0	0	0	0	0	0	0	4	0	0	0	0	0	0	0	0	0	0	0	0	0	0	0	10	0	0	0	36
63	56	0	0	56	49	0	0	31	0	0	56	0	0	0	19	0	0	0	167	42	0	0	31	0	0	31	0	0	0	19	0	0	0	131	0	0	56	0	0	0	0	0	0	0	0	0	0	0	19	0	0	0	167	35	0	0	31	0	0	31	0	0	0	19	0	0	0	131	0	0	31	0	0	0	0	0	0	0	0	0	0	0	19	0	0	0	131	0	0	56	0	0	0	0	0	0	0	0	0	0	0	0	0	0	0	0	0	0	0	19	0	0	0	167	28	0	0	31	0	0	31	0	0	0	19	0	0	0	129	0	0	31	0	0	0	0	0	0	0	0	0	0	0	19	0	0	0	131	0	0	31	0	0	0	0	0	0	0	0	0	0	0	0	0	0	0	0	0	0	0	19	0	0	0	131	0	0	56	0	0	0	0	0	0	0	0	0	0	0	0	0	0	0	0	0	0	0	0	0	0	0	0	0	0	0	19	0	0	0	167
63	56	2	0	48	49	0	0	36	2	0	48	0	0	0	13	0	0	0	79	42	0	0	36	0	0	36	0	0	0	13	0	0	0	79	2	0	48	0	0	0	0	0	0	0	0	0	0	0	13	0	0	0	79	35	0	0	36	0	0	36	0	0	0	13	0	0	0	79	0	0	36	0	0	0	0	0	0	0	0	0	0	0	13	0	0	0	79	2	0	48	0	0	0	0	0	0	0	0	0	0	0	0	0	0	0	0	0	0	0	13	0	0	0	79	28	0	0	36	0	0	36	0	0	0	13	0	0	0	79	0	0	36	0	0	0	0	0	0	0	0	0	0	0	13	0	0	0	79	0	0	36	0	0	0	0	0	0	0	0	0	0	0	0	0	0	0	0	0	0	0	13	0	0	0	79	2	0	48	0	0	0	0	0	0	0	0	0	0	0	0	0	0	0	0	0	0	0	0	0	0	0	0	0	0	0	13	0	0	0	79
151	134	18	30	148	117	1	0	144	18	30	148	0	0	178	45	1	0	296	0	100	1	0	142	1	0	144	0	0	174	41	1	0	288	0	18	30	148	0	0	0	14	0	0	0	0	0	0	178	45	1	0	296	0	83	1	0	142	1	0	142	0	0	174	41	1	0	284	0	1	0	144	0	0	0	14	0	0	0	0	0	0	174	41	1	0	288	0	18	30	148	0	0	0	0	0	0	0	0	0	0	0	14	0	0	0	0	0	0	178	45	1	0	296	0	66	1	0	142	1	0	142	0	0	174	41	1	0	284	0	1	0	142	0	0	0	14	0	0	0	0	0	0	174	41	1	0	284	0	1	0	144	0	0	0	0	0	0	0	0	0	0	0	14	0	0	0	0	0	0	174	41	1	0	288	0	17	30	148	3	0	0	0	0	0	0	0	0	0	0	0	0	0	0	0	0	0	0	14	0	0	0	0	0	0	178	45	0	0	296	0
126	112	12	0	118	98	1	0	80	12	0	118	0	0	85	45	1	0	0	249	84	1	0	78	1	0	80	0	0	81	41	1	0	0	178	12	0	118	0	0	0	14	0	0	0	0	0	0	85	45	1	0	0	249	70	1	0	78	1	0	78	0	0	81	41	1	0	0	178	1	0	80	0	0	0	14	0	0	0	0	0	0	81	41	1	0	0	178	12	0	118	0	0	0	0	0	0	0	0	0	0	0	14	0	0	0	0	0	0	85	45	1	0	0	249	56	1	0	78	1	0	78	0	0	81	41	1	0	0	176	1	0	78	0	0	0	14	0	0	0	0	0	0	81	41	1	0	0	178	1	0	80	0	0	0	0	0	0	0	0	0	0	0	14	0	0	0	0	0	0	81	41	1	0	0	178	11	0	118	3	0	0	0	0	0	0	0	0	0	0	0	0	0	0	0	0	0	0	14	0	0	0	0	0	0	85	45	0	0	0	249
106	94	12	20	86	82	1	0	83	12	20	86	0	0	95	29	1	0	172	0	70	1	0	81	1	0	83	0	0	92	25	1	0	166	0	12	20	86	0	0	0	14	0	0	0	0	0	0	95	29	1	0	172	0	58	1	0	81	1	0	81	0	0	92	25	1	0	162	0	1	0	83	0	0	0	14	0	0	0	0	0	0	92	25	1	0	166	0	12	20	86	0	0	0	0	0	0	0	0	0	0	0	14	0	0	0	0	0	0	95	29	1	0	172	0	46	1	0	81	1	0	81	0	0	92	25	1	0	162	0	1	0	81	0	0	0	14	0	0	0	0	0	0	92	25	1	0	162	0	1	0	83	0	0	0	0	0	0	0	0	0	0	0	14	0	0	0	0	0	0	92	25	1	0	166	0	11	20	86	3	0	0	0	0	0	0	0	0	0	0	0	0	0	0	0	0	0	0	14	0	0	0	0	0	0	95	29	0	0	172	0
144	126	6	0	206	108	4	0	168	6	0	206	2	0	12	165	13	0	0	234	90	4	0	166	4	0	168	2	0	12	160	9	0	0	227	6	0	206	0	0	0	27	2	0	0	0	2	0	12	165	13	0	0	234	72	3	0	166	4	0	166	2	0	12	160	9	0	0	223	4	0	168	0	0	0	27	0	0	0	0	2	0	12	160	9	0	0	227	6	0	206	0	0	8	0	0	0	0	0	0	0	0	27	2	0	0	0	2	0	12	165	13	0	0	234	54	0	0	166	3	0	166	0	0	12	160	4	0	0	223	4	0	166	0	0	0	27	0	0	0	0	2	0	12	160	9	0	0	223	4	0	168	0	0	8	0	0	0	0	0	0	0	0	27	0	0	0	0	2	0	12	160	9	0	0	227	3	0	206	0	0	31	0	0	0	0	0	0	0	8	0	0	0	0	0	0	0	0	27	2	0	0	0	2	0	12	165	9	0	0	234
96	84	2	0	118	72	1	0	81	2	0	118	0	0	12	128	3	0	0	234	60	1	0	80	1	0	81	0	0	12	125	1	0	0	227	2	0	118	0	0	0	11	1	0	0	0	0	0	12	128	3	0	0	234	48	1	0	80	1	0	80	0	0	12	125	1	0	0	223	1	0	81	0	0	0	11	0	0	0	0	0	0	12	125	1	0	0	227	2	0	118	0	0	0	0	0	0	0	0	0	0	0	11	1	0	0	0	0	0	12	128	3	0	0	234	36	0	0	80	1	0	80	0	0	12	125	1	0	0	223	1	0	80	0	0	0	11	0	0	0	0	0	0	12	125	1	0	0	223	1	0	81	0	0	0	0	0	0	0	0	0	0	0	11	0	0	0	0	0	0	12	125	1	0	0	227	1	0	118	0	0	15	0	0	0	0	0	0	0	0	0	0	0	0	0	0	0	0	11	1	0	0	0	0	0	12	128	2	0	0	234
144	126	15	0	144	108	8	0	138	15	0	144	5	0	27	65	28	0	0	0	90	7	0	137	8	0	138	4	0	27	62	12	0	0	0	15	0	144	3	0	10	11	5	0	0	0	5	0	27	65	28	0	0	0	72	3	0	137	7	0	137	2	0	27	62	9	0	0	0	8	0	138	0	0	10	11	0	0	0	0	4	0	27	62	12	0	0	0	15	0	144	0	0	33	0	0	0	0	0	3	0	10	11	5	0	0	0	5	0	27	65	28	0	0	0	54	0	0	137	3	0	137	0	0	27	62	4	0	0	0	7	0	137	0	0	10	11	0	0	0	0	2	0	27	62	9	0	0	0	8	0	138	0	0	33	0	0	0	0	0	0	0	10	11	0	0	0	0	4	0	27	62	12	0	0	0	12	0	144	0	0	31	0	0	0	0	0	0	0	33	0	0	0	0	0	3	0	10	11	5	0	0	0	5	0	27	65	24	0	0	0
111	97	25	13	105	83	12	0	105	25	13	105	14	0	90	0	52	26	105	0	69	8	0	105	12	0	105	6	0	90	0	20	0	105	0	25	13	105	5	0	34	0	8	13	0	0	14	0	90	0	52	26	105	0	55	2	0	105	8	0	105	2	0	90	0	11	0	105	0	12	0	105	0	0	34	0	1	0	0	0	6	0	90	0	20	0	105	0	25	13	105	0	0	55	0	0	0	0	0	5	0	34	0	8	13	0	0	14	0	90	0	52	26	105	0	41	0	0	105	2	0	105	0	0	90	0	3	0	105	0	8	0	105	0	0	34	0	1	0	0	0	2	0	90	0	11	0	105	0	12	0	105	0	0	55	0	0	0	0	0	0	0	34	0	1	0	0	0	6	0	90	0	20	0	105	0	23	13	105	0	0	16	0	0	0	0	0	0	0	55	0	0	0	0	0	5	0	34	0	8	13	0	0	14	0	90	0	49	26	105	0
109	95	26	33	97	81	6	0	97	26	33	97	9	0	123	0	44	88	291	0	67	3	0	97	6	0	97	2	0	123	0	6	0	291	0	26	33	97	3	0	23	0	8	11	0	0	9	0	123	0	44	88	291	0	53	0	0	97	3	0	97	0	0	123	0	0	0	291	0	6	0	97	0	0	23	0	0	0	0	0	2	0	123	0	6	0	291	0	26	33	97	0	0	25	0	0	0	0	0	3	0	23	0	8	11	0	0	9	0	123	0	44	88	291	0	39	0	0	97	0	0	97	0	0	123	0	0	0	291	0	3	0	97	0	0	23	0	0	0	0	0	0	0	123	0	0	0	291	0	6	0	97	0	0	25	0	0	0	0	0	0	0	23	0	0	0	0	0	2	0	123	0	6	0	291	0	26	33	97	0	0	0	0	0	0	0	0	0	0	25	0	0	0	0	0	3	0	23	0	8	11	0	0	9	0	123	0	44	88	291	0
108	92	31	41	116	76	7	13	77	31	41	116	14	26	70	153	25	39	232	202	60	0	0	77	7	13	77	0	0	64	153	3	0	154	202	31	41	116	0	0	58	0	1	0	116	0	14	26	70	153	25	39	232	202	44	0	0	77	0	0	77	0	0	64	153	0	0	154	202	7	13	77	0	0	47	0	1	0	77	0	0	0	64	153	3	0	154	202	31	41	116	0	0	0	0	0	0	0	0	0	0	58	0	1	0	116	0	14	26	70	153	25	39	232	202	28	0	0	77	0	0	77	0	0	64	153	0	0	154	202	0	0	77	0	0	47	0	0	0	77	0	0	0	64	153	0	0	154	202	7	13	77	0	0	0	0	0	0	0	0	0	0	47	0	1	0	77	0	0	0	64	153	3	0	154	202	31	41	116	0	0	0	0	0	0	0	0	0	0	0	0	0	0	0	0	0	0	58	0	1	0	116	0	14	26	70	153	25	39	232	202
61	52	20	14	38	43	3	0	24	20	14	38	12	0	15	37	15	0	76	97	34	0	0	24	3	0	24	0	0	13	37	0	0	48	97	20	14	38	0	0	0	0	0	0	0	0	12	0	15	37	15	0	76	97	25	0	0	24	0	0	24	0	0	13	37	0	0	48	97	3	0	24	0	0	0	0	0	0	0	0	0	0	13	37	0	0	48	97	20	14	38	0	0	0	0	0	0	0	0	0	0	0	0	0	0	0	0	12	0	15	37	15	0	76	97	16	0	0	24	0	0	24	0	0	13	37	0	0	48	97	0	0	24	0	0	0	0	0	0	0	0	0	0	13	37	0	0	48	97	3	0	24	0	0	0	0	0	0	0	0	0	0	0	0	0	0	0	0	0	0	13	37	0	0	48	97	20	14	38	0	0	0	0	0	0	0	0	0	0	0	0	0	0	0	0	0	0	0	0	0	0	0	0	12	0	15	37	15	0	76	97
94	80	22	40	78	66	3	0	64	22	40	78	12	0	54	37	14	10	312	97	52	0	0	64	3	0	64	0	0	52	37	0	0	256	97	22	40	78	0	0	0	0	0	0	0	0	12	0	54	37	14	10	312	97	38	0	0	64	0	0	64	0	0	52	37	0	0	256	97	3	0	64	0	0	0	0	0	0	0	0	0	0	52	37	0	0	256	97	22	40	78	0	0	0	0	0	0	0	0	0	0	0	0	0	0	0	0	12	0	54	37	14	10	312	97	24	0	0	64	0	0	64	0	0	52	37	0	0	256	97	0	0	64	0	0	0	0	0	0	0	0	0	0	52	37	0	0	256	97	3	0	64	0	0	0	0	0	0	0	0	0	0	0	0	0	0	0	0	0	0	52	37	0	0	256	97	22	40	78	0	0	0	0	0	0	0	0	0	0	0	0	0	0	0	0	0	0	0	0	0	0	0	0	12	0	54	37	14	10	312	97
91	77	24	53	56	63	2	8	53	24	53	56	7	40	73	37	15	32	280	0	49	0	0	53	2	8	53	0	0	71	37	0	0	265	0	24	53	56	0	0	0	0	0	0	56	0	7	40	73	37	15	32	280	0	35	0	0	53	0	0	53	0	0	71	37	0	0	265	0	2	8	53	0	0	0	0	0	0	53	0	0	0	71	37	0	0	265	0	24	53	56	0	0	0	0	0	0	0	0	0	0	0	0	0	0	56	0	7	40	73	37	15	32	280	0	21	0	0	53	0	0	53	0	0	71	37	0	0	265	0	0	0	53	0	0	0	0	0	0	53	0	0	0	71	37	0	0	265	0	2	8	53	0	0	0	0	0	0	0	0	0	0	0	0	0	0	53	0	0	0	71	37	0	0	265	0	24	53	56	0	0	0	0	0	0	0	0	0	0	0	0	0	0	0	0	0	0	0	0	0	0	56	0	7	40	73	37	15	32	280	0
63	53	19	29	0	43	2	4	0	19	29	0	7	20	0	0	9	16	0	0	33	0	0	0	2	4	0	0	0	0	0	0	0	0	0	19	29	0	0	0	0	0	0	0	0	0	7	20	0	0	9	16	0	0	23	0	0	0	0	0	0	0	0	0	0	0	0	0	0	2	4	0	0	0	0	0	0	0	0	0	0	0	0	0	0	0	0	0	19	29	0	0	0	0	0	0	0	0	0	0	0	0	0	0	0	0	0	7	20	0	0	9	16	0	0	13	0	0	0	0	0	0	0	0	0	0	0	0	0	0	0	0	0	0	0	0	0	0	0	0	0	0	0	0	0	0	0	0	0	2	4	0	0	0	0	0	0	0	0	0	0	0	0	0	0	0	0	0	0	0	0	0	0	0	0	0	19	29	0	0	0	0	0	0	0	0	0	0	0	0	0	0	0	0	0	0	0	0	0	0	0	0	0	7	20	0	0	9	16	0	0
117	97	19	51	168	77	2	0	135	19	51	168	2	0	183	115	21	17	504	172	57	1	0	129	2	0	135	1	0	154	103	6	0	405	130	19	51	168	1	0	14	67	3	0	0	0	2	0	183	115	21	17	504	172	37	0	0	129	1	0	129	0	0	146	103	2	0	387	130	2	0	135	0	0	14	67	0	0	0	0	1	0	154	103	6	0	405	130	18	51	168	0	0	14	0	0	0	0	0	1	0	14	67	3	0	0	0	2	0	183	115	19	17	504	172	17	0	0	129	0	0	129	0	0	146	103	0	0	387	130	1	0	129	0	0	14	67	0	0	0	0	0	0	146	103	2	0	387	130	1	0	135	0	0	14	0	0	0	0	0	0	0	14	67	0	0	0	0	1	0	154	103	4	0	405	130	16	51	168	0	0	0	0	0	0	0	0	0	0	14	0	0	0	0	0	1	0	14	67	3	0	0	0	1	0	183	115	12	17	504	172
78	65	6	0	112	52	0	0	86	6	0	112	0	0	12	58	1	0	0	134	39	0	0	86	0	0	86	0	0	0	58	0	0	0	117	6	0	112	0	0	0	0	0	0	0	0	0	0	12	58	1	0	0	134	26	0	0	86	0	0	86	0	0	0	58	0	0	0	117	0	0	86	0	0	0	0	0	0	0	0	0	0	0	58	0	0	0	117	6	0	112	0	0	0	0	0	0	0	0	0	0	0	0	0	0	0	0	0	0	12	58	1	0	0	134	13	0	0	86	0	0	86	0	0	0	58	0	0	0	117	0	0	86	0	0	0	0	0	0	0	0	0	0	0	58	0	0	0	117	0	0	86	0	0	0	0	0	0	0	0	0	0	0	0	0	0	0	0	0	0	0	58	0	0	0	117	6	0	112	0	0	0	0	0	0	0	0	0	0	0	0	0	0	0	0	0	0	0	0	0	0	0	0	0	0	12	58	1	0	0	134
53	44	5	8	32	35	0	0	10	5	8	32	0	0	12	0	1	0	32	134	26	0	0	10	0	0	10	0	0	0	0	0	0	10	117	5	8	32	0	0	0	0	0	0	0	0	0	0	12	0	1	0	32	134	17	0	0	10	0	0	10	0	0	0	0	0	0	10	117	0	0	10	0	0	0	0	0	0	0	0	0	0	0	0	0	0	10	117	5	8	32	0	0	0	0	0	0	0	0	0	0	0	0	0	0	0	0	0	0	12	0	1	0	32	134	8	0	0	10	0	0	10	0	0	0	0	0	0	10	117	0	0	10	0	0	0	0	0	0	0	0	0	0	0	0	0	0	10	117	0	0	10	0	0	0	0	0	0	0	0	0	0	0	0	0	0	0	0	0	0	0	0	0	0	10	117	5	8	32	0	0	0	0	0	0	0	0	0	0	0	0	0	0	0	0	0	0	0	0	0	0	0	0	0	0	12	0	1	0	32	134
66	55	6	0	68	44	0	0	36	6	0	68	0	0	12	39	1	0	0	172	33	0	0	36	0	0	36	0	0	0	39	0	0	0	141	6	0	68	0	0	0	0	0	0	0	0	0	0	12	39	1	0	0	172	22	0	0	36	0	0	36	0	0	0	39	0	0	0	141	0	0	36	0	0	0	0	0	0	0	0	0	0	0	39	0	0	0	141	6	0	68	0	0	0	0	0	0	0	0	0	0	0	0	0	0	0	0	0	0	12	39	1	0	0	172	11	0	0	36	0	0	36	0	0	0	39	0	0	0	141	0	0	36	0	0	0	0	0	0	0	0	0	0	0	39	0	0	0	141	0	0	36	0	0	0	0	0	0	0	0	0	0	0	0	0	0	0	0	0	0	0	39	0	0	0	141	6	0	68	0	0	0	0	0	0	0	0	0	0	0	0	0	0	0	0	0	0	0	0	0	0	0	0	0	0	12	39	1	0	0	172
54	45	7	0	42	36	0	0	0	7	0	42	0	0	25	0	1	0	0	288	27	0	0	0	0	0	0	0	0	0	0	0	0	0	218	7	0	42	0	0	0	0	0	0	0	0	0	0	25	0	1	0	0	288	18	0	0	0	0	0	0	0	0	0	0	0	0	0	218	0	0	0	0	0	0	0	0	0	0	0	0	0	0	0	0	0	0	218	7	0	42	0	0	0	0	0	0	0	0	0	0	0	0	0	0	0	0	0	0	25	0	1	0	0	288	9	0	0	0	0	0	0	0	0	0	0	0	0	0	218	0	0	0	0	0	0	0	0	0	0	0	0	0	0	0	0	0	0	218	0	0	0	0	0	0	0	0	0	0	0	0	0	0	0	0	0	0	0	0	0	0	0	0	0	0	218	7	0	42	0	0	0	0	0	0	0	0	0	0	0	0	0	0	0	0	0	0	0	0	0	0	0	0	0	0	25	0	1	0	0	288
55	43	21	35	69	31	1	8	66	21	35	69	1	24	64	36	55	86	207	0	19	0	0	65	1	8	66	0	0	63	35	2	16	198	0	19	35	69	0	0	15	12	0	0	69	0	1	24	64	36	52	86	207	0	8	0	0	64	0	0	65	0	0	63	34	0	0	195	0	1	8	66	0	0	14	11	0	0	66	0	0	0	63	35	2	16	198	0	10	24	69	0	0	0	11	0	0	0	0	0	0	15	12	0	0	69	0	1	24	64	36	31	64	207	0	0	0	0	64	0	0	64	0	0	63	34	0	0	192	0	0	0	65	0	0	14	11	0	0	65	0	0	0	63	34	0	0	195	0	0	0	66	0	0	0	11	0	0	0	0	0	0	14	11	0	0	66	0	0	0	63	35	0	0	198	0	0	0	69	0	0	0	0	0	0	0	0	0	0	0	11	0	0	0	0	0	0	15	12	0	0	69	0	0	0	64	36	0	0	207	0
40	31	24	20	30	22	1	0	30	24	20	30	3	0	60	0	59	60	150	0	13	0	0	30	1	0	30	0	0	60	0	2	0	150	0	24	20	30	0	0	0	0	1	0	0	0	3	0	60	0	59	60	150	0	4	0	0	27	0	0	30	0	0	60	0	0	0	150	0	1	0	30	0	0	0	0	0	0	0	0	0	0	60	0	2	0	150	0	8	20	30	0	0	0	24	0	0	0	0	0	0	0	0	0	0	0	0	3	0	60	0	19	60	150	0	0	0	0	27	0	0	27	0	0	54	0	0	0	135	0	0	0	30	0	0	0	0	0	0	0	0	0	0	60	0	0	0	150	0	0	0	30	0	0	0	24	0	0	0	0	0	0	0	0	0	0	0	0	0	0	60	0	0	0	150	0	0	0	30	0	0	0	0	0	0	0	0	0	0	0	24	0	0	0	0	0	0	0	0	0	0	0	0	0	0	60	0	0	0	150	0
40	32	1	0	72	24	0	0	35	1	0	72	0	0	0	83	3	0	0	200	16	0	0	22	0	0	35	0	0	0	22	0	0	0	145	1	0	72	0	0	0	13	0	0	0	56	0	0	0	83	3	0	0	200	8	0	0	19	0	0	22	0	0	0	19	0	0	0	139	0	0	35	0	0	0	10	0	0	0	53	0	0	0	22	0	0	0	145	1	0	72	0	0	0	30	0	0	0	0	0	0	0	13	0	0	0	56	0	0	0	83	3	0	0	200	0	0	0	19	0	0	19	0	0	0	19	0	0	0	139	0	0	22	0	0	0	10	0	0	0	53	0	0	0	19	0	0	0	139	0	0	35	0	0	0	30	0	0	0	0	0	0	0	10	0	0	0	53	0	0	0	22	0	0	0	145	0	0	72	0	0	0	0	0	0	0	0	0	0	0	30	0	0	0	0	0	0	0	13	0	0	0	56	0	0	0	83	0	0	0	200
50	40	5	0	102	30	1	0	79	5	0	102	3	0	0	83	13	0	0	168	20	0	0	63	1	0	79	0	0	0	55	2	0	0	135	5	0	102	0	0	0	33	0	0	0	116	3	0	0	83	13	0	0	168	10	0	0	56	0	0	63	0	0	0	51	0	0	0	129	1	0	79	0	0	0	26	0	0	0	77	0	0	0	55	2	0	0	135	4	0	102	0	0	0	56	0	0	0	0	0	0	0	33	0	0	0	116	3	0	0	83	11	0	0	168	0	0	0	56	0	0	56	0	0	0	51	0	0	0	129	0	0	63	0	0	0	26	0	0	0	77	0	0	0	51	0	0	0	129	0	0	79	0	0	0	56	0	0	0	0	0	0	0	26	0	0	0	77	0	0	0	55	0	0	0	135	0	0	102	0	0	0	0	0	0	0	0	0	0	0	56	0	0	0	0	0	0	0	33	0	0	0	116	0	0	0	83	0	0	0	168
44	35	12	8	62	26	1	0	42	12	8	62	3	0	0	42	32	24	62	168	17	0	0	42	1	0	42	0	0	0	42	2	0	42	135	12	8	62	0	0	0	0	0	0	0	0	3	0	0	42	32	24	62	168	8	0	0	42	0	0	42	0	0	0	42	0	0	42	129	1	0	42	0	0	0	0	0	0	0	0	0	0	0	42	2	0	42	135	8	8	62	0	0	0	0	0	0	0	0	0	0	0	0	0	0	0	0	3	0	0	42	23	24	62	168	0	0	0	42	0	0	42	0	0	0	42	0	0	42	129	0	0	42	0	0	0	0	0	0	0	0	0	0	0	42	0	0	42	129	0	0	42	0	0	0	0	0	0	0	0	0	0	0	0	0	0	0	0	0	0	0	42	0	0	42	135	0	0	62	0	0	0	0	0	0	0	0	0	0	0	0	0	0	0	0	0	0	0	0	0	0	0	0	0	0	0	42	0	0	62	168
68	50	28	56	138	32	0	0	122	28	56	138	0	0	85	64	67	154	552	99	14	0	0	121	0	0	122	0	0	76	63	0	0	488	96	17	56	138	0	0	0	14	1	0	0	0	0	0	85	64	45	154	552	99	0	0	0	121	0	0	121	0	0	75	63	0	0	484	95	0	0	122	0	0	0	14	0	0	0	0	0	0	76	63	0	0	488	96	0	0	138	0	0	0	0	0	0	0	0	0	0	0	14	0	0	0	0	0	0	85	64	0	0	552	99	0	0	0	121	0	0	121	0	0	75	63	0	0	484	91	0	0	121	0	0	0	14	0	0	0	0	0	0	75	63	0	0	484	95	0	0	122	0	0	0	0	0	0	0	0	0	0	0	14	0	0	0	0	0	0	76	63	0	0	488	96	0	0	0	0	0	0	0	0	0	0	0	0	0	0	0	0	0	0	0	0	0	0	14	0	0	0	0	0	0	0	64	0	0	0	99
63	46	39	60	95	29	4	0	91	38	60	95	12	0	110	0	98	192	475	30	12	0	0	91	3	0	91	0	0	110	0	8	0	455	30	19	60	95	0	0	35	0	1	12	0	0	7	0	110	0	56	192	475	30	0	0	0	91	0	0	91	0	0	110	0	0	0	455	30	0	0	91	0	0	35	0	0	0	0	0	0	0	110	0	0	0	455	30	0	0	95	0	0	0	0	0	0	0	0	0	0	35	0	0	0	0	0	0	0	110	0	0	0	475	30	0	0	0	91	0	0	91	0	0	110	0	0	0	455	27	0	0	91	0	0	35	0	0	0	0	0	0	0	110	0	0	0	455	30	0	0	91	0	0	0	0	0	0	0	0	0	0	35	0	0	0	0	0	0	0	110	0	0	0	455	30	0	0	0	0	0	0	0	0	0	0	0	0	0	0	0	0	0	0	0	0	0	0	0	0	0	0	0	0	0	0	0	0	0	0	30
59	44	18	14	129	29	0	0	114	18	14	129	0	0	37	49	48	14	129	99	14	0	0	114	0	0	114	0	0	29	49	0	0	114	96	17	14	129	0	0	0	0	1	0	0	0	0	0	37	49	47	14	129	99	0	0	0	114	0	0	114	0	0	29	49	0	0	114	95	0	0	114	0	0	0	0	0	0	0	0	0	0	29	49	0	0	114	96	0	0	129	0	0	0	0	0	0	0	0	0	0	0	0	0	0	0	0	0	0	37	49	0	0	129	99	0	0	0	108	0	0	114	0	0	29	46	0	0	114	91	0	0	114	0	0	0	0	0	0	0	0	0	0	29	49	0	0	114	95	0	0	114	0	0	0	0	0	0	0	0	0	0	0	0	0	0	0	0	0	0	29	49	0	0	114	96	0	0	0	0	0	0	69	0	0	0	0	0	0	0	0	0	0	0	0	0	0	0	0	0	0	0	0	0	0	0	49	0	0	0	99
42	31	21	18	48	20	1	0	43	21	18	48	3	0	38	11	56	27	96	30	9	0	0	43	1	0	43	0	0	38	11	3	0	86	30	17	18	48	0	0	9	0	2	0	0	0	3	0	38	11	49	27	96	30	0	0	0	43	0	0	43	0	0	38	11	0	0	86	30	0	0	43	0	0	9	0	0	0	0	0	0	0	38	11	0	0	86	30	0	0	48	0	0	0	0	0	0	0	0	0	0	9	0	0	0	0	0	0	0	38	11	0	0	96	30	0	0	0	40	0	0	43	0	0	38	8	0	0	86	27	0	0	43	0	0	9	0	0	0	0	0	0	0	38	11	0	0	86	30	0	0	43	0	0	0	0	0	0	0	0	0	0	9	0	0	0	0	0	0	0	38	11	0	0	86	30	0	0	0	0	0	0	24	0	0	0	0	0	0	0	0	0	0	0	0	0	0	0	0	0	0	0	0	0	0	0	11	0	0	0	30
37	27	20	21	20	17	0	0	0	20	21	20	0	0	8	0	46	49	60	161	7	0	0	0	0	0	0	0	0	0	0	0	0	0	138	13	21	20	0	0	0	0	1	0	0	0	0	0	8	0	33	49	60	161	0	0	0	0	0	0	0	0	0	0	0	0	0	0	137	0	0	0	0	0	0	0	0	0	0	0	0	0	0	0	0	0	0	138	0	0	20	0	0	0	0	0	0	0	0	0	0	0	0	0	0	0	0	0	0	8	0	0	0	60	161	0	0	0	0	0	0	0	0	0	0	0	0	0	0	133	0	0	0	0	0	0	0	0	0	0	0	0	0	0	0	0	0	0	137	0	0	0	0	0	0	0	0	0	0	0	0	0	0	0	0	0	0	0	0	0	0	0	0	0	0	138	0	0	0	0	0	0	0	0	0	0	0	0	0	0	0	0	0	0	0	0	0	0	0	0	0	0	0	0	0	0	0	0	0	0	161
53	34	30	60	158	15	1	0	119	20	60	158	5	0	109	97	43	135	632	253	0	0	0	119	0	0	119	0	0	107	97	0	0	476	213	0	0	158	0	0	0	0	0	0	0	0	0	0	109	97	0	0	632	253	0	0	0	119	0	0	119	0	0	107	97	0	0	476	212	0	0	119	0	0	0	0	0	0	0	0	0	0	107	97	0	0	476	213	0	0	0	0	0	0	0	0	0	0	0	0	0	0	0	0	0	0	0	0	0	0	97	0	0	0	253	0	0	0	119	0	0	119	0	0	107	97	0	0	476	212	0	0	119	0	0	0	0	0	0	0	0	0	0	107	97	0	0	476	212	0	0	0	0	0	0	0	0	0	0	0	0	0	0	0	0	0	0	0	0	0	0	97	0	0	0	213	0	0	0	0	0	0	0	0	0	0	0	0	0	0	0	0	0	0	0	0	0	0	0	0	0	0	0	0	0	0	0	0	0	0	0
40	26	21	24	94	12	1	0	47	17	24	94	5	0	30	53	37	36	188	301	0	0	0	38	0	0	47	0	0	30	28	0	0	94	256	0	0	94	0	0	0	15	0	0	0	69	0	0	30	53	0	0	188	301	0	0	0	37	0	0	38	0	0	30	27	0	0	76	255	0	0	47	0	0	0	14	0	0	0	66	0	0	30	28	0	0	94	256	0	0	0	0	0	0	14	0	0	0	0	0	0	0	15	0	0	0	69	0	0	0	53	0	0	0	301	0	0	0	37	0	0	37	0	0	30	27	0	0	74	255	0	0	38	0	0	0	14	0	0	0	65	0	0	30	27	0	0	76	255	0	0	0	0	0	0	14	0	0	0	0	0	0	0	14	0	0	0	66	0	0	0	28	0	0	0	256	0	0	0	0	0	0	0	0	0	0	0	0	0	0	14	0	0	0	0	0	0	0	15	0	0	0	69	0	0	0	0	0	0	0	0
56	36	32	64	168	16	3	0	134	20	64	168	8	0	108	92	46	144	672	233	0	0	0	134	0	0	134	0	0	104	92	0	0	536	213	0	0	168	0	0	25	0	0	0	0	0	0	0	108	92	0	0	672	233	0	0	0	134	0	0	134	0	0	104	92	0	0	536	212	0	0	134	0	0	25	0	0	0	0	0	0	0	104	92	0	0	536	213	0	0	0	0	0	0	0	0	0	0	0	0	0	0	0	0	0	0	0	0	0	0	92	0	0	0	233	0	0	0	134	0	0	134	0	0	104	92	0	0	536	212	0	0	134	0	0	25	0	0	0	0	0	0	0	104	92	0	0	536	212	0	0	0	0	0	0	0	0	0	0	0	0	0	0	0	0	0	0	0	0	0	0	92	0	0	0	213	0	0	0	0	0	0	0	0	0	0	0	0	0	0	0	0	0	0	0	0	0	0	0	0	0	0	0	0	0	0	0	0	0	0	0
32	21	18	10	67	10	1	0	9	16	10	67	5	0	11	18	36	10	67	430	0	0	0	9	0	0	9	0	0	9	18	0	0	9	370	0	0	67	0	0	0	0	0	0	0	0	0	0	11	18	0	0	67	430	0	0	0	9	0	0	9	0	0	9	18	0	0	9	369	0	0	9	0	0	0	0	0	0	0	0	0	0	9	18	0	0	9	370	0	0	0	0	0	0	0	0	0	0	0	0	0	0	0	0	0	0	0	0	0	0	18	0	0	0	430	0	0	0	9	0	0	9	0	0	9	18	0	0	9	369	0	0	9	0	0	0	0	0	0	0	0	0	0	9	18	0	0	9	369	0	0	0	0	0	0	0	0	0	0	0	0	0	0	0	0	0	0	0	0	0	0	18	0	0	0	370	0	0	0	0	0	0	0	0	0	0	0	0	0	0	0	0	0	0	0	0	0	0	0	0	0	0	0	0	0	0	0	0	0	0	0
29	17	24	41	23	6	0	6	9	12	30	23	0	30	11	18	25	72	115	95	0	0	0	9	0	0	9	0	0	9	18	0	0	45	91	0	0	23	0	0	0	0	0	0	23	0	0	0	11	18	0	0	115	95	0	0	0	9	0	0	9	0	0	9	18	0	0	45	91	0	0	9	0	0	0	0	0	0	9	0	0	0	9	18	0	0	45	91	0	0	0	0	0	0	0	0	0	0	0	0	0	0	0	0	0	0	0	0	0	0	18	0	0	0	95	0	0	0	9	0	0	9	0	0	9	18	0	0	45	91	0	0	9	0	0	0	0	0	0	9	0	0	0	9	18	0	0	45	91	0	0	0	0	0	0	0	0	0	0	0	0	0	0	0	0	0	0	0	0	0	0	18	0	0	0	91	0	0	0	0	0	0	0	0	0	0	0	0	0	0	0	0	0	0	0	0	0	0	0	0	0	0	0	0	0	0	0	0	0	0	0
25	11	10	33	93	0	0	0	69	0	0	93	0	0	6	39	0	0	279	181	0	0	0	69	0	0	69	0	0	0	39	0	0	207	128	0	0	0	0	0	0	0	0	0	0	0	0	0	0	39	0	0	0	181	0	0	0	69	0	0	69	0	0	0	39	0	0	207	128	0	0	0	0	0	0	0	0	0	0	0	0	0	0	39	0	0	0	128	0	0	0	0	0	0	0	0	0	0	0	0	0	0	0	0	0	0	0	0	0	0	0	0	0	0	0	0	0	0	69	0	0	69	0	0	0	39	0	0	207	128	0	0	0	0	0	0	0	0	0	0	0	0	0	0	39	0	0	0	128	0	0	0	0	0	0	0	0	0	0	0	0	0	0	0	0	0	0	0	0	0	0	0	0	0	0	0	0	0	0	0	0	0	0	0	0	0	0	0	0	0	0	0	0	0	0	0	0	0	0	0	0	0	0	0	0	0	0	0	0	0	0
21	10	12	10	71	0	0	0	10	0	0	71	0	0	6	20	0	0	71	510	0	0	0	10	0	0	10	0	0	0	20	0	0	10	318	0	0	0	0	0	0	0	0	0	0	0	0	0	0	20	0	0	0	510	0	0	0	10	0	0	10	0	0	0	20	0	0	10	309	0	0	0	0	0	0	0	0	0	0	0	0	0	0	20	0	0	0	318	0	0	0	0	0	0	0	0	0	0	0	0	0	0	0	0	0	0	0	0	0	0	0	0	0	0	0	0	0	0	10	0	0	10	0	0	0	20	0	0	10	308	0	0	0	0	0	0	0	0	0	0	0	0	0	0	20	0	0	0	309	0	0	0	0	0	0	0	0	0	0	0	0	0	0	0	0	0	0	0	0	0	0	0	0	0	0	0	0	0	0	0	0	0	0	0	0	0	0	0	0	0	0	0	0	0	0	0	0	0	0	0	0	0	0	0	0	0	0	0	0	0	0
34	16	14	32	158	0	0	0	101	0	0	158	0	0	44	105	0	0	316	443	0	0	0	100	0	0	101	0	0	36	103	0	0	202	309	0	0	0	0	0	0	13	0	0	0	0	0	0	0	105	0	0	0	443	0	0	0	100	0	0	100	0	0	36	103	0	0	200	300	0	0	0	0	0	0	13	0	0	0	0	0	0	0	103	0	0	0	309	0	0	0	0	0	0	0	0	0	0	0	0	0	0	13	0	0	0	0	0	0	0	0	0	0	0	0	0	0	0	100	0	0	100	0	0	36	103	0	0	200	299	0	0	0	0	0	0	13	0	0	0	0	0	0	0	103	0	0	0	300	0	0	0	0	0	0	0	0	0	0	0	0	0	0	13	0	0	0	0	0	0	0	0	0	0	0	0	0	0	0	0	0	0	0	0	0	0	0	0	0	0	0	0	0	0	0	0	0	0	0	0	0	0	0	0	0	0	0	0	0	0	0
31	14	13	42	135	0	0	0	90	0	0	135	0	0	36	105	0	0	405	349	0	0	0	87	0	0	90	0	0	29	97	0	0	270	262	0	0	0	0	0	0	31	0	0	0	0	0	0	0	105	0	0	0	349	0	0	0	87	0	0	87	0	0	29	97	0	0	261	262	0	0	0	0	0	0	31	0	0	0	0	0	0	0	97	0	0	0	262	0	0	0	0	0	0	0	0	0	0	0	0	0	0	31	0	0	0	0	0	0	0	0	0	0	0	0	0	0	0	87	0	0	87	0	0	29	97	0	0	261	262	0	0	0	0	0	0	31	0	0	0	0	0	0	0	97	0	0	0	262	0	0	0	0	0	0	0	0	0	0	0	0	0	0	31	0	0	0	0	0	0	0	0	0	0	0	0	0	0	0	0	0	0	0	0	0	0	0	0	0	0	0	0	0	0	0	0	0	0	0	0	0	0	0	0	0	0	0	0	0	0	0
15	6	10	18	22	0	0	0	0	0	0	22	0	0	6	0	0	0	66	191	0	0	0	0	0	0	0	0	0	0	0	0	0	0	143	0	0	0	0	0	0	0	0	0	0	0	0	0	0	0	0	0	0	191	0	0	0	0	0	0	0	0	0	0	0	0	0	0	143	0	0	0	0	0	0	0	0	0	0	0	0	0	0	0	0	0	0	143	0	0	0	0	0	0	0	0	0	0	0	0	0	0	0	0	0	0	0	0	0	0	0	0	0	0	0	0	0	0	0	0	0	0	0	0	0	0	0	0	0	143	0	0	0	0	0	0	0	0	0	0	0	0	0	0	0	0	0	0	143	0	0	0	0	0	0	0	0	0	0	0	0	0	0	0	0	0	0	0	0	0	0	0	0	0	0	0	0	0	0	0	0	0	0	0	0	0	0	0	0	0	0	0	0	0	0	0	0	0	0	0	0	0	0	0	0	0	0	0	0	0	0
12	0	0	0	116	0	0	0	54	0	0	0	0	0	0	60	0	0	0	479	0	0	0	52	0	0	0	0	0	0	57	0	0	0	270	0	0	0	0	0	0	25	0	0	0	0	0	0	0	0	0	0	0	0	0	0	0	52	0	0	0	0	0	0	57	0	0	0	266	0	0	0	0	0	0	25	0	0	0	0	0	0	0	0	0	0	0	0	0	0	0	0	0	0	0	0	0	0	0	0	0	0	0	0	0	0	0	0	0	0	0	0	0	0	0	0	0	0	52	0	0	0	0	0	0	57	0	0	0	266	0	0	0	0	0	0	25	0	0	0	0	0	0	0	0	0	0	0	0	0	0	0	0	0	0	0	0	0	0	0	0	0	0	0	0	0	0	0	0	0	0	0	0	0	0	0	0	0	0	0	0	0	0	0	0	0	0	0	0	0	0	0	0	0	0	0	0	0	0	0	0	0	0	0	0	0	0	0	0	0	0
8	0	0	0	67	0	0	0	14	0	0	0	0	0	0	38	0	0	0	408	0	0	0	8	0	0	0	0	0	0	8	0	0	0	260	0	0	0	0	0	0	0	0	0	0	23	0	0	0	0	0	0	0	0	0	0	0	8	0	0	0	0	0	0	8	0	0	0	256	0	0	0	0	0	0	0	0	0	0	9	0	0	0	0	0	0	0	0	0	0	0	0	0	0	0	0	0	0	0	0	0	0	0	0	0	0	0	0	0	0	0	0	0	0	0	0	0	0	8	0	0	0	0	0	0	8	0	0	0	256	0	0	0	0	0	0	0	0	0	0	9	0	0	0	0	0	0	0	0	0	0	0	0	0	0	0	0	0	0	0	0	0	0	0	0	0	0	0	0	0	0	0	0	0	0	0	0	0	0	0	0	0	0	0	0	0	0	0	0	0	0	0	0	0	0	0	0	0	0	0	0	0	0	0	0	0	0	0	0	0	0
5	0	0	0	31	0	0	0	0	0	0	0	0	0	0	0	0	0	0	250	0	0	0	0	0	0	0	0	0	0	0	0	0	0	159	0	0	0	0	0	0	0	0	0	0	0	0	0	0	0	0	0	0	0	0	0	0	0	0	0	0	0	0	0	0	0	0	0	156	0	0	0	0	0	0	0	0	0	0	0	0	0	0	0	0	0	0	0	0	0	0	0	0	0	0	0	0	0	0	0	0	0	0	0	0	0	0	0	0	0	0	0	0	0	0	0	0	0	0	0	0	0	0	0	0	0	0	0	0	156	0	0	0	0	0	0	0	0	0	0	0	0	0	0	0	0	0	0	0	0	0	0	0	0	0	0	0	0	0	0	0	0	0	0	0	0	0	0	0	0	0	0	0	0	0	0	0	0	0	0	0	0	0	0	0	0	0	0	0	0	0	0	0	0	0	0	0	0	0	0	0	0	0	0	0	0	0	0	0	0	0
