202	198	17	3	0	194	14	3	0	17	3	0	8	0	0	0	11	0	0	0	190	14	3	0	14	3	0	8	0	0	0	11	0	0	0	17	3	0	0	0	0	0	1	0	0	0	8	0	0	0	11	0	0	0	186	14	3	0	14	3	0	8	0	0	0	11	0	0	0	14	3	0	0	0	0	0	1	0	0	0	8	0	0	0	11	0	0	0	17	3	0	0	0	0	0	1	0	0	0	0	0	0	0	1	0	0	0	8	0	0	0	11	0	0	0	182	14	3	0	14	3	0	8	0	0	0	11	0	0	0	14	3	0	0	0	0	0	1	0	0	0	8	0	0	0	11	0	0	0	14	3	0	0	0	0	0	1	0	0	0	0	0	0	0	1	0	0	0	8	0	0	0	11	0	0	0	17	3	0	0	0	0	0	1	0	0	0	0	0	0	0	1	0	0	0	0	0	0	0	1	0	0	0	8	0	0	0	11	0	0	0
347	340	36	14	0	333	26	12	0	36	14	0	23	8	0	0	34	12	0	0	326	26	12	0	26	12	0	23	8	0	0	33	12	0	0	36	14	0	1	0	0	0	1	0	0	0	23	8	0	0	34	12	0	0	319	26	12	0	26	12	0	23	8	0	0	33	12	0	0	26	12	0	1	0	0	0	1	0	0	0	23	8	0	0	33	12	0	0	36	14	0	0	0	0	0	1	0	0	0	1	0	0	0	1	0	0	0	23	8	0	0	34	12	0	0	312	26	12	0	26	12	0	23	8	0	0	33	12	0	0	26	12	0	1	0	0	0	1	0	0	0	23	8	0	0	33	12	0	0	26	12	0	0	0	0	0	1	0	0	0	1	0	0	0	1	0	0	0	23	8	0	0	33	12	0	0	36	14	0	12	0	0	0	5	0	0	0	0	0	0	0	1	0	0	0	1	0	0	0	1	0	0	0	23	8	0	0	34	12	0	0
379	367	45	55	0	355	31	45	0	45	55	0	24	42	0	0	40	59	0	0	343	30	45	0	31	45	0	21	42	0	0	31	56	0	0	45	55	0	3	0	0	0	0	7	0	0	24	42	0	0	40	59	0	0	331	29	45	0	30	45	0	20	42	0	0	31	56	0	0	31	45	0	0	0	0	0	0	7	0	0	21	42	0	0	31	56	0	0	44	55	0	0	0	0	0	0	7	0	0	3	0	0	0	0	7	0	0	24	42	0	0	40	59	0	0	319	29	45	0	29	45	0	20	42	0	0	31	56	0	0	30	45	0	0	0	0	0	0	7	0	0	20	42	0	0	31	56	0	0	30	45	0	0	0	0	0	0	7	0	0	0	0	0	0	0	7	0	0	21	42	0	0	31	56	0	0	42	55	0	12	0	0	0	7	0	0	0	0	0	0	0	0	7	0	0	3	0	0	0	0	7	0	0	23	42	0	0	40	59	0	0
448	439	44	26	0	430	39	18	0	44	26	0	26	0	0	0	43	0	0	0	421	39	18	0	39	18	0	26	0	0	0	42	0	0	0	44	26	0	0	0	0	0	1	0	0	0	26	0	0	0	43	0	0	0	412	39	18	0	39	18	0	26	0	0	0	42	0	0	0	39	18	0	0	0	0	0	1	0	0	0	26	0	0	0	42	0	0	0	44	26	0	0	0	0	0	1	0	0	0	0	0	0	0	1	0	0	0	26	0	0	0	43	0	0	0	403	38	18	0	39	18	0	26	0	0	0	42	0	0	0	39	18	0	0	0	0	0	1	0	0	0	26	0	0	0	42	0	0	0	39	18	0	0	0	0	0	1	0	0	0	0	0	0	0	1	0	0	0	26	0	0	0	42	0	0	0	44	26	0	12	0	0	0	8	6	0	0	0	0	0	0	1	0	0	0	0	0	0	0	1	0	0	0	26	0	0	0	43	0	0	0
708	690	96	132	0	672	74	105	0	96	132	0	55	126	0	0	91	174	0	0	654	74	105	0	74	105	0	55	126	0	0	79	168	0	0	96	132	0	3	0	0	0	6	0	0	0	55	126	0	0	91	174	0	0	636	74	105	0	74	105	0	55	126	0	0	79	168	0	0	74	105	0	3	0	0	0	2	0	0	0	55	126	0	0	79	168	0	0	96	132	0	2	0	0	0	7	0	0	0	3	0	0	0	6	0	0	0	55	126	0	0	91	174	0	0	618	71	93	0	74	105	0	55	126	0	0	79	168	0	0	74	105	0	3	0	0	0	2	0	0	0	55	126	0	0	79	168	0	0	74	105	0	0	0	0	0	5	0	0	0	3	0	0	0	2	0	0	0	55	126	0	0	79	168	0	0	96	132	0	15	36	0	0	27	23	0	0	2	0	0	0	7	0	0	0	3	0	0	0	6	0	0	0	55	126	0	0	91	174	0	0
603	587	84	98	11	571	73	95	0	84	98	11	71	36	0	0	91	106	0	0	555	73	95	0	73	95	0	71	36	0	0	84	106	0	0	84	98	11	6	0	0	0	9	0	0	0	71	36	0	0	91	106	0	0	539	73	95	0	73	95	0	71	36	0	0	84	106	0	0	73	95	0	6	0	0	0	4	0	0	0	71	36	0	0	84	106	0	0	84	98	11	4	0	0	0	11	0	0	0	6	0	0	0	9	0	0	0	71	36	0	0	91	106	0	0	523	66	95	0	73	95	0	71	36	0	0	84	106	0	0	73	95	0	6	0	0	0	4	0	0	0	71	36	0	0	84	106	0	0	73	95	0	0	0	0	0	5	0	0	0	6	0	0	0	4	0	0	0	71	36	0	0	84	106	0	0	84	98	11	13	0	9	0	28	18	0	0	4	0	0	0	11	0	0	0	6	0	0	0	9	0	0	0	71	36	0	0	91	106	0	0
402	393	50	27	7	384	49	27	0	50	27	7	47	0	0	0	56	4	0	0	375	49	27	0	49	27	0	47	0	0	0	56	4	0	0	50	27	7	4	0	0	0	2	0	0	0	47	0	0	0	56	4	0	0	366	49	27	0	49	27	0	47	0	0	0	56	4	0	0	49	27	0	4	0	0	0	2	0	0	0	47	0	0	0	56	4	0	0	50	27	7	1	0	0	0	0	0	0	0	4	0	0	0	2	0	0	0	47	0	0	0	56	4	0	0	357	44	27	0	49	27	0	47	0	0	0	56	4	0	0	49	27	0	4	0	0	0	2	0	0	0	47	0	0	0	56	4	0	0	49	27	0	0	0	0	0	0	0	0	0	4	0	0	0	2	0	0	0	47	0	0	0	56	4	0	0	50	27	7	2	0	9	0	12	8	0	0	1	0	0	0	0	0	0	0	4	0	0	0	2	0	0	0	47	0	0	0	56	4	0	0
703	686	120	110	3	669	109	95	0	120	110	3	107	120	0	0	162	55	0	0	652	109	95	0	109	95	0	107	120	0	0	162	55	0	0	120	110	3	28	0	0	0	28	0	0	0	107	120	0	0	162	55	0	0	635	109	95	0	109	95	0	107	120	0	0	162	55	0	0	109	95	0	28	0	0	0	18	0	0	0	107	120	0	0	162	55	0	0	120	110	3	14	0	0	0	21	0	0	0	28	0	0	0	28	0	0	0	107	120	0	0	162	55	0	0	618	102	95	0	109	95	0	107	120	0	0	162	55	0	0	109	95	0	28	0	0	0	18	0	0	0	107	120	0	0	162	55	0	0	109	95	0	10	0	0	0	13	0	0	0	28	0	0	0	18	0	0	0	107	120	0	0	162	55	0	0	120	110	3	27	0	9	0	44	15	0	0	14	0	0	0	21	0	0	0	28	0	0	0	28	0	0	0	107	120	0	0	162	55	0	0
777	757	163	172	3	737	142	151	0	163	172	3	145	139	0	0	220	208	3	0	717	137	149	0	142	151	0	145	133	0	0	210	203	0	0	163	172	3	47	10	0	0	35	25	0	0	145	139	0	0	220	208	3	0	697	131	148	0	137	149	0	133	133	0	0	195	203	0	0	142	151	0	47	10	0	0	29	6	0	0	145	133	0	0	210	203	0	0	163	172	3	33	4	0	0	27	44	0	0	47	10	0	0	35	25	0	0	145	139	0	0	220	208	3	0	677	118	141	0	131	148	0	119	130	0	0	177	198	0	0	137	149	0	40	10	0	0	26	5	0	0	133	133	0	0	195	203	0	0	142	151	0	30	0	0	0	21	24	0	0	47	10	0	0	29	6	0	0	145	133	0	0	210	203	0	0	163	172	3	28	12	9	0	53	76	3	0	33	4	0	0	27	44	0	0	47	10	0	0	35	25	0	0	145	139	0	0	220	208	3	0
824	804	171	177	0	784	146	155	0	171	177	0	150	172	0	0	255	293	0	0	764	136	148	0	146	155	0	145	162	0	0	231	277	0	0	171	177	0	55	80	0	0	43	53	0	0	150	172	0	0	255	293	0	0	744	126	142	0	136	148	0	128	153	0	0	202	264	0	0	146	155	0	47	75	0	0	33	37	0	0	145	162	0	0	231	277	0	0	171	177	0	40	63	0	0	36	78	0	0	55	80	0	0	43	53	0	0	150	172	0	0	255	293	0	0	724	112	132	0	126	142	0	112	150	0	0	178	251	0	0	136	148	0	36	73	0	0	29	36	0	0	128	153	0	0	202	264	0	0	146	155	0	35	62	0	0	28	64	0	0	47	75	0	0	33	37	0	0	145	162	0	0	231	277	0	0	171	177	0	33	55	0	0	58	77	0	0	40	63	0	0	36	78	0	0	55	80	0	0	43	53	0	0	150	172	0	0	255	293	0	0
856	837	172	148	6	818	144	132	0	172	148	6	132	136	0	0	273	160	0	3	799	134	102	0	144	132	0	108	122	0	0	216	128	0	0	172	148	6	50	74	0	0	42	34	24	0	132	136	0	0	273	160	0	3	780	127	80	0	134	102	0	103	70	0	0	194	60	0	0	144	132	0	44	50	0	0	40	32	0	0	108	122	0	0	216	128	0	0	172	148	6	47	60	4	0	46	58	12	0	50	74	0	0	42	34	24	0	132	136	0	0	273	160	0	3	761	113	75	0	127	80	0	88	60	0	0	178	25	0	0	134	102	0	39	30	0	0	37	18	0	0	103	70	0	0	194	60	0	0	144	132	0	45	60	0	0	42	54	0	0	44	50	0	0	40	32	0	0	108	122	0	0	216	128	0	0	172	148	6	44	0	16	0	72	107	6	0	47	60	4	0	46	58	12	0	50	74	0	0	42	34	24	0	132	136	0	0	273	160	0	3
583	569	129	78	2	555	115	72	0	129	78	2	110	48	0	0	223	75	0	0	541	104	68	0	115	72	0	95	48	0	0	196	75	0	0	129	78	2	56	0	0	0	42	10	2	0	110	48	0	0	223	75	0	0	527	96	65	0	104	68	0	83	48	0	0	167	71	0	0	115	72	0	52	0	0	0	38	10	0	0	95	48	0	0	196	75	0	0	129	78	2	58	12	0	0	36	37	0	0	56	0	0	0	42	10	2	0	110	48	0	0	223	75	0	0	513	85	65	0	96	65	0	69	48	0	0	149	71	0	0	104	68	0	43	0	0	0	33	10	0	0	83	48	0	0	167	71	0	0	115	72	0	58	12	0	0	36	37	0	0	52	0	0	0	38	10	0	0	95	48	0	0	196	75	0	0	129	78	2	48	0	4	0	53	40	0	0	58	12	0	0	36	37	0	0	56	0	0	0	42	10	2	0	110	48	0	0	223	75	0	0
591	578	113	67	0	565	93	47	0	113	67	0	66	44	0	0	204	71	0	0	552	83	39	0	93	47	0	54	20	0	0	157	22	0	0	113	67	0	24	0	0	0	33	9	0	0	66	44	0	0	204	71	0	0	539	80	37	0	83	39	0	46	20	0	0	132	10	0	0	93	47	0	23	0	0	0	28	9	0	0	54	20	0	0	157	22	0	0	113	67	0	43	14	0	0	32	7	0	0	24	0	0	0	33	9	0	0	66	44	0	0	204	71	0	0	526	77	34	0	80	37	0	44	20	0	0	125	10	0	0	83	39	0	17	0	0	0	24	9	0	0	46	20	0	0	132	10	0	0	93	47	0	43	8	0	0	29	4	0	0	23	0	0	0	28	9	0	0	54	20	0	0	157	22	0	0	113	67	0	23	12	0	0	37	18	0	0	43	14	0	0	32	7	0	0	24	0	0	0	33	9	0	0	66	44	0	0	204	71	0	0
834	816	132	135	0	798	95	108	0	132	135	0	105	105	0	0	246	281	0	0	780	79	91	0	95	108	0	73	64	0	0	154	209	0	0	132	135	0	36	54	0	0	55	76	0	0	105	105	0	0	246	281	0	0	762	71	75	0	79	91	0	60	60	0	0	115	164	0	0	95	108	0	30	50	0	0	50	68	0	0	73	64	0	0	154	209	0	0	132	135	0	43	124	0	0	33	54	0	0	36	54	0	0	55	76	0	0	105	105	0	0	246	281	0	0	744	64	60	0	71	75	0	46	48	0	0	97	136	0	0	79	91	0	19	50	0	0	42	60	0	0	60	60	0	0	115	164	0	0	95	108	0	38	88	0	0	31	48	0	0	30	50	0	0	50	68	0	0	73	64	0	0	154	209	0	0	132	135	0	44	69	0	0	38	60	0	0	43	124	0	0	33	54	0	0	36	54	0	0	55	76	0	0	105	105	0	0	246	281	0	0
480	469	56	50	0	458	32	37	0	56	50	0	31	32	0	0	112	87	0	0	447	25	34	0	32	37	0	11	24	0	0	51	63	0	0	56	50	0	6	6	0	0	16	9	0	0	31	32	0	0	112	87	0	0	436	24	34	0	25	34	0	11	24	0	0	36	60	0	0	32	37	0	5	6	0	0	11	6	0	0	11	24	0	0	51	63	0	0	56	50	0	18	0	0	0	12	5	0	0	6	6	0	0	16	9	0	0	31	32	0	0	112	87	0	0	425	24	33	0	24	34	0	11	24	0	0	36	60	0	0	25	34	0	5	6	0	0	10	6	0	0	11	24	0	0	36	60	0	0	32	37	0	18	0	0	0	11	2	0	0	5	6	0	0	11	6	0	0	11	24	0	0	51	63	0	0	56	50	0	18	5	0	0	11	0	0	0	18	0	0	0	12	5	0	0	6	6	0	0	16	9	0	0	31	32	0	0	112	87	0	0
460	449	71	34	10	438	45	26	0	71	34	10	27	9	22	0	139	58	10	0	427	43	26	0	45	26	0	21	9	0	0	85	44	0	0	71	34	10	6	0	0	0	20	9	0	0	27	9	22	0	139	58	10	0	416	43	26	0	43	26	0	21	9	0	0	79	44	0	0	45	26	0	6	0	0	0	16	9	0	0	21	9	0	0	85	44	0	0	71	34	10	18	0	0	0	15	0	0	0	6	0	0	0	20	9	0	0	27	9	22	0	139	58	10	0	405	38	26	0	43	26	0	21	9	0	0	79	44	0	0	43	26	0	6	0	0	0	16	9	0	0	21	9	0	0	79	44	0	0	45	26	0	4	0	0	0	7	0	0	0	6	0	0	0	16	9	0	0	21	9	0	0	85	44	0	0	71	34	10	5	0	20	0	11	0	0	0	18	0	0	0	15	0	0	0	6	0	0	0	20	9	0	0	27	9	22	0	139	58	10	0
604	589	100	78	10	574	67	49	0	100	78	10	48	12	22	0	194	160	40	0	559	64	49	0	67	49	0	38	12	0	0	118	90	0	0	100	78	10	9	0	0	0	20	19	0	0	48	12	22	0	194	160	40	0	544	63	49	0	64	49	0	38	12	0	0	110	90	0	0	67	49	0	8	0	0	0	17	12	0	0	38	12	0	0	118	90	0	0	100	78	10	18	0	0	0	18	7	0	0	9	0	0	0	20	19	0	0	48	12	22	0	194	160	40	0	529	58	49	0	63	49	0	38	12	0	0	110	90	0	0	64	49	0	8	0	0	0	17	12	0	0	38	12	0	0	110	90	0	0	67	49	0	4	0	0	0	11	0	0	0	8	0	0	0	17	12	0	0	38	12	0	0	118	90	0	0	100	78	10	5	0	20	0	21	0	0	0	18	0	0	0	18	7	0	0	9	0	0	0	20	19	0	0	48	12	22	0	194	160	40	0
573	555	114	133	4	537	74	108	0	114	133	4	46	63	8	0	206	266	20	0	519	70	108	0	74	108	0	32	63	0	0	123	198	0	0	114	133	4	10	0	0	0	18	32	0	0	46	63	8	0	206	266	20	0	501	67	108	0	70	108	0	30	63	0	0	111	198	0	0	74	108	0	3	0	0	0	12	22	0	0	32	63	0	0	123	198	0	0	107	133	4	10	0	0	0	20	20	0	0	10	0	0	0	18	32	0	0	46	63	8	0	194	266	20	0	483	63	108	0	67	108	0	30	63	0	0	108	198	0	0	70	108	0	3	0	0	0	12	22	0	0	30	63	0	0	111	198	0	0	67	108	0	5	0	0	0	10	11	0	0	3	0	0	0	12	22	0	0	32	63	0	0	111	198	0	0	107	133	4	19	0	4	0	25	38	0	0	10	0	0	0	20	20	0	0	10	0	0	0	18	32	0	0	46	63	8	0	194	266	20	0
480	469	61	43	6	458	37	31	0	61	43	6	21	10	14	0	125	93	12	0	447	37	26	0	37	31	0	21	0	0	0	80	64	0	0	61	43	6	6	0	0	0	16	0	6	0	21	10	14	0	125	93	12	0	436	37	26	0	37	26	0	21	0	0	0	80	54	0	0	37	31	0	6	0	0	0	14	0	0	0	21	0	0	0	80	64	0	0	61	43	6	16	0	0	0	11	0	0	0	6	0	0	0	16	0	6	0	21	10	14	0	125	93	12	0	425	33	26	0	37	26	0	21	0	0	0	80	54	0	0	37	26	0	6	0	0	0	14	0	0	0	21	0	0	0	80	54	0	0	37	31	0	4	0	0	0	6	0	0	0	6	0	0	0	14	0	0	0	21	0	0	0	80	64	0	0	61	43	6	6	0	16	0	9	0	0	0	16	0	0	0	11	0	0	0	6	0	0	0	16	0	6	0	21	10	14	0	125	93	12	0
355	344	67	45	0	333	40	34	0	67	45	0	34	18	0	0	139	96	0	0	322	34	34	0	40	34	0	15	18	0	0	81	84	0	0	67	45	0	6	0	0	0	10	30	0	0	34	18	0	0	139	96	0	0	311	31	34	0	34	34	0	11	18	0	0	62	84	0	0	40	34	0	0	0	0	0	7	30	0	0	15	18	0	0	81	84	0	0	67	45	0	4	0	0	0	8	16	0	0	6	0	0	0	10	30	0	0	34	18	0	0	139	96	0	0	300	31	34	0	31	34	0	11	18	0	0	56	84	0	0	34	34	0	0	0	0	0	7	30	0	0	11	18	0	0	62	84	0	0	40	34	0	4	0	0	0	5	12	0	0	0	0	0	0	7	30	0	0	15	18	0	0	81	84	0	0	67	45	0	8	0	0	0	8	0	0	0	4	0	0	0	8	16	0	0	6	0	0	0	10	30	0	0	34	18	0	0	139	96	0	0
737	721	119	54	43	705	100	41	19	119	54	43	84	14	10	30	209	38	43	14	689	96	40	0	100	41	19	73	14	10	0	158	14	19	0	119	54	43	30	12	5	0	27	13	0	8	84	14	10	30	209	38	43	14	673	80	28	0	96	40	0	65	14	0	0	149	14	0	0	100	41	19	19	0	5	0	27	13	0	0	73	14	10	0	158	14	19	0	119	54	43	12	0	62	0	23	52	43	0	30	12	5	0	27	13	0	8	84	14	10	30	209	38	43	14	657	75	28	0	80	28	0	49	14	0	0	130	14	0	0	96	40	0	16	0	0	0	26	12	0	0	65	14	0	0	149	14	0	0	100	41	19	12	0	47	0	23	52	19	0	19	0	5	0	27	13	0	0	73	14	10	0	158	14	19	0	119	54	43	3	0	12	0	43	39	0	0	12	0	62	0	23	52	43	0	30	12	5	0	27	13	0	8	84	14	10	30	209	38	43	14
804	786	103	83	46	768	75	59	13	103	83	46	57	0	15	24	179	169	92	30	750	72	59	0	75	59	13	46	0	10	0	122	121	26	0	103	83	46	20	0	5	0	20	0	0	6	57	0	15	24	179	169	92	30	732	62	59	0	72	59	0	42	0	0	0	116	121	0	0	75	59	13	8	0	5	0	20	0	0	0	46	0	10	0	122	121	26	0	103	83	46	5	0	50	0	19	0	0	0	20	0	5	0	20	0	0	6	57	0	15	24	179	169	92	30	714	61	59	0	62	59	0	38	0	0	0	108	121	0	0	72	59	0	8	0	0	0	20	0	0	0	42	0	0	0	116	121	0	0	75	59	13	5	0	35	0	19	0	0	0	8	0	5	0	20	0	0	0	46	0	10	0	122	121	26	0	103	83	46	5	0	7	0	33	0	0	0	5	0	50	0	19	0	0	0	20	0	5	0	20	0	0	6	57	0	15	24	179	169	92	30
743	720	143	221	16	697	99	179	5	143	221	16	69	199	10	0	221	390	64	14	674	97	170	0	99	179	5	62	165	10	0	152	277	20	0	143	221	16	17	34	5	0	18	0	16	6	69	199	10	0	221	390	64	14	651	92	170	0	97	170	0	58	165	0	0	148	261	0	0	99	179	5	5	34	5	0	11	0	5	0	62	165	10	0	152	277	20	0	139	221	16	25	0	15	0	26	0	0	0	17	34	5	0	18	0	16	6	69	199	10	0	218	390	64	14	628	89	170	0	92	170	0	58	165	0	0	148	261	0	0	97	170	0	5	34	0	0	11	0	0	0	58	165	0	0	148	261	0	0	95	179	5	20	0	15	0	16	0	0	0	5	34	5	0	11	0	5	0	62	165	10	0	149	277	20	0	137	221	16	40	0	0	0	47	43	0	0	25	0	15	0	26	0	0	0	17	34	5	0	18	0	16	6	63	199	10	0	215	390	64	14
704	689	116	74	16	674	84	33	9	116	74	16	78	47	10	12	181	164	80	4	659	81	21	0	84	33	9	72	7	10	0	139	42	45	0	116	74	16	27	35	5	0	18	13	16	6	78	47	10	12	181	164	80	4	644	69	13	0	81	21	0	65	0	0	0	132	28	0	0	84	33	9	20	0	5	0	17	12	9	0	72	7	10	0	139	42	45	0	116	74	16	8	13	43	0	19	52	16	0	27	35	5	0	18	13	16	6	78	47	10	12	181	164	80	4	629	64	12	0	69	13	0	49	0	0	0	113	26	0	0	81	21	0	17	0	0	0	16	7	0	0	65	0	0	0	132	28	0	0	84	33	9	6	12	31	0	15	48	9	0	20	0	5	0	17	12	9	0	72	7	10	0	139	42	45	0	116	74	16	20	12	7	0	41	51	0	0	8	13	43	0	19	52	16	0	27	35	5	0	18	13	16	6	78	47	10	12	181	164	80	4
514	499	87	77	16	484	52	50	0	87	77	16	35	60	5	0	156	205	48	20	469	50	50	0	52	50	0	26	60	0	0	91	130	0	0	87	77	16	9	0	0	0	9	0	0	0	35	60	5	0	156	205	48	20	454	48	50	0	50	50	0	25	60	0	0	87	130	0	0	52	50	0	3	0	0	0	5	0	0	0	26	60	0	0	91	130	0	0	86	77	16	2	0	0	0	12	0	0	0	9	0	0	0	9	0	0	0	35	60	5	0	155	205	48	20	439	47	50	0	48	50	0	25	60	0	0	87	130	0	0	50	50	0	3	0	0	0	5	0	0	0	25	60	0	0	87	130	0	0	51	50	0	1	0	0	0	9	0	0	0	3	0	0	0	5	0	0	0	26	60	0	0	90	130	0	0	86	77	16	5	0	0	0	21	12	0	0	2	0	0	0	12	0	0	0	9	0	0	0	9	0	0	0	35	60	5	0	155	205	48	20
441	429	43	48	11	417	20	28	4	43	48	11	11	19	15	0	61	66	33	16	405	19	27	4	20	28	4	10	18	8	0	38	63	12	9	43	48	11	1	9	7	0	4	0	0	0	11	19	15	0	61	66	33	16	393	19	27	4	19	27	4	10	18	8	0	38	63	12	0	20	28	4	1	9	0	0	1	0	0	0	10	18	8	0	38	63	12	9	43	48	11	1	0	0	0	6	0	0	0	1	9	7	0	4	0	0	0	11	19	15	0	61	66	33	16	381	18	27	4	19	27	4	10	18	8	0	38	63	12	0	19	27	4	1	9	0	0	0	0	0	0	10	18	8	0	38	63	12	0	20	28	4	1	0	0	0	4	0	0	0	1	9	0	0	1	0	0	0	10	18	8	0	38	63	12	9	43	48	11	13	0	0	0	13	6	0	0	1	0	0	0	6	0	0	0	1	9	7	0	4	0	0	0	11	19	15	0	61	66	33	16
585	569	72	82	40	553	41	60	7	72	82	40	28	50	42	0	104	135	80	94	537	40	59	7	41	60	7	27	48	28	0	75	130	14	27	72	82	40	3	12	7	0	5	0	0	0	28	50	42	0	104	135	80	94	521	40	59	7	40	59	7	27	48	28	0	75	130	14	0	41	60	7	3	12	0	0	1	0	0	0	27	48	28	0	75	130	14	27	72	82	40	1	0	0	0	7	0	0	0	3	12	7	0	5	0	0	0	28	50	42	0	104	135	80	94	505	40	57	3	40	59	7	27	48	28	0	75	130	14	0	40	59	7	3	12	0	0	0	0	0	0	27	48	28	0	75	130	14	0	41	60	7	1	0	0	0	4	0	0	0	3	12	0	0	1	0	0	0	27	48	28	0	75	130	14	27	72	82	40	11	18	0	12	20	0	0	0	1	0	0	0	7	0	0	0	3	12	7	0	5	0	0	0	28	50	42	0	104	135	80	94
761	741	108	133	42	721	74	79	17	108	133	42	55	64	66	20	132	193	210	48	701	68	79	17	74	79	17	45	64	48	20	103	159	85	14	108	133	42	4	0	44	0	9	0	0	0	55	64	66	20	132	193	210	48	681	68	79	11	68	79	17	45	64	48	0	103	159	85	0	74	79	17	4	0	25	0	4	0	0	0	45	64	48	20	103	159	85	14	108	133	42	9	0	0	4	20	0	0	6	4	0	44	0	9	0	0	0	55	64	66	20	132	193	210	48	661	65	79	3	68	79	11	45	64	40	0	103	159	55	0	68	79	17	4	0	25	0	0	0	0	0	45	64	48	0	103	159	85	0	74	79	17	6	0	0	0	13	0	0	0	4	0	25	0	4	0	0	0	45	64	48	20	103	159	85	14	108	133	42	23	0	0	12	44	30	0	3	9	0	0	4	20	0	0	6	4	0	44	0	9	0	0	0	55	64	66	20	132	193	210	48
638	624	65	63	21	610	41	33	7	65	63	21	28	22	42	0	78	58	84	32	596	40	33	7	41	33	7	27	22	28	0	68	44	28	14	65	63	21	4	0	7	0	2	0	0	0	28	22	42	0	78	58	84	32	582	40	33	7	40	33	7	27	22	28	0	68	44	28	0	41	33	7	4	0	0	0	1	0	0	0	27	22	28	0	68	44	28	14	65	63	21	3	0	0	0	8	0	0	0	4	0	7	0	2	0	0	0	28	22	42	0	78	58	84	32	568	38	25	3	40	33	7	27	22	28	0	68	44	28	0	40	33	7	4	0	0	0	0	0	0	0	27	22	28	0	68	44	28	0	41	33	7	1	0	0	0	4	0	0	0	4	0	0	0	1	0	0	0	27	22	28	0	68	44	28	14	65	63	21	13	56	0	12	21	14	0	0	3	0	0	0	8	0	0	0	4	0	7	0	2	0	0	0	28	22	42	0	78	58	84	32
667	651	86	63	61	635	58	41	10	86	63	61	40	0	23	30	111	146	122	137	619	53	41	5	58	41	10	36	0	5	20	84	124	20	46	86	63	61	4	0	46	0	5	0	0	6	40	0	23	30	111	146	122	137	603	53	41	0	53	41	5	36	0	5	0	84	124	10	0	58	41	10	4	0	15	0	4	0	0	0	36	0	5	20	84	124	20	46	86	63	61	3	0	0	0	16	0	0	6	4	0	46	0	5	0	0	6	40	0	23	30	111	146	122	137	587	52	39	0	53	41	0	36	0	0	0	84	124	0	0	53	41	5	4	0	15	0	0	0	0	0	36	0	5	0	84	124	10	0	58	41	10	1	0	0	0	12	0	0	0	4	0	15	0	4	0	0	0	36	0	5	20	84	124	20	46	86	63	61	19	22	0	0	37	11	0	0	3	0	0	0	16	0	0	6	4	0	46	0	5	0	0	6	40	0	23	30	111	146	122	137
558	545	29	12	72	532	29	12	25	29	12	72	21	0	0	25	57	0	0	175	519	29	12	25	29	12	25	21	0	0	25	57	0	0	45	29	12	72	2	0	0	0	1	0	0	0	21	0	0	25	57	0	0	175	506	29	12	25	29	12	25	21	0	0	25	57	0	0	40	29	12	25	2	0	0	0	1	0	0	0	21	0	0	25	57	0	0	45	29	12	72	0	0	0	0	1	0	0	0	2	0	0	0	1	0	0	0	21	0	0	25	57	0	0	175	493	24	12	25	29	12	25	21	0	0	25	57	0	0	29	29	12	25	2	0	0	0	1	0	0	0	21	0	0	25	57	0	0	40	29	12	25	0	0	0	0	1	0	0	0	2	0	0	0	1	0	0	0	21	0	0	25	57	0	0	45	29	12	72	0	0	34	0	0	0	0	0	0	0	0	0	1	0	0	0	2	0	0	0	1	0	0	0	21	0	0	25	57	0	0	175
598	585	40	0	68	572	39	0	32	40	0	68	26	0	0	25	58	0	0	114	559	39	0	32	39	0	32	26	0	0	25	58	0	0	35	40	0	68	2	0	0	0	1	0	0	0	26	0	0	25	58	0	0	114	546	39	0	32	39	0	32	26	0	0	25	58	0	0	35	39	0	32	2	0	0	0	1	0	0	0	26	0	0	25	58	0	0	35	40	0	68	1	0	0	0	1	0	0	0	2	0	0	0	1	0	0	0	26	0	0	25	58	0	0	114	533	34	0	32	39	0	32	26	0	0	25	58	0	0	29	39	0	32	2	0	0	0	1	0	0	0	26	0	0	25	58	0	0	35	39	0	32	0	0	0	0	1	0	0	0	2	0	0	0	1	0	0	0	26	0	0	25	58	0	0	35	40	0	68	2	0	23	0	3	0	0	0	1	0	0	0	1	0	0	0	2	0	0	0	1	0	0	0	26	0	0	25	58	0	0	114
640	626	59	13	60	612	52	13	33	59	13	60	43	0	12	26	58	26	0	74	598	52	13	33	52	13	33	43	0	10	26	58	26	0	28	59	13	60	1	0	0	0	2	0	0	0	43	0	12	26	58	26	0	74	584	52	13	33	52	13	33	43	0	10	26	58	26	0	28	52	13	33	1	0	0	0	0	0	0	0	43	0	10	26	58	26	0	28	59	13	60	3	0	0	0	8	0	0	0	1	0	0	0	2	0	0	0	43	0	12	26	58	26	0	74	570	48	0	32	52	13	33	43	0	10	25	58	26	0	22	52	13	33	1	0	0	0	0	0	0	0	43	0	10	26	58	26	0	28	52	13	33	0	0	0	0	0	0	0	0	1	0	0	0	0	0	0	0	43	0	10	26	58	26	0	28	59	13	60	10	0	14	4	16	0	60	0	3	0	0	0	8	0	0	0	1	0	0	0	2	0	0	0	43	0	12	26	58	26	0	74
665	650	70	59	45	635	60	47	31	70	59	45	53	22	24	26	80	36	45	42	620	60	47	31	60	47	31	53	22	22	26	80	36	31	17	70	59	45	7	0	0	0	9	0	0	0	53	22	24	26	80	36	45	42	605	60	46	31	60	47	31	53	22	22	26	80	36	31	17	60	47	31	7	0	0	0	5	0	0	0	53	22	22	26	80	36	31	17	70	59	45	9	10	0	0	18	0	0	0	7	0	0	0	9	0	0	0	53	22	24	26	80	36	45	42	590	55	34	28	60	46	31	53	20	22	25	80	34	31	11	60	47	31	7	0	0	0	5	0	0	0	53	22	22	26	80	36	31	17	60	47	31	7	0	0	0	6	0	0	0	7	0	0	0	5	0	0	0	53	22	22	26	80	36	31	17	70	59	45	18	20	0	8	25	30	45	0	9	10	0	0	18	0	0	0	7	0	0	0	9	0	0	0	53	22	24	26	80	36	45	42
884	864	102	117	83	844	87	89	43	102	117	83	87	56	69	86	127	77	166	124	824	86	89	25	87	89	43	87	56	56	15	127	75	86	34	102	117	83	20	0	0	20	21	12	0	32	87	56	69	86	127	77	166	124	804	82	87	25	86	89	25	83	56	37	15	124	75	50	29	87	89	43	20	0	0	20	11	0	0	14	87	56	56	15	127	75	86	34	102	117	83	12	24	0	0	28	48	0	0	20	0	0	20	21	12	0	32	87	56	69	86	127	77	166	124	784	69	67	17	82	87	25	71	48	37	4	113	71	50	18	86	89	25	17	0	0	0	10	0	0	0	83	56	37	15	124	75	50	29	87	89	43	9	0	0	0	8	0	0	0	20	0	0	20	11	0	0	14	87	56	56	15	127	75	86	34	102	117	83	14	96	37	8	38	87	83	6	12	24	0	0	28	48	0	0	20	0	0	20	21	12	0	32	87	56	69	86	127	77	166	124
596	582	77	60	54	568	69	56	26	77	60	54	71	36	0	37	114	85	0	128	554	65	56	23	69	56	26	71	36	0	32	109	84	0	74	77	60	54	25	0	0	23	25	22	0	0	71	36	0	37	114	85	0	128	540	57	55	18	65	56	23	63	36	0	28	96	84	0	56	69	56	26	25	0	0	15	18	16	0	0	71	36	0	32	109	84	0	74	77	60	54	14	11	22	24	14	22	0	0	25	0	0	23	25	22	0	0	71	36	0	37	114	85	0	128	526	43	27	18	57	55	18	43	35	0	28	75	80	0	56	65	56	23	18	0	0	15	16	16	0	0	63	36	0	28	96	84	0	56	69	56	26	13	8	0	24	10	16	0	0	25	0	0	15	18	16	0	0	71	36	0	32	109	84	0	74	77	60	54	6	35	74	0	9	19	162	0	14	11	22	24	14	22	0	0	25	0	0	23	25	22	0	0	71	36	0	37	114	85	0	128
909	888	101	145	80	867	77	123	61	101	145	80	78	284	10	49	159	232	0	83	846	67	101	52	77	123	61	61	248	10	39	123	206	0	43	101	145	80	18	129	10	70	34	106	80	0	78	284	10	49	159	232	0	83	825	62	55	25	67	101	52	56	198	10	28	93	166	0	25	77	123	61	17	121	10	15	27	91	61	0	61	248	10	39	123	206	0	43	101	145	80	26	22	35	45	17	38	320	59	18	129	10	70	34	106	80	0	78	284	10	49	159	232	0	83	804	49	22	22	62	55	25	50	66	7	28	82	44	0	25	67	101	52	11	88	10	15	22	60	52	0	56	198	10	28	93	166	0	25	77	123	61	20	22	22	36	12	32	244	28	17	121	10	15	27	91	61	0	61	248	10	39	123	206	0	43	101	145	80	32	0	54	12	13	35	240	0	26	22	35	45	17	38	320	59	18	129	10	70	34	106	80	0	78	284	10	49	159	232	0	83
749	731	109	113	42	713	85	107	39	109	113	42	101	60	10	19	222	192	0	0	695	71	93	37	85	107	39	78	60	10	17	163	188	0	0	109	113	42	29	54	10	18	46	105	42	0	101	60	10	19	222	192	0	0	677	63	88	27	71	93	37	69	54	10	13	120	146	0	0	85	107	39	25	48	10	10	36	89	39	0	78	60	10	17	163	188	0	0	109	113	42	30	47	10	59	21	41	0	0	29	54	10	18	46	105	42	0	101	60	10	19	222	192	0	0	659	53	69	21	63	88	27	55	54	7	13	102	136	0	0	71	93	37	18	30	10	10	29	80	37	0	69	54	10	13	120	146	0	0	85	107	39	24	47	10	44	16	37	0	0	25	48	10	10	36	89	39	0	78	60	10	17	163	188	0	0	109	113	42	56	15	6	24	16	22	84	0	30	47	10	59	21	41	0	0	29	54	10	18	46	105	42	0	101	60	10	19	222	192	0	0
726	709	86	113	10	692	50	75	10	86	113	10	65	132	10	0	200	285	50	0	675	34	64	10	50	75	10	40	88	10	0	105	176	50	0	86	113	10	24	29	10	0	44	135	20	0	65	132	10	0	200	285	50	0	658	26	51	7	34	64	10	31	80	10	0	63	139	50	0	50	75	10	18	19	10	0	32	111	20	0	40	88	10	0	105	176	50	0	86	113	10	12	92	10	21	12	28	0	0	24	29	10	0	44	135	20	0	65	132	10	0	200	285	50	0	641	18	25	4	26	51	7	17	52	7	0	43	117	35	0	34	64	10	11	9	10	0	27	99	20	0	31	80	10	0	63	139	50	0	50	75	10	12	32	10	12	9	22	0	0	18	19	10	0	32	111	20	0	40	88	10	0	105	176	50	0	86	113	10	20	98	0	12	8	20	10	0	12	92	10	21	12	28	0	0	24	29	10	0	44	135	20	0	65	132	10	0	200	285	50	0
549	536	76	62	10	523	47	45	10	76	62	10	58	44	10	0	190	163	30	0	510	32	42	10	47	45	10	30	35	10	0	107	114	30	0	76	62	10	15	0	10	0	31	76	10	0	58	44	10	0	190	163	30	0	497	29	37	7	32	42	10	25	35	10	0	65	105	30	0	47	45	10	14	0	10	0	27	73	10	0	30	35	10	0	107	114	30	0	76	62	10	19	30	10	21	10	14	0	0	15	0	10	0	31	76	10	0	58	44	10	0	190	163	30	0	484	23	21	4	29	37	7	23	30	7	0	58	95	21	0	32	42	10	8	0	10	0	21	70	10	0	25	35	10	0	65	105	30	0	47	45	10	14	15	10	12	8	14	0	0	14	0	10	0	27	73	10	0	30	35	10	0	107	114	30	0	76	62	10	31	51	0	12	5	13	0	0	19	30	10	21	10	14	0	0	15	0	10	0	31	76	10	0	58	44	10	0	190	163	30	0
524	512	46	32	27	500	22	0	16	46	32	27	27	0	37	40	105	80	108	20	488	17	0	16	22	0	16	13	0	22	40	41	0	64	20	46	32	27	8	0	20	0	32	24	0	0	27	0	37	40	105	80	108	20	476	15	0	16	17	0	16	13	0	22	40	35	0	64	20	22	0	16	1	0	16	0	23	0	0	0	13	0	22	40	41	0	64	20	46	32	27	13	0	4	0	4	0	0	0	8	0	20	0	32	24	0	0	27	0	37	40	105	80	108	20	464	4	0	12	15	0	16	9	0	22	28	31	0	64	14	17	0	16	1	0	16	0	23	0	0	0	13	0	22	40	35	0	64	20	22	0	16	0	0	0	0	4	0	0	0	1	0	16	0	23	0	0	0	13	0	22	40	41	0	64	20	46	32	27	3	0	31	26	2	0	0	0	13	0	4	0	4	0	0	0	8	0	20	0	32	24	0	0	27	0	37	40	105	80	108	20
344	336	40	12	7	328	20	12	0	40	12	7	20	0	11	0	103	30	0	20	320	16	12	0	20	12	0	13	0	0	0	48	30	0	20	40	12	7	8	0	0	0	30	24	0	0	20	0	11	0	103	30	0	20	312	14	12	0	16	12	0	13	0	0	0	37	30	0	20	20	12	0	1	0	0	0	20	24	0	0	13	0	0	0	48	30	0	20	40	12	7	13	0	4	0	6	0	0	0	8	0	0	0	30	24	0	0	20	0	11	0	103	30	0	20	304	5	0	0	14	12	0	9	0	0	0	33	30	0	14	16	12	0	1	0	0	0	19	24	0	0	13	0	0	0	37	30	0	20	20	12	0	0	0	0	0	6	0	0	0	1	0	0	0	20	24	0	0	13	0	0	0	48	30	0	20	40	12	7	6	0	31	0	2	0	14	0	13	0	4	0	6	0	0	0	8	0	0	0	30	24	0	0	20	0	11	0	103	30	0	20
307	300	30	6	7	293	15	0	0	30	6	7	13	0	11	0	74	6	7	20	286	15	0	0	15	0	0	13	0	0	0	35	0	0	20	30	6	7	8	0	0	0	33	0	0	0	13	0	11	0	74	6	7	20	279	13	0	0	15	0	0	13	0	0	0	35	0	0	20	15	0	0	1	0	0	0	23	0	0	0	13	0	0	0	35	0	0	20	30	6	7	13	0	4	0	4	0	0	0	8	0	0	0	33	0	0	0	13	0	11	0	74	6	7	20	272	2	0	0	13	0	0	9	0	0	0	31	0	0	14	15	0	0	1	0	0	0	23	0	0	0	13	0	0	0	35	0	0	20	15	0	0	0	0	0	0	4	0	0	0	1	0	0	0	23	0	0	0	13	0	0	0	35	0	0	20	30	6	7	3	0	31	0	2	0	0	0	13	0	4	0	4	0	0	0	8	0	0	0	33	0	0	0	13	0	11	0	74	6	7	20
306	299	24	10	4	292	9	0	0	24	10	4	8	0	8	0	60	15	8	10	285	9	0	0	9	0	0	8	0	0	0	20	0	0	10	24	10	4	8	0	0	0	22	0	0	0	8	0	8	0	60	15	8	10	278	7	0	0	9	0	0	8	0	0	0	20	0	0	10	9	0	0	1	0	0	0	13	0	0	0	8	0	0	0	20	0	0	10	24	10	4	8	0	4	0	2	0	0	0	8	0	0	0	22	0	0	0	8	0	8	0	60	15	8	10	271	1	0	0	7	0	0	4	0	0	0	16	0	0	7	9	0	0	1	0	0	0	13	0	0	0	8	0	0	0	20	0	0	10	9	0	0	0	0	0	0	2	0	0	0	1	0	0	0	13	0	0	0	8	0	0	0	20	0	0	10	24	10	4	2	0	16	0	1	0	0	0	8	0	4	0	2	0	0	0	8	0	0	0	22	0	0	0	8	0	8	0	60	15	8	10
476	465	37	35	4	454	11	10	0	37	35	4	19	0	8	0	84	95	20	10	443	8	5	0	11	10	0	8	0	0	0	22	20	0	10	37	35	4	3	25	0	0	24	15	0	0	19	0	8	0	84	95	20	10	432	7	0	0	8	5	0	8	0	0	0	18	10	0	10	11	10	0	1	0	0	0	13	0	0	0	8	0	0	0	22	20	0	10	37	35	4	8	0	4	0	4	0	4	0	3	25	0	0	24	15	0	0	19	0	8	0	84	95	20	10	421	1	0	0	7	0	0	4	0	0	0	16	0	0	7	8	5	0	1	0	0	0	13	0	0	0	8	0	0	0	18	10	0	10	11	10	0	0	0	0	0	2	0	0	0	1	0	0	0	13	0	0	0	8	0	0	0	22	20	0	10	37	35	4	2	0	16	0	2	0	0	0	8	0	4	0	4	0	4	0	3	25	0	0	24	15	0	0	19	0	8	0	84	95	20	10
683	667	59	51	70	651	30	12	47	59	51	70	45	36	66	49	98	138	210	31	635	21	0	16	30	12	47	25	0	64	16	48	24	141	16	59	51	70	12	0	65	40	37	0	70	142	45	36	66	49	98	138	210	31	619	7	0	16	21	0	16	9	0	16	16	36	0	48	16	30	12	47	4	0	55	40	32	0	47	120	25	0	64	16	48	24	141	16	59	51	70	2	0	115	0	11	0	0	0	12	0	65	40	37	0	70	142	45	36	66	49	98	138	210	31	603	5	0	16	7	0	16	0	0	16	16	17	0	48	16	21	0	16	3	0	0	40	32	0	16	109	9	0	16	16	36	0	48	16	30	12	47	2	0	80	0	9	0	0	0	4	0	55	40	32	0	47	120	25	0	64	16	48	24	141	16	59	51	70	1	0	15	0	8	0	0	0	2	0	115	0	11	0	0	0	12	0	65	40	37	0	70	142	45	36	66	49	98	138	210	31
428	418	25	16	25	408	5	0	6	25	16	25	11	0	7	6	45	48	50	35	398	1	0	6	5	0	6	0	0	6	6	6	0	12	16	25	16	25	0	0	5	0	0	0	0	0	11	0	7	6	45	48	50	35	388	1	0	6	1	0	6	0	0	6	6	0	0	12	16	5	0	6	0	0	0	0	0	0	0	0	0	0	6	6	6	0	12	16	25	16	25	0	0	0	0	0	0	0	0	0	0	5	0	0	0	0	0	11	0	7	6	45	48	50	35	378	1	0	6	1	0	6	0	0	6	6	0	0	12	16	1	0	6	0	0	0	0	0	0	0	0	0	0	6	6	0	0	12	16	5	0	6	0	0	0	0	0	0	0	0	0	0	0	0	0	0	0	0	0	0	6	6	6	0	12	16	25	16	25	0	0	0	0	1	0	0	0	0	0	0	0	0	0	0	0	0	0	5	0	0	0	0	0	11	0	7	6	45	48	50	35
551	538	32	50	22	525	8	14	4	32	50	22	11	56	0	20	52	99	88	31	512	5	0	0	8	14	4	8	0	0	0	17	14	16	16	32	50	22	1	0	14	0	14	0	44	10	11	56	0	20	52	99	88	31	499	1	0	0	5	0	0	4	0	0	0	11	0	0	16	8	14	4	1	0	4	0	9	0	8	10	8	0	0	0	17	14	16	16	32	50	22	0	0	36	0	4	0	0	0	1	0	14	0	14	0	44	10	11	56	0	20	52	99	88	31	486	0	0	0	1	0	0	0	0	0	0	5	0	0	16	5	0	0	0	0	0	0	9	0	0	10	4	0	0	0	11	0	0	16	8	14	4	0	0	16	0	2	0	0	0	1	0	4	0	9	0	8	10	8	0	0	0	17	14	16	16	32	50	22	0	0	9	0	3	0	0	0	0	0	36	0	4	0	0	0	1	0	14	0	14	0	44	10	11	56	0	20	52	99	88	31
386	377	19	8	24	368	4	0	0	19	8	24	11	0	0	0	45	8	24	42	359	0	0	0	4	0	0	0	0	0	0	6	0	0	16	19	8	24	0	0	5	0	0	0	0	0	11	0	0	0	45	8	24	42	350	0	0	0	0	0	0	0	0	0	0	0	0	0	16	4	0	0	0	0	0	0	0	0	0	0	0	0	0	0	6	0	0	16	19	8	24	0	0	0	0	0	0	0	0	0	0	5	0	0	0	0	0	11	0	0	0	45	8	24	42	341	0	0	0	0	0	0	0	0	0	0	0	0	0	16	0	0	0	0	0	0	0	0	0	0	0	0	0	0	0	0	0	0	16	4	0	0	0	0	0	0	0	0	0	0	0	0	0	0	0	0	0	0	0	0	0	0	6	0	0	16	19	8	24	0	0	0	0	0	0	0	0	0	0	0	0	0	0	0	0	0	0	5	0	0	0	0	0	11	0	0	0	45	8	24	42
425	415	27	25	5	405	4	0	0	27	25	5	11	0	0	0	38	65	25	4	395	0	0	0	4	0	0	0	0	0	0	6	0	0	0	27	25	5	0	0	5	0	0	0	0	0	11	0	0	0	38	65	25	4	385	0	0	0	0	0	0	0	0	0	0	0	0	0	0	4	0	0	0	0	0	0	0	0	0	0	0	0	0	0	6	0	0	0	27	25	5	0	0	0	0	0	0	0	0	0	0	5	0	0	0	0	0	11	0	0	0	38	65	25	4	375	0	0	0	0	0	0	0	0	0	0	0	0	0	0	0	0	0	0	0	0	0	0	0	0	0	0	0	0	0	0	0	0	0	4	0	0	0	0	0	0	0	0	0	0	0	0	0	0	0	0	0	0	0	0	0	0	6	0	0	0	27	25	5	0	0	0	0	1	0	0	0	0	0	0	0	0	0	0	0	0	0	5	0	0	0	0	0	11	0	0	0	38	65	25	4
671	655	26	15	107	639	8	0	63	26	15	107	7	0	62	40	23	0	107	146	623	6	0	61	8	0	63	1	0	33	37	11	0	63	57	26	15	107	0	0	24	20	6	0	0	0	7	0	62	40	23	0	107	146	607	6	0	46	6	0	61	1	0	33	22	10	0	61	22	8	0	63	0	0	22	16	6	0	0	0	1	0	33	37	11	0	63	57	26	15	107	0	0	0	40	2	0	0	80	0	0	24	20	6	0	0	0	7	0	62	40	23	0	107	146	591	6	0	46	6	0	46	1	0	0	22	10	0	46	22	6	0	61	0	0	22	16	1	0	0	0	1	0	33	22	10	0	61	22	8	0	63	0	0	0	40	2	0	0	61	0	0	22	16	6	0	0	0	1	0	33	37	11	0	63	57	26	15	107	0	0	0	0	3	0	0	0	0	0	0	40	2	0	0	80	0	0	24	20	6	0	0	0	7	0	62	40	23	0	107	146
460	449	16	18	45	438	2	0	33	16	18	45	0	0	25	0	13	0	90	27	427	2	0	33	2	0	33	0	0	11	0	6	0	66	4	16	18	45	0	0	0	0	0	0	0	0	0	0	25	0	13	0	90	27	416	2	0	33	2	0	33	0	0	11	0	6	0	66	0	2	0	33	0	0	0	0	0	0	0	0	0	0	11	0	6	0	66	4	16	18	45	0	0	0	0	0	0	0	0	0	0	0	0	0	0	0	0	0	0	25	0	13	0	90	27	405	2	0	29	2	0	33	0	0	11	0	6	0	66	0	2	0	33	0	0	0	0	0	0	0	0	0	0	11	0	6	0	66	0	2	0	33	0	0	0	0	0	0	0	0	0	0	0	0	0	0	0	0	0	0	11	0	6	0	66	4	16	18	45	0	0	0	28	1	0	0	0	0	0	0	0	0	0	0	0	0	0	0	0	0	0	0	0	0	0	25	0	13	0	90	27
670	654	32	28	118	638	11	0	112	32	28	118	10	0	125	11	32	0	236	5	622	9	0	112	11	0	112	4	0	122	11	22	0	224	0	32	28	118	1	0	24	0	5	0	0	0	10	0	125	11	32	0	236	5	606	9	0	97	9	0	112	4	0	122	0	21	0	224	0	11	0	112	1	0	22	0	5	0	0	0	4	0	122	11	22	0	224	0	32	28	118	0	0	0	47	2	0	0	80	1	0	24	0	5	0	0	0	10	0	125	11	32	0	236	5	590	9	0	53	9	0	97	4	0	79	0	21	0	194	0	9	0	112	1	0	22	0	0	0	0	0	4	0	122	0	21	0	224	0	11	0	112	0	0	0	12	2	0	0	61	1	0	22	0	5	0	0	0	4	0	122	11	22	0	224	0	32	28	118	0	0	0	80	4	0	0	188	0	0	0	47	2	0	0	80	1	0	24	0	5	0	0	0	10	0	125	11	32	0	236	5
583	569	23	45	44	555	5	0	11	23	45	44	8	0	62	11	15	36	220	122	541	3	0	11	5	0	11	2	0	33	11	6	0	55	57	23	45	44	0	0	24	0	14	0	0	0	8	0	62	11	15	36	220	122	527	3	0	0	3	0	11	2	0	33	0	5	0	55	22	5	0	11	0	0	22	0	5	0	0	0	2	0	33	11	6	0	55	57	23	45	44	1	0	0	0	8	0	0	80	0	0	24	0	14	0	0	0	8	0	62	11	15	36	220	122	513	2	0	0	3	0	0	2	0	0	0	5	0	0	22	3	0	11	0	0	22	0	0	0	0	0	2	0	33	0	5	0	55	22	5	0	11	0	0	0	0	2	0	0	61	0	0	22	0	5	0	0	0	2	0	33	11	6	0	55	57	23	45	44	2	0	0	0	5	9	0	0	1	0	0	0	8	0	0	80	0	0	24	0	14	0	0	0	8	0	62	11	15	36	220	122
459	448	19	24	36	437	2	0	11	19	24	36	6	0	62	11	12	8	108	97	426	0	0	11	2	0	11	0	0	33	11	1	0	33	51	19	24	36	0	0	24	0	7	0	0	0	6	0	62	11	12	8	108	97	415	0	0	0	0	0	11	0	0	33	0	0	0	33	16	2	0	11	0	0	22	0	5	0	0	0	0	0	33	11	1	0	33	51	19	24	36	0	0	0	0	4	0	0	80	0	0	24	0	7	0	0	0	6	0	62	11	12	8	108	97	404	0	0	0	0	0	0	0	0	0	0	0	0	0	16	0	0	11	0	0	22	0	0	0	0	0	0	0	33	0	0	0	33	16	2	0	11	0	0	0	0	2	0	0	61	0	0	22	0	5	0	0	0	0	0	33	11	1	0	33	51	19	24	36	0	0	0	0	4	0	0	0	0	0	0	0	4	0	0	80	0	0	24	0	7	0	0	0	6	0	62	11	12	8	108	97
518	505	37	41	67	492	22	30	53	37	41	67	18	20	79	62	64	51	67	44	479	20	30	51	22	30	53	18	20	71	58	56	50	53	11	37	41	67	12	0	0	20	25	18	0	0	18	20	79	62	64	51	67	44	466	16	29	51	20	30	51	14	20	66	58	49	50	51	11	22	30	53	8	0	0	20	1	0	0	0	18	20	71	58	56	50	53	11	37	41	67	6	9	19	0	15	18	0	0	12	0	0	20	25	18	0	0	18	20	79	62	64	51	67	44	453	13	18	18	16	29	51	11	18	66	12	34	46	51	0	20	30	51	6	0	0	0	1	0	0	0	14	20	66	58	49	50	51	11	22	30	53	4	0	19	0	3	0	0	0	8	0	0	20	1	0	0	0	18	20	71	58	56	50	53	11	37	41	67	4	18	17	42	6	9	67	176	6	9	19	0	15	18	0	0	12	0	0	20	25	18	0	0	18	20	79	62	64	51	67	44
410	400	3	0	95	390	2	0	36	3	0	95	0	0	0	47	2	0	0	350	380	2	0	36	2	0	36	0	0	0	47	2	0	0	230	3	0	95	0	0	0	0	2	0	0	0	0	0	0	47	2	0	0	350	370	2	0	36	2	0	36	0	0	0	47	2	0	0	228	2	0	36	0	0	0	0	0	0	0	0	0	0	0	47	2	0	0	230	3	0	95	0	0	0	0	2	0	0	0	0	0	0	0	2	0	0	0	0	0	0	47	2	0	0	350	360	2	0	33	2	0	36	0	0	0	44	2	0	0	176	2	0	36	0	0	0	0	0	0	0	0	0	0	0	47	2	0	0	228	2	0	36	0	0	0	0	0	0	0	0	0	0	0	0	0	0	0	0	0	0	0	47	2	0	0	230	3	0	95	0	0	0	34	1	0	0	0	0	0	0	0	2	0	0	0	0	0	0	0	2	0	0	0	0	0	0	47	2	0	0	350
533	520	14	0	102	507	7	0	52	14	0	102	3	0	40	101	14	0	0	243	494	7	0	44	7	0	52	3	0	32	69	12	0	0	167	14	0	102	0	0	0	11	16	0	0	22	3	0	40	101	14	0	0	243	481	7	0	44	7	0	44	3	0	30	69	12	0	0	167	7	0	52	0	0	0	11	0	0	0	4	3	0	32	69	12	0	0	167	14	0	102	2	0	0	0	10	0	0	0	0	0	0	11	16	0	0	22	3	0	40	101	14	0	0	243	468	5	0	22	7	0	44	3	0	30	22	12	0	0	130	7	0	44	0	0	0	0	0	0	0	0	3	0	30	69	12	0	0	167	7	0	52	0	0	0	0	0	0	0	0	0	0	0	11	0	0	0	4	3	0	32	69	12	0	0	167	14	0	102	3	0	8	34	5	0	0	134	2	0	0	0	10	0	0	0	0	0	0	11	16	0	0	22	3	0	40	101	14	0	0	243
327	319	12	7	32	311	9	0	14	12	7	32	8	0	0	14	20	0	32	80	303	7	0	14	9	0	14	8	0	0	14	19	0	14	22	12	7	32	2	0	0	0	7	14	0	0	8	0	0	14	20	0	32	80	295	5	0	14	7	0	14	4	0	0	14	12	0	14	22	9	0	14	2	0	0	0	0	0	0	0	8	0	0	14	19	0	14	22	12	7	32	1	0	0	0	4	14	0	0	2	0	0	0	7	14	0	0	8	0	0	14	20	0	32	80	287	3	0	12	5	0	14	2	0	0	12	6	0	14	0	7	0	14	0	0	0	0	0	0	0	0	4	0	0	14	12	0	14	22	9	0	14	0	0	0	0	0	0	0	0	2	0	0	0	0	0	0	0	8	0	0	14	19	0	14	22	12	7	32	2	0	0	24	2	7	0	0	1	0	0	0	4	14	0	0	2	0	0	0	7	14	0	0	8	0	0	14	20	0	32	80
531	518	30	22	90	505	17	0	70	30	22	90	16	0	114	112	57	11	180	44	492	11	0	42	17	0	70	9	0	106	44	43	0	140	11	30	22	90	5	0	11	63	28	55	0	92	16	0	114	112	57	11	180	44	479	8	0	32	11	0	42	5	0	93	44	23	0	84	11	17	0	70	2	0	11	28	0	0	0	51	9	0	106	44	43	0	140	11	30	22	90	2	0	10	20	13	22	0	4	5	0	11	63	28	55	0	92	16	0	114	112	57	11	180	44	466	5	0	0	8	0	32	3	0	73	0	13	0	64	0	11	0	42	0	0	9	0	0	0	0	16	5	0	93	44	23	0	84	11	17	0	70	0	0	10	0	1	0	0	0	2	0	11	28	0	0	0	51	9	0	106	44	43	0	140	11	30	22	90	4	0	8	0	6	11	0	186	2	0	10	20	13	22	0	4	5	0	11	63	28	55	0	92	16	0	114	112	57	11	180	44
626	610	43	63	98	594	26	57	61	43	63	98	20	70	19	112	105	155	0	189	578	18	33	57	26	57	61	14	66	18	100	63	143	0	137	43	63	98	6	22	22	48	2	0	196	0	20	70	19	112	105	155	0	189	562	15	11	52	18	33	57	13	22	18	93	36	66	0	107	26	57	61	6	22	19	44	2	0	122	0	14	66	18	100	63	143	0	137	43	63	98	4	0	30	44	5	0	196	0	6	22	22	48	2	0	196	0	20	70	19	112	105	155	0	189	546	10	0	44	15	11	52	8	0	15	88	24	0	0	97	18	33	57	4	0	19	44	0	0	114	0	13	22	18	93	36	66	0	107	26	57	61	4	0	17	31	5	0	122	0	6	22	19	44	2	0	122	0	14	66	18	100	63	143	0	137	43	63	98	4	0	49	29	0	0	98	0	4	0	30	44	5	0	196	0	6	22	22	48	2	0	196	0	20	70	19	112	105	155	0	189
473	461	40	35	61	449	20	24	44	40	35	61	19	24	19	79	111	112	61	90	437	13	0	40	20	24	44	12	0	18	67	52	64	44	70	40	35	61	2	0	12	48	2	0	183	0	19	24	19	79	111	112	61	90	425	11	0	35	13	0	40	8	0	18	60	30	0	40	42	20	24	44	2	0	10	44	1	0	132	0	12	0	18	67	52	64	44	70	40	35	61	0	0	0	44	5	0	0	0	2	0	12	48	2	0	183	0	19	24	19	79	111	112	61	90	413	10	0	27	11	0	35	6	0	15	55	24	0	35	32	13	0	40	0	0	10	44	0	0	120	0	8	0	18	60	30	0	40	42	20	24	44	0	0	0	31	4	0	0	0	2	0	10	44	1	0	132	0	12	0	18	67	52	64	44	70	40	35	61	4	0	0	29	0	0	0	0	0	0	0	44	5	0	0	0	2	0	12	48	2	0	183	0	19	24	19	79	111	112	61	90
534	520	74	60	37	506	45	49	34	74	60	37	53	24	19	31	197	169	37	0	492	36	25	34	45	49	34	37	0	18	31	114	119	34	0	74	60	37	16	0	12	0	5	9	111	0	53	24	19	31	197	169	37	0	478	32	25	30	36	25	34	32	0	18	27	90	39	34	0	45	49	34	8	0	10	0	1	8	102	0	37	0	18	31	114	119	34	0	74	60	37	3	0	0	33	7	22	0	0	16	0	12	0	5	9	111	0	53	24	19	31	197	169	37	0	464	31	22	16	32	25	30	30	0	15	22	84	39	30	0	36	25	34	6	0	10	0	1	0	102	0	32	0	18	27	90	39	34	0	45	49	34	3	0	0	20	6	21	0	0	8	0	10	0	1	8	102	0	37	0	18	31	114	119	34	0	74	60	37	12	27	0	29	2	0	0	7	3	0	0	33	7	22	0	0	16	0	12	0	5	9	111	0	53	24	19	31	197	169	37	0
463	451	50	45	25	439	26	17	24	50	45	25	26	24	19	11	137	120	100	0	427	19	11	24	26	17	24	16	0	18	11	69	50	96	0	50	45	25	4	0	0	0	2	0	25	0	26	24	19	11	137	120	100	0	415	19	11	21	19	11	24	16	0	18	9	50	44	96	0	26	17	24	4	0	0	0	1	0	24	0	16	0	18	11	69	50	96	0	50	45	25	1	0	0	24	5	0	0	0	4	0	0	0	2	0	25	0	26	24	19	11	137	120	100	0	403	19	11	7	19	11	21	16	0	15	4	50	44	84	0	19	11	24	4	0	0	0	0	0	24	0	16	0	18	9	50	44	96	0	26	17	24	1	0	0	11	4	0	0	0	4	0	0	0	1	0	24	0	16	0	18	11	69	50	96	0	50	45	25	8	0	0	29	3	0	0	7	1	0	0	24	5	0	0	0	4	0	0	0	2	0	25	0	26	24	19	11	137	120	100	0
551	535	77	108	7	519	38	83	7	77	108	7	30	108	7	0	188	272	28	0	503	34	76	7	38	83	7	23	88	7	0	95	215	28	0	77	108	7	7	40	0	0	6	0	7	0	30	108	7	0	188	272	28	0	487	33	75	6	34	76	7	23	88	7	0	84	204	28	0	38	83	7	4	40	0	0	1	0	7	0	23	88	7	0	95	215	28	0	77	108	7	5	7	0	6	9	14	0	0	7	40	0	0	6	0	7	0	30	108	7	0	188	272	28	0	471	33	70	3	33	75	6	23	87	6	0	84	201	24	0	34	76	7	4	40	0	0	0	0	7	0	23	88	7	0	84	204	28	0	38	83	7	5	3	0	3	5	12	0	0	4	40	0	0	1	0	7	0	23	88	7	0	95	215	28	0	77	108	7	18	19	0	9	13	0	0	0	5	7	0	6	9	14	0	0	7	40	0	0	6	0	7	0	30	108	7	0	188	272	28	0
541	527	60	45	53	513	28	0	19	60	45	53	30	0	57	83	144	135	265	130	499	27	0	18	28	0	19	25	0	0	79	72	0	95	109	60	45	53	9	0	0	11	2	9	0	0	30	0	57	83	144	135	265	130	485	26	0	18	27	0	18	24	0	0	79	69	0	90	105	28	0	19	4	0	0	11	1	0	0	0	25	0	0	79	72	0	95	109	60	45	53	1	0	0	0	6	9	0	0	9	0	0	11	2	9	0	0	30	0	57	83	144	135	265	130	471	25	0	15	26	0	18	24	0	0	66	69	0	90	92	27	0	18	4	0	0	9	1	0	0	0	24	0	0	79	69	0	90	105	28	0	19	0	0	0	0	5	0	0	0	4	0	0	11	1	0	0	0	25	0	0	79	72	0	95	109	60	45	53	4	0	3	24	0	0	0	0	1	0	0	0	6	9	0	0	9	0	0	11	2	9	0	0	30	0	57	83	144	135	265	130
252	245	32	14	9	238	16	10	0	32	14	9	16	0	9	0	77	44	9	32	231	16	10	0	16	10	0	16	0	0	0	43	40	0	31	32	14	9	4	0	0	0	0	0	0	0	16	0	9	0	77	44	9	32	224	16	10	0	16	10	0	16	0	0	0	43	40	0	31	16	10	0	4	0	0	0	0	0	0	0	16	0	0	0	43	40	0	31	32	14	9	1	0	0	0	2	0	0	0	4	0	0	0	0	0	0	0	16	0	9	0	77	44	9	32	217	15	10	0	16	10	0	16	0	0	0	43	40	0	27	16	10	0	4	0	0	0	0	0	0	0	16	0	0	0	43	40	0	31	16	10	0	0	0	0	0	2	0	0	0	4	0	0	0	0	0	0	0	16	0	0	0	43	40	0	31	32	14	9	1	0	3	0	6	0	0	0	1	0	0	0	2	0	0	0	4	0	0	0	0	0	0	0	16	0	9	0	77	44	9	32
310	302	38	12	9	294	20	0	0	38	12	9	16	0	9	0	94	18	18	32	286	20	0	0	20	0	0	16	0	0	0	56	0	0	31	38	12	9	4	0	0	0	1	0	0	0	16	0	9	0	94	18	18	32	278	20	0	0	20	0	0	16	0	0	0	56	0	0	31	20	0	0	4	0	0	0	0	0	0	0	16	0	0	0	56	0	0	31	38	12	9	1	0	0	0	3	0	0	0	4	0	0	0	1	0	0	0	16	0	9	0	94	18	18	32	270	19	0	0	20	0	0	16	0	0	0	56	0	0	27	20	0	0	4	0	0	0	0	0	0	0	16	0	0	0	56	0	0	31	20	0	0	0	0	0	0	2	0	0	0	4	0	0	0	0	0	0	0	16	0	0	0	56	0	0	31	38	12	9	1	0	3	0	0	0	0	0	1	0	0	0	3	0	0	0	4	0	0	0	1	0	0	0	16	0	9	0	94	18	18	32
403	392	44	37	9	381	20	18	0	44	37	9	15	9	9	0	105	73	27	32	370	20	18	0	20	18	0	15	9	0	0	55	36	0	31	44	37	9	4	0	0	0	2	0	0	0	15	9	9	0	105	73	27	32	359	20	18	0	20	18	0	15	9	0	0	55	36	0	31	20	18	0	4	0	0	0	0	0	0	0	15	9	0	0	55	36	0	31	44	37	9	1	0	0	0	4	0	0	0	4	0	0	0	2	0	0	0	15	9	9	0	105	73	27	32	348	19	18	0	20	18	0	15	9	0	0	55	36	0	27	20	18	0	4	0	0	0	0	0	0	0	15	9	0	0	55	36	0	31	20	18	0	0	0	0	0	2	0	0	0	4	0	0	0	0	0	0	0	15	9	0	0	55	36	0	31	44	37	9	1	0	3	0	0	0	0	0	1	0	0	0	4	0	0	0	4	0	0	0	2	0	0	0	15	9	9	0	105	73	27	32
269	262	29	12	0	255	9	0	0	29	12	0	7	0	0	0	68	30	0	0	248	9	0	0	9	0	0	7	0	0	0	23	0	0	0	29	12	0	0	0	0	0	1	0	0	0	7	0	0	0	68	30	0	0	241	9	0	0	9	0	0	7	0	0	0	23	0	0	0	9	0	0	0	0	0	0	0	0	0	0	7	0	0	0	23	0	0	0	29	12	0	0	0	0	0	2	0	0	0	0	0	0	0	1	0	0	0	7	0	0	0	68	30	0	0	234	9	0	0	9	0	0	7	0	0	0	23	0	0	0	9	0	0	0	0	0	0	0	0	0	0	7	0	0	0	23	0	0	0	9	0	0	0	0	0	0	1	0	0	0	0	0	0	0	0	0	0	0	7	0	0	0	23	0	0	0	29	12	0	0	0	0	0	0	0	0	0	0	0	0	0	2	0	0	0	0	0	0	0	1	0	0	0	7	0	0	0	68	30	0	0
682	662	85	152	29	642	41	103	19	85	152	29	41	159	11	8	148	396	145	53	622	38	91	10	41	103	19	38	119	11	0	82	273	95	19	85	152	29	24	35	22	10	16	18	29	37	41	159	11	8	148	396	145	53	602	32	84	9	38	91	10	30	112	10	0	78	252	50	18	41	103	19	13	0	22	9	8	14	19	34	38	119	11	0	82	273	95	19	85	152	29	4	0	44	9	4	28	29	0	24	35	22	10	16	18	29	37	41	159	11	8	148	396	145	53	582	31	84	9	32	84	9	30	112	9	0	74	252	45	18	38	91	10	13	0	20	9	8	14	10	34	30	112	10	0	78	252	50	18	41	103	19	4	0	44	9	4	28	19	0	13	0	22	9	8	14	19	34	38	119	11	0	82	273	95	19	85	152	29	4	0	9	0	4	0	0	0	4	0	44	9	4	28	29	0	24	35	22	10	16	18	29	37	41	159	11	8	148	396	145	53
528	514	45	40	56	500	22	0	42	45	40	56	22	0	22	16	91	100	224	53	486	20	0	12	22	0	42	15	0	22	0	56	0	168	19	45	40	56	5	0	11	36	1	0	0	196	22	0	22	16	91	100	224	53	472	19	0	10	20	0	12	14	0	0	0	53	0	48	18	22	0	42	0	0	11	30	1	0	0	139	15	0	22	0	56	0	168	19	45	40	56	0	0	0	20	5	0	0	0	5	0	11	36	1	0	0	196	22	0	22	16	91	100	224	53	458	17	0	10	19	0	10	14	0	0	0	53	0	40	18	20	0	12	0	0	0	30	1	0	0	131	14	0	0	0	53	0	48	18	22	0	42	0	0	0	20	5	0	0	0	0	0	11	30	1	0	0	139	15	0	22	0	56	0	168	19	45	40	56	0	0	24	0	0	0	0	0	0	0	0	20	5	0	0	0	5	0	11	36	1	0	0	196	22	0	22	16	91	100	224	53
453	441	40	27	38	429	19	0	19	40	27	38	23	0	22	8	86	63	114	62	417	17	0	0	19	0	19	16	0	22	0	49	0	57	19	40	27	38	5	0	11	0	1	0	0	159	23	0	22	8	86	63	114	62	405	16	0	0	17	0	0	15	0	0	0	46	0	0	18	19	0	19	0	0	11	0	1	0	0	105	16	0	22	0	49	0	57	19	40	27	38	0	0	0	0	3	0	0	0	5	0	11	0	1	0	0	159	23	0	22	8	86	63	114	62	393	16	0	0	16	0	0	15	0	0	0	46	0	0	18	17	0	0	0	0	0	0	1	0	0	97	15	0	0	0	46	0	0	18	19	0	19	0	0	0	0	3	0	0	0	0	0	11	0	1	0	0	105	16	0	22	0	49	0	57	19	40	27	38	0	0	0	0	0	0	0	0	0	0	0	0	3	0	0	0	5	0	11	0	1	0	0	159	23	0	22	8	86	63	114	62
668	649	57	89	63	630	28	70	25	57	89	63	24	84	0	52	136	225	63	80	611	27	70	0	28	70	25	19	84	0	0	69	196	25	19	57	89	63	12	0	0	0	6	0	0	130	24	84	0	52	136	225	63	80	592	24	70	0	27	70	0	18	84	0	0	66	196	0	18	28	70	25	4	0	0	0	1	0	0	109	19	84	0	0	69	196	25	19	57	89	63	0	0	7	0	7	16	0	0	12	0	0	0	6	0	0	130	24	84	0	52	136	225	63	80	573	22	70	0	24	70	0	17	84	0	0	63	196	0	18	27	70	0	4	0	0	0	1	0	0	105	18	84	0	0	66	196	0	18	28	70	25	0	0	3	0	4	14	0	0	4	0	0	0	1	0	0	109	19	84	0	0	69	196	25	19	57	89	63	0	0	16	0	0	0	0	0	0	0	7	0	7	16	0	0	12	0	0	0	6	0	0	130	24	84	0	52	136	225	63	80
432	420	36	36	24	408	15	20	0	36	36	24	21	0	0	0	82	74	48	71	396	14	20	0	15	20	0	16	0	0	0	39	50	0	19	36	36	24	5	0	0	0	3	0	0	0	21	0	0	0	82	74	48	71	384	13	20	0	14	20	0	15	0	0	0	36	50	0	18	15	20	0	0	0	0	0	1	0	0	0	16	0	0	0	39	50	0	19	36	36	24	0	0	0	0	3	0	0	0	5	0	0	0	3	0	0	0	21	0	0	0	82	74	48	71	372	13	20	0	13	20	0	15	0	0	0	36	50	0	18	14	20	0	0	0	0	0	1	0	0	0	15	0	0	0	36	50	0	18	15	20	0	0	0	0	0	3	0	0	0	0	0	0	0	1	0	0	0	16	0	0	0	39	50	0	19	36	36	24	0	0	0	0	0	0	0	0	0	0	0	0	3	0	0	0	5	0	0	0	3	0	0	0	21	0	0	0	82	74	48	71
577	561	51	59	73	545	27	15	44	51	59	73	41	0	76	33	72	119	292	123	529	22	15	44	27	15	44	32	0	65	33	57	75	176	80	51	59	73	3	0	55	0	4	0	0	0	41	0	76	33	72	119	292	123	513	22	15	30	22	15	44	32	0	65	10	53	75	176	22	27	15	44	3	0	44	0	4	0	0	0	32	0	65	33	57	75	176	80	51	59	73	0	0	0	30	3	0	0	98	3	0	55	0	4	0	0	0	41	0	76	33	72	119	292	123	497	22	15	17	22	15	30	32	0	49	9	53	75	120	19	22	15	44	3	0	44	0	4	0	0	0	32	0	65	10	53	75	176	22	27	15	44	0	0	0	17	3	0	0	61	3	0	44	0	4	0	0	0	32	0	65	33	57	75	176	80	51	59	73	0	0	0	33	0	0	0	67	0	0	0	30	3	0	0	98	3	0	55	0	4	0	0	0	41	0	76	33	72	119	292	123
405	394	25	18	47	383	12	0	11	25	18	47	9	0	20	22	47	9	94	147	372	11	0	11	12	0	11	8	0	11	22	38	0	22	80	25	18	47	0	0	7	0	1	0	0	0	9	0	20	22	47	9	94	147	361	11	0	0	11	0	11	8	0	11	0	38	0	22	22	12	0	11	0	0	0	0	1	0	0	0	8	0	11	22	38	0	22	80	25	18	47	0	0	0	0	2	0	0	98	0	0	7	0	1	0	0	0	9	0	20	22	47	9	94	147	350	11	0	0	11	0	0	8	0	0	0	38	0	0	19	11	0	11	0	0	0	0	1	0	0	0	8	0	11	0	38	0	22	22	12	0	11	0	0	0	0	2	0	0	61	0	0	0	0	1	0	0	0	8	0	11	22	38	0	22	80	25	18	47	0	0	0	0	0	0	0	0	0	0	0	0	2	0	0	98	0	0	7	0	1	0	0	0	9	0	20	22	47	9	94	147
369	359	28	9	47	349	16	0	0	28	9	47	15	0	7	0	57	0	47	210	339	15	0	0	16	0	0	14	0	0	0	47	0	0	105	28	9	47	0	0	7	0	1	0	0	0	15	0	7	0	57	0	47	210	329	15	0	0	15	0	0	14	0	0	0	47	0	0	22	16	0	0	0	0	0	0	1	0	0	0	14	0	0	0	47	0	0	105	28	9	47	0	0	0	0	3	0	0	0	0	0	7	0	1	0	0	0	15	0	7	0	57	0	47	210	319	15	0	0	15	0	0	14	0	0	0	47	0	0	19	15	0	0	0	0	0	0	1	0	0	0	14	0	0	0	47	0	0	22	16	0	0	0	0	0	0	3	0	0	0	0	0	0	0	1	0	0	0	14	0	0	0	47	0	0	105	28	9	47	0	0	0	0	0	0	0	0	0	0	0	0	3	0	0	0	0	0	7	0	1	0	0	0	15	0	7	0	57	0	47	210
356	346	29	27	17	336	13	9	0	29	27	17	13	0	7	0	48	51	51	85	326	12	9	0	13	9	0	12	0	0	0	36	45	0	61	29	27	17	0	0	7	0	1	0	0	0	13	0	7	0	48	51	51	85	316	12	9	0	12	9	0	12	0	0	0	36	45	0	22	13	9	0	0	0	0	0	1	0	0	0	12	0	0	0	36	45	0	61	29	27	17	0	0	0	0	2	0	0	0	0	0	7	0	1	0	0	0	13	0	7	0	48	51	51	85	306	12	9	0	12	9	0	12	0	0	0	36	45	0	19	12	9	0	0	0	0	0	1	0	0	0	12	0	0	0	36	45	0	22	13	9	0	0	0	0	0	2	0	0	0	0	0	0	0	1	0	0	0	12	0	0	0	36	45	0	61	29	27	17	0	0	0	0	0	0	0	0	0	0	0	0	2	0	0	0	0	0	7	0	1	0	0	0	13	0	7	0	48	51	51	85
257	250	22	10	7	243	10	0	0	22	10	7	9	0	7	0	42	5	14	29	236	9	0	0	10	0	0	8	0	0	0	33	0	0	19	22	10	7	0	0	7	0	1	0	0	0	9	0	7	0	42	5	14	29	229	9	0	0	9	0	0	8	0	0	0	33	0	0	10	10	0	0	0	0	0	0	1	0	0	0	8	0	0	0	33	0	0	19	22	10	7	0	0	0	0	2	0	0	0	0	0	7	0	1	0	0	0	9	0	7	0	42	5	14	29	222	9	0	0	9	0	0	8	0	0	0	33	0	0	9	9	0	0	0	0	0	0	1	0	0	0	8	0	0	0	33	0	0	10	10	0	0	0	0	0	0	2	0	0	0	0	0	0	0	1	0	0	0	8	0	0	0	33	0	0	19	22	10	7	0	0	0	0	0	0	0	0	0	0	0	0	2	0	0	0	0	0	7	0	1	0	0	0	9	0	7	0	42	5	14	29
637	619	55	33	130	601	34	17	96	55	33	130	35	0	130	34	77	85	130	144	583	34	17	95	34	17	96	35	0	126	33	69	85	96	55	55	33	130	5	0	0	11	7	0	0	0	35	0	130	34	77	85	130	144	565	34	17	95	34	17	95	35	0	122	33	69	85	95	55	34	17	96	5	0	0	11	7	0	0	0	35	0	126	33	69	85	96	55	55	33	130	0	0	0	0	1	0	0	0	5	0	0	11	7	0	0	0	35	0	130	34	77	85	130	144	547	34	17	92	34	17	95	35	0	122	30	69	85	95	30	34	17	95	5	0	0	10	7	0	0	0	35	0	122	33	69	85	95	55	34	17	96	0	0	0	0	1	0	0	0	5	0	0	11	7	0	0	0	35	0	126	33	69	85	96	55	55	33	130	0	0	0	30	0	0	0	0	0	0	0	0	1	0	0	0	5	0	0	11	7	0	0	0	35	0	130	34	77	85	130	144
360	350	12	0	74	340	8	0	31	12	0	74	4	0	24	36	23	0	0	191	330	8	0	29	8	0	31	4	0	24	32	23	0	0	55	12	0	74	0	0	0	22	0	0	0	0	4	0	24	36	23	0	0	191	320	8	0	29	8	0	29	4	0	24	32	23	0	0	55	8	0	31	0	0	0	22	0	0	0	0	4	0	24	32	23	0	0	55	12	0	74	0	0	0	0	0	0	0	0	0	0	0	22	0	0	0	0	4	0	24	36	23	0	0	191	310	8	0	17	8	0	29	4	0	24	9	23	0	0	30	8	0	29	0	0	0	0	0	0	0	0	4	0	24	32	23	0	0	55	8	0	31	0	0	0	0	0	0	0	0	0	0	0	22	0	0	0	0	4	0	24	32	23	0	0	55	12	0	74	0	0	0	9	0	0	0	98	0	0	0	0	0	0	0	0	0	0	0	22	0	0	0	0	4	0	24	36	23	0	0	191
354	343	34	32	25	332	18	28	8	34	32	25	26	28	24	0	45	56	0	90	321	18	28	8	18	28	8	26	28	24	0	42	56	0	44	34	32	25	3	0	0	0	5	0	0	0	26	28	24	0	45	56	0	90	310	18	28	8	18	28	8	26	28	24	0	42	56	0	44	18	28	8	3	0	0	0	5	0	0	0	26	28	24	0	42	56	0	44	34	32	25	0	0	0	0	0	0	0	0	3	0	0	0	5	0	0	0	26	28	24	0	45	56	0	90	299	18	28	8	18	28	8	26	28	24	0	42	56	0	30	18	28	8	3	0	0	0	5	0	0	0	26	28	24	0	42	56	0	44	18	28	8	0	0	0	0	0	0	0	0	3	0	0	0	5	0	0	0	26	28	24	0	42	56	0	44	34	32	25	0	0	0	0	0	0	0	0	0	0	0	0	0	0	0	0	3	0	0	0	5	0	0	0	26	28	24	0	45	56	0	90
307	297	48	35	8	287	28	25	8	48	35	8	48	30	24	0	53	65	8	0	277	26	25	8	28	25	8	38	30	24	0	47	65	8	0	48	35	8	7	0	0	0	5	10	0	0	48	30	24	0	53	65	8	0	267	26	25	8	26	25	8	38	30	24	0	47	65	8	0	28	25	8	7	0	0	0	5	10	0	0	38	30	24	0	47	65	8	0	48	35	8	0	0	0	0	0	0	0	0	7	0	0	0	5	10	0	0	48	30	24	0	53	65	8	0	257	26	25	8	26	25	8	38	30	24	0	47	65	8	0	26	25	8	7	0	0	0	5	10	0	0	38	30	24	0	47	65	8	0	28	25	8	0	0	0	0	0	0	0	0	7	0	0	0	5	10	0	0	38	30	24	0	47	65	8	0	48	35	8	0	0	0	0	0	0	0	0	0	0	0	0	0	0	0	0	7	0	0	0	5	10	0	0	48	30	24	0	53	65	8	0
620	600	95	146	55	580	67	102	38	95	146	55	56	235	132	47	129	163	165	73	560	64	99	30	67	102	38	45	220	123	11	118	154	114	44	95	146	55	16	33	0	11	12	33	0	29	56	235	132	47	129	163	165	73	540	64	99	30	64	99	30	45	220	112	11	118	154	90	44	67	102	38	16	33	0	11	12	33	0	19	45	220	123	11	118	154	114	44	95	146	55	4	0	0	0	5	0	0	0	16	33	0	11	12	33	0	29	56	235	132	47	129	163	165	73	520	64	99	29	64	99	30	45	220	112	10	118	154	90	30	64	99	30	16	33	0	10	12	33	0	10	45	220	112	11	118	154	90	44	67	102	38	4	0	0	0	5	0	0	0	16	33	0	11	12	33	0	19	45	220	123	11	118	154	114	44	95	146	55	4	0	0	10	4	0	0	0	4	0	0	0	5	0	0	0	16	33	0	11	12	33	0	29	56	235	132	47	129	163	165	73
461	445	80	87	56	429	65	75	36	80	87	56	63	108	0	72	105	140	0	63	413	63	71	36	65	75	36	53	96	0	72	97	134	0	46	80	87	56	20	32	0	0	16	16	0	0	63	108	0	72	105	140	0	63	397	63	71	36	63	71	36	53	96	0	72	97	134	0	38	65	75	36	20	32	0	0	16	16	0	0	53	96	0	72	97	134	0	46	80	87	56	6	0	0	0	3	0	0	0	20	32	0	0	16	16	0	0	63	108	0	72	105	140	0	63	381	63	71	36	63	71	36	53	96	0	72	97	134	0	38	63	71	36	20	32	0	0	16	16	0	0	53	96	0	72	97	134	0	38	65	75	36	6	0	0	0	3	0	0	0	20	32	0	0	16	16	0	0	53	96	0	72	97	134	0	46	80	87	56	4	0	0	0	4	0	0	0	6	0	0	0	3	0	0	0	20	32	0	0	16	16	0	0	63	108	0	72	105	140	0	63
420	406	74	54	80	392	63	51	47	74	54	80	61	29	15	88	106	91	0	185	378	61	49	46	63	51	47	51	27	15	86	101	89	0	134	74	54	80	22	18	0	12	14	18	0	0	61	29	15	88	106	91	0	185	364	61	49	45	61	49	46	51	27	15	84	101	89	0	125	63	51	47	22	18	0	11	14	18	0	0	51	27	15	86	101	89	0	134	74	54	80	11	0	0	11	5	0	0	0	22	18	0	12	14	18	0	0	61	29	15	88	106	91	0	185	350	61	49	45	61	49	45	51	27	15	84	101	89	0	125	61	49	46	22	18	0	11	14	18	0	0	51	27	15	84	101	89	0	125	63	51	47	11	0	0	11	5	0	0	0	22	18	0	11	14	18	0	0	51	27	15	86	101	89	0	134	74	54	80	4	0	0	0	6	0	0	0	11	0	0	11	5	0	0	0	22	18	0	12	14	18	0	0	61	29	15	88	106	91	0	185
594	574	123	128	85	554	100	125	67	123	128	85	98	35	31	100	195	211	0	55	534	97	115	61	100	125	67	87	33	31	93	171	202	0	38	123	128	85	22	126	0	47	24	39	0	0	98	35	31	100	195	211	0	55	514	96	111	53	97	115	61	87	33	31	84	171	194	0	30	100	125	67	19	118	0	11	20	36	0	0	87	33	31	93	171	202	0	38	123	128	85	31	48	0	11	18	12	0	29	22	126	0	47	24	39	0	0	98	35	31	100	195	211	0	55	494	92	107	53	96	111	53	87	33	31	84	171	193	0	30	97	115	61	19	110	0	11	20	33	0	0	87	33	31	84	171	194	0	30	100	125	67	18	44	0	11	14	11	0	19	19	118	0	11	20	36	0	0	87	33	31	93	171	202	0	38	123	128	85	16	44	0	0	12	48	0	0	31	48	0	11	18	12	0	29	22	126	0	47	24	39	0	0	98	35	31	100	195	211	0	55
579	559	109	125	102	539	86	113	98	109	125	102	56	18	77	48	168	203	102	0	519	86	113	97	86	113	98	56	18	77	46	145	201	98	0	109	125	102	25	0	0	12	23	0	0	0	56	18	77	48	168	203	102	0	499	85	108	96	86	113	97	56	18	77	44	145	201	97	0	86	113	98	22	0	0	11	14	0	0	0	56	18	77	46	145	201	98	0	109	125	102	16	60	0	11	16	12	0	0	25	0	0	12	23	0	0	0	56	18	77	48	168	203	102	0	479	83	108	96	85	108	96	56	18	77	44	145	198	96	0	86	113	97	22	0	0	11	14	0	0	0	56	18	77	44	145	201	97	0	86	113	98	13	60	0	11	9	12	0	0	22	0	0	11	14	0	0	0	56	18	77	46	145	201	98	0	109	125	102	25	0	0	0	21	26	0	0	16	60	0	11	16	12	0	0	25	0	0	12	23	0	0	0	56	18	77	48	168	203	102	0
537	519	114	133	31	501	86	109	29	114	133	31	48	78	24	26	229	259	93	0	483	86	107	28	86	109	29	48	72	24	24	173	234	87	0	114	133	31	23	16	0	12	17	0	0	0	48	78	24	26	229	259	93	0	465	85	104	26	86	107	28	48	72	24	22	173	228	84	0	86	109	29	20	16	0	11	9	0	0	0	48	72	24	24	173	234	87	0	114	133	31	36	39	0	18	23	13	0	0	23	16	0	12	17	0	0	0	48	78	24	26	229	259	93	0	447	80	95	22	85	104	26	48	72	23	22	173	225	78	0	86	107	28	20	16	0	11	9	0	0	0	48	72	24	22	173	228	84	0	86	109	29	21	30	0	14	12	10	0	0	20	16	0	11	9	0	0	0	48	72	24	24	173	234	87	0	114	133	31	36	90	0	12	27	58	0	0	36	39	0	18	23	13	0	0	23	16	0	12	17	0	0	0	48	78	24	26	229	259	93	0
480	465	80	36	121	450	77	36	96	80	36	121	48	0	0	105	156	36	0	133	435	77	36	96	77	36	96	48	0	0	105	153	36	0	127	80	36	121	7	0	0	0	9	0	0	0	48	0	0	105	156	36	0	133	420	77	36	96	77	36	96	48	0	0	105	153	36	0	125	77	36	96	7	0	0	0	6	0	0	0	48	0	0	105	153	36	0	127	80	36	121	17	0	0	0	13	0	0	0	7	0	0	0	9	0	0	0	48	0	0	105	156	36	0	133	405	75	36	96	77	36	96	48	0	0	105	153	36	0	122	77	36	96	7	0	0	0	6	0	0	0	48	0	0	105	153	36	0	125	77	36	96	14	0	0	0	8	0	0	0	7	0	0	0	6	0	0	0	48	0	0	105	153	36	0	127	80	36	121	27	0	0	0	22	24	0	0	17	0	0	0	13	0	0	0	7	0	0	0	9	0	0	0	48	0	0	105	156	36	0	133
534	516	84	114	64	498	58	107	54	84	114	64	33	74	0	42	195	295	0	31	480	58	105	54	58	107	54	33	70	0	42	139	279	0	29	84	114	64	11	18	0	0	9	0	0	0	33	74	0	42	195	295	0	31	462	57	103	54	58	105	54	33	70	0	42	139	273	0	28	58	107	54	8	18	0	0	1	0	0	0	33	70	0	42	139	279	0	29	84	114	64	14	26	0	0	20	13	0	0	11	18	0	0	9	0	0	0	33	74	0	42	195	295	0	31	444	54	97	49	57	103	54	33	70	0	41	139	270	0	26	58	105	54	8	18	0	0	1	0	0	0	33	70	0	42	139	273	0	28	58	107	54	9	22	0	0	7	11	0	0	8	18	0	0	1	0	0	0	33	70	0	42	139	279	0	29	84	114	64	41	72	0	49	24	28	0	0	14	26	0	0	20	13	0	0	11	18	0	0	9	0	0	0	33	74	0	42	195	295	0	31
269	260	64	25	5	251	40	24	0	64	25	5	28	7	0	0	166	107	0	31	242	40	24	0	40	24	0	28	7	0	0	111	103	0	29	64	25	5	5	0	0	0	7	0	0	0	28	7	0	0	166	107	0	31	233	40	24	0	40	24	0	28	7	0	0	111	103	0	28	40	24	0	5	0	0	0	0	0	0	0	28	7	0	0	111	103	0	29	64	25	5	19	0	0	0	13	0	0	0	5	0	0	0	7	0	0	0	28	7	0	0	166	107	0	31	224	37	24	0	40	24	0	28	7	0	0	111	103	0	26	40	24	0	5	0	0	0	0	0	0	0	28	7	0	0	111	103	0	28	40	24	0	7	0	0	0	2	0	0	0	5	0	0	0	0	0	0	0	28	7	0	0	111	103	0	29	64	25	5	45	0	0	0	22	0	0	0	19	0	0	0	13	0	0	0	5	0	0	0	7	0	0	0	28	7	0	0	166	107	0	31
335	324	66	45	0	313	38	35	0	66	45	0	28	20	0	0	186	150	0	0	302	38	35	0	38	35	0	28	20	0	0	117	135	0	0	66	45	0	4	0	0	0	7	0	0	0	28	20	0	0	186	150	0	0	291	34	33	0	38	35	0	28	20	0	0	117	135	0	0	38	35	0	4	0	0	0	0	0	0	0	28	20	0	0	117	135	0	0	66	45	0	14	6	0	0	8	12	0	0	4	0	0	0	7	0	0	0	28	20	0	0	186	150	0	0	280	31	22	0	34	33	0	24	12	0	0	106	125	0	0	38	35	0	4	0	0	0	0	0	0	0	28	20	0	0	117	135	0	0	38	35	0	4	0	0	0	1	0	0	0	4	0	0	0	0	0	0	0	28	20	0	0	117	135	0	0	66	45	0	28	24	0	0	12	3	0	0	14	6	0	0	8	12	0	0	4	0	0	0	7	0	0	0	28	20	0	0	186	150	0	0
393	380	76	64	0	367	46	50	0	76	64	0	42	28	0	0	203	207	0	0	354	40	50	0	46	50	0	30	28	0	0	138	183	0	0	76	64	0	10	0	0	0	1	12	0	0	42	28	0	0	203	207	0	0	341	33	40	0	40	50	0	22	28	0	0	128	183	0	0	46	50	0	4	0	0	0	0	0	0	0	30	28	0	0	138	183	0	0	76	64	0	6	20	0	0	4	14	0	0	10	0	0	0	1	12	0	0	42	28	0	0	203	207	0	0	328	30	26	0	33	40	0	16	8	0	0	110	148	0	0	40	50	0	1	0	0	0	0	0	0	0	22	28	0	0	128	183	0	0	46	50	0	2	0	0	0	0	0	0	0	4	0	0	0	0	0	0	0	30	28	0	0	138	183	0	0	76	64	0	20	20	0	0	6	4	0	0	6	20	0	0	4	14	0	0	10	0	0	0	1	12	0	0	42	28	0	0	203	207	0	0
347	336	58	34	5	325	39	30	0	58	34	5	38	24	0	0	156	76	0	0	314	33	30	0	39	30	0	26	24	0	0	119	72	0	0	58	34	5	9	0	0	0	0	0	0	0	38	24	0	0	156	76	0	0	303	27	6	0	33	30	0	18	24	0	0	109	72	0	0	39	30	0	3	0	0	0	0	0	0	0	26	24	0	0	119	72	0	0	58	34	5	2	0	7	0	0	0	20	0	9	0	0	0	0	0	0	0	38	24	0	0	156	76	0	0	292	20	0	0	27	6	0	8	0	0	0	90	6	0	0	33	30	0	0	0	0	0	0	0	0	0	18	24	0	0	109	72	0	0	39	30	0	0	0	0	0	0	0	0	0	3	0	0	0	0	0	0	0	26	24	0	0	119	72	0	0	58	34	5	0	0	16	0	0	0	5	0	2	0	7	0	0	0	20	0	9	0	0	0	0	0	0	0	38	24	0	0	156	76	0	0
230	223	47	6	5	216	40	0	0	47	6	5	39	0	0	0	118	6	5	0	209	34	0	0	40	0	0	27	0	0	0	112	0	0	0	47	6	5	9	0	0	0	0	0	0	0	39	0	0	0	118	6	5	0	202	24	0	0	34	0	0	19	0	0	0	102	0	0	0	40	0	0	3	0	0	0	0	0	0	0	27	0	0	0	112	0	0	0	47	6	5	2	0	7	0	0	0	0	0	9	0	0	0	0	0	0	0	39	0	0	0	118	6	5	0	195	16	0	0	24	0	0	5	0	0	0	72	0	0	0	34	0	0	0	0	0	0	0	0	0	0	19	0	0	0	102	0	0	0	40	0	0	0	0	0	0	0	0	0	0	3	0	0	0	0	0	0	0	27	0	0	0	112	0	0	0	47	6	5	0	0	16	0	0	0	0	0	2	0	7	0	0	0	0	0	9	0	0	0	0	0	0	0	39	0	0	0	118	6	5	0
342	331	50	43	2	320	34	27	0	50	43	2	29	34	0	0	116	86	4	0	309	30	15	0	34	27	0	21	10	0	0	91	64	0	0	50	43	2	7	10	0	0	0	0	4	0	29	34	0	0	116	86	4	0	298	22	10	0	30	15	0	15	0	0	0	85	40	0	0	34	27	0	3	0	0	0	0	0	0	0	21	10	0	0	91	64	0	0	50	43	2	2	0	4	0	0	0	2	0	7	10	0	0	0	0	4	0	29	34	0	0	116	86	4	0	287	18	10	0	22	10	0	5	0	0	0	62	30	0	0	30	15	0	0	0	0	0	0	0	0	0	15	0	0	0	85	40	0	0	34	27	0	0	0	0	0	0	0	0	0	3	0	0	0	0	0	0	0	21	10	0	0	91	64	0	0	50	43	2	0	0	4	0	0	0	0	0	2	0	4	0	0	0	2	0	7	10	0	0	0	0	4	0	29	34	0	0	116	86	4	0
495	478	70	115	2	461	36	91	0	70	115	2	26	92	0	0	171	309	4	0	444	33	69	0	36	91	0	20	44	0	0	100	270	0	0	70	115	2	2	41	0	0	1	0	6	0	26	92	0	0	171	309	4	0	427	26	57	0	33	69	0	18	10	0	0	96	227	0	0	36	91	0	0	15	0	0	0	0	0	0	20	44	0	0	100	270	0	0	70	115	2	0	10	4	0	0	0	4	0	2	41	0	0	1	0	6	0	26	92	0	0	171	309	4	0	410	23	52	0	26	57	0	10	0	0	0	76	200	0	0	33	69	0	0	0	0	0	0	0	0	0	18	10	0	0	96	227	0	0	36	91	0	0	0	0	0	0	0	0	0	0	15	0	0	0	0	0	0	20	44	0	0	100	270	0	0	70	115	2	0	0	4	0	0	0	2	0	0	10	4	0	0	0	4	0	2	41	0	0	1	0	6	0	26	92	0	0	171	309	4	0
387	373	60	70	2	359	35	53	0	60	70	2	31	50	0	0	138	169	4	0	345	30	48	0	35	53	0	21	40	0	0	89	144	0	0	60	70	2	9	0	0	0	1	0	2	0	31	50	0	0	138	169	4	0	331	21	48	0	30	48	0	13	40	0	0	79	144	0	0	35	53	0	3	0	0	0	0	0	0	0	21	40	0	0	89	144	0	0	60	70	2	2	0	4	0	0	0	0	0	9	0	0	0	1	0	2	0	31	50	0	0	138	169	4	0	317	17	48	0	21	48	0	3	40	0	0	54	144	0	0	30	48	0	0	0	0	0	0	0	0	0	13	40	0	0	79	144	0	0	35	53	0	0	0	0	0	0	0	0	0	3	0	0	0	0	0	0	0	21	40	0	0	89	144	0	0	60	70	2	0	0	4	0	0	0	0	0	2	0	4	0	0	0	0	0	9	0	0	0	1	0	2	0	31	50	0	0	138	169	4	0
265	256	36	20	21	247	23	14	0	36	20	21	18	0	30	0	80	21	21	11	238	20	14	0	23	14	0	10	0	0	0	62	21	0	0	36	20	21	3	0	15	0	0	0	0	0	18	0	30	0	80	21	21	11	229	19	14	0	20	14	0	8	0	0	0	55	21	0	0	23	14	0	0	0	0	0	0	0	0	0	10	0	0	0	62	21	0	0	36	20	21	0	0	5	0	0	0	0	0	3	0	15	0	0	0	0	0	18	0	30	0	80	21	21	11	220	19	14	0	19	14	0	8	0	0	0	54	21	0	0	20	14	0	0	0	0	0	0	0	0	0	8	0	0	0	55	21	0	0	23	14	0	0	0	0	0	0	0	0	0	0	0	0	0	0	0	0	0	10	0	0	0	62	21	0	0	36	20	21	0	0	0	0	0	0	0	0	0	0	5	0	0	0	0	0	3	0	15	0	0	0	0	0	18	0	30	0	80	21	21	11
265	256	42	20	15	247	26	14	0	42	20	15	20	0	30	0	91	21	15	6	238	23	14	0	26	14	0	12	0	0	0	71	21	0	0	42	20	15	3	0	15	0	0	0	0	0	20	0	30	0	91	21	15	6	229	22	14	0	23	14	0	10	0	0	0	64	21	0	0	26	14	0	0	0	0	0	0	0	0	0	12	0	0	0	71	21	0	0	42	20	15	0	0	5	0	0	0	0	0	3	0	15	0	0	0	0	0	20	0	30	0	91	21	15	6	220	22	14	0	22	14	0	10	0	0	0	63	21	0	0	23	14	0	0	0	0	0	0	0	0	0	10	0	0	0	64	21	0	0	26	14	0	0	0	0	0	0	0	0	0	0	0	0	0	0	0	0	0	12	0	0	0	71	21	0	0	42	20	15	0	0	0	0	0	0	0	0	0	0	5	0	0	0	0	0	3	0	15	0	0	0	0	0	20	0	30	0	91	21	15	6
242	234	24	19	0	226	11	7	0	24	19	0	4	0	0	0	42	29	0	0	218	11	7	0	11	7	0	4	0	0	0	27	21	0	0	24	19	0	0	0	0	0	0	0	0	0	4	0	0	0	42	29	0	0	210	11	7	0	11	7	0	4	0	0	0	27	21	0	0	11	7	0	0	0	0	0	0	0	0	0	4	0	0	0	27	21	0	0	24	19	0	0	0	0	0	0	0	0	0	0	0	0	0	0	0	0	0	4	0	0	0	42	29	0	0	202	11	7	0	11	7	0	4	0	0	0	27	21	0	0	11	7	0	0	0	0	0	0	0	0	0	4	0	0	0	27	21	0	0	11	7	0	0	0	0	0	0	0	0	0	0	0	0	0	0	0	0	0	4	0	0	0	27	21	0	0	24	19	0	0	0	0	0	0	0	0	0	0	0	0	0	0	0	0	0	0	0	0	0	0	0	0	0	4	0	0	0	42	29	0	0
251	242	25	29	0	233	7	18	0	25	29	0	2	12	0	0	46	64	0	0	224	7	18	0	7	18	0	2	12	0	0	18	54	0	0	25	29	0	0	0	0	0	0	0	0	0	2	12	0	0	46	64	0	0	215	7	18	0	7	18	0	2	12	0	0	18	54	0	0	7	18	0	0	0	0	0	0	0	0	0	2	12	0	0	18	54	0	0	25	29	0	0	0	0	0	0	0	0	0	0	0	0	0	0	0	0	0	2	12	0	0	46	64	0	0	206	7	18	0	7	18	0	2	12	0	0	18	54	0	0	7	18	0	0	0	0	0	0	0	0	0	2	12	0	0	18	54	0	0	7	18	0	0	0	0	0	0	0	0	0	0	0	0	0	0	0	0	0	2	12	0	0	18	54	0	0	25	29	0	0	0	0	0	0	0	0	0	0	0	0	0	0	0	0	0	0	0	0	0	0	0	0	0	2	12	0	0	46	64	0	0
157	152	16	6	0	147	8	0	0	16	6	0	4	0	0	0	33	4	0	0	142	8	0	0	8	0	0	4	0	0	0	24	0	0	0	16	6	0	0	0	0	0	0	0	0	0	4	0	0	0	33	4	0	0	137	8	0	0	8	0	0	4	0	0	0	24	0	0	0	8	0	0	0	0	0	0	0	0	0	0	4	0	0	0	24	0	0	0	16	6	0	0	0	0	0	0	0	0	0	0	0	0	0	0	0	0	0	4	0	0	0	33	4	0	0	132	8	0	0	8	0	0	4	0	0	0	24	0	0	0	8	0	0	0	0	0	0	0	0	0	0	4	0	0	0	24	0	0	0	8	0	0	0	0	0	0	0	0	0	0	0	0	0	0	0	0	0	0	4	0	0	0	24	0	0	0	16	6	0	0	0	0	0	0	0	0	0	0	0	0	0	0	0	0	0	0	0	0	0	0	0	0	0	4	0	0	0	33	4	0	0
362	350	35	11	42	338	23	11	15	35	11	42	11	0	21	30	92	33	0	36	326	22	11	0	23	11	15	9	0	15	0	64	33	0	0	35	11	42	0	0	7	0	0	0	0	6	11	0	21	30	92	33	0	36	314	22	11	0	22	11	0	9	0	0	0	63	33	0	0	23	11	15	0	0	5	0	0	0	0	0	9	0	15	0	64	33	0	0	35	11	42	0	0	0	0	0	0	0	0	0	0	7	0	0	0	0	6	11	0	21	30	92	33	0	36	302	22	11	0	22	11	0	9	0	0	0	63	33	0	0	22	11	0	0	0	0	0	0	0	0	0	9	0	0	0	63	33	0	0	23	11	15	0	0	0	0	0	0	0	0	0	0	5	0	0	0	0	0	9	0	15	0	64	33	0	0	35	11	42	0	0	0	0	0	0	0	0	0	0	0	0	0	0	0	0	0	0	7	0	0	0	0	6	11	0	21	30	92	33	0	36
306	296	33	24	14	286	13	0	10	33	24	14	5	0	21	20	93	60	56	0	276	12	0	0	13	0	10	3	0	15	0	41	0	40	0	33	24	14	0	0	7	0	0	0	0	4	5	0	21	20	93	60	56	0	266	12	0	0	12	0	0	3	0	0	0	40	0	0	0	13	0	10	0	0	5	0	0	0	0	0	3	0	15	0	41	0	40	0	33	24	14	0	0	0	0	0	0	0	0	0	0	7	0	0	0	0	4	5	0	21	20	93	60	56	0	256	12	0	0	12	0	0	3	0	0	0	40	0	0	0	12	0	0	0	0	0	0	0	0	0	0	3	0	0	0	40	0	0	0	13	0	10	0	0	0	0	0	0	0	0	0	0	5	0	0	0	0	0	3	0	15	0	41	0	40	0	33	24	14	0	0	0	0	0	0	0	0	0	0	0	0	0	0	0	0	0	0	7	0	0	0	0	4	5	0	21	20	93	60	56	0
370	357	38	48	16	344	13	30	5	38	48	16	5	20	14	10	102	134	32	0	331	12	30	0	13	30	5	3	20	10	0	41	90	10	0	38	48	16	0	0	7	0	0	0	0	2	5	20	14	10	102	134	32	0	318	12	30	0	12	30	0	3	20	0	0	40	90	0	0	13	30	5	0	0	5	0	0	0	0	0	3	20	10	0	41	90	10	0	38	48	16	0	0	0	0	0	0	0	0	0	0	7	0	0	0	0	2	5	20	14	10	102	134	32	0	305	12	30	0	12	30	0	3	20	0	0	40	90	0	0	12	30	0	0	0	0	0	0	0	0	0	3	20	0	0	40	90	0	0	13	30	5	0	0	0	0	0	0	0	0	0	0	5	0	0	0	0	0	3	20	10	0	41	90	10	0	38	48	16	0	0	0	0	0	0	0	0	0	0	0	0	0	0	0	0	0	0	7	0	0	0	0	2	5	20	14	10	102	134	32	0
186	180	14	0	9	174	8	0	0	14	0	9	4	0	0	0	39	0	0	0	168	8	0	0	8	0	0	4	0	0	0	24	0	0	0	14	0	9	0	0	0	0	0	0	0	0	4	0	0	0	39	0	0	0	162	8	0	0	8	0	0	4	0	0	0	24	0	0	0	8	0	0	0	0	0	0	0	0	0	0	4	0	0	0	24	0	0	0	14	0	9	0	0	0	0	0	0	0	0	0	0	0	0	0	0	0	0	4	0	0	0	39	0	0	0	156	8	0	0	8	0	0	4	0	0	0	24	0	0	0	8	0	0	0	0	0	0	0	0	0	0	4	0	0	0	24	0	0	0	8	0	0	0	0	0	0	0	0	0	0	0	0	0	0	0	0	0	0	4	0	0	0	24	0	0	0	14	0	9	0	0	0	0	0	0	0	0	0	0	0	0	0	0	0	0	0	0	0	0	0	0	0	0	4	0	0	0	39	0	0	0
212	205	27	10	0	198	6	0	0	27	10	0	3	0	0	0	75	30	0	0	191	6	0	0	6	0	0	3	0	0	0	19	0	0	0	27	10	0	0	0	0	0	0	0	0	0	3	0	0	0	75	30	0	0	184	6	0	0	6	0	0	3	0	0	0	19	0	0	0	6	0	0	0	0	0	0	0	0	0	0	3	0	0	0	19	0	0	0	27	10	0	0	0	0	0	0	0	0	0	0	0	0	0	0	0	0	0	3	0	0	0	75	30	0	0	177	6	0	0	6	0	0	3	0	0	0	19	0	0	0	6	0	0	0	0	0	0	0	0	0	0	3	0	0	0	19	0	0	0	6	0	0	0	0	0	0	0	0	0	0	0	0	0	0	0	0	0	0	3	0	0	0	19	0	0	0	27	10	0	0	0	0	0	0	0	0	0	0	0	0	0	0	0	0	0	0	0	0	0	0	0	0	0	3	0	0	0	75	30	0	0
385	372	53	40	20	359	20	0	18	53	40	20	13	0	40	0	151	128	100	0	346	20	0	18	20	0	18	13	0	40	0	67	0	90	0	53	40	20	2	0	0	0	0	0	0	0	13	0	40	0	151	128	100	0	333	20	0	5	20	0	18	13	0	40	0	67	0	90	0	20	0	18	2	0	0	0	0	0	0	0	13	0	40	0	67	0	90	0	53	40	20	2	0	0	16	0	0	0	5	2	0	0	0	0	0	0	0	13	0	40	0	151	128	100	0	320	20	0	0	20	0	5	13	0	16	0	67	0	25	0	20	0	18	2	0	0	0	0	0	0	0	13	0	40	0	67	0	90	0	20	0	18	2	0	0	0	0	0	0	0	2	0	0	0	0	0	0	0	13	0	40	0	67	0	90	0	53	40	20	12	0	0	0	11	0	0	0	2	0	0	16	0	0	0	5	2	0	0	0	0	0	0	0	13	0	40	0	151	128	100	0
409	395	45	35	48	381	20	13	27	45	35	48	11	0	30	35	130	96	96	30	367	20	13	23	20	13	27	11	0	27	25	68	52	54	15	45	35	48	1	0	0	20	0	0	0	0	11	0	30	35	130	96	96	30	353	20	13	2	20	13	23	11	0	25	0	68	52	46	0	20	13	27	1	0	0	0	0	0	0	0	11	0	27	25	68	52	54	15	45	35	48	0	0	0	10	0	0	0	9	1	0	0	20	0	0	0	0	11	0	30	35	130	96	96	30	339	20	13	0	20	13	2	11	0	4	0	68	52	4	0	20	13	23	1	0	0	0	0	0	0	0	11	0	25	0	68	52	46	0	20	13	27	0	0	0	0	0	0	0	0	1	0	0	0	0	0	0	0	11	0	27	25	68	52	54	15	45	35	48	0	0	0	0	0	0	0	0	0	0	0	10	0	0	0	9	1	0	0	20	0	0	0	0	11	0	30	35	130	96	96	30
239	231	22	7	14	223	6	0	6	22	7	14	3	0	6	0	64	7	14	14	215	6	0	6	6	0	6	3	0	6	0	22	0	6	10	22	7	14	0	0	0	0	0	0	0	0	3	0	6	0	64	7	14	14	207	6	0	0	6	0	6	3	0	6	0	22	0	6	0	6	0	6	0	0	0	0	0	0	0	0	3	0	6	0	22	0	6	10	22	7	14	0	0	0	0	0	0	0	5	0	0	0	0	0	0	0	0	3	0	6	0	64	7	14	14	199	6	0	0	6	0	0	3	0	0	0	22	0	0	0	6	0	6	0	0	0	0	0	0	0	0	3	0	6	0	22	0	6	0	6	0	6	0	0	0	0	0	0	0	0	0	0	0	0	0	0	0	0	3	0	6	0	22	0	6	10	22	7	14	0	0	0	0	0	0	0	0	0	0	0	0	0	0	0	5	0	0	0	0	0	0	0	0	3	0	6	0	64	7	14	14
398	384	44	52	32	370	16	24	13	44	52	32	10	12	16	21	121	146	96	30	356	16	24	11	16	24	13	10	12	13	15	54	72	39	15	44	52	32	1	0	0	10	0	0	0	0	10	12	16	21	121	146	96	30	342	16	24	0	16	24	11	10	12	11	0	54	72	33	0	16	24	13	1	0	0	0	0	0	0	0	10	12	13	15	54	72	39	15	44	52	32	0	0	0	0	0	0	0	7	1	0	0	10	0	0	0	0	10	12	16	21	121	146	96	30	328	16	24	0	16	24	0	10	12	0	0	54	72	0	0	16	24	11	1	0	0	0	0	0	0	0	10	12	11	0	54	72	33	0	16	24	13	0	0	0	0	0	0	0	0	1	0	0	0	0	0	0	0	10	12	13	15	54	72	39	15	44	52	32	0	0	0	0	3	0	0	0	0	0	0	0	0	0	0	7	1	0	0	10	0	0	0	0	10	12	16	21	121	146	96	30
296	286	34	24	8	276	11	0	0	34	24	8	9	0	0	0	95	72	32	14	266	11	0	0	11	0	0	9	0	0	0	36	0	0	10	34	24	8	1	0	0	0	0	0	0	0	9	0	0	0	95	72	32	14	256	11	0	0	11	0	0	9	0	0	0	36	0	0	0	11	0	0	1	0	0	0	0	0	0	0	9	0	0	0	36	0	0	10	34	24	8	0	0	0	0	0	0	0	0	1	0	0	0	0	0	0	0	9	0	0	0	95	72	32	14	246	11	0	0	11	0	0	9	0	0	0	36	0	0	0	11	0	0	1	0	0	0	0	0	0	0	9	0	0	0	36	0	0	0	11	0	0	0	0	0	0	0	0	0	0	1	0	0	0	0	0	0	0	9	0	0	0	36	0	0	10	34	24	8	0	0	0	0	6	0	0	0	0	0	0	0	0	0	0	0	1	0	0	0	0	0	0	0	9	0	0	0	95	72	32	14
489	472	74	52	68	455	44	0	53	74	52	68	32	0	62	5	184	143	272	28	438	40	0	53	44	0	53	23	0	62	5	109	0	212	18	74	52	68	4	0	37	0	3	0	0	0	32	0	62	5	184	143	272	28	421	40	0	53	40	0	53	23	0	62	5	99	0	212	18	44	0	53	4	0	37	0	3	0	0	0	23	0	62	5	109	0	212	18	74	52	68	23	0	0	0	11	0	0	0	4	0	37	0	3	0	0	0	32	0	62	5	184	143	272	28	404	37	0	51	40	0	53	23	0	62	3	99	0	212	5	40	0	53	4	0	37	0	3	0	0	0	23	0	62	5	99	0	212	18	44	0	53	11	0	0	0	6	0	0	0	4	0	37	0	3	0	0	0	23	0	62	5	109	0	212	18	74	52	68	29	0	0	6	16	39	0	0	23	0	0	0	11	0	0	0	4	0	37	0	3	0	0	0	32	0	62	5	184	143	272	28
373	360	58	36	38	347	33	0	15	58	36	38	26	0	20	0	144	99	152	60	334	31	0	15	33	0	15	22	0	20	0	81	0	60	31	58	36	38	4	0	20	0	3	0	0	0	26	0	20	0	144	99	152	60	321	31	0	15	31	0	15	22	0	20	0	77	0	60	29	33	0	15	4	0	20	0	3	0	0	0	22	0	20	0	81	0	60	31	58	36	38	18	0	0	0	9	0	0	0	4	0	20	0	3	0	0	0	26	0	20	0	144	99	152	60	308	28	0	15	31	0	15	22	0	20	0	77	0	60	5	31	0	15	4	0	20	0	3	0	0	0	22	0	20	0	77	0	60	29	33	0	15	6	0	0	0	4	0	0	0	4	0	20	0	3	0	0	0	22	0	20	0	81	0	60	31	58	36	38	14	0	0	0	9	27	0	0	18	0	0	0	9	0	0	0	4	0	20	0	3	0	0	0	26	0	20	0	144	99	152	60
530	510	98	137	45	490	53	93	34	98	137	45	27	66	42	19	222	389	180	20	470	51	92	34	53	93	34	22	64	42	19	116	268	136	18	98	137	45	4	16	17	0	10	0	0	0	27	66	42	19	222	389	180	20	450	51	90	34	51	92	34	22	64	42	19	110	266	136	18	53	93	34	4	16	17	0	4	0	0	0	22	64	42	19	116	268	136	18	98	137	45	28	28	0	0	19	0	0	0	4	16	17	0	10	0	0	0	27	66	42	19	222	389	180	20	430	46	78	27	51	90	34	22	60	42	7	110	256	136	5	51	92	34	4	16	17	0	4	0	0	0	22	64	42	19	110	266	136	18	53	93	34	13	28	0	0	7	0	0	0	4	16	17	0	4	0	0	0	22	64	42	19	116	268	136	18	98	137	45	29	136	0	16	24	58	0	0	28	28	0	0	19	0	0	0	4	16	17	0	10	0	0	0	27	66	42	19	222	389	180	20
467	450	53	57	78	433	25	42	28	53	57	78	15	28	0	63	152	187	78	122	416	25	42	25	25	42	28	15	28	0	57	80	168	28	64	53	57	78	2	0	0	21	1	0	0	0	15	28	0	63	152	187	78	122	399	25	42	23	25	42	25	15	28	0	53	80	168	25	58	25	42	28	2	0	0	15	0	0	0	0	15	28	0	57	80	168	28	64	53	57	78	2	0	0	10	0	0	0	0	2	0	0	21	1	0	0	0	15	28	0	63	152	187	78	122	382	25	42	5	25	42	23	15	28	0	7	80	168	23	7	25	42	25	2	0	0	0	0	0	0	0	15	28	0	53	80	168	25	58	25	42	28	2	0	0	0	0	0	0	0	2	0	0	15	0	0	0	0	15	28	0	57	80	168	28	64	53	57	78	12	0	0	16	13	0	0	7	2	0	0	10	0	0	0	0	2	0	0	21	1	0	0	0	15	28	0	63	152	187	78	122
445	428	53	94	40	411	19	61	5	53	94	40	11	75	0	5	137	244	120	108	394	19	60	5	19	61	5	11	72	0	5	57	169	15	58	53	94	40	1	12	0	0	1	0	0	0	11	75	0	5	137	244	120	108	377	19	60	5	19	60	5	11	72	0	5	57	168	15	52	19	61	5	1	12	0	0	0	0	0	0	11	72	0	5	57	169	15	58	53	94	40	2	0	0	0	5	0	0	0	1	12	0	0	1	0	0	0	11	75	0	5	137	244	120	108	360	19	60	3	19	60	5	11	72	0	3	57	168	15	7	19	60	5	1	12	0	0	0	0	0	0	11	72	0	5	57	168	15	52	19	61	5	2	0	0	0	0	0	0	0	1	12	0	0	0	0	0	0	11	72	0	5	57	169	15	58	53	94	40	12	0	0	6	15	0	0	0	2	0	0	0	5	0	0	0	1	12	0	0	1	0	0	0	11	75	0	5	137	244	120	108
427	411	58	61	76	395	29	28	33	58	61	76	21	0	75	20	141	119	228	191	379	29	28	33	29	28	33	21	0	71	20	74	42	99	107	58	61	76	7	0	0	0	15	0	0	0	21	0	75	20	141	119	228	191	363	28	28	33	29	28	33	21	0	71	20	74	42	99	107	29	28	33	4	0	0	0	7	0	0	0	21	0	71	20	74	42	99	107	58	61	76	18	0	0	0	16	11	0	0	7	0	0	0	15	0	0	0	21	0	75	20	141	119	228	191	347	23	28	33	28	28	33	21	0	71	20	74	42	99	107	29	28	33	4	0	0	0	7	0	0	0	21	0	71	20	74	42	99	107	29	28	33	6	0	0	0	4	0	0	0	4	0	0	0	7	0	0	0	21	0	71	20	74	42	99	107	58	61	76	6	0	20	0	3	0	0	0	18	0	0	0	16	11	0	0	7	0	0	0	15	0	0	0	21	0	75	20	141	119	228	191
417	402	68	36	88	387	40	0	41	68	36	88	22	0	87	54	163	96	264	191	372	40	0	41	40	0	41	22	0	79	54	91	0	123	107	68	36	88	11	0	0	0	14	0	0	0	22	0	87	54	163	96	264	191	357	38	0	41	40	0	41	22	0	79	54	91	0	123	107	40	0	41	4	0	0	0	7	0	0	0	22	0	79	54	91	0	123	107	68	36	88	23	0	0	0	13	24	0	0	11	0	0	0	14	0	0	0	22	0	87	54	163	96	264	191	342	28	0	41	38	0	41	22	0	79	54	91	0	123	107	40	0	41	4	0	0	0	7	0	0	0	22	0	79	54	91	0	123	107	40	0	41	6	0	0	0	4	0	0	0	4	0	0	0	7	0	0	0	22	0	79	54	91	0	123	107	68	36	88	8	0	72	0	7	0	0	0	23	0	0	0	13	24	0	0	11	0	0	0	14	0	0	0	22	0	87	54	163	96	264	191
537	515	116	184	53	493	76	143	19	116	184	53	54	84	21	16	214	354	212	151	471	71	141	19	76	143	19	43	84	19	16	123	245	76	102	116	184	53	34	36	22	0	36	54	0	0	54	84	21	16	214	354	212	151	449	66	125	19	71	141	19	41	82	19	16	113	241	76	102	76	143	19	20	32	22	0	18	48	0	0	43	84	19	16	123	245	76	102	116	184	53	16	176	0	0	19	70	0	0	34	36	22	0	36	54	0	0	54	84	21	16	214	354	212	151	427	56	96	19	66	125	19	41	80	19	16	111	233	76	102	71	141	19	12	32	22	0	15	48	0	0	41	82	19	16	113	241	76	102	76	143	19	8	64	0	0	6	48	0	0	20	32	22	0	18	48	0	0	43	84	19	16	123	245	76	102	104	184	53	9	32	94	0	9	13	159	0	16	176	0	0	19	70	0	0	34	36	22	0	36	54	0	0	54	84	21	16	207	354	212	151
413	397	63	63	75	381	35	48	17	63	63	75	19	48	21	34	152	137	75	269	365	35	48	17	35	48	17	19	48	17	34	84	120	17	135	63	63	75	4	0	0	0	9	0	0	0	19	48	21	34	152	137	75	269	349	35	48	17	35	48	17	19	48	17	34	84	120	17	132	35	48	17	4	0	0	0	5	0	0	0	19	48	17	34	84	120	17	135	63	63	75	23	0	0	0	17	0	0	0	4	0	0	0	9	0	0	0	19	48	21	34	152	137	75	269	333	25	48	17	35	48	17	19	48	17	34	84	120	17	130	35	48	17	4	0	0	0	5	0	0	0	19	48	17	34	84	120	17	132	35	48	17	6	0	0	0	4	0	0	0	4	0	0	0	5	0	0	0	19	48	17	34	84	120	17	135	63	63	75	8	0	72	0	11	0	0	0	23	0	0	0	17	0	0	0	4	0	0	0	9	0	0	0	19	48	21	34	152	137	75	269
284	273	59	39	0	262	24	18	0	59	39	0	19	9	0	0	139	145	0	0	251	22	18	0	24	18	0	11	9	0	0	50	81	0	0	59	39	0	14	0	0	0	23	20	0	0	19	9	0	0	139	145	0	0	240	19	18	0	22	18	0	11	9	0	0	48	81	0	0	24	18	0	2	0	0	0	7	18	0	0	11	9	0	0	50	81	0	0	59	39	0	16	0	0	0	10	17	0	0	14	0	0	0	23	20	0	0	19	9	0	0	139	145	0	0	229	16	18	0	19	18	0	11	9	0	0	46	81	0	0	22	18	0	2	0	0	0	7	18	0	0	11	9	0	0	48	81	0	0	24	18	0	4	0	0	0	3	9	0	0	2	0	0	0	7	18	0	0	11	9	0	0	50	81	0	0	59	39	0	2	0	0	0	1	0	0	0	16	0	0	0	10	17	0	0	14	0	0	0	23	20	0	0	19	9	0	0	139	145	0	0
615	592	80	79	192	569	56	22	146	80	79	192	37	0	52	115	140	152	576	217	546	53	19	140	56	22	146	26	0	50	101	96	0	438	93	80	79	192	19	57	0	54	23	57	0	0	37	0	52	115	140	152	576	217	523	35	0	140	53	19	140	26	0	50	101	96	0	420	93	56	22	146	7	0	0	54	13	0	0	0	26	0	50	101	96	0	438	93	80	79	192	6	0	200	0	5	0	192	0	19	57	0	54	23	57	0	0	37	0	52	115	140	152	576	217	500	35	0	140	35	0	140	26	0	50	101	85	0	420	93	53	19	140	7	0	0	54	13	0	0	0	26	0	50	101	96	0	420	93	56	22	146	6	0	156	0	5	0	146	0	7	0	0	54	13	0	0	0	26	0	50	101	96	0	438	93	80	79	192	4	0	0	0	8	0	0	0	6	0	200	0	5	0	192	0	19	57	0	54	23	57	0	0	37	0	52	115	140	152	576	217
404	389	41	14	111	374	24	0	59	41	14	111	13	0	28	61	97	14	111	292	359	23	0	57	24	0	59	12	0	28	57	55	0	59	110	41	14	111	9	0	0	20	18	14	0	0	13	0	28	61	97	14	111	292	344	18	0	57	23	0	57	12	0	28	57	55	0	57	110	24	0	59	2	0	0	20	9	0	0	0	12	0	28	57	55	0	59	110	41	14	111	4	0	27	0	4	0	0	0	9	0	0	20	18	14	0	0	13	0	28	61	97	14	111	292	329	18	0	57	18	0	57	12	0	28	57	54	0	57	110	23	0	57	2	0	0	20	9	0	0	0	12	0	28	57	55	0	57	110	24	0	59	4	0	0	0	4	0	0	0	2	0	0	20	9	0	0	0	12	0	28	57	55	0	59	110	41	14	111	2	0	0	0	1	0	0	0	4	0	27	0	4	0	0	0	9	0	0	20	18	14	0	0	13	0	28	61	97	14	111	292
320	308	37	32	44	296	13	0	38	37	32	44	8	0	28	28	68	88	176	0	284	12	0	38	13	0	38	7	0	28	28	33	0	152	0	37	32	44	7	0	0	0	15	8	0	0	8	0	28	28	68	88	176	0	272	10	0	38	12	0	38	7	0	28	28	33	0	152	0	13	0	38	0	0	0	0	6	0	0	0	7	0	28	28	33	0	152	0	37	32	44	0	0	0	0	1	0	0	0	7	0	0	0	15	8	0	0	8	0	28	28	68	88	176	0	260	10	0	38	10	0	38	7	0	28	28	33	0	152	0	12	0	38	0	0	0	0	6	0	0	0	7	0	28	28	33	0	152	0	13	0	38	0	0	0	0	1	0	0	0	0	0	0	0	6	0	0	0	7	0	28	28	33	0	152	0	37	32	44	0	0	0	0	0	0	0	0	0	0	0	0	1	0	0	0	7	0	0	0	15	8	0	0	8	0	28	28	68	88	176	0
379	364	67	71	39	349	34	38	14	67	71	39	42	13	28	0	107	210	156	141	334	29	34	14	34	38	14	23	13	28	0	59	117	56	60	67	71	39	10	32	0	0	18	50	0	0	42	13	28	0	107	210	156	141	319	25	26	14	29	34	14	23	13	28	0	57	117	56	60	34	38	14	7	0	0	0	11	26	0	0	23	13	28	0	59	117	56	60	67	71	39	6	0	27	0	5	0	39	0	10	32	0	0	18	50	0	0	42	13	28	0	107	210	156	141	304	25	26	14	25	26	14	23	13	28	0	56	117	56	60	29	34	14	7	0	0	0	11	26	0	0	23	13	28	0	57	117	56	60	34	38	14	6	0	0	0	5	0	14	0	7	0	0	0	11	26	0	0	23	13	28	0	59	117	56	60	67	71	39	2	0	0	0	1	0	0	0	6	0	27	0	5	0	39	0	10	32	0	0	18	50	0	0	42	13	28	0	107	210	156	141
302	290	51	42	24	278	24	20	0	51	42	24	20	10	0	0	88	137	72	129	266	21	20	0	24	20	0	11	10	0	0	44	90	0	52	51	42	24	9	0	0	0	15	27	0	0	20	10	0	0	88	137	72	129	254	16	20	0	21	20	0	11	10	0	0	42	90	0	52	24	20	0	2	0	0	0	7	20	0	0	11	10	0	0	44	90	0	52	51	42	24	4	0	27	0	4	0	0	0	9	0	0	0	15	27	0	0	20	10	0	0	88	137	72	129	242	16	20	0	16	20	0	11	10	0	0	41	90	0	52	21	20	0	2	0	0	0	7	20	0	0	11	10	0	0	42	90	0	52	24	20	0	4	0	0	0	4	0	0	0	2	0	0	0	7	20	0	0	11	10	0	0	44	90	0	52	51	42	24	2	0	0	0	1	0	0	0	4	0	27	0	4	0	0	0	9	0	0	0	15	27	0	0	20	10	0	0	88	137	72	129
361	347	51	25	98	333	31	12	37	51	25	98	33	12	55	68	54	0	98	410	319	22	0	36	31	12	37	18	0	55	67	45	0	37	257	51	25	98	5	0	90	11	8	0	98	0	33	12	55	68	54	0	98	410	305	22	0	36	22	0	36	18	0	55	67	44	0	36	249	31	12	37	5	0	59	11	8	0	37	0	18	0	55	67	45	0	37	257	51	25	98	2	0	0	0	1	0	0	0	5	0	90	11	8	0	98	0	33	12	55	68	54	0	98	410	291	22	0	36	22	0	36	18	0	55	67	44	0	36	249	22	0	36	5	0	55	11	8	0	36	0	18	0	55	67	44	0	36	249	31	12	37	2	0	0	0	1	0	0	0	5	0	59	11	8	0	37	0	18	0	55	67	45	0	37	257	51	25	98	0	0	0	0	1	0	0	0	2	0	0	0	1	0	0	0	5	0	90	11	8	0	98	0	33	12	55	68	54	0	98	410
463	445	50	65	98	427	24	0	86	50	65	98	32	0	103	56	27	39	490	44	409	18	0	86	24	0	86	10	0	103	56	18	0	430	38	50	65	98	0	0	27	0	0	0	0	0	32	0	103	56	27	39	490	44	391	18	0	86	18	0	86	10	0	103	56	18	0	430	38	24	0	86	0	0	27	0	0	0	0	0	10	0	103	56	18	0	430	38	50	65	98	0	0	0	0	0	0	0	0	0	0	27	0	0	0	0	0	32	0	103	56	27	39	490	44	373	18	0	86	18	0	86	10	0	103	56	18	0	430	38	18	0	86	0	0	27	0	0	0	0	0	10	0	103	56	18	0	430	38	24	0	86	0	0	0	0	0	0	0	0	0	0	27	0	0	0	0	0	10	0	103	56	18	0	430	38	50	65	98	0	0	0	0	0	0	0	0	0	0	0	0	0	0	0	0	0	0	27	0	0	0	0	0	32	0	103	56	27	39	490	44
309	297	34	27	35	285	17	0	12	34	27	35	19	0	24	0	35	0	105	107	273	13	0	12	17	0	12	8	0	24	0	29	0	36	52	34	27	35	0	0	8	0	4	0	0	0	19	0	24	0	35	0	105	107	261	13	0	12	13	0	12	8	0	24	0	29	0	36	52	17	0	12	0	0	0	0	4	0	0	0	8	0	24	0	29	0	36	52	34	27	35	0	0	0	0	0	0	0	0	0	0	8	0	4	0	0	0	19	0	24	0	35	0	105	107	249	13	0	12	13	0	12	8	0	24	0	29	0	36	52	13	0	12	0	0	0	0	4	0	0	0	8	0	24	0	29	0	36	52	17	0	12	0	0	0	0	0	0	0	0	0	0	0	0	4	0	0	0	8	0	24	0	29	0	36	52	34	27	35	0	0	0	0	0	0	0	0	0	0	0	0	0	0	0	0	0	0	8	0	4	0	0	0	19	0	24	0	35	0	105	107
508	487	77	143	73	466	47	76	45	77	143	73	36	146	98	12	64	123	365	231	445	35	54	44	47	76	45	22	36	98	11	50	90	225	160	77	143	73	5	0	124	11	8	0	146	0	36	146	98	12	64	123	365	231	424	35	54	44	35	54	44	22	36	98	11	49	90	220	154	47	76	45	5	0	93	11	8	0	90	0	22	36	98	11	50	90	225	160	77	143	73	2	0	0	0	2	0	0	0	5	0	124	11	8	0	146	0	36	146	98	12	64	123	365	231	403	35	54	44	35	54	44	22	36	98	11	49	90	220	154	35	54	44	5	0	89	11	8	0	88	0	22	36	98	11	49	90	220	154	47	76	45	2	0	0	0	2	0	0	0	5	0	93	11	8	0	90	0	22	36	98	11	50	90	225	160	76	143	73	0	0	0	0	1	0	0	0	2	0	0	0	2	0	0	0	5	0	124	11	8	0	146	0	36	146	98	12	64	123	365	231
324	310	35	60	42	296	15	40	0	35	60	42	15	40	0	0	32	60	84	299	282	10	40	0	15	40	0	4	40	0	0	23	60	0	198	35	60	42	0	0	27	0	4	0	0	0	15	40	0	0	32	60	84	299	268	10	40	0	10	40	0	4	40	0	0	23	60	0	192	15	40	0	0	0	0	0	4	0	0	0	4	40	0	0	23	60	0	198	35	60	42	0	0	0	0	0	0	0	0	0	0	27	0	4	0	0	0	15	40	0	0	32	60	84	299	254	10	40	0	10	40	0	4	40	0	0	23	60	0	192	10	40	0	0	0	0	0	4	0	0	0	4	40	0	0	23	60	0	192	15	40	0	0	0	0	0	0	0	0	0	0	0	0	0	4	0	0	0	4	40	0	0	23	60	0	198	34	60	42	0	0	0	0	0	0	0	0	0	0	0	0	0	0	0	0	0	0	27	0	4	0	0	0	15	40	0	0	32	60	84	299
350	336	25	0	110	322	17	0	67	25	0	110	8	0	56	78	18	0	0	206	308	17	0	67	17	0	67	8	0	27	78	18	0	0	143	25	0	110	0	0	0	0	0	0	0	0	8	0	56	78	18	0	0	206	294	17	0	67	17	0	67	8	0	27	78	18	0	0	142	17	0	67	0	0	0	0	0	0	0	0	8	0	27	78	18	0	0	143	25	0	110	0	0	0	0	0	0	0	0	0	0	0	0	0	0	0	0	8	0	56	78	18	0	0	206	280	17	0	67	17	0	67	8	0	27	78	18	0	0	142	17	0	67	0	0	0	0	0	0	0	0	8	0	27	78	18	0	0	142	17	0	67	0	0	0	0	0	0	0	0	0	0	0	0	0	0	0	0	8	0	27	78	18	0	0	143	25	0	110	0	0	0	0	0	0	0	0	0	0	0	0	0	0	0	0	0	0	0	0	0	0	0	0	8	0	56	78	18	0	0	206
275	264	23	0	72	253	17	0	23	23	0	72	10	0	36	62	16	0	0	248	242	17	0	23	17	0	23	10	0	11	62	16	0	0	143	23	0	72	0	0	0	0	0	0	0	0	10	0	36	62	16	0	0	248	231	17	0	23	17	0	23	10	0	11	62	16	0	0	142	17	0	23	0	0	0	0	0	0	0	0	10	0	11	62	16	0	0	143	23	0	72	0	0	0	0	0	0	0	0	0	0	0	0	0	0	0	0	10	0	36	62	16	0	0	248	220	17	0	23	17	0	23	10	0	11	62	16	0	0	142	17	0	23	0	0	0	0	0	0	0	0	10	0	11	62	16	0	0	142	17	0	23	0	0	0	0	0	0	0	0	0	0	0	0	0	0	0	0	10	0	11	62	16	0	0	143	23	0	72	0	0	0	0	0	0	0	0	0	0	0	0	0	0	0	0	0	0	0	0	0	0	0	0	10	0	36	62	16	0	0	248
282	270	23	20	67	258	16	20	11	23	20	67	10	0	48	33	16	0	0	346	246	16	20	11	16	20	11	10	0	11	33	16	0	0	180	23	20	67	0	0	0	0	0	0	0	0	10	0	48	33	16	0	0	346	234	16	20	11	16	20	11	10	0	11	33	16	0	0	178	16	20	11	0	0	0	0	0	0	0	0	10	0	11	33	16	0	0	180	23	20	67	0	0	0	0	0	0	0	0	0	0	0	0	0	0	0	0	10	0	48	33	16	0	0	346	222	16	20	11	16	20	11	10	0	11	33	16	0	0	178	16	20	11	0	0	0	0	0	0	0	0	10	0	11	33	16	0	0	178	16	20	11	0	0	0	0	0	0	0	0	0	0	0	0	0	0	0	0	10	0	11	33	16	0	0	180	22	20	67	0	0	0	0	0	0	0	0	0	0	0	0	0	0	0	0	0	0	0	0	0	0	0	0	10	0	48	33	16	0	0	346
305	291	39	57	48	277	28	45	19	39	57	48	33	36	56	49	34	37	48	171	263	28	45	19	28	45	19	33	36	27	49	34	36	19	131	39	57	48	12	0	0	0	5	0	0	0	33	36	56	49	34	37	48	171	249	28	45	19	28	45	19	33	36	27	49	34	36	19	130	28	45	19	12	0	0	0	5	0	0	0	33	36	27	49	34	36	19	131	39	57	48	0	0	0	0	3	0	0	0	12	0	0	0	5	0	0	0	33	36	56	49	34	37	48	171	235	28	45	19	28	45	19	33	36	27	49	34	36	19	130	28	45	19	12	0	0	0	5	0	0	0	33	36	27	49	34	36	19	130	28	45	19	0	0	0	0	3	0	0	0	12	0	0	0	5	0	0	0	33	36	27	49	34	36	19	131	35	57	48	0	0	0	0	0	0	0	0	0	0	0	0	3	0	0	0	12	0	0	0	5	0	0	0	33	36	56	49	34	37	48	171
321	307	48	51	58	293	39	33	28	48	51	58	47	0	76	58	52	11	116	171	279	39	33	28	39	33	28	47	0	45	58	52	11	56	131	48	51	58	17	0	0	0	9	0	0	0	47	0	76	58	52	11	116	171	265	39	33	28	39	33	28	47	0	45	58	52	11	56	130	39	33	28	17	0	0	0	9	0	0	0	47	0	45	58	52	11	56	131	48	51	58	2	0	0	0	4	0	0	0	17	0	0	0	9	0	0	0	47	0	76	58	52	11	116	171	251	39	33	28	39	33	28	47	0	45	58	52	11	56	130	39	33	28	17	0	0	0	9	0	0	0	47	0	45	58	52	11	56	130	39	33	28	2	0	0	0	4	0	0	0	17	0	0	0	9	0	0	0	47	0	45	58	52	11	56	131	44	51	58	0	0	0	0	0	0	0	0	2	0	0	0	4	0	0	0	17	0	0	0	9	0	0	0	47	0	76	58	52	11	116	171
345	327	72	92	121	309	62	89	90	72	92	121	67	33	0	165	90	138	0	106	291	60	89	71	62	89	90	65	33	0	88	81	138	0	47	72	92	121	23	0	0	84	11	30	0	73	67	33	0	165	90	138	0	106	273	59	89	69	60	89	71	63	33	0	88	80	138	0	47	62	89	90	22	0	0	82	11	30	0	45	65	33	0	88	81	138	0	47	71	92	121	2	0	0	24	5	15	0	0	23	0	0	84	11	30	0	73	67	33	0	165	90	138	0	106	255	59	89	68	59	89	69	63	33	0	88	80	138	0	47	60	89	71	22	0	0	80	11	30	0	44	63	33	0	88	80	138	0	47	61	89	90	2	0	0	23	5	15	0	0	22	0	0	82	11	30	0	45	65	33	0	88	81	138	0	47	56	92	121	0	0	0	11	2	0	0	0	2	0	0	24	5	15	0	0	23	0	0	84	11	30	0	73	65	33	0	165	85	138	0	106
383	364	110	124	91	345	95	105	91	110	124	91	82	11	0	0	184	165	182	0	326	93	105	91	95	105	91	79	11	0	0	164	136	182	0	110	124	91	22	0	0	0	20	18	0	0	82	11	0	0	184	165	182	0	307	89	103	88	93	105	91	76	11	0	0	158	136	182	0	95	105	91	19	0	0	0	13	0	0	0	79	11	0	0	164	136	182	0	96	124	91	27	18	14	38	17	27	0	0	22	0	0	0	20	18	0	0	82	11	0	0	168	165	182	0	288	81	87	79	89	103	88	69	9	0	0	140	128	176	0	93	105	91	16	0	0	0	13	0	0	0	76	11	0	0	158	136	182	0	81	105	91	22	0	14	33	9	0	0	0	19	0	0	0	13	0	0	0	79	11	0	0	148	136	182	0	84	124	91	35	78	42	92	22	45	91	0	27	18	14	38	17	27	0	0	22	0	0	0	20	18	0	0	66	11	0	0	155	165	182	0
349	329	109	137	81	309	91	125	81	109	137	81	89	150	0	0	151	216	0	0	289	89	125	79	91	125	81	87	150	0	0	128	210	0	0	109	137	81	35	0	0	26	28	34	0	0	89	150	0	0	151	216	0	0	269	88	125	72	89	125	79	85	150	0	0	127	210	0	0	91	125	81	34	0	0	24	19	30	0	0	87	150	0	0	128	210	0	0	101	137	81	37	0	0	73	21	17	0	0	35	0	0	26	28	34	0	0	89	150	0	0	147	216	0	0	249	84	125	59	88	125	72	85	150	0	0	127	210	0	0	89	125	79	34	0	0	22	19	30	0	0	85	150	0	0	127	210	0	0	83	125	81	26	0	0	33	12	15	0	0	34	0	0	24	19	30	0	0	87	150	0	0	124	210	0	0	82	137	81	26	0	0	41	10	30	0	53	37	0	0	73	21	17	0	0	35	0	0	26	28	34	0	0	75	150	0	0	136	216	0	0
431	410	91	128	137	389	77	118	118	91	128	137	78	145	0	107	121	187	0	58	368	73	113	83	77	118	118	68	136	0	33	106	179	0	28	91	128	137	24	67	0	140	18	66	0	171	78	145	0	107	121	187	0	58	347	72	111	50	73	113	83	66	130	0	33	103	176	0	28	77	118	118	23	65	0	49	17	66	0	82	68	136	0	33	106	179	0	28	88	128	137	11	26	0	60	13	20	0	231	24	67	0	140	18	66	0	171	78	145	0	107	120	187	0	58	326	71	111	40	72	111	50	66	130	0	33	103	176	0	28	73	113	83	23	65	0	47	17	66	0	80	66	130	0	33	103	176	0	28	74	118	118	10	26	0	23	11	20	0	160	23	65	0	49	17	66	0	82	68	136	0	33	105	179	0	28	70	128	137	7	0	0	11	4	0	0	53	11	26	0	60	13	20	0	231	24	67	0	140	18	66	0	171	70	145	0	107	112	187	0	58
380	362	97	102	95	344	87	90	95	97	102	95	73	23	0	0	165	95	95	0	326	85	89	93	87	90	95	72	22	0	0	149	92	95	0	97	102	95	24	11	0	26	20	23	0	0	73	23	0	0	165	95	95	0	308	80	84	85	85	89	93	68	22	0	0	144	91	93	0	87	90	95	22	11	0	24	16	12	0	0	72	22	0	0	149	92	95	0	88	102	95	24	62	14	86	13	46	0	0	24	11	0	26	20	23	0	0	73	23	0	0	156	95	95	0	290	74	69	66	80	84	85	62	21	0	0	130	86	85	0	85	89	93	20	11	0	22	16	11	0	0	68	22	0	0	144	91	93	0	78	90	95	22	48	14	44	8	24	0	0	22	11	0	24	16	12	0	0	72	22	0	0	140	92	95	0	73	102	95	29	58	42	103	14	20	95	53	24	62	14	86	13	46	0	0	24	11	0	26	20	23	0	0	57	23	0	0	140	95	95	0
278	263	111	87	19	248	78	81	0	111	87	19	78	34	0	0	178	177	0	186	233	73	74	0	78	81	0	60	30	0	0	123	158	0	186	108	87	19	27	10	0	0	21	6	19	0	78	34	0	0	175	177	0	186	218	66	64	0	73	74	0	51	20	0	0	107	138	0	184	75	81	0	12	10	0	0	9	5	0	0	60	30	0	0	120	158	0	186	89	87	19	38	0	19	0	19	0	38	0	27	10	0	0	21	6	19	0	72	34	0	0	152	177	0	186	204	59	46	0	66	64	0	44	0	0	0	83	93	0	173	70	74	0	8	0	0	0	8	5	0	0	51	20	0	0	104	138	0	184	58	81	0	22	0	0	0	8	0	0	0	12	10	0	0	9	5	0	0	54	30	0	0	98	158	0	186	81	73	19	34	64	19	0	22	16	38	0	38	0	19	0	19	0	38	0	27	10	0	0	21	6	19	0	54	34	0	0	142	149	0	186
325	308	123	119	9	291	90	93	0	123	119	9	90	98	0	0	230	196	27	91	274	80	84	0	90	93	0	68	79	0	0	178	150	0	91	119	119	9	38	23	0	0	20	24	9	0	90	98	0	0	226	196	27	91	257	67	74	0	80	84	0	45	71	0	0	143	120	0	91	86	93	0	14	5	0	0	9	11	0	0	68	79	0	0	174	150	0	91	100	119	9	31	43	9	0	11	33	9	0	38	23	0	0	20	24	9	0	84	98	0	0	195	196	27	91	240	58	63	0	67	74	0	34	66	0	0	103	87	0	88	76	84	0	8	0	0	0	8	11	0	0	45	71	0	0	139	120	0	91	67	93	0	18	22	0	0	3	22	0	0	14	5	0	0	9	11	0	0	62	79	0	0	143	150	0	91	94	119	9	35	63	9	0	21	48	9	0	31	43	9	0	11	33	9	0	38	23	0	0	20	24	9	0	72	98	0	0	186	196	27	91
290	271	104	153	0	252	73	123	0	100	153	0	76	140	0	0	187	221	0	0	236	63	118	0	72	123	0	55	124	0	0	151	191	0	0	90	105	0	37	8	0	0	17	20	0	0	72	140	0	0	176	173	0	0	222	50	114	0	62	118	0	31	124	0	0	116	176	0	0	67	81	0	10	4	0	0	7	10	0	0	51	124	0	0	144	149	0	0	76	77	0	18	16	0	0	10	28	0	0	37	8	0	0	17	20	0	0	72	56	0	0	152	103	0	0	208	42	108	0	49	114	0	20	124	0	0	76	164	0	0	57	76	0	4	0	0	0	6	10	0	0	27	124	0	0	109	134	0	0	53	53	0	6	0	0	0	2	20	0	0	10	4	0	0	7	10	0	0	51	40	0	0	120	79	0	0	72	77	0	22	18	0	0	15	42	0	0	18	16	0	0	10	28	0	0	37	8	0	0	17	20	0	0	66	56	0	0	146	103	0	0
317	301	97	104	0	285	58	74	0	96	104	0	69	116	0	0	184	244	0	0	269	49	52	0	57	74	0	45	60	0	0	108	172	0	0	87	104	0	19	62	0	0	14	17	0	0	65	116	0	0	173	244	0	0	254	42	33	0	48	52	0	31	16	0	0	80	98	0	0	49	74	0	4	8	0	0	5	7	0	0	41	60	0	0	98	172	0	0	79	89	0	15	12	0	0	10	4	0	0	19	62	0	0	14	17	0	0	59	116	0	0	160	229	0	0	239	36	28	0	41	33	0	26	0	0	0	57	41	0	0	40	52	0	0	0	0	0	3	4	0	0	27	16	0	0	70	98	0	0	41	59	0	2	0	0	0	4	0	0	0	4	8	0	0	5	7	0	0	35	60	0	0	85	157	0	0	75	89	0	16	13	0	0	17	26	0	0	15	12	0	0	10	4	0	0	19	62	0	0	14	17	0	0	53	116	0	0	154	229	0	0
280	267	71	63	0	254	40	30	0	70	63	0	49	99	0	0	138	156	0	0	241	34	9	0	39	30	0	36	27	0	0	78	82	0	0	62	63	0	19	36	0	0	11	6	0	0	45	99	0	0	128	156	0	0	228	28	0	0	33	9	0	25	0	0	0	58	21	0	0	31	30	0	4	0	0	0	4	0	0	0	32	27	0	0	68	82	0	0	58	63	0	12	0	0	0	7	3	0	0	19	36	0	0	11	6	0	0	39	99	0	0	121	156	0	0	215	25	0	0	27	0	0	20	0	0	0	39	0	0	0	25	9	0	0	0	0	0	3	0	0	0	21	0	0	0	48	21	0	0	27	30	0	2	0	0	0	4	0	0	0	4	0	0	0	4	0	0	0	26	27	0	0	61	82	0	0	58	63	0	9	0	0	0	14	0	0	0	12	0	0	0	7	3	0	0	19	36	0	0	11	6	0	0	39	99	0	0	121	156	0	0
162	154	31	19	13	146	14	7	8	31	19	13	11	0	45	0	69	38	39	9	138	13	7	8	14	7	8	10	0	40	0	25	14	24	0	30	19	13	1	0	5	0	2	0	0	0	11	0	45	0	68	38	39	9	130	12	7	8	13	7	8	9	0	40	0	21	14	24	0	13	7	8	0	0	0	0	1	0	0	0	10	0	40	0	24	14	24	0	30	19	13	2	0	5	0	2	0	0	0	1	0	5	0	2	0	0	0	11	0	45	0	68	38	39	9	122	12	7	8	12	7	8	9	0	40	0	18	14	24	0	12	7	8	0	0	0	0	1	0	0	0	9	0	40	0	20	14	24	0	13	7	8	2	0	0	0	2	0	0	0	0	0	0	0	1	0	0	0	10	0	40	0	24	14	24	0	30	19	13	6	0	0	0	4	0	0	0	2	0	5	0	2	0	0	0	1	0	5	0	2	0	0	0	11	0	45	0	68	38	39	9
194	184	56	29	16	174	39	27	0	55	29	16	50	12	26	0	112	69	0	9	164	30	15	0	38	27	0	27	12	0	0	64	63	0	0	47	29	16	4	0	30	0	6	6	32	0	46	12	26	0	102	69	0	9	155	27	9	0	29	15	0	22	0	0	0	39	27	0	0	31	27	0	0	0	0	0	4	6	0	0	23	12	0	0	55	63	0	0	43	20	16	8	0	13	0	7	0	16	0	4	0	30	0	6	6	32	0	40	12	26	0	95	60	0	9	146	25	9	0	26	9	0	22	0	0	0	30	9	0	0	22	15	0	0	0	0	0	2	0	0	0	18	0	0	0	30	27	0	0	27	18	0	2	0	0	0	4	0	0	0	0	0	0	0	4	6	0	0	17	12	0	0	48	54	0	0	41	20	16	9	0	0	0	12	16	0	0	8	0	13	0	7	0	16	0	4	0	30	0	6	6	32	0	38	12	26	0	93	60	0	9
230	218	57	42	16	206	38	21	0	55	42	16	46	0	26	0	120	73	48	9	195	30	21	0	37	21	0	28	0	0	0	69	31	0	0	48	31	16	4	0	30	0	4	0	0	0	42	0	26	0	111	62	48	9	184	27	21	0	29	21	0	23	0	0	0	46	31	0	0	30	10	0	0	0	0	0	3	0	0	0	24	0	0	0	60	20	0	0	45	31	16	2	0	13	0	4	0	0	0	4	0	30	0	4	0	0	0	36	0	26	0	105	62	48	9	173	27	21	0	26	21	0	23	0	0	0	37	31	0	0	22	10	0	0	0	0	0	2	0	0	0	19	0	0	0	37	20	0	0	27	10	0	2	0	0	0	4	0	0	0	0	0	0	0	3	0	0	0	18	0	0	0	54	20	0	0	45	31	16	9	0	0	0	10	0	0	0	2	0	13	0	4	0	0	0	4	0	30	0	4	0	0	0	36	0	26	0	105	62	48	9
141	130	41	34	11	120	26	30	0	35	24	11	33	24	21	0	80	36	0	0	114	17	30	0	26	24	0	16	24	0	0	52	36	0	0	31	0	11	3	0	25	0	3	0	0	0	33	0	21	0	76	0	0	0	108	14	30	0	17	24	0	10	24	0	0	27	36	0	0	22	0	0	0	0	0	0	3	0	0	0	16	0	0	0	48	0	0	0	27	0	11	0	0	8	0	2	0	0	0	3	0	25	0	3	0	0	0	27	0	21	0	69	0	0	0	102	14	30	0	14	24	0	10	24	0	0	18	36	0	0	13	0	0	0	0	0	0	1	0	0	0	10	0	0	0	23	0	0	0	18	0	0	0	0	0	0	2	0	0	0	0	0	0	0	3	0	0	0	10	0	0	0	41	0	0	0	27	0	11	3	0	0	0	8	0	0	0	0	0	8	0	2	0	0	0	3	0	25	0	3	0	0	0	27	0	21	0	69	0	0	0
132	126	35	0	7	120	25	0	0	34	0	7	25	0	13	0	69	0	0	0	114	20	0	0	24	0	0	16	0	0	0	43	0	0	0	26	0	7	1	0	9	0	2	0	0	0	21	0	13	0	59	0	0	0	108	18	0	0	19	0	0	14	0	0	0	30	0	0	0	16	0	0	0	0	0	0	2	0	0	0	12	0	0	0	33	0	0	0	23	0	7	0	0	4	0	2	0	0	0	1	0	9	0	2	0	0	0	15	0	13	0	53	0	0	0	102	18	0	0	17	0	0	14	0	0	0	24	0	0	0	11	0	0	0	0	0	0	1	0	0	0	10	0	0	0	20	0	0	0	13	0	0	0	0	0	0	2	0	0	0	0	0	0	0	2	0	0	0	6	0	0	0	27	0	0	0	23	0	7	2	0	0	0	6	0	0	0	0	0	4	0	2	0	0	0	1	0	9	0	2	0	0	0	15	0	13	0	53	0	0	0
352	335	41	60	94	318	5	0	86	41	60	94	11	0	102	32	100	180	470	0	301	2	0	79	5	0	86	0	0	78	8	9	0	430	0	41	60	94	0	0	23	0	2	12	0	0	11	0	102	32	100	180	470	0	284	2	0	77	2	0	79	0	0	53	8	2	0	395	0	5	0	86	0	0	20	0	1	0	0	0	0	0	78	8	9	0	430	0	40	60	94	0	0	0	28	1	0	0	0	0	0	23	0	2	12	0	0	11	0	102	32	99	180	470	0	267	2	0	77	2	0	77	0	0	49	8	2	0	385	0	2	0	79	0	0	16	0	0	0	0	0	0	0	53	8	2	0	395	0	4	0	86	0	0	0	28	0	0	0	0	0	0	20	0	1	0	0	0	0	0	78	8	8	0	430	0	40	60	94	1	0	0	0	8	0	0	0	0	0	0	28	1	0	0	0	0	0	23	0	2	12	0	0	11	0	102	32	99	180	470	0
332	316	29	48	100	300	1	0	99	29	48	100	3	0	78	8	67	120	400	0	284	0	0	99	1	0	99	0	0	78	8	1	0	396	0	29	48	100	0	0	12	0	1	0	0	0	3	0	78	8	67	120	400	0	268	0	0	99	0	0	99	0	0	78	8	0	0	396	0	1	0	99	0	0	12	0	0	0	0	0	0	0	78	8	1	0	396	0	29	48	100	0	0	0	0	0	0	0	0	0	0	12	0	1	0	0	0	3	0	78	8	67	120	400	0	252	0	0	99	0	0	99	0	0	78	8	0	0	396	0	0	0	99	0	0	12	0	0	0	0	0	0	0	78	8	0	0	396	0	1	0	99	0	0	0	0	0	0	0	0	0	0	12	0	0	0	0	0	0	0	78	8	1	0	396	0	29	48	100	0	0	0	0	4	0	0	0	0	0	0	0	0	0	0	0	0	0	12	0	1	0	0	0	3	0	78	8	67	120	400	0
396	377	30	48	98	358	7	0	82	30	48	98	3	0	37	20	67	96	294	29	339	7	0	79	7	0	82	3	0	25	8	14	0	246	8	29	48	98	0	0	0	0	1	0	0	0	3	0	37	20	66	96	294	29	320	7	0	79	7	0	79	3	0	16	8	14	0	237	8	6	0	82	0	0	0	0	0	0	0	0	3	0	25	8	13	0	246	8	29	48	98	0	0	0	0	0	0	0	0	0	0	0	0	1	0	0	0	3	0	37	20	66	96	294	29	301	7	0	79	7	0	79	3	0	16	8	14	0	237	8	6	0	79	0	0	0	0	0	0	0	0	3	0	16	8	13	0	237	8	6	0	82	0	0	0	0	0	0	0	0	0	0	0	0	0	0	0	0	3	0	25	8	13	0	246	8	29	48	98	0	0	0	0	2	0	0	0	0	0	0	0	0	0	0	0	0	0	0	0	1	0	0	0	3	0	37	20	66	96	294	29
333	317	63	39	68	301	34	0	42	63	39	68	28	0	67	63	131	91	204	29	285	29	0	21	34	0	42	19	0	40	8	54	0	126	8	59	39	68	0	0	33	0	5	0	0	28	28	0	67	63	127	91	204	29	269	29	0	21	29	0	21	19	0	0	8	40	0	63	8	30	0	42	0	0	23	0	2	0	0	0	19	0	40	8	50	0	126	8	56	39	68	2	0	0	0	4	0	0	0	0	0	33	0	5	0	0	28	22	0	67	63	121	91	204	29	253	29	0	21	29	0	21	19	0	0	8	40	0	63	8	25	0	21	0	0	0	0	2	0	0	0	19	0	0	8	36	0	63	8	27	0	42	2	0	0	0	4	0	0	0	0	0	23	0	2	0	0	0	13	0	40	8	44	0	126	8	55	39	68	17	0	0	0	14	0	0	0	2	0	0	0	4	0	0	0	0	0	33	0	5	0	0	28	22	0	67	63	119	91	204	29
194	183	18	31	34	172	3	28	22	18	31	34	0	21	0	8	41	69	0	29	161	3	28	22	3	28	22	0	21	0	8	5	63	0	8	17	31	34	0	0	0	0	4	0	0	0	0	21	0	8	40	69	0	29	150	3	28	22	3	28	22	0	21	0	8	5	63	0	8	2	28	22	0	0	0	0	0	0	0	0	0	21	0	8	4	63	0	8	17	31	34	0	0	0	0	0	0	0	0	0	0	0	0	4	0	0	0	0	21	0	8	40	69	0	29	139	3	28	22	3	28	22	0	21	0	8	5	63	0	8	2	28	22	0	0	0	0	0	0	0	0	0	21	0	8	4	63	0	8	2	28	22	0	0	0	0	0	0	0	0	0	0	0	0	0	0	0	0	0	21	0	8	4	63	0	8	17	31	34	0	0	0	0	0	0	0	0	0	0	0	0	0	0	0	0	0	0	0	0	4	0	0	0	0	21	0	8	40	69	0	29
436	414	62	72	159	392	30	0	112	62	72	159	14	0	122	83	95	180	636	262	370	28	0	102	30	0	112	8	0	115	62	27	0	448	227	62	72	159	0	0	11	39	12	0	0	0	14	0	122	83	95	180	636	262	348	28	0	82	28	0	102	8	0	109	35	24	0	408	199	30	0	112	0	0	11	0	3	0	0	0	8	0	115	62	27	0	448	227	60	72	159	12	0	0	28	13	0	0	28	0	0	11	39	12	0	0	0	14	0	122	83	93	180	636	262	326	26	0	59	28	0	82	8	0	87	33	24	0	328	197	28	0	102	0	0	11	0	1	0	0	0	8	0	109	35	24	0	408	199	28	0	112	6	0	0	0	4	0	0	0	0	0	11	0	3	0	0	0	8	0	115	62	25	0	448	227	57	72	159	24	0	0	56	13	36	0	186	12	0	0	28	13	0	0	28	0	0	11	39	12	0	0	0	12	0	122	83	89	180	636	262
318	302	21	28	118	286	3	0	54	21	28	118	5	0	22	91	44	42	236	360	270	2	0	47	3	0	54	0	0	19	73	4	0	108	309	21	28	118	0	0	0	24	4	0	0	0	5	0	22	91	44	42	236	360	254	2	0	40	2	0	47	0	0	16	56	2	0	94	278	3	0	54	0	0	0	0	1	0	0	0	0	0	19	73	4	0	108	309	20	28	118	0	0	0	0	5	0	0	0	0	0	0	24	4	0	0	0	5	0	22	91	43	42	236	360	238	2	0	40	2	0	40	0	0	12	56	2	0	80	276	2	0	47	0	0	0	0	0	0	0	0	0	0	16	56	2	0	94	278	2	0	54	0	0	0	0	0	0	0	0	0	0	0	0	1	0	0	0	0	0	19	73	3	0	108	309	20	28	118	1	0	0	0	8	0	0	0	0	0	0	0	5	0	0	0	0	0	0	24	4	0	0	0	5	0	22	91	43	42	236	360
277	263	28	33	98	249	6	0	54	28	33	98	7	0	54	56	51	66	294	292	235	5	0	54	6	0	54	2	0	52	56	6	0	162	267	28	33	98	0	0	0	0	6	0	0	0	7	0	54	56	51	66	294	292	221	5	0	54	5	0	54	2	0	52	56	4	0	162	257	6	0	54	0	0	0	0	1	0	0	0	2	0	52	56	6	0	162	267	27	33	98	6	0	0	0	7	0	0	0	0	0	0	0	6	0	0	0	7	0	54	56	50	66	294	292	207	3	0	52	5	0	54	2	0	52	54	4	0	162	255	5	0	54	0	0	0	0	0	0	0	0	2	0	52	56	4	0	162	257	5	0	54	0	0	0	0	0	0	0	0	0	0	0	0	1	0	0	0	2	0	52	56	5	0	162	267	25	33	98	0	0	0	28	4	22	0	0	6	0	0	0	7	0	0	0	0	0	0	0	6	0	0	0	5	0	54	56	48	66	294	292
273	259	48	53	33	245	17	8	18	48	53	33	4	40	27	19	86	146	165	94	231	16	0	9	17	8	18	2	0	23	13	19	16	90	86	48	53	33	5	0	0	12	16	13	33	16	4	40	27	19	86	146	165	94	217	15	0	0	16	0	9	2	0	14	0	17	0	45	79	17	8	18	0	0	0	0	0	8	18	0	2	0	23	13	19	16	90	86	45	53	33	6	0	0	0	10	8	0	19	5	0	0	12	16	13	33	16	4	40	27	19	83	146	165	94	203	13	0	0	15	0	0	2	0	0	0	15	0	0	77	16	0	9	0	0	0	0	0	0	9	0	2	0	14	0	17	0	45	79	14	8	18	0	0	0	0	0	0	0	0	0	0	0	0	0	8	18	0	2	0	23	13	16	16	90	86	40	53	33	9	0	0	0	10	16	0	0	6	0	0	0	10	8	0	19	5	0	0	12	16	13	33	16	2	40	27	19	77	146	165	94
239	227	21	11	78	215	4	0	20	21	11	78	5	0	15	35	46	11	78	360	203	3	0	7	4	0	20	0	0	13	17	5	0	20	309	21	11	78	0	0	0	24	2	0	0	16	5	0	15	35	46	11	78	360	191	3	0	0	3	0	7	0	0	4	0	3	0	7	278	4	0	20	0	0	0	0	1	0	0	0	0	0	13	17	5	0	20	309	19	11	78	0	0	0	0	3	0	0	0	0	0	0	24	2	0	0	16	5	0	15	35	44	11	78	360	179	3	0	0	3	0	0	0	0	0	0	3	0	0	276	3	0	7	0	0	0	0	0	0	0	0	0	0	4	0	3	0	7	278	2	0	20	0	0	0	0	0	0	0	0	0	0	0	0	1	0	0	0	0	0	13	17	3	0	20	309	19	11	78	1	0	0	0	10	0	0	0	0	0	0	0	3	0	0	0	0	0	0	24	2	0	0	16	5	0	15	35	44	11	78	360
359	340	52	34	180	321	32	0	120	52	34	180	8	0	52	108	70	51	360	408	302	30	0	118	32	0	120	5	0	43	104	29	0	240	238	52	34	180	9	0	0	21	19	34	0	0	8	0	52	108	70	51	360	408	283	26	0	118	30	0	118	3	0	43	104	25	0	236	212	32	0	120	0	0	0	21	0	0	0	0	5	0	43	104	29	0	240	238	51	34	180	12	0	16	0	12	34	0	0	9	0	0	21	19	34	0	0	8	0	52	108	69	51	360	408	264	10	0	110	26	0	118	2	0	43	91	21	0	236	176	30	0	118	0	0	0	16	0	0	0	0	3	0	43	104	25	0	236	212	31	0	120	0	0	16	0	0	0	0	0	0	0	0	21	0	0	0	0	5	0	43	104	28	0	240	238	43	34	180	0	0	156	28	1	0	0	19	12	0	16	0	12	34	0	0	9	0	0	21	19	34	0	0	6	0	52	108	60	51	360	408
246	233	28	12	106	220	12	0	39	28	12	106	5	0	8	63	47	12	106	486	207	11	0	38	12	0	39	4	0	0	60	11	0	39	258	28	12	106	7	0	0	12	16	12	0	0	5	0	8	63	47	12	106	486	194	8	0	38	11	0	38	2	0	0	60	9	0	38	219	12	0	39	0	0	0	12	0	0	0	0	4	0	0	60	11	0	39	258	27	12	106	6	0	0	0	8	24	0	0	7	0	0	12	16	12	0	0	5	0	8	63	46	12	106	486	181	6	0	38	8	0	38	2	0	0	60	7	0	38	176	11	0	38	0	0	0	12	0	0	0	0	2	0	0	60	9	0	38	219	11	0	39	0	0	0	0	0	0	0	0	0	0	0	12	0	0	0	0	4	0	0	60	10	0	39	258	22	12	106	0	0	0	0	0	0	0	0	6	0	0	0	8	24	0	0	7	0	0	12	16	12	0	0	3	0	8	63	41	12	106	486
239	226	58	47	33	213	27	12	25	58	47	33	31	0	49	0	82	129	165	33	200	20	7	25	27	12	25	5	0	41	0	21	24	125	18	58	47	33	4	35	0	0	15	49	0	0	31	0	49	0	82	129	165	33	187	17	0	25	20	7	25	3	0	41	0	12	14	125	9	27	12	25	0	0	0	0	0	0	0	0	5	0	41	0	21	24	125	18	57	47	33	8	0	16	0	10	14	33	0	4	35	0	0	15	49	0	0	31	0	49	0	81	129	165	33	174	14	0	25	17	0	25	2	0	41	0	10	0	125	0	20	7	25	0	0	0	0	0	0	0	0	3	0	41	0	12	14	125	9	26	12	25	0	0	16	0	0	0	25	0	0	0	0	0	0	0	0	0	5	0	41	0	20	24	125	18	44	47	33	0	0	16	0	0	0	0	0	8	0	16	0	10	14	33	0	4	35	0	0	15	49	0	0	29	0	49	0	73	129	165	33
323	303	67	119	85	283	44	81	39	67	119	85	31	34	8	69	91	140	255	290	263	42	81	34	44	81	39	28	34	0	58	51	66	117	184	63	119	85	10	0	0	35	19	24	0	0	31	34	8	69	87	140	255	290	244	39	75	18	42	81	34	26	34	0	31	47	66	102	165	41	81	39	3	0	0	22	4	0	0	0	28	34	0	58	48	66	117	184	51	100	85	4	72	0	43	13	24	0	16	10	0	0	35	19	24	0	0	25	34	8	69	72	121	255	290	227	29	51	0	39	75	18	26	34	0	0	45	63	54	136	39	81	34	3	0	0	0	4	0	0	0	26	34	0	31	44	66	102	165	31	64	39	4	0	0	0	5	0	0	0	3	0	0	22	4	0	0	0	22	34	0	58	34	49	117	184	41	66	85	3	0	93	0	5	0	170	28	4	72	0	43	13	24	0	16	10	0	0	35	19	24	0	0	15	0	8	69	60	87	255	290
186	176	39	24	26	166	17	0	0	39	24	26	15	0	8	0	61	60	104	192	156	13	0	0	17	0	0	4	0	0	0	17	0	0	130	39	24	26	7	0	0	0	13	24	0	0	15	0	8	0	61	60	104	192	146	10	0	0	13	0	0	2	0	0	0	11	0	0	111	17	0	0	0	0	0	0	0	0	0	0	4	0	0	0	17	0	0	130	38	24	26	6	0	0	0	8	12	0	0	7	0	0	0	13	24	0	0	15	0	8	0	60	60	104	192	136	8	0	0	10	0	0	2	0	0	0	9	0	0	82	13	0	0	0	0	0	0	0	0	0	0	2	0	0	0	11	0	0	111	16	0	0	0	0	0	0	0	0	0	0	0	0	0	0	0	0	0	0	4	0	0	0	16	0	0	130	31	24	26	0	0	0	0	0	0	0	0	6	0	0	0	8	12	0	0	7	0	0	0	13	24	0	0	13	0	8	0	53	60	104	192
273	255	58	94	85	237	39	80	28	58	94	85	40	35	0	44	61	69	85	430	219	31	67	27	39	80	28	15	22	0	43	30	67	28	223	58	94	85	8	22	25	11	4	0	85	0	40	35	0	44	61	69	85	430	201	24	45	27	31	67	27	14	0	0	43	19	45	27	215	39	80	28	8	0	16	11	4	0	28	0	15	22	0	43	30	67	28	223	52	94	85	2	0	94	0	2	0	170	0	8	22	25	11	4	0	85	0	40	35	0	44	58	69	85	430	186	24	45	27	24	45	27	14	0	0	43	17	45	27	199	31	67	27	8	0	16	11	4	0	27	0	14	0	0	43	19	45	27	215	36	80	28	2	0	64	0	2	0	56	0	8	0	16	11	4	0	28	0	15	22	0	43	28	67	28	223	34	49	85	0	0	0	0	0	0	0	0	2	0	94	0	2	0	170	0	8	22	25	11	4	0	85	0	32	35	0	44	47	24	85	430
298	281	55	74	77	264	29	22	61	55	74	77	30	88	36	41	60	140	308	59	247	19	0	61	29	22	61	9	0	36	41	21	22	244	25	55	74	77	4	0	64	0	2	0	154	0	30	88	36	41	60	140	308	59	230	14	0	61	19	0	61	0	0	36	41	7	0	244	25	29	22	61	0	0	55	0	2	0	122	0	9	0	36	41	21	22	244	25	55	74	77	0	0	44	0	1	0	0	0	4	0	64	0	2	0	154	0	30	88	36	41	60	140	308	59	213	14	0	61	14	0	61	0	0	36	41	7	0	244	25	19	0	61	0	0	55	0	2	0	122	0	0	0	36	41	7	0	244	25	29	22	61	0	0	42	0	1	0	0	0	0	0	55	0	2	0	122	0	9	0	36	41	21	22	244	25	42	74	77	0	0	0	0	0	0	0	0	0	0	44	0	1	0	0	0	4	0	64	0	2	0	154	0	30	88	36	41	54	140	308	59
220	206	41	53	55	192	23	33	8	41	53	55	28	18	0	40	47	55	110	324	178	16	24	0	23	33	8	4	0	0	0	17	42	16	184	41	53	55	2	0	7	0	0	0	55	33	28	18	0	40	47	55	110	324	164	12	24	0	16	24	0	2	0	0	0	8	24	0	177	23	33	8	0	0	0	0	0	0	8	18	4	0	0	0	17	42	16	184	38	53	55	0	0	24	0	0	0	0	0	2	0	7	0	0	0	55	33	28	18	0	40	45	55	110	324	152	12	24	0	12	24	0	2	0	0	0	7	24	0	161	16	24	0	0	0	0	0	0	0	0	9	2	0	0	0	8	24	0	177	22	33	8	0	0	0	0	0	0	0	0	0	0	0	0	0	0	8	18	4	0	0	0	16	42	16	184	27	29	55	0	0	0	0	0	0	0	0	0	0	24	0	0	0	0	0	2	0	7	0	0	0	55	33	26	18	0	40	39	31	110	324
177	167	40	21	25	157	22	0	0	40	21	25	30	0	0	0	47	42	75	144	147	14	0	0	22	0	0	4	0	0	0	20	0	0	64	40	21	25	2	0	7	0	0	0	0	0	30	0	0	0	47	42	75	144	137	10	0	0	14	0	0	2	0	0	0	9	0	0	59	22	0	0	0	0	0	0	0	0	0	0	4	0	0	0	20	0	0	64	39	21	25	0	0	24	0	0	0	0	0	2	0	7	0	0	0	0	0	30	0	0	0	46	42	75	144	127	10	0	0	10	0	0	2	0	0	0	8	0	0	43	14	0	0	0	0	0	0	0	0	0	0	2	0	0	0	9	0	0	59	21	0	0	0	0	0	0	0	0	0	0	0	0	0	0	0	0	0	0	4	0	0	0	19	0	0	64	30	21	25	0	0	0	0	0	0	0	0	0	0	24	0	0	0	0	0	2	0	7	0	0	0	0	0	28	0	0	0	39	42	75	144
231	216	55	81	7	201	29	41	0	55	81	7	41	75	0	0	51	95	35	33	186	24	26	0	29	41	0	30	0	0	0	30	15	0	25	55	81	7	14	0	7	0	3	0	21	0	41	75	0	0	51	95	35	33	171	22	26	0	24	26	0	28	0	0	0	22	0	0	25	29	41	0	12	0	0	0	3	0	0	0	30	0	0	0	30	15	0	25	55	81	7	0	0	0	0	2	0	0	0	14	0	7	0	3	0	21	0	41	75	0	0	51	95	35	33	158	22	26	0	22	26	0	28	0	0	0	22	0	0	25	24	26	0	12	0	0	0	3	0	0	0	28	0	0	0	22	0	0	25	29	41	0	0	0	0	0	2	0	0	0	12	0	0	0	3	0	0	0	30	0	0	0	30	15	0	25	41	55	7	0	0	0	0	0	0	0	0	0	0	0	0	2	0	0	0	14	0	7	0	3	0	21	0	41	75	0	0	45	95	35	33
284	267	45	60	90	250	22	0	64	45	60	90	34	0	135	36	27	36	450	109	233	20	0	64	22	0	64	28	0	95	36	18	0	320	61	45	60	90	12	0	28	0	5	0	0	0	34	0	135	36	27	36	450	109	216	20	0	64	20	0	64	28	0	95	36	18	0	320	61	22	0	64	12	0	26	0	5	0	0	0	28	0	95	36	18	0	320	61	45	60	90	0	0	0	0	3	0	0	0	12	0	28	0	5	0	0	0	34	0	135	36	27	36	450	109	199	20	0	64	20	0	64	28	0	95	36	18	0	320	61	20	0	64	12	0	26	0	5	0	0	0	28	0	95	36	18	0	320	61	22	0	64	0	0	0	0	3	0	0	0	12	0	26	0	5	0	0	0	28	0	95	36	18	0	320	61	34	60	90	0	0	0	0	0	0	0	0	0	0	0	0	3	0	0	0	12	0	28	0	5	0	0	0	34	0	135	36	26	36	450	109
169	159	25	9	42	149	5	0	10	25	9	42	0	0	66	0	13	0	42	164	139	5	0	10	5	0	10	0	0	20	0	2	0	10	69	25	9	42	0	0	0	0	0	0	0	0	0	0	66	0	13	0	42	164	129	5	0	10	5	0	10	0	0	20	0	2	0	10	61	5	0	10	0	0	0	0	0	0	0	0	0	0	20	0	2	0	10	69	25	9	42	0	0	0	0	0	0	0	0	0	0	0	0	0	0	0	0	0	0	66	0	13	0	42	164	119	5	0	10	5	0	10	0	0	20	0	2	0	10	61	5	0	10	0	0	0	0	0	0	0	0	0	0	20	0	2	0	10	61	5	0	10	0	0	0	0	0	0	0	0	0	0	0	0	0	0	0	0	0	0	20	0	2	0	10	69	20	9	42	0	0	0	0	0	0	0	0	0	0	0	0	0	0	0	0	0	0	0	0	0	0	0	0	0	0	66	0	11	0	42	164
150	141	21	18	14	132	4	0	9	21	18	14	0	0	51	0	8	0	42	7	123	4	0	9	4	0	9	0	0	36	0	0	0	27	0	21	18	14	0	0	0	0	0	0	0	0	0	0	51	0	8	0	42	7	114	4	0	9	4	0	9	0	0	36	0	0	0	27	0	4	0	9	0	0	0	0	0	0	0	0	0	0	36	0	0	0	27	0	21	18	14	0	0	0	0	0	0	0	0	0	0	0	0	0	0	0	0	0	0	51	0	8	0	42	7	105	4	0	9	4	0	9	0	0	36	0	0	0	27	0	4	0	9	0	0	0	0	0	0	0	0	0	0	36	0	0	0	27	0	4	0	9	0	0	0	0	0	0	0	0	0	0	0	0	0	0	0	0	0	0	36	0	0	0	27	0	17	18	14	0	0	0	0	0	0	0	0	0	0	0	0	0	0	0	0	0	0	0	0	0	0	0	0	0	0	51	0	8	0	42	7
153	144	30	0	43	135	10	0	0	30	0	43	2	0	57	0	18	0	0	249	126	8	0	0	10	0	0	0	0	0	0	5	0	0	97	30	0	43	0	0	22	0	0	0	0	0	2	0	57	0	18	0	0	249	117	8	0	0	8	0	0	0	0	0	0	5	0	0	88	10	0	0	0	0	0	0	0	0	0	0	0	0	0	0	5	0	0	97	30	0	43	0	0	0	0	0	0	0	0	0	0	22	0	0	0	0	0	2	0	57	0	18	0	0	249	108	8	0	0	8	0	0	0	0	0	0	5	0	0	88	8	0	0	0	0	0	0	0	0	0	0	0	0	0	0	5	0	0	88	10	0	0	0	0	0	0	0	0	0	0	0	0	0	0	0	0	0	0	0	0	0	0	5	0	0	97	22	0	43	0	0	0	0	0	0	0	0	0	0	0	0	0	0	0	0	0	0	22	0	0	0	0	0	2	0	57	0	13	0	0	249
170	159	29	34	16	148	14	10	0	29	34	16	28	0	37	0	24	6	64	84	137	14	10	0	14	10	0	28	0	0	0	16	0	0	61	29	34	16	12	0	0	0	3	0	0	0	28	0	37	0	24	6	64	84	126	14	10	0	14	10	0	28	0	0	0	16	0	0	61	14	10	0	12	0	0	0	3	0	0	0	28	0	0	0	16	0	0	61	29	34	16	0	0	0	0	2	0	0	0	12	0	0	0	3	0	0	0	28	0	37	0	24	6	64	84	116	14	10	0	14	10	0	28	0	0	0	16	0	0	61	14	10	0	12	0	0	0	3	0	0	0	28	0	0	0	16	0	0	61	14	10	0	0	0	0	0	2	0	0	0	12	0	0	0	3	0	0	0	28	0	0	0	16	0	0	61	23	24	16	0	0	0	0	0	0	0	0	0	0	0	0	2	0	0	0	12	0	0	0	3	0	0	0	28	0	37	0	24	6	64	84
238	220	52	80	128	202	41	56	103	52	80	128	46	0	115	112	52	14	256	90	184	41	56	59	41	56	103	46	0	111	13	52	14	206	64	52	80	128	20	0	0	84	13	0	0	224	46	0	115	112	52	14	256	90	166	41	56	50	41	56	59	46	0	85	13	52	14	118	64	41	56	103	20	0	0	45	13	0	0	97	46	0	111	13	52	14	206	64	49	80	128	2	0	0	32	7	0	0	33	20	0	0	84	13	0	0	224	46	0	115	112	51	14	256	90	152	41	56	50	41	56	50	46	0	83	13	52	14	100	64	41	56	59	20	0	0	45	13	0	0	88	46	0	85	13	52	14	118	64	39	56	103	2	0	0	32	7	0	0	25	20	0	0	45	13	0	0	97	46	0	111	13	51	14	206	64	30	24	128	0	0	0	0	2	0	0	0	2	0	0	32	7	0	0	33	20	0	0	84	13	0	0	224	40	0	115	112	40	0	256	90
160	150	2	0	84	140	2	0	47	2	0	84	0	0	0	47	0	0	0	162	130	2	0	47	2	0	47	0	0	0	47	0	0	0	83	2	0	84	0	0	0	0	0	0	0	0	0	0	0	47	0	0	0	162	120	2	0	47	2	0	47	0	0	0	47	0	0	0	83	2	0	47	0	0	0	0	0	0	0	0	0	0	0	47	0	0	0	83	2	0	84	0	0	0	0	0	0	0	0	0	0	0	0	0	0	0	0	0	0	0	47	0	0	0	162	110	2	0	47	2	0	47	0	0	0	47	0	0	0	83	2	0	47	0	0	0	0	0	0	0	0	0	0	0	47	0	0	0	83	2	0	47	0	0	0	0	0	0	0	0	0	0	0	0	0	0	0	0	0	0	0	47	0	0	0	83	0	0	84	0	0	0	0	0	0	0	0	0	0	0	0	0	0	0	0	0	0	0	0	0	0	0	0	0	0	0	47	0	0	0	162
260	243	28	16	137	226	22	16	99	28	16	137	28	0	41	130	25	0	0	120	209	22	16	82	22	16	99	28	0	39	60	25	0	0	73	28	16	137	12	0	0	13	7	0	0	84	28	0	41	130	25	0	0	120	192	22	16	82	22	16	82	28	0	37	60	25	0	0	73	22	16	99	12	0	0	13	7	0	0	61	28	0	39	60	25	0	0	73	28	16	137	0	0	0	0	4	0	0	0	12	0	0	13	7	0	0	84	28	0	41	130	25	0	0	120	176	22	16	82	22	16	82	28	0	37	60	25	0	0	73	22	16	82	12	0	0	13	7	0	0	61	28	0	37	60	25	0	0	73	22	16	99	0	0	0	0	4	0	0	0	12	0	0	13	7	0	0	61	28	0	39	60	25	0	0	73	18	0	137	0	0	0	0	0	0	0	0	0	0	0	0	4	0	0	0	12	0	0	13	7	0	0	84	28	0	41	130	24	0	0	120
128	120	14	0	45	112	13	0	20	14	0	45	28	0	0	9	16	0	0	120	104	13	0	20	13	0	20	28	0	0	9	16	0	0	73	14	0	45	12	0	0	0	3	0	0	0	28	0	0	9	16	0	0	120	96	13	0	20	13	0	20	28	0	0	9	16	0	0	73	13	0	20	12	0	0	0	3	0	0	0	28	0	0	9	16	0	0	73	14	0	45	0	0	0	0	2	0	0	0	12	0	0	0	3	0	0	0	28	0	0	9	16	0	0	120	88	13	0	20	13	0	20	28	0	0	9	16	0	0	73	13	0	20	12	0	0	0	3	0	0	0	28	0	0	9	16	0	0	73	13	0	20	0	0	0	0	2	0	0	0	12	0	0	0	3	0	0	0	28	0	0	9	16	0	0	73	9	0	45	0	0	0	0	0	0	0	0	0	0	0	0	2	0	0	0	12	0	0	0	3	0	0	0	28	0	0	9	16	0	0	120
247	224	53	183	85	201	29	144	60	53	183	85	20	384	71	48	40	216	85	106	178	26	132	54	29	144	60	15	336	69	22	28	192	60	64	53	183	85	9	144	0	13	8	36	0	7	20	384	71	48	40	216	85	106	155	24	132	54	26	132	54	12	336	67	22	27	192	54	64	29	144	60	5	144	0	13	8	36	0	0	15	336	69	22	28	192	60	64	51	183	85	0	0	0	0	4	24	0	0	9	144	0	13	8	36	0	7	20	384	71	48	40	216	85	106	135	24	132	54	24	132	54	12	336	67	22	27	192	54	64	26	132	54	5	144	0	13	8	36	0	0	12	336	67	22	27	192	54	64	27	144	60	0	0	0	0	4	24	0	0	5	144	0	13	8	36	0	0	15	336	69	22	28	192	60	64	29	123	85	0	0	0	0	2	0	0	0	0	0	0	0	4	24	0	0	9	144	0	13	8	36	0	7	17	384	71	48	35	216	85	106
174	158	66	90	55	142	49	68	55	66	90	55	38	10	75	0	110	100	165	0	126	47	68	55	49	68	55	37	10	75	0	97	92	165	0	57	90	55	10	0	0	0	10	14	0	0	38	10	75	0	103	100	165	0	114	44	68	55	47	68	55	34	10	75	0	89	92	165	0	46	68	55	9	0	0	0	6	0	0	0	37	10	75	0	94	92	165	0	41	42	55	24	0	0	0	6	21	0	0	10	0	0	0	10	14	0	0	32	10	75	0	73	28	165	0	102	40	64	50	44	68	55	32	10	75	0	81	92	165	0	44	68	55	8	0	0	0	6	0	0	0	34	10	75	0	86	92	165	0	30	20	55	21	0	0	0	1	0	0	0	9	0	0	0	6	0	0	0	31	10	75	0	64	20	165	0	37	42	55	22	44	11	47	14	25	0	0	24	0	0	0	6	21	0	0	10	0	0	0	10	14	0	0	22	10	75	0	66	28	165	0
207	186	68	154	76	165	44	140	74	68	154	76	36	176	22	20	84	218	0	0	144	42	136	74	44	140	74	34	176	22	20	60	210	0	0	66	154	76	11	56	0	0	16	28	0	0	36	176	22	20	83	218	0	0	126	41	122	73	42	136	74	32	164	22	20	59	204	0	0	44	140	74	10	40	0	0	6	20	0	0	34	176	22	20	60	210	0	0	49	100	76	13	164	0	13	13	14	0	0	11	56	0	0	16	28	0	0	36	176	22	20	67	182	0	0	110	37	110	68	41	122	73	32	140	22	20	59	188	0	0	42	136	74	10	40	0	0	6	20	0	0	32	164	22	20	59	204	0	0	30	92	74	2	140	0	12	3	10	0	0	10	40	0	0	6	20	0	0	34	176	22	20	45	178	0	0	37	68	76	4	120	11	50	10	30	0	0	13	164	0	13	13	14	0	0	11	56	0	0	16	28	0	0	24	80	22	20	56	134	0	0
196	178	54	88	128	160	48	82	95	54	88	128	58	71	0	130	68	74	0	213	142	46	77	93	48	82	95	56	66	0	126	65	69	0	163	54	88	128	20	55	0	25	13	22	0	0	58	71	0	130	68	74	0	213	124	45	77	78	46	77	93	54	66	0	110	64	66	0	113	48	82	95	19	55	0	13	13	22	0	0	56	66	0	126	65	69	0	163	45	88	128	16	0	0	62	7	11	0	85	20	55	0	25	13	22	0	0	58	71	0	130	64	74	0	213	111	45	77	74	45	77	78	54	66	0	108	64	66	0	104	46	77	93	19	55	0	13	13	22	0	0	54	66	0	110	64	66	0	113	42	82	95	16	0	0	57	7	11	0	28	19	55	0	13	13	22	0	0	56	66	0	126	62	69	0	163	26	23	128	12	0	0	56	6	0	0	0	16	0	0	62	7	11	0	85	20	55	0	25	13	22	0	0	44	71	0	130	53	35	0	213
189	172	50	77	107	155	44	71	89	50	77	107	36	72	0	77	60	62	0	128	138	42	68	87	44	71	89	34	72	0	73	56	59	0	103	49	77	107	10	33	0	25	8	22	0	0	36	72	0	77	59	62	0	128	123	41	66	71	42	68	87	32	66	0	59	55	56	0	59	44	71	89	9	33	0	13	8	22	0	0	34	72	0	73	56	59	0	103	37	47	107	14	22	0	62	4	11	0	85	10	33	0	25	8	22	0	0	36	72	0	77	49	47	0	128	111	41	66	55	41	66	71	32	66	0	59	55	55	0	50	42	68	87	9	33	0	13	8	22	0	0	32	66	0	59	55	56	0	59	35	47	89	14	22	0	25	4	11	0	28	9	33	0	13	8	22	0	0	34	72	0	73	47	47	0	103	17	11	107	12	0	0	40	7	0	0	85	14	22	0	62	4	11	0	85	10	33	0	25	8	22	0	0	22	0	0	77	32	11	0	128
180	164	55	69	87	148	40	55	87	55	69	87	30	44	42	0	64	94	87	0	132	40	55	87	40	55	87	30	44	42	0	58	88	87	0	46	69	87	8	0	0	0	9	0	0	0	30	44	42	0	57	94	87	0	120	40	55	83	40	55	87	30	44	42	0	58	88	87	0	37	55	87	8	0	0	0	5	0	0	0	30	44	42	0	55	88	87	0	29	21	87	19	0	0	49	9	0	0	0	8	0	0	0	9	0	0	0	24	44	42	0	35	22	87	0	109	38	55	64	40	55	83	30	44	42	0	58	88	83	0	37	55	87	8	0	0	0	5	0	0	0	30	44	42	0	55	88	87	0	22	11	87	17	0	0	12	2	0	0	0	8	0	0	0	5	0	0	0	24	44	42	0	34	22	87	0	21	10	87	18	0	11	72	12	10	0	85	19	0	0	49	9	0	0	0	8	0	0	0	9	0	0	0	10	0	42	0	25	0	87	0
156	144	36	45	39	132	16	17	38	36	45	39	22	24	27	11	71	103	156	0	120	12	11	38	16	17	38	9	0	27	11	41	57	152	0	36	45	39	5	0	0	0	4	0	39	0	22	24	27	11	71	103	156	0	108	10	11	38	12	11	38	5	0	27	11	28	33	152	0	16	17	38	0	0	0	0	2	0	38	0	9	0	27	11	41	57	152	0	36	45	39	4	0	0	0	0	0	0	0	5	0	0	0	4	0	39	0	22	24	27	11	71	103	156	0	96	10	10	38	10	11	38	5	0	27	11	22	33	152	0	12	11	38	0	0	0	0	2	0	38	0	5	0	27	11	28	33	152	0	16	17	38	4	0	0	0	0	0	0	0	0	0	0	0	2	0	38	0	9	0	27	11	41	57	152	0	36	45	39	7	10	0	0	3	0	0	0	4	0	0	0	0	0	0	0	5	0	0	0	4	0	39	0	22	24	27	11	71	103	156	0
165	151	61	67	25	137	35	55	17	61	67	25	32	45	6	11	127	153	25	55	123	29	47	17	35	55	17	13	37	6	11	81	122	17	55	61	67	25	9	7	0	0	7	9	25	0	32	45	6	11	127	153	25	55	109	26	37	17	29	47	17	8	30	6	11	61	91	17	55	35	55	17	5	0	0	0	4	8	17	0	13	37	6	11	81	122	17	55	49	67	25	6	27	0	0	0	0	25	0	9	7	0	0	7	9	25	0	32	45	6	11	103	153	25	55	95	23	33	17	26	37	17	6	27	6	11	53	64	17	55	29	47	17	4	0	0	0	4	7	17	0	8	30	6	11	61	91	17	55	23	55	17	5	24	0	0	0	0	17	0	5	0	0	0	4	8	17	0	13	37	6	11	57	122	17	55	49	67	25	16	33	0	0	6	13	0	0	6	27	0	0	0	0	25	0	9	7	0	0	7	9	25	0	32	45	6	11	103	153	25	55
163	150	44	63	6	137	17	32	6	44	63	6	18	72	6	0	102	165	24	0	124	13	16	6	17	32	6	10	12	6	0	47	96	24	0	44	63	6	5	16	0	0	8	11	18	0	18	72	6	0	102	165	24	0	111	10	11	6	13	16	6	7	0	6	0	32	48	24	0	17	32	6	4	0	0	0	3	8	18	0	10	12	6	0	47	96	24	0	43	63	6	6	11	0	0	0	0	6	0	5	16	0	0	8	11	18	0	18	72	6	0	98	165	24	0	98	9	8	6	10	11	6	5	0	6	0	24	33	24	0	13	16	6	3	0	0	0	3	4	18	0	7	0	6	0	32	48	24	0	16	32	6	6	8	0	0	0	0	6	0	4	0	0	0	3	8	18	0	10	12	6	0	43	96	24	0	43	63	6	6	24	0	0	2	0	0	0	6	11	0	0	0	0	6	0	5	16	0	0	8	11	18	0	18	72	6	0	98	165	24	0
129	117	52	44	55	105	41	43	32	52	44	55	29	8	0	64	95	88	0	142	93	38	42	32	41	43	32	25	8	0	64	82	87	0	142	43	44	55	5	7	0	0	3	7	0	0	29	8	0	64	88	88	0	142	83	34	41	32	38	42	32	22	7	0	64	73	86	0	142	37	43	32	4	7	0	0	3	7	0	0	25	8	0	64	78	87	0	142	26	24	55	7	7	14	0	0	0	0	0	5	7	0	0	3	7	0	0	21	8	0	64	53	38	0	142	73	32	32	32	34	41	32	20	7	0	64	63	85	0	138	34	42	32	3	7	0	0	3	7	0	0	22	7	0	64	69	86	0	142	20	23	32	6	7	11	0	0	0	0	0	4	7	0	0	3	7	0	0	17	8	0	64	43	37	0	142	25	24	55	12	18	0	0	4	9	55	0	7	7	14	0	0	0	0	0	5	7	0	0	3	7	0	0	17	8	0	64	51	38	0	142
148	135	62	62	33	122	37	56	21	62	62	33	36	45	0	53	131	175	0	55	109	31	46	21	37	56	21	17	40	0	53	77	160	0	55	54	62	33	6	29	0	0	7	16	33	0	36	45	0	53	124	175	0	55	97	28	31	21	31	46	21	13	25	0	53	60	126	0	55	33	56	21	1	25	0	0	3	13	21	0	17	40	0	53	73	160	0	55	40	50	33	5	20	14	0	0	0	66	0	6	29	0	0	7	16	33	0	28	45	0	53	93	127	0	55	85	27	24	21	28	31	21	13	12	0	53	52	91	0	55	27	46	21	1	18	0	0	3	12	21	0	13	25	0	53	56	126	0	55	19	44	21	5	18	11	0	0	0	42	0	1	25	0	0	3	13	21	0	9	40	0	53	42	112	0	55	40	50	33	16	6	0	0	4	0	33	0	5	20	14	0	0	0	66	0	6	29	0	0	7	16	33	0	28	45	0	53	93	127	0	55
117	108	14	0	52	99	5	0	37	14	0	52	3	0	18	39	33	0	0	45	90	4	0	37	5	0	37	0	0	0	39	15	0	0	44	14	0	52	0	0	4	0	1	0	0	0	3	0	18	39	33	0	0	45	81	4	0	37	4	0	37	0	0	0	39	12	0	0	44	5	0	37	0	0	0	0	1	0	0	0	0	0	0	39	15	0	0	44	14	0	52	1	0	0	0	0	0	0	0	0	0	4	0	1	0	0	0	3	0	18	39	33	0	0	45	72	4	0	37	4	0	37	0	0	0	39	12	0	0	44	4	0	37	0	0	0	0	0	0	0	0	0	0	0	39	12	0	0	44	5	0	37	1	0	0	0	0	0	0	0	0	0	0	0	1	0	0	0	0	0	0	39	15	0	0	44	14	0	52	4	0	0	0	0	0	0	0	1	0	0	0	0	0	0	0	0	0	4	0	1	0	0	0	3	0	18	39	33	0	0	45
127	117	22	21	17	107	8	0	0	22	21	17	7	0	25	0	48	35	51	70	97	6	0	0	8	0	0	3	0	0	0	19	0	0	61	22	21	17	0	0	11	0	4	0	0	0	7	0	25	0	48	35	51	70	87	6	0	0	6	0	0	3	0	0	0	13	0	0	61	8	0	0	0	0	0	0	2	0	0	0	3	0	0	0	19	0	0	61	22	21	17	4	0	0	0	0	0	0	0	0	0	11	0	4	0	0	0	7	0	25	0	48	35	51	70	77	6	0	0	6	0	0	3	0	0	0	13	0	0	61	6	0	0	0	0	0	0	0	0	0	0	3	0	0	0	13	0	0	61	8	0	0	4	0	0	0	0	0	0	0	0	0	0	0	2	0	0	0	3	0	0	0	19	0	0	61	22	21	17	8	0	0	0	1	0	0	0	4	0	0	0	0	0	0	0	0	0	11	0	4	0	0	0	7	0	25	0	48	35	51	70
90	83	13	6	10	76	3	0	0	13	6	10	3	0	18	0	28	0	10	45	69	2	0	0	3	0	0	0	0	0	0	9	0	0	44	13	6	10	0	0	4	0	1	0	0	0	3	0	18	0	28	0	10	45	62	2	0	0	2	0	0	0	0	0	0	6	0	0	44	3	0	0	0	0	0	0	1	0	0	0	0	0	0	0	9	0	0	44	13	6	10	1	0	0	0	0	0	0	0	0	0	4	0	1	0	0	0	3	0	18	0	28	0	10	45	55	2	0	0	2	0	0	0	0	0	0	6	0	0	44	2	0	0	0	0	0	0	0	0	0	0	0	0	0	0	6	0	0	44	3	0	0	1	0	0	0	0	0	0	0	0	0	0	0	1	0	0	0	0	0	0	0	9	0	0	44	13	6	10	4	0	0	0	0	0	0	0	1	0	0	0	0	0	0	0	0	0	4	0	1	0	0	0	3	0	18	0	28	0	10	45
63	58	10	6	4	53	2	0	0	10	6	4	3	0	12	0	21	3	8	6	48	1	0	0	2	0	0	0	0	0	0	6	0	0	6	10	6	4	0	0	4	0	1	0	0	0	3	0	12	0	21	3	8	6	43	1	0	0	1	0	0	0	0	0	0	3	0	0	6	2	0	0	0	0	0	0	1	0	0	0	0	0	0	0	6	0	0	6	10	6	4	1	0	0	0	0	0	0	0	0	0	4	0	1	0	0	0	3	0	12	0	21	3	8	6	38	1	0	0	1	0	0	0	0	0	0	3	0	0	6	1	0	0	0	0	0	0	0	0	0	0	0	0	0	0	3	0	0	6	2	0	0	1	0	0	0	0	0	0	0	0	0	0	0	1	0	0	0	0	0	0	0	6	0	0	6	10	6	4	3	0	0	0	0	0	0	0	1	0	0	0	0	0	0	0	0	0	4	0	1	0	0	0	3	0	12	0	21	3	8	6
64	59	6	4	6	54	1	0	0	6	4	6	0	0	6	0	12	0	6	39	49	1	0	0	1	0	0	0	0	0	0	3	0	0	38	6	4	6	0	0	0	0	0	0	0	0	0	0	6	0	12	0	6	39	44	1	0	0	1	0	0	0	0	0	0	3	0	0	38	1	0	0	0	0	0	0	0	0	0	0	0	0	0	0	3	0	0	38	6	4	6	0	0	0	0	0	0	0	0	0	0	0	0	0	0	0	0	0	0	6	0	12	0	6	39	39	1	0	0	1	0	0	0	0	0	0	3	0	0	38	1	0	0	0	0	0	0	0	0	0	0	0	0	0	0	3	0	0	38	1	0	0	0	0	0	0	0	0	0	0	0	0	0	0	0	0	0	0	0	0	0	0	3	0	0	38	6	4	6	1	0	0	0	0	0	0	0	0	0	0	0	0	0	0	0	0	0	0	0	0	0	0	0	0	0	6	0	12	0	6	39
120	110	16	0	35	100	1	0	11	16	0	35	0	0	15	16	40	0	0	37	90	1	0	7	1	0	11	0	0	11	0	3	0	0	0	16	0	35	0	0	0	0	6	0	0	6	0	0	15	16	40	0	0	37	80	1	0	7	1	0	7	0	0	7	0	3	0	0	0	1	0	11	0	0	0	0	0	0	0	6	0	0	11	0	3	0	0	0	16	0	35	1	0	0	0	0	0	0	0	0	0	0	0	6	0	0	6	0	0	15	16	40	0	0	37	70	0	0	7	1	0	7	0	0	7	0	3	0	0	0	1	0	7	0	0	0	0	0	0	0	6	0	0	7	0	3	0	0	0	1	0	11	0	0	0	0	0	0	0	0	0	0	0	0	0	0	0	6	0	0	11	0	3	0	0	0	16	0	35	0	0	8	0	0	0	0	0	1	0	0	0	0	0	0	0	0	0	0	0	6	0	0	6	0	0	15	16	40	0	0	37
93	85	18	15	7	77	1	0	7	18	15	7	3	0	7	0	51	30	21	0	69	0	0	7	1	0	7	0	0	7	0	3	0	21	0	18	15	7	0	0	0	0	7	5	0	0	3	0	7	0	51	30	21	0	61	0	0	7	0	0	7	0	0	7	0	0	0	21	0	1	0	7	0	0	0	0	0	0	0	0	0	0	7	0	3	0	21	0	18	15	7	0	0	0	0	0	0	0	0	0	0	0	0	7	5	0	0	3	0	7	0	51	30	21	0	53	0	0	7	0	0	7	0	0	7	0	0	0	21	0	0	0	7	0	0	0	0	0	0	0	0	0	0	7	0	0	0	21	0	1	0	7	0	0	0	0	0	0	0	0	0	0	0	0	0	0	0	0	0	0	7	0	3	0	21	0	18	15	7	0	0	0	0	0	0	0	0	0	0	0	0	0	0	0	0	0	0	0	0	7	5	0	0	3	0	7	0	51	30	21	0
164	150	36	40	46	136	12	0	30	36	40	46	14	0	35	47	98	100	184	17	122	9	0	7	12	0	30	5	0	30	0	30	0	120	0	36	40	46	3	0	6	0	11	20	0	103	14	0	35	47	98	100	184	17	108	8	0	7	9	0	7	4	0	7	0	21	0	28	0	12	0	30	1	0	6	0	1	0	0	82	5	0	30	0	30	0	120	0	35	40	46	6	0	6	0	0	0	0	0	3	0	6	0	11	20	0	103	14	0	35	47	94	100	184	17	94	2	0	7	8	0	7	3	0	7	0	18	0	28	0	9	0	7	0	0	0	0	0	0	0	82	4	0	7	0	21	0	28	0	11	0	30	0	0	6	0	0	0	0	0	1	0	6	0	1	0	0	82	5	0	30	0	26	0	120	0	35	40	46	1	0	48	0	1	0	0	0	6	0	6	0	0	0	0	0	3	0	6	0	11	20	0	103	14	0	35	47	94	100	184	17
115	105	28	25	8	95	4	0	4	28	25	8	7	0	8	16	81	75	40	0	85	2	0	0	4	0	4	0	0	4	0	10	0	20	0	27	25	8	0	0	0	0	9	10	0	6	7	0	8	16	80	75	40	0	75	2	0	0	2	0	0	0	0	0	0	4	0	0	0	3	0	4	0	0	0	0	0	0	0	6	0	0	4	0	9	0	20	0	27	25	8	1	0	0	0	0	0	0	0	0	0	0	0	9	10	0	6	7	0	8	16	80	75	40	0	65	1	0	0	2	0	0	0	0	0	0	4	0	0	0	1	0	0	0	0	0	0	0	0	0	6	0	0	0	0	3	0	0	0	3	0	4	0	0	0	0	0	0	0	0	0	0	0	0	0	0	0	6	0	0	4	0	9	0	20	0	27	25	8	0	0	8	0	0	0	0	0	1	0	0	0	0	0	0	0	0	0	0	0	9	10	0	6	7	0	8	16	80	75	40	0
83	76	13	6	10	69	0	0	0	13	6	10	0	0	0	0	34	6	10	21	62	0	0	0	0	0	0	0	0	0	0	0	0	0	0	13	6	10	0	0	0	0	6	0	0	0	0	0	0	0	34	6	10	21	55	0	0	0	0	0	0	0	0	0	0	0	0	0	0	0	0	0	0	0	0	0	0	0	0	0	0	0	0	0	0	0	0	0	13	6	10	0	0	0	0	0	0	0	0	0	0	0	0	6	0	0	0	0	0	0	0	34	6	10	21	48	0	0	0	0	0	0	0	0	0	0	0	0	0	0	0	0	0	0	0	0	0	0	0	0	0	0	0	0	0	0	0	0	0	0	0	0	0	0	0	0	0	0	0	0	0	0	0	0	0	0	0	0	0	0	0	0	0	0	0	0	13	6	10	0	0	0	0	0	0	0	0	0	0	0	0	0	0	0	0	0	0	0	0	6	0	0	0	0	0	0	0	34	6	10	21
152	138	32	24	70	124	11	0	46	32	24	70	14	0	7	27	84	84	140	61	110	7	0	46	11	0	46	3	0	6	27	24	0	92	41	29	24	70	1	0	7	0	5	12	0	0	14	0	7	27	81	84	140	61	96	6	0	38	7	0	46	2	0	6	21	14	0	92	14	8	0	46	0	0	6	0	0	0	0	0	3	0	6	27	21	0	92	41	26	24	70	0	0	7	28	0	0	0	33	1	0	7	0	5	12	0	0	12	0	7	27	71	84	140	61	82	6	0	35	6	0	38	2	0	0	21	13	0	76	14	4	0	46	0	0	6	0	0	0	0	0	2	0	6	21	11	0	92	14	5	0	46	0	0	6	22	0	0	0	21	0	0	6	0	0	0	0	0	1	0	6	27	11	0	92	41	26	24	70	0	0	0	33	0	0	0	0	0	0	7	28	0	0	0	33	1	0	7	0	5	12	0	0	12	0	7	27	71	84	140	61
149	135	43	43	47	121	17	10	22	41	43	47	14	30	7	38	103	139	141	61	107	14	0	17	15	10	22	6	0	6	25	32	30	66	41	39	43	47	1	0	7	23	5	10	47	0	14	30	7	38	101	139	141	61	93	9	0	0	12	0	17	5	0	6	0	25	0	51	14	13	10	22	0	0	6	0	0	0	22	0	6	0	6	25	30	30	66	41	35	43	47	0	0	45	0	0	0	0	64	1	0	7	23	5	10	47	0	12	30	7	38	89	139	141	61	79	8	0	0	7	0	0	2	0	0	0	15	0	0	14	10	0	17	0	0	6	0	0	0	17	0	5	0	6	0	23	0	51	14	9	10	22	0	0	38	0	0	0	0	44	0	0	6	0	0	0	22	0	4	0	6	25	18	30	66	41	35	43	47	0	0	9	0	1	0	0	0	0	0	45	0	0	0	0	64	1	0	7	23	5	10	47	0	12	30	7	38	89	139	141	61
98	89	24	8	26	80	7	0	0	24	8	26	12	0	0	0	69	24	26	71	71	4	0	0	7	0	0	2	0	0	0	15	0	0	41	22	8	26	0	0	0	0	4	8	0	0	12	0	0	0	67	24	26	71	62	4	0	0	4	0	0	2	0	0	0	8	0	0	14	5	0	0	0	0	0	0	0	0	0	0	2	0	0	0	13	0	0	41	20	8	26	0	0	0	0	0	0	0	0	0	0	0	0	4	8	0	0	10	0	0	0	61	24	26	71	53	4	0	0	4	0	0	2	0	0	0	8	0	0	14	2	0	0	0	0	0	0	0	0	0	0	2	0	0	0	6	0	0	14	3	0	0	0	0	0	0	0	0	0	0	0	0	0	0	0	0	0	0	0	0	0	0	7	0	0	41	20	8	26	0	0	0	0	0	0	0	0	0	0	0	0	0	0	0	0	0	0	0	0	4	8	0	0	10	0	0	0	61	24	26	71
115	104	40	34	15	93	13	6	0	37	34	15	11	24	0	0	84	108	60	54	82	11	0	0	10	6	0	5	0	0	0	18	18	0	34	32	34	15	0	0	0	0	4	6	15	0	8	24	0	0	78	108	60	54	71	11	0	0	8	0	0	5	0	0	0	14	0	0	7	5	6	0	0	0	0	0	0	0	0	0	2	0	0	0	12	18	0	34	29	34	15	0	0	0	0	0	0	0	0	0	0	0	0	4	6	15	0	6	24	0	0	70	108	60	54	60	11	0	0	8	0	0	5	0	0	0	14	0	0	7	3	0	0	0	0	0	0	0	0	0	0	2	0	0	0	8	0	0	7	2	6	0	0	0	0	0	0	0	0	0	0	0	0	0	0	0	0	0	0	0	0	0	4	18	0	34	29	34	15	0	0	0	0	0	0	0	0	0	0	0	0	0	0	0	0	0	0	0	0	4	6	15	0	6	24	0	0	70	108	60	54
107	96	46	35	5	85	17	10	0	42	35	5	21	0	0	0	88	100	25	8	75	14	10	0	14	10	0	11	0	0	0	28	10	0	4	35	25	5	0	0	0	0	4	5	0	0	18	0	0	0	79	90	25	8	65	14	10	0	11	10	0	11	0	0	0	21	10	0	0	7	0	0	0	0	0	0	0	0	0	0	8	0	0	0	19	0	0	4	31	25	5	0	0	0	0	0	0	0	0	0	0	0	0	4	5	0	0	10	0	0	0	67	90	25	8	55	14	10	0	11	10	0	11	0	0	0	21	10	0	0	4	0	0	0	0	0	0	0	0	0	0	8	0	0	0	12	0	0	0	3	0	0	0	0	0	0	0	0	0	0	0	0	0	0	0	0	0	0	0	0	0	0	7	0	0	4	31	25	5	0	0	0	0	0	0	0	0	0	0	0	0	0	0	0	0	0	0	0	0	4	5	0	0	10	0	0	0	67	90	25	8
153	135	58	94	57	117	26	56	14	53	94	57	11	63	25	14	95	187	171	163	100	24	45	13	22	56	14	10	30	7	12	44	116	42	68	40	77	57	1	0	16	6	0	0	57	0	8	63	25	14	82	170	171	163	85	23	45	13	20	45	13	9	30	6	12	42	105	39	63	15	41	14	1	0	14	6	0	0	14	0	7	30	7	12	35	101	42	68	28	47	57	0	0	7	0	0	0	0	0	0	0	16	6	0	0	57	0	2	33	25	14	50	80	171	163	70	23	45	0	19	45	13	9	30	6	0	41	105	39	38	13	30	13	1	0	13	0	0	0	13	0	6	30	6	12	33	90	39	63	3	11	14	0	0	7	0	0	0	0	0	0	0	14	6	0	0	14	0	1	0	7	12	3	11	42	68	28	47	57	5	0	0	0	2	0	0	88	0	0	7	0	0	0	0	0	0	0	16	6	0	0	57	0	2	33	25	14	50	80	171	163
116	104	46	32	33	92	23	0	0	42	32	33	15	0	16	0	82	56	132	137	80	22	0	0	19	0	0	12	0	0	0	35	0	0	68	33	32	33	1	0	0	0	0	0	0	0	12	0	16	0	72	56	132	137	68	22	0	0	18	0	0	12	0	0	0	34	0	0	63	10	0	0	1	0	0	0	0	0	0	0	9	0	0	0	25	0	0	68	24	32	33	0	0	0	0	0	0	0	0	0	0	0	0	0	0	0	0	3	0	16	0	48	56	132	137	56	22	0	0	18	0	0	12	0	0	0	34	0	0	38	9	0	0	1	0	0	0	0	0	0	0	9	0	0	0	24	0	0	63	1	0	0	0	0	0	0	0	0	0	0	0	0	0	0	0	0	0	0	0	0	0	0	1	0	0	68	24	32	33	0	0	0	0	0	0	0	0	0	0	0	0	0	0	0	0	0	0	0	0	0	0	0	0	3	0	16	0	48	56	132	137
99	87	42	41	21	77	19	20	0	40	21	21	14	0	16	0	76	42	63	67	67	18	20	0	17	0	0	11	0	0	0	33	0	0	22	32	21	21	1	0	0	0	0	0	0	0	11	0	16	0	66	42	63	67	57	18	20	0	16	0	0	11	0	0	0	32	0	0	17	9	0	0	1	0	0	0	0	0	0	0	8	0	0	0	23	0	0	22	24	21	21	0	0	0	0	0	0	0	0	0	0	0	0	0	0	0	0	3	0	16	0	44	42	63	67	47	18	20	0	16	0	0	11	0	0	0	32	0	0	0	8	0	0	1	0	0	0	0	0	0	0	8	0	0	0	22	0	0	17	1	0	0	0	0	0	0	0	0	0	0	0	0	0	0	0	0	0	0	0	0	0	0	1	0	0	22	24	21	21	0	0	0	0	0	0	0	0	0	0	0	0	0	0	0	0	0	0	0	0	0	0	0	0	3	0	16	0	44	42	63	67
94	81	44	57	11	69	23	36	0	37	45	11	22	27	6	0	69	42	33	20	60	22	36	0	20	27	0	19	27	0	0	35	36	0	0	26	18	11	1	0	0	0	0	0	0	0	22	0	6	0	57	6	33	20	51	22	36	0	19	27	0	19	27	0	0	34	36	0	0	9	0	0	1	0	0	0	0	0	0	0	19	0	0	0	23	0	0	0	18	18	11	0	0	0	0	0	0	0	0	0	0	0	0	0	0	0	0	3	0	6	0	35	6	33	20	42	22	36	0	19	27	0	19	27	0	0	34	36	0	0	8	0	0	1	0	0	0	0	0	0	0	19	0	0	0	22	0	0	0	1	0	0	0	0	0	0	0	0	0	0	0	0	0	0	0	0	0	0	0	0	0	0	1	0	0	0	18	18	11	0	0	0	0	0	0	0	0	0	0	0	0	0	0	0	0	0	0	0	0	0	0	0	0	3	0	6	0	35	6	33	20
107	92	55	81	5	77	25	50	0	47	81	5	19	60	0	0	82	143	25	5	65	24	50	0	21	50	0	16	60	0	0	37	100	0	0	30	45	5	1	0	0	0	0	0	0	0	16	60	0	0	66	95	25	5	55	24	50	0	20	50	0	16	60	0	0	36	100	0	0	10	20	0	1	0	0	0	0	0	0	0	13	60	0	0	25	60	0	0	21	25	5	0	0	0	0	0	0	0	0	0	0	0	0	0	0	0	0	3	0	0	0	42	35	25	5	45	24	50	0	20	50	0	16	60	0	0	36	100	0	0	9	20	0	1	0	0	0	0	0	0	0	13	60	0	0	24	60	0	0	1	0	0	0	0	0	0	0	0	0	0	0	0	0	0	0	0	0	0	0	0	0	0	1	0	0	0	21	25	5	0	0	0	0	0	0	0	0	0	0	0	0	0	0	0	0	0	0	0	0	0	0	0	0	3	0	0	0	42	35	25	5
108	95	35	39	64	82	20	12	25	32	39	64	8	0	21	63	68	96	192	116	69	20	12	7	17	12	25	8	0	9	7	38	24	75	14	26	39	64	1	0	0	14	0	0	0	62	8	0	21	63	62	96	192	116	57	20	12	6	17	12	7	8	0	7	6	38	24	21	13	13	12	25	1	0	0	12	0	0	0	22	8	0	9	7	33	24	75	14	13	27	64	0	0	0	6	0	0	0	0	0	0	0	14	0	0	0	62	0	0	21	63	29	72	192	116	45	20	12	6	17	12	6	8	0	6	6	38	24	18	13	13	12	7	1	0	0	12	0	0	0	17	8	0	7	6	33	24	21	13	0	0	25	0	0	0	6	0	0	0	0	0	0	0	12	0	0	0	22	0	0	9	7	0	0	75	14	13	27	64	10	0	0	0	5	0	0	0	0	0	0	6	0	0	0	0	0	0	0	14	0	0	0	62	0	0	21	63	29	72	192	116
85	74	36	19	37	64	26	19	0	33	9	37	22	0	11	0	66	18	0	127	54	26	18	0	23	9	0	22	0	0	0	43	18	0	14	18	9	37	0	9	0	0	0	0	0	0	19	0	11	0	50	18	0	127	45	26	18	0	23	9	0	22	0	0	0	43	18	0	13	10	9	0	0	9	0	0	0	0	0	0	19	0	0	0	28	18	0	14	8	0	37	0	0	0	0	0	0	0	0	0	0	0	0	0	0	0	0	0	0	11	0	22	0	0	127	36	26	18	0	23	9	0	22	0	0	0	43	18	0	13	10	9	0	0	9	0	0	0	0	0	0	19	0	0	0	28	18	0	13	0	0	0	0	0	0	0	0	0	0	0	0	0	0	0	0	0	0	0	0	0	0	0	0	0	0	14	8	0	37	0	0	0	0	0	0	0	0	0	0	0	0	0	0	0	0	0	0	0	0	0	0	0	0	0	0	11	0	22	0	0	127
102	89	46	46	31	76	27	22	0	43	46	31	19	0	11	0	81	130	93	116	63	27	22	0	24	22	0	19	0	0	0	44	66	0	14	27	46	31	1	0	0	0	0	0	0	0	19	0	11	0	66	130	93	116	52	27	22	0	24	22	0	19	0	0	0	44	66	0	13	14	22	0	1	0	0	0	0	0	0	0	19	0	0	0	33	66	0	14	13	24	31	0	0	0	0	0	0	0	0	0	0	0	0	0	0	0	0	0	0	11	0	33	64	93	116	41	27	22	0	24	22	0	19	0	0	0	44	66	0	13	14	22	0	1	0	0	0	0	0	0	0	19	0	0	0	33	66	0	13	0	0	0	0	0	0	0	0	0	0	0	0	0	0	0	0	0	0	0	0	0	0	0	0	0	0	14	13	24	31	10	0	0	0	5	0	0	0	0	0	0	0	0	0	0	0	0	0	0	0	0	0	0	0	0	0	11	0	33	64	93	116
67	58	31	21	19	49	21	14	0	29	21	19	19	7	0	0	59	44	19	49	41	21	14	0	19	14	0	19	7	0	0	35	14	0	0	16	13	19	1	0	0	0	0	0	0	0	16	7	0	0	44	44	19	49	34	21	14	0	19	14	0	19	7	0	0	35	14	0	0	8	7	0	1	0	0	0	0	0	0	0	16	7	0	0	21	14	0	0	8	6	19	0	0	0	0	0	0	0	0	0	0	0	0	0	0	0	0	0	0	0	0	23	30	19	49	27	21	14	0	19	14	0	19	7	0	0	35	14	0	0	8	7	0	1	0	0	0	0	0	0	0	16	7	0	0	21	14	0	0	0	0	0	0	0	0	0	0	0	0	0	0	0	0	0	0	0	0	0	0	0	0	0	0	0	0	0	8	6	19	5	0	0	0	3	0	0	0	0	0	0	0	0	0	0	0	0	0	0	0	0	0	0	0	0	0	0	0	23	30	19	49
61	49	31	45	11	37	15	35	0	23	45	11	10	50	0	0	41	72	0	16	30	15	35	0	13	35	0	10	50	0	0	24	60	0	0	10	10	11	1	0	0	0	0	0	0	0	7	50	0	0	29	30	0	16	25	15	35	0	13	35	0	10	50	0	0	24	60	0	0	6	10	0	1	0	0	0	0	0	0	0	7	50	0	0	16	30	0	0	4	0	11	0	0	0	0	0	0	0	0	0	0	0	0	0	0	0	0	0	0	0	0	13	0	0	16	20	15	35	0	13	35	0	10	50	0	0	24	60	0	0	6	10	0	1	0	0	0	0	0	0	0	7	50	0	0	16	30	0	0	0	0	0	0	0	0	0	0	0	0	0	0	0	0	0	0	0	0	0	0	0	0	0	0	0	0	0	4	0	11	0	0	0	0	0	0	0	0	0	0	0	0	0	0	0	0	0	0	0	0	0	0	0	0	0	0	0	0	13	0	0	16
141	123	35	45	140	105	8	0	140	35	45	140	6	0	121	0	66	90	420	0	87	6	0	140	8	0	140	0	0	121	0	12	0	420	0	35	45	140	0	0	34	0	4	0	0	0	6	0	121	0	66	90	420	0	69	6	0	138	6	0	140	0	0	121	0	10	0	420	0	8	0	140	0	0	34	0	0	0	0	0	0	0	121	0	12	0	420	0	29	45	140	1	0	0	20	3	0	0	0	0	0	34	0	4	0	0	0	6	0	121	0	56	90	420	0	51	5	0	133	6	0	138	0	0	120	0	10	0	414	0	6	0	140	0	0	34	0	0	0	0	0	0	0	121	0	10	0	420	0	2	0	140	0	0	0	16	0	0	0	0	0	0	34	0	0	0	0	0	0	0	121	0	2	0	420	0	29	45	140	10	0	0	42	12	15	0	0	1	0	0	20	3	0	0	0	0	0	34	0	4	0	0	0	6	0	121	0	56	90	420	0
84	73	33	28	45	62	7	0	45	33	28	45	3	0	63	0	55	70	180	0	51	5	0	45	7	0	45	0	0	63	0	4	0	180	0	33	28	45	0	0	21	0	7	0	0	0	3	0	63	0	55	70	180	0	40	5	0	45	5	0	45	0	0	63	0	4	0	180	0	7	0	45	0	0	21	0	0	0	0	0	0	0	63	0	4	0	180	0	28	28	45	9	0	0	0	5	0	0	0	0	0	21	0	7	0	0	0	3	0	63	0	51	70	180	0	29	2	0	45	5	0	45	0	0	63	0	4	0	180	0	5	0	45	0	0	21	0	0	0	0	0	0	0	63	0	4	0	180	0	2	0	45	0	0	0	0	0	0	0	0	0	0	21	0	0	0	0	0	0	0	63	0	0	0	180	0	28	28	45	7	0	0	0	6	21	0	0	9	0	0	0	5	0	0	0	0	0	21	0	7	0	0	0	3	0	63	0	51	70	180	0
96	82	37	43	70	68	16	33	49	37	43	70	2	0	28	43	64	87	70	95	54	16	33	36	16	33	49	2	0	28	9	33	77	49	25	29	43	70	0	0	0	16	0	0	0	57	2	0	28	43	59	87	70	95	43	16	33	33	16	33	36	2	0	27	7	33	77	36	7	15	33	49	0	0	0	14	0	0	0	14	2	0	28	9	32	77	49	25	14	10	70	1	0	0	23	0	0	0	0	0	0	0	16	0	0	0	57	0	0	28	43	27	10	70	95	32	15	30	31	16	33	33	2	0	26	6	33	77	33	6	15	33	36	0	0	0	13	0	0	0	13	2	0	27	7	32	77	36	7	0	0	49	0	0	0	20	0	0	0	0	0	0	0	14	0	0	0	14	0	0	28	9	0	0	49	25	14	10	70	13	30	0	14	8	10	0	0	1	0	0	23	0	0	0	0	0	0	0	16	0	0	0	57	0	0	28	43	27	10	70	95
73	63	26	23	27	53	8	9	10	26	23	27	0	0	10	0	53	30	54	95	43	8	9	10	8	9	10	0	0	10	0	17	9	20	25	25	23	27	0	0	0	0	1	0	0	0	0	0	10	0	53	30	54	95	34	8	9	9	8	9	10	0	0	10	0	17	9	20	7	8	9	10	0	0	0	0	0	0	0	0	0	0	10	0	17	9	20	25	17	14	27	1	0	0	9	1	0	0	0	0	0	0	0	1	0	0	0	0	0	10	0	36	21	54	95	25	7	7	8	8	9	9	0	0	9	0	17	9	18	6	8	9	10	0	0	0	0	0	0	0	0	0	0	10	0	17	9	20	7	0	0	10	0	0	0	8	0	0	0	0	0	0	0	0	0	0	0	0	0	0	10	0	0	0	20	25	17	14	27	8	14	0	8	9	7	0	0	1	0	0	9	1	0	0	0	0	0	0	0	1	0	0	0	0	0	10	0	36	21	54	95
94	81	38	47	23	68	12	12	0	38	47	23	1	0	0	0	63	117	115	114	55	12	12	0	12	12	0	1	0	0	0	20	12	0	25	36	47	23	0	0	0	0	10	0	0	0	1	0	0	0	63	117	115	114	43	12	12	0	12	12	0	1	0	0	0	20	12	0	7	11	12	0	0	0	0	0	0	0	0	0	1	0	0	0	20	12	0	25	25	35	23	9	0	0	0	7	0	0	0	0	0	0	0	10	0	0	0	0	0	0	0	43	105	115	114	31	9	7	0	12	12	0	1	0	0	0	20	12	0	6	11	12	0	0	0	0	0	0	0	0	0	1	0	0	0	20	12	0	7	0	0	0	0	0	0	0	0	0	0	0	0	0	0	0	0	0	0	0	0	0	0	0	0	0	0	25	25	35	23	5	35	0	0	6	21	0	0	9	0	0	0	7	0	0	0	0	0	0	0	10	0	0	0	0	0	0	0	43	105	115	114
128	109	37	35	153	90	18	18	98	37	35	153	6	0	56	100	52	18	153	305	71	18	18	98	18	18	98	6	0	54	100	26	18	98	244	36	35	153	4	0	0	0	12	0	0	0	6	0	56	100	52	18	153	305	53	16	17	97	18	18	98	6	0	54	99	26	18	98	231	18	18	98	0	0	0	0	0	0	0	0	6	0	54	100	26	18	98	244	20	17	153	14	17	20	7	8	0	0	0	4	0	0	0	12	0	0	0	6	0	56	100	29	0	153	305	35	0	0	96	16	17	97	0	0	54	96	23	17	97	225	18	18	98	0	0	0	0	0	0	0	0	6	0	54	99	26	18	98	231	2	0	98	0	0	20	7	0	0	0	0	0	0	0	0	0	0	0	0	6	0	54	100	3	0	98	244	18	17	153	0	0	136	9	0	0	153	0	14	17	20	7	8	0	0	0	4	0	0	0	12	0	0	0	0	0	56	100	26	0	153	305
110	94	35	28	121	78	12	0	80	35	28	121	10	0	101	64	37	42	242	235	62	11	0	80	12	0	80	7	0	98	64	9	0	160	195	35	28	121	7	0	0	0	11	14	0	0	10	0	101	64	37	42	242	235	46	8	0	80	11	0	80	6	0	98	64	9	0	160	195	12	0	80	0	0	0	0	0	0	0	0	7	0	98	64	9	0	160	195	26	28	121	15	0	20	0	7	14	0	0	7	0	0	0	11	14	0	0	10	0	101	64	31	42	242	235	30	0	0	80	8	0	80	0	0	98	64	6	0	160	192	11	0	80	0	0	0	0	0	0	0	0	6	0	98	64	9	0	160	195	3	0	80	0	0	20	0	0	0	0	0	0	0	0	0	0	0	0	0	7	0	98	64	3	0	160	195	23	28	121	0	0	44	0	0	0	0	0	15	0	20	0	7	14	0	0	7	0	0	0	11	14	0	0	3	0	101	64	28	42	242	235
88	75	27	30	64	62	9	0	31	27	30	64	8	0	23	41	28	40	192	208	49	6	0	31	9	0	31	3	0	21	41	4	0	93	185	27	30	64	4	0	0	0	7	30	0	0	8	0	23	41	28	40	192	208	36	4	0	31	6	0	31	0	0	21	41	3	0	93	185	9	0	31	0	0	0	0	0	0	0	0	3	0	21	41	4	0	93	185	21	30	64	9	0	0	0	5	20	0	0	4	0	0	0	7	30	0	0	8	0	23	41	25	40	192	208	23	0	0	31	4	0	31	0	0	21	41	3	0	93	183	6	0	31	0	0	0	0	0	0	0	0	0	0	21	41	3	0	93	185	3	0	31	0	0	0	0	0	0	0	0	0	0	0	0	0	0	0	0	3	0	21	41	1	0	93	185	18	30	64	0	0	7	0	0	0	0	0	9	0	0	0	5	20	0	0	4	0	0	0	7	30	0	0	5	0	23	41	24	40	192	208
100	85	44	50	84	70	14	0	76	44	50	84	14	0	151	17	44	100	420	23	55	11	0	76	14	0	76	9	0	149	17	9	0	380	0	44	50	84	8	0	0	0	11	30	0	0	14	0	151	17	44	100	420	23	40	7	0	76	11	0	76	6	0	149	17	8	0	380	0	14	0	76	0	0	0	0	0	0	0	0	9	0	149	17	9	0	380	0	35	50	84	15	0	20	0	7	20	0	0	8	0	0	0	11	30	0	0	14	0	151	17	39	100	420	23	25	0	0	76	7	0	76	0	0	149	17	5	0	380	0	11	0	76	0	0	0	0	0	0	0	0	6	0	149	17	8	0	380	0	5	0	76	0	0	20	0	0	0	0	0	0	0	0	0	0	0	0	0	9	0	149	17	4	0	380	0	30	50	84	0	0	37	0	0	0	0	0	15	0	20	0	7	20	0	0	8	0	0	0	11	30	0	0	5	0	151	17	35	100	420	23
86	72	35	56	39	58	12	24	25	35	56	39	14	0	65	0	36	60	156	68	44	9	24	25	12	24	25	9	0	65	0	8	12	100	45	34	56	39	8	0	0	0	11	24	0	0	14	0	65	0	36	60	156	68	32	5	16	25	9	24	25	6	0	65	0	7	12	100	45	12	24	25	0	0	0	0	0	0	0	0	9	0	65	0	8	12	100	45	27	32	39	7	64	20	0	7	16	0	0	8	0	0	0	11	24	0	0	14	0	65	0	32	48	156	68	20	0	0	25	5	16	25	0	0	65	0	4	8	100	45	9	24	25	0	0	0	0	0	0	0	0	6	0	65	0	7	12	100	45	5	0	25	0	0	20	0	0	0	0	0	0	0	0	0	0	0	0	0	9	0	65	0	4	0	100	45	22	32	39	0	0	37	0	0	0	78	0	7	64	20	0	7	16	0	0	8	0	0	0	11	24	0	0	5	0	65	0	28	48	156	68
108	90	26	0	188	72	13	0	115	26	0	188	14	0	28	192	21	0	0	461	54	8	0	112	13	0	115	9	0	28	186	8	0	0	310	26	0	188	4	0	28	38	0	0	0	0	14	0	28	192	21	0	0	461	36	0	0	112	8	0	112	0	0	28	186	4	0	0	310	13	0	115	0	0	20	38	0	0	0	0	9	0	28	186	8	0	0	310	18	0	188	0	0	75	0	0	0	0	0	4	0	28	38	0	0	0	0	14	0	28	192	17	0	0	461	18	0	0	112	0	0	112	0	0	28	186	0	0	0	309	8	0	112	0	0	20	38	0	0	0	0	0	0	28	186	4	0	0	310	5	0	115	0	0	30	0	0	0	0	0	0	0	20	38	0	0	0	0	9	0	28	186	4	0	0	310	13	0	188	0	0	0	0	0	0	0	0	0	0	75	0	0	0	0	0	4	0	28	38	0	0	0	0	5	0	28	192	13	0	0	461
82	67	24	57	61	52	8	23	19	24	57	61	16	43	62	0	18	30	183	308	37	3	10	19	8	23	19	2	10	62	0	2	0	57	212	24	57	61	1	30	36	0	0	0	61	0	16	43	62	0	18	30	183	308	23	0	0	19	3	10	19	0	0	62	0	1	0	57	212	8	23	19	0	0	36	0	0	0	19	0	2	10	62	0	2	0	57	212	21	43	61	0	0	16	0	0	0	61	0	1	30	36	0	0	0	61	0	16	43	62	0	17	30	183	308	10	0	0	19	0	0	19	0	0	62	0	0	0	57	212	3	10	19	0	0	36	0	0	0	19	0	0	0	62	0	1	0	57	212	5	10	19	0	0	0	0	0	0	19	0	0	0	36	0	0	0	19	0	2	10	62	0	1	0	57	212	13	30	61	0	0	0	0	0	0	0	0	0	0	16	0	0	0	61	0	1	30	36	0	0	0	61	0	14	30	62	0	16	30	183	308
86	71	27	44	89	56	8	0	79	27	44	89	20	0	89	0	15	55	356	84	41	2	0	79	8	0	79	3	0	89	0	1	0	316	76	27	44	89	4	0	36	0	0	0	0	0	20	0	89	0	15	55	356	84	26	0	0	79	2	0	79	0	0	89	0	0	0	316	76	8	0	79	0	0	36	0	0	0	0	0	3	0	89	0	1	0	316	76	25	44	89	0	0	0	0	0	0	0	0	4	0	36	0	0	0	0	0	20	0	89	0	15	55	356	84	11	0	0	79	0	0	79	0	0	89	0	0	0	316	76	2	0	79	0	0	36	0	0	0	0	0	0	0	89	0	0	0	316	76	6	0	79	0	0	0	0	0	0	0	0	0	0	36	0	0	0	0	0	3	0	89	0	1	0	316	76	14	44	89	0	0	0	0	0	0	0	0	0	0	0	0	0	0	0	0	4	0	36	0	0	0	0	0	17	0	89	0	14	55	356	84
118	98	26	36	212	78	10	0	186	26	36	212	20	0	75	134	18	36	424	123	58	4	0	185	10	0	186	3	0	75	131	2	0	372	101	26	36	212	4	0	36	17	0	0	0	0	20	0	75	134	18	36	424	123	38	0	0	185	4	0	185	0	0	75	131	1	0	370	101	10	0	186	0	0	36	17	0	0	0	0	3	0	75	131	2	0	372	101	22	36	212	0	0	16	0	0	0	0	0	4	0	36	17	0	0	0	0	20	0	75	134	17	36	424	123	18	0	0	185	0	0	185	0	0	75	131	0	0	370	101	4	0	185	0	0	36	17	0	0	0	0	0	0	75	131	1	0	370	101	6	0	186	0	0	0	0	0	0	0	0	0	0	36	17	0	0	0	0	3	0	75	131	1	0	372	101	14	36	212	0	0	0	0	0	0	0	0	0	0	16	0	0	0	0	0	4	0	36	17	0	0	0	0	17	0	75	134	16	36	424	123
100	82	39	61	128	64	22	43	94	39	61	128	33	58	59	70	31	43	128	187	46	8	14	94	22	43	94	13	28	59	70	13	14	94	132	39	61	128	3	14	152	0	0	0	256	0	33	58	59	70	31	43	128	187	29	0	0	94	8	14	94	0	0	59	70	4	0	94	132	22	43	94	0	0	144	0	0	0	188	0	13	28	59	70	13	14	94	132	30	44	128	0	0	80	0	0	0	128	0	3	14	152	0	0	0	256	0	33	58	59	70	27	43	128	187	14	0	0	94	0	0	94	0	0	59	70	0	0	94	132	8	14	94	0	0	144	0	0	0	188	0	0	0	59	70	4	0	94	132	14	28	94	0	0	52	0	0	0	94	0	0	0	144	0	0	0	188	0	13	28	59	70	9	14	94	132	14	14	128	0	0	0	0	0	0	0	0	0	0	80	0	0	0	128	0	3	14	152	0	0	0	256	0	20	28	59	70	18	28	128	187
55	44	12	0	97	33	1	0	46	12	0	97	1	0	58	137	0	0	0	362	22	0	0	46	1	0	46	0	0	36	137	0	0	0	284	12	0	97	0	0	10	0	0	0	0	0	1	0	58	137	0	0	0	362	11	0	0	46	0	0	46	0	0	36	137	0	0	0	283	1	0	46	0	0	0	0	0	0	0	0	0	0	36	137	0	0	0	284	11	0	97	0	0	0	0	0	0	0	0	0	0	10	0	0	0	0	0	1	0	58	137	0	0	0	362	0	0	0	46	0	0	46	0	0	36	137	0	0	0	283	0	0	46	0	0	0	0	0	0	0	0	0	0	36	137	0	0	0	283	0	0	46	0	0	0	0	0	0	0	0	0	0	0	0	0	0	0	0	0	0	36	137	0	0	0	284	0	0	97	0	0	0	0	0	0	0	0	0	0	0	0	0	0	0	0	0	0	10	0	0	0	0	0	0	0	58	137	0	0	0	362
39	31	8	7	31	23	1	0	7	8	7	31	1	0	10	21	0	0	31	150	15	0	0	7	1	0	7	0	0	0	21	0	0	7	98	8	7	31	0	0	10	0	0	0	0	0	1	0	10	21	0	0	31	150	7	0	0	7	0	0	7	0	0	0	21	0	0	7	98	1	0	7	0	0	0	0	0	0	0	0	0	0	0	21	0	0	7	98	7	7	31	0	0	0	0	0	0	0	0	0	0	10	0	0	0	0	0	1	0	10	21	0	0	31	150	0	0	0	7	0	0	7	0	0	0	21	0	0	7	98	0	0	7	0	0	0	0	0	0	0	0	0	0	0	21	0	0	7	98	0	0	7	0	0	0	0	0	0	0	0	0	0	0	0	0	0	0	0	0	0	0	21	0	0	7	98	0	0	31	0	0	0	0	0	0	0	0	0	0	0	0	0	0	0	0	0	0	10	0	0	0	0	0	0	0	10	21	0	0	31	150
58	46	18	20	81	34	2	0	23	18	20	81	3	0	146	59	4	0	162	490	22	0	0	23	2	0	23	0	0	91	59	0	0	46	378	18	20	81	0	0	24	0	0	0	0	0	3	0	146	59	4	0	162	490	10	0	0	23	0	0	23	0	0	91	59	0	0	46	377	2	0	23	0	0	0	0	0	0	0	0	0	0	91	59	0	0	46	378	16	20	81	0	0	0	0	0	0	0	0	0	0	24	0	0	0	0	0	3	0	146	59	4	0	162	490	0	0	0	23	0	0	23	0	0	91	59	0	0	46	377	0	0	23	0	0	0	0	0	0	0	0	0	0	91	59	0	0	46	377	0	0	23	0	0	0	0	0	0	0	0	0	0	0	0	0	0	0	0	0	0	91	59	0	0	46	378	0	0	81	0	0	0	0	0	0	0	0	0	0	0	0	0	0	0	0	0	0	24	0	0	0	0	0	0	0	146	59	0	0	162	490
38	30	8	12	27	22	0	0	12	8	12	27	0	0	48	48	0	0	54	89	14	0	0	12	0	0	12	0	0	36	48	0	0	24	79	8	12	27	0	0	0	0	0	0	0	0	0	0	48	48	0	0	54	89	6	0	0	12	0	0	12	0	0	36	48	0	0	24	79	0	0	12	0	0	0	0	0	0	0	0	0	0	36	48	0	0	24	79	8	12	27	0	0	0	0	0	0	0	0	0	0	0	0	0	0	0	0	0	0	48	48	0	0	54	89	0	0	0	12	0	0	12	0	0	36	48	0	0	24	79	0	0	12	0	0	0	0	0	0	0	0	0	0	36	48	0	0	24	79	0	0	12	0	0	0	0	0	0	0	0	0	0	0	0	0	0	0	0	0	0	36	48	0	0	24	79	0	0	27	0	0	0	0	0	0	0	0	0	0	0	0	0	0	0	0	0	0	0	0	0	0	0	0	0	0	48	48	0	0	54	89
33	26	8	10	16	19	0	0	12	8	10	16	0	0	48	48	0	0	32	0	12	0	0	12	0	0	12	0	0	36	48	0	0	24	0	8	10	16	0	0	0	0	0	0	0	0	0	0	48	48	0	0	32	0	5	0	0	12	0	0	12	0	0	36	48	0	0	24	0	0	0	12	0	0	0	0	0	0	0	0	0	0	36	48	0	0	24	0	8	10	16	0	0	0	0	0	0	0	0	0	0	0	0	0	0	0	0	0	0	48	48	0	0	32	0	0	0	0	12	0	0	12	0	0	36	48	0	0	24	0	0	0	12	0	0	0	0	0	0	0	0	0	0	36	48	0	0	24	0	0	0	12	0	0	0	0	0	0	0	0	0	0	0	0	0	0	0	0	0	0	36	48	0	0	24	0	0	0	16	0	0	0	0	0	0	0	0	0	0	0	0	0	0	0	0	0	0	0	0	0	0	0	0	0	0	48	48	0	0	32	0
46	34	12	20	110	22	0	0	109	12	20	110	0	0	133	12	11	10	220	0	10	0	0	105	0	0	109	0	0	133	11	0	0	218	0	11	20	110	0	0	0	50	0	0	0	0	0	0	133	12	10	10	220	0	0	0	0	101	0	0	105	0	0	125	11	0	0	210	0	0	0	109	0	0	0	42	0	0	0	0	0	0	133	11	0	0	218	0	0	0	110	0	0	0	40	0	0	0	0	0	0	0	50	0	0	0	0	0	0	133	12	0	0	220	0	0	0	0	101	0	0	101	0	0	113	11	0	0	202	0	0	0	105	0	0	0	42	0	0	0	0	0	0	125	11	0	0	210	0	0	0	109	0	0	0	40	0	0	0	0	0	0	0	42	0	0	0	0	0	0	133	11	0	0	218	0	0	0	0	0	0	0	0	0	0	0	0	0	0	0	40	0	0	0	0	0	0	0	50	0	0	0	0	0	0	0	12	0	0	0	0
48	36	6	0	116	24	0	0	111	6	0	116	0	0	41	76	3	0	0	0	12	0	0	105	0	0	111	0	0	41	59	0	0	0	0	6	0	116	0	0	0	70	0	0	0	0	0	0	41	76	3	0	0	0	0	0	0	105	0	0	105	0	0	39	59	0	0	0	0	0	0	111	0	0	0	70	0	0	0	0	0	0	41	59	0	0	0	0	0	0	116	0	0	0	0	0	0	0	0	0	0	0	70	0	0	0	0	0	0	41	76	0	0	0	0	0	0	0	105	0	0	105	0	0	39	59	0	0	0	0	0	0	105	0	0	0	70	0	0	0	0	0	0	39	59	0	0	0	0	0	0	111	0	0	0	0	0	0	0	0	0	0	0	70	0	0	0	0	0	0	41	59	0	0	0	0	0	0	0	0	0	0	0	0	0	0	0	0	0	0	0	0	0	0	0	0	0	0	70	0	0	0	0	0	0	0	76	0	0	0	0
43	32	8	10	85	21	0	0	83	8	10	85	0	0	87	26	4	0	85	0	10	0	0	65	0	0	83	0	0	86	11	0	0	83	0	8	10	85	0	0	0	50	0	0	0	128	0	0	87	26	4	0	85	0	0	0	0	61	0	0	65	0	0	64	11	0	0	65	0	0	0	83	0	0	0	42	0	0	0	94	0	0	86	11	0	0	83	0	0	0	85	0	0	0	40	0	0	0	0	0	0	0	50	0	0	0	128	0	0	87	26	0	0	85	0	0	0	0	61	0	0	61	0	0	52	11	0	0	61	0	0	0	65	0	0	0	42	0	0	0	94	0	0	64	11	0	0	65	0	0	0	83	0	0	0	40	0	0	0	0	0	0	0	42	0	0	0	94	0	0	86	11	0	0	83	0	0	0	0	0	0	0	0	0	0	0	0	0	0	0	40	0	0	0	0	0	0	0	50	0	0	0	128	0	0	0	26	0	0	0	0
48	36	1	0	107	24	0	0	81	1	0	107	0	0	0	76	0	0	0	124	12	0	0	76	0	0	81	0	0	0	59	0	0	0	47	1	0	107	0	0	0	59	0	0	0	0	0	0	0	76	0	0	0	124	0	0	0	76	0	0	76	0	0	0	59	0	0	0	47	0	0	81	0	0	0	59	0	0	0	0	0	0	0	59	0	0	0	47	0	0	107	0	0	0	0	0	0	0	0	0	0	0	59	0	0	0	0	0	0	0	76	0	0	0	124	0	0	0	76	0	0	76	0	0	0	59	0	0	0	47	0	0	76	0	0	0	59	0	0	0	0	0	0	0	59	0	0	0	47	0	0	81	0	0	0	0	0	0	0	0	0	0	0	59	0	0	0	0	0	0	0	59	0	0	0	47	0	0	0	0	0	0	0	0	0	0	0	0	0	0	0	0	0	0	0	0	0	0	59	0	0	0	0	0	0	0	76	0	0	0	124
48	36	3	0	103	24	0	0	66	3	0	103	0	0	28	120	0	0	0	155	12	0	0	37	0	0	66	0	0	24	59	0	0	0	54	3	0	103	0	0	0	59	0	0	0	189	0	0	28	120	0	0	0	155	0	0	0	37	0	0	37	0	0	0	59	0	0	0	54	0	0	66	0	0	0	59	0	0	0	113	0	0	24	59	0	0	0	54	0	0	103	0	0	0	0	0	0	0	0	0	0	0	59	0	0	0	189	0	0	28	120	0	0	0	155	0	0	0	37	0	0	37	0	0	0	59	0	0	0	54	0	0	37	0	0	0	59	0	0	0	113	0	0	0	59	0	0	0	54	0	0	66	0	0	0	0	0	0	0	0	0	0	0	59	0	0	0	113	0	0	24	59	0	0	0	54	0	0	0	0	0	0	0	0	0	0	0	0	0	0	0	0	0	0	0	0	0	0	59	0	0	0	189	0	0	0	120	0	0	0	155
41	27	11	13	124	13	0	0	106	10	13	124	0	0	42	113	7	13	124	110	0	0	0	106	0	0	106	0	0	42	113	0	0	106	109	0	0	124	0	0	0	0	0	0	0	0	0	0	42	113	0	0	124	110	0	0	0	103	0	0	106	0	0	42	106	0	0	106	105	0	0	106	0	0	0	0	0	0	0	0	0	0	42	113	0	0	106	109	0	0	0	0	0	0	39	0	0	0	0	0	0	0	0	0	0	0	0	0	0	0	113	0	0	0	110	0	0	0	98	0	0	103	0	0	42	98	0	0	103	101	0	0	106	0	0	0	0	0	0	0	0	0	0	42	106	0	0	106	105	0	0	0	0	0	0	31	0	0	0	0	0	0	0	0	0	0	0	0	0	0	0	113	0	0	0	109	0	0	0	0	0	0	51	0	0	0	0	0	0	0	39	0	0	0	0	0	0	0	0	0	0	0	0	0	0	0	0	0	0	0	0
47	30	19	52	112	13	0	0	111	16	52	112	0	0	112	11	16	39	448	0	0	0	0	111	0	0	111	0	0	112	11	0	0	444	0	0	0	112	0	0	0	0	0	0	0	0	0	0	112	11	0	0	448	0	0	0	0	111	0	0	111	0	0	112	11	0	0	444	0	0	0	111	0	0	0	0	0	0	0	0	0	0	112	11	0	0	444	0	0	0	0	0	0	0	0	0	0	0	0	0	0	0	0	0	0	0	0	0	0	0	11	0	0	0	0	0	0	0	108	0	0	111	0	0	112	11	0	0	444	0	0	0	111	0	0	0	0	0	0	0	0	0	0	112	11	0	0	444	0	0	0	0	0	0	0	0	0	0	0	0	0	0	0	0	0	0	0	0	0	0	0	11	0	0	0	0	0	0	0	0	0	0	30	0	0	0	0	0	0	0	0	0	0	0	0	0	0	0	0	0	0	0	0	0	0	0	0	0	0	0	0
33	22	2	0	120	11	0	0	91	2	0	120	0	0	0	122	1	0	0	195	0	0	0	87	0	0	91	0	0	0	117	0	0	0	192	0	0	120	0	0	0	44	0	0	0	0	0	0	0	122	0	0	0	195	0	0	0	56	0	0	87	0	0	0	72	0	0	0	170	0	0	91	0	0	0	0	0	0	0	0	0	0	0	117	0	0	0	192	0	0	0	0	0	0	71	0	0	0	189	0	0	0	44	0	0	0	0	0	0	0	122	0	0	0	195	0	0	0	43	0	0	56	0	0	0	64	0	0	0	162	0	0	87	0	0	0	0	0	0	0	0	0	0	0	72	0	0	0	170	0	0	0	0	0	0	31	0	0	0	113	0	0	0	0	0	0	0	0	0	0	0	117	0	0	0	192	0	0	0	0	0	0	51	0	0	0	39	0	0	0	71	0	0	0	189	0	0	0	44	0	0	0	0	0	0	0	0	0	0	0	0
41	27	7	13	114	13	0	0	111	7	13	114	0	0	0	43	5	0	114	0	0	0	0	111	0	0	111	0	0	0	43	0	0	111	0	0	0	114	0	0	0	0	0	0	0	0	0	0	0	43	0	0	114	0	0	0	0	104	0	0	111	0	0	0	39	0	0	111	0	0	0	111	0	0	0	0	0	0	0	0	0	0	0	43	0	0	111	0	0	0	0	0	0	0	77	0	0	0	0	0	0	0	0	0	0	0	0	0	0	0	43	0	0	0	0	0	0	0	65	0	0	104	0	0	0	31	0	0	104	0	0	0	111	0	0	0	0	0	0	0	0	0	0	0	39	0	0	111	0	0	0	0	0	0	0	20	0	0	0	0	0	0	0	0	0	0	0	0	0	0	0	43	0	0	0	0	0	0	0	0	0	0	119	0	0	0	192	0	0	0	77	0	0	0	0	0	0	0	0	0	0	0	0	0	0	0	0	0	0	0	0
37	24	18	22	80	11	1	0	80	16	22	80	0	0	77	0	15	11	160	0	0	0	0	80	0	0	80	0	0	77	0	0	0	160	0	0	0	80	0	0	9	0	0	0	0	0	0	0	77	0	0	0	160	0	0	0	0	80	0	0	80	0	0	77	0	0	0	160	0	0	0	80	0	0	9	0	0	0	0	0	0	0	77	0	0	0	160	0	0	0	0	0	0	0	0	0	0	0	0	0	0	0	0	0	0	0	0	0	0	0	0	0	0	0	0	0	0	0	79	0	0	80	0	0	77	0	0	0	160	0	0	0	80	0	0	9	0	0	0	0	0	0	0	77	0	0	0	160	0	0	0	0	0	0	0	0	0	0	0	0	0	0	0	0	0	0	0	0	0	0	0	0	0	0	0	0	0	0	0	0	0	0	10	0	0	0	0	0	0	0	0	0	0	0	0	0	0	0	0	0	0	0	0	0	0	0	0	0	0	0	0
29	14	7	14	112	0	0	0	80	0	0	112	0	0	15	88	0	0	112	192	0	0	0	80	0	0	80	0	0	15	88	0	0	80	191	0	0	0	0	0	0	0	0	0	0	0	0	0	0	88	0	0	0	192	0	0	0	80	0	0	80	0	0	15	88	0	0	80	191	0	0	0	0	0	0	0	0	0	0	0	0	0	0	88	0	0	0	191	0	0	0	0	0	0	0	0	0	0	0	0	0	0	0	0	0	0	0	0	0	0	0	0	0	0	0	0	0	0	80	0	0	80	0	0	15	88	0	0	80	191	0	0	0	0	0	0	0	0	0	0	0	0	0	0	88	0	0	0	191	0	0	0	0	0	0	0	0	0	0	0	0	0	0	0	0	0	0	0	0	0	0	0	0	0	0	0	0	0	0	0	0	0	0	0	0	0	0	0	0	0	0	0	0	0	0	0	0	0	0	0	0	0	0	0	0	0	0	0	0	0	0
19	9	6	9	55	0	0	0	25	0	0	55	0	0	6	38	0	0	55	236	0	0	0	25	0	0	25	0	0	6	38	0	0	25	217	0	0	0	0	0	0	0	0	0	0	0	0	0	0	38	0	0	0	236	0	0	0	25	0	0	25	0	0	6	38	0	0	25	217	0	0	0	0	0	0	0	0	0	0	0	0	0	0	38	0	0	0	217	0	0	0	0	0	0	0	0	0	0	0	0	0	0	0	0	0	0	0	0	0	0	0	0	0	0	0	0	0	0	25	0	0	25	0	0	6	38	0	0	25	214	0	0	0	0	0	0	0	0	0	0	0	0	0	0	38	0	0	0	217	0	0	0	0	0	0	0	0	0	0	0	0	0	0	0	0	0	0	0	0	0	0	0	0	0	0	0	0	0	0	0	0	0	0	0	0	0	0	0	0	0	0	0	0	0	0	0	0	0	0	0	0	0	0	0	0	0	0	0	0	0	0
17	8	6	8	42	0	0	0	25	0	0	42	0	0	6	38	0	0	42	112	0	0	0	25	0	0	25	0	0	6	38	0	0	25	111	0	0	0	0	0	0	0	0	0	0	0	0	0	0	38	0	0	0	112	0	0	0	25	0	0	25	0	0	6	38	0	0	25	111	0	0	0	0	0	0	0	0	0	0	0	0	0	0	38	0	0	0	111	0	0	0	0	0	0	0	0	0	0	0	0	0	0	0	0	0	0	0	0	0	0	0	0	0	0	0	0	0	0	25	0	0	25	0	0	6	38	0	0	25	111	0	0	0	0	0	0	0	0	0	0	0	0	0	0	38	0	0	0	111	0	0	0	0	0	0	0	0	0	0	0	0	0	0	0	0	0	0	0	0	0	0	0	0	0	0	0	0	0	0	0	0	0	0	0	0	0	0	0	0	0	0	0	0	0	0	0	0	0	0	0	0	0	0	0	0	0	0	0	0	0	0
19	8	5	24	34	0	0	0	30	0	0	34	0	0	15	30	0	0	102	0	0	0	0	30	0	0	30	0	0	15	30	0	0	90	0	0	0	0	0	0	0	0	0	0	0	0	0	0	0	30	0	0	0	0	0	0	0	30	0	0	30	0	0	15	30	0	0	90	0	0	0	0	0	0	0	0	0	0	0	0	0	0	0	30	0	0	0	0	0	0	0	0	0	0	0	0	0	0	0	0	0	0	0	0	0	0	0	0	0	0	0	0	0	0	0	0	0	0	30	0	0	30	0	0	15	30	0	0	90	0	0	0	0	0	0	0	0	0	0	0	0	0	0	0	30	0	0	0	0	0	0	0	0	0	0	0	0	0	0	0	0	0	0	0	0	0	0	0	0	0	0	0	0	0	0	0	0	0	0	0	0	0	0	0	0	0	0	0	0	0	0	0	0	0	0	0	0	0	0	0	0	0	0	0	0	0	0	0	0	0	0
22	11	7	0	73	0	0	0	31	0	0	73	0	0	9	37	0	0	0	306	0	0	0	31	0	0	31	0	0	9	37	0	0	0	302	0	0	0	0	0	0	0	0	0	0	0	0	0	0	37	0	0	0	306	0	0	0	31	0	0	31	0	0	9	37	0	0	0	302	0	0	0	0	0	0	0	0	0	0	0	0	0	0	37	0	0	0	302	0	0	0	0	0	0	0	0	0	0	0	0	0	0	0	0	0	0	0	0	0	0	0	0	0	0	0	0	0	0	31	0	0	31	0	0	9	37	0	0	0	295	0	0	0	0	0	0	0	0	0	0	0	0	0	0	37	0	0	0	302	0	0	0	0	0	0	0	0	0	0	0	0	0	0	0	0	0	0	0	0	0	0	0	0	0	0	0	0	0	0	0	0	0	0	0	0	0	0	0	0	0	0	0	0	0	0	0	0	0	0	0	0	0	0	0	0	0	0	0	0	0	0
7	0	0	0	49	0	0	0	6	0	0	0	0	0	0	24	0	0	0	243	0	0	0	6	0	0	0	0	0	0	24	0	0	0	160	0	0	0	0	0	0	0	0	0	0	0	0	0	0	0	0	0	0	0	0	0	0	6	0	0	0	0	0	0	24	0	0	0	160	0	0	0	0	0	0	0	0	0	0	0	0	0	0	0	0	0	0	0	0	0	0	0	0	0	0	0	0	0	0	0	0	0	0	0	0	0	0	0	0	0	0	0	0	0	0	0	0	0	6	0	0	0	0	0	0	24	0	0	0	160	0	0	0	0	0	0	0	0	0	0	0	0	0	0	0	0	0	0	0	0	0	0	0	0	0	0	0	0	0	0	0	0	0	0	0	0	0	0	0	0	0	0	0	0	0	0	0	0	0	0	0	0	0	0	0	0	0	0	0	0	0	0	0	0	0	0	0	0	0	0	0	0	0	0	0	0	0	0	0	0	0
8	0	0	0	40	0	0	0	29	0	0	0	0	0	0	27	0	0	0	34	0	0	0	28	0	0	0	0	0	0	27	0	0	0	30	0	0	0	0	0	0	9	0	0	0	0	0	0	0	0	0	0	0	0	0	0	0	28	0	0	0	0	0	0	27	0	0	0	30	0	0	0	0	0	0	9	0	0	0	0	0	0	0	0	0	0	0	0	0	0	0	0	0	0	0	0	0	0	0	0	0	0	0	0	0	0	0	0	0	0	0	0	0	0	0	0	0	0	28	0	0	0	0	0	0	27	0	0	0	30	0	0	0	0	0	0	9	0	0	0	0	0	0	0	0	0	0	0	0	0	0	0	0	0	0	0	0	0	0	0	0	0	0	0	0	0	0	0	0	0	0	0	0	0	0	0	0	0	0	0	0	0	0	0	0	0	0	0	0	0	0	0	0	0	0	0	0	0	0	0	0	0	0	0	0	0	0	0	0	0	0
4	0	0	0	10	0	0	0	10	0	0	0	0	0	0	0	0	0	0	0	0	0	0	10	0	0	0	0	0	0	0	0	0	0	0	0	0	0	0	0	0	0	0	0	0	0	0	0	0	0	0	0	0	0	0	0	0	10	0	0	0	0	0	0	0	0	0	0	0	0	0	0	0	0	0	0	0	0	0	0	0	0	0	0	0	0	0	0	0	0	0	0	0	0	0	0	0	0	0	0	0	0	0	0	0	0	0	0	0	0	0	0	0	0	0	0	0	0	10	0	0	0	0	0	0	0	0	0	0	0	0	0	0	0	0	0	0	0	0	0	0	0	0	0	0	0	0	0	0	0	0	0	0	0	0	0	0	0	0	0	0	0	0	0	0	0	0	0	0	0	0	0	0	0	0	0	0	0	0	0	0	0	0	0	0	0	0	0	0	0	0	0	0	0	0	0	0	0	0	0	0	0	0	0	0	0	0	0	0	0	0
4	0	0	0	8	0	0	0	0	0	0	0	0	0	0	0	0	0	0	34	0	0	0	0	0	0	0	0	0	0	0	0	0	0	30	0	0	0	0	0	0	0	0	0	0	0	0	0	0	0	0	0	0	0	0	0	0	0	0	0	0	0	0	0	0	0	0	0	30	0	0	0	0	0	0	0	0	0	0	0	0	0	0	0	0	0	0	0	0	0	0	0	0	0	0	0	0	0	0	0	0	0	0	0	0	0	0	0	0	0	0	0	0	0	0	0	0	0	0	0	0	0	0	0	0	0	0	0	0	30	0	0	0	0	0	0	0	0	0	0	0	0	0	0	0	0	0	0	0	0	0	0	0	0	0	0	0	0	0	0	0	0	0	0	0	0	0	0	0	0	0	0	0	0	0	0	0	0	0	0	0	0	0	0	0	0	0	0	0	0	0	0	0	0	0	0	0	0	0	0	0	0	0	0	0	0	0	0	0	0	0
2	0	0	0	0	0	0	0	0	0	0	0	0	0	0	0	0	0	0	0	0	0	0	0	0	0	0	0	0	0	0	0	0	0	0	0	0	0	0	0	0	0	0	0	0	0	0	0	0	0	0	0	0	0	0	0	0	0	0	0	0	0	0	0	0	0	0	0	0	0	0	0	0	0	0	0	0	0	0	0	0	0	0	0	0	0	0	0	0	0	0	0	0	0	0	0	0	0	0	0	0	0	0	0	0	0	0	0	0	0	0	0	0	0	0	0	0	0	0	0	0	0	0	0	0	0	0	0	0	0	0	0	0	0	0	0	0	0	0	0	0	0	0	0	0	0	0	0	0	0	0	0	0	0	0	0	0	0	0	0	0	0	0	0	0	0	0	0	0	0	0	0	0	0	0	0	0	0	0	0	0	0	0	0	0	0	0	0	0	0	0	0	0	0	0	0	0	0	0	0	0	0	0	0	0	0	0	0	0	0	0
