296	290	41	11	0	284	32	9	0	41	11	0	37	6	0	0	63	12	0	0	278	32	9	0	32	9	0	37	6	0	0	63	12	0	0	41	11	0	0	0	0	0	8	0	0	0	37	6	0	0	63	12	0	0	272	32	9	0	32	9	0	37	6	0	0	63	12	0	0	32	9	0	0	0	0	0	8	0	0	0	37	6	0	0	63	12	0	0	41	11	0	0	0	0	0	0	0	0	0	0	0	0	0	8	0	0	0	37	6	0	0	63	12	0	0	266	32	9	0	32	9	0	37	6	0	0	63	12	0	0	32	9	0	0	0	0	0	8	0	0	0	37	6	0	0	63	12	0	0	32	9	0	0	0	0	0	0	0	0	0	0	0	0	0	8	0	0	0	37	6	0	0	63	12	0	0	41	11	0	18	0	0	0	5	0	0	0	0	0	0	0	0	0	0	0	0	0	0	0	8	0	0	0	37	6	0	0	63	12	0	0
433	419	72	79	0	405	45	64	0	72	79	0	44	84	0	0	91	191	0	0	391	42	64	0	45	64	0	31	84	0	0	69	164	0	0	72	79	0	0	0	0	0	12	24	0	0	44	84	0	0	91	191	0	0	377	42	64	0	42	64	0	31	84	0	0	66	164	0	0	45	64	0	0	0	0	0	6	24	0	0	31	84	0	0	69	164	0	0	72	79	0	0	0	0	0	0	0	0	0	0	0	0	0	12	24	0	0	44	84	0	0	91	191	0	0	363	42	61	0	42	64	0	31	84	0	0	66	164	0	0	42	64	0	0	0	0	0	6	24	0	0	31	84	0	0	66	164	0	0	45	64	0	0	0	0	0	0	0	0	0	0	0	0	0	6	24	0	0	31	84	0	0	69	164	0	0	72	79	0	15	9	0	0	8	0	0	0	0	0	0	0	0	0	0	0	0	0	0	0	12	24	0	0	44	84	0	0	91	191	0	0
726	706	111	166	0	686	80	133	0	111	166	0	69	210	0	0	127	326	0	0	666	77	133	0	80	133	0	56	210	0	0	103	308	0	0	111	166	0	4	0	0	0	14	42	0	0	69	210	0	0	127	326	0	0	646	77	133	0	77	133	0	56	210	0	0	100	308	0	0	80	133	0	4	0	0	0	8	42	0	0	56	210	0	0	103	308	0	0	111	166	0	0	0	0	0	2	0	0	0	4	0	0	0	14	42	0	0	69	210	0	0	127	326	0	0	626	75	121	0	77	133	0	56	210	0	0	100	308	0	0	77	133	0	4	0	0	0	8	42	0	0	56	210	0	0	100	308	0	0	80	133	0	0	0	0	0	2	0	0	0	4	0	0	0	8	42	0	0	56	210	0	0	103	308	0	0	111	166	0	13	48	0	0	24	15	0	0	0	0	0	0	2	0	0	0	4	0	0	0	14	42	0	0	69	210	0	0	127	326	0	0
398	390	54	21	0	382	46	15	0	54	21	0	35	10	0	0	72	10	0	0	374	46	15	0	46	15	0	35	10	0	0	72	10	0	0	54	21	0	0	0	0	0	7	0	0	0	35	10	0	0	72	10	0	0	366	46	15	0	46	15	0	35	10	0	0	72	10	0	0	46	15	0	0	0	0	0	7	0	0	0	35	10	0	0	72	10	0	0	54	21	0	0	0	0	0	0	0	0	0	0	0	0	0	7	0	0	0	35	10	0	0	72	10	0	0	358	45	14	0	46	15	0	35	10	0	0	72	10	0	0	46	15	0	0	0	0	0	7	0	0	0	35	10	0	0	72	10	0	0	46	15	0	0	0	0	0	0	0	0	0	0	0	0	0	7	0	0	0	35	10	0	0	72	10	0	0	54	21	0	15	4	0	0	7	6	0	0	0	0	0	0	0	0	0	0	0	0	0	0	7	0	0	0	35	10	0	0	72	10	0	0
380	372	59	23	0	364	53	19	0	59	23	0	53	0	0	0	65	14	0	0	356	53	19	0	53	19	0	53	0	0	0	65	14	0	0	59	23	0	2	0	0	0	3	0	0	0	53	0	0	0	65	14	0	0	348	53	19	0	53	19	0	53	0	0	0	65	14	0	0	53	19	0	2	0	0	0	3	0	0	0	53	0	0	0	65	14	0	0	59	23	0	0	0	0	0	0	0	0	0	2	0	0	0	3	0	0	0	53	0	0	0	65	14	0	0	340	52	19	0	53	19	0	53	0	0	0	65	14	0	0	53	19	0	2	0	0	0	3	0	0	0	53	0	0	0	65	14	0	0	53	19	0	0	0	0	0	0	0	0	0	2	0	0	0	3	0	0	0	53	0	0	0	65	14	0	0	59	23	0	13	0	0	0	11	4	0	0	0	0	0	0	0	0	0	0	2	0	0	0	3	0	0	0	53	0	0	0	65	14	0	0
680	661	110	140	13	642	99	140	0	110	140	13	104	0	0	0	123	144	0	0	623	99	140	0	99	140	0	104	0	0	0	123	144	0	0	110	140	13	3	0	0	0	12	0	0	0	104	0	0	0	123	144	0	0	604	99	140	0	99	140	0	104	0	0	0	123	144	0	0	99	140	0	3	0	0	0	10	0	0	0	104	0	0	0	123	144	0	0	110	140	13	2	0	0	0	4	0	0	0	3	0	0	0	12	0	0	0	104	0	0	0	123	144	0	0	585	87	140	0	99	140	0	104	0	0	0	123	144	0	0	99	140	0	3	0	0	0	10	0	0	0	104	0	0	0	123	144	0	0	99	140	0	0	0	0	0	2	0	0	0	3	0	0	0	10	0	0	0	104	0	0	0	123	144	0	0	110	140	13	3	0	29	0	21	18	0	0	2	0	0	0	4	0	0	0	3	0	0	0	12	0	0	0	104	0	0	0	123	144	0	0
706	689	124	112	6	672	112	97	0	124	112	6	110	130	0	0	154	114	0	0	655	112	95	0	112	97	0	110	120	0	0	152	109	0	0	124	112	6	21	16	0	0	18	0	0	0	110	130	0	0	154	114	0	0	638	112	95	0	112	95	0	110	120	0	0	152	109	0	0	112	97	0	21	16	0	0	15	0	0	0	110	120	0	0	152	109	0	0	124	112	6	22	0	0	0	10	0	0	0	21	16	0	0	18	0	0	0	110	130	0	0	154	114	0	0	621	104	95	0	112	95	0	110	120	0	0	152	109	0	0	112	95	0	21	16	0	0	15	0	0	0	110	120	0	0	152	109	0	0	112	97	0	20	0	0	0	8	0	0	0	21	16	0	0	15	0	0	0	110	120	0	0	152	109	0	0	124	112	6	13	0	16	0	36	15	0	0	22	0	0	0	10	0	0	0	21	16	0	0	18	0	0	0	110	130	0	0	154	114	0	0
775	756	164	149	4	737	146	132	0	164	149	4	153	143	0	0	214	128	0	0	718	143	131	0	146	132	0	150	139	0	0	205	125	0	0	164	149	4	53	5	0	0	35	20	0	0	153	143	0	0	214	128	0	0	699	138	131	0	143	131	0	143	139	0	0	193	125	0	0	146	132	0	44	5	0	0	25	12	0	0	150	139	0	0	205	125	0	0	164	149	4	40	0	0	0	18	20	0	0	53	5	0	0	35	20	0	0	153	143	0	0	214	128	0	0	680	126	126	0	138	131	0	132	139	0	0	180	125	0	0	143	131	0	35	5	0	0	23	10	0	0	143	139	0	0	193	125	0	0	146	132	0	35	0	0	0	14	12	0	0	44	5	0	0	25	12	0	0	150	139	0	0	205	125	0	0	164	149	4	36	0	16	0	66	58	4	0	40	0	0	0	18	20	0	0	53	5	0	0	35	20	0	0	153	143	0	0	214	128	0	0
824	804	164	175	0	784	139	154	0	164	175	0	152	172	0	0	241	227	0	0	764	132	146	0	139	154	0	140	160	0	0	207	211	0	0	164	175	0	63	88	0	0	39	44	0	0	152	172	0	0	241	227	0	0	744	124	136	0	132	146	0	131	144	0	0	189	203	0	0	139	154	0	46	80	0	0	27	32	0	0	140	160	0	0	207	211	0	0	164	175	0	49	98	0	0	21	42	0	0	63	88	0	0	39	44	0	0	152	172	0	0	241	227	0	0	724	110	130	0	124	136	0	116	142	0	0	169	192	0	0	132	146	0	33	80	0	0	24	32	0	0	131	144	0	0	189	203	0	0	139	154	0	39	98	0	0	17	36	0	0	46	80	0	0	27	32	0	0	140	160	0	0	207	211	0	0	164	175	0	46	32	0	0	72	78	0	0	49	98	0	0	21	42	0	0	63	88	0	0	39	44	0	0	152	172	0	0	241	227	0	0
779	762	169	124	0	745	141	103	0	169	124	0	137	97	0	0	263	153	0	0	728	132	83	0	141	103	0	120	69	0	0	200	101	0	0	169	124	0	51	77	0	0	47	56	0	0	137	97	0	0	263	153	0	0	711	129	66	0	132	83	0	115	40	0	0	182	54	0	0	141	103	0	47	44	0	0	38	40	0	0	120	69	0	0	200	101	0	0	169	124	0	54	52	0	0	29	30	0	0	51	77	0	0	47	56	0	0	137	97	0	0	263	153	0	0	694	117	56	0	129	66	0	107	24	0	0	177	23	0	0	132	83	0	35	22	0	0	34	31	0	0	115	40	0	0	182	54	0	0	141	103	0	46	34	0	0	24	25	0	0	47	44	0	0	38	40	0	0	120	69	0	0	200	101	0	0	169	124	0	48	22	0	0	95	111	0	0	54	52	0	0	29	30	0	0	51	77	0	0	47	56	0	0	137	97	0	0	263	153	0	0
672	656	140	107	5	640	117	96	0	140	107	5	110	56	2	0	226	119	5	0	624	108	91	0	117	96	0	98	52	0	0	176	98	0	0	140	107	5	58	5	6	0	40	21	5	0	110	56	2	0	226	119	5	0	608	105	84	0	108	91	0	91	50	0	0	153	92	0	0	117	96	0	57	4	0	0	34	18	0	0	98	52	0	0	176	98	0	0	140	107	5	57	50	2	0	25	14	0	0	58	5	6	0	40	21	5	0	110	56	2	0	226	119	5	0	592	92	77	0	105	84	0	81	44	0	0	144	86	0	0	108	91	0	40	0	0	0	28	18	0	0	91	50	0	0	153	92	0	0	117	96	0	50	44	0	0	22	12	0	0	57	4	0	0	34	18	0	0	98	52	0	0	176	98	0	0	140	107	5	56	17	13	0	84	53	5	0	57	50	2	0	25	14	0	0	58	5	6	0	40	21	5	0	110	56	2	0	226	119	5	0
594	581	117	64	2	568	90	44	0	117	64	2	61	35	2	0	215	88	6	0	555	82	39	0	90	44	0	47	20	0	0	143	25	0	0	117	64	2	28	0	6	0	37	9	2	0	61	35	2	0	215	88	6	0	542	81	38	0	82	39	0	44	20	0	0	126	20	0	0	90	44	0	27	0	0	0	31	9	0	0	47	20	0	0	143	25	0	0	117	64	2	38	8	2	0	17	0	0	0	28	0	6	0	37	9	2	0	61	35	2	0	215	88	6	0	529	74	35	0	81	38	0	42	20	0	0	122	20	0	0	82	39	0	17	0	0	0	27	9	0	0	44	20	0	0	126	20	0	0	90	44	0	30	5	0	0	15	0	0	0	27	0	0	0	31	9	0	0	47	20	0	0	143	25	0	0	117	64	2	25	15	4	0	55	32	0	0	38	8	2	0	17	0	0	0	28	0	6	0	37	9	2	0	61	35	2	0	215	88	6	0
836	818	129	133	2	800	85	106	0	129	133	2	81	99	2	0	247	315	6	0	782	71	87	0	85	106	0	51	60	0	0	130	233	0	0	129	133	2	33	90	6	0	42	86	4	0	81	99	2	0	247	315	6	0	764	67	81	0	71	87	0	43	60	0	0	103	184	0	0	85	106	0	28	90	0	0	35	81	0	0	51	60	0	0	130	233	0	0	129	133	2	43	48	2	0	18	28	0	0	33	90	6	0	42	86	4	0	81	99	2	0	247	315	6	0	746	54	70	0	67	81	0	33	54	0	0	94	176	0	0	71	87	0	6	90	0	0	27	70	0	0	43	60	0	0	103	184	0	0	85	106	0	27	30	0	0	16	25	0	0	28	90	0	0	35	81	0	0	51	60	0	0	130	233	0	0	129	133	2	23	61	4	0	50	95	0	0	43	48	2	0	18	28	0	0	33	90	6	0	42	86	4	0	81	99	2	0	247	315	6	0
484	473	66	46	0	462	32	34	0	66	46	0	28	18	0	0	140	134	0	0	451	26	34	0	32	34	0	8	18	0	0	54	96	0	0	66	46	0	9	0	0	0	23	14	0	0	28	18	0	0	140	134	0	0	440	26	34	0	26	34	0	8	18	0	0	46	96	0	0	32	34	0	9	0	0	0	16	12	0	0	8	18	0	0	54	96	0	0	66	46	0	12	0	0	0	7	0	0	0	9	0	0	0	23	14	0	0	28	18	0	0	140	134	0	0	429	25	34	0	26	34	0	8	18	0	0	46	96	0	0	26	34	0	9	0	0	0	15	12	0	0	8	18	0	0	46	96	0	0	32	34	0	7	0	0	0	6	0	0	0	9	0	0	0	16	12	0	0	8	18	0	0	54	96	0	0	66	46	0	14	0	0	0	20	3	0	0	12	0	0	0	7	0	0	0	9	0	0	0	23	14	0	0	28	18	0	0	140	134	0	0
494	483	75	45	0	472	46	29	0	75	45	0	31	12	0	0	161	115	0	0	461	42	26	0	46	29	0	17	0	0	0	91	81	0	0	75	45	0	9	0	0	0	25	8	0	0	31	12	0	0	161	115	0	0	450	42	26	0	42	26	0	17	0	0	0	85	78	0	0	46	29	0	9	0	0	0	22	8	0	0	17	0	0	0	91	81	0	0	75	45	0	7	0	0	0	8	0	0	0	9	0	0	0	25	8	0	0	31	12	0	0	161	115	0	0	439	42	26	0	42	26	0	17	0	0	0	85	78	0	0	42	26	0	9	0	0	0	21	8	0	0	17	0	0	0	85	78	0	0	46	29	0	7	0	0	0	7	0	0	0	9	0	0	0	22	8	0	0	17	0	0	0	91	81	0	0	75	45	0	15	0	0	0	17	0	0	0	7	0	0	0	8	0	0	0	9	0	0	0	25	8	0	0	31	12	0	0	161	115	0	0
722	706	138	88	22	690	107	53	2	138	88	22	88	0	34	6	240	131	110	9	674	101	53	0	107	53	2	73	0	6	0	173	26	10	0	138	88	22	34	0	5	0	35	45	0	0	88	0	34	6	240	131	110	9	658	95	48	0	101	53	0	66	0	0	0	159	26	0	0	107	53	2	23	0	2	0	29	24	0	0	73	0	6	0	173	26	10	0	138	88	22	27	35	14	0	16	31	0	0	34	0	5	0	35	45	0	0	88	0	34	6	240	131	110	9	642	81	41	0	95	48	0	52	0	0	0	149	26	0	0	101	53	0	13	0	0	0	27	24	0	0	66	0	0	0	159	26	0	0	107	53	2	12	0	4	0	13	24	0	0	23	0	2	0	29	24	0	0	73	0	6	0	173	26	10	0	138	88	22	14	0	38	0	56	78	22	0	27	35	14	0	16	31	0	0	34	0	5	0	35	45	0	0	88	0	34	6	240	131	110	9
586	571	98	71	16	556	67	47	0	98	71	16	42	0	18	0	186	150	48	4	541	63	47	0	67	47	0	32	0	0	0	129	102	0	0	98	71	16	11	0	0	0	29	41	0	0	42	0	18	0	186	150	48	4	526	62	47	0	63	47	0	30	0	0	0	121	102	0	0	67	47	0	9	0	0	0	23	33	0	0	32	0	0	0	129	102	0	0	98	71	16	12	0	0	0	10	11	0	0	11	0	0	0	29	41	0	0	42	0	18	0	186	150	48	4	511	57	47	0	62	47	0	30	0	0	0	120	102	0	0	63	47	0	9	0	0	0	23	33	0	0	30	0	0	0	121	102	0	0	67	47	0	0	0	0	0	7	11	0	0	9	0	0	0	23	33	0	0	32	0	0	0	129	102	0	0	98	71	16	4	0	20	0	24	0	0	0	12	0	0	0	10	11	0	0	11	0	0	0	29	41	0	0	42	0	18	0	186	150	48	4
578	560	114	132	8	542	75	108	0	114	132	8	46	44	8	0	213	292	32	2	524	71	108	0	75	108	0	35	44	0	0	136	234	0	0	114	132	8	7	0	0	0	27	36	0	0	46	44	8	0	213	292	32	2	506	69	108	0	71	108	0	33	44	0	0	130	234	0	0	75	108	0	2	0	0	0	17	22	0	0	35	44	0	0	136	234	0	0	109	132	8	11	0	0	0	12	18	0	0	7	0	0	0	27	36	0	0	46	44	8	0	209	292	32	2	488	65	108	0	69	108	0	33	44	0	0	129	234	0	0	71	108	0	2	0	0	0	17	22	0	0	33	44	0	0	130	234	0	0	70	108	0	5	0	0	0	7	11	0	0	2	0	0	0	17	22	0	0	35	44	0	0	132	234	0	0	107	132	8	17	0	5	0	25	20	0	0	11	0	0	0	12	18	0	0	7	0	0	0	26	36	0	0	42	44	8	0	205	292	32	2
435	425	52	33	11	415	35	23	0	52	33	11	20	0	13	0	115	66	22	2	405	34	23	0	35	23	0	15	0	0	0	80	51	0	0	52	33	11	9	0	0	0	20	7	0	0	20	0	13	0	115	66	22	2	395	34	23	0	34	23	0	15	0	0	0	80	51	0	0	35	23	0	9	0	0	0	18	7	0	0	15	0	0	0	80	51	0	0	52	33	11	6	0	0	0	6	0	0	0	9	0	0	0	20	7	0	0	20	0	13	0	115	66	22	2	385	31	23	0	34	23	0	15	0	0	0	80	51	0	0	34	23	0	9	0	0	0	18	7	0	0	15	0	0	0	80	51	0	0	35	23	0	0	0	0	0	5	0	0	0	9	0	0	0	18	7	0	0	15	0	0	0	80	51	0	0	52	33	11	3	0	15	0	9	0	0	0	6	0	0	0	6	0	0	0	9	0	0	0	20	7	0	0	20	0	13	0	115	66	22	2
308	298	55	33	3	288	34	29	0	55	33	3	21	0	3	0	105	58	3	0	278	30	29	0	34	29	0	13	0	0	0	76	54	0	0	55	33	3	5	0	0	0	13	20	0	0	21	0	3	0	105	58	3	0	268	28	29	0	30	29	0	10	0	0	0	67	54	0	0	34	29	0	2	0	0	0	10	20	0	0	13	0	0	0	76	54	0	0	55	33	3	4	0	0	0	3	10	0	0	5	0	0	0	13	20	0	0	21	0	3	0	105	58	3	0	258	28	29	0	28	29	0	10	0	0	0	65	54	0	0	30	29	0	2	0	0	0	10	20	0	0	10	0	0	0	67	54	0	0	34	29	0	4	0	0	0	2	10	0	0	2	0	0	0	10	20	0	0	13	0	0	0	76	54	0	0	55	33	3	6	0	0	0	2	0	0	0	4	0	0	0	3	10	0	0	5	0	0	0	13	20	0	0	21	0	3	0	105	58	3	0
854	835	112	79	63	816	88	63	22	112	79	63	59	30	6	51	195	139	63	60	797	81	63	2	88	63	22	40	30	5	2	144	123	22	2	112	79	63	15	0	17	6	31	15	0	9	59	30	6	51	195	139	63	60	778	71	63	0	81	63	2	33	30	2	0	136	123	2	0	88	63	22	9	0	14	0	31	15	0	0	40	30	5	2	144	123	22	2	112	79	63	5	0	61	0	14	0	0	0	15	0	17	6	31	15	0	9	59	30	6	51	195	139	63	60	759	70	62	0	71	63	0	30	30	0	0	132	123	0	0	81	63	2	9	0	4	0	31	15	0	0	33	30	2	0	136	123	2	0	88	63	22	5	0	38	0	14	0	0	0	9	0	14	0	31	15	0	0	40	30	5	2	144	123	22	2	112	79	63	4	14	8	0	48	0	0	0	5	0	61	0	14	0	0	0	15	0	17	6	31	15	0	9	59	30	6	51	195	139	63	60
749	726	144	214	26	703	103	178	5	144	214	26	77	177	6	5	227	409	78	46	680	98	170	2	103	178	5	63	153	5	2	157	321	15	2	144	214	26	15	0	12	6	33	20	26	0	77	177	6	5	227	409	78	46	657	94	170	0	98	170	2	58	153	2	0	152	313	6	0	103	178	5	9	0	10	0	21	17	5	0	63	153	5	2	157	321	15	2	142	214	26	17	0	19	0	15	0	0	0	15	0	12	6	33	20	26	0	77	177	6	5	227	409	78	46	634	90	170	0	94	170	0	58	153	0	0	152	313	0	0	98	170	2	9	0	4	0	21	17	2	0	58	153	2	0	152	313	6	0	101	178	5	15	0	10	0	11	0	0	0	9	0	10	0	21	17	5	0	63	153	5	2	157	321	15	2	138	214	26	37	0	0	0	51	50	0	0	17	0	19	0	15	0	0	0	15	0	12	6	32	20	26	0	73	177	6	5	223	409	78	46
713	697	115	86	26	681	86	49	10	115	86	26	71	44	6	20	187	181	104	30	665	80	37	2	86	49	10	61	8	5	2	141	97	40	2	115	86	26	22	32	12	6	28	26	26	2	71	44	6	20	187	181	104	30	649	72	28	0	80	37	2	53	0	2	0	129	89	8	0	86	49	10	20	0	10	0	23	24	10	0	61	8	5	2	141	97	40	2	115	86	26	4	13	43	0	12	26	26	0	22	32	12	6	28	26	26	2	71	44	6	20	187	181	104	30	633	65	27	0	72	28	0	42	0	0	0	120	88	0	0	80	37	2	12	0	4	0	21	16	2	0	53	0	2	0	129	89	8	0	86	49	10	2	12	25	0	9	24	10	0	20	0	10	0	23	24	10	0	61	8	5	2	141	97	40	2	115	86	26	17	12	8	0	50	76	0	0	4	13	43	0	12	26	26	0	22	32	12	6	28	26	26	2	71	44	6	20	187	181	104	30
517	502	87	70	25	487	56	50	0	87	70	25	36	40	0	0	161	174	50	57	472	53	50	0	56	50	0	24	40	0	0	100	130	0	2	87	70	25	5	0	0	0	20	0	0	0	36	40	0	0	161	174	50	57	457	51	50	0	53	50	0	23	40	0	0	97	130	0	0	56	50	0	1	0	0	0	14	0	0	0	24	40	0	0	100	130	0	2	86	70	25	1	0	7	0	9	0	0	0	5	0	0	0	20	0	0	0	36	40	0	0	161	174	50	57	442	51	50	0	51	50	0	23	40	0	0	97	130	0	0	53	50	0	1	0	0	0	14	0	0	0	23	40	0	0	97	130	0	0	55	50	0	1	0	0	0	6	0	0	0	1	0	0	0	14	0	0	0	24	40	0	0	100	130	0	2	86	70	25	8	0	0	0	26	0	0	0	1	0	7	0	9	0	0	0	5	0	0	0	20	0	0	0	36	40	0	0	161	174	50	57
621	606	82	83	7	591	54	53	0	82	83	7	39	25	0	0	122	131	35	22	576	52	48	0	54	53	0	32	0	0	0	92	66	0	2	82	83	7	5	0	0	0	12	0	7	0	39	25	0	0	122	131	35	22	561	50	48	0	52	48	0	31	0	0	0	90	61	0	0	54	53	0	1	0	0	0	10	0	0	0	32	0	0	0	92	66	0	2	82	83	7	3	0	7	0	7	0	0	0	5	0	0	0	12	0	7	0	39	25	0	0	122	131	35	22	546	48	46	0	50	48	0	31	0	0	0	90	61	0	0	52	48	0	1	0	0	0	10	0	0	0	31	0	0	0	90	61	0	0	54	53	0	1	0	0	0	4	0	0	0	1	0	0	0	10	0	0	0	32	0	0	0	92	66	0	2	82	83	7	16	20	0	0	31	20	0	0	3	0	7	0	7	0	0	0	5	0	0	0	12	0	7	0	39	25	0	0	122	131	35	22
532	518	51	61	20	504	30	43	7	51	61	20	21	22	20	0	75	80	40	33	490	28	43	7	30	43	7	17	22	7	0	61	76	14	10	51	61	20	1	0	8	0	12	12	0	0	21	22	20	0	75	80	40	33	476	28	43	7	28	43	7	17	22	7	0	61	76	14	2	30	43	7	1	0	0	0	8	11	0	0	17	22	7	0	61	76	14	10	51	61	20	1	0	0	0	3	0	0	0	1	0	8	0	12	12	0	0	21	22	20	0	75	80	40	33	462	27	41	6	28	43	7	17	22	7	0	61	76	14	0	28	43	7	1	0	0	0	6	11	0	0	17	22	7	0	61	76	14	2	30	43	7	1	0	0	0	2	0	0	0	1	0	0	0	8	11	0	0	17	22	7	0	61	76	14	10	51	61	20	12	16	0	3	16	8	0	0	1	0	0	0	3	0	0	0	1	0	8	0	12	12	0	0	21	22	20	0	75	80	40	33
529	516	57	40	24	503	35	22	19	57	40	24	31	0	43	0	85	44	48	7	490	34	22	19	35	22	19	28	0	38	0	75	44	38	0	57	40	24	1	0	0	0	13	11	0	0	31	0	43	0	85	44	48	7	477	34	22	19	34	22	19	28	0	38	0	75	44	38	0	35	22	19	1	0	0	0	9	11	0	0	28	0	38	0	75	44	38	0	57	40	24	0	0	0	0	0	0	0	0	1	0	0	0	13	11	0	0	31	0	43	0	85	44	48	7	464	33	22	14	34	22	19	28	0	38	0	75	44	38	0	34	22	19	1	0	0	0	9	11	0	0	28	0	38	0	75	44	38	0	35	22	19	0	0	0	0	0	0	0	0	1	0	0	0	9	11	0	0	28	0	38	0	75	44	38	0	57	40	24	13	0	0	19	11	9	0	0	0	0	0	0	0	0	0	0	1	0	0	0	13	11	0	0	31	0	43	0	85	44	48	7
593	577	84	63	54	561	55	48	11	84	63	54	43	48	46	0	142	140	54	147	545	53	48	11	55	48	11	39	48	25	0	113	132	11	37	84	63	54	1	0	8	0	20	14	0	0	43	48	46	0	142	140	54	147	529	53	48	11	53	48	11	39	48	25	0	113	132	11	6	55	48	11	1	0	0	0	13	12	0	0	39	48	25	0	113	132	11	37	84	63	54	1	0	0	0	4	0	0	0	1	0	8	0	20	14	0	0	43	48	46	0	142	140	54	147	513	52	48	7	53	48	11	39	48	25	0	113	132	11	0	53	48	11	1	0	0	0	11	12	0	0	39	48	25	0	113	132	11	6	55	48	11	1	0	0	0	2	0	0	0	1	0	0	0	13	12	0	0	39	48	25	0	113	132	11	37	84	63	54	14	0	14	15	23	0	0	0	1	0	0	0	4	0	0	0	1	0	8	0	20	14	0	0	43	48	46	0	142	140	54	147
788	767	118	148	50	746	85	100	18	118	148	50	73	70	80	18	158	224	200	84	725	80	99	17	85	100	18	61	68	53	15	124	205	72	15	118	148	50	2	17	31	5	26	18	0	0	73	70	80	18	158	224	200	84	704	80	99	14	80	99	17	61	68	51	6	124	204	68	4	85	100	18	2	17	17	2	17	17	0	0	61	68	53	15	124	205	72	15	118	148	50	8	0	0	6	11	0	0	0	2	17	31	5	26	18	0	0	73	70	80	18	158	224	200	84	683	77	99	4	80	99	14	61	68	45	0	124	204	56	0	80	99	17	2	17	15	0	10	17	0	0	61	68	51	6	124	204	68	4	85	100	18	6	0	0	0	8	0	0	0	2	17	17	2	17	17	0	0	61	68	53	15	124	205	72	15	118	148	50	20	0	0	12	50	33	0	4	8	0	0	6	11	0	0	0	2	17	31	5	26	18	0	0	73	70	80	18	158	224	200	84
640	626	67	57	28	612	47	33	7	67	57	28	35	0	42	0	90	52	84	59	598	46	33	7	47	33	7	34	0	21	0	86	44	21	15	67	57	28	1	0	8	0	12	0	0	0	35	0	42	0	90	52	84	59	584	46	33	7	46	33	7	34	0	21	0	86	44	21	4	47	33	7	1	0	0	0	10	0	0	0	34	0	21	0	86	44	21	15	67	57	28	3	0	0	0	4	0	0	0	1	0	8	0	12	0	0	0	35	0	42	0	90	52	84	59	570	43	24	4	46	33	7	34	0	21	0	86	44	21	0	46	33	7	1	0	0	0	8	0	0	0	34	0	21	0	86	44	21	4	47	33	7	1	0	0	0	2	0	0	0	1	0	0	0	10	0	0	0	34	0	21	0	86	44	21	15	67	57	28	8	72	0	12	24	24	0	0	3	0	0	0	4	0	0	0	1	0	8	0	12	0	0	0	35	0	42	0	90	52	84	59
598	585	44	0	86	572	44	0	29	44	0	86	28	0	0	51	87	0	0	176	559	44	0	29	44	0	29	28	0	0	51	87	0	0	62	44	0	86	1	0	0	0	10	0	0	0	28	0	0	51	87	0	0	176	546	44	0	29	44	0	29	28	0	0	51	87	0	0	61	44	0	29	1	0	0	0	10	0	0	0	28	0	0	51	87	0	0	62	44	0	86	0	0	0	0	0	0	0	0	1	0	0	0	10	0	0	0	28	0	0	51	87	0	0	176	533	39	0	29	44	0	29	28	0	0	51	87	0	0	58	44	0	29	1	0	0	0	10	0	0	0	28	0	0	51	87	0	0	61	44	0	29	0	0	0	0	0	0	0	0	1	0	0	0	10	0	0	0	28	0	0	51	87	0	0	62	44	0	86	0	0	32	0	2	0	0	0	0	0	0	0	0	0	0	0	1	0	0	0	10	0	0	0	28	0	0	51	87	0	0	176
640	626	59	13	74	612	56	13	32	59	13	74	45	0	6	38	78	13	0	122	598	56	13	32	56	13	32	45	0	5	38	78	13	0	51	59	13	74	3	0	0	0	10	0	0	0	45	0	6	38	78	13	0	122	584	56	13	32	56	13	32	45	0	5	38	78	13	0	50	56	13	32	3	0	0	0	6	0	0	0	45	0	5	38	78	13	0	51	59	13	74	2	0	0	0	4	0	0	0	3	0	0	0	10	0	0	0	45	0	6	38	78	13	0	122	570	50	0	32	56	13	32	45	0	5	38	78	13	0	47	56	13	32	3	0	0	0	6	0	0	0	45	0	5	38	78	13	0	50	56	13	32	0	0	0	0	0	0	0	0	3	0	0	0	6	0	0	0	45	0	5	38	78	13	0	51	59	13	74	3	0	32	0	12	0	74	0	2	0	0	0	4	0	0	0	3	0	0	0	10	0	0	0	45	0	6	38	78	13	0	122
583	570	74	23	47	557	67	23	31	74	23	47	58	0	14	33	95	12	0	50	544	67	23	31	67	23	31	58	0	13	33	95	12	0	18	74	23	47	11	0	0	0	16	0	0	0	58	0	14	33	95	12	0	50	531	67	23	31	67	23	31	58	0	13	33	95	12	0	17	67	23	31	11	0	0	0	6	0	0	0	58	0	13	33	95	12	0	18	74	23	47	12	0	0	0	13	0	0	0	11	0	0	0	16	0	0	0	58	0	14	33	95	12	0	50	518	62	23	30	67	23	31	58	0	13	33	95	12	0	14	67	23	31	11	0	0	0	6	0	0	0	58	0	13	33	95	12	0	17	67	23	31	10	0	0	0	5	0	0	0	11	0	0	0	6	0	0	0	58	0	13	33	95	12	0	18	74	23	47	18	0	0	3	30	22	0	0	12	0	0	0	13	0	0	0	11	0	0	0	16	0	0	0	58	0	14	33	95	12	0	50
886	866	100	108	83	846	88	89	50	100	108	83	68	84	46	95	123	61	83	78	826	86	89	26	88	89	50	68	84	39	11	123	61	50	25	100	108	83	21	0	0	18	21	26	0	59	68	84	46	95	123	61	83	78	806	84	87	25	86	89	26	64	84	25	10	116	61	26	24	88	89	50	21	0	0	15	8	0	0	15	68	84	39	11	123	61	50	25	100	108	83	13	26	0	5	17	26	0	0	21	0	0	18	21	26	0	59	68	84	46	95	123	61	83	78	786	71	58	21	84	87	25	56	78	23	7	111	58	25	21	86	89	26	13	0	0	6	6	0	0	4	64	84	25	10	116	61	26	24	88	89	50	12	0	0	2	7	0	0	0	21	0	0	15	8	0	0	15	68	84	39	11	123	61	50	25	100	108	83	15	39	56	9	43	84	166	0	13	26	0	5	17	26	0	0	21	0	0	18	21	26	0	59	68	84	46	95	123	61	83	78
603	589	79	69	26	575	64	56	24	79	69	26	59	12	46	14	92	73	52	0	561	61	56	20	64	56	24	59	12	43	11	85	72	48	0	79	69	26	27	0	0	23	30	18	0	0	59	12	46	14	92	73	52	0	547	57	56	18	61	56	20	55	12	35	10	76	72	40	0	64	56	24	23	0	0	19	12	0	0	0	59	12	43	11	85	72	48	0	79	69	26	27	0	0	9	18	28	0	0	27	0	0	23	30	18	0	0	59	12	46	14	92	73	52	0	533	44	44	10	57	56	18	43	12	31	7	64	72	36	0	61	56	20	12	0	0	6	9	0	0	0	55	12	35	10	76	72	40	0	64	56	24	21	0	0	2	8	16	0	0	23	0	0	19	12	0	0	0	59	12	43	11	85	72	48	0	79	69	26	8	80	0	9	43	74	0	5	27	0	0	9	18	28	0	0	27	0	0	23	30	18	0	0	59	12	46	14	92	73	52	0
869	849	98	127	90	829	77	111	60	98	127	90	70	208	10	74	154	206	0	109	809	67	79	54	77	111	60	50	184	10	64	112	186	0	74	98	127	90	21	114	30	46	21	60	180	0	70	208	10	74	154	206	0	109	789	62	55	35	67	79	54	50	132	10	49	91	101	0	46	77	111	60	17	110	30	11	16	52	120	0	50	184	10	64	112	186	0	74	98	127	90	37	22	39	74	11	30	180	26	21	114	30	46	21	60	180	0	70	208	10	74	154	206	0	109	769	45	11	23	62	55	35	40	44	8	46	80	44	0	43	67	79	54	10	22	30	10	10	26	108	0	50	132	10	49	91	101	0	46	77	111	60	25	22	12	29	10	26	120	10	17	110	30	11	16	52	120	0	50	184	10	64	112	186	0	74	98	127	90	19	0	70	24	19	60	360	22	37	22	39	74	11	30	180	26	21	114	30	46	21	60	180	0	70	208	10	74	154	206	0	109
750	732	94	113	51	714	75	107	39	94	113	51	72	60	10	38	175	149	0	26	696	63	93	38	75	107	39	53	60	10	36	126	140	0	24	94	113	51	29	53	30	9	25	48	51	0	72	60	10	38	175	149	0	26	678	59	88	31	63	93	38	49	54	10	29	95	113	0	20	75	107	39	25	47	30	6	20	39	39	0	53	60	10	36	126	140	0	24	94	113	51	41	48	0	47	13	20	0	0	29	53	30	9	25	48	51	0	72	60	10	38	175	149	0	26	660	43	60	23	59	88	31	37	54	8	26	83	101	0	18	63	93	38	12	20	30	5	12	30	38	0	49	54	10	29	95	113	0	20	75	107	39	27	48	0	34	12	20	0	0	25	47	30	6	20	39	39	0	53	60	10	36	126	140	0	24	94	113	51	28	15	31	39	20	40	153	0	41	48	0	47	13	20	0	0	29	53	30	9	25	48	51	0	72	60	10	38	175	149	0	26
689	673	78	99	10	657	43	65	10	78	99	10	46	106	10	0	173	229	40	0	641	30	51	10	43	65	10	29	66	10	0	79	135	40	0	78	99	10	24	36	30	0	36	66	20	0	46	106	10	0	173	229	40	0	625	25	37	8	30	51	10	25	54	10	0	50	104	40	0	43	65	10	16	20	30	0	21	48	20	0	29	66	10	0	79	135	40	0	78	99	10	16	94	0	16	8	27	0	0	24	36	30	0	36	66	20	0	46	106	10	0	173	229	40	0	609	14	15	5	25	37	8	13	30	8	0	37	78	32	0	30	51	10	4	0	30	0	15	33	20	0	25	54	10	0	50	104	40	0	43	65	10	10	30	0	10	7	22	0	0	16	20	30	0	21	48	20	0	29	66	10	0	79	135	40	0	78	99	10	17	60	0	15	12	27	20	0	16	94	0	16	8	27	0	0	24	36	30	0	36	66	20	0	46	106	10	0	173	229	40	0
427	417	52	38	0	407	29	27	0	52	38	0	30	24	0	0	121	80	0	0	397	22	23	0	29	27	0	16	18	0	0	55	60	0	0	52	38	0	13	5	0	0	23	26	0	0	30	24	0	0	121	80	0	0	387	20	18	0	22	23	0	16	15	0	0	39	52	0	0	29	27	0	9	3	0	0	17	21	0	0	16	18	0	0	55	60	0	0	52	38	0	23	21	0	0	7	12	0	0	13	5	0	0	23	26	0	0	30	24	0	0	121	80	0	0	377	12	9	0	20	18	0	12	9	0	0	32	41	0	0	22	23	0	2	0	0	0	13	18	0	0	16	15	0	0	39	52	0	0	29	27	0	11	9	0	0	5	12	0	0	9	3	0	0	17	21	0	0	16	18	0	0	55	60	0	0	52	38	0	23	18	0	0	8	15	0	0	23	21	0	0	7	12	0	0	13	5	0	0	23	26	0	0	30	24	0	0	121	80	0	0
390	381	40	24	0	372	18	14	0	40	24	0	23	0	0	0	97	47	0	0	363	12	14	0	18	14	0	9	0	0	0	37	21	0	0	40	24	0	9	0	0	0	22	21	0	0	23	0	0	0	97	47	0	0	354	11	14	0	12	14	0	9	0	0	0	22	21	0	0	18	14	0	5	0	0	0	12	21	0	0	9	0	0	0	37	21	0	0	40	24	0	19	0	0	0	5	2	0	0	9	0	0	0	22	21	0	0	23	0	0	0	97	47	0	0	345	7	4	0	11	14	0	9	0	0	0	21	21	0	0	12	14	0	0	0	0	0	8	21	0	0	9	0	0	0	22	21	0	0	18	14	0	9	0	0	0	4	0	0	0	5	0	0	0	12	21	0	0	9	0	0	0	37	21	0	0	40	24	0	18	20	0	0	6	2	0	0	19	0	0	0	5	2	0	0	9	0	0	0	22	21	0	0	23	0	0	0	97	47	0	0
525	513	43	27	29	501	18	0	16	43	27	29	17	0	70	30	99	54	87	10	489	15	0	16	18	0	16	9	0	48	30	31	0	48	10	43	27	29	9	0	0	0	26	27	0	0	17	0	70	30	99	54	87	10	477	11	0	16	15	0	16	9	0	48	30	29	0	48	10	18	0	16	0	0	0	0	11	0	0	0	9	0	48	30	31	0	48	10	43	27	29	9	0	13	0	4	0	0	0	9	0	0	0	26	27	0	0	17	0	70	30	99	54	87	10	465	2	0	14	11	0	16	0	0	48	24	23	0	48	8	15	0	16	0	0	0	0	11	0	0	0	9	0	48	30	29	0	48	10	18	0	16	0	0	0	0	4	0	0	0	0	0	0	0	11	0	0	0	9	0	48	30	31	0	48	10	43	27	29	0	0	28	16	4	0	0	0	9	0	13	0	4	0	0	0	9	0	0	0	26	27	0	0	17	0	70	30	99	54	87	10
348	340	31	7	10	332	14	7	0	31	7	10	11	0	13	0	71	7	0	10	324	12	7	0	14	7	0	9	0	0	0	28	7	0	10	31	7	10	9	0	0	0	23	14	0	0	11	0	13	0	71	7	0	10	316	8	7	0	12	7	0	9	0	0	0	23	7	0	10	14	7	0	0	0	0	0	9	14	0	0	9	0	0	0	28	7	0	10	31	7	10	9	0	13	0	4	0	0	0	9	0	0	0	23	14	0	0	11	0	13	0	71	7	0	10	308	0	0	0	8	7	0	0	0	0	0	17	7	0	8	12	7	0	0	0	0	0	9	14	0	0	9	0	0	0	23	7	0	10	14	7	0	0	0	0	0	4	0	0	0	0	0	0	0	9	14	0	0	9	0	0	0	28	7	0	10	31	7	10	0	0	28	0	4	0	10	0	9	0	13	0	4	0	0	0	9	0	0	0	23	14	0	0	11	0	13	0	71	7	0	10
477	466	33	34	7	455	11	10	0	33	34	7	14	0	10	0	72	70	28	10	444	8	6	0	11	10	0	6	0	0	0	16	10	0	10	33	34	7	4	24	0	0	20	18	0	0	14	0	10	0	72	70	28	10	433	6	0	0	8	6	0	6	0	0	0	14	6	0	10	11	10	0	0	0	0	0	8	0	0	0	6	0	0	0	16	10	0	10	33	34	7	6	0	10	0	2	0	7	0	4	24	0	0	20	18	0	0	14	0	10	0	72	70	28	10	422	0	0	0	6	0	0	0	0	0	0	11	0	0	8	8	6	0	0	0	0	0	8	0	0	0	6	0	0	0	14	6	0	10	11	10	0	0	0	0	0	2	0	0	0	0	0	0	0	8	0	0	0	6	0	0	0	16	10	0	10	33	34	7	0	0	19	0	2	0	0	0	6	0	10	0	2	0	7	0	4	24	0	0	20	18	0	0	14	0	10	0	72	70	28	10
479	468	38	30	7	457	13	0	0	38	30	7	19	0	10	0	78	90	35	10	446	9	0	0	13	0	0	6	0	0	0	17	0	0	10	38	30	7	8	0	0	0	17	24	0	0	19	0	10	0	78	90	35	10	435	6	0	0	9	0	0	6	0	0	0	15	0	0	10	13	0	0	0	0	0	0	8	0	0	0	6	0	0	0	17	0	0	10	38	30	7	6	0	10	0	2	0	0	0	8	0	0	0	17	24	0	0	19	0	10	0	78	90	35	10	424	0	0	0	6	0	0	0	0	0	0	11	0	0	8	9	0	0	0	0	0	0	8	0	0	0	6	0	0	0	15	0	0	10	13	0	0	0	0	0	0	2	0	0	0	0	0	0	0	8	0	0	0	6	0	0	0	17	0	0	10	38	30	7	0	0	19	0	2	0	0	0	6	0	10	0	2	0	0	0	8	0	0	0	17	24	0	0	19	0	10	0	78	90	35	10
263	257	17	5	2	251	4	0	0	17	5	2	0	0	0	0	40	5	2	0	245	4	0	0	4	0	0	0	0	0	0	5	0	0	0	17	5	2	4	0	0	0	15	0	0	0	0	0	0	0	40	5	2	0	239	3	0	0	4	0	0	0	0	0	0	5	0	0	0	4	0	0	0	0	0	0	5	0	0	0	0	0	0	0	5	0	0	0	17	5	2	0	0	0	0	0	0	0	0	4	0	0	0	15	0	0	0	0	0	0	0	40	5	2	0	233	0	0	0	3	0	0	0	0	0	0	4	0	0	0	4	0	0	0	0	0	0	5	0	0	0	0	0	0	0	5	0	0	0	4	0	0	0	0	0	0	0	0	0	0	0	0	0	0	5	0	0	0	0	0	0	0	5	0	0	0	17	5	2	0	0	4	0	0	0	0	0	0	0	0	0	0	0	0	0	4	0	0	0	15	0	0	0	0	0	0	0	40	5	2	0
558	545	27	12	62	532	9	0	34	27	12	62	13	0	0	19	48	48	62	45	519	4	0	31	9	0	34	0	0	0	16	12	0	34	16	27	12	62	0	0	6	30	0	0	0	0	13	0	0	19	48	48	62	45	506	4	0	31	4	0	31	0	0	0	16	9	0	31	16	9	0	34	0	0	0	30	0	0	0	0	0	0	0	16	12	0	34	16	27	12	62	0	0	0	0	0	0	0	0	0	0	6	30	0	0	0	0	13	0	0	19	48	48	62	45	493	4	0	31	4	0	31	0	0	0	16	9	0	31	16	4	0	31	0	0	0	30	0	0	0	0	0	0	0	16	9	0	31	16	9	0	34	0	0	0	0	0	0	0	0	0	0	0	30	0	0	0	0	0	0	0	16	12	0	34	16	27	12	62	0	0	0	0	2	0	0	0	0	0	0	0	0	0	0	0	0	0	6	30	0	0	0	0	13	0	0	19	48	48	62	45
684	668	51	41	76	652	28	13	47	51	41	76	38	26	22	45	80	106	152	43	636	14	0	16	28	13	47	19	0	22	16	40	13	94	16	51	41	76	4	0	100	30	13	0	76	151	38	26	22	45	80	106	152	43	620	5	0	16	14	0	16	0	0	0	16	27	0	32	16	28	13	47	2	0	84	30	11	0	47	109	19	0	22	16	40	13	94	16	51	41	76	3	0	71	0	8	0	0	0	4	0	100	30	13	0	76	151	38	26	22	45	80	106	152	43	604	5	0	16	5	0	16	0	0	0	16	9	0	32	16	14	0	16	2	0	0	30	11	0	16	102	0	0	0	16	27	0	32	16	28	13	47	3	0	53	0	8	0	0	0	2	0	84	30	11	0	47	109	19	0	22	16	40	13	94	16	51	41	76	1	0	0	0	14	0	0	0	3	0	71	0	8	0	0	0	4	0	100	30	13	0	76	151	38	26	22	45	80	106	152	43
724	707	38	71	68	690	13	11	60	38	71	68	20	55	52	19	53	121	340	7	673	6	0	46	13	11	60	4	0	52	16	16	0	300	0	38	71	68	2	0	44	30	2	0	68	90	20	55	52	19	53	121	340	7	656	5	0	46	6	0	46	0	0	30	16	11	0	230	0	13	11	60	0	0	44	30	2	0	60	60	4	0	52	16	16	0	300	0	38	71	68	0	0	11	0	2	0	0	0	2	0	44	30	2	0	68	90	20	55	52	19	53	121	340	7	639	5	0	45	5	0	46	0	0	30	16	10	0	230	0	6	0	46	0	0	0	30	2	0	46	54	0	0	30	16	11	0	230	0	13	11	60	0	0	11	0	2	0	0	0	0	0	44	30	2	0	60	60	4	0	52	16	16	0	300	0	38	71	68	0	0	0	14	6	0	0	0	0	0	11	0	2	0	0	0	2	0	44	30	2	0	68	90	20	55	52	19	53	121	340	7
552	539	29	46	30	526	8	16	5	29	46	30	13	48	0	20	46	75	90	43	513	3	0	0	8	16	5	6	0	0	0	12	8	15	16	29	46	30	0	0	24	0	5	0	60	10	13	48	0	20	46	75	90	43	500	0	0	0	3	0	0	0	0	0	0	7	0	0	16	8	16	5	0	0	10	0	3	0	10	10	6	0	0	0	12	8	15	16	29	46	30	0	0	27	0	2	0	0	0	0	0	24	0	5	0	60	10	13	48	0	20	46	75	90	43	487	0	0	0	0	0	0	0	0	0	0	0	0	0	16	3	0	0	0	0	0	0	3	0	0	10	0	0	0	0	7	0	0	16	8	16	5	0	0	15	0	2	0	0	0	0	0	10	0	3	0	10	10	6	0	0	0	12	8	15	16	29	46	30	0	0	0	0	4	0	0	0	0	0	27	0	2	0	0	0	0	0	24	0	5	0	60	10	13	48	0	20	46	75	90	43
426	416	25	24	12	406	5	0	0	25	24	12	13	0	0	0	35	54	48	14	396	0	0	0	5	0	0	0	0	0	0	3	0	0	0	25	24	12	0	0	6	0	0	0	0	0	13	0	0	0	35	54	48	14	386	0	0	0	0	0	0	0	0	0	0	0	0	0	0	5	0	0	0	0	0	0	0	0	0	0	0	0	0	0	3	0	0	0	25	24	12	0	0	0	0	0	0	0	0	0	0	6	0	0	0	0	0	13	0	0	0	35	54	48	14	376	0	0	0	0	0	0	0	0	0	0	0	0	0	0	0	0	0	0	0	0	0	0	0	0	0	0	0	0	0	0	0	0	0	5	0	0	0	0	0	0	0	0	0	0	0	0	0	0	0	0	0	0	0	0	0	0	3	0	0	0	25	24	12	0	0	0	0	2	0	0	0	0	0	0	0	0	0	0	0	0	0	6	0	0	0	0	0	13	0	0	0	35	54	48	14
461	450	16	10	63	439	3	0	37	16	10	63	0	0	27	15	7	0	63	110	428	3	0	37	3	0	37	0	0	0	15	4	0	37	65	16	10	63	0	0	0	0	0	0	0	0	0	0	27	15	7	0	63	110	417	3	0	37	3	0	37	0	0	0	15	4	0	37	46	3	0	37	0	0	0	0	0	0	0	0	0	0	0	15	4	0	37	65	16	10	63	0	0	0	0	0	0	0	0	0	0	0	0	0	0	0	0	0	0	27	15	7	0	63	110	406	3	0	33	3	0	37	0	0	0	15	4	0	37	46	3	0	37	0	0	0	0	0	0	0	0	0	0	0	15	4	0	37	46	3	0	37	0	0	0	0	0	0	0	0	0	0	0	0	0	0	0	0	0	0	0	15	4	0	37	65	16	10	63	0	0	0	34	2	0	0	0	0	0	0	0	0	0	0	0	0	0	0	0	0	0	0	0	0	0	27	15	7	0	63	110
629	614	27	14	119	599	9	0	99	27	14	119	6	0	105	37	22	0	119	80	584	8	0	99	9	0	99	2	0	86	37	17	0	99	60	27	14	119	0	0	13	0	3	0	0	0	6	0	105	37	22	0	119	80	569	8	0	86	8	0	99	2	0	86	15	16	0	99	46	9	0	99	0	0	11	0	3	0	0	0	2	0	86	37	17	0	99	60	27	14	119	0	0	0	26	2	0	0	90	0	0	13	0	3	0	0	0	6	0	105	37	22	0	119	80	554	8	0	53	8	0	86	2	0	39	15	16	0	86	46	8	0	99	0	0	11	0	1	0	0	0	2	0	86	15	16	0	99	46	9	0	99	0	0	0	12	0	0	0	60	0	0	11	0	3	0	0	0	2	0	86	37	17	0	99	60	27	14	119	0	0	0	62	8	0	0	157	0	0	0	26	2	0	0	90	0	0	13	0	3	0	0	0	6	0	105	37	22	0	119	80
376	367	14	14	36	358	1	0	25	14	14	36	0	0	53	0	3	0	72	68	349	1	0	25	1	0	25	0	0	42	0	1	0	50	60	14	14	36	0	0	0	0	0	0	0	0	0	0	53	0	3	0	72	68	340	1	0	24	1	0	25	0	0	42	0	1	0	50	46	1	0	25	0	0	0	0	0	0	0	0	0	0	42	0	1	0	50	60	14	14	36	0	0	0	13	0	0	0	0	0	0	0	0	0	0	0	0	0	0	53	0	3	0	72	68	331	1	0	8	1	0	24	0	0	39	0	1	0	48	46	1	0	25	0	0	0	0	0	0	0	0	0	0	42	0	1	0	50	46	1	0	25	0	0	0	0	0	0	0	0	0	0	0	0	0	0	0	0	0	0	42	0	1	0	50	60	14	14	36	0	0	0	24	4	0	0	83	0	0	0	13	0	0	0	0	0	0	0	0	0	0	0	0	0	0	53	0	3	0	72	68
584	570	20	40	63	556	4	0	11	20	40	63	6	0	92	22	14	10	252	248	542	3	0	11	4	0	11	2	0	44	22	7	0	44	146	20	40	63	0	0	13	0	4	0	0	0	6	0	92	22	14	10	252	248	528	3	0	0	3	0	11	2	0	44	0	6	0	44	93	4	0	11	0	0	11	0	2	0	0	0	2	0	44	22	7	0	44	146	20	40	63	0	0	0	0	2	0	0	90	0	0	13	0	4	0	0	0	6	0	92	22	14	10	252	248	514	1	0	0	3	0	0	2	0	0	0	6	0	0	93	3	0	11	0	0	11	0	0	0	0	0	2	0	44	0	6	0	44	93	4	0	11	0	0	0	0	0	0	0	60	0	0	11	0	2	0	0	0	2	0	44	22	7	0	44	146	20	40	63	0	0	0	0	4	20	0	0	0	0	0	0	2	0	0	90	0	0	13	0	4	0	0	0	6	0	92	22	14	10	252	248
459	448	13	24	38	437	0	0	0	13	24	38	0	0	40	0	4	8	114	186	426	0	0	0	0	0	0	0	0	0	0	0	0	0	112	13	24	38	0	0	0	0	2	0	0	0	0	0	40	0	4	8	114	186	415	0	0	0	0	0	0	0	0	0	0	0	0	0	62	0	0	0	0	0	0	0	0	0	0	0	0	0	0	0	0	0	0	112	13	24	38	0	0	0	0	0	0	0	0	0	0	0	0	2	0	0	0	0	0	40	0	4	8	114	186	404	0	0	0	0	0	0	0	0	0	0	0	0	0	62	0	0	0	0	0	0	0	0	0	0	0	0	0	0	0	0	0	0	62	0	0	0	0	0	0	0	0	0	0	0	0	0	0	0	0	0	0	0	0	0	0	0	0	0	0	112	13	24	38	0	0	0	0	2	0	0	0	0	0	0	0	0	0	0	0	0	0	0	0	2	0	0	0	0	0	40	0	4	8	114	186
558	544	57	60	59	530	33	40	57	57	60	59	37	40	86	26	113	142	118	0	516	28	36	51	33	40	57	25	40	84	22	61	110	114	0	57	60	59	15	32	0	54	17	44	0	0	37	40	86	26	113	142	118	0	502	24	16	45	28	36	51	23	32	71	22	50	96	102	0	33	40	57	9	0	0	44	4	20	0	0	25	40	84	22	61	110	114	0	57	60	59	8	32	28	26	1	10	118	0	15	32	0	54	17	44	0	0	37	40	86	26	113	142	118	0	488	20	0	13	24	16	45	21	0	53	0	40	32	90	0	28	36	51	9	0	0	0	4	16	0	0	23	32	71	22	50	96	102	0	33	40	57	8	0	28	0	1	10	114	0	9	0	0	44	4	20	0	0	25	40	84	22	61	110	114	0	57	60	59	1	0	17	26	0	0	118	151	8	32	28	26	1	10	118	0	15	32	0	54	17	44	0	0	37	40	86	26	113	142	118	0
520	507	25	32	70	494	13	30	56	25	32	70	5	20	35	54	35	62	0	63	481	13	30	53	13	30	56	5	20	33	50	23	60	0	11	25	32	70	6	0	0	31	12	0	0	0	5	20	35	54	35	62	0	63	468	10	30	53	13	30	53	5	20	29	50	23	60	0	11	13	30	56	0	0	0	31	2	0	0	0	5	20	33	50	23	60	0	11	25	32	70	4	0	10	0	1	0	0	0	6	0	0	31	12	0	0	0	5	20	35	54	35	62	0	63	455	7	10	30	10	30	53	1	20	29	26	13	60	0	0	13	30	53	0	0	0	0	2	0	0	0	5	20	29	50	23	60	0	11	13	30	56	0	0	10	0	1	0	0	0	0	0	0	31	2	0	0	0	5	20	33	50	23	60	0	11	25	32	70	1	0	8	25	0	0	140	141	4	0	10	0	1	0	0	0	6	0	0	31	12	0	0	0	5	20	35	54	35	62	0	63
533	520	8	0	115	507	6	0	54	8	0	115	3	0	15	133	13	0	0	319	494	6	0	33	6	0	54	3	0	13	50	11	0	0	172	8	0	115	0	0	0	22	4	0	0	98	3	0	15	133	13	0	0	319	481	6	0	33	6	0	33	3	0	11	50	11	0	0	172	6	0	54	0	0	0	22	0	0	0	65	3	0	13	50	11	0	0	172	8	0	115	0	0	0	0	0	0	0	0	0	0	0	22	4	0	0	98	3	0	15	133	13	0	0	319	468	3	0	19	6	0	33	3	0	11	26	11	0	0	147	6	0	33	0	0	0	0	0	0	0	46	3	0	11	50	11	0	0	172	6	0	54	0	0	0	0	0	0	0	0	0	0	0	22	0	0	0	65	3	0	13	50	11	0	0	172	8	0	115	0	0	8	25	0	0	0	90	0	0	0	0	0	0	0	0	0	0	0	22	4	0	0	98	3	0	15	133	13	0	0	319
287	280	5	0	41	273	4	0	14	5	0	41	2	0	0	28	8	0	0	137	266	4	0	14	4	0	14	2	0	0	28	7	0	0	36	5	0	41	0	0	0	0	2	0	0	0	2	0	0	28	8	0	0	137	259	4	0	14	4	0	14	2	0	0	28	7	0	0	36	4	0	14	0	0	0	0	0	0	0	0	2	0	0	28	7	0	0	36	5	0	41	0	0	0	0	0	0	0	0	0	0	0	0	2	0	0	0	2	0	0	28	8	0	0	137	252	2	0	13	4	0	14	2	0	0	26	7	0	0	24	4	0	14	0	0	0	0	0	0	0	0	2	0	0	28	7	0	0	36	4	0	14	0	0	0	0	0	0	0	0	0	0	0	0	0	0	0	0	2	0	0	28	7	0	0	36	5	0	41	0	0	0	13	0	0	0	0	0	0	0	0	0	0	0	0	0	0	0	0	2	0	0	0	2	0	0	28	8	0	0	137
573	559	23	13	98	545	14	0	73	23	13	98	9	0	68	76	48	13	98	101	531	12	0	43	14	0	73	7	0	66	22	30	0	73	11	23	13	98	6	0	0	73	13	26	0	106	9	0	68	76	48	13	98	101	517	9	0	33	12	0	43	7	0	56	22	25	0	43	11	14	0	73	0	0	0	41	2	0	0	52	7	0	66	22	30	0	73	11	23	13	98	4	0	10	20	1	0	0	7	6	0	0	73	13	26	0	106	9	0	68	76	48	13	98	101	503	4	0	6	9	0	33	3	0	44	0	15	0	33	0	12	0	43	0	0	0	0	2	0	0	16	7	0	56	22	25	0	43	11	14	0	73	0	0	10	0	1	0	0	0	0	0	0	41	2	0	0	52	7	0	66	22	30	0	73	11	23	13	98	1	0	8	12	0	0	0	151	4	0	10	20	1	0	0	7	6	0	0	73	13	26	0	106	9	0	68	76	48	13	98	101
515	502	26	32	87	489	11	20	56	26	32	87	6	20	0	118	65	95	87	157	476	7	0	54	11	20	56	4	0	0	110	23	50	56	130	26	32	87	0	0	29	26	4	0	174	0	6	20	0	118	65	95	87	157	463	5	0	48	7	0	54	0	0	0	94	10	0	54	94	11	20	56	0	0	10	22	2	0	112	0	4	0	0	110	23	50	56	130	26	32	87	0	0	16	54	2	0	0	0	0	0	29	26	4	0	174	0	6	20	0	118	65	95	87	157	450	5	0	30	5	0	48	0	0	0	84	6	0	48	78	7	0	54	0	0	10	22	0	0	108	0	0	0	0	94	10	0	54	94	11	20	56	0	0	0	44	1	0	0	0	0	0	10	22	2	0	112	0	4	0	0	110	23	50	56	130	26	32	87	1	0	0	36	0	0	0	10	0	0	16	54	2	0	0	0	0	0	29	26	4	0	174	0	6	20	0	118	65	95	87	157
463	451	45	37	48	439	23	19	34	45	37	48	20	16	0	58	112	113	96	59	427	18	11	34	23	19	34	18	0	0	58	53	35	68	57	45	37	48	2	0	29	0	6	0	48	0	20	16	0	58	112	113	96	59	415	16	11	30	18	11	34	14	0	0	50	38	11	68	51	23	19	34	2	0	10	0	2	0	34	0	18	0	0	58	53	35	68	57	45	37	48	0	0	16	32	3	0	0	0	2	0	29	0	6	0	48	0	20	16	0	58	112	113	96	59	403	16	11	19	16	11	30	14	0	0	40	34	11	60	45	18	11	34	2	0	10	0	0	0	34	0	14	0	0	50	38	11	68	51	23	19	34	0	0	0	22	1	0	0	0	2	0	10	0	2	0	34	0	18	0	0	58	53	35	68	57	45	37	48	5	0	0	36	0	0	0	0	0	0	16	32	3	0	0	0	2	0	29	0	6	0	48	0	20	16	0	58	112	113	96	59
425	414	46	34	20	403	21	10	17	46	34	20	20	0	0	28	121	102	80	0	392	18	10	17	21	10	17	16	0	0	28	53	30	68	0	46	34	20	2	0	0	0	4	0	0	0	20	0	0	28	121	102	80	0	381	18	10	14	18	10	17	16	0	0	23	45	30	68	0	21	10	17	2	0	0	0	0	0	0	0	16	0	0	28	53	30	68	0	46	34	20	0	0	0	23	3	0	0	0	2	0	0	0	4	0	0	0	20	0	0	28	121	102	80	0	370	18	10	8	18	10	14	16	0	0	13	45	30	56	0	18	10	17	2	0	0	0	0	0	0	0	16	0	0	23	45	30	68	0	21	10	17	0	0	0	13	0	0	0	0	2	0	0	0	0	0	0	0	16	0	0	28	53	30	68	0	46	34	20	4	0	0	26	2	0	0	0	0	0	0	23	3	0	0	0	2	0	0	0	4	0	0	0	20	0	0	28	121	102	80	0
514	499	73	92	0	484	34	70	0	73	92	0	25	94	0	0	174	217	0	0	469	33	68	0	34	70	0	23	88	0	0	83	160	0	0	73	92	0	5	18	0	0	7	0	0	0	25	94	0	0	174	217	0	0	454	33	68	0	33	68	0	23	88	0	0	80	158	0	0	34	70	0	5	18	0	0	0	0	0	0	23	88	0	0	83	160	0	0	73	92	0	5	0	0	0	7	0	0	0	5	18	0	0	7	0	0	0	25	94	0	0	174	217	0	0	439	33	64	0	33	68	0	23	88	0	0	80	158	0	0	33	68	0	5	18	0	0	0	0	0	0	23	88	0	0	80	158	0	0	34	70	0	5	0	0	0	3	0	0	0	5	18	0	0	0	0	0	0	23	88	0	0	83	160	0	0	73	92	0	16	12	0	0	14	0	0	0	5	0	0	0	7	0	0	0	5	18	0	0	7	0	0	0	25	94	0	0	174	217	0	0
283	275	40	23	0	267	16	15	0	40	23	0	14	10	0	0	102	60	0	0	259	16	15	0	16	15	0	14	10	0	0	42	40	0	0	40	23	0	2	0	0	0	3	0	0	0	14	10	0	0	102	60	0	0	251	16	15	0	16	15	0	14	10	0	0	42	40	0	0	16	15	0	2	0	0	0	0	0	0	0	14	10	0	0	42	40	0	0	40	23	0	0	0	0	0	4	0	0	0	2	0	0	0	3	0	0	0	14	10	0	0	102	60	0	0	243	16	15	0	16	15	0	14	10	0	0	42	40	0	0	16	15	0	2	0	0	0	0	0	0	0	14	10	0	0	42	40	0	0	16	15	0	0	0	0	0	1	0	0	0	2	0	0	0	0	0	0	0	14	10	0	0	42	40	0	0	40	23	0	4	0	0	0	4	0	0	0	0	0	0	0	4	0	0	0	2	0	0	0	3	0	0	0	14	10	0	0	102	60	0	0
464	452	52	32	27	440	28	0	0	52	32	27	33	0	28	0	122	80	108	155	428	26	0	0	28	0	0	25	0	0	0	69	0	0	107	52	32	27	7	0	0	0	4	16	0	0	33	0	28	0	122	80	108	155	416	25	0	0	26	0	0	23	0	0	0	66	0	0	105	28	0	0	3	0	0	0	2	0	0	0	25	0	0	0	69	0	0	107	52	32	27	0	0	0	0	1	8	0	0	7	0	0	0	4	16	0	0	33	0	28	0	122	80	108	155	404	24	0	0	25	0	0	23	0	0	0	66	0	0	92	26	0	0	3	0	0	0	2	0	0	0	23	0	0	0	66	0	0	105	28	0	0	0	0	0	0	0	0	0	0	3	0	0	0	2	0	0	0	25	0	0	0	69	0	0	107	52	32	27	0	0	3	0	0	0	0	0	0	0	0	0	1	8	0	0	7	0	0	0	4	16	0	0	33	0	28	0	122	80	108	155
612	595	65	96	19	578	29	52	0	65	96	19	31	52	8	0	141	263	95	68	561	27	52	0	29	52	0	23	52	0	0	70	143	0	51	65	96	19	7	0	0	0	7	16	0	0	31	52	8	0	141	263	95	68	544	26	52	0	27	52	0	21	52	0	0	67	143	0	51	29	52	0	3	0	0	0	2	0	0	0	23	52	0	0	70	143	0	51	65	96	19	0	0	0	0	2	8	0	0	7	0	0	0	7	16	0	0	31	52	8	0	141	263	95	68	527	25	52	0	26	52	0	21	52	0	0	67	143	0	44	27	52	0	3	0	0	0	2	0	0	0	21	52	0	0	67	143	0	51	29	52	0	0	0	0	0	1	0	0	0	3	0	0	0	2	0	0	0	23	52	0	0	70	143	0	51	65	96	19	0	0	3	0	0	0	0	0	0	0	0	0	2	8	0	0	7	0	0	0	7	16	0	0	31	52	8	0	141	263	95	68
311	303	35	7	11	295	20	0	0	35	7	11	17	0	0	0	89	7	11	20	287	20	0	0	20	0	0	17	0	0	0	55	0	0	17	35	7	11	2	0	0	0	4	0	0	0	17	0	0	0	89	7	11	20	279	20	0	0	20	0	0	17	0	0	0	55	0	0	17	20	0	0	2	0	0	0	0	0	0	0	17	0	0	0	55	0	0	17	35	7	11	0	0	0	0	2	0	0	0	2	0	0	0	4	0	0	0	17	0	0	0	89	7	11	20	271	19	0	0	20	0	0	17	0	0	0	55	0	0	14	20	0	0	2	0	0	0	0	0	0	0	17	0	0	0	55	0	0	17	20	0	0	0	0	0	0	0	0	0	0	2	0	0	0	0	0	0	0	17	0	0	0	55	0	0	17	35	7	11	0	0	3	0	0	0	0	0	0	0	0	0	2	0	0	0	2	0	0	0	4	0	0	0	17	0	0	0	89	7	11	20
405	394	44	32	11	383	21	18	0	44	32	11	19	0	0	0	112	84	22	20	372	21	18	0	21	18	0	19	0	0	0	60	63	0	17	44	32	11	2	0	0	0	6	0	0	0	19	0	0	0	112	84	22	20	361	21	18	0	21	18	0	19	0	0	0	60	63	0	17	21	18	0	2	0	0	0	0	0	0	0	19	0	0	0	60	63	0	17	44	32	11	0	0	0	0	3	0	0	0	2	0	0	0	6	0	0	0	19	0	0	0	112	84	22	20	350	20	18	0	21	18	0	19	0	0	0	60	63	0	14	21	18	0	2	0	0	0	0	0	0	0	19	0	0	0	60	63	0	17	21	18	0	0	0	0	0	1	0	0	0	2	0	0	0	0	0	0	0	19	0	0	0	60	63	0	17	44	32	11	0	0	3	0	0	0	0	0	0	0	0	0	3	0	0	0	2	0	0	0	6	0	0	0	19	0	0	0	112	84	22	20
270	263	27	12	0	256	9	0	0	27	12	0	5	0	0	0	67	24	0	0	249	9	0	0	9	0	0	5	0	0	0	27	0	0	0	27	12	0	0	0	0	0	4	0	0	0	5	0	0	0	67	24	0	0	242	9	0	0	9	0	0	5	0	0	0	27	0	0	0	9	0	0	0	0	0	0	0	0	0	0	5	0	0	0	27	0	0	0	27	12	0	0	0	0	0	2	0	0	0	0	0	0	0	4	0	0	0	5	0	0	0	67	24	0	0	235	9	0	0	9	0	0	5	0	0	0	27	0	0	0	9	0	0	0	0	0	0	0	0	0	0	5	0	0	0	27	0	0	0	9	0	0	0	0	0	0	0	0	0	0	0	0	0	0	0	0	0	0	5	0	0	0	27	0	0	0	27	12	0	0	0	0	0	0	0	0	0	0	0	0	0	2	0	0	0	0	0	0	0	4	0	0	0	5	0	0	0	67	24	0	0
632	615	56	55	85	598	34	16	62	56	55	85	37	0	30	26	90	107	255	46	581	30	16	40	34	16	62	27	0	30	0	55	16	186	0	56	55	85	9	0	20	42	2	0	0	135	37	0	30	26	90	107	255	46	564	21	16	28	30	16	40	17	0	26	0	49	16	120	0	34	16	62	1	0	20	20	2	0	0	90	27	0	30	0	55	16	186	0	56	55	85	0	0	76	39	0	0	0	59	9	0	20	42	2	0	0	135	37	0	30	26	90	107	255	46	547	19	16	28	21	16	28	13	0	9	0	43	16	84	0	30	16	40	1	0	20	20	2	0	0	88	17	0	26	0	49	16	120	0	34	16	62	0	0	76	39	0	0	0	57	1	0	20	20	2	0	0	90	27	0	30	0	55	16	186	0	56	55	85	0	0	24	0	0	0	0	0	0	0	76	39	0	0	0	59	9	0	20	42	2	0	0	135	37	0	30	26	90	107	255	46
721	700	83	169	36	679	41	119	20	83	169	36	47	212	30	0	132	379	144	46	658	37	98	18	41	119	20	38	136	30	0	75	280	80	0	83	169	36	16	47	20	16	9	32	72	0	47	212	30	0	132	379	144	46	637	33	90	9	37	98	18	30	120	26	0	68	255	72	0	41	119	20	12	15	20	0	7	30	40	0	38	136	30	0	75	280	80	0	83	169	36	10	0	40	9	1	0	36	59	16	47	20	16	9	32	72	0	47	212	30	0	132	379	144	46	616	33	90	9	33	90	9	30	120	9	0	66	255	36	0	37	98	18	12	15	20	0	7	30	36	0	30	120	26	0	68	255	72	0	41	119	20	10	0	40	9	1	0	20	57	12	15	20	0	7	30	40	0	38	136	30	0	75	280	80	0	83	169	36	4	0	0	0	4	0	0	0	10	0	40	9	1	0	36	59	16	47	20	16	9	32	72	0	47	212	30	0	132	379	144	46
416	405	36	18	38	394	20	0	10	36	18	38	23	0	0	10	79	36	76	57	383	18	0	0	20	0	10	15	0	0	0	49	0	20	0	36	18	38	5	0	0	0	2	0	0	87	23	0	0	10	79	36	76	57	372	17	0	0	18	0	0	13	0	0	0	46	0	0	0	20	0	10	1	0	0	0	2	0	0	56	15	0	0	0	49	0	20	0	36	18	38	0	0	0	0	0	0	0	0	5	0	0	0	2	0	0	87	23	0	0	10	79	36	76	57	361	17	0	0	17	0	0	13	0	0	0	46	0	0	0	18	0	0	1	0	0	0	2	0	0	54	13	0	0	0	46	0	0	0	20	0	10	0	0	0	0	0	0	0	0	1	0	0	0	2	0	0	56	15	0	0	0	49	0	20	0	36	18	38	0	0	0	0	0	0	0	0	0	0	0	0	0	0	0	0	5	0	0	0	2	0	0	87	23	0	0	10	79	36	76	57
434	422	39	30	34	410	17	20	0	39	30	34	22	10	0	0	84	92	34	68	398	15	20	0	17	20	0	14	10	0	0	40	80	0	0	39	30	34	5	0	0	0	4	0	0	0	22	10	0	0	84	92	34	68	386	14	20	0	15	20	0	12	10	0	0	37	80	0	0	17	20	0	1	0	0	0	2	0	0	0	14	10	0	0	40	80	0	0	39	30	34	0	0	0	0	0	0	0	0	5	0	0	0	4	0	0	0	22	10	0	0	84	92	34	68	374	14	20	0	14	20	0	12	10	0	0	37	80	0	0	15	20	0	1	0	0	0	2	0	0	0	12	10	0	0	37	80	0	0	17	20	0	0	0	0	0	0	0	0	0	1	0	0	0	2	0	0	0	14	10	0	0	40	80	0	0	39	30	34	0	0	0	0	0	0	0	0	0	0	0	0	0	0	0	0	5	0	0	0	4	0	0	0	22	10	0	0	84	92	34	68
364	354	39	29	8	344	19	9	0	39	29	8	23	0	0	0	70	54	32	19	334	17	9	0	19	9	0	15	0	0	0	43	9	0	0	39	29	8	5	0	0	0	2	0	0	0	23	0	0	0	70	54	32	19	324	16	9	0	17	9	0	13	0	0	0	40	9	0	0	19	9	0	1	0	0	0	2	0	0	0	15	0	0	0	43	9	0	0	39	29	8	0	0	0	0	0	0	0	0	5	0	0	0	2	0	0	0	23	0	0	0	70	54	32	19	314	16	9	0	16	9	0	13	0	0	0	40	9	0	0	17	9	0	1	0	0	0	2	0	0	0	13	0	0	0	40	9	0	0	19	9	0	0	0	0	0	0	0	0	0	1	0	0	0	2	0	0	0	15	0	0	0	43	9	0	0	39	29	8	0	0	0	0	0	0	0	0	0	0	0	0	0	0	0	0	5	0	0	0	2	0	0	0	23	0	0	0	70	54	32	19
294	286	26	12	18	278	10	0	18	26	12	18	10	0	50	0	24	6	36	0	270	8	0	18	10	0	18	0	0	50	0	12	0	36	0	26	12	18	0	0	16	0	0	0	0	0	10	0	50	0	24	6	36	0	262	8	0	18	8	0	18	0	0	50	0	12	0	36	0	10	0	18	0	0	16	0	0	0	0	0	0	0	50	0	12	0	36	0	26	12	18	0	0	0	0	0	0	0	0	0	0	16	0	0	0	0	0	10	0	50	0	24	6	36	0	254	8	0	8	8	0	18	0	0	50	0	12	0	36	0	8	0	18	0	0	16	0	0	0	0	0	0	0	50	0	12	0	36	0	10	0	18	0	0	0	0	0	0	0	0	0	0	16	0	0	0	0	0	0	0	50	0	12	0	36	0	26	12	18	0	0	0	0	0	0	0	70	0	0	0	0	0	0	0	0	0	0	16	0	0	0	0	0	10	0	50	0	24	6	36	0
578	562	44	51	81	546	26	15	42	44	51	81	27	0	62	40	54	51	243	167	530	21	15	42	26	15	42	17	0	42	40	42	15	126	92	44	51	81	3	0	56	0	3	0	0	0	27	0	62	40	54	51	243	167	514	21	15	40	21	15	42	17	0	42	36	40	15	126	58	26	15	42	3	0	40	0	3	0	0	0	17	0	42	40	42	15	126	92	44	51	81	0	0	0	16	0	0	0	0	3	0	56	0	3	0	0	0	27	0	62	40	54	51	243	167	498	21	15	17	21	15	40	17	0	42	18	40	15	120	37	21	15	42	3	0	40	0	3	0	0	0	17	0	42	36	40	15	126	58	26	15	42	0	0	0	0	0	0	0	0	3	0	40	0	3	0	0	0	17	0	42	40	42	15	126	92	44	51	81	0	0	0	41	0	0	0	129	0	0	0	16	0	0	0	0	3	0	56	0	3	0	0	0	27	0	62	40	54	51	243	167
406	395	28	10	56	384	15	0	10	28	10	56	11	0	16	20	40	10	56	201	373	14	0	10	15	0	10	9	0	0	20	31	0	10	92	28	10	56	1	0	8	0	2	0	0	0	11	0	16	20	40	10	56	201	362	14	0	8	14	0	10	9	0	0	16	31	0	10	58	15	0	10	1	0	0	0	2	0	0	0	9	0	0	20	31	0	10	92	28	10	56	0	0	0	16	0	0	0	0	1	0	8	0	2	0	0	0	11	0	16	20	40	10	56	201	351	14	0	0	14	0	8	9	0	0	0	31	0	8	37	14	0	10	1	0	0	0	2	0	0	0	9	0	0	16	31	0	10	58	15	0	10	0	0	0	0	0	0	0	0	1	0	0	0	2	0	0	0	9	0	0	20	31	0	10	92	28	10	56	0	0	0	0	0	0	0	59	0	0	0	16	0	0	0	0	1	0	8	0	2	0	0	0	11	0	16	20	40	10	56	201
393	382	32	31	26	371	20	10	0	32	31	26	14	0	16	0	44	17	78	129	360	19	10	0	20	10	0	12	0	0	0	35	10	0	82	32	31	26	1	0	8	0	2	0	0	0	14	0	16	0	44	17	78	129	349	19	10	0	19	10	0	12	0	0	0	35	10	0	58	20	10	0	1	0	0	0	2	0	0	0	12	0	0	0	35	10	0	82	32	31	26	0	0	0	0	0	0	0	0	1	0	8	0	2	0	0	0	14	0	16	0	44	17	78	129	338	19	10	0	19	10	0	12	0	0	0	35	10	0	37	19	10	0	1	0	0	0	2	0	0	0	12	0	0	0	35	10	0	58	20	10	0	0	0	0	0	0	0	0	0	1	0	0	0	2	0	0	0	12	0	0	0	35	10	0	82	32	31	26	0	0	0	0	0	0	0	0	0	0	0	0	0	0	0	0	1	0	8	0	2	0	0	0	14	0	16	0	44	17	78	129
320	311	27	20	13	302	14	8	0	27	20	13	10	0	16	0	35	14	26	44	293	13	8	0	14	8	0	8	0	0	0	26	8	0	20	27	20	13	1	0	8	0	2	0	0	0	10	0	16	0	35	14	26	44	284	13	8	0	13	8	0	8	0	0	0	26	8	0	18	14	8	0	1	0	0	0	2	0	0	0	8	0	0	0	26	8	0	20	27	20	13	0	0	0	0	0	0	0	0	1	0	8	0	2	0	0	0	10	0	16	0	35	14	26	44	275	13	8	0	13	8	0	8	0	0	0	26	8	0	9	13	8	0	1	0	0	0	2	0	0	0	8	0	0	0	26	8	0	18	14	8	0	0	0	0	0	0	0	0	0	1	0	0	0	2	0	0	0	8	0	0	0	26	8	0	20	27	20	13	0	0	0	0	0	0	0	0	0	0	0	0	0	0	0	0	1	0	8	0	2	0	0	0	10	0	16	0	35	14	26	44
495	478	95	107	37	461	76	80	36	95	107	37	57	120	51	8	108	113	74	0	444	76	80	36	76	80	36	57	120	49	8	105	104	72	0	95	107	37	17	0	0	0	11	0	0	0	57	120	51	8	108	113	74	0	427	76	80	36	76	80	36	57	120	49	8	105	104	72	0	76	80	36	17	0	0	0	11	0	0	0	57	120	49	8	105	104	72	0	95	107	37	10	0	0	0	1	0	0	0	17	0	0	0	11	0	0	0	57	120	51	8	108	113	74	0	410	76	80	36	76	80	36	57	120	49	8	105	104	72	0	76	80	36	17	0	0	0	11	0	0	0	57	120	49	8	105	104	72	0	76	80	36	10	0	0	0	1	0	0	0	17	0	0	0	11	0	0	0	57	120	49	8	105	104	72	0	95	107	37	4	0	0	0	6	0	0	0	10	0	0	0	1	0	0	0	17	0	0	0	11	0	0	0	57	120	51	8	108	113	74	0
673	654	51	35	152	635	38	18	102	51	35	152	24	0	115	84	67	18	152	194	616	38	18	92	38	18	102	24	0	105	50	65	18	102	70	51	35	152	3	0	0	20	3	0	0	36	24	0	115	84	67	18	152	194	597	38	18	92	38	18	92	24	0	89	50	65	18	92	70	38	18	102	3	0	0	20	3	0	0	20	24	0	105	50	65	18	102	70	51	35	152	0	0	0	0	0	0	0	0	3	0	0	20	3	0	0	36	24	0	115	84	67	18	152	194	578	38	18	92	38	18	92	24	0	89	50	65	18	92	66	38	18	92	3	0	0	20	3	0	0	18	24	0	89	50	65	18	92	70	38	18	102	0	0	0	0	0	0	0	0	3	0	0	20	3	0	0	20	24	0	105	50	65	18	102	70	51	35	152	0	0	0	0	0	0	0	0	0	0	0	0	0	0	0	0	3	0	0	20	3	0	0	36	24	0	115	84	67	18	152	194
366	355	29	24	40	344	19	24	8	29	24	40	15	0	18	8	34	40	0	138	333	19	24	8	19	24	8	15	0	16	8	31	40	0	60	29	24	40	2	0	0	0	1	0	0	0	15	0	18	8	34	40	0	138	322	19	24	8	19	24	8	15	0	16	8	31	40	0	60	19	24	8	2	0	0	0	1	0	0	0	15	0	16	8	31	40	0	60	29	24	40	0	0	0	0	0	0	0	0	2	0	0	0	1	0	0	0	15	0	18	8	34	40	0	138	311	19	24	8	19	24	8	15	0	16	8	31	40	0	58	19	24	8	2	0	0	0	1	0	0	0	15	0	16	8	31	40	0	60	19	24	8	0	0	0	0	0	0	0	0	2	0	0	0	1	0	0	0	15	0	16	8	31	40	0	60	29	24	40	0	0	0	0	0	0	0	0	0	0	0	0	0	0	0	0	2	0	0	0	1	0	0	0	15	0	18	8	34	40	0	138
345	334	45	34	16	323	30	30	8	45	34	16	30	24	18	8	47	48	0	26	312	30	30	8	30	30	8	30	24	16	8	44	48	0	0	45	34	16	2	0	0	0	1	0	0	0	30	24	18	8	47	48	0	26	301	30	30	8	30	30	8	30	24	16	8	44	48	0	0	30	30	8	2	0	0	0	1	0	0	0	30	24	16	8	44	48	0	0	45	34	16	0	0	0	0	0	0	0	0	2	0	0	0	1	0	0	0	30	24	18	8	47	48	0	26	290	30	30	8	30	30	8	30	24	16	8	44	48	0	0	30	30	8	2	0	0	0	1	0	0	0	30	24	16	8	44	48	0	0	30	30	8	0	0	0	0	0	0	0	0	2	0	0	0	1	0	0	0	30	24	16	8	44	48	0	0	45	34	16	0	0	0	0	0	0	0	0	0	0	0	0	0	0	0	0	2	0	0	0	1	0	0	0	30	24	18	8	47	48	0	26
549	532	85	95	57	515	60	68	39	85	95	57	58	105	115	52	107	140	114	81	498	59	66	29	60	68	39	54	99	105	18	97	132	78	42	85	95	57	11	22	0	20	6	11	0	36	58	105	115	52	107	140	114	81	481	59	66	29	59	66	29	54	99	89	18	95	132	58	42	60	68	39	11	22	0	20	6	11	0	20	54	99	105	18	97	132	78	42	85	95	57	10	0	0	0	1	0	0	0	11	22	0	20	6	11	0	36	58	105	115	52	107	140	114	81	464	59	66	29	59	66	29	54	99	89	18	95	132	58	40	59	66	29	11	22	0	20	6	11	0	18	54	99	89	18	95	132	58	42	60	68	39	10	0	0	0	1	0	0	0	11	22	0	20	6	11	0	20	54	99	105	18	97	132	78	42	85	95	57	4	0	0	0	4	0	0	0	10	0	0	0	1	0	0	0	11	22	0	20	6	11	0	36	58	105	115	52	107	140	114	81
416	403	74	39	89	390	67	36	47	74	39	89	65	27	0	104	96	66	0	246	377	67	36	45	67	36	47	65	27	0	97	93	63	0	177	74	39	89	19	0	0	20	11	0	0	0	65	27	0	104	96	66	0	246	364	67	36	43	67	36	45	65	27	0	93	93	63	0	157	67	36	47	19	0	0	18	11	0	0	0	65	27	0	97	93	63	0	177	74	39	89	15	0	0	20	2	0	0	0	19	0	0	20	11	0	0	0	65	27	0	104	96	66	0	246	351	67	36	43	67	36	43	65	27	0	93	93	63	0	157	67	36	45	19	0	0	18	11	0	0	0	65	27	0	93	93	63	0	157	67	36	47	15	0	0	20	2	0	0	0	19	0	0	18	11	0	0	0	65	27	0	97	93	63	0	177	74	39	89	7	0	0	0	12	0	0	0	15	0	0	20	2	0	0	0	19	0	0	20	11	0	0	0	65	27	0	104	96	66	0	246
670	647	130	192	96	624	104	177	69	130	192	96	104	205	10	128	197	338	0	94	601	100	167	63	104	177	69	93	189	10	113	170	307	0	75	130	192	96	19	132	0	52	18	68	0	0	104	205	10	128	197	338	0	94	578	99	157	52	100	167	63	93	173	10	93	166	290	0	65	104	177	69	16	114	0	18	16	64	0	0	93	189	10	113	170	307	0	75	130	192	96	20	122	0	29	11	11	0	36	19	132	0	52	18	68	0	0	104	205	10	128	197	338	0	94	555	95	153	52	99	157	52	91	165	9	93	164	284	0	65	100	167	63	16	110	0	18	16	64	0	0	93	173	10	93	166	290	0	65	104	177	69	14	110	0	29	11	11	0	20	16	114	0	18	16	64	0	0	93	189	10	113	170	307	0	75	130	192	96	25	44	0	0	17	60	0	0	20	122	0	29	11	11	0	36	19	132	0	52	18	68	0	0	104	205	10	128	197	338	0	94
610	589	118	140	103	568	101	132	98	118	140	103	84	115	20	59	177	168	0	0	547	101	130	97	101	132	98	84	115	20	57	166	166	0	0	118	140	103	25	26	0	12	20	0	0	0	84	115	20	59	177	168	0	0	526	100	125	94	101	130	97	84	109	20	53	166	163	0	0	101	132	98	22	24	0	10	17	0	0	0	84	115	20	57	166	166	0	0	118	140	103	25	63	0	29	10	12	0	0	25	26	0	12	20	0	0	0	84	115	20	59	177	168	0	0	505	94	122	94	100	125	94	82	103	19	53	164	160	0	0	101	130	97	22	24	0	10	17	0	0	0	84	109	20	53	166	163	0	0	101	132	98	19	60	0	29	10	12	0	0	22	24	0	10	17	0	0	0	84	115	20	57	166	166	0	0	118	140	103	30	36	0	0	23	88	0	0	25	63	0	29	10	12	0	0	25	26	0	12	20	0	0	0	84	115	20	59	177	168	0	0
568	549	122	146	32	530	94	122	30	122	146	32	79	105	17	26	242	269	64	0	511	94	119	29	94	122	30	79	96	17	24	184	245	60	0	122	146	32	22	24	0	12	11	0	0	0	79	105	17	26	242	269	64	0	492	93	116	26	94	119	29	79	96	17	20	184	242	58	0	94	122	30	19	24	0	10	9	0	0	0	79	96	17	24	184	245	60	0	122	146	32	30	42	0	29	23	11	0	0	22	24	0	12	11	0	0	0	79	105	17	26	242	269	64	0	473	87	104	22	93	116	26	77	96	16	20	182	242	52	0	94	119	29	19	24	0	10	9	0	0	0	79	96	17	20	184	242	58	0	94	122	30	24	33	0	29	14	8	0	0	19	24	0	10	9	0	0	0	79	96	17	24	184	245	60	0	122	146	32	31	144	0	12	31	82	0	0	30	42	0	29	23	11	0	0	22	24	0	12	11	0	0	0	79	105	17	26	242	269	64	0
420	407	80	46	71	394	76	30	71	80	46	71	59	0	20	0	138	0	142	0	381	76	30	71	76	30	71	59	0	20	0	138	0	142	0	80	46	71	7	0	0	0	6	0	0	0	59	0	20	0	138	0	142	0	368	76	30	70	76	30	71	59	0	20	0	138	0	142	0	76	30	71	7	0	0	0	6	0	0	0	59	0	20	0	138	0	142	0	80	46	71	12	0	0	9	7	0	0	0	7	0	0	0	6	0	0	0	59	0	20	0	138	0	142	0	355	72	30	70	76	30	70	59	0	19	0	138	0	140	0	76	30	71	7	0	0	0	6	0	0	0	59	0	20	0	138	0	142	0	76	30	71	12	0	0	9	7	0	0	0	7	0	0	0	6	0	0	0	59	0	20	0	138	0	142	0	80	46	71	29	0	0	0	23	40	0	0	12	0	0	9	7	0	0	0	7	0	0	0	6	0	0	0	59	0	20	0	138	0	142	0
453	438	67	75	64	423	55	72	43	67	75	64	46	26	0	67	142	107	0	103	408	55	70	43	55	72	43	46	24	0	67	121	102	0	101	67	75	64	5	16	0	0	1	0	0	0	46	26	0	67	142	107	0	103	393	55	68	43	55	70	43	46	24	0	67	121	100	0	100	55	72	43	5	16	0	0	0	0	0	0	46	24	0	67	121	102	0	101	67	75	64	9	22	0	0	8	0	0	0	5	16	0	0	1	0	0	0	46	26	0	67	142	107	0	103	378	48	64	41	55	68	43	46	24	0	63	121	100	0	96	55	70	43	5	16	0	0	0	0	0	0	46	24	0	67	121	100	0	100	55	72	43	6	20	0	0	5	0	0	0	5	16	0	0	0	0	0	0	46	24	0	67	121	102	0	101	67	75	64	31	44	0	24	17	48	0	0	9	22	0	0	8	0	0	0	5	16	0	0	1	0	0	0	46	26	0	67	142	107	0	103
283	273	60	34	14	263	40	33	0	60	34	14	33	7	0	0	121	103	0	103	253	40	33	0	40	33	0	33	7	0	0	88	101	0	101	60	34	14	5	0	0	0	7	0	0	0	33	7	0	0	121	103	0	103	243	40	33	0	40	33	0	33	7	0	0	88	101	0	100	40	33	0	5	0	0	0	0	0	0	0	33	7	0	0	88	101	0	101	60	34	14	21	0	0	0	7	0	0	0	5	0	0	0	7	0	0	0	33	7	0	0	121	103	0	103	233	34	33	0	40	33	0	33	7	0	0	88	101	0	96	40	33	0	5	0	0	0	0	0	0	0	33	7	0	0	88	101	0	100	40	33	0	6	0	0	0	1	0	0	0	5	0	0	0	0	0	0	0	33	7	0	0	88	101	0	101	60	34	14	33	0	0	0	21	0	0	0	21	0	0	0	7	0	0	0	5	0	0	0	7	0	0	0	33	7	0	0	121	103	0	103
367	355	68	54	0	343	39	41	0	68	54	0	25	45	0	0	157	147	0	0	331	39	41	0	39	41	0	25	45	0	0	97	123	0	0	68	54	0	6	0	0	0	14	0	0	0	25	45	0	0	157	147	0	0	319	38	38	0	39	41	0	25	45	0	0	97	123	0	0	39	41	0	2	0	0	0	0	0	0	0	25	45	0	0	97	123	0	0	68	54	0	31	12	0	0	8	0	0	0	6	0	0	0	14	0	0	0	25	45	0	0	157	147	0	0	307	31	23	0	38	38	0	21	36	0	0	92	113	0	0	39	41	0	2	0	0	0	0	0	0	0	25	45	0	0	97	123	0	0	39	41	0	3	0	0	0	0	0	0	0	2	0	0	0	0	0	0	0	25	45	0	0	97	123	0	0	68	54	0	18	12	0	0	10	0	0	0	31	12	0	0	8	0	0	0	6	0	0	0	14	0	0	0	25	45	0	0	157	147	0	0
424	410	79	77	0	396	50	59	0	79	77	0	50	42	0	0	181	199	0	0	382	43	59	0	50	59	0	41	42	0	0	121	172	0	0	79	77	0	10	0	0	0	10	21	0	0	50	42	0	0	181	199	0	0	368	39	47	0	43	59	0	29	42	0	0	109	172	0	0	50	59	0	0	0	0	0	2	0	0	0	41	42	0	0	121	172	0	0	79	77	0	20	36	0	0	5	9	0	0	10	0	0	0	10	21	0	0	50	42	0	0	181	199	0	0	354	32	30	0	39	47	0	25	18	0	0	96	132	0	0	43	59	0	0	0	0	0	2	0	0	0	29	42	0	0	109	172	0	0	50	59	0	1	0	0	0	0	0	0	0	0	0	0	0	2	0	0	0	41	42	0	0	121	172	0	0	79	77	0	9	24	0	0	6	0	0	0	20	36	0	0	5	9	0	0	10	0	0	0	10	21	0	0	50	42	0	0	181	199	0	0
351	340	69	42	0	329	44	30	0	69	42	0	48	24	0	0	162	120	0	0	318	37	26	0	44	30	0	39	24	0	0	106	102	0	0	69	42	0	6	8	0	0	10	14	0	0	48	24	0	0	162	120	0	0	307	34	8	0	37	26	0	27	8	0	0	94	82	0	0	44	30	0	0	0	0	0	2	0	0	0	39	24	0	0	106	102	0	0	69	42	0	15	32	0	0	3	6	0	0	6	8	0	0	10	14	0	0	48	24	0	0	162	120	0	0	296	28	0	0	34	8	0	27	0	0	0	86	24	0	0	37	26	0	0	0	0	0	2	0	0	0	27	8	0	0	94	82	0	0	44	30	0	0	0	0	0	0	0	0	0	0	0	0	0	2	0	0	0	39	24	0	0	106	102	0	0	69	42	0	11	0	0	0	0	0	0	0	15	32	0	0	3	6	0	0	6	8	0	0	10	14	0	0	48	24	0	0	162	120	0	0
244	236	53	7	9	228	47	7	0	53	7	9	54	0	0	0	123	0	0	0	220	38	7	0	47	7	0	42	0	0	0	114	0	0	0	53	7	9	6	0	2	0	4	0	0	0	54	0	0	0	123	0	0	0	212	25	7	0	38	7	0	26	0	0	0	97	0	0	0	47	7	0	0	0	0	0	2	0	0	0	42	0	0	0	114	0	0	0	53	7	9	0	0	29	0	0	0	0	0	6	0	2	0	4	0	0	0	54	0	0	0	123	0	0	0	204	20	7	0	25	7	0	11	0	0	0	57	0	0	0	38	7	0	0	0	0	0	2	0	0	0	26	0	0	0	97	0	0	0	47	7	0	0	0	0	0	0	0	0	0	0	0	0	0	2	0	0	0	42	0	0	0	114	0	0	0	53	7	9	0	0	18	0	0	0	0	0	0	0	29	0	0	0	0	0	6	0	2	0	4	0	0	0	54	0	0	0	123	0	0	0
281	272	50	20	5	263	42	20	0	50	20	5	45	0	0	0	110	12	0	0	254	35	8	0	42	20	0	33	0	0	0	98	12	0	0	50	20	5	6	0	2	0	4	0	10	0	45	0	0	0	110	12	0	0	245	25	8	0	35	8	0	17	0	0	0	83	0	0	0	42	20	0	0	0	0	0	2	0	0	0	33	0	0	0	98	12	0	0	50	20	5	0	0	17	0	0	0	0	0	6	0	2	0	4	0	10	0	45	0	0	0	110	12	0	0	236	23	8	0	25	8	0	11	0	0	0	53	0	0	0	35	8	0	0	0	0	0	2	0	0	0	17	0	0	0	83	0	0	0	42	20	0	0	0	0	0	0	0	0	0	0	0	0	0	2	0	0	0	33	0	0	0	98	12	0	0	50	20	5	0	0	6	0	0	0	0	0	0	0	17	0	0	0	0	0	6	0	2	0	4	0	10	0	45	0	0	0	110	12	0	0
562	543	89	144	5	524	55	108	0	89	144	5	36	204	0	0	200	333	10	0	505	48	78	0	55	108	0	25	132	0	0	126	259	0	0	89	144	5	0	36	2	0	2	21	20	0	36	204	0	0	200	333	10	0	486	41	60	0	48	78	0	21	60	0	0	115	183	0	0	55	108	0	0	0	0	0	1	15	0	0	25	132	0	0	126	259	0	0	89	144	5	0	0	17	0	1	0	15	0	0	36	2	0	2	21	20	0	36	204	0	0	200	333	10	0	467	39	60	0	41	60	0	15	60	0	0	93	135	0	0	48	78	0	0	0	0	0	1	15	0	0	21	60	0	0	115	183	0	0	55	108	0	0	0	0	0	1	0	0	0	0	0	0	0	1	15	0	0	25	132	0	0	126	259	0	0	89	144	5	0	0	6	0	0	0	0	0	0	0	17	0	1	0	15	0	0	36	2	0	2	21	20	0	36	204	0	0	200	333	10	0
407	391	69	98	5	375	43	85	0	69	98	5	49	54	0	0	156	216	5	0	359	34	79	0	43	85	0	33	48	0	0	100	200	0	0	69	98	5	6	0	2	0	3	8	5	0	49	54	0	0	156	216	5	0	343	24	79	0	34	79	0	17	48	0	0	81	200	0	0	43	85	0	0	0	0	0	1	8	0	0	33	48	0	0	100	200	0	0	69	98	5	0	0	17	0	3	0	0	0	6	0	2	0	3	8	5	0	49	54	0	0	156	216	5	0	327	22	79	0	24	79	0	11	48	0	0	51	200	0	0	34	79	0	0	0	0	0	1	8	0	0	17	48	0	0	81	200	0	0	43	85	0	0	0	0	0	1	0	0	0	0	0	0	0	1	8	0	0	33	48	0	0	100	200	0	0	69	98	5	0	0	6	0	0	0	0	0	0	0	17	0	3	0	0	0	6	0	2	0	3	8	5	0	49	54	0	0	156	216	5	0
328	316	53	56	0	304	39	40	0	53	56	0	40	20	0	0	102	76	0	0	292	31	36	0	39	40	0	29	8	0	0	81	56	0	0	53	56	0	6	0	0	0	3	4	0	0	40	20	0	0	102	76	0	0	280	28	36	0	31	36	0	17	8	0	0	67	56	0	0	39	40	0	0	0	0	0	2	0	0	0	29	8	0	0	81	56	0	0	53	56	0	0	0	0	0	2	0	0	0	6	0	0	0	3	4	0	0	40	20	0	0	102	76	0	0	268	28	36	0	28	36	0	17	8	0	0	59	56	0	0	31	36	0	0	0	0	0	2	0	0	0	17	8	0	0	67	56	0	0	39	40	0	0	0	0	0	1	0	0	0	0	0	0	0	2	0	0	0	29	8	0	0	81	56	0	0	53	56	0	0	0	0	0	0	0	0	0	0	0	0	0	2	0	0	0	6	0	0	0	3	4	0	0	40	20	0	0	102	76	0	0
301	290	53	39	16	279	34	31	0	53	39	16	32	14	34	0	110	61	16	10	268	30	31	0	34	31	0	18	14	0	0	81	61	0	0	53	39	16	0	0	18	0	2	0	0	0	32	14	34	0	110	61	16	10	257	30	31	0	30	31	0	18	14	0	0	71	61	0	0	34	31	0	0	0	0	0	2	0	0	0	18	14	0	0	81	61	0	0	53	39	16	0	0	0	0	3	0	0	0	0	0	18	0	2	0	0	0	32	14	34	0	110	61	16	10	246	30	31	0	30	31	0	18	14	0	0	71	61	0	0	30	31	0	0	0	0	0	2	0	0	0	18	14	0	0	71	61	0	0	34	31	0	0	0	0	0	2	0	0	0	0	0	0	0	2	0	0	0	18	14	0	0	81	61	0	0	53	39	16	0	0	0	0	0	0	0	0	0	0	0	0	3	0	0	0	0	0	18	0	2	0	0	0	32	14	34	0	110	61	16	10
347	335	48	47	10	323	24	33	0	48	47	10	20	12	28	0	92	91	20	5	311	21	27	0	24	33	0	8	0	0	0	46	75	0	0	48	47	10	0	0	18	0	1	0	10	0	20	12	28	0	92	91	20	5	299	21	27	0	21	27	0	8	0	0	0	38	63	0	0	24	33	0	0	0	0	0	1	0	0	0	8	0	0	0	46	75	0	0	48	47	10	0	0	0	0	0	0	0	0	0	0	18	0	1	0	10	0	20	12	28	0	92	91	20	5	287	21	27	0	21	27	0	8	0	0	0	38	63	0	0	21	27	0	0	0	0	0	1	0	0	0	8	0	0	0	38	63	0	0	24	33	0	0	0	0	0	0	0	0	0	0	0	0	0	1	0	0	0	8	0	0	0	46	75	0	0	48	47	10	0	0	0	0	0	0	0	0	0	0	0	0	0	0	0	0	0	0	18	0	1	0	10	0	20	12	28	0	92	91	20	5
265	256	34	25	4	247	21	14	0	34	25	4	9	7	4	0	57	24	8	0	238	20	14	0	21	14	0	7	7	0	0	43	14	0	0	34	25	4	0	0	0	0	0	0	0	0	9	7	4	0	57	24	8	0	229	20	14	0	20	14	0	7	7	0	0	41	14	0	0	21	14	0	0	0	0	0	0	0	0	0	7	7	0	0	43	14	0	0	34	25	4	0	0	0	0	1	0	0	0	0	0	0	0	0	0	0	0	9	7	4	0	57	24	8	0	220	20	14	0	20	14	0	7	7	0	0	41	14	0	0	20	14	0	0	0	0	0	0	0	0	0	7	7	0	0	41	14	0	0	21	14	0	0	0	0	0	1	0	0	0	0	0	0	0	0	0	0	0	7	7	0	0	43	14	0	0	34	25	4	0	0	0	0	0	0	0	0	0	0	0	0	1	0	0	0	0	0	0	0	0	0	0	0	9	7	4	0	57	24	8	0
211	204	24	14	0	197	14	6	0	24	14	0	5	0	0	0	37	8	0	0	190	13	6	0	14	6	0	3	0	0	0	25	0	0	0	24	14	0	0	0	0	0	0	0	0	0	5	0	0	0	37	8	0	0	183	13	6	0	13	6	0	3	0	0	0	23	0	0	0	14	6	0	0	0	0	0	0	0	0	0	3	0	0	0	25	0	0	0	24	14	0	0	0	0	0	0	0	0	0	0	0	0	0	0	0	0	0	5	0	0	0	37	8	0	0	176	13	6	0	13	6	0	3	0	0	0	23	0	0	0	13	6	0	0	0	0	0	0	0	0	0	3	0	0	0	23	0	0	0	14	6	0	0	0	0	0	0	0	0	0	0	0	0	0	0	0	0	0	3	0	0	0	25	0	0	0	24	14	0	0	0	0	0	0	0	0	0	0	0	0	0	0	0	0	0	0	0	0	0	0	0	0	0	5	0	0	0	37	8	0	0
189	183	23	9	0	177	12	0	0	23	9	0	3	0	0	0	35	15	0	0	171	11	0	0	12	0	0	1	0	0	0	20	0	0	0	23	9	0	0	0	0	0	0	0	0	0	3	0	0	0	35	15	0	0	165	11	0	0	11	0	0	1	0	0	0	18	0	0	0	12	0	0	0	0	0	0	0	0	0	0	1	0	0	0	20	0	0	0	23	9	0	0	0	0	0	0	0	0	0	0	0	0	0	0	0	0	0	3	0	0	0	35	15	0	0	159	11	0	0	11	0	0	1	0	0	0	18	0	0	0	11	0	0	0	0	0	0	0	0	0	0	1	0	0	0	18	0	0	0	12	0	0	0	0	0	0	0	0	0	0	0	0	0	0	0	0	0	0	1	0	0	0	20	0	0	0	23	9	0	0	0	0	0	0	0	0	0	0	0	0	0	0	0	0	0	0	0	0	0	0	0	0	0	3	0	0	0	35	15	0	0
274	265	40	20	14	256	11	0	12	40	20	14	6	0	48	12	104	60	70	0	247	11	0	2	11	0	12	6	0	42	0	26	0	60	0	40	20	14	0	0	0	8	1	0	0	5	6	0	48	12	104	60	70	0	238	11	0	0	11	0	2	6	0	8	0	26	0	10	0	11	0	12	0	0	0	0	1	0	0	0	6	0	42	0	26	0	60	0	40	20	14	0	0	0	0	0	0	0	0	0	0	0	8	1	0	0	5	6	0	48	12	104	60	70	0	229	11	0	0	11	0	0	6	0	0	0	26	0	0	0	11	0	2	0	0	0	0	1	0	0	0	6	0	8	0	26	0	10	0	11	0	12	0	0	0	0	0	0	0	0	0	0	0	0	1	0	0	0	6	0	42	0	26	0	60	0	40	20	14	0	0	0	0	0	0	0	0	0	0	0	0	0	0	0	0	0	0	0	8	1	0	0	5	6	0	48	12	104	60	70	0
362	350	40	11	52	338	31	11	22	40	11	52	14	0	30	30	79	0	0	30	326	31	11	0	31	11	22	14	0	18	0	60	0	0	0	40	11	52	0	0	0	0	2	0	0	15	14	0	30	30	79	0	0	30	314	31	11	0	31	11	0	14	0	0	0	60	0	0	0	31	11	22	0	0	0	0	2	0	0	0	14	0	18	0	60	0	0	0	40	11	52	0	0	0	0	0	0	0	0	0	0	0	0	2	0	0	15	14	0	30	30	79	0	0	30	302	31	11	0	31	11	0	14	0	0	0	60	0	0	0	31	11	0	0	0	0	0	2	0	0	0	14	0	0	0	60	0	0	0	31	11	22	0	0	0	0	0	0	0	0	0	0	0	0	2	0	0	0	14	0	18	0	60	0	0	0	40	11	52	0	0	0	0	0	0	0	0	0	0	0	0	0	0	0	0	0	0	0	0	2	0	0	15	14	0	30	30	79	0	0	30
402	388	37	51	32	374	16	33	12	37	51	32	5	0	30	12	81	104	64	14	360	16	33	0	16	33	12	5	0	18	0	29	77	24	0	37	51	32	0	0	0	0	1	0	0	10	5	0	30	12	81	104	64	14	346	16	33	0	16	33	0	5	0	0	0	29	77	0	0	16	33	12	0	0	0	0	1	0	0	0	5	0	18	0	29	77	24	0	37	51	32	0	0	0	0	0	0	0	0	0	0	0	0	1	0	0	10	5	0	30	12	81	104	64	14	332	16	33	0	16	33	0	5	0	0	0	29	77	0	0	16	33	0	0	0	0	0	1	0	0	0	5	0	0	0	29	77	0	0	16	33	12	0	0	0	0	0	0	0	0	0	0	0	0	1	0	0	0	5	0	18	0	29	77	24	0	37	51	32	0	0	0	0	0	0	0	0	0	0	0	0	0	0	0	0	0	0	0	0	1	0	0	10	5	0	30	12	81	104	64	14
297	287	33	27	11	277	11	9	6	33	27	11	4	0	24	12	79	54	33	0	267	11	9	0	11	9	6	4	0	18	0	25	18	18	0	33	27	11	0	0	0	0	1	0	0	5	4	0	24	12	79	54	33	0	257	11	9	0	11	9	0	4	0	0	0	25	18	0	0	11	9	6	0	0	0	0	1	0	0	0	4	0	18	0	25	18	18	0	33	27	11	0	0	0	0	0	0	0	0	0	0	0	0	1	0	0	5	4	0	24	12	79	54	33	0	247	11	9	0	11	9	0	4	0	0	0	25	18	0	0	11	9	0	0	0	0	0	1	0	0	0	4	0	0	0	25	18	0	0	11	9	6	0	0	0	0	0	0	0	0	0	0	0	0	1	0	0	0	4	0	18	0	25	18	18	0	33	27	11	0	0	0	0	0	0	0	0	0	0	0	0	0	0	0	0	0	0	0	0	1	0	0	5	4	0	24	12	79	54	33	0
213	206	27	12	0	199	7	0	0	27	12	0	0	0	0	0	68	30	0	0	192	7	0	0	7	0	0	0	0	0	0	18	0	0	0	27	12	0	0	0	0	0	0	0	0	0	0	0	0	0	68	30	0	0	185	7	0	0	7	0	0	0	0	0	0	18	0	0	0	7	0	0	0	0	0	0	0	0	0	0	0	0	0	0	18	0	0	0	27	12	0	0	0	0	0	0	0	0	0	0	0	0	0	0	0	0	0	0	0	0	0	68	30	0	0	178	7	0	0	7	0	0	0	0	0	0	18	0	0	0	7	0	0	0	0	0	0	0	0	0	0	0	0	0	0	18	0	0	0	7	0	0	0	0	0	0	0	0	0	0	0	0	0	0	0	0	0	0	0	0	0	0	18	0	0	0	27	12	0	0	0	0	0	0	0	0	0	0	0	0	0	0	0	0	0	0	0	0	0	0	0	0	0	0	0	0	0	68	30	0	0
410	396	44	25	53	382	21	13	26	44	25	53	12	0	29	38	114	50	53	57	368	21	13	24	21	13	26	12	0	29	30	53	26	26	30	44	25	53	0	0	0	12	1	0	0	0	12	0	29	38	114	50	53	57	354	21	13	9	21	13	24	12	0	29	2	53	26	24	2	21	13	26	0	0	0	0	1	0	0	0	12	0	29	30	53	26	26	30	44	25	53	0	0	0	24	0	0	0	5	0	0	0	12	1	0	0	0	12	0	29	38	114	50	53	57	340	21	13	0	21	13	9	12	0	18	0	53	26	9	0	21	13	24	0	0	0	0	1	0	0	0	12	0	29	2	53	26	24	2	21	13	26	0	0	0	0	0	0	0	0	0	0	0	0	1	0	0	0	12	0	29	30	53	26	26	30	44	25	53	0	0	0	0	0	0	0	0	0	0	0	24	0	0	0	5	0	0	0	12	1	0	0	0	12	0	29	38	114	50	53	57
386	373	46	36	26	360	19	0	18	46	36	26	11	0	29	6	118	99	104	14	347	19	0	18	19	0	18	11	0	29	6	48	0	72	12	46	36	26	0	0	0	0	0	0	0	0	11	0	29	6	118	99	104	14	334	19	0	9	19	0	18	11	0	29	2	48	0	72	2	19	0	18	0	0	0	0	0	0	0	0	11	0	29	6	48	0	72	12	46	36	26	1	0	0	24	3	0	0	0	0	0	0	0	0	0	0	0	11	0	29	6	118	99	104	14	321	19	0	0	19	0	9	11	0	18	0	48	0	36	0	19	0	18	0	0	0	0	0	0	0	0	11	0	29	2	48	0	72	2	19	0	18	1	0	0	0	0	0	0	0	0	0	0	0	0	0	0	0	11	0	29	6	48	0	72	12	46	36	26	6	0	0	0	8	0	0	0	1	0	0	24	3	0	0	0	0	0	0	0	0	0	0	0	11	0	29	6	118	99	104	14
477	460	64	89	35	443	27	42	26	64	89	35	23	28	29	38	163	230	175	14	426	27	42	24	27	42	26	23	28	29	30	71	84	130	12	64	89	35	0	0	0	12	1	0	0	0	23	28	29	38	163	230	175	14	409	27	42	9	27	42	24	23	28	29	2	71	84	120	2	27	42	26	0	0	0	0	1	0	0	0	23	28	29	30	71	84	130	12	64	89	35	1	0	0	24	7	0	0	5	0	0	0	12	1	0	0	0	23	28	29	38	163	230	175	14	392	27	42	0	27	42	9	23	28	18	0	71	84	45	0	27	42	24	0	0	0	0	1	0	0	0	23	28	29	2	71	84	120	2	27	42	26	1	0	0	0	2	0	0	0	0	0	0	0	1	0	0	0	23	28	29	30	71	84	130	12	64	89	35	6	0	0	0	12	0	0	0	1	0	0	24	7	0	0	5	0	0	0	12	1	0	0	0	23	28	29	38	163	230	175	14
430	415	45	48	49	400	20	26	20	45	48	49	12	0	0	50	114	146	98	57	385	20	26	12	20	26	20	12	0	0	30	47	91	40	30	45	48	49	0	0	0	12	1	0	0	10	12	0	0	50	114	146	98	57	370	20	26	2	20	26	12	12	0	0	2	47	91	24	2	20	26	20	0	0	0	0	1	0	0	0	12	0	0	30	47	91	40	30	45	48	49	0	0	0	8	1	0	0	5	0	0	0	12	1	0	0	10	12	0	0	50	114	146	98	57	355	20	26	0	20	26	2	12	0	0	0	47	91	4	0	20	26	12	0	0	0	0	1	0	0	0	12	0	0	2	47	91	24	2	20	26	20	0	0	0	0	0	0	0	0	0	0	0	0	1	0	0	0	12	0	0	30	47	91	40	30	45	48	49	0	0	0	0	2	0	0	0	0	0	0	8	1	0	0	5	0	0	0	12	1	0	0	10	12	0	0	50	114	146	98	57
297	287	32	21	13	277	12	0	0	32	21	13	8	0	0	0	83	56	39	25	267	12	0	0	12	0	0	8	0	0	0	31	0	0	18	32	21	13	0	0	0	0	0	0	0	0	8	0	0	0	83	56	39	25	257	12	0	0	12	0	0	8	0	0	0	31	0	0	2	12	0	0	0	0	0	0	0	0	0	0	8	0	0	0	31	0	0	18	32	21	13	0	0	0	0	2	0	0	0	0	0	0	0	0	0	0	0	8	0	0	0	83	56	39	25	247	12	0	0	12	0	0	8	0	0	0	31	0	0	0	12	0	0	0	0	0	0	0	0	0	0	8	0	0	0	31	0	0	2	12	0	0	0	0	0	0	0	0	0	0	0	0	0	0	0	0	0	0	8	0	0	0	31	0	0	18	32	21	13	0	0	0	0	4	0	0	0	0	0	0	0	2	0	0	0	0	0	0	0	0	0	0	0	8	0	0	0	83	56	39	25
519	501	77	45	88	483	49	0	57	77	45	88	37	0	64	36	177	105	264	74	465	46	0	57	49	0	57	30	0	64	36	110	0	171	44	77	45	88	6	0	25	0	4	0	0	0	37	0	64	36	177	105	264	74	447	45	0	57	46	0	57	30	0	64	36	107	0	171	42	49	0	57	3	0	25	0	2	0	0	0	30	0	64	36	110	0	171	44	77	45	88	16	0	0	0	12	15	0	0	6	0	25	0	4	0	0	0	37	0	64	36	177	105	264	74	429	43	0	52	45	0	57	28	0	64	21	105	0	171	18	46	0	57	3	0	25	0	2	0	0	0	30	0	64	36	107	0	171	42	49	0	57	10	0	0	0	8	0	0	0	3	0	25	0	2	0	0	0	30	0	64	36	110	0	171	44	77	45	88	26	0	0	16	21	30	0	0	16	0	0	0	12	15	0	0	6	0	25	0	4	0	0	0	37	0	64	36	177	105	264	74
374	361	60	30	50	348	36	0	14	60	30	50	32	0	32	0	149	70	150	123	335	35	0	14	36	0	14	29	0	32	0	91	0	42	64	60	30	50	6	0	9	0	4	0	0	0	32	0	32	0	149	70	150	123	322	34	0	14	35	0	14	29	0	32	0	90	0	42	54	36	0	14	3	0	9	0	2	0	0	0	29	0	32	0	91	0	42	64	60	30	50	11	0	0	0	11	10	0	0	6	0	9	0	4	0	0	0	32	0	32	0	149	70	150	123	309	32	0	14	34	0	14	27	0	32	0	88	0	42	20	35	0	14	3	0	9	0	2	0	0	0	29	0	32	0	90	0	42	54	36	0	14	5	0	0	0	8	0	0	0	3	0	9	0	2	0	0	0	29	0	32	0	91	0	42	64	60	30	50	10	0	0	0	11	20	0	0	11	0	0	0	11	10	0	0	6	0	9	0	4	0	0	0	32	0	32	0	149	70	150	123
508	489	85	110	57	470	50	74	33	85	110	57	37	45	32	36	194	250	171	61	451	48	74	33	50	74	33	33	45	32	36	112	165	99	44	85	110	57	6	0	16	0	4	0	0	0	37	45	32	36	194	250	171	61	432	47	73	33	48	74	33	33	45	32	36	110	165	99	42	50	74	33	3	0	16	0	2	0	0	0	33	45	32	36	112	165	99	44	85	110	57	17	14	0	0	23	11	0	0	6	0	16	0	4	0	0	0	37	45	32	36	194	250	171	61	413	43	67	28	47	73	33	31	42	32	21	108	162	99	18	48	74	33	3	0	16	0	2	0	0	0	33	45	32	36	110	165	99	42	50	74	33	11	14	0	0	11	0	0	0	3	0	16	0	2	0	0	0	33	45	32	36	112	165	99	44	85	110	57	26	75	0	16	22	50	0	0	17	14	0	0	23	11	0	0	6	0	16	0	4	0	0	0	37	45	32	36	194	250	171	61
452	434	89	117	17	416	39	77	8	89	117	17	24	110	24	0	193	336	85	35	398	38	77	8	39	77	8	21	110	24	0	79	220	40	26	89	117	17	10	0	8	0	16	0	0	0	24	110	24	0	193	336	85	35	380	35	77	8	38	77	8	21	110	24	0	78	220	40	24	39	77	8	3	0	8	0	5	0	0	0	21	110	24	0	79	220	40	26	89	117	17	15	0	0	0	27	38	0	0	10	0	8	0	16	0	0	0	24	110	24	0	193	336	85	35	362	32	77	8	35	77	8	18	110	24	0	74	220	40	9	38	77	8	3	0	8	0	5	0	0	0	21	110	24	0	78	220	40	24	39	77	8	8	0	0	0	7	22	0	0	3	0	8	0	5	0	0	0	21	110	24	0	79	220	40	26	86	117	17	22	0	0	0	21	28	0	0	15	0	0	0	27	38	0	0	10	0	8	0	15	0	0	0	24	110	24	0	190	336	85	35
448	431	55	86	56	414	23	60	5	55	86	56	17	72	0	15	141	222	112	176	397	23	60	5	23	60	5	17	72	0	15	64	168	10	90	55	86	56	0	0	0	0	1	0	0	0	17	72	0	15	141	222	112	176	380	23	60	5	23	60	5	17	72	0	15	64	168	10	78	23	60	5	0	0	0	0	0	0	0	0	17	72	0	15	64	168	10	90	55	86	56	1	0	0	0	15	0	0	0	0	0	0	0	1	0	0	0	17	72	0	15	141	222	112	176	363	23	60	4	23	60	5	17	72	0	12	64	168	10	29	23	60	5	0	0	0	0	0	0	0	0	17	72	0	15	64	168	10	78	23	60	5	1	0	0	0	4	0	0	0	0	0	0	0	0	0	0	0	17	72	0	15	64	168	10	90	55	86	56	6	0	0	4	14	0	0	0	1	0	0	0	15	0	0	0	0	0	0	0	1	0	0	0	17	72	0	15	141	222	112	176
449	432	66	68	83	415	35	42	26	66	68	83	26	28	22	42	143	210	166	268	398	35	42	26	35	42	26	26	28	17	42	78	168	52	117	66	68	83	9	0	0	0	15	0	0	0	26	28	22	42	143	210	166	268	381	33	42	26	35	42	26	26	28	17	42	78	168	52	117	35	42	26	3	0	0	0	4	0	0	0	26	28	17	42	78	168	52	117	66	68	83	14	0	0	0	19	16	0	0	9	0	0	0	15	0	0	0	26	28	22	42	143	210	166	268	364	27	42	26	33	42	26	24	28	17	42	76	168	52	117	35	42	26	3	0	0	0	4	0	0	0	26	28	17	42	78	168	52	117	35	42	26	5	0	0	0	8	14	0	0	3	0	0	0	4	0	0	0	26	28	17	42	78	168	52	117	66	68	83	10	0	44	0	11	0	0	0	14	0	0	0	19	16	0	0	9	0	0	0	15	0	0	0	26	28	22	42	143	210	166	268
493	475	78	47	115	457	49	17	54	78	47	115	41	0	91	68	159	111	230	268	439	47	17	54	49	17	54	35	0	84	68	103	51	108	117	78	47	115	17	0	11	0	20	15	0	0	41	0	91	68	159	111	230	268	421	43	17	54	47	17	54	33	0	84	68	97	51	108	117	49	17	54	5	0	11	0	8	0	0	0	35	0	84	68	103	51	108	117	78	47	115	22	0	22	0	8	17	0	0	17	0	11	0	20	15	0	0	41	0	91	68	159	111	230	268	403	33	17	54	43	17	54	27	0	84	68	92	51	108	117	47	17	54	3	0	11	0	8	0	0	0	33	0	84	68	97	51	108	117	49	17	54	5	0	22	0	8	17	0	0	5	0	11	0	8	0	0	0	35	0	84	68	103	51	108	117	78	47	115	12	0	86	0	15	0	0	0	22	0	22	0	8	17	0	0	17	0	11	0	20	15	0	0	41	0	91	68	159	111	230	268
415	400	60	50	64	385	28	0	56	60	50	64	31	0	107	18	121	130	320	17	370	25	0	56	28	0	56	20	0	105	18	70	0	280	8	60	50	64	6	0	15	0	11	20	0	0	31	0	107	18	121	130	320	17	355	24	0	56	25	0	56	20	0	105	18	65	0	280	8	28	0	56	3	0	15	0	6	0	0	0	20	0	105	18	70	0	280	8	60	50	64	10	0	0	0	9	0	0	0	6	0	15	0	11	20	0	0	31	0	107	18	121	130	320	17	340	22	0	56	24	0	56	18	0	105	18	63	0	280	8	25	0	56	3	0	15	0	6	0	0	0	20	0	105	18	65	0	280	8	28	0	56	4	0	0	0	9	0	0	0	3	0	15	0	6	0	0	0	20	0	105	18	70	0	280	8	60	50	64	4	0	0	0	3	0	0	0	10	0	0	0	9	0	0	0	6	0	15	0	11	20	0	0	31	0	107	18	121	130	320	17
570	547	129	192	76	524	88	153	31	129	192	76	84	98	56	24	218	366	228	212	501	84	147	31	88	153	31	74	96	53	24	140	289	93	112	129	192	76	34	90	11	0	33	51	0	0	84	98	56	24	218	366	228	212	478	76	126	31	84	147	31	72	90	53	24	134	280	93	112	88	153	31	11	53	11	0	15	36	0	0	74	96	53	24	140	289	93	112	129	192	76	15	138	46	0	15	72	76	0	34	90	11	0	33	51	0	0	84	98	56	24	218	366	228	212	455	65	100	31	76	126	31	62	68	53	24	125	256	93	112	84	147	31	9	51	11	0	15	34	0	0	72	90	53	24	134	280	93	112	88	153	31	3	68	46	0	9	68	31	0	11	53	11	0	15	36	0	0	74	96	53	24	140	289	93	112	120	192	76	12	64	102	0	17	30	152	0	15	138	46	0	15	72	76	0	34	90	11	0	33	51	0	0	84	98	56	24	217	366	228	212
285	274	53	39	6	263	27	18	0	53	39	6	26	9	0	0	104	92	24	17	252	24	18	0	27	18	0	19	9	0	0	62	45	0	8	53	39	6	9	0	0	0	14	25	0	0	26	9	0	0	104	92	24	17	241	22	18	0	24	18	0	19	9	0	0	60	45	0	8	27	18	0	3	0	0	0	4	18	0	0	19	9	0	0	62	45	0	8	53	39	6	10	0	0	0	8	9	0	0	9	0	0	0	14	25	0	0	26	9	0	0	104	92	24	17	230	20	18	0	22	18	0	17	9	0	0	58	45	0	8	24	18	0	3	0	0	0	4	18	0	0	19	9	0	0	60	45	0	8	27	18	0	4	0	0	0	8	9	0	0	3	0	0	0	4	18	0	0	19	9	0	0	62	45	0	8	53	39	6	4	0	0	0	3	0	0	0	10	0	0	0	8	9	0	0	9	0	0	0	14	25	0	0	26	9	0	0	104	92	24	17
593	571	58	21	227	549	44	0	161	58	21	227	34	0	29	151	92	0	227	344	527	37	0	154	44	0	161	25	0	26	134	77	0	161	167	58	21	227	6	0	63	58	8	0	0	0	34	0	29	151	92	0	227	344	505	25	0	154	37	0	154	13	0	26	134	65	0	154	167	44	0	161	4	0	46	58	8	0	0	0	25	0	26	134	77	0	161	167	58	21	227	4	0	151	0	7	0	0	0	6	0	63	58	8	0	0	0	34	0	29	151	92	0	227	344	483	25	0	154	25	0	154	13	0	26	134	65	0	154	167	37	0	154	4	0	46	58	8	0	0	0	13	0	26	134	65	0	154	167	44	0	161	4	0	111	0	7	0	0	0	4	0	46	58	8	0	0	0	25	0	26	134	77	0	161	167	58	21	227	9	0	0	0	16	0	0	0	4	0	151	0	7	0	0	0	6	0	63	58	8	0	0	0	34	0	29	151	92	0	227	344
321	309	23	27	57	297	11	0	38	23	27	57	13	0	16	51	35	9	171	70	285	9	0	38	11	0	38	6	0	15	51	25	0	114	56	23	27	57	1	0	0	0	4	0	0	0	13	0	16	51	35	9	171	70	273	9	0	38	9	0	38	6	0	15	51	21	0	114	56	11	0	38	1	0	0	0	4	0	0	0	6	0	15	51	25	0	114	56	23	27	57	0	0	0	0	1	0	0	0	1	0	0	0	4	0	0	0	13	0	16	51	35	9	171	70	261	9	0	38	9	0	38	6	0	15	51	21	0	114	56	9	0	38	1	0	0	0	4	0	0	0	6	0	15	51	21	0	114	56	11	0	38	0	0	0	0	1	0	0	0	1	0	0	0	4	0	0	0	6	0	15	51	25	0	114	56	23	27	57	0	0	0	0	0	0	0	0	0	0	0	0	1	0	0	0	1	0	0	0	4	0	0	0	13	0	16	51	35	9	171	70
408	392	61	72	70	376	38	38	26	61	72	70	33	44	29	37	78	139	210	261	360	32	28	26	38	38	26	23	14	26	37	59	90	78	141	61	72	70	11	0	37	0	10	28	70	0	33	44	29	37	78	139	210	261	344	28	28	26	32	28	26	17	14	26	37	52	70	78	141	38	38	26	9	0	22	0	10	28	26	0	23	14	26	37	59	90	78	141	61	72	70	4	0	48	0	6	0	0	0	11	0	37	0	10	28	70	0	33	44	29	37	78	139	210	261	328	28	28	26	28	28	26	17	14	26	37	52	70	78	141	32	28	26	9	0	22	0	10	28	26	0	17	14	26	37	52	70	78	141	38	38	26	4	0	22	0	6	0	0	0	9	0	22	0	10	28	26	0	23	14	26	37	59	90	78	141	61	72	70	4	0	0	0	6	0	0	0	4	0	48	0	6	0	0	0	11	0	37	0	10	28	70	0	33	44	29	37	78	139	210	261
345	332	49	44	50	319	28	8	37	49	44	50	28	32	62	37	60	64	200	64	306	23	0	37	28	8	37	17	0	59	37	39	16	148	56	49	44	50	8	0	48	0	8	0	50	0	28	32	62	37	60	64	200	64	293	21	0	37	23	0	37	13	0	59	37	34	0	148	56	28	8	37	6	0	44	0	8	0	37	0	17	0	59	37	39	16	148	56	49	44	50	0	0	26	0	0	0	0	0	8	0	48	0	8	0	50	0	28	32	62	37	60	64	200	64	280	21	0	37	21	0	37	13	0	59	37	34	0	148	56	23	0	37	6	0	44	0	8	0	37	0	13	0	59	37	34	0	148	56	28	8	37	0	0	22	0	0	0	0	0	6	0	44	0	8	0	37	0	17	0	59	37	39	16	148	56	49	44	50	0	0	0	0	4	0	0	0	0	0	26	0	0	0	0	0	8	0	48	0	8	0	50	0	28	32	62	37	60	64	200	64
285	274	36	26	38	263	22	10	0	36	26	38	21	0	0	0	61	30	76	229	252	19	10	0	22	10	0	14	0	0	0	51	30	0	113	36	26	38	4	0	11	0	6	0	0	0	21	0	0	0	61	30	76	229	241	17	10	0	19	10	0	12	0	0	0	45	30	0	113	22	10	0	4	0	0	0	6	0	0	0	14	0	0	0	51	30	0	113	36	26	38	4	0	22	0	6	0	0	0	4	0	11	0	6	0	0	0	21	0	0	0	61	30	76	229	230	17	10	0	17	10	0	12	0	0	0	45	30	0	113	19	10	0	4	0	0	0	6	0	0	0	12	0	0	0	45	30	0	113	22	10	0	4	0	0	0	6	0	0	0	4	0	0	0	6	0	0	0	14	0	0	0	51	30	0	113	36	26	38	4	0	0	0	2	0	0	0	4	0	22	0	6	0	0	0	4	0	11	0	6	0	0	0	21	0	0	0	61	30	76	229
281	269	36	47	42	257	20	27	41	36	47	42	11	18	70	11	30	27	126	0	245	20	27	41	20	27	41	11	18	68	11	24	27	123	0	36	47	42	0	0	0	0	0	0	0	0	11	18	70	11	30	27	126	0	233	20	27	41	20	27	41	11	18	68	11	24	27	123	0	20	27	41	0	0	0	0	0	0	0	0	11	18	68	11	24	27	123	0	36	47	42	0	0	0	0	0	0	0	0	0	0	0	0	0	0	0	0	11	18	70	11	30	27	126	0	221	20	27	41	20	27	41	11	18	68	11	24	27	123	0	20	27	41	0	0	0	0	0	0	0	0	11	18	68	11	24	27	123	0	20	27	41	0	0	0	0	0	0	0	0	0	0	0	0	0	0	0	0	11	18	68	11	24	27	123	0	36	47	42	0	0	0	0	0	0	0	0	0	0	0	0	0	0	0	0	0	0	0	0	0	0	0	0	11	18	70	11	30	27	126	0
441	424	32	16	131	407	16	0	109	32	16	131	11	0	78	75	29	0	131	107	390	16	0	108	16	0	109	11	0	68	71	21	0	109	75	32	16	131	1	0	0	15	0	0	0	0	11	0	78	75	29	0	131	107	373	16	0	108	16	0	108	11	0	68	71	21	0	108	75	16	0	109	1	0	0	15	0	0	0	0	11	0	68	71	21	0	109	75	32	16	131	0	0	0	0	0	0	0	0	1	0	0	15	0	0	0	0	11	0	78	75	29	0	131	107	356	16	0	108	16	0	108	11	0	68	71	21	0	108	75	16	0	108	1	0	0	15	0	0	0	0	11	0	68	71	21	0	108	75	16	0	109	0	0	0	0	0	0	0	0	1	0	0	15	0	0	0	0	11	0	68	71	21	0	109	75	32	16	131	0	0	0	0	0	0	0	0	0	0	0	0	0	0	0	0	1	0	0	15	0	0	0	0	11	0	78	75	29	0	131	107
234	225	18	0	49	216	10	0	14	18	0	49	7	0	24	0	27	0	0	215	207	10	0	14	10	0	14	7	0	6	0	20	0	0	101	18	0	49	1	0	0	0	2	0	0	0	7	0	24	0	27	0	0	215	198	10	0	14	10	0	14	7	0	6	0	20	0	0	101	10	0	14	1	0	0	0	2	0	0	0	7	0	6	0	20	0	0	101	18	0	49	0	0	0	0	0	0	0	0	1	0	0	0	2	0	0	0	7	0	24	0	27	0	0	215	189	10	0	14	10	0	14	7	0	6	0	20	0	0	101	10	0	14	1	0	0	0	2	0	0	0	7	0	6	0	20	0	0	101	10	0	14	0	0	0	0	0	0	0	0	1	0	0	0	2	0	0	0	7	0	6	0	20	0	0	101	18	0	49	0	0	0	0	0	0	0	0	0	0	0	0	0	0	0	0	1	0	0	0	2	0	0	0	7	0	24	0	27	0	0	215
462	443	67	98	77	424	41	48	55	67	98	77	29	32	147	50	62	100	308	120	405	39	48	53	41	48	55	25	32	121	44	49	64	220	63	67	98	77	6	0	32	22	10	0	0	0	29	32	147	50	62	100	308	120	386	39	48	53	39	48	53	25	32	117	44	49	64	212	63	41	48	55	6	0	26	22	10	0	0	0	25	32	121	44	49	64	220	63	67	98	77	0	0	0	0	0	0	0	0	6	0	32	22	10	0	0	0	29	32	147	50	62	100	308	120	367	39	48	53	39	48	53	25	32	117	44	49	64	212	63	39	48	53	6	0	22	22	10	0	0	0	25	32	117	44	49	64	212	63	41	48	55	0	0	0	0	0	0	0	0	6	0	26	22	10	0	0	0	25	32	121	44	49	64	220	63	67	98	77	0	0	0	0	4	0	0	0	0	0	0	0	0	0	0	0	6	0	32	22	10	0	0	0	29	32	147	50	62	100	308	120
276	264	22	37	56	252	7	33	0	22	37	56	3	34	18	0	28	68	0	442	240	7	32	0	7	33	0	3	32	0	0	14	64	0	262	22	37	56	0	8	0	0	2	0	0	0	3	34	18	0	28	68	0	442	228	7	32	0	7	32	0	3	32	0	0	14	64	0	255	7	33	0	0	8	0	0	2	0	0	0	3	32	0	0	14	64	0	262	22	37	56	0	0	0	0	0	0	0	0	0	8	0	0	2	0	0	0	3	34	18	0	28	68	0	442	216	7	32	0	7	32	0	3	32	0	0	14	64	0	255	7	32	0	0	8	0	0	2	0	0	0	3	32	0	0	14	64	0	255	7	33	0	0	0	0	0	0	0	0	0	0	8	0	0	2	0	0	0	3	32	0	0	14	64	0	262	22	37	56	0	0	0	0	0	0	0	0	0	0	0	0	0	0	0	0	0	8	0	0	2	0	0	0	3	34	18	0	28	68	0	442
250	239	26	26	66	228	23	24	38	26	26	66	11	16	0	84	30	24	0	119	217	23	24	37	23	24	38	11	16	0	81	30	24	0	96	26	26	66	0	0	0	11	0	0	0	0	11	16	0	84	30	24	0	119	206	23	24	37	23	24	37	11	16	0	81	30	24	0	94	23	24	38	0	0	0	11	0	0	0	0	11	16	0	81	30	24	0	96	26	26	66	0	0	0	0	0	0	0	0	0	0	0	11	0	0	0	0	11	16	0	84	30	24	0	119	195	23	24	37	23	24	37	11	16	0	81	30	24	0	94	23	24	37	0	0	0	11	0	0	0	0	11	16	0	81	30	24	0	94	23	24	38	0	0	0	0	0	0	0	0	0	0	0	11	0	0	0	0	11	16	0	81	30	24	0	96	26	26	66	0	0	0	0	0	0	0	0	0	0	0	0	0	0	0	0	0	0	0	11	0	0	0	0	11	16	0	84	30	24	0	119
234	221	47	58	29	208	37	54	20	47	58	29	49	24	0	24	50	78	0	42	195	37	54	20	37	54	20	49	24	0	24	50	78	0	41	47	58	29	10	0	0	0	6	0	0	0	49	24	0	24	50	78	0	42	182	37	54	20	37	54	20	49	24	0	24	50	78	0	41	37	54	20	10	0	0	0	6	0	0	0	49	24	0	24	50	78	0	41	47	58	29	1	0	0	0	0	0	0	0	10	0	0	0	6	0	0	0	49	24	0	24	50	78	0	42	169	37	54	20	37	54	20	49	24	0	24	50	78	0	41	37	54	20	10	0	0	0	6	0	0	0	49	24	0	24	50	78	0	41	37	54	20	1	0	0	0	0	0	0	0	10	0	0	0	6	0	0	0	49	24	0	24	50	78	0	41	46	58	29	0	0	0	0	0	0	0	0	1	0	0	0	0	0	0	0	10	0	0	0	6	0	0	0	49	24	0	24	50	78	0	42
346	330	63	62	82	314	55	59	41	63	62	82	62	33	0	69	74	67	0	250	298	55	59	40	55	59	41	62	33	0	66	74	67	0	205	63	62	82	15	0	0	11	10	0	0	0	62	33	0	69	74	67	0	250	282	55	59	40	55	59	40	62	33	0	66	74	67	0	202	55	59	41	15	0	0	11	10	0	0	0	62	33	0	66	74	67	0	205	63	62	82	1	0	0	0	0	0	0	0	15	0	0	11	10	0	0	0	62	33	0	69	74	67	0	250	266	55	59	40	55	59	40	62	33	0	66	74	67	0	202	55	59	40	15	0	0	11	10	0	0	0	62	33	0	66	74	67	0	202	55	59	41	1	0	0	0	0	0	0	0	15	0	0	11	10	0	0	0	62	33	0	66	74	67	0	205	60	62	82	0	0	0	0	2	0	0	0	1	0	0	0	0	0	0	0	15	0	0	11	10	0	0	0	62	33	0	69	74	67	0	250
378	358	85	136	93	338	70	119	76	85	136	93	84	92	76	49	99	114	93	77	318	68	119	72	70	119	76	80	92	74	46	96	113	76	55	85	136	93	19	0	0	52	15	32	0	0	84	92	76	49	99	114	93	77	298	68	119	69	68	119	72	80	92	65	44	95	113	72	53	70	119	76	19	0	0	45	15	32	0	0	80	92	74	46	96	113	76	55	85	136	93	1	0	0	34	1	0	0	0	19	0	0	52	15	32	0	0	84	92	76	49	99	114	93	77	278	68	119	69	68	119	69	80	92	58	44	95	113	69	53	68	119	72	19	0	0	45	15	32	0	0	80	92	65	44	95	113	72	53	70	119	76	1	0	0	34	1	0	0	0	19	0	0	45	15	32	0	0	80	92	74	46	96	113	76	55	76	136	93	0	0	0	0	9	0	0	0	1	0	0	34	1	0	0	0	19	0	0	52	15	32	0	0	84	92	76	49	97	114	93	77
425	404	101	153	103	383	82	127	79	101	153	103	96	77	104	111	125	162	206	77	362	78	122	54	82	127	79	88	72	102	46	117	156	158	55	101	153	103	22	60	0	85	20	62	0	120	96	77	104	111	125	162	206	77	341	78	122	40	78	122	54	88	72	87	44	116	153	108	53	82	127	79	22	60	0	45	20	62	0	63	88	72	102	46	117	156	158	55	101	153	103	7	0	0	34	8	0	0	76	22	60	0	85	20	62	0	120	96	77	104	111	125	162	206	77	320	76	122	40	78	122	40	88	72	58	44	116	153	80	53	78	122	54	22	60	0	45	20	62	0	63	88	72	87	44	116	153	108	53	82	127	79	7	0	0	34	8	0	0	31	22	60	0	45	20	62	0	63	88	72	102	46	117	156	158	55	87	153	103	10	0	0	0	9	20	0	0	7	0	0	34	8	0	0	76	22	60	0	85	19	62	0	120	96	77	104	111	119	162	206	77
389	370	114	111	92	351	92	105	90	114	111	92	85	78	0	28	210	203	0	0	332	89	105	90	92	105	90	74	78	0	28	167	201	0	0	114	111	92	20	0	0	0	35	0	0	0	85	78	0	28	210	203	0	0	313	89	105	87	89	105	90	74	78	0	26	156	201	0	0	92	105	90	20	0	0	0	21	0	0	0	74	78	0	28	167	201	0	0	108	111	92	33	0	0	38	28	0	0	0	20	0	0	0	35	0	0	0	85	78	0	28	206	203	0	0	294	81	79	82	89	105	87	74	78	0	24	156	201	0	0	89	105	90	15	0	0	0	19	0	0	0	74	78	0	26	156	201	0	0	86	105	90	20	0	0	33	11	0	0	0	20	0	0	0	21	0	0	0	74	78	0	28	163	201	0	0	89	111	92	45	44	27	55	15	0	184	0	33	0	0	38	28	0	0	0	20	0	0	0	31	0	0	0	71	78	0	28	189	203	0	0
376	355	114	145	125	334	100	135	100	114	145	125	115	140	0	76	183	218	0	196	313	97	135	99	100	135	100	108	140	0	74	167	209	0	155	114	145	125	36	0	0	16	30	54	0	0	115	140	0	76	183	218	0	196	292	96	135	91	97	135	99	108	140	0	63	166	209	0	126	100	135	100	34	0	0	13	24	48	0	0	108	140	0	74	167	209	0	155	112	145	125	18	0	0	99	8	16	0	0	36	0	0	16	30	54	0	0	115	140	0	76	183	218	0	196	271	89	135	74	96	135	91	107	140	0	46	165	209	0	109	97	135	99	34	0	0	11	24	48	0	0	108	140	0	63	166	209	0	126	98	135	100	16	0	0	56	8	16	0	0	34	0	0	13	24	48	0	0	108	140	0	74	167	209	0	155	93	145	125	22	0	30	67	1	16	0	76	18	0	0	99	8	16	0	0	36	0	0	16	28	54	0	0	110	140	0	76	172	218	0	196
385	367	106	95	111	349	89	89	96	106	95	111	73	78	0	76	178	171	0	103	331	88	89	95	89	89	96	70	78	0	74	145	163	0	79	106	95	111	38	0	0	16	31	0	0	0	73	78	0	76	178	171	0	103	313	84	87	86	88	89	95	70	78	0	63	140	163	0	54	89	89	96	26	0	0	13	21	0	0	0	70	78	0	74	145	163	0	79	103	95	111	24	26	14	110	17	39	0	0	38	0	0	16	31	0	0	0	73	78	0	76	176	171	0	103	295	73	59	65	84	87	86	67	74	0	46	134	160	0	40	88	89	95	23	0	0	11	20	0	0	0	70	78	0	63	140	163	0	54	86	89	96	15	22	14	66	7	33	0	0	26	0	0	13	21	0	0	0	70	78	0	74	143	163	0	79	83	95	111	25	70	84	110	8	0	222	76	24	26	14	110	17	39	0	0	38	0	0	16	28	0	0	0	63	78	0	76	163	171	0	103
307	291	110	108	0	275	80	90	0	110	108	0	70	63	0	0	215	169	0	0	259	73	84	0	80	90	0	50	54	0	0	149	132	0	0	108	108	0	26	18	0	0	26	18	0	0	70	63	0	0	215	169	0	0	243	69	73	0	73	84	0	43	51	0	0	125	106	0	0	78	90	0	20	9	0	0	15	3	0	0	50	54	0	0	149	132	0	0	101	108	0	29	43	0	0	27	19	0	0	26	18	0	0	26	18	0	0	68	63	0	0	205	169	0	0	228	60	55	0	69	73	0	39	39	0	0	113	70	0	0	71	84	0	14	0	0	0	14	0	0	0	43	51	0	0	125	106	0	0	71	90	0	18	10	0	0	11	7	0	0	20	9	0	0	15	3	0	0	48	54	0	0	139	132	0	0	81	93	0	39	60	0	0	13	19	0	0	29	43	0	0	27	19	0	0	23	18	0	0	19	18	0	0	52	63	0	0	180	169	0	0
321	304	123	118	0	287	89	100	0	123	118	0	100	39	0	0	253	258	0	0	270	76	94	0	89	100	0	61	23	0	0	184	211	0	0	121	118	0	41	12	0	0	33	70	0	0	100	39	0	0	253	258	0	0	253	67	83	0	76	94	0	46	21	0	0	147	195	0	0	87	100	0	20	4	0	0	13	47	0	0	61	23	0	0	184	211	0	0	110	118	0	35	70	0	0	15	54	0	0	41	12	0	0	33	70	0	0	98	39	0	0	235	258	0	0	236	56	67	0	67	83	0	38	12	0	0	121	160	0	0	74	94	0	13	0	0	0	12	45	0	0	46	21	0	0	147	195	0	0	76	100	0	15	54	0	0	7	43	0	0	20	4	0	0	13	47	0	0	59	23	0	0	166	211	0	0	94	118	0	28	103	0	0	9	35	0	0	35	70	0	0	15	54	0	0	38	12	0	0	27	70	0	0	82	39	0	0	214	258	0	0
265	249	90	100	5	233	62	78	0	90	100	5	70	50	7	0	168	169	15	0	218	51	77	0	62	78	0	41	48	0	0	124	127	0	0	79	85	5	23	12	0	0	12	18	0	0	70	50	7	0	165	169	15	0	205	41	74	0	51	77	0	26	48	0	0	90	127	0	0	57	65	0	6	12	0	0	7	12	0	0	41	48	0	0	123	127	0	0	71	59	5	13	18	11	0	9	9	0	0	23	12	0	0	12	18	0	0	64	24	7	0	155	91	15	0	193	36	66	0	41	74	0	18	48	0	0	59	124	0	0	47	65	0	2	12	0	0	7	12	0	0	26	48	0	0	89	127	0	0	52	41	0	6	0	0	0	8	9	0	0	6	12	0	0	7	12	0	0	38	24	0	0	115	55	0	0	60	47	5	19	18	5	0	6	9	5	0	13	18	11	0	9	9	0	0	21	0	0	0	8	6	0	0	54	0	7	0	141	55	15	0
304	290	88	71	5	276	51	45	0	88	71	5	46	106	7	0	184	211	10	0	262	44	20	0	51	45	0	26	52	0	0	97	131	0	0	83	71	5	17	48	0	0	10	6	15	0	46	106	7	0	183	211	10	0	248	36	6	0	44	20	0	17	12	0	0	75	44	0	0	46	45	0	4	18	0	0	6	0	0	0	26	52	0	0	96	131	0	0	80	71	5	14	12	11	0	12	13	10	0	17	48	0	0	10	6	15	0	41	106	7	0	173	211	10	0	234	31	0	0	36	6	0	11	0	0	0	50	6	0	0	39	20	0	3	0	0	0	6	0	0	0	17	12	0	0	74	44	0	0	43	45	0	6	0	0	0	8	11	0	0	4	18	0	0	6	0	0	0	21	52	0	0	86	131	0	0	73	71	5	19	0	5	0	8	13	5	0	14	12	11	0	12	13	10	0	14	48	0	0	7	6	15	0	39	106	7	0	164	211	10	0
245	231	78	75	5	217	53	66	0	78	75	5	61	21	7	0	154	102	5	0	204	44	56	0	53	66	0	38	13	0	0	99	93	0	0	73	62	5	20	35	0	0	11	11	5	0	61	21	7	0	153	102	5	0	191	35	49	0	44	56	0	24	6	0	0	71	64	0	0	48	53	0	4	28	0	0	6	11	0	0	38	13	0	0	98	93	0	0	65	62	5	15	6	11	0	10	9	5	0	20	35	0	0	11	11	5	0	53	21	7	0	139	102	5	0	180	30	42	0	35	49	0	17	0	0	0	44	39	0	0	40	45	0	1	22	0	0	6	11	0	0	24	6	0	0	70	64	0	0	43	53	0	6	0	0	0	7	8	0	0	4	28	0	0	6	11	0	0	33	13	0	0	86	93	0	0	57	40	5	18	9	5	0	7	9	5	0	15	6	11	0	10	9	5	0	19	13	0	0	8	0	5	0	45	21	7	0	129	69	5	0
305	291	71	71	2	277	37	36	0	71	71	2	33	124	4	0	159	198	6	0	263	31	10	0	37	36	0	19	40	0	0	78	108	0	0	66	71	2	14	30	0	0	8	5	8	0	33	124	4	0	158	198	6	0	249	27	0	0	31	10	0	12	0	0	0	56	30	0	0	32	36	0	7	0	0	0	5	0	0	0	19	40	0	0	77	108	0	0	63	71	2	13	0	2	0	12	0	4	0	14	30	0	0	8	5	8	0	28	124	4	0	148	198	6	0	235	23	0	0	27	0	0	8	0	0	0	44	0	0	0	26	10	0	3	0	0	0	5	0	0	0	12	0	0	0	55	30	0	0	29	36	0	5	0	0	0	8	0	0	0	7	0	0	0	5	0	0	0	14	40	0	0	67	108	0	0	60	71	2	13	0	2	0	8	0	0	0	13	0	2	0	12	0	4	0	11	30	0	0	6	5	8	0	26	124	4	0	142	198	6	0
166	155	46	45	0	144	27	32	0	45	45	0	41	29	0	0	96	64	0	0	136	19	28	0	27	32	0	22	21	0	0	65	51	0	0	39	21	0	18	0	0	0	5	0	0	0	41	29	0	0	94	56	0	0	129	14	28	0	19	28	0	7	21	0	0	37	35	0	0	25	11	0	7	0	0	0	2	0	0	0	22	21	0	0	65	44	0	0	37	14	0	6	0	0	0	4	0	0	0	18	0	0	0	5	0	0	0	39	8	0	0	88	28	0	0	122	11	28	0	14	28	0	4	21	0	0	21	35	0	0	17	7	0	3	0	0	0	2	0	0	0	7	21	0	0	37	28	0	0	23	4	0	0	0	0	0	4	0	0	0	7	0	0	0	2	0	0	0	20	0	0	0	59	16	0	0	34	14	0	3	0	0	0	3	0	0	0	6	0	0	0	4	0	0	0	15	0	0	0	3	0	0	0	37	8	0	0	82	28	0	0
268	254	44	60	45	240	13	40	45	44	60	45	7	40	76	0	102	168	90	0	226	12	40	45	13	40	45	2	40	76	0	41	140	90	0	44	60	45	5	0	0	0	9	0	0	0	7	40	76	0	102	168	90	0	212	11	40	45	12	40	45	2	40	76	0	39	140	90	0	13	40	45	0	0	0	0	0	0	0	0	2	40	76	0	41	140	90	0	44	60	45	0	0	0	0	4	12	0	0	5	0	0	0	9	0	0	0	7	40	76	0	102	168	90	0	198	11	40	45	11	40	45	2	40	76	0	38	140	90	0	12	40	45	0	0	0	0	0	0	0	0	2	40	76	0	39	140	90	0	13	40	45	0	0	0	0	2	10	0	0	0	0	0	0	0	0	0	0	2	40	76	0	41	140	90	0	44	60	45	0	0	0	0	0	0	0	0	0	0	0	0	4	12	0	0	5	0	0	0	9	0	0	0	7	40	76	0	102	168	90	0
358	341	77	81	52	324	41	26	28	77	81	52	34	50	92	17	179	234	260	12	307	33	16	23	41	26	28	20	0	54	0	95	84	140	0	76	81	52	4	0	46	0	4	0	52	0	34	50	92	17	179	234	260	12	290	29	16	23	33	16	23	14	0	54	0	70	64	115	0	40	26	28	1	0	11	0	4	0	28	0	20	0	54	0	95	84	140	0	74	81	52	6	0	24	0	12	0	0	0	4	0	46	0	4	0	52	0	32	50	92	17	173	234	260	12	273	29	16	23	29	16	23	14	0	54	0	66	64	115	0	32	16	23	1	0	0	0	4	0	23	0	14	0	54	0	70	64	115	0	38	26	28	6	0	5	0	10	0	0	0	1	0	11	0	4	0	28	0	18	0	54	0	89	84	140	0	72	81	52	18	0	0	0	7	0	0	0	6	0	24	0	12	0	0	0	3	0	46	0	3	0	52	0	30	50	92	17	170	234	260	12
169	160	31	25	7	151	9	18	7	31	25	7	9	12	7	0	82	88	7	0	142	8	18	7	9	18	7	4	12	7	0	30	78	7	0	31	25	7	5	0	0	0	8	0	0	0	9	12	7	0	82	88	7	0	133	7	18	7	8	18	7	4	12	7	0	28	78	7	0	9	18	7	0	0	0	0	0	0	0	0	4	12	7	0	30	78	7	0	31	25	7	0	0	0	0	4	8	0	0	5	0	0	0	8	0	0	0	9	12	7	0	82	88	7	0	124	7	18	7	7	18	7	4	12	7	0	27	78	7	0	8	18	7	0	0	0	0	0	0	0	0	4	12	7	0	28	78	7	0	9	18	7	0	0	0	0	2	6	0	0	0	0	0	0	0	0	0	0	4	12	7	0	30	78	7	0	31	25	7	0	0	0	0	0	0	0	0	0	0	0	0	4	8	0	0	5	0	0	0	8	0	0	0	9	12	7	0	82	88	7	0
231	220	56	19	27	209	35	10	2	56	19	27	36	0	42	8	137	50	27	12	198	29	10	0	35	10	2	17	0	0	0	79	50	2	0	52	19	27	9	0	28	0	12	0	0	0	36	0	42	8	136	50	27	12	187	25	10	0	29	10	0	14	0	0	0	63	50	0	0	31	10	2	1	0	2	0	4	0	0	0	17	0	0	0	78	50	2	0	49	19	27	5	0	18	0	8	10	0	0	9	0	28	0	12	0	0	0	31	0	42	8	126	50	27	12	176	25	10	0	25	10	0	14	0	0	0	59	50	0	0	25	10	0	1	0	0	0	4	0	0	0	14	0	0	0	62	50	0	0	28	10	2	5	0	2	0	8	10	0	0	1	0	2	0	4	0	0	0	12	0	0	0	68	50	2	0	48	19	27	12	0	0	0	5	0	0	0	5	0	18	0	8	10	0	0	8	0	28	0	11	0	0	0	29	0	42	8	123	50	27	12
132	126	31	0	21	120	23	0	0	31	0	21	19	0	30	0	68	0	0	12	114	20	0	0	23	0	0	10	0	0	0	48	0	0	0	26	0	21	4	0	16	0	2	0	0	0	19	0	30	0	67	0	0	12	108	18	0	0	20	0	0	9	0	0	0	38	0	0	0	18	0	0	3	0	0	0	2	0	0	0	10	0	0	0	47	0	0	0	23	0	21	0	0	12	0	4	0	0	0	4	0	16	0	2	0	0	0	14	0	30	0	57	0	0	12	102	18	0	0	18	0	0	9	0	0	0	36	0	0	0	15	0	0	3	0	0	0	2	0	0	0	9	0	0	0	37	0	0	0	15	0	0	0	0	0	0	4	0	0	0	3	0	0	0	2	0	0	0	5	0	0	0	37	0	0	0	20	0	21	3	0	0	0	2	0	0	0	0	0	12	0	4	0	0	0	1	0	16	0	0	0	0	0	12	0	30	0	51	0	0	12
333	317	34	39	95	301	6	0	78	34	39	95	2	0	108	43	87	91	285	52	285	5	0	67	6	0	78	0	0	88	16	17	0	234	28	34	39	95	0	0	8	0	0	0	0	7	2	0	108	43	87	91	285	52	269	5	0	66	5	0	67	0	0	66	16	16	0	201	23	6	0	78	0	0	6	0	0	0	0	0	0	0	88	16	17	0	234	28	34	39	95	0	0	0	14	6	0	0	0	0	0	8	0	0	0	0	7	2	0	108	43	87	91	285	52	253	5	0	66	5	0	66	0	0	63	16	16	0	198	23	5	0	67	0	0	0	0	0	0	0	0	0	0	66	16	16	0	201	23	6	0	78	0	0	0	14	1	0	0	0	0	0	6	0	0	0	0	0	0	0	88	16	17	0	234	28	34	39	95	0	0	0	0	4	0	0	0	0	0	0	14	6	0	0	0	0	0	8	0	0	0	0	7	2	0	108	43	87	91	285	52
376	358	28	32	138	340	8	0	116	28	32	138	4	0	60	46	74	48	276	97	322	8	0	116	8	0	116	4	0	50	46	26	0	232	73	28	32	138	0	0	0	0	0	0	0	0	4	0	60	46	74	48	276	97	304	8	0	116	8	0	116	4	0	50	46	26	0	232	68	8	0	116	0	0	0	0	0	0	0	0	4	0	50	46	26	0	232	73	28	32	138	0	0	0	0	3	0	0	0	0	0	0	0	0	0	0	0	4	0	60	46	74	48	276	97	286	8	0	116	8	0	116	4	0	50	46	26	0	232	68	8	0	116	0	0	0	0	0	0	0	0	4	0	50	46	26	0	232	68	8	0	116	0	0	0	0	1	0	0	0	0	0	0	0	0	0	0	0	4	0	50	46	26	0	232	73	28	32	138	0	0	0	0	2	0	0	0	0	0	0	0	3	0	0	0	0	0	0	0	0	0	0	0	4	0	60	46	74	48	276	97
399	380	32	0	138	361	15	0	95	32	0	138	6	0	26	90	97	0	0	131	342	15	0	90	15	0	95	6	0	10	75	52	0	0	82	32	0	138	0	0	0	0	0	0	0	2	6	0	26	90	97	0	0	131	323	15	0	90	15	0	90	6	0	0	75	52	0	0	75	15	0	95	0	0	0	0	0	0	0	0	6	0	10	75	52	0	0	82	32	0	138	0	0	0	0	3	0	0	0	0	0	0	0	0	0	0	2	6	0	26	90	97	0	0	131	304	15	0	90	15	0	90	6	0	0	75	52	0	0	75	15	0	90	0	0	0	0	0	0	0	0	6	0	0	75	52	0	0	75	15	0	95	0	0	0	0	3	0	0	0	0	0	0	0	0	0	0	0	6	0	10	75	52	0	0	82	32	0	138	0	0	0	0	0	0	0	0	0	0	0	0	3	0	0	0	0	0	0	0	0	0	0	2	6	0	26	90	97	0	0	131
331	315	35	55	71	299	2	0	56	35	55	71	2	0	78	27	87	176	355	52	283	1	0	45	2	0	56	0	0	58	0	5	0	280	28	35	55	71	0	0	8	0	0	0	0	7	2	0	78	27	87	176	355	52	267	1	0	45	1	0	45	0	0	36	0	4	0	225	23	2	0	56	0	0	6	0	0	0	0	0	0	0	58	0	5	0	280	28	35	55	71	0	0	0	0	17	0	0	0	0	0	8	0	0	0	0	7	2	0	78	27	87	176	355	52	251	1	0	45	1	0	45	0	0	36	0	4	0	225	23	1	0	45	0	0	0	0	0	0	0	0	0	0	36	0	4	0	225	23	2	0	56	0	0	0	0	1	0	0	0	0	0	6	0	0	0	0	0	0	0	58	0	5	0	280	28	35	55	71	0	0	0	0	6	0	0	0	0	0	0	0	17	0	0	0	0	0	8	0	0	0	0	7	2	0	78	27	87	176	355	52
269	256	38	36	39	243	11	0	21	38	36	39	6	0	49	41	83	99	156	52	230	9	0	0	11	0	21	3	0	28	0	14	0	84	28	34	36	39	2	0	15	0	1	0	0	12	6	0	49	41	82	99	156	52	217	9	0	0	9	0	0	3	0	0	0	12	0	0	23	7	0	21	2	0	12	0	1	0	0	0	3	0	28	0	13	0	84	28	33	36	39	0	0	0	0	12	0	0	0	2	0	15	0	1	0	0	12	3	0	49	41	78	99	156	52	204	9	0	0	9	0	0	3	0	0	0	12	0	0	23	5	0	0	2	0	0	0	1	0	0	0	3	0	0	0	11	0	0	23	6	0	21	0	0	0	0	2	0	0	0	2	0	12	0	1	0	0	0	0	0	28	0	9	0	84	28	31	36	39	1	0	0	0	6	0	0	0	0	0	0	0	12	0	0	0	0	0	15	0	0	0	0	12	3	0	49	41	75	99	156	52
355	337	67	65	116	319	34	0	104	67	65	116	19	0	88	15	103	195	580	71	301	33	0	103	34	0	104	17	0	88	15	27	0	520	56	67	65	116	23	0	17	6	23	0	0	0	19	0	88	15	103	195	580	71	283	27	0	100	33	0	103	17	0	87	15	25	0	515	45	34	0	104	2	0	17	3	3	0	0	0	17	0	88	15	27	0	520	56	67	65	116	8	0	0	9	21	78	0	0	23	0	17	6	23	0	0	0	19	0	88	15	103	195	580	71	265	19	0	69	27	0	100	16	0	84	14	20	0	500	45	33	0	103	0	0	17	0	1	0	0	0	17	0	87	15	25	0	515	45	34	0	104	0	0	0	0	0	0	0	0	2	0	17	3	3	0	0	0	17	0	88	15	27	0	520	56	58	65	116	5	0	85	89	6	13	0	203	8	0	0	9	21	78	0	0	23	0	17	6	22	0	0	0	19	0	88	15	100	195	580	71
438	416	52	40	187	394	29	0	122	52	40	187	15	0	59	152	92	60	374	343	372	29	0	104	29	0	122	15	0	56	84	40	0	244	271	52	40	187	1	0	0	45	6	0	0	52	15	0	59	152	92	60	374	343	350	28	0	86	29	0	104	15	0	51	46	40	0	208	228	29	0	122	0	0	0	7	4	0	0	28	15	0	56	84	40	0	244	271	52	40	187	9	0	0	17	26	20	0	7	1	0	0	45	6	0	0	52	15	0	59	152	92	60	374	343	328	22	0	56	28	0	86	14	0	38	45	38	0	172	227	29	0	104	0	0	0	0	4	0	0	23	15	0	51	46	40	0	208	228	29	0	122	5	0	0	0	3	0	0	0	0	0	0	7	4	0	0	28	15	0	56	84	40	0	244	271	48	40	187	15	0	51	38	10	20	0	203	9	0	0	17	26	20	0	7	1	0	0	45	5	0	0	52	15	0	59	152	89	60	374	343
259	246	23	12	106	233	5	0	52	23	12	106	1	0	22	67	49	12	106	343	220	5	0	52	5	0	52	1	0	22	67	5	0	52	271	23	12	106	1	0	0	0	1	0	0	0	1	0	22	67	49	12	106	343	207	4	0	52	5	0	52	1	0	22	67	5	0	52	228	5	0	52	0	0	0	0	1	0	0	0	1	0	22	67	5	0	52	271	23	12	106	1	0	0	0	17	12	0	0	1	0	0	0	1	0	0	0	1	0	22	67	49	12	106	343	194	3	0	51	4	0	52	0	0	22	66	3	0	52	227	5	0	52	0	0	0	0	1	0	0	0	1	0	22	67	5	0	52	228	5	0	52	0	0	0	0	0	0	0	0	0	0	0	0	1	0	0	0	1	0	22	67	5	0	52	271	20	12	106	0	0	0	14	5	12	0	0	1	0	0	0	17	12	0	0	1	0	0	0	0	0	0	0	1	0	22	67	46	12	106	343
256	243	38	36	59	230	13	0	37	38	36	59	4	0	36	24	66	90	236	110	217	13	0	37	13	0	37	4	0	36	24	10	0	148	77	38	36	59	16	0	0	0	15	0	0	0	4	0	36	24	66	90	236	110	204	8	0	37	13	0	37	4	0	36	24	10	0	148	45	13	0	37	0	0	0	0	1	0	0	0	4	0	36	24	10	0	148	77	38	36	59	1	0	0	0	14	45	0	0	16	0	0	0	15	0	0	0	4	0	36	24	66	90	236	110	191	7	0	37	8	0	37	3	0	36	24	5	0	148	45	13	0	37	0	0	0	0	1	0	0	0	4	0	36	24	10	0	148	45	13	0	37	0	0	0	0	0	0	0	0	0	0	0	0	1	0	0	0	4	0	36	24	10	0	148	77	32	36	59	0	0	0	0	5	9	0	0	1	0	0	0	14	45	0	0	16	0	0	0	14	0	0	0	4	0	36	24	63	90	236	110
316	300	46	48	82	284	18	0	41	46	48	82	4	0	48	63	70	132	328	205	268	18	0	34	18	0	41	4	0	44	44	11	0	164	155	45	48	82	11	0	0	39	16	0	0	0	4	0	48	63	70	132	328	205	252	15	0	14	18	0	34	4	0	40	0	11	0	136	112	17	0	41	2	0	0	3	2	0	0	0	4	0	44	44	11	0	164	155	45	48	82	2	0	0	9	18	36	0	12	11	0	0	39	16	0	0	0	4	0	48	63	70	132	328	205	236	13	0	11	15	0	14	3	0	25	0	9	0	56	111	17	0	34	2	0	0	0	2	0	0	0	4	0	40	0	11	0	136	112	17	0	41	0	0	0	0	0	0	0	0	2	0	0	3	2	0	0	0	4	0	44	44	11	0	164	155	37	48	82	4	0	7	0	8	12	0	0	2	0	0	9	18	36	0	12	9	0	0	39	14	0	0	0	4	0	48	63	64	132	328	205
346	325	65	102	132	304	45	86	54	65	102	132	20	16	0	114	82	101	132	550	283	44	85	50	45	86	54	17	16	0	107	46	86	54	356	62	102	132	28	15	0	31	29	18	0	0	20	16	0	114	82	101	132	550	262	38	69	41	44	85	50	17	15	0	97	46	84	50	330	42	86	54	8	0	0	24	9	18	0	0	17	16	0	107	46	86	54	356	55	102	132	5	15	10	54	3	0	132	0	28	15	0	31	29	18	0	0	15	16	0	114	72	101	132	550	244	27	54	16	38	69	41	14	0	0	66	41	54	41	289	42	85	50	8	0	0	0	9	18	0	0	17	15	0	97	46	84	50	330	38	86	54	5	0	7	7	3	0	54	0	8	0	0	24	9	18	0	0	15	16	0	107	38	86	54	356	38	48	132	5	0	102	17	2	0	132	15	5	15	10	54	3	0	132	0	25	15	0	31	25	0	0	0	7	16	0	114	58	47	132	550
298	282	50	51	110	266	30	15	68	50	51	110	26	0	27	100	63	72	330	257	250	24	12	68	30	15	68	10	0	26	100	19	0	204	182	50	51	110	20	36	0	0	19	72	0	0	26	0	27	100	63	72	330	257	234	17	0	68	24	12	68	10	0	26	100	18	0	204	174	30	15	68	0	0	0	0	1	0	0	0	10	0	26	100	19	0	204	182	50	51	110	1	0	36	0	0	0	110	0	20	36	0	0	19	72	0	0	26	0	27	100	63	72	330	257	218	16	0	68	17	0	68	9	0	26	100	12	0	204	151	24	12	68	0	0	0	0	1	0	0	0	10	0	26	100	18	0	204	174	30	15	68	0	0	34	0	0	0	68	0	0	0	0	0	1	0	0	0	10	0	26	100	19	0	204	182	38	51	110	0	0	0	0	0	0	0	0	1	0	36	0	0	0	110	0	20	36	0	0	18	72	0	0	26	0	27	100	60	72	330	257
289	270	69	131	53	251	43	96	28	69	131	53	42	45	18	39	78	138	212	175	232	37	84	28	43	96	28	26	45	17	39	33	66	112	141	69	131	53	20	96	0	0	22	48	0	0	42	45	18	39	78	138	212	175	213	30	60	28	37	84	28	26	45	17	39	32	54	112	140	43	96	28	9	0	0	0	6	0	0	0	26	45	17	39	33	66	112	141	69	131	53	1	0	62	0	0	0	159	0	20	96	0	0	22	48	0	0	42	45	18	39	78	138	212	175	197	27	60	28	30	60	28	21	45	17	39	26	30	112	137	37	84	28	9	0	0	0	6	0	0	0	26	45	17	39	32	54	112	140	43	96	28	0	0	56	0	0	0	84	0	9	0	0	0	6	0	0	0	26	45	17	39	33	66	112	141	49	83	53	0	0	26	0	0	0	0	0	1	0	62	0	0	0	159	0	20	96	0	0	20	48	0	0	42	45	18	39	70	138	212	175
188	178	34	16	54	168	18	0	0	34	16	54	8	0	0	0	47	24	108	444	158	16	0	0	18	0	0	4	0	0	0	10	0	0	304	34	16	54	21	0	0	0	19	16	0	0	8	0	0	0	47	24	108	444	148	10	0	0	16	0	0	4	0	0	0	10	0	0	278	18	0	0	0	0	0	0	1	0	0	0	4	0	0	0	10	0	0	304	34	16	54	1	0	0	0	0	0	0	0	21	0	0	0	19	16	0	0	8	0	0	0	47	24	108	444	138	9	0	0	10	0	0	3	0	0	0	5	0	0	237	16	0	0	0	0	0	0	1	0	0	0	4	0	0	0	10	0	0	278	18	0	0	0	0	0	0	0	0	0	0	0	0	0	0	1	0	0	0	4	0	0	0	10	0	0	304	26	16	54	0	0	0	0	0	0	0	0	1	0	0	0	0	0	0	0	21	0	0	0	18	16	0	0	8	0	0	0	44	24	108	444
228	214	50	65	25	200	27	35	0	50	65	25	26	0	0	0	66	78	125	198	186	21	30	0	27	35	0	10	0	0	0	20	0	0	145	50	65	25	16	30	0	0	15	36	0	0	26	0	0	0	66	78	125	198	172	16	24	0	21	30	0	10	0	0	0	19	0	0	137	27	35	0	0	0	0	0	1	0	0	0	10	0	0	0	20	0	0	145	50	65	25	1	0	0	0	0	0	25	0	16	30	0	0	15	36	0	0	26	0	0	0	66	78	125	198	160	15	24	0	16	24	0	9	0	0	0	14	0	0	114	21	30	0	0	0	0	0	1	0	0	0	10	0	0	0	19	0	0	137	27	35	0	0	0	0	0	0	0	0	0	0	0	0	0	1	0	0	0	10	0	0	0	20	0	0	145	40	41	25	0	0	0	0	0	0	0	0	1	0	0	0	0	0	25	0	16	30	0	0	14	36	0	0	26	0	0	0	63	78	125	198
300	283	53	56	111	266	35	26	74	53	56	111	26	52	26	45	55	65	222	242	249	19	0	73	35	26	74	9	0	26	43	27	0	148	96	53	56	111	0	0	142	17	2	0	222	0	26	52	26	45	55	65	222	242	232	19	0	73	19	0	73	9	0	26	43	19	0	146	96	35	26	74	0	0	96	17	2	0	148	0	9	0	26	43	27	0	148	96	53	56	111	0	0	0	0	0	0	0	0	0	0	142	17	2	0	222	0	26	52	26	45	55	65	222	242	215	19	0	73	19	0	73	9	0	26	43	19	0	146	96	19	0	73	0	0	94	17	2	0	146	0	9	0	26	43	19	0	146	96	35	26	74	0	0	0	0	0	0	0	0	0	0	96	17	2	0	148	0	9	0	26	43	27	0	148	96	44	56	111	0	0	0	0	0	0	0	0	0	0	0	0	0	0	0	0	0	0	142	17	2	0	222	0	26	52	26	45	55	65	222	242
176	166	33	24	14	156	15	0	8	33	24	14	20	0	16	0	31	42	56	25	146	7	0	8	15	0	8	2	0	16	0	7	0	32	0	33	24	14	0	0	14	0	0	0	0	0	20	0	16	0	31	42	56	25	136	7	0	8	7	0	8	2	0	16	0	6	0	32	0	15	0	8	0	0	8	0	0	0	0	0	2	0	16	0	7	0	32	0	33	24	14	0	0	0	0	0	0	0	0	0	0	14	0	0	0	0	0	20	0	16	0	31	42	56	25	126	7	0	8	7	0	8	2	0	16	0	6	0	32	0	7	0	8	0	0	8	0	0	0	0	0	2	0	16	0	6	0	32	0	15	0	8	0	0	0	0	0	0	0	0	0	0	8	0	0	0	0	0	2	0	16	0	7	0	32	0	29	24	14	0	0	0	0	0	0	0	0	0	0	0	0	0	0	0	0	0	0	14	0	0	0	0	0	20	0	16	0	31	42	56	25
179	169	41	9	49	159	26	0	0	41	9	49	22	0	0	0	39	27	49	374	149	14	0	0	26	0	0	6	0	0	0	15	0	0	150	41	9	49	0	0	57	0	1	0	0	0	22	0	0	0	39	27	49	374	139	13	0	0	14	0	0	5	0	0	0	9	0	0	146	26	0	0	0	0	0	0	1	0	0	0	6	0	0	0	15	0	0	150	41	9	49	0	0	15	0	0	0	0	0	0	0	57	0	1	0	0	0	22	0	0	0	39	27	49	374	129	13	0	0	13	0	0	5	0	0	0	9	0	0	137	14	0	0	0	0	0	0	1	0	0	0	5	0	0	0	9	0	0	146	26	0	0	0	0	0	0	0	0	0	0	0	0	0	0	1	0	0	0	6	0	0	0	15	0	0	150	31	9	49	0	0	0	0	0	0	0	0	0	0	15	0	0	0	0	0	0	0	57	0	0	0	0	0	22	0	0	0	36	27	49	374
254	237	59	105	26	220	40	70	0	59	105	26	61	112	0	0	67	80	78	188	203	33	42	0	40	70	0	57	28	0	0	46	35	0	96	59	105	26	14	0	42	0	6	0	104	0	61	112	0	0	67	80	78	188	186	33	42	0	33	42	0	57	28	0	0	43	28	0	96	40	70	0	14	0	0	0	6	0	0	0	57	28	0	0	46	35	0	96	59	105	26	1	0	0	0	0	0	0	0	14	0	42	0	6	0	104	0	61	112	0	0	67	80	78	188	171	33	42	0	33	42	0	57	28	0	0	43	28	0	96	33	42	0	14	0	0	0	6	0	0	0	57	28	0	0	43	28	0	96	40	70	0	1	0	0	0	0	0	0	0	14	0	0	0	6	0	0	0	57	28	0	0	46	35	0	96	45	75	26	0	0	0	0	0	0	0	0	1	0	0	0	0	0	0	0	14	0	42	0	6	0	104	0	61	112	0	0	66	80	78	188
164	154	38	27	14	144	20	9	0	38	27	14	21	0	0	0	31	54	42	78	134	10	9	0	20	9	0	5	0	0	0	10	18	0	28	38	27	14	0	0	30	0	0	0	0	0	21	0	0	0	31	54	42	78	124	10	9	0	10	9	0	5	0	0	0	6	18	0	28	20	9	0	0	0	0	0	0	0	0	0	5	0	0	0	10	18	0	28	38	27	14	0	0	0	0	0	0	0	0	0	0	30	0	0	0	0	0	21	0	0	0	31	54	42	78	114	10	9	0	10	9	0	5	0	0	0	6	18	0	28	10	9	0	0	0	0	0	0	0	0	0	5	0	0	0	6	18	0	28	20	9	0	0	0	0	0	0	0	0	0	0	0	0	0	0	0	0	0	5	0	0	0	10	18	0	28	29	27	14	0	0	0	0	0	0	0	0	0	0	0	0	0	0	0	0	0	0	30	0	0	0	0	0	21	0	0	0	31	54	42	78
286	269	43	42	104	252	24	0	60	43	42	104	41	0	144	34	42	0	312	214	235	24	0	60	24	0	60	41	0	84	34	38	0	180	82	43	42	104	10	0	0	0	6	0	0	0	41	0	144	34	42	0	312	214	218	24	0	60	24	0	60	41	0	84	34	38	0	180	81	24	0	60	10	0	0	0	6	0	0	0	41	0	84	34	38	0	180	82	43	42	104	1	0	0	0	0	0	0	0	10	0	0	0	6	0	0	0	41	0	144	34	42	0	312	214	201	24	0	60	24	0	60	41	0	84	34	38	0	180	81	24	0	60	10	0	0	0	6	0	0	0	41	0	84	34	38	0	180	81	24	0	60	1	0	0	0	0	0	0	0	10	0	0	0	6	0	0	0	41	0	84	34	38	0	180	82	38	42	104	0	0	0	0	0	0	0	0	1	0	0	0	0	0	0	0	10	0	0	0	6	0	0	0	41	0	144	34	42	0	312	214
186	175	19	10	54	164	5	0	47	19	10	54	0	0	54	8	10	0	54	14	153	5	0	47	5	0	47	0	0	53	8	10	0	47	8	19	10	54	0	0	0	0	0	0	0	0	0	0	54	8	10	0	54	14	142	5	0	47	5	0	47	0	0	53	8	10	0	47	8	5	0	47	0	0	0	0	0	0	0	0	0	0	53	8	10	0	47	8	19	10	54	0	0	0	0	0	0	0	0	0	0	0	0	0	0	0	0	0	0	54	8	10	0	54	14	131	5	0	47	5	0	47	0	0	53	8	10	0	47	8	5	0	47	0	0	0	0	0	0	0	0	0	0	53	8	10	0	47	8	5	0	47	0	0	0	0	0	0	0	0	0	0	0	0	0	0	0	0	0	0	53	8	10	0	47	8	19	10	54	0	0	0	0	0	0	0	0	0	0	0	0	0	0	0	0	0	0	0	0	0	0	0	0	0	0	54	8	10	0	54	14
185	174	40	18	45	163	22	0	45	40	18	45	38	0	106	0	41	0	90	0	152	22	0	45	22	0	45	38	0	106	0	40	0	90	0	40	18	45	10	0	0	0	6	0	0	0	38	0	106	0	41	0	90	0	141	22	0	45	22	0	45	38	0	106	0	40	0	90	0	22	0	45	10	0	0	0	6	0	0	0	38	0	106	0	40	0	90	0	40	18	45	1	0	0	0	0	0	0	0	10	0	0	0	6	0	0	0	38	0	106	0	41	0	90	0	130	22	0	45	22	0	45	38	0	106	0	40	0	90	0	22	0	45	10	0	0	0	6	0	0	0	38	0	106	0	40	0	90	0	22	0	45	1	0	0	0	0	0	0	0	10	0	0	0	6	0	0	0	38	0	106	0	40	0	90	0	39	18	45	0	0	0	0	0	0	0	0	1	0	0	0	0	0	0	0	10	0	0	0	6	0	0	0	38	0	106	0	41	0	90	0
173	162	32	26	32	151	17	10	0	32	26	32	37	0	54	0	29	20	64	165	140	17	10	0	17	10	0	37	0	0	0	28	20	0	82	32	26	32	10	0	0	0	4	0	0	0	37	0	54	0	29	20	64	165	129	17	10	0	17	10	0	37	0	0	0	28	20	0	81	17	10	0	10	0	0	0	4	0	0	0	37	0	0	0	28	20	0	82	32	26	32	1	0	0	0	0	0	0	0	10	0	0	0	4	0	0	0	37	0	54	0	29	20	64	165	118	17	10	0	17	10	0	37	0	0	0	28	20	0	81	17	10	0	10	0	0	0	4	0	0	0	37	0	0	0	28	20	0	81	17	10	0	1	0	0	0	0	0	0	0	10	0	0	0	4	0	0	0	37	0	0	0	28	20	0	82	27	26	32	0	0	0	0	0	0	0	0	1	0	0	0	0	0	0	0	10	0	0	0	4	0	0	0	37	0	54	0	29	20	64	165
135	127	18	7	19	119	6	0	0	18	7	19	2	0	28	0	9	0	19	54	111	6	0	0	6	0	0	2	0	0	0	8	0	0	8	18	7	19	0	0	0	0	0	0	0	0	2	0	28	0	9	0	19	54	103	6	0	0	6	0	0	2	0	0	0	8	0	0	8	6	0	0	0	0	0	0	0	0	0	0	2	0	0	0	8	0	0	8	18	7	19	0	0	0	0	0	0	0	0	0	0	0	0	0	0	0	0	2	0	28	0	9	0	19	54	95	6	0	0	6	0	0	2	0	0	0	8	0	0	8	6	0	0	0	0	0	0	0	0	0	0	2	0	0	0	8	0	0	8	6	0	0	0	0	0	0	0	0	0	0	0	0	0	0	0	0	0	0	2	0	0	0	8	0	0	8	16	7	19	0	0	0	0	0	0	0	0	0	0	0	0	0	0	0	0	0	0	0	0	0	0	0	0	2	0	28	0	9	0	19	54
258	239	57	64	147	220	48	60	125	57	64	147	64	60	11	82	65	75	0	104	201	48	60	91	48	60	125	64	60	11	34	64	75	0	60	57	64	147	19	0	0	130	16	0	0	137	64	60	11	82	65	75	0	104	182	48	60	63	48	60	91	64	60	11	34	64	75	0	60	48	60	125	19	0	0	30	16	0	0	74	64	60	11	34	64	75	0	60	57	64	147	1	0	0	36	1	0	0	188	19	0	0	130	16	0	0	137	64	60	11	82	65	75	0	104	165	48	60	62	48	60	63	64	60	11	34	64	75	0	60	48	60	91	19	0	0	29	16	0	0	73	64	60	11	34	64	75	0	60	48	60	125	1	0	0	34	1	0	0	96	19	0	0	30	16	0	0	74	64	60	11	34	64	75	0	60	35	30	147	0	0	0	17	1	0	0	0	1	0	0	36	1	0	0	188	19	0	0	130	15	0	0	137	64	60	11	82	59	75	0	104
228	208	69	126	107	188	53	100	102	69	126	107	67	192	78	45	86	105	107	0	168	51	96	89	53	100	102	63	180	78	23	81	97	102	0	69	126	107	21	48	0	64	17	24	0	26	67	192	78	45	86	105	107	0	148	51	96	78	51	96	89	63	180	78	23	80	96	89	0	53	100	102	21	48	0	30	17	24	0	0	63	180	78	23	81	97	102	0	67	126	107	10	0	0	49	2	0	0	53	21	48	0	64	17	24	0	26	67	192	78	45	86	105	107	0	132	51	96	73	51	96	78	63	180	76	23	80	96	78	0	51	96	89	21	48	0	29	17	24	0	0	63	180	78	23	80	96	89	0	52	100	102	10	0	0	45	2	0	0	28	21	48	0	30	17	24	0	0	63	180	78	23	81	97	102	0	43	62	107	10	0	0	61	2	0	0	0	10	0	0	49	2	0	0	53	21	48	0	64	15	24	0	26	63	192	78	45	76	89	107	0
277	259	32	17	169	241	30	17	103	32	17	169	44	0	0	178	48	34	0	254	223	30	17	81	30	17	103	44	0	0	128	48	34	0	152	32	17	169	10	0	0	20	8	0	0	137	44	0	0	178	48	34	0	254	205	30	17	81	30	17	81	44	0	0	128	48	34	0	152	30	17	103	10	0	0	20	8	0	0	74	44	0	0	128	48	34	0	152	32	17	169	1	0	0	0	0	0	0	0	10	0	0	20	8	0	0	137	44	0	0	178	48	34	0	254	187	30	17	81	30	17	81	44	0	0	128	48	34	0	152	30	17	81	10	0	0	20	8	0	0	73	44	0	0	128	48	34	0	152	30	17	103	1	0	0	0	0	0	0	0	10	0	0	20	8	0	0	74	44	0	0	128	48	34	0	152	25	17	169	0	0	0	0	0	0	0	0	1	0	0	0	0	0	0	0	10	0	0	20	8	0	0	137	44	0	0	178	48	34	0	254
258	234	60	190	98	210	36	155	59	60	190	98	44	475	11	68	70	306	0	181	186	32	145	51	36	155	59	30	425	11	46	51	269	0	105	60	190	98	4	125	0	12	11	50	0	26	44	475	11	68	70	306	0	181	162	32	144	51	32	145	51	30	420	11	46	47	264	0	105	36	155	59	4	120	0	12	9	48	0	0	30	425	11	46	51	269	0	105	60	190	98	0	12	0	0	1	0	0	0	4	125	0	12	11	50	0	26	44	475	11	68	70	306	0	181	139	32	144	51	32	144	51	30	420	11	46	47	264	0	105	32	145	51	4	120	0	12	9	48	0	0	30	420	11	46	47	264	0	105	36	155	59	0	12	0	0	1	0	0	0	4	120	0	12	9	48	0	0	30	425	11	46	51	269	0	105	45	167	98	0	0	0	0	1	0	0	0	0	12	0	0	1	0	0	0	4	125	0	12	11	50	0	26	44	475	11	68	67	306	0	181
200	183	63	89	91	166	46	71	90	63	89	91	51	0	127	13	70	70	182	0	149	43	66	84	46	71	90	44	0	127	12	63	70	180	0	62	89	91	10	55	0	59	12	34	0	0	51	0	127	13	70	70	182	0	132	43	66	59	43	66	84	44	0	126	12	62	66	168	0	45	71	90	10	55	0	12	12	34	0	0	44	0	127	12	63	70	180	0	55	89	91	9	0	0	23	2	0	0	185	10	55	0	59	12	34	0	0	48	0	127	13	66	70	182	0	120	43	66	52	43	66	59	44	0	106	12	62	66	118	0	43	66	84	10	55	0	12	12	33	0	0	44	0	126	12	62	66	168	0	42	71	90	9	0	0	18	2	0	0	82	10	55	0	12	12	34	0	0	44	0	127	12	61	70	180	0	33	29	91	10	0	0	65	2	0	0	0	9	0	0	23	2	0	0	185	10	55	0	59	9	22	0	0	38	0	127	13	53	22	182	0
180	164	67	82	58	148	48	68	55	67	82	58	35	58	22	37	131	159	58	0	132	46	68	55	48	68	55	31	58	22	37	103	142	55	0	63	82	58	18	0	0	0	20	21	0	0	35	58	22	37	131	159	58	0	118	42	68	55	46	68	55	30	58	22	37	101	142	55	0	46	68	55	13	0	0	0	13	12	0	0	31	58	22	37	103	142	55	0	47	54	58	21	0	10	0	8	9	0	0	18	0	0	0	20	21	0	0	30	58	22	37	115	131	58	0	106	39	66	52	42	68	55	25	58	22	36	88	142	55	0	45	68	55	13	0	0	0	13	12	0	0	30	58	22	37	101	142	55	0	34	44	55	17	0	10	0	3	0	0	0	13	0	0	0	13	12	0	0	29	58	22	37	89	118	55	0	38	30	58	18	22	10	28	2	0	0	0	21	0	10	0	8	9	0	0	17	0	0	0	17	9	0	0	18	10	22	37	104	83	58	0
112	102	48	34	21	92	33	28	21	48	34	21	22	6	22	0	100	67	21	0	82	32	28	21	33	28	21	21	6	22	0	74	58	21	0	46	34	21	11	0	0	0	17	5	0	0	22	6	22	0	100	67	21	0	74	28	28	21	32	28	21	20	6	22	0	72	58	21	0	33	28	21	6	0	0	0	10	0	0	0	21	6	22	0	74	58	21	0	37	18	21	12	0	10	0	7	5	0	0	11	0	0	0	17	5	0	0	22	6	22	0	92	51	21	0	66	25	28	20	28	28	21	15	6	22	0	59	58	21	0	32	28	21	6	0	0	0	10	0	0	0	20	6	22	0	72	58	21	0	24	12	21	8	0	10	0	2	0	0	0	6	0	0	0	10	0	0	0	21	6	22	0	66	42	21	0	32	18	21	10	0	10	9	1	0	0	0	12	0	10	0	7	5	0	0	11	0	0	0	15	5	0	0	12	6	22	0	84	51	21	0
205	185	67	137	104	165	46	127	75	67	137	104	50	124	0	109	113	238	0	198	145	43	121	75	46	127	75	43	120	0	109	76	224	0	192	66	137	104	11	76	0	0	23	43	0	0	50	124	0	109	113	238	0	198	126	41	112	75	43	121	75	43	116	0	109	75	216	0	173	45	127	75	9	68	0	0	14	39	0	0	43	120	0	109	76	224	0	192	56	118	104	2	110	10	0	5	12	0	0	11	76	0	0	23	43	0	0	47	124	0	109	107	238	0	198	111	39	102	72	41	112	75	41	108	0	106	69	208	0	137	43	121	75	9	60	0	0	14	34	0	0	43	116	0	109	75	216	0	173	39	112	75	0	92	10	0	2	10	0	0	9	68	0	0	14	39	0	0	43	120	0	109	72	224	0	192	38	58	104	6	104	10	32	3	12	0	0	2	110	10	0	5	12	0	0	11	76	0	0	20	28	0	0	36	64	0	109	92	178	0	198
183	167	49	61	99	151	41	55	84	49	61	99	24	66	0	81	80	72	0	91	135	40	55	84	41	55	84	21	66	0	81	76	66	0	90	44	61	99	14	0	0	0	15	11	0	0	24	66	0	81	80	72	0	91	121	39	55	83	40	55	84	21	66	0	80	76	66	0	84	38	55	84	14	0	0	0	13	11	0	0	21	66	0	81	76	66	0	90	33	33	99	9	0	10	15	4	0	0	0	14	0	0	0	15	11	0	0	19	66	0	81	68	44	0	91	110	38	55	63	39	55	83	20	66	0	62	71	66	0	59	38	55	84	14	0	0	0	13	11	0	0	21	66	0	80	76	66	0	84	31	33	84	9	0	10	0	2	0	0	0	14	0	0	0	13	11	0	0	19	66	0	81	66	44	0	90	15	0	99	12	0	10	50	1	0	0	132	9	0	10	15	4	0	0	0	11	0	0	0	9	0	0	0	9	0	0	81	47	0	0	91
140	128	53	59	10	116	30	49	10	53	59	10	32	20	0	0	106	137	20	0	104	23	41	10	30	49	10	14	20	0	0	63	118	20	0	51	59	10	10	40	0	0	18	37	0	0	32	20	0	0	106	137	20	0	93	19	27	10	23	41	10	11	12	0	0	53	96	20	0	30	49	10	2	20	0	0	6	20	0	0	14	20	0	0	63	118	20	0	43	48	10	4	32	10	0	3	11	20	0	10	40	0	0	18	37	0	0	32	20	0	0	96	115	20	0	82	18	21	9	19	27	10	10	0	0	0	45	57	20	0	23	41	10	2	20	0	0	6	20	0	0	11	12	0	0	53	96	20	0	22	38	10	4	20	10	0	1	5	20	0	2	20	0	0	6	20	0	0	14	20	0	0	53	96	20	0	41	48	10	6	0	10	9	0	0	20	0	4	32	10	0	3	11	20	0	10	40	0	0	17	37	0	0	28	20	0	0	92	115	20	0
137	127	18	21	36	117	7	0	36	18	21	36	9	0	0	0	25	14	108	0	107	4	0	36	7	0	36	2	0	0	0	11	0	108	0	18	21	36	2	0	0	0	1	0	0	0	9	0	0	0	25	14	108	0	97	3	0	36	4	0	36	0	0	0	0	4	0	108	0	7	0	36	0	0	0	0	1	0	0	0	2	0	0	0	11	0	108	0	18	21	36	0	0	0	0	0	0	0	0	2	0	0	0	1	0	0	0	9	0	0	0	25	14	108	0	87	3	0	36	3	0	36	0	0	0	0	3	0	108	0	4	0	36	0	0	0	0	1	0	0	0	0	0	0	0	4	0	108	0	7	0	36	0	0	0	0	0	0	0	0	0	0	0	0	1	0	0	0	2	0	0	0	11	0	108	0	18	21	36	1	0	0	0	0	0	0	0	0	0	0	0	0	0	0	0	2	0	0	0	1	0	0	0	9	0	0	0	25	14	108	0
168	154	54	68	35	140	32	55	16	54	68	35	20	55	0	22	107	172	35	89	126	26	45	16	32	55	16	12	47	0	22	63	152	16	86	54	68	35	6	25	6	0	9	9	35	0	20	55	0	22	107	172	35	89	112	23	34	16	26	45	16	6	36	0	22	48	129	16	86	32	55	16	4	16	0	0	6	8	16	0	12	47	0	22	63	152	16	86	44	68	35	4	34	6	0	2	0	35	0	6	25	6	0	9	9	35	0	20	55	0	22	99	172	35	89	98	23	30	16	23	34	16	6	32	0	22	42	109	16	86	26	45	16	4	14	0	0	6	7	16	0	6	36	0	22	48	129	16	86	22	55	16	4	30	0	0	1	0	16	0	4	16	0	0	6	8	16	0	12	47	0	22	55	152	16	86	42	68	35	7	30	0	0	1	0	0	0	4	34	6	0	2	0	35	0	6	25	6	0	8	9	35	0	16	55	0	22	95	172	35	89
145	134	33	38	19	123	18	20	16	33	38	19	14	40	0	0	60	62	38	10	112	13	6	16	18	20	16	9	12	0	0	40	38	32	10	33	38	19	7	12	6	0	9	10	38	0	14	40	0	0	60	62	38	10	101	10	0	16	13	6	16	4	0	0	0	28	6	32	10	18	20	16	6	0	0	0	5	8	32	0	9	12	0	0	40	38	32	10	32	38	19	8	0	6	0	1	0	19	0	7	12	6	0	9	10	38	0	14	40	0	0	58	62	38	10	90	10	0	16	10	0	16	4	0	0	0	22	0	32	10	13	6	16	6	0	0	0	5	6	32	0	4	0	0	0	28	6	32	10	17	20	16	8	0	0	0	1	0	16	0	6	0	0	0	5	8	32	0	9	12	0	0	38	38	32	10	32	38	19	5	0	0	0	0	0	0	0	8	0	6	0	1	0	19	0	7	12	6	0	9	10	38	0	14	40	0	0	58	62	38	10
157	145	29	42	29	133	14	18	27	29	42	29	12	21	0	22	53	45	87	0	121	11	11	27	14	18	27	7	0	0	22	34	25	81	0	29	42	29	5	0	0	0	4	0	29	0	12	21	0	22	53	45	87	0	109	9	11	27	11	11	27	4	0	0	22	27	11	81	0	14	18	27	2	0	0	0	2	0	27	0	7	0	0	22	34	25	81	0	29	42	29	4	0	0	0	0	0	0	0	5	0	0	0	4	0	29	0	12	21	0	22	53	45	87	0	97	9	10	27	9	11	27	4	0	0	22	25	11	81	0	11	11	27	2	0	0	0	2	0	27	0	4	0	0	22	27	11	81	0	14	18	27	4	0	0	0	0	0	0	0	2	0	0	0	2	0	27	0	7	0	0	22	34	25	81	0	29	42	29	4	10	0	0	0	0	0	0	4	0	0	0	0	0	0	0	5	0	0	0	4	0	29	0	12	21	0	22	53	45	87	0
94	87	14	12	9	80	2	0	9	14	12	9	3	0	0	0	22	18	36	0	73	1	0	9	2	0	9	0	0	0	0	3	0	36	0	14	12	9	0	0	0	0	0	0	0	0	3	0	0	0	22	18	36	0	66	1	0	9	1	0	9	0	0	0	0	1	0	36	0	2	0	9	0	0	0	0	0	0	0	0	0	0	0	0	3	0	36	0	14	12	9	0	0	0	0	1	0	0	0	0	0	0	0	0	0	0	0	3	0	0	0	22	18	36	0	59	1	0	9	1	0	9	0	0	0	0	1	0	36	0	1	0	9	0	0	0	0	0	0	0	0	0	0	0	0	1	0	36	0	2	0	9	0	0	0	0	0	0	0	0	0	0	0	0	0	0	0	0	0	0	0	0	3	0	36	0	14	12	9	1	0	0	0	0	0	0	0	0	0	0	0	1	0	0	0	0	0	0	0	0	0	0	0	3	0	0	0	22	18	36	0
130	120	12	0	47	110	1	0	30	12	0	47	0	0	7	0	29	0	0	74	100	1	0	30	1	0	30	0	0	0	0	1	0	0	72	12	0	47	0	0	0	0	0	0	0	0	0	0	7	0	29	0	0	74	90	1	0	30	1	0	30	0	0	0	0	1	0	0	72	1	0	30	0	0	0	0	0	0	0	0	0	0	0	0	1	0	0	72	12	0	47	0	0	0	0	2	0	0	0	0	0	0	0	0	0	0	0	0	0	7	0	29	0	0	74	80	1	0	30	1	0	30	0	0	0	0	1	0	0	72	1	0	30	0	0	0	0	0	0	0	0	0	0	0	0	1	0	0	72	1	0	30	0	0	0	0	0	0	0	0	0	0	0	0	0	0	0	0	0	0	0	0	1	0	0	72	12	0	47	1	0	0	0	0	0	0	0	0	0	0	0	2	0	0	0	0	0	0	0	0	0	0	0	0	0	7	0	29	0	0	74
165	152	21	36	48	139	1	0	45	21	36	48	0	0	26	0	51	99	192	9	126	1	0	45	1	0	45	0	0	26	0	1	0	180	9	21	36	48	5	0	0	0	13	0	0	0	0	0	26	0	51	99	192	9	113	0	0	45	1	0	45	0	0	26	0	1	0	180	9	1	0	45	0	0	0	0	0	0	0	0	0	0	26	0	1	0	180	9	21	36	48	0	0	0	0	3	9	0	0	5	0	0	0	13	0	0	0	0	0	26	0	51	99	192	9	100	0	0	45	0	0	45	0	0	26	0	0	0	180	9	1	0	45	0	0	0	0	0	0	0	0	0	0	26	0	1	0	180	9	1	0	45	0	0	0	0	0	0	0	0	0	0	0	0	0	0	0	0	0	0	26	0	1	0	180	9	21	36	48	0	0	0	0	0	0	0	0	0	0	0	0	3	9	0	0	5	0	0	0	13	0	0	0	0	0	26	0	51	99	192	9
165	152	21	36	49	139	1	0	49	21	36	49	0	0	26	0	51	99	196	0	126	1	0	49	1	0	49	0	0	26	0	1	0	196	0	21	36	49	5	0	0	0	13	0	0	0	0	0	26	0	51	99	196	0	113	0	0	49	1	0	49	0	0	26	0	1	0	196	0	1	0	49	0	0	0	0	0	0	0	0	0	0	26	0	1	0	196	0	21	36	49	0	0	0	0	3	9	0	0	5	0	0	0	13	0	0	0	0	0	26	0	51	99	196	0	100	0	0	49	0	0	49	0	0	26	0	0	0	196	0	1	0	49	0	0	0	0	0	0	0	0	0	0	26	0	1	0	196	0	1	0	49	0	0	0	0	0	0	0	0	0	0	0	0	0	0	0	0	0	0	26	0	1	0	196	0	21	36	49	0	0	0	0	0	0	0	0	0	0	0	0	3	9	0	0	5	0	0	0	13	0	0	0	0	0	26	0	51	99	196	0
129	119	22	9	30	109	7	0	0	22	9	30	7	0	26	0	52	18	30	128	99	5	0	0	7	0	0	4	0	0	0	16	0	0	104	22	9	30	2	0	13	0	4	0	0	0	7	0	26	0	52	18	30	128	89	5	0	0	5	0	0	4	0	0	0	14	0	0	104	7	0	0	2	0	0	0	2	0	0	0	4	0	0	0	16	0	0	104	22	9	30	4	0	0	0	2	0	0	0	2	0	13	0	4	0	0	0	7	0	26	0	52	18	30	128	79	3	0	0	5	0	0	4	0	0	0	14	0	0	104	5	0	0	0	0	0	0	0	0	0	0	4	0	0	0	14	0	0	104	7	0	0	2	0	0	0	0	0	0	0	2	0	0	0	2	0	0	0	4	0	0	0	16	0	0	104	22	9	30	3	0	14	0	0	0	0	0	4	0	0	0	2	0	0	0	2	0	13	0	4	0	0	0	7	0	26	0	52	18	30	128
116	107	16	8	23	98	2	0	0	16	8	23	2	0	19	0	36	16	23	93	89	1	0	0	2	0	0	0	0	0	0	2	0	0	88	16	8	23	0	0	6	0	3	0	0	0	2	0	19	0	36	16	23	93	80	1	0	0	1	0	0	0	0	0	0	1	0	0	88	2	0	0	0	0	0	0	1	0	0	0	0	0	0	0	2	0	0	88	16	8	23	0	0	0	0	2	0	0	0	0	0	6	0	3	0	0	0	2	0	19	0	36	16	23	93	71	1	0	0	1	0	0	0	0	0	0	1	0	0	88	1	0	0	0	0	0	0	0	0	0	0	0	0	0	0	1	0	0	88	2	0	0	0	0	0	0	0	0	0	0	0	0	0	0	1	0	0	0	0	0	0	0	2	0	0	88	16	8	23	1	0	0	0	0	0	0	0	0	0	0	0	2	0	0	0	0	0	6	0	3	0	0	0	2	0	19	0	36	16	23	93
196	179	41	71	68	162	13	16	46	41	71	68	27	0	25	32	81	170	340	97	145	5	11	44	13	16	46	0	0	25	32	20	16	230	94	41	71	68	4	55	0	6	18	88	0	0	27	0	25	32	81	170	340	97	128	3	0	36	5	11	44	0	0	21	32	14	11	220	94	13	16	46	0	0	0	0	0	0	0	0	0	0	25	32	20	16	230	94	38	71	68	0	0	10	50	0	0	68	10	4	55	0	6	18	88	0	0	27	0	25	32	71	170	340	97	111	3	0	36	3	0	36	0	0	10	32	10	0	180	94	5	11	44	0	0	0	0	0	0	0	0	0	0	21	32	14	11	220	94	10	16	46	0	0	10	50	0	0	46	10	0	0	0	0	0	0	0	0	0	0	25	32	10	16	230	94	38	71	68	0	0	0	0	0	0	0	0	0	0	10	50	0	0	68	10	4	55	0	6	18	88	0	0	27	0	25	32	71	170	340	97
95	87	17	7	30	79	2	0	10	17	7	30	1	0	0	20	37	7	30	97	71	1	0	10	2	0	10	0	0	0	20	2	0	10	94	17	7	30	5	0	0	0	17	7	0	0	1	0	0	20	37	7	30	97	63	0	0	10	1	0	10	0	0	0	20	1	0	10	94	2	0	10	0	0	0	0	0	0	0	0	0	0	0	20	2	0	10	94	17	7	30	0	0	0	0	0	0	0	0	5	0	0	0	17	7	0	0	1	0	0	20	37	7	30	97	55	0	0	10	0	0	10	0	0	0	20	0	0	10	94	1	0	10	0	0	0	0	0	0	0	0	0	0	0	20	1	0	10	94	2	0	10	0	0	0	0	0	0	0	0	0	0	0	0	0	0	0	0	0	0	0	20	2	0	10	94	17	7	30	0	0	0	0	0	0	0	0	0	0	0	0	0	0	0	0	5	0	0	0	17	7	0	0	1	0	0	20	37	7	30	97
166	152	31	24	66	138	11	0	25	31	24	66	7	0	26	40	66	36	132	150	124	9	0	3	11	0	25	4	0	23	0	23	0	50	94	31	24	66	11	0	0	6	22	24	0	83	7	0	26	40	66	36	132	150	110	4	0	0	9	0	3	4	0	6	0	21	0	6	94	11	0	25	0	0	0	0	0	0	0	59	4	0	23	0	23	0	50	94	30	24	66	2	0	26	0	0	0	0	10	11	0	0	6	22	24	0	83	7	0	26	40	64	36	132	150	96	1	0	0	4	0	0	0	0	0	0	8	0	0	94	9	0	3	0	0	0	0	0	0	0	59	4	0	6	0	21	0	6	94	10	0	25	0	0	24	0	0	0	0	10	0	0	0	0	0	0	0	59	4	0	23	0	21	0	50	94	30	24	66	0	0	26	0	0	0	0	0	2	0	26	0	0	0	0	10	11	0	0	6	22	24	0	83	7	0	26	40	64	36	132	150
117	107	23	21	26	97	4	0	6	23	21	26	3	0	8	12	47	42	78	97	87	2	0	0	4	0	6	0	0	6	0	7	0	18	94	23	21	26	5	0	0	0	17	14	0	19	3	0	8	12	47	42	78	97	77	1	0	0	2	0	0	0	0	0	0	5	0	0	94	4	0	6	0	0	0	0	0	0	0	16	0	0	6	0	7	0	18	94	22	21	26	0	0	0	0	0	0	0	0	5	0	0	0	17	14	0	19	3	0	8	12	43	42	78	97	67	1	0	0	1	0	0	0	0	0	0	4	0	0	94	2	0	0	0	0	0	0	0	0	0	16	0	0	0	0	5	0	0	94	3	0	6	0	0	0	0	0	0	0	0	0	0	0	0	0	0	0	16	0	0	6	0	3	0	18	94	22	21	26	0	0	0	0	0	0	0	0	0	0	0	0	0	0	0	0	5	0	0	0	17	14	0	19	3	0	8	12	43	42	78	97
92	84	29	16	0	76	8	0	0	29	16	0	15	0	0	0	56	40	0	0	68	3	0	0	8	0	0	0	0	0	0	13	0	0	0	29	16	0	5	0	0	0	13	20	0	0	15	0	0	0	56	40	0	0	60	2	0	0	3	0	0	0	0	0	0	9	0	0	0	8	0	0	0	0	0	0	0	0	0	0	0	0	0	0	13	0	0	0	27	16	0	0	0	0	0	0	0	0	0	5	0	0	0	13	20	0	0	15	0	0	0	48	40	0	0	52	2	0	0	2	0	0	0	0	0	0	8	0	0	0	3	0	0	0	0	0	0	0	0	0	0	0	0	0	0	9	0	0	0	6	0	0	0	0	0	0	0	0	0	0	0	0	0	0	0	0	0	0	0	0	0	0	5	0	0	0	27	16	0	0	0	0	0	0	0	0	0	0	0	0	0	0	0	0	0	5	0	0	0	13	20	0	0	15	0	0	0	48	40	0	0
158	142	56	83	38	126	32	39	20	51	83	38	33	96	0	25	78	148	152	68	110	24	15	20	27	39	20	18	0	0	25	45	76	80	46	43	83	38	11	0	25	0	1	0	114	0	29	96	0	25	73	148	152	68	95	24	15	18	19	15	20	18	0	0	21	36	60	80	44	23	39	20	11	0	10	0	0	0	60	0	14	0	0	25	42	76	80	46	28	68	38	0	0	0	6	0	0	0	0	0	0	25	0	1	0	114	0	15	96	0	25	40	88	152	68	80	24	15	10	19	15	18	18	0	0	10	36	60	72	36	15	15	20	11	0	10	0	0	0	60	0	14	0	0	21	33	60	80	44	8	24	20	0	0	0	0	0	0	0	0	0	0	10	0	0	0	60	0	0	0	0	25	9	16	80	46	28	68	38	0	0	0	50	0	0	0	10	0	0	0	6	0	0	0	0	0	0	25	0	1	0	114	0	15	96	0	25	40	88	152	68
151	137	34	25	67	123	18	12	21	33	25	67	30	12	0	34	64	37	67	190	109	6	0	18	17	12	21	4	0	0	29	33	12	21	87	33	25	67	0	0	43	19	1	0	67	0	30	12	0	34	64	37	67	190	95	4	0	3	5	0	18	0	0	0	6	15	0	18	57	17	12	21	0	0	26	0	0	0	21	0	4	0	0	29	33	12	21	87	30	25	67	0	0	18	6	0	0	0	54	0	0	43	19	1	0	67	0	30	12	0	34	54	37	67	190	81	4	0	0	3	0	3	0	0	0	0	10	0	3	46	5	0	18	0	0	24	0	0	0	18	0	0	0	0	6	15	0	18	57	14	12	21	0	0	16	0	0	0	0	32	0	0	26	0	0	0	21	0	4	0	0	29	23	12	21	87	30	25	67	0	0	0	0	0	0	0	10	0	0	18	6	0	0	0	54	0	0	43	19	1	0	67	0	30	12	0	34	54	37	67	190
117	106	31	26	34	95	15	8	0	29	26	34	28	16	0	0	52	34	68	160	84	7	0	0	13	8	0	3	0	0	0	22	8	0	77	28	26	34	2	0	11	0	1	0	34	0	27	16	0	0	51	34	68	160	73	7	0	0	5	0	0	3	0	0	0	16	0	0	47	12	8	0	2	0	0	0	0	0	0	0	2	0	0	0	21	8	0	77	24	26	34	0	0	0	0	0	0	0	0	0	0	11	0	1	0	34	0	25	16	0	0	36	34	68	160	62	7	0	0	5	0	0	3	0	0	0	16	0	0	36	4	0	0	2	0	0	0	0	0	0	0	2	0	0	0	15	0	0	47	8	8	0	0	0	0	0	0	0	0	0	0	0	0	0	0	0	0	0	0	0	0	0	6	8	0	77	24	26	34	0	0	0	0	0	0	0	0	0	0	0	0	0	0	0	0	0	0	11	0	1	0	34	0	25	16	0	0	36	34	68	160
110	99	42	31	22	88	21	10	0	39	31	22	35	0	0	0	57	82	66	94	77	12	10	0	18	10	0	8	0	0	0	29	40	0	52	33	31	22	6	0	11	0	1	0	0	0	33	0	0	0	53	82	66	94	67	12	10	0	9	10	0	8	0	0	0	22	40	0	44	16	10	0	6	0	0	0	0	0	0	0	6	0	0	0	27	40	0	52	26	21	22	0	0	0	0	0	0	0	0	0	0	11	0	1	0	0	0	27	0	0	0	33	42	66	94	57	12	10	0	9	10	0	8	0	0	0	22	40	0	36	7	10	0	6	0	0	0	0	0	0	0	6	0	0	0	20	40	0	44	9	0	0	0	0	0	0	0	0	0	0	0	0	0	0	0	0	0	0	0	0	0	0	7	0	0	52	26	21	22	0	0	0	0	0	0	0	0	0	0	0	0	0	0	0	0	0	0	11	0	1	0	0	0	27	0	0	0	33	42	66	94
122	110	49	47	11	98	27	15	0	45	47	11	27	60	0	0	74	68	44	68	86	20	0	0	23	15	0	8	0	0	0	41	10	0	46	43	47	11	7	0	11	0	0	5	33	0	25	60	0	0	72	68	44	68	74	20	0	0	16	0	0	8	0	0	0	33	0	0	44	21	15	0	7	0	0	0	0	0	0	0	6	0	0	0	39	10	0	46	29	47	11	0	0	0	0	0	0	0	0	0	0	11	0	0	5	33	0	19	60	0	0	41	68	44	68	62	20	0	0	16	0	0	8	0	0	0	33	0	0	36	14	0	0	7	0	0	0	0	0	0	0	6	0	0	0	31	0	0	44	7	15	0	0	0	0	0	0	0	0	0	0	0	0	0	0	0	0	0	0	0	0	0	8	10	0	46	29	47	11	0	0	0	0	0	0	0	0	0	0	0	0	0	0	0	0	0	0	11	0	0	5	33	0	19	60	0	0	41	68	44	68
99	88	38	26	40	78	23	10	0	34	16	40	18	0	59	0	50	8	80	172	68	23	10	0	19	0	0	18	0	0	0	38	0	0	41	30	16	40	11	0	0	0	0	0	0	0	14	0	59	0	47	8	80	172	58	23	10	0	19	0	0	18	0	0	0	38	0	0	38	15	0	0	11	0	0	0	0	0	0	0	14	0	0	0	35	0	0	41	15	16	40	0	0	0	0	0	0	0	0	0	0	0	0	0	0	0	0	0	0	59	0	12	8	80	172	48	23	10	0	19	0	0	18	0	0	0	38	0	0	21	15	0	0	11	0	0	0	0	0	0	0	14	0	0	0	35	0	0	38	0	0	0	0	0	0	0	0	0	0	0	0	0	0	0	0	0	0	0	0	0	0	0	0	0	0	41	15	16	40	0	0	0	0	0	0	0	0	0	0	0	0	0	0	0	0	0	0	0	0	0	0	0	0	0	0	59	0	12	8	80	172
88	76	40	44	28	65	18	34	0	35	33	28	15	26	47	0	40	66	28	105	55	18	32	0	14	24	0	15	24	0	0	28	64	0	20	25	23	28	9	16	0	0	0	0	0	0	12	16	47	0	35	56	28	105	47	18	32	0	14	24	0	15	24	0	0	28	64	0	20	11	16	0	9	16	0	0	0	0	0	0	12	16	0	0	26	56	0	20	14	7	28	0	0	0	0	0	0	0	0	0	0	0	0	0	0	0	0	0	0	47	0	9	0	28	105	39	18	32	0	14	24	0	15	24	0	0	28	64	0	18	11	16	0	9	16	0	0	0	0	0	0	12	16	0	0	26	56	0	20	0	0	0	0	0	0	0	0	0	0	0	0	0	0	0	0	0	0	0	0	0	0	0	0	0	0	20	14	7	28	0	0	0	0	0	0	0	0	0	0	0	0	0	0	0	0	0	0	0	0	0	0	0	0	0	0	47	0	9	0	28	105
112	96	49	90	20	81	22	64	0	44	75	20	17	54	39	0	56	118	60	71	67	21	60	0	18	50	0	13	50	0	0	36	100	0	20	32	61	20	7	40	0	0	0	0	0	0	14	40	39	0	51	104	60	71	57	21	60	0	17	50	0	13	50	0	0	33	100	0	20	15	40	0	7	40	0	0	0	0	0	0	10	40	0	0	34	90	0	20	18	21	20	0	0	0	0	0	0	0	0	0	0	0	0	0	0	0	0	4	0	39	0	20	14	60	71	47	21	60	0	17	50	0	13	50	0	0	33	100	0	18	14	40	0	7	40	0	0	0	0	0	0	10	40	0	0	31	90	0	20	1	0	0	0	0	0	0	0	0	0	0	0	0	0	0	0	0	0	0	0	0	0	0	3	0	0	20	18	21	20	0	0	0	0	0	0	0	0	0	0	0	0	0	0	0	0	0	0	0	0	0	0	0	0	4	0	39	0	20	14	60	71
85	71	44	73	8	58	20	53	0	39	60	8	12	78	24	0	48	79	16	38	47	19	49	0	16	42	0	8	70	0	0	32	70	0	20	28	38	8	7	28	0	0	0	0	0	0	10	56	24	0	43	68	16	38	40	19	49	0	15	42	0	8	70	0	0	29	70	0	20	14	28	0	7	28	0	0	0	0	0	0	6	56	0	0	30	63	0	20	15	10	8	0	0	0	0	0	0	0	0	0	0	0	0	0	0	0	0	4	0	24	0	16	5	16	38	33	19	49	0	15	42	0	8	70	0	0	29	70	0	18	13	28	0	7	28	0	0	0	0	0	0	6	56	0	0	27	63	0	20	1	0	0	0	0	0	0	0	0	0	0	0	0	0	0	0	0	0	0	0	0	0	0	3	0	0	20	15	10	8	0	0	0	0	0	0	0	0	0	0	0	0	0	0	0	0	0	0	0	0	0	0	0	0	4	0	24	0	16	5	16	38
83	72	42	43	5	61	21	27	0	39	43	5	15	12	15	0	50	76	20	11	50	21	24	0	18	27	0	15	0	0	0	24	49	0	0	31	43	5	9	0	0	0	0	0	5	0	12	12	15	0	47	76	20	11	42	21	24	0	18	24	0	15	0	0	0	24	40	0	0	15	27	0	9	0	0	0	0	0	0	0	12	0	0	0	22	49	0	0	16	19	5	0	0	0	0	1	0	0	0	0	0	0	0	0	0	5	0	0	12	15	0	25	36	20	11	34	21	24	0	18	24	0	15	0	0	0	24	40	0	0	15	24	0	9	0	0	0	0	0	0	0	12	0	0	0	22	40	0	0	0	3	0	0	0	0	0	0	0	0	0	0	0	0	0	0	0	0	0	0	0	0	0	0	9	0	0	16	19	5	3	0	0	0	1	0	0	0	0	0	0	0	1	0	0	0	0	0	0	0	0	0	5	0	0	12	15	0	25	36	20	11
105	91	37	57	38	77	15	33	35	37	57	38	4	0	39	0	70	86	114	5	63	15	33	32	15	33	35	4	0	36	0	17	22	105	0	35	57	38	0	0	0	23	2	0	0	0	4	0	39	0	70	86	114	5	52	15	33	29	15	33	32	4	0	34	0	17	22	96	0	15	33	35	0	0	0	18	1	0	0	0	4	0	36	0	17	22	105	0	22	24	38	0	0	0	18	2	0	0	0	0	0	0	23	2	0	0	0	4	0	39	0	57	64	114	5	41	15	33	28	15	33	29	4	0	32	0	17	22	87	0	15	33	32	0	0	0	17	1	0	0	0	4	0	34	0	17	22	96	0	2	0	35	0	0	0	17	0	0	0	0	0	0	0	18	1	0	0	0	4	0	36	0	4	0	105	0	20	24	38	9	0	0	7	2	0	0	0	0	0	0	18	2	0	0	0	0	0	0	23	1	0	0	0	0	0	39	0	53	64	114	5
116	103	33	12	79	90	20	0	58	31	12	79	5	0	3	80	60	36	79	25	77	20	0	18	18	0	58	5	0	0	0	25	0	58	0	30	12	79	5	0	0	69	0	0	0	150	4	0	3	80	59	36	79	25	64	20	0	5	18	0	18	5	0	0	0	25	0	18	0	17	0	58	5	0	0	10	0	0	0	41	4	0	0	0	24	0	58	0	13	12	79	0	0	0	10	1	0	0	68	0	0	0	69	0	0	0	150	0	0	3	80	35	36	79	25	51	20	0	5	18	0	5	5	0	0	0	25	0	5	0	17	0	18	5	0	0	10	0	0	0	38	4	0	0	0	24	0	18	0	0	0	58	0	0	0	10	0	0	0	46	0	0	0	10	0	0	0	41	0	0	0	0	0	0	58	0	13	12	79	3	0	0	0	1	0	0	0	0	0	0	10	1	0	0	68	0	0	0	69	0	0	0	150	0	0	3	80	35	36	79	25
79	69	29	29	10	59	7	9	10	29	29	10	0	0	20	0	56	60	50	0	49	7	9	9	7	9	10	0	0	20	0	4	0	50	0	29	29	10	0	0	0	9	4	0	0	0	0	0	20	0	56	60	50	0	40	7	9	8	7	9	9	0	0	18	0	4	0	45	0	7	9	10	0	0	0	8	0	0	0	0	0	0	20	0	4	0	50	0	22	20	10	0	0	0	8	4	0	0	0	0	0	0	9	4	0	0	0	0	0	20	0	52	60	50	0	31	7	9	7	7	9	8	0	0	16	0	4	0	40	0	7	9	9	0	0	0	7	0	0	0	0	0	0	18	0	4	0	45	0	0	0	10	0	0	0	7	0	0	0	0	0	0	0	8	0	0	0	0	0	0	20	0	0	0	50	0	22	20	10	7	0	0	7	4	0	0	0	0	0	0	8	4	0	0	0	0	0	0	9	4	0	0	0	0	0	20	0	52	60	50	0
85	74	27	19	51	64	24	19	13	23	9	51	18	0	3	52	48	0	0	101	54	24	18	0	20	9	13	18	0	0	0	39	0	0	0	19	9	51	10	9	0	0	0	0	0	49	14	0	3	52	45	0	0	101	45	24	18	0	20	9	0	18	0	0	0	39	0	0	0	16	9	13	10	9	0	0	0	0	0	20	14	0	0	0	36	0	0	0	3	0	51	0	0	0	0	0	0	0	0	0	0	0	0	0	0	0	49	0	0	3	52	9	0	0	101	36	24	18	0	20	9	0	18	0	0	0	39	0	0	0	16	9	0	10	9	0	0	0	0	0	20	14	0	0	0	36	0	0	0	0	0	13	0	0	0	0	0	0	0	0	0	0	0	0	0	0	0	20	0	0	0	0	0	0	0	0	3	0	51	0	0	0	0	0	0	0	0	0	0	0	0	0	0	0	0	0	0	0	0	0	0	0	49	0	0	3	52	9	0	0	101
104	91	40	32	44	78	25	22	13	36	32	44	15	0	3	52	66	52	44	73	65	25	22	0	21	22	13	15	0	0	0	31	22	13	0	31	32	44	9	0	0	0	0	0	0	49	12	0	3	52	64	52	44	73	54	25	22	0	21	22	0	15	0	0	0	31	22	0	0	18	22	13	9	0	0	0	0	0	0	20	12	0	0	0	29	22	13	0	13	10	44	0	0	0	0	1	0	0	0	0	0	0	0	0	0	0	49	0	0	3	52	35	30	44	73	43	25	22	0	21	22	0	15	0	0	0	31	22	0	0	18	22	0	9	0	0	0	0	0	0	20	12	0	0	0	29	22	0	0	0	0	13	0	0	0	0	0	0	0	0	0	0	0	0	0	0	0	20	0	0	0	0	0	0	13	0	13	10	44	3	0	0	0	1	0	0	0	0	0	0	0	1	0	0	0	0	0	0	0	0	0	0	49	0	0	3	52	35	30	44	73
135	118	25	16	140	101	6	0	126	25	16	140	0	0	61	20	44	16	140	48	84	6	0	126	6	0	126	0	0	61	20	2	0	126	45	25	16	140	0	0	0	0	7	0	0	0	0	0	61	20	44	16	140	48	67	6	0	125	6	0	126	0	0	61	18	2	0	126	41	6	0	126	0	0	0	0	0	0	0	0	0	0	61	20	2	0	126	45	19	16	140	0	0	0	9	4	0	0	0	0	0	0	0	7	0	0	0	0	0	61	20	42	16	140	48	50	6	0	123	6	0	125	0	0	61	16	2	0	125	37	6	0	126	0	0	0	0	0	0	0	0	0	0	61	18	2	0	126	41	0	0	126	0	0	0	8	0	0	0	0	0	0	0	0	0	0	0	0	0	0	61	20	0	0	126	45	19	16	140	7	0	0	18	4	0	0	0	0	0	0	9	4	0	0	0	0	0	0	0	7	0	0	0	0	0	61	20	42	16	140	48
143	124	46	74	112	105	20	18	96	46	74	112	14	0	81	36	69	126	448	48	86	18	18	96	20	18	96	9	0	81	36	17	0	384	45	46	74	112	6	0	10	0	16	14	0	0	14	0	81	36	69	126	448	48	68	17	18	95	18	18	96	9	0	81	34	15	0	384	41	20	18	96	4	0	10	0	4	0	0	0	9	0	81	36	17	0	384	45	35	56	112	11	0	0	9	4	14	0	0	6	0	10	0	16	14	0	0	14	0	81	36	63	126	448	48	50	10	14	94	17	18	95	8	0	81	32	14	0	380	37	18	18	96	0	0	10	0	2	0	0	0	9	0	81	34	15	0	384	41	9	0	96	1	0	0	8	0	0	0	0	4	0	10	0	4	0	0	0	9	0	81	36	11	0	384	45	28	56	112	5	56	62	8	4	14	0	0	11	0	0	9	4	14	0	0	6	0	10	0	14	14	0	0	5	0	81	36	54	126	448	48
131	114	49	60	100	97	15	0	96	49	60	100	22	0	139	0	80	168	500	10	80	10	0	96	15	0	96	5	0	139	0	11	0	480	10	49	60	100	6	0	27	0	17	36	0	0	22	0	139	0	80	168	500	10	63	9	0	96	10	0	96	5	0	139	0	5	0	480	9	15	0	96	4	0	27	0	3	0	0	0	5	0	139	0	11	0	480	10	44	60	100	11	0	0	0	4	12	0	0	6	0	27	0	17	36	0	0	22	0	139	0	80	168	500	10	46	4	0	96	9	0	96	4	0	139	0	4	0	480	8	10	0	96	0	0	27	0	1	0	0	0	5	0	139	0	5	0	480	9	10	0	96	1	0	0	0	0	0	0	0	4	0	27	0	3	0	0	0	5	0	139	0	11	0	480	10	39	60	100	9	0	40	0	4	12	0	0	11	0	0	0	4	12	0	0	6	0	27	0	16	36	0	0	17	0	139	0	75	168	500	10
86	75	26	18	50	64	5	0	46	26	18	50	1	0	56	0	45	27	100	10	53	5	0	46	5	0	46	1	0	56	0	1	0	92	10	26	18	50	2	0	0	0	10	0	0	0	1	0	56	0	45	27	100	10	42	4	0	46	5	0	46	1	0	56	0	1	0	92	9	5	0	46	0	0	0	0	0	0	0	0	1	0	56	0	1	0	92	10	22	18	50	2	0	0	0	3	9	0	0	2	0	0	0	10	0	0	0	1	0	56	0	45	27	100	10	31	3	0	46	4	0	46	0	0	56	0	0	0	92	8	5	0	46	0	0	0	0	0	0	0	0	1	0	56	0	1	0	92	9	1	0	46	0	0	0	0	0	0	0	0	0	0	0	0	0	0	0	0	1	0	56	0	1	0	92	10	21	18	50	7	0	0	0	3	9	0	0	2	0	0	0	3	9	0	0	2	0	0	0	10	0	0	0	0	0	56	0	44	27	100	10
96	83	30	39	41	70	12	12	3	30	39	41	1	0	0	12	47	54	123	171	57	12	12	0	12	12	3	1	0	0	0	10	0	9	116	30	39	41	2	0	0	0	10	0	0	5	1	0	0	12	47	54	123	171	45	11	12	0	12	12	0	1	0	0	0	10	0	0	59	12	12	3	0	0	0	0	0	0	0	0	1	0	0	0	10	0	9	116	19	27	41	2	0	0	0	3	9	0	0	2	0	0	0	10	0	0	5	1	0	0	12	38	54	123	171	33	10	9	0	11	12	0	0	0	0	0	9	0	0	42	12	12	0	0	0	0	0	0	0	0	0	1	0	0	0	10	0	0	59	1	0	3	0	0	0	0	0	0	0	0	0	0	0	0	0	0	0	0	1	0	0	0	1	0	9	116	18	27	41	4	27	0	0	3	9	0	0	2	0	0	0	3	9	0	0	2	0	0	0	10	0	0	5	0	0	0	12	37	54	123	171
111	95	27	15	139	79	9	0	69	27	15	139	18	0	24	126	42	30	139	443	63	4	0	69	9	0	69	1	0	24	126	5	0	69	367	27	15	139	2	0	0	0	8	30	0	0	18	0	24	126	42	30	139	443	47	3	0	69	4	0	69	1	0	24	126	1	0	69	364	9	0	69	0	0	0	0	0	0	0	0	1	0	24	126	5	0	69	367	24	15	139	2	0	0	0	0	0	0	0	2	0	0	0	8	30	0	0	18	0	24	126	42	30	139	443	31	0	0	69	3	0	69	0	0	24	126	0	0	69	362	4	0	69	0	0	0	0	0	0	0	0	1	0	24	126	1	0	69	364	6	0	69	0	0	0	0	0	0	0	0	0	0	0	0	0	0	0	0	1	0	24	126	5	0	69	367	21	15	139	0	0	23	0	0	0	0	0	2	0	0	0	0	0	0	0	2	0	0	0	8	30	0	0	17	0	24	126	40	30	139	443
121	103	32	59	139	85	7	14	106	32	59	139	15	42	116	103	49	70	417	212	67	3	0	106	7	14	106	1	0	115	103	5	0	318	192	32	59	139	2	0	0	0	10	28	139	0	15	42	116	103	49	70	417	212	49	2	0	106	3	0	106	1	0	115	103	1	0	318	192	7	14	106	0	0	0	0	0	0	106	0	1	0	115	103	5	0	318	192	30	59	139	2	0	0	0	0	0	0	0	2	0	0	0	10	28	139	0	15	42	116	103	49	70	417	212	31	0	0	106	2	0	106	0	0	115	103	0	0	318	191	3	0	106	0	0	0	0	0	0	106	0	1	0	115	103	1	0	318	192	5	14	106	0	0	0	0	0	0	0	0	0	0	0	0	0	0	106	0	1	0	115	103	5	0	318	192	27	59	139	0	0	14	0	0	0	0	0	2	0	0	0	0	0	0	0	2	0	0	0	10	28	139	0	14	42	116	103	47	70	417	212
96	81	46	66	46	66	11	16	34	46	66	46	38	80	126	0	56	135	230	100	51	3	0	34	11	16	34	6	0	126	0	7	24	170	96	46	66	46	7	0	60	0	10	16	92	0	38	80	126	0	56	135	230	100	36	1	0	34	3	0	34	1	0	126	0	1	0	170	96	11	16	34	0	0	60	0	0	0	68	0	6	0	126	0	7	24	170	96	45	66	46	2	0	12	0	0	0	0	0	7	0	60	0	10	16	92	0	38	80	126	0	56	135	230	100	21	0	0	34	1	0	34	0	0	126	0	0	0	170	96	3	0	34	0	0	60	0	0	0	68	0	1	0	126	0	1	0	170	96	10	16	34	0	0	12	0	0	0	0	0	0	0	60	0	0	0	68	0	6	0	126	0	7	24	170	96	38	66	46	0	0	0	0	0	0	0	0	2	0	12	0	0	0	0	0	7	0	60	0	10	16	92	0	37	80	126	0	53	135	230	100
109	93	38	39	134	77	14	0	93	38	39	134	22	0	123	88	47	65	402	253	61	9	0	93	14	0	93	5	0	120	88	9	0	279	195	38	39	134	6	0	0	0	13	26	0	0	22	0	123	88	47	65	402	253	45	4	0	93	9	0	93	5	0	120	88	5	0	279	192	14	0	93	0	0	0	0	1	0	0	0	5	0	120	88	9	0	279	195	34	39	134	3	0	48	0	0	0	0	0	6	0	0	0	13	26	0	0	22	0	123	88	47	65	402	253	29	0	0	93	4	0	93	0	0	120	88	0	0	279	191	9	0	93	0	0	0	0	1	0	0	0	5	0	120	88	5	0	279	192	10	0	93	0	0	40	0	0	0	0	0	0	0	0	0	1	0	0	0	5	0	120	88	9	0	279	195	27	39	134	0	0	35	0	0	0	0	0	3	0	48	0	0	0	0	0	6	0	0	0	12	26	0	0	17	0	123	88	41	65	402	253
89	75	31	45	72	61	12	24	26	31	45	72	21	12	44	20	40	42	144	303	47	7	22	26	12	24	26	4	12	42	20	8	12	52	241	31	45	72	4	20	0	0	13	20	0	0	21	12	44	20	40	42	144	303	34	3	10	26	7	22	26	4	10	42	20	4	10	52	238	12	24	26	0	0	0	0	1	0	0	0	4	12	42	20	8	12	52	241	27	32	72	1	20	48	0	0	0	72	0	4	20	0	0	13	20	0	0	21	12	44	20	40	42	144	303	22	0	0	26	3	10	26	0	0	42	20	0	0	52	237	7	22	26	0	0	0	0	1	0	0	0	4	10	42	20	4	10	52	238	9	12	26	0	0	40	0	0	0	26	0	0	0	0	0	1	0	0	0	4	12	42	20	8	12	52	241	21	20	72	0	0	35	0	0	0	72	0	1	20	48	0	0	0	72	0	4	20	0	0	12	20	0	0	17	0	44	20	35	30	144	303
88	73	22	26	118	58	3	0	76	22	26	118	9	0	111	78	15	0	236	319	43	0	0	76	3	0	76	0	0	76	78	1	0	152	233	22	26	118	0	0	13	0	0	0	0	0	9	0	111	78	15	0	236	319	28	0	0	76	0	0	76	0	0	76	78	0	0	152	233	3	0	76	0	0	12	0	0	0	0	0	0	0	76	78	1	0	152	233	22	26	118	0	0	0	0	0	0	0	0	0	0	13	0	0	0	0	0	9	0	111	78	15	0	236	319	13	0	0	76	0	0	76	0	0	76	78	0	0	152	233	0	0	76	0	0	12	0	0	0	0	0	0	0	76	78	0	0	152	233	3	0	76	0	0	0	0	0	0	0	0	0	0	12	0	0	0	0	0	0	0	76	78	1	0	152	233	19	26	118	0	0	0	0	0	0	0	0	0	0	0	0	0	0	0	0	0	0	13	0	0	0	0	0	9	0	111	78	14	0	236	319
75	62	15	30	90	49	1	0	75	15	30	90	5	0	81	78	11	0	270	46	36	0	0	75	1	0	75	0	0	60	78	0	0	225	34	15	30	90	0	0	13	0	0	0	0	0	5	0	81	78	11	0	270	46	23	0	0	75	0	0	75	0	0	60	78	0	0	225	34	1	0	75	0	0	12	0	0	0	0	0	0	0	60	78	0	0	225	34	15	30	90	0	0	0	0	0	0	0	0	0	0	13	0	0	0	0	0	5	0	81	78	11	0	270	46	10	0	0	75	0	0	75	0	0	60	78	0	0	225	34	0	0	75	0	0	12	0	0	0	0	0	0	0	60	78	0	0	225	34	1	0	75	0	0	0	0	0	0	0	0	0	0	12	0	0	0	0	0	0	0	60	78	0	0	225	34	14	30	90	0	0	0	0	0	0	0	0	0	0	0	0	0	0	0	0	0	0	13	0	0	0	0	0	5	0	81	78	11	0	270	46
50	41	16	20	32	32	1	0	20	16	20	32	5	0	81	36	9	15	128	46	23	0	0	20	1	0	20	0	0	60	36	0	0	80	34	16	20	32	0	0	13	0	0	0	0	0	5	0	81	36	9	15	128	46	14	0	0	20	0	0	20	0	0	60	36	0	0	80	34	1	0	20	0	0	12	0	0	0	0	0	0	0	60	36	0	0	80	34	16	20	32	0	0	0	0	0	0	0	0	0	0	13	0	0	0	0	0	5	0	81	36	9	15	128	46	5	0	0	20	0	0	20	0	0	60	36	0	0	80	34	0	0	20	0	0	12	0	0	0	0	0	0	0	60	36	0	0	80	34	1	0	20	0	0	0	0	0	0	0	0	0	0	12	0	0	0	0	0	0	0	60	36	0	0	80	34	12	20	32	0	0	0	0	0	0	0	0	0	0	0	0	0	0	0	0	0	0	13	0	0	0	0	0	5	0	81	36	8	15	128	46
119	99	21	19	251	79	5	0	196	21	19	251	10	0	111	157	13	0	251	391	59	1	0	195	5	0	196	1	0	76	155	2	0	196	259	21	19	251	0	0	23	17	0	0	0	0	10	0	111	157	13	0	251	391	39	0	0	195	1	0	195	0	0	76	155	0	0	195	259	5	0	196	0	0	12	17	0	0	0	0	1	0	76	155	2	0	196	259	20	19	251	0	0	10	0	0	0	0	0	0	0	23	17	0	0	0	0	10	0	111	157	13	0	251	391	19	0	0	195	0	0	195	0	0	76	155	0	0	195	259	1	0	195	0	0	12	17	0	0	0	0	0	0	76	155	0	0	195	259	4	0	196	0	0	0	0	0	0	0	0	0	0	12	17	0	0	0	0	1	0	76	155	2	0	196	259	16	19	251	0	0	0	0	0	0	0	0	0	0	10	0	0	0	0	0	0	0	23	17	0	0	0	0	9	0	111	157	11	0	251	391
102	84	36	60	164	66	17	28	98	36	60	164	22	56	147	84	24	58	328	530	48	2	0	96	17	28	98	5	0	112	80	10	14	196	328	36	60	164	0	0	182	20	2	0	328	0	22	56	147	84	24	58	328	530	30	0	0	96	2	0	96	0	0	112	80	0	0	192	328	17	28	98	0	0	163	20	2	0	196	0	5	0	112	80	10	14	196	328	33	60	164	0	0	24	0	0	0	0	0	0	0	182	20	2	0	328	0	22	56	147	84	24	58	328	530	14	0	0	96	0	0	96	0	0	112	80	0	0	192	328	2	0	96	0	0	155	20	0	0	192	0	0	0	112	80	0	0	192	328	15	28	98	0	0	12	0	0	0	0	0	0	0	163	20	2	0	196	0	5	0	112	80	10	14	196	328	15	28	164	0	0	0	0	0	0	0	0	0	0	24	0	0	0	0	0	0	0	182	20	0	0	328	0	17	56	147	84	13	42	328	530
70	56	12	0	141	42	0	0	63	12	0	141	0	0	98	207	3	0	0	655	28	0	0	40	0	0	63	0	0	61	120	0	0	0	465	12	0	141	0	0	0	12	0	0	0	185	0	0	98	207	3	0	0	655	14	0	0	40	0	0	40	0	0	60	120	0	0	0	462	0	0	63	0	0	0	12	0	0	0	140	0	0	61	120	0	0	0	465	12	0	141	0	0	0	0	0	0	0	0	0	0	0	12	0	0	0	185	0	0	98	207	3	0	0	655	0	0	0	40	0	0	40	0	0	60	120	0	0	0	462	0	0	40	0	0	0	12	0	0	0	140	0	0	60	120	0	0	0	462	0	0	63	0	0	0	0	0	0	0	0	0	0	0	12	0	0	0	140	0	0	61	120	0	0	0	465	0	0	141	0	0	0	0	0	0	0	0	0	0	0	0	0	0	0	0	0	0	0	12	0	0	0	185	0	0	98	207	0	0	0	655
68	54	15	24	111	40	0	0	105	15	24	111	0	0	173	77	2	0	222	0	26	0	0	104	0	0	105	0	0	164	72	0	0	210	0	15	24	111	0	0	0	12	0	0	0	0	0	0	173	77	2	0	222	0	12	0	0	104	0	0	104	0	0	163	72	0	0	208	0	0	0	105	0	0	0	12	0	0	0	0	0	0	164	72	0	0	210	0	15	24	111	0	0	0	0	0	0	0	0	0	0	0	12	0	0	0	0	0	0	173	77	2	0	222	0	0	0	0	104	0	0	104	0	0	163	72	0	0	208	0	0	0	104	0	0	0	12	0	0	0	0	0	0	163	72	0	0	208	0	0	0	105	0	0	0	0	0	0	0	0	0	0	0	12	0	0	0	0	0	0	164	72	0	0	210	0	0	0	111	0	0	0	0	0	0	0	0	0	0	0	0	0	0	0	0	0	0	0	12	0	0	0	0	0	0	173	77	0	0	222	0
40	32	6	0	46	24	0	0	13	6	0	46	0	0	18	65	1	0	0	240	16	0	0	12	0	0	13	0	0	13	60	0	0	0	171	6	0	46	0	0	0	12	0	0	0	0	0	0	18	65	1	0	0	240	8	0	0	12	0	0	12	0	0	12	60	0	0	0	171	0	0	13	0	0	0	12	0	0	0	0	0	0	13	60	0	0	0	171	6	0	46	0	0	0	0	0	0	0	0	0	0	0	12	0	0	0	0	0	0	18	65	1	0	0	240	0	0	0	12	0	0	12	0	0	12	60	0	0	0	171	0	0	12	0	0	0	12	0	0	0	0	0	0	12	60	0	0	0	171	0	0	13	0	0	0	0	0	0	0	0	0	0	0	12	0	0	0	0	0	0	13	60	0	0	0	171	0	0	46	0	0	0	0	0	0	0	0	0	0	0	0	0	0	0	0	0	0	0	12	0	0	0	0	0	0	18	65	0	0	0	240
35	28	6	0	33	21	0	0	13	6	0	33	0	0	18	65	1	0	0	122	14	0	0	12	0	0	13	0	0	13	60	0	0	0	95	6	0	33	0	0	0	12	0	0	0	0	0	0	18	65	1	0	0	122	7	0	0	12	0	0	12	0	0	12	60	0	0	0	95	0	0	13	0	0	0	12	0	0	0	0	0	0	13	60	0	0	0	95	6	0	33	0	0	0	0	0	0	0	0	0	0	0	12	0	0	0	0	0	0	18	65	1	0	0	122	0	0	0	12	0	0	12	0	0	12	60	0	0	0	95	0	0	12	0	0	0	12	0	0	0	0	0	0	12	60	0	0	0	95	0	0	13	0	0	0	0	0	0	0	0	0	0	0	12	0	0	0	0	0	0	13	60	0	0	0	95	0	0	33	0	0	0	0	0	0	0	0	0	0	0	0	0	0	0	0	0	0	0	12	0	0	0	0	0	0	18	65	0	0	0	122
62	49	12	30	78	36	0	0	48	12	30	78	0	0	128	117	2	10	234	196	23	0	0	39	0	0	48	0	0	91	72	0	0	144	118	12	30	78	0	0	0	12	0	0	0	46	0	0	128	117	2	10	234	196	10	0	0	39	0	0	39	0	0	90	72	0	0	117	116	0	0	48	0	0	0	12	0	0	0	34	0	0	91	72	0	0	144	118	11	30	78	0	0	0	0	0	0	0	0	0	0	0	12	0	0	0	46	0	0	128	117	2	10	234	196	0	0	0	39	0	0	39	0	0	90	72	0	0	117	116	0	0	39	0	0	0	12	0	0	0	34	0	0	90	72	0	0	117	116	0	0	48	0	0	0	0	0	0	0	0	0	0	0	12	0	0	0	34	0	0	91	72	0	0	144	118	0	0	78	0	0	0	0	0	0	0	0	0	0	0	0	0	0	0	0	0	0	0	12	0	0	0	46	0	0	128	117	0	0	234	196
52	39	9	0	126	26	2	0	122	9	0	126	3	0	37	54	4	0	0	0	13	0	0	119	2	0	122	0	0	37	51	0	0	0	0	7	0	126	0	0	11	37	0	0	0	0	3	0	37	54	4	0	0	0	0	0	0	117	0	0	119	0	0	36	51	0	0	0	0	0	0	122	0	0	11	35	0	0	0	0	0	0	37	51	0	0	0	0	0	0	126	0	0	0	24	0	0	0	0	0	0	11	37	0	0	0	0	0	0	37	54	0	0	0	0	0	0	0	115	0	0	117	0	0	34	51	0	0	0	0	0	0	119	0	0	11	33	0	0	0	0	0	0	36	51	0	0	0	0	0	0	122	0	0	0	20	0	0	0	0	0	0	11	35	0	0	0	0	0	0	37	51	0	0	0	0	0	0	0	0	0	0	20	0	0	0	0	0	0	0	24	0	0	0	0	0	0	0	37	0	0	0	0	0	0	0	54	0	0	0	0
47	34	12	39	91	21	2	9	91	12	39	91	2	27	85	0	10	18	273	0	9	0	0	89	2	9	91	0	0	85	0	0	0	273	0	8	27	91	0	0	23	25	0	0	91	0	2	27	85	0	10	18	273	0	0	0	0	87	0	0	89	0	0	84	0	0	0	267	0	0	0	91	0	0	23	23	0	0	91	0	0	0	85	0	0	0	273	0	0	0	91	0	0	0	24	0	0	0	0	0	0	23	25	0	0	91	0	0	0	85	0	0	0	273	0	0	0	0	84	0	0	87	0	0	82	0	0	0	261	0	0	0	89	0	0	23	21	0	0	89	0	0	0	84	0	0	0	267	0	0	0	91	0	0	0	20	0	0	0	0	0	0	23	23	0	0	91	0	0	0	85	0	0	0	273	0	0	0	0	0	0	0	31	0	0	0	0	0	0	0	24	0	0	0	0	0	0	0	25	0	0	0	0	0	0	0	0	0	0	0	0
48	36	0	0	151	24	0	0	117	0	0	151	0	0	0	188	0	0	0	189	12	0	0	110	0	0	117	0	0	0	160	0	0	0	153	0	0	151	0	0	0	88	0	0	0	0	0	0	0	188	0	0	0	189	0	0	0	109	0	0	110	0	0	0	155	0	0	0	143	0	0	117	0	0	0	83	0	0	0	0	0	0	0	160	0	0	0	153	0	0	151	0	0	0	12	0	0	0	0	0	0	0	88	0	0	0	0	0	0	0	188	0	0	0	189	0	0	0	109	0	0	109	0	0	0	155	0	0	0	143	0	0	110	0	0	0	83	0	0	0	0	0	0	0	155	0	0	0	143	0	0	117	0	0	0	12	0	0	0	0	0	0	0	83	0	0	0	0	0	0	0	160	0	0	0	153	0	0	0	0	0	0	0	0	0	0	0	0	0	0	12	0	0	0	0	0	0	0	88	0	0	0	0	0	0	0	188	0	0	0	189
48	36	2	0	129	24	0	0	98	2	0	129	0	0	15	126	0	0	0	189	12	0	0	81	0	0	98	0	0	15	95	0	0	0	153	2	0	129	0	0	0	37	0	0	0	164	0	0	15	126	0	0	0	189	0	0	0	79	0	0	81	0	0	14	95	0	0	0	143	0	0	98	0	0	0	35	0	0	0	98	0	0	15	95	0	0	0	153	0	0	129	0	0	0	24	0	0	0	0	0	0	0	37	0	0	0	164	0	0	15	126	0	0	0	189	0	0	0	77	0	0	79	0	0	12	95	0	0	0	143	0	0	81	0	0	0	33	0	0	0	96	0	0	14	95	0	0	0	143	0	0	98	0	0	0	20	0	0	0	0	0	0	0	35	0	0	0	98	0	0	15	95	0	0	0	153	0	0	0	0	0	0	20	0	0	0	0	0	0	0	24	0	0	0	0	0	0	0	37	0	0	0	164	0	0	0	126	0	0	0	189
47	35	10	11	104	23	1	0	89	10	11	104	3	0	73	67	6	0	104	78	11	0	0	70	1	0	89	0	0	73	36	0	0	89	48	9	11	104	0	0	0	57	0	0	0	164	3	0	73	67	6	0	104	78	0	0	0	58	0	0	70	0	0	70	36	0	0	70	39	0	0	89	0	0	0	35	0	0	0	98	0	0	73	36	0	0	89	48	0	0	104	0	0	0	24	0	0	0	72	0	0	0	57	0	0	0	164	0	0	73	67	0	0	104	78	0	0	0	55	0	0	58	0	0	58	36	0	0	58	39	0	0	70	0	0	0	33	0	0	0	96	0	0	70	36	0	0	70	39	0	0	89	0	0	0	20	0	0	0	26	0	0	0	35	0	0	0	98	0	0	73	36	0	0	89	48	0	0	0	0	0	0	31	0	0	0	0	0	0	0	24	0	0	0	72	0	0	0	57	0	0	0	164	0	0	0	67	0	0	0	78
49	32	14	30	116	15	2	0	101	12	30	116	3	0	46	69	5	0	232	91	0	0	0	101	0	0	101	0	0	36	69	0	0	202	91	0	0	116	0	0	17	0	0	0	0	0	0	0	46	69	0	0	232	91	0	0	0	101	0	0	101	0	0	36	69	0	0	202	89	0	0	101	0	0	17	0	0	0	0	0	0	0	36	69	0	0	202	91	0	0	0	0	0	0	0	0	0	0	0	0	0	0	0	0	0	0	0	0	0	0	69	0	0	0	91	0	0	0	101	0	0	101	0	0	36	69	0	0	202	87	0	0	101	0	0	17	0	0	0	0	0	0	0	36	69	0	0	202	89	0	0	0	0	0	0	0	0	0	0	0	0	0	0	0	0	0	0	0	0	0	0	69	0	0	0	91	0	0	0	0	0	0	0	0	0	0	0	0	0	0	0	0	0	0	0	0	0	0	0	0	0	0	0	0	0	0	0	0	0	0	0
38	24	18	40	70	10	3	0	69	13	40	70	4	0	66	12	5	20	280	0	0	0	0	69	0	0	69	0	0	65	12	0	0	276	0	0	0	70	0	0	25	0	0	0	0	0	0	0	66	12	0	0	280	0	0	0	0	69	0	0	69	0	0	65	12	0	0	276	0	0	0	69	0	0	25	0	0	0	0	0	0	0	65	12	0	0	276	0	0	0	0	0	0	0	0	0	0	0	0	0	0	0	0	0	0	0	0	0	0	0	12	0	0	0	0	0	0	0	69	0	0	69	0	0	65	12	0	0	276	0	0	0	69	0	0	25	0	0	0	0	0	0	0	65	12	0	0	276	0	0	0	0	0	0	0	0	0	0	0	0	0	0	0	0	0	0	0	0	0	0	0	12	0	0	0	0	0	0	0	0	0	0	0	0	0	0	0	0	0	0	0	0	0	0	0	0	0	0	0	0	0	0	0	0	0	0	0	0	0	0	0
42	28	6	0	138	14	0	0	108	6	0	138	0	0	9	129	1	0	0	195	0	0	0	108	0	0	108	0	0	0	129	0	0	0	180	0	0	138	0	0	0	0	0	0	0	0	0	0	9	129	0	0	0	195	0	0	0	105	0	0	108	0	0	0	123	0	0	0	159	0	0	108	0	0	0	0	0	0	0	0	0	0	0	129	0	0	0	180	0	0	0	0	0	0	34	0	0	0	0	0	0	0	0	0	0	0	0	0	0	0	129	0	0	0	195	0	0	0	86	0	0	105	0	0	0	105	0	0	0	145	0	0	108	0	0	0	0	0	0	0	0	0	0	0	123	0	0	0	159	0	0	0	0	0	0	12	0	0	0	0	0	0	0	0	0	0	0	0	0	0	0	129	0	0	0	180	0	0	0	0	0	0	107	0	0	0	72	0	0	0	34	0	0	0	0	0	0	0	0	0	0	0	0	0	0	0	0	0	0	0	0
30	19	14	24	33	8	3	0	33	10	24	33	4	0	32	0	5	8	99	0	0	0	0	33	0	0	33	0	0	32	0	0	0	99	0	0	0	33	0	0	25	0	0	0	0	0	0	0	32	0	0	0	99	0	0	0	0	33	0	0	33	0	0	32	0	0	0	99	0	0	0	33	0	0	25	0	0	0	0	0	0	0	32	0	0	0	99	0	0	0	0	0	0	0	0	0	0	0	0	0	0	0	0	0	0	0	0	0	0	0	0	0	0	0	0	0	0	0	33	0	0	33	0	0	32	0	0	0	99	0	0	0	33	0	0	25	0	0	0	0	0	0	0	32	0	0	0	99	0	0	0	0	0	0	0	0	0	0	0	0	0	0	0	0	0	0	0	0	0	0	0	0	0	0	0	0	0	0	0	0	0	0	0	0	0	0	0	0	0	0	0	0	0	0	0	0	0	0	0	0	0	0	0	0	0	0	0	0	0	0	0
33	22	16	0	65	11	3	0	56	13	0	65	3	0	33	0	5	0	0	91	0	0	0	56	0	0	56	0	0	24	0	0	0	0	91	0	0	65	0	0	26	0	0	0	0	0	0	0	33	0	0	0	0	91	0	0	0	56	0	0	56	0	0	24	0	0	0	0	89	0	0	56	0	0	26	0	0	0	0	0	0	0	24	0	0	0	0	91	0	0	0	0	0	0	0	0	0	0	0	0	0	0	0	0	0	0	0	0	0	0	0	0	0	0	91	0	0	0	56	0	0	56	0	0	24	0	0	0	0	87	0	0	56	0	0	26	0	0	0	0	0	0	0	24	0	0	0	0	89	0	0	0	0	0	0	0	0	0	0	0	0	0	0	0	0	0	0	0	0	0	0	0	0	0	0	91	0	0	0	0	0	0	0	0	0	0	0	0	0	0	0	0	0	0	0	0	0	0	0	0	0	0	0	0	0	0	0	0	0	0	0
18	9	1	0	81	0	0	0	42	0	0	81	0	0	0	60	0	0	0	219	0	0	0	30	0	0	42	0	0	0	31	0	0	0	203	0	0	0	0	0	0	34	0	0	0	91	0	0	0	60	0	0	0	219	0	0	0	30	0	0	30	0	0	0	31	0	0	0	203	0	0	0	0	0	0	34	0	0	0	91	0	0	0	31	0	0	0	203	0	0	0	0	0	0	0	0	0	0	0	0	0	0	34	0	0	0	91	0	0	0	0	0	0	0	0	0	0	0	30	0	0	30	0	0	0	31	0	0	0	203	0	0	0	0	0	0	34	0	0	0	89	0	0	0	31	0	0	0	203	0	0	0	0	0	0	0	0	0	0	0	0	0	0	34	0	0	0	91	0	0	0	0	0	0	0	0	0	0	0	0	0	0	0	0	0	0	0	0	0	0	0	0	0	0	0	0	0	0	0	0	0	0	0	0	0	0	0	0	0	0	0
16	8	3	0	52	0	0	0	14	0	0	52	0	0	11	35	0	0	0	219	0	0	0	14	0	0	14	0	0	7	35	0	0	0	203	0	0	0	0	0	0	0	0	0	0	0	0	0	0	35	0	0	0	219	0	0	0	14	0	0	14	0	0	7	35	0	0	0	203	0	0	0	0	0	0	0	0	0	0	0	0	0	0	35	0	0	0	203	0	0	0	0	0	0	0	0	0	0	0	0	0	0	0	0	0	0	0	0	0	0	0	0	0	0	0	0	0	0	14	0	0	14	0	0	7	35	0	0	0	203	0	0	0	0	0	0	0	0	0	0	0	0	0	0	35	0	0	0	203	0	0	0	0	0	0	0	0	0	0	0	0	0	0	0	0	0	0	0	0	0	0	0	0	0	0	0	0	0	0	0	0	0	0	0	0	0	0	0	0	0	0	0	0	0	0	0	0	0	0	0	0	0	0	0	0	0	0	0	0	0	0
21	10	5	10	61	0	0	0	32	0	0	61	0	0	35	91	0	0	61	103	0	0	0	32	0	0	32	0	0	25	91	0	0	32	102	0	0	0	0	0	0	0	0	0	0	0	0	0	0	91	0	0	0	103	0	0	0	32	0	0	32	0	0	25	91	0	0	32	102	0	0	0	0	0	0	0	0	0	0	0	0	0	0	91	0	0	0	102	0	0	0	0	0	0	0	0	0	0	0	0	0	0	0	0	0	0	0	0	0	0	0	0	0	0	0	0	0	0	32	0	0	32	0	0	25	91	0	0	32	102	0	0	0	0	0	0	0	0	0	0	0	0	0	0	91	0	0	0	102	0	0	0	0	0	0	0	0	0	0	0	0	0	0	0	0	0	0	0	0	0	0	0	0	0	0	0	0	0	0	0	0	0	0	0	0	0	0	0	0	0	0	0	0	0	0	0	0	0	0	0	0	0	0	0	0	0	0	0	0	0	0
9	4	2	4	10	0	0	0	0	0	0	10	0	0	0	0	0	0	10	70	0	0	0	0	0	0	0	0	0	0	0	0	0	0	69	0	0	0	0	0	0	0	0	0	0	0	0	0	0	0	0	0	0	70	0	0	0	0	0	0	0	0	0	0	0	0	0	0	69	0	0	0	0	0	0	0	0	0	0	0	0	0	0	0	0	0	0	69	0	0	0	0	0	0	0	0	0	0	0	0	0	0	0	0	0	0	0	0	0	0	0	0	0	0	0	0	0	0	0	0	0	0	0	0	0	0	0	0	0	69	0	0	0	0	0	0	0	0	0	0	0	0	0	0	0	0	0	0	69	0	0	0	0	0	0	0	0	0	0	0	0	0	0	0	0	0	0	0	0	0	0	0	0	0	0	0	0	0	0	0	0	0	0	0	0	0	0	0	0	0	0	0	0	0	0	0	0	0	0	0	0	0	0	0	0	0	0	0	0	0	0
5	2	2	2	0	0	0	0	0	0	0	0	0	0	0	0	0	0	0	0	0	0	0	0	0	0	0	0	0	0	0	0	0	0	0	0	0	0	0	0	0	0	0	0	0	0	0	0	0	0	0	0	0	0	0	0	0	0	0	0	0	0	0	0	0	0	0	0	0	0	0	0	0	0	0	0	0	0	0	0	0	0	0	0	0	0	0	0	0	0	0	0	0	0	0	0	0	0	0	0	0	0	0	0	0	0	0	0	0	0	0	0	0	0	0	0	0	0	0	0	0	0	0	0	0	0	0	0	0	0	0	0	0	0	0	0	0	0	0	0	0	0	0	0	0	0	0	0	0	0	0	0	0	0	0	0	0	0	0	0	0	0	0	0	0	0	0	0	0	0	0	0	0	0	0	0	0	0	0	0	0	0	0	0	0	0	0	0	0	0	0	0	0	0	0	0	0	0	0	0	0	0	0	0	0	0	0	0	0	0	0
8	0	0	0	75	0	0	0	55	0	0	0	0	0	0	46	0	0	0	71	0	0	0	44	0	0	0	0	0	0	32	0	0	0	32	0	0	0	0	0	0	93	0	0	0	0	0	0	0	0	0	0	0	0	0	0	0	44	0	0	0	0	0	0	32	0	0	0	32	0	0	0	0	0	0	93	0	0	0	0	0	0	0	0	0	0	0	0	0	0	0	0	0	0	0	0	0	0	0	0	0	0	0	0	0	0	0	0	0	0	0	0	0	0	0	0	0	0	44	0	0	0	0	0	0	32	0	0	0	32	0	0	0	0	0	0	93	0	0	0	0	0	0	0	0	0	0	0	0	0	0	0	0	0	0	0	0	0	0	0	0	0	0	0	0	0	0	0	0	0	0	0	0	0	0	0	0	0	0	0	0	0	0	0	0	0	0	0	0	0	0	0	0	0	0	0	0	0	0	0	0	0	0	0	0	0	0	0	0	0	0
