231	221	45	38	0	211	34	34	0	45	38	0	26	20	0	0	41	55	0	0	201	33	34	0	34	34	0	22	20	0	0	38	55	0	0	44	38	0	0	0	0	0	3	5	0	0	26	20	0	0	41	55	0	0	191	32	34	0	33	34	0	22	20	0	0	36	55	0	0	33	34	0	0	0	0	0	3	5	0	0	22	20	0	0	38	55	0	0	44	38	0	1	0	0	0	11	2	0	0	0	0	0	0	3	5	0	0	26	20	0	0	41	55	0	0	181	32	34	0	32	34	0	22	20	0	0	36	55	0	0	32	34	0	0	0	0	0	3	5	0	0	22	20	0	0	36	55	0	0	33	34	0	1	0	0	0	11	2	0	0	0	0	0	0	3	5	0	0	22	20	0	0	38	55	0	0	44	38	0	4	0	0	0	0	0	0	0	1	0	0	0	11	2	0	0	0	0	0	0	3	5	0	0	26	20	0	0	41	55	0	0
317	308	64	28	0	299	56	28	0	64	28	0	44	0	0	0	69	33	0	0	290	56	28	0	56	28	0	44	0	0	0	67	33	0	0	64	28	0	1	0	0	0	17	0	0	0	44	0	0	0	69	33	0	0	281	55	28	0	56	28	0	44	0	0	0	67	33	0	0	56	28	0	1	0	0	0	14	0	0	0	44	0	0	0	67	33	0	0	64	28	0	2	0	0	0	24	4	0	0	1	0	0	0	17	0	0	0	44	0	0	0	69	33	0	0	272	54	28	0	55	28	0	44	0	0	0	67	33	0	0	56	28	0	1	0	0	0	14	0	0	0	44	0	0	0	67	33	0	0	56	28	0	0	0	0	0	23	4	0	0	1	0	0	0	14	0	0	0	44	0	0	0	67	33	0	0	64	28	0	11	0	0	0	8	0	0	0	2	0	0	0	24	4	0	0	1	0	0	0	17	0	0	0	44	0	0	0	69	33	0	0
430	419	73	43	0	408	64	43	0	73	43	0	56	0	0	0	78	51	0	0	397	62	43	0	64	43	0	54	0	0	0	73	51	0	0	73	43	0	4	0	0	0	20	8	0	0	56	0	0	0	78	51	0	0	386	56	43	0	62	43	0	48	0	0	0	69	51	0	0	64	43	0	1	0	0	0	12	8	0	0	54	0	0	0	73	51	0	0	73	43	0	2	0	0	0	19	24	0	0	4	0	0	0	20	8	0	0	56	0	0	0	78	51	0	0	375	55	43	0	56	43	0	48	0	0	0	69	51	0	0	62	43	0	1	0	0	0	12	8	0	0	48	0	0	0	69	51	0	0	64	43	0	0	0	0	0	18	24	0	0	1	0	0	0	12	8	0	0	54	0	0	0	73	51	0	0	73	43	0	11	0	0	0	9	0	0	0	2	0	0	0	19	24	0	0	4	0	0	0	20	8	0	0	56	0	0	0	78	51	0	0
585	570	108	88	0	555	95	75	0	108	88	0	95	70	0	0	123	101	0	0	540	93	75	0	95	75	0	93	70	0	0	118	95	0	0	108	88	0	24	0	0	0	32	8	0	0	95	70	0	0	123	101	0	0	525	87	75	0	93	75	0	87	70	0	0	114	95	0	0	95	75	0	21	0	0	0	24	8	0	0	93	70	0	0	118	95	0	0	108	88	0	10	0	0	0	30	24	0	0	24	0	0	0	32	8	0	0	95	70	0	0	123	101	0	0	510	83	72	0	87	75	0	87	70	0	0	114	95	0	0	93	75	0	21	0	0	0	24	8	0	0	87	70	0	0	114	95	0	0	95	75	0	8	0	0	0	29	24	0	0	21	0	0	0	24	8	0	0	93	70	0	0	118	95	0	0	108	88	0	9	9	0	0	8	9	0	0	10	0	0	0	30	24	0	0	24	0	0	0	32	8	0	0	95	70	0	0	123	101	0	0
672	655	137	120	0	638	119	102	0	137	120	0	135	88	0	0	179	139	0	0	621	108	101	0	119	102	0	110	84	0	0	153	118	0	0	137	120	0	42	5	0	0	52	77	0	0	135	88	0	0	179	139	0	0	604	97	99	0	108	101	0	97	84	0	0	135	115	0	0	119	102	0	29	5	0	0	36	45	0	0	110	84	0	0	153	118	0	0	137	120	0	24	6	0	0	51	63	0	0	42	5	0	0	52	77	0	0	135	88	0	0	179	139	0	0	587	92	88	0	97	99	0	95	76	0	0	130	107	0	0	108	101	0	23	5	0	0	33	40	0	0	97	84	0	0	135	115	0	0	119	102	0	20	0	0	0	44	50	0	0	29	5	0	0	36	45	0	0	110	84	0	0	153	118	0	0	137	120	0	11	24	0	0	20	15	0	0	24	6	0	0	51	63	0	0	42	5	0	0	52	77	0	0	135	88	0	0	179	139	0	0
726	707	142	156	6	688	122	135	0	142	156	6	136	191	0	0	213	167	0	0	669	107	128	0	122	135	0	111	173	0	0	178	150	0	0	142	156	6	39	67	0	0	58	75	0	0	136	191	0	0	213	167	0	0	650	95	126	0	107	128	0	94	167	0	0	157	147	0	0	122	135	0	26	63	0	0	44	48	0	0	111	173	0	0	178	150	0	0	142	156	6	38	18	3	0	54	43	0	0	39	67	0	0	58	75	0	0	136	191	0	0	213	167	0	0	631	85	114	0	95	126	0	88	167	0	0	147	147	0	0	107	128	0	20	63	0	0	41	48	0	0	94	167	0	0	157	147	0	0	122	135	0	33	18	0	0	53	40	0	0	26	63	0	0	44	48	0	0	111	173	0	0	178	150	0	0	142	156	6	32	0	21	0	29	0	18	0	38	18	3	0	54	43	0	0	39	67	0	0	58	75	0	0	136	191	0	0	213	167	0	0
885	864	192	188	3	843	152	155	0	192	188	3	167	233	0	0	339	274	6	0	822	131	129	0	152	155	0	121	185	0	0	245	190	0	0	192	188	3	48	82	0	0	98	197	9	0	167	233	0	0	339	274	6	0	801	119	111	0	131	129	0	101	148	0	0	217	129	0	0	152	155	0	31	51	0	0	76	166	0	0	121	185	0	0	245	190	0	0	192	188	3	55	83	3	0	84	123	3	0	48	82	0	0	98	197	9	0	167	233	0	0	339	274	6	0	780	106	95	0	119	111	0	94	126	0	0	205	91	0	0	131	129	0	25	15	0	0	69	131	0	0	101	148	0	0	217	129	0	0	152	155	0	40	45	0	0	71	108	0	0	31	51	0	0	76	166	0	0	121	185	0	0	245	190	0	0	192	188	3	66	30	12	0	65	35	6	0	55	83	3	0	84	123	3	0	48	82	0	0	98	197	9	0	167	233	0	0	339	274	6	0
818	796	167	213	0	774	115	194	0	167	213	0	135	187	0	0	316	522	0	0	752	94	192	0	115	194	0	94	183	0	0	181	469	0	0	167	213	0	52	26	0	0	77	89	0	0	135	187	0	0	316	522	0	0	730	84	187	0	94	192	0	79	183	0	0	146	462	0	0	115	194	0	30	26	0	0	60	78	0	0	94	183	0	0	181	469	0	0	167	213	0	52	33	0	0	58	74	0	0	52	26	0	0	77	89	0	0	135	187	0	0	316	522	0	0	708	78	171	0	84	187	0	75	173	0	0	134	455	0	0	94	192	0	24	26	0	0	55	78	0	0	79	183	0	0	146	462	0	0	115	194	0	43	25	0	0	49	69	0	0	30	26	0	0	60	78	0	0	94	183	0	0	181	469	0	0	167	213	0	56	89	0	0	66	18	0	0	52	33	0	0	58	74	0	0	52	26	0	0	77	89	0	0	135	187	0	0	316	522	0	0
674	658	131	98	0	642	104	78	0	131	98	0	111	15	0	0	263	101	0	0	626	87	75	0	104	78	0	79	0	0	0	192	51	0	0	131	98	0	16	0	0	0	73	99	0	0	111	15	0	0	263	101	0	0	610	83	72	0	87	75	0	68	0	0	0	168	48	0	0	104	78	0	12	0	0	0	66	99	0	0	79	0	0	0	192	51	0	0	131	98	0	49	24	0	0	56	27	0	0	16	0	0	0	73	99	0	0	111	15	0	0	263	101	0	0	594	73	57	0	83	72	0	66	0	0	0	160	44	0	0	87	75	0	6	0	0	0	61	99	0	0	68	0	0	0	168	48	0	0	104	78	0	36	9	0	0	53	27	0	0	12	0	0	0	66	99	0	0	79	0	0	0	192	51	0	0	131	98	0	62	45	0	0	68	31	0	0	49	24	0	0	56	27	0	0	16	0	0	0	73	99	0	0	111	15	0	0	263	101	0	0
614	600	115	79	0	586	84	58	0	115	79	0	105	54	0	0	220	150	0	0	572	67	49	0	84	58	0	69	27	0	0	140	93	0	0	115	79	0	27	0	0	0	75	111	0	0	105	54	0	0	220	150	0	0	558	62	40	0	67	49	0	56	27	0	0	119	72	0	0	84	58	0	19	0	0	0	72	105	0	0	69	27	0	0	140	93	0	0	115	79	0	48	54	0	0	53	33	0	0	27	0	0	0	75	111	0	0	105	54	0	0	220	150	0	0	544	49	28	0	62	40	0	51	18	0	0	108	60	0	0	67	49	0	7	0	0	0	66	99	0	0	56	27	0	0	119	72	0	0	84	58	0	23	27	0	0	48	30	0	0	19	0	0	0	72	105	0	0	69	27	0	0	140	93	0	0	115	79	0	50	45	0	0	41	45	0	0	48	54	0	0	53	33	0	0	27	0	0	0	75	111	0	0	105	54	0	0	220	150	0	0
503	487	99	101	8	471	58	77	0	99	101	8	50	48	18	0	202	254	32	3	455	54	77	0	58	77	0	36	48	0	0	101	194	0	0	98	101	8	31	0	5	0	57	15	0	0	50	48	18	0	202	254	32	3	439	47	77	0	54	77	0	32	48	0	0	93	194	0	0	57	77	0	11	0	0	0	41	0	0	0	36	48	0	0	101	194	0	0	98	101	8	37	0	10	0	33	45	0	0	31	0	5	0	57	15	0	0	50	48	18	0	202	254	32	3	423	31	73	0	47	77	0	15	48	0	0	77	194	0	0	53	77	0	2	0	0	0	36	0	0	0	32	48	0	0	93	194	0	0	57	77	0	2	0	0	0	27	40	0	0	11	0	0	0	41	0	0	0	36	48	0	0	101	194	0	0	96	101	8	16	40	24	0	25	65	0	0	37	0	10	0	33	45	0	0	30	0	5	0	53	15	0	0	50	48	18	0	198	254	32	3
667	652	119	67	15	637	83	27	0	119	67	15	80	0	27	0	229	172	75	3	622	79	27	0	83	27	0	66	0	0	0	152	52	0	0	119	67	15	22	0	5	0	85	24	0	0	80	0	27	0	229	172	75	3	607	75	27	0	79	27	0	62	0	0	0	144	52	0	0	83	27	0	12	0	0	0	76	0	0	0	66	0	0	0	152	52	0	0	119	67	15	52	0	14	0	58	8	0	0	22	0	5	0	85	24	0	0	80	0	27	0	229	172	75	3	592	52	22	0	75	27	0	50	0	0	0	136	52	0	0	79	27	0	3	0	0	0	71	0	0	0	62	0	0	0	144	52	0	0	83	27	0	6	0	0	0	47	0	0	0	12	0	0	0	76	0	0	0	66	0	0	0	152	52	0	0	119	67	15	26	40	45	0	39	48	0	0	52	0	14	0	58	8	0	0	22	0	5	0	85	24	0	0	80	0	27	0	229	172	75	3
607	593	73	69	6	579	42	48	0	73	69	6	38	96	12	0	119	141	6	0	565	28	48	0	42	48	0	15	96	0	0	61	96	0	0	73	69	6	5	0	0	0	38	84	0	0	38	96	12	0	119	141	6	0	551	24	44	0	28	48	0	4	96	0	0	49	96	0	0	42	48	0	1	0	0	0	32	84	0	0	15	96	0	0	61	96	0	0	73	69	6	21	20	0	0	34	24	0	0	5	0	0	0	38	84	0	0	38	96	12	0	119	141	6	0	537	15	20	0	24	44	0	4	80	0	0	44	90	0	0	28	48	0	1	0	0	0	32	84	0	0	4	96	0	0	49	96	0	0	42	48	0	5	0	0	0	26	24	0	0	1	0	0	0	32	84	0	0	15	96	0	0	61	96	0	0	73	69	6	14	20	18	0	41	10	24	0	21	20	0	0	34	24	0	0	5	0	0	0	38	84	0	0	38	96	12	0	119	141	6	0
408	399	63	20	6	390	42	8	0	63	20	6	31	0	12	0	127	26	12	0	381	40	8	0	42	8	0	29	0	0	0	78	8	0	0	63	20	6	2	0	0	0	49	16	0	0	31	0	12	0	127	26	12	0	372	38	6	0	40	8	0	25	0	0	0	75	8	0	0	42	8	0	0	0	0	0	40	16	0	0	29	0	0	0	78	8	0	0	63	20	6	18	12	0	0	23	16	0	0	2	0	0	0	49	16	0	0	31	0	12	0	127	26	12	0	363	26	0	0	38	6	0	25	0	0	0	72	6	0	0	40	8	0	0	0	0	0	40	16	0	0	25	0	0	0	75	8	0	0	42	8	0	0	0	0	0	20	16	0	0	0	0	0	0	40	16	0	0	29	0	0	0	78	8	0	0	63	20	6	18	0	18	0	31	12	6	0	18	12	0	0	23	16	0	0	2	0	0	0	49	16	0	0	31	0	12	0	127	26	12	0
400	389	71	41	3	378	41	26	0	71	41	3	29	0	3	0	140	122	9	0	367	40	26	0	41	26	0	26	0	0	0	74	92	0	0	71	41	3	8	0	0	0	43	5	0	0	29	0	3	0	140	122	9	0	356	38	26	0	40	26	0	26	0	0	0	73	92	0	0	41	26	0	0	0	0	0	29	0	0	0	26	0	0	0	74	92	0	0	71	41	3	20	0	0	0	20	16	0	0	8	0	0	0	43	5	0	0	29	0	3	0	140	122	9	0	345	26	24	0	38	26	0	24	0	0	0	68	92	0	0	40	26	0	0	0	0	0	27	0	0	0	26	0	0	0	73	92	0	0	41	26	0	0	0	0	0	16	16	0	0	0	0	0	0	29	0	0	0	26	0	0	0	74	92	0	0	71	41	3	13	16	9	0	22	26	0	0	20	0	0	0	20	16	0	0	8	0	0	0	43	5	0	0	29	0	3	0	140	122	9	0
699	683	86	53	50	667	65	41	11	86	53	50	62	0	7	34	155	77	50	38	651	60	41	0	65	41	11	49	0	5	0	111	65	11	0	86	53	50	14	0	14	0	62	0	0	3	62	0	7	34	155	77	50	38	635	45	39	0	60	41	0	41	0	0	0	104	65	0	0	65	41	11	7	0	10	0	62	0	0	0	49	0	5	0	111	65	11	0	86	53	50	19	24	89	0	46	0	0	0	14	0	14	0	62	0	0	3	62	0	7	34	155	77	50	38	619	35	15	0	45	39	0	19	0	0	0	82	60	0	0	60	41	0	1	0	0	0	54	0	0	0	41	0	0	0	104	65	0	0	65	41	11	2	0	33	0	38	0	0	0	7	0	10	0	62	0	0	0	49	0	5	0	111	65	11	0	86	53	50	10	0	34	0	15	0	100	0	19	24	89	0	46	0	0	0	14	0	14	0	62	0	0	3	62	0	7	34	155	77	50	38
626	609	96	103	25	592	63	74	5	96	103	25	55	52	7	10	179	228	75	26	575	57	66	0	63	74	5	43	28	5	0	111	148	15	0	95	103	25	26	0	14	0	37	22	25	3	55	52	7	10	179	228	75	26	558	48	66	0	57	66	0	29	28	0	0	101	140	0	0	62	74	5	8	0	10	0	25	16	5	0	43	28	5	0	111	148	15	0	95	103	25	28	0	21	0	41	49	0	0	26	0	14	0	37	22	25	3	55	52	7	10	179	228	75	26	541	40	66	0	48	66	0	24	28	0	0	90	140	0	0	56	66	0	2	0	0	0	19	0	0	0	29	28	0	0	101	140	0	0	62	74	5	5	0	15	0	25	24	0	0	8	0	10	0	25	16	5	0	43	28	5	0	111	148	15	0	94	103	25	16	0	8	0	15	8	0	0	28	0	21	0	41	49	0	0	25	0	14	0	35	22	25	3	55	52	7	10	177	228	75	26
827	808	99	133	26	789	62	85	8	99	133	26	62	175	7	19	142	286	104	23	770	51	58	0	62	85	8	38	94	5	0	90	172	32	0	99	133	26	22	118	14	0	46	106	52	3	62	175	7	19	142	286	104	23	751	36	36	0	51	58	0	22	60	0	0	76	120	0	0	62	85	8	0	60	10	0	28	84	16	0	38	94	5	0	90	172	32	0	99	133	26	11	120	39	0	46	100	26	0	22	118	14	0	46	106	52	3	62	175	7	19	142	286	104	23	732	30	8	0	36	36	0	17	24	0	0	63	64	0	0	51	58	0	0	8	0	0	23	40	0	0	22	60	0	0	76	120	0	0	62	85	8	0	16	24	0	26	56	8	0	0	60	10	0	28	84	16	0	38	94	5	0	90	172	32	0	99	133	26	4	32	14	0	17	8	78	0	11	120	39	0	46	100	26	0	22	118	14	0	46	106	52	3	62	175	7	19	142	286	104	23
519	505	65	53	30	491	41	33	3	65	53	30	31	22	0	9	132	113	60	32	477	38	33	0	41	33	3	20	22	0	0	85	66	6	0	65	53	30	11	0	0	0	27	0	0	0	31	22	0	9	132	113	60	32	463	33	33	0	38	33	0	18	22	0	0	81	66	0	0	41	33	3	7	0	0	0	24	0	0	0	20	22	0	0	85	66	6	0	65	53	30	21	0	24	0	33	0	0	0	11	0	0	0	27	0	0	0	31	22	0	9	132	113	60	32	449	25	33	0	33	33	0	12	22	0	0	73	66	0	0	38	33	0	1	0	0	0	19	0	0	0	18	22	0	0	81	66	0	0	41	33	3	2	0	9	0	21	0	0	0	7	0	0	0	24	0	0	0	20	22	0	0	85	66	6	0	65	53	30	10	0	14	0	9	0	0	0	21	0	24	0	33	0	0	0	11	0	0	0	27	0	0	0	31	22	0	9	132	113	60	32
486	475	56	35	8	464	32	10	0	56	35	8	28	0	0	0	91	75	40	15	453	29	10	0	32	10	0	17	0	0	0	63	10	0	0	56	35	8	19	0	0	0	16	0	0	0	28	0	0	0	91	75	40	15	442	26	5	0	29	10	0	15	0	0	0	59	10	0	0	32	10	0	7	0	0	0	12	0	0	0	17	0	0	0	63	10	0	0	56	35	8	20	25	0	0	28	10	0	0	19	0	0	0	16	0	0	0	28	0	0	0	91	75	40	15	431	19	0	0	26	5	0	10	0	0	0	52	5	0	0	29	10	0	1	0	0	0	7	0	0	0	15	0	0	0	59	10	0	0	32	10	0	2	0	0	0	10	0	0	0	7	0	0	0	12	0	0	0	17	0	0	0	63	10	0	0	56	35	8	4	0	8	0	2	5	8	0	20	25	0	0	28	10	0	0	19	0	0	0	16	0	0	0	28	0	0	0	91	75	40	15
676	657	89	117	45	638	58	74	12	89	117	45	56	45	64	21	127	196	180	89	619	50	74	10	58	74	12	37	45	34	15	85	180	48	16	89	117	45	18	0	43	10	43	35	0	0	56	45	64	21	127	196	180	89	600	38	74	3	50	74	10	28	45	30	0	71	180	40	0	58	74	12	1	0	26	0	23	15	0	0	37	45	34	15	85	180	48	16	89	117	45	9	0	29	6	40	60	0	3	18	0	43	10	43	35	0	0	56	45	64	21	127	196	180	89	581	36	74	0	38	74	3	23	45	12	0	58	180	12	0	50	74	10	0	0	20	0	2	15	0	0	28	45	30	0	71	180	40	0	58	74	12	3	0	0	0	5	0	0	0	1	0	26	0	23	15	0	0	37	45	34	15	85	180	48	16	89	117	45	1	0	8	0	3	0	0	0	9	0	29	6	40	60	0	3	18	0	43	10	43	35	0	0	56	45	64	21	127	196	180	89
447	436	43	19	42	425	27	10	0	43	19	42	17	0	24	0	64	10	42	139	414	26	10	0	27	10	0	15	0	0	0	55	10	0	27	43	19	42	15	0	8	0	16	0	0	0	17	0	24	0	64	10	42	139	403	18	10	0	26	10	0	12	0	0	0	52	10	0	0	27	10	0	1	0	0	0	7	0	0	0	15	0	0	0	55	10	0	27	43	19	42	6	0	53	0	24	0	0	0	15	0	8	0	16	0	0	0	17	0	24	0	64	10	42	139	392	16	10	0	18	10	0	7	0	0	0	34	10	0	0	26	10	0	0	0	0	0	2	0	0	0	12	0	0	0	52	10	0	0	27	10	0	0	0	0	0	0	0	0	0	1	0	0	0	7	0	0	0	15	0	0	0	55	10	0	27	43	19	42	0	0	8	0	0	0	0	0	6	0	53	0	24	0	0	0	15	0	8	0	16	0	0	0	17	0	24	0	64	10	42	139
602	588	51	63	21	574	34	33	0	51	63	21	26	22	24	0	66	51	84	59	560	31	25	0	34	33	0	22	22	0	0	58	44	0	13	51	63	21	10	56	8	0	20	14	0	0	26	22	24	0	66	51	84	59	546	21	7	0	31	25	0	13	14	0	0	51	28	0	0	34	33	0	1	0	0	0	8	0	0	0	22	22	0	0	58	44	0	13	51	63	21	2	28	29	0	18	42	42	0	10	56	8	0	20	14	0	0	26	22	24	0	66	51	84	59	532	20	0	0	21	7	0	10	0	0	0	42	0	0	0	31	25	0	0	0	0	0	3	0	0	0	13	14	0	0	51	28	0	0	34	33	0	0	0	0	0	0	0	0	0	1	0	0	0	8	0	0	0	22	22	0	0	58	44	0	13	51	63	21	0	0	8	0	2	0	21	0	2	28	29	0	18	42	42	0	10	56	8	0	20	14	0	0	26	22	24	0	66	51	84	59
350	342	34	12	13	334	21	0	0	34	12	13	15	0	16	0	49	0	26	34	326	20	0	0	21	0	0	13	0	0	0	44	0	0	8	34	12	13	15	0	8	0	15	0	0	0	15	0	16	0	49	0	26	34	318	13	0	0	20	0	0	10	0	0	0	41	0	0	0	21	0	0	1	0	0	0	8	0	0	0	13	0	0	0	44	0	0	8	34	12	13	6	0	29	0	20	6	0	0	15	0	8	0	15	0	0	0	15	0	16	0	49	0	26	34	310	11	0	0	13	0	0	5	0	0	0	28	0	0	0	20	0	0	0	0	0	0	3	0	0	0	10	0	0	0	41	0	0	0	21	0	0	0	0	0	0	0	0	0	0	1	0	0	0	8	0	0	0	13	0	0	0	44	0	0	8	34	12	13	0	0	8	0	0	0	0	0	6	0	29	0	20	6	0	0	15	0	8	0	15	0	0	0	15	0	16	0	49	0	26	34
322	313	32	24	5	304	15	14	0	32	24	5	12	0	0	0	46	42	10	8	295	14	14	0	15	14	0	7	0	0	0	27	42	0	0	32	24	5	8	0	0	0	7	7	0	0	12	0	0	0	46	42	10	8	286	10	14	0	14	14	0	7	0	0	0	27	42	0	0	15	14	0	0	0	0	0	2	7	0	0	7	0	0	0	27	42	0	0	32	24	5	4	0	5	0	13	5	0	0	8	0	0	0	7	7	0	0	12	0	0	0	46	42	10	8	277	9	14	0	10	14	0	5	0	0	0	22	42	0	0	14	14	0	0	0	0	0	2	7	0	0	7	0	0	0	27	42	0	0	15	14	0	0	0	0	0	0	0	0	0	0	0	0	0	2	7	0	0	7	0	0	0	27	42	0	0	32	24	5	0	0	0	0	0	0	0	0	4	0	5	0	13	5	0	0	8	0	0	0	7	7	0	0	12	0	0	0	46	42	10	8
578	562	61	53	48	546	50	51	19	61	53	48	39	26	6	5	86	121	0	84	530	45	51	19	50	51	19	32	26	5	5	66	117	0	12	61	53	48	3	0	14	0	14	13	0	0	39	26	6	5	86	121	0	84	514	39	39	19	45	51	19	24	26	5	5	58	117	0	10	50	51	19	0	0	0	0	3	13	0	0	32	26	5	5	66	117	0	12	61	53	48	0	0	7	0	0	0	48	0	3	0	14	0	14	13	0	0	39	26	6	5	86	121	0	84	498	39	39	16	39	39	19	24	26	5	3	58	117	0	3	45	51	19	0	0	0	0	3	13	0	0	24	26	5	5	58	117	0	10	50	51	19	0	0	0	0	0	0	19	0	0	0	0	0	3	13	0	0	32	26	5	5	66	117	0	12	61	53	48	0	0	0	9	1	0	0	0	0	0	7	0	0	0	48	0	3	0	14	0	14	13	0	0	39	26	6	5	86	121	0	84
344	336	24	0	41	328	24	0	4	24	0	41	10	0	0	0	41	0	0	126	320	22	0	4	24	0	4	10	0	0	0	41	0	0	12	24	0	41	0	0	14	0	3	0	0	0	10	0	0	0	41	0	0	126	312	18	0	4	22	0	4	8	0	0	0	37	0	0	10	24	0	4	0	0	0	0	3	0	0	0	10	0	0	0	41	0	0	12	24	0	41	0	0	7	0	0	0	0	0	0	0	14	0	3	0	0	0	10	0	0	0	41	0	0	126	304	18	0	4	18	0	4	8	0	0	0	37	0	0	3	22	0	4	0	0	0	0	3	0	0	0	8	0	0	0	37	0	0	10	24	0	4	0	0	0	0	0	0	0	0	0	0	0	0	3	0	0	0	10	0	0	0	41	0	0	12	24	0	41	0	0	0	0	0	0	0	0	0	0	7	0	0	0	0	0	0	0	14	0	3	0	0	0	10	0	0	0	41	0	0	126
649	633	68	71	35	617	58	68	17	68	71	35	56	36	14	5	82	48	0	66	601	53	68	17	58	68	17	52	36	13	5	70	48	0	12	68	71	35	18	0	14	0	30	0	0	0	56	36	14	5	82	48	0	66	585	44	48	17	53	68	17	40	36	13	5	59	48	0	10	58	68	17	7	0	0	0	2	0	0	0	52	36	13	5	70	48	0	12	68	71	35	2	0	7	0	4	0	70	0	18	0	14	0	30	0	0	0	56	36	14	5	82	48	0	66	569	44	48	10	44	48	17	40	36	13	3	58	48	0	3	53	68	17	7	0	0	0	2	0	0	0	40	36	13	5	59	48	0	10	58	68	17	2	0	0	0	2	0	34	0	7	0	0	0	2	0	0	0	52	36	13	5	70	48	0	12	68	71	35	0	0	0	9	4	0	0	6	2	0	7	0	4	0	70	0	18	0	14	0	30	0	0	0	56	36	14	5	82	48	0	66
760	742	89	83	69	724	73	63	43	89	83	69	75	102	59	71	116	88	69	66	706	62	36	24	73	63	43	55	72	51	12	90	48	43	12	89	83	69	16	36	50	21	41	60	138	51	75	102	59	71	116	88	69	66	688	53	0	22	62	36	24	46	0	34	10	72	0	24	10	73	63	43	7	0	24	15	2	0	86	13	55	72	51	12	90	48	43	12	89	83	69	2	0	19	10	11	0	207	0	16	36	50	21	41	60	138	51	75	102	59	71	116	88	69	66	670	52	0	10	53	0	22	46	0	28	3	71	0	22	3	62	36	24	7	0	0	0	2	0	48	0	46	0	34	10	72	0	24	10	73	63	43	2	0	8	0	6	0	129	0	7	0	24	15	2	0	86	13	55	72	51	12	90	48	43	12	89	83	69	0	0	0	9	8	15	0	9	2	0	19	10	11	0	207	0	16	36	50	21	41	60	138	51	75	102	59	71	116	88	69	66
621	606	88	77	38	591	70	57	32	88	77	38	81	50	74	47	128	58	76	0	576	56	42	21	70	57	32	61	28	66	12	97	30	64	0	88	77	38	18	56	36	21	52	63	38	26	81	50	74	47	128	58	76	0	561	47	14	18	56	42	21	48	0	49	10	79	7	42	0	70	57	32	12	0	24	15	4	0	32	8	61	28	66	12	97	30	64	0	88	77	38	13	0	12	14	17	27	152	0	18	56	36	21	52	63	38	26	81	50	74	47	128	58	76	0	546	43	14	3	47	14	18	44	0	40	3	71	0	36	0	56	42	21	12	0	0	0	4	0	21	0	48	0	49	10	79	7	42	0	70	57	32	8	0	8	0	10	18	128	0	12	0	24	15	4	0	32	8	61	28	66	12	97	30	64	0	88	77	38	13	0	5	6	11	30	0	9	13	0	12	14	17	27	152	0	18	56	36	21	52	63	38	26	81	50	74	47	128	58	76	0
869	848	102	119	93	827	75	65	62	102	119	93	79	195	106	87	147	178	279	107	806	58	0	56	75	65	62	58	0	69	73	99	39	186	75	102	119	93	22	0	78	47	16	0	465	0	79	195	106	87	147	178	279	107	785	49	0	40	58	0	56	47	0	57	51	89	0	168	45	75	65	62	12	0	12	12	10	0	310	0	58	0	69	73	99	39	186	75	102	119	93	12	0	6	52	22	64	0	26	22	0	78	47	16	0	465	0	79	195	106	87	147	178	279	107	764	44	0	24	49	0	40	40	0	26	46	69	0	120	40	58	0	56	12	0	8	10	10	0	280	0	47	0	57	51	89	0	168	45	75	65	62	8	0	5	27	16	52	0	8	12	0	12	12	10	0	310	0	58	0	69	73	99	39	186	75	102	119	93	10	0	6	38	23	64	0	6	12	0	6	52	22	64	0	26	22	0	78	47	16	0	465	0	79	195	106	87	147	178	279	107
760	741	99	110	57	722	72	105	44	99	110	57	86	60	40	39	170	217	0	38	703	54	60	43	72	105	44	55	60	33	37	106	210	0	32	99	110	57	23	15	28	10	16	30	228	0	86	60	40	39	170	217	0	38	684	44	44	35	54	60	43	44	15	33	31	86	173	0	21	72	105	44	11	11	0	7	10	22	176	0	55	60	33	37	106	210	0	32	99	110	57	7	59	6	52	20	44	57	0	23	15	28	10	16	30	228	0	86	60	40	39	170	217	0	38	665	39	40	19	44	44	35	37	11	26	26	64	143	0	18	54	60	43	11	11	0	5	10	22	172	0	44	15	33	31	86	173	0	21	72	105	44	3	55	5	27	20	44	44	0	11	11	0	7	10	22	176	0	55	60	33	37	106	210	0	32	99	110	57	6	44	6	38	18	44	0	6	7	59	6	52	20	44	57	0	23	15	28	10	16	30	228	0	86	60	40	39	170	217	0	38
619	604	76	58	51	589	56	42	48	76	58	51	67	64	33	27	152	102	51	0	574	38	20	47	56	42	48	38	40	33	25	97	63	48	0	76	58	51	15	20	0	10	14	52	102	0	67	64	33	27	152	102	51	0	559	29	0	37	38	20	47	27	0	33	19	71	30	47	0	56	42	48	5	0	0	7	8	44	96	0	38	40	33	25	97	63	48	0	76	58	51	10	0	6	64	22	44	102	0	15	20	0	10	14	52	102	0	67	64	33	27	152	102	51	0	544	25	0	15	29	0	37	20	0	26	14	51	0	37	0	38	20	47	5	0	0	5	8	40	94	0	27	0	33	19	71	30	47	0	56	42	48	6	0	5	27	18	40	96	0	5	0	0	7	8	44	96	0	38	40	33	25	97	63	48	0	76	58	51	10	0	6	38	20	33	0	12	10	0	6	64	22	44	102	0	15	20	0	10	14	52	102	0	67	64	33	27	152	102	51	0
451	440	53	41	6	429	33	22	6	53	41	6	43	51	24	0	99	66	12	0	418	18	5	6	33	22	6	22	15	24	0	59	22	12	0	53	41	6	13	10	0	0	14	20	18	0	43	51	24	0	99	66	12	0	407	9	0	5	18	5	6	10	0	24	0	40	5	12	0	33	22	6	3	0	0	0	8	14	18	0	22	15	24	0	59	22	12	0	53	41	6	9	0	0	5	22	28	6	0	13	10	0	0	14	20	18	0	43	51	24	0	99	66	12	0	396	5	0	0	9	0	5	4	0	20	0	19	0	10	0	18	5	6	3	0	0	0	8	10	18	0	10	0	24	0	40	5	12	0	33	22	6	5	0	0	0	16	20	6	0	3	0	0	0	8	14	18	0	22	15	24	0	59	22	12	0	53	41	6	5	0	0	0	20	28	0	6	9	0	0	5	22	28	6	0	13	10	0	0	14	20	18	0	43	51	24	0	99	66	12	0
325	317	38	23	0	309	26	14	0	38	23	0	30	22	0	0	83	39	0	0	301	15	6	0	26	14	0	20	12	0	0	52	21	0	0	38	23	0	13	6	0	0	14	12	0	0	30	22	0	0	83	39	0	0	293	7	0	0	15	6	0	9	0	0	0	36	9	0	0	26	14	0	3	0	0	0	8	8	0	0	20	12	0	0	52	21	0	0	38	23	0	9	0	0	0	16	16	0	0	13	6	0	0	14	12	0	0	30	22	0	0	83	39	0	0	285	4	0	0	7	0	0	3	0	0	0	17	0	0	0	15	6	0	3	0	0	0	8	6	0	0	9	0	0	0	36	9	0	0	26	14	0	5	0	0	0	12	12	0	0	3	0	0	0	8	8	0	0	20	12	0	0	52	21	0	0	38	23	0	5	0	0	0	15	12	0	0	9	0	0	0	16	16	0	0	13	6	0	0	14	12	0	0	30	22	0	0	83	39	0	0
611	596	30	44	81	581	10	0	55	30	44	81	6	0	95	65	24	22	324	99	566	9	0	53	10	0	55	3	0	14	63	12	0	220	68	30	44	81	4	0	5	24	6	0	0	0	6	0	95	65	24	22	324	99	551	7	0	48	9	0	53	3	0	12	59	11	0	212	62	10	0	55	0	0	0	16	2	0	0	0	3	0	14	63	12	0	220	68	30	44	81	2	0	0	44	12	22	0	0	4	0	5	24	6	0	0	0	6	0	95	65	24	22	324	99	536	5	0	19	7	0	48	1	0	8	38	4	0	192	45	9	0	53	0	0	0	0	0	0	0	0	3	0	12	59	11	0	212	62	10	0	55	0	0	0	0	0	0	0	0	0	0	0	16	2	0	0	0	3	0	14	63	12	0	220	68	30	44	81	0	0	0	63	14	22	0	76	2	0	0	44	12	22	0	0	4	0	5	24	6	0	0	0	6	0	95	65	24	22	324	99
407	397	36	21	41	387	15	0	6	36	21	41	20	0	106	24	48	21	123	150	377	10	0	6	15	0	6	9	0	0	24	30	0	18	116	36	21	41	8	0	31	0	14	0	0	0	20	0	106	24	48	21	123	150	367	6	0	6	10	0	6	9	0	0	24	23	0	18	109	15	0	6	2	0	0	0	8	0	0	0	9	0	0	24	30	0	18	116	36	21	41	4	0	0	0	18	28	0	0	8	0	31	0	14	0	0	0	20	0	106	24	48	21	123	150	357	2	0	5	6	0	6	3	0	0	20	9	0	18	82	10	0	6	2	0	0	0	0	0	0	0	9	0	0	24	23	0	18	109	15	0	6	0	0	0	0	0	0	0	0	2	0	0	0	8	0	0	0	9	0	0	24	30	0	18	116	36	21	41	1	0	0	5	17	28	0	0	4	0	0	0	18	28	0	0	8	0	31	0	14	0	0	0	20	0	106	24	48	21	123	150
285	278	13	10	10	271	2	0	6	13	10	10	1	0	0	24	7	0	20	0	264	2	0	6	2	0	6	1	0	0	24	2	0	12	0	13	10	10	0	0	0	0	0	0	0	0	1	0	0	24	7	0	20	0	257	2	0	6	2	0	6	1	0	0	24	2	0	12	0	2	0	6	0	0	0	0	0	0	0	0	1	0	0	24	2	0	12	0	13	10	10	0	0	0	0	6	0	0	0	0	0	0	0	0	0	0	0	1	0	0	24	7	0	20	0	250	1	0	5	2	0	6	1	0	0	20	2	0	12	0	2	0	6	0	0	0	0	0	0	0	0	1	0	0	24	2	0	12	0	2	0	6	0	0	0	0	0	0	0	0	0	0	0	0	0	0	0	0	1	0	0	24	2	0	12	0	13	10	10	0	0	0	5	7	5	0	0	0	0	0	0	6	0	0	0	0	0	0	0	0	0	0	0	1	0	0	24	7	0	20	0
409	399	15	9	72	389	1	0	66	15	9	72	0	0	65	50	2	0	72	0	379	1	0	48	1	0	66	0	0	61	36	0	0	66	0	15	9	72	0	0	0	52	0	0	0	69	0	0	65	50	2	0	72	0	369	1	0	31	1	0	48	0	0	19	32	0	0	48	0	1	0	66	0	0	0	16	0	0	0	43	0	0	61	36	0	0	66	0	15	9	72	0	0	0	69	2	0	0	21	0	0	0	52	0	0	0	69	0	0	65	50	2	0	72	0	359	1	0	5	1	0	31	0	0	8	20	0	0	31	0	1	0	48	0	0	0	0	0	0	0	24	0	0	19	32	0	0	48	0	1	0	66	0	0	0	0	0	0	0	0	0	0	0	16	0	0	0	43	0	0	61	36	0	0	66	0	15	9	72	0	0	0	5	5	0	0	84	0	0	0	69	2	0	0	21	0	0	0	52	0	0	0	69	0	0	65	50	2	0	72	0
448	437	25	24	61	426	4	0	44	25	24	61	1	0	166	40	8	0	183	93	415	4	0	19	4	0	44	1	0	89	12	2	0	132	62	25	24	61	0	0	0	52	0	0	0	107	1	0	166	40	8	0	183	93	404	4	0	8	4	0	19	1	0	19	8	2	0	57	56	4	0	44	0	0	0	16	0	0	0	75	1	0	89	12	2	0	132	62	25	24	61	0	0	0	32	8	0	0	21	0	0	0	52	0	0	0	107	1	0	166	40	8	0	183	93	393	3	0	0	4	0	8	1	0	8	0	2	0	24	40	4	0	19	0	0	0	0	0	0	0	45	1	0	19	8	2	0	57	56	4	0	44	0	0	0	0	0	0	0	0	0	0	0	16	0	0	0	75	1	0	89	12	2	0	132	62	25	24	61	0	0	0	0	11	8	0	26	0	0	0	32	8	0	0	21	0	0	0	52	0	0	0	107	1	0	166	40	8	0	183	93
520	507	11	0	127	494	11	0	83	11	0	127	6	0	0	141	15	0	0	224	481	11	0	66	11	0	83	6	0	0	95	15	0	0	171	11	0	127	0	0	0	40	1	0	0	93	6	0	0	141	15	0	0	224	468	11	0	19	11	0	66	6	0	0	50	15	0	0	126	11	0	83	0	0	0	12	1	0	0	62	6	0	0	95	15	0	0	171	11	0	127	0	0	0	52	0	0	0	190	0	0	0	40	1	0	0	93	6	0	0	141	15	0	0	224	455	10	0	8	11	0	19	6	0	0	24	15	0	0	93	11	0	66	0	0	0	8	1	0	0	56	6	0	0	50	15	0	0	126	11	0	83	0	0	0	16	0	0	0	111	0	0	0	12	1	0	0	62	6	0	0	95	15	0	0	171	11	0	127	0	0	0	32	0	0	0	21	0	0	0	52	0	0	0	190	0	0	0	40	1	0	0	93	6	0	0	141	15	0	0	224
435	424	17	10	81	413	15	10	56	17	10	81	11	0	11	74	30	0	0	142	402	15	10	29	15	10	56	11	0	11	31	28	0	0	99	17	10	81	5	0	0	26	4	0	0	150	11	0	11	74	30	0	0	142	391	12	10	0	15	10	29	11	0	0	0	28	0	0	72	15	10	56	2	0	0	0	0	0	0	106	11	0	11	31	28	0	0	99	17	10	81	3	0	11	0	0	0	0	142	5	0	0	26	4	0	0	150	11	0	11	74	30	0	0	142	380	8	10	0	12	10	0	6	0	0	0	17	0	0	56	15	10	29	2	0	0	0	0	0	0	99	11	0	0	0	28	0	0	72	15	10	56	0	0	11	0	0	0	0	92	2	0	0	0	0	0	0	106	11	0	11	31	28	0	0	99	17	10	81	1	0	11	0	0	0	0	0	3	0	11	0	0	0	0	142	5	0	0	26	4	0	0	150	11	0	11	74	30	0	0	142
591	576	20	27	90	561	13	26	51	20	27	90	9	13	18	84	39	26	0	193	546	13	26	19	13	26	51	9	13	16	31	31	26	0	111	20	27	90	9	0	0	26	10	0	0	156	9	13	18	84	39	26	0	193	531	8	26	0	13	26	19	9	13	0	0	31	26	0	84	13	26	51	2	0	0	0	0	0	0	112	9	13	16	31	31	26	0	111	20	27	90	5	0	11	0	0	0	0	107	9	0	0	26	10	0	0	156	9	13	18	84	39	26	0	193	516	4	13	0	8	26	0	2	13	0	0	13	26	0	68	13	26	19	2	0	0	0	0	0	0	105	9	13	0	0	31	26	0	84	13	26	51	0	0	11	0	0	0	0	75	2	0	0	0	0	0	0	112	9	13	16	31	31	26	0	111	20	27	90	1	0	11	0	0	0	90	0	5	0	11	0	0	0	0	107	9	0	0	26	10	0	0	156	9	13	18	84	39	26	0	193
620	604	37	73	66	588	16	57	51	37	73	66	8	70	48	71	74	152	66	41	572	14	53	7	16	57	51	6	66	42	7	38	132	51	6	37	73	66	5	42	0	14	14	20	0	207	8	70	48	71	74	152	66	41	556	11	31	0	14	53	7	6	62	0	0	31	125	7	6	16	57	51	0	22	0	0	0	0	0	160	6	66	42	7	38	132	51	6	37	73	66	3	20	11	0	0	0	132	38	5	42	0	14	14	20	0	207	8	70	48	71	74	152	66	41	540	8	10	0	11	31	0	3	20	0	0	20	50	0	6	14	53	7	0	20	0	0	0	0	0	152	6	62	0	0	31	125	7	6	16	57	51	0	0	11	0	0	0	102	32	0	22	0	0	0	0	0	160	6	66	42	7	38	132	51	6	37	73	66	0	10	11	0	0	0	132	0	3	20	11	0	0	0	132	38	5	42	0	14	14	20	0	207	8	70	48	71	74	152	66	41
548	534	35	53	67	520	16	33	42	35	53	67	15	22	48	62	86	130	134	122	506	12	29	0	16	33	42	9	22	42	0	45	99	84	61	35	53	67	5	36	0	0	12	36	0	207	15	22	48	62	86	130	134	122	492	9	9	0	12	29	0	9	18	0	0	31	85	0	59	16	33	42	2	0	0	0	0	0	0	160	9	22	42	0	45	99	84	61	35	53	67	3	18	11	0	0	0	134	0	5	36	0	0	12	36	0	207	15	22	48	62	86	130	134	122	478	5	0	0	9	9	0	4	0	0	0	20	18	0	54	12	29	0	2	0	0	0	0	0	0	152	9	18	0	0	31	85	0	59	16	33	42	0	0	11	0	0	0	84	0	2	0	0	0	0	0	0	160	9	22	42	0	45	99	84	61	35	53	67	1	0	11	0	0	0	67	0	3	18	11	0	0	0	134	0	5	36	0	0	12	36	0	207	15	22	48	62	86	130	134	122
463	451	47	29	72	439	30	18	42	47	29	72	29	18	9	95	135	115	72	133	427	22	0	38	30	18	42	24	0	9	85	81	63	42	93	47	29	72	3	0	62	23	0	0	144	0	29	18	9	95	135	115	72	133	415	18	0	6	22	0	38	17	0	9	0	52	0	38	7	30	18	42	3	0	20	0	0	0	84	0	24	0	9	85	81	63	42	93	47	29	72	1	0	44	18	2	0	0	114	3	0	62	23	0	0	144	0	29	18	9	95	135	115	72	133	403	17	0	5	18	0	6	15	0	6	0	42	0	6	0	22	0	38	1	0	20	0	0	0	76	0	17	0	9	0	52	0	38	7	30	18	42	1	0	11	15	2	0	0	98	3	0	20	0	0	0	84	0	24	0	9	85	81	63	42	93	47	29	72	5	0	10	5	1	0	0	0	1	0	44	18	2	0	0	114	3	0	62	23	0	0	144	0	29	18	9	95	135	115	72	133
345	336	36	24	22	327	13	10	11	36	24	22	9	20	0	22	107	94	44	67	318	9	0	10	13	10	11	7	0	0	20	40	35	22	42	36	24	22	0	0	18	10	0	0	44	0	9	20	0	22	107	94	44	67	309	8	0	0	9	0	10	5	0	0	0	26	0	20	0	13	10	11	0	0	0	0	0	0	22	0	7	0	0	20	40	35	22	42	36	24	22	0	0	9	0	0	0	0	51	0	0	18	10	0	0	44	0	9	20	0	22	107	94	44	67	300	8	0	0	8	0	0	5	0	0	0	24	0	0	0	9	0	10	0	0	0	0	0	0	20	0	5	0	0	0	26	0	20	0	13	10	11	0	0	0	0	0	0	0	48	0	0	0	0	0	0	22	0	7	0	0	20	40	35	22	42	36	24	22	0	0	0	0	0	0	0	0	0	0	9	0	0	0	0	51	0	0	18	10	0	0	44	0	9	20	0	22	107	94	44	67
271	264	32	10	6	257	13	0	4	32	10	6	12	0	0	8	98	45	12	0	250	9	0	3	13	0	4	6	0	0	6	40	0	8	0	32	10	6	0	0	0	3	0	0	0	0	12	0	0	8	98	45	12	0	243	9	0	0	9	0	3	6	0	0	0	26	0	6	0	13	0	4	0	0	0	0	0	0	0	0	6	0	0	6	40	0	8	0	32	10	6	0	0	0	0	0	0	0	0	0	0	0	3	0	0	0	0	12	0	0	8	98	45	12	0	236	9	0	0	9	0	0	6	0	0	0	26	0	0	0	9	0	3	0	0	0	0	0	0	0	0	6	0	0	0	26	0	6	0	13	0	4	0	0	0	0	0	0	0	0	0	0	0	0	0	0	0	0	6	0	0	6	40	0	8	0	32	10	6	0	0	0	0	0	0	0	0	0	0	0	0	0	0	0	0	0	0	0	3	0	0	0	0	12	0	0	8	98	45	12	0
325	316	40	26	0	307	15	14	0	40	26	0	16	0	0	0	119	78	0	0	298	13	14	0	15	14	0	12	0	0	0	49	42	0	0	40	26	0	0	0	0	0	0	0	0	0	16	0	0	0	119	78	0	0	289	13	14	0	13	14	0	12	0	0	0	42	42	0	0	15	14	0	0	0	0	0	0	0	0	0	12	0	0	0	49	42	0	0	40	26	0	0	0	0	0	3	0	0	0	0	0	0	0	0	0	0	0	16	0	0	0	119	78	0	0	280	13	14	0	13	14	0	12	0	0	0	42	42	0	0	13	14	0	0	0	0	0	0	0	0	0	12	0	0	0	42	42	0	0	15	14	0	0	0	0	0	0	0	0	0	0	0	0	0	0	0	0	0	12	0	0	0	49	42	0	0	40	26	0	0	0	0	0	3	0	0	0	0	0	0	0	3	0	0	0	0	0	0	0	0	0	0	0	16	0	0	0	119	78	0	0
277	269	30	23	0	261	8	15	0	30	23	0	6	10	0	0	87	65	0	0	253	8	15	0	8	15	0	6	10	0	0	28	45	0	0	30	23	0	0	0	0	0	0	0	0	0	6	10	0	0	87	65	0	0	245	8	15	0	8	15	0	6	10	0	0	28	45	0	0	8	15	0	0	0	0	0	0	0	0	0	6	10	0	0	28	45	0	0	30	23	0	0	0	0	0	3	0	0	0	0	0	0	0	0	0	0	0	6	10	0	0	87	65	0	0	237	8	15	0	8	15	0	6	10	0	0	28	45	0	0	8	15	0	0	0	0	0	0	0	0	0	6	10	0	0	28	45	0	0	8	15	0	0	0	0	0	0	0	0	0	0	0	0	0	0	0	0	0	6	10	0	0	28	45	0	0	30	23	0	0	0	0	0	3	0	0	0	0	0	0	0	3	0	0	0	0	0	0	0	0	0	0	0	6	10	0	0	87	65	0	0
637	619	67	105	32	601	26	56	9	67	105	32	23	56	38	9	167	299	160	100	583	26	56	9	26	56	9	23	56	9	9	69	154	45	57	67	105	32	3	0	0	0	3	0	0	0	23	56	38	9	167	299	160	100	565	26	56	9	26	56	9	23	56	9	9	69	154	45	51	26	56	9	3	0	0	0	0	0	0	0	23	56	9	9	69	154	45	57	67	105	32	1	0	0	0	7	0	0	0	3	0	0	0	3	0	0	0	23	56	38	9	167	299	160	100	547	25	56	6	26	56	9	23	56	9	6	69	154	45	6	26	56	9	3	0	0	0	0	0	0	0	23	56	9	9	69	154	45	51	26	56	9	0	0	0	0	2	0	0	0	3	0	0	0	0	0	0	0	23	56	9	9	69	154	45	57	67	105	32	4	0	10	18	4	0	0	0	1	0	0	0	7	0	0	0	3	0	0	0	3	0	0	0	23	56	38	9	167	299	160	100
452	440	41	32	15	428	18	0	0	41	32	15	13	0	10	0	111	80	60	28	416	18	0	0	18	0	0	13	0	0	0	59	0	0	15	41	32	15	0	0	0	0	0	0	0	0	13	0	10	0	111	80	60	28	404	18	0	0	18	0	0	13	0	0	0	59	0	0	13	18	0	0	0	0	0	0	0	0	0	0	13	0	0	0	59	0	0	15	41	32	15	0	0	0	0	0	0	0	0	0	0	0	0	0	0	0	0	13	0	10	0	111	80	60	28	392	18	0	0	18	0	0	13	0	0	0	59	0	0	0	18	0	0	0	0	0	0	0	0	0	0	13	0	0	0	59	0	0	13	18	0	0	0	0	0	0	0	0	0	0	0	0	0	0	0	0	0	0	13	0	0	0	59	0	0	15	41	32	15	0	0	0	0	0	0	0	0	0	0	0	0	0	0	0	0	0	0	0	0	0	0	0	0	13	0	10	0	111	80	60	28
293	285	35	13	5	277	15	7	0	35	13	5	12	0	0	0	97	41	5	0	269	15	7	0	15	7	0	12	0	0	0	47	35	0	0	35	13	5	0	0	0	0	0	0	0	0	12	0	0	0	97	41	5	0	261	15	7	0	15	7	0	12	0	0	0	47	35	0	0	15	7	0	0	0	0	0	0	0	0	0	12	0	0	0	47	35	0	0	35	13	5	0	0	0	0	3	0	0	0	0	0	0	0	0	0	0	0	12	0	0	0	97	41	5	0	253	15	7	0	15	7	0	12	0	0	0	47	35	0	0	15	7	0	0	0	0	0	0	0	0	0	12	0	0	0	47	35	0	0	15	7	0	0	0	0	0	0	0	0	0	0	0	0	0	0	0	0	0	12	0	0	0	47	35	0	0	35	13	5	0	0	0	0	3	0	0	0	0	0	0	0	3	0	0	0	0	0	0	0	0	0	0	0	12	0	0	0	97	41	5	0
439	426	51	58	5	413	18	40	0	51	58	5	15	48	0	0	134	170	10	0	400	18	40	0	18	40	0	15	48	0	0	56	136	0	0	51	58	5	2	0	0	0	4	0	0	0	15	48	0	0	134	170	10	0	387	18	40	0	18	40	0	15	48	0	0	56	136	0	0	18	40	0	2	0	0	0	0	0	0	0	15	48	0	0	56	136	0	0	51	58	5	0	0	0	0	9	0	0	0	2	0	0	0	4	0	0	0	15	48	0	0	134	170	10	0	374	18	40	0	18	40	0	15	48	0	0	56	136	0	0	18	40	0	2	0	0	0	0	0	0	0	15	48	0	0	56	136	0	0	18	40	0	0	0	0	0	2	0	0	0	2	0	0	0	0	0	0	0	15	48	0	0	56	136	0	0	51	58	5	0	0	0	0	5	0	0	0	0	0	0	0	9	0	0	0	2	0	0	0	4	0	0	0	15	48	0	0	134	170	10	0
263	256	29	12	0	249	11	0	0	29	12	0	10	0	0	0	76	24	0	0	242	11	0	0	11	0	0	10	0	0	0	37	0	0	0	29	12	0	0	0	0	0	0	0	0	0	10	0	0	0	76	24	0	0	235	11	0	0	11	0	0	10	0	0	0	37	0	0	0	11	0	0	0	0	0	0	0	0	0	0	10	0	0	0	37	0	0	0	29	12	0	0	0	0	0	0	0	0	0	0	0	0	0	0	0	0	0	10	0	0	0	76	24	0	0	228	11	0	0	11	0	0	10	0	0	0	37	0	0	0	11	0	0	0	0	0	0	0	0	0	0	10	0	0	0	37	0	0	0	11	0	0	0	0	0	0	0	0	0	0	0	0	0	0	0	0	0	0	10	0	0	0	37	0	0	0	29	12	0	0	0	0	0	0	0	0	0	0	0	0	0	0	0	0	0	0	0	0	0	0	0	0	0	10	0	0	0	76	24	0	0
641	623	60	81	83	605	28	32	62	60	81	83	25	16	49	29	107	235	332	47	587	27	32	43	28	32	62	23	16	49	9	54	112	248	9	60	81	83	3	0	11	52	2	0	0	94	25	16	49	29	107	235	332	47	569	26	32	20	27	32	43	23	16	44	9	54	112	172	9	28	32	62	3	0	11	20	0	0	0	53	23	16	49	9	54	112	248	9	60	81	83	0	0	11	44	3	0	0	133	3	0	11	52	2	0	0	94	25	16	49	29	107	235	332	47	551	22	32	20	26	32	20	19	16	11	9	52	112	80	9	27	32	43	3	0	10	20	0	0	0	48	23	16	44	9	54	112	172	9	28	32	62	0	0	10	44	2	0	0	93	3	0	11	20	0	0	0	53	23	16	49	9	54	112	248	9	60	81	83	0	0	44	0	1	0	0	0	0	0	11	44	3	0	0	133	3	0	11	52	2	0	0	94	25	16	49	29	107	235	332	47
515	501	37	33	60	487	16	0	36	37	33	60	14	0	33	19	72	66	180	47	473	15	0	19	16	0	36	12	0	33	0	34	0	108	9	37	33	60	2	0	11	28	0	0	0	94	14	0	33	19	72	66	180	47	459	15	0	0	15	0	19	12	0	29	0	34	0	57	9	16	0	36	2	0	11	0	0	0	0	53	12	0	33	0	34	0	108	9	37	33	60	0	0	0	0	0	0	0	133	2	0	11	28	0	0	0	94	14	0	33	19	72	66	180	47	445	15	0	0	15	0	0	12	0	0	0	34	0	0	9	15	0	19	2	0	10	0	0	0	0	48	12	0	29	0	34	0	57	9	16	0	36	0	0	0	0	0	0	0	93	2	0	11	0	0	0	0	53	12	0	33	0	34	0	108	9	37	33	60	0	0	0	0	0	0	0	0	0	0	0	0	0	0	0	133	2	0	11	28	0	0	0	94	14	0	33	19	72	66	180	47
396	385	37	19	33	374	18	10	0	37	19	33	17	0	0	0	91	49	33	57	363	18	10	0	18	10	0	17	0	0	0	49	40	0	9	37	19	33	2	0	0	0	2	0	0	0	17	0	0	0	91	49	33	57	352	18	10	0	18	10	0	17	0	0	0	49	40	0	9	18	10	0	2	0	0	0	0	0	0	0	17	0	0	0	49	40	0	9	37	19	33	0	0	0	0	1	0	0	0	2	0	0	0	2	0	0	0	17	0	0	0	91	49	33	57	341	18	10	0	18	10	0	17	0	0	0	49	40	0	9	18	10	0	2	0	0	0	0	0	0	0	17	0	0	0	49	40	0	9	18	10	0	0	0	0	0	0	0	0	0	2	0	0	0	0	0	0	0	17	0	0	0	49	40	0	9	37	19	33	0	0	0	0	0	0	0	0	0	0	0	0	1	0	0	0	2	0	0	0	2	0	0	0	17	0	0	0	91	49	33	57
368	358	34	16	27	348	18	0	0	34	16	27	17	0	0	0	80	24	54	52	338	18	0	0	18	0	0	17	0	0	0	48	0	0	9	34	16	27	2	0	0	0	0	0	0	0	17	0	0	0	80	24	54	52	328	18	0	0	18	0	0	17	0	0	0	48	0	0	9	18	0	0	2	0	0	0	0	0	0	0	17	0	0	0	48	0	0	9	34	16	27	0	0	0	0	0	0	0	0	2	0	0	0	0	0	0	0	17	0	0	0	80	24	54	52	318	18	0	0	18	0	0	17	0	0	0	48	0	0	9	18	0	0	2	0	0	0	0	0	0	0	17	0	0	0	48	0	0	9	18	0	0	0	0	0	0	0	0	0	0	2	0	0	0	0	0	0	0	17	0	0	0	48	0	0	9	34	16	27	0	0	0	0	0	0	0	0	0	0	0	0	0	0	0	0	2	0	0	0	0	0	0	0	17	0	0	0	80	24	54	52
494	479	47	83	9	464	15	52	0	47	83	9	8	64	0	0	73	160	45	32	449	15	50	0	15	52	0	8	60	0	0	31	90	0	9	47	83	9	0	20	0	0	2	0	0	0	8	64	0	0	73	160	45	32	434	15	50	0	15	50	0	8	60	0	0	31	90	0	9	15	52	0	0	20	0	0	0	0	0	0	8	60	0	0	31	90	0	9	47	83	9	0	0	0	0	1	0	0	0	0	20	0	0	2	0	0	0	8	64	0	0	73	160	45	32	419	15	50	0	15	50	0	8	60	0	0	31	90	0	9	15	50	0	0	20	0	0	0	0	0	0	8	60	0	0	31	90	0	9	15	52	0	0	0	0	0	0	0	0	0	0	20	0	0	0	0	0	0	8	60	0	0	31	90	0	9	47	83	9	0	0	0	0	0	0	0	0	0	0	0	0	1	0	0	0	0	20	0	0	2	0	0	0	8	64	0	0	73	160	45	32
516	501	39	57	67	486	21	26	36	39	57	67	22	13	31	38	40	59	201	152	471	18	26	36	21	26	36	16	13	29	38	28	39	108	98	39	57	67	6	0	27	0	0	0	0	0	22	13	31	38	40	59	201	152	456	16	26	34	18	26	36	10	13	29	35	25	39	108	62	21	26	36	2	0	27	0	0	0	0	0	16	13	29	38	28	39	108	98	39	57	67	0	0	18	25	0	0	0	0	6	0	27	0	0	0	0	0	22	13	31	38	40	59	201	152	441	16	26	20	16	26	34	10	13	28	11	25	39	102	20	18	26	36	2	0	27	0	0	0	0	0	10	13	29	35	25	39	108	62	21	26	36	0	0	18	11	0	0	0	0	2	0	27	0	0	0	0	0	16	13	29	38	28	39	108	98	39	57	67	0	0	0	44	0	0	0	66	0	0	18	25	0	0	0	0	6	0	27	0	0	0	0	0	22	13	31	38	40	59	201	152
466	453	29	22	75	440	14	0	35	29	22	75	10	0	26	44	29	22	150	179	427	14	0	35	14	0	35	10	0	24	44	22	0	70	98	29	22	75	2	0	0	0	0	0	0	0	10	0	26	44	29	22	150	179	414	14	0	32	14	0	35	10	0	24	38	22	0	70	62	14	0	35	2	0	0	0	0	0	0	0	10	0	24	44	22	0	70	98	29	22	75	0	0	0	28	0	0	0	0	2	0	0	0	0	0	0	0	10	0	26	44	29	22	150	179	401	14	0	0	14	0	32	10	0	23	0	22	0	64	20	14	0	35	2	0	0	0	0	0	0	0	10	0	24	38	22	0	70	62	14	0	35	0	0	0	0	0	0	0	0	2	0	0	0	0	0	0	0	10	0	24	44	22	0	70	98	29	22	75	0	0	0	0	0	0	0	223	0	0	0	28	0	0	0	0	2	0	0	0	0	0	0	0	10	0	26	44	29	22	150	179
384	373	27	19	45	362	15	10	0	27	19	45	10	0	0	0	38	0	45	212	351	15	10	0	15	10	0	10	0	0	0	29	0	0	98	27	19	45	2	0	0	0	0	0	0	0	10	0	0	0	38	0	45	212	340	15	10	0	15	10	0	10	0	0	0	29	0	0	62	15	10	0	2	0	0	0	0	0	0	0	10	0	0	0	29	0	0	98	27	19	45	0	0	0	0	0	0	0	0	2	0	0	0	0	0	0	0	10	0	0	0	38	0	45	212	329	15	10	0	15	10	0	10	0	0	0	29	0	0	20	15	10	0	2	0	0	0	0	0	0	0	10	0	0	0	29	0	0	62	15	10	0	0	0	0	0	0	0	0	0	2	0	0	0	0	0	0	0	10	0	0	0	29	0	0	98	27	19	45	0	0	0	0	0	0	0	0	0	0	0	0	0	0	0	0	2	0	0	0	0	0	0	0	10	0	0	0	38	0	45	212
432	419	29	56	17	406	14	30	0	29	56	17	8	20	0	0	31	48	68	92	393	14	30	0	14	30	0	8	20	0	0	22	30	0	62	29	56	17	2	0	0	0	0	0	0	0	8	20	0	0	31	48	68	92	380	14	30	0	14	30	0	8	20	0	0	22	30	0	43	14	30	0	2	0	0	0	0	0	0	0	8	20	0	0	22	30	0	62	29	56	17	0	0	0	0	0	0	0	0	2	0	0	0	0	0	0	0	8	20	0	0	31	48	68	92	367	14	30	0	14	30	0	8	20	0	0	22	30	0	20	14	30	0	2	0	0	0	0	0	0	0	8	20	0	0	22	30	0	43	14	30	0	0	0	0	0	0	0	0	0	2	0	0	0	0	0	0	0	8	20	0	0	22	30	0	62	29	56	17	0	0	0	0	0	0	0	0	0	0	0	0	0	0	0	0	2	0	0	0	0	0	0	0	8	20	0	0	31	48	68	92
285	277	25	15	5	269	13	0	0	25	15	5	9	0	0	0	22	10	15	9	261	13	0	0	13	0	0	9	0	0	0	15	0	0	0	25	15	5	2	0	0	0	0	0	0	0	9	0	0	0	22	10	15	9	253	13	0	0	13	0	0	9	0	0	0	15	0	0	0	13	0	0	2	0	0	0	0	0	0	0	9	0	0	0	15	0	0	0	25	15	5	0	0	0	0	0	0	0	0	2	0	0	0	0	0	0	0	9	0	0	0	22	10	15	9	245	13	0	0	13	0	0	9	0	0	0	15	0	0	0	13	0	0	2	0	0	0	0	0	0	0	9	0	0	0	15	0	0	0	13	0	0	0	0	0	0	0	0	0	0	2	0	0	0	0	0	0	0	9	0	0	0	15	0	0	0	25	15	5	0	0	0	0	0	0	0	0	0	0	0	0	0	0	0	0	2	0	0	0	0	0	0	0	9	0	0	0	22	10	15	9
478	464	35	35	61	450	23	13	28	35	35	61	21	0	77	9	35	0	122	164	436	21	13	28	23	13	28	15	0	74	9	29	0	56	71	35	35	61	0	0	20	0	0	0	0	0	21	0	77	9	35	0	122	164	422	21	13	28	21	13	28	15	0	74	9	29	0	56	71	23	13	28	0	0	18	0	0	0	0	0	15	0	74	9	29	0	56	71	35	35	61	0	0	0	0	0	0	0	0	0	0	20	0	0	0	0	0	21	0	77	9	35	0	122	164	408	21	13	28	21	13	28	15	0	74	9	29	0	56	66	21	13	28	0	0	18	0	0	0	0	0	15	0	74	9	29	0	56	71	23	13	28	0	0	0	0	0	0	0	0	0	0	18	0	0	0	0	0	15	0	74	9	29	0	56	71	35	35	61	0	0	0	0	0	0	0	0	0	0	0	0	0	0	0	0	0	0	20	0	0	0	0	0	21	0	77	9	35	0	122	164
303	294	23	20	19	285	14	8	19	23	20	19	11	0	47	0	23	0	38	0	276	14	8	19	14	8	19	11	0	47	0	20	0	38	0	23	20	19	0	0	0	0	0	0	0	0	11	0	47	0	23	0	38	0	267	14	8	19	14	8	19	11	0	47	0	20	0	38	0	14	8	19	0	0	0	0	0	0	0	0	11	0	47	0	20	0	38	0	23	20	19	0	0	0	0	0	0	0	0	0	0	0	0	0	0	0	0	11	0	47	0	23	0	38	0	258	14	8	19	14	8	19	11	0	47	0	20	0	38	0	14	8	19	0	0	0	0	0	0	0	0	11	0	47	0	20	0	38	0	14	8	19	0	0	0	0	0	0	0	0	0	0	0	0	0	0	0	0	11	0	47	0	20	0	38	0	23	20	19	0	0	0	0	0	0	0	0	0	0	0	0	0	0	0	0	0	0	0	0	0	0	0	0	11	0	47	0	23	0	38	0
490	476	21	0	116	462	13	0	71	21	0	116	10	0	42	48	12	0	0	209	448	11	0	69	13	0	71	4	0	39	44	9	0	0	71	21	0	116	0	0	20	22	0	0	0	0	10	0	42	48	12	0	0	209	434	11	0	69	11	0	69	4	0	39	44	9	0	0	71	13	0	71	0	0	18	22	0	0	0	0	4	0	39	44	9	0	0	71	21	0	116	0	0	0	0	0	0	0	0	0	0	20	22	0	0	0	0	10	0	42	48	12	0	0	209	420	11	0	68	11	0	69	4	0	39	42	9	0	0	66	11	0	69	0	0	18	20	0	0	0	0	4	0	39	44	9	0	0	71	13	0	71	0	0	0	0	0	0	0	0	0	0	18	22	0	0	0	0	4	0	39	44	9	0	0	71	21	0	116	0	0	0	10	0	0	0	0	0	0	0	0	0	0	0	0	0	0	20	22	0	0	0	0	10	0	42	48	12	0	0	209
270	262	12	7	21	254	7	7	0	12	7	21	3	0	0	0	6	0	0	89	246	7	7	0	7	7	0	3	0	0	0	6	0	0	36	12	7	21	0	0	0	0	0	0	0	0	3	0	0	0	6	0	0	89	238	7	7	0	7	7	0	3	0	0	0	6	0	0	36	7	7	0	0	0	0	0	0	0	0	0	3	0	0	0	6	0	0	36	12	7	21	0	0	0	0	0	0	0	0	0	0	0	0	0	0	0	0	3	0	0	0	6	0	0	89	230	7	7	0	7	7	0	3	0	0	0	6	0	0	34	7	7	0	0	0	0	0	0	0	0	0	3	0	0	0	6	0	0	36	7	7	0	0	0	0	0	0	0	0	0	0	0	0	0	0	0	0	0	3	0	0	0	6	0	0	36	12	7	21	0	0	0	0	0	0	0	0	0	0	0	0	0	0	0	0	0	0	0	0	0	0	0	0	3	0	0	0	6	0	0	89
174	169	16	4	6	164	12	0	0	16	4	6	7	0	0	0	14	0	6	17	159	12	0	0	12	0	0	7	0	0	0	14	0	0	0	16	4	6	0	0	0	0	0	0	0	0	7	0	0	0	14	0	6	17	154	12	0	0	12	0	0	7	0	0	0	14	0	0	0	12	0	0	0	0	0	0	0	0	0	0	7	0	0	0	14	0	0	0	16	4	6	0	0	0	0	0	0	0	0	0	0	0	0	0	0	0	0	7	0	0	0	14	0	6	17	149	12	0	0	12	0	0	7	0	0	0	14	0	0	0	12	0	0	0	0	0	0	0	0	0	0	7	0	0	0	14	0	0	0	12	0	0	0	0	0	0	0	0	0	0	0	0	0	0	0	0	0	0	7	0	0	0	14	0	0	0	16	4	6	0	0	0	0	0	0	0	0	0	0	0	0	0	0	0	0	0	0	0	0	0	0	0	0	7	0	0	0	14	0	6	17
490	472	89	108	36	454	76	95	34	89	108	36	78	124	11	14	126	98	0	0	436	76	95	34	76	95	34	78	124	11	14	125	95	0	0	89	108	36	18	0	0	0	4	0	0	0	78	124	11	14	126	98	0	0	418	76	95	34	76	95	34	78	124	11	14	125	95	0	0	76	95	34	18	0	0	0	4	0	0	0	78	124	11	14	125	95	0	0	89	108	36	7	0	0	0	2	0	0	0	18	0	0	0	4	0	0	0	78	124	11	14	126	98	0	0	400	76	95	34	76	95	34	78	124	11	14	125	95	0	0	76	95	34	18	0	0	0	4	0	0	0	78	124	11	14	125	95	0	0	76	95	34	7	0	0	0	2	0	0	0	18	0	0	0	4	0	0	0	78	124	11	14	125	95	0	0	89	108	36	1	0	0	0	3	0	0	0	7	0	0	0	2	0	0	0	18	0	0	0	4	0	0	0	78	124	11	14	126	98	0	0
409	395	78	60	53	381	64	49	49	78	60	53	73	27	83	34	107	63	53	0	367	64	49	48	64	49	49	73	27	79	32	106	62	49	0	78	60	53	18	0	0	9	3	0	0	0	73	27	83	34	107	63	53	0	353	64	49	48	64	49	48	73	27	77	32	106	62	48	0	64	49	49	18	0	0	9	3	0	0	0	73	27	79	32	106	62	49	0	78	60	53	10	0	0	0	4	0	0	0	18	0	0	9	3	0	0	0	73	27	83	34	107	63	53	0	339	64	49	48	64	49	48	73	27	77	32	106	62	48	0	64	49	48	18	0	0	9	3	0	0	0	73	27	77	32	106	62	48	0	64	49	49	10	0	0	0	4	0	0	0	18	0	0	9	3	0	0	0	73	27	79	32	106	62	49	0	78	60	53	2	0	0	0	5	0	0	0	10	0	0	0	4	0	0	0	18	0	0	9	3	0	0	0	73	27	83	34	107	63	53	0
355	343	47	41	30	331	36	36	7	47	41	30	35	30	0	14	52	74	0	86	319	36	36	7	36	36	7	35	30	0	14	48	66	0	47	47	41	30	0	0	0	0	1	0	0	0	35	30	0	14	52	74	0	86	307	36	36	7	36	36	7	35	30	0	14	48	66	0	47	36	36	7	0	0	0	0	1	0	0	0	35	30	0	14	48	66	0	47	47	41	30	0	0	0	0	0	0	0	0	0	0	0	0	1	0	0	0	35	30	0	14	52	74	0	86	295	36	36	7	36	36	7	35	30	0	14	48	66	0	47	36	36	7	0	0	0	0	1	0	0	0	35	30	0	14	48	66	0	47	36	36	7	0	0	0	0	0	0	0	0	0	0	0	0	1	0	0	0	35	30	0	14	48	66	0	47	47	41	30	0	0	0	0	0	0	0	0	0	0	0	0	0	0	0	0	0	0	0	0	1	0	0	0	35	30	0	14	52	74	0	86
463	448	73	56	64	433	61	50	40	73	56	64	68	60	35	70	95	60	0	80	418	61	50	39	61	50	40	68	60	31	68	94	60	0	47	73	56	64	14	0	0	9	2	0	0	0	68	60	35	70	95	60	0	80	403	61	50	39	61	50	39	68	60	29	68	94	60	0	47	61	50	40	14	0	0	9	2	0	0	0	68	60	31	68	94	60	0	47	73	56	64	6	0	0	0	2	0	0	0	14	0	0	9	2	0	0	0	68	60	35	70	95	60	0	80	388	61	50	39	61	50	39	68	60	29	68	94	60	0	47	61	50	39	14	0	0	9	2	0	0	0	68	60	29	68	94	60	0	47	61	50	40	6	0	0	0	2	0	0	0	14	0	0	9	2	0	0	0	68	60	31	68	94	60	0	47	73	56	64	1	0	0	0	2	0	0	0	6	0	0	0	2	0	0	0	14	0	0	9	2	0	0	0	68	60	35	70	95	60	0	80
588	568	122	154	60	548	90	120	56	122	154	60	86	228	131	34	183	250	120	0	528	89	107	55	90	120	56	82	198	127	32	156	225	112	0	122	154	60	19	147	0	9	7	11	0	0	86	228	131	34	183	250	120	0	508	87	101	54	89	107	55	82	183	125	32	155	213	110	0	90	120	56	9	132	0	9	5	10	0	0	82	198	127	32	156	225	112	0	122	154	60	22	63	0	11	11	20	0	0	19	147	0	9	7	11	0	0	86	228	131	34	183	250	120	0	488	85	100	53	87	101	54	80	180	121	32	152	210	108	0	89	107	55	9	130	0	9	5	10	0	0	82	183	125	32	155	213	110	0	90	120	56	17	60	0	10	10	20	0	0	9	132	0	9	5	10	0	0	82	198	127	32	156	225	112	0	122	154	60	17	10	0	10	17	29	0	0	22	63	0	11	11	20	0	0	19	147	0	9	7	11	0	0	86	228	131	34	183	250	120	0
533	514	96	102	115	495	81	98	89	96	102	115	78	56	0	124	179	203	0	113	476	81	98	87	81	98	89	78	56	0	118	155	201	0	105	96	102	115	32	0	0	20	9	0	0	0	78	56	0	124	179	203	0	113	457	79	95	86	81	98	87	78	56	0	115	155	201	0	103	81	98	89	22	0	0	18	6	0	0	0	78	56	0	118	155	201	0	105	96	102	115	25	36	0	9	12	24	0	0	32	0	0	20	9	0	0	0	78	56	0	124	179	203	0	113	438	77	94	85	79	95	86	76	53	0	114	152	198	0	102	81	98	87	22	0	0	18	6	0	0	0	78	56	0	115	155	201	0	103	81	98	89	20	36	0	9	10	24	0	0	22	0	0	18	6	0	0	0	78	56	0	118	155	201	0	105	96	102	115	21	12	0	11	26	28	0	0	25	36	0	9	12	24	0	0	32	0	0	20	9	0	0	0	78	56	0	124	179	203	0	113
467	451	92	87	66	435	77	80	52	92	87	66	71	72	0	80	167	132	0	60	419	77	80	50	77	80	52	71	72	0	74	144	124	0	56	92	87	66	34	0	0	20	9	0	0	0	71	72	0	80	167	132	0	60	403	74	74	49	77	80	50	71	72	0	71	144	124	0	55	77	80	52	22	0	0	18	5	0	0	0	71	72	0	74	144	124	0	56	92	87	66	28	54	0	9	15	27	0	0	34	0	0	20	9	0	0	0	71	72	0	80	167	132	0	60	387	67	66	48	74	74	49	67	60	0	70	140	115	0	54	77	80	50	22	0	0	18	5	0	0	0	71	72	0	71	144	124	0	55	77	80	52	19	48	0	9	10	24	0	0	22	0	0	18	5	0	0	0	71	72	0	74	144	124	0	56	92	87	66	24	70	0	11	31	83	0	0	28	54	0	9	15	27	0	0	34	0	0	20	9	0	0	0	71	72	0	80	167	132	0	60
474	458	71	53	106	442	62	51	103	71	53	106	48	24	0	44	138	84	0	0	426	62	51	103	62	51	103	48	24	0	44	127	84	0	0	71	53	106	4	0	0	0	3	0	0	0	48	24	0	44	138	84	0	0	410	62	51	103	62	51	103	48	24	0	44	127	84	0	0	62	51	103	4	0	0	0	2	0	0	0	48	24	0	44	127	84	0	0	71	53	106	16	0	0	0	17	0	0	0	4	0	0	0	3	0	0	0	48	24	0	44	138	84	0	0	394	58	51	102	62	51	103	48	24	0	43	127	84	0	0	62	51	103	4	0	0	0	2	0	0	0	48	24	0	44	127	84	0	0	62	51	103	16	0	0	0	14	0	0	0	4	0	0	0	2	0	0	0	48	24	0	44	127	84	0	0	71	53	106	32	0	0	11	28	52	0	0	16	0	0	0	17	0	0	0	4	0	0	0	3	0	0	0	48	24	0	44	138	84	0	0
355	343	56	50	25	331	47	42	24	56	50	25	32	14	0	12	109	55	25	0	319	47	42	24	47	42	24	32	14	0	12	98	53	24	0	56	50	25	1	0	0	0	1	0	0	0	32	14	0	12	109	55	25	0	307	46	42	24	47	42	24	32	14	0	12	98	53	24	0	47	42	24	1	0	0	0	0	0	0	0	32	14	0	12	98	53	24	0	56	50	25	11	0	0	0	12	6	0	0	1	0	0	0	1	0	0	0	32	14	0	12	109	55	25	0	295	41	38	23	46	42	24	30	14	0	11	94	53	24	0	47	42	24	1	0	0	0	0	0	0	0	32	14	0	12	98	53	24	0	47	42	24	11	0	0	0	7	0	0	0	1	0	0	0	0	0	0	0	32	14	0	12	98	53	24	0	56	50	25	21	31	0	11	25	42	0	0	11	0	0	0	12	6	0	0	1	0	0	0	1	0	0	0	32	14	0	12	109	55	25	0
232	224	33	25	0	216	25	19	0	33	25	0	14	8	0	0	61	33	0	0	208	25	19	0	25	19	0	14	8	0	0	50	31	0	0	33	25	0	0	0	0	0	1	0	0	0	14	8	0	0	61	33	0	0	200	23	19	0	25	19	0	14	8	0	0	50	31	0	0	25	19	0	0	0	0	0	0	0	0	0	14	8	0	0	50	31	0	0	33	25	0	2	0	0	0	4	4	0	0	0	0	0	0	1	0	0	0	14	8	0	0	61	33	0	0	192	20	15	0	23	19	0	11	8	0	0	42	31	0	0	25	19	0	0	0	0	0	0	0	0	0	14	8	0	0	50	31	0	0	25	19	0	2	0	0	0	0	0	0	0	0	0	0	0	0	0	0	0	14	8	0	0	50	31	0	0	33	25	0	9	8	0	0	16	6	0	0	2	0	0	0	4	4	0	0	0	0	0	0	1	0	0	0	14	8	0	0	61	33	0	0
252	243	45	29	8	234	33	26	0	45	29	8	19	15	0	0	98	63	0	25	225	32	26	0	33	26	0	19	15	0	0	75	57	0	24	45	29	8	0	0	0	0	0	0	0	0	19	15	0	0	98	63	0	25	216	29	22	0	32	26	0	17	15	0	0	70	57	0	24	33	26	0	0	0	0	0	0	0	0	0	19	15	0	0	75	57	0	24	45	29	8	2	0	0	0	2	0	8	0	0	0	0	0	0	0	0	0	19	15	0	0	98	63	0	25	207	24	14	0	29	22	0	16	7	0	0	59	41	0	24	32	26	0	0	0	0	0	0	0	0	0	17	15	0	0	70	57	0	24	33	26	0	2	0	0	0	0	0	0	0	0	0	0	0	0	0	0	0	19	15	0	0	75	57	0	24	45	29	8	7	0	16	0	13	0	16	0	2	0	0	0	2	0	8	0	0	0	0	0	0	0	0	0	19	15	0	0	98	63	0	25
279	269	56	34	2	259	39	31	0	56	34	2	36	19	0	0	134	78	0	0	249	32	31	0	39	31	0	21	19	0	0	97	72	0	0	56	34	2	0	0	0	0	0	0	0	0	36	19	0	0	134	78	0	0	239	29	26	0	32	31	0	19	19	0	0	76	72	0	0	39	31	0	0	0	0	0	0	0	0	0	21	19	0	0	97	72	0	0	56	34	2	0	0	0	0	1	0	2	0	0	0	0	0	0	0	0	0	36	19	0	0	134	78	0	0	229	25	21	0	29	26	0	17	14	0	0	65	52	0	0	32	31	0	0	0	0	0	0	0	0	0	19	19	0	0	76	72	0	0	39	31	0	0	0	0	0	0	0	0	0	0	0	0	0	0	0	0	0	21	19	0	0	97	72	0	0	56	34	2	0	0	4	0	5	0	2	0	0	0	0	0	1	0	2	0	0	0	0	0	0	0	0	0	36	19	0	0	134	78	0	0
319	307	62	55	0	295	33	47	0	62	55	0	29	50	0	0	152	148	0	0	283	27	43	0	33	47	0	14	50	0	0	80	132	0	0	62	55	0	0	0	0	0	1	0	0	0	29	50	0	0	152	148	0	0	271	25	35	0	27	43	0	14	42	0	0	64	112	0	0	33	47	0	0	0	0	0	0	0	0	0	14	50	0	0	80	132	0	0	62	55	0	0	0	0	0	0	0	0	0	0	0	0	0	1	0	0	0	29	50	0	0	152	148	0	0	259	22	35	0	25	35	0	11	42	0	0	56	84	0	0	27	43	0	0	0	0	0	0	0	0	0	14	42	0	0	64	112	0	0	33	47	0	0	0	0	0	0	0	0	0	0	0	0	0	0	0	0	0	14	50	0	0	80	132	0	0	62	55	0	0	0	0	0	3	0	0	0	0	0	0	0	0	0	0	0	0	0	0	0	1	0	0	0	29	50	0	0	152	148	0	0
331	319	59	56	0	307	32	41	0	59	56	0	26	42	0	0	149	149	0	0	295	28	32	0	32	41	0	17	24	0	0	80	112	0	0	59	56	0	0	0	0	0	1	0	0	0	26	42	0	0	149	149	0	0	283	25	32	0	28	32	0	15	24	0	0	67	88	0	0	32	41	0	0	0	0	0	0	0	0	0	17	24	0	0	80	112	0	0	59	56	0	0	0	0	0	0	0	0	0	0	0	0	0	1	0	0	0	26	42	0	0	149	149	0	0	271	24	32	0	25	32	0	14	24	0	0	56	88	0	0	28	32	0	0	0	0	0	0	0	0	0	15	24	0	0	67	88	0	0	32	41	0	0	0	0	0	0	0	0	0	0	0	0	0	0	0	0	0	17	24	0	0	80	112	0	0	59	56	0	0	0	0	0	3	0	0	0	0	0	0	0	0	0	0	0	0	0	0	0	1	0	0	0	26	42	0	0	149	149	0	0
404	389	60	86	0	374	30	63	0	60	86	0	21	72	0	0	156	197	0	0	359	26	54	0	30	63	0	15	45	0	0	78	150	0	0	60	86	0	0	0	0	0	1	0	0	0	21	72	0	0	156	197	0	0	344	23	54	0	26	54	0	13	45	0	0	65	126	0	0	30	63	0	0	0	0	0	0	0	0	0	15	45	0	0	78	150	0	0	60	86	0	0	0	0	0	0	0	0	0	0	0	0	0	1	0	0	0	21	72	0	0	156	197	0	0	329	22	54	0	23	54	0	12	45	0	0	54	126	0	0	26	54	0	0	0	0	0	0	0	0	0	13	45	0	0	65	126	0	0	30	63	0	0	0	0	0	0	0	0	0	0	0	0	0	0	0	0	0	15	45	0	0	78	150	0	0	60	86	0	0	0	0	0	0	0	0	0	0	0	0	0	0	0	0	0	0	0	0	0	1	0	0	0	21	72	0	0	156	197	0	0
269	259	37	29	6	249	14	24	0	37	29	6	9	0	18	0	97	64	6	0	239	14	24	0	14	24	0	9	0	0	0	36	54	0	0	37	29	6	0	0	0	0	0	0	0	0	9	0	18	0	97	64	6	0	229	14	24	0	14	24	0	9	0	0	0	36	54	0	0	14	24	0	0	0	0	0	0	0	0	0	9	0	0	0	36	54	0	0	37	29	6	0	0	0	0	0	0	0	0	0	0	0	0	0	0	0	0	9	0	18	0	97	64	6	0	219	14	24	0	14	24	0	9	0	0	0	36	54	0	0	14	24	0	0	0	0	0	0	0	0	0	9	0	0	0	36	54	0	0	14	24	0	0	0	0	0	0	0	0	0	0	0	0	0	0	0	0	0	9	0	0	0	36	54	0	0	37	29	6	0	0	0	0	0	0	0	0	0	0	0	0	0	0	0	0	0	0	0	0	0	0	0	0	9	0	18	0	97	64	6	0
306	296	45	24	6	286	20	0	0	45	24	6	9	0	18	0	114	72	24	0	276	20	0	0	20	0	0	9	0	0	0	48	0	0	0	45	24	6	0	0	0	0	2	0	0	0	9	0	18	0	114	72	24	0	266	20	0	0	20	0	0	9	0	0	0	48	0	0	0	20	0	0	0	0	0	0	0	0	0	0	9	0	0	0	48	0	0	0	45	24	6	0	0	0	0	0	0	0	0	0	0	0	0	2	0	0	0	9	0	18	0	114	72	24	0	256	20	0	0	20	0	0	9	0	0	0	48	0	0	0	20	0	0	0	0	0	0	0	0	0	0	9	0	0	0	48	0	0	0	20	0	0	0	0	0	0	0	0	0	0	0	0	0	0	0	0	0	0	9	0	0	0	48	0	0	0	45	24	6	0	0	0	0	0	0	0	0	0	0	0	0	0	0	0	0	0	0	0	0	2	0	0	0	9	0	18	0	114	72	24	0
196	189	28	14	3	182	12	10	0	28	14	3	6	0	9	0	72	33	3	0	175	12	10	0	12	10	0	6	0	0	0	29	25	0	0	28	14	3	0	0	0	0	0	0	0	0	6	0	9	0	72	33	3	0	168	12	10	0	12	10	0	6	0	0	0	29	25	0	0	12	10	0	0	0	0	0	0	0	0	0	6	0	0	0	29	25	0	0	28	14	3	0	0	0	0	0	0	0	0	0	0	0	0	0	0	0	0	6	0	9	0	72	33	3	0	161	12	10	0	12	10	0	6	0	0	0	29	25	0	0	12	10	0	0	0	0	0	0	0	0	0	6	0	0	0	29	25	0	0	12	10	0	0	0	0	0	0	0	0	0	0	0	0	0	0	0	0	0	6	0	0	0	29	25	0	0	28	14	3	0	0	0	0	0	0	0	0	0	0	0	0	0	0	0	0	0	0	0	0	0	0	0	0	6	0	9	0	72	33	3	0
154	149	20	4	0	144	8	0	0	20	4	0	1	0	0	0	51	8	0	0	139	8	0	0	8	0	0	1	0	0	0	20	0	0	0	20	4	0	0	0	0	0	0	0	0	0	1	0	0	0	51	8	0	0	134	8	0	0	8	0	0	1	0	0	0	20	0	0	0	8	0	0	0	0	0	0	0	0	0	0	1	0	0	0	20	0	0	0	20	4	0	0	0	0	0	0	0	0	0	0	0	0	0	0	0	0	0	1	0	0	0	51	8	0	0	129	8	0	0	8	0	0	1	0	0	0	20	0	0	0	8	0	0	0	0	0	0	0	0	0	0	1	0	0	0	20	0	0	0	8	0	0	0	0	0	0	0	0	0	0	0	0	0	0	0	0	0	0	1	0	0	0	20	0	0	0	20	4	0	0	0	0	0	0	0	0	0	0	0	0	0	0	0	0	0	0	0	0	0	0	0	0	0	1	0	0	0	51	8	0	0
182	176	18	8	0	170	2	0	0	18	8	0	1	0	0	0	48	22	0	0	164	2	0	0	2	0	0	1	0	0	0	6	0	0	0	18	8	0	0	0	0	0	1	0	0	0	1	0	0	0	48	22	0	0	158	2	0	0	2	0	0	1	0	0	0	6	0	0	0	2	0	0	0	0	0	0	0	0	0	0	1	0	0	0	6	0	0	0	18	8	0	0	0	0	0	0	0	0	0	0	0	0	0	1	0	0	0	1	0	0	0	48	22	0	0	152	2	0	0	2	0	0	1	0	0	0	6	0	0	0	2	0	0	0	0	0	0	0	0	0	0	1	0	0	0	6	0	0	0	2	0	0	0	0	0	0	0	0	0	0	0	0	0	0	0	0	0	0	1	0	0	0	6	0	0	0	18	8	0	0	0	0	0	0	0	0	0	0	0	0	0	0	0	0	0	0	0	0	0	1	0	0	0	1	0	0	0	48	22	0	0
425	410	64	66	21	395	32	26	10	64	66	21	27	0	8	15	164	167	105	6	380	31	26	0	32	26	10	22	0	8	0	85	39	50	0	64	66	21	0	0	0	0	1	8	0	0	27	0	8	15	164	167	105	6	365	31	26	0	31	26	0	22	0	0	0	84	39	0	0	32	26	10	0	0	0	0	0	0	0	0	22	0	8	0	85	39	50	0	64	66	21	0	0	0	0	0	0	0	0	0	0	0	0	1	8	0	0	27	0	8	15	164	167	105	6	350	31	26	0	31	26	0	22	0	0	0	84	39	0	0	31	26	0	0	0	0	0	0	0	0	0	22	0	0	0	84	39	0	0	32	26	10	0	0	0	0	0	0	0	0	0	0	0	0	0	0	0	0	22	0	8	0	85	39	50	0	64	66	21	0	0	0	0	3	0	0	0	0	0	0	0	0	0	0	0	0	0	0	0	1	8	0	0	27	0	8	15	164	167	105	6
269	260	34	8	19	251	18	0	6	34	8	19	12	0	0	15	90	8	19	6	242	18	0	0	18	0	6	12	0	0	0	46	0	6	0	34	8	19	0	0	0	0	2	0	0	0	12	0	0	15	90	8	19	6	233	18	0	0	18	0	0	12	0	0	0	46	0	0	0	18	0	6	0	0	0	0	0	0	0	0	12	0	0	0	46	0	6	0	34	8	19	0	0	0	0	0	0	0	0	0	0	0	0	2	0	0	0	12	0	0	15	90	8	19	6	224	18	0	0	18	0	0	12	0	0	0	46	0	0	0	18	0	0	0	0	0	0	0	0	0	0	12	0	0	0	46	0	0	0	18	0	6	0	0	0	0	0	0	0	0	0	0	0	0	0	0	0	0	12	0	0	0	46	0	6	0	34	8	19	0	0	0	0	0	0	0	0	0	0	0	0	0	0	0	0	0	0	0	0	2	0	0	0	12	0	0	15	90	8	19	6
429	414	46	49	32	399	22	26	6	46	49	32	11	13	0	15	119	123	64	15	384	22	26	0	22	26	6	11	13	0	0	54	78	12	0	46	49	32	0	0	0	0	2	0	0	0	11	13	0	15	119	123	64	15	369	22	26	0	22	26	0	11	13	0	0	54	78	0	0	22	26	6	0	0	0	0	0	0	0	0	11	13	0	0	54	78	12	0	46	49	32	0	0	0	0	0	0	0	0	0	0	0	0	2	0	0	0	11	13	0	15	119	123	64	15	354	22	26	0	22	26	0	11	13	0	0	54	78	0	0	22	26	0	0	0	0	0	0	0	0	0	11	13	0	0	54	78	0	0	22	26	6	0	0	0	0	0	0	0	0	0	0	0	0	0	0	0	0	11	13	0	0	54	78	12	0	46	49	32	0	0	0	0	0	0	0	0	0	0	0	0	0	0	0	0	0	0	0	0	2	0	0	0	11	13	0	15	119	123	64	15
296	286	38	24	8	276	14	0	0	38	24	8	13	0	0	0	101	72	32	6	266	13	0	0	14	0	0	8	0	0	0	39	0	0	0	38	24	8	0	0	0	0	1	6	0	0	13	0	0	0	101	72	32	6	256	13	0	0	13	0	0	8	0	0	0	38	0	0	0	14	0	0	0	0	0	0	0	0	0	0	8	0	0	0	39	0	0	0	38	24	8	0	0	0	0	0	0	0	0	0	0	0	0	1	6	0	0	13	0	0	0	101	72	32	6	246	13	0	0	13	0	0	8	0	0	0	38	0	0	0	13	0	0	0	0	0	0	0	0	0	0	8	0	0	0	38	0	0	0	14	0	0	0	0	0	0	0	0	0	0	0	0	0	0	0	0	0	0	8	0	0	0	39	0	0	0	38	24	8	0	0	0	0	0	0	0	0	0	0	0	0	0	0	0	0	0	0	0	0	1	6	0	0	13	0	0	0	101	72	32	6
266	257	34	20	2	248	11	0	0	34	20	2	4	0	0	0	87	55	8	0	239	11	0	0	11	0	0	4	0	0	0	29	0	0	0	34	20	2	0	0	0	0	2	0	0	0	4	0	0	0	87	55	8	0	230	11	0	0	11	0	0	4	0	0	0	29	0	0	0	11	0	0	0	0	0	0	0	0	0	0	4	0	0	0	29	0	0	0	34	20	2	0	0	0	0	0	0	0	0	0	0	0	0	2	0	0	0	4	0	0	0	87	55	8	0	221	11	0	0	11	0	0	4	0	0	0	29	0	0	0	11	0	0	0	0	0	0	0	0	0	0	4	0	0	0	29	0	0	0	11	0	0	0	0	0	0	0	0	0	0	0	0	0	0	0	0	0	0	4	0	0	0	29	0	0	0	34	20	2	0	0	0	0	0	0	0	0	0	0	0	0	0	0	0	0	0	0	0	0	2	0	0	0	4	0	0	0	87	55	8	0
345	333	41	27	35	321	18	0	5	41	27	35	13	0	10	0	105	72	105	63	309	17	0	5	18	0	5	8	0	10	0	48	0	15	16	41	27	35	0	0	0	0	0	0	0	0	13	0	10	0	105	72	105	63	297	17	0	5	17	0	5	8	0	10	0	47	0	15	0	18	0	5	0	0	0	0	0	0	0	0	8	0	10	0	48	0	15	16	41	27	35	0	0	0	0	4	0	0	0	0	0	0	0	0	0	0	0	13	0	10	0	105	72	105	63	285	17	0	5	17	0	5	8	0	10	0	47	0	15	0	17	0	5	0	0	0	0	0	0	0	0	8	0	10	0	47	0	15	0	18	0	5	0	0	0	0	0	0	0	0	0	0	0	0	0	0	0	0	8	0	10	0	48	0	15	16	41	27	35	0	0	0	0	5	0	0	0	0	0	0	0	4	0	0	0	0	0	0	0	0	0	0	0	13	0	10	0	105	72	105	63
433	417	69	75	27	401	36	39	13	69	75	27	34	0	13	4	166	194	108	23	385	35	39	13	36	39	13	29	0	13	4	90	104	52	10	69	75	27	2	0	0	0	0	0	0	0	34	0	13	4	166	194	108	23	369	35	39	0	35	39	13	29	0	13	0	89	104	52	0	36	39	13	2	0	0	0	0	0	0	0	29	0	13	4	90	104	52	10	69	75	27	2	0	0	0	4	0	0	10	2	0	0	0	0	0	0	0	34	0	13	4	166	194	108	23	353	35	39	0	35	39	0	29	0	0	0	89	104	0	0	35	39	13	2	0	0	0	0	0	0	0	29	0	13	0	89	104	52	0	36	39	13	2	0	0	0	1	0	0	0	2	0	0	0	0	0	0	0	29	0	13	4	90	104	52	10	69	75	27	5	0	0	0	12	0	0	0	2	0	0	0	4	0	0	10	2	0	0	0	0	0	0	0	34	0	13	4	166	194	108	23
316	305	45	24	24	294	26	0	4	45	24	24	22	0	0	4	110	48	72	31	283	25	0	4	26	0	4	17	0	0	4	66	0	12	10	45	24	24	0	0	0	0	0	0	0	0	22	0	0	4	110	48	72	31	272	25	0	0	25	0	4	17	0	0	0	65	0	12	0	26	0	4	0	0	0	0	0	0	0	0	17	0	0	4	66	0	12	10	45	24	24	2	0	0	0	2	0	0	0	0	0	0	0	0	0	0	0	22	0	0	4	110	48	72	31	261	25	0	0	25	0	0	17	0	0	0	65	0	0	0	25	0	4	0	0	0	0	0	0	0	0	17	0	0	0	65	0	12	0	26	0	4	2	0	0	0	0	0	0	0	0	0	0	0	0	0	0	0	17	0	0	4	66	0	12	10	45	24	24	5	0	0	0	7	0	0	0	2	0	0	0	2	0	0	0	0	0	0	0	0	0	0	0	22	0	0	4	110	48	72	31
370	356	43	52	38	342	15	40	0	43	52	38	10	30	0	0	108	136	38	82	328	14	40	0	15	40	0	5	30	0	0	39	120	0	22	43	52	38	0	0	0	0	0	0	0	0	10	30	0	0	108	136	38	82	314	14	40	0	14	40	0	5	30	0	0	38	120	0	0	15	40	0	0	0	0	0	0	0	0	0	5	30	0	0	39	120	0	22	43	52	38	0	0	0	0	0	0	0	0	0	0	0	0	0	0	0	0	10	30	0	0	108	136	38	82	300	14	40	0	14	40	0	5	30	0	0	38	120	0	0	14	40	0	0	0	0	0	0	0	0	0	5	30	0	0	38	120	0	0	15	40	0	0	0	0	0	0	0	0	0	0	0	0	0	0	0	0	0	5	30	0	0	39	120	0	22	43	52	38	0	0	0	0	3	0	0	0	0	0	0	0	0	0	0	0	0	0	0	0	0	0	0	0	10	30	0	0	108	136	38	82
442	425	67	105	14	408	23	66	0	67	105	14	16	78	0	0	164	317	70	29	391	23	60	0	23	66	0	16	48	0	0	59	210	0	10	67	105	14	2	0	0	0	1	0	14	0	16	78	0	0	164	317	70	29	374	23	60	0	23	60	0	16	48	0	0	59	204	0	0	23	66	0	2	0	0	0	0	0	0	0	16	48	0	0	59	210	0	10	67	105	14	2	0	0	0	8	0	0	0	2	0	0	0	1	0	14	0	16	78	0	0	164	317	70	29	357	23	60	0	23	60	0	16	48	0	0	59	204	0	0	23	60	0	2	0	0	0	0	0	0	0	16	48	0	0	59	204	0	0	23	66	0	2	0	0	0	1	0	0	0	2	0	0	0	0	0	0	0	16	48	0	0	59	210	0	10	67	105	14	5	0	0	0	15	0	0	0	2	0	0	0	8	0	0	0	2	0	0	0	1	0	14	0	16	78	0	0	164	317	70	29
471	454	62	60	74	437	28	0	58	62	60	74	26	0	109	5	144	180	370	49	420	27	0	58	28	0	58	23	0	103	5	67	0	290	5	62	60	74	15	0	17	0	8	0	0	0	26	0	109	5	144	180	370	49	403	24	0	58	27	0	58	23	0	103	5	64	0	290	5	28	0	58	3	0	17	0	1	0	0	0	23	0	103	5	67	0	290	5	62	60	74	11	0	0	0	13	36	0	0	15	0	17	0	8	0	0	0	26	0	109	5	144	180	370	49	386	21	0	58	24	0	58	19	0	103	5	60	0	290	5	27	0	58	3	0	17	0	1	0	0	0	23	0	103	5	64	0	290	5	28	0	58	2	0	0	0	3	0	0	0	3	0	17	0	1	0	0	0	23	0	103	5	67	0	290	5	62	60	74	7	0	0	0	15	36	0	0	11	0	0	0	13	36	0	0	15	0	17	0	8	0	0	0	26	0	109	5	144	180	370	49
363	350	42	12	68	337	24	0	26	42	12	68	20	0	34	5	110	12	68	138	324	24	0	26	24	0	26	20	0	28	5	69	0	26	22	42	12	68	2	0	0	0	1	0	0	0	20	0	34	5	110	12	68	138	311	24	0	26	24	0	26	20	0	28	5	69	0	26	22	24	0	26	2	0	0	0	0	0	0	0	20	0	28	5	69	0	26	22	42	12	68	2	0	0	0	8	0	0	0	2	0	0	0	1	0	0	0	20	0	34	5	110	12	68	138	298	24	0	26	24	0	26	20	0	28	5	69	0	26	5	24	0	26	2	0	0	0	0	0	0	0	20	0	28	5	69	0	26	22	24	0	26	2	0	0	0	1	0	0	0	2	0	0	0	0	0	0	0	20	0	28	5	69	0	26	22	42	12	68	5	0	0	0	12	0	0	0	2	0	0	0	8	0	0	0	2	0	0	0	1	0	0	0	20	0	34	5	110	12	68	138
419	402	68	105	23	385	24	68	8	68	105	23	12	105	30	0	152	305	92	41	368	24	66	8	24	68	8	12	99	24	0	52	213	32	13	68	105	23	5	22	0	0	8	0	0	0	12	105	30	0	152	305	92	41	351	22	66	8	24	66	8	12	99	24	0	52	209	32	13	24	68	8	1	22	0	0	1	0	0	0	12	99	24	0	52	213	32	13	68	105	23	6	0	0	0	21	23	0	0	5	22	0	0	8	0	0	0	12	105	30	0	152	305	92	41	334	20	66	8	22	66	8	10	99	24	0	50	209	32	0	24	66	8	1	22	0	0	1	0	0	0	12	99	24	0	52	209	32	13	24	68	8	2	0	0	0	6	13	0	0	1	22	0	0	1	0	0	0	12	99	24	0	52	213	32	13	68	105	23	11	0	0	0	17	14	0	0	6	0	0	0	21	23	0	0	5	22	0	0	8	0	0	0	12	105	30	0	152	305	92	41
490	471	79	111	47	452	43	74	23	79	111	47	26	60	41	4	162	256	141	65	433	43	74	23	43	74	23	26	60	35	4	84	180	69	17	79	111	47	5	0	0	0	4	0	0	0	26	60	41	4	162	256	141	65	414	42	72	23	43	74	23	26	60	35	4	84	180	69	17	43	74	23	3	0	0	0	1	0	0	0	26	60	35	4	84	180	69	17	79	111	47	10	28	0	0	21	11	0	0	5	0	0	0	4	0	0	0	26	60	41	4	162	256	141	65	395	35	67	16	42	72	23	24	56	35	0	83	173	69	0	43	74	23	3	0	0	0	1	0	0	0	26	60	35	4	84	180	69	17	43	74	23	0	28	0	0	7	0	0	0	3	0	0	0	1	0	0	0	26	60	35	4	84	180	69	17	79	111	47	17	61	16	10	27	64	0	8	10	28	0	0	21	11	0	0	5	0	0	0	4	0	0	0	26	60	41	4	162	256	141	65
409	394	53	38	54	379	33	14	20	53	38	54	24	0	17	9	117	50	108	100	364	33	14	20	33	14	20	24	0	11	9	77	14	40	22	53	38	54	5	0	0	0	3	0	0	0	24	0	17	9	117	50	108	100	349	32	14	20	33	14	20	24	0	11	9	77	14	40	22	33	14	20	3	0	0	0	1	0	0	0	24	0	11	9	77	14	40	22	53	38	54	6	0	0	0	9	12	0	0	5	0	0	0	3	0	0	0	24	0	17	9	117	50	108	100	334	30	14	8	32	14	20	22	0	11	0	76	14	40	5	33	14	20	3	0	0	0	1	0	0	0	24	0	11	9	77	14	40	22	33	14	20	2	0	0	0	2	0	0	0	3	0	0	0	1	0	0	0	24	0	11	9	77	14	40	22	53	38	54	9	0	0	10	17	24	0	10	6	0	0	0	9	12	0	0	5	0	0	0	3	0	0	0	24	0	17	9	117	50	108	100
458	441	55	16	133	424	39	0	64	55	16	133	31	0	18	121	114	16	133	266	407	38	0	58	39	0	64	30	0	17	91	79	0	64	135	55	16	133	17	0	0	0	8	16	0	14	31	0	18	121	114	16	133	266	390	32	0	58	38	0	58	29	0	17	91	78	0	58	135	39	0	64	4	0	0	0	2	0	0	0	30	0	17	91	79	0	64	135	55	16	133	11	0	18	0	8	16	0	0	17	0	0	0	8	16	0	14	31	0	18	121	114	16	133	266	373	25	0	58	32	0	58	21	0	17	91	71	0	58	135	38	0	58	4	0	0	0	2	0	0	0	29	0	17	91	78	0	58	135	39	0	64	2	0	16	0	4	0	0	0	4	0	0	0	2	0	0	0	30	0	17	91	79	0	64	135	55	16	133	5	0	38	0	16	0	0	0	11	0	18	0	8	16	0	0	17	0	0	0	8	16	0	14	31	0	18	121	114	16	133	266
428	412	52	48	99	396	27	0	75	52	48	99	27	0	54	61	95	120	396	97	380	23	0	75	27	0	75	18	0	53	61	52	0	300	66	52	48	99	17	0	20	0	7	24	0	0	27	0	54	61	95	120	396	97	364	19	0	75	23	0	75	17	0	53	61	50	0	300	66	27	0	75	4	0	20	0	2	0	0	0	18	0	53	61	52	0	300	66	52	48	99	9	0	0	0	8	12	0	0	17	0	20	0	7	24	0	0	27	0	54	61	95	120	396	97	348	16	0	75	19	0	75	13	0	53	61	46	0	300	66	23	0	75	4	0	20	0	2	0	0	0	17	0	53	61	50	0	300	66	27	0	75	0	0	0	0	4	0	0	0	4	0	20	0	2	0	0	0	18	0	53	61	52	0	300	66	52	48	99	2	0	0	0	6	0	0	0	9	0	0	0	8	12	0	0	17	0	20	0	7	24	0	0	27	0	54	61	95	120	396	97
444	427	89	89	61	410	59	42	47	89	89	61	63	28	48	25	139	159	305	74	393	55	32	47	59	42	47	52	28	47	25	94	42	235	58	89	89	61	23	90	20	0	12	18	0	0	63	28	48	25	139	159	305	74	376	45	9	47	55	32	47	45	18	47	25	89	27	235	58	59	42	47	11	0	20	0	6	0	0	0	52	28	47	25	94	42	235	58	89	89	61	15	45	84	0	10	9	122	0	23	90	20	0	12	18	0	0	63	28	48	25	139	159	305	74	359	38	0	47	45	9	47	33	0	47	25	79	0	235	58	55	32	47	9	0	20	0	6	0	0	0	45	18	47	25	89	27	235	58	59	42	47	8	0	82	0	6	0	94	0	11	0	20	0	6	0	0	0	52	28	47	25	94	42	235	58	89	89	61	10	0	40	0	17	16	61	0	15	45	84	0	10	9	122	0	23	90	20	0	12	18	0	0	63	28	48	25	139	159	305	74
312	300	46	35	40	288	26	11	8	46	35	40	23	0	0	16	90	70	120	144	276	25	11	8	26	11	8	22	0	0	16	55	22	24	89	46	35	40	19	0	0	0	10	8	0	0	23	0	0	16	90	70	120	144	264	20	11	8	25	11	8	21	0	0	16	54	22	24	89	26	11	8	4	0	0	0	2	0	0	0	22	0	0	16	55	22	24	89	46	35	40	11	0	0	0	7	19	0	0	19	0	0	0	10	8	0	0	23	0	0	16	90	70	120	144	252	16	11	8	20	11	8	17	0	0	16	49	22	24	89	25	11	8	4	0	0	0	2	0	0	0	21	0	0	16	54	22	24	89	26	11	8	2	0	0	0	3	11	0	0	4	0	0	0	2	0	0	0	22	0	0	16	55	22	24	89	46	35	40	4	0	11	0	9	0	0	0	11	0	0	0	7	19	0	0	19	0	0	0	10	8	0	0	23	0	0	16	90	70	120	144
419	402	80	98	51	385	54	76	8	80	98	51	47	51	0	8	140	172	102	198	368	52	73	8	54	76	8	43	50	0	8	92	140	16	109	80	98	51	23	32	0	0	11	25	0	0	47	51	0	8	140	172	102	198	351	46	60	8	52	73	8	42	46	0	8	90	135	16	109	54	76	8	10	14	0	0	3	15	0	0	43	50	0	8	92	140	16	109	80	98	51	15	36	18	0	18	24	51	0	23	32	0	0	11	25	0	0	47	51	0	8	140	172	102	198	334	38	40	8	46	60	8	36	28	0	8	83	126	16	109	52	73	8	10	14	0	0	3	14	0	0	42	46	0	8	90	135	16	109	54	76	8	10	0	16	0	11	14	8	0	10	14	0	0	3	15	0	0	43	50	0	8	92	140	16	109	80	98	51	17	24	29	0	14	48	102	0	15	36	18	0	18	24	51	0	23	32	0	0	11	25	0	0	47	51	0	8	140	172	102	198
465	447	49	45	147	429	28	0	112	49	45	147	27	0	94	90	59	45	441	200	411	21	0	111	28	0	112	16	0	90	87	46	0	336	130	49	45	147	4	0	51	17	2	0	0	0	27	0	94	90	59	45	441	200	393	18	0	111	21	0	111	10	0	90	87	38	0	333	130	28	0	112	1	0	30	17	2	0	0	0	16	0	90	87	46	0	336	130	49	45	147	0	0	20	0	2	0	0	0	4	0	51	17	2	0	0	0	27	0	94	90	59	45	441	200	375	18	0	111	18	0	111	10	0	90	87	38	0	333	130	21	0	111	1	0	30	17	2	0	0	0	10	0	90	87	38	0	333	130	28	0	112	0	0	10	0	2	0	0	0	1	0	30	17	2	0	0	0	16	0	90	87	46	0	336	130	49	45	147	0	0	0	0	3	0	0	0	0	0	20	0	2	0	0	0	4	0	51	17	2	0	0	0	27	0	94	90	59	45	441	200
284	273	39	18	49	262	26	0	10	39	18	49	18	0	22	10	58	0	98	251	251	21	0	10	26	0	10	13	0	20	10	46	0	20	138	39	18	49	3	0	27	0	3	0	0	0	18	0	22	10	58	0	98	251	240	17	0	10	21	0	10	8	0	20	10	40	0	20	138	26	0	10	2	0	0	0	3	0	0	0	13	0	20	10	46	0	20	138	39	18	49	0	0	27	0	3	0	0	0	3	0	27	0	3	0	0	0	18	0	22	10	58	0	98	251	229	17	0	10	17	0	10	8	0	20	10	40	0	20	138	21	0	10	2	0	0	0	3	0	0	0	8	0	20	10	40	0	20	138	26	0	10	0	0	0	0	3	0	0	0	2	0	0	0	3	0	0	0	13	0	20	10	46	0	20	138	39	18	49	2	0	0	0	6	0	0	0	0	0	27	0	3	0	0	0	3	0	27	0	3	0	0	0	18	0	22	10	58	0	98	251
338	323	56	75	26	308	26	50	16	56	75	26	26	40	52	10	61	128	78	61	293	18	50	16	26	50	16	12	40	50	10	35	100	48	47	56	75	26	4	0	51	0	1	10	0	0	26	40	52	10	61	128	78	61	278	15	50	16	18	50	16	6	40	50	10	26	100	48	47	26	50	16	1	0	30	0	1	10	0	0	12	40	50	10	35	100	48	47	56	75	26	0	0	20	0	2	0	0	0	4	0	51	0	1	10	0	0	26	40	52	10	61	128	78	61	263	15	50	16	15	50	16	6	40	50	10	26	100	48	47	18	50	16	1	0	30	0	1	10	0	0	6	40	50	10	26	100	48	47	26	50	16	0	0	10	0	2	0	0	0	1	0	30	0	1	10	0	0	12	40	50	10	35	100	48	47	56	75	26	0	0	0	0	3	0	0	0	0	0	20	0	2	0	0	0	4	0	51	0	1	10	0	0	26	40	52	10	61	128	78	61
354	339	59	75	32	324	34	43	10	59	75	32	34	28	22	10	62	137	128	160	309	28	36	10	34	43	10	27	0	20	10	51	91	40	122	59	75	32	8	0	51	0	3	0	32	0	34	28	22	10	62	137	128	160	294	25	36	10	28	36	10	21	0	20	10	44	84	40	122	34	43	10	5	0	30	0	3	0	10	0	27	0	20	10	51	91	40	122	59	75	32	1	0	20	0	1	0	0	0	8	0	51	0	3	0	32	0	34	28	22	10	62	137	128	160	279	25	36	10	25	36	10	21	0	20	10	44	84	40	122	28	36	10	5	0	30	0	3	0	10	0	21	0	20	10	44	84	40	122	34	43	10	1	0	10	0	1	0	0	0	5	0	30	0	3	0	10	0	27	0	20	10	51	91	40	122	59	75	32	0	0	0	0	4	0	0	0	1	0	20	0	1	0	0	0	8	0	51	0	3	0	32	0	34	28	22	10	62	137	128	160
357	342	63	69	54	327	41	56	0	63	69	54	34	44	0	0	85	129	54	384	312	36	45	0	41	56	0	27	33	0	0	63	121	0	202	63	69	54	10	21	27	0	6	13	54	0	34	44	0	0	85	129	54	384	297	32	36	0	36	45	0	23	24	0	0	57	108	0	196	41	56	0	8	12	0	0	4	12	0	0	27	33	0	0	63	121	0	202	63	69	54	8	0	27	0	6	12	54	0	10	21	27	0	6	13	54	0	34	44	0	0	85	129	54	384	282	31	36	0	32	36	0	23	24	0	0	56	108	0	196	36	45	0	8	12	0	0	4	12	0	0	23	24	0	0	57	108	0	196	41	56	0	8	0	0	0	6	12	0	0	8	12	0	0	4	12	0	0	27	33	0	0	63	121	0	202	63	69	54	10	0	0	0	7	11	0	0	8	0	27	0	6	12	54	0	10	21	27	0	6	13	54	0	34	44	0	0	85	129	54	384
359	343	58	79	56	327	41	48	48	58	79	56	37	48	63	6	60	60	168	32	311	41	48	48	41	48	48	37	48	56	6	57	60	144	10	58	79	56	1	0	0	0	1	0	0	0	37	48	63	6	60	60	168	32	295	41	48	48	41	48	48	37	48	56	6	57	60	144	10	41	48	48	1	0	0	0	1	0	0	0	37	48	56	6	57	60	144	10	58	79	56	0	0	0	0	0	0	0	0	1	0	0	0	1	0	0	0	37	48	63	6	60	60	168	32	279	41	48	48	41	48	48	37	48	56	6	57	60	144	10	41	48	48	1	0	0	0	1	0	0	0	37	48	56	6	57	60	144	10	41	48	48	0	0	0	0	0	0	0	0	1	0	0	0	1	0	0	0	37	48	56	6	57	60	144	10	58	79	56	0	0	0	0	0	0	0	0	0	0	0	0	0	0	0	0	1	0	0	0	1	0	0	0	37	48	63	6	60	60	168	32
450	432	37	0	162	414	21	0	115	37	0	162	16	0	105	101	40	0	0	254	396	20	0	113	21	0	115	13	0	89	96	34	0	0	148	37	0	162	0	0	14	20	1	0	0	0	16	0	105	101	40	0	0	254	378	20	0	113	20	0	113	13	0	86	96	34	0	0	147	21	0	115	0	0	11	20	1	0	0	0	13	0	89	96	34	0	0	148	37	0	162	0	0	0	0	0	0	0	0	0	0	14	20	1	0	0	0	16	0	105	101	40	0	0	254	360	20	0	113	20	0	113	13	0	86	96	34	0	0	147	20	0	113	0	0	10	20	1	0	0	0	13	0	86	96	34	0	0	147	21	0	115	0	0	0	0	0	0	0	0	0	0	11	20	1	0	0	0	13	0	89	96	34	0	0	148	37	0	162	0	0	0	0	1	0	0	0	0	0	0	0	0	0	0	0	0	0	14	20	1	0	0	0	16	0	105	101	40	0	0	254
307	294	24	22	88	281	16	22	37	24	22	88	11	0	16	38	36	33	0	308	268	15	22	36	16	22	37	10	0	0	36	33	33	0	148	24	22	88	1	0	9	10	2	0	0	0	11	0	16	38	36	33	0	308	255	15	22	36	15	22	36	10	0	0	36	33	33	0	147	16	22	37	1	0	0	10	2	0	0	0	10	0	0	36	33	33	0	148	24	22	88	0	0	0	0	1	0	0	0	1	0	9	10	2	0	0	0	11	0	16	38	36	33	0	308	242	15	22	36	15	22	36	10	0	0	36	33	33	0	147	15	22	36	1	0	0	10	2	0	0	0	10	0	0	36	33	33	0	147	16	22	37	0	0	0	0	1	0	0	0	1	0	0	10	2	0	0	0	10	0	0	36	33	33	0	148	24	22	88	0	0	0	0	1	0	0	0	0	0	0	0	1	0	0	0	1	0	9	10	2	0	0	0	11	0	16	38	36	33	0	308
434	415	79	100	78	396	53	60	45	79	100	78	50	60	132	39	84	117	234	205	377	52	60	44	53	60	45	47	60	116	36	77	105	135	138	79	100	78	5	0	14	10	3	0	0	0	50	60	132	39	84	117	234	205	358	52	60	44	52	60	44	47	60	113	36	77	105	132	137	53	60	45	5	0	11	10	3	0	0	0	47	60	116	36	77	105	135	138	79	100	78	1	0	0	0	1	0	0	0	5	0	14	10	3	0	0	0	50	60	132	39	84	117	234	205	339	52	60	44	52	60	44	47	60	113	36	77	105	132	137	52	60	44	5	0	10	10	3	0	0	0	47	60	113	36	77	105	132	137	53	60	45	1	0	0	0	1	0	0	0	5	0	11	10	3	0	0	0	47	60	116	36	77	105	135	138	79	100	78	0	0	0	0	2	0	0	0	1	0	0	0	1	0	0	0	5	0	14	10	3	0	0	0	50	60	132	39	84	117	234	205
185	176	37	30	7	167	26	20	6	37	30	7	28	20	0	6	30	25	14	0	158	26	20	6	26	20	6	28	20	0	6	29	25	12	0	37	30	7	0	0	0	0	0	0	0	0	28	20	0	6	30	25	14	0	149	26	20	6	26	20	6	28	20	0	6	29	25	12	0	26	20	6	0	0	0	0	0	0	0	0	28	20	0	6	29	25	12	0	37	30	7	0	0	0	0	0	0	0	0	0	0	0	0	0	0	0	0	28	20	0	6	30	25	14	0	140	26	20	6	26	20	6	28	20	0	6	29	25	12	0	26	20	6	0	0	0	0	0	0	0	0	28	20	0	6	29	25	12	0	26	20	6	0	0	0	0	0	0	0	0	0	0	0	0	0	0	0	0	28	20	0	6	29	25	12	0	37	30	7	0	0	0	0	0	0	0	0	0	0	0	0	0	0	0	0	0	0	0	0	0	0	0	0	28	20	0	6	30	25	14	0
234	221	47	59	28	208	40	52	13	47	59	28	40	47	0	27	56	52	0	63	195	40	52	13	40	52	13	40	47	0	27	56	52	0	54	47	59	28	1	0	0	0	2	0	0	0	40	47	0	27	56	52	0	63	182	40	52	13	40	52	13	40	47	0	27	56	52	0	54	40	52	13	1	0	0	0	2	0	0	0	40	47	0	27	56	52	0	54	47	59	28	0	0	0	0	1	0	0	0	1	0	0	0	2	0	0	0	40	47	0	27	56	52	0	63	169	40	52	13	40	52	13	40	47	0	27	56	52	0	54	40	52	13	1	0	0	0	2	0	0	0	40	47	0	27	56	52	0	54	40	52	13	0	0	0	0	1	0	0	0	1	0	0	0	2	0	0	0	40	47	0	27	56	52	0	54	47	59	28	0	0	0	0	0	0	0	0	0	0	0	0	1	0	0	0	1	0	0	0	2	0	0	0	40	47	0	27	56	52	0	63
330	313	61	91	59	296	50	79	28	61	91	59	45	108	0	66	65	93	0	141	279	50	79	28	50	79	28	45	108	0	66	64	90	0	99	61	91	59	5	0	0	0	2	0	0	0	45	108	0	66	65	93	0	141	262	50	79	28	50	79	28	45	108	0	66	64	90	0	98	50	79	28	5	0	0	0	2	0	0	0	45	108	0	66	64	90	0	99	61	91	59	1	0	0	0	3	0	0	0	5	0	0	0	2	0	0	0	45	108	0	66	65	93	0	141	245	50	79	28	50	79	28	45	108	0	66	64	90	0	98	50	79	28	5	0	0	0	2	0	0	0	45	108	0	66	64	90	0	98	50	79	28	1	0	0	0	3	0	0	0	5	0	0	0	2	0	0	0	45	108	0	66	64	90	0	99	61	91	59	0	0	0	0	1	0	0	0	1	0	0	0	3	0	0	0	5	0	0	0	2	0	0	0	45	108	0	66	65	93	0	141
368	348	86	128	85	328	64	120	55	86	128	85	75	110	29	94	99	246	0	134	308	63	119	52	64	120	55	71	108	27	88	84	237	0	93	85	128	85	9	16	0	33	4	17	0	0	75	110	29	94	99	246	0	134	288	63	119	50	63	119	52	71	108	24	86	82	237	0	92	63	120	55	9	16	0	30	3	16	0	0	71	108	27	88	84	237	0	93	85	128	85	2	0	0	22	17	0	0	0	9	16	0	33	4	17	0	0	75	110	29	94	99	246	0	134	268	63	119	50	63	119	50	71	108	22	86	82	237	0	92	62	119	52	9	16	0	30	3	16	0	0	71	108	24	86	82	237	0	92	63	120	55	2	0	0	22	17	0	0	0	9	16	0	30	3	16	0	0	71	108	27	88	84	237	0	93	85	128	85	4	0	0	0	8	0	0	0	2	0	0	22	17	0	0	0	9	16	0	33	4	17	0	0	75	110	29	94	99	246	0	134
427	407	99	109	121	387	79	89	98	99	109	121	81	107	99	101	131	150	121	78	367	78	85	72	79	89	98	78	101	96	58	126	143	98	45	99	109	121	15	57	0	96	11	14	0	86	81	107	99	101	131	150	121	78	347	78	84	49	78	85	72	78	98	75	56	125	140	72	44	79	89	98	15	56	0	30	11	14	0	10	78	101	96	58	126	143	98	45	99	109	121	8	14	0	49	29	0	0	112	15	57	0	96	11	14	0	86	81	107	99	101	131	150	121	78	327	77	84	48	78	84	49	78	98	40	56	125	140	49	44	78	85	72	15	56	0	30	11	14	0	10	78	98	75	56	125	140	72	44	79	89	98	8	14	0	46	29	0	0	55	15	56	0	30	11	14	0	10	78	101	96	58	126	143	98	45	98	109	121	10	0	0	8	19	13	0	0	8	14	0	49	29	0	0	112	15	57	0	96	7	14	0	86	81	107	99	101	130	150	121	78
302	286	88	94	67	270	69	73	65	88	94	67	73	68	91	28	131	143	134	0	254	68	73	57	69	73	65	69	68	89	22	117	139	130	0	87	94	67	21	0	0	78	17	15	0	0	73	68	91	28	131	143	134	0	238	68	73	43	68	73	57	69	68	81	20	115	139	114	0	68	73	65	21	0	0	30	16	14	0	0	69	68	89	22	117	139	130	0	87	94	67	15	0	0	49	39	0	0	61	21	0	0	78	17	15	0	0	73	68	91	28	131	143	134	0	222	64	73	42	68	73	43	69	68	64	20	115	139	86	0	67	73	57	21	0	0	30	16	14	0	0	69	68	81	20	115	139	114	0	68	73	65	15	0	0	46	39	0	0	47	21	0	0	30	16	14	0	0	69	68	89	22	117	139	130	0	84	94	67	20	0	0	8	17	28	0	0	15	0	0	49	39	0	0	61	21	0	0	78	7	15	0	0	73	68	91	28	127	143	134	0
397	377	100	130	121	357	85	120	88	100	130	121	73	136	0	172	162	191	0	188	337	84	117	85	85	120	88	70	134	0	165	137	180	0	163	99	130	121	30	39	0	37	29	14	0	0	73	136	0	172	161	191	0	188	317	80	110	66	84	117	85	70	128	0	135	136	174	0	129	84	120	88	22	35	0	22	25	12	0	0	70	134	0	165	136	180	0	163	99	130	121	13	90	0	96	56	36	0	54	30	39	0	37	29	14	0	0	73	136	0	172	161	191	0	188	297	72	91	43	80	110	66	65	116	0	96	130	168	0	92	83	117	85	22	33	0	20	25	11	0	0	70	128	0	135	135	174	0	129	84	120	88	10	80	0	30	53	33	0	0	22	35	0	22	25	12	0	0	70	134	0	165	136	180	0	163	93	130	121	12	94	12	49	9	12	121	112	13	90	0	96	56	36	0	54	27	39	0	37	11	14	0	0	73	136	0	172	151	191	0	188
335	318	99	91	70	301	82	87	59	98	91	70	71	48	0	47	175	140	0	67	284	82	87	59	81	87	59	71	48	0	47	145	138	0	65	97	91	70	23	0	0	0	38	0	0	0	71	48	0	47	174	140	0	67	267	78	87	57	81	87	59	71	48	0	45	145	138	0	57	80	87	59	20	0	0	0	32	0	0	0	71	48	0	47	144	138	0	65	97	91	70	24	0	28	18	70	0	0	0	23	0	0	0	38	0	0	0	71	48	0	47	174	140	0	67	250	67	57	41	77	87	57	62	48	0	30	134	138	0	43	80	87	59	20	0	0	0	32	0	0	0	71	48	0	45	144	138	0	57	80	87	59	16	0	28	0	54	0	0	0	20	0	0	0	32	0	0	0	71	48	0	47	144	138	0	65	88	91	70	36	27	50	69	15	13	210	51	24	0	28	18	70	0	0	0	20	0	0	0	12	0	0	0	71	48	0	47	158	140	0	67
225	213	87	51	0	201	66	48	0	86	51	0	41	12	0	0	153	74	0	0	189	66	48	0	65	48	0	41	12	0	0	114	64	0	0	85	51	0	17	0	0	0	48	0	0	0	41	12	0	0	152	74	0	0	177	65	44	0	65	48	0	41	12	0	0	114	64	0	0	64	48	0	14	0	0	0	37	0	0	0	41	12	0	0	113	64	0	0	85	51	0	28	0	0	0	64	0	0	0	17	0	0	0	48	0	0	0	41	12	0	0	152	74	0	0	165	57	32	0	64	44	0	39	0	0	0	112	56	0	0	64	48	0	14	0	0	0	37	0	0	0	41	12	0	0	113	64	0	0	64	48	0	16	0	0	0	43	0	0	0	14	0	0	0	37	0	0	0	41	12	0	0	113	64	0	0	73	51	0	39	0	0	0	20	8	0	0	28	0	0	0	64	0	0	0	14	0	0	0	14	0	0	0	41	12	0	0	130	74	0	0
235	223	86	56	0	211	67	45	0	84	56	0	49	12	0	0	174	87	0	0	199	63	42	0	65	45	0	41	12	0	0	129	66	0	0	81	56	0	18	9	0	0	42	12	0	0	47	12	0	0	171	87	0	0	187	57	33	0	61	42	0	31	6	0	0	118	60	0	0	62	45	0	9	0	0	0	35	0	0	0	39	12	0	0	126	66	0	0	81	56	0	17	18	0	0	43	15	0	0	18	9	0	0	42	12	0	0	47	12	0	0	171	87	0	0	175	49	27	0	55	33	0	28	0	0	0	98	36	0	0	58	42	0	9	0	0	0	35	0	0	0	29	6	0	0	115	60	0	0	62	45	0	11	0	0	0	30	0	0	0	9	0	0	0	35	0	0	0	39	12	0	0	126	66	0	0	69	56	0	28	0	0	0	18	9	0	0	16	18	0	0	43	15	0	0	13	9	0	0	8	12	0	0	47	12	0	0	149	87	0	0
207	194	86	65	0	181	62	57	0	84	65	0	54	0	0	0	159	130	0	0	168	49	57	0	60	57	0	31	0	0	0	105	118	0	0	73	65	0	17	0	0	0	31	90	0	0	52	0	0	0	155	130	0	0	155	42	53	0	47	57	0	21	0	0	0	90	118	0	0	49	57	0	5	0	0	0	24	80	0	0	29	0	0	0	101	118	0	0	67	65	0	18	8	0	0	39	10	0	0	17	0	0	0	31	90	0	0	38	0	0	0	147	130	0	0	145	34	51	0	40	53	0	16	0	0	0	68	98	0	0	44	57	0	5	0	0	0	24	80	0	0	19	0	0	0	87	118	0	0	49	57	0	6	0	0	0	21	0	0	0	5	0	0	0	24	80	0	0	29	0	0	0	101	118	0	0	57	35	0	20	0	0	0	15	21	0	0	17	8	0	0	39	10	0	0	12	0	0	0	7	10	0	0	38	0	0	0	124	70	0	0
227	216	63	39	5	205	40	24	0	61	39	5	25	20	0	0	134	129	10	0	194	35	16	0	38	24	0	18	6	0	0	76	72	0	0	59	39	5	9	12	3	0	22	0	5	0	23	20	0	0	132	129	10	0	183	28	10	0	33	16	0	7	0	0	0	62	50	0	0	36	24	0	2	0	0	0	20	0	0	0	16	6	0	0	74	72	0	0	59	39	5	5	0	8	0	20	0	5	0	9	12	3	0	22	0	5	0	23	20	0	0	132	129	10	0	172	27	10	0	26	10	0	7	0	0	0	38	20	0	0	31	16	0	2	0	0	0	20	0	0	0	5	0	0	0	60	50	0	0	36	24	0	3	0	0	0	12	0	0	0	2	0	0	0	20	0	0	0	16	6	0	0	74	72	0	0	52	39	5	20	0	0	0	14	10	0	0	4	0	8	0	20	0	5	0	7	12	3	0	2	0	5	0	23	20	0	0	119	129	10	0
291	277	63	69	5	263	32	42	0	60	69	5	9	108	0	0	127	208	10	0	249	29	18	0	29	42	0	6	54	0	0	51	118	0	0	58	69	5	5	36	3	0	13	0	15	0	7	108	0	0	125	208	10	0	235	24	0	0	26	18	0	3	0	0	0	44	48	0	0	27	42	0	2	0	0	0	12	0	0	0	4	54	0	0	49	118	0	0	58	69	5	3	0	8	0	12	0	15	0	5	36	3	0	13	0	15	0	7	108	0	0	125	208	10	0	221	24	0	0	21	0	0	3	0	0	0	23	0	0	0	24	18	0	2	0	0	0	12	0	0	0	1	0	0	0	42	48	0	0	27	42	0	3	0	0	0	8	0	0	0	2	0	0	0	12	0	0	0	4	54	0	0	49	118	0	0	54	69	5	17	0	0	0	11	0	0	0	2	0	8	0	12	0	15	0	3	36	3	0	1	0	15	0	7	108	0	0	118	208	10	0
200	186	64	75	5	173	44	66	0	60	62	5	38	31	0	0	118	100	5	0	162	34	63	0	42	55	0	25	31	0	0	68	75	0	0	51	40	5	15	26	3	0	21	40	0	0	34	9	0	0	114	78	5	0	151	23	54	0	32	52	0	13	29	0	0	51	68	0	0	33	33	0	3	18	0	0	16	36	0	0	21	9	0	0	64	53	0	0	50	40	5	4	28	8	0	16	36	5	0	15	26	3	0	21	40	0	0	30	9	0	0	112	78	5	0	141	22	53	0	21	44	0	9	27	0	0	25	36	0	0	27	32	0	3	18	0	0	16	36	0	0	9	9	0	0	48	48	0	0	33	33	0	3	27	0	0	13	36	0	0	3	18	0	0	16	36	0	0	21	9	0	0	64	53	0	0	43	30	5	16	9	0	0	8	9	0	0	3	18	8	0	16	36	5	0	8	6	3	0	1	0	0	0	30	9	0	0	99	68	5	0
151	144	37	11	2	137	23	5	0	36	11	2	21	5	0	0	90	38	2	0	130	19	0	0	22	5	0	13	0	0	0	50	15	0	0	34	11	2	11	0	0	0	12	0	2	0	19	5	0	0	88	38	2	0	123	13	0	0	18	0	0	3	0	0	0	39	0	0	0	20	5	0	2	0	0	0	12	0	0	0	11	0	0	0	48	15	0	0	34	11	2	3	0	2	0	4	0	0	0	11	0	0	0	12	0	2	0	19	5	0	0	88	38	2	0	116	13	0	0	12	0	0	3	0	0	0	16	0	0	0	16	0	0	2	0	0	0	12	0	0	0	1	0	0	0	37	0	0	0	20	5	0	3	0	0	0	4	0	0	0	2	0	0	0	12	0	0	0	11	0	0	0	48	15	0	0	30	11	2	1	0	0	0	5	0	0	0	2	0	2	0	4	0	0	0	9	0	0	0	0	0	2	0	19	5	0	0	81	38	2	0
130	124	27	8	0	118	17	0	0	26	8	0	22	0	0	0	72	16	0	0	112	12	0	0	16	0	0	13	0	0	0	38	0	0	0	24	8	0	11	0	0	0	4	0	0	0	20	0	0	0	70	16	0	0	106	7	0	0	11	0	0	3	0	0	0	24	0	0	0	14	0	0	2	0	0	0	4	0	0	0	11	0	0	0	36	0	0	0	24	8	0	3	0	0	0	4	0	0	0	11	0	0	0	4	0	0	0	20	0	0	0	70	16	0	0	100	7	0	0	6	0	0	3	0	0	0	6	0	0	0	9	0	0	2	0	0	0	4	0	0	0	1	0	0	0	22	0	0	0	14	0	0	3	0	0	0	4	0	0	0	2	0	0	0	4	0	0	0	11	0	0	0	36	0	0	0	23	8	0	1	0	0	0	2	0	0	0	2	0	0	0	4	0	0	0	9	0	0	0	0	0	0	0	20	0	0	0	69	16	0	0
189	180	18	0	37	171	0	0	37	18	0	37	0	0	38	0	43	0	0	0	162	0	0	37	0	0	37	0	0	38	0	0	0	0	0	18	0	37	0	0	0	0	0	0	0	0	0	0	38	0	43	0	0	0	153	0	0	37	0	0	37	0	0	38	0	0	0	0	0	0	0	37	0	0	0	0	0	0	0	0	0	0	38	0	0	0	0	0	18	0	37	0	0	0	0	0	0	0	0	0	0	0	0	0	0	0	0	0	0	38	0	43	0	0	0	144	0	0	37	0	0	37	0	0	38	0	0	0	0	0	0	0	37	0	0	0	0	0	0	0	0	0	0	38	0	0	0	0	0	0	0	37	0	0	0	0	0	0	0	0	0	0	0	0	0	0	0	0	0	0	38	0	0	0	0	0	18	0	37	0	0	0	0	0	0	0	0	0	0	0	0	0	0	0	0	0	0	0	0	0	0	0	0	0	0	38	0	43	0	0	0
311	296	35	44	49	281	7	0	37	35	44	49	10	0	62	0	83	110	196	10	266	3	0	37	7	0	37	0	0	38	0	19	0	148	0	35	44	49	0	0	24	0	0	0	0	0	10	0	62	0	83	110	196	10	251	3	0	37	3	0	37	0	0	38	0	6	0	148	0	7	0	37	0	0	0	0	0	0	0	0	0	0	38	0	19	0	148	0	35	44	49	0	0	0	0	0	0	0	0	0	0	24	0	0	0	0	0	10	0	62	0	83	110	196	10	236	3	0	37	3	0	37	0	0	38	0	6	0	148	0	3	0	37	0	0	0	0	0	0	0	0	0	0	38	0	6	0	148	0	7	0	37	0	0	0	0	0	0	0	0	0	0	0	0	0	0	0	0	0	0	38	0	19	0	148	0	35	44	49	0	0	0	0	4	0	0	0	0	0	0	0	0	0	0	0	0	0	24	0	0	0	0	0	10	0	62	0	83	110	196	10
352	335	37	60	70	318	2	0	70	37	60	70	0	0	122	0	85	180	350	0	301	2	0	70	2	0	70	0	0	122	0	4	0	350	0	37	60	70	0	0	0	0	0	0	0	0	0	0	122	0	85	180	350	0	284	2	0	70	2	0	70	0	0	122	0	4	0	350	0	2	0	70	0	0	0	0	0	0	0	0	0	0	122	0	4	0	350	0	37	60	70	0	0	0	0	0	0	0	0	0	0	0	0	0	0	0	0	0	0	122	0	85	180	350	0	267	2	0	70	2	0	70	0	0	122	0	4	0	350	0	2	0	70	0	0	0	0	0	0	0	0	0	0	122	0	4	0	350	0	2	0	70	0	0	0	0	0	0	0	0	0	0	0	0	0	0	0	0	0	0	122	0	4	0	350	0	37	60	70	0	0	0	0	3	0	0	0	0	0	0	0	0	0	0	0	0	0	0	0	0	0	0	0	0	0	122	0	85	180	350	0
290	276	39	40	36	262	14	0	9	38	40	36	13	0	38	0	88	100	144	17	248	9	0	9	13	0	9	3	0	9	0	28	0	36	0	36	40	36	2	0	30	0	4	0	0	0	11	0	38	0	86	100	144	17	234	9	0	9	8	0	9	3	0	9	0	10	0	36	0	11	0	9	2	0	0	0	4	0	0	0	1	0	9	0	26	0	36	0	36	40	36	3	0	0	0	4	0	0	0	2	0	30	0	4	0	0	0	11	0	38	0	86	100	144	17	220	9	0	9	8	0	9	3	0	9	0	10	0	36	0	6	0	9	2	0	0	0	4	0	0	0	1	0	9	0	8	0	36	0	11	0	9	3	0	0	0	4	0	0	0	2	0	0	0	4	0	0	0	1	0	9	0	26	0	36	0	35	40	36	1	0	0	0	5	0	0	0	2	0	0	0	4	0	0	0	0	0	30	0	0	0	0	0	11	0	38	0	85	100	144	17
168	160	14	0	24	152	0	0	20	14	0	24	0	0	9	0	36	0	0	0	144	0	0	20	0	0	20	0	0	9	0	0	0	0	0	14	0	24	0	0	0	0	0	0	0	0	0	0	9	0	36	0	0	0	136	0	0	20	0	0	20	0	0	9	0	0	0	0	0	0	0	20	0	0	0	0	0	0	0	0	0	0	9	0	0	0	0	0	14	0	24	0	0	0	0	0	0	0	0	0	0	0	0	0	0	0	0	0	0	9	0	36	0	0	0	128	0	0	20	0	0	20	0	0	9	0	0	0	0	0	0	0	20	0	0	0	0	0	0	0	0	0	0	9	0	0	0	0	0	0	0	20	0	0	0	0	0	0	0	0	0	0	0	0	0	0	0	0	0	0	9	0	0	0	0	0	14	0	24	0	0	0	0	0	0	0	0	0	0	0	0	0	0	0	0	0	0	0	0	0	0	0	0	0	0	9	0	36	0	0	0
466	442	52	84	161	418	20	44	114	51	84	161	4	0	93	105	112	148	322	155	394	20	44	99	19	44	114	4	0	85	81	37	88	228	116	51	84	161	0	0	0	9	14	0	0	10	4	0	93	105	112	148	322	155	370	20	44	91	19	44	99	4	0	55	81	37	88	198	116	19	44	114	0	0	0	0	12	0	0	0	4	0	85	81	37	88	228	116	51	84	161	6	0	0	14	15	0	0	0	0	0	0	9	14	0	0	10	4	0	93	105	112	148	322	155	346	17	44	91	19	44	91	4	0	35	81	37	88	182	116	19	44	99	0	0	0	0	12	0	0	0	4	0	55	81	37	88	198	116	19	44	114	0	0	0	14	4	0	0	0	0	0	0	0	12	0	0	0	4	0	85	81	37	88	228	116	45	84	161	3	0	0	0	11	66	0	0	6	0	0	14	15	0	0	0	0	0	0	9	2	0	0	10	4	0	93	105	96	148	322	155
299	284	17	14	121	269	2	0	77	17	14	121	0	0	0	101	39	14	121	155	254	2	0	77	2	0	77	0	0	0	101	4	0	77	116	17	14	121	0	0	0	0	0	0	0	0	0	0	0	101	39	14	121	155	239	2	0	77	2	0	77	0	0	0	101	4	0	77	116	2	0	77	0	0	0	0	0	0	0	0	0	0	0	101	4	0	77	116	17	14	121	0	0	0	0	0	0	0	0	0	0	0	0	0	0	0	0	0	0	0	101	39	14	121	155	224	2	0	77	2	0	77	0	0	0	101	4	0	77	116	2	0	77	0	0	0	0	0	0	0	0	0	0	0	101	4	0	77	116	2	0	77	0	0	0	0	0	0	0	0	0	0	0	0	0	0	0	0	0	0	0	101	4	0	77	116	17	14	121	0	0	0	0	3	0	0	0	0	0	0	0	0	0	0	0	0	0	0	0	0	0	0	0	0	0	0	101	39	14	121	155
296	281	33	44	76	266	6	0	39	32	44	76	3	0	57	34	67	110	304	155	251	5	0	33	5	0	39	0	0	51	22	7	0	156	116	32	44	76	0	0	11	0	0	0	0	5	3	0	57	34	67	110	304	155	236	5	0	33	4	0	33	0	0	33	22	5	0	132	116	5	0	39	0	0	11	0	0	0	0	0	0	0	51	22	7	0	156	116	32	44	76	0	0	0	0	12	0	0	0	0	0	11	0	0	0	0	5	3	0	57	34	67	110	304	155	221	5	0	33	4	0	33	0	0	33	22	5	0	132	116	4	0	33	0	0	11	0	0	0	0	0	0	0	33	22	5	0	132	116	5	0	39	0	0	0	0	5	0	0	0	0	0	11	0	0	0	0	0	0	0	51	22	7	0	156	116	32	44	76	4	0	0	0	6	0	0	0	0	0	0	0	12	0	0	0	0	0	11	0	0	0	0	5	3	0	57	34	67	110	304	155
275	261	41	45	64	247	11	0	51	39	45	64	3	0	63	12	73	135	320	70	233	10	0	51	9	0	51	0	0	63	12	8	0	255	70	39	45	64	0	0	11	0	1	0	0	0	3	0	63	12	73	135	320	70	219	10	0	50	8	0	51	0	0	63	12	6	0	255	70	9	0	51	0	0	11	0	0	0	0	0	0	0	63	12	8	0	255	70	39	45	64	0	0	0	14	19	0	0	0	0	0	11	0	1	0	0	0	3	0	63	12	73	135	320	70	205	10	0	50	8	0	50	0	0	61	12	6	0	250	70	8	0	51	0	0	11	0	0	0	0	0	0	0	63	12	6	0	255	70	9	0	51	0	0	0	14	9	0	0	0	0	0	11	0	0	0	0	0	0	0	63	12	8	0	255	70	39	45	64	20	0	0	0	8	0	0	0	0	0	0	14	19	0	0	0	0	0	11	0	1	0	0	0	3	0	63	12	73	135	320	70
237	225	24	27	47	213	3	0	11	23	27	47	0	0	24	17	51	54	141	155	201	3	0	0	2	0	11	0	0	18	0	4	0	33	116	23	27	47	0	0	0	0	0	0	0	7	0	0	24	17	51	54	141	155	189	3	0	0	2	0	0	0	0	0	0	4	0	0	116	2	0	11	0	0	0	0	0	0	0	0	0	0	18	0	4	0	33	116	23	27	47	0	0	0	0	4	0	0	0	0	0	0	0	0	0	0	7	0	0	24	17	51	54	141	155	177	3	0	0	2	0	0	0	0	0	0	4	0	0	116	2	0	0	0	0	0	0	0	0	0	0	0	0	0	0	4	0	0	116	2	0	11	0	0	0	0	0	0	0	0	0	0	0	0	0	0	0	0	0	0	18	0	4	0	33	116	23	27	47	0	0	0	0	4	0	0	0	0	0	0	0	4	0	0	0	0	0	0	0	0	0	0	7	0	0	24	17	51	54	141	155
379	359	40	19	165	339	24	0	92	37	19	165	4	0	13	93	51	19	165	469	319	24	0	90	21	0	92	4	0	11	87	15	0	92	292	37	19	165	0	0	0	12	2	0	0	0	4	0	13	93	51	19	165	469	299	24	0	81	21	0	90	4	0	11	66	15	0	90	260	21	0	92	0	0	0	0	0	0	0	0	4	0	11	87	15	0	92	292	37	19	165	0	0	0	9	23	0	0	5	0	0	0	12	2	0	0	0	4	0	13	93	51	19	165	469	279	23	0	63	21	0	81	4	0	11	57	15	0	81	251	21	0	90	0	0	0	0	0	0	0	0	4	0	11	66	15	0	90	260	21	0	92	0	0	0	0	12	0	0	0	0	0	0	0	0	0	0	0	4	0	11	87	15	0	92	292	37	19	165	21	0	9	24	12	0	0	70	0	0	0	9	23	0	0	5	0	0	0	12	2	0	0	0	4	0	13	93	51	19	165	469
319	301	72	81	89	283	47	33	64	67	81	89	23	0	49	56	88	125	356	140	265	45	33	64	42	33	64	20	0	47	56	33	17	256	90	63	81	89	18	0	25	0	19	0	0	0	19	0	49	56	86	125	356	140	247	38	33	64	40	33	64	20	0	47	56	27	17	256	84	38	33	64	6	0	25	0	7	0	0	0	16	0	47	56	31	17	256	90	63	81	89	12	0	0	0	42	104	0	0	18	0	25	0	19	0	0	0	19	0	49	56	86	125	356	140	229	33	29	37	33	33	64	14	0	47	50	21	17	256	83	36	33	64	4	0	25	0	5	0	0	0	16	0	47	56	25	17	256	84	38	33	64	4	0	0	0	30	68	0	0	6	0	25	0	7	0	0	0	16	0	47	56	31	17	256	90	61	81	89	26	48	31	38	10	29	0	191	11	0	0	0	42	104	0	0	14	0	25	0	11	0	0	0	19	0	49	56	84	125	356	140
206	195	37	24	42	184	18	0	11	34	24	42	2	0	13	22	51	48	126	187	173	18	0	11	15	0	11	2	0	11	22	8	0	33	101	34	24	42	8	0	0	0	6	0	0	0	2	0	13	22	51	48	126	187	162	15	0	11	15	0	11	2	0	11	22	8	0	33	84	15	0	11	0	0	0	0	0	0	0	0	2	0	11	22	8	0	33	101	34	24	42	3	0	0	0	26	24	0	0	8	0	0	0	6	0	0	0	2	0	13	22	51	48	126	187	151	14	0	11	12	0	11	0	0	11	22	4	0	33	83	15	0	11	0	0	0	0	0	0	0	0	2	0	11	22	8	0	33	84	15	0	11	0	0	0	0	18	0	0	0	0	0	0	0	0	0	0	0	2	0	11	22	8	0	33	101	34	24	42	21	0	0	0	6	8	0	0	3	0	0	0	26	24	0	0	8	0	0	0	6	0	0	0	2	0	13	22	51	48	126	187
366	344	93	152	63	323	69	92	48	88	131	63	38	0	0	42	122	176	315	64	302	68	92	43	64	71	48	34	0	0	34	71	20	240	51	81	131	63	25	0	0	30	45	12	0	0	32	0	0	42	117	176	315	64	281	61	92	18	63	71	43	34	0	0	7	71	20	215	51	57	71	48	13	0	0	0	32	0	0	0	28	0	0	34	66	20	240	51	81	131	63	16	0	0	17	59	116	0	15	25	0	0	30	45	12	0	0	32	0	0	42	117	176	315	64	260	58	76	0	56	71	18	28	0	0	0	65	20	90	50	56	71	43	13	0	0	0	32	0	0	0	28	0	0	7	66	20	215	51	57	71	48	12	0	0	0	52	80	0	0	13	0	0	0	32	0	0	0	28	0	0	34	66	20	240	51	70	131	63	14	200	9	0	17	32	0	70	14	0	0	17	59	116	0	15	16	0	0	30	11	12	0	0	32	0	0	42	99	176	315	64
208	196	28	29	60	185	12	11	8	26	18	60	0	0	0	24	45	27	120	348	174	12	11	6	10	0	8	0	0	0	18	8	0	16	215	26	18	60	2	0	0	12	4	0	0	0	0	0	0	24	45	27	120	348	163	11	11	0	10	0	6	0	0	0	0	8	0	12	183	10	0	8	0	0	0	0	0	0	0	0	0	0	0	18	8	0	16	215	26	18	60	0	0	0	0	21	9	0	5	2	0	0	12	4	0	0	0	0	0	0	24	45	27	120	348	152	11	11	0	9	0	0	0	0	0	0	7	0	0	174	10	0	6	0	0	0	0	0	0	0	0	0	0	0	0	8	0	12	183	10	0	8	0	0	0	0	12	0	0	0	0	0	0	0	0	0	0	0	0	0	0	18	8	0	16	215	26	18	60	21	0	0	0	9	0	0	0	0	0	0	0	21	9	0	5	2	0	0	12	4	0	0	0	0	0	0	24	45	27	120	348
283	267	59	41	107	251	39	15	61	55	41	107	21	0	39	64	63	80	214	254	235	35	13	59	35	15	61	11	0	37	58	20	15	122	131	55	41	107	8	26	12	22	10	26	0	0	21	0	39	64	63	80	214	254	219	31	0	59	31	13	59	11	0	37	58	14	13	118	124	35	15	61	0	0	12	22	0	0	0	0	11	0	37	58	20	15	122	131	55	41	107	6	0	24	0	29	0	107	0	8	26	12	22	10	26	0	0	21	0	39	64	63	80	214	254	203	23	0	59	27	0	59	3	0	37	58	8	0	118	93	31	13	59	0	0	12	22	0	0	0	0	11	0	37	58	14	13	118	124	35	15	61	0	0	22	0	29	0	61	0	0	0	12	22	0	0	0	0	11	0	37	58	20	15	122	131	55	41	107	5	0	84	0	5	0	0	0	6	0	24	0	29	0	107	0	8	26	12	22	10	26	0	0	21	0	39	64	63	80	214	254
259	241	75	115	44	223	53	89	11	71	115	44	44	22	12	11	74	103	132	194	205	50	83	11	49	89	11	35	22	11	11	38	47	33	123	65	115	44	17	48	0	0	18	16	0	0	40	22	12	11	70	103	132	194	187	41	64	11	46	83	11	35	16	11	11	36	38	33	118	43	89	11	9	0	0	0	6	0	0	0	31	22	11	11	34	47	33	123	65	115	44	5	24	24	0	43	84	88	0	17	48	0	0	18	16	0	0	40	22	12	11	70	103	132	194	169	33	56	11	37	64	11	25	0	11	11	28	14	33	93	40	83	11	9	0	0	0	6	0	0	0	31	16	11	11	32	38	33	118	43	89	11	1	0	22	0	43	84	22	0	9	0	0	0	6	0	0	0	31	22	11	11	34	47	33	123	63	115	44	5	0	84	0	6	14	44	0	4	24	24	0	43	84	88	0	13	48	0	0	10	16	0	0	40	22	12	11	68	103	132	194
185	173	45	30	60	162	29	21	0	41	19	60	13	0	0	0	44	37	60	419	151	27	21	0	25	10	0	6	0	0	0	11	10	0	223	37	19	60	12	0	0	0	12	9	0	0	9	0	0	0	42	37	60	419	140	20	21	0	23	10	0	6	0	0	0	10	10	0	214	21	10	0	0	0	0	0	0	0	0	0	2	0	0	0	9	10	0	223	37	19	60	4	0	0	0	21	40	0	0	12	0	0	0	12	9	0	0	9	0	0	0	42	37	60	419	129	14	20	0	16	10	0	0	0	0	0	4	10	0	174	19	10	0	0	0	0	0	0	0	0	0	2	0	0	0	8	10	0	214	21	10	0	0	0	0	0	21	40	0	0	0	0	0	0	0	0	0	0	2	0	0	0	9	10	0	223	36	19	60	4	10	48	0	4	10	0	0	3	0	0	0	21	40	0	0	8	0	0	0	8	9	0	0	9	0	0	0	41	37	60	419
175	162	50	57	24	150	32	39	0	47	45	24	15	0	0	0	47	51	72	152	138	29	39	0	29	27	0	6	0	0	0	14	9	0	112	41	45	24	12	0	0	0	11	12	0	0	11	0	0	0	43	51	72	152	126	20	39	0	26	27	0	6	0	0	0	12	9	0	107	23	27	0	0	0	0	0	0	0	0	0	2	0	0	0	10	9	0	112	41	45	24	4	0	0	0	21	54	0	0	12	0	0	0	11	12	0	0	11	0	0	0	43	51	72	152	114	14	36	0	17	27	0	0	0	0	0	4	9	0	82	20	27	0	0	0	0	0	0	0	0	0	2	0	0	0	8	9	0	107	23	27	0	0	0	0	0	21	54	0	0	0	0	0	0	0	0	0	0	2	0	0	0	10	9	0	112	40	45	24	2	27	48	0	4	9	0	0	3	0	0	0	21	54	0	0	8	0	0	0	7	12	0	0	11	0	0	0	42	51	72	152
174	164	44	29	12	154	26	5	0	41	29	12	7	20	0	0	40	45	48	63	144	24	0	0	23	5	0	2	0	0	0	10	0	0	48	41	29	12	8	0	0	0	7	10	12	0	7	20	0	0	40	45	48	63	134	21	0	0	21	0	0	2	0	0	0	8	0	0	43	23	5	0	0	0	0	0	0	0	0	0	2	0	0	0	10	0	0	48	41	29	12	3	0	0	0	23	0	0	0	8	0	0	0	7	10	12	0	7	20	0	0	40	45	48	63	124	17	0	0	18	0	0	0	0	0	0	4	0	0	18	21	0	0	0	0	0	0	0	0	0	0	2	0	0	0	8	0	0	43	23	5	0	0	0	0	0	23	0	0	0	0	0	0	0	0	0	0	0	2	0	0	0	10	0	0	48	41	29	12	5	0	36	0	4	0	0	0	3	0	0	0	23	0	0	0	8	0	0	0	7	10	12	0	7	20	0	0	40	45	48	63
277	259	49	83	108	241	33	44	63	47	83	108	19	36	72	51	38	63	324	247	223	24	32	61	31	44	63	14	0	66	48	18	12	189	72	46	83	108	1	0	99	25	0	0	108	0	19	36	72	51	37	63	324	247	205	18	32	61	22	32	61	3	0	66	48	7	0	183	70	30	44	63	0	0	66	25	0	0	63	0	14	0	66	48	17	12	189	72	46	83	108	0	0	64	0	20	16	0	0	1	0	99	25	0	0	108	0	19	36	72	51	37	63	324	247	187	18	32	61	16	32	61	3	0	66	48	6	0	183	70	21	32	61	0	0	64	25	0	0	61	0	3	0	66	48	6	0	183	70	30	44	63	0	0	50	0	20	16	0	0	0	0	66	25	0	0	63	0	14	0	66	48	17	12	189	72	46	83	108	4	0	0	0	3	0	0	0	0	0	64	0	20	16	0	0	1	0	99	25	0	0	108	0	19	36	72	51	37	63	324	247
181	168	35	53	32	155	22	37	0	34	53	32	8	14	5	0	17	37	64	187	142	18	30	0	21	37	0	5	0	0	0	12	7	0	72	32	53	32	0	0	29	0	0	0	32	0	8	14	5	0	15	37	64	187	129	15	30	0	17	30	0	3	0	0	0	7	0	0	70	19	37	0	0	0	0	0	0	0	0	0	5	0	0	0	10	7	0	72	32	53	32	0	0	8	0	15	20	0	0	0	0	29	0	0	0	32	0	8	14	5	0	15	37	64	187	116	15	30	0	14	30	0	3	0	0	0	5	0	0	70	15	30	0	0	0	0	0	0	0	0	0	3	0	0	0	5	0	0	70	19	37	0	0	0	0	0	15	20	0	0	0	0	0	0	0	0	0	0	5	0	0	0	10	7	0	72	32	53	32	3	0	0	0	2	0	0	0	0	0	8	0	15	20	0	0	0	0	29	0	0	0	32	0	8	14	5	0	15	37	64	187
151	142	29	14	19	133	18	0	0	28	14	19	7	0	5	0	19	0	38	80	124	14	0	0	17	0	0	2	0	0	0	7	0	0	11	28	14	19	0	0	16	0	0	0	0	0	7	0	5	0	19	0	38	80	115	13	0	0	13	0	0	0	0	0	0	2	0	0	11	17	0	0	0	0	0	0	0	0	0	0	2	0	0	0	7	0	0	11	28	14	19	0	0	8	0	15	0	0	0	0	0	16	0	0	0	0	0	7	0	5	0	19	0	38	80	106	13	0	0	12	0	0	0	0	0	0	2	0	0	11	13	0	0	0	0	0	0	0	0	0	0	0	0	0	0	2	0	0	11	17	0	0	0	0	0	0	15	0	0	0	0	0	0	0	0	0	0	0	2	0	0	0	7	0	0	11	28	14	19	3	0	0	0	2	0	0	0	0	0	8	0	15	0	0	0	0	0	16	0	0	0	0	0	7	0	5	0	19	0	38	80
100	94	12	8	5	88	4	0	0	12	8	5	2	0	5	0	9	0	10	12	82	3	0	0	4	0	0	0	0	0	0	1	0	0	0	12	8	5	0	0	0	0	0	0	0	0	2	0	5	0	9	0	10	12	76	3	0	0	3	0	0	0	0	0	0	0	0	0	0	4	0	0	0	0	0	0	0	0	0	0	0	0	0	0	1	0	0	0	12	8	5	0	0	0	0	2	0	0	0	0	0	0	0	0	0	0	0	2	0	5	0	9	0	10	12	70	3	0	0	3	0	0	0	0	0	0	0	0	0	0	3	0	0	0	0	0	0	0	0	0	0	0	0	0	0	0	0	0	0	4	0	0	0	0	0	0	2	0	0	0	0	0	0	0	0	0	0	0	0	0	0	0	1	0	0	0	12	8	5	0	0	0	0	0	0	0	0	0	0	0	0	2	0	0	0	0	0	0	0	0	0	0	0	2	0	5	0	9	0	10	12
82	77	9	6	0	72	1	0	0	9	6	0	0	0	0	0	1	8	0	0	67	1	0	0	1	0	0	0	0	0	0	0	0	0	0	9	6	0	0	0	0	0	0	0	0	0	0	0	0	0	1	8	0	0	62	1	0	0	1	0	0	0	0	0	0	0	0	0	0	1	0	0	0	0	0	0	0	0	0	0	0	0	0	0	0	0	0	0	9	6	0	0	0	0	0	0	0	0	0	0	0	0	0	0	0	0	0	0	0	0	0	1	8	0	0	57	1	0	0	1	0	0	0	0	0	0	0	0	0	0	1	0	0	0	0	0	0	0	0	0	0	0	0	0	0	0	0	0	0	1	0	0	0	0	0	0	0	0	0	0	0	0	0	0	0	0	0	0	0	0	0	0	0	0	0	0	9	6	0	0	0	0	0	0	0	0	0	0	0	0	0	0	0	0	0	0	0	0	0	0	0	0	0	0	0	0	0	1	8	0	0
289	270	44	74	108	251	23	18	84	44	74	108	17	0	174	37	28	14	432	140	232	22	18	83	23	18	84	14	0	152	36	19	0	336	63	44	74	108	1	0	15	12	1	0	0	0	17	0	174	37	28	14	432	140	213	22	18	83	22	18	83	14	0	152	36	19	0	332	61	23	18	84	1	0	14	12	1	0	0	0	14	0	152	36	19	0	336	63	44	74	108	0	0	0	0	6	0	0	0	1	0	15	12	1	0	0	0	17	0	174	37	28	14	432	140	194	22	18	83	22	18	83	14	0	152	36	19	0	332	61	22	18	83	1	0	14	12	1	0	0	0	14	0	152	36	19	0	332	61	23	18	84	0	0	0	0	6	0	0	0	1	0	14	12	1	0	0	0	14	0	152	36	19	0	336	63	44	74	108	0	0	0	0	0	0	0	0	0	0	0	0	6	0	0	0	1	0	15	12	1	0	0	0	17	0	174	37	28	14	432	140
160	150	11	0	59	140	3	0	33	11	0	59	0	0	12	10	2	0	0	132	130	3	0	33	3	0	33	0	0	0	10	0	0	0	63	11	0	59	0	0	0	0	0	0	0	0	0	0	12	10	2	0	0	132	120	3	0	33	3	0	33	0	0	0	10	0	0	0	61	3	0	33	0	0	0	0	0	0	0	0	0	0	0	10	0	0	0	63	11	0	59	0	0	0	0	1	0	0	0	0	0	0	0	0	0	0	0	0	0	12	10	2	0	0	132	110	3	0	33	3	0	33	0	0	0	10	0	0	0	61	3	0	33	0	0	0	0	0	0	0	0	0	0	0	10	0	0	0	61	3	0	33	0	0	0	0	1	0	0	0	0	0	0	0	0	0	0	0	0	0	0	10	0	0	0	63	11	0	59	0	0	0	0	0	0	0	0	0	0	0	0	1	0	0	0	0	0	0	0	0	0	0	0	0	0	12	10	2	0	0	132
221	207	31	33	81	193	12	0	80	31	33	81	8	0	118	10	10	0	243	0	179	12	0	80	12	0	80	8	0	118	10	8	0	240	0	31	33	81	0	0	0	0	0	0	0	0	8	0	118	10	10	0	243	0	165	12	0	80	12	0	80	8	0	118	10	8	0	240	0	12	0	80	0	0	0	0	0	0	0	0	8	0	118	10	8	0	240	0	31	33	81	0	0	0	0	1	0	0	0	0	0	0	0	0	0	0	0	8	0	118	10	10	0	243	0	151	12	0	80	12	0	80	8	0	118	10	8	0	240	0	12	0	80	0	0	0	0	0	0	0	0	8	0	118	10	8	0	240	0	12	0	80	0	0	0	0	1	0	0	0	0	0	0	0	0	0	0	0	8	0	118	10	8	0	240	0	31	33	81	0	0	0	0	0	0	0	0	0	0	0	0	1	0	0	0	0	0	0	0	0	0	0	0	8	0	118	10	10	0	243	0
144	135	12	0	52	126	6	0	15	12	0	52	0	0	19	30	3	0	0	164	117	6	0	10	6	0	15	0	0	0	10	0	0	0	63	12	0	52	0	0	0	0	0	0	0	12	0	0	19	30	3	0	0	164	108	6	0	10	6	0	10	0	0	0	10	0	0	0	61	6	0	15	0	0	0	0	0	0	0	0	0	0	0	10	0	0	0	63	12	0	52	0	0	0	0	3	0	0	0	0	0	0	0	0	0	0	12	0	0	19	30	3	0	0	164	99	6	0	10	6	0	10	0	0	0	10	0	0	0	61	6	0	10	0	0	0	0	0	0	0	0	0	0	0	10	0	0	0	61	6	0	15	0	0	0	0	3	0	0	0	0	0	0	0	0	0	0	0	0	0	0	10	0	0	0	63	12	0	52	0	0	0	0	0	0	0	0	0	0	0	0	3	0	0	0	0	0	0	0	0	0	0	12	0	0	19	30	3	0	0	164
126	118	25	12	32	110	7	0	32	25	12	32	2	0	88	0	4	0	64	0	102	7	0	32	7	0	32	2	0	88	0	2	0	64	0	25	12	32	0	0	0	0	0	0	0	0	2	0	88	0	4	0	64	0	94	7	0	32	7	0	32	2	0	88	0	2	0	64	0	7	0	32	0	0	0	0	0	0	0	0	2	0	88	0	2	0	64	0	25	12	32	0	0	0	0	0	0	0	0	0	0	0	0	0	0	0	0	2	0	88	0	4	0	64	0	86	7	0	32	7	0	32	2	0	88	0	2	0	64	0	7	0	32	0	0	0	0	0	0	0	0	2	0	88	0	2	0	64	0	7	0	32	0	0	0	0	0	0	0	0	0	0	0	0	0	0	0	0	2	0	88	0	2	0	64	0	25	12	32	0	0	0	0	0	0	0	0	0	0	0	0	0	0	0	0	0	0	0	0	0	0	0	0	2	0	88	0	4	0	64	0
191	177	19	25	101	163	18	24	58	19	25	101	14	12	0	114	21	0	0	221	149	18	24	58	18	24	58	14	12	0	114	21	0	0	196	19	25	101	1	0	0	0	1	0	0	0	14	12	0	114	21	0	0	221	135	18	24	58	18	24	58	14	12	0	114	21	0	0	195	18	24	58	1	0	0	0	1	0	0	0	14	12	0	114	21	0	0	196	19	25	101	0	0	0	0	3	0	0	0	1	0	0	0	1	0	0	0	14	12	0	114	21	0	0	221	121	18	24	58	18	24	58	14	12	0	114	21	0	0	195	18	24	58	1	0	0	0	1	0	0	0	14	12	0	114	21	0	0	195	18	24	58	0	0	0	0	3	0	0	0	1	0	0	0	1	0	0	0	14	12	0	114	21	0	0	196	19	25	101	0	0	0	0	0	0	0	0	0	0	0	0	3	0	0	0	1	0	0	0	1	0	0	0	14	12	0	114	21	0	0	221
208	191	39	66	99	174	27	60	65	39	66	99	28	72	34	95	39	72	0	189	157	27	60	64	27	60	65	28	72	33	94	37	72	0	164	38	66	99	6	0	0	14	3	0	0	0	28	72	34	95	38	72	0	189	140	26	60	64	27	60	64	28	72	32	94	37	72	0	163	26	60	65	6	0	0	14	3	0	0	0	28	72	33	94	36	72	0	164	38	66	99	0	0	0	0	19	15	0	0	6	0	0	14	3	0	0	0	28	72	34	95	38	72	0	189	123	26	60	64	26	60	64	28	72	32	94	36	72	0	163	26	60	64	6	0	0	14	3	0	0	0	28	72	32	94	36	72	0	163	26	60	65	0	0	0	0	12	12	0	0	6	0	0	14	3	0	0	0	28	72	33	94	36	72	0	164	38	66	99	0	0	0	0	1	0	0	0	0	0	0	0	19	15	0	0	6	0	0	14	3	0	0	0	28	72	34	95	38	72	0	189
141	131	11	9	72	121	11	9	32	11	9	72	8	0	0	73	8	0	0	221	111	11	9	32	11	9	32	8	0	0	73	8	0	0	196	11	9	72	0	0	0	0	0	0	0	0	8	0	0	73	8	0	0	221	101	11	9	32	11	9	32	8	0	0	73	8	0	0	195	11	9	32	0	0	0	0	0	0	0	0	8	0	0	73	8	0	0	196	11	9	72	0	0	0	0	1	0	0	0	0	0	0	0	0	0	0	0	8	0	0	73	8	0	0	221	91	11	9	32	11	9	32	8	0	0	73	8	0	0	195	11	9	32	0	0	0	0	0	0	0	0	8	0	0	73	8	0	0	195	11	9	32	0	0	0	0	1	0	0	0	0	0	0	0	0	0	0	0	8	0	0	73	8	0	0	196	11	9	72	0	0	0	0	0	0	0	0	0	0	0	0	1	0	0	0	0	0	0	0	0	0	0	0	8	0	0	73	8	0	0	221
230	212	53	72	128	194	41	56	104	53	72	128	34	42	90	103	48	42	128	108	176	41	56	78	41	56	104	34	42	89	52	48	42	104	84	51	72	128	10	0	0	78	8	0	0	140	34	42	90	103	46	42	128	108	158	39	56	55	41	56	78	34	42	82	52	48	42	78	83	39	56	104	10	0	0	26	8	0	0	63	34	42	89	52	46	42	104	84	51	72	128	1	0	0	24	32	30	0	151	10	0	0	78	8	0	0	140	34	42	90	103	46	42	128	108	140	39	56	54	39	56	55	34	42	68	52	46	42	55	83	39	56	78	10	0	0	25	8	0	0	61	34	42	82	52	46	42	78	83	39	56	104	1	0	0	22	30	28	0	72	10	0	0	26	8	0	0	63	34	42	89	52	46	42	104	84	50	72	128	0	0	0	11	3	0	0	0	1	0	0	24	32	30	0	151	10	0	0	78	4	0	0	140	34	42	90	103	45	42	128	108
198	179	71	129	75	160	46	95	73	70	129	75	34	195	138	26	73	148	150	0	141	45	90	68	45	95	73	30	180	137	25	62	133	146	0	59	129	75	21	50	0	52	24	10	0	0	30	195	138	26	68	148	150	0	122	35	90	58	44	90	68	30	180	130	25	60	130	136	0	34	95	73	9	50	0	26	14	10	0	0	26	180	137	25	57	133	146	0	59	129	75	8	0	0	24	39	140	0	44	21	50	0	52	24	10	0	0	30	195	138	26	68	148	150	0	103	34	90	54	34	90	58	26	180	116	25	55	130	116	0	33	90	68	9	50	0	25	14	10	0	0	26	180	130	25	55	130	136	0	34	95	73	7	0	0	22	32	110	0	11	9	50	0	26	14	10	0	0	26	180	137	25	57	133	146	0	53	129	75	9	0	0	38	4	14	0	0	7	0	0	24	39	140	0	44	9	50	0	52	4	10	0	0	30	195	138	26	60	148	150	0
199	181	62	81	136	163	54	77	104	60	81	136	51	52	0	139	73	104	0	203	145	49	73	103	52	77	104	43	52	0	136	64	100	0	177	44	81	136	24	48	0	15	27	80	0	0	47	52	0	139	66	104	0	203	127	39	72	98	47	73	103	43	48	0	125	61	97	0	146	36	77	104	12	48	0	14	17	64	0	0	39	52	0	136	57	100	0	177	43	81	136	10	12	0	52	48	130	0	0	24	48	0	15	27	80	0	0	43	52	0	139	64	104	0	203	110	38	72	79	37	72	98	39	48	0	105	56	96	0	113	35	73	103	12	48	0	14	17	64	0	0	39	48	0	125	55	97	0	146	36	77	104	9	12	0	26	48	130	0	0	12	48	0	14	17	64	0	0	39	52	0	136	57	100	0	177	35	64	136	10	0	0	132	6	13	0	44	9	12	0	52	48	130	0	0	9	48	0	15	3	12	0	0	43	52	0	139	51	87	0	203
187	169	73	104	84	151	52	96	70	71	104	84	52	99	0	69	106	229	0	75	133	45	92	70	50	96	70	40	98	0	69	66	212	0	73	53	104	84	25	46	0	0	39	108	0	0	48	99	0	69	100	229	0	75	115	36	87	69	43	92	70	40	92	0	67	63	205	0	68	32	96	70	13	43	0	0	25	89	0	0	36	98	0	69	60	212	0	73	50	104	84	8	57	0	14	46	117	0	0	25	46	0	0	39	108	0	0	40	99	0	69	95	229	0	75	99	34	82	62	34	87	69	36	86	0	63	59	199	0	58	31	92	70	13	40	0	0	25	88	0	0	36	92	0	67	58	205	0	68	32	96	70	5	52	0	12	41	117	0	0	13	43	0	0	25	89	0	0	36	98	0	69	60	212	0	73	39	72	84	13	52	0	84	8	13	0	0	7	57	0	14	46	117	0	0	9	46	0	0	7	12	0	0	40	99	0	69	76	181	0	75
183	165	67	92	79	147	53	83	76	63	92	79	37	99	0	42	90	134	0	0	130	45	80	76	50	83	76	23	99	0	42	74	116	0	0	44	75	79	22	42	0	0	48	112	0	0	31	99	0	42	83	117	0	0	113	36	77	75	42	80	76	23	99	0	40	73	113	0	0	31	66	76	10	33	0	0	36	88	0	0	17	99	0	42	67	99	0	0	38	75	79	16	33	0	14	41	99	0	0	22	42	0	0	48	112	0	0	17	99	0	42	75	117	0	0	99	32	77	68	33	77	75	19	99	0	36	69	110	0	0	31	66	76	10	33	0	0	36	88	0	0	17	99	0	40	67	99	0	0	31	66	76	9	33	0	12	31	99	0	0	10	33	0	0	36	88	0	0	17	99	0	42	67	99	0	0	22	33	79	10	0	0	84	12	11	0	0	14	33	0	14	41	99	0	0	8	0	0	0	4	0	0	0	17	99	0	42	44	33	0	0
188	171	75	96	69	154	54	74	68	75	96	69	47	50	0	12	138	232	138	0	137	45	74	68	54	74	68	32	50	0	12	94	203	136	0	61	96	69	22	0	0	0	50	121	0	0	47	50	0	12	135	232	138	0	120	36	72	68	45	74	68	29	50	0	12	91	203	136	0	40	74	68	9	0	0	0	37	104	0	0	32	50	0	12	91	203	136	0	54	96	69	16	18	0	0	23	97	0	0	22	0	0	0	50	121	0	0	33	50	0	12	126	232	138	0	106	30	60	68	36	72	68	20	48	0	12	80	195	136	0	39	74	68	8	0	0	0	37	104	0	0	29	50	0	12	89	203	136	0	39	74	68	8	0	0	0	18	52	0	0	9	0	0	0	37	104	0	0	32	50	0	12	90	203	136	0	34	54	69	10	30	0	0	6	36	69	0	16	18	0	0	23	97	0	0	10	0	0	0	8	9	0	0	30	50	0	12	77	148	138	0
114	103	60	44	29	92	42	36	29	60	44	29	45	0	0	0	114	112	58	0	81	37	36	29	42	36	29	34	0	0	0	87	104	58	0	55	44	29	9	0	0	0	39	36	0	0	45	0	0	0	113	112	58	0	70	32	32	29	37	36	29	31	0	0	0	85	104	58	0	37	36	29	4	0	0	0	34	32	0	0	34	0	0	0	86	104	58	0	42	44	29	9	16	0	0	18	20	0	0	9	0	0	0	39	36	0	0	35	0	0	0	103	112	58	0	62	27	24	29	32	32	29	22	0	0	0	75	96	58	0	36	36	29	3	0	0	0	34	32	0	0	31	0	0	0	84	104	58	0	34	36	29	3	0	0	0	13	0	0	0	4	0	0	0	34	32	0	0	34	0	0	0	85	104	58	0	24	20	29	3	0	0	0	5	16	58	0	9	16	0	0	18	20	0	0	6	0	0	0	5	4	0	0	26	0	0	0	53	32	58	0
142	130	52	49	18	118	29	27	18	52	49	18	34	18	0	0	109	107	72	0	106	25	19	18	29	27	18	24	18	0	0	61	63	72	0	52	49	18	8	40	0	0	16	20	0	0	34	18	0	0	109	107	72	0	94	20	5	18	25	19	18	24	10	0	0	59	43	72	0	29	27	18	0	0	0	0	6	0	0	0	24	18	0	0	61	63	72	0	49	49	18	14	20	0	0	0	0	36	0	8	40	0	0	16	20	0	0	34	18	0	0	107	107	72	0	82	10	0	18	20	5	18	9	0	0	0	49	10	72	0	25	19	18	0	0	0	0	6	0	0	0	24	10	0	0	59	43	72	0	26	27	18	0	0	0	0	0	0	36	0	0	0	0	0	6	0	0	0	24	18	0	0	59	63	72	0	44	49	18	0	0	28	0	0	0	18	0	14	20	0	0	0	0	36	0	8	40	0	0	10	20	0	0	29	18	0	0	90	107	72	0
108	99	32	23	8	90	14	8	8	32	23	8	21	0	0	0	57	46	40	0	81	10	8	8	14	8	8	11	0	0	0	22	16	40	0	32	23	8	14	0	0	0	8	12	0	0	21	0	0	0	57	46	40	0	72	5	3	8	10	8	8	11	0	0	0	20	16	40	0	14	8	8	0	0	0	0	0	0	0	0	11	0	0	0	22	16	40	0	32	23	8	10	15	0	0	0	0	0	0	14	0	0	0	8	12	0	0	21	0	0	0	57	46	40	0	63	0	0	8	5	3	8	0	0	0	0	10	6	40	0	10	8	8	0	0	0	0	0	0	0	0	11	0	0	0	20	16	40	0	14	8	8	0	0	0	0	0	0	0	0	0	0	0	0	0	0	0	0	11	0	0	0	22	16	40	0	32	23	8	0	0	8	0	0	0	8	0	10	15	0	0	0	0	0	0	14	0	0	0	8	12	0	0	21	0	0	0	57	46	40	0
141	128	71	59	23	115	47	47	10	71	59	23	41	42	0	0	156	143	23	98	102	42	45	10	47	47	10	32	42	0	0	102	115	10	97	68	59	23	19	12	0	0	32	36	0	0	41	42	0	0	156	143	23	98	89	31	30	10	42	45	10	29	36	0	0	99	110	10	97	44	47	10	2	0	0	0	20	24	0	0	32	42	0	0	102	115	10	97	61	59	23	11	18	17	0	4	0	46	0	19	12	0	0	32	36	0	0	37	42	0	0	150	143	23	98	77	23	12	10	31	30	10	14	0	0	0	76	72	10	97	41	45	10	1	0	0	0	20	24	0	0	29	36	0	0	99	110	10	97	39	47	10	0	0	0	0	4	0	20	0	2	0	0	0	20	24	0	0	32	42	0	0	99	115	10	97	47	47	23	7	0	29	0	0	0	69	0	11	18	17	0	4	0	46	0	18	12	0	0	12	12	0	0	30	42	0	0	105	119	23	98
122	110	62	56	13	98	42	45	0	62	56	13	40	37	0	0	126	127	13	98	86	38	37	0	42	45	0	32	27	0	0	94	109	0	97	60	56	13	8	17	0	0	26	28	13	0	40	37	0	0	126	127	13	98	74	30	24	0	38	37	0	32	12	0	0	93	95	0	97	40	45	0	0	4	0	0	20	20	0	0	32	27	0	0	94	109	0	97	46	56	13	9	4	17	0	4	0	39	0	8	17	0	0	26	28	13	0	36	37	0	0	117	127	13	98	64	23	20	0	30	24	0	16	0	0	0	75	74	0	97	38	37	0	0	0	0	0	20	20	0	0	32	12	0	0	93	95	0	97	33	45	0	0	0	0	0	4	0	0	0	0	4	0	0	20	20	0	0	32	27	0	0	91	109	0	97	31	36	13	2	0	9	0	0	0	13	0	9	4	17	0	4	0	39	0	8	17	0	0	6	8	13	0	23	37	0	0	66	57	13	98
133	121	59	53	0	109	32	36	0	59	53	0	32	54	0	0	123	104	0	0	97	27	30	0	32	36	0	21	54	0	0	69	66	0	0	59	53	0	14	24	0	0	21	16	0	0	32	54	0	0	123	104	0	0	85	20	12	0	27	30	0	18	36	0	0	65	56	0	0	32	36	0	1	0	0	0	8	0	0	0	21	54	0	0	69	66	0	0	54	53	0	13	24	0	0	0	0	0	0	14	24	0	0	21	16	0	0	32	54	0	0	120	104	0	0	73	14	0	0	20	12	0	7	0	0	0	50	24	0	0	27	30	0	0	0	0	0	8	0	0	0	18	36	0	0	65	56	0	0	27	36	0	0	0	0	0	0	0	0	0	1	0	0	0	8	0	0	0	21	54	0	0	66	66	0	0	45	53	0	1	0	0	0	0	0	0	0	13	24	0	0	0	0	0	0	14	24	0	0	13	16	0	0	25	54	0	0	86	104	0	0
150	137	42	40	22	124	28	18	0	42	40	22	31	36	4	0	80	47	44	62	111	16	0	0	28	18	0	22	0	0	0	60	9	0	36	42	40	22	1	0	46	0	4	0	44	0	31	36	4	0	80	47	44	62	98	7	0	0	16	0	0	2	0	0	0	39	0	0	36	28	18	0	0	0	0	0	4	0	0	0	22	0	0	0	60	9	0	36	40	40	22	0	0	42	0	0	0	0	0	1	0	46	0	4	0	44	0	31	36	4	0	79	47	44	62	85	7	0	0	7	0	0	2	0	0	0	20	0	0	36	16	0	0	0	0	0	0	4	0	0	0	2	0	0	0	39	0	0	36	26	18	0	0	0	0	0	0	0	0	0	0	0	0	0	4	0	0	0	22	0	0	0	59	9	0	36	35	40	22	0	0	0	0	0	0	0	0	0	0	42	0	0	0	0	0	1	0	46	0	0	0	44	0	29	36	4	0	60	47	44	62
137	125	29	41	12	113	16	14	0	29	41	12	17	42	0	0	49	45	36	26	101	9	0	0	16	14	0	13	0	0	0	32	7	0	26	29	41	12	0	0	22	0	0	0	24	0	17	42	0	0	49	45	36	26	89	4	0	0	9	0	0	2	0	0	0	21	0	0	26	16	14	0	0	0	0	0	0	0	0	0	13	0	0	0	32	7	0	26	27	41	12	0	0	20	0	0	0	0	0	0	0	22	0	0	0	24	0	17	42	0	0	48	45	36	26	77	4	0	0	4	0	0	2	0	0	0	11	0	0	26	9	0	0	0	0	0	0	0	0	0	0	2	0	0	0	21	0	0	26	14	14	0	0	0	0	0	0	0	0	0	0	0	0	0	0	0	0	0	13	0	0	0	31	7	0	26	25	41	12	0	0	0	0	0	0	0	0	0	0	20	0	0	0	0	0	0	0	22	0	0	0	24	0	15	42	0	0	38	45	36	26
83	76	19	6	8	69	8	0	0	19	6	8	12	0	0	0	29	12	8	26	62	2	0	0	8	0	0	2	0	0	0	11	0	0	26	19	6	8	0	0	10	0	0	0	0	0	12	0	0	0	29	12	8	26	55	0	0	0	2	0	0	0	0	0	0	4	0	0	26	8	0	0	0	0	0	0	0	0	0	0	2	0	0	0	11	0	0	26	19	6	8	0	0	8	0	0	0	0	0	0	0	10	0	0	0	0	0	12	0	0	0	29	12	8	26	48	0	0	0	0	0	0	0	0	0	0	0	0	0	26	2	0	0	0	0	0	0	0	0	0	0	0	0	0	0	4	0	0	26	8	0	0	0	0	0	0	0	0	0	0	0	0	0	0	0	0	0	0	2	0	0	0	11	0	0	26	19	6	8	0	0	0	0	0	0	0	0	0	0	8	0	0	0	0	0	0	0	10	0	0	0	0	0	12	0	0	0	29	12	8	26
94	86	20	12	8	78	8	0	0	20	12	8	12	0	0	0	28	24	16	26	70	2	0	0	8	0	0	2	0	0	0	11	0	0	26	20	12	8	0	0	10	0	0	0	0	0	12	0	0	0	28	24	16	26	62	0	0	0	2	0	0	0	0	0	0	4	0	0	26	8	0	0	0	0	0	0	0	0	0	0	2	0	0	0	11	0	0	26	20	12	8	0	0	8	0	0	0	0	0	0	0	10	0	0	0	0	0	12	0	0	0	28	24	16	26	54	0	0	0	0	0	0	0	0	0	0	0	0	0	26	2	0	0	0	0	0	0	0	0	0	0	0	0	0	0	4	0	0	26	8	0	0	0	0	0	0	0	0	0	0	0	0	0	0	0	0	0	0	2	0	0	0	11	0	0	26	20	12	8	0	0	0	0	0	0	0	0	0	0	8	0	0	0	0	0	0	0	10	0	0	0	0	0	12	0	0	0	28	24	16	26
82	75	17	10	3	68	5	0	0	17	10	3	10	0	0	0	21	20	6	8	61	1	0	0	5	0	0	0	0	0	0	4	0	0	8	17	10	3	0	0	0	0	0	0	0	0	10	0	0	0	21	20	6	8	54	0	0	0	1	0	0	0	0	0	0	2	0	0	8	5	0	0	0	0	0	0	0	0	0	0	0	0	0	0	4	0	0	8	17	10	3	0	0	3	0	0	0	0	0	0	0	0	0	0	0	0	0	10	0	0	0	21	20	6	8	47	0	0	0	0	0	0	0	0	0	0	0	0	0	8	1	0	0	0	0	0	0	0	0	0	0	0	0	0	0	2	0	0	8	5	0	0	0	0	0	0	0	0	0	0	0	0	0	0	0	0	0	0	0	0	0	0	4	0	0	8	17	10	3	0	0	0	0	0	0	0	0	0	0	3	0	0	0	0	0	0	0	0	0	0	0	0	0	10	0	0	0	21	20	6	8
119	108	21	18	38	97	7	0	4	21	18	38	5	0	47	4	29	9	76	53	86	6	0	0	7	0	4	2	0	12	0	19	0	8	0	21	18	38	0	0	5	0	2	0	0	13	5	0	47	4	29	9	76	53	75	6	0	0	6	0	0	2	0	0	0	18	0	0	0	7	0	4	0	0	4	0	2	0	0	0	2	0	12	0	19	0	8	0	19	18	38	0	0	0	0	0	0	0	0	0	0	5	0	2	0	0	13	5	0	47	4	28	9	76	53	64	6	0	0	6	0	0	2	0	0	0	18	0	0	0	6	0	0	0	0	0	0	2	0	0	0	2	0	0	0	18	0	0	0	5	0	4	0	0	0	0	0	0	0	0	0	0	4	0	2	0	0	0	2	0	12	0	18	0	8	0	15	18	38	0	0	0	0	0	0	0	0	0	0	0	0	0	0	0	0	0	0	5	0	0	0	0	13	3	0	47	4	11	9	76	53
97	88	15	14	27	79	4	0	0	15	14	27	2	0	32	0	16	7	54	45	70	4	0	0	4	0	0	2	0	0	0	11	0	0	0	15	14	27	0	0	0	0	0	0	0	0	2	0	32	0	16	7	54	45	61	4	0	0	4	0	0	2	0	0	0	11	0	0	0	4	0	0	0	0	0	0	0	0	0	0	2	0	0	0	11	0	0	0	13	14	27	0	0	0	0	0	0	0	0	0	0	0	0	0	0	0	0	2	0	32	0	15	7	54	45	52	4	0	0	4	0	0	2	0	0	0	11	0	0	0	4	0	0	0	0	0	0	0	0	0	0	2	0	0	0	11	0	0	0	2	0	0	0	0	0	0	0	0	0	0	0	0	0	0	0	0	0	0	2	0	0	0	10	0	0	0	11	14	27	0	0	0	0	0	0	0	0	0	0	0	0	0	0	0	0	0	0	0	0	0	0	0	0	0	0	32	0	5	7	54	45
65	59	15	5	7	53	2	0	0	15	5	7	0	0	14	0	10	0	7	12	47	2	0	0	2	0	0	0	0	0	0	5	0	0	0	15	5	7	0	0	0	0	0	0	0	0	0	0	14	0	10	0	7	12	41	2	0	0	2	0	0	0	0	0	0	5	0	0	0	2	0	0	0	0	0	0	0	0	0	0	0	0	0	0	5	0	0	0	14	5	7	0	0	0	0	0	0	0	0	0	0	0	0	0	0	0	0	0	0	14	0	10	0	7	12	35	2	0	0	2	0	0	0	0	0	0	5	0	0	0	2	0	0	0	0	0	0	0	0	0	0	0	0	0	0	5	0	0	0	1	0	0	0	0	0	0	0	0	0	0	0	0	0	0	0	0	0	0	0	0	0	0	5	0	0	0	13	5	7	0	0	0	0	0	0	0	0	0	0	0	0	0	0	0	0	0	0	0	0	0	0	0	0	0	0	14	0	5	0	7	12
74	67	20	12	0	60	10	0	0	20	12	0	8	0	0	0	25	4	0	0	53	10	0	0	10	0	0	8	0	0	0	21	0	0	0	20	12	0	0	0	0	0	0	0	0	0	8	0	0	0	25	4	0	0	46	10	0	0	10	0	0	8	0	0	0	21	0	0	0	10	0	0	0	0	0	0	0	0	0	0	8	0	0	0	21	0	0	0	14	12	0	0	0	0	0	0	0	0	0	0	0	0	0	0	0	0	0	8	0	0	0	24	4	0	0	39	10	0	0	10	0	0	8	0	0	0	21	0	0	0	10	0	0	0	0	0	0	0	0	0	0	8	0	0	0	21	0	0	0	4	0	0	0	0	0	0	0	0	0	0	0	0	0	0	0	0	0	0	8	0	0	0	20	0	0	0	10	12	0	0	0	0	0	0	0	0	0	0	0	0	0	0	0	0	0	0	0	0	0	0	0	0	0	0	0	0	0	4	4	0	0
65	58	19	14	0	51	14	6	0	19	14	0	14	0	0	0	36	2	0	0	44	14	6	0	14	6	0	14	0	0	0	34	0	0	0	19	14	0	0	0	0	0	2	0	0	0	14	0	0	0	36	2	0	0	38	14	6	0	14	6	0	14	0	0	0	34	0	0	0	14	6	0	0	0	0	0	2	0	0	0	14	0	0	0	34	0	0	0	12	8	0	0	0	0	0	0	0	0	0	0	0	0	0	2	0	0	0	14	0	0	0	35	2	0	0	32	14	6	0	14	6	0	14	0	0	0	34	0	0	0	14	6	0	0	0	0	0	2	0	0	0	14	0	0	0	34	0	0	0	7	0	0	0	0	0	0	0	0	0	0	0	0	0	0	2	0	0	0	14	0	0	0	33	0	0	0	5	8	0	0	0	0	0	0	0	0	0	0	0	0	0	0	0	0	0	0	0	0	0	0	0	0	0	0	0	0	0	2	2	0	0
141	124	65	91	45	107	32	52	44	65	91	45	27	39	65	5	125	254	180	0	90	28	52	36	32	52	44	17	39	64	4	64	143	176	0	58	91	45	2	0	0	38	25	52	0	0	27	39	65	5	125	254	180	0	74	28	52	13	28	52	36	17	39	50	0	64	143	144	0	26	52	44	2	0	0	0	22	52	0	0	17	39	64	4	64	143	176	0	40	75	45	0	0	0	26	4	0	0	54	2	0	0	38	25	52	0	0	15	39	65	5	111	238	180	0	61	28	52	0	28	52	13	17	39	9	0	64	143	52	0	26	52	36	2	0	0	0	22	52	0	0	17	39	50	0	64	143	144	0	18	39	44	0	0	0	0	4	0	0	28	2	0	0	0	22	52	0	0	15	39	64	4	59	130	176	0	23	36	45	11	0	0	0	0	0	0	98	0	0	0	26	4	0	0	54	0	0	0	38	3	0	0	0	3	0	65	5	54	108	180	0
88	76	40	41	14	64	21	35	11	40	41	14	17	42	6	5	72	91	0	0	52	19	35	10	21	35	11	11	42	5	4	49	91	0	0	38	41	14	0	0	0	4	10	14	0	0	17	42	6	5	72	91	0	0	42	19	35	4	19	35	10	11	42	4	0	49	91	0	0	19	35	11	0	0	0	0	10	14	0	0	11	42	5	4	49	91	0	0	18	21	14	0	0	0	8	0	0	0	13	0	0	0	4	10	14	0	0	11	42	6	5	61	91	0	0	35	19	35	0	19	35	4	11	42	0	0	49	91	0	0	19	35	10	0	0	0	0	10	14	0	0	11	42	4	0	49	91	0	0	12	21	11	0	0	0	0	0	0	0	0	0	0	0	0	10	14	0	0	11	42	5	4	47	91	0	0	6	0	14	0	0	0	0	0	0	0	29	0	0	0	8	0	0	0	13	0	0	0	4	0	0	0	0	0	0	6	5	14	0	0	0
159	141	41	61	71	123	22	45	43	41	61	71	17	30	54	44	87	105	71	65	105	22	45	19	22	45	43	17	30	53	4	54	90	43	4	40	61	71	0	0	0	38	10	0	0	34	17	30	54	44	87	105	71	65	89	22	45	0	22	45	19	17	30	39	0	54	90	19	0	22	45	43	0	0	0	0	10	0	0	0	17	30	53	4	54	90	43	4	26	29	71	0	0	0	0	0	0	0	54	0	0	0	38	10	0	0	34	17	30	54	44	82	89	71	65	74	22	45	0	22	45	0	17	30	0	0	54	90	0	0	22	45	19	0	0	0	0	10	0	0	0	17	30	39	0	54	90	19	0	13	15	43	0	0	0	0	0	0	0	28	0	0	0	0	10	0	0	0	17	30	53	4	52	75	43	4	13	14	71	1	0	0	0	0	0	0	0	0	0	0	0	0	0	0	54	0	0	0	38	0	0	0	34	0	0	54	44	30	14	71	65
124	111	31	12	54	98	18	12	22	31	12	54	17	0	18	39	62	60	0	72	85	18	12	4	18	12	22	17	0	18	0	40	60	0	4	31	12	54	0	0	0	8	6	0	0	34	17	0	18	39	62	60	0	72	72	18	12	0	18	12	4	17	0	12	0	40	60	0	0	18	12	22	0	0	0	0	6	0	0	0	17	0	18	0	40	60	0	4	17	12	54	0	0	0	0	0	0	0	0	0	0	0	8	6	0	0	34	17	0	18	39	57	60	0	72	60	18	12	0	18	12	0	17	0	0	0	40	60	0	0	18	12	4	0	0	0	0	6	0	0	0	17	0	12	0	40	60	0	0	9	12	22	0	0	0	0	0	0	0	0	0	0	0	0	6	0	0	0	17	0	18	0	38	60	0	4	8	0	54	0	0	0	0	0	0	0	0	0	0	0	0	0	0	0	0	0	0	0	8	0	0	0	34	0	0	18	39	19	0	0	72
67	57	21	31	6	47	10	25	0	21	31	6	8	30	0	0	31	50	0	0	37	10	25	0	10	25	0	8	30	0	0	24	50	0	0	21	31	6	0	0	0	0	2	0	0	0	8	30	0	0	31	50	0	0	30	10	25	0	10	25	0	8	30	0	0	24	50	0	0	10	25	0	0	0	0	0	2	0	0	0	8	30	0	0	24	50	0	0	6	10	6	0	0	0	0	0	0	0	0	0	0	0	0	2	0	0	0	8	30	0	0	24	50	0	0	25	10	25	0	10	25	0	8	30	0	0	24	50	0	0	10	25	0	0	0	0	0	2	0	0	0	8	30	0	0	24	50	0	0	5	10	0	0	0	0	0	0	0	0	0	0	0	0	0	2	0	0	0	8	30	0	0	23	50	0	0	1	0	6	0	0	0	0	0	0	0	0	0	0	0	0	0	0	0	0	0	0	0	0	0	0	0	0	0	0	0	0	1	0	0	0
124	110	33	24	79	96	14	0	63	33	24	79	9	0	35	50	74	36	158	45	82	14	0	63	14	0	63	9	0	35	50	26	0	126	44	31	24	79	2	0	0	0	15	0	0	0	9	0	35	50	74	36	158	45	68	14	0	51	14	0	63	9	0	35	34	26	0	126	36	12	0	63	2	0	0	0	10	0	0	0	9	0	35	50	26	0	126	44	26	24	79	0	0	0	49	0	0	0	0	2	0	0	0	15	0	0	0	7	0	35	50	69	36	158	45	54	14	0	29	14	0	51	9	0	35	0	26	0	102	13	12	0	63	2	0	0	0	10	0	0	0	9	0	35	34	26	0	126	36	7	0	63	0	0	0	0	0	0	0	0	2	0	0	0	10	0	0	0	7	0	35	50	21	0	126	44	19	24	79	10	0	0	36	0	0	0	49	0	0	0	49	0	0	0	0	0	0	0	0	5	0	0	0	0	0	35	50	48	36	158	45
136	119	59	81	66	102	27	31	54	59	81	66	31	0	62	25	123	180	330	45	86	22	30	54	27	31	54	18	0	62	25	42	30	270	44	55	65	66	4	15	10	0	29	50	0	0	31	0	62	25	123	180	330	45	70	22	30	53	22	30	54	18	0	62	23	38	30	270	36	23	15	54	4	15	10	0	23	30	0	0	18	0	62	25	42	30	270	44	48	65	66	5	0	0	6	13	0	0	0	4	15	10	0	29	50	0	0	25	0	62	25	115	180	330	45	55	18	25	43	22	30	53	18	0	62	9	38	30	265	13	20	15	54	1	15	10	0	22	30	0	0	18	0	62	23	38	30	270	36	18	15	54	2	0	0	0	13	0	0	0	4	15	10	0	23	30	0	0	16	0	62	25	37	30	270	44	37	50	66	8	50	42	38	1	0	0	23	5	0	0	6	13	0	0	0	3	0	10	0	7	20	0	0	18	0	62	25	87	150	330	45
78	69	30	18	20	60	11	0	17	30	18	20	9	0	11	18	62	36	60	0	51	10	0	17	11	0	17	6	0	11	18	13	0	51	0	27	18	20	2	0	0	0	9	6	0	0	9	0	11	18	62	36	60	0	42	10	0	15	10	0	17	6	0	11	12	13	0	51	0	8	0	17	2	0	0	0	4	0	0	0	6	0	11	18	13	0	51	0	23	18	20	0	0	0	8	0	0	0	0	2	0	0	0	9	6	0	0	7	0	11	18	58	36	60	0	33	10	0	11	10	0	15	6	0	11	0	13	0	45	0	7	0	17	2	0	0	0	4	0	0	0	6	0	11	12	13	0	51	0	4	0	17	0	0	0	0	0	0	0	0	2	0	0	0	4	0	0	0	4	0	11	18	9	0	51	0	20	18	20	11	0	0	0	0	0	0	0	0	0	0	8	0	0	0	0	0	0	0	0	5	6	0	0	3	0	11	18	49	36	60	0
99	86	37	41	50	73	16	30	19	37	41	50	9	20	0	50	73	70	50	116	60	16	30	18	16	30	19	9	20	0	47	33	60	19	87	34	41	50	2	0	0	5	16	0	0	0	9	20	0	50	73	70	50	116	49	16	30	14	16	30	18	9	20	0	36	33	60	18	55	14	30	19	2	0	0	4	12	0	0	0	9	20	0	47	33	60	19	87	24	19	50	0	0	0	18	0	0	0	0	2	0	0	5	16	0	0	0	7	20	0	50	65	59	50	116	39	16	29	0	16	30	14	9	20	0	0	33	60	14	13	14	30	18	2	0	0	0	12	0	0	0	9	20	0	36	33	60	18	55	9	10	19	0	0	0	0	0	0	0	0	2	0	0	4	12	0	0	0	7	20	0	47	28	50	19	87	15	9	50	9	9	0	0	0	0	0	36	0	0	0	18	0	0	0	0	0	0	0	5	4	0	0	0	0	0	0	50	37	9	50	116
89	76	39	61	9	63	13	37	0	39	61	9	12	38	0	0	77	98	36	45	51	10	36	0	13	37	0	5	36	0	0	19	45	0	44	32	49	9	1	9	0	0	12	23	0	0	12	38	0	0	77	98	36	45	41	10	36	0	10	36	0	5	36	0	0	19	45	0	36	9	27	0	1	9	0	0	6	18	0	0	5	36	0	0	19	45	0	44	27	29	9	0	0	0	0	0	0	0	0	1	9	0	0	12	23	0	0	8	18	0	0	72	68	36	45	32	10	32	0	10	36	0	5	36	0	0	19	45	0	13	8	27	0	1	9	0	0	6	18	0	0	5	36	0	0	19	45	0	36	6	9	0	0	0	0	0	0	0	0	0	1	9	0	0	6	18	0	0	5	18	0	0	17	18	0	44	22	20	9	7	20	0	0	0	0	0	0	0	0	0	0	0	0	0	0	0	0	0	0	6	5	0	0	3	0	0	0	55	50	36	45
127	111	30	15	116	95	12	0	69	30	15	116	14	0	15	60	56	45	116	224	79	10	0	69	12	0	69	6	0	15	60	13	0	69	153	27	15	116	2	0	0	0	8	0	0	0	14	0	15	60	56	45	116	224	63	10	0	69	10	0	69	6	0	15	60	13	0	69	152	9	0	69	2	0	0	0	4	0	0	0	6	0	15	60	13	0	69	153	23	15	116	0	0	0	0	0	0	0	0	2	0	0	0	8	0	0	0	12	0	15	60	52	45	116	224	47	7	0	69	10	0	69	6	0	15	60	13	0	69	133	7	0	69	2	0	0	0	4	0	0	0	6	0	15	60	13	0	69	152	5	0	69	0	0	0	0	0	0	0	0	2	0	0	0	4	0	0	0	4	0	15	60	9	0	69	153	20	15	116	1	0	24	0	0	0	0	0	0	0	0	0	0	0	0	0	0	0	0	0	4	0	0	0	8	0	15	60	43	45	116	224
140	122	45	56	132	104	17	0	113	45	56	132	24	0	89	48	69	154	528	75	86	13	0	113	17	0	113	10	0	88	48	15	0	452	54	41	56	132	5	0	16	0	16	14	0	0	24	0	89	48	69	154	528	75	68	10	0	113	13	0	113	10	0	88	48	13	0	452	54	13	0	113	2	0	16	0	10	0	0	0	10	0	88	48	15	0	452	54	39	56	132	3	0	33	0	13	0	0	0	5	0	16	0	16	14	0	0	22	0	89	48	66	154	528	75	50	6	0	113	10	0	113	4	0	88	48	10	0	452	53	9	0	113	2	0	16	0	10	0	0	0	10	0	88	48	13	0	452	54	11	0	113	1	0	30	0	13	0	0	0	2	0	16	0	10	0	0	0	8	0	88	48	12	0	452	54	35	56	132	5	0	37	0	1	0	0	0	3	0	33	0	13	0	0	0	3	0	16	0	6	14	0	0	20	0	89	48	59	154	528	75
105	91	33	53	45	77	6	8	35	33	53	45	7	40	41	0	43	112	225	66	63	4	0	35	6	8	35	0	0	41	0	4	0	175	54	30	53	45	1	0	0	0	5	8	45	0	7	40	41	0	43	112	225	66	49	4	0	35	4	0	35	0	0	41	0	2	0	175	54	3	8	35	1	0	0	0	2	0	35	0	0	0	41	0	4	0	175	54	30	53	45	1	0	0	0	4	0	0	0	1	0	0	0	5	8	45	0	7	40	41	0	43	112	225	66	35	3	0	35	4	0	35	0	0	41	0	2	0	175	53	1	0	35	1	0	0	0	2	0	35	0	0	0	41	0	2	0	175	54	3	8	35	1	0	0	0	4	0	0	0	1	0	0	0	2	0	35	0	0	0	41	0	4	0	175	54	29	53	45	5	0	10	0	0	0	0	0	1	0	0	0	4	0	0	0	0	0	0	0	3	8	45	0	7	40	41	0	41	112	225	66
78	68	31	16	33	58	11	0	0	31	16	33	16	0	0	0	49	56	66	174	48	8	0	0	11	0	0	4	0	0	0	9	0	0	134	27	16	33	2	0	0	0	7	8	0	0	16	0	0	0	49	56	66	174	38	8	0	0	8	0	0	4	0	0	0	7	0	0	134	7	0	0	2	0	0	0	4	0	0	0	4	0	0	0	9	0	0	134	25	16	33	1	0	0	0	4	0	0	0	2	0	0	0	7	8	0	0	14	0	0	0	46	56	66	174	28	6	0	0	8	0	0	4	0	0	0	7	0	0	119	4	0	0	2	0	0	0	4	0	0	0	4	0	0	0	7	0	0	134	5	0	0	1	0	0	0	4	0	0	0	2	0	0	0	4	0	0	0	2	0	0	0	6	0	0	134	23	16	33	5	0	15	0	0	0	0	0	1	0	0	0	4	0	0	0	0	0	0	0	3	8	0	0	12	0	0	0	42	56	66	174
85	73	30	42	21	61	9	18	0	30	42	21	13	21	0	0	47	63	63	95	50	7	11	0	9	18	0	4	0	0	0	9	0	0	71	27	31	21	2	0	0	0	7	7	21	0	13	21	0	0	47	63	63	95	39	7	11	0	7	11	0	4	0	0	0	7	0	0	71	6	7	0	2	0	0	0	4	0	0	0	4	0	0	0	9	0	0	71	25	31	21	1	0	0	0	4	0	0	0	2	0	0	0	7	7	21	0	11	21	0	0	44	63	63	95	28	5	10	0	7	11	0	4	0	0	0	7	0	0	68	4	0	0	2	0	0	0	4	0	0	0	4	0	0	0	7	0	0	71	4	7	0	1	0	0	0	4	0	0	0	2	0	0	0	4	0	0	0	2	0	0	0	6	0	0	71	23	31	21	4	10	15	0	0	0	0	0	1	0	0	0	4	0	0	0	0	0	0	0	3	7	21	0	9	21	0	0	40	63	63	95
129	109	42	93	108	89	20	33	68	42	93	108	25	56	67	41	25	78	432	231	70	8	19	67	20	33	68	10	0	51	40	14	28	272	148	37	74	108	8	0	134	10	16	0	108	0	25	56	67	41	24	78	432	231	51	1	18	67	8	19	67	0	0	51	40	5	0	268	148	15	14	68	0	0	131	10	10	0	68	0	10	0	51	40	13	28	272	148	37	74	108	0	18	36	0	34	72	0	0	8	0	134	10	16	0	108	0	25	56	67	41	24	78	432	231	32	1	14	67	1	18	67	0	0	51	40	0	0	268	148	3	0	67	0	0	128	10	10	0	67	0	0	0	51	40	4	0	268	148	15	14	68	0	14	34	0	29	56	0	0	0	0	131	10	10	0	68	0	10	0	51	40	13	28	272	148	32	74	108	1	56	0	0	3	0	0	0	0	18	36	0	34	72	0	0	0	0	134	10	0	0	108	0	25	56	67	41	17	78	432	231
138	118	21	36	174	98	3	0	139	21	36	174	4	0	64	91	5	0	348	198	78	2	0	139	3	0	139	0	0	48	91	2	0	278	148	19	36	174	0	0	0	0	0	0	0	0	4	0	64	91	5	0	348	198	58	2	0	139	2	0	139	0	0	48	91	0	0	278	148	1	0	139	0	0	0	0	0	0	0	0	0	0	48	91	2	0	278	148	19	36	174	1	0	0	0	4	0	0	0	0	0	0	0	0	0	0	0	4	0	64	91	5	0	348	198	38	2	0	139	2	0	139	0	0	48	91	0	0	278	148	0	0	139	0	0	0	0	0	0	0	0	0	0	48	91	0	0	278	148	1	0	139	1	0	0	0	4	0	0	0	0	0	0	0	0	0	0	0	0	0	48	91	2	0	278	148	19	36	174	5	0	0	0	0	0	0	0	1	0	0	0	4	0	0	0	0	0	0	0	0	0	0	0	4	0	64	91	5	0	348	198
75	64	16	18	48	53	2	0	25	16	18	48	4	0	13	13	5	0	96	177	42	1	0	25	2	0	25	0	0	5	13	2	0	50	148	15	18	48	0	0	0	0	0	0	0	0	4	0	13	13	5	0	96	177	31	1	0	25	1	0	25	0	0	5	13	0	0	50	148	1	0	25	0	0	0	0	0	0	0	0	0	0	5	13	2	0	50	148	15	18	48	1	0	0	0	4	0	0	0	0	0	0	0	0	0	0	0	4	0	13	13	5	0	96	177	20	1	0	25	1	0	25	0	0	5	13	0	0	50	148	0	0	25	0	0	0	0	0	0	0	0	0	0	5	13	0	0	50	148	1	0	25	1	0	0	0	4	0	0	0	0	0	0	0	0	0	0	0	0	0	5	13	2	0	50	148	15	18	48	4	0	0	0	0	0	0	0	1	0	0	0	4	0	0	0	0	0	0	0	0	0	0	0	4	0	13	13	5	0	96	177
60	51	15	18	13	42	2	0	5	15	18	13	4	0	13	0	5	0	39	45	33	1	0	5	2	0	5	0	0	5	0	2	0	15	35	14	18	13	0	0	0	0	0	0	0	0	4	0	13	0	5	0	39	45	24	1	0	5	1	0	5	0	0	5	0	0	0	15	35	1	0	5	0	0	0	0	0	0	0	0	0	0	5	0	2	0	15	35	14	18	13	1	0	0	0	4	0	0	0	0	0	0	0	0	0	0	0	4	0	13	0	5	0	39	45	15	1	0	5	1	0	5	0	0	5	0	0	0	15	35	0	0	5	0	0	0	0	0	0	0	0	0	0	5	0	0	0	15	35	1	0	5	1	0	0	0	4	0	0	0	0	0	0	0	0	0	0	0	0	0	5	0	2	0	15	35	14	18	13	4	0	0	0	0	0	0	0	1	0	0	0	4	0	0	0	0	0	0	0	0	0	0	0	4	0	13	0	5	0	39	45
81	69	16	27	52	57	3	0	0	16	27	52	4	0	15	0	5	0	156	347	45	2	0	0	3	0	0	0	0	0	0	2	0	0	217	14	27	52	0	0	0	0	0	0	0	0	4	0	15	0	5	0	156	347	33	2	0	0	2	0	0	0	0	0	0	0	0	0	217	1	0	0	0	0	0	0	0	0	0	0	0	0	0	0	2	0	0	217	14	27	52	1	0	0	0	4	0	0	0	0	0	0	0	0	0	0	0	4	0	15	0	5	0	156	347	21	2	0	0	2	0	0	0	0	0	0	0	0	0	217	0	0	0	0	0	0	0	0	0	0	0	0	0	0	0	0	0	0	217	1	0	0	1	0	0	0	4	0	0	0	0	0	0	0	0	0	0	0	0	0	0	0	2	0	0	217	14	27	52	5	0	0	0	0	0	0	0	1	0	0	0	4	0	0	0	0	0	0	0	0	0	0	0	4	0	15	0	5	0	156	347
108	90	16	0	173	72	1	0	108	16	0	173	0	0	105	91	7	0	0	395	54	1	0	107	1	0	108	0	0	86	89	0	0	0	237	15	0	173	0	0	0	16	0	0	0	0	0	0	105	91	7	0	0	395	36	1	0	107	1	0	107	0	0	86	89	0	0	0	236	0	0	108	0	0	0	16	0	0	0	0	0	0	86	89	0	0	0	237	15	0	173	1	0	0	0	22	0	0	0	0	0	0	16	0	0	0	0	0	0	105	91	7	0	0	395	18	0	0	107	1	0	107	0	0	86	89	0	0	0	236	0	0	107	0	0	0	16	0	0	0	0	0	0	86	89	0	0	0	236	0	0	108	0	0	0	0	0	0	0	0	0	0	0	16	0	0	0	0	0	0	86	89	0	0	0	237	15	0	173	0	0	14	0	1	0	0	0	1	0	0	0	22	0	0	0	0	0	0	16	0	0	0	0	0	0	105	91	7	0	0	395
57	47	19	21	37	37	6	0	22	19	21	37	0	0	93	10	10	14	111	108	27	6	0	22	6	0	22	0	0	74	10	2	0	66	68	13	21	37	8	0	0	0	6	0	0	0	0	0	93	10	8	14	111	108	17	1	0	22	6	0	22	0	0	74	10	2	0	66	67	0	0	22	0	0	0	0	0	0	0	0	0	0	74	10	0	0	66	68	13	21	37	1	0	0	0	17	35	0	0	8	0	0	0	6	0	0	0	0	0	93	10	8	14	111	108	7	0	0	22	1	0	22	0	0	74	10	0	0	66	67	0	0	22	0	0	0	0	0	0	0	0	0	0	74	10	0	0	66	67	0	0	22	0	0	0	0	0	0	0	0	0	0	0	0	0	0	0	0	0	0	74	10	0	0	66	68	11	21	37	0	0	14	0	1	0	0	0	1	0	0	0	17	35	0	0	0	0	0	0	0	0	0	0	0	0	93	10	5	14	111	108
45	37	15	15	37	29	2	0	36	15	15	37	0	0	121	10	7	0	111	0	21	2	0	36	2	0	36	0	0	116	10	2	0	108	0	13	15	37	0	0	0	0	0	0	0	0	0	0	121	10	5	0	111	0	13	0	0	36	2	0	36	0	0	116	10	2	0	108	0	0	0	36	0	0	0	0	0	0	0	0	0	0	116	10	0	0	108	0	13	15	37	0	0	0	0	18	10	0	0	0	0	0	0	0	0	0	0	0	0	121	10	5	0	111	0	5	0	0	36	0	0	36	0	0	116	10	0	0	108	0	0	0	36	0	0	0	0	0	0	0	0	0	0	116	10	0	0	108	0	0	0	36	0	0	0	0	0	0	0	0	0	0	0	0	0	0	0	0	0	0	116	10	0	0	108	0	13	15	37	0	0	0	0	1	0	0	0	0	0	0	0	18	10	0	0	0	0	0	0	0	0	0	0	0	0	121	10	5	0	111	0
60	50	6	0	79	40	2	0	15	6	0	79	0	0	14	61	4	0	0	395	30	2	0	0	2	0	15	0	0	0	0	0	0	0	237	4	0	79	0	0	0	0	0	0	0	66	0	0	14	61	4	0	0	395	20	2	0	0	2	0	0	0	0	0	0	0	0	0	236	0	0	15	0	0	0	0	0	0	0	35	0	0	0	0	0	0	0	237	4	0	79	1	0	0	0	9	0	0	0	0	0	0	0	0	0	0	66	0	0	14	61	4	0	0	395	10	0	0	0	2	0	0	0	0	0	0	0	0	0	236	0	0	0	0	0	0	0	0	0	0	35	0	0	0	0	0	0	0	236	0	0	15	0	0	0	0	0	0	0	0	0	0	0	0	0	0	0	35	0	0	0	0	0	0	0	237	4	0	79	0	0	24	0	0	0	0	0	1	0	0	0	9	0	0	0	0	0	0	0	0	0	0	66	0	0	14	61	4	0	0	395
36	30	5	0	29	24	1	0	0	5	0	29	0	0	14	0	4	0	0	173	18	1	0	0	1	0	0	0	0	0	0	0	0	0	73	4	0	29	0	0	0	0	0	0	0	0	0	0	14	0	4	0	0	173	12	1	0	0	1	0	0	0	0	0	0	0	0	0	72	0	0	0	0	0	0	0	0	0	0	0	0	0	0	0	0	0	0	73	4	0	29	1	0	0	0	9	0	0	0	0	0	0	0	0	0	0	0	0	0	14	0	4	0	0	173	6	0	0	0	1	0	0	0	0	0	0	0	0	0	72	0	0	0	0	0	0	0	0	0	0	0	0	0	0	0	0	0	0	72	0	0	0	0	0	0	0	0	0	0	0	0	0	0	0	0	0	0	0	0	0	0	0	0	0	0	73	4	0	29	0	0	14	0	0	0	0	0	1	0	0	0	9	0	0	0	0	0	0	0	0	0	0	0	0	0	14	0	4	0	0	173
78	59	29	87	130	41	17	70	127	23	69	130	6	56	81	33	23	41	130	0	27	13	66	124	13	56	127	2	56	81	30	7	28	127	0	10	13	130	13	52	0	34	28	52	0	0	4	0	81	33	16	13	130	0	13	4	13	123	9	52	124	2	52	78	30	6	26	124	0	0	0	127	0	0	0	33	0	0	0	0	0	0	81	30	0	0	127	0	9	13	130	1	13	29	11	0	0	520	0	13	52	0	34	28	52	0	0	0	0	81	33	14	13	130	0	0	0	0	122	0	0	123	0	0	76	30	0	0	123	0	0	0	124	0	0	0	32	0	0	0	0	0	0	78	30	0	0	124	0	0	0	127	0	0	29	10	0	0	508	0	0	0	0	33	0	0	0	0	0	0	81	30	0	0	127	0	0	0	130	0	0	48	10	0	0	130	0	0	0	29	11	0	0	520	0	0	0	0	34	0	0	0	0	0	0	81	33	0	0	130	0
60	48	2	0	127	36	2	0	107	2	0	127	0	0	0	95	2	0	0	74	24	2	0	106	2	0	107	0	0	0	92	2	0	0	58	0	0	127	0	0	0	10	0	0	0	0	0	0	0	95	0	0	0	74	12	0	0	106	2	0	106	0	0	0	92	2	0	0	58	0	0	107	0	0	0	10	0	0	0	0	0	0	0	92	0	0	0	58	0	0	127	0	0	0	0	0	0	0	0	0	0	0	10	0	0	0	0	0	0	0	95	0	0	0	74	0	0	0	106	0	0	106	0	0	0	92	0	0	0	58	0	0	106	0	0	0	10	0	0	0	0	0	0	0	92	0	0	0	58	0	0	107	0	0	0	0	0	0	0	0	0	0	0	10	0	0	0	0	0	0	0	92	0	0	0	58	0	0	127	0	0	0	0	0	0	0	0	0	0	0	0	0	0	0	0	0	0	0	10	0	0	0	0	0	0	0	95	0	0	0	74
62	49	10	12	111	36	7	12	99	7	12	111	4	0	13	83	5	12	0	37	24	7	12	97	5	12	99	4	0	13	80	3	12	0	36	2	0	111	4	0	0	22	8	0	0	0	0	0	13	83	2	0	0	37	12	2	0	97	5	12	97	4	0	12	80	3	12	0	36	0	0	99	0	0	0	22	0	0	0	0	0	0	13	80	0	0	0	36	2	0	111	1	0	0	0	0	0	111	0	4	0	0	22	8	0	0	0	0	0	13	83	2	0	0	37	0	0	0	97	0	0	97	0	0	12	80	0	0	0	36	0	0	97	0	0	0	22	0	0	0	0	0	0	12	80	0	0	0	36	0	0	99	0	0	0	0	0	0	99	0	0	0	0	22	0	0	0	0	0	0	13	80	0	0	0	36	0	0	111	0	0	9	0	0	0	0	0	0	0	0	0	0	0	111	0	0	0	0	22	0	0	0	0	0	0	13	83	0	0	0	37
72	57	22	14	111	42	12	14	95	19	14	111	4	0	72	47	19	14	0	74	28	12	14	92	10	14	95	4	0	72	44	5	14	0	58	9	0	111	15	0	0	34	28	0	0	0	0	0	72	47	14	0	0	74	14	2	0	91	10	14	92	4	0	69	44	5	14	0	58	0	0	95	0	0	0	33	0	0	0	0	0	0	72	44	0	0	0	58	9	0	111	1	0	11	11	0	0	111	0	15	0	0	34	28	0	0	0	0	0	72	47	14	0	0	74	0	0	0	90	0	0	91	0	0	67	44	0	0	0	58	0	0	92	0	0	0	32	0	0	0	0	0	0	69	44	0	0	0	58	0	0	95	0	0	11	10	0	0	95	0	0	0	0	33	0	0	0	0	0	0	72	44	0	0	0	58	0	0	111	0	0	9	10	0	0	0	0	0	0	11	11	0	0	111	0	0	0	0	34	0	0	0	0	0	0	72	47	0	0	0	74
61	46	28	62	89	31	14	44	75	26	62	89	12	0	111	89	27	38	178	37	20	8	36	58	13	44	75	4	0	111	30	5	11	150	22	13	18	89	7	72	0	34	30	54	0	108	8	0	111	89	22	27	178	37	9	1	0	57	7	36	58	4	0	108	30	4	9	116	22	0	0	75	0	0	0	33	0	0	0	68	0	0	111	30	0	0	150	22	10	18	89	1	0	29	11	0	0	356	0	7	72	0	34	30	54	0	108	0	0	111	89	17	27	178	37	0	0	0	55	0	0	57	0	0	106	30	0	0	114	22	0	0	58	0	0	0	32	0	0	0	67	0	0	108	30	0	0	116	22	0	0	75	0	0	25	10	0	0	300	0	0	0	0	33	0	0	0	68	0	0	111	30	0	0	150	22	0	0	89	0	0	0	22	0	0	0	0	0	0	29	11	0	0	356	0	0	0	0	34	0	0	0	108	0	0	111	89	0	0	178	37
51	36	25	54	103	21	17	40	69	22	54	103	16	40	0	146	12	31	103	219	10	2	0	69	15	40	69	6	0	0	146	6	10	69	202	5	10	103	0	0	122	0	0	0	412	0	10	40	0	146	6	20	103	219	0	0	0	67	0	0	69	0	0	0	139	0	0	69	182	0	0	69	0	0	29	0	0	0	276	0	0	0	0	146	0	0	69	202	0	0	103	0	0	23	24	0	0	0	0	0	0	122	0	0	0	412	0	0	0	0	146	0	0	103	219	0	0	0	66	0	0	67	0	0	0	136	0	0	67	180	0	0	69	0	0	29	0	0	0	276	0	0	0	0	139	0	0	69	182	0	0	69	0	0	9	23	0	0	0	0	0	0	29	0	0	0	276	0	0	0	0	146	0	0	69	202	0	0	0	0	0	0	11	0	0	0	0	0	0	0	24	0	0	0	0	0	0	0	0	0	0	0	0	0	0	0	146	0	0	0	219
66	48	28	60	130	30	13	28	114	28	60	130	12	56	31	85	15	42	260	89	14	0	0	114	13	28	114	0	0	31	85	3	0	228	75	12	28	130	0	0	74	0	0	0	260	0	12	56	31	85	12	42	260	89	0	0	0	113	0	0	114	0	0	31	82	0	0	228	58	0	0	114	0	0	35	0	0	0	228	0	0	0	31	85	0	0	228	75	0	0	130	0	0	0	12	0	0	0	0	0	0	74	0	0	0	260	0	0	0	31	85	0	0	260	89	0	0	0	103	0	0	113	0	0	31	79	0	0	226	57	0	0	114	0	0	35	0	0	0	228	0	0	0	31	82	0	0	228	58	0	0	114	0	0	0	11	0	0	0	0	0	0	35	0	0	0	228	0	0	0	31	85	0	0	228	75	0	0	0	0	0	0	81	0	0	0	0	0	0	0	12	0	0	0	0	0	0	0	0	0	0	0	0	0	0	0	85	0	0	0	89
53	38	26	56	66	23	7	20	62	26	56	66	8	60	27	46	14	30	198	0	10	0	0	62	7	20	62	0	0	27	46	2	0	186	0	16	30	66	0	0	14	0	0	0	132	0	8	60	27	46	12	30	198	0	0	0	0	62	0	0	62	0	0	27	46	0	0	186	0	0	0	62	0	0	11	0	0	0	124	0	0	0	27	46	0	0	186	0	0	0	66	0	0	0	0	0	0	0	0	0	0	14	0	0	0	132	0	0	0	27	46	0	0	198	0	0	0	0	62	0	0	62	0	0	27	46	0	0	186	0	0	0	62	0	0	11	0	0	0	124	0	0	0	27	46	0	0	186	0	0	0	62	0	0	0	0	0	0	0	0	0	0	11	0	0	0	124	0	0	0	27	46	0	0	186	0	0	0	0	0	0	0	0	0	0	0	0	0	0	0	0	0	0	0	0	0	0	0	0	0	0	0	0	0	0	0	46	0	0	0	0
59	43	27	55	80	27	4	0	80	27	55	80	10	0	92	0	12	33	400	0	11	0	0	80	4	0	80	0	0	92	0	0	0	400	0	20	55	80	0	0	0	0	0	0	0	0	10	0	92	0	12	33	400	0	0	0	0	80	0	0	80	0	0	92	0	0	0	400	0	0	0	80	0	0	0	0	0	0	0	0	0	0	92	0	0	0	400	0	0	0	80	0	0	0	0	0	0	0	0	0	0	0	0	0	0	0	0	0	0	92	0	0	0	400	0	0	0	0	79	0	0	80	0	0	92	0	0	0	400	0	0	0	80	0	0	0	0	0	0	0	0	0	0	92	0	0	0	400	0	0	0	80	0	0	0	0	0	0	0	0	0	0	0	0	0	0	0	0	0	0	92	0	0	0	400	0	0	0	0	0	0	0	9	0	0	0	0	0	0	0	0	0	0	0	0	0	0	0	0	0	0	0	0	0	0	0	0	0	0	0	0
31	22	18	20	12	13	2	0	12	18	20	12	6	0	29	0	6	12	60	0	4	0	0	12	2	0	12	0	0	29	0	0	0	60	0	13	20	12	0	0	0	0	0	0	0	0	6	0	29	0	6	12	60	0	0	0	0	12	0	0	12	0	0	29	0	0	0	60	0	0	0	12	0	0	0	0	0	0	0	0	0	0	29	0	0	0	60	0	0	0	12	0	0	0	0	0	0	0	0	0	0	0	0	0	0	0	0	0	0	29	0	0	0	60	0	0	0	0	12	0	0	12	0	0	29	0	0	0	60	0	0	0	12	0	0	0	0	0	0	0	0	0	0	29	0	0	0	60	0	0	0	12	0	0	0	0	0	0	0	0	0	0	0	0	0	0	0	0	0	0	29	0	0	0	60	0	0	0	0	0	0	0	0	0	0	0	0	0	0	0	0	0	0	0	0	0	0	0	0	0	0	0	0	0	0	0	0	0	0	0	0
21	14	0	0	38	7	0	0	18	0	0	38	0	0	0	31	0	0	0	92	0	0	0	18	0	0	18	0	0	0	31	0	0	0	92	0	0	38	0	0	0	0	0	0	0	0	0	0	0	31	0	0	0	92	0	0	0	18	0	0	18	0	0	0	31	0	0	0	92	0	0	18	0	0	0	0	0	0	0	0	0	0	0	31	0	0	0	92	0	0	0	0	0	0	0	0	0	0	0	0	0	0	0	0	0	0	0	0	0	0	31	0	0	0	92	0	0	0	18	0	0	18	0	0	0	31	0	0	0	92	0	0	18	0	0	0	0	0	0	0	0	0	0	0	31	0	0	0	92	0	0	0	0	0	0	0	0	0	0	0	0	0	0	0	0	0	0	0	0	0	0	31	0	0	0	92	0	0	0	0	0	0	0	0	0	0	0	0	0	0	0	0	0	0	0	0	0	0	0	0	0	0	0	0	0	0	0	0	0	0	0
27	18	1	0	59	9	0	0	37	1	0	59	0	0	0	56	0	0	0	92	0	0	0	37	0	0	37	0	0	0	56	0	0	0	92	0	0	59	0	0	0	0	0	0	0	0	0	0	0	56	0	0	0	92	0	0	0	37	0	0	37	0	0	0	56	0	0	0	92	0	0	37	0	0	0	0	0	0	0	0	0	0	0	56	0	0	0	92	0	0	0	0	0	0	0	0	0	0	0	0	0	0	0	0	0	0	0	0	0	0	56	0	0	0	92	0	0	0	37	0	0	37	0	0	0	56	0	0	0	92	0	0	37	0	0	0	0	0	0	0	0	0	0	0	56	0	0	0	92	0	0	0	0	0	0	0	0	0	0	0	0	0	0	0	0	0	0	0	0	0	0	56	0	0	0	92	0	0	0	0	0	0	0	0	0	0	0	0	0	0	0	0	0	0	0	0	0	0	0	0	0	0	0	0	0	0	0	0	0	0	0
24	16	5	0	32	8	0	0	5	5	0	32	0	0	20	10	0	0	0	158	0	0	0	5	0	0	5	0	0	0	10	0	0	0	154	0	0	32	0	0	0	0	0	0	0	0	0	0	20	10	0	0	0	158	0	0	0	5	0	0	5	0	0	0	10	0	0	0	154	0	0	5	0	0	0	0	0	0	0	0	0	0	0	10	0	0	0	154	0	0	0	0	0	0	0	0	0	0	0	0	0	0	0	0	0	0	0	0	0	0	10	0	0	0	158	0	0	0	5	0	0	5	0	0	0	10	0	0	0	154	0	0	5	0	0	0	0	0	0	0	0	0	0	0	10	0	0	0	154	0	0	0	0	0	0	0	0	0	0	0	0	0	0	0	0	0	0	0	0	0	0	10	0	0	0	154	0	0	0	0	0	0	0	0	0	0	0	0	0	0	0	0	0	0	0	0	0	0	0	0	0	0	0	0	0	0	0	0	0	0	0
35	23	7	11	92	11	0	0	47	7	11	92	0	0	58	73	0	0	92	288	0	0	0	47	0	0	47	0	0	9	73	0	0	47	268	0	0	92	0	0	0	0	0	0	0	0	0	0	58	73	0	0	92	288	0	0	0	47	0	0	47	0	0	9	73	0	0	47	268	0	0	47	0	0	0	0	0	0	0	0	0	0	9	73	0	0	47	268	0	0	0	0	0	0	0	0	0	0	0	0	0	0	0	0	0	0	0	0	0	0	73	0	0	0	288	0	0	0	47	0	0	47	0	0	9	73	0	0	47	267	0	0	47	0	0	0	0	0	0	0	0	0	0	9	73	0	0	47	268	0	0	0	0	0	0	0	0	0	0	0	0	0	0	0	0	0	0	0	0	0	0	73	0	0	0	268	0	0	0	0	0	0	0	0	0	0	0	0	0	0	0	0	0	0	0	0	0	0	0	0	0	0	0	0	0	0	0	0	0	0	0
28	18	10	16	59	8	0	0	9	10	16	59	0	0	98	9	1	0	118	391	0	0	0	9	0	0	9	0	0	9	9	0	0	18	337	0	0	59	0	0	0	0	0	0	0	0	0	0	98	9	0	0	118	391	0	0	0	9	0	0	9	0	0	9	9	0	0	18	337	0	0	9	0	0	0	0	0	0	0	0	0	0	9	9	0	0	18	337	0	0	0	0	0	0	0	0	0	0	0	0	0	0	0	0	0	0	0	0	0	0	9	0	0	0	391	0	0	0	9	0	0	9	0	0	9	9	0	0	18	334	0	0	9	0	0	0	0	0	0	0	0	0	0	9	9	0	0	18	337	0	0	0	0	0	0	0	0	0	0	0	0	0	0	0	0	0	0	0	0	0	0	9	0	0	0	337	0	0	0	0	0	0	0	0	0	0	0	0	0	0	0	0	0	0	0	0	0	0	0	0	0	0	0	0	0	0	0	0	0	0	0
21	10	3	10	90	0	0	0	89	0	0	90	0	0	25	10	0	0	90	0	0	0	0	72	0	0	89	0	0	25	0	0	0	89	0	0	0	0	0	0	0	83	0	0	0	103	0	0	0	10	0	0	0	0	0	0	0	20	0	0	72	0	0	23	0	0	0	72	0	0	0	0	0	0	0	42	0	0	0	69	0	0	0	0	0	0	0	0	0	0	0	0	0	0	42	0	0	0	441	0	0	0	83	0	0	0	103	0	0	0	0	0	0	0	0	0	0	0	20	0	0	20	0	0	9	0	0	0	20	0	0	0	0	0	0	0	42	0	0	0	69	0	0	0	0	0	0	0	0	0	0	0	0	0	0	42	0	0	0	396	0	0	0	42	0	0	0	69	0	0	0	0	0	0	0	0	0	0	0	0	0	0	0	0	0	0	0	0	0	0	42	0	0	0	441	0	0	0	0	0	0	0	0	0	0	0	0	0	0	0	0
9	4	3	4	25	0	0	0	25	0	0	25	0	0	25	0	0	0	25	0	0	0	0	23	0	0	25	0	0	25	0	0	0	25	0	0	0	0	0	0	0	23	0	0	0	0	0	0	0	0	0	0	0	0	0	0	0	9	0	0	23	0	0	23	0	0	0	23	0	0	0	0	0	0	0	9	0	0	0	0	0	0	0	0	0	0	0	0	0	0	0	0	0	0	9	0	0	0	130	0	0	0	23	0	0	0	0	0	0	0	0	0	0	0	0	0	0	0	9	0	0	9	0	0	9	0	0	0	9	0	0	0	0	0	0	0	9	0	0	0	0	0	0	0	0	0	0	0	0	0	0	0	0	0	0	9	0	0	0	127	0	0	0	9	0	0	0	0	0	0	0	0	0	0	0	0	0	0	0	0	0	0	0	0	0	0	0	0	0	0	9	0	0	0	130	0	0	0	0	0	0	0	0	0	0	0	0	0	0	0	0
24	12	0	0	128	0	0	0	101	0	0	128	0	0	0	88	0	0	0	151	0	0	0	63	0	0	101	0	0	0	18	0	0	0	56	0	0	0	0	0	0	42	0	0	0	299	0	0	0	88	0	0	0	151	0	0	0	53	0	0	63	0	0	0	18	0	0	0	56	0	0	0	0	0	0	24	0	0	0	245	0	0	0	18	0	0	0	56	0	0	0	0	0	0	18	0	0	0	89	0	0	0	42	0	0	0	299	0	0	0	0	0	0	0	0	0	0	0	48	0	0	53	0	0	0	18	0	0	0	56	0	0	0	0	0	0	24	0	0	0	245	0	0	0	18	0	0	0	56	0	0	0	0	0	0	14	0	0	0	75	0	0	0	24	0	0	0	245	0	0	0	0	0	0	0	0	0	0	0	0	0	0	66	0	0	0	0	0	0	0	18	0	0	0	89	0	0	0	0	0	0	0	0	0	0	0	0	0	0	0	0
18	9	2	0	73	0	0	0	59	0	0	73	0	0	14	68	0	0	0	59	0	0	0	22	0	0	59	0	0	14	0	0	0	0	9	0	0	0	0	0	0	31	0	0	0	299	0	0	0	68	0	0	0	59	0	0	0	0	0	0	22	0	0	13	0	0	0	0	9	0	0	0	0	0	0	0	0	0	0	245	0	0	0	0	0	0	0	9	0	0	0	0	0	0	0	0	0	0	219	0	0	0	31	0	0	0	299	0	0	0	0	0	0	0	0	0	0	0	0	0	0	0	0	0	0	0	0	0	0	9	0	0	0	0	0	0	0	0	0	0	245	0	0	0	0	0	0	0	9	0	0	0	0	0	0	0	0	0	0	202	0	0	0	0	0	0	0	245	0	0	0	0	0	0	0	0	0	0	0	0	0	0	0	0	0	0	0	0	0	0	0	0	0	0	219	0	0	0	0	0	0	0	0	0	0	0	0	0	0	0	0
14	7	3	0	36	0	0	0	35	0	0	36	0	0	14	10	0	0	0	0	0	0	0	22	0	0	35	0	0	14	0	0	0	0	0	0	0	0	0	0	0	31	0	0	0	103	0	0	0	10	0	0	0	0	0	0	0	0	0	0	22	0	0	13	0	0	0	0	0	0	0	0	0	0	0	0	0	0	0	69	0	0	0	0	0	0	0	0	0	0	0	0	0	0	0	0	0	0	219	0	0	0	31	0	0	0	103	0	0	0	0	0	0	0	0	0	0	0	0	0	0	0	0	0	0	0	0	0	0	0	0	0	0	0	0	0	0	0	0	0	69	0	0	0	0	0	0	0	0	0	0	0	0	0	0	0	0	0	0	202	0	0	0	0	0	0	0	69	0	0	0	0	0	0	0	0	0	0	0	0	0	0	0	0	0	0	0	0	0	0	0	0	0	0	219	0	0	0	0	0	0	0	0	0	0	0	0	0	0	0	0
8	0	0	0	100	0	0	0	80	0	0	0	0	0	0	78	0	0	0	115	0	0	0	80	0	0	0	0	0	0	78	0	0	0	114	0	0	0	0	0	0	0	0	0	0	0	0	0	0	0	0	0	0	0	0	0	0	78	0	0	0	0	0	0	72	0	0	0	95	0	0	0	0	0	0	0	0	0	0	0	0	0	0	0	0	0	0	0	0	0	0	0	0	0	23	0	0	0	0	0	0	0	0	0	0	0	0	0	0	0	0	0	0	0	0	0	0	0	59	0	0	0	0	0	0	18	0	0	0	29	0	0	0	0	0	0	0	0	0	0	0	0	0	0	0	0	0	0	0	0	0	0	0	0	0	9	0	0	0	0	0	0	0	0	0	0	0	0	0	0	0	0	0	0	0	0	0	0	0	0	0	0	66	0	0	0	130	0	0	0	0	0	0	0	0	0	0	0	0	0	0	0	0	0	0	0	0	0	0	0	0
