337	330	41	12	0	323	28	12	0	41	12	0	21	0	0	0	36	21	0	0	316	28	12	0	28	12	0	21	0	0	0	36	21	0	0	41	12	0	2	0	0	0	1	0	0	0	21	0	0	0	36	21	0	0	309	28	12	0	28	12	0	21	0	0	0	36	21	0	0	28	12	0	2	0	0	0	1	0	0	0	21	0	0	0	36	21	0	0	41	12	0	6	0	0	0	1	0	0	0	2	0	0	0	1	0	0	0	21	0	0	0	36	21	0	0	302	26	12	0	28	12	0	21	0	0	0	36	21	0	0	28	12	0	2	0	0	0	1	0	0	0	21	0	0	0	36	21	0	0	28	12	0	0	0	0	0	1	0	0	0	2	0	0	0	1	0	0	0	21	0	0	0	36	21	0	0	41	12	0	28	0	0	0	19	3	0	0	6	0	0	0	1	0	0	0	2	0	0	0	1	0	0	0	21	0	0	0	36	21	0	0
392	384	47	19	0	376	36	15	0	47	19	0	25	0	0	0	41	20	0	0	368	36	15	0	36	15	0	25	0	0	0	41	20	0	0	47	19	0	2	0	0	0	1	0	0	0	25	0	0	0	41	20	0	0	360	36	15	0	36	15	0	25	0	0	0	41	20	0	0	36	15	0	2	0	0	0	1	0	0	0	25	0	0	0	41	20	0	0	47	19	0	3	0	0	0	1	0	0	0	2	0	0	0	1	0	0	0	25	0	0	0	41	20	0	0	352	34	12	0	36	15	0	25	0	0	0	41	20	0	0	36	15	0	2	0	0	0	1	0	0	0	25	0	0	0	41	20	0	0	36	15	0	0	0	0	0	1	0	0	0	2	0	0	0	1	0	0	0	25	0	0	0	41	20	0	0	47	19	0	26	12	0	0	19	4	0	0	3	0	0	0	1	0	0	0	2	0	0	0	1	0	0	0	25	0	0	0	41	20	0	0
418	406	61	56	0	394	46	44	0	61	56	0	33	32	0	0	51	68	0	0	382	45	44	0	46	44	0	29	32	0	0	46	66	0	0	61	56	0	6	0	0	0	0	8	0	0	33	32	0	0	51	68	0	0	370	44	44	0	45	44	0	28	32	0	0	44	66	0	0	46	44	0	2	0	0	0	0	8	0	0	29	32	0	0	46	66	0	0	60	56	0	3	0	0	0	0	8	0	0	6	0	0	0	0	8	0	0	33	32	0	0	51	68	0	0	358	41	40	0	44	44	0	28	32	0	0	44	66	0	0	45	44	0	2	0	0	0	0	8	0	0	28	32	0	0	44	66	0	0	45	44	0	0	0	0	0	0	8	0	0	2	0	0	0	0	8	0	0	29	32	0	0	46	66	0	0	58	56	0	27	16	0	0	23	8	0	0	3	0	0	0	0	8	0	0	6	0	0	0	0	8	0	0	32	32	0	0	49	68	0	0
697	678	90	154	0	659	68	127	0	90	154	0	39	153	0	0	86	171	0	0	640	68	125	0	68	127	0	39	147	0	0	72	161	0	0	90	154	0	9	14	0	0	3	0	0	0	39	153	0	0	86	171	0	0	621	68	122	0	68	125	0	39	147	0	0	72	161	0	0	68	127	0	9	14	0	0	3	0	0	0	39	147	0	0	72	161	0	0	90	154	0	0	12	0	0	1	0	0	0	9	14	0	0	3	0	0	0	39	153	0	0	86	171	0	0	602	63	107	0	68	122	0	39	138	0	0	72	146	0	0	68	125	0	9	14	0	0	3	0	0	0	39	147	0	0	72	161	0	0	68	127	0	0	0	0	0	1	0	0	0	9	14	0	0	3	0	0	0	39	147	0	0	72	161	0	0	88	154	0	23	58	0	0	33	41	0	0	0	12	0	0	1	0	0	0	9	14	0	0	3	0	0	0	39	153	0	0	86	171	0	0
476	466	58	39	0	456	49	29	0	58	39	0	28	20	0	0	45	15	0	0	446	49	29	0	49	29	0	28	20	0	0	45	15	0	0	58	39	0	2	0	0	0	1	0	0	0	28	20	0	0	45	15	0	0	436	49	29	0	49	29	0	28	20	0	0	45	15	0	0	49	29	0	2	0	0	0	1	0	0	0	28	20	0	0	45	15	0	0	58	39	0	3	0	0	0	1	0	0	0	2	0	0	0	1	0	0	0	28	20	0	0	45	15	0	0	426	43	23	0	49	29	0	28	20	0	0	45	15	0	0	49	29	0	2	0	0	0	1	0	0	0	28	20	0	0	45	15	0	0	49	29	0	0	0	0	0	1	0	0	0	2	0	0	0	1	0	0	0	28	20	0	0	45	15	0	0	58	39	0	25	26	0	0	19	27	0	0	3	0	0	0	1	0	0	0	2	0	0	0	1	0	0	0	28	20	0	0	45	15	0	0
503	492	67	40	15	481	63	38	0	67	40	15	56	15	0	0	70	30	0	0	470	63	38	0	63	38	0	56	15	0	0	70	30	0	0	67	40	15	10	0	0	0	3	0	0	0	56	15	0	0	70	30	0	0	459	62	38	0	63	38	0	56	15	0	0	70	30	0	0	63	38	0	10	0	0	0	3	0	0	0	56	15	0	0	70	30	0	0	67	40	15	0	0	4	0	1	0	0	0	10	0	0	0	3	0	0	0	56	15	0	0	70	30	0	0	448	50	31	0	62	38	0	53	15	0	0	65	30	0	0	63	38	0	10	0	0	0	3	0	0	0	56	15	0	0	70	30	0	0	63	38	0	0	0	0	0	1	0	0	0	10	0	0	0	3	0	0	0	56	15	0	0	70	30	0	0	67	40	15	9	7	38	0	21	7	15	0	0	0	4	0	1	0	0	0	10	0	0	0	3	0	0	0	56	15	0	0	70	30	0	0
660	642	104	133	11	624	95	126	0	104	133	11	105	70	0	0	116	95	0	0	606	95	126	0	95	126	0	105	70	0	0	109	94	0	0	104	133	11	27	0	0	0	12	0	0	0	105	70	0	0	116	95	0	0	588	94	126	0	95	126	0	105	70	0	0	109	94	0	0	95	126	0	27	0	0	0	10	0	0	0	105	70	0	0	109	94	0	0	104	133	11	1	0	4	0	7	0	0	0	27	0	0	0	12	0	0	0	105	70	0	0	116	95	0	0	570	79	117	0	94	126	0	102	70	0	0	104	94	0	0	95	126	0	27	0	0	0	10	0	0	0	105	70	0	0	109	94	0	0	95	126	0	0	0	0	0	6	0	0	0	27	0	0	0	10	0	0	0	105	70	0	0	109	94	0	0	99	133	11	13	21	26	0	33	42	11	0	1	0	4	0	7	0	0	0	27	0	0	0	12	0	0	0	105	70	0	0	113	95	0	0
707	690	120	113	4	673	104	95	0	120	113	4	92	168	0	0	139	115	0	0	656	102	87	0	104	95	0	83	144	0	0	128	106	0	0	120	113	4	31	64	0	0	20	16	0	0	92	168	0	0	139	115	0	0	639	101	87	0	102	87	0	83	144	0	0	128	104	0	0	104	95	0	31	64	0	0	16	16	0	0	83	144	0	0	128	106	0	0	120	113	4	23	0	4	0	15	0	0	0	31	64	0	0	20	16	0	0	92	168	0	0	139	115	0	0	622	89	87	0	101	87	0	80	144	0	0	123	104	0	0	102	87	0	31	64	0	0	16	16	0	0	83	144	0	0	128	104	0	0	104	95	0	22	0	0	0	13	0	0	0	31	64	0	0	16	16	0	0	83	144	0	0	128	106	0	0	120	113	4	24	0	12	0	47	30	0	0	23	0	4	0	15	0	0	0	31	64	0	0	20	16	0	0	92	168	0	0	139	115	0	0
718	701	143	113	0	684	124	99	0	143	113	0	135	85	0	0	169	124	0	0	667	118	94	0	124	99	0	119	80	0	0	151	108	0	0	143	113	0	64	50	0	0	29	31	0	0	135	85	0	0	169	124	0	0	650	114	93	0	118	94	0	108	80	0	0	137	104	0	0	124	99	0	55	50	0	0	27	22	0	0	119	80	0	0	151	108	0	0	143	113	0	53	3	0	0	25	18	0	0	64	50	0	0	29	31	0	0	135	85	0	0	169	124	0	0	633	99	85	0	114	93	0	99	75	0	0	124	101	0	0	118	94	0	43	50	0	0	23	22	0	0	108	80	0	0	137	104	0	0	124	99	0	37	0	0	0	22	12	0	0	55	50	0	0	27	22	0	0	119	80	0	0	151	108	0	0	143	113	0	38	15	0	0	77	64	0	0	53	3	0	0	25	18	0	0	64	50	0	0	29	31	0	0	135	85	0	0	169	124	0	0
826	806	173	173	0	786	146	157	0	173	173	0	181	120	0	0	270	249	0	0	766	134	145	0	146	157	0	154	120	0	0	225	231	0	0	173	173	0	68	140	0	0	43	91	0	0	181	120	0	0	270	249	0	0	746	126	131	0	134	145	0	141	104	0	0	197	209	0	0	146	157	0	57	124	0	0	35	81	0	0	154	120	0	0	225	231	0	0	173	173	0	55	150	0	0	39	51	0	0	68	140	0	0	43	91	0	0	181	120	0	0	270	249	0	0	726	105	119	0	126	131	0	127	96	0	0	174	191	0	0	134	145	0	45	124	0	0	31	81	0	0	141	104	0	0	197	209	0	0	146	157	0	34	146	0	0	36	45	0	0	57	124	0	0	35	81	0	0	154	120	0	0	225	231	0	0	173	173	0	47	54	0	0	84	93	0	0	55	150	0	0	39	51	0	0	68	140	0	0	43	91	0	0	181	120	0	0	270	249	0	0
925	904	199	188	5	883	162	150	0	199	188	5	152	238	0	0	320	241	15	0	862	153	129	0	162	150	0	129	190	0	0	243	154	0	0	199	188	5	61	83	0	0	60	65	10	0	152	238	0	0	320	241	15	0	841	148	111	0	153	129	0	120	159	0	0	227	113	0	0	162	150	0	55	46	0	0	48	50	0	0	129	190	0	0	243	154	0	0	199	188	5	72	77	3	0	49	47	5	0	61	83	0	0	60	65	10	0	152	238	0	0	320	241	15	0	820	120	90	0	148	111	0	105	126	0	0	212	87	0	0	153	129	0	47	10	0	0	42	24	0	0	120	159	0	0	227	113	0	0	162	150	0	56	20	0	0	46	41	0	0	55	46	0	0	48	50	0	0	129	190	0	0	243	154	0	0	199	188	5	76	30	23	0	120	200	15	0	72	77	3	0	49	47	5	0	61	83	0	0	60	65	10	0	152	238	0	0	320	241	15	0
760	742	174	137	2	724	140	120	0	174	137	2	164	123	0	0	325	174	2	0	706	129	119	0	140	120	0	133	122	0	0	250	148	0	0	174	137	2	77	10	0	0	54	48	0	0	164	123	0	0	325	174	2	0	688	123	115	0	129	119	0	122	122	0	0	221	146	0	0	140	120	0	66	10	0	0	48	48	0	0	133	122	0	0	250	148	0	0	174	137	2	88	34	0	0	52	38	0	0	77	10	0	0	54	48	0	0	164	123	0	0	325	174	2	0	670	99	96	0	123	115	0	108	112	0	0	205	139	0	0	129	119	0	51	10	0	0	38	48	0	0	122	122	0	0	221	146	0	0	140	120	0	59	22	0	0	48	35	0	0	66	10	0	0	48	48	0	0	133	122	0	0	250	148	0	0	174	137	2	85	84	8	0	106	121	4	0	88	34	0	0	52	38	0	0	77	10	0	0	54	48	0	0	164	123	0	0	325	174	2	0
744	727	143	114	0	710	109	91	0	143	114	0	96	39	0	0	281	155	0	0	693	104	91	0	109	91	0	80	39	0	0	201	94	0	0	143	114	0	34	0	0	0	54	0	0	0	96	39	0	0	281	155	0	0	676	102	91	0	104	91	0	78	39	0	0	189	94	0	0	109	91	0	31	0	0	0	41	0	0	0	80	39	0	0	201	94	0	0	143	114	0	46	0	0	0	34	9	0	0	34	0	0	0	54	0	0	0	96	39	0	0	281	155	0	0	659	82	75	0	102	91	0	71	39	0	0	184	94	0	0	104	91	0	22	0	0	0	31	0	0	0	78	39	0	0	189	94	0	0	109	91	0	20	0	0	0	30	9	0	0	31	0	0	0	41	0	0	0	80	39	0	0	201	94	0	0	143	114	0	49	72	0	0	79	122	0	0	46	0	0	0	34	9	0	0	34	0	0	0	54	0	0	0	96	39	0	0	281	155	0	0
643	629	118	80	0	615	86	60	0	118	80	0	104	42	0	0	223	120	0	0	601	77	48	0	86	60	0	79	18	0	0	139	67	0	0	118	80	0	46	34	0	0	46	48	0	0	104	42	0	0	223	120	0	0	587	72	40	0	77	48	0	68	14	0	0	119	43	0	0	86	60	0	37	26	0	0	38	39	0	0	79	18	0	0	139	67	0	0	118	80	0	53	49	0	0	30	37	0	0	46	34	0	0	46	48	0	0	104	42	0	0	223	120	0	0	573	55	30	0	72	40	0	55	8	0	0	104	33	0	0	77	48	0	24	18	0	0	28	21	0	0	68	14	0	0	119	43	0	0	86	60	0	29	25	0	0	28	36	0	0	37	26	0	0	38	39	0	0	79	18	0	0	139	67	0	0	118	80	0	65	24	0	0	86	102	0	0	53	49	0	0	30	37	0	0	46	34	0	0	46	48	0	0	104	42	0	0	223	120	0	0
731	715	110	107	0	699	72	80	0	110	107	0	70	114	0	0	205	206	0	0	683	64	70	0	72	80	0	49	90	0	0	111	134	0	0	110	107	0	35	64	0	0	43	45	0	0	70	114	0	0	205	206	0	0	667	59	60	0	64	70	0	40	85	0	0	95	112	0	0	72	80	0	26	55	0	0	32	33	0	0	49	90	0	0	111	134	0	0	110	107	0	41	65	0	0	31	45	0	0	35	64	0	0	43	45	0	0	70	114	0	0	205	206	0	0	651	43	40	0	59	60	0	30	67	0	0	83	97	0	0	64	70	0	18	47	0	0	26	21	0	0	40	85	0	0	95	112	0	0	72	80	0	23	35	0	0	25	41	0	0	26	55	0	0	32	33	0	0	49	90	0	0	111	134	0	0	110	107	0	46	77	0	0	69	115	0	0	41	65	0	0	31	45	0	0	35	64	0	0	43	45	0	0	70	114	0	0	205	206	0	0
574	554	120	167	9	534	77	139	0	120	167	9	62	140	10	0	230	367	27	5	514	72	136	0	77	139	0	49	134	0	0	139	310	0	0	120	167	9	12	42	5	0	25	24	0	0	62	140	10	0	230	367	27	5	494	68	136	0	72	136	0	46	134	0	0	133	307	0	0	77	139	0	6	42	0	0	7	0	0	0	49	134	0	0	139	310	0	0	115	167	9	14	0	15	0	13	10	0	0	12	42	5	0	25	24	0	0	62	140	10	0	223	367	27	5	474	60	136	0	68	136	0	39	134	0	0	125	307	0	0	72	136	0	4	42	0	0	4	0	0	0	46	134	0	0	133	307	0	0	72	139	0	7	0	0	0	12	10	0	0	6	42	0	0	7	0	0	0	49	134	0	0	132	310	0	0	115	167	9	19	0	22	0	57	27	0	0	14	0	15	0	13	10	0	0	12	42	5	0	25	24	0	0	62	140	10	0	223	367	27	5
662	647	120	63	21	632	90	27	0	120	63	21	78	0	21	0	226	146	84	7	617	85	27	0	90	27	0	65	0	0	0	156	56	0	0	120	63	21	24	0	5	0	38	36	0	0	78	0	21	0	226	146	84	7	602	78	27	0	85	27	0	62	0	0	0	150	56	0	0	90	27	0	15	0	0	0	19	0	0	0	65	0	0	0	156	56	0	0	120	63	21	25	0	32	0	27	0	0	0	24	0	5	0	38	36	0	0	78	0	21	0	226	146	84	7	587	65	27	0	78	27	0	47	0	0	0	140	56	0	0	85	27	0	13	0	0	0	16	0	0	0	62	0	0	0	150	56	0	0	90	27	0	13	0	0	0	27	0	0	0	15	0	0	0	19	0	0	0	65	0	0	0	156	56	0	0	120	63	21	36	0	49	0	88	0	0	0	25	0	32	0	27	0	0	0	24	0	5	0	38	36	0	0	78	0	21	0	226	146	84	7
737	721	117	81	16	705	81	41	0	117	81	16	70	0	21	0	220	198	80	5	689	76	41	0	81	41	0	57	0	0	0	152	78	0	0	117	81	16	24	0	5	0	32	32	0	0	70	0	21	0	220	198	80	5	673	71	41	0	76	41	0	54	0	0	0	146	78	0	0	81	41	0	15	0	0	0	13	0	0	0	57	0	0	0	152	78	0	0	117	81	16	23	0	22	0	22	0	0	0	24	0	5	0	32	32	0	0	70	0	21	0	220	198	80	5	657	60	41	0	71	41	0	43	0	0	0	139	78	0	0	76	41	0	13	0	0	0	10	0	0	0	54	0	0	0	146	78	0	0	81	41	0	11	0	0	0	22	0	0	0	15	0	0	0	13	0	0	0	57	0	0	0	152	78	0	0	117	81	16	29	0	39	0	73	0	0	0	23	0	22	0	22	0	0	0	24	0	5	0	32	32	0	0	70	0	21	0	220	198	80	5
517	505	79	45	11	493	55	38	0	79	45	11	30	0	11	0	157	66	11	0	481	55	37	0	55	38	0	30	0	0	0	105	59	0	0	79	45	11	14	8	0	0	35	0	0	0	30	0	11	0	157	66	11	0	469	53	36	0	55	37	0	30	0	0	0	105	57	0	0	55	38	0	11	8	0	0	13	0	0	0	30	0	0	0	105	59	0	0	79	45	11	16	7	7	0	18	0	0	0	14	8	0	0	35	0	0	0	30	0	11	0	157	66	11	0	457	41	29	0	53	36	0	25	0	0	0	101	56	0	0	55	37	0	11	8	0	0	13	0	0	0	30	0	0	0	105	57	0	0	55	38	0	5	0	0	0	17	0	0	0	11	8	0	0	13	0	0	0	30	0	0	0	105	59	0	0	79	45	11	8	0	29	0	38	32	11	0	16	7	7	0	18	0	0	0	14	8	0	0	35	0	0	0	30	0	11	0	157	66	11	0
440	427	95	58	7	414	62	46	0	95	58	7	48	0	3	0	202	173	14	0	401	60	46	0	62	46	0	43	0	0	0	124	155	0	0	95	58	7	21	0	0	0	35	14	0	0	48	0	3	0	202	173	14	0	388	56	46	0	60	46	0	40	0	0	0	119	155	0	0	62	46	0	11	0	0	0	11	8	0	0	43	0	0	0	124	155	0	0	95	58	7	19	0	3	0	13	24	0	0	21	0	0	0	35	14	0	0	48	0	3	0	202	173	14	0	375	49	46	0	56	46	0	37	0	0	0	113	155	0	0	60	46	0	11	0	0	0	11	8	0	0	40	0	0	0	119	155	0	0	62	46	0	15	0	0	0	13	24	0	0	11	0	0	0	11	8	0	0	43	0	0	0	124	155	0	0	95	58	7	11	0	21	0	41	0	0	0	19	0	3	0	13	24	0	0	21	0	0	0	35	14	0	0	48	0	3	0	202	173	14	0
540	525	79	79	15	510	43	45	7	79	79	15	35	46	21	0	129	213	75	16	495	37	44	7	43	45	7	18	44	21	0	70	144	35	0	79	79	15	0	11	14	0	7	0	0	0	35	46	21	0	129	213	75	16	480	37	44	4	37	44	7	18	44	21	0	67	143	35	0	43	45	7	0	11	14	0	3	0	0	0	18	44	21	0	70	144	35	0	79	79	15	9	0	0	12	6	0	0	0	0	11	14	0	7	0	0	0	35	46	21	0	129	213	75	16	465	36	44	0	37	44	4	18	44	12	0	67	143	20	0	37	44	7	0	11	14	0	0	0	0	0	18	44	21	0	67	143	35	0	43	45	7	6	0	0	0	3	0	0	0	0	11	14	0	3	0	0	0	18	44	21	0	70	144	35	0	79	79	15	36	0	0	0	39	6	0	0	9	0	0	12	6	0	0	0	0	11	14	0	7	0	0	0	35	46	21	0	129	213	75	16
628	610	103	112	37	592	69	86	5	103	112	37	51	96	8	15	172	239	74	53	574	63	77	0	69	86	5	39	78	5	0	124	179	10	0	103	112	37	6	0	24	0	11	0	37	5	51	96	8	15	172	239	74	53	556	61	77	0	63	77	0	33	78	0	0	118	179	0	0	69	86	5	4	0	15	0	7	0	5	0	39	78	5	0	124	179	10	0	102	112	37	11	0	16	0	15	0	0	0	6	0	24	0	11	0	37	5	51	96	8	15	171	239	74	53	538	56	77	0	61	77	0	33	78	0	0	117	179	0	0	63	77	0	4	0	0	0	1	0	0	0	33	78	0	0	118	179	0	0	68	86	5	6	0	10	0	12	0	0	0	4	0	15	0	7	0	5	0	39	78	5	0	123	179	10	0	102	112	37	31	0	0	0	46	55	0	0	11	0	16	0	15	0	0	0	6	0	24	0	11	0	37	5	51	96	8	15	171	239	74	53
868	849	121	119	45	830	91	78	12	121	119	45	91	122	8	39	185	223	135	46	811	82	48	0	91	78	12	80	32	5	0	152	142	36	0	121	119	45	35	0	38	0	15	39	135	5	91	122	8	39	185	223	135	46	792	72	42	0	82	48	0	60	32	0	0	136	112	0	0	91	78	12	27	0	22	0	15	30	36	0	80	32	5	0	152	142	36	0	121	119	45	25	78	51	0	23	39	0	0	35	0	38	0	15	39	135	5	91	122	8	39	185	223	135	46	773	61	33	0	72	42	0	48	26	0	0	119	94	0	0	82	48	0	19	0	0	0	6	0	0	0	60	32	0	0	136	112	0	0	91	78	12	15	60	27	0	21	30	0	0	27	0	22	0	15	30	36	0	80	32	5	0	152	142	36	0	121	119	45	41	99	14	0	82	114	0	0	25	78	51	0	23	39	0	0	35	0	38	0	15	39	135	5	91	122	8	39	185	223	135	46
539	525	85	45	43	511	56	33	4	85	45	43	35	22	0	12	173	168	43	64	497	51	33	0	56	33	4	24	22	0	0	113	132	4	0	85	45	43	7	0	7	0	8	0	0	0	35	22	0	12	173	168	43	64	483	48	33	0	51	33	0	22	22	0	0	108	132	0	0	56	33	4	7	0	4	0	7	0	0	0	24	22	0	0	113	132	4	0	85	45	43	7	0	21	0	12	0	0	0	7	0	7	0	8	0	0	0	35	22	0	12	173	168	43	64	469	48	33	0	48	33	0	22	22	0	0	106	132	0	0	51	33	0	7	0	0	0	1	0	0	0	22	22	0	0	108	132	0	0	56	33	4	7	0	8	0	11	0	0	0	7	0	4	0	7	0	0	0	24	22	0	0	113	132	4	0	85	45	43	24	0	0	0	43	0	0	0	7	0	21	0	12	0	0	0	7	0	7	0	8	0	0	0	35	22	0	12	173	168	43	64
592	579	64	54	17	566	37	30	0	64	54	17	27	0	0	0	102	128	68	37	553	33	30	0	37	30	0	16	0	0	0	73	80	0	0	64	54	17	1	0	0	0	3	0	0	0	27	0	0	0	102	128	68	37	540	33	30	0	33	30	0	16	0	0	0	70	80	0	0	37	30	0	1	0	0	0	3	0	0	0	16	0	0	0	73	80	0	0	64	54	17	9	0	0	0	3	0	0	0	1	0	0	0	3	0	0	0	27	0	0	0	102	128	68	37	527	32	18	0	33	30	0	16	0	0	0	70	80	0	0	33	30	0	1	0	0	0	0	0	0	0	16	0	0	0	70	80	0	0	37	30	0	6	0	0	0	3	0	0	0	1	0	0	0	3	0	0	0	16	0	0	0	73	80	0	0	64	54	17	20	72	0	0	29	6	0	0	9	0	0	0	3	0	0	0	1	0	0	0	3	0	0	0	27	0	0	0	102	128	68	37
673	658	57	65	34	643	41	36	3	57	65	34	15	24	39	0	60	61	102	114	628	41	36	3	41	36	3	15	24	0	0	56	60	9	24	57	65	34	1	0	0	0	3	0	0	0	15	24	39	0	60	61	102	114	613	41	33	3	41	36	3	15	24	0	0	56	60	9	7	41	36	3	1	0	0	0	0	0	0	0	15	24	0	0	56	60	9	24	57	65	34	6	27	0	0	3	0	0	0	1	0	0	0	3	0	0	0	15	24	39	0	60	61	102	114	598	30	18	3	41	33	3	15	18	0	0	56	48	9	4	41	36	3	1	0	0	0	0	0	0	0	15	24	0	0	56	60	9	7	41	36	3	0	0	0	0	0	0	0	0	1	0	0	0	0	0	0	0	15	24	0	0	56	60	9	24	57	65	34	13	54	38	0	27	54	34	0	6	27	0	0	3	0	0	0	1	0	0	0	3	0	0	0	15	24	39	0	60	61	102	114
500	489	37	19	30	478	25	10	8	37	19	30	8	0	30	0	45	0	30	77	467	25	10	8	25	10	8	8	0	0	0	42	0	8	19	37	19	30	1	0	0	0	3	0	0	0	8	0	30	0	45	0	30	77	456	25	10	8	25	10	8	8	0	0	0	42	0	8	7	25	10	8	1	0	0	0	0	0	0	0	8	0	0	0	42	0	8	19	37	19	30	9	0	0	0	3	0	0	0	1	0	0	0	3	0	0	0	8	0	30	0	45	0	30	77	445	18	9	7	25	10	8	8	0	0	0	42	0	8	4	25	10	8	1	0	0	0	0	0	0	0	8	0	0	0	42	0	8	7	25	10	8	0	0	0	0	0	0	0	0	1	0	0	0	0	0	0	0	8	0	0	0	42	0	8	19	37	19	30	15	9	38	4	24	9	0	0	9	0	0	0	3	0	0	0	1	0	0	0	3	0	0	0	8	0	30	0	45	0	30	77
598	584	46	36	39	570	32	25	26	46	36	39	16	0	26	7	46	13	39	32	556	32	25	26	32	25	26	16	0	24	7	46	13	26	7	46	36	39	1	0	0	0	1	0	0	0	16	0	26	7	46	13	39	32	542	32	25	26	32	25	26	16	0	24	7	46	13	26	7	32	25	26	1	0	0	0	1	0	0	0	16	0	24	7	46	13	26	7	46	36	39	3	0	0	0	1	0	0	0	1	0	0	0	1	0	0	0	16	0	26	7	46	13	39	32	528	27	24	18	32	25	26	16	0	24	4	46	13	26	4	32	25	26	1	0	0	0	1	0	0	0	16	0	24	7	46	13	26	7	32	25	26	0	0	0	0	1	0	0	0	1	0	0	0	1	0	0	0	16	0	24	7	46	13	26	7	46	36	39	16	11	18	30	22	11	0	0	3	0	0	0	1	0	0	0	1	0	0	0	1	0	0	0	16	0	26	7	46	13	39	32
683	668	62	38	45	653	46	14	38	62	38	45	21	0	50	7	49	0	90	15	638	46	14	38	46	14	38	21	0	48	7	49	0	76	7	62	38	45	1	0	0	0	1	0	0	0	21	0	50	7	49	0	90	15	623	46	14	38	46	14	38	21	0	48	7	49	0	76	7	46	14	38	1	0	0	0	1	0	0	0	21	0	48	7	49	0	76	7	62	38	45	3	0	0	0	1	0	0	0	1	0	0	0	1	0	0	0	21	0	50	7	49	0	90	15	608	42	12	18	46	14	38	21	0	48	4	49	0	76	4	46	14	38	1	0	0	0	1	0	0	0	21	0	48	7	49	0	76	7	46	14	38	0	0	0	0	1	0	0	0	1	0	0	0	1	0	0	0	21	0	48	7	49	0	76	7	62	38	45	19	24	0	30	27	36	0	26	3	0	0	0	1	0	0	0	1	0	0	0	1	0	0	0	21	0	50	7	49	0	90	15
816	795	102	137	63	774	73	101	19	102	137	63	52	0	105	23	111	138	189	157	753	71	101	16	73	101	19	46	0	58	17	98	138	57	28	102	137	63	6	0	20	15	10	0	0	0	52	0	105	23	111	138	189	157	732	71	101	10	71	101	16	46	0	49	7	97	138	48	7	73	101	19	6	0	16	0	1	0	0	0	46	0	58	17	98	138	57	28	102	137	63	9	0	0	3	11	0	0	5	6	0	20	15	10	0	0	0	52	0	105	23	111	138	189	157	711	59	98	4	71	101	10	46	0	29	4	97	138	30	4	71	101	16	6	0	10	0	1	0	0	0	46	0	49	7	97	138	48	7	73	101	19	0	0	0	0	2	0	0	0	6	0	16	0	1	0	0	0	46	0	58	17	98	138	57	28	102	137	63	16	36	38	12	58	72	0	0	9	0	0	3	11	0	0	5	6	0	20	15	10	0	0	0	52	0	105	23	111	138	189	157
626	612	59	13	95	598	59	13	34	59	13	95	40	0	0	50	54	0	0	211	584	59	13	33	59	13	34	40	0	0	47	54	0	0	94	59	13	95	13	0	0	7	3	0	0	0	40	0	0	50	54	0	0	211	570	58	13	33	59	13	33	40	0	0	47	54	0	0	91	59	13	34	13	0	0	7	3	0	0	0	40	0	0	47	54	0	0	94	59	13	95	0	0	9	0	0	0	0	0	13	0	0	7	3	0	0	0	40	0	0	50	54	0	0	211	556	43	0	32	58	13	33	38	0	0	46	50	0	0	85	59	13	33	13	0	0	7	3	0	0	0	40	0	0	47	54	0	0	91	59	13	34	0	0	0	0	0	0	0	0	13	0	0	7	3	0	0	0	40	0	0	47	54	0	0	94	59	13	95	1	0	94	3	3	0	95	0	0	0	9	0	0	0	0	0	13	0	0	7	3	0	0	0	40	0	0	50	54	0	0	211
730	713	73	66	72	696	69	66	32	73	66	72	54	0	4	44	75	26	0	142	679	69	66	31	69	66	32	54	0	4	41	75	26	0	60	73	66	72	25	0	0	7	12	0	0	0	54	0	4	44	75	26	0	142	662	68	66	31	69	66	31	54	0	4	41	75	26	0	57	69	66	32	25	0	0	7	12	0	0	0	54	0	4	41	75	26	0	60	73	66	72	19	0	9	0	7	0	0	0	25	0	0	7	12	0	0	0	54	0	4	44	75	26	0	142	645	54	42	28	68	66	31	52	0	4	40	71	26	0	51	69	66	31	25	0	0	7	12	0	0	0	54	0	4	41	75	26	0	57	69	66	32	16	0	0	0	5	0	0	0	25	0	0	7	12	0	0	0	54	0	4	41	75	26	0	60	73	66	72	14	0	67	7	16	0	144	0	19	0	9	0	7	0	0	0	25	0	0	7	12	0	0	0	54	0	4	44	75	26	0	142
784	766	100	72	77	748	91	69	48	100	72	77	90	39	26	68	124	39	0	97	730	88	69	27	91	69	48	84	39	24	18	122	39	0	22	100	72	77	46	0	0	16	18	0	0	82	90	39	26	68	124	39	0	97	712	82	69	24	88	69	27	75	39	20	15	113	39	0	19	91	69	48	40	0	0	10	17	0	0	17	84	39	24	18	122	39	0	22	100	72	77	36	0	35	15	16	0	0	0	46	0	0	16	18	0	0	82	90	39	26	68	124	39	0	97	694	66	29	16	82	69	24	65	39	14	9	93	39	0	13	88	69	27	34	0	0	0	17	0	0	0	75	39	20	15	113	39	0	19	91	69	48	25	0	20	0	10	0	0	0	40	0	0	10	17	0	0	17	84	39	24	18	122	39	0	22	100	72	77	23	16	50	7	34	42	231	5	36	0	35	15	16	0	0	0	46	0	0	16	18	0	0	82	90	39	26	68	124	39	0	97
680	664	89	88	39	648	75	73	34	89	88	39	79	68	38	44	111	83	39	0	632	70	73	22	75	73	34	69	68	36	12	107	83	34	0	89	88	39	44	0	0	16	24	26	0	45	79	68	38	44	111	83	39	0	616	62	68	18	70	73	22	58	68	32	9	93	83	22	0	75	73	34	38	0	0	10	23	23	0	12	69	68	36	12	107	83	34	0	89	88	39	34	48	26	20	17	32	0	0	44	0	0	16	24	26	0	45	79	68	38	44	111	83	39	0	600	47	37	5	62	68	18	46	60	24	3	68	72	18	0	70	73	22	32	0	0	0	23	23	0	0	58	68	32	9	93	83	22	0	75	73	34	26	18	20	0	11	18	0	0	38	0	0	10	23	23	0	12	69	68	36	12	107	83	34	0	89	88	39	24	67	13	7	42	62	117	7	34	48	26	20	17	32	0	0	44	0	0	16	24	26	0	45	79	68	38	44	111	83	39	0
950	928	113	184	56	906	79	139	51	113	184	56	67	339	80	44	148	299	112	0	884	73	91	36	79	139	51	57	231	78	12	108	233	102	0	113	184	56	40	246	16	37	32	71	168	45	67	339	80	44	148	299	112	0	862	63	51	25	73	91	36	53	120	67	9	92	123	72	0	79	139	51	24	153	16	21	28	62	153	12	57	231	78	12	108	233	102	0	113	184	56	32	135	43	44	22	80	168	0	40	246	16	37	32	71	168	45	67	339	80	44	148	299	112	0	840	45	27	5	63	51	25	47	54	41	3	73	27	50	0	73	91	36	24	81	14	0	28	51	108	0	53	120	67	9	92	123	72	0	79	139	51	21	81	37	0	13	61	153	0	24	153	16	21	28	62	153	12	57	231	78	12	108	233	102	0	113	184	56	28	54	13	7	62	125	112	7	32	135	43	44	22	80	168	0	40	246	16	37	32	71	168	45	67	339	80	44	148	299	112	0
718	701	95	85	75	684	76	76	47	95	85	75	79	99	45	78	171	163	0	95	667	65	71	46	76	76	47	59	91	16	75	129	147	0	85	95	85	75	31	54	46	10	32	66	0	0	79	99	45	78	171	163	0	95	650	58	60	41	65	71	46	51	90	16	66	96	125	0	58	76	76	47	25	50	17	8	27	60	0	0	59	91	16	75	129	147	0	85	95	85	75	39	10	42	37	21	22	75	0	31	54	46	10	32	66	0	0	79	99	45	78	171	163	0	95	633	40	20	25	58	60	41	39	50	14	48	83	100	0	43	65	71	46	15	50	17	5	26	60	0	0	51	90	16	66	96	125	0	58	76	76	47	18	10	0	21	12	20	47	0	25	50	17	8	27	60	0	0	59	91	16	75	129	147	0	85	95	85	75	25	0	76	64	23	31	300	0	39	10	42	37	21	22	75	0	31	54	46	10	32	66	0	0	79	99	45	78	171	163	0	95
687	671	79	59	67	655	58	48	51	79	59	67	60	0	45	62	143	69	67	56	639	46	48	50	58	48	51	40	0	16	59	89	36	51	51	79	59	67	25	0	54	10	24	72	0	0	60	0	45	62	143	69	67	56	623	40	44	44	46	48	50	32	0	16	50	54	36	50	36	58	48	51	16	0	25	8	23	72	0	0	40	0	16	59	89	36	51	51	79	59	67	40	44	18	44	22	35	0	0	25	0	54	10	24	72	0	0	60	0	45	62	143	69	67	56	607	23	0	21	40	44	44	22	0	14	32	42	33	44	25	46	48	50	6	0	25	5	22	72	0	0	32	0	16	50	54	36	50	36	58	48	51	3	0	0	21	9	24	0	0	16	0	25	8	23	72	0	0	40	0	16	59	89	36	51	51	79	59	67	6	0	44	64	19	12	268	11	40	44	18	44	22	35	0	0	25	0	54	10	24	72	0	0	60	0	45	62	143	69	67	56
377	368	50	25	9	359	34	20	9	50	25	9	27	0	0	0	90	39	9	0	350	31	20	9	34	20	9	18	0	0	0	54	34	9	0	50	25	9	9	0	0	0	21	18	0	0	27	0	0	0	90	39	9	0	341	28	18	9	31	20	9	18	0	0	0	46	34	9	0	34	20	9	6	0	0	0	18	18	0	0	18	0	0	0	54	34	9	0	50	25	9	35	10	0	0	19	13	0	0	9	0	0	0	21	18	0	0	27	0	0	0	90	39	9	0	332	11	8	4	28	18	9	11	0	0	0	41	31	9	0	31	20	9	6	0	0	0	18	18	0	0	18	0	0	0	46	34	9	0	34	20	9	1	0	0	0	7	8	0	0	6	0	0	0	18	18	0	0	18	0	0	0	54	34	9	0	50	25	9	3	0	0	20	11	30	18	0	35	10	0	0	19	13	0	0	9	0	0	0	21	18	0	0	27	0	0	0	90	39	9	0
388	379	37	24	9	370	18	8	8	37	24	9	2	0	18	8	63	40	36	0	361	17	8	8	18	8	8	0	0	16	8	13	0	32	0	37	24	9	13	0	9	0	19	0	0	0	2	0	18	8	63	40	36	0	352	13	4	7	17	8	8	0	0	16	7	11	0	32	0	18	8	8	1	0	8	0	16	0	0	0	0	0	16	8	13	0	32	0	37	24	9	28	16	0	7	14	16	0	0	13	0	9	0	19	0	0	0	2	0	18	8	63	40	36	0	343	1	0	3	13	4	7	0	0	14	3	11	0	28	0	17	8	8	0	0	8	0	16	0	0	0	0	0	16	7	11	0	32	0	18	8	8	0	0	0	3	7	0	0	0	1	0	8	0	16	0	0	0	0	0	16	8	13	0	32	0	37	24	9	0	0	9	12	10	8	9	0	28	16	0	7	14	16	0	0	13	0	9	0	19	0	0	0	2	0	18	8	63	40	36	0
507	495	45	47	0	483	21	32	0	45	47	0	11	0	0	0	94	69	0	0	471	15	32	0	21	32	0	2	0	0	0	34	24	0	0	45	47	0	12	0	0	0	15	48	0	0	11	0	0	0	94	69	0	0	459	9	12	0	15	32	0	0	0	0	0	15	24	0	0	21	32	0	0	0	0	0	11	48	0	0	2	0	0	0	34	24	0	0	45	47	0	10	60	0	0	12	28	0	0	12	0	0	0	15	48	0	0	11	0	0	0	94	69	0	0	447	1	0	0	9	12	0	0	0	0	0	8	9	0	0	15	32	0	0	0	0	0	11	48	0	0	0	0	0	0	15	24	0	0	21	32	0	0	0	0	0	6	16	0	0	0	0	0	0	11	48	0	0	2	0	0	0	34	24	0	0	45	47	0	0	0	0	0	10	8	0	0	10	60	0	0	12	28	0	0	12	0	0	0	15	48	0	0	11	0	0	0	94	69	0	0
428	418	39	16	30	408	16	0	18	39	16	30	16	0	45	45	56	48	60	9	398	13	0	8	16	0	18	6	0	36	24	6	0	36	8	39	16	30	22	0	22	8	14	8	0	56	16	0	45	45	56	48	60	9	388	0	0	8	13	0	8	0	0	8	24	3	0	16	8	16	0	18	0	0	18	8	10	0	0	51	6	0	36	24	6	0	36	8	39	16	30	0	0	61	0	6	0	0	0	22	0	22	8	14	8	0	56	16	0	45	45	56	48	60	9	378	0	0	7	0	0	8	0	0	8	21	0	0	16	7	13	0	8	0	0	0	7	10	0	0	36	0	0	8	24	3	0	16	8	16	0	18	0	0	36	0	6	0	0	0	0	0	18	8	10	0	0	51	6	0	36	24	6	0	36	8	39	16	30	0	0	0	7	12	0	0	0	0	0	61	0	6	0	0	0	22	0	22	8	14	8	0	56	16	0	45	45	56	48	60	9
553	540	44	39	41	527	20	12	18	44	39	41	16	0	45	45	58	72	123	76	514	17	9	8	20	12	18	6	0	36	24	9	0	54	59	44	39	41	19	27	22	8	20	9	0	56	16	0	45	45	58	72	123	76	501	1	0	8	17	9	8	0	0	8	24	6	0	24	58	20	12	18	0	0	18	8	16	0	0	51	6	0	36	24	9	0	54	59	44	39	41	0	0	105	0	8	0	41	0	19	27	22	8	20	9	0	56	16	0	45	45	58	72	123	76	488	0	0	7	1	0	8	0	0	8	21	0	0	24	51	17	9	8	0	0	0	7	16	0	0	36	0	0	8	24	6	0	24	58	20	12	18	0	0	36	0	8	0	18	0	0	0	18	8	16	0	0	51	6	0	36	24	9	0	54	59	44	39	41	0	0	0	7	12	12	0	0	0	0	105	0	8	0	41	0	19	27	22	8	20	9	0	56	16	0	45	45	58	72	123	76
549	536	41	50	18	523	17	22	9	41	50	18	18	0	33	18	64	70	72	9	510	13	14	0	17	22	9	8	0	27	0	18	0	36	8	41	50	18	13	56	22	0	14	18	0	56	18	0	33	18	64	70	72	9	497	1	0	0	13	14	0	0	0	0	0	10	0	0	8	17	22	9	0	0	18	0	10	11	0	51	8	0	27	0	18	0	36	8	41	50	18	0	0	49	0	4	22	36	0	13	56	22	0	14	18	0	56	18	0	33	18	64	70	72	9	484	0	0	0	1	0	0	0	0	0	0	0	0	0	7	13	14	0	0	0	0	0	10	7	0	36	0	0	0	0	10	0	0	8	17	22	9	0	0	27	0	4	22	18	0	0	0	18	0	10	11	0	51	8	0	27	0	18	0	36	8	41	50	18	0	0	0	0	10	11	0	0	0	0	49	0	4	22	36	0	13	56	22	0	14	18	0	56	18	0	33	18	64	70	72	9
383	374	28	15	12	365	12	8	0	28	15	12	0	0	0	0	47	14	12	18	356	12	7	0	12	8	0	0	0	0	0	8	0	0	17	28	15	12	11	7	0	0	14	0	0	0	0	0	0	0	47	14	12	18	347	2	0	0	12	7	0	0	0	0	0	8	0	0	17	12	8	0	0	0	0	0	10	0	0	0	0	0	0	0	8	0	0	17	28	15	12	0	0	26	0	5	0	12	0	11	7	0	0	14	0	0	0	0	0	0	0	47	14	12	18	338	1	0	0	2	0	0	0	0	0	0	2	0	0	16	12	7	0	0	0	0	0	10	0	0	0	0	0	0	0	8	0	0	17	12	8	0	0	0	0	0	5	0	0	0	0	0	0	0	10	0	0	0	0	0	0	0	8	0	0	17	28	15	12	0	0	0	0	8	8	0	0	0	0	26	0	5	0	12	0	11	7	0	0	14	0	0	0	0	0	0	0	47	14	12	18
425	415	33	25	3	405	9	0	0	33	25	3	4	0	0	0	36	70	15	0	395	8	0	0	9	0	0	0	0	0	0	3	0	0	0	33	25	3	12	0	0	0	10	5	0	0	4	0	0	0	36	70	15	0	385	0	0	0	8	0	0	0	0	0	0	3	0	0	0	9	0	0	0	0	0	0	7	0	0	0	0	0	0	0	3	0	0	0	33	25	3	0	0	12	0	4	0	0	0	12	0	0	0	10	5	0	0	4	0	0	0	36	70	15	0	375	0	0	0	0	0	0	0	0	0	0	0	0	0	0	8	0	0	0	0	0	0	7	0	0	0	0	0	0	0	3	0	0	0	9	0	0	0	0	0	0	4	0	0	0	0	0	0	0	7	0	0	0	0	0	0	0	3	0	0	0	33	25	3	0	0	0	0	7	0	0	0	0	0	12	0	4	0	0	0	12	0	0	0	10	5	0	0	4	0	0	0	36	70	15	0
754	736	32	32	124	718	16	0	83	32	32	124	10	0	44	57	13	16	248	104	700	7	0	75	16	0	83	0	0	38	45	3	0	166	45	32	32	124	0	0	86	73	4	0	0	0	10	0	44	57	13	16	248	104	682	7	0	61	7	0	75	0	0	34	16	3	0	150	16	16	0	83	0	0	45	50	4	0	0	0	0	0	38	45	3	0	166	45	32	32	124	0	0	0	56	4	0	0	56	0	0	86	73	4	0	0	0	10	0	44	57	13	16	248	104	664	7	0	54	7	0	61	0	0	13	16	3	0	122	16	7	0	75	0	0	36	50	0	0	0	0	0	0	34	16	3	0	150	16	16	0	83	0	0	0	47	4	0	0	51	0	0	45	50	4	0	0	0	0	0	38	45	3	0	166	45	32	32	124	2	0	0	54	11	0	0	0	0	0	0	56	4	0	0	56	0	0	86	73	4	0	0	0	10	0	44	57	13	16	248	104
584	570	28	40	70	556	12	0	62	28	40	70	10	0	68	33	11	10	280	3	542	8	0	60	12	0	62	0	0	62	27	0	0	248	0	28	40	70	0	0	42	18	3	0	0	0	10	0	68	33	11	10	280	3	528	8	0	45	8	0	60	0	0	58	0	0	0	240	0	12	0	62	0	0	33	0	3	0	0	0	0	0	62	27	0	0	248	0	28	40	70	0	0	0	66	2	0	0	56	0	0	42	18	3	0	0	0	10	0	68	33	11	10	280	3	514	8	0	29	8	0	45	0	0	31	0	0	0	180	0	8	0	60	0	0	27	0	0	0	0	0	0	0	58	0	0	0	240	0	12	0	62	0	0	0	30	2	0	0	51	0	0	33	0	3	0	0	0	0	0	62	27	0	0	248	0	28	40	70	2	0	0	54	7	0	0	34	0	0	0	66	2	0	0	56	0	0	42	18	3	0	0	0	10	0	68	33	11	10	280	3
376	367	19	14	22	358	6	0	10	19	14	22	4	0	0	0	6	7	44	21	349	3	0	10	6	0	10	0	0	0	0	0	0	20	9	19	14	22	0	0	14	0	1	0	0	0	4	0	0	0	6	7	44	21	340	3	0	10	3	0	10	0	0	0	0	0	0	20	0	6	0	10	0	0	0	0	1	0	0	0	0	0	0	0	0	0	20	9	19	14	22	0	0	0	0	2	0	0	0	0	0	14	0	1	0	0	0	4	0	0	0	6	7	44	21	331	3	0	6	3	0	10	0	0	0	0	0	0	20	0	3	0	10	0	0	0	0	0	0	0	0	0	0	0	0	0	0	20	0	6	0	10	0	0	0	0	2	0	0	0	0	0	0	0	1	0	0	0	0	0	0	0	0	0	20	9	19	14	22	2	0	0	24	5	0	0	0	0	0	0	0	2	0	0	0	0	0	14	0	1	0	0	0	4	0	0	0	6	7	44	21
582	568	31	49	43	554	16	9	11	31	49	43	10	36	28	33	14	27	172	92	540	10	0	9	16	9	11	4	0	22	27	7	0	44	45	31	49	43	0	0	65	18	6	0	43	0	10	36	28	33	14	27	172	92	526	10	0	0	10	0	9	4	0	18	0	7	0	36	16	16	9	11	0	0	33	0	5	0	11	0	4	0	22	27	7	0	44	45	31	49	43	4	0	0	0	6	0	0	56	0	0	65	18	6	0	43	0	10	36	28	33	14	27	172	92	512	7	0	0	10	0	0	4	0	0	0	7	0	0	16	10	0	9	0	0	27	0	1	0	9	0	4	0	18	0	7	0	36	16	16	9	11	0	0	0	0	4	0	0	51	0	0	33	0	5	0	11	0	4	0	22	27	7	0	44	45	31	49	43	6	0	0	0	7	31	0	0	4	0	0	0	6	0	0	56	0	0	65	18	6	0	43	0	10	36	28	33	14	27	172	92
376	367	20	14	21	358	7	0	0	20	14	21	4	0	0	0	6	7	42	62	349	3	0	0	7	0	0	0	0	0	0	0	0	0	27	20	14	21	0	0	23	0	1	0	0	0	4	0	0	0	6	7	42	62	340	3	0	0	3	0	0	0	0	0	0	0	0	0	8	7	0	0	0	0	0	0	1	0	0	0	0	0	0	0	0	0	0	27	20	14	21	0	0	0	0	2	0	0	0	0	0	23	0	1	0	0	0	4	0	0	0	6	7	42	62	331	3	0	0	3	0	0	0	0	0	0	0	0	0	8	3	0	0	0	0	0	0	0	0	0	0	0	0	0	0	0	0	0	8	7	0	0	0	0	0	0	2	0	0	0	0	0	0	0	1	0	0	0	0	0	0	0	0	0	0	27	20	14	21	2	0	0	0	6	0	0	0	0	0	0	0	2	0	0	0	0	0	23	0	1	0	0	0	4	0	0	0	6	7	42	62
810	790	41	36	161	770	35	36	150	41	36	161	16	0	31	12	35	0	0	70	750	35	36	150	35	36	150	16	0	31	12	35	0	0	62	41	36	161	0	0	0	0	4	0	0	0	16	0	31	12	35	0	0	70	730	35	36	149	35	36	150	16	0	31	12	35	0	0	60	35	36	150	0	0	0	0	2	0	0	0	16	0	31	12	35	0	0	62	41	36	161	6	0	0	8	4	0	0	0	0	0	0	0	4	0	0	0	16	0	31	12	35	0	0	70	710	32	36	85	35	36	149	16	0	29	9	35	0	0	45	35	36	150	0	0	0	0	2	0	0	0	16	0	31	12	35	0	0	60	35	36	150	0	0	0	0	0	0	0	0	0	0	0	0	2	0	0	0	16	0	31	12	35	0	0	62	41	36	161	9	0	9	171	4	0	0	283	6	0	0	8	4	0	0	0	0	0	0	0	4	0	0	0	16	0	31	12	35	0	0	70
727	709	25	47	131	691	16	32	76	25	47	131	5	0	91	86	12	0	131	280	673	16	32	73	16	32	76	5	0	73	77	12	0	76	166	25	47	131	0	0	0	33	7	0	0	0	5	0	91	86	12	0	131	280	655	16	32	70	16	32	73	5	0	64	71	12	0	73	154	16	32	76	0	0	0	27	2	0	0	0	5	0	73	77	12	0	76	166	25	47	131	6	0	0	26	6	0	0	0	0	0	0	33	7	0	0	0	5	0	91	86	12	0	131	280	637	12	30	22	16	32	70	5	0	56	35	12	0	70	116	16	32	73	0	0	0	0	2	0	0	0	5	0	64	71	12	0	73	154	16	32	76	0	0	0	0	0	0	0	0	0	0	0	27	2	0	0	0	5	0	73	77	12	0	76	166	25	47	131	7	30	9	66	5	15	0	244	6	0	0	26	6	0	0	0	0	0	0	33	7	0	0	0	5	0	91	86	12	0	131	280
595	580	36	66	58	565	17	44	46	36	66	58	12	44	131	42	27	77	116	43	550	14	44	43	17	44	46	4	44	113	33	23	77	92	11	36	66	58	4	0	10	33	12	20	0	0	12	44	131	42	27	77	116	43	535	11	40	30	14	44	43	1	44	104	27	16	77	86	9	17	44	46	0	0	10	27	2	11	0	0	4	44	113	33	23	77	92	11	36	66	58	2	36	10	26	6	18	0	75	4	0	10	33	12	20	0	0	12	44	131	42	27	77	116	43	520	9	18	0	11	40	30	1	36	56	0	4	63	60	0	14	44	43	0	0	10	0	2	11	0	0	1	44	104	27	16	77	86	9	17	44	46	0	0	10	0	0	0	0	47	0	0	10	27	2	11	0	0	4	44	113	33	23	77	92	11	36	66	58	5	36	9	0	6	9	116	172	2	36	10	26	6	18	0	75	4	0	10	33	12	20	0	0	12	44	131	42	27	77	116	43
405	395	14	9	49	385	10	9	0	14	9	49	4	0	9	0	7	0	0	280	375	10	9	0	10	9	0	4	0	0	0	7	0	0	166	14	9	49	0	0	0	0	2	0	0	0	4	0	9	0	7	0	0	280	365	10	9	0	10	9	0	4	0	0	0	7	0	0	154	10	9	0	0	0	0	0	1	0	0	0	4	0	0	0	7	0	0	166	14	9	49	4	0	0	0	2	0	0	0	0	0	0	0	2	0	0	0	4	0	9	0	7	0	0	280	355	8	9	0	10	9	0	4	0	0	0	7	0	0	116	10	9	0	0	0	0	0	1	0	0	0	4	0	0	0	7	0	0	154	10	9	0	0	0	0	0	0	0	0	0	0	0	0	0	1	0	0	0	4	0	0	0	7	0	0	166	14	9	49	6	0	0	0	3	0	0	0	4	0	0	0	2	0	0	0	0	0	0	0	2	0	0	0	4	0	9	0	7	0	0	280
318	310	13	12	19	302	9	12	0	13	12	19	4	0	9	0	7	0	0	113	294	9	12	0	9	12	0	4	0	0	0	7	0	0	73	13	12	19	0	0	0	0	2	0	0	0	4	0	9	0	7	0	0	113	286	9	12	0	9	12	0	4	0	0	0	7	0	0	69	9	12	0	0	0	0	0	1	0	0	0	4	0	0	0	7	0	0	73	13	12	19	4	0	0	0	2	0	0	0	0	0	0	0	2	0	0	0	4	0	9	0	7	0	0	113	278	7	12	0	9	12	0	4	0	0	0	7	0	0	45	9	12	0	0	0	0	0	1	0	0	0	4	0	0	0	7	0	0	69	9	12	0	0	0	0	0	0	0	0	0	0	0	0	0	1	0	0	0	4	0	0	0	7	0	0	73	13	12	19	6	0	0	0	3	0	0	0	4	0	0	0	2	0	0	0	0	0	0	0	2	0	0	0	4	0	9	0	7	0	0	113
552	538	39	35	91	524	23	33	76	39	35	91	27	22	11	71	70	139	0	58	510	14	22	69	23	33	76	13	22	10	65	46	132	0	46	39	35	91	8	0	29	70	9	12	91	0	27	22	11	71	70	139	0	58	496	9	0	53	14	22	69	9	0	10	59	20	77	0	43	23	33	76	8	0	28	33	5	11	76	0	13	22	10	65	46	132	0	46	39	35	91	10	0	48	59	2	0	182	18	8	0	29	70	9	12	91	0	27	22	11	71	70	139	0	58	482	5	0	25	9	0	53	4	0	10	42	4	0	0	30	14	22	69	8	0	28	27	5	11	69	0	9	0	10	59	20	77	0	43	23	33	76	10	0	27	27	2	0	152	9	8	0	28	33	5	11	76	0	13	22	10	65	46	132	0	46	39	35	91	2	0	30	34	2	0	0	142	10	0	48	59	2	0	182	18	8	0	29	70	9	12	91	0	27	22	11	71	70	139	0	58
631	615	71	69	56	599	51	30	55	71	69	56	55	90	21	10	171	164	168	0	583	42	0	55	51	30	55	45	0	20	10	127	80	165	0	71	69	56	17	0	39	0	12	0	168	0	55	90	21	10	171	164	168	0	567	37	0	48	42	0	55	39	0	20	10	99	0	165	0	51	30	55	15	0	38	0	4	0	165	0	45	0	20	10	127	80	165	0	71	69	56	14	0	18	31	10	13	0	0	17	0	39	0	12	0	168	0	55	90	21	10	171	164	168	0	551	35	0	16	37	0	48	38	0	20	0	86	0	144	0	42	0	55	15	0	38	0	4	0	165	0	39	0	20	10	99	0	165	0	51	30	55	12	0	18	0	7	10	0	0	15	0	38	0	4	0	165	0	45	0	20	10	127	80	165	0	71	69	56	15	0	0	24	14	13	0	151	14	0	18	31	10	13	0	0	17	0	39	0	12	0	168	0	55	90	21	10	171	164	168	0
756	737	23	18	175	718	19	18	138	23	18	175	17	0	11	146	52	0	0	189	699	12	18	117	19	18	138	7	0	10	104	44	0	0	122	23	18	175	0	0	11	118	3	0	0	43	17	0	11	146	52	0	0	189	680	7	18	78	12	18	117	5	0	10	98	20	0	0	116	19	18	138	0	0	10	45	3	0	0	11	7	0	10	104	44	0	0	122	23	18	175	0	0	30	104	2	0	0	71	0	0	11	118	3	0	0	43	17	0	11	146	52	0	0	189	661	1	0	39	7	18	78	0	0	10	81	2	0	0	100	12	18	117	0	0	10	36	3	0	0	9	5	0	10	98	20	0	0	116	19	18	138	0	0	9	45	2	0	0	27	0	0	10	45	3	0	0	11	7	0	10	104	44	0	0	122	23	18	175	0	0	76	53	4	0	175	160	0	0	30	104	2	0	0	71	0	0	11	118	3	0	0	43	17	0	11	146	52	0	0	189
396	386	26	16	50	376	12	16	47	26	16	50	20	0	11	44	71	48	0	0	366	5	0	44	12	16	47	2	0	10	38	37	48	0	0	26	16	50	0	0	11	42	7	0	100	0	20	0	11	44	71	48	0	0	356	3	0	35	5	0	44	0	0	10	32	16	0	0	0	12	16	47	0	0	10	33	1	0	94	0	2	0	10	38	37	48	0	0	26	16	50	0	0	0	59	2	0	0	0	0	0	11	42	7	0	100	0	20	0	11	44	71	48	0	0	346	2	0	9	3	0	35	0	0	10	18	9	0	0	0	5	0	44	0	0	10	27	1	0	88	0	0	0	10	32	16	0	0	0	12	16	47	0	0	0	27	2	0	0	0	0	0	10	33	1	0	94	0	2	0	10	38	37	48	0	0	26	16	50	0	0	0	18	2	0	0	142	0	0	0	59	2	0	0	0	0	0	11	42	7	0	100	0	20	0	11	44	71	48	0	0
372	362	58	36	0	352	33	20	0	58	36	0	41	16	0	0	145	110	0	0	342	28	16	0	33	20	0	32	0	0	0	91	78	0	0	58	36	0	9	0	0	0	4	0	0	0	41	16	0	0	145	110	0	0	332	27	16	0	28	16	0	32	0	0	0	77	72	0	0	33	20	0	7	0	0	0	0	0	0	0	32	0	0	0	91	78	0	0	58	36	0	2	0	0	0	8	6	0	0	9	0	0	0	4	0	0	0	41	16	0	0	145	110	0	0	322	26	16	0	27	16	0	31	0	0	0	76	72	0	0	28	16	0	7	0	0	0	0	0	0	0	32	0	0	0	77	72	0	0	33	20	0	0	0	0	0	4	2	0	0	7	0	0	0	0	0	0	0	32	0	0	0	91	78	0	0	58	36	0	8	0	0	0	10	6	0	0	2	0	0	0	8	6	0	0	9	0	0	0	4	0	0	0	41	16	0	0	145	110	0	0
631	613	89	119	50	595	47	94	33	89	119	50	39	114	60	54	206	344	100	56	577	47	92	32	47	94	33	39	108	21	50	109	290	66	55	89	119	50	7	24	0	10	5	0	0	0	39	114	60	54	206	344	100	56	559	46	92	32	47	92	32	39	108	20	50	109	286	64	55	47	94	33	5	24	0	10	0	0	0	0	39	108	21	50	109	290	66	55	89	119	50	11	0	0	0	24	8	0	0	7	24	0	10	5	0	0	0	39	114	60	54	206	344	100	56	541	39	84	32	46	92	32	38	108	20	50	108	286	64	48	47	92	32	5	24	0	10	0	0	0	0	39	108	20	50	109	286	64	55	47	94	33	1	0	0	0	10	0	0	0	5	24	0	10	0	0	0	0	39	108	21	50	109	290	66	55	89	119	50	10	72	34	0	16	42	0	0	11	0	0	0	24	8	0	0	7	24	0	10	5	0	0	0	39	114	60	54	206	344	100	56
379	368	60	43	12	357	26	32	0	60	43	12	26	40	34	0	144	140	12	56	346	26	30	0	26	32	0	26	36	0	0	69	112	0	55	60	43	12	7	12	0	0	3	0	0	0	26	40	34	0	144	140	12	56	335	25	30	0	26	30	0	26	36	0	0	69	108	0	55	26	32	0	5	12	0	0	0	0	0	0	26	36	0	0	69	112	0	55	60	43	12	2	0	0	0	13	5	0	0	7	12	0	0	3	0	0	0	26	40	34	0	144	140	12	56	324	24	30	0	25	30	0	25	36	0	0	68	108	0	48	26	30	0	5	12	0	0	0	0	0	0	26	36	0	0	69	108	0	55	26	32	0	0	0	0	0	4	0	0	0	5	12	0	0	0	0	0	0	26	36	0	0	69	112	0	55	60	43	12	8	0	0	0	10	5	0	0	2	0	0	0	13	5	0	0	7	12	0	0	3	0	0	0	26	40	34	0	144	140	12	56
403	392	56	37	12	381	30	18	0	56	37	12	31	9	34	0	142	64	36	56	370	30	18	0	30	18	0	31	9	0	0	85	27	0	55	56	37	12	9	0	0	0	7	0	0	0	31	9	34	0	142	64	36	56	359	29	18	0	30	18	0	31	9	0	0	85	27	0	55	30	18	0	7	0	0	0	0	0	0	0	31	9	0	0	85	27	0	55	56	37	12	2	0	0	0	9	6	0	0	9	0	0	0	7	0	0	0	31	9	34	0	142	64	36	56	348	28	18	0	29	18	0	30	9	0	0	84	27	0	48	30	18	0	7	0	0	0	0	0	0	0	31	9	0	0	85	27	0	55	30	18	0	0	0	0	0	3	0	0	0	7	0	0	0	0	0	0	0	31	9	0	0	85	27	0	55	56	37	12	8	0	0	0	10	6	0	0	2	0	0	0	9	6	0	0	9	0	0	0	7	0	0	0	31	9	34	0	142	64	36	56
458	445	62	59	2	432	30	36	0	62	59	2	29	27	4	0	150	134	8	0	419	30	36	0	30	36	0	29	27	0	0	81	81	0	0	62	59	2	9	0	0	0	12	0	0	0	29	27	4	0	150	134	8	0	406	29	36	0	30	36	0	29	27	0	0	81	81	0	0	30	36	0	7	0	0	0	0	0	0	0	29	27	0	0	81	81	0	0	62	59	2	2	0	0	0	9	5	0	0	9	0	0	0	12	0	0	0	29	27	4	0	150	134	8	0	393	28	36	0	29	36	0	28	27	0	0	80	81	0	0	30	36	0	7	0	0	0	0	0	0	0	29	27	0	0	81	81	0	0	30	36	0	0	0	0	0	4	0	0	0	7	0	0	0	0	0	0	0	29	27	0	0	81	81	0	0	62	59	2	8	0	0	0	9	5	0	0	2	0	0	0	9	5	0	0	9	0	0	0	12	0	0	0	29	27	4	0	150	134	8	0
295	287	40	17	0	279	17	7	0	40	17	0	17	0	0	0	91	37	0	0	271	17	7	0	17	7	0	17	0	0	0	37	7	0	0	40	17	0	5	0	0	0	13	0	0	0	17	0	0	0	91	37	0	0	263	16	7	0	17	7	0	17	0	0	0	37	7	0	0	17	7	0	3	0	0	0	0	0	0	0	17	0	0	0	37	7	0	0	40	17	0	2	0	0	0	5	2	0	0	5	0	0	0	13	0	0	0	17	0	0	0	91	37	0	0	255	15	7	0	16	7	0	16	0	0	0	36	7	0	0	17	7	0	3	0	0	0	0	0	0	0	17	0	0	0	37	7	0	0	17	7	0	0	0	0	0	3	0	0	0	3	0	0	0	0	0	0	0	17	0	0	0	37	7	0	0	40	17	0	0	0	0	0	3	2	0	0	2	0	0	0	5	2	0	0	5	0	0	0	13	0	0	0	17	0	0	0	91	37	0	0
835	811	113	191	68	787	72	152	34	113	191	68	57	228	22	49	234	461	136	76	763	70	147	19	72	152	34	55	219	22	10	145	392	68	33	113	191	68	33	77	0	28	21	26	0	56	57	228	22	49	234	461	136	76	739	61	132	19	70	147	19	55	217	18	10	144	387	38	32	72	152	34	14	51	0	28	2	0	0	55	55	219	22	10	145	392	68	33	113	191	68	26	26	68	0	29	60	68	0	33	77	0	28	21	26	0	56	57	228	22	49	234	461	136	76	715	54	119	19	61	132	19	45	204	18	10	134	374	38	32	70	147	19	14	51	0	28	2	0	0	55	55	217	18	10	144	387	38	32	72	152	34	19	0	66	0	22	51	34	0	14	51	0	28	2	0	0	55	55	219	22	10	145	392	68	33	113	191	68	23	0	63	0	11	17	68	0	26	26	68	0	29	60	68	0	33	77	0	28	21	26	0	56	57	228	22	49	234	461	136	76
565	550	56	50	61	535	27	0	55	56	50	61	32	0	44	45	84	150	305	0	520	23	0	20	27	0	55	21	0	44	11	48	0	275	0	56	50	61	13	0	0	62	14	40	0	197	32	0	44	45	84	150	305	0	505	18	0	19	23	0	20	21	0	18	10	47	0	100	0	27	0	55	3	0	0	58	1	0	0	178	21	0	44	11	48	0	275	0	56	50	61	4	0	44	10	4	0	0	0	13	0	0	62	14	40	0	197	32	0	44	45	84	150	305	0	490	16	0	19	18	0	19	16	0	18	10	42	0	95	0	23	0	20	3	0	0	58	1	0	0	168	21	0	18	10	47	0	100	0	27	0	55	0	0	44	10	4	0	0	0	3	0	0	58	1	0	0	178	21	0	44	11	48	0	275	0	56	50	61	0	0	11	0	1	0	0	0	4	0	44	10	4	0	0	0	13	0	0	62	14	40	0	197	32	0	44	45	84	150	305	0
455	443	49	11	48	431	34	0	20	49	11	48	31	0	0	38	116	11	48	64	419	32	0	0	34	0	20	29	0	0	0	82	0	20	33	49	11	48	7	0	0	0	12	22	0	106	31	0	0	38	116	11	48	64	407	31	0	0	32	0	0	29	0	0	0	81	0	0	32	34	0	20	5	0	0	0	1	0	0	102	29	0	0	0	82	0	20	33	49	11	48	2	0	0	0	4	0	0	0	7	0	0	0	12	22	0	106	31	0	0	38	116	11	48	64	395	28	0	0	31	0	0	28	0	0	0	80	0	0	32	32	0	0	5	0	0	0	1	0	0	99	29	0	0	0	81	0	0	32	34	0	20	0	0	0	0	4	0	0	0	5	0	0	0	1	0	0	102	29	0	0	0	82	0	20	33	49	11	48	4	0	16	0	4	0	0	0	2	0	0	0	4	0	0	0	7	0	0	0	12	22	0	106	31	0	0	38	116	11	48	64
404	393	42	31	13	382	23	10	0	42	31	13	22	0	0	0	80	52	39	14	371	21	10	0	23	10	0	20	0	0	0	48	10	0	0	42	31	13	5	0	0	0	12	14	0	0	22	0	0	0	80	52	39	14	360	20	10	0	21	10	0	20	0	0	0	47	10	0	0	23	10	0	3	0	0	0	1	0	0	0	20	0	0	0	48	10	0	0	42	31	13	2	0	0	0	4	0	0	0	5	0	0	0	12	14	0	0	22	0	0	0	80	52	39	14	349	19	10	0	20	10	0	19	0	0	0	46	10	0	0	21	10	0	3	0	0	0	1	0	0	0	20	0	0	0	47	10	0	0	23	10	0	0	0	0	0	4	0	0	0	3	0	0	0	1	0	0	0	20	0	0	0	48	10	0	0	42	31	13	0	0	0	0	1	0	0	0	2	0	0	0	4	0	0	0	5	0	0	0	12	14	0	0	22	0	0	0	80	52	39	14
403	392	44	34	7	381	22	10	0	44	34	7	25	0	0	0	74	70	28	2	370	19	10	0	22	10	0	19	0	0	0	45	10	0	0	44	34	7	5	0	0	0	11	18	0	0	25	0	0	0	74	70	28	2	359	18	10	0	19	10	0	19	0	0	0	44	10	0	0	22	10	0	3	0	0	0	1	0	0	0	19	0	0	0	45	10	0	0	44	34	7	2	0	0	0	4	0	0	0	5	0	0	0	11	18	0	0	25	0	0	0	74	70	28	2	348	17	10	0	18	10	0	18	0	0	0	43	10	0	0	19	10	0	3	0	0	0	1	0	0	0	19	0	0	0	44	10	0	0	22	10	0	0	0	0	0	4	0	0	0	3	0	0	0	1	0	0	0	19	0	0	0	45	10	0	0	44	34	7	0	0	0	0	1	0	0	0	2	0	0	0	4	0	0	0	5	0	0	0	11	18	0	0	25	0	0	0	74	70	28	2
623	606	49	64	84	589	30	12	65	49	64	84	41	48	70	33	46	12	336	68	572	14	0	65	30	12	65	17	0	70	33	40	0	260	55	49	64	84	2	0	134	0	2	0	84	0	41	48	70	33	46	12	336	68	555	13	0	48	14	0	65	13	0	70	18	30	0	260	20	30	12	65	2	0	126	0	2	0	65	0	17	0	70	33	40	0	260	55	49	64	84	0	0	13	60	1	0	0	91	2	0	134	0	2	0	84	0	41	48	70	33	46	12	336	68	538	13	0	36	13	0	48	13	0	64	18	30	0	192	19	14	0	65	2	0	126	0	2	0	65	0	13	0	70	18	30	0	260	20	30	12	65	0	0	11	36	1	0	0	76	2	0	126	0	2	0	65	0	17	0	70	33	40	0	260	55	49	64	84	0	0	0	27	0	0	0	58	0	0	13	60	1	0	0	91	2	0	134	0	2	0	84	0	41	48	70	33	46	12	336	68
490	476	46	66	18	462	23	30	8	46	66	18	34	42	24	0	44	105	90	61	448	16	24	8	23	30	8	16	12	24	0	36	84	40	55	46	66	18	2	0	32	0	2	0	18	0	34	42	24	0	44	105	90	61	434	16	24	8	16	24	8	16	12	24	0	34	84	40	20	23	30	8	2	0	32	0	2	0	8	0	16	12	24	0	36	84	40	55	46	66	18	0	0	0	0	1	0	0	0	2	0	32	0	2	0	18	0	34	42	24	0	44	105	90	61	420	16	24	8	16	24	8	16	12	24	0	34	84	40	19	16	24	8	2	0	32	0	2	0	8	0	16	12	24	0	34	84	40	20	23	30	8	0	0	0	0	1	0	0	0	2	0	32	0	2	0	8	0	16	12	24	0	36	84	40	55	46	66	18	0	0	0	0	0	0	0	0	0	0	0	0	1	0	0	0	2	0	32	0	2	0	18	0	34	42	24	0	44	105	90	61
585	568	63	87	60	551	38	72	11	63	87	60	48	59	0	22	84	148	60	197	534	30	52	11	38	72	11	37	39	0	22	64	140	11	109	63	87	60	18	0	65	0	4	14	120	0	48	59	0	22	84	148	60	197	517	27	52	9	30	52	11	32	39	0	18	59	130	11	39	38	72	11	15	0	44	0	2	13	22	0	37	39	0	22	64	140	11	109	63	87	60	8	0	26	18	6	13	0	0	18	0	65	0	4	14	120	0	48	59	0	22	84	148	60	197	500	27	52	9	27	52	9	32	39	0	18	59	130	9	38	30	52	11	15	0	44	0	2	13	22	0	32	39	0	18	59	130	11	39	38	72	11	8	0	11	18	6	13	0	0	15	0	44	0	2	13	22	0	37	39	0	22	64	140	11	109	63	87	60	0	0	0	0	1	0	0	0	8	0	26	18	6	13	0	0	18	0	65	0	4	14	120	0	48	59	0	22	84	148	60	197
441	429	26	27	46	417	12	0	22	26	27	46	15	0	22	11	24	0	138	81	405	8	0	22	12	0	22	4	0	22	11	20	0	66	55	26	27	46	0	0	0	0	1	0	0	0	15	0	22	11	24	0	138	81	393	8	0	9	8	0	22	4	0	22	0	19	0	66	20	12	0	22	0	0	0	0	1	0	0	0	4	0	22	11	20	0	66	55	26	27	46	0	0	0	18	1	0	0	91	0	0	0	0	1	0	0	0	15	0	22	11	24	0	138	81	381	8	0	0	8	0	9	4	0	18	0	19	0	27	19	8	0	22	0	0	0	0	1	0	0	0	4	0	22	0	19	0	66	20	12	0	22	0	0	0	0	1	0	0	76	0	0	0	0	1	0	0	0	4	0	22	11	20	0	66	55	26	27	46	0	0	0	0	0	0	0	58	0	0	0	18	1	0	0	91	0	0	0	0	1	0	0	0	15	0	22	11	24	0	138	81
368	358	34	16	36	348	21	0	0	34	16	36	28	0	0	0	47	0	72	149	338	16	0	0	21	0	0	17	0	0	0	43	0	0	89	34	16	36	3	0	13	0	1	0	0	0	28	0	0	0	47	0	72	149	328	15	0	0	16	0	0	16	0	0	0	41	0	0	39	21	0	0	3	0	0	0	1	0	0	0	17	0	0	0	43	0	0	89	34	16	36	0	0	13	0	4	0	0	0	3	0	13	0	1	0	0	0	28	0	0	0	47	0	72	149	318	15	0	0	15	0	0	16	0	0	0	41	0	0	38	16	0	0	3	0	0	0	1	0	0	0	16	0	0	0	41	0	0	39	21	0	0	0	0	0	0	4	0	0	0	3	0	0	0	1	0	0	0	17	0	0	0	43	0	0	89	34	16	36	0	0	0	0	1	0	0	0	0	0	13	0	4	0	0	0	3	0	13	0	1	0	0	0	28	0	0	0	47	0	72	149
365	354	39	38	36	343	22	24	28	39	38	36	20	16	77	16	42	68	72	18	332	22	24	28	22	24	28	20	16	63	16	37	64	56	8	39	38	36	2	0	0	0	1	0	0	0	20	16	77	16	42	68	72	18	321	22	24	28	22	24	28	20	16	63	16	37	64	56	8	22	24	28	2	0	0	0	1	0	0	0	20	16	63	16	37	64	56	8	39	38	36	0	0	0	0	0	0	0	0	2	0	0	0	1	0	0	0	20	16	77	16	42	68	72	18	310	22	24	28	22	24	28	20	16	63	16	37	64	56	8	22	24	28	2	0	0	0	1	0	0	0	20	16	63	16	37	64	56	8	22	24	28	0	0	0	0	0	0	0	0	2	0	0	0	1	0	0	0	20	16	63	16	37	64	56	8	39	38	36	0	0	0	0	0	0	0	0	0	0	0	0	0	0	0	0	2	0	0	0	1	0	0	0	20	16	77	16	42	68	72	18
576	560	19	0	147	544	5	0	114	19	0	147	3	0	113	62	20	0	0	148	528	5	0	114	5	0	114	3	0	82	62	15	0	0	95	19	0	147	0	0	0	0	0	0	0	0	3	0	113	62	20	0	0	148	512	5	0	114	5	0	114	3	0	82	62	15	0	0	95	5	0	114	0	0	0	0	0	0	0	0	3	0	82	62	15	0	0	95	19	0	147	0	0	0	0	0	0	0	0	0	0	0	0	0	0	0	0	3	0	113	62	20	0	0	148	496	5	0	108	5	0	114	3	0	82	56	15	0	0	65	5	0	114	0	0	0	0	0	0	0	0	3	0	82	62	15	0	0	95	5	0	114	0	0	0	0	0	0	0	0	0	0	0	0	0	0	0	0	3	0	82	62	15	0	0	95	19	0	147	0	0	0	73	0	0	0	0	0	0	0	0	0	0	0	0	0	0	0	0	0	0	0	0	3	0	113	62	20	0	0	148
323	314	19	8	42	305	11	0	22	19	8	42	12	0	58	16	28	0	42	102	296	11	0	22	11	0	22	12	0	32	16	27	0	22	73	19	8	42	2	0	0	0	1	0	0	0	12	0	58	16	28	0	42	102	287	11	0	22	11	0	22	12	0	32	16	27	0	22	73	11	0	22	2	0	0	0	1	0	0	0	12	0	32	16	27	0	22	73	19	8	42	0	0	0	0	0	0	0	0	2	0	0	0	1	0	0	0	12	0	58	16	28	0	42	102	278	11	0	22	11	0	22	12	0	32	16	27	0	22	56	11	0	22	2	0	0	0	1	0	0	0	12	0	32	16	27	0	22	73	11	0	22	0	0	0	0	0	0	0	0	2	0	0	0	1	0	0	0	12	0	32	16	27	0	22	73	19	8	42	0	0	0	0	0	0	0	0	0	0	0	0	0	0	0	0	2	0	0	0	1	0	0	0	12	0	58	16	28	0	42	102
504	490	5	0	129	476	2	0	92	5	0	129	1	0	18	22	7	0	0	184	462	2	0	92	2	0	92	1	0	0	22	7	0	0	95	5	0	129	0	0	0	0	0	0	0	0	1	0	18	22	7	0	0	184	448	2	0	92	2	0	92	1	0	0	22	7	0	0	95	2	0	92	0	0	0	0	0	0	0	0	1	0	0	22	7	0	0	95	5	0	129	0	0	0	0	0	0	0	0	0	0	0	0	0	0	0	0	1	0	18	22	7	0	0	184	434	2	0	71	2	0	92	1	0	0	18	7	0	0	65	2	0	92	0	0	0	0	0	0	0	0	1	0	0	22	7	0	0	95	2	0	92	0	0	0	0	0	0	0	0	0	0	0	0	0	0	0	0	1	0	0	22	7	0	0	95	5	0	129	0	0	0	33	0	0	0	175	0	0	0	0	0	0	0	0	0	0	0	0	0	0	0	0	1	0	18	22	7	0	0	184
288	280	11	0	45	272	6	0	0	11	0	45	4	0	38	0	18	0	0	244	264	6	0	0	6	0	0	4	0	0	0	17	0	0	106	11	0	45	0	0	0	0	1	0	0	0	4	0	38	0	18	0	0	244	256	6	0	0	6	0	0	4	0	0	0	17	0	0	106	6	0	0	0	0	0	0	1	0	0	0	4	0	0	0	17	0	0	106	11	0	45	0	0	0	0	1	0	0	0	0	0	0	0	1	0	0	0	4	0	38	0	18	0	0	244	248	6	0	0	6	0	0	4	0	0	0	17	0	0	74	6	0	0	0	0	0	0	1	0	0	0	4	0	0	0	17	0	0	106	6	0	0	0	0	0	0	1	0	0	0	0	0	0	0	1	0	0	0	4	0	0	0	17	0	0	106	11	0	45	0	0	0	0	0	0	0	0	0	0	0	0	1	0	0	0	0	0	0	0	1	0	0	0	4	0	38	0	18	0	0	244
413	399	64	59	53	385	55	53	41	64	59	53	43	48	0	61	84	79	0	36	371	55	53	38	55	53	41	43	48	0	54	80	79	0	28	64	59	53	17	0	0	26	9	0	0	0	43	48	0	61	84	79	0	36	357	55	53	38	55	53	38	43	48	0	54	80	79	0	28	55	53	41	17	0	0	26	9	0	0	0	43	48	0	54	80	79	0	28	64	59	53	8	0	0	0	5	0	0	0	17	0	0	26	9	0	0	0	43	48	0	61	84	79	0	36	343	55	53	38	55	53	38	43	48	0	54	80	79	0	28	55	53	38	17	0	0	26	9	0	0	0	43	48	0	54	80	79	0	28	55	53	41	8	0	0	0	5	0	0	0	17	0	0	26	9	0	0	0	43	48	0	54	80	79	0	28	64	59	53	0	0	0	0	0	0	0	0	8	0	0	0	5	0	0	0	17	0	0	26	9	0	0	0	43	48	0	61	84	79	0	36
487	470	81	85	84	453	67	80	79	81	85	84	51	55	47	52	100	86	0	0	436	67	80	74	67	80	79	51	55	47	45	96	85	0	0	81	85	84	17	0	0	52	11	0	0	0	51	55	47	52	100	86	0	0	419	67	80	72	67	80	74	51	55	45	45	96	85	0	0	67	80	79	17	0	0	48	11	0	0	0	51	55	47	45	96	85	0	0	81	85	84	8	0	0	22	8	0	0	0	17	0	0	52	11	0	0	0	51	55	47	52	100	86	0	0	402	67	80	72	67	80	72	51	55	43	45	96	85	0	0	67	80	74	17	0	0	48	11	0	0	0	51	55	45	45	96	85	0	0	67	80	79	8	0	0	22	7	0	0	0	17	0	0	48	11	0	0	0	51	55	47	45	96	85	0	0	81	85	84	0	0	0	0	6	0	0	0	8	0	0	22	8	0	0	0	17	0	0	52	11	0	0	0	51	55	47	52	100	86	0	0
542	525	58	77	92	508	44	68	64	58	77	92	36	105	15	129	75	144	0	78	491	43	66	31	44	68	64	34	99	15	34	68	132	0	50	58	77	92	10	22	0	52	2	11	0	162	36	105	15	129	75	144	0	78	474	43	66	29	43	66	31	34	99	13	34	68	132	0	50	44	68	64	10	22	0	48	2	11	0	84	34	99	15	34	68	132	0	50	58	77	92	8	0	0	22	4	0	0	0	10	22	0	52	2	11	0	162	36	105	15	129	75	144	0	78	457	43	66	29	43	66	29	34	99	11	34	68	132	0	50	43	66	31	10	22	0	48	2	11	0	84	34	99	13	34	68	132	0	50	44	68	64	8	0	0	22	4	0	0	0	10	22	0	48	2	11	0	84	34	99	15	34	68	132	0	50	58	77	92	0	0	0	0	0	0	0	0	8	0	0	22	4	0	0	0	10	22	0	52	2	11	0	162	36	105	15	129	75	144	0	78
655	634	119	147	95	613	93	126	90	119	147	95	77	140	101	51	179	225	95	0	592	92	116	73	93	126	90	75	128	101	34	157	210	90	0	119	147	95	21	136	0	78	15	14	0	60	77	140	101	51	179	225	95	0	571	89	108	57	92	116	73	75	120	97	34	157	198	73	0	93	126	90	10	120	0	48	11	12	0	11	75	128	101	34	157	210	90	0	119	147	95	20	96	0	34	30	36	0	68	21	136	0	78	15	14	0	60	77	140	101	51	179	225	95	0	550	89	108	56	89	108	57	75	120	79	34	155	192	57	0	92	116	73	10	120	0	48	11	12	0	11	75	120	97	34	157	198	73	0	93	126	90	20	96	0	33	26	36	0	34	10	120	0	48	11	12	0	11	75	128	101	34	157	210	90	0	119	147	95	24	0	0	11	18	0	0	0	20	96	0	34	30	36	0	68	21	136	0	78	15	14	0	60	77	140	101	51	179	225	95	0
553	534	105	125	97	515	88	94	96	105	125	97	71	48	125	11	165	104	291	0	496	88	94	93	88	94	96	71	48	125	10	159	104	288	0	105	125	97	17	0	0	36	10	0	0	0	71	48	125	11	165	104	291	0	477	87	94	90	88	94	93	71	48	123	10	159	104	279	0	88	94	96	17	0	0	32	10	0	0	0	71	48	125	10	159	104	288	0	105	125	97	27	0	0	34	24	16	0	0	17	0	0	36	10	0	0	0	71	48	125	11	165	104	291	0	458	85	94	88	87	94	90	70	48	118	10	154	104	270	0	88	94	93	17	0	0	32	10	0	0	0	71	48	123	10	159	104	279	0	88	94	96	27	0	0	33	20	12	0	0	17	0	0	32	10	0	0	0	71	48	125	10	159	104	288	0	105	125	97	28	0	0	23	23	25	0	0	27	0	0	34	24	16	0	0	17	0	0	36	10	0	0	0	71	48	125	11	165	104	291	0
530	512	115	119	89	494	90	109	59	115	119	89	70	104	0	149	221	278	0	192	476	90	109	59	90	109	59	70	104	0	149	164	261	0	186	115	119	89	33	0	0	0	15	0	0	0	70	104	0	149	221	278	0	192	458	84	101	55	90	109	59	70	104	0	139	164	261	0	166	90	109	59	20	0	0	0	8	0	0	0	70	104	0	149	164	261	0	186	115	119	89	30	90	0	52	40	75	0	0	33	0	0	0	15	0	0	0	70	104	0	149	221	278	0	192	440	78	88	39	84	101	55	63	92	0	116	151	245	0	147	90	109	59	20	0	0	0	8	0	0	0	70	104	0	139	164	261	0	166	90	109	59	22	72	0	22	28	60	0	0	20	0	0	0	8	0	0	0	70	104	0	149	164	261	0	186	115	119	89	24	124	0	34	22	68	0	68	30	90	0	52	40	75	0	0	33	0	0	0	15	0	0	0	70	104	0	149	221	278	0	192
503	487	77	53	117	471	68	51	102	77	53	117	55	24	0	87	154	111	0	97	455	68	51	102	68	51	102	55	24	0	87	137	111	0	96	77	53	117	5	0	0	0	2	0	0	0	55	24	0	87	154	111	0	97	439	67	50	102	68	51	102	55	24	0	87	137	111	0	93	68	51	102	5	0	0	0	2	0	0	0	55	24	0	87	137	111	0	96	77	53	117	19	14	0	0	21	14	0	0	5	0	0	0	2	0	0	0	55	24	0	87	154	111	0	97	423	64	48	101	67	50	102	54	24	0	85	132	106	0	90	68	51	102	5	0	0	0	2	0	0	0	55	24	0	87	137	111	0	93	68	51	102	18	12	0	0	16	12	0	0	5	0	0	0	2	0	0	0	55	24	0	87	137	111	0	96	77	53	117	27	24	0	12	24	14	0	0	19	14	0	0	21	14	0	0	5	0	0	0	2	0	0	0	55	24	0	87	154	111	0	97
434	420	81	60	48	406	59	57	36	81	60	48	49	24	0	39	188	186	0	97	392	59	57	36	59	57	36	49	24	0	39	133	177	0	96	81	60	48	7	0	0	0	3	0	0	0	49	24	0	39	188	186	0	97	378	57	56	36	59	57	36	49	24	0	39	133	177	0	93	59	57	36	5	0	0	0	0	0	0	0	49	24	0	39	133	177	0	96	81	60	48	21	12	0	0	23	12	0	0	7	0	0	0	3	0	0	0	49	24	0	39	188	186	0	97	364	49	48	33	57	56	36	45	24	0	37	125	172	0	90	59	57	36	5	0	0	0	0	0	0	0	49	24	0	39	133	177	0	93	59	57	36	9	12	0	0	13	12	0	0	5	0	0	0	0	0	0	0	49	24	0	39	133	177	0	96	81	60	48	26	0	20	28	18	21	48	0	21	12	0	0	23	12	0	0	7	0	0	0	3	0	0	0	49	24	0	39	188	186	0	97
304	294	46	34	24	284	33	28	23	46	34	24	25	6	0	13	124	78	24	0	274	33	28	23	33	28	23	25	6	0	13	92	78	23	0	46	34	24	5	0	0	0	3	0	0	0	25	6	0	13	124	78	24	0	264	31	27	23	33	28	23	25	6	0	13	92	78	23	0	33	28	23	3	0	0	0	0	0	0	0	25	6	0	13	92	78	23	0	46	34	24	8	5	0	0	5	5	0	0	5	0	0	0	3	0	0	0	25	6	0	13	124	78	24	0	254	24	21	21	31	27	23	21	5	0	13	86	73	23	0	33	28	23	3	0	0	0	0	0	0	0	25	6	0	13	92	78	23	0	33	28	23	2	0	0	0	2	0	0	0	3	0	0	0	0	0	0	0	25	6	0	13	92	78	23	0	46	34	24	4	5	20	16	9	5	24	0	8	5	0	0	5	5	0	0	5	0	0	0	3	0	0	0	25	6	0	13	124	78	24	0
381	368	54	68	8	355	31	56	8	54	68	8	20	33	0	0	138	169	16	0	342	28	53	8	31	56	8	20	30	0	0	82	160	16	0	54	68	8	0	11	0	0	0	9	0	0	20	33	0	0	138	169	16	0	329	25	44	8	28	53	8	14	24	0	0	73	154	16	0	31	56	8	0	5	0	0	0	0	0	0	20	30	0	0	82	160	16	0	54	68	8	2	18	0	0	2	9	8	0	0	11	0	0	0	9	0	0	20	33	0	0	138	169	16	0	316	22	33	8	25	44	8	13	9	0	0	66	127	16	0	28	53	8	0	3	0	0	0	0	0	0	14	24	0	0	73	154	16	0	31	56	8	1	0	0	0	1	0	8	0	0	5	0	0	0	0	0	0	20	30	0	0	82	160	16	0	54	68	8	1	6	0	0	9	3	24	0	2	18	0	0	2	9	8	0	0	11	0	0	0	9	0	0	20	33	0	0	138	169	16	0
234	226	41	22	8	218	32	20	0	41	22	8	24	10	0	0	107	37	0	32	210	27	20	0	32	20	0	22	10	0	0	87	36	0	31	41	22	8	3	0	3	0	1	0	0	0	24	10	0	0	107	37	0	32	202	20	16	0	27	20	0	12	10	0	0	72	36	0	31	32	20	0	1	0	0	0	0	0	0	0	22	10	0	0	87	36	0	31	41	22	8	0	0	14	0	0	0	8	0	3	0	3	0	1	0	0	0	24	10	0	0	107	37	0	32	194	18	12	0	20	16	0	8	6	0	0	51	24	0	31	27	20	0	0	0	0	0	0	0	0	0	12	10	0	0	72	36	0	31	32	20	0	0	0	0	0	0	0	0	0	1	0	0	0	0	0	0	0	22	10	0	0	87	36	0	31	41	22	8	0	0	8	0	1	0	8	0	0	0	14	0	0	0	8	0	3	0	3	0	1	0	0	0	24	10	0	0	107	37	0	32
372	359	58	65	3	346	30	56	0	58	65	3	24	51	0	0	147	148	0	8	333	28	44	0	30	56	0	22	51	0	0	81	133	0	8	58	65	3	3	0	3	0	3	0	9	0	24	51	0	0	147	148	0	8	320	23	36	0	28	44	0	18	27	0	0	75	97	0	8	30	56	0	1	0	0	0	1	0	0	0	22	51	0	0	81	133	0	8	58	65	3	0	0	9	0	0	0	6	0	3	0	3	0	3	0	9	0	24	51	0	0	147	148	0	8	307	21	36	0	23	36	0	14	27	0	0	60	81	0	8	28	44	0	0	0	0	0	1	0	0	0	18	27	0	0	75	97	0	8	30	56	0	0	0	0	0	0	0	0	0	1	0	0	0	1	0	0	0	22	51	0	0	81	133	0	8	58	65	3	0	0	3	0	0	0	0	0	0	0	9	0	0	0	6	0	3	0	3	0	3	0	9	0	24	51	0	0	147	148	0	8
301	291	52	37	0	281	27	26	0	52	37	0	23	14	0	0	115	91	0	0	271	23	20	0	27	26	0	18	4	0	0	63	54	0	0	52	37	0	0	8	0	0	3	4	0	0	23	14	0	0	115	91	0	0	261	20	16	0	23	20	0	12	0	0	0	53	36	0	0	27	26	0	0	0	0	0	1	0	0	0	18	4	0	0	63	54	0	0	52	37	0	0	0	0	0	0	0	0	0	0	8	0	0	3	4	0	0	23	14	0	0	115	91	0	0	251	19	16	0	20	16	0	11	0	0	0	46	24	0	0	23	20	0	0	0	0	0	1	0	0	0	12	0	0	0	53	36	0	0	27	26	0	0	0	0	0	0	0	0	0	0	0	0	0	1	0	0	0	18	4	0	0	63	54	0	0	52	37	0	0	0	0	0	0	0	0	0	0	0	0	0	0	0	0	0	0	8	0	0	3	4	0	0	23	14	0	0	115	91	0	0
360	347	54	59	0	334	24	42	0	54	59	0	21	35	0	0	124	145	0	0	321	18	42	0	24	42	0	10	35	0	0	53	112	0	0	54	59	0	2	0	0	0	2	10	0	0	21	35	0	0	124	145	0	0	308	15	42	0	18	42	0	3	35	0	0	38	112	0	0	24	42	0	0	0	0	0	0	7	0	0	10	35	0	0	53	112	0	0	54	59	0	0	0	0	0	0	0	0	0	2	0	0	0	2	10	0	0	21	35	0	0	124	145	0	0	295	15	42	0	15	42	0	3	35	0	0	31	112	0	0	18	42	0	0	0	0	0	0	7	0	0	3	35	0	0	38	112	0	0	24	42	0	0	0	0	0	0	0	0	0	0	0	0	0	0	7	0	0	10	35	0	0	53	112	0	0	54	59	0	0	0	0	0	0	0	0	0	0	0	0	0	0	0	0	0	2	0	0	0	2	10	0	0	21	35	0	0	124	145	0	0
314	303	34	38	0	292	14	28	0	34	38	0	13	0	0	0	84	63	0	0	281	12	28	0	14	28	0	6	0	0	0	35	49	0	0	34	38	0	2	0	0	0	3	2	0	0	13	0	0	0	84	63	0	0	270	11	28	0	12	28	0	5	0	0	0	31	49	0	0	14	28	0	0	0	0	0	1	0	0	0	6	0	0	0	35	49	0	0	34	38	0	0	0	0	0	0	0	0	0	2	0	0	0	3	2	0	0	13	0	0	0	84	63	0	0	259	11	28	0	11	28	0	5	0	0	0	28	49	0	0	12	28	0	0	0	0	0	1	0	0	0	5	0	0	0	31	49	0	0	14	28	0	0	0	0	0	0	0	0	0	0	0	0	0	1	0	0	0	6	0	0	0	35	49	0	0	34	38	0	0	0	0	0	0	0	0	0	0	0	0	0	0	0	0	0	2	0	0	0	3	2	0	0	13	0	0	0	84	63	0	0
286	277	27	14	9	268	17	0	0	27	14	9	11	0	4	0	66	28	18	0	259	15	0	0	17	0	0	5	0	0	0	39	0	0	0	27	14	9	0	0	4	0	1	0	0	0	11	0	4	0	66	28	18	0	250	15	0	0	15	0	0	5	0	0	0	35	0	0	0	17	0	0	0	0	0	0	1	0	0	0	5	0	0	0	39	0	0	0	27	14	9	0	0	0	0	0	0	0	0	0	0	4	0	1	0	0	0	11	0	4	0	66	28	18	0	241	15	0	0	15	0	0	5	0	0	0	35	0	0	0	15	0	0	0	0	0	0	1	0	0	0	5	0	0	0	35	0	0	0	17	0	0	0	0	0	0	0	0	0	0	0	0	0	0	1	0	0	0	5	0	0	0	39	0	0	0	27	14	9	0	0	0	0	0	0	0	0	0	0	0	0	0	0	0	0	0	0	4	0	1	0	0	0	11	0	4	0	66	28	18	0
345	334	37	35	9	323	18	5	0	37	35	9	12	25	4	0	95	85	45	0	312	17	0	0	18	5	0	11	0	0	0	46	5	0	0	37	35	9	0	0	4	0	1	0	9	0	12	25	4	0	95	85	45	0	301	17	0	0	17	0	0	11	0	0	0	43	0	0	0	18	5	0	0	0	0	0	1	0	0	0	11	0	0	0	46	5	0	0	37	35	9	0	0	0	0	0	0	0	0	0	0	4	0	1	0	9	0	12	25	4	0	95	85	45	0	290	17	0	0	17	0	0	11	0	0	0	43	0	0	0	17	0	0	0	0	0	0	1	0	0	0	11	0	0	0	43	0	0	0	18	5	0	0	0	0	0	0	0	0	0	0	0	0	0	1	0	0	0	11	0	0	0	46	5	0	0	37	35	9	0	0	0	0	0	0	0	0	0	0	0	0	0	0	0	0	0	0	4	0	1	0	9	0	12	25	4	0	95	85	45	0
226	218	21	15	5	210	10	15	0	21	15	5	5	0	0	0	52	45	0	0	202	10	15	0	10	15	0	5	0	0	0	23	45	0	0	21	15	5	0	0	0	0	1	0	0	0	5	0	0	0	52	45	0	0	194	10	15	0	10	15	0	5	0	0	0	23	45	0	0	10	15	0	0	0	0	0	1	0	0	0	5	0	0	0	23	45	0	0	21	15	5	0	0	0	0	0	0	0	0	0	0	0	0	1	0	0	0	5	0	0	0	52	45	0	0	186	10	15	0	10	15	0	5	0	0	0	23	45	0	0	10	15	0	0	0	0	0	1	0	0	0	5	0	0	0	23	45	0	0	10	15	0	0	0	0	0	0	0	0	0	0	0	0	0	1	0	0	0	5	0	0	0	23	45	0	0	21	15	5	0	0	0	0	0	0	0	0	0	0	0	0	0	0	0	0	0	0	0	0	1	0	0	0	5	0	0	0	52	45	0	0
192	186	21	0	5	180	14	0	0	21	0	5	10	0	0	0	52	0	0	0	174	13	0	0	14	0	0	5	0	0	0	33	0	0	0	21	0	5	0	0	0	0	1	0	0	0	10	0	0	0	52	0	0	0	168	13	0	0	13	0	0	5	0	0	0	32	0	0	0	14	0	0	0	0	0	0	1	0	0	0	5	0	0	0	33	0	0	0	21	0	5	0	0	0	0	0	0	0	0	0	0	0	0	1	0	0	0	10	0	0	0	52	0	0	0	162	13	0	0	13	0	0	5	0	0	0	32	0	0	0	13	0	0	0	0	0	0	1	0	0	0	5	0	0	0	32	0	0	0	14	0	0	0	0	0	0	0	0	0	0	0	0	0	0	1	0	0	0	5	0	0	0	33	0	0	0	21	0	5	0	0	0	0	0	0	0	0	0	0	0	0	0	0	0	0	0	0	0	0	1	0	0	0	10	0	0	0	52	0	0	0
128	124	9	0	2	120	7	0	0	9	0	2	0	0	0	0	20	0	0	0	116	7	0	0	7	0	0	0	0	0	0	16	0	0	0	9	0	2	0	0	0	0	0	0	0	0	0	0	0	0	20	0	0	0	112	7	0	0	7	0	0	0	0	0	0	16	0	0	0	7	0	0	0	0	0	0	0	0	0	0	0	0	0	0	16	0	0	0	9	0	2	0	0	0	0	0	0	0	0	0	0	0	0	0	0	0	0	0	0	0	0	20	0	0	0	108	7	0	0	7	0	0	0	0	0	0	16	0	0	0	7	0	0	0	0	0	0	0	0	0	0	0	0	0	0	16	0	0	0	7	0	0	0	0	0	0	0	0	0	0	0	0	0	0	0	0	0	0	0	0	0	0	16	0	0	0	9	0	2	0	0	0	0	0	0	0	0	0	0	0	0	0	0	0	0	0	0	0	0	0	0	0	0	0	0	0	0	20	0	0	0
369	357	49	27	27	345	22	0	13	49	27	27	18	0	34	8	128	72	81	18	333	21	0	3	22	0	13	15	0	27	0	63	0	39	0	49	27	27	1	0	5	6	0	0	0	3	18	0	34	8	128	72	81	18	321	21	0	0	21	0	3	15	0	9	0	63	0	9	0	22	0	13	1	0	5	0	0	0	0	0	15	0	27	0	63	0	39	0	49	27	27	0	0	0	0	0	0	0	8	1	0	5	6	0	0	0	3	18	0	34	8	128	72	81	18	309	21	0	0	21	0	0	15	0	0	0	63	0	0	0	21	0	3	1	0	3	0	0	0	0	0	15	0	9	0	63	0	9	0	22	0	13	0	0	0	0	0	0	0	8	1	0	5	0	0	0	0	0	15	0	27	0	63	0	39	0	49	27	27	0	0	0	0	0	0	0	0	0	0	0	0	0	0	0	8	1	0	5	6	0	0	0	3	18	0	34	8	128	72	81	18
246	238	32	12	9	230	12	0	4	32	12	9	11	0	13	0	84	24	18	9	222	12	0	0	12	0	4	11	0	8	0	36	0	8	0	32	12	9	0	0	0	0	0	0	0	3	11	0	13	0	84	24	18	9	214	12	0	0	12	0	0	11	0	0	0	36	0	0	0	12	0	4	0	0	0	0	0	0	0	0	11	0	8	0	36	0	8	0	32	12	9	0	0	0	0	0	0	0	0	0	0	0	0	0	0	0	3	11	0	13	0	84	24	18	9	206	12	0	0	12	0	0	11	0	0	0	36	0	0	0	12	0	0	0	0	0	0	0	0	0	0	11	0	0	0	36	0	0	0	12	0	4	0	0	0	0	0	0	0	0	0	0	0	0	0	0	0	0	11	0	8	0	36	0	8	0	32	12	9	0	0	0	0	0	0	0	0	0	0	0	0	0	0	0	0	0	0	0	0	0	0	0	3	11	0	13	0	84	24	18	9
413	398	54	80	9	383	11	50	4	54	80	9	9	60	13	0	136	258	36	9	368	11	50	0	11	50	4	9	60	8	0	33	170	16	0	54	80	9	1	0	0	0	0	0	0	3	9	60	13	0	136	258	36	9	353	11	50	0	11	50	0	9	60	0	0	33	170	0	0	11	50	4	1	0	0	0	0	0	0	0	9	60	8	0	33	170	16	0	54	80	9	0	0	0	0	0	0	0	0	1	0	0	0	0	0	0	3	9	60	13	0	136	258	36	9	338	11	50	0	11	50	0	9	60	0	0	33	170	0	0	11	50	0	1	0	0	0	0	0	0	0	9	60	0	0	33	170	0	0	11	50	4	0	0	0	0	0	0	0	0	1	0	0	0	0	0	0	0	9	60	8	0	33	170	16	0	54	80	9	0	0	0	0	3	0	0	0	0	0	0	0	0	0	0	0	1	0	0	0	0	0	0	3	9	60	13	0	136	258	36	9
216	209	21	6	12	202	5	0	0	21	6	12	6	0	5	0	59	6	12	18	195	5	0	0	5	0	0	6	0	0	0	17	0	0	0	21	6	12	0	0	0	0	0	0	0	0	6	0	5	0	59	6	12	18	188	5	0	0	5	0	0	6	0	0	0	17	0	0	0	5	0	0	0	0	0	0	0	0	0	0	6	0	0	0	17	0	0	0	21	6	12	0	0	0	0	0	0	0	0	0	0	0	0	0	0	0	0	6	0	5	0	59	6	12	18	181	5	0	0	5	0	0	6	0	0	0	17	0	0	0	5	0	0	0	0	0	0	0	0	0	0	6	0	0	0	17	0	0	0	5	0	0	0	0	0	0	0	0	0	0	0	0	0	0	0	0	0	0	6	0	0	0	17	0	0	0	21	6	12	0	0	0	0	0	0	0	0	0	0	0	0	0	0	0	0	0	0	0	0	0	0	0	0	6	0	5	0	59	6	12	18
305	295	40	25	5	285	12	0	0	40	25	5	12	0	5	0	104	85	25	9	275	12	0	0	12	0	0	12	0	0	0	41	0	0	0	40	25	5	1	0	0	0	0	0	0	0	12	0	5	0	104	85	25	9	265	12	0	0	12	0	0	12	0	0	0	41	0	0	0	12	0	0	1	0	0	0	0	0	0	0	12	0	0	0	41	0	0	0	40	25	5	0	0	0	0	0	0	0	0	1	0	0	0	0	0	0	0	12	0	5	0	104	85	25	9	255	12	0	0	12	0	0	12	0	0	0	41	0	0	0	12	0	0	1	0	0	0	0	0	0	0	12	0	0	0	41	0	0	0	12	0	0	0	0	0	0	0	0	0	0	1	0	0	0	0	0	0	0	12	0	0	0	41	0	0	0	40	25	5	0	0	0	0	1	0	0	0	0	0	0	0	0	0	0	0	1	0	0	0	0	0	0	0	12	0	5	0	104	85	25	9
386	373	52	36	37	360	25	0	26	52	36	37	28	0	48	0	143	81	148	14	347	23	0	26	25	0	26	23	0	48	0	77	0	104	4	52	36	37	4	0	18	0	0	0	0	0	28	0	48	0	143	81	148	14	334	23	0	26	23	0	26	23	0	48	0	73	0	104	0	25	0	26	4	0	18	0	0	0	0	0	23	0	48	0	77	0	104	4	52	36	37	0	0	0	0	6	0	0	0	4	0	18	0	0	0	0	0	28	0	48	0	143	81	148	14	321	23	0	24	23	0	26	23	0	48	0	73	0	104	0	23	0	26	4	0	18	0	0	0	0	0	23	0	48	0	73	0	104	0	25	0	26	0	0	0	0	2	0	0	0	4	0	18	0	0	0	0	0	23	0	48	0	77	0	104	4	52	36	37	0	0	0	20	4	0	0	0	0	0	0	0	6	0	0	0	4	0	18	0	0	0	0	0	28	0	48	0	143	81	148	14
475	459	68	55	51	443	32	0	45	68	55	51	25	0	84	5	174	154	255	5	427	30	0	45	32	0	45	20	0	83	5	89	0	225	0	68	55	51	4	0	18	0	0	0	0	0	25	0	84	5	174	154	255	5	411	30	0	42	30	0	45	20	0	83	3	85	0	225	0	32	0	45	4	0	18	0	0	0	0	0	20	0	83	5	89	0	225	0	68	55	51	6	0	0	11	15	0	0	0	4	0	18	0	0	0	0	0	25	0	84	5	174	154	255	5	395	29	0	24	30	0	42	20	0	80	0	85	0	210	0	30	0	45	4	0	18	0	0	0	0	0	20	0	83	3	85	0	225	0	32	0	45	1	0	0	0	8	0	0	0	4	0	18	0	0	0	0	0	20	0	83	5	89	0	225	0	68	55	51	6	0	0	20	7	11	0	80	6	0	0	11	15	0	0	0	4	0	18	0	0	0	0	0	25	0	84	5	174	154	255	5
389	376	40	12	55	363	23	0	14	40	12	55	18	0	6	42	110	0	55	62	350	23	0	9	23	0	14	18	0	5	17	73	0	14	21	40	12	55	1	0	0	0	0	0	0	9	18	0	6	42	110	0	55	62	337	23	0	3	23	0	9	18	0	5	3	73	0	9	3	23	0	14	1	0	0	0	0	0	0	0	18	0	5	17	73	0	14	21	40	12	55	0	0	0	6	0	0	0	3	1	0	0	0	0	0	0	9	18	0	6	42	110	0	55	62	324	23	0	0	23	0	3	18	0	3	0	73	0	3	0	23	0	9	1	0	0	0	0	0	0	0	18	0	5	3	73	0	9	3	23	0	14	0	0	0	0	0	0	0	0	1	0	0	0	0	0	0	0	18	0	5	17	73	0	14	21	40	12	55	0	0	0	0	2	0	0	8	0	0	0	6	0	0	0	3	1	0	0	0	0	0	0	9	18	0	6	42	110	0	55	62
511	493	62	83	50	475	31	45	19	62	83	50	25	30	10	23	158	215	150	50	457	31	45	17	31	45	19	25	30	9	21	89	150	57	21	62	83	50	4	0	0	8	0	0	0	0	25	30	10	23	158	215	150	50	439	31	45	3	31	45	17	25	30	9	3	89	150	51	3	31	45	19	4	0	0	0	0	0	0	0	25	30	9	21	89	150	57	21	62	83	50	0	0	0	6	3	0	0	11	4	0	0	8	0	0	0	0	25	30	10	23	158	215	150	50	421	31	45	0	31	45	3	25	30	3	0	89	150	9	0	31	45	17	4	0	0	0	0	0	0	0	25	30	9	3	89	150	51	3	31	45	19	0	0	0	0	2	0	0	0	4	0	0	0	0	0	0	0	25	30	9	21	89	150	57	21	62	83	50	0	0	0	0	5	0	0	8	0	0	0	6	3	0	0	11	4	0	0	8	0	0	0	0	25	30	10	23	158	215	150	50
410	395	55	77	20	380	19	45	0	55	77	20	19	46	0	0	142	230	80	41	365	19	44	0	19	45	0	19	44	0	0	59	156	0	17	55	77	20	3	11	0	0	0	0	0	0	19	46	0	0	142	230	80	41	350	19	44	0	19	44	0	19	44	0	0	59	154	0	3	19	45	0	3	11	0	0	0	0	0	0	19	44	0	0	59	156	0	17	55	77	20	0	0	0	0	10	0	0	0	3	11	0	0	0	0	0	0	19	46	0	0	142	230	80	41	335	19	44	0	19	44	0	19	44	0	0	59	154	0	0	19	44	0	3	11	0	0	0	0	0	0	19	44	0	0	59	154	0	3	19	45	0	0	0	0	0	2	0	0	0	3	11	0	0	0	0	0	0	19	44	0	0	59	156	0	17	55	77	20	0	0	0	0	6	0	0	0	0	0	0	0	10	0	0	0	3	11	0	0	0	0	0	0	19	46	0	0	142	230	80	41
422	407	49	47	78	392	26	14	35	49	47	78	23	0	73	36	117	80	234	158	377	25	14	35	26	14	35	20	0	69	36	65	14	105	90	49	47	78	8	0	17	0	7	0	0	0	23	0	73	36	117	80	234	158	362	23	14	35	25	14	35	20	0	69	36	64	14	105	88	26	14	35	4	0	17	0	0	0	0	0	20	0	69	36	65	14	105	90	49	47	78	5	0	0	0	16	25	0	0	8	0	17	0	7	0	0	0	23	0	73	36	117	80	234	158	347	22	14	35	23	14	35	20	0	69	36	64	14	105	71	25	14	35	4	0	17	0	0	0	0	0	20	0	69	36	64	14	105	88	26	14	35	0	0	0	0	7	14	0	0	4	0	17	0	0	0	0	0	20	0	69	36	65	14	105	90	49	47	78	6	0	0	0	4	0	0	0	5	0	0	0	16	25	0	0	8	0	17	0	7	0	0	0	23	0	73	36	117	80	234	158
460	444	64	48	83	428	37	0	51	64	48	83	27	0	89	44	143	120	332	108	412	36	0	51	37	0	51	24	0	85	44	80	0	204	71	64	48	83	15	0	17	0	5	0	0	0	27	0	89	44	143	120	332	108	396	33	0	51	36	0	51	24	0	85	44	79	0	204	71	37	0	51	4	0	17	0	0	0	0	0	24	0	85	44	80	0	204	71	64	48	83	17	0	0	0	28	36	0	0	15	0	17	0	5	0	0	0	27	0	89	44	143	120	332	108	380	29	0	51	33	0	51	24	0	85	44	77	0	204	68	36	0	51	4	0	17	0	0	0	0	0	24	0	85	44	79	0	204	71	37	0	51	6	0	0	0	18	0	0	0	4	0	17	0	0	0	0	0	24	0	85	44	80	0	204	71	64	48	83	13	0	24	0	9	0	0	0	17	0	0	0	28	36	0	0	15	0	17	0	5	0	0	0	27	0	89	44	143	120	332	108
508	489	92	124	59	470	54	76	45	92	124	59	40	46	81	32	176	262	295	51	451	53	76	45	54	76	45	37	46	79	32	96	124	225	45	92	124	59	23	0	17	0	15	0	0	0	40	46	81	32	176	262	295	51	432	45	71	45	53	76	45	37	46	79	32	95	124	225	45	54	76	45	5	0	17	0	0	0	0	0	37	46	79	32	96	124	225	45	92	124	59	24	45	0	0	37	110	0	0	23	0	17	0	15	0	0	0	40	46	81	32	176	262	295	51	413	40	56	45	45	71	45	36	41	79	32	85	114	225	42	53	76	45	5	0	17	0	0	0	0	0	37	46	79	32	95	124	225	45	54	76	45	15	0	0	0	19	78	0	0	5	0	17	0	0	0	0	0	37	46	79	32	96	124	225	45	90	124	59	20	60	24	0	14	31	59	0	24	45	0	0	37	110	0	0	23	0	17	0	15	0	0	0	40	46	81	32	173	262	295	51
460	443	57	55	81	426	30	52	24	57	55	81	18	39	0	36	147	178	0	213	409	30	52	23	30	52	24	18	39	0	33	78	169	0	104	57	55	81	4	0	0	5	0	0	0	0	18	39	0	36	147	178	0	213	392	30	52	23	30	52	23	18	39	0	33	78	169	0	97	30	52	24	4	0	0	5	0	0	0	0	18	39	0	33	78	169	0	104	57	55	81	9	0	0	0	20	0	0	0	4	0	0	5	0	0	0	0	18	39	0	36	147	178	0	213	375	28	52	16	30	52	23	18	39	0	22	78	169	0	74	30	52	23	4	0	0	3	0	0	0	0	18	39	0	33	78	169	0	97	30	52	24	1	0	0	0	8	0	0	0	4	0	0	5	0	0	0	0	18	39	0	33	78	169	0	104	57	55	81	6	0	0	11	8	16	0	8	9	0	0	0	20	0	0	0	4	0	0	5	0	0	0	0	18	39	0	36	147	178	0	213
410	394	54	87	39	378	21	63	0	54	87	39	12	86	0	0	128	224	78	158	362	21	60	0	21	63	0	12	80	0	0	49	183	0	90	54	87	39	2	30	0	0	5	0	0	0	12	86	0	0	128	224	78	158	346	20	60	0	21	60	0	12	80	0	0	49	180	0	88	21	63	0	1	30	0	0	0	0	0	0	12	80	0	0	49	183	0	90	54	87	39	8	0	0	0	23	15	0	0	2	30	0	0	5	0	0	0	12	86	0	0	128	224	78	158	330	18	60	0	20	60	0	12	80	0	0	49	180	0	71	21	60	0	1	30	0	0	0	0	0	0	12	80	0	0	49	180	0	88	21	63	0	0	0	0	0	7	13	0	0	1	30	0	0	0	0	0	0	12	80	0	0	49	183	0	90	54	87	39	6	0	0	0	8	13	0	0	8	0	0	0	23	15	0	0	2	30	0	0	5	0	0	0	12	86	0	0	128	224	78	158
418	403	41	26	105	388	22	0	57	41	26	105	13	0	38	109	76	39	210	259	373	21	0	53	22	0	57	11	0	35	99	38	0	114	131	41	26	105	14	0	0	36	6	13	0	0	13	0	38	109	76	39	210	259	358	17	0	53	21	0	53	11	0	35	99	38	0	106	131	22	0	57	3	0	0	36	0	0	0	0	11	0	35	99	38	0	114	131	41	26	105	3	0	9	0	14	0	0	0	14	0	0	36	6	13	0	0	13	0	38	109	76	39	210	259	343	16	0	53	17	0	53	10	0	35	99	34	0	106	131	21	0	53	3	0	0	36	0	0	0	0	11	0	35	99	38	0	106	131	22	0	57	3	0	0	0	14	0	0	0	3	0	0	36	0	0	0	0	11	0	35	99	38	0	114	131	41	26	105	1	0	9	0	3	0	0	0	3	0	9	0	14	0	0	0	14	0	0	36	6	13	0	0	13	0	38	109	76	39	210	259
298	287	37	19	49	276	20	10	9	37	19	49	11	0	9	0	73	19	49	259	265	20	10	9	20	10	9	11	0	9	0	37	10	9	131	37	19	49	15	0	0	0	11	0	0	0	11	0	9	0	73	19	49	259	254	15	10	9	20	10	9	11	0	9	0	37	10	9	131	20	10	9	3	0	0	0	0	0	0	0	11	0	9	0	37	10	9	131	37	19	49	3	0	9	0	13	10	0	0	15	0	0	0	11	0	0	0	11	0	9	0	73	19	49	259	243	14	10	9	15	10	9	10	0	9	0	33	10	9	131	20	10	9	3	0	0	0	0	0	0	0	11	0	9	0	37	10	9	131	20	10	9	3	0	0	0	13	10	0	0	3	0	0	0	0	0	0	0	11	0	9	0	37	10	9	131	37	19	49	1	0	9	0	3	0	0	0	3	0	9	0	13	10	0	0	15	0	0	0	11	0	0	0	11	0	9	0	73	19	49	259
303	292	47	30	18	281	23	0	9	47	30	18	14	0	9	0	71	78	90	59	270	21	0	9	23	0	9	9	0	9	0	35	0	45	45	47	30	18	16	0	0	0	8	12	0	0	14	0	9	0	71	78	90	59	259	17	0	9	21	0	9	9	0	9	0	35	0	45	45	23	0	9	5	0	0	0	3	0	0	0	9	0	9	0	35	0	45	45	47	30	18	5	0	9	0	14	0	0	0	16	0	0	0	8	12	0	0	14	0	9	0	71	78	90	59	248	16	0	9	17	0	9	8	0	9	0	31	0	45	45	21	0	9	5	0	0	0	3	0	0	0	9	0	9	0	35	0	45	45	23	0	9	5	0	0	0	14	0	0	0	5	0	0	0	3	0	0	0	9	0	9	0	35	0	45	45	47	30	18	1	0	9	0	2	0	0	0	5	0	9	0	14	0	0	0	16	0	0	0	8	12	0	0	14	0	9	0	71	78	90	59
414	399	64	47	87	384	40	14	50	64	47	87	26	0	83	67	108	66	261	220	369	37	11	50	40	14	50	19	0	80	67	62	0	150	131	64	47	87	26	33	12	0	15	22	0	0	26	0	83	67	108	66	261	220	354	27	0	50	37	11	50	15	0	80	67	59	0	150	131	40	14	50	10	0	12	0	8	0	0	0	19	0	80	67	62	0	150	131	64	47	87	7	0	87	0	19	0	87	0	26	33	12	0	15	22	0	0	26	0	83	67	108	66	261	220	339	24	0	50	27	0	50	8	0	80	67	49	0	150	131	37	11	50	10	0	12	0	8	0	0	0	15	0	80	67	59	0	150	131	40	14	50	7	0	72	0	19	0	50	0	10	0	12	0	8	0	0	0	19	0	80	67	62	0	150	131	64	47	87	4	0	29	0	6	0	0	0	7	0	87	0	19	0	87	0	26	33	12	0	15	22	0	0	26	0	83	67	108	66	261	220
483	464	89	125	63	445	56	89	37	89	125	63	35	0	44	67	136	227	252	142	426	53	81	37	56	89	37	28	0	41	67	76	146	148	96	89	125	63	38	72	12	0	30	18	0	0	35	0	44	67	136	227	252	142	407	38	60	37	53	81	37	24	0	41	67	73	138	148	96	56	89	37	10	0	12	0	8	0	0	0	28	0	41	67	76	146	148	96	89	125	63	13	45	87	0	21	90	126	0	38	72	12	0	30	18	0	0	35	0	44	67	136	227	252	142	388	35	60	37	38	60	37	17	0	41	67	62	120	148	96	53	81	37	10	0	12	0	8	0	0	0	24	0	41	67	73	138	148	96	56	89	37	13	45	72	0	18	90	74	0	10	0	12	0	8	0	0	0	28	0	41	67	76	146	148	96	83	125	63	15	0	29	0	11	0	0	0	13	45	87	0	21	90	126	0	38	72	12	0	30	18	0	0	35	0	44	67	128	227	252	142
485	467	41	17	148	449	25	0	90	41	17	148	17	0	14	133	50	51	148	322	431	16	0	87	25	0	90	8	0	12	124	34	0	90	162	41	17	148	5	0	85	51	3	0	0	0	17	0	14	133	50	51	148	322	413	16	0	87	16	0	87	8	0	12	124	29	0	87	158	25	0	90	5	0	48	51	3	0	0	0	8	0	12	124	34	0	90	162	41	17	148	5	0	0	0	9	0	0	0	5	0	85	51	3	0	0	0	17	0	14	133	50	51	148	322	395	16	0	87	16	0	87	8	0	12	124	29	0	87	158	16	0	87	5	0	48	51	3	0	0	0	8	0	12	124	29	0	87	158	25	0	90	5	0	0	0	9	0	0	0	5	0	48	51	3	0	0	0	8	0	12	124	34	0	90	162	41	17	148	0	0	0	0	0	0	0	0	5	0	0	0	9	0	0	0	5	0	85	51	3	0	0	0	17	0	14	133	50	51	148	322
390	375	53	49	78	360	35	25	36	53	49	78	21	22	47	37	70	33	156	273	345	26	14	36	35	25	36	11	0	45	37	48	0	72	153	53	49	78	10	0	96	0	8	0	78	0	21	22	47	37	70	33	156	273	330	26	14	36	26	14	36	11	0	45	37	43	0	72	149	35	25	36	10	0	59	0	8	0	36	0	11	0	45	37	48	0	72	153	53	49	78	5	0	0	0	9	0	0	0	10	0	96	0	8	0	78	0	21	22	47	37	70	33	156	273	315	26	14	36	26	14	36	11	0	45	37	43	0	72	149	26	14	36	10	0	59	0	8	0	36	0	11	0	45	37	43	0	72	149	35	25	36	5	0	0	0	9	0	0	0	10	0	59	0	8	0	36	0	11	0	45	37	48	0	72	153	52	49	78	0	0	0	0	0	0	0	0	5	0	0	0	9	0	0	0	10	0	96	0	8	0	78	0	21	22	47	37	70	33	156	273
347	334	39	36	51	321	20	0	44	39	36	51	19	0	61	13	53	36	204	18	308	17	0	44	20	0	44	11	0	61	13	28	0	176	9	39	36	51	5	0	11	0	3	0	0	0	19	0	61	13	53	36	204	18	295	17	0	44	17	0	44	11	0	61	13	28	0	176	9	20	0	44	5	0	11	0	3	0	0	0	11	0	61	13	28	0	176	9	39	36	51	2	0	0	0	2	0	0	0	5	0	11	0	3	0	0	0	19	0	61	13	53	36	204	18	282	17	0	44	17	0	44	11	0	61	13	28	0	176	9	17	0	44	5	0	11	0	3	0	0	0	11	0	61	13	28	0	176	9	20	0	44	2	0	0	0	2	0	0	0	5	0	11	0	3	0	0	0	11	0	61	13	28	0	176	9	39	36	51	0	0	0	0	0	0	0	0	2	0	0	0	2	0	0	0	5	0	11	0	3	0	0	0	19	0	61	13	53	36	204	18
396	379	64	110	26	362	35	80	0	64	110	26	22	95	0	0	71	212	78	168	345	28	68	0	35	80	0	5	68	0	0	36	178	0	96	64	110	26	15	59	29	0	13	36	26	0	22	95	0	0	71	212	78	168	328	26	66	0	28	68	0	5	66	0	0	34	176	0	96	35	80	0	5	55	0	0	5	33	0	0	5	68	0	0	36	178	0	96	64	110	26	3	22	0	0	7	22	0	0	15	59	29	0	13	36	26	0	22	95	0	0	71	212	78	168	311	26	66	0	26	66	0	5	66	0	0	34	176	0	96	28	68	0	5	55	0	0	5	33	0	0	5	66	0	0	34	176	0	96	35	80	0	3	22	0	0	7	22	0	0	5	55	0	0	5	33	0	0	5	68	0	0	36	178	0	96	59	110	26	0	0	0	0	0	0	0	0	3	22	0	0	7	22	0	0	15	59	29	0	13	36	26	0	22	95	0	0	66	212	78	168
256	246	37	27	15	236	24	9	0	37	27	15	16	0	0	0	49	18	45	81	226	20	9	0	24	9	0	11	0	0	0	36	0	0	46	37	27	15	5	0	18	0	3	0	0	0	16	0	0	0	49	18	45	81	216	20	9	0	20	9	0	11	0	0	0	34	0	0	46	24	9	0	5	0	0	0	3	0	0	0	11	0	0	0	36	0	0	46	37	27	15	5	0	0	0	8	0	0	0	5	0	18	0	3	0	0	0	16	0	0	0	49	18	45	81	206	20	9	0	20	9	0	11	0	0	0	34	0	0	46	20	9	0	5	0	0	0	3	0	0	0	11	0	0	0	34	0	0	46	24	9	0	5	0	0	0	8	0	0	0	5	0	0	0	3	0	0	0	11	0	0	0	36	0	0	46	36	27	15	0	0	0	0	0	0	0	0	5	0	0	0	8	0	0	0	5	0	18	0	3	0	0	0	16	0	0	0	49	18	45	81
515	494	62	101	119	473	41	54	63	62	101	119	23	36	159	70	63	72	357	318	452	41	54	61	41	54	63	23	36	131	66	59	72	189	170	62	101	119	10	0	0	24	10	0	0	0	23	36	159	70	63	72	357	318	431	41	54	61	41	54	61	23	36	123	66	59	72	183	167	41	54	63	10	0	0	24	10	0	0	0	23	36	131	66	59	72	189	170	62	101	119	2	0	0	0	4	0	0	0	10	0	0	24	10	0	0	0	23	36	159	70	63	72	357	318	410	41	54	61	41	54	61	23	36	123	66	59	72	183	167	41	54	61	10	0	0	24	10	0	0	0	23	36	123	66	59	72	183	167	41	54	63	2	0	0	0	4	0	0	0	10	0	0	24	10	0	0	0	23	36	131	66	59	72	189	170	61	101	119	0	0	0	0	0	0	0	0	2	0	0	0	4	0	0	0	10	0	0	24	10	0	0	0	23	36	159	70	63	72	357	318
224	215	23	15	31	206	15	8	19	23	15	31	10	0	13	30	16	16	31	51	197	15	8	19	15	8	19	10	0	11	30	16	16	19	44	23	15	31	0	0	0	0	0	0	0	0	10	0	13	30	16	16	31	51	188	15	8	19	15	8	19	10	0	11	30	16	16	19	44	15	8	19	0	0	0	0	0	0	0	0	10	0	11	30	16	16	19	44	23	15	31	0	0	0	0	0	0	0	0	0	0	0	0	0	0	0	0	10	0	13	30	16	16	31	51	179	15	8	19	15	8	19	10	0	11	30	16	16	19	44	15	8	19	0	0	0	0	0	0	0	0	10	0	11	30	16	16	19	44	15	8	19	0	0	0	0	0	0	0	0	0	0	0	0	0	0	0	0	10	0	11	30	16	16	19	44	23	15	31	0	0	0	0	0	0	0	0	0	0	0	0	0	0	0	0	0	0	0	0	0	0	0	0	10	0	13	30	16	16	31	51
256	245	36	38	21	234	24	24	19	36	38	21	16	16	37	22	29	32	42	0	223	24	24	19	24	24	19	16	16	35	22	29	32	38	0	36	38	21	0	0	0	0	2	0	0	0	16	16	37	22	29	32	42	0	212	24	24	19	24	24	19	16	16	35	22	29	32	38	0	24	24	19	0	0	0	0	2	0	0	0	16	16	35	22	29	32	38	0	36	38	21	0	0	0	0	1	0	0	0	0	0	0	0	2	0	0	0	16	16	37	22	29	32	42	0	201	24	24	19	24	24	19	16	16	35	22	29	32	38	0	24	24	19	0	0	0	0	2	0	0	0	16	16	35	22	29	32	38	0	24	24	19	0	0	0	0	1	0	0	0	0	0	0	0	2	0	0	0	16	16	35	22	29	32	38	0	35	38	21	0	0	0	0	0	0	0	0	0	0	0	0	1	0	0	0	0	0	0	0	2	0	0	0	16	16	37	22	29	32	42	0
275	263	29	35	33	251	17	32	0	29	35	33	10	24	18	0	28	32	0	170	239	17	32	0	17	32	0	10	24	0	0	28	32	0	80	29	35	33	5	0	0	0	3	0	0	0	10	24	18	0	28	32	0	170	227	17	32	0	17	32	0	10	24	0	0	28	32	0	80	17	32	0	5	0	0	0	3	0	0	0	10	24	0	0	28	32	0	80	29	35	33	2	0	0	0	2	0	0	0	5	0	0	0	3	0	0	0	10	24	18	0	28	32	0	170	215	17	32	0	17	32	0	10	24	0	0	28	32	0	80	17	32	0	5	0	0	0	3	0	0	0	10	24	0	0	28	32	0	80	17	32	0	2	0	0	0	2	0	0	0	5	0	0	0	3	0	0	0	10	24	0	0	28	32	0	80	28	35	33	0	0	0	0	0	0	0	0	2	0	0	0	2	0	0	0	5	0	0	0	3	0	0	0	10	24	18	0	28	32	0	170
199	191	27	7	22	183	18	7	0	27	7	22	13	0	7	0	30	14	0	92	175	18	7	0	18	7	0	13	0	0	0	30	14	0	44	27	7	22	5	0	0	0	3	0	0	0	13	0	7	0	30	14	0	92	167	18	7	0	18	7	0	13	0	0	0	30	14	0	44	18	7	0	5	0	0	0	3	0	0	0	13	0	0	0	30	14	0	44	27	7	22	2	0	0	0	2	0	0	0	5	0	0	0	3	0	0	0	13	0	7	0	30	14	0	92	159	18	7	0	18	7	0	13	0	0	0	30	14	0	44	18	7	0	5	0	0	0	3	0	0	0	13	0	0	0	30	14	0	44	18	7	0	2	0	0	0	2	0	0	0	5	0	0	0	3	0	0	0	13	0	0	0	30	14	0	44	27	7	22	0	0	0	0	0	0	0	0	2	0	0	0	2	0	0	0	5	0	0	0	3	0	0	0	13	0	7	0	30	14	0	92
265	253	45	35	65	241	43	32	31	45	35	65	48	24	0	65	65	16	0	171	229	43	32	29	43	32	31	48	24	0	59	65	16	0	101	45	35	65	17	0	0	22	10	0	0	0	48	24	0	65	65	16	0	171	217	43	32	29	43	32	29	48	24	0	59	65	16	0	99	43	32	31	17	0	0	22	10	0	0	0	48	24	0	59	65	16	0	101	45	35	65	0	0	0	0	4	0	0	0	17	0	0	22	10	0	0	0	48	24	0	65	65	16	0	171	205	43	32	29	43	32	29	48	24	0	59	65	16	0	99	43	32	29	17	0	0	22	10	0	0	0	48	24	0	59	65	16	0	99	43	32	31	0	0	0	0	4	0	0	0	17	0	0	22	10	0	0	0	48	24	0	59	65	16	0	101	36	35	65	0	0	0	0	0	0	0	0	0	0	0	0	4	0	0	0	17	0	0	22	10	0	0	0	48	24	0	65	57	16	0	171
328	310	73	109	71	292	59	101	46	73	109	71	71	92	12	42	97	160	0	140	274	57	101	44	59	101	46	65	92	12	40	87	153	0	82	73	109	71	26	0	0	28	12	28	0	0	71	92	12	42	97	160	0	140	256	56	101	42	57	101	44	63	92	12	38	83	153	0	80	59	101	46	23	0	0	24	12	28	0	0	65	92	12	40	87	153	0	82	70	109	71	2	0	0	24	7	14	0	0	26	0	0	28	12	28	0	0	71	92	12	42	97	160	0	140	238	56	101	42	56	101	42	63	92	12	38	83	153	0	80	57	101	44	23	0	0	24	12	28	0	0	63	92	12	38	83	153	0	80	56	101	46	2	0	0	24	5	14	0	0	23	0	0	24	12	28	0	0	65	92	12	40	87	153	0	82	52	109	71	0	0	0	0	5	0	0	0	2	0	0	24	7	14	0	0	26	0	0	28	12	28	0	0	61	92	12	42	78	160	0	140
454	433	104	109	127	412	87	109	103	104	109	127	110	0	36	85	143	175	0	119	391	82	104	76	87	109	103	89	0	36	40	133	175	0	63	104	109	127	27	70	0	97	14	82	0	104	110	0	36	85	143	175	0	119	370	81	104	52	82	104	76	87	0	36	38	129	172	0	61	87	109	103	24	70	0	24	14	82	0	36	89	0	36	40	133	175	0	63	98	109	127	21	0	0	44	28	20	0	150	27	70	0	97	14	82	0	104	110	0	36	85	142	175	0	119	349	80	104	50	81	104	52	87	0	32	38	129	172	0	61	82	104	76	24	70	0	24	14	82	0	36	87	0	36	38	129	172	0	61	81	109	103	19	0	0	40	20	20	0	87	24	70	0	24	14	82	0	36	89	0	36	40	132	175	0	63	82	109	127	11	0	12	16	14	0	0	0	21	0	0	44	28	20	0	150	27	70	0	97	14	82	0	104	97	0	36	85	123	175	0	119
328	310	106	116	64	292	85	101	62	106	116	64	96	78	48	26	156	202	64	0	274	83	101	60	85	101	62	90	78	48	24	134	195	62	0	106	116	64	31	0	0	28	19	30	0	0	96	78	48	26	156	202	64	0	256	81	101	56	83	101	60	88	78	48	22	130	195	60	0	85	101	62	28	0	0	24	16	28	0	0	90	78	48	24	134	195	62	0	93	116	64	42	0	0	44	23	23	0	0	31	0	0	28	19	30	0	0	96	78	48	26	151	202	64	0	238	75	101	54	81	101	56	87	78	44	22	125	195	56	0	83	101	60	28	0	0	24	16	28	0	0	88	78	48	22	130	195	60	0	72	101	62	24	0	0	40	13	14	0	0	28	0	0	24	16	28	0	0	90	78	48	24	129	195	62	0	77	116	64	21	0	24	16	17	50	0	0	42	0	0	44	23	23	0	0	31	0	0	28	19	30	0	0	79	78	48	26	130	202	64	0
403	384	108	135	80	365	87	110	79	108	135	80	58	114	62	16	168	168	160	0	346	87	110	73	87	110	79	58	114	62	14	141	152	158	0	108	135	80	35	0	0	64	32	0	0	0	58	114	62	16	168	168	160	0	327	78	101	55	87	110	73	58	114	62	12	141	152	146	0	87	110	79	16	0	0	24	13	0	0	0	58	114	62	14	141	152	158	0	94	135	80	27	99	0	89	29	90	0	63	35	0	0	64	32	0	0	0	58	114	62	16	159	168	160	0	308	71	90	44	78	101	55	51	96	53	12	127	143	110	0	87	110	73	16	0	0	24	13	0	0	0	58	114	62	12	141	152	146	0	73	110	79	18	90	0	40	15	60	0	37	16	0	0	24	13	0	0	0	58	114	62	14	132	152	158	0	81	135	80	14	112	24	16	20	42	0	59	27	99	0	89	29	90	0	63	35	0	0	64	32	0	0	0	38	114	62	16	140	168	160	0
385	365	112	141	98	345	92	130	72	112	141	98	74	142	0	122	196	205	0	144	325	92	128	72	92	130	72	74	136	0	122	167	196	0	141	112	141	98	21	24	0	0	17	0	0	0	74	142	0	122	196	205	0	144	305	85	118	72	92	128	72	74	136	0	122	167	194	0	133	92	130	72	13	24	0	0	8	0	0	0	74	136	0	122	167	196	0	141	93	141	98	32	0	41	0	24	0	98	0	21	24	0	0	17	0	0	0	74	142	0	122	180	205	0	144	285	78	106	65	85	118	72	68	126	0	111	140	144	0	111	92	128	72	13	24	0	0	8	0	0	0	74	136	0	122	167	194	0	133	73	130	72	24	0	36	0	14	0	72	0	13	24	0	0	8	0	0	0	74	136	0	122	151	196	0	141	86	141	98	25	22	23	65	16	29	98	0	32	0	41	0	24	0	98	0	21	24	0	0	17	0	0	0	54	142	0	122	169	205	0	144
306	291	98	88	23	276	72	74	12	98	88	23	44	69	0	36	161	142	23	80	261	69	72	12	72	74	12	44	69	0	36	113	123	12	79	97	88	23	11	10	0	0	17	15	0	0	44	69	0	36	159	142	23	80	246	63	59	12	69	72	12	38	63	0	36	103	117	12	73	71	74	12	5	0	0	0	5	0	0	0	44	69	0	36	111	123	12	79	77	88	23	29	15	15	0	26	10	46	0	11	10	0	0	17	15	0	0	43	69	0	36	139	142	23	80	231	59	41	10	63	59	12	37	33	0	30	81	78	12	55	68	72	12	5	0	0	0	5	0	0	0	38	63	0	36	101	117	12	73	51	74	12	22	0	12	0	8	0	24	0	5	0	0	0	5	0	0	0	43	69	0	36	91	123	12	79	74	88	23	27	24	8	20	11	16	69	0	29	15	15	0	26	10	46	0	11	10	0	0	17	15	0	0	31	69	0	36	133	142	23	80
267	254	106	62	0	241	83	50	0	106	62	0	72	0	0	0	180	76	0	0	228	77	44	0	83	50	0	63	0	0	0	143	60	0	0	102	62	0	29	24	0	0	20	20	0	0	72	0	0	0	173	76	0	0	215	67	36	0	77	44	0	52	0	0	0	126	42	0	0	79	50	0	7	0	0	0	3	0	0	0	63	0	0	0	136	60	0	0	81	62	0	18	0	0	0	9	12	0	0	29	24	0	0	20	20	0	0	63	0	0	0	144	76	0	0	202	62	36	0	67	36	0	41	0	0	0	96	18	0	0	73	44	0	6	0	0	0	3	0	0	0	52	0	0	0	119	42	0	0	58	50	0	10	0	0	0	1	0	0	0	7	0	0	0	3	0	0	0	54	0	0	0	107	60	0	0	79	62	0	19	0	0	0	13	0	0	0	18	0	0	0	9	12	0	0	29	24	0	0	20	20	0	0	54	0	0	0	140	76	0	0
276	260	109	97	0	244	83	81	0	107	97	0	69	14	0	0	173	159	0	0	229	74	81	0	83	81	0	57	14	0	0	144	142	0	0	97	82	0	34	0	0	0	19	29	0	0	69	14	0	0	158	129	0	0	215	63	81	0	74	81	0	46	14	0	0	123	142	0	0	77	67	0	6	0	0	0	3	8	0	0	57	14	0	0	134	114	0	0	77	68	0	18	0	0	0	12	9	0	0	34	0	0	0	19	29	0	0	61	0	0	0	133	73	0	0	201	59	81	0	63	81	0	36	14	0	0	92	142	0	0	68	67	0	5	0	0	0	2	8	0	0	46	14	0	0	113	114	0	0	57	53	0	10	0	0	0	1	0	0	0	6	0	0	0	3	8	0	0	49	0	0	0	109	58	0	0	75	68	0	18	0	0	0	10	0	0	0	18	0	0	0	12	9	0	0	34	0	0	0	19	29	0	0	52	0	0	0	129	73	0	0
319	304	81	87	0	289	51	64	0	81	87	0	24	70	0	0	136	156	0	0	274	44	41	0	51	64	0	19	36	0	0	80	112	0	0	76	87	0	6	47	0	0	13	14	0	0	24	70	0	0	128	156	0	0	259	39	28	0	44	41	0	12	8	0	0	62	49	0	0	46	64	0	0	2	0	0	1	0	0	0	19	36	0	0	72	112	0	0	61	87	0	0	10	0	0	8	6	0	0	6	47	0	0	13	14	0	0	17	70	0	0	106	156	0	0	244	39	26	0	39	28	0	12	0	0	0	48	17	0	0	39	41	0	0	0	0	0	1	0	0	0	12	8	0	0	54	49	0	0	31	64	0	0	0	0	0	0	0	0	0	0	2	0	0	1	0	0	0	12	36	0	0	50	112	0	0	60	87	0	4	0	0	0	5	0	0	0	0	10	0	0	8	6	0	0	6	47	0	0	13	14	0	0	12	70	0	0	104	156	0	0
271	258	55	57	16	245	36	29	7	55	57	16	18	24	37	0	99	97	64	0	232	28	23	7	36	29	7	13	0	35	0	61	47	28	0	50	57	16	3	0	16	0	1	0	16	0	18	24	37	0	90	97	64	0	219	27	23	7	28	23	7	9	0	35	0	40	35	28	0	31	29	7	2	0	0	0	1	0	7	0	13	0	35	0	52	47	28	0	47	57	16	0	0	2	0	0	0	0	0	3	0	16	0	1	0	16	0	15	24	37	0	81	97	64	0	206	27	23	7	27	23	7	9	0	35	0	38	35	28	0	23	23	7	2	0	0	0	1	0	7	0	9	0	35	0	31	35	28	0	28	29	7	0	0	0	0	0	0	0	0	2	0	0	0	1	0	7	0	10	0	35	0	43	47	28	0	47	57	16	2	0	0	0	1	0	0	0	0	0	2	0	0	0	0	0	3	0	16	0	1	0	16	0	15	24	37	0	81	97	64	0
262	248	71	71	14	234	53	65	0	71	71	14	31	36	2	0	127	126	0	23	220	43	47	0	53	65	0	27	36	0	0	82	108	0	12	65	71	14	1	0	26	0	1	0	42	0	31	36	2	0	118	126	0	23	208	38	35	0	43	47	0	16	0	0	0	55	48	0	12	48	65	0	0	0	0	0	1	0	0	0	27	36	0	0	74	108	0	12	55	47	14	4	0	17	0	7	0	28	0	1	0	26	0	1	0	42	0	24	36	2	0	103	114	0	23	196	37	35	0	38	35	0	16	0	0	0	42	12	0	12	38	47	0	0	0	0	0	1	0	0	0	16	0	0	0	47	48	0	12	38	41	0	0	0	0	0	0	0	0	0	0	0	0	0	1	0	0	0	20	36	0	0	59	96	0	12	54	47	14	7	0	0	0	5	9	0	0	4	0	17	0	7	0	28	0	1	0	26	0	1	0	42	0	19	36	2	0	101	114	0	23
207	193	55	72	9	179	41	65	0	52	72	9	21	60	2	0	86	107	0	0	167	30	59	0	41	65	0	16	60	0	0	69	96	0	0	44	48	9	1	0	16	0	1	0	9	0	21	60	2	0	75	71	0	0	158	27	53	0	30	59	0	6	54	0	0	38	84	0	0	38	47	0	0	0	0	0	1	0	0	0	16	60	0	0	64	69	0	0	36	21	9	0	0	2	0	2	0	9	0	1	0	16	0	1	0	9	0	20	6	2	0	64	26	0	0	149	27	53	0	27	53	0	6	54	0	0	30	72	0	0	27	41	0	0	0	0	0	1	0	0	0	6	54	0	0	33	57	0	0	30	20	0	0	0	0	0	0	0	0	0	0	0	0	0	1	0	0	0	15	6	0	0	53	24	0	0	35	21	9	0	0	0	0	1	0	0	0	0	0	2	0	2	0	9	0	1	0	16	0	1	0	9	0	15	6	2	0	62	26	0	0
187	176	58	39	5	165	44	39	0	55	39	5	35	0	2	0	96	62	0	0	156	34	33	0	44	39	0	26	0	0	0	79	62	0	0	50	21	5	3	0	8	0	1	0	5	0	35	0	2	0	87	35	0	0	147	30	33	0	34	33	0	15	0	0	0	52	50	0	0	39	21	0	2	0	0	0	1	0	0	0	26	0	0	0	70	35	0	0	42	21	5	0	0	2	0	0	0	0	0	3	0	8	0	1	0	5	0	26	0	2	0	72	35	0	0	138	30	33	0	30	33	0	15	0	0	0	42	50	0	0	29	15	0	2	0	0	0	1	0	0	0	15	0	0	0	43	23	0	0	31	21	0	0	0	0	0	0	0	0	0	2	0	0	0	1	0	0	0	17	0	0	0	55	35	0	0	42	21	5	2	0	0	0	2	0	0	0	0	0	2	0	0	0	0	0	3	0	8	0	1	0	5	0	26	0	2	0	72	35	0	0
158	151	38	11	5	144	31	5	0	38	11	5	20	5	2	0	65	12	5	0	137	24	0	0	31	5	0	12	0	0	0	51	10	0	0	33	11	5	1	0	8	0	1	0	5	0	20	5	2	0	57	12	5	0	130	22	0	0	24	0	0	7	0	0	0	34	0	0	0	26	5	0	0	0	0	0	1	0	0	0	12	0	0	0	43	10	0	0	29	11	5	0	0	2	0	0	0	0	0	1	0	8	0	1	0	5	0	13	5	2	0	48	12	5	0	123	22	0	0	22	0	0	7	0	0	0	30	0	0	0	19	0	0	0	0	0	0	1	0	0	0	7	0	0	0	26	0	0	0	22	5	0	0	0	0	0	0	0	0	0	0	0	0	0	1	0	0	0	5	0	0	0	34	10	0	0	29	11	5	0	0	0	0	0	0	0	0	0	0	2	0	0	0	0	0	1	0	8	0	1	0	5	0	13	5	2	0	48	12	5	0
305	291	27	33	51	277	5	0	39	27	33	51	4	0	49	17	59	66	153	16	263	4	0	37	5	0	39	0	0	23	7	6	0	117	7	27	33	51	0	0	7	0	0	0	0	0	4	0	49	17	59	66	153	16	249	4	0	37	4	0	37	0	0	15	7	4	0	111	7	5	0	39	0	0	2	0	0	0	0	0	0	0	23	7	6	0	117	7	27	33	51	0	0	0	0	0	0	0	0	0	0	7	0	0	0	0	0	4	0	49	17	59	66	153	16	235	4	0	37	4	0	37	0	0	15	7	4	0	111	7	4	0	37	0	0	0	0	0	0	0	0	0	0	15	7	4	0	111	7	5	0	39	0	0	0	0	0	0	0	0	0	0	2	0	0	0	0	0	0	0	23	7	6	0	117	7	27	33	51	0	0	0	0	1	0	0	0	0	0	0	0	0	0	0	0	0	0	7	0	0	0	0	0	4	0	49	17	59	66	153	16
176	168	11	0	38	160	2	0	31	11	0	38	0	0	15	7	22	0	0	16	152	2	0	31	2	0	31	0	0	9	7	3	0	0	7	11	0	38	0	0	0	0	0	0	0	0	0	0	15	7	22	0	0	16	144	2	0	31	2	0	31	0	0	9	7	3	0	0	7	2	0	31	0	0	0	0	0	0	0	0	0	0	9	7	3	0	0	7	11	0	38	0	0	0	0	0	0	0	0	0	0	0	0	0	0	0	0	0	0	15	7	22	0	0	16	136	2	0	31	2	0	31	0	0	9	7	3	0	0	7	2	0	31	0	0	0	0	0	0	0	0	0	0	9	7	3	0	0	7	2	0	31	0	0	0	0	0	0	0	0	0	0	0	0	0	0	0	0	0	0	9	7	3	0	0	7	11	0	38	0	0	0	0	0	0	0	0	0	0	0	0	0	0	0	0	0	0	0	0	0	0	0	0	0	0	15	7	22	0	0	16
281	268	32	40	58	255	2	0	57	32	40	58	2	0	91	7	79	120	290	0	242	1	0	57	2	0	57	0	0	91	7	2	0	285	0	32	40	58	0	0	11	0	0	0	0	0	2	0	91	7	79	120	290	0	229	1	0	57	1	0	57	0	0	91	7	0	0	285	0	2	0	57	0	0	11	0	0	0	0	0	0	0	91	7	2	0	285	0	32	40	58	0	0	0	0	0	0	0	0	0	0	11	0	0	0	0	0	2	0	91	7	79	120	290	0	216	1	0	57	1	0	57	0	0	91	7	0	0	285	0	1	0	57	0	0	11	0	0	0	0	0	0	0	91	7	0	0	285	0	2	0	57	0	0	0	0	0	0	0	0	0	0	11	0	0	0	0	0	0	0	91	7	2	0	285	0	32	40	58	0	0	0	0	5	0	0	0	0	0	0	0	0	0	0	0	0	0	11	0	0	0	0	0	2	0	91	7	79	120	290	0
176	168	11	0	31	160	2	0	19	11	0	31	0	0	11	7	23	0	0	21	152	2	0	19	2	0	19	0	0	0	7	3	0	0	7	11	0	31	0	0	0	0	0	0	0	0	0	0	11	7	23	0	0	21	144	2	0	19	2	0	19	0	0	0	7	3	0	0	7	2	0	19	0	0	0	0	0	0	0	0	0	0	0	7	3	0	0	7	11	0	31	0	0	0	0	0	0	0	0	0	0	0	0	0	0	0	0	0	0	11	7	23	0	0	21	136	2	0	19	2	0	19	0	0	0	7	3	0	0	7	2	0	19	0	0	0	0	0	0	0	0	0	0	0	7	3	0	0	7	2	0	19	0	0	0	0	0	0	0	0	0	0	0	0	0	0	0	0	0	0	0	7	3	0	0	7	11	0	31	0	0	0	0	0	0	0	0	0	0	0	0	0	0	0	0	0	0	0	0	0	0	0	0	0	0	11	7	23	0	0	21
282	269	24	36	36	256	2	0	29	24	36	36	0	0	36	7	58	90	144	16	243	2	0	29	2	0	29	0	0	30	7	3	0	116	7	24	36	36	0	0	0	0	0	0	0	0	0	0	36	7	58	90	144	16	230	2	0	29	2	0	29	0	0	30	7	3	0	116	7	2	0	29	0	0	0	0	0	0	0	0	0	0	30	7	3	0	116	7	24	36	36	0	0	0	0	0	0	0	0	0	0	0	0	0	0	0	0	0	0	36	7	58	90	144	16	217	2	0	29	2	0	29	0	0	30	7	3	0	116	7	2	0	29	0	0	0	0	0	0	0	0	0	0	30	7	3	0	116	7	2	0	29	0	0	0	0	0	0	0	0	0	0	0	0	0	0	0	0	0	0	30	7	3	0	116	7	24	36	36	0	0	0	0	3	0	0	0	0	0	0	0	0	0	0	0	0	0	0	0	0	0	0	0	0	0	36	7	58	90	144	16
472	449	68	107	131	426	32	22	122	68	107	131	21	0	81	7	118	272	655	58	403	31	22	107	32	22	122	19	0	80	2	28	0	610	57	68	107	131	2	0	10	27	0	0	0	14	21	0	81	7	118	272	655	58	380	31	22	82	31	22	107	19	0	60	0	27	0	535	57	32	22	122	2	0	10	0	0	0	0	0	19	0	80	2	28	0	610	57	60	107	131	7	0	0	56	24	0	0	121	2	0	10	27	0	0	0	14	21	0	81	7	111	272	655	58	357	29	22	77	31	22	82	19	0	33	0	27	0	410	57	31	22	107	2	0	10	0	0	0	0	0	19	0	60	0	27	0	535	57	24	22	122	0	0	0	48	1	0	0	84	2	0	10	0	0	0	0	0	19	0	80	2	21	0	610	57	59	107	131	9	0	0	60	10	34	0	0	7	0	0	56	24	0	0	121	2	0	10	27	0	0	0	14	16	0	81	7	109	272	655	58
377	359	32	17	127	341	11	0	91	32	17	127	3	0	39	75	62	34	127	145	323	11	0	82	11	0	91	3	0	38	70	6	0	91	125	32	17	127	0	0	0	27	0	0	0	0	3	0	39	75	62	34	127	145	305	11	0	71	11	0	82	3	0	30	68	6	0	82	123	11	0	91	0	0	0	0	0	0	0	0	3	0	38	70	6	0	91	125	32	17	127	0	0	0	0	2	0	0	23	0	0	0	27	0	0	0	0	3	0	39	75	62	34	127	145	287	11	0	71	11	0	71	3	0	13	68	6	0	71	123	11	0	82	0	0	0	0	0	0	0	0	3	0	30	68	6	0	82	123	11	0	91	0	0	0	0	0	0	0	12	0	0	0	0	0	0	0	0	3	0	38	70	6	0	91	125	32	17	127	3	0	0	0	8	0	0	0	0	0	0	0	2	0	0	23	0	0	0	27	0	0	0	0	3	0	39	75	62	34	127	145
332	316	32	48	90	300	6	0	69	32	48	90	3	0	45	46	67	132	360	94	284	5	0	69	6	0	69	1	0	44	46	5	0	276	86	32	48	90	0	0	10	0	0	0	0	0	3	0	45	46	67	132	360	94	268	5	0	69	5	0	69	1	0	44	46	4	0	276	86	6	0	69	0	0	10	0	0	0	0	0	1	0	44	46	5	0	276	86	31	48	90	7	0	0	0	17	0	0	0	0	0	10	0	0	0	0	0	3	0	45	46	67	132	360	94	252	3	0	69	5	0	69	1	0	44	46	4	0	276	86	5	0	69	0	0	10	0	0	0	0	0	1	0	44	46	4	0	276	86	5	0	69	0	0	0	0	1	0	0	0	0	0	10	0	0	0	0	0	1	0	44	46	5	0	276	86	31	48	90	4	0	0	0	5	24	0	0	7	0	0	0	17	0	0	0	0	0	10	0	0	0	0	0	3	0	45	46	67	132	360	94
312	297	33	36	76	282	8	0	44	33	36	76	2	0	52	38	66	84	228	145	267	7	0	33	8	0	44	0	0	50	33	5	0	132	125	33	36	76	0	0	10	10	0	0	0	14	2	0	52	38	66	84	228	145	252	7	0	31	7	0	33	0	0	33	31	4	0	99	123	8	0	44	0	0	10	0	0	0	0	0	0	0	50	33	5	0	132	125	31	36	76	3	0	0	0	12	0	0	0	0	0	10	10	0	0	0	14	2	0	52	38	65	84	228	145	237	6	0	31	7	0	31	0	0	31	31	4	0	93	123	7	0	33	0	0	10	0	0	0	0	0	0	0	33	31	4	0	99	123	6	0	44	0	0	0	0	1	0	0	0	0	0	10	0	0	0	0	0	0	0	50	33	4	0	132	125	31	36	76	0	0	0	0	6	12	0	0	3	0	0	0	12	0	0	0	0	0	10	10	0	0	0	14	2	0	52	38	65	84	228	145
313	298	39	26	70	283	18	0	36	39	26	70	6	0	26	36	72	52	140	145	268	18	0	2	18	0	36	6	0	25	2	19	0	72	125	35	26	70	0	0	0	10	0	0	0	49	6	0	26	36	66	52	140	145	253	18	0	0	18	0	2	6	0	2	0	19	0	4	123	14	0	36	0	0	0	0	0	0	0	7	6	0	25	2	13	0	72	125	30	26	70	0	0	0	0	6	0	0	0	0	0	0	10	0	0	0	49	0	0	26	36	60	52	140	145	238	18	0	0	18	0	0	6	0	0	0	19	0	0	123	14	0	2	0	0	0	0	0	0	0	7	6	0	2	0	13	0	4	123	9	0	36	0	0	0	0	0	0	0	0	0	0	0	0	0	0	0	7	0	0	25	2	7	0	72	125	30	26	70	0	0	0	0	6	0	0	0	0	0	0	0	6	0	0	0	0	0	0	10	0	0	0	49	0	0	26	36	60	52	140	145
238	226	29	20	81	214	11	0	22	29	20	81	1	0	13	54	50	30	162	367	202	11	0	21	11	0	22	1	0	10	52	10	0	44	271	29	20	81	7	0	0	11	8	0	0	0	1	0	13	54	50	30	162	367	190	7	0	21	11	0	21	1	0	10	52	10	0	42	211	11	0	22	0	0	0	11	0	0	0	0	1	0	10	52	10	0	44	271	28	20	81	7	0	0	0	20	40	0	0	7	0	0	11	8	0	0	0	1	0	13	54	50	30	162	367	178	5	0	21	7	0	21	1	0	10	52	7	0	42	182	11	0	21	0	0	0	11	0	0	0	0	1	0	10	52	10	0	42	211	10	0	22	0	0	0	0	0	0	0	0	0	0	0	11	0	0	0	0	1	0	10	52	10	0	44	271	26	20	81	4	0	0	0	0	0	0	0	7	0	0	0	20	40	0	0	7	0	0	11	8	0	0	0	1	0	13	54	47	30	162	367
333	316	63	55	115	299	36	16	65	63	55	115	25	0	75	91	86	110	345	297	282	36	16	65	36	16	65	25	0	72	91	31	32	195	235	63	55	115	13	0	0	0	14	0	0	0	25	0	75	91	86	110	345	297	265	31	13	64	36	16	65	25	0	72	89	31	32	195	209	36	16	65	3	0	0	0	2	0	0	0	25	0	72	91	31	32	195	235	58	55	115	16	39	0	5	30	65	0	0	13	0	0	0	14	0	0	0	25	0	75	91	85	110	345	297	248	24	0	46	31	13	64	25	0	72	69	28	26	192	182	36	16	65	3	0	0	0	2	0	0	0	25	0	72	89	31	32	195	209	31	16	65	3	0	0	0	1	0	0	0	3	0	0	0	2	0	0	0	25	0	72	91	30	32	195	235	53	55	115	10	0	60	31	1	0	115	121	16	39	0	5	30	65	0	0	13	0	0	0	14	0	0	0	20	0	75	91	77	110	345	297
298	283	43	26	107	268	25	0	26	43	26	107	12	0	0	68	62	52	214	494	253	25	0	25	25	0	26	12	0	0	64	20	0	52	362	41	26	107	4	0	0	7	8	0	0	0	12	0	0	68	59	52	214	494	238	23	0	7	25	0	25	12	0	0	18	20	0	50	293	23	0	26	0	0	0	2	0	0	0	0	12	0	0	64	17	0	52	362	34	26	107	7	0	0	15	21	26	0	23	4	0	0	7	8	0	0	0	6	0	0	68	53	52	214	494	223	20	0	0	23	0	7	12	0	0	0	20	0	14	253	23	0	25	0	0	0	0	0	0	0	0	12	0	0	18	17	0	50	293	16	0	26	0	0	0	0	0	0	0	0	0	0	0	2	0	0	0	0	6	0	0	64	11	0	52	362	32	26	107	4	0	8	0	0	0	0	23	7	0	0	15	21	26	0	23	4	0	0	7	8	0	0	0	4	0	0	68	50	52	214	494
270	255	54	71	46	240	30	38	12	54	71	46	13	12	0	30	80	104	184	221	225	30	38	12	30	38	12	13	12	0	30	29	24	48	191	54	71	46	11	0	0	0	21	0	0	0	13	12	0	30	80	104	184	221	211	25	34	5	30	38	12	13	12	0	10	29	24	48	176	30	38	12	1	0	0	0	2	0	0	0	13	12	0	30	29	24	48	191	43	57	46	6	32	0	5	19	40	0	14	11	0	0	0	21	0	0	0	13	12	0	30	72	104	184	221	197	23	22	0	25	34	5	13	8	0	0	26	16	20	151	30	38	12	1	0	0	0	2	0	0	0	13	12	0	10	29	24	48	176	19	24	12	3	0	0	0	1	0	0	0	1	0	0	0	2	0	0	0	13	12	0	30	21	24	48	191	37	57	46	0	32	8	0	0	0	46	23	6	32	0	5	19	40	0	14	11	0	0	0	21	0	0	0	3	12	0	30	62	104	184	221
195	185	43	25	17	175	17	0	0	43	25	17	3	0	0	0	75	75	85	131	165	17	0	0	17	0	0	3	0	0	0	13	0	0	122	43	25	17	20	0	0	0	27	0	0	0	3	0	0	0	75	75	85	131	155	10	0	0	17	0	0	3	0	0	0	13	0	0	107	17	0	0	0	0	0	0	0	0	0	0	3	0	0	0	13	0	0	122	41	25	17	7	0	0	0	16	35	0	0	20	0	0	0	27	0	0	0	3	0	0	0	75	75	85	131	145	8	0	0	10	0	0	3	0	0	0	10	0	0	82	17	0	0	0	0	0	0	0	0	0	0	3	0	0	0	13	0	0	107	15	0	0	0	0	0	0	0	0	0	0	0	0	0	0	0	0	0	0	3	0	0	0	13	0	0	122	37	25	17	4	0	0	0	0	0	0	0	7	0	0	0	16	35	0	0	20	0	0	0	27	0	0	0	1	0	0	0	69	75	85	131
319	302	47	31	131	285	32	16	78	47	31	131	13	0	0	52	63	15	131	366	268	28	15	75	32	16	78	9	0	0	46	25	0	78	125	47	31	131	19	15	0	30	23	60	0	0	13	0	0	52	63	15	131	366	251	16	0	75	28	15	75	9	0	0	46	24	0	75	123	32	16	78	0	0	0	30	0	0	0	0	9	0	0	46	25	0	78	125	45	31	131	0	0	69	0	0	0	131	0	19	15	0	30	23	60	0	0	13	0	0	52	63	15	131	366	234	13	0	75	16	0	75	2	0	0	46	14	0	75	97	28	15	75	0	0	0	30	0	0	0	0	9	0	0	46	24	0	75	123	30	16	78	0	0	45	0	0	0	78	0	0	0	0	30	0	0	0	0	9	0	0	46	25	0	78	125	34	31	131	0	0	30	0	0	0	0	0	0	0	69	0	0	0	131	0	19	15	0	30	23	60	0	0	11	0	0	52	49	15	131	366
301	283	65	93	79	265	43	71	41	65	93	79	29	0	0	26	73	120	158	259	247	39	65	41	43	71	41	25	0	0	26	37	87	82	99	65	93	79	21	66	0	0	27	44	0	0	29	0	0	26	73	120	158	259	229	29	32	41	39	65	41	25	0	0	26	36	81	82	98	43	71	41	7	0	0	0	4	0	0	0	25	0	0	26	37	87	82	99	55	93	79	5	0	69	0	2	0	237	0	21	66	0	0	27	44	0	0	29	0	0	26	72	120	158	259	213	26	32	41	29	32	41	18	0	0	26	29	48	82	90	39	65	41	7	0	0	0	4	0	0	0	25	0	0	26	36	81	82	98	36	71	41	5	0	45	0	2	0	123	0	7	0	0	0	4	0	0	0	25	0	0	26	36	87	82	99	39	61	79	0	0	30	0	0	0	0	0	5	0	69	0	2	0	237	0	21	66	0	0	27	44	0	0	16	0	0	26	53	72	158	259
274	259	65	66	42	244	37	26	36	65	66	42	35	0	22	10	64	128	210	17	229	28	16	36	37	26	36	10	0	22	10	24	0	180	0	65	66	42	14	80	11	0	22	64	0	0	35	0	22	10	64	128	210	17	214	17	0	36	28	16	36	8	0	22	10	21	0	180	0	37	26	36	0	0	11	0	0	0	0	0	10	0	22	10	24	0	180	0	64	66	42	0	0	70	0	0	0	84	0	14	80	11	0	22	64	0	0	35	0	22	10	64	128	210	17	199	15	0	36	17	0	36	2	0	22	10	15	0	180	0	28	16	36	0	0	11	0	0	0	0	0	8	0	22	10	21	0	180	0	36	26	36	0	0	67	0	0	0	72	0	0	0	11	0	0	0	0	0	10	0	22	10	24	0	180	0	50	66	42	0	0	22	0	0	0	0	0	0	0	70	0	0	0	84	0	14	80	11	0	22	64	0	0	33	0	22	10	49	128	210	17
233	218	47	73	39	203	25	47	0	47	73	39	5	24	0	0	54	92	117	285	188	21	44	0	25	47	0	1	24	0	0	20	36	0	103	47	73	39	17	24	0	0	23	32	0	0	5	24	0	0	54	92	117	285	174	13	36	0	21	44	0	1	24	0	0	19	36	0	102	25	47	0	0	0	0	0	0	0	0	0	1	24	0	0	20	36	0	103	43	59	39	0	0	21	0	0	0	39	0	17	24	0	0	23	32	0	0	5	24	0	0	54	92	117	285	162	12	36	0	13	36	0	0	24	0	0	12	36	0	76	21	44	0	0	0	0	0	0	0	0	0	1	24	0	0	19	36	0	102	24	35	0	0	0	0	0	0	0	0	0	0	0	0	0	0	0	0	0	1	24	0	0	20	36	0	103	32	35	39	0	0	8	0	0	0	0	0	0	0	21	0	0	0	39	0	17	24	0	0	23	32	0	0	5	0	0	0	42	56	117	285
186	176	50	24	13	166	27	0	0	50	24	13	22	0	0	0	49	72	52	63	156	20	0	0	27	0	0	3	0	0	0	16	0	0	12	50	24	13	20	0	0	0	20	42	0	0	22	0	0	0	49	72	52	63	146	12	0	0	20	0	0	3	0	0	0	15	0	0	12	27	0	0	0	0	0	0	0	0	0	0	3	0	0	0	16	0	0	12	48	24	13	0	0	8	0	0	0	0	0	20	0	0	0	20	42	0	0	22	0	0	0	49	72	52	63	136	11	0	0	12	0	0	2	0	0	0	10	0	0	5	20	0	0	0	0	0	0	0	0	0	0	3	0	0	0	15	0	0	12	25	0	0	0	0	0	0	0	0	0	0	0	0	0	0	0	0	0	0	3	0	0	0	16	0	0	12	39	24	13	0	0	8	0	0	0	0	0	0	0	8	0	0	0	0	0	20	0	0	0	20	42	0	0	20	0	0	0	39	72	52	63
212	200	36	32	34	188	21	0	11	36	32	34	27	0	12	11	16	16	136	94	176	8	0	11	21	0	11	2	0	11	11	8	0	44	36	36	32	34	0	0	48	0	0	0	0	0	27	0	12	11	16	16	136	94	164	8	0	11	8	0	11	2	0	11	11	7	0	44	36	21	0	11	0	0	22	0	0	0	0	0	2	0	11	11	8	0	44	36	35	32	34	0	0	0	0	0	0	0	0	0	0	48	0	0	0	0	0	27	0	12	11	16	16	136	94	152	8	0	11	8	0	11	2	0	11	11	7	0	44	36	8	0	11	0	0	22	0	0	0	0	0	2	0	11	11	7	0	44	36	20	0	11	0	0	0	0	0	0	0	0	0	0	22	0	0	0	0	0	2	0	11	11	8	0	44	36	28	32	34	0	0	0	0	0	0	0	0	0	0	0	0	0	0	0	0	0	0	48	0	0	0	0	0	25	0	12	11	9	16	136	94
277	261	53	79	40	245	37	24	25	53	79	40	45	120	12	11	43	32	200	55	229	23	0	25	37	24	25	35	0	11	11	37	0	125	36	53	79	40	12	0	110	0	5	0	120	0	45	120	12	11	43	32	200	55	213	23	0	25	23	0	25	35	0	11	11	33	0	125	36	37	24	25	12	0	92	0	5	0	75	0	35	0	11	11	37	0	125	36	53	79	40	0	0	0	0	3	0	0	0	12	0	110	0	5	0	120	0	45	120	12	11	43	32	200	55	197	23	0	25	23	0	25	35	0	11	11	33	0	125	36	23	0	25	12	0	92	0	5	0	75	0	35	0	11	11	33	0	125	36	37	24	25	0	0	0	0	3	0	0	0	12	0	92	0	5	0	75	0	35	0	11	11	37	0	125	36	39	79	40	0	0	0	0	0	0	0	0	0	0	0	0	3	0	0	0	12	0	110	0	5	0	120	0	45	120	12	11	31	32	200	55
255	238	62	91	48	221	43	78	0	62	91	48	69	36	0	0	55	52	48	304	204	32	42	0	43	78	0	50	0	0	0	47	51	0	155	62	91	48	18	0	72	0	5	0	192	0	69	36	0	0	55	52	48	304	187	32	42	0	32	42	0	50	0	0	0	44	42	0	152	43	78	0	18	0	0	0	5	0	0	0	50	0	0	0	47	51	0	155	56	91	48	2	0	0	0	3	0	0	0	18	0	72	0	5	0	192	0	69	36	0	0	55	52	48	304	173	32	42	0	32	42	0	50	0	0	0	44	42	0	152	32	42	0	18	0	0	0	5	0	0	0	50	0	0	0	44	42	0	152	40	78	0	2	0	0	0	3	0	0	0	18	0	0	0	5	0	0	0	50	0	0	0	47	51	0	155	37	49	48	0	0	0	0	0	0	0	0	2	0	0	0	3	0	0	0	18	0	72	0	5	0	192	0	59	36	0	0	35	10	48	304
186	174	37	36	33	162	22	20	0	37	36	33	25	0	0	0	21	10	66	173	150	8	20	0	22	20	0	2	0	0	0	13	10	0	77	37	36	33	0	0	57	0	0	0	0	0	25	0	0	0	21	10	66	173	138	8	20	0	8	20	0	2	0	0	0	9	10	0	77	22	20	0	0	0	0	0	0	0	0	0	2	0	0	0	13	10	0	77	35	36	33	0	0	0	0	0	0	0	0	0	0	57	0	0	0	0	0	25	0	0	0	21	10	66	173	128	8	20	0	8	20	0	2	0	0	0	9	10	0	77	8	20	0	0	0	0	0	0	0	0	0	2	0	0	0	9	10	0	77	21	20	0	0	0	0	0	0	0	0	0	0	0	0	0	0	0	0	0	2	0	0	0	13	10	0	77	28	16	33	0	0	0	0	0	0	0	0	0	0	0	0	0	0	0	0	0	0	57	0	0	0	0	0	23	0	0	0	12	0	66	173
174	164	29	29	8	154	15	5	0	29	29	8	19	20	0	0	11	10	32	42	144	6	0	0	15	5	0	0	0	0	0	5	0	0	36	29	29	8	0	0	16	0	0	0	8	0	19	20	0	0	11	10	32	42	134	6	0	0	6	0	0	0	0	0	0	4	0	0	36	15	5	0	0	0	0	0	0	0	0	0	0	0	0	0	5	0	0	36	29	29	8	0	0	0	0	0	0	0	0	0	0	16	0	0	0	8	0	19	20	0	0	11	10	32	42	124	6	0	0	6	0	0	0	0	0	0	4	0	0	36	6	0	0	0	0	0	0	0	0	0	0	0	0	0	0	4	0	0	36	15	5	0	0	0	0	0	0	0	0	0	0	0	0	0	0	0	0	0	0	0	0	0	5	0	0	36	23	29	8	0	0	0	0	0	0	0	0	0	0	0	0	0	0	0	0	0	0	16	0	0	0	8	0	19	20	0	0	7	10	32	42
236	222	24	24	76	208	13	0	53	24	24	76	35	0	91	24	21	0	152	82	194	13	0	52	13	0	53	35	0	58	22	21	0	106	36	24	24	76	12	0	0	11	3	0	0	0	35	0	91	24	21	0	152	82	180	13	0	52	13	0	52	35	0	56	22	21	0	104	36	13	0	53	12	0	0	11	3	0	0	0	35	0	58	22	21	0	106	36	24	24	76	0	0	0	0	2	0	0	0	12	0	0	11	3	0	0	0	35	0	91	24	21	0	152	82	166	13	0	52	13	0	52	35	0	56	22	21	0	104	36	13	0	52	12	0	0	11	3	0	0	0	35	0	56	22	21	0	104	36	13	0	53	0	0	0	0	2	0	0	0	12	0	0	11	3	0	0	0	35	0	58	22	21	0	106	36	19	24	76	0	0	0	0	0	0	0	0	0	0	0	0	2	0	0	0	12	0	0	11	3	0	0	0	35	0	91	24	18	0	152	82
185	174	32	18	67	163	17	0	59	32	18	67	39	0	118	0	31	0	134	40	152	17	0	59	17	0	59	39	0	94	0	30	0	118	25	32	18	67	12	0	0	0	5	0	0	0	39	0	118	0	31	0	134	40	141	17	0	59	17	0	59	39	0	94	0	30	0	118	25	17	0	59	12	0	0	0	5	0	0	0	39	0	94	0	30	0	118	25	32	18	67	0	0	0	0	3	0	0	0	12	0	0	0	5	0	0	0	39	0	118	0	31	0	134	40	130	17	0	59	17	0	59	39	0	94	0	30	0	118	25	17	0	59	12	0	0	0	5	0	0	0	39	0	94	0	30	0	118	25	17	0	59	0	0	0	0	3	0	0	0	12	0	0	0	5	0	0	0	39	0	94	0	30	0	118	25	27	18	67	0	0	0	0	0	0	0	0	0	0	0	0	3	0	0	0	12	0	0	0	5	0	0	0	39	0	118	0	28	0	134	40
136	128	9	0	29	120	0	0	8	9	0	29	0	0	37	0	0	0	0	82	112	0	0	8	0	0	8	0	0	8	0	0	0	0	36	9	0	29	0	0	0	0	0	0	0	0	0	0	37	0	0	0	0	82	104	0	0	8	0	0	8	0	0	8	0	0	0	0	36	0	0	8	0	0	0	0	0	0	0	0	0	0	8	0	0	0	0	36	9	0	29	0	0	0	0	0	0	0	0	0	0	0	0	0	0	0	0	0	0	37	0	0	0	0	82	96	0	0	8	0	0	8	0	0	8	0	0	0	0	36	0	0	8	0	0	0	0	0	0	0	0	0	0	8	0	0	0	0	36	0	0	8	0	0	0	0	0	0	0	0	0	0	0	0	0	0	0	0	0	0	8	0	0	0	0	36	9	0	29	0	0	0	0	0	0	0	0	0	0	0	0	0	0	0	0	0	0	0	0	0	0	0	0	0	0	37	0	0	0	0	82
136	128	15	0	38	120	5	0	0	15	0	38	0	0	65	0	5	0	0	163	112	5	0	0	5	0	0	0	0	0	0	4	0	0	36	15	0	38	0	0	0	0	0	0	0	0	0	0	65	0	5	0	0	163	104	5	0	0	5	0	0	0	0	0	0	4	0	0	36	5	0	0	0	0	0	0	0	0	0	0	0	0	0	0	4	0	0	36	15	0	38	0	0	0	0	0	0	0	0	0	0	0	0	0	0	0	0	0	0	65	0	5	0	0	163	96	5	0	0	5	0	0	0	0	0	0	4	0	0	36	5	0	0	0	0	0	0	0	0	0	0	0	0	0	0	4	0	0	36	5	0	0	0	0	0	0	0	0	0	0	0	0	0	0	0	0	0	0	0	0	0	0	4	0	0	36	10	0	38	0	0	0	0	0	0	0	0	0	0	0	0	0	0	0	0	0	0	0	0	0	0	0	0	0	0	65	0	1	0	0	163
119	112	8	0	29	105	2	0	0	8	0	29	0	0	29	0	1	0	0	115	98	2	0	0	2	0	0	0	0	0	0	1	0	0	36	8	0	29	0	0	0	0	0	0	0	0	0	0	29	0	1	0	0	115	91	2	0	0	2	0	0	0	0	0	0	1	0	0	36	2	0	0	0	0	0	0	0	0	0	0	0	0	0	0	1	0	0	36	8	0	29	0	0	0	0	0	0	0	0	0	0	0	0	0	0	0	0	0	0	29	0	1	0	0	115	84	2	0	0	2	0	0	0	0	0	0	1	0	0	36	2	0	0	0	0	0	0	0	0	0	0	0	0	0	0	1	0	0	36	2	0	0	0	0	0	0	0	0	0	0	0	0	0	0	0	0	0	0	0	0	0	0	1	0	0	36	6	0	29	0	0	0	0	0	0	0	0	0	0	0	0	0	0	0	0	0	0	0	0	0	0	0	0	0	0	29	0	0	0	0	115
251	227	56	191	101	203	33	156	72	56	191	101	35	480	9	66	70	300	0	143	179	30	144	54	33	156	72	25	420	9	17	53	261	0	112	56	191	101	13	144	0	14	8	36	0	88	35	480	9	66	70	300	0	143	155	28	144	54	30	144	54	22	420	9	17	47	252	0	111	33	156	72	6	144	0	14	8	36	0	25	25	420	9	17	53	261	0	112	49	191	101	2	0	0	0	4	24	0	0	13	144	0	14	8	36	0	88	35	480	9	66	70	300	0	143	135	28	144	54	28	144	54	22	420	9	17	47	252	0	111	30	144	54	6	144	0	14	8	36	0	25	22	420	9	17	47	252	0	111	29	156	72	2	0	0	0	4	24	0	0	6	144	0	14	8	36	0	25	25	420	9	17	53	261	0	112	26	111	101	0	0	0	0	3	0	0	0	2	0	0	0	4	24	0	0	13	144	0	14	8	36	0	88	24	480	9	66	47	240	0	143
288	267	54	68	166	246	43	68	157	54	68	166	60	0	37	80	71	85	0	0	225	43	68	126	43	68	157	60	0	37	29	71	85	0	0	54	68	166	19	0	0	139	13	0	0	88	60	0	37	80	71	85	0	0	204	43	68	77	43	68	126	60	0	37	28	71	85	0	0	43	68	157	19	0	0	36	13	0	0	25	60	0	37	29	71	85	0	0	43	68	166	5	0	0	89	7	0	0	291	19	0	0	139	13	0	0	88	60	0	37	80	70	85	0	0	187	43	68	76	43	68	77	60	0	31	28	71	85	0	0	43	68	126	19	0	0	36	13	0	0	25	60	0	37	28	71	85	0	0	37	68	157	5	0	0	86	7	0	0	155	19	0	0	36	13	0	0	25	60	0	37	29	70	85	0	0	26	0	166	0	0	0	10	3	0	0	0	5	0	0	89	7	0	0	291	19	0	0	139	13	0	0	88	47	0	37	80	51	0	0	0
276	258	24	17	179	240	24	17	138	24	17	179	39	0	0	176	41	0	0	143	222	24	17	108	24	17	138	39	0	0	105	41	0	0	112	24	17	179	12	0	0	78	7	0	0	96	39	0	0	176	41	0	0	143	204	24	17	99	24	17	108	39	0	0	104	41	0	0	111	24	17	138	12	0	0	36	7	0	0	25	39	0	0	105	41	0	0	112	24	17	179	0	0	0	11	4	0	0	42	12	0	0	78	7	0	0	96	39	0	0	176	41	0	0	143	187	24	17	99	24	17	99	39	0	0	104	41	0	0	111	24	17	108	12	0	0	36	7	0	0	25	39	0	0	104	41	0	0	111	24	17	138	0	0	0	11	4	0	0	36	12	0	0	36	7	0	0	25	39	0	0	105	41	0	0	112	13	0	179	0	0	0	0	0	0	0	0	0	0	0	11	4	0	0	42	12	0	0	78	7	0	0	96	39	0	0	176	30	0	0	143
208	189	69	119	83	170	50	96	81	69	119	83	65	163	73	18	92	134	83	0	151	47	90	69	50	96	81	56	151	73	9	85	126	81	0	69	119	83	18	68	12	36	13	22	0	48	65	163	73	18	92	134	83	0	134	46	88	55	47	90	69	54	143	73	9	80	121	69	0	50	96	81	15	66	12	14	13	22	0	0	56	151	73	9	85	126	81	0	56	85	83	13	22	0	33	7	11	0	79	18	68	12	36	13	22	0	48	65	163	73	18	89	134	83	0	121	46	88	53	46	88	55	54	143	67	9	80	121	55	0	47	90	69	15	66	12	14	13	22	0	0	54	143	73	9	80	121	69	0	42	70	81	13	22	0	30	7	11	0	41	15	66	12	14	13	22	0	0	56	151	73	9	82	126	81	0	36	33	83	8	0	0	21	8	0	0	0	13	22	0	33	7	11	0	79	18	68	12	36	13	22	0	48	56	59	73	18	65	69	83	0
209	192	58	87	102	175	41	64	102	58	87	102	41	39	118	0	72	76	204	0	158	38	63	99	41	64	102	32	39	118	0	65	75	204	0	57	87	102	11	12	12	36	8	24	0	0	41	39	118	0	71	76	204	0	144	37	60	78	38	63	99	30	36	118	0	60	73	198	0	41	64	102	8	12	12	14	8	24	0	0	32	39	118	0	65	75	204	0	42	45	102	12	36	0	104	4	12	0	79	11	12	12	36	8	24	0	0	41	39	118	0	63	62	204	0	131	37	60	52	37	60	78	30	36	108	0	60	72	156	0	38	63	99	8	12	12	14	8	24	0	0	30	36	118	0	60	73	198	0	28	25	102	12	36	0	30	4	12	0	41	8	12	12	14	8	24	0	0	32	39	118	0	57	62	204	0	28	32	102	8	0	0	45	8	0	0	161	12	36	0	104	4	12	0	79	11	12	12	36	8	24	0	0	22	0	118	0	42	36	204	0
183	167	62	69	67	151	47	59	64	62	69	67	47	0	36	35	109	104	67	0	135	46	59	64	47	59	64	45	0	34	35	90	94	64	0	54	69	67	9	0	0	0	5	0	0	0	47	0	36	35	98	104	67	0	123	46	59	64	46	59	64	45	0	34	35	90	94	64	0	45	59	64	9	0	0	0	3	0	0	0	45	0	34	35	86	94	64	0	41	21	67	12	0	0	0	4	0	0	0	9	0	0	0	5	0	0	0	44	0	36	35	80	32	67	0	111	45	55	64	46	59	64	45	0	34	35	90	94	64	0	44	59	64	9	0	0	0	2	0	0	0	45	0	34	35	86	94	64	0	32	11	64	10	0	0	0	1	0	0	0	9	0	0	0	3	0	0	0	42	0	34	35	68	22	64	0	39	21	67	12	44	0	0	9	11	0	0	12	0	0	0	4	0	0	0	9	0	0	0	5	0	0	0	35	0	36	35	76	32	67	0
192	173	57	118	93	154	40	110	63	57	118	93	34	96	14	113	85	176	0	185	135	38	108	63	40	110	63	28	96	12	113	63	166	0	183	54	118	93	10	24	0	0	9	24	0	0	34	96	14	113	81	176	0	185	120	37	98	63	38	108	63	26	88	12	113	59	162	0	168	39	110	63	7	20	0	0	6	20	0	0	28	96	12	113	61	166	0	183	32	58	93	22	116	0	0	5	12	0	0	10	24	0	0	9	24	0	0	33	96	14	113	61	146	0	185	106	33	90	60	37	98	63	26	80	12	104	59	154	0	133	37	108	63	7	20	0	0	6	20	0	0	26	88	12	113	57	162	0	168	19	54	63	5	100	0	0	3	10	0	0	7	20	0	0	6	20	0	0	27	96	12	113	41	138	0	183	24	44	93	4	80	0	33	5	40	0	0	22	116	0	0	5	12	0	0	10	24	0	0	9	24	0	0	15	40	14	113	48	118	0	185
229	209	51	89	137	189	40	84	120	51	89	137	27	70	14	89	74	118	0	102	169	40	84	120	40	84	120	27	70	12	89	64	112	0	102	41	89	137	5	0	0	0	4	0	0	0	27	70	14	89	60	118	0	102	154	40	84	120	40	84	120	27	70	12	89	64	112	0	99	36	84	120	5	0	0	0	4	0	0	0	27	70	12	89	57	112	0	102	19	14	137	13	0	0	0	2	0	0	0	5	0	0	0	4	0	0	0	18	70	14	89	36	28	0	102	140	40	84	113	40	84	120	27	70	12	76	64	112	0	78	36	84	120	5	0	0	0	4	0	0	0	27	70	12	89	57	112	0	99	16	14	120	13	0	0	0	2	0	0	0	5	0	0	0	4	0	0	0	18	70	12	89	33	28	0	102	17	0	137	14	0	0	65	7	0	0	0	13	0	0	0	2	0	0	0	5	0	0	0	4	0	0	0	11	0	14	89	32	0	0	102
168	152	56	96	35	136	37	81	35	54	96	35	24	78	0	0	84	178	35	0	121	36	79	35	37	81	35	22	74	0	0	65	159	35	0	42	81	35	2	16	0	0	3	0	0	0	24	78	0	0	67	148	35	0	108	36	79	35	36	79	35	22	74	0	0	65	155	35	0	30	68	35	2	16	0	0	1	0	0	0	22	74	0	0	54	133	35	0	29	55	35	2	0	0	0	3	0	0	0	2	16	0	0	3	0	0	0	21	52	0	0	45	83	35	0	95	35	77	35	36	79	35	22	74	0	0	65	155	35	0	29	66	35	2	16	0	0	0	0	0	0	22	74	0	0	54	129	35	0	17	42	35	0	0	0	0	0	0	0	0	2	16	0	0	1	0	0	0	19	48	0	0	32	68	35	0	28	55	35	10	24	0	0	4	12	0	0	2	0	0	0	3	0	0	0	2	16	0	0	3	0	0	0	16	52	0	0	43	83	35	0
126	115	52	48	8	104	37	34	8	52	48	8	25	45	0	0	92	79	16	0	93	35	30	8	37	34	8	22	36	0	0	72	56	16	0	48	48	8	12	6	0	0	18	8	8	0	25	45	0	0	85	79	16	0	82	32	30	8	35	30	8	19	36	0	0	66	54	16	0	33	34	8	3	6	0	0	12	3	8	0	22	36	0	0	65	56	16	0	38	48	8	15	0	0	0	8	9	0	0	12	6	0	0	18	8	8	0	20	45	0	0	64	79	16	0	71	31	29	8	32	30	8	19	36	0	0	62	54	16	0	31	30	8	3	6	0	0	8	0	8	0	19	36	0	0	59	54	16	0	23	34	8	13	0	0	0	8	0	0	0	3	6	0	0	12	3	8	0	17	36	0	0	44	56	16	0	38	48	8	15	5	0	0	5	10	0	0	15	0	0	0	8	9	0	0	12	6	0	0	18	8	8	0	20	45	0	0	64	79	16	0
153	141	52	41	31	129	29	20	30	52	41	31	30	0	0	11	107	88	93	0	117	25	20	30	29	20	30	21	0	0	11	67	60	90	0	51	41	31	13	0	0	0	31	21	0	0	30	0	0	11	106	88	93	0	105	22	20	30	25	20	30	18	0	0	11	59	60	90	0	28	20	30	4	0	0	0	17	0	0	0	21	0	0	11	66	60	90	0	49	41	31	13	0	0	0	11	0	0	0	13	0	0	0	31	21	0	0	28	0	0	11	101	88	93	0	93	22	20	30	22	20	30	18	0	0	11	55	60	90	0	24	20	30	4	0	0	0	8	0	0	0	18	0	0	11	58	60	90	0	26	20	30	13	0	0	0	11	0	0	0	4	0	0	0	17	0	0	0	19	0	0	11	61	60	90	0	49	41	31	9	0	0	0	4	0	0	0	13	0	0	0	11	0	0	0	13	0	0	0	31	21	0	0	28	0	0	11	101	88	93	0
173	158	65	71	57	143	45	55	33	65	71	57	31	76	3	53	127	136	57	110	128	43	54	31	45	55	33	28	72	0	47	96	119	33	107	62	71	57	15	9	0	24	21	8	0	0	31	76	3	53	122	136	57	110	113	40	54	31	43	54	31	25	72	0	47	90	117	31	107	42	55	33	6	9	0	24	12	0	0	0	28	72	0	47	91	119	33	107	53	71	57	15	0	0	0	8	0	0	0	15	9	0	24	21	8	0	0	27	76	3	53	105	136	57	110	98	39	53	31	40	54	31	25	72	0	47	86	117	31	107	40	54	31	6	9	0	24	8	0	0	0	25	72	0	47	85	117	31	107	33	55	33	13	0	0	0	8	0	0	0	6	9	0	24	12	0	0	0	24	72	0	47	74	119	33	107	53	71	57	15	8	0	0	8	14	0	0	15	0	0	0	8	0	0	0	15	9	0	24	21	8	0	0	27	76	3	53	105	136	57	110
186	170	72	98	11	154	38	77	8	72	98	11	59	39	3	0	133	219	33	8	138	25	63	8	38	77	8	34	15	0	0	66	165	24	8	71	98	11	11	45	0	0	39	97	11	0	59	39	3	0	132	219	33	8	122	19	36	8	25	63	8	16	0	0	0	53	128	24	8	37	77	8	2	0	0	0	14	64	8	0	34	15	0	0	65	165	24	8	69	98	11	1	108	0	0	14	54	33	0	11	45	0	0	39	97	11	0	57	39	3	0	127	219	33	8	106	19	32	8	19	36	8	16	0	0	0	43	81	24	8	24	63	8	2	0	0	0	0	40	8	0	16	0	0	0	52	128	24	8	35	77	8	1	96	0	0	8	48	24	0	2	0	0	0	14	64	8	0	32	15	0	0	60	165	24	8	69	98	11	6	32	0	0	5	0	0	0	1	108	0	0	14	54	33	0	11	45	0	0	39	97	11	0	57	39	3	0	127	219	33	8
94	87	30	12	0	80	14	0	0	30	12	0	12	0	0	0	55	15	0	0	73	10	0	0	14	0	0	3	0	0	0	27	0	0	0	30	12	0	9	0	0	0	30	9	0	0	12	0	0	0	55	15	0	0	66	7	0	0	10	0	0	0	0	0	0	19	0	0	0	14	0	0	0	0	0	0	17	0	0	0	3	0	0	0	27	0	0	0	30	12	0	13	0	0	0	11	0	0	0	9	0	0	0	30	9	0	0	12	0	0	0	55	15	0	0	59	7	0	0	7	0	0	0	0	0	0	15	0	0	0	10	0	0	0	0	0	0	8	0	0	0	0	0	0	0	19	0	0	0	14	0	0	13	0	0	0	11	0	0	0	0	0	0	0	17	0	0	0	3	0	0	0	27	0	0	0	30	12	0	4	0	0	0	0	0	0	0	13	0	0	0	11	0	0	0	9	0	0	0	30	9	0	0	12	0	0	0	55	15	0	0
93	86	24	10	0	79	8	0	0	24	10	0	14	0	0	0	36	18	0	0	72	3	0	0	8	0	0	0	0	0	0	11	0	0	0	24	10	0	0	0	0	0	20	10	0	0	14	0	0	0	36	18	0	0	65	3	0	0	3	0	0	0	0	0	0	6	0	0	0	8	0	0	0	0	0	0	14	0	0	0	0	0	0	0	11	0	0	0	24	10	0	1	0	0	0	8	0	0	0	0	0	0	0	20	10	0	0	14	0	0	0	36	18	0	0	58	3	0	0	3	0	0	0	0	0	0	6	0	0	0	3	0	0	0	0	0	0	0	0	0	0	0	0	0	0	6	0	0	0	8	0	0	1	0	0	0	8	0	0	0	0	0	0	0	14	0	0	0	0	0	0	0	11	0	0	0	24	10	0	0	0	0	0	0	0	0	0	1	0	0	0	8	0	0	0	0	0	0	0	20	10	0	0	14	0	0	0	36	18	0	0
149	137	41	21	30	125	30	21	3	41	21	30	43	0	5	6	77	10	0	99	113	19	11	0	30	21	3	22	0	0	0	51	10	0	71	41	21	30	4	0	15	0	20	40	30	8	43	0	5	6	77	10	0	99	101	17	10	0	19	11	0	14	0	0	0	39	0	0	69	30	21	3	2	0	0	0	18	40	3	8	22	0	0	0	51	10	0	71	41	21	30	12	10	0	0	12	20	0	0	4	0	15	0	20	40	30	8	43	0	5	6	77	10	0	99	89	15	10	0	17	10	0	14	0	0	0	37	0	0	69	19	11	0	2	0	0	0	0	0	0	8	14	0	0	0	39	0	0	69	30	21	3	12	10	0	0	12	20	0	0	2	0	0	0	18	40	3	8	22	0	0	0	51	10	0	71	41	21	30	4	0	13	0	2	0	0	0	12	10	0	0	12	20	0	0	4	0	15	0	20	40	30	8	43	0	5	6	77	10	0	99
162	149	38	46	17	136	21	16	0	38	46	17	25	48	5	0	63	86	51	42	123	10	0	0	21	16	0	9	0	0	0	31	16	0	38	38	46	17	3	0	15	0	39	55	34	0	25	48	5	0	63	86	51	42	110	7	0	0	10	0	0	0	0	0	0	20	0	0	38	21	16	0	0	0	0	0	17	40	0	0	9	0	0	0	31	16	0	38	38	46	17	13	0	0	0	20	33	0	0	3	0	15	0	39	55	34	0	25	48	5	0	63	86	51	42	97	7	0	0	7	0	0	0	0	0	0	15	0	0	38	10	0	0	0	0	0	0	0	0	0	0	0	0	0	0	20	0	0	38	21	16	0	13	0	0	0	11	24	0	0	0	0	0	0	17	40	0	0	9	0	0	0	31	16	0	38	38	46	17	4	0	0	0	0	0	0	0	13	0	0	0	20	33	0	0	3	0	15	0	39	55	34	0	25	48	5	0	63	86	51	42
148	136	35	44	7	124	19	12	0	35	44	7	23	48	5	0	57	68	28	11	112	8	0	0	19	12	0	9	0	0	0	25	12	0	8	35	44	7	3	0	15	0	39	50	14	0	23	48	5	0	57	68	28	11	100	5	0	0	8	0	0	0	0	0	0	14	0	0	8	19	12	0	0	0	0	0	17	30	0	0	9	0	0	0	25	12	0	8	35	44	7	13	0	0	0	20	30	0	0	3	0	15	0	39	50	14	0	23	48	5	0	57	68	28	11	88	5	0	0	5	0	0	0	0	0	0	9	0	0	8	8	0	0	0	0	0	0	0	0	0	0	0	0	0	0	14	0	0	8	19	12	0	13	0	0	0	11	18	0	0	0	0	0	0	17	30	0	0	9	0	0	0	25	12	0	8	35	44	7	4	0	0	0	0	0	0	0	13	0	0	0	20	30	0	0	3	0	15	0	39	50	14	0	23	48	5	0	57	68	28	11
103	95	16	7	12	87	8	0	0	16	7	12	14	0	0	0	27	0	12	31	79	3	0	0	8	0	0	0	0	0	0	11	0	0	30	16	7	12	0	0	0	0	14	0	0	0	14	0	0	0	27	0	12	31	71	3	0	0	3	0	0	0	0	0	0	6	0	0	30	8	0	0	0	0	0	0	14	0	0	0	0	0	0	0	11	0	0	30	16	7	12	1	0	0	0	8	0	0	0	0	0	0	0	14	0	0	0	14	0	0	0	27	0	12	31	63	3	0	0	3	0	0	0	0	0	0	6	0	0	30	3	0	0	0	0	0	0	0	0	0	0	0	0	0	0	6	0	0	30	8	0	0	1	0	0	0	8	0	0	0	0	0	0	0	14	0	0	0	0	0	0	0	11	0	0	30	16	7	12	0	0	0	0	0	0	0	0	1	0	0	0	8	0	0	0	0	0	0	0	14	0	0	0	14	0	0	0	27	0	12	31
90	83	14	6	5	76	6	0	0	14	6	5	14	0	0	0	21	0	5	0	69	1	0	0	6	0	0	0	0	0	0	5	0	0	0	14	6	5	0	0	0	0	14	0	0	0	14	0	0	0	21	0	5	0	62	1	0	0	1	0	0	0	0	0	0	0	0	0	0	6	0	0	0	0	0	0	14	0	0	0	0	0	0	0	5	0	0	0	14	6	5	1	0	0	0	8	0	0	0	0	0	0	0	14	0	0	0	14	0	0	0	21	0	5	0	55	1	0	0	1	0	0	0	0	0	0	0	0	0	0	1	0	0	0	0	0	0	0	0	0	0	0	0	0	0	0	0	0	0	6	0	0	1	0	0	0	8	0	0	0	0	0	0	0	14	0	0	0	0	0	0	0	5	0	0	0	14	6	5	0	0	0	0	0	0	0	0	1	0	0	0	8	0	0	0	0	0	0	0	14	0	0	0	14	0	0	0	21	0	5	0
127	116	39	30	22	105	21	0	5	39	30	22	32	0	52	15	69	42	110	24	94	10	0	0	21	0	5	18	0	15	0	29	0	25	0	39	30	22	9	0	0	0	35	66	0	11	32	0	52	15	69	42	110	24	83	4	0	0	10	0	0	0	0	0	0	19	0	0	0	21	0	5	0	0	0	0	0	0	0	8	18	0	15	0	29	0	25	0	39	30	22	12	0	0	0	15	36	0	0	9	0	0	0	35	66	0	11	32	0	52	15	69	42	110	24	72	0	0	0	4	0	0	0	0	0	0	9	0	0	0	10	0	0	0	0	0	0	0	0	0	8	0	0	0	0	19	0	0	0	21	0	5	0	0	0	0	0	0	0	0	0	0	0	0	0	0	0	8	18	0	15	0	29	0	25	0	39	30	22	0	0	32	0	0	0	0	0	12	0	0	0	15	36	0	0	9	0	0	0	35	66	0	11	32	0	52	15	69	42	110	24
96	88	13	0	27	80	0	0	0	13	0	27	0	0	28	0	13	0	0	41	72	0	0	0	0	0	0	0	0	0	0	0	0	0	0	13	0	27	0	0	0	0	30	0	0	0	0	0	28	0	13	0	0	41	64	0	0	0	0	0	0	0	0	0	0	0	0	0	0	0	0	0	0	0	0	0	0	0	0	0	0	0	0	0	0	0	0	0	13	0	27	0	0	0	0	15	0	0	0	0	0	0	0	30	0	0	0	0	0	28	0	13	0	0	41	56	0	0	0	0	0	0	0	0	0	0	0	0	0	0	0	0	0	0	0	0	0	0	0	0	0	0	0	0	0	0	0	0	0	0	0	0	0	0	0	0	0	0	0	0	0	0	0	0	0	0	0	0	0	0	0	0	0	0	0	0	13	0	27	0	0	0	0	0	0	0	0	0	0	0	0	15	0	0	0	0	0	0	0	30	0	0	0	0	0	28	0	13	0	0	41
105	96	22	18	14	87	10	0	0	22	18	14	14	0	28	0	32	12	42	24	78	3	0	0	10	0	0	9	0	0	0	11	0	0	0	22	18	14	3	0	0	0	27	42	0	0	14	0	28	0	32	12	42	24	69	0	0	0	3	0	0	0	0	0	0	5	0	0	0	10	0	0	0	0	0	0	0	0	0	0	9	0	0	0	11	0	0	0	22	18	14	0	0	0	0	12	18	0	0	3	0	0	0	27	42	0	0	14	0	28	0	32	12	42	24	60	0	0	0	0	0	0	0	0	0	0	0	0	0	0	3	0	0	0	0	0	0	0	0	0	0	0	0	0	0	5	0	0	0	10	0	0	0	0	0	0	0	0	0	0	0	0	0	0	0	0	0	0	9	0	0	0	11	0	0	0	22	18	14	0	0	0	0	0	0	0	0	0	0	0	0	12	18	0	0	3	0	0	0	27	42	0	0	14	0	28	0	32	12	42	24
48	44	6	0	6	40	0	0	0	6	0	6	0	0	12	0	4	0	0	7	36	0	0	0	0	0	0	0	0	0	0	0	0	0	0	6	0	6	0	0	0	0	14	0	0	0	0	0	12	0	4	0	0	7	32	0	0	0	0	0	0	0	0	0	0	0	0	0	0	0	0	0	0	0	0	0	0	0	0	0	0	0	0	0	0	0	0	0	6	0	6	0	0	0	0	6	0	0	0	0	0	0	0	14	0	0	0	0	0	12	0	4	0	0	7	28	0	0	0	0	0	0	0	0	0	0	0	0	0	0	0	0	0	0	0	0	0	0	0	0	0	0	0	0	0	0	0	0	0	0	0	0	0	0	0	0	0	0	0	0	0	0	0	0	0	0	0	0	0	0	0	0	0	0	0	0	6	0	6	0	0	0	0	0	0	0	0	0	0	0	0	6	0	0	0	0	0	0	0	14	0	0	0	0	0	12	0	4	0	0	7
59	54	10	4	0	49	2	0	0	10	4	0	0	0	0	0	11	0	0	0	44	0	0	0	2	0	0	0	0	0	0	2	0	0	0	10	4	0	0	0	0	0	18	8	0	0	0	0	0	0	11	0	0	0	39	0	0	0	0	0	0	0	0	0	0	0	0	0	0	2	0	0	0	0	0	0	0	0	0	0	0	0	0	0	2	0	0	0	10	4	0	0	0	0	0	9	0	0	0	0	0	0	0	18	8	0	0	0	0	0	0	11	0	0	0	34	0	0	0	0	0	0	0	0	0	0	0	0	0	0	0	0	0	0	0	0	0	0	0	0	0	0	0	0	0	0	0	0	0	2	0	0	0	0	0	0	0	0	0	0	0	0	0	0	0	0	0	0	0	0	0	0	2	0	0	0	10	4	0	0	0	0	0	0	0	0	0	0	0	0	0	9	0	0	0	0	0	0	0	18	8	0	0	0	0	0	0	11	0	0	0
126	114	36	30	42	102	22	19	22	36	30	42	40	19	0	56	64	78	42	36	90	10	9	5	22	19	22	17	9	0	5	29	30	22	5	35	30	42	8	9	0	15	6	18	42	24	40	19	0	56	63	78	42	36	78	1	0	0	10	9	5	0	0	0	0	17	27	5	0	21	19	22	0	0	0	0	0	0	22	0	17	9	0	5	28	30	22	5	35	30	42	0	0	36	0	0	0	42	11	8	9	0	15	6	18	42	24	40	19	0	56	63	78	42	36	66	1	0	0	1	0	0	0	0	0	0	1	0	0	0	9	9	5	0	0	0	0	0	0	5	0	0	0	0	0	16	27	5	0	21	19	22	0	0	32	0	0	0	22	8	0	0	0	0	0	0	22	0	17	9	0	5	28	30	22	5	35	30	42	0	0	0	0	1	0	0	0	0	0	36	0	0	0	42	11	8	9	0	15	6	18	42	24	40	19	0	56	63	78	42	36
172	155	44	84	52	138	27	62	32	43	84	52	33	128	0	56	75	124	52	36	121	18	20	5	26	62	32	13	80	0	5	39	62	32	5	37	84	52	7	20	0	15	6	20	208	54	32	128	0	56	66	124	52	36	104	9	0	0	17	20	5	3	0	0	0	31	20	5	0	20	62	32	0	0	0	0	0	0	128	3	12	80	0	5	30	62	32	5	35	84	52	0	0	46	0	0	0	104	11	7	20	0	15	6	20	208	54	30	128	0	56	61	124	52	36	87	9	0	0	8	0	0	3	0	0	0	14	0	0	0	11	20	5	0	0	0	0	0	0	20	0	2	0	0	0	22	20	5	0	18	62	32	0	0	42	0	0	0	64	8	0	0	0	0	0	0	128	3	10	80	0	5	25	62	32	5	35	84	52	4	0	0	0	1	0	0	0	0	0	46	0	0	0	104	11	7	20	0	15	6	20	208	54	30	128	0	56	61	124	52	36
137	123	47	69	15	109	24	42	8	47	69	15	29	108	0	8	74	141	30	22	95	14	18	5	24	42	8	11	54	0	5	34	64	16	5	42	69	15	3	36	0	15	6	12	45	0	29	108	0	8	67	141	30	22	81	7	0	0	14	18	5	2	0	0	0	26	30	10	0	19	42	8	0	0	0	0	0	0	24	0	11	54	0	5	27	64	16	5	40	69	15	0	0	36	0	0	0	45	11	3	36	0	15	6	12	45	0	27	108	0	8	62	141	30	22	67	7	0	0	7	0	0	2	0	0	0	12	0	0	0	9	18	5	0	0	0	0	0	0	15	0	2	0	0	0	19	30	10	0	17	42	8	0	0	32	0	0	0	24	8	0	0	0	0	0	0	24	0	9	54	0	5	22	64	16	5	40	69	15	4	0	0	0	2	0	0	0	0	0	36	0	0	0	45	11	3	36	0	15	6	12	45	0	27	108	0	8	62	141	30	22
95	86	26	14	16	77	17	14	0	26	14	16	32	0	0	0	53	14	0	36	68	8	0	0	17	14	0	18	0	0	0	21	14	0	5	24	14	16	9	0	0	0	8	0	32	0	32	0	0	0	50	14	0	36	59	2	0	0	8	0	0	0	0	0	0	13	0	0	0	15	14	0	0	0	0	0	0	0	0	0	18	0	0	0	18	14	0	5	24	14	16	0	0	0	0	0	0	0	0	9	0	0	0	8	0	32	0	32	0	0	0	50	14	0	36	50	2	0	0	2	0	0	0	0	0	0	3	0	0	0	6	0	0	0	0	0	0	0	0	0	0	0	0	0	0	10	0	0	0	15	14	0	0	0	0	0	0	0	0	0	0	0	0	0	0	0	0	0	18	0	0	0	18	14	0	5	24	14	16	0	0	0	0	0	0	0	0	0	0	0	0	0	0	0	0	9	0	0	0	8	0	32	0	32	0	0	0	50	14	0	36
94	85	34	23	6	76	19	5	0	34	23	6	39	15	0	0	51	55	18	22	67	7	0	0	19	5	0	18	0	0	0	23	0	0	5	33	23	6	9	0	0	0	6	10	6	0	39	15	0	0	50	55	18	22	58	1	0	0	7	0	0	0	0	0	0	11	0	0	0	18	5	0	0	0	0	0	0	0	0	0	18	0	0	0	22	0	0	5	33	23	6	0	0	0	0	0	0	0	0	9	0	0	0	6	10	6	0	39	15	0	0	50	55	18	22	49	1	0	0	1	0	0	0	0	0	0	1	0	0	0	6	0	0	0	0	0	0	0	0	0	0	0	0	0	0	10	0	0	0	18	5	0	0	0	0	0	0	0	0	0	0	0	0	0	0	0	0	0	18	0	0	0	22	0	0	5	33	23	6	0	0	0	0	0	0	0	0	0	0	0	0	0	0	0	0	9	0	0	0	6	10	6	0	39	15	0	0	50	55	18	22
133	118	41	73	30	103	16	28	0	38	73	30	22	70	72	0	45	73	150	115	89	10	14	0	14	28	0	4	0	0	0	24	28	0	62	32	59	30	0	0	47	0	0	0	60	0	20	70	72	0	36	59	150	115	75	10	14	0	8	14	0	4	0	0	0	14	14	0	15	8	14	0	0	0	0	0	0	0	0	0	2	0	0	0	15	14	0	62	30	59	30	0	0	0	0	0	0	0	0	0	0	47	0	0	0	60	0	18	70	72	0	31	59	150	115	61	10	14	0	8	14	0	4	0	0	0	14	14	0	0	2	0	0	0	0	0	0	0	0	0	0	2	0	0	0	5	0	0	15	6	14	0	0	0	0	0	0	0	0	0	0	0	0	0	0	0	0	0	0	0	0	0	10	14	0	62	30	59	30	4	0	0	0	1	0	0	0	0	0	0	0	0	0	0	0	0	0	47	0	0	0	60	0	18	70	72	0	31	59	150	115
96	86	30	24	11	76	12	0	0	28	24	11	21	0	23	0	30	18	44	21	66	7	0	0	10	0	0	2	0	0	0	14	0	0	8	23	24	11	0	0	18	0	0	0	0	0	19	0	23	0	23	18	44	21	56	7	0	0	5	0	0	2	0	0	0	7	0	0	5	5	0	0	0	0	0	0	0	0	0	0	0	0	0	0	7	0	0	8	23	24	11	0	0	0	0	0	0	0	0	0	0	18	0	0	0	0	0	19	0	23	0	23	18	44	21	46	7	0	0	5	0	0	2	0	0	0	7	0	0	0	0	0	0	0	0	0	0	0	0	0	0	0	0	0	0	0	0	0	5	5	0	0	0	0	0	0	0	0	0	0	0	0	0	0	0	0	0	0	0	0	0	0	7	0	0	8	23	24	11	0	0	0	0	0	0	0	0	0	0	0	0	0	0	0	0	0	0	18	0	0	0	0	0	19	0	23	0	23	18	44	21
58	52	12	8	5	46	2	0	0	11	8	5	1	0	5	0	8	4	10	6	40	2	0	0	1	0	0	1	0	0	0	1	0	0	0	10	8	5	0	0	0	0	0	0	0	0	0	0	5	0	7	4	10	6	34	2	0	0	1	0	0	1	0	0	0	1	0	0	0	0	0	0	0	0	0	0	0	0	0	0	0	0	0	0	0	0	0	0	10	8	5	0	0	0	0	0	0	0	0	0	0	0	0	0	0	0	0	0	0	5	0	7	4	10	6	28	2	0	0	1	0	0	1	0	0	0	1	0	0	0	0	0	0	0	0	0	0	0	0	0	0	0	0	0	0	0	0	0	0	0	0	0	0	0	0	0	0	0	0	0	0	0	0	0	0	0	0	0	0	0	0	0	0	0	0	0	10	8	5	0	0	0	0	0	0	0	0	0	0	0	0	0	0	0	0	0	0	0	0	0	0	0	0	0	0	5	0	7	4	10	6
58	52	19	8	0	46	5	0	0	18	8	0	11	0	0	0	16	4	0	0	40	3	0	0	4	0	0	1	0	0	0	4	0	0	0	16	8	0	0	0	0	0	0	0	0	0	10	0	0	0	14	4	0	0	34	3	0	0	2	0	0	1	0	0	0	2	0	0	0	2	0	0	0	0	0	0	0	0	0	0	0	0	0	0	2	0	0	0	16	8	0	0	0	0	0	0	0	0	0	0	0	0	0	0	0	0	0	10	0	0	0	14	4	0	0	28	3	0	0	2	0	0	1	0	0	0	2	0	0	0	0	0	0	0	0	0	0	0	0	0	0	0	0	0	0	0	0	0	0	2	0	0	0	0	0	0	0	0	0	0	0	0	0	0	0	0	0	0	0	0	0	0	2	0	0	0	16	8	0	0	0	0	0	0	0	0	0	0	0	0	0	0	0	0	0	0	0	0	0	0	0	0	0	10	0	0	0	14	4	0	0
58	52	19	8	0	46	5	0	0	18	8	0	11	0	0	0	16	4	0	0	40	3	0	0	4	0	0	1	0	0	0	4	0	0	0	16	8	0	0	0	0	0	0	0	0	0	10	0	0	0	14	4	0	0	34	3	0	0	2	0	0	1	0	0	0	2	0	0	0	2	0	0	0	0	0	0	0	0	0	0	0	0	0	0	2	0	0	0	16	8	0	0	0	0	0	0	0	0	0	0	0	0	0	0	0	0	0	10	0	0	0	14	4	0	0	28	3	0	0	2	0	0	1	0	0	0	2	0	0	0	0	0	0	0	0	0	0	0	0	0	0	0	0	0	0	0	0	0	0	2	0	0	0	0	0	0	0	0	0	0	0	0	0	0	0	0	0	0	0	0	0	0	2	0	0	0	16	8	0	0	0	0	0	0	0	0	0	0	0	0	0	0	0	0	0	0	0	0	0	0	0	0	0	10	0	0	0	14	4	0	0
126	111	40	38	82	96	18	14	72	37	38	82	15	0	130	22	63	52	164	30	82	15	14	56	17	14	72	6	0	108	0	34	28	144	0	28	24	82	0	0	23	0	0	0	0	67	14	0	130	22	49	24	164	30	68	15	14	56	14	14	56	6	0	70	0	28	28	112	0	8	0	72	0	0	23	0	0	0	0	40	5	0	108	0	20	0	144	0	23	24	82	0	0	0	0	0	0	0	0	0	0	23	0	0	0	0	67	9	0	130	22	35	24	164	30	54	15	14	54	14	14	56	6	0	70	0	28	28	112	0	5	0	56	0	0	23	0	0	0	0	10	5	0	70	0	14	0	112	0	3	0	72	0	0	0	0	0	0	0	0	0	0	23	0	0	0	0	40	0	0	108	0	6	0	144	0	23	24	82	6	0	0	13	4	0	0	0	0	0	0	0	0	0	0	0	0	0	23	0	0	0	0	67	9	0	130	22	35	24	164	30
110	96	30	44	47	82	13	24	31	25	44	47	8	0	76	22	38	56	94	41	70	12	24	8	11	24	31	6	0	54	0	21	36	62	0	19	20	47	0	0	8	0	0	0	0	83	6	0	76	22	29	20	94	41	58	12	24	8	10	24	8	6	0	16	0	19	36	16	0	5	0	31	0	0	8	0	0	0	0	40	4	0	54	0	12	0	62	0	15	20	47	0	0	0	0	0	0	0	0	0	0	8	0	0	0	0	83	2	0	76	22	19	20	94	41	46	12	24	8	10	24	8	6	0	16	0	19	36	16	0	4	0	8	0	0	8	0	0	0	0	10	4	0	16	0	10	0	16	0	1	0	31	0	0	0	0	0	0	0	0	0	0	8	0	0	0	0	40	0	0	54	0	2	0	62	0	15	20	47	6	0	0	0	2	0	0	0	0	0	0	0	0	0	0	0	0	0	8	0	0	0	0	83	2	0	76	22	19	20	94	41
126	112	21	0	69	98	8	0	37	19	0	69	2	0	70	46	27	0	0	46	84	8	0	0	6	0	37	2	0	47	0	9	0	0	0	13	0	69	0	0	0	0	0	0	0	131	0	0	70	46	18	0	0	46	70	8	0	0	6	0	0	2	0	0	0	9	0	0	0	0	0	37	0	0	0	0	0	0	0	62	0	0	47	0	0	0	0	0	13	0	69	0	0	0	0	0	0	0	0	0	0	0	0	0	0	0	131	0	0	70	46	18	0	0	46	56	8	0	0	6	0	0	2	0	0	0	9	0	0	0	0	0	0	0	0	0	0	0	0	0	15	0	0	0	0	0	0	0	0	0	0	37	0	0	0	0	0	0	0	0	0	0	0	0	0	0	0	62	0	0	47	0	0	0	0	0	13	0	69	0	0	0	0	0	0	0	0	0	0	0	0	0	0	0	0	0	0	0	0	0	0	0	131	0	0	70	46	18	0	0	46
66	57	17	15	24	49	6	14	10	14	7	24	1	7	36	10	17	14	0	41	42	6	14	0	5	7	10	1	7	20	0	7	14	0	0	9	0	24	0	0	0	0	0	0	0	52	0	0	36	10	10	0	0	41	35	6	14	0	5	7	0	1	7	0	0	7	14	0	0	0	0	10	0	0	0	0	0	0	0	32	0	0	20	0	0	0	0	0	9	0	24	0	0	0	0	0	0	0	0	0	0	0	0	0	0	0	52	0	0	36	10	10	0	0	41	28	6	14	0	5	7	0	1	7	0	0	7	14	0	0	0	0	0	0	0	0	0	0	0	0	5	0	0	0	0	0	0	0	0	0	0	10	0	0	0	0	0	0	0	0	0	0	0	0	0	0	0	32	0	0	20	0	0	0	0	0	9	0	24	0	0	0	0	0	0	0	0	0	0	0	0	0	0	0	0	0	0	0	0	0	0	0	52	0	0	36	10	10	0	0	41
83	72	15	27	25	62	8	18	0	13	17	25	3	9	14	0	18	25	25	46	53	8	18	0	7	9	0	3	9	0	0	12	9	0	0	8	8	25	0	0	0	0	0	0	0	0	2	0	14	0	11	16	25	46	44	8	18	0	7	9	0	3	9	0	0	12	9	0	0	2	0	0	0	0	0	0	0	0	0	0	2	0	0	0	5	0	0	0	6	8	25	0	0	0	0	0	0	0	0	0	0	0	0	0	0	0	0	0	0	14	0	6	16	25	46	35	8	18	0	7	9	0	3	9	0	0	12	9	0	0	2	0	0	0	0	0	0	0	0	0	0	2	0	0	0	5	0	0	0	0	0	0	0	0	0	0	0	0	0	0	0	0	0	0	0	0	0	0	0	0	0	0	0	0	0	0	6	8	25	4	0	0	0	1	0	0	0	0	0	0	0	0	0	0	0	0	0	0	0	0	0	0	0	0	0	14	0	6	16	25	46
108	94	28	40	82	80	5	0	81	28	40	82	4	0	49	9	56	90	328	0	66	4	0	81	5	0	81	2	0	48	9	8	0	324	0	27	40	82	0	0	14	0	4	0	0	0	4	0	49	9	55	90	328	0	52	4	0	78	4	0	81	2	0	48	9	7	0	324	0	4	0	81	0	0	14	0	0	0	0	0	2	0	48	9	7	0	324	0	24	40	82	2	0	0	27	3	0	0	0	0	0	14	0	4	0	0	0	2	0	49	9	49	90	328	0	38	3	0	77	4	0	78	2	0	48	9	7	0	312	0	3	0	81	0	0	14	0	0	0	0	0	2	0	48	9	6	0	324	0	1	0	81	0	0	0	24	0	0	0	0	0	0	14	0	0	0	0	0	0	0	48	9	1	0	324	0	24	40	82	4	0	0	8	8	10	0	0	2	0	0	27	3	0	0	0	0	0	14	0	4	0	0	0	2	0	49	9	49	90	328	0
83	72	32	30	47	61	6	0	47	32	30	47	4	0	61	0	63	84	235	0	50	4	0	47	6	0	47	0	0	61	0	5	0	235	0	32	30	47	0	0	25	0	7	0	0	0	4	0	61	0	63	84	235	0	39	4	0	47	4	0	47	0	0	61	0	3	0	235	0	6	0	47	0	0	25	0	0	0	0	0	0	0	61	0	5	0	235	0	28	30	47	17	0	0	0	5	0	0	0	0	0	25	0	7	0	0	0	4	0	61	0	60	84	235	0	28	0	0	47	4	0	47	0	0	61	0	3	0	235	0	4	0	47	0	0	25	0	0	0	0	0	0	0	61	0	3	0	235	0	2	0	47	0	0	0	0	0	0	0	0	0	0	25	0	0	0	0	0	0	0	61	0	2	0	235	0	28	30	47	0	0	0	0	3	24	0	0	17	0	0	0	5	0	0	0	0	0	25	0	7	0	0	0	4	0	61	0	60	84	235	0
101	88	25	30	65	75	5	0	59	25	30	65	4	0	45	49	50	50	195	0	62	4	0	56	5	0	59	2	0	43	42	8	0	177	0	24	30	65	0	0	14	21	1	0	0	0	4	0	45	49	49	50	195	0	49	4	0	38	4	0	56	2	0	43	15	7	0	168	0	4	0	59	0	0	14	0	0	0	0	0	2	0	43	42	7	0	177	0	21	30	65	2	0	0	27	1	0	0	57	0	0	14	21	1	0	0	0	2	0	45	49	43	50	195	0	36	3	0	37	4	0	38	2	0	43	15	7	0	114	0	3	0	56	0	0	14	0	0	0	0	0	2	0	43	15	6	0	168	0	1	0	59	0	0	0	24	0	0	0	30	0	0	14	0	0	0	0	0	0	0	43	42	1	0	177	0	21	30	65	4	0	0	8	9	10	0	0	2	0	0	27	1	0	0	57	0	0	14	21	1	0	0	0	2	0	45	49	43	50	195	0
96	84	18	0	110	72	10	0	72	18	0	110	4	0	27	134	32	0	0	129	60	10	0	62	10	0	72	4	0	23	89	19	0	0	103	12	0	110	0	0	0	22	0	0	0	30	4	0	27	134	23	0	0	129	48	10	0	42	10	0	62	4	0	23	31	19	0	0	64	4	0	72	0	0	0	0	0	0	0	0	4	0	23	89	10	0	0	103	8	0	110	0	0	0	37	0	0	0	67	0	0	0	22	0	0	0	30	0	0	27	134	13	0	0	129	36	10	0	41	10	0	42	4	0	23	31	19	0	0	64	4	0	62	0	0	0	0	0	0	0	0	4	0	23	31	10	0	0	64	0	0	72	0	0	0	34	0	0	0	40	0	0	0	0	0	0	0	0	0	0	23	89	0	0	0	103	8	0	110	6	0	0	8	5	0	0	0	0	0	0	37	0	0	0	67	0	0	0	22	0	0	0	30	0	0	27	134	13	0	0	129
134	115	28	78	117	96	10	48	71	26	78	117	3	32	27	134	43	126	234	154	78	10	48	61	9	48	71	3	32	23	89	15	96	142	103	15	60	117	0	0	0	22	0	0	0	30	2	32	27	134	28	108	234	154	62	10	48	42	9	48	61	3	32	23	31	15	96	122	64	3	32	71	0	0	0	0	0	0	0	0	2	32	23	89	6	80	142	103	12	28	117	2	0	0	27	0	0	0	67	0	0	0	22	0	0	0	30	0	0	27	134	22	28	234	154	46	9	44	41	9	48	42	3	32	23	31	15	96	84	64	3	32	61	0	0	0	0	0	0	0	0	2	32	23	31	6	80	122	64	0	0	71	0	0	0	24	0	0	0	40	0	0	0	0	0	0	0	0	0	0	23	89	0	0	142	103	12	28	117	2	56	0	8	5	14	0	0	2	0	0	27	0	0	0	67	0	0	0	22	0	0	0	30	0	0	27	134	22	28	234	154
127	108	39	50	145	89	18	18	93	39	50	145	8	0	81	123	61	50	290	311	70	18	18	89	18	18	93	8	0	78	112	25	18	186	258	36	50	145	2	0	0	31	9	0	0	0	8	0	81	123	57	50	290	311	52	17	16	89	18	18	89	8	0	78	112	25	18	178	245	16	18	93	0	0	0	31	0	0	0	0	8	0	78	112	22	18	186	258	21	32	145	23	32	10	0	6	0	0	0	2	0	0	31	9	0	0	0	4	0	81	123	37	32	290	311	34	2	0	89	17	16	89	4	0	78	112	23	16	178	205	16	18	89	0	0	0	31	0	0	0	0	8	0	78	112	22	18	178	245	1	0	93	0	0	10	0	0	0	0	0	0	0	0	31	0	0	0	0	4	0	78	112	2	0	186	258	20	32	145	0	0	136	0	0	0	145	0	23	32	10	0	6	0	0	0	2	0	0	31	9	0	0	0	0	0	81	123	35	32	290	311
95	81	27	33	81	67	6	0	49	27	33	81	5	0	55	75	37	66	243	194	53	5	0	49	6	0	49	1	0	51	75	5	0	147	187	27	33	81	4	0	0	0	6	11	0	0	5	0	55	75	37	66	243	194	39	4	0	49	5	0	49	0	0	51	75	3	0	147	184	6	0	49	0	0	0	0	0	0	0	0	1	0	51	75	5	0	147	187	22	33	81	17	0	0	0	4	11	0	0	4	0	0	0	6	11	0	0	5	0	55	75	34	66	243	194	25	0	0	49	4	0	49	0	0	51	75	3	0	147	163	5	0	49	0	0	0	0	0	0	0	0	0	0	51	75	3	0	147	184	1	0	49	0	0	0	0	0	0	0	0	0	0	0	0	0	0	0	0	1	0	51	75	2	0	147	187	21	33	81	0	0	0	0	0	0	0	0	17	0	0	0	4	11	0	0	4	0	0	0	6	11	0	0	4	0	55	75	32	66	243	194
80	68	31	32	41	56	9	0	24	31	32	41	13	0	38	11	41	72	164	129	44	6	0	24	9	0	24	3	0	37	11	9	0	96	128	31	32	41	7	0	0	0	4	24	0	0	13	0	38	11	41	72	164	129	32	4	0	24	6	0	24	0	0	37	11	3	0	96	128	9	0	24	0	0	0	0	0	0	0	0	3	0	37	11	9	0	96	128	25	32	41	17	0	0	0	3	16	0	0	7	0	0	0	4	24	0	0	13	0	38	11	38	72	164	129	20	0	0	24	4	0	24	0	0	37	11	3	0	96	125	6	0	24	0	0	0	0	0	0	0	0	0	0	37	11	3	0	96	128	3	0	24	0	0	0	0	0	0	0	0	0	0	0	0	0	0	0	0	3	0	37	11	6	0	96	128	22	32	41	0	0	0	0	0	0	0	0	17	0	0	0	3	16	0	0	7	0	0	0	4	24	0	0	10	0	38	11	32	72	164	129
88	73	39	71	30	58	11	36	24	39	71	30	17	0	62	0	54	108	150	47	43	8	36	24	11	36	24	7	0	62	0	11	24	120	47	37	71	30	9	0	0	0	8	21	0	0	17	0	62	0	52	108	150	47	31	5	21	24	8	36	24	4	0	62	0	5	24	120	47	11	36	24	0	0	0	0	0	0	0	0	7	0	62	0	11	24	120	47	30	35	30	10	105	10	0	5	14	0	0	9	0	0	0	8	21	0	0	17	0	62	0	49	84	150	47	19	0	0	24	5	21	24	0	0	62	0	3	14	120	47	8	36	24	0	0	0	0	0	0	0	0	4	0	62	0	5	24	120	47	4	0	24	0	0	10	0	0	0	0	0	0	0	0	0	0	0	0	0	7	0	62	0	8	0	120	47	26	35	30	0	0	40	0	0	0	90	0	10	105	10	0	5	14	0	0	9	0	0	0	8	21	0	0	10	0	62	0	41	84	150	47
56	48	21	0	40	40	7	0	0	21	0	40	2	0	0	0	38	0	0	311	32	7	0	0	7	0	0	2	0	0	0	9	0	0	258	20	0	40	0	0	0	0	7	0	0	0	2	0	0	0	37	0	0	311	24	7	0	0	7	0	0	2	0	0	0	9	0	0	245	6	0	0	0	0	0	0	0	0	0	0	2	0	0	0	8	0	0	258	14	0	40	17	0	0	0	5	0	0	0	0	0	0	0	7	0	0	0	0	0	0	0	29	0	0	311	16	1	0	0	7	0	0	2	0	0	0	9	0	0	205	6	0	0	0	0	0	0	0	0	0	0	2	0	0	0	8	0	0	245	0	0	0	0	0	0	0	0	0	0	0	0	0	0	0	0	0	0	0	0	0	0	0	0	0	0	258	14	0	40	0	0	28	0	0	0	0	0	17	0	0	0	5	0	0	0	0	0	0	0	7	0	0	0	0	0	0	0	29	0	0	311
89	74	25	14	125	59	9	0	78	25	14	125	13	0	58	63	25	0	125	297	44	6	0	77	9	0	78	3	0	58	61	9	0	78	190	25	14	125	7	0	0	11	0	0	0	0	13	0	58	63	25	0	125	297	29	0	0	77	6	0	77	0	0	58	61	3	0	77	186	9	0	78	0	0	0	11	0	0	0	0	3	0	58	61	9	0	78	190	19	14	125	0	0	37	0	0	0	0	0	7	0	0	11	0	0	0	0	13	0	58	63	22	0	125	297	14	0	0	77	0	0	77	0	0	58	61	0	0	77	186	6	0	77	0	0	0	11	0	0	0	0	0	0	58	61	3	0	77	186	3	0	78	0	0	0	0	0	0	0	0	0	0	0	11	0	0	0	0	3	0	58	61	6	0	78	190	16	14	125	0	0	0	0	0	0	0	0	0	0	37	0	0	0	0	0	7	0	0	11	0	0	0	0	10	0	58	63	16	0	125	297
81	66	32	63	46	51	10	22	20	32	63	46	28	49	76	0	28	71	184	152	36	4	9	20	10	22	20	2	9	76	0	9	18	80	97	32	63	46	3	36	48	0	0	0	46	0	28	49	76	0	28	71	184	152	22	0	0	20	4	9	20	0	0	76	0	2	0	80	97	10	22	20	0	0	48	0	0	0	20	0	2	9	76	0	9	18	80	97	26	49	46	0	0	21	0	0	0	46	0	3	36	48	0	0	0	46	0	28	49	76	0	26	71	184	152	9	0	0	20	0	0	20	0	0	76	0	0	0	80	97	4	9	20	0	0	48	0	0	0	20	0	0	0	76	0	2	0	80	97	6	9	20	0	0	0	0	0	0	20	0	0	0	48	0	0	0	20	0	2	9	76	0	7	18	80	97	15	36	46	0	0	0	0	0	0	0	0	0	0	21	0	0	0	46	0	3	36	48	0	0	0	46	0	26	36	76	0	17	45	184	152
99	82	38	42	140	65	12	0	132	38	42	140	33	0	175	14	36	56	420	30	48	5	0	132	12	0	132	3	0	175	14	11	0	396	24	38	42	140	7	0	48	0	0	0	0	0	33	0	175	14	36	56	420	30	31	0	0	132	5	0	132	0	0	175	14	2	0	396	24	12	0	132	0	0	48	0	0	0	0	0	3	0	175	14	11	0	396	24	33	42	140	0	0	21	0	0	0	0	0	7	0	48	0	0	0	0	0	33	0	175	14	34	56	420	30	14	0	0	132	0	0	132	0	0	175	14	0	0	396	24	5	0	132	0	0	48	0	0	0	0	0	0	0	175	14	2	0	396	24	7	0	132	0	0	0	0	0	0	0	0	0	0	48	0	0	0	0	0	3	0	175	14	9	0	396	24	22	42	140	0	0	0	0	0	0	0	0	0	0	21	0	0	0	0	0	7	0	48	0	0	0	0	0	30	0	175	14	23	56	420	30
95	79	25	15	158	63	14	0	107	25	15	158	17	0	0	125	26	0	158	297	47	10	0	104	14	0	107	7	0	0	119	13	0	107	190	25	15	158	7	0	12	42	0	0	0	0	17	0	0	125	26	0	158	297	31	0	0	104	10	0	104	0	0	0	119	5	0	104	186	14	0	107	0	0	10	42	0	0	0	0	7	0	0	119	13	0	107	190	15	15	158	0	0	85	0	0	0	0	0	7	0	12	42	0	0	0	0	17	0	0	125	21	0	158	297	15	0	0	104	0	0	104	0	0	0	119	0	0	104	186	10	0	104	0	0	10	42	0	0	0	0	0	0	0	119	5	0	104	186	4	0	107	0	0	40	0	0	0	0	0	0	0	10	42	0	0	0	0	7	0	0	119	8	0	107	190	11	15	158	0	0	0	0	0	0	0	0	0	0	85	0	0	0	0	0	7	0	12	42	0	0	0	0	10	0	0	125	13	0	158	297
104	85	49	89	111	66	24	42	93	49	89	111	44	110	99	34	44	116	333	71	47	13	13	93	24	42	93	16	26	99	34	19	52	279	48	49	89	111	6	39	116	0	0	0	222	0	44	110	99	34	44	116	333	71	29	0	0	93	13	13	93	0	0	99	34	5	0	279	48	24	42	93	0	0	114	0	0	0	186	0	16	26	99	34	19	52	279	48	32	71	111	0	0	127	0	0	0	111	0	6	39	116	0	0	0	222	0	44	110	99	34	39	116	333	71	13	0	0	93	0	0	93	0	0	99	34	0	0	279	48	13	13	93	0	0	114	0	0	0	186	0	0	0	99	34	5	0	279	48	11	26	93	0	0	98	0	0	0	93	0	0	0	114	0	0	0	186	0	16	26	99	34	14	52	279	48	17	39	111	0	0	0	0	0	0	0	0	0	0	127	0	0	0	111	0	6	39	116	0	0	0	222	0	28	78	99	34	23	52	333	71
75	60	17	0	154	45	2	0	78	17	0	154	3	0	95	138	13	0	0	580	30	0	0	78	2	0	78	0	0	48	138	0	0	0	430	17	0	154	0	0	22	0	0	0	0	0	3	0	95	138	13	0	0	580	15	0	0	78	0	0	78	0	0	48	138	0	0	0	426	2	0	78	0	0	0	0	0	0	0	0	0	0	48	138	0	0	0	430	15	0	154	0	0	0	0	0	0	0	0	0	0	22	0	0	0	0	0	3	0	95	138	13	0	0	580	0	0	0	78	0	0	78	0	0	48	138	0	0	0	426	0	0	78	0	0	0	0	0	0	0	0	0	0	48	138	0	0	0	426	0	0	78	0	0	0	0	0	0	0	0	0	0	0	0	0	0	0	0	0	0	48	138	0	0	0	430	0	0	154	0	0	0	0	0	0	0	0	0	0	0	0	0	0	0	0	0	0	22	0	0	0	0	0	0	0	95	138	0	0	0	580
44	35	13	8	50	26	1	0	34	13	8	50	1	0	69	80	9	0	50	46	17	0	0	34	1	0	34	0	0	48	80	0	0	34	20	13	8	50	0	0	9	0	0	0	0	0	1	0	69	80	9	0	50	46	8	0	0	34	0	0	34	0	0	48	80	0	0	34	20	1	0	34	0	0	0	0	0	0	0	0	0	0	48	80	0	0	34	20	12	8	50	0	0	0	0	0	0	0	0	0	0	9	0	0	0	0	0	1	0	69	80	9	0	50	46	0	0	0	34	0	0	34	0	0	48	80	0	0	34	20	0	0	34	0	0	0	0	0	0	0	0	0	0	48	80	0	0	34	20	0	0	34	0	0	0	0	0	0	0	0	0	0	0	0	0	0	0	0	0	0	48	80	0	0	34	20	0	0	50	0	0	0	0	0	0	0	0	0	0	0	0	0	0	0	0	0	0	9	0	0	0	0	0	0	0	69	80	0	0	50	46
54	43	16	10	83	32	2	0	41	16	10	83	3	0	95	79	13	0	83	297	21	0	0	41	2	0	41	0	0	48	79	0	0	41	245	16	10	83	0	0	22	0	0	0	0	0	3	0	95	79	13	0	83	297	10	0	0	41	0	0	41	0	0	48	79	0	0	41	245	2	0	41	0	0	0	0	0	0	0	0	0	0	48	79	0	0	41	245	14	10	83	0	0	0	0	0	0	0	0	0	0	22	0	0	0	0	0	3	0	95	79	13	0	83	297	0	0	0	41	0	0	41	0	0	48	79	0	0	41	245	0	0	41	0	0	0	0	0	0	0	0	0	0	48	79	0	0	41	245	0	0	41	0	0	0	0	0	0	0	0	0	0	0	0	0	0	0	0	0	0	48	79	0	0	41	245	0	0	83	0	0	0	0	0	0	0	0	0	0	0	0	0	0	0	0	0	0	22	0	0	0	0	0	0	0	95	79	0	0	83	297
62	49	22	30	79	36	4	0	37	22	30	79	11	0	143	75	16	20	237	297	23	0	0	37	4	0	37	0	0	92	75	0	0	111	245	22	30	79	0	0	46	0	0	0	0	0	11	0	143	75	16	20	237	297	10	0	0	37	0	0	37	0	0	92	75	0	0	111	245	4	0	37	0	0	22	0	0	0	0	0	0	0	92	75	0	0	111	245	16	30	79	0	0	0	0	0	0	0	0	0	0	46	0	0	0	0	0	11	0	143	75	16	20	237	297	0	0	0	37	0	0	37	0	0	92	75	0	0	111	245	0	0	37	0	0	22	0	0	0	0	0	0	0	92	75	0	0	111	245	0	0	37	0	0	0	0	0	0	0	0	0	0	22	0	0	0	0	0	0	0	92	75	0	0	111	245	0	0	79	0	0	0	0	0	0	0	0	0	0	0	0	0	0	0	0	0	0	46	0	0	0	0	0	0	0	143	75	0	0	237	297
37	29	11	15	15	21	0	0	12	11	15	15	0	0	60	36	5	10	45	0	13	0	0	12	0	0	12	0	0	48	36	0	0	36	0	11	15	15	0	0	0	0	0	0	0	0	0	0	60	36	5	10	45	0	5	0	0	12	0	0	12	0	0	48	36	0	0	36	0	0	0	12	0	0	0	0	0	0	0	0	0	0	48	36	0	0	36	0	9	15	15	0	0	0	0	0	0	0	0	0	0	0	0	0	0	0	0	0	0	60	36	5	10	45	0	0	0	0	12	0	0	12	0	0	48	36	0	0	36	0	0	0	12	0	0	0	0	0	0	0	0	0	0	48	36	0	0	36	0	0	0	12	0	0	0	0	0	0	0	0	0	0	0	0	0	0	0	0	0	0	48	36	0	0	36	0	0	0	15	0	0	0	0	0	0	0	0	0	0	0	0	0	0	0	0	0	0	0	0	0	0	0	0	0	0	60	36	0	0	45	0
43	32	7	10	102	21	0	0	96	7	10	102	0	0	38	87	0	0	102	0	10	0	0	92	0	0	96	0	0	36	71	0	0	96	0	7	10	102	0	0	0	47	0	0	0	0	0	0	38	87	0	0	102	0	0	0	0	92	0	0	92	0	0	34	71	0	0	92	0	0	0	96	0	0	0	47	0	0	0	0	0	0	36	71	0	0	96	0	0	0	102	0	0	0	0	0	0	0	0	0	0	0	47	0	0	0	0	0	0	38	87	0	0	102	0	0	0	0	92	0	0	92	0	0	34	71	0	0	92	0	0	0	92	0	0	0	47	0	0	0	0	0	0	34	71	0	0	92	0	0	0	96	0	0	0	0	0	0	0	0	0	0	0	47	0	0	0	0	0	0	36	71	0	0	96	0	0	0	0	0	0	0	0	0	0	0	0	0	0	0	0	0	0	0	0	0	0	0	47	0	0	0	0	0	0	0	87	0	0	0	0
54	40	19	24	129	26	0	0	125	19	24	129	0	0	219	51	9	0	258	0	12	0	0	108	0	0	125	0	0	214	11	0	0	250	0	19	24	129	0	0	0	47	0	0	0	111	0	0	219	51	9	0	258	0	0	0	0	106	0	0	108	0	0	188	11	0	0	216	0	0	0	125	0	0	0	43	0	0	0	93	0	0	214	11	0	0	250	0	0	0	129	0	0	0	20	0	0	0	0	0	0	0	47	0	0	0	111	0	0	219	51	0	0	258	0	0	0	0	106	0	0	106	0	0	180	11	0	0	212	0	0	0	108	0	0	0	43	0	0	0	93	0	0	188	11	0	0	216	0	0	0	125	0	0	0	20	0	0	0	0	0	0	0	43	0	0	0	93	0	0	214	11	0	0	250	0	0	0	0	0	0	0	0	0	0	0	0	0	0	0	20	0	0	0	0	0	0	0	47	0	0	0	111	0	0	0	51	0	0	0	0
48	36	7	0	106	24	0	0	85	7	0	106	0	0	26	87	0	0	0	94	12	0	0	81	0	0	85	0	0	24	71	0	0	0	49	7	0	106	0	0	0	47	0	0	0	0	0	0	26	87	0	0	0	94	0	0	0	81	0	0	81	0	0	22	71	0	0	0	49	0	0	85	0	0	0	47	0	0	0	0	0	0	24	71	0	0	0	49	0	0	106	0	0	0	0	0	0	0	0	0	0	0	47	0	0	0	0	0	0	26	87	0	0	0	94	0	0	0	81	0	0	81	0	0	22	71	0	0	0	49	0	0	81	0	0	0	47	0	0	0	0	0	0	22	71	0	0	0	49	0	0	85	0	0	0	0	0	0	0	0	0	0	0	47	0	0	0	0	0	0	24	71	0	0	0	49	0	0	0	0	0	0	0	0	0	0	0	0	0	0	0	0	0	0	0	0	0	0	47	0	0	0	0	0	0	0	87	0	0	0	94
28	21	2	0	53	14	0	0	15	2	0	53	0	0	0	75	0	0	0	227	7	0	0	12	0	0	15	0	0	0	60	0	0	0	124	2	0	53	0	0	0	36	0	0	0	0	0	0	0	75	0	0	0	227	0	0	0	12	0	0	12	0	0	0	60	0	0	0	124	0	0	15	0	0	0	36	0	0	0	0	0	0	0	60	0	0	0	124	0	0	53	0	0	0	0	0	0	0	0	0	0	0	36	0	0	0	0	0	0	0	75	0	0	0	227	0	0	0	12	0	0	12	0	0	0	60	0	0	0	124	0	0	12	0	0	0	36	0	0	0	0	0	0	0	60	0	0	0	124	0	0	15	0	0	0	0	0	0	0	0	0	0	0	36	0	0	0	0	0	0	0	60	0	0	0	124	0	0	0	0	0	0	0	0	0	0	0	0	0	0	0	0	0	0	0	0	0	0	36	0	0	0	0	0	0	0	75	0	0	0	227
50	37	7	22	94	24	0	0	66	7	22	94	0	0	55	162	0	0	188	94	11	0	0	40	0	0	66	0	0	46	71	0	0	132	49	7	22	94	0	0	0	47	0	0	0	157	0	0	55	162	0	0	188	94	0	0	0	40	0	0	40	0	0	22	71	0	0	80	49	0	0	66	0	0	0	47	0	0	0	113	0	0	46	71	0	0	132	49	0	0	94	0	0	0	0	0	0	0	0	0	0	0	47	0	0	0	157	0	0	55	162	0	0	188	94	0	0	0	40	0	0	40	0	0	22	71	0	0	80	49	0	0	40	0	0	0	47	0	0	0	113	0	0	22	71	0	0	80	49	0	0	66	0	0	0	0	0	0	0	0	0	0	0	47	0	0	0	113	0	0	46	71	0	0	132	49	0	0	0	0	0	0	0	0	0	0	0	0	0	0	0	0	0	0	0	0	0	0	47	0	0	0	157	0	0	0	162	0	0	0	94
32	20	12	32	79	8	0	0	78	7	32	79	0	0	61	14	10	40	316	0	0	0	0	78	0	0	78	0	0	61	14	0	0	312	0	0	0	79	0	0	0	0	0	0	0	0	0	0	61	14	0	0	316	0	0	0	0	78	0	0	78	0	0	61	14	0	0	312	0	0	0	78	0	0	0	0	0	0	0	0	0	0	61	14	0	0	312	0	0	0	0	0	0	0	0	0	0	0	0	0	0	0	0	0	0	0	0	0	0	0	14	0	0	0	0	0	0	0	74	0	0	78	0	0	61	14	0	0	312	0	0	0	78	0	0	0	0	0	0	0	0	0	0	61	14	0	0	312	0	0	0	0	0	0	0	0	0	0	0	0	0	0	0	0	0	0	0	0	0	0	0	14	0	0	0	0	0	0	0	0	0	0	51	0	0	0	0	0	0	0	0	0	0	0	0	0	0	0	0	0	0	0	0	0	0	0	0	0	0	0	0
39	26	3	0	143	13	0	0	101	3	0	143	0	0	18	117	4	0	0	325	0	0	0	100	0	0	101	0	0	18	113	0	0	0	287	0	0	143	0	0	0	12	0	0	0	0	0	0	18	117	0	0	0	325	0	0	0	96	0	0	100	0	0	18	106	0	0	0	240	0	0	101	0	0	0	11	0	0	0	0	0	0	18	113	0	0	0	287	0	0	0	0	0	0	47	0	0	0	0	0	0	0	12	0	0	0	0	0	0	0	117	0	0	0	325	0	0	0	94	0	0	96	0	0	18	104	0	0	0	238	0	0	100	0	0	0	11	0	0	0	0	0	0	18	106	0	0	0	240	0	0	0	0	0	0	43	0	0	0	0	0	0	0	11	0	0	0	0	0	0	0	113	0	0	0	287	0	0	0	0	0	0	20	0	0	0	0	0	0	0	47	0	0	0	0	0	0	0	12	0	0	0	0	0	0	0	0	0	0	0	0
35	23	8	11	89	11	0	0	86	7	11	89	0	0	18	41	9	11	89	0	0	0	0	86	0	0	86	0	0	18	41	0	0	86	0	0	0	89	0	0	0	0	0	0	0	0	0	0	18	41	0	0	89	0	0	0	0	78	0	0	86	0	0	18	38	0	0	86	0	0	0	86	0	0	0	0	0	0	0	0	0	0	18	41	0	0	86	0	0	0	0	0	0	0	71	0	0	0	0	0	0	0	0	0	0	0	0	0	0	0	41	0	0	0	0	0	0	0	68	0	0	78	0	0	18	36	0	0	78	0	0	0	86	0	0	0	0	0	0	0	0	0	0	18	38	0	0	86	0	0	0	0	0	0	0	32	0	0	0	0	0	0	0	0	0	0	0	0	0	0	0	41	0	0	0	0	0	0	0	0	0	0	31	0	0	0	30	0	0	0	71	0	0	0	0	0	0	0	0	0	0	0	0	0	0	0	0	0	0	0	0
39	26	2	0	140	13	0	0	107	2	0	140	0	0	0	138	2	0	0	223	0	0	0	99	0	0	107	0	0	0	124	0	0	0	191	0	0	140	0	0	0	87	0	0	0	0	0	0	0	138	0	0	0	223	0	0	0	68	0	0	99	0	0	0	82	0	0	0	148	0	0	107	0	0	0	11	0	0	0	0	0	0	0	124	0	0	0	191	0	0	0	0	0	0	82	0	0	0	157	0	0	0	87	0	0	0	0	0	0	0	138	0	0	0	223	0	0	0	58	0	0	68	0	0	0	80	0	0	0	146	0	0	99	0	0	0	11	0	0	0	0	0	0	0	82	0	0	0	148	0	0	0	0	0	0	43	0	0	0	113	0	0	0	11	0	0	0	0	0	0	0	124	0	0	0	191	0	0	0	0	0	0	31	0	0	0	30	0	0	0	82	0	0	0	157	0	0	0	87	0	0	0	0	0	0	0	0	0	0	0	0
32	21	8	10	101	10	0	0	99	7	10	101	0	0	29	28	9	10	101	0	0	0	0	99	0	0	99	0	0	29	28	0	0	99	0	0	0	101	0	0	0	0	0	0	0	0	0	0	29	28	0	0	101	0	0	0	0	90	0	0	99	0	0	29	26	0	0	99	0	0	0	99	0	0	0	0	0	0	0	0	0	0	29	28	0	0	99	0	0	0	0	0	0	0	91	0	0	0	0	0	0	0	0	0	0	0	0	0	0	0	28	0	0	0	0	0	0	0	61	0	0	90	0	0	29	24	0	0	90	0	0	0	99	0	0	0	0	0	0	0	0	0	0	29	26	0	0	99	0	0	0	0	0	0	0	20	0	0	0	0	0	0	0	0	0	0	0	0	0	0	0	28	0	0	0	0	0	0	0	0	0	0	71	0	0	0	175	0	0	0	91	0	0	0	0	0	0	0	0	0	0	0	0	0	0	0	0	0	0	0	0
26	12	7	24	92	0	0	0	78	0	0	92	0	0	7	67	0	0	184	79	0	0	0	78	0	0	78	0	0	7	67	0	0	156	78	0	0	0	0	0	0	0	0	0	0	0	0	0	0	67	0	0	0	79	0	0	0	78	0	0	78	0	0	7	67	0	0	156	78	0	0	0	0	0	0	0	0	0	0	0	0	0	0	67	0	0	0	78	0	0	0	0	0	0	0	0	0	0	0	0	0	0	0	0	0	0	0	0	0	0	0	0	0	0	0	0	0	0	78	0	0	78	0	0	7	67	0	0	156	78	0	0	0	0	0	0	0	0	0	0	0	0	0	0	67	0	0	0	78	0	0	0	0	0	0	0	0	0	0	0	0	0	0	0	0	0	0	0	0	0	0	0	0	0	0	0	0	0	0	0	0	0	0	0	0	0	0	0	0	0	0	0	0	0	0	0	0	0	0	0	0	0	0	0	0	0	0	0	0	0	0
15	7	7	7	29	0	0	0	18	0	0	29	0	0	0	27	0	0	29	79	0	0	0	18	0	0	18	0	0	0	27	0	0	18	78	0	0	0	0	0	0	0	0	0	0	0	0	0	0	27	0	0	0	79	0	0	0	18	0	0	18	0	0	0	27	0	0	18	78	0	0	0	0	0	0	0	0	0	0	0	0	0	0	27	0	0	0	78	0	0	0	0	0	0	0	0	0	0	0	0	0	0	0	0	0	0	0	0	0	0	0	0	0	0	0	0	0	0	18	0	0	18	0	0	0	27	0	0	18	78	0	0	0	0	0	0	0	0	0	0	0	0	0	0	27	0	0	0	78	0	0	0	0	0	0	0	0	0	0	0	0	0	0	0	0	0	0	0	0	0	0	0	0	0	0	0	0	0	0	0	0	0	0	0	0	0	0	0	0	0	0	0	0	0	0	0	0	0	0	0	0	0	0	0	0	0	0	0	0	0	0
21	10	5	10	82	0	0	0	51	0	0	82	0	0	9	32	0	0	82	269	0	0	0	51	0	0	51	0	0	9	32	0	0	51	263	0	0	0	0	0	0	0	0	0	0	0	0	0	0	32	0	0	0	269	0	0	0	51	0	0	51	0	0	9	32	0	0	51	263	0	0	0	0	0	0	0	0	0	0	0	0	0	0	32	0	0	0	263	0	0	0	0	0	0	0	0	0	0	0	0	0	0	0	0	0	0	0	0	0	0	0	0	0	0	0	0	0	0	51	0	0	51	0	0	9	32	0	0	51	246	0	0	0	0	0	0	0	0	0	0	0	0	0	0	32	0	0	0	263	0	0	0	0	0	0	0	0	0	0	0	0	0	0	0	0	0	0	0	0	0	0	0	0	0	0	0	0	0	0	0	0	0	0	0	0	0	0	0	0	0	0	0	0	0	0	0	0	0	0	0	0	0	0	0	0	0	0	0	0	0	0
11	5	7	5	8	0	0	0	0	0	0	8	0	0	0	0	0	0	8	79	0	0	0	0	0	0	0	0	0	0	0	0	0	0	78	0	0	0	0	0	0	0	0	0	0	0	0	0	0	0	0	0	0	79	0	0	0	0	0	0	0	0	0	0	0	0	0	0	78	0	0	0	0	0	0	0	0	0	0	0	0	0	0	0	0	0	0	78	0	0	0	0	0	0	0	0	0	0	0	0	0	0	0	0	0	0	0	0	0	0	0	0	0	0	0	0	0	0	0	0	0	0	0	0	0	0	0	0	0	78	0	0	0	0	0	0	0	0	0	0	0	0	0	0	0	0	0	0	78	0	0	0	0	0	0	0	0	0	0	0	0	0	0	0	0	0	0	0	0	0	0	0	0	0	0	0	0	0	0	0	0	0	0	0	0	0	0	0	0	0	0	0	0	0	0	0	0	0	0	0	0	0	0	0	0	0	0	0	0	0	0
9	3	4	9	0	0	0	0	0	0	0	0	0	0	0	0	0	0	0	0	0	0	0	0	0	0	0	0	0	0	0	0	0	0	0	0	0	0	0	0	0	0	0	0	0	0	0	0	0	0	0	0	0	0	0	0	0	0	0	0	0	0	0	0	0	0	0	0	0	0	0	0	0	0	0	0	0	0	0	0	0	0	0	0	0	0	0	0	0	0	0	0	0	0	0	0	0	0	0	0	0	0	0	0	0	0	0	0	0	0	0	0	0	0	0	0	0	0	0	0	0	0	0	0	0	0	0	0	0	0	0	0	0	0	0	0	0	0	0	0	0	0	0	0	0	0	0	0	0	0	0	0	0	0	0	0	0	0	0	0	0	0	0	0	0	0	0	0	0	0	0	0	0	0	0	0	0	0	0	0	0	0	0	0	0	0	0	0	0	0	0	0	0	0	0	0	0	0	0	0	0	0	0	0	0	0	0	0	0	0	0
9	0	0	0	55	0	0	0	16	0	0	0	0	0	0	16	0	0	0	211	0	0	0	16	0	0	0	0	0	0	16	0	0	0	147	0	0	0	0	0	0	0	0	0	0	0	0	0	0	0	0	0	0	0	0	0	0	16	0	0	0	0	0	0	16	0	0	0	147	0	0	0	0	0	0	0	0	0	0	0	0	0	0	0	0	0	0	0	0	0	0	0	0	0	0	0	0	0	0	0	0	0	0	0	0	0	0	0	0	0	0	0	0	0	0	0	0	0	16	0	0	0	0	0	0	16	0	0	0	147	0	0	0	0	0	0	0	0	0	0	0	0	0	0	0	0	0	0	0	0	0	0	0	0	0	0	0	0	0	0	0	0	0	0	0	0	0	0	0	0	0	0	0	0	0	0	0	0	0	0	0	0	0	0	0	0	0	0	0	0	0	0	0	0	0	0	0	0	0	0	0	0	0	0	0	0	0	0	0	0	0
4	0	0	0	15	0	0	0	0	0	0	0	0	0	0	0	0	0	0	92	0	0	0	0	0	0	0	0	0	0	0	0	0	0	78	0	0	0	0	0	0	0	0	0	0	0	0	0	0	0	0	0	0	0	0	0	0	0	0	0	0	0	0	0	0	0	0	0	78	0	0	0	0	0	0	0	0	0	0	0	0	0	0	0	0	0	0	0	0	0	0	0	0	0	0	0	0	0	0	0	0	0	0	0	0	0	0	0	0	0	0	0	0	0	0	0	0	0	0	0	0	0	0	0	0	0	0	0	0	78	0	0	0	0	0	0	0	0	0	0	0	0	0	0	0	0	0	0	0	0	0	0	0	0	0	0	0	0	0	0	0	0	0	0	0	0	0	0	0	0	0	0	0	0	0	0	0	0	0	0	0	0	0	0	0	0	0	0	0	0	0	0	0	0	0	0	0	0	0	0	0	0	0	0	0	0	0	0	0	0	0
3	0	0	0	3	0	0	0	0	0	0	0	0	0	0	0	0	0	0	0	0	0	0	0	0	0	0	0	0	0	0	0	0	0	0	0	0	0	0	0	0	0	0	0	0	0	0	0	0	0	0	0	0	0	0	0	0	0	0	0	0	0	0	0	0	0	0	0	0	0	0	0	0	0	0	0	0	0	0	0	0	0	0	0	0	0	0	0	0	0	0	0	0	0	0	0	0	0	0	0	0	0	0	0	0	0	0	0	0	0	0	0	0	0	0	0	0	0	0	0	0	0	0	0	0	0	0	0	0	0	0	0	0	0	0	0	0	0	0	0	0	0	0	0	0	0	0	0	0	0	0	0	0	0	0	0	0	0	0	0	0	0	0	0	0	0	0	0	0	0	0	0	0	0	0	0	0	0	0	0	0	0	0	0	0	0	0	0	0	0	0	0	0	0	0	0	0	0	0	0	0	0	0	0	0	0	0	0	0	0	0
