111	107	8	5	0	103	6	4	0	8	5	0	0	2	0	0	10	4	0	0	99	6	4	0	6	4	0	0	2	0	0	10	4	0	0	8	5	0	0	0	0	0	1	0	0	0	0	2	0	0	10	4	0	0	96	6	4	0	6	4	0	0	2	0	0	10	4	0	0	6	4	0	0	0	0	0	1	0	0	0	0	2	0	0	10	4	0	0	6	2	0	0	0	0	0	0	0	0	0	0	0	0	0	1	0	0	0	0	2	0	0	10	4	0	0	94	6	4	0	6	4	0	0	2	0	0	10	4	0	0	6	4	0	0	0	0	0	1	0	0	0	0	2	0	0	10	4	0	0	6	2	0	0	0	0	0	0	0	0	0	0	0	0	0	1	0	0	0	0	2	0	0	10	4	0	0	4	0	0	0	0	0	0	0	0	0	0	0	0	0	0	0	0	0	0	0	0	0	0	1	0	0	0	0	0	0	0	6	0	0	0
259	253	34	9	0	247	26	9	0	34	9	0	10	0	0	0	33	14	0	0	241	26	9	0	26	9	0	10	0	0	0	32	14	0	0	34	9	0	0	0	0	0	4	0	0	0	10	0	0	0	33	14	0	0	235	26	9	0	26	9	0	10	0	0	0	32	14	0	0	26	9	0	0	0	0	0	4	0	0	0	10	0	0	0	32	14	0	0	31	9	0	0	0	0	0	0	0	0	0	0	0	0	0	4	0	0	0	10	0	0	0	33	14	0	0	230	26	9	0	26	9	0	10	0	0	0	32	14	0	0	26	9	0	0	0	0	0	4	0	0	0	10	0	0	0	32	14	0	0	25	9	0	0	0	0	0	0	0	0	0	0	0	0	0	4	0	0	0	10	0	0	0	32	14	0	0	24	4	0	13	0	0	0	6	0	0	0	0	0	0	0	0	0	0	0	0	0	0	0	4	0	0	0	9	0	0	0	20	4	0	0
340	332	48	21	0	324	36	21	0	48	21	0	16	0	0	0	43	34	0	0	316	35	21	0	36	21	0	12	0	0	0	39	34	0	0	48	21	0	0	0	0	0	3	4	0	0	16	0	0	0	43	34	0	0	308	35	21	0	35	21	0	12	0	0	0	39	34	0	0	36	21	0	0	0	0	0	3	4	0	0	12	0	0	0	39	34	0	0	44	21	0	0	0	0	0	1	0	0	0	0	0	0	0	3	4	0	0	16	0	0	0	43	34	0	0	301	35	21	0	35	21	0	12	0	0	0	39	34	0	0	35	21	0	0	0	0	0	3	4	0	0	12	0	0	0	39	34	0	0	34	21	0	0	0	0	0	1	0	0	0	0	0	0	0	3	4	0	0	12	0	0	0	39	34	0	0	35	14	0	15	0	0	0	7	0	0	0	0	0	0	0	1	0	0	0	0	0	0	0	3	4	0	0	13	0	0	0	25	20	0	0
610	594	100	105	0	578	84	93	0	100	105	0	56	18	0	0	93	131	0	0	562	82	93	0	84	93	0	52	18	0	0	84	128	0	0	100	105	0	13	0	0	0	12	12	0	0	56	18	0	0	93	131	0	0	546	82	93	0	82	93	0	52	18	0	0	84	128	0	0	84	93	0	13	0	0	0	10	12	0	0	52	18	0	0	84	128	0	0	93	105	0	5	0	0	0	6	0	0	0	13	0	0	0	12	12	0	0	56	18	0	0	89	131	0	0	533	78	84	0	82	93	0	52	18	0	0	84	128	0	0	82	93	0	13	0	0	0	10	12	0	0	52	18	0	0	84	128	0	0	83	93	0	3	0	0	0	5	0	0	0	13	0	0	0	10	12	0	0	52	18	0	0	84	128	0	0	83	66	0	8	27	0	0	6	12	0	0	5	0	0	0	6	0	0	0	13	0	0	0	12	12	0	0	54	18	0	0	69	53	0	0
558	546	80	57	0	534	71	45	0	80	57	0	42	30	0	0	77	32	0	0	522	70	45	0	71	45	0	38	30	0	0	73	30	0	0	80	57	0	1	0	0	0	5	5	0	0	42	30	0	0	77	32	0	0	510	70	45	0	70	45	0	38	30	0	0	73	30	0	0	71	45	0	1	0	0	0	5	5	0	0	38	30	0	0	73	30	0	0	79	57	0	0	0	0	0	3	0	0	0	1	0	0	0	5	5	0	0	42	30	0	0	77	32	0	0	498	68	41	0	70	45	0	38	30	0	0	73	30	0	0	70	45	0	1	0	0	0	5	5	0	0	38	30	0	0	73	30	0	0	70	45	0	0	0	0	0	2	0	0	0	1	0	0	0	5	5	0	0	38	30	0	0	73	30	0	0	70	57	0	14	12	0	0	9	6	0	0	0	0	0	0	3	0	0	0	1	0	0	0	5	5	0	0	40	30	0	0	59	32	0	0
676	660	99	99	6	644	88	83	0	99	99	6	69	124	0	0	89	78	0	0	628	87	83	0	88	83	0	65	124	0	0	86	74	0	0	99	99	6	17	0	0	0	7	4	0	0	69	124	0	0	89	78	0	0	612	87	83	0	87	83	0	65	124	0	0	86	74	0	0	88	83	0	17	0	0	0	7	4	0	0	65	124	0	0	86	74	0	0	98	99	6	3	0	0	0	5	0	0	0	17	0	0	0	7	4	0	0	69	124	0	0	89	78	0	0	596	81	79	0	87	83	0	65	124	0	0	86	74	0	0	87	83	0	17	0	0	0	7	4	0	0	65	124	0	0	86	74	0	0	87	83	0	3	0	0	0	4	0	0	0	17	0	0	0	7	4	0	0	65	124	0	0	86	74	0	0	93	99	6	5	0	15	0	8	0	6	0	3	0	0	0	5	0	0	0	17	0	0	0	7	4	0	0	67	124	0	0	78	78	0	0
777	759	132	127	6	741	118	114	0	132	127	6	97	104	0	0	120	111	0	0	723	117	113	0	118	114	0	93	100	0	0	115	105	0	0	132	127	6	32	5	0	0	16	5	0	0	97	104	0	0	120	111	0	0	705	116	113	0	117	113	0	93	100	0	0	115	105	0	0	118	114	0	32	5	0	0	14	5	0	0	93	100	0	0	115	105	0	0	131	127	6	8	0	0	0	8	10	0	0	32	5	0	0	16	5	0	0	97	104	0	0	120	111	0	0	687	107	107	0	116	113	0	92	100	0	0	111	105	0	0	117	113	0	32	5	0	0	14	5	0	0	93	100	0	0	115	105	0	0	117	114	0	6	0	0	0	5	6	0	0	32	5	0	0	14	5	0	0	93	100	0	0	115	105	0	0	124	127	6	14	10	15	0	20	10	6	0	8	0	0	0	8	10	0	0	32	5	0	0	16	5	0	0	95	104	0	0	105	111	0	0
700	684	158	107	3	668	143	95	0	158	107	3	115	67	0	0	191	100	3	0	652	136	86	0	143	95	0	107	61	0	0	176	88	0	0	158	107	3	49	63	0	0	27	42	0	0	115	67	0	0	191	100	3	0	636	133	83	0	136	86	0	102	58	0	0	161	85	0	0	143	95	0	47	63	0	0	25	31	0	0	107	61	0	0	176	88	0	0	157	107	3	54	19	0	0	26	20	0	0	49	63	0	0	27	42	0	0	115	67	0	0	191	100	3	0	620	128	74	0	133	83	0	101	56	0	0	153	81	0	0	136	86	0	47	63	0	0	24	25	0	0	102	58	0	0	161	85	0	0	142	95	0	54	11	0	0	24	14	0	0	47	63	0	0	25	31	0	0	107	61	0	0	176	88	0	0	148	107	3	56	4	9	0	30	8	6	0	54	19	0	0	26	20	0	0	49	63	0	0	27	42	0	0	113	67	0	0	172	100	3	0
675	658	129	120	0	641	114	99	0	129	120	0	101	169	0	0	144	107	0	0	624	114	92	0	114	99	0	101	145	0	0	137	96	0	0	129	120	0	34	52	0	0	23	0	0	0	101	169	0	0	144	107	0	0	607	113	91	0	114	92	0	101	141	0	0	137	93	0	0	114	99	0	34	49	0	0	19	0	0	0	101	145	0	0	137	96	0	0	128	120	0	24	7	0	0	14	6	0	0	34	52	0	0	23	0	0	0	101	169	0	0	144	107	0	0	590	108	91	0	113	91	0	100	141	0	0	133	93	0	0	114	92	0	34	49	0	0	19	0	0	0	101	141	0	0	137	93	0	0	113	99	0	22	7	0	0	10	4	0	0	34	49	0	0	19	0	0	0	101	145	0	0	137	96	0	0	124	120	0	28	0	0	0	18	6	0	0	24	7	0	0	14	6	0	0	34	52	0	0	23	0	0	0	99	169	0	0	135	107	0	0
710	692	158	143	0	674	140	127	0	158	143	0	107	110	0	0	224	154	0	0	656	134	123	0	140	127	0	102	110	0	0	202	145	0	0	158	143	0	55	36	0	0	35	36	0	0	107	110	0	0	224	154	0	0	638	131	115	0	134	123	0	97	98	0	0	186	139	0	0	140	127	0	53	32	0	0	30	28	0	0	102	110	0	0	202	145	0	0	158	143	0	50	70	0	0	30	12	0	0	55	36	0	0	35	36	0	0	107	110	0	0	224	154	0	0	620	128	110	0	131	115	0	96	92	0	0	178	136	0	0	134	123	0	53	32	0	0	29	28	0	0	97	98	0	0	186	139	0	0	140	127	0	48	64	0	0	27	8	0	0	53	32	0	0	30	28	0	0	102	110	0	0	202	145	0	0	154	143	0	77	28	0	0	33	5	0	0	50	70	0	0	30	12	0	0	55	36	0	0	35	36	0	0	107	110	0	0	216	154	0	0
925	904	195	182	6	883	162	162	0	195	182	6	115	98	0	0	344	224	12	3	862	153	140	0	162	162	0	101	74	0	0	276	173	0	0	195	182	6	51	105	0	0	53	74	12	0	115	98	0	0	344	224	12	3	841	147	125	0	153	140	0	98	64	0	0	260	124	0	0	162	162	0	45	85	0	0	47	72	0	0	101	74	0	0	276	173	0	0	195	182	6	58	70	8	0	48	34	6	0	51	105	0	0	53	74	12	0	115	98	0	0	344	224	12	3	820	144	114	0	147	125	0	95	64	0	0	248	116	0	0	153	140	0	45	70	0	0	46	60	0	0	98	64	0	0	260	124	0	0	162	162	0	58	50	0	0	42	30	0	0	45	85	0	0	47	72	0	0	101	74	0	0	276	173	0	0	188	182	6	107	59	6	0	52	10	0	0	58	70	8	0	48	34	6	0	51	105	0	0	53	74	12	0	115	98	0	0	331	224	12	3
746	728	168	127	2	710	133	122	0	168	127	2	112	0	0	0	331	204	2	0	692	123	121	0	133	122	0	94	0	0	0	254	184	0	0	168	127	2	40	10	0	0	41	40	0	0	112	0	0	0	331	204	2	0	674	121	121	0	123	121	0	89	0	0	0	230	181	0	0	133	122	0	38	10	0	0	38	40	0	0	94	0	0	0	254	184	0	0	168	127	2	63	0	0	0	45	6	0	0	40	10	0	0	41	40	0	0	112	0	0	0	331	204	2	0	656	120	112	0	121	121	0	89	0	0	0	226	181	0	0	123	121	0	38	10	0	0	37	40	0	0	89	0	0	0	230	181	0	0	133	122	0	63	0	0	0	41	6	0	0	38	10	0	0	38	40	0	0	94	0	0	0	254	184	0	0	166	127	2	107	75	2	0	50	0	0	0	63	0	0	0	45	6	0	0	40	10	0	0	41	40	0	0	112	0	0	0	327	204	2	0
640	626	136	73	0	612	101	53	0	136	73	0	84	0	0	0	293	172	0	0	598	94	53	0	101	53	0	66	0	0	0	211	116	0	0	136	73	0	30	0	0	0	37	29	0	0	84	0	0	0	293	172	0	0	584	93	53	0	94	53	0	64	0	0	0	197	116	0	0	101	53	0	28	0	0	0	37	29	0	0	66	0	0	0	211	116	0	0	136	73	0	24	0	0	0	32	0	0	0	30	0	0	0	37	29	0	0	84	0	0	0	293	172	0	0	570	92	43	0	93	53	0	64	0	0	0	197	116	0	0	94	53	0	28	0	0	0	37	29	0	0	64	0	0	0	197	116	0	0	101	53	0	23	0	0	0	24	0	0	0	28	0	0	0	37	29	0	0	66	0	0	0	211	116	0	0	136	73	0	62	40	0	0	33	4	0	0	24	0	0	0	32	0	0	0	30	0	0	0	37	29	0	0	84	0	0	0	293	172	0	0
741	725	131	106	0	709	91	83	0	131	106	0	66	75	0	0	266	240	0	0	693	83	69	0	91	83	0	54	45	0	0	172	172	0	0	131	106	0	37	54	0	0	47	58	0	0	66	75	0	0	266	240	0	0	677	77	63	0	83	69	0	49	45	0	0	155	141	0	0	91	83	0	27	54	0	0	41	57	0	0	54	45	0	0	172	172	0	0	131	106	0	39	42	0	0	41	49	0	0	37	54	0	0	47	58	0	0	66	75	0	0	266	240	0	0	661	74	52	0	77	63	0	45	39	0	0	148	133	0	0	83	69	0	27	54	0	0	40	54	0	0	49	45	0	0	155	141	0	0	91	83	0	36	24	0	0	29	41	0	0	27	54	0	0	41	57	0	0	54	45	0	0	172	172	0	0	131	106	0	66	50	0	0	36	30	0	0	39	42	0	0	41	49	0	0	37	54	0	0	47	58	0	0	66	75	0	0	266	240	0	0
654	640	106	77	0	626	69	53	0	106	77	0	49	96	0	0	236	193	0	0	612	64	49	0	69	53	0	35	84	0	0	146	129	0	0	106	77	0	13	28	0	0	42	26	0	0	49	96	0	0	236	193	0	0	598	62	49	0	64	49	0	35	84	0	0	140	119	0	0	69	53	0	11	28	0	0	39	23	0	0	35	84	0	0	146	129	0	0	106	77	0	17	0	0	0	37	24	0	0	13	28	0	0	42	26	0	0	49	96	0	0	236	193	0	0	584	58	41	0	62	49	0	31	84	0	0	137	119	0	0	64	49	0	11	28	0	0	39	21	0	0	35	84	0	0	140	119	0	0	69	53	0	13	0	0	0	20	18	0	0	11	28	0	0	39	23	0	0	35	84	0	0	146	129	0	0	106	77	0	56	24	0	0	31	36	0	0	17	0	0	0	37	24	0	0	13	28	0	0	42	26	0	0	49	96	0	0	236	193	0	0
709	694	126	63	21	679	97	27	0	126	63	21	62	0	18	0	235	156	84	8	664	95	27	0	97	27	0	56	0	0	0	190	66	0	0	126	63	21	41	0	5	0	47	13	0	0	62	0	18	0	235	156	84	8	649	92	27	0	95	27	0	56	0	0	0	190	66	0	0	97	27	0	31	0	0	0	38	13	0	0	56	0	0	0	190	66	0	0	126	63	21	20	0	0	0	23	27	0	0	41	0	5	0	47	13	0	0	62	0	18	0	235	156	84	8	634	75	27	0	92	27	0	56	0	0	0	190	66	0	0	95	27	0	26	0	0	0	37	13	0	0	56	0	0	0	190	66	0	0	97	27	0	3	0	0	0	14	0	0	0	31	0	0	0	38	13	0	0	56	0	0	0	190	66	0	0	125	63	21	27	0	71	0	17	0	0	0	20	0	0	0	23	27	0	0	41	0	5	0	47	13	0	0	62	0	18	0	234	156	84	8
832	814	125	116	16	796	85	78	0	125	116	16	60	75	18	0	238	293	64	6	778	83	77	0	85	78	0	54	72	0	0	169	199	0	0	125	116	16	41	12	5	0	46	13	0	0	60	75	18	0	238	293	64	6	760	78	77	0	83	77	0	54	72	0	0	169	197	0	0	85	78	0	29	12	0	0	35	12	0	0	54	72	0	0	169	199	0	0	125	116	16	22	0	0	0	28	50	0	0	41	12	5	0	46	13	0	0	60	75	18	0	238	293	64	6	742	63	73	0	78	77	0	50	72	0	0	166	197	0	0	83	77	0	24	12	0	0	34	12	0	0	54	72	0	0	169	197	0	0	85	78	0	3	0	0	0	13	24	0	0	29	12	0	0	35	12	0	0	54	72	0	0	169	199	0	0	124	116	16	18	32	51	0	19	26	0	0	22	0	0	0	28	50	0	0	41	12	5	0	46	13	0	0	60	75	18	0	237	293	64	6
569	556	90	56	11	543	61	47	0	90	56	11	46	16	8	0	203	132	11	0	530	60	47	0	61	47	0	43	16	0	0	143	119	0	0	90	56	11	12	0	0	0	31	8	0	0	46	16	8	0	203	132	11	0	517	60	46	0	60	47	0	43	16	0	0	142	119	0	0	61	47	0	12	0	0	0	27	8	0	0	43	16	0	0	143	119	0	0	90	56	11	8	7	0	0	34	0	0	0	12	0	0	0	31	8	0	0	46	16	8	0	203	132	11	0	504	52	37	0	60	46	0	43	14	0	0	142	116	0	0	60	47	0	12	0	0	0	27	8	0	0	43	16	0	0	142	119	0	0	61	47	0	1	0	0	0	14	0	0	0	12	0	0	0	27	8	0	0	43	16	0	0	143	119	0	0	90	56	11	18	14	26	0	25	9	11	0	8	7	0	0	34	0	0	0	12	0	0	0	31	8	0	0	46	16	8	0	203	132	11	0
433	421	86	49	7	409	59	35	0	86	49	7	53	16	0	0	190	129	14	0	397	57	35	0	59	35	0	47	16	0	0	136	105	0	0	86	49	7	9	0	0	0	20	16	0	0	53	16	0	0	190	129	14	0	385	57	35	0	57	35	0	47	16	0	0	133	105	0	0	59	35	0	9	0	0	0	13	16	0	0	47	16	0	0	136	105	0	0	86	49	7	1	0	0	0	22	0	0	0	9	0	0	0	20	16	0	0	53	16	0	0	190	129	14	0	373	52	35	0	57	35	0	47	16	0	0	133	105	0	0	57	35	0	9	0	0	0	11	16	0	0	47	16	0	0	133	105	0	0	59	35	0	0	0	0	0	8	0	0	0	9	0	0	0	13	16	0	0	47	16	0	0	136	105	0	0	85	49	7	11	0	14	0	16	0	0	0	1	0	0	0	22	0	0	0	9	0	0	0	20	16	0	0	53	16	0	0	189	129	14	0
555	535	130	169	4	515	87	146	0	125	169	4	68	106	0	0	250	396	12	0	495	85	145	0	82	146	0	62	104	0	0	177	345	0	0	121	169	4	17	11	0	0	27	24	0	0	60	106	0	0	242	396	12	0	475	83	145	0	80	145	0	62	104	0	0	174	342	0	0	78	146	0	11	11	0	0	16	22	0	0	54	104	0	0	169	345	0	0	121	169	4	24	0	0	0	24	10	0	0	17	11	0	0	27	24	0	0	60	106	0	0	242	396	12	0	455	78	145	0	78	145	0	62	104	0	0	174	342	0	0	76	145	0	11	11	0	0	14	22	0	0	54	104	0	0	166	342	0	0	78	146	0	21	0	0	0	11	0	0	0	11	11	0	0	16	22	0	0	54	104	0	0	169	345	0	0	105	169	4	42	0	8	0	24	26	0	0	21	0	0	0	21	10	0	0	14	11	0	0	24	24	0	0	60	106	0	0	208	396	12	0
645	625	123	148	35	605	87	121	5	123	148	35	58	132	7	10	216	326	70	48	585	85	119	0	87	121	5	57	126	5	0	165	292	10	0	123	148	35	31	28	0	0	33	18	0	6	58	132	7	10	216	326	70	48	565	77	119	0	85	119	0	57	126	0	0	165	290	0	0	87	121	5	16	28	0	0	20	0	0	0	57	126	5	0	165	292	10	0	122	148	35	9	0	35	0	14	0	0	0	31	28	0	0	33	18	0	6	58	132	7	10	216	326	70	48	546	75	119	0	77	119	0	57	126	0	0	161	290	0	0	85	119	0	16	28	0	0	20	0	0	0	57	126	0	0	165	290	0	0	87	121	5	8	0	25	0	11	0	0	0	16	28	0	0	20	0	0	0	57	126	5	0	165	292	10	0	106	129	35	28	0	8	0	25	13	0	0	9	0	35	0	12	0	0	0	31	28	0	0	31	18	0	6	58	132	7	10	183	307	70	48
789	772	116	96	36	755	94	67	9	116	96	36	74	29	7	22	206	125	108	41	738	87	58	0	94	67	9	65	28	5	0	181	112	27	0	116	96	36	39	92	0	0	34	83	0	6	74	29	7	22	206	125	108	41	721	76	38	0	87	58	0	62	26	0	0	171	104	0	0	94	67	9	30	38	0	0	23	64	0	0	65	28	5	0	181	112	27	0	116	96	36	19	24	56	0	17	24	72	0	39	92	0	0	34	83	0	6	74	29	7	22	206	125	108	41	704	73	33	0	76	38	0	58	24	0	0	155	96	0	0	87	58	0	30	30	0	0	22	53	0	0	62	26	0	0	171	104	0	0	94	67	9	19	24	37	0	17	24	18	0	30	38	0	0	23	64	0	0	65	28	5	0	181	112	27	0	112	96	36	18	51	15	0	26	12	0	0	19	24	56	0	17	24	72	0	39	92	0	0	34	83	0	6	74	29	7	22	200	125	108	41
544	530	91	45	42	516	68	33	4	91	45	42	50	22	0	12	185	103	42	59	502	67	33	0	68	33	4	50	22	0	0	154	99	4	0	91	45	42	29	0	0	0	29	10	0	0	50	22	0	12	185	103	42	59	488	60	33	0	67	33	0	50	22	0	0	154	99	0	0	68	33	4	19	0	0	0	20	0	0	0	50	22	0	0	154	99	4	0	91	45	42	3	0	28	0	9	0	0	0	29	0	0	0	29	10	0	0	50	22	0	12	185	103	42	59	474	56	33	0	60	33	0	45	22	0	0	147	99	0	0	67	33	0	19	0	0	0	20	0	0	0	50	22	0	0	154	99	0	0	68	33	4	3	0	12	0	9	0	0	0	19	0	0	0	20	0	0	0	50	22	0	0	154	99	4	0	85	45	42	11	0	29	0	21	0	0	0	3	0	28	0	9	0	0	0	29	0	0	0	29	10	0	0	50	22	0	12	176	103	42	59
688	673	79	83	17	658	57	56	0	79	83	17	49	35	0	0	135	117	68	37	643	53	49	0	57	56	0	40	33	0	0	111	100	0	0	79	83	17	19	56	0	0	19	35	0	0	49	35	0	0	135	117	68	37	628	50	42	0	53	49	0	40	32	0	0	111	95	0	0	57	56	0	13	32	0	0	9	22	0	0	40	33	0	0	111	100	0	0	79	83	17	3	10	0	0	6	10	17	0	19	56	0	0	19	35	0	0	49	35	0	0	135	117	68	37	613	48	36	0	50	42	0	39	30	0	0	107	91	0	0	53	49	0	13	26	0	0	9	21	0	0	40	32	0	0	111	95	0	0	57	56	0	3	10	0	0	6	10	0	0	13	32	0	0	9	22	0	0	40	33	0	0	111	100	0	0	73	83	17	13	44	8	0	17	10	0	0	3	10	0	0	6	10	17	0	19	56	0	0	19	35	0	0	49	35	0	0	126	117	68	37
505	488	85	114	0	471	46	82	0	80	114	0	25	129	0	0	133	290	0	0	454	43	79	0	41	82	0	20	120	0	0	70	233	0	0	80	114	0	18	30	0	0	17	12	0	0	25	129	0	0	133	290	0	0	437	40	79	0	38	79	0	20	120	0	0	70	230	0	0	41	82	0	8	30	0	0	8	0	0	0	20	120	0	0	70	233	0	0	79	114	0	20	0	0	0	8	0	0	0	18	30	0	0	17	12	0	0	25	129	0	0	133	290	0	0	421	36	79	0	35	79	0	20	120	0	0	70	230	0	0	38	79	0	8	30	0	0	8	0	0	0	20	120	0	0	70	230	0	0	41	82	0	4	0	0	0	6	0	0	0	8	30	0	0	8	0	0	0	20	120	0	0	70	233	0	0	64	98	0	22	0	0	0	17	52	0	0	4	0	0	0	6	0	0	0	18	30	0	0	15	12	0	0	25	129	0	0	103	274	0	0
565	551	56	45	29	537	43	35	19	56	45	29	24	0	21	0	70	47	29	17	523	39	35	19	43	35	19	19	0	21	0	66	47	19	0	56	45	29	6	0	6	0	3	0	0	0	24	0	21	0	70	47	29	17	509	39	35	19	39	35	19	19	0	21	0	66	47	19	0	43	35	19	6	0	0	0	3	0	0	0	19	0	21	0	66	47	19	0	53	45	29	2	0	0	0	4	0	0	0	6	0	6	0	3	0	0	0	24	0	21	0	70	47	29	17	497	38	35	14	39	35	19	19	0	21	0	66	47	19	0	39	35	19	5	0	0	0	3	0	0	0	19	0	21	0	66	47	19	0	43	35	19	2	0	0	0	4	0	0	0	6	0	0	0	3	0	0	0	19	0	21	0	66	47	19	0	45	21	29	8	0	6	15	10	0	0	0	2	0	0	0	4	0	0	0	6	0	6	0	3	0	0	0	24	0	21	0	55	11	29	17
862	843	111	109	33	824	90	61	29	111	109	33	61	44	62	0	110	81	132	0	805	84	50	29	90	61	29	53	0	62	0	103	48	116	0	111	109	33	10	0	20	0	5	0	33	0	61	44	62	0	110	81	132	0	786	83	50	28	84	50	29	53	0	62	0	103	48	116	0	90	61	29	10	0	20	0	5	0	29	0	53	0	62	0	103	48	116	0	110	109	33	2	0	0	4	7	15	0	0	10	0	20	0	5	0	33	0	61	44	62	0	110	81	132	0	767	82	48	10	83	50	28	52	0	61	0	99	48	112	0	84	50	29	10	0	20	0	2	0	29	0	53	0	62	0	103	48	116	0	89	61	29	2	0	0	0	5	11	0	0	10	0	20	0	5	0	29	0	53	0	62	0	103	48	116	0	99	109	33	16	30	0	15	25	15	0	15	2	0	0	4	7	15	0	0	10	0	20	0	5	0	33	0	59	44	62	0	89	81	132	0
684	667	107	69	58	650	93	68	18	107	69	58	63	13	11	14	152	86	0	130	633	80	56	16	93	68	18	55	13	11	10	143	86	0	18	107	69	58	26	0	84	10	19	0	58	0	63	13	11	14	152	86	0	130	616	79	56	10	80	56	16	55	13	11	0	139	86	0	0	93	68	18	26	0	50	0	19	0	18	0	55	13	11	10	143	86	0	18	103	69	58	8	0	0	4	9	12	0	6	26	0	84	10	19	0	58	0	63	13	11	14	148	86	0	130	601	75	56	3	79	56	10	54	13	10	0	135	86	0	0	80	56	16	18	0	40	0	8	0	16	0	55	13	11	0	139	86	0	0	93	68	18	8	0	0	0	9	12	0	0	26	0	50	0	19	0	18	0	55	13	11	10	143	86	0	18	92	39	58	18	0	24	9	18	12	0	3	8	0	0	4	9	12	0	6	26	0	84	10	19	0	58	0	63	13	11	14	129	26	0	130
632	618	64	60	28	604	52	48	0	64	60	28	40	38	0	0	96	73	28	88	590	46	40	0	52	48	0	32	30	0	0	89	70	0	14	64	60	28	15	0	24	0	8	10	28	0	40	38	0	0	96	73	28	88	576	45	39	0	46	40	0	32	30	0	0	89	70	0	0	52	48	0	15	0	0	0	8	10	0	0	32	30	0	0	89	70	0	14	64	60	28	3	9	0	0	5	9	0	0	15	0	24	0	8	10	28	0	40	38	0	0	96	73	28	88	562	42	35	0	45	39	0	31	27	0	0	85	66	0	0	46	40	0	12	0	0	0	5	10	0	0	32	30	0	0	89	70	0	0	52	48	0	3	8	0	0	5	8	0	0	15	0	0	0	8	10	0	0	32	30	0	0	89	70	0	14	58	60	28	10	35	15	0	18	9	0	0	3	9	0	0	5	9	0	0	15	0	24	0	8	10	28	0	40	38	0	0	87	73	28	88
411	402	44	14	19	393	35	14	0	44	14	19	26	0	0	0	63	21	0	53	384	29	14	0	35	14	0	21	0	0	0	60	21	0	9	44	14	19	9	0	24	0	8	0	0	0	26	0	0	0	63	21	0	53	375	29	14	0	29	14	0	21	0	0	0	60	21	0	0	35	14	0	9	0	0	0	8	0	0	0	21	0	0	0	60	21	0	9	44	14	19	4	0	0	0	6	0	0	0	9	0	24	0	8	0	0	0	26	0	0	0	63	21	0	53	366	27	14	0	29	14	0	21	0	0	0	60	21	0	0	29	14	0	6	0	0	0	5	0	0	0	21	0	0	0	60	21	0	0	35	14	0	4	0	0	0	6	0	0	0	9	0	0	0	8	0	0	0	21	0	0	0	60	21	0	9	39	14	19	10	0	15	0	13	0	0	0	4	0	0	0	6	0	0	0	9	0	24	0	8	0	0	0	26	0	0	0	55	21	0	53
576	563	57	32	56	550	50	32	20	57	32	56	26	0	25	37	47	30	0	90	537	50	32	20	50	32	20	26	0	5	37	47	30	0	48	57	32	56	0	0	0	0	1	0	0	0	26	0	25	37	47	30	0	90	524	50	32	20	50	32	20	26	0	5	37	47	30	0	48	50	32	20	0	0	0	0	1	0	0	0	26	0	5	37	47	30	0	48	57	32	56	1	0	0	0	4	0	0	0	0	0	0	0	1	0	0	0	26	0	25	37	47	30	0	90	511	49	32	20	50	32	20	26	0	5	37	47	30	0	47	50	32	20	0	0	0	0	1	0	0	0	26	0	5	37	47	30	0	48	50	32	20	0	0	0	0	0	0	0	0	0	0	0	0	1	0	0	0	26	0	5	37	47	30	0	48	52	32	56	8	0	8	0	12	0	0	0	1	0	0	0	4	0	0	0	0	0	0	0	1	0	0	0	26	0	25	37	38	30	0	90
387	378	31	20	23	369	26	20	9	31	20	23	18	0	11	14	21	20	0	33	360	26	20	9	26	20	9	18	0	0	14	21	20	0	29	31	20	23	0	0	0	0	0	0	0	0	18	0	11	14	21	20	0	33	351	26	20	9	26	20	9	18	0	0	14	21	20	0	29	26	20	9	0	0	0	0	0	0	0	0	18	0	0	14	21	20	0	29	31	20	23	0	0	0	0	2	0	0	0	0	0	0	0	0	0	0	0	18	0	11	14	21	20	0	33	342	26	20	9	26	20	9	18	0	0	14	21	20	0	28	26	20	9	0	0	0	0	0	0	0	0	18	0	0	14	21	20	0	29	26	20	9	0	0	0	0	0	0	0	0	0	0	0	0	0	0	0	0	18	0	0	14	21	20	0	29	31	20	23	4	0	0	0	8	0	0	0	0	0	0	0	2	0	0	0	0	0	0	0	0	0	0	0	18	0	11	14	21	20	0	33
656	641	68	67	33	626	59	54	18	68	67	33	51	40	21	19	53	44	33	33	611	59	54	18	59	54	18	51	40	9	19	53	44	18	29	68	67	33	11	0	0	0	1	0	0	0	51	40	21	19	53	44	33	33	596	58	54	18	59	54	18	51	40	9	19	53	44	18	29	59	54	18	11	0	0	0	1	0	0	0	51	40	9	19	53	44	18	29	68	67	33	1	0	0	0	4	9	0	0	11	0	0	0	1	0	0	0	51	40	21	19	53	44	33	33	581	55	52	18	58	54	18	50	40	9	19	49	44	18	28	59	54	18	11	0	0	0	1	0	0	0	51	40	9	19	53	44	18	29	59	54	18	1	0	0	0	0	0	0	0	11	0	0	0	1	0	0	0	51	40	9	19	53	44	18	29	68	67	33	12	18	0	0	19	33	0	0	1	0	0	0	4	9	0	0	11	0	0	0	1	0	0	0	51	40	21	19	53	44	33	33
503	491	45	47	11	479	36	45	9	45	47	11	29	12	6	9	31	36	0	0	467	36	45	9	36	45	9	29	12	5	9	31	36	0	0	45	47	11	0	0	0	0	0	0	0	0	29	12	6	9	31	36	0	0	455	36	45	9	36	45	9	29	12	5	9	31	36	0	0	36	45	9	0	0	0	0	0	0	0	0	29	12	5	9	31	36	0	0	45	47	11	0	0	0	0	3	0	0	0	0	0	0	0	0	0	0	0	29	12	6	9	31	36	0	0	443	34	45	9	36	45	9	29	12	5	9	31	36	0	0	36	45	9	0	0	0	0	0	0	0	0	29	12	5	9	31	36	0	0	36	45	9	0	0	0	0	0	0	0	0	0	0	0	0	0	0	0	0	29	12	5	9	31	36	0	0	45	47	11	8	0	0	0	13	16	0	0	0	0	0	0	3	0	0	0	0	0	0	0	0	0	0	0	29	12	6	9	31	36	0	0
714	697	89	108	32	680	73	88	18	89	108	32	57	66	54	15	77	72	64	33	663	73	88	18	73	88	18	57	66	36	15	76	70	36	29	89	108	32	18	0	0	0	8	0	0	0	57	66	54	15	77	72	64	33	646	72	88	18	73	88	18	57	66	36	15	76	70	36	29	73	88	18	18	0	0	0	2	0	0	0	57	66	36	15	76	70	36	29	89	108	32	15	0	0	0	10	7	0	0	18	0	0	0	8	0	0	0	57	66	54	15	77	72	64	33	629	67	83	15	72	88	18	56	66	36	13	72	70	36	28	73	88	18	18	0	0	0	2	0	0	0	57	66	36	15	76	70	36	29	73	88	18	15	0	0	0	2	0	0	0	18	0	0	0	2	0	0	0	57	66	36	15	76	70	36	29	89	108	32	27	44	0	8	23	47	0	0	15	0	0	0	10	7	0	0	18	0	0	0	8	0	0	0	57	66	54	15	77	72	64	33
909	888	106	113	113	867	97	108	84	106	113	113	77	74	0	95	124	142	0	65	846	90	104	42	97	108	84	73	70	0	37	118	139	0	36	106	113	113	22	56	32	75	11	14	0	119	77	74	0	95	124	142	0	65	825	86	90	25	90	104	42	68	70	0	37	96	138	0	36	97	108	84	22	56	32	22	10	14	0	47	73	70	0	37	118	139	0	36	106	113	113	33	0	31	14	9	0	113	53	22	56	32	75	11	14	0	119	77	74	0	95	124	142	0	65	804	69	72	23	86	90	25	62	56	0	37	80	82	0	36	90	104	42	19	56	24	20	6	14	0	45	68	70	0	37	96	138	0	36	97	108	84	32	0	30	10	9	0	84	9	22	56	32	22	10	14	0	47	73	70	0	37	118	139	0	36	104	113	113	24	64	124	10	20	80	113	0	33	0	31	14	9	0	113	53	22	56	32	75	11	14	0	119	77	74	0	95	120	142	0	65
705	688	88	95	36	671	79	92	27	88	95	36	56	39	0	11	119	91	0	32	654	74	92	24	79	92	27	55	39	0	9	112	89	0	18	88	95	36	25	0	10	19	16	0	0	0	56	39	0	11	119	91	0	32	637	70	87	22	74	92	24	52	39	0	9	97	89	0	18	79	92	27	21	0	10	17	12	0	0	0	55	39	0	9	112	89	0	18	88	95	36	35	40	0	14	11	16	0	0	25	0	10	19	16	0	0	0	56	39	0	11	119	91	0	32	620	62	72	19	70	87	22	49	24	0	9	84	74	0	18	74	92	24	21	0	9	15	10	0	0	0	52	39	0	9	97	89	0	18	79	92	27	32	40	0	10	11	16	0	0	21	0	10	17	12	0	0	0	55	39	0	9	112	89	0	18	88	95	36	24	120	7	15	22	48	0	0	35	40	0	14	11	16	0	0	25	0	10	19	16	0	0	0	56	39	0	11	119	91	0	32
857	837	108	136	50	817	82	129	48	108	136	50	61	86	9	11	168	269	0	0	797	73	94	42	82	129	48	46	86	9	9	115	253	0	0	108	136	50	37	70	40	46	26	41	150	0	61	86	9	11	168	269	0	0	777	64	67	29	73	94	42	45	52	9	9	98	147	0	0	82	129	48	16	54	40	17	18	34	144	0	46	86	9	9	115	253	0	0	108	136	50	26	189	12	28	14	78	50	36	37	70	40	46	26	41	150	0	61	86	9	11	168	269	0	0	757	56	64	23	64	67	29	37	40	7	9	81	85	0	0	73	94	42	15	54	36	15	15	24	126	0	45	52	9	9	98	147	0	0	82	129	48	21	186	12	18	14	78	48	9	16	54	40	17	18	34	144	0	46	86	9	9	115	253	0	0	108	136	50	39	30	12	27	31	76	0	0	26	189	12	28	14	78	50	36	37	70	40	46	26	41	150	0	61	86	9	11	168	269	0	0
721	704	98	102	41	687	75	84	41	98	102	41	60	98	30	0	198	199	41	0	670	62	73	40	75	84	41	38	90	30	0	143	166	41	0	98	102	41	14	39	42	9	24	52	41	0	60	98	30	0	198	199	41	0	653	57	67	36	62	73	40	35	90	30	0	108	149	40	0	75	84	41	8	30	42	7	20	40	41	0	38	90	30	0	143	166	41	0	98	102	41	29	57	0	28	23	38	0	0	14	39	42	9	24	52	41	0	60	98	30	0	198	199	41	0	636	50	61	21	57	67	36	29	81	28	0	96	137	36	0	62	73	40	8	30	41	5	16	40	40	0	35	90	30	0	108	149	40	0	75	84	41	23	54	0	18	21	36	0	0	8	30	42	7	20	40	41	0	38	90	30	0	143	166	41	0	98	102	41	34	51	0	59	30	66	0	0	29	57	0	28	23	38	0	0	14	39	42	9	24	52	41	0	60	98	30	0	198	199	41	0
692	676	90	86	49	660	65	56	49	90	86	49	53	60	46	0	194	200	147	0	644	52	48	48	65	56	49	32	36	46	0	127	140	147	0	90	86	49	15	0	42	9	27	52	49	0	53	60	46	0	194	200	147	0	628	47	47	43	52	48	48	29	36	46	0	93	132	144	0	65	56	49	9	0	42	7	24	48	49	0	32	36	46	0	127	140	147	0	90	86	49	34	11	0	35	29	46	0	0	15	0	42	9	27	52	49	0	53	60	46	0	194	200	147	0	612	41	41	21	47	47	43	23	33	42	0	81	130	129	0	52	48	48	9	0	41	5	20	48	48	0	29	36	46	0	93	132	144	0	65	56	49	23	8	0	18	21	40	0	0	9	0	42	7	24	48	49	0	32	36	46	0	127	140	147	0	90	86	49	25	57	0	59	32	58	0	11	34	11	0	35	29	46	0	0	15	0	42	9	27	52	49	0	53	60	46	0	194	200	147	0
523	511	50	35	42	499	19	0	36	50	35	42	13	0	78	49	100	105	210	0	487	17	0	36	19	0	36	6	0	68	49	25	0	180	0	50	35	42	19	0	12	0	16	7	0	0	13	0	78	49	100	105	210	0	475	11	0	36	17	0	36	6	0	68	49	23	0	180	0	19	0	36	0	0	12	0	7	0	0	0	6	0	68	49	25	0	180	0	50	35	42	8	0	0	0	19	42	0	0	19	0	12	0	16	7	0	0	13	0	78	49	100	105	210	0	463	7	0	29	11	0	36	2	0	68	42	18	0	180	0	17	0	36	0	0	12	0	7	0	0	0	6	0	68	49	23	0	180	0	19	0	36	0	0	0	0	4	0	0	0	0	0	12	0	7	0	0	0	6	0	68	49	25	0	180	0	50	35	42	7	0	0	53	20	14	0	0	8	0	0	0	19	42	0	0	19	0	12	0	16	7	0	0	13	0	78	49	100	105	210	0
579	565	72	64	34	551	43	53	15	72	64	34	47	32	34	22	179	140	34	90	537	38	53	15	43	53	15	31	32	14	22	103	120	15	90	72	64	34	11	0	0	0	20	45	0	0	47	32	34	22	179	140	34	90	523	34	52	15	38	53	15	31	32	14	22	91	120	15	88	43	53	15	5	0	0	0	15	40	0	0	31	32	14	22	103	120	15	90	72	64	34	17	7	0	0	23	30	0	0	11	0	0	0	20	45	0	0	47	32	34	22	179	140	34	90	509	23	41	14	34	52	15	25	28	14	21	83	118	15	79	38	53	15	5	0	0	0	15	40	0	0	31	32	14	22	91	120	15	88	43	53	15	3	0	0	0	8	16	0	0	5	0	0	0	15	40	0	0	31	32	14	22	103	120	15	90	72	64	34	14	28	32	7	21	48	34	0	17	7	0	0	23	30	0	0	11	0	0	0	20	45	0	0	47	32	34	22	179	140	34	90
428	418	44	28	17	408	21	16	7	44	28	17	20	0	26	14	103	50	34	49	398	18	16	7	21	16	7	13	0	14	14	45	32	14	49	44	28	17	4	0	0	0	16	24	0	0	20	0	26	14	103	50	34	49	388	15	16	7	18	16	7	13	0	14	14	38	32	14	48	21	16	7	0	0	0	0	13	24	0	0	13	0	14	14	45	32	14	49	44	28	17	10	0	0	0	26	18	0	0	4	0	0	0	16	24	0	0	20	0	26	14	103	50	34	49	378	9	12	7	15	16	7	9	0	14	14	34	32	14	43	18	16	7	0	0	0	0	13	24	0	0	13	0	14	14	38	32	14	48	21	16	7	0	0	0	0	8	0	0	0	0	0	0	0	13	24	0	0	13	0	14	14	45	32	14	49	44	28	17	10	24	8	0	21	12	0	0	10	0	0	0	26	18	0	0	4	0	0	0	16	24	0	0	20	0	26	14	103	50	34	49
468	457	45	41	8	446	22	24	0	45	41	8	14	16	8	0	95	64	24	49	435	21	24	0	22	24	0	13	16	0	0	45	32	0	49	45	41	8	8	0	0	0	22	10	0	0	14	16	8	0	95	64	24	49	424	16	18	0	21	24	0	13	16	0	0	43	32	0	48	22	24	0	0	0	0	0	15	8	0	0	13	16	0	0	45	32	0	49	45	41	8	7	30	0	0	22	31	0	0	8	0	0	0	22	10	0	0	14	16	8	0	95	64	24	49	413	10	5	0	16	18	0	7	10	0	0	34	23	0	43	21	24	0	0	0	0	0	15	8	0	0	13	16	0	0	43	32	0	48	22	24	0	0	0	0	0	6	16	0	0	0	0	0	0	15	8	0	0	13	16	0	0	45	32	0	49	45	41	8	11	15	8	0	17	26	16	0	7	30	0	0	22	31	0	0	8	0	0	0	22	10	0	0	14	16	8	0	95	64	24	49
348	340	38	16	0	332	17	0	0	38	16	0	14	0	0	0	79	40	0	0	324	16	0	0	17	0	0	10	0	0	0	31	0	0	0	38	16	0	4	0	0	0	16	4	0	0	14	0	0	0	79	40	0	0	316	13	0	0	16	0	0	10	0	0	0	31	0	0	0	17	0	0	0	0	0	0	12	0	0	0	10	0	0	0	31	0	0	0	38	16	0	9	0	0	0	20	12	0	0	4	0	0	0	16	4	0	0	14	0	0	0	79	40	0	0	308	8	0	0	13	0	0	6	0	0	0	27	0	0	0	16	0	0	0	0	0	0	12	0	0	0	10	0	0	0	31	0	0	0	17	0	0	0	0	0	0	6	0	0	0	0	0	0	0	12	0	0	0	10	0	0	0	31	0	0	0	38	16	0	11	0	0	0	16	8	0	0	9	0	0	0	20	12	0	0	4	0	0	0	16	4	0	0	14	0	0	0	79	40	0	0
811	792	54	74	112	773	27	14	96	54	74	112	24	56	48	51	73	168	448	42	754	22	0	73	27	14	96	12	0	47	42	23	0	384	36	54	74	112	24	0	36	125	10	28	112	50	24	56	48	51	73	168	448	42	735	12	0	73	22	0	73	12	0	34	42	22	0	292	36	27	14	96	1	0	36	125	4	0	96	48	12	0	47	42	23	0	384	36	54	74	112	7	0	40	0	4	0	0	0	24	0	36	125	10	28	112	50	24	56	48	51	73	168	448	42	716	9	0	65	12	0	73	4	0	34	42	14	0	292	36	22	0	73	1	0	32	110	4	0	73	42	12	0	34	42	22	0	292	36	27	14	96	4	0	40	0	4	0	0	0	1	0	36	125	4	0	96	48	12	0	47	42	23	0	384	36	54	74	112	0	0	10	60	10	0	0	0	7	0	40	0	4	0	0	0	24	0	36	125	10	28	112	50	24	56	48	51	73	168	448	42
845	825	66	83	97	805	42	64	59	66	83	97	35	64	23	83	135	135	97	101	785	38	62	28	42	64	59	24	64	22	42	71	112	59	58	66	83	97	29	30	0	41	28	54	0	140	35	64	23	83	135	135	97	101	765	21	30	28	38	62	28	24	60	12	42	64	109	28	58	42	64	59	4	0	0	41	18	48	0	138	24	64	22	42	71	112	59	58	66	83	97	11	30	95	0	10	32	194	0	29	30	0	41	28	54	0	140	35	64	23	83	135	135	97	101	745	5	0	28	21	30	28	0	0	12	42	44	60	28	58	38	62	28	4	0	0	41	18	48	0	130	24	60	12	42	64	109	28	58	42	64	59	7	0	72	0	10	32	118	0	4	0	0	41	18	48	0	138	24	64	22	42	71	112	59	58	66	83	97	0	0	115	0	18	32	194	0	11	30	95	0	10	32	194	0	29	30	0	41	28	54	0	140	35	64	23	83	135	135	97	101
470	459	34	24	29	448	14	0	12	34	24	29	14	0	13	12	52	56	87	50	437	12	0	12	14	0	12	6	0	12	12	14	0	36	36	34	24	29	19	0	0	0	8	8	0	0	14	0	13	12	52	56	87	50	426	4	0	12	12	0	12	6	0	12	12	14	0	36	36	14	0	12	0	0	0	0	4	0	0	0	6	0	12	12	14	0	36	36	34	24	29	2	0	10	0	4	0	0	0	19	0	0	0	8	8	0	0	14	0	13	12	52	56	87	50	415	1	0	12	4	0	12	0	0	12	12	6	0	36	36	12	0	12	0	0	0	0	4	0	0	0	6	0	12	12	14	0	36	36	14	0	12	0	0	0	0	4	0	0	0	0	0	0	0	4	0	0	0	6	0	12	12	14	0	36	36	34	24	29	0	0	5	0	8	0	0	0	2	0	10	0	4	0	0	0	19	0	0	0	8	8	0	0	14	0	13	12	52	56	87	50
588	574	45	63	17	560	18	33	10	45	63	17	23	0	10	0	57	101	85	42	546	15	18	0	18	33	10	10	0	10	0	17	11	50	36	45	63	17	9	90	0	0	9	12	0	50	23	0	10	0	57	101	85	42	532	8	0	0	15	18	0	10	0	0	0	17	6	0	36	18	33	10	1	0	0	0	4	0	0	48	10	0	10	0	17	11	50	36	45	63	17	8	0	40	0	4	0	51	0	9	90	0	0	9	12	0	50	23	0	10	0	57	101	85	42	518	2	0	0	8	0	0	2	0	0	0	10	0	0	36	15	18	0	1	0	0	0	4	0	0	42	10	0	0	0	17	6	0	36	18	33	10	4	0	40	0	4	0	30	0	1	0	0	0	4	0	0	48	10	0	10	0	17	11	50	36	45	63	17	0	0	10	0	7	33	0	0	8	0	40	0	4	0	51	0	9	90	0	0	9	12	0	50	23	0	10	0	57	101	85	42
468	457	31	26	22	446	14	10	0	31	26	22	10	0	0	0	53	34	44	67	435	13	8	0	14	10	0	6	0	0	0	16	10	0	43	31	26	22	17	16	0	0	13	0	0	0	10	0	0	0	53	34	44	67	424	6	0	0	13	8	0	6	0	0	0	16	8	0	43	14	10	0	0	0	0	0	7	0	0	0	6	0	0	0	16	10	0	43	31	26	22	3	0	10	0	4	0	22	0	17	16	0	0	13	0	0	0	10	0	0	0	53	34	44	67	413	0	0	0	6	0	0	0	0	0	0	9	0	0	43	13	8	0	0	0	0	0	7	0	0	0	6	0	0	0	16	8	0	43	14	10	0	0	0	0	0	4	0	0	0	0	0	0	0	7	0	0	0	6	0	0	0	16	10	0	43	31	26	22	0	0	17	0	7	10	0	0	3	0	10	0	4	0	22	0	17	16	0	0	13	0	0	0	10	0	0	0	53	34	44	67
460	449	22	18	52	438	7	0	13	22	18	52	9	0	14	39	14	9	104	180	427	1	0	12	7	0	13	0	0	0	36	3	0	26	118	22	18	52	0	0	26	12	0	0	0	0	9	0	14	39	14	9	104	180	416	1	0	12	1	0	12	0	0	0	36	1	0	24	85	7	0	13	0	0	0	12	0	0	0	0	0	0	0	36	3	0	26	118	22	18	52	0	0	0	0	0	0	0	0	0	0	26	12	0	0	0	0	9	0	14	39	14	9	104	180	405	1	0	12	1	0	12	0	0	0	36	1	0	24	85	1	0	12	0	0	0	12	0	0	0	0	0	0	0	36	1	0	24	85	7	0	13	0	0	0	0	0	0	0	0	0	0	0	12	0	0	0	0	0	0	0	36	3	0	26	118	22	18	52	0	0	0	0	6	0	0	0	0	0	0	0	0	0	0	0	0	0	26	12	0	0	0	0	9	0	14	39	14	9	104	180
708	691	38	64	92	674	15	12	59	38	64	92	13	48	97	55	25	48	368	158	657	3	0	59	15	12	59	4	0	80	55	11	0	236	118	38	64	92	1	0	126	0	1	0	92	0	13	48	97	55	25	48	368	158	640	2	0	31	3	0	59	0	0	80	22	6	0	236	85	15	12	59	1	0	96	0	1	0	59	0	4	0	80	55	11	0	236	118	38	64	92	4	0	13	43	2	0	0	163	1	0	126	0	1	0	92	0	13	48	97	55	25	48	368	158	623	2	0	30	2	0	31	0	0	59	22	5	0	124	85	3	0	59	1	0	96	0	1	0	59	0	0	0	80	22	6	0	236	85	15	12	59	4	0	10	42	2	0	0	132	1	0	96	0	1	0	59	0	4	0	80	55	11	0	236	118	38	64	92	4	0	0	8	18	0	0	0	4	0	13	43	2	0	0	163	1	0	126	0	1	0	92	0	13	48	97	55	25	48	368	158
419	409	25	9	51	399	10	0	0	25	9	51	13	0	14	0	21	0	51	277	389	2	0	0	10	0	0	4	0	0	0	9	0	0	177	25	9	51	0	0	56	0	3	0	0	0	13	0	14	0	21	0	51	277	379	0	0	0	2	0	0	0	0	0	0	4	0	0	113	10	0	0	0	0	0	0	3	0	0	0	4	0	0	0	9	0	0	177	25	9	51	0	0	30	0	2	0	0	0	0	0	56	0	3	0	0	0	13	0	14	0	21	0	51	277	369	0	0	0	0	0	0	0	0	0	0	0	0	0	113	2	0	0	0	0	0	0	3	0	0	0	0	0	0	0	4	0	0	113	10	0	0	0	0	0	0	2	0	0	0	0	0	0	0	3	0	0	0	4	0	0	0	9	0	0	177	25	9	51	0	0	0	0	6	0	0	0	0	0	30	0	2	0	0	0	0	0	56	0	3	0	0	0	13	0	14	0	21	0	51	277
497	485	20	41	20	473	4	6	0	20	41	20	4	30	14	0	8	30	100	129	461	0	0	0	4	6	0	0	0	0	0	1	0	0	106	20	41	20	0	0	18	0	0	0	20	0	4	30	14	0	8	30	100	129	449	0	0	0	0	0	0	0	0	0	0	0	0	0	73	4	6	0	0	0	0	0	0	0	0	0	0	0	0	0	1	0	0	106	20	41	20	0	0	0	0	0	0	0	0	0	0	18	0	0	0	20	0	4	30	14	0	8	30	100	129	437	0	0	0	0	0	0	0	0	0	0	0	0	0	73	0	0	0	0	0	0	0	0	0	0	0	0	0	0	0	0	0	0	73	4	6	0	0	0	0	0	0	0	0	0	0	0	0	0	0	0	0	0	0	0	0	0	1	0	0	106	20	41	20	0	0	0	0	11	0	0	0	0	0	0	0	0	0	0	0	0	0	18	0	0	0	20	0	4	30	14	0	8	30	100	129
333	325	19	15	6	317	5	0	0	19	15	6	9	0	0	0	11	10	18	17	309	0	0	0	5	0	0	0	0	0	0	1	0	0	10	19	15	6	0	0	18	0	0	0	0	0	9	0	0	0	11	10	18	17	301	0	0	0	0	0	0	0	0	0	0	0	0	0	0	5	0	0	0	0	0	0	0	0	0	0	0	0	0	0	1	0	0	10	19	15	6	0	0	0	0	0	0	0	0	0	0	18	0	0	0	0	0	9	0	0	0	11	10	18	17	293	0	0	0	0	0	0	0	0	0	0	0	0	0	0	0	0	0	0	0	0	0	0	0	0	0	0	0	0	0	0	0	0	0	5	0	0	0	0	0	0	0	0	0	0	0	0	0	0	0	0	0	0	0	0	0	0	1	0	0	10	19	15	6	0	0	0	0	7	0	0	0	0	0	0	0	0	0	0	0	0	0	18	0	0	0	0	0	9	0	0	0	11	10	18	17
654	638	35	28	113	622	20	0	93	35	28	113	10	0	131	24	17	0	226	112	606	20	0	93	20	0	93	10	0	109	24	16	0	186	59	35	28	113	0	0	0	0	0	0	0	0	10	0	131	24	17	0	226	112	590	20	0	93	20	0	93	10	0	109	24	16	0	186	59	20	0	93	0	0	0	0	0	0	0	0	10	0	109	24	16	0	186	59	35	28	113	0	0	0	0	0	0	0	0	0	0	0	0	0	0	0	0	10	0	131	24	17	0	226	112	574	18	0	73	20	0	93	10	0	109	9	16	0	186	31	20	0	93	0	0	0	0	0	0	0	0	10	0	109	24	16	0	186	59	20	0	93	0	0	0	0	0	0	0	0	0	0	0	0	0	0	0	0	10	0	109	24	16	0	186	59	35	28	113	7	0	0	57	19	28	0	113	0	0	0	0	0	0	0	0	0	0	0	0	0	0	0	0	10	0	131	24	17	0	226	112
492	480	11	0	108	468	7	0	60	11	0	108	12	0	18	93	23	0	0	221	456	7	0	44	7	0	60	12	0	0	35	23	0	0	72	11	0	108	3	0	0	25	0	0	0	112	12	0	18	93	23	0	0	221	444	7	0	44	7	0	44	12	0	0	35	23	0	0	71	7	0	60	3	0	0	25	0	0	0	96	12	0	0	35	23	0	0	72	11	0	108	0	0	0	0	0	0	0	0	3	0	0	25	0	0	0	112	12	0	18	93	23	0	0	221	432	7	0	40	7	0	44	12	0	0	31	23	0	0	43	7	0	44	3	0	0	22	0	0	0	73	12	0	0	35	23	0	0	71	7	0	60	0	0	0	0	0	0	0	0	3	0	0	25	0	0	0	96	12	0	0	35	23	0	0	72	10	0	108	0	0	0	43	8	0	0	0	0	0	0	0	0	0	0	0	3	0	0	25	0	0	0	112	12	0	18	93	22	0	0	221
573	559	12	13	90	545	6	0	56	12	13	90	2	0	18	22	6	0	90	170	531	6	0	55	6	0	56	2	0	0	21	6	0	56	72	12	13	90	0	0	0	11	0	0	0	0	2	0	18	22	6	0	90	170	517	6	0	55	6	0	55	2	0	0	21	6	0	55	71	6	0	56	0	0	0	11	0	0	0	0	2	0	0	21	6	0	56	72	12	13	90	0	0	0	0	0	0	0	0	0	0	0	11	0	0	0	0	2	0	18	22	6	0	90	170	503	4	0	52	6	0	55	2	0	0	19	6	0	55	43	6	0	55	0	0	0	10	0	0	0	0	2	0	0	21	6	0	55	71	6	0	56	0	0	0	0	0	0	0	0	0	0	0	11	0	0	0	0	2	0	0	21	6	0	56	72	10	13	90	0	0	0	34	6	26	0	0	0	0	0	0	0	0	0	0	0	0	0	11	0	0	0	0	2	0	18	22	3	0	90	170
368	359	18	8	38	350	10	0	32	18	8	38	2	0	32	0	8	0	38	20	341	10	0	32	10	0	32	2	0	26	0	8	0	32	0	18	8	38	0	0	0	0	0	0	0	0	2	0	32	0	8	0	38	20	332	10	0	32	10	0	32	2	0	26	0	8	0	32	0	10	0	32	0	0	0	0	0	0	0	0	2	0	26	0	8	0	32	0	18	8	38	0	0	0	0	0	0	0	0	0	0	0	0	0	0	0	0	2	0	32	0	8	0	38	20	323	8	0	31	10	0	32	2	0	26	0	8	0	32	0	10	0	32	0	0	0	0	0	0	0	0	2	0	26	0	8	0	32	0	10	0	32	0	0	0	0	0	0	0	0	0	0	0	0	0	0	0	0	2	0	26	0	8	0	32	0	18	8	38	0	0	0	9	10	16	0	0	0	0	0	0	0	0	0	0	0	0	0	0	0	0	0	0	2	0	32	0	8	0	38	20
327	319	9	7	23	311	3	0	0	9	7	23	2	0	18	0	3	0	23	118	303	3	0	0	3	0	0	2	0	0	0	3	0	0	59	9	7	23	0	0	0	0	0	0	0	0	2	0	18	0	3	0	23	118	295	3	0	0	3	0	0	2	0	0	0	3	0	0	59	3	0	0	0	0	0	0	0	0	0	0	2	0	0	0	3	0	0	59	9	7	23	0	0	0	0	0	0	0	0	0	0	0	0	0	0	0	0	2	0	18	0	3	0	23	118	287	1	0	0	3	0	0	2	0	0	0	3	0	0	31	3	0	0	0	0	0	0	0	0	0	0	2	0	0	0	3	0	0	59	3	0	0	0	0	0	0	0	0	0	0	0	0	0	0	0	0	0	0	2	0	0	0	3	0	0	59	9	7	23	0	0	0	0	6	14	0	0	0	0	0	0	0	0	0	0	0	0	0	0	0	0	0	0	2	0	18	0	3	0	23	118
547	533	20	35	96	519	17	33	48	20	35	96	8	22	0	56	19	33	0	264	505	17	33	47	17	33	48	8	22	0	55	18	33	0	181	20	35	96	0	0	0	14	0	0	0	0	8	22	0	56	19	33	0	264	491	16	33	47	17	33	47	8	22	0	55	18	33	0	180	17	33	48	0	0	0	14	0	0	0	0	8	22	0	55	18	33	0	181	20	35	96	0	0	8	0	0	0	0	0	0	0	0	14	0	0	0	0	8	22	0	56	19	33	0	264	477	9	11	47	16	33	47	5	22	0	55	15	33	0	180	17	33	47	0	0	0	14	0	0	0	0	8	22	0	55	18	33	0	180	17	33	48	0	0	8	0	0	0	0	0	0	0	0	14	0	0	0	0	8	22	0	55	18	33	0	181	20	35	96	0	0	50	0	0	0	192	0	0	0	8	0	0	0	0	0	0	0	0	14	0	0	0	0	8	22	0	56	19	33	0	264
480	468	20	0	112	456	18	0	85	20	0	112	10	0	14	122	22	0	0	113	444	18	0	60	18	0	85	10	0	14	43	20	0	0	93	20	0	112	1	0	0	57	2	0	0	112	10	0	14	122	22	0	0	113	432	16	0	51	18	0	60	10	0	13	43	20	0	0	93	18	0	85	0	0	0	24	0	0	0	59	10	0	14	43	20	0	0	93	20	0	112	1	0	22	30	0	0	0	17	1	0	0	57	2	0	0	112	10	0	14	122	22	0	0	113	420	6	0	51	16	0	51	7	0	10	43	14	0	0	93	18	0	60	0	0	0	24	0	0	0	59	10	0	13	43	20	0	0	93	18	0	85	0	0	22	30	0	0	0	10	0	0	0	24	0	0	0	59	10	0	14	43	20	0	0	93	20	0	112	0	0	50	0	0	0	0	0	1	0	22	30	0	0	0	17	1	0	0	57	2	0	0	112	10	0	14	122	22	0	0	113
507	494	28	32	69	481	19	30	67	28	32	69	10	20	44	24	42	20	0	0	468	19	30	60	19	30	67	10	20	44	23	27	20	0	0	28	32	69	8	0	0	57	9	0	0	0	10	20	44	24	42	20	0	0	455	14	30	50	19	30	60	10	20	43	23	27	20	0	0	19	30	67	0	0	0	24	0	0	0	0	10	20	44	23	27	20	0	0	28	32	69	3	0	32	39	0	0	0	17	8	0	0	57	9	0	0	0	10	20	44	24	42	20	0	0	442	5	10	49	14	30	50	5	20	37	23	13	20	0	0	19	30	60	0	0	0	24	0	0	0	0	10	20	43	23	27	20	0	0	19	30	67	0	0	32	38	0	0	0	10	0	0	0	24	0	0	0	0	10	20	44	23	27	20	0	0	28	32	69	0	0	50	8	0	0	138	0	3	0	32	39	0	0	0	17	8	0	0	57	9	0	0	0	10	20	44	24	42	20	0	0
515	502	24	23	93	489	14	12	92	24	23	93	8	0	84	15	44	11	93	0	476	13	12	82	14	12	92	7	0	84	14	22	0	92	0	24	23	93	8	0	0	88	12	11	0	0	8	0	84	15	44	11	93	0	463	8	11	46	13	12	82	7	0	81	14	20	0	82	0	14	12	92	0	0	0	24	0	0	0	0	7	0	84	14	22	0	92	0	24	23	93	2	11	32	54	0	0	0	136	8	0	0	88	12	11	0	0	8	0	84	15	44	11	93	0	450	1	0	40	8	11	46	2	0	42	14	6	0	46	0	13	12	82	0	0	0	24	0	0	0	0	7	0	81	14	20	0	82	0	14	12	92	0	0	32	38	0	0	0	69	0	0	0	24	0	0	0	0	7	0	84	14	22	0	92	0	24	23	93	0	0	40	8	0	0	93	8	2	11	32	54	0	0	0	136	8	0	0	88	12	11	0	0	8	0	84	15	44	11	93	0
548	534	39	53	76	520	15	33	76	39	53	76	12	22	152	0	76	91	152	0	506	12	29	74	15	33	76	5	22	152	0	23	55	152	0	39	53	76	4	36	0	28	19	27	0	0	12	22	152	0	76	91	152	0	492	9	9	50	12	29	74	5	18	149	0	16	45	148	0	15	33	76	0	0	0	10	0	0	0	0	5	22	152	0	23	55	152	0	39	53	76	1	18	32	72	0	0	152	97	4	36	0	28	19	27	0	0	12	22	152	0	76	91	152	0	478	3	0	34	9	9	50	2	0	103	0	7	0	100	0	12	29	74	0	0	0	10	0	0	0	0	5	18	149	0	16	45	148	0	15	33	76	0	0	32	46	0	0	152	59	0	0	0	10	0	0	0	0	5	22	152	0	23	55	152	0	39	53	76	0	0	24	32	2	0	76	42	1	18	32	72	0	0	152	97	4	36	0	28	19	27	0	0	12	22	152	0	76	91	152	0
658	639	86	140	43	620	37	99	39	86	140	43	27	151	0	38	213	437	172	0	601	32	90	39	37	99	39	16	117	0	38	92	311	156	0	86	140	43	3	26	23	0	3	0	43	0	27	151	0	38	213	437	172	0	582	32	90	39	32	90	39	16	117	0	38	79	284	156	0	37	99	39	3	26	20	0	0	0	39	0	16	117	0	38	92	311	156	0	86	140	43	0	0	0	0	5	0	0	0	3	26	23	0	3	0	43	0	27	151	0	38	213	437	172	0	563	32	89	37	32	90	39	16	117	0	34	79	284	156	0	32	90	39	3	26	20	0	0	0	39	0	16	117	0	38	79	284	156	0	37	99	39	0	0	0	0	4	0	0	0	3	26	20	0	0	0	39	0	16	117	0	38	92	311	156	0	86	140	43	7	11	0	16	7	0	0	0	0	0	0	0	5	0	0	0	3	26	23	0	3	0	43	0	27	151	0	38	213	437	172	0
504	491	25	23	109	478	11	11	76	25	23	109	13	11	0	154	62	68	109	169	465	4	0	76	11	11	76	2	0	0	154	23	22	76	168	25	23	109	0	0	49	0	0	0	109	0	13	11	0	154	62	68	109	169	452	2	0	74	4	0	76	0	0	0	148	5	0	76	156	11	11	76	0	0	24	0	0	0	76	0	2	0	0	154	23	22	76	168	25	23	109	0	0	20	28	0	0	0	0	0	0	49	0	0	0	109	0	13	11	0	154	62	68	109	169	439	2	0	48	2	0	74	0	0	0	95	5	0	74	96	4	0	76	0	0	24	0	0	0	76	0	0	0	0	148	5	0	76	156	11	11	76	0	0	0	10	0	0	0	0	0	0	24	0	0	0	76	0	2	0	0	154	23	22	76	168	25	23	109	0	0	0	84	2	0	0	97	0	0	20	28	0	0	0	0	0	0	49	0	0	0	109	0	13	11	0	154	62	68	109	169
539	525	49	51	70	511	22	18	54	49	51	70	27	54	0	82	129	168	210	76	497	16	0	54	22	18	54	17	0	0	82	62	45	162	76	49	51	70	4	0	31	0	0	0	140	0	27	54	0	82	129	168	210	76	483	15	0	53	16	0	54	15	0	0	80	47	0	162	74	22	18	54	4	0	10	0	0	0	108	0	17	0	0	82	62	45	162	76	49	51	70	0	0	9	15	0	0	0	0	4	0	31	0	0	0	140	0	27	54	0	82	129	168	210	76	469	15	0	33	15	0	53	15	0	0	45	47	0	159	50	16	0	54	4	0	10	0	0	0	108	0	15	0	0	80	47	0	162	74	22	18	54	0	0	0	0	0	0	0	0	4	0	10	0	0	0	108	0	17	0	0	82	62	45	162	76	49	51	70	1	0	0	39	2	0	0	97	0	0	9	15	0	0	0	0	4	0	31	0	0	0	140	0	27	54	0	82	129	168	210	76
489	476	57	53	22	463	23	18	20	57	53	22	29	30	0	20	164	178	110	0	450	19	12	20	23	18	20	18	0	0	20	70	72	100	0	57	53	22	4	0	0	0	0	0	22	0	29	30	0	20	164	178	110	0	437	19	12	20	19	12	20	18	0	0	20	60	60	100	0	23	18	20	4	0	0	0	0	0	20	0	18	0	0	20	70	72	100	0	57	53	22	0	0	0	0	1	0	0	0	4	0	0	0	0	0	22	0	29	30	0	20	164	178	110	0	424	19	12	18	19	12	20	18	0	0	18	60	60	100	0	19	12	20	4	0	0	0	0	0	20	0	18	0	0	20	60	60	100	0	23	18	20	0	0	0	0	1	0	0	0	4	0	0	0	0	0	20	0	18	0	0	20	70	72	100	0	57	53	22	1	0	0	18	2	0	0	0	0	0	0	0	1	0	0	0	4	0	0	0	0	0	22	0	29	30	0	20	164	178	110	0
303	294	51	29	0	285	18	20	0	51	29	0	24	15	0	0	147	105	0	0	276	16	20	0	18	20	0	15	15	0	0	56	75	0	0	51	29	0	4	0	0	0	0	0	0	0	24	15	0	0	147	105	0	0	267	16	20	0	16	20	0	15	15	0	0	51	75	0	0	18	20	0	4	0	0	0	0	0	0	0	15	15	0	0	56	75	0	0	51	29	0	0	0	0	0	2	0	0	0	4	0	0	0	0	0	0	0	24	15	0	0	147	105	0	0	258	16	20	0	16	20	0	15	15	0	0	51	75	0	0	16	20	0	4	0	0	0	0	0	0	0	15	15	0	0	51	75	0	0	18	20	0	0	0	0	0	2	0	0	0	4	0	0	0	0	0	0	0	15	15	0	0	56	75	0	0	51	29	0	1	0	0	0	1	0	0	0	0	0	0	0	2	0	0	0	4	0	0	0	0	0	0	0	24	15	0	0	147	105	0	0
452	440	48	32	33	428	20	0	0	48	32	33	21	0	42	0	108	88	132	244	416	20	0	0	20	0	0	21	0	0	0	64	0	0	189	48	32	33	4	0	0	0	1	0	0	0	21	0	42	0	108	88	132	244	404	20	0	0	20	0	0	21	0	0	0	64	0	0	189	20	0	0	4	0	0	0	1	0	0	0	21	0	0	0	64	0	0	189	48	32	33	0	0	0	0	0	0	0	0	4	0	0	0	1	0	0	0	21	0	42	0	108	88	132	244	392	20	0	0	20	0	0	21	0	0	0	64	0	0	186	20	0	0	4	0	0	0	1	0	0	0	21	0	0	0	64	0	0	189	20	0	0	0	0	0	0	0	0	0	0	4	0	0	0	1	0	0	0	21	0	0	0	64	0	0	189	48	32	33	1	0	0	0	0	0	0	0	0	0	0	0	0	0	0	0	4	0	0	0	1	0	0	0	21	0	42	0	108	88	132	244
339	330	31	18	15	321	8	0	0	31	18	15	6	0	24	0	72	42	45	92	312	8	0	0	8	0	0	6	0	0	0	30	0	0	74	31	18	15	2	0	0	0	0	0	0	0	6	0	24	0	72	42	45	92	303	8	0	0	8	0	0	6	0	0	0	30	0	0	74	8	0	0	2	0	0	0	0	0	0	0	6	0	0	0	30	0	0	74	31	18	15	0	0	0	0	0	0	0	0	2	0	0	0	0	0	0	0	6	0	24	0	72	42	45	92	294	8	0	0	8	0	0	6	0	0	0	30	0	0	73	8	0	0	2	0	0	0	0	0	0	0	6	0	0	0	30	0	0	74	8	0	0	0	0	0	0	0	0	0	0	2	0	0	0	0	0	0	0	6	0	0	0	30	0	0	74	31	18	15	0	0	0	0	0	0	0	0	0	0	0	0	0	0	0	0	2	0	0	0	0	0	0	0	6	0	24	0	72	42	45	92
623	605	68	113	24	587	20	67	0	68	113	24	18	82	31	0	140	371	120	135	569	20	65	0	20	67	0	18	78	0	0	63	226	0	113	68	113	24	2	26	0	0	5	0	0	0	18	82	31	0	140	371	120	135	551	20	65	0	20	65	0	18	78	0	0	63	221	0	113	20	67	0	2	26	0	0	1	0	0	0	18	78	0	0	63	226	0	113	68	113	24	0	0	0	0	2	0	0	0	2	26	0	0	5	0	0	0	18	82	31	0	140	371	120	135	533	20	65	0	20	65	0	18	78	0	0	63	221	0	112	20	65	0	2	26	0	0	1	0	0	0	18	78	0	0	63	221	0	113	20	67	0	0	0	0	0	1	0	0	0	2	26	0	0	1	0	0	0	18	78	0	0	63	226	0	113	68	113	24	1	0	0	0	1	0	0	0	0	0	0	0	2	0	0	0	2	26	0	0	5	0	0	0	18	82	31	0	140	371	120	135
368	358	42	23	15	348	17	9	0	42	23	15	18	0	13	0	116	73	30	65	338	17	9	0	17	9	0	18	0	0	0	59	45	0	59	42	23	15	4	0	0	0	0	0	0	0	18	0	13	0	116	73	30	65	328	17	9	0	17	9	0	18	0	0	0	59	45	0	59	17	9	0	4	0	0	0	0	0	0	0	18	0	0	0	59	45	0	59	42	23	15	0	0	0	0	0	0	0	0	4	0	0	0	0	0	0	0	18	0	13	0	116	73	30	65	318	17	9	0	17	9	0	18	0	0	0	59	45	0	59	17	9	0	4	0	0	0	0	0	0	0	18	0	0	0	59	45	0	59	17	9	0	0	0	0	0	0	0	0	0	4	0	0	0	0	0	0	0	18	0	0	0	59	45	0	59	42	23	15	1	0	0	0	0	0	0	0	0	0	0	0	0	0	0	0	4	0	0	0	0	0	0	0	18	0	13	0	116	73	30	65
340	331	38	14	15	322	18	0	0	38	14	15	18	0	13	0	107	28	30	65	313	18	0	0	18	0	0	18	0	0	0	64	0	0	59	38	14	15	4	0	0	0	0	0	0	0	18	0	13	0	107	28	30	65	304	18	0	0	18	0	0	18	0	0	0	64	0	0	59	18	0	0	4	0	0	0	0	0	0	0	18	0	0	0	64	0	0	59	38	14	15	0	0	0	0	0	0	0	0	4	0	0	0	0	0	0	0	18	0	13	0	107	28	30	65	295	18	0	0	18	0	0	18	0	0	0	64	0	0	59	18	0	0	4	0	0	0	0	0	0	0	18	0	0	0	64	0	0	59	18	0	0	0	0	0	0	0	0	0	0	4	0	0	0	0	0	0	0	18	0	0	0	64	0	0	59	38	14	15	1	0	0	0	0	0	0	0	0	0	0	0	0	0	0	0	4	0	0	0	0	0	0	0	18	0	13	0	107	28	30	65
689	670	60	63	123	651	38	18	94	60	63	123	34	0	66	55	90	54	369	72	632	38	18	71	38	18	94	34	0	66	0	77	54	282	0	60	63	123	9	0	0	85	7	0	0	113	34	0	66	55	90	54	369	72	613	36	18	50	38	18	71	34	0	64	0	77	54	213	0	38	18	94	5	0	0	54	4	0	0	93	34	0	66	0	77	54	282	0	60	63	123	6	0	16	126	1	0	0	76	9	0	0	85	7	0	0	113	34	0	66	55	90	54	369	72	594	27	18	50	36	18	50	28	0	40	0	74	54	150	0	38	18	71	5	0	0	54	4	0	0	93	34	0	64	0	77	54	213	0	38	18	94	0	0	16	126	0	0	0	76	5	0	0	54	4	0	0	93	34	0	66	0	77	54	282	0	60	63	123	0	0	90	0	0	0	0	0	6	0	16	126	1	0	0	76	9	0	0	85	7	0	0	113	34	0	66	55	90	54	369	72
553	538	33	26	82	523	18	0	37	33	26	82	18	0	11	68	55	0	164	102	508	18	0	9	18	0	37	18	0	11	0	51	0	74	0	33	26	82	3	0	0	18	2	0	0	201	18	0	11	68	55	0	164	102	493	18	0	0	18	0	9	18	0	9	0	51	0	18	0	18	0	37	3	0	0	0	2	0	0	150	18	0	11	0	51	0	74	0	33	26	82	0	0	0	0	0	0	0	76	3	0	0	18	2	0	0	201	18	0	11	68	55	0	164	102	478	18	0	0	18	0	0	18	0	0	0	51	0	0	0	18	0	9	3	0	0	0	2	0	0	150	18	0	9	0	51	0	18	0	18	0	37	0	0	0	0	0	0	0	76	3	0	0	0	2	0	0	150	18	0	11	0	51	0	74	0	33	26	82	0	0	0	0	0	0	0	0	0	0	0	0	0	0	0	76	3	0	0	18	2	0	0	201	18	0	11	68	55	0	164	102
405	394	29	18	36	383	15	0	0	29	18	36	12	0	0	0	45	0	72	102	372	15	0	0	15	0	0	12	0	0	0	41	0	0	0	29	18	36	2	0	0	0	2	0	0	0	12	0	0	0	45	0	72	102	361	15	0	0	15	0	0	12	0	0	0	41	0	0	0	15	0	0	2	0	0	0	2	0	0	0	12	0	0	0	41	0	0	0	29	18	36	0	0	0	0	0	0	0	0	2	0	0	0	2	0	0	0	12	0	0	0	45	0	72	102	350	15	0	0	15	0	0	12	0	0	0	41	0	0	0	15	0	0	2	0	0	0	2	0	0	0	12	0	0	0	41	0	0	0	15	0	0	0	0	0	0	0	0	0	0	2	0	0	0	2	0	0	0	12	0	0	0	41	0	0	0	29	18	36	0	0	0	0	0	0	0	0	0	0	0	0	0	0	0	0	2	0	0	0	2	0	0	0	12	0	0	0	45	0	72	102
494	479	40	80	16	464	15	50	0	40	80	16	13	60	0	0	57	132	64	57	449	14	50	0	15	50	0	12	60	0	0	34	120	0	0	40	80	16	3	0	0	0	10	13	0	0	13	60	0	0	57	132	64	57	434	14	50	0	14	50	0	12	60	0	0	33	120	0	0	15	50	0	3	0	0	0	2	10	0	0	12	60	0	0	34	120	0	0	40	80	16	0	0	0	0	2	0	0	0	3	0	0	0	10	13	0	0	13	60	0	0	57	132	64	57	419	14	50	0	14	50	0	12	60	0	0	33	120	0	0	14	50	0	3	0	0	0	2	10	0	0	12	60	0	0	33	120	0	0	15	50	0	0	0	0	0	0	0	0	0	3	0	0	0	2	10	0	0	12	60	0	0	34	120	0	0	40	80	16	0	0	0	0	0	0	0	0	0	0	0	0	2	0	0	0	3	0	0	0	10	13	0	0	13	60	0	0	57	132	64	57
365	355	34	25	8	345	20	0	0	34	25	8	18	0	0	0	49	15	40	24	335	20	0	0	20	0	0	18	0	0	0	47	0	0	0	34	25	8	3	0	0	0	3	0	0	0	18	0	0	0	49	15	40	24	325	20	0	0	20	0	0	18	0	0	0	47	0	0	0	20	0	0	3	0	0	0	3	0	0	0	18	0	0	0	47	0	0	0	34	25	8	0	0	0	0	0	0	0	0	3	0	0	0	3	0	0	0	18	0	0	0	49	15	40	24	315	20	0	0	20	0	0	18	0	0	0	47	0	0	0	20	0	0	3	0	0	0	3	0	0	0	18	0	0	0	47	0	0	0	20	0	0	0	0	0	0	0	0	0	0	3	0	0	0	3	0	0	0	18	0	0	0	47	0	0	0	34	25	8	0	0	0	0	0	0	0	0	0	0	0	0	0	0	0	0	3	0	0	0	3	0	0	0	18	0	0	0	49	15	40	24
562	546	41	41	100	530	29	15	93	41	41	100	35	0	81	21	41	43	200	8	514	20	15	93	29	15	93	23	0	81	21	36	30	186	0	41	41	100	4	0	79	0	3	0	0	0	35	0	81	21	41	43	200	8	498	15	15	93	20	15	93	10	0	81	21	27	30	186	0	29	15	93	1	0	77	0	3	0	0	0	23	0	81	21	36	30	186	0	41	41	100	0	0	45	0	0	0	0	0	4	0	79	0	3	0	0	0	35	0	81	21	41	43	200	8	482	15	15	60	15	15	93	10	0	81	16	27	30	186	0	20	15	93	1	0	77	0	3	0	0	0	10	0	81	21	27	30	186	0	29	15	93	0	0	42	0	0	0	0	0	1	0	77	0	3	0	0	0	23	0	81	21	36	30	186	0	41	41	100	0	0	0	134	0	0	0	165	0	0	45	0	0	0	0	0	4	0	79	0	3	0	0	0	35	0	81	21	41	43	200	8
485	470	30	57	62	455	18	51	21	30	57	62	14	63	0	21	44	102	0	229	440	15	50	21	18	51	21	13	60	0	21	29	92	0	131	30	57	62	0	10	18	0	6	11	0	0	14	63	0	21	44	102	0	229	425	12	50	21	15	50	21	7	60	0	21	25	90	0	80	18	51	21	0	10	16	0	3	10	0	0	13	60	0	21	29	92	0	131	30	57	62	0	0	27	0	1	0	0	0	0	10	18	0	6	11	0	0	14	63	0	21	44	102	0	229	410	12	50	16	12	50	21	7	60	0	16	25	90	0	50	15	50	21	0	10	16	0	3	10	0	0	7	60	0	21	25	90	0	80	18	51	21	0	0	24	0	0	0	0	0	0	10	16	0	3	10	0	0	13	60	0	21	29	92	0	131	30	57	62	0	0	0	40	0	0	0	0	0	0	27	0	1	0	0	0	0	10	18	0	6	11	0	0	14	63	0	21	44	102	0	229
468	455	19	0	97	442	15	0	46	19	0	97	12	0	10	35	31	0	0	265	429	15	0	46	15	0	46	12	0	10	35	30	0	0	131	19	0	97	1	0	0	0	3	0	0	0	12	0	10	35	31	0	0	265	416	15	0	43	15	0	46	12	0	10	31	30	0	0	80	15	0	46	1	0	0	0	3	0	0	0	12	0	10	35	30	0	0	131	19	0	97	0	0	0	29	0	0	0	0	1	0	0	0	3	0	0	0	12	0	10	35	31	0	0	265	403	15	0	8	15	0	43	12	0	10	8	30	0	0	50	15	0	46	1	0	0	0	3	0	0	0	12	0	10	31	30	0	0	80	15	0	46	0	0	0	0	0	0	0	0	1	0	0	0	3	0	0	0	12	0	10	35	30	0	0	131	19	0	97	0	0	0	40	0	0	0	238	0	0	0	29	0	0	0	0	1	0	0	0	3	0	0	0	12	0	10	35	31	0	0	265
287	279	17	7	22	271	14	0	11	17	7	22	12	0	11	0	28	0	22	24	263	14	0	11	14	0	11	12	0	11	0	27	0	11	0	17	7	22	1	0	0	0	3	0	0	0	12	0	11	0	28	0	22	24	255	14	0	11	14	0	11	12	0	11	0	27	0	11	0	14	0	11	1	0	0	0	3	0	0	0	12	0	11	0	27	0	11	0	17	7	22	0	0	0	0	0	0	0	0	1	0	0	0	3	0	0	0	12	0	11	0	28	0	22	24	247	14	0	0	14	0	11	12	0	11	0	27	0	11	0	14	0	11	1	0	0	0	3	0	0	0	12	0	11	0	27	0	11	0	14	0	11	0	0	0	0	0	0	0	0	1	0	0	0	3	0	0	0	12	0	11	0	27	0	11	0	17	7	22	0	0	0	0	0	0	0	96	0	0	0	0	0	0	0	0	1	0	0	0	3	0	0	0	12	0	11	0	28	0	22	24
363	352	20	24	35	341	13	24	0	20	24	35	13	0	0	0	36	32	0	183	330	12	24	0	13	24	0	12	0	0	0	27	32	0	94	20	24	35	1	0	0	0	2	8	0	0	13	0	0	0	36	32	0	183	319	12	24	0	12	24	0	12	0	0	0	26	32	0	71	13	24	0	1	0	0	0	2	8	0	0	12	0	0	0	27	32	0	94	20	24	35	0	0	0	0	0	0	0	0	1	0	0	0	2	8	0	0	13	0	0	0	36	32	0	183	308	12	24	0	12	24	0	12	0	0	0	26	32	0	50	12	24	0	1	0	0	0	2	8	0	0	12	0	0	0	26	32	0	71	13	24	0	0	0	0	0	0	0	0	0	1	0	0	0	2	8	0	0	12	0	0	0	27	32	0	94	20	24	35	0	0	0	0	0	0	0	0	0	0	0	0	0	0	0	0	1	0	0	0	2	8	0	0	13	0	0	0	36	32	0	183
419	407	28	11	73	395	10	0	71	28	11	73	11	0	128	20	23	0	73	0	383	9	0	71	10	0	71	7	0	124	20	16	0	71	0	28	11	73	0	0	8	0	0	0	0	0	11	0	128	20	23	0	73	0	371	9	0	71	9	0	71	7	0	124	20	16	0	71	0	10	0	71	0	0	7	0	0	0	0	0	7	0	124	20	16	0	71	0	28	11	73	0	0	0	0	0	0	0	0	0	0	8	0	0	0	0	0	11	0	128	20	23	0	73	0	359	9	0	71	9	0	71	7	0	124	20	16	0	71	0	9	0	71	0	0	7	0	0	0	0	0	7	0	124	20	16	0	71	0	10	0	71	0	0	0	0	0	0	0	0	0	0	7	0	0	0	0	0	7	0	124	20	16	0	71	0	28	11	73	0	0	0	0	0	0	0	0	0	0	0	0	0	0	0	0	0	0	8	0	0	0	0	0	11	0	128	20	23	0	73	0
244	237	17	6	25	230	8	0	25	17	6	25	7	0	36	0	15	0	25	0	223	8	0	25	8	0	25	7	0	36	0	14	0	25	0	17	6	25	0	0	0	0	0	0	0	0	7	0	36	0	15	0	25	0	216	8	0	25	8	0	25	7	0	36	0	14	0	25	0	8	0	25	0	0	0	0	0	0	0	0	7	0	36	0	14	0	25	0	17	6	25	0	0	0	0	0	0	0	0	0	0	0	0	0	0	0	0	7	0	36	0	15	0	25	0	209	8	0	25	8	0	25	7	0	36	0	14	0	25	0	8	0	25	0	0	0	0	0	0	0	0	7	0	36	0	14	0	25	0	8	0	25	0	0	0	0	0	0	0	0	0	0	0	0	0	0	0	0	7	0	36	0	14	0	25	0	17	6	25	0	0	0	0	0	0	0	0	0	0	0	0	0	0	0	0	0	0	0	0	0	0	0	0	7	0	36	0	15	0	25	0
207	201	22	9	9	195	16	0	9	22	9	9	6	0	36	0	16	0	27	0	189	16	0	9	16	0	9	6	0	36	0	15	0	27	0	22	9	9	0	0	0	0	0	0	0	0	6	0	36	0	16	0	27	0	183	16	0	9	16	0	9	6	0	36	0	15	0	27	0	16	0	9	0	0	0	0	0	0	0	0	6	0	36	0	15	0	27	0	21	9	9	0	0	0	0	0	0	0	0	0	0	0	0	0	0	0	0	6	0	36	0	16	0	27	0	177	16	0	9	16	0	9	6	0	36	0	15	0	27	0	16	0	9	0	0	0	0	0	0	0	0	6	0	36	0	15	0	27	0	15	0	9	0	0	0	0	0	0	0	0	0	0	0	0	0	0	0	0	6	0	36	0	15	0	27	0	19	9	9	0	0	0	0	0	0	0	0	0	0	0	0	0	0	0	0	0	0	0	0	0	0	0	0	4	0	36	0	11	0	27	0
315	306	13	0	76	297	7	0	50	13	0	76	7	0	32	62	15	0	0	122	288	6	0	50	7	0	50	3	0	28	62	12	0	0	104	13	0	76	0	0	8	0	0	0	0	0	7	0	32	62	15	0	0	122	279	6	0	50	6	0	50	3	0	28	62	12	0	0	104	7	0	50	0	0	7	0	0	0	0	0	3	0	28	62	12	0	0	104	13	0	76	0	0	0	0	0	0	0	0	0	0	8	0	0	0	0	0	7	0	32	62	15	0	0	122	270	6	0	50	6	0	50	3	0	28	62	12	0	0	104	6	0	50	0	0	7	0	0	0	0	0	3	0	28	62	12	0	0	104	7	0	50	0	0	0	0	0	0	0	0	0	0	7	0	0	0	0	0	3	0	28	62	12	0	0	104	13	0	76	0	0	0	0	0	0	0	0	0	0	0	0	0	0	0	0	0	0	8	0	0	0	0	0	7	0	32	62	15	0	0	122
339	328	22	37	35	317	8	28	20	22	37	35	8	21	32	20	17	56	35	100	306	7	28	20	8	28	20	4	21	28	20	11	56	20	93	22	37	35	0	0	8	0	0	0	0	0	8	21	32	20	17	56	35	100	295	7	28	20	7	28	20	4	21	28	20	11	56	20	93	8	28	20	0	0	7	0	0	0	0	0	4	21	28	20	11	56	20	93	22	37	35	0	0	0	0	0	0	0	0	0	0	8	0	0	0	0	0	8	21	32	20	17	56	35	100	284	7	28	20	7	28	20	4	21	28	20	11	56	20	93	7	28	20	0	0	7	0	0	0	0	0	4	21	28	20	11	56	20	93	8	28	20	0	0	0	0	0	0	0	0	0	0	7	0	0	0	0	0	4	21	28	20	11	56	20	93	22	37	35	0	0	0	0	0	0	0	0	0	0	0	0	0	0	0	0	0	0	8	0	0	0	0	0	8	21	32	20	17	56	35	100
568	547	56	121	95	526	43	119	85	56	121	95	30	36	23	63	52	129	0	9	505	43	119	83	43	119	85	30	36	20	60	48	129	0	9	56	121	95	12	0	0	18	4	0	0	0	30	36	23	63	52	129	0	9	485	43	119	83	43	119	83	30	36	18	60	48	129	0	9	43	119	85	12	0	0	18	4	0	0	0	30	36	20	60	48	129	0	9	49	101	95	4	0	0	0	1	0	0	0	12	0	0	18	4	0	0	0	30	36	23	63	44	129	0	9	467	43	119	83	43	119	83	30	36	18	60	48	129	0	9	43	119	83	12	0	0	18	4	0	0	0	30	36	18	60	48	129	0	9	41	101	85	4	0	0	0	1	0	0	0	12	0	0	18	4	0	0	0	30	36	20	60	44	129	0	9	42	65	95	0	0	0	0	0	0	0	0	4	0	0	0	1	0	0	0	12	0	0	18	4	0	0	0	28	0	23	63	29	39	0	9
398	385	32	36	60	372	30	36	53	32	36	60	21	0	0	39	34	9	0	9	359	30	36	53	30	36	53	21	0	0	39	34	9	0	9	32	36	60	9	0	0	0	3	0	0	0	21	0	0	39	34	9	0	9	346	30	36	53	30	36	53	21	0	0	39	34	9	0	9	30	36	53	9	0	0	0	3	0	0	0	21	0	0	39	34	9	0	9	31	36	60	2	0	0	0	1	0	0	0	9	0	0	0	3	0	0	0	21	0	0	39	34	9	0	9	333	30	36	53	30	36	53	21	0	0	39	34	9	0	9	30	36	53	9	0	0	0	3	0	0	0	21	0	0	39	34	9	0	9	29	36	53	2	0	0	0	1	0	0	0	9	0	0	0	3	0	0	0	21	0	0	39	34	9	0	9	26	36	60	0	0	0	0	0	0	0	0	2	0	0	0	1	0	0	0	9	0	0	0	3	0	0	0	19	0	0	39	23	9	0	9
518	499	93	129	86	480	74	105	82	93	129	86	49	72	133	36	127	115	172	0	461	73	102	78	74	105	82	48	72	130	33	120	115	164	0	93	129	86	18	33	0	36	8	11	0	0	49	72	133	36	127	115	172	0	442	73	100	77	73	102	78	48	66	122	33	119	112	156	0	74	105	82	18	33	0	34	8	11	0	0	48	72	130	33	120	115	164	0	86	129	86	26	22	0	8	12	0	0	0	18	33	0	36	8	11	0	0	49	72	133	36	119	115	172	0	425	73	100	77	73	100	77	48	66	119	33	119	112	154	0	73	102	78	18	33	0	34	8	11	0	0	48	66	122	33	119	112	156	0	71	105	82	26	22	0	8	12	0	0	0	18	33	0	34	8	11	0	0	48	72	130	33	116	115	164	0	75	95	86	14	0	0	0	4	0	0	0	26	22	0	8	12	0	0	0	18	33	0	36	8	11	0	0	45	72	133	36	94	47	172	0
434	420	34	44	62	406	26	40	29	34	44	62	15	40	11	63	31	60	0	142	392	26	40	28	26	40	29	15	40	8	60	29	60	0	125	34	44	62	9	0	0	7	3	0	0	0	15	40	11	63	31	60	0	142	378	26	40	28	26	40	28	15	40	7	60	29	60	0	125	26	40	29	9	0	0	7	3	0	0	0	15	40	8	60	29	60	0	125	33	44	62	2	0	0	0	1	0	0	0	9	0	0	7	3	0	0	0	15	40	11	63	31	60	0	142	364	26	40	28	26	40	28	15	40	7	60	29	60	0	125	26	40	28	9	0	0	7	3	0	0	0	15	40	7	60	29	60	0	125	25	40	29	2	0	0	0	1	0	0	0	9	0	0	7	3	0	0	0	15	40	8	60	29	60	0	125	31	44	62	0	0	0	0	0	0	0	0	2	0	0	0	1	0	0	0	9	0	0	7	3	0	0	0	13	40	11	63	26	60	0	142
527	509	81	110	59	491	65	91	52	81	110	59	51	120	56	63	102	103	59	0	473	62	82	48	65	91	52	44	108	53	60	93	96	52	0	81	110	59	15	92	0	36	7	30	0	0	51	120	56	63	102	103	59	0	455	61	80	47	62	82	48	42	100	45	60	89	90	48	0	65	91	52	12	90	0	34	7	30	0	0	44	108	53	60	93	96	52	0	78	110	59	15	20	0	8	7	10	0	0	15	92	0	36	7	30	0	0	51	120	56	63	98	103	59	0	437	61	80	47	61	80	47	42	100	42	60	89	90	47	0	62	82	48	12	90	0	34	7	30	0	0	42	100	45	60	89	90	48	0	62	91	52	15	20	0	8	7	10	0	0	12	90	0	34	7	30	0	0	44	108	53	60	89	96	52	0	73	110	59	10	0	0	0	2	0	0	0	15	20	0	8	7	10	0	0	15	92	0	36	7	30	0	0	47	120	56	63	86	103	59	0
558	538	120	147	90	518	92	135	62	120	147	90	58	132	0	118	211	342	0	145	498	89	131	59	92	135	62	51	126	0	106	153	318	0	134	118	147	90	35	44	0	24	23	39	0	0	58	132	0	118	211	342	0	145	478	85	122	55	89	131	59	49	120	0	95	149	310	0	126	90	135	62	17	38	0	21	8	30	0	0	51	126	0	106	153	318	0	134	116	147	90	32	108	0	36	29	70	0	0	35	44	0	24	23	39	0	0	58	132	0	118	207	342	0	145	458	83	112	53	85	122	55	49	111	0	93	148	304	0	124	87	131	59	17	36	0	21	8	27	0	0	49	120	0	95	149	310	0	126	88	135	62	28	87	0	34	26	67	0	0	17	38	0	21	8	30	0	0	51	126	0	106	149	318	0	134	110	147	90	40	99	0	19	9	26	0	0	32	108	0	36	29	70	0	0	35	44	0	24	23	39	0	0	56	132	0	118	193	342	0	145
513	493	119	128	84	473	101	122	71	119	128	84	71	82	0	51	225	227	0	86	453	101	122	71	101	122	71	71	82	0	51	204	222	0	82	119	128	84	15	0	0	0	14	0	0	0	71	82	0	51	225	227	0	86	433	101	121	69	101	122	71	71	82	0	47	204	222	0	78	101	122	71	15	0	0	0	8	0	0	0	71	82	0	51	204	222	0	82	113	128	84	38	11	0	18	28	0	0	0	15	0	0	0	14	0	0	0	71	82	0	51	217	227	0	86	415	99	117	67	101	121	69	71	78	0	45	204	220	0	77	101	122	71	15	0	0	0	8	0	0	0	71	82	0	47	204	222	0	78	99	122	71	37	11	0	16	25	0	0	0	15	0	0	0	8	0	0	0	71	82	0	51	200	222	0	82	101	92	84	41	44	0	19	17	26	0	0	38	11	0	18	27	0	0	0	15	0	0	0	13	0	0	0	69	82	0	51	190	155	0	86
507	488	121	135	42	469	91	129	39	121	135	42	51	42	0	38	231	285	0	0	450	91	129	39	91	129	39	51	42	0	38	174	269	0	0	118	135	42	30	0	0	0	25	0	0	0	51	42	0	38	229	285	0	0	431	86	129	37	91	129	39	51	42	0	34	174	269	0	0	88	129	39	11	0	0	0	6	0	0	0	51	42	0	38	172	269	0	0	118	135	42	48	0	0	18	40	80	0	0	30	0	0	0	25	0	0	0	51	42	0	38	229	285	0	0	412	82	114	35	86	129	37	50	42	0	32	168	269	0	0	88	129	39	11	0	0	0	6	0	0	0	51	42	0	34	172	269	0	0	88	129	39	40	0	0	16	34	80	0	0	11	0	0	0	6	0	0	0	51	42	0	38	172	269	0	0	115	135	42	57	135	0	19	18	45	0	0	48	0	0	18	40	80	0	0	30	0	0	0	25	0	0	0	51	42	0	38	222	285	0	0
507	490	78	69	117	473	71	56	116	78	69	117	44	15	0	16	165	74	117	0	456	71	56	116	71	56	116	44	15	0	16	158	73	116	0	78	69	117	5	0	0	0	6	0	0	0	44	15	0	16	165	74	117	0	439	70	56	116	71	56	116	44	15	0	16	158	73	116	0	71	56	116	4	0	0	0	2	0	0	0	44	15	0	16	158	73	116	0	78	69	117	16	0	0	0	16	16	0	0	5	0	0	0	6	0	0	0	44	15	0	16	165	74	117	0	422	67	54	115	70	56	116	44	15	0	16	157	73	116	0	71	56	116	4	0	0	0	2	0	0	0	44	15	0	16	158	73	116	0	71	56	116	15	0	0	0	12	15	0	0	4	0	0	0	2	0	0	0	44	15	0	16	158	73	116	0	74	69	117	28	26	0	11	15	37	0	0	16	0	0	0	16	16	0	0	5	0	0	0	6	0	0	0	44	15	0	16	157	74	117	0
379	366	66	61	36	353	52	46	36	66	61	36	32	27	0	0	149	121	72	0	340	52	46	36	52	46	36	32	27	0	0	118	116	72	0	66	61	36	5	0	0	0	2	0	0	0	32	27	0	0	149	121	72	0	327	51	46	36	52	46	36	32	27	0	0	118	116	72	0	52	46	36	4	0	0	0	0	0	0	0	32	27	0	0	118	116	72	0	66	61	36	2	0	0	0	13	12	0	0	5	0	0	0	2	0	0	0	32	27	0	0	149	121	72	0	314	47	44	34	51	46	36	32	27	0	0	117	116	72	0	52	46	36	4	0	0	0	0	0	0	0	32	27	0	0	118	116	72	0	52	46	36	2	0	0	0	10	11	0	0	4	0	0	0	0	0	0	0	32	27	0	0	118	116	72	0	64	61	36	22	12	0	22	11	24	0	0	2	0	0	0	13	12	0	0	5	0	0	0	2	0	0	0	32	27	0	0	145	121	72	0
274	264	57	34	19	254	39	32	13	57	34	19	25	10	0	0	133	103	0	36	244	39	32	13	39	32	13	25	10	0	0	100	103	0	36	57	34	19	6	0	0	0	7	0	0	0	25	10	0	0	133	103	0	36	234	38	32	13	39	32	13	25	10	0	0	100	103	0	36	39	32	13	4	0	0	0	3	0	0	0	25	10	0	0	100	103	0	36	57	34	19	4	0	0	0	10	0	0	0	6	0	0	0	7	0	0	0	25	10	0	0	133	103	0	36	224	33	22	13	38	32	13	24	10	0	0	97	103	0	36	39	32	13	4	0	0	0	3	0	0	0	25	10	0	0	100	103	0	36	39	32	13	1	0	0	0	5	0	0	0	4	0	0	0	3	0	0	0	25	10	0	0	100	103	0	36	57	34	19	2	0	6	0	2	0	38	0	4	0	0	0	10	0	0	0	6	0	0	0	7	0	0	0	25	10	0	0	133	103	0	36
299	287	65	59	18	275	44	55	0	65	59	18	30	25	0	0	140	148	0	153	263	44	54	0	44	55	0	30	24	0	0	100	144	0	152	65	59	18	4	8	0	0	11	0	0	0	30	25	0	0	140	148	0	153	251	43	53	0	44	54	0	30	24	0	0	100	143	0	152	44	55	0	3	8	0	0	3	0	0	0	30	24	0	0	100	144	0	152	65	59	18	5	7	0	0	15	10	0	0	4	8	0	0	11	0	0	0	30	25	0	0	140	148	0	153	239	38	44	0	43	53	0	30	23	0	0	99	139	0	152	44	54	0	3	8	0	0	3	0	0	0	30	24	0	0	100	143	0	152	44	55	0	3	7	0	0	6	9	0	0	3	8	0	0	3	0	0	0	30	24	0	0	100	144	0	152	65	59	18	9	7	6	0	3	7	36	0	5	7	0	0	15	10	0	0	4	8	0	0	11	0	0	0	30	25	0	0	140	148	0	153
325	310	78	94	0	295	51	83	0	78	94	0	42	69	0	0	179	189	0	0	280	48	81	0	51	83	0	36	65	0	0	131	179	0	0	78	94	0	13	20	0	0	15	35	0	0	42	69	0	0	179	189	0	0	265	45	80	0	48	81	0	34	65	0	0	124	176	0	0	51	83	0	5	20	0	0	8	31	0	0	36	65	0	0	131	179	0	0	78	94	0	5	4	0	0	12	11	0	0	13	20	0	0	15	35	0	0	42	69	0	0	179	189	0	0	250	40	75	0	45	80	0	33	64	0	0	116	174	0	0	48	81	0	5	20	0	0	8	30	0	0	34	65	0	0	124	176	0	0	51	83	0	3	0	0	0	7	10	0	0	5	20	0	0	8	31	0	0	36	65	0	0	131	179	0	0	78	94	0	1	4	0	0	3	0	0	0	5	4	0	0	12	11	0	0	13	20	0	0	15	35	0	0	42	69	0	0	179	189	0	0
264	254	59	40	0	244	40	33	0	59	40	0	28	5	0	0	135	94	0	0	234	40	31	0	40	33	0	28	5	0	0	99	92	0	0	59	40	0	6	6	0	0	9	0	0	0	28	5	0	0	135	94	0	0	224	39	26	0	40	31	0	28	3	0	0	99	86	0	0	40	33	0	2	0	0	0	7	0	0	0	28	5	0	0	99	92	0	0	59	40	0	1	6	0	0	2	0	0	0	6	6	0	0	9	0	0	0	28	5	0	0	135	94	0	0	214	36	23	0	39	26	0	28	0	0	0	96	73	0	0	40	31	0	2	0	0	0	7	0	0	0	28	3	0	0	99	86	0	0	40	33	0	0	0	0	0	2	0	0	0	2	0	0	0	7	0	0	0	28	5	0	0	99	92	0	0	59	40	0	1	0	0	0	0	0	0	0	1	6	0	0	2	0	0	0	6	6	0	0	9	0	0	0	28	5	0	0	135	94	0	0
266	256	59	38	0	246	38	29	0	59	38	0	26	7	0	0	113	88	0	0	236	37	25	0	38	29	0	21	7	0	0	82	69	0	0	59	38	0	4	8	0	0	7	2	0	0	26	7	0	0	113	88	0	0	226	36	23	0	37	25	0	21	7	0	0	79	57	0	0	38	29	0	2	0	0	0	7	0	0	0	21	7	0	0	82	69	0	0	59	38	0	3	0	0	0	2	0	0	0	4	8	0	0	7	2	0	0	26	7	0	0	113	88	0	0	216	34	23	0	36	23	0	20	7	0	0	76	51	0	0	37	25	0	2	0	0	0	7	0	0	0	21	7	0	0	79	57	0	0	38	29	0	0	0	0	0	2	0	0	0	2	0	0	0	7	0	0	0	21	7	0	0	82	69	0	0	59	38	0	1	0	0	0	0	0	0	0	3	0	0	0	2	0	0	0	4	8	0	0	7	2	0	0	26	7	0	0	113	88	0	0
326	310	76	96	9	294	46	84	0	76	96	9	33	104	0	0	156	206	0	0	278	40	84	0	46	84	0	22	104	0	0	100	180	0	0	76	96	9	7	0	5	0	12	32	0	0	33	104	0	0	156	206	0	0	262	37	84	0	40	84	0	19	104	0	0	84	180	0	0	46	84	0	5	0	0	0	10	30	0	0	22	104	0	0	100	180	0	0	76	96	9	2	0	7	0	5	10	0	0	7	0	5	0	12	32	0	0	33	104	0	0	156	206	0	0	246	36	84	0	37	84	0	18	104	0	0	78	180	0	0	40	84	0	5	0	0	0	10	30	0	0	19	104	0	0	84	180	0	0	46	84	0	2	0	0	0	5	10	0	0	5	0	0	0	10	30	0	0	22	104	0	0	100	180	0	0	76	96	9	0	0	4	0	1	0	0	0	2	0	7	0	5	10	0	0	7	0	5	0	12	32	0	0	33	104	0	0	156	206	0	0
205	196	43	23	5	187	28	23	0	43	23	5	22	0	0	0	89	39	0	0	178	24	23	0	28	23	0	15	0	0	0	63	39	0	0	43	23	5	0	0	5	0	3	6	0	0	22	0	0	0	89	39	0	0	169	23	23	0	24	23	0	14	0	0	0	52	39	0	0	28	23	0	0	0	0	0	3	6	0	0	15	0	0	0	63	39	0	0	43	23	5	0	0	3	0	1	0	0	0	0	0	5	0	3	6	0	0	22	0	0	0	89	39	0	0	160	23	23	0	23	23	0	14	0	0	0	50	39	0	0	24	23	0	0	0	0	0	3	6	0	0	14	0	0	0	52	39	0	0	28	23	0	0	0	0	0	1	0	0	0	0	0	0	0	3	6	0	0	15	0	0	0	63	39	0	0	43	23	5	0	0	0	0	0	0	0	0	0	0	3	0	1	0	0	0	0	0	5	0	3	6	0	0	22	0	0	0	89	39	0	0
374	360	50	70	2	346	27	40	0	50	70	2	15	25	0	0	105	127	10	0	332	26	35	0	27	40	0	15	0	0	0	58	72	0	0	50	70	2	0	0	2	0	4	0	2	0	15	25	0	0	105	127	10	0	318	26	35	0	26	35	0	15	0	0	0	55	57	0	0	27	40	0	0	0	0	0	4	0	0	0	15	0	0	0	58	72	0	0	50	70	2	0	0	0	0	1	0	0	0	0	0	2	0	4	0	2	0	15	25	0	0	105	127	10	0	304	26	35	0	26	35	0	15	0	0	0	55	57	0	0	26	35	0	0	0	0	0	4	0	0	0	15	0	0	0	55	57	0	0	27	40	0	0	0	0	0	1	0	0	0	0	0	0	0	4	0	0	0	15	0	0	0	58	72	0	0	50	70	2	0	0	0	0	0	0	0	0	0	0	0	0	1	0	0	0	0	0	2	0	4	0	2	0	15	25	0	0	105	127	10	0
275	265	42	32	2	255	28	17	0	42	32	2	20	0	0	0	83	38	6	0	245	26	17	0	28	17	0	15	0	0	0	59	33	0	0	42	32	2	0	0	2	0	4	0	0	0	20	0	0	0	83	38	6	0	235	26	17	0	26	17	0	15	0	0	0	53	33	0	0	28	17	0	0	0	0	0	4	0	0	0	15	0	0	0	59	33	0	0	42	32	2	0	0	0	0	1	0	0	0	0	0	2	0	4	0	0	0	20	0	0	0	83	38	6	0	225	26	17	0	26	17	0	15	0	0	0	53	33	0	0	26	17	0	0	0	0	0	4	0	0	0	15	0	0	0	53	33	0	0	28	17	0	0	0	0	0	1	0	0	0	0	0	0	0	4	0	0	0	15	0	0	0	59	33	0	0	42	32	2	0	0	0	0	0	0	0	0	0	0	0	0	1	0	0	0	0	0	2	0	4	0	0	0	20	0	0	0	83	38	6	0
221	213	26	21	0	205	10	12	0	26	21	0	6	6	0	0	46	38	0	0	197	9	12	0	10	12	0	1	6	0	0	19	30	0	0	26	21	0	0	0	0	0	0	0	0	0	6	6	0	0	46	38	0	0	189	9	12	0	9	12	0	1	6	0	0	16	30	0	0	10	12	0	0	0	0	0	0	0	0	0	1	6	0	0	19	30	0	0	26	21	0	0	0	0	0	0	0	0	0	0	0	0	0	0	0	0	0	6	6	0	0	46	38	0	0	181	9	12	0	9	12	0	1	6	0	0	16	30	0	0	9	12	0	0	0	0	0	0	0	0	0	1	6	0	0	16	30	0	0	10	12	0	0	0	0	0	0	0	0	0	0	0	0	0	0	0	0	0	1	6	0	0	19	30	0	0	26	21	0	0	0	0	0	0	0	0	0	0	0	0	0	0	0	0	0	0	0	0	0	0	0	0	0	6	6	0	0	46	38	0	0
180	174	13	0	12	168	9	0	0	13	0	12	1	0	5	0	30	0	0	4	162	9	0	0	9	0	0	1	0	0	0	18	0	0	0	13	0	12	0	0	0	0	0	0	0	0	1	0	5	0	30	0	0	4	156	9	0	0	9	0	0	1	0	0	0	18	0	0	0	9	0	0	0	0	0	0	0	0	0	0	1	0	0	0	18	0	0	0	13	0	12	0	0	0	0	0	0	0	0	0	0	0	0	0	0	0	0	1	0	5	0	30	0	0	4	150	9	0	0	9	0	0	1	0	0	0	18	0	0	0	9	0	0	0	0	0	0	0	0	0	0	1	0	0	0	18	0	0	0	9	0	0	0	0	0	0	0	0	0	0	0	0	0	0	0	0	0	0	1	0	0	0	18	0	0	0	13	0	12	0	0	0	0	0	0	0	0	0	0	0	0	0	0	0	0	0	0	0	0	0	0	0	0	1	0	5	0	30	0	0	4
220	212	18	7	12	204	8	7	0	18	7	12	1	0	5	0	47	7	0	4	196	8	7	0	8	7	0	1	0	0	0	17	7	0	0	18	7	12	0	0	0	0	0	0	0	0	1	0	5	0	47	7	0	4	188	8	7	0	8	7	0	1	0	0	0	17	7	0	0	8	7	0	0	0	0	0	0	0	0	0	1	0	0	0	17	7	0	0	18	7	12	0	0	0	0	0	0	0	0	0	0	0	0	0	0	0	0	1	0	5	0	47	7	0	4	180	8	7	0	8	7	0	1	0	0	0	17	7	0	0	8	7	0	0	0	0	0	0	0	0	0	1	0	0	0	17	7	0	0	8	7	0	0	0	0	0	0	0	0	0	0	0	0	0	0	0	0	0	1	0	0	0	17	7	0	0	18	7	12	0	0	0	0	0	0	0	0	0	0	0	0	0	0	0	0	0	0	0	0	0	0	0	0	1	0	5	0	47	7	0	4
258	249	24	15	12	240	9	8	0	24	15	12	1	0	5	0	59	52	12	4	231	9	8	0	9	8	0	1	0	0	0	18	24	0	0	24	15	12	0	0	0	0	0	0	0	0	1	0	5	0	59	52	12	4	222	9	8	0	9	8	0	1	0	0	0	18	24	0	0	9	8	0	0	0	0	0	0	0	0	0	1	0	0	0	18	24	0	0	24	15	12	0	0	0	0	0	0	0	0	0	0	0	0	0	0	0	0	1	0	5	0	59	52	12	4	213	9	8	0	9	8	0	1	0	0	0	18	24	0	0	9	8	0	0	0	0	0	0	0	0	0	1	0	0	0	18	24	0	0	9	8	0	0	0	0	0	0	0	0	0	0	0	0	0	0	0	0	0	1	0	0	0	18	24	0	0	24	15	12	0	0	0	0	0	0	0	0	0	0	0	0	0	0	0	0	0	0	0	0	0	0	0	0	1	0	5	0	59	52	12	4
238	230	20	12	7	222	8	0	0	20	12	7	1	0	5	0	52	30	14	2	214	8	0	0	8	0	0	1	0	0	0	17	0	0	0	20	12	7	0	0	0	0	0	0	0	0	1	0	5	0	52	30	14	2	206	8	0	0	8	0	0	1	0	0	0	17	0	0	0	8	0	0	0	0	0	0	0	0	0	0	1	0	0	0	17	0	0	0	20	12	7	0	0	0	0	0	0	0	0	0	0	0	0	0	0	0	0	1	0	5	0	52	30	14	2	198	8	0	0	8	0	0	1	0	0	0	17	0	0	0	8	0	0	0	0	0	0	0	0	0	0	1	0	0	0	17	0	0	0	8	0	0	0	0	0	0	0	0	0	0	0	0	0	0	0	0	0	0	1	0	0	0	17	0	0	0	20	12	7	0	0	0	0	0	0	0	0	0	0	0	0	0	0	0	0	0	0	0	0	0	0	0	0	1	0	5	0	52	30	14	2
265	256	26	20	5	247	7	0	0	26	20	5	0	0	5	0	67	60	25	2	238	7	0	0	7	0	0	0	0	0	0	15	0	0	0	26	20	5	0	0	0	0	0	0	0	0	0	0	5	0	67	60	25	2	229	7	0	0	7	0	0	0	0	0	0	15	0	0	0	7	0	0	0	0	0	0	0	0	0	0	0	0	0	0	15	0	0	0	26	20	5	0	0	0	0	0	0	0	0	0	0	0	0	0	0	0	0	0	0	5	0	67	60	25	2	220	7	0	0	7	0	0	0	0	0	0	15	0	0	0	7	0	0	0	0	0	0	0	0	0	0	0	0	0	0	15	0	0	0	7	0	0	0	0	0	0	0	0	0	0	0	0	0	0	0	0	0	0	0	0	0	0	15	0	0	0	26	20	5	0	0	0	0	0	0	0	0	0	0	0	0	0	0	0	0	0	0	0	0	0	0	0	0	0	0	5	0	67	60	25	2
335	323	43	35	25	311	20	11	16	43	35	25	13	0	5	25	105	89	75	5	299	20	11	5	20	11	16	13	0	5	0	53	33	48	0	43	35	25	0	0	0	14	0	0	0	2	13	0	5	25	105	89	75	5	287	20	11	0	20	11	5	13	0	3	0	53	33	15	0	20	11	16	0	0	0	0	0	0	0	0	13	0	5	0	53	33	48	0	43	35	25	0	0	0	0	0	0	0	0	0	0	0	14	0	0	0	2	13	0	5	25	105	89	75	5	275	20	11	0	20	11	0	13	0	0	0	53	33	0	0	20	11	5	0	0	0	0	0	0	0	0	13	0	3	0	53	33	15	0	20	11	16	0	0	0	0	0	0	0	0	0	0	0	0	0	0	0	0	13	0	5	0	53	33	48	0	43	35	25	0	0	0	0	0	0	0	0	0	0	0	0	0	0	0	0	0	0	0	14	0	0	0	2	13	0	5	25	105	89	75	5
334	322	38	39	17	310	12	11	0	38	39	17	12	0	0	0	94	117	68	24	298	12	11	0	12	11	0	12	0	0	0	35	33	0	0	38	39	17	0	0	0	0	0	0	0	0	12	0	0	0	94	117	68	24	286	12	11	0	12	11	0	12	0	0	0	35	33	0	0	12	11	0	0	0	0	0	0	0	0	0	12	0	0	0	35	33	0	0	38	39	17	0	0	0	0	0	0	0	0	0	0	0	0	0	0	0	0	12	0	0	0	94	117	68	24	274	12	11	0	12	11	0	12	0	0	0	35	33	0	0	12	11	0	0	0	0	0	0	0	0	0	12	0	0	0	35	33	0	0	12	11	0	0	0	0	0	0	0	0	0	0	0	0	0	0	0	0	0	12	0	0	0	35	33	0	0	38	39	17	0	0	0	0	0	0	0	0	0	0	0	0	0	0	0	0	0	0	0	0	0	0	0	0	12	0	0	0	94	117	68	24
202	195	17	6	10	188	2	0	0	17	6	10	0	0	0	0	45	6	10	12	181	2	0	0	2	0	0	0	0	0	0	6	0	0	0	17	6	10	0	0	0	0	0	0	0	0	0	0	0	0	45	6	10	12	174	2	0	0	2	0	0	0	0	0	0	6	0	0	0	2	0	0	0	0	0	0	0	0	0	0	0	0	0	0	6	0	0	0	17	6	10	0	0	0	0	0	0	0	0	0	0	0	0	0	0	0	0	0	0	0	0	45	6	10	12	167	2	0	0	2	0	0	0	0	0	0	6	0	0	0	2	0	0	0	0	0	0	0	0	0	0	0	0	0	0	6	0	0	0	2	0	0	0	0	0	0	0	0	0	0	0	0	0	0	0	0	0	0	0	0	0	0	6	0	0	0	17	6	10	0	0	0	0	0	0	0	0	0	0	0	0	0	0	0	0	0	0	0	0	0	0	0	0	0	0	0	0	45	6	10	12
201	194	23	10	4	187	7	0	0	23	10	4	6	0	0	0	62	15	8	5	180	7	0	0	7	0	0	6	0	0	0	23	0	0	0	23	10	4	0	0	0	0	0	0	0	0	6	0	0	0	62	15	8	5	173	7	0	0	7	0	0	6	0	0	0	23	0	0	0	7	0	0	0	0	0	0	0	0	0	0	6	0	0	0	23	0	0	0	23	10	4	0	0	0	0	0	0	0	0	0	0	0	0	0	0	0	0	6	0	0	0	62	15	8	5	166	7	0	0	7	0	0	6	0	0	0	23	0	0	0	7	0	0	0	0	0	0	0	0	0	0	6	0	0	0	23	0	0	0	7	0	0	0	0	0	0	0	0	0	0	0	0	0	0	0	0	0	0	6	0	0	0	23	0	0	0	23	10	4	0	0	0	0	0	0	0	0	0	0	0	0	0	0	0	0	0	0	0	0	0	0	0	0	6	0	0	0	62	15	8	5
285	275	40	25	4	265	13	0	0	40	25	4	12	0	0	0	98	85	20	5	255	13	0	0	13	0	0	12	0	0	0	36	0	0	0	40	25	4	0	0	0	0	0	0	0	0	12	0	0	0	98	85	20	5	245	13	0	0	13	0	0	12	0	0	0	36	0	0	0	13	0	0	0	0	0	0	0	0	0	0	12	0	0	0	36	0	0	0	40	25	4	0	0	0	0	1	0	0	0	0	0	0	0	0	0	0	0	12	0	0	0	98	85	20	5	235	13	0	0	13	0	0	12	0	0	0	36	0	0	0	13	0	0	0	0	0	0	0	0	0	0	12	0	0	0	36	0	0	0	13	0	0	0	0	0	0	1	0	0	0	0	0	0	0	0	0	0	0	12	0	0	0	36	0	0	0	40	25	4	0	0	0	0	0	0	0	0	0	0	0	0	1	0	0	0	0	0	0	0	0	0	0	0	12	0	0	0	98	85	20	5
460	443	73	71	52	426	38	16	47	73	71	52	30	0	69	0	171	170	260	4	409	37	16	47	38	16	47	27	0	69	0	96	16	235	0	73	71	52	3	0	13	0	2	0	0	0	30	0	69	0	171	170	260	4	392	36	16	47	37	16	47	27	0	69	0	93	16	235	0	38	16	47	2	0	13	0	0	0	0	0	27	0	69	0	96	16	235	0	73	71	52	1	0	0	0	9	16	0	0	3	0	13	0	2	0	0	0	30	0	69	0	171	170	260	4	375	36	16	36	36	16	47	27	0	69	0	92	16	235	0	37	16	47	2	0	13	0	0	0	0	0	27	0	69	0	93	16	235	0	38	16	47	1	0	0	0	9	16	0	0	2	0	13	0	0	0	0	0	27	0	69	0	96	16	235	0	73	71	52	16	0	0	12	5	0	0	37	1	0	0	0	9	16	0	0	3	0	13	0	2	0	0	0	30	0	69	0	171	170	260	4
415	400	64	50	52	385	32	0	40	64	50	52	31	0	70	0	156	140	260	21	370	29	0	40	32	0	40	24	0	70	0	79	0	200	0	64	50	52	1	0	39	0	0	0	0	0	31	0	70	0	156	140	260	21	355	29	0	40	29	0	40	24	0	70	0	71	0	200	0	32	0	40	1	0	39	0	0	0	0	0	24	0	70	0	79	0	200	0	64	50	52	0	0	0	0	8	0	0	0	1	0	39	0	0	0	0	0	31	0	70	0	156	140	260	21	340	29	0	40	29	0	40	24	0	70	0	71	0	200	0	29	0	40	1	0	39	0	0	0	0	0	24	0	70	0	71	0	200	0	32	0	40	0	0	0	0	8	0	0	0	1	0	39	0	0	0	0	0	24	0	70	0	79	0	200	0	64	50	52	15	0	0	0	4	0	0	0	0	0	0	0	8	0	0	0	1	0	39	0	0	0	0	0	31	0	70	0	156	140	260	21
307	296	34	10	36	285	17	0	5	34	10	36	16	0	5	0	89	0	36	60	274	17	0	5	17	0	5	16	0	5	0	46	0	5	16	34	10	36	1	0	0	0	0	0	0	0	16	0	5	0	89	0	36	60	263	17	0	5	17	0	5	16	0	5	0	46	0	5	5	17	0	5	1	0	0	0	0	0	0	0	16	0	5	0	46	0	5	16	34	10	36	0	0	0	0	2	0	0	0	1	0	0	0	0	0	0	0	16	0	5	0	89	0	36	60	252	17	0	5	17	0	5	16	0	5	0	46	0	5	0	17	0	5	1	0	0	0	0	0	0	0	16	0	5	0	46	0	5	5	17	0	5	0	0	0	0	2	0	0	0	1	0	0	0	0	0	0	0	16	0	5	0	46	0	5	16	34	10	36	0	0	0	0	0	0	0	0	0	0	0	0	2	0	0	0	1	0	0	0	0	0	0	0	16	0	5	0	89	0	36	60
483	464	74	100	45	445	37	70	19	74	100	45	26	84	14	5	178	277	90	50	426	37	70	19	37	70	19	26	84	14	5	98	238	38	16	74	100	45	4	0	0	0	3	0	0	0	26	84	14	5	178	277	90	50	407	37	70	16	37	70	19	26	84	14	3	98	238	38	5	37	70	19	4	0	0	0	3	0	0	0	26	84	14	5	98	238	38	16	74	100	45	1	0	0	10	11	0	0	0	4	0	0	0	3	0	0	0	26	84	14	5	178	277	90	50	388	37	70	0	37	70	16	26	84	13	0	98	238	32	0	37	70	19	4	0	0	0	3	0	0	0	26	84	14	3	98	238	38	5	37	70	19	1	0	0	0	5	0	0	0	4	0	0	0	3	0	0	0	26	84	14	5	98	238	38	16	74	100	45	1	0	0	0	1	0	0	37	1	0	0	10	11	0	0	0	4	0	0	0	3	0	0	0	26	84	14	5	178	277	90	50
397	381	54	89	20	365	20	55	0	54	89	20	18	66	0	0	127	204	80	46	349	20	55	0	20	55	0	18	66	0	0	55	132	0	16	54	89	20	1	0	0	0	0	0	0	0	18	66	0	0	127	204	80	46	333	20	55	0	20	55	0	18	66	0	0	55	132	0	5	20	55	0	1	0	0	0	0	0	0	0	18	66	0	0	55	132	0	16	54	89	20	0	0	0	0	8	0	0	0	1	0	0	0	0	0	0	0	18	66	0	0	127	204	80	46	317	20	55	0	20	55	0	18	66	0	0	55	132	0	0	20	55	0	1	0	0	0	0	0	0	0	18	66	0	0	55	132	0	5	20	55	0	0	0	0	0	4	0	0	0	1	0	0	0	0	0	0	0	18	66	0	0	55	132	0	16	54	89	20	0	0	0	0	1	0	0	0	0	0	0	0	8	0	0	0	1	0	0	0	0	0	0	0	18	66	0	0	127	204	80	46
450	432	68	61	93	414	43	57	35	68	61	93	29	58	15	57	164	148	0	205	396	43	56	35	43	57	35	29	56	13	57	107	141	0	111	68	61	93	4	14	0	0	5	0	0	0	29	58	15	57	164	148	0	205	378	42	56	35	43	56	35	29	56	13	57	107	140	0	111	43	57	35	3	14	0	0	3	0	0	0	29	56	13	57	107	141	0	111	68	61	93	1	0	0	0	16	17	0	0	4	14	0	0	5	0	0	0	29	58	15	57	164	148	0	205	360	42	56	34	42	56	35	29	56	13	56	106	140	0	108	43	56	35	3	14	0	0	3	0	0	0	29	56	13	57	107	140	0	111	43	57	35	1	0	0	0	10	15	0	0	3	14	0	0	3	0	0	0	29	56	13	57	107	141	0	111	68	61	93	16	0	0	4	5	0	0	0	1	0	0	0	16	17	0	0	4	14	0	0	5	0	0	0	29	58	15	57	164	148	0	205
321	309	45	27	57	297	25	0	26	45	27	57	18	0	43	39	104	54	171	124	285	25	0	26	25	0	26	18	0	39	39	60	0	78	87	45	27	57	1	0	0	0	4	0	0	0	18	0	43	39	104	54	171	124	273	25	0	26	25	0	26	18	0	39	39	60	0	78	87	25	0	26	1	0	0	0	0	0	0	0	18	0	39	39	60	0	78	87	45	27	57	0	0	0	0	12	0	0	0	1	0	0	0	4	0	0	0	18	0	43	39	104	54	171	124	261	25	0	26	25	0	26	18	0	39	39	60	0	78	87	25	0	26	1	0	0	0	0	0	0	0	18	0	39	39	60	0	78	87	25	0	26	0	0	0	0	11	0	0	0	1	0	0	0	0	0	0	0	18	0	39	39	60	0	78	87	45	27	57	15	0	0	0	4	0	0	0	0	0	0	0	12	0	0	0	1	0	0	0	4	0	0	0	18	0	43	39	104	54	171	124
445	428	64	64	81	411	37	16	46	64	64	81	20	0	64	62	139	136	324	124	394	37	16	46	37	16	46	20	0	60	62	83	16	184	87	64	64	81	2	0	0	0	11	0	0	0	20	0	64	62	139	136	324	124	377	36	16	46	37	16	46	20	0	60	62	83	16	184	87	37	16	46	1	0	0	0	1	0	0	0	20	0	60	62	83	16	184	87	64	64	81	4	0	0	0	21	16	0	0	2	0	0	0	11	0	0	0	20	0	64	62	139	136	324	124	360	35	16	46	36	16	46	20	0	60	62	82	16	184	87	37	16	46	1	0	0	0	1	0	0	0	20	0	60	62	83	16	184	87	37	16	46	0	0	0	0	19	16	0	0	1	0	0	0	1	0	0	0	20	0	60	62	83	16	184	87	64	64	81	30	0	0	0	7	12	0	0	4	0	0	0	21	16	0	0	2	0	0	0	11	0	0	0	20	0	64	62	139	136	324	124
463	444	103	127	37	425	62	87	16	103	127	37	36	0	48	0	204	293	185	104	406	60	87	16	62	87	16	30	0	48	0	115	173	80	87	101	127	37	19	0	18	0	28	0	0	0	36	0	48	0	204	293	185	104	387	56	87	16	60	87	16	30	0	48	0	111	173	80	87	60	87	16	3	0	18	0	4	0	0	0	30	0	48	0	115	173	80	87	101	127	37	36	0	0	0	34	64	0	0	19	0	18	0	28	0	0	0	36	0	48	0	204	293	185	104	368	52	72	16	56	87	16	30	0	48	0	109	173	80	87	58	87	16	1	0	18	0	1	0	0	0	30	0	48	0	111	173	80	87	60	87	16	28	0	0	0	30	64	0	0	3	0	18	0	4	0	0	0	30	0	48	0	115	173	80	87	100	127	37	36	120	9	0	8	34	0	0	36	0	0	0	34	64	0	0	19	0	18	0	28	0	0	0	36	0	48	0	201	293	185	104
374	358	56	84	40	342	25	60	0	56	84	40	16	80	0	0	133	204	80	169	326	25	60	0	25	60	0	16	80	0	0	62	160	0	106	56	84	40	2	0	0	0	7	0	0	0	16	80	0	0	133	204	80	169	310	24	60	0	25	60	0	16	80	0	0	62	160	0	106	25	60	0	1	0	0	0	0	0	0	0	16	80	0	0	62	160	0	106	56	84	40	0	0	0	0	23	14	0	0	2	0	0	0	7	0	0	0	16	80	0	0	133	204	80	169	294	24	60	0	24	60	0	16	80	0	0	61	160	0	103	25	60	0	1	0	0	0	0	0	0	0	16	80	0	0	62	160	0	106	25	60	0	0	0	0	0	10	10	0	0	1	0	0	0	0	0	0	0	16	80	0	0	62	160	0	106	56	84	40	15	0	0	0	4	0	0	0	0	0	0	0	23	14	0	0	2	0	0	0	7	0	0	0	16	80	0	0	133	204	80	169
517	497	64	51	164	477	39	0	127	64	51	164	23	0	86	96	111	85	492	175	457	35	0	124	39	0	127	13	0	84	88	71	0	381	88	64	51	164	5	0	10	39	17	51	0	0	23	0	86	96	111	85	492	175	437	32	0	124	35	0	124	11	0	84	88	65	0	372	88	39	0	127	0	0	10	39	2	0	0	0	13	0	84	88	71	0	381	88	64	51	164	10	0	21	0	22	17	0	0	5	0	10	39	17	51	0	0	23	0	86	96	111	85	492	175	417	16	0	124	32	0	124	4	0	84	88	61	0	372	88	35	0	124	0	0	10	39	2	0	0	0	11	0	84	88	65	0	372	88	39	0	127	0	0	20	0	19	0	0	0	0	0	10	39	2	0	0	0	13	0	84	88	71	0	381	88	62	51	164	0	0	143	0	8	0	0	0	10	0	21	0	22	17	0	0	5	0	10	39	17	51	0	0	23	0	86	96	107	85	492	175
310	298	36	20	63	286	19	0	24	36	20	63	10	0	20	28	75	20	126	215	274	18	0	23	19	0	24	9	0	20	26	47	0	48	88	36	20	63	0	0	0	13	13	10	0	0	10	0	20	28	75	20	126	215	262	18	0	23	18	0	23	9	0	20	26	46	0	46	88	19	0	24	0	0	0	13	1	0	0	0	9	0	20	26	47	0	48	88	36	20	63	4	0	0	0	15	0	0	0	0	0	0	13	13	10	0	0	10	0	20	28	75	20	126	215	250	14	0	23	18	0	23	9	0	20	26	46	0	46	88	18	0	23	0	0	0	13	1	0	0	0	9	0	20	26	46	0	46	88	19	0	24	0	0	0	0	12	0	0	0	0	0	0	13	1	0	0	0	9	0	20	26	47	0	48	88	36	20	63	0	0	24	0	2	0	0	0	4	0	0	0	15	0	0	0	0	0	0	13	13	10	0	0	10	0	20	28	75	20	126	215
307	295	46	35	28	283	23	0	19	46	35	28	16	0	40	9	86	63	140	37	271	19	0	19	23	0	19	7	0	38	9	47	0	95	16	46	35	28	5	0	0	0	14	28	0	0	16	0	40	9	86	63	140	37	259	17	0	19	19	0	19	5	0	38	9	42	0	95	16	23	0	19	0	0	0	0	2	0	0	0	7	0	38	9	47	0	95	16	46	35	28	10	0	10	0	16	7	0	0	5	0	0	0	14	28	0	0	16	0	40	9	86	63	140	37	247	10	0	19	17	0	19	2	0	38	9	40	0	95	16	19	0	19	0	0	0	0	2	0	0	0	5	0	38	9	42	0	95	16	23	0	19	0	0	9	0	13	0	0	0	0	0	0	0	2	0	0	0	7	0	38	9	47	0	95	16	46	35	28	0	0	54	0	3	0	0	0	10	0	10	0	16	7	0	0	5	0	0	0	14	28	0	0	16	0	40	9	86	63	140	37
363	348	70	71	39	333	41	38	16	70	71	39	25	13	20	23	116	177	156	118	318	36	38	16	41	38	16	12	13	18	23	62	117	64	62	68	71	39	25	0	0	0	17	46	0	0	25	13	20	23	116	177	156	118	303	31	34	16	36	38	16	10	13	18	23	57	117	64	62	39	38	16	5	0	0	0	2	13	0	0	12	13	18	23	62	117	64	62	68	71	39	10	32	10	0	22	47	0	0	25	0	0	0	17	46	0	0	25	13	20	23	116	177	156	118	288	20	26	16	31	34	16	7	13	18	23	54	117	64	62	34	38	16	5	0	0	0	2	13	0	0	10	13	18	23	57	117	64	62	39	38	16	4	0	9	0	19	39	0	0	5	0	0	0	2	13	0	0	12	13	18	23	62	117	64	62	68	71	39	0	0	99	0	6	0	39	0	10	32	10	0	22	47	0	0	25	0	0	0	17	46	0	0	25	13	20	23	116	177	156	118
293	281	52	29	46	269	28	20	7	52	29	46	9	0	0	14	98	99	46	215	257	28	20	7	28	20	7	9	0	0	14	48	90	7	88	50	29	46	15	0	0	0	21	0	0	0	9	0	0	14	98	99	46	215	245	25	20	7	28	20	7	9	0	0	14	48	90	7	88	26	20	7	0	0	0	0	1	0	0	0	9	0	0	14	48	90	7	88	50	29	46	4	0	0	0	17	30	0	0	15	0	0	0	21	0	0	0	9	0	0	14	98	99	46	215	233	16	20	7	25	20	7	9	0	0	14	47	90	7	88	26	20	7	0	0	0	0	1	0	0	0	9	0	0	14	48	90	7	88	26	20	7	0	0	0	0	14	30	0	0	0	0	0	0	1	0	0	0	9	0	0	14	48	90	7	88	50	29	46	0	0	69	0	5	0	0	0	4	0	0	0	17	30	0	0	15	0	0	0	21	0	0	0	9	0	0	14	98	99	46	215
422	405	43	31	125	388	30	15	75	43	31	125	33	15	21	86	60	46	125	294	371	19	0	74	30	15	75	21	0	20	83	39	15	75	186	43	31	125	4	0	86	9	2	0	125	0	33	15	21	86	60	46	125	294	354	11	0	74	19	0	74	6	0	20	83	27	0	74	182	30	15	75	0	0	83	9	2	0	75	0	21	0	20	83	39	15	75	186	43	31	125	0	0	79	0	6	0	0	0	4	0	86	9	2	0	125	0	33	15	21	86	60	46	125	294	337	11	0	74	11	0	74	6	0	20	83	27	0	74	182	19	0	74	0	0	82	9	2	0	74	0	6	0	20	83	27	0	74	182	30	15	75	0	0	62	0	6	0	0	0	0	0	83	9	2	0	75	0	21	0	20	83	39	15	75	186	41	31	125	0	0	0	0	1	0	0	0	0	0	79	0	6	0	0	0	4	0	86	9	2	0	125	0	33	15	21	86	56	46	125	294
324	311	23	12	83	298	12	0	28	23	12	83	13	0	11	40	48	24	83	340	285	8	0	28	12	0	28	4	0	10	40	29	0	28	193	23	12	83	3	0	0	0	2	0	0	0	13	0	11	40	48	24	83	340	272	6	0	28	8	0	28	2	0	10	40	24	0	28	189	12	0	28	0	0	0	0	2	0	0	0	4	0	10	40	29	0	28	193	23	12	83	0	0	8	0	6	0	0	0	3	0	0	0	2	0	0	0	13	0	11	40	48	24	83	340	259	6	0	28	6	0	28	2	0	10	40	24	0	28	189	8	0	28	0	0	0	0	2	0	0	0	2	0	10	40	24	0	28	189	12	0	28	0	0	0	0	6	0	0	0	0	0	0	0	2	0	0	0	4	0	10	40	29	0	28	193	23	12	83	0	0	0	0	0	0	0	0	0	0	8	0	6	0	0	0	3	0	0	0	2	0	0	0	13	0	11	40	48	24	83	340
223	214	19	14	26	205	7	0	18	19	14	26	12	0	11	10	29	28	52	28	196	3	0	18	7	0	18	3	0	10	10	11	0	36	19	19	14	26	3	0	0	0	1	0	0	0	12	0	11	10	29	28	52	28	187	2	0	18	3	0	18	1	0	10	10	6	0	36	19	7	0	18	0	0	0	0	1	0	0	0	3	0	10	10	11	0	36	19	19	14	26	0	0	0	0	0	0	0	0	3	0	0	0	1	0	0	0	12	0	11	10	29	28	52	28	178	2	0	18	2	0	18	1	0	10	10	6	0	36	19	3	0	18	0	0	0	0	1	0	0	0	1	0	10	10	6	0	36	19	7	0	18	0	0	0	0	0	0	0	0	0	0	0	0	1	0	0	0	3	0	10	10	11	0	36	19	19	14	26	0	0	0	0	0	0	0	0	0	0	0	0	0	0	0	0	3	0	0	0	1	0	0	0	12	0	11	10	29	28	52	28
396	379	58	96	55	362	36	60	20	58	96	55	34	93	10	30	68	182	165	231	345	28	39	19	36	60	20	23	33	10	27	46	117	60	162	57	96	55	6	27	53	9	2	15	110	0	34	93	10	30	68	182	165	231	328	23	30	19	28	39	19	16	15	10	27	39	90	57	159	35	60	20	5	0	50	9	2	15	40	0	23	33	10	27	46	117	60	162	55	96	55	4	0	57	0	9	0	55	0	6	27	53	9	2	15	110	0	34	93	10	30	64	182	165	231	311	23	30	19	23	30	19	16	15	10	27	39	90	57	159	27	39	19	5	0	49	9	2	15	38	0	16	15	10	27	39	90	57	159	33	60	20	4	0	40	0	9	0	20	0	5	0	50	9	2	15	40	0	23	33	10	27	42	117	60	162	54	96	55	0	0	0	0	1	0	0	0	4	0	57	0	9	0	55	0	6	27	53	9	2	15	110	0	32	93	10	30	61	182	165	231
221	212	25	20	15	203	13	6	0	25	20	15	15	12	0	0	38	32	30	67	194	10	0	0	13	6	0	8	0	0	0	22	6	0	35	25	20	15	3	0	0	0	2	0	15	0	15	12	0	0	38	32	30	67	185	8	0	0	10	0	0	6	0	0	0	18	0	0	35	13	6	0	0	0	0	0	2	0	0	0	8	0	0	0	22	6	0	35	25	20	15	0	0	8	0	3	0	0	0	3	0	0	0	2	0	15	0	15	12	0	0	38	32	30	67	176	8	0	0	8	0	0	6	0	0	0	18	0	0	35	10	0	0	0	0	0	0	2	0	0	0	6	0	0	0	18	0	0	35	13	6	0	0	0	0	0	3	0	0	0	0	0	0	0	2	0	0	0	8	0	0	0	22	6	0	35	25	20	15	0	0	0	0	0	0	0	0	0	0	8	0	3	0	0	0	3	0	0	0	2	0	15	0	15	12	0	0	38	32	30	67
358	343	26	26	123	328	10	0	69	26	26	123	11	0	114	53	21	13	246	304	313	8	0	68	10	0	69	5	0	67	50	11	0	138	141	26	26	123	0	0	21	10	1	0	0	0	11	0	114	53	21	13	246	304	298	8	0	68	8	0	68	5	0	67	50	11	0	136	139	10	0	69	0	0	10	10	1	0	0	0	5	0	67	50	11	0	138	141	26	26	123	0	0	0	0	0	0	0	0	0	0	21	10	1	0	0	0	11	0	114	53	21	13	246	304	283	8	0	68	8	0	68	5	0	67	50	11	0	136	139	8	0	68	0	0	10	10	1	0	0	0	5	0	67	50	11	0	136	139	10	0	69	0	0	0	0	0	0	0	0	0	0	10	10	1	0	0	0	5	0	67	50	11	0	138	141	26	26	123	0	0	0	0	0	0	0	0	0	0	0	0	0	0	0	0	0	0	21	10	1	0	0	0	11	0	114	53	21	13	246	304
214	205	22	14	29	196	9	0	7	22	14	29	7	0	31	0	18	7	58	96	187	8	0	7	9	0	7	5	0	7	0	11	0	14	38	22	14	29	0	0	9	0	1	0	0	0	7	0	31	0	18	7	58	96	178	8	0	7	8	0	7	5	0	7	0	11	0	14	37	9	0	7	0	0	0	0	1	0	0	0	5	0	7	0	11	0	14	38	22	14	29	0	0	0	0	0	0	0	0	0	0	9	0	1	0	0	0	7	0	31	0	18	7	58	96	169	8	0	7	8	0	7	5	0	7	0	11	0	14	37	8	0	7	0	0	0	0	1	0	0	0	5	0	7	0	11	0	14	37	9	0	7	0	0	0	0	0	0	0	0	0	0	0	0	1	0	0	0	5	0	7	0	11	0	14	38	22	14	29	0	0	0	0	0	0	0	0	0	0	0	0	0	0	0	0	0	0	9	0	1	0	0	0	7	0	31	0	18	7	58	96
212	203	19	20	17	194	8	0	17	19	20	17	5	0	27	0	8	5	68	0	185	8	0	17	8	0	17	5	0	27	0	6	0	68	0	19	20	17	0	0	0	0	0	0	0	0	5	0	27	0	8	5	68	0	176	8	0	17	8	0	17	5	0	27	0	6	0	68	0	8	0	17	0	0	0	0	0	0	0	0	5	0	27	0	6	0	68	0	19	20	17	0	0	0	0	0	0	0	0	0	0	0	0	0	0	0	0	5	0	27	0	8	5	68	0	167	8	0	17	8	0	17	5	0	27	0	6	0	68	0	8	0	17	0	0	0	0	0	0	0	0	5	0	27	0	6	0	68	0	8	0	17	0	0	0	0	0	0	0	0	0	0	0	0	0	0	0	0	5	0	27	0	6	0	68	0	19	20	17	0	0	0	0	0	0	0	0	0	0	0	0	0	0	0	0	0	0	0	0	0	0	0	0	5	0	27	0	8	5	68	0
181	173	23	17	9	165	8	7	0	23	17	9	7	0	18	0	16	12	18	55	157	7	7	0	8	7	0	5	0	0	0	10	7	0	20	23	17	9	0	0	9	0	1	0	0	0	7	0	18	0	16	12	18	55	149	7	7	0	7	7	0	5	0	0	0	10	7	0	19	8	7	0	0	0	0	0	1	0	0	0	5	0	0	0	10	7	0	20	23	17	9	0	0	0	0	0	0	0	0	0	0	9	0	1	0	0	0	7	0	18	0	16	12	18	55	141	7	7	0	7	7	0	5	0	0	0	10	7	0	19	7	7	0	0	0	0	0	1	0	0	0	5	0	0	0	10	7	0	19	8	7	0	0	0	0	0	0	0	0	0	0	0	0	0	1	0	0	0	5	0	0	0	10	7	0	20	23	17	9	0	0	0	0	0	0	0	0	0	0	0	0	0	0	0	0	0	0	9	0	1	0	0	0	7	0	18	0	16	12	18	55
117	112	10	6	0	107	4	0	0	10	6	0	1	0	0	0	5	0	0	0	102	4	0	0	4	0	0	1	0	0	0	3	0	0	0	10	6	0	0	0	0	0	0	0	0	0	1	0	0	0	5	0	0	0	97	4	0	0	4	0	0	1	0	0	0	3	0	0	0	4	0	0	0	0	0	0	0	0	0	0	1	0	0	0	3	0	0	0	10	6	0	0	0	0	0	0	0	0	0	0	0	0	0	0	0	0	0	1	0	0	0	5	0	0	0	92	4	0	0	4	0	0	1	0	0	0	3	0	0	0	4	0	0	0	0	0	0	0	0	0	0	1	0	0	0	3	0	0	0	4	0	0	0	0	0	0	0	0	0	0	0	0	0	0	0	0	0	0	1	0	0	0	3	0	0	0	10	6	0	0	0	0	0	0	0	0	0	0	0	0	0	0	0	0	0	0	0	0	0	0	0	0	0	1	0	0	0	5	0	0	0
314	300	13	13	89	286	10	13	51	13	13	89	7	0	13	53	10	13	0	178	272	10	13	49	10	13	51	7	0	12	51	10	13	0	93	13	13	89	0	0	0	20	0	0	0	0	7	0	13	53	10	13	0	178	258	10	13	49	10	13	49	7	0	10	51	10	13	0	92	10	13	51	0	0	0	20	0	0	0	0	7	0	12	51	10	13	0	93	12	13	89	0	0	0	0	0	0	0	0	0	0	0	20	0	0	0	0	7	0	13	53	10	13	0	178	244	10	13	49	10	13	49	7	0	10	51	10	13	0	92	10	13	49	0	0	0	20	0	0	0	0	7	0	10	51	10	13	0	92	9	13	51	0	0	0	0	0	0	0	0	0	0	0	20	0	0	0	0	7	0	12	51	10	13	0	93	10	13	89	0	0	0	0	0	0	0	0	0	0	0	0	0	0	0	0	0	0	0	20	0	0	0	0	5	0	13	53	5	13	0	178
161	154	6	0	41	147	6	0	32	6	0	41	3	0	0	20	7	0	0	17	140	6	0	32	6	0	32	3	0	0	20	7	0	0	17	6	0	41	0	0	0	0	0	0	0	0	3	0	0	20	7	0	0	17	133	6	0	32	6	0	32	3	0	0	20	7	0	0	17	6	0	32	0	0	0	0	0	0	0	0	3	0	0	20	7	0	0	17	5	0	41	0	0	0	0	0	0	0	0	0	0	0	0	0	0	0	0	3	0	0	20	7	0	0	17	126	6	0	32	6	0	32	3	0	0	20	7	0	0	17	6	0	32	0	0	0	0	0	0	0	0	3	0	0	20	7	0	0	17	5	0	32	0	0	0	0	0	0	0	0	0	0	0	0	0	0	0	0	3	0	0	20	7	0	0	17	3	0	41	0	0	0	0	0	0	0	0	0	0	0	0	0	0	0	0	0	0	0	0	0	0	0	0	1	0	0	20	2	0	0	17
259	247	30	21	54	235	23	20	46	30	21	54	19	10	37	12	31	10	0	17	223	23	20	43	23	20	46	19	10	36	10	31	10	0	17	28	21	54	0	0	0	31	0	0	0	0	19	10	37	12	31	10	0	17	211	23	20	43	23	20	43	19	10	32	10	31	10	0	17	21	20	46	0	0	0	31	0	0	0	0	19	10	36	10	31	10	0	17	21	21	54	0	0	0	0	0	0	0	0	0	0	0	31	0	0	0	0	11	10	37	12	18	10	0	17	199	23	20	43	23	20	43	19	10	32	10	31	10	0	17	21	20	43	0	0	0	31	0	0	0	0	19	10	32	10	31	10	0	17	14	20	46	0	0	0	0	0	0	0	0	0	0	0	31	0	0	0	0	11	10	36	10	18	10	0	17	16	21	54	0	0	0	0	0	0	0	0	0	0	0	0	0	0	0	0	0	0	0	31	0	0	0	0	7	10	37	12	6	10	0	17
402	383	46	78	113	364	37	60	76	46	78	113	29	60	49	66	57	45	113	178	345	37	60	43	37	60	76	29	60	45	10	57	45	76	93	40	78	113	5	0	0	31	2	0	0	195	29	60	49	66	57	45	113	178	326	37	60	43	37	60	43	29	60	32	10	57	45	43	92	31	60	76	5	0	0	31	2	0	0	95	29	60	45	10	57	45	76	93	31	78	113	4	0	0	0	3	0	0	0	5	0	0	31	2	0	0	195	15	60	49	66	35	45	113	178	307	37	60	43	37	60	43	29	60	32	10	57	45	43	92	31	60	43	5	0	0	31	2	0	0	93	29	60	32	10	57	45	43	92	22	60	76	4	0	0	0	3	0	0	0	5	0	0	31	2	0	0	95	15	60	45	10	35	45	76	93	26	78	113	0	0	0	0	0	0	0	0	4	0	0	0	3	0	0	0	5	0	0	31	2	0	0	195	11	60	49	66	23	45	113	178
295	278	76	103	77	261	55	82	73	76	103	77	47	58	142	39	115	122	154	0	244	55	82	59	55	82	73	47	58	138	10	107	118	146	0	61	103	77	17	0	0	57	3	0	0	55	47	58	142	39	107	122	154	0	229	55	82	55	55	82	59	47	58	119	10	107	118	118	0	44	82	73	17	0	0	51	3	0	0	20	47	58	138	10	102	118	146	0	49	73	77	19	0	0	41	11	0	0	0	17	0	0	57	3	0	0	55	23	58	142	39	76	62	154	0	215	55	82	54	55	82	55	47	58	106	10	107	118	110	0	44	82	59	17	0	0	49	3	0	0	19	47	58	119	10	102	118	118	0	35	54	73	19	0	0	38	11	0	0	0	17	0	0	51	3	0	0	20	23	58	138	10	75	62	146	0	40	59	77	0	0	0	9	3	0	0	0	19	0	0	41	10	0	0	0	7	0	0	57	2	0	0	55	17	30	142	39	53	20	154	0
349	330	118	122	81	311	102	105	80	109	122	81	85	89	0	12	241	187	81	0	292	100	105	80	93	105	80	85	89	0	12	217	186	80	0	92	122	81	28	0	0	0	11	20	0	0	66	89	0	12	214	187	81	0	273	96	101	80	91	105	80	83	89	0	12	212	186	80	0	76	105	80	24	0	0	0	4	0	0	0	66	89	0	12	190	186	80	0	90	122	81	49	46	7	0	34	22	0	0	28	0	0	0	11	20	0	0	56	89	0	12	205	187	81	0	254	91	85	71	87	101	80	80	82	0	11	200	179	80	0	74	105	80	22	0	0	0	4	0	0	0	64	89	0	12	185	186	80	0	74	105	80	46	33	7	0	27	11	0	0	24	0	0	0	4	0	0	0	56	89	0	12	181	186	80	0	78	122	81	38	67	20	78	10	10	81	0	47	46	7	0	31	22	0	0	15	0	0	0	8	20	0	0	52	89	0	12	174	187	81	0
346	328	85	92	121	310	73	86	88	84	92	121	58	75	0	139	153	143	0	190	292	72	81	84	72	86	88	54	70	0	129	134	136	0	149	67	92	121	27	59	0	39	7	12	0	0	54	75	0	139	143	143	0	190	274	69	77	66	71	81	84	54	66	0	98	134	133	0	102	55	86	88	12	55	0	10	3	11	0	0	50	70	0	129	124	136	0	149	57	92	121	24	44	0	89	21	33	0	55	27	59	0	39	7	12	0	0	30	75	0	139	112	143	0	190	256	68	77	51	68	77	66	54	66	0	94	133	132	0	98	54	81	84	12	55	0	10	3	11	0	0	50	66	0	98	124	133	0	102	45	86	88	24	44	0	51	21	33	0	20	12	55	0	10	3	11	0	0	26	70	0	129	93	136	0	149	49	92	121	6	0	0	68	0	0	0	39	24	44	0	89	20	33	0	55	17	59	0	39	6	12	0	0	24	75	0	139	91	143	0	190
333	314	105	115	90	295	86	114	77	102	115	90	75	17	0	63	196	247	0	77	276	86	114	77	83	114	77	75	17	0	63	164	244	0	73	83	115	90	37	0	0	0	12	0	0	0	65	17	0	63	181	247	0	77	257	82	104	74	83	114	77	75	17	0	58	164	244	0	59	64	114	77	21	0	0	0	3	0	0	0	65	17	0	63	149	244	0	73	70	115	90	36	100	0	37	26	40	0	0	37	0	0	0	12	0	0	0	41	17	0	63	146	247	0	77	239	79	104	62	79	104	74	75	17	0	54	162	236	0	55	64	114	77	21	0	0	0	3	0	0	0	65	17	0	58	149	244	0	59	54	114	77	35	100	0	31	24	40	0	0	21	0	0	0	3	0	0	0	41	17	0	63	118	244	0	73	57	97	90	23	0	13	108	6	0	0	0	34	100	0	37	23	40	0	0	24	0	0	0	9	0	0	0	35	17	0	63	112	193	0	77
300	284	103	86	54	268	84	80	52	97	86	54	63	60	0	27	189	144	0	0	252	84	80	52	78	80	52	63	60	0	27	160	136	0	0	78	86	54	46	0	0	0	17	0	0	0	47	60	0	27	165	144	0	0	236	77	71	50	78	80	52	63	60	0	25	160	136	0	0	59	80	52	23	0	0	0	3	0	0	0	47	60	0	27	136	136	0	0	76	86	54	46	81	0	26	31	54	0	0	46	0	0	0	17	0	0	0	37	60	0	27	156	144	0	0	220	75	57	38	71	71	50	62	51	0	21	150	124	0	0	59	80	52	23	0	0	0	3	0	0	0	47	60	0	25	136	136	0	0	57	80	52	42	72	0	20	24	48	0	0	23	0	0	0	3	0	0	0	37	60	0	27	127	136	0	0	70	86	54	32	51	0	108	9	0	54	0	44	81	0	26	29	54	0	0	33	0	0	0	15	0	0	0	33	60	0	27	138	144	0	0
256	241	90	96	12	226	69	80	12	78	96	12	55	60	0	0	151	149	36	0	212	65	75	12	59	80	12	53	58	0	0	124	131	36	0	63	82	12	15	21	0	0	7	12	0	0	35	60	0	0	125	121	36	0	198	59	65	12	55	75	12	47	55	0	0	110	116	36	0	44	66	12	8	12	0	0	1	0	0	0	33	58	0	0	98	103	36	0	63	82	12	32	41	0	0	20	33	12	0	15	21	0	0	7	12	0	0	35	60	0	0	125	121	36	0	184	55	50	9	49	65	12	44	38	0	0	95	87	36	0	40	61	12	4	6	0	0	1	0	0	0	27	55	0	0	84	88	36	0	44	66	12	30	28	0	0	16	21	12	0	8	12	0	0	1	0	0	0	33	58	0	0	98	103	36	0	62	82	12	32	64	0	27	8	6	12	0	30	41	0	0	19	33	12	0	12	21	0	0	6	12	0	0	35	60	0	0	121	121	36	0
242	227	93	88	13	213	69	82	0	83	74	13	72	53	0	0	175	128	0	93	200	62	68	0	61	69	0	59	51	0	0	141	120	0	92	70	61	13	29	12	3	0	8	0	26	0	57	40	0	0	150	102	0	93	187	52	61	0	54	55	0	44	39	0	0	113	86	0	92	48	56	0	12	12	0	0	6	0	0	0	44	38	0	0	116	94	0	92	70	61	13	29	9	13	0	16	18	13	0	29	12	3	0	8	0	26	0	57	40	0	0	150	102	0	93	174	47	52	0	44	48	0	38	31	0	0	84	65	0	92	41	42	0	7	0	0	0	6	0	0	0	29	26	0	0	88	60	0	92	48	56	0	26	8	0	0	13	16	0	0	12	12	0	0	6	0	0	0	44	38	0	0	116	94	0	92	69	61	13	28	26	16	0	8	0	13	0	27	9	13	0	15	18	13	0	26	12	3	0	7	0	26	0	57	40	0	0	146	102	0	93
181	170	56	42	3	160	43	26	0	50	32	3	50	9	0	0	120	43	9	12	151	34	26	0	39	17	0	37	9	0	0	94	18	0	12	43	23	3	20	0	3	0	0	0	0	0	43	0	0	0	105	25	9	12	142	26	26	0	30	17	0	20	9	0	0	61	18	0	12	32	8	0	7	0	0	0	0	0	0	0	30	0	0	0	79	0	0	12	43	23	3	10	0	3	0	9	0	0	0	20	0	3	0	0	0	0	0	43	0	0	0	105	25	9	12	133	21	26	0	22	17	0	14	9	0	0	36	18	0	12	23	8	0	0	0	0	0	0	0	0	0	13	0	0	0	46	0	0	12	32	8	0	7	0	0	0	9	0	0	0	7	0	0	0	0	0	0	0	30	0	0	0	79	0	0	12	43	23	3	12	0	6	0	1	0	0	0	10	0	3	0	9	0	0	0	20	0	3	0	0	0	0	0	43	0	0	0	105	25	9	12
218	206	66	54	3	194	37	41	0	62	54	3	36	50	0	0	137	157	3	12	183	30	27	0	35	41	0	25	32	0	0	76	125	0	12	55	43	3	20	22	3	0	2	0	6	0	34	50	0	0	125	135	3	12	172	22	16	0	28	27	0	12	10	0	0	52	69	0	12	28	30	0	5	10	0	0	0	0	0	0	23	32	0	0	64	103	0	12	55	43	3	7	5	3	0	13	20	6	0	20	22	3	0	2	0	6	0	34	50	0	0	125	135	3	12	161	18	11	0	20	16	0	8	0	0	0	30	32	0	12	21	16	0	0	0	0	0	0	0	0	0	10	10	0	0	40	47	0	12	28	30	0	5	0	0	0	7	16	0	0	5	10	0	0	0	0	0	0	23	32	0	0	64	103	0	12	55	43	3	9	0	6	0	0	0	3	0	7	5	3	0	13	20	6	0	20	22	3	0	2	0	6	0	34	50	0	0	125	135	3	12
257	243	61	76	0	229	30	46	0	57	76	0	24	99	0	0	137	196	0	0	216	25	25	0	28	46	0	20	36	0	0	68	122	0	0	53	63	0	12	36	0	0	5	0	0	0	22	99	0	0	129	170	0	0	203	21	13	0	23	25	0	13	0	0	0	49	58	0	0	24	33	0	8	0	0	0	5	0	0	0	18	36	0	0	60	96	0	0	53	63	0	6	0	0	0	17	0	0	0	12	36	0	0	5	0	0	0	22	99	0	0	129	170	0	0	190	18	13	0	19	13	0	9	0	0	0	35	26	0	0	19	12	0	3	0	0	0	5	0	0	0	11	0	0	0	41	32	0	0	24	33	0	3	0	0	0	10	0	0	0	8	0	0	0	5	0	0	0	18	36	0	0	60	96	0	0	53	63	0	3	0	0	0	1	0	0	0	6	0	0	0	17	0	0	0	12	36	0	0	5	0	0	0	22	99	0	0	129	170	0	0
180	170	51	38	0	160	29	26	0	47	38	0	33	21	0	0	112	100	0	0	151	22	19	0	27	26	0	22	10	0	0	63	76	0	0	41	29	0	19	14	0	0	2	0	0	0	31	21	0	0	102	82	0	0	142	14	13	0	20	19	0	7	4	0	0	39	46	0	0	21	17	0	4	4	0	0	0	0	0	0	20	10	0	0	53	58	0	0	41	29	0	2	8	0	0	7	16	0	0	19	14	0	0	2	0	0	0	31	21	0	0	102	82	0	0	133	12	9	0	12	13	0	4	0	0	0	17	26	0	0	14	10	0	0	0	0	0	0	0	0	0	5	4	0	0	29	28	0	0	21	17	0	1	0	0	0	4	14	0	0	4	4	0	0	0	0	0	0	20	10	0	0	53	58	0	0	41	29	0	3	0	0	0	0	0	0	0	2	8	0	0	7	16	0	0	19	14	0	0	2	0	0	0	31	21	0	0	102	82	0	0
236	223	43	47	43	210	25	22	43	43	47	43	19	11	25	0	82	83	129	0	197	25	22	43	25	22	43	19	11	25	0	44	33	129	0	43	47	43	3	0	0	0	10	0	0	0	19	11	25	0	82	83	129	0	184	25	22	43	25	22	43	19	11	25	0	44	33	129	0	25	22	43	3	0	0	0	10	0	0	0	19	11	25	0	44	33	129	0	43	47	43	2	0	0	0	5	0	0	0	3	0	0	0	10	0	0	0	19	11	25	0	82	83	129	0	171	25	22	43	25	22	43	19	11	25	0	44	33	129	0	25	22	43	3	0	0	0	10	0	0	0	19	11	25	0	44	33	129	0	25	22	43	2	0	0	0	5	0	0	0	3	0	0	0	10	0	0	0	19	11	25	0	44	33	129	0	43	47	43	0	0	0	0	1	0	0	0	2	0	0	0	5	0	0	0	3	0	0	0	10	0	0	0	19	11	25	0	82	83	129	0
166	155	38	44	6	144	16	30	6	38	44	6	16	36	12	0	83	81	12	0	133	15	30	6	16	30	6	14	36	12	0	31	60	12	0	38	44	6	3	0	0	0	8	6	0	0	16	36	12	0	83	81	12	0	122	15	30	6	15	30	6	14	36	12	0	29	60	12	0	16	30	6	3	0	0	0	8	6	0	0	14	36	12	0	31	60	12	0	38	44	6	2	0	0	0	5	0	0	0	3	0	0	0	8	6	0	0	16	36	12	0	83	81	12	0	111	15	30	6	15	30	6	14	36	12	0	29	60	12	0	15	30	6	3	0	0	0	8	6	0	0	14	36	12	0	29	60	12	0	16	30	6	2	0	0	0	5	0	0	0	3	0	0	0	8	6	0	0	14	36	12	0	31	60	12	0	38	44	6	0	0	0	0	1	0	0	0	2	0	0	0	5	0	0	0	3	0	0	0	8	6	0	0	16	36	12	0	83	81	12	0
139	132	31	6	18	125	16	0	0	30	6	18	19	0	26	0	87	30	18	6	118	10	0	0	15	0	0	5	0	0	0	35	0	0	0	26	6	18	3	0	26	0	0	0	0	0	18	0	26	0	79	30	18	6	111	8	0	0	9	0	0	2	0	0	0	16	0	0	0	11	0	0	0	0	0	0	0	0	0	0	4	0	0	0	27	0	0	0	26	6	18	0	0	9	0	4	0	0	0	3	0	26	0	0	0	0	0	18	0	26	0	79	30	18	6	104	8	0	0	7	0	0	2	0	0	0	12	0	0	0	5	0	0	0	0	0	0	0	0	0	0	1	0	0	0	8	0	0	0	11	0	0	0	0	0	0	4	0	0	0	0	0	0	0	0	0	0	0	4	0	0	0	27	0	0	0	26	6	18	0	0	0	0	0	0	0	0	0	0	9	0	4	0	0	0	3	0	26	0	0	0	0	0	18	0	26	0	79	30	18	6
139	132	32	6	13	125	17	0	0	31	6	13	19	0	16	0	80	30	13	3	118	13	0	0	16	0	0	9	0	0	0	34	0	0	0	28	6	13	1	0	16	0	1	0	0	0	18	0	16	0	74	30	13	3	111	12	0	0	12	0	0	8	0	0	0	22	0	0	0	13	0	0	0	0	0	0	1	0	0	0	8	0	0	0	28	0	0	0	28	6	13	0	0	4	0	2	0	0	0	1	0	16	0	1	0	0	0	18	0	16	0	74	30	13	3	104	12	0	0	11	0	0	8	0	0	0	20	0	0	0	9	0	0	0	0	0	0	1	0	0	0	7	0	0	0	16	0	0	0	13	0	0	0	0	0	0	2	0	0	0	0	0	0	0	1	0	0	0	8	0	0	0	28	0	0	0	28	6	13	0	0	0	0	0	0	0	0	0	0	4	0	2	0	0	0	1	0	16	0	1	0	0	0	18	0	16	0	74	30	13	3
194	183	41	37	9	172	19	18	0	40	37	9	21	9	12	0	89	86	27	3	161	16	18	0	18	18	0	12	9	0	0	35	36	0	0	38	37	9	3	0	12	0	6	0	0	0	20	9	12	0	85	86	27	3	150	16	18	0	15	18	0	12	9	0	0	27	36	0	0	16	18	0	3	0	0	0	6	0	0	0	11	9	0	0	31	36	0	0	38	37	9	2	0	0	0	4	0	0	0	3	0	12	0	6	0	0	0	20	9	12	0	85	86	27	3	139	16	18	0	15	18	0	12	9	0	0	27	36	0	0	13	18	0	3	0	0	0	6	0	0	0	11	9	0	0	23	36	0	0	16	18	0	2	0	0	0	4	0	0	0	3	0	0	0	6	0	0	0	11	9	0	0	31	36	0	0	38	37	9	0	0	0	0	1	0	0	0	2	0	0	0	4	0	0	0	3	0	12	0	6	0	0	0	20	9	12	0	85	86	27	3
388	367	76	84	102	346	37	20	96	75	84	102	33	0	131	29	156	240	408	0	325	31	20	78	36	20	96	25	0	120	12	67	80	384	0	71	84	102	5	0	46	9	15	0	0	16	32	0	131	29	148	240	408	0	304	31	20	74	30	20	78	25	0	89	12	58	80	312	0	32	20	96	5	0	45	0	11	0	0	0	24	0	120	12	59	80	384	0	71	84	102	7	0	0	7	30	0	0	12	5	0	46	9	15	0	0	16	32	0	131	29	148	240	408	0	283	31	20	74	30	20	74	25	0	85	12	58	80	296	0	26	20	78	5	0	28	0	11	0	0	0	24	0	89	12	50	80	312	0	32	20	96	7	0	0	7	15	0	0	12	5	0	45	0	11	0	0	0	24	0	120	12	59	80	384	0	71	84	102	9	0	0	0	2	0	0	0	7	0	0	7	30	0	0	12	5	0	46	9	15	0	0	16	32	0	131	29	148	240	408	0
276	259	67	80	46	242	38	65	23	66	80	46	47	53	27	24	143	149	46	58	225	32	62	13	37	65	23	36	50	18	12	80	130	23	49	64	80	46	12	38	6	0	9	62	0	13	46	53	27	24	139	149	46	58	208	28	60	13	31	62	13	28	48	0	12	64	124	13	49	35	65	23	4	36	6	0	7	60	0	0	35	50	18	12	76	130	23	49	64	80	46	3	24	0	0	5	48	0	0	12	38	6	0	9	62	0	13	46	53	27	24	139	149	46	58	191	27	60	13	27	60	13	25	48	0	12	53	120	13	49	29	62	13	2	36	0	0	7	60	0	0	27	48	0	12	60	124	13	49	35	65	23	1	24	0	0	4	48	0	0	4	36	6	0	7	60	0	0	35	50	18	12	76	130	23	49	64	80	46	3	0	0	0	0	12	0	0	3	24	0	0	5	48	0	0	12	38	6	0	9	62	0	13	46	53	27	24	139	149	46	58
301	285	37	39	85	269	15	0	76	37	39	85	11	0	50	7	78	78	255	43	253	15	0	76	15	0	76	11	0	50	7	31	0	228	43	37	39	85	5	0	0	0	8	0	0	0	11	0	50	7	78	78	255	43	237	15	0	76	15	0	76	11	0	50	7	31	0	228	43	15	0	76	5	0	0	0	8	0	0	0	11	0	50	7	31	0	228	43	37	39	85	2	0	0	0	12	0	0	0	5	0	0	0	8	0	0	0	11	0	50	7	78	78	255	43	221	15	0	76	15	0	76	11	0	50	7	31	0	228	43	15	0	76	5	0	0	0	8	0	0	0	11	0	50	7	31	0	228	43	15	0	76	2	0	0	0	5	0	0	0	5	0	0	0	8	0	0	0	11	0	50	7	31	0	228	43	37	39	85	0	0	0	0	1	0	0	0	2	0	0	0	12	0	0	0	5	0	0	0	8	0	0	0	11	0	50	7	78	78	255	43
207	196	33	18	36	185	15	0	17	33	18	36	12	0	22	6	70	27	72	58	174	15	0	17	15	0	17	12	0	22	6	31	0	34	49	33	18	36	3	0	0	0	6	0	0	0	12	0	22	6	70	27	72	58	163	15	0	17	15	0	17	12	0	22	6	31	0	34	49	15	0	17	3	0	0	0	6	0	0	0	12	0	22	6	31	0	34	49	33	18	36	2	0	0	0	8	0	0	0	3	0	0	0	6	0	0	0	12	0	22	6	70	27	72	58	152	15	0	17	15	0	17	12	0	22	6	31	0	34	49	15	0	17	3	0	0	0	6	0	0	0	12	0	22	6	31	0	34	49	15	0	17	2	0	0	0	4	0	0	0	3	0	0	0	6	0	0	0	12	0	22	6	31	0	34	49	33	18	36	0	0	0	0	1	0	0	0	2	0	0	0	8	0	0	0	3	0	0	0	6	0	0	0	12	0	22	6	70	27	72	58
299	283	46	55	51	267	13	0	27	46	55	51	8	0	67	25	107	165	255	40	251	11	0	14	13	0	27	5	0	54	0	28	0	135	0	43	55	51	3	0	12	0	5	0	0	3	8	0	67	25	101	165	255	40	235	11	0	14	11	0	14	5	0	28	0	24	0	70	0	10	0	27	3	0	9	0	5	0	0	0	5	0	54	0	22	0	135	0	43	55	51	2	0	0	0	24	0	0	0	3	0	12	0	5	0	0	3	8	0	67	25	101	165	255	40	219	11	0	14	11	0	14	5	0	28	0	24	0	70	0	8	0	14	3	0	0	0	5	0	0	0	5	0	28	0	18	0	70	0	10	0	27	2	0	0	0	8	0	0	0	3	0	9	0	5	0	0	0	5	0	54	0	22	0	135	0	43	55	51	0	0	0	0	1	0	0	0	2	0	0	0	24	0	0	0	3	0	12	0	5	0	0	3	8	0	67	25	101	165	255	40
393	371	61	57	169	349	29	0	116	60	57	169	16	0	135	115	108	114	507	238	327	29	0	112	28	0	116	16	0	127	104	43	0	348	199	54	57	169	5	0	0	17	7	0	0	0	15	0	135	115	98	114	507	238	305	26	0	93	28	0	112	16	0	126	67	43	0	336	168	22	0	116	0	0	0	0	0	0	0	0	15	0	127	104	33	0	348	199	54	57	169	17	0	0	19	32	57	0	16	5	0	0	17	7	0	0	0	15	0	135	115	98	114	507	238	283	17	0	69	25	0	93	16	0	108	63	38	0	279	164	22	0	112	0	0	0	0	0	0	0	0	15	0	126	67	33	0	336	168	22	0	116	0	0	0	0	0	0	0	0	0	0	0	0	0	0	0	0	15	0	127	104	33	0	348	199	54	57	169	11	0	79	33	0	0	0	147	17	0	0	19	32	57	0	16	5	0	0	17	7	0	0	0	15	0	135	115	98	114	507	238
250	236	25	24	105	222	6	0	49	25	24	105	0	0	35	89	53	36	210	274	208	6	0	49	6	0	49	0	0	34	89	11	0	98	216	23	24	105	5	0	0	0	4	0	0	0	0	0	35	89	51	36	210	274	194	3	0	49	6	0	49	0	0	34	89	11	0	98	185	4	0	49	0	0	0	0	0	0	0	0	0	0	34	89	9	0	98	216	23	24	105	0	0	0	0	15	36	0	0	5	0	0	0	4	0	0	0	0	0	35	89	51	36	210	274	180	3	0	49	3	0	49	0	0	34	89	6	0	98	181	4	0	49	0	0	0	0	0	0	0	0	0	0	34	89	9	0	98	185	4	0	49	0	0	0	0	0	0	0	0	0	0	0	0	0	0	0	0	0	0	34	89	9	0	98	216	23	24	105	0	0	0	0	0	0	0	0	0	0	0	0	15	36	0	0	5	0	0	0	4	0	0	0	0	0	35	89	51	36	210	274
233	220	25	12	94	207	8	0	28	25	12	94	4	0	20	54	57	12	94	320	194	8	0	25	8	0	28	4	0	20	45	17	0	28	239	24	12	94	4	0	0	12	7	0	0	0	4	0	20	54	55	12	94	320	181	7	0	21	8	0	25	4	0	20	33	17	0	25	198	7	0	28	3	0	0	0	5	0	0	0	4	0	20	45	15	0	28	239	24	12	94	2	0	0	0	20	12	0	0	4	0	0	12	7	0	0	0	4	0	20	54	55	12	94	320	168	7	0	21	7	0	21	4	0	20	33	16	0	21	194	7	0	25	3	0	0	0	5	0	0	0	4	0	20	33	15	0	25	198	7	0	28	2	0	0	0	4	0	0	0	3	0	0	0	5	0	0	0	4	0	20	45	15	0	28	239	24	12	94	0	0	0	0	1	0	0	0	2	0	0	0	20	12	0	0	4	0	0	12	7	0	0	0	4	0	20	54	55	12	94	320
193	182	37	30	21	171	10	0	10	37	30	21	0	0	20	0	69	90	105	51	160	10	0	10	10	0	10	0	0	20	0	8	0	50	27	33	30	21	20	0	0	0	15	0	0	0	0	0	20	0	67	90	105	51	149	4	0	10	10	0	10	0	0	20	0	8	0	50	14	6	0	10	0	0	0	0	0	0	0	0	0	0	20	0	6	0	50	27	33	30	21	0	0	0	0	11	36	0	0	20	0	0	0	15	0	0	0	0	0	20	0	67	90	105	51	138	4	0	10	4	0	10	0	0	20	0	2	0	50	14	6	0	10	0	0	0	0	0	0	0	0	0	0	20	0	6	0	50	14	6	0	10	0	0	0	0	0	0	0	0	0	0	0	0	0	0	0	0	0	0	20	0	6	0	50	27	33	30	21	0	0	0	0	0	0	0	0	0	0	0	0	11	36	0	0	20	0	0	0	15	0	0	0	0	0	20	0	67	90	105	51
230	217	32	36	52	204	9	0	19	32	36	52	0	0	15	39	68	90	208	153	191	9	0	13	9	0	19	0	0	12	26	17	0	76	123	27	36	52	5	0	0	25	11	0	0	0	0	0	15	39	60	90	208	153	178	6	0	0	9	0	13	0	0	9	0	17	0	52	92	4	0	19	0	0	0	0	0	0	0	0	0	0	12	26	9	0	76	123	27	36	52	0	0	0	0	17	27	0	3	5	0	0	25	11	0	0	0	0	0	15	39	60	90	208	153	165	6	0	0	6	0	0	0	0	0	0	12	0	0	88	4	0	13	0	0	0	0	0	0	0	0	0	0	9	0	9	0	52	92	4	0	19	0	0	0	0	0	0	0	0	0	0	0	0	0	0	0	0	0	0	12	26	9	0	76	123	27	36	52	0	0	0	0	0	0	0	0	0	0	0	0	17	27	0	3	5	0	0	25	11	0	0	0	0	0	15	39	60	90	208	153
347	324	80	161	111	301	53	96	104	79	161	111	48	0	24	8	117	200	555	21	280	48	81	104	52	96	104	37	0	24	8	72	18	520	10	58	119	111	21	195	11	0	14	52	0	0	44	0	24	8	105	200	555	21	259	33	42	104	47	81	104	33	0	24	8	69	13	520	10	31	54	104	12	0	11	0	1	0	0	0	33	0	24	8	60	18	520	10	53	119	111	5	0	121	0	1	0	333	0	21	195	11	0	14	52	0	0	25	0	24	8	82	200	555	21	238	32	42	104	32	42	104	30	0	24	8	55	0	520	10	26	39	104	12	0	11	0	1	0	0	0	29	0	24	8	57	13	520	10	26	54	104	5	0	118	0	1	0	312	0	12	0	11	0	1	0	0	0	14	0	24	8	37	18	520	10	50	119	111	0	0	9	0	0	0	0	0	5	0	121	0	0	0	333	0	11	195	11	0	13	52	0	0	21	0	24	8	72	200	555	21
404	380	58	45	231	356	42	23	161	57	45	231	20	0	0	131	83	45	231	441	332	40	22	158	41	23	161	18	0	0	127	48	23	161	222	45	45	231	19	22	0	28	13	44	0	0	16	0	0	131	74	45	231	441	308	22	0	158	39	22	158	18	0	0	127	47	22	158	209	29	23	161	0	0	0	28	0	0	0	0	14	0	0	127	39	23	161	222	45	45	231	0	0	129	0	0	0	231	0	19	22	0	28	13	44	0	0	16	0	0	131	74	45	231	441	284	17	0	154	21	0	158	5	0	0	123	26	0	158	173	27	22	158	0	0	0	25	0	0	0	0	14	0	0	127	38	22	158	209	29	23	161	0	0	121	0	0	0	161	0	0	0	0	28	0	0	0	0	14	0	0	127	39	23	161	222	44	45	231	0	0	49	19	0	0	0	0	0	0	129	0	0	0	231	0	19	22	0	28	13	44	0	0	16	0	0	131	71	45	231	441
217	204	43	36	55	191	21	0	36	43	36	55	13	0	0	40	51	99	220	73	178	17	0	36	21	0	36	3	0	0	40	14	0	144	29	33	36	55	20	0	0	0	11	36	0	0	13	0	0	40	49	99	220	73	165	11	0	36	17	0	36	3	0	0	40	13	0	144	23	11	0	36	0	0	0	0	0	0	0	0	3	0	0	40	12	0	144	29	32	36	55	0	0	0	0	0	0	0	0	20	0	0	0	11	36	0	0	10	0	0	40	44	99	220	73	152	11	0	36	11	0	36	3	0	0	40	7	0	144	10	7	0	36	0	0	0	0	0	0	0	0	3	0	0	40	11	0	144	23	10	0	36	0	0	0	0	0	0	0	0	0	0	0	0	0	0	0	0	0	0	0	40	7	0	144	29	32	36	55	0	0	0	0	0	0	0	0	0	0	0	0	0	0	0	0	20	0	0	0	11	36	0	0	10	0	0	40	44	99	220	73
285	266	65	90	90	247	43	64	38	59	90	90	30	0	0	46	89	133	180	347	230	41	60	32	39	64	38	28	0	0	38	53	94	76	194	43	56	90	20	52	0	36	14	26	0	0	19	0	0	46	71	99	180	347	213	31	34	29	37	60	32	28	0	0	34	52	86	64	184	23	30	38	4	0	0	32	1	0	0	0	17	0	0	38	35	60	76	194	43	56	90	14	0	52	13	1	0	180	0	20	52	0	36	14	26	0	0	19	0	0	46	71	99	180	347	196	26	34	11	27	34	29	19	0	0	11	39	34	58	152	21	26	32	4	0	0	3	1	0	0	0	17	0	0	34	34	52	64	184	23	30	38	14	0	46	0	1	0	76	0	4	0	0	32	1	0	0	0	17	0	0	38	35	60	76	194	42	56	90	11	0	43	9	5	0	0	16	12	0	52	13	0	0	180	0	17	52	0	36	13	26	0	0	19	0	0	46	67	99	180	347
167	157	35	21	34	147	16	0	0	35	21	34	6	0	0	0	45	49	102	242	137	13	0	0	16	0	0	0	0	0	0	9	0	0	145	28	21	34	20	0	0	0	12	21	0	0	6	0	0	0	43	49	102	242	127	7	0	0	13	0	0	0	0	0	0	8	0	0	135	9	0	0	0	0	0	0	0	0	0	0	0	0	0	0	7	0	0	145	28	21	34	0	0	0	0	0	0	0	0	20	0	0	0	12	21	0	0	6	0	0	0	43	49	102	242	117	7	0	0	7	0	0	0	0	0	0	2	0	0	103	6	0	0	0	0	0	0	0	0	0	0	0	0	0	0	6	0	0	135	9	0	0	0	0	0	0	0	0	0	0	0	0	0	0	0	0	0	0	0	0	0	0	7	0	0	145	28	21	34	0	0	0	0	0	0	0	0	0	0	0	0	0	0	0	0	20	0	0	0	12	21	0	0	6	0	0	0	43	49	102	242
234	219	45	54	70	204	28	10	39	45	54	70	19	40	27	24	31	50	280	200	189	18	0	39	28	10	39	9	0	26	24	17	0	156	140	30	54	70	0	0	87	0	0	0	70	0	19	40	27	24	31	50	280	200	174	18	0	39	18	0	39	9	0	26	24	14	0	156	140	13	10	39	0	0	44	0	0	0	39	0	9	0	26	24	17	0	156	140	27	54	70	0	0	0	0	0	0	0	0	0	0	87	0	0	0	70	0	10	40	27	24	17	50	280	200	159	18	0	39	18	0	39	9	0	26	24	14	0	156	140	3	0	39	0	0	44	0	0	0	39	0	9	0	26	24	14	0	156	140	10	10	39	0	0	0	0	0	0	0	0	0	0	44	0	0	0	39	0	0	0	26	24	3	0	156	140	27	54	70	0	0	0	0	0	0	0	0	0	0	0	0	0	0	0	0	0	0	87	0	0	0	70	0	10	40	27	24	17	50	280	200
193	178	41	65	64	163	27	54	0	40	65	64	21	18	0	0	42	10	64	521	151	19	36	0	26	54	0	13	0	0	0	27	9	0	339	25	29	64	0	0	87	0	0	0	128	0	17	18	0	0	35	10	64	521	139	19	36	0	18	36	0	13	0	0	0	21	0	0	330	11	18	0	0	0	0	0	0	0	0	0	9	0	0	0	20	9	0	339	22	29	64	0	0	0	0	0	0	0	0	0	0	87	0	0	0	128	0	8	18	0	0	21	10	64	521	127	19	36	0	18	36	0	13	0	0	0	21	0	0	327	3	0	0	0	0	0	0	0	0	0	0	9	0	0	0	14	0	0	330	8	18	0	0	0	0	0	0	0	0	0	0	0	0	0	0	0	0	0	0	0	0	0	6	9	0	339	22	29	64	0	0	0	0	0	0	0	0	0	0	0	0	0	0	0	0	0	0	87	0	0	0	128	0	8	18	0	0	21	10	64	521
158	148	36	16	42	138	22	0	0	36	16	42	13	0	0	0	26	16	84	290	128	13	0	0	22	0	0	3	0	0	0	13	0	0	178	24	16	42	0	0	65	0	0	0	0	0	13	0	0	0	24	16	84	290	118	13	0	0	13	0	0	3	0	0	0	7	0	0	172	10	0	0	0	0	0	0	0	0	0	0	3	0	0	0	11	0	0	178	23	16	42	0	0	0	0	0	0	0	0	0	0	65	0	0	0	0	0	10	0	0	0	19	16	84	290	108	13	0	0	13	0	0	3	0	0	0	7	0	0	169	1	0	0	0	0	0	0	0	0	0	0	3	0	0	0	5	0	0	172	9	0	0	0	0	0	0	0	0	0	0	0	0	0	0	0	0	0	0	0	0	0	0	6	0	0	178	23	16	42	0	0	0	0	0	0	0	0	0	0	0	0	0	0	0	0	0	0	65	0	0	0	0	0	10	0	0	0	19	16	84	290
179	164	40	81	22	149	20	50	0	40	81	22	12	57	0	0	26	85	88	166	137	14	44	0	20	50	0	6	33	0	0	11	55	0	140	23	45	22	0	0	39	0	0	0	22	0	12	57	0	0	21	85	88	166	126	14	44	0	14	44	0	6	33	0	0	9	55	0	140	8	17	0	0	0	0	0	0	0	0	0	6	33	0	0	11	55	0	140	21	34	22	0	0	0	0	0	0	0	0	0	0	39	0	0	0	22	0	6	24	0	0	12	30	88	166	115	14	44	0	14	44	0	6	33	0	0	9	55	0	140	2	11	0	0	0	0	0	0	0	0	0	6	33	0	0	9	55	0	140	6	6	0	0	0	0	0	0	0	0	0	0	0	0	0	0	0	0	0	0	0	0	0	2	0	0	140	21	34	22	0	0	0	0	0	0	0	0	0	0	0	0	0	0	0	0	0	0	39	0	0	0	22	0	6	24	0	0	12	30	88	166
127	118	32	23	13	109	18	8	0	32	23	13	13	0	0	0	19	15	39	111	101	11	8	0	18	8	0	3	0	0	0	7	0	0	104	22	15	13	0	0	39	0	0	0	0	0	13	0	0	0	19	15	39	111	93	11	8	0	11	8	0	3	0	0	0	5	0	0	104	8	0	0	0	0	0	0	0	0	0	0	3	0	0	0	7	0	0	104	21	15	13	0	0	0	0	0	0	0	0	0	0	39	0	0	0	0	0	10	0	0	0	14	15	39	111	85	11	8	0	11	8	0	3	0	0	0	5	0	0	104	1	0	0	0	0	0	0	0	0	0	0	3	0	0	0	5	0	0	104	7	0	0	0	0	0	0	0	0	0	0	0	0	0	0	0	0	0	0	0	0	0	0	2	0	0	104	21	15	13	0	0	0	0	0	0	0	0	0	0	0	0	0	0	0	0	0	0	39	0	0	0	0	0	10	0	0	0	14	15	39	111
165	153	35	29	70	141	20	11	52	35	29	70	19	0	128	27	31	0	140	92	130	20	11	51	20	11	52	19	0	108	26	30	0	104	39	25	18	70	0	0	0	11	0	0	0	0	19	0	128	27	31	0	140	92	119	20	11	51	20	11	51	19	0	104	26	30	0	102	39	10	0	52	0	0	0	11	0	0	0	0	19	0	108	26	30	0	104	39	16	18	70	0	0	0	0	0	0	0	0	0	0	0	11	0	0	0	0	2	0	128	27	4	0	140	92	108	20	11	51	20	11	51	19	0	104	26	30	0	102	39	10	0	51	0	0	0	11	0	0	0	0	19	0	104	26	30	0	102	39	1	0	52	0	0	0	0	0	0	0	0	0	0	0	11	0	0	0	0	2	0	108	26	3	0	104	39	15	18	70	0	0	0	0	0	0	0	0	0	0	0	0	0	0	0	0	0	0	0	11	0	0	0	0	0	0	128	27	1	0	140	92
119	111	17	7	45	103	9	0	45	17	7	45	8	0	40	0	9	0	45	0	95	9	0	45	9	0	45	8	0	40	0	9	0	45	0	12	7	45	0	0	0	0	0	0	0	0	8	0	40	0	9	0	45	0	87	9	0	45	9	0	45	8	0	40	0	9	0	45	0	4	0	45	0	0	0	0	0	0	0	0	8	0	40	0	9	0	45	0	8	7	45	0	0	0	0	0	0	0	0	0	0	0	0	0	0	0	0	0	0	40	0	0	0	45	0	79	9	0	45	9	0	45	8	0	40	0	9	0	45	0	4	0	45	0	0	0	0	0	0	0	0	8	0	40	0	9	0	45	0	0	0	45	0	0	0	0	0	0	0	0	0	0	0	0	0	0	0	0	0	0	40	0	0	0	45	0	8	7	45	0	0	0	0	0	0	0	0	0	0	0	0	0	0	0	0	0	0	0	0	0	0	0	0	0	0	40	0	0	0	45	0
105	98	17	0	38	91	10	0	0	17	0	38	3	0	34	0	6	0	0	211	84	10	0	0	10	0	0	3	0	0	0	5	0	0	39	8	0	38	0	0	0	0	0	0	0	0	3	0	34	0	6	0	0	211	77	10	0	0	10	0	0	3	0	0	0	5	0	0	39	1	0	0	0	0	0	0	0	0	0	0	3	0	0	0	5	0	0	39	7	0	38	0	0	0	0	0	0	0	0	0	0	0	0	0	0	0	0	0	0	34	0	1	0	0	211	70	10	0	0	10	0	0	3	0	0	0	5	0	0	39	1	0	0	0	0	0	0	0	0	0	0	3	0	0	0	5	0	0	39	0	0	0	0	0	0	0	0	0	0	0	0	0	0	0	0	0	0	0	0	0	0	0	0	0	0	39	7	0	38	0	0	0	0	0	0	0	0	0	0	0	0	0	0	0	0	0	0	0	0	0	0	0	0	0	0	34	0	1	0	0	211
150	139	24	26	29	128	18	10	0	24	26	29	17	0	16	0	23	0	58	147	118	18	10	0	18	10	0	17	0	0	0	23	0	0	39	13	16	29	0	0	0	0	0	0	0	0	17	0	16	0	23	0	58	147	108	18	10	0	18	10	0	17	0	0	0	23	0	0	39	7	0	0	0	0	0	0	0	0	0	0	17	0	0	0	23	0	0	39	6	16	29	0	0	0	0	0	0	0	0	0	0	0	0	0	0	0	0	0	0	16	0	0	0	58	147	98	18	10	0	18	10	0	17	0	0	0	23	0	0	39	7	0	0	0	0	0	0	0	0	0	0	17	0	0	0	23	0	0	39	0	0	0	0	0	0	0	0	0	0	0	0	0	0	0	0	0	0	0	0	0	0	0	0	0	0	39	6	16	29	0	0	0	0	0	0	0	0	0	0	0	0	0	0	0	0	0	0	0	0	0	0	0	0	0	0	16	0	0	0	58	147
121	112	20	15	21	103	13	8	0	20	15	21	11	0	16	0	14	0	21	105	95	13	8	0	13	8	0	11	0	0	0	14	0	0	39	12	7	21	0	0	0	0	0	0	0	0	11	0	16	0	14	0	21	105	87	13	8	0	13	8	0	11	0	0	0	14	0	0	39	5	0	0	0	0	0	0	0	0	0	0	11	0	0	0	14	0	0	39	7	7	21	0	0	0	0	0	0	0	0	0	0	0	0	0	0	0	0	0	0	16	0	0	0	21	105	79	13	8	0	13	8	0	11	0	0	0	14	0	0	39	5	0	0	0	0	0	0	0	0	0	0	11	0	0	0	14	0	0	39	0	0	0	0	0	0	0	0	0	0	0	0	0	0	0	0	0	0	0	0	0	0	0	0	0	0	39	7	7	21	0	0	0	0	0	0	0	0	0	0	0	0	0	0	0	0	0	0	0	0	0	0	0	0	0	0	16	0	0	0	21	105
203	180	90	204	83	159	53	163	83	68	162	83	43	208	100	0	138	383	249	0	141	51	159	81	36	127	83	37	204	100	0	84	346	249	0	51	108	83	16	63	11	26	5	17	0	0	29	100	100	0	111	293	249	0	123	50	145	59	34	123	81	36	198	100	0	78	337	243	0	19	73	83	12	51	11	0	1	13	0	0	23	96	100	0	57	256	249	0	45	108	83	25	190	0	84	3	17	0	90	12	63	11	26	5	17	0	0	15	100	100	0	98	293	249	0	106	45	134	55	34	111	59	36	174	89	0	78	317	177	0	18	72	81	12	48	11	0	1	12	0	0	23	96	100	0	54	252	243	0	17	73	83	8	170	0	77	1	13	0	38	12	51	11	0	1	13	0	0	13	96	100	0	48	256	249	0	30	91	83	14	140	0	34	11	65	0	0	8	156	0	84	0	0	0	90	2	12	11	26	2	0	0	0	11	100	100	0	62	225	249	0
170	153	32	74	96	136	23	66	60	32	74	96	25	88	0	63	58	99	0	165	121	23	66	59	23	66	60	25	88	0	62	50	99	0	97	12	44	96	12	0	0	12	1	0	0	0	25	88	0	63	45	99	0	165	110	23	66	56	23	66	59	25	88	0	61	50	99	0	96	12	44	60	12	0	0	11	1	0	0	0	25	88	0	62	45	99	0	97	6	0	96	5	0	0	31	1	0	0	0	12	0	0	12	1	0	0	0	9	0	0	63	23	0	0	165	99	23	66	56	23	66	56	25	88	0	61	50	99	0	96	12	44	59	12	0	0	11	1	0	0	0	25	88	0	61	45	99	0	96	6	0	60	5	0	0	31	1	0	0	0	12	0	0	11	1	0	0	0	9	0	0	62	23	0	0	97	2	0	96	0	0	0	0	0	0	0	0	5	0	0	31	0	0	0	0	2	0	0	12	0	0	0	0	3	0	0	63	10	0	0	165
194	176	47	71	123	158	37	65	93	46	71	123	34	78	0	126	68	117	0	99	143	37	65	62	36	65	93	34	78	0	52	60	117	0	52	16	26	123	12	0	0	77	1	0	0	156	30	78	0	126	50	117	0	99	130	37	65	46	36	65	62	34	78	0	51	60	117	0	51	15	26	93	12	0	0	11	1	0	0	39	30	78	0	52	50	117	0	52	7	0	123	5	0	0	31	1	0	0	111	12	0	0	77	1	0	0	156	9	0	0	126	23	0	0	99	117	37	65	46	36	65	46	34	78	0	51	60	117	0	51	15	26	62	12	0	0	11	1	0	0	39	30	78	0	51	50	117	0	51	6	0	93	5	0	0	31	1	0	0	104	12	0	0	11	1	0	0	39	9	0	0	52	23	0	0	52	3	0	123	0	0	0	0	0	0	0	0	5	0	0	31	0	0	0	111	2	0	0	77	0	0	0	156	3	0	0	126	10	0	0	99
169	149	70	133	80	129	37	117	78	61	133	80	40	194	38	23	101	319	0	0	114	36	105	72	33	117	78	36	170	38	22	72	284	0	0	37	58	80	8	130	0	77	2	11	0	0	29	194	38	23	80	244	0	0	101	35	100	52	32	105	72	35	160	38	21	69	265	0	0	18	52	78	4	120	0	11	1	10	0	0	25	170	38	22	59	219	0	0	22	32	80	14	50	0	70	2	11	0	111	4	130	0	77	2	11	0	0	11	64	38	23	50	127	0	0	90	35	100	50	32	100	52	35	160	33	21	69	260	0	0	18	50	72	4	120	0	11	1	10	0	0	25	160	38	21	59	210	0	0	10	30	78	14	50	0	66	1	10	0	104	4	120	0	11	1	10	0	0	11	60	38	22	37	120	0	0	14	10	80	11	0	0	19	5	0	0	0	12	50	0	70	0	0	0	111	1	20	0	77	0	0	0	0	9	20	38	23	28	50	0	0
190	172	56	81	127	155	43	65	125	46	64	127	43	52	58	22	85	65	127	0	142	43	65	107	38	52	125	43	52	58	12	84	65	125	0	25	12	127	16	0	0	125	2	0	0	64	31	0	58	22	66	0	127	0	129	43	65	50	38	52	107	43	52	58	11	84	65	107	0	17	0	125	16	0	0	11	2	0	0	0	31	0	58	12	65	0	125	0	21	12	127	21	0	0	86	2	0	0	432	16	0	0	125	2	0	0	64	15	0	58	22	48	0	127	0	116	43	65	47	38	52	50	43	52	49	11	84	65	50	0	17	0	107	16	0	0	11	2	0	0	0	31	0	58	11	65	0	107	0	13	0	125	21	0	0	80	2	0	0	303	16	0	0	11	2	0	0	0	15	0	58	12	47	0	125	0	17	12	127	14	0	0	26	6	0	0	0	19	0	0	86	0	0	0	432	3	0	0	125	0	0	0	64	11	0	58	22	34	0	127	0
153	138	72	88	20	123	45	61	19	61	88	20	35	93	28	11	142	169	60	0	108	43	50	19	34	61	19	31	60	27	11	87	106	57	0	60	88	20	14	10	0	0	10	16	40	0	33	93	28	11	139	169	60	0	93	39	50	19	32	50	19	25	60	27	11	80	90	57	0	33	61	19	7	10	0	0	0	10	38	0	29	60	27	11	84	106	57	0	60	88	20	15	0	0	0	13	32	0	0	14	10	0	0	10	16	40	0	33	93	28	11	139	169	60	0	78	34	48	19	28	50	19	22	60	27	11	66	90	57	0	31	50	19	5	10	0	0	0	0	38	0	23	60	27	11	77	90	57	0	33	61	19	1	0	0	0	0	20	0	0	7	10	0	0	0	10	38	0	29	60	27	11	84	106	57	0	59	88	20	19	16	0	0	14	37	0	0	14	0	0	0	13	32	0	0	14	10	0	0	10	16	40	0	33	93	28	11	138	169	60	0
132	118	60	54	60	106	48	51	44	43	30	60	44	31	12	80	106	52	0	83	95	46	51	44	34	29	44	38	31	11	80	81	51	0	83	36	19	60	7	0	0	0	3	0	0	0	31	9	12	80	92	19	0	83	84	46	50	44	32	29	44	38	31	11	80	78	51	0	81	27	18	44	7	0	0	0	3	0	0	0	25	9	11	80	67	18	0	83	36	19	60	17	10	0	0	5	0	0	0	7	0	0	0	3	0	0	0	31	9	12	80	92	19	0	83	73	45	47	40	32	28	44	38	29	11	72	78	48	0	59	25	18	44	7	0	0	0	1	0	0	0	25	9	11	80	64	18	0	81	27	18	44	16	9	0	0	5	0	0	0	7	0	0	0	3	0	0	0	25	9	11	80	67	18	0	83	34	19	60	23	29	0	37	19	10	0	0	14	10	0	0	4	0	0	0	4	0	0	0	2	0	0	0	31	9	12	80	87	19	0	83
129	114	40	65	83	102	33	59	53	24	29	83	24	60	0	105	55	59	0	210	92	33	59	53	22	29	53	24	60	0	105	49	59	0	208	13	9	83	4	0	0	0	1	0	0	0	10	0	0	105	36	9	0	210	82	33	57	53	22	29	53	24	60	0	105	49	59	0	188	11	9	53	4	0	0	0	1	0	0	0	10	0	0	105	30	9	0	208	13	9	83	16	18	0	0	1	0	0	0	4	0	0	0	1	0	0	0	10	0	0	105	36	9	0	210	72	32	54	46	22	27	53	24	54	0	88	49	54	0	109	11	9	53	4	0	0	0	1	0	0	0	10	0	0	105	30	9	0	188	11	9	53	15	18	0	0	1	0	0	0	4	0	0	0	1	0	0	0	10	0	0	105	30	9	0	208	11	9	83	17	27	0	64	9	9	0	0	13	18	0	0	0	0	0	0	1	0	0	0	0	0	0	0	10	0	0	105	31	9	0	210
91	80	54	42	9	72	42	36	0	42	18	9	43	6	0	0	95	38	9	83	64	40	36	0	30	12	0	37	6	0	0	69	12	0	83	36	18	9	7	0	0	0	8	0	0	0	29	6	0	0	82	38	9	83	56	40	36	0	28	12	0	37	6	0	0	66	12	0	81	24	12	0	7	0	0	0	3	0	0	0	23	6	0	0	56	12	0	83	36	18	9	28	0	0	0	11	0	0	0	7	0	0	0	8	0	0	0	29	6	0	0	82	38	9	83	48	37	33	0	28	12	0	37	6	0	0	66	12	0	59	22	12	0	7	0	0	0	1	0	0	0	23	6	0	0	53	12	0	81	24	12	0	17	0	0	0	5	0	0	0	7	0	0	0	3	0	0	0	23	6	0	0	56	12	0	83	34	18	9	28	21	0	0	17	17	0	0	25	0	0	0	10	0	0	0	4	0	0	0	7	0	0	0	29	6	0	0	77	38	9	83
99	87	50	59	0	77	29	47	0	41	39	0	22	34	0	0	77	85	0	0	67	27	45	0	20	27	0	16	30	0	0	41	58	0	0	40	39	0	4	10	0	0	9	0	0	0	20	34	0	0	74	85	0	0	57	27	45	0	18	25	0	16	30	0	0	38	55	0	0	19	27	0	4	10	0	0	2	0	0	0	14	30	0	0	38	58	0	0	40	39	0	12	0	0	0	13	0	0	0	4	10	0	0	9	0	0	0	20	34	0	0	74	85	0	0	47	24	43	0	18	25	0	16	30	0	0	38	55	0	0	17	25	0	4	10	0	0	0	0	0	0	14	30	0	0	35	55	0	0	19	27	0	1	0	0	0	4	0	0	0	4	10	0	0	2	0	0	0	14	30	0	0	38	58	0	0	40	39	0	16	6	0	0	13	9	0	0	12	0	0	0	13	0	0	0	4	10	0	0	9	0	0	0	20	34	0	0	74	85	0	0
105	96	34	18	21	87	16	0	20	34	18	21	14	0	0	8	73	30	63	0	78	14	0	20	16	0	20	10	0	0	8	43	0	60	0	34	18	21	6	0	0	0	15	12	0	0	14	0	0	8	73	30	63	0	69	12	0	20	14	0	20	8	0	0	8	38	0	60	0	16	0	20	3	0	0	0	0	0	0	0	10	0	0	8	43	0	60	0	34	18	21	11	0	0	0	18	12	0	0	6	0	0	0	15	12	0	0	14	0	0	8	73	30	63	0	60	9	0	20	12	0	20	8	0	0	8	31	0	60	0	14	0	20	3	0	0	0	0	0	0	0	8	0	0	8	38	0	60	0	16	0	20	0	0	0	0	0	0	0	0	3	0	0	0	0	0	0	0	10	0	0	8	43	0	60	0	34	18	21	9	0	0	0	4	0	0	0	11	0	0	0	18	12	0	0	6	0	0	0	15	12	0	0	14	0	0	8	73	30	63	0
136	123	55	53	28	110	29	30	20	52	53	28	29	20	10	32	116	99	84	20	97	27	30	19	26	30	20	25	20	0	30	72	60	60	19	52	53	28	13	0	0	11	17	14	0	0	29	20	10	32	116	99	84	20	84	23	30	19	24	30	19	19	20	0	30	65	60	57	19	26	30	20	6	0	0	11	0	0	0	0	25	20	0	30	72	60	60	19	52	53	28	13	0	0	0	20	28	0	0	13	0	0	11	17	14	0	0	29	20	10	32	116	99	84	20	71	19	27	19	20	30	19	16	20	0	30	51	60	57	19	24	30	19	4	0	0	11	0	0	0	0	19	20	0	30	65	60	57	19	26	30	20	0	0	0	0	0	0	0	0	6	0	0	11	0	0	0	0	25	20	0	30	72	60	60	19	52	53	28	10	21	0	0	8	7	0	0	13	0	0	0	20	28	0	0	13	0	0	11	17	14	0	0	29	20	10	32	116	99	84	20
128	117	38	28	50	106	18	0	50	38	28	50	27	0	20	0	81	49	200	0	95	12	0	50	18	0	50	15	0	20	0	48	0	200	0	38	28	50	11	0	20	0	15	28	0	0	27	0	20	0	81	49	200	0	84	7	0	50	12	0	50	7	0	20	0	33	0	200	0	18	0	50	2	0	20	0	1	0	0	0	15	0	20	0	48	0	200	0	38	28	50	12	0	0	0	13	35	0	0	11	0	20	0	15	28	0	0	27	0	20	0	81	49	200	0	73	4	0	50	7	0	50	4	0	20	0	17	0	200	0	12	0	50	0	0	20	0	0	0	0	0	7	0	20	0	33	0	200	0	18	0	50	0	0	0	0	0	0	0	0	2	0	20	0	1	0	0	0	15	0	20	0	48	0	200	0	38	28	50	8	0	0	0	2	7	0	0	12	0	0	0	13	35	0	0	11	0	20	0	15	28	0	0	27	0	20	0	81	49	200	0
162	147	69	73	13	132	38	36	0	63	73	13	41	24	10	0	119	175	65	29	117	33	36	0	32	36	0	31	24	0	0	76	108	0	19	63	73	13	19	0	0	0	16	35	0	0	41	24	10	0	119	175	65	29	102	27	26	0	27	36	0	22	24	0	0	61	108	0	19	32	36	0	8	0	0	0	0	0	0	0	31	24	0	0	76	108	0	19	63	73	13	3	70	0	0	18	42	0	0	19	0	0	0	16	35	0	0	41	24	10	0	119	175	65	29	87	24	7	0	21	26	0	19	14	0	0	43	73	0	19	27	36	0	6	0	0	0	0	0	0	0	22	24	0	0	61	108	0	19	32	36	0	0	0	0	0	0	0	0	0	8	0	0	0	0	0	0	0	31	24	0	0	76	108	0	19	63	73	13	9	35	3	0	6	7	26	0	3	70	0	0	18	42	0	0	19	0	0	0	16	35	0	0	41	24	10	0	119	175	65	29
104	93	55	42	8	82	27	33	0	50	42	8	29	27	10	0	95	102	8	20	71	25	30	0	22	33	0	25	24	0	0	53	84	0	19	50	42	8	11	18	0	0	12	10	0	0	29	27	10	0	95	102	8	20	60	22	29	0	20	30	0	19	24	0	0	46	78	0	19	22	33	0	5	18	0	0	0	0	0	0	25	24	0	0	53	84	0	19	50	42	8	12	5	0	0	16	15	0	0	11	18	0	0	12	10	0	0	29	27	10	0	95	102	8	20	49	18	23	0	17	29	0	16	23	0	0	37	73	0	19	20	30	0	3	18	0	0	0	0	0	0	19	24	0	0	46	78	0	19	22	33	0	0	0	0	0	0	0	0	0	5	18	0	0	0	0	0	0	25	24	0	0	53	84	0	19	50	42	8	12	5	3	0	7	5	8	0	12	5	0	0	16	15	0	0	11	18	0	0	12	10	0	0	29	27	10	0	95	102	8	20
141	128	35	22	57	115	19	0	29	35	22	57	28	0	62	10	81	33	114	112	102	13	0	29	19	0	29	16	0	60	10	52	0	58	90	35	22	57	13	0	0	0	5	11	0	0	28	0	62	10	81	33	114	112	89	5	0	29	13	0	29	7	0	60	10	35	0	58	89	19	0	29	2	0	0	0	0	0	0	0	16	0	60	10	52	0	58	90	35	22	57	2	0	14	0	0	0	0	0	13	0	0	0	5	11	0	0	28	0	62	10	81	33	114	112	76	2	0	29	5	0	29	2	0	60	10	10	0	58	89	13	0	29	0	0	0	0	0	0	0	0	7	0	60	10	35	0	58	89	19	0	29	0	0	0	0	0	0	0	0	2	0	0	0	0	0	0	0	16	0	60	10	52	0	58	90	35	22	57	0	0	14	0	0	0	0	0	2	0	14	0	0	0	0	0	13	0	0	0	5	11	0	0	28	0	62	10	81	33	114	112
156	141	39	58	53	126	15	32	32	39	58	53	22	64	74	10	88	118	106	84	111	10	10	32	15	32	32	13	20	72	10	43	74	64	70	39	58	53	12	20	12	0	6	10	106	0	22	64	74	10	88	118	106	84	96	2	0	32	10	10	32	5	0	72	10	29	20	64	70	15	32	32	2	0	12	0	0	0	64	0	13	20	72	10	43	74	64	70	39	58	53	2	0	26	0	0	0	53	0	12	20	12	0	6	10	106	0	22	64	74	10	88	118	106	84	81	0	0	32	2	0	32	0	0	72	10	4	0	64	70	10	10	32	0	0	12	0	0	0	64	0	5	0	72	10	29	20	64	70	15	32	32	0	0	12	0	0	0	32	0	2	0	12	0	0	0	64	0	13	20	72	10	43	74	64	70	39	58	53	0	0	7	0	0	0	0	0	2	0	26	0	0	0	53	0	12	20	12	0	6	10	106	0	22	64	74	10	88	118	106	84
179	161	55	103	46	143	26	70	17	54	103	46	27	154	12	15	109	274	92	99	125	21	42	12	25	70	17	18	96	12	0	60	206	34	70	54	103	46	10	84	12	0	4	10	92	20	27	154	12	15	109	274	92	99	107	14	10	12	20	42	12	14	30	12	0	48	114	24	69	25	70	17	4	20	12	0	0	0	34	19	18	96	12	0	60	206	34	70	54	103	46	0	20	31	0	0	0	138	0	10	84	12	0	4	10	92	20	27	154	12	15	109	274	92	99	89	10	0	12	13	10	12	11	0	12	0	25	20	24	69	20	42	12	4	0	12	0	0	0	24	19	14	30	12	0	48	114	24	69	25	70	17	0	0	12	0	0	0	51	0	4	20	12	0	0	0	34	19	18	96	12	0	60	206	34	70	54	103	46	0	0	27	0	1	0	46	0	0	20	31	0	0	0	138	0	10	84	12	0	4	10	92	20	27	154	12	15	109	274	92	99
117	106	36	19	35	95	22	10	5	36	19	35	32	0	0	15	72	59	35	112	84	17	9	0	22	10	5	22	0	0	0	54	50	5	90	36	19	35	13	9	0	0	4	0	0	20	32	0	0	15	72	59	35	112	73	10	0	0	17	9	0	13	0	0	0	39	45	0	89	22	10	5	3	0	0	0	0	0	0	19	22	0	0	0	54	50	5	90	36	19	35	2	0	14	0	0	0	35	0	13	9	0	0	4	0	0	20	32	0	0	15	72	59	35	112	62	6	0	0	10	0	0	8	0	0	0	19	0	0	89	17	9	0	1	0	0	0	0	0	0	19	13	0	0	0	39	45	0	89	22	10	5	0	0	0	0	0	0	5	0	3	0	0	0	0	0	0	19	22	0	0	0	54	50	5	90	36	19	35	0	0	22	0	1	0	0	0	2	0	14	0	0	0	35	0	13	9	0	0	4	0	0	20	32	0	0	15	72	59	35	112
92	83	29	25	7	74	14	12	0	29	25	7	23	17	0	0	69	52	14	13	65	9	5	0	14	12	0	13	5	0	0	41	29	0	0	29	25	7	11	10	0	0	3	5	7	0	23	17	0	0	69	52	14	13	56	2	0	0	9	5	0	5	0	0	0	27	10	0	0	14	12	0	2	0	0	0	0	0	0	0	13	5	0	0	41	29	0	0	29	25	7	2	0	14	0	0	0	7	0	11	10	0	0	3	5	7	0	23	17	0	0	69	52	14	13	47	0	0	0	2	0	0	0	0	0	0	4	0	0	0	9	5	0	0	0	0	0	0	0	0	0	5	0	0	0	27	10	0	0	14	12	0	0	0	0	0	0	0	0	0	2	0	0	0	0	0	0	0	13	5	0	0	41	29	0	0	29	25	7	0	0	7	0	0	0	0	0	2	0	14	0	0	0	7	0	11	10	0	0	3	5	7	0	23	17	0	0	69	52	14	13
139	125	23	13	97	111	8	0	48	23	13	97	14	0	45	42	63	39	97	198	97	1	0	47	8	0	48	3	0	0	40	22	0	48	83	23	13	97	2	0	54	10	0	0	0	0	14	0	45	42	63	39	97	198	83	0	0	47	1	0	47	0	0	0	40	2	0	47	73	8	0	48	0	0	0	10	0	0	0	0	3	0	0	40	22	0	48	83	23	13	97	0	0	10	0	0	0	0	0	2	0	54	10	0	0	0	0	14	0	45	42	63	39	97	198	69	0	0	47	0	0	47	0	0	0	40	0	0	47	73	1	0	47	0	0	0	10	0	0	0	0	0	0	0	40	2	0	47	73	8	0	48	0	0	0	0	0	0	0	0	0	0	0	10	0	0	0	0	3	0	0	40	22	0	48	83	23	13	97	0	0	0	0	0	0	0	0	0	0	10	0	0	0	0	0	2	0	54	10	0	0	0	0	14	0	45	42	63	39	97	198
156	140	34	41	87	124	8	13	45	34	41	87	18	26	71	66	84	95	174	163	108	1	0	44	8	13	45	3	0	24	64	19	26	90	78	34	41	87	2	0	59	10	0	0	87	0	18	26	71	66	84	95	174	163	92	0	0	44	1	0	44	0	0	24	64	2	0	88	73	8	13	45	0	0	12	10	0	0	45	0	3	0	24	64	19	26	90	78	34	41	87	0	0	10	0	0	0	0	0	2	0	59	10	0	0	87	0	18	26	71	66	84	95	174	163	76	0	0	44	0	0	44	0	0	24	64	0	0	88	73	1	0	44	0	0	12	10	0	0	44	0	0	0	24	64	2	0	88	73	8	13	45	0	0	0	0	0	0	0	0	0	0	12	10	0	0	45	0	3	0	24	64	19	26	90	78	34	41	87	0	0	0	0	0	0	0	0	0	0	10	0	0	0	0	0	2	0	59	10	0	0	87	0	18	26	71	66	84	95	174	163
119	107	20	11	63	95	2	0	61	20	11	63	7	0	23	20	50	33	63	0	83	0	0	61	2	0	61	0	0	23	20	4	0	61	0	20	11	63	0	0	0	0	0	0	0	0	7	0	23	20	50	33	63	0	71	0	0	61	0	0	61	0	0	23	20	0	0	61	0	2	0	61	0	0	0	0	0	0	0	0	0	0	23	20	4	0	61	0	20	11	63	0	0	0	0	0	0	0	0	0	0	0	0	0	0	0	0	7	0	23	20	50	33	63	0	59	0	0	61	0	0	61	0	0	23	20	0	0	61	0	0	0	61	0	0	0	0	0	0	0	0	0	0	23	20	0	0	61	0	2	0	61	0	0	0	0	0	0	0	0	0	0	0	0	0	0	0	0	0	0	23	20	4	0	61	0	20	11	63	0	0	0	0	0	0	0	0	0	0	0	0	0	0	0	0	0	0	0	0	0	0	0	0	7	0	23	20	50	33	63	0
96	86	23	24	18	76	2	0	16	23	24	18	7	0	12	20	60	60	72	0	66	0	0	16	2	0	16	0	0	12	20	4	0	64	0	23	24	18	0	0	0	0	0	0	0	0	7	0	12	20	60	60	72	0	56	0	0	16	0	0	16	0	0	12	20	0	0	64	0	2	0	16	0	0	0	0	0	0	0	0	0	0	12	20	4	0	64	0	23	24	18	0	0	0	0	0	0	0	0	0	0	0	0	0	0	0	0	7	0	12	20	60	60	72	0	46	0	0	16	0	0	16	0	0	12	20	0	0	64	0	0	0	16	0	0	0	0	0	0	0	0	0	0	12	20	0	0	64	0	2	0	16	0	0	0	0	0	0	0	0	0	0	0	0	0	0	0	0	0	0	12	20	4	0	64	0	23	24	18	0	0	0	0	0	0	0	0	0	0	0	0	0	0	0	0	0	0	0	0	0	0	0	0	7	0	12	20	60	60	72	0
83	74	25	23	0	65	1	3	0	25	23	0	2	15	0	0	65	61	0	0	56	0	0	0	1	3	0	0	0	0	0	2	6	0	0	25	23	0	0	0	0	0	0	0	0	0	2	15	0	0	65	61	0	0	47	0	0	0	0	0	0	0	0	0	0	0	0	0	0	1	3	0	0	0	0	0	0	0	0	0	0	0	0	0	2	6	0	0	25	23	0	0	0	0	0	0	0	0	0	0	0	0	0	0	0	0	0	2	15	0	0	65	61	0	0	38	0	0	0	0	0	0	0	0	0	0	0	0	0	0	0	0	0	0	0	0	0	0	0	0	0	0	0	0	0	0	0	0	0	1	3	0	0	0	0	0	0	0	0	0	0	0	0	0	0	0	0	0	0	0	0	0	2	6	0	0	25	23	0	0	0	0	0	0	0	0	0	0	0	0	0	0	0	0	0	0	0	0	0	0	0	0	0	2	15	0	0	65	61	0	0
124	110	22	24	79	96	0	0	50	22	24	79	0	0	52	63	53	48	158	105	82	0	0	38	0	0	50	0	0	33	41	0	0	100	61	22	24	79	0	0	0	24	0	0	0	53	0	0	52	63	53	48	158	105	68	0	0	38	0	0	38	0	0	21	41	0	0	76	60	0	0	50	0	0	0	24	0	0	0	32	0	0	33	41	0	0	100	61	22	24	79	0	0	0	0	0	0	0	0	0	0	0	24	0	0	0	53	0	0	52	63	53	48	158	105	54	0	0	38	0	0	38	0	0	21	41	0	0	76	60	0	0	38	0	0	0	24	0	0	0	32	0	0	21	41	0	0	76	60	0	0	50	0	0	0	0	0	0	0	0	0	0	0	24	0	0	0	32	0	0	33	41	0	0	100	61	22	24	79	0	0	0	0	0	0	0	0	0	0	0	0	0	0	0	0	0	0	0	24	0	0	0	53	0	0	52	63	53	48	158	105
71	63	17	7	18	55	0	0	6	17	7	18	0	0	3	18	47	14	18	18	47	0	0	6	0	0	6	0	0	0	18	0	0	6	16	17	7	18	0	0	0	0	0	0	0	0	0	0	3	18	47	14	18	18	39	0	0	6	0	0	6	0	0	0	18	0	0	6	16	0	0	6	0	0	0	0	0	0	0	0	0	0	0	18	0	0	6	16	17	7	18	0	0	0	0	0	0	0	0	0	0	0	0	0	0	0	0	0	0	3	18	47	14	18	18	31	0	0	6	0	0	6	0	0	0	18	0	0	6	16	0	0	6	0	0	0	0	0	0	0	0	0	0	0	18	0	0	6	16	0	0	6	0	0	0	0	0	0	0	0	0	0	0	0	0	0	0	0	0	0	0	18	0	0	6	16	17	7	18	0	0	0	0	0	0	0	0	0	0	0	0	0	0	0	0	0	0	0	0	0	0	0	0	0	0	3	18	47	14	18	18
132	117	28	36	77	102	1	0	25	28	36	77	3	0	71	50	59	96	231	265	87	0	0	0	1	0	25	0	0	45	0	2	0	75	170	28	36	77	0	0	12	0	0	0	0	106	3	0	71	50	59	96	231	265	72	0	0	0	0	0	0	0	0	0	0	0	0	0	168	1	0	25	0	0	10	0	0	0	0	49	0	0	45	0	2	0	75	170	28	36	77	0	0	0	0	0	0	0	0	0	0	12	0	0	0	0	106	3	0	71	50	59	96	231	265	57	0	0	0	0	0	0	0	0	0	0	0	0	0	168	0	0	0	0	0	0	0	0	0	0	44	0	0	0	0	0	0	0	168	1	0	25	0	0	0	0	0	0	0	0	0	0	10	0	0	0	0	49	0	0	45	0	2	0	75	170	28	36	77	0	0	0	0	0	0	0	0	0	0	0	0	0	0	0	0	0	0	12	0	0	0	0	106	3	0	71	50	59	96	231	265
95	84	29	28	21	73	1	0	10	29	28	21	3	0	39	20	51	91	84	18	62	0	0	0	1	0	10	0	0	30	0	2	0	40	16	29	28	21	0	0	12	0	0	0	0	46	3	0	39	20	51	91	84	18	51	0	0	0	0	0	0	0	0	0	0	0	0	0	16	1	0	10	0	0	10	0	0	0	0	17	0	0	30	0	2	0	40	16	29	28	21	0	0	0	0	0	0	0	0	0	0	12	0	0	0	0	46	3	0	39	20	51	91	84	18	40	0	0	0	0	0	0	0	0	0	0	0	0	0	16	0	0	0	0	0	0	0	0	0	0	12	0	0	0	0	0	0	0	16	1	0	10	0	0	0	0	0	0	0	0	0	0	10	0	0	0	0	17	0	0	30	0	2	0	40	16	29	28	21	0	0	0	0	0	0	0	0	0	0	0	0	0	0	0	0	0	0	12	0	0	0	0	46	3	0	39	20	51	91	84	18
85	75	29	25	3	65	0	0	0	29	25	3	0	0	3	0	38	90	15	0	55	0	0	0	0	0	0	0	0	0	0	0	0	0	0	29	25	3	0	0	0	0	0	0	0	0	0	0	3	0	38	90	15	0	45	0	0	0	0	0	0	0	0	0	0	0	0	0	0	0	0	0	0	0	0	0	0	0	0	0	0	0	0	0	0	0	0	0	29	25	3	0	0	0	0	0	0	0	0	0	0	0	0	0	0	0	0	0	0	3	0	38	90	15	0	35	0	0	0	0	0	0	0	0	0	0	0	0	0	0	0	0	0	0	0	0	0	0	0	0	0	0	0	0	0	0	0	0	0	0	0	0	0	0	0	0	0	0	0	0	0	0	0	0	0	0	0	0	0	0	0	0	0	0	0	0	29	25	3	0	0	0	0	0	0	0	0	0	0	0	0	0	0	0	0	0	0	0	0	0	0	0	0	0	0	3	0	38	90	15	0
142	124	21	32	132	106	1	0	80	20	32	132	0	0	26	105	14	32	264	198	88	1	0	60	0	0	80	0	0	24	68	0	0	160	91	20	32	132	0	0	0	64	0	0	0	87	0	0	26	105	14	32	264	198	70	1	0	28	0	0	60	0	0	22	21	0	0	120	44	0	0	80	0	0	0	12	0	0	0	45	0	0	24	68	0	0	160	91	20	32	132	0	0	0	59	0	0	0	106	0	0	0	64	0	0	0	87	0	0	26	105	14	32	264	198	52	1	0	21	0	0	28	0	0	7	21	0	0	56	44	0	0	60	0	0	0	12	0	0	0	44	0	0	22	21	0	0	120	44	0	0	80	0	0	0	24	0	0	0	49	0	0	0	12	0	0	0	45	0	0	24	68	0	0	160	91	20	32	132	0	0	0	0	0	0	0	13	0	0	0	59	0	0	0	106	0	0	0	64	0	0	0	87	0	0	26	105	14	32	264	198
99	86	25	40	29	73	6	0	17	21	40	29	4	0	22	0	18	24	145	24	60	4	0	17	2	0	17	0	0	22	0	3	0	85	10	21	40	29	0	0	10	0	0	0	0	0	4	0	22	0	18	24	145	24	47	4	0	12	0	0	17	0	0	22	0	0	0	85	0	2	0	17	0	0	10	0	0	0	0	0	0	0	22	0	3	0	85	10	21	40	29	0	0	0	35	0	0	0	0	0	0	10	0	0	0	0	0	4	0	22	0	18	24	145	24	34	4	0	3	0	0	12	0	0	17	0	0	0	60	0	0	0	17	0	0	10	0	0	0	0	0	0	0	22	0	0	0	85	0	2	0	17	0	0	0	0	0	0	0	0	0	0	10	0	0	0	0	0	0	0	22	0	3	0	85	10	21	40	29	0	0	0	6	0	0	0	13	0	0	0	35	0	0	0	0	0	0	10	0	0	0	0	0	4	0	22	0	18	24	145	24
99	86	23	40	35	73	5	0	28	21	40	35	3	0	20	24	20	24	175	3	60	2	0	25	3	0	28	0	0	18	20	6	0	140	0	21	40	35	0	0	18	29	0	0	0	0	3	0	20	24	20	24	175	3	47	2	0	5	0	0	25	0	0	16	0	0	0	125	0	3	0	28	0	0	18	0	0	0	0	0	0	0	18	20	6	0	140	0	21	40	35	0	0	0	5	0	0	0	81	0	0	18	29	0	0	0	0	3	0	20	24	20	24	175	3	34	2	0	0	0	0	5	0	0	5	0	0	0	25	0	0	0	25	0	0	18	0	0	0	0	0	0	0	16	0	0	0	125	0	3	0	28	0	0	0	0	0	0	0	22	0	0	18	0	0	0	0	0	0	0	18	20	6	0	140	0	21	40	35	0	0	0	0	0	0	0	8	0	0	0	5	0	0	0	81	0	0	18	29	0	0	0	0	3	0	20	24	20	24	175	3
94	82	17	20	58	70	0	0	15	17	20	58	0	0	14	39	11	0	116	180	58	0	0	10	0	0	15	0	0	12	20	0	0	30	85	17	20	58	0	0	0	20	0	0	0	0	0	0	14	39	11	0	116	180	46	0	0	0	0	0	10	0	0	10	0	0	0	20	38	0	0	15	0	0	0	0	0	0	0	0	0	0	12	20	0	0	30	85	17	20	58	0	0	0	0	0	0	0	46	0	0	0	20	0	0	0	0	0	0	14	39	11	0	116	180	34	0	0	0	0	0	0	0	0	0	0	0	0	0	38	0	0	10	0	0	0	0	0	0	0	0	0	0	10	0	0	0	20	38	0	0	15	0	0	0	0	0	0	0	17	0	0	0	0	0	0	0	0	0	0	12	20	0	0	30	85	17	20	58	0	0	0	0	0	0	0	0	0	0	0	0	0	0	0	46	0	0	0	20	0	0	0	0	0	0	14	39	11	0	116	180
84	73	16	28	24	62	1	0	0	15	28	24	0	0	0	0	9	7	96	101	51	1	0	0	0	0	0	0	0	0	0	0	0	0	35	15	28	24	0	0	0	0	0	0	0	0	0	0	0	0	9	7	96	101	40	1	0	0	0	0	0	0	0	0	0	0	0	0	0	0	0	0	0	0	0	0	0	0	0	0	0	0	0	0	0	0	0	35	15	28	24	0	0	0	0	0	0	0	0	0	0	0	0	0	0	0	0	0	0	0	0	9	7	96	101	29	1	0	0	0	0	0	0	0	0	0	0	0	0	0	0	0	0	0	0	0	0	0	0	0	0	0	0	0	0	0	0	0	0	0	0	0	0	0	0	0	0	0	0	0	0	0	0	0	0	0	0	0	0	0	0	0	0	0	0	35	15	28	24	0	0	0	0	0	0	0	0	0	0	0	0	0	0	0	0	0	0	0	0	0	0	0	0	0	0	0	0	9	7	96	101
63	53	10	17	29	44	5	9	5	5	8	29	0	0	12	5	7	8	29	88	35	5	9	5	0	0	5	0	0	10	5	0	0	5	45	5	8	29	0	0	0	0	0	0	0	0	0	0	12	5	7	8	29	88	26	5	9	5	0	0	5	0	0	10	5	0	0	5	42	0	0	5	0	0	0	0	0	0	0	0	0	0	10	5	0	0	5	45	5	8	29	0	0	0	0	0	0	0	0	0	0	0	0	0	0	0	0	0	0	12	5	7	8	29	88	17	5	9	5	0	0	5	0	0	10	5	0	0	5	17	0	0	5	0	0	0	0	0	0	0	0	0	0	10	5	0	0	5	42	0	0	5	0	0	0	0	0	0	0	0	0	0	0	0	0	0	0	0	0	0	10	5	0	0	5	45	5	8	29	2	0	0	0	1	0	0	0	0	0	0	0	0	0	0	0	0	0	0	0	0	0	0	0	0	0	12	5	7	8	29	88
97	82	20	38	96	68	6	14	57	15	24	96	3	0	83	77	25	36	192	196	54	5	14	55	1	0	57	0	0	78	71	1	0	114	125	15	24	96	0	0	10	24	0	0	0	0	3	0	83	77	25	36	192	196	40	5	14	53	0	0	55	0	0	78	65	0	0	110	102	1	0	57	0	0	10	20	0	0	0	0	0	0	78	71	1	0	114	125	15	24	96	0	0	0	20	0	0	0	0	0	0	10	24	0	0	0	0	3	0	83	77	25	36	192	196	26	5	14	32	0	0	53	0	0	78	24	0	0	106	45	0	0	55	0	0	10	0	0	0	0	0	0	0	78	65	0	0	110	102	1	0	57	0	0	0	0	0	0	0	0	0	0	10	20	0	0	0	0	0	0	78	71	1	0	114	125	15	24	96	2	0	0	77	3	0	0	46	0	0	0	20	0	0	0	0	0	0	10	24	0	0	0	0	3	0	83	77	25	36	192	196
56	48	2	0	49	40	1	0	0	1	0	49	0	0	0	0	1	0	0	278	32	1	0	0	0	0	0	0	0	0	0	0	0	0	140	1	0	49	0	0	0	0	0	0	0	0	0	0	0	0	1	0	0	278	24	1	0	0	0	0	0	0	0	0	0	0	0	0	112	0	0	0	0	0	0	0	0	0	0	0	0	0	0	0	0	0	0	140	1	0	49	0	0	0	0	0	0	0	0	0	0	0	0	0	0	0	0	0	0	0	0	1	0	0	278	16	1	0	0	0	0	0	0	0	0	0	0	0	0	45	0	0	0	0	0	0	0	0	0	0	0	0	0	0	0	0	0	0	112	0	0	0	0	0	0	0	0	0	0	0	0	0	0	0	0	0	0	0	0	0	0	0	0	0	0	140	1	0	49	0	0	0	0	0	0	0	0	0	0	0	0	0	0	0	0	0	0	0	0	0	0	0	0	0	0	0	0	1	0	0	278
56	48	5	0	33	40	2	0	0	3	0	33	0	0	0	0	4	0	0	146	32	2	0	0	0	0	0	0	0	0	0	0	0	0	60	3	0	33	0	0	0	0	0	0	0	0	0	0	0	0	4	0	0	146	24	2	0	0	0	0	0	0	0	0	0	0	0	0	52	0	0	0	0	0	0	0	0	0	0	0	0	0	0	0	0	0	0	60	3	0	33	0	0	0	0	0	0	0	0	0	0	0	0	0	0	0	0	0	0	0	0	4	0	0	146	16	2	0	0	0	0	0	0	0	0	0	0	0	0	17	0	0	0	0	0	0	0	0	0	0	0	0	0	0	0	0	0	0	52	0	0	0	0	0	0	0	0	0	0	0	0	0	0	0	0	0	0	0	0	0	0	0	0	0	0	60	3	0	33	0	0	0	0	0	0	0	0	0	0	0	0	0	0	0	0	0	0	0	0	0	0	0	0	0	0	0	0	4	0	0	146
49	42	5	0	23	35	2	0	0	3	0	23	0	0	0	0	4	0	0	88	28	2	0	0	0	0	0	0	0	0	0	0	0	0	45	3	0	23	0	0	0	0	0	0	0	0	0	0	0	0	4	0	0	88	21	2	0	0	0	0	0	0	0	0	0	0	0	0	42	0	0	0	0	0	0	0	0	0	0	0	0	0	0	0	0	0	0	45	3	0	23	0	0	0	0	0	0	0	0	0	0	0	0	0	0	0	0	0	0	0	0	4	0	0	88	14	2	0	0	0	0	0	0	0	0	0	0	0	0	17	0	0	0	0	0	0	0	0	0	0	0	0	0	0	0	0	0	0	42	0	0	0	0	0	0	0	0	0	0	0	0	0	0	0	0	0	0	0	0	0	0	0	0	0	0	45	3	0	23	0	0	0	0	0	0	0	0	0	0	0	0	0	0	0	0	0	0	0	0	0	0	0	0	0	0	0	0	4	0	0	88
87	72	37	36	91	57	6	0	88	33	36	91	6	0	154	27	82	84	273	0	42	4	0	87	2	0	88	0	0	153	26	2	0	264	0	33	36	91	0	0	24	6	1	0	0	0	6	0	154	27	82	84	273	0	27	4	0	87	0	0	87	0	0	153	26	0	0	261	0	2	0	88	0	0	24	6	0	0	0	0	0	0	153	26	2	0	264	0	33	36	91	1	0	0	0	1	0	0	0	0	0	24	6	1	0	0	0	6	0	154	27	82	84	273	0	12	3	0	87	0	0	87	0	0	153	26	0	0	261	0	0	0	87	0	0	24	6	0	0	0	0	0	0	153	26	0	0	261	0	2	0	88	0	0	0	0	0	0	0	0	0	0	24	6	0	0	0	0	0	0	153	26	2	0	264	0	24	36	91	7	0	0	0	18	12	0	0	0	0	0	0	0	0	0	0	0	0	24	6	0	0	0	0	6	0	154	27	67	84	273	0
56	46	36	24	35	36	8	0	35	30	24	35	6	0	83	0	74	66	140	0	26	6	0	35	2	0	35	0	0	83	0	2	0	140	0	30	24	35	0	0	24	0	2	0	0	0	6	0	83	0	74	66	140	0	16	6	0	35	0	0	35	0	0	83	0	0	0	140	0	2	0	35	0	0	24	0	0	0	0	0	0	0	83	0	2	0	140	0	30	24	35	17	0	0	0	2	0	0	0	0	0	24	0	2	0	0	0	6	0	83	0	74	66	140	0	6	1	0	35	0	0	35	0	0	83	0	0	0	140	0	0	0	35	0	0	24	0	0	0	0	0	0	0	83	0	0	0	140	0	2	0	35	0	0	0	0	0	0	0	0	0	0	24	0	0	0	0	0	0	0	83	0	2	0	140	0	17	24	35	5	0	0	0	11	30	0	0	0	0	0	0	0	0	0	0	0	0	24	0	0	0	0	0	6	0	83	0	49	66	140	0
62	50	47	41	22	39	14	11	22	38	30	22	13	0	78	0	89	96	110	0	28	12	11	22	5	0	22	6	0	78	0	10	0	110	0	35	30	22	3	0	22	0	4	0	0	0	7	0	78	0	84	96	110	0	17	12	11	22	3	0	22	6	0	78	0	5	0	110	0	2	0	22	3	0	22	0	1	0	0	0	0	0	78	0	5	0	110	0	35	30	22	31	0	0	0	4	0	0	0	3	0	22	0	4	0	0	0	7	0	78	0	84	96	110	0	6	4	6	22	3	0	22	6	0	78	0	5	0	110	0	0	0	22	0	0	22	0	0	0	0	0	0	0	78	0	0	0	110	0	2	0	22	2	0	0	0	1	0	0	0	3	0	22	0	1	0	0	0	0	0	78	0	5	0	110	0	17	30	22	10	30	36	0	17	30	0	0	12	0	0	0	0	0	0	0	0	0	22	0	0	0	0	0	7	0	78	0	44	96	110	0
73	59	26	35	73	47	12	24	48	15	11	73	2	0	26	39	33	11	73	125	35	12	24	46	1	0	48	2	0	25	36	3	0	48	62	14	11	73	0	0	0	11	0	0	0	0	0	0	26	39	30	11	73	125	23	12	24	46	1	0	46	2	0	25	36	3	0	46	60	0	0	48	0	0	0	11	0	0	0	0	0	0	25	36	0	0	48	62	14	11	73	2	0	0	0	0	0	0	0	0	0	0	11	0	0	0	0	0	0	26	39	30	11	73	125	11	10	22	46	1	0	46	2	0	25	36	3	0	46	58	0	0	46	0	0	0	11	0	0	0	0	0	0	25	36	0	0	46	60	0	0	48	0	0	0	0	0	0	0	0	0	0	0	11	0	0	0	0	0	0	25	36	0	0	48	62	13	11	73	10	22	9	0	10	11	0	0	1	0	0	0	0	0	0	0	0	0	0	11	0	0	0	0	0	0	26	39	29	11	73	125
58	48	24	16	39	38	7	0	23	17	16	39	0	0	11	29	40	24	78	96	28	7	0	21	0	0	23	0	0	10	26	0	0	46	57	17	16	39	0	0	0	11	0	0	0	0	0	0	11	29	40	24	78	96	18	7	0	21	0	0	21	0	0	10	26	0	0	42	55	0	0	23	0	0	0	11	0	0	0	0	0	0	10	26	0	0	46	57	17	16	39	1	0	0	0	0	0	0	0	0	0	0	11	0	0	0	0	0	0	11	29	40	24	78	96	8	6	0	21	0	0	21	0	0	10	26	0	0	42	53	0	0	21	0	0	0	11	0	0	0	0	0	0	10	26	0	0	42	55	0	0	23	0	0	0	0	0	0	0	0	0	0	0	11	0	0	0	0	0	0	10	26	0	0	46	57	14	16	39	7	0	0	0	13	8	0	0	0	0	0	0	0	0	0	0	0	0	0	11	0	0	0	0	0	0	11	29	36	24	78	96
80	63	40	31	112	47	23	16	62	23	15	112	14	0	13	75	51	15	112	260	31	23	16	61	6	0	62	14	0	12	72	13	0	62	216	17	15	112	3	0	0	10	4	0	0	0	0	0	13	75	38	15	112	260	15	17	15	61	6	0	61	14	0	12	72	13	0	61	211	0	0	62	0	0	0	10	0	0	0	0	0	0	12	72	0	0	62	216	16	15	112	18	15	67	0	4	0	0	0	3	0	0	10	4	0	0	0	0	0	13	75	38	15	112	260	0	0	0	61	0	0	61	0	0	12	72	0	0	61	211	0	0	61	0	0	0	10	0	0	0	0	0	0	12	72	0	0	61	211	0	0	62	0	0	63	0	0	0	0	0	0	0	0	10	0	0	0	0	0	0	12	72	0	0	62	216	0	0	112	0	0	122	0	0	0	112	0	0	0	67	0	0	0	0	0	0	0	0	10	0	0	0	0	0	0	13	75	0	0	112	260
73	58	31	26	103	43	11	0	62	23	26	103	6	0	42	107	43	39	206	187	28	11	0	62	3	0	62	6	0	36	107	5	0	124	168	20	26	103	3	0	0	0	4	0	0	0	0	0	42	107	38	39	206	187	13	8	0	62	3	0	62	6	0	36	107	5	0	124	165	0	0	62	0	0	0	0	0	0	0	0	0	0	36	107	0	0	124	168	17	26	103	19	0	39	0	4	0	0	0	3	0	0	0	4	0	0	0	0	0	42	107	38	39	206	187	0	0	0	62	0	0	62	0	0	36	107	0	0	124	165	0	0	62	0	0	0	0	0	0	0	0	0	0	36	107	0	0	124	165	0	0	62	0	0	36	0	0	0	0	0	0	0	0	0	0	0	0	0	0	0	36	107	0	0	124	168	0	0	103	0	0	32	0	0	0	0	0	0	0	39	0	0	0	0	0	0	0	0	0	0	0	0	0	0	0	42	107	0	0	206	187
66	52	31	40	69	38	8	0	39	24	40	69	5	0	29	73	35	90	276	148	24	7	0	39	1	0	39	1	0	24	73	3	0	156	145	23	40	69	4	0	0	0	2	10	0	0	4	0	29	73	32	90	276	148	10	6	0	39	0	0	39	0	0	24	73	0	0	156	144	0	0	39	0	0	0	0	0	0	0	0	0	0	24	73	0	0	156	145	14	40	69	17	0	0	0	2	10	0	0	0	0	0	0	2	10	0	0	0	0	29	73	28	90	276	148	0	0	0	39	0	0	39	0	0	24	73	0	0	156	144	0	0	39	0	0	0	0	0	0	0	0	0	0	24	73	0	0	156	144	0	0	39	0	0	0	0	0	0	0	0	0	0	0	0	0	0	0	0	0	0	24	73	0	0	156	145	0	0	69	0	0	6	0	0	0	0	0	0	0	0	0	0	0	0	0	0	0	0	0	0	0	0	0	0	0	29	73	0	0	276	148
80	63	50	60	113	46	20	0	103	41	60	113	25	0	100	55	72	144	565	22	29	17	0	103	11	0	103	17	0	97	55	22	0	515	22	32	60	113	17	0	20	0	4	12	0	0	18	0	100	55	59	144	565	22	12	8	0	103	8	0	103	6	0	97	55	10	0	515	22	2	0	103	0	0	20	0	0	0	0	0	10	0	97	55	9	0	515	22	18	60	113	19	0	89	0	4	12	0	0	13	0	20	0	4	12	0	0	4	0	100	55	42	144	565	22	0	0	0	103	0	0	103	0	0	97	55	0	0	515	22	0	0	103	0	0	20	0	0	0	0	0	0	0	97	55	0	0	515	22	0	0	103	0	0	86	0	0	0	0	0	0	0	20	0	0	0	0	0	0	0	97	55	0	0	515	22	0	0	113	0	0	32	0	0	0	0	0	0	0	89	0	0	0	0	0	0	0	20	0	0	0	0	0	0	0	100	55	0	0	565	22
60	44	33	80	38	32	9	48	22	28	32	38	11	0	26	42	46	80	152	57	20	8	48	22	4	0	22	7	0	22	42	8	0	88	57	24	32	38	7	0	0	0	3	8	0	0	4	0	26	42	38	80	152	57	8	4	32	22	3	0	22	6	0	22	42	5	0	88	57	0	0	22	0	0	0	0	0	0	0	0	0	0	22	42	0	0	88	57	14	32	38	3	128	39	0	3	8	0	0	3	0	0	0	3	8	0	0	0	0	26	42	30	80	152	57	0	0	0	22	0	0	22	0	0	22	42	0	0	88	57	0	0	22	0	0	0	0	0	0	0	0	0	0	22	42	0	0	88	57	0	0	22	0	0	36	0	0	0	0	0	0	0	0	0	0	0	0	0	0	0	22	42	0	0	88	57	0	0	38	0	0	32	0	0	0	152	0	0	0	39	0	0	0	0	0	0	0	0	0	0	0	0	0	0	0	26	42	0	0	152	57
54	40	14	24	79	26	2	0	57	13	24	79	5	0	20	0	11	0	158	182	12	1	0	57	1	0	57	1	0	20	0	3	0	114	142	12	24	79	4	0	0	0	0	0	0	0	4	0	20	0	8	0	158	182	0	0	0	57	0	0	57	0	0	20	0	0	0	114	142	0	0	57	0	0	0	0	0	0	0	0	0	0	20	0	0	0	114	142	0	0	79	0	0	0	0	0	0	0	0	0	0	0	0	0	0	0	0	0	0	20	0	0	0	158	182	0	0	0	57	0	0	57	0	0	20	0	0	0	114	142	0	0	57	0	0	0	0	0	0	0	0	0	0	20	0	0	0	114	142	0	0	57	0	0	0	0	0	0	0	0	0	0	0	0	0	0	0	0	0	0	20	0	0	0	114	142	0	0	0	0	0	0	0	0	0	0	0	0	0	0	0	0	0	0	0	0	0	0	0	0	0	0	0	0	0	0	0	0	0	0	182
67	50	18	16	168	33	7	0	103	12	16	168	5	0	0	104	11	0	168	435	16	6	0	98	1	0	103	1	0	0	89	3	0	103	288	11	16	168	4	0	0	58	0	0	0	0	4	0	0	104	8	0	168	435	0	0	0	98	0	0	98	0	0	0	89	0	0	98	287	0	0	103	0	0	0	58	0	0	0	0	0	0	0	89	0	0	103	288	0	0	168	0	0	47	0	0	0	0	0	0	0	0	58	0	0	0	0	0	0	0	104	0	0	168	435	0	0	0	98	0	0	98	0	0	0	89	0	0	98	287	0	0	98	0	0	0	58	0	0	0	0	0	0	0	89	0	0	98	287	0	0	103	0	0	0	0	0	0	0	0	0	0	0	58	0	0	0	0	0	0	0	89	0	0	103	288	0	0	0	0	0	0	0	0	0	0	0	0	0	0	0	0	0	0	0	0	0	0	58	0	0	0	0	0	0	0	104	0	0	0	435
65	48	29	42	144	31	11	0	121	24	42	144	15	0	68	44	28	56	432	151	14	5	0	121	6	0	121	1	0	66	44	8	0	363	125	14	42	144	4	0	55	0	0	0	0	0	14	0	68	44	17	56	432	151	0	0	0	121	0	0	121	0	0	66	44	0	0	363	125	0	0	121	0	0	50	0	0	0	0	0	0	0	66	44	0	0	363	125	0	0	144	0	0	32	0	0	0	0	0	0	0	55	0	0	0	0	0	0	0	68	44	0	0	432	151	0	0	0	121	0	0	121	0	0	66	44	0	0	363	125	0	0	121	0	0	50	0	0	0	0	0	0	0	66	44	0	0	363	125	0	0	121	0	0	0	0	0	0	0	0	0	0	50	0	0	0	0	0	0	0	66	44	0	0	363	125	0	0	0	0	0	0	0	0	0	0	0	0	0	0	0	0	0	0	0	0	0	0	0	0	0	0	0	0	0	0	44	0	0	0	151
51	36	31	63	58	22	14	22	23	22	49	58	16	49	22	62	26	75	232	220	9	6	9	22	8	9	23	6	9	20	58	10	27	92	164	10	36	58	0	36	106	12	0	0	58	0	10	36	22	62	13	36	232	220	0	0	0	22	0	0	22	0	0	20	58	0	0	88	164	0	0	23	0	0	89	12	0	0	23	0	0	0	20	58	0	0	92	164	0	0	58	0	0	66	0	0	0	58	0	0	0	106	12	0	0	58	0	0	0	22	62	0	0	232	220	0	0	0	22	0	0	22	0	0	20	58	0	0	88	164	0	0	22	0	0	86	12	0	0	22	0	0	0	20	58	0	0	88	164	0	0	23	0	0	26	0	0	0	23	0	0	0	89	12	0	0	23	0	0	0	20	58	0	0	92	164	0	0	0	0	0	0	0	0	0	0	0	0	0	0	0	0	0	0	0	0	0	0	12	0	0	0	0	0	0	0	62	0	0	0	220
38	28	16	16	43	18	6	0	0	11	16	43	5	0	0	0	11	0	86	323	8	5	0	0	1	0	0	1	0	0	0	3	0	0	226	10	16	43	4	0	0	0	0	0	0	0	4	0	0	0	8	0	86	323	0	0	0	0	0	0	0	0	0	0	0	0	0	0	226	0	0	0	0	0	0	0	0	0	0	0	0	0	0	0	0	0	0	226	0	0	43	0	0	32	0	0	0	0	0	0	0	0	0	0	0	0	0	0	0	0	0	0	0	86	323	0	0	0	0	0	0	0	0	0	0	0	0	0	0	226	0	0	0	0	0	0	0	0	0	0	0	0	0	0	0	0	0	0	226	0	0	0	0	0	0	0	0	0	0	0	0	0	0	0	0	0	0	0	0	0	0	0	0	0	0	226	0	0	0	0	0	0	0	0	0	0	0	0	0	0	0	0	0	0	0	0	0	0	0	0	0	0	0	0	0	0	0	0	0	0	323
27	18	6	0	62	9	1	0	2	5	0	62	1	0	9	2	6	0	0	492	0	0	0	2	0	0	2	0	0	0	2	0	0	0	304	0	0	62	0	0	9	0	0	0	0	0	0	0	9	2	0	0	0	492	0	0	0	2	0	0	2	0	0	0	2	0	0	0	298	0	0	2	0	0	0	0	0	0	0	0	0	0	0	2	0	0	0	304	0	0	0	0	0	0	0	0	0	0	0	0	0	0	0	0	0	0	0	0	0	0	2	0	0	0	492	0	0	0	2	0	0	2	0	0	0	2	0	0	0	298	0	0	2	0	0	0	0	0	0	0	0	0	0	0	2	0	0	0	298	0	0	0	0	0	0	0	0	0	0	0	0	0	0	0	0	0	0	0	0	0	0	2	0	0	0	304	0	0	0	0	0	0	0	0	0	0	0	0	0	0	0	0	0	0	0	0	0	0	0	0	0	0	0	0	0	0	0	0	0	0	0
30	20	8	0	89	10	1	0	43	7	0	89	1	0	31	50	6	0	0	324	0	0	0	43	0	0	43	0	0	22	50	0	0	0	201	0	0	89	0	0	9	0	0	0	0	0	0	0	31	50	0	0	0	324	0	0	0	43	0	0	43	0	0	22	50	0	0	0	200	0	0	43	0	0	0	0	0	0	0	0	0	0	22	50	0	0	0	201	0	0	0	0	0	0	0	0	0	0	0	0	0	0	0	0	0	0	0	0	0	0	50	0	0	0	324	0	0	0	43	0	0	43	0	0	22	50	0	0	0	200	0	0	43	0	0	0	0	0	0	0	0	0	0	22	50	0	0	0	200	0	0	0	0	0	0	0	0	0	0	0	0	0	0	0	0	0	0	0	0	0	0	50	0	0	0	201	0	0	0	0	0	0	0	0	0	0	0	0	0	0	0	0	0	0	0	0	0	0	0	0	0	0	0	0	0	0	0	0	0	0	0
38	24	20	40	75	10	1	0	49	16	40	75	1	0	135	36	13	30	300	202	0	0	0	48	0	0	49	0	0	116	34	0	0	196	144	0	0	75	0	0	9	10	0	0	0	0	0	0	135	36	0	0	300	202	0	0	0	48	0	0	48	0	0	111	34	0	0	192	143	0	0	49	0	0	0	10	0	0	0	0	0	0	116	34	0	0	196	144	0	0	0	0	0	0	0	0	0	0	0	0	0	0	10	0	0	0	0	0	0	0	36	0	0	0	202	0	0	0	48	0	0	48	0	0	111	34	0	0	192	143	0	0	48	0	0	0	10	0	0	0	0	0	0	111	34	0	0	192	143	0	0	0	0	0	0	0	0	0	0	0	0	0	0	10	0	0	0	0	0	0	0	34	0	0	0	144	0	0	0	0	0	0	0	0	0	0	0	0	0	0	0	0	0	0	0	0	0	0	10	0	0	0	0	0	0	0	0	0	0	0	0
28	17	22	30	48	6	0	0	46	17	30	48	0	0	159	22	8	30	240	0	0	0	0	45	0	0	46	0	0	149	20	0	0	230	0	0	0	48	0	0	0	10	0	0	0	0	0	0	159	22	0	0	240	0	0	0	0	45	0	0	45	0	0	144	20	0	0	225	0	0	0	46	0	0	0	10	0	0	0	0	0	0	149	20	0	0	230	0	0	0	0	0	0	0	0	0	0	0	0	0	0	0	10	0	0	0	0	0	0	0	22	0	0	0	0	0	0	0	45	0	0	45	0	0	144	20	0	0	225	0	0	0	45	0	0	0	10	0	0	0	0	0	0	144	20	0	0	225	0	0	0	0	0	0	0	0	0	0	0	0	0	0	0	10	0	0	0	0	0	0	0	20	0	0	0	0	0	0	0	0	0	0	0	0	0	0	0	0	0	0	0	0	0	0	0	0	0	0	10	0	0	0	0	0	0	0	0	0	0	0	0
18	12	13	0	20	6	1	0	11	12	0	20	1	0	31	0	11	0	0	58	0	0	0	11	0	0	11	0	0	22	0	0	0	0	23	0	0	20	0	0	9	0	0	0	0	0	0	0	31	0	0	0	0	58	0	0	0	11	0	0	11	0	0	22	0	0	0	0	22	0	0	11	0	0	0	0	0	0	0	0	0	0	22	0	0	0	0	23	0	0	0	0	0	0	0	0	0	0	0	0	0	0	0	0	0	0	0	0	0	0	0	0	0	0	58	0	0	0	11	0	0	11	0	0	22	0	0	0	0	22	0	0	11	0	0	0	0	0	0	0	0	0	0	22	0	0	0	0	22	0	0	0	0	0	0	0	0	0	0	0	0	0	0	0	0	0	0	0	0	0	0	0	0	0	0	23	0	0	0	0	0	0	0	0	0	0	0	0	0	0	0	0	0	0	0	0	0	0	0	0	0	0	0	0	0	0	0	0	0	0	0
32	15	11	30	148	0	0	0	140	0	0	148	0	0	101	26	0	0	296	48	0	0	0	137	0	0	140	0	0	101	22	0	0	280	46	0	0	0	0	0	0	39	0	0	0	0	0	0	0	26	0	0	0	48	0	0	0	131	0	0	137	0	0	99	20	0	0	274	45	0	0	0	0	0	0	33	0	0	0	0	0	0	0	22	0	0	0	46	0	0	0	0	0	0	71	0	0	0	0	0	0	0	39	0	0	0	0	0	0	0	0	0	0	0	0	0	0	0	130	0	0	131	0	0	88	20	0	0	262	45	0	0	0	0	0	0	32	0	0	0	0	0	0	0	20	0	0	0	45	0	0	0	0	0	0	67	0	0	0	0	0	0	0	33	0	0	0	0	0	0	0	0	0	0	0	0	0	0	0	0	0	0	12	0	0	0	0	0	0	0	71	0	0	0	0	0	0	0	0	0	0	0	0	0	0	0	0	0	0	0	0
26	13	3	0	136	0	0	0	111	0	0	136	0	0	13	107	0	0	0	123	0	0	0	109	0	0	111	0	0	13	103	0	0	0	95	0	0	0	0	0	0	22	0	0	0	0	0	0	0	107	0	0	0	123	0	0	0	108	0	0	109	0	0	13	101	0	0	0	93	0	0	0	0	0	0	20	0	0	0	0	0	0	0	103	0	0	0	95	0	0	0	0	0	0	10	0	0	0	0	0	0	0	22	0	0	0	0	0	0	0	0	0	0	0	0	0	0	0	108	0	0	108	0	0	13	101	0	0	0	93	0	0	0	0	0	0	20	0	0	0	0	0	0	0	101	0	0	0	93	0	0	0	0	0	0	10	0	0	0	0	0	0	0	20	0	0	0	0	0	0	0	0	0	0	0	0	0	0	0	0	0	0	0	0	0	0	0	0	0	0	10	0	0	0	0	0	0	0	0	0	0	0	0	0	0	0	0	0	0	0	0
28	14	0	0	143	0	0	0	118	0	0	143	0	0	0	107	0	0	0	123	0	0	0	116	0	0	118	0	0	0	103	0	0	0	95	0	0	0	0	0	0	22	0	0	0	0	0	0	0	107	0	0	0	123	0	0	0	115	0	0	116	0	0	0	101	0	0	0	93	0	0	0	0	0	0	20	0	0	0	0	0	0	0	103	0	0	0	95	0	0	0	0	0	0	10	0	0	0	0	0	0	0	22	0	0	0	0	0	0	0	0	0	0	0	0	0	0	0	115	0	0	115	0	0	0	101	0	0	0	93	0	0	0	0	0	0	20	0	0	0	0	0	0	0	101	0	0	0	93	0	0	0	0	0	0	10	0	0	0	0	0	0	0	20	0	0	0	0	0	0	0	0	0	0	0	0	0	0	0	0	0	0	0	0	0	0	0	0	0	0	10	0	0	0	0	0	0	0	0	0	0	0	0	0	0	0	0	0	0	0	0
24	12	8	0	101	0	0	0	80	0	0	101	0	0	49	63	0	0	0	123	0	0	0	77	0	0	80	0	0	49	59	0	0	0	95	0	0	0	0	0	0	39	0	0	0	0	0	0	0	63	0	0	0	123	0	0	0	72	0	0	77	0	0	47	57	0	0	0	93	0	0	0	0	0	0	33	0	0	0	0	0	0	0	59	0	0	0	95	0	0	0	0	0	0	62	0	0	0	0	0	0	0	39	0	0	0	0	0	0	0	0	0	0	0	0	0	0	0	71	0	0	72	0	0	39	57	0	0	0	93	0	0	0	0	0	0	32	0	0	0	0	0	0	0	57	0	0	0	93	0	0	0	0	0	0	58	0	0	0	0	0	0	0	33	0	0	0	0	0	0	0	0	0	0	0	0	0	0	0	0	0	0	12	0	0	0	0	0	0	0	62	0	0	0	0	0	0	0	0	0	0	0	0	0	0	0	0	0	0	0	0
23	10	11	30	96	0	0	0	74	0	0	96	0	0	114	62	0	0	288	123	0	0	0	62	0	0	74	0	0	110	22	0	0	222	95	0	0	0	0	0	0	39	0	0	0	58	0	0	0	62	0	0	0	123	0	0	0	55	0	0	62	0	0	99	20	0	0	186	93	0	0	0	0	0	0	33	0	0	0	23	0	0	0	22	0	0	0	95	0	0	0	0	0	0	81	0	0	0	0	0	0	0	39	0	0	0	58	0	0	0	0	0	0	0	0	0	0	0	53	0	0	55	0	0	86	20	0	0	165	93	0	0	0	0	0	0	32	0	0	0	22	0	0	0	20	0	0	0	93	0	0	0	0	0	0	76	0	0	0	0	0	0	0	33	0	0	0	23	0	0	0	0	0	0	0	0	0	0	0	0	0	0	21	0	0	0	0	0	0	0	81	0	0	0	0	0	0	0	0	0	0	0	0	0	0	0	0	0	0	0	0
14	0	0	0	145	0	0	0	107	0	0	0	0	0	0	172	0	0	0	244	0	0	0	103	0	0	0	0	0	0	168	0	0	0	214	0	0	0	0	0	0	36	0	0	0	0	0	0	0	0	0	0	0	0	0	0	0	89	0	0	0	0	0	0	156	0	0	0	199	0	0	0	0	0	0	0	0	0	0	0	0	0	0	0	0	0	0	0	0	0	0	0	0	0	49	0	0	0	58	0	0	0	0	0	0	0	0	0	0	0	0	0	0	0	0	0	0	0	74	0	0	0	0	0	0	141	0	0	0	186	0	0	0	0	0	0	0	0	0	0	0	0	0	0	0	0	0	0	0	0	0	0	0	0	0	13	0	0	0	23	0	0	0	0	0	0	0	0	0	0	0	0	0	0	0	0	0	0	0	0	0	0	78	0	0	0	38	0	0	0	0	0	0	0	0	0	0	0	0	0	0	0	0	0	0	0	0	0	0	0	0
13	0	0	0	124	0	0	0	108	0	0	0	0	0	0	85	0	0	0	96	0	0	0	108	0	0	0	0	0	0	85	0	0	0	74	0	0	0	0	0	0	0	0	0	0	0	0	0	0	0	0	0	0	0	0	0	0	102	0	0	0	0	0	0	82	0	0	0	62	0	0	0	0	0	0	0	0	0	0	0	0	0	0	0	0	0	0	0	0	0	0	0	0	0	64	0	0	0	0	0	0	0	0	0	0	0	0	0	0	0	0	0	0	0	0	0	0	0	66	0	0	0	0	0	0	67	0	0	0	55	0	0	0	0	0	0	0	0	0	0	0	0	0	0	0	0	0	0	0	0	0	0	0	0	0	13	0	0	0	0	0	0	0	0	0	0	0	0	0	0	0	0	0	0	0	0	0	0	0	0	0	0	119	0	0	0	150	0	0	0	0	0	0	0	0	0	0	0	0	0	0	0	0	0	0	0	0	0	0	0	0
10	0	0	0	77	0	0	0	75	0	0	0	0	0	0	20	0	0	0	0	0	0	0	75	0	0	0	0	0	0	20	0	0	0	0	0	0	0	0	0	0	0	0	0	0	0	0	0	0	0	0	0	0	0	0	0	0	71	0	0	0	0	0	0	20	0	0	0	0	0	0	0	0	0	0	0	0	0	0	0	0	0	0	0	0	0	0	0	0	0	0	0	0	0	32	0	0	0	0	0	0	0	0	0	0	0	0	0	0	0	0	0	0	0	0	0	0	0	60	0	0	0	0	0	0	18	0	0	0	0	0	0	0	0	0	0	0	0	0	0	0	0	0	0	0	0	0	0	0	0	0	0	0	0	0	0	0	0	0	0	0	0	0	0	0	0	0	0	0	0	0	0	0	0	0	0	0	0	0	0	0	0	27	0	0	0	38	0	0	0	0	0	0	0	0	0	0	0	0	0	0	0	0	0	0	0	0	0	0	0	0
6	0	0	0	37	0	0	0	12	0	0	0	0	0	0	0	0	0	0	244	0	0	0	12	0	0	0	0	0	0	0	0	0	0	214	0	0	0	0	0	0	0	0	0	0	0	0	0	0	0	0	0	0	0	0	0	0	8	0	0	0	0	0	0	0	0	0	0	199	0	0	0	0	0	0	0	0	0	0	0	0	0	0	0	0	0	0	0	0	0	0	0	0	0	32	0	0	0	0	0	0	0	0	0	0	0	0	0	0	0	0	0	0	0	0	0	0	0	0	0	0	0	0	0	0	0	0	0	0	186	0	0	0	0	0	0	0	0	0	0	0	0	0	0	0	0	0	0	0	0	0	0	0	0	0	0	0	0	0	0	0	0	0	0	0	0	0	0	0	0	0	0	0	0	0	0	0	0	0	0	0	0	0	0	0	0	38	0	0	0	0	0	0	0	0	0	0	0	0	0	0	0	0	0	0	0	0	0	0	0	0
