126	124	4	0	0	122	4	0	0	4	0	0	0	0	0	0	9	0	0	0	120	4	0	0	4	0	0	0	0	0	0	9	0	0	0	4	0	0	0	0	0	0	0	0	0	0	0	0	0	0	9	0	0	0	118	4	0	0	4	0	0	0	0	0	0	9	0	0	0	4	0	0	0	0	0	0	0	0	0	0	0	0	0	0	9	0	0	0	4	0	0	0	0	0	0	0	0	0	0	0	0	0	0	0	0	0	0	0	0	0	0	9	0	0	0	116	4	0	0	4	0	0	0	0	0	0	9	0	0	0	4	0	0	0	0	0	0	0	0	0	0	0	0	0	0	9	0	0	0	4	0	0	0	0	0	0	0	0	0	0	0	0	0	0	0	0	0	0	0	0	0	0	9	0	0	0	4	0	0	0	0	0	0	0	0	0	0	0	0	0	0	0	0	0	0	0	0	0	0	0	0	0	0	0	0	0	0	9	0	0	0
306	300	14	9	0	294	7	9	0	14	9	0	4	0	0	0	20	18	0	0	288	6	9	0	7	9	0	3	0	0	0	18	18	0	0	14	9	0	1	0	0	0	3	0	0	0	4	0	0	0	20	18	0	0	282	6	9	0	6	9	0	3	0	0	0	14	18	0	0	7	9	0	1	0	0	0	3	0	0	0	3	0	0	0	18	18	0	0	14	9	0	3	0	0	0	2	0	0	0	1	0	0	0	3	0	0	0	4	0	0	0	20	18	0	0	276	6	9	0	6	9	0	3	0	0	0	14	18	0	0	6	9	0	1	0	0	0	3	0	0	0	3	0	0	0	14	18	0	0	7	9	0	3	0	0	0	2	0	0	0	1	0	0	0	3	0	0	0	3	0	0	0	18	18	0	0	14	9	0	0	0	0	0	0	0	0	0	3	0	0	0	2	0	0	0	1	0	0	0	3	0	0	0	4	0	0	0	20	18	0	0
291	286	17	4	0	281	10	4	0	17	4	0	7	0	0	0	31	12	0	0	276	8	4	0	10	4	0	3	0	0	0	25	12	0	0	17	4	0	1	0	0	0	3	0	0	0	7	0	0	0	31	12	0	0	271	8	4	0	8	4	0	3	0	0	0	17	12	0	0	10	4	0	1	0	0	0	3	0	0	0	3	0	0	0	25	12	0	0	17	4	0	3	0	0	0	2	0	0	0	1	0	0	0	3	0	0	0	7	0	0	0	31	12	0	0	266	8	4	0	8	4	0	3	0	0	0	17	12	0	0	8	4	0	1	0	0	0	3	0	0	0	3	0	0	0	17	12	0	0	10	4	0	3	0	0	0	2	0	0	0	1	0	0	0	3	0	0	0	3	0	0	0	25	12	0	0	17	4	0	0	0	0	0	0	0	0	0	3	0	0	0	2	0	0	0	1	0	0	0	3	0	0	0	7	0	0	0	31	12	0	0
511	501	32	39	0	491	12	32	0	32	39	0	12	21	0	0	49	92	0	0	481	8	28	0	12	32	0	6	18	0	0	24	77	0	0	32	39	0	2	5	0	0	1	15	0	0	12	21	0	0	49	92	0	0	471	6	25	0	8	28	0	0	15	0	0	14	60	0	0	12	32	0	0	5	0	0	0	15	0	0	6	18	0	0	24	77	0	0	32	39	0	0	15	0	0	0	10	0	0	2	5	0	0	1	15	0	0	12	21	0	0	49	92	0	0	461	6	25	0	6	25	0	0	15	0	0	9	55	0	0	8	28	0	0	5	0	0	0	15	0	0	0	15	0	0	14	60	0	0	12	32	0	0	15	0	0	0	10	0	0	0	5	0	0	0	15	0	0	6	18	0	0	24	77	0	0	32	39	0	0	0	0	0	0	0	0	0	0	15	0	0	0	10	0	0	2	5	0	0	1	15	0	0	12	21	0	0	49	92	0	0
373	367	18	11	0	361	9	2	0	18	11	0	4	6	0	0	35	28	0	0	355	8	0	0	9	2	0	3	0	0	0	18	8	0	0	18	11	0	1	0	0	0	5	0	0	0	4	6	0	0	35	28	0	0	349	8	0	0	8	0	0	3	0	0	0	14	0	0	0	9	2	0	1	0	0	0	3	0	0	0	3	0	0	0	18	8	0	0	18	11	0	3	0	0	0	2	0	0	0	1	0	0	0	5	0	0	0	4	6	0	0	35	28	0	0	343	8	0	0	8	0	0	3	0	0	0	14	0	0	0	8	0	0	1	0	0	0	3	0	0	0	3	0	0	0	14	0	0	0	9	2	0	3	0	0	0	2	0	0	0	1	0	0	0	3	0	0	0	3	0	0	0	18	8	0	0	18	11	0	0	0	0	0	0	0	0	0	3	0	0	0	2	0	0	0	1	0	0	0	5	0	0	0	4	6	0	0	35	28	0	0
370	364	19	8	5	358	8	0	0	19	8	5	6	0	5	0	30	28	10	0	352	7	0	0	8	0	0	3	0	0	0	11	0	0	0	19	8	5	1	0	0	0	4	4	0	0	6	0	5	0	30	28	10	0	346	7	0	0	7	0	0	3	0	0	0	11	0	0	0	8	0	0	1	0	0	0	3	0	0	0	3	0	0	0	11	0	0	0	19	8	5	3	0	0	0	2	0	0	0	1	0	0	0	4	4	0	0	6	0	5	0	30	28	10	0	340	7	0	0	7	0	0	3	0	0	0	11	0	0	0	7	0	0	1	0	0	0	3	0	0	0	3	0	0	0	11	0	0	0	8	0	0	3	0	0	0	2	0	0	0	1	0	0	0	3	0	0	0	3	0	0	0	11	0	0	0	19	8	5	0	0	0	0	0	0	0	0	3	0	0	0	2	0	0	0	1	0	0	0	4	4	0	0	6	0	5	0	30	28	10	0
248	244	8	0	2	240	1	0	0	8	0	2	0	0	2	0	25	0	0	0	236	1	0	0	1	0	0	0	0	0	0	0	0	0	0	8	0	2	2	0	0	0	3	0	0	0	0	0	2	0	25	0	0	0	232	0	0	0	1	0	0	0	0	0	0	0	0	0	0	1	0	0	0	0	0	0	0	0	0	0	0	0	0	0	0	0	0	0	8	0	2	0	0	0	0	0	0	0	0	2	0	0	0	3	0	0	0	0	0	2	0	25	0	0	0	228	0	0	0	0	0	0	0	0	0	0	0	0	0	0	1	0	0	0	0	0	0	0	0	0	0	0	0	0	0	0	0	0	0	1	0	0	0	0	0	0	0	0	0	0	0	0	0	0	0	0	0	0	0	0	0	0	0	0	0	0	8	0	2	0	0	0	0	0	0	0	0	0	0	0	0	0	0	0	0	2	0	0	0	3	0	0	0	0	0	2	0	25	0	0	0
432	425	20	10	2	418	6	0	0	20	10	2	11	0	2	0	34	35	4	0	411	3	0	0	6	0	0	4	0	0	0	3	0	0	0	20	10	2	6	0	0	0	3	5	0	0	11	0	2	0	34	35	4	0	404	0	0	0	3	0	0	0	0	0	0	0	0	0	0	6	0	0	0	0	0	0	0	0	0	0	4	0	0	0	3	0	0	0	20	10	2	0	0	0	0	0	0	0	0	6	0	0	0	3	5	0	0	11	0	2	0	34	35	4	0	397	0	0	0	0	0	0	0	0	0	0	0	0	0	0	3	0	0	0	0	0	0	0	0	0	0	0	0	0	0	0	0	0	0	6	0	0	0	0	0	0	0	0	0	0	0	0	0	0	0	0	0	0	4	0	0	0	3	0	0	0	20	10	2	0	0	0	0	2	0	0	0	0	0	0	0	0	0	0	0	6	0	0	0	3	5	0	0	11	0	2	0	34	35	4	0
367	361	19	11	0	355	8	5	0	19	11	0	11	0	0	0	23	21	0	0	349	5	3	0	8	5	0	4	0	0	0	3	0	0	0	19	11	0	4	6	0	0	2	3	0	0	11	0	0	0	23	21	0	0	343	3	0	0	5	3	0	0	0	0	0	0	0	0	0	8	5	0	0	0	0	0	0	0	0	0	4	0	0	0	3	0	0	0	19	11	0	0	0	0	0	0	0	0	0	4	6	0	0	2	3	0	0	11	0	0	0	23	21	0	0	337	3	0	0	3	0	0	0	0	0	0	0	0	0	0	5	3	0	0	0	0	0	0	0	0	0	0	0	0	0	0	0	0	0	8	5	0	0	0	0	0	0	0	0	0	0	0	0	0	0	0	0	0	4	0	0	0	3	0	0	0	19	11	0	0	0	0	0	2	0	0	0	0	0	0	0	0	0	0	0	4	6	0	0	2	3	0	0	11	0	0	0	23	21	0	0
484	476	32	24	0	468	18	12	0	32	24	0	9	24	0	0	28	26	0	0	460	17	4	0	18	12	0	6	8	0	0	8	6	0	0	32	24	0	2	8	0	0	2	2	0	0	9	24	0	0	28	26	0	0	452	16	0	0	17	4	0	6	0	0	0	8	0	0	0	18	12	0	0	0	0	0	0	0	0	0	6	8	0	0	8	6	0	0	32	24	0	0	0	0	0	0	0	0	0	2	8	0	0	2	2	0	0	9	24	0	0	28	26	0	0	444	14	0	0	16	0	0	6	0	0	0	8	0	0	0	17	4	0	0	0	0	0	0	0	0	0	6	0	0	0	8	0	0	0	18	12	0	0	0	0	0	0	0	0	0	0	0	0	0	0	0	0	0	6	8	0	0	8	6	0	0	32	24	0	0	0	0	0	2	12	0	0	0	0	0	0	0	0	0	0	2	8	0	0	2	2	0	0	9	24	0	0	28	26	0	0
758	745	41	51	13	732	27	23	5	41	51	13	21	0	0	9	33	7	52	5	719	26	23	0	27	23	5	18	0	0	0	26	0	20	0	41	51	13	1	0	0	0	3	0	0	0	21	0	0	9	33	7	52	5	706	26	23	0	26	23	0	18	0	0	0	26	0	0	0	27	23	5	1	0	0	0	3	0	0	0	18	0	0	0	26	0	20	0	41	51	13	3	0	0	0	2	0	0	0	1	0	0	0	3	0	0	0	21	0	0	9	33	7	52	5	693	26	23	0	26	23	0	18	0	0	0	26	0	0	0	26	23	0	1	0	0	0	3	0	0	0	18	0	0	0	26	0	0	0	27	23	5	3	0	0	0	2	0	0	0	1	0	0	0	3	0	0	0	18	0	0	0	26	0	20	0	41	51	13	0	0	0	0	0	0	0	0	3	0	0	0	2	0	0	0	1	0	0	0	3	0	0	0	21	0	0	9	33	7	52	5
605	595	35	27	14	585	22	6	0	35	27	14	10	18	4	0	16	18	42	7	575	19	0	0	22	6	0	6	0	0	0	9	0	0	0	35	27	14	0	0	7	0	0	0	14	0	10	18	4	0	16	18	42	7	565	19	0	0	19	0	0	6	0	0	0	9	0	0	0	22	6	0	0	0	0	0	0	0	0	0	6	0	0	0	9	0	0	0	35	27	14	0	0	0	0	0	0	0	0	0	0	7	0	0	0	14	0	10	18	4	0	16	18	42	7	555	19	0	0	19	0	0	6	0	0	0	9	0	0	0	19	0	0	0	0	0	0	0	0	0	0	6	0	0	0	9	0	0	0	22	6	0	0	0	0	0	0	0	0	0	0	0	0	0	0	0	0	0	6	0	0	0	9	0	0	0	35	27	14	0	0	0	0	4	0	0	0	0	0	0	0	0	0	0	0	0	0	7	0	0	0	14	0	10	18	4	0	16	18	42	7
606	596	41	24	10	586	25	0	0	41	24	10	19	0	4	0	21	18	40	2	576	21	0	0	25	0	0	12	0	0	0	13	0	0	0	41	24	10	0	0	7	0	0	0	0	0	19	0	4	0	21	18	40	2	566	21	0	0	21	0	0	12	0	0	0	13	0	0	0	25	0	0	0	0	0	0	0	0	0	0	12	0	0	0	13	0	0	0	41	24	10	0	0	0	0	0	0	0	0	0	0	7	0	0	0	0	0	19	0	4	0	21	18	40	2	556	21	0	0	21	0	0	12	0	0	0	13	0	0	0	21	0	0	0	0	0	0	0	0	0	0	12	0	0	0	13	0	0	0	25	0	0	0	0	0	0	0	0	0	0	0	0	0	0	0	0	0	0	12	0	0	0	13	0	0	0	41	24	10	0	0	0	0	4	0	0	0	0	0	0	0	0	0	0	0	0	0	7	0	0	0	0	0	19	0	4	0	21	18	40	2
423	416	32	12	0	409	21	0	0	32	12	0	15	0	0	0	19	3	0	0	402	21	0	0	21	0	0	15	0	0	0	15	0	0	0	32	12	0	0	0	0	0	0	0	0	0	15	0	0	0	19	3	0	0	395	21	0	0	21	0	0	15	0	0	0	15	0	0	0	21	0	0	0	0	0	0	0	0	0	0	15	0	0	0	15	0	0	0	32	12	0	0	0	0	0	0	0	0	0	0	0	0	0	0	0	0	0	15	0	0	0	19	3	0	0	388	21	0	0	21	0	0	15	0	0	0	15	0	0	0	21	0	0	0	0	0	0	0	0	0	0	15	0	0	0	15	0	0	0	21	0	0	0	0	0	0	0	0	0	0	0	0	0	0	0	0	0	0	15	0	0	0	15	0	0	0	32	12	0	0	0	0	0	0	0	0	0	0	0	0	0	0	0	0	0	0	0	0	0	0	0	0	0	15	0	0	0	19	3	0	0
242	238	19	4	0	234	11	0	0	19	4	0	9	0	0	0	9	0	0	0	230	11	0	0	11	0	0	9	0	0	0	7	0	0	0	19	4	0	0	0	0	0	0	0	0	0	9	0	0	0	9	0	0	0	226	11	0	0	11	0	0	9	0	0	0	7	0	0	0	11	0	0	0	0	0	0	0	0	0	0	9	0	0	0	7	0	0	0	19	4	0	0	0	0	0	0	0	0	0	0	0	0	0	0	0	0	0	9	0	0	0	9	0	0	0	222	11	0	0	11	0	0	9	0	0	0	7	0	0	0	11	0	0	0	0	0	0	0	0	0	0	9	0	0	0	7	0	0	0	11	0	0	0	0	0	0	0	0	0	0	0	0	0	0	0	0	0	0	9	0	0	0	7	0	0	0	19	4	0	0	0	0	0	0	0	0	0	0	0	0	0	0	0	0	0	0	0	0	0	0	0	0	0	9	0	0	0	9	0	0	0
755	742	31	44	26	729	22	36	2	31	44	26	12	0	14	4	9	36	26	37	716	22	36	0	22	36	2	12	0	4	0	9	36	2	5	31	44	26	0	0	0	0	0	0	0	0	12	0	14	4	9	36	26	37	703	22	36	0	22	36	0	12	0	0	0	9	36	0	0	22	36	2	0	0	0	0	0	0	0	0	12	0	4	0	9	36	2	5	31	44	26	0	0	0	0	0	0	0	0	0	0	0	0	0	0	0	0	12	0	14	4	9	36	26	37	690	22	36	0	22	36	0	12	0	0	0	9	36	0	0	22	36	0	0	0	0	0	0	0	0	0	12	0	0	0	9	36	0	0	22	36	2	0	0	0	0	0	0	0	0	0	0	0	0	0	0	0	0	12	0	4	0	9	36	2	5	31	44	26	0	0	0	0	4	0	0	0	0	0	0	0	0	0	0	0	0	0	0	0	0	0	0	0	12	0	14	4	9	36	26	37
634	623	23	38	16	612	18	28	2	23	38	16	12	0	14	4	11	7	32	24	601	18	28	0	18	28	2	12	0	4	0	11	7	4	0	23	38	16	0	0	0	0	0	0	0	0	12	0	14	4	11	7	32	24	590	18	28	0	18	28	0	12	0	0	0	11	7	0	0	18	28	2	0	0	0	0	0	0	0	0	12	0	4	0	11	7	4	0	23	38	16	0	0	0	0	0	0	0	0	0	0	0	0	0	0	0	0	12	0	14	4	11	7	32	24	579	16	28	0	18	28	0	12	0	0	0	11	7	0	0	18	28	0	0	0	0	0	0	0	0	0	12	0	0	0	11	7	0	0	18	28	2	0	0	0	0	0	0	0	0	0	0	0	0	0	0	0	0	12	0	4	0	11	7	4	0	23	38	16	0	0	0	0	2	10	0	0	0	0	0	0	0	0	0	0	0	0	0	0	0	0	0	0	12	0	14	4	11	7	32	24
786	772	32	59	22	758	24	53	0	32	59	22	9	48	6	0	12	32	0	37	744	24	53	0	24	53	0	9	48	0	0	12	32	0	5	32	59	22	0	0	0	0	0	0	0	0	9	48	6	0	12	32	0	37	730	24	53	0	24	53	0	9	48	0	0	12	32	0	0	24	53	0	0	0	0	0	0	0	0	0	9	48	0	0	12	32	0	5	32	59	22	0	0	0	0	0	0	0	0	0	0	0	0	0	0	0	0	9	48	6	0	12	32	0	37	716	24	53	0	24	53	0	9	48	0	0	12	32	0	0	24	53	0	0	0	0	0	0	0	0	0	9	48	0	0	12	32	0	0	24	53	0	0	0	0	0	0	0	0	0	0	0	0	0	0	0	0	0	9	48	0	0	12	32	0	5	32	59	22	0	0	0	0	2	0	0	0	0	0	0	0	0	0	0	0	0	0	0	0	0	0	0	0	9	48	6	0	12	32	0	37
687	675	28	41	18	663	23	35	0	28	41	18	9	42	0	0	13	28	0	23	651	23	35	0	23	35	0	9	42	0	0	13	28	0	5	28	41	18	0	0	0	0	0	0	0	0	9	42	0	0	13	28	0	23	639	23	35	0	23	35	0	9	42	0	0	13	28	0	0	23	35	0	0	0	0	0	0	0	0	0	9	42	0	0	13	28	0	5	28	41	18	0	0	0	0	0	0	0	0	0	0	0	0	0	0	0	0	9	42	0	0	13	28	0	23	627	23	35	0	23	35	0	9	42	0	0	13	28	0	0	23	35	0	0	0	0	0	0	0	0	0	9	42	0	0	13	28	0	0	23	35	0	0	0	0	0	0	0	0	0	0	0	0	0	0	0	0	0	9	42	0	0	13	28	0	5	28	41	18	0	0	0	0	0	0	0	0	0	0	0	0	0	0	0	0	0	0	0	0	0	0	0	0	9	42	0	0	13	28	0	23
513	504	23	23	12	495	20	20	0	23	23	12	12	15	0	0	10	15	0	13	486	20	20	0	20	20	0	12	15	0	0	10	15	0	5	23	23	12	0	0	0	0	0	0	0	0	12	15	0	0	10	15	0	13	477	20	20	0	20	20	0	12	15	0	0	10	15	0	0	20	20	0	0	0	0	0	0	0	0	0	12	15	0	0	10	15	0	5	23	23	12	0	0	0	0	0	0	0	0	0	0	0	0	0	0	0	0	12	15	0	0	10	15	0	13	468	20	20	0	20	20	0	12	15	0	0	10	15	0	0	20	20	0	0	0	0	0	0	0	0	0	12	15	0	0	10	15	0	0	20	20	0	0	0	0	0	0	0	0	0	0	0	0	0	0	0	0	0	12	15	0	0	10	15	0	5	23	23	12	0	0	0	0	0	0	0	0	0	0	0	0	0	0	0	0	0	0	0	0	0	0	0	0	12	15	0	0	10	15	0	13
575	565	17	21	33	555	17	21	15	17	21	33	9	0	0	26	11	0	0	42	545	17	21	5	17	21	15	9	0	0	4	11	0	0	4	17	21	33	0	0	0	10	0	0	0	14	9	0	0	26	11	0	0	42	535	17	21	0	17	21	5	9	0	0	0	11	0	0	0	17	21	15	0	0	0	0	0	0	0	0	9	0	0	4	11	0	0	4	17	21	33	0	0	0	0	0	0	0	0	0	0	0	10	0	0	0	14	9	0	0	26	11	0	0	42	525	12	21	0	17	21	0	9	0	0	0	11	0	0	0	17	21	5	0	0	0	0	0	0	0	0	9	0	0	0	11	0	0	0	17	21	15	0	0	0	0	0	0	0	0	0	0	0	0	0	0	0	0	9	0	0	4	11	0	0	4	17	21	33	0	0	0	0	0	0	0	0	0	0	0	0	0	0	0	0	0	0	0	10	0	0	0	14	9	0	0	26	11	0	0	42
626	615	25	36	11	604	19	30	4	25	36	11	7	36	0	8	8	18	0	16	593	19	30	2	19	30	4	7	36	0	4	8	18	0	2	25	36	11	0	0	0	4	4	0	0	0	7	36	0	8	8	18	0	16	582	19	30	0	19	30	2	7	36	0	0	8	18	0	0	19	30	4	0	0	0	0	0	0	0	0	7	36	0	4	8	18	0	2	25	36	11	10	0	0	0	8	0	0	0	0	0	0	4	4	0	0	0	7	36	0	8	8	18	0	16	571	9	18	0	19	30	0	7	36	0	0	8	18	0	0	19	30	2	0	0	0	0	0	0	0	0	7	36	0	0	8	18	0	0	19	30	4	0	0	0	0	0	0	0	0	0	0	0	0	0	0	0	0	7	36	0	4	8	18	0	2	25	36	11	1	0	0	0	0	0	22	0	10	0	0	0	8	0	0	0	0	0	0	4	4	0	0	0	7	36	0	8	8	18	0	16
455	447	22	19	0	439	16	16	0	22	19	0	10	12	0	0	7	12	0	0	431	16	16	0	16	16	0	10	12	0	0	7	12	0	0	22	19	0	0	0	0	0	4	0	0	0	10	12	0	0	7	12	0	0	423	16	16	0	16	16	0	10	12	0	0	7	12	0	0	16	16	0	0	0	0	0	0	0	0	0	10	12	0	0	7	12	0	0	22	19	0	10	0	0	0	8	0	0	0	0	0	0	0	4	0	0	0	10	12	0	0	7	12	0	0	415	7	4	0	16	16	0	10	12	0	0	7	12	0	0	16	16	0	0	0	0	0	0	0	0	0	10	12	0	0	7	12	0	0	16	16	0	0	0	0	0	0	0	0	0	0	0	0	0	0	0	0	0	10	12	0	0	7	12	0	0	22	19	0	1	0	0	0	0	0	0	0	10	0	0	0	8	0	0	0	0	0	0	0	4	0	0	0	10	12	0	0	7	12	0	0
509	500	21	27	0	491	16	20	0	21	27	0	12	16	0	0	9	12	0	0	482	15	20	0	16	20	0	12	16	0	0	9	12	0	0	21	27	0	0	0	0	0	3	3	0	0	12	16	0	0	9	12	0	0	473	12	16	0	15	20	0	9	16	0	0	7	12	0	0	16	20	0	0	0	0	0	0	0	0	0	12	16	0	0	9	12	0	0	21	27	0	6	12	0	0	5	9	0	0	0	0	0	0	3	3	0	0	12	16	0	0	9	12	0	0	464	4	3	0	12	16	0	9	12	0	0	7	9	0	0	15	20	0	0	0	0	0	0	0	0	0	9	16	0	0	7	12	0	0	16	20	0	0	0	0	0	0	0	0	0	0	0	0	0	0	0	0	0	12	16	0	0	9	12	0	0	21	27	0	0	3	0	0	0	0	0	0	6	12	0	0	5	9	0	0	0	0	0	0	3	3	0	0	12	16	0	0	9	12	0	0
458	450	24	21	0	442	22	15	0	24	21	0	20	0	0	0	14	5	0	0	434	19	15	0	22	15	0	20	0	0	0	14	5	0	0	24	21	0	0	0	0	0	1	9	0	0	20	0	0	0	14	5	0	0	426	14	9	0	19	15	0	13	0	0	0	9	5	0	0	22	15	0	0	0	0	0	0	0	0	0	20	0	0	0	14	5	0	0	24	21	0	4	18	0	0	3	15	0	0	0	0	0	0	1	9	0	0	20	0	0	0	14	5	0	0	418	5	0	0	14	9	0	13	0	0	0	9	3	0	0	19	15	0	0	0	0	0	0	0	0	0	13	0	0	0	9	5	0	0	22	15	0	0	0	0	0	0	0	0	0	0	0	0	0	0	0	0	0	20	0	0	0	14	5	0	0	24	21	0	1	0	0	0	0	0	0	0	4	18	0	0	3	15	0	0	0	0	0	0	1	9	0	0	20	0	0	0	14	5	0	0
453	445	19	19	6	437	17	16	0	19	19	6	14	12	0	0	10	8	0	0	429	12	12	0	17	16	0	14	12	0	0	10	8	0	0	19	19	6	0	0	0	0	0	0	6	0	14	12	0	0	10	8	0	0	421	1	0	0	12	12	0	4	0	0	0	4	0	0	0	17	16	0	0	0	0	0	0	0	0	0	14	12	0	0	10	8	0	0	19	19	6	0	0	21	0	0	0	18	0	0	0	0	0	0	0	6	0	14	12	0	0	10	8	0	0	413	0	0	0	1	0	0	0	0	0	0	0	0	0	0	12	12	0	0	0	0	0	0	0	0	0	4	0	0	0	4	0	0	0	17	16	0	0	0	0	0	0	0	0	0	0	0	0	0	0	0	0	0	14	12	0	0	10	8	0	0	19	19	6	0	0	3	0	0	0	0	0	0	0	21	0	0	0	18	0	0	0	0	0	0	0	6	0	14	12	0	0	10	8	0	0
454	446	20	20	3	438	16	16	0	20	20	3	13	16	0	0	12	12	0	0	430	8	8	0	16	16	0	9	16	0	0	9	12	0	0	20	20	3	0	0	0	0	0	0	6	0	13	16	0	0	12	12	0	0	422	0	0	0	8	8	0	0	0	0	0	1	0	0	0	16	16	0	0	0	0	0	0	0	0	0	9	16	0	0	9	12	0	0	20	20	3	0	0	9	0	0	0	6	0	0	0	0	0	0	0	6	0	13	16	0	0	12	12	0	0	414	0	0	0	0	0	0	0	0	0	0	0	0	0	0	8	8	0	0	0	0	0	0	0	0	0	0	0	0	0	1	0	0	0	16	16	0	0	0	0	0	0	0	0	0	0	0	0	0	0	0	0	0	9	16	0	0	9	12	0	0	20	20	3	0	0	0	0	0	0	0	0	0	0	9	0	0	0	6	0	0	0	0	0	0	0	6	0	13	16	0	0	12	12	0	0
510	501	22	26	0	492	16	20	0	22	26	0	19	24	0	0	18	12	0	0	483	5	8	0	16	20	0	7	24	0	0	9	12	0	0	22	26	0	0	0	0	0	0	0	0	0	19	24	0	0	18	12	0	0	474	0	0	0	5	8	0	0	0	0	0	0	0	0	0	16	20	0	0	0	0	0	0	0	0	0	7	24	0	0	9	12	0	0	22	26	0	0	0	0	0	0	0	0	0	0	0	0	0	0	0	0	0	19	24	0	0	18	12	0	0	465	0	0	0	0	0	0	0	0	0	0	0	0	0	0	5	8	0	0	0	0	0	0	0	0	0	0	0	0	0	0	0	0	0	16	20	0	0	0	0	0	0	0	0	0	0	0	0	0	0	0	0	0	7	24	0	0	9	12	0	0	22	26	0	0	0	0	0	0	0	0	0	0	0	0	0	0	0	0	0	0	0	0	0	0	0	0	0	19	24	0	0	18	12	0	0
455	447	21	19	0	439	13	12	0	21	19	0	18	12	0	0	13	21	0	0	431	4	0	0	13	12	0	10	0	0	0	7	9	0	0	21	19	0	0	0	0	0	0	0	0	0	18	12	0	0	13	21	0	0	423	0	0	0	4	0	0	0	0	0	0	0	0	0	0	13	12	0	0	0	0	0	0	0	0	0	10	0	0	0	7	9	0	0	21	19	0	0	0	0	0	0	0	0	0	0	0	0	0	0	0	0	0	18	12	0	0	13	21	0	0	415	0	0	0	0	0	0	0	0	0	0	0	0	0	0	4	0	0	0	0	0	0	0	0	0	0	0	0	0	0	0	0	0	0	13	12	0	0	0	0	0	0	0	0	0	0	0	0	0	0	0	0	0	10	0	0	0	7	9	0	0	21	19	0	0	0	0	0	0	0	0	0	0	0	0	0	0	0	0	0	0	0	0	0	0	0	0	0	18	12	0	0	13	21	0	0
454	446	17	20	0	438	9	8	0	17	20	0	10	16	0	0	9	16	0	0	430	2	0	0	9	8	0	6	0	0	0	6	2	0	0	17	20	0	0	0	0	0	0	0	0	0	10	16	0	0	9	16	0	0	422	0	0	0	2	0	0	0	0	0	0	0	0	0	0	9	8	0	0	0	0	0	0	0	0	0	6	0	0	0	6	2	0	0	17	20	0	0	0	0	0	0	0	0	0	0	0	0	0	0	0	0	0	10	16	0	0	9	16	0	0	414	0	0	0	0	0	0	0	0	0	0	0	0	0	0	2	0	0	0	0	0	0	0	0	0	0	0	0	0	0	0	0	0	0	9	8	0	0	0	0	0	0	0	0	0	0	0	0	0	0	0	0	0	6	0	0	0	6	2	0	0	17	20	0	0	0	0	0	0	0	0	0	0	0	0	0	0	0	0	0	0	0	0	0	0	0	0	0	10	16	0	0	9	16	0	0
510	501	15	18	5	492	0	0	0	15	18	5	0	0	20	0	4	0	15	0	483	0	0	0	0	0	0	0	0	0	0	0	0	0	0	15	18	5	0	0	0	0	0	0	0	0	0	0	20	0	4	0	15	0	474	0	0	0	0	0	0	0	0	0	0	0	0	0	0	0	0	0	0	0	0	0	0	0	0	0	0	0	0	0	0	0	0	0	15	18	5	0	0	0	0	0	0	0	0	0	0	0	0	0	0	0	0	0	0	20	0	4	0	15	0	465	0	0	0	0	0	0	0	0	0	0	0	0	0	0	0	0	0	0	0	0	0	0	0	0	0	0	0	0	0	0	0	0	0	0	0	0	0	0	0	0	0	0	0	0	0	0	0	0	0	0	0	0	0	0	0	0	0	0	0	0	15	18	5	0	0	0	0	0	0	0	0	0	0	0	0	0	0	0	0	0	0	0	0	0	0	0	0	0	0	20	0	4	0	15	0
453	445	11	15	2	437	0	0	0	11	15	2	0	0	8	0	1	0	6	0	429	0	0	0	0	0	0	0	0	0	0	0	0	0	0	11	15	2	0	0	0	0	0	0	0	0	0	0	8	0	1	0	6	0	421	0	0	0	0	0	0	0	0	0	0	0	0	0	0	0	0	0	0	0	0	0	0	0	0	0	0	0	0	0	0	0	0	0	11	15	2	0	0	0	0	0	0	0	0	0	0	0	0	0	0	0	0	0	0	8	0	1	0	6	0	413	0	0	0	0	0	0	0	0	0	0	0	0	0	0	0	0	0	0	0	0	0	0	0	0	0	0	0	0	0	0	0	0	0	0	0	0	0	0	0	0	0	0	0	0	0	0	0	0	0	0	0	0	0	0	0	0	0	0	0	0	11	15	2	0	0	0	0	0	0	0	0	0	0	0	0	0	0	0	0	0	0	0	0	0	0	0	0	0	0	8	0	1	0	6	0
284	279	9	4	0	274	0	0	0	9	4	0	0	0	0	0	0	0	0	0	269	0	0	0	0	0	0	0	0	0	0	0	0	0	0	9	4	0	0	0	0	0	0	0	0	0	0	0	0	0	0	0	0	0	264	0	0	0	0	0	0	0	0	0	0	0	0	0	0	0	0	0	0	0	0	0	0	0	0	0	0	0	0	0	0	0	0	0	9	4	0	0	0	0	0	0	0	0	0	0	0	0	0	0	0	0	0	0	0	0	0	0	0	0	0	259	0	0	0	0	0	0	0	0	0	0	0	0	0	0	0	0	0	0	0	0	0	0	0	0	0	0	0	0	0	0	0	0	0	0	0	0	0	0	0	0	0	0	0	0	0	0	0	0	0	0	0	0	0	0	0	0	0	0	0	0	9	4	0	0	0	0	0	0	0	0	0	0	0	0	0	0	0	0	0	0	0	0	0	0	0	0	0	0	0	0	0	0	0	0	0
284	279	9	4	0	274	0	0	0	9	4	0	0	0	0	0	0	0	0	0	269	0	0	0	0	0	0	0	0	0	0	0	0	0	0	9	4	0	0	0	0	0	0	0	0	0	0	0	0	0	0	0	0	0	264	0	0	0	0	0	0	0	0	0	0	0	0	0	0	0	0	0	0	0	0	0	0	0	0	0	0	0	0	0	0	0	0	0	9	4	0	0	0	0	0	0	0	0	0	0	0	0	0	0	0	0	0	0	0	0	0	0	0	0	0	259	0	0	0	0	0	0	0	0	0	0	0	0	0	0	0	0	0	0	0	0	0	0	0	0	0	0	0	0	0	0	0	0	0	0	0	0	0	0	0	0	0	0	0	0	0	0	0	0	0	0	0	0	0	0	0	0	0	0	0	0	9	4	0	0	0	0	0	0	0	0	0	0	0	0	0	0	0	0	0	0	0	0	0	0	0	0	0	0	0	0	0	0	0	0	0
340	334	8	8	0	328	0	0	0	8	8	0	0	0	0	0	0	0	0	0	322	0	0	0	0	0	0	0	0	0	0	0	0	0	0	8	8	0	0	0	0	0	0	0	0	0	0	0	0	0	0	0	0	0	316	0	0	0	0	0	0	0	0	0	0	0	0	0	0	0	0	0	0	0	0	0	0	0	0	0	0	0	0	0	0	0	0	0	8	8	0	0	0	0	0	0	0	0	0	0	0	0	0	0	0	0	0	0	0	0	0	0	0	0	0	310	0	0	0	0	0	0	0	0	0	0	0	0	0	0	0	0	0	0	0	0	0	0	0	0	0	0	0	0	0	0	0	0	0	0	0	0	0	0	0	0	0	0	0	0	0	0	0	0	0	0	0	0	0	0	0	0	0	0	0	0	8	8	0	0	0	0	0	0	0	0	0	0	0	0	0	0	0	0	0	0	0	0	0	0	0	0	0	0	0	0	0	0	0	0	0
446	438	8	12	16	430	0	0	15	8	12	16	0	0	28	3	0	0	32	0	422	0	0	0	0	0	15	0	0	28	0	0	0	30	0	8	12	16	0	0	0	0	0	0	0	9	0	0	28	3	0	0	32	0	414	0	0	0	0	0	0	0	0	0	0	0	0	0	0	0	0	15	0	0	0	0	0	0	0	0	0	0	28	0	0	0	30	0	8	12	16	0	0	0	0	0	0	0	0	0	0	0	0	0	0	0	9	0	0	28	3	0	0	32	0	406	0	0	0	0	0	0	0	0	0	0	0	0	0	0	0	0	0	0	0	0	0	0	0	0	0	0	0	0	0	0	0	0	0	0	0	15	0	0	0	0	0	0	0	0	0	0	0	0	0	0	0	0	0	0	28	0	0	0	30	0	8	12	16	0	0	0	0	0	0	0	0	0	0	0	0	0	0	0	0	0	0	0	0	0	0	0	9	0	0	28	3	0	0	32	0
447	439	6	7	16	431	0	0	13	6	7	16	0	0	16	7	0	0	16	0	423	0	0	0	0	0	13	0	0	16	0	0	0	13	0	6	7	16	0	0	0	0	0	0	0	3	0	0	16	7	0	0	16	0	415	0	0	0	0	0	0	0	0	0	0	0	0	0	0	0	0	13	0	0	0	0	0	0	0	0	0	0	16	0	0	0	13	0	6	7	16	0	0	0	0	0	0	0	0	0	0	0	0	0	0	0	3	0	0	16	7	0	0	16	0	407	0	0	0	0	0	0	0	0	0	0	0	0	0	0	0	0	0	0	0	0	0	0	0	0	0	0	0	0	0	0	0	0	0	0	0	13	0	0	0	0	0	0	0	0	0	0	0	0	0	0	0	0	0	0	16	0	0	0	13	0	6	7	16	0	0	0	0	0	0	0	0	0	0	0	0	0	0	0	0	0	0	0	0	0	0	0	3	0	0	16	7	0	0	16	0
504	495	5	0	23	486	0	0	9	5	0	23	0	0	8	7	0	0	0	7	477	0	0	0	0	0	9	0	0	8	0	0	0	0	0	5	0	23	0	0	0	0	0	0	0	0	0	0	8	7	0	0	0	7	468	0	0	0	0	0	0	0	0	0	0	0	0	0	0	0	0	9	0	0	0	0	0	0	0	0	0	0	8	0	0	0	0	0	5	0	23	0	0	0	0	0	0	0	0	0	0	0	0	0	0	0	0	0	0	8	7	0	0	0	7	459	0	0	0	0	0	0	0	0	0	0	0	0	0	0	0	0	0	0	0	0	0	0	0	0	0	0	0	0	0	0	0	0	0	0	0	9	0	0	0	0	0	0	0	0	0	0	0	0	0	0	0	0	0	0	8	0	0	0	0	0	5	0	23	0	0	0	0	0	0	0	0	0	0	0	0	0	0	0	0	0	0	0	0	0	0	0	0	0	0	8	7	0	0	0	7
448	440	1	0	23	432	0	0	5	1	0	23	0	0	0	7	0	0	0	7	424	0	0	0	0	0	5	0	0	0	0	0	0	0	0	1	0	23	0	0	0	0	0	0	0	0	0	0	0	7	0	0	0	7	416	0	0	0	0	0	0	0	0	0	0	0	0	0	0	0	0	5	0	0	0	0	0	0	0	0	0	0	0	0	0	0	0	0	1	0	23	0	0	0	0	0	0	0	0	0	0	0	0	0	0	0	0	0	0	0	7	0	0	0	7	408	0	0	0	0	0	0	0	0	0	0	0	0	0	0	0	0	0	0	0	0	0	0	0	0	0	0	0	0	0	0	0	0	0	0	0	5	0	0	0	0	0	0	0	0	0	0	0	0	0	0	0	0	0	0	0	0	0	0	0	0	1	0	23	0	0	0	0	0	0	0	0	0	0	0	0	0	0	0	0	0	0	0	0	0	0	0	0	0	0	0	7	0	0	0	7
448	440	0	0	27	432	0	0	2	0	0	27	0	0	0	4	0	0	0	7	424	0	0	0	0	0	2	0	0	0	0	0	0	0	0	0	0	27	0	0	0	0	0	0	0	0	0	0	0	4	0	0	0	7	416	0	0	0	0	0	0	0	0	0	0	0	0	0	0	0	0	2	0	0	0	0	0	0	0	0	0	0	0	0	0	0	0	0	0	0	27	0	0	0	0	0	0	0	0	0	0	0	0	0	0	0	0	0	0	0	4	0	0	0	7	408	0	0	0	0	0	0	0	0	0	0	0	0	0	0	0	0	0	0	0	0	0	0	0	0	0	0	0	0	0	0	0	0	0	0	0	2	0	0	0	0	0	0	0	0	0	0	0	0	0	0	0	0	0	0	0	0	0	0	0	0	0	0	27	0	0	0	0	0	0	0	0	0	0	0	0	0	0	0	0	0	0	0	0	0	0	0	0	0	0	0	4	0	0	0	7
439	431	7	7	19	423	0	0	19	7	7	19	0	0	26	0	0	0	19	0	415	0	0	19	0	0	19	0	0	26	0	0	0	19	0	7	7	19	0	0	0	0	0	0	0	0	0	0	26	0	0	0	19	0	407	0	0	16	0	0	19	0	0	26	0	0	0	19	0	0	0	19	0	0	0	0	0	0	0	0	0	0	26	0	0	0	19	0	7	7	19	0	0	0	9	0	0	0	0	0	0	0	0	0	0	0	0	0	0	26	0	0	0	19	0	399	0	0	0	0	0	16	0	0	25	0	0	0	16	0	0	0	19	0	0	0	0	0	0	0	0	0	0	26	0	0	0	19	0	0	0	19	0	0	0	0	0	0	0	0	0	0	0	0	0	0	0	0	0	0	26	0	0	0	19	0	7	7	19	0	0	0	0	0	0	0	11	0	0	0	9	0	0	0	0	0	0	0	0	0	0	0	0	0	0	26	0	0	0	19	0
383	376	6	10	14	369	0	0	14	6	10	14	0	0	26	0	0	0	28	0	362	0	0	14	0	0	14	0	0	26	0	0	0	28	0	6	10	14	0	0	0	0	0	0	0	0	0	0	26	0	0	0	28	0	355	0	0	13	0	0	14	0	0	26	0	0	0	28	0	0	0	14	0	0	0	0	0	0	0	0	0	0	26	0	0	0	28	0	6	10	14	0	0	0	3	0	0	0	0	0	0	0	0	0	0	0	0	0	0	26	0	0	0	28	0	348	0	0	0	0	0	13	0	0	25	0	0	0	26	0	0	0	14	0	0	0	0	0	0	0	0	0	0	26	0	0	0	28	0	0	0	14	0	0	0	0	0	0	0	0	0	0	0	0	0	0	0	0	0	0	26	0	0	0	28	0	6	10	14	0	0	0	0	0	0	0	11	0	0	0	3	0	0	0	0	0	0	0	0	0	0	0	0	0	0	26	0	0	0	28	0
440	432	5	0	18	424	0	0	17	5	0	18	0	0	8	4	0	0	0	0	416	0	0	17	0	0	17	0	0	8	4	0	0	0	0	5	0	18	0	0	0	0	0	0	0	0	0	0	8	4	0	0	0	0	408	0	0	10	0	0	17	0	0	8	0	0	0	0	0	0	0	17	0	0	0	0	0	0	0	0	0	0	8	4	0	0	0	0	5	0	18	0	0	0	9	0	0	0	6	0	0	0	0	0	0	0	0	0	0	8	4	0	0	0	0	400	0	0	0	0	0	10	0	0	7	0	0	0	0	0	0	0	17	0	0	0	0	0	0	0	0	0	0	8	0	0	0	0	0	0	0	17	0	0	0	0	0	0	0	0	0	0	0	0	0	0	0	0	0	0	8	4	0	0	0	0	5	0	18	0	0	0	0	0	0	0	0	0	0	0	9	0	0	0	6	0	0	0	0	0	0	0	0	0	0	8	4	0	0	0	0
495	486	2	0	33	477	0	0	21	2	0	33	0	0	4	24	0	0	0	16	468	0	0	21	0	0	21	0	0	4	24	0	0	0	15	2	0	33	0	0	0	0	0	0	0	0	0	0	4	24	0	0	0	16	459	0	0	6	0	0	21	0	0	4	0	0	0	0	0	0	0	21	0	0	0	0	0	0	0	0	0	0	4	24	0	0	0	15	2	0	33	0	0	0	9	0	0	0	9	0	0	0	0	0	0	0	0	0	0	4	24	0	0	0	16	450	0	0	0	0	0	6	0	0	3	0	0	0	0	0	0	0	21	0	0	0	0	0	0	0	0	0	0	4	0	0	0	0	0	0	0	21	0	0	0	0	0	0	0	0	0	0	0	0	0	0	0	0	0	0	4	24	0	0	0	15	2	0	33	0	0	0	0	0	0	0	0	0	0	0	9	0	0	0	9	0	0	0	0	0	0	0	0	0	0	4	24	0	0	0	16
385	378	0	0	31	371	0	0	12	0	0	31	0	0	0	24	0	0	0	32	364	0	0	12	0	0	12	0	0	0	24	0	0	0	28	0	0	31	0	0	0	0	0	0	0	0	0	0	0	24	0	0	0	32	357	0	0	0	0	0	12	0	0	0	0	0	0	0	0	0	0	12	0	0	0	0	0	0	0	0	0	0	0	24	0	0	0	28	0	0	31	0	0	0	0	0	0	0	9	0	0	0	0	0	0	0	0	0	0	0	24	0	0	0	32	350	0	0	0	0	0	0	0	0	0	0	0	0	0	0	0	0	12	0	0	0	0	0	0	0	0	0	0	0	0	0	0	0	0	0	0	12	0	0	0	0	0	0	0	0	0	0	0	0	0	0	0	0	0	0	0	24	0	0	0	28	0	0	31	0	0	0	0	0	0	0	0	0	0	0	0	0	0	0	9	0	0	0	0	0	0	0	0	0	0	0	24	0	0	0	32
559	548	15	36	29	537	6	18	29	15	36	29	0	0	52	0	2	0	87	0	526	6	18	29	6	18	29	0	0	52	0	2	0	87	0	15	36	29	0	0	0	0	0	0	0	0	0	0	52	0	2	0	87	0	515	6	18	29	6	18	29	0	0	52	0	2	0	87	0	6	18	29	0	0	0	0	0	0	0	0	0	0	52	0	2	0	87	0	15	36	29	0	0	0	0	0	0	0	0	0	0	0	0	0	0	0	0	0	0	52	0	2	0	87	0	504	6	18	29	6	18	29	0	0	52	0	2	0	87	0	6	18	29	0	0	0	0	0	0	0	0	0	0	52	0	2	0	87	0	6	18	29	0	0	0	0	0	0	0	0	0	0	0	0	0	0	0	0	0	0	52	0	2	0	87	0	15	36	29	0	0	0	0	0	0	0	0	0	0	0	0	0	0	0	0	0	0	0	0	0	0	0	0	0	0	52	0	2	0	87	0
431	423	12	7	31	415	4	0	31	12	7	31	0	0	37	0	0	0	31	0	407	4	0	31	4	0	31	0	0	37	0	0	0	31	0	12	7	31	0	0	0	0	0	0	0	0	0	0	37	0	0	0	31	0	399	4	0	31	4	0	31	0	0	37	0	0	0	31	0	4	0	31	0	0	0	0	0	0	0	0	0	0	37	0	0	0	31	0	12	7	31	0	0	0	0	0	0	0	0	0	0	0	0	0	0	0	0	0	0	37	0	0	0	31	0	391	4	0	31	4	0	31	0	0	37	0	0	0	31	0	4	0	31	0	0	0	0	0	0	0	0	0	0	37	0	0	0	31	0	4	0	31	0	0	0	0	0	0	0	0	0	0	0	0	0	0	0	0	0	0	37	0	0	0	31	0	12	7	31	0	0	0	0	0	0	0	0	0	0	0	0	0	0	0	0	0	0	0	0	0	0	0	0	0	0	37	0	0	0	31	0
486	477	9	0	39	468	3	0	37	9	0	39	0	0	16	12	0	0	0	0	459	3	0	37	3	0	37	0	0	16	12	0	0	0	0	9	0	39	0	0	0	0	0	0	0	0	0	0	16	12	0	0	0	0	450	3	0	37	3	0	37	0	0	16	12	0	0	0	0	3	0	37	0	0	0	0	0	0	0	0	0	0	16	12	0	0	0	0	9	0	39	0	0	0	0	0	0	0	0	0	0	0	0	0	0	0	0	0	0	16	12	0	0	0	0	441	3	0	37	3	0	37	0	0	16	12	0	0	0	0	3	0	37	0	0	0	0	0	0	0	0	0	0	16	12	0	0	0	0	3	0	37	0	0	0	0	0	0	0	0	0	0	0	0	0	0	0	0	0	0	16	12	0	0	0	0	9	0	39	0	0	0	0	0	0	0	0	0	0	0	0	0	0	0	0	0	0	0	0	0	0	0	0	0	0	16	12	0	0	0	0
432	424	1	0	36	416	0	0	29	1	0	36	0	0	0	12	0	0	0	14	408	0	0	29	0	0	29	0	0	0	12	0	0	0	14	1	0	36	0	0	0	0	0	0	0	0	0	0	0	12	0	0	0	14	400	0	0	29	0	0	29	0	0	0	12	0	0	0	14	0	0	29	0	0	0	0	0	0	0	0	0	0	0	12	0	0	0	14	1	0	36	0	0	0	0	0	0	0	0	0	0	0	0	0	0	0	0	0	0	0	12	0	0	0	14	392	0	0	29	0	0	29	0	0	0	12	0	0	0	13	0	0	29	0	0	0	0	0	0	0	0	0	0	0	12	0	0	0	14	0	0	29	0	0	0	0	0	0	0	0	0	0	0	0	0	0	0	0	0	0	0	12	0	0	0	14	1	0	36	0	0	0	0	0	0	0	0	0	0	0	0	0	0	0	0	0	0	0	0	0	0	0	0	0	0	0	12	0	0	0	14
486	477	0	0	49	468	0	0	28	0	0	49	0	0	0	40	0	0	0	33	459	0	0	28	0	0	28	0	0	0	40	0	0	0	33	0	0	49	0	0	0	0	0	0	0	0	0	0	0	40	0	0	0	33	450	0	0	28	0	0	28	0	0	0	40	0	0	0	33	0	0	28	0	0	0	0	0	0	0	0	0	0	0	40	0	0	0	33	0	0	49	0	0	0	0	0	0	0	0	0	0	0	0	0	0	0	0	0	0	0	40	0	0	0	33	441	0	0	27	0	0	28	0	0	0	36	0	0	0	29	0	0	28	0	0	0	0	0	0	0	0	0	0	0	40	0	0	0	33	0	0	28	0	0	0	0	0	0	0	0	0	0	0	0	0	0	0	0	0	0	0	40	0	0	0	33	0	0	49	0	0	0	3	0	0	0	0	0	0	0	0	0	0	0	0	0	0	0	0	0	0	0	0	0	0	0	40	0	0	0	33
500	490	14	16	43	480	12	16	31	14	16	43	0	0	0	43	11	0	0	29	470	12	16	31	12	16	31	0	0	0	43	11	0	0	29	14	16	43	0	0	0	0	0	0	0	0	0	0	0	43	11	0	0	29	460	12	16	31	12	16	31	0	0	0	43	11	0	0	29	12	16	31	0	0	0	0	0	0	0	0	0	0	0	43	11	0	0	29	14	16	43	0	0	0	0	0	0	0	0	0	0	0	0	0	0	0	0	0	0	0	43	11	0	0	29	450	12	16	31	12	16	31	0	0	0	43	11	0	0	29	12	16	31	0	0	0	0	0	0	0	0	0	0	0	43	11	0	0	29	12	16	31	0	0	0	0	0	0	0	0	0	0	0	0	0	0	0	0	0	0	0	43	11	0	0	29	14	16	43	0	0	0	0	0	0	0	0	0	0	0	0	0	0	0	0	0	0	0	0	0	0	0	0	0	0	0	43	11	0	0	29
462	453	14	8	39	444	12	8	20	14	8	39	0	0	0	43	11	0	0	60	435	12	8	20	12	8	20	0	0	0	43	11	0	0	60	14	8	39	0	0	0	0	0	0	0	0	0	0	0	43	11	0	0	60	426	12	8	20	12	8	20	0	0	0	43	11	0	0	60	12	8	20	0	0	0	0	0	0	0	0	0	0	0	43	11	0	0	60	14	8	39	0	0	0	0	0	0	0	0	0	0	0	0	0	0	0	0	0	0	0	43	11	0	0	60	417	12	8	20	12	8	20	0	0	0	43	11	0	0	60	12	8	20	0	0	0	0	0	0	0	0	0	0	0	43	11	0	0	60	12	8	20	0	0	0	0	0	0	0	0	0	0	0	0	0	0	0	0	0	0	0	43	11	0	0	60	14	8	39	0	0	0	0	0	0	0	0	0	0	0	0	0	0	0	0	0	0	0	0	0	0	0	0	0	0	0	43	11	0	0	60
427	418	21	15	21	409	14	15	12	21	15	21	1	0	0	19	15	16	0	29	400	14	15	12	14	15	12	1	0	0	19	15	16	0	29	21	15	21	0	0	0	0	0	0	0	0	1	0	0	19	15	16	0	29	391	14	15	12	14	15	12	1	0	0	19	15	16	0	29	14	15	12	0	0	0	0	0	0	0	0	1	0	0	19	15	16	0	29	21	15	21	0	0	0	0	0	0	0	0	0	0	0	0	0	0	0	0	1	0	0	19	15	16	0	29	382	14	15	12	14	15	12	1	0	0	19	15	16	0	29	14	15	12	0	0	0	0	0	0	0	0	1	0	0	19	15	16	0	29	14	15	12	0	0	0	0	0	0	0	0	0	0	0	0	0	0	0	0	1	0	0	19	15	16	0	29	21	15	21	0	0	0	0	0	0	0	0	0	0	0	0	0	0	0	0	0	0	0	0	0	0	0	0	1	0	0	19	15	16	0	29
486	475	33	42	0	464	21	34	0	33	42	0	6	0	0	0	23	62	0	0	453	21	34	0	21	34	0	6	0	0	0	21	62	0	0	33	42	0	0	0	0	0	0	0	0	0	6	0	0	0	23	62	0	0	442	21	34	0	21	34	0	6	0	0	0	21	62	0	0	21	34	0	0	0	0	0	0	0	0	0	6	0	0	0	21	62	0	0	33	42	0	0	0	0	0	1	0	0	0	0	0	0	0	0	0	0	0	6	0	0	0	23	62	0	0	431	21	34	0	21	34	0	6	0	0	0	21	62	0	0	21	34	0	0	0	0	0	0	0	0	0	6	0	0	0	21	62	0	0	21	34	0	0	0	0	0	1	0	0	0	0	0	0	0	0	0	0	0	6	0	0	0	21	62	0	0	33	42	0	0	0	0	0	0	0	0	0	0	0	0	0	1	0	0	0	0	0	0	0	0	0	0	0	6	0	0	0	23	62	0	0
373	364	37	31	0	355	29	24	0	37	31	0	17	5	0	0	38	36	0	0	346	29	24	0	29	24	0	17	5	0	0	37	36	0	0	37	31	0	3	0	0	0	1	0	0	0	17	5	0	0	38	36	0	0	337	29	24	0	29	24	0	17	5	0	0	37	36	0	0	29	24	0	3	0	0	0	1	0	0	0	17	5	0	0	37	36	0	0	37	31	0	0	0	0	0	1	0	0	0	3	0	0	0	1	0	0	0	17	5	0	0	38	36	0	0	328	29	24	0	29	24	0	17	5	0	0	37	36	0	0	29	24	0	3	0	0	0	1	0	0	0	17	5	0	0	37	36	0	0	29	24	0	0	0	0	0	1	0	0	0	3	0	0	0	1	0	0	0	17	5	0	0	37	36	0	0	37	31	0	0	0	0	0	0	0	0	0	0	0	0	0	1	0	0	0	3	0	0	0	1	0	0	0	17	5	0	0	38	36	0	0
283	277	32	9	6	271	29	8	0	32	9	6	17	4	0	0	39	12	0	0	265	29	8	0	29	8	0	17	4	0	0	38	12	0	0	32	9	6	3	0	0	0	1	0	0	0	17	4	0	0	39	12	0	0	259	29	8	0	29	8	0	17	4	0	0	38	12	0	0	29	8	0	3	0	0	0	1	0	0	0	17	4	0	0	38	12	0	0	32	9	6	0	0	0	0	1	0	0	0	3	0	0	0	1	0	0	0	17	4	0	0	39	12	0	0	253	29	8	0	29	8	0	17	4	0	0	38	12	0	0	29	8	0	3	0	0	0	1	0	0	0	17	4	0	0	38	12	0	0	29	8	0	0	0	0	0	1	0	0	0	3	0	0	0	1	0	0	0	17	4	0	0	38	12	0	0	32	9	6	0	0	0	0	0	0	0	0	0	0	0	0	1	0	0	0	3	0	0	0	1	0	0	0	17	4	0	0	39	12	0	0
565	550	49	83	6	535	38	79	0	49	83	6	27	24	0	0	51	83	0	0	520	38	79	0	38	79	0	27	24	0	0	50	80	0	0	49	83	6	6	0	0	0	3	0	0	0	27	24	0	0	51	83	0	0	505	37	79	0	38	79	0	27	24	0	0	50	80	0	0	38	79	0	6	0	0	0	3	0	0	0	27	24	0	0	50	80	0	0	49	83	6	0	0	0	0	0	5	0	0	6	0	0	0	3	0	0	0	27	24	0	0	51	83	0	0	490	37	79	0	37	79	0	27	24	0	0	47	80	0	0	38	79	0	6	0	0	0	3	0	0	0	27	24	0	0	50	80	0	0	38	79	0	0	0	0	0	0	5	0	0	6	0	0	0	3	0	0	0	27	24	0	0	50	80	0	0	49	83	6	0	0	0	0	0	0	0	0	0	0	0	0	0	5	0	0	6	0	0	0	3	0	0	0	27	24	0	0	51	83	0	0
534	519	68	90	2	504	52	78	0	68	90	2	39	97	0	0	63	106	0	0	489	51	75	0	52	78	0	35	90	0	0	57	100	0	0	68	90	2	9	25	0	0	10	10	0	0	39	97	0	0	63	106	0	0	474	50	75	0	51	75	0	35	90	0	0	57	100	0	0	52	78	0	7	25	0	0	7	10	0	0	35	90	0	0	57	100	0	0	68	90	2	0	0	0	0	1	0	0	0	9	25	0	0	10	10	0	0	39	97	0	0	63	106	0	0	459	50	75	0	50	75	0	35	90	0	0	54	100	0	0	51	75	0	7	25	0	0	7	10	0	0	35	90	0	0	57	100	0	0	52	78	0	0	0	0	0	1	0	0	0	7	25	0	0	7	10	0	0	35	90	0	0	57	100	0	0	68	90	2	0	0	0	0	0	0	0	0	0	0	0	0	1	0	0	0	9	25	0	0	10	10	0	0	39	97	0	0	63	106	0	0
460	446	80	81	0	432	68	67	0	80	81	0	55	82	0	0	97	71	0	0	418	67	64	0	68	67	0	51	76	0	0	92	68	0	0	80	81	0	24	24	0	0	16	8	0	0	55	82	0	0	97	71	0	0	404	66	64	0	67	64	0	51	76	0	0	92	68	0	0	68	67	0	22	24	0	0	13	8	0	0	51	76	0	0	92	68	0	0	80	81	0	11	0	0	0	3	0	0	0	24	24	0	0	16	8	0	0	55	82	0	0	97	71	0	0	390	66	64	0	66	64	0	51	76	0	0	89	68	0	0	67	64	0	22	24	0	0	13	8	0	0	51	76	0	0	92	68	0	0	68	67	0	11	0	0	0	3	0	0	0	22	24	0	0	13	8	0	0	51	76	0	0	92	68	0	0	80	81	0	0	0	0	0	3	0	0	0	11	0	0	0	3	0	0	0	24	24	0	0	16	8	0	0	55	82	0	0	97	71	0	0
560	543	104	123	0	526	86	103	0	103	123	0	64	138	0	0	135	130	0	0	509	82	97	0	85	103	0	54	130	0	0	116	119	0	0	103	123	0	21	44	0	0	18	16	0	0	64	138	0	0	135	130	0	0	492	82	95	0	81	97	0	54	130	0	0	108	111	0	0	85	103	0	21	40	0	0	18	10	0	0	54	130	0	0	116	119	0	0	103	123	0	11	0	0	0	4	0	0	0	21	44	0	0	18	16	0	0	64	138	0	0	135	130	0	0	475	82	95	0	81	95	0	54	130	0	0	108	105	0	0	81	97	0	21	40	0	0	18	10	0	0	54	130	0	0	108	111	0	0	85	103	0	11	0	0	0	3	0	0	0	21	40	0	0	18	10	0	0	54	130	0	0	116	119	0	0	103	123	0	0	0	0	0	17	0	0	0	11	0	0	0	4	0	0	0	21	44	0	0	18	16	0	0	64	138	0	0	135	130	0	0
577	558	149	147	5	539	120	139	0	148	147	5	104	56	0	0	225	298	0	0	520	114	129	0	119	139	0	89	56	0	0	182	279	0	0	148	147	5	29	120	2	0	33	24	0	0	104	56	0	0	225	298	0	0	501	112	119	0	113	129	0	89	56	0	0	171	265	0	0	119	139	0	21	100	0	0	29	20	0	0	89	56	0	0	182	279	0	0	148	147	5	17	100	0	0	15	20	0	0	29	120	2	0	33	24	0	0	104	56	0	0	225	298	0	0	482	111	119	0	111	119	0	89	56	0	0	171	251	0	0	113	129	0	21	100	0	0	29	20	0	0	89	56	0	0	171	265	0	0	119	139	0	16	100	0	0	12	20	0	0	21	100	0	0	29	20	0	0	89	56	0	0	182	279	0	0	148	147	5	17	0	0	0	32	9	0	0	17	100	0	0	15	20	0	0	29	120	2	0	33	24	0	0	104	56	0	0	225	298	0	0
766	746	185	160	2	726	148	140	0	182	160	2	107	90	0	0	293	246	4	0	706	143	125	0	145	140	0	90	60	0	0	216	185	0	0	182	160	2	48	0	2	0	34	0	6	0	107	90	0	0	293	246	4	0	686	142	125	0	140	125	0	90	60	0	0	205	145	0	0	145	140	0	45	0	0	0	33	0	0	0	90	60	0	0	216	185	0	0	182	160	2	33	0	0	0	26	10	0	0	48	0	2	0	34	0	6	0	107	90	0	0	293	246	4	0	666	142	125	0	139	125	0	90	60	0	0	205	145	0	0	140	125	0	45	0	0	0	33	0	0	0	90	60	0	0	205	145	0	0	145	140	0	33	0	0	0	22	10	0	0	45	0	0	0	33	0	0	0	90	60	0	0	216	185	0	0	182	160	2	30	0	0	0	66	0	0	0	33	0	0	0	26	10	0	0	48	0	2	0	34	0	6	0	107	90	0	0	293	246	4	0
492	474	168	136	0	456	133	127	0	166	136	0	107	98	0	0	273	275	0	0	438	121	125	0	131	127	0	69	96	0	0	204	265	0	0	159	136	0	41	28	0	0	32	76	0	0	107	98	0	0	270	275	0	0	420	117	125	0	119	125	0	69	96	0	0	180	261	0	0	124	127	0	38	28	0	0	29	74	0	0	69	96	0	0	201	265	0	0	159	136	0	56	0	0	0	25	28	0	0	41	28	0	0	32	76	0	0	107	98	0	0	270	275	0	0	402	114	125	0	115	125	0	66	96	0	0	176	261	0	0	112	125	0	34	28	0	0	25	70	0	0	69	96	0	0	177	261	0	0	124	127	0	48	0	0	0	23	28	0	0	38	28	0	0	29	74	0	0	69	96	0	0	201	265	0	0	157	136	0	47	0	0	0	61	36	0	0	56	0	0	0	25	28	0	0	39	28	0	0	30	76	0	0	107	98	0	0	263	275	0	0
625	609	144	101	0	593	116	78	0	141	101	0	78	51	0	0	234	113	0	0	577	110	75	0	113	78	0	60	36	0	0	176	63	0	0	141	101	0	32	0	0	0	26	0	0	0	78	51	0	0	234	113	0	0	561	109	75	0	107	75	0	60	36	0	0	161	60	0	0	113	78	0	29	0	0	0	25	0	0	0	60	36	0	0	176	63	0	0	141	101	0	16	0	0	0	25	9	0	0	32	0	0	0	26	0	0	0	78	51	0	0	234	113	0	0	545	109	75	0	106	75	0	60	36	0	0	161	60	0	0	107	75	0	29	0	0	0	25	0	0	0	60	36	0	0	161	60	0	0	113	78	0	16	0	0	0	24	9	0	0	29	0	0	0	25	0	0	0	60	36	0	0	176	63	0	0	141	101	0	21	0	0	0	48	0	0	0	16	0	0	0	25	9	0	0	32	0	0	0	26	0	0	0	78	51	0	0	234	113	0	0
880	858	156	202	0	836	120	178	0	154	202	0	81	36	0	0	255	217	0	0	814	116	159	0	118	178	0	70	0	0	0	183	153	0	0	154	202	0	26	100	0	0	33	0	0	0	81	36	0	0	255	217	0	0	792	115	159	0	114	159	0	70	0	0	0	174	107	0	0	118	178	0	23	100	0	0	26	0	0	0	70	0	0	0	183	153	0	0	154	202	0	23	0	0	0	35	10	0	0	26	100	0	0	33	0	0	0	81	36	0	0	255	217	0	0	770	110	159	0	113	159	0	70	0	0	0	174	107	0	0	114	159	0	23	100	0	0	26	0	0	0	70	0	0	0	174	107	0	0	118	178	0	19	0	0	0	28	10	0	0	23	100	0	0	26	0	0	0	70	0	0	0	183	153	0	0	154	202	0	26	0	0	0	51	79	0	0	23	0	0	0	35	10	0	0	26	100	0	0	33	0	0	0	81	36	0	0	255	217	0	0
546	533	94	57	11	521	66	33	0	93	45	11	26	0	27	0	152	70	44	2	509	66	33	0	65	21	0	26	0	0	0	87	10	0	0	93	45	11	20	0	0	0	13	0	0	0	26	0	27	0	152	70	44	2	497	66	33	0	65	21	0	26	0	0	0	87	10	0	0	65	21	0	20	0	0	0	12	0	0	0	26	0	0	0	87	10	0	0	93	45	11	6	0	0	0	17	0	0	0	20	0	0	0	13	0	0	0	26	0	27	0	152	70	44	2	485	66	33	0	65	21	0	26	0	0	0	87	10	0	0	65	21	0	20	0	0	0	12	0	0	0	26	0	0	0	87	10	0	0	65	21	0	6	0	0	0	12	0	0	0	20	0	0	0	12	0	0	0	26	0	0	0	87	10	0	0	93	45	11	5	0	0	0	32	0	0	0	6	0	0	0	17	0	0	0	20	0	0	0	13	0	0	0	26	0	27	0	152	70	44	2
681	666	123	74	11	651	90	39	0	121	74	11	54	0	27	0	211	118	55	2	636	90	38	0	88	39	0	54	0	0	0	136	13	0	0	121	74	11	33	12	0	0	23	0	0	0	54	0	27	0	211	118	55	2	621	90	38	0	88	38	0	54	0	0	0	136	12	0	0	88	39	0	33	12	0	0	21	0	0	0	54	0	0	0	136	13	0	0	121	74	11	15	0	0	0	29	0	0	0	33	12	0	0	23	0	0	0	54	0	27	0	211	118	55	2	606	87	38	0	88	38	0	54	0	0	0	136	12	0	0	88	38	0	33	12	0	0	21	0	0	0	54	0	0	0	136	12	0	0	88	39	0	12	0	0	0	21	0	0	0	33	12	0	0	21	0	0	0	54	0	0	0	136	13	0	0	121	74	11	11	0	0	0	42	39	0	0	15	0	0	0	29	0	0	0	33	12	0	0	23	0	0	0	54	0	27	0	211	118	55	2
664	647	126	120	6	630	90	99	0	126	120	6	66	132	12	0	176	214	6	0	613	85	89	0	90	99	0	53	108	0	0	126	180	0	0	126	120	6	42	68	0	0	28	49	0	0	66	132	12	0	176	214	6	0	596	80	84	0	85	89	0	45	96	0	0	117	158	0	0	90	99	0	19	60	0	0	14	38	0	0	53	108	0	0	126	180	0	0	126	120	6	23	39	0	0	16	46	0	0	42	68	0	0	28	49	0	0	66	132	12	0	176	214	6	0	579	75	82	0	80	84	0	41	96	0	0	105	153	0	0	85	89	0	17	60	0	0	11	32	0	0	45	96	0	0	117	158	0	0	90	99	0	15	39	0	0	15	38	0	0	19	60	0	0	14	38	0	0	53	108	0	0	126	180	0	0	126	120	6	36	26	0	0	35	55	0	0	23	39	0	0	16	46	0	0	42	68	0	0	28	49	0	0	66	132	12	0	176	214	6	0
576	562	99	74	6	548	68	60	0	97	74	6	38	18	12	0	141	124	12	0	534	67	59	0	66	60	0	38	18	0	0	92	105	0	0	97	74	6	31	8	0	0	25	10	0	0	38	18	12	0	141	124	12	0	520	66	57	0	65	59	0	38	16	0	0	90	101	0	0	66	60	0	28	8	0	0	18	9	0	0	38	18	0	0	92	105	0	0	97	74	6	13	16	0	0	20	8	0	0	31	8	0	0	25	10	0	0	38	18	12	0	141	124	12	0	506	66	57	0	64	57	0	38	16	0	0	90	100	0	0	65	59	0	28	8	0	0	18	9	0	0	38	16	0	0	90	101	0	0	66	60	0	13	16	0	0	18	8	0	0	28	8	0	0	18	9	0	0	38	18	0	0	92	105	0	0	97	74	6	15	0	0	0	32	0	0	0	13	16	0	0	20	8	0	0	31	8	0	0	25	10	0	0	38	18	12	0	141	124	12	0
589	575	78	72	3	561	48	53	0	77	72	3	33	32	3	0	128	137	9	0	547	45	53	0	47	53	0	30	32	0	0	77	103	0	0	77	72	3	18	0	0	0	21	27	0	0	33	32	3	0	128	137	9	0	533	45	53	0	44	53	0	30	32	0	0	71	103	0	0	47	53	0	18	0	0	0	13	24	0	0	30	32	0	0	77	103	0	0	77	72	3	10	0	0	0	18	0	0	0	18	0	0	0	21	27	0	0	33	32	3	0	128	137	9	0	519	45	53	0	44	53	0	30	32	0	0	71	103	0	0	44	53	0	18	0	0	0	13	24	0	0	30	32	0	0	71	103	0	0	47	53	0	10	0	0	0	15	0	0	0	18	0	0	0	13	24	0	0	30	32	0	0	77	103	0	0	77	72	3	6	0	0	0	22	0	0	0	10	0	0	0	18	0	0	0	18	0	0	0	21	27	0	0	33	32	3	0	128	137	9	0
658	644	94	52	29	630	74	24	9	93	52	29	48	12	0	10	151	75	87	25	616	74	24	2	73	24	9	48	12	0	0	118	12	27	0	93	52	29	19	0	0	4	21	0	0	2	48	12	0	10	151	75	87	25	602	73	24	0	73	24	2	48	12	0	0	118	12	6	0	73	24	9	18	0	0	0	16	0	0	0	48	12	0	0	118	12	27	0	93	52	29	13	0	0	0	23	9	0	0	19	0	0	4	21	0	0	2	48	12	0	10	151	75	87	25	588	69	24	0	72	24	0	46	12	0	0	116	12	0	0	73	24	2	18	0	0	0	16	0	0	0	48	12	0	0	118	12	6	0	73	24	9	5	0	0	0	13	0	0	0	18	0	0	0	16	0	0	0	48	12	0	0	118	12	27	0	93	52	29	6	0	0	0	27	36	0	0	13	0	0	0	23	9	0	0	19	0	0	4	21	0	0	2	48	12	0	10	151	75	87	25
833	814	125	102	51	795	95	86	11	124	102	51	75	55	0	37	203	228	51	37	776	92	82	0	94	86	11	63	52	0	0	151	211	11	0	124	102	51	53	56	0	0	30	43	0	2	75	55	0	37	203	228	51	37	757	87	81	0	91	82	0	55	52	0	0	142	203	0	0	94	86	11	32	55	0	0	18	42	0	0	63	52	0	0	151	211	11	0	124	102	51	21	16	0	0	25	64	0	0	53	56	0	0	30	43	0	2	75	55	0	37	203	228	51	37	738	81	78	0	86	81	0	49	52	0	0	128	201	0	0	91	82	0	30	52	0	0	17	39	0	0	55	52	0	0	142	203	0	0	94	86	11	11	13	0	0	17	52	0	0	32	55	0	0	18	42	0	0	63	52	0	0	151	211	11	0	124	102	51	8	39	0	0	36	76	0	0	21	16	0	0	25	64	0	0	53	56	0	0	30	43	0	2	75	55	0	37	203	228	51	37
744	727	104	102	27	710	74	68	8	103	102	27	37	29	0	22	152	195	108	22	693	74	66	0	73	68	8	37	28	0	0	116	97	32	0	103	102	27	28	26	0	0	28	0	0	2	37	29	0	22	152	195	108	22	676	72	65	0	73	66	0	37	28	0	0	116	96	0	0	73	68	8	22	26	0	0	12	0	0	0	37	28	0	0	116	97	32	0	103	102	27	15	13	0	0	24	16	0	0	28	26	0	0	28	0	0	2	37	29	0	22	152	195	108	22	659	65	64	0	71	65	0	35	27	0	0	112	92	0	0	73	66	0	22	26	0	0	12	0	0	0	37	28	0	0	116	96	0	0	73	68	8	4	13	0	0	14	0	0	0	22	26	0	0	12	0	0	0	37	28	0	0	116	97	32	0	103	102	27	8	13	0	0	30	71	0	0	15	13	0	0	24	16	0	0	28	26	0	0	28	0	0	2	37	29	0	22	152	195	108	22
699	683	97	82	31	667	69	60	3	96	82	31	49	46	0	12	168	176	62	31	651	65	58	0	68	60	3	35	44	0	0	116	142	6	0	96	82	31	45	25	0	0	19	48	0	0	49	46	0	12	168	176	62	31	635	60	56	0	64	58	0	27	44	0	0	105	138	0	0	68	60	3	24	23	0	0	12	45	0	0	35	44	0	0	116	142	6	0	96	82	31	14	24	0	0	19	53	0	0	45	25	0	0	19	48	0	0	49	46	0	12	168	176	62	31	619	56	55	0	59	56	0	21	44	0	0	91	134	0	0	64	58	0	22	22	0	0	11	44	0	0	27	44	0	0	105	138	0	0	68	60	3	5	22	0	0	10	44	0	0	24	23	0	0	12	45	0	0	35	44	0	0	116	142	6	0	96	82	31	5	11	0	0	32	38	0	0	14	24	0	0	19	53	0	0	45	25	0	0	19	48	0	0	49	46	0	12	168	176	62	31
644	629	97	84	7	614	53	56	0	97	84	7	49	35	0	0	159	287	35	11	599	50	52	0	53	56	0	37	33	0	0	102	197	0	0	97	84	7	42	42	0	0	33	31	0	0	49	35	0	0	159	287	35	11	584	43	51	0	50	52	0	29	31	0	0	93	186	0	0	53	56	0	12	42	0	0	9	31	0	0	37	33	0	0	102	197	0	0	97	84	7	25	10	0	0	18	55	0	0	42	42	0	0	33	31	0	0	49	35	0	0	159	287	35	11	569	36	50	0	43	51	0	21	30	0	0	75	182	0	0	50	52	0	10	40	0	0	8	30	0	0	29	31	0	0	93	186	0	0	53	56	0	4	10	0	0	8	40	0	0	12	42	0	0	9	31	0	0	37	33	0	0	102	197	0	0	97	84	7	5	10	0	0	24	40	0	0	25	10	0	0	18	55	0	0	42	42	0	0	33	31	0	0	49	35	0	0	159	287	35	11
712	696	77	83	43	680	50	71	0	77	83	43	29	34	0	0	122	152	43	145	664	49	70	0	50	71	0	27	34	0	0	99	144	0	31	77	83	43	22	9	0	0	29	14	0	0	29	34	0	0	122	152	43	145	648	46	59	0	49	70	0	27	32	0	0	97	142	0	2	50	71	0	13	0	0	0	10	14	0	0	27	34	0	0	99	144	0	31	77	83	43	19	18	0	0	16	9	43	0	22	9	0	0	29	14	0	0	29	34	0	0	122	152	43	145	632	42	41	0	46	59	0	25	14	0	0	90	120	0	0	49	70	0	13	0	0	0	10	14	0	0	27	32	0	0	97	142	0	2	50	71	0	5	0	0	0	12	0	0	0	13	0	0	0	10	14	0	0	27	34	0	0	99	144	0	31	77	83	43	6	0	0	0	14	0	86	0	19	18	0	0	16	9	43	0	22	9	0	0	29	14	0	0	29	34	0	0	122	152	43	145
706	690	64	85	31	674	46	65	0	64	85	31	22	44	0	0	97	41	62	94	658	46	65	0	46	65	0	22	44	0	0	90	41	0	20	64	85	31	19	0	0	0	28	0	0	0	22	44	0	0	97	41	62	94	642	42	63	0	46	65	0	22	44	0	0	90	41	0	2	46	65	0	9	0	0	0	9	0	0	0	22	44	0	0	90	41	0	20	64	85	31	18	16	0	0	12	8	0	0	19	0	0	0	28	0	0	0	22	44	0	0	97	41	62	94	626	37	55	0	42	63	0	18	44	0	0	81	35	0	0	46	65	0	9	0	0	0	9	0	0	0	22	44	0	0	90	41	0	2	46	65	0	4	0	0	0	8	0	0	0	9	0	0	0	9	0	0	0	22	44	0	0	90	41	0	20	64	85	31	3	0	0	0	10	0	31	0	18	16	0	0	12	8	0	0	19	0	0	0	28	0	0	0	22	44	0	0	97	41	62	94
688	672	72	92	22	656	49	60	0	72	92	22	25	50	0	0	102	127	88	63	640	44	59	0	49	60	0	22	48	0	0	86	117	0	17	72	92	22	17	12	0	0	18	35	0	0	25	50	0	0	102	127	88	63	624	40	55	0	44	59	0	22	48	0	0	80	117	0	2	49	60	0	7	12	0	0	4	0	0	0	22	48	0	0	86	117	0	17	72	92	22	14	28	0	0	8	7	0	0	17	12	0	0	18	35	0	0	25	50	0	0	102	127	88	63	608	35	48	0	40	55	0	18	48	0	0	71	105	0	0	44	59	0	7	12	0	0	4	0	0	0	22	48	0	0	80	117	0	2	49	60	0	2	0	0	0	4	0	0	0	7	12	0	0	4	0	0	0	22	48	0	0	86	117	0	17	72	92	22	2	0	0	0	9	0	22	0	14	28	0	0	8	7	0	0	17	12	0	0	18	35	0	0	25	50	0	0	102	127	88	63
631	617	79	66	13	603	54	35	0	79	66	13	35	12	0	0	137	152	65	34	589	45	30	0	54	35	0	24	12	0	0	99	130	0	8	79	66	13	13	30	0	0	14	54	0	0	35	12	0	0	137	152	65	34	575	42	24	0	45	30	0	24	12	0	0	90	120	0	0	54	35	0	8	0	0	0	4	0	0	0	24	12	0	0	99	130	0	8	79	66	13	18	0	0	0	8	6	13	0	13	30	0	0	14	54	0	0	35	12	0	0	137	152	65	34	561	36	24	0	42	24	0	20	12	0	0	83	108	0	0	45	30	0	8	0	0	0	4	0	0	0	24	12	0	0	90	120	0	0	54	35	0	2	0	0	0	4	0	0	0	8	0	0	0	4	0	0	0	24	12	0	0	99	130	0	8	79	66	13	2	0	0	0	4	0	0	0	18	0	0	0	8	6	13	0	13	30	0	0	14	54	0	0	35	12	0	0	137	152	65	34
598	585	63	61	5	572	44	39	0	63	61	5	24	18	0	0	103	63	20	7	559	39	35	0	44	39	0	21	18	0	0	87	54	0	0	63	61	5	12	20	0	0	18	25	0	0	24	18	0	0	103	63	20	7	546	36	22	0	39	35	0	21	10	0	0	81	46	0	0	44	39	0	6	0	0	0	4	0	0	0	21	18	0	0	87	54	0	0	63	61	5	9	40	0	0	8	5	5	0	12	20	0	0	18	25	0	0	24	18	0	0	103	63	20	7	533	32	12	0	36	22	0	19	0	0	0	74	20	0	0	39	35	0	6	0	0	0	4	0	0	0	21	10	0	0	81	46	0	0	44	39	0	1	0	0	0	4	0	0	0	6	0	0	0	4	0	0	0	21	18	0	0	87	54	0	0	63	61	5	1	0	0	0	6	0	10	0	9	40	0	0	8	5	5	0	12	20	0	0	18	25	0	0	24	18	0	0	103	63	20	7
578	565	52	39	40	552	47	39	5	52	39	40	27	0	0	0	83	37	0	114	539	39	39	5	47	39	5	24	0	0	0	76	37	0	0	52	39	40	2	0	20	0	1	0	0	0	27	0	0	0	83	37	0	114	526	33	30	5	39	39	5	20	0	0	0	64	37	0	0	47	39	5	2	0	0	0	1	0	0	0	24	0	0	0	76	37	0	0	52	39	40	0	0	43	0	0	0	40	0	2	0	20	0	1	0	0	0	27	0	0	0	83	37	0	114	513	33	30	5	33	30	5	20	0	0	0	50	10	0	0	39	39	5	2	0	0	0	1	0	0	0	20	0	0	0	64	37	0	0	47	39	5	0	0	0	0	0	0	5	0	2	0	0	0	1	0	0	0	24	0	0	0	76	37	0	0	52	39	40	0	0	0	0	5	0	0	0	0	0	43	0	0	0	40	0	2	0	20	0	1	0	0	0	27	0	0	0	83	37	0	114
443	433	42	17	26	423	38	17	0	42	17	26	28	0	0	0	80	9	0	71	413	27	17	0	38	17	0	17	0	0	0	67	9	0	0	42	17	26	2	0	11	0	0	0	0	0	28	0	0	0	80	9	0	71	403	22	17	0	27	17	0	15	0	0	0	54	9	0	0	38	17	0	2	0	0	0	0	0	0	0	17	0	0	0	67	9	0	0	42	17	26	0	0	25	0	0	0	0	0	2	0	11	0	0	0	0	0	28	0	0	0	80	9	0	71	393	22	17	0	22	17	0	15	0	0	0	41	9	0	0	27	17	0	2	0	0	0	0	0	0	0	15	0	0	0	54	9	0	0	38	17	0	0	0	0	0	0	0	0	0	2	0	0	0	0	0	0	0	17	0	0	0	67	9	0	0	42	17	26	0	0	0	0	0	0	0	0	0	0	25	0	0	0	0	0	2	0	11	0	0	0	0	0	28	0	0	0	80	9	0	71
419	410	39	14	18	401	33	14	0	39	14	18	24	0	0	0	84	21	0	40	392	24	0	0	33	14	0	13	0	0	0	66	21	0	0	39	14	18	2	0	11	0	0	0	36	0	24	0	0	0	84	21	0	40	383	20	0	0	24	0	0	11	0	0	0	56	0	0	0	33	14	0	2	0	0	0	0	0	0	0	13	0	0	0	66	21	0	0	39	14	18	0	0	17	0	0	0	0	0	2	0	11	0	0	0	36	0	24	0	0	0	84	21	0	40	374	20	0	0	20	0	0	11	0	0	0	46	0	0	0	24	0	0	2	0	0	0	0	0	0	0	11	0	0	0	56	0	0	0	33	14	0	0	0	0	0	0	0	0	0	2	0	0	0	0	0	0	0	13	0	0	0	66	21	0	0	39	14	18	0	0	0	0	0	0	0	0	0	0	17	0	0	0	0	0	2	0	11	0	0	0	36	0	24	0	0	0	84	21	0	40
634	619	55	80	18	604	33	66	0	55	80	18	20	67	0	0	105	200	18	40	589	25	44	0	33	66	0	12	44	0	0	69	154	0	0	55	80	18	1	11	11	0	0	0	54	0	20	67	0	0	105	200	18	40	574	21	44	0	25	44	0	10	44	0	0	59	132	0	0	33	66	0	1	11	0	0	0	0	0	0	12	44	0	0	69	154	0	0	55	80	18	0	0	17	0	0	0	0	0	1	11	11	0	0	0	54	0	20	67	0	0	105	200	18	40	559	21	44	0	21	44	0	10	44	0	0	49	132	0	0	25	44	0	1	11	0	0	0	0	0	0	10	44	0	0	59	132	0	0	33	66	0	0	0	0	0	0	0	0	0	1	11	0	0	0	0	0	0	12	44	0	0	69	154	0	0	55	80	18	0	0	0	0	0	0	0	0	0	0	17	0	0	0	0	0	1	11	11	0	0	0	54	0	20	67	0	0	105	200	18	40
555	542	48	64	6	529	25	46	0	48	64	6	15	52	0	0	103	164	12	13	516	19	30	0	25	46	0	12	20	0	0	66	122	0	0	48	64	6	1	0	6	0	0	0	24	0	15	52	0	0	103	164	12	13	503	19	30	0	19	30	0	12	20	0	0	58	110	0	0	25	46	0	1	0	0	0	0	0	0	0	12	20	0	0	66	122	0	0	48	64	6	0	0	0	0	0	0	0	0	1	0	6	0	0	0	24	0	15	52	0	0	103	164	12	13	490	19	30	0	19	30	0	12	20	0	0	58	110	0	0	19	30	0	1	0	0	0	0	0	0	0	12	20	0	0	58	110	0	0	25	46	0	0	0	0	0	0	0	0	0	1	0	0	0	0	0	0	0	12	20	0	0	66	122	0	0	48	64	6	0	0	0	0	0	0	0	0	0	0	0	0	0	0	0	0	1	0	6	0	0	0	24	0	15	52	0	0	103	164	12	13
536	523	45	59	11	510	16	36	0	45	59	11	10	27	37	0	90	135	55	24	497	16	36	0	16	36	0	10	27	0	0	52	117	0	0	45	59	11	1	0	0	0	0	0	0	0	10	27	37	0	90	135	55	24	484	16	36	0	16	36	0	10	27	0	0	52	117	0	0	16	36	0	1	0	0	0	0	0	0	0	10	27	0	0	52	117	0	0	45	59	11	0	0	0	0	0	0	0	0	1	0	0	0	0	0	0	0	10	27	37	0	90	135	55	24	471	16	36	0	16	36	0	10	27	0	0	52	117	0	0	16	36	0	1	0	0	0	0	0	0	0	10	27	0	0	52	117	0	0	16	36	0	0	0	0	0	0	0	0	0	1	0	0	0	0	0	0	0	10	27	0	0	52	117	0	0	45	59	11	0	0	0	0	0	0	0	0	0	0	0	0	0	0	0	0	1	0	0	0	0	0	0	0	10	27	37	0	90	135	55	24
478	466	40	51	4	454	11	35	0	40	51	4	5	28	16	0	72	120	12	6	442	11	35	0	11	35	0	5	28	0	0	34	112	0	0	40	51	4	0	0	0	0	0	0	0	0	5	28	16	0	72	120	12	6	430	11	35	0	11	35	0	5	28	0	0	34	112	0	0	11	35	0	0	0	0	0	0	0	0	0	5	28	0	0	34	112	0	0	40	51	4	0	0	0	0	0	0	0	0	0	0	0	0	0	0	0	0	5	28	16	0	72	120	12	6	418	11	35	0	11	35	0	5	28	0	0	34	112	0	0	11	35	0	0	0	0	0	0	0	0	0	5	28	0	0	34	112	0	0	11	35	0	0	0	0	0	0	0	0	0	0	0	0	0	0	0	0	0	5	28	0	0	34	112	0	0	40	51	4	0	0	0	0	0	0	0	0	0	0	0	0	0	0	0	0	0	0	0	0	0	0	0	0	5	28	16	0	72	120	12	6
383	374	30	26	0	365	12	14	0	30	26	0	7	0	0	0	50	42	0	0	356	12	14	0	12	14	0	7	0	0	0	35	42	0	0	30	26	0	0	0	0	0	0	0	0	0	7	0	0	0	50	42	0	0	347	12	14	0	12	14	0	7	0	0	0	35	42	0	0	12	14	0	0	0	0	0	0	0	0	0	7	0	0	0	35	42	0	0	30	26	0	0	0	0	0	0	0	0	0	0	0	0	0	0	0	0	0	7	0	0	0	50	42	0	0	338	12	14	0	12	14	0	7	0	0	0	35	42	0	0	12	14	0	0	0	0	0	0	0	0	0	7	0	0	0	35	42	0	0	12	14	0	0	0	0	0	0	0	0	0	0	0	0	0	0	0	0	0	7	0	0	0	35	42	0	0	30	26	0	0	0	0	0	0	0	0	0	0	0	0	0	0	0	0	0	0	0	0	0	0	0	0	0	7	0	0	0	50	42	0	0
215	210	19	7	0	205	8	4	0	19	7	0	4	0	0	0	27	8	0	0	200	8	4	0	8	4	0	4	0	0	0	24	8	0	0	19	7	0	0	0	0	0	0	0	0	0	4	0	0	0	27	8	0	0	195	8	4	0	8	4	0	4	0	0	0	24	8	0	0	8	4	0	0	0	0	0	0	0	0	0	4	0	0	0	24	8	0	0	19	7	0	0	0	0	0	0	0	0	0	0	0	0	0	0	0	0	0	4	0	0	0	27	8	0	0	190	8	4	0	8	4	0	4	0	0	0	24	8	0	0	8	4	0	0	0	0	0	0	0	0	0	4	0	0	0	24	8	0	0	8	4	0	0	0	0	0	0	0	0	0	0	0	0	0	0	0	0	0	4	0	0	0	24	8	0	0	19	7	0	0	0	0	0	0	0	0	0	0	0	0	0	0	0	0	0	0	0	0	0	0	0	0	0	4	0	0	0	27	8	0	0
259	253	10	11	0	247	4	5	0	10	11	0	0	0	0	0	13	10	0	0	241	4	5	0	4	5	0	0	0	0	0	10	10	0	0	10	11	0	0	0	0	0	0	0	0	0	0	0	0	0	13	10	0	0	235	4	5	0	4	5	0	0	0	0	0	10	10	0	0	4	5	0	0	0	0	0	0	0	0	0	0	0	0	0	10	10	0	0	10	11	0	0	0	0	0	0	0	0	0	0	0	0	0	0	0	0	0	0	0	0	0	13	10	0	0	229	4	5	0	4	5	0	0	0	0	0	10	10	0	0	4	5	0	0	0	0	0	0	0	0	0	0	0	0	0	10	10	0	0	4	5	0	0	0	0	0	0	0	0	0	0	0	0	0	0	0	0	0	0	0	0	0	10	10	0	0	10	11	0	0	0	0	0	0	0	0	0	0	0	0	0	0	0	0	0	0	0	0	0	0	0	0	0	0	0	0	0	13	10	0	0
525	513	35	29	55	501	21	11	48	35	29	55	13	0	38	15	83	91	110	11	489	21	11	20	21	11	48	13	0	38	0	57	55	96	0	35	29	55	1	0	0	59	1	0	0	42	13	0	38	15	83	91	110	11	477	21	11	0	21	11	20	13	0	28	0	57	55	40	0	21	11	48	1	0	0	0	1	0	0	0	13	0	38	0	57	55	96	0	35	29	55	0	0	0	0	0	0	0	61	1	0	0	59	1	0	0	42	13	0	38	15	83	91	110	11	465	21	11	0	21	11	0	13	0	0	0	57	55	0	0	21	11	20	1	0	0	0	1	0	0	0	13	0	28	0	57	55	40	0	21	11	48	0	0	0	0	0	0	0	0	1	0	0	0	1	0	0	0	13	0	38	0	57	55	96	0	35	29	55	0	0	0	0	5	0	0	0	0	0	0	0	0	0	0	61	1	0	0	59	1	0	0	42	13	0	38	15	83	91	110	11
359	351	16	7	25	343	13	0	18	16	7	25	9	0	0	15	48	7	25	11	335	13	0	0	13	0	18	9	0	0	0	43	0	18	0	16	7	25	1	0	0	0	0	0	0	42	9	0	0	15	48	7	25	11	327	13	0	0	13	0	0	9	0	0	0	43	0	0	0	13	0	18	1	0	0	0	0	0	0	0	9	0	0	0	43	0	18	0	16	7	25	0	0	0	0	0	0	0	0	1	0	0	0	0	0	0	42	9	0	0	15	48	7	25	11	319	13	0	0	13	0	0	9	0	0	0	43	0	0	0	13	0	0	1	0	0	0	0	0	0	0	9	0	0	0	43	0	0	0	13	0	18	0	0	0	0	0	0	0	0	1	0	0	0	0	0	0	0	9	0	0	0	43	0	18	0	16	7	25	0	0	0	0	0	0	0	0	0	0	0	0	0	0	0	0	1	0	0	0	0	0	0	42	9	0	0	15	48	7	25	11
482	471	25	10	28	460	20	10	11	25	10	28	13	0	0	15	73	20	0	15	449	20	10	0	20	10	11	13	0	0	0	65	20	0	0	25	10	28	1	0	0	0	0	0	0	24	13	0	0	15	73	20	0	15	438	20	10	0	20	10	0	13	0	0	0	65	20	0	0	20	10	11	1	0	0	0	0	0	0	0	13	0	0	0	65	20	0	0	25	10	28	0	0	0	0	0	0	0	0	1	0	0	0	0	0	0	24	13	0	0	15	73	20	0	15	427	20	10	0	20	10	0	13	0	0	0	65	20	0	0	20	10	0	1	0	0	0	0	0	0	0	13	0	0	0	65	20	0	0	20	10	11	0	0	0	0	0	0	0	0	1	0	0	0	0	0	0	0	13	0	0	0	65	20	0	0	25	10	28	0	0	0	0	0	0	0	0	0	0	0	0	0	0	0	0	1	0	0	0	0	0	0	24	13	0	0	15	73	20	0	15
360	352	17	0	20	344	16	0	4	17	0	20	9	0	0	8	51	0	0	15	336	16	0	0	16	0	4	9	0	0	0	50	0	0	0	17	0	20	0	0	0	0	0	0	0	6	9	0	0	8	51	0	0	15	328	16	0	0	16	0	0	9	0	0	0	50	0	0	0	16	0	4	0	0	0	0	0	0	0	0	9	0	0	0	50	0	0	0	17	0	20	0	0	0	0	0	0	0	0	0	0	0	0	0	0	0	6	9	0	0	8	51	0	0	15	320	16	0	0	16	0	0	9	0	0	0	50	0	0	0	16	0	0	0	0	0	0	0	0	0	0	9	0	0	0	50	0	0	0	16	0	4	0	0	0	0	0	0	0	0	0	0	0	0	0	0	0	0	9	0	0	0	50	0	0	0	17	0	20	0	0	0	0	0	0	0	0	0	0	0	0	0	0	0	0	0	0	0	0	0	0	0	6	9	0	0	8	51	0	0	15
315	308	14	0	17	301	14	0	0	14	0	17	7	0	0	0	41	0	0	15	294	14	0	0	14	0	0	7	0	0	0	41	0	0	0	14	0	17	0	0	0	0	0	0	0	0	7	0	0	0	41	0	0	15	287	14	0	0	14	0	0	7	0	0	0	41	0	0	0	14	0	0	0	0	0	0	0	0	0	0	7	0	0	0	41	0	0	0	14	0	17	0	0	0	0	0	0	0	0	0	0	0	0	0	0	0	0	7	0	0	0	41	0	0	15	280	14	0	0	14	0	0	7	0	0	0	41	0	0	0	14	0	0	0	0	0	0	0	0	0	0	7	0	0	0	41	0	0	0	14	0	0	0	0	0	0	0	0	0	0	0	0	0	0	0	0	0	0	7	0	0	0	41	0	0	0	14	0	17	0	0	0	0	0	0	0	0	0	0	0	0	0	0	0	0	0	0	0	0	0	0	0	0	7	0	0	0	41	0	0	15
307	300	13	6	37	293	8	0	19	13	6	37	3	0	0	19	18	6	37	80	286	8	0	19	8	0	19	3	0	0	19	15	0	19	66	13	6	37	0	0	0	0	3	0	0	0	3	0	0	19	18	6	37	80	279	8	0	14	8	0	19	3	0	0	14	15	0	19	20	8	0	19	0	0	0	0	1	0	0	0	3	0	0	19	15	0	19	66	13	6	37	0	0	0	29	2	0	0	0	0	0	0	0	3	0	0	0	3	0	0	19	18	6	37	80	272	8	0	0	8	0	14	3	0	0	0	15	0	14	0	8	0	19	0	0	0	0	1	0	0	0	3	0	0	14	15	0	19	20	8	0	19	0	0	0	0	0	0	0	0	0	0	0	0	1	0	0	0	3	0	0	19	15	0	19	66	13	6	37	0	0	0	0	5	0	0	48	0	0	0	29	2	0	0	0	0	0	0	0	3	0	0	0	3	0	0	19	18	6	37	80
681	665	40	71	60	649	25	39	49	40	71	60	17	26	0	19	46	72	180	55	633	25	39	49	25	39	49	17	26	0	19	37	52	147	48	40	71	60	4	0	0	0	5	0	0	0	17	26	0	19	46	72	180	55	617	25	39	29	25	39	49	17	26	0	14	37	52	147	20	25	39	49	4	0	0	0	1	0	0	0	17	26	0	19	37	52	147	48	40	71	60	2	0	0	73	5	0	0	40	4	0	0	0	5	0	0	0	17	26	0	19	46	72	180	55	601	20	39	0	25	39	29	17	26	0	0	37	52	87	0	25	39	49	4	0	0	0	1	0	0	0	17	26	0	14	37	52	147	20	25	39	49	0	0	0	0	0	0	0	5	4	0	0	0	1	0	0	0	17	26	0	19	37	52	147	48	40	71	60	0	0	0	0	13	50	0	101	2	0	0	73	5	0	0	40	4	0	0	0	5	0	0	0	17	26	0	19	46	72	180	55
219	214	15	4	0	209	3	0	0	15	4	0	2	0	0	0	13	4	0	0	204	3	0	0	3	0	0	2	0	0	0	4	0	0	0	15	4	0	0	0	0	0	2	0	0	0	2	0	0	0	13	4	0	0	199	3	0	0	3	0	0	2	0	0	0	4	0	0	0	3	0	0	0	0	0	0	0	0	0	0	2	0	0	0	4	0	0	0	15	4	0	0	0	0	0	3	0	0	0	0	0	0	0	2	0	0	0	2	0	0	0	13	4	0	0	194	3	0	0	3	0	0	2	0	0	0	4	0	0	0	3	0	0	0	0	0	0	0	0	0	0	2	0	0	0	4	0	0	0	3	0	0	0	0	0	0	0	0	0	0	0	0	0	0	0	0	0	0	2	0	0	0	4	0	0	0	15	4	0	0	0	0	0	18	0	0	0	0	0	0	0	3	0	0	0	0	0	0	0	2	0	0	0	2	0	0	0	13	4	0	0
218	213	16	6	0	208	5	0	0	16	6	0	2	0	0	0	16	6	0	0	203	5	0	0	5	0	0	2	0	0	0	9	0	0	0	16	6	0	0	0	0	0	4	0	0	0	2	0	0	0	16	6	0	0	198	5	0	0	5	0	0	2	0	0	0	9	0	0	0	5	0	0	0	0	0	0	0	0	0	0	2	0	0	0	9	0	0	0	16	6	0	2	0	0	0	5	0	0	0	0	0	0	0	4	0	0	0	2	0	0	0	16	6	0	0	193	3	0	0	5	0	0	2	0	0	0	9	0	0	0	5	0	0	0	0	0	0	0	0	0	0	2	0	0	0	9	0	0	0	5	0	0	0	0	0	0	0	0	0	0	0	0	0	0	0	0	0	0	2	0	0	0	9	0	0	0	16	6	0	0	0	0	0	16	6	0	0	2	0	0	0	5	0	0	0	0	0	0	0	4	0	0	0	2	0	0	0	16	6	0	0
347	339	29	15	0	331	19	0	0	29	15	0	16	0	0	0	41	12	0	0	323	19	0	0	19	0	0	16	0	0	0	36	0	0	0	29	15	0	5	0	0	0	9	0	0	0	16	0	0	0	41	12	0	0	315	18	0	0	19	0	0	16	0	0	0	36	0	0	0	19	0	0	3	0	0	0	0	0	0	0	16	0	0	0	36	0	0	0	29	15	0	8	0	0	0	9	3	0	0	5	0	0	0	9	0	0	0	16	0	0	0	41	12	0	0	307	7	0	0	18	0	0	13	0	0	0	31	0	0	0	19	0	0	3	0	0	0	0	0	0	0	16	0	0	0	36	0	0	0	19	0	0	0	0	0	0	0	0	0	0	3	0	0	0	0	0	0	0	16	0	0	0	36	0	0	0	29	15	0	0	0	0	0	7	33	0	0	8	0	0	0	9	3	0	0	5	0	0	0	9	0	0	0	16	0	0	0	41	12	0	0
429	419	26	9	26	409	23	0	0	26	9	26	20	0	0	0	44	0	26	97	399	21	0	0	23	0	0	20	0	0	0	44	0	0	68	26	9	26	5	0	0	0	7	18	0	0	20	0	0	0	44	0	26	97	389	18	0	0	21	0	0	16	0	0	0	38	0	0	68	23	0	0	3	0	0	0	0	0	0	0	20	0	0	0	44	0	0	68	26	9	26	8	0	0	0	7	18	0	0	5	0	0	0	7	18	0	0	20	0	0	0	44	0	26	97	379	7	0	0	18	0	0	13	0	0	0	31	0	0	43	21	0	0	3	0	0	0	0	0	0	0	16	0	0	0	38	0	0	68	23	0	0	0	0	0	0	0	0	0	0	3	0	0	0	0	0	0	0	20	0	0	0	44	0	0	68	26	9	26	0	0	0	0	0	0	0	0	8	0	0	0	7	18	0	0	5	0	0	0	7	18	0	0	20	0	0	0	44	0	26	97
421	411	29	23	16	401	21	16	0	29	23	16	20	0	0	0	39	40	16	60	391	19	16	0	21	16	0	20	0	0	0	39	40	0	49	29	23	16	5	0	0	0	7	14	0	0	20	0	0	0	39	40	16	60	381	16	14	0	19	16	0	16	0	0	0	33	40	0	49	21	16	0	3	0	0	0	0	0	0	0	20	0	0	0	39	40	0	49	29	23	16	6	14	0	0	7	14	0	0	5	0	0	0	7	14	0	0	20	0	0	0	39	40	16	60	371	7	0	0	16	14	0	13	0	0	0	26	35	0	29	19	16	0	3	0	0	0	0	0	0	0	16	0	0	0	33	40	0	49	21	16	0	0	0	0	0	0	0	0	0	3	0	0	0	0	0	0	0	20	0	0	0	39	40	0	49	29	23	16	0	0	0	0	0	0	32	0	6	14	0	0	7	14	0	0	5	0	0	0	7	14	0	0	20	0	0	0	39	40	16	60
488	476	29	47	13	464	13	39	0	29	47	13	8	54	0	0	26	93	0	60	452	13	36	0	13	39	0	8	48	0	0	24	72	0	49	29	47	13	2	18	0	0	9	0	0	0	8	54	0	0	26	93	0	60	440	12	36	0	13	36	0	8	48	0	0	24	72	0	49	13	39	0	0	18	0	0	0	0	0	0	8	48	0	0	24	72	0	49	29	47	13	8	0	0	0	9	0	0	0	2	18	0	0	9	0	0	0	8	54	0	0	26	93	0	60	428	4	18	0	12	36	0	5	48	0	0	19	72	0	29	13	36	0	0	18	0	0	0	0	0	0	8	48	0	0	24	72	0	49	13	39	0	0	0	0	0	0	0	0	0	0	18	0	0	0	0	0	0	8	48	0	0	24	72	0	49	29	47	13	0	0	0	0	0	0	39	0	8	0	0	0	9	0	0	0	2	18	0	0	9	0	0	0	8	54	0	0	26	93	0	60
370	361	21	23	3	352	12	20	0	21	23	3	11	15	0	0	27	25	0	0	343	12	20	0	12	20	0	11	15	0	0	27	25	0	0	21	23	3	5	0	0	0	9	0	0	0	11	15	0	0	27	25	0	0	334	11	20	0	12	20	0	11	15	0	0	27	25	0	0	12	20	0	3	0	0	0	0	0	0	0	11	15	0	0	27	25	0	0	21	23	3	8	0	0	0	9	0	0	0	5	0	0	0	9	0	0	0	11	15	0	0	27	25	0	0	325	3	5	0	11	20	0	8	15	0	0	22	25	0	0	12	20	0	3	0	0	0	0	0	0	0	11	15	0	0	27	25	0	0	12	20	0	0	0	0	0	0	0	0	0	3	0	0	0	0	0	0	0	11	15	0	0	27	25	0	0	21	23	3	0	0	0	0	0	0	9	0	8	0	0	0	9	0	0	0	5	0	0	0	9	0	0	0	11	15	0	0	27	25	0	0
456	445	34	41	3	434	22	28	0	34	41	3	24	21	0	0	50	75	6	0	423	17	26	0	22	28	0	24	21	0	0	40	70	0	0	34	41	3	3	10	0	0	4	25	0	0	24	21	0	0	50	75	6	0	412	12	15	0	17	26	0	11	15	0	0	28	60	0	0	22	28	0	3	0	0	0	0	0	0	0	24	21	0	0	40	70	0	0	34	41	3	2	30	0	0	4	25	3	0	3	10	0	0	4	25	0	0	24	21	0	0	50	75	6	0	401	4	0	0	12	15	0	11	0	0	0	22	25	0	0	17	26	0	3	0	0	0	0	0	0	0	11	15	0	0	28	60	0	0	22	28	0	0	0	0	0	0	0	0	0	3	0	0	0	0	0	0	0	24	21	0	0	40	70	0	0	34	41	3	0	0	0	0	0	0	9	0	2	30	0	0	4	25	3	0	3	10	0	0	4	25	0	0	24	21	0	0	50	75	6	0
407	397	36	35	5	387	19	22	5	36	35	5	25	42	0	0	46	82	5	0	377	6	8	5	19	22	5	12	24	0	0	27	49	5	0	36	35	5	0	8	5	0	0	0	15	0	25	42	0	0	46	82	5	0	367	0	0	5	6	8	5	0	0	0	0	9	20	5	0	19	22	5	0	0	5	0	0	0	15	0	12	24	0	0	27	49	5	0	36	35	5	0	0	15	0	0	0	10	0	0	8	5	0	0	0	15	0	25	42	0	0	46	82	5	0	357	0	0	5	0	0	5	0	0	0	0	0	0	5	0	6	8	5	0	0	5	0	0	0	15	0	0	0	0	0	9	20	5	0	19	22	5	0	0	15	0	0	0	10	0	0	0	5	0	0	0	15	0	12	24	0	0	27	49	5	0	36	35	5	0	0	0	0	0	0	0	0	0	0	15	0	0	0	10	0	0	8	5	0	0	0	15	0	25	42	0	0	46	82	5	0
368	359	26	24	21	350	17	20	0	26	24	21	17	20	0	0	44	44	0	45	341	8	10	0	17	20	0	12	20	0	0	31	40	0	0	26	24	21	0	0	5	0	0	0	42	0	17	20	0	0	44	44	0	45	332	0	0	0	8	10	0	0	0	0	0	14	10	0	0	17	20	0	0	0	0	0	0	0	0	0	12	20	0	0	31	40	0	0	26	24	21	0	0	29	0	0	0	42	0	0	0	5	0	0	0	42	0	17	20	0	0	44	44	0	45	323	0	0	0	0	0	0	0	0	0	0	0	0	0	0	8	10	0	0	0	0	0	0	0	0	0	0	0	0	0	14	10	0	0	17	20	0	0	0	0	0	0	0	0	0	0	0	0	0	0	0	0	0	12	20	0	0	31	40	0	0	26	24	21	0	0	0	0	0	0	0	0	0	0	29	0	0	0	42	0	0	0	5	0	0	0	42	0	17	20	0	0	44	44	0	45
405	395	30	33	5	385	18	24	0	30	33	5	21	36	0	0	51	52	0	3	375	7	12	0	18	24	0	13	36	0	0	35	40	0	0	30	33	5	2	0	5	0	0	0	15	0	21	36	0	0	51	52	0	3	365	0	0	0	7	12	0	0	0	0	0	12	16	0	0	18	24	0	0	0	0	0	0	0	0	0	13	36	0	0	35	40	0	0	30	33	5	0	0	15	0	0	0	15	0	2	0	5	0	0	0	15	0	21	36	0	0	51	52	0	3	355	0	0	0	0	0	0	0	0	0	0	0	0	0	0	7	12	0	0	0	0	0	0	0	0	0	0	0	0	0	12	16	0	0	18	24	0	0	0	0	0	0	0	0	0	0	0	0	0	0	0	0	0	13	36	0	0	35	40	0	0	30	33	5	0	0	0	0	0	0	0	0	0	0	15	0	0	0	15	0	2	0	5	0	0	0	15	0	21	36	0	0	51	52	0	3
409	399	31	29	0	389	19	20	0	31	29	0	30	20	0	0	49	42	0	0	379	7	0	0	19	20	0	19	0	0	0	30	24	0	0	31	29	0	2	0	0	0	0	0	0	0	30	20	0	0	49	42	0	0	369	0	0	0	7	0	0	0	0	0	0	11	0	0	0	19	20	0	0	0	0	0	0	0	0	0	19	0	0	0	30	24	0	0	31	29	0	0	0	0	0	0	0	0	0	2	0	0	0	0	0	0	0	30	20	0	0	49	42	0	0	359	0	0	0	0	0	0	0	0	0	0	0	0	0	0	7	0	0	0	0	0	0	0	0	0	0	0	0	0	0	11	0	0	0	19	20	0	0	0	0	0	0	0	0	0	0	0	0	0	0	0	0	0	19	0	0	0	30	24	0	0	31	29	0	0	0	0	0	0	0	0	0	0	0	0	0	0	0	0	0	2	0	0	0	0	0	0	0	30	20	0	0	49	42	0	0
326	318	19	20	0	310	10	8	0	19	20	0	14	16	0	0	23	16	0	0	302	2	0	0	10	8	0	6	0	0	0	17	2	0	0	19	20	0	2	0	0	0	0	0	0	0	14	16	0	0	23	16	0	0	294	0	0	0	2	0	0	0	0	0	0	5	0	0	0	10	8	0	0	0	0	0	0	0	0	0	6	0	0	0	17	2	0	0	19	20	0	0	0	0	0	0	0	0	0	2	0	0	0	0	0	0	0	14	16	0	0	23	16	0	0	286	0	0	0	0	0	0	0	0	0	0	0	0	0	0	2	0	0	0	0	0	0	0	0	0	0	0	0	0	0	5	0	0	0	10	8	0	0	0	0	0	0	0	0	0	0	0	0	0	0	0	0	0	6	0	0	0	17	2	0	0	19	20	0	0	0	0	0	0	0	0	0	0	0	0	0	0	0	0	0	2	0	0	0	0	0	0	0	14	16	0	0	23	16	0	0
407	397	21	21	10	387	2	0	0	21	21	10	6	0	40	0	18	0	30	5	377	0	0	0	2	0	0	0	0	0	0	5	0	0	5	21	21	10	0	0	8	0	0	0	0	0	6	0	40	0	18	0	30	5	367	0	0	0	0	0	0	0	0	0	0	0	0	0	5	2	0	0	0	0	0	0	0	0	0	0	0	0	0	0	5	0	0	5	21	21	10	0	0	0	0	0	0	0	0	0	0	8	0	0	0	0	0	6	0	40	0	18	0	30	5	357	0	0	0	0	0	0	0	0	0	0	0	0	0	5	0	0	0	0	0	0	0	0	0	0	0	0	0	0	0	0	0	0	5	2	0	0	0	0	0	0	0	0	0	0	0	0	0	0	0	0	0	0	0	0	0	0	5	0	0	5	21	21	10	0	0	0	0	0	0	0	0	0	0	0	0	0	0	0	0	0	0	8	0	0	0	0	0	6	0	40	0	18	0	30	5
325	317	11	15	2	309	0	0	0	11	15	2	0	0	8	0	1	0	6	0	301	0	0	0	0	0	0	0	0	0	0	0	0	0	0	11	15	2	0	0	0	0	0	0	0	0	0	0	8	0	1	0	6	0	293	0	0	0	0	0	0	0	0	0	0	0	0	0	0	0	0	0	0	0	0	0	0	0	0	0	0	0	0	0	0	0	0	0	11	15	2	0	0	0	0	0	0	0	0	0	0	0	0	0	0	0	0	0	0	8	0	1	0	6	0	285	0	0	0	0	0	0	0	0	0	0	0	0	0	0	0	0	0	0	0	0	0	0	0	0	0	0	0	0	0	0	0	0	0	0	0	0	0	0	0	0	0	0	0	0	0	0	0	0	0	0	0	0	0	0	0	0	0	0	0	0	11	15	2	0	0	0	0	0	0	0	0	0	0	0	0	0	0	0	0	0	0	0	0	0	0	0	0	0	0	8	0	1	0	6	0
204	199	9	4	0	194	0	0	0	9	4	0	0	0	0	0	0	0	0	0	189	0	0	0	0	0	0	0	0	0	0	0	0	0	0	9	4	0	0	0	0	0	0	0	0	0	0	0	0	0	0	0	0	0	184	0	0	0	0	0	0	0	0	0	0	0	0	0	0	0	0	0	0	0	0	0	0	0	0	0	0	0	0	0	0	0	0	0	9	4	0	0	0	0	0	0	0	0	0	0	0	0	0	0	0	0	0	0	0	0	0	0	0	0	0	179	0	0	0	0	0	0	0	0	0	0	0	0	0	0	0	0	0	0	0	0	0	0	0	0	0	0	0	0	0	0	0	0	0	0	0	0	0	0	0	0	0	0	0	0	0	0	0	0	0	0	0	0	0	0	0	0	0	0	0	0	9	4	0	0	0	0	0	0	0	0	0	0	0	0	0	0	0	0	0	0	0	0	0	0	0	0	0	0	0	0	0	0	0	0	0
204	199	9	4	0	194	0	0	0	9	4	0	0	0	0	0	0	0	0	0	189	0	0	0	0	0	0	0	0	0	0	0	0	0	0	9	4	0	0	0	0	0	0	0	0	0	0	0	0	0	0	0	0	0	184	0	0	0	0	0	0	0	0	0	0	0	0	0	0	0	0	0	0	0	0	0	0	0	0	0	0	0	0	0	0	0	0	0	9	4	0	0	0	0	0	0	0	0	0	0	0	0	0	0	0	0	0	0	0	0	0	0	0	0	0	179	0	0	0	0	0	0	0	0	0	0	0	0	0	0	0	0	0	0	0	0	0	0	0	0	0	0	0	0	0	0	0	0	0	0	0	0	0	0	0	0	0	0	0	0	0	0	0	0	0	0	0	0	0	0	0	0	0	0	0	0	9	4	0	0	0	0	0	0	0	0	0	0	0	0	0	0	0	0	0	0	0	0	0	0	0	0	0	0	0	0	0	0	0	0	0
244	238	8	8	0	232	0	0	0	8	8	0	0	0	0	0	0	0	0	0	226	0	0	0	0	0	0	0	0	0	0	0	0	0	0	8	8	0	0	0	0	0	0	0	0	0	0	0	0	0	0	0	0	0	220	0	0	0	0	0	0	0	0	0	0	0	0	0	0	0	0	0	0	0	0	0	0	0	0	0	0	0	0	0	0	0	0	0	8	8	0	0	0	0	0	0	0	0	0	0	0	0	0	0	0	0	0	0	0	0	0	0	0	0	0	214	0	0	0	0	0	0	0	0	0	0	0	0	0	0	0	0	0	0	0	0	0	0	0	0	0	0	0	0	0	0	0	0	0	0	0	0	0	0	0	0	0	0	0	0	0	0	0	0	0	0	0	0	0	0	0	0	0	0	0	0	8	8	0	0	0	0	0	0	0	0	0	0	0	0	0	0	0	0	0	0	0	0	0	0	0	0	0	0	0	0	0	0	0	0	0
515	502	24	40	32	489	0	0	30	24	40	32	0	0	71	8	21	80	160	0	476	0	0	10	0	0	30	0	0	69	0	0	0	150	0	24	40	32	0	0	0	15	0	0	0	31	0	0	71	8	21	80	160	0	463	0	0	5	0	0	10	0	0	30	0	0	0	50	0	0	0	30	0	0	0	5	0	0	0	5	0	0	69	0	0	0	150	0	24	40	32	0	0	0	0	0	0	0	3	0	0	0	15	0	0	0	31	0	0	71	8	21	80	160	0	450	0	0	5	0	0	5	0	0	15	0	0	0	25	0	0	0	10	0	0	0	5	0	0	0	5	0	0	30	0	0	0	50	0	0	0	30	0	0	0	0	0	0	0	0	0	0	0	5	0	0	0	5	0	0	69	0	0	0	150	0	24	40	32	0	0	0	0	0	0	0	0	0	0	0	0	0	0	0	3	0	0	0	15	0	0	0	31	0	0	71	8	21	80	160	0
359	350	12	8	23	341	0	0	19	12	8	23	0	0	32	12	21	0	23	0	332	0	0	0	0	0	19	0	0	30	0	0	0	19	0	12	8	23	0	0	0	0	0	0	0	31	0	0	32	12	21	0	23	0	323	0	0	0	0	0	0	0	0	0	0	0	0	0	0	0	0	19	0	0	0	0	0	0	0	5	0	0	30	0	0	0	19	0	12	8	23	0	0	0	0	0	0	0	0	0	0	0	0	0	0	0	31	0	0	32	12	21	0	23	0	314	0	0	0	0	0	0	0	0	0	0	0	0	0	0	0	0	0	0	0	0	0	0	0	0	5	0	0	0	0	0	0	0	0	0	0	19	0	0	0	0	0	0	0	0	0	0	0	0	0	0	0	5	0	0	30	0	0	0	19	0	12	8	23	0	0	0	0	0	0	0	0	0	0	0	0	0	0	0	0	0	0	0	0	0	0	0	31	0	0	32	12	21	0	23	0
400	390	11	0	30	380	0	0	14	11	0	30	0	0	22	12	19	0	0	12	370	0	0	0	0	0	14	0	0	20	0	0	0	0	0	11	0	30	0	0	0	0	0	0	0	10	0	0	22	12	19	0	0	12	360	0	0	0	0	0	0	0	0	0	0	0	0	0	0	0	0	14	0	0	0	0	0	0	0	5	0	0	20	0	0	0	0	0	11	0	30	0	0	0	0	0	0	0	0	0	0	0	0	0	0	0	10	0	0	22	12	19	0	0	12	350	0	0	0	0	0	0	0	0	0	0	0	0	0	0	0	0	0	0	0	0	0	0	0	0	5	0	0	0	0	0	0	0	0	0	0	14	0	0	0	0	0	0	0	0	0	0	0	0	0	0	0	5	0	0	20	0	0	0	0	0	11	0	30	0	0	0	0	0	0	0	0	0	0	0	0	0	0	0	0	0	0	0	0	0	0	0	10	0	0	22	12	19	0	0	12
360	351	0	0	33	342	0	0	6	0	0	33	0	0	0	8	0	0	0	12	333	0	0	0	0	0	6	0	0	0	0	0	0	0	0	0	0	33	0	0	0	0	0	0	0	0	0	0	0	8	0	0	0	12	324	0	0	0	0	0	0	0	0	0	0	0	0	0	0	0	0	6	0	0	0	0	0	0	0	0	0	0	0	0	0	0	0	0	0	0	33	0	0	0	0	0	0	0	0	0	0	0	0	0	0	0	0	0	0	0	8	0	0	0	12	315	0	0	0	0	0	0	0	0	0	0	0	0	0	0	0	0	0	0	0	0	0	0	0	0	0	0	0	0	0	0	0	0	0	0	0	6	0	0	0	0	0	0	0	0	0	0	0	0	0	0	0	0	0	0	0	0	0	0	0	0	0	0	33	0	0	0	0	0	0	0	0	0	0	0	0	0	0	0	0	0	0	0	0	0	0	0	0	0	0	0	8	0	0	0	12
320	312	1	0	25	304	0	0	6	1	0	25	0	0	0	8	0	0	0	12	296	0	0	0	0	0	6	0	0	0	0	0	0	0	0	1	0	25	0	0	0	0	0	0	0	0	0	0	0	8	0	0	0	12	288	0	0	0	0	0	0	0	0	0	0	0	0	0	0	0	0	6	0	0	0	0	0	0	0	0	0	0	0	0	0	0	0	0	1	0	25	0	0	0	0	0	0	0	0	0	0	0	0	0	0	0	0	0	0	0	8	0	0	0	12	280	0	0	0	0	0	0	0	0	0	0	0	0	0	0	0	0	0	0	0	0	0	0	0	0	0	0	0	0	0	0	0	0	0	0	0	6	0	0	0	0	0	0	0	0	0	0	0	0	0	0	0	0	0	0	0	0	0	0	0	0	1	0	25	0	0	0	0	0	0	0	0	0	0	0	0	0	0	0	0	0	0	0	0	0	0	0	0	0	0	0	8	0	0	0	12
507	494	14	0	59	481	1	0	36	14	0	59	2	0	17	35	7	0	0	55	468	0	0	36	1	0	36	0	0	17	35	0	0	0	49	14	0	59	0	0	6	0	0	0	0	0	2	0	17	35	7	0	0	55	455	0	0	24	0	0	36	0	0	17	10	0	0	0	10	1	0	36	0	0	6	0	0	0	0	0	0	0	17	35	0	0	0	49	14	0	59	0	0	0	15	0	0	0	26	0	0	6	0	0	0	0	0	2	0	17	35	7	0	0	55	442	0	0	8	0	0	24	0	0	17	5	0	0	0	5	0	0	36	0	0	6	0	0	0	0	0	0	0	17	10	0	0	0	10	1	0	36	0	0	0	5	0	0	0	0	0	0	6	0	0	0	0	0	0	0	17	35	0	0	0	49	14	0	59	0	0	0	0	0	0	0	19	0	0	0	15	0	0	0	26	0	0	6	0	0	0	0	0	2	0	17	35	7	0	0	55
504	491	11	30	38	478	1	0	29	11	30	38	2	0	17	7	7	0	114	32	465	0	0	29	1	0	29	0	0	17	7	0	0	87	30	11	30	38	0	0	6	0	0	0	0	0	2	0	17	7	7	0	114	32	452	0	0	26	0	0	29	0	0	17	5	0	0	87	10	1	0	29	0	0	6	0	0	0	0	0	0	0	17	7	0	0	87	30	11	30	38	0	0	0	17	0	0	0	0	0	0	6	0	0	0	0	0	2	0	17	7	7	0	114	32	439	0	0	3	0	0	26	0	0	17	0	0	0	78	5	0	0	29	0	0	6	0	0	0	0	0	0	0	17	5	0	0	87	10	1	0	29	0	0	0	0	0	0	0	0	0	0	6	0	0	0	0	0	0	0	17	7	0	0	87	30	11	30	38	0	0	0	0	0	0	0	35	0	0	0	17	0	0	0	0	0	0	6	0	0	0	0	0	2	0	17	7	7	0	114	32
465	453	7	27	30	441	0	0	18	7	27	30	0	0	0	21	0	0	90	32	429	0	0	17	0	0	18	0	0	0	18	0	0	54	30	7	27	30	0	0	0	4	0	0	0	0	0	0	0	21	0	0	90	32	417	0	0	12	0	0	17	0	0	0	5	0	0	51	10	0	0	18	0	0	0	0	0	0	0	0	0	0	0	18	0	0	54	30	7	27	30	0	0	0	5	0	0	0	5	0	0	0	4	0	0	0	0	0	0	0	21	0	0	90	32	405	0	0	12	0	0	12	0	0	0	5	0	0	36	5	0	0	17	0	0	0	0	0	0	0	0	0	0	0	5	0	0	51	10	0	0	18	0	0	0	5	0	0	0	5	0	0	0	0	0	0	0	0	0	0	0	18	0	0	54	30	7	27	30	0	0	0	0	0	0	0	0	0	0	0	5	0	0	0	5	0	0	0	4	0	0	0	0	0	0	0	21	0	0	90	32
388	378	8	16	30	368	0	0	15	8	16	30	0	0	0	33	0	0	60	32	358	0	0	14	0	0	15	0	0	0	30	0	0	30	30	8	16	30	0	0	0	4	0	0	0	0	0	0	0	33	0	0	60	32	348	0	0	5	0	0	14	0	0	0	5	0	0	28	10	0	0	15	0	0	0	0	0	0	0	0	0	0	0	30	0	0	30	30	8	16	30	0	0	0	5	0	0	0	10	0	0	0	4	0	0	0	0	0	0	0	33	0	0	60	32	338	0	0	5	0	0	5	0	0	0	5	0	0	10	5	0	0	14	0	0	0	0	0	0	0	0	0	0	0	5	0	0	28	10	0	0	15	0	0	0	5	0	0	0	5	0	0	0	0	0	0	0	0	0	0	0	30	0	0	30	30	8	16	30	0	0	0	0	0	0	0	0	0	0	0	5	0	0	0	10	0	0	0	4	0	0	0	0	0	0	0	33	0	0	60	32
505	492	12	22	49	479	1	0	35	12	22	49	2	0	17	29	7	0	98	32	466	0	0	35	1	0	35	0	0	17	29	0	0	70	30	12	22	49	0	0	6	0	0	0	0	0	2	0	17	29	7	0	98	32	453	0	0	23	0	0	35	0	0	17	5	0	0	70	10	1	0	35	0	0	6	0	0	0	0	0	0	0	17	29	0	0	70	30	12	22	49	0	0	0	17	0	0	0	26	0	0	6	0	0	0	0	0	2	0	17	29	7	0	98	32	440	0	0	0	0	0	23	0	0	17	0	0	0	46	5	0	0	35	0	0	6	0	0	0	0	0	0	0	17	5	0	0	70	10	1	0	35	0	0	0	0	0	0	0	0	0	0	6	0	0	0	0	0	0	0	17	29	0	0	70	30	12	22	49	0	0	0	0	0	0	0	35	0	0	0	17	0	0	0	26	0	0	6	0	0	0	0	0	2	0	17	29	7	0	98	32
380	370	0	0	80	360	0	0	42	0	0	80	0	0	0	0	0	0	0	147	350	0	0	42	0	0	42	0	0	0	0	0	0	0	97	0	0	80	0	0	0	0	0	0	0	0	0	0	0	0	0	0	0	147	340	0	0	42	0	0	42	0	0	0	0	0	0	0	95	0	0	42	0	0	0	0	0	0	0	0	0	0	0	0	0	0	0	97	0	0	80	0	0	0	0	0	0	0	0	0	0	0	0	0	0	0	0	0	0	0	0	0	0	0	147	330	0	0	42	0	0	42	0	0	0	0	0	0	0	66	0	0	42	0	0	0	0	0	0	0	0	0	0	0	0	0	0	0	95	0	0	42	0	0	0	0	0	0	0	0	0	0	0	0	0	0	0	0	0	0	0	0	0	0	0	97	0	0	80	0	0	0	0	0	0	0	0	0	0	0	0	0	0	0	0	0	0	0	0	0	0	0	0	0	0	0	0	0	0	0	147
418	407	5	0	65	396	2	0	38	5	0	65	0	0	0	0	5	0	0	98	385	2	0	38	2	0	38	0	0	0	0	4	0	0	62	5	0	65	0	0	0	0	0	0	0	0	0	0	0	0	5	0	0	98	374	2	0	38	2	0	38	0	0	0	0	4	0	0	60	2	0	38	0	0	0	0	0	0	0	0	0	0	0	0	4	0	0	62	5	0	65	0	0	0	0	0	0	0	0	0	0	0	0	0	0	0	0	0	0	0	0	5	0	0	98	363	2	0	38	2	0	38	0	0	0	0	4	0	0	43	2	0	38	0	0	0	0	0	0	0	0	0	0	0	0	4	0	0	60	2	0	38	0	0	0	0	0	0	0	0	0	0	0	0	0	0	0	0	0	0	0	0	4	0	0	62	5	0	65	0	0	0	0	0	0	0	0	0	0	0	0	0	0	0	0	0	0	0	0	0	0	0	0	0	0	0	0	5	0	0	98
342	333	8	0	44	324	1	0	11	8	0	44	0	0	0	15	4	0	0	117	315	1	0	11	1	0	11	0	0	0	15	2	0	0	82	8	0	44	0	0	0	0	0	0	0	0	0	0	0	15	4	0	0	117	306	1	0	11	1	0	11	0	0	0	15	2	0	0	81	1	0	11	0	0	0	0	0	0	0	0	0	0	0	15	2	0	0	82	8	0	44	0	0	0	0	0	0	0	0	0	0	0	0	0	0	0	0	0	0	0	15	4	0	0	117	297	1	0	11	1	0	11	0	0	0	15	2	0	0	61	1	0	11	0	0	0	0	0	0	0	0	0	0	0	15	2	0	0	81	1	0	11	0	0	0	0	0	0	0	0	0	0	0	0	0	0	0	0	0	0	0	15	2	0	0	82	8	0	44	0	0	0	0	0	0	0	0	0	0	0	0	0	0	0	0	0	0	0	0	0	0	0	0	0	0	0	15	4	0	0	117
453	441	28	27	35	429	13	0	32	28	27	35	9	0	57	18	23	9	105	0	417	12	0	32	13	0	32	6	0	54	18	16	0	96	0	28	27	35	2	0	5	0	1	0	0	0	9	0	57	18	23	9	105	0	405	12	0	32	12	0	32	6	0	54	18	16	0	96	0	13	0	32	2	0	5	0	1	0	0	0	6	0	54	18	16	0	96	0	28	27	35	0	0	0	0	0	0	0	0	2	0	5	0	1	0	0	0	9	0	57	18	23	9	105	0	393	12	0	32	12	0	32	6	0	54	18	16	0	96	0	12	0	32	2	0	5	0	1	0	0	0	6	0	54	18	16	0	96	0	13	0	32	0	0	0	0	0	0	0	0	2	0	5	0	1	0	0	0	6	0	54	18	16	0	96	0	28	27	35	0	0	0	0	0	0	0	0	0	0	0	0	0	0	0	0	2	0	5	0	1	0	0	0	9	0	57	18	23	9	105	0
338	329	8	20	28	320	1	0	25	8	20	28	0	0	35	18	3	5	112	0	311	1	0	25	1	0	25	0	0	32	18	2	0	100	0	8	20	28	0	0	0	0	0	0	0	0	0	0	35	18	3	5	112	0	302	1	0	25	1	0	25	0	0	32	18	2	0	100	0	1	0	25	0	0	0	0	0	0	0	0	0	0	32	18	2	0	100	0	8	20	28	0	0	0	0	0	0	0	0	0	0	0	0	0	0	0	0	0	0	35	18	3	5	112	0	293	1	0	25	1	0	25	0	0	32	18	2	0	100	0	1	0	25	0	0	0	0	0	0	0	0	0	0	32	18	2	0	100	0	1	0	25	0	0	0	0	0	0	0	0	0	0	0	0	0	0	0	0	0	0	32	18	2	0	100	0	8	20	28	0	0	0	0	0	0	0	0	0	0	0	0	0	0	0	0	0	0	0	0	0	0	0	0	0	0	35	18	3	5	112	0
481	468	26	0	63	455	20	0	45	26	0	63	16	0	21	20	26	0	0	63	442	20	0	45	20	0	45	16	0	20	20	26	0	0	57	26	0	63	5	0	0	0	3	0	0	0	16	0	21	20	26	0	0	63	429	20	0	45	20	0	45	16	0	20	20	26	0	0	57	20	0	45	5	0	0	0	3	0	0	0	16	0	20	20	26	0	0	57	26	0	63	0	0	0	0	0	0	0	0	5	0	0	0	3	0	0	0	16	0	21	20	26	0	0	63	416	20	0	45	20	0	45	16	0	20	20	26	0	0	57	20	0	45	5	0	0	0	3	0	0	0	16	0	20	20	26	0	0	57	20	0	45	0	0	0	0	0	0	0	0	5	0	0	0	3	0	0	0	16	0	20	20	26	0	0	57	26	0	63	0	0	0	0	0	0	0	0	0	0	0	0	0	0	0	0	5	0	0	0	3	0	0	0	16	0	21	20	26	0	0	63
407	396	9	0	80	385	7	0	73	9	0	80	1	0	11	19	11	0	0	28	374	7	0	73	7	0	73	1	0	11	19	11	0	0	25	9	0	80	0	0	0	0	1	0	0	0	1	0	11	19	11	0	0	28	363	7	0	73	7	0	73	1	0	11	19	11	0	0	25	7	0	73	0	0	0	0	1	0	0	0	1	0	11	19	11	0	0	25	9	0	80	0	0	0	0	0	0	0	0	0	0	0	0	1	0	0	0	1	0	11	19	11	0	0	28	352	7	0	73	7	0	73	1	0	11	19	11	0	0	25	7	0	73	0	0	0	0	1	0	0	0	1	0	11	19	11	0	0	25	7	0	73	0	0	0	0	0	0	0	0	0	0	0	0	1	0	0	0	1	0	11	19	11	0	0	25	9	0	80	0	0	0	0	0	0	0	0	0	0	0	0	0	0	0	0	0	0	0	0	1	0	0	0	1	0	11	19	11	0	0	28
517	503	36	13	69	489	27	0	53	36	13	69	26	0	48	11	36	0	69	63	475	27	0	53	27	0	53	26	0	47	11	36	0	53	57	36	13	69	9	0	0	0	5	0	0	0	26	0	48	11	36	0	69	63	461	27	0	53	27	0	53	26	0	47	11	36	0	53	57	27	0	53	9	0	0	0	5	0	0	0	26	0	47	11	36	0	53	57	36	13	69	0	0	0	0	0	0	0	0	9	0	0	0	5	0	0	0	26	0	48	11	36	0	69	63	447	27	0	53	27	0	53	26	0	47	11	36	0	53	57	27	0	53	9	0	0	0	5	0	0	0	26	0	47	11	36	0	53	57	27	0	53	0	0	0	0	0	0	0	0	9	0	0	0	5	0	0	0	26	0	47	11	36	0	53	57	36	13	69	0	0	0	0	0	0	0	0	0	0	0	0	0	0	0	0	9	0	0	0	5	0	0	0	26	0	48	11	36	0	69	63
423	410	55	48	26	397	40	30	24	55	48	26	33	20	41	11	64	51	52	0	384	39	30	24	40	30	24	29	20	40	11	60	50	48	0	55	48	26	19	0	0	0	7	10	0	0	33	20	41	11	64	51	52	0	371	39	30	24	39	30	24	29	20	40	11	60	50	48	0	40	30	24	19	0	0	0	7	10	0	0	29	20	40	11	60	50	48	0	55	48	26	10	0	0	0	2	0	0	0	19	0	0	0	7	10	0	0	33	20	41	11	64	51	52	0	358	39	30	24	39	30	24	29	20	40	11	60	50	48	0	39	30	24	19	0	0	0	7	10	0	0	29	20	40	11	60	50	48	0	40	30	24	10	0	0	0	2	0	0	0	19	0	0	0	7	10	0	0	29	20	40	11	60	50	48	0	55	48	26	0	0	0	0	2	0	0	0	10	0	0	0	2	0	0	0	19	0	0	0	7	10	0	0	33	20	41	11	64	51	52	0
333	324	7	0	50	315	3	0	33	7	0	50	2	0	11	31	5	0	0	63	306	3	0	30	3	0	33	2	0	11	25	5	0	0	57	7	0	50	0	0	0	18	1	0	0	0	2	0	11	31	5	0	0	63	297	3	0	30	3	0	30	2	0	11	25	5	0	0	57	3	0	33	0	0	0	18	1	0	0	0	2	0	11	25	5	0	0	57	7	0	50	0	0	0	0	0	0	0	0	0	0	0	18	1	0	0	0	2	0	11	31	5	0	0	63	288	3	0	30	3	0	30	2	0	11	25	5	0	0	57	3	0	30	0	0	0	18	1	0	0	0	2	0	11	25	5	0	0	57	3	0	33	0	0	0	0	0	0	0	0	0	0	0	18	1	0	0	0	2	0	11	25	5	0	0	57	7	0	50	0	0	0	0	0	0	0	0	0	0	0	0	0	0	0	0	0	0	0	18	1	0	0	0	2	0	11	31	5	0	0	63
552	536	64	29	121	520	60	29	86	64	29	121	41	0	0	100	88	60	0	95	504	55	29	85	60	29	86	37	0	0	97	85	60	0	77	64	29	121	20	0	44	5	8	15	0	0	41	0	0	100	88	60	0	95	488	55	29	85	55	29	85	37	0	0	97	78	60	0	77	60	29	86	20	0	44	5	8	15	0	0	37	0	0	97	85	60	0	77	64	29	121	11	0	0	0	2	0	0	0	20	0	44	5	8	15	0	0	41	0	0	100	88	60	0	95	472	55	29	85	55	29	85	37	0	0	97	78	60	0	77	55	29	85	20	0	44	5	8	15	0	0	37	0	0	97	78	60	0	77	60	29	86	11	0	0	0	2	0	0	0	20	0	44	5	8	15	0	0	37	0	0	97	85	60	0	77	64	29	121	1	0	0	0	18	0	0	0	11	0	0	0	2	0	0	0	20	0	44	5	8	15	0	0	41	0	0	100	88	60	0	95
448	434	71	52	44	420	65	51	33	71	52	44	42	12	0	14	118	57	0	26	406	62	51	33	65	51	33	38	12	0	14	115	57	0	24	71	52	44	16	0	20	0	13	12	0	0	42	12	0	14	118	57	0	26	392	62	51	33	62	51	33	38	12	0	14	110	57	0	24	65	51	33	16	0	20	0	13	12	0	0	38	12	0	14	115	57	0	24	71	52	44	14	0	0	0	13	0	0	0	16	0	20	0	13	12	0	0	42	12	0	14	118	57	0	26	378	61	51	33	62	51	33	38	12	0	14	110	57	0	24	62	51	33	16	0	20	0	13	12	0	0	38	12	0	14	110	57	0	24	65	51	33	13	0	0	0	10	0	0	0	16	0	20	0	13	12	0	0	38	12	0	14	115	57	0	24	71	52	44	7	0	0	0	21	9	0	0	14	0	0	0	13	0	0	0	16	0	20	0	13	12	0	0	42	12	0	14	118	57	0	26
495	480	93	54	45	465	82	54	42	93	54	45	51	0	0	14	141	86	0	0	450	79	54	42	82	54	42	47	0	0	14	137	86	0	0	93	54	45	20	0	20	0	17	14	0	0	51	0	0	14	141	86	0	0	435	78	54	42	79	54	42	47	0	0	14	132	86	0	0	82	54	42	17	0	20	0	16	14	0	0	47	0	0	14	137	86	0	0	93	54	45	25	0	0	0	23	0	0	0	20	0	20	0	17	14	0	0	51	0	0	14	141	86	0	0	420	73	54	42	78	54	42	47	0	0	14	132	86	0	0	79	54	42	17	0	20	0	16	14	0	0	47	0	0	14	132	86	0	0	82	54	42	18	0	0	0	14	0	0	0	17	0	20	0	16	14	0	0	47	0	0	14	137	86	0	0	93	54	45	22	0	0	0	29	50	0	0	25	0	0	0	23	0	0	0	20	0	20	0	17	14	0	0	51	0	0	14	141	86	0	0
615	593	143	190	44	571	112	173	43	143	190	44	87	110	12	4	255	428	44	0	549	106	173	43	112	173	43	78	110	12	4	190	410	43	0	142	190	44	46	0	38	0	42	20	0	0	87	110	12	4	255	428	44	0	527	98	170	43	106	173	43	72	110	12	4	173	410	43	0	111	173	43	31	0	38	0	33	20	0	0	78	110	12	4	190	410	43	0	142	190	44	41	47	12	0	38	73	0	0	46	0	38	0	42	20	0	0	87	110	12	4	255	428	44	0	505	92	163	43	98	170	43	69	110	12	4	168	410	43	0	105	173	43	31	0	38	0	29	20	0	0	72	110	12	4	173	410	43	0	111	173	43	34	40	12	0	24	60	0	0	31	0	38	0	33	20	0	0	78	110	12	4	190	410	43	0	142	190	44	28	88	0	0	49	63	0	0	41	47	12	0	38	73	0	0	46	0	38	0	42	20	0	0	87	110	12	4	255	428	44	0
617	598	114	136	47	579	102	107	47	114	136	47	73	68	12	0	175	126	141	0	560	93	103	47	102	107	47	65	68	12	0	161	116	141	0	114	136	47	18	39	46	0	28	36	0	0	73	68	12	0	175	126	141	0	541	86	90	47	93	103	47	57	66	12	0	140	113	141	0	102	107	47	14	12	46	0	24	27	0	0	65	68	12	0	161	116	141	0	114	136	47	34	66	28	0	35	45	47	0	18	39	46	0	28	36	0	0	73	68	12	0	175	126	141	0	522	80	81	47	86	90	47	54	60	12	0	134	102	141	0	93	103	47	14	12	46	0	21	24	0	0	57	66	12	0	140	113	141	0	102	107	47	27	60	28	0	24	36	47	0	14	12	46	0	24	27	0	0	65	68	12	0	161	116	141	0	114	136	47	38	105	0	0	47	75	0	0	34	66	28	0	35	45	47	0	18	39	46	0	28	36	0	0	73	68	12	0	175	126	141	0
428	414	68	71	16	400	50	65	6	68	71	16	50	54	24	12	84	52	0	47	386	43	59	6	50	65	6	36	54	18	12	48	52	0	47	68	71	16	13	0	24	0	18	17	16	0	50	54	24	12	84	52	0	47	372	43	55	6	43	59	6	36	54	18	12	45	52	0	47	50	65	6	13	0	12	0	11	15	6	0	36	54	18	12	48	52	0	47	68	71	16	28	28	0	0	27	0	0	0	13	0	24	0	18	17	16	0	50	54	24	12	84	52	0	47	358	41	47	6	43	55	6	36	42	18	12	45	42	0	47	43	59	6	13	0	12	0	7	9	6	0	36	54	18	12	45	52	0	47	50	65	6	27	28	0	0	12	0	0	0	13	0	12	0	11	15	6	0	36	54	18	12	48	52	0	47	68	71	16	47	54	0	0	39	14	0	0	28	28	0	0	27	0	0	0	13	0	24	0	18	17	16	0	50	54	24	12	84	52	0	47
387	375	52	54	8	363	35	39	6	52	54	8	37	12	24	12	65	32	24	0	351	30	35	6	35	39	6	26	0	18	12	34	0	18	0	52	54	8	0	0	16	0	18	7	8	0	37	12	24	12	65	32	24	0	339	30	35	6	30	35	6	26	0	18	12	31	0	18	0	35	39	6	0	0	12	0	4	4	6	0	26	0	18	12	34	0	18	0	52	54	8	19	0	0	0	12	0	0	0	0	0	16	0	18	7	8	0	37	12	24	12	65	32	24	0	327	24	29	6	30	35	6	26	0	18	12	31	0	18	0	30	35	6	0	0	12	0	1	0	6	0	26	0	18	12	31	0	18	0	35	39	6	10	0	0	0	0	0	0	0	0	0	12	0	4	4	6	0	26	0	18	12	34	0	18	0	52	54	8	35	45	0	0	22	28	0	0	19	0	0	0	12	0	0	0	0	0	16	0	18	7	8	0	37	12	24	12	65	32	24	0
477	460	97	119	17	443	81	100	0	97	119	17	67	140	0	0	163	118	0	91	426	74	88	0	81	100	0	53	120	0	0	142	96	0	90	97	119	17	26	80	8	0	22	42	0	0	67	140	0	0	163	118	0	91	409	65	72	0	74	88	0	44	92	0	0	137	78	0	90	81	100	0	14	56	0	0	19	32	0	0	53	120	0	0	142	96	0	90	97	119	17	41	88	0	0	28	54	0	0	26	80	8	0	22	42	0	0	67	140	0	0	163	118	0	91	392	58	64	0	65	72	0	35	76	0	0	125	64	0	90	74	88	0	11	48	0	0	17	30	0	0	44	92	0	0	137	78	0	90	81	100	0	30	64	0	0	17	36	0	0	14	56	0	0	19	32	0	0	53	120	0	0	142	96	0	90	97	119	17	58	32	0	0	38	34	0	0	41	88	0	0	28	54	0	0	26	80	8	0	22	42	0	0	67	140	0	0	163	118	0	91
343	332	59	43	8	321	45	36	0	59	43	8	47	16	0	0	63	39	8	47	310	41	36	0	45	36	0	39	16	0	0	39	24	0	47	59	43	8	13	0	8	0	18	0	0	0	47	16	0	0	63	39	8	47	299	41	34	0	41	36	0	39	16	0	0	39	24	0	47	45	36	0	13	0	0	0	11	0	0	0	39	16	0	0	39	24	0	47	59	43	8	34	12	0	0	20	0	0	0	13	0	8	0	18	0	0	0	47	16	0	0	63	39	8	47	288	38	30	0	41	34	0	39	12	0	0	39	18	0	47	41	36	0	13	0	0	0	7	0	0	0	39	16	0	0	39	24	0	47	45	36	0	28	12	0	0	12	0	0	0	13	0	0	0	11	0	0	0	39	16	0	0	39	24	0	47	59	43	8	49	24	0	0	32	16	0	0	34	12	0	0	20	0	0	0	13	0	8	0	18	0	0	0	47	16	0	0	63	39	8	47
485	470	71	86	0	455	46	57	0	71	86	0	68	96	0	0	84	99	0	0	440	40	54	0	46	57	0	53	81	0	0	66	54	0	0	71	86	0	38	0	0	0	21	17	0	0	68	96	0	0	84	99	0	0	425	32	51	0	40	54	0	41	81	0	0	54	54	0	0	46	57	0	10	0	0	0	4	3	0	0	53	81	0	0	66	54	0	0	71	86	0	29	24	0	0	0	24	0	0	38	0	0	0	21	17	0	0	68	96	0	0	84	99	0	0	410	21	33	0	32	51	0	21	72	0	0	30	48	0	0	40	54	0	4	0	0	0	1	0	0	0	41	81	0	0	54	54	0	0	46	57	0	7	9	0	0	0	0	0	0	10	0	0	0	4	3	0	0	53	81	0	0	66	54	0	0	71	86	0	23	69	0	0	12	42	0	0	29	24	0	0	0	24	0	0	38	0	0	0	21	17	0	0	68	96	0	0	84	99	0	0
584	566	70	92	71	548	45	72	62	70	92	71	60	108	40	16	78	72	71	8	530	39	72	53	45	72	62	47	108	29	12	69	72	62	6	70	92	71	40	0	13	86	20	22	0	0	60	108	40	16	78	72	71	8	512	30	69	53	39	72	53	35	108	25	12	54	72	53	6	45	72	62	12	0	13	86	2	0	0	0	47	108	29	12	69	72	62	6	70	92	71	25	33	13	0	0	0	0	0	40	0	13	86	20	22	0	0	60	108	40	16	78	72	71	8	494	17	33	53	30	69	53	14	99	25	12	26	66	53	6	39	72	53	5	0	13	86	0	0	0	0	35	108	25	12	54	72	53	6	45	72	62	2	0	13	0	0	0	0	0	12	0	13	86	2	0	0	0	47	108	29	12	69	72	62	6	70	92	71	13	33	35	0	5	15	213	0	25	33	13	0	0	0	0	0	40	0	13	86	20	22	0	0	60	108	40	16	78	72	71	8
506	491	76	44	62	476	52	0	53	76	44	62	68	0	90	16	98	22	248	8	461	44	0	45	52	0	53	54	0	79	12	82	0	212	6	76	44	62	39	0	13	70	24	44	0	0	68	0	90	16	98	22	248	8	446	36	0	45	44	0	45	42	0	73	12	63	0	180	6	52	0	53	11	0	13	70	2	0	0	0	54	0	79	12	82	0	212	6	76	44	62	28	0	0	0	0	0	0	0	39	0	13	70	24	44	0	0	68	0	90	16	98	22	248	8	431	22	0	45	36	0	45	22	0	73	12	39	0	180	6	44	0	45	4	0	13	70	0	0	0	0	42	0	73	12	63	0	180	6	52	0	53	2	0	0	0	0	0	0	0	11	0	13	70	2	0	0	0	54	0	79	12	82	0	212	6	76	44	62	16	0	22	0	6	0	0	0	28	0	0	0	0	0	0	0	39	0	13	70	24	44	0	0	68	0	90	16	98	22	248	8
689	668	82	157	47	647	41	90	42	82	157	47	55	266	58	16	125	366	235	0	626	30	50	40	41	90	42	45	128	51	12	75	263	210	0	82	157	47	20	208	44	12	21	59	94	0	55	266	58	16	125	366	235	0	605	25	9	40	30	50	40	39	36	47	12	50	136	200	0	41	90	42	12	18	44	12	3	9	84	0	45	128	51	12	75	263	210	0	82	157	47	25	45	10	0	0	0	188	0	20	208	44	12	21	59	94	0	55	266	58	16	125	366	235	0	584	10	0	40	25	9	40	22	0	47	12	34	18	200	0	30	50	40	4	0	44	12	0	0	80	0	39	36	47	12	50	136	200	0	41	90	42	2	0	10	0	0	0	168	0	12	18	44	12	3	9	84	0	45	128	51	12	75	263	210	0	82	157	47	10	0	43	0	3	0	47	0	25	45	10	0	0	0	188	0	20	208	44	12	21	59	94	0	55	266	58	16	125	366	235	0
397	385	61	41	12	373	42	20	0	61	41	12	68	0	7	0	73	47	36	16	361	36	20	0	42	20	0	56	0	0	0	65	40	0	6	61	41	12	38	0	0	0	18	21	0	0	68	0	7	0	73	47	36	16	349	28	14	0	36	20	0	44	0	0	0	50	40	0	6	42	20	0	10	0	0	0	1	0	0	0	56	0	0	0	65	40	0	6	61	41	12	22	42	0	0	0	0	0	0	38	0	0	0	18	21	0	0	68	0	7	0	73	47	36	16	337	17	0	0	28	14	0	24	0	0	0	26	28	0	6	36	20	0	4	0	0	0	0	0	0	0	44	0	0	0	50	40	0	6	42	20	0	3	0	0	0	0	0	0	0	10	0	0	0	1	0	0	0	56	0	0	0	65	40	0	6	61	41	12	18	0	9	0	4	0	24	0	22	42	0	0	0	0	0	0	38	0	0	0	18	21	0	0	68	0	7	0	73	47	36	16
541	524	60	113	3	507	25	77	0	60	113	3	40	214	3	0	71	189	6	0	490	20	56	0	25	77	0	30	164	0	0	45	147	0	0	60	113	3	22	100	0	0	16	15	3	0	40	214	3	0	71	189	6	0	473	16	27	0	20	56	0	22	108	0	0	33	102	0	0	25	77	0	2	48	0	0	1	0	0	0	30	164	0	0	45	147	0	0	60	113	3	17	47	0	0	0	0	12	0	22	100	0	0	16	15	3	0	40	214	3	0	71	189	6	0	456	7	5	0	16	27	0	18	20	0	0	21	30	0	0	20	56	0	0	20	0	0	0	0	0	0	22	108	0	0	33	102	0	0	25	77	0	0	5	0	0	0	0	0	0	2	48	0	0	1	0	0	0	30	164	0	0	45	147	0	0	60	113	3	6	10	9	0	2	0	12	0	17	47	0	0	0	0	12	0	22	100	0	0	16	15	3	0	40	214	3	0	71	189	6	0
519	503	59	29	96	487	49	29	51	59	29	96	57	0	23	74	86	73	0	124	471	38	15	33	49	29	51	44	0	0	41	70	73	0	95	59	29	96	11	0	56	40	6	0	96	24	57	0	23	74	86	73	0	124	455	28	15	22	38	15	33	24	0	0	34	41	45	0	85	49	29	51	5	0	0	12	2	0	51	12	44	0	0	41	70	73	0	95	59	29	96	11	0	67	20	3	0	0	47	11	0	56	40	6	0	96	24	57	0	23	74	86	73	0	124	439	15	15	22	28	15	22	11	0	0	34	23	45	0	85	38	15	33	1	0	0	12	2	0	33	12	24	0	0	34	41	45	0	85	49	29	51	10	0	9	20	3	0	0	47	5	0	0	12	2	0	51	12	44	0	0	41	70	73	0	95	59	29	96	15	0	108	0	11	0	0	0	11	0	67	20	3	0	0	47	11	0	56	40	6	0	96	24	57	0	23	74	86	73	0	124
461	447	32	13	97	433	23	0	61	31	13	97	17	0	46	97	68	26	97	121	419	13	0	59	22	0	61	4	0	24	91	45	0	61	95	31	13	97	4	0	36	16	5	13	0	0	17	0	46	97	68	26	97	121	405	8	0	56	12	0	59	0	0	24	84	22	0	59	85	22	0	61	0	0	0	12	0	0	0	0	4	0	24	91	45	0	61	95	31	13	97	1	0	51	20	0	0	0	0	4	0	36	16	5	13	0	0	17	0	46	97	68	26	97	121	391	7	0	56	7	0	56	0	0	24	84	12	0	56	85	12	0	59	0	0	0	12	0	0	0	0	0	0	24	84	22	0	59	85	22	0	61	1	0	24	20	0	0	0	0	0	0	0	12	0	0	0	0	4	0	24	91	45	0	61	95	31	13	97	0	0	13	0	1	0	0	0	1	0	51	20	0	0	0	0	4	0	36	16	5	13	0	0	17	0	46	97	68	26	97	121
294	285	21	15	29	276	12	7	8	21	15	29	16	7	18	8	50	30	29	109	267	3	0	8	12	7	8	4	0	0	8	29	14	8	95	21	15	29	2	0	36	0	3	7	29	0	16	7	18	8	50	30	29	109	258	2	0	8	3	0	8	0	0	0	8	8	0	8	85	12	7	8	0	0	0	0	0	0	8	0	4	0	0	8	29	14	8	95	21	15	29	0	0	9	0	0	0	0	0	2	0	36	0	3	7	29	0	16	7	18	8	50	30	29	109	249	2	0	8	2	0	8	0	0	0	8	6	0	8	85	3	0	8	0	0	0	0	0	0	8	0	0	0	0	8	8	0	8	85	12	7	8	0	0	0	0	0	0	0	0	0	0	0	0	0	0	8	0	4	0	0	8	29	14	8	95	21	15	29	0	0	0	0	0	0	0	0	0	0	9	0	0	0	0	0	2	0	36	0	3	7	29	0	16	7	18	8	50	30	29	109
260	252	20	17	30	244	9	5	19	20	17	30	15	10	30	19	47	34	60	47	236	3	0	19	9	5	19	4	0	11	19	23	10	38	42	20	17	30	3	0	36	0	4	5	30	0	15	10	30	19	47	34	60	47	228	1	0	19	3	0	19	0	0	11	19	7	0	38	40	9	5	19	0	0	0	0	0	0	19	0	4	0	11	19	23	10	38	42	20	17	30	0	0	21	0	0	0	0	0	3	0	36	0	4	5	30	0	15	10	30	19	47	34	60	47	220	1	0	19	1	0	19	0	0	11	19	3	0	38	40	3	0	19	0	0	0	0	0	0	19	0	0	0	11	19	7	0	38	40	9	5	19	0	0	11	0	0	0	0	0	0	0	0	0	0	0	19	0	4	0	11	19	23	10	38	42	20	17	30	0	0	0	0	0	0	0	0	0	0	21	0	0	0	0	0	3	0	36	0	4	5	30	0	15	10	30	19	47	34	60	47
326	316	33	16	43	306	25	16	0	33	16	43	46	0	23	0	65	24	0	195	296	15	0	0	25	16	0	33	0	0	0	49	24	0	157	33	16	43	10	0	56	0	3	0	86	0	46	0	23	0	65	24	0	195	286	5	0	0	15	0	0	13	0	0	0	21	0	0	138	25	16	0	4	0	0	0	0	0	0	0	33	0	0	0	49	24	0	157	33	16	43	1	0	76	0	0	0	0	0	10	0	56	0	3	0	86	0	46	0	23	0	65	24	0	195	276	1	0	0	5	0	0	0	0	0	0	3	0	0	138	15	0	0	0	0	0	0	0	0	0	0	13	0	0	0	21	0	0	138	25	16	0	0	0	0	0	0	0	0	0	4	0	0	0	0	0	0	0	33	0	0	0	49	24	0	157	33	16	43	0	0	38	0	1	0	0	0	1	0	76	0	0	0	0	0	10	0	56	0	3	0	86	0	46	0	23	0	65	24	0	195
476	461	34	38	95	446	4	12	62	34	38	95	5	24	93	85	70	100	190	156	431	0	0	48	4	12	62	0	0	61	35	8	24	124	88	34	38	95	0	0	56	60	0	0	95	47	5	24	93	85	70	100	190	156	416	0	0	48	0	0	48	0	0	24	35	0	0	96	86	4	12	62	0	0	48	60	0	0	62	42	0	0	61	35	8	24	124	88	34	38	95	0	0	0	0	0	0	0	0	0	0	56	60	0	0	95	47	5	24	93	85	70	100	190	156	401	0	0	48	0	0	48	0	0	24	35	0	0	96	83	0	0	48	0	0	34	60	0	0	48	40	0	0	24	35	0	0	96	86	4	12	62	0	0	0	0	0	0	0	0	0	0	48	60	0	0	62	42	0	0	61	35	8	24	124	88	34	38	95	0	0	0	0	0	0	0	0	0	0	0	0	0	0	0	0	0	0	56	60	0	0	95	47	5	24	93	85	70	100	190	156
539	522	40	60	85	505	4	0	80	40	60	85	9	0	127	45	77	168	425	0	488	0	0	70	4	0	80	0	0	107	0	7	0	400	0	40	60	85	0	0	36	10	0	0	0	47	9	0	127	45	77	168	425	0	471	0	0	70	0	0	70	0	0	70	0	0	0	350	0	4	0	80	0	0	31	10	0	0	0	42	0	0	107	0	7	0	400	0	40	60	85	0	0	0	0	0	0	0	0	0	0	36	10	0	0	0	47	9	0	127	45	77	168	425	0	454	0	0	70	0	0	70	0	0	70	0	0	0	350	0	0	0	70	0	0	21	10	0	0	0	40	0	0	70	0	0	0	350	0	4	0	80	0	0	0	0	0	0	0	0	0	0	31	10	0	0	0	42	0	0	107	0	7	0	400	0	40	60	85	0	0	0	0	0	0	0	0	0	0	0	0	0	0	0	0	0	0	36	10	0	0	0	47	9	0	127	45	77	168	425	0
380	368	25	32	33	356	1	0	33	25	32	33	2	0	26	0	44	72	132	0	344	0	0	33	1	0	33	0	0	26	0	2	0	132	0	25	32	33	0	0	0	0	0	0	0	0	2	0	26	0	44	72	132	0	332	0	0	33	0	0	33	0	0	26	0	0	0	132	0	1	0	33	0	0	0	0	0	0	0	0	0	0	26	0	2	0	132	0	25	32	33	0	0	0	0	0	0	0	0	0	0	0	0	0	0	0	0	2	0	26	0	44	72	132	0	320	0	0	33	0	0	33	0	0	26	0	0	0	132	0	0	0	33	0	0	0	0	0	0	0	0	0	0	26	0	0	0	132	0	1	0	33	0	0	0	0	0	0	0	0	0	0	0	0	0	0	0	0	0	0	26	0	2	0	132	0	25	32	33	0	0	0	0	0	0	0	0	0	0	0	0	0	0	0	0	0	0	0	0	0	0	0	0	2	0	26	0	44	72	132	0
414	401	21	22	47	388	1	0	42	21	22	47	2	0	21	0	44	33	94	30	375	0	0	42	1	0	42	0	0	16	0	2	0	84	19	21	22	47	0	0	0	0	0	0	0	0	2	0	21	0	44	33	94	30	362	0	0	42	0	0	42	0	0	16	0	0	0	84	19	1	0	42	0	0	0	0	0	0	0	0	0	0	16	0	2	0	84	19	21	22	47	0	0	0	0	0	0	0	0	0	0	0	0	0	0	0	0	2	0	21	0	44	33	94	30	349	0	0	42	0	0	42	0	0	16	0	0	0	84	19	0	0	42	0	0	0	0	0	0	0	0	0	0	16	0	0	0	84	19	1	0	42	0	0	0	0	0	0	0	0	0	0	0	0	0	0	0	0	0	0	16	0	2	0	84	19	21	22	47	0	0	0	0	0	0	0	0	0	0	0	0	0	0	0	0	0	0	0	0	0	0	0	0	2	0	21	0	44	33	94	30
285	276	29	18	14	267	6	0	12	29	18	14	22	0	35	10	57	30	42	0	258	1	0	7	6	0	12	4	0	27	0	8	0	36	0	29	18	14	4	0	28	0	0	0	0	3	22	0	35	10	57	30	42	0	249	0	0	7	1	0	7	0	0	7	0	0	0	21	0	6	0	12	0	0	20	0	0	0	0	0	4	0	27	0	8	0	36	0	29	18	14	0	0	7	0	0	0	0	0	4	0	28	0	0	0	0	3	22	0	35	10	57	30	42	0	240	0	0	7	0	0	7	0	0	7	0	0	0	21	0	1	0	7	0	0	0	0	0	0	0	0	0	0	7	0	0	0	21	0	6	0	12	0	0	5	0	0	0	0	0	0	0	20	0	0	0	0	0	4	0	27	0	8	0	36	0	29	18	14	0	0	0	0	0	0	0	0	0	0	7	0	0	0	0	0	4	0	28	0	0	0	0	3	22	0	35	10	57	30	42	0
585	566	29	60	135	547	3	0	95	29	60	135	7	0	123	94	28	75	540	213	528	0	0	88	3	0	95	0	0	102	82	0	0	380	175	29	60	135	0	0	34	55	0	0	0	0	7	0	123	94	28	75	540	213	509	0	0	72	0	0	88	0	0	89	57	0	0	352	151	3	0	95	0	0	33	0	0	0	0	0	0	0	102	82	0	0	380	175	29	60	135	0	0	0	23	0	0	0	50	0	0	34	55	0	0	0	0	7	0	123	94	28	75	540	213	490	0	0	72	0	0	72	0	0	58	57	0	0	288	151	0	0	88	0	0	31	0	0	0	0	0	0	0	89	57	0	0	352	151	3	0	95	0	0	0	23	0	0	0	42	0	0	33	0	0	0	0	0	0	0	102	82	0	0	380	175	29	60	135	0	0	0	0	0	0	0	0	0	0	0	23	0	0	0	50	0	0	34	55	0	0	0	0	7	0	123	94	28	75	540	213
401	388	14	22	73	375	0	0	37	14	22	73	0	0	12	86	15	11	146	132	362	0	0	37	0	0	37	0	0	11	86	0	0	74	125	14	22	73	0	0	0	0	0	0	0	0	0	0	12	86	15	11	146	132	349	0	0	37	0	0	37	0	0	11	86	0	0	74	110	0	0	37	0	0	0	0	0	0	0	0	0	0	11	86	0	0	74	125	14	22	73	0	0	0	0	0	0	0	0	0	0	0	0	0	0	0	0	0	0	12	86	15	11	146	132	336	0	0	37	0	0	37	0	0	11	86	0	0	74	110	0	0	37	0	0	0	0	0	0	0	0	0	0	11	86	0	0	74	110	0	0	37	0	0	0	0	0	0	0	0	0	0	0	0	0	0	0	0	0	0	11	86	0	0	74	125	14	22	73	0	0	0	0	0	0	0	0	0	0	0	0	0	0	0	0	0	0	0	0	0	0	0	0	0	0	12	86	15	11	146	132
525	508	22	30	110	491	2	0	55	22	30	110	4	0	60	52	26	30	220	274	474	1	0	14	2	0	55	0	0	42	23	3	0	110	229	22	30	110	0	0	8	55	0	0	0	198	4	0	60	52	26	30	220	274	457	1	0	0	1	0	14	0	0	29	0	3	0	28	200	2	0	55	0	0	7	0	0	0	0	78	0	0	42	23	3	0	110	229	22	30	110	0	0	0	0	0	0	0	50	0	0	8	55	0	0	0	198	4	0	60	52	26	30	220	274	440	1	0	0	1	0	0	0	0	0	0	3	0	0	200	1	0	14	0	0	5	0	0	0	0	60	0	0	29	0	3	0	28	200	2	0	55	0	0	0	0	0	0	0	42	0	0	7	0	0	0	0	78	0	0	42	23	3	0	110	229	22	30	110	0	0	0	0	0	0	0	0	0	0	0	0	0	0	0	50	0	0	8	55	0	0	0	198	4	0	60	52	26	30	220	274
371	359	19	11	69	347	1	0	29	19	11	69	4	0	48	35	23	0	69	179	335	0	0	14	1	0	29	0	0	42	23	0	0	29	167	19	11	69	0	0	8	55	0	0	0	43	4	0	48	35	23	0	69	179	323	0	0	0	0	0	14	0	0	29	0	0	0	14	152	1	0	29	0	0	7	0	0	0	0	0	0	0	42	23	0	0	29	167	19	11	69	0	0	0	0	0	0	0	50	0	0	8	55	0	0	0	43	4	0	48	35	23	0	69	179	311	0	0	0	0	0	0	0	0	0	0	0	0	0	152	0	0	14	0	0	5	0	0	0	0	0	0	0	29	0	0	0	14	152	1	0	29	0	0	0	0	0	0	0	42	0	0	7	0	0	0	0	0	0	0	42	23	0	0	29	167	19	11	69	0	0	0	0	0	0	0	0	0	0	0	0	0	0	0	50	0	0	8	55	0	0	0	43	4	0	48	35	23	0	69	179
367	355	22	35	36	343	1	0	21	22	35	36	4	0	48	35	16	49	180	85	331	0	0	14	1	0	21	0	0	42	23	0	0	105	80	22	35	36	0	0	8	55	0	0	0	0	4	0	48	35	16	49	180	85	319	0	0	0	0	0	14	0	0	29	0	0	0	70	70	1	0	21	0	0	7	0	0	0	0	0	0	0	42	23	0	0	105	80	22	35	36	0	0	0	0	0	0	0	50	0	0	8	55	0	0	0	0	4	0	48	35	16	49	180	85	307	0	0	0	0	0	0	0	0	0	0	0	0	0	70	0	0	14	0	0	5	0	0	0	0	0	0	0	29	0	0	0	70	70	1	0	21	0	0	0	0	0	0	0	42	0	0	7	0	0	0	0	0	0	0	42	23	0	0	105	80	22	35	36	0	0	0	0	0	0	0	0	0	0	0	0	0	0	0	50	0	0	8	55	0	0	0	0	4	0	48	35	16	49	180	85
598	578	14	36	189	558	0	0	139	14	36	189	0	0	103	159	0	0	378	281	538	0	0	120	0	0	139	0	0	97	121	0	0	278	171	14	36	189	0	0	0	88	0	0	0	95	0	0	103	159	0	0	378	281	518	0	0	105	0	0	120	0	0	96	93	0	0	240	116	0	0	139	0	0	0	73	0	0	0	62	0	0	97	121	0	0	278	171	14	36	189	0	0	0	135	0	0	0	0	0	0	0	88	0	0	0	95	0	0	103	159	0	0	378	281	498	0	0	62	0	0	105	0	0	88	35	0	0	210	72	0	0	120	0	0	0	44	0	0	0	48	0	0	96	93	0	0	240	116	0	0	139	0	0	0	38	0	0	0	0	0	0	0	73	0	0	0	62	0	0	97	121	0	0	278	171	14	36	189	0	0	0	88	2	0	0	133	0	0	0	135	0	0	0	0	0	0	0	88	0	0	0	95	0	0	103	159	0	0	378	281
329	318	7	10	69	307	0	0	33	7	10	69	0	0	13	36	0	0	69	244	296	0	0	32	0	0	33	0	0	12	34	0	0	33	153	7	10	69	0	0	0	11	0	0	0	0	0	0	13	36	0	0	69	244	285	0	0	32	0	0	32	0	0	12	34	0	0	32	139	0	0	33	0	0	0	11	0	0	0	0	0	0	12	34	0	0	33	153	7	10	69	0	0	0	0	0	0	0	0	0	0	0	11	0	0	0	0	0	0	13	36	0	0	69	244	274	0	0	32	0	0	32	0	0	12	34	0	0	32	109	0	0	32	0	0	0	11	0	0	0	0	0	0	12	34	0	0	32	139	0	0	33	0	0	0	0	0	0	0	0	0	0	0	11	0	0	0	0	0	0	12	34	0	0	33	153	7	10	69	0	0	0	0	0	0	0	0	0	0	0	0	0	0	0	0	0	0	0	11	0	0	0	0	0	0	13	36	0	0	69	244
358	346	12	20	65	334	0	0	39	12	20	65	0	0	75	32	0	0	130	171	322	0	0	38	0	0	39	0	0	71	28	0	0	78	116	12	20	65	0	0	0	7	0	0	0	0	0	0	75	32	0	0	130	171	310	0	0	31	0	0	38	0	0	70	20	0	0	76	102	0	0	39	0	0	0	5	0	0	0	0	0	0	71	28	0	0	78	116	12	20	65	0	0	0	50	0	0	0	0	0	0	0	7	0	0	0	0	0	0	75	32	0	0	130	171	298	0	0	3	0	0	31	0	0	62	0	0	0	62	72	0	0	38	0	0	0	0	0	0	0	0	0	0	70	20	0	0	76	102	0	0	39	0	0	0	3	0	0	0	0	0	0	0	5	0	0	0	0	0	0	71	28	0	0	78	116	12	20	65	0	0	0	15	2	0	0	86	0	0	0	50	0	0	0	0	0	0	0	7	0	0	0	0	0	0	75	32	0	0	130	171
298	288	12	16	40	278	0	0	29	12	16	40	0	0	75	32	0	0	80	36	268	0	0	28	0	0	29	0	0	71	28	0	0	58	21	12	16	40	0	0	0	7	0	0	0	0	0	0	75	32	0	0	80	36	258	0	0	24	0	0	28	0	0	70	20	0	0	56	14	0	0	29	0	0	0	5	0	0	0	0	0	0	71	28	0	0	58	21	12	16	40	0	0	0	29	0	0	0	0	0	0	0	7	0	0	0	0	0	0	75	32	0	0	80	36	248	0	0	3	0	0	24	0	0	62	0	0	0	48	0	0	0	28	0	0	0	0	0	0	0	0	0	0	70	20	0	0	56	14	0	0	29	0	0	0	3	0	0	0	0	0	0	0	5	0	0	0	0	0	0	71	28	0	0	58	21	12	16	40	0	0	0	15	2	0	0	74	0	0	0	29	0	0	0	0	0	0	0	7	0	0	0	0	0	0	75	32	0	0	80	36
300	290	8	0	71	280	0	0	8	8	0	71	0	0	12	32	0	0	0	423	270	0	0	7	0	0	8	0	0	8	28	0	0	0	237	8	0	71	0	0	0	7	0	0	0	0	0	0	12	32	0	0	0	423	260	0	0	5	0	0	7	0	0	7	20	0	0	0	167	0	0	8	0	0	0	5	0	0	0	0	0	0	8	28	0	0	0	237	8	0	71	0	0	0	10	0	0	0	0	0	0	0	7	0	0	0	0	0	0	12	32	0	0	0	423	250	0	0	0	0	0	5	0	0	5	0	0	0	0	109	0	0	7	0	0	0	0	0	0	0	0	0	0	7	20	0	0	0	167	0	0	8	0	0	0	0	0	0	0	0	0	0	0	5	0	0	0	0	0	0	8	28	0	0	0	237	8	0	71	0	0	0	0	0	0	0	3	0	0	0	10	0	0	0	0	0	0	0	7	0	0	0	0	0	0	12	32	0	0	0	423
411	396	66	50	78	381	52	38	78	66	50	78	40	13	34	0	124	95	78	0	366	50	38	78	52	38	78	33	13	34	0	107	91	78	0	66	50	78	21	0	4	0	19	14	0	0	40	13	34	0	124	95	78	0	351	42	37	78	50	38	78	31	13	34	0	105	91	78	0	52	38	78	14	0	4	0	14	13	0	0	33	13	34	0	107	91	78	0	66	50	78	34	11	34	0	28	33	0	0	21	0	4	0	19	14	0	0	40	13	34	0	124	95	78	0	336	27	26	76	42	37	78	12	13	34	0	89	91	78	0	50	38	78	10	0	4	0	14	13	0	0	31	13	34	0	105	91	78	0	52	38	78	13	0	34	0	7	0	0	0	14	0	4	0	14	13	0	0	33	13	34	0	107	91	78	0	66	50	78	13	0	71	17	15	11	78	0	34	11	34	0	28	33	0	0	21	0	4	0	19	14	0	0	40	13	34	0	124	95	78	0
435	420	6	0	168	405	6	0	109	6	0	168	1	0	0	152	8	0	0	363	390	6	0	103	6	0	109	1	0	0	133	8	0	0	240	6	0	168	0	0	0	58	2	0	0	0	1	0	0	152	8	0	0	363	375	6	0	102	6	0	103	1	0	0	129	8	0	0	218	6	0	109	0	0	0	54	2	0	0	0	1	0	0	133	8	0	0	240	6	0	168	0	0	0	7	0	0	0	0	0	0	0	58	2	0	0	0	1	0	0	152	8	0	0	363	360	4	0	97	6	0	102	1	0	0	115	8	0	0	192	6	0	103	0	0	0	46	2	0	0	0	1	0	0	129	8	0	0	218	6	0	109	0	0	0	5	0	0	0	0	0	0	0	54	2	0	0	0	1	0	0	133	8	0	0	240	6	0	168	0	0	8	36	0	0	0	0	0	0	0	7	0	0	0	0	0	0	0	58	2	0	0	0	1	0	0	152	8	0	0	363
377	364	13	0	113	351	12	0	71	13	0	113	4	0	0	63	18	0	0	294	338	12	0	71	12	0	71	4	0	0	63	18	0	0	207	13	0	113	0	0	0	0	3	0	0	0	4	0	0	63	18	0	0	294	325	11	0	71	12	0	71	4	0	0	63	18	0	0	186	12	0	71	0	0	0	0	3	0	0	0	4	0	0	63	18	0	0	207	13	0	113	1	0	6	0	3	0	0	0	0	0	0	0	3	0	0	0	4	0	0	63	18	0	0	294	312	6	0	68	11	0	71	2	0	0	57	15	0	0	160	12	0	71	0	0	0	0	3	0	0	0	4	0	0	63	18	0	0	186	12	0	71	0	0	6	0	0	0	0	0	0	0	0	0	3	0	0	0	4	0	0	63	18	0	0	207	13	0	113	0	0	20	26	1	0	0	0	1	0	6	0	3	0	0	0	0	0	0	0	3	0	0	0	4	0	0	63	18	0	0	294
431	416	38	14	112	401	33	14	106	38	14	112	18	0	22	63	69	0	0	0	386	33	14	106	33	14	106	18	0	22	63	69	0	0	0	38	14	112	1	0	0	0	7	0	0	0	18	0	22	63	69	0	0	0	371	28	14	106	33	14	106	18	0	22	63	69	0	0	0	33	14	106	0	0	0	0	7	0	0	0	18	0	22	63	69	0	0	0	38	14	112	12	0	47	0	18	0	0	0	1	0	0	0	7	0	0	0	18	0	22	63	69	0	0	0	356	15	0	99	28	14	106	8	0	22	57	55	0	0	0	33	14	106	0	0	0	0	7	0	0	0	18	0	22	63	69	0	0	0	33	14	106	2	0	47	0	3	0	0	0	0	0	0	0	7	0	0	0	18	0	22	63	69	0	0	0	38	14	112	10	0	75	69	9	0	112	0	12	0	47	0	18	0	0	0	1	0	0	0	7	0	0	0	18	0	22	63	69	0	0	0
376	361	79	85	36	346	54	71	36	79	85	36	51	22	34	0	192	212	72	0	331	51	71	36	54	71	36	43	22	34	0	126	206	72	0	79	85	36	15	0	4	0	22	22	0	0	51	22	34	0	192	212	72	0	316	41	65	36	51	71	36	41	22	34	0	122	206	72	0	54	71	36	6	0	4	0	15	22	0	0	43	22	34	0	126	206	72	0	79	85	36	33	36	20	0	34	44	0	0	15	0	4	0	22	22	0	0	51	22	34	0	192	212	72	0	301	26	41	35	41	65	36	21	22	34	0	102	198	72	0	51	71	36	2	0	4	0	13	22	0	0	41	22	34	0	122	206	72	0	54	71	36	9	0	20	0	7	8	0	0	6	0	4	0	15	22	0	0	43	22	34	0	126	206	72	0	79	85	36	18	48	50	11	17	44	108	0	33	36	20	0	34	44	0	0	15	0	4	0	22	22	0	0	51	22	34	0	192	212	72	0
353	339	95	60	59	325	74	57	34	95	60	59	88	24	6	74	224	175	0	114	311	65	57	34	74	57	34	65	24	4	74	167	163	0	114	95	60	59	38	0	27	0	27	32	0	0	88	24	6	74	224	175	0	114	297	46	32	34	65	57	34	45	24	4	74	152	163	0	114	74	57	34	16	0	20	0	23	29	0	0	65	24	4	74	167	163	0	114	95	60	59	29	11	96	0	16	19	177	0	38	0	27	0	27	32	0	0	88	24	6	74	224	175	0	114	283	40	21	34	46	32	34	35	0	4	74	130	126	0	114	65	57	34	13	0	20	0	21	29	0	0	45	24	4	74	152	163	0	114	74	57	34	17	8	50	0	9	16	102	0	16	0	20	0	23	29	0	0	65	24	4	74	167	163	0	114	95	60	59	33	24	0	0	17	32	59	0	29	11	96	0	16	19	177	0	38	0	27	0	27	32	0	0	88	24	6	74	224	175	0	114
352	336	115	103	12	320	79	95	4	115	103	12	123	68	6	8	269	281	0	36	304	71	94	4	79	95	4	100	68	4	8	182	256	0	36	115	103	12	56	8	12	0	35	27	0	0	123	68	6	8	269	281	0	36	288	55	73	4	71	94	4	82	65	4	8	170	253	0	36	79	95	4	30	5	8	0	27	23	0	0	100	68	4	8	182	256	0	36	115	103	12	32	39	42	0	21	26	36	0	56	8	12	0	35	27	0	0	123	68	6	8	269	281	0	36	272	48	59	4	55	73	4	72	41	4	8	148	216	0	36	71	94	4	27	5	8	0	25	23	0	0	82	65	4	8	170	253	0	36	79	95	4	17	30	16	0	14	23	12	0	30	5	8	0	27	23	0	0	100	68	4	8	182	256	0	36	115	103	12	35	45	0	0	23	20	12	0	32	39	42	0	21	26	36	0	56	8	12	0	35	27	0	0	123	68	6	8	269	281	0	36
504	484	103	165	6	464	63	118	4	103	165	6	73	222	6	8	185	354	24	0	444	55	79	4	63	118	4	55	108	4	8	123	260	16	0	103	165	6	24	195	12	0	27	71	18	0	73	222	6	8	185	354	24	0	424	42	51	4	55	79	4	46	42	4	8	114	192	16	0	63	118	4	10	96	8	0	16	60	12	0	55	108	4	8	123	260	16	0	103	165	6	26	101	24	0	12	46	18	0	24	195	12	0	27	71	18	0	73	222	6	8	185	354	24	0	404	34	34	4	42	51	4	36	15	4	8	96	141	16	0	55	79	4	9	45	8	0	16	43	12	0	46	42	4	8	114	192	16	0	63	118	4	10	45	16	0	8	40	12	0	10	96	8	0	16	60	12	0	55	108	4	8	123	260	16	0	103	165	6	33	60	0	0	16	48	6	0	26	101	24	0	12	46	18	0	24	195	12	0	27	71	18	0	73	222	6	8	185	354	24	0
406	387	114	153	0	368	72	122	0	114	153	0	105	187	0	0	229	350	0	0	349	64	115	0	72	122	0	75	163	0	0	148	299	0	0	114	153	0	46	45	0	0	26	30	0	0	105	187	0	0	229	350	0	0	330	56	111	0	64	115	0	65	159	0	0	137	286	0	0	72	122	0	26	42	0	0	17	25	0	0	75	163	0	0	148	299	0	0	114	153	0	33	15	0	0	18	21	0	0	46	45	0	0	26	30	0	0	105	187	0	0	229	350	0	0	311	52	99	0	56	111	0	59	150	0	0	126	273	0	0	64	115	0	22	42	0	0	17	24	0	0	65	159	0	0	137	286	0	0	72	122	0	24	6	0	0	18	21	0	0	26	42	0	0	17	25	0	0	75	163	0	0	148	299	0	0	114	153	0	40	27	0	0	23	3	0	0	33	15	0	0	18	21	0	0	46	45	0	0	26	30	0	0	105	187	0	0	229	350	0	0
287	276	73	43	0	265	48	26	0	73	43	0	75	26	0	0	121	91	0	0	254	43	23	0	48	26	0	56	16	0	0	90	60	0	0	73	43	0	35	7	0	0	13	17	0	0	75	26	0	0	121	91	0	0	243	39	16	0	43	23	0	46	14	0	0	83	52	0	0	48	26	0	19	2	0	0	10	16	0	0	56	16	0	0	90	60	0	0	73	43	0	17	24	0	0	6	8	0	0	35	7	0	0	13	17	0	0	75	26	0	0	121	91	0	0	232	36	4	0	39	16	0	43	4	0	0	78	29	0	0	43	23	0	16	0	0	0	10	15	0	0	46	14	0	0	83	52	0	0	48	26	0	10	4	0	0	6	8	0	0	19	2	0	0	10	16	0	0	56	16	0	0	90	60	0	0	73	43	0	27	20	0	0	9	2	0	0	17	24	0	0	6	8	0	0	35	7	0	0	13	17	0	0	75	26	0	0	121	91	0	0
331	317	83	59	19	303	65	40	6	82	59	19	73	30	35	18	141	48	38	6	289	58	40	4	64	40	6	56	30	12	12	121	40	12	4	82	59	19	20	0	51	8	16	0	0	0	73	30	35	18	141	48	38	6	275	55	40	4	57	40	4	53	30	8	12	115	40	8	4	64	40	6	16	0	24	8	15	0	0	0	56	30	12	12	121	40	12	4	82	59	19	15	0	10	0	9	0	0	0	20	0	51	8	16	0	0	0	73	30	35	18	141	48	38	6	261	45	40	4	54	40	4	45	30	8	12	103	40	8	4	57	40	4	7	0	16	8	11	0	0	0	53	30	8	12	115	40	8	4	64	40	6	4	0	0	0	9	0	0	0	16	0	24	8	15	0	0	0	56	30	12	12	121	40	12	4	82	59	19	18	0	28	0	20	13	0	0	15	0	10	0	9	0	0	0	20	0	51	8	16	0	0	0	73	30	35	18	141	48	38	6
150	144	51	5	10	138	45	5	0	51	5	10	59	0	17	0	103	0	0	6	132	42	5	0	45	5	0	50	0	0	0	95	0	0	4	51	5	10	20	0	15	0	12	0	0	0	59	0	17	0	103	0	0	6	126	39	5	0	42	5	0	47	0	0	0	91	0	0	4	45	5	0	16	0	0	0	12	0	0	0	50	0	0	0	95	0	0	4	51	5	10	12	0	10	0	7	0	0	0	20	0	15	0	12	0	0	0	59	0	17	0	103	0	0	6	120	29	5	0	39	5	0	39	0	0	0	79	0	0	4	42	5	0	7	0	0	0	10	0	0	0	47	0	0	0	91	0	0	4	45	5	0	1	0	0	0	7	0	0	0	16	0	0	0	12	0	0	0	50	0	0	0	95	0	0	4	51	5	10	7	0	28	0	8	5	0	0	12	0	10	0	7	0	0	0	20	0	15	0	12	0	0	0	59	0	17	0	103	0	0	6
245	235	49	31	7	225	35	16	0	48	31	7	35	0	17	0	76	23	21	6	215	32	16	0	34	16	0	26	0	0	0	63	8	0	4	48	31	7	13	0	15	0	10	0	0	0	35	0	17	0	76	23	21	6	205	30	16	0	31	16	0	23	0	0	0	59	8	0	4	34	16	0	9	0	0	0	8	0	0	0	26	0	0	0	63	8	0	4	48	31	7	11	0	7	0	5	0	0	0	13	0	15	0	10	0	0	0	35	0	17	0	76	23	21	6	195	24	16	0	29	16	0	18	0	0	0	51	8	0	4	31	16	0	0	0	0	0	6	0	0	0	23	0	0	0	59	8	0	4	34	16	0	0	0	0	0	5	0	0	0	9	0	0	0	8	0	0	0	26	0	0	0	63	8	0	4	48	31	7	6	0	19	0	10	0	0	0	11	0	7	0	5	0	0	0	13	0	15	0	10	0	0	0	35	0	17	0	76	23	21	6
212	204	32	16	7	196	18	0	0	32	16	7	20	0	17	0	40	20	28	6	188	15	0	0	18	0	0	11	0	0	0	29	0	0	4	32	16	7	13	0	15	0	10	0	0	0	20	0	17	0	40	20	28	6	180	13	0	0	15	0	0	8	0	0	0	25	0	0	4	18	0	0	9	0	0	0	7	0	0	0	11	0	0	0	29	0	0	4	32	16	7	11	0	7	0	4	0	0	0	13	0	15	0	10	0	0	0	20	0	17	0	40	20	28	6	172	8	0	0	13	0	0	3	0	0	0	17	0	0	4	15	0	0	0	0	0	0	5	0	0	0	8	0	0	0	25	0	0	4	18	0	0	0	0	0	0	4	0	0	0	9	0	0	0	7	0	0	0	11	0	0	0	29	0	0	4	32	16	7	0	0	19	0	5	0	0	0	11	0	7	0	4	0	0	0	13	0	15	0	10	0	0	0	20	0	17	0	40	20	28	6
319	301	98	132	5	283	65	117	0	97	132	5	72	143	2	0	184	282	0	0	265	64	117	0	64	117	0	69	143	0	0	129	257	0	0	97	132	5	23	0	0	0	22	5	0	0	72	143	2	0	184	282	0	0	247	61	117	0	63	117	0	69	143	0	0	128	257	0	0	64	117	0	18	0	0	0	12	5	0	0	69	143	0	0	129	257	0	0	97	132	5	9	0	5	0	8	14	0	0	23	0	0	0	22	5	0	0	72	143	2	0	184	282	0	0	229	54	106	0	60	117	0	64	143	0	0	118	257	0	0	63	117	0	18	0	0	0	12	5	0	0	69	143	0	0	128	257	0	0	64	117	0	6	0	0	0	8	12	0	0	18	0	0	0	12	5	0	0	69	143	0	0	129	257	0	0	97	132	5	19	54	13	0	31	18	5	0	9	0	5	0	8	14	0	0	23	0	0	0	22	5	0	0	72	143	2	0	184	282	0	0
403	387	22	51	99	371	6	15	98	22	51	99	0	0	115	9	7	0	297	0	355	5	15	94	6	15	98	0	0	111	6	3	0	294	0	22	51	99	0	0	0	33	7	12	0	0	0	0	115	9	7	0	297	0	339	5	15	84	5	15	94	0	0	97	4	3	0	282	0	6	15	98	0	0	0	24	0	0	0	0	0	0	111	6	3	0	294	0	22	51	99	0	0	0	85	0	0	0	0	0	0	0	33	7	12	0	0	0	0	115	9	7	0	297	0	323	5	15	84	5	15	84	0	0	73	4	3	0	252	0	5	15	94	0	0	0	24	0	0	0	0	0	0	97	4	3	0	282	0	6	15	98	0	0	0	85	0	0	0	0	0	0	0	24	0	0	0	0	0	0	111	6	3	0	294	0	22	51	99	0	0	0	0	1	0	0	0	0	0	0	85	0	0	0	0	0	0	0	33	7	12	0	0	0	0	115	9	7	0	297	0
275	264	30	19	36	253	16	10	14	30	19	36	9	0	67	29	27	0	36	33	242	14	10	6	16	10	14	6	0	51	6	21	0	14	6	30	19	36	9	0	9	18	10	9	0	6	9	0	67	29	27	0	36	33	231	11	10	4	14	10	6	3	0	24	4	17	0	6	4	16	10	14	0	0	5	12	3	0	0	4	6	0	51	6	21	0	14	6	30	19	36	0	0	27	8	3	0	0	0	9	0	9	18	10	9	0	6	9	0	67	29	27	0	36	33	220	11	10	4	11	10	4	3	0	16	4	12	0	4	4	14	10	6	0	0	0	12	2	0	0	4	3	0	24	4	17	0	6	4	16	10	14	0	0	15	8	2	0	0	0	0	0	5	12	3	0	0	4	6	0	51	6	21	0	14	6	30	19	36	0	0	0	0	6	0	0	0	0	0	27	8	3	0	0	0	9	0	9	18	10	9	0	6	9	0	67	29	27	0	36	33
232	223	20	14	22	214	8	0	14	20	14	22	6	0	54	20	17	0	44	7	205	6	0	9	8	0	14	3	0	42	0	13	0	28	0	20	14	22	9	0	9	0	9	7	0	6	6	0	54	20	17	0	44	7	196	3	0	7	6	0	9	0	0	27	0	9	0	18	0	8	0	14	0	0	5	0	3	0	0	4	3	0	42	0	13	0	28	0	20	14	22	0	0	27	14	3	0	0	0	9	0	9	0	9	7	0	6	6	0	54	20	17	0	44	7	187	3	0	7	3	0	7	0	0	21	0	4	0	14	0	6	0	9	0	0	0	0	2	0	0	4	0	0	27	0	9	0	18	0	8	0	14	0	0	15	14	2	0	0	0	0	0	5	0	3	0	0	4	3	0	42	0	13	0	28	0	20	14	22	0	0	0	0	4	0	0	0	0	0	27	14	3	0	0	0	9	0	9	0	9	7	0	6	6	0	54	20	17	0	44	7
258	248	22	16	25	238	13	0	7	22	16	25	8	0	27	30	25	0	50	14	228	10	0	0	13	0	7	5	0	15	0	21	0	14	0	22	16	25	9	0	16	0	10	8	0	6	8	0	27	30	25	0	50	14	218	5	0	0	10	0	0	0	0	0	0	13	0	0	0	13	0	7	0	0	7	0	5	0	0	4	5	0	15	0	21	0	14	0	22	16	25	0	0	41	0	4	0	0	0	9	0	16	0	10	8	0	6	8	0	27	30	25	0	50	14	208	5	0	0	5	0	0	0	0	0	0	5	0	0	0	10	0	0	0	0	0	0	3	0	0	4	0	0	0	0	13	0	0	0	13	0	7	0	0	19	0	3	0	0	0	0	0	7	0	5	0	0	4	5	0	15	0	21	0	14	0	22	16	25	0	0	0	0	4	0	0	0	0	0	41	0	4	0	0	0	9	0	16	0	10	8	0	6	8	0	27	30	25	0	50	14
182	175	16	0	17	168	8	0	0	16	0	17	3	0	0	0	5	0	0	33	161	8	0	0	8	0	0	3	0	0	0	5	0	0	6	16	0	17	0	0	0	0	4	0	0	0	3	0	0	0	5	0	0	33	154	8	0	0	8	0	0	3	0	0	0	5	0	0	4	8	0	0	0	0	0	0	0	0	0	0	3	0	0	0	5	0	0	6	16	0	17	0	0	0	0	0	0	0	0	0	0	0	0	4	0	0	0	3	0	0	0	5	0	0	33	147	8	0	0	8	0	0	3	0	0	0	5	0	0	4	8	0	0	0	0	0	0	0	0	0	0	3	0	0	0	5	0	0	4	8	0	0	0	0	0	0	0	0	0	0	0	0	0	0	0	0	0	0	3	0	0	0	5	0	0	6	16	0	17	0	0	0	0	1	0	0	0	0	0	0	0	0	0	0	0	0	0	0	0	4	0	0	0	3	0	0	0	5	0	0	33
375	360	38	0	122	345	32	0	104	38	0	122	23	0	13	62	117	0	0	99	330	30	0	103	32	0	104	21	0	13	60	93	0	0	98	38	0	122	4	0	0	9	9	0	0	0	23	0	13	62	117	0	0	99	315	28	0	82	30	0	103	21	0	13	53	93	0	0	94	32	0	104	1	0	0	6	5	0	0	0	21	0	13	60	93	0	0	98	38	0	122	14	0	5	69	9	0	0	71	4	0	0	9	9	0	0	0	23	0	13	62	117	0	0	99	300	16	0	39	28	0	82	14	0	0	40	85	0	0	84	30	0	103	1	0	0	4	5	0	0	0	21	0	13	53	93	0	0	94	32	0	104	2	0	5	34	3	0	0	38	1	0	0	6	5	0	0	0	21	0	13	60	93	0	0	98	38	0	122	4	0	67	100	0	0	0	226	14	0	5	69	9	0	0	71	4	0	0	9	9	0	0	0	23	0	13	62	117	0	0	99
321	308	41	32	62	295	28	10	56	41	32	62	23	20	25	63	102	80	124	0	282	23	0	51	28	10	56	16	0	22	49	75	0	112	0	41	32	62	12	0	36	29	12	10	62	0	23	20	25	63	102	80	124	0	269	19	0	27	23	0	51	15	0	18	27	69	0	102	0	28	10	56	1	0	27	6	5	0	56	0	16	0	22	49	75	0	112	0	41	32	62	12	0	5	45	7	20	0	77	12	0	36	29	12	10	62	0	23	20	25	63	102	80	124	0	256	9	0	16	19	0	27	8	0	0	20	59	0	54	0	23	0	51	1	0	15	4	3	0	51	0	15	0	18	27	69	0	102	0	28	10	56	0	0	5	24	2	0	0	42	1	0	27	6	5	0	56	0	16	0	22	49	75	0	112	0	41	32	62	2	0	39	44	0	0	0	36	12	0	5	45	7	20	0	77	12	0	36	29	12	10	62	0	23	20	25	63	102	80	124	0
273	262	11	10	71	251	8	10	28	11	10	71	5	0	12	65	21	0	0	182	240	4	0	23	8	10	28	0	0	9	51	9	0	0	133	11	10	71	0	0	36	29	4	0	71	0	5	0	12	65	21	0	0	182	229	4	0	15	4	0	23	0	0	5	30	4	0	0	109	8	10	28	0	0	27	6	2	0	28	0	0	0	9	51	9	0	0	133	11	10	71	0	0	0	18	4	0	0	6	0	0	36	29	4	0	71	0	5	0	12	65	21	0	0	182	218	4	0	11	4	0	15	0	0	0	22	4	0	0	95	4	0	23	0	0	15	4	0	0	23	0	0	0	5	30	4	0	0	109	8	10	28	0	0	0	12	1	0	0	4	0	0	27	6	2	0	28	0	0	0	9	51	9	0	0	133	11	10	71	0	0	0	22	0	0	0	0	0	0	0	18	4	0	0	6	0	0	36	29	4	0	71	0	5	0	12	65	21	0	0	182
250	240	6	0	70	230	4	0	38	6	0	70	2	0	0	46	8	0	0	146	220	2	0	37	4	0	38	0	0	0	44	0	0	0	119	6	0	70	0	0	0	9	1	0	0	0	2	0	0	46	8	0	0	146	210	2	0	34	2	0	37	0	0	0	38	0	0	0	103	4	0	38	0	0	0	6	0	0	0	0	0	0	0	44	0	0	0	119	6	0	70	0	0	0	18	2	0	0	0	0	0	0	9	1	0	0	0	2	0	0	46	8	0	0	146	200	2	0	25	2	0	34	0	0	0	28	0	0	0	91	2	0	37	0	0	0	4	0	0	0	0	0	0	0	38	0	0	0	103	4	0	38	0	0	0	12	0	0	0	0	0	0	0	6	0	0	0	0	0	0	0	44	0	0	0	119	6	0	70	0	0	0	58	0	0	0	0	0	0	0	18	2	0	0	0	0	0	0	9	1	0	0	0	2	0	0	46	8	0	0	146
324	310	68	69	33	296	35	49	30	68	69	33	35	68	25	27	178	235	66	0	282	30	46	26	35	49	30	26	64	22	15	93	163	60	0	68	69	33	9	20	36	20	19	6	0	0	35	68	25	27	178	235	66	0	268	27	32	6	30	46	26	25	56	18	0	87	150	52	0	35	49	30	0	8	27	0	10	0	0	0	26	64	22	15	93	163	60	0	68	69	33	8	48	5	12	14	12	33	77	9	20	36	20	19	6	0	0	35	68	25	27	178	235	66	0	254	21	6	0	27	32	6	22	24	0	0	82	96	12	0	30	46	26	0	6	15	0	8	0	0	0	25	56	18	0	87	150	52	0	35	49	30	4	0	5	0	5	0	30	42	0	8	27	0	10	0	0	0	26	64	22	15	93	163	60	0	68	69	33	3	12	39	0	3	0	132	36	8	48	5	12	14	12	33	77	9	20	36	20	19	6	0	0	35	68	25	27	178	235	66	0
351	336	55	63	64	321	31	22	39	55	63	64	37	49	89	75	111	72	256	95	306	23	9	35	31	22	39	20	9	70	66	83	22	156	86	55	63	64	8	36	38	34	10	18	64	0	37	49	89	75	111	72	256	95	291	13	0	23	23	9	35	9	0	59	54	63	9	140	77	31	22	39	1	0	29	17	3	0	39	0	20	9	70	66	83	22	156	86	55	63	64	0	0	65	39	3	0	64	0	8	36	38	34	10	18	64	0	37	49	89	75	111	72	256	95	276	12	0	0	13	0	23	5	0	28	0	36	0	92	33	23	9	35	0	0	29	0	2	0	35	0	9	0	59	54	63	9	140	77	31	22	39	0	0	29	0	3	0	39	0	1	0	29	17	3	0	39	0	20	9	70	66	83	22	156	86	55	63	64	0	0	6	0	0	0	0	77	0	0	65	39	3	0	64	0	8	36	38	34	10	18	64	0	37	49	89	75	111	72	256	95
257	246	26	34	16	235	10	10	0	26	34	16	15	0	10	0	36	22	64	95	224	7	6	0	10	10	0	9	0	0	0	25	10	0	86	26	34	16	5	24	6	0	3	6	0	0	15	0	10	0	36	22	64	95	213	2	0	0	7	6	0	4	0	0	0	18	6	0	77	10	10	0	1	0	0	0	0	0	0	0	9	0	0	0	25	10	0	86	26	34	16	0	0	24	0	0	0	16	0	5	24	6	0	3	6	0	0	15	0	10	0	36	22	64	95	202	1	0	0	2	0	0	0	0	0	0	5	0	0	33	7	6	0	0	0	0	0	0	0	0	0	4	0	0	0	18	6	0	77	10	10	0	0	0	0	0	0	0	0	0	1	0	0	0	0	0	0	0	9	0	0	0	25	10	0	86	26	34	16	0	0	6	0	0	0	0	0	0	0	24	0	0	0	16	0	5	24	6	0	3	6	0	0	15	0	10	0	36	22	64	95
188	180	18	16	0	172	4	0	0	18	16	0	7	0	0	0	14	8	0	0	164	2	0	0	4	0	0	1	0	0	0	4	0	0	0	18	16	0	8	0	0	0	3	4	0	0	7	0	0	0	14	8	0	0	156	0	0	0	2	0	0	0	0	0	0	2	0	0	0	4	0	0	0	0	0	0	0	0	0	0	1	0	0	0	4	0	0	0	18	16	0	0	0	0	0	0	0	0	0	8	0	0	0	3	4	0	0	7	0	0	0	14	8	0	0	148	0	0	0	0	0	0	0	0	0	0	0	0	0	0	2	0	0	0	0	0	0	0	0	0	0	0	0	0	0	2	0	0	0	4	0	0	0	0	0	0	0	0	0	0	0	0	0	0	0	0	0	0	1	0	0	0	4	0	0	0	18	16	0	0	0	0	0	0	0	0	0	0	0	0	0	0	0	0	0	8	0	0	0	3	4	0	0	7	0	0	0	14	8	0	0
118	113	11	6	0	108	1	0	0	11	6	0	0	0	0	0	5	0	0	0	103	1	0	0	1	0	0	0	0	0	0	1	0	0	0	11	6	0	4	0	0	0	2	0	0	0	0	0	0	0	5	0	0	0	98	0	0	0	1	0	0	0	0	0	0	1	0	0	0	1	0	0	0	0	0	0	0	0	0	0	0	0	0	0	1	0	0	0	11	6	0	0	0	0	0	0	0	0	0	4	0	0	0	2	0	0	0	0	0	0	0	5	0	0	0	93	0	0	0	0	0	0	0	0	0	0	0	0	0	0	1	0	0	0	0	0	0	0	0	0	0	0	0	0	0	1	0	0	0	1	0	0	0	0	0	0	0	0	0	0	0	0	0	0	0	0	0	0	0	0	0	0	1	0	0	0	11	6	0	0	0	0	0	0	0	0	0	0	0	0	0	0	0	0	0	4	0	0	0	2	0	0	0	0	0	0	0	5	0	0	0
118	113	11	6	0	108	1	0	0	11	6	0	0	0	0	0	5	0	0	0	103	1	0	0	1	0	0	0	0	0	0	1	0	0	0	11	6	0	4	0	0	0	2	0	0	0	0	0	0	0	5	0	0	0	98	0	0	0	1	0	0	0	0	0	0	1	0	0	0	1	0	0	0	0	0	0	0	0	0	0	0	0	0	0	1	0	0	0	11	6	0	0	0	0	0	0	0	0	0	4	0	0	0	2	0	0	0	0	0	0	0	5	0	0	0	93	0	0	0	0	0	0	0	0	0	0	0	0	0	0	1	0	0	0	0	0	0	0	0	0	0	0	0	0	0	1	0	0	0	1	0	0	0	0	0	0	0	0	0	0	0	0	0	0	0	0	0	0	0	0	0	0	1	0	0	0	11	6	0	0	0	0	0	0	0	0	0	0	0	0	0	0	0	0	0	4	0	0	0	2	0	0	0	0	0	0	0	5	0	0	0
276	264	21	0	73	252	11	0	49	21	0	73	13	0	37	49	42	0	0	80	240	6	0	26	11	0	49	3	0	24	26	22	0	0	39	21	0	73	0	0	22	36	1	0	0	133	13	0	37	49	42	0	0	80	228	6	0	22	6	0	26	3	0	24	22	17	0	0	35	11	0	49	0	0	6	27	0	0	0	84	3	0	24	26	22	0	0	39	21	0	73	0	0	0	34	2	0	0	0	0	0	22	36	1	0	0	133	13	0	37	49	42	0	0	80	216	6	0	10	6	0	22	3	0	24	10	17	0	0	23	6	0	26	0	0	6	15	0	0	0	74	3	0	24	22	17	0	0	35	11	0	49	0	0	0	17	2	0	0	0	0	0	6	27	0	0	0	84	3	0	24	26	22	0	0	39	21	0	73	0	0	0	39	0	0	0	0	0	0	0	34	2	0	0	0	0	0	22	36	1	0	0	133	13	0	37	49	42	0	0	80
249	238	26	26	42	227	14	8	21	26	26	42	12	16	37	21	53	34	84	80	216	10	0	18	14	8	21	4	0	24	18	31	8	42	39	26	26	42	0	0	22	36	2	0	42	0	12	16	37	21	53	34	84	80	205	10	0	15	10	0	18	4	0	24	15	27	0	36	35	14	8	21	0	0	6	27	1	0	21	0	4	0	24	18	31	8	42	39	26	26	42	0	0	0	27	5	0	0	0	0	0	22	36	2	0	42	0	12	16	37	21	53	34	84	80	194	10	0	8	10	0	15	4	0	24	8	27	0	30	23	10	0	18	0	0	6	15	1	0	18	0	4	0	24	15	27	0	36	35	14	8	21	0	0	0	15	5	0	0	0	0	0	6	27	1	0	21	0	4	0	24	18	31	8	42	39	26	26	42	0	0	0	29	0	0	0	0	0	0	0	27	5	0	0	0	0	0	22	36	2	0	42	0	12	16	37	21	53	34	84	80
259	247	50	42	46	235	33	18	34	50	42	46	48	21	42	29	105	74	138	64	223	30	11	31	33	18	34	41	0	29	26	73	29	102	39	50	42	46	10	0	16	36	4	0	46	0	48	21	42	29	105	74	138	64	211	30	11	27	30	11	31	41	0	29	22	70	22	93	35	33	18	34	10	0	6	27	3	0	34	0	41	0	29	26	73	29	102	39	50	42	46	2	0	0	34	9	0	0	0	10	0	16	36	4	0	46	0	48	21	42	29	105	74	138	64	199	30	11	10	30	11	27	41	0	29	10	70	22	81	23	30	11	31	10	0	6	15	3	0	31	0	41	0	29	22	70	22	93	35	33	18	34	2	0	0	17	9	0	0	0	10	0	6	27	3	0	34	0	41	0	29	26	73	29	102	39	50	42	46	6	0	0	39	2	0	0	5	2	0	0	34	9	0	0	0	10	0	16	36	4	0	46	0	48	21	42	29	105	74	138	64
184	176	6	0	25	168	3	0	0	6	0	25	3	0	9	0	7	0	0	80	160	0	0	0	3	0	0	0	0	0	0	3	0	0	39	6	0	25	0	0	15	0	0	0	0	0	3	0	9	0	7	0	0	80	152	0	0	0	0	0	0	0	0	0	0	0	0	0	35	3	0	0	0	0	0	0	0	0	0	0	0	0	0	0	3	0	0	39	6	0	25	0	0	0	0	0	0	0	0	0	0	15	0	0	0	0	0	3	0	9	0	7	0	0	80	144	0	0	0	0	0	0	0	0	0	0	0	0	0	23	0	0	0	0	0	0	0	0	0	0	0	0	0	0	0	0	0	0	35	3	0	0	0	0	0	0	0	0	0	0	0	0	0	0	0	0	0	0	0	0	0	0	3	0	0	39	6	0	25	0	0	0	0	0	0	0	0	0	0	0	0	0	0	0	0	0	0	15	0	0	0	0	0	3	0	9	0	7	0	0	80
138	132	1	0	16	126	1	0	0	1	0	16	0	0	0	0	1	0	0	16	120	0	0	0	1	0	0	0	0	0	0	1	0	0	0	1	0	16	0	0	6	0	0	0	0	0	0	0	0	0	1	0	0	16	114	0	0	0	0	0	0	0	0	0	0	0	0	0	0	1	0	0	0	0	0	0	0	0	0	0	0	0	0	0	1	0	0	0	1	0	16	0	0	0	0	0	0	0	0	0	0	6	0	0	0	0	0	0	0	0	0	1	0	0	16	108	0	0	0	0	0	0	0	0	0	0	0	0	0	0	0	0	0	0	0	0	0	0	0	0	0	0	0	0	0	0	0	0	0	1	0	0	0	0	0	0	0	0	0	0	0	0	0	0	0	0	0	0	0	0	0	0	1	0	0	0	1	0	16	0	0	0	0	0	0	0	0	0	0	0	0	0	0	0	0	0	0	6	0	0	0	0	0	0	0	0	0	1	0	0	16
346	325	94	169	32	304	46	122	21	94	169	32	54	295	44	26	209	390	96	46	283	43	112	19	46	122	21	42	259	34	23	110	288	63	34	94	169	32	14	118	0	14	13	22	0	0	54	295	44	26	209	390	96	46	262	40	110	16	43	112	19	39	253	30	23	105	268	57	31	46	122	21	2	110	0	11	9	22	0	0	42	259	34	23	110	288	63	34	94	169	32	9	22	0	15	13	33	0	0	14	118	0	14	13	22	0	0	54	295	44	26	209	390	96	46	241	40	110	16	40	110	16	39	253	21	23	97	264	48	27	43	112	19	2	110	0	11	9	22	0	0	39	253	30	23	105	268	57	31	46	122	21	9	22	0	15	13	33	0	0	2	110	0	11	9	22	0	0	42	259	34	23	110	288	63	34	94	169	32	13	0	0	0	16	0	0	0	9	22	0	15	13	33	0	0	14	118	0	14	13	22	0	0	54	295	44	26	209	390	96	46
164	156	30	13	38	148	18	7	16	30	13	38	27	0	38	57	63	20	38	88	140	18	7	6	18	7	16	27	0	16	18	45	14	16	55	30	13	38	10	0	0	6	3	0	0	64	27	0	38	57	63	20	38	88	132	18	7	6	18	7	6	27	0	6	18	45	14	6	49	18	7	16	10	0	0	6	3	0	0	39	27	0	16	18	45	14	16	55	30	13	38	2	0	0	0	7	0	0	0	10	0	0	6	3	0	0	64	27	0	38	57	63	20	38	88	124	18	7	6	18	7	6	27	0	6	18	45	14	6	42	18	7	6	10	0	0	6	3	0	0	35	27	0	6	18	45	14	6	49	18	7	16	2	0	0	0	7	0	0	0	10	0	0	6	3	0	0	39	27	0	16	18	45	14	16	55	30	13	38	0	0	0	0	0	0	0	0	2	0	0	0	7	0	0	0	10	0	0	6	3	0	0	64	27	0	38	57	63	20	38	88
219	208	62	33	25	197	37	18	7	62	33	25	56	9	25	21	141	77	50	88	186	35	18	6	37	18	7	48	9	7	18	90	54	14	55	62	33	25	24	0	0	6	9	9	0	0	56	9	25	21	141	77	50	88	175	32	18	6	35	18	6	45	9	6	18	87	54	12	49	37	18	7	12	0	0	6	9	9	0	0	48	9	7	18	90	54	14	55	62	33	25	11	0	0	0	11	27	0	0	24	0	0	6	9	9	0	0	56	9	25	21	141	77	50	88	164	32	18	6	32	18	6	45	9	6	18	79	54	12	42	35	18	6	12	0	0	6	9	9	0	0	45	9	6	18	87	54	12	49	37	18	7	11	0	0	0	11	27	0	0	12	0	0	6	9	9	0	0	48	9	7	18	90	54	14	55	62	33	25	6	0	0	0	7	0	0	0	11	0	0	0	11	27	0	0	24	0	0	6	9	9	0	0	56	9	25	21	141	77	50	88
267	251	79	104	10	235	41	77	7	79	104	10	53	84	10	21	183	215	40	0	219	40	71	6	41	77	7	49	68	7	18	111	159	28	0	78	104	10	25	24	0	6	13	9	10	0	53	84	10	21	183	215	40	0	203	36	66	6	40	71	6	46	66	6	18	109	151	24	0	40	77	7	11	18	0	6	13	9	7	0	49	68	7	18	111	159	28	0	77	104	10	10	51	0	0	12	36	0	0	25	24	0	6	13	9	10	0	52	84	10	21	182	215	40	0	187	34	63	6	36	66	6	45	63	6	18	96	141	24	0	39	71	6	11	18	0	6	13	9	6	0	46	66	6	18	109	151	24	0	39	77	7	6	45	0	0	10	36	0	0	11	18	0	6	13	9	7	0	48	68	7	18	110	159	28	0	75	104	10	6	27	0	0	8	24	0	0	10	51	0	0	12	36	0	0	24	24	0	6	11	9	10	0	51	84	10	21	172	215	40	0
193	184	65	20	8	175	36	0	8	65	20	8	57	0	32	0	166	64	40	0	166	34	0	6	36	0	8	49	0	32	0	89	0	40	0	65	20	8	12	0	8	12	9	0	0	0	57	0	32	0	166	64	40	0	157	34	0	0	34	0	6	49	0	24	0	85	0	30	0	36	0	8	12	0	8	0	9	0	0	0	49	0	32	0	89	0	40	0	65	20	8	11	0	0	0	17	0	0	33	12	0	8	12	9	0	0	0	57	0	32	0	166	64	40	0	148	34	0	0	34	0	0	49	0	0	0	85	0	0	0	34	0	6	12	0	6	0	9	0	0	0	49	0	24	0	85	0	30	0	36	0	8	11	0	0	0	13	0	0	30	12	0	8	0	9	0	0	0	49	0	32	0	89	0	40	0	65	20	8	6	0	0	0	6	0	0	0	11	0	0	0	17	0	0	33	12	0	8	12	9	0	0	0	57	0	32	0	166	64	40	0
269	256	67	36	43	243	39	0	34	67	36	43	36	0	54	8	172	99	172	18	230	39	0	34	39	0	34	36	0	49	8	93	0	136	15	67	36	43	11	0	0	0	15	0	0	0	36	0	54	8	172	99	172	18	217	37	0	32	39	0	34	36	0	49	6	93	0	136	12	39	0	34	3	0	0	0	10	0	0	0	36	0	49	8	93	0	136	15	67	36	43	11	0	0	12	11	18	0	0	11	0	0	0	15	0	0	0	36	0	54	8	172	99	172	18	204	36	0	22	37	0	32	36	0	47	0	93	0	128	6	39	0	34	3	0	0	0	10	0	0	0	36	0	49	6	93	0	136	12	39	0	34	9	0	0	0	7	0	0	0	3	0	0	0	10	0	0	0	36	0	49	8	93	0	136	15	67	36	43	6	0	15	38	7	0	0	33	11	0	0	12	11	18	0	0	11	0	0	0	15	0	0	0	36	0	54	8	172	99	172	18
352	332	79	131	61	312	35	75	55	79	131	61	28	90	50	17	187	371	305	8	292	34	75	55	35	75	55	25	90	49	17	81	195	275	8	77	131	61	9	0	0	0	21	15	0	0	28	90	50	17	187	371	305	8	272	32	75	51	34	75	55	25	90	49	14	79	195	275	6	33	75	55	1	0	0	0	12	15	0	0	25	90	49	17	81	195	275	8	77	131	61	6	0	0	31	9	20	0	0	9	0	0	0	21	15	0	0	28	90	50	17	187	371	305	8	252	31	75	35	32	75	51	25	90	47	5	79	195	255	0	32	75	55	1	0	0	0	10	15	0	0	25	90	49	14	79	195	275	6	33	75	55	4	0	0	13	4	0	0	0	1	0	0	0	12	15	0	0	25	90	49	17	81	195	275	8	77	131	61	3	0	15	77	8	0	0	33	6	0	0	31	9	20	0	0	9	0	0	0	21	15	0	0	28	90	50	17	187	371	305	8
365	347	67	33	106	329	47	17	65	67	33	106	58	0	13	107	176	50	106	113	311	47	17	39	47	17	65	58	0	8	54	122	34	65	59	67	33	106	12	0	0	81	11	0	0	88	58	0	13	107	176	50	106	113	293	47	17	20	47	17	39	58	0	8	38	122	34	39	43	47	17	65	12	0	0	18	11	0	0	55	58	0	8	54	122	34	65	59	67	33	106	11	0	0	26	19	0	0	80	12	0	0	81	11	0	0	88	58	0	13	107	176	50	106	113	275	47	17	11	47	17	20	58	0	6	29	122	34	20	34	47	17	39	12	0	0	18	11	0	0	49	58	0	8	38	122	34	39	43	47	17	65	11	0	0	11	15	0	0	39	12	0	0	18	11	0	0	55	58	0	8	54	122	34	65	59	67	33	106	6	0	0	15	7	0	0	33	11	0	0	26	19	0	0	80	12	0	0	81	11	0	0	88	58	0	13	107	176	50	106	113
322	302	94	135	42	282	51	103	17	94	135	42	63	156	13	17	214	367	84	75	262	47	103	17	51	103	17	50	156	8	17	124	295	34	43	92	135	42	27	0	0	0	22	51	0	0	63	156	13	17	214	367	84	75	242	44	99	14	47	103	17	47	156	8	14	116	295	34	37	49	103	17	15	0	0	0	19	51	0	0	50	156	8	17	124	295	34	43	91	135	42	14	48	0	20	17	36	0	0	27	0	0	0	22	51	0	0	62	156	13	17	213	367	84	75	222	41	96	5	44	99	14	47	144	6	5	108	284	28	28	45	103	17	13	0	0	0	13	51	0	0	47	156	8	14	116	295	34	37	48	103	17	10	48	0	5	11	36	0	0	15	0	0	0	19	51	0	0	49	156	8	17	123	295	34	43	87	135	42	16	36	0	15	14	43	0	33	14	48	0	20	17	36	0	0	26	0	0	0	18	51	0	0	61	156	13	17	199	367	84	75
235	223	68	39	16	211	41	11	0	68	39	16	54	0	4	0	170	106	64	50	199	41	11	0	41	11	0	54	0	0	0	102	22	0	36	67	39	16	13	0	0	0	15	0	0	0	54	0	4	0	170	106	64	50	187	41	11	0	41	11	0	54	0	0	0	102	22	0	31	40	11	0	13	0	0	0	10	0	0	0	54	0	0	0	102	22	0	36	66	39	16	13	0	0	0	14	0	0	0	13	0	0	0	15	0	0	0	53	0	4	0	169	106	64	50	175	40	11	0	41	11	0	54	0	0	0	102	22	0	22	40	11	0	13	0	0	0	10	0	0	0	54	0	0	0	102	22	0	31	39	11	0	11	0	0	0	10	0	0	0	13	0	0	0	10	0	0	0	53	0	0	0	101	22	0	36	65	39	16	8	0	0	0	6	11	0	0	13	0	0	0	14	0	0	0	12	0	0	0	14	0	0	0	52	0	4	0	164	106	64	50
297	282	57	36	92	267	31	0	58	57	36	92	26	0	33	88	120	120	276	120	252	29	0	57	31	0	58	17	0	33	84	62	0	174	89	57	36	92	19	0	0	8	13	24	0	0	26	0	33	88	120	120	276	120	237	21	0	57	29	0	57	17	0	33	84	62	0	171	89	31	0	58	1	0	0	8	5	0	0	0	17	0	33	84	62	0	174	89	57	36	92	0	0	67	0	0	0	0	0	19	0	0	8	13	24	0	0	26	0	33	88	120	120	276	120	222	21	0	55	21	0	57	17	0	33	76	55	0	171	83	29	0	57	1	0	0	6	5	0	0	0	17	0	33	84	62	0	171	89	31	0	58	0	0	65	0	0	0	0	0	1	0	0	8	5	0	0	0	17	0	33	84	62	0	174	89	57	36	92	0	0	0	12	2	0	0	0	0	0	67	0	0	0	0	0	19	0	0	8	13	24	0	0	26	0	33	88	120	120	276	120
310	291	75	133	46	272	37	95	25	75	133	46	32	87	20	30	125	266	184	104	253	34	86	25	37	95	25	20	84	20	30	62	154	100	89	71	133	46	15	78	0	0	18	30	0	0	32	87	20	30	125	266	184	104	234	28	70	25	34	86	25	20	84	20	30	60	154	100	89	33	95	25	5	14	0	0	9	14	0	0	20	84	20	30	62	154	100	89	71	133	46	1	0	67	0	1	0	92	0	15	78	0	0	18	30	0	0	32	87	20	30	125	266	184	104	215	28	70	25	28	70	25	20	84	20	30	53	154	100	83	30	86	25	5	14	0	0	7	14	0	0	20	84	20	30	60	154	100	89	33	95	25	1	0	65	0	0	0	50	0	5	14	0	0	9	14	0	0	20	84	20	30	62	154	100	89	71	133	46	0	0	0	0	6	0	0	0	1	0	67	0	1	0	92	0	15	78	0	0	18	30	0	0	32	87	20	30	125	266	184	104
260	244	70	69	60	228	39	55	4	70	69	60	38	44	0	16	147	185	60	268	212	38	55	0	39	55	4	33	44	0	0	85	165	4	171	67	69	60	12	0	0	0	21	11	0	10	38	44	0	16	147	185	60	268	196	36	55	0	38	55	0	33	44	0	0	83	165	0	145	36	55	4	4	0	0	0	12	11	0	7	33	44	0	0	85	165	4	171	66	69	60	13	0	0	0	8	0	0	0	12	0	0	0	21	11	0	10	37	44	0	16	146	185	60	268	180	35	55	0	36	55	0	33	44	0	0	83	165	0	117	35	55	0	4	0	0	0	10	11	0	6	33	44	0	0	83	165	0	145	35	55	4	11	0	0	0	7	0	0	0	4	0	0	0	12	11	0	7	32	44	0	0	84	165	4	171	63	69	60	18	0	0	0	10	12	0	0	13	0	0	0	8	0	0	0	11	0	0	0	18	11	0	10	36	44	0	16	134	185	60	268
225	213	52	35	36	201	29	11	0	52	35	36	32	0	0	0	110	86	108	162	189	28	11	0	29	11	0	28	0	0	0	66	22	0	106	51	35	36	9	0	0	0	13	8	0	0	32	0	0	0	110	86	108	162	177	26	11	0	28	11	0	28	0	0	0	66	22	0	106	28	11	0	1	0	0	0	7	0	0	0	28	0	0	0	66	22	0	106	51	35	36	4	0	0	0	3	0	0	0	9	0	0	0	13	8	0	0	32	0	0	0	110	86	108	162	165	26	11	0	26	11	0	28	0	0	0	66	22	0	97	27	11	0	1	0	0	0	7	0	0	0	28	0	0	0	66	22	0	106	28	11	0	4	0	0	0	3	0	0	0	1	0	0	0	7	0	0	0	28	0	0	0	66	22	0	106	51	35	36	3	0	0	0	5	0	0	0	4	0	0	0	3	0	0	0	9	0	0	0	13	8	0	0	32	0	0	0	110	86	108	162
223	211	51	41	17	199	22	11	0	51	41	17	25	0	0	0	84	118	85	77	187	20	11	0	22	11	0	16	0	0	0	43	22	0	55	50	41	17	9	0	0	0	8	12	0	0	25	0	0	0	84	118	85	77	175	18	11	0	20	11	0	16	0	0	0	43	22	0	55	21	11	0	1	0	0	0	3	0	0	0	16	0	0	0	43	22	0	55	50	41	17	0	0	0	0	0	0	0	0	9	0	0	0	8	12	0	0	25	0	0	0	84	118	85	77	163	18	11	0	18	11	0	16	0	0	0	43	22	0	51	19	11	0	1	0	0	0	3	0	0	0	16	0	0	0	43	22	0	55	21	11	0	0	0	0	0	0	0	0	0	1	0	0	0	3	0	0	0	16	0	0	0	43	22	0	55	50	41	17	0	0	0	0	2	0	0	0	0	0	0	0	0	0	0	0	9	0	0	0	8	12	0	0	25	0	0	0	84	118	85	77
412	390	51	89	139	368	27	17	102	51	89	139	29	68	88	33	40	51	556	191	346	10	0	102	27	17	102	6	0	88	33	24	0	408	83	51	89	139	1	0	160	0	1	0	139	0	29	68	88	33	40	51	556	191	324	10	0	102	10	0	102	6	0	88	33	15	0	408	82	27	17	102	1	0	134	0	1	0	102	0	6	0	88	33	24	0	408	83	51	89	139	0	0	0	0	0	0	0	0	1	0	160	0	1	0	139	0	29	68	88	33	40	51	556	191	302	10	0	102	10	0	102	6	0	88	33	15	0	408	82	10	0	102	1	0	134	0	1	0	102	0	6	0	88	33	15	0	408	82	27	17	102	0	0	0	0	0	0	0	0	1	0	134	0	1	0	102	0	6	0	88	33	24	0	408	83	51	89	139	0	0	0	0	0	0	0	0	0	0	0	0	0	0	0	0	1	0	160	0	1	0	139	0	29	68	88	33	40	51	556	191
259	245	32	53	38	231	17	8	10	32	53	38	10	40	0	20	25	32	190	155	217	9	0	10	17	8	10	6	0	0	20	20	0	50	83	32	53	38	1	0	76	0	1	0	38	0	10	40	0	20	25	32	190	155	203	9	0	10	9	0	10	6	0	0	20	13	0	50	82	17	8	10	1	0	50	0	1	0	10	0	6	0	0	20	20	0	50	83	32	53	38	0	0	0	0	0	0	0	0	1	0	76	0	1	0	38	0	10	40	0	20	25	32	190	155	189	9	0	10	9	0	10	6	0	0	20	13	0	50	82	9	0	10	1	0	50	0	1	0	10	0	6	0	0	20	13	0	50	82	17	8	10	0	0	0	0	0	0	0	0	1	0	50	0	1	0	10	0	6	0	0	20	20	0	50	83	32	53	38	0	0	0	0	0	0	0	0	0	0	0	0	0	0	0	0	1	0	76	0	1	0	38	0	10	40	0	20	25	32	190	155
189	179	31	9	44	169	16	0	0	31	9	44	19	0	0	0	39	0	44	251	159	12	0	0	16	0	0	10	0	0	0	30	0	0	87	31	9	44	1	0	16	0	2	0	0	0	19	0	0	0	39	0	44	251	149	12	0	0	12	0	0	10	0	0	0	30	0	0	82	16	0	0	1	0	0	0	2	0	0	0	10	0	0	0	30	0	0	87	31	9	44	0	0	0	0	0	0	0	0	1	0	16	0	2	0	0	0	19	0	0	0	39	0	44	251	139	12	0	0	12	0	0	10	0	0	0	30	0	0	82	12	0	0	1	0	0	0	2	0	0	0	10	0	0	0	30	0	0	82	16	0	0	0	0	0	0	0	0	0	0	1	0	0	0	2	0	0	0	10	0	0	0	30	0	0	87	31	9	44	0	0	0	0	1	0	0	0	0	0	0	0	0	0	0	0	1	0	16	0	2	0	0	0	19	0	0	0	39	0	44	251
187	177	25	21	22	167	11	0	0	25	21	22	15	0	0	0	23	7	66	99	157	7	0	0	11	0	0	6	0	0	0	15	0	0	25	25	21	22	1	0	16	0	1	0	0	0	15	0	0	0	23	7	66	99	147	7	0	0	7	0	0	6	0	0	0	15	0	0	25	11	0	0	1	0	0	0	1	0	0	0	6	0	0	0	15	0	0	25	25	21	22	0	0	0	0	0	0	0	0	1	0	16	0	1	0	0	0	15	0	0	0	23	7	66	99	137	7	0	0	7	0	0	6	0	0	0	15	0	0	25	7	0	0	1	0	0	0	1	0	0	0	6	0	0	0	15	0	0	25	11	0	0	0	0	0	0	0	0	0	0	1	0	0	0	1	0	0	0	6	0	0	0	15	0	0	25	25	21	22	0	0	0	0	0	0	0	0	0	0	0	0	0	0	0	0	1	0	16	0	1	0	0	0	15	0	0	0	23	7	66	99
149	141	17	15	6	133	3	0	0	17	15	6	9	0	0	0	10	5	18	17	125	1	0	0	3	0	0	0	0	0	0	2	0	0	0	17	15	6	0	0	0	0	0	0	0	0	9	0	0	0	10	5	18	17	117	1	0	0	1	0	0	0	0	0	0	2	0	0	0	3	0	0	0	0	0	0	0	0	0	0	0	0	0	0	2	0	0	0	17	15	6	0	0	0	0	0	0	0	0	0	0	0	0	0	0	0	0	9	0	0	0	10	5	18	17	109	1	0	0	1	0	0	0	0	0	0	2	0	0	0	1	0	0	0	0	0	0	0	0	0	0	0	0	0	0	2	0	0	0	3	0	0	0	0	0	0	0	0	0	0	0	0	0	0	0	0	0	0	0	0	0	0	2	0	0	0	17	15	6	0	0	0	0	0	0	0	0	0	0	0	0	0	0	0	0	0	0	0	0	0	0	0	0	9	0	0	0	10	5	18	17
232	219	20	22	92	206	7	0	64	20	22	92	0	0	118	28	6	0	184	177	193	7	0	64	7	0	64	0	0	84	28	4	0	128	112	20	22	92	0	0	0	0	3	0	0	0	0	0	118	28	6	0	184	177	180	7	0	64	7	0	64	0	0	84	28	4	0	128	112	7	0	64	0	0	0	0	3	0	0	0	0	0	84	28	4	0	128	112	20	22	92	0	0	0	0	0	0	0	0	0	0	0	0	3	0	0	0	0	0	118	28	6	0	184	177	167	7	0	64	7	0	64	0	0	84	28	4	0	128	112	7	0	64	0	0	0	0	3	0	0	0	0	0	84	28	4	0	128	112	7	0	64	0	0	0	0	0	0	0	0	0	0	0	0	3	0	0	0	0	0	84	28	4	0	128	112	20	22	92	0	0	0	0	0	0	0	0	0	0	0	0	0	0	0	0	0	0	0	0	3	0	0	0	0	0	118	28	6	0	184	177
125	118	7	6	26	111	3	0	18	7	6	26	0	0	8	0	0	0	26	38	104	3	0	18	3	0	18	0	0	0	0	0	0	18	10	7	6	26	0	0	0	0	0	0	0	0	0	0	8	0	0	0	26	38	97	3	0	18	3	0	18	0	0	0	0	0	0	18	10	3	0	18	0	0	0	0	0	0	0	0	0	0	0	0	0	0	18	10	7	6	26	0	0	0	0	0	0	0	0	0	0	0	0	0	0	0	0	0	0	8	0	0	0	26	38	90	3	0	18	3	0	18	0	0	0	0	0	0	18	10	3	0	18	0	0	0	0	0	0	0	0	0	0	0	0	0	0	18	10	3	0	18	0	0	0	0	0	0	0	0	0	0	0	0	0	0	0	0	0	0	0	0	0	0	18	10	7	6	26	0	0	0	0	0	0	0	0	0	0	0	0	0	0	0	0	0	0	0	0	0	0	0	0	0	0	8	0	0	0	26	38
180	170	3	0	81	160	0	0	33	3	0	81	0	0	25	22	0	0	0	249	150	0	0	33	0	0	33	0	0	0	22	0	0	0	112	3	0	81	0	0	0	0	0	0	0	0	0	0	25	22	0	0	0	249	140	0	0	33	0	0	33	0	0	0	22	0	0	0	112	0	0	33	0	0	0	0	0	0	0	0	0	0	0	22	0	0	0	112	3	0	81	0	0	0	0	0	0	0	0	0	0	0	0	0	0	0	0	0	0	25	22	0	0	0	249	130	0	0	33	0	0	33	0	0	0	22	0	0	0	112	0	0	33	0	0	0	0	0	0	0	0	0	0	0	22	0	0	0	112	0	0	33	0	0	0	0	0	0	0	0	0	0	0	0	0	0	0	0	0	0	0	22	0	0	0	112	3	0	81	0	0	0	0	0	0	0	0	0	0	0	0	0	0	0	0	0	0	0	0	0	0	0	0	0	0	25	22	0	0	0	249
251	237	17	13	90	223	3	0	49	17	13	90	0	0	118	38	2	0	90	205	209	3	0	49	3	0	49	0	0	84	38	0	0	49	112	17	13	90	0	0	0	0	0	0	0	0	0	0	118	38	2	0	90	205	195	3	0	49	3	0	49	0	0	84	38	0	0	49	112	3	0	49	0	0	0	0	0	0	0	0	0	0	84	38	0	0	49	112	17	13	90	0	0	0	0	0	0	0	0	0	0	0	0	0	0	0	0	0	0	118	38	2	0	90	205	181	3	0	49	3	0	49	0	0	84	38	0	0	49	112	3	0	49	0	0	0	0	0	0	0	0	0	0	84	38	0	0	49	112	3	0	49	0	0	0	0	0	0	0	0	0	0	0	0	0	0	0	0	0	0	84	38	0	0	49	112	17	13	90	0	0	0	0	0	0	0	0	0	0	0	0	0	0	0	0	0	0	0	0	0	0	0	0	0	0	118	38	2	0	90	205
126	119	4	0	37	112	0	0	0	4	0	37	0	0	25	0	0	0	0	205	105	0	0	0	0	0	0	0	0	0	0	0	0	0	112	4	0	37	0	0	0	0	0	0	0	0	0	0	25	0	0	0	0	205	98	0	0	0	0	0	0	0	0	0	0	0	0	0	112	0	0	0	0	0	0	0	0	0	0	0	0	0	0	0	0	0	0	112	4	0	37	0	0	0	0	0	0	0	0	0	0	0	0	0	0	0	0	0	0	25	0	0	0	0	205	91	0	0	0	0	0	0	0	0	0	0	0	0	0	112	0	0	0	0	0	0	0	0	0	0	0	0	0	0	0	0	0	0	112	0	0	0	0	0	0	0	0	0	0	0	0	0	0	0	0	0	0	0	0	0	0	0	0	0	0	112	4	0	37	0	0	0	0	0	0	0	0	0	0	0	0	0	0	0	0	0	0	0	0	0	0	0	0	0	0	25	0	0	0	0	205
225	210	22	36	127	195	22	36	82	22	36	127	15	0	0	170	29	0	0	208	180	22	36	48	22	36	82	15	0	0	56	29	0	0	131	16	36	127	6	0	0	84	8	0	0	177	15	0	0	170	29	0	0	208	165	22	36	38	22	36	48	15	0	0	56	29	0	0	131	16	36	82	6	0	0	48	8	0	0	112	15	0	0	56	29	0	0	131	16	36	127	1	0	0	20	0	0	0	46	6	0	0	84	8	0	0	177	15	0	0	170	29	0	0	208	150	22	36	38	22	36	38	15	0	0	56	29	0	0	131	16	36	48	6	0	0	48	8	0	0	112	15	0	0	56	29	0	0	131	16	36	82	1	0	0	20	0	0	0	25	6	0	0	48	8	0	0	112	15	0	0	56	29	0	0	131	16	36	127	0	0	0	0	2	0	0	0	1	0	0	20	0	0	0	46	6	0	0	84	8	0	0	177	15	0	0	170	29	0	0	208
181	168	42	36	77	155	35	36	60	39	36	77	29	0	15	62	43	36	0	92	142	32	36	55	32	36	60	23	0	15	56	34	36	0	64	25	36	77	5	0	0	52	7	27	0	0	21	0	15	62	37	36	0	92	129	32	36	53	29	36	55	23	0	15	56	27	36	0	64	18	36	60	5	0	0	48	7	27	0	0	15	0	15	56	28	36	0	64	25	36	77	15	0	0	20	6	0	0	0	5	0	0	52	7	27	0	0	21	0	15	62	37	36	0	92	116	32	36	53	29	36	53	23	0	15	56	27	36	0	64	15	36	55	5	0	0	48	7	27	0	0	15	0	15	56	21	36	0	64	18	36	60	15	0	0	20	6	0	0	0	5	0	0	48	7	27	0	0	15	0	15	56	28	36	0	64	25	36	77	20	0	0	0	15	0	0	0	15	0	0	20	6	0	0	0	5	0	0	52	7	27	0	0	21	0	15	62	37	36	0	92
238	220	85	92	93	202	61	83	89	79	92	93	55	111	33	40	112	184	0	0	184	57	78	81	55	83	89	46	103	33	36	84	164	0	0	62	92	93	9	56	0	74	22	50	0	0	41	111	33	40	103	184	0	0	166	57	77	69	51	78	81	46	99	33	36	75	157	0	0	38	83	89	9	55	0	38	20	47	0	0	32	103	33	36	75	164	0	0	62	92	93	32	11	0	54	12	0	0	46	9	56	0	74	22	50	0	0	41	111	33	40	103	184	0	0	148	55	77	67	51	77	69	46	99	33	36	75	154	0	0	34	78	81	9	55	0	38	18	44	0	0	32	99	33	36	66	157	0	0	38	83	89	26	11	0	50	8	0	0	25	9	55	0	38	20	47	0	0	32	103	33	36	75	164	0	0	62	92	93	39	0	0	30	31	34	0	0	32	11	0	54	12	0	0	46	9	56	0	74	22	50	0	0	41	111	33	40	103	184	0	0
202	186	77	87	63	171	59	65	61	68	72	63	56	60	69	22	96	79	126	0	156	56	65	58	50	50	61	50	60	69	20	79	70	122	0	52	72	63	13	0	0	34	18	30	0	0	36	60	69	22	84	79	126	0	141	56	65	56	47	50	58	50	60	69	20	72	70	116	0	34	50	61	13	0	0	30	18	30	0	0	30	60	69	20	67	70	122	0	52	72	63	33	0	0	20	11	0	0	0	13	0	0	34	18	30	0	0	36	60	69	22	84	79	126	0	126	52	65	56	47	50	56	50	60	69	20	72	70	112	0	31	50	58	13	0	0	30	18	30	0	0	30	60	69	20	60	70	116	0	34	50	61	27	0	0	20	8	0	0	0	13	0	0	30	18	30	0	0	30	60	69	20	67	70	122	0	52	72	63	39	0	0	0	30	52	0	0	33	0	0	20	11	0	0	0	13	0	0	34	18	30	0	0	36	60	69	22	84	79	126	0
246	225	113	181	38	204	80	140	38	97	181	38	72	216	33	0	167	330	190	0	183	75	134	36	64	140	38	62	208	33	0	111	286	190	0	83	181	38	22	76	0	24	34	66	0	0	49	216	33	0	153	330	190	0	162	73	122	34	59	134	36	62	192	33	0	100	276	180	0	50	140	38	13	68	0	20	24	62	0	0	39	208	33	0	97	286	190	0	83	181	38	39	136	0	20	15	20	0	0	22	76	0	24	34	66	0	0	49	216	33	0	153	330	190	0	141	63	112	34	57	122	34	60	168	33	0	96	256	170	0	45	134	36	11	64	0	20	20	56	0	0	39	192	33	0	86	276	180	0	50	140	38	20	120	0	20	8	20	0	0	13	68	0	20	24	62	0	0	39	208	33	0	97	286	190	0	80	181	38	54	104	0	0	55	144	0	0	38	136	0	20	15	20	0	0	22	76	0	24	31	66	0	0	49	216	33	0	147	330	190	0
196	181	44	49	116	167	42	47	95	34	35	116	44	22	0	99	64	22	0	101	153	41	47	95	32	33	95	42	22	0	99	61	22	0	99	27	35	116	8	0	0	0	13	11	0	0	27	22	0	99	56	22	0	101	139	41	47	95	31	33	95	42	22	0	99	58	22	0	94	25	33	95	8	0	0	0	13	11	0	0	25	22	0	99	53	22	0	99	27	35	116	16	0	0	0	5	0	0	0	8	0	0	0	13	11	0	0	27	22	0	99	56	22	0	101	125	38	47	95	31	33	95	42	22	0	99	58	22	0	90	24	33	95	8	0	0	0	13	11	0	0	25	22	0	99	50	22	0	94	25	33	95	16	0	0	0	5	0	0	0	8	0	0	0	13	11	0	0	25	22	0	99	53	22	0	99	27	35	116	20	0	0	0	23	36	0	0	16	0	0	0	5	0	0	0	8	0	0	0	13	11	0	0	27	22	0	99	56	22	0	101
140	130	52	16	38	120	45	16	21	45	16	38	39	0	0	39	80	24	0	101	110	45	16	21	38	16	21	39	0	0	39	75	24	0	99	44	16	38	8	0	0	0	15	0	0	0	36	0	0	39	78	24	0	101	100	45	16	21	38	16	21	39	0	0	39	75	24	0	94	37	16	21	8	0	0	0	15	0	0	0	36	0	0	39	73	24	0	99	44	16	38	15	0	0	0	7	0	0	0	8	0	0	0	15	0	0	0	36	0	0	39	78	24	0	101	90	44	16	21	38	16	21	39	0	0	39	75	24	0	90	37	16	21	8	0	0	0	15	0	0	0	36	0	0	39	73	24	0	94	37	16	21	15	0	0	0	4	0	0	0	8	0	0	0	15	0	0	0	36	0	0	39	73	24	0	99	44	16	38	24	0	0	0	34	8	0	0	15	0	0	0	7	0	0	0	8	0	0	0	15	0	0	0	36	0	0	39	78	24	0	101
188	175	43	22	77	162	35	22	71	37	22	77	30	0	10	12	60	33	0	38	149	35	22	71	29	22	71	30	0	10	12	55	33	0	38	36	22	77	6	0	0	0	7	0	0	0	27	0	10	12	58	33	0	38	136	35	22	71	29	22	71	30	0	10	12	55	33	0	36	28	22	71	6	0	0	0	7	0	0	0	27	0	10	12	53	33	0	38	36	22	77	15	0	0	0	7	0	0	0	6	0	0	0	7	0	0	0	27	0	10	12	58	33	0	38	123	34	22	71	29	22	71	30	0	10	12	55	33	0	34	28	22	71	6	0	0	0	7	0	0	0	27	0	10	12	53	33	0	36	28	22	71	15	0	0	0	4	0	0	0	6	0	0	0	7	0	0	0	27	0	10	12	53	33	0	38	36	22	77	24	0	0	0	29	11	0	0	15	0	0	0	7	0	0	0	6	0	0	0	7	0	0	0	27	0	10	12	58	33	0	38
146	134	53	42	30	123	41	35	25	47	31	30	38	0	31	0	83	40	30	38	112	41	35	25	35	24	25	38	0	31	0	76	40	25	38	46	31	30	6	0	0	0	6	0	0	0	35	0	31	0	81	40	30	38	101	41	35	25	35	24	25	38	0	31	0	76	40	25	36	34	24	25	6	0	0	0	6	0	0	0	35	0	31	0	74	40	25	38	46	31	30	15	0	0	0	8	0	0	0	6	0	0	0	6	0	0	0	35	0	31	0	81	40	30	38	90	39	35	25	35	24	25	38	0	31	0	76	40	25	34	34	24	25	6	0	0	0	6	0	0	0	35	0	31	0	74	40	25	36	34	24	25	15	0	0	0	5	0	0	0	6	0	0	0	6	0	0	0	35	0	31	0	74	40	25	38	46	31	30	35	0	0	0	30	15	0	0	15	0	0	0	8	0	0	0	6	0	0	0	6	0	0	0	35	0	31	0	81	40	30	38
208	190	85	128	22	172	60	101	17	76	128	22	48	105	31	0	148	207	66	38	154	59	101	17	51	101	17	47	105	31	0	104	195	51	38	75	128	22	22	0	0	0	28	12	0	0	45	105	31	0	146	207	66	38	136	57	98	17	50	101	17	47	105	31	0	102	195	51	36	50	101	17	13	0	0	0	14	9	0	0	44	105	31	0	102	195	51	38	75	128	22	28	36	0	0	6	18	0	0	22	0	0	0	28	12	0	0	45	105	31	0	146	207	66	38	118	48	87	17	48	98	17	45	99	31	0	98	190	51	34	49	101	17	11	0	0	0	12	9	0	0	44	105	31	0	100	195	51	36	50	101	17	14	27	0	0	3	18	0	0	13	0	0	0	14	9	0	0	44	105	31	0	102	195	51	38	72	128	22	41	105	0	0	45	99	0	0	27	36	0	0	6	18	0	0	22	0	0	0	25	12	0	0	45	105	31	0	140	207	66	38
152	140	48	38	40	128	35	36	22	45	38	40	25	18	0	44	91	81	0	52	116	35	36	22	32	36	22	25	18	0	44	65	78	0	42	45	38	40	1	0	0	0	11	0	0	0	25	18	0	44	91	81	0	52	104	35	36	22	32	36	22	25	18	0	44	65	78	0	42	32	36	22	1	0	0	0	2	0	0	0	25	18	0	44	65	78	0	42	45	38	40	4	0	0	0	8	0	0	0	1	0	0	0	11	0	0	0	25	18	0	44	91	81	0	52	92	31	27	22	32	36	22	25	18	0	44	65	78	0	42	32	36	22	1	0	0	0	2	0	0	0	25	18	0	44	65	78	0	42	32	36	22	3	0	0	0	3	0	0	0	1	0	0	0	2	0	0	0	25	18	0	44	65	78	0	42	45	38	40	23	9	18	0	26	11	40	0	4	0	0	0	8	0	0	0	1	0	0	0	11	0	0	0	25	18	0	44	91	81	0	52
92	84	43	17	15	76	34	15	7	39	17	15	25	10	0	14	79	25	0	22	68	34	15	7	30	15	7	25	10	0	14	64	25	0	17	39	17	15	1	0	0	0	9	0	0	0	25	10	0	14	79	25	0	22	60	34	15	7	30	15	7	25	10	0	14	64	25	0	17	30	15	7	1	0	0	0	2	0	0	0	25	10	0	14	64	25	0	17	39	17	15	4	0	0	0	8	0	0	0	1	0	0	0	9	0	0	0	25	10	0	14	79	25	0	22	52	29	15	7	30	15	7	25	10	0	14	64	25	0	17	30	15	7	1	0	0	0	2	0	0	0	25	10	0	14	64	25	0	17	30	15	7	3	0	0	0	3	0	0	0	1	0	0	0	2	0	0	0	25	10	0	14	64	25	0	17	39	17	15	28	0	18	0	25	7	0	0	4	0	0	0	8	0	0	0	1	0	0	0	9	0	0	0	25	10	0	14	79	25	0	22
169	154	69	84	15	139	45	72	7	67	84	15	37	45	0	14	149	158	15	22	124	41	71	7	43	72	7	27	42	0	14	98	131	7	17	67	84	15	6	7	0	0	21	23	0	0	37	45	0	14	149	158	15	22	109	41	70	7	39	71	7	27	42	0	14	90	130	7	17	43	72	7	6	7	0	0	7	8	0	0	27	42	0	14	98	131	7	17	67	84	15	14	6	0	0	8	0	0	0	6	7	0	0	21	23	0	0	37	45	0	14	149	158	15	22	94	32	58	7	39	70	7	27	39	0	14	90	127	7	17	39	71	7	0	7	0	0	3	7	0	0	27	42	0	14	90	130	7	17	43	72	7	5	0	0	0	5	0	0	0	6	7	0	0	7	8	0	0	27	42	0	14	98	131	7	17	59	84	15	20	51	18	0	26	58	15	0	13	6	0	0	8	0	0	0	6	7	0	0	16	23	0	0	37	45	0	14	132	158	15	22
122	112	54	35	0	102	38	23	0	53	35	0	38	0	0	0	118	67	0	0	92	32	23	0	37	23	0	20	0	0	0	81	39	0	0	53	35	0	15	0	0	0	13	20	0	0	38	0	0	0	118	67	0	0	82	30	23	0	31	23	0	17	0	0	0	68	39	0	0	37	23	0	11	0	0	0	6	0	0	0	20	0	0	0	81	39	0	0	53	35	0	15	0	0	0	6	8	0	0	15	0	0	0	13	20	0	0	38	0	0	0	118	67	0	0	72	22	20	0	29	23	0	14	0	0	0	62	39	0	0	31	23	0	1	0	0	0	2	0	0	0	17	0	0	0	68	39	0	0	37	23	0	1	0	0	0	5	0	0	0	11	0	0	0	6	0	0	0	20	0	0	0	81	39	0	0	47	35	0	11	12	0	0	15	28	0	0	15	0	0	0	6	8	0	0	15	0	0	0	10	20	0	0	38	0	0	0	105	67	0	0
110	100	48	38	0	90	27	29	0	47	38	0	21	6	0	0	114	86	0	0	80	25	27	0	26	29	0	15	0	0	0	62	71	0	0	47	38	0	6	0	0	0	18	4	0	0	21	6	0	0	114	86	0	0	70	24	26	0	24	27	0	15	0	0	0	57	69	0	0	26	29	0	5	0	0	0	4	0	0	0	15	0	0	0	62	71	0	0	47	38	0	8	5	0	0	6	2	0	0	6	0	0	0	18	4	0	0	21	6	0	0	114	86	0	0	60	19	23	0	23	26	0	14	0	0	0	54	68	0	0	24	27	0	1	0	0	0	2	0	0	0	15	0	0	0	57	69	0	0	26	29	0	0	2	0	0	2	0	0	0	5	0	0	0	4	0	0	0	15	0	0	0	62	71	0	0	34	38	0	10	6	0	0	14	13	0	0	8	5	0	0	6	2	0	0	6	0	0	0	12	4	0	0	21	6	0	0	81	86	0	0
199	181	80	125	12	163	43	94	0	80	125	12	44	98	2	0	185	316	36	15	145	35	76	0	43	94	0	24	56	0	0	104	239	0	7	79	125	12	13	40	0	0	22	36	24	0	44	98	2	0	185	316	36	15	127	30	70	0	35	76	0	19	56	0	0	88	198	0	7	42	94	0	7	28	0	0	10	28	0	0	24	56	0	0	104	239	0	7	76	125	12	8	42	6	0	16	20	0	0	13	40	0	0	22	36	24	0	42	98	2	0	178	316	36	15	111	22	56	0	30	70	0	13	56	0	0	73	189	0	7	35	76	0	1	0	0	0	6	14	0	0	19	56	0	0	88	198	0	7	42	94	0	0	0	0	0	5	14	0	0	7	28	0	0	10	28	0	0	24	56	0	0	104	239	0	7	59	93	12	6	0	24	0	15	0	24	0	8	42	6	0	16	20	0	0	13	40	0	0	14	20	24	0	42	98	2	0	133	268	36	15
118	109	44	21	6	100	28	14	0	44	21	6	32	7	2	0	108	35	6	0	91	21	13	0	28	14	0	13	7	0	0	71	28	0	0	44	21	6	13	6	0	0	9	0	0	0	32	7	2	0	108	35	6	0	82	20	6	0	21	13	0	10	6	0	0	54	25	0	0	28	14	0	10	0	0	0	7	0	0	0	13	7	0	0	71	28	0	0	44	21	6	13	6	0	0	9	0	6	0	13	6	0	0	9	0	0	0	32	7	2	0	108	35	6	0	73	14	0	0	20	6	0	8	0	0	0	51	6	0	0	21	13	0	0	0	0	0	1	0	0	0	10	6	0	0	54	25	0	0	28	14	0	0	0	0	0	7	0	0	0	10	0	0	0	7	0	0	0	13	7	0	0	71	28	0	0	40	21	6	1	0	6	0	5	0	6	0	13	6	0	0	9	0	6	0	13	6	0	0	8	0	0	0	32	7	2	0	100	35	6	0
176	162	64	74	4	148	35	45	0	64	74	4	33	91	0	0	152	165	12	0	134	29	21	0	35	45	0	18	31	0	0	98	92	0	0	64	74	4	9	63	0	0	19	16	12	0	33	91	0	0	152	165	12	0	120	25	10	0	29	21	0	16	10	0	0	84	39	0	0	35	45	0	4	30	0	0	12	10	0	0	18	31	0	0	98	92	0	0	64	74	4	9	30	0	0	15	24	4	0	9	63	0	0	19	16	12	0	33	91	0	0	152	165	12	0	106	20	0	0	25	10	0	14	0	0	0	70	15	0	0	29	21	0	0	0	0	0	8	0	0	0	16	10	0	0	84	39	0	0	35	45	0	0	0	0	0	4	15	0	0	4	30	0	0	12	10	0	0	18	31	0	0	98	92	0	0	53	74	4	4	0	4	0	10	8	8	0	9	30	0	0	15	24	4	0	9	63	0	0	14	16	12	0	33	91	0	0	124	165	12	0
96	89	42	10	2	82	26	0	0	42	10	2	33	0	2	0	105	30	4	0	75	19	0	0	26	0	0	14	0	0	0	66	0	0	0	42	10	2	14	0	0	0	11	0	0	0	33	0	2	0	105	30	4	0	68	17	0	0	19	0	0	11	0	0	0	49	0	0	0	26	0	0	10	0	0	0	7	0	0	0	14	0	0	0	66	0	0	0	42	10	2	14	0	0	0	15	0	0	0	14	0	0	0	11	0	0	0	33	0	2	0	105	30	4	0	61	11	0	0	17	0	0	8	0	0	0	43	0	0	0	19	0	0	0	0	0	0	1	0	0	0	11	0	0	0	49	0	0	0	26	0	0	0	0	0	0	7	0	0	0	10	0	0	0	7	0	0	0	14	0	0	0	66	0	0	0	38	10	2	0	0	2	0	3	0	0	0	14	0	0	0	15	0	0	0	14	0	0	0	10	0	0	0	33	0	2	0	97	30	4	0
106	98	48	20	0	90	28	8	0	48	20	0	39	16	0	0	116	54	0	0	82	21	0	0	28	8	0	19	0	0	0	73	20	0	0	48	20	0	16	0	0	0	13	12	0	0	39	16	0	0	116	54	0	0	74	17	0	0	21	0	0	14	0	0	0	57	0	0	0	28	8	0	10	0	0	0	9	8	0	0	19	0	0	0	73	20	0	0	48	20	0	13	0	0	0	13	12	0	0	16	0	0	0	13	12	0	0	39	16	0	0	116	54	0	0	66	12	0	0	17	0	0	11	0	0	0	45	0	0	0	21	0	0	0	0	0	0	5	0	0	0	14	0	0	0	57	0	0	0	28	8	0	0	0	0	0	5	8	0	0	10	0	0	0	9	8	0	0	19	0	0	0	73	20	0	0	41	20	0	2	0	0	0	4	0	0	0	13	0	0	0	13	12	0	0	16	0	0	0	10	12	0	0	39	16	0	0	100	54	0	0
147	133	65	53	32	119	33	40	2	65	53	32	31	40	37	6	160	159	32	24	105	30	40	0	33	40	2	27	40	0	0	86	140	2	0	65	53	32	14	0	11	0	24	9	0	0	31	40	37	6	160	159	32	24	91	22	40	0	30	40	0	22	40	0	0	78	140	0	0	33	40	2	2	0	0	0	8	0	0	0	27	40	0	0	86	140	2	0	58	53	32	0	0	35	0	19	18	0	0	14	0	11	0	24	9	0	0	31	40	37	6	149	159	32	24	79	22	40	0	22	40	0	22	40	0	0	64	140	0	0	30	40	0	2	0	0	0	8	0	0	0	22	40	0	0	78	140	0	0	31	40	2	0	0	2	0	0	0	0	0	2	0	0	0	8	0	0	0	27	40	0	0	84	140	2	0	37	29	32	2	0	0	0	7	0	0	0	0	0	35	0	19	18	0	0	14	0	11	0	13	9	0	0	23	40	37	6	94	99	32	24
164	151	72	40	21	138	41	0	0	72	40	21	46	0	37	0	164	112	105	18	125	37	0	0	41	0	0	34	0	0	0	115	0	0	0	72	40	21	28	0	5	0	23	24	0	0	46	0	37	0	164	112	105	18	112	27	0	0	37	0	0	27	0	0	0	106	0	0	0	41	0	0	2	0	0	0	12	0	0	0	34	0	0	0	115	0	0	0	70	40	21	2	0	24	0	18	48	0	0	28	0	5	0	23	24	0	0	46	0	37	0	162	112	105	18	99	26	0	0	27	0	0	26	0	0	0	81	0	0	0	37	0	0	2	0	0	0	12	0	0	0	27	0	0	0	106	0	0	0	39	0	0	0	0	0	0	0	0	0	0	2	0	0	0	12	0	0	0	34	0	0	0	113	0	0	0	53	40	21	3	0	0	0	9	8	0	0	2	0	24	0	18	48	0	0	28	0	5	0	16	24	0	0	38	0	37	0	117	112	105	18
119	107	66	47	12	95	33	32	0	66	47	12	34	24	29	0	162	121	24	16	83	30	32	0	33	32	0	28	24	0	0	91	96	0	0	65	47	12	16	0	5	0	23	15	0	0	34	24	29	0	162	121	24	16	71	23	32	0	30	32	0	24	24	0	0	86	96	0	0	32	32	0	2	0	0	0	9	8	0	0	28	24	0	0	91	96	0	0	56	47	12	2	0	24	0	19	18	0	0	16	0	5	0	23	15	0	0	32	24	29	0	147	121	24	16	62	22	32	0	23	32	0	23	24	0	0	69	96	0	0	30	32	0	2	0	0	0	9	8	0	0	24	24	0	0	86	96	0	0	30	32	0	0	0	0	0	0	0	0	0	2	0	0	0	9	8	0	0	28	24	0	0	89	96	0	0	37	20	12	3	0	0	0	7	6	0	0	2	0	24	0	19	18	0	0	16	0	5	0	14	6	0	0	24	24	29	0	94	58	24	16
115	101	59	75	0	87	22	51	0	59	75	0	21	92	0	0	129	179	0	0	73	19	49	0	22	51	0	13	84	0	0	63	135	0	0	55	75	0	4	14	0	0	17	20	0	0	21	92	0	0	129	179	0	0	61	16	49	0	19	49	0	11	84	0	0	61	133	0	0	20	51	0	0	14	0	0	7	14	0	0	13	84	0	0	63	135	0	0	43	51	0	2	0	0	0	14	12	0	0	4	14	0	0	17	20	0	0	14	92	0	0	108	155	0	0	53	15	49	0	16	49	0	10	84	0	0	50	133	0	0	19	49	0	0	14	0	0	7	14	0	0	11	84	0	0	61	133	0	0	20	35	0	0	0	0	0	0	0	0	0	0	14	0	0	7	14	0	0	13	84	0	0	63	119	0	0	27	19	0	3	0	0	0	6	4	0	0	2	0	0	0	14	12	0	0	4	14	0	0	10	4	0	0	14	28	0	0	63	59	0	0
95	86	47	26	0	77	22	14	0	47	26	0	26	0	0	0	104	65	0	0	68	20	14	0	22	14	0	21	0	0	0	65	35	0	0	47	26	0	6	0	0	0	14	6	0	0	26	0	0	0	104	65	0	0	59	17	14	0	20	14	0	19	0	0	0	61	35	0	0	22	14	0	2	0	0	0	9	0	0	0	21	0	0	0	65	35	0	0	40	26	0	2	0	0	0	12	9	0	0	6	0	0	0	14	6	0	0	26	0	0	0	93	65	0	0	52	16	14	0	17	14	0	18	0	0	0	50	35	0	0	20	14	0	2	0	0	0	9	0	0	0	19	0	0	0	61	35	0	0	20	14	0	0	0	0	0	0	0	0	0	2	0	0	0	9	0	0	0	21	0	0	0	63	35	0	0	29	12	0	3	0	0	0	6	3	0	0	2	0	0	0	12	9	0	0	6	0	0	0	8	6	0	0	18	0	0	0	61	30	0	0
189	172	63	91	49	155	31	48	41	63	91	49	47	75	71	0	135	183	196	21	138	24	27	41	31	48	41	24	27	71	0	83	122	164	0	63	91	49	12	108	33	0	17	28	49	0	47	75	71	0	135	183	196	21	121	15	0	41	24	27	41	19	0	71	0	69	72	164	0	31	48	41	2	0	33	0	16	26	41	0	24	27	71	0	83	122	164	0	63	91	49	9	0	68	0	1	0	147	0	12	108	33	0	17	28	49	0	47	75	71	0	135	183	196	21	104	8	0	41	15	0	41	5	0	71	0	43	0	164	0	24	27	41	0	0	33	0	12	18	41	0	19	0	71	0	69	72	164	0	31	48	41	3	0	68	0	0	0	123	0	2	0	33	0	16	26	41	0	24	27	71	0	83	122	164	0	56	91	49	14	0	45	0	14	28	0	0	9	0	68	0	1	0	147	0	12	108	33	0	11	28	49	0	47	75	71	0	113	183	196	21
174	159	50	54	46	144	28	10	27	50	54	46	35	40	52	44	103	78	184	21	129	19	0	11	28	10	27	16	0	49	0	73	20	108	0	50	54	46	20	0	69	0	10	0	46	16	35	40	52	44	103	78	184	21	114	12	0	11	19	0	11	8	0	44	0	57	0	44	0	28	10	27	0	0	57	0	9	0	27	0	16	0	49	0	73	20	108	0	50	54	46	2	0	11	0	0	0	0	0	20	0	69	0	10	0	46	16	35	40	52	44	103	78	184	21	99	11	0	11	12	0	11	7	0	44	0	36	0	44	0	19	0	11	0	0	33	0	9	0	11	0	8	0	44	0	57	0	44	0	28	10	27	0	0	11	0	0	0	0	0	0	0	57	0	9	0	27	0	16	0	49	0	73	20	108	0	42	54	46	3	0	0	0	7	0	0	0	2	0	11	0	0	0	0	0	20	0	69	0	6	0	46	16	35	40	52	44	82	78	184	21
163	148	63	59	38	133	36	38	14	63	59	38	47	12	26	15	128	156	76	33	118	29	36	9	36	38	14	26	12	23	0	90	154	28	0	61	59	38	19	20	16	0	14	26	0	4	47	12	26	15	128	156	76	33	103	23	24	9	29	36	9	21	10	18	0	79	144	18	0	34	38	14	3	0	10	0	14	26	0	0	26	12	23	0	90	154	28	0	53	59	38	6	20	9	0	1	0	38	0	19	20	16	0	14	26	0	4	41	12	26	15	117	156	76	33	89	21	13	9	23	24	9	20	0	18	0	63	90	18	0	28	36	9	3	0	0	0	12	24	0	0	21	10	18	0	79	144	18	0	31	38	14	2	0	9	0	0	0	14	0	3	0	10	0	14	26	0	0	25	12	23	0	87	154	28	0	38	45	38	14	13	9	0	9	13	38	0	6	20	9	0	1	0	38	0	18	20	16	0	6	12	0	4	32	12	26	15	73	86	76	33
129	118	41	24	24	107	26	0	9	41	24	24	31	0	18	0	87	16	72	21	96	23	0	9	26	0	9	22	0	18	0	72	0	27	0	41	24	24	20	0	0	0	10	0	0	0	31	0	18	0	87	16	72	21	85	16	0	9	23	0	9	17	0	18	0	66	0	27	0	26	0	9	2	0	0	0	10	0	0	0	22	0	18	0	72	0	27	0	39	24	24	4	0	9	0	0	0	0	0	20	0	0	0	10	0	0	0	31	0	18	0	85	16	72	21	74	14	0	9	16	0	9	15	0	18	0	45	0	27	0	23	0	9	2	0	0	0	10	0	0	0	17	0	18	0	66	0	27	0	24	0	9	0	0	9	0	0	0	0	0	2	0	0	0	10	0	0	0	22	0	18	0	70	0	27	0	29	24	24	3	0	9	0	6	0	0	0	4	0	9	0	0	0	0	0	20	0	0	0	5	0	0	0	23	0	18	0	55	16	72	21
200	180	76	120	54	160	42	102	16	76	120	54	52	86	8	44	168	310	54	65	140	32	88	0	42	102	16	29	72	5	0	110	294	16	2	74	120	54	18	24	36	0	18	62	54	16	52	86	8	44	168	310	54	65	120	28	64	0	32	88	0	26	48	0	0	96	264	0	0	40	102	16	4	0	24	0	15	58	16	0	29	72	5	0	110	294	16	2	64	120	54	7	0	0	0	1	0	108	0	18	24	36	0	18	62	54	16	45	86	8	44	151	310	54	65	103	25	62	0	28	64	0	25	48	0	0	83	192	0	0	32	88	0	2	0	0	0	11	56	0	0	26	48	0	0	96	264	0	0	38	102	16	3	0	0	0	0	0	32	0	4	0	24	0	15	58	16	0	29	72	5	0	108	294	16	2	43	69	54	12	28	0	0	10	28	0	0	7	0	0	0	1	0	108	0	18	24	36	0	8	28	54	16	37	86	8	44	95	174	54	65
140	127	28	30	62	114	5	0	38	28	30	62	6	0	135	46	57	60	186	95	101	1	0	34	5	0	38	0	0	104	37	14	0	114	68	28	30	62	0	0	40	21	6	0	0	0	6	0	135	46	57	60	186	95	88	1	0	23	1	0	34	0	0	97	22	4	0	102	52	5	0	38	0	0	11	0	2	0	0	0	0	0	104	37	14	0	114	68	28	30	62	0	0	0	0	1	0	0	10	0	0	40	21	6	0	0	0	6	0	135	46	57	60	186	95	75	1	0	20	1	0	23	0	0	81	22	4	0	69	52	1	0	34	0	0	11	0	0	0	0	0	0	0	97	22	4	0	102	52	5	0	38	0	0	0	0	0	0	0	0	0	0	11	0	2	0	0	0	0	0	104	37	14	0	114	68	28	30	62	1	0	0	27	8	0	0	0	0	0	0	0	1	0	0	10	0	0	40	21	6	0	0	0	6	0	135	46	57	60	186	95
107	97	30	21	40	87	8	0	38	30	21	40	7	0	116	22	59	42	120	0	77	6	0	38	8	0	38	1	0	110	22	15	0	114	0	30	21	40	0	0	20	0	5	0	0	0	7	0	116	22	59	42	120	0	67	6	0	37	6	0	38	1	0	110	22	12	0	114	0	8	0	38	0	0	18	0	1	0	0	0	1	0	110	22	15	0	114	0	30	21	40	0	0	0	6	1	0	0	0	0	0	20	0	5	0	0	0	7	0	116	22	59	42	120	0	57	6	0	20	6	0	37	1	0	107	22	12	0	111	0	6	0	38	0	0	18	0	0	0	0	0	1	0	110	22	12	0	114	0	8	0	38	0	0	0	0	0	0	0	0	0	0	18	0	1	0	0	0	1	0	110	22	15	0	114	0	30	21	40	5	0	0	27	11	0	0	55	0	0	0	6	1	0	0	0	0	0	20	0	5	0	0	0	7	0	116	22	59	42	120	0
152	138	21	24	80	124	7	0	47	21	24	80	7	0	58	58	44	36	160	119	110	2	0	47	7	0	47	1	0	33	58	18	0	94	77	21	24	80	0	0	52	0	4	0	0	0	7	0	58	58	44	36	160	119	96	1	0	47	2	0	47	0	0	33	58	6	0	94	61	7	0	47	0	0	20	0	2	0	0	0	1	0	33	58	18	0	94	77	21	24	80	0	0	12	0	0	0	0	0	0	0	52	0	4	0	0	0	7	0	58	58	44	36	160	119	82	1	0	47	1	0	47	0	0	33	58	4	0	94	61	2	0	47	0	0	20	0	0	0	0	0	0	0	33	58	6	0	94	61	7	0	47	0	0	9	0	0	0	0	0	0	0	20	0	2	0	0	0	1	0	33	58	18	0	94	77	21	24	80	1	0	0	0	7	0	0	0	0	0	12	0	0	0	0	0	0	0	52	0	4	0	0	0	7	0	58	58	44	36	160	119
110	100	26	0	74	90	15	0	20	26	0	74	13	0	70	49	65	0	0	211	80	7	0	20	15	0	20	5	0	33	49	44	0	0	107	26	0	74	0	0	86	0	8	0	0	0	13	0	70	49	65	0	0	211	70	5	0	20	7	0	20	3	0	33	49	21	0	0	70	15	0	20	0	0	20	0	8	0	0	0	5	0	33	49	44	0	0	107	26	0	74	0	0	22	0	0	0	0	0	0	0	86	0	8	0	0	0	13	0	70	49	65	0	0	211	60	5	0	20	5	0	20	3	0	33	49	17	0	0	70	7	0	20	0	0	20	0	3	0	0	0	3	0	33	49	21	0	0	70	15	0	20	0	0	9	0	0	0	0	0	0	0	20	0	8	0	0	0	5	0	33	49	44	0	0	107	22	0	74	3	0	0	0	6	0	0	0	0	0	22	0	0	0	0	0	0	0	86	0	5	0	0	0	13	0	70	49	52	0	0	211
88	80	16	0	37	72	6	0	0	16	0	37	4	0	19	0	39	0	0	157	64	2	0	0	6	0	0	1	0	0	0	20	0	0	91	16	0	37	0	0	37	0	4	0	0	0	4	0	19	0	39	0	0	157	56	1	0	0	2	0	0	0	0	0	0	7	0	0	70	6	0	0	0	0	0	0	4	0	0	0	1	0	0	0	20	0	0	91	16	0	37	0	0	10	0	0	0	0	0	0	0	37	0	4	0	0	0	4	0	19	0	39	0	0	157	48	1	0	0	1	0	0	0	0	0	0	5	0	0	70	2	0	0	0	0	0	0	1	0	0	0	0	0	0	0	7	0	0	70	6	0	0	0	0	0	0	0	0	0	0	0	0	0	0	4	0	0	0	1	0	0	0	20	0	0	91	15	0	37	1	0	0	0	3	0	0	0	0	0	10	0	0	0	0	0	0	0	37	0	3	0	0	0	4	0	19	0	34	0	0	157
133	119	65	49	80	105	37	13	78	65	49	80	48	0	70	24	129	116	320	0	91	31	9	78	37	13	78	32	0	70	24	59	26	312	0	59	49	80	23	36	0	0	27	62	0	0	48	0	70	24	126	116	320	0	77	28	0	78	31	9	78	32	0	70	24	49	18	312	0	31	13	78	14	0	0	0	15	26	0	0	32	0	70	24	56	26	312	0	59	49	80	49	0	20	0	8	0	80	0	23	36	0	0	27	62	0	0	48	0	70	24	126	116	320	0	63	15	0	78	28	0	78	22	0	70	24	43	0	312	0	25	9	78	8	0	0	0	9	18	0	0	32	0	70	24	46	18	312	0	31	13	78	18	0	20	0	6	0	78	0	14	0	0	0	15	26	0	0	32	0	70	24	56	26	312	0	55	49	80	33	0	67	0	39	36	0	0	49	0	20	0	8	0	80	0	21	36	0	0	23	62	0	0	48	0	70	24	115	116	320	0
168	151	36	30	147	134	17	0	101	36	30	147	10	0	105	182	88	45	294	182	117	16	0	63	17	0	101	9	0	86	83	44	0	202	123	36	30	147	6	0	0	66	20	15	0	149	10	0	105	182	88	45	294	182	100	15	0	57	16	0	63	9	0	33	80	42	0	126	119	17	0	101	2	0	0	51	8	0	0	84	9	0	86	83	44	0	202	123	36	30	147	3	0	0	36	0	0	0	0	6	0	0	66	20	15	0	149	10	0	105	182	88	45	294	182	83	13	0	44	15	0	57	9	0	33	74	40	0	114	107	16	0	63	0	0	0	22	6	0	0	52	9	0	33	80	42	0	126	119	17	0	101	1	0	0	0	0	0	0	0	2	0	0	51	8	0	0	84	9	0	86	83	44	0	202	123	30	30	147	7	0	0	6	17	30	0	16	3	0	0	36	0	0	0	0	6	0	0	66	16	15	0	149	10	0	105	182	75	45	294	182
147	132	45	36	89	117	23	0	64	45	36	89	21	0	49	91	94	72	267	102	102	21	0	62	23	0	64	17	0	44	83	42	0	192	76	45	36	89	15	0	0	22	23	24	0	0	21	0	49	91	94	72	267	102	87	19	0	62	21	0	62	17	0	42	83	38	0	186	72	23	0	64	6	0	0	22	10	0	0	0	17	0	44	83	42	0	192	76	45	36	89	17	0	0	0	1	0	0	0	15	0	0	22	23	24	0	0	21	0	49	91	94	72	267	102	72	11	0	61	19	0	62	15	0	42	82	34	0	186	60	21	0	62	4	0	0	22	6	0	0	0	17	0	42	83	38	0	186	72	23	0	64	2	0	0	0	0	0	0	0	6	0	0	22	10	0	0	0	17	0	44	83	42	0	192	76	43	36	89	17	0	36	6	30	24	0	0	17	0	0	0	1	0	0	0	15	0	0	22	21	24	0	0	21	0	49	91	90	72	267	102
144	129	28	27	113	114	16	14	75	28	27	113	7	0	25	101	63	69	113	182	99	15	14	68	16	14	75	6	0	20	90	39	56	75	123	28	27	113	2	0	0	66	10	13	0	0	7	0	25	101	63	69	113	182	84	15	14	60	15	14	68	6	0	18	86	37	56	68	119	16	14	75	2	0	0	51	4	0	0	0	6	0	20	90	39	56	75	123	28	27	113	3	0	0	47	0	0	0	0	2	0	0	66	10	13	0	0	7	0	25	101	63	69	113	182	69	13	13	35	15	14	60	6	0	18	74	37	56	60	107	15	14	68	0	0	0	22	2	0	0	0	6	0	18	86	37	56	68	119	16	14	75	1	0	0	2	0	0	0	0	2	0	0	51	4	0	0	0	6	0	20	90	39	56	75	123	21	27	113	4	13	0	24	11	26	0	22	3	0	0	47	0	0	0	0	2	0	0	66	6	13	0	0	7	0	25	101	48	69	113	182
118	103	80	87	19	88	44	59	19	74	87	19	53	82	29	0	144	178	95	0	73	36	50	19	38	59	19	30	74	29	0	62	106	95	0	65	87	19	18	58	0	0	28	52	0	0	47	82	29	0	138	178	95	0	58	33	35	19	30	50	19	30	62	29	0	50	91	95	0	29	59	19	10	36	0	0	18	30	0	0	24	74	29	0	56	106	95	0	63	87	19	47	49	20	0	15	0	19	0	18	58	0	0	28	52	0	0	45	82	29	0	134	178	95	0	44	18	17	19	27	35	19	22	34	29	0	44	51	95	0	22	50	19	4	26	0	0	10	18	0	0	24	62	29	0	44	91	95	0	29	59	19	19	9	20	0	6	0	19	0	10	36	0	0	18	30	0	0	24	74	29	0	56	106	95	0	57	73	19	45	40	67	0	43	60	38	0	46	49	20	0	15	0	19	0	16	58	0	0	22	38	0	0	45	82	29	0	116	150	95	0
184	163	87	71	165	142	52	17	137	87	71	165	71	51	171	33	166	193	495	188	121	36	0	137	52	17	137	45	0	171	33	88	34	411	161	77	71	165	29	0	109	0	31	40	165	0	71	51	171	33	163	193	495	188	100	28	0	136	36	0	137	31	0	171	33	64	0	411	159	42	17	137	25	0	92	0	27	34	137	0	45	0	171	33	85	34	411	161	75	71	165	42	0	67	12	11	17	0	0	29	0	109	0	31	40	165	0	65	51	171	33	159	193	495	188	79	18	0	136	28	0	136	20	0	168	33	46	0	408	159	26	0	137	15	0	92	0	9	0	137	0	31	0	171	33	61	0	411	159	40	17	137	23	0	51	12	9	0	0	0	25	0	92	0	27	34	137	0	39	0	171	33	81	34	411	161	66	71	165	35	0	20	0	29	51	0	0	42	0	67	12	11	17	0	0	18	0	109	0	22	40	165	0	59	51	171	33	131	193	495	188
129	111	81	123	27	93	45	83	14	79	123	27	51	108	14	0	132	256	108	99	76	35	63	14	43	83	14	30	52	14	0	68	157	56	97	62	106	27	30	74	27	0	27	52	54	0	48	108	14	0	126	256	108	99	59	29	49	14	33	63	14	28	44	14	0	52	135	56	97	26	66	14	18	54	14	0	20	40	28	0	27	52	14	0	62	157	56	97	52	106	27	34	126	8	0	8	46	0	0	30	74	27	0	27	52	54	0	34	108	14	0	109	256	108	99	44	19	27	14	27	49	14	18	28	14	0	40	105	56	97	18	48	14	14	26	14	0	8	26	28	0	25	44	14	0	46	135	56	97	23	66	14	17	54	0	0	6	39	0	0	18	54	14	0	20	40	28	0	20	52	14	0	57	157	56	97	40	76	27	29	56	8	0	17	54	54	0	30	126	8	0	8	46	0	0	11	44	27	0	16	22	54	0	27	108	14	0	75	151	108	99
160	142	49	32	165	124	23	0	117	49	32	165	31	0	98	122	101	96	330	335	106	16	0	107	23	0	117	14	0	98	106	46	0	234	262	47	32	165	12	0	13	112	20	0	0	0	31	0	98	122	101	96	330	335	88	14	0	92	16	0	107	12	0	96	91	34	0	214	222	21	0	117	12	0	0	62	18	0	0	0	14	0	98	106	46	0	234	262	47	32	165	20	0	8	61	6	0	0	49	12	0	13	112	20	0	0	0	31	0	98	122	101	96	330	335	70	8	0	92	14	0	92	8	0	90	91	28	0	184	216	14	0	107	4	0	0	62	6	0	0	0	12	0	96	91	34	0	214	222	21	0	117	10	0	0	61	3	0	0	41	12	0	0	62	18	0	0	0	14	0	98	106	46	0	234	262	41	32	165	19	0	8	0	20	0	0	0	20	0	8	61	6	0	0	49	10	0	13	112	14	0	0	0	31	0	98	122	83	96	330	335
164	144	75	84	129	124	47	66	66	74	84	129	55	49	39	97	151	185	129	448	104	36	49	60	46	66	66	33	34	39	89	82	149	66	337	67	84	129	12	32	37	55	23	51	129	0	55	49	39	97	148	185	129	448	84	27	46	38	35	49	60	23	32	39	68	64	114	60	290	39	66	66	12	30	20	7	20	47	66	0	33	34	39	89	79	149	66	337	65	84	129	28	46	92	12	9	0	0	103	12	32	37	55	23	51	129	0	53	49	39	97	144	185	129	448	65	14	15	38	26	46	38	9	30	36	68	47	107	38	276	29	49	60	4	0	20	7	7	17	60	0	23	32	39	68	61	114	60	290	39	66	66	19	15	67	12	6	0	0	57	12	30	20	7	20	47	66	0	33	34	39	89	79	149	66	337	52	65	129	28	15	104	0	33	17	258	0	27	46	92	12	9	0	0	103	10	32	37	55	13	32	129	0	53	49	39	97	108	147	129	448
145	127	86	97	68	109	46	42	62	86	97	68	57	50	95	26	152	272	340	19	91	37	32	55	46	42	62	34	0	95	21	82	132	310	19	72	97	68	27	0	4	68	23	62	68	0	57	50	95	26	149	272	340	19	73	34	30	23	37	32	55	32	0	93	0	70	112	275	19	32	42	62	24	0	0	0	19	52	62	0	34	0	95	21	79	132	310	19	62	97	68	42	30	8	12	11	10	0	141	27	0	4	68	23	62	68	0	43	50	95	26	132	272	340	19	57	23	20	23	34	30	23	25	0	80	0	61	105	115	19	25	32	55	16	0	0	0	11	32	55	0	32	0	93	0	67	112	275	19	29	42	62	21	20	0	12	9	0	0	71	24	0	0	0	19	52	62	0	27	0	95	21	74	132	310	19	50	65	68	28	100	22	0	22	40	0	0	42	30	8	12	11	10	0	141	15	0	4	68	12	30	68	0	36	50	95	26	93	160	340	19
150	130	55	79	160	110	34	19	98	55	79	160	29	0	120	166	71	30	640	425	91	31	19	98	34	19	98	21	0	72	166	51	0	392	330	38	60	160	21	0	12	0	21	30	0	0	29	0	120	166	68	30	640	425	72	28	19	98	31	19	98	21	0	72	166	44	0	392	313	17	0	98	14	0	11	0	8	0	0	0	21	0	72	166	48	0	392	330	35	60	160	32	0	14	0	9	0	0	0	21	0	12	0	21	30	0	0	22	0	120	166	63	30	640	425	53	20	19	97	28	19	98	14	0	72	162	37	0	392	265	14	0	98	14	0	11	0	8	0	0	0	21	0	72	166	41	0	392	313	14	0	98	15	0	0	0	9	0	0	0	14	0	11	0	8	0	0	0	14	0	72	166	43	0	392	330	27	60	160	18	0	34	12	9	0	0	0	32	0	14	0	9	0	0	0	9	0	12	0	13	30	0	0	15	0	120	166	34	30	640	425
111	95	43	64	85	79	23	40	61	43	64	85	24	27	24	89	56	79	170	95	64	22	39	61	23	40	61	19	26	0	89	40	78	122	76	32	49	85	20	13	0	0	16	13	0	0	24	27	24	89	56	79	170	95	50	19	37	57	22	39	61	19	26	0	85	40	78	122	69	13	26	61	13	13	0	0	8	13	0	0	19	26	0	89	40	78	122	76	25	35	85	20	22	14	44	6	0	0	0	20	13	0	0	16	13	0	0	13	13	24	89	44	65	170	95	37	11	24	43	19	37	57	12	24	0	68	33	68	114	37	13	26	61	13	13	0	0	8	13	0	0	19	26	0	85	40	78	122	69	11	13	61	5	0	0	18	6	0	0	0	13	13	0	0	8	13	0	0	13	13	0	89	36	65	122	76	17	22	85	6	22	47	39	3	0	85	38	20	22	14	44	6	0	0	0	9	0	0	0	8	0	0	0	7	0	24	89	15	0	170	95
118	103	44	26	126	88	27	0	53	44	26	126	23	0	71	107	60	0	252	554	73	27	0	53	27	0	53	23	0	14	107	48	0	106	396	34	26	126	23	0	0	0	21	0	0	0	23	0	71	107	60	0	252	554	58	22	0	53	27	0	53	23	0	14	107	48	0	106	373	17	0	53	14	0	0	0	9	0	0	0	23	0	14	107	48	0	106	396	31	26	126	23	0	44	0	6	0	0	0	23	0	0	0	21	0	0	0	16	0	71	107	55	0	252	554	43	13	0	52	22	0	53	14	0	14	103	36	0	106	303	17	0	53	14	0	0	0	9	0	0	0	23	0	14	107	48	0	106	373	14	0	53	5	0	0	0	6	0	0	0	14	0	0	0	9	0	0	0	16	0	14	107	43	0	106	396	22	26	126	8	0	49	12	4	0	0	0	23	0	44	0	6	0	0	0	11	0	0	0	12	0	0	0	9	0	71	107	24	0	252	554
96	83	31	32	76	70	18	12	62	31	32	76	17	0	25	55	36	0	152	68	58	18	12	62	18	12	62	17	0	14	55	30	0	124	62	23	20	76	15	0	0	0	12	0	0	0	17	0	25	55	36	0	152	68	46	17	12	62	18	12	62	17	0	14	55	30	0	124	55	10	0	62	12	0	0	0	6	0	0	0	17	0	14	55	30	0	124	62	20	20	76	16	0	0	0	3	0	0	0	15	0	0	0	12	0	0	0	10	0	25	55	31	0	152	68	34	11	12	62	17	12	62	14	0	14	55	27	0	124	23	10	0	62	12	0	0	0	6	0	0	0	17	0	14	55	30	0	124	55	7	0	62	3	0	0	0	3	0	0	0	12	0	0	0	6	0	0	0	10	0	14	55	25	0	124	62	14	20	76	8	0	20	0	1	0	0	0	16	0	0	0	3	0	0	0	5	0	0	0	6	0	0	0	3	0	25	55	9	0	152	68
106	87	62	140	34	68	29	104	0	61	140	34	23	180	41	0	71	210	102	260	52	24	90	0	28	104	0	9	156	0	0	34	174	0	213	39	92	34	16	140	0	0	15	47	0	0	20	180	41	0	65	210	102	260	38	19	71	0	23	90	0	9	141	0	0	30	161	0	206	10	62	0	3	110	0	0	5	30	0	0	6	156	0	0	28	174	0	213	28	64	34	23	93	14	0	6	30	34	0	16	140	0	0	15	47	0	0	9	96	41	0	47	154	102	260	27	13	44	0	18	71	0	2	102	0	0	23	110	0	173	8	57	0	3	104	0	0	5	30	0	0	6	141	0	0	24	161	0	206	9	40	0	12	30	0	0	6	30	0	0	3	110	0	0	5	30	0	0	5	90	0	0	27	130	0	213	20	31	34	12	42	34	0	6	10	102	0	20	93	14	0	6	30	34	0	4	41	0	0	8	14	0	0	8	30	41	0	22	44	102	260
144	119	72	168	169	94	48	132	132	60	168	169	50	64	107	172	95	228	338	194	74	39	100	69	39	132	132	40	0	106	25	58	124	264	98	41	68	169	24	0	93	119	12	0	338	389	33	64	107	172	86	168	338	194	54	27	90	54	30	100	69	29	0	87	25	41	60	138	98	20	32	132	13	0	76	59	9	0	264	279	23	0	106	25	49	64	264	98	39	68	169	19	180	98	20	15	54	0	99	24	0	93	119	12	0	338	389	27	64	107	172	82	168	338	194	34	21	80	54	18	90	54	20	0	71	25	10	54	108	98	11	0	69	11	0	20	59	9	0	138	266	12	0	87	25	32	0	138	98	18	32	132	9	160	58	20	9	48	0	97	13	0	76	59	9	0	264	279	17	0	106	25	45	64	264	98	26	68	169	22	160	14	0	31	68	0	0	15	180	98	20	15	54	0	99	4	0	93	119	0	0	338	389	21	64	107	172	46	168	338	194
95	80	33	26	119	65	30	26	55	33	26	119	25	0	13	85	50	0	0	481	52	25	26	46	30	26	55	21	0	12	53	41	0	0	274	17	0	119	14	0	29	25	6	0	0	27	25	0	13	85	47	0	0	481	39	19	26	46	25	26	46	14	0	11	53	30	0	0	274	14	0	55	14	0	14	25	6	0	0	14	21	0	12	53	38	0	0	274	14	0	119	15	0	54	0	9	0	0	0	14	0	29	25	6	0	0	27	18	0	13	85	42	0	0	481	26	16	26	46	19	26	46	7	0	11	53	8	0	0	270	9	0	46	12	0	0	25	6	0	0	14	14	0	11	53	27	0	0	274	11	0	55	15	0	14	0	9	0	0	0	14	0	14	25	6	0	0	14	14	0	12	53	33	0	0	274	8	0	119	10	0	25	0	9	0	0	0	15	0	54	0	9	0	0	0	2	0	29	25	0	0	0	27	11	0	13	85	20	0	0	481
58	49	19	8	68	40	19	8	12	19	8	68	17	0	0	0	23	0	0	481	32	18	8	12	19	8	12	17	0	0	0	23	0	0	274	8	0	68	12	0	7	0	4	0	0	0	17	0	0	0	23	0	0	481	24	14	8	12	18	8	12	14	0	0	0	20	0	0	274	8	0	12	12	0	0	0	4	0	0	0	17	0	0	0	23	0	0	274	5	0	68	3	0	32	0	3	0	0	0	12	0	7	0	4	0	0	0	10	0	0	0	18	0	0	481	16	11	8	12	14	8	12	7	0	0	0	5	0	0	270	7	0	12	10	0	0	0	4	0	0	0	14	0	0	0	20	0	0	274	5	0	12	3	0	0	0	3	0	0	0	12	0	0	0	4	0	0	0	10	0	0	0	18	0	0	274	1	0	68	0	0	25	0	1	0	0	0	3	0	32	0	3	0	0	0	2	0	7	0	0	0	0	0	3	0	0	0	3	0	0	481
69	57	26	27	59	45	19	27	43	23	27	59	14	0	33	12	28	0	0	160	36	16	27	42	16	27	43	8	0	32	11	13	0	0	98	10	0	59	0	0	0	11	0	0	0	0	6	0	33	12	22	0	0	160	27	16	27	42	13	27	42	8	0	31	11	6	0	0	98	3	0	43	0	0	0	11	0	0	0	0	0	0	32	11	7	0	0	98	10	0	59	14	0	0	0	6	0	0	0	0	0	0	11	0	0	0	0	6	0	33	12	22	0	0	160	18	16	27	42	13	27	42	8	0	31	11	6	0	0	98	0	0	42	0	0	0	11	0	0	0	0	0	0	31	11	0	0	0	98	3	0	43	14	0	0	0	6	0	0	0	0	0	0	11	0	0	0	0	0	0	32	11	7	0	0	98	10	0	59	20	0	0	0	15	0	0	0	14	0	0	0	6	0	0	0	0	0	0	11	0	0	0	0	6	0	33	12	22	0	0	160
76	60	47	91	57	46	27	67	56	35	63	57	23	94	111	12	45	78	114	0	36	24	60	53	18	47	56	15	80	110	11	17	51	112	0	20	23	57	9	0	14	35	2	0	57	0	8	14	111	12	33	48	114	0	26	21	56	51	15	40	53	15	80	101	11	12	30	106	0	3	7	56	0	0	14	31	0	0	56	0	0	0	110	11	5	21	112	0	20	23	57	19	36	0	20	6	27	0	0	9	0	14	35	2	0	57	0	8	14	111	12	33	48	114	0	16	16	46	51	12	36	51	12	72	93	11	9	27	102	0	0	0	53	0	0	12	31	0	0	53	0	0	0	101	11	0	0	106	0	3	7	56	10	28	0	20	3	21	0	0	0	0	14	31	0	0	56	0	0	0	110	11	5	21	112	0	17	23	57	19	74	0	0	22	37	0	0	16	36	0	20	6	27	0	0	0	0	14	35	0	0	57	0	8	14	111	12	27	48	114	0
82	64	49	101	79	49	31	65	46	31	56	79	22	78	75	119	38	79	237	226	36	30	65	45	16	26	46	20	78	32	115	16	39	138	188	16	30	79	9	0	10	12	4	0	0	0	2	0	75	119	24	40	237	226	23	27	59	37	15	26	45	20	78	32	102	14	39	135	122	1	0	46	0	0	9	11	1	0	0	0	0	0	32	115	2	0	138	188	16	30	79	18	60	0	55	9	30	0	0	9	0	10	12	4	0	0	0	2	0	75	119	24	40	237	226	10	12	30	31	12	20	37	17	60	20	94	11	30	111	105	0	0	45	0	0	9	11	0	0	0	0	0	0	32	102	0	0	135	122	1	0	46	0	0	0	31	0	0	0	0	0	0	9	11	1	0	0	0	0	0	32	115	2	0	138	188	11	30	79	9	90	108	20	11	30	158	19	14	60	0	55	9	30	0	0	0	0	10	12	0	0	0	0	2	0	75	119	14	40	237	226
49	37	29	41	48	28	19	35	35	14	14	48	17	42	23	69	17	21	0	57	21	19	35	35	7	14	35	17	42	14	69	8	21	0	56	7	0	48	0	0	0	0	0	0	0	0	0	0	23	69	9	0	0	57	14	19	35	33	7	14	35	17	42	14	65	8	21	0	53	0	0	35	0	0	0	0	0	0	0	0	0	0	14	69	0	0	0	56	7	0	48	10	0	0	24	6	0	0	0	0	0	0	0	0	0	0	0	0	0	23	69	9	0	0	57	7	12	21	31	7	14	33	17	42	12	61	8	21	0	51	0	0	35	0	0	0	0	0	0	0	0	0	0	14	65	0	0	0	53	0	0	35	0	0	0	20	0	0	0	0	0	0	0	0	0	0	0	0	0	0	14	69	0	0	0	56	7	0	48	15	0	28	20	7	0	96	0	10	0	0	24	6	0	0	0	0	0	0	0	0	0	0	0	0	0	23	69	9	0	0	57
65	51	28	43	68	40	15	40	65	15	10	68	12	30	42	39	17	20	0	0	30	15	40	65	4	10	65	12	30	40	39	6	20	0	0	11	0	68	0	0	0	0	0	0	0	0	0	0	42	39	11	0	0	0	20	15	40	62	4	10	65	12	30	40	35	6	20	0	0	0	0	65	0	0	0	0	0	0	0	0	0	0	40	39	0	0	0	0	11	0	68	6	0	0	36	6	0	0	0	0	0	0	0	0	0	0	0	0	0	42	39	11	0	0	0	10	11	30	57	4	10	62	12	30	36	31	6	20	0	0	0	0	65	0	0	0	0	0	0	0	0	0	0	40	35	0	0	0	0	0	0	65	0	0	0	29	0	0	0	0	0	0	0	0	0	0	0	0	0	0	40	39	0	0	0	0	11	0	68	16	0	0	47	11	0	68	0	6	0	0	36	6	0	0	0	0	0	0	0	0	0	0	0	0	0	42	39	11	0	0	0
88	72	42	51	97	57	24	15	78	30	36	97	14	0	109	37	33	48	291	169	42	23	15	78	12	0	78	12	0	73	37	13	0	234	132	19	36	97	9	0	10	0	4	0	0	0	2	0	109	37	22	48	291	169	27	20	15	70	11	0	78	12	0	73	28	11	0	234	69	1	0	78	0	0	9	0	1	0	0	0	0	0	73	37	2	0	234	132	19	36	97	20	0	0	56	6	36	0	0	9	0	10	0	4	0	0	0	2	0	109	37	22	48	291	169	12	9	12	60	8	0	70	9	0	59	20	8	0	210	54	0	0	78	0	0	9	0	0	0	0	0	0	0	73	28	0	0	234	69	1	0	78	0	0	0	29	0	0	0	0	0	0	9	0	1	0	0	0	0	0	73	37	2	0	234	132	14	36	97	13	36	80	56	14	36	0	19	16	0	0	56	6	36	0	0	0	0	10	0	0	0	0	0	2	0	109	37	12	48	291	169
54	43	28	32	26	34	18	18	26	15	14	26	15	0	31	0	19	7	52	0	25	18	18	26	5	0	26	15	0	31	0	8	0	52	0	10	14	26	0	0	0	0	1	0	0	0	0	0	31	0	11	7	52	0	16	18	18	25	5	0	26	15	0	31	0	8	0	52	0	0	0	26	0	0	0	0	0	0	0	0	0	0	31	0	0	0	52	0	10	14	26	7	0	0	12	6	0	0	0	0	0	0	0	1	0	0	0	0	0	31	0	11	7	52	0	7	11	14	22	5	0	25	15	0	29	0	8	0	50	0	0	0	26	0	0	0	0	0	0	0	0	0	0	31	0	0	0	52	0	0	0	26	0	0	0	9	0	0	0	0	0	0	0	0	0	0	0	0	0	0	31	0	0	0	52	0	9	14	26	12	28	0	27	9	14	0	0	6	0	0	12	6	0	0	0	0	0	0	0	0	0	0	0	0	0	31	0	9	7	52	0
70	55	33	27	137	41	20	14	97	25	13	137	11	0	55	155	40	26	137	202	27	19	14	75	12	0	97	9	0	53	113	9	0	97	150	13	13	137	11	0	0	75	8	13	0	169	2	0	55	155	31	26	137	202	13	8	13	70	11	0	75	9	0	47	113	9	0	75	149	0	0	97	0	0	0	66	0	0	0	132	0	0	53	113	0	0	97	150	11	13	137	3	13	123	43	0	0	0	0	11	0	0	75	8	13	0	169	0	0	55	155	27	26	137	202	0	0	0	39	0	0	70	0	0	38	92	0	0	70	132	0	0	75	0	0	0	28	0	0	0	69	0	0	47	113	0	0	75	149	0	0	97	0	0	93	0	0	0	0	0	0	0	0	66	0	0	0	132	0	0	53	113	0	0	97	150	0	0	137	0	0	56	67	0	0	137	156	0	0	123	43	0	0	0	0	0	0	0	75	0	0	0	169	0	0	55	155	0	0	137	202
66	52	22	13	102	39	13	13	65	14	0	102	9	0	12	79	26	0	0	202	26	13	13	64	5	0	65	9	0	10	77	6	0	0	150	9	0	102	9	0	0	9	6	0	0	0	0	0	12	79	20	0	0	202	13	8	13	64	5	0	64	9	0	9	77	6	0	0	149	0	0	65	0	0	0	9	0	0	0	0	0	0	10	77	0	0	0	150	9	0	102	4	0	20	0	0	0	0	0	9	0	0	9	6	0	0	0	0	0	12	79	20	0	0	202	0	0	0	57	0	0	64	0	0	9	64	0	0	0	132	0	0	64	0	0	0	4	0	0	0	0	0	0	9	77	0	0	0	149	0	0	65	0	0	0	0	0	0	0	0	0	0	0	9	0	0	0	0	0	0	10	77	0	0	0	150	0	0	102	0	0	56	43	0	0	102	0	0	0	20	0	0	0	0	0	0	0	0	9	0	0	0	0	0	0	12	79	0	0	0	202
76	60	35	48	98	44	8	0	98	32	48	98	8	0	113	0	62	120	392	0	28	6	0	97	5	0	98	3	0	113	0	3	0	392	0	27	48	98	9	0	0	16	10	24	0	0	5	0	113	0	59	120	392	0	12	3	0	96	3	0	97	3	0	112	0	3	0	388	0	0	0	98	0	0	0	15	0	0	0	0	0	0	113	0	0	0	392	0	17	48	98	4	0	0	15	0	0	0	0	9	0	0	16	10	24	0	0	0	0	113	0	41	120	392	0	0	0	0	77	0	0	96	0	0	111	0	0	0	384	0	0	0	97	0	0	0	0	0	0	0	0	0	0	112	0	0	0	388	0	0	0	98	0	0	0	0	0	0	0	0	0	0	0	15	0	0	0	0	0	0	113	0	0	0	392	0	0	0	98	0	0	0	52	0	0	0	129	0	0	0	15	0	0	0	0	0	0	0	16	0	0	0	0	0	0	113	0	0	0	392	0
55	43	42	35	46	31	9	0	46	41	35	46	21	0	100	0	74	105	230	0	19	4	0	46	8	0	46	3	0	100	0	5	0	230	0	35	35	46	9	0	14	0	8	21	0	0	18	0	100	0	71	105	230	0	7	1	0	46	3	0	46	3	0	100	0	3	0	230	0	2	0	46	0	0	14	0	0	0	0	0	0	0	100	0	2	0	230	0	18	35	46	3	0	0	0	0	0	0	0	9	0	14	0	8	21	0	0	8	0	100	0	43	105	230	0	0	0	0	46	0	0	46	0	0	100	0	0	0	230	0	0	0	46	0	0	14	0	0	0	0	0	0	0	100	0	0	0	230	0	0	0	46	0	0	0	0	0	0	0	0	0	0	14	0	0	0	0	0	0	0	100	0	0	0	230	0	0	0	46	0	0	0	0	0	0	0	0	0	0	0	0	0	0	0	0	0	0	14	0	0	0	0	0	0	0	100	0	0	0	230	0
69	52	51	85	72	36	27	52	46	40	69	72	31	39	56	46	69	99	216	176	23	23	43	18	19	39	46	20	39	56	0	13	39	138	124	23	30	72	11	90	20	43	11	20	0	226	17	0	56	46	60	60	216	176	10	8	10	7	15	30	18	14	30	43	0	9	30	54	123	2	0	46	0	0	20	14	0	0	0	188	6	0	56	0	4	0	138	124	15	30	72	1	30	189	28	0	0	216	34	11	90	20	43	11	20	0	226	6	0	56	46	44	60	216	176	0	0	0	0	0	0	7	0	0	14	0	0	0	21	107	0	0	18	0	0	14	0	0	0	0	122	0	0	43	0	0	0	54	123	0	0	46	0	0	151	0	0	0	138	0	0	0	20	14	0	0	0	188	0	0	56	0	0	0	138	124	0	0	72	0	0	60	0	0	0	72	27	0	0	189	28	0	0	216	34	0	0	20	43	0	0	0	226	0	0	56	46	0	0	216	176
55	41	26	13	98	27	7	0	62	25	13	98	13	0	16	79	28	39	98	216	13	1	0	62	6	0	62	3	0	14	79	3	0	62	190	16	13	98	0	0	30	0	0	0	0	0	10	0	16	79	25	39	98	216	0	0	0	62	0	0	62	0	0	14	79	0	0	62	161	0	0	62	0	0	0	0	0	0	0	0	0	0	14	79	0	0	62	190	0	0	98	0	0	10	0	0	0	0	0	0	0	30	0	0	0	0	0	0	0	16	79	0	0	98	216	0	0	0	62	0	0	62	0	0	14	79	0	0	62	149	0	0	62	0	0	0	0	0	0	0	0	0	0	14	79	0	0	62	161	0	0	62	0	0	0	0	0	0	0	0	0	0	0	0	0	0	0	0	0	0	14	79	0	0	62	190	0	0	0	0	0	0	0	0	0	0	0	0	0	0	0	0	0	0	0	0	0	0	0	0	0	0	0	0	0	0	79	0	0	0	216
76	56	32	53	167	36	11	17	113	30	53	167	17	34	38	153	31	68	334	353	17	2	0	111	9	17	113	3	0	34	149	3	0	226	287	17	34	167	0	0	78	20	0	0	167	0	14	34	38	153	28	68	334	353	0	0	0	103	0	0	111	0	0	34	138	0	0	222	236	0	0	113	0	0	43	18	0	0	113	0	0	0	34	149	0	0	226	287	0	0	167	0	0	23	83	0	0	0	0	0	0	78	20	0	0	167	0	0	0	38	153	0	0	334	353	0	0	0	86	0	0	103	0	0	28	121	0	0	206	219	0	0	111	0	0	43	18	0	0	111	0	0	0	34	138	0	0	222	236	0	0	113	0	0	0	48	0	0	0	0	0	0	43	18	0	0	113	0	0	0	34	149	0	0	226	287	0	0	0	0	0	0	93	0	0	0	34	0	0	0	83	0	0	0	0	0	0	0	20	0	0	0	0	0	0	0	153	0	0	0	353
52	38	22	40	55	24	3	0	32	22	40	55	10	0	16	35	22	60	220	144	10	0	0	32	3	0	32	0	0	14	35	0	0	128	144	13	40	55	0	0	0	0	0	0	0	0	10	0	16	35	22	60	220	144	0	0	0	32	0	0	32	0	0	14	35	0	0	128	143	0	0	32	0	0	0	0	0	0	0	0	0	0	14	35	0	0	128	144	0	0	55	0	0	0	0	0	0	0	0	0	0	0	0	0	0	0	0	0	0	16	35	0	0	220	144	0	0	0	32	0	0	32	0	0	14	35	0	0	128	142	0	0	32	0	0	0	0	0	0	0	0	0	0	14	35	0	0	128	143	0	0	32	0	0	0	0	0	0	0	0	0	0	0	0	0	0	0	0	0	0	14	35	0	0	128	144	0	0	0	0	0	0	0	0	0	0	0	0	0	0	0	0	0	0	0	0	0	0	0	0	0	0	0	0	0	0	35	0	0	0	144
65	47	30	77	101	29	7	12	89	30	77	101	12	60	51	59	25	96	505	46	12	0	0	89	7	12	89	0	0	47	59	0	0	445	46	15	60	101	0	0	61	0	0	0	101	0	12	60	51	59	25	96	505	46	0	0	0	81	0	0	89	0	0	47	52	0	0	445	46	0	0	89	0	0	56	0	0	0	89	0	0	0	47	59	0	0	445	46	0	0	101	0	0	0	80	0	0	0	0	0	0	61	0	0	0	101	0	0	0	51	59	0	0	505	46	0	0	0	53	0	0	81	0	0	39	37	0	0	405	46	0	0	89	0	0	56	0	0	0	89	0	0	0	47	52	0	0	445	46	0	0	89	0	0	0	24	0	0	0	0	0	0	56	0	0	0	89	0	0	0	47	59	0	0	445	46	0	0	0	0	0	0	91	0	0	0	119	0	0	0	80	0	0	0	0	0	0	0	0	0	0	0	0	0	0	0	59	0	0	0	46
43	31	28	35	40	19	9	8	10	27	35	40	16	24	22	10	28	40	120	216	8	1	0	10	8	8	10	3	0	20	10	3	0	30	190	14	24	40	0	0	63	0	0	0	40	0	13	24	22	10	25	40	120	216	0	0	0	7	0	0	10	0	0	20	7	0	0	30	161	0	0	10	0	0	30	0	0	0	10	0	0	0	20	10	0	0	30	190	0	0	40	0	0	10	21	0	0	0	0	0	0	63	0	0	0	40	0	0	0	22	10	0	0	120	216	0	0	0	0	0	0	7	0	0	14	0	0	0	21	149	0	0	10	0	0	30	0	0	0	10	0	0	0	20	7	0	0	30	161	0	0	10	0	0	0	0	0	0	0	0	0	0	30	0	0	0	10	0	0	0	20	10	0	0	30	190	0	0	0	0	0	0	0	0	0	0	34	0	0	0	21	0	0	0	0	0	0	0	0	0	0	0	0	0	0	0	10	0	0	0	216
26	17	9	8	42	8	0	0	8	9	8	42	0	0	20	32	0	0	42	196	0	0	0	7	0	0	8	0	0	0	28	0	0	8	131	0	0	42	0	0	0	7	0	0	0	0	0	0	20	32	0	0	42	196	0	0	0	7	0	0	7	0	0	0	28	0	0	7	131	0	0	8	0	0	0	7	0	0	0	0	0	0	0	28	0	0	8	131	0	0	0	0	0	0	0	0	0	0	0	0	0	0	7	0	0	0	0	0	0	0	32	0	0	0	196	0	0	0	7	0	0	7	0	0	0	28	0	0	7	120	0	0	7	0	0	0	7	0	0	0	0	0	0	0	28	0	0	7	131	0	0	0	0	0	0	0	0	0	0	0	0	0	0	7	0	0	0	0	0	0	0	28	0	0	0	131	0	0	0	0	0	0	0	0	0	0	0	0	0	0	0	0	0	0	0	0	0	0	7	0	0	0	0	0	0	0	0	0	0	0	0
29	19	12	9	62	9	0	0	32	12	9	62	0	0	68	78	0	0	62	156	0	0	0	30	0	0	32	0	0	46	71	0	0	32	121	0	0	62	0	0	0	17	0	0	0	0	0	0	68	78	0	0	62	156	0	0	0	30	0	0	30	0	0	43	71	0	0	30	121	0	0	32	0	0	0	17	0	0	0	0	0	0	46	71	0	0	32	121	0	0	0	0	0	0	0	0	0	0	0	0	0	0	17	0	0	0	0	0	0	0	78	0	0	0	156	0	0	0	25	0	0	30	0	0	43	60	0	0	30	113	0	0	30	0	0	0	14	0	0	0	0	0	0	43	71	0	0	30	121	0	0	0	0	0	0	0	0	0	0	0	0	0	0	17	0	0	0	0	0	0	0	71	0	0	0	121	0	0	0	0	0	0	43	0	0	0	0	0	0	0	0	0	0	0	0	0	0	0	17	0	0	0	0	0	0	0	0	0	0	0	0
36	23	11	30	74	10	0	0	11	11	30	74	0	0	79	33	0	0	222	461	0	0	0	10	0	0	11	0	0	33	30	0	0	33	306	0	0	74	0	0	0	10	0	0	0	0	0	0	79	33	0	0	222	461	0	0	0	10	0	0	10	0	0	30	30	0	0	30	304	0	0	11	0	0	0	10	0	0	0	0	0	0	33	30	0	0	33	306	0	0	0	0	0	0	0	0	0	0	0	0	0	0	10	0	0	0	0	0	0	0	33	0	0	0	461	0	0	0	7	0	0	10	0	0	30	21	0	0	30	285	0	0	10	0	0	0	7	0	0	0	0	0	0	30	30	0	0	30	304	0	0	0	0	0	0	0	0	0	0	0	0	0	0	10	0	0	0	0	0	0	0	30	0	0	0	306	0	0	0	0	0	0	21	0	0	0	0	0	0	0	0	0	0	0	0	0	0	0	10	0	0	0	0	0	0	0	0	0	0	0	0
26	17	10	8	47	8	0	0	0	10	8	47	0	0	37	0	0	0	47	363	0	0	0	0	0	0	0	0	0	0	0	0	0	0	244	0	0	47	0	0	0	0	0	0	0	0	0	0	37	0	0	0	47	363	0	0	0	0	0	0	0	0	0	0	0	0	0	0	242	0	0	0	0	0	0	0	0	0	0	0	0	0	0	0	0	0	0	244	0	0	0	0	0	0	0	0	0	0	0	0	0	0	0	0	0	0	0	0	0	0	0	0	0	0	363	0	0	0	0	0	0	0	0	0	0	0	0	0	0	223	0	0	0	0	0	0	0	0	0	0	0	0	0	0	0	0	0	0	242	0	0	0	0	0	0	0	0	0	0	0	0	0	0	0	0	0	0	0	0	0	0	0	0	0	0	244	0	0	0	0	0	0	0	0	0	0	0	0	0	0	0	0	0	0	0	0	0	0	0	0	0	0	0	0	0	0	0	0	0	0	0
19	12	7	10	12	5	0	0	0	7	10	12	0	0	12	0	0	0	24	101	0	0	0	0	0	0	0	0	0	0	0	0	0	0	89	0	0	12	0	0	0	0	0	0	0	0	0	0	12	0	0	0	24	101	0	0	0	0	0	0	0	0	0	0	0	0	0	0	89	0	0	0	0	0	0	0	0	0	0	0	0	0	0	0	0	0	0	89	0	0	0	0	0	0	0	0	0	0	0	0	0	0	0	0	0	0	0	0	0	0	0	0	0	0	101	0	0	0	0	0	0	0	0	0	0	0	0	0	0	81	0	0	0	0	0	0	0	0	0	0	0	0	0	0	0	0	0	0	89	0	0	0	0	0	0	0	0	0	0	0	0	0	0	0	0	0	0	0	0	0	0	0	0	0	0	89	0	0	0	0	0	0	0	0	0	0	0	0	0	0	0	0	0	0	0	0	0	0	0	0	0	0	0	0	0	0	0	0	0	0	0
26	13	6	0	125	0	0	0	108	0	0	125	0	0	33	86	0	0	0	74	0	0	0	75	0	0	108	0	0	33	22	0	0	0	11	0	0	0	0	0	0	93	0	0	0	207	0	0	0	86	0	0	0	74	0	0	0	59	0	0	75	0	0	30	20	0	0	0	10	0	0	0	0	0	0	56	0	0	0	123	0	0	0	22	0	0	0	11	0	0	0	0	0	0	81	0	0	0	72	0	0	0	93	0	0	0	207	0	0	0	0	0	0	0	0	0	0	0	55	0	0	59	0	0	18	20	0	0	0	10	0	0	0	0	0	0	56	0	0	0	121	0	0	0	20	0	0	0	10	0	0	0	0	0	0	75	0	0	0	46	0	0	0	56	0	0	0	123	0	0	0	0	0	0	0	0	0	0	0	0	0	0	46	0	0	0	0	0	0	0	81	0	0	0	72	0	0	0	0	0	0	0	0	0	0	0	0	0	0	0	0
32	16	0	0	169	0	0	0	121	0	0	169	0	0	0	102	0	0	0	237	0	0	0	105	0	0	121	0	0	0	35	0	0	0	51	0	0	0	0	0	0	46	0	0	0	101	0	0	0	102	0	0	0	237	0	0	0	102	0	0	105	0	0	0	33	0	0	0	47	0	0	0	0	0	0	43	0	0	0	89	0	0	0	35	0	0	0	51	0	0	0	0	0	0	46	0	0	0	0	0	0	0	46	0	0	0	101	0	0	0	0	0	0	0	0	0	0	0	100	0	0	102	0	0	0	33	0	0	0	47	0	0	0	0	0	0	43	0	0	0	89	0	0	0	33	0	0	0	47	0	0	0	0	0	0	42	0	0	0	0	0	0	0	43	0	0	0	89	0	0	0	0	0	0	0	0	0	0	0	0	0	0	32	0	0	0	0	0	0	0	46	0	0	0	0	0	0	0	0	0	0	0	0	0	0	0	0	0	0	0	0
20	10	3	0	83	0	0	0	66	0	0	83	0	0	20	28	0	0	0	86	0	0	0	63	0	0	66	0	0	20	22	0	0	0	11	0	0	0	0	0	0	33	0	0	0	0	0	0	0	28	0	0	0	86	0	0	0	59	0	0	63	0	0	20	20	0	0	0	10	0	0	0	0	0	0	30	0	0	0	0	0	0	0	22	0	0	0	11	0	0	0	0	0	0	55	0	0	0	0	0	0	0	33	0	0	0	0	0	0	0	0	0	0	0	0	0	0	0	55	0	0	59	0	0	18	20	0	0	0	10	0	0	0	0	0	0	30	0	0	0	0	0	0	0	20	0	0	0	10	0	0	0	0	0	0	49	0	0	0	0	0	0	0	30	0	0	0	0	0	0	0	0	0	0	0	0	0	0	0	0	0	0	46	0	0	0	0	0	0	0	55	0	0	0	0	0	0	0	0	0	0	0	0	0	0	0	0	0	0	0	0
17	8	11	8	63	0	0	0	63	0	0	63	0	0	93	0	0	0	63	0	0	0	0	60	0	0	63	0	0	93	0	0	0	63	0	0	0	0	0	0	0	30	0	0	0	0	0	0	0	0	0	0	0	0	0	0	0	44	0	0	60	0	0	90	0	0	0	60	0	0	0	0	0	0	0	0	0	0	0	0	0	0	0	0	0	0	0	0	0	0	0	0	0	0	75	0	0	0	72	0	0	0	30	0	0	0	0	0	0	0	0	0	0	0	0	0	0	0	23	0	0	44	0	0	69	0	0	0	44	0	0	0	0	0	0	0	0	0	0	0	0	0	0	0	0	0	0	0	0	0	0	0	0	0	0	39	0	0	0	46	0	0	0	0	0	0	0	0	0	0	0	0	0	0	0	0	0	0	0	0	0	0	46	0	0	0	127	0	0	0	75	0	0	0	72	0	0	0	0	0	0	0	0	0	0	0	0	0	0	0	0
18	8	13	16	73	0	0	0	73	0	0	73	0	0	123	0	0	0	146	0	0	0	0	70	0	0	73	0	0	123	0	0	0	146	0	0	0	0	0	0	0	30	0	0	0	0	0	0	0	0	0	0	0	0	0	0	0	54	0	0	70	0	0	120	0	0	0	140	0	0	0	0	0	0	0	0	0	0	0	0	0	0	0	0	0	0	0	0	0	0	0	0	0	0	75	0	0	0	72	0	0	0	30	0	0	0	0	0	0	0	0	0	0	0	0	0	0	0	23	0	0	54	0	0	99	0	0	0	108	0	0	0	0	0	0	0	0	0	0	0	0	0	0	0	0	0	0	0	0	0	0	0	0	0	0	39	0	0	0	46	0	0	0	0	0	0	0	0	0	0	0	0	0	0	0	0	0	0	0	0	0	0	46	0	0	0	195	0	0	0	75	0	0	0	72	0	0	0	0	0	0	0	0	0	0	0	0	0	0	0	0
10	0	0	0	90	0	0	0	81	0	0	0	0	0	0	90	0	0	0	0	0	0	0	81	0	0	0	0	0	0	90	0	0	0	0	0	0	0	0	0	0	0	0	0	0	0	0	0	0	0	0	0	0	0	0	0	0	81	0	0	0	0	0	0	90	0	0	0	0	0	0	0	0	0	0	0	0	0	0	0	0	0	0	0	0	0	0	0	0	0	0	0	0	0	0	0	0	0	0	0	0	0	0	0	0	0	0	0	0	0	0	0	0	0	0	0	0	0	77	0	0	0	0	0	0	80	0	0	0	0	0	0	0	0	0	0	0	0	0	0	0	0	0	0	0	0	0	0	0	0	0	0	0	0	0	0	0	0	0	0	0	0	0	0	0	0	0	0	0	0	0	0	0	0	0	0	0	0	0	0	0	0	39	0	0	0	0	0	0	0	0	0	0	0	0	0	0	0	0	0	0	0	0	0	0	0	0	0	0	0	0
9	0	0	0	63	0	0	0	50	0	0	0	0	0	0	50	0	0	0	73	0	0	0	50	0	0	0	0	0	0	50	0	0	0	73	0	0	0	0	0	0	0	0	0	0	0	0	0	0	0	0	0	0	0	0	0	0	50	0	0	0	0	0	0	50	0	0	0	70	0	0	0	0	0	0	0	0	0	0	0	0	0	0	0	0	0	0	0	0	0	0	0	0	0	0	0	0	0	0	0	0	0	0	0	0	0	0	0	0	0	0	0	0	0	0	0	0	0	45	0	0	0	0	0	0	44	0	0	0	54	0	0	0	0	0	0	0	0	0	0	0	0	0	0	0	0	0	0	0	0	0	0	0	0	0	0	0	0	0	0	0	0	0	0	0	0	0	0	0	0	0	0	0	0	0	0	0	0	0	0	0	0	44	0	0	0	0	0	0	0	0	0	0	0	0	0	0	0	0	0	0	0	0	0	0	0	0	0	0	0	0
13	0	0	0	132	0	0	0	104	0	0	0	0	0	0	129	0	0	0	136	0	0	0	104	0	0	0	0	0	0	129	0	0	0	136	0	0	0	0	0	0	0	0	0	0	0	0	0	0	0	0	0	0	0	0	0	0	100	0	0	0	0	0	0	120	0	0	0	130	0	0	0	0	0	0	0	0	0	0	0	0	0	0	0	0	0	0	0	0	0	0	0	0	0	43	0	0	0	0	0	0	0	0	0	0	0	0	0	0	0	0	0	0	0	0	0	0	0	55	0	0	0	0	0	0	80	0	0	0	98	0	0	0	0	0	0	0	0	0	0	0	0	0	0	0	0	0	0	0	0	0	0	0	0	0	0	0	0	0	0	0	0	0	0	0	0	0	0	0	0	0	0	0	0	0	0	0	0	0	0	0	0	89	0	0	0	311	0	0	0	0	0	0	0	0	0	0	0	0	0	0	0	0	0	0	0	0	0	0	0	0
2	0	0	0	0	0	0	0	0	0	0	0	0	0	0	0	0	0	0	0	0	0	0	0	0	0	0	0	0	0	0	0	0	0	0	0	0	0	0	0	0	0	0	0	0	0	0	0	0	0	0	0	0	0	0	0	0	0	0	0	0	0	0	0	0	0	0	0	0	0	0	0	0	0	0	0	0	0	0	0	0	0	0	0	0	0	0	0	0	0	0	0	0	0	0	0	0	0	0	0	0	0	0	0	0	0	0	0	0	0	0	0	0	0	0	0	0	0	0	0	0	0	0	0	0	0	0	0	0	0	0	0	0	0	0	0	0	0	0	0	0	0	0	0	0	0	0	0	0	0	0	0	0	0	0	0	0	0	0	0	0	0	0	0	0	0	0	0	0	0	0	0	0	0	0	0	0	0	0	0	0	0	0	0	0	0	0	0	0	0	0	0	0	0	0	0	0	0	0	0	0	0	0	0	0	0	0	0	0	0	0
