342	336	30	11	0	330	25	11	0	30	11	0	12	0	0	0	17	16	0	0	324	25	11	0	25	11	0	12	0	0	0	17	16	0	0	30	11	0	0	0	0	0	0	0	0	0	12	0	0	0	17	16	0	0	318	25	11	0	25	11	0	12	0	0	0	17	16	0	0	25	11	0	0	0	0	0	0	0	0	0	12	0	0	0	17	16	0	0	30	11	0	0	0	0	0	0	0	0	0	0	0	0	0	0	0	0	0	12	0	0	0	17	16	0	0	312	20	5	0	25	11	0	12	0	0	0	17	16	0	0	25	11	0	0	0	0	0	0	0	0	0	12	0	0	0	17	16	0	0	25	11	0	0	0	0	0	0	0	0	0	0	0	0	0	0	0	0	0	12	0	0	0	17	16	0	0	30	11	0	8	0	0	0	15	0	0	0	0	0	0	0	0	0	0	0	0	0	0	0	0	0	0	0	12	0	0	0	17	16	0	0
525	515	47	39	0	505	41	35	0	47	39	0	28	16	0	0	33	23	0	0	495	41	35	0	41	35	0	28	16	0	0	32	23	0	0	47	39	0	0	0	0	0	3	0	0	0	28	16	0	0	33	23	0	0	485	41	35	0	41	35	0	28	16	0	0	32	23	0	0	41	35	0	0	0	0	0	1	0	0	0	28	16	0	0	32	23	0	0	47	39	0	3	0	0	0	1	0	0	0	0	0	0	0	3	0	0	0	28	16	0	0	33	23	0	0	475	30	26	0	41	35	0	28	16	0	0	32	23	0	0	41	35	0	0	0	0	0	1	0	0	0	28	16	0	0	32	23	0	0	41	35	0	0	0	0	0	0	0	0	0	0	0	0	0	1	0	0	0	28	16	0	0	32	23	0	0	47	39	0	11	0	0	0	25	18	0	0	3	0	0	0	1	0	0	0	0	0	0	0	3	0	0	0	28	16	0	0	33	23	0	0
657	645	78	55	0	633	68	47	0	78	55	0	61	50	0	0	68	40	0	0	621	68	47	0	68	47	0	61	50	0	0	65	40	0	0	78	55	0	13	0	0	0	8	0	0	0	61	50	0	0	68	40	0	0	609	68	47	0	68	47	0	61	50	0	0	65	40	0	0	68	47	0	13	0	0	0	4	0	0	0	61	50	0	0	65	40	0	0	78	55	0	5	0	0	0	2	0	0	0	13	0	0	0	8	0	0	0	61	50	0	0	68	40	0	0	597	55	39	0	68	47	0	61	50	0	0	65	40	0	0	68	47	0	13	0	0	0	4	0	0	0	61	50	0	0	65	40	0	0	68	47	0	0	0	0	0	0	0	0	0	13	0	0	0	4	0	0	0	61	50	0	0	65	40	0	0	78	55	0	19	0	0	0	45	18	0	0	5	0	0	0	2	0	0	0	13	0	0	0	8	0	0	0	61	50	0	0	68	40	0	0
824	809	105	92	0	794	93	74	0	105	92	0	79	96	0	0	101	71	0	0	779	90	74	0	93	74	0	77	96	0	0	95	66	0	0	105	92	0	30	0	0	0	12	13	0	0	79	96	0	0	101	71	0	0	764	89	71	0	90	74	0	75	96	0	0	89	66	0	0	93	74	0	29	0	0	0	10	4	0	0	77	96	0	0	95	66	0	0	105	92	0	16	9	0	0	6	3	0	0	30	0	0	0	12	13	0	0	79	96	0	0	101	71	0	0	749	70	59	0	89	71	0	70	87	0	0	88	62	0	0	90	74	0	17	0	0	0	7	4	0	0	75	96	0	0	89	66	0	0	93	74	0	9	0	0	0	2	0	0	0	29	0	0	0	10	4	0	0	77	96	0	0	95	66	0	0	105	92	0	16	9	0	0	50	71	0	0	16	9	0	0	6	3	0	0	30	0	0	0	12	13	0	0	79	96	0	0	101	71	0	0
905	888	129	121	0	871	113	103	0	129	121	0	105	114	0	0	143	143	0	0	854	110	99	0	113	103	0	103	106	0	0	133	132	0	0	129	121	0	43	36	0	0	17	9	0	0	105	114	0	0	143	143	0	0	837	109	97	0	110	99	0	101	106	0	0	127	130	0	0	113	103	0	42	36	0	0	15	4	0	0	103	106	0	0	133	132	0	0	129	121	0	39	4	0	0	17	2	0	0	43	36	0	0	17	9	0	0	105	114	0	0	143	143	0	0	820	84	87	0	109	97	0	96	98	0	0	126	126	0	0	110	99	0	30	36	0	0	12	4	0	0	101	106	0	0	127	130	0	0	113	103	0	24	0	0	0	10	0	0	0	42	36	0	0	15	4	0	0	103	106	0	0	133	132	0	0	129	121	0	31	16	0	0	46	87	0	0	39	4	0	0	17	2	0	0	43	36	0	0	17	9	0	0	105	114	0	0	143	143	0	0
1112	1092	178	154	5	1072	147	139	0	178	154	5	141	71	0	0	267	167	5	0	1052	140	116	0	147	139	0	122	47	0	0	208	133	0	0	178	154	5	72	76	0	0	34	34	10	0	141	71	0	0	267	167	5	0	1032	135	105	0	140	116	0	122	30	0	0	201	108	0	0	147	139	0	68	60	0	0	31	30	0	0	122	47	0	0	208	133	0	0	178	154	5	87	30	11	0	37	6	5	0	72	76	0	0	34	34	10	0	141	71	0	0	267	167	5	0	1012	103	75	0	135	105	0	109	0	0	0	195	96	0	0	140	116	0	55	0	0	0	25	14	0	0	122	30	0	0	201	108	0	0	147	139	0	40	0	0	0	22	0	0	0	68	60	0	0	31	30	0	0	122	47	0	0	208	133	0	0	178	154	5	78	0	17	0	74	127	25	0	87	30	11	0	37	6	5	0	72	76	0	0	34	34	10	0	141	71	0	0	267	167	5	0
922	905	161	113	2	888	131	104	0	161	113	2	129	48	0	0	257	124	2	0	871	123	96	0	131	104	0	110	48	0	0	200	104	0	0	161	113	2	73	80	0	0	32	22	0	0	129	48	0	0	257	124	2	0	854	117	90	0	123	96	0	107	40	0	0	190	96	0	0	131	104	0	68	80	0	0	29	22	0	0	110	48	0	0	200	104	0	0	161	113	2	84	40	2	0	36	47	0	0	73	80	0	0	32	22	0	0	129	48	0	0	257	124	2	0	837	91	70	0	117	90	0	98	40	0	0	180	90	0	0	123	96	0	47	80	0	0	22	22	0	0	107	40	0	0	190	96	0	0	131	104	0	37	20	0	0	21	34	0	0	68	80	0	0	29	22	0	0	110	48	0	0	200	104	0	0	161	113	2	80	0	8	0	64	60	8	0	84	40	2	0	36	47	0	0	73	80	0	0	32	22	0	0	129	48	0	0	257	124	2	0
943	926	160	115	0	909	125	91	0	160	115	0	113	52	0	0	279	168	0	0	892	116	89	0	125	91	0	93	52	0	0	215	106	0	0	160	115	0	69	24	0	0	37	45	0	0	113	52	0	0	279	168	0	0	875	108	72	0	116	89	0	88	48	0	0	200	103	0	0	125	91	0	61	24	0	0	30	43	0	0	93	52	0	0	215	106	0	0	160	115	0	59	84	0	0	32	80	0	0	69	24	0	0	37	45	0	0	113	52	0	0	279	168	0	0	858	87	60	0	108	72	0	81	48	0	0	180	72	0	0	116	89	0	40	24	0	0	23	43	0	0	88	48	0	0	200	103	0	0	125	91	0	21	24	0	0	20	64	0	0	61	24	0	0	30	43	0	0	93	52	0	0	215	106	0	0	160	115	0	82	0	0	0	59	39	0	0	59	84	0	0	32	80	0	0	69	24	0	0	37	45	0	0	113	52	0	0	279	168	0	0
916	900	149	103	0	884	109	79	0	149	103	0	98	32	0	0	233	236	0	0	868	101	59	0	109	79	0	81	0	0	0	163	176	0	0	149	103	0	61	108	0	0	37	49	0	0	98	32	0	0	233	236	0	0	852	97	47	0	101	59	0	78	0	0	0	155	138	0	0	109	79	0	51	84	0	0	29	41	0	0	81	0	0	0	163	176	0	0	148	103	0	64	48	0	0	29	21	0	0	61	108	0	0	37	49	0	0	98	32	0	0	230	236	0	0	836	76	31	0	97	47	0	71	0	0	0	149	114	0	0	101	59	0	34	48	0	0	23	26	0	0	78	0	0	0	155	138	0	0	108	79	0	24	0	0	0	19	13	0	0	51	84	0	0	29	41	0	0	81	0	0	0	160	176	0	0	148	103	0	74	32	0	0	63	46	0	0	64	48	0	0	29	21	0	0	61	108	0	0	37	49	0	0	98	32	0	0	230	236	0	0
1134	1114	156	166	0	1094	110	125	0	156	166	0	86	241	0	0	243	329	0	0	1074	101	106	0	110	125	0	65	189	0	0	162	229	0	0	155	166	0	64	132	0	0	42	49	0	0	86	241	0	0	241	329	0	0	1054	96	87	0	101	106	0	62	180	0	0	153	192	0	0	109	125	0	51	120	0	0	36	38	0	0	65	189	0	0	160	229	0	0	153	166	0	67	132	0	0	29	38	0	0	64	132	0	0	42	49	0	0	85	241	0	0	235	329	0	0	1034	70	56	0	96	87	0	55	132	0	0	147	161	0	0	100	106	0	31	96	0	0	30	25	0	0	62	180	0	0	151	192	0	0	107	125	0	17	60	0	0	21	24	0	0	51	120	0	0	36	38	0	0	64	189	0	0	154	229	0	0	153	166	0	60	116	0	0	55	95	0	0	67	132	0	0	29	38	0	0	64	132	0	0	42	49	0	0	85	241	0	0	235	329	0	0
921	905	136	78	23	889	109	42	0	136	78	23	81	0	24	0	201	131	92	7	873	104	37	0	109	42	0	73	0	0	0	170	86	0	0	136	78	23	62	49	6	0	38	45	0	0	81	0	24	0	201	131	92	7	857	84	28	0	104	37	0	67	0	0	0	164	82	0	0	109	42	0	38	13	0	0	26	27	0	0	73	0	0	0	170	86	0	0	136	78	23	23	0	86	0	22	14	23	0	62	49	6	0	38	45	0	0	81	0	24	0	201	131	92	7	841	74	24	0	84	28	0	56	0	0	0	129	82	0	0	104	37	0	34	9	0	0	24	22	0	0	67	0	0	0	164	82	0	0	109	42	0	13	0	0	0	18	14	0	0	38	13	0	0	26	27	0	0	73	0	0	0	170	86	0	0	136	78	23	33	36	12	0	45	44	0	0	23	0	86	0	22	14	23	0	62	49	6	0	38	45	0	0	81	0	24	0	201	131	92	7
772	758	106	68	12	744	76	55	0	106	68	12	57	52	12	0	175	114	12	0	730	75	52	0	76	55	0	52	48	0	0	137	98	0	0	105	68	12	37	23	0	0	34	8	0	0	57	52	12	0	173	114	12	0	716	65	43	0	75	52	0	52	46	0	0	137	91	0	0	75	55	0	24	16	0	0	24	8	0	0	52	48	0	0	135	98	0	0	101	68	12	16	14	36	0	17	0	12	0	37	23	0	0	34	8	0	0	56	52	12	0	160	114	12	0	702	61	27	0	65	43	0	43	28	0	0	119	51	0	0	74	52	0	24	14	0	0	24	7	0	0	52	46	0	0	135	91	0	0	71	55	0	11	0	0	0	16	0	0	0	24	16	0	0	24	8	0	0	51	48	0	0	122	98	0	0	101	68	12	52	14	12	0	32	0	24	0	16	14	36	0	17	0	12	0	37	23	0	0	34	8	0	0	56	52	12	0	160	114	12	0
763	746	119	116	8	729	91	95	0	119	116	8	79	94	4	0	227	146	16	0	712	88	92	0	91	95	0	76	88	0	0	194	128	0	0	119	116	8	26	30	0	0	29	30	0	0	79	94	4	0	227	146	16	0	695	79	90	0	88	92	0	75	88	0	0	184	122	0	0	91	95	0	17	30	0	0	14	30	0	0	76	88	0	0	194	128	0	0	113	116	8	11	12	24	0	12	10	0	0	26	30	0	0	29	30	0	0	79	94	4	0	207	146	16	0	678	74	82	0	79	90	0	64	86	0	0	164	116	0	0	88	92	0	17	30	0	0	14	30	0	0	75	88	0	0	184	122	0	0	85	95	0	6	0	0	0	11	10	0	0	17	30	0	0	14	30	0	0	76	88	0	0	174	128	0	0	105	116	8	28	12	12	0	25	0	8	0	11	12	24	0	12	10	0	0	26	30	0	0	29	30	0	0	73	94	4	0	181	146	16	0
711	695	112	100	8	679	79	77	0	112	100	8	45	58	8	0	170	206	24	0	663	76	77	0	79	77	0	43	58	0	0	129	180	0	0	112	100	8	33	0	0	0	27	23	0	0	45	58	8	0	170	206	24	0	647	67	77	0	76	77	0	43	58	0	0	127	180	0	0	79	77	0	19	0	0	0	17	10	0	0	43	58	0	0	129	180	0	0	112	100	8	18	0	24	0	19	14	0	0	33	0	0	0	27	23	0	0	45	58	8	0	170	206	24	0	631	62	77	0	67	77	0	41	58	0	0	110	180	0	0	76	77	0	17	0	0	0	16	10	0	0	43	58	0	0	127	180	0	0	79	77	0	8	0	0	0	13	12	0	0	19	0	0	0	17	10	0	0	43	58	0	0	129	180	0	0	112	100	8	33	0	0	0	22	18	0	0	18	0	24	0	19	14	0	0	33	0	0	0	27	23	0	0	45	58	8	0	170	206	24	0
971	953	118	119	12	935	86	80	0	118	119	12	62	48	12	0	187	191	60	0	917	83	80	0	86	80	0	56	48	0	0	159	120	0	0	118	119	12	47	0	0	0	29	26	0	0	62	48	12	0	187	191	60	0	899	71	80	0	83	80	0	55	48	0	0	158	120	0	0	86	80	0	29	0	0	0	20	12	0	0	56	48	0	0	159	120	0	0	114	119	12	18	0	36	0	13	12	0	0	47	0	0	0	29	26	0	0	62	48	12	0	174	191	60	0	881	63	70	0	71	80	0	44	48	0	0	135	120	0	0	83	80	0	27	0	0	0	19	12	0	0	55	48	0	0	158	120	0	0	82	80	0	8	0	0	0	13	12	0	0	29	0	0	0	20	12	0	0	56	48	0	0	146	120	0	0	112	119	12	30	70	12	0	28	14	0	0	18	0	36	0	13	12	0	0	47	0	0	0	29	26	0	0	60	48	12	0	165	191	60	0
732	717	92	65	35	702	71	56	6	92	65	35	39	0	7	6	124	135	35	51	687	63	56	0	71	56	6	32	0	6	0	109	126	6	0	92	65	35	10	0	44	0	15	0	0	5	39	0	7	6	124	135	35	51	672	61	56	0	63	56	0	32	0	0	0	103	126	0	0	71	56	6	7	0	30	0	12	0	0	0	32	0	6	0	109	126	6	0	92	65	35	5	0	6	0	13	12	0	0	10	0	44	0	15	0	0	5	39	0	7	6	124	135	35	51	657	55	56	0	61	56	0	31	0	0	0	100	126	0	0	63	56	0	4	0	0	0	8	0	0	0	32	0	0	0	103	126	0	0	71	56	6	2	0	0	0	7	12	0	0	7	0	30	0	12	0	0	0	32	0	6	0	109	126	6	0	92	65	35	12	0	29	0	23	0	0	0	5	0	6	0	13	12	0	0	10	0	44	0	15	0	0	5	39	0	7	6	124	135	35	51
908	892	94	74	45	876	76	60	14	94	74	45	55	47	7	38	141	119	45	43	860	62	37	0	76	60	14	46	26	6	0	128	105	14	0	94	74	45	25	35	92	0	16	24	90	5	55	47	7	38	141	119	45	43	844	58	34	0	62	37	0	36	24	0	0	105	96	0	0	76	60	14	21	33	54	0	15	23	28	0	46	26	6	0	128	105	14	0	94	74	45	9	32	24	0	8	13	0	0	25	35	92	0	16	24	90	5	55	47	7	38	141	119	45	43	828	43	21	0	58	34	0	24	21	0	0	98	86	0	0	62	37	0	0	11	0	0	7	11	0	0	36	24	0	0	105	96	0	0	76	60	14	7	20	12	0	8	13	0	0	21	33	54	0	15	23	28	0	46	26	6	0	128	105	14	0	94	74	45	11	32	71	0	28	55	45	0	9	32	24	0	8	13	0	0	25	35	92	0	16	24	90	5	55	47	7	38	141	119	45	43
778	761	95	89	43	744	80	75	4	95	89	43	52	50	0	16	188	90	43	63	727	72	75	0	80	75	4	48	50	0	0	179	78	4	0	95	89	43	15	0	40	0	13	11	0	0	52	50	0	16	188	90	43	63	710	69	75	0	72	75	0	46	50	0	0	164	78	0	0	80	75	4	15	0	12	0	13	11	0	0	48	50	0	0	179	78	4	0	90	89	43	6	0	20	0	7	0	0	0	15	0	40	0	13	11	0	0	52	50	0	16	171	90	43	63	693	58	75	0	69	75	0	41	50	0	0	156	78	0	0	72	75	0	4	0	0	0	8	11	0	0	46	50	0	0	164	78	0	0	75	75	4	2	0	0	0	7	0	0	0	15	0	12	0	13	11	0	0	48	50	0	0	162	78	4	0	82	89	43	11	0	59	0	16	14	0	0	6	0	20	0	7	0	0	0	15	0	40	0	13	11	0	0	46	50	0	16	144	90	43	63
649	637	51	49	16	625	37	35	0	51	49	16	12	16	0	0	77	58	32	35	613	34	35	0	37	35	0	10	16	0	0	70	48	0	0	51	49	16	4	0	9	0	6	0	0	0	12	16	0	0	77	58	32	35	601	34	33	0	34	35	0	10	16	0	0	70	48	0	0	37	35	0	4	0	0	0	6	0	0	0	10	16	0	0	70	48	0	0	48	49	16	3	12	0	0	4	0	0	0	4	0	9	0	6	0	0	0	12	16	0	0	67	58	32	35	589	30	23	0	34	33	0	10	12	0	0	70	44	0	0	34	35	0	1	0	0	0	4	0	0	0	10	16	0	0	70	48	0	0	34	35	0	2	0	0	0	4	0	0	0	4	0	0	0	6	0	0	0	10	16	0	0	60	48	0	0	48	49	16	7	24	23	0	11	0	16	0	3	12	0	0	4	0	0	0	4	0	9	0	6	0	0	0	12	16	0	0	67	58	32	35
628	615	51	59	7	602	34	39	0	51	59	7	14	0	0	0	67	107	28	12	589	32	39	0	34	39	0	12	0	0	0	54	97	0	0	51	59	7	3	0	0	0	6	0	0	0	14	0	0	0	67	107	28	12	576	32	39	0	32	39	0	12	0	0	0	54	97	0	0	34	39	0	3	0	0	0	4	0	0	0	12	0	0	0	54	97	0	0	51	59	7	5	0	0	0	3	0	0	0	3	0	0	0	6	0	0	0	14	0	0	0	67	107	28	12	563	28	35	0	32	39	0	12	0	0	0	54	97	0	0	32	39	0	1	0	0	0	3	0	0	0	12	0	0	0	54	97	0	0	34	39	0	2	0	0	0	3	0	0	0	3	0	0	0	4	0	0	0	12	0	0	0	54	97	0	0	51	59	7	9	20	14	0	12	0	0	0	5	0	0	0	3	0	0	0	3	0	0	0	6	0	0	0	14	0	0	0	67	107	28	12
451	443	21	7	10	435	16	7	5	21	7	10	1	0	3	0	25	0	0	7	427	16	7	5	16	7	5	1	0	3	0	25	0	0	0	21	7	10	0	0	0	0	0	0	0	0	1	0	3	0	25	0	0	7	419	16	7	5	16	7	5	1	0	3	0	25	0	0	0	16	7	5	0	0	0	0	0	0	0	0	1	0	3	0	25	0	0	0	21	7	10	0	0	0	0	0	0	0	0	0	0	0	0	0	0	0	0	1	0	3	0	25	0	0	7	411	15	7	0	16	7	5	1	0	3	0	25	0	0	0	16	7	5	0	0	0	0	0	0	0	0	1	0	3	0	25	0	0	0	16	7	5	0	0	0	0	0	0	0	0	0	0	0	0	0	0	0	0	1	0	3	0	25	0	0	0	21	7	10	8	0	5	0	15	0	0	0	0	0	0	0	0	0	0	0	0	0	0	0	0	0	0	0	1	0	3	0	25	0	0	7
673	661	38	29	18	649	29	20	13	38	29	18	16	0	19	0	36	10	18	7	637	29	20	13	29	20	13	16	0	19	0	36	10	13	0	38	29	18	0	0	0	0	1	0	0	0	16	0	19	0	36	10	18	7	625	29	20	12	29	20	13	16	0	19	0	36	10	13	0	29	20	13	0	0	0	0	0	0	0	0	16	0	19	0	36	10	13	0	38	29	18	0	0	0	3	0	0	0	0	0	0	0	0	1	0	0	0	16	0	19	0	36	10	18	7	613	25	18	0	29	20	12	16	0	16	0	36	10	12	0	29	20	13	0	0	0	0	0	0	0	0	16	0	19	0	36	10	13	0	29	20	13	0	0	0	0	0	0	0	0	0	0	0	0	0	0	0	0	16	0	19	0	36	10	13	0	38	29	18	6	18	5	0	23	27	0	0	0	0	0	3	0	0	0	0	0	0	0	0	1	0	0	0	16	0	19	0	36	10	18	7
724	711	50	46	17	698	38	30	17	50	46	17	32	0	35	0	39	10	34	0	685	38	30	17	38	30	17	32	0	35	0	38	10	34	0	50	46	17	8	0	0	0	3	0	0	0	32	0	35	0	39	10	34	0	672	38	30	14	38	30	17	32	0	35	0	38	10	34	0	38	30	17	8	0	0	0	1	0	0	0	32	0	35	0	38	10	34	0	50	46	17	6	0	0	7	0	0	0	0	8	0	0	0	3	0	0	0	32	0	35	0	39	10	34	0	659	32	24	0	38	30	14	32	0	24	0	38	10	28	0	38	30	17	8	0	0	0	1	0	0	0	32	0	35	0	38	10	34	0	38	30	17	6	0	0	0	0	0	0	0	8	0	0	0	1	0	0	0	32	0	35	0	38	10	34	0	50	46	17	2	48	0	0	31	48	0	0	6	0	0	7	0	0	0	0	8	0	0	0	3	0	0	0	32	0	35	0	39	10	34	0
750	736	68	36	53	722	50	25	11	68	36	53	23	0	77	14	79	64	53	146	708	50	25	10	50	25	11	23	0	47	12	68	64	11	24	68	36	53	3	0	0	6	7	0	0	0	23	0	77	14	79	64	53	146	694	48	25	3	50	25	10	23	0	42	0	68	64	10	0	50	25	11	1	0	0	0	2	0	0	0	23	0	47	12	68	64	11	24	68	36	53	2	0	16	3	5	0	0	5	3	0	0	6	7	0	0	0	23	0	77	14	79	64	53	146	680	41	25	0	48	25	3	20	0	9	0	62	64	3	0	50	25	10	1	0	0	0	2	0	0	0	23	0	42	0	68	64	10	0	50	25	11	0	0	0	0	3	0	0	0	1	0	0	0	2	0	0	0	23	0	47	12	68	64	11	24	68	36	53	10	0	27	0	34	33	0	0	2	0	16	3	5	0	0	5	3	0	0	6	7	0	0	0	23	0	77	14	79	64	53	146
304	298	19	5	11	292	13	5	0	19	5	11	2	0	0	0	27	20	0	23	286	13	5	0	13	5	0	2	0	0	0	22	20	0	0	19	5	11	0	0	0	0	1	0	0	0	2	0	0	0	27	20	0	23	280	12	5	0	13	5	0	2	0	0	0	22	20	0	0	13	5	0	0	0	0	0	0	0	0	0	2	0	0	0	22	20	0	0	19	5	11	0	0	6	0	0	0	0	0	0	0	0	0	1	0	0	0	2	0	0	0	27	20	0	23	274	9	5	0	12	5	0	0	0	0	0	20	20	0	0	13	5	0	0	0	0	0	0	0	0	0	2	0	0	0	22	20	0	0	13	5	0	0	0	0	0	0	0	0	0	0	0	0	0	0	0	0	0	2	0	0	0	22	20	0	0	19	5	11	2	0	17	0	6	0	0	0	0	0	6	0	0	0	0	0	0	0	0	0	1	0	0	0	2	0	0	0	27	20	0	23
823	808	52	47	73	793	49	44	34	52	47	73	37	33	0	52	55	33	0	88	778	47	44	22	49	44	34	37	33	0	40	54	33	0	41	52	47	73	11	0	11	14	5	0	0	45	37	33	0	52	55	33	0	88	763	46	44	21	47	44	22	36	33	0	39	46	33	0	40	49	44	34	11	0	10	12	4	0	0	14	37	33	0	40	54	33	0	41	52	47	73	9	0	11	6	2	0	0	0	11	0	11	14	5	0	0	45	37	33	0	52	55	33	0	88	748	35	11	12	46	44	21	35	33	0	28	43	33	0	29	47	44	22	8	0	0	0	2	0	0	0	36	33	0	39	46	33	0	40	49	44	34	9	0	10	0	2	0	0	0	11	0	10	12	4	0	0	14	37	33	0	40	54	33	0	41	52	47	73	0	0	53	7	4	0	219	5	9	0	11	6	2	0	0	0	11	0	11	14	5	0	0	45	37	33	0	52	55	33	0	88
804	789	63	72	36	774	56	66	23	63	72	36	52	48	0	25	63	61	0	17	759	54	62	21	56	66	23	51	48	0	23	60	58	0	17	63	72	36	22	44	0	14	6	11	0	0	52	48	0	25	63	61	0	17	744	54	56	19	54	62	21	51	48	0	22	56	54	0	17	56	66	23	22	32	0	12	5	8	0	0	51	48	0	23	60	58	0	17	63	72	36	9	48	0	11	7	0	0	0	22	44	0	14	6	11	0	0	52	48	0	25	63	61	0	17	729	45	32	5	54	56	19	51	48	0	11	56	48	0	14	54	62	21	20	32	0	0	4	8	0	0	51	48	0	22	56	54	0	17	56	66	23	8	48	0	0	7	0	0	0	22	32	0	12	5	8	0	0	51	48	0	23	60	58	0	17	63	72	36	10	0	24	7	10	0	108	7	9	48	0	11	7	0	0	0	22	44	0	14	6	11	0	0	52	48	0	25	63	61	0	17
1039	1020	90	89	80	1001	73	83	74	90	89	80	75	84	27	35	117	110	0	0	982	62	68	55	73	83	74	53	84	27	23	94	108	0	0	90	89	80	31	26	80	74	13	29	80	45	75	84	27	35	117	110	0	0	963	60	65	31	62	68	55	51	78	24	22	70	53	0	0	73	83	74	27	26	79	24	11	27	74	14	53	84	27	23	94	108	0	0	90	89	80	23	39	11	63	16	13	0	23	31	26	80	74	13	29	80	45	75	84	27	35	117	110	0	0	944	52	39	5	60	65	31	50	78	12	11	67	52	0	0	62	68	55	26	0	57	0	7	14	55	0	51	78	24	22	70	53	0	0	73	83	74	22	39	10	0	16	13	0	0	27	26	79	24	11	27	74	14	53	84	27	23	94	108	0	0	90	89	80	38	0	11	7	22	0	160	7	23	39	11	63	16	13	0	23	31	26	80	74	13	29	80	45	75	84	27	35	117	110	0	0
1062	1042	99	143	49	1022	77	117	47	99	143	49	62	192	27	13	140	162	49	0	1002	67	109	42	77	117	47	44	172	27	11	119	142	47	0	99	143	49	21	93	56	38	14	27	0	0	62	192	27	13	140	162	49	0	982	64	105	27	67	109	42	43	170	24	10	99	140	42	0	77	117	47	21	86	56	24	11	21	0	0	44	172	27	11	119	142	47	0	99	143	49	23	51	0	63	19	54	0	0	21	93	56	38	14	27	0	0	62	192	27	13	140	162	49	0	962	55	86	2	64	105	27	43	165	12	2	92	138	27	0	67	109	42	19	81	48	0	8	20	0	0	43	170	24	10	99	140	42	0	77	117	47	23	32	0	0	17	49	0	0	21	86	56	24	11	21	0	0	44	172	27	11	119	142	47	0	99	143	49	33	100	0	4	20	36	49	7	23	51	0	63	19	54	0	0	21	93	56	38	14	27	0	0	62	192	27	13	140	162	49	0
1032	1013	97	123	52	994	74	78	51	97	123	52	70	40	43	9	150	196	260	0	975	64	70	45	74	78	51	53	0	43	7	122	140	255	0	96	123	52	23	0	72	45	21	14	52	0	70	40	43	9	148	196	260	0	956	64	65	23	64	70	45	53	0	38	6	101	140	225	0	73	78	51	23	0	72	24	19	14	51	0	53	0	43	7	120	140	255	0	95	123	52	23	65	0	63	26	0	0	12	23	0	72	45	21	14	52	0	69	40	43	9	145	196	260	0	937	53	40	0	64	65	23	53	0	12	0	101	130	115	0	63	70	45	21	0	62	0	16	14	45	0	53	0	38	6	99	140	225	0	72	78	51	14	40	0	0	22	0	0	0	23	0	72	24	19	14	51	0	52	0	43	7	117	140	255	0	95	123	52	13	200	0	0	12	64	0	7	23	65	0	63	26	0	0	12	23	0	72	45	21	14	52	0	69	40	43	9	145	196	260	0
642	630	50	44	20	618	31	32	9	50	44	20	22	0	56	27	88	66	40	52	606	30	32	9	31	32	9	21	0	36	27	64	48	18	51	49	44	20	6	0	0	0	13	8	0	0	22	0	56	27	86	66	40	52	594	29	24	8	30	32	9	21	0	36	24	64	48	18	45	30	32	9	3	0	0	0	10	8	0	0	21	0	36	27	62	48	18	51	48	44	20	9	48	0	8	11	6	0	0	6	0	0	0	13	8	0	0	21	0	56	27	83	66	40	52	582	19	0	4	29	24	8	21	0	32	12	64	36	16	23	29	32	9	3	0	0	0	10	8	0	0	21	0	36	24	62	48	18	45	29	32	9	0	0	0	4	7	0	0	0	3	0	0	0	10	8	0	0	20	0	36	27	59	48	18	51	48	44	20	0	0	52	16	0	0	80	0	9	48	0	8	11	6	0	0	6	0	0	0	13	8	0	0	21	0	56	27	83	66	40	52
754	739	81	77	29	724	53	59	17	81	77	29	38	36	74	35	189	158	58	52	709	49	59	17	53	59	17	31	36	52	35	138	136	34	51	80	77	29	9	0	0	0	14	41	0	0	38	36	74	35	187	158	58	52	694	45	59	15	49	59	17	25	36	52	31	119	136	34	45	52	59	17	3	0	0	0	13	41	0	0	31	36	52	35	136	136	34	51	76	77	29	17	0	0	15	10	36	0	0	9	0	0	0	14	41	0	0	37	36	74	35	174	158	58	52	679	31	59	4	45	59	15	25	36	46	12	105	136	30	23	48	59	17	3	0	0	0	13	41	0	0	25	36	52	31	117	136	34	45	48	59	17	0	0	0	4	5	36	0	0	3	0	0	0	13	41	0	0	30	36	52	35	123	136	34	51	76	77	29	0	0	52	16	0	0	0	12	17	0	0	15	10	36	0	0	9	0	0	0	14	41	0	0	37	36	74	35	174	158	58	52
547	537	55	21	37	527	38	0	25	55	21	37	25	0	82	35	89	35	111	52	517	38	0	25	38	0	25	25	0	60	35	67	0	75	51	54	21	37	9	0	0	0	14	0	0	0	25	0	82	35	87	35	111	52	507	37	0	21	38	0	25	25	0	60	31	67	0	75	45	37	0	25	6	0	0	0	12	0	0	0	25	0	60	35	65	0	75	51	52	21	37	17	0	0	27	10	7	0	0	9	0	0	0	14	0	0	0	24	0	82	35	81	35	111	52	497	27	0	4	37	0	21	25	0	52	12	67	0	63	23	37	0	25	6	0	0	0	12	0	0	0	25	0	60	31	65	0	75	45	35	0	25	0	0	0	4	7	0	0	0	6	0	0	0	12	0	0	0	24	0	60	35	59	0	75	51	52	21	37	0	0	52	16	0	0	0	20	17	0	0	27	10	7	0	0	9	0	0	0	14	0	0	0	24	0	82	35	81	35	111	52
573	562	60	39	17	551	42	35	0	60	39	17	40	20	8	0	96	80	0	101	540	40	35	0	42	35	0	39	20	0	0	82	80	0	98	60	39	17	11	0	0	0	12	14	0	0	40	20	8	0	96	80	0	101	529	38	35	0	40	35	0	38	20	0	0	81	80	0	87	42	35	0	11	0	0	0	10	10	0	0	39	20	0	0	82	80	0	98	60	39	17	17	0	9	0	18	9	0	0	11	0	0	0	12	14	0	0	40	20	8	0	96	80	0	101	518	24	15	0	38	35	0	33	20	0	0	79	80	0	50	40	35	0	11	0	0	0	10	10	0	0	38	20	0	0	81	80	0	87	42	35	0	4	0	0	0	13	5	0	0	11	0	0	0	10	10	0	0	39	20	0	0	82	80	0	98	60	39	17	10	0	85	0	2	0	68	0	17	0	9	0	18	9	0	0	11	0	0	0	12	14	0	0	40	20	8	0	96	80	0	101
595	583	69	50	8	571	41	38	0	69	50	8	26	69	8	0	172	148	0	52	559	39	35	0	41	38	0	22	60	0	0	107	110	0	51	69	50	8	4	15	0	0	11	10	0	0	26	69	8	0	172	148	0	52	547	37	35	0	39	35	0	18	60	0	0	98	100	0	45	41	38	0	0	15	0	0	11	10	0	0	22	60	0	0	107	110	0	51	69	50	8	13	0	0	0	8	10	0	0	4	15	0	0	11	10	0	0	26	69	8	0	172	148	0	52	535	24	35	0	37	35	0	18	60	0	0	91	100	0	23	39	35	0	0	15	0	0	11	10	0	0	18	60	0	0	98	100	0	45	41	38	0	0	0	0	0	6	10	0	0	0	15	0	0	11	10	0	0	22	60	0	0	107	110	0	51	69	50	8	0	0	40	0	1	0	0	0	13	0	0	0	8	10	0	0	4	15	0	0	11	10	0	0	26	69	8	0	172	148	0	52
784	768	50	53	82	752	33	29	62	50	53	82	20	0	40	62	68	57	164	66	736	32	29	55	33	29	62	16	0	40	51	45	45	124	42	44	53	82	10	0	0	65	10	0	0	0	20	0	40	62	57	57	164	66	721	29	29	53	32	29	55	15	0	40	51	44	45	110	42	30	29	62	3	0	0	65	8	0	0	0	16	0	40	51	39	45	124	42	40	38	82	0	0	15	12	5	0	0	0	10	0	0	65	10	0	0	0	17	0	40	62	44	12	164	66	706	29	29	36	29	29	53	15	0	36	44	44	45	106	36	29	29	55	3	0	0	55	8	0	0	0	15	0	40	51	38	45	110	42	26	14	62	0	0	12	0	5	0	0	0	3	0	0	65	8	0	0	0	13	0	40	51	26	0	124	42	40	38	82	0	0	0	78	0	0	0	16	0	0	15	12	5	0	0	0	10	0	0	65	10	0	0	0	17	0	40	62	44	12	164	66
855	839	41	69	80	823	24	24	77	41	69	80	12	54	37	36	40	74	320	0	807	20	10	55	24	24	77	9	10	37	27	26	10	308	0	38	69	80	3	40	39	92	3	10	80	80	12	54	37	36	34	74	320	0	791	15	0	54	20	10	55	3	0	35	27	22	0	220	0	21	24	77	0	0	39	90	2	0	77	74	9	10	37	27	20	10	308	0	35	69	80	0	0	54	10	0	0	80	0	3	40	39	92	3	10	80	80	9	54	37	36	25	74	320	0	775	15	0	32	15	0	54	3	0	34	24	21	0	216	0	17	10	55	0	0	11	57	2	0	55	55	3	0	35	27	16	0	220	0	18	24	77	0	0	51	0	0	0	77	0	0	0	39	90	2	0	77	74	6	10	37	27	11	10	308	0	35	69	80	0	0	0	95	0	0	0	45	0	0	54	10	0	0	80	0	3	40	39	92	3	10	80	80	9	54	37	36	25	74	320	0
599	585	49	45	59	571	31	44	29	47	45	59	13	12	0	94	82	82	0	86	558	29	44	17	31	44	29	7	12	0	43	60	80	0	51	42	32	59	7	0	0	35	8	10	0	52	13	12	0	94	73	56	0	86	546	17	44	17	29	44	17	6	12	0	43	54	80	0	51	29	32	29	0	0	0	35	6	10	0	51	7	12	0	43	56	56	0	51	36	20	59	0	0	104	0	5	0	0	0	7	0	0	35	8	10	0	52	11	0	0	94	53	20	0	86	534	17	44	15	17	44	17	6	12	0	38	38	80	0	44	27	32	17	0	0	0	31	6	10	0	45	6	12	0	43	50	56	0	51	23	20	29	0	0	52	0	4	0	0	0	0	0	0	35	6	10	0	51	5	0	0	43	36	20	0	51	36	20	59	0	0	0	15	0	0	0	0	0	0	104	0	5	0	0	0	7	0	0	35	8	10	0	52	11	0	0	94	53	20	0	86
588	577	30	31	28	566	19	10	12	30	31	28	10	0	0	36	33	21	84	57	555	17	7	9	19	10	12	4	0	0	27	24	0	36	34	27	31	28	4	21	0	27	3	7	0	0	10	0	0	36	27	21	84	57	544	11	0	9	17	7	9	3	0	0	27	23	0	27	34	16	10	12	0	0	0	27	2	0	0	0	4	0	0	27	18	0	36	34	24	31	28	0	0	39	0	0	0	28	0	4	21	0	27	3	7	0	0	7	0	0	36	18	21	84	57	533	11	0	8	11	0	9	3	0	0	24	17	0	27	29	14	7	9	0	0	0	24	2	0	0	0	3	0	0	27	17	0	27	34	13	10	12	0	0	12	0	0	0	12	0	0	0	0	27	2	0	0	0	1	0	0	27	9	0	36	34	24	31	28	0	0	0	8	0	0	0	0	0	0	39	0	0	0	28	0	4	21	0	27	3	7	0	0	7	0	0	36	18	21	84	57
356	346	29	37	0	336	12	27	0	25	37	0	6	14	0	0	33	57	0	0	328	11	27	0	12	27	0	2	14	0	0	18	49	0	0	21	21	0	7	0	0	0	3	0	0	0	6	14	0	0	26	25	0	0	321	9	27	0	11	27	0	1	14	0	0	17	49	0	0	11	13	0	0	0	0	0	1	0	0	0	2	14	0	0	16	21	0	0	17	14	0	0	0	0	0	0	0	0	0	7	0	0	0	3	0	0	0	5	0	0	0	13	4	0	0	314	9	27	0	9	27	0	1	14	0	0	17	49	0	0	10	13	0	0	0	0	0	1	0	0	0	1	14	0	0	15	21	0	0	7	6	0	0	0	0	0	0	0	0	0	0	0	0	0	1	0	0	0	1	0	0	0	3	0	0	0	17	14	0	0	0	0	0	0	0	0	0	0	0	0	0	0	0	0	0	7	0	0	0	3	0	0	0	5	0	0	0	13	4	0	0
556	545	20	19	56	534	14	10	20	20	19	56	5	0	10	32	20	0	56	190	523	11	10	20	14	10	20	2	0	0	32	17	0	20	151	18	19	56	0	0	17	0	0	0	0	0	5	0	10	32	16	0	56	190	512	11	10	20	11	10	20	2	0	0	32	17	0	20	119	12	10	20	0	0	0	0	0	0	0	0	2	0	0	32	13	0	20	151	14	19	56	0	0	0	0	0	0	0	0	0	0	17	0	0	0	0	0	3	0	10	32	3	0	56	190	501	11	10	18	11	10	20	2	0	0	30	17	0	20	116	9	10	20	0	0	0	0	0	0	0	0	2	0	0	32	13	0	20	119	8	10	20	0	0	0	0	0	0	0	0	0	0	0	0	0	0	0	0	0	0	0	32	0	0	20	151	14	19	56	0	0	0	12	0	0	0	0	0	0	0	0	0	0	0	0	0	0	17	0	0	0	0	0	3	0	10	32	3	0	56	190
633	621	18	27	56	609	9	0	42	18	27	56	3	0	24	45	11	9	168	80	597	7	0	42	9	0	42	0	0	13	45	7	0	126	77	18	27	56	0	0	10	0	0	0	0	0	3	0	24	45	11	9	168	80	585	7	0	40	7	0	42	0	0	13	43	7	0	126	55	9	0	42	0	0	0	0	0	0	0	0	0	0	13	45	7	0	126	77	18	27	56	0	0	0	22	0	0	0	0	0	0	10	0	0	0	0	0	3	0	24	45	11	9	168	80	573	7	0	33	7	0	40	0	0	11	40	7	0	120	54	7	0	42	0	0	0	0	0	0	0	0	0	0	13	43	7	0	126	55	9	0	42	0	0	0	20	0	0	0	0	0	0	0	0	0	0	0	0	0	0	13	45	7	0	126	77	18	27	56	0	0	0	42	0	0	0	0	0	0	0	22	0	0	0	0	0	0	10	0	0	0	0	0	3	0	24	45	11	9	168	80
424	416	20	0	33	408	10	0	0	20	0	33	5	0	10	0	14	0	0	190	400	7	0	0	10	0	0	2	0	0	0	10	0	0	151	18	0	33	0	0	17	0	0	0	0	0	5	0	10	0	10	0	0	190	392	7	0	0	7	0	0	2	0	0	0	10	0	0	119	8	0	0	0	0	0	0	0	0	0	0	2	0	0	0	6	0	0	151	16	0	33	0	0	0	0	0	0	0	0	0	0	17	0	0	0	0	0	3	0	10	0	4	0	0	190	384	7	0	0	7	0	0	2	0	0	0	10	0	0	116	5	0	0	0	0	0	0	0	0	0	0	2	0	0	0	6	0	0	119	6	0	0	0	0	0	0	0	0	0	0	0	0	0	0	0	0	0	0	0	0	0	0	0	0	0	151	16	0	33	0	0	0	0	0	0	0	0	0	0	0	0	0	0	0	0	0	0	17	0	0	0	0	0	3	0	10	0	4	0	0	190
473	464	12	20	17	455	3	6	0	12	20	17	1	12	10	0	3	6	34	108	446	1	0	0	3	6	0	0	0	0	0	0	0	0	89	12	20	17	0	0	17	0	0	0	17	0	1	12	10	0	3	6	34	108	437	1	0	0	1	0	0	0	0	0	0	0	0	0	64	3	6	0	0	0	0	0	0	0	0	0	0	0	0	0	0	0	0	89	12	20	17	0	0	0	0	0	0	0	0	0	0	17	0	0	0	17	0	1	12	10	0	3	6	34	108	428	1	0	0	1	0	0	0	0	0	0	0	0	0	63	1	0	0	0	0	0	0	0	0	0	0	0	0	0	0	0	0	0	64	3	6	0	0	0	0	0	0	0	0	0	0	0	0	0	0	0	0	0	0	0	0	0	0	0	0	89	12	20	17	0	0	0	0	0	0	0	0	0	0	0	0	0	0	0	0	0	0	17	0	0	0	17	0	1	12	10	0	3	6	34	108
315	309	7	9	0	303	1	0	0	7	9	0	2	0	0	0	2	3	0	0	297	0	0	0	1	0	0	0	0	0	0	0	0	0	0	7	9	0	0	0	0	0	0	0	0	0	2	0	0	0	2	3	0	0	291	0	0	0	0	0	0	0	0	0	0	0	0	0	0	1	0	0	0	0	0	0	0	0	0	0	0	0	0	0	0	0	0	0	7	9	0	0	0	0	0	0	0	0	0	0	0	0	0	0	0	0	0	2	0	0	0	2	3	0	0	285	0	0	0	0	0	0	0	0	0	0	0	0	0	0	0	0	0	0	0	0	0	0	0	0	0	0	0	0	0	0	0	0	0	1	0	0	0	0	0	0	0	0	0	0	0	0	0	0	0	0	0	0	0	0	0	0	0	0	0	0	7	9	0	0	0	0	0	0	0	0	0	0	0	0	0	0	0	0	0	0	0	0	0	0	0	0	0	2	0	0	0	2	3	0	0
779	764	12	14	100	749	2	0	77	12	14	100	0	0	89	54	5	0	100	73	734	2	0	65	2	0	77	0	0	79	13	2	0	77	42	12	14	100	4	0	0	26	3	0	0	80	0	0	89	54	5	0	100	73	719	0	0	65	2	0	65	0	0	66	13	2	0	65	42	2	0	77	0	0	0	26	0	0	0	77	0	0	79	13	2	0	77	42	12	14	100	0	0	16	0	0	0	0	0	4	0	0	26	3	0	0	80	0	0	89	54	5	0	100	73	704	0	0	28	0	0	65	0	0	66	11	0	0	65	40	2	0	65	0	0	0	11	0	0	0	55	0	0	66	13	2	0	65	42	2	0	77	0	0	16	0	0	0	0	0	0	0	0	26	0	0	0	77	0	0	79	13	2	0	77	42	12	14	100	0	0	0	47	0	0	0	189	0	0	16	0	0	0	0	0	4	0	0	26	3	0	0	80	0	0	89	54	5	0	100	73
468	459	8	0	46	450	2	0	46	8	0	46	0	0	27	0	4	0	0	0	441	2	0	46	2	0	46	0	0	27	0	2	0	0	0	8	0	46	4	0	0	0	2	0	0	0	0	0	27	0	4	0	0	0	432	0	0	46	2	0	46	0	0	27	0	2	0	0	0	2	0	46	0	0	0	0	0	0	0	0	0	0	27	0	2	0	0	0	8	0	46	0	0	16	0	0	0	0	0	4	0	0	0	2	0	0	0	0	0	27	0	4	0	0	0	423	0	0	24	0	0	46	0	0	27	0	0	0	0	0	2	0	46	0	0	0	0	0	0	0	0	0	0	27	0	2	0	0	0	2	0	46	0	0	16	0	0	0	0	0	0	0	0	0	0	0	0	0	0	0	27	0	2	0	0	0	8	0	46	0	0	0	25	0	0	0	109	0	0	16	0	0	0	0	0	4	0	0	0	2	0	0	0	0	0	27	0	4	0	0	0
312	306	1	0	22	300	0	0	10	1	0	22	0	0	0	0	0	0	0	56	294	0	0	10	0	0	10	0	0	0	0	0	0	0	42	1	0	22	0	0	0	0	0	0	0	0	0	0	0	0	0	0	0	56	288	0	0	10	0	0	10	0	0	0	0	0	0	0	42	0	0	10	0	0	0	0	0	0	0	0	0	0	0	0	0	0	0	42	1	0	22	0	0	0	0	0	0	0	0	0	0	0	0	0	0	0	0	0	0	0	0	0	0	0	56	282	0	0	8	0	0	10	0	0	0	0	0	0	0	40	0	0	10	0	0	0	0	0	0	0	0	0	0	0	0	0	0	0	42	0	0	10	0	0	0	0	0	0	0	0	0	0	0	0	0	0	0	0	0	0	0	0	0	0	0	42	1	0	22	0	0	0	16	0	0	0	0	0	0	0	0	0	0	0	0	0	0	0	0	0	0	0	0	0	0	0	0	0	0	0	56
466	457	20	14	43	448	7	0	43	20	14	43	13	0	119	0	18	7	86	0	439	4	0	42	7	0	43	2	0	119	0	4	0	86	0	20	14	43	10	0	20	13	4	7	0	0	13	0	119	0	18	7	86	0	430	1	0	41	4	0	42	0	0	116	0	2	0	84	0	7	0	43	1	0	20	13	1	0	0	0	2	0	119	0	4	0	86	0	20	14	43	2	0	26	9	3	0	0	0	10	0	20	13	4	7	0	0	13	0	119	0	18	7	86	0	421	1	0	0	1	0	41	0	0	111	0	0	0	82	0	4	0	42	1	0	20	0	0	0	0	0	0	0	116	0	2	0	84	0	7	0	43	2	0	26	0	3	0	0	0	1	0	20	13	1	0	0	0	2	0	119	0	4	0	86	0	20	14	43	5	0	0	0	0	0	0	238	2	0	26	9	3	0	0	0	10	0	20	13	4	7	0	0	13	0	119	0	18	7	86	0
416	408	5	0	27	400	1	0	0	5	0	27	0	0	6	0	1	0	0	129	392	1	0	0	1	0	0	0	0	0	0	0	0	0	62	5	0	27	0	0	0	0	1	0	0	0	0	0	6	0	1	0	0	129	384	1	0	0	1	0	0	0	0	0	0	0	0	0	62	1	0	0	0	0	0	0	0	0	0	0	0	0	0	0	0	0	0	62	5	0	27	0	0	0	0	0	0	0	0	0	0	0	0	1	0	0	0	0	0	6	0	1	0	0	129	376	1	0	0	1	0	0	0	0	0	0	0	0	0	60	1	0	0	0	0	0	0	0	0	0	0	0	0	0	0	0	0	0	62	1	0	0	0	0	0	0	0	0	0	0	0	0	0	0	0	0	0	0	0	0	0	0	0	0	0	62	5	0	27	0	0	0	0	0	0	0	0	0	0	0	0	0	0	0	0	0	0	0	0	1	0	0	0	0	0	6	0	1	0	0	129
714	700	8	0	147	686	5	0	114	8	0	147	3	0	22	121	6	0	0	143	672	1	0	101	5	0	114	0	0	20	105	2	0	0	120	8	0	147	1	0	33	61	1	0	0	17	3	0	22	121	6	0	0	143	658	1	0	76	1	0	101	0	0	20	93	0	0	0	107	5	0	114	1	0	26	0	0	0	0	0	0	0	20	105	2	0	0	120	8	0	147	2	0	0	98	3	0	0	108	1	0	33	61	1	0	0	17	3	0	22	121	6	0	0	143	644	0	0	61	1	0	76	0	0	20	92	0	0	0	106	1	0	101	0	0	26	0	0	0	0	0	0	0	20	93	0	0	0	107	5	0	114	0	0	0	69	2	0	0	89	1	0	26	0	0	0	0	0	0	0	20	105	2	0	0	120	8	0	147	0	0	11	85	0	0	0	20	2	0	0	98	3	0	0	108	1	0	33	61	1	0	0	17	3	0	22	121	6	0	0	143
609	597	21	21	72	585	11	10	59	21	21	72	6	10	27	62	22	20	72	43	573	8	0	59	11	10	59	4	0	25	62	17	0	59	43	21	21	72	2	0	33	0	3	0	72	0	6	10	27	62	22	20	72	43	561	8	0	55	8	0	59	4	0	25	60	15	0	59	42	11	10	59	2	0	26	0	0	0	59	0	4	0	25	62	17	0	59	43	21	21	72	2	0	0	38	5	0	0	0	2	0	33	0	3	0	72	0	6	10	27	62	22	20	72	43	549	7	0	38	8	0	55	4	0	25	59	15	0	55	41	8	0	59	1	0	26	0	0	0	59	0	4	0	25	60	15	0	59	42	11	10	59	0	0	0	21	2	0	0	0	2	0	26	0	0	0	59	0	4	0	25	62	17	0	59	43	21	21	72	0	0	11	49	0	0	0	37	2	0	0	38	5	0	0	0	2	0	33	0	3	0	72	0	6	10	27	62	22	20	72	43
459	450	19	0	54	441	6	0	51	19	0	54	4	0	27	38	18	0	0	0	432	4	0	51	6	0	51	1	0	25	38	10	0	0	0	19	0	54	1	0	11	0	4	0	0	0	4	0	27	38	18	0	0	0	423	4	0	47	4	0	51	1	0	25	36	10	0	0	0	6	0	51	1	0	10	0	0	0	0	0	1	0	25	38	10	0	0	0	19	0	54	2	0	0	38	6	0	0	0	1	0	11	0	4	0	0	0	4	0	27	38	18	0	0	0	414	3	0	30	4	0	47	1	0	25	35	10	0	0	0	4	0	51	0	0	10	0	0	0	0	0	1	0	25	36	10	0	0	0	6	0	51	0	0	0	21	2	0	0	0	1	0	10	0	0	0	0	0	1	0	25	38	10	0	0	0	19	0	54	0	0	11	49	0	0	0	37	2	0	0	38	6	0	0	0	1	0	11	0	4	0	0	0	4	0	27	38	18	0	0	0
607	595	36	35	38	583	25	0	37	36	35	38	19	0	27	10	57	21	190	0	571	22	0	37	25	0	37	16	0	25	10	52	0	185	0	36	35	38	5	0	11	0	3	7	0	0	19	0	27	10	57	21	190	0	559	21	0	34	22	0	37	15	0	25	10	51	0	185	0	25	0	37	5	0	10	0	0	0	0	0	16	0	25	10	52	0	185	0	36	35	38	3	0	0	25	9	7	0	0	5	0	11	0	3	7	0	0	19	0	27	10	57	21	190	0	547	20	0	17	21	0	34	15	0	25	9	51	0	170	0	22	0	37	4	0	10	0	0	0	0	0	15	0	25	10	51	0	185	0	25	0	37	1	0	0	8	6	0	0	0	5	0	10	0	0	0	0	0	16	0	25	10	52	0	185	0	36	35	38	5	0	11	49	2	0	0	37	3	0	0	25	9	7	0	0	5	0	11	0	3	7	0	0	19	0	27	10	57	21	190	0
542	531	35	39	30	520	19	18	29	35	39	30	15	9	27	10	57	72	120	0	509	17	18	29	19	18	29	13	9	25	10	37	63	116	0	35	39	30	4	0	11	0	5	5	0	0	15	9	27	10	57	72	120	0	498	16	18	28	17	18	29	12	9	25	10	36	63	116	0	19	18	29	4	0	10	0	0	0	0	0	13	9	25	10	37	63	116	0	35	39	30	3	0	0	13	11	5	0	0	4	0	11	0	5	5	0	0	15	9	27	10	57	72	120	0	487	15	18	17	16	18	28	12	9	25	9	36	63	112	0	17	18	29	3	0	10	0	0	0	0	0	12	9	25	10	36	63	116	0	19	18	29	1	0	0	8	6	0	0	0	4	0	10	0	0	0	0	0	13	9	25	10	37	63	116	0	35	39	30	5	0	11	49	2	0	0	17	3	0	0	13	11	5	0	0	4	0	11	0	5	5	0	0	15	9	27	10	57	72	120	0
574	562	32	44	52	550	19	28	30	32	44	52	15	19	44	55	41	76	104	110	538	11	27	29	19	28	30	7	18	29	50	26	72	60	96	32	44	52	1	9	76	10	2	0	0	0	15	19	44	55	41	76	104	110	526	9	27	29	11	27	29	3	18	28	50	20	72	58	96	19	28	30	0	9	76	10	0	0	0	0	7	18	29	50	26	72	60	96	32	44	52	0	0	26	0	4	0	0	0	1	9	76	10	2	0	0	0	15	19	44	55	41	76	104	110	514	9	27	29	9	27	29	3	18	28	50	20	72	58	89	11	27	29	0	9	76	10	0	0	0	0	3	18	28	50	20	72	58	96	19	28	30	0	0	21	0	4	0	0	0	0	9	76	10	0	0	0	0	7	18	29	50	26	72	60	96	32	44	52	0	0	0	0	4	0	0	0	0	0	26	0	4	0	0	0	1	9	76	10	2	0	0	0	15	19	44	55	41	76	104	110
761	745	53	78	59	729	40	73	38	53	78	59	21	53	16	75	96	126	0	68	713	34	64	37	40	73	38	21	53	11	70	77	119	0	66	53	78	59	8	0	64	10	7	0	59	0	21	53	16	75	96	126	0	68	697	26	54	37	34	64	37	13	44	10	70	70	110	0	66	40	73	38	3	0	64	10	3	0	38	0	21	53	11	70	77	119	0	66	53	78	59	12	10	50	0	19	44	59	0	8	0	64	10	7	0	59	0	21	53	16	75	96	126	0	68	681	24	49	37	26	54	37	13	40	10	70	62	107	0	62	34	64	37	3	0	64	10	3	0	37	0	13	44	10	70	70	110	0	66	40	73	38	10	9	45	0	15	40	38	0	3	0	64	10	3	0	38	0	21	53	11	70	77	119	0	66	53	78	59	12	49	0	0	2	18	0	0	12	10	50	0	19	44	59	0	8	0	64	10	7	0	59	0	21	53	16	75	96	126	0	68
512	501	28	41	12	490	12	33	0	28	41	12	6	46	0	0	56	96	0	68	479	11	30	0	12	33	0	6	40	0	0	26	80	0	66	28	41	12	0	15	0	0	3	0	0	0	6	46	0	0	56	96	0	68	468	10	30	0	11	30	0	5	40	0	0	25	75	0	66	12	33	0	0	15	0	0	0	0	0	0	6	40	0	0	26	80	0	66	28	41	12	1	0	0	0	8	0	0	0	0	15	0	0	3	0	0	0	6	46	0	0	56	96	0	68	457	10	30	0	10	30	0	5	40	0	0	25	75	0	62	11	30	0	0	15	0	0	0	0	0	0	5	40	0	0	25	75	0	66	12	33	0	1	0	0	0	4	0	0	0	0	15	0	0	0	0	0	0	6	40	0	0	26	80	0	66	28	41	12	5	0	0	0	2	0	0	0	1	0	0	0	8	0	0	0	0	15	0	0	3	0	0	0	6	46	0	0	56	96	0	68
386	378	26	12	12	370	19	12	0	26	12	12	16	0	0	0	57	24	0	68	362	18	12	0	19	12	0	16	0	0	0	45	24	0	66	26	12	12	4	0	0	0	2	0	0	0	16	0	0	0	57	24	0	68	354	17	12	0	18	12	0	15	0	0	0	44	24	0	66	19	12	0	4	0	0	0	0	0	0	0	16	0	0	0	45	24	0	66	26	12	12	1	0	0	0	4	0	0	0	4	0	0	0	2	0	0	0	16	0	0	0	57	24	0	68	346	17	12	0	17	12	0	15	0	0	0	44	24	0	62	18	12	0	4	0	0	0	0	0	0	0	15	0	0	0	44	24	0	66	19	12	0	1	0	0	0	4	0	0	0	4	0	0	0	0	0	0	0	16	0	0	0	45	24	0	66	26	12	12	5	0	0	0	2	0	0	0	1	0	0	0	4	0	0	0	4	0	0	0	2	0	0	0	16	0	0	0	57	24	0	68
392	384	28	13	12	376	22	7	0	28	13	12	17	0	0	0	61	28	12	68	368	21	7	0	22	7	0	17	0	0	0	49	28	0	66	28	13	12	4	0	0	0	2	0	0	0	17	0	0	0	61	28	12	68	360	20	7	0	21	7	0	16	0	0	0	48	28	0	66	22	7	0	4	0	0	0	0	0	0	0	17	0	0	0	49	28	0	66	28	13	12	1	0	0	0	4	0	0	0	4	0	0	0	2	0	0	0	17	0	0	0	61	28	12	68	352	20	7	0	20	7	0	16	0	0	0	48	28	0	62	21	7	0	4	0	0	0	0	0	0	0	16	0	0	0	48	28	0	66	22	7	0	1	0	0	0	4	0	0	0	4	0	0	0	0	0	0	0	17	0	0	0	49	28	0	66	28	13	12	5	0	0	0	2	0	0	0	1	0	0	0	4	0	0	0	4	0	0	0	2	0	0	0	17	0	0	0	61	28	12	68
554	542	43	44	29	530	32	32	29	43	44	29	28	0	51	0	38	24	58	0	518	32	32	29	32	32	29	28	0	51	0	37	24	58	0	43	44	29	9	0	0	0	3	0	0	0	28	0	51	0	38	24	58	0	506	32	32	29	32	32	29	28	0	51	0	37	24	58	0	32	32	29	9	0	0	0	3	0	0	0	28	0	51	0	37	24	58	0	43	44	29	0	0	0	0	0	0	0	0	9	0	0	0	3	0	0	0	28	0	51	0	38	24	58	0	494	32	32	29	32	32	29	28	0	51	0	37	24	58	0	32	32	29	9	0	0	0	3	0	0	0	28	0	51	0	37	24	58	0	32	32	29	0	0	0	0	0	0	0	0	9	0	0	0	3	0	0	0	28	0	51	0	37	24	58	0	43	44	29	0	0	0	0	0	0	0	0	0	0	0	0	0	0	0	0	9	0	0	0	3	0	0	0	28	0	51	0	38	24	58	0
369	361	23	17	7	353	13	15	7	23	17	7	6	10	14	0	17	20	0	0	345	13	15	7	13	15	7	6	10	14	0	16	20	0	0	23	17	7	0	0	0	0	0	0	0	0	6	10	14	0	17	20	0	0	337	13	15	7	13	15	7	6	10	14	0	16	20	0	0	13	15	7	0	0	0	0	0	0	0	0	6	10	14	0	16	20	0	0	23	17	7	0	0	0	0	0	0	0	0	0	0	0	0	0	0	0	0	6	10	14	0	17	20	0	0	329	13	15	7	13	15	7	6	10	14	0	16	20	0	0	13	15	7	0	0	0	0	0	0	0	0	6	10	14	0	16	20	0	0	13	15	7	0	0	0	0	0	0	0	0	0	0	0	0	0	0	0	0	6	10	14	0	16	20	0	0	23	17	7	0	0	0	0	0	0	0	0	0	0	0	0	0	0	0	0	0	0	0	0	0	0	0	0	6	10	14	0	17	20	0	0
604	591	43	53	40	578	27	36	39	43	53	40	24	27	84	9	37	46	80	0	565	27	36	37	27	36	39	24	27	80	9	33	45	78	0	43	53	40	9	0	0	22	2	0	0	0	24	27	84	9	37	46	80	0	552	27	36	34	27	36	37	24	27	80	9	33	45	74	0	27	36	39	9	0	0	16	2	0	0	0	24	27	80	9	33	45	78	0	43	53	40	0	0	0	24	0	0	0	0	9	0	0	22	2	0	0	0	24	27	84	9	37	46	80	0	539	27	36	34	27	36	34	24	27	80	9	33	45	68	0	27	36	37	9	0	0	16	2	0	0	0	24	27	80	9	33	45	74	0	27	36	39	0	0	0	24	0	0	0	0	9	0	0	16	2	0	0	0	24	27	80	9	33	45	78	0	43	53	40	0	0	0	0	2	0	0	0	0	0	0	24	0	0	0	0	9	0	0	22	2	0	0	0	24	27	84	9	37	46	80	0
516	505	24	26	59	494	14	24	48	24	26	59	8	16	40	51	28	32	0	52	483	13	24	31	14	24	48	8	16	36	31	25	32	0	30	24	26	59	1	0	18	77	0	0	0	72	8	16	40	51	28	32	0	52	472	13	24	27	13	24	31	8	16	36	29	25	32	0	29	14	24	48	1	0	16	66	0	0	0	59	8	16	36	31	25	32	0	30	24	26	59	0	0	0	34	2	0	0	0	1	0	18	77	0	0	0	72	8	16	40	51	28	32	0	52	461	13	24	27	13	24	27	8	16	36	29	25	32	0	29	13	24	31	1	0	11	66	0	0	0	59	8	16	36	29	25	32	0	29	14	24	48	0	0	0	34	2	0	0	0	1	0	16	66	0	0	0	59	8	16	36	31	25	32	0	30	24	26	59	0	0	0	0	2	0	0	0	0	0	0	34	2	0	0	0	1	0	18	77	0	0	0	72	8	16	40	51	28	32	0	52
279	273	14	9	13	267	10	8	0	14	9	13	6	4	0	0	21	16	0	64	261	10	8	0	10	8	0	6	4	0	0	20	16	0	30	14	9	13	1	0	0	0	0	0	0	0	6	4	0	0	21	16	0	64	255	10	8	0	10	8	0	6	4	0	0	20	16	0	29	10	8	0	1	0	0	0	0	0	0	0	6	4	0	0	20	16	0	30	14	9	13	0	0	0	0	0	0	0	0	1	0	0	0	0	0	0	0	6	4	0	0	21	16	0	64	249	10	8	0	10	8	0	6	4	0	0	20	16	0	29	10	8	0	1	0	0	0	0	0	0	0	6	4	0	0	20	16	0	29	10	8	0	0	0	0	0	0	0	0	0	1	0	0	0	0	0	0	0	6	4	0	0	20	16	0	30	14	9	13	0	0	0	0	0	0	0	0	0	0	0	0	0	0	0	0	1	0	0	0	0	0	0	0	6	4	0	0	21	16	0	64
572	559	46	41	70	546	42	39	49	46	41	70	36	18	0	68	52	27	0	69	533	42	39	48	42	39	49	36	18	0	66	52	27	0	68	46	41	70	12	0	0	9	5	0	0	0	36	18	0	68	52	27	0	69	520	42	39	48	42	39	48	36	18	0	66	52	27	0	66	42	39	49	12	0	0	9	5	0	0	0	36	18	0	66	52	27	0	68	46	41	70	2	0	0	0	5	0	0	0	12	0	0	9	5	0	0	0	36	18	0	68	52	27	0	69	507	42	39	48	42	39	48	36	18	0	66	52	27	0	63	42	39	48	12	0	0	9	5	0	0	0	36	18	0	66	52	27	0	66	42	39	49	2	0	0	0	3	0	0	0	12	0	0	9	5	0	0	0	36	18	0	66	52	27	0	68	46	41	70	0	0	0	0	0	0	0	0	2	0	0	0	5	0	0	0	12	0	0	9	5	0	0	0	36	18	0	68	52	27	0	69
849	830	90	117	74	811	74	99	54	90	117	74	46	207	12	61	109	139	0	69	792	72	90	51	74	99	54	40	180	12	59	105	130	0	68	90	117	74	7	90	0	29	8	20	0	0	46	207	12	61	109	139	0	69	773	72	90	51	72	90	51	40	180	10	59	105	130	0	66	74	99	54	7	90	0	29	8	20	0	0	40	180	12	59	105	130	0	68	90	117	74	29	0	0	0	21	0	0	0	7	90	0	29	8	20	0	0	46	207	12	61	109	139	0	69	754	70	90	51	72	90	51	40	180	10	59	105	130	0	63	72	90	51	7	90	0	29	8	20	0	0	40	180	10	59	105	130	0	66	74	99	54	27	0	0	0	15	0	0	0	7	90	0	29	8	20	0	0	40	180	12	59	105	130	0	68	90	117	74	17	0	0	0	0	0	0	0	29	0	0	0	21	0	0	0	7	90	0	29	8	20	0	0	46	207	12	61	109	139	0	69
770	751	79	113	86	732	64	96	82	79	113	86	43	84	38	40	116	129	86	0	713	64	96	78	64	96	82	43	84	38	38	106	129	82	0	79	113	86	15	0	0	41	10	0	0	0	43	84	38	40	116	129	86	0	694	61	96	78	64	96	78	43	84	34	38	106	129	78	0	64	96	82	12	0	0	41	6	0	0	0	43	84	38	38	106	129	82	0	79	113	86	14	0	0	0	20	37	0	0	15	0	0	41	10	0	0	0	43	84	38	40	116	129	86	0	675	59	96	78	61	96	78	43	84	34	38	99	129	78	0	64	96	78	12	0	0	41	6	0	0	0	43	84	34	38	106	129	78	0	64	96	82	12	0	0	0	8	15	0	0	12	0	0	41	6	0	0	0	43	84	38	38	106	129	82	0	79	113	86	13	0	0	0	0	0	0	0	14	0	0	0	20	37	0	0	15	0	0	41	10	0	0	0	43	84	38	40	116	129	86	0
790	772	105	120	48	754	82	109	46	105	120	48	63	32	21	20	178	202	48	0	736	82	109	34	82	109	46	63	32	21	18	156	196	46	0	105	120	48	21	0	0	29	12	0	0	59	63	32	21	20	178	202	48	0	718	78	97	34	82	109	34	63	32	10	18	156	196	34	0	82	109	46	17	0	0	29	9	0	0	38	63	32	21	18	156	196	46	0	105	120	48	22	114	0	0	44	34	0	0	21	0	0	29	12	0	0	59	63	32	21	20	178	202	48	0	700	77	71	34	78	97	34	63	28	10	18	149	181	34	0	82	109	34	17	0	0	29	9	0	0	37	63	32	10	18	156	196	34	0	82	109	46	21	80	0	0	23	16	0	0	17	0	0	29	9	0	0	38	63	32	21	18	156	196	46	0	105	120	48	22	94	9	0	1	0	96	0	22	114	0	0	44	34	0	0	21	0	0	29	12	0	0	59	63	32	21	20	178	202	48	0
727	710	85	96	89	693	68	78	89	85	96	89	37	0	38	0	156	169	178	0	676	67	78	86	68	78	89	36	0	38	0	143	160	178	0	85	96	89	7	0	0	32	8	9	0	0	37	0	38	0	156	169	178	0	659	62	78	86	67	78	86	34	0	34	0	138	160	172	0	68	78	89	2	0	0	32	4	0	0	0	36	0	38	0	143	160	178	0	85	96	89	31	0	0	0	28	52	0	0	7	0	0	32	8	9	0	0	37	0	38	0	156	169	178	0	642	60	77	86	62	78	86	34	0	34	0	124	160	172	0	67	78	86	2	0	0	32	4	0	0	0	34	0	34	0	138	160	172	0	68	78	89	29	0	0	0	15	16	0	0	2	0	0	32	4	0	0	0	36	0	38	0	143	160	178	0	85	96	89	24	14	0	0	2	0	0	0	31	0	0	0	28	52	0	0	7	0	0	32	8	9	0	0	37	0	38	0	156	169	178	0
544	532	59	29	87	520	45	29	53	59	29	87	35	0	0	83	134	107	0	223	508	42	29	52	45	29	53	30	0	0	83	111	107	0	217	59	29	87	10	0	0	18	0	0	0	0	35	0	0	83	134	107	0	223	496	35	11	38	42	29	52	24	0	0	64	97	107	0	198	45	29	53	4	0	0	16	0	0	0	0	30	0	0	83	111	107	0	217	59	29	87	10	0	24	64	13	0	174	59	10	0	0	18	0	0	0	0	35	0	0	83	134	107	0	223	484	29	11	33	35	11	38	16	0	0	64	73	44	0	198	42	29	52	4	0	0	11	0	0	0	0	24	0	0	64	97	107	0	198	45	29	53	10	0	9	54	6	0	106	38	4	0	0	16	0	0	0	0	30	0	0	83	111	107	0	217	59	29	87	11	0	54	55	0	0	0	0	10	0	24	64	13	0	174	59	10	0	0	18	0	0	0	0	35	0	0	83	134	107	0	223
528	516	64	50	33	504	34	40	22	64	50	33	24	30	9	26	167	203	33	89	492	32	32	22	34	40	22	20	22	9	26	102	169	22	89	64	50	33	8	12	0	0	1	0	33	0	24	30	9	26	167	203	33	89	480	28	20	21	32	32	22	16	10	9	24	93	132	22	86	34	40	22	4	0	0	0	1	0	22	0	20	22	9	26	102	169	22	89	64	50	33	0	0	0	12	8	0	66	0	8	12	0	0	1	0	33	0	24	30	9	26	167	203	33	89	468	28	20	21	28	20	21	16	10	9	24	79	90	21	86	32	32	22	4	0	0	0	1	0	22	0	16	10	9	24	93	132	22	86	34	40	22	0	0	0	12	1	0	44	0	4	0	0	0	1	0	22	0	20	22	9	26	102	169	22	89	64	50	33	1	0	0	0	1	0	0	0	0	0	0	12	8	0	66	0	8	12	0	0	1	0	33	0	24	30	9	26	167	203	33	89
619	605	79	73	14	591	37	52	14	79	73	14	34	68	24	0	205	284	28	0	577	33	36	14	37	52	14	24	36	24	0	111	218	28	0	79	73	14	6	24	15	0	7	0	28	0	34	68	24	0	205	284	28	0	563	29	24	14	33	36	14	22	12	24	0	96	150	28	0	37	52	14	4	0	15	0	7	0	28	0	24	36	24	0	111	218	28	0	79	73	14	0	0	0	0	9	0	28	0	6	24	15	0	7	0	28	0	34	68	24	0	205	284	28	0	549	29	24	14	29	24	14	22	12	24	0	82	108	28	0	33	36	14	4	0	15	0	7	0	28	0	22	12	24	0	96	150	28	0	37	52	14	0	0	0	0	2	0	28	0	4	0	15	0	7	0	28	0	24	36	24	0	111	218	28	0	79	73	14	0	0	0	0	1	0	0	0	0	0	0	0	9	0	28	0	6	24	15	0	7	0	28	0	34	68	24	0	205	284	28	0
386	377	50	27	9	368	30	15	9	50	27	9	26	0	9	0	135	71	27	0	359	27	15	9	30	15	9	21	0	9	0	88	51	27	0	50	27	9	6	0	0	0	15	0	0	0	26	0	9	0	135	71	27	0	350	23	15	9	27	15	9	15	0	9	0	74	51	27	0	30	15	9	0	0	0	0	8	0	0	0	21	0	9	0	88	51	27	0	50	27	9	0	0	0	0	3	0	0	0	6	0	0	0	15	0	0	0	26	0	9	0	135	71	27	0	341	23	15	9	23	15	9	15	0	9	0	60	51	27	0	27	15	9	0	0	0	0	8	0	0	0	15	0	9	0	74	51	27	0	30	15	9	0	0	0	0	3	0	0	0	0	0	0	0	8	0	0	0	21	0	9	0	88	51	27	0	50	27	9	0	0	0	0	1	0	0	0	0	0	0	0	3	0	0	0	6	0	0	0	15	0	0	0	26	0	9	0	135	71	27	0
431	420	50	44	9	409	30	28	9	50	44	9	26	28	9	0	127	80	36	0	398	25	28	9	30	28	9	16	28	9	0	84	56	36	0	50	44	9	5	0	0	0	22	21	0	0	26	28	9	0	127	80	36	0	387	22	28	9	25	28	9	12	28	9	0	68	56	36	0	30	28	9	0	0	0	0	12	21	0	0	16	28	9	0	84	56	36	0	50	44	9	0	0	0	0	5	9	0	0	5	0	0	0	22	21	0	0	26	28	9	0	127	80	36	0	376	22	28	9	22	28	9	12	28	9	0	57	56	36	0	25	28	9	0	0	0	0	6	21	0	0	12	28	9	0	68	56	36	0	30	28	9	0	0	0	0	3	7	0	0	0	0	0	0	12	21	0	0	16	28	9	0	84	56	36	0	50	44	9	0	0	0	0	1	0	0	0	0	0	0	0	5	9	0	0	5	0	0	0	22	21	0	0	26	28	9	0	127	80	36	0
584	570	57	53	32	556	33	33	14	57	53	32	26	22	30	41	159	122	64	32	542	28	33	14	33	33	14	16	22	15	41	93	66	28	32	57	53	32	1	0	12	0	15	33	0	0	26	22	30	41	159	122	64	32	528	27	33	14	28	33	14	16	22	15	41	79	66	28	32	33	33	14	0	0	0	0	12	33	0	0	16	22	15	41	93	66	28	32	57	53	32	0	0	0	0	5	13	0	0	1	0	12	0	15	33	0	0	26	22	30	41	159	122	64	32	514	27	33	14	27	33	14	16	22	15	41	75	66	28	32	28	33	14	0	0	0	0	6	33	0	0	16	22	15	41	79	66	28	32	33	33	14	0	0	0	0	3	11	0	0	0	0	0	0	12	33	0	0	16	22	15	41	93	66	28	32	57	53	32	0	0	0	0	1	0	0	0	0	0	0	0	5	13	0	0	1	0	12	0	15	33	0	0	26	22	30	41	159	122	64	32
791	772	85	122	25	753	48	90	5	85	122	25	35	65	36	5	210	296	75	65	734	44	90	5	48	90	5	29	65	15	5	117	219	15	54	85	122	25	2	0	24	0	17	0	0	0	35	65	36	5	210	296	75	65	715	44	90	5	44	90	5	29	65	15	5	103	219	15	54	48	90	5	2	0	0	0	11	0	0	0	29	65	15	5	117	219	15	54	85	122	25	2	0	0	0	6	0	0	0	2	0	24	0	17	0	0	0	35	65	36	5	210	296	75	65	696	43	90	5	44	90	5	29	65	15	5	103	219	15	53	44	90	5	2	0	0	0	11	0	0	0	29	65	15	5	103	219	15	54	48	90	5	0	0	0	0	4	0	0	0	2	0	0	0	11	0	0	0	29	65	15	5	117	219	15	54	85	122	25	6	0	0	0	0	12	0	0	2	0	0	0	6	0	0	0	2	0	24	0	17	0	0	0	35	65	36	5	210	296	75	65
365	357	40	15	6	349	23	0	5	40	15	6	13	0	18	5	105	40	18	0	341	23	0	5	23	0	5	13	0	15	5	59	0	15	0	40	15	6	0	0	0	0	5	0	0	0	13	0	18	5	105	40	18	0	333	23	0	5	23	0	5	13	0	15	5	59	0	15	0	23	0	5	0	0	0	0	5	0	0	0	13	0	15	5	59	0	15	0	40	15	6	0	0	0	0	3	0	0	0	0	0	0	0	5	0	0	0	13	0	18	5	105	40	18	0	325	23	0	5	23	0	5	13	0	15	5	59	0	15	0	23	0	5	0	0	0	0	5	0	0	0	13	0	15	5	59	0	15	0	23	0	5	0	0	0	0	3	0	0	0	0	0	0	0	5	0	0	0	13	0	15	5	59	0	15	0	40	15	6	0	0	0	0	1	0	0	0	0	0	0	0	3	0	0	0	0	0	0	0	5	0	0	0	13	0	18	5	105	40	18	0
389	379	46	29	7	369	28	27	0	46	29	7	26	14	0	0	98	64	0	18	359	27	27	0	28	27	0	22	14	0	0	57	61	0	18	46	29	7	1	0	0	0	20	7	0	0	26	14	0	0	98	64	0	18	349	26	27	0	27	27	0	22	14	0	0	56	61	0	18	28	27	0	0	0	0	0	10	7	0	0	22	14	0	0	57	61	0	18	46	29	7	0	0	0	0	4	8	0	0	1	0	0	0	20	7	0	0	26	14	0	0	98	64	0	18	339	26	27	0	26	27	0	22	14	0	0	52	61	0	18	27	27	0	0	0	0	0	7	7	0	0	22	14	0	0	56	61	0	18	28	27	0	0	0	0	0	3	7	0	0	0	0	0	0	10	7	0	0	22	14	0	0	57	61	0	18	46	29	7	0	0	0	0	1	0	0	0	0	0	0	0	4	8	0	0	1	0	0	0	20	7	0	0	26	14	0	0	98	64	0	18
354	345	37	25	3	336	21	18	0	37	25	3	17	12	0	0	87	50	3	9	327	20	18	0	21	18	0	13	12	0	0	49	42	0	9	37	25	3	1	0	0	0	20	6	0	0	17	12	0	0	87	50	3	9	318	19	18	0	20	18	0	13	12	0	0	48	42	0	9	21	18	0	0	0	0	0	10	6	0	0	13	12	0	0	49	42	0	9	37	25	3	0	0	0	0	4	7	0	0	1	0	0	0	20	6	0	0	17	12	0	0	87	50	3	9	309	19	18	0	19	18	0	13	12	0	0	44	42	0	9	20	18	0	0	0	0	0	7	6	0	0	13	12	0	0	48	42	0	9	21	18	0	0	0	0	0	3	6	0	0	0	0	0	0	10	6	0	0	13	12	0	0	49	42	0	9	37	25	3	0	0	0	0	1	0	0	0	0	0	0	0	4	7	0	0	1	0	0	0	20	6	0	0	17	12	0	0	87	50	3	9
483	472	43	19	37	461	24	10	6	43	19	37	17	0	0	18	115	49	37	66	450	24	10	5	24	10	6	17	0	0	15	67	40	6	24	43	19	37	0	0	0	5	4	0	0	0	17	0	0	18	115	49	37	66	439	24	10	5	24	10	5	17	0	0	15	67	40	5	24	24	10	6	0	0	0	5	4	0	0	0	17	0	0	15	67	40	6	24	43	19	37	0	0	0	0	2	0	0	0	0	0	0	5	4	0	0	0	17	0	0	18	115	49	37	66	428	24	10	5	24	10	5	17	0	0	15	67	40	5	24	24	10	5	0	0	0	5	4	0	0	0	17	0	0	15	67	40	5	24	24	10	6	0	0	0	0	2	0	0	0	0	0	0	5	4	0	0	0	17	0	0	15	67	40	6	24	43	19	37	0	0	0	0	1	0	0	0	0	0	0	0	2	0	0	0	0	0	0	5	4	0	0	0	17	0	0	18	115	49	37	66
491	480	49	28	22	469	23	0	17	49	28	22	23	0	26	30	125	77	88	0	458	20	0	10	23	0	17	17	0	22	15	72	0	68	0	49	28	22	4	0	15	5	0	0	0	14	23	0	26	30	125	77	88	0	447	20	0	10	20	0	10	17	0	10	15	67	0	40	0	23	0	17	4	0	15	5	0	0	0	14	17	0	22	15	72	0	68	0	49	28	22	0	0	0	0	6	0	0	0	4	0	15	5	0	0	0	14	23	0	26	30	125	77	88	0	436	20	0	10	20	0	10	17	0	10	15	67	0	40	0	20	0	10	4	0	15	5	0	0	0	14	17	0	10	15	67	0	40	0	23	0	17	0	0	0	0	0	0	0	0	4	0	15	5	0	0	0	14	17	0	22	15	72	0	68	0	49	28	22	0	0	0	0	0	0	0	0	0	0	0	0	6	0	0	0	4	0	15	5	0	0	0	14	23	0	26	30	125	77	88	0
771	753	75	97	47	735	33	45	18	75	97	47	27	30	30	36	179	346	235	63	717	33	45	5	33	45	18	27	30	24	15	93	180	90	24	75	97	47	4	0	0	5	3	0	0	47	27	30	30	36	179	346	235	63	699	33	45	5	33	45	5	27	30	0	15	93	180	25	24	33	45	18	4	0	0	5	3	0	0	36	27	30	24	15	93	180	90	24	75	97	47	0	0	0	0	12	0	0	0	4	0	0	5	3	0	0	47	27	30	30	36	179	346	235	63	681	33	45	5	33	45	5	27	30	0	15	93	180	25	24	33	45	5	4	0	0	5	3	0	0	36	27	30	0	15	93	180	25	24	33	45	18	0	0	0	0	1	0	0	0	4	0	0	5	3	0	0	36	27	30	24	15	93	180	90	24	75	97	47	0	0	0	0	1	0	0	0	0	0	0	0	12	0	0	0	4	0	0	5	3	0	0	47	27	30	30	36	179	346	235	63
426	416	40	28	14	406	19	16	0	40	28	14	13	0	0	0	105	56	28	31	396	19	16	0	19	16	0	13	0	0	0	57	32	0	10	40	28	14	0	0	0	0	0	0	0	0	13	0	0	0	105	56	28	31	386	19	16	0	19	16	0	13	0	0	0	57	32	0	10	19	16	0	0	0	0	0	0	0	0	0	13	0	0	0	57	32	0	10	40	28	14	0	0	0	0	2	0	0	0	0	0	0	0	0	0	0	0	13	0	0	0	105	56	28	31	376	19	16	0	19	16	0	13	0	0	0	57	32	0	10	19	16	0	0	0	0	0	0	0	0	0	13	0	0	0	57	32	0	10	19	16	0	0	0	0	0	0	0	0	0	0	0	0	0	0	0	0	0	13	0	0	0	57	32	0	10	40	28	14	0	0	0	0	1	0	0	0	0	0	0	0	2	0	0	0	0	0	0	0	0	0	0	0	13	0	0	0	105	56	28	31
346	338	34	19	0	330	11	7	0	34	19	0	8	0	0	0	85	56	0	0	322	11	7	0	11	7	0	8	0	0	0	37	28	0	0	34	19	0	0	0	0	0	0	0	0	0	8	0	0	0	85	56	0	0	314	11	7	0	11	7	0	8	0	0	0	37	28	0	0	11	7	0	0	0	0	0	0	0	0	0	8	0	0	0	37	28	0	0	34	19	0	0	0	0	0	4	0	0	0	0	0	0	0	0	0	0	0	8	0	0	0	85	56	0	0	306	11	7	0	11	7	0	8	0	0	0	37	28	0	0	11	7	0	0	0	0	0	0	0	0	0	8	0	0	0	37	28	0	0	11	7	0	0	0	0	0	0	0	0	0	0	0	0	0	0	0	0	0	8	0	0	0	37	28	0	0	34	19	0	0	0	0	0	0	0	0	0	0	0	0	0	4	0	0	0	0	0	0	0	0	0	0	0	8	0	0	0	85	56	0	0
789	771	61	45	92	753	35	0	67	61	45	92	22	0	87	28	135	45	276	69	735	35	0	64	35	0	67	22	0	84	23	93	0	201	35	61	45	92	8	0	0	18	4	0	0	0	22	0	87	28	135	45	276	69	717	33	0	41	35	0	64	22	0	84	5	93	0	192	15	35	0	67	4	0	0	0	2	0	0	0	22	0	84	23	93	0	201	35	61	45	92	10	0	0	17	15	30	0	134	8	0	0	18	4	0	0	0	22	0	87	28	135	45	276	69	699	28	0	33	33	0	41	22	0	78	5	93	0	123	15	35	0	64	4	0	0	0	2	0	0	0	22	0	84	5	93	0	192	15	35	0	67	0	0	0	9	5	0	0	89	4	0	0	0	2	0	0	0	22	0	84	23	93	0	201	35	61	45	92	0	0	40	9	0	0	0	48	10	0	0	17	15	30	0	134	8	0	0	18	4	0	0	0	22	0	87	28	135	45	276	69
525	513	45	27	33	501	26	0	5	45	27	33	20	0	18	5	95	27	99	83	489	26	0	5	26	0	5	20	0	15	5	67	0	15	35	45	27	33	8	0	0	0	4	0	0	0	20	0	18	5	95	27	99	83	477	24	0	5	26	0	5	20	0	15	5	67	0	15	15	26	0	5	4	0	0	0	2	0	0	0	20	0	15	5	67	0	15	35	45	27	33	0	0	0	0	11	18	0	0	8	0	0	0	4	0	0	0	20	0	18	5	95	27	99	83	465	24	0	5	24	0	5	20	0	15	5	67	0	15	15	26	0	5	4	0	0	0	2	0	0	0	20	0	15	5	67	0	15	15	26	0	5	0	0	0	0	5	0	0	0	4	0	0	0	2	0	0	0	20	0	15	5	67	0	15	35	45	27	33	0	0	0	0	0	0	0	0	0	0	0	0	11	18	0	0	8	0	0	0	4	0	0	0	20	0	18	5	95	27	99	83
810	790	66	136	52	770	29	88	32	66	136	52	14	120	16	23	140	316	208	69	750	29	84	29	29	88	32	14	112	16	18	76	240	128	35	66	136	52	4	56	0	18	7	0	0	0	14	120	16	23	140	316	208	69	730	27	84	7	29	84	29	14	112	16	0	76	238	116	15	29	88	32	0	56	0	0	2	0	0	0	14	112	16	18	76	240	128	35	66	136	52	10	0	0	7	19	20	0	134	4	56	0	18	7	0	0	0	14	120	16	23	140	316	208	69	710	22	84	0	27	84	7	14	112	14	0	76	238	28	15	29	84	29	0	56	0	0	2	0	0	0	14	112	16	0	76	238	116	15	29	88	32	0	0	0	0	5	0	0	89	0	56	0	0	2	0	0	0	14	112	16	18	76	240	128	35	66	136	52	0	0	40	0	0	0	0	48	10	0	0	7	19	20	0	134	4	56	0	18	7	0	0	0	14	120	16	23	140	316	208	69
607	592	49	65	36	577	17	50	0	49	65	36	14	60	0	0	103	185	36	120	562	17	50	0	17	50	0	14	60	0	0	47	170	0	41	49	65	36	4	0	0	0	0	0	0	0	14	60	0	0	103	185	36	120	547	17	50	0	17	50	0	14	60	0	0	47	170	0	20	17	50	0	4	0	0	0	0	0	0	0	14	60	0	0	47	170	0	41	49	65	36	0	0	0	0	11	0	0	0	4	0	0	0	0	0	0	0	14	60	0	0	103	185	36	120	532	17	50	0	17	50	0	14	60	0	0	47	170	0	20	17	50	0	4	0	0	0	0	0	0	0	14	60	0	0	47	170	0	20	17	50	0	0	0	0	0	0	0	0	0	4	0	0	0	0	0	0	0	14	60	0	0	47	170	0	41	49	65	36	0	0	0	0	0	0	0	0	0	0	0	0	11	0	0	0	4	0	0	0	0	0	0	0	14	60	0	0	103	185	36	120
565	551	47	69	10	537	20	40	0	47	69	10	16	40	0	0	97	112	50	47	523	20	40	0	20	40	0	16	40	0	0	57	60	0	18	47	69	10	8	0	0	0	9	0	0	0	16	40	0	0	97	112	50	47	509	18	40	0	20	40	0	16	40	0	0	57	60	0	5	20	40	0	4	0	0	0	2	0	0	0	16	40	0	0	57	60	0	18	47	69	10	0	0	0	0	14	10	0	0	8	0	0	0	9	0	0	0	16	40	0	0	97	112	50	47	495	18	40	0	18	40	0	16	40	0	0	57	60	0	5	20	40	0	4	0	0	0	2	0	0	0	16	40	0	0	57	60	0	5	20	40	0	0	0	0	0	5	0	0	0	4	0	0	0	2	0	0	0	16	40	0	0	57	60	0	18	47	69	10	0	0	0	0	0	0	0	0	0	0	0	0	14	10	0	0	8	0	0	0	9	0	0	0	16	40	0	0	97	112	50	47
641	626	40	44	57	611	21	0	48	40	44	57	15	0	9	32	52	132	228	10	596	18	0	47	21	0	48	8	0	9	30	33	0	192	0	40	44	57	8	0	9	5	7	22	0	0	15	0	9	32	52	132	228	10	581	16	0	47	18	0	47	8	0	9	30	33	0	188	0	21	0	48	4	0	9	5	4	0	0	0	8	0	9	30	33	0	192	0	40	44	57	0	0	0	0	7	0	0	0	8	0	9	5	7	22	0	0	15	0	9	32	52	132	228	10	566	16	0	46	16	0	47	8	0	9	29	33	0	188	0	18	0	47	4	0	9	5	4	0	0	0	8	0	9	30	33	0	188	0	21	0	48	0	0	0	0	7	0	0	0	4	0	9	5	4	0	0	0	8	0	9	30	33	0	192	0	40	44	57	0	0	0	10	0	0	0	0	0	0	0	0	7	0	0	0	8	0	9	5	7	22	0	0	15	0	9	32	52	132	228	10
516	504	31	0	74	492	21	0	23	31	0	74	18	0	0	23	74	0	0	223	480	21	0	22	21	0	23	18	0	0	21	51	0	0	104	31	0	74	8	0	0	5	7	0	0	0	18	0	0	23	74	0	0	223	468	19	0	22	21	0	22	18	0	0	21	51	0	0	98	21	0	23	4	0	0	5	2	0	0	0	18	0	0	21	51	0	0	104	31	0	74	0	0	0	0	5	0	0	0	8	0	0	5	7	0	0	0	18	0	0	23	74	0	0	223	456	19	0	21	19	0	22	18	0	0	20	51	0	0	53	21	0	22	4	0	0	5	2	0	0	0	18	0	0	21	51	0	0	98	21	0	23	0	0	0	0	5	0	0	0	4	0	0	5	2	0	0	0	18	0	0	21	51	0	0	104	31	0	74	0	0	0	10	0	0	0	0	0	0	0	0	5	0	0	0	8	0	0	5	7	0	0	0	18	0	0	23	74	0	0	223
515	503	38	11	69	491	28	0	25	38	11	69	17	0	0	39	75	11	69	187	479	27	0	24	28	0	25	16	0	0	37	53	0	25	104	38	11	69	12	0	0	5	8	11	0	0	17	0	0	39	75	11	69	187	467	20	0	24	27	0	24	16	0	0	37	53	0	24	98	28	0	25	8	0	0	5	4	0	0	0	16	0	0	37	53	0	25	104	38	11	69	0	0	50	0	7	0	0	0	12	0	0	5	8	11	0	0	17	0	0	39	75	11	69	187	455	20	0	22	20	0	24	16	0	0	34	49	0	24	53	27	0	24	8	0	0	5	4	0	0	0	16	0	0	37	53	0	24	98	28	0	25	0	0	40	0	7	0	0	0	8	0	0	5	4	0	0	0	16	0	0	37	53	0	25	104	38	11	69	0	0	0	17	0	0	0	0	0	0	50	0	7	0	0	0	12	0	0	5	8	11	0	0	17	0	0	39	75	11	69	187
690	673	66	86	61	656	48	66	19	66	86	61	38	0	0	27	111	128	122	187	639	45	62	19	48	66	19	29	0	0	27	79	98	38	104	66	86	61	25	40	0	0	16	38	0	0	38	0	0	27	111	128	122	187	622	35	42	19	45	62	19	25	0	0	27	77	98	38	98	48	66	19	11	0	0	0	6	28	0	0	29	0	0	27	79	98	38	104	66	86	61	17	0	50	0	10	70	122	0	25	40	0	0	16	38	0	0	38	0	0	27	111	128	122	187	605	35	42	17	35	42	19	25	0	0	24	72	98	38	53	45	62	19	11	0	0	0	6	28	0	0	25	0	0	27	77	98	38	98	48	66	19	17	0	40	0	10	70	38	0	11	0	0	0	6	28	0	0	29	0	0	27	79	98	38	104	66	86	61	5	0	0	17	0	0	0	0	17	0	50	0	10	70	122	0	25	40	0	0	16	38	0	0	38	0	0	27	111	128	122	187
415	405	40	27	15	395	22	9	0	40	27	15	17	0	0	0	64	78	45	62	385	21	9	0	22	9	0	16	0	0	0	45	36	0	32	40	27	15	12	0	0	0	8	6	0	0	17	0	0	0	64	78	45	62	375	19	9	0	21	9	0	16	0	0	0	45	36	0	29	22	9	0	8	0	0	0	4	0	0	0	16	0	0	0	45	36	0	32	40	27	15	0	0	0	0	7	0	0	0	12	0	0	0	8	6	0	0	17	0	0	0	64	78	45	62	365	19	9	0	19	9	0	16	0	0	0	45	36	0	7	21	9	0	8	0	0	0	4	0	0	0	16	0	0	0	45	36	0	29	22	9	0	0	0	0	0	7	0	0	0	8	0	0	0	4	0	0	0	16	0	0	0	45	36	0	32	40	27	15	0	0	0	0	0	0	0	0	0	0	0	0	7	0	0	0	12	0	0	0	8	6	0	0	17	0	0	0	64	78	45	62
710	693	45	52	79	676	20	0	61	45	52	79	21	0	97	9	34	13	316	72	659	15	0	61	20	0	61	6	0	96	9	26	0	244	48	45	52	79	4	0	30	0	2	0	0	0	21	0	97	9	34	13	316	72	642	15	0	61	15	0	61	6	0	96	9	26	0	244	47	20	0	61	4	0	30	0	2	0	0	0	6	0	96	9	26	0	244	48	45	52	79	0	0	0	0	2	0	0	0	4	0	30	0	2	0	0	0	21	0	97	9	34	13	316	72	625	15	0	61	15	0	61	6	0	96	9	26	0	244	47	15	0	61	4	0	30	0	2	0	0	0	6	0	96	9	26	0	244	47	20	0	61	0	0	0	0	2	0	0	0	4	0	30	0	2	0	0	0	6	0	96	9	26	0	244	48	45	52	79	0	0	0	0	0	0	0	0	0	0	0	0	2	0	0	0	4	0	30	0	2	0	0	0	21	0	97	9	34	13	316	72
614	598	58	82	48	582	29	68	10	58	82	48	34	57	30	0	49	135	48	202	566	21	55	10	29	68	10	12	44	30	0	29	125	10	92	58	82	48	11	44	50	0	8	22	48	0	34	57	30	0	49	135	48	202	550	19	55	10	21	55	10	8	44	30	0	27	121	10	90	29	68	10	3	44	30	0	4	22	10	0	12	44	30	0	29	125	10	92	58	82	48	2	0	0	0	7	22	0	0	11	44	50	0	8	22	48	0	34	57	30	0	49	135	48	202	534	19	55	10	19	55	10	8	44	30	0	27	121	10	90	21	55	10	3	44	30	0	4	22	10	0	8	44	30	0	27	121	10	90	29	68	10	2	0	0	0	7	22	0	0	3	44	30	0	4	22	10	0	12	44	30	0	29	125	10	92	58	82	48	0	0	0	0	0	0	0	0	2	0	0	0	7	22	0	0	11	44	50	0	8	22	48	0	34	57	30	0	49	135	48	202
557	543	48	65	21	529	30	30	10	48	65	21	25	30	30	0	43	30	105	57	515	26	24	10	30	30	10	15	0	30	0	38	12	50	48	48	65	21	7	0	30	0	5	0	21	0	25	30	30	0	43	30	105	57	501	26	24	10	26	24	10	15	0	30	0	38	12	50	47	30	30	10	7	0	30	0	5	0	10	0	15	0	30	0	38	12	50	48	48	65	21	2	0	0	0	4	0	0	0	7	0	30	0	5	0	21	0	25	30	30	0	43	30	105	57	487	26	24	10	26	24	10	15	0	30	0	38	12	50	47	26	24	10	7	0	30	0	5	0	10	0	15	0	30	0	38	12	50	47	30	30	10	2	0	0	0	4	0	0	0	7	0	30	0	5	0	10	0	15	0	30	0	38	12	50	48	48	65	21	0	0	0	0	0	0	0	0	2	0	0	0	4	0	0	0	7	0	30	0	5	0	21	0	25	30	30	0	43	30	105	57
407	397	36	23	27	387	18	9	0	36	23	27	12	0	0	0	34	36	54	133	377	14	9	0	18	9	0	6	0	0	0	27	36	0	67	36	23	27	4	0	20	0	4	0	0	0	12	0	0	0	34	36	54	133	367	14	9	0	14	9	0	6	0	0	0	27	36	0	66	18	9	0	4	0	0	0	4	0	0	0	6	0	0	0	27	36	0	67	36	23	27	0	0	0	0	7	0	0	0	4	0	20	0	4	0	0	0	12	0	0	0	34	36	54	133	357	14	9	0	14	9	0	6	0	0	0	27	36	0	66	14	9	0	4	0	0	0	4	0	0	0	6	0	0	0	27	36	0	66	18	9	0	0	0	0	0	7	0	0	0	4	0	0	0	4	0	0	0	6	0	0	0	27	36	0	67	36	23	27	0	0	0	0	0	0	0	0	0	0	0	0	7	0	0	0	4	0	20	0	4	0	0	0	12	0	0	0	34	36	54	133
423	412	30	42	0	401	13	24	0	30	42	0	10	16	0	0	24	36	0	0	390	11	24	0	13	24	0	4	16	0	0	18	32	0	0	30	42	0	4	0	0	0	2	0	0	0	10	16	0	0	24	36	0	0	379	11	24	0	11	24	0	4	16	0	0	18	32	0	0	13	24	0	4	0	0	0	2	0	0	0	4	16	0	0	18	32	0	0	30	42	0	0	0	0	0	2	0	0	0	4	0	0	0	2	0	0	0	10	16	0	0	24	36	0	0	368	11	24	0	11	24	0	4	16	0	0	18	32	0	0	11	24	0	4	0	0	0	2	0	0	0	4	16	0	0	18	32	0	0	13	24	0	0	0	0	0	2	0	0	0	4	0	0	0	2	0	0	0	4	16	0	0	18	32	0	0	30	42	0	0	0	0	0	0	0	0	0	0	0	0	0	2	0	0	0	4	0	0	0	2	0	0	0	10	16	0	0	24	36	0	0
492	480	17	0	70	468	14	0	27	17	0	70	6	0	15	27	22	0	0	175	456	14	0	26	14	0	27	6	0	0	26	22	0	0	81	17	0	70	4	0	0	9	2	0	0	0	6	0	15	27	22	0	0	175	444	14	0	26	14	0	26	6	0	0	26	22	0	0	81	14	0	27	4	0	0	9	2	0	0	0	6	0	0	26	22	0	0	81	17	0	70	0	0	0	0	2	0	0	0	4	0	0	9	2	0	0	0	6	0	15	27	22	0	0	175	432	14	0	26	14	0	26	6	0	0	26	22	0	0	81	14	0	26	4	0	0	9	2	0	0	0	6	0	0	26	22	0	0	81	14	0	27	0	0	0	0	2	0	0	0	4	0	0	9	2	0	0	0	6	0	0	26	22	0	0	81	17	0	70	0	0	0	0	0	0	0	0	0	0	0	0	2	0	0	0	4	0	0	9	2	0	0	0	6	0	15	27	22	0	0	175
492	480	14	0	76	468	9	0	40	14	0	76	2	0	45	52	11	0	0	127	456	9	0	40	9	0	40	2	0	30	52	11	0	0	71	14	0	76	0	0	0	0	0	0	0	0	2	0	45	52	11	0	0	127	444	9	0	40	9	0	40	2	0	30	52	11	0	0	71	9	0	40	0	0	0	0	0	0	0	0	2	0	30	52	11	0	0	71	14	0	76	0	0	0	0	0	0	0	0	0	0	0	0	0	0	0	0	2	0	45	52	11	0	0	127	432	9	0	40	9	0	40	2	0	30	52	11	0	0	71	9	0	40	0	0	0	0	0	0	0	0	2	0	30	52	11	0	0	71	9	0	40	0	0	0	0	0	0	0	0	0	0	0	0	0	0	0	0	2	0	30	52	11	0	0	71	14	0	76	0	0	0	0	0	0	0	0	0	0	0	0	0	0	0	0	0	0	0	0	0	0	0	0	2	0	45	52	11	0	0	127
399	389	20	9	41	379	15	9	17	20	9	41	5	0	6	9	16	9	0	100	369	15	9	17	15	9	17	5	0	0	9	16	9	0	71	20	9	41	0	0	0	0	1	0	0	0	5	0	6	9	16	9	0	100	359	15	9	17	15	9	17	5	0	0	9	16	9	0	71	15	9	17	0	0	0	0	1	0	0	0	5	0	0	9	16	9	0	71	20	9	41	0	0	0	0	0	0	0	0	0	0	0	0	1	0	0	0	5	0	6	9	16	9	0	100	349	15	9	17	15	9	17	5	0	0	9	16	9	0	71	15	9	17	0	0	0	0	1	0	0	0	5	0	0	9	16	9	0	71	15	9	17	0	0	0	0	0	0	0	0	0	0	0	0	1	0	0	0	5	0	0	9	16	9	0	71	20	9	41	0	0	0	0	0	0	0	0	0	0	0	0	0	0	0	0	0	0	0	0	1	0	0	0	5	0	6	9	16	9	0	100
551	537	29	35	63	523	21	24	36	29	35	63	11	0	54	39	23	12	63	100	509	21	24	36	21	24	36	11	0	39	39	23	12	36	71	29	35	63	3	0	0	0	3	0	0	0	11	0	54	39	23	12	63	100	495	21	24	36	21	24	36	11	0	39	39	23	12	36	71	21	24	36	3	0	0	0	3	0	0	0	11	0	39	39	23	12	36	71	29	35	63	2	0	0	0	2	0	0	0	3	0	0	0	3	0	0	0	11	0	54	39	23	12	63	100	481	21	24	36	21	24	36	11	0	39	39	23	12	36	71	21	24	36	3	0	0	0	3	0	0	0	11	0	39	39	23	12	36	71	21	24	36	2	0	0	0	2	0	0	0	3	0	0	0	3	0	0	0	11	0	39	39	23	12	36	71	29	35	63	0	0	0	0	0	0	0	0	2	0	0	0	2	0	0	0	3	0	0	0	3	0	0	0	11	0	54	39	23	12	63	100
558	541	56	105	48	524	38	88	39	56	105	48	34	27	78	30	45	118	96	21	507	37	88	39	38	88	39	31	27	63	30	43	118	78	10	56	105	48	3	0	0	0	4	13	0	0	34	27	78	30	45	118	96	21	490	37	88	39	37	88	39	31	27	63	30	43	118	78	10	38	88	39	3	0	0	0	4	13	0	0	31	27	63	30	43	118	78	10	56	105	48	2	0	0	0	5	0	0	0	3	0	0	0	4	13	0	0	34	27	78	30	45	118	96	21	473	37	88	39	37	88	39	31	27	63	30	43	118	78	10	37	88	39	3	0	0	0	4	13	0	0	31	27	63	30	43	118	78	10	38	88	39	2	0	0	0	5	0	0	0	3	0	0	0	4	13	0	0	31	27	63	30	43	118	78	10	56	105	48	0	0	0	0	0	0	0	0	2	0	0	0	5	0	0	0	3	0	0	0	4	13	0	0	34	27	78	30	45	118	96	21
620	603	73	77	103	586	66	71	73	73	77	103	57	72	0	108	98	80	0	111	569	64	68	53	66	71	73	49	72	0	60	89	80	0	75	73	77	103	13	33	0	50	12	22	0	69	57	72	0	108	98	80	0	111	552	62	66	41	64	68	53	45	66	0	60	87	77	0	75	66	71	73	5	33	0	30	10	22	0	20	49	72	0	60	89	80	0	75	73	77	103	15	22	0	20	16	22	0	61	13	33	0	50	12	22	0	69	57	72	0	108	98	80	0	111	535	62	66	39	62	66	41	45	66	0	60	87	77	0	75	64	68	53	5	33	0	30	10	22	0	20	45	66	0	60	87	77	0	75	66	71	73	15	22	0	16	16	22	0	19	5	33	0	30	10	22	0	20	49	72	0	60	89	80	0	75	73	77	103	5	0	0	16	0	0	0	0	15	22	0	20	16	22	0	61	13	33	0	50	12	22	0	69	57	72	0	108	98	80	0	111
542	525	84	101	59	508	68	92	48	84	101	59	50	87	0	51	110	189	0	48	491	67	92	45	68	92	48	47	87	0	42	97	180	0	39	84	101	59	13	0	0	30	11	16	0	0	50	87	0	51	110	189	0	48	474	65	92	43	67	92	45	47	87	0	42	97	180	0	39	68	92	48	8	0	0	30	8	13	0	0	47	87	0	42	97	180	0	39	84	101	59	19	0	0	20	12	26	0	0	13	0	0	30	11	16	0	0	50	87	0	51	110	189	0	48	457	65	92	41	65	92	43	47	87	0	42	97	180	0	39	67	92	45	8	0	0	30	8	13	0	0	47	87	0	42	97	180	0	39	68	92	48	19	0	0	16	12	26	0	0	8	0	0	30	8	13	0	0	47	87	0	42	97	180	0	39	84	101	59	9	0	0	16	0	0	0	0	19	0	0	20	12	26	0	0	13	0	0	30	11	16	0	0	50	87	0	51	110	189	0	48
613	595	101	112	51	577	79	109	48	101	112	51	76	24	0	39	143	194	0	0	559	77	109	43	79	109	48	68	24	0	30	120	187	0	0	101	112	51	28	0	0	50	17	18	0	0	76	24	0	39	143	194	0	0	541	71	94	31	77	109	43	64	24	0	30	118	187	0	0	79	109	48	11	0	0	30	8	16	0	0	68	24	0	30	120	187	0	0	101	112	51	12	135	0	20	23	62	0	61	28	0	0	50	17	18	0	0	76	24	0	39	143	194	0	0	523	71	89	29	71	94	31	64	24	0	30	117	175	0	0	77	109	43	11	0	0	30	8	16	0	0	64	24	0	30	118	187	0	0	79	109	48	12	120	0	16	16	57	0	19	11	0	0	30	8	16	0	0	68	24	0	30	120	187	0	0	101	112	51	17	40	0	16	2	0	0	0	12	135	0	20	23	62	0	61	28	0	0	50	17	18	0	0	76	24	0	39	143	194	0	0
412	400	81	53	23	388	63	47	23	81	53	23	51	6	0	0	139	115	23	0	376	63	47	23	63	47	23	51	6	0	0	114	111	23	0	81	53	23	11	0	0	0	8	0	0	0	51	6	0	0	139	115	23	0	364	62	47	21	63	47	23	51	6	0	0	114	111	23	0	63	47	23	8	0	0	0	5	0	0	0	51	6	0	0	114	111	23	0	81	53	23	28	0	0	20	24	11	0	0	11	0	0	0	8	0	0	0	51	6	0	0	139	115	23	0	352	62	44	19	62	47	21	51	6	0	0	114	111	21	0	63	47	23	8	0	0	0	5	0	0	0	51	6	0	0	114	111	23	0	63	47	23	28	0	0	16	17	11	0	0	8	0	0	0	5	0	0	0	51	6	0	0	114	111	23	0	81	53	23	26	21	0	16	2	0	0	0	28	0	0	20	24	11	0	0	11	0	0	0	8	0	0	0	51	6	0	0	139	115	23	0
513	498	103	92	12	483	81	75	12	103	92	12	55	66	0	0	154	150	36	0	468	81	74	12	81	75	12	55	64	0	0	126	132	36	0	103	92	12	21	6	0	0	18	0	0	0	55	66	0	0	154	150	36	0	453	74	70	10	81	74	12	55	64	0	0	126	130	36	0	81	75	12	11	6	0	0	8	0	0	0	55	64	0	0	126	132	36	0	103	92	12	39	36	0	20	26	39	0	0	21	6	0	0	18	0	0	0	55	66	0	0	154	150	36	0	438	73	61	8	74	70	10	51	60	0	0	121	126	30	0	81	74	12	11	6	0	0	8	0	0	0	55	64	0	0	126	130	36	0	81	75	12	38	28	0	16	18	21	0	0	11	6	0	0	8	0	0	0	55	64	0	0	126	132	36	0	103	92	12	30	65	0	16	2	3	0	0	39	36	0	20	26	39	0	0	21	6	0	0	18	0	0	0	55	66	0	0	154	150	36	0
508	492	114	106	12	476	90	90	12	114	106	12	93	46	0	0	165	177	24	0	460	78	88	12	90	90	12	78	42	0	0	136	160	24	0	114	106	12	35	14	0	0	32	51	0	0	93	46	0	0	165	177	24	0	444	67	86	12	78	88	12	57	42	0	0	116	155	24	0	90	90	12	11	14	0	0	14	21	0	0	78	42	0	0	136	160	24	0	114	106	12	34	10	0	0	24	10	0	0	35	14	0	0	32	51	0	0	93	46	0	0	165	177	24	0	428	65	75	12	67	86	12	48	38	0	0	106	153	24	0	78	88	12	8	14	0	0	14	21	0	0	57	42	0	0	116	155	24	0	90	90	12	29	0	0	0	17	0	0	0	11	14	0	0	14	21	0	0	78	42	0	0	136	160	24	0	114	106	12	22	40	0	0	1	0	12	0	34	10	0	0	24	10	0	0	35	14	0	0	32	51	0	0	93	46	0	0	165	177	24	0
490	475	111	86	8	460	85	79	0	111	86	8	82	56	0	0	159	151	0	35	445	82	78	0	85	79	0	70	54	0	0	134	142	0	35	111	86	8	46	6	0	0	37	0	0	0	82	56	0	0	159	151	0	35	430	70	75	0	82	78	0	55	54	0	0	127	140	0	35	85	79	0	16	6	0	0	11	0	0	0	70	54	0	0	134	142	0	35	111	86	8	36	27	0	0	24	27	0	0	46	6	0	0	37	0	0	0	82	56	0	0	159	151	0	35	415	67	68	0	70	75	0	46	51	0	0	118	136	0	31	82	78	0	13	6	0	0	11	0	0	0	55	54	0	0	127	140	0	35	85	79	0	29	21	0	0	15	21	0	0	16	6	0	0	11	0	0	0	70	54	0	0	134	142	0	35	111	86	8	37	51	0	0	2	0	0	0	36	27	0	0	24	27	0	0	46	6	0	0	37	0	0	0	82	56	0	0	159	151	0	35
356	345	104	43	3	334	91	34	0	104	43	3	84	24	0	0	144	44	3	12	323	84	34	0	91	34	0	72	24	0	0	141	44	0	12	104	43	3	38	0	0	0	33	23	0	0	84	24	0	0	144	44	3	12	312	74	34	0	84	34	0	54	24	0	0	128	44	0	12	91	34	0	14	0	0	0	12	6	0	0	72	24	0	0	141	44	0	12	104	43	3	40	0	0	0	23	5	0	0	38	0	0	0	33	23	0	0	84	24	0	0	144	44	3	12	301	71	34	0	74	34	0	45	24	0	0	119	44	0	10	84	34	0	11	0	0	0	12	6	0	0	54	24	0	0	128	44	0	12	91	34	0	33	0	0	0	18	0	0	0	14	0	0	0	12	6	0	0	72	24	0	0	141	44	0	12	104	43	3	43	0	0	0	3	0	0	0	40	0	0	0	23	5	0	0	38	0	0	0	33	23	0	0	84	24	0	0	144	44	3	12
572	556	94	101	3	540	70	89	0	94	101	3	70	57	0	0	137	176	3	12	524	61	82	0	70	89	0	55	57	0	0	111	166	0	12	94	101	3	39	50	0	0	42	45	0	0	70	57	0	0	137	176	3	12	508	49	47	0	61	82	0	37	50	0	0	94	153	0	12	70	89	0	9	18	0	0	10	18	0	0	55	57	0	0	111	166	0	12	94	101	3	21	101	0	0	22	65	12	0	39	50	0	0	42	45	0	0	70	57	0	0	137	176	3	12	492	47	35	0	49	47	0	32	18	0	0	76	93	0	10	61	82	0	6	18	0	0	10	18	0	0	37	50	0	0	94	153	0	12	70	89	0	15	89	0	0	11	51	0	0	9	18	0	0	10	18	0	0	55	57	0	0	111	166	0	12	94	101	3	26	57	0	0	0	0	3	0	21	101	0	0	22	65	12	0	39	50	0	0	42	45	0	0	70	57	0	0	137	176	3	12
740	719	138	185	0	698	114	136	0	138	185	0	80	241	0	0	178	214	0	0	677	101	100	0	114	136	0	71	118	0	0	160	157	0	0	138	185	0	18	120	0	0	45	88	0	0	80	241	0	0	178	214	0	0	656	92	71	0	101	100	0	65	38	0	0	143	106	0	0	114	136	0	10	23	0	0	22	33	0	0	71	118	0	0	160	157	0	0	138	185	0	23	71	0	0	24	41	0	0	18	120	0	0	45	88	0	0	80	241	0	0	178	214	0	0	635	90	63	0	92	71	0	61	18	0	0	125	66	0	0	101	100	0	10	8	0	0	22	24	0	0	65	38	0	0	143	106	0	0	114	136	0	20	40	0	0	15	24	0	0	10	23	0	0	22	33	0	0	71	118	0	0	160	157	0	0	138	185	0	24	41	0	0	1	0	0	0	23	71	0	0	24	41	0	0	18	120	0	0	45	88	0	0	80	241	0	0	178	214	0	0
440	425	68	81	19	410	55	78	0	68	81	19	52	18	12	0	95	70	0	18	395	38	59	0	55	78	0	30	18	0	0	79	67	0	12	68	81	19	12	9	40	0	21	27	57	0	52	18	12	0	95	70	0	18	380	32	50	0	38	59	0	18	0	0	0	59	48	0	12	55	78	0	6	6	0	0	13	18	0	0	30	18	0	0	79	67	0	12	68	81	19	19	18	14	0	12	12	19	0	12	9	40	0	21	27	57	0	52	18	12	0	95	70	0	18	365	30	50	0	32	50	0	16	0	0	0	47	39	0	12	38	59	0	6	6	0	0	13	18	0	0	18	0	0	0	59	48	0	12	55	78	0	19	18	0	0	12	12	0	0	6	6	0	0	13	18	0	0	30	18	0	0	79	67	0	12	68	81	19	13	0	10	0	0	0	0	0	19	18	14	0	12	12	19	0	12	9	40	0	21	27	57	0	52	18	12	0	95	70	0	18
379	365	56	72	9	351	43	65	0	56	72	9	39	51	12	0	76	51	0	12	337	28	50	0	43	65	0	15	51	0	0	60	47	0	12	56	72	9	10	0	20	0	17	24	27	0	39	51	12	0	76	51	0	12	323	23	45	0	28	50	0	7	36	0	0	42	32	0	12	43	65	0	4	0	0	0	9	15	0	0	15	51	0	0	60	47	0	12	56	72	9	8	0	9	0	7	10	9	0	10	0	20	0	17	24	27	0	39	51	12	0	76	51	0	12	309	21	45	0	23	45	0	5	36	0	0	31	27	0	12	28	50	0	4	0	0	0	9	15	0	0	7	36	0	0	42	32	0	12	43	65	0	8	0	0	0	7	10	0	0	4	0	0	0	9	15	0	0	15	51	0	0	60	47	0	12	56	72	9	6	0	10	0	0	0	0	0	8	0	9	0	7	10	9	0	10	0	20	0	17	24	27	0	39	51	12	0	76	51	0	12
372	359	62	60	4	346	48	46	0	62	60	4	47	20	12	0	62	46	8	0	333	34	36	0	48	46	0	26	0	0	0	47	37	0	0	62	60	4	7	0	20	0	17	0	8	0	47	20	12	0	62	46	8	0	320	30	36	0	34	36	0	15	0	0	0	35	27	0	0	48	46	0	2	0	0	0	12	0	0	0	26	0	0	0	47	37	0	0	62	60	4	8	0	4	0	8	7	0	0	7	0	20	0	17	0	8	0	47	20	12	0	62	46	8	0	307	30	36	0	30	36	0	15	0	0	0	28	27	0	0	34	36	0	2	0	0	0	12	0	0	0	15	0	0	0	35	27	0	0	48	46	0	8	0	0	0	8	5	0	0	2	0	0	0	12	0	0	0	26	0	0	0	47	37	0	0	62	60	4	4	0	0	0	0	0	0	0	8	0	4	0	8	7	0	0	7	0	20	0	17	0	8	0	47	20	12	0	62	46	8	0
270	262	46	21	4	254	34	15	0	46	21	4	38	8	12	0	49	17	4	0	246	23	7	0	34	15	0	15	0	0	0	33	15	0	0	46	21	4	6	0	20	0	11	0	8	0	38	8	12	0	49	17	4	0	238	20	7	0	23	7	0	7	0	0	0	24	7	0	0	34	15	0	1	0	0	0	6	0	0	0	15	0	0	0	33	15	0	0	46	21	4	5	0	4	0	6	5	0	0	6	0	20	0	11	0	8	0	38	8	12	0	49	17	4	0	230	20	7	0	20	7	0	7	0	0	0	18	7	0	0	23	7	0	1	0	0	0	6	0	0	0	7	0	0	0	24	7	0	0	34	15	0	5	0	0	0	6	4	0	0	1	0	0	0	6	0	0	0	15	0	0	0	33	15	0	0	46	21	4	4	0	0	0	0	0	0	0	5	0	4	0	6	5	0	0	6	0	20	0	11	0	8	0	38	8	12	0	49	17	4	0
269	261	40	21	0	253	32	9	0	40	21	0	16	8	0	0	31	15	0	0	245	28	7	0	32	9	0	10	0	0	0	29	7	0	0	40	21	0	0	0	0	0	3	0	0	0	16	8	0	0	31	15	0	0	237	28	7	0	28	7	0	10	0	0	0	25	7	0	0	32	9	0	0	0	0	0	3	0	0	0	10	0	0	0	29	7	0	0	40	21	0	0	0	0	0	3	0	0	0	0	0	0	0	3	0	0	0	16	8	0	0	31	15	0	0	229	28	7	0	28	7	0	10	0	0	0	25	7	0	0	28	7	0	0	0	0	0	3	0	0	0	10	0	0	0	25	7	0	0	32	9	0	0	0	0	0	2	0	0	0	0	0	0	0	3	0	0	0	10	0	0	0	29	7	0	0	40	21	0	0	0	0	0	0	0	0	0	0	0	0	0	3	0	0	0	0	0	0	0	3	0	0	0	16	8	0	0	31	15	0	0
389	373	77	92	15	357	55	77	4	77	92	15	43	80	52	16	83	90	15	4	341	51	77	0	55	77	4	26	80	20	0	64	80	4	0	77	92	15	4	0	8	0	9	36	0	0	43	80	52	16	83	90	15	4	325	51	77	0	51	77	0	26	80	0	0	62	80	0	0	55	77	4	4	0	4	0	9	30	0	0	26	80	20	0	64	80	4	0	77	92	15	5	0	0	0	6	0	0	0	4	0	8	0	9	36	0	0	43	80	52	16	83	90	15	4	309	50	77	0	51	77	0	26	80	0	0	62	80	0	0	51	77	0	3	0	0	0	6	30	0	0	26	80	0	0	62	80	0	0	55	77	4	0	0	0	0	0	0	0	0	4	0	4	0	9	30	0	0	26	80	20	0	64	80	4	0	77	92	15	5	0	8	0	1	0	0	0	5	0	0	0	6	0	0	0	4	0	8	0	9	36	0	0	43	80	52	16	83	90	15	4
370	356	58	72	10	342	41	57	4	58	72	10	38	0	42	16	68	63	30	0	328	40	57	0	41	57	4	33	0	20	0	51	58	12	0	58	72	10	5	0	8	0	15	0	0	0	38	0	42	16	68	63	30	0	314	39	57	0	40	57	0	33	0	0	0	50	58	0	0	41	57	4	4	0	4	0	12	0	0	0	33	0	20	0	51	58	12	0	58	72	10	5	0	0	0	4	5	0	0	5	0	8	0	15	0	0	0	38	0	42	16	68	63	30	0	300	38	57	0	39	57	0	33	0	0	0	46	58	0	0	40	57	0	3	0	0	0	9	0	0	0	33	0	0	0	50	58	0	0	41	57	4	0	0	0	0	0	0	0	0	4	0	4	0	12	0	0	0	33	0	20	0	51	58	12	0	58	72	10	1	0	8	0	0	0	0	0	5	0	0	0	4	5	0	0	5	0	8	0	15	0	0	0	38	0	42	16	68	63	30	0
352	336	72	108	8	320	45	89	4	72	108	8	46	94	40	16	82	185	24	0	304	41	89	0	45	89	4	29	94	20	0	55	170	12	0	72	108	8	7	0	8	0	15	33	0	0	46	94	40	16	82	185	24	0	288	40	89	0	41	89	0	29	94	0	0	53	170	0	0	45	89	4	6	0	4	0	12	33	0	0	29	94	20	0	55	170	12	0	72	108	8	5	0	0	0	4	3	0	0	7	0	8	0	15	33	0	0	46	94	40	16	82	185	24	0	272	39	89	0	40	89	0	29	94	0	0	49	170	0	0	41	89	0	5	0	0	0	9	33	0	0	29	94	0	0	53	170	0	0	45	89	4	0	0	0	0	0	0	0	0	6	0	4	0	12	33	0	0	29	94	20	0	55	170	12	0	72	108	8	1	0	8	0	0	0	0	0	5	0	0	0	4	3	0	0	7	0	8	0	15	33	0	0	46	94	40	16	82	185	24	0
247	237	41	34	11	227	30	32	0	41	34	11	18	14	20	0	45	33	0	8	217	30	32	0	30	32	0	18	14	0	0	36	33	0	0	41	34	11	0	0	0	0	4	0	0	0	18	14	20	0	45	33	0	8	207	30	32	0	30	32	0	18	14	0	0	36	33	0	0	30	32	0	0	0	0	0	4	0	0	0	18	14	0	0	36	33	0	0	41	34	11	0	0	0	0	2	0	0	0	0	0	0	0	4	0	0	0	18	14	20	0	45	33	0	8	197	30	32	0	30	32	0	18	14	0	0	36	33	0	0	30	32	0	0	0	0	0	4	0	0	0	18	14	0	0	36	33	0	0	30	32	0	0	0	0	0	0	0	0	0	0	0	0	0	4	0	0	0	18	14	0	0	36	33	0	0	41	34	11	0	0	0	0	0	0	0	0	0	0	0	0	2	0	0	0	0	0	0	0	4	0	0	0	18	14	20	0	45	33	0	8
172	165	26	12	2	158	20	12	0	26	12	2	10	0	2	0	22	4	0	0	151	20	12	0	20	12	0	10	0	0	0	20	4	0	0	26	12	2	0	0	0	0	3	0	0	0	10	0	2	0	22	4	0	0	144	20	12	0	20	12	0	10	0	0	0	20	4	0	0	20	12	0	0	0	0	0	3	0	0	0	10	0	0	0	20	4	0	0	26	12	2	0	0	0	0	1	0	0	0	0	0	0	0	3	0	0	0	10	0	2	0	22	4	0	0	137	20	12	0	20	12	0	10	0	0	0	20	4	0	0	20	12	0	0	0	0	0	3	0	0	0	10	0	0	0	20	4	0	0	20	12	0	0	0	0	0	0	0	0	0	0	0	0	0	3	0	0	0	10	0	0	0	20	4	0	0	26	12	2	0	0	0	0	0	0	0	0	0	0	0	0	1	0	0	0	0	0	0	0	3	0	0	0	10	0	2	0	22	4	0	0
533	518	67	14	61	503	58	14	36	67	14	61	32	0	28	46	86	14	0	33	488	58	14	9	58	14	36	32	0	25	12	76	14	0	12	67	14	61	9	0	0	21	29	0	0	36	32	0	28	46	86	14	0	33	473	50	14	0	58	14	9	32	0	9	0	76	14	0	0	58	14	36	0	0	0	0	6	0	0	0	32	0	25	12	76	14	0	12	67	14	61	2	0	35	0	3	0	0	3	9	0	0	21	29	0	0	36	32	0	28	46	86	14	0	33	458	49	14	0	50	14	0	29	0	0	0	50	14	0	0	58	14	9	0	0	0	0	6	0	0	0	32	0	9	0	76	14	0	0	58	14	36	1	0	32	0	3	0	0	0	0	0	0	0	6	0	0	0	32	0	25	12	76	14	0	12	67	14	61	4	0	6	0	0	0	0	0	2	0	35	0	3	0	0	3	9	0	0	21	29	0	0	36	32	0	28	46	86	14	0	33
356	346	42	17	25	336	32	9	14	42	17	25	17	0	17	24	73	44	25	18	326	29	8	9	32	9	14	14	0	14	12	57	36	14	8	42	17	25	7	8	0	21	17	24	0	0	17	0	17	24	73	44	25	18	316	23	0	0	29	8	9	14	0	9	0	50	32	9	0	32	9	14	0	0	0	0	3	0	0	0	14	0	14	12	57	36	14	8	42	17	25	2	0	29	0	6	0	25	3	7	8	0	21	17	24	0	0	17	0	17	24	73	44	25	18	306	22	0	0	23	0	0	11	0	0	0	29	0	0	0	29	8	9	0	0	0	0	3	0	0	0	14	0	9	0	50	32	9	0	32	9	14	1	0	26	0	3	0	14	0	0	0	0	0	3	0	0	0	14	0	14	12	57	36	14	8	42	17	25	4	0	6	0	0	0	0	0	2	0	29	0	6	0	25	3	7	8	0	21	17	24	0	0	17	0	17	24	73	44	25	18
320	311	37	15	28	302	25	8	25	37	15	28	11	0	28	24	58	39	28	0	293	22	7	9	25	8	25	8	0	25	12	40	32	25	0	37	15	28	8	7	0	21	20	21	0	28	11	0	28	24	58	39	28	0	284	15	0	0	22	7	9	8	0	9	0	33	28	9	0	25	8	25	0	0	0	0	0	0	0	0	8	0	25	12	40	32	25	0	37	15	28	2	0	35	0	6	0	28	3	8	7	0	21	20	21	0	28	11	0	28	24	58	39	28	0	275	14	0	0	15	0	0	5	0	0	0	11	0	0	0	22	7	9	0	0	0	0	0	0	0	0	8	0	9	0	33	28	9	0	25	8	25	1	0	32	0	3	0	25	0	0	0	0	0	0	0	0	0	8	0	25	12	40	32	25	0	37	15	28	4	0	6	0	0	0	0	0	2	0	35	0	6	0	28	3	8	7	0	21	20	21	0	28	11	0	28	24	58	39	28	0
427	415	47	29	40	403	33	11	34	47	29	40	17	0	28	38	69	80	80	0	391	28	9	9	33	11	34	8	0	25	12	49	44	68	0	47	29	40	7	18	0	21	18	45	0	36	17	0	28	38	69	80	80	0	379	21	0	0	28	9	9	8	0	9	0	39	36	18	0	33	11	34	0	0	0	0	0	0	0	0	8	0	25	12	49	44	68	0	47	29	40	2	0	35	0	6	0	40	3	7	18	0	21	18	45	0	36	17	0	28	38	69	80	80	0	367	20	0	0	21	0	0	5	0	0	0	17	0	0	0	28	9	9	0	0	0	0	0	0	0	0	8	0	9	0	39	36	18	0	33	11	34	1	0	32	0	3	0	34	0	0	0	0	0	0	0	0	0	8	0	25	12	49	44	68	0	47	29	40	4	0	6	0	0	0	0	0	2	0	35	0	6	0	40	3	7	18	0	21	18	45	0	36	17	0	28	38	69	80	80	0
209	203	30	5	19	197	27	5	8	30	5	19	17	0	11	24	38	5	0	18	191	27	5	4	27	5	8	17	0	8	12	36	5	0	8	30	5	19	2	0	0	16	9	0	0	0	17	0	11	24	38	5	0	18	185	25	5	0	27	5	4	17	0	4	0	36	5	0	0	27	5	8	0	0	0	0	3	0	0	0	17	0	8	12	36	5	0	8	30	5	19	0	0	11	0	0	0	0	0	2	0	0	16	9	0	0	0	17	0	11	24	38	5	0	18	179	25	5	0	25	5	0	17	0	0	0	28	5	0	0	27	5	4	0	0	0	0	3	0	0	0	17	0	4	0	36	5	0	0	27	5	8	0	0	8	0	0	0	0	0	0	0	0	0	3	0	0	0	17	0	8	12	36	5	0	8	30	5	19	1	0	0	0	0	0	0	0	0	0	11	0	0	0	0	0	2	0	0	16	9	0	0	0	17	0	11	24	38	5	0	18
483	469	49	43	74	455	32	30	35	49	43	74	20	30	14	112	85	107	74	93	441	19	0	32	32	30	35	8	0	14	97	53	70	35	73	49	43	74	0	0	93	24	0	0	222	0	20	30	14	112	85	107	74	93	427	18	0	14	19	0	32	5	0	14	40	17	0	32	27	32	30	35	0	0	49	12	0	0	105	0	8	0	14	97	53	70	35	73	49	43	74	1	0	10	31	6	0	0	28	0	0	93	24	0	0	222	0	20	30	14	112	85	107	74	93	413	18	0	0	18	0	14	5	0	10	0	15	0	14	0	19	0	32	0	0	46	0	0	0	96	0	5	0	14	40	17	0	32	27	32	30	35	1	0	6	0	3	0	0	0	0	0	49	12	0	0	105	0	8	0	14	97	53	70	35	73	49	43	74	6	0	0	0	0	0	0	15	1	0	10	31	6	0	0	28	0	0	93	24	0	0	222	0	20	30	14	112	85	107	74	93
353	342	37	41	9	331	18	20	0	37	41	9	16	30	0	0	62	69	27	40	320	12	10	0	18	20	0	9	0	0	0	30	35	0	34	37	41	9	0	0	9	0	0	0	18	0	16	30	0	0	62	69	27	40	309	12	10	0	12	10	0	9	0	0	0	15	20	0	9	18	20	0	0	0	0	0	0	0	0	0	9	0	0	0	30	35	0	34	37	41	9	0	0	0	0	0	0	0	0	0	0	9	0	0	0	18	0	16	30	0	0	62	69	27	40	298	12	10	0	12	10	0	9	0	0	0	15	20	0	0	12	10	0	0	0	0	0	0	0	0	0	9	0	0	0	15	20	0	9	18	20	0	0	0	0	0	0	0	0	0	0	0	0	0	0	0	0	0	9	0	0	0	30	35	0	34	37	41	9	0	0	0	0	0	0	0	0	0	0	0	0	0	0	0	0	0	0	9	0	0	0	18	0	16	30	0	0	62	69	27	40
241	234	29	14	0	227	10	4	0	29	14	0	11	8	0	0	56	40	0	0	220	4	0	0	10	4	0	0	0	0	0	19	8	0	0	29	14	0	0	0	0	0	0	0	0	0	11	8	0	0	56	40	0	0	213	4	0	0	4	0	0	0	0	0	0	7	0	0	0	10	4	0	0	0	0	0	0	0	0	0	0	0	0	0	19	8	0	0	29	14	0	0	0	0	0	0	0	0	0	0	0	0	0	0	0	0	0	11	8	0	0	56	40	0	0	206	4	0	0	4	0	0	0	0	0	0	7	0	0	0	4	0	0	0	0	0	0	0	0	0	0	0	0	0	0	7	0	0	0	10	4	0	0	0	0	0	0	0	0	0	0	0	0	0	0	0	0	0	0	0	0	0	19	8	0	0	29	14	0	0	0	0	0	0	0	0	0	0	0	0	0	0	0	0	0	0	0	0	0	0	0	0	0	11	8	0	0	56	40	0	0
216	209	24	17	0	202	8	9	0	24	17	0	8	6	0	0	41	31	0	0	195	5	6	0	8	9	0	0	0	0	0	13	18	0	0	24	17	0	0	0	0	0	0	0	0	0	8	6	0	0	41	31	0	0	188	5	6	0	5	6	0	0	0	0	0	8	12	0	0	8	9	0	0	0	0	0	0	0	0	0	0	0	0	0	13	18	0	0	24	17	0	0	0	0	0	0	0	0	0	0	0	0	0	0	0	0	0	8	6	0	0	41	31	0	0	181	5	6	0	5	6	0	0	0	0	0	8	12	0	0	5	6	0	0	0	0	0	0	0	0	0	0	0	0	0	8	12	0	0	8	9	0	0	0	0	0	0	0	0	0	0	0	0	0	0	0	0	0	0	0	0	0	13	18	0	0	24	17	0	0	0	0	0	0	0	0	0	0	0	0	0	0	0	0	0	0	0	0	0	0	0	0	0	8	6	0	0	41	31	0	0
261	252	34	26	0	243	15	14	0	34	26	0	19	0	0	0	55	48	0	0	234	11	14	0	15	14	0	9	0	0	0	21	21	0	0	34	26	0	0	0	0	0	0	0	0	0	19	0	0	0	55	48	0	0	225	11	14	0	11	14	0	9	0	0	0	14	21	0	0	15	14	0	0	0	0	0	0	0	0	0	9	0	0	0	21	21	0	0	34	26	0	0	0	0	0	0	0	0	0	0	0	0	0	0	0	0	0	19	0	0	0	55	48	0	0	216	11	14	0	11	14	0	9	0	0	0	14	21	0	0	11	14	0	0	0	0	0	0	0	0	0	9	0	0	0	14	21	0	0	15	14	0	0	0	0	0	0	0	0	0	0	0	0	0	0	0	0	0	9	0	0	0	21	21	0	0	34	26	0	0	0	0	0	0	0	0	0	0	0	0	0	0	0	0	0	0	0	0	0	0	0	0	0	19	0	0	0	55	48	0	0
675	655	70	75	107	635	32	0	106	70	75	107	24	0	144	7	119	210	535	0	615	28	0	106	32	0	106	16	0	142	7	38	0	530	0	70	75	107	0	0	40	0	0	0	0	0	24	0	144	7	119	210	535	0	595	28	0	106	28	0	106	16	0	142	7	33	0	530	0	32	0	106	0	0	40	0	0	0	0	0	16	0	142	7	38	0	530	0	70	75	107	7	0	0	0	16	0	0	0	0	0	40	0	0	0	0	0	24	0	144	7	119	210	535	0	575	28	0	104	28	0	106	16	0	142	5	33	0	530	0	28	0	106	0	0	40	0	0	0	0	0	16	0	142	7	33	0	530	0	32	0	106	7	0	0	0	7	0	0	0	0	0	40	0	0	0	0	0	16	0	142	7	38	0	530	0	70	75	107	21	0	0	10	0	0	0	0	7	0	0	0	16	0	0	0	0	0	40	0	0	0	0	0	24	0	144	7	119	210	535	0
450	432	51	110	35	414	24	83	26	51	110	35	12	108	39	7	80	117	70	9	396	24	83	26	24	83	26	12	108	27	7	40	84	52	0	51	110	35	0	0	0	0	2	0	0	0	12	108	39	7	80	117	70	9	378	24	83	26	24	83	26	12	108	27	7	40	84	52	0	24	83	26	0	0	0	0	2	0	0	0	12	108	27	7	40	84	52	0	51	110	35	0	0	0	0	1	0	0	0	0	0	0	0	2	0	0	0	12	108	39	7	80	117	70	9	360	24	83	24	24	83	26	12	108	27	5	40	84	52	0	24	83	26	0	0	0	0	2	0	0	0	12	108	27	7	40	84	52	0	24	83	26	0	0	0	0	1	0	0	0	0	0	0	0	2	0	0	0	12	108	27	7	40	84	52	0	51	110	35	2	0	0	10	0	0	0	0	0	0	0	0	1	0	0	0	0	0	0	0	2	0	0	0	12	108	39	7	80	117	70	9
326	315	32	18	32	304	11	18	21	32	18	32	9	0	26	0	53	27	0	9	293	11	18	21	11	18	21	9	0	13	0	14	27	0	0	32	18	32	0	0	0	0	0	0	0	0	9	0	26	0	53	27	0	9	282	11	18	21	11	18	21	9	0	13	0	14	27	0	0	11	18	21	0	0	0	0	0	0	0	0	9	0	13	0	14	27	0	0	32	18	32	0	0	0	0	0	0	0	0	0	0	0	0	0	0	0	0	9	0	26	0	53	27	0	9	271	11	18	21	11	18	21	9	0	13	0	14	27	0	0	11	18	21	0	0	0	0	0	0	0	0	9	0	13	0	14	27	0	0	11	18	21	0	0	0	0	0	0	0	0	0	0	0	0	0	0	0	0	9	0	13	0	14	27	0	0	32	18	32	0	0	0	0	0	0	0	0	0	0	0	0	0	0	0	0	0	0	0	0	0	0	0	0	9	0	26	0	53	27	0	9
473	459	40	33	48	445	13	0	23	40	33	48	9	0	80	0	68	66	144	83	431	13	0	23	13	0	23	9	0	33	0	17	0	69	35	40	33	48	0	0	0	0	0	0	0	0	9	0	80	0	68	66	144	83	417	13	0	23	13	0	23	9	0	33	0	17	0	69	32	13	0	23	0	0	0	0	0	0	0	0	9	0	33	0	17	0	69	35	40	33	48	0	0	0	0	3	0	0	0	0	0	0	0	0	0	0	0	9	0	80	0	68	66	144	83	403	13	0	23	13	0	23	9	0	33	0	17	0	69	14	13	0	23	0	0	0	0	0	0	0	0	9	0	33	0	17	0	69	32	13	0	23	0	0	0	0	0	0	0	0	0	0	0	0	0	0	0	0	9	0	33	0	17	0	69	35	40	33	48	0	0	0	0	0	0	0	0	0	0	0	0	3	0	0	0	0	0	0	0	0	0	0	0	9	0	80	0	68	66	144	83
574	557	40	52	84	540	13	0	77	40	52	84	13	0	80	0	65	130	336	0	523	11	0	77	13	0	77	9	0	76	0	14	0	308	0	40	52	84	0	0	28	0	0	0	0	0	13	0	80	0	65	130	336	0	506	11	0	77	11	0	77	9	0	76	0	13	0	308	0	13	0	77	0	0	28	0	0	0	0	0	9	0	76	0	14	0	308	0	40	52	84	0	0	0	0	6	0	0	0	0	0	28	0	0	0	0	0	13	0	80	0	65	130	336	0	489	11	0	77	11	0	77	9	0	76	0	13	0	308	0	11	0	77	0	0	28	0	0	0	0	0	9	0	76	0	13	0	308	0	13	0	77	0	0	0	0	0	0	0	0	0	0	28	0	0	0	0	0	9	0	76	0	14	0	308	0	40	52	84	0	0	0	0	0	0	0	0	0	0	0	0	6	0	0	0	0	0	28	0	0	0	0	0	13	0	80	0	65	130	336	0
689	668	51	68	150	647	27	0	115	51	68	150	7	0	81	68	65	102	600	191	626	27	0	114	27	0	115	7	0	75	68	32	0	460	183	51	68	150	6	0	0	10	8	0	0	0	7	0	81	68	65	102	600	191	605	24	0	110	27	0	114	7	0	74	68	32	0	456	183	27	0	115	0	0	0	6	0	0	0	0	7	0	75	68	32	0	460	183	51	68	150	23	0	0	24	23	51	0	0	6	0	0	10	8	0	0	0	7	0	81	68	65	102	600	191	584	7	0	110	24	0	110	7	0	70	68	31	0	440	183	27	0	114	0	0	0	6	0	0	0	0	7	0	74	68	32	0	456	183	27	0	115	0	0	0	24	3	0	0	0	0	0	0	6	0	0	0	0	7	0	75	68	32	0	460	183	51	68	150	2	0	135	0	0	0	0	0	23	0	0	24	23	51	0	0	6	0	0	10	8	0	0	0	7	0	81	68	65	102	600	191
527	511	37	15	123	495	22	0	63	37	15	123	12	0	18	112	44	0	123	274	479	22	0	45	22	0	63	12	0	17	85	24	0	63	232	37	15	123	0	0	0	26	0	0	0	83	12	0	18	112	44	0	123	274	463	22	0	38	22	0	45	12	0	16	85	24	0	45	232	22	0	63	0	0	0	19	0	0	0	35	12	0	17	85	24	0	63	232	37	15	123	4	0	0	42	15	0	0	0	0	0	0	26	0	0	0	83	12	0	18	112	44	0	123	274	447	17	0	38	22	0	38	12	0	12	85	24	0	38	232	22	0	45	0	0	0	19	0	0	0	32	12	0	16	85	24	0	45	232	22	0	63	0	0	0	42	0	0	0	0	0	0	0	19	0	0	0	35	12	0	17	85	24	0	63	232	37	15	123	1	0	42	0	0	0	0	0	4	0	0	42	15	0	0	0	0	0	0	26	0	0	0	83	12	0	18	112	44	0	123	274
459	445	22	33	95	431	4	0	49	22	33	95	0	0	52	88	20	33	285	239	417	4	0	49	4	0	49	0	0	48	88	2	0	147	206	22	33	95	6	0	0	0	4	0	0	0	0	0	52	88	20	33	285	239	403	1	0	49	4	0	49	0	0	48	88	2	0	147	206	4	0	49	0	0	0	0	0	0	0	0	0	0	48	88	2	0	147	206	22	33	95	0	0	0	0	6	33	0	0	6	0	0	0	4	0	0	0	0	0	52	88	20	33	285	239	389	1	0	49	1	0	49	0	0	48	88	1	0	147	206	4	0	49	0	0	0	0	0	0	0	0	0	0	48	88	2	0	147	206	4	0	49	0	0	0	0	0	0	0	0	0	0	0	0	0	0	0	0	0	0	48	88	2	0	147	206	22	33	95	0	0	0	0	0	0	0	0	0	0	0	0	6	33	0	0	6	0	0	0	4	0	0	0	0	0	52	88	20	33	285	239
526	510	24	28	101	494	9	0	42	24	28	101	9	0	20	69	28	14	202	274	478	9	0	20	9	0	42	9	0	20	30	11	0	84	232	24	28	101	0	0	0	0	2	0	0	83	9	0	20	69	28	14	202	274	462	9	0	20	9	0	20	9	0	20	30	11	0	40	232	9	0	42	0	0	0	0	0	0	0	35	9	0	20	30	11	0	84	232	24	28	101	0	0	0	0	9	0	0	0	0	0	0	0	2	0	0	83	9	0	20	69	28	14	202	274	446	9	0	20	9	0	20	9	0	20	30	11	0	40	232	9	0	20	0	0	0	0	0	0	0	32	9	0	20	30	11	0	40	232	9	0	42	0	0	0	0	0	0	0	0	0	0	0	0	0	0	0	35	9	0	20	30	11	0	84	232	24	28	101	0	0	0	0	0	0	0	0	0	0	0	0	9	0	0	0	0	0	0	0	2	0	0	83	9	0	20	69	28	14	202	274
557	540	35	52	99	523	17	0	80	35	52	99	5	0	18	32	36	78	396	107	506	17	0	63	17	0	80	5	0	17	20	13	0	320	106	35	52	99	6	0	0	66	6	0	0	74	5	0	18	32	36	78	396	107	489	14	0	30	17	0	63	5	0	16	20	13	0	252	106	17	0	80	0	0	0	24	0	0	0	35	5	0	17	20	13	0	320	106	35	52	99	5	0	0	79	12	39	0	93	6	0	0	66	6	0	0	74	5	0	18	32	36	78	396	107	472	7	0	27	14	0	30	5	0	12	20	12	0	120	106	17	0	63	0	0	0	21	0	0	0	32	5	0	16	20	13	0	252	106	17	0	80	0	0	0	64	0	0	0	73	0	0	0	24	0	0	0	35	5	0	17	20	13	0	320	106	35	52	99	1	0	66	24	0	0	0	0	5	0	0	79	12	39	0	93	6	0	0	66	6	0	0	74	5	0	18	32	36	78	396	107
352	341	18	0	100	330	8	0	26	18	0	100	12	0	0	52	22	0	0	568	319	6	0	24	8	0	26	4	0	0	48	4	0	0	349	18	0	100	14	0	0	28	8	0	0	0	12	0	0	52	22	0	0	568	308	1	0	24	6	0	24	0	0	0	48	2	0	0	291	8	0	26	0	0	0	28	0	0	0	0	4	0	0	48	4	0	0	349	18	0	100	0	0	0	0	0	0	0	0	14	0	0	28	8	0	0	0	12	0	0	52	22	0	0	568	297	1	0	24	1	0	24	0	0	0	48	1	0	0	247	6	0	24	0	0	0	28	0	0	0	0	0	0	0	48	2	0	0	291	8	0	26	0	0	0	0	0	0	0	0	0	0	0	28	0	0	0	0	4	0	0	48	4	0	0	349	18	0	100	0	0	0	0	0	0	0	0	0	0	0	0	0	0	0	0	14	0	0	28	8	0	0	0	12	0	0	52	22	0	0	568
447	433	32	13	119	419	21	0	59	32	13	119	16	0	11	60	37	13	119	445	405	15	0	57	21	0	59	4	0	11	56	14	0	59	286	32	13	119	14	0	22	28	6	26	0	0	16	0	11	60	37	13	119	445	391	5	0	57	15	0	57	0	0	11	56	10	0	57	246	21	0	59	0	0	22	28	0	0	0	0	4	0	11	56	14	0	59	286	32	13	119	0	0	45	0	1	0	0	0	14	0	22	28	6	26	0	0	16	0	11	60	37	13	119	445	377	5	0	57	5	0	57	0	0	11	56	5	0	57	209	15	0	57	0	0	22	28	0	0	0	0	0	0	11	56	10	0	57	246	21	0	59	0	0	40	0	1	0	0	0	0	0	22	28	0	0	0	0	4	0	11	56	14	0	59	286	32	13	119	0	0	0	0	0	0	0	0	0	0	45	0	1	0	0	0	14	0	22	28	6	26	0	0	16	0	11	60	37	13	119	445
550	532	57	83	96	514	45	59	47	57	83	96	44	0	0	69	58	55	192	344	496	41	53	45	45	59	47	34	0	0	65	40	31	94	244	57	83	96	13	72	0	12	8	24	0	0	44	0	0	69	58	55	192	344	478	26	17	44	41	53	45	30	0	0	62	38	29	90	226	45	59	47	5	0	0	12	2	0	0	0	34	0	0	65	40	31	94	244	57	83	96	2	0	122	10	2	0	288	0	13	72	0	12	8	24	0	0	44	0	0	69	58	55	192	344	460	24	17	40	26	17	44	23	0	0	50	25	17	88	189	41	53	45	5	0	0	12	2	0	0	0	30	0	0	62	38	29	90	226	45	59	47	2	0	100	6	2	0	141	0	5	0	0	12	2	0	0	0	34	0	0	65	40	31	94	244	57	83	96	0	0	18	24	0	0	0	0	2	0	122	10	2	0	288	0	13	72	0	12	8	24	0	0	44	0	0	69	58	55	192	344
498	482	57	84	45	466	39	40	44	57	84	45	32	112	11	8	45	96	180	0	450	32	16	44	39	40	44	28	32	11	8	28	16	176	0	57	84	45	7	64	55	0	8	16	90	0	32	112	11	8	45	96	180	0	434	22	0	44	32	16	44	22	0	11	8	23	0	176	0	39	40	44	1	0	55	0	2	0	88	0	28	32	11	8	28	16	176	0	57	84	45	0	0	67	0	1	0	90	0	7	64	55	0	8	16	90	0	32	112	11	8	45	96	180	0	418	22	0	44	22	0	44	22	0	11	8	18	0	176	0	32	16	44	1	0	55	0	2	0	88	0	22	0	11	8	23	0	176	0	39	40	44	0	0	62	0	1	0	88	0	1	0	55	0	2	0	88	0	28	32	11	8	28	16	176	0	57	84	45	0	0	0	0	0	0	0	0	0	0	67	0	1	0	90	0	7	64	55	0	8	16	90	0	32	112	11	8	45	96	180	0
285	276	26	18	30	267	13	0	0	26	18	30	14	0	0	0	21	36	90	249	258	9	0	0	13	0	0	4	0	0	0	5	0	0	195	26	18	30	14	0	0	0	6	12	0	0	14	0	0	0	21	36	90	249	249	4	0	0	9	0	0	0	0	0	0	3	0	0	177	13	0	0	0	0	0	0	0	0	0	0	4	0	0	0	5	0	0	195	26	18	30	0	0	0	0	0	0	0	0	14	0	0	0	6	12	0	0	14	0	0	0	21	36	90	249	240	4	0	0	4	0	0	0	0	0	0	2	0	0	140	9	0	0	0	0	0	0	0	0	0	0	0	0	0	0	3	0	0	177	13	0	0	0	0	0	0	0	0	0	0	0	0	0	0	0	0	0	0	4	0	0	0	5	0	0	195	26	18	30	0	0	0	0	0	0	0	0	0	0	0	0	0	0	0	0	14	0	0	0	6	12	0	0	14	0	0	0	21	36	90	249
430	416	25	40	53	402	10	0	37	25	40	53	6	0	58	22	7	20	212	75	388	6	0	37	10	0	37	0	0	38	22	1	0	148	44	25	40	53	0	0	16	0	0	0	0	0	6	0	58	22	7	20	212	75	374	6	0	37	6	0	37	0	0	38	22	1	0	148	44	10	0	37	0	0	0	0	0	0	0	0	0	0	38	22	1	0	148	44	25	40	53	0	0	0	0	0	0	0	0	0	0	16	0	0	0	0	0	6	0	58	22	7	20	212	75	360	6	0	37	6	0	37	0	0	38	22	1	0	148	44	6	0	37	0	0	0	0	0	0	0	0	0	0	38	22	1	0	148	44	10	0	37	0	0	0	0	0	0	0	0	0	0	0	0	0	0	0	0	0	0	38	22	1	0	148	44	25	40	53	0	0	0	0	0	0	0	0	0	0	0	0	0	0	0	0	0	0	16	0	0	0	0	0	6	0	58	22	7	20	212	75
387	373	40	59	39	359	25	49	0	40	59	39	26	16	16	0	21	27	39	290	345	20	33	0	25	49	0	22	0	0	0	17	11	0	150	40	59	39	1	0	52	0	2	0	78	0	26	16	16	0	21	27	39	290	331	20	33	0	20	33	0	22	0	0	0	16	11	0	146	25	49	0	1	0	0	0	2	0	0	0	22	0	0	0	17	11	0	150	40	59	39	0	0	0	0	0	0	0	0	1	0	52	0	2	0	78	0	26	16	16	0	21	27	39	290	317	20	33	0	20	33	0	22	0	0	0	16	11	0	145	20	33	0	1	0	0	0	2	0	0	0	22	0	0	0	16	11	0	146	25	49	0	0	0	0	0	0	0	0	0	1	0	0	0	2	0	0	0	22	0	0	0	17	11	0	150	40	59	39	0	0	0	0	0	0	0	0	0	0	0	0	0	0	0	0	1	0	52	0	2	0	78	0	26	16	16	0	21	27	39	290
247	239	23	7	26	231	11	0	0	23	7	26	6	0	16	0	9	0	26	171	223	4	0	0	11	0	0	0	0	0	0	3	0	0	91	23	7	26	0	0	52	0	0	0	0	0	6	0	16	0	9	0	26	171	215	4	0	0	4	0	0	0	0	0	0	2	0	0	89	11	0	0	0	0	0	0	0	0	0	0	0	0	0	0	3	0	0	91	23	7	26	0	0	0	0	0	0	0	0	0	0	52	0	0	0	0	0	6	0	16	0	9	0	26	171	207	4	0	0	4	0	0	0	0	0	0	2	0	0	88	4	0	0	0	0	0	0	0	0	0	0	0	0	0	0	2	0	0	89	11	0	0	0	0	0	0	0	0	0	0	0	0	0	0	0	0	0	0	0	0	0	0	3	0	0	91	23	7	26	0	0	0	0	0	0	0	0	0	0	0	0	0	0	0	0	0	0	52	0	0	0	0	0	6	0	16	0	9	0	26	171
245	237	17	15	8	229	7	0	0	17	15	8	6	0	16	0	7	0	24	45	221	3	0	0	7	0	0	0	0	0	0	1	0	0	44	17	15	8	0	0	16	0	0	0	0	0	6	0	16	0	7	0	24	45	213	3	0	0	3	0	0	0	0	0	0	1	0	0	44	7	0	0	0	0	0	0	0	0	0	0	0	0	0	0	1	0	0	44	17	15	8	0	0	0	0	0	0	0	0	0	0	16	0	0	0	0	0	6	0	16	0	7	0	24	45	205	3	0	0	3	0	0	0	0	0	0	1	0	0	44	3	0	0	0	0	0	0	0	0	0	0	0	0	0	0	1	0	0	44	7	0	0	0	0	0	0	0	0	0	0	0	0	0	0	0	0	0	0	0	0	0	0	1	0	0	44	17	15	8	0	0	0	0	0	0	0	0	0	0	0	0	0	0	0	0	0	0	16	0	0	0	0	0	6	0	16	0	7	0	24	45
184	178	14	8	0	172	5	0	0	14	8	0	2	0	0	0	5	0	0	0	166	3	0	0	5	0	0	0	0	0	0	1	0	0	0	14	8	0	0	0	0	0	0	0	0	0	2	0	0	0	5	0	0	0	160	3	0	0	3	0	0	0	0	0	0	1	0	0	0	5	0	0	0	0	0	0	0	0	0	0	0	0	0	0	1	0	0	0	14	8	0	0	0	0	0	0	0	0	0	0	0	0	0	0	0	0	0	2	0	0	0	5	0	0	0	154	3	0	0	3	0	0	0	0	0	0	1	0	0	0	3	0	0	0	0	0	0	0	0	0	0	0	0	0	0	1	0	0	0	5	0	0	0	0	0	0	0	0	0	0	0	0	0	0	0	0	0	0	0	0	0	0	1	0	0	0	14	8	0	0	0	0	0	0	0	0	0	0	0	0	0	0	0	0	0	0	0	0	0	0	0	0	0	2	0	0	0	5	0	0	0
390	377	15	0	95	364	7	0	74	15	0	95	0	0	57	53	7	0	0	61	351	7	0	63	7	0	74	0	0	49	19	7	0	0	37	15	0	95	0	0	0	33	1	0	0	45	0	0	57	53	7	0	0	61	338	7	0	63	7	0	63	0	0	31	19	7	0	0	37	7	0	74	0	0	0	33	1	0	0	44	0	0	49	19	7	0	0	37	15	0	95	0	0	0	0	0	0	0	0	0	0	0	33	1	0	0	45	0	0	57	53	7	0	0	61	325	7	0	63	7	0	63	0	0	31	19	7	0	0	37	7	0	63	0	0	0	33	1	0	0	44	0	0	31	19	7	0	0	37	7	0	74	0	0	0	0	0	0	0	0	0	0	0	33	1	0	0	44	0	0	49	19	7	0	0	37	15	0	95	0	0	0	0	0	0	0	0	0	0	0	0	0	0	0	0	0	0	0	33	1	0	0	45	0	0	57	53	7	0	0	61
379	365	39	51	73	351	28	33	50	39	51	73	25	0	97	45	37	0	146	92	337	28	33	39	28	33	50	25	0	73	11	37	0	100	37	39	51	73	1	0	0	33	4	0	0	45	25	0	97	45	37	0	146	92	323	28	33	39	28	33	39	25	0	55	11	37	0	78	37	28	33	50	1	0	0	33	4	0	0	44	25	0	73	11	37	0	100	37	39	51	73	0	0	0	0	2	0	0	0	1	0	0	33	4	0	0	45	25	0	97	45	37	0	146	92	309	28	33	39	28	33	39	25	0	55	11	37	0	78	37	28	33	39	1	0	0	33	4	0	0	44	25	0	55	11	37	0	78	37	28	33	50	0	0	0	0	2	0	0	0	1	0	0	33	4	0	0	44	25	0	73	11	37	0	100	37	39	51	73	0	0	0	0	0	0	0	0	0	0	0	0	2	0	0	0	1	0	0	33	4	0	0	45	25	0	97	45	37	0	146	92
299	289	26	9	62	279	18	0	62	26	9	62	15	0	57	0	26	0	62	0	269	18	0	61	18	0	62	15	0	57	0	26	0	62	0	26	9	62	0	0	0	11	3	0	0	0	15	0	57	0	26	0	62	0	259	18	0	61	18	0	61	15	0	55	0	26	0	61	0	18	0	62	0	0	0	11	3	0	0	0	15	0	57	0	26	0	62	0	26	9	62	0	0	0	0	2	0	0	0	0	0	0	11	3	0	0	0	15	0	57	0	26	0	62	0	249	18	0	61	18	0	61	15	0	55	0	26	0	61	0	18	0	61	0	0	0	11	3	0	0	0	15	0	55	0	26	0	61	0	18	0	62	0	0	0	0	2	0	0	0	0	0	0	11	3	0	0	0	15	0	57	0	26	0	62	0	26	9	62	0	0	0	0	0	0	0	0	0	0	0	0	2	0	0	0	0	0	0	11	3	0	0	0	15	0	57	0	26	0	62	0
210	203	0	0	35	196	0	0	8	0	0	35	0	0	0	8	0	0	0	87	189	0	0	8	0	0	8	0	0	0	8	0	0	0	37	0	0	35	0	0	0	0	0	0	0	0	0	0	0	8	0	0	0	87	182	0	0	8	0	0	8	0	0	0	8	0	0	0	37	0	0	8	0	0	0	0	0	0	0	0	0	0	0	8	0	0	0	37	0	0	35	0	0	0	0	0	0	0	0	0	0	0	0	0	0	0	0	0	0	0	8	0	0	0	87	175	0	0	8	0	0	8	0	0	0	8	0	0	0	37	0	0	8	0	0	0	0	0	0	0	0	0	0	0	8	0	0	0	37	0	0	8	0	0	0	0	0	0	0	0	0	0	0	0	0	0	0	0	0	0	0	8	0	0	0	37	0	0	35	0	0	0	0	0	0	0	0	0	0	0	0	0	0	0	0	0	0	0	0	0	0	0	0	0	0	0	8	0	0	0	87
180	174	1	0	19	168	0	0	0	1	0	19	0	0	0	0	0	0	0	61	162	0	0	0	0	0	0	0	0	0	0	0	0	0	37	1	0	19	0	0	0	0	0	0	0	0	0	0	0	0	0	0	0	61	156	0	0	0	0	0	0	0	0	0	0	0	0	0	37	0	0	0	0	0	0	0	0	0	0	0	0	0	0	0	0	0	0	37	1	0	19	0	0	0	0	0	0	0	0	0	0	0	0	0	0	0	0	0	0	0	0	0	0	0	61	150	0	0	0	0	0	0	0	0	0	0	0	0	0	37	0	0	0	0	0	0	0	0	0	0	0	0	0	0	0	0	0	0	37	0	0	0	0	0	0	0	0	0	0	0	0	0	0	0	0	0	0	0	0	0	0	0	0	0	0	37	1	0	19	0	0	0	0	0	0	0	0	0	0	0	0	0	0	0	0	0	0	0	0	0	0	0	0	0	0	0	0	0	0	0	61
499	479	99	139	83	459	79	104	83	99	139	83	51	75	42	0	142	199	249	0	439	77	102	83	79	104	83	51	74	42	0	115	191	249	0	99	139	83	16	28	0	0	13	20	0	0	51	75	42	0	142	199	249	0	419	76	98	78	77	102	83	51	71	42	0	110	186	249	0	79	104	83	13	27	0	0	10	0	0	0	51	74	42	0	115	191	249	0	99	139	83	7	59	0	45	7	15	0	0	16	28	0	0	13	20	0	0	51	75	42	0	142	199	249	0	399	75	94	69	76	98	78	51	68	40	0	110	184	234	0	77	102	83	13	26	0	0	10	0	0	0	51	71	42	0	110	186	249	0	79	104	83	2	55	0	38	5	14	0	0	13	27	0	0	10	0	0	0	51	74	42	0	115	191	249	0	99	139	83	21	55	0	77	8	14	0	0	7	59	0	45	7	15	0	0	16	28	0	0	13	20	0	0	51	75	42	0	142	199	249	0
442	424	42	89	98	406	35	77	69	42	89	98	23	132	0	111	51	77	0	135	388	34	77	57	35	77	69	20	132	0	95	49	77	0	112	42	89	98	5	0	0	32	4	11	0	39	23	132	0	111	51	77	0	135	370	34	77	45	34	77	57	20	132	0	76	49	77	0	100	35	77	69	5	0	0	0	4	11	0	0	20	132	0	95	49	77	0	112	42	89	98	2	0	0	38	5	0	0	45	5	0	0	32	4	11	0	39	23	132	0	111	51	77	0	135	352	34	77	43	34	77	45	20	132	0	76	49	77	0	100	34	77	57	5	0	0	0	4	11	0	0	20	132	0	76	49	77	0	100	35	77	69	2	0	0	35	5	0	0	44	5	0	0	0	4	11	0	0	20	132	0	95	49	77	0	112	42	89	98	0	0	0	15	0	0	0	0	2	0	0	38	5	0	0	45	5	0	0	32	4	11	0	39	23	132	0	111	51	77	0	135
438	420	53	88	93	402	45	78	76	53	88	93	39	115	10	84	60	69	0	73	384	44	77	62	45	78	76	36	110	10	68	58	66	0	50	53	88	93	7	11	0	56	6	11	0	39	39	115	10	84	60	69	0	73	366	44	77	37	44	77	62	36	110	10	49	58	66	0	39	45	78	76	7	11	0	0	6	11	0	0	36	110	10	68	58	66	0	50	53	88	93	2	0	0	47	4	0	0	141	7	11	0	56	6	11	0	39	39	115	10	84	60	69	0	73	348	44	77	34	44	77	37	36	110	9	49	58	66	0	39	44	77	62	7	11	0	0	6	11	0	0	36	110	10	49	58	66	0	39	45	78	76	2	0	0	42	4	0	0	91	7	11	0	0	6	11	0	0	36	110	10	68	58	66	0	50	53	88	93	0	0	0	22	0	0	0	0	2	0	0	47	4	0	0	141	7	11	0	56	6	11	0	39	39	115	10	84	60	69	0	73
393	377	68	73	64	361	53	66	62	68	73	64	53	80	20	16	83	99	0	0	345	52	62	60	53	66	62	50	74	20	16	78	93	0	0	68	73	64	11	42	0	24	12	11	0	0	53	80	20	16	83	99	0	0	329	51	60	43	52	62	60	50	70	20	16	78	90	0	0	53	66	62	8	40	0	0	9	10	0	0	50	74	20	16	78	93	0	0	68	73	64	4	20	0	45	5	10	0	96	11	42	0	24	12	11	0	0	53	80	20	16	83	99	0	0	313	51	60	37	51	60	43	50	70	18	16	78	90	0	0	52	62	60	8	40	0	0	9	10	0	0	50	70	20	16	78	90	0	0	53	66	62	4	20	0	38	5	10	0	47	8	40	0	0	9	10	0	0	50	74	20	16	78	93	0	0	68	73	64	4	0	0	43	1	0	0	0	4	20	0	45	5	10	0	96	11	42	0	24	12	11	0	0	53	80	20	16	83	99	0	0
516	496	80	95	118	476	69	75	118	80	95	118	51	90	50	0	102	45	118	0	456	69	75	116	69	75	118	51	90	50	0	102	45	118	0	80	95	118	16	0	0	24	17	0	0	0	51	90	50	0	102	45	118	0	436	69	75	98	69	75	116	51	90	50	0	102	45	116	0	69	75	118	16	0	0	0	14	0	0	0	51	90	50	0	102	45	118	0	80	95	118	6	0	0	59	3	0	0	96	16	0	0	24	17	0	0	0	51	90	50	0	102	45	118	0	416	69	75	89	69	75	98	51	90	48	0	102	45	98	0	69	75	116	16	0	0	0	14	0	0	0	51	90	50	0	102	45	116	0	69	75	118	6	0	0	49	3	0	0	47	16	0	0	0	14	0	0	0	51	90	50	0	102	45	118	0	80	95	118	8	0	0	86	2	0	0	0	6	0	0	59	3	0	0	96	16	0	0	24	17	0	0	0	51	90	50	0	102	45	118	0
361	346	111	78	31	331	91	69	20	111	78	31	81	72	20	10	217	142	0	83	316	87	62	20	91	69	20	76	72	20	10	185	118	0	83	111	78	31	8	0	10	0	13	0	31	0	81	72	20	10	217	142	0	83	301	86	62	20	87	62	20	75	72	20	10	172	104	0	83	91	69	20	7	0	10	0	6	0	20	0	76	72	20	10	185	118	0	83	109	78	31	10	0	0	0	4	0	0	0	8	0	10	0	13	0	31	0	81	72	20	10	210	142	0	83	286	84	59	20	86	62	20	75	72	20	10	169	104	0	78	87	62	20	7	0	10	0	6	0	20	0	75	72	20	10	172	104	0	83	89	69	20	4	0	0	0	2	0	0	0	7	0	10	0	6	0	20	0	76	72	20	10	178	118	0	83	99	78	31	25	33	0	0	10	22	0	0	10	0	0	0	4	0	0	0	8	0	10	0	13	0	31	0	77	72	20	10	181	142	0	83
332	313	110	154	10	294	69	134	10	110	154	10	59	155	20	0	238	393	10	0	275	64	129	10	69	134	10	52	150	20	0	161	352	10	0	110	154	10	1	4	10	0	11	6	10	0	59	155	20	0	238	393	10	0	256	64	125	10	64	129	10	52	146	20	0	150	333	10	0	69	134	10	1	0	10	0	1	5	10	0	52	150	20	0	161	352	10	0	92	154	10	1	0	0	0	1	0	10	0	1	4	10	0	11	6	10	0	59	155	20	0	189	393	10	0	241	63	123	10	64	125	10	52	146	20	0	150	321	10	0	64	129	10	1	0	10	0	1	4	10	0	52	146	20	0	150	333	10	0	62	134	10	0	0	0	0	0	0	10	0	1	0	10	0	1	5	10	0	52	150	20	0	137	352	10	0	74	94	10	22	12	0	0	9	9	0	0	1	0	0	0	1	0	10	0	1	4	10	0	11	6	10	0	45	155	20	0	137	228	10	0
267	253	83	81	21	239	54	65	21	83	81	21	48	62	42	0	184	220	42	0	225	51	61	21	54	65	21	45	54	42	0	129	195	42	0	76	81	21	1	0	10	0	9	0	21	0	48	62	42	0	172	220	42	0	213	50	61	21	51	61	21	44	54	42	0	121	179	42	0	54	65	21	0	0	10	0	1	0	21	0	45	54	42	0	129	195	42	0	66	57	21	1	0	0	0	0	0	0	0	1	0	10	0	9	0	21	0	48	62	42	0	142	136	42	0	203	49	61	21	50	61	21	44	54	42	0	118	179	42	0	51	61	21	0	0	10	0	1	0	21	0	44	54	42	0	121	179	42	0	50	45	21	0	0	0	0	0	0	0	0	0	0	10	0	1	0	21	0	45	54	42	0	115	125	42	0	54	37	21	21	0	0	0	8	8	0	0	1	0	0	0	0	0	0	0	1	0	10	0	9	0	21	0	44	22	42	0	103	76	42	0
411	391	93	144	86	371	79	139	52	93	144	86	65	66	0	100	140	164	0	201	351	77	139	52	79	139	52	65	66	0	100	112	153	0	201	93	144	86	19	0	0	0	16	0	0	0	65	66	0	100	140	164	0	201	331	77	139	52	77	139	52	65	66	0	100	107	153	0	199	79	139	52	19	0	0	0	16	0	0	0	65	66	0	100	112	153	0	201	93	144	86	18	0	0	0	3	0	0	0	19	0	0	0	16	0	0	0	65	66	0	100	140	164	0	201	311	76	135	50	77	139	52	65	66	0	93	107	153	0	176	77	139	52	19	0	0	0	16	0	0	0	65	66	0	100	107	153	0	199	79	139	52	13	0	0	0	1	0	0	0	19	0	0	0	16	0	0	0	65	66	0	100	112	153	0	201	93	144	86	21	44	0	18	7	11	0	0	18	0	0	0	3	0	0	0	19	0	0	0	16	0	0	0	65	66	0	100	140	164	0	201
311	297	114	74	18	283	100	70	6	114	74	18	90	24	0	12	217	103	0	83	269	98	65	6	100	70	6	89	24	0	12	194	99	0	83	114	74	18	15	0	0	0	18	0	18	0	90	24	0	12	217	103	0	83	255	97	65	6	98	65	6	88	24	0	12	188	84	0	83	100	70	6	14	0	0	0	10	0	6	0	89	24	0	12	194	99	0	83	114	74	18	14	0	0	0	1	0	0	0	15	0	0	0	18	0	18	0	90	24	0	12	217	103	0	83	241	96	63	6	97	65	6	88	24	0	12	185	84	0	78	98	65	6	14	0	0	0	10	0	6	0	88	24	0	12	188	84	0	83	100	70	6	13	0	0	0	1	0	0	0	14	0	0	0	10	0	6	0	89	24	0	12	194	99	0	83	106	74	18	32	20	0	0	9	10	0	0	14	0	0	0	1	0	0	0	15	0	0	0	18	0	18	0	90	24	0	12	194	103	0	83
330	316	36	24	109	302	25	24	101	36	24	109	15	0	17	41	92	84	0	21	288	24	24	101	25	24	101	13	0	10	41	68	84	0	21	26	24	109	0	0	0	0	0	0	0	0	15	0	17	41	74	84	0	21	276	24	24	101	24	24	101	13	0	10	41	63	84	0	21	22	24	101	0	0	0	0	0	0	0	0	13	0	10	41	62	84	0	21	18	0	109	0	0	0	0	1	0	0	0	0	0	0	0	0	0	0	0	12	0	17	41	48	0	0	21	264	24	24	101	24	24	101	13	0	10	41	63	84	0	21	21	24	101	0	0	0	0	0	0	0	0	13	0	10	41	57	84	0	21	14	0	101	0	0	0	0	0	0	0	0	0	0	0	0	0	0	0	0	10	0	10	41	36	0	0	21	14	0	109	0	0	0	0	3	0	0	0	0	0	0	0	1	0	0	0	0	0	0	0	0	0	0	0	6	0	17	41	33	0	0	21
213	202	52	38	49	191	34	36	37	52	38	49	35	16	21	41	133	120	0	31	180	33	36	37	34	36	37	34	16	10	41	89	114	0	31	49	38	49	0	0	4	0	1	0	0	0	35	16	21	41	128	120	0	31	170	33	36	37	33	36	37	34	16	10	41	86	114	0	31	34	36	37	0	0	0	0	1	0	0	0	34	16	10	41	89	114	0	31	36	28	49	1	0	0	0	0	0	0	0	0	0	4	0	1	0	0	0	35	16	21	41	89	90	0	31	162	32	36	37	33	36	37	34	16	10	41	86	114	0	31	33	36	37	0	0	0	0	0	0	0	0	34	16	10	41	86	114	0	31	30	28	37	0	0	0	0	0	0	0	0	0	0	0	0	1	0	0	0	34	16	10	41	75	90	0	31	26	12	49	2	0	0	0	3	6	0	0	1	0	0	0	0	0	0	0	0	0	4	0	1	0	0	0	31	0	21	41	60	18	0	31
218	208	35	33	24	198	12	21	24	35	33	24	9	10	0	0	80	121	48	0	188	9	16	24	12	21	24	3	0	0	0	35	81	48	0	25	33	24	1	0	0	0	20	0	24	0	9	10	0	0	62	121	48	0	180	8	16	24	9	16	24	3	0	0	0	28	56	48	0	9	21	24	0	0	0	0	6	0	24	0	3	0	0	0	29	81	48	0	20	17	24	0	0	0	0	2	5	0	0	1	0	0	0	20	0	24	0	6	10	0	0	44	65	48	0	172	8	16	24	8	16	24	3	0	0	0	24	56	48	0	6	16	24	0	0	0	0	0	0	24	0	3	0	0	0	22	56	48	0	4	5	24	0	0	0	0	0	0	0	0	0	0	0	0	6	0	24	0	0	0	0	0	11	25	48	0	20	17	24	0	0	0	0	0	0	0	0	0	0	0	0	2	5	0	0	1	0	0	0	20	0	24	0	6	10	0	0	44	65	48	0
184	177	27	14	18	170	11	8	18	27	14	18	11	8	25	0	56	34	18	0	163	6	0	18	11	8	18	2	0	25	0	29	24	18	0	25	14	18	1	0	0	0	6	15	36	0	11	8	25	0	52	34	18	0	156	5	0	18	6	0	18	2	0	25	0	19	0	18	0	9	8	18	0	0	0	0	3	12	36	0	2	0	25	0	25	24	18	0	22	14	18	0	0	0	0	4	4	0	0	1	0	0	0	6	15	36	0	9	8	25	0	41	34	18	0	149	5	0	18	5	0	18	2	0	25	0	15	0	18	0	4	0	18	0	0	0	0	0	0	36	0	2	0	25	0	15	0	18	0	6	8	18	0	0	0	0	0	0	0	0	0	0	0	0	3	12	36	0	0	0	25	0	14	24	18	0	22	14	18	0	0	0	0	0	0	0	0	0	0	0	0	4	4	0	0	1	0	0	0	6	15	36	0	9	8	25	0	41	34	18	0
291	280	37	34	31	269	15	6	31	37	34	31	9	24	51	0	86	76	124	0	258	9	0	31	15	6	31	2	0	51	0	42	6	124	0	37	34	31	2	0	0	0	32	30	31	0	9	24	51	0	86	76	124	0	247	8	0	31	9	0	31	2	0	51	0	27	0	124	0	15	6	31	1	0	0	0	3	18	31	0	2	0	51	0	42	6	124	0	34	34	31	0	0	0	0	6	6	0	0	2	0	0	0	32	30	31	0	9	24	51	0	75	76	124	0	236	8	0	31	8	0	31	2	0	51	0	23	0	124	0	9	0	31	1	0	0	0	0	0	31	0	2	0	51	0	27	0	124	0	12	6	31	0	0	0	0	0	0	0	0	1	0	0	0	3	18	31	0	2	0	51	0	31	6	124	0	34	34	31	6	0	0	0	0	0	0	0	0	0	0	0	6	6	0	0	2	0	0	0	32	30	31	0	9	24	51	0	75	76	124	0
336	323	51	22	60	310	34	0	48	51	22	60	32	0	6	53	119	33	120	31	297	27	0	38	34	0	48	21	0	0	47	82	0	96	31	51	22	60	6	0	0	30	33	77	0	31	32	0	6	53	119	33	120	31	284	26	0	38	27	0	38	21	0	0	47	69	0	76	31	34	0	48	5	0	0	30	0	0	0	20	21	0	0	47	82	0	96	31	49	22	60	1	0	0	0	3	0	0	0	6	0	0	30	33	77	0	31	32	0	6	53	111	33	120	31	271	26	0	38	26	0	38	21	0	0	47	65	0	76	31	27	0	38	5	0	0	30	0	0	0	20	21	0	0	47	69	0	76	31	32	0	48	1	0	0	0	3	0	0	0	5	0	0	30	0	0	0	20	21	0	0	47	74	0	96	31	47	22	60	13	0	0	0	2	0	0	0	1	0	0	0	3	0	0	0	6	0	0	30	33	77	0	31	30	0	6	53	104	33	120	31
308	296	38	21	52	284	19	11	31	38	21	52	17	0	19	49	80	54	52	73	272	16	10	31	19	11	31	14	0	0	49	39	44	31	73	38	21	52	4	10	0	0	32	30	0	0	17	0	19	49	80	54	52	73	260	16	0	31	16	10	31	14	0	0	49	35	40	31	73	19	11	31	4	0	0	0	0	0	0	0	14	0	0	49	39	44	31	73	35	21	52	0	0	0	0	0	0	52	0	4	10	0	0	32	30	0	0	17	0	19	49	69	54	52	73	248	16	0	31	16	0	31	14	0	0	49	35	0	31	73	16	10	31	4	0	0	0	0	0	0	0	14	0	0	49	35	40	31	73	16	11	31	0	0	0	0	0	0	31	0	4	0	0	0	0	0	0	0	14	0	0	49	28	44	31	73	35	21	52	9	0	0	0	0	0	0	0	0	0	0	0	0	0	52	0	4	10	0	0	32	30	0	0	17	0	19	49	69	54	52	73
315	301	90	72	11	287	59	52	5	90	72	11	53	23	6	0	189	175	33	31	273	51	51	0	59	52	5	39	22	0	0	129	133	15	31	90	72	11	6	11	0	0	36	48	0	18	53	23	6	0	189	175	33	31	259	50	51	0	51	51	0	39	22	0	0	116	130	0	31	59	52	5	5	11	0	0	2	0	0	6	39	22	0	0	129	133	15	31	84	72	11	1	0	0	0	7	0	0	0	6	11	0	0	36	48	0	18	53	23	6	0	170	175	33	31	245	50	45	0	50	51	0	39	22	0	0	112	130	0	31	51	51	0	5	11	0	0	2	0	0	6	39	22	0	0	116	130	0	31	53	52	5	1	0	0	0	3	0	0	0	5	11	0	0	2	0	0	6	39	22	0	0	110	133	15	31	78	72	11	7	36	0	0	2	0	0	0	1	0	0	0	7	0	0	0	6	11	0	0	36	48	0	18	44	23	6	0	152	175	33	31
289	274	99	88	11	259	59	65	8	99	88	11	60	34	5	12	217	267	44	0	244	51	65	0	59	65	8	46	34	4	0	147	201	32	0	93	88	11	6	0	0	0	30	40	0	31	60	34	5	12	206	267	44	0	230	51	65	0	51	65	0	46	34	0	0	134	201	0	0	57	65	8	6	0	0	0	1	0	0	31	46	34	4	0	143	201	32	0	78	74	11	1	0	0	0	3	0	0	0	6	0	0	0	30	40	0	31	58	34	5	12	162	211	44	0	218	51	61	0	51	65	0	46	34	0	0	134	201	0	0	49	65	0	6	0	0	0	1	0	0	31	46	34	0	0	130	201	0	0	49	53	8	1	0	0	0	3	0	0	0	6	0	0	0	1	0	0	31	44	34	4	0	117	153	32	0	68	50	11	9	20	0	0	3	0	0	0	1	0	0	0	3	0	0	0	6	0	0	0	30	40	0	31	47	10	5	12	134	127	44	0
284	272	75	41	11	260	43	11	0	75	41	11	50	0	11	0	145	140	55	55	248	32	11	0	43	11	0	21	0	0	0	100	44	0	55	69	41	11	6	0	0	0	29	66	0	0	50	0	11	0	134	140	55	55	237	31	11	0	32	11	0	21	0	0	0	87	44	0	55	41	11	0	5	0	0	0	0	0	0	0	21	0	0	0	96	44	0	55	62	30	11	1	0	0	0	3	0	0	0	6	0	0	0	29	66	0	0	48	0	11	0	109	96	55	55	226	31	11	0	31	11	0	21	0	0	0	83	44	0	55	30	11	0	5	0	0	0	0	0	0	0	21	0	0	0	83	44	0	55	34	0	0	1	0	0	0	3	0	0	0	5	0	0	0	0	0	0	0	19	0	0	0	71	0	0	55	58	30	11	10	0	0	0	0	0	0	0	1	0	0	0	3	0	0	0	6	0	0	0	29	66	0	0	40	0	11	0	95	96	55	55
337	318	110	136	23	299	76	102	5	110	136	23	84	120	0	5	209	302	69	33	280	66	94	4	76	102	5	58	96	0	4	164	274	15	13	96	136	23	19	0	0	4	4	0	23	0	84	120	0	5	184	302	69	33	264	66	94	0	66	94	4	58	96	0	0	151	274	12	0	72	102	5	19	0	0	0	4	0	5	0	58	96	0	4	156	274	15	13	80	88	23	13	0	0	0	5	0	0	10	19	0	0	4	4	0	23	0	79	120	0	5	137	142	69	33	250	61	94	0	66	94	0	58	96	0	0	151	274	0	0	62	94	4	19	0	0	0	4	0	4	0	58	96	0	0	143	274	12	0	63	60	5	13	0	0	0	5	0	0	10	19	0	0	0	4	0	5	0	53	96	0	4	127	134	15	13	73	60	23	0	0	29	0	1	0	0	0	13	0	0	0	5	0	0	10	19	0	0	4	4	0	23	0	76	36	0	5	117	44	69	33
327	311	81	81	23	295	58	39	9	77	81	23	62	26	0	14	128	140	115	22	281	47	39	0	58	39	9	33	26	0	0	114	104	45	8	71	53	23	4	0	0	0	2	0	0	42	62	26	0	14	117	84	115	22	268	47	39	0	47	39	0	33	26	0	0	101	104	0	0	56	13	9	4	0	0	0	2	0	0	42	33	26	0	0	110	52	45	8	61	40	23	1	0	0	0	3	0	0	0	4	0	0	0	2	0	0	42	59	0	0	14	82	32	115	22	255	46	39	0	47	39	0	33	26	0	0	101	104	0	0	45	13	0	4	0	0	0	2	0	0	42	33	26	0	0	97	52	0	0	46	0	9	1	0	0	0	3	0	0	0	4	0	0	0	2	0	0	42	30	0	0	0	75	0	45	8	57	40	23	0	0	5	0	0	0	0	0	1	0	0	0	3	0	0	0	4	0	0	0	2	0	0	42	51	0	0	14	68	32	115	22
368	353	89	47	53	338	69	33	10	89	47	53	85	33	0	28	155	59	53	145	323	60	0	0	69	33	10	59	0	0	0	142	44	10	92	87	47	53	22	0	10	0	4	0	159	49	85	33	0	28	151	59	53	145	308	60	0	0	60	0	0	59	0	0	0	129	0	0	69	67	33	10	22	0	0	0	4	0	30	49	59	0	0	0	138	44	10	92	81	47	53	13	0	0	0	5	0	0	0	22	0	10	0	4	0	159	49	83	33	0	28	129	59	53	145	293	57	0	0	60	0	0	59	0	0	0	129	0	0	69	58	0	0	22	0	0	0	4	0	0	49	59	0	0	0	125	0	0	69	61	33	10	13	0	0	0	5	0	0	0	22	0	0	0	4	0	30	49	57	0	0	0	116	44	10	92	77	47	53	3	0	17	0	0	0	0	0	13	0	0	0	5	0	0	0	22	0	10	0	4	0	159	49	75	33	0	28	115	59	53	145
422	402	125	152	28	382	85	121	0	125	152	28	84	169	0	0	213	342	56	93	362	78	85	0	85	121	0	63	99	0	0	159	299	0	61	122	152	28	24	59	0	0	8	0	112	0	84	169	0	0	207	342	56	93	342	75	84	0	78	85	0	63	98	0	0	155	224	0	38	82	121	0	18	56	0	0	4	0	0	0	63	99	0	0	153	299	0	61	110	152	28	20	14	0	0	9	45	0	0	24	59	0	0	8	0	112	0	79	169	0	0	168	342	56	93	322	72	84	0	75	84	0	63	98	0	0	154	224	0	38	75	85	0	18	56	0	0	4	0	0	0	63	98	0	0	149	224	0	38	70	121	0	20	14	0	0	5	42	0	0	18	56	0	0	4	0	0	0	58	99	0	0	114	299	0	61	104	152	28	9	0	17	0	0	0	0	0	20	14	0	0	9	45	0	0	24	59	0	0	8	0	112	0	70	169	0	0	150	342	56	93
338	323	85	81	6	308	68	41	0	85	81	6	67	75	0	0	130	46	30	11	293	60	26	0	68	41	0	53	0	0	0	123	26	0	0	81	81	6	18	0	0	0	4	0	18	0	67	75	0	0	122	46	30	11	278	60	26	0	60	26	0	53	0	0	0	110	26	0	0	64	41	0	18	0	0	0	4	0	0	0	53	0	0	0	115	26	0	0	73	81	6	13	0	0	0	5	0	0	0	18	0	0	0	4	0	18	0	62	75	0	0	94	46	30	11	263	60	26	0	60	26	0	53	0	0	0	110	26	0	0	56	26	0	18	0	0	0	4	0	0	0	53	0	0	0	102	26	0	0	56	41	0	13	0	0	0	5	0	0	0	18	0	0	0	4	0	0	0	48	0	0	0	87	26	0	0	71	81	6	0	0	0	0	0	0	0	0	13	0	0	0	5	0	0	0	18	0	0	0	4	0	18	0	56	75	0	0	87	46	30	11
313	297	77	77	40	281	52	60	0	77	77	40	53	80	88	0	117	116	40	133	265	50	60	0	52	60	0	43	80	0	0	101	110	0	24	73	77	40	18	0	0	0	2	20	0	0	53	80	88	0	109	116	40	133	249	50	60	0	50	60	0	43	80	0	0	101	110	0	4	48	60	0	18	0	0	0	2	20	0	0	43	80	0	0	93	110	0	24	63	77	40	13	0	0	0	5	0	0	0	18	0	0	0	2	20	0	0	48	80	88	0	78	116	40	133	233	50	60	0	50	60	0	43	80	0	0	101	110	0	0	46	60	0	18	0	0	0	2	20	0	0	43	80	0	0	93	110	0	4	38	60	0	13	0	0	0	5	0	0	0	18	0	0	0	2	20	0	0	38	80	0	0	62	110	0	24	60	77	40	0	0	0	0	0	0	0	0	13	0	0	0	5	0	0	0	18	0	0	0	2	20	0	0	41	80	88	0	69	116	40	133
239	224	62	71	29	209	36	68	0	60	71	29	29	33	55	0	98	154	0	80	195	36	68	0	36	68	0	29	33	0	0	72	148	0	14	47	57	29	4	0	0	0	2	0	0	0	29	33	55	0	75	126	0	80	184	36	68	0	36	68	0	29	33	0	0	72	148	0	4	33	57	0	4	0	0	0	2	0	0	0	29	33	0	0	66	126	0	14	41	24	29	1	0	0	0	3	0	0	0	4	0	0	0	2	0	0	0	27	0	55	0	55	16	0	80	173	36	68	0	36	68	0	29	33	0	0	72	148	0	0	33	57	0	4	0	0	0	2	0	0	0	29	33	0	0	66	126	0	4	27	24	0	1	0	0	0	3	0	0	0	4	0	0	0	2	0	0	0	27	0	0	0	46	16	0	14	39	24	29	0	0	0	0	0	0	0	0	1	0	0	0	3	0	0	0	4	0	0	0	2	0	0	0	21	0	55	0	48	16	0	80
194	184	44	23	21	174	32	23	0	42	23	21	25	0	23	0	60	32	0	52	165	32	23	0	32	23	0	25	0	0	0	60	32	0	14	39	14	21	0	0	0	0	2	0	0	0	25	0	23	0	54	14	0	52	156	32	23	0	32	23	0	25	0	0	0	60	32	0	4	29	14	0	0	0	0	0	2	0	0	0	25	0	0	0	54	14	0	14	32	14	21	0	0	0	0	0	0	0	0	0	0	0	0	2	0	0	0	20	0	23	0	30	14	0	52	147	32	23	0	32	23	0	25	0	0	0	60	32	0	0	29	14	0	0	0	0	0	2	0	0	0	25	0	0	0	54	14	0	4	22	14	0	0	0	0	0	0	0	0	0	0	0	0	0	2	0	0	0	20	0	0	0	30	14	0	14	30	14	21	0	0	0	0	0	0	0	0	0	0	0	0	0	0	0	0	0	0	0	0	2	0	0	0	14	0	23	0	23	14	0	52
214	203	37	37	13	192	28	28	0	37	37	13	18	21	15	0	43	21	13	29	181	28	28	0	28	28	0	18	21	0	0	43	21	0	9	33	37	13	0	0	0	0	2	0	0	0	18	21	15	0	35	21	13	29	170	28	28	0	28	28	0	18	21	0	0	43	21	0	0	24	28	0	0	0	0	0	2	0	0	0	18	21	0	0	35	21	0	9	29	37	13	0	0	0	0	0	0	0	0	0	0	0	0	2	0	0	0	13	21	15	0	21	21	13	29	159	28	28	0	28	28	0	18	21	0	0	43	21	0	0	24	28	0	0	0	0	0	2	0	0	0	18	21	0	0	35	21	0	0	20	28	0	0	0	0	0	0	0	0	0	0	0	0	0	2	0	0	0	13	21	0	0	21	21	0	9	29	37	13	0	0	0	0	0	0	0	0	0	0	0	0	0	0	0	0	0	0	0	0	2	0	0	0	13	21	15	0	21	21	13	29
225	214	47	38	13	203	40	24	0	47	38	13	37	16	15	0	67	16	26	29	192	40	24	0	40	24	0	37	16	0	0	67	16	0	9	43	38	13	14	0	0	0	4	0	0	0	37	16	15	0	59	16	26	29	181	40	24	0	40	24	0	37	16	0	0	67	16	0	0	36	24	0	14	0	0	0	4	0	0	0	37	16	0	0	59	16	0	9	39	38	13	12	0	0	0	2	0	0	0	14	0	0	0	4	0	0	0	32	16	15	0	45	16	26	29	170	40	24	0	40	24	0	37	16	0	0	67	16	0	0	36	24	0	14	0	0	0	4	0	0	0	37	16	0	0	59	16	0	0	32	24	0	12	0	0	0	2	0	0	0	14	0	0	0	4	0	0	0	32	16	0	0	45	16	0	9	39	38	13	0	0	0	0	0	0	0	0	12	0	0	0	2	0	0	0	14	0	0	0	4	0	0	0	32	16	15	0	45	16	26	29
290	273	62	114	33	256	42	82	30	62	114	33	31	129	0	27	92	142	132	0	239	42	79	10	42	82	30	31	120	0	0	71	115	120	0	62	114	33	4	30	0	10	1	0	0	81	31	129	0	27	92	142	132	0	222	42	79	0	42	79	10	31	120	0	0	71	115	40	0	42	82	30	4	30	0	0	1	0	0	10	31	120	0	0	71	115	120	0	62	114	33	13	0	0	0	16	0	0	52	4	30	0	10	1	0	0	81	31	129	0	27	92	142	132	0	205	42	76	0	42	79	0	31	120	0	0	71	115	0	0	42	79	10	4	30	0	0	1	0	0	0	31	120	0	0	71	115	40	0	42	82	30	13	0	0	0	12	0	0	31	4	30	0	0	1	0	0	10	31	120	0	0	71	115	120	0	62	114	33	9	27	0	0	0	0	0	0	13	0	0	0	16	0	0	52	4	30	0	10	1	0	0	81	31	129	0	27	92	142	132	0
343	323	77	143	58	303	49	125	32	77	143	58	45	214	0	76	119	248	0	53	283	47	111	0	49	125	32	35	186	0	0	77	218	0	0	77	143	58	13	150	0	0	8	24	0	110	45	214	0	76	119	248	0	53	263	45	99	0	47	111	0	35	162	0	0	77	210	0	0	49	125	32	4	126	0	0	2	18	0	15	35	186	0	0	77	218	0	0	73	143	58	9	108	0	0	6	18	0	0	13	150	0	0	8	24	0	110	45	214	0	76	108	248	0	53	243	45	99	0	45	99	0	35	162	0	0	77	207	0	0	47	111	0	4	126	0	0	2	18	0	4	35	162	0	0	77	210	0	0	45	125	32	9	108	0	0	6	18	0	0	4	126	0	0	2	18	0	15	35	186	0	0	66	218	0	0	69	143	58	6	0	0	0	0	0	0	0	9	108	0	0	6	18	0	0	13	150	0	0	8	24	0	110	38	214	0	76	97	248	0	53
216	204	51	35	32	192	39	35	24	51	35	32	46	0	0	52	77	21	0	0	180	39	35	0	39	35	24	46	0	0	0	68	21	0	0	51	35	32	21	0	0	0	2	0	0	87	46	0	0	52	77	21	0	0	168	39	35	0	39	35	0	46	0	0	0	68	21	0	0	39	35	24	21	0	0	0	2	0	0	10	46	0	0	0	68	21	0	0	51	35	32	21	0	0	0	8	0	0	0	21	0	0	0	2	0	0	87	46	0	0	52	77	21	0	0	156	39	35	0	39	35	0	46	0	0	0	68	21	0	0	39	35	0	21	0	0	0	2	0	0	0	46	0	0	0	68	21	0	0	39	35	24	21	0	0	0	8	0	0	0	21	0	0	0	2	0	0	10	46	0	0	0	68	21	0	0	51	35	32	9	0	0	0	0	0	0	0	21	0	0	0	8	0	0	0	21	0	0	0	2	0	0	87	46	0	0	52	77	21	0	0
299	282	81	113	10	265	60	87	8	81	113	10	57	66	0	16	137	147	50	0	248	60	87	0	60	87	8	57	66	0	0	104	126	40	0	81	113	10	27	0	0	0	5	0	0	28	57	66	0	16	137	147	50	0	231	57	79	0	60	87	0	57	66	0	0	104	126	0	0	60	87	8	21	0	0	0	3	0	0	0	57	66	0	0	104	126	40	0	81	113	10	17	80	0	0	17	30	0	0	27	0	0	0	5	0	0	28	57	66	0	16	137	147	50	0	214	57	73	0	57	79	0	57	58	0	0	103	120	0	0	60	87	0	21	0	0	0	3	0	0	0	57	66	0	0	104	126	0	0	60	87	8	17	72	0	0	13	27	0	0	21	0	0	0	3	0	0	0	57	66	0	0	104	126	40	0	81	113	10	6	56	0	0	0	0	0	0	17	80	0	0	17	30	0	0	27	0	0	0	5	0	0	28	57	66	0	16	137	147	50	0
160	151	27	23	22	142	25	20	5	27	23	22	23	15	0	25	33	10	0	26	133	25	20	0	25	20	5	23	15	0	0	33	10	0	0	27	23	22	14	0	0	0	2	0	0	6	23	15	0	25	33	10	0	26	124	25	20	0	25	20	0	23	15	0	0	33	10	0	0	25	20	5	14	0	0	0	2	0	0	0	23	15	0	0	33	10	0	0	27	23	22	12	0	0	0	2	0	0	0	14	0	0	0	2	0	0	6	23	15	0	25	33	10	0	26	115	25	20	0	25	20	0	23	15	0	0	33	10	0	0	25	20	0	14	0	0	0	2	0	0	0	23	15	0	0	33	10	0	0	25	20	5	12	0	0	0	2	0	0	0	14	0	0	0	2	0	0	0	23	15	0	0	33	10	0	0	27	23	22	0	0	0	0	0	0	0	0	12	0	0	0	2	0	0	0	14	0	0	0	2	0	0	6	23	15	0	25	33	10	0	26
195	183	48	45	9	171	37	36	0	48	45	9	29	54	0	0	69	54	0	43	159	37	36	0	37	36	0	29	54	0	0	67	42	0	38	48	45	9	3	0	0	0	1	0	0	0	29	54	0	0	69	54	0	43	147	37	36	0	37	36	0	29	54	0	0	67	42	0	10	37	36	0	3	0	0	0	1	0	0	0	29	54	0	0	67	42	0	38	48	45	9	12	0	0	0	11	0	0	0	3	0	0	0	1	0	0	0	29	54	0	0	69	54	0	43	135	37	36	0	37	36	0	29	54	0	0	67	42	0	0	37	36	0	3	0	0	0	1	0	0	0	29	54	0	0	67	42	0	10	37	36	0	12	0	0	0	11	0	0	0	3	0	0	0	1	0	0	0	29	54	0	0	67	42	0	38	48	45	9	12	0	0	0	0	0	0	0	12	0	0	0	11	0	0	0	3	0	0	0	1	0	0	0	29	54	0	0	69	54	0	43
178	168	51	29	9	158	41	27	0	51	29	9	36	14	0	0	72	45	0	43	148	41	27	0	41	27	0	36	14	0	0	69	41	0	38	51	29	9	5	0	0	0	1	0	0	0	36	14	0	0	72	45	0	43	138	39	25	0	41	27	0	36	14	0	0	69	41	0	10	41	27	0	3	0	0	0	1	0	0	0	36	14	0	0	69	41	0	38	51	29	9	10	12	0	0	9	12	0	0	5	0	0	0	1	0	0	0	36	14	0	0	72	45	0	43	128	39	24	0	39	25	0	36	12	0	0	68	38	0	0	41	27	0	3	0	0	0	1	0	0	0	36	14	0	0	69	41	0	10	41	27	0	10	12	0	0	9	12	0	0	3	0	0	0	1	0	0	0	36	14	0	0	69	41	0	38	51	29	9	11	6	0	0	0	0	0	0	10	12	0	0	9	12	0	0	5	0	0	0	1	0	0	0	36	14	0	0	72	45	0	43
222	210	66	49	9	198	50	39	0	66	49	9	42	28	0	0	111	101	9	43	186	50	39	0	50	39	0	42	28	0	0	81	95	0	38	66	49	9	5	0	0	0	2	0	0	0	42	28	0	0	111	101	9	43	174	48	37	0	50	39	0	42	28	0	0	81	95	0	10	50	39	0	3	0	0	0	2	0	0	0	42	28	0	0	81	95	0	38	66	49	9	10	18	0	0	16	18	0	0	5	0	0	0	2	0	0	0	42	28	0	0	111	101	9	43	162	48	35	0	48	37	0	42	28	0	0	80	93	0	0	50	39	0	3	0	0	0	2	0	0	0	42	28	0	0	81	95	0	10	50	39	0	10	14	0	0	9	14	0	0	3	0	0	0	2	0	0	0	42	28	0	0	81	95	0	38	66	49	9	10	14	0	0	0	0	0	0	10	18	0	0	16	18	0	0	5	0	0	0	2	0	0	0	42	28	0	0	111	101	9	43
184	174	56	34	4	164	43	27	0	56	34	4	32	12	0	0	98	62	4	10	154	43	27	0	43	27	0	32	12	0	0	72	60	0	8	56	34	4	2	0	0	0	2	0	0	0	32	12	0	0	98	62	4	10	144	41	27	0	43	27	0	32	12	0	0	72	60	0	0	43	27	0	0	0	0	0	2	0	0	0	32	12	0	0	72	60	0	8	56	34	4	12	0	0	0	16	16	0	0	2	0	0	0	2	0	0	0	32	12	0	0	98	62	4	10	134	41	27	0	41	27	0	32	12	0	0	71	60	0	0	43	27	0	0	0	0	0	2	0	0	0	32	12	0	0	72	60	0	0	43	27	0	12	0	0	0	9	12	0	0	0	0	0	0	2	0	0	0	32	12	0	0	72	60	0	8	56	34	4	9	0	0	0	0	0	0	0	12	0	0	0	16	16	0	0	2	0	0	0	2	0	0	0	32	12	0	0	98	62	4	10
269	253	77	95	9	237	62	80	0	77	95	9	55	24	0	0	138	111	18	43	221	61	80	0	62	80	0	53	24	0	0	107	108	0	38	77	95	9	5	0	0	0	2	8	0	0	55	24	0	0	138	111	18	43	205	59	80	0	61	80	0	53	24	0	0	106	108	0	10	62	80	0	3	0	0	0	2	8	0	0	53	24	0	0	107	108	0	38	77	95	9	12	0	0	0	16	22	0	0	5	0	0	0	2	8	0	0	55	24	0	0	138	111	18	43	189	59	80	0	59	80	0	53	24	0	0	105	108	0	0	61	80	0	3	0	0	0	2	8	0	0	53	24	0	0	106	108	0	10	62	80	0	12	0	0	0	9	16	0	0	3	0	0	0	2	8	0	0	53	24	0	0	107	108	0	38	77	95	9	14	0	0	0	0	0	0	0	12	0	0	0	16	22	0	0	5	0	0	0	2	8	0	0	55	24	0	0	138	111	18	43
310	290	81	142	45	270	59	132	39	81	142	45	44	110	6	0	154	193	0	9	250	58	132	39	59	132	39	42	110	6	0	105	178	0	0	81	142	45	4	0	0	0	6	8	0	0	44	110	6	0	154	193	0	9	230	58	132	39	58	132	39	42	110	6	0	104	178	0	0	59	132	39	4	0	0	0	4	8	0	0	42	110	6	0	105	178	0	0	81	142	45	4	0	0	0	9	0	0	0	4	0	0	0	6	8	0	0	44	110	6	0	154	193	0	9	210	58	132	36	58	132	39	42	110	6	0	104	178	0	0	58	132	39	4	0	0	0	4	8	0	0	42	110	6	0	104	178	0	0	59	132	39	4	0	0	0	2	0	0	0	4	0	0	0	4	8	0	0	42	110	6	0	105	178	0	0	80	142	45	5	0	0	18	2	0	0	0	4	0	0	0	9	0	0	0	4	0	0	0	6	8	0	0	44	110	6	0	152	193	0	9
244	228	69	93	22	212	50	85	5	69	93	22	37	68	0	0	133	141	0	22	196	49	85	5	50	85	5	35	68	0	0	89	129	0	0	69	93	22	2	0	0	0	5	6	0	0	37	68	0	0	133	141	0	22	180	49	85	5	49	85	5	35	68	0	0	88	129	0	0	50	85	5	2	0	0	0	3	6	0	0	35	68	0	0	89	129	0	0	69	93	22	2	0	0	0	13	0	0	0	2	0	0	0	5	6	0	0	37	68	0	0	133	141	0	22	164	49	85	5	49	85	5	35	68	0	0	88	129	0	0	49	85	5	2	0	0	0	3	6	0	0	35	68	0	0	88	129	0	0	50	85	5	2	0	0	0	6	0	0	0	2	0	0	0	3	6	0	0	35	68	0	0	89	129	0	0	68	93	22	4	0	0	0	0	0	0	0	2	0	0	0	13	0	0	0	2	0	0	0	5	6	0	0	37	68	0	0	131	141	0	22
313	295	107	115	50	277	77	81	50	107	115	50	68	30	87	0	199	186	200	0	259	76	81	50	77	81	50	67	30	87	0	135	84	200	0	107	115	50	16	0	13	0	11	0	0	0	68	30	87	0	199	186	200	0	241	76	81	50	76	81	50	67	30	87	0	132	84	200	0	77	81	50	16	0	13	0	11	0	0	0	67	30	87	0	135	84	200	0	105	115	50	23	0	0	0	5	0	0	0	16	0	13	0	11	0	0	0	68	30	87	0	192	186	200	0	223	72	69	49	76	81	50	67	30	87	0	132	84	200	0	76	81	50	15	0	13	0	11	0	0	0	67	30	87	0	132	84	200	0	75	81	50	12	0	0	0	1	0	0	0	16	0	13	0	11	0	0	0	67	30	87	0	128	84	200	0	92	115	50	13	96	13	6	8	24	0	0	23	0	0	0	5	0	0	0	16	0	13	0	11	0	0	0	64	30	87	0	157	186	200	0
263	247	96	94	23	231	72	83	23	96	94	23	45	95	39	0	166	135	0	0	215	71	81	23	72	83	23	43	89	39	0	111	116	0	0	96	94	23	11	14	0	0	11	9	0	0	45	95	39	0	166	135	0	0	199	71	81	23	71	81	23	43	89	39	0	110	110	0	0	72	83	23	11	14	0	0	9	7	0	0	43	89	39	0	111	116	0	0	96	94	23	13	0	0	0	0	0	0	0	11	14	0	0	11	9	0	0	45	95	39	0	166	135	0	0	183	71	81	23	71	81	23	43	89	39	0	110	110	0	0	71	81	23	11	14	0	0	9	7	0	0	43	89	39	0	110	110	0	0	72	83	23	13	0	0	0	0	0	0	0	11	14	0	0	9	7	0	0	43	89	39	0	111	116	0	0	95	94	23	24	0	0	0	8	0	0	0	13	0	0	0	0	0	0	0	11	14	0	0	11	9	0	0	45	95	39	0	164	135	0	0
268	253	99	74	39	238	71	60	39	99	74	39	57	57	51	0	211	187	39	0	223	70	59	39	71	60	39	55	54	51	0	142	162	39	0	99	74	39	9	9	0	0	7	10	0	0	57	57	51	0	211	187	39	0	208	70	59	39	70	59	39	55	54	51	0	141	159	39	0	71	60	39	9	9	0	0	5	9	0	0	55	54	51	0	142	162	39	0	98	74	39	14	0	0	0	4	0	0	0	9	9	0	0	7	10	0	0	57	57	51	0	207	187	39	0	193	69	58	31	70	59	39	55	54	51	0	141	159	39	0	70	59	39	9	9	0	0	5	9	0	0	55	54	51	0	141	159	39	0	70	60	39	13	0	0	0	0	0	0	0	9	9	0	0	5	9	0	0	55	54	51	0	138	162	39	0	84	74	39	19	8	0	44	7	8	0	0	14	0	0	0	4	0	0	0	9	9	0	0	7	10	0	0	55	57	51	0	169	187	39	0
278	264	60	24	84	250	41	0	70	60	24	84	36	0	38	45	122	36	168	50	236	41	0	70	41	0	70	36	0	38	45	88	0	140	50	60	24	84	0	0	0	0	1	0	0	0	36	0	38	45	122	36	168	50	222	41	0	70	41	0	70	36	0	38	45	88	0	140	50	41	0	70	0	0	0	0	0	0	0	0	36	0	38	45	88	0	140	50	57	24	84	10	0	0	0	6	0	0	0	0	0	0	0	1	0	0	0	36	0	38	45	112	36	168	50	208	34	0	70	41	0	70	36	0	38	45	88	0	140	50	41	0	70	0	0	0	0	0	0	0	0	36	0	38	45	88	0	140	50	38	0	70	0	0	0	0	0	0	0	0	0	0	0	0	0	0	0	0	36	0	38	45	78	0	140	50	45	24	84	0	0	35	0	0	0	0	0	10	0	0	0	6	0	0	0	0	0	0	0	1	0	0	0	30	0	38	45	74	36	168	50
297	281	72	74	56	265	47	29	42	72	74	56	35	0	38	55	100	108	280	50	249	47	29	42	47	29	42	35	0	37	55	62	0	210	50	72	74	56	8	0	0	0	7	0	0	0	35	0	38	55	100	108	280	50	233	44	24	42	47	29	42	35	0	37	55	62	0	210	50	47	29	42	2	0	0	0	3	0	0	0	35	0	37	55	62	0	210	50	72	74	56	8	45	14	0	5	18	0	0	8	0	0	0	7	0	0	0	35	0	38	55	100	108	280	50	217	31	15	42	44	24	42	32	0	37	55	60	0	210	50	47	29	42	2	0	0	0	3	0	0	0	35	0	37	55	62	0	210	50	47	29	42	0	0	13	0	0	0	0	0	2	0	0	0	3	0	0	0	35	0	37	55	62	0	210	50	68	74	56	0	0	121	0	0	0	56	0	8	45	14	0	5	18	0	0	8	0	0	0	7	0	0	0	35	0	38	55	88	108	280	50
306	285	87	135	74	264	48	111	48	87	135	74	36	168	14	69	178	368	74	89	243	48	111	48	48	111	48	36	168	14	69	94	320	48	89	87	135	74	7	0	0	0	4	0	0	0	36	168	14	69	178	368	74	89	222	48	110	48	48	111	48	36	168	14	69	94	320	48	89	48	111	48	7	0	0	0	4	0	0	0	36	168	14	69	94	320	48	89	72	135	74	18	12	0	0	5	0	0	0	7	0	0	0	4	0	0	0	36	168	14	69	139	368	74	89	205	39	98	48	48	110	48	36	168	14	69	94	318	48	89	48	111	48	7	0	0	0	4	0	0	0	36	168	14	69	94	320	48	89	45	111	48	9	0	0	0	0	0	0	0	7	0	0	0	4	0	0	0	36	168	14	69	84	320	48	89	55	67	74	0	0	63	0	0	0	74	0	18	12	0	0	5	0	0	0	7	0	0	0	4	0	0	0	30	168	14	69	90	164	74	89
162	153	48	23	9	144	29	8	7	48	23	9	29	0	0	14	92	41	27	0	135	29	8	7	29	8	7	29	0	0	14	57	16	21	0	48	23	9	2	0	0	0	2	0	0	0	29	0	0	14	92	41	27	0	126	28	8	7	29	8	7	29	0	0	14	57	16	21	0	29	8	7	0	0	0	0	0	0	0	0	29	0	0	14	57	16	21	0	48	23	9	10	0	0	0	4	5	0	0	2	0	0	0	2	0	0	0	29	0	0	14	92	41	27	0	117	25	8	7	28	8	7	29	0	0	14	57	16	21	0	29	8	7	0	0	0	0	0	0	0	0	29	0	0	14	57	16	21	0	29	8	7	0	0	0	0	0	0	0	0	0	0	0	0	0	0	0	0	29	0	0	14	57	16	21	0	38	23	9	0	0	0	0	0	0	0	0	10	0	0	0	4	5	0	0	2	0	0	0	2	0	0	0	29	0	0	14	64	41	27	0
226	210	61	97	8	194	32	69	0	61	97	8	21	80	0	0	100	154	32	50	178	32	69	0	32	69	0	21	80	0	0	48	98	0	50	61	97	8	11	0	0	0	6	0	0	0	21	80	0	0	100	154	32	50	162	30	65	0	32	69	0	21	80	0	0	48	98	0	50	32	69	0	6	0	0	0	3	0	0	0	21	80	0	0	48	98	0	50	61	97	8	15	20	0	0	3	10	0	0	11	0	0	0	6	0	0	0	21	80	0	0	100	154	32	50	146	25	60	0	30	65	0	21	80	0	0	48	90	0	50	32	69	0	6	0	0	0	3	0	0	0	21	80	0	0	48	98	0	50	32	69	0	9	0	0	0	0	0	0	0	6	0	0	0	3	0	0	0	21	80	0	0	48	98	0	50	53	97	8	0	0	24	0	0	0	8	0	15	20	0	0	3	10	0	0	11	0	0	0	6	0	0	0	21	80	0	0	80	154	32	50
265	251	38	13	95	237	27	0	48	38	13	95	22	0	0	52	56	0	95	231	223	27	0	48	27	0	48	22	0	0	52	42	0	48	167	38	13	95	5	0	0	0	4	0	0	0	22	0	0	52	56	0	95	231	209	22	0	48	27	0	48	22	0	0	52	42	0	48	167	27	0	48	0	0	0	0	0	0	0	0	22	0	0	52	42	0	48	167	38	13	95	0	0	26	0	0	0	0	0	5	0	0	0	4	0	0	0	22	0	0	52	56	0	95	231	195	22	0	48	22	0	48	22	0	0	52	38	0	48	167	27	0	48	0	0	0	0	0	0	0	0	22	0	0	52	42	0	48	167	27	0	48	0	0	0	0	0	0	0	0	0	0	0	0	0	0	0	0	22	0	0	52	42	0	48	167	34	13	95	0	0	0	0	0	0	0	0	0	0	26	0	0	0	0	0	5	0	0	0	4	0	0	0	22	0	0	52	44	0	95	231
361	341	47	82	137	321	31	37	120	47	82	137	28	0	53	38	52	45	411	64	301	27	34	119	31	37	120	23	0	53	37	33	0	360	42	47	82	137	6	45	35	13	8	15	0	0	28	0	53	38	52	45	411	64	281	19	19	119	27	34	119	16	0	53	37	28	0	357	42	31	37	120	2	0	34	13	3	0	0	0	23	0	53	37	33	0	360	42	47	82	137	0	0	79	0	0	0	137	0	6	45	35	13	8	15	0	0	28	0	53	38	52	45	411	64	261	19	19	119	19	19	119	16	0	53	37	26	0	357	42	27	34	119	2	0	33	13	3	0	0	0	16	0	53	37	28	0	357	42	31	37	120	0	0	62	0	0	0	120	0	2	0	34	13	3	0	0	0	23	0	53	37	33	0	360	42	47	82	137	0	0	0	0	0	0	0	0	0	0	79	0	0	0	137	0	6	45	35	13	8	15	0	0	28	0	53	38	52	45	411	64
281	266	30	44	77	251	14	0	68	30	44	77	5	0	43	0	25	55	308	56	236	13	0	68	14	0	68	2	0	43	0	11	0	272	42	30	44	77	5	0	0	0	4	11	0	0	5	0	43	0	25	55	308	56	221	10	0	68	13	0	68	2	0	43	0	11	0	272	42	14	0	68	0	0	0	0	0	0	0	0	2	0	43	0	11	0	272	42	30	44	77	0	0	9	0	0	0	0	0	5	0	0	0	4	11	0	0	5	0	43	0	25	55	308	56	206	10	0	68	10	0	68	2	0	43	0	11	0	272	42	13	0	68	0	0	0	0	0	0	0	0	2	0	43	0	11	0	272	42	14	0	68	0	0	0	0	0	0	0	0	0	0	0	0	0	0	0	0	2	0	43	0	11	0	272	42	30	44	77	0	0	0	0	0	0	0	0	0	0	9	0	0	0	0	0	5	0	0	0	4	11	0	0	5	0	43	0	25	55	308	56
219	206	35	40	41	193	19	22	10	35	40	41	13	0	0	0	40	60	82	157	180	18	22	10	19	22	10	10	0	0	0	18	33	20	119	35	40	41	5	0	0	0	3	9	0	0	13	0	0	0	40	60	82	157	167	14	22	10	18	22	10	10	0	0	0	18	33	20	119	19	22	10	0	0	0	0	0	0	0	0	10	0	0	0	18	33	20	119	35	40	41	0	0	14	0	0	0	0	0	5	0	0	0	3	9	0	0	13	0	0	0	40	60	82	157	154	14	22	10	14	22	10	10	0	0	0	16	33	20	119	18	22	10	0	0	0	0	0	0	0	0	10	0	0	0	18	33	20	119	19	22	10	0	0	0	0	0	0	0	0	0	0	0	0	0	0	0	0	10	0	0	0	18	33	20	119	35	40	41	0	0	0	0	0	0	0	0	0	0	14	0	0	0	0	0	5	0	0	0	3	9	0	0	13	0	0	0	40	60	82	157
217	204	39	49	32	191	23	32	13	39	49	32	18	11	13	0	44	46	64	73	178	22	30	13	23	32	13	15	11	13	0	28	22	26	49	39	49	32	5	16	0	0	7	8	0	0	18	11	13	0	44	46	64	73	165	19	22	13	22	30	13	15	11	13	0	28	22	26	49	23	32	13	2	0	0	0	3	0	0	0	15	11	13	0	28	22	26	49	39	49	32	0	0	14	0	0	0	32	0	5	16	0	0	7	8	0	0	18	11	13	0	44	46	64	73	152	19	22	13	19	22	13	15	11	13	0	26	22	26	49	22	30	13	2	0	0	0	3	0	0	0	15	11	13	0	28	22	26	49	23	32	13	0	0	0	0	0	0	13	0	2	0	0	0	3	0	0	0	15	11	13	0	28	22	26	49	39	49	32	0	0	0	0	0	0	0	0	0	0	14	0	0	0	32	0	5	16	0	0	7	8	0	0	18	11	13	0	44	46	64	73
198	187	17	0	88	176	7	0	60	17	0	88	4	0	33	30	8	0	0	214	165	5	0	60	7	0	60	1	0	33	30	6	0	0	188	17	0	88	0	0	15	0	0	0	0	0	4	0	33	30	8	0	0	214	154	5	0	60	5	0	60	1	0	33	30	6	0	0	187	7	0	60	0	0	0	0	0	0	0	0	1	0	33	30	6	0	0	188	17	0	88	0	0	0	0	0	0	0	0	0	0	15	0	0	0	0	0	4	0	33	30	8	0	0	214	143	5	0	60	5	0	60	1	0	33	30	6	0	0	187	5	0	60	0	0	0	0	0	0	0	0	1	0	33	30	6	0	0	187	7	0	60	0	0	0	0	0	0	0	0	0	0	0	0	0	0	0	0	1	0	33	30	6	0	0	188	17	0	88	0	0	0	0	0	0	0	0	0	0	0	0	0	0	0	0	0	0	15	0	0	0	0	0	4	0	33	30	8	0	0	214
175	164	17	19	73	153	10	18	15	17	19	73	4	9	0	30	11	18	0	382	142	7	18	15	10	18	15	1	9	0	30	9	18	0	259	17	19	73	0	0	23	0	0	0	0	0	4	9	0	30	11	18	0	382	131	7	18	15	7	18	15	1	9	0	30	9	18	0	258	10	18	15	0	0	0	0	0	0	0	0	1	9	0	30	9	18	0	259	17	19	73	0	0	0	0	0	0	0	0	0	0	23	0	0	0	0	0	4	9	0	30	11	18	0	382	120	7	18	15	7	18	15	1	9	0	30	9	18	0	258	7	18	15	0	0	0	0	0	0	0	0	1	9	0	30	9	18	0	258	10	18	15	0	0	0	0	0	0	0	0	0	0	0	0	0	0	0	0	1	9	0	30	9	18	0	259	17	19	73	0	0	0	0	0	0	0	0	0	0	0	0	0	0	0	0	0	0	23	0	0	0	0	0	4	9	0	30	11	18	0	382
308	290	42	72	105	272	24	30	58	42	72	105	17	39	110	49	34	60	315	287	254	19	17	58	24	30	58	8	0	108	49	28	34	174	211	42	72	105	2	0	56	0	3	0	105	0	17	39	110	49	34	60	315	287	236	19	17	58	19	17	58	8	0	108	49	28	34	174	210	24	30	58	2	0	31	0	3	0	58	0	8	0	108	49	28	34	174	211	42	72	105	0	0	0	0	0	0	0	0	2	0	56	0	3	0	105	0	17	39	110	49	34	60	315	287	218	19	17	58	19	17	58	8	0	108	49	28	34	174	210	19	17	58	2	0	31	0	3	0	58	0	8	0	108	49	28	34	174	210	24	30	58	0	0	0	0	0	0	0	0	2	0	31	0	3	0	58	0	8	0	108	49	28	34	174	211	42	72	105	0	0	0	0	0	0	0	0	0	0	0	0	0	0	0	0	2	0	56	0	3	0	105	0	17	39	110	49	34	60	315	287
167	157	16	23	35	147	6	9	24	16	23	35	4	0	33	0	9	18	70	77	137	5	9	24	6	9	24	1	0	33	0	7	18	48	68	16	23	35	0	0	0	0	0	0	0	0	4	0	33	0	9	18	70	77	127	5	9	24	5	9	24	1	0	33	0	7	18	48	68	6	9	24	0	0	0	0	0	0	0	0	1	0	33	0	7	18	48	68	16	23	35	0	0	0	0	0	0	0	0	0	0	0	0	0	0	0	0	4	0	33	0	9	18	70	77	117	5	9	24	5	9	24	1	0	33	0	7	18	48	68	5	9	24	0	0	0	0	0	0	0	0	1	0	33	0	7	18	48	68	6	9	24	0	0	0	0	0	0	0	0	0	0	0	0	0	0	0	0	1	0	33	0	7	18	48	68	16	23	35	0	0	0	0	0	0	0	0	0	0	0	0	0	0	0	0	0	0	0	0	0	0	0	0	4	0	33	0	9	18	70	77
124	117	13	10	24	110	5	0	24	13	10	24	3	0	33	0	9	0	48	0	103	4	0	24	5	0	24	0	0	33	0	7	0	48	0	13	10	24	0	0	0	0	0	0	0	0	3	0	33	0	9	0	48	0	96	4	0	24	4	0	24	0	0	33	0	7	0	48	0	5	0	24	0	0	0	0	0	0	0	0	0	0	33	0	7	0	48	0	13	10	24	0	0	0	0	0	0	0	0	0	0	0	0	0	0	0	0	3	0	33	0	9	0	48	0	89	4	0	24	4	0	24	0	0	33	0	7	0	48	0	4	0	24	0	0	0	0	0	0	0	0	0	0	33	0	7	0	48	0	5	0	24	0	0	0	0	0	0	0	0	0	0	0	0	0	0	0	0	0	0	33	0	7	0	48	0	13	10	24	0	0	0	0	0	0	0	0	0	0	0	0	0	0	0	0	0	0	0	0	0	0	0	0	3	0	33	0	9	0	48	0
193	181	28	21	74	169	17	11	72	28	21	74	14	0	95	22	32	11	74	0	157	17	11	71	17	11	72	14	0	92	21	32	11	72	0	28	21	74	3	0	0	10	6	0	0	0	14	0	95	22	32	11	74	0	145	17	11	71	17	11	71	14	0	90	21	32	11	71	0	17	11	72	3	0	0	10	6	0	0	0	14	0	92	21	32	11	72	0	28	21	74	0	0	0	0	0	0	0	0	3	0	0	10	6	0	0	0	14	0	95	22	32	11	74	0	133	17	11	71	17	11	71	14	0	90	21	32	11	71	0	17	11	71	3	0	0	10	6	0	0	0	14	0	90	21	32	11	71	0	17	11	72	0	0	0	0	0	0	0	0	3	0	0	10	6	0	0	0	14	0	92	21	32	11	72	0	28	21	74	0	0	0	0	0	0	0	0	0	0	0	0	0	0	0	0	3	0	0	10	6	0	0	0	14	0	95	22	32	11	74	0
206	192	40	51	75	178	21	33	60	40	51	75	20	0	156	22	38	66	150	105	164	21	33	58	21	33	60	20	0	140	21	38	66	120	58	40	51	75	5	0	0	25	9	0	0	0	20	0	156	22	38	66	150	105	150	21	33	57	21	33	58	20	0	135	21	38	66	116	58	21	33	60	5	0	0	24	9	0	0	0	20	0	140	21	38	66	120	58	40	51	75	0	0	0	14	0	0	0	0	5	0	0	25	9	0	0	0	20	0	156	22	38	66	150	105	136	21	33	56	21	33	57	20	0	132	21	38	66	114	58	21	33	58	5	0	0	23	9	0	0	0	20	0	135	21	38	66	116	58	21	33	60	0	0	0	13	0	0	0	0	5	0	0	24	9	0	0	0	20	0	140	21	38	66	120	58	40	51	75	0	0	0	13	0	0	0	0	0	0	0	14	0	0	0	0	5	0	0	25	9	0	0	0	20	0	156	22	38	66	150	105
153	144	7	0	61	135	5	0	44	7	0	61	0	0	12	55	7	0	0	59	126	5	0	44	5	0	44	0	0	11	55	7	0	0	48	7	0	61	0	0	0	0	0	0	0	0	0	0	12	55	7	0	0	59	117	5	0	44	5	0	44	0	0	11	55	7	0	0	48	5	0	44	0	0	0	0	0	0	0	0	0	0	11	55	7	0	0	48	7	0	61	0	0	0	0	0	0	0	0	0	0	0	0	0	0	0	0	0	0	12	55	7	0	0	59	108	5	0	44	5	0	44	0	0	11	55	7	0	0	48	5	0	44	0	0	0	0	0	0	0	0	0	0	11	55	7	0	0	48	5	0	44	0	0	0	0	0	0	0	0	0	0	0	0	0	0	0	0	0	0	11	55	7	0	0	48	7	0	61	0	0	0	0	0	0	0	0	0	0	0	0	0	0	0	0	0	0	0	0	0	0	0	0	0	0	12	55	7	0	0	59
160	150	13	9	62	140	7	9	44	13	9	62	0	0	25	55	12	9	0	105	130	7	9	44	7	9	44	0	0	11	55	12	9	0	58	13	9	62	0	0	0	0	0	0	0	0	0	0	25	55	12	9	0	105	120	7	9	44	7	9	44	0	0	11	55	12	9	0	58	7	9	44	0	0	0	0	0	0	0	0	0	0	11	55	12	9	0	58	13	9	62	0	0	0	0	0	0	0	0	0	0	0	0	0	0	0	0	0	0	25	55	12	9	0	105	110	7	9	44	7	9	44	0	0	11	55	12	9	0	58	7	9	44	0	0	0	0	0	0	0	0	0	0	11	55	12	9	0	58	7	9	44	0	0	0	0	0	0	0	0	0	0	0	0	0	0	0	0	0	0	11	55	12	9	0	58	13	9	62	0	0	0	0	0	0	0	0	0	0	0	0	0	0	0	0	0	0	0	0	0	0	0	0	0	0	25	55	12	9	0	105
184	172	15	20	63	160	7	20	33	15	20	63	0	0	25	55	12	30	0	164	148	7	20	33	7	20	33	0	0	11	55	12	30	0	106	15	20	63	0	0	0	0	0	0	0	0	0	0	25	55	12	30	0	164	136	7	20	33	7	20	33	0	0	11	55	12	30	0	106	7	20	33	0	0	0	0	0	0	0	0	0	0	11	55	12	30	0	106	15	20	63	0	0	0	0	0	0	0	0	0	0	0	0	0	0	0	0	0	0	25	55	12	30	0	164	124	7	20	33	7	20	33	0	0	11	55	12	30	0	106	7	20	33	0	0	0	0	0	0	0	0	0	0	11	55	12	30	0	106	7	20	33	0	0	0	0	0	0	0	0	0	0	0	0	0	0	0	0	0	0	11	55	12	30	0	106	15	20	63	0	0	0	0	0	0	0	0	0	0	0	0	0	0	0	0	0	0	0	0	0	0	0	0	0	0	25	55	12	30	0	164
252	233	44	89	143	214	35	81	112	44	89	143	35	110	0	144	62	129	0	149	195	32	78	110	35	81	112	23	104	0	137	51	117	0	132	44	89	143	6	39	0	22	12	39	0	0	35	110	0	144	62	129	0	149	176	32	78	108	32	78	110	23	104	0	134	50	117	0	129	35	81	112	6	39	0	21	12	39	0	0	23	104	0	137	51	117	0	132	44	89	143	0	0	0	25	0	0	0	0	6	39	0	22	12	39	0	0	35	110	0	144	62	129	0	149	157	32	78	106	32	78	108	23	104	0	133	50	117	0	128	32	78	110	6	39	0	21	12	39	0	0	23	104	0	134	50	117	0	129	35	81	112	0	0	0	24	0	0	0	0	6	39	0	21	12	39	0	0	23	104	0	137	51	117	0	132	44	89	143	0	0	0	25	0	0	0	0	0	0	0	25	0	0	0	0	6	39	0	22	12	39	0	0	35	110	0	144	62	129	0	149
292	271	53	88	173	250	42	82	154	53	88	173	38	100	0	123	72	154	0	75	229	39	80	135	42	82	154	26	96	0	82	59	144	0	60	53	88	173	13	32	0	72	12	48	0	105	38	100	0	123	72	154	0	75	208	39	80	105	39	80	135	26	96	0	79	58	144	0	58	42	82	154	13	32	0	10	12	48	0	58	26	96	0	82	59	144	0	60	53	88	173	9	0	0	70	0	0	0	169	13	32	0	72	12	48	0	105	38	100	0	123	72	154	0	75	187	39	80	86	39	80	105	26	96	0	78	58	144	0	57	39	80	135	13	32	0	10	12	48	0	58	26	96	0	79	58	144	0	58	42	82	154	9	0	0	24	0	0	0	133	13	32	0	10	12	48	0	58	26	96	0	82	59	144	0	60	53	88	173	0	0	0	100	0	0	0	56	9	0	0	70	0	0	0	169	13	32	0	72	12	48	0	105	38	100	0	123	72	154	0	75
156	144	44	36	58	132	35	36	55	44	36	58	42	0	0	46	66	42	0	0	120	32	32	55	35	36	55	30	0	0	46	48	42	0	0	44	36	58	15	32	0	0	12	24	0	0	42	0	0	46	66	42	0	0	108	32	32	54	32	32	55	30	0	0	45	47	40	0	0	35	36	55	15	32	0	0	12	24	0	0	30	0	0	46	48	42	0	0	44	36	58	9	0	0	15	0	0	0	0	15	32	0	0	12	24	0	0	42	0	0	46	66	42	0	0	96	32	32	48	32	32	54	30	0	0	44	47	40	0	0	32	32	55	15	32	0	0	12	24	0	0	30	0	0	45	47	40	0	0	35	36	55	9	0	0	14	0	0	0	0	15	32	0	0	12	24	0	0	30	0	0	46	48	42	0	0	44	36	58	0	0	0	57	0	0	0	0	9	0	0	15	0	0	0	0	15	32	0	0	12	24	0	0	42	0	0	46	66	42	0	0
241	221	75	137	73	201	52	111	73	75	137	73	58	90	48	0	132	212	146	0	181	47	105	73	52	111	73	40	90	48	0	82	168	146	0	75	137	73	10	72	16	0	11	36	0	0	58	90	48	0	132	212	146	0	161	47	96	68	47	105	73	40	72	48	0	75	165	146	0	52	111	73	10	72	16	0	9	36	0	0	40	90	48	0	82	168	146	0	75	137	73	4	108	0	32	0	0	0	0	10	72	16	0	11	36	0	0	58	90	48	0	132	212	146	0	141	47	96	44	47	96	68	40	72	48	0	75	144	136	0	47	105	73	10	72	16	0	9	36	0	0	40	72	48	0	75	165	146	0	52	111	73	4	108	0	0	0	0	0	0	10	72	16	0	9	36	0	0	40	90	48	0	82	168	146	0	64	137	73	0	0	0	61	0	0	0	82	4	108	0	32	0	0	0	0	10	72	16	0	11	36	0	0	58	90	48	0	106	212	146	0
123	112	44	45	7	101	26	34	7	44	45	7	25	29	21	0	61	80	14	0	90	22	30	7	26	34	7	10	25	21	0	31	54	14	0	44	45	7	10	20	7	0	7	15	0	0	25	29	21	0	61	80	14	0	79	22	30	7	22	30	7	10	25	21	0	27	50	14	0	26	34	7	10	20	7	0	6	15	0	0	10	25	21	0	31	54	14	0	44	45	7	13	0	0	0	0	0	0	0	10	20	7	0	7	15	0	0	25	29	21	0	61	80	14	0	68	22	30	7	22	30	7	10	25	21	0	27	50	14	0	22	30	7	10	20	7	0	6	15	0	0	10	25	21	0	27	50	14	0	26	34	7	13	0	0	0	0	0	0	0	10	20	7	0	6	15	0	0	10	25	21	0	31	54	14	0	44	45	7	0	0	0	0	0	0	0	0	13	0	0	0	0	0	0	0	10	20	7	0	7	15	0	0	25	29	21	0	61	80	14	0
189	175	58	53	42	161	40	33	27	58	53	42	27	22	23	14	89	78	84	80	147	39	33	27	40	33	27	25	22	21	14	49	33	54	80	58	53	42	10	0	0	0	8	0	0	0	27	22	23	14	89	78	84	80	133	39	33	27	39	33	27	25	22	21	14	48	33	54	80	40	33	27	10	0	0	0	6	0	0	0	25	22	21	14	49	33	54	80	58	53	42	13	0	0	0	3	0	0	0	10	0	0	0	8	0	0	0	27	22	23	14	89	78	84	80	119	39	33	27	39	33	27	25	22	21	14	48	33	54	75	39	33	27	10	0	0	0	6	0	0	0	25	22	21	14	48	33	54	80	40	33	27	13	0	0	0	0	0	0	0	10	0	0	0	6	0	0	0	25	22	21	14	49	33	54	80	57	53	42	2	0	0	0	0	0	0	0	13	0	0	0	3	0	0	0	10	0	0	0	8	0	0	0	27	22	23	14	87	78	84	80
250	233	76	60	88	216	42	0	87	76	60	88	33	0	123	9	124	180	440	0	199	39	0	87	42	0	87	27	0	122	9	39	0	435	0	76	60	88	17	0	25	0	6	0	0	0	33	0	123	9	124	180	440	0	182	34	0	87	39	0	87	26	0	122	9	32	0	435	0	42	0	87	3	0	25	0	0	0	0	0	27	0	122	9	39	0	435	0	76	60	88	10	0	14	0	15	48	0	0	17	0	25	0	6	0	0	0	33	0	123	9	124	180	440	0	165	26	0	87	34	0	87	26	0	122	9	31	0	435	0	39	0	87	3	0	25	0	0	0	0	0	26	0	122	9	32	0	435	0	42	0	87	0	0	14	0	0	0	0	0	3	0	25	0	0	0	0	0	27	0	122	9	39	0	435	0	75	60	88	4	0	70	0	0	0	0	0	10	0	14	0	15	48	0	0	17	0	25	0	6	0	0	0	33	0	123	9	122	180	440	0
176	164	53	32	35	152	28	0	35	53	32	35	14	0	42	0	85	80	140	0	140	27	0	35	28	0	35	12	0	42	0	23	0	140	0	53	32	35	6	0	0	0	4	0	0	0	14	0	42	0	85	80	140	0	128	24	0	35	27	0	35	12	0	42	0	22	0	140	0	28	0	35	0	0	0	0	0	0	0	0	12	0	42	0	23	0	140	0	53	32	35	2	0	0	0	10	24	0	0	6	0	0	0	4	0	0	0	14	0	42	0	85	80	140	0	116	23	0	35	24	0	35	12	0	42	0	21	0	140	0	27	0	35	0	0	0	0	0	0	0	0	12	0	42	0	22	0	140	0	28	0	35	0	0	0	0	0	0	0	0	0	0	0	0	0	0	0	0	12	0	42	0	23	0	140	0	52	32	35	2	0	7	0	0	0	0	0	2	0	0	0	10	24	0	0	6	0	0	0	4	0	0	0	14	0	42	0	83	80	140	0
190	176	59	54	41	162	31	34	38	59	54	41	16	18	41	23	99	119	82	0	148	31	25	38	31	34	38	16	0	38	23	34	72	76	0	59	54	41	0	0	0	0	2	0	41	0	16	18	41	23	99	119	82	0	134	31	25	38	31	25	38	16	0	38	23	34	63	76	0	31	34	38	0	0	0	0	0	0	38	0	16	0	38	23	34	72	76	0	59	54	41	4	0	0	0	9	0	0	0	0	0	0	0	2	0	41	0	16	18	41	23	99	119	82	0	120	31	23	38	31	25	38	16	0	38	23	34	63	76	0	31	25	38	0	0	0	0	0	0	38	0	16	0	38	23	34	63	76	0	31	34	38	4	0	0	0	0	0	0	0	0	0	0	0	0	0	38	0	16	0	38	23	34	72	76	0	54	54	41	0	23	0	0	0	0	0	0	4	0	0	0	9	0	0	0	0	0	0	0	2	0	41	0	16	18	41	23	89	119	82	0
145	133	47	43	40	121	32	36	24	47	43	40	23	0	27	23	81	71	40	80	109	31	36	24	32	36	24	21	0	24	23	44	50	24	80	47	43	40	10	0	0	0	8	0	0	0	23	0	27	23	81	71	40	80	97	31	32	24	31	36	24	21	0	24	23	43	50	24	80	32	36	24	10	0	0	0	6	0	0	0	21	0	24	23	44	50	24	80	47	43	40	9	32	0	0	0	0	0	0	10	0	0	0	8	0	0	0	23	0	27	23	81	71	40	80	85	31	32	24	31	32	24	21	0	24	23	43	40	24	75	31	36	24	10	0	0	0	6	0	0	0	21	0	24	23	43	50	24	80	32	36	24	9	32	0	0	0	0	0	0	10	0	0	0	6	0	0	0	21	0	24	23	44	50	24	80	41	43	40	2	0	0	0	0	0	0	0	9	32	0	0	0	0	0	0	10	0	0	0	8	0	0	0	23	0	27	23	70	71	40	80
300	277	83	97	151	254	51	42	89	83	97	151	49	21	64	146	128	269	453	246	231	46	42	86	51	42	89	34	21	53	137	67	105	267	211	83	97	151	19	0	33	23	6	36	0	0	49	21	64	146	128	269	453	246	208	38	42	86	46	42	86	26	21	53	137	65	105	258	211	51	42	89	0	0	32	23	0	0	0	0	34	21	53	137	67	105	267	211	79	97	151	4	0	36	0	0	0	0	0	19	0	33	23	6	36	0	0	49	21	64	146	120	269	453	246	186	38	42	86	38	42	86	26	21	53	137	63	105	258	211	46	42	86	0	0	32	23	0	0	0	0	26	21	53	137	65	105	258	211	49	42	89	4	0	36	0	0	0	0	0	0	0	32	23	0	0	0	0	34	21	53	137	62	105	267	211	68	75	151	2	0	0	0	0	0	0	0	4	0	36	0	0	0	0	0	19	0	33	23	6	36	0	0	46	21	64	146	92	225	453	246
203	188	39	38	79	173	22	26	50	39	38	79	10	0	15	73	66	25	79	123	158	21	24	50	22	26	50	9	0	14	73	24	13	50	122	39	38	79	9	24	15	0	6	0	0	0	10	0	15	73	66	25	79	123	143	12	0	50	21	24	50	9	0	14	73	24	12	50	122	22	26	50	0	0	14	0	0	0	0	0	9	0	14	73	24	13	50	122	39	38	79	0	0	61	0	0	0	158	0	9	24	15	0	6	0	0	0	10	0	15	73	66	25	79	123	128	10	0	50	12	0	50	3	0	14	73	17	0	50	122	21	24	50	0	0	14	0	0	0	0	0	9	0	14	73	24	12	50	122	22	26	50	0	0	55	0	0	0	100	0	0	0	14	0	0	0	0	0	9	0	14	73	24	13	50	122	37	38	79	0	0	16	0	0	0	0	0	0	0	61	0	0	0	158	0	9	24	15	0	6	0	0	0	10	0	15	73	62	25	79	123
189	175	50	49	54	161	24	13	32	50	49	54	31	0	33	23	66	108	216	123	147	19	9	32	24	13	32	16	0	32	23	24	0	128	122	50	49	54	15	36	33	0	6	18	0	0	31	0	33	23	66	108	216	123	133	8	0	32	19	9	32	8	0	32	23	22	0	128	122	24	13	32	0	0	32	0	0	0	0	0	16	0	32	23	24	0	128	122	49	49	54	0	0	76	0	0	0	54	0	15	36	33	0	6	18	0	0	31	0	33	23	65	108	216	123	119	7	0	32	8	0	32	4	0	32	23	17	0	128	122	19	9	32	0	0	32	0	0	0	0	0	8	0	32	23	22	0	128	122	23	13	32	0	0	72	0	0	0	32	0	0	0	32	0	0	0	0	0	16	0	32	23	23	0	128	122	46	49	54	0	0	10	0	0	0	0	0	0	0	76	0	0	0	54	0	15	36	33	0	6	18	0	0	30	0	33	23	59	108	216	123
160	148	50	41	21	136	24	11	9	50	41	21	34	0	18	0	76	84	105	88	124	20	6	9	24	11	9	20	0	18	0	39	0	45	87	50	41	21	18	30	18	0	6	12	0	0	34	0	18	0	76	84	105	88	112	13	0	9	20	6	9	12	0	18	0	37	0	45	87	24	11	9	4	0	18	0	0	0	0	0	20	0	18	0	39	0	45	87	47	41	21	0	0	36	0	0	0	21	0	18	30	18	0	6	12	0	0	34	0	18	0	69	84	105	88	100	13	0	9	13	0	9	12	0	18	0	35	0	45	87	20	6	9	4	0	18	0	0	0	0	0	12	0	18	0	37	0	45	87	21	11	9	0	0	36	0	0	0	9	0	4	0	18	0	0	0	0	0	20	0	18	0	32	0	45	87	42	41	21	0	0	0	0	0	0	0	0	0	0	36	0	0	0	21	0	18	30	18	0	6	12	0	0	29	0	18	0	58	84	105	88
152	141	35	18	47	130	17	0	7	35	18	47	6	0	9	14	64	36	94	206	119	17	0	7	17	0	7	6	0	0	14	27	0	14	187	35	18	47	11	0	0	0	6	0	0	0	6	0	9	14	64	36	94	206	108	12	0	7	17	0	7	6	0	0	14	27	0	14	187	17	0	7	0	0	0	0	0	0	0	0	6	0	0	14	27	0	14	187	34	18	47	0	0	9	0	0	0	0	0	11	0	0	0	6	0	0	0	6	0	9	14	63	36	94	206	97	12	0	7	12	0	7	6	0	0	14	25	0	14	187	17	0	7	0	0	0	0	0	0	0	0	6	0	0	14	27	0	14	187	16	0	7	0	0	7	0	0	0	0	0	0	0	0	0	0	0	0	0	6	0	0	14	26	0	14	187	31	18	47	2	0	0	0	0	0	0	0	0	0	9	0	0	0	0	0	11	0	0	0	6	0	0	0	5	0	9	14	57	36	94	206
225	206	51	77	118	187	29	34	68	51	77	118	37	17	94	94	79	52	354	273	168	21	34	66	29	34	68	19	17	85	90	67	51	204	137	50	77	118	4	0	63	25	0	0	0	0	37	17	94	94	78	52	354	273	150	21	34	66	21	34	66	19	17	84	90	66	51	198	134	29	34	68	4	0	36	25	0	0	0	0	19	17	85	90	67	51	204	137	40	59	118	0	0	0	0	0	0	0	0	4	0	63	25	0	0	0	0	37	17	94	94	49	34	354	273	133	21	34	66	21	34	66	19	17	84	90	66	51	198	134	21	34	66	4	0	36	25	0	0	0	0	19	17	84	90	66	51	198	134	21	17	68	0	0	0	0	0	0	0	0	4	0	36	25	0	0	0	0	19	17	85	90	41	34	204	137	32	42	118	0	0	0	0	0	0	0	0	0	0	0	0	0	0	0	0	4	0	63	25	0	0	0	0	25	0	94	94	26	0	354	273
199	183	39	73	55	167	21	18	19	39	73	55	20	90	64	27	47	27	275	226	151	15	0	19	21	18	19	12	0	58	27	42	0	95	130	39	73	55	4	0	63	0	0	0	110	0	20	90	64	27	47	27	275	226	135	15	0	19	15	0	19	12	0	58	27	41	0	95	127	21	18	19	4	0	36	0	0	0	38	0	12	0	58	27	42	0	95	130	34	73	55	0	0	0	0	0	0	0	0	4	0	63	0	0	0	110	0	20	90	64	27	34	27	275	226	119	15	0	19	15	0	19	12	0	58	27	41	0	95	127	15	0	19	4	0	36	0	0	0	38	0	12	0	58	27	41	0	95	127	16	18	19	0	0	0	0	0	0	0	0	4	0	36	0	0	0	38	0	12	0	58	27	29	0	95	130	29	73	55	0	0	0	0	0	0	0	0	0	0	0	0	0	0	0	0	4	0	63	0	0	0	110	0	15	90	64	27	23	27	275	226
156	142	42	45	65	128	20	33	9	42	45	65	20	22	0	18	60	103	65	352	114	14	33	0	20	33	9	10	22	0	0	38	99	9	187	42	45	65	4	0	39	0	0	0	0	41	20	22	0	18	60	103	65	352	100	14	33	0	14	33	0	10	22	0	0	37	99	0	184	20	33	9	4	0	0	0	0	0	0	38	10	22	0	0	38	99	9	187	35	45	65	0	0	0	0	0	0	0	0	4	0	39	0	0	0	0	41	20	22	0	18	44	103	65	352	87	13	33	0	14	33	0	10	22	0	0	37	99	0	184	14	33	0	4	0	0	0	0	0	0	38	10	22	0	0	37	99	0	184	15	33	9	0	0	0	0	0	0	0	0	4	0	0	0	0	0	0	38	10	22	0	0	25	99	9	187	24	32	65	1	0	11	0	0	0	0	0	0	0	0	0	0	0	0	0	4	0	39	0	0	0	0	41	15	22	0	18	19	77	65	352
114	105	28	18	15	96	17	0	0	28	18	15	21	0	0	0	39	0	45	75	87	13	0	0	17	0	0	11	0	0	0	36	0	0	41	28	18	15	4	0	15	0	0	0	0	0	21	0	0	0	39	0	45	75	78	13	0	0	13	0	0	11	0	0	0	36	0	0	41	17	0	0	4	0	0	0	0	0	0	0	11	0	0	0	36	0	0	41	23	18	15	0	0	0	0	0	0	0	0	4	0	15	0	0	0	0	0	21	0	0	0	26	0	45	75	69	13	0	0	13	0	0	11	0	0	0	36	0	0	41	13	0	0	4	0	0	0	0	0	0	0	11	0	0	0	36	0	0	41	12	0	0	0	0	0	0	0	0	0	0	4	0	0	0	0	0	0	0	11	0	0	0	23	0	0	41	19	18	15	0	0	0	0	0	0	0	0	0	0	0	0	0	0	0	0	4	0	15	0	0	0	0	0	16	0	0	0	17	0	45	75
113	100	40	64	6	87	10	46	0	40	64	6	13	64	0	0	56	160	12	21	74	7	42	0	10	46	0	3	56	0	0	18	138	0	9	34	64	6	0	28	6	0	0	0	0	0	13	64	0	0	46	160	12	21	63	7	42	0	7	42	0	3	56	0	0	18	126	0	9	10	46	0	0	28	0	0	0	0	0	0	3	56	0	0	18	138	0	9	26	42	6	0	0	0	0	0	0	0	0	0	28	6	0	0	0	0	0	13	64	0	0	30	94	12	21	54	7	42	0	7	42	0	3	56	0	0	18	126	0	9	7	42	0	0	28	0	0	0	0	0	0	3	56	0	0	18	126	0	9	7	28	0	0	0	0	0	0	0	0	0	0	28	0	0	0	0	0	0	3	56	0	0	11	84	0	9	17	24	6	0	0	0	0	0	0	0	0	0	0	0	0	0	0	0	0	0	28	6	0	0	0	0	0	12	28	0	0	10	49	12	21
138	125	28	22	96	112	20	22	48	28	22	96	20	0	18	50	69	66	0	259	99	20	22	45	20	22	48	20	0	0	47	59	66	0	96	21	22	96	4	0	0	45	0	0	0	0	20	0	18	50	57	66	0	259	88	20	22	44	20	22	45	20	0	0	46	59	66	0	85	19	22	48	4	0	0	42	0	0	0	0	20	0	0	47	57	66	0	96	12	0	96	0	0	0	14	0	0	0	0	4	0	0	45	0	0	0	0	17	0	18	50	30	0	0	259	77	20	22	44	20	22	44	20	0	0	46	59	66	0	85	19	22	45	4	0	0	42	0	0	0	0	20	0	0	46	57	66	0	85	10	0	48	0	0	0	14	0	0	0	0	4	0	0	42	0	0	0	0	17	0	0	47	30	0	0	96	6	0	96	0	0	0	0	0	0	0	0	0	0	0	14	0	0	0	0	4	0	0	45	0	0	0	0	6	0	18	50	14	0	0	259
168	154	20	0	98	140	9	0	65	20	0	98	4	0	89	44	24	0	0	188	126	9	0	62	9	0	65	4	0	63	38	23	0	0	87	18	0	98	0	0	0	27	0	0	0	0	4	0	89	44	20	0	0	188	112	9	0	62	9	0	62	4	0	51	38	23	0	0	85	7	0	65	0	0	0	27	0	0	0	0	4	0	63	38	19	0	0	87	12	0	98	0	0	0	0	0	0	0	0	0	0	0	27	0	0	0	0	1	0	89	44	3	0	0	188	98	9	0	62	9	0	62	4	0	51	38	23	0	0	85	7	0	62	0	0	0	27	0	0	0	0	4	0	51	38	19	0	0	85	1	0	65	0	0	0	0	0	0	0	0	0	0	0	27	0	0	0	0	1	0	63	38	2	0	0	87	11	0	98	0	0	0	0	0	0	0	0	0	0	0	0	0	0	0	0	0	0	0	27	0	0	0	0	0	0	89	44	1	0	0	188
154	141	17	22	83	128	5	0	70	17	22	83	3	0	104	44	15	0	166	55	115	5	0	67	5	0	70	3	0	78	38	14	0	140	19	15	22	83	0	0	0	27	0	0	0	0	3	0	104	44	11	0	166	55	102	5	0	67	5	0	67	3	0	66	38	14	0	134	19	3	0	70	0	0	0	27	0	0	0	0	3	0	78	38	10	0	140	19	12	22	83	0	0	0	0	0	0	0	0	0	0	0	27	0	0	0	0	0	0	104	44	1	0	166	55	89	5	0	67	5	0	67	3	0	66	38	14	0	134	19	3	0	67	0	0	0	27	0	0	0	0	3	0	66	38	10	0	134	19	0	0	70	0	0	0	0	0	0	0	0	0	0	0	27	0	0	0	0	0	0	78	38	0	0	140	19	12	22	83	0	0	0	0	0	0	0	0	0	0	0	0	0	0	0	0	0	0	0	27	0	0	0	0	0	0	104	44	1	0	166	55
83	76	5	6	28	69	0	0	17	5	6	28	0	0	25	20	0	0	28	55	62	0	0	17	0	0	17	0	0	7	20	0	0	17	19	5	6	28	0	0	0	0	0	0	0	0	0	0	25	20	0	0	28	55	55	0	0	17	0	0	17	0	0	7	20	0	0	17	19	0	0	17	0	0	0	0	0	0	0	0	0	0	7	20	0	0	17	19	5	6	28	0	0	0	0	0	0	0	0	0	0	0	0	0	0	0	0	0	0	25	20	0	0	28	55	48	0	0	17	0	0	17	0	0	7	20	0	0	17	19	0	0	17	0	0	0	0	0	0	0	0	0	0	7	20	0	0	17	19	0	0	17	0	0	0	0	0	0	0	0	0	0	0	0	0	0	0	0	0	0	7	20	0	0	17	19	5	6	28	0	0	0	0	0	0	0	0	0	0	0	0	0	0	0	0	0	0	0	0	0	0	0	0	0	0	25	20	0	0	28	55
84	77	13	0	34	70	10	0	0	13	0	34	9	0	18	0	27	0	0	194	63	10	0	0	10	0	0	9	0	0	0	27	0	0	87	13	0	34	4	0	0	0	0	0	0	0	9	0	18	0	27	0	0	194	56	10	0	0	10	0	0	9	0	0	0	27	0	0	85	10	0	0	4	0	0	0	0	0	0	0	9	0	0	0	27	0	0	87	8	0	34	0	0	0	0	0	0	0	0	4	0	0	0	0	0	0	0	9	0	18	0	14	0	0	194	49	10	0	0	10	0	0	9	0	0	0	27	0	0	85	10	0	0	4	0	0	0	0	0	0	0	9	0	0	0	27	0	0	85	5	0	0	0	0	0	0	0	0	0	0	4	0	0	0	0	0	0	0	9	0	0	0	14	0	0	87	5	0	34	0	0	0	0	0	0	0	0	0	0	0	0	0	0	0	0	4	0	0	0	0	0	0	0	4	0	18	0	7	0	0	194
110	100	0	0	80	90	0	0	50	0	0	80	0	0	0	115	0	0	0	111	80	0	0	39	0	0	50	0	0	0	66	0	0	0	87	0	0	80	0	0	0	24	0	0	0	55	0	0	0	115	0	0	0	111	70	0	0	36	0	0	39	0	0	0	60	0	0	0	84	0	0	50	0	0	0	18	0	0	0	19	0	0	0	66	0	0	0	87	0	0	80	0	0	0	27	0	0	0	0	0	0	0	24	0	0	0	55	0	0	0	115	0	0	0	111	60	0	0	36	0	0	36	0	0	0	60	0	0	0	84	0	0	39	0	0	0	18	0	0	0	19	0	0	0	60	0	0	0	84	0	0	50	0	0	0	27	0	0	0	0	0	0	0	18	0	0	0	19	0	0	0	66	0	0	0	87	0	0	80	0	0	0	0	0	0	0	0	0	0	0	27	0	0	0	0	0	0	0	24	0	0	0	55	0	0	0	115	0	0	0	111
132	120	2	0	103	108	0	0	84	2	0	103	0	0	12	78	0	0	0	83	96	0	0	63	0	0	84	0	0	12	29	0	0	0	70	2	0	103	0	0	0	102	0	0	0	55	0	0	12	78	0	0	0	83	84	0	0	31	0	0	63	0	0	12	23	0	0	0	67	0	0	84	0	0	0	18	0	0	0	19	0	0	12	29	0	0	0	70	2	0	103	0	0	0	47	0	0	0	154	0	0	0	102	0	0	0	55	0	0	12	78	0	0	0	83	72	0	0	30	0	0	31	0	0	10	23	0	0	0	67	0	0	63	0	0	0	18	0	0	0	19	0	0	12	23	0	0	0	67	0	0	84	0	0	0	45	0	0	0	91	0	0	0	18	0	0	0	19	0	0	12	29	0	0	0	70	2	0	103	0	0	0	9	0	0	0	0	0	0	0	47	0	0	0	154	0	0	0	102	0	0	0	55	0	0	12	78	0	0	0	83
110	100	11	0	57	90	1	0	54	11	0	57	3	0	60	33	10	0	0	0	80	0	0	52	1	0	54	0	0	60	29	0	0	0	0	11	0	57	0	0	10	24	0	0	0	0	3	0	60	33	10	0	0	0	70	0	0	47	0	0	52	0	0	60	23	0	0	0	0	1	0	54	0	0	10	18	0	0	0	0	0	0	60	29	0	0	0	0	11	0	57	0	0	0	47	0	0	0	0	0	0	10	24	0	0	0	0	3	0	60	33	10	0	0	0	60	0	0	45	0	0	47	0	0	58	23	0	0	0	0	0	0	52	0	0	10	18	0	0	0	0	0	0	60	23	0	0	0	0	1	0	54	0	0	0	45	0	0	0	0	0	0	10	18	0	0	0	0	0	0	60	29	0	0	0	0	11	0	57	0	0	0	18	0	0	0	0	0	0	0	47	0	0	0	0	0	0	10	24	0	0	0	0	3	0	60	33	10	0	0	0
131	119	11	11	82	107	1	0	80	11	11	82	3	0	67	28	12	0	82	0	95	0	0	77	1	0	80	0	0	67	24	0	0	80	0	11	11	82	0	0	10	36	0	0	0	0	3	0	67	28	12	0	82	0	83	0	0	57	0	0	77	0	0	67	18	0	0	77	0	1	0	80	0	0	10	18	0	0	0	0	0	0	67	24	0	0	80	0	11	11	82	0	0	0	71	0	0	0	79	0	0	10	36	0	0	0	0	3	0	67	28	12	0	82	0	71	0	0	53	0	0	57	0	0	64	18	0	0	57	0	0	0	77	0	0	10	18	0	0	0	0	0	0	67	18	0	0	77	0	1	0	80	0	0	0	65	0	0	0	50	0	0	10	18	0	0	0	0	0	0	67	24	0	0	80	0	11	11	82	0	0	0	32	0	0	0	0	0	0	0	71	0	0	0	79	0	0	10	36	0	0	0	0	3	0	67	28	12	0	82	0
97	88	12	14	42	79	1	0	42	12	14	42	3	0	67	0	10	14	84	0	70	0	0	42	1	0	42	0	0	67	0	0	0	84	0	12	14	42	0	0	10	0	0	0	0	0	3	0	67	0	10	14	84	0	61	0	0	39	0	0	42	0	0	67	0	0	0	84	0	1	0	42	0	0	10	0	0	0	0	0	0	0	67	0	0	0	84	0	12	14	42	0	0	0	26	0	0	0	0	0	0	10	0	0	0	0	0	3	0	67	0	10	14	84	0	52	0	0	37	0	0	39	0	0	64	0	0	0	78	0	0	0	42	0	0	10	0	0	0	0	0	0	0	67	0	0	0	84	0	1	0	42	0	0	0	24	0	0	0	0	0	0	10	0	0	0	0	0	0	0	67	0	0	0	84	0	12	14	42	0	0	0	18	0	0	0	0	0	0	0	26	0	0	0	0	0	0	10	0	0	0	0	0	3	0	67	0	10	14	84	0
98	88	10	16	53	78	0	0	53	10	16	53	0	0	72	0	3	0	106	0	68	0	0	53	0	0	53	0	0	72	0	0	0	106	0	10	16	53	0	0	0	0	0	0	0	0	0	0	72	0	3	0	106	0	58	0	0	53	0	0	53	0	0	72	0	0	0	106	0	0	0	53	0	0	0	0	0	0	0	0	0	0	72	0	0	0	106	0	10	16	53	0	0	0	0	0	0	0	0	0	0	0	0	0	0	0	0	0	0	72	0	3	0	106	0	48	0	0	53	0	0	53	0	0	72	0	0	0	106	0	0	0	53	0	0	0	0	0	0	0	0	0	0	72	0	0	0	106	0	0	0	53	0	0	0	0	0	0	0	0	0	0	0	0	0	0	0	0	0	0	72	0	0	0	106	0	10	16	53	0	0	0	0	0	0	0	0	0	0	0	0	0	0	0	0	0	0	0	0	0	0	0	0	0	0	72	0	3	0	106	0
69	62	9	6	28	55	0	0	28	9	6	28	0	0	36	0	2	0	28	0	48	0	0	28	0	0	28	0	0	36	0	0	0	28	0	9	6	28	0	0	0	0	0	0	0	0	0	0	36	0	2	0	28	0	41	0	0	28	0	0	28	0	0	36	0	0	0	28	0	0	0	28	0	0	0	0	0	0	0	0	0	0	36	0	0	0	28	0	9	6	28	0	0	0	0	0	0	0	0	0	0	0	0	0	0	0	0	0	0	36	0	2	0	28	0	34	0	0	28	0	0	28	0	0	36	0	0	0	28	0	0	0	28	0	0	0	0	0	0	0	0	0	0	36	0	0	0	28	0	0	0	28	0	0	0	0	0	0	0	0	0	0	0	0	0	0	0	0	0	0	36	0	0	0	28	0	9	6	28	0	0	0	0	0	0	0	0	0	0	0	0	0	0	0	0	0	0	0	0	0	0	0	0	0	0	36	0	2	0	28	0
88	79	9	14	34	70	0	0	28	9	14	34	0	0	49	48	2	0	68	0	61	0	0	28	0	0	28	0	0	46	48	0	0	56	0	9	14	34	0	0	0	0	0	0	0	0	0	0	49	48	2	0	68	0	52	0	0	28	0	0	28	0	0	46	48	0	0	56	0	0	0	28	0	0	0	0	0	0	0	0	0	0	46	48	0	0	56	0	9	14	34	0	0	0	0	0	0	0	0	0	0	0	0	0	0	0	0	0	0	49	48	2	0	68	0	43	0	0	28	0	0	28	0	0	46	48	0	0	56	0	0	0	28	0	0	0	0	0	0	0	0	0	0	46	48	0	0	56	0	0	0	28	0	0	0	0	0	0	0	0	0	0	0	0	0	0	0	0	0	0	46	48	0	0	56	0	9	14	34	0	0	0	0	0	0	0	0	0	0	0	0	0	0	0	0	0	0	0	0	0	0	0	0	0	0	49	48	2	0	68	0
70	63	5	0	56	56	0	0	28	5	0	56	0	0	13	96	0	0	0	124	49	0	0	28	0	0	28	0	0	10	96	0	0	0	122	5	0	56	0	0	0	0	0	0	0	0	0	0	13	96	0	0	0	124	42	0	0	28	0	0	28	0	0	10	96	0	0	0	119	0	0	28	0	0	0	0	0	0	0	0	0	0	10	96	0	0	0	122	5	0	56	0	0	0	0	0	0	0	0	0	0	0	0	0	0	0	0	0	0	13	96	0	0	0	124	35	0	0	26	0	0	28	0	0	10	88	0	0	0	96	0	0	28	0	0	0	0	0	0	0	0	0	0	10	96	0	0	0	119	0	0	28	0	0	0	0	0	0	0	0	0	0	0	0	0	0	0	0	0	0	10	96	0	0	0	122	5	0	56	0	0	0	20	0	0	0	0	0	0	0	0	0	0	0	0	0	0	0	0	0	0	0	0	0	0	13	96	0	0	0	124
88	79	4	14	38	70	0	0	23	4	14	38	0	0	13	62	0	0	76	42	61	0	0	23	0	0	23	0	0	10	62	0	0	46	42	4	14	38	0	0	0	0	0	0	0	0	0	0	13	62	0	0	76	42	52	0	0	23	0	0	23	0	0	10	62	0	0	46	42	0	0	23	0	0	0	0	0	0	0	0	0	0	10	62	0	0	46	42	4	14	38	0	0	0	0	0	0	0	0	0	0	0	0	0	0	0	0	0	0	13	62	0	0	76	42	43	0	0	22	0	0	23	0	0	10	60	0	0	46	39	0	0	23	0	0	0	0	0	0	0	0	0	0	10	62	0	0	46	42	0	0	23	0	0	0	0	0	0	0	0	0	0	0	0	0	0	0	0	0	0	10	62	0	0	46	42	4	14	38	0	0	0	6	0	0	0	0	0	0	0	0	0	0	0	0	0	0	0	0	0	0	0	0	0	0	13	62	0	0	76	42
178	158	15	36	180	138	1	0	177	15	36	180	0	0	157	36	9	0	360	0	118	1	0	177	1	0	177	0	0	157	36	3	0	354	0	15	36	180	0	0	0	0	3	0	0	0	0	0	157	36	9	0	360	0	98	1	0	177	1	0	177	0	0	157	36	3	0	354	0	1	0	177	0	0	0	0	0	0	0	0	0	0	157	36	3	0	354	0	15	36	180	0	0	0	0	0	0	0	0	0	0	0	0	3	0	0	0	0	0	157	36	9	0	360	0	78	0	0	176	1	0	177	0	0	157	36	3	0	354	0	1	0	177	0	0	0	0	0	0	0	0	0	0	157	36	3	0	354	0	1	0	177	0	0	0	0	0	0	0	0	0	0	0	0	0	0	0	0	0	0	157	36	3	0	354	0	15	36	180	0	0	12	11	0	0	0	0	0	0	0	0	0	0	0	0	0	0	0	0	3	0	0	0	0	0	157	36	9	0	360	0
117	104	5	0	104	91	0	0	92	5	0	104	0	0	25	45	0	0	0	53	78	0	0	92	0	0	92	0	0	25	45	0	0	0	53	5	0	104	0	0	0	0	0	0	0	0	0	0	25	45	0	0	0	53	65	0	0	92	0	0	92	0	0	25	45	0	0	0	53	0	0	92	0	0	0	0	0	0	0	0	0	0	25	45	0	0	0	53	5	0	104	0	0	0	0	0	0	0	0	0	0	0	0	0	0	0	0	0	0	25	45	0	0	0	53	52	0	0	92	0	0	92	0	0	25	45	0	0	0	53	0	0	92	0	0	0	0	0	0	0	0	0	0	25	45	0	0	0	53	0	0	92	0	0	0	0	0	0	0	0	0	0	0	0	0	0	0	0	0	0	25	45	0	0	0	53	5	0	104	0	0	0	0	0	0	0	0	0	0	0	0	0	0	0	0	0	0	0	0	0	0	0	0	0	0	25	45	0	0	0	53
117	104	5	0	90	91	0	0	75	5	0	90	0	0	25	9	0	0	0	72	78	0	0	75	0	0	75	0	0	25	9	0	0	0	51	5	0	90	0	0	0	0	0	0	0	0	0	0	25	9	0	0	0	72	65	0	0	75	0	0	75	0	0	25	9	0	0	0	51	0	0	75	0	0	0	0	0	0	0	0	0	0	25	9	0	0	0	51	5	0	90	0	0	0	0	0	0	0	0	0	0	0	0	0	0	0	0	0	0	25	9	0	0	0	72	52	0	0	75	0	0	75	0	0	25	9	0	0	0	51	0	0	75	0	0	0	0	0	0	0	0	0	0	25	9	0	0	0	51	0	0	75	0	0	0	0	0	0	0	0	0	0	0	0	0	0	0	0	0	0	25	9	0	0	0	51	5	0	90	0	0	0	0	0	0	0	0	0	0	0	0	0	0	0	0	0	0	0	0	0	0	0	0	0	0	25	9	0	0	0	72
134	119	10	14	109	104	0	0	108	10	14	109	0	0	83	9	5	0	109	0	89	0	0	108	0	0	108	0	0	83	9	0	0	108	0	10	14	109	0	0	0	0	3	0	0	0	0	0	83	9	5	0	109	0	74	0	0	108	0	0	108	0	0	83	9	0	0	108	0	0	0	108	0	0	0	0	0	0	0	0	0	0	83	9	0	0	108	0	10	14	109	0	0	0	0	0	0	0	0	0	0	0	0	3	0	0	0	0	0	83	9	5	0	109	0	59	0	0	108	0	0	108	0	0	83	9	0	0	108	0	0	0	108	0	0	0	0	0	0	0	0	0	0	83	9	0	0	108	0	0	0	108	0	0	0	0	0	0	0	0	0	0	0	0	0	0	0	0	0	0	83	9	0	0	108	0	10	14	109	0	0	0	0	0	0	0	0	0	0	0	0	0	0	0	0	0	0	0	0	3	0	0	0	0	0	83	9	5	0	109	0
99	88	1	0	95	77	0	0	60	1	0	95	0	0	14	84	0	0	0	153	66	0	0	57	0	0	60	0	0	14	75	0	0	0	132	1	0	95	0	0	0	30	0	0	0	0	0	0	14	84	0	0	0	153	55	0	0	57	0	0	57	0	0	14	75	0	0	0	132	0	0	60	0	0	0	30	0	0	0	0	0	0	14	75	0	0	0	132	1	0	95	0	0	0	0	0	0	0	0	0	0	0	30	0	0	0	0	0	0	14	84	0	0	0	153	44	0	0	57	0	0	57	0	0	14	75	0	0	0	132	0	0	57	0	0	0	30	0	0	0	0	0	0	14	75	0	0	0	132	0	0	60	0	0	0	0	0	0	0	0	0	0	0	30	0	0	0	0	0	0	14	75	0	0	0	132	1	0	95	0	0	0	0	0	0	0	0	0	0	0	0	0	0	0	0	0	0	0	30	0	0	0	0	0	0	14	84	0	0	0	153
128	112	10	0	170	96	8	0	121	10	0	170	7	0	5	199	19	0	0	289	80	5	0	121	8	0	121	6	0	5	199	14	0	0	285	10	0	170	0	0	29	0	0	0	0	0	7	0	5	199	19	0	0	289	64	0	0	121	5	0	121	0	0	5	199	12	0	0	285	8	0	121	0	0	29	0	0	0	0	0	6	0	5	199	14	0	0	285	10	0	170	0	0	52	0	0	0	0	0	0	0	29	0	0	0	0	0	7	0	5	199	19	0	0	289	48	0	0	121	0	0	121	0	0	5	199	0	0	0	285	5	0	121	0	0	29	0	0	0	0	0	0	0	5	199	12	0	0	285	8	0	121	0	0	52	0	0	0	0	0	0	0	29	0	0	0	0	0	6	0	5	199	14	0	0	285	10	0	170	0	0	0	0	0	0	0	0	0	0	52	0	0	0	0	0	0	0	29	0	0	0	0	0	7	0	5	199	19	0	0	289
120	105	25	0	137	90	15	0	115	25	0	137	23	0	63	49	40	0	0	180	75	5	0	115	15	0	115	6	0	63	49	16	0	0	177	25	0	137	0	0	74	0	0	0	0	0	23	0	63	49	40	0	0	180	60	0	0	115	5	0	115	0	0	63	49	12	0	0	177	15	0	115	0	0	74	0	0	0	0	0	6	0	63	49	16	0	0	177	25	0	137	0	0	52	0	0	0	0	0	0	0	74	0	0	0	0	0	23	0	63	49	40	0	0	180	45	0	0	115	0	0	115	0	0	63	49	0	0	0	177	5	0	115	0	0	74	0	0	0	0	0	0	0	63	49	12	0	0	177	15	0	115	0	0	52	0	0	0	0	0	0	0	74	0	0	0	0	0	6	0	63	49	16	0	0	177	25	0	137	0	0	0	0	0	0	0	0	0	0	52	0	0	0	0	0	0	0	74	0	0	0	0	0	23	0	63	49	40	0	0	180
95	83	19	11	72	71	5	0	69	19	11	72	15	0	53	36	34	11	72	0	59	0	0	69	5	0	69	0	0	53	36	2	0	69	0	19	11	72	0	0	18	0	0	0	0	0	15	0	53	36	34	11	72	0	47	0	0	69	0	0	69	0	0	53	36	0	0	69	0	5	0	69	0	0	18	0	0	0	0	0	0	0	53	36	2	0	69	0	19	11	72	0	0	0	0	0	0	0	0	0	0	18	0	0	0	0	0	15	0	53	36	34	11	72	0	35	0	0	69	0	0	69	0	0	53	36	0	0	69	0	0	0	69	0	0	18	0	0	0	0	0	0	0	53	36	0	0	69	0	5	0	69	0	0	0	0	0	0	0	0	0	0	18	0	0	0	0	0	0	0	53	36	2	0	69	0	19	11	72	0	0	0	0	0	0	0	0	0	0	0	0	0	0	0	0	0	0	18	0	0	0	0	0	15	0	53	36	34	11	72	0
126	109	33	82	77	92	10	30	75	33	82	77	11	120	85	20	41	114	308	0	75	3	0	75	10	30	75	6	0	85	20	10	10	300	0	33	82	77	0	0	74	0	0	0	231	0	11	120	85	20	41	114	308	0	58	0	0	75	3	0	75	0	0	85	20	7	0	300	0	10	30	75	0	0	74	0	0	0	225	0	6	0	85	20	10	10	300	0	33	82	77	0	0	36	0	0	0	0	0	0	0	74	0	0	0	231	0	11	120	85	20	41	114	308	0	41	0	0	75	0	0	75	0	0	85	20	0	0	300	0	3	0	75	0	0	74	0	0	0	225	0	0	0	85	20	7	0	300	0	10	30	75	0	0	36	0	0	0	0	0	0	0	74	0	0	0	225	0	6	0	85	20	10	10	300	0	33	82	77	0	0	0	0	0	0	0	0	0	0	36	0	0	0	0	0	0	0	74	0	0	0	231	0	11	120	85	20	41	114	308	0
60	52	20	16	21	44	3	0	21	20	16	21	12	0	22	0	17	40	84	0	36	0	0	21	3	0	21	0	0	22	0	1	0	84	0	20	16	21	0	0	0	0	0	0	0	0	12	0	22	0	17	40	84	0	28	0	0	21	0	0	21	0	0	22	0	0	0	84	0	3	0	21	0	0	0	0	0	0	0	0	0	0	22	0	1	0	84	0	20	16	21	0	0	0	0	0	0	0	0	0	0	0	0	0	0	0	0	12	0	22	0	17	40	84	0	20	0	0	21	0	0	21	0	0	22	0	0	0	84	0	0	0	21	0	0	0	0	0	0	0	0	0	0	22	0	0	0	84	0	3	0	21	0	0	0	0	0	0	0	0	0	0	0	0	0	0	0	0	0	0	22	0	1	0	84	0	20	16	21	0	0	0	0	0	0	0	0	0	0	0	0	0	0	0	0	0	0	0	0	0	0	0	0	12	0	22	0	17	40	84	0
97	83	15	13	96	69	0	0	65	15	13	96	0	0	46	72	2	0	96	170	55	0	0	65	0	0	65	0	0	13	72	0	0	65	165	15	13	96	0	0	0	0	0	0	0	0	0	0	46	72	2	0	96	170	41	0	0	65	0	0	65	0	0	13	72	0	0	65	165	0	0	65	0	0	0	0	0	0	0	0	0	0	13	72	0	0	65	165	15	13	96	0	0	0	0	0	0	0	0	0	0	0	0	0	0	0	0	0	0	46	72	2	0	96	170	27	0	0	65	0	0	65	0	0	13	72	0	0	65	165	0	0	65	0	0	0	0	0	0	0	0	0	0	13	72	0	0	65	165	0	0	65	0	0	0	0	0	0	0	0	0	0	0	0	0	0	0	0	0	0	13	72	0	0	65	165	15	13	96	0	0	0	0	0	0	0	0	0	0	0	0	0	0	0	0	0	0	0	0	0	0	0	0	0	0	46	72	2	0	96	170
88	75	14	30	73	62	0	0	51	14	30	73	0	0	64	104	2	0	219	98	49	0	0	51	0	0	51	0	0	29	104	0	0	153	96	14	30	73	0	0	0	0	0	0	0	0	0	0	64	104	2	0	219	98	36	0	0	51	0	0	51	0	0	29	104	0	0	153	96	0	0	51	0	0	0	0	0	0	0	0	0	0	29	104	0	0	153	96	14	30	73	0	0	0	0	0	0	0	0	0	0	0	0	0	0	0	0	0	0	64	104	2	0	219	98	23	0	0	51	0	0	51	0	0	29	104	0	0	153	96	0	0	51	0	0	0	0	0	0	0	0	0	0	29	104	0	0	153	96	0	0	51	0	0	0	0	0	0	0	0	0	0	0	0	0	0	0	0	0	0	29	104	0	0	153	96	14	30	73	0	0	0	0	0	0	0	0	0	0	0	0	0	0	0	0	0	0	0	0	0	0	0	0	0	0	64	104	2	0	219	98
89	76	13	22	85	63	0	0	83	13	22	85	0	0	38	32	1	0	170	0	50	0	0	83	0	0	83	0	0	36	32	0	0	166	0	13	22	85	0	0	0	0	0	0	0	0	0	0	38	32	1	0	170	0	37	0	0	83	0	0	83	0	0	36	32	0	0	166	0	0	0	83	0	0	0	0	0	0	0	0	0	0	36	32	0	0	166	0	13	22	85	0	0	0	0	0	0	0	0	0	0	0	0	0	0	0	0	0	0	38	32	1	0	170	0	24	0	0	83	0	0	83	0	0	36	32	0	0	166	0	0	0	83	0	0	0	0	0	0	0	0	0	0	36	32	0	0	166	0	0	0	83	0	0	0	0	0	0	0	0	0	0	0	0	0	0	0	0	0	0	36	32	0	0	166	0	13	22	85	0	0	0	0	0	0	0	0	0	0	0	0	0	0	0	0	0	0	0	0	0	0	0	0	0	0	38	32	1	0	170	0
73	62	13	28	23	51	0	0	5	13	28	23	0	0	39	20	4	7	92	98	40	0	0	5	0	0	5	0	0	5	20	0	0	20	96	13	28	23	0	0	0	0	0	0	0	0	0	0	39	20	4	7	92	98	29	0	0	5	0	0	5	0	0	5	20	0	0	20	96	0	0	5	0	0	0	0	0	0	0	0	0	0	5	20	0	0	20	96	13	28	23	0	0	0	0	0	0	0	0	0	0	0	0	0	0	0	0	0	0	39	20	4	7	92	98	18	0	0	5	0	0	5	0	0	5	20	0	0	20	96	0	0	5	0	0	0	0	0	0	0	0	0	0	5	20	0	0	20	96	0	0	5	0	0	0	0	0	0	0	0	0	0	0	0	0	0	0	0	0	0	5	20	0	0	20	96	13	28	23	0	0	0	0	0	0	0	0	0	0	0	0	0	0	0	0	0	0	0	0	0	0	0	0	0	0	39	20	4	7	92	98
54	46	13	12	14	38	0	0	0	13	12	14	0	0	30	0	2	0	28	98	30	0	0	0	0	0	0	0	0	0	0	0	0	0	96	13	12	14	0	0	0	0	0	0	0	0	0	0	30	0	2	0	28	98	22	0	0	0	0	0	0	0	0	0	0	0	0	0	96	0	0	0	0	0	0	0	0	0	0	0	0	0	0	0	0	0	0	96	13	12	14	0	0	0	0	0	0	0	0	0	0	0	0	0	0	0	0	0	0	30	0	2	0	28	98	14	0	0	0	0	0	0	0	0	0	0	0	0	0	96	0	0	0	0	0	0	0	0	0	0	0	0	0	0	0	0	0	0	96	0	0	0	0	0	0	0	0	0	0	0	0	0	0	0	0	0	0	0	0	0	0	0	0	0	0	96	13	12	14	0	0	0	0	0	0	0	0	0	0	0	0	0	0	0	0	0	0	0	0	0	0	0	0	0	0	30	0	2	0	28	98
114	95	7	0	203	76	0	0	159	7	0	203	0	0	80	128	16	0	0	195	57	0	0	139	0	0	159	0	0	80	78	0	0	0	139	7	0	203	0	0	0	123	0	0	0	77	0	0	80	128	16	0	0	195	38	0	0	139	0	0	139	0	0	71	78	0	0	0	139	0	0	159	0	0	0	123	0	0	0	75	0	0	80	78	0	0	0	139	7	0	203	0	0	0	0	0	0	0	0	0	0	0	123	0	0	0	77	0	0	80	128	16	0	0	195	19	0	0	139	0	0	139	0	0	71	78	0	0	0	139	0	0	139	0	0	0	123	0	0	0	75	0	0	71	78	0	0	0	139	0	0	159	0	0	0	0	0	0	0	0	0	0	0	123	0	0	0	75	0	0	80	78	0	0	0	139	7	0	203	0	0	0	0	0	0	0	0	0	0	0	0	0	0	0	0	0	0	0	123	0	0	0	77	0	0	80	128	16	0	0	195
65	54	11	10	81	43	0	0	69	11	10	81	0	0	80	49	28	20	81	23	32	0	0	50	0	0	69	0	0	80	5	0	0	69	5	11	10	81	0	0	0	72	0	0	0	77	0	0	80	49	28	20	81	23	21	0	0	50	0	0	50	0	0	71	5	0	0	50	5	0	0	69	0	0	0	72	0	0	0	75	0	0	80	5	0	0	69	5	11	10	81	0	0	0	0	0	0	0	0	0	0	0	72	0	0	0	77	0	0	80	49	28	20	81	23	10	0	0	50	0	0	50	0	0	71	5	0	0	50	5	0	0	50	0	0	0	72	0	0	0	75	0	0	71	5	0	0	50	5	0	0	69	0	0	0	0	0	0	0	0	0	0	0	72	0	0	0	75	0	0	80	5	0	0	69	5	9	10	81	0	0	0	0	0	0	0	0	0	0	0	0	0	0	0	0	0	0	0	72	0	0	0	77	0	0	80	49	23	20	81	23
48	40	6	0	41	32	0	0	20	6	0	41	0	0	20	40	15	0	0	96	24	0	0	10	0	0	20	0	0	20	0	0	0	0	56	6	0	41	0	0	0	0	0	0	0	77	0	0	20	40	15	0	0	96	16	0	0	10	0	0	10	0	0	20	0	0	0	0	56	0	0	20	0	0	0	0	0	0	0	75	0	0	20	0	0	0	0	56	6	0	41	0	0	0	0	0	0	0	0	0	0	0	0	0	0	0	77	0	0	20	40	15	0	0	96	8	0	0	10	0	0	10	0	0	20	0	0	0	0	56	0	0	10	0	0	0	0	0	0	0	75	0	0	20	0	0	0	0	56	0	0	20	0	0	0	0	0	0	0	0	0	0	0	0	0	0	0	75	0	0	20	0	0	0	0	56	6	0	41	0	0	0	0	0	0	0	0	0	0	0	0	0	0	0	0	0	0	0	0	0	0	0	77	0	0	20	40	15	0	0	96
39	32	12	12	21	25	0	0	21	12	12	21	0	0	20	0	29	36	63	0	18	0	0	21	0	0	21	0	0	20	0	0	0	63	0	12	12	21	0	0	0	0	0	0	0	0	0	0	20	0	29	36	63	0	11	0	0	21	0	0	21	0	0	20	0	0	0	63	0	0	0	21	0	0	0	0	0	0	0	0	0	0	20	0	0	0	63	0	12	12	21	0	0	0	0	0	0	0	0	0	0	0	0	0	0	0	0	0	0	20	0	29	36	63	0	4	0	0	21	0	0	21	0	0	20	0	0	0	63	0	0	0	21	0	0	0	0	0	0	0	0	0	0	20	0	0	0	63	0	0	0	21	0	0	0	0	0	0	0	0	0	0	0	0	0	0	0	0	0	0	20	0	0	0	63	0	3	12	21	0	0	0	0	0	0	0	0	0	0	0	0	0	0	0	0	0	0	0	0	0	0	0	0	0	0	20	0	6	36	63	0
42	35	0	0	47	28	0	0	0	0	0	47	0	0	0	0	0	0	0	291	21	0	0	0	0	0	0	0	0	0	0	0	0	0	204	0	0	47	0	0	0	0	0	0	0	0	0	0	0	0	0	0	0	291	14	0	0	0	0	0	0	0	0	0	0	0	0	0	204	0	0	0	0	0	0	0	0	0	0	0	0	0	0	0	0	0	0	204	0	0	47	0	0	0	0	0	0	0	0	0	0	0	0	0	0	0	0	0	0	0	0	0	0	0	291	7	0	0	0	0	0	0	0	0	0	0	0	0	0	204	0	0	0	0	0	0	0	0	0	0	0	0	0	0	0	0	0	0	204	0	0	0	0	0	0	0	0	0	0	0	0	0	0	0	0	0	0	0	0	0	0	0	0	0	0	204	0	0	47	0	0	0	0	0	0	0	0	0	0	0	0	0	0	0	0	0	0	0	0	0	0	0	0	0	0	0	0	0	0	0	291
58	46	25	20	72	34	0	0	62	25	20	72	0	0	108	70	63	30	144	21	22	0	0	62	0	0	62	0	0	108	70	0	0	124	21	25	20	72	0	0	0	0	0	0	0	0	0	0	108	70	63	30	144	21	10	0	0	57	0	0	62	0	0	108	64	0	0	124	21	0	0	62	0	0	0	0	0	0	0	0	0	0	108	70	0	0	124	21	22	20	72	0	0	0	52	0	0	0	0	0	0	0	0	0	0	0	0	0	0	108	70	59	30	144	21	0	0	0	57	0	0	57	0	0	108	64	0	0	114	21	0	0	62	0	0	0	0	0	0	0	0	0	0	108	64	0	0	124	21	0	0	62	0	0	0	52	0	0	0	0	0	0	0	0	0	0	0	0	0	0	108	70	0	0	124	21	0	0	72	0	0	0	0	0	0	0	0	0	0	0	52	0	0	0	0	0	0	0	0	0	0	0	0	0	0	108	70	0	0	144	21
77	61	29	39	123	45	2	0	119	29	39	123	4	0	98	60	69	78	369	0	29	0	0	119	2	0	119	0	0	98	60	6	0	357	0	29	39	123	0	0	14	0	0	0	0	0	4	0	98	60	69	78	369	0	13	0	0	114	0	0	119	0	0	98	54	0	0	357	0	2	0	119	0	0	14	0	0	0	0	0	0	0	98	60	6	0	357	0	21	39	123	0	0	0	52	0	0	0	0	0	0	14	0	0	0	0	0	4	0	98	60	53	78	369	0	0	0	0	113	0	0	114	0	0	98	54	0	0	342	0	0	0	119	0	0	14	0	0	0	0	0	0	0	98	54	0	0	357	0	0	0	119	0	0	0	52	0	0	0	0	0	0	14	0	0	0	0	0	0	0	98	60	0	0	357	0	0	0	123	0	0	0	12	0	0	0	0	0	0	0	52	0	0	0	0	0	0	14	0	0	0	0	0	0	0	98	60	0	0	369	0
53	42	19	18	67	31	0	0	47	19	18	67	0	0	56	70	47	45	134	102	20	0	0	47	0	0	47	0	0	56	70	0	0	94	90	19	18	67	0	0	0	0	0	0	0	0	0	0	56	70	47	45	134	102	9	0	0	44	0	0	47	0	0	56	64	0	0	94	71	0	0	47	0	0	0	0	0	0	0	0	0	0	56	70	0	0	94	90	14	18	67	0	0	0	36	0	0	0	0	0	0	0	0	0	0	0	0	0	0	56	70	36	45	134	102	0	0	0	44	0	0	44	0	0	56	64	0	0	88	71	0	0	47	0	0	0	0	0	0	0	0	0	0	56	64	0	0	94	71	0	0	47	0	0	0	36	0	0	0	0	0	0	0	0	0	0	0	0	0	0	56	70	0	0	94	90	0	0	67	0	0	0	0	0	0	0	0	0	0	0	36	0	0	0	0	0	0	0	0	0	0	0	0	0	0	56	70	0	0	134	102
50	39	30	30	18	28	0	0	14	30	30	18	0	0	56	0	71	90	90	21	17	0	0	14	0	0	14	0	0	56	0	0	0	70	21	30	30	18	0	0	0	0	0	0	0	0	0	0	56	0	71	90	90	21	6	0	0	14	0	0	14	0	0	56	0	0	0	70	21	0	0	14	0	0	0	0	0	0	0	0	0	0	56	0	0	0	70	21	15	30	18	0	0	0	0	0	0	0	0	0	0	0	0	0	0	0	0	0	0	56	0	36	90	90	21	0	0	0	14	0	0	14	0	0	56	0	0	0	70	21	0	0	14	0	0	0	0	0	0	0	0	0	0	56	0	0	0	70	21	0	0	14	0	0	0	0	0	0	0	0	0	0	0	0	0	0	0	0	0	0	56	0	0	0	70	21	0	0	18	0	0	0	0	0	0	0	0	0	0	0	0	0	0	0	0	0	0	0	0	0	0	0	0	0	0	56	0	0	0	90	21
41	32	25	20	18	23	2	0	18	25	20	18	4	0	25	0	57	50	72	0	14	0	0	18	2	0	18	0	0	25	0	6	0	72	0	25	20	18	0	0	14	0	0	0	0	0	4	0	25	0	57	50	72	0	5	0	0	18	0	0	18	0	0	25	0	0	0	72	0	2	0	18	0	0	14	0	0	0	0	0	0	0	25	0	6	0	72	0	13	20	18	0	0	0	0	0	0	0	0	0	0	14	0	0	0	0	0	4	0	25	0	31	50	72	0	0	0	0	18	0	0	18	0	0	25	0	0	0	72	0	0	0	18	0	0	14	0	0	0	0	0	0	0	25	0	0	0	72	0	0	0	18	0	0	0	0	0	0	0	0	0	0	14	0	0	0	0	0	0	0	25	0	0	0	72	0	0	0	18	0	0	0	0	0	0	0	0	0	0	0	0	0	0	0	0	0	0	14	0	0	0	0	0	0	0	25	0	0	0	72	0
51	38	17	12	85	25	0	0	37	17	12	85	0	0	20	68	42	12	85	298	12	0	0	37	0	0	37	0	0	20	68	0	0	37	260	16	12	85	0	0	0	0	0	0	0	0	0	0	20	68	41	12	85	298	0	0	0	37	0	0	37	0	0	20	68	0	0	37	260	0	0	37	0	0	0	0	0	0	0	0	0	0	20	68	0	0	37	260	0	0	85	0	0	0	0	0	0	0	0	0	0	0	0	0	0	0	0	0	0	20	68	0	0	85	298	0	0	0	37	0	0	37	0	0	20	68	0	0	37	247	0	0	37	0	0	0	0	0	0	0	0	0	0	20	68	0	0	37	260	0	0	37	0	0	0	0	0	0	0	0	0	0	0	0	0	0	0	0	0	0	20	68	0	0	37	260	0	0	0	0	0	0	0	0	0	0	0	0	0	0	0	0	0	0	0	0	0	0	0	0	0	0	0	0	0	0	68	0	0	0	298
70	52	23	32	153	34	0	0	109	23	32	153	0	0	89	125	57	48	306	231	16	0	0	109	0	0	109	0	0	85	125	0	0	218	213	20	32	153	0	0	0	0	0	0	0	0	0	0	89	125	53	48	306	231	0	0	0	109	0	0	109	0	0	85	125	0	0	218	213	0	0	109	0	0	0	0	0	0	0	0	0	0	85	125	0	0	218	213	0	0	153	0	0	0	0	0	0	0	0	0	0	0	0	0	0	0	0	0	0	89	125	0	0	306	231	0	0	0	109	0	0	109	0	0	85	125	0	0	218	203	0	0	109	0	0	0	0	0	0	0	0	0	0	85	125	0	0	218	213	0	0	109	0	0	0	0	0	0	0	0	0	0	0	0	0	0	0	0	0	0	85	125	0	0	218	213	0	0	0	0	0	0	0	0	0	0	0	0	0	0	0	0	0	0	0	0	0	0	0	0	0	0	0	0	0	0	125	0	0	0	231
45	33	20	27	48	21	0	0	20	20	27	48	0	0	18	40	44	54	144	159	9	0	0	20	0	0	20	0	0	14	40	0	0	60	151	14	27	48	0	0	0	0	0	0	0	0	0	0	18	40	35	54	144	159	0	0	0	20	0	0	20	0	0	14	40	0	0	60	151	0	0	20	0	0	0	0	0	0	0	0	0	0	14	40	0	0	60	151	0	0	48	0	0	0	0	0	0	0	0	0	0	0	0	0	0	0	0	0	0	18	40	0	0	144	159	0	0	0	20	0	0	20	0	0	14	40	0	0	60	146	0	0	20	0	0	0	0	0	0	0	0	0	0	14	40	0	0	60	151	0	0	20	0	0	0	0	0	0	0	0	0	0	0	0	0	0	0	0	0	0	14	40	0	0	60	151	0	0	0	0	0	0	0	0	0	0	0	0	0	0	0	0	0	0	0	0	0	0	0	0	0	0	0	0	0	0	40	0	0	0	159
59	43	32	55	82	27	0	0	71	32	55	82	0	0	82	68	69	165	410	18	11	0	0	71	0	0	71	0	0	82	68	0	0	355	14	17	55	82	0	0	0	0	0	0	0	0	0	0	82	68	44	165	410	18	0	0	0	71	0	0	71	0	0	82	68	0	0	355	14	0	0	71	0	0	0	0	0	0	0	0	0	0	82	68	0	0	355	14	0	0	82	0	0	0	0	0	0	0	0	0	0	0	0	0	0	0	0	0	0	82	68	0	0	410	18	0	0	0	71	0	0	71	0	0	82	68	0	0	355	14	0	0	71	0	0	0	0	0	0	0	0	0	0	82	68	0	0	355	14	0	0	71	0	0	0	0	0	0	0	0	0	0	0	0	0	0	0	0	0	0	82	68	0	0	355	14	0	0	0	0	0	0	0	0	0	0	0	0	0	0	0	0	0	0	0	0	0	0	0	0	0	0	0	0	0	0	68	0	0	0	18
48	35	22	36	45	22	0	0	22	22	36	45	0	0	8	42	44	90	180	103	9	0	0	22	0	0	22	0	0	8	42	0	0	88	79	12	36	45	0	0	0	0	0	0	0	0	0	0	8	42	28	90	180	103	0	0	0	22	0	0	22	0	0	8	42	0	0	88	79	0	0	22	0	0	0	0	0	0	0	0	0	0	8	42	0	0	88	79	0	0	45	0	0	0	0	0	0	0	0	0	0	0	0	0	0	0	0	0	0	8	42	0	0	180	103	0	0	0	22	0	0	22	0	0	8	42	0	0	88	76	0	0	22	0	0	0	0	0	0	0	0	0	0	8	42	0	0	88	79	0	0	22	0	0	0	0	0	0	0	0	0	0	0	0	0	0	0	0	0	0	8	42	0	0	88	79	0	0	0	0	0	0	0	0	0	0	0	0	0	0	0	0	0	0	0	0	0	0	0	0	0	0	0	0	0	0	42	0	0	0	103
48	31	20	42	105	14	0	0	72	15	42	105	0	0	26	36	26	70	315	175	0	0	0	72	0	0	72	0	0	26	36	0	0	216	113	0	0	105	0	0	0	0	0	0	0	0	0	0	26	36	0	0	315	175	0	0	0	72	0	0	72	0	0	26	36	0	0	216	113	0	0	72	0	0	0	0	0	0	0	0	0	0	26	36	0	0	216	113	0	0	0	0	0	0	0	0	0	0	0	0	0	0	0	0	0	0	0	0	0	0	36	0	0	0	175	0	0	0	72	0	0	72	0	0	26	36	0	0	216	113	0	0	72	0	0	0	0	0	0	0	0	0	0	26	36	0	0	216	113	0	0	0	0	0	0	0	0	0	0	0	0	0	0	0	0	0	0	0	0	0	0	36	0	0	0	113	0	0	0	0	0	0	0	0	0	0	0	0	0	0	0	0	0	0	0	0	0	0	0	0	0	0	0	0	0	0	0	0	0	0	0
50	32	21	56	117	14	0	0	91	14	56	117	0	0	37	72	24	98	468	127	0	0	0	91	0	0	91	0	0	37	72	0	0	364	93	0	0	117	0	0	0	0	0	0	0	0	0	0	37	72	0	0	468	127	0	0	0	91	0	0	91	0	0	37	72	0	0	364	93	0	0	91	0	0	0	0	0	0	0	0	0	0	37	72	0	0	364	93	0	0	0	0	0	0	0	0	0	0	0	0	0	0	0	0	0	0	0	0	0	0	72	0	0	0	127	0	0	0	91	0	0	91	0	0	37	72	0	0	364	93	0	0	91	0	0	0	0	0	0	0	0	0	0	37	72	0	0	364	93	0	0	0	0	0	0	0	0	0	0	0	0	0	0	0	0	0	0	0	0	0	0	72	0	0	0	93	0	0	0	0	0	0	0	0	0	0	0	0	0	0	0	0	0	0	0	0	0	0	0	0	0	0	0	0	0	0	0	0	0	0	0
44	29	16	14	124	14	0	0	62	15	14	124	0	0	11	63	26	14	124	413	0	0	0	60	0	0	62	0	0	11	59	0	0	62	259	0	0	124	0	0	0	14	0	0	0	0	0	0	11	63	0	0	124	413	0	0	0	60	0	0	60	0	0	11	59	0	0	60	259	0	0	62	0	0	0	14	0	0	0	0	0	0	11	59	0	0	62	259	0	0	0	0	0	0	0	0	0	0	0	0	0	0	14	0	0	0	0	0	0	0	63	0	0	0	413	0	0	0	60	0	0	60	0	0	11	59	0	0	60	259	0	0	60	0	0	0	14	0	0	0	0	0	0	11	59	0	0	60	259	0	0	0	0	0	0	0	0	0	0	0	0	0	0	14	0	0	0	0	0	0	0	59	0	0	0	259	0	0	0	0	0	0	0	0	0	0	0	0	0	0	0	0	0	0	0	0	0	0	14	0	0	0	0	0	0	0	0	0	0	0	0
37	23	20	45	60	9	0	0	45	11	45	60	0	0	11	46	18	81	300	82	0	0	0	43	0	0	45	0	0	11	42	0	0	225	71	0	0	60	0	0	0	14	0	0	0	0	0	0	11	46	0	0	300	82	0	0	0	43	0	0	43	0	0	11	42	0	0	215	71	0	0	45	0	0	0	14	0	0	0	0	0	0	11	42	0	0	225	71	0	0	0	0	0	0	0	0	0	0	0	0	0	0	14	0	0	0	0	0	0	0	46	0	0	0	82	0	0	0	43	0	0	43	0	0	11	42	0	0	215	71	0	0	43	0	0	0	14	0	0	0	0	0	0	11	42	0	0	215	71	0	0	0	0	0	0	0	0	0	0	0	0	0	0	14	0	0	0	0	0	0	0	42	0	0	0	71	0	0	0	0	0	0	0	0	0	0	0	0	0	0	0	0	0	0	0	0	0	0	14	0	0	0	0	0	0	0	0	0	0	0	0
28	18	16	16	45	8	0	0	0	13	16	45	0	0	0	0	22	24	90	328	0	0	0	0	0	0	0	0	0	0	0	0	0	0	222	0	0	45	0	0	0	0	0	0	0	0	0	0	0	0	0	0	90	328	0	0	0	0	0	0	0	0	0	0	0	0	0	0	222	0	0	0	0	0	0	0	0	0	0	0	0	0	0	0	0	0	0	222	0	0	0	0	0	0	0	0	0	0	0	0	0	0	0	0	0	0	0	0	0	0	0	0	0	0	328	0	0	0	0	0	0	0	0	0	0	0	0	0	0	222	0	0	0	0	0	0	0	0	0	0	0	0	0	0	0	0	0	0	222	0	0	0	0	0	0	0	0	0	0	0	0	0	0	0	0	0	0	0	0	0	0	0	0	0	0	222	0	0	0	0	0	0	0	0	0	0	0	0	0	0	0	0	0	0	0	0	0	0	0	0	0	0	0	0	0	0	0	0	0	0	0
24	11	7	22	80	0	0	0	32	0	0	80	0	0	0	32	0	0	160	327	0	0	0	32	0	0	32	0	0	0	32	0	0	64	208	0	0	0	0	0	0	0	0	0	0	0	0	0	0	32	0	0	0	327	0	0	0	32	0	0	32	0	0	0	32	0	0	64	206	0	0	0	0	0	0	0	0	0	0	0	0	0	0	32	0	0	0	208	0	0	0	0	0	0	0	0	0	0	0	0	0	0	0	0	0	0	0	0	0	0	0	0	0	0	0	0	0	0	32	0	0	32	0	0	0	32	0	0	64	206	0	0	0	0	0	0	0	0	0	0	0	0	0	0	32	0	0	0	206	0	0	0	0	0	0	0	0	0	0	0	0	0	0	0	0	0	0	0	0	0	0	0	0	0	0	0	0	0	0	0	0	0	0	0	0	0	0	0	0	0	0	0	0	0	0	0	0	0	0	0	0	0	0	0	0	0	0	0	0	0	0
14	6	7	12	17	0	0	0	7	0	0	17	0	0	0	7	0	0	34	60	0	0	0	7	0	0	7	0	0	0	7	0	0	14	45	0	0	0	0	0	0	0	0	0	0	0	0	0	0	7	0	0	0	60	0	0	0	7	0	0	7	0	0	0	7	0	0	14	43	0	0	0	0	0	0	0	0	0	0	0	0	0	0	7	0	0	0	45	0	0	0	0	0	0	0	0	0	0	0	0	0	0	0	0	0	0	0	0	0	0	0	0	0	0	0	0	0	0	7	0	0	7	0	0	0	7	0	0	14	43	0	0	0	0	0	0	0	0	0	0	0	0	0	0	7	0	0	0	43	0	0	0	0	0	0	0	0	0	0	0	0	0	0	0	0	0	0	0	0	0	0	0	0	0	0	0	0	0	0	0	0	0	0	0	0	0	0	0	0	0	0	0	0	0	0	0	0	0	0	0	0	0	0	0	0	0	0	0	0	0	0
22	10	7	20	74	0	0	0	33	0	0	74	0	0	0	46	0	0	148	282	0	0	0	33	0	0	33	0	0	0	46	0	0	66	208	0	0	0	0	0	0	0	0	0	0	0	0	0	0	46	0	0	0	282	0	0	0	33	0	0	33	0	0	0	46	0	0	66	206	0	0	0	0	0	0	0	0	0	0	0	0	0	0	46	0	0	0	208	0	0	0	0	0	0	0	0	0	0	0	0	0	0	0	0	0	0	0	0	0	0	0	0	0	0	0	0	0	0	33	0	0	33	0	0	0	46	0	0	66	206	0	0	0	0	0	0	0	0	0	0	0	0	0	0	46	0	0	0	206	0	0	0	0	0	0	0	0	0	0	0	0	0	0	0	0	0	0	0	0	0	0	0	0	0	0	0	0	0	0	0	0	0	0	0	0	0	0	0	0	0	0	0	0	0	0	0	0	0	0	0	0	0	0	0	0	0	0	0	0	0	0
19	9	8	9	59	0	0	0	0	0	0	59	0	0	0	0	0	0	59	451	0	0	0	0	0	0	0	0	0	0	0	0	0	0	270	0	0	0	0	0	0	0	0	0	0	0	0	0	0	0	0	0	0	451	0	0	0	0	0	0	0	0	0	0	0	0	0	0	266	0	0	0	0	0	0	0	0	0	0	0	0	0	0	0	0	0	0	270	0	0	0	0	0	0	0	0	0	0	0	0	0	0	0	0	0	0	0	0	0	0	0	0	0	0	0	0	0	0	0	0	0	0	0	0	0	0	0	0	0	266	0	0	0	0	0	0	0	0	0	0	0	0	0	0	0	0	0	0	266	0	0	0	0	0	0	0	0	0	0	0	0	0	0	0	0	0	0	0	0	0	0	0	0	0	0	0	0	0	0	0	0	0	0	0	0	0	0	0	0	0	0	0	0	0	0	0	0	0	0	0	0	0	0	0	0	0	0	0	0	0	0
14	6	7	12	23	0	0	0	0	0	0	23	0	0	0	0	0	0	46	177	0	0	0	0	0	0	0	0	0	0	0	0	0	0	136	0	0	0	0	0	0	0	0	0	0	0	0	0	0	0	0	0	0	177	0	0	0	0	0	0	0	0	0	0	0	0	0	0	134	0	0	0	0	0	0	0	0	0	0	0	0	0	0	0	0	0	0	136	0	0	0	0	0	0	0	0	0	0	0	0	0	0	0	0	0	0	0	0	0	0	0	0	0	0	0	0	0	0	0	0	0	0	0	0	0	0	0	0	0	134	0	0	0	0	0	0	0	0	0	0	0	0	0	0	0	0	0	0	134	0	0	0	0	0	0	0	0	0	0	0	0	0	0	0	0	0	0	0	0	0	0	0	0	0	0	0	0	0	0	0	0	0	0	0	0	0	0	0	0	0	0	0	0	0	0	0	0	0	0	0	0	0	0	0	0	0	0	0	0	0	0
6	0	0	0	42	0	0	0	0	0	0	0	0	0	0	0	0	0	0	253	0	0	0	0	0	0	0	0	0	0	0	0	0	0	72	0	0	0	0	0	0	0	0	0	0	0	0	0	0	0	0	0	0	0	0	0	0	0	0	0	0	0	0	0	0	0	0	0	72	0	0	0	0	0	0	0	0	0	0	0	0	0	0	0	0	0	0	0	0	0	0	0	0	0	0	0	0	0	0	0	0	0	0	0	0	0	0	0	0	0	0	0	0	0	0	0	0	0	0	0	0	0	0	0	0	0	0	0	0	72	0	0	0	0	0	0	0	0	0	0	0	0	0	0	0	0	0	0	0	0	0	0	0	0	0	0	0	0	0	0	0	0	0	0	0	0	0	0	0	0	0	0	0	0	0	0	0	0	0	0	0	0	0	0	0	0	0	0	0	0	0	0	0	0	0	0	0	0	0	0	0	0	0	0	0	0	0	0	0	0	0
5	0	0	0	33	0	0	0	0	0	0	0	0	0	0	0	0	0	0	194	0	0	0	0	0	0	0	0	0	0	0	0	0	0	72	0	0	0	0	0	0	0	0	0	0	0	0	0	0	0	0	0	0	0	0	0	0	0	0	0	0	0	0	0	0	0	0	0	72	0	0	0	0	0	0	0	0	0	0	0	0	0	0	0	0	0	0	0	0	0	0	0	0	0	0	0	0	0	0	0	0	0	0	0	0	0	0	0	0	0	0	0	0	0	0	0	0	0	0	0	0	0	0	0	0	0	0	0	0	72	0	0	0	0	0	0	0	0	0	0	0	0	0	0	0	0	0	0	0	0	0	0	0	0	0	0	0	0	0	0	0	0	0	0	0	0	0	0	0	0	0	0	0	0	0	0	0	0	0	0	0	0	0	0	0	0	0	0	0	0	0	0	0	0	0	0	0	0	0	0	0	0	0	0	0	0	0	0	0	0	0
