234	229	26	4	0	224	10	0	0	25	4	0	10	0	0	0	44	8	0	0	219	9	0	0	9	0	0	6	0	0	0	6	0	0	0	24	4	0	0	0	0	0	0	0	0	0	9	0	0	0	43	8	0	0	214	9	0	0	8	0	0	6	0	0	0	6	0	0	0	8	0	0	0	0	0	0	0	0	0	0	5	0	0	0	5	0	0	0	24	4	0	2	0	0	0	2	0	0	0	0	0	0	0	0	0	0	0	9	0	0	0	43	8	0	0	209	9	0	0	8	0	0	6	0	0	0	6	0	0	0	7	0	0	0	0	0	0	0	0	0	0	5	0	0	0	5	0	0	0	8	0	0	2	0	0	0	2	0	0	0	0	0	0	0	0	0	0	0	5	0	0	0	5	0	0	0	24	4	0	3	0	0	0	6	0	0	0	2	0	0	0	2	0	0	0	0	0	0	0	0	0	0	0	9	0	0	0	43	8	0	0
280	274	32	8	0	268	15	0	0	31	8	0	12	0	0	0	47	16	0	0	262	14	0	0	14	0	0	8	0	0	0	11	0	0	0	30	8	0	0	0	0	0	0	0	0	0	11	0	0	0	46	16	0	0	256	14	0	0	13	0	0	8	0	0	0	11	0	0	0	13	0	0	0	0	0	0	0	0	0	0	7	0	0	0	10	0	0	0	30	8	0	2	0	0	0	2	0	0	0	0	0	0	0	0	0	0	0	11	0	0	0	46	16	0	0	250	14	0	0	13	0	0	8	0	0	0	11	0	0	0	12	0	0	0	0	0	0	0	0	0	0	7	0	0	0	10	0	0	0	13	0	0	2	0	0	0	2	0	0	0	0	0	0	0	0	0	0	0	7	0	0	0	10	0	0	0	30	8	0	3	0	0	0	8	0	0	0	2	0	0	0	2	0	0	0	0	0	0	0	0	0	0	0	11	0	0	0	46	16	0	0
345	333	37	56	0	322	15	41	0	34	45	0	12	24	0	0	45	52	0	0	312	14	41	0	13	31	0	8	24	0	0	12	24	0	0	31	35	0	0	0	0	0	0	0	0	0	9	14	0	0	41	42	0	0	302	13	39	0	12	31	0	8	24	0	0	12	24	0	0	10	21	0	0	0	0	0	0	0	0	0	5	14	0	0	8	14	0	0	31	35	0	4	16	0	0	2	8	0	0	0	0	0	0	0	0	0	0	9	14	0	0	41	42	0	0	292	10	36	0	11	29	0	7	22	0	0	11	22	0	0	9	21	0	0	0	0	0	0	0	0	0	5	14	0	0	8	14	0	0	10	21	0	0	14	0	0	1	7	0	0	0	0	0	0	0	0	0	0	5	14	0	0	8	14	0	0	31	35	0	2	23	0	0	6	22	0	0	4	16	0	0	2	8	0	0	0	0	0	0	0	0	0	0	9	14	0	0	41	42	0	0
417	408	41	24	0	399	19	4	0	40	24	0	8	16	0	0	46	44	0	0	390	19	0	0	18	4	0	8	0	0	0	16	0	0	0	39	24	0	0	0	0	0	0	0	0	0	7	16	0	0	45	44	0	0	381	19	0	0	18	0	0	8	0	0	0	16	0	0	0	17	4	0	0	0	0	0	0	0	0	0	7	0	0	0	15	0	0	0	39	24	0	2	0	0	0	3	0	0	0	0	0	0	0	0	0	0	0	7	16	0	0	45	44	0	0	372	19	0	0	18	0	0	8	0	0	0	16	0	0	0	17	0	0	0	0	0	0	0	0	0	0	7	0	0	0	15	0	0	0	17	4	0	2	0	0	0	3	0	0	0	0	0	0	0	0	0	0	0	7	0	0	0	15	0	0	0	39	24	0	3	0	0	0	8	0	0	0	2	0	0	0	3	0	0	0	0	0	0	0	0	0	0	0	7	16	0	0	45	44	0	0
418	409	47	20	0	400	21	0	0	46	20	0	14	0	0	0	46	64	0	0	391	20	0	0	20	0	0	10	0	0	0	18	0	0	0	45	20	0	0	0	0	0	0	0	0	0	13	0	0	0	45	64	0	0	382	20	0	0	19	0	0	10	0	0	0	18	0	0	0	19	0	0	0	0	0	0	0	0	0	0	9	0	0	0	17	0	0	0	45	20	0	2	0	0	0	3	0	0	0	0	0	0	0	0	0	0	0	13	0	0	0	45	64	0	0	373	20	0	0	19	0	0	10	0	0	0	18	0	0	0	18	0	0	0	0	0	0	0	0	0	0	9	0	0	0	17	0	0	0	19	0	0	2	0	0	0	3	0	0	0	0	0	0	0	0	0	0	0	9	0	0	0	17	0	0	0	45	20	0	3	0	0	0	9	0	0	0	2	0	0	0	3	0	0	0	0	0	0	0	0	0	0	0	13	0	0	0	45	64	0	0
525	510	46	65	20	495	28	44	0	43	65	20	10	33	4	0	29	34	40	0	480	28	44	0	25	44	0	10	33	0	0	24	33	0	0	39	65	20	0	0	0	0	0	0	0	0	6	33	4	0	24	34	40	0	465	27	44	0	25	44	0	10	33	0	0	24	33	0	0	21	44	0	0	0	0	0	0	0	0	0	6	33	0	0	19	33	0	0	39	65	20	6	0	0	0	4	12	0	0	0	0	0	0	0	0	0	0	6	33	4	0	24	34	40	0	450	24	44	0	24	44	0	9	33	0	0	23	33	0	0	21	44	0	0	0	0	0	0	0	0	0	6	33	0	0	19	33	0	0	21	44	0	2	0	0	0	3	11	0	0	0	0	0	0	0	0	0	0	6	33	0	0	19	33	0	0	38	65	20	5	0	0	0	7	34	0	0	6	0	0	0	4	12	0	0	0	0	0	0	0	0	0	0	6	33	4	0	23	34	40	0
555	540	51	74	16	525	31	56	0	49	74	16	18	24	4	0	41	58	32	0	510	31	56	0	29	56	0	18	24	0	0	37	58	0	0	46	74	16	2	0	0	0	0	0	0	0	15	24	4	0	37	58	32	0	495	31	56	0	29	56	0	18	24	0	0	37	58	0	0	26	56	0	2	0	0	0	0	0	0	0	15	24	0	0	33	58	0	0	46	74	16	6	0	0	0	6	0	0	0	2	0	0	0	0	0	0	0	15	24	4	0	37	58	32	0	480	29	56	0	29	56	0	18	24	0	0	37	58	0	0	26	56	0	2	0	0	0	0	0	0	0	15	24	0	0	33	58	0	0	26	56	0	2	0	0	0	4	0	0	0	2	0	0	0	0	0	0	0	15	24	0	0	33	58	0	0	46	74	16	5	0	0	0	11	24	0	0	6	0	0	0	6	0	0	0	2	0	0	0	0	0	0	0	15	24	4	0	37	58	32	0
457	447	41	21	12	437	27	0	0	40	21	12	10	0	4	0	27	0	36	0	427	27	0	0	26	0	0	10	0	0	0	23	0	0	0	39	21	12	0	0	0	0	0	0	0	0	9	0	4	0	26	0	36	0	417	27	0	0	26	0	0	10	0	0	0	23	0	0	0	25	0	0	0	0	0	0	0	0	0	0	9	0	0	0	22	0	0	0	39	21	12	2	0	0	0	4	0	0	0	0	0	0	0	0	0	0	0	9	0	4	0	26	0	36	0	407	27	0	0	26	0	0	10	0	0	0	23	0	0	0	25	0	0	0	0	0	0	0	0	0	0	9	0	0	0	22	0	0	0	25	0	0	2	0	0	0	4	0	0	0	0	0	0	0	0	0	0	0	9	0	0	0	22	0	0	0	39	21	12	3	0	0	0	9	0	0	0	2	0	0	0	4	0	0	0	0	0	0	0	0	0	0	0	9	0	4	0	26	0	36	0
456	446	40	24	8	436	26	0	0	40	24	8	9	0	4	0	26	6	32	0	426	26	0	0	26	0	0	9	0	0	0	23	0	0	0	40	24	8	0	0	0	0	0	0	0	0	9	0	4	0	26	6	32	0	416	26	0	0	26	0	0	9	0	0	0	23	0	0	0	26	0	0	0	0	0	0	0	0	0	0	9	0	0	0	23	0	0	0	40	24	8	0	0	0	0	4	0	0	0	0	0	0	0	0	0	0	0	9	0	4	0	26	6	32	0	406	26	0	0	26	0	0	9	0	0	0	23	0	0	0	26	0	0	0	0	0	0	0	0	0	0	9	0	0	0	23	0	0	0	26	0	0	0	0	0	0	4	0	0	0	0	0	0	0	0	0	0	0	9	0	0	0	23	0	0	0	40	24	8	1	0	0	0	8	0	0	0	0	0	0	0	4	0	0	0	0	0	0	0	0	0	0	0	9	0	4	0	26	6	32	0
582	566	63	98	4	550	42	71	0	62	98	4	18	26	0	0	42	94	20	0	534	42	71	0	41	71	0	18	26	0	0	40	79	0	0	61	98	4	0	0	0	0	0	0	0	0	17	26	0	0	41	94	20	0	518	41	71	0	41	71	0	18	26	0	0	40	79	0	0	40	71	0	0	0	0	0	0	0	0	0	17	26	0	0	39	79	0	0	61	98	4	0	0	0	0	8	14	0	0	0	0	0	0	0	0	0	0	17	26	0	0	41	94	20	0	502	40	71	0	40	71	0	17	26	0	0	39	79	0	0	40	71	0	0	0	0	0	0	0	0	0	17	26	0	0	39	79	0	0	40	71	0	0	0	0	0	4	13	0	0	0	0	0	0	0	0	0	0	17	26	0	0	39	79	0	0	61	98	4	5	0	0	0	15	14	0	0	0	0	0	0	8	14	0	0	0	0	0	0	0	0	0	0	17	26	0	0	41	94	20	0
650	635	49	50	43	620	41	50	4	49	50	43	21	0	0	16	49	50	0	60	605	41	50	0	41	50	4	21	0	0	0	49	50	0	0	49	50	43	2	0	0	0	0	0	0	0	21	0	0	16	49	50	0	60	590	40	50	0	41	50	0	21	0	0	0	49	50	0	0	41	50	4	2	0	0	0	0	0	0	0	21	0	0	0	49	50	0	0	49	50	43	0	0	0	0	7	10	0	0	2	0	0	0	0	0	0	0	21	0	0	16	49	50	0	60	575	40	50	0	40	50	0	21	0	0	0	45	50	0	0	41	50	0	2	0	0	0	0	0	0	0	21	0	0	0	49	50	0	0	41	50	4	0	0	0	0	4	10	0	0	2	0	0	0	0	0	0	0	21	0	0	0	49	50	0	0	49	50	43	5	0	0	0	17	0	0	0	0	0	0	0	7	10	0	0	2	0	0	0	0	0	0	0	21	0	0	16	49	50	0	60
396	386	33	17	27	376	30	17	0	33	17	27	17	0	0	0	27	0	0	44	366	30	17	0	30	17	0	17	0	0	0	27	0	0	0	33	17	27	0	0	0	0	0	0	0	0	17	0	0	0	27	0	0	44	356	30	17	0	30	17	0	17	0	0	0	27	0	0	0	30	17	0	0	0	0	0	0	0	0	0	17	0	0	0	27	0	0	0	33	17	27	0	0	0	0	6	0	0	0	0	0	0	0	0	0	0	0	17	0	0	0	27	0	0	44	346	30	17	0	30	17	0	17	0	0	0	27	0	0	0	30	17	0	0	0	0	0	0	0	0	0	17	0	0	0	27	0	0	0	30	17	0	0	0	0	0	5	0	0	0	0	0	0	0	0	0	0	0	17	0	0	0	27	0	0	0	33	17	27	5	0	0	0	9	0	0	0	0	0	0	0	6	0	0	0	0	0	0	0	0	0	0	0	17	0	0	0	27	0	0	44
315	308	23	0	26	301	22	0	0	23	0	26	6	0	0	0	20	0	0	40	294	22	0	0	22	0	0	6	0	0	0	20	0	0	0	23	0	26	0	0	0	0	0	0	0	0	6	0	0	0	20	0	0	40	287	22	0	0	22	0	0	6	0	0	0	20	0	0	0	22	0	0	0	0	0	0	0	0	0	0	6	0	0	0	20	0	0	0	23	0	26	0	0	0	0	3	0	0	0	0	0	0	0	0	0	0	0	6	0	0	0	20	0	0	40	280	22	0	0	22	0	0	6	0	0	0	20	0	0	0	22	0	0	0	0	0	0	0	0	0	0	6	0	0	0	20	0	0	0	22	0	0	0	0	0	0	3	0	0	0	0	0	0	0	0	0	0	0	6	0	0	0	20	0	0	0	23	0	26	1	0	0	0	5	0	0	0	0	0	0	0	3	0	0	0	0	0	0	0	0	0	0	0	6	0	0	0	20	0	0	40
463	452	47	39	11	441	42	31	0	47	39	11	21	14	0	0	37	21	11	12	430	42	31	0	42	31	0	21	14	0	0	37	21	0	0	47	39	11	0	0	0	0	0	0	0	0	21	14	0	0	37	21	11	12	419	41	31	0	42	31	0	21	14	0	0	37	21	0	0	42	31	0	0	0	0	0	0	0	0	0	21	14	0	0	37	21	0	0	47	39	11	1	0	0	0	8	8	0	0	0	0	0	0	0	0	0	0	21	14	0	0	37	21	11	12	408	39	30	0	41	31	0	20	14	0	0	35	21	0	0	42	31	0	0	0	0	0	0	0	0	0	21	14	0	0	37	21	0	0	42	31	0	1	0	0	0	5	7	0	0	0	0	0	0	0	0	0	0	21	14	0	0	37	21	0	0	47	39	11	6	6	0	0	12	14	0	0	1	0	0	0	8	8	0	0	0	0	0	0	0	0	0	0	21	14	0	0	37	21	11	12
488	476	65	56	5	464	60	44	0	65	56	5	30	24	0	0	62	24	10	4	452	60	44	0	60	44	0	30	24	0	0	62	24	0	0	65	56	5	4	0	0	0	3	0	0	0	30	24	0	0	62	24	10	4	440	58	44	0	60	44	0	30	24	0	0	62	24	0	0	60	44	0	4	0	0	0	3	0	0	0	30	24	0	0	62	24	0	0	65	56	5	1	0	0	0	9	12	0	0	4	0	0	0	3	0	0	0	30	24	0	0	62	24	10	4	428	55	40	0	58	44	0	28	24	0	0	55	24	0	0	60	44	0	4	0	0	0	3	0	0	0	30	24	0	0	62	24	0	0	60	44	0	1	0	0	0	7	6	0	0	4	0	0	0	3	0	0	0	30	24	0	0	62	24	0	0	65	56	5	3	16	0	0	24	16	0	0	1	0	0	0	9	12	0	0	4	0	0	0	3	0	0	0	30	24	0	0	62	24	10	4
489	476	80	63	10	463	74	56	0	80	63	10	55	44	0	0	83	37	0	16	450	74	56	0	74	56	0	55	44	0	0	83	36	0	0	80	63	10	9	0	0	0	10	0	0	0	55	44	0	0	83	37	0	16	437	71	56	0	74	56	0	55	44	0	0	83	36	0	0	74	56	0	9	0	0	0	10	0	0	0	55	44	0	0	83	36	0	0	80	63	10	1	0	0	0	12	10	0	0	9	0	0	0	10	0	0	0	55	44	0	0	83	37	0	16	424	63	52	0	71	56	0	50	44	0	0	74	36	0	0	74	56	0	9	0	0	0	10	0	0	0	55	44	0	0	83	36	0	0	74	56	0	1	0	0	0	10	8	0	0	9	0	0	0	10	0	0	0	55	44	0	0	83	36	0	0	80	63	10	2	0	14	0	37	20	10	0	1	0	0	0	12	10	0	0	9	0	0	0	10	0	0	0	55	44	0	0	83	37	0	16
568	553	120	83	4	538	104	78	0	120	83	4	86	24	0	0	120	83	0	5	523	99	74	0	104	78	0	73	20	0	0	108	77	0	0	120	83	4	25	16	0	0	17	16	0	0	86	24	0	0	120	83	0	5	508	95	70	0	99	74	0	69	20	0	0	100	74	0	0	104	78	0	21	16	0	0	16	14	0	0	73	20	0	0	108	77	0	0	120	83	4	29	0	0	0	34	12	4	0	25	16	0	0	17	16	0	0	86	24	0	0	120	83	0	5	493	79	66	0	95	70	0	65	16	0	0	90	54	0	0	99	74	0	11	16	0	0	13	12	0	0	69	20	0	0	100	74	0	0	104	78	0	15	0	0	0	21	10	0	0	21	16	0	0	16	14	0	0	73	20	0	0	108	77	0	0	120	83	4	16	0	8	0	60	78	4	0	29	0	0	0	34	12	4	0	25	16	0	0	17	16	0	0	86	24	0	0	120	83	0	5
685	665	157	170	0	645	136	151	0	157	170	0	129	182	0	0	182	213	0	0	625	128	147	0	136	151	0	108	172	0	0	163	201	0	0	157	170	0	53	50	0	0	33	56	0	0	129	182	0	0	182	213	0	0	605	119	147	0	128	147	0	104	172	0	0	153	201	0	0	136	151	0	49	50	0	0	31	56	0	0	108	172	0	0	163	201	0	0	157	170	0	50	0	0	0	44	40	0	0	53	50	0	0	33	56	0	0	129	182	0	0	182	213	0	0	585	101	147	0	119	147	0	91	172	0	0	135	201	0	0	128	147	0	39	50	0	0	28	56	0	0	104	172	0	0	153	201	0	0	136	151	0	36	0	0	0	34	24	0	0	49	50	0	0	31	56	0	0	108	172	0	0	163	201	0	0	157	170	0	41	0	0	0	74	83	0	0	50	0	0	0	44	40	0	0	53	50	0	0	33	56	0	0	129	182	0	0	182	213	0	0
730	711	166	157	0	692	138	131	0	166	157	0	108	170	0	0	196	167	0	0	673	131	115	0	138	131	0	91	150	0	0	149	120	0	0	166	157	0	44	54	0	0	47	42	0	0	108	170	0	0	196	167	0	0	654	123	99	0	131	115	0	91	126	0	0	143	81	0	0	138	131	0	44	30	0	0	40	33	0	0	91	150	0	0	149	120	0	0	166	157	0	47	58	0	0	61	81	0	0	44	54	0	0	47	42	0	0	108	170	0	0	196	167	0	0	635	102	89	0	123	99	0	73	114	0	0	130	57	0	0	131	115	0	31	18	0	0	33	23	0	0	91	126	0	0	143	81	0	0	138	131	0	28	38	0	0	49	63	0	0	44	30	0	0	40	33	0	0	91	150	0	0	149	120	0	0	166	157	0	44	38	0	0	101	195	0	0	47	58	0	0	61	81	0	0	44	54	0	0	47	42	0	0	108	170	0	0	196	167	0	0
682	662	160	181	0	642	132	163	0	160	181	0	127	127	0	0	218	222	0	0	622	124	155	0	132	163	0	109	120	0	0	178	196	0	0	160	181	0	59	73	0	0	50	55	0	0	127	127	0	0	218	222	0	0	602	112	150	0	124	155	0	105	119	0	0	168	191	0	0	132	163	0	49	69	0	0	43	49	0	0	109	120	0	0	178	196	0	0	160	181	0	55	47	0	0	57	96	0	0	59	73	0	0	50	55	0	0	127	127	0	0	218	222	0	0	582	93	133	0	112	150	0	87	112	0	0	146	186	0	0	124	155	0	37	66	0	0	38	49	0	0	105	119	0	0	168	191	0	0	132	163	0	34	43	0	0	47	82	0	0	49	69	0	0	43	49	0	0	109	120	0	0	178	196	0	0	160	181	0	38	129	0	0	75	127	0	0	55	47	0	0	57	96	0	0	59	73	0	0	50	55	0	0	127	127	0	0	218	222	0	0
581	566	117	83	5	551	91	62	0	117	83	5	76	33	8	0	177	58	15	0	536	88	62	0	91	62	0	68	33	0	0	117	22	0	0	117	83	5	32	0	6	0	39	0	0	0	76	33	8	0	177	58	15	0	521	80	62	0	88	62	0	68	33	0	0	110	22	0	0	91	62	0	32	0	0	0	33	0	0	0	68	33	0	0	117	22	0	0	117	83	5	38	0	0	0	41	78	0	0	32	0	6	0	39	0	0	0	76	33	8	0	177	58	15	0	506	66	56	0	80	62	0	50	33	0	0	96	22	0	0	88	62	0	25	0	0	0	28	0	0	0	68	33	0	0	110	22	0	0	91	62	0	26	0	0	0	41	76	0	0	32	0	0	0	33	0	0	0	68	33	0	0	117	22	0	0	117	83	5	35	36	13	0	63	81	0	0	38	0	0	0	41	78	0	0	32	0	6	0	39	0	0	0	76	33	8	0	177	58	15	0
648	632	114	98	5	616	83	67	0	114	98	5	65	59	8	0	164	105	20	0	600	74	58	0	83	67	0	53	33	0	0	94	40	0	0	114	98	5	37	32	6	0	37	81	5	0	65	59	8	0	164	105	20	0	584	70	53	0	74	58	0	53	32	0	0	85	31	0	0	83	67	0	37	28	0	0	28	70	0	0	53	33	0	0	94	40	0	0	114	98	5	39	34	0	0	45	48	0	0	37	32	6	0	37	81	5	0	65	59	8	0	164	105	20	0	568	57	41	0	70	53	0	45	26	0	0	82	23	0	0	74	58	0	19	20	0	0	20	53	0	0	53	32	0	0	85	31	0	0	83	67	0	20	6	0	0	38	44	0	0	37	28	0	0	28	70	0	0	53	33	0	0	94	40	0	0	114	98	5	34	44	13	0	71	89	5	0	39	34	0	0	45	48	0	0	37	32	6	0	37	81	5	0	65	59	8	0	164	105	20	0
331	323	46	21	0	315	24	12	0	46	21	0	14	6	0	0	75	26	0	0	307	22	12	0	24	12	0	10	6	0	0	24	6	0	0	46	21	0	6	0	0	0	17	7	0	0	14	6	0	0	75	26	0	0	299	19	12	0	22	12	0	10	6	0	0	23	6	0	0	24	12	0	3	0	0	0	12	6	0	0	10	6	0	0	24	6	0	0	46	21	0	6	0	0	0	15	18	0	0	6	0	0	0	17	7	0	0	14	6	0	0	75	26	0	0	291	17	10	0	19	12	0	7	6	0	0	20	6	0	0	22	12	0	2	0	0	0	10	6	0	0	10	6	0	0	23	6	0	0	24	12	0	1	0	0	0	15	18	0	0	3	0	0	0	12	6	0	0	10	6	0	0	24	6	0	0	46	21	0	12	8	0	0	20	6	0	0	6	0	0	0	15	18	0	0	6	0	0	0	17	7	0	0	14	6	0	0	75	26	0	0
370	361	57	24	0	352	33	8	0	57	24	0	19	0	0	0	104	40	0	0	343	32	8	0	33	8	0	15	0	0	0	45	0	0	0	57	24	0	4	0	0	0	21	0	0	0	19	0	0	0	104	40	0	0	334	32	8	0	32	8	0	15	0	0	0	44	0	0	0	33	8	0	4	0	0	0	12	0	0	0	15	0	0	0	45	0	0	0	57	24	0	5	0	0	0	18	0	0	0	4	0	0	0	21	0	0	0	19	0	0	0	104	40	0	0	325	31	8	0	32	8	0	15	0	0	0	44	0	0	0	32	8	0	3	0	0	0	10	0	0	0	15	0	0	0	44	0	0	0	33	8	0	1	0	0	0	18	0	0	0	4	0	0	0	12	0	0	0	15	0	0	0	45	0	0	0	57	24	0	14	0	0	0	26	0	0	0	5	0	0	0	18	0	0	0	4	0	0	0	21	0	0	0	19	0	0	0	104	40	0	0
390	380	69	29	0	370	37	9	0	69	29	0	26	0	0	0	128	96	0	0	360	35	9	0	37	9	0	18	0	0	0	48	36	0	0	69	29	0	4	0	0	0	24	9	0	0	26	0	0	0	128	96	0	0	350	35	9	0	35	9	0	18	0	0	0	46	36	0	0	37	9	0	4	0	0	0	11	9	0	0	18	0	0	0	48	36	0	0	69	29	0	5	0	0	0	17	0	0	0	4	0	0	0	24	9	0	0	26	0	0	0	128	96	0	0	340	34	9	0	35	9	0	18	0	0	0	46	36	0	0	35	9	0	3	0	0	0	9	9	0	0	18	0	0	0	46	36	0	0	37	9	0	1	0	0	0	17	0	0	0	4	0	0	0	11	9	0	0	18	0	0	0	48	36	0	0	69	29	0	14	0	0	0	30	0	0	0	5	0	0	0	17	0	0	0	4	0	0	0	24	9	0	0	26	0	0	0	128	96	0	0
611	594	104	80	33	577	78	57	5	104	80	33	61	15	16	10	152	141	66	10	560	75	57	0	78	57	5	55	15	6	0	94	105	10	0	104	80	33	21	0	0	0	36	37	0	0	61	15	16	10	152	141	66	10	543	68	57	0	75	57	0	55	15	0	0	91	105	0	0	78	57	5	14	0	0	0	20	15	0	0	55	15	6	0	94	105	10	0	104	80	33	15	0	29	0	37	14	0	0	21	0	0	0	36	37	0	0	61	15	16	10	152	141	66	10	526	58	57	0	68	57	0	44	15	0	0	80	105	0	0	75	57	0	12	0	0	0	18	15	0	0	55	15	0	0	91	105	0	0	78	57	5	7	0	13	0	35	14	0	0	14	0	0	0	20	15	0	0	55	15	6	0	94	105	10	0	104	80	33	21	0	40	0	78	22	0	0	15	0	29	0	37	14	0	0	21	0	0	0	36	37	0	0	61	15	16	10	152	141	66	10
567	550	101	109	9	533	65	75	3	101	109	9	48	50	10	6	143	205	45	0	516	61	75	0	65	75	3	37	50	6	0	100	106	15	0	100	109	9	14	0	0	0	24	24	0	0	48	50	10	6	142	205	45	0	499	58	75	0	61	75	0	37	50	0	0	98	106	0	0	64	75	3	8	0	0	0	12	0	0	0	37	50	6	0	99	106	15	0	100	109	9	17	0	15	0	24	0	0	0	14	0	0	0	24	24	0	0	48	50	10	6	142	205	45	0	482	52	75	0	58	75	0	31	50	0	0	95	106	0	0	60	75	0	6	0	0	0	10	0	0	0	37	50	0	0	97	106	0	0	64	75	3	9	0	9	0	18	0	0	0	8	0	0	0	12	0	0	0	37	50	6	0	99	106	15	0	100	109	9	16	0	10	0	52	39	0	0	17	0	15	0	24	0	0	0	14	0	0	0	24	24	0	0	48	50	10	6	142	205	45	0
471	455	81	91	20	439	54	79	0	81	91	20	36	50	6	0	134	147	20	10	423	51	78	0	54	79	0	30	48	0	0	75	132	0	0	78	91	20	8	12	0	0	26	28	0	0	36	50	6	0	130	147	20	10	407	49	78	0	51	78	0	30	48	0	0	72	131	0	0	51	79	0	7	12	0	0	13	12	0	0	30	48	0	0	71	132	0	0	78	91	20	7	0	6	0	16	10	0	0	8	12	0	0	26	28	0	0	36	50	6	0	130	147	20	10	391	44	78	0	49	78	0	29	48	0	0	67	131	0	0	48	78	0	5	12	0	0	11	12	0	0	30	48	0	0	68	131	0	0	51	79	0	4	0	0	0	15	10	0	0	7	12	0	0	13	12	0	0	30	48	0	0	71	132	0	0	78	91	20	12	0	18	0	41	23	0	0	7	0	6	0	16	10	0	0	8	12	0	0	26	28	0	0	36	50	6	0	130	147	20	10
537	524	69	39	24	511	47	12	0	69	39	24	27	0	6	0	111	87	72	10	498	45	12	0	47	12	0	25	0	0	0	76	24	0	0	69	39	24	8	0	0	0	27	18	0	0	27	0	6	0	111	87	72	10	485	44	12	0	45	12	0	25	0	0	0	74	24	0	0	47	12	0	7	0	0	0	14	0	0	0	25	0	0	0	76	24	0	0	69	39	24	6	0	6	0	21	0	0	0	8	0	0	0	27	18	0	0	27	0	6	0	111	87	72	10	472	38	12	0	44	12	0	24	0	0	0	72	24	0	0	45	12	0	5	0	0	0	12	0	0	0	25	0	0	0	74	24	0	0	47	12	0	2	0	0	0	18	0	0	0	7	0	0	0	14	0	0	0	25	0	0	0	76	24	0	0	69	39	24	7	0	22	0	35	18	0	0	6	0	6	0	21	0	0	0	8	0	0	0	27	18	0	0	27	0	6	0	111	87	72	10
481	467	79	63	14	453	43	33	0	79	63	14	31	22	6	0	138	222	56	5	439	39	33	0	43	33	0	20	22	0	0	73	132	0	0	78	63	14	8	0	0	0	24	32	0	0	31	22	6	0	136	222	56	5	425	38	33	0	39	33	0	20	22	0	0	70	132	0	0	42	33	0	7	0	0	0	12	11	0	0	20	22	0	0	71	132	0	0	78	63	14	6	0	6	0	12	0	0	0	8	0	0	0	24	32	0	0	31	22	6	0	136	222	56	5	411	35	33	0	38	33	0	19	22	0	0	68	132	0	0	38	33	0	5	0	0	0	10	11	0	0	20	22	0	0	68	132	0	0	42	33	0	2	0	0	0	8	0	0	0	7	0	0	0	12	11	0	0	20	22	0	0	71	132	0	0	78	63	14	7	0	6	0	35	14	0	0	6	0	6	0	12	0	0	0	8	0	0	0	24	32	0	0	31	22	6	0	136	222	56	5
611	594	94	98	24	577	70	52	9	94	98	24	48	55	4	10	113	145	120	23	560	60	44	7	70	52	9	38	15	4	6	101	103	45	3	94	98	24	6	0	37	6	9	0	24	0	48	55	4	10	113	145	120	23	543	56	44	0	60	44	7	32	15	4	0	93	103	35	0	70	52	9	6	0	31	0	9	0	9	0	38	15	4	6	101	103	45	3	94	98	24	7	0	14	0	18	21	0	4	6	0	37	6	9	0	24	0	48	55	4	10	113	145	120	23	526	51	44	0	56	44	0	29	15	0	0	87	103	0	0	60	44	7	4	0	25	0	3	0	7	0	32	15	4	0	93	103	35	0	70	52	9	4	0	10	0	11	8	0	0	6	0	31	0	9	0	9	0	38	15	4	6	101	103	45	3	94	98	24	14	0	0	0	57	39	0	0	7	0	14	0	18	21	0	4	6	0	37	6	9	0	24	0	48	55	4	10	113	145	120	23
684	666	87	97	58	648	64	82	11	87	97	58	52	51	0	34	105	119	58	100	630	54	57	3	64	82	11	37	28	0	6	89	115	11	8	87	97	58	14	38	31	6	14	52	116	5	52	51	0	34	105	119	58	100	612	49	54	0	54	57	3	30	26	0	0	83	91	3	0	64	82	11	14	36	21	0	14	50	22	0	37	28	0	6	89	115	11	8	87	97	58	14	35	24	0	27	23	0	0	14	38	31	6	14	52	116	5	52	51	0	34	105	119	58	100	594	38	40	0	49	54	0	25	23	0	0	77	86	0	0	54	57	3	2	12	9	0	7	24	6	0	30	26	0	0	83	91	3	0	64	82	11	2	22	16	0	17	11	0	0	14	36	21	0	14	50	22	0	37	28	0	6	89	115	11	8	87	97	58	11	35	20	0	42	96	58	0	14	35	24	0	27	23	0	0	14	38	31	6	14	52	116	5	52	51	0	34	105	119	58	100
481	469	58	37	33	457	38	20	0	58	37	33	33	10	0	0	89	62	66	80	445	34	20	0	38	20	0	22	10	0	0	76	60	0	8	58	37	33	6	0	0	0	6	0	0	0	33	10	0	0	89	62	66	80	433	33	18	0	34	20	0	22	10	0	0	74	60	0	0	38	20	0	6	0	0	0	6	0	0	0	22	10	0	0	76	60	0	8	58	37	33	5	16	0	0	8	8	0	0	6	0	0	0	6	0	0	0	33	10	0	0	89	62	66	80	421	32	8	0	33	18	0	22	8	0	0	70	52	0	0	34	20	0	4	0	0	0	4	0	0	0	22	10	0	0	74	60	0	0	38	20	0	4	0	0	0	4	0	0	0	6	0	0	0	6	0	0	0	22	10	0	0	76	60	0	8	58	37	33	12	16	0	0	18	0	33	0	5	16	0	0	8	8	0	0	6	0	0	0	6	0	0	0	33	10	0	0	89	62	66	80
475	460	68	77	22	445	40	45	0	66	77	22	35	46	0	0	106	181	88	47	430	36	44	0	38	45	0	24	44	0	0	71	156	0	3	63	77	22	5	11	0	0	6	0	0	0	31	46	0	0	101	181	88	47	415	35	44	0	34	44	0	24	44	0	0	69	154	0	0	35	45	0	5	11	0	0	5	0	0	0	20	44	0	0	66	156	0	3	63	77	22	7	0	0	0	9	7	0	0	5	11	0	0	6	0	0	0	31	46	0	0	101	181	88	47	400	33	44	0	33	44	0	24	44	0	0	65	154	0	0	31	44	0	3	11	0	0	3	0	0	0	20	44	0	0	64	154	0	0	35	45	0	4	0	0	0	3	0	0	0	5	11	0	0	5	0	0	0	20	44	0	0	66	156	0	3	63	77	22	22	0	0	0	28	0	0	0	7	0	0	0	9	7	0	0	5	11	0	0	6	0	0	0	31	46	0	0	101	181	88	47
511	498	52	61	6	485	35	35	0	52	61	6	30	40	0	0	72	40	24	9	472	32	30	0	35	35	0	23	20	0	0	65	30	0	3	52	61	6	6	0	0	0	4	0	6	0	30	40	0	0	72	40	24	9	459	30	28	0	32	30	0	23	20	0	0	63	30	0	0	35	35	0	6	0	0	0	4	0	0	0	23	20	0	0	65	30	0	3	52	61	6	5	18	0	0	6	14	0	0	6	0	0	0	4	0	6	0	30	40	0	0	72	40	24	9	446	25	19	0	30	28	0	20	18	0	0	57	27	0	0	32	30	0	4	0	0	0	2	0	0	0	23	20	0	0	63	30	0	0	35	35	0	2	10	0	0	2	5	0	0	6	0	0	0	4	0	0	0	23	20	0	0	65	30	0	3	52	61	6	5	49	0	0	15	27	0	0	5	18	0	0	6	14	0	0	6	0	0	0	4	0	6	0	30	40	0	0	72	40	24	9
431	416	49	58	48	401	31	52	20	46	58	48	18	64	13	0	69	118	0	85	386	31	50	20	28	52	20	18	60	0	0	56	110	0	9	42	58	48	1	20	0	0	1	0	0	0	12	64	13	0	63	118	0	85	371	29	50	20	28	50	20	18	60	0	0	56	110	0	7	24	52	20	1	20	0	0	0	0	0	0	12	60	0	0	50	110	0	9	42	58	48	6	0	8	0	7	0	0	0	1	20	0	0	1	0	0	0	12	64	13	0	63	118	0	85	356	24	50	20	26	50	20	17	60	0	0	48	110	0	0	24	50	20	1	20	0	0	0	0	0	0	12	60	0	0	50	110	0	7	24	52	20	0	0	0	0	0	0	0	0	1	20	0	0	0	0	0	0	12	60	0	0	50	110	0	9	42	58	48	11	0	18	0	21	24	0	0	6	0	8	0	7	0	0	0	1	20	0	0	1	0	0	0	12	64	13	0	63	118	0	85
456	442	42	45	56	428	29	33	36	42	45	56	17	22	25	0	50	55	56	52	414	29	33	36	29	33	36	17	22	12	0	49	55	36	9	42	45	56	3	0	0	0	0	0	0	0	17	22	25	0	50	55	56	52	400	29	33	36	29	33	36	17	22	12	0	49	55	36	7	29	33	36	3	0	0	0	0	0	0	0	17	22	12	0	49	55	36	9	42	45	56	2	0	0	0	8	0	0	0	3	0	0	0	0	0	0	0	17	22	25	0	50	55	56	52	386	27	33	34	29	33	36	17	22	12	0	49	55	36	0	29	33	36	3	0	0	0	0	0	0	0	17	22	12	0	49	55	36	7	29	33	36	0	0	0	0	1	0	0	0	3	0	0	0	0	0	0	0	17	22	12	0	49	55	36	9	42	45	56	1	0	10	8	18	0	0	0	2	0	0	0	8	0	0	0	3	0	0	0	0	0	0	0	17	22	25	0	50	55	56	52
622	604	76	101	50	586	55	71	41	76	101	50	30	0	66	4	62	106	150	24	568	55	71	41	55	71	41	30	0	54	4	58	106	123	9	76	101	50	2	0	0	0	2	0	0	0	30	0	66	4	62	106	150	24	550	53	71	41	55	71	41	30	0	54	4	58	106	123	7	55	71	41	2	0	0	0	0	0	0	0	30	0	54	4	58	106	123	9	76	101	50	1	0	0	0	10	20	0	0	2	0	0	0	2	0	0	0	30	0	66	4	62	106	150	24	532	49	71	30	53	71	41	26	0	54	0	54	106	123	0	55	71	41	2	0	0	0	0	0	0	0	30	0	54	4	58	106	123	7	55	71	41	1	0	0	0	1	0	0	0	2	0	0	0	0	0	0	0	30	0	54	4	58	106	123	9	76	101	50	2	0	0	14	30	40	0	14	1	0	0	0	10	20	0	0	2	0	0	0	2	0	0	0	30	0	66	4	62	106	150	24
357	348	30	8	49	339	21	8	10	30	8	49	16	0	35	0	53	32	0	143	330	21	8	10	21	8	10	16	0	0	0	47	32	0	20	30	8	49	6	0	0	0	4	0	0	0	16	0	35	0	53	32	0	143	321	19	0	10	21	8	10	16	0	0	0	47	32	0	10	21	8	10	4	0	0	0	2	0	0	0	16	0	0	0	47	32	0	20	30	8	49	4	0	19	0	3	0	49	0	6	0	0	0	4	0	0	0	16	0	35	0	53	32	0	143	312	15	0	10	19	0	10	14	0	0	0	42	0	0	0	21	8	10	4	0	0	0	2	0	0	0	16	0	0	0	47	32	0	10	21	8	10	0	0	0	0	0	0	10	0	4	0	0	0	2	0	0	0	16	0	0	0	47	32	0	20	30	8	49	3	0	29	0	16	0	0	0	4	0	19	0	3	0	49	0	6	0	0	0	4	0	0	0	16	0	35	0	53	32	0	143
359	350	30	8	30	341	24	0	10	30	8	30	15	0	13	0	51	0	30	52	332	24	0	10	24	0	10	15	0	0	0	51	0	10	9	30	8	30	3	0	0	0	0	0	0	0	15	0	13	0	51	0	30	52	323	23	0	10	24	0	10	15	0	0	0	51	0	10	7	24	0	10	3	0	0	0	0	0	0	0	15	0	0	0	51	0	10	9	30	8	30	2	0	0	0	4	0	0	0	3	0	0	0	0	0	0	0	15	0	13	0	51	0	30	52	314	21	0	10	23	0	10	15	0	0	0	47	0	10	0	24	0	10	3	0	0	0	0	0	0	0	15	0	0	0	51	0	10	7	24	0	10	0	0	0	0	0	0	0	0	3	0	0	0	0	0	0	0	15	0	0	0	51	0	10	9	30	8	30	1	0	10	0	12	0	0	0	2	0	0	0	4	0	0	0	3	0	0	0	0	0	0	0	15	0	13	0	51	0	30	52
312	304	24	0	49	296	24	0	17	24	0	49	11	0	0	23	20	0	0	136	288	24	0	17	24	0	17	11	0	0	23	20	0	0	87	24	0	49	0	0	0	0	0	0	0	0	11	0	0	23	20	0	0	136	280	22	0	17	24	0	17	11	0	0	23	20	0	0	87	24	0	17	0	0	0	0	0	0	0	0	11	0	0	23	20	0	0	87	24	0	49	1	0	0	0	0	0	0	0	0	0	0	0	0	0	0	0	11	0	0	23	20	0	0	136	272	18	0	17	22	0	17	7	0	0	23	16	0	0	87	24	0	17	0	0	0	0	0	0	0	0	11	0	0	23	20	0	0	87	24	0	17	1	0	0	0	0	0	0	0	0	0	0	0	0	0	0	0	11	0	0	23	20	0	0	87	24	0	49	2	0	0	0	0	0	0	0	1	0	0	0	0	0	0	0	0	0	0	0	0	0	0	0	11	0	0	23	20	0	0	136
485	472	53	42	41	459	48	40	26	53	42	41	32	20	4	28	47	29	0	50	446	48	40	25	48	40	26	32	20	4	27	47	29	0	41	53	42	41	5	0	0	4	5	0	0	0	32	20	4	28	47	29	0	50	433	47	30	25	48	40	25	32	20	4	27	47	29	0	41	48	40	26	5	0	0	4	5	0	0	0	32	20	4	27	47	29	0	41	53	42	41	8	10	0	0	10	0	41	0	5	0	0	4	5	0	0	0	32	20	4	28	47	29	0	50	420	40	19	25	47	30	25	29	10	4	27	45	10	0	41	48	40	25	5	0	0	4	5	0	0	0	32	20	4	27	47	29	0	41	48	40	26	4	9	0	0	2	0	26	0	5	0	0	4	5	0	0	0	32	20	4	27	47	29	0	41	53	42	41	4	19	0	0	5	0	41	0	8	10	0	0	10	0	41	0	5	0	0	4	5	0	0	0	32	20	4	28	47	29	0	50
609	593	66	51	68	577	58	48	46	66	51	68	37	36	22	80	55	24	0	50	561	55	48	19	58	48	46	33	36	22	8	55	24	0	41	66	51	68	15	0	12	18	9	0	0	88	37	36	22	80	55	24	0	50	545	51	36	17	55	48	19	32	36	18	8	53	24	0	41	58	48	46	15	0	11	14	9	0	0	20	33	36	22	8	55	24	0	41	66	51	68	19	0	30	10	24	0	68	0	15	0	12	18	9	0	0	88	37	36	22	80	55	24	0	50	529	39	0	15	51	36	17	28	0	14	8	46	0	0	41	55	48	19	4	0	0	10	4	0	0	10	32	36	18	8	53	24	0	41	58	48	46	5	0	21	6	4	0	46	0	15	0	11	14	9	0	0	20	33	36	22	8	55	24	0	41	66	51	68	6	0	21	6	16	0	204	0	19	0	30	10	24	0	68	0	15	0	12	18	9	0	0	88	37	36	22	80	55	24	0	50
514	500	75	64	24	486	66	56	23	75	64	24	59	12	32	5	69	20	24	0	472	64	56	20	66	56	23	55	12	32	4	67	20	23	0	75	64	24	34	0	0	18	19	0	0	0	59	12	32	5	69	20	24	0	458	56	48	17	64	56	20	55	12	28	4	66	20	20	0	66	56	23	32	0	0	14	17	0	0	0	55	12	32	4	67	20	23	0	75	64	24	25	60	0	14	32	44	0	0	34	0	0	18	19	0	0	0	59	12	32	5	69	20	24	0	444	45	16	13	56	48	17	43	8	22	4	57	15	17	0	64	56	20	22	0	0	10	14	0	0	0	55	12	28	4	66	20	20	0	66	56	23	15	32	0	8	10	16	0	0	32	0	0	14	17	0	0	0	55	12	32	4	67	20	23	0	75	64	24	19	32	0	10	26	14	96	0	25	60	0	14	32	44	0	0	34	0	0	18	19	0	0	0	59	12	32	5	69	20	24	0
637	620	83	96	47	603	72	76	45	83	96	47	62	32	43	16	82	46	94	0	586	65	50	30	72	76	45	56	0	43	4	73	44	90	0	83	96	47	24	100	34	28	24	42	94	58	62	32	43	16	82	46	94	0	569	55	40	23	65	50	30	55	0	38	4	68	30	60	0	72	76	45	22	80	33	20	20	36	90	11	56	0	43	4	73	44	90	0	83	96	47	22	80	12	38	36	72	0	0	24	100	34	28	24	42	94	58	62	32	43	16	82	46	94	0	552	42	0	13	55	40	23	37	0	28	4	56	24	46	0	65	50	30	21	0	20	10	15	10	60	3	55	0	38	4	68	30	60	0	72	76	45	18	0	11	8	12	24	0	0	22	80	33	20	20	36	90	11	56	0	43	4	73	44	90	0	83	96	47	21	0	12	10	26	40	235	5	22	80	12	38	36	72	0	0	24	100	34	28	24	42	94	58	62	32	43	16	82	46	94	0
733	712	107	166	63	691	91	151	38	107	166	63	95	178	40	64	162	159	0	71	670	86	140	38	91	151	38	85	162	22	64	143	135	0	68	107	166	63	31	135	0	0	34	68	0	0	95	178	40	64	162	159	0	71	649	69	93	35	86	140	38	85	149	22	57	137	127	0	50	91	151	38	19	115	0	0	24	56	0	0	85	162	22	64	143	135	0	68	107	166	63	13	113	68	24	19	56	252	0	31	135	0	0	34	68	0	0	95	178	40	64	162	159	0	71	628	59	69	25	69	93	35	69	67	20	45	117	92	0	40	86	140	38	18	107	0	0	24	56	0	0	85	149	22	57	137	127	0	50	91	151	38	10	103	0	16	19	54	152	0	19	115	0	0	24	56	0	0	85	162	22	64	143	135	0	68	107	166	63	17	62	7	56	13	51	126	0	13	113	68	24	19	56	252	0	31	135	0	0	34	68	0	0	95	178	40	64	162	159	0	71
476	463	75	46	36	450	59	40	23	75	46	36	54	48	16	37	93	104	0	47	437	55	40	23	59	40	23	45	48	0	37	71	88	0	45	75	46	36	38	0	0	0	28	38	0	0	54	48	16	37	93	104	0	47	424	37	24	21	55	40	23	45	48	0	31	65	88	0	30	59	40	23	19	0	0	0	18	32	0	0	45	48	0	37	71	88	0	45	75	46	36	19	0	40	14	18	16	72	0	38	0	0	0	28	38	0	0	54	48	16	37	93	104	0	47	411	29	0	15	37	24	21	28	0	0	23	49	64	0	23	55	40	23	18	0	0	0	18	32	0	0	45	48	0	31	65	88	0	30	59	40	23	15	0	0	10	18	16	46	0	19	0	0	0	18	32	0	0	45	48	0	37	71	88	0	45	75	46	36	17	0	7	32	14	10	108	0	19	0	40	14	18	16	72	0	38	0	0	0	28	38	0	0	54	48	16	37	93	104	0	47
328	319	26	27	6	310	18	20	6	26	27	6	18	15	6	0	42	31	6	0	301	14	17	6	18	20	6	12	15	6	0	31	25	6	0	26	27	6	6	12	0	0	16	25	0	0	18	15	6	0	42	31	6	0	292	6	4	6	14	17	6	12	12	6	0	26	22	6	0	18	20	6	0	0	0	0	9	15	0	0	12	15	6	0	31	25	6	0	26	27	6	0	4	0	0	4	10	18	0	6	12	0	0	16	25	0	0	18	15	6	0	42	31	6	0	283	0	0	4	6	4	6	0	0	6	0	16	8	6	0	14	17	6	0	0	0	0	9	14	0	0	12	12	6	0	26	22	6	0	18	20	6	0	0	0	0	4	10	18	0	0	0	0	0	9	15	0	0	12	15	6	0	31	25	6	0	26	27	6	0	0	0	8	2	0	6	0	0	4	0	0	4	10	18	0	6	12	0	0	16	25	0	0	18	15	6	0	42	31	6	0
324	315	48	26	0	306	34	20	0	48	26	0	37	24	0	0	70	60	0	0	297	30	20	0	34	20	0	28	24	0	0	49	44	0	0	48	26	0	22	0	0	0	21	22	0	0	37	24	0	0	70	60	0	0	288	17	12	0	30	20	0	28	24	0	0	43	44	0	0	34	20	0	13	0	0	0	14	16	0	0	28	24	0	0	49	44	0	0	48	26	0	16	0	0	0	10	8	0	0	22	0	0	0	21	22	0	0	37	24	0	0	70	60	0	0	279	10	0	0	17	12	0	11	0	0	0	30	32	0	0	30	20	0	12	0	0	0	14	16	0	0	28	24	0	0	43	44	0	0	34	20	0	12	0	0	0	10	8	0	0	13	0	0	0	14	16	0	0	28	24	0	0	49	44	0	0	48	26	0	8	0	0	0	6	6	0	0	16	0	0	0	10	8	0	0	22	0	0	0	21	22	0	0	37	24	0	0	70	60	0	0
258	251	20	16	0	244	17	10	0	20	16	0	17	0	0	0	35	10	0	0	237	14	6	0	17	10	0	15	0	0	0	30	10	0	0	20	16	0	3	12	0	0	14	11	0	0	17	0	0	0	35	10	0	0	230	7	0	0	14	6	0	15	0	0	0	27	6	0	0	17	10	0	0	0	0	0	11	5	0	0	15	0	0	0	30	10	0	0	20	16	0	1	0	0	0	6	0	0	0	3	12	0	0	14	11	0	0	17	0	0	0	35	10	0	0	223	0	0	0	7	0	0	0	0	0	0	18	0	0	0	14	6	0	0	0	0	0	11	3	0	0	15	0	0	0	27	6	0	0	17	10	0	0	0	0	0	6	0	0	0	0	0	0	0	11	5	0	0	15	0	0	0	30	10	0	0	20	16	0	0	0	0	0	2	0	0	0	1	0	0	0	6	0	0	0	3	12	0	0	14	11	0	0	17	0	0	0	35	10	0	0
294	286	16	7	37	278	15	7	26	16	7	37	5	0	0	34	12	0	0	6	270	2	0	17	15	7	26	3	0	0	17	10	0	0	6	16	7	37	0	0	68	11	5	0	37	47	5	0	0	34	12	0	0	6	262	1	0	17	2	0	17	0	0	0	17	2	0	0	6	15	7	26	0	0	40	11	5	0	26	45	3	0	0	17	10	0	0	6	16	7	37	0	0	4	0	4	0	0	0	0	0	68	11	5	0	37	47	5	0	0	34	12	0	0	6	254	1	0	16	1	0	17	0	0	0	16	0	0	0	6	2	0	17	0	0	0	10	2	0	17	30	0	0	0	17	2	0	0	6	15	7	26	0	0	0	0	4	0	0	0	0	0	40	11	5	0	26	45	3	0	0	17	10	0	0	6	16	7	37	0	0	0	10	0	0	0	0	0	0	4	0	4	0	0	0	0	0	68	11	5	0	37	47	5	0	0	34	12	0	0	6
365	355	20	23	37	345	10	14	34	20	23	37	1	14	14	28	15	14	37	0	335	2	0	23	10	14	34	0	0	14	11	6	0	34	0	20	23	37	0	0	64	35	1	0	74	47	1	14	14	28	15	14	37	0	325	2	0	22	2	0	23	0	0	12	11	3	0	23	0	10	14	34	0	0	54	33	1	0	68	45	0	0	14	11	6	0	34	0	20	23	37	0	0	0	11	2	0	0	0	0	0	64	35	1	0	74	47	1	14	14	28	15	14	37	0	315	2	0	10	2	0	22	0	0	11	10	3	0	22	0	2	0	23	0	0	12	10	0	0	46	30	0	0	12	11	3	0	23	0	10	14	34	0	0	0	0	2	0	0	0	0	0	54	33	1	0	68	45	0	0	14	11	6	0	34	0	20	23	37	0	0	0	10	0	0	0	58	0	0	0	11	2	0	0	0	0	0	64	35	1	0	74	47	1	14	14	28	15	14	37	0
292	284	11	16	18	276	2	0	18	11	16	18	2	0	10	0	7	16	72	0	268	0	0	18	2	0	18	0	0	10	0	0	0	72	0	11	16	18	0	0	0	0	0	0	0	0	2	0	10	0	7	16	72	0	260	0	0	8	0	0	18	0	0	10	0	0	0	72	0	2	0	18	0	0	0	0	0	0	0	0	0	0	10	0	0	0	72	0	11	16	18	0	0	0	16	0	0	0	49	0	0	0	0	0	0	0	0	2	0	10	0	7	16	72	0	252	0	0	0	0	0	8	0	0	8	0	0	0	32	0	0	0	18	0	0	0	0	0	0	0	0	0	0	10	0	0	0	72	0	2	0	18	0	0	0	0	0	0	0	10	0	0	0	0	0	0	0	0	0	0	10	0	0	0	72	0	11	16	18	0	0	0	0	0	0	0	33	0	0	0	16	0	0	0	49	0	0	0	0	0	0	0	0	2	0	10	0	7	16	72	0
183	178	9	4	3	173	5	4	0	9	4	3	2	0	0	0	7	0	0	0	168	0	0	0	5	4	0	0	0	0	0	2	0	0	0	9	4	3	0	0	6	0	1	0	3	0	2	0	0	0	7	0	0	0	163	0	0	0	0	0	0	0	0	0	0	0	0	0	0	5	4	0	0	0	0	0	1	0	0	0	0	0	0	0	2	0	0	0	9	4	3	0	0	0	0	0	0	0	0	0	0	6	0	1	0	3	0	2	0	0	0	7	0	0	0	158	0	0	0	0	0	0	0	0	0	0	0	0	0	0	0	0	0	0	0	0	0	0	0	0	0	0	0	0	0	0	0	0	0	5	4	0	0	0	0	0	0	0	0	0	0	0	0	0	1	0	0	0	0	0	0	0	2	0	0	0	9	4	3	0	0	0	0	0	0	0	0	0	0	0	0	0	0	0	0	0	0	6	0	1	0	3	0	2	0	0	0	7	0	0	0
219	213	11	9	0	207	3	0	0	11	9	0	2	0	0	0	6	9	0	0	201	0	0	0	3	0	0	0	0	0	0	0	0	0	0	11	9	0	0	0	0	0	0	0	0	0	2	0	0	0	6	9	0	0	195	0	0	0	0	0	0	0	0	0	0	0	0	0	0	3	0	0	0	0	0	0	0	0	0	0	0	0	0	0	0	0	0	0	11	9	0	0	0	0	0	0	0	0	0	0	0	0	0	0	0	0	0	2	0	0	0	6	9	0	0	189	0	0	0	0	0	0	0	0	0	0	0	0	0	0	0	0	0	0	0	0	0	0	0	0	0	0	0	0	0	0	0	0	0	3	0	0	0	0	0	0	0	0	0	0	0	0	0	0	0	0	0	0	0	0	0	0	0	0	0	0	11	9	0	0	0	0	0	0	0	0	0	0	0	0	0	0	0	0	0	0	0	0	0	0	0	0	0	2	0	0	0	6	9	0	0
466	453	9	22	62	440	1	0	46	9	22	62	0	0	39	24	3	0	124	55	427	1	0	46	1	0	46	0	0	24	24	3	0	92	52	9	22	62	0	0	0	0	0	0	0	0	0	0	39	24	3	0	124	55	414	1	0	43	1	0	46	0	0	24	22	3	0	92	41	1	0	46	0	0	0	0	0	0	0	0	0	0	24	24	3	0	92	52	9	22	62	0	0	0	33	0	0	0	0	0	0	0	0	0	0	0	0	0	0	39	24	3	0	124	55	401	1	0	36	1	0	43	0	0	21	19	3	0	86	30	1	0	46	0	0	0	0	0	0	0	0	0	0	24	22	3	0	92	41	1	0	46	0	0	0	27	0	0	0	0	0	0	0	0	0	0	0	0	0	0	24	24	3	0	92	52	9	22	62	0	0	0	47	0	0	0	0	0	0	0	33	0	0	0	0	0	0	0	0	0	0	0	0	0	0	39	24	3	0	124	55
251	244	6	6	14	237	0	0	10	6	6	14	0	0	10	0	0	0	14	18	230	0	0	10	0	0	10	0	0	10	0	0	0	10	18	6	6	14	0	0	0	0	0	0	0	0	0	0	10	0	0	0	14	18	223	0	0	9	0	0	10	0	0	10	0	0	0	10	18	0	0	10	0	0	0	0	0	0	0	0	0	0	10	0	0	0	10	18	6	6	14	0	0	0	9	0	0	0	0	0	0	0	0	0	0	0	0	0	0	10	0	0	0	14	18	216	0	0	5	0	0	9	0	0	9	0	0	0	9	8	0	0	10	0	0	0	0	0	0	0	0	0	0	10	0	0	0	10	18	0	0	10	0	0	0	5	0	0	0	0	0	0	0	0	0	0	0	0	0	0	10	0	0	0	10	18	6	6	14	0	0	0	20	0	0	0	0	0	0	0	9	0	0	0	0	0	0	0	0	0	0	0	0	0	0	10	0	0	0	14	18
286	278	10	12	21	270	2	0	21	10	12	21	1	0	45	0	1	0	42	0	262	2	0	21	2	0	21	1	0	45	0	1	0	42	0	10	12	21	0	0	0	0	0	0	0	0	1	0	45	0	1	0	42	0	254	2	0	0	2	0	21	1	0	45	0	1	0	42	0	2	0	21	0	0	0	0	0	0	0	0	1	0	45	0	1	0	42	0	10	12	21	1	0	0	0	0	0	0	109	0	0	0	0	0	0	0	0	1	0	45	0	1	0	42	0	246	1	0	0	2	0	0	1	0	0	0	1	0	0	0	2	0	21	0	0	0	0	0	0	0	0	1	0	45	0	1	0	42	0	2	0	21	0	0	0	0	0	0	0	72	0	0	0	0	0	0	0	0	1	0	45	0	1	0	42	0	10	12	21	1	0	9	0	0	0	0	0	1	0	0	0	0	0	0	109	0	0	0	0	0	0	0	0	1	0	45	0	1	0	42	0
216	210	6	0	7	204	0	0	0	6	0	7	0	0	0	0	0	0	0	18	198	0	0	0	0	0	0	0	0	0	0	0	0	0	18	6	0	7	0	0	0	0	0	0	0	0	0	0	0	0	0	0	0	18	192	0	0	0	0	0	0	0	0	0	0	0	0	0	18	0	0	0	0	0	0	0	0	0	0	0	0	0	0	0	0	0	0	18	6	0	7	0	0	0	0	0	0	0	0	0	0	0	0	0	0	0	0	0	0	0	0	0	0	0	18	186	0	0	0	0	0	0	0	0	0	0	0	0	0	8	0	0	0	0	0	0	0	0	0	0	0	0	0	0	0	0	0	0	18	0	0	0	0	0	0	0	0	0	0	0	0	0	0	0	0	0	0	0	0	0	0	0	0	0	0	18	6	0	7	0	0	0	0	0	0	0	0	0	0	0	0	0	0	0	0	0	0	0	0	0	0	0	0	0	0	0	0	0	0	0	18
251	244	5	6	7	237	0	0	0	5	6	7	0	0	0	0	0	0	7	18	230	0	0	0	0	0	0	0	0	0	0	0	0	0	18	5	6	7	0	0	0	0	0	0	0	0	0	0	0	0	0	0	7	18	223	0	0	0	0	0	0	0	0	0	0	0	0	0	18	0	0	0	0	0	0	0	0	0	0	0	0	0	0	0	0	0	0	18	5	6	7	0	0	0	0	0	0	0	0	0	0	0	0	0	0	0	0	0	0	0	0	0	0	7	18	216	0	0	0	0	0	0	0	0	0	0	0	0	0	8	0	0	0	0	0	0	0	0	0	0	0	0	0	0	0	0	0	0	18	0	0	0	0	0	0	0	0	0	0	0	0	0	0	0	0	0	0	0	0	0	0	0	0	0	0	18	5	6	7	0	0	0	0	0	0	0	0	0	0	0	0	0	0	0	0	0	0	0	0	0	0	0	0	0	0	0	0	0	0	7	18
420	408	3	0	98	396	3	0	64	3	0	98	1	0	0	54	4	0	0	104	384	3	0	54	3	0	64	1	0	0	46	4	0	0	77	3	0	98	0	0	0	34	0	0	0	37	1	0	0	54	4	0	0	104	372	2	0	51	3	0	54	1	0	0	46	4	0	0	77	3	0	64	0	0	0	30	0	0	0	34	1	0	0	46	4	0	0	77	3	0	98	0	0	8	23	0	0	0	0	0	0	0	34	0	0	0	37	1	0	0	54	4	0	0	104	360	1	0	21	2	0	51	0	0	0	30	3	0	0	52	3	0	54	0	0	0	12	0	0	0	23	1	0	0	46	4	0	0	77	3	0	64	0	0	8	0	0	0	0	0	0	0	0	30	0	0	0	34	1	0	0	46	4	0	0	77	3	0	98	0	0	8	33	0	0	0	139	0	0	8	23	0	0	0	0	0	0	0	34	0	0	0	37	1	0	0	54	4	0	0	104
350	340	15	0	69	330	12	0	50	15	0	69	9	0	18	21	15	0	0	83	320	11	0	48	12	0	50	7	0	18	21	8	0	0	67	15	0	69	9	0	9	20	6	0	0	0	9	0	18	21	15	0	0	83	310	5	0	36	11	0	48	5	0	18	21	7	0	0	67	12	0	50	3	0	9	16	1	0	0	0	7	0	18	21	8	0	0	67	15	0	69	3	0	36	23	2	0	0	63	9	0	9	20	6	0	0	0	9	0	18	21	15	0	0	83	300	2	0	0	5	0	36	1	0	0	0	1	0	0	43	11	0	48	2	0	9	0	1	0	0	0	5	0	18	21	7	0	0	67	12	0	50	1	0	35	0	2	0	0	38	3	0	9	16	1	0	0	0	7	0	18	21	8	0	0	67	15	0	69	2	0	27	0	3	0	0	180	3	0	36	23	2	0	0	63	9	0	9	20	6	0	0	0	9	0	18	21	15	0	0	83
455	442	17	0	71	429	11	0	69	17	0	71	10	0	23	19	24	0	0	0	416	9	0	46	11	0	69	6	0	23	12	10	0	0	0	17	0	71	9	0	9	30	10	0	0	77	10	0	23	19	24	0	0	0	403	4	0	27	9	0	46	4	0	22	12	6	0	0	0	11	0	69	3	0	9	16	1	0	0	60	6	0	23	12	10	0	0	0	17	0	71	3	0	26	23	2	0	0	69	9	0	9	30	10	0	0	77	10	0	23	19	24	0	0	0	390	2	0	0	4	0	27	1	0	0	0	1	0	0	0	9	0	46	2	0	9	0	1	0	0	40	4	0	22	12	6	0	0	0	11	0	69	1	0	26	0	2	0	0	44	3	0	9	16	1	0	0	60	6	0	23	12	10	0	0	0	17	0	71	2	0	17	0	3	0	0	139	3	0	26	23	2	0	0	69	9	0	9	30	10	0	0	77	10	0	23	19	24	0	0	0
413	401	26	29	46	389	11	20	46	26	29	46	14	0	59	0	42	38	46	0	377	7	18	43	11	20	46	6	0	59	0	10	20	46	0	26	29	46	7	18	9	24	14	18	0	0	14	0	59	0	42	38	46	0	365	4	0	15	7	18	43	4	0	58	0	4	18	43	0	11	20	46	3	0	9	16	1	0	0	0	6	0	59	0	10	20	46	0	26	29	46	3	0	26	23	2	0	92	105	7	18	9	24	14	18	0	0	14	0	59	0	42	38	46	0	353	2	0	0	4	0	15	1	0	0	0	1	0	15	0	7	18	43	2	0	9	0	1	0	0	0	4	0	58	0	4	18	43	0	11	20	46	1	0	26	0	2	0	92	67	3	0	9	16	1	0	0	0	6	0	59	0	10	20	46	0	26	29	46	2	0	17	0	5	0	0	71	3	0	26	23	2	0	92	105	7	18	9	24	14	18	0	0	14	0	59	0	42	38	46	0
381	370	29	26	43	359	11	8	43	29	26	43	11	16	59	0	49	70	86	0	348	8	0	38	11	8	43	5	0	59	0	12	24	86	0	29	26	43	9	0	9	30	14	16	43	0	11	16	59	0	49	70	86	0	337	4	0	8	8	0	38	3	0	58	0	9	0	76	0	11	8	43	3	0	9	16	1	0	43	0	5	0	59	0	12	24	86	0	29	26	43	3	0	18	16	2	0	0	105	9	0	9	30	14	16	43	0	11	16	59	0	49	70	86	0	326	3	0	0	4	0	8	1	0	0	0	5	0	16	0	8	0	38	2	0	9	0	1	0	38	0	3	0	58	0	9	0	76	0	11	8	43	1	0	18	0	2	0	0	67	3	0	9	16	1	0	43	0	5	0	59	0	12	24	86	0	29	26	43	2	0	9	0	5	0	0	47	3	0	18	16	2	0	0	105	9	0	9	30	14	16	43	0	11	16	59	0	49	70	86	0
537	520	72	104	38	503	44	73	30	72	104	38	50	78	13	60	134	204	114	0	486	38	63	30	44	73	30	43	52	9	60	88	152	90	0	72	104	38	14	24	35	0	15	16	38	0	50	78	13	60	134	204	114	0	469	34	59	30	38	63	30	40	52	9	60	83	143	90	0	44	73	30	13	21	27	0	9	14	30	0	43	52	9	60	88	152	90	0	72	104	38	5	36	22	0	11	24	0	0	14	24	35	0	15	16	38	0	50	78	13	60	134	204	114	0	452	28	49	7	34	59	30	32	50	9	0	73	140	90	0	38	63	30	8	13	27	0	9	13	30	0	40	52	9	60	83	143	90	0	44	73	30	4	12	18	0	9	24	0	0	13	21	27	0	9	14	30	0	43	52	9	60	88	152	90	0	72	104	38	8	24	40	14	5	24	38	99	5	36	22	0	11	24	0	0	14	24	35	0	15	16	38	0	50	78	13	60	134	204	114	0
402	390	41	36	54	378	27	16	26	41	36	54	36	32	21	75	73	52	108	89	366	22	0	26	27	16	26	31	0	9	75	55	16	52	89	41	36	54	9	0	44	0	7	0	108	0	36	32	21	75	73	52	108	89	354	21	0	25	22	0	26	29	0	9	72	50	0	52	81	27	16	26	8	0	18	0	7	0	52	0	31	0	9	75	55	16	52	89	41	36	54	5	0	13	4	4	0	0	0	9	0	44	0	7	0	108	0	36	32	21	75	73	52	108	89	342	19	0	0	21	0	25	28	0	9	0	50	0	50	23	22	0	26	5	0	18	0	7	0	52	0	29	0	9	72	50	0	52	81	27	16	26	1	0	9	0	4	0	0	0	8	0	18	0	7	0	52	0	31	0	9	75	55	16	52	89	41	36	54	2	0	13	0	4	0	0	105	5	0	13	4	4	0	0	0	9	0	44	0	7	0	108	0	36	32	21	75	73	52	108	89
337	327	33	21	24	317	17	0	12	33	21	24	17	0	8	24	68	35	72	43	307	14	0	12	17	0	12	10	0	0	24	44	0	36	43	33	21	24	2	0	0	0	2	0	0	0	17	0	8	24	68	35	72	43	297	14	0	12	14	0	12	10	0	0	24	41	0	36	38	17	0	12	2	0	0	0	2	0	0	0	10	0	0	24	44	0	36	43	33	21	24	4	0	0	0	2	0	0	0	2	0	0	0	2	0	0	0	17	0	8	24	68	35	72	43	287	13	0	0	14	0	12	10	0	0	0	41	0	36	8	14	0	12	1	0	0	0	2	0	0	0	10	0	0	24	41	0	36	38	17	0	12	1	0	0	0	2	0	0	0	2	0	0	0	2	0	0	0	10	0	0	24	44	0	36	43	33	21	24	2	0	0	0	2	0	0	36	4	0	0	0	2	0	0	0	2	0	0	0	2	0	0	0	17	0	8	24	68	35	72	43
188	182	26	12	0	176	10	8	0	26	12	0	11	4	0	0	50	25	0	0	170	9	8	0	10	8	0	8	4	0	0	24	20	0	0	26	12	0	2	0	0	0	4	0	0	0	11	4	0	0	50	25	0	0	164	9	8	0	9	8	0	8	4	0	0	23	20	0	0	10	8	0	2	0	0	0	2	0	0	0	8	4	0	0	24	20	0	0	26	12	0	4	0	0	0	4	0	0	0	2	0	0	0	4	0	0	0	11	4	0	0	50	25	0	0	158	8	8	0	9	8	0	8	4	0	0	23	20	0	0	9	8	0	1	0	0	0	2	0	0	0	8	4	0	0	23	20	0	0	10	8	0	1	0	0	0	2	0	0	0	2	0	0	0	2	0	0	0	8	4	0	0	24	20	0	0	26	12	0	2	0	0	0	2	0	0	0	4	0	0	0	4	0	0	0	2	0	0	0	4	0	0	0	11	4	0	0	50	25	0	0
234	227	28	12	0	220	15	0	0	28	12	0	13	0	0	0	59	18	0	0	213	14	0	0	15	0	0	10	0	0	0	42	0	0	0	28	12	0	2	0	0	0	2	0	0	0	13	0	0	0	59	18	0	0	206	14	0	0	14	0	0	10	0	0	0	41	0	0	0	15	0	0	2	0	0	0	2	0	0	0	10	0	0	0	42	0	0	0	28	12	0	4	0	0	0	2	0	0	0	2	0	0	0	2	0	0	0	13	0	0	0	59	18	0	0	199	13	0	0	14	0	0	10	0	0	0	41	0	0	0	14	0	0	1	0	0	0	2	0	0	0	10	0	0	0	41	0	0	0	15	0	0	1	0	0	0	2	0	0	0	2	0	0	0	2	0	0	0	10	0	0	0	42	0	0	0	28	12	0	2	0	0	0	2	0	0	0	4	0	0	0	2	0	0	0	2	0	0	0	2	0	0	0	13	0	0	0	59	18	0	0
464	449	53	58	44	434	26	44	13	53	58	44	31	44	54	26	93	152	44	116	419	24	44	9	26	44	13	28	44	26	18	59	132	13	68	53	58	44	8	0	15	36	12	13	0	0	31	44	54	26	93	152	44	116	404	22	44	9	24	44	9	27	44	18	18	59	132	9	68	26	44	13	5	0	13	36	6	11	0	0	28	44	26	18	59	132	13	68	53	58	44	1	0	23	0	4	0	0	0	8	0	15	36	12	13	0	0	31	44	54	26	93	152	44	116	389	22	44	9	22	44	9	27	44	18	18	59	132	9	67	24	44	9	5	0	9	36	6	11	0	0	27	44	18	18	59	132	9	68	26	44	13	1	0	13	0	4	0	0	0	5	0	13	36	6	11	0	0	28	44	26	18	59	132	13	68	53	58	44	2	0	0	0	4	0	0	0	1	0	23	0	4	0	0	0	8	0	15	36	12	13	0	0	31	44	54	26	93	152	44	116
418	405	39	39	36	392	22	12	8	39	39	36	30	0	24	16	70	75	108	116	379	22	12	0	22	12	8	30	0	0	0	58	48	24	68	39	39	36	6	0	0	0	6	0	0	43	30	0	24	16	70	75	108	116	366	21	12	0	22	12	0	30	0	0	0	58	48	0	68	22	12	8	5	0	0	0	6	0	0	43	30	0	0	0	58	48	24	68	39	39	36	1	0	8	0	2	0	0	0	6	0	0	0	6	0	0	43	30	0	24	16	70	75	108	116	353	21	12	0	21	12	0	30	0	0	0	58	48	0	67	22	12	0	5	0	0	0	6	0	0	38	30	0	0	0	58	48	0	68	22	12	8	1	0	0	0	2	0	0	0	5	0	0	0	6	0	0	43	30	0	0	0	58	48	24	68	39	39	36	2	0	0	0	2	0	0	0	1	0	8	0	2	0	0	0	6	0	0	0	6	0	0	43	30	0	24	16	70	75	108	116
314	304	32	24	18	294	12	16	0	32	24	18	9	8	8	0	58	83	18	62	284	12	16	0	12	16	0	9	8	0	0	31	72	0	42	32	24	18	2	0	0	0	6	0	0	0	9	8	8	0	58	83	18	62	274	11	16	0	12	16	0	9	8	0	0	31	72	0	42	12	16	0	1	0	0	0	2	0	0	0	9	8	0	0	31	72	0	42	32	24	18	1	0	8	0	2	0	0	0	2	0	0	0	6	0	0	0	9	8	8	0	58	83	18	62	264	11	16	0	11	16	0	9	8	0	0	31	72	0	42	12	16	0	1	0	0	0	2	0	0	0	9	8	0	0	31	72	0	42	12	16	0	1	0	0	0	2	0	0	0	1	0	0	0	2	0	0	0	9	8	0	0	31	72	0	42	32	24	18	2	0	0	0	2	0	0	0	1	0	8	0	2	0	0	0	2	0	0	0	6	0	0	0	9	8	8	0	58	83	18	62
197	191	19	5	3	185	9	0	0	19	5	3	6	0	0	0	38	5	3	0	179	9	0	0	9	0	0	6	0	0	0	29	0	0	0	19	5	3	0	0	0	0	1	0	0	0	6	0	0	0	38	5	3	0	173	9	0	0	9	0	0	6	0	0	0	29	0	0	0	9	0	0	0	0	0	0	1	0	0	0	6	0	0	0	29	0	0	0	19	5	3	0	0	0	0	0	0	0	0	0	0	0	0	1	0	0	0	6	0	0	0	38	5	3	0	167	9	0	0	9	0	0	6	0	0	0	29	0	0	0	9	0	0	0	0	0	0	1	0	0	0	6	0	0	0	29	0	0	0	9	0	0	0	0	0	0	0	0	0	0	0	0	0	0	1	0	0	0	6	0	0	0	29	0	0	0	19	5	3	0	0	0	0	0	0	0	0	0	0	0	0	0	0	0	0	0	0	0	0	1	0	0	0	6	0	0	0	38	5	3	0
309	299	34	33	0	289	20	16	0	34	33	0	28	8	0	0	61	48	0	0	279	20	16	0	20	16	0	28	8	0	0	53	32	0	0	34	33	0	4	0	0	0	5	0	0	0	28	8	0	0	61	48	0	0	269	20	16	0	20	16	0	28	8	0	0	53	32	0	0	20	16	0	4	0	0	0	5	0	0	0	28	8	0	0	53	32	0	0	34	33	0	0	0	0	0	0	0	0	0	4	0	0	0	5	0	0	0	28	8	0	0	61	48	0	0	259	20	16	0	20	16	0	28	8	0	0	53	32	0	0	20	16	0	4	0	0	0	5	0	0	0	28	8	0	0	53	32	0	0	20	16	0	0	0	0	0	0	0	0	0	4	0	0	0	5	0	0	0	28	8	0	0	53	32	0	0	34	33	0	0	0	0	0	0	0	0	0	0	0	0	0	0	0	0	0	4	0	0	0	5	0	0	0	28	8	0	0	61	48	0	0
262	253	37	26	8	244	25	18	8	37	26	8	36	0	32	0	47	30	16	0	235	25	18	8	25	18	8	36	0	32	0	46	30	16	0	37	26	8	5	0	0	0	6	0	0	0	36	0	32	0	47	30	16	0	226	25	18	8	25	18	8	36	0	32	0	46	30	16	0	25	18	8	5	0	0	0	6	0	0	0	36	0	32	0	46	30	16	0	37	26	8	0	0	0	0	0	0	0	0	5	0	0	0	6	0	0	0	36	0	32	0	47	30	16	0	217	25	18	8	25	18	8	36	0	32	0	46	30	16	0	25	18	8	5	0	0	0	6	0	0	0	36	0	32	0	46	30	16	0	25	18	8	0	0	0	0	0	0	0	0	5	0	0	0	6	0	0	0	36	0	32	0	46	30	16	0	37	26	8	0	0	0	0	0	0	0	0	0	0	0	0	0	0	0	0	5	0	0	0	6	0	0	0	36	0	32	0	47	30	16	0
351	340	37	10	70	329	28	0	54	37	10	70	38	0	64	31	59	0	70	36	318	26	0	43	28	0	54	33	0	63	13	56	0	54	8	37	10	70	7	0	25	35	10	0	0	54	38	0	64	31	59	0	70	36	307	26	0	26	26	0	43	33	0	61	9	56	0	43	0	28	0	54	7	0	24	18	10	0	0	26	33	0	63	13	56	0	54	8	37	10	70	0	0	0	68	2	0	0	46	7	0	25	35	10	0	0	54	38	0	64	31	59	0	70	36	296	26	0	26	26	0	26	33	0	53	9	56	0	26	0	26	0	43	7	0	22	18	10	0	0	26	33	0	61	9	56	0	43	0	28	0	54	0	0	0	68	2	0	0	46	7	0	24	18	10	0	0	26	33	0	63	13	56	0	54	8	37	10	70	0	0	0	0	3	0	0	0	0	0	0	68	2	0	0	46	7	0	25	35	10	0	0	54	38	0	64	31	59	0	70	36
637	615	83	153	79	593	50	121	50	83	153	79	49	276	62	55	114	323	79	80	571	40	117	31	50	121	50	28	260	61	13	87	291	50	21	83	153	79	6	52	66	35	15	56	0	92	49	276	62	55	114	323	79	80	549	40	117	27	40	117	31	28	260	58	9	87	286	31	9	50	121	50	6	52	62	27	11	52	0	56	28	260	61	13	87	291	50	21	83	153	79	3	0	0	36	8	0	0	0	6	52	66	35	15	56	0	92	49	276	62	55	114	323	79	80	527	40	117	27	40	117	27	28	260	54	9	87	286	27	9	40	117	31	6	52	49	27	11	52	0	56	28	260	58	9	87	286	31	9	50	121	50	3	0	0	36	8	0	0	0	6	52	62	27	11	52	0	56	28	260	61	13	87	291	50	21	83	153	79	8	0	0	0	8	0	0	0	3	0	0	36	8	0	0	0	6	52	66	35	15	56	0	92	49	276	62	55	114	323	79	80
320	309	31	37	15	298	19	28	11	31	37	15	27	21	11	0	43	44	15	0	287	19	28	11	19	28	11	27	21	11	0	41	42	11	0	31	37	15	5	0	0	0	6	0	0	0	27	21	11	0	43	44	15	0	276	19	28	10	19	28	11	27	21	11	0	41	42	11	0	19	28	11	5	0	0	0	6	0	0	0	27	21	11	0	41	42	11	0	31	37	15	0	0	0	10	0	0	0	0	5	0	0	0	6	0	0	0	27	21	11	0	43	44	15	0	265	19	28	9	19	28	10	27	21	10	0	41	42	10	0	19	28	11	5	0	0	0	6	0	0	0	27	21	11	0	41	42	11	0	19	28	11	0	0	0	9	0	0	0	0	5	0	0	0	6	0	0	0	27	21	11	0	41	42	11	0	31	37	15	0	0	0	9	0	0	0	0	0	0	0	10	0	0	0	0	5	0	0	0	6	0	0	0	27	21	11	0	43	44	15	0
319	309	31	9	35	299	26	0	10	31	9	35	31	0	0	0	60	0	35	57	289	26	0	9	26	0	10	31	0	0	0	60	0	10	8	31	9	35	5	0	0	9	6	0	0	0	31	0	0	0	60	0	35	57	279	26	0	0	26	0	9	31	0	0	0	60	0	9	0	26	0	10	5	0	0	0	6	0	0	0	31	0	0	0	60	0	10	8	31	9	35	0	0	0	0	0	0	0	46	5	0	0	9	6	0	0	0	31	0	0	0	60	0	35	57	269	26	0	0	26	0	0	31	0	0	0	60	0	0	0	26	0	9	5	0	0	0	6	0	0	0	31	0	0	0	60	0	9	0	26	0	10	0	0	0	0	0	0	0	46	5	0	0	0	6	0	0	0	31	0	0	0	60	0	10	8	31	9	35	0	0	0	0	0	0	0	0	0	0	0	0	0	0	0	46	5	0	0	9	6	0	0	0	31	0	0	0	60	0	35	57
463	446	75	75	79	429	62	71	76	75	75	79	38	44	39	26	90	93	0	0	412	62	71	76	62	71	76	38	44	37	26	89	92	0	0	75	75	79	12	0	0	0	8	0	0	0	38	44	39	26	90	93	0	0	395	62	71	76	62	71	76	38	44	37	26	89	92	0	0	62	71	76	12	0	0	0	8	0	0	0	38	44	37	26	89	92	0	0	75	75	79	0	0	0	0	5	0	0	0	12	0	0	0	8	0	0	0	38	44	39	26	90	93	0	0	378	62	71	76	62	71	76	38	44	37	26	89	92	0	0	62	71	76	12	0	0	0	8	0	0	0	38	44	37	26	89	92	0	0	62	71	76	0	0	0	0	3	0	0	0	12	0	0	0	8	0	0	0	38	44	37	26	89	92	0	0	73	75	79	0	0	0	0	12	0	0	0	0	0	0	0	5	0	0	0	12	0	0	0	8	0	0	0	38	44	39	26	88	93	0	0
427	412	49	56	64	397	43	50	59	49	56	64	27	60	0	8	64	50	0	8	382	43	50	59	43	50	59	27	60	0	8	64	50	0	8	49	56	64	7	0	0	0	4	0	0	0	27	60	0	8	64	50	0	8	367	43	50	59	43	50	59	27	60	0	8	64	50	0	8	43	50	59	7	0	0	0	4	0	0	0	27	60	0	8	64	50	0	8	49	56	64	0	0	0	0	1	0	0	0	7	0	0	0	4	0	0	0	27	60	0	8	64	50	0	8	352	43	50	59	43	50	59	27	60	0	8	64	50	0	8	43	50	59	7	0	0	0	4	0	0	0	27	60	0	8	64	50	0	8	43	50	59	0	0	0	0	1	0	0	0	7	0	0	0	4	0	0	0	27	60	0	8	64	50	0	8	48	56	64	0	0	0	0	3	0	0	0	0	0	0	0	1	0	0	0	7	0	0	0	4	0	0	0	27	60	0	8	63	50	0	8
554	535	60	77	114	516	47	71	66	60	77	114	54	87	29	81	78	145	0	207	497	45	70	65	47	71	66	44	84	25	79	73	140	0	133	60	77	114	6	14	0	15	8	28	0	0	54	87	29	81	78	145	0	207	478	45	70	63	45	70	65	44	84	24	75	73	140	0	102	47	71	66	6	14	0	13	8	28	0	0	44	84	25	79	73	140	0	133	60	77	114	0	0	0	26	2	0	0	0	6	14	0	15	8	28	0	0	54	87	29	81	78	145	0	207	459	45	70	54	45	70	63	44	84	22	62	73	140	0	71	45	70	65	6	14	0	9	8	28	0	0	44	84	24	75	73	140	0	102	47	71	66	0	0	0	18	0	0	0	0	6	14	0	13	8	28	0	0	44	84	25	79	73	140	0	133	60	77	114	0	0	0	78	5	0	0	0	0	0	0	26	2	0	0	0	6	14	0	15	8	28	0	0	54	87	29	81	78	145	0	207
394	380	80	57	44	366	69	45	41	80	57	44	49	36	39	26	99	57	44	0	352	69	45	41	69	45	41	49	36	37	26	98	54	41	0	80	57	44	24	0	0	0	15	0	0	0	49	36	39	26	99	57	44	0	338	69	45	41	69	45	41	49	36	37	26	98	54	41	0	69	45	41	24	0	0	0	14	0	0	0	49	36	37	26	98	54	41	0	80	57	44	16	0	0	0	13	0	0	0	24	0	0	0	15	0	0	0	49	36	39	26	99	57	44	0	324	67	45	41	69	45	41	49	36	37	26	98	54	41	0	69	45	41	24	0	0	0	14	0	0	0	49	36	37	26	98	54	41	0	69	45	41	14	0	0	0	9	0	0	0	24	0	0	0	14	0	0	0	49	36	37	26	98	54	41	0	78	57	44	10	0	0	0	13	18	0	0	16	0	0	0	13	0	0	0	24	0	0	0	15	0	0	0	49	36	39	26	97	57	44	0
495	475	101	135	95	455	80	115	92	101	135	95	60	0	127	28	127	138	190	0	435	80	115	92	80	115	92	60	0	122	28	125	138	184	0	98	135	95	33	0	0	0	16	0	0	0	60	0	127	28	124	138	190	0	415	80	115	91	80	115	92	60	0	122	27	125	138	184	0	77	115	92	33	0	0	0	15	0	0	0	60	0	122	28	122	138	184	0	96	135	95	27	0	0	9	23	0	0	0	33	0	0	0	16	0	0	0	56	0	127	28	120	138	190	0	395	77	115	91	80	115	91	60	0	119	27	125	138	182	0	77	115	92	33	0	0	0	15	0	0	0	60	0	122	27	122	138	184	0	75	115	92	24	0	0	9	13	0	0	0	33	0	0	0	15	0	0	0	56	0	122	28	118	138	184	0	92	135	95	24	0	0	0	27	39	0	0	27	0	0	9	23	0	0	0	29	0	0	0	16	0	0	0	52	0	127	28	114	138	190	0
434	418	91	80	86	402	83	73	58	91	80	86	59	75	0	119	140	84	0	139	386	81	70	55	83	73	58	57	75	0	110	132	80	0	133	91	80	86	36	30	0	28	23	24	0	0	59	75	0	119	140	84	0	139	370	74	65	55	81	70	55	55	69	0	110	128	77	0	133	83	73	58	28	27	0	28	17	20	0	0	57	75	0	110	132	80	0	133	91	80	86	27	47	0	0	16	60	0	0	36	30	0	28	23	24	0	0	59	75	0	119	140	84	0	139	354	67	54	54	74	65	55	47	63	0	109	108	73	0	132	81	70	55	26	27	0	27	17	20	0	0	55	69	0	110	128	77	0	133	83	73	58	23	45	0	0	11	51	0	0	28	27	0	28	17	20	0	0	57	75	0	110	132	80	0	133	90	80	86	20	18	24	9	12	39	86	0	27	47	0	0	16	60	0	0	36	30	0	28	23	24	0	0	59	75	0	119	139	84	0	139
411	396	67	39	108	381	63	38	92	67	39	108	44	12	0	75	112	26	0	95	366	62	38	91	63	38	92	42	12	0	74	108	26	0	92	66	39	108	18	0	0	10	9	0	0	0	44	12	0	75	111	26	0	95	351	57	38	91	62	38	91	40	12	0	74	103	26	0	92	62	38	92	14	0	0	10	8	0	0	0	42	12	0	74	107	26	0	92	66	39	108	14	0	0	0	16	13	0	0	18	0	0	10	9	0	0	0	44	12	0	75	111	26	0	95	336	50	38	90	57	38	91	34	12	0	73	84	26	0	91	61	38	91	13	0	0	9	8	0	0	0	40	12	0	74	102	26	0	92	62	38	92	11	0	0	0	15	12	0	0	14	0	0	10	8	0	0	0	42	12	0	74	107	26	0	92	65	39	108	7	0	24	9	10	14	0	0	14	0	0	0	16	13	0	0	18	0	0	10	9	0	0	0	44	12	0	75	110	26	0	95
412	397	73	75	55	382	50	69	52	73	75	55	51	52	0	40	155	168	0	0	367	46	67	48	50	69	52	40	48	0	37	104	156	0	0	73	75	55	32	16	0	53	20	12	0	0	51	52	0	40	155	168	0	0	352	37	49	44	46	67	48	32	48	0	36	90	154	0	0	50	69	52	10	16	0	48	9	10	0	0	40	48	0	37	104	156	0	0	73	75	55	11	25	12	39	16	33	110	0	32	16	0	53	20	12	0	0	51	52	0	40	155	168	0	0	337	31	31	33	37	49	44	28	16	0	33	64	87	0	0	46	67	48	9	16	0	35	9	8	0	0	32	48	0	36	90	154	0	0	50	69	52	9	23	12	13	10	29	104	0	10	16	0	48	9	10	0	0	40	48	0	37	104	156	0	0	73	75	55	5	20	48	35	6	0	110	38	11	25	12	39	16	33	110	0	32	16	0	53	20	12	0	0	51	52	0	40	155	168	0	0
275	265	57	40	0	255	30	28	0	57	40	0	34	28	0	0	154	136	0	0	245	27	20	0	30	28	0	23	16	0	0	81	100	0	0	57	40	0	21	17	0	0	12	3	0	0	34	28	0	0	154	136	0	0	235	20	12	0	27	20	0	17	6	0	0	68	66	0	0	30	28	0	3	3	0	0	4	0	0	0	23	16	0	0	81	100	0	0	57	40	0	2	6	0	0	10	16	0	0	21	17	0	0	12	3	0	0	34	28	0	0	154	136	0	0	225	18	9	0	20	12	0	13	0	0	0	48	36	0	0	27	20	0	3	0	0	0	4	0	0	0	17	6	0	0	68	66	0	0	30	28	0	2	0	0	0	4	12	0	0	3	3	0	0	4	0	0	0	23	16	0	0	81	100	0	0	57	40	0	2	0	0	0	2	0	0	0	2	6	0	0	10	16	0	0	21	17	0	0	12	3	0	0	34	28	0	0	154	136	0	0
333	321	64	55	0	309	27	33	0	64	55	0	32	52	0	0	182	202	0	0	297	24	17	0	27	33	0	22	12	0	0	80	122	0	0	64	55	0	8	24	0	0	3	4	0	0	32	52	0	0	182	202	0	0	285	20	11	0	24	17	0	20	0	0	0	67	64	0	0	27	33	0	4	0	0	0	2	0	0	0	22	12	0	0	80	122	0	0	64	55	0	4	0	0	0	9	0	0	0	8	24	0	0	3	4	0	0	32	52	0	0	182	202	0	0	273	17	11	0	20	11	0	14	0	0	0	51	44	0	0	24	17	0	3	0	0	0	2	0	0	0	20	0	0	0	67	64	0	0	27	33	0	2	0	0	0	5	0	0	0	4	0	0	0	2	0	0	0	22	12	0	0	80	122	0	0	64	55	0	2	0	0	0	1	0	0	0	4	0	0	0	9	0	0	0	8	24	0	0	3	4	0	0	32	52	0	0	182	202	0	0
285	275	47	27	5	265	20	6	0	47	27	5	25	18	7	0	147	96	15	0	255	14	0	0	20	6	0	12	0	0	0	65	24	0	0	47	27	5	2	0	12	0	1	0	5	0	25	18	7	0	147	96	15	0	245	13	0	0	14	0	0	10	0	0	0	43	0	0	0	20	6	0	1	0	0	0	1	0	0	0	12	0	0	0	65	24	0	0	47	27	5	0	0	3	0	4	0	0	0	2	0	12	0	1	0	5	0	25	18	7	0	147	96	15	0	235	13	0	0	13	0	0	10	0	0	0	40	0	0	0	14	0	0	1	0	0	0	1	0	0	0	10	0	0	0	43	0	0	0	20	6	0	0	0	0	0	2	0	0	0	1	0	0	0	1	0	0	0	12	0	0	0	65	24	0	0	47	27	5	0	0	0	0	0	0	0	0	0	0	3	0	4	0	0	0	2	0	12	0	1	0	5	0	25	18	7	0	147	96	15	0
202	195	28	6	5	188	12	0	0	28	6	5	18	0	7	0	92	6	5	0	181	5	0	0	12	0	0	2	0	0	0	42	0	0	0	28	6	5	1	0	12	0	0	0	0	0	18	0	7	0	92	6	5	0	174	4	0	0	5	0	0	0	0	0	0	16	0	0	0	12	0	0	0	0	0	0	0	0	0	0	2	0	0	0	42	0	0	0	28	6	5	0	0	3	0	2	0	0	0	1	0	12	0	0	0	0	0	18	0	7	0	92	6	5	0	167	4	0	0	4	0	0	0	0	0	0	13	0	0	0	5	0	0	0	0	0	0	0	0	0	0	0	0	0	0	16	0	0	0	12	0	0	0	0	0	0	2	0	0	0	0	0	0	0	0	0	0	0	2	0	0	0	42	0	0	0	28	6	5	0	0	0	0	0	0	0	0	0	0	3	0	2	0	0	0	1	0	12	0	0	0	0	0	18	0	7	0	92	6	5	0
249	240	36	23	2	231	13	8	0	36	23	2	20	0	4	0	112	64	6	0	222	8	8	0	13	8	0	6	0	0	0	45	24	0	0	36	23	2	0	0	6	0	0	0	0	0	20	0	4	0	112	64	6	0	213	8	8	0	8	8	0	6	0	0	0	27	24	0	0	13	8	0	0	0	0	0	0	0	0	0	6	0	0	0	45	24	0	0	36	23	2	0	0	0	0	0	0	0	0	0	0	6	0	0	0	0	0	20	0	4	0	112	64	6	0	204	8	8	0	8	8	0	6	0	0	0	27	24	0	0	8	8	0	0	0	0	0	0	0	0	0	6	0	0	0	27	24	0	0	13	8	0	0	0	0	0	0	0	0	0	0	0	0	0	0	0	0	0	6	0	0	0	45	24	0	0	36	23	2	0	0	0	0	0	0	0	0	0	0	0	0	0	0	0	0	0	0	6	0	0	0	0	0	20	0	4	0	112	64	6	0
312	301	43	35	2	290	14	5	0	43	35	2	15	25	4	0	133	115	10	0	279	10	0	0	14	5	0	6	0	0	0	47	20	0	0	43	35	2	0	0	6	0	0	0	2	0	15	25	4	0	133	115	10	0	268	10	0	0	10	0	0	6	0	0	0	33	0	0	0	14	5	0	0	0	0	0	0	0	0	0	6	0	0	0	47	20	0	0	43	35	2	0	0	0	0	2	0	0	0	0	0	6	0	0	0	2	0	15	25	4	0	133	115	10	0	257	10	0	0	10	0	0	6	0	0	0	33	0	0	0	10	0	0	0	0	0	0	0	0	0	0	6	0	0	0	33	0	0	0	14	5	0	0	0	0	0	0	0	0	0	0	0	0	0	0	0	0	0	6	0	0	0	47	20	0	0	43	35	2	0	0	0	0	0	0	0	0	0	0	0	0	2	0	0	0	0	0	6	0	0	0	2	0	15	25	4	0	133	115	10	0
144	139	17	4	0	134	4	0	0	17	4	0	8	0	0	0	50	4	0	0	129	2	0	0	4	0	0	0	0	0	0	14	0	0	0	17	4	0	0	0	0	0	0	0	0	0	8	0	0	0	50	4	0	0	124	2	0	0	2	0	0	0	0	0	0	6	0	0	0	4	0	0	0	0	0	0	0	0	0	0	0	0	0	0	14	0	0	0	17	4	0	0	0	0	0	0	0	0	0	0	0	0	0	0	0	0	0	8	0	0	0	50	4	0	0	119	2	0	0	2	0	0	0	0	0	0	6	0	0	0	2	0	0	0	0	0	0	0	0	0	0	0	0	0	0	6	0	0	0	4	0	0	0	0	0	0	0	0	0	0	0	0	0	0	0	0	0	0	0	0	0	0	14	0	0	0	17	4	0	0	0	0	0	0	0	0	0	0	0	0	0	0	0	0	0	0	0	0	0	0	0	0	0	8	0	0	0	50	4	0	0
485	466	70	121	27	447	18	70	5	70	121	27	12	84	39	14	188	415	135	9	428	17	70	0	18	70	5	10	84	12	0	49	238	25	0	70	121	27	1	0	5	0	10	0	0	0	12	84	39	14	188	415	135	9	409	17	70	0	17	70	0	10	84	0	0	46	238	0	0	18	70	5	1	0	3	0	3	0	0	0	10	84	12	0	49	238	25	0	70	121	27	0	0	0	0	14	0	0	0	1	0	5	0	10	0	0	0	12	84	39	14	188	415	135	9	390	17	70	0	17	70	0	10	84	0	0	46	238	0	0	17	70	0	1	0	0	0	3	0	0	0	10	84	0	0	46	238	0	0	18	70	5	0	0	0	0	2	0	0	0	1	0	3	0	3	0	0	0	10	84	12	0	49	238	25	0	70	121	27	0	0	0	0	2	0	0	0	0	0	0	0	14	0	0	0	1	0	5	0	10	0	0	0	12	84	39	14	188	415	135	9
304	293	45	28	17	282	16	0	2	45	28	17	12	0	29	8	127	91	68	7	271	16	0	0	16	0	2	12	0	6	0	46	0	8	0	45	28	17	1	0	0	0	1	0	0	0	12	0	29	8	127	91	68	7	260	16	0	0	16	0	0	12	0	0	0	46	0	0	0	16	0	2	1	0	0	0	1	0	0	0	12	0	6	0	46	0	8	0	45	28	17	0	0	0	0	6	0	0	0	1	0	0	0	1	0	0	0	12	0	29	8	127	91	68	7	249	16	0	0	16	0	0	12	0	0	0	46	0	0	0	16	0	0	1	0	0	0	1	0	0	0	12	0	0	0	46	0	0	0	16	0	2	0	0	0	0	0	0	0	0	1	0	0	0	1	0	0	0	12	0	6	0	46	0	8	0	45	28	17	0	0	0	0	0	0	0	0	0	0	0	0	6	0	0	0	1	0	0	0	1	0	0	0	12	0	29	8	127	91	68	7
299	288	32	19	26	277	11	10	0	32	19	26	8	0	11	0	94	48	26	14	266	11	10	0	11	10	0	8	0	0	0	32	30	0	0	32	19	26	0	0	0	0	0	0	0	0	8	0	11	0	94	48	26	14	255	11	10	0	11	10	0	8	0	0	0	32	30	0	0	11	10	0	0	0	0	0	0	0	0	0	8	0	0	0	32	30	0	0	32	19	26	0	0	0	0	0	0	0	0	0	0	0	0	0	0	0	0	8	0	11	0	94	48	26	14	244	11	10	0	11	10	0	8	0	0	0	32	30	0	0	11	10	0	0	0	0	0	0	0	0	0	8	0	0	0	32	30	0	0	11	10	0	0	0	0	0	0	0	0	0	0	0	0	0	0	0	0	0	8	0	0	0	32	30	0	0	32	19	26	0	0	0	0	0	0	0	0	0	0	0	0	0	0	0	0	0	0	0	0	0	0	0	0	8	0	11	0	94	48	26	14
242	233	33	20	10	224	11	8	0	33	20	10	8	0	5	0	93	54	20	4	215	11	8	0	11	8	0	8	0	0	0	32	24	0	0	33	20	10	0	0	0	0	0	0	0	0	8	0	5	0	93	54	20	4	206	11	8	0	11	8	0	8	0	0	0	32	24	0	0	11	8	0	0	0	0	0	0	0	0	0	8	0	0	0	32	24	0	0	33	20	10	0	0	0	0	2	0	0	0	0	0	0	0	0	0	0	0	8	0	5	0	93	54	20	4	197	11	8	0	11	8	0	8	0	0	0	32	24	0	0	11	8	0	0	0	0	0	0	0	0	0	8	0	0	0	32	24	0	0	11	8	0	0	0	0	0	0	0	0	0	0	0	0	0	0	0	0	0	8	0	0	0	32	24	0	0	33	20	10	0	0	0	0	0	0	0	0	0	0	0	0	2	0	0	0	0	0	0	0	0	0	0	0	8	0	5	0	93	54	20	4
241	232	35	23	5	223	10	8	0	35	23	5	8	0	5	0	96	69	15	2	214	10	8	0	10	8	0	8	0	0	0	29	24	0	0	35	23	5	0	0	0	0	0	0	0	0	8	0	5	0	96	69	15	2	205	10	8	0	10	8	0	8	0	0	0	29	24	0	0	10	8	0	0	0	0	0	0	0	0	0	8	0	0	0	29	24	0	0	35	23	5	0	0	0	0	4	0	0	0	0	0	0	0	0	0	0	0	8	0	5	0	96	69	15	2	196	10	8	0	10	8	0	8	0	0	0	29	24	0	0	10	8	0	0	0	0	0	0	0	0	0	8	0	0	0	29	24	0	0	10	8	0	0	0	0	0	0	0	0	0	0	0	0	0	0	0	0	0	8	0	0	0	29	24	0	0	35	23	5	0	0	0	0	0	0	0	0	0	0	0	0	4	0	0	0	0	0	0	0	0	0	0	0	8	0	5	0	96	69	15	2
348	335	48	30	44	322	24	0	17	48	30	44	18	0	30	0	117	60	132	59	309	23	0	17	24	0	17	16	0	30	0	60	0	51	7	48	30	44	7	0	13	0	12	0	0	0	18	0	30	0	117	60	132	59	296	21	0	16	23	0	17	16	0	30	0	59	0	51	0	24	0	17	1	0	13	0	7	0	0	0	16	0	30	0	60	0	51	7	48	30	44	0	0	0	12	6	20	0	0	7	0	13	0	12	0	0	0	18	0	30	0	117	60	132	59	283	21	0	16	21	0	16	16	0	28	0	57	0	48	0	23	0	17	1	0	13	0	6	0	0	0	16	0	30	0	59	0	51	0	24	0	17	0	0	0	12	0	0	0	0	1	0	13	0	7	0	0	0	16	0	30	0	60	0	51	7	48	30	44	0	0	0	0	1	0	0	0	0	0	0	12	6	20	0	0	7	0	13	0	12	0	0	0	18	0	30	0	117	60	132	59
401	386	58	44	53	371	31	0	24	58	44	53	21	0	22	42	138	110	212	49	356	30	0	13	31	0	24	19	0	21	7	76	0	96	7	58	44	53	7	0	8	14	17	0	0	2	21	0	22	42	138	110	212	49	341	28	0	0	30	0	13	19	0	19	0	75	0	52	0	31	0	24	1	0	8	0	10	0	0	0	19	0	21	7	76	0	96	7	58	44	53	2	0	0	0	11	22	0	55	7	0	8	14	17	0	0	2	21	0	22	42	138	110	212	49	326	28	0	0	28	0	0	19	0	0	0	73	0	0	0	30	0	13	1	0	8	0	9	0	0	0	19	0	19	0	75	0	52	0	31	0	24	2	0	0	0	1	0	0	52	1	0	8	0	10	0	0	0	19	0	21	7	76	0	96	7	58	44	53	2	0	0	0	1	0	0	0	2	0	0	0	11	22	0	55	7	0	8	14	17	0	0	2	21	0	22	42	138	110	212	49
450	432	64	101	47	414	27	57	25	64	101	47	18	58	22	35	145	248	188	44	396	25	56	13	27	57	25	15	56	21	7	63	141	100	7	64	101	47	6	14	8	14	23	17	0	5	18	58	22	35	145	248	188	44	378	23	56	0	25	56	13	15	56	19	0	62	140	52	0	27	57	25	0	14	8	0	9	15	0	0	15	56	21	7	63	141	100	7	64	101	47	2	0	0	0	15	20	0	55	6	14	8	14	23	17	0	5	18	58	22	35	145	248	188	44	360	23	56	0	23	56	0	15	56	0	0	60	140	0	0	25	56	13	0	14	8	0	8	14	0	0	15	56	19	0	62	140	52	0	27	57	25	2	0	0	0	1	0	0	52	0	14	8	0	9	15	0	0	15	56	21	7	63	141	100	7	64	101	47	2	0	0	0	2	0	0	0	2	0	0	0	15	20	0	55	6	14	8	14	23	17	0	5	18	58	22	35	145	248	188	44
380	365	43	58	44	350	18	36	6	43	58	44	14	24	0	12	107	105	88	85	335	18	36	2	18	36	6	14	24	0	4	52	72	12	7	43	58	44	1	0	0	8	11	0	0	0	14	24	0	12	107	105	88	85	320	18	36	0	18	36	2	14	24	0	0	52	72	4	0	18	36	6	1	0	0	0	4	0	0	0	14	24	0	4	52	72	12	7	43	58	44	0	0	0	0	10	0	0	0	1	0	0	8	11	0	0	0	14	24	0	12	107	105	88	85	305	18	36	0	18	36	0	14	24	0	0	52	72	0	0	18	36	2	1	0	0	0	4	0	0	0	14	24	0	0	52	72	4	0	18	36	6	0	0	0	0	0	0	0	0	1	0	0	0	4	0	0	0	14	24	0	4	52	72	12	7	43	58	44	0	0	0	0	0	0	0	0	0	0	0	0	10	0	0	0	1	0	0	8	11	0	0	0	14	24	0	12	107	105	88	85
339	325	62	69	9	311	23	40	0	62	69	9	19	40	0	0	135	193	45	27	297	21	40	0	23	40	0	15	40	0	0	51	110	0	5	62	69	9	7	0	0	0	27	24	0	0	19	40	0	0	135	193	45	27	283	19	40	0	21	40	0	15	40	0	0	51	110	0	0	23	40	0	1	0	0	0	7	20	0	0	15	40	0	0	51	110	0	5	62	69	9	0	0	0	0	10	10	0	0	7	0	0	0	27	24	0	0	19	40	0	0	135	193	45	27	269	19	40	0	19	40	0	15	40	0	0	49	110	0	0	21	40	0	1	0	0	0	7	20	0	0	15	40	0	0	51	110	0	0	23	40	0	0	0	0	0	0	0	0	0	1	0	0	0	7	20	0	0	15	40	0	0	51	110	0	5	62	69	9	0	0	0	0	1	0	0	0	0	0	0	0	10	10	0	0	7	0	0	0	27	24	0	0	19	40	0	0	135	193	45	27
414	398	51	28	101	382	29	0	51	51	28	101	18	0	76	33	101	42	202	197	366	27	0	51	29	0	51	15	0	73	33	59	0	102	72	51	28	101	9	0	0	0	24	28	0	0	18	0	76	33	101	42	202	197	350	24	0	51	27	0	51	15	0	73	33	59	0	102	45	29	0	51	1	0	0	0	10	0	0	0	15	0	73	33	59	0	102	72	51	28	101	2	0	15	0	1	0	0	0	9	0	0	0	24	28	0	0	18	0	76	33	101	42	202	197	334	23	0	39	24	0	51	15	0	73	16	57	0	102	16	27	0	51	1	0	0	0	10	0	0	0	15	0	73	33	59	0	102	45	29	0	51	1	0	15	0	1	0	0	0	1	0	0	0	10	0	0	0	15	0	73	33	59	0	102	72	51	28	101	0	0	10	48	1	0	0	55	2	0	15	0	1	0	0	0	9	0	0	0	24	28	0	0	18	0	76	33	101	42	202	197
469	450	77	100	78	431	47	64	38	77	100	78	42	0	49	28	123	204	234	153	412	43	58	37	47	64	38	33	0	47	26	80	132	114	66	77	100	78	19	72	0	5	28	58	0	0	42	0	49	28	123	204	234	153	393	39	34	35	43	58	37	33	0	47	22	80	126	111	43	47	64	38	14	0	0	3	14	34	0	0	33	0	47	26	80	132	114	66	77	100	78	15	0	42	6	9	0	156	0	19	72	0	5	28	58	0	0	42	0	49	28	123	204	234	153	374	35	34	12	39	34	35	27	0	47	0	77	102	105	16	43	58	37	14	0	0	0	14	34	0	0	33	0	47	22	80	126	111	43	47	64	38	10	0	42	0	6	0	76	0	14	0	0	3	14	34	0	0	33	0	47	26	80	132	114	66	77	100	78	8	0	28	36	5	15	0	141	15	0	42	6	9	0	156	0	19	72	0	5	28	58	0	0	42	0	49	28	123	204	234	153
359	345	61	45	51	331	28	0	45	61	45	51	38	0	96	13	100	135	255	9	317	20	0	45	28	0	45	9	0	95	13	51	0	225	0	61	45	51	6	0	52	0	22	36	0	0	38	0	96	13	100	135	255	9	303	18	0	45	20	0	45	9	0	95	13	46	0	225	0	28	0	45	0	0	52	0	9	0	0	0	9	0	95	13	51	0	225	0	61	45	51	0	0	0	0	0	0	0	0	6	0	52	0	22	36	0	0	38	0	96	13	100	135	255	9	289	18	0	44	18	0	45	9	0	95	12	44	0	225	0	20	0	45	0	0	52	0	9	0	0	0	9	0	95	13	46	0	225	0	28	0	45	0	0	0	0	0	0	0	0	0	0	52	0	9	0	0	0	9	0	95	13	51	0	225	0	61	45	51	0	0	0	12	1	0	0	0	0	0	0	0	0	0	0	0	6	0	52	0	22	36	0	0	38	0	96	13	100	135	255	9
277	266	38	19	46	255	22	10	0	38	19	46	15	0	0	0	82	19	46	197	244	20	10	0	22	10	0	13	0	0	0	47	10	0	72	38	19	46	7	0	0	0	18	19	0	0	15	0	0	0	82	19	46	197	233	18	10	0	20	10	0	13	0	0	0	47	10	0	45	22	10	0	1	0	0	0	8	10	0	0	13	0	0	0	47	10	0	72	38	19	46	0	0	0	0	0	0	0	0	7	0	0	0	18	19	0	0	15	0	0	0	82	19	46	197	222	18	10	0	18	10	0	13	0	0	0	45	10	0	16	20	10	0	1	0	0	0	8	10	0	0	13	0	0	0	47	10	0	45	22	10	0	0	0	0	0	0	0	0	0	1	0	0	0	8	10	0	0	13	0	0	0	47	10	0	72	38	19	46	0	0	0	0	1	0	0	0	0	0	0	0	0	0	0	0	7	0	0	0	18	19	0	0	15	0	0	0	82	19	46	197
353	338	54	75	26	323	24	44	0	54	75	26	22	33	0	0	81	169	104	109	308	19	44	0	24	44	0	10	33	0	0	44	99	0	49	54	75	26	7	0	0	0	16	47	0	0	22	33	0	0	81	169	104	109	293	17	44	0	19	44	0	10	33	0	0	44	99	0	26	24	44	0	1	0	0	0	7	33	0	0	10	33	0	0	44	99	0	49	54	75	26	0	0	0	0	0	0	0	0	7	0	0	0	16	47	0	0	22	33	0	0	81	169	104	109	278	17	44	0	17	44	0	10	33	0	0	42	99	0	0	19	44	0	1	0	0	0	7	33	0	0	10	33	0	0	44	99	0	26	24	44	0	0	0	0	0	0	0	0	0	1	0	0	0	7	33	0	0	10	33	0	0	44	99	0	49	54	75	26	0	0	0	0	1	0	0	0	0	0	0	0	0	0	0	0	7	0	0	0	16	47	0	0	22	33	0	0	81	169	104	109
489	469	60	54	169	449	38	36	108	60	54	169	32	17	72	122	70	57	169	302	429	28	19	105	38	36	108	19	0	68	116	55	57	108	134	60	54	169	4	0	87	29	9	0	169	0	32	17	72	122	70	57	169	302	409	25	19	105	28	19	105	13	0	68	116	50	57	105	133	38	36	108	4	0	58	29	9	0	108	0	19	0	68	116	55	57	108	134	60	54	169	1	0	32	0	4	0	0	0	4	0	87	29	9	0	169	0	32	17	72	122	70	57	169	302	389	25	19	105	25	19	105	13	0	68	116	49	57	105	131	28	19	105	4	0	58	29	9	0	105	0	13	0	68	116	50	57	105	133	38	36	108	1	0	28	0	4	0	0	0	4	0	58	29	9	0	108	0	19	0	68	116	55	57	108	134	59	54	169	0	0	0	0	4	0	0	0	1	0	32	0	4	0	0	0	4	0	87	29	9	0	169	0	32	17	72	122	70	57	169	302
383	367	54	81	53	351	28	31	43	54	81	53	21	80	114	13	54	85	265	51	335	24	15	43	28	31	43	14	0	110	13	39	45	215	45	54	81	53	4	0	30	0	2	0	106	0	21	80	114	13	54	85	265	51	319	24	15	43	24	15	43	14	0	110	13	39	45	215	45	28	31	43	4	0	30	0	2	0	86	0	14	0	110	13	39	45	215	45	54	81	53	0	0	0	0	0	0	0	0	4	0	30	0	2	0	106	0	21	80	114	13	54	85	265	51	303	24	15	43	24	15	43	14	0	110	13	39	45	215	45	24	15	43	4	0	30	0	2	0	86	0	14	0	110	13	39	45	215	45	28	31	43	0	0	0	0	0	0	0	0	4	0	30	0	2	0	86	0	14	0	110	13	39	45	215	45	53	81	53	0	0	0	0	0	0	0	0	0	0	0	0	0	0	0	0	4	0	30	0	2	0	106	0	21	80	114	13	54	85	265	51
373	357	53	73	73	341	28	49	28	53	73	73	27	46	56	43	61	107	146	256	325	21	39	28	28	49	28	11	26	52	43	42	104	56	134	53	73	73	4	0	41	0	6	13	73	0	27	46	56	43	61	107	146	256	309	21	39	28	21	39	28	11	26	52	43	40	104	56	133	28	49	28	4	0	15	0	6	13	28	0	11	26	52	43	42	104	56	134	53	73	73	0	0	0	0	0	0	0	0	4	0	41	0	6	13	73	0	27	46	56	43	61	107	146	256	293	21	39	28	21	39	28	11	26	52	43	40	104	56	131	21	39	28	4	0	15	0	6	13	28	0	11	26	52	43	40	104	56	133	28	49	28	0	0	0	0	0	0	0	0	4	0	15	0	6	13	28	0	11	26	52	43	42	104	56	134	52	73	73	0	0	0	0	1	0	0	0	0	0	0	0	0	0	0	0	4	0	41	0	6	13	73	0	27	46	56	43	61	107	146	256
396	380	40	48	79	364	19	0	59	40	48	79	21	0	85	43	43	24	316	77	348	15	0	59	19	0	59	8	0	81	43	31	0	236	45	40	48	79	0	0	0	0	4	0	0	0	21	0	85	43	43	24	316	77	332	15	0	59	15	0	59	8	0	81	43	31	0	236	45	19	0	59	0	0	0	0	4	0	0	0	8	0	81	43	31	0	236	45	40	48	79	0	0	0	0	0	0	0	0	0	0	0	0	4	0	0	0	21	0	85	43	43	24	316	77	316	15	0	59	15	0	59	8	0	81	43	31	0	236	45	15	0	59	0	0	0	0	4	0	0	0	8	0	81	43	31	0	236	45	19	0	59	0	0	0	0	0	0	0	0	0	0	0	0	4	0	0	0	8	0	81	43	31	0	236	45	40	48	79	0	0	0	0	0	0	0	0	0	0	0	0	0	0	0	0	0	0	0	0	4	0	0	0	21	0	85	43	43	24	316	77
281	269	37	41	28	257	22	20	0	37	41	28	21	0	0	0	43	30	84	155	245	16	20	0	22	20	0	8	0	0	0	36	30	0	83	37	41	28	0	0	24	0	6	0	0	0	21	0	0	0	43	30	84	155	233	16	20	0	16	20	0	8	0	0	0	34	30	0	82	22	20	0	0	0	0	0	6	0	0	0	8	0	0	0	36	30	0	83	37	41	28	0	0	0	0	0	0	0	0	0	0	24	0	6	0	0	0	21	0	0	0	43	30	84	155	221	16	20	0	16	20	0	8	0	0	0	34	30	0	80	16	20	0	0	0	0	0	6	0	0	0	8	0	0	0	34	30	0	82	22	20	0	0	0	0	0	0	0	0	0	0	0	0	0	6	0	0	0	8	0	0	0	36	30	0	83	36	41	28	0	0	0	0	1	0	0	0	0	0	0	0	0	0	0	0	0	0	24	0	6	0	0	0	21	0	0	0	43	30	84	155
390	373	50	67	95	356	30	30	80	50	67	95	18	15	159	102	46	45	285	53	339	30	30	79	30	30	80	18	15	140	98	42	45	240	43	50	67	95	6	0	0	13	2	0	0	0	18	15	159	102	46	45	285	53	322	30	30	79	30	30	79	18	15	140	98	42	45	237	43	30	30	80	6	0	0	13	2	0	0	0	18	15	140	98	42	45	240	43	50	67	95	0	0	0	0	1	0	0	0	6	0	0	13	2	0	0	0	18	15	159	102	46	45	285	53	305	30	30	79	30	30	79	18	15	140	98	42	45	237	43	30	30	79	6	0	0	13	2	0	0	0	18	15	140	98	42	45	237	43	30	30	80	0	0	0	0	1	0	0	0	6	0	0	13	2	0	0	0	18	15	140	98	42	45	240	43	45	67	95	0	0	0	0	2	0	0	0	0	0	0	0	1	0	0	0	6	0	0	13	2	0	0	0	18	15	159	102	45	45	285	53
288	276	17	0	83	264	9	0	49	17	0	83	4	0	31	85	14	0	0	160	252	9	0	48	9	0	49	4	0	14	81	14	0	0	102	17	0	83	0	0	0	13	0	0	0	0	4	0	31	85	14	0	0	160	240	9	0	48	9	0	48	4	0	14	81	14	0	0	102	9	0	49	0	0	0	13	0	0	0	0	4	0	14	81	14	0	0	102	17	0	83	0	0	0	0	0	0	0	0	0	0	0	13	0	0	0	0	4	0	31	85	14	0	0	160	228	9	0	48	9	0	48	4	0	14	81	14	0	0	102	9	0	48	0	0	0	13	0	0	0	0	4	0	14	81	14	0	0	102	9	0	49	0	0	0	0	0	0	0	0	0	0	0	13	0	0	0	0	4	0	14	81	14	0	0	102	17	0	83	0	0	0	0	0	0	0	0	0	0	0	0	0	0	0	0	0	0	0	13	0	0	0	0	4	0	31	85	14	0	0	160
240	230	20	0	63	220	12	0	21	20	0	63	6	0	26	63	22	0	0	233	210	12	0	20	12	0	21	6	0	0	59	22	0	0	130	20	0	63	0	0	0	13	1	0	0	0	6	0	26	63	22	0	0	233	200	12	0	20	12	0	20	6	0	0	59	22	0	0	130	12	0	21	0	0	0	13	1	0	0	0	6	0	0	59	22	0	0	130	20	0	63	0	0	0	0	0	0	0	0	0	0	0	13	1	0	0	0	6	0	26	63	22	0	0	233	190	12	0	20	12	0	20	6	0	0	59	22	0	0	130	12	0	20	0	0	0	13	1	0	0	0	6	0	0	59	22	0	0	130	12	0	21	0	0	0	0	0	0	0	0	0	0	0	13	1	0	0	0	6	0	0	59	22	0	0	130	20	0	63	0	0	0	0	0	0	0	0	0	0	0	0	0	0	0	0	0	0	0	13	1	0	0	0	6	0	26	63	22	0	0	233
310	297	29	22	77	284	20	0	51	29	22	77	11	0	61	77	28	0	154	132	271	20	0	50	20	0	51	11	0	44	73	28	0	102	102	29	22	77	2	0	0	13	1	0	0	0	11	0	61	77	28	0	154	132	258	20	0	50	20	0	50	11	0	44	73	28	0	100	102	20	0	51	2	0	0	13	1	0	0	0	11	0	44	73	28	0	102	102	29	22	77	0	0	0	0	1	0	0	0	2	0	0	13	1	0	0	0	11	0	61	77	28	0	154	132	245	20	0	50	20	0	50	11	0	44	73	28	0	100	102	20	0	50	2	0	0	13	1	0	0	0	11	0	44	73	28	0	100	102	20	0	51	0	0	0	0	1	0	0	0	2	0	0	13	1	0	0	0	11	0	44	73	28	0	102	102	28	22	77	0	0	0	0	1	0	0	0	0	0	0	0	1	0	0	0	2	0	0	13	1	0	0	0	11	0	61	77	27	0	154	132
283	270	29	39	54	257	15	36	0	29	39	54	6	27	43	0	23	45	0	402	244	15	36	0	15	36	0	6	27	0	0	23	45	0	238	29	39	54	0	0	0	0	1	0	0	0	6	27	43	0	23	45	0	402	231	15	36	0	15	36	0	6	27	0	0	23	45	0	235	15	36	0	0	0	0	0	1	0	0	0	6	27	0	0	23	45	0	238	29	39	54	0	0	0	0	0	0	0	0	0	0	0	0	1	0	0	0	6	27	43	0	23	45	0	402	218	15	36	0	15	36	0	6	27	0	0	23	45	0	235	15	36	0	0	0	0	0	1	0	0	0	6	27	0	0	23	45	0	235	15	36	0	0	0	0	0	0	0	0	0	0	0	0	0	1	0	0	0	6	27	0	0	23	45	0	238	24	39	54	0	0	0	0	0	0	0	0	0	0	0	0	0	0	0	0	0	0	0	0	1	0	0	0	6	27	43	0	23	45	0	402
467	445	90	105	165	423	74	100	140	90	105	165	68	84	22	135	118	185	0	95	401	73	96	97	74	100	140	63	80	22	56	109	179	0	80	90	105	165	26	64	0	112	13	16	0	295	68	84	22	135	118	185	0	95	379	73	96	82	73	96	97	63	80	20	56	109	176	0	79	74	100	140	26	64	0	71	11	16	0	179	63	80	22	56	109	179	0	80	87	105	165	12	0	0	39	14	0	0	78	26	64	0	112	13	16	0	295	68	84	22	135	112	185	0	95	357	72	96	82	73	96	82	63	80	18	56	109	176	0	79	73	96	97	26	64	0	71	11	16	0	176	63	80	20	56	109	176	0	79	71	100	140	10	0	0	39	7	0	0	38	26	64	0	71	11	16	0	179	63	80	22	56	103	179	0	80	68	105	165	8	0	0	0	11	0	0	0	12	0	0	39	14	0	0	78	26	64	0	112	13	16	0	295	58	84	22	135	97	185	0	95
254	241	45	47	78	228	39	44	44	45	47	78	43	24	0	116	53	60	0	172	215	39	44	35	39	44	44	43	24	0	73	52	60	0	131	45	47	78	14	0	0	14	3	0	0	53	43	24	0	116	53	60	0	172	202	39	44	35	39	44	35	43	24	0	73	52	60	0	129	39	44	44	14	0	0	14	3	0	0	43	43	24	0	73	52	60	0	131	45	47	78	0	0	0	0	3	0	0	0	14	0	0	14	3	0	0	53	43	24	0	116	53	60	0	172	189	39	44	35	39	44	35	43	24	0	73	52	60	0	129	39	44	35	14	0	0	14	3	0	0	43	43	24	0	73	52	60	0	129	39	44	44	0	0	0	0	3	0	0	0	14	0	0	14	3	0	0	43	43	24	0	73	52	60	0	131	28	47	78	0	0	0	0	3	0	0	0	0	0	0	0	3	0	0	0	14	0	0	14	3	0	0	53	43	24	0	116	46	60	0	172
304	287	69	93	69	270	57	89	42	69	93	69	55	36	0	40	78	137	0	172	253	56	87	42	57	89	42	52	36	0	40	74	136	0	131	68	93	69	23	28	0	0	4	14	0	0	55	36	0	40	77	137	0	172	236	55	87	42	56	87	42	51	36	0	40	73	134	0	129	56	89	42	20	28	0	0	4	14	0	0	52	36	0	40	73	136	0	131	65	93	69	4	0	0	0	7	14	0	0	23	28	0	0	4	14	0	0	54	36	0	40	71	137	0	172	220	54	87	42	55	87	42	50	36	0	40	71	134	0	129	55	87	42	19	28	0	0	4	14	0	0	51	36	0	40	72	134	0	129	54	89	42	1	0	0	0	4	14	0	0	20	28	0	0	4	14	0	0	51	36	0	40	69	136	0	131	46	77	69	0	0	0	0	8	14	0	0	4	0	0	0	7	14	0	0	22	28	0	0	4	14	0	0	49	36	0	40	60	121	0	172
307	289	95	116	57	271	79	104	55	95	116	57	85	36	34	20	124	142	57	0	253	78	101	54	79	104	55	82	36	34	20	118	142	55	0	91	116	57	41	42	0	10	11	14	0	0	85	36	34	20	120	142	57	0	235	76	101	53	78	101	54	81	36	32	20	117	139	54	0	75	104	55	38	42	0	9	9	14	0	0	82	36	34	20	114	142	55	0	84	116	57	26	0	0	9	16	22	0	0	41	42	0	10	11	14	0	0	80	36	34	20	106	142	57	0	218	73	101	53	76	101	53	80	36	30	20	112	139	53	0	74	101	54	37	42	0	9	9	14	0	0	81	36	32	20	113	139	54	0	69	104	55	20	0	0	9	7	14	0	0	38	42	0	9	9	14	0	0	77	36	34	20	102	142	55	0	64	99	57	19	0	0	0	17	28	0	0	26	0	0	9	16	22	0	0	36	42	0	10	11	14	0	0	65	36	34	20	87	125	57	0
333	316	96	113	48	299	78	92	47	96	113	48	71	96	22	9	138	138	96	0	282	73	83	43	78	92	47	60	96	22	9	120	124	94	0	93	113	48	32	81	0	46	17	42	0	0	71	96	22	9	135	138	96	0	265	68	72	30	73	83	43	54	78	20	9	114	115	86	0	75	92	47	26	72	0	9	9	32	0	0	60	96	22	9	117	124	94	0	85	113	48	21	90	0	9	12	36	0	78	32	81	0	46	17	42	0	0	64	96	22	9	118	138	96	0	248	66	58	30	68	72	30	50	66	18	9	104	106	60	0	70	83	43	24	72	0	9	9	32	0	0	54	78	20	9	111	115	86	0	67	92	47	19	72	0	9	5	16	0	38	26	72	0	9	9	32	0	0	53	96	22	9	100	124	94	0	67	113	48	18	52	0	0	12	12	48	0	21	90	0	9	12	36	0	78	27	81	0	46	17	42	0	0	47	96	22	9	95	138	96	0
321	303	98	113	78	285	85	103	60	98	113	78	69	112	0	45	172	133	0	105	267	82	101	60	85	103	60	66	106	0	45	158	127	0	102	91	113	78	35	20	0	0	25	0	0	0	69	112	0	45	164	133	0	105	249	77	90	58	82	101	60	62	106	0	42	145	125	0	97	78	103	60	32	20	0	0	15	0	0	0	66	106	0	45	150	127	0	102	79	113	78	34	18	19	22	13	0	78	0	35	20	0	0	25	0	0	0	59	112	0	45	138	133	0	105	231	70	87	55	77	90	58	54	100	0	39	129	95	0	83	75	101	60	28	20	0	0	15	0	0	0	62	106	0	42	137	125	0	97	66	103	60	30	18	13	19	9	0	60	0	32	20	0	0	15	0	0	0	56	106	0	45	124	127	0	102	68	113	78	28	27	18	29	11	17	0	0	34	18	19	22	13	0	78	0	30	20	0	0	25	0	0	0	42	112	0	45	122	133	0	105
286	271	97	90	20	256	77	75	11	97	90	20	69	78	0	33	167	139	20	48	241	67	64	11	77	75	11	57	67	0	33	131	116	11	47	93	90	20	28	40	0	0	24	42	20	0	69	78	0	33	163	139	20	48	226	61	44	10	67	64	11	48	47	0	30	103	82	11	43	73	75	11	22	24	0	0	9	21	11	0	57	67	0	33	127	116	11	47	80	90	20	29	78	6	10	13	23	40	0	28	40	0	0	24	42	20	0	59	78	0	33	134	139	20	48	211	56	27	9	61	44	10	44	21	0	27	92	38	10	30	63	64	11	20	12	0	0	9	18	11	0	48	47	0	30	99	82	11	43	60	75	11	24	54	0	9	7	14	22	0	22	24	0	0	9	21	11	0	47	67	0	33	98	116	11	47	72	90	20	23	48	18	9	7	7	40	0	29	78	6	10	13	23	40	0	23	40	0	0	24	42	20	0	46	78	0	33	120	139	20	48
249	235	94	78	0	221	70	69	0	94	78	0	66	25	0	0	177	130	0	0	207	61	58	0	70	69	0	53	13	0	0	124	109	0	0	87	78	0	22	14	0	0	25	28	0	0	66	25	0	0	169	130	0	0	194	55	49	0	61	58	0	44	4	0	0	96	66	0	0	65	69	0	15	8	0	0	6	14	0	0	53	13	0	0	119	109	0	0	75	65	0	21	36	0	0	10	20	0	0	22	14	0	0	25	28	0	0	55	25	0	0	141	104	0	0	181	53	41	0	55	49	0	40	0	0	0	84	50	0	0	56	58	0	13	0	0	0	6	10	0	0	44	4	0	0	91	66	0	0	53	56	0	19	28	0	0	5	14	0	0	15	8	0	0	6	14	0	0	42	13	0	0	91	83	0	0	70	65	0	24	28	0	0	9	0	0	0	21	36	0	0	10	20	0	0	17	14	0	0	25	28	0	0	48	25	0	0	131	104	0	0
226	211	88	89	0	196	61	84	0	88	89	0	55	6	0	0	177	161	0	0	181	54	78	0	61	84	0	46	0	0	0	123	149	0	0	77	89	0	19	0	0	0	23	9	0	0	55	6	0	0	163	161	0	0	168	50	78	0	54	78	0	39	0	0	0	97	122	0	0	55	84	0	15	0	0	0	8	0	0	0	46	0	0	0	116	149	0	0	63	63	0	24	0	0	0	10	3	0	0	19	0	0	0	23	9	0	0	43	6	0	0	129	96	0	0	155	47	78	0	50	78	0	34	0	0	0	85	122	0	0	48	78	0	11	0	0	0	8	0	0	0	39	0	0	0	90	122	0	0	41	58	0	21	0	0	0	7	0	0	0	15	0	0	0	8	0	0	0	34	0	0	0	82	84	0	0	60	63	0	25	0	0	0	8	0	0	0	24	0	0	0	10	3	0	0	14	0	0	0	23	9	0	0	36	6	0	0	122	96	0	0
145	137	54	24	0	129	37	15	0	54	24	0	38	6	0	0	120	55	0	0	121	24	13	0	37	15	0	12	0	0	0	76	24	0	0	51	24	0	5	0	0	0	10	18	0	0	38	6	0	0	116	55	0	0	114	22	13	0	24	13	0	7	0	0	0	34	14	0	0	36	15	0	3	0	0	0	4	0	0	0	12	0	0	0	75	24	0	0	45	17	0	6	0	0	0	6	2	0	0	5	0	0	0	10	18	0	0	35	6	0	0	102	41	0	0	107	21	13	0	22	13	0	6	0	0	0	29	14	0	0	23	13	0	1	0	0	0	4	0	0	0	7	0	0	0	33	14	0	0	30	8	0	5	0	0	0	4	0	0	0	3	0	0	0	4	0	0	0	9	0	0	0	61	10	0	0	44	17	0	12	0	0	0	3	0	0	0	6	0	0	0	6	2	0	0	4	0	0	0	10	18	0	0	32	6	0	0	99	41	0	0
236	224	75	48	14	212	50	36	0	75	48	14	51	39	21	0	158	106	14	20	200	35	17	0	50	36	0	23	18	0	0	85	62	0	11	74	48	14	12	6	14	0	16	20	42	0	51	39	21	0	157	106	14	20	188	29	10	0	35	17	0	9	0	0	0	43	12	0	11	49	36	0	3	0	0	0	6	14	0	0	23	18	0	0	84	62	0	11	67	48	14	16	10	14	0	8	20	14	0	12	6	14	0	16	20	42	0	48	39	21	0	141	106	14	20	176	28	7	0	29	10	0	9	0	0	0	35	0	0	10	34	17	0	3	0	0	0	6	12	0	0	9	0	0	0	42	12	0	11	42	36	0	12	7	0	0	4	14	0	0	3	0	0	0	6	14	0	0	20	18	0	0	68	62	0	11	64	48	14	16	21	0	0	4	7	0	0	16	10	14	0	8	20	14	0	11	6	14	0	16	20	42	0	45	39	21	0	135	106	14	20
275	261	52	68	2	247	21	38	0	52	68	2	27	75	2	0	122	160	6	0	233	11	13	0	21	38	0	14	0	0	0	43	75	0	0	51	68	2	3	0	0	0	22	0	10	0	27	75	2	0	121	160	6	0	219	9	13	0	11	13	0	6	0	0	0	18	0	0	0	20	38	0	1	0	0	0	3	0	0	0	14	0	0	0	42	75	0	0	47	68	2	5	0	0	0	10	0	0	0	3	0	0	0	22	0	10	0	24	75	2	0	112	160	6	0	205	8	8	0	9	13	0	6	0	0	0	13	0	0	0	10	13	0	1	0	0	0	3	0	0	0	6	0	0	0	17	0	0	0	16	38	0	1	0	0	0	2	0	0	0	1	0	0	0	3	0	0	0	11	0	0	0	33	75	0	0	46	68	2	3	40	0	0	3	8	0	0	5	0	0	0	10	0	0	0	2	0	0	0	22	0	10	0	21	75	2	0	109	160	6	0
183	174	33	24	2	165	15	4	0	33	24	2	26	16	2	0	81	52	8	0	156	4	0	0	15	4	0	5	0	0	0	36	4	0	0	33	24	2	1	0	0	0	2	0	2	0	26	16	2	0	81	52	8	0	147	3	0	0	4	0	0	0	0	0	0	5	0	0	0	15	4	0	0	0	0	0	1	0	0	0	5	0	0	0	36	4	0	0	32	24	2	0	0	0	0	0	0	0	0	1	0	0	0	2	0	2	0	26	16	2	0	79	52	8	0	138	3	0	0	3	0	0	0	0	0	0	2	0	0	0	4	0	0	0	0	0	0	1	0	0	0	0	0	0	0	5	0	0	0	14	4	0	0	0	0	0	0	0	0	0	0	0	0	0	1	0	0	0	5	0	0	0	34	4	0	0	32	24	2	5	0	0	0	3	0	0	0	0	0	0	0	0	0	0	0	1	0	0	0	2	0	2	0	26	16	2	0	79	52	8	0
217	206	47	39	0	195	15	25	0	47	39	0	29	45	0	0	102	125	0	0	184	4	4	0	15	25	0	3	20	0	0	27	75	0	0	47	39	0	1	4	0	0	21	10	0	0	29	45	0	0	102	125	0	0	173	3	0	0	4	4	0	0	0	0	0	2	12	0	0	15	25	0	0	0	0	0	2	5	0	0	3	20	0	0	27	75	0	0	47	39	0	5	0	0	0	10	0	0	0	1	4	0	0	21	10	0	0	29	45	0	0	102	125	0	0	162	2	0	0	3	0	0	0	0	0	0	0	0	0	0	4	4	0	0	0	0	0	2	4	0	0	0	0	0	0	2	12	0	0	15	25	0	1	0	0	0	2	0	0	0	0	0	0	0	2	5	0	0	3	20	0	0	27	75	0	0	47	39	0	8	0	0	0	3	5	0	0	5	0	0	0	10	0	0	0	1	4	0	0	21	10	0	0	29	45	0	0	102	125	0	0
102	97	23	7	0	92	13	3	0	23	7	0	29	3	0	0	60	7	0	0	87	2	0	0	13	3	0	5	0	0	0	34	3	0	0	23	7	0	1	0	0	0	2	0	0	0	29	3	0	0	60	7	0	0	82	1	0	0	2	0	0	0	0	0	0	3	0	0	0	13	3	0	0	0	0	0	1	0	0	0	5	0	0	0	34	3	0	0	23	7	0	0	0	0	0	0	0	0	0	1	0	0	0	2	0	0	0	29	3	0	0	60	7	0	0	77	1	0	0	1	0	0	0	0	0	0	0	0	0	0	2	0	0	0	0	0	0	1	0	0	0	0	0	0	0	3	0	0	0	13	3	0	0	0	0	0	0	0	0	0	0	0	0	0	1	0	0	0	5	0	0	0	34	3	0	0	23	7	0	5	0	0	0	2	0	0	0	0	0	0	0	0	0	0	0	1	0	0	0	2	0	0	0	29	3	0	0	60	7	0	0
256	243	50	36	54	230	23	0	51	50	36	54	10	0	73	12	88	90	216	0	217	19	0	39	23	0	51	3	0	70	0	25	0	204	0	50	36	54	2	0	31	0	19	0	0	20	10	0	73	12	88	90	216	0	204	19	0	39	19	0	39	3	0	56	0	19	0	156	0	23	0	51	2	0	28	0	6	0	0	11	3	0	70	0	25	0	204	0	47	36	54	16	0	0	0	10	0	0	0	2	0	31	0	19	0	0	20	10	0	73	12	81	90	216	0	191	17	0	39	19	0	39	3	0	56	0	19	0	156	0	19	0	39	0	0	14	0	0	0	0	11	3	0	56	0	19	0	156	0	20	0	51	10	0	0	0	4	0	0	0	2	0	28	0	6	0	0	11	3	0	70	0	18	0	204	0	47	36	54	10	0	6	0	2	9	0	0	16	0	0	0	10	0	0	0	2	0	31	0	19	0	0	20	10	0	73	12	81	90	216	0
277	263	23	33	64	249	0	0	60	23	33	64	0	0	56	0	48	66	192	2	235	0	0	60	0	0	60	0	0	52	0	0	0	180	0	23	33	64	0	0	0	0	8	0	0	0	0	0	56	0	48	66	192	2	221	0	0	60	0	0	60	0	0	52	0	0	0	180	0	0	0	60	0	0	0	0	0	0	0	0	0	0	52	0	0	0	180	0	23	33	64	0	0	0	0	4	0	0	0	0	0	0	0	8	0	0	0	0	0	56	0	48	66	192	2	207	0	0	60	0	0	60	0	0	52	0	0	0	180	0	0	0	60	0	0	0	0	0	0	0	0	0	0	52	0	0	0	180	0	0	0	60	0	0	0	0	0	0	0	0	0	0	0	0	0	0	0	0	0	0	52	0	0	0	180	0	23	33	64	0	0	0	0	2	0	0	0	0	0	0	0	4	0	0	0	0	0	0	0	8	0	0	0	0	0	56	0	48	66	192	2
315	299	63	55	47	283	22	0	23	63	55	47	9	0	100	13	124	165	235	18	267	19	0	14	22	0	23	0	0	32	0	25	0	115	0	63	55	47	0	0	15	0	24	0	0	0	9	0	100	13	124	165	235	18	251	19	0	14	19	0	14	0	0	28	0	18	0	70	0	22	0	23	0	0	4	0	5	0	0	0	0	0	32	0	25	0	115	0	59	55	47	9	0	0	0	12	0	0	0	0	0	15	0	24	0	0	0	9	0	100	13	115	165	235	18	235	18	0	14	19	0	14	0	0	28	0	18	0	70	0	19	0	14	0	0	0	0	0	0	0	0	0	0	28	0	18	0	70	0	18	0	23	5	0	0	0	4	0	0	0	0	0	4	0	5	0	0	0	0	0	32	0	16	0	115	0	59	55	47	12	0	0	0	4	11	0	0	9	0	0	0	12	0	0	0	0	0	15	0	24	0	0	0	9	0	100	13	115	165	235	18
119	113	14	5	12	107	1	0	0	14	5	12	0	0	32	0	27	5	12	4	101	1	0	0	1	0	0	0	0	0	0	0	0	0	0	14	5	12	0	0	0	0	1	0	0	0	0	0	32	0	27	5	12	4	95	1	0	0	1	0	0	0	0	0	0	0	0	0	0	1	0	0	0	0	0	0	0	0	0	0	0	0	0	0	0	0	0	0	14	5	12	0	0	0	0	0	0	0	0	0	0	0	0	1	0	0	0	0	0	32	0	27	5	12	4	89	1	0	0	1	0	0	0	0	0	0	0	0	0	0	1	0	0	0	0	0	0	0	0	0	0	0	0	0	0	0	0	0	0	1	0	0	0	0	0	0	0	0	0	0	0	0	0	0	0	0	0	0	0	0	0	0	0	0	0	0	14	5	12	5	0	0	0	1	0	0	0	0	0	0	0	0	0	0	0	0	0	0	0	1	0	0	0	0	0	32	0	27	5	12	4
158	150	23	12	9	142	1	0	0	23	12	9	0	0	29	0	52	18	18	4	134	1	0	0	1	0	0	0	0	0	0	0	0	0	0	23	12	9	0	0	0	0	4	0	0	0	0	0	29	0	52	18	18	4	126	1	0	0	1	0	0	0	0	0	0	0	0	0	0	1	0	0	0	0	0	0	0	0	0	0	0	0	0	0	0	0	0	0	23	12	9	0	0	0	0	2	0	0	0	0	0	0	0	4	0	0	0	0	0	29	0	52	18	18	4	118	1	0	0	1	0	0	0	0	0	0	0	0	0	0	1	0	0	0	0	0	0	0	0	0	0	0	0	0	0	0	0	0	0	1	0	0	0	0	0	0	0	0	0	0	0	0	0	0	0	0	0	0	0	0	0	0	0	0	0	0	23	12	9	5	0	0	0	3	0	0	0	0	0	0	0	2	0	0	0	0	0	0	0	4	0	0	0	0	0	29	0	52	18	18	4
396	375	60	54	137	354	33	0	94	60	54	137	31	0	72	97	74	108	411	165	333	29	0	77	33	0	94	23	0	65	69	23	0	282	134	60	54	137	17	0	0	9	28	72	0	16	31	0	72	97	74	108	411	165	312	21	0	56	29	0	77	19	0	52	56	21	0	231	113	33	0	94	2	0	0	0	0	0	0	0	23	0	65	69	23	0	282	134	59	54	137	21	0	49	25	14	36	0	98	17	0	0	9	28	72	0	16	31	0	72	97	72	108	411	165	291	6	0	50	21	0	56	4	0	32	56	13	0	168	113	29	0	77	2	0	0	0	0	0	0	0	19	0	52	56	21	0	231	113	32	0	94	0	0	48	13	0	0	0	71	2	0	0	0	0	0	0	0	23	0	65	69	21	0	282	134	57	54	137	0	0	107	0	1	0	0	48	21	0	49	25	14	36	0	98	17	0	0	9	28	72	0	16	31	0	72	97	69	108	411	165
302	286	29	28	105	270	9	0	59	29	28	105	9	0	40	87	46	42	210	174	254	6	0	50	9	0	59	4	0	38	68	5	0	118	134	29	28	105	4	0	0	0	20	42	0	2	9	0	40	87	46	42	210	174	238	4	0	50	6	0	50	0	0	34	68	3	0	100	113	9	0	59	0	0	0	0	0	0	0	0	4	0	38	68	5	0	118	134	29	28	105	4	0	0	0	6	28	0	0	4	0	0	0	20	42	0	2	9	0	40	87	46	42	210	174	222	2	0	50	4	0	50	0	0	34	68	3	0	100	113	6	0	50	0	0	0	0	0	0	0	0	0	0	34	68	3	0	100	113	9	0	59	0	0	0	0	0	0	0	0	0	0	0	0	0	0	0	0	4	0	38	68	5	0	118	134	27	28	105	0	0	8	0	0	0	0	0	4	0	0	0	6	28	0	0	4	0	0	0	20	42	0	2	9	0	40	87	43	42	210	174
303	287	21	15	87	271	4	0	34	21	15	87	1	0	12	56	38	15	87	186	255	3	0	12	4	0	34	0	0	10	12	0	0	34	134	21	15	87	0	0	0	0	21	15	0	18	1	0	12	56	38	15	87	186	239	3	0	12	3	0	12	0	0	0	12	0	0	12	113	4	0	34	0	0	0	0	0	0	0	0	0	0	10	12	0	0	34	134	21	15	87	5	0	0	0	10	0	0	0	0	0	0	0	21	15	0	18	1	0	12	56	38	15	87	186	223	0	0	12	3	0	12	0	0	0	12	0	0	12	113	3	0	12	0	0	0	0	0	0	0	0	0	0	0	12	0	0	12	113	4	0	34	0	0	0	0	0	0	0	0	0	0	0	0	0	0	0	0	0	0	10	12	0	0	34	134	21	15	87	0	0	15	0	0	0	0	0	5	0	0	0	10	0	0	0	0	0	0	0	21	15	0	18	1	0	12	56	38	15	87	186
242	229	39	40	34	216	12	0	19	39	40	34	20	0	25	19	45	112	170	47	203	6	0	10	12	0	19	4	0	24	0	5	0	95	23	39	40	34	4	0	0	0	16	48	0	2	20	0	25	19	45	112	170	47	190	4	0	10	6	0	10	0	0	20	0	3	0	50	14	12	0	19	0	0	0	0	0	0	0	0	4	0	24	0	5	0	95	23	39	40	34	4	0	0	0	6	16	0	0	4	0	0	0	16	48	0	2	20	0	25	19	45	112	170	47	177	2	0	10	4	0	10	0	0	20	0	3	0	50	14	6	0	10	0	0	0	0	0	0	0	0	0	0	20	0	3	0	50	14	12	0	19	0	0	0	0	0	0	0	0	0	0	0	0	0	0	0	0	4	0	24	0	5	0	95	23	37	40	34	0	0	8	0	0	0	0	0	4	0	0	0	6	16	0	0	4	0	0	0	16	48	0	2	20	0	25	19	42	112	170	47
277	262	44	54	47	247	20	14	21	44	54	47	24	0	26	31	58	90	188	101	232	15	14	5	20	14	21	13	0	22	5	19	0	84	74	43	54	47	7	0	0	5	20	50	0	16	24	0	26	31	57	90	188	101	217	12	10	0	15	14	5	9	0	10	0	17	0	20	53	19	14	21	1	0	0	0	0	0	0	0	13	0	22	5	18	0	84	74	40	54	47	7	40	7	0	10	20	0	20	7	0	0	5	20	50	0	16	21	0	26	31	50	90	188	101	202	7	0	0	12	10	0	6	0	0	0	15	0	0	53	14	14	5	1	0	0	0	0	0	0	0	9	0	10	0	16	0	20	53	16	14	21	0	0	6	0	0	0	0	11	1	0	0	0	0	0	0	0	10	0	22	5	11	0	84	74	37	54	47	0	0	36	0	0	0	47	0	7	40	7	0	10	20	0	20	6	0	0	5	20	50	0	16	18	0	26	31	44	90	188	101
321	303	41	33	150	285	26	16	78	41	33	150	28	16	11	72	28	16	150	410	267	17	0	76	26	16	78	13	0	11	68	15	0	78	227	41	33	150	4	0	36	20	0	0	150	0	28	16	11	72	28	16	150	410	249	9	0	75	17	0	76	0	0	11	66	8	0	76	154	26	16	78	0	0	31	19	0	0	78	0	13	0	11	68	15	0	78	227	41	33	150	0	0	55	5	0	0	0	0	4	0	36	20	0	0	150	0	28	16	11	72	28	16	150	410	231	9	0	68	9	0	75	0	0	11	54	7	0	75	128	17	0	76	0	0	30	14	0	0	76	0	0	0	11	66	8	0	76	154	26	16	78	0	0	37	0	0	0	0	0	0	0	31	19	0	0	78	0	13	0	11	68	15	0	78	227	32	33	150	0	0	0	12	0	0	0	20	0	0	55	5	0	0	0	0	4	0	36	20	0	0	150	0	28	16	11	72	21	16	150	410
211	199	31	35	41	187	17	8	21	31	35	41	17	24	11	20	21	16	123	81	175	12	0	21	17	8	21	4	0	11	20	9	0	63	40	31	35	41	4	0	0	0	0	0	41	0	17	24	11	20	21	16	123	81	163	9	0	21	12	0	21	0	0	11	20	7	0	63	15	17	8	21	0	0	0	0	0	0	21	0	4	0	11	20	9	0	63	40	31	35	41	0	0	10	0	0	0	0	0	4	0	0	0	0	0	41	0	17	24	11	20	21	16	123	81	151	9	0	21	9	0	21	0	0	11	20	7	0	63	10	12	0	21	0	0	0	0	0	0	21	0	0	0	11	20	7	0	63	15	17	8	21	0	0	0	0	0	0	0	0	0	0	0	0	0	0	21	0	4	0	11	20	9	0	63	40	22	35	41	0	0	0	0	0	0	0	0	0	0	10	0	0	0	0	0	4	0	0	0	0	0	41	0	17	24	11	20	14	16	123	81
281	265	47	65	74	249	27	10	65	47	65	74	25	50	53	8	28	70	370	34	233	15	0	65	27	10	65	10	0	53	8	15	0	325	19	47	65	74	4	0	91	0	0	0	74	0	25	50	53	8	28	70	370	34	217	11	0	65	15	0	65	0	0	53	8	7	0	325	10	27	10	65	0	0	88	0	0	0	65	0	10	0	53	8	15	0	325	19	47	65	74	0	0	18	0	0	0	0	0	4	0	91	0	0	0	74	0	25	50	53	8	28	70	370	34	201	11	0	63	11	0	65	0	0	53	6	7	0	325	10	15	0	65	0	0	88	0	0	0	65	0	0	0	53	8	7	0	325	10	27	10	65	0	0	16	0	0	0	0	0	0	0	88	0	0	0	65	0	10	0	53	8	15	0	325	19	36	65	74	0	0	0	12	0	0	0	0	0	0	18	0	0	0	0	0	4	0	91	0	0	0	74	0	25	50	53	8	21	70	370	34
320	300	66	120	86	280	47	88	29	66	120	86	45	104	0	50	75	106	172	323	260	39	60	25	47	88	29	33	48	0	43	54	78	58	193	63	120	86	9	48	36	22	1	0	172	0	45	104	0	50	72	106	172	323	240	28	36	17	39	60	25	24	0	0	22	49	54	50	142	44	88	29	9	0	31	13	1	0	58	0	33	48	0	43	51	78	58	193	52	120	86	8	0	97	9	1	0	172	14	9	48	36	22	1	0	172	0	38	104	0	50	46	106	172	323	222	28	36	6	28	36	17	24	0	0	6	46	54	34	116	36	60	25	9	0	30	0	1	0	50	0	24	0	0	22	46	54	50	142	36	88	29	8	0	72	0	1	0	58	0	9	0	31	13	1	0	58	0	26	48	0	43	34	78	58	193	39	84	86	8	0	0	12	4	0	0	20	8	0	97	9	1	0	172	14	4	48	36	22	1	0	172	0	25	104	0	50	31	52	172	323
211	199	30	35	46	187	17	8	5	30	35	46	17	24	0	25	21	16	138	218	175	12	0	4	17	8	5	4	0	0	20	9	0	15	134	30	35	46	4	0	0	4	0	0	46	0	17	24	0	25	21	16	138	218	163	9	0	0	12	0	4	0	0	0	0	7	0	12	92	17	8	5	0	0	0	0	0	0	5	0	4	0	0	20	9	0	15	134	30	35	46	0	0	10	0	0	0	0	0	4	0	0	4	0	0	46	0	17	24	0	25	21	16	138	218	151	9	0	0	9	0	0	0	0	0	0	7	0	0	66	12	0	4	0	0	0	0	0	0	4	0	0	0	0	0	7	0	12	92	17	8	5	0	0	0	0	0	0	0	0	0	0	0	0	0	0	5	0	4	0	0	20	9	0	15	134	21	35	46	0	0	0	0	0	0	0	0	0	0	10	0	0	0	0	0	4	0	0	4	0	0	46	0	17	24	0	25	14	16	138	218
187	176	15	0	73	165	4	0	43	15	0	73	0	0	35	46	0	0	0	161	154	4	0	43	4	0	43	0	0	9	46	0	0	0	91	15	0	73	0	0	0	0	0	0	0	0	0	0	35	46	0	0	0	161	143	4	0	43	4	0	43	0	0	9	46	0	0	0	90	4	0	43	0	0	0	0	0	0	0	0	0	0	9	46	0	0	0	91	15	0	73	0	0	0	0	0	0	0	0	0	0	0	0	0	0	0	0	0	0	35	46	0	0	0	161	132	4	0	43	4	0	43	0	0	9	46	0	0	0	86	4	0	43	0	0	0	0	0	0	0	0	0	0	9	46	0	0	0	90	4	0	43	0	0	0	0	0	0	0	0	0	0	0	0	0	0	0	0	0	0	9	46	0	0	0	91	11	0	73	0	0	0	0	0	0	0	0	0	0	0	0	0	0	0	0	0	0	0	0	0	0	0	0	0	0	35	46	0	0	0	161
273	256	44	55	126	239	27	16	114	44	55	126	33	0	162	29	35	0	378	74	222	27	16	114	27	16	114	33	0	148	29	31	0	342	65	44	55	126	10	0	0	0	2	0	0	0	33	0	162	29	35	0	378	74	205	27	16	114	27	16	114	33	0	148	29	31	0	342	65	27	16	114	10	0	0	0	2	0	0	0	33	0	148	29	31	0	342	65	44	55	126	0	0	0	0	3	0	0	0	10	0	0	0	2	0	0	0	33	0	162	29	35	0	378	74	189	27	16	114	27	16	114	33	0	148	29	31	0	342	65	27	16	114	10	0	0	0	2	0	0	0	33	0	148	29	31	0	342	65	27	16	114	0	0	0	0	3	0	0	0	10	0	0	0	2	0	0	0	33	0	148	29	31	0	342	65	28	39	126	0	0	0	0	3	0	0	0	0	0	0	0	3	0	0	0	10	0	0	0	2	0	0	0	33	0	162	29	29	0	378	74
138	129	25	20	19	120	18	8	9	25	20	19	33	0	19	0	17	0	38	74	111	18	8	9	18	8	9	33	0	9	0	17	0	18	65	25	20	19	8	0	0	0	1	0	0	0	33	0	19	0	17	0	38	74	102	18	8	9	18	8	9	33	0	9	0	17	0	18	65	18	8	9	8	0	0	0	1	0	0	0	33	0	9	0	17	0	18	65	25	20	19	0	0	0	0	2	0	0	0	8	0	0	0	1	0	0	0	33	0	19	0	17	0	38	74	94	18	8	9	18	8	9	33	0	9	0	17	0	18	65	18	8	9	8	0	0	0	1	0	0	0	33	0	9	0	17	0	18	65	18	8	9	0	0	0	0	2	0	0	0	8	0	0	0	1	0	0	0	33	0	9	0	17	0	18	65	15	12	19	0	0	0	0	2	0	0	0	0	0	0	0	2	0	0	0	8	0	0	0	1	0	0	0	33	0	19	0	16	0	38	74
177	165	23	29	54	153	11	20	0	23	29	54	4	0	66	0	9	0	54	397	141	9	20	0	11	20	0	0	0	0	0	7	0	0	198	23	29	54	0	0	24	0	0	0	0	0	4	0	66	0	9	0	54	397	129	9	20	0	9	20	0	0	0	0	0	7	0	0	191	11	20	0	0	0	0	0	0	0	0	0	0	0	0	0	7	0	0	198	23	29	54	0	0	0	0	0	0	0	0	0	0	24	0	0	0	0	0	4	0	66	0	9	0	54	397	119	9	20	0	9	20	0	0	0	0	0	7	0	0	178	9	20	0	0	0	0	0	0	0	0	0	0	0	0	0	7	0	0	191	11	20	0	0	0	0	0	0	0	0	0	0	0	0	0	0	0	0	0	0	0	0	0	7	0	0	198	14	9	54	0	0	0	0	0	0	0	0	0	0	0	0	0	0	0	0	0	0	24	0	0	0	0	0	4	0	66	0	2	0	54	397
135	127	20	7	38	119	12	0	0	20	7	38	4	0	50	0	9	0	38	247	111	10	0	0	12	0	0	0	0	0	0	7	0	0	120	20	7	38	0	0	24	0	0	0	0	0	4	0	50	0	9	0	38	247	103	10	0	0	10	0	0	0	0	0	0	7	0	0	115	12	0	0	0	0	0	0	0	0	0	0	0	0	0	0	7	0	0	120	20	7	38	0	0	0	0	0	0	0	0	0	0	24	0	0	0	0	0	4	0	50	0	9	0	38	247	95	10	0	0	10	0	0	0	0	0	0	7	0	0	103	10	0	0	0	0	0	0	0	0	0	0	0	0	0	0	7	0	0	115	12	0	0	0	0	0	0	0	0	0	0	0	0	0	0	0	0	0	0	0	0	0	0	7	0	0	120	10	7	38	0	0	0	0	0	0	0	0	0	0	0	0	0	0	0	0	0	0	24	0	0	0	0	0	4	0	50	0	2	0	38	247
145	133	25	35	66	121	22	32	41	25	35	66	30	24	0	59	29	24	0	145	109	22	32	41	22	32	41	30	24	0	59	28	24	0	123	25	35	66	10	0	0	0	2	0	0	0	30	24	0	59	29	24	0	145	97	22	32	41	22	32	41	30	24	0	59	28	24	0	123	22	32	41	10	0	0	0	2	0	0	0	30	24	0	59	28	24	0	123	25	35	66	0	0	0	0	3	0	0	0	10	0	0	0	2	0	0	0	30	24	0	59	29	24	0	145	88	22	32	41	22	32	41	30	24	0	59	28	24	0	123	22	32	41	10	0	0	0	2	0	0	0	30	24	0	59	28	24	0	123	22	32	41	0	0	0	0	3	0	0	0	10	0	0	0	2	0	0	0	30	24	0	59	28	24	0	123	10	8	66	0	0	0	0	3	0	0	0	0	0	0	0	3	0	0	0	10	0	0	0	2	0	0	0	30	24	0	59	22	24	0	145
197	177	46	137	65	157	30	107	43	45	137	65	13	310	9	34	46	147	0	145	137	29	99	42	29	107	43	10	270	9	33	39	128	0	123	43	137	65	13	72	0	16	3	9	0	0	12	310	9	34	44	147	0	145	117	27	99	42	28	99	42	9	270	9	33	38	126	0	123	27	107	43	10	72	0	16	3	9	0	0	9	270	9	33	37	128	0	123	40	137	65	4	0	0	0	5	20	0	0	13	72	0	16	3	9	0	0	11	310	9	34	38	147	0	145	101	25	99	42	26	99	42	7	270	9	33	35	126	0	123	26	99	42	9	72	0	16	3	9	0	0	8	270	9	33	36	126	0	123	25	107	43	1	0	0	0	3	18	0	0	10	72	0	16	3	9	0	0	8	270	9	33	33	128	0	123	16	73	65	0	0	0	0	6	20	0	0	4	0	0	0	5	20	0	0	12	72	0	16	3	9	0	0	6	310	9	34	24	131	0	145
292	270	51	85	155	248	39	85	109	51	85	155	43	0	61	172	66	68	0	218	226	39	85	51	39	85	109	43	0	57	33	55	68	0	114	51	85	155	17	0	0	43	4	0	0	397	43	0	61	172	66	68	0	218	204	39	85	50	39	85	51	43	0	27	33	55	68	0	114	39	85	109	17	0	0	40	4	0	0	198	43	0	57	33	55	68	0	114	44	85	155	1	0	0	8	5	0	0	0	17	0	0	43	4	0	0	397	43	0	61	172	49	68	0	218	187	39	85	50	39	85	50	43	0	25	33	55	68	0	114	39	85	51	17	0	0	40	4	0	0	191	43	0	27	33	55	68	0	114	36	85	109	1	0	0	8	5	0	0	0	17	0	0	40	4	0	0	198	43	0	57	33	49	68	0	114	23	0	155	0	0	0	0	6	0	0	0	1	0	0	8	5	0	0	0	17	0	0	43	4	0	0	397	33	0	61	172	35	0	0	218
168	153	61	71	59	138	44	59	57	61	71	59	57	40	63	26	85	95	59	0	123	42	55	53	44	59	57	51	40	63	25	70	87	57	0	56	71	59	25	36	10	43	4	9	0	0	57	40	63	26	80	95	59	0	109	41	54	51	42	55	53	50	36	57	25	68	83	53	0	41	59	57	22	36	10	40	4	9	0	0	51	40	63	25	67	87	57	0	47	57	59	11	9	0	17	6	9	0	0	25	36	10	43	4	9	0	0	52	40	63	26	59	67	59	0	99	40	54	51	41	54	51	49	36	52	25	66	81	51	0	39	55	53	21	36	10	40	4	9	0	0	50	36	57	25	65	83	53	0	36	49	57	8	9	0	17	5	9	0	0	22	36	10	40	4	9	0	0	46	40	63	25	57	67	57	0	30	17	59	8	0	0	0	11	9	0	0	11	9	0	17	6	9	0	0	20	36	10	43	4	9	0	0	41	0	63	26	43	27	59	0
176	161	55	72	74	146	35	50	71	55	72	74	26	60	124	41	78	92	148	0	131	34	50	53	35	50	71	23	60	120	16	60	80	142	0	48	72	74	16	0	10	61	3	0	0	86	26	60	124	41	70	92	148	0	118	34	50	49	34	50	53	23	60	84	16	59	80	106	0	32	50	71	16	0	10	54	3	0	0	29	23	60	120	16	57	80	142	0	38	46	74	9	0	0	31	3	0	0	0	16	0	10	61	3	0	0	86	19	60	124	41	46	40	148	0	108	34	50	48	34	50	49	23	60	73	16	59	80	98	0	31	50	53	16	0	10	52	3	0	0	25	23	60	84	16	56	80	106	0	26	30	71	9	0	0	29	3	0	0	0	16	0	10	54	3	0	0	29	16	60	120	16	44	40	142	0	23	16	74	8	0	0	6	8	0	0	0	9	0	0	31	3	0	0	0	11	0	10	61	3	0	0	86	8	0	124	41	27	0	148	0
224	202	74	160	115	180	51	148	87	71	160	115	38	184	12	131	124	316	0	133	160	50	140	85	50	148	87	35	176	10	127	91	296	0	128	57	120	115	14	120	0	24	3	14	0	0	34	184	12	131	106	276	0	133	142	49	132	67	49	140	85	34	168	10	92	90	284	0	106	40	112	87	11	112	0	0	2	12	0	0	31	176	10	127	78	260	0	128	38	84	115	15	104	0	53	4	14	0	86	12	120	0	24	3	14	0	0	19	112	12	131	59	204	0	133	126	45	124	62	48	132	67	33	152	10	85	88	268	0	100	39	108	85	10	104	0	0	2	12	0	0	30	168	10	92	77	252	0	106	25	80	87	1	96	0	45	2	12	0	29	9	112	0	0	2	12	0	0	16	112	10	127	42	196	0	128	26	52	115	27	104	0	38	11	52	0	0	15	104	0	53	4	14	0	86	10	56	0	24	3	14	0	0	5	48	12	131	43	140	0	133
225	206	51	77	122	187	37	71	106	50	77	122	28	87	12	95	89	165	0	74	169	37	70	104	37	71	106	28	84	10	91	68	155	0	71	39	59	122	8	14	0	24	1	0	0	0	28	87	12	95	76	147	0	74	154	37	70	81	37	70	104	28	84	10	56	68	154	0	53	33	56	106	8	14	0	0	1	0	0	0	28	84	10	91	64	140	0	71	24	14	122	8	0	0	103	1	0	0	86	8	14	0	24	1	0	0	0	20	42	12	95	40	42	0	74	140	37	70	58	37	70	81	28	84	10	49	68	154	0	49	33	56	104	8	14	0	0	1	0	0	0	28	84	10	56	64	140	0	53	21	14	106	8	0	0	52	1	0	0	29	8	14	0	0	1	0	0	0	20	42	10	91	37	42	0	71	17	0	122	11	0	0	99	5	0	0	47	8	0	0	103	1	0	0	86	4	0	0	24	1	0	0	0	10	0	12	95	29	0	0	74
160	145	60	74	39	130	43	62	36	59	74	39	33	42	12	31	106	137	39	0	116	43	62	36	43	62	36	33	42	10	31	84	124	36	0	44	60	39	9	0	0	0	2	0	0	0	33	42	12	31	87	123	39	0	105	43	62	33	43	62	36	33	42	10	29	84	124	36	0	35	51	36	9	0	0	0	2	0	0	0	33	42	10	31	74	113	36	0	33	27	39	8	0	0	26	1	0	0	0	9	0	0	0	2	0	0	0	23	9	12	31	60	46	39	0	94	43	59	29	43	62	33	33	42	10	25	84	124	33	0	35	51	36	9	0	0	0	2	0	0	0	33	42	10	29	74	113	36	0	24	18	36	8	0	0	21	1	0	0	0	9	0	0	0	2	0	0	0	23	9	10	31	47	36	36	0	30	27	39	14	30	0	30	6	0	0	0	8	0	0	26	1	0	0	0	4	0	0	0	2	0	0	0	16	9	12	31	53	46	39	0
128	116	47	54	15	104	34	44	15	46	54	15	21	34	0	0	88	80	15	0	93	34	44	15	34	44	15	21	34	0	0	73	70	15	0	37	43	15	1	0	0	0	1	0	0	0	21	34	0	0	75	69	15	0	83	34	44	14	34	44	15	21	34	0	0	73	70	15	0	28	34	15	1	0	0	0	1	0	0	0	21	34	0	0	64	60	15	0	23	33	15	0	0	0	8	0	0	0	0	1	0	0	0	1	0	0	0	11	24	0	0	39	39	15	0	73	34	44	13	34	44	14	21	34	0	0	73	70	14	0	28	34	15	1	0	0	0	1	0	0	0	21	34	0	0	64	60	15	0	14	24	15	0	0	0	7	0	0	0	0	1	0	0	0	1	0	0	0	11	24	0	0	28	30	15	0	22	33	15	5	0	0	7	0	0	0	0	0	0	0	8	0	0	0	0	0	0	0	0	1	0	0	0	8	24	0	0	36	39	15	0
109	99	49	38	6	89	34	29	6	49	38	6	21	15	0	0	94	76	12	0	79	34	29	6	34	29	6	21	15	0	0	72	62	12	0	40	38	6	0	0	0	0	2	0	0	0	21	15	0	0	81	76	12	0	70	34	29	6	34	29	6	21	15	0	0	72	62	12	0	28	29	6	0	0	0	0	2	0	0	0	21	15	0	0	63	62	12	0	31	29	6	0	0	0	0	0	0	0	0	0	0	0	0	2	0	0	0	14	15	0	0	57	49	12	0	61	34	29	6	34	29	6	21	15	0	0	72	62	12	0	28	29	6	0	0	0	0	2	0	0	0	21	15	0	0	63	62	12	0	19	20	6	0	0	0	0	0	0	0	0	0	0	0	0	2	0	0	0	14	15	0	0	39	35	12	0	31	29	6	7	0	0	0	1	0	0	0	0	0	0	0	0	0	0	0	0	0	0	0	2	0	0	0	14	15	0	0	57	49	12	0
150	137	59	51	42	124	41	40	23	59	51	42	29	32	0	36	121	110	42	60	111	40	40	21	41	40	23	25	32	0	30	86	88	23	57	51	51	42	1	0	0	20	5	8	0	0	29	32	0	36	109	110	42	60	98	40	40	21	40	40	21	25	32	0	30	85	88	21	57	33	40	23	1	0	0	20	3	8	0	0	25	32	0	30	74	88	23	57	44	51	42	0	0	0	0	2	0	0	0	1	0	0	20	5	8	0	0	22	32	0	36	90	110	42	60	85	40	40	21	40	40	21	25	32	0	30	85	88	21	53	32	40	21	1	0	0	20	3	8	0	0	25	32	0	30	73	88	21	57	26	40	23	0	0	0	0	0	0	0	0	1	0	0	20	3	8	0	0	18	32	0	30	55	88	23	57	44	51	42	11	0	0	0	6	0	0	0	0	0	0	0	2	0	0	0	1	0	0	20	5	8	0	0	22	32	0	36	90	110	42	60
131	119	53	49	3	107	27	36	0	53	49	3	17	30	0	0	117	122	6	6	95	26	36	0	27	36	0	13	30	0	0	60	96	0	6	47	49	3	0	0	0	0	7	7	0	0	17	30	0	0	106	122	6	6	83	26	36	0	26	36	0	13	30	0	0	59	96	0	6	21	36	0	0	0	0	0	3	6	0	0	13	30	0	0	49	96	0	6	43	49	3	1	0	0	0	4	0	0	0	0	0	0	0	7	7	0	0	13	30	0	0	94	122	6	6	71	25	34	0	26	36	0	13	30	0	0	59	96	0	6	20	36	0	0	0	0	0	3	6	0	0	13	30	0	0	48	96	0	6	17	36	0	0	0	0	0	0	0	0	0	0	0	0	0	3	6	0	0	9	30	0	0	37	96	0	6	43	49	3	4	8	0	0	5	4	0	0	1	0	0	0	4	0	0	0	0	0	0	0	7	7	0	0	13	30	0	0	94	122	6	6
119	109	46	33	0	99	20	21	0	46	33	0	17	0	0	0	99	91	0	0	89	19	21	0	20	21	0	13	0	0	0	45	63	0	0	43	33	0	0	0	0	0	9	7	0	0	17	0	0	0	94	91	0	0	79	19	21	0	19	21	0	13	0	0	0	44	63	0	0	17	21	0	0	0	0	0	3	7	0	0	13	0	0	0	40	63	0	0	42	33	0	1	0	0	0	6	0	0	0	0	0	0	0	9	7	0	0	15	0	0	0	91	91	0	0	69	18	21	0	19	21	0	13	0	0	0	44	63	0	0	16	21	0	0	0	0	0	3	7	0	0	13	0	0	0	39	63	0	0	16	21	0	0	0	0	0	0	0	0	0	0	0	0	0	3	7	0	0	11	0	0	0	37	63	0	0	42	33	0	6	0	0	0	4	4	0	0	1	0	0	0	6	0	0	0	0	0	0	0	9	7	0	0	15	0	0	0	91	91	0	0
89	82	33	15	0	75	13	6	0	33	15	0	11	0	0	0	74	45	0	0	68	12	6	0	13	6	0	7	0	0	0	31	24	0	0	33	15	0	0	0	0	0	8	6	0	0	11	0	0	0	74	45	0	0	61	12	6	0	12	6	0	7	0	0	0	30	24	0	0	13	6	0	0	0	0	0	2	6	0	0	7	0	0	0	31	24	0	0	33	15	0	1	0	0	0	6	0	0	0	0	0	0	0	8	6	0	0	11	0	0	0	74	45	0	0	54	11	6	0	12	6	0	7	0	0	0	30	24	0	0	12	6	0	0	0	0	0	2	6	0	0	7	0	0	0	30	24	0	0	13	6	0	0	0	0	0	0	0	0	0	0	0	0	0	2	6	0	0	7	0	0	0	31	24	0	0	33	15	0	4	0	0	0	4	3	0	0	1	0	0	0	6	0	0	0	0	0	0	0	8	6	0	0	11	0	0	0	74	45	0	0
80	74	21	8	0	68	7	0	0	21	8	0	2	0	0	0	49	16	0	0	62	7	0	0	7	0	0	2	0	0	0	18	0	0	0	21	8	0	0	0	0	0	10	0	0	0	2	0	0	0	49	16	0	0	56	7	0	0	7	0	0	2	0	0	0	18	0	0	0	7	0	0	0	0	0	0	2	0	0	0	2	0	0	0	18	0	0	0	21	8	0	1	0	0	0	8	0	0	0	0	0	0	0	10	0	0	0	2	0	0	0	49	16	0	0	50	6	0	0	7	0	0	2	0	0	0	18	0	0	0	7	0	0	0	0	0	0	2	0	0	0	2	0	0	0	18	0	0	0	7	0	0	0	0	0	0	0	0	0	0	0	0	0	0	2	0	0	0	2	0	0	0	18	0	0	0	21	8	0	2	0	0	0	2	2	0	0	1	0	0	0	8	0	0	0	0	0	0	0	10	0	0	0	2	0	0	0	49	16	0	0
141	130	36	18	20	119	22	0	0	36	18	20	19	0	0	0	93	27	40	45	108	20	0	0	22	0	0	15	0	0	0	52	0	0	23	36	18	20	4	0	0	0	17	18	0	0	19	0	0	0	93	27	40	45	97	18	0	0	20	0	0	11	0	0	0	48	0	0	21	22	0	0	0	0	0	0	4	0	0	0	15	0	0	0	52	0	0	23	36	18	20	1	0	0	0	9	18	0	0	4	0	0	0	17	18	0	0	19	0	0	0	93	27	40	45	86	16	0	0	18	0	0	11	0	0	0	45	0	0	21	20	0	0	0	0	0	0	4	0	0	0	11	0	0	0	48	0	0	21	22	0	0	0	0	0	0	0	0	0	0	0	0	0	0	4	0	0	0	15	0	0	0	52	0	0	23	36	18	20	2	0	4	0	0	0	0	0	1	0	0	0	9	18	0	0	4	0	0	0	17	18	0	0	19	0	0	0	93	27	40	45
128	117	33	33	13	106	19	24	0	33	33	13	15	16	0	0	78	57	13	3	95	17	24	0	19	24	0	11	16	0	0	48	40	0	0	30	33	13	4	0	0	0	11	14	0	0	15	16	0	0	72	57	13	3	84	15	23	0	17	24	0	7	16	0	0	44	40	0	0	16	24	0	0	0	0	0	3	0	0	0	11	16	0	0	42	40	0	0	28	33	13	0	7	0	0	6	14	0	0	4	0	0	0	11	14	0	0	13	16	0	0	66	57	13	3	73	14	14	0	15	23	0	7	14	0	0	41	38	0	0	14	24	0	0	0	0	0	3	0	0	0	7	16	0	0	38	40	0	0	14	24	0	0	0	0	0	0	0	0	0	0	0	0	0	3	0	0	0	9	16	0	0	36	40	0	0	28	33	13	0	14	4	0	0	0	13	0	0	7	0	0	6	14	0	0	4	0	0	0	11	14	0	0	13	16	0	0	66	57	13	3
139	128	30	28	9	117	11	0	0	30	28	9	10	0	0	0	75	70	36	0	106	9	0	0	11	0	0	6	0	0	0	25	0	0	0	30	28	9	4	0	0	0	20	14	0	0	10	0	0	0	75	70	36	0	95	7	0	0	9	0	0	2	0	0	0	21	0	0	0	11	0	0	0	0	0	0	2	0	0	0	6	0	0	0	25	0	0	0	30	28	9	1	0	0	0	9	14	0	0	4	0	0	0	20	14	0	0	10	0	0	0	75	70	36	0	84	6	0	0	7	0	0	2	0	0	0	18	0	0	0	9	0	0	0	0	0	0	2	0	0	0	2	0	0	0	21	0	0	0	11	0	0	0	0	0	0	0	0	0	0	0	0	0	0	2	0	0	0	6	0	0	0	25	0	0	0	30	28	9	2	0	0	0	0	0	0	0	1	0	0	0	9	14	0	0	4	0	0	0	20	14	0	0	10	0	0	0	75	70	36	0
77	71	21	5	2	65	7	0	0	21	5	2	10	0	0	0	49	10	2	0	59	5	0	0	7	0	0	6	0	0	0	12	0	0	0	21	5	2	4	0	0	0	11	10	0	0	10	0	0	0	49	10	2	0	53	3	0	0	5	0	0	2	0	0	0	8	0	0	0	7	0	0	0	0	0	0	0	0	0	0	6	0	0	0	12	0	0	0	21	5	2	1	0	0	0	9	10	0	0	4	0	0	0	11	10	0	0	10	0	0	0	49	10	2	0	47	2	0	0	3	0	0	2	0	0	0	5	0	0	0	5	0	0	0	0	0	0	0	0	0	0	2	0	0	0	8	0	0	0	7	0	0	0	0	0	0	0	0	0	0	0	0	0	0	0	0	0	0	6	0	0	0	12	0	0	0	21	5	2	2	0	0	0	0	0	0	0	1	0	0	0	9	10	0	0	4	0	0	0	11	10	0	0	10	0	0	0	49	10	2	0
99	91	28	15	0	83	6	0	0	28	15	0	14	0	0	0	63	45	0	0	75	3	0	0	6	0	0	5	0	0	0	9	0	0	0	28	15	0	9	0	0	0	18	9	0	0	14	0	0	0	63	45	0	0	67	0	0	0	3	0	0	0	0	0	0	4	0	0	0	6	0	0	0	0	0	0	0	0	0	0	5	0	0	0	9	0	0	0	28	15	0	0	0	0	0	6	9	0	0	9	0	0	0	18	9	0	0	14	0	0	0	63	45	0	0	59	0	0	0	0	0	0	0	0	0	0	0	0	0	0	3	0	0	0	0	0	0	0	0	0	0	0	0	0	0	4	0	0	0	6	0	0	0	0	0	0	0	0	0	0	0	0	0	0	0	0	0	0	5	0	0	0	9	0	0	0	28	15	0	0	0	0	0	0	0	0	0	0	0	0	0	6	9	0	0	9	0	0	0	18	9	0	0	14	0	0	0	63	45	0	0
95	87	27	7	19	79	8	0	0	27	7	19	24	0	0	0	55	35	19	29	71	3	0	0	8	0	0	5	0	0	0	12	0	0	0	27	7	19	9	0	0	0	10	14	0	0	24	0	0	0	55	35	19	29	63	0	0	0	3	0	0	0	0	0	0	4	0	0	0	8	0	0	0	0	0	0	0	0	0	0	5	0	0	0	12	0	0	0	27	7	19	0	0	0	0	0	0	0	0	9	0	0	0	10	14	0	0	24	0	0	0	55	35	19	29	55	0	0	0	0	0	0	0	0	0	0	0	0	0	0	3	0	0	0	0	0	0	0	0	0	0	0	0	0	0	4	0	0	0	8	0	0	0	0	0	0	0	0	0	0	0	0	0	0	0	0	0	0	5	0	0	0	12	0	0	0	27	7	19	0	0	0	0	0	0	0	0	0	0	0	0	0	0	0	0	9	0	0	0	10	14	0	0	24	0	0	0	55	35	19	29
168	153	36	66	31	138	9	40	0	36	66	31	19	80	0	0	65	146	62	44	123	6	18	0	9	40	0	4	36	0	0	15	69	0	0	35	66	31	5	36	0	0	10	18	62	0	19	80	0	0	63	146	62	44	108	4	0	0	6	18	0	3	0	0	0	11	27	0	0	8	40	0	0	0	0	0	0	0	0	0	4	36	0	0	13	69	0	0	34	66	31	0	0	7	0	0	0	62	0	5	36	0	0	10	18	62	0	18	80	0	0	60	146	62	44	93	2	0	0	4	0	0	1	0	0	0	8	0	0	0	5	18	0	0	0	0	0	0	0	0	0	3	0	0	0	9	27	0	0	7	40	0	0	0	0	0	0	0	0	0	0	0	0	0	0	0	0	0	3	36	0	0	10	69	0	0	34	66	31	0	0	14	0	0	0	0	0	0	0	7	0	0	0	62	0	5	36	0	0	10	18	62	0	18	80	0	0	60	146	62	44
105	96	27	18	10	87	8	0	0	27	18	10	24	0	0	0	54	42	30	9	78	3	0	0	8	0	0	5	0	0	0	12	0	0	0	27	18	10	9	0	0	0	10	12	0	0	24	0	0	0	54	42	30	9	69	0	0	0	3	0	0	0	0	0	0	4	0	0	0	8	0	0	0	0	0	0	0	0	0	0	5	0	0	0	12	0	0	0	27	18	10	0	0	0	0	0	0	0	0	9	0	0	0	10	12	0	0	24	0	0	0	54	42	30	9	60	0	0	0	0	0	0	0	0	0	0	0	0	0	0	3	0	0	0	0	0	0	0	0	0	0	0	0	0	0	4	0	0	0	8	0	0	0	0	0	0	0	0	0	0	0	0	0	0	0	0	0	0	5	0	0	0	12	0	0	0	27	18	10	0	0	0	0	0	0	0	0	0	0	0	0	0	0	0	0	9	0	0	0	10	12	0	0	24	0	0	0	54	42	30	9
116	106	29	24	10	96	9	0	0	29	24	10	26	0	0	0	54	54	40	9	86	3	0	0	9	0	0	5	0	0	0	13	0	0	0	29	24	10	9	0	0	0	9	18	0	0	26	0	0	0	54	54	40	9	76	0	0	0	3	0	0	0	0	0	0	4	0	0	0	9	0	0	0	0	0	0	0	0	0	0	5	0	0	0	13	0	0	0	29	24	10	0	0	0	0	0	0	0	0	9	0	0	0	9	18	0	0	26	0	0	0	54	54	40	9	66	0	0	0	0	0	0	0	0	0	0	0	0	0	0	3	0	0	0	0	0	0	0	0	0	0	0	0	0	0	4	0	0	0	9	0	0	0	0	0	0	0	0	0	0	0	0	0	0	0	0	0	0	5	0	0	0	13	0	0	0	29	24	10	0	0	0	0	0	0	0	0	0	0	0	0	0	0	0	0	9	0	0	0	9	18	0	0	26	0	0	0	54	54	40	9
134	122	30	46	3	110	7	15	0	30	46	3	20	35	0	0	52	76	15	0	98	2	5	0	7	15	0	4	5	0	0	11	15	0	0	30	46	3	4	25	0	0	9	15	3	0	20	35	0	0	52	76	15	0	86	0	0	0	2	5	0	0	0	0	0	3	5	0	0	7	15	0	0	0	0	0	0	0	0	0	4	5	0	0	11	15	0	0	30	46	3	0	0	0	0	0	0	3	0	4	25	0	0	9	15	3	0	20	35	0	0	52	76	15	0	74	0	0	0	0	0	0	0	0	0	0	0	0	0	0	2	5	0	0	0	0	0	0	0	0	0	0	0	0	0	3	5	0	0	7	15	0	0	0	0	0	0	0	0	0	0	0	0	0	0	0	0	0	4	5	0	0	11	15	0	0	30	46	3	0	0	0	0	0	0	0	0	0	0	0	0	0	0	3	0	4	25	0	0	9	15	3	0	20	35	0	0	52	76	15	0
167	151	27	73	33	135	6	18	0	27	73	33	8	90	23	0	33	123	165	73	119	2	0	0	6	18	0	1	0	0	0	10	27	0	0	26	73	33	0	0	23	0	0	0	66	0	8	90	23	0	31	123	165	73	103	2	0	0	2	0	0	1	0	0	0	5	0	0	0	5	18	0	0	0	0	0	0	0	0	0	1	0	0	0	8	27	0	0	25	73	33	0	0	0	0	0	0	0	0	0	0	23	0	0	0	66	0	7	90	23	0	28	123	165	73	87	2	0	0	2	0	0	1	0	0	0	5	0	0	0	1	0	0	0	0	0	0	0	0	0	0	1	0	0	0	3	0	0	0	4	18	0	0	0	0	0	0	0	0	0	0	0	0	0	0	0	0	0	0	0	0	0	5	27	0	0	25	73	33	0	0	0	0	0	0	0	0	0	0	0	0	0	0	0	0	0	0	23	0	0	0	66	0	7	90	23	0	28	123	165	73
108	98	19	16	26	88	6	0	0	19	16	26	17	0	23	0	25	8	52	54	78	0	0	0	6	0	0	0	0	0	0	8	0	0	0	19	16	26	0	0	23	0	0	0	0	0	17	0	23	0	25	8	52	54	68	0	0	0	0	0	0	0	0	0	0	0	0	0	0	6	0	0	0	0	0	0	0	0	0	0	0	0	0	0	8	0	0	0	19	16	26	0	0	0	0	0	0	0	0	0	0	23	0	0	0	0	0	17	0	23	0	25	8	52	54	58	0	0	0	0	0	0	0	0	0	0	0	0	0	0	0	0	0	0	0	0	0	0	0	0	0	0	0	0	0	0	0	0	0	6	0	0	0	0	0	0	0	0	0	0	0	0	0	0	0	0	0	0	0	0	0	0	8	0	0	0	19	16	26	0	0	0	0	0	0	0	0	0	0	0	0	0	0	0	0	0	0	23	0	0	0	0	0	17	0	23	0	25	8	52	54
77	70	16	0	17	63	4	0	0	16	0	17	13	0	5	0	18	0	0	23	56	0	0	0	4	0	0	0	0	0	0	5	0	0	0	16	0	17	0	0	5	0	0	0	0	0	13	0	5	0	18	0	0	23	49	0	0	0	0	0	0	0	0	0	0	0	0	0	0	4	0	0	0	0	0	0	0	0	0	0	0	0	0	0	5	0	0	0	16	0	17	0	0	0	0	0	0	0	0	0	0	5	0	0	0	0	0	13	0	5	0	18	0	0	23	42	0	0	0	0	0	0	0	0	0	0	0	0	0	0	0	0	0	0	0	0	0	0	0	0	0	0	0	0	0	0	0	0	0	4	0	0	0	0	0	0	0	0	0	0	0	0	0	0	0	0	0	0	0	0	0	0	5	0	0	0	16	0	17	0	0	0	0	0	0	0	0	0	0	0	0	0	0	0	0	0	0	5	0	0	0	0	0	13	0	5	0	18	0	0	23
95	86	15	20	11	77	3	6	0	15	20	11	11	12	5	0	17	14	22	13	68	0	0	0	3	6	0	0	0	0	0	4	6	0	0	15	20	11	0	0	5	0	0	0	11	0	11	12	5	0	17	14	22	13	59	0	0	0	0	0	0	0	0	0	0	0	0	0	0	3	6	0	0	0	0	0	0	0	0	0	0	0	0	0	4	6	0	0	15	20	11	0	0	0	0	0	0	0	0	0	0	5	0	0	0	11	0	11	12	5	0	17	14	22	13	50	0	0	0	0	0	0	0	0	0	0	0	0	0	0	0	0	0	0	0	0	0	0	0	0	0	0	0	0	0	0	0	0	0	3	6	0	0	0	0	0	0	0	0	0	0	0	0	0	0	0	0	0	0	0	0	0	4	6	0	0	15	20	11	0	0	0	0	0	0	0	0	0	0	0	0	0	0	0	0	0	0	5	0	0	0	11	0	11	12	5	0	17	14	22	13
75	68	15	10	5	61	4	0	0	15	10	5	13	0	5	0	18	5	10	3	54	0	0	0	4	0	0	0	0	0	0	5	0	0	0	15	10	5	0	0	5	0	0	0	0	0	13	0	5	0	18	5	10	3	47	0	0	0	0	0	0	0	0	0	0	0	0	0	0	4	0	0	0	0	0	0	0	0	0	0	0	0	0	0	5	0	0	0	15	10	5	0	0	0	0	0	0	0	0	0	0	5	0	0	0	0	0	13	0	5	0	18	5	10	3	40	0	0	0	0	0	0	0	0	0	0	0	0	0	0	0	0	0	0	0	0	0	0	0	0	0	0	0	0	0	0	0	0	0	4	0	0	0	0	0	0	0	0	0	0	0	0	0	0	0	0	0	0	0	0	0	0	5	0	0	0	15	10	5	0	0	0	0	0	0	0	0	0	0	0	0	0	0	0	0	0	0	5	0	0	0	0	0	13	0	5	0	18	5	10	3
78	70	16	12	20	62	2	0	9	16	12	20	1	0	40	18	23	18	40	33	54	2	0	0	2	0	9	1	0	18	0	5	0	18	0	15	12	20	0	0	0	0	0	0	0	31	1	0	40	18	21	18	40	33	46	2	0	0	2	0	0	1	0	0	0	5	0	0	0	1	0	9	0	0	0	0	0	0	0	0	1	0	18	0	3	0	18	0	14	12	20	0	0	0	0	0	0	0	0	0	0	0	0	0	0	0	31	0	0	40	18	18	18	40	33	38	2	0	0	2	0	0	1	0	0	0	5	0	0	0	1	0	0	0	0	0	0	0	0	0	0	1	0	0	0	3	0	0	0	0	0	9	0	0	0	0	0	0	0	0	0	0	0	0	0	0	0	0	0	0	18	0	0	0	18	0	14	12	20	0	0	0	0	0	0	0	0	0	0	0	0	0	0	0	0	0	0	0	0	0	0	0	31	0	0	40	18	18	18	40	33
68	61	16	10	20	54	2	0	9	16	10	20	1	0	40	18	23	15	40	33	47	2	0	0	2	0	9	1	0	18	0	5	0	18	0	15	10	20	0	0	0	0	0	0	0	31	1	0	40	18	21	15	40	33	40	2	0	0	2	0	0	1	0	0	0	5	0	0	0	1	0	9	0	0	0	0	0	0	0	0	1	0	18	0	3	0	18	0	14	10	20	0	0	0	0	0	0	0	0	0	0	0	0	0	0	0	31	0	0	40	18	18	15	40	33	33	2	0	0	2	0	0	1	0	0	0	5	0	0	0	1	0	0	0	0	0	0	0	0	0	0	1	0	0	0	3	0	0	0	0	0	9	0	0	0	0	0	0	0	0	0	0	0	0	0	0	0	0	0	0	18	0	0	0	18	0	14	10	20	0	0	0	0	0	0	0	0	0	0	0	0	0	0	0	0	0	0	0	0	0	0	0	31	0	0	40	18	18	15	40	33
89	80	9	8	38	71	0	0	5	9	8	38	0	0	34	25	11	8	38	75	62	0	0	0	0	0	5	0	0	5	0	0	0	5	0	9	8	38	0	0	0	0	0	0	0	3	0	0	34	25	11	8	38	75	53	0	0	0	0	0	0	0	0	0	0	0	0	0	0	0	0	5	0	0	0	0	0	0	0	0	0	0	5	0	0	0	5	0	9	8	38	0	0	0	0	0	0	0	0	0	0	0	0	0	0	0	3	0	0	34	25	11	8	38	75	44	0	0	0	0	0	0	0	0	0	0	0	0	0	0	0	0	0	0	0	0	0	0	0	0	0	0	0	0	0	0	0	0	0	0	0	5	0	0	0	0	0	0	0	0	0	0	0	0	0	0	0	0	0	0	5	0	0	0	5	0	9	8	38	0	0	0	0	0	0	0	0	0	0	0	0	0	0	0	0	0	0	0	0	0	0	0	3	0	0	34	25	11	8	38	75
60	54	6	0	28	48	0	0	0	6	0	28	0	0	24	0	8	0	0	75	42	0	0	0	0	0	0	0	0	0	0	0	0	0	0	6	0	28	0	0	0	0	0	0	0	0	0	0	24	0	8	0	0	75	36	0	0	0	0	0	0	0	0	0	0	0	0	0	0	0	0	0	0	0	0	0	0	0	0	0	0	0	0	0	0	0	0	0	6	0	28	0	0	0	0	0	0	0	0	0	0	0	0	0	0	0	0	0	0	24	0	8	0	0	75	30	0	0	0	0	0	0	0	0	0	0	0	0	0	0	0	0	0	0	0	0	0	0	0	0	0	0	0	0	0	0	0	0	0	0	0	0	0	0	0	0	0	0	0	0	0	0	0	0	0	0	0	0	0	0	0	0	0	0	0	0	6	0	28	0	0	0	0	0	0	0	0	0	0	0	0	0	0	0	0	0	0	0	0	0	0	0	0	0	0	24	0	8	0	0	75
66	59	19	12	9	52	7	0	0	19	12	9	4	0	18	0	32	18	36	33	45	7	0	0	7	0	0	4	0	0	0	19	0	0	0	16	12	9	0	0	0	0	0	0	0	0	4	0	18	0	26	18	36	33	38	7	0	0	7	0	0	4	0	0	0	19	0	0	0	4	0	0	0	0	0	0	0	0	0	0	4	0	0	0	13	0	0	0	12	12	9	0	0	0	0	0	0	0	0	0	0	0	0	0	0	0	0	0	0	18	0	13	18	36	33	31	7	0	0	7	0	0	4	0	0	0	19	0	0	0	4	0	0	0	0	0	0	0	0	0	0	4	0	0	0	13	0	0	0	0	0	0	0	0	0	0	0	0	0	0	0	0	0	0	0	0	0	0	0	0	0	0	0	0	0	0	12	12	9	0	0	0	0	0	0	0	0	0	0	0	0	0	0	0	0	0	0	0	0	0	0	0	0	0	0	18	0	13	18	36	33
76	66	26	24	20	56	12	16	17	24	24	20	5	8	12	0	43	42	20	9	47	12	16	17	12	16	17	5	8	12	0	31	40	17	0	17	15	20	0	0	0	0	0	0	0	0	5	8	12	0	32	24	20	9	39	12	16	17	12	16	17	5	8	12	0	31	40	17	0	8	8	17	0	0	0	0	0	0	0	0	5	8	12	0	24	24	17	0	9	7	20	0	0	0	0	0	0	0	0	0	0	0	0	0	0	0	0	0	0	12	0	8	0	20	9	31	12	16	17	12	16	17	5	8	12	0	31	40	17	0	8	8	17	0	0	0	0	0	0	0	0	5	8	12	0	24	24	17	0	0	0	17	0	0	0	0	0	0	0	0	0	0	0	0	0	0	0	0	0	0	12	0	0	0	17	0	9	7	20	0	0	0	0	0	0	0	0	0	0	0	0	0	0	0	0	0	0	0	0	0	0	0	0	0	0	12	0	8	0	20	9
82	72	33	23	22	62	17	9	22	33	23	22	8	0	27	0	60	41	44	0	52	17	9	22	17	9	22	8	0	27	0	42	27	44	0	23	23	22	0	0	0	0	0	0	0	0	8	0	27	0	44	41	44	0	43	17	9	22	17	9	22	8	0	27	0	42	27	44	0	10	9	22	0	0	0	0	0	0	0	0	8	0	27	0	30	27	44	0	13	14	22	0	0	0	0	0	0	0	0	0	0	0	0	0	0	0	0	0	0	27	0	14	14	44	0	34	17	9	22	17	9	22	8	0	27	0	42	27	44	0	10	9	22	0	0	0	0	0	0	0	0	8	0	27	0	30	27	44	0	0	0	22	0	0	0	0	0	0	0	0	0	0	0	0	0	0	0	0	0	0	27	0	0	0	44	0	13	14	22	2	0	0	0	0	0	0	0	0	0	0	0	0	0	0	0	0	0	0	0	0	0	0	0	0	0	27	0	14	14	44	0
120	105	31	49	55	90	11	26	34	29	49	55	6	13	46	67	56	89	110	49	76	11	26	23	11	26	34	6	13	46	18	28	65	68	18	21	35	55	0	0	0	18	1	0	0	33	6	13	46	67	43	61	110	49	63	11	26	13	11	26	23	6	13	46	0	28	65	46	0	6	13	34	0	0	0	0	0	0	0	0	6	13	46	18	19	39	68	18	15	22	55	0	0	0	7	0	0	0	31	0	0	0	18	1	0	0	33	0	0	46	67	24	22	110	49	50	11	26	4	11	26	13	6	13	44	0	28	65	26	0	6	13	23	0	0	0	0	0	0	0	0	6	13	46	0	19	39	46	0	0	0	34	0	0	0	0	0	0	0	0	0	0	0	0	0	0	0	0	0	0	46	18	0	0	68	18	15	22	55	2	0	0	8	0	0	0	13	0	0	0	7	0	0	0	31	0	0	0	18	1	0	0	33	0	0	46	67	24	22	110	49
116	103	17	12	68	90	10	0	36	17	12	68	5	0	0	89	33	0	68	87	77	10	0	14	10	0	36	5	0	0	23	27	0	36	23	13	12	68	0	0	0	43	0	0	0	44	5	0	0	89	25	0	68	87	64	10	0	0	10	0	14	5	0	0	0	27	0	14	0	6	0	36	0	0	0	0	0	0	0	0	5	0	0	23	19	0	36	23	7	12	68	0	0	0	0	0	0	0	34	0	0	0	43	0	0	0	44	0	0	0	89	6	0	68	87	51	10	0	0	10	0	0	5	0	0	0	27	0	0	0	6	0	14	0	0	0	0	0	0	0	0	5	0	0	0	19	0	14	0	0	0	36	0	0	0	0	0	0	0	0	0	0	0	0	0	0	0	0	0	0	0	23	0	0	36	23	7	12	68	0	0	0	0	0	0	0	0	0	0	0	0	0	0	0	34	0	0	0	43	0	0	0	44	0	0	0	89	6	0	68	87
69	59	27	33	3	49	10	21	0	25	33	3	5	14	0	0	40	77	6	9	40	10	21	0	10	21	0	5	14	0	0	24	63	0	0	13	24	3	0	0	0	0	0	0	0	0	5	14	0	0	22	59	6	9	33	10	21	0	10	21	0	5	14	0	0	24	63	0	0	5	14	0	0	0	0	0	0	0	0	0	5	14	0	0	15	49	0	0	8	10	3	0	0	0	0	0	0	0	0	0	0	0	0	0	0	0	0	0	0	0	0	7	10	6	9	26	10	21	0	10	21	0	5	14	0	0	24	63	0	0	5	14	0	0	0	0	0	0	0	0	0	5	14	0	0	15	49	0	0	0	0	0	0	0	0	0	0	0	0	0	0	0	0	0	0	0	0	0	0	0	0	0	0	0	0	0	8	10	3	2	0	0	0	0	0	0	0	0	0	0	0	0	0	0	0	0	0	0	0	0	0	0	0	0	0	0	0	7	10	6	9
122	106	46	59	75	90	20	11	74	42	59	75	18	44	58	6	79	125	300	0	74	19	0	74	16	11	74	16	0	58	6	25	11	296	0	28	59	75	0	0	12	0	1	0	75	0	4	44	58	6	58	125	300	0	58	19	0	74	15	0	74	16	0	58	6	24	0	296	0	2	11	74	0	0	12	0	0	0	74	0	2	0	58	6	4	11	296	0	27	59	75	1	0	0	0	1	0	0	0	0	0	12	0	1	0	75	0	2	44	58	6	55	125	300	0	42	18	0	74	15	0	74	16	0	58	6	24	0	296	0	1	0	74	0	0	12	0	0	0	74	0	2	0	58	6	3	0	296	0	1	11	74	0	0	0	0	0	0	0	0	0	0	12	0	0	0	74	0	0	0	58	6	1	11	296	0	27	59	75	19	0	0	0	12	15	0	0	1	0	0	0	1	0	0	0	0	0	12	0	1	0	75	0	2	44	58	6	55	125	300	0
77	66	50	35	29	55	23	10	28	43	35	29	32	0	33	6	85	95	145	0	45	21	10	28	18	10	28	26	0	33	6	31	20	140	0	29	25	29	2	0	11	0	2	0	0	0	14	0	33	6	64	75	145	0	35	21	10	28	16	10	28	26	0	33	6	28	20	140	0	4	0	28	2	0	11	0	0	0	0	0	8	0	33	6	10	0	140	0	27	25	29	10	0	0	0	2	0	0	0	0	0	11	0	2	0	0	0	6	0	33	6	57	75	145	0	25	19	10	28	16	10	28	26	0	33	6	28	20	140	0	2	0	28	2	0	11	0	0	0	0	0	8	0	33	6	7	0	140	0	2	0	28	0	0	0	0	0	0	0	0	0	0	11	0	0	0	0	0	0	0	33	6	3	0	140	0	27	25	29	37	0	0	0	14	10	0	0	10	0	0	0	2	0	0	0	0	0	11	0	2	0	0	0	6	0	33	6	57	75	145	0
117	100	44	68	68	83	26	42	41	39	68	68	22	28	17	23	78	123	136	80	68	25	42	41	24	42	41	18	28	17	23	50	84	82	56	23	38	68	0	0	0	0	0	0	0	0	12	28	17	23	54	78	136	80	54	25	42	41	23	42	41	18	28	17	23	49	84	82	45	11	14	41	0	0	0	0	0	0	0	0	8	28	17	23	30	42	82	56	13	24	68	0	0	0	0	0	0	0	0	0	0	0	0	0	0	0	0	4	0	17	23	25	36	136	80	40	25	40	41	23	42	41	18	28	17	23	49	84	82	35	10	14	41	0	0	0	0	0	0	0	0	8	28	17	23	29	42	82	45	1	0	41	0	0	0	0	0	0	0	0	0	0	0	0	0	0	0	0	0	0	17	23	1	0	82	56	13	24	68	12	24	0	0	3	0	0	0	0	0	0	0	0	0	0	0	0	0	0	0	0	0	0	0	4	0	17	23	25	36	136	80
101	87	26	25	80	73	15	24	33	24	25	80	7	12	8	31	52	62	0	168	60	15	24	33	15	24	33	7	12	8	31	37	60	0	109	14	12	80	0	0	0	0	0	0	0	0	7	12	8	31	36	36	0	168	48	15	24	33	15	24	33	7	12	8	31	37	60	0	76	8	12	33	0	0	0	0	0	0	0	0	7	12	8	31	25	36	0	109	6	0	80	0	0	0	0	0	0	0	0	0	0	0	0	0	0	0	0	0	0	8	31	11	0	0	168	36	15	24	32	15	24	33	7	12	8	30	37	60	0	52	8	12	33	0	0	0	0	0	0	0	0	7	12	8	31	25	36	0	76	0	0	33	0	0	0	0	0	0	0	0	0	0	0	0	0	0	0	0	0	0	8	31	0	0	0	109	6	0	80	2	0	0	7	0	0	0	0	0	0	0	0	0	0	0	0	0	0	0	0	0	0	0	0	0	0	8	31	11	0	0	168
95	82	37	39	37	69	17	12	34	33	39	37	17	0	8	19	66	78	111	0	57	16	12	34	15	12	34	13	0	8	19	27	24	102	0	22	27	37	0	0	0	0	0	0	0	0	7	0	8	19	49	54	111	0	45	16	12	34	14	12	34	13	0	8	19	26	24	102	0	4	0	34	0	0	0	0	0	0	0	0	3	0	8	19	10	0	102	0	19	27	37	0	0	0	0	0	0	0	0	0	0	0	0	0	0	0	0	4	0	8	19	40	54	111	0	33	16	12	33	14	12	34	13	0	8	18	26	24	102	0	3	0	34	0	0	0	0	0	0	0	0	3	0	8	19	9	0	102	0	1	0	34	0	0	0	0	0	0	0	0	0	0	0	0	0	0	0	0	0	0	8	19	1	0	102	0	19	27	37	11	0	0	7	8	0	0	0	0	0	0	0	0	0	0	0	0	0	0	0	0	0	0	0	4	0	8	19	40	54	111	0
107	90	58	56	100	73	34	30	57	50	56	100	39	0	64	53	84	84	200	209	58	34	30	57	29	30	57	39	0	52	53	52	45	114	177	31	26	100	10	0	0	0	3	0	0	0	21	0	64	53	57	39	200	209	43	32	30	57	29	30	57	39	0	52	53	52	45	114	177	10	0	57	6	0	0	0	0	0	0	0	21	0	52	53	25	0	114	177	23	26	100	15	0	24	0	4	0	0	0	8	0	0	0	3	0	0	0	4	0	64	53	36	39	200	209	28	23	26	57	27	30	57	35	0	52	53	48	45	114	177	10	0	57	6	0	0	0	0	0	0	0	21	0	52	53	25	0	114	177	2	0	57	0	0	24	0	0	0	0	0	4	0	0	0	0	0	0	0	4	0	52	53	4	0	114	177	21	26	100	37	52	66	0	18	13	0	0	15	0	24	0	4	0	0	0	4	0	0	0	3	0	0	0	0	0	64	53	32	39	200	209
123	105	52	45	135	87	27	0	105	46	45	135	30	0	99	60	70	75	405	141	69	26	0	105	21	0	105	28	0	86	60	34	0	315	136	28	45	135	2	0	10	0	2	0	0	0	10	0	99	60	43	75	405	141	51	26	0	105	20	0	105	28	0	86	60	34	0	315	136	3	0	105	2	0	10	0	0	0	0	0	8	0	86	60	7	0	315	136	26	45	135	15	0	0	0	4	0	0	0	0	0	10	0	2	0	0	0	2	0	99	60	36	75	405	141	33	21	0	105	20	0	105	28	0	86	60	34	0	315	136	2	0	105	2	0	10	0	0	0	0	0	8	0	86	60	7	0	315	136	1	0	105	0	0	0	0	0	0	0	0	0	0	10	0	0	0	0	0	0	0	86	60	0	0	315	136	26	45	135	39	0	0	0	17	45	0	0	15	0	0	0	4	0	0	0	0	0	10	0	2	0	0	0	2	0	99	60	36	75	405	141
86	70	51	84	38	56	25	48	21	44	56	38	31	48	43	11	61	100	152	104	44	23	48	21	21	24	21	26	48	31	11	33	36	84	102	28	32	38	6	0	10	0	1	8	0	0	15	0	43	11	38	64	152	104	32	22	48	21	19	24	21	25	48	31	11	32	36	84	102	5	0	21	3	0	10	0	0	0	0	0	10	0	31	11	10	0	84	102	25	32	38	18	0	0	0	4	8	0	0	4	0	10	0	1	8	0	0	6	0	43	11	29	64	152	104	20	16	40	21	18	24	21	24	48	31	11	30	36	84	102	3	0	21	2	0	10	0	0	0	0	0	9	0	31	11	9	0	84	102	2	0	21	0	0	0	0	0	0	0	0	1	0	10	0	0	0	0	0	1	0	31	11	1	0	84	102	24	32	38	31	64	0	0	15	32	0	0	18	0	0	0	4	8	0	0	3	0	10	0	1	8	0	0	5	0	43	11	28	64	152	104
87	69	63	121	17	52	27	79	12	52	104	17	29	140	24	0	65	221	85	29	39	26	77	12	22	66	12	26	132	24	0	33	143	60	28	29	52	17	12	22	0	0	2	6	0	0	13	88	24	0	34	143	85	29	28	23	67	12	21	66	12	25	132	24	0	32	143	60	28	6	22	12	5	22	0	0	0	0	0	0	10	88	24	0	11	77	60	28	26	30	17	12	60	24	0	6	6	0	0	12	0	0	0	2	6	0	0	8	0	24	0	28	66	85	29	17	17	35	12	18	56	12	20	92	24	0	26	108	60	28	5	22	12	4	22	0	0	0	0	0	0	9	88	24	0	10	77	60	28	3	0	12	0	0	24	0	0	0	0	0	5	0	0	0	0	0	0	0	5	0	24	0	5	0	60	28	23	30	17	23	120	24	0	15	24	34	0	12	60	24	0	6	6	0	0	7	0	0	0	2	6	0	0	3	0	24	0	23	66	85	29
74	58	42	81	37	44	19	63	0	32	53	37	18	90	11	0	58	71	37	209	35	19	63	0	16	45	0	18	90	0	0	30	63	0	177	19	8	37	2	0	0	0	2	0	0	0	10	0	11	0	38	8	37	209	26	19	63	0	16	45	0	18	90	0	0	30	63	0	177	3	0	0	2	0	0	0	0	0	0	0	10	0	0	0	10	0	0	177	16	8	37	11	0	0	0	2	0	0	0	0	0	0	0	2	0	0	0	0	0	11	0	28	8	37	209	17	15	58	0	16	45	0	18	90	0	0	30	63	0	177	3	0	0	2	0	0	0	0	0	0	0	10	0	0	0	10	0	0	177	0	0	0	0	0	0	0	0	0	0	0	0	0	0	0	0	0	0	0	0	0	0	0	0	0	0	177	16	8	37	32	40	12	0	13	8	0	0	11	0	0	0	2	0	0	0	0	0	0	0	2	0	0	0	0	0	11	0	28	8	37	209
81	65	38	63	71	50	19	39	40	30	48	71	23	26	71	20	26	39	142	190	37	18	39	40	14	26	40	20	26	69	20	23	39	80	138	20	22	71	6	0	0	0	0	0	0	0	13	0	71	20	13	0	142	190	24	14	35	40	13	26	40	19	26	69	20	22	39	80	138	4	0	40	3	0	0	0	0	0	0	0	10	0	69	20	10	0	80	138	17	22	71	6	44	12	0	5	11	0	0	4	0	0	0	0	0	0	0	4	0	71	20	4	0	142	190	11	4	11	40	9	22	40	9	22	69	20	12	33	80	138	3	0	40	2	0	0	0	0	0	0	0	9	0	69	20	9	0	80	138	1	0	40	0	0	0	0	0	0	0	0	1	0	0	0	0	0	0	0	1	0	69	20	1	0	80	138	16	22	71	2	22	47	0	5	11	142	0	6	44	12	0	5	11	0	0	3	0	0	0	0	0	0	0	3	0	71	20	3	0	142	190
106	88	34	32	155	70	22	0	107	29	32	155	24	0	35	73	30	0	310	290	52	21	0	106	17	0	107	21	0	33	71	28	0	214	195	16	32	155	6	0	0	11	0	0	0	0	13	0	35	73	12	0	310	290	34	17	0	106	16	0	106	20	0	33	71	27	0	212	195	4	0	107	3	0	0	11	0	0	0	0	10	0	33	71	10	0	214	195	13	32	155	8	0	12	0	3	16	0	0	4	0	0	11	0	0	0	0	4	0	35	73	3	0	310	290	16	4	0	106	12	0	106	10	0	33	71	17	0	212	195	3	0	106	2	0	0	11	0	0	0	0	9	0	33	71	9	0	212	195	1	0	107	0	0	0	0	0	0	0	0	1	0	0	11	0	0	0	0	1	0	33	71	1	0	214	195	12	32	155	2	0	66	0	3	16	0	0	8	0	12	0	3	16	0	0	3	0	0	11	0	0	0	0	3	0	35	73	2	0	310	290
93	77	39	39	116	61	22	0	110	36	39	116	40	0	82	0	34	13	348	17	45	15	0	110	19	0	110	17	0	82	0	25	0	330	12	27	39	116	6	0	64	0	0	0	0	0	33	0	82	0	22	13	348	17	29	11	0	110	12	0	110	16	0	82	0	21	0	330	12	10	0	110	3	0	64	0	0	0	0	0	10	0	82	0	13	0	330	12	24	39	116	8	0	12	0	5	13	0	0	4	0	64	0	0	0	0	0	24	0	82	0	13	13	348	17	13	2	0	110	8	0	110	6	0	82	0	11	0	330	12	3	0	110	2	0	64	0	0	0	0	0	9	0	82	0	9	0	330	12	7	0	110	0	0	0	0	0	0	0	0	1	0	64	0	0	0	0	0	1	0	82	0	4	0	330	12	16	39	116	2	0	24	0	5	13	0	0	8	0	12	0	5	13	0	0	3	0	64	0	0	0	0	0	23	0	82	0	8	13	348	17
109	90	44	35	171	71	33	18	111	37	35	171	41	0	0	124	46	18	171	327	53	29	18	99	27	18	111	38	0	0	78	44	18	111	195	19	17	171	10	0	42	12	0	0	0	75	21	0	0	124	21	0	171	327	35	24	17	99	23	18	99	33	0	0	78	38	18	99	195	9	0	111	7	0	38	12	0	0	0	74	18	0	0	78	19	0	111	195	14	17	171	7	17	40	0	4	0	0	0	8	0	42	12	0	0	0	75	8	0	0	124	8	0	171	327	17	6	0	99	18	17	99	20	0	0	78	25	17	99	195	5	0	99	2	0	38	12	0	0	0	74	13	0	0	78	13	0	99	195	4	0	111	0	0	24	0	0	0	0	0	5	0	38	12	0	0	0	74	5	0	0	78	6	0	111	195	10	17	171	2	0	134	0	4	0	171	0	7	17	40	0	4	0	0	0	3	0	42	12	0	0	0	75	3	0	0	124	2	0	171	327
90	73	52	78	74	56	34	40	58	46	78	74	51	62	45	24	53	71	222	55	40	22	25	58	29	40	58	31	25	45	24	40	54	174	33	32	62	74	6	47	128	0	0	0	74	0	40	62	45	24	35	55	222	55	25	16	11	58	17	25	58	23	11	45	24	29	36	174	33	17	25	58	6	11	124	0	0	0	58	0	20	25	45	24	24	39	174	33	26	47	74	5	33	49	0	4	11	74	0	4	47	128	0	0	0	74	0	28	47	45	24	20	25	222	55	11	4	0	58	11	11	58	10	0	45	24	15	11	174	33	5	11	58	2	0	124	0	0	0	58	0	12	11	45	24	13	22	174	33	12	11	58	0	0	33	0	0	0	58	0	4	11	124	0	0	0	58	0	8	11	45	24	11	11	174	33	13	33	74	2	0	68	0	4	11	74	0	5	33	49	0	4	11	74	0	0	33	128	0	0	0	74	0	20	33	45	24	8	11	222	55
75	60	16	0	163	45	10	0	84	13	0	163	6	0	55	119	12	0	0	587	30	9	0	82	7	0	84	5	0	36	115	9	0	0	426	7	0	163	1	0	11	20	0	0	0	0	2	0	55	119	5	0	0	587	15	3	0	82	6	0	82	4	0	36	115	7	0	0	413	1	0	84	0	0	0	20	0	0	0	0	1	0	36	115	2	0	0	426	6	0	163	0	0	58	0	0	0	0	0	1	0	11	20	0	0	0	0	1	0	55	119	3	0	0	587	0	0	0	82	0	0	82	0	0	36	115	0	0	0	413	0	0	82	0	0	0	20	0	0	0	0	0	0	36	115	0	0	0	413	0	0	84	0	0	7	0	0	0	0	0	0	0	0	20	0	0	0	0	0	0	36	115	0	0	0	426	0	0	163	0	0	19	0	0	0	0	0	0	0	58	0	0	0	0	0	0	0	11	20	0	0	0	0	0	0	55	119	0	0	0	587
63	49	20	25	96	36	7	24	40	17	12	96	5	12	55	49	12	12	0	416	24	6	24	40	5	12	40	4	12	36	49	7	12	0	315	13	0	96	1	0	11	0	0	0	0	0	2	0	55	49	7	0	0	416	12	2	12	40	4	12	40	3	12	36	49	5	12	0	314	1	0	40	0	0	0	0	0	0	0	0	1	0	36	49	2	0	0	315	12	0	96	0	0	41	0	0	0	96	0	1	0	11	0	0	0	0	0	1	0	55	49	5	0	0	416	0	0	0	40	0	0	40	0	0	36	49	0	0	0	314	0	0	40	0	0	0	0	0	0	0	0	0	0	36	49	0	0	0	314	0	0	40	0	0	7	0	0	0	40	0	0	0	0	0	0	0	0	0	0	0	36	49	0	0	0	315	0	0	96	0	0	19	0	0	0	96	0	0	0	41	0	0	0	96	0	0	0	11	0	0	0	0	0	0	0	55	49	0	0	0	416
44	35	16	8	47	26	4	0	20	15	8	47	3	0	55	29	10	8	47	190	17	3	0	20	3	0	20	2	0	36	29	4	0	20	168	13	8	47	1	0	11	0	0	0	0	0	2	0	55	29	8	8	47	190	8	1	0	20	2	0	20	1	0	36	29	2	0	20	168	1	0	20	0	0	0	0	0	0	0	0	1	0	36	29	2	0	20	168	11	8	47	0	0	11	0	0	0	0	0	1	0	11	0	0	0	0	0	1	0	55	29	4	8	47	190	0	0	0	20	0	0	20	0	0	36	29	0	0	20	168	0	0	20	0	0	0	0	0	0	0	0	0	0	36	29	0	0	20	168	0	0	20	0	0	0	0	0	0	0	0	0	0	0	0	0	0	0	0	0	0	36	29	0	0	20	168	0	0	47	0	0	0	0	0	0	0	0	0	0	11	0	0	0	0	0	0	0	11	0	0	0	0	0	0	0	55	29	0	0	47	190
42	33	14	18	31	24	2	0	29	13	18	31	1	0	68	18	6	6	93	0	15	2	0	29	1	0	29	1	0	60	18	1	0	87	0	12	18	31	0	0	0	0	0	0	0	0	0	0	68	18	5	6	93	0	6	1	0	29	1	0	29	1	0	60	18	1	0	87	0	0	0	29	0	0	0	0	0	0	0	0	0	0	60	18	0	0	87	0	11	18	31	0	0	0	0	0	0	0	0	0	0	0	0	0	0	0	0	0	0	68	18	3	6	93	0	0	0	0	29	0	0	29	0	0	60	18	0	0	87	0	0	0	29	0	0	0	0	0	0	0	0	0	0	60	18	0	0	87	0	0	0	29	0	0	0	0	0	0	0	0	0	0	0	0	0	0	0	0	0	0	60	18	0	0	87	0	0	0	31	0	0	0	0	0	0	0	0	0	0	0	0	0	0	0	0	0	0	0	0	0	0	0	0	0	0	68	18	0	0	93	0
32	25	11	12	11	18	2	0	9	10	12	11	1	0	44	18	6	4	33	0	11	2	0	9	1	0	9	1	0	36	18	1	0	27	0	9	12	11	0	0	0	0	0	0	0	0	0	0	44	18	5	4	33	0	4	1	0	9	1	0	9	1	0	36	18	1	0	27	0	0	0	9	0	0	0	0	0	0	0	0	0	0	36	18	0	0	27	0	8	12	11	0	0	0	0	0	0	0	0	0	0	0	0	0	0	0	0	0	0	44	18	3	4	33	0	0	0	0	9	0	0	9	0	0	36	18	0	0	27	0	0	0	9	0	0	0	0	0	0	0	0	0	0	36	18	0	0	27	0	0	0	9	0	0	0	0	0	0	0	0	0	0	0	0	0	0	0	0	0	0	36	18	0	0	27	0	0	0	11	0	0	0	0	0	0	0	0	0	0	0	0	0	0	0	0	0	0	0	0	0	0	0	0	0	0	44	18	0	0	33	0
63	47	14	15	134	31	3	0	108	14	15	134	5	0	76	88	26	30	134	89	15	0	0	87	3	0	108	0	0	73	45	3	0	108	58	9	15	134	0	0	46	125	0	0	0	74	5	0	76	88	21	30	134	89	0	0	0	85	0	0	87	0	0	57	45	0	0	87	58	0	0	108	0	0	43	121	0	0	0	58	0	0	73	45	0	0	108	58	0	0	134	0	0	0	24	0	0	0	0	0	0	46	125	0	0	0	74	0	0	76	88	0	0	134	89	0	0	0	85	0	0	85	0	0	53	45	0	0	85	58	0	0	87	0	0	28	121	0	0	0	58	0	0	57	45	0	0	87	58	0	0	108	0	0	0	24	0	0	0	0	0	0	43	121	0	0	0	58	0	0	73	45	0	0	108	58	0	0	0	0	0	0	0	0	0	0	0	0	0	0	24	0	0	0	0	0	0	0	125	0	0	0	74	0	0	0	88	0	0	0	89
44	33	7	0	90	22	0	0	84	7	0	90	0	0	30	63	17	0	0	0	11	0	0	81	0	0	84	0	0	30	53	0	0	0	0	7	0	90	0	0	0	27	0	0	0	0	0	0	30	63	17	0	0	0	0	0	0	81	0	0	81	0	0	29	53	0	0	0	0	0	0	84	0	0	0	27	0	0	0	0	0	0	30	53	0	0	0	0	0	0	90	0	0	0	0	0	0	0	0	0	0	0	27	0	0	0	0	0	0	30	63	0	0	0	0	0	0	0	81	0	0	81	0	0	29	53	0	0	0	0	0	0	81	0	0	0	27	0	0	0	0	0	0	29	53	0	0	0	0	0	0	84	0	0	0	0	0	0	0	0	0	0	0	27	0	0	0	0	0	0	30	53	0	0	0	0	0	0	0	0	0	0	0	0	0	0	0	0	0	0	0	0	0	0	0	0	0	0	27	0	0	0	0	0	0	0	63	0	0	0	0
41	30	21	24	85	19	3	0	85	21	24	85	7	0	104	0	34	72	255	0	8	0	0	82	3	0	85	0	0	104	0	3	0	255	0	9	24	85	0	0	46	37	0	0	0	0	7	0	104	0	19	72	255	0	0	0	0	80	0	0	82	0	0	99	0	0	0	246	0	0	0	85	0	0	46	33	0	0	0	0	0	0	104	0	0	0	255	0	0	0	85	0	0	0	24	0	0	0	0	0	0	46	37	0	0	0	0	0	0	104	0	0	0	255	0	0	0	0	80	0	0	80	0	0	95	0	0	0	240	0	0	0	82	0	0	42	33	0	0	0	0	0	0	99	0	0	0	246	0	0	0	85	0	0	0	24	0	0	0	0	0	0	46	33	0	0	0	0	0	0	104	0	0	0	255	0	0	0	0	0	0	0	0	0	0	0	0	0	0	0	24	0	0	0	0	0	0	0	37	0	0	0	0	0	0	0	0	0	0	0	0
48	36	2	0	96	24	0	0	80	2	0	96	0	0	10	63	4	0	0	42	12	0	0	77	0	0	80	0	0	10	53	0	0	0	38	2	0	96	0	0	0	27	0	0	0	0	0	0	10	63	4	0	0	42	0	0	0	77	0	0	77	0	0	9	53	0	0	0	38	0	0	80	0	0	0	27	0	0	0	0	0	0	10	53	0	0	0	38	0	0	96	0	0	0	0	0	0	0	0	0	0	0	27	0	0	0	0	0	0	10	63	0	0	0	42	0	0	0	77	0	0	77	0	0	9	53	0	0	0	38	0	0	77	0	0	0	27	0	0	0	0	0	0	9	53	0	0	0	38	0	0	80	0	0	0	0	0	0	0	0	0	0	0	27	0	0	0	0	0	0	10	53	0	0	0	38	0	0	0	0	0	0	0	0	0	0	0	0	0	0	0	0	0	0	0	0	0	0	27	0	0	0	0	0	0	0	63	0	0	0	42
32	24	1	0	52	16	0	0	36	1	0	52	0	0	0	63	2	0	0	42	8	0	0	34	0	0	36	0	0	0	53	0	0	0	38	1	0	52	0	0	0	18	0	0	0	0	0	0	0	63	2	0	0	42	0	0	0	34	0	0	34	0	0	0	53	0	0	0	38	0	0	36	0	0	0	18	0	0	0	0	0	0	0	53	0	0	0	38	0	0	52	0	0	0	0	0	0	0	0	0	0	0	18	0	0	0	0	0	0	0	63	0	0	0	42	0	0	0	34	0	0	34	0	0	0	53	0	0	0	38	0	0	34	0	0	0	18	0	0	0	0	0	0	0	53	0	0	0	38	0	0	36	0	0	0	0	0	0	0	0	0	0	0	18	0	0	0	0	0	0	0	53	0	0	0	38	0	0	0	0	0	0	0	0	0	0	0	0	0	0	0	0	0	0	0	0	0	0	18	0	0	0	0	0	0	0	63	0	0	0	42
40	26	21	24	98	12	0	0	84	18	24	98	0	0	62	76	22	36	196	85	0	0	0	84	0	0	84	0	0	57	76	0	0	168	85	0	0	98	0	0	0	0	0	0	0	0	0	0	62	76	0	0	196	85	0	0	0	82	0	0	84	0	0	57	72	0	0	168	82	0	0	84	0	0	0	0	0	0	0	0	0	0	57	76	0	0	168	85	0	0	0	0	0	0	28	0	0	0	0	0	0	0	0	0	0	0	0	0	0	0	76	0	0	0	85	0	0	0	79	0	0	82	0	0	53	68	0	0	164	80	0	0	84	0	0	0	0	0	0	0	0	0	0	57	72	0	0	168	82	0	0	0	0	0	0	24	0	0	0	0	0	0	0	0	0	0	0	0	0	0	0	76	0	0	0	85	0	0	0	0	0	0	34	0	0	0	0	0	0	0	28	0	0	0	0	0	0	0	0	0	0	0	0	0	0	0	0	0	0	0	0
51	33	26	45	121	15	0	0	120	22	45	121	0	0	104	14	31	60	363	0	0	0	0	120	0	0	120	0	0	103	14	0	0	360	0	0	0	121	0	0	0	0	0	0	0	0	0	0	104	14	0	0	363	0	0	0	0	120	0	0	120	0	0	103	14	0	0	360	0	0	0	120	0	0	0	0	0	0	0	0	0	0	103	14	0	0	360	0	0	0	0	0	0	0	0	0	0	0	0	0	0	0	0	0	0	0	0	0	0	0	14	0	0	0	0	0	0	0	117	0	0	120	0	0	103	14	0	0	360	0	0	0	120	0	0	0	0	0	0	0	0	0	0	103	14	0	0	360	0	0	0	0	0	0	0	0	0	0	0	0	0	0	0	0	0	0	0	0	0	0	0	14	0	0	0	0	0	0	0	0	0	0	34	0	0	0	0	0	0	0	0	0	0	0	0	0	0	0	0	0	0	0	0	0	0	0	0	0	0	0	0
40	26	22	24	120	12	1	0	86	19	24	120	4	0	121	130	25	24	240	219	0	0	0	83	0	0	86	0	0	115	127	0	0	172	193	0	0	120	0	0	11	33	0	0	0	0	0	0	121	130	0	0	240	219	0	0	0	64	0	0	83	0	0	112	108	0	0	166	169	0	0	86	0	0	11	0	0	0	0	0	0	0	115	127	0	0	172	193	0	0	0	0	0	0	67	0	0	0	74	0	0	0	33	0	0	0	0	0	0	0	130	0	0	0	219	0	0	0	55	0	0	64	0	0	77	104	0	0	128	165	0	0	83	0	0	11	0	0	0	0	0	0	0	112	108	0	0	166	169	0	0	0	0	0	0	33	0	0	0	58	0	0	0	0	0	0	0	0	0	0	0	127	0	0	0	193	0	0	0	0	0	0	34	0	0	0	17	0	0	0	67	0	0	0	74	0	0	0	33	0	0	0	0	0	0	0	0	0	0	0	0
20	12	16	16	7	4	0	0	7	11	16	7	0	0	7	0	16	20	28	0	0	0	0	7	0	0	7	0	0	7	0	0	0	28	0	0	0	7	0	0	0	0	0	0	0	0	0	0	7	0	0	0	28	0	0	0	0	7	0	0	7	0	0	7	0	0	0	28	0	0	0	7	0	0	0	0	0	0	0	0	0	0	7	0	0	0	28	0	0	0	0	0	0	0	0	0	0	0	0	0	0	0	0	0	0	0	0	0	0	0	0	0	0	0	0	0	0	0	7	0	0	7	0	0	7	0	0	0	28	0	0	0	7	0	0	0	0	0	0	0	0	0	0	7	0	0	0	28	0	0	0	0	0	0	0	0	0	0	0	0	0	0	0	0	0	0	0	0	0	0	0	0	0	0	0	0	0	0	0	0	0	0	0	0	0	0	0	0	0	0	0	0	0	0	0	0	0	0	0	0	0	0	0	0	0	0	0	0	0	0	0
28	17	23	30	19	6	1	0	11	15	30	19	4	0	44	0	20	42	95	85	0	0	0	11	0	0	11	0	0	44	0	0	0	55	85	0	0	19	0	0	11	0	0	0	0	0	0	0	44	0	0	0	95	85	0	0	0	6	0	0	11	0	0	44	0	0	0	55	82	0	0	11	0	0	11	0	0	0	0	0	0	0	44	0	0	0	55	85	0	0	0	0	0	0	30	0	0	0	0	0	0	0	0	0	0	0	0	0	0	0	0	0	0	0	85	0	0	0	0	0	0	6	0	0	24	0	0	0	30	80	0	0	11	0	0	11	0	0	0	0	0	0	0	44	0	0	0	55	82	0	0	0	0	0	0	0	0	0	0	0	0	0	0	0	0	0	0	0	0	0	0	0	0	0	0	85	0	0	0	0	0	0	0	0	0	0	17	0	0	0	30	0	0	0	0	0	0	0	0	0	0	0	0	0	0	0	0	0	0	0	0
33	16	14	16	145	0	0	0	118	0	0	145	0	0	90	73	0	0	145	146	0	0	0	115	0	0	118	0	0	88	68	0	0	118	104	0	0	0	0	0	0	46	0	0	0	0	0	0	0	73	0	0	0	146	0	0	0	95	0	0	115	0	0	88	65	0	0	115	101	0	0	0	0	0	0	43	0	0	0	0	0	0	0	68	0	0	0	104	0	0	0	0	0	0	88	0	0	0	96	0	0	0	46	0	0	0	0	0	0	0	0	0	0	0	0	0	0	0	43	0	0	95	0	0	72	40	0	0	95	77	0	0	0	0	0	0	28	0	0	0	0	0	0	0	65	0	0	0	101	0	0	0	0	0	0	14	0	0	0	40	0	0	0	43	0	0	0	0	0	0	0	0	0	0	0	0	0	0	0	0	0	0	105	0	0	0	316	0	0	0	88	0	0	0	96	0	0	0	0	0	0	0	0	0	0	0	0	0	0	0	0
35	17	9	17	164	0	0	0	103	0	0	164	0	0	31	160	0	0	164	365	0	0	0	100	0	0	103	0	0	29	153	0	0	103	308	0	0	0	0	0	0	46	0	0	0	0	0	0	0	160	0	0	0	365	0	0	0	100	0	0	100	0	0	29	153	0	0	100	305	0	0	0	0	0	0	46	0	0	0	0	0	0	0	153	0	0	0	308	0	0	0	0	0	0	0	0	0	0	0	0	0	0	46	0	0	0	0	0	0	0	0	0	0	0	0	0	0	0	90	0	0	100	0	0	29	139	0	0	100	279	0	0	0	0	0	0	42	0	0	0	0	0	0	0	153	0	0	0	305	0	0	0	0	0	0	0	0	0	0	0	0	0	0	46	0	0	0	0	0	0	0	0	0	0	0	0	0	0	0	0	0	0	92	0	0	0	0	0	0	0	0	0	0	0	0	0	0	0	0	0	0	0	0	0	0	0	0	0	0	0	0
34	16	8	32	131	0	0	0	86	0	0	131	0	0	31	83	0	0	262	245	0	0	0	86	0	0	86	0	0	29	83	0	0	172	222	0	0	0	0	0	0	0	0	0	0	0	0	0	0	83	0	0	0	245	0	0	0	86	0	0	86	0	0	29	83	0	0	172	222	0	0	0	0	0	0	0	0	0	0	0	0	0	0	83	0	0	0	222	0	0	0	0	0	0	0	0	0	0	0	0	0	0	0	0	0	0	0	0	0	0	0	0	0	0	0	0	0	0	80	0	0	86	0	0	29	73	0	0	172	215	0	0	0	0	0	0	0	0	0	0	0	0	0	0	83	0	0	0	222	0	0	0	0	0	0	0	0	0	0	0	0	0	0	0	0	0	0	0	0	0	0	0	0	0	0	0	0	0	0	0	0	0	38	0	0	0	0	0	0	0	0	0	0	0	0	0	0	0	0	0	0	0	0	0	0	0	0	0	0	0	0
24	11	11	22	78	0	0	0	70	0	0	78	0	0	68	22	0	0	156	19	0	0	0	70	0	0	70	0	0	66	22	0	0	140	11	0	0	0	0	0	0	0	0	0	0	0	0	0	0	22	0	0	0	19	0	0	0	68	0	0	70	0	0	66	22	0	0	140	11	0	0	0	0	0	0	0	0	0	0	0	0	0	0	22	0	0	0	11	0	0	0	0	0	0	22	0	0	0	0	0	0	0	0	0	0	0	0	0	0	0	0	0	0	0	0	0	0	0	45	0	0	68	0	0	64	12	0	0	136	6	0	0	0	0	0	0	0	0	0	0	0	0	0	0	22	0	0	0	11	0	0	0	0	0	0	0	0	0	0	0	0	0	0	0	0	0	0	0	0	0	0	0	0	0	0	0	0	0	0	0	0	0	96	0	0	0	71	0	0	0	22	0	0	0	0	0	0	0	0	0	0	0	0	0	0	0	0	0	0	0	0
17	8	8	8	34	0	0	0	9	0	0	34	0	0	18	0	0	0	34	147	0	0	0	9	0	0	9	0	0	18	0	0	0	9	138	0	0	0	0	0	0	0	0	0	0	0	0	0	0	0	0	0	0	147	0	0	0	9	0	0	9	0	0	18	0	0	0	9	138	0	0	0	0	0	0	0	0	0	0	0	0	0	0	0	0	0	0	138	0	0	0	0	0	0	0	0	0	0	0	0	0	0	0	0	0	0	0	0	0	0	0	0	0	0	0	0	0	0	8	0	0	9	0	0	18	0	0	0	9	133	0	0	0	0	0	0	0	0	0	0	0	0	0	0	0	0	0	0	138	0	0	0	0	0	0	0	0	0	0	0	0	0	0	0	0	0	0	0	0	0	0	0	0	0	0	0	0	0	0	0	0	0	8	0	0	0	0	0	0	0	0	0	0	0	0	0	0	0	0	0	0	0	0	0	0	0	0	0	0	0	0
12	0	0	0	152	0	0	0	69	0	0	0	0	0	0	169	0	0	0	552	0	0	0	67	0	0	0	0	0	0	161	0	0	0	386	0	0	0	0	0	0	22	0	0	0	0	0	0	0	0	0	0	0	0	0	0	0	67	0	0	0	0	0	0	161	0	0	0	380	0	0	0	0	0	0	22	0	0	0	0	0	0	0	0	0	0	0	0	0	0	0	0	0	0	0	0	0	0	0	0	0	0	0	0	0	0	0	0	0	0	0	0	0	0	0	0	0	0	51	0	0	0	0	0	0	143	0	0	0	358	0	0	0	0	0	0	22	0	0	0	0	0	0	0	0	0	0	0	0	0	0	0	0	0	0	0	0	0	0	0	0	0	0	0	0	0	0	0	0	0	0	0	0	0	0	0	0	0	0	0	0	0	38	0	0	0	96	0	0	0	0	0	0	0	0	0	0	0	0	0	0	0	0	0	0	0	0	0	0	0	0
5	0	0	0	55	0	0	0	21	0	0	0	0	0	0	69	0	0	0	209	0	0	0	21	0	0	0	0	0	0	69	0	0	0	156	0	0	0	0	0	0	0	0	0	0	0	0	0	0	0	0	0	0	0	0	0	0	21	0	0	0	0	0	0	69	0	0	0	156	0	0	0	0	0	0	0	0	0	0	0	0	0	0	0	0	0	0	0	0	0	0	0	0	0	0	0	0	0	0	0	0	0	0	0	0	0	0	0	0	0	0	0	0	0	0	0	0	0	21	0	0	0	0	0	0	69	0	0	0	154	0	0	0	0	0	0	0	0	0	0	0	0	0	0	0	0	0	0	0	0	0	0	0	0	0	0	0	0	0	0	0	0	0	0	0	0	0	0	0	0	0	0	0	0	0	0	0	0	0	0	0	0	0	0	0	0	0	0	0	0	0	0	0	0	0	0	0	0	0	0	0	0	0	0	0	0	0	0	0	0	0
