394	386	45	20	0	378	30	16	0	45	20	0	28	16	0	0	47	32	0	0	370	30	16	0	30	16	0	28	16	0	0	43	32	0	0	45	20	0	1	0	0	0	1	0	0	0	28	16	0	0	47	32	0	0	362	30	16	0	30	16	0	28	16	0	0	43	32	0	0	30	16	0	1	0	0	0	1	0	0	0	28	16	0	0	43	32	0	0	45	20	0	0	0	0	0	1	0	0	0	1	0	0	0	1	0	0	0	28	16	0	0	47	32	0	0	354	30	16	0	30	16	0	28	16	0	0	43	32	0	0	30	16	0	1	0	0	0	1	0	0	0	28	16	0	0	43	32	0	0	30	16	0	0	0	0	0	1	0	0	0	1	0	0	0	1	0	0	0	28	16	0	0	43	32	0	0	45	20	0	17	0	0	0	2	0	0	0	0	0	0	0	1	0	0	0	1	0	0	0	1	0	0	0	28	16	0	0	47	32	0	0
347	340	38	14	0	333	28	12	0	38	14	0	28	8	0	0	45	12	0	0	326	28	12	0	28	12	0	28	8	0	0	44	12	0	0	38	14	0	1	0	0	0	1	0	0	0	28	8	0	0	45	12	0	0	319	28	12	0	28	12	0	28	8	0	0	44	12	0	0	28	12	0	1	0	0	0	1	0	0	0	28	8	0	0	44	12	0	0	38	14	0	0	0	0	0	1	0	0	0	1	0	0	0	1	0	0	0	28	8	0	0	45	12	0	0	312	28	12	0	28	12	0	28	8	0	0	44	12	0	0	28	12	0	1	0	0	0	1	0	0	0	28	8	0	0	44	12	0	0	28	12	0	0	0	0	0	1	0	0	0	1	0	0	0	1	0	0	0	28	8	0	0	44	12	0	0	38	14	0	12	0	0	0	1	0	0	0	0	0	0	0	1	0	0	0	1	0	0	0	1	0	0	0	28	8	0	0	45	12	0	0
379	367	49	55	0	355	33	45	0	49	55	0	30	42	0	0	55	73	0	0	343	32	45	0	33	45	0	26	42	0	0	43	70	0	0	49	55	0	5	0	0	0	0	7	0	0	30	42	0	0	55	73	0	0	331	31	45	0	32	45	0	25	42	0	0	42	70	0	0	33	45	0	1	0	0	0	0	7	0	0	26	42	0	0	43	70	0	0	48	55	0	0	0	0	0	0	7	0	0	5	0	0	0	0	7	0	0	30	42	0	0	55	73	0	0	319	31	45	0	31	45	0	25	42	0	0	42	70	0	0	32	45	0	1	0	0	0	0	7	0	0	25	42	0	0	42	70	0	0	32	45	0	0	0	0	0	0	7	0	0	1	0	0	0	0	7	0	0	26	42	0	0	43	70	0	0	46	55	0	12	0	0	0	2	0	0	0	0	0	0	0	0	7	0	0	5	0	0	0	0	7	0	0	29	42	0	0	53	73	0	0
767	747	100	166	0	727	71	132	0	100	166	0	59	189	0	0	120	298	0	0	707	71	131	0	71	132	0	59	186	0	0	94	284	0	0	100	166	0	5	15	0	0	9	0	0	0	59	189	0	0	120	298	0	0	687	71	131	0	71	131	0	59	186	0	0	94	284	0	0	71	132	0	5	15	0	0	2	0	0	0	59	186	0	0	94	284	0	0	100	166	0	1	0	0	0	7	0	0	0	5	15	0	0	9	0	0	0	59	189	0	0	120	298	0	0	667	70	119	0	71	131	0	59	186	0	0	94	284	0	0	71	131	0	5	15	0	0	2	0	0	0	59	186	0	0	94	284	0	0	71	132	0	0	0	0	0	4	0	0	0	5	15	0	0	2	0	0	0	59	186	0	0	94	284	0	0	100	166	0	10	48	0	0	13	4	0	0	1	0	0	0	7	0	0	0	5	15	0	0	9	0	0	0	59	189	0	0	120	298	0	0
448	439	43	26	0	430	38	18	0	43	26	0	31	0	0	0	53	0	0	0	421	38	18	0	38	18	0	31	0	0	0	52	0	0	0	43	26	0	1	0	0	0	1	0	0	0	31	0	0	0	53	0	0	0	412	38	18	0	38	18	0	31	0	0	0	52	0	0	0	38	18	0	1	0	0	0	1	0	0	0	31	0	0	0	52	0	0	0	43	26	0	0	0	0	0	1	0	0	0	1	0	0	0	1	0	0	0	31	0	0	0	53	0	0	0	403	38	18	0	38	18	0	31	0	0	0	52	0	0	0	38	18	0	1	0	0	0	1	0	0	0	31	0	0	0	52	0	0	0	38	18	0	0	0	0	0	1	0	0	0	1	0	0	0	1	0	0	0	31	0	0	0	52	0	0	0	43	26	0	12	0	0	0	2	0	0	0	0	0	0	0	1	0	0	0	1	0	0	0	1	0	0	0	31	0	0	0	53	0	0	0
561	547	69	70	12	533	63	69	0	69	70	12	58	12	0	0	78	42	0	0	519	63	69	0	63	69	0	58	12	0	0	76	42	0	0	69	70	12	6	0	0	0	7	0	0	0	58	12	0	0	78	42	0	0	505	63	69	0	63	69	0	58	12	0	0	76	42	0	0	63	69	0	6	0	0	0	2	0	0	0	58	12	0	0	76	42	0	0	69	70	12	3	0	0	0	10	0	0	0	6	0	0	0	7	0	0	0	58	12	0	0	78	42	0	0	491	58	69	0	63	69	0	58	12	0	0	76	42	0	0	63	69	0	6	0	0	0	2	0	0	0	58	12	0	0	76	42	0	0	63	69	0	0	0	0	0	6	0	0	0	6	0	0	0	2	0	0	0	58	12	0	0	76	42	0	0	69	70	12	7	0	12	0	11	6	0	0	3	0	0	0	10	0	0	0	6	0	0	0	7	0	0	0	58	12	0	0	78	42	0	0
331	324	40	14	8	317	40	14	0	40	14	8	38	0	0	0	46	0	0	0	310	40	14	0	40	14	0	38	0	0	0	46	0	0	0	40	14	8	3	0	0	0	0	0	0	0	38	0	0	0	46	0	0	0	303	40	14	0	40	14	0	38	0	0	0	46	0	0	0	40	14	0	3	0	0	0	0	0	0	0	38	0	0	0	46	0	0	0	40	14	8	0	0	0	0	0	0	0	0	3	0	0	0	0	0	0	0	38	0	0	0	46	0	0	0	296	37	14	0	40	14	0	38	0	0	0	46	0	0	0	40	14	0	3	0	0	0	0	0	0	0	38	0	0	0	46	0	0	0	40	14	0	0	0	0	0	0	0	0	0	3	0	0	0	0	0	0	0	38	0	0	0	46	0	0	0	40	14	8	0	0	12	0	3	0	0	0	0	0	0	0	0	0	0	0	3	0	0	0	0	0	0	0	38	0	0	0	46	0	0	0
614	600	96	72	4	586	87	65	0	96	72	4	82	51	0	0	109	43	0	0	572	87	65	0	87	65	0	82	51	0	0	109	42	0	0	96	72	4	13	0	0	0	20	0	0	0	82	51	0	0	109	43	0	0	558	87	65	0	87	65	0	82	51	0	0	109	42	0	0	87	65	0	13	0	0	0	10	0	0	0	82	51	0	0	109	42	0	0	96	72	4	10	0	0	0	19	0	0	0	13	0	0	0	20	0	0	0	82	51	0	0	109	43	0	0	544	81	65	0	87	65	0	82	51	0	0	109	42	0	0	87	65	0	13	0	0	0	10	0	0	0	82	51	0	0	109	42	0	0	87	65	0	7	0	0	0	14	0	0	0	13	0	0	0	10	0	0	0	82	51	0	0	109	42	0	0	96	72	4	18	0	12	0	16	13	0	0	10	0	0	0	19	0	0	0	13	0	0	0	20	0	0	0	82	51	0	0	109	43	0	0
739	720	146	154	4	701	127	137	0	146	154	4	115	95	0	0	183	178	4	0	682	122	135	0	127	137	0	115	89	0	0	173	175	0	0	146	154	4	40	10	0	0	26	25	0	0	115	95	0	0	183	178	4	0	663	118	134	0	122	135	0	108	89	0	0	158	175	0	0	127	137	0	40	10	0	0	20	6	0	0	115	89	0	0	173	175	0	0	146	154	4	34	4	0	0	31	31	0	0	40	10	0	0	26	25	0	0	115	95	0	0	183	178	4	0	644	111	127	0	118	134	0	104	86	0	0	146	170	0	0	122	135	0	35	10	0	0	17	5	0	0	108	89	0	0	158	175	0	0	127	137	0	32	0	0	0	27	18	0	0	40	10	0	0	20	6	0	0	115	89	0	0	173	175	0	0	145	154	4	15	12	12	0	22	28	4	0	34	4	0	0	31	31	0	0	40	10	0	0	26	25	0	0	115	95	0	0	182	178	4	0
682	665	149	125	0	648	133	109	0	149	125	0	109	90	0	0	198	140	0	0	631	122	103	0	133	109	0	95	90	0	0	190	140	0	0	149	125	0	36	54	0	0	33	58	0	0	109	90	0	0	198	140	0	0	614	118	99	0	122	103	0	88	78	0	0	169	134	0	0	133	109	0	36	54	0	0	28	44	0	0	95	90	0	0	190	140	0	0	149	125	0	72	36	0	0	49	20	0	0	36	54	0	0	33	58	0	0	109	90	0	0	198	140	0	0	597	113	95	0	118	99	0	84	78	0	0	157	134	0	0	122	103	0	31	54	0	0	25	44	0	0	88	78	0	0	169	134	0	0	133	109	0	69	36	0	0	45	12	0	0	36	54	0	0	28	44	0	0	95	90	0	0	190	140	0	0	149	125	0	39	8	0	0	30	18	0	0	72	36	0	0	49	20	0	0	36	54	0	0	33	58	0	0	109	90	0	0	198	140	0	0
887	867	200	164	6	847	167	149	0	200	164	6	140	159	0	0	322	225	0	4	827	155	121	0	167	149	0	109	151	0	0	253	198	0	0	200	164	6	58	56	0	0	45	48	24	0	140	159	0	0	322	225	0	4	807	148	100	0	155	121	0	104	115	0	0	226	125	0	0	167	149	0	50	40	0	0	41	45	0	0	109	151	0	0	253	198	0	0	200	164	6	89	80	4	0	71	48	6	0	58	56	0	0	45	48	24	0	140	159	0	0	322	225	0	4	787	140	95	0	148	100	0	98	110	0	0	214	80	0	0	155	121	0	49	20	0	0	38	27	0	0	104	115	0	0	226	125	0	0	167	149	0	87	80	0	0	68	45	0	0	50	40	0	0	41	45	0	0	109	151	0	0	253	198	0	0	200	164	6	83	0	16	0	43	32	6	0	89	80	4	0	71	48	6	0	58	56	0	0	45	48	24	0	140	159	0	0	322	225	0	4
817	797	175	171	2	777	146	163	0	175	171	2	129	97	0	0	301	245	0	0	757	130	154	0	146	163	0	99	94	0	0	248	236	0	0	175	171	2	63	53	0	0	46	57	2	0	129	97	0	0	301	245	0	0	737	122	139	0	130	154	0	88	84	0	0	209	222	0	0	146	163	0	53	49	0	0	39	55	0	0	99	94	0	0	248	236	0	0	175	171	2	86	141	0	0	59	56	0	0	63	53	0	0	46	57	2	0	129	97	0	0	301	245	0	0	717	117	134	0	122	139	0	84	80	0	0	194	210	0	0	130	154	0	48	47	0	0	33	53	0	0	88	84	0	0	209	222	0	0	146	163	0	86	132	0	0	59	56	0	0	53	49	0	0	39	55	0	0	99	94	0	0	248	236	0	0	175	171	2	84	54	4	0	36	10	0	0	86	141	0	0	59	56	0	0	63	53	0	0	46	57	2	0	129	97	0	0	301	245	0	0
635	621	137	77	0	607	112	59	0	137	77	0	84	24	0	0	252	117	0	0	593	99	51	0	112	59	0	61	0	0	0	193	68	0	0	137	77	0	32	0	0	0	45	29	0	0	84	24	0	0	252	117	0	0	579	96	47	0	99	51	0	56	0	0	0	161	56	0	0	112	59	0	29	0	0	0	35	22	0	0	61	0	0	0	193	68	0	0	137	77	0	81	28	0	0	56	14	0	0	32	0	0	0	45	29	0	0	84	24	0	0	252	117	0	0	565	95	41	0	96	47	0	55	0	0	0	156	46	0	0	99	51	0	25	0	0	0	30	18	0	0	56	0	0	0	161	56	0	0	112	59	0	81	16	0	0	50	8	0	0	29	0	0	0	35	22	0	0	61	0	0	0	193	68	0	0	137	77	0	57	24	0	0	29	0	0	0	81	28	0	0	56	14	0	0	32	0	0	0	45	29	0	0	84	24	0	0	252	117	0	0
877	858	146	152	0	839	108	123	0	146	152	0	87	134	0	0	264	295	0	0	820	93	102	0	108	123	0	60	88	0	0	171	222	0	0	146	152	0	46	94	0	0	48	52	0	0	87	134	0	0	264	295	0	0	801	85	86	0	93	102	0	51	80	0	0	137	170	0	0	108	123	0	35	90	0	0	37	38	0	0	60	88	0	0	171	222	0	0	146	152	0	72	124	0	0	68	66	0	0	46	94	0	0	48	52	0	0	87	134	0	0	264	295	0	0	782	83	71	0	85	86	0	47	68	0	0	125	146	0	0	93	102	0	30	90	0	0	33	30	0	0	51	80	0	0	137	170	0	0	108	123	0	72	88	0	0	61	56	0	0	35	90	0	0	37	38	0	0	60	88	0	0	171	222	0	0	146	152	0	49	69	0	0	24	10	0	0	72	124	0	0	68	66	0	0	46	94	0	0	48	52	0	0	87	134	0	0	264	295	0	0
480	469	59	50	0	458	36	37	0	59	50	0	33	32	0	0	114	78	0	0	447	29	34	0	36	37	0	12	24	0	0	59	56	0	0	59	50	0	13	6	0	0	22	4	0	0	33	32	0	0	114	78	0	0	436	27	34	0	29	34	0	12	24	0	0	44	54	0	0	36	37	0	9	6	0	0	11	0	0	0	12	24	0	0	59	56	0	0	59	50	0	20	0	0	0	20	12	0	0	13	6	0	0	22	4	0	0	33	32	0	0	114	78	0	0	425	27	33	0	27	34	0	12	24	0	0	44	54	0	0	29	34	0	9	6	0	0	8	0	0	0	12	24	0	0	44	54	0	0	36	37	0	20	0	0	0	13	8	0	0	9	6	0	0	11	0	0	0	12	24	0	0	59	56	0	0	59	50	0	21	5	0	0	3	0	0	0	20	0	0	0	20	12	0	0	13	6	0	0	22	4	0	0	33	32	0	0	114	78	0	0
497	485	69	50	10	473	43	41	0	69	50	10	33	24	22	0	132	87	10	0	461	39	41	0	43	41	0	21	24	0	0	79	75	0	0	69	50	10	16	0	0	0	21	16	0	0	33	24	22	0	132	87	10	0	449	37	41	0	39	41	0	20	24	0	0	69	75	0	0	43	41	0	11	0	0	0	12	10	0	0	21	24	0	0	79	75	0	0	69	50	10	25	0	0	0	22	13	0	0	16	0	0	0	21	16	0	0	33	24	22	0	132	87	10	0	437	31	41	0	37	41	0	20	24	0	0	69	75	0	0	39	41	0	11	0	0	0	12	10	0	0	20	24	0	0	69	75	0	0	43	41	0	9	0	0	0	11	7	0	0	11	0	0	0	12	10	0	0	21	24	0	0	79	75	0	0	69	50	10	11	0	24	0	3	0	0	0	25	0	0	0	22	13	0	0	16	0	0	0	21	16	0	0	33	24	22	0	132	87	10	0
617	602	112	78	10	587	76	45	0	112	78	10	58	40	22	0	226	182	40	0	572	72	38	0	76	45	0	46	12	0	0	142	104	0	0	112	78	10	16	0	0	0	24	26	10	0	58	40	22	0	226	182	40	0	557	70	38	0	72	38	0	45	12	0	0	132	90	0	0	76	45	0	13	0	0	0	15	12	0	0	46	12	0	0	142	104	0	0	112	78	10	25	0	0	0	29	14	0	0	16	0	0	0	24	26	10	0	58	40	22	0	226	182	40	0	542	64	38	0	70	38	0	45	12	0	0	132	90	0	0	72	38	0	13	0	0	0	15	12	0	0	45	12	0	0	132	90	0	0	76	45	0	9	0	0	0	16	0	0	0	13	0	0	0	15	12	0	0	46	12	0	0	142	104	0	0	112	78	10	13	0	24	0	14	0	0	0	25	0	0	0	29	14	0	0	16	0	0	0	24	26	10	0	58	40	22	0	226	182	40	0
524	507	119	119	4	490	79	99	0	119	119	4	55	58	8	0	232	235	20	0	473	73	99	0	79	99	0	35	58	0	0	141	182	0	0	119	119	4	13	0	0	0	22	31	0	0	55	58	8	0	232	235	20	0	456	69	99	0	73	99	0	32	58	0	0	125	182	0	0	79	99	0	4	0	0	0	13	20	0	0	35	58	0	0	141	182	0	0	112	119	4	17	0	0	0	25	20	0	0	13	0	0	0	22	31	0	0	55	58	8	0	219	235	20	0	439	64	99	0	69	99	0	32	58	0	0	122	182	0	0	73	99	0	4	0	0	0	13	20	0	0	32	58	0	0	125	182	0	0	72	99	0	10	0	0	0	12	10	0	0	4	0	0	0	13	20	0	0	35	58	0	0	128	182	0	0	112	119	4	25	0	8	0	22	35	0	0	17	0	0	0	25	20	0	0	13	0	0	0	22	31	0	0	55	58	8	0	219	235	20	0
438	428	67	34	6	418	45	22	0	67	34	6	36	10	14	0	142	66	12	0	408	43	17	0	45	22	0	30	0	0	0	94	37	0	0	67	34	6	13	0	0	0	17	5	6	0	36	10	14	0	142	66	12	0	398	42	17	0	43	17	0	29	0	0	0	90	27	0	0	45	22	0	11	0	0	0	11	0	0	0	30	0	0	0	94	37	0	0	67	34	6	21	0	0	0	21	5	0	0	13	0	0	0	17	5	6	0	36	10	14	0	142	66	12	0	388	38	17	0	42	17	0	29	0	0	0	90	27	0	0	43	17	0	11	0	0	0	11	0	0	0	29	0	0	0	90	27	0	0	45	22	0	9	0	0	0	12	0	0	0	11	0	0	0	11	0	0	0	30	0	0	0	94	37	0	0	67	34	6	12	0	16	0	6	0	0	0	21	0	0	0	21	5	0	0	13	0	0	0	17	5	6	0	36	10	14	0	142	66	12	0
445	432	77	66	0	419	49	51	0	77	66	0	43	24	0	0	172	116	0	0	406	42	51	0	49	51	0	26	24	0	0	106	92	0	0	77	66	0	7	0	0	0	16	36	0	0	43	24	0	0	172	116	0	0	393	38	51	0	42	51	0	22	24	0	0	83	92	0	0	49	51	0	1	0	0	0	9	32	0	0	26	24	0	0	106	92	0	0	77	66	0	9	0	0	0	16	24	0	0	7	0	0	0	16	36	0	0	43	24	0	0	172	116	0	0	380	38	51	0	38	51	0	22	24	0	0	77	92	0	0	42	51	0	1	0	0	0	9	32	0	0	22	24	0	0	83	92	0	0	49	51	0	9	0	0	0	9	16	0	0	1	0	0	0	9	32	0	0	26	24	0	0	106	92	0	0	77	66	0	13	0	0	0	10	0	0	0	9	0	0	0	16	24	0	0	7	0	0	0	16	36	0	0	43	24	0	0	172	116	0	0
726	710	135	54	42	694	115	42	19	135	54	42	86	0	12	30	249	54	42	14	678	110	41	0	115	42	19	74	0	5	0	193	30	19	0	135	54	42	42	12	5	0	29	13	0	8	86	0	12	30	249	54	42	14	662	91	29	0	110	41	0	65	0	0	0	182	30	0	0	115	42	19	31	0	5	0	27	13	0	0	74	0	5	0	193	30	19	0	135	54	42	27	0	78	0	35	39	42	0	42	12	5	0	29	13	0	8	86	0	12	30	249	54	42	14	646	87	29	0	91	29	0	58	0	0	0	152	30	0	0	110	41	0	30	0	0	0	27	12	0	0	65	0	0	0	182	30	0	0	115	42	19	25	0	60	0	32	39	19	0	31	0	5	0	27	13	0	0	74	0	5	0	193	30	19	0	135	54	42	21	0	12	0	26	28	0	0	27	0	78	0	35	39	42	0	42	12	5	0	29	13	0	8	86	0	12	30	249	54	42	14
980	958	136	158	44	936	100	127	13	136	158	44	94	102	17	24	249	323	88	30	914	95	112	0	100	127	13	81	76	5	0	180	263	26	0	136	158	44	41	39	5	0	22	32	44	6	94	102	17	24	249	323	88	30	892	79	95	0	95	112	0	73	60	0	0	171	236	0	0	100	127	13	28	14	5	0	20	30	13	0	81	76	5	0	180	263	26	0	136	158	44	11	74	62	0	30	61	44	0	41	39	5	0	22	32	44	6	94	102	17	24	249	323	88	30	870	76	89	0	79	95	0	66	56	0	0	146	225	0	0	95	112	0	27	12	0	0	20	28	0	0	73	60	0	0	171	236	0	0	100	127	13	9	68	44	0	27	58	13	0	28	14	5	0	20	30	13	0	81	76	5	0	180	263	26	0	136	158	44	5	80	7	0	26	29	0	0	11	74	62	0	30	61	44	0	41	39	5	0	22	32	44	6	94	102	17	24	249	323	88	30
749	725	148	240	15	701	100	196	5	148	240	15	83	240	12	0	265	463	60	14	677	97	187	0	100	196	5	75	204	5	0	181	334	20	0	148	240	15	19	34	5	0	24	0	15	6	83	240	12	0	265	463	60	14	653	90	187	0	97	187	0	69	204	0	0	175	317	0	0	100	196	5	7	34	5	0	14	0	5	0	75	204	5	0	181	334	20	0	144	240	15	22	0	20	0	29	0	0	0	19	34	5	0	24	0	15	6	83	240	12	0	261	463	60	14	629	87	187	0	90	187	0	69	204	0	0	170	317	0	0	97	187	0	7	34	0	0	14	0	0	0	69	204	0	0	175	317	0	0	96	196	5	17	0	20	0	18	0	0	0	7	34	5	0	14	0	5	0	75	204	5	0	177	334	20	0	142	240	15	35	0	0	0	34	43	0	0	22	0	20	0	29	0	0	0	19	34	5	0	24	0	15	6	77	240	12	0	258	463	60	14
711	695	126	89	15	679	90	48	9	126	89	15	91	47	5	12	216	229	75	4	663	86	36	0	90	48	9	84	7	5	0	167	100	45	0	126	89	15	36	35	5	0	15	13	15	6	91	47	5	12	216	229	75	4	647	73	28	0	86	36	0	76	0	0	0	158	86	0	0	90	48	9	29	0	5	0	13	12	9	0	84	7	5	0	167	100	45	0	126	89	15	15	13	48	0	29	39	15	0	36	35	5	0	15	13	15	6	91	47	5	12	216	229	75	4	631	70	27	0	73	28	0	69	0	0	0	138	82	0	0	86	36	0	28	0	0	0	13	7	0	0	76	0	0	0	158	86	0	0	90	48	9	13	12	36	0	25	36	9	0	29	0	5	0	13	12	9	0	84	7	5	0	167	100	45	0	126	89	15	15	12	7	0	27	25	0	0	15	13	48	0	29	39	15	0	36	35	5	0	15	13	15	6	91	47	5	12	216	229	75	4
562	546	102	85	19	530	66	55	0	102	85	19	62	66	12	0	208	227	57	20	514	63	55	0	66	55	0	51	66	0	0	133	143	0	0	102	85	19	14	0	0	0	15	0	0	0	62	66	12	0	208	227	57	20	498	60	55	0	63	55	0	49	66	0	0	127	143	0	0	66	55	0	6	0	0	0	11	0	0	0	51	66	0	0	133	143	0	0	101	85	19	7	0	0	0	16	0	0	0	14	0	0	0	15	0	0	0	62	66	12	0	207	227	57	20	482	59	55	0	60	55	0	49	66	0	0	127	143	0	0	63	55	0	6	0	0	0	11	0	0	0	49	66	0	0	127	143	0	0	65	55	0	6	0	0	0	13	0	0	0	6	0	0	0	11	0	0	0	51	66	0	0	132	143	0	0	101	85	19	9	0	0	0	21	13	0	0	7	0	0	0	16	0	0	0	14	0	0	0	15	0	0	0	62	66	12	0	207	227	57	20
730	714	71	81	26	698	44	39	12	71	81	26	45	26	54	0	107	76	130	30	682	43	39	12	44	39	12	44	26	40	0	95	52	60	14	71	81	26	7	0	7	0	2	0	0	0	45	26	54	0	107	76	130	30	666	43	39	12	43	39	12	44	26	40	0	95	52	60	0	44	39	12	7	0	0	0	1	0	0	0	44	26	40	0	95	52	60	14	71	81	26	3	0	0	0	8	0	0	0	7	0	7	0	2	0	0	0	45	26	54	0	107	76	130	30	650	42	34	8	43	39	12	44	26	40	0	95	52	60	0	43	39	12	7	0	0	0	0	0	0	0	44	26	40	0	95	52	60	0	44	39	12	1	0	0	0	5	0	0	0	7	0	0	0	1	0	0	0	44	26	40	0	95	52	60	14	71	81	26	7	40	0	16	15	8	0	0	3	0	0	0	8	0	0	0	7	0	7	0	2	0	0	0	45	26	54	0	107	76	130	30
508	497	43	31	15	486	24	10	8	43	31	15	27	0	23	0	70	0	45	15	475	23	10	8	24	10	8	26	0	16	0	60	0	24	9	43	31	15	3	0	7	0	1	0	0	0	27	0	23	0	70	0	45	15	464	23	10	8	23	10	8	26	0	16	0	60	0	24	0	24	10	8	3	0	0	0	1	0	0	0	26	0	16	0	60	0	24	9	43	31	15	1	0	0	0	3	0	0	0	3	0	7	0	1	0	0	0	27	0	23	0	70	0	45	15	453	23	10	8	23	10	8	26	0	16	0	60	0	24	0	23	10	8	3	0	0	0	0	0	0	0	26	0	16	0	60	0	24	0	24	10	8	1	0	0	0	3	0	0	0	3	0	0	0	1	0	0	0	26	0	16	0	60	0	24	9	43	31	15	8	0	0	0	8	0	0	0	1	0	0	0	3	0	0	0	3	0	7	0	1	0	0	0	27	0	23	0	70	0	45	15
580	560	101	140	42	540	51	102	8	101	140	42	36	235	58	0	181	361	84	93	520	49	99	8	51	102	8	34	220	32	0	100	311	16	27	101	140	42	4	33	19	0	13	0	0	0	36	235	58	0	181	361	84	93	500	49	99	8	49	99	8	34	220	32	0	100	308	16	0	51	102	8	4	33	0	0	3	0	0	0	34	220	32	0	100	311	16	27	95	140	42	15	0	0	0	14	0	0	0	4	33	19	0	13	0	0	0	36	235	58	0	171	361	84	93	480	45	99	4	49	99	8	34	220	32	0	100	308	16	0	49	99	8	3	33	0	0	1	0	0	0	34	220	32	0	100	308	16	0	45	102	8	5	0	0	0	7	0	0	0	4	33	0	0	3	0	0	0	34	220	32	0	90	311	16	27	95	140	42	27	0	12	16	18	42	0	0	15	0	0	0	14	0	0	0	4	33	19	0	13	0	0	0	36	235	58	0	171	361	84	93
760	740	106	133	44	720	71	79	18	106	133	44	69	64	70	20	157	196	220	49	700	64	79	18	71	79	18	58	64	52	20	122	160	90	14	106	133	44	7	0	53	0	10	0	0	0	69	64	70	20	157	196	220	49	680	64	79	12	64	79	18	58	64	52	0	117	160	90	0	71	79	18	7	0	30	0	5	0	0	0	58	64	52	20	122	160	90	14	106	133	44	3	0	0	4	17	0	0	6	7	0	53	0	10	0	0	0	69	64	70	20	157	196	220	49	660	63	79	4	64	79	12	58	64	44	0	117	160	60	0	64	79	18	7	0	30	0	0	0	0	0	58	64	52	0	117	160	90	0	71	79	18	1	0	0	0	11	0	0	0	7	0	30	0	5	0	0	0	58	64	52	20	122	160	90	14	106	133	44	12	0	0	16	23	10	0	4	3	0	0	4	17	0	0	6	7	0	53	0	10	0	0	0	69	64	70	20	157	196	220	49
667	651	88	63	64	635	57	41	12	88	63	64	53	0	26	38	143	172	128	135	619	54	41	0	57	41	12	51	0	0	0	113	150	24	46	88	63	64	7	0	31	0	6	0	0	16	53	0	26	38	143	172	128	135	603	54	41	0	54	41	0	51	0	0	0	113	150	0	0	57	41	12	7	0	0	0	5	0	0	0	51	0	0	0	113	150	24	46	88	63	64	8	0	0	0	15	0	0	0	7	0	31	0	6	0	0	16	53	0	26	38	143	172	128	135	587	52	39	0	54	41	0	51	0	0	0	113	150	0	0	54	41	0	6	0	0	0	2	0	0	0	51	0	0	0	113	150	0	0	57	41	12	5	0	0	0	12	0	0	0	7	0	0	0	5	0	0	0	51	0	0	0	113	150	24	46	88	63	64	12	22	12	0	23	11	0	0	8	0	0	0	15	0	0	0	7	0	31	0	6	0	0	16	53	0	26	38	143	172	128	135
558	545	32	12	78	532	31	12	27	32	12	78	38	0	0	36	75	12	0	191	519	31	12	27	31	12	27	38	0	0	36	75	12	0	58	32	12	78	4	0	0	0	1	0	0	0	38	0	0	36	75	12	0	191	506	31	12	27	31	12	27	38	0	0	36	75	12	0	46	31	12	27	4	0	0	0	1	0	0	0	38	0	0	36	75	12	0	58	32	12	78	0	0	0	0	1	0	0	0	4	0	0	0	1	0	0	0	38	0	0	36	75	12	0	191	493	29	12	27	31	12	27	38	0	0	36	75	12	0	40	31	12	27	4	0	0	0	1	0	0	0	38	0	0	36	75	12	0	46	31	12	27	0	0	0	0	1	0	0	0	4	0	0	0	1	0	0	0	38	0	0	36	75	12	0	58	32	12	78	0	0	19	0	3	0	0	0	0	0	0	0	1	0	0	0	4	0	0	0	1	0	0	0	38	0	0	36	75	12	0	191
644	630	37	0	77	616	36	0	37	37	0	77	39	0	0	36	69	0	0	127	602	36	0	37	36	0	37	39	0	0	36	69	0	0	46	37	0	77	4	0	0	0	1	0	0	0	39	0	0	36	69	0	0	127	588	36	0	37	36	0	37	39	0	0	36	69	0	0	46	36	0	37	4	0	0	0	1	0	0	0	39	0	0	36	69	0	0	46	37	0	77	0	0	0	0	1	0	0	0	4	0	0	0	1	0	0	0	39	0	0	36	69	0	0	127	574	35	0	37	36	0	37	39	0	0	36	69	0	0	40	36	0	37	4	0	0	0	1	0	0	0	39	0	0	36	69	0	0	46	36	0	37	0	0	0	0	1	0	0	0	4	0	0	0	1	0	0	0	39	0	0	36	69	0	0	46	37	0	77	2	0	8	0	4	0	0	0	0	0	0	0	1	0	0	0	4	0	0	0	1	0	0	0	39	0	0	36	69	0	0	127
598	585	44	0	63	572	38	0	34	44	0	63	23	0	17	29	49	0	0	85	559	38	0	34	38	0	34	23	0	15	29	49	0	0	38	44	0	63	2	0	0	0	2	0	0	0	23	0	17	29	49	0	0	85	546	38	0	34	38	0	34	23	0	15	29	49	0	0	38	38	0	34	2	0	0	0	0	0	0	0	23	0	15	29	49	0	0	38	44	0	63	2	0	0	0	8	0	0	0	2	0	0	0	2	0	0	0	23	0	17	29	49	0	0	85	533	36	0	33	38	0	34	23	0	15	28	49	0	0	32	38	0	34	2	0	0	0	0	0	0	0	23	0	15	29	49	0	0	38	38	0	34	0	0	0	0	2	0	0	0	2	0	0	0	0	0	0	0	23	0	15	29	49	0	0	38	44	0	63	4	0	8	4	8	0	0	0	2	0	0	0	8	0	0	0	2	0	0	0	2	0	0	0	23	0	17	29	49	0	0	85
587	574	59	32	50	561	49	22	28	59	32	50	36	0	29	29	67	22	50	70	548	49	22	28	49	22	28	36	0	27	29	67	22	28	30	59	32	50	9	0	0	0	10	0	0	0	36	0	29	29	67	22	50	70	535	49	22	28	49	22	28	36	0	27	29	67	22	28	30	49	22	28	9	0	0	0	6	0	0	0	36	0	27	29	67	22	28	30	59	32	50	9	0	0	0	19	0	0	0	9	0	0	0	10	0	0	0	36	0	29	29	67	22	50	70	522	46	20	25	49	22	28	36	0	27	28	67	22	28	24	49	22	28	9	0	0	0	6	0	0	0	36	0	27	29	67	22	28	30	49	22	28	7	0	0	0	8	0	0	0	9	0	0	0	6	0	0	0	36	0	27	29	67	22	28	30	59	32	50	9	20	8	8	13	10	0	0	9	0	0	0	19	0	0	0	9	0	0	0	10	0	0	0	36	0	29	29	67	22	50	70
811	793	103	74	97	775	84	46	55	103	74	97	64	31	95	101	135	92	194	134	757	83	45	25	84	46	55	64	30	82	10	128	90	110	42	103	74	97	23	15	0	20	19	13	0	74	64	31	95	101	135	92	194	134	739	77	43	25	83	45	25	61	30	47	10	125	90	50	30	84	46	55	22	15	0	20	11	0	0	27	64	30	82	10	128	90	110	42	103	74	97	16	26	14	0	32	73	0	0	23	15	0	20	19	13	0	74	64	31	95	101	135	92	194	134	721	66	28	17	77	43	25	50	28	47	4	106	82	50	24	83	45	25	21	15	0	0	11	0	0	0	61	30	47	10	125	90	50	30	84	46	55	11	0	12	0	15	32	0	0	22	15	0	20	11	0	0	27	64	30	82	10	128	90	110	42	103	74	97	9	26	87	8	18	60	97	6	16	26	14	0	32	73	0	0	23	15	0	20	19	13	0	74	64	31	95	101	135	92	194	134
710	693	87	96	62	676	78	89	30	87	96	62	62	81	0	51	120	111	0	147	659	74	88	28	78	89	30	52	79	0	47	115	109	0	83	87	96	62	25	13	0	14	24	26	0	0	62	81	0	51	120	111	0	147	642	64	85	23	74	88	28	49	79	0	43	109	109	0	53	78	89	30	25	13	0	10	24	26	0	0	52	79	0	47	115	109	0	83	87	96	62	42	30	13	24	25	60	0	0	25	13	0	14	24	26	0	0	62	81	0	51	120	111	0	147	625	58	69	23	64	85	23	41	73	0	43	77	94	0	53	74	88	28	24	13	0	10	24	26	0	0	49	79	0	43	109	109	0	53	78	89	30	42	27	0	24	23	54	0	0	25	13	0	10	24	26	0	0	52	79	0	47	115	109	0	83	87	96	62	5	69	33	0	8	20	62	0	42	30	13	24	25	60	0	0	25	13	0	14	24	26	0	0	62	81	0	51	120	111	0	147
910	889	105	135	95	868	86	125	74	105	135	95	60	139	10	62	164	176	0	97	847	79	100	64	86	125	74	49	124	10	51	136	162	0	55	105	135	95	22	168	35	85	28	30	95	0	60	139	10	62	164	176	0	97	826	64	60	25	79	100	64	42	84	10	28	120	121	0	25	86	125	74	17	156	34	10	27	28	74	0	49	124	10	51	136	162	0	55	105	135	95	45	48	96	45	33	131	285	101	22	168	35	85	28	30	95	0	60	139	10	62	164	176	0	97	805	60	48	22	64	60	25	37	48	7	28	82	36	0	25	79	100	64	17	144	32	10	27	25	64	0	42	84	10	28	120	121	0	25	86	125	74	45	48	78	36	31	124	222	41	17	156	34	10	27	28	74	0	49	124	10	51	136	162	0	55	105	135	95	33	0	13	12	13	34	95	0	45	48	96	45	33	131	285	101	22	168	35	85	28	30	95	0	60	139	10	62	164	176	0	97
793	774	120	122	41	755	95	122	38	120	122	41	99	0	10	18	193	205	0	0	736	84	113	37	95	122	38	71	0	10	17	153	205	0	0	120	122	41	44	0	20	9	28	90	41	0	99	0	10	18	193	205	0	0	717	70	90	27	84	113	37	61	0	10	13	133	178	0	0	95	122	38	33	0	20	5	27	90	38	0	71	0	10	17	153	205	0	0	120	122	41	30	240	10	59	35	99	0	0	44	0	20	9	28	90	41	0	99	0	10	18	193	205	0	0	698	66	90	21	70	90	27	54	0	7	13	101	131	0	0	84	113	37	32	0	20	5	27	90	37	0	61	0	10	13	133	178	0	0	95	122	38	30	240	10	44	35	99	0	0	33	0	20	5	27	90	38	0	71	0	10	17	153	205	0	0	120	122	41	53	0	0	24	18	20	0	0	30	240	10	59	35	99	0	0	44	0	20	9	28	90	41	0	99	0	10	18	193	205	0	0
815	796	94	134	35	777	67	89	34	94	134	35	51	104	10	10	156	242	175	0	758	60	78	33	67	89	34	42	65	10	9	98	133	170	0	94	134	35	34	52	20	9	33	39	35	0	51	104	10	10	156	242	175	0	739	48	74	23	60	78	33	32	65	10	5	80	104	165	0	67	89	34	23	52	20	5	26	39	34	0	42	65	10	9	98	133	170	0	94	134	35	46	48	10	59	39	103	0	0	34	52	20	9	33	39	35	0	51	104	10	10	156	242	175	0	720	43	53	17	48	74	23	29	61	7	5	57	100	115	0	60	78	33	22	52	20	5	26	39	33	0	32	65	10	5	80	104	165	0	67	89	34	40	28	10	44	33	98	0	0	23	52	20	5	26	39	34	0	42	65	10	9	98	133	170	0	94	134	35	16	152	0	24	7	28	0	0	46	48	10	59	39	103	0	0	34	52	20	9	33	39	35	0	51	104	10	10	156	242	175	0
503	491	67	56	10	479	46	39	10	67	56	10	37	54	10	0	134	97	30	0	467	39	36	10	46	39	10	23	48	10	0	88	66	30	0	67	56	10	18	18	20	0	24	18	0	0	37	54	10	0	134	97	30	0	455	31	36	7	39	36	10	16	48	10	0	70	60	30	0	46	39	10	10	18	20	0	20	18	0	0	23	48	10	0	88	66	30	0	67	56	10	30	0	10	21	27	42	0	0	18	18	20	0	24	18	0	0	37	54	10	0	134	97	30	0	443	28	27	4	31	36	7	16	48	7	0	54	60	21	0	39	36	10	10	18	20	0	20	18	0	0	16	48	10	0	70	60	30	0	46	39	10	29	0	10	12	24	42	0	0	10	18	20	0	20	18	0	0	23	48	10	0	88	66	30	0	67	56	10	27	27	0	12	6	9	0	0	30	0	10	21	27	42	0	0	18	18	20	0	24	18	0	0	37	54	10	0	134	97	30	0
537	524	50	44	30	511	27	12	16	50	44	30	32	0	47	40	78	80	120	45	498	23	12	16	27	12	16	20	0	32	40	30	0	64	44	50	44	30	20	0	20	0	15	16	0	0	32	0	47	40	78	80	120	45	485	20	12	16	23	12	16	16	0	32	40	27	0	64	43	27	12	16	9	0	16	0	10	0	0	0	20	0	32	40	30	0	64	44	50	44	30	10	0	0	0	26	24	0	0	20	0	20	0	15	16	0	0	32	0	47	40	78	80	120	45	472	9	12	12	20	12	16	16	0	32	28	27	0	64	30	23	12	16	9	0	16	0	10	0	0	0	16	0	32	40	27	0	64	43	27	12	16	0	0	0	0	20	0	0	0	9	0	16	0	10	0	0	0	20	0	32	40	30	0	64	44	50	44	30	1	0	37	26	2	0	0	0	10	0	0	0	26	24	0	0	20	0	20	0	15	16	0	0	32	0	47	40	78	80	120	45
421	411	43	29	10	401	22	26	0	43	29	10	25	20	7	0	77	58	0	45	391	19	24	0	22	26	0	18	18	0	0	31	52	0	44	43	29	10	14	12	0	0	15	18	0	0	25	20	7	0	77	58	0	45	381	16	24	0	19	24	0	13	18	0	0	24	48	0	43	22	26	0	7	12	0	0	9	18	0	0	18	18	0	0	31	52	0	44	43	29	10	12	0	0	0	22	18	0	0	14	12	0	0	15	18	0	0	25	20	7	0	77	58	0	45	371	7	12	0	16	24	0	13	18	0	0	20	48	0	30	19	24	0	7	12	0	0	9	18	0	0	13	18	0	0	24	48	0	43	22	26	0	2	0	0	0	15	18	0	0	7	12	0	0	9	18	0	0	18	18	0	0	31	52	0	44	43	29	10	3	0	37	0	0	0	20	0	12	0	0	0	22	18	0	0	14	12	0	0	15	18	0	0	25	20	7	0	77	58	0	45
347	339	34	13	10	331	20	7	0	34	13	10	18	0	7	0	62	13	10	45	323	19	7	0	20	7	0	17	0	0	0	29	7	0	44	34	13	10	10	0	0	0	13	7	0	0	18	0	7	0	62	13	10	45	315	18	6	0	19	7	0	16	0	0	0	27	7	0	43	20	7	0	9	0	0	0	9	7	0	0	17	0	0	0	29	7	0	44	34	13	10	9	6	0	0	24	7	0	0	10	0	0	0	13	7	0	0	18	0	7	0	62	13	10	45	307	8	0	0	18	6	0	16	0	0	0	26	6	0	30	19	7	0	9	0	0	0	9	7	0	0	16	0	0	0	27	7	0	43	20	7	0	0	0	0	0	17	7	0	0	9	0	0	0	9	7	0	0	17	0	0	0	29	7	0	44	34	13	10	1	0	37	0	0	0	10	0	9	6	0	0	24	7	0	0	10	0	0	0	13	7	0	0	18	0	7	0	62	13	10	45
306	299	27	10	7	292	13	0	0	27	10	7	8	0	7	0	49	15	14	35	285	13	0	0	13	0	0	8	0	0	0	17	0	0	34	27	10	7	6	0	0	0	12	0	0	0	8	0	7	0	49	15	14	35	278	13	0	0	13	0	0	8	0	0	0	17	0	0	33	13	0	0	6	0	0	0	7	0	0	0	8	0	0	0	17	0	0	34	27	10	7	10	0	0	0	18	0	0	0	6	0	0	0	12	0	0	0	8	0	7	0	49	15	14	35	271	5	0	0	13	0	0	8	0	0	0	17	0	0	23	13	0	0	6	0	0	0	7	0	0	0	8	0	0	0	17	0	0	33	13	0	0	0	0	0	0	11	0	0	0	6	0	0	0	7	0	0	0	8	0	0	0	17	0	0	34	27	10	7	1	0	28	0	0	0	0	0	10	0	0	0	18	0	0	0	6	0	0	0	12	0	0	0	8	0	7	0	49	15	14	35
475	464	40	35	7	453	17	10	0	40	35	7	20	0	7	0	64	75	35	35	442	15	10	0	17	10	0	12	0	0	0	20	0	0	34	40	35	7	17	0	0	0	13	10	0	0	20	0	7	0	64	75	35	35	431	12	5	0	15	10	0	8	0	0	0	17	0	0	33	17	10	0	6	0	0	0	7	0	0	0	12	0	0	0	20	0	0	34	40	35	7	5	25	0	0	17	15	0	0	17	0	0	0	13	10	0	0	20	0	7	0	64	75	35	35	420	5	0	0	12	5	0	8	0	0	0	17	0	0	23	15	10	0	6	0	0	0	7	0	0	0	8	0	0	0	17	0	0	33	17	10	0	0	0	0	0	13	0	0	0	6	0	0	0	7	0	0	0	12	0	0	0	20	0	0	34	40	35	7	1	0	28	0	2	0	7	0	5	25	0	0	17	15	0	0	17	0	0	0	13	10	0	0	20	0	7	0	64	75	35	35
514	502	31	20	47	490	12	0	27	31	20	47	16	0	29	20	33	30	94	44	478	9	0	23	12	0	27	5	0	27	16	7	0	54	16	31	20	47	11	0	0	40	4	10	0	0	16	0	29	20	33	30	94	44	466	5	0	23	9	0	23	1	0	23	16	4	0	46	16	12	0	27	0	0	0	40	1	0	0	0	5	0	27	16	7	0	54	16	31	20	47	0	0	5	0	2	0	0	0	11	0	0	40	4	10	0	0	16	0	29	20	33	30	94	44	454	5	0	23	5	0	23	1	0	23	16	4	0	46	16	9	0	23	0	0	0	40	1	0	0	0	1	0	23	16	4	0	46	16	12	0	27	0	0	0	0	2	0	0	0	0	0	0	40	1	0	0	0	5	0	27	16	7	0	54	16	31	20	47	0	0	0	0	2	0	0	0	0	0	5	0	2	0	0	0	11	0	0	40	4	10	0	0	16	0	29	20	33	30	94	44
725	708	60	55	91	691	32	16	71	60	55	91	28	0	129	55	75	78	273	37	674	28	13	38	32	16	71	14	0	127	16	34	0	213	16	60	55	91	24	39	12	55	17	13	0	171	28	0	129	55	75	78	273	37	657	12	0	37	28	13	38	6	0	83	16	29	0	114	16	32	16	71	4	0	12	54	12	0	0	146	14	0	127	16	34	0	213	16	60	55	91	18	0	146	14	25	0	91	0	24	39	12	55	17	13	0	171	28	0	129	55	75	78	273	37	640	11	0	35	12	0	37	2	0	79	16	20	0	111	16	28	13	38	4	0	0	52	12	0	0	134	6	0	83	16	29	0	114	16	32	16	71	18	0	121	12	25	0	71	0	4	0	12	54	12	0	0	146	14	0	127	16	34	0	213	16	60	55	91	0	0	12	24	6	0	0	0	18	0	146	14	25	0	91	0	24	39	12	55	17	13	0	171	28	0	129	55	75	78	273	37
386	377	22	8	24	368	8	0	0	22	8	24	12	0	0	0	31	0	24	54	359	6	0	0	8	0	0	4	0	0	0	4	0	0	16	22	8	24	11	0	0	0	5	0	0	0	12	0	0	0	31	0	24	54	350	1	0	0	6	0	0	0	0	0	0	1	0	0	16	8	0	0	0	0	0	0	1	0	0	0	4	0	0	0	4	0	0	16	22	8	24	0	0	11	0	3	0	0	0	11	0	0	0	5	0	0	0	12	0	0	0	31	0	24	54	341	1	0	0	1	0	0	0	0	0	0	0	0	0	16	6	0	0	0	0	0	0	1	0	0	0	0	0	0	0	1	0	0	16	8	0	0	0	0	0	0	3	0	0	0	0	0	0	0	1	0	0	0	4	0	0	0	4	0	0	16	22	8	24	0	0	0	0	2	0	0	0	0	0	11	0	3	0	0	0	11	0	0	0	5	0	0	0	12	0	0	0	31	0	24	54
588	574	29	68	13	560	8	32	0	29	68	13	7	88	0	0	36	72	52	37	546	7	12	0	8	32	0	4	24	0	0	11	18	0	16	29	68	13	3	48	0	0	5	6	26	0	7	88	0	0	36	72	52	37	532	3	0	0	7	12	0	4	0	0	0	11	0	0	16	8	32	0	0	0	0	0	2	0	0	0	4	24	0	0	11	18	0	16	29	68	13	0	0	5	0	4	24	26	0	3	48	0	0	5	6	26	0	7	88	0	0	36	72	52	37	518	1	0	0	3	0	0	0	0	0	0	2	0	0	16	7	12	0	0	0	0	0	2	0	0	0	4	0	0	0	11	0	0	16	8	32	0	0	0	0	0	0	20	0	0	0	0	0	0	2	0	0	0	4	24	0	0	11	18	0	16	29	68	13	0	0	0	0	4	24	0	0	0	0	5	0	4	24	26	0	3	48	0	0	5	6	26	0	7	88	0	0	36	72	52	37
425	415	28	25	5	405	7	0	0	28	25	5	15	0	0	0	26	55	25	7	395	4	0	0	7	0	0	4	0	0	0	3	0	0	0	28	25	5	11	0	0	0	3	5	0	0	15	0	0	0	26	55	25	7	385	0	0	0	4	0	0	0	0	0	0	0	0	0	0	7	0	0	0	0	0	0	0	0	0	0	4	0	0	0	3	0	0	0	28	25	5	0	0	5	0	2	0	0	0	11	0	0	0	3	5	0	0	15	0	0	0	26	55	25	7	375	0	0	0	0	0	0	0	0	0	0	0	0	0	0	4	0	0	0	0	0	0	0	0	0	0	0	0	0	0	0	0	0	0	7	0	0	0	0	0	0	2	0	0	0	0	0	0	0	0	0	0	0	4	0	0	0	3	0	0	0	28	25	5	0	0	0	0	2	0	0	0	0	0	5	0	2	0	0	0	11	0	0	0	3	5	0	0	15	0	0	0	26	55	25	7
672	656	33	0	122	640	19	0	72	33	0	122	15	0	25	86	33	0	0	180	624	11	0	70	19	0	72	4	0	12	82	21	0	0	98	33	0	122	0	0	77	20	6	0	0	0	15	0	25	86	33	0	0	180	608	11	0	53	11	0	70	4	0	12	61	20	0	0	61	19	0	72	0	0	48	16	6	0	0	0	4	0	12	82	21	0	0	98	33	0	122	0	0	0	55	11	0	0	95	0	0	77	20	6	0	0	0	15	0	25	86	33	0	0	180	592	11	0	52	11	0	53	4	0	0	60	20	0	0	60	11	0	70	0	0	48	16	5	0	0	0	4	0	12	61	20	0	0	61	19	0	72	0	0	0	54	11	0	0	74	0	0	48	16	6	0	0	0	4	0	12	82	21	0	0	98	33	0	122	0	0	0	14	4	0	0	0	0	0	0	55	11	0	0	95	0	0	77	20	6	0	0	0	15	0	25	86	33	0	0	180
583	569	21	43	64	555	8	10	28	21	43	64	8	30	25	28	14	20	192	156	541	1	0	28	8	10	28	0	0	12	28	4	0	84	98	21	43	64	0	0	77	0	1	0	64	0	8	30	25	28	14	20	192	156	527	1	0	15	1	0	28	0	0	12	15	3	0	84	61	8	10	28	0	0	48	0	1	0	28	0	0	0	12	28	4	0	84	98	21	43	64	0	0	0	15	11	0	0	95	0	0	77	0	1	0	64	0	8	30	25	28	14	20	192	156	513	1	0	14	1	0	15	0	0	0	14	3	0	45	60	1	0	28	0	0	48	0	0	0	28	0	0	0	12	15	3	0	84	61	8	10	28	0	0	0	14	9	0	0	74	0	0	48	0	1	0	28	0	0	0	12	28	4	0	84	98	21	43	64	0	0	0	14	6	0	0	0	0	0	0	15	11	0	0	95	0	0	77	0	1	0	64	0	8	30	25	28	14	20	192	156
335	327	16	7	28	319	4	0	16	16	7	28	7	0	12	16	13	0	28	18	311	1	0	16	4	0	16	0	0	0	16	3	0	16	0	16	7	28	0	0	12	0	0	0	0	0	7	0	12	16	13	0	28	18	303	1	0	15	1	0	16	0	0	0	15	3	0	16	0	4	0	16	0	0	0	0	0	0	0	0	0	0	0	16	3	0	16	0	16	7	28	0	0	0	15	2	0	0	0	0	0	12	0	0	0	0	0	7	0	12	16	13	0	28	18	295	1	0	14	1	0	15	0	0	0	14	3	0	15	0	1	0	16	0	0	0	0	0	0	0	0	0	0	0	15	3	0	16	0	4	0	16	0	0	0	14	2	0	0	0	0	0	0	0	0	0	0	0	0	0	0	16	3	0	16	0	16	7	28	0	0	0	14	2	0	0	0	0	0	0	15	2	0	0	0	0	0	12	0	0	0	0	0	7	0	12	16	13	0	28	18
626	611	23	44	90	596	10	0	83	23	44	90	8	0	54	28	22	22	360	5	581	4	0	83	10	0	83	0	0	53	28	13	0	332	0	23	44	90	0	0	67	0	1	0	0	0	8	0	54	28	22	22	360	5	566	4	0	67	4	0	83	0	0	53	15	12	0	332	0	10	0	83	0	0	63	0	1	0	0	0	0	0	53	28	13	0	332	0	23	44	90	0	0	0	54	11	0	0	95	0	0	67	0	1	0	0	0	8	0	54	28	22	22	360	5	551	4	0	45	4	0	67	0	0	39	14	12	0	268	0	4	0	83	0	0	63	0	0	0	0	0	0	0	53	15	12	0	332	0	10	0	83	0	0	0	26	9	0	0	74	0	0	63	0	1	0	0	0	0	0	53	28	13	0	332	0	23	44	90	0	0	0	88	6	0	0	97	0	0	0	54	11	0	0	95	0	0	67	0	1	0	0	0	8	0	54	28	22	22	360	5
417	407	17	21	24	397	4	0	0	17	21	24	7	0	12	0	7	21	72	109	387	0	0	0	4	0	0	0	0	0	0	0	0	0	71	17	21	24	0	0	25	0	0	0	0	0	7	0	12	0	7	21	72	109	377	0	0	0	0	0	0	0	0	0	0	0	0	0	38	4	0	0	0	0	0	0	0	0	0	0	0	0	0	0	0	0	0	71	17	21	24	0	0	0	0	6	0	0	0	0	0	25	0	0	0	0	0	7	0	12	0	7	21	72	109	367	0	0	0	0	0	0	0	0	0	0	0	0	0	37	0	0	0	0	0	0	0	0	0	0	0	0	0	0	0	0	0	0	38	4	0	0	0	0	0	0	2	0	0	0	0	0	0	0	0	0	0	0	0	0	0	0	0	0	0	71	17	21	24	0	0	0	0	6	0	0	0	0	0	0	0	6	0	0	0	0	0	25	0	0	0	0	0	7	0	12	0	7	21	72	109
328	320	1	0	59	312	0	0	23	1	0	59	0	0	10	13	0	0	0	206	304	0	0	23	0	0	23	0	0	0	13	0	0	0	127	1	0	59	0	0	0	0	0	0	0	0	0	0	10	13	0	0	0	206	296	0	0	23	0	0	23	0	0	0	13	0	0	0	127	0	0	23	0	0	0	0	0	0	0	0	0	0	0	13	0	0	0	127	1	0	59	0	0	0	0	0	0	0	0	0	0	0	0	0	0	0	0	0	0	10	13	0	0	0	206	288	0	0	23	0	0	23	0	0	0	13	0	0	0	97	0	0	23	0	0	0	0	0	0	0	0	0	0	0	13	0	0	0	127	0	0	23	0	0	0	0	0	0	0	0	0	0	0	0	0	0	0	0	0	0	0	13	0	0	0	127	1	0	59	0	0	0	0	0	0	0	0	0	0	0	0	0	0	0	0	0	0	0	0	0	0	0	0	0	0	10	13	0	0	0	206
205	200	1	0	25	195	0	0	13	1	0	25	0	0	0	13	0	0	0	90	190	0	0	13	0	0	13	0	0	0	13	0	0	0	83	1	0	25	0	0	0	0	0	0	0	0	0	0	0	13	0	0	0	90	185	0	0	13	0	0	13	0	0	0	13	0	0	0	83	0	0	13	0	0	0	0	0	0	0	0	0	0	0	13	0	0	0	83	1	0	25	0	0	0	0	2	0	0	0	0	0	0	0	0	0	0	0	0	0	0	13	0	0	0	90	180	0	0	13	0	0	13	0	0	0	13	0	0	0	67	0	0	13	0	0	0	0	0	0	0	0	0	0	0	13	0	0	0	83	0	0	13	0	0	0	0	0	0	0	0	0	0	0	0	0	0	0	0	0	0	0	13	0	0	0	83	1	0	25	0	0	0	0	2	0	0	0	0	0	0	0	2	0	0	0	0	0	0	0	0	0	0	0	0	0	0	13	0	0	0	90
287	280	4	0	32	273	0	0	11	4	0	32	0	0	10	0	0	0	0	154	266	0	0	11	0	0	11	0	0	0	0	0	0	0	111	4	0	32	0	0	0	0	0	0	0	0	0	0	10	0	0	0	0	154	259	0	0	11	0	0	11	0	0	0	0	0	0	0	111	0	0	11	0	0	0	0	0	0	0	0	0	0	0	0	0	0	0	111	4	0	32	0	0	0	0	4	0	0	0	0	0	0	0	0	0	0	0	0	0	10	0	0	0	0	154	252	0	0	10	0	0	11	0	0	0	0	0	0	0	82	0	0	11	0	0	0	0	0	0	0	0	0	0	0	0	0	0	0	111	0	0	11	0	0	0	0	0	0	0	0	0	0	0	0	0	0	0	0	0	0	0	0	0	0	0	111	4	0	32	0	0	0	10	4	0	0	0	0	0	0	0	4	0	0	0	0	0	0	0	0	0	0	0	0	0	10	0	0	0	0	154
490	478	20	20	90	466	8	0	54	20	20	90	8	0	137	78	19	0	180	178	454	8	0	47	8	0	54	8	0	106	51	18	0	108	111	20	20	90	1	0	0	12	5	0	0	13	8	0	137	78	19	0	180	178	442	6	0	47	8	0	47	8	0	90	51	18	0	94	111	8	0	54	1	0	0	12	4	0	0	0	8	0	106	51	18	0	108	111	20	20	90	3	0	0	0	19	20	0	0	1	0	0	12	5	0	0	13	8	0	137	78	19	0	180	178	430	3	0	23	6	0	47	4	0	90	13	9	0	94	82	8	0	47	1	0	0	0	4	0	0	0	8	0	90	51	18	0	94	111	8	0	54	0	0	0	0	0	0	0	0	1	0	0	12	4	0	0	0	8	0	106	51	18	0	108	111	20	20	90	6	0	9	36	10	20	0	157	3	0	0	0	19	20	0	0	1	0	0	12	5	0	0	13	8	0	137	78	19	0	180	178
245	239	8	5	17	233	4	0	6	8	5	17	4	0	20	24	11	0	17	24	227	4	0	0	4	0	6	4	0	12	0	11	0	6	0	8	5	17	0	0	0	0	2	0	0	13	4	0	20	24	11	0	17	24	221	2	0	0	4	0	0	4	0	0	0	11	0	0	0	4	0	6	0	0	0	0	2	0	0	0	4	0	12	0	11	0	6	0	8	5	17	0	0	0	0	4	10	0	0	0	0	0	0	2	0	0	13	4	0	20	24	11	0	17	24	215	0	0	0	2	0	0	0	0	0	0	2	0	0	0	4	0	0	0	0	0	0	2	0	0	0	4	0	0	0	11	0	0	0	4	0	6	0	0	0	0	0	0	0	0	0	0	0	0	2	0	0	0	4	0	12	0	11	0	6	0	8	5	17	0	0	0	0	4	10	0	0	0	0	0	0	4	10	0	0	0	0	0	0	2	0	0	13	4	0	20	24	11	0	17	24
581	566	72	79	44	551	53	48	44	72	79	44	42	82	40	0	157	128	132	0	536	46	28	44	53	48	44	32	28	40	0	124	79	132	0	72	79	44	11	42	34	0	15	24	88	0	42	82	40	0	157	128	132	0	521	36	12	42	46	28	44	29	0	40	0	111	35	132	0	53	48	44	8	0	34	0	11	20	88	0	32	28	40	0	124	79	132	0	72	79	44	14	24	48	21	5	0	88	0	11	42	34	0	15	24	88	0	42	82	40	0	157	128	132	0	506	36	10	28	36	12	42	29	0	39	0	87	12	126	0	46	28	44	8	0	34	0	11	14	88	0	29	0	40	0	111	35	132	0	53	48	44	14	20	48	16	5	0	88	0	8	0	34	0	11	20	88	0	32	28	40	0	124	79	132	0	72	79	44	18	20	0	44	7	0	0	10	14	24	48	21	5	0	88	0	11	42	34	0	15	24	88	0	42	82	40	0	157	128	132	0
506	493	26	40	81	480	15	36	61	26	40	81	14	36	0	61	39	103	0	107	467	13	36	53	15	36	61	4	36	0	49	31	99	0	60	26	40	81	1	0	0	78	10	18	0	0	14	36	0	61	39	103	0	107	454	5	18	45	13	36	53	4	36	0	36	31	99	0	47	15	36	61	1	0	0	51	10	18	0	0	4	36	0	49	31	99	0	60	26	40	81	3	0	40	21	0	0	162	13	1	0	0	78	10	18	0	0	14	36	0	61	39	103	0	107	441	3	0	45	5	18	45	2	0	0	36	6	18	0	47	13	36	53	1	0	0	51	10	18	0	0	4	36	0	36	31	99	0	47	15	36	61	3	0	39	21	0	0	122	0	1	0	0	51	10	18	0	0	4	36	0	49	31	99	0	60	26	40	81	0	0	20	0	0	0	162	0	3	0	40	21	0	0	162	13	1	0	0	78	10	18	0	0	14	36	0	61	39	103	0	107
480	468	21	0	111	456	19	0	94	21	0	111	11	0	13	75	48	0	0	90	444	17	0	74	19	0	94	9	0	13	34	44	0	0	54	21	0	111	2	0	13	102	12	0	0	64	11	0	13	75	48	0	0	90	432	6	0	47	17	0	74	8	0	13	21	40	0	0	47	19	0	94	1	0	13	36	12	0	0	28	9	0	13	34	44	0	0	54	21	0	111	3	0	40	58	0	0	0	104	2	0	13	102	12	0	0	64	11	0	13	75	48	0	0	90	420	2	0	37	6	0	47	2	0	12	21	5	0	0	47	17	0	74	1	0	13	36	12	0	0	28	8	0	13	21	40	0	0	47	19	0	94	3	0	39	28	0	0	0	71	1	0	13	36	12	0	0	28	9	0	13	34	44	0	0	54	21	0	111	0	0	20	35	0	0	0	7	3	0	40	58	0	0	0	104	2	0	13	102	12	0	0	64	11	0	13	75	48	0	0	90
508	495	49	36	56	482	30	36	54	49	36	56	40	0	25	25	79	108	0	0	469	21	36	51	30	36	54	16	0	25	22	57	108	0	0	49	36	56	8	0	19	39	11	36	0	0	40	0	25	25	79	108	0	0	456	12	0	48	21	36	51	11	0	25	21	44	108	0	0	30	36	54	1	0	19	36	11	36	0	0	16	0	25	22	57	108	0	0	49	36	56	5	0	40	33	1	0	224	0	8	0	19	39	11	36	0	0	40	0	25	25	79	108	0	0	443	8	0	40	12	0	48	5	0	24	21	18	0	0	0	21	36	51	1	0	19	36	11	36	0	0	11	0	25	21	44	108	0	0	30	36	54	5	0	39	28	1	0	216	0	1	0	19	36	11	36	0	0	16	0	25	22	57	108	0	0	49	36	56	2	0	20	44	0	0	0	0	5	0	40	33	1	0	224	0	8	0	19	39	11	36	0	0	40	0	25	25	79	108	0	0
474	462	28	30	59	450	16	19	58	28	30	59	14	19	31	16	57	49	59	0	438	11	9	55	16	19	58	4	9	31	13	36	28	58	0	28	30	59	6	9	25	39	12	0	59	0	14	19	31	16	57	49	59	0	426	2	0	51	11	9	55	0	0	31	12	25	9	55	0	16	19	58	0	0	25	36	10	0	58	0	4	9	31	13	36	28	58	0	28	30	59	5	0	30	39	0	0	59	0	6	9	25	39	12	0	59	0	14	19	31	16	57	49	59	0	414	2	0	31	2	0	51	0	0	30	12	2	0	51	0	11	9	55	0	0	25	36	10	0	55	0	0	0	31	12	25	9	55	0	16	19	58	5	0	30	28	0	0	58	0	0	0	25	36	10	0	58	0	4	9	31	13	36	28	58	0	28	30	59	2	0	0	44	0	0	0	20	5	0	30	39	0	0	59	0	6	9	25	39	12	0	59	0	14	19	31	16	57	49	59	0
585	568	90	110	26	551	47	88	15	90	110	26	35	96	33	27	204	320	52	44	534	43	84	15	47	88	15	29	88	15	27	103	261	30	44	90	110	26	8	44	34	0	11	0	0	0	35	96	33	27	204	320	52	44	517	42	84	15	43	84	15	29	88	15	27	97	251	30	44	47	88	15	5	44	18	0	4	0	0	0	29	88	15	27	103	261	30	44	90	110	26	17	0	0	0	8	15	0	0	8	44	34	0	11	0	0	0	35	96	33	27	204	320	52	44	500	41	80	15	42	84	15	29	88	15	27	97	251	30	42	43	84	15	3	44	18	0	0	0	0	0	29	88	15	27	97	251	30	44	47	88	15	16	0	0	0	5	13	0	0	5	44	18	0	4	0	0	0	29	88	15	27	103	261	30	44	90	110	26	35	28	10	0	21	0	0	0	17	0	0	0	8	15	0	0	8	44	34	0	11	0	0	0	35	96	33	27	204	320	52	44
427	416	44	18	50	405	22	0	25	44	18	50	21	0	57	82	110	45	100	103	394	19	0	25	22	0	25	16	0	25	82	58	0	50	102	44	18	50	5	0	23	0	6	0	0	0	21	0	57	82	110	45	100	103	383	19	0	25	19	0	25	16	0	25	82	54	0	50	99	22	0	25	5	0	0	0	2	0	0	0	16	0	25	82	58	0	50	102	44	18	50	2	0	0	0	2	0	0	0	5	0	23	0	6	0	0	0	21	0	57	82	110	45	100	103	372	19	0	24	19	0	25	16	0	25	78	54	0	50	93	19	0	25	5	0	0	0	0	0	0	0	16	0	25	82	54	0	50	99	22	0	25	2	0	0	0	2	0	0	0	5	0	0	0	2	0	0	0	16	0	25	82	58	0	50	102	44	18	50	6	0	0	12	0	0	0	0	2	0	0	0	2	0	0	0	5	0	23	0	6	0	0	0	21	0	57	82	110	45	100	103
310	301	43	23	7	292	13	20	0	43	23	7	13	15	14	0	110	87	0	44	283	11	20	0	13	20	0	9	15	0	0	32	75	0	44	43	23	7	4	0	14	0	2	0	0	0	13	15	14	0	110	87	0	44	274	11	20	0	11	20	0	9	15	0	0	29	75	0	44	13	20	0	4	0	0	0	2	0	0	0	9	15	0	0	32	75	0	44	43	23	7	2	0	0	0	3	0	0	0	4	0	14	0	2	0	0	0	13	15	14	0	110	87	0	44	265	11	20	0	11	20	0	9	15	0	0	29	75	0	42	11	20	0	4	0	0	0	0	0	0	0	9	15	0	0	29	75	0	44	13	20	0	2	0	0	0	1	0	0	0	4	0	0	0	2	0	0	0	9	15	0	0	32	75	0	44	43	23	7	6	0	0	0	9	0	0	0	2	0	0	0	3	0	0	0	4	0	14	0	2	0	0	0	13	15	14	0	110	87	0	44
308	300	39	16	0	292	20	0	0	39	16	0	16	0	0	0	101	40	0	0	284	20	0	0	20	0	0	16	0	0	0	56	0	0	0	39	16	0	5	0	0	0	6	0	0	0	16	0	0	0	101	40	0	0	276	20	0	0	20	0	0	16	0	0	0	56	0	0	0	20	0	0	5	0	0	0	0	0	0	0	16	0	0	0	56	0	0	0	39	16	0	0	0	0	0	2	0	0	0	5	0	0	0	6	0	0	0	16	0	0	0	101	40	0	0	268	20	0	0	20	0	0	16	0	0	0	56	0	0	0	20	0	0	5	0	0	0	0	0	0	0	16	0	0	0	56	0	0	0	20	0	0	0	0	0	0	2	0	0	0	5	0	0	0	0	0	0	0	16	0	0	0	56	0	0	0	39	16	0	4	0	0	0	0	0	0	0	0	0	0	0	2	0	0	0	5	0	0	0	6	0	0	0	16	0	0	0	101	40	0	0
401	390	49	39	0	379	21	18	0	49	39	0	15	9	0	0	123	107	0	0	368	21	18	0	21	18	0	15	9	0	0	59	45	0	0	49	39	0	5	0	0	0	11	0	0	0	15	9	0	0	123	107	0	0	357	21	18	0	21	18	0	15	9	0	0	59	45	0	0	21	18	0	5	0	0	0	0	0	0	0	15	9	0	0	59	45	0	0	49	39	0	0	0	0	0	4	0	0	0	5	0	0	0	11	0	0	0	15	9	0	0	123	107	0	0	346	21	18	0	21	18	0	15	9	0	0	59	45	0	0	21	18	0	5	0	0	0	0	0	0	0	15	9	0	0	59	45	0	0	21	18	0	0	0	0	0	3	0	0	0	5	0	0	0	0	0	0	0	15	9	0	0	59	45	0	0	49	39	0	4	0	0	0	0	0	0	0	0	0	0	0	4	0	0	0	5	0	0	0	11	0	0	0	15	9	0	0	123	107	0	0
599	582	61	87	45	565	29	53	17	61	87	45	20	54	42	31	113	198	135	76	548	27	52	9	29	53	17	16	52	34	9	55	131	51	40	61	87	45	9	13	0	9	16	20	0	44	20	54	42	31	113	198	135	76	531	25	52	9	27	52	9	16	52	18	9	53	130	27	40	29	53	17	4	13	0	9	1	0	0	44	16	52	34	9	55	131	51	40	61	87	45	10	0	11	0	5	14	0	0	9	13	0	9	16	20	0	44	20	54	42	31	113	198	135	76	514	18	52	9	25	52	9	12	52	18	9	51	130	27	40	27	52	9	4	13	0	9	1	0	0	44	16	52	18	9	53	130	27	40	29	53	17	0	0	10	0	3	13	0	0	4	13	0	9	1	0	0	44	16	52	34	9	55	131	51	40	61	87	45	0	0	68	0	0	0	0	0	10	0	11	0	5	14	0	0	9	13	0	9	16	20	0	44	20	54	42	31	113	198	135	76
568	553	42	26	82	538	23	0	50	42	26	82	20	0	30	73	91	39	164	76	523	21	0	25	23	0	50	16	0	23	31	53	0	100	40	42	26	82	5	0	0	82	11	26	0	103	20	0	30	73	91	39	164	76	508	21	0	25	21	0	25	16	0	0	31	51	0	50	40	23	0	50	5	0	0	82	1	0	0	102	16	0	23	31	53	0	100	40	42	26	82	2	0	0	0	3	0	0	0	5	0	0	82	11	26	0	103	20	0	30	73	91	39	164	76	493	18	0	25	21	0	25	16	0	0	31	51	0	50	40	21	0	25	5	0	0	82	1	0	0	99	16	0	0	31	51	0	50	40	23	0	50	0	0	0	0	3	0	0	0	5	0	0	82	1	0	0	102	16	0	23	31	53	0	100	40	42	26	82	0	0	24	0	0	0	0	0	2	0	0	0	3	0	0	0	5	0	0	82	11	26	0	103	20	0	30	73	91	39	164	76
265	258	23	6	8	251	8	0	0	23	6	8	5	0	0	0	53	6	8	0	244	8	0	0	8	0	0	5	0	0	0	18	0	0	0	23	6	8	1	0	0	0	10	0	0	0	5	0	0	0	53	6	8	0	237	8	0	0	8	0	0	5	0	0	0	18	0	0	0	8	0	0	1	0	0	0	0	0	0	0	5	0	0	0	18	0	0	0	23	6	8	0	0	0	0	1	0	0	0	1	0	0	0	10	0	0	0	5	0	0	0	53	6	8	0	230	8	0	0	8	0	0	5	0	0	0	18	0	0	0	8	0	0	1	0	0	0	0	0	0	0	5	0	0	0	18	0	0	0	8	0	0	0	0	0	0	1	0	0	0	1	0	0	0	0	0	0	0	5	0	0	0	18	0	0	0	23	6	8	0	0	0	0	0	0	0	0	0	0	0	0	1	0	0	0	1	0	0	0	10	0	0	0	5	0	0	0	53	6	8	0
428	416	39	44	8	404	15	20	0	39	44	8	12	0	0	0	67	90	32	0	392	13	20	0	15	20	0	8	0	0	0	32	30	0	0	39	44	8	1	0	0	0	9	12	0	0	12	0	0	0	67	90	32	0	380	13	20	0	13	20	0	8	0	0	0	30	30	0	0	15	20	0	1	0	0	0	1	0	0	0	8	0	0	0	32	30	0	0	39	44	8	0	0	0	0	2	0	0	0	1	0	0	0	9	12	0	0	12	0	0	0	67	90	32	0	368	13	20	0	13	20	0	8	0	0	0	30	30	0	0	13	20	0	1	0	0	0	1	0	0	0	8	0	0	0	30	30	0	0	15	20	0	0	0	0	0	2	0	0	0	1	0	0	0	1	0	0	0	8	0	0	0	32	30	0	0	39	44	8	0	0	0	0	0	0	0	0	0	0	0	0	2	0	0	0	1	0	0	0	9	12	0	0	12	0	0	0	67	90	32	0
375	365	45	25	4	355	20	0	0	45	25	4	22	0	0	0	69	75	20	0	345	16	0	0	20	0	0	8	0	0	0	38	0	0	0	45	25	4	1	0	0	0	7	20	0	0	22	0	0	0	69	75	20	0	335	16	0	0	16	0	0	8	0	0	0	36	0	0	0	20	0	0	1	0	0	0	1	0	0	0	8	0	0	0	38	0	0	0	45	25	4	0	0	0	0	2	0	0	0	1	0	0	0	7	20	0	0	22	0	0	0	69	75	20	0	325	16	0	0	16	0	0	8	0	0	0	36	0	0	0	16	0	0	1	0	0	0	1	0	0	0	8	0	0	0	36	0	0	0	20	0	0	0	0	0	0	2	0	0	0	1	0	0	0	1	0	0	0	8	0	0	0	38	0	0	0	45	25	4	0	0	0	0	0	0	0	0	0	0	0	0	2	0	0	0	1	0	0	0	7	20	0	0	22	0	0	0	69	75	20	0
728	707	70	127	91	686	45	94	54	70	127	91	40	103	0	31	79	202	182	139	665	38	68	50	45	94	54	28	51	0	24	58	179	108	67	70	127	91	9	0	39	31	4	18	182	0	40	103	0	31	79	202	182	139	644	29	68	28	38	68	50	18	51	0	9	53	153	100	34	45	94	54	6	0	38	9	2	17	108	0	28	51	0	24	58	179	108	67	70	127	91	4	0	93	59	3	17	0	100	9	0	39	31	4	18	182	0	40	103	0	31	79	202	182	139	623	29	68	28	29	68	28	18	51	0	9	50	153	56	34	38	68	50	6	0	37	9	2	17	100	0	18	51	0	9	53	153	100	34	45	94	54	4	0	87	59	3	17	0	98	6	0	38	9	2	17	108	0	28	51	0	24	58	179	108	67	70	127	91	0	0	0	0	1	0	0	0	4	0	93	59	3	17	0	100	9	0	39	31	4	18	182	0	40	103	0	31	79	202	182	139
646	628	55	97	60	610	33	37	55	55	97	60	30	100	44	0	60	101	300	4	592	27	17	55	33	37	55	24	0	44	0	48	51	275	0	55	97	60	0	0	40	0	2	0	120	0	30	100	44	0	60	101	300	4	574	24	17	29	27	17	55	18	0	44	0	43	51	275	0	33	37	55	0	0	40	0	2	0	110	0	24	0	44	0	48	51	275	0	55	97	60	0	0	33	80	1	0	0	137	0	0	40	0	2	0	120	0	30	100	44	0	60	101	300	4	556	24	17	28	24	17	29	18	0	20	0	42	51	145	0	27	17	55	0	0	40	0	2	0	110	0	18	0	44	0	43	51	275	0	33	37	55	0	0	33	77	1	0	0	115	0	0	40	0	2	0	110	0	24	0	44	0	48	51	275	0	55	97	60	0	0	0	9	0	0	0	0	0	0	33	80	1	0	0	137	0	0	40	0	2	0	120	0	30	100	44	0	60	101	300	4
554	539	43	14	99	524	28	0	55	43	14	99	25	0	0	41	56	14	99	147	509	23	0	50	28	0	55	11	0	0	33	46	0	55	67	43	14	99	1	0	12	40	1	0	0	0	25	0	0	41	56	14	99	147	494	17	0	19	23	0	50	7	0	0	9	42	0	50	34	28	0	55	1	0	11	9	1	0	0	0	11	0	0	33	46	0	55	67	43	14	99	0	0	75	59	3	0	0	159	1	0	12	40	1	0	0	0	25	0	0	41	56	14	99	147	479	17	0	19	17	0	19	7	0	0	9	39	0	19	34	23	0	50	1	0	10	9	1	0	0	0	7	0	0	9	42	0	50	34	28	0	55	0	0	69	59	3	0	0	156	1	0	11	9	1	0	0	0	11	0	0	33	46	0	55	67	43	14	99	0	0	0	0	0	0	0	0	0	0	75	59	3	0	0	159	1	0	12	40	1	0	0	0	25	0	0	41	56	14	99	147
440	428	32	32	29	416	16	0	18	32	32	29	17	0	18	0	38	24	116	12	404	12	0	18	16	0	18	3	0	18	0	28	0	72	0	32	32	29	0	0	0	0	1	0	0	0	17	0	18	0	38	24	116	12	392	12	0	0	12	0	18	3	0	18	0	26	0	72	0	16	0	18	0	0	0	0	1	0	0	0	3	0	18	0	28	0	72	0	32	32	29	0	0	0	0	1	0	0	137	0	0	0	0	1	0	0	0	17	0	18	0	38	24	116	12	380	12	0	0	12	0	0	3	0	0	0	26	0	0	0	12	0	18	0	0	0	0	1	0	0	0	3	0	18	0	26	0	72	0	16	0	18	0	0	0	0	1	0	0	115	0	0	0	0	1	0	0	0	3	0	18	0	28	0	72	0	32	32	29	0	0	0	0	0	0	0	0	0	0	0	0	1	0	0	137	0	0	0	0	1	0	0	0	17	0	18	0	38	24	116	12
445	432	36	51	21	419	17	30	0	36	51	21	21	0	0	0	48	67	63	57	406	13	30	0	17	30	0	7	0	0	0	32	60	0	17	36	51	21	1	0	0	0	1	0	0	0	21	0	0	0	48	67	63	57	393	13	30	0	13	30	0	7	0	0	0	30	60	0	9	17	30	0	1	0	0	0	1	0	0	0	7	0	0	0	32	60	0	17	36	51	21	0	0	0	0	2	0	0	0	1	0	0	0	1	0	0	0	21	0	0	0	48	67	63	57	380	13	30	0	13	30	0	7	0	0	0	30	60	0	9	13	30	0	1	0	0	0	1	0	0	0	7	0	0	0	30	60	0	9	17	30	0	0	0	0	0	2	0	0	0	1	0	0	0	1	0	0	0	7	0	0	0	32	60	0	17	36	51	21	0	0	0	0	0	0	0	0	0	0	0	0	2	0	0	0	1	0	0	0	1	0	0	0	21	0	0	0	48	67	63	57
394	383	27	18	52	372	17	0	31	27	18	52	15	0	70	31	29	0	104	89	361	17	0	31	17	0	31	15	0	49	31	28	0	62	73	27	18	52	0	0	0	0	1	0	0	0	15	0	70	31	29	0	104	89	350	17	0	31	17	0	31	15	0	49	31	28	0	62	73	17	0	31	0	0	0	0	1	0	0	0	15	0	49	31	28	0	62	73	27	18	52	0	0	0	0	0	0	0	0	0	0	0	0	1	0	0	0	15	0	70	31	29	0	104	89	339	17	0	19	17	0	31	15	0	49	10	28	0	62	29	17	0	31	0	0	0	0	1	0	0	0	15	0	49	31	28	0	62	73	17	0	31	0	0	0	0	0	0	0	0	0	0	0	0	1	0	0	0	15	0	49	31	28	0	62	73	27	18	52	0	0	0	30	0	0	0	81	0	0	0	0	0	0	0	0	0	0	0	0	1	0	0	0	15	0	70	31	29	0	104	89
324	315	18	0	50	306	10	0	22	18	0	50	4	0	34	31	21	0	0	110	297	10	0	22	10	0	22	4	0	13	31	21	0	0	73	18	0	50	0	0	0	0	0	0	0	0	4	0	34	31	21	0	0	110	288	10	0	22	10	0	22	4	0	13	31	21	0	0	73	10	0	22	0	0	0	0	0	0	0	0	4	0	13	31	21	0	0	73	18	0	50	0	0	0	0	0	0	0	0	0	0	0	0	0	0	0	0	4	0	34	31	21	0	0	110	279	10	0	10	10	0	22	4	0	13	10	21	0	0	29	10	0	22	0	0	0	0	0	0	0	0	4	0	13	31	21	0	0	73	10	0	22	0	0	0	0	0	0	0	0	0	0	0	0	0	0	0	0	4	0	13	31	21	0	0	73	18	0	50	0	0	0	30	0	0	0	81	0	0	0	0	0	0	0	0	0	0	0	0	0	0	0	0	4	0	34	31	21	0	0	110
411	399	29	29	52	387	16	20	0	29	29	52	10	0	46	0	36	50	52	300	375	16	20	0	16	20	0	10	0	0	0	30	50	0	182	29	29	52	0	0	0	0	1	0	0	0	10	0	46	0	36	50	52	300	363	16	20	0	16	20	0	10	0	0	0	30	50	0	173	16	20	0	0	0	0	0	1	0	0	0	10	0	0	0	30	50	0	182	29	29	52	0	0	0	0	1	0	0	0	0	0	0	0	1	0	0	0	10	0	46	0	36	50	52	300	351	16	20	0	16	20	0	10	0	0	0	30	50	0	76	16	20	0	0	0	0	0	1	0	0	0	10	0	0	0	30	50	0	173	16	20	0	0	0	0	0	1	0	0	0	0	0	0	0	1	0	0	0	10	0	0	0	30	50	0	182	29	29	52	0	0	0	0	0	0	0	0	0	0	0	0	1	0	0	0	0	0	0	0	1	0	0	0	10	0	46	0	36	50	52	300
288	280	23	0	38	272	14	0	0	23	0	38	7	0	46	0	32	0	0	201	264	14	0	0	14	0	0	7	0	0	0	30	0	0	127	23	0	38	0	0	0	0	1	0	0	0	7	0	46	0	32	0	0	201	256	14	0	0	14	0	0	7	0	0	0	30	0	0	123	14	0	0	0	0	0	0	1	0	0	0	7	0	0	0	30	0	0	127	23	0	38	0	0	0	0	1	0	0	0	0	0	0	0	1	0	0	0	7	0	46	0	32	0	0	201	248	14	0	0	14	0	0	7	0	0	0	30	0	0	57	14	0	0	0	0	0	0	1	0	0	0	7	0	0	0	30	0	0	123	14	0	0	0	0	0	0	1	0	0	0	0	0	0	0	1	0	0	0	7	0	0	0	30	0	0	127	23	0	38	0	0	0	0	0	0	0	0	0	0	0	0	1	0	0	0	0	0	0	0	1	0	0	0	7	0	46	0	32	0	0	201
352	341	29	42	10	330	17	28	0	29	42	10	11	28	20	0	26	53	20	60	319	17	28	0	17	28	0	11	28	0	0	22	49	0	55	29	42	10	0	0	0	0	1	0	0	0	11	28	20	0	26	53	20	60	308	17	28	0	17	28	0	11	28	0	0	22	49	0	55	17	28	0	0	0	0	0	1	0	0	0	11	28	0	0	22	49	0	55	29	42	10	0	0	0	0	0	0	0	0	0	0	0	0	1	0	0	0	11	28	20	0	26	53	20	60	297	17	28	0	17	28	0	11	28	0	0	22	49	0	29	17	28	0	0	0	0	0	1	0	0	0	11	28	0	0	22	49	0	55	17	28	0	0	0	0	0	0	0	0	0	0	0	0	0	1	0	0	0	11	28	0	0	22	49	0	55	29	42	10	0	0	0	0	0	0	0	0	0	0	0	0	0	0	0	0	0	0	0	0	1	0	0	0	11	28	20	0	26	53	20	60
460	444	76	85	37	428	62	73	36	76	85	37	40	104	11	9	75	99	0	0	412	62	71	36	62	73	36	40	96	11	9	71	94	0	0	76	85	37	10	16	0	0	4	0	0	0	40	104	11	9	75	99	0	0	396	62	71	36	62	71	36	40	96	11	9	71	94	0	0	62	73	36	10	16	0	0	4	0	0	0	40	96	11	9	71	94	0	0	76	85	37	5	0	0	0	2	0	0	0	10	16	0	0	4	0	0	0	40	104	11	9	75	99	0	0	380	62	71	36	62	71	36	40	96	11	9	71	94	0	0	62	71	36	10	16	0	0	4	0	0	0	40	96	11	9	71	94	0	0	62	73	36	5	0	0	0	2	0	0	0	10	16	0	0	4	0	0	0	40	96	11	9	71	94	0	0	75	85	37	0	0	0	0	1	0	0	0	5	0	0	0	2	0	0	0	10	16	0	0	4	0	0	0	40	104	11	9	74	99	0	0
346	335	32	31	48	324	27	28	19	32	31	48	24	21	0	59	36	37	0	114	313	27	28	9	27	28	19	24	21	0	9	34	35	0	31	32	31	48	2	0	0	0	1	0	0	60	24	21	0	59	36	37	0	114	302	27	28	9	27	28	9	24	21	0	9	34	35	0	31	27	28	19	2	0	0	0	1	0	0	55	24	21	0	9	34	35	0	31	32	31	48	0	0	0	0	0	0	0	0	2	0	0	0	1	0	0	60	24	21	0	59	36	37	0	114	291	27	28	9	27	28	9	24	21	0	9	34	35	0	31	27	28	9	2	0	0	0	1	0	0	55	24	21	0	9	34	35	0	31	27	28	19	0	0	0	0	0	0	0	0	2	0	0	0	1	0	0	55	24	21	0	9	34	35	0	31	32	31	48	0	0	0	0	0	0	0	0	0	0	0	0	0	0	0	0	2	0	0	0	1	0	0	60	24	21	0	59	36	37	0	114
572	554	64	80	92	536	50	72	68	64	80	92	36	96	33	113	64	102	0	62	518	49	72	42	50	72	68	34	96	33	35	60	96	0	31	64	80	92	7	0	0	31	2	12	0	151	36	96	33	113	64	102	0	62	500	49	72	42	49	72	42	34	96	29	35	60	96	0	31	50	72	68	7	0	0	31	2	12	0	109	34	96	33	35	60	96	0	31	64	80	92	4	0	0	0	2	0	0	0	7	0	0	31	2	12	0	151	36	96	33	113	64	102	0	62	482	49	72	42	49	72	42	34	96	29	35	60	96	0	31	49	72	42	7	0	0	31	2	12	0	105	34	96	29	35	60	96	0	31	50	72	68	4	0	0	0	2	0	0	0	7	0	0	31	2	12	0	109	34	96	33	35	60	96	0	31	64	80	92	0	0	0	0	1	0	0	0	4	0	0	0	2	0	0	0	7	0	0	31	2	12	0	151	36	96	33	113	64	102	0	62
408	394	76	66	47	380	61	53	46	76	66	47	42	48	78	9	74	66	47	0	366	61	53	44	61	53	46	42	48	78	9	72	66	46	0	76	66	47	12	0	0	18	4	0	0	0	42	48	78	9	74	66	47	0	352	61	53	44	61	53	44	42	48	74	9	72	66	44	0	61	53	46	12	0	0	18	4	0	0	0	42	48	78	9	72	66	46	0	76	66	47	5	0	0	0	2	0	0	0	12	0	0	18	4	0	0	0	42	48	78	9	74	66	47	0	338	61	53	44	61	53	44	42	48	74	9	72	66	44	0	61	53	44	12	0	0	18	4	0	0	0	42	48	74	9	72	66	44	0	61	53	46	5	0	0	0	2	0	0	0	12	0	0	18	4	0	0	0	42	48	78	9	72	66	46	0	75	66	47	0	0	0	0	2	0	0	0	5	0	0	0	2	0	0	0	12	0	0	18	4	0	0	0	42	48	78	9	73	66	47	0
528	510	107	118	66	492	86	96	64	107	118	66	67	69	134	26	136	123	132	0	474	85	91	47	86	96	64	65	64	134	0	125	118	128	0	107	118	66	12	54	0	42	10	11	0	91	67	69	134	26	136	123	132	0	456	84	87	46	85	91	47	65	60	122	0	125	115	94	0	86	96	64	9	50	0	40	7	10	0	54	65	64	134	0	125	118	128	0	107	118	66	10	40	0	11	9	10	0	0	12	54	0	42	10	11	0	91	67	69	134	26	136	123	132	0	438	83	87	45	84	87	46	65	60	118	0	125	114	92	0	85	91	47	9	50	0	38	7	10	0	50	65	60	122	0	125	115	94	0	86	96	64	9	40	0	10	7	10	0	0	9	50	0	40	7	10	0	54	65	64	134	0	125	118	128	0	106	118	66	25	0	0	10	9	13	0	0	10	40	0	11	9	10	0	0	12	54	0	42	10	11	0	91	67	69	134	26	135	123	132	0
476	460	84	59	114	444	81	59	89	84	59	114	64	0	0	121	139	41	0	113	428	81	59	89	81	59	89	64	0	0	121	136	41	0	110	84	59	114	14	0	0	0	7	0	0	0	64	0	0	121	139	41	0	113	412	81	59	85	81	59	89	64	0	0	113	136	41	0	91	81	59	89	14	0	0	0	6	0	0	0	64	0	0	121	136	41	0	110	84	59	114	14	0	0	42	9	0	0	0	14	0	0	0	7	0	0	0	64	0	0	121	139	41	0	113	396	80	59	84	81	59	85	64	0	0	112	136	41	0	90	81	59	89	14	0	0	0	6	0	0	0	64	0	0	113	136	41	0	91	81	59	89	13	0	0	40	7	0	0	0	14	0	0	0	6	0	0	0	64	0	0	121	136	41	0	110	83	59	114	25	0	0	11	13	11	0	0	14	0	0	42	9	0	0	0	14	0	0	0	7	0	0	0	64	0	0	121	138	41	0	113
623	601	123	179	63	579	91	169	49	123	179	63	59	95	0	77	243	360	0	66	557	91	168	49	91	169	49	59	90	0	77	180	331	0	64	123	179	63	22	9	0	0	14	0	0	0	59	95	0	77	243	360	0	66	535	90	164	45	91	168	49	59	90	0	69	180	328	0	47	91	169	49	19	9	0	0	7	0	0	0	59	90	0	77	180	331	0	64	123	179	63	31	60	0	42	25	15	0	0	22	9	0	0	14	0	0	0	59	95	0	77	243	360	0	66	513	84	144	42	90	164	45	59	90	0	68	180	325	0	46	91	168	49	19	9	0	0	7	0	0	0	59	90	0	69	180	328	0	47	91	169	49	13	40	0	40	12	10	0	0	19	9	0	0	7	0	0	0	59	90	0	77	180	331	0	64	123	179	63	25	200	0	25	30	72	0	0	31	60	0	42	25	15	0	0	22	9	0	0	14	0	0	0	59	95	0	77	243	360	0	66
446	432	81	33	95	418	75	33	92	81	33	95	47	0	0	44	147	33	0	0	404	75	33	92	75	33	92	47	0	0	44	141	33	0	0	81	33	95	5	0	0	0	8	0	0	0	47	0	0	44	147	33	0	0	390	75	33	90	75	33	92	47	0	0	42	141	33	0	0	75	33	92	5	0	0	0	5	0	0	0	47	0	0	44	141	33	0	0	81	33	95	13	0	0	24	13	0	0	0	5	0	0	0	8	0	0	0	47	0	0	44	147	33	0	0	376	73	33	89	75	33	90	47	0	0	41	141	33	0	0	75	33	92	5	0	0	0	5	0	0	0	47	0	0	42	141	33	0	0	75	33	92	10	0	0	22	7	0	0	0	5	0	0	0	5	0	0	0	47	0	0	44	141	33	0	0	81	33	95	43	0	0	11	33	22	0	0	13	0	0	24	13	0	0	0	5	0	0	0	8	0	0	0	47	0	0	44	147	33	0	0
532	514	86	121	67	496	61	106	66	86	121	67	39	73	0	14	195	284	67	0	478	61	105	66	61	106	66	39	70	0	14	144	267	66	0	86	121	67	13	9	0	0	8	0	0	0	39	73	0	14	195	284	67	0	460	60	103	59	61	105	66	39	70	0	12	144	264	66	0	61	106	66	10	9	0	0	1	0	0	0	39	70	0	14	144	267	66	0	86	121	67	12	26	0	93	16	13	0	0	13	9	0	0	8	0	0	0	39	73	0	14	195	284	67	0	442	53	94	54	60	103	59	39	70	0	11	144	261	59	0	61	105	66	10	9	0	0	1	0	0	0	39	70	0	12	144	264	66	0	61	106	66	9	20	0	87	6	10	0	0	10	9	0	0	1	0	0	0	39	70	0	14	144	267	66	0	86	121	67	36	96	0	45	29	70	0	0	12	26	0	93	16	13	0	0	13	9	0	0	8	0	0	0	39	73	0	14	195	284	67	0
279	269	60	41	0	259	42	33	0	60	41	0	29	12	0	0	148	107	0	0	249	42	33	0	42	33	0	29	12	0	0	104	97	0	0	60	41	0	6	0	0	0	2	0	0	0	29	12	0	0	148	107	0	0	239	41	33	0	42	33	0	29	12	0	0	104	97	0	0	42	33	0	4	0	0	0	0	0	0	0	29	12	0	0	104	97	0	0	60	41	0	11	0	0	0	2	3	0	0	6	0	0	0	2	0	0	0	29	12	0	0	148	107	0	0	229	34	31	0	41	33	0	27	12	0	0	101	97	0	0	42	33	0	4	0	0	0	0	0	0	0	29	12	0	0	104	97	0	0	42	33	0	7	0	0	0	2	0	0	0	4	0	0	0	0	0	0	0	29	12	0	0	104	97	0	0	60	41	0	33	6	0	0	24	24	0	0	11	0	0	0	2	3	0	0	6	0	0	0	2	0	0	0	29	12	0	0	148	107	0	0
330	319	68	39	11	308	43	35	0	68	39	11	39	20	0	0	180	115	0	67	297	42	35	0	43	35	0	37	20	0	0	124	115	0	66	68	39	11	15	0	0	0	6	0	0	0	39	20	0	0	180	115	0	67	286	38	35	0	42	35	0	34	20	0	0	119	115	0	66	43	35	0	7	0	0	0	0	0	0	0	37	20	0	0	124	115	0	66	68	39	11	11	0	0	0	1	0	0	0	15	0	0	0	6	0	0	0	39	20	0	0	180	115	0	67	275	31	15	0	38	35	0	26	20	0	0	107	115	0	59	42	35	0	5	0	0	0	0	0	0	0	34	20	0	0	119	115	0	66	43	35	0	3	0	0	0	1	0	0	0	7	0	0	0	0	0	0	0	37	20	0	0	124	115	0	66	68	39	11	12	0	11	0	13	9	44	0	11	0	0	0	1	0	0	0	15	0	0	0	6	0	0	0	39	20	0	0	180	115	0	67
387	374	72	65	3	361	43	51	0	72	65	3	33	30	0	0	191	172	6	0	348	40	48	0	43	51	0	23	28	0	0	128	148	0	0	72	65	3	9	17	0	0	6	10	0	0	33	30	0	0	191	172	6	0	335	37	39	0	40	48	0	20	24	0	0	116	142	0	0	43	51	0	3	7	0	0	0	0	0	0	23	28	0	0	128	148	0	0	72	65	3	5	20	0	0	0	0	3	0	9	17	0	0	6	10	0	0	33	30	0	0	191	172	6	0	322	29	27	0	37	39	0	14	10	0	0	107	119	0	0	40	48	0	1	5	0	0	0	0	0	0	20	24	0	0	116	142	0	0	43	51	0	1	0	0	0	0	0	0	0	3	7	0	0	0	0	0	0	23	28	0	0	128	148	0	0	72	65	3	2	10	3	0	5	10	6	0	5	20	0	0	0	0	3	0	9	17	0	0	6	10	0	0	33	30	0	0	191	172	6	0
396	383	70	67	0	370	35	48	0	70	67	0	22	68	0	0	181	197	0	0	357	33	36	0	35	48	0	14	48	0	0	101	150	0	0	70	67	0	3	36	0	0	6	8	0	0	22	68	0	0	181	197	0	0	344	32	20	0	33	36	0	14	24	0	0	94	108	0	0	35	48	0	1	8	0	0	0	0	0	0	14	48	0	0	101	150	0	0	70	67	0	4	16	0	0	0	0	0	0	3	36	0	0	6	8	0	0	22	68	0	0	181	197	0	0	331	26	12	0	32	20	0	12	0	0	0	91	64	0	0	33	36	0	1	0	0	0	0	0	0	0	14	24	0	0	94	108	0	0	35	48	0	0	0	0	0	0	0	0	0	1	8	0	0	0	0	0	0	14	48	0	0	101	150	0	0	70	67	0	2	0	0	0	4	0	0	0	4	16	0	0	0	0	0	0	3	36	0	0	6	8	0	0	22	68	0	0	181	197	0	0
254	245	54	26	0	236	36	14	0	54	26	0	29	0	0	0	133	55	0	0	227	33	14	0	36	14	0	19	0	0	0	98	35	0	0	54	26	0	11	0	0	0	6	8	0	0	29	0	0	0	133	55	0	0	218	29	14	0	33	14	0	16	0	0	0	86	35	0	0	36	14	0	3	0	0	0	0	0	0	0	19	0	0	0	98	35	0	0	54	26	0	8	0	0	0	0	0	0	0	11	0	0	0	6	8	0	0	29	0	0	0	133	55	0	0	209	21	14	0	29	14	0	8	0	0	0	74	35	0	0	33	14	0	1	0	0	0	0	0	0	0	16	0	0	0	86	35	0	0	36	14	0	0	0	0	0	0	0	0	0	3	0	0	0	0	0	0	0	19	0	0	0	98	35	0	0	54	26	0	2	0	0	0	2	0	0	0	8	0	0	0	0	0	0	0	11	0	0	0	6	8	0	0	29	0	0	0	133	55	0	0
227	220	48	12	0	213	34	0	0	48	12	0	25	0	0	0	112	21	0	0	206	31	0	0	34	0	0	15	0	0	0	88	0	0	0	48	12	0	11	0	0	0	6	6	0	0	25	0	0	0	112	21	0	0	199	27	0	0	31	0	0	12	0	0	0	76	0	0	0	34	0	0	3	0	0	0	0	0	0	0	15	0	0	0	88	0	0	0	48	12	0	8	0	0	0	0	0	0	0	11	0	0	0	6	6	0	0	25	0	0	0	112	21	0	0	192	23	0	0	27	0	0	4	0	0	0	64	0	0	0	31	0	0	1	0	0	0	0	0	0	0	12	0	0	0	76	0	0	0	34	0	0	0	0	0	0	0	0	0	0	3	0	0	0	0	0	0	0	15	0	0	0	88	0	0	0	48	12	0	2	0	0	0	1	0	0	0	8	0	0	0	0	0	0	0	11	0	0	0	6	6	0	0	25	0	0	0	112	21	0	0
524	506	76	112	16	488	42	72	0	76	112	16	22	64	4	0	189	296	64	3	470	38	56	0	42	72	0	19	0	0	0	107	196	0	0	76	112	16	3	0	17	0	0	0	32	0	22	64	4	0	189	296	64	3	452	34	56	0	38	56	0	11	0	0	0	95	140	0	0	42	72	0	1	0	0	0	0	0	0	0	19	0	0	0	107	196	0	0	76	112	16	0	0	18	0	0	0	0	0	3	0	17	0	0	0	32	0	22	64	4	0	189	296	64	3	434	33	56	0	34	56	0	9	0	0	0	87	140	0	0	38	56	0	0	0	0	0	0	0	0	0	11	0	0	0	95	140	0	0	42	72	0	0	0	0	0	0	0	0	0	1	0	0	0	0	0	0	0	19	0	0	0	107	196	0	0	76	112	16	0	0	5	0	1	0	0	0	0	0	18	0	0	0	0	0	3	0	17	0	0	0	32	0	22	64	4	0	189	296	64	3
366	351	58	73	16	336	30	71	0	58	73	16	24	24	4	0	134	168	0	3	321	24	71	0	30	71	0	13	24	0	0	72	165	0	0	58	73	16	3	0	17	0	2	0	0	0	24	24	4	0	134	168	0	3	306	20	71	0	24	71	0	5	24	0	0	53	165	0	0	30	71	0	1	0	0	0	0	0	0	0	13	24	0	0	72	165	0	0	58	73	16	0	0	18	0	0	0	0	0	3	0	17	0	2	0	0	0	24	24	4	0	134	168	0	3	291	19	71	0	20	71	0	3	24	0	0	45	165	0	0	24	71	0	0	0	0	0	0	0	0	0	5	24	0	0	53	165	0	0	30	71	0	0	0	0	0	0	0	0	0	1	0	0	0	0	0	0	0	13	24	0	0	72	165	0	0	58	73	16	0	0	5	0	1	0	0	0	0	0	18	0	0	0	0	0	3	0	17	0	2	0	0	0	24	24	4	0	134	168	0	3
278	268	42	29	7	258	26	23	0	42	29	7	15	0	0	0	92	45	7	0	248	24	23	0	26	23	0	7	0	0	0	65	39	0	0	42	29	7	0	0	0	0	0	0	0	0	15	0	0	0	92	45	7	0	238	24	23	0	24	23	0	7	0	0	0	58	39	0	0	26	23	0	0	0	0	0	0	0	0	0	7	0	0	0	65	39	0	0	42	29	7	0	0	0	0	0	0	0	0	0	0	0	0	0	0	0	0	15	0	0	0	92	45	7	0	228	24	23	0	24	23	0	7	0	0	0	58	39	0	0	24	23	0	0	0	0	0	0	0	0	0	7	0	0	0	58	39	0	0	26	23	0	0	0	0	0	0	0	0	0	0	0	0	0	0	0	0	0	7	0	0	0	65	39	0	0	42	29	7	0	0	0	0	0	0	0	0	0	0	0	0	0	0	0	0	0	0	0	0	0	0	0	0	15	0	0	0	92	45	7	0
264	255	38	24	3	246	25	14	0	38	24	3	15	0	0	0	86	26	6	0	237	23	14	0	25	14	0	7	0	0	0	62	21	0	0	38	24	3	0	0	0	0	0	0	0	0	15	0	0	0	86	26	6	0	228	23	14	0	23	14	0	7	0	0	0	55	21	0	0	25	14	0	0	0	0	0	0	0	0	0	7	0	0	0	62	21	0	0	38	24	3	0	0	0	0	0	0	0	0	0	0	0	0	0	0	0	0	15	0	0	0	86	26	6	0	219	23	14	0	23	14	0	7	0	0	0	55	21	0	0	23	14	0	0	0	0	0	0	0	0	0	7	0	0	0	55	21	0	0	25	14	0	0	0	0	0	0	0	0	0	0	0	0	0	0	0	0	0	7	0	0	0	62	21	0	0	38	24	3	0	0	0	0	0	0	0	0	0	0	0	0	0	0	0	0	0	0	0	0	0	0	0	0	15	0	0	0	86	26	6	0
241	233	30	19	0	225	16	7	0	30	19	0	10	0	0	0	70	33	0	0	217	14	7	0	16	7	0	2	0	0	0	41	21	0	0	30	19	0	0	0	0	0	0	0	0	0	10	0	0	0	70	33	0	0	209	14	7	0	14	7	0	2	0	0	0	34	21	0	0	16	7	0	0	0	0	0	0	0	0	0	2	0	0	0	41	21	0	0	30	19	0	0	0	0	0	0	0	0	0	0	0	0	0	0	0	0	0	10	0	0	0	70	33	0	0	201	14	7	0	14	7	0	2	0	0	0	34	21	0	0	14	7	0	0	0	0	0	0	0	0	0	2	0	0	0	34	21	0	0	16	7	0	0	0	0	0	0	0	0	0	0	0	0	0	0	0	0	0	2	0	0	0	41	21	0	0	30	19	0	0	0	0	0	0	0	0	0	0	0	0	0	0	0	0	0	0	0	0	0	0	0	0	0	10	0	0	0	70	33	0	0
274	265	37	20	14	256	14	0	4	37	20	14	8	0	34	8	110	60	70	16	247	12	0	0	14	0	4	2	0	12	0	42	0	20	0	37	20	14	0	0	12	0	0	0	0	0	8	0	34	8	110	60	70	16	238	12	0	0	12	0	0	2	0	0	0	38	0	0	0	14	0	4	0	0	8	0	0	0	0	0	2	0	12	0	42	0	20	0	37	20	14	0	0	0	0	0	0	0	0	0	0	12	0	0	0	0	0	8	0	34	8	110	60	70	16	229	12	0	0	12	0	0	2	0	0	0	38	0	0	0	12	0	0	0	0	0	0	0	0	0	0	2	0	0	0	38	0	0	0	14	0	4	0	0	0	0	0	0	0	0	0	0	8	0	0	0	0	0	2	0	12	0	42	0	20	0	37	20	14	0	0	0	0	0	0	0	0	0	0	0	0	0	0	0	0	0	0	12	0	0	0	0	0	8	0	34	8	110	60	70	16
309	298	33	33	22	287	15	24	0	33	33	22	2	16	16	0	84	104	22	26	276	15	24	0	15	24	0	2	16	0	0	37	72	0	0	33	33	22	0	0	0	0	0	0	0	0	2	16	16	0	84	104	22	26	265	15	24	0	15	24	0	2	16	0	0	37	72	0	0	15	24	0	0	0	0	0	0	0	0	0	2	16	0	0	37	72	0	0	33	33	22	0	0	0	0	0	0	0	0	0	0	0	0	0	0	0	0	2	16	16	0	84	104	22	26	254	15	24	0	15	24	0	2	16	0	0	37	72	0	0	15	24	0	0	0	0	0	0	0	0	0	2	16	0	0	37	72	0	0	15	24	0	0	0	0	0	0	0	0	0	0	0	0	0	0	0	0	0	2	16	0	0	37	72	0	0	33	33	22	0	0	0	0	0	0	0	0	0	0	0	0	0	0	0	0	0	0	0	0	0	0	0	0	2	16	16	0	84	104	22	26
217	210	23	0	16	203	12	0	0	23	0	16	2	0	16	0	66	0	0	19	196	12	0	0	12	0	0	2	0	0	0	32	0	0	0	23	0	16	0	0	0	0	0	0	0	0	2	0	16	0	66	0	0	19	189	12	0	0	12	0	0	2	0	0	0	32	0	0	0	12	0	0	0	0	0	0	0	0	0	0	2	0	0	0	32	0	0	0	23	0	16	0	0	0	0	0	0	0	0	0	0	0	0	0	0	0	0	2	0	16	0	66	0	0	19	182	12	0	0	12	0	0	2	0	0	0	32	0	0	0	12	0	0	0	0	0	0	0	0	0	0	2	0	0	0	32	0	0	0	12	0	0	0	0	0	0	0	0	0	0	0	0	0	0	0	0	0	0	2	0	0	0	32	0	0	0	23	0	16	0	0	0	0	0	0	0	0	0	0	0	0	0	0	0	0	0	0	0	0	0	0	0	0	2	0	16	0	66	0	0	19
318	307	35	36	11	296	12	18	0	35	36	11	4	0	16	0	99	111	33	16	285	12	18	0	12	18	0	4	0	0	0	35	63	0	0	35	36	11	0	0	0	0	0	0	0	0	4	0	16	0	99	111	33	16	274	12	18	0	12	18	0	4	0	0	0	35	63	0	0	12	18	0	0	0	0	0	0	0	0	0	4	0	0	0	35	63	0	0	35	36	11	0	0	0	0	0	0	0	0	0	0	0	0	0	0	0	0	4	0	16	0	99	111	33	16	263	12	18	0	12	18	0	4	0	0	0	35	63	0	0	12	18	0	0	0	0	0	0	0	0	0	4	0	0	0	35	63	0	0	12	18	0	0	0	0	0	0	0	0	0	0	0	0	0	0	0	0	0	4	0	0	0	35	63	0	0	35	36	11	0	0	0	0	0	0	0	0	0	0	0	0	0	0	0	0	0	0	0	0	0	0	0	0	4	0	16	0	99	111	33	16
124	120	10	0	3	116	6	0	0	10	0	3	2	0	0	0	31	0	0	0	112	6	0	0	6	0	0	2	0	0	0	19	0	0	0	10	0	3	0	0	0	0	0	0	0	0	2	0	0	0	31	0	0	0	108	6	0	0	6	0	0	2	0	0	0	19	0	0	0	6	0	0	0	0	0	0	0	0	0	0	2	0	0	0	19	0	0	0	10	0	3	0	0	0	0	0	0	0	0	0	0	0	0	0	0	0	0	2	0	0	0	31	0	0	0	104	6	0	0	6	0	0	2	0	0	0	19	0	0	0	6	0	0	0	0	0	0	0	0	0	0	2	0	0	0	19	0	0	0	6	0	0	0	0	0	0	0	0	0	0	0	0	0	0	0	0	0	0	2	0	0	0	19	0	0	0	10	0	3	0	0	0	0	0	0	0	0	0	0	0	0	0	0	0	0	0	0	0	0	0	0	0	0	2	0	0	0	31	0	0	0
378	365	51	39	36	352	23	12	21	51	39	36	15	0	28	38	139	120	108	25	339	22	12	9	23	12	21	13	0	26	4	71	48	63	4	51	39	36	2	0	7	18	0	0	0	16	15	0	28	38	139	120	108	25	326	22	12	0	22	12	9	13	0	18	0	71	48	27	0	23	12	21	2	0	7	0	0	0	0	0	13	0	26	4	71	48	63	4	51	39	36	0	0	0	0	0	0	0	3	2	0	7	18	0	0	0	16	15	0	28	38	139	120	108	25	313	22	12	0	22	12	0	13	0	0	0	71	48	0	0	22	12	9	2	0	5	0	0	0	0	0	13	0	18	0	71	48	27	0	23	12	21	0	0	0	0	0	0	0	0	2	0	7	0	0	0	0	0	13	0	26	4	71	48	63	4	51	39	36	0	0	0	0	4	0	0	0	0	0	0	0	0	0	0	3	2	0	7	18	0	0	0	16	15	0	28	38	139	120	108	25
238	230	28	12	11	222	9	0	6	28	12	11	4	0	14	6	82	24	22	14	214	9	0	4	9	0	6	4	0	12	4	33	0	12	4	28	12	11	0	0	0	8	0	0	0	0	4	0	14	6	82	24	22	14	206	9	0	0	9	0	4	4	0	8	0	33	0	8	0	9	0	6	0	0	0	0	0	0	0	0	4	0	12	4	33	0	12	4	28	12	11	0	0	0	0	0	0	0	0	0	0	0	8	0	0	0	0	4	0	14	6	82	24	22	14	198	9	0	0	9	0	0	4	0	0	0	33	0	0	0	9	0	4	0	0	0	0	0	0	0	0	4	0	8	0	33	0	8	0	9	0	6	0	0	0	0	0	0	0	0	0	0	0	0	0	0	0	0	4	0	12	4	33	0	12	4	28	12	11	0	0	0	0	2	0	0	0	0	0	0	0	0	0	0	0	0	0	0	8	0	0	0	0	4	0	14	6	82	24	22	14
447	431	56	77	36	415	21	39	14	56	77	36	13	26	14	38	148	239	144	47	399	21	39	4	21	39	14	13	26	12	4	66	117	56	4	56	77	36	2	0	0	8	0	0	0	16	13	26	14	38	148	239	144	47	383	21	39	0	21	39	4	13	26	8	0	66	117	16	0	21	39	14	2	0	0	0	0	0	0	0	13	26	12	4	66	117	56	4	56	77	36	0	0	0	0	0	0	0	0	2	0	0	8	0	0	0	16	13	26	14	38	148	239	144	47	367	21	39	0	21	39	0	13	26	0	0	66	117	0	0	21	39	4	2	0	0	0	0	0	0	0	13	26	8	0	66	117	16	0	21	39	14	0	0	0	0	0	0	0	0	2	0	0	0	0	0	0	0	13	26	12	4	66	117	56	4	56	77	36	0	0	0	0	9	0	0	0	0	0	0	0	0	0	0	0	2	0	0	8	0	0	0	16	13	26	14	38	148	239	144	47
209	202	22	6	10	195	7	0	0	22	6	10	2	0	0	0	67	6	10	25	188	7	0	0	7	0	0	2	0	0	0	24	0	0	4	22	6	10	0	0	0	0	0	0	0	0	2	0	0	0	67	6	10	25	181	7	0	0	7	0	0	2	0	0	0	24	0	0	0	7	0	0	0	0	0	0	0	0	0	0	2	0	0	0	24	0	0	4	22	6	10	0	0	0	0	0	0	0	0	0	0	0	0	0	0	0	0	2	0	0	0	67	6	10	25	174	7	0	0	7	0	0	2	0	0	0	24	0	0	0	7	0	0	0	0	0	0	0	0	0	0	2	0	0	0	24	0	0	0	7	0	0	0	0	0	0	0	0	0	0	0	0	0	0	0	0	0	0	2	0	0	0	24	0	0	4	22	6	10	0	0	0	0	1	0	0	0	0	0	0	0	0	0	0	0	0	0	0	0	0	0	0	0	2	0	0	0	67	6	10	25
316	305	45	35	4	294	13	10	0	45	35	4	13	0	0	0	119	130	20	14	283	13	10	0	13	10	0	13	0	0	0	41	40	0	4	45	35	4	2	0	0	0	0	0	0	0	13	0	0	0	119	130	20	14	272	13	10	0	13	10	0	13	0	0	0	41	40	0	0	13	10	0	2	0	0	0	0	0	0	0	13	0	0	0	41	40	0	4	45	35	4	0	0	0	0	0	0	0	0	2	0	0	0	0	0	0	0	13	0	0	0	119	130	20	14	261	13	10	0	13	10	0	13	0	0	0	41	40	0	0	13	10	0	2	0	0	0	0	0	0	0	13	0	0	0	41	40	0	0	13	10	0	0	0	0	0	0	0	0	0	2	0	0	0	0	0	0	0	13	0	0	0	41	40	0	4	45	35	4	0	0	0	0	11	0	0	0	0	0	0	0	0	0	0	0	2	0	0	0	0	0	0	0	13	0	0	0	119	130	20	14
372	359	67	40	30	346	37	0	16	67	40	30	33	0	27	0	176	112	150	40	333	35	0	16	37	0	16	29	0	27	0	104	0	80	14	67	40	30	8	0	22	0	3	0	0	0	33	0	27	0	176	112	150	40	320	35	0	16	35	0	16	29	0	27	0	99	0	80	4	37	0	16	8	0	22	0	3	0	0	0	29	0	27	0	104	0	80	14	67	40	30	18	0	0	0	11	0	0	0	8	0	22	0	3	0	0	0	33	0	27	0	176	112	150	40	307	31	0	16	35	0	16	29	0	27	0	99	0	80	0	35	0	16	8	0	22	0	3	0	0	0	29	0	27	0	99	0	80	4	37	0	16	3	0	0	0	6	0	0	0	8	0	22	0	3	0	0	0	29	0	27	0	104	0	80	14	67	40	30	2	0	0	0	9	32	0	0	18	0	0	0	11	0	0	0	8	0	22	0	3	0	0	0	33	0	27	0	176	112	150	40
459	443	90	55	49	427	50	0	44	90	55	49	41	0	109	0	224	154	245	4	411	46	0	44	50	0	44	29	0	109	0	132	0	220	0	90	55	49	8	0	40	0	3	0	0	0	41	0	109	0	224	154	245	4	395	46	0	44	46	0	44	29	0	109	0	121	0	220	0	50	0	44	8	0	40	0	3	0	0	0	29	0	109	0	132	0	220	0	90	55	49	24	0	0	0	13	0	0	0	8	0	40	0	3	0	0	0	41	0	109	0	224	154	245	4	379	42	0	36	46	0	44	29	0	109	0	121	0	220	0	46	0	44	8	0	40	0	3	0	0	0	29	0	109	0	121	0	220	0	50	0	44	9	0	0	0	8	0	0	0	8	0	40	0	3	0	0	0	29	0	109	0	132	0	220	0	90	55	49	30	0	0	14	20	44	0	11	24	0	0	0	13	0	0	0	8	0	40	0	3	0	0	0	41	0	109	0	224	154	245	4
405	391	43	13	63	377	23	0	24	43	13	63	17	0	18	28	124	0	63	97	363	23	0	23	23	0	24	17	0	17	25	78	0	24	41	43	13	63	3	0	0	6	0	0	0	0	17	0	18	28	124	0	63	97	349	23	0	19	23	0	23	17	0	17	17	78	0	23	17	23	0	24	3	0	0	4	0	0	0	0	17	0	17	25	78	0	24	41	43	13	63	1	0	0	18	0	0	0	0	3	0	0	6	0	0	0	0	17	0	18	28	124	0	63	97	335	22	0	5	23	0	19	17	0	15	0	78	0	19	0	23	0	23	3	0	0	0	0	0	0	0	17	0	17	17	78	0	23	17	23	0	24	1	0	0	0	0	0	0	0	3	0	0	4	0	0	0	0	17	0	17	25	78	0	24	41	43	13	63	2	0	0	0	13	13	0	14	1	0	0	18	0	0	0	0	3	0	0	6	0	0	0	0	17	0	18	28	124	0	63	97
465	448	63	77	52	431	29	42	19	63	77	52	23	28	13	28	171	229	156	87	414	29	42	18	29	42	19	23	28	12	25	94	168	57	41	63	77	52	6	0	0	6	0	0	0	0	23	28	13	28	171	229	156	87	397	29	42	14	29	42	18	23	28	12	17	94	168	54	17	29	42	19	6	0	0	4	0	0	0	0	23	28	12	25	94	168	57	41	63	77	52	1	0	0	18	3	0	0	0	6	0	0	6	0	0	0	0	23	28	13	28	171	229	156	87	380	28	42	0	29	42	14	23	28	10	0	94	168	42	0	29	42	18	6	0	0	0	0	0	0	0	23	28	12	17	94	168	54	17	29	42	19	1	0	0	0	2	0	0	0	6	0	0	4	0	0	0	0	23	28	12	25	94	168	57	41	63	77	52	2	0	0	0	15	11	0	14	1	0	0	18	3	0	0	0	6	0	0	6	0	0	0	0	23	28	13	28	171	229	156	87
463	445	63	115	28	427	23	74	5	63	115	28	16	114	5	0	162	285	112	76	409	23	72	5	23	74	5	16	108	5	0	77	195	20	35	63	115	28	4	24	0	0	3	0	0	0	16	114	5	0	162	285	112	76	391	23	72	5	23	72	5	16	108	5	0	77	192	20	13	23	74	5	4	24	0	0	0	0	0	0	16	108	5	0	77	195	20	35	63	115	28	1	0	0	0	9	0	0	0	4	24	0	0	3	0	0	0	16	114	5	0	162	285	112	76	373	22	72	0	23	72	5	16	108	5	0	77	192	20	0	23	72	5	4	24	0	0	0	0	0	0	16	108	5	0	77	192	20	13	23	74	5	1	0	0	0	2	0	0	0	4	24	0	0	0	0	0	0	16	108	5	0	77	195	20	35	63	115	28	2	0	0	0	16	8	0	11	1	0	0	0	9	0	0	0	4	24	0	0	3	0	0	0	16	114	5	0	162	285	112	76
446	429	67	75	70	412	38	42	29	67	75	70	28	0	45	31	161	178	210	159	395	38	42	29	38	42	29	28	0	40	31	96	112	87	84	67	75	70	16	0	0	0	18	0	0	0	28	0	45	31	161	178	210	159	378	36	42	29	38	42	29	28	0	40	31	96	112	87	83	38	42	29	8	0	0	0	5	0	0	0	28	0	40	31	96	112	87	84	67	75	70	22	0	0	0	17	25	0	0	16	0	0	0	18	0	0	0	28	0	45	31	161	178	210	159	361	28	42	29	36	42	29	28	0	40	31	94	112	87	79	38	42	29	8	0	0	0	5	0	0	0	28	0	40	31	96	112	87	83	38	42	29	3	0	0	0	5	14	0	0	8	0	0	0	5	0	0	0	28	0	40	31	96	112	87	84	67	75	70	2	0	40	0	4	0	0	0	22	0	0	0	17	25	0	0	16	0	0	0	18	0	0	0	28	0	45	31	161	178	210	159
444	428	71	48	81	412	45	0	47	71	48	81	30	0	72	55	164	120	324	107	396	44	0	47	45	0	47	28	0	66	55	109	0	188	65	71	48	81	15	0	13	0	12	0	0	0	30	0	72	55	164	120	324	107	380	42	0	47	44	0	47	28	0	66	55	108	0	188	65	45	0	47	8	0	13	0	7	0	0	0	28	0	66	55	109	0	188	65	71	48	81	24	0	0	0	13	24	0	0	15	0	13	0	12	0	0	0	30	0	72	55	164	120	324	107	364	32	0	47	42	0	47	28	0	66	55	108	0	188	65	44	0	47	8	0	13	0	7	0	0	0	28	0	66	55	108	0	188	65	45	0	47	3	0	0	0	6	0	0	0	8	0	13	0	7	0	0	0	28	0	66	55	109	0	188	65	71	48	81	4	0	60	0	6	0	0	0	24	0	0	0	13	24	0	0	15	0	13	0	12	0	0	0	30	0	72	55	164	120	324	107
496	477	80	79	96	458	49	75	36	80	79	96	27	62	20	59	193	237	0	222	439	49	74	35	49	75	36	27	60	18	57	119	226	0	108	80	79	96	8	15	0	7	7	0	0	0	27	62	20	59	193	237	0	222	420	49	73	35	49	74	35	27	60	18	57	119	224	0	106	49	75	36	8	15	0	7	4	0	0	0	27	60	18	57	119	226	0	108	80	79	96	28	14	0	0	18	0	0	0	8	15	0	7	7	0	0	0	27	62	20	59	193	237	0	222	401	39	57	33	49	73	35	27	58	18	53	119	219	0	98	49	74	35	8	15	0	5	4	0	0	0	27	60	18	57	119	224	0	106	49	75	36	6	14	0	0	7	0	0	0	8	15	0	7	4	0	0	0	27	60	18	57	119	226	0	108	80	79	96	7	28	60	10	11	14	96	0	28	14	0	0	18	0	0	0	8	15	0	7	7	0	0	0	27	62	20	59	193	237	0	222
452	434	75	103	58	416	38	75	18	75	103	58	21	102	20	18	183	301	116	159	398	38	72	18	38	75	18	21	96	18	18	93	248	36	84	75	103	58	10	36	0	0	16	0	0	0	21	102	20	18	183	301	116	159	380	37	72	18	38	72	18	21	96	18	18	93	240	36	83	38	75	18	5	36	0	0	5	0	0	0	21	96	18	18	93	248	36	84	75	103	58	24	0	0	0	18	15	0	0	10	36	0	0	16	0	0	0	21	102	20	18	183	301	116	159	362	27	72	18	37	72	18	21	96	18	18	91	240	36	79	38	72	18	5	36	0	0	5	0	0	0	21	96	18	18	93	240	36	83	38	75	18	3	0	0	0	5	13	0	0	5	36	0	0	5	0	0	0	21	96	18	18	93	248	36	84	75	103	58	4	0	60	0	10	0	0	0	24	0	0	0	18	15	0	0	10	36	0	0	16	0	0	0	21	102	20	18	183	301	116	159
493	473	101	154	29	453	62	115	9	101	154	29	44	60	10	9	183	338	145	79	433	59	113	9	62	115	9	35	60	9	9	109	230	45	60	101	154	29	21	34	0	0	24	51	0	0	44	60	10	9	183	338	145	79	413	54	96	9	59	113	9	33	60	9	9	105	226	45	60	62	115	9	7	30	0	0	7	45	0	0	35	60	9	9	109	230	45	60	101	154	29	10	135	0	0	16	63	0	0	21	34	0	0	24	51	0	0	44	60	10	9	183	338	145	79	393	48	75	9	54	96	9	33	60	9	9	103	217	45	60	59	113	9	7	30	0	0	7	45	0	0	33	60	9	9	105	226	45	60	62	115	9	5	30	0	0	6	45	0	0	7	30	0	0	7	45	0	0	35	60	9	9	109	230	45	60	93	154	29	7	0	40	0	5	12	87	0	10	135	0	0	16	63	0	0	21	34	0	0	24	51	0	0	44	60	10	9	178	338	145	79
480	462	66	59	133	444	45	17	92	66	59	133	27	0	75	119	110	70	399	180	426	42	14	88	45	17	92	22	0	74	107	77	0	276	85	66	59	133	12	42	10	40	14	28	0	0	27	0	75	119	110	70	399	180	408	28	0	88	42	14	88	18	0	74	107	75	0	264	85	45	17	92	4	0	10	40	7	0	0	0	22	0	74	107	77	0	276	85	66	59	133	2	0	147	0	5	0	133	0	12	42	10	40	14	28	0	0	27	0	75	119	110	70	399	180	390	28	0	88	28	0	88	18	0	74	107	67	0	264	85	42	14	88	4	0	10	40	7	0	0	0	18	0	74	107	75	0	264	85	45	17	92	2	0	100	0	5	0	92	0	4	0	10	40	7	0	0	0	22	0	74	107	77	0	276	85	66	59	133	2	0	0	0	6	0	0	0	2	0	147	0	5	0	133	0	12	42	10	40	14	28	0	0	27	0	75	119	110	70	399	180
349	336	41	22	79	323	25	0	35	41	22	79	16	0	14	48	86	33	158	238	310	24	0	33	25	0	35	14	0	13	44	61	0	70	103	41	22	79	12	0	0	22	13	11	0	0	16	0	14	48	86	33	158	238	297	19	0	33	24	0	33	14	0	13	44	61	0	66	103	25	0	35	5	0	0	22	7	0	0	0	14	0	13	44	61	0	70	103	41	22	79	2	0	21	0	6	0	0	0	12	0	0	22	13	11	0	0	16	0	14	48	86	33	158	238	284	19	0	33	19	0	33	14	0	13	44	60	0	66	103	24	0	33	5	0	0	22	7	0	0	0	14	0	13	44	61	0	66	103	25	0	35	2	0	0	0	6	0	0	0	5	0	0	22	7	0	0	0	14	0	13	44	61	0	70	103	41	22	79	0	0	0	0	1	0	0	0	2	0	21	0	6	0	0	0	12	0	0	22	13	11	0	0	16	0	14	48	86	33	158	238
279	268	47	27	40	257	24	18	0	47	27	40	21	9	0	0	105	93	40	238	246	22	18	0	24	18	0	13	9	0	0	56	81	0	103	47	27	40	17	0	0	0	19	20	0	0	21	9	0	0	105	93	40	238	235	16	18	0	22	18	0	13	9	0	0	54	81	0	103	24	18	0	5	0	0	0	5	18	0	0	13	9	0	0	56	81	0	103	47	27	40	2	0	21	0	7	9	0	0	17	0	0	0	19	20	0	0	21	9	0	0	105	93	40	238	224	16	18	0	16	18	0	13	9	0	0	51	81	0	103	22	18	0	5	0	0	0	5	18	0	0	13	9	0	0	54	81	0	103	24	18	0	2	0	0	0	5	9	0	0	5	0	0	0	5	18	0	0	13	9	0	0	56	81	0	103	47	27	40	0	0	0	0	1	0	0	0	2	0	21	0	7	9	0	0	17	0	0	0	19	20	0	0	21	9	0	0	105	93	40	238
325	312	52	57	19	299	26	32	0	52	57	19	28	11	0	0	78	146	76	110	286	22	28	0	26	32	0	16	11	0	0	41	99	0	56	52	57	19	7	24	0	0	10	34	0	0	28	11	0	0	78	146	76	110	273	18	22	0	22	28	0	16	11	0	0	39	99	0	56	26	32	0	4	0	0	0	5	22	0	0	16	11	0	0	41	99	0	56	52	57	19	2	0	21	0	4	0	19	0	7	24	0	0	10	34	0	0	28	11	0	0	78	146	76	110	260	18	22	0	18	22	0	16	11	0	0	38	99	0	56	22	28	0	4	0	0	0	5	22	0	0	16	11	0	0	39	99	0	56	26	32	0	2	0	0	0	4	0	0	0	4	0	0	0	5	22	0	0	16	11	0	0	41	99	0	56	52	57	19	0	0	0	0	1	0	0	0	2	0	21	0	4	0	19	0	7	24	0	0	10	34	0	0	28	11	0	0	78	146	76	110
239	230	37	20	7	221	20	0	0	37	20	7	12	0	0	0	62	35	28	29	212	18	0	0	20	0	0	8	0	0	0	38	0	0	9	37	20	7	9	0	0	0	12	10	0	0	12	0	0	0	62	35	28	29	203	13	0	0	18	0	0	8	0	0	0	38	0	0	9	20	0	0	2	0	0	0	7	0	0	0	8	0	0	0	38	0	0	9	37	20	7	2	0	21	0	4	0	0	0	9	0	0	0	12	10	0	0	12	0	0	0	62	35	28	29	194	13	0	0	13	0	0	8	0	0	0	37	0	0	9	18	0	0	2	0	0	0	7	0	0	0	8	0	0	0	38	0	0	9	20	0	0	2	0	0	0	4	0	0	0	2	0	0	0	7	0	0	0	8	0	0	0	38	0	0	9	37	20	7	0	0	0	0	1	0	0	0	2	0	21	0	4	0	0	0	9	0	0	0	12	10	0	0	12	0	0	0	62	35	28	29
363	349	27	13	98	335	16	0	51	27	13	98	8	0	0	45	32	26	98	278	321	12	0	50	16	0	51	4	0	0	43	24	0	51	127	27	13	98	0	0	20	13	4	0	0	0	8	0	0	45	32	26	98	278	307	12	0	50	12	0	50	4	0	0	43	24	0	50	121	16	0	51	0	0	0	13	4	0	0	0	4	0	0	43	24	0	51	127	27	13	98	0	0	0	0	1	0	0	0	0	0	20	13	4	0	0	0	8	0	0	45	32	26	98	278	293	12	0	50	12	0	50	4	0	0	43	24	0	50	121	12	0	50	0	0	0	13	4	0	0	0	4	0	0	43	24	0	50	121	16	0	51	0	0	0	0	1	0	0	0	0	0	0	13	4	0	0	0	4	0	0	43	24	0	51	127	27	13	98	0	0	0	0	0	0	0	0	0	0	0	0	1	0	0	0	0	0	20	13	4	0	0	0	8	0	0	45	32	26	98	278
310	298	25	20	48	286	13	0	37	25	20	48	7	0	14	0	25	20	96	26	274	10	0	37	13	0	37	3	0	14	0	15	0	74	0	25	20	48	0	0	6	0	2	0	0	0	7	0	14	0	25	20	96	26	262	10	0	37	10	0	37	3	0	14	0	15	0	74	0	13	0	37	0	0	0	0	2	0	0	0	3	0	14	0	15	0	74	0	25	20	48	0	0	0	0	0	0	0	0	0	0	6	0	2	0	0	0	7	0	14	0	25	20	96	26	250	10	0	37	10	0	37	3	0	14	0	15	0	74	0	10	0	37	0	0	0	0	2	0	0	0	3	0	14	0	15	0	74	0	13	0	37	0	0	0	0	0	0	0	0	0	0	0	0	2	0	0	0	3	0	14	0	15	0	74	0	25	20	48	0	0	0	0	0	0	0	0	0	0	0	0	0	0	0	0	0	0	6	0	2	0	0	0	7	0	14	0	25	20	96	26
376	361	40	49	77	346	25	25	39	40	49	77	18	22	59	27	41	22	154	238	331	18	14	39	25	25	39	12	0	58	27	28	0	78	127	40	49	77	2	0	64	0	2	0	77	0	18	22	59	27	41	22	154	238	316	18	14	39	18	14	39	12	0	58	27	27	0	78	121	25	25	39	2	0	40	0	2	0	39	0	12	0	58	27	28	0	78	127	40	49	77	0	0	0	0	0	0	0	0	2	0	64	0	2	0	77	0	18	22	59	27	41	22	154	238	301	18	14	39	18	14	39	12	0	58	27	27	0	78	121	18	14	39	2	0	40	0	2	0	39	0	12	0	58	27	27	0	78	121	25	25	39	0	0	0	0	0	0	0	0	2	0	40	0	2	0	39	0	12	0	58	27	28	0	78	127	39	49	77	0	0	0	0	1	0	0	0	0	0	0	0	0	0	0	0	2	0	64	0	2	0	77	0	18	22	59	27	41	22	154	238
387	372	37	36	89	357	15	0	88	37	36	89	14	0	115	17	28	24	267	0	342	11	0	88	15	0	88	2	0	115	17	8	0	264	0	37	36	89	0	0	16	0	0	0	0	0	14	0	115	17	28	24	267	0	327	11	0	88	11	0	88	2	0	115	17	8	0	264	0	15	0	88	0	0	16	0	0	0	0	0	2	0	115	17	8	0	264	0	37	36	89	0	0	0	0	0	0	0	0	0	0	16	0	0	0	0	0	14	0	115	17	28	24	267	0	312	11	0	88	11	0	88	2	0	115	17	8	0	264	0	11	0	88	0	0	16	0	0	0	0	0	2	0	115	17	8	0	264	0	15	0	88	0	0	0	0	0	0	0	0	0	0	16	0	0	0	0	0	2	0	115	17	8	0	264	0	37	36	89	0	0	0	0	0	0	0	0	0	0	0	0	0	0	0	0	0	0	16	0	0	0	0	0	14	0	115	17	28	24	267	0
305	292	33	55	25	279	18	37	0	33	55	25	12	34	0	0	31	64	50	159	266	15	30	0	18	37	0	10	20	0	0	20	50	0	92	33	55	25	2	0	20	0	2	0	25	0	12	34	0	0	31	64	50	159	253	15	30	0	15	30	0	10	20	0	0	20	50	0	88	18	37	0	2	0	0	0	2	0	0	0	10	20	0	0	20	50	0	92	33	55	25	0	0	0	0	0	0	0	0	2	0	20	0	2	0	25	0	12	34	0	0	31	64	50	159	240	15	30	0	15	30	0	10	20	0	0	20	50	0	88	15	30	0	2	0	0	0	2	0	0	0	10	20	0	0	20	50	0	88	18	37	0	0	0	0	0	0	0	0	0	2	0	0	0	2	0	0	0	10	20	0	0	20	50	0	92	32	55	25	0	0	0	0	0	0	0	0	0	0	0	0	0	0	0	0	2	0	20	0	2	0	25	0	12	34	0	0	31	64	50	159
257	246	23	18	54	235	16	18	38	23	18	54	1	0	18	39	10	0	0	89	224	16	18	38	16	18	38	1	0	16	39	10	0	0	88	23	18	54	0	0	0	0	0	0	0	0	1	0	18	39	10	0	0	89	213	16	18	38	16	18	38	1	0	16	39	10	0	0	88	16	18	38	0	0	0	0	0	0	0	0	1	0	16	39	10	0	0	88	23	18	54	0	0	0	0	0	0	0	0	0	0	0	0	0	0	0	0	1	0	18	39	10	0	0	89	202	16	18	38	16	18	38	1	0	16	39	10	0	0	88	16	18	38	0	0	0	0	0	0	0	0	1	0	16	39	10	0	0	88	16	18	38	0	0	0	0	0	0	0	0	0	0	0	0	0	0	0	0	1	0	16	39	10	0	0	88	23	18	54	0	0	0	0	0	0	0	0	0	0	0	0	0	0	0	0	0	0	0	0	0	0	0	0	1	0	18	39	10	0	0	89
487	466	61	98	113	445	47	68	53	61	98	113	46	0	100	64	63	17	226	337	424	47	68	52	47	68	53	46	0	76	63	62	17	106	215	61	98	113	17	0	0	10	5	0	0	0	46	0	100	64	63	17	226	337	403	47	68	52	47	68	52	46	0	72	63	62	17	104	214	47	68	53	17	0	0	10	5	0	0	0	46	0	76	63	62	17	106	215	61	98	113	1	0	0	0	3	0	0	0	17	0	0	10	5	0	0	0	46	0	100	64	63	17	226	337	382	47	68	52	47	68	52	46	0	72	63	62	17	104	214	47	68	52	17	0	0	10	5	0	0	0	46	0	72	63	62	17	104	214	47	68	53	1	0	0	0	3	0	0	0	17	0	0	10	5	0	0	0	46	0	76	63	62	17	106	215	56	98	113	0	0	0	0	1	0	0	0	1	0	0	0	3	0	0	0	17	0	0	10	5	0	0	0	46	0	100	64	61	17	226	337
250	240	18	0	71	230	13	0	26	18	0	71	2	0	18	45	6	0	0	239	220	13	0	26	13	0	26	2	0	0	45	6	0	0	164	18	0	71	0	0	0	0	0	0	0	0	2	0	18	45	6	0	0	239	210	13	0	26	13	0	26	2	0	0	45	6	0	0	164	13	0	26	0	0	0	0	0	0	0	0	2	0	0	45	6	0	0	164	18	0	71	0	0	0	0	0	0	0	0	0	0	0	0	0	0	0	0	2	0	18	45	6	0	0	239	200	13	0	26	13	0	26	2	0	0	45	6	0	0	164	13	0	26	0	0	0	0	0	0	0	0	2	0	0	45	6	0	0	164	13	0	26	0	0	0	0	0	0	0	0	0	0	0	0	0	0	0	0	2	0	0	45	6	0	0	164	18	0	71	0	0	0	0	0	0	0	0	0	0	0	0	0	0	0	0	0	0	0	0	0	0	0	0	2	0	18	45	6	0	0	239
247	236	33	31	31	225	25	24	28	33	31	31	7	0	34	32	27	0	31	0	214	25	24	28	25	24	28	7	0	32	32	27	0	28	0	33	31	31	3	0	0	0	2	0	0	0	7	0	34	32	27	0	31	0	203	25	24	28	25	24	28	7	0	32	32	27	0	28	0	25	24	28	3	0	0	0	2	0	0	0	7	0	32	32	27	0	28	0	33	31	31	1	0	0	0	1	0	0	0	3	0	0	0	2	0	0	0	7	0	34	32	27	0	31	0	192	25	24	28	25	24	28	7	0	32	32	27	0	28	0	25	24	28	3	0	0	0	2	0	0	0	7	0	32	32	27	0	28	0	25	24	28	1	0	0	0	1	0	0	0	3	0	0	0	2	0	0	0	7	0	32	32	27	0	28	0	31	31	31	0	0	0	0	0	0	0	0	1	0	0	0	1	0	0	0	3	0	0	0	2	0	0	0	7	0	34	32	26	0	31	0
259	246	56	57	17	233	44	47	16	56	57	17	44	0	34	8	55	45	34	0	220	44	47	16	44	47	16	44	0	32	8	53	45	32	0	56	57	17	17	0	0	0	5	0	0	0	44	0	34	8	55	45	34	0	207	44	47	16	44	47	16	44	0	32	8	53	45	32	0	44	47	16	17	0	0	0	5	0	0	0	44	0	32	8	53	45	32	0	56	57	17	1	0	0	0	3	0	0	0	17	0	0	0	5	0	0	0	44	0	34	8	55	45	34	0	194	44	47	16	44	47	16	44	0	32	8	53	45	32	0	44	47	16	17	0	0	0	5	0	0	0	44	0	32	8	53	45	32	0	44	47	16	1	0	0	0	3	0	0	0	17	0	0	0	5	0	0	0	44	0	32	8	53	45	32	0	47	57	17	0	0	0	0	0	0	0	0	1	0	0	0	3	0	0	0	17	0	0	0	5	0	0	0	44	0	34	8	51	45	34	0
348	328	78	136	91	308	61	129	56	78	136	91	62	85	0	72	97	252	0	161	288	59	126	54	61	129	56	58	85	0	67	73	244	0	97	78	136	91	22	48	0	19	10	32	0	0	62	85	0	72	97	252	0	161	268	58	125	53	59	126	54	56	85	0	66	71	241	0	96	61	129	56	20	45	0	18	7	30	0	0	58	85	0	67	73	244	0	97	75	136	91	1	15	0	10	6	16	0	0	22	48	0	19	10	32	0	0	62	85	0	72	97	252	0	161	249	58	125	53	58	125	53	56	85	0	66	71	240	0	96	59	126	54	20	45	0	18	7	30	0	0	56	85	0	66	71	241	0	96	59	129	56	1	15	0	10	4	15	0	0	20	45	0	18	7	30	0	0	58	85	0	67	73	244	0	97	60	117	91	0	0	0	0	0	0	0	0	1	15	0	10	6	16	0	0	22	48	0	19	10	32	0	0	55	85	0	72	88	233	0	161
359	341	104	114	79	323	89	97	79	104	114	79	77	10	0	0	173	151	158	0	305	87	97	79	89	97	79	74	10	0	0	154	125	158	0	104	114	79	21	0	0	0	24	16	0	0	77	10	0	0	173	151	158	0	287	84	95	77	87	97	79	71	10	0	0	148	125	158	0	89	97	79	17	0	0	0	13	0	0	0	74	10	0	0	154	125	158	0	89	114	79	26	16	0	28	18	24	0	0	21	0	0	0	24	16	0	0	77	10	0	0	153	151	158	0	269	78	80	69	84	95	77	66	8	0	0	135	117	154	0	87	97	79	14	0	0	0	13	0	0	0	71	10	0	0	148	125	158	0	74	97	79	20	0	0	20	9	0	0	0	17	0	0	0	13	0	0	0	74	10	0	0	134	125	158	0	77	114	79	35	71	14	80	20	41	79	0	26	16	0	28	18	24	0	0	21	0	0	0	24	16	0	0	56	10	0	0	139	151	158	0
336	318	106	103	77	300	91	95	76	106	103	77	96	90	0	12	166	169	0	0	282	89	95	75	91	95	76	92	90	0	11	143	165	0	0	106	103	77	35	0	0	11	21	32	0	0	96	90	0	12	166	169	0	0	264	88	95	68	89	95	75	90	90	0	10	141	165	0	0	91	95	76	33	0	0	10	15	30	0	0	92	90	0	11	143	165	0	0	99	103	77	24	0	0	60	18	16	0	0	35	0	0	11	21	32	0	0	96	90	0	12	161	169	0	0	246	86	95	56	88	95	68	90	90	0	10	141	165	0	0	89	95	75	33	0	0	10	15	30	0	0	90	90	0	10	141	165	0	0	84	95	76	21	0	0	20	11	15	0	0	33	0	0	10	15	30	0	0	92	90	0	11	138	165	0	0	79	103	77	24	0	0	50	10	0	0	29	24	0	0	60	18	16	0	0	35	0	0	11	21	32	0	0	77	90	0	12	145	169	0	0
461	439	93	122	145	417	82	113	113	93	122	145	69	141	0	108	125	165	0	130	395	82	111	86	82	113	113	69	135	0	67	119	162	0	69	93	122	145	27	30	0	85	18	0	0	102	69	141	0	108	125	165	0	130	373	82	111	59	82	111	86	69	135	0	66	119	162	0	68	82	113	113	27	30	0	18	17	0	0	39	69	135	0	67	119	162	0	69	90	122	145	11	0	0	60	13	0	0	152	27	30	0	85	18	0	0	102	69	141	0	108	123	165	0	130	351	81	111	47	82	111	59	69	135	0	66	119	162	0	68	82	111	86	27	30	0	18	17	0	0	39	69	135	0	66	119	162	0	68	79	113	113	10	0	0	20	11	0	0	92	27	30	0	18	17	0	0	39	69	135	0	67	117	162	0	69	73	122	145	5	0	0	50	2	0	0	29	11	0	0	60	13	0	0	152	27	30	0	85	18	0	0	102	58	141	0	108	112	165	0	130
380	362	95	102	91	344	84	90	90	95	102	91	68	23	0	12	163	105	91	0	326	82	89	89	84	90	90	66	22	0	11	147	92	90	0	95	102	91	22	11	0	11	18	23	0	0	68	23	0	12	163	105	91	0	308	77	84	81	82	89	89	62	22	0	10	142	91	89	0	84	90	90	18	11	0	10	11	12	0	0	66	22	0	11	147	92	90	0	85	102	91	20	62	14	73	13	46	0	0	22	11	0	11	18	23	0	0	68	23	0	12	151	105	91	0	290	71	69	52	77	84	81	56	21	0	10	128	86	81	0	82	89	89	16	11	0	10	11	11	0	0	62	22	0	10	142	91	89	0	74	90	90	16	48	14	30	7	24	0	0	18	11	0	10	11	12	0	0	66	22	0	11	135	92	90	0	69	102	91	27	58	42	80	12	20	91	125	20	62	14	73	13	46	0	0	22	11	0	11	18	23	0	0	47	23	0	12	134	105	91	0
300	284	111	102	18	268	79	90	0	111	102	18	69	45	0	0	198	200	18	170	252	72	81	0	79	90	0	57	34	0	0	145	178	0	169	108	102	18	27	22	0	0	22	15	18	0	69	45	0	0	195	200	18	170	236	64	69	0	72	81	0	45	20	0	0	121	149	0	168	76	90	0	13	10	0	0	7	0	0	0	57	34	0	0	142	178	0	169	90	102	18	37	10	18	0	17	5	36	0	27	22	0	0	22	15	18	0	64	45	0	0	166	200	18	170	221	56	51	0	64	69	0	34	0	0	0	94	99	0	158	69	81	0	7	0	0	0	7	0	0	0	45	20	0	0	118	149	0	168	60	90	0	19	0	0	0	6	0	0	0	13	10	0	0	7	0	0	0	52	34	0	0	115	178	0	169	82	87	18	34	72	18	0	22	18	36	0	37	10	18	0	17	5	36	0	26	22	0	0	22	15	18	0	47	45	0	0	154	170	18	170
303	287	121	105	8	271	90	85	0	121	105	8	96	85	0	0	248	165	16	79	255	78	77	0	90	85	0	71	72	0	0	201	137	0	79	118	105	8	48	17	0	0	24	43	8	0	96	85	0	0	245	165	16	79	239	64	68	0	78	77	0	44	65	0	0	159	111	0	79	87	85	0	18	5	0	0	7	25	0	0	71	72	0	0	198	137	0	79	101	105	8	37	36	8	0	10	31	8	0	48	17	0	0	24	43	8	0	91	85	0	0	211	165	16	79	223	53	57	0	64	68	0	25	60	0	0	114	81	0	77	75	77	0	7	0	0	0	7	25	0	0	44	65	0	0	156	111	0	79	70	85	0	15	20	0	0	1	20	0	0	18	5	0	0	7	25	0	0	66	72	0	0	164	137	0	79	95	105	8	35	57	8	0	21	44	8	0	37	36	8	0	10	31	8	0	47	17	0	0	24	43	8	0	80	85	0	0	200	165	16	79
260	244	96	105	0	228	65	81	0	93	105	0	82	64	0	0	170	203	0	0	214	55	76	0	64	81	0	61	48	0	0	137	175	0	0	82	77	0	43	8	0	0	19	12	0	0	78	64	0	0	161	175	0	0	202	43	72	0	54	76	0	35	48	0	0	102	160	0	0	59	57	0	11	4	0	0	3	0	0	0	57	48	0	0	132	151	0	0	73	53	0	22	16	0	0	11	4	0	0	43	8	0	0	19	12	0	0	77	16	0	0	145	103	0	0	190	35	66	0	42	72	0	18	48	0	0	62	148	0	0	49	52	0	1	0	0	0	3	0	0	0	31	48	0	0	97	136	0	0	50	33	0	2	0	0	0	2	0	0	0	11	4	0	0	3	0	0	0	56	0	0	0	116	79	0	0	69	53	0	19	18	0	0	16	18	0	0	22	16	0	0	11	4	0	0	42	8	0	0	19	12	0	0	72	16	0	0	137	103	0	0
318	303	92	88	0	288	54	54	0	91	88	0	63	152	0	0	186	228	0	0	273	45	30	0	53	54	0	44	88	0	0	113	152	0	0	84	88	0	28	76	0	0	18	12	0	0	59	152	0	0	179	228	0	0	258	37	8	0	44	30	0	26	32	0	0	83	76	0	0	46	54	0	8	16	0	0	3	0	0	0	40	88	0	0	106	152	0	0	81	88	0	20	24	0	0	11	4	0	0	28	76	0	0	18	12	0	0	54	152	0	0	171	228	0	0	243	30	0	0	36	8	0	17	0	0	0	55	16	0	0	37	30	0	1	0	0	0	3	0	0	0	22	32	0	0	76	76	0	0	43	54	0	2	0	0	0	2	0	0	0	8	16	0	0	3	0	0	0	35	88	0	0	98	152	0	0	78	88	0	17	0	0	0	16	26	0	0	20	24	0	0	11	4	0	0	27	76	0	0	18	12	0	0	53	152	0	0	165	228	0	0
319	304	82	87	0	289	44	47	0	81	87	0	50	160	0	0	166	248	0	0	274	37	19	0	43	47	0	38	64	0	0	88	147	0	0	74	87	0	21	69	0	0	14	9	0	0	46	160	0	0	159	248	0	0	259	31	3	0	36	19	0	26	12	0	0	64	57	0	0	36	47	0	7	9	0	0	3	0	0	0	34	64	0	0	81	147	0	0	71	87	0	20	12	0	0	8	3	0	0	21	69	0	0	14	9	0	0	41	160	0	0	151	248	0	0	244	25	0	0	30	3	0	17	0	0	0	45	9	0	0	29	19	0	1	0	0	0	3	0	0	0	22	12	0	0	57	57	0	0	33	47	0	2	0	0	0	2	0	0	0	7	9	0	0	3	0	0	0	29	64	0	0	73	147	0	0	69	87	0	9	0	0	0	14	28	0	0	20	12	0	0	8	3	0	0	20	69	0	0	14	9	0	0	40	160	0	0	147	248	0	0
257	242	75	81	21	227	48	76	0	73	81	21	58	46	31	0	158	175	0	26	213	37	54	0	47	76	0	35	45	0	0	95	163	0	0	65	67	21	11	12	43	0	4	0	63	0	54	46	31	0	151	161	0	26	200	30	47	0	36	54	0	18	24	0	0	58	92	0	0	41	63	0	0	12	0	0	2	0	0	0	31	45	0	0	89	150	0	0	57	54	21	8	0	30	0	5	0	21	0	11	12	43	0	4	0	63	0	50	33	31	0	136	135	0	26	188	28	46	0	29	47	0	18	24	0	0	40	71	0	0	30	42	0	0	12	0	0	2	0	0	0	14	24	0	0	52	80	0	0	35	51	0	2	0	0	0	2	0	0	0	0	12	0	0	2	0	0	0	27	33	0	0	76	126	0	0	54	42	21	16	10	0	0	17	20	0	0	8	0	30	0	5	0	21	0	11	0	43	0	4	0	63	0	46	21	31	0	130	111	0	26
240	228	59	42	16	216	40	20	0	58	42	16	55	10	26	0	134	74	48	8	204	30	20	0	39	20	0	32	10	0	0	80	30	0	0	52	42	16	9	0	33	0	5	11	0	0	51	10	26	0	128	74	48	8	192	25	20	0	29	20	0	19	10	0	0	49	30	0	0	33	20	0	0	0	0	0	3	10	0	0	28	10	0	0	74	30	0	0	50	42	16	2	0	20	0	2	0	0	0	9	0	33	0	5	11	0	0	47	10	26	0	122	74	48	8	180	25	20	0	24	20	0	19	10	0	0	36	30	0	0	23	20	0	0	0	0	0	3	10	0	0	15	10	0	0	43	30	0	0	31	20	0	2	0	0	0	2	0	0	0	0	0	0	0	3	10	0	0	24	10	0	0	68	30	0	0	50	42	16	8	0	0	0	10	0	0	0	2	0	20	0	2	0	0	0	9	0	33	0	5	11	0	0	47	10	26	0	122	74	48	8
141	130	41	34	11	120	28	30	0	37	24	11	42	24	21	0	96	24	0	0	114	17	30	0	28	24	0	22	24	0	0	68	24	0	0	34	0	11	9	0	28	0	1	0	0	0	42	0	21	0	93	0	0	0	108	12	30	0	17	24	0	7	24	0	0	34	24	0	0	25	0	0	1	0	0	0	1	0	0	0	22	0	0	0	65	0	0	0	31	0	11	0	0	15	0	0	0	0	0	9	0	28	0	1	0	0	0	37	0	21	0	85	0	0	0	102	12	30	0	12	24	0	7	24	0	0	21	24	0	0	14	0	0	1	0	0	0	1	0	0	0	7	0	0	0	31	0	0	0	22	0	0	0	0	0	0	0	0	0	0	1	0	0	0	1	0	0	0	17	0	0	0	57	0	0	0	30	0	11	3	0	0	0	8	0	0	0	0	0	15	0	0	0	0	0	8	0	28	0	1	0	0	0	36	0	21	0	83	0	0	0
132	126	40	0	7	120	30	0	0	39	0	7	32	0	13	0	87	0	0	0	114	23	0	0	29	0	0	20	0	0	0	61	0	0	0	32	0	7	5	0	12	0	2	0	0	0	28	0	13	0	80	0	0	0	108	20	0	0	22	0	0	13	0	0	0	39	0	0	0	22	0	0	1	0	0	0	2	0	0	0	16	0	0	0	54	0	0	0	29	0	7	0	0	7	0	0	0	0	0	5	0	12	0	2	0	0	0	23	0	13	0	72	0	0	0	102	20	0	0	19	0	0	13	0	0	0	30	0	0	0	15	0	0	1	0	0	0	2	0	0	0	9	0	0	0	32	0	0	0	19	0	0	0	0	0	0	0	0	0	0	1	0	0	0	2	0	0	0	11	0	0	0	46	0	0	0	28	0	7	3	0	0	0	6	0	0	0	0	0	7	0	0	0	0	0	4	0	12	0	2	0	0	0	22	0	13	0	70	0	0	0
142	134	22	23	0	126	8	15	0	22	23	0	6	10	0	0	47	41	0	0	118	7	15	0	8	15	0	4	10	0	0	15	25	0	0	22	23	0	0	0	0	0	4	7	0	0	6	10	0	0	47	41	0	0	110	7	15	0	7	15	0	4	10	0	0	12	25	0	0	8	15	0	0	0	0	0	1	5	0	0	4	10	0	0	15	25	0	0	22	23	0	0	0	0	0	0	0	0	0	0	0	0	0	4	7	0	0	6	10	0	0	47	41	0	0	102	7	15	0	7	15	0	4	10	0	0	12	25	0	0	7	15	0	0	0	0	0	1	5	0	0	4	10	0	0	12	25	0	0	8	15	0	0	0	0	0	0	0	0	0	0	0	0	0	1	5	0	0	4	10	0	0	15	25	0	0	22	23	0	0	0	0	0	0	0	0	0	0	0	0	0	0	0	0	0	0	0	0	0	4	7	0	0	6	10	0	0	47	41	0	0
352	335	51	60	90	318	12	0	83	51	60	90	22	0	131	24	127	180	450	0	301	5	0	76	12	0	83	2	0	103	0	24	0	415	0	51	60	90	0	0	72	0	0	0	0	0	22	0	131	24	127	180	450	0	284	5	0	75	5	0	76	2	0	75	0	7	0	380	0	12	0	83	0	0	62	0	0	0	0	0	2	0	103	0	24	0	415	0	51	60	90	0	0	0	14	2	0	0	0	0	0	72	0	0	0	0	0	22	0	131	24	127	180	450	0	267	5	0	75	5	0	75	2	0	73	0	7	0	375	0	5	0	76	0	0	51	0	0	0	0	0	2	0	75	0	7	0	380	0	12	0	83	0	0	0	14	1	0	0	0	0	0	62	0	0	0	0	0	2	0	103	0	24	0	415	0	51	60	90	0	0	0	0	10	0	0	0	0	0	0	14	2	0	0	0	0	0	72	0	0	0	0	0	22	0	131	24	127	180	450	0
395	376	38	60	122	357	10	0	122	38	60	122	11	0	84	0	84	150	488	0	338	8	0	122	10	0	122	5	0	84	0	17	0	488	0	38	60	122	0	0	24	0	0	0	0	0	11	0	84	0	84	150	488	0	319	8	0	122	8	0	122	5	0	84	0	14	0	488	0	10	0	122	0	0	24	0	0	0	0	0	5	0	84	0	17	0	488	0	38	60	122	0	0	0	0	0	0	0	0	0	0	24	0	0	0	0	0	11	0	84	0	84	150	488	0	300	8	0	122	8	0	122	5	0	84	0	14	0	488	0	8	0	122	0	0	24	0	0	0	0	0	5	0	84	0	14	0	488	0	10	0	122	0	0	0	0	0	0	0	0	0	0	24	0	0	0	0	0	5	0	84	0	17	0	488	0	38	60	122	0	0	0	0	4	0	0	0	0	0	0	0	0	0	0	0	0	0	24	0	0	0	0	0	11	0	84	0	84	150	488	0
238	225	28	39	44	212	10	36	35	28	39	44	5	27	0	0	53	78	0	16	199	10	36	35	10	36	35	5	27	0	0	16	72	0	0	28	39	44	0	0	0	0	6	0	0	0	5	27	0	0	53	78	0	16	186	10	36	35	10	36	35	5	27	0	0	16	72	0	0	10	36	35	0	0	0	0	2	0	0	0	5	27	0	0	16	72	0	0	28	39	44	0	0	0	0	0	0	0	0	0	0	0	0	6	0	0	0	5	27	0	0	53	78	0	16	173	10	36	35	10	36	35	5	27	0	0	16	72	0	0	10	36	35	0	0	0	0	2	0	0	0	5	27	0	0	16	72	0	0	10	36	35	0	0	0	0	0	0	0	0	0	0	0	0	2	0	0	0	5	27	0	0	16	72	0	0	28	39	44	0	0	0	0	0	0	0	0	0	0	0	0	0	0	0	0	0	0	0	0	6	0	0	0	5	27	0	0	53	78	0	16
345	328	67	55	65	311	36	16	42	67	55	65	35	0	75	55	147	107	195	16	294	29	16	21	36	16	42	18	0	43	0	63	16	126	0	65	55	65	0	0	48	0	5	0	0	26	35	0	75	55	145	107	195	16	277	29	16	21	29	16	21	18	0	0	0	45	16	63	0	34	16	42	0	0	30	0	4	0	0	0	18	0	43	0	61	16	126	0	63	55	65	2	0	0	0	2	0	0	0	0	0	48	0	5	0	0	26	31	0	75	55	139	107	195	16	260	29	16	21	29	16	21	18	0	0	0	45	16	63	0	27	16	21	0	0	0	0	4	0	0	0	18	0	0	0	43	16	63	0	32	16	42	2	0	0	0	2	0	0	0	0	0	30	0	4	0	0	0	14	0	43	0	55	16	126	0	62	55	65	16	0	0	0	14	0	0	0	2	0	0	0	2	0	0	0	0	0	48	0	5	0	0	26	31	0	75	55	137	107	195	16
354	337	38	42	75	320	15	0	62	38	42	75	12	0	36	12	83	84	225	16	303	14	0	59	15	0	62	8	0	20	0	27	0	186	0	38	42	75	0	0	7	0	2	0	0	0	12	0	36	12	83	84	225	16	286	14	0	59	14	0	59	8	0	8	0	24	0	177	0	15	0	62	0	0	3	0	2	0	0	0	8	0	20	0	27	0	186	0	38	42	75	0	0	0	0	0	0	0	0	0	0	7	0	2	0	0	0	12	0	36	12	83	84	225	16	269	14	0	59	14	0	59	8	0	8	0	24	0	177	0	14	0	59	0	0	0	0	2	0	0	0	8	0	8	0	24	0	177	0	15	0	62	0	0	0	0	0	0	0	0	0	0	3	0	2	0	0	0	8	0	20	0	27	0	186	0	38	42	75	0	0	0	0	4	0	0	0	0	0	0	0	0	0	0	0	0	0	7	0	2	0	0	0	12	0	36	12	83	84	225	16
456	433	68	76	168	410	31	0	117	68	76	168	9	0	175	94	112	190	672	277	387	30	0	100	31	0	117	8	0	159	73	30	0	468	247	67	76	168	1	0	11	39	12	0	0	21	9	0	175	94	111	190	672	277	364	30	0	80	30	0	100	8	0	138	46	29	0	400	219	30	0	117	1	0	11	0	3	0	0	0	8	0	159	73	29	0	468	247	66	76	168	12	0	0	26	14	0	0	26	1	0	11	39	12	0	0	21	8	0	175	94	109	190	672	277	341	28	0	59	30	0	80	8	0	109	45	29	0	320	218	29	0	100	1	0	11	0	2	0	0	0	8	0	138	46	28	0	400	219	29	0	117	6	0	0	0	4	0	0	0	1	0	11	0	3	0	0	0	7	0	159	73	27	0	468	247	63	76	168	24	0	0	42	17	38	0	170	12	0	0	26	14	0	0	26	0	0	11	39	12	0	0	21	7	0	175	94	103	190	672	277
298	283	22	26	110	268	1	0	47	22	26	110	0	0	54	76	47	39	220	352	253	1	0	40	1	0	47	0	0	45	58	1	0	94	309	22	26	110	0	0	0	24	3	0	0	0	0	0	54	76	47	39	220	352	238	1	0	33	1	0	40	0	0	35	41	1	0	80	278	1	0	47	0	0	0	0	0	0	0	0	0	0	45	58	1	0	94	309	22	26	110	0	0	0	0	5	0	0	0	0	0	0	24	3	0	0	0	0	0	54	76	47	39	220	352	223	1	0	33	1	0	33	0	0	24	41	1	0	66	277	1	0	40	0	0	0	0	0	0	0	0	0	0	35	41	1	0	80	278	1	0	47	0	0	0	0	0	0	0	0	0	0	0	0	0	0	0	0	0	0	45	58	1	0	94	309	22	26	110	0	0	0	0	10	0	0	0	0	0	0	0	5	0	0	0	0	0	0	24	3	0	0	0	0	0	54	76	47	39	220	352
297	282	27	36	113	267	3	0	66	27	36	113	0	0	81	80	55	72	339	287	252	3	0	66	3	0	66	0	0	75	80	3	0	198	267	27	36	113	0	0	0	0	5	0	0	0	0	0	81	80	55	72	339	287	237	3	0	66	3	0	66	0	0	75	80	3	0	198	257	3	0	66	0	0	0	0	0	0	0	0	0	0	75	80	3	0	198	267	27	36	113	6	0	0	0	8	0	0	0	0	0	0	0	5	0	0	0	0	0	81	80	55	72	339	287	222	1	0	65	3	0	66	0	0	75	79	3	0	198	256	3	0	66	0	0	0	0	0	0	0	0	0	0	75	80	3	0	198	257	3	0	66	0	0	0	0	0	0	0	0	0	0	0	0	0	0	0	0	0	0	75	80	3	0	198	267	26	36	113	0	0	0	14	4	24	0	0	6	0	0	0	8	0	0	0	0	0	0	0	5	0	0	0	0	0	81	80	53	72	339	287
275	261	44	45	45	247	13	0	27	44	45	45	2	0	49	41	87	135	225	90	233	13	0	12	13	0	27	2	0	40	22	17	0	135	83	43	45	45	6	0	0	29	16	0	0	21	2	0	49	41	86	135	225	90	219	12	0	0	13	0	12	2	0	21	0	17	0	60	76	12	0	27	1	0	0	0	0	0	0	0	2	0	40	22	16	0	135	83	42	45	45	6	0	0	0	10	9	0	18	6	0	0	29	16	0	0	21	1	0	49	41	84	135	225	90	205	10	0	0	12	0	0	2	0	0	0	15	0	0	75	12	0	12	1	0	0	0	0	0	0	0	2	0	21	0	16	0	60	76	11	0	27	0	0	0	0	0	0	0	0	1	0	0	0	0	0	0	0	1	0	40	22	14	0	135	83	39	45	45	9	0	0	0	12	18	0	0	6	0	0	0	10	9	0	18	5	0	0	29	16	0	0	21	0	0	49	41	78	135	225	90
239	227	24	11	80	215	5	0	21	24	11	80	2	0	35	35	52	11	80	352	203	5	0	7	5	0	21	2	0	28	17	7	0	21	309	23	11	80	1	0	0	24	1	0	0	21	2	0	35	35	51	11	80	352	191	5	0	0	5	0	7	2	0	11	0	7	0	7	278	4	0	21	1	0	0	0	0	0	0	0	2	0	28	17	6	0	21	309	22	11	80	0	0	0	0	3	0	0	0	1	0	0	24	1	0	0	21	1	0	35	35	49	11	80	352	179	5	0	0	5	0	0	2	0	0	0	7	0	0	277	4	0	7	1	0	0	0	0	0	0	0	2	0	11	0	6	0	7	278	3	0	21	0	0	0	0	0	0	0	0	1	0	0	0	0	0	0	0	1	0	28	17	4	0	21	309	21	11	80	1	0	0	0	12	0	0	0	0	0	0	0	3	0	0	0	0	0	0	24	1	0	0	21	0	0	35	35	47	11	80	352
378	358	49	36	200	338	30	0	135	49	36	200	5	0	42	148	67	54	400	436	318	28	0	131	30	0	135	2	0	41	139	28	0	270	257	49	36	200	9	0	0	45	18	36	0	0	5	0	42	148	67	54	400	436	298	24	0	130	28	0	131	0	0	41	137	24	0	262	218	30	0	135	0	0	0	44	0	0	0	0	2	0	41	139	28	0	270	257	49	36	200	10	0	15	5	12	36	0	0	9	0	0	45	18	36	0	0	5	0	42	148	67	54	400	436	278	9	0	122	24	0	130	0	0	41	124	20	0	260	179	28	0	131	0	0	0	39	0	0	0	0	0	0	41	137	24	0	262	218	30	0	135	0	0	15	0	0	0	0	0	0	0	0	44	0	0	0	0	2	0	41	139	28	0	270	257	42	36	200	0	0	139	26	1	0	0	18	10	0	15	5	12	36	0	0	9	0	0	45	18	36	0	0	5	0	42	148	60	54	400	436
265	251	26	13	122	237	11	0	49	26	13	122	3	0	0	101	44	13	122	516	223	10	0	45	11	0	49	2	0	0	88	10	0	49	278	26	13	122	7	0	0	38	15	13	0	0	3	0	0	101	44	13	122	516	209	7	0	42	10	0	45	0	0	0	76	8	0	45	225	11	0	49	0	0	0	32	0	0	0	0	2	0	0	88	10	0	49	278	26	13	122	6	0	0	12	8	26	0	0	7	0	0	38	15	13	0	0	3	0	0	101	44	13	122	516	195	5	0	38	7	0	42	0	0	0	60	6	0	42	179	10	0	45	0	0	0	24	0	0	0	0	0	0	0	76	8	0	45	225	11	0	49	0	0	0	0	0	0	0	0	0	0	0	32	0	0	0	0	2	0	0	88	10	0	49	278	21	13	122	0	0	0	0	0	0	0	0	6	0	0	12	8	26	0	0	7	0	0	38	15	13	0	0	3	0	0	101	39	13	122	516
277	262	55	59	62	247	25	14	51	55	59	62	28	0	39	26	79	163	310	45	232	18	9	50	25	14	51	2	0	39	24	20	28	255	27	55	59	62	4	45	0	12	14	63	0	0	28	0	39	26	79	163	310	45	217	15	0	50	18	9	50	0	0	39	24	11	18	250	12	25	14	51	0	0	0	12	0	0	0	0	2	0	39	24	20	28	255	27	55	59	62	6	0	15	0	10	18	62	0	4	45	0	12	14	63	0	0	28	0	39	26	79	163	310	45	202	13	0	50	15	0	50	0	0	39	24	9	0	250	0	18	9	50	0	0	0	12	0	0	0	0	0	0	39	24	11	18	250	12	25	14	51	0	0	15	0	0	0	51	0	0	0	0	12	0	0	0	0	2	0	39	24	20	28	255	27	42	59	62	0	0	0	0	0	0	0	0	6	0	15	0	10	18	62	0	4	45	0	12	14	63	0	0	28	0	39	26	71	163	310	45
335	316	63	89	104	297	42	50	50	63	89	104	27	0	0	119	93	130	312	326	278	40	50	42	42	50	50	24	0	0	96	55	52	150	210	60	89	104	11	0	0	56	18	26	0	0	27	0	0	119	90	130	312	326	259	37	44	21	40	50	42	22	0	0	43	51	52	126	178	39	50	50	4	0	0	31	4	0	0	0	24	0	0	96	52	52	150	210	49	89	104	4	78	0	55	11	26	0	21	11	0	0	56	18	26	0	0	22	0	0	119	71	130	312	326	241	27	18	0	37	44	21	22	0	0	0	49	49	63	146	37	50	42	4	0	0	0	4	0	0	0	22	0	0	43	48	52	126	178	30	50	50	4	0	0	0	3	0	0	0	4	0	0	31	4	0	0	0	19	0	0	96	35	52	150	210	38	71	104	3	0	91	0	3	0	208	26	4	78	0	55	11	26	0	21	10	0	0	56	18	26	0	0	11	0	0	119	59	94	312	326
186	176	36	24	28	166	15	0	0	36	24	28	13	0	0	0	56	60	112	213	156	11	0	0	15	0	0	2	0	0	0	14	0	0	144	36	24	28	7	0	0	0	12	24	0	0	13	0	0	0	56	60	112	213	146	8	0	0	11	0	0	0	0	0	0	8	0	0	112	15	0	0	0	0	0	0	0	0	0	0	2	0	0	0	14	0	0	144	36	24	28	6	0	0	0	8	12	0	0	7	0	0	0	12	24	0	0	13	0	0	0	56	60	112	213	136	6	0	0	8	0	0	0	0	0	0	6	0	0	80	11	0	0	0	0	0	0	0	0	0	0	0	0	0	0	8	0	0	112	15	0	0	0	0	0	0	0	0	0	0	0	0	0	0	0	0	0	0	2	0	0	0	14	0	0	144	30	24	28	0	0	0	0	0	0	0	0	6	0	0	0	8	12	0	0	7	0	0	0	12	24	0	0	13	0	0	0	51	60	112	213
277	258	57	109	89	239	38	95	27	57	109	89	42	35	0	42	65	69	89	516	220	30	82	26	38	95	27	17	22	0	41	33	67	27	285	57	109	89	9	22	26	11	4	0	89	0	42	35	0	42	65	69	89	516	201	24	60	26	30	82	26	17	0	0	41	22	45	26	268	38	95	27	9	0	15	11	4	0	27	0	17	22	0	41	33	67	27	285	51	109	89	3	0	78	0	2	0	178	0	9	22	26	11	4	0	89	0	42	35	0	42	61	69	89	516	186	24	60	26	24	60	26	17	0	0	41	20	45	26	243	30	82	26	9	0	15	11	4	0	26	0	17	0	0	41	22	45	26	268	35	95	27	3	0	48	0	2	0	54	0	9	0	15	11	4	0	27	0	17	22	0	41	31	67	27	285	33	49	89	0	0	0	0	0	0	0	0	3	0	78	0	2	0	178	0	9	22	26	11	4	0	89	0	31	35	0	42	49	24	89	516
262	247	48	62	53	232	24	18	35	48	62	53	20	72	11	39	46	116	212	90	217	17	0	35	24	18	35	2	0	11	39	17	18	140	51	48	62	53	2	0	26	0	0	0	106	0	20	72	11	39	46	116	212	90	202	15	0	35	17	0	35	0	0	11	39	6	0	140	50	24	18	35	0	0	15	0	0	0	70	0	2	0	11	39	17	18	140	51	48	62	53	0	0	0	0	0	0	0	0	2	0	26	0	0	0	106	0	20	72	11	39	46	116	212	90	187	15	0	35	15	0	35	0	0	11	39	6	0	140	50	17	0	35	0	0	15	0	0	0	70	0	0	0	11	39	6	0	140	50	24	18	35	0	0	0	0	0	0	0	0	0	0	15	0	0	0	70	0	2	0	11	39	17	18	140	51	33	62	53	0	0	0	0	0	0	0	0	0	0	0	0	0	0	0	0	2	0	26	0	0	0	106	0	20	72	11	39	40	116	212	90
198	186	40	37	46	174	24	19	0	40	37	46	26	16	0	0	47	28	92	394	162	17	11	0	24	19	0	2	0	0	0	18	16	0	236	40	37	46	2	0	9	0	0	0	46	0	26	16	0	0	47	28	92	394	150	13	11	0	17	11	0	0	0	0	0	9	0	0	223	24	19	0	0	0	0	0	0	0	0	0	2	0	0	0	18	16	0	236	40	37	46	0	0	26	0	0	0	0	0	2	0	9	0	0	0	46	0	26	16	0	0	47	28	92	394	139	13	11	0	13	11	0	0	0	0	0	8	0	0	201	17	11	0	0	0	0	0	0	0	0	0	0	0	0	0	9	0	0	223	24	19	0	0	0	0	0	0	0	0	0	0	0	0	0	0	0	0	0	2	0	0	0	18	16	0	236	27	26	46	0	0	0	0	0	0	0	0	0	0	26	0	0	0	0	0	2	0	9	0	0	0	46	0	26	16	0	0	39	28	92	394
177	167	40	21	28	157	22	0	0	40	21	28	28	0	0	0	45	42	84	194	147	14	0	0	22	0	0	2	0	0	0	18	0	0	101	40	21	28	2	0	9	0	0	0	0	0	28	0	0	0	45	42	84	194	137	10	0	0	14	0	0	0	0	0	0	7	0	0	92	22	0	0	0	0	0	0	0	0	0	0	2	0	0	0	18	0	0	101	40	21	28	0	0	26	0	0	0	0	0	2	0	9	0	0	0	0	0	28	0	0	0	45	42	84	194	127	10	0	0	10	0	0	0	0	0	0	6	0	0	71	14	0	0	0	0	0	0	0	0	0	0	0	0	0	0	7	0	0	92	22	0	0	0	0	0	0	0	0	0	0	0	0	0	0	0	0	0	0	2	0	0	0	18	0	0	101	30	21	28	0	0	0	0	0	0	0	0	0	0	26	0	0	0	0	0	2	0	9	0	0	0	0	0	28	0	0	0	39	42	84	194
235	219	57	94	9	203	30	54	0	57	94	9	41	75	0	0	53	108	45	62	187	25	39	0	30	54	0	30	0	0	0	32	28	0	51	57	94	9	14	0	9	0	3	0	27	0	41	75	0	0	53	108	45	62	171	23	39	0	25	39	0	28	0	0	0	24	13	0	50	30	54	0	12	0	0	0	3	0	0	0	30	0	0	0	32	28	0	51	56	94	9	0	0	0	0	2	0	0	0	14	0	9	0	3	0	27	0	41	75	0	0	53	108	45	62	158	23	39	0	23	39	0	28	0	0	0	24	13	0	50	25	39	0	12	0	0	0	3	0	0	0	28	0	0	0	24	13	0	50	30	54	0	0	0	0	0	2	0	0	0	12	0	0	0	3	0	0	0	30	0	0	0	32	28	0	51	41	55	9	0	0	0	0	0	0	0	0	0	0	0	0	2	0	0	0	14	0	9	0	3	0	27	0	41	75	0	0	47	95	45	62
250	235	45	50	58	220	24	0	36	45	50	58	34	0	98	11	33	30	290	90	205	22	0	36	24	0	36	28	0	65	11	24	0	180	35	45	50	58	12	0	30	0	3	0	0	0	34	0	98	11	33	30	290	90	190	22	0	36	22	0	36	28	0	65	11	24	0	180	35	24	0	36	12	0	30	0	3	0	0	0	28	0	65	11	24	0	180	35	45	50	58	0	0	0	0	2	0	0	0	12	0	30	0	3	0	0	0	34	0	98	11	33	30	290	90	175	22	0	36	22	0	36	28	0	65	11	24	0	180	35	22	0	36	12	0	30	0	3	0	0	0	28	0	65	11	24	0	180	35	24	0	36	0	0	0	0	2	0	0	0	12	0	30	0	3	0	0	0	28	0	65	11	24	0	180	35	32	50	58	0	0	0	0	0	0	0	0	0	0	0	0	2	0	0	0	12	0	30	0	3	0	0	0	34	0	98	11	29	30	290	90
157	147	31	9	40	137	11	9	0	31	9	40	2	0	52	0	17	0	0	225	127	9	9	0	11	9	0	0	0	0	0	4	0	0	62	31	9	40	0	0	22	0	0	0	0	0	2	0	52	0	17	0	0	225	117	9	9	0	9	9	0	0	0	0	0	4	0	0	61	11	9	0	0	0	0	0	0	0	0	0	0	0	0	0	4	0	0	62	31	9	40	0	0	0	0	0	0	0	0	0	0	22	0	0	0	0	0	2	0	52	0	17	0	0	225	108	9	9	0	9	9	0	0	0	0	0	4	0	0	61	9	9	0	0	0	0	0	0	0	0	0	0	0	0	0	4	0	0	61	11	9	0	0	0	0	0	0	0	0	0	0	0	0	0	0	0	0	0	0	0	0	0	4	0	0	62	22	0	40	0	0	0	0	0	0	0	0	0	0	0	0	0	0	0	0	0	0	22	0	0	0	0	0	2	0	52	0	13	0	0	225
152	143	24	8	29	134	6	0	0	24	8	29	0	0	41	0	12	0	29	136	125	6	0	0	6	0	0	0	0	0	0	1	0	0	35	24	8	29	0	0	0	0	0	0	0	0	0	0	41	0	12	0	29	136	116	6	0	0	6	0	0	0	0	0	0	1	0	0	35	6	0	0	0	0	0	0	0	0	0	0	0	0	0	0	1	0	0	35	24	8	29	0	0	0	0	0	0	0	0	0	0	0	0	0	0	0	0	0	0	41	0	12	0	29	136	107	6	0	0	6	0	0	0	0	0	0	1	0	0	35	6	0	0	0	0	0	0	0	0	0	0	0	0	0	0	1	0	0	35	6	0	0	0	0	0	0	0	0	0	0	0	0	0	0	0	0	0	0	0	0	0	0	1	0	0	35	18	8	29	0	0	0	0	0	0	0	0	0	0	0	0	0	0	0	0	0	0	0	0	0	0	0	0	0	0	41	0	11	0	29	136
170	159	31	34	14	148	16	10	0	31	34	14	28	0	33	0	28	6	56	62	137	16	10	0	16	10	0	28	0	0	0	20	0	0	35	31	34	14	12	0	0	0	3	0	0	0	28	0	33	0	28	6	56	62	126	16	10	0	16	10	0	28	0	0	0	20	0	0	35	16	10	0	12	0	0	0	3	0	0	0	28	0	0	0	20	0	0	35	31	34	14	0	0	0	0	2	0	0	0	12	0	0	0	3	0	0	0	28	0	33	0	28	6	56	62	116	16	10	0	16	10	0	28	0	0	0	20	0	0	35	16	10	0	12	0	0	0	3	0	0	0	28	0	0	0	20	0	0	35	16	10	0	0	0	0	0	2	0	0	0	12	0	0	0	3	0	0	0	28	0	0	0	20	0	0	35	23	24	14	0	0	0	0	0	0	0	0	0	0	0	0	2	0	0	0	12	0	0	0	3	0	0	0	28	0	33	0	26	6	56	62
133	125	19	15	5	117	6	0	0	19	15	5	0	0	15	0	8	0	15	9	109	6	0	0	6	0	0	0	0	0	0	1	0	0	0	19	15	5	0	0	0	0	0	0	0	0	0	0	15	0	8	0	15	9	101	6	0	0	6	0	0	0	0	0	0	1	0	0	0	6	0	0	0	0	0	0	0	0	0	0	0	0	0	0	1	0	0	0	19	15	5	0	0	0	0	0	0	0	0	0	0	0	0	0	0	0	0	0	0	15	0	8	0	15	9	93	6	0	0	6	0	0	0	0	0	0	1	0	0	0	6	0	0	0	0	0	0	0	0	0	0	0	0	0	0	1	0	0	0	6	0	0	0	0	0	0	0	0	0	0	0	0	0	0	0	0	0	0	0	0	0	0	1	0	0	0	13	15	5	0	0	0	0	0	0	0	0	0	0	0	0	0	0	0	0	0	0	0	0	0	0	0	0	0	0	15	0	7	0	15	9
254	235	55	86	131	216	44	60	108	55	86	131	50	0	96	103	65	30	262	58	197	44	60	68	44	60	108	50	0	92	15	65	30	216	36	55	86	131	24	0	0	79	11	0	0	197	50	0	96	103	65	30	262	58	178	44	60	57	44	60	68	50	0	70	15	65	30	136	36	44	60	108	24	0	0	30	11	0	0	62	50	0	92	15	65	30	216	36	50	86	131	4	0	0	30	6	0	0	62	24	0	0	79	11	0	0	197	50	0	96	103	63	30	262	58	163	44	60	57	44	60	57	50	0	70	15	65	30	114	36	44	60	68	24	0	0	30	11	0	0	61	50	0	70	15	65	30	136	36	41	60	108	4	0	0	30	6	0	0	51	24	0	0	30	11	0	0	62	50	0	92	15	63	30	216	36	29	26	131	0	0	0	0	0	0	0	0	4	0	0	30	6	0	0	62	24	0	0	79	11	0	0	197	39	0	96	103	50	0	262	58
260	243	32	16	127	226	26	16	95	32	16	127	31	0	42	86	40	0	0	77	209	26	16	81	26	16	95	31	0	40	25	40	0	0	36	32	16	127	15	0	0	0	5	0	0	62	31	0	42	86	40	0	0	77	192	26	16	81	26	16	81	31	0	40	25	40	0	0	36	26	16	95	15	0	0	0	5	0	0	35	31	0	40	25	40	0	0	36	32	16	127	1	0	0	0	3	0	0	0	15	0	0	0	5	0	0	62	31	0	42	86	40	0	0	77	176	26	16	81	26	16	81	31	0	40	25	40	0	0	36	26	16	81	15	0	0	0	5	0	0	35	31	0	40	25	40	0	0	36	26	16	95	1	0	0	0	3	0	0	0	15	0	0	0	5	0	0	35	31	0	40	25	40	0	0	36	20	0	127	0	0	0	0	0	0	0	0	1	0	0	0	3	0	0	0	15	0	0	0	5	0	0	62	31	0	42	86	35	0	0	77
176	165	3	0	81	154	3	0	51	3	0	81	0	0	0	10	2	0	0	106	143	3	0	51	3	0	51	0	0	0	10	2	0	0	36	3	0	81	0	0	0	0	0	0	0	0	0	0	0	10	2	0	0	106	132	3	0	51	3	0	51	0	0	0	10	2	0	0	36	3	0	51	0	0	0	0	0	0	0	0	0	0	0	10	2	0	0	36	3	0	81	0	0	0	0	0	0	0	0	0	0	0	0	0	0	0	0	0	0	0	10	2	0	0	106	121	3	0	51	3	0	51	0	0	0	10	2	0	0	36	3	0	51	0	0	0	0	0	0	0	0	0	0	0	10	2	0	0	36	3	0	51	0	0	0	0	0	0	0	0	0	0	0	0	0	0	0	0	0	0	0	10	2	0	0	36	1	0	81	0	0	0	0	0	0	0	0	0	0	0	0	0	0	0	0	0	0	0	0	0	0	0	0	0	0	0	10	2	0	0	106
176	165	21	0	72	154	19	0	51	21	0	72	31	0	10	0	35	0	0	77	143	19	0	51	19	0	51	31	0	10	0	35	0	0	36	21	0	72	15	0	0	0	5	0	0	0	31	0	10	0	35	0	0	77	132	19	0	51	19	0	51	31	0	10	0	35	0	0	36	19	0	51	15	0	0	0	5	0	0	0	31	0	10	0	35	0	0	36	21	0	72	1	0	0	0	3	0	0	0	15	0	0	0	5	0	0	0	31	0	10	0	35	0	0	77	121	19	0	51	19	0	51	31	0	10	0	35	0	0	36	19	0	51	15	0	0	0	5	0	0	0	31	0	10	0	35	0	0	36	19	0	51	1	0	0	0	3	0	0	0	15	0	0	0	5	0	0	0	31	0	10	0	35	0	0	36	15	0	72	0	0	0	0	0	0	0	0	1	0	0	0	3	0	0	0	15	0	0	0	5	0	0	0	31	0	10	0	33	0	0	77
247	224	59	183	86	201	32	144	64	59	183	86	27	384	72	40	60	260	86	72	178	29	132	59	32	144	64	19	336	70	15	41	232	64	36	59	183	86	15	144	0	0	6	36	0	9	27	384	72	40	60	260	86	72	155	27	132	59	29	132	59	16	336	70	15	38	228	59	36	32	144	64	9	144	0	0	6	36	0	0	19	336	70	15	41	232	64	36	55	183	86	2	0	0	0	3	24	0	0	15	144	0	0	6	36	0	9	27	384	72	40	60	260	86	72	135	27	132	59	27	132	59	16	336	70	15	38	228	59	36	29	132	59	9	144	0	0	6	36	0	0	16	336	70	15	38	228	59	36	29	144	64	2	0	0	0	3	24	0	0	9	144	0	0	6	36	0	0	19	336	70	15	41	232	64	36	31	123	86	0	0	0	0	0	0	0	0	2	0	0	0	3	24	0	0	15	144	0	0	6	36	0	9	19	384	72	40	46	240	86	72
174	158	63	90	53	142	47	68	53	63	90	53	32	10	50	0	117	112	159	0	126	45	68	53	47	68	53	31	10	50	0	103	104	159	0	54	90	53	8	0	0	0	11	14	0	0	32	10	50	0	111	112	159	0	114	42	68	53	45	68	53	28	10	50	0	95	104	159	0	45	68	53	7	0	0	0	8	0	0	0	31	10	50	0	101	104	159	0	38	42	53	21	0	0	0	4	21	0	0	8	0	0	0	11	14	0	0	28	10	50	0	77	28	159	0	102	38	64	48	42	68	53	26	10	50	0	87	104	159	0	43	68	53	6	0	0	0	8	0	0	0	28	10	50	0	93	104	159	0	29	20	53	18	0	0	0	1	0	0	0	7	0	0	0	8	0	0	0	27	10	50	0	67	20	159	0	34	42	53	22	44	10	47	12	25	0	0	21	0	0	0	4	21	0	0	8	0	0	0	11	14	0	0	18	10	50	0	70	28	159	0
201	181	70	135	75	161	44	125	73	70	135	75	42	130	20	20	104	244	0	0	141	42	123	73	44	125	73	38	130	20	20	68	230	0	0	67	135	75	13	28	0	0	17	28	0	0	42	130	20	20	103	244	0	0	124	41	112	72	42	123	73	36	124	20	20	66	227	0	0	44	125	73	11	20	0	0	7	20	0	0	38	130	20	20	68	230	0	0	49	84	75	14	122	0	13	13	14	0	0	13	28	0	0	17	28	0	0	42	130	20	20	83	193	0	0	109	37	100	67	41	112	72	36	100	20	20	66	212	0	0	42	123	73	11	20	0	0	7	20	0	0	36	124	20	20	66	227	0	0	29	80	73	3	110	0	12	3	10	0	0	11	20	0	0	7	20	0	0	38	130	20	20	50	185	0	0	37	54	75	4	120	10	50	8	30	0	0	14	122	0	13	13	14	0	0	13	28	0	0	17	28	0	0	25	40	20	20	70	148	0	0
184	166	56	98	108	148	48	87	74	56	98	108	55	125	0	120	86	90	0	217	130	46	81	72	48	87	74	51	115	0	116	79	84	0	172	56	98	108	22	61	0	26	11	20	0	0	55	125	0	120	86	90	0	217	113	45	80	60	46	81	72	49	110	0	105	77	80	0	127	48	87	74	20	60	0	15	11	20	0	0	51	115	0	116	79	84	0	172	46	81	108	14	10	0	13	6	10	0	89	22	61	0	26	11	20	0	0	55	125	0	120	79	90	0	217	101	45	80	58	45	80	60	49	110	0	105	77	80	0	116	46	81	72	20	60	0	15	11	20	0	0	49	110	0	105	77	80	0	127	42	75	74	14	10	0	12	6	10	0	27	20	60	0	15	11	20	0	0	51	115	0	116	74	84	0	172	25	21	108	12	0	0	23	4	0	0	0	14	10	0	13	6	10	0	89	22	61	0	26	11	20	0	0	41	65	0	120	63	42	0	217
189	172	49	77	110	155	41	71	91	49	77	110	33	72	0	80	67	88	0	131	138	39	68	89	41	71	91	29	72	0	76	60	82	0	108	47	77	110	10	33	0	26	6	22	0	0	33	72	0	80	66	88	0	131	123	38	66	74	39	68	89	27	66	0	65	58	79	0	68	41	71	91	8	33	0	15	6	22	0	0	29	72	0	76	60	82	0	108	35	47	110	12	22	0	52	3	11	0	89	10	33	0	26	6	22	0	0	33	72	0	80	54	58	0	131	111	38	66	57	38	66	74	27	66	0	65	58	77	0	57	39	68	89	8	33	0	15	6	22	0	0	27	66	0	65	58	79	0	68	32	47	91	12	22	0	12	3	11	0	27	8	33	0	15	6	22	0	0	29	72	0	76	50	58	0	108	15	11	110	12	0	0	41	5	0	0	104	12	22	0	52	3	11	0	89	10	33	0	26	6	22	0	0	16	0	0	80	34	22	0	131
180	164	52	69	84	148	38	55	84	52	69	84	24	44	20	0	74	106	84	0	132	38	55	84	38	55	84	24	44	20	0	67	99	84	0	42	69	84	7	0	0	0	9	0	0	0	24	44	20	0	67	106	84	0	120	38	55	80	38	55	84	24	44	20	0	67	99	84	0	35	55	84	7	0	0	0	6	0	0	0	24	44	20	0	64	99	84	0	26	21	84	16	0	0	52	7	0	0	0	7	0	0	0	9	0	0	0	19	44	20	0	40	22	84	0	109	36	55	60	38	55	80	24	44	20	0	67	99	80	0	35	55	84	7	0	0	0	6	0	0	0	24	44	20	0	64	99	84	0	21	11	84	14	0	0	12	2	0	0	0	7	0	0	0	6	0	0	0	19	44	20	0	39	22	84	0	18	10	84	18	0	10	69	10	10	0	104	16	0	0	52	7	0	0	0	6	0	0	0	9	0	0	0	6	0	20	0	28	0	84	0
156	144	35	45	41	132	15	17	40	35	45	41	13	24	30	10	78	115	164	0	120	12	11	40	15	17	40	8	0	30	10	41	57	160	0	35	45	41	3	0	0	0	5	0	41	0	13	24	30	10	78	115	164	0	108	10	11	40	12	11	40	5	0	30	10	28	33	160	0	15	17	40	0	0	0	0	2	0	40	0	8	0	30	10	41	57	160	0	35	45	41	4	0	0	0	0	0	0	0	3	0	0	0	5	0	41	0	13	24	30	10	78	115	164	0	96	10	10	40	10	11	40	5	0	30	10	22	33	160	0	12	11	40	0	0	0	0	2	0	40	0	5	0	30	10	28	33	160	0	15	17	40	4	0	0	0	0	0	0	0	0	0	0	0	2	0	40	0	8	0	30	10	41	57	160	0	35	45	41	6	10	0	0	3	0	0	0	4	0	0	0	0	0	0	0	3	0	0	0	5	0	41	0	13	24	30	10	78	115	164	0
165	151	58	67	26	137	34	55	18	58	67	26	23	45	8	10	133	153	26	53	123	29	47	18	34	55	18	12	37	8	10	85	122	18	53	58	67	26	7	7	0	0	9	9	26	0	23	45	8	10	133	153	26	53	109	26	37	18	29	47	18	8	30	8	10	65	91	18	53	34	55	18	5	0	0	0	5	8	18	0	12	37	8	10	85	122	18	53	46	67	26	6	27	0	0	0	0	26	0	7	7	0	0	9	9	26	0	23	45	8	10	107	153	26	53	95	23	33	18	26	37	18	6	27	8	10	57	64	18	53	29	47	18	4	0	0	0	5	7	18	0	8	30	8	10	65	91	18	53	22	55	18	5	24	0	0	0	0	18	0	5	0	0	0	5	8	18	0	12	37	8	10	59	122	18	53	46	67	26	15	33	0	0	6	13	0	0	6	27	0	0	0	0	26	0	7	7	0	0	9	9	26	0	23	45	8	10	107	153	26	53
125	115	41	37	8	105	17	23	8	41	37	8	18	28	8	0	106	117	16	0	95	13	13	8	17	23	8	10	8	8	0	48	81	16	0	41	37	8	5	8	0	0	11	8	16	0	18	28	8	0	106	117	16	0	85	10	8	8	13	13	8	7	0	8	0	33	39	16	0	17	23	8	4	0	0	0	4	6	16	0	10	8	8	0	48	81	16	0	40	37	8	6	8	0	0	0	0	8	0	5	8	0	0	11	8	16	0	18	28	8	0	102	117	16	0	75	9	6	8	10	8	8	5	0	8	0	25	24	16	0	13	13	8	3	0	0	0	4	4	16	0	7	0	8	0	33	39	16	0	16	23	8	6	6	0	0	0	0	8	0	4	0	0	0	4	6	16	0	10	8	8	0	44	81	16	0	40	37	8	6	12	0	0	2	0	0	0	6	8	0	0	0	0	8	0	5	8	0	0	11	8	16	0	18	28	8	0	102	117	16	0
115	104	48	39	41	93	36	38	20	48	39	41	24	7	0	40	92	84	0	137	82	33	37	20	36	38	20	19	7	0	40	79	83	0	137	42	39	41	5	6	0	0	5	6	0	0	24	7	0	40	88	84	0	137	73	29	36	20	33	37	20	16	6	0	40	70	82	0	137	35	38	20	4	6	0	0	5	6	0	0	19	7	0	40	78	83	0	137	27	21	41	7	6	13	0	0	0	0	0	5	6	0	0	5	6	0	0	22	7	0	40	54	39	0	137	64	27	28	20	29	36	20	14	6	0	40	60	81	0	133	32	37	20	3	6	0	0	5	6	0	0	16	6	0	40	69	82	0	137	20	20	20	6	6	10	0	0	0	0	0	4	6	0	0	5	6	0	0	17	7	0	40	44	38	0	137	26	21	41	12	16	0	0	4	8	41	0	7	6	13	0	0	0	0	0	5	6	0	0	5	6	0	0	18	7	0	40	52	39	0	137
134	122	56	55	20	110	32	49	10	56	55	20	24	39	0	30	128	163	0	53	98	26	40	10	32	49	10	10	34	0	30	77	146	0	53	51	55	20	4	25	0	0	9	20	20	0	24	39	0	30	124	163	0	53	87	23	27	10	26	40	10	7	21	0	30	57	115	0	53	31	49	10	1	21	0	0	4	16	10	0	10	34	0	30	76	146	0	53	39	44	20	5	17	13	0	0	0	40	0	4	25	0	0	9	20	20	0	22	39	0	30	94	119	0	53	76	22	21	10	23	27	10	7	10	0	30	49	85	0	53	25	40	10	1	15	0	0	4	15	10	0	7	21	0	30	56	115	0	53	19	38	10	5	15	10	0	0	0	20	0	1	21	0	0	4	16	10	0	8	34	0	30	46	102	0	53	39	44	20	15	5	0	0	4	0	20	0	5	17	13	0	0	0	40	0	4	25	0	0	9	20	20	0	22	39	0	30	94	119	0	53
143	132	17	0	67	121	5	0	52	17	0	67	2	0	14	46	46	0	0	49	110	4	0	52	5	0	52	0	0	0	46	15	0	0	48	17	0	67	0	0	4	0	1	0	0	0	2	0	14	46	46	0	0	49	99	4	0	52	4	0	52	0	0	0	46	12	0	0	48	5	0	52	0	0	0	0	1	0	0	0	0	0	0	46	15	0	0	48	17	0	67	1	0	0	0	0	0	0	0	0	0	4	0	1	0	0	0	2	0	14	46	46	0	0	49	88	4	0	52	4	0	52	0	0	0	46	12	0	0	48	4	0	52	0	0	0	0	0	0	0	0	0	0	0	46	12	0	0	48	5	0	52	1	0	0	0	0	0	0	0	0	0	0	0	1	0	0	0	0	0	0	46	15	0	0	48	17	0	67	3	0	0	0	0	0	0	0	1	0	0	0	0	0	0	0	0	0	4	0	1	0	0	0	2	0	14	46	46	0	0	49
90	83	11	6	15	76	1	0	9	11	6	15	0	0	6	0	26	6	15	41	69	1	0	9	1	0	9	0	0	0	0	3	0	9	40	11	6	15	0	0	0	0	1	0	0	0	0	0	6	0	26	6	15	41	62	1	0	9	1	0	9	0	0	0	0	3	0	9	40	1	0	9	0	0	0	0	0	0	0	0	0	0	0	0	3	0	9	40	11	6	15	0	0	0	0	0	0	0	0	0	0	0	0	1	0	0	0	0	0	6	0	26	6	15	41	55	1	0	9	1	0	9	0	0	0	0	3	0	9	40	1	0	9	0	0	0	0	0	0	0	0	0	0	0	0	3	0	9	40	1	0	9	0	0	0	0	0	0	0	0	0	0	0	0	0	0	0	0	0	0	0	0	3	0	9	40	11	6	15	1	0	0	0	0	0	0	0	0	0	0	0	0	0	0	0	0	0	0	0	1	0	0	0	0	0	6	0	26	6	15	41
114	105	15	18	13	96	1	0	7	15	18	13	0	0	6	0	33	42	39	41	87	1	0	7	1	0	7	0	0	0	0	3	0	21	40	15	18	13	0	0	0	0	5	0	0	0	0	0	6	0	33	42	39	41	78	1	0	7	1	0	7	0	0	0	0	3	0	21	40	1	0	7	0	0	0	0	0	0	0	0	0	0	0	0	3	0	21	40	15	18	13	0	0	0	0	0	0	0	0	0	0	0	0	5	0	0	0	0	0	6	0	33	42	39	41	69	1	0	7	1	0	7	0	0	0	0	3	0	21	40	1	0	7	0	0	0	0	0	0	0	0	0	0	0	0	3	0	21	40	1	0	7	0	0	0	0	0	0	0	0	0	0	0	0	0	0	0	0	0	0	0	0	3	0	21	40	15	18	13	1	0	0	0	0	0	0	0	0	0	0	0	0	0	0	0	0	0	0	0	5	0	0	0	0	0	6	0	33	42	39	41
128	118	15	16	37	108	0	0	37	15	16	37	0	0	51	0	29	24	74	0	98	0	0	37	0	0	37	0	0	51	0	0	0	74	0	15	16	37	0	0	0	0	2	0	0	0	0	0	51	0	29	24	74	0	88	0	0	37	0	0	37	0	0	51	0	0	0	74	0	0	0	37	0	0	0	0	0	0	0	0	0	0	51	0	0	0	74	0	15	16	37	0	0	0	0	0	0	0	0	0	0	0	0	2	0	0	0	0	0	51	0	29	24	74	0	78	0	0	37	0	0	37	0	0	51	0	0	0	74	0	0	0	37	0	0	0	0	0	0	0	0	0	0	51	0	0	0	74	0	0	0	37	0	0	0	0	0	0	0	0	0	0	0	0	0	0	0	0	0	0	51	0	0	0	74	0	15	16	37	0	0	0	0	0	0	0	0	0	0	0	0	0	0	0	0	0	0	0	0	2	0	0	0	0	0	51	0	29	24	74	0
127	117	25	21	17	107	8	0	0	25	21	17	6	0	21	0	62	49	51	75	97	6	0	0	8	0	0	3	0	0	0	19	0	0	66	25	21	17	0	0	11	0	7	0	0	0	6	0	21	0	62	49	51	75	87	6	0	0	6	0	0	3	0	0	0	13	0	0	66	8	0	0	0	0	0	0	2	0	0	0	3	0	0	0	19	0	0	66	25	21	17	4	0	0	0	0	0	0	0	0	0	11	0	7	0	0	0	6	0	21	0	62	49	51	75	77	6	0	0	6	0	0	3	0	0	0	13	0	0	66	6	0	0	0	0	0	0	0	0	0	0	3	0	0	0	13	0	0	66	8	0	0	4	0	0	0	0	0	0	0	0	0	0	0	2	0	0	0	3	0	0	0	19	0	0	66	25	21	17	7	0	0	0	1	0	0	0	4	0	0	0	0	0	0	0	0	0	11	0	7	0	0	0	6	0	21	0	62	49	51	75
155	142	14	12	81	129	1	0	52	14	12	81	2	0	15	21	34	24	81	82	116	0	0	52	1	0	52	0	0	15	21	3	0	52	53	14	12	81	0	0	0	0	9	12	0	0	2	0	15	21	34	24	81	82	103	0	0	52	0	0	52	0	0	15	21	0	0	52	53	1	0	52	0	0	0	0	0	0	0	0	0	0	15	21	3	0	52	53	14	12	81	0	0	0	0	0	0	0	0	0	0	0	0	9	12	0	0	2	0	15	21	34	24	81	82	90	0	0	52	0	0	52	0	0	15	21	0	0	52	53	0	0	52	0	0	0	0	0	0	0	0	0	0	15	21	0	0	52	53	1	0	52	0	0	0	0	0	0	0	0	0	0	0	0	0	0	0	0	0	0	15	21	3	0	52	53	14	12	81	0	0	0	0	0	0	0	0	0	0	0	0	0	0	0	0	0	0	0	0	9	12	0	0	2	0	15	21	34	24	81	82
142	130	18	20	49	118	1	0	26	18	20	49	2	0	5	21	50	30	98	67	106	0	0	26	1	0	26	0	0	5	21	3	0	52	44	18	20	49	0	0	0	0	12	10	0	0	2	0	5	21	50	30	98	67	94	0	0	26	0	0	26	0	0	5	21	0	0	52	44	1	0	26	0	0	0	0	0	0	0	0	0	0	5	21	3	0	52	44	18	20	49	0	0	0	0	0	0	0	0	0	0	0	0	12	10	0	0	2	0	5	21	50	30	98	67	82	0	0	26	0	0	26	0	0	5	21	0	0	52	44	0	0	26	0	0	0	0	0	0	0	0	0	0	5	21	0	0	52	44	1	0	26	0	0	0	0	0	0	0	0	0	0	0	0	0	0	0	0	0	0	5	21	3	0	52	44	18	20	49	0	0	0	0	0	0	0	0	0	0	0	0	0	0	0	0	0	0	0	0	12	10	0	0	2	0	5	21	50	30	98	67
93	85	20	15	10	77	2	0	9	20	15	10	5	0	0	9	58	30	30	0	69	0	0	9	2	0	9	0	0	0	9	6	0	27	0	20	15	10	0	0	0	0	11	10	0	0	5	0	0	9	58	30	30	0	61	0	0	9	0	0	9	0	0	0	9	0	0	27	0	2	0	9	0	0	0	0	0	0	0	0	0	0	0	9	6	0	27	0	20	15	10	0	0	0	0	0	0	0	0	0	0	0	0	11	10	0	0	5	0	0	9	58	30	30	0	53	0	0	9	0	0	9	0	0	0	9	0	0	27	0	0	0	9	0	0	0	0	0	0	0	0	0	0	0	9	0	0	27	0	2	0	9	0	0	0	0	0	0	0	0	0	0	0	0	0	0	0	0	0	0	0	9	6	0	27	0	20	15	10	0	0	0	0	0	0	0	0	0	0	0	0	0	0	0	0	0	0	0	0	11	10	0	0	5	0	0	9	58	30	30	0
164	150	38	40	42	136	13	0	22	38	40	42	16	0	24	39	106	100	168	30	122	9	0	0	13	0	22	5	0	21	0	34	0	88	7	38	40	42	3	0	5	0	16	30	0	95	16	0	24	39	106	100	168	30	108	8	0	0	9	0	0	4	0	0	0	21	0	0	7	13	0	22	1	0	5	0	1	0	0	76	5	0	21	0	34	0	88	7	37	40	42	6	0	5	0	0	0	0	0	3	0	5	0	16	30	0	95	16	0	24	39	102	100	168	30	94	2	0	0	8	0	0	3	0	0	0	18	0	0	7	9	0	0	0	0	0	0	0	0	0	76	4	0	0	0	21	0	0	7	12	0	22	0	0	5	0	0	0	0	0	1	0	5	0	1	0	0	76	5	0	21	0	30	0	88	7	37	40	42	1	0	45	0	1	0	0	0	6	0	5	0	0	0	0	0	3	0	5	0	16	30	0	95	16	0	24	39	102	100	168	30
103	94	30	20	6	85	5	0	4	30	20	6	9	0	6	8	87	60	30	0	76	2	0	0	5	0	4	0	0	4	0	13	0	20	0	29	20	6	0	0	0	0	12	12	0	8	9	0	6	8	86	60	30	0	67	2	0	0	2	0	0	0	0	0	0	4	0	0	0	4	0	4	0	0	0	0	0	0	0	8	0	0	4	0	12	0	20	0	29	20	6	1	0	0	0	0	0	0	0	0	0	0	0	12	12	0	8	9	0	6	8	86	60	30	0	58	1	0	0	2	0	0	0	0	0	0	4	0	0	0	1	0	0	0	0	0	0	0	0	0	8	0	0	0	0	3	0	0	0	4	0	4	0	0	0	0	0	0	0	0	0	0	0	0	0	0	0	8	0	0	4	0	12	0	20	0	29	20	6	0	0	6	0	0	0	0	0	1	0	0	0	0	0	0	0	0	0	0	0	12	12	0	8	9	0	6	8	86	60	30	0
172	156	36	41	80	140	11	13	35	36	41	80	15	26	6	25	93	149	160	188	124	7	0	35	11	13	35	3	0	5	25	27	39	70	113	34	41	80	1	0	6	0	5	13	80	0	15	26	6	25	91	149	160	188	108	6	0	28	7	0	35	2	0	5	20	17	0	70	87	9	13	35	0	0	5	0	0	0	35	0	3	0	5	25	25	39	70	113	30	41	80	0	0	6	26	0	0	0	20	1	0	6	0	5	13	80	0	13	26	6	25	77	149	160	188	92	6	0	25	6	0	28	2	0	0	20	16	0	56	87	5	0	35	0	0	5	0	0	0	35	0	2	0	5	20	15	0	70	87	5	13	35	0	0	5	20	0	0	0	10	0	0	5	0	0	0	35	0	1	0	5	25	11	39	70	113	30	41	80	0	0	0	30	0	0	0	0	0	0	6	26	0	0	0	20	1	0	6	0	5	13	80	0	13	26	6	25	77	149	160	188
149	135	42	43	42	121	16	10	19	42	43	42	17	30	6	25	103	139	126	58	107	12	0	16	16	10	19	6	0	5	20	37	30	57	35	40	43	42	1	0	6	15	5	10	42	0	17	30	6	25	101	139	126	58	93	7	0	0	12	0	16	5	0	5	0	27	0	48	9	14	10	19	0	0	5	0	0	0	19	0	6	0	5	20	35	30	57	35	36	43	42	0	0	41	0	0	0	0	54	1	0	6	15	5	10	42	0	15	30	6	25	87	139	126	58	79	6	0	0	7	0	0	2	0	0	0	17	0	0	9	10	0	16	0	0	5	0	0	0	16	0	5	0	5	0	25	0	48	9	10	10	19	0	0	35	0	0	0	0	36	0	0	5	0	0	0	19	0	4	0	5	20	21	30	57	35	36	43	42	0	0	9	0	1	0	0	0	0	0	41	0	0	0	0	54	1	0	6	15	5	10	42	0	15	30	6	25	87	139	126	58
98	89	26	8	29	80	8	0	0	26	8	29	15	0	0	0	72	32	29	107	71	4	0	0	8	0	0	2	0	0	0	19	0	0	61	24	8	29	0	0	0	0	4	8	0	0	15	0	0	0	70	32	29	107	62	4	0	0	4	0	0	2	0	0	0	9	0	0	35	6	0	0	0	0	0	0	0	0	0	0	2	0	0	0	17	0	0	61	22	8	29	0	0	0	0	0	0	0	0	0	0	0	0	4	8	0	0	13	0	0	0	63	32	29	107	53	4	0	0	4	0	0	2	0	0	0	9	0	0	35	2	0	0	0	0	0	0	0	0	0	0	2	0	0	0	7	0	0	35	4	0	0	0	0	0	0	0	0	0	0	0	0	0	0	0	0	0	0	0	0	0	0	10	0	0	61	22	8	29	0	0	0	0	0	0	0	0	0	0	0	0	0	0	0	0	0	0	0	0	4	8	0	0	13	0	0	0	63	32	29	107
115	104	38	34	14	93	11	6	0	37	34	14	13	24	0	0	80	108	56	48	82	8	0	0	10	6	0	4	0	0	0	21	18	0	26	33	34	14	0	0	0	0	4	6	14	0	11	24	0	0	76	108	56	48	71	8	0	0	7	0	0	4	0	0	0	14	0	0	0	6	6	0	0	0	0	0	0	0	0	0	2	0	0	0	17	18	0	26	30	34	14	0	0	0	0	0	0	0	0	0	0	0	0	4	6	14	0	9	24	0	0	66	108	56	48	60	8	0	0	7	0	0	4	0	0	0	14	0	0	0	3	0	0	0	0	0	0	0	0	0	0	2	0	0	0	10	0	0	0	3	6	0	0	0	0	0	0	0	0	0	0	0	0	0	0	0	0	0	0	0	0	0	7	18	0	26	30	34	14	0	0	0	0	0	0	0	0	0	0	0	0	0	0	0	0	0	0	0	0	4	6	14	0	9	24	0	0	66	108	56	48
107	96	43	35	4	85	15	10	0	41	35	4	23	0	0	0	78	95	20	6	75	11	10	0	14	10	0	10	0	0	0	29	10	0	4	35	25	4	0	0	0	0	4	5	0	0	21	0	0	0	73	85	20	6	65	11	10	0	10	10	0	10	0	0	0	19	10	0	0	8	0	0	0	0	0	0	0	0	0	0	8	0	0	0	24	0	0	4	31	25	4	0	0	0	0	0	0	0	0	0	0	0	0	4	5	0	0	13	0	0	0	59	85	20	6	55	11	10	0	10	10	0	10	0	0	0	19	10	0	0	4	0	0	0	0	0	0	0	0	0	0	8	0	0	0	14	0	0	0	4	0	0	0	0	0	0	0	0	0	0	0	0	0	0	0	0	0	0	0	0	0	0	10	0	0	4	31	25	4	0	0	0	0	0	0	0	0	0	0	0	0	0	0	0	0	0	0	0	0	4	5	0	0	13	0	0	0	59	85	20	6
162	143	60	109	56	124	29	59	12	58	109	56	20	76	37	12	97	200	224	169	106	27	48	11	28	59	12	19	32	6	10	56	139	48	54	40	91	56	0	0	14	5	0	0	56	0	18	76	37	12	83	182	224	169	90	26	48	11	26	48	11	18	32	5	10	54	128	44	51	17	43	12	0	0	12	5	0	0	12	0	17	32	6	10	47	123	48	54	26	59	56	0	0	6	0	0	0	0	0	0	0	14	5	0	0	56	0	2	44	37	12	39	70	224	169	74	26	48	0	25	48	11	18	32	5	0	53	128	44	28	15	32	11	0	0	11	0	0	0	11	0	16	32	5	10	45	112	44	51	3	11	12	0	0	6	0	0	0	0	0	0	0	12	5	0	0	12	0	1	0	6	10	3	11	48	54	26	59	56	5	0	0	0	2	0	0	61	0	0	6	0	0	0	0	0	0	0	14	5	0	0	56	0	2	44	37	12	39	70	224	169
116	104	40	32	34	92	19	0	0	39	32	34	15	0	29	0	69	40	136	140	80	18	0	0	18	0	0	11	0	0	0	37	0	0	54	31	32	34	0	0	0	0	0	0	0	0	13	0	29	0	63	40	136	140	68	18	0	0	17	0	0	11	0	0	0	36	0	0	51	10	0	0	0	0	0	0	0	0	0	0	9	0	0	0	31	0	0	54	22	32	34	0	0	0	0	0	0	0	0	0	0	0	0	0	0	0	0	4	0	29	0	33	40	136	140	56	18	0	0	17	0	0	11	0	0	0	36	0	0	28	9	0	0	0	0	0	0	0	0	0	0	9	0	0	0	30	0	0	51	1	0	0	0	0	0	0	0	0	0	0	0	0	0	0	0	0	0	0	0	0	0	0	1	0	0	54	22	32	34	0	0	0	0	0	0	0	0	0	0	0	0	0	0	0	0	0	0	0	0	0	0	0	0	4	0	29	0	33	40	136	140
88	79	35	14	21	70	16	0	0	34	14	21	14	0	16	0	55	14	42	60	61	15	0	0	15	0	0	10	0	0	0	31	0	0	19	27	14	21	0	0	0	0	0	0	0	0	12	0	16	0	49	14	42	60	52	15	0	0	14	0	0	10	0	0	0	30	0	0	16	8	0	0	0	0	0	0	0	0	0	0	8	0	0	0	25	0	0	19	20	14	21	0	0	0	0	0	0	0	0	0	0	0	0	0	0	0	0	4	0	16	0	25	14	42	60	43	15	0	0	14	0	0	10	0	0	0	30	0	0	0	7	0	0	0	0	0	0	0	0	0	0	8	0	0	0	24	0	0	16	1	0	0	0	0	0	0	0	0	0	0	0	0	0	0	0	0	0	0	0	0	0	0	1	0	0	19	20	14	21	0	0	0	0	0	0	0	0	0	0	0	0	0	0	0	0	0	0	0	0	0	0	0	0	4	0	16	0	25	14	42	60
92	80	37	47	11	69	20	27	0	35	36	11	23	18	6	0	53	18	33	18	60	19	27	0	20	18	0	19	18	0	0	36	18	0	0	24	18	11	0	0	0	0	0	0	0	0	23	0	6	0	45	0	33	18	51	19	27	0	19	18	0	19	18	0	0	35	18	0	0	9	0	0	0	0	0	0	0	0	0	0	19	0	0	0	28	0	0	0	16	18	11	0	0	0	0	0	0	0	0	0	0	0	0	0	0	0	0	4	0	6	0	18	0	33	18	42	19	27	0	19	18	0	19	18	0	0	35	18	0	0	8	0	0	0	0	0	0	0	0	0	0	19	0	0	0	27	0	0	0	1	0	0	0	0	0	0	0	0	0	0	0	0	0	0	0	0	0	0	0	0	0	0	1	0	0	0	16	18	11	0	0	0	0	0	0	0	0	0	0	0	0	0	0	0	0	0	0	0	0	0	0	0	0	4	0	6	0	18	0	33	18
98	84	44	71	5	70	20	45	0	41	71	5	19	54	0	0	59	95	20	4	59	19	45	0	19	45	0	15	54	0	0	36	81	0	0	24	38	5	0	0	0	0	0	0	0	0	17	54	0	0	46	73	20	4	50	19	45	0	18	45	0	15	54	0	0	35	81	0	0	9	18	0	0	0	0	0	0	0	0	0	13	54	0	0	28	63	0	0	16	20	5	0	0	0	0	0	0	0	0	0	0	0	0	0	0	0	0	4	0	0	0	19	10	20	4	41	19	45	0	18	45	0	15	54	0	0	35	81	0	0	8	18	0	0	0	0	0	0	0	0	0	13	54	0	0	27	63	0	0	1	0	0	0	0	0	0	0	0	0	0	0	0	0	0	0	0	0	0	0	0	0	0	1	0	0	0	16	20	5	0	0	0	0	0	0	0	0	0	0	0	0	0	0	0	0	0	0	0	0	0	0	0	0	4	0	0	0	19	10	20	4
99	87	29	35	66	75	14	11	37	29	35	66	2	0	20	88	68	97	198	90	63	14	11	6	14	11	37	2	0	8	6	39	33	111	12	25	35	66	0	0	0	12	0	0	0	136	2	0	20	88	65	97	198	90	52	14	11	5	14	11	6	2	0	6	5	39	33	18	11	13	11	37	0	0	0	10	0	0	0	54	2	0	8	6	38	33	111	12	12	24	66	0	0	0	5	0	0	0	0	0	0	0	12	0	0	0	136	0	0	20	88	27	64	198	90	41	14	11	5	14	11	5	2	0	5	5	39	33	15	11	13	11	6	0	0	0	10	0	0	0	51	2	0	6	5	38	33	18	11	0	0	37	0	0	0	5	0	0	0	0	0	0	0	10	0	0	0	54	0	0	8	6	0	0	111	12	12	24	66	20	0	0	0	5	0	0	0	0	0	0	5	0	0	0	0	0	0	0	12	0	0	0	136	0	0	20	88	27	64	198	90
70	57	30	52	22	44	16	42	0	25	52	22	11	60	11	0	44	74	0	72	36	16	42	0	15	42	0	11	60	0	0	32	66	0	12	11	12	22	0	0	0	0	0	0	0	0	9	60	11	0	34	42	0	72	30	16	42	0	15	42	0	11	60	0	0	32	66	0	11	8	12	0	0	0	0	0	0	0	0	0	9	60	0	0	27	42	0	12	3	0	22	0	0	0	0	0	0	0	0	0	0	0	0	0	0	0	0	0	0	11	0	7	0	0	72	24	16	42	0	15	42	0	11	60	0	0	32	66	0	11	8	12	0	0	0	0	0	0	0	0	0	9	60	0	0	27	42	0	11	0	0	0	0	0	0	0	0	0	0	0	0	0	0	0	0	0	0	0	0	0	0	0	0	0	0	12	3	0	22	0	0	0	0	0	0	0	0	0	0	0	0	0	0	0	0	0	0	0	0	0	0	0	0	0	0	11	0	7	0	0	72
84	74	32	9	37	64	23	9	0	31	9	37	21	0	11	0	60	27	0	127	54	23	9	0	22	9	0	21	0	0	0	43	27	0	12	16	9	37	0	0	0	0	0	0	0	0	19	0	11	0	49	27	0	127	45	23	9	0	22	9	0	21	0	0	0	43	27	0	11	10	9	0	0	0	0	0	0	0	0	0	19	0	0	0	34	27	0	12	6	0	37	0	0	0	0	0	0	0	0	0	0	0	0	0	0	0	0	0	0	11	0	15	0	0	127	36	23	9	0	22	9	0	21	0	0	0	43	27	0	11	10	9	0	0	0	0	0	0	0	0	0	19	0	0	0	34	27	0	11	0	0	0	0	0	0	0	0	0	0	0	0	0	0	0	0	0	0	0	0	0	0	0	0	0	0	12	6	0	37	0	0	0	0	0	0	0	0	0	0	0	0	0	0	0	0	0	0	0	0	0	0	0	0	0	0	11	0	15	0	0	127
94	82	42	36	31	70	25	20	0	42	36	31	19	0	11	0	83	118	62	116	58	25	20	0	25	20	0	19	0	0	0	53	70	0	12	25	36	31	0	0	0	0	0	0	0	0	19	0	11	0	71	118	62	116	48	25	20	0	25	20	0	19	0	0	0	53	70	0	11	15	20	0	0	0	0	0	0	0	0	0	19	0	0	0	46	70	0	12	10	16	31	0	0	0	0	0	0	0	0	0	0	0	0	0	0	0	0	0	0	11	0	25	48	62	116	38	25	20	0	25	20	0	19	0	0	0	53	70	0	11	15	20	0	0	0	0	0	0	0	0	0	19	0	0	0	46	70	0	11	0	0	0	0	0	0	0	0	0	0	0	0	0	0	0	0	0	0	0	0	0	0	0	0	0	0	12	10	16	31	18	0	0	0	4	0	0	0	0	0	0	0	0	0	0	0	0	0	0	0	0	0	0	0	0	0	11	0	25	48	62	116
59	51	23	13	19	43	18	12	0	22	13	19	18	6	0	0	40	18	0	50	36	18	12	0	17	12	0	18	6	0	0	32	18	0	0	9	6	19	0	0	0	0	0	0	0	0	16	6	0	0	30	18	0	50	30	18	12	0	17	12	0	18	6	0	0	32	18	0	0	7	6	0	0	0	0	0	0	0	0	0	16	6	0	0	24	18	0	0	2	0	19	0	0	0	0	0	0	0	0	0	0	0	0	0	0	0	0	0	0	0	0	6	0	0	50	24	18	12	0	17	12	0	18	6	0	0	32	18	0	0	7	6	0	0	0	0	0	0	0	0	0	16	6	0	0	24	18	0	0	0	0	0	0	0	0	0	0	0	0	0	0	0	0	0	0	0	0	0	0	0	0	0	0	0	0	0	2	0	19	0	0	0	0	0	0	0	0	0	0	0	0	0	0	0	0	0	0	0	0	0	0	0	0	0	0	0	0	6	0	0	50
149	130	44	48	153	111	11	0	153	44	48	153	13	0	194	0	100	96	459	0	92	8	0	153	11	0	153	0	0	194	0	22	0	459	0	44	48	153	0	0	45	0	4	0	0	0	13	0	194	0	100	96	459	0	73	8	0	151	8	0	153	0	0	194	0	18	0	459	0	11	0	153	0	0	45	0	0	0	0	0	0	0	194	0	22	0	459	0	36	48	153	1	0	0	17	3	0	0	0	0	0	45	0	4	0	0	0	13	0	194	0	82	96	459	0	54	7	0	147	8	0	151	0	0	193	0	18	0	453	0	8	0	153	0	0	45	0	0	0	0	0	0	0	194	0	18	0	459	0	3	0	153	0	0	0	14	0	0	0	0	0	0	45	0	0	0	0	0	0	0	194	0	4	0	459	0	36	48	153	20	0	0	30	15	16	0	0	1	0	0	17	3	0	0	0	0	0	45	0	4	0	0	0	13	0	194	0	82	96	459	0
76	66	36	24	36	56	8	0	36	36	24	36	5	0	88	0	79	60	144	0	46	7	0	36	8	0	36	0	0	88	0	12	0	144	0	36	24	36	0	0	11	0	7	0	0	0	5	0	88	0	79	60	144	0	36	7	0	36	7	0	36	0	0	88	0	11	0	144	0	8	0	36	0	0	11	0	0	0	0	0	0	0	88	0	12	0	144	0	29	24	36	9	0	0	0	5	0	0	0	0	0	11	0	7	0	0	0	5	0	88	0	68	60	144	0	26	4	0	36	7	0	36	0	0	88	0	11	0	144	0	7	0	36	0	0	11	0	0	0	0	0	0	0	88	0	11	0	144	0	1	0	36	0	0	0	0	0	0	0	0	0	0	11	0	0	0	0	0	0	0	88	0	1	0	144	0	29	24	36	17	0	0	0	9	18	0	0	9	0	0	0	5	0	0	0	0	0	11	0	7	0	0	0	5	0	88	0	68	60	144	0
100	85	49	71	27	70	11	36	11	49	71	27	5	0	55	0	97	201	135	97	55	10	36	11	11	36	11	0	0	55	0	22	96	55	37	41	71	27	0	0	11	0	10	0	0	0	5	0	55	0	92	201	135	97	43	10	36	11	10	36	11	0	0	55	0	21	96	55	6	11	36	11	0	0	11	0	0	0	0	0	0	0	55	0	22	96	55	37	31	35	27	9	0	0	0	7	0	0	0	0	0	11	0	10	0	0	0	5	0	55	0	71	105	135	97	31	7	21	11	10	36	11	0	0	55	0	21	96	55	5	10	36	11	0	0	11	0	0	0	0	0	0	0	55	0	21	96	55	6	1	0	11	0	0	0	0	0	0	0	0	0	0	11	0	0	0	0	0	0	0	55	0	1	0	55	37	31	35	27	5	105	0	0	9	21	0	0	9	0	0	0	7	0	0	0	0	0	11	0	10	0	0	0	5	0	55	0	71	105	135	97
96	82	40	43	68	68	18	33	47	40	43	68	2	0	27	53	77	98	68	97	54	18	33	34	18	33	47	2	0	27	8	44	88	47	37	31	43	68	0	0	0	14	0	0	0	56	2	0	27	53	71	98	68	97	43	18	33	31	18	33	34	2	0	26	6	44	88	34	6	17	33	47	0	0	0	12	0	0	0	12	2	0	27	8	43	88	47	37	14	10	68	1	0	0	21	0	0	0	0	0	0	0	14	0	0	0	56	0	0	27	53	28	10	68	97	32	17	30	29	18	33	31	2	0	25	5	44	88	31	5	17	33	34	0	0	0	11	0	0	0	11	2	0	26	6	43	88	34	6	0	0	47	0	0	0	18	0	0	0	0	0	0	0	12	0	0	0	12	0	0	27	8	0	0	47	37	14	10	68	23	30	0	13	8	10	0	0	1	0	0	21	0	0	0	0	0	0	0	14	0	0	0	56	0	0	27	53	28	10	68	97
65	56	26	20	18	47	8	8	10	26	20	18	0	0	10	0	59	26	36	66	38	8	8	10	8	8	10	0	0	10	0	20	8	20	37	25	20	18	0	0	0	0	1	0	0	0	0	0	10	0	59	26	36	66	30	8	8	9	8	8	10	0	0	10	0	20	8	20	6	8	8	10	0	0	0	0	0	0	0	0	0	0	10	0	20	8	20	37	17	12	18	1	0	0	9	1	0	0	0	0	0	0	0	1	0	0	0	0	0	10	0	39	18	36	66	22	7	6	8	8	8	9	0	0	9	0	20	8	18	5	8	8	10	0	0	0	0	0	0	0	0	0	0	10	0	20	8	20	6	0	0	10	0	0	0	8	0	0	0	0	0	0	0	0	0	0	0	0	0	0	10	0	0	0	20	37	17	12	18	18	12	0	8	9	6	0	0	1	0	0	9	1	0	0	0	0	0	0	0	1	0	0	0	0	0	10	0	39	18	36	66
114	97	55	60	110	80	18	0	99	55	60	110	20	0	212	50	86	156	550	27	63	14	0	99	18	0	99	9	0	207	50	20	0	495	11	55	60	110	11	0	15	0	13	36	0	0	20	0	212	50	86	156	550	27	46	9	0	99	14	0	99	6	0	207	50	17	0	495	11	18	0	99	0	0	15	0	0	0	0	0	9	0	207	50	20	0	495	11	44	60	110	12	0	35	0	8	24	0	0	11	0	15	0	13	36	0	0	20	0	212	50	73	156	550	27	29	0	0	99	9	0	99	0	0	207	50	13	0	495	11	14	0	99	0	0	15	0	0	0	0	0	6	0	207	50	17	0	495	11	7	0	99	0	0	35	0	0	0	0	0	0	0	15	0	0	0	0	0	9	0	207	50	7	0	495	11	38	60	110	0	0	51	0	0	0	0	0	12	0	35	0	8	24	0	0	11	0	15	0	13	36	0	0	11	0	212	50	66	156	550	27
135	115	40	37	164	95	20	19	107	40	37	164	6	0	60	133	76	37	164	302	75	20	19	107	20	19	107	6	0	55	133	36	19	107	257	39	37	164	2	0	0	0	12	0	0	0	6	0	60	133	76	37	164	302	56	18	18	106	20	19	107	6	0	55	132	36	19	107	244	20	19	107	0	0	0	0	0	0	0	0	6	0	55	133	36	19	107	257	21	18	164	11	18	20	6	8	0	0	0	2	0	0	0	12	0	0	0	6	0	60	133	43	18	164	302	37	0	0	105	18	18	106	0	0	55	129	33	18	106	238	20	19	107	0	0	0	0	0	0	0	0	6	0	55	132	36	19	107	244	2	0	107	0	0	20	6	0	0	0	0	0	0	0	0	0	0	0	0	6	0	55	133	3	0	107	257	19	18	164	0	0	147	9	0	0	164	0	11	18	20	6	8	0	0	0	2	0	0	0	12	0	0	0	0	0	60	133	40	18	164	302
117	100	38	30	136	83	14	0	94	38	30	136	11	0	92	86	62	75	272	234	66	13	0	94	14	0	94	7	0	87	86	18	0	188	210	38	30	136	6	0	0	0	11	15	0	0	11	0	92	86	62	75	272	234	49	10	0	94	13	0	94	6	0	87	86	17	0	188	210	14	0	94	0	0	0	0	0	0	0	0	7	0	87	86	18	0	188	210	27	30	136	12	0	20	0	7	15	0	0	6	0	0	0	11	15	0	0	11	0	92	86	48	75	272	234	32	0	0	94	10	0	94	0	0	87	86	14	0	188	207	13	0	94	0	0	0	0	0	0	0	0	6	0	87	86	17	0	188	210	3	0	94	0	0	20	0	0	0	0	0	0	0	0	0	0	0	0	0	7	0	87	86	4	0	188	210	24	30	136	0	0	57	0	0	0	0	0	12	0	20	0	7	15	0	0	6	0	0	0	11	15	0	0	4	0	92	86	44	75	272	234
88	75	33	30	74	62	11	0	39	33	30	74	11	0	50	72	54	70	222	216	49	8	0	39	11	0	39	3	0	45	72	13	0	117	200	33	30	74	6	0	0	0	7	30	0	0	11	0	50	72	54	70	222	216	36	6	0	39	8	0	39	0	0	45	72	10	0	117	200	11	0	39	0	0	0	0	0	0	0	0	3	0	45	72	13	0	117	200	25	30	74	9	0	0	0	5	20	0	0	6	0	0	0	7	30	0	0	11	0	50	72	44	70	222	216	23	0	0	39	6	0	39	0	0	45	72	10	0	117	198	8	0	39	0	0	0	0	0	0	0	0	0	0	45	72	10	0	117	200	3	0	39	0	0	0	0	0	0	0	0	0	0	0	0	0	0	0	0	3	0	45	72	3	0	117	200	22	30	74	0	0	21	0	0	0	0	0	9	0	0	0	5	20	0	0	6	0	0	0	7	30	0	0	8	0	50	72	41	70	222	216
86	72	37	56	37	58	14	24	21	37	56	37	17	0	24	33	58	84	148	63	44	11	24	21	14	24	21	9	0	21	33	18	12	84	47	36	56	37	8	0	0	0	9	24	0	0	17	0	24	33	58	84	148	63	32	7	16	21	11	24	21	6	0	21	33	15	12	84	47	14	24	21	0	0	0	0	0	0	0	0	9	0	21	33	18	12	84	47	27	32	37	4	64	20	0	6	16	0	0	8	0	0	0	9	24	0	0	17	0	24	33	46	72	148	63	20	0	0	21	7	16	21	0	0	21	33	12	8	84	47	11	24	21	0	0	0	0	0	0	0	0	6	0	21	33	15	12	84	47	5	0	21	0	0	20	0	0	0	0	0	0	0	0	0	0	0	0	0	9	0	21	33	6	0	84	47	22	32	37	0	0	51	0	0	0	74	0	4	64	20	0	6	16	0	0	8	0	0	0	9	24	0	0	8	0	24	33	40	72	148	63
95	79	23	15	157	63	8	0	82	23	15	157	11	0	30	189	22	0	157	521	47	5	0	78	8	0	82	3	0	29	170	5	0	82	360	23	15	157	6	0	0	50	0	0	0	0	11	0	30	189	22	0	157	521	31	0	0	78	5	0	78	0	0	29	170	2	0	78	360	8	0	82	0	0	0	50	0	0	0	0	3	0	29	170	5	0	82	360	18	15	157	0	0	34	0	0	0	0	0	6	0	0	50	0	0	0	0	11	0	30	189	20	0	157	521	15	0	0	78	0	0	78	0	0	29	170	0	0	78	359	5	0	78	0	0	0	50	0	0	0	0	0	0	29	170	2	0	78	360	3	0	82	0	0	0	0	0	0	0	0	0	0	0	50	0	0	0	0	3	0	29	170	3	0	82	360	15	15	157	0	0	0	0	0	0	0	0	0	0	34	0	0	0	0	0	6	0	0	50	0	0	0	0	8	0	30	189	17	0	157	521
87	71	29	69	64	55	8	24	19	29	69	64	18	54	62	0	25	64	256	357	39	3	10	19	8	24	19	2	10	62	0	4	10	76	253	29	69	64	2	40	36	0	0	0	64	0	18	54	62	0	25	64	256	357	24	0	0	19	3	10	19	0	0	62	0	1	0	76	253	8	24	19	0	0	36	0	0	0	19	0	2	10	62	0	4	10	76	253	25	54	64	0	0	16	0	0	0	64	0	2	40	36	0	0	0	64	0	18	54	62	0	24	64	256	357	10	0	0	19	0	0	19	0	0	62	0	0	0	76	253	3	10	19	0	0	36	0	0	0	19	0	0	0	62	0	1	0	76	253	5	10	19	0	0	0	0	0	0	19	0	0	0	36	0	0	0	19	0	2	10	62	0	3	10	76	253	15	40	64	0	0	0	0	0	0	0	0	0	0	16	0	0	0	64	0	2	40	36	0	0	0	64	0	16	40	62	0	18	50	256	357
80	66	30	40	80	52	9	0	66	30	40	80	23	0	78	30	26	50	320	110	38	2	0	66	9	0	66	3	0	77	30	5	0	264	99	30	40	80	6	0	52	0	0	0	0	0	23	0	78	30	26	50	320	110	24	0	0	66	2	0	66	0	0	77	30	0	0	264	99	9	0	66	0	0	51	0	0	0	0	0	3	0	77	30	5	0	264	99	28	40	80	0	0	0	0	0	0	0	0	6	0	52	0	0	0	0	0	23	0	78	30	26	50	320	110	10	0	0	66	0	0	66	0	0	77	30	0	0	264	99	2	0	66	0	0	51	0	0	0	0	0	0	0	77	30	0	0	264	99	7	0	66	0	0	0	0	0	0	0	0	0	0	51	0	0	0	0	0	3	0	77	30	5	0	264	99	16	40	80	0	0	0	0	0	0	0	0	0	0	0	0	0	0	0	0	6	0	52	0	0	0	0	0	20	0	78	30	18	50	320	110
142	118	30	44	279	94	11	0	250	30	44	279	23	0	76	149	27	44	558	147	70	4	0	249	11	0	250	3	0	75	145	6	0	500	120	30	44	279	6	0	52	17	0	0	0	0	23	0	76	149	27	44	558	147	46	0	0	249	4	0	249	0	0	75	145	1	0	498	120	11	0	250	0	0	51	17	0	0	0	0	3	0	75	145	6	0	500	120	26	44	279	0	0	16	0	0	0	0	0	6	0	52	17	0	0	0	0	23	0	76	149	26	44	558	147	22	0	0	249	0	0	249	0	0	75	145	0	0	498	120	4	0	249	0	0	51	17	0	0	0	0	0	0	75	145	1	0	498	120	7	0	250	0	0	0	0	0	0	0	0	0	0	51	17	0	0	0	0	3	0	75	145	5	0	500	120	17	44	279	0	0	0	0	0	0	0	0	0	0	16	0	0	0	0	0	6	0	52	17	0	0	0	0	20	0	76	149	20	44	558	147
99	81	46	73	109	63	24	41	73	46	73	109	39	82	58	70	41	82	218	221	45	9	13	73	24	41	73	18	26	58	70	19	26	146	159	46	73	109	5	26	163	0	0	0	218	0	39	82	58	70	41	82	218	221	28	0	0	73	9	13	73	0	0	58	70	6	0	146	159	24	41	73	0	0	154	0	0	0	146	0	18	26	58	70	19	26	146	159	35	56	109	0	0	90	0	0	0	109	0	5	26	163	0	0	0	218	0	39	82	58	70	35	82	218	221	13	0	0	73	0	0	73	0	0	58	70	0	0	146	159	9	13	73	0	0	154	0	0	0	146	0	0	0	58	70	6	0	146	159	15	26	73	0	0	62	0	0	0	73	0	0	0	154	0	0	0	146	0	18	26	58	70	13	26	146	159	16	26	109	0	0	0	0	0	0	0	0	0	0	90	0	0	0	109	0	5	26	163	0	0	0	218	0	21	52	58	70	20	52	218	221
60	48	12	0	115	36	1	0	47	12	0	115	1	0	58	129	6	0	0	580	24	0	0	46	1	0	47	0	0	36	126	0	0	0	417	12	0	115	0	0	10	15	0	0	0	0	1	0	58	129	6	0	0	580	12	0	0	46	0	0	46	0	0	36	126	0	0	0	412	1	0	47	0	0	0	15	0	0	0	0	0	0	36	126	0	0	0	417	11	0	115	0	0	0	0	0	0	0	0	0	0	10	15	0	0	0	0	1	0	58	129	6	0	0	580	0	0	0	46	0	0	46	0	0	36	126	0	0	0	412	0	0	46	0	0	0	15	0	0	0	0	0	0	36	126	0	0	0	412	0	0	47	0	0	0	0	0	0	0	0	0	0	0	15	0	0	0	0	0	0	36	126	0	0	0	417	0	0	115	0	0	0	0	0	0	0	0	0	0	0	0	0	0	0	0	0	0	10	15	0	0	0	0	0	0	58	129	0	0	0	580
39	31	9	7	30	23	1	0	7	9	7	30	1	0	10	21	4	7	30	144	15	0	0	7	1	0	7	0	0	0	21	0	0	7	85	9	7	30	0	0	10	0	0	0	0	0	1	0	10	21	4	7	30	144	7	0	0	7	0	0	7	0	0	0	21	0	0	7	85	1	0	7	0	0	0	0	0	0	0	0	0	0	0	21	0	0	7	85	7	7	30	0	0	0	0	0	0	0	0	0	0	10	0	0	0	0	0	1	0	10	21	4	7	30	144	0	0	0	7	0	0	7	0	0	0	21	0	0	7	85	0	0	7	0	0	0	0	0	0	0	0	0	0	0	21	0	0	7	85	0	0	7	0	0	0	0	0	0	0	0	0	0	0	0	0	0	0	0	0	0	0	21	0	0	7	85	0	0	30	0	0	0	0	0	0	0	0	0	0	0	0	0	0	0	0	0	0	10	0	0	0	0	0	0	0	10	21	0	0	30	144
58	46	20	20	82	34	3	0	22	20	20	82	8	0	139	58	11	10	164	532	22	0	0	22	3	0	22	0	0	86	58	0	0	44	408	20	20	82	0	0	34	0	0	0	0	0	8	0	139	58	11	10	164	532	10	0	0	22	0	0	22	0	0	86	58	0	0	44	407	3	0	22	0	0	10	0	0	0	0	0	0	0	86	58	0	0	44	408	16	20	82	0	0	0	0	0	0	0	0	0	0	34	0	0	0	0	0	8	0	139	58	11	10	164	532	0	0	0	22	0	0	22	0	0	86	58	0	0	44	407	0	0	22	0	0	10	0	0	0	0	0	0	0	86	58	0	0	44	407	0	0	22	0	0	0	0	0	0	0	0	0	0	10	0	0	0	0	0	0	0	86	58	0	0	44	408	0	0	82	0	0	0	0	0	0	0	0	0	0	0	0	0	0	0	0	0	0	34	0	0	0	0	0	0	0	139	58	0	0	164	532
48	38	14	16	49	28	2	0	12	14	16	49	3	0	84	48	7	8	98	253	18	0	0	12	2	0	12	0	0	36	48	0	0	24	158	14	16	49	0	0	23	0	0	0	0	0	3	0	84	48	7	8	98	253	8	0	0	12	0	0	12	0	0	36	48	0	0	24	158	2	0	12	0	0	0	0	0	0	0	0	0	0	36	48	0	0	24	158	11	16	49	0	0	0	0	0	0	0	0	0	0	23	0	0	0	0	0	3	0	84	48	7	8	98	253	0	0	0	12	0	0	12	0	0	36	48	0	0	24	158	0	0	12	0	0	0	0	0	0	0	0	0	0	36	48	0	0	24	158	0	0	12	0	0	0	0	0	0	0	0	0	0	0	0	0	0	0	0	0	0	36	48	0	0	24	158	0	0	49	0	0	0	0	0	0	0	0	0	0	0	0	0	0	0	0	0	0	23	0	0	0	0	0	0	0	84	48	0	0	98	253
33	26	9	10	16	19	0	0	12	9	10	16	0	0	48	48	4	5	32	0	12	0	0	12	0	0	12	0	0	36	48	0	0	24	0	9	10	16	0	0	0	0	0	0	0	0	0	0	48	48	4	5	32	0	5	0	0	12	0	0	12	0	0	36	48	0	0	24	0	0	0	12	0	0	0	0	0	0	0	0	0	0	36	48	0	0	24	0	8	10	16	0	0	0	0	0	0	0	0	0	0	0	0	0	0	0	0	0	0	48	48	4	5	32	0	0	0	0	12	0	0	12	0	0	36	48	0	0	24	0	0	0	12	0	0	0	0	0	0	0	0	0	0	36	48	0	0	24	0	0	0	12	0	0	0	0	0	0	0	0	0	0	0	0	0	0	0	0	0	0	36	48	0	0	24	0	0	0	16	0	0	0	0	0	0	0	0	0	0	0	0	0	0	0	0	0	0	0	0	0	0	0	0	0	0	48	48	0	0	32	0
55	41	4	13	125	27	0	0	84	4	13	125	0	0	41	141	0	0	125	177	13	0	0	53	0	0	84	0	0	34	58	0	0	84	53	4	13	125	0	0	0	106	0	0	0	173	0	0	41	141	0	0	125	177	0	0	0	52	0	0	53	0	0	10	58	0	0	53	53	0	0	84	0	0	0	103	0	0	0	92	0	0	34	58	0	0	84	53	0	0	125	0	0	0	15	0	0	0	0	0	0	0	106	0	0	0	173	0	0	41	141	0	0	125	177	0	0	0	52	0	0	52	0	0	10	58	0	0	52	53	0	0	53	0	0	0	103	0	0	0	92	0	0	10	58	0	0	53	53	0	0	84	0	0	0	15	0	0	0	0	0	0	0	103	0	0	0	92	0	0	34	58	0	0	84	53	0	0	0	0	0	0	0	0	0	0	0	0	0	0	15	0	0	0	0	0	0	0	106	0	0	0	173	0	0	0	141	0	0	0	177
46	34	15	20	110	22	1	0	109	15	20	110	1	0	137	11	16	20	220	0	10	0	0	106	1	0	109	0	0	136	10	1	0	218	0	12	20	110	0	0	12	35	0	0	0	0	1	0	137	11	14	20	220	0	0	0	0	102	0	0	106	0	0	130	10	0	0	212	0	0	0	109	0	0	12	31	0	0	0	0	0	0	136	10	0	0	218	0	0	0	110	0	0	0	40	0	0	0	0	0	0	12	35	0	0	0	0	0	0	137	11	0	0	220	0	0	0	0	102	0	0	102	0	0	118	10	0	0	204	0	0	0	106	0	0	12	31	0	0	0	0	0	0	130	10	0	0	212	0	0	0	109	0	0	0	40	0	0	0	0	0	0	12	31	0	0	0	0	0	0	136	10	0	0	218	0	0	0	0	0	0	0	0	0	0	0	0	0	0	0	40	0	0	0	0	0	0	0	35	0	0	0	0	0	0	0	11	0	0	0	0
56	42	3	0	133	28	0	0	105	3	0	133	0	0	12	75	0	0	0	147	14	0	0	100	0	0	105	0	0	11	58	0	0	0	46	3	0	133	0	0	0	58	0	0	0	0	0	0	12	75	0	0	0	147	0	0	0	100	0	0	100	0	0	10	58	0	0	0	46	0	0	105	0	0	0	58	0	0	0	0	0	0	11	58	0	0	0	46	0	0	133	0	0	0	0	0	0	0	0	0	0	0	58	0	0	0	0	0	0	12	75	0	0	0	147	0	0	0	100	0	0	100	0	0	10	58	0	0	0	46	0	0	100	0	0	0	58	0	0	0	0	0	0	10	58	0	0	0	46	0	0	105	0	0	0	0	0	0	0	0	0	0	0	58	0	0	0	0	0	0	11	58	0	0	0	46	0	0	0	0	0	0	0	0	0	0	0	0	0	0	0	0	0	0	0	0	0	0	58	0	0	0	0	0	0	0	75	0	0	0	147
44	33	7	0	98	22	0	0	93	7	0	98	0	0	36	75	4	0	0	0	11	0	0	87	0	0	93	0	0	35	58	0	0	0	0	7	0	98	0	0	0	69	0	0	0	0	0	0	36	75	4	0	0	0	0	0	0	87	0	0	87	0	0	32	58	0	0	0	0	0	0	93	0	0	0	69	0	0	0	0	0	0	35	58	0	0	0	0	0	0	98	0	0	0	0	0	0	0	0	0	0	0	69	0	0	0	0	0	0	36	75	0	0	0	0	0	0	0	87	0	0	87	0	0	32	58	0	0	0	0	0	0	87	0	0	0	69	0	0	0	0	0	0	32	58	0	0	0	0	0	0	93	0	0	0	0	0	0	0	0	0	0	0	69	0	0	0	0	0	0	35	58	0	0	0	0	0	0	0	0	0	0	0	0	0	0	0	0	0	0	0	0	0	0	0	0	0	0	69	0	0	0	0	0	0	0	75	0	0	0	0
47	35	10	11	97	23	0	0	94	10	11	97	0	0	96	37	7	0	97	0	11	0	0	78	0	0	94	0	0	93	10	0	0	94	0	10	11	97	0	0	0	35	0	0	0	109	0	0	96	37	7	0	97	0	0	0	0	74	0	0	78	0	0	74	10	0	0	78	0	0	0	94	0	0	0	31	0	0	0	73	0	0	93	10	0	0	94	0	0	0	97	0	0	0	40	0	0	0	0	0	0	0	35	0	0	0	109	0	0	96	37	0	0	97	0	0	0	0	74	0	0	74	0	0	62	10	0	0	74	0	0	0	78	0	0	0	31	0	0	0	73	0	0	74	10	0	0	78	0	0	0	94	0	0	0	40	0	0	0	0	0	0	0	31	0	0	0	73	0	0	93	10	0	0	94	0	0	0	0	0	0	0	0	0	0	0	0	0	0	0	40	0	0	0	0	0	0	0	35	0	0	0	109	0	0	0	37	0	0	0	0
37	24	12	22	91	11	0	0	74	11	22	91	0	0	37	89	8	11	182	110	0	0	0	74	0	0	74	0	0	36	89	0	0	148	109	0	0	91	0	0	0	0	0	0	0	0	0	0	37	89	0	0	182	110	0	0	0	72	0	0	74	0	0	36	84	0	0	148	106	0	0	74	0	0	0	0	0	0	0	0	0	0	36	89	0	0	148	109	0	0	0	0	0	0	25	0	0	0	0	0	0	0	0	0	0	0	0	0	0	0	89	0	0	0	110	0	0	0	67	0	0	72	0	0	36	76	0	0	144	102	0	0	74	0	0	0	0	0	0	0	0	0	0	36	84	0	0	148	106	0	0	0	0	0	0	21	0	0	0	0	0	0	0	0	0	0	0	0	0	0	0	89	0	0	0	109	0	0	0	0	0	0	51	0	0	0	0	0	0	0	25	0	0	0	0	0	0	0	0	0	0	0	0	0	0	0	0	0	0	0	0
50	32	20	56	120	14	0	0	119	17	56	120	0	0	97	11	12	42	480	0	0	0	0	119	0	0	119	0	0	97	11	0	0	476	0	0	0	120	0	0	0	0	0	0	0	0	0	0	97	11	0	0	480	0	0	0	0	119	0	0	119	0	0	97	11	0	0	476	0	0	0	119	0	0	0	0	0	0	0	0	0	0	97	11	0	0	476	0	0	0	0	0	0	0	0	0	0	0	0	0	0	0	0	0	0	0	0	0	0	0	11	0	0	0	0	0	0	0	111	0	0	119	0	0	97	11	0	0	476	0	0	0	119	0	0	0	0	0	0	0	0	0	0	97	11	0	0	476	0	0	0	0	0	0	0	0	0	0	0	0	0	0	0	0	0	0	0	0	0	0	0	11	0	0	0	0	0	0	0	0	0	0	64	0	0	0	0	0	0	0	0	0	0	0	0	0	0	0	0	0	0	0	0	0	0	0	0	0	0	0	0
39	26	3	0	151	13	0	0	103	3	0	151	0	0	0	181	1	0	0	332	0	0	0	96	0	0	103	0	0	0	168	0	0	0	287	0	0	151	0	0	0	77	0	0	0	0	0	0	0	181	0	0	0	332	0	0	0	66	0	0	96	0	0	0	122	0	0	0	237	0	0	103	0	0	0	10	0	0	0	0	0	0	0	168	0	0	0	287	0	0	0	0	0	0	67	0	0	0	173	0	0	0	77	0	0	0	0	0	0	0	181	0	0	0	332	0	0	0	53	0	0	66	0	0	0	114	0	0	0	228	0	0	96	0	0	0	10	0	0	0	0	0	0	0	122	0	0	0	237	0	0	0	0	0	0	31	0	0	0	92	0	0	0	10	0	0	0	0	0	0	0	168	0	0	0	287	0	0	0	0	0	0	51	0	0	0	37	0	0	0	67	0	0	0	173	0	0	0	77	0	0	0	0	0	0	0	0	0	0	0	0
41	27	9	13	112	13	0	0	109	9	13	112	0	0	0	41	6	0	112	0	0	0	0	109	0	0	109	0	0	0	41	0	0	109	0	0	0	112	0	0	0	0	0	0	0	0	0	0	0	41	0	0	112	0	0	0	0	103	0	0	109	0	0	0	39	0	0	109	0	0	0	109	0	0	0	0	0	0	0	0	0	0	0	41	0	0	109	0	0	0	0	0	0	0	64	0	0	0	0	0	0	0	0	0	0	0	0	0	0	0	41	0	0	0	0	0	0	0	63	0	0	103	0	0	0	31	0	0	103	0	0	0	109	0	0	0	0	0	0	0	0	0	0	0	39	0	0	109	0	0	0	0	0	0	0	10	0	0	0	0	0	0	0	0	0	0	0	0	0	0	0	41	0	0	0	0	0	0	0	0	0	0	116	0	0	0	201	0	0	0	64	0	0	0	0	0	0	0	0	0	0	0	0	0	0	0	0	0	0	0	0
42	27	19	36	90	12	0	0	90	17	36	90	0	0	79	0	11	24	270	0	0	0	0	90	0	0	90	0	0	79	0	0	0	270	0	0	0	90	0	0	0	0	0	0	0	0	0	0	79	0	0	0	270	0	0	0	0	90	0	0	90	0	0	79	0	0	0	270	0	0	0	90	0	0	0	0	0	0	0	0	0	0	79	0	0	0	270	0	0	0	0	0	0	0	0	0	0	0	0	0	0	0	0	0	0	0	0	0	0	0	0	0	0	0	0	0	0	0	84	0	0	90	0	0	79	0	0	0	270	0	0	0	90	0	0	0	0	0	0	0	0	0	0	79	0	0	0	270	0	0	0	0	0	0	0	0	0	0	0	0	0	0	0	0	0	0	0	0	0	0	0	0	0	0	0	0	0	0	0	0	0	0	45	0	0	0	0	0	0	0	0	0	0	0	0	0	0	0	0	0	0	0	0	0	0	0	0	0	0	0	0
27	13	5	13	102	0	0	0	68	0	0	102	0	0	15	86	0	0	102	210	0	0	0	68	0	0	68	0	0	15	86	0	0	68	209	0	0	0	0	0	0	0	0	0	0	0	0	0	0	86	0	0	0	210	0	0	0	68	0	0	68	0	0	15	86	0	0	68	209	0	0	0	0	0	0	0	0	0	0	0	0	0	0	86	0	0	0	209	0	0	0	0	0	0	0	0	0	0	0	0	0	0	0	0	0	0	0	0	0	0	0	0	0	0	0	0	0	0	68	0	0	68	0	0	15	86	0	0	68	209	0	0	0	0	0	0	0	0	0	0	0	0	0	0	86	0	0	0	209	0	0	0	0	0	0	0	0	0	0	0	0	0	0	0	0	0	0	0	0	0	0	0	0	0	0	0	0	0	0	0	0	0	0	0	0	0	0	0	0	0	0	0	0	0	0	0	0	0	0	0	0	0	0	0	0	0	0	0	0	0	0
23	11	4	11	79	0	0	0	37	0	0	79	0	0	6	49	0	0	79	301	0	0	0	36	0	0	37	0	0	6	48	0	0	37	283	0	0	0	0	0	0	12	0	0	0	0	0	0	0	49	0	0	0	301	0	0	0	36	0	0	36	0	0	6	48	0	0	36	283	0	0	0	0	0	0	12	0	0	0	0	0	0	0	48	0	0	0	283	0	0	0	0	0	0	0	0	0	0	0	0	0	0	12	0	0	0	0	0	0	0	0	0	0	0	0	0	0	0	36	0	0	36	0	0	6	48	0	0	36	281	0	0	0	0	0	0	12	0	0	0	0	0	0	0	48	0	0	0	283	0	0	0	0	0	0	0	0	0	0	0	0	0	0	12	0	0	0	0	0	0	0	0	0	0	0	0	0	0	0	0	0	0	0	0	0	0	0	0	0	0	0	0	0	0	0	0	0	0	0	0	0	0	0	0	0	0	0	0	0	0	0
15	7	4	7	28	0	0	0	12	0	0	28	0	0	6	12	0	0	28	120	0	0	0	12	0	0	12	0	0	6	12	0	0	12	119	0	0	0	0	0	0	0	0	0	0	0	0	0	0	12	0	0	0	120	0	0	0	12	0	0	12	0	0	6	12	0	0	12	119	0	0	0	0	0	0	0	0	0	0	0	0	0	0	12	0	0	0	119	0	0	0	0	0	0	0	0	0	0	0	0	0	0	0	0	0	0	0	0	0	0	0	0	0	0	0	0	0	0	12	0	0	12	0	0	6	12	0	0	12	119	0	0	0	0	0	0	0	0	0	0	0	0	0	0	12	0	0	0	119	0	0	0	0	0	0	0	0	0	0	0	0	0	0	0	0	0	0	0	0	0	0	0	0	0	0	0	0	0	0	0	0	0	0	0	0	0	0	0	0	0	0	0	0	0	0	0	0	0	0	0	0	0	0	0	0	0	0	0	0	0	0
17	8	5	8	34	0	0	0	30	0	0	34	0	0	15	30	0	0	34	0	0	0	0	30	0	0	30	0	0	15	30	0	0	30	0	0	0	0	0	0	0	0	0	0	0	0	0	0	0	30	0	0	0	0	0	0	0	30	0	0	30	0	0	15	30	0	0	30	0	0	0	0	0	0	0	0	0	0	0	0	0	0	0	30	0	0	0	0	0	0	0	0	0	0	0	0	0	0	0	0	0	0	0	0	0	0	0	0	0	0	0	0	0	0	0	0	0	0	30	0	0	30	0	0	15	30	0	0	30	0	0	0	0	0	0	0	0	0	0	0	0	0	0	0	30	0	0	0	0	0	0	0	0	0	0	0	0	0	0	0	0	0	0	0	0	0	0	0	0	0	0	0	0	0	0	0	0	0	0	0	0	0	0	0	0	0	0	0	0	0	0	0	0	0	0	0	0	0	0	0	0	0	0	0	0	0	0	0	0	0	0
22	11	4	0	76	0	0	0	21	0	0	76	0	0	0	36	0	0	0	413	0	0	0	21	0	0	21	0	0	0	36	0	0	0	392	0	0	0	0	0	0	0	0	0	0	0	0	0	0	36	0	0	0	413	0	0	0	21	0	0	21	0	0	0	36	0	0	0	392	0	0	0	0	0	0	0	0	0	0	0	0	0	0	36	0	0	0	392	0	0	0	0	0	0	0	0	0	0	0	0	0	0	0	0	0	0	0	0	0	0	0	0	0	0	0	0	0	0	21	0	0	21	0	0	0	36	0	0	0	384	0	0	0	0	0	0	0	0	0	0	0	0	0	0	36	0	0	0	392	0	0	0	0	0	0	0	0	0	0	0	0	0	0	0	0	0	0	0	0	0	0	0	0	0	0	0	0	0	0	0	0	0	0	0	0	0	0	0	0	0	0	0	0	0	0	0	0	0	0	0	0	0	0	0	0	0	0	0	0	0	0
6	0	0	0	60	0	0	0	15	0	0	0	0	0	0	42	0	0	0	243	0	0	0	15	0	0	0	0	0	0	42	0	0	0	147	0	0	0	0	0	0	0	0	0	0	0	0	0	0	0	0	0	0	0	0	0	0	15	0	0	0	0	0	0	42	0	0	0	146	0	0	0	0	0	0	0	0	0	0	0	0	0	0	0	0	0	0	0	0	0	0	0	0	0	0	0	0	0	0	0	0	0	0	0	0	0	0	0	0	0	0	0	0	0	0	0	0	0	15	0	0	0	0	0	0	42	0	0	0	146	0	0	0	0	0	0	0	0	0	0	0	0	0	0	0	0	0	0	0	0	0	0	0	0	0	0	0	0	0	0	0	0	0	0	0	0	0	0	0	0	0	0	0	0	0	0	0	0	0	0	0	0	0	0	0	0	0	0	0	0	0	0	0	0	0	0	0	0	0	0	0	0	0	0	0	0	0	0	0	0	0
