641	629	58	52	0	617	54	47	0	58	52	0	33	30	0	0	67	24	0	0	605	54	47	0	54	47	0	33	30	0	0	67	24	0	0	58	52	0	13	0	0	0	4	0	0	0	33	30	0	0	67	24	0	0	593	53	47	0	54	47	0	33	30	0	0	67	24	0	0	54	47	0	13	0	0	0	4	0	0	0	33	30	0	0	67	24	0	0	58	52	0	9	0	0	0	6	0	0	0	13	0	0	0	4	0	0	0	33	30	0	0	67	24	0	0	581	40	39	0	53	47	0	32	30	0	0	62	24	0	0	54	47	0	13	0	0	0	4	0	0	0	33	30	0	0	67	24	0	0	54	47	0	9	0	0	0	6	0	0	0	13	0	0	0	4	0	0	0	33	30	0	0	67	24	0	0	58	52	0	4	31	0	0	34	24	0	0	9	0	0	0	6	0	0	0	13	0	0	0	4	0	0	0	33	30	0	0	67	24	0	0
840	824	112	105	0	808	93	91	0	112	105	0	72	100	0	0	137	121	0	0	792	89	87	0	93	91	0	58	96	0	0	123	115	0	0	112	105	0	34	12	0	0	9	3	0	0	72	100	0	0	137	121	0	0	776	86	84	0	89	87	0	52	96	0	0	113	114	0	0	93	91	0	27	12	0	0	8	3	0	0	58	96	0	0	123	115	0	0	112	105	0	29	0	0	0	13	5	0	0	34	12	0	0	9	3	0	0	72	100	0	0	137	121	0	0	760	71	81	0	86	84	0	49	93	0	0	103	99	0	0	89	87	0	27	12	0	0	8	3	0	0	52	96	0	0	113	114	0	0	93	91	0	26	0	0	0	10	4	0	0	27	12	0	0	8	3	0	0	58	96	0	0	123	115	0	0	112	105	0	32	0	0	0	76	75	0	0	29	0	0	0	13	5	0	0	34	12	0	0	9	3	0	0	72	100	0	0	137	121	0	0
967	949	151	129	0	931	128	121	0	151	129	0	116	88	0	0	207	186	0	0	913	122	117	0	128	121	0	99	88	0	0	186	180	0	0	151	129	0	43	36	0	0	11	18	0	0	116	88	0	0	207	186	0	0	895	116	109	0	122	117	0	91	72	0	0	174	176	0	0	128	121	0	31	36	0	0	9	18	0	0	99	88	0	0	186	180	0	0	151	129	0	48	72	0	0	34	22	0	0	43	36	0	0	11	18	0	0	116	88	0	0	207	186	0	0	877	96	109	0	116	109	0	87	72	0	0	159	170	0	0	122	117	0	31	36	0	0	9	18	0	0	91	72	0	0	174	176	0	0	128	121	0	37	72	0	0	25	22	0	0	31	36	0	0	9	18	0	0	99	88	0	0	186	180	0	0	151	129	0	69	0	0	0	93	94	0	0	48	72	0	0	34	22	0	0	43	36	0	0	11	18	0	0	116	88	0	0	207	186	0	0
1191	1170	202	184	0	1149	165	156	0	202	184	0	143	107	0	0	313	275	0	0	1128	160	133	0	165	156	0	128	62	0	0	245	196	0	0	202	184	0	49	90	0	0	23	30	0	0	143	107	0	0	313	275	0	0	1107	156	113	0	160	133	0	128	36	0	0	240	139	0	0	165	156	0	42	48	0	0	14	18	0	0	128	62	0	0	245	196	0	0	202	184	0	80	90	0	0	54	32	0	0	49	90	0	0	23	30	0	0	143	107	0	0	313	275	0	0	1086	129	98	0	156	113	0	120	24	0	0	229	107	0	0	160	133	0	40	24	0	0	12	9	0	0	128	36	0	0	240	139	0	0	165	156	0	49	48	0	0	41	25	0	0	42	48	0	0	14	18	0	0	128	62	0	0	245	196	0	0	202	184	0	69	54	0	0	131	264	0	0	80	90	0	0	54	32	0	0	49	90	0	0	23	30	0	0	143	107	0	0	313	275	0	0
1017	998	164	156	0	979	135	136	0	164	156	0	120	112	0	0	282	220	0	0	960	130	134	0	135	136	0	107	106	0	0	228	195	0	0	164	156	0	60	0	0	0	20	12	0	0	120	112	0	0	282	220	0	0	941	120	127	0	130	134	0	100	106	0	0	216	191	0	0	135	136	0	46	0	0	0	14	10	0	0	107	106	0	0	228	195	0	0	164	156	0	85	55	0	0	48	102	0	0	60	0	0	0	20	12	0	0	120	112	0	0	282	220	0	0	922	97	111	0	120	127	0	89	95	0	0	193	183	0	0	130	134	0	44	0	0	0	12	10	0	0	100	106	0	0	216	191	0	0	135	136	0	54	46	0	0	35	83	0	0	46	0	0	0	14	10	0	0	107	106	0	0	228	195	0	0	164	156	0	62	103	0	0	101	154	0	0	85	55	0	0	48	102	0	0	60	0	0	0	20	12	0	0	120	112	0	0	282	220	0	0
954	937	166	113	5	920	133	87	0	166	113	5	111	90	11	0	302	134	15	0	903	130	87	0	133	87	0	102	90	0	0	233	96	0	0	165	113	5	35	0	6	0	29	0	0	0	111	90	11	0	300	134	15	0	886	124	81	0	130	87	0	102	90	0	0	224	96	0	0	132	87	0	33	0	0	0	23	0	0	0	102	90	0	0	231	96	0	0	165	113	5	74	36	0	0	50	80	0	0	35	0	6	0	29	0	0	0	111	90	11	0	300	134	15	0	869	100	66	0	124	81	0	91	84	0	0	208	87	0	0	129	87	0	23	0	0	0	18	0	0	0	102	90	0	0	222	96	0	0	132	87	0	34	0	0	0	35	66	0	0	33	0	0	0	23	0	0	0	102	90	0	0	231	96	0	0	165	113	5	54	18	18	0	84	143	10	0	74	36	0	0	50	80	0	0	35	0	6	0	29	0	0	0	111	90	11	0	300	134	15	0
971	954	145	119	5	937	110	98	0	145	119	5	97	48	11	0	255	189	15	0	920	106	88	0	110	98	0	87	33	0	0	189	136	0	0	145	119	5	27	49	6	0	27	16	5	0	97	48	11	0	255	189	15	0	903	102	75	0	106	88	0	87	31	0	0	181	118	0	0	110	98	0	25	37	0	0	20	10	0	0	87	33	0	0	189	136	0	0	145	119	5	55	92	0	0	41	52	0	0	27	49	6	0	27	16	5	0	97	48	11	0	255	189	15	0	886	80	62	0	102	75	0	76	25	0	0	170	98	0	0	106	88	0	17	27	0	0	17	0	0	0	87	31	0	0	181	118	0	0	110	98	0	19	59	0	0	33	48	0	0	25	37	0	0	20	10	0	0	87	33	0	0	189	136	0	0	145	119	5	48	15	18	0	90	121	10	0	55	92	0	0	41	52	0	0	27	49	6	0	27	16	5	0	97	48	11	0	255	189	15	0
1094	1074	150	168	5	1054	102	137	0	150	168	5	93	208	11	0	270	342	10	0	1034	97	125	0	102	137	0	80	180	0	0	172	270	0	0	147	168	5	28	118	6	0	30	29	0	0	93	208	11	0	264	342	10	0	1014	93	114	0	97	125	0	79	166	0	0	159	243	0	0	99	137	0	21	100	0	0	24	26	0	0	80	180	0	0	166	270	0	0	147	168	5	58	86	0	0	37	38	0	0	28	118	6	0	30	29	0	0	93	208	11	0	264	342	10	0	994	69	94	0	93	114	0	68	150	0	0	147	222	0	0	94	125	0	10	96	0	0	19	26	0	0	79	166	0	0	153	243	0	0	99	137	0	13	56	0	0	31	32	0	0	21	100	0	0	24	26	0	0	80	180	0	0	166	270	0	0	147	168	5	32	52	18	0	78	120	10	0	58	86	0	0	37	38	0	0	28	118	6	0	30	29	0	0	93	208	11	0	264	342	10	0
704	691	106	66	0	678	77	47	0	106	66	0	66	28	0	0	217	99	0	0	665	75	46	0	77	47	0	63	27	0	0	148	57	0	0	103	66	0	21	8	0	0	38	12	0	0	66	28	0	0	211	99	0	0	652	74	46	0	75	46	0	63	27	0	0	145	57	0	0	74	47	0	20	8	0	0	27	11	0	0	63	27	0	0	142	57	0	0	103	66	0	34	0	0	0	24	8	0	0	21	8	0	0	38	12	0	0	66	28	0	0	211	99	0	0	639	64	42	0	74	46	0	59	27	0	0	142	57	0	0	72	46	0	18	8	0	0	25	11	0	0	63	27	0	0	139	57	0	0	74	47	0	14	0	0	0	23	8	0	0	20	8	0	0	27	11	0	0	63	27	0	0	142	57	0	0	103	66	0	14	16	0	0	37	32	0	0	34	0	0	0	24	8	0	0	21	8	0	0	38	12	0	0	66	28	0	0	211	99	0	0
782	763	150	147	0	744	105	117	0	147	147	0	99	145	0	0	321	311	0	0	726	96	115	0	104	117	0	79	135	0	0	224	242	0	0	139	129	0	30	18	0	0	46	94	0	0	97	145	0	0	305	275	0	0	708	93	115	0	95	115	0	74	135	0	0	198	239	0	0	96	99	0	18	18	0	0	18	82	0	0	77	135	0	0	208	206	0	0	135	129	0	18	0	0	0	24	22	0	0	30	18	0	0	46	94	0	0	93	145	0	0	295	275	0	0	690	89	115	0	92	115	0	74	135	0	0	194	239	0	0	87	97	0	18	18	0	0	18	81	0	0	72	135	0	0	182	203	0	0	92	99	0	8	0	0	0	20	18	0	0	18	18	0	0	18	82	0	0	73	135	0	0	198	206	0	0	132	129	0	19	0	0	0	39	0	0	0	18	0	0	0	24	22	0	0	27	18	0	0	45	94	0	0	81	145	0	0	284	275	0	0
826	812	135	35	35	798	113	13	5	135	35	35	84	0	17	15	227	70	70	15	784	111	13	0	113	13	5	80	0	6	0	178	26	10	0	134	35	35	34	0	0	0	38	22	0	0	84	0	17	15	225	70	70	15	770	97	13	0	111	13	0	80	0	0	0	177	26	0	0	112	13	5	19	0	0	0	22	0	0	0	80	0	6	0	176	26	10	0	134	35	35	24	0	73	0	39	0	0	0	34	0	0	0	38	22	0	0	84	0	17	15	225	70	70	15	756	89	13	0	97	13	0	63	0	0	0	162	26	0	0	110	13	0	19	0	0	0	22	0	0	0	80	0	0	0	175	26	0	0	112	13	5	21	0	18	0	35	0	0	0	19	0	0	0	22	0	0	0	80	0	6	0	176	26	10	0	134	35	35	21	0	44	0	93	0	0	0	24	0	73	0	39	0	0	0	34	0	0	0	38	22	0	0	84	0	17	15	225	70	70	15
995	977	137	101	30	959	106	71	3	136	101	30	82	0	17	9	240	199	90	15	941	104	71	0	105	71	3	78	0	6	0	186	129	9	0	131	101	30	34	0	0	0	45	20	0	0	80	0	17	9	230	199	90	15	923	93	71	0	103	71	0	78	0	0	0	185	129	0	0	100	71	3	19	0	0	0	26	0	0	0	76	0	6	0	176	129	9	0	131	101	30	20	0	58	0	29	0	0	0	34	0	0	0	45	20	0	0	80	0	17	9	230	199	90	15	905	86	71	0	92	71	0	64	0	0	0	173	129	0	0	98	71	0	19	0	0	0	26	0	0	0	76	0	0	0	175	129	0	0	100	71	3	17	0	12	0	29	0	0	0	19	0	0	0	26	0	0	0	76	0	6	0	176	129	9	0	131	101	30	14	0	39	0	74	0	0	0	20	0	58	0	29	0	0	0	34	0	0	0	45	20	0	0	80	0	17	9	230	199	90	15
911	892	136	143	9	873	96	109	3	136	143	9	61	60	12	9	204	264	45	0	854	91	104	0	96	109	3	46	60	6	0	150	156	15	0	135	143	9	20	30	0	0	33	41	0	0	61	60	12	9	202	264	45	0	835	85	98	0	91	104	0	46	60	0	0	147	156	0	0	95	109	3	7	0	0	0	19	15	0	0	46	60	6	0	148	156	15	0	135	143	9	12	0	24	0	18	30	9	0	20	30	0	0	33	41	0	0	61	60	12	9	202	264	45	0	816	79	98	0	85	98	0	42	60	0	0	140	156	0	0	90	104	0	7	0	0	0	19	15	0	0	46	60	0	0	145	156	0	0	95	109	3	10	0	12	0	12	30	3	0	7	0	0	0	19	15	0	0	46	60	6	0	148	156	15	0	134	143	9	29	0	6	0	43	55	0	0	12	0	24	0	18	30	9	0	20	30	0	0	33	41	0	0	61	60	12	9	201	264	45	0
729	712	124	113	13	695	89	100	0	124	113	13	67	74	0	0	218	243	13	5	678	85	99	0	89	100	0	59	72	0	0	147	216	0	0	121	113	13	21	13	0	0	40	40	0	0	67	74	0	0	212	243	13	5	661	79	99	0	85	99	0	58	72	0	0	141	215	0	0	86	100	0	8	13	0	0	18	24	0	0	59	72	0	0	141	216	0	0	121	113	13	15	0	12	0	25	38	0	0	21	13	0	0	40	40	0	0	67	74	0	0	212	243	13	5	644	77	99	0	79	99	0	56	72	0	0	131	215	0	0	82	99	0	8	13	0	0	18	23	0	0	58	72	0	0	135	215	0	0	86	100	0	15	0	0	0	17	36	0	0	8	13	0	0	18	24	0	0	59	72	0	0	141	216	0	0	120	113	13	24	0	10	0	37	0	0	0	15	0	12	0	25	38	0	0	21	13	0	0	40	40	0	0	67	74	0	0	211	243	13	5
881	862	132	137	12	843	85	107	0	131	137	12	69	32	5	0	242	412	48	5	824	77	107	0	84	107	0	43	32	0	0	158	322	0	0	123	137	12	21	0	0	0	35	81	0	0	67	32	5	0	226	412	48	5	805	72	107	0	76	107	0	39	32	0	0	143	322	0	0	76	107	0	7	0	0	0	14	60	0	0	41	32	0	0	142	322	0	0	123	137	12	11	0	10	0	21	30	0	0	21	0	0	0	35	81	0	0	67	32	5	0	226	412	48	5	786	70	107	0	71	107	0	37	32	0	0	137	322	0	0	68	107	0	7	0	0	0	14	60	0	0	37	32	0	0	127	322	0	0	76	107	0	10	0	0	0	14	28	0	0	7	0	0	0	14	60	0	0	41	32	0	0	142	322	0	0	122	137	12	12	0	9	0	36	0	0	0	11	0	10	0	21	30	0	0	21	0	0	0	34	81	0	0	67	32	5	0	224	412	48	5
903	886	98	97	25	869	74	52	9	98	97	25	46	40	3	18	103	129	125	21	852	62	44	6	74	52	9	33	0	3	9	94	89	45	3	98	97	25	0	0	54	9	7	0	25	0	46	40	3	18	103	129	125	21	835	61	44	0	62	44	6	29	0	3	0	89	89	30	0	74	52	9	0	0	36	0	7	0	9	0	33	0	3	9	94	89	45	3	98	97	25	6	0	9	0	11	0	0	0	0	0	54	9	7	0	25	0	46	40	3	18	103	129	125	21	818	56	44	0	61	44	0	29	0	0	0	88	89	0	0	62	44	6	0	0	24	0	7	0	6	0	29	0	3	0	89	89	30	0	74	52	9	6	0	6	0	9	0	0	0	0	0	36	0	7	0	9	0	33	0	3	9	94	89	45	3	98	97	25	36	0	0	0	75	65	0	0	6	0	9	0	11	0	0	0	0	0	54	9	7	0	25	0	46	40	3	18	103	129	125	21
1093	1074	102	112	58	1055	79	82	11	102	112	58	44	104	0	33	145	110	116	99	1036	70	60	3	79	82	11	34	60	0	9	131	86	22	11	102	112	58	7	0	58	9	8	0	116	5	44	104	0	33	145	110	116	99	1017	67	56	0	70	60	3	28	60	0	0	125	75	6	0	79	82	11	6	0	34	0	8	0	22	0	34	60	0	9	131	86	22	11	102	112	58	11	52	17	0	16	13	0	0	7	0	58	9	8	0	116	5	44	104	0	33	145	110	116	99	998	59	48	0	67	56	0	25	52	0	0	120	65	0	0	70	60	3	6	0	12	0	8	0	6	0	28	60	0	0	125	75	6	0	79	82	11	8	44	11	0	15	11	0	0	6	0	34	0	8	0	22	0	34	60	0	9	131	86	22	11	102	112	58	21	96	0	0	58	104	0	0	11	52	17	0	16	13	0	0	7	0	58	9	8	0	116	5	44	104	0	33	145	110	116	99
724	711	67	48	34	698	46	32	0	67	48	34	31	0	0	0	97	66	68	86	685	41	32	0	46	32	0	17	0	0	0	81	66	0	11	65	48	34	0	0	6	0	8	0	0	0	31	0	0	0	93	66	68	86	672	41	32	0	41	32	0	17	0	0	0	80	66	0	0	44	32	0	0	0	0	0	6	0	0	0	17	0	0	0	77	66	0	11	65	48	34	6	0	0	0	6	0	0	0	0	0	6	0	8	0	0	0	31	0	0	0	93	66	68	86	659	41	28	0	41	32	0	17	0	0	0	80	66	0	0	39	32	0	0	0	0	0	6	0	0	0	17	0	0	0	76	66	0	0	44	32	0	6	0	0	0	6	0	0	0	0	0	0	0	6	0	0	0	17	0	0	0	77	66	0	11	65	48	34	20	32	0	0	23	0	0	0	6	0	0	0	6	0	0	0	0	0	6	0	8	0	0	0	31	0	0	0	93	66	68	86
643	630	67	53	23	617	44	30	0	67	53	23	29	20	0	0	103	94	69	51	604	39	30	0	44	30	0	15	20	0	0	72	90	0	6	67	53	23	3	0	6	0	9	0	0	0	29	20	0	0	103	94	69	51	591	38	30	0	39	30	0	15	20	0	0	71	90	0	0	44	30	0	0	0	0	0	6	0	0	0	15	20	0	0	72	90	0	6	67	53	23	6	0	0	0	5	10	0	0	3	0	6	0	9	0	0	0	29	20	0	0	103	94	69	51	578	38	30	0	38	30	0	15	20	0	0	69	90	0	0	39	30	0	0	0	0	0	6	0	0	0	15	20	0	0	71	90	0	0	44	30	0	6	0	0	0	5	10	0	0	0	0	0	0	6	0	0	0	15	20	0	0	72	90	0	6	67	53	23	24	0	0	0	23	0	0	0	6	0	0	0	5	10	0	0	3	0	6	0	9	0	0	0	29	20	0	0	103	94	69	51
856	841	58	83	6	826	38	49	0	58	83	6	20	69	0	0	59	58	30	9	811	34	44	0	38	49	0	11	44	0	0	52	33	0	3	58	83	6	0	0	6	0	1	0	6	0	20	69	0	0	59	58	30	9	796	34	42	0	34	44	0	11	44	0	0	51	33	0	0	38	49	0	0	0	0	0	1	0	0	0	11	44	0	0	52	33	0	3	58	83	6	4	20	0	0	4	0	0	0	0	0	6	0	1	0	6	0	20	69	0	0	59	58	30	9	781	29	30	0	34	42	0	11	40	0	0	51	30	0	0	34	44	0	0	0	0	0	1	0	0	0	11	44	0	0	51	33	0	0	38	49	0	4	10	0	0	4	0	0	0	0	0	0	0	1	0	0	0	11	44	0	0	52	33	0	3	58	83	6	24	70	0	0	38	50	0	0	4	20	0	0	4	0	0	0	0	0	6	0	1	0	6	0	20	69	0	0	59	58	30	9
680	668	47	37	28	656	34	21	3	47	37	28	18	0	51	3	36	22	56	89	644	34	21	3	34	21	3	18	0	12	3	34	22	6	20	47	37	28	0	0	0	0	0	0	0	0	18	0	51	3	36	22	56	89	632	34	21	3	34	21	3	18	0	12	3	34	22	6	9	34	21	3	0	0	0	0	0	0	0	0	18	0	12	3	34	22	6	20	47	37	28	6	0	0	0	2	0	0	0	0	0	0	0	0	0	0	0	18	0	51	3	36	22	56	89	620	22	18	0	34	21	3	18	0	12	0	34	22	6	0	34	21	3	0	0	0	0	0	0	0	0	18	0	12	3	34	22	6	9	34	21	3	0	0	0	0	0	0	0	0	0	0	0	0	0	0	0	0	18	0	12	3	34	22	6	20	47	37	28	15	26	32	0	45	64	0	0	6	0	0	0	2	0	0	0	0	0	0	0	0	0	0	0	18	0	51	3	36	22	56	89
464	456	27	0	39	448	21	0	0	27	0	39	11	0	35	0	34	0	0	146	440	21	0	0	21	0	0	11	0	0	0	33	0	0	20	27	0	39	0	0	0	0	0	0	0	0	11	0	35	0	34	0	0	146	432	21	0	0	21	0	0	11	0	0	0	33	0	0	9	21	0	0	0	0	0	0	0	0	0	0	11	0	0	0	33	0	0	20	27	0	39	6	0	0	0	2	0	0	0	0	0	0	0	0	0	0	0	11	0	35	0	34	0	0	146	424	15	0	0	21	0	0	11	0	0	0	33	0	0	0	21	0	0	0	0	0	0	0	0	0	0	11	0	0	0	33	0	0	9	21	0	0	0	0	0	0	1	0	0	0	0	0	0	0	0	0	0	0	11	0	0	0	33	0	0	20	27	0	39	9	0	48	0	26	0	0	0	6	0	0	0	2	0	0	0	0	0	0	0	0	0	0	0	11	0	35	0	34	0	0	146
441	432	21	15	28	423	15	14	0	21	15	28	6	7	13	0	26	14	0	88	414	15	14	0	15	14	0	6	7	0	0	26	14	0	9	21	15	28	0	0	0	0	0	0	0	0	6	7	13	0	26	14	0	88	405	15	14	0	15	14	0	6	7	0	0	26	14	0	6	15	14	0	0	0	0	0	0	0	0	0	6	7	0	0	26	14	0	9	21	15	28	2	0	0	0	1	0	0	0	0	0	0	0	0	0	0	0	6	7	13	0	26	14	0	88	396	11	14	0	15	14	0	6	7	0	0	26	14	0	0	15	14	0	0	0	0	0	0	0	0	0	6	7	0	0	26	14	0	6	15	14	0	0	0	0	0	1	0	0	0	0	0	0	0	0	0	0	0	6	7	0	0	26	14	0	9	21	15	28	5	0	26	0	18	0	0	0	2	0	0	0	1	0	0	0	0	0	0	0	0	0	0	0	6	7	13	0	26	14	0	88
406	399	24	0	20	392	17	0	0	24	0	20	7	0	13	0	22	0	0	54	385	17	0	0	17	0	0	7	0	0	0	22	0	0	9	24	0	20	0	0	0	0	0	0	0	0	7	0	13	0	22	0	0	54	378	17	0	0	17	0	0	7	0	0	0	22	0	0	6	17	0	0	0	0	0	0	0	0	0	0	7	0	0	0	22	0	0	9	24	0	20	2	0	0	0	1	0	0	0	0	0	0	0	0	0	0	0	7	0	13	0	22	0	0	54	371	15	0	0	17	0	0	7	0	0	0	22	0	0	0	17	0	0	0	0	0	0	0	0	0	0	7	0	0	0	22	0	0	6	17	0	0	0	0	0	0	1	0	0	0	0	0	0	0	0	0	0	0	7	0	0	0	22	0	0	9	24	0	20	14	0	10	0	30	0	0	0	2	0	0	0	1	0	0	0	0	0	0	0	0	0	0	0	7	0	13	0	22	0	0	54
562	552	28	33	13	542	24	21	0	28	33	13	9	0	13	0	22	0	39	31	532	24	21	0	24	21	0	9	0	0	0	22	0	0	9	28	33	13	5	0	0	0	1	0	0	0	9	0	13	0	22	0	39	31	522	24	21	0	24	21	0	9	0	0	0	22	0	0	6	24	21	0	5	0	0	0	1	0	0	0	9	0	0	0	22	0	0	9	28	33	13	3	0	0	0	2	0	0	0	5	0	0	0	1	0	0	0	9	0	13	0	22	0	39	31	512	10	12	0	24	21	0	9	0	0	0	22	0	0	0	24	21	0	5	0	0	0	1	0	0	0	9	0	0	0	22	0	0	6	24	21	0	1	0	0	0	2	0	0	0	5	0	0	0	1	0	0	0	9	0	0	0	22	0	0	9	28	33	13	9	36	10	0	18	48	0	0	3	0	0	0	2	0	0	0	5	0	0	0	1	0	0	0	9	0	13	0	22	0	39	31
558	548	40	21	23	538	40	21	10	40	21	23	27	0	0	4	39	0	0	41	528	40	21	9	40	21	10	27	0	0	3	39	0	0	3	40	21	23	9	0	0	3	3	0	0	0	27	0	0	4	39	0	0	41	518	40	21	9	40	21	9	27	0	0	3	39	0	0	3	40	21	10	9	0	0	3	3	0	0	0	27	0	0	3	39	0	0	3	40	21	23	9	0	0	0	4	0	0	0	9	0	0	3	3	0	0	0	27	0	0	4	39	0	0	41	508	26	0	9	40	21	9	27	0	0	3	39	0	0	3	40	21	9	9	0	0	3	3	0	0	0	27	0	0	3	39	0	0	3	40	21	10	9	0	0	0	4	0	0	0	9	0	0	3	3	0	0	0	27	0	0	3	39	0	0	3	40	21	23	10	0	22	0	2	0	69	0	9	0	0	0	4	0	0	0	9	0	0	3	3	0	0	0	27	0	0	4	39	0	0	41
1006	988	73	65	81	970	67	65	56	73	65	81	48	0	11	91	87	52	0	41	952	67	65	24	67	65	56	48	0	11	3	76	52	0	3	73	65	81	12	0	0	51	4	0	0	89	48	0	11	91	87	52	0	41	934	62	65	15	67	65	24	48	0	9	3	76	52	0	3	67	65	56	11	0	0	15	4	0	0	20	48	0	11	3	76	52	0	3	73	65	81	12	0	46	18	11	0	0	9	12	0	0	51	4	0	0	89	48	0	11	91	87	52	0	41	916	43	0	12	62	65	15	37	0	6	3	65	52	0	3	67	65	24	11	0	0	9	4	0	0	9	48	0	9	3	76	52	0	3	67	65	56	9	0	32	9	7	0	0	3	11	0	0	15	4	0	0	20	48	0	11	3	76	52	0	3	73	65	81	12	0	68	9	12	0	405	0	12	0	46	18	11	0	0	9	12	0	0	51	4	0	0	89	48	0	11	91	87	52	0	41
934	917	81	85	32	900	69	80	27	81	85	32	53	54	17	4	105	83	0	13	883	68	75	24	69	80	27	52	50	17	3	85	74	0	0	81	85	32	12	55	0	21	6	15	0	0	53	54	17	4	105	83	0	13	866	65	74	20	68	75	24	51	50	15	3	85	70	0	0	69	80	27	8	54	0	15	4	14	0	0	52	50	17	3	85	74	0	0	81	85	32	19	14	0	23	22	29	0	0	12	55	0	21	6	15	0	0	53	54	17	4	105	83	0	13	849	48	30	14	65	74	20	48	50	11	3	82	70	0	0	68	75	24	8	50	0	9	4	10	0	0	51	50	15	3	85	70	0	0	69	80	27	12	10	0	11	14	24	0	0	8	54	0	15	4	14	0	0	52	50	17	3	85	74	0	0	81	85	32	23	40	14	15	29	0	128	0	19	14	0	23	22	29	0	0	12	55	0	21	6	15	0	0	53	54	17	4	105	83	0	13
1000	982	101	94	65	964	80	74	62	101	94	65	70	114	59	26	152	163	65	0	946	78	71	47	80	74	62	64	108	59	3	117	136	62	0	101	94	65	25	35	16	29	10	0	0	58	70	114	59	26	152	163	65	0	928	69	57	35	78	71	47	60	105	56	3	111	129	47	0	80	74	62	13	24	16	20	6	0	0	11	64	108	59	3	117	136	62	0	101	94	65	24	33	69	68	34	27	65	0	25	35	16	29	10	0	0	58	70	114	59	26	152	163	65	0	910	51	22	12	69	57	35	50	66	40	3	95	92	35	0	78	71	47	11	22	16	9	6	0	0	3	60	105	56	3	111	129	47	0	80	74	62	13	0	65	11	21	13	62	0	13	24	16	20	6	0	0	11	64	108	59	3	117	136	62	0	101	94	65	20	22	34	15	47	44	195	15	24	33	69	68	34	27	65	0	25	35	16	29	10	0	0	58	70	114	59	26	152	163	65	0
1023	1004	106	135	47	985	79	107	47	106	135	47	65	128	59	0	183	222	94	0	966	76	105	44	79	107	47	58	120	59	0	130	180	94	0	106	135	47	29	20	16	26	13	16	0	0	65	128	59	0	183	222	94	0	947	64	101	32	76	105	44	53	120	56	0	124	178	88	0	79	107	47	14	20	16	17	5	12	0	0	58	120	59	0	130	180	94	0	106	135	47	28	32	43	68	36	78	0	0	29	20	16	26	13	16	0	0	65	128	59	0	183	222	94	0	928	47	75	9	64	101	32	37	104	40	0	102	170	64	0	76	105	44	12	20	16	6	5	10	0	0	53	120	56	0	124	178	88	0	79	107	47	15	0	43	11	22	56	0	0	14	20	16	17	5	12	0	0	58	120	59	0	130	180	94	0	106	135	47	14	97	8	15	42	90	94	15	28	32	43	68	36	78	0	0	29	20	16	26	13	16	0	0	65	128	59	0	183	222	94	0
876	860	86	69	83	844	62	55	51	86	69	83	56	44	28	114	153	185	83	112	828	54	54	51	62	55	51	47	44	24	114	98	154	51	109	86	69	83	15	10	72	0	11	0	0	0	56	44	28	114	153	185	83	112	812	45	40	48	54	54	51	41	40	24	104	84	151	51	91	62	55	51	6	0	51	0	5	0	0	0	47	44	24	114	98	154	51	109	86	69	83	11	40	59	26	23	12	83	0	15	10	72	0	11	0	0	0	56	44	28	114	153	185	83	112	796	35	0	32	45	40	48	23	0	24	73	67	110	48	67	54	54	51	3	0	51	0	5	0	0	0	41	40	24	104	84	151	51	91	62	55	51	4	0	8	17	18	11	51	0	6	0	51	0	5	0	0	0	47	44	24	114	98	154	51	109	86	69	83	8	0	54	84	14	0	332	0	11	40	59	26	23	12	83	0	15	10	72	0	11	0	0	0	56	44	28	114	153	185	83	112
645	633	60	48	18	621	31	39	8	60	48	18	31	21	20	16	119	122	18	47	609	28	38	8	31	39	8	23	21	16	16	61	103	8	47	60	48	18	16	6	20	0	8	0	0	0	31	21	20	16	119	122	18	47	597	21	29	8	28	38	8	20	18	16	16	55	100	8	44	31	39	8	4	0	16	0	4	0	0	0	23	21	16	16	61	103	8	47	60	48	18	8	18	26	0	9	8	18	0	16	6	20	0	8	0	0	0	31	21	20	16	119	122	18	47	585	12	11	6	21	29	8	7	0	16	12	39	75	8	32	28	38	8	3	0	16	0	4	0	0	0	20	18	16	16	55	100	8	44	31	39	8	0	0	8	0	5	7	8	0	4	0	16	0	4	0	0	0	23	21	16	16	61	103	8	47	60	48	18	2	0	32	12	2	0	54	0	8	18	26	0	9	8	18	0	16	6	20	0	8	0	0	0	31	21	20	16	119	122	18	47
659	647	49	50	10	635	23	24	8	49	50	10	14	39	20	16	87	114	40	0	623	21	14	8	23	24	8	10	14	16	16	47	62	32	0	49	50	10	7	29	20	0	6	0	10	0	14	39	20	16	87	114	40	0	611	17	5	8	21	14	8	8	5	16	16	44	33	32	0	23	24	8	0	5	16	0	5	0	8	0	10	14	16	16	47	62	32	0	49	50	10	7	20	10	0	4	0	10	0	7	29	20	0	6	0	10	0	14	39	20	16	87	114	40	0	599	10	0	6	17	5	8	1	0	16	12	32	10	32	0	21	14	8	0	0	16	0	5	0	8	0	8	5	16	16	44	33	32	0	23	24	8	0	0	8	0	2	0	8	0	0	5	16	0	5	0	8	0	10	14	16	16	47	62	32	0	49	50	10	0	0	0	12	0	0	10	0	7	20	10	0	4	0	10	0	7	29	20	0	6	0	10	0	14	39	20	16	87	114	40	0
386	379	28	15	0	372	13	6	0	28	15	0	9	0	0	0	51	27	0	0	365	12	3	0	13	6	0	5	0	0	0	25	18	0	0	28	15	0	6	9	0	0	4	0	0	0	9	0	0	0	51	27	0	0	358	10	0	0	12	3	0	4	0	0	0	22	9	0	0	13	6	0	1	0	0	0	4	0	0	0	5	0	0	0	25	18	0	0	28	15	0	7	0	0	0	2	0	0	0	6	9	0	0	4	0	0	0	9	0	0	0	51	27	0	0	351	6	0	0	10	0	0	0	0	0	0	16	0	0	0	12	3	0	0	0	0	0	4	0	0	0	4	0	0	0	22	9	0	0	13	6	0	0	0	0	0	1	0	0	0	1	0	0	0	4	0	0	0	5	0	0	0	25	18	0	0	28	15	0	0	0	0	0	0	0	0	0	7	0	0	0	2	0	0	0	6	9	0	0	4	0	0	0	9	0	0	0	51	27	0	0
442	433	31	26	0	424	13	14	0	31	26	0	9	0	0	0	51	42	0	0	415	11	14	0	13	14	0	5	0	0	0	26	21	0	0	31	26	0	9	0	0	0	3	7	0	0	9	0	0	0	51	42	0	0	406	8	14	0	11	14	0	4	0	0	0	22	21	0	0	13	14	0	1	0	0	0	3	7	0	0	5	0	0	0	26	21	0	0	31	26	0	7	0	0	0	1	0	0	0	9	0	0	0	3	7	0	0	9	0	0	0	51	42	0	0	397	4	14	0	8	14	0	0	0	0	0	13	21	0	0	11	14	0	0	0	0	0	3	7	0	0	4	0	0	0	22	21	0	0	13	14	0	0	0	0	0	1	0	0	0	1	0	0	0	3	7	0	0	5	0	0	0	26	21	0	0	31	26	0	0	0	0	0	0	0	0	0	7	0	0	0	1	0	0	0	9	0	0	0	3	7	0	0	9	0	0	0	51	42	0	0
740	726	46	35	49	712	30	13	18	46	35	49	19	0	40	38	81	33	98	111	698	24	13	16	30	13	18	16	0	28	32	64	0	36	67	46	35	49	1	0	37	16	11	13	0	0	19	0	40	38	81	33	98	111	684	16	13	16	24	13	16	8	0	24	32	48	0	32	67	30	13	18	0	0	10	16	11	13	0	0	16	0	28	32	64	0	36	67	46	35	49	0	0	63	0	3	0	0	0	1	0	37	16	11	13	0	0	19	0	40	38	81	33	98	111	670	16	13	16	16	13	16	8	0	24	32	28	0	32	64	24	13	16	0	0	8	16	11	13	0	0	8	0	24	32	48	0	32	67	30	13	18	0	0	0	0	3	0	0	0	0	0	10	16	11	13	0	0	16	0	28	32	64	0	36	67	46	35	49	0	0	0	0	0	0	0	0	0	0	63	0	3	0	0	0	1	0	37	16	11	13	0	0	19	0	40	38	81	33	98	111
601	590	33	28	21	579	19	0	10	33	28	21	11	0	31	30	52	28	84	10	568	17	0	8	19	0	10	8	0	20	24	36	0	40	8	33	28	21	1	0	18	16	11	0	0	0	11	0	31	30	52	28	84	10	557	16	0	8	17	0	8	7	0	16	24	30	0	32	8	19	0	10	0	0	10	16	11	0	0	0	8	0	20	24	36	0	40	8	33	28	21	0	0	5	0	1	0	0	0	1	0	18	16	11	0	0	0	11	0	31	30	52	28	84	10	546	16	0	8	16	0	8	7	0	16	24	28	0	32	8	17	0	8	0	0	8	16	11	0	0	0	7	0	16	24	30	0	32	8	19	0	10	0	0	0	0	1	0	0	0	0	0	10	16	11	0	0	0	8	0	20	24	36	0	40	8	33	28	21	0	0	0	0	0	0	0	0	0	0	5	0	1	0	0	0	1	0	18	16	11	0	0	0	11	0	31	30	52	28	84	10
385	378	21	0	11	371	9	0	0	21	0	11	2	0	5	0	29	0	0	10	364	7	0	0	9	0	0	1	0	0	0	15	0	0	8	21	0	11	1	0	8	0	4	0	0	0	2	0	5	0	29	0	0	10	357	6	0	0	7	0	0	0	0	0	0	9	0	0	8	9	0	0	0	0	0	0	4	0	0	0	1	0	0	0	15	0	0	8	21	0	11	0	0	5	0	0	0	0	0	1	0	8	0	4	0	0	0	2	0	5	0	29	0	0	10	350	6	0	0	6	0	0	0	0	0	0	7	0	0	8	7	0	0	0	0	0	0	4	0	0	0	0	0	0	0	9	0	0	8	9	0	0	0	0	0	0	0	0	0	0	0	0	0	0	4	0	0	0	1	0	0	0	15	0	0	8	21	0	11	0	0	0	0	0	0	0	0	0	0	5	0	0	0	0	0	1	0	8	0	4	0	0	0	2	0	5	0	29	0	0	10
493	483	27	23	11	473	15	16	0	27	23	11	9	0	5	0	43	8	11	10	463	11	16	0	15	16	0	7	0	0	0	27	8	0	8	26	23	11	1	0	8	0	8	16	0	0	9	0	5	0	41	8	11	10	453	10	16	0	11	16	0	6	0	0	0	19	8	0	8	14	16	0	0	0	0	0	8	16	0	0	7	0	0	0	25	8	0	8	26	23	11	0	0	5	0	1	0	0	0	1	0	8	0	8	16	0	0	9	0	5	0	41	8	11	10	443	10	16	0	10	16	0	6	0	0	0	17	8	0	8	10	16	0	0	0	0	0	8	16	0	0	6	0	0	0	17	8	0	8	14	16	0	0	0	0	0	1	0	0	0	0	0	0	0	8	16	0	0	7	0	0	0	25	8	0	8	26	23	11	0	0	0	0	0	0	0	0	0	0	5	0	1	0	0	0	1	0	8	0	8	16	0	0	9	0	5	0	41	8	11	10
464	455	27	24	0	446	13	8	0	27	24	0	6	0	0	0	37	40	0	0	437	13	8	0	13	8	0	6	0	0	0	23	24	0	0	25	24	0	0	0	0	0	11	0	0	0	6	0	0	0	33	40	0	0	428	13	8	0	13	8	0	6	0	0	0	23	24	0	0	11	8	0	0	0	0	0	9	0	0	0	6	0	0	0	19	24	0	0	25	24	0	0	0	0	0	1	0	0	0	0	0	0	0	11	0	0	0	6	0	0	0	33	40	0	0	419	13	8	0	13	8	0	6	0	0	0	23	24	0	0	11	8	0	0	0	0	0	9	0	0	0	6	0	0	0	19	24	0	0	11	8	0	0	0	0	0	1	0	0	0	0	0	0	0	9	0	0	0	6	0	0	0	19	24	0	0	25	24	0	0	0	0	0	0	0	0	0	0	0	0	0	1	0	0	0	0	0	0	0	11	0	0	0	6	0	0	0	33	40	0	0
840	822	58	71	87	804	42	65	55	57	71	87	41	78	15	35	102	120	0	81	786	36	65	50	41	65	55	24	78	13	28	82	117	0	28	50	71	87	6	0	0	49	21	84	0	0	39	78	15	35	88	120	0	81	768	35	65	46	35	65	50	20	78	10	24	69	117	0	24	34	65	55	2	0	0	41	14	78	0	0	22	78	13	28	68	117	0	28	50	71	87	0	0	0	34	4	13	0	0	6	0	0	49	21	84	0	0	39	78	15	35	88	120	0	81	750	35	65	46	34	65	46	20	78	8	24	68	117	0	24	28	65	50	2	0	0	41	14	78	0	0	18	78	10	24	55	117	0	24	34	65	55	0	0	0	34	4	13	0	0	2	0	0	41	14	78	0	0	22	78	13	28	68	117	0	28	50	71	87	0	0	0	0	2	0	0	0	0	0	0	34	4	13	0	0	6	0	0	49	21	84	0	0	39	78	15	35	88	120	0	81
889	872	37	55	98	855	21	16	70	37	55	98	15	0	90	46	61	87	294	70	838	18	16	60	21	16	70	8	0	84	20	40	48	210	28	35	55	98	0	0	33	52	10	0	0	10	15	0	90	46	57	87	294	70	821	18	16	43	18	16	60	8	0	73	16	34	48	180	24	19	16	70	0	0	29	33	8	0	0	8	8	0	84	20	36	48	210	28	35	55	98	0	0	0	60	5	0	0	65	0	0	33	52	10	0	0	10	15	0	90	46	57	87	294	70	804	18	16	41	18	16	43	8	0	34	16	34	48	129	24	16	16	60	0	0	22	33	8	0	0	8	8	0	73	16	30	48	180	24	19	16	70	0	0	0	56	4	0	0	62	0	0	29	33	8	0	0	8	8	0	84	20	36	48	210	28	35	55	98	0	0	0	22	2	0	0	0	0	0	0	60	5	0	0	65	0	0	33	52	10	0	0	10	15	0	90	46	57	87	294	70
674	661	33	32	72	648	22	12	72	33	32	72	9	0	52	0	59	36	144	0	635	22	12	71	22	12	72	9	0	52	0	52	36	144	0	31	32	72	0	0	0	11	13	0	0	0	9	0	52	0	55	36	144	0	622	22	12	66	22	12	71	9	0	52	0	52	36	142	0	20	12	72	0	0	0	9	11	0	0	0	9	0	52	0	48	36	144	0	31	32	72	0	0	0	54	5	0	0	0	0	0	0	11	13	0	0	0	9	0	52	0	55	36	144	0	609	22	12	57	22	12	66	9	0	46	0	52	36	132	0	20	12	71	0	0	0	9	11	0	0	0	9	0	52	0	48	36	142	0	20	12	72	0	0	0	45	5	0	0	0	0	0	0	9	11	0	0	0	9	0	52	0	48	36	144	0	31	32	72	0	0	0	63	2	0	0	0	0	0	0	54	5	0	0	0	0	0	0	11	13	0	0	0	9	0	52	0	55	36	144	0
513	503	22	17	32	493	12	9	21	22	17	32	6	0	22	0	35	27	32	21	483	12	9	21	12	9	21	6	0	22	0	28	27	21	10	20	17	32	0	0	0	0	8	0	0	0	6	0	22	0	31	27	32	21	473	12	9	20	12	9	21	6	0	22	0	28	27	21	8	10	9	21	0	0	0	0	6	0	0	0	6	0	22	0	24	27	21	10	20	17	32	0	0	0	10	1	0	0	0	0	0	0	0	8	0	0	0	6	0	22	0	31	27	32	21	463	12	9	13	12	9	20	6	0	20	0	28	27	20	8	10	9	21	0	0	0	0	6	0	0	0	6	0	22	0	24	27	21	8	10	9	21	0	0	0	5	1	0	0	0	0	0	0	0	6	0	0	0	6	0	22	0	24	27	21	10	20	17	32	0	0	0	41	0	0	0	0	0	0	0	10	1	0	0	0	0	0	0	0	8	0	0	0	6	0	22	0	31	27	32	21
352	345	20	6	11	338	11	6	0	20	6	11	6	0	0	0	32	18	0	21	331	11	6	0	11	6	0	6	0	0	0	25	18	0	10	18	6	11	0	0	0	0	8	0	0	0	6	0	0	0	28	18	0	21	324	11	6	0	11	6	0	6	0	0	0	25	18	0	8	9	6	0	0	0	0	0	6	0	0	0	6	0	0	0	21	18	0	10	18	6	11	0	0	0	0	1	0	0	0	0	0	0	0	8	0	0	0	6	0	0	0	28	18	0	21	317	11	6	0	11	6	0	6	0	0	0	25	18	0	8	9	6	0	0	0	0	0	6	0	0	0	6	0	0	0	21	18	0	8	9	6	0	0	0	0	0	1	0	0	0	0	0	0	0	6	0	0	0	6	0	0	0	21	18	0	10	18	6	11	0	0	0	0	0	0	0	0	0	0	0	0	1	0	0	0	0	0	0	0	8	0	0	0	6	0	0	0	28	18	0	21
477	468	13	0	42	459	8	0	42	13	0	42	6	0	10	0	16	0	0	0	450	7	0	42	8	0	42	5	0	10	0	5	0	0	0	13	0	42	1	0	10	0	1	0	0	0	6	0	10	0	16	0	0	0	441	7	0	42	7	0	42	5	0	10	0	4	0	0	0	8	0	42	1	0	10	0	1	0	0	0	5	0	10	0	5	0	0	0	13	0	42	1	0	0	0	4	0	0	0	1	0	10	0	1	0	0	0	6	0	10	0	16	0	0	0	432	1	0	6	7	0	42	5	0	10	0	4	0	0	0	7	0	42	0	0	10	0	0	0	0	0	5	0	10	0	4	0	0	0	8	0	42	0	0	0	0	1	0	0	0	1	0	10	0	1	0	0	0	5	0	10	0	5	0	0	0	13	0	42	0	0	35	18	0	0	0	136	1	0	0	0	4	0	0	0	1	0	10	0	1	0	0	0	6	0	10	0	16	0	0	0
845	829	37	39	110	813	14	0	93	37	39	110	8	0	151	51	74	91	330	98	797	12	0	82	14	0	93	3	0	148	43	19	0	279	70	37	39	110	4	0	20	71	7	0	0	0	8	0	151	51	74	91	330	98	781	11	0	52	12	0	82	3	0	137	31	17	0	246	60	14	0	93	2	0	20	20	3	0	0	0	3	0	148	43	19	0	279	70	37	39	110	1	0	0	57	13	13	0	111	4	0	20	71	7	0	0	0	8	0	151	51	74	91	330	98	765	10	0	8	11	0	52	3	0	64	16	17	0	156	43	12	0	82	1	0	20	16	1	0	0	0	3	0	137	31	17	0	246	60	14	0	93	0	0	0	24	4	0	0	67	2	0	20	20	3	0	0	0	3	0	148	43	19	0	279	70	37	39	110	2	0	10	16	2	0	0	225	1	0	0	57	13	13	0	111	4	0	20	71	7	0	0	0	8	0	151	51	74	91	330	98
583	572	4	0	98	561	4	0	63	4	0	98	0	0	0	52	11	0	0	202	550	4	0	63	4	0	63	0	0	0	52	11	0	0	163	4	0	98	0	0	0	0	0	0	0	0	0	0	0	52	11	0	0	202	539	4	0	63	4	0	63	0	0	0	52	11	0	0	152	4	0	63	0	0	0	0	0	0	0	0	0	0	0	52	11	0	0	163	4	0	98	0	0	0	0	0	0	0	0	0	0	0	0	0	0	0	0	0	0	0	52	11	0	0	202	528	3	0	35	4	0	63	0	0	0	46	11	0	0	129	4	0	63	0	0	0	0	0	0	0	0	0	0	0	52	11	0	0	152	4	0	63	0	0	0	0	0	0	0	0	0	0	0	0	0	0	0	0	0	0	0	52	11	0	0	163	4	0	98	0	0	10	64	0	0	0	104	0	0	0	0	0	0	0	0	0	0	0	0	0	0	0	0	0	0	0	52	11	0	0	202
689	676	11	0	103	663	4	0	75	11	0	103	1	0	36	64	22	0	0	170	650	3	0	75	4	0	75	0	0	34	64	7	0	0	142	11	0	103	1	0	10	0	1	0	0	0	1	0	36	64	22	0	0	170	637	3	0	74	3	0	75	0	0	34	63	6	0	0	131	4	0	75	1	0	10	0	1	0	0	0	0	0	34	64	7	0	0	142	11	0	103	1	0	0	11	5	0	0	0	1	0	10	0	1	0	0	0	1	0	36	64	22	0	0	170	624	2	0	27	3	0	74	0	0	32	46	6	0	0	109	3	0	75	0	0	10	0	0	0	0	0	0	0	34	63	6	0	0	131	4	0	75	0	0	0	0	1	0	0	0	1	0	10	0	1	0	0	0	0	0	34	64	7	0	0	142	11	0	103	0	0	10	48	0	0	0	201	1	0	0	11	5	0	0	0	1	0	10	0	1	0	0	0	1	0	36	64	22	0	0	170
423	415	18	7	46	407	6	0	45	18	7	46	5	0	76	12	33	14	46	0	399	4	0	45	6	0	45	0	0	74	12	3	0	45	0	18	7	46	3	0	20	0	4	0	0	0	5	0	76	12	33	14	46	0	391	3	0	42	4	0	45	0	0	74	11	1	0	45	0	6	0	45	1	0	20	0	2	0	0	0	0	0	74	12	3	0	45	0	18	7	46	1	0	0	27	9	7	0	0	3	0	20	0	4	0	0	0	5	0	76	12	33	14	46	0	383	2	0	0	3	0	42	0	0	64	0	1	0	42	0	4	0	45	0	0	20	0	0	0	0	0	0	0	74	11	1	0	45	0	6	0	45	0	0	0	0	4	0	0	0	1	0	20	0	2	0	0	0	0	0	74	12	3	0	45	0	18	7	46	2	0	10	0	2	0	0	225	1	0	0	27	9	7	0	0	3	0	20	0	4	0	0	0	5	0	76	12	33	14	46	0
671	658	33	32	82	645	15	12	51	33	32	82	9	0	26	117	56	60	164	156	632	13	10	50	15	12	51	3	0	20	114	25	0	102	138	33	32	82	3	20	0	12	7	20	0	0	9	0	26	117	56	60	164	156	619	11	0	48	13	10	50	2	0	20	112	25	0	100	127	15	12	51	1	0	0	12	0	0	0	0	3	0	20	114	25	0	102	138	33	32	82	0	0	14	16	9	10	82	0	3	20	0	12	7	20	0	0	9	0	26	117	56	60	164	156	606	11	0	29	11	0	48	2	0	20	89	25	0	96	94	13	10	50	1	0	0	11	0	0	0	0	2	0	20	112	25	0	100	127	15	12	51	0	0	10	0	3	0	51	0	1	0	0	12	0	0	0	0	3	0	20	114	25	0	102	138	33	32	82	2	0	0	27	2	0	0	101	0	0	14	16	9	10	82	0	3	20	0	12	7	20	0	0	9	0	26	117	56	60	164	156
665	652	36	32	72	639	17	12	51	36	32	72	10	0	12	87	77	42	144	110	626	16	12	49	17	12	51	9	0	10	83	34	12	102	93	36	32	72	4	0	0	21	10	10	0	0	10	0	12	87	77	42	144	110	613	14	12	43	16	12	49	8	0	10	77	34	12	98	82	17	12	51	1	0	0	17	0	0	0	0	9	0	10	83	34	12	102	93	36	32	72	0	0	0	36	10	10	0	0	4	0	0	21	10	10	0	0	10	0	12	87	77	42	144	110	600	14	12	19	14	12	43	8	0	10	49	34	12	86	52	16	12	49	1	0	0	11	0	0	0	0	8	0	10	77	34	12	98	82	17	12	51	0	0	0	0	4	0	0	0	1	0	0	17	0	0	0	0	9	0	10	83	34	12	102	93	36	32	72	2	0	0	27	2	0	0	111	0	0	0	36	10	10	0	0	4	0	0	21	10	10	0	0	10	0	12	87	77	42	144	110
701	687	42	60	45	673	15	34	28	42	60	45	8	23	12	38	79	126	135	110	659	14	33	28	15	34	28	7	22	10	38	29	67	84	93	42	60	45	3	11	0	0	10	8	0	0	8	23	12	38	79	126	135	110	645	12	33	26	14	33	28	6	22	10	36	29	66	84	82	15	34	28	0	11	0	0	0	0	0	0	7	22	10	38	29	67	84	93	42	60	45	0	0	0	16	12	8	0	0	3	11	0	0	10	8	0	0	8	23	12	38	79	126	135	110	631	12	33	8	12	33	26	6	22	10	16	29	66	78	52	14	33	28	0	11	0	0	0	0	0	0	6	22	10	36	29	66	84	82	15	34	28	0	0	0	0	4	0	0	0	0	11	0	0	0	0	0	0	7	22	10	38	29	67	84	93	42	60	45	2	0	0	16	2	0	0	101	0	0	0	16	12	8	0	0	3	11	0	0	10	8	0	0	8	23	12	38	79	126	135	110
507	497	41	29	24	487	17	9	21	41	29	24	15	0	12	31	67	69	96	0	477	15	9	21	17	9	21	9	0	10	31	35	9	84	0	41	29	24	2	0	0	0	7	10	0	0	15	0	12	31	67	69	96	0	467	14	9	20	15	9	21	8	0	10	30	35	9	84	0	17	9	21	1	0	0	0	0	0	0	0	9	0	10	31	35	9	84	0	41	29	24	0	0	0	10	9	5	0	0	2	0	0	0	7	10	0	0	15	0	12	31	67	69	96	0	457	14	9	8	14	9	20	8	0	10	16	35	9	80	0	15	9	21	1	0	0	0	0	0	0	0	8	0	10	30	35	9	84	0	17	9	21	0	0	0	0	4	0	0	0	1	0	0	0	0	0	0	0	9	0	10	31	35	9	84	0	41	29	24	2	0	0	16	2	0	0	83	0	0	0	10	9	5	0	0	2	0	0	0	7	10	0	0	15	0	12	31	67	69	96	0
463	454	50	20	0	445	23	0	0	50	20	0	23	0	0	0	81	64	0	0	436	20	0	0	23	0	0	13	0	0	0	48	0	0	0	50	20	0	10	0	0	0	6	12	0	0	23	0	0	0	81	64	0	0	427	17	0	0	20	0	0	11	0	0	0	48	0	0	0	23	0	0	3	0	0	0	0	0	0	0	13	0	0	0	48	0	0	0	50	20	0	0	0	0	0	7	8	0	0	10	0	0	0	6	12	0	0	23	0	0	0	81	64	0	0	418	17	0	0	17	0	0	11	0	0	0	48	0	0	0	20	0	0	3	0	0	0	0	0	0	0	11	0	0	0	48	0	0	0	23	0	0	0	0	0	0	3	0	0	0	3	0	0	0	0	0	0	0	13	0	0	0	48	0	0	0	50	20	0	0	0	0	0	0	0	0	0	0	0	0	0	7	8	0	0	10	0	0	0	6	12	0	0	23	0	0	0	81	64	0	0
896	878	70	74	87	860	49	59	45	70	74	87	50	27	0	62	114	96	87	223	842	43	45	39	49	59	45	41	13	0	50	92	96	45	151	70	74	87	20	13	43	60	4	0	87	0	50	27	0	62	114	96	87	223	824	33	32	39	43	45	39	32	0	0	50	90	96	39	148	49	59	45	11	0	32	60	1	0	45	0	41	13	0	50	92	96	45	151	70	74	87	3	0	76	0	10	16	87	0	20	13	43	60	4	0	87	0	50	27	0	62	114	96	87	223	806	30	32	39	33	32	39	24	0	0	50	82	96	39	137	43	45	39	11	0	28	60	1	0	39	0	32	0	0	50	90	96	39	148	49	59	45	3	0	76	0	10	16	45	0	11	0	32	60	1	0	45	0	41	13	0	50	92	96	45	151	70	74	87	5	0	36	0	8	0	0	0	3	0	76	0	10	16	87	0	20	13	43	60	4	0	87	0	50	27	0	62	114	96	87	223
772	756	61	98	13	740	35	66	9	61	98	13	36	72	0	0	108	170	52	0	724	31	54	9	35	66	9	30	42	0	0	75	156	36	0	61	98	13	14	48	18	0	5	0	13	0	36	72	0	0	108	170	52	0	708	25	48	9	31	54	9	21	36	0	0	73	156	36	0	35	66	9	8	24	18	0	1	0	9	0	30	42	0	0	75	156	36	0	61	98	13	3	0	36	0	3	12	13	0	14	48	18	0	5	0	13	0	36	72	0	0	108	170	52	0	692	25	48	9	25	48	9	21	36	0	0	70	156	36	0	31	54	9	8	24	18	0	1	0	9	0	21	36	0	0	73	156	36	0	35	66	9	3	0	36	0	3	12	9	0	8	24	18	0	1	0	9	0	30	42	0	0	75	156	36	0	61	98	13	0	0	0	0	2	0	0	0	3	0	36	0	3	12	13	0	14	48	18	0	5	0	13	0	36	72	0	0	108	170	52	0
698	684	44	60	19	670	26	20	0	44	60	19	20	35	0	0	64	73	95	106	656	23	13	0	26	20	0	15	0	0	0	61	52	0	72	44	60	19	7	0	10	0	0	0	19	0	20	35	0	0	64	73	95	106	642	21	13	0	23	13	0	13	0	0	0	61	52	0	71	26	20	0	2	0	0	0	0	0	0	0	15	0	0	0	61	52	0	72	44	60	19	0	0	0	0	3	0	0	0	7	0	10	0	0	0	19	0	20	35	0	0	64	73	95	106	628	21	13	0	21	13	0	13	0	0	0	61	52	0	68	23	13	0	2	0	0	0	0	0	0	0	13	0	0	0	61	52	0	71	26	20	0	0	0	0	0	3	0	0	0	2	0	0	0	0	0	0	0	15	0	0	0	61	52	0	72	44	60	19	0	0	0	0	0	0	0	0	0	0	0	0	3	0	0	0	7	0	10	0	0	0	19	0	20	35	0	0	64	73	95	106
725	710	51	72	27	695	20	50	0	51	72	27	18	60	0	0	91	190	54	141	680	17	50	0	20	50	0	8	60	0	0	39	170	0	100	51	72	27	13	0	0	0	5	0	0	0	18	60	0	0	91	190	54	141	665	14	50	0	17	50	0	6	60	0	0	39	170	0	98	20	50	0	3	0	0	0	0	0	0	0	8	60	0	0	39	170	0	100	51	72	27	0	0	0	0	7	12	0	0	13	0	0	0	5	0	0	0	18	60	0	0	91	190	54	141	650	14	50	0	14	50	0	6	60	0	0	39	170	0	89	17	50	0	3	0	0	0	0	0	0	0	6	60	0	0	39	170	0	98	20	50	0	0	0	0	0	2	10	0	0	3	0	0	0	0	0	0	0	8	60	0	0	39	170	0	100	51	72	27	0	0	0	0	0	0	0	0	0	0	0	0	7	12	0	0	13	0	0	0	5	0	0	0	18	60	0	0	91	190	54	141
557	546	40	28	17	535	27	0	0	40	28	17	26	0	0	0	67	7	68	69	524	24	0	0	27	0	0	16	0	0	0	63	0	0	49	40	28	17	8	0	0	0	0	0	0	0	26	0	0	0	67	7	68	69	513	22	0	0	24	0	0	14	0	0	0	63	0	0	49	27	0	0	3	0	0	0	0	0	0	0	16	0	0	0	63	0	0	49	40	28	17	0	0	0	0	3	0	0	0	8	0	0	0	0	0	0	0	26	0	0	0	67	7	68	69	502	22	0	0	22	0	0	14	0	0	0	63	0	0	46	24	0	0	3	0	0	0	0	0	0	0	14	0	0	0	63	0	0	49	27	0	0	0	0	0	0	3	0	0	0	3	0	0	0	0	0	0	0	16	0	0	0	63	0	0	49	40	28	17	0	0	0	0	0	0	0	0	0	0	0	0	3	0	0	0	8	0	0	0	0	0	0	0	26	0	0	0	67	7	68	69
485	475	30	17	41	465	18	16	0	30	17	41	13	8	26	0	61	68	0	163	455	16	16	0	18	16	0	11	8	0	0	48	64	0	54	30	17	41	2	0	19	0	2	0	0	0	13	8	26	0	61	68	0	163	445	16	16	0	16	16	0	11	8	0	0	48	64	0	48	18	16	0	2	0	0	0	0	0	0	0	11	8	0	0	48	64	0	54	30	17	41	0	0	0	0	3	0	0	0	2	0	19	0	2	0	0	0	13	8	26	0	61	68	0	163	435	16	16	0	16	16	0	11	8	0	0	48	64	0	48	16	16	0	2	0	0	0	0	0	0	0	11	8	0	0	48	64	0	48	18	16	0	0	0	0	0	3	0	0	0	2	0	0	0	0	0	0	0	11	8	0	0	48	64	0	54	30	17	41	0	0	0	0	0	0	0	0	0	0	0	0	3	0	0	0	2	0	19	0	2	0	0	0	13	8	26	0	61	68	0	163
350	343	20	0	28	336	17	0	0	20	0	28	13	0	13	0	50	0	0	76	329	16	0	0	17	0	0	12	0	0	0	50	0	0	9	20	0	28	2	0	6	0	0	0	0	0	13	0	13	0	50	0	0	76	322	16	0	0	16	0	0	12	0	0	0	50	0	0	9	17	0	0	2	0	0	0	0	0	0	0	12	0	0	0	50	0	0	9	20	0	28	0	0	0	0	2	0	0	0	2	0	6	0	0	0	0	0	13	0	13	0	50	0	0	76	315	16	0	0	16	0	0	12	0	0	0	50	0	0	9	16	0	0	2	0	0	0	0	0	0	0	12	0	0	0	50	0	0	9	17	0	0	0	0	0	0	2	0	0	0	2	0	0	0	0	0	0	0	12	0	0	0	50	0	0	9	20	0	28	0	0	0	0	0	0	0	0	0	0	0	0	2	0	0	0	2	0	6	0	0	0	0	0	13	0	13	0	50	0	0	76
433	424	22	15	20	415	13	14	0	22	15	20	7	7	13	0	36	28	0	49	406	12	14	0	13	14	0	6	7	0	0	35	28	0	9	22	15	20	2	0	6	0	0	0	0	0	7	7	13	0	36	28	0	49	397	12	14	0	12	14	0	6	7	0	0	35	28	0	9	13	14	0	2	0	0	0	0	0	0	0	6	7	0	0	35	28	0	9	22	15	20	0	0	0	0	1	0	0	0	2	0	6	0	0	0	0	0	7	7	13	0	36	28	0	49	388	12	14	0	12	14	0	6	7	0	0	35	28	0	9	12	14	0	2	0	0	0	0	0	0	0	6	7	0	0	35	28	0	9	13	14	0	0	0	0	0	1	0	0	0	2	0	0	0	0	0	0	0	6	7	0	0	35	28	0	9	22	15	20	0	0	0	0	0	0	0	0	0	0	0	0	1	0	0	0	2	0	6	0	0	0	0	0	7	7	13	0	36	28	0	49
482	472	22	24	20	462	14	16	0	22	24	20	7	8	13	0	40	32	20	49	452	13	16	0	14	16	0	6	8	0	0	39	32	0	9	22	24	20	2	0	6	0	0	0	0	0	7	8	13	0	40	32	20	49	442	13	16	0	13	16	0	6	8	0	0	39	32	0	9	14	16	0	2	0	0	0	0	0	0	0	6	8	0	0	39	32	0	9	22	24	20	0	0	0	0	1	0	0	0	2	0	6	0	0	0	0	0	7	8	13	0	40	32	20	49	432	13	16	0	13	16	0	6	8	0	0	39	32	0	9	13	16	0	2	0	0	0	0	0	0	0	6	8	0	0	39	32	0	9	14	16	0	0	0	0	0	1	0	0	0	2	0	0	0	0	0	0	0	6	8	0	0	39	32	0	9	22	24	20	0	0	0	0	0	0	0	0	0	0	0	0	1	0	0	0	2	0	6	0	0	0	0	0	7	8	13	0	40	32	20	49
331	324	13	17	7	317	7	10	0	13	17	7	2	5	7	0	19	20	14	19	310	7	10	0	7	10	0	2	5	0	0	18	20	0	0	13	17	7	0	0	0	0	0	0	0	0	2	5	7	0	19	20	14	19	303	7	10	0	7	10	0	2	5	0	0	18	20	0	0	7	10	0	0	0	0	0	0	0	0	0	2	5	0	0	18	20	0	0	13	17	7	0	0	0	0	0	0	0	0	0	0	0	0	0	0	0	0	2	5	7	0	19	20	14	19	296	7	10	0	7	10	0	2	5	0	0	18	20	0	0	7	10	0	0	0	0	0	0	0	0	0	2	5	0	0	18	20	0	0	7	10	0	0	0	0	0	0	0	0	0	0	0	0	0	0	0	0	0	2	5	0	0	18	20	0	0	13	17	7	0	0	0	0	0	0	0	0	0	0	0	0	0	0	0	0	0	0	0	0	0	0	0	0	2	5	7	0	19	20	14	19
630	617	28	12	91	604	15	12	71	28	12	91	7	0	74	72	46	48	0	27	591	15	12	40	15	12	71	7	0	69	0	42	48	0	0	28	12	91	2	0	0	53	0	0	0	119	7	0	74	72	46	48	0	27	578	15	12	29	15	12	40	7	0	42	0	42	48	0	0	15	12	71	2	0	0	32	0	0	0	54	7	0	69	0	42	48	0	0	28	12	91	0	0	0	14	2	0	0	82	2	0	0	53	0	0	0	119	7	0	74	72	46	48	0	27	565	15	12	24	15	12	29	7	0	42	0	42	48	0	0	15	12	40	2	0	0	28	0	0	0	48	7	0	42	0	42	48	0	0	15	12	71	0	0	0	10	2	0	0	51	2	0	0	32	0	0	0	54	7	0	69	0	42	48	0	0	28	12	91	0	0	0	45	2	0	0	0	0	0	0	14	2	0	0	82	2	0	0	53	0	0	0	119	7	0	74	72	46	48	0	27
245	240	9	0	9	235	6	0	6	9	0	9	3	0	6	0	15	0	0	7	230	6	0	6	6	0	6	3	0	6	0	15	0	0	0	9	0	9	0	0	0	0	0	0	0	0	3	0	6	0	15	0	0	7	225	6	0	6	6	0	6	3	0	6	0	15	0	0	0	6	0	6	0	0	0	0	0	0	0	0	3	0	6	0	15	0	0	0	9	0	9	0	0	0	0	0	0	0	0	0	0	0	0	0	0	0	0	3	0	6	0	15	0	0	7	220	6	0	5	6	0	6	3	0	6	0	15	0	0	0	6	0	6	0	0	0	0	0	0	0	0	3	0	6	0	15	0	0	0	6	0	6	0	0	0	0	0	0	0	0	0	0	0	0	0	0	0	0	3	0	6	0	15	0	0	0	9	0	9	0	0	0	5	0	0	0	0	0	0	0	0	0	0	0	0	0	0	0	0	0	0	0	0	3	0	6	0	15	0	0	7
294	288	16	0	15	282	8	0	15	16	0	15	2	0	33	0	21	0	0	0	276	8	0	15	8	0	15	2	0	33	0	20	0	0	0	16	0	15	0	0	0	0	0	0	0	0	2	0	33	0	21	0	0	0	270	8	0	15	8	0	15	2	0	33	0	20	0	0	0	8	0	15	0	0	0	0	0	0	0	0	2	0	33	0	20	0	0	0	16	0	15	0	0	0	0	0	0	0	0	0	0	0	0	0	0	0	0	2	0	33	0	21	0	0	0	264	8	0	14	8	0	15	2	0	33	0	20	0	0	0	8	0	15	0	0	0	0	0	0	0	0	2	0	33	0	20	0	0	0	8	0	15	0	0	0	0	0	0	0	0	0	0	0	0	0	0	0	0	2	0	33	0	20	0	0	0	16	0	15	0	0	0	5	0	0	0	0	0	0	0	0	0	0	0	0	0	0	0	0	0	0	0	0	2	0	33	0	21	0	0	0
563	551	42	43	26	539	25	27	26	42	43	26	19	18	77	0	52	66	52	0	527	25	27	24	25	27	26	19	18	77	0	47	63	52	0	42	43	26	8	0	0	18	1	0	0	0	19	18	77	0	52	66	52	0	515	25	27	24	25	27	24	19	18	69	0	47	63	48	0	25	27	26	8	0	0	18	1	0	0	0	19	18	77	0	47	63	52	0	42	43	26	3	0	0	0	1	0	0	0	8	0	0	18	1	0	0	0	19	18	77	0	52	66	52	0	503	25	27	23	25	27	24	19	18	69	0	47	63	48	0	25	27	24	8	0	0	18	1	0	0	0	19	18	69	0	47	63	48	0	25	27	26	3	0	0	0	1	0	0	0	8	0	0	18	1	0	0	0	19	18	77	0	47	63	52	0	42	43	26	0	0	0	5	2	0	0	0	3	0	0	0	1	0	0	0	8	0	0	18	1	0	0	0	19	18	77	0	52	66	52	0
441	431	35	33	26	421	23	23	26	35	33	26	21	0	33	0	41	48	52	0	411	23	23	26	23	23	26	21	0	33	0	40	48	52	0	35	33	26	8	0	0	0	1	0	0	0	21	0	33	0	41	48	52	0	401	23	23	26	23	23	26	21	0	33	0	40	48	52	0	23	23	26	8	0	0	0	1	0	0	0	21	0	33	0	40	48	52	0	35	33	26	3	0	0	0	1	0	0	0	8	0	0	0	1	0	0	0	21	0	33	0	41	48	52	0	391	23	23	24	23	23	26	21	0	33	0	40	48	52	0	23	23	26	8	0	0	0	1	0	0	0	21	0	33	0	40	48	52	0	23	23	26	3	0	0	0	1	0	0	0	8	0	0	0	1	0	0	0	21	0	33	0	40	48	52	0	35	33	26	0	0	0	15	0	0	0	0	3	0	0	0	1	0	0	0	8	0	0	0	1	0	0	0	21	0	33	0	41	48	52	0
564	551	52	48	64	538	45	44	42	52	48	64	26	32	0	79	72	60	0	52	525	45	44	42	45	44	42	26	32	0	79	72	60	0	52	52	48	64	13	0	0	0	6	0	0	0	26	32	0	79	72	60	0	52	512	45	44	40	45	44	42	26	32	0	75	72	60	0	50	45	44	42	13	0	0	0	6	0	0	0	26	32	0	79	72	60	0	52	52	48	64	7	0	0	18	3	0	0	0	13	0	0	0	6	0	0	0	26	32	0	79	72	60	0	52	499	45	44	40	45	44	40	26	32	0	75	72	60	0	50	45	44	42	13	0	0	0	6	0	0	0	26	32	0	75	72	60	0	50	45	44	42	7	0	0	18	1	0	0	0	13	0	0	0	6	0	0	0	26	32	0	79	72	60	0	52	52	48	64	0	0	0	0	2	0	0	0	7	0	0	18	3	0	0	0	13	0	0	0	6	0	0	0	26	32	0	79	72	60	0	52
857	838	99	111	90	819	77	99	71	99	111	90	45	154	22	73	142	205	0	52	800	76	91	66	77	99	71	40	138	22	68	122	190	0	52	99	111	90	19	94	0	37	10	12	0	0	45	154	22	73	142	205	0	52	781	75	88	44	76	91	66	40	132	22	45	122	187	0	50	77	99	71	14	88	0	0	8	11	0	0	40	138	22	68	122	190	0	52	99	111	90	30	33	0	28	17	11	0	100	19	94	0	37	10	12	0	0	45	154	22	73	142	205	0	52	762	73	88	44	75	88	44	40	132	20	45	122	187	0	50	76	91	66	14	88	0	0	8	11	0	0	40	132	22	45	122	187	0	50	77	99	71	26	33	0	28	7	11	0	54	14	88	0	0	8	11	0	0	40	138	22	68	122	190	0	52	99	111	90	26	0	0	0	7	0	0	0	30	33	0	28	17	11	0	100	19	94	0	37	10	12	0	0	45	154	22	73	142	205	0	52
820	800	108	129	90	780	90	115	85	108	129	90	55	36	46	49	147	158	90	0	760	89	115	85	90	115	85	54	36	46	49	147	158	85	0	108	129	90	30	0	0	0	13	17	0	0	55	36	46	49	147	158	90	0	740	87	115	82	89	115	85	54	36	46	45	145	158	85	0	90	115	85	30	0	0	0	13	17	0	0	54	36	46	49	147	158	85	0	108	129	90	40	0	0	28	27	22	0	0	30	0	0	0	13	17	0	0	55	36	46	49	147	158	90	0	720	83	115	82	87	115	82	50	36	44	45	140	158	82	0	89	115	85	30	0	0	0	13	17	0	0	54	36	46	45	145	158	85	0	90	115	85	36	0	0	28	11	0	0	0	30	0	0	0	13	17	0	0	54	36	46	49	147	158	85	0	108	129	90	29	0	0	0	9	22	0	0	40	0	0	28	27	22	0	0	30	0	0	0	13	17	0	0	55	36	46	49	147	158	90	0
874	854	110	158	52	834	83	137	50	110	158	52	52	72	46	22	178	257	104	0	814	83	137	50	83	137	50	52	72	46	22	136	239	100	0	110	158	52	30	0	0	0	16	0	0	0	52	72	46	22	178	257	104	0	794	76	121	47	83	137	50	52	72	46	18	136	239	100	0	83	137	50	21	0	0	0	10	0	0	0	52	72	46	22	136	239	100	0	110	158	52	25	160	0	28	26	61	0	0	30	0	0	0	16	0	0	0	52	72	46	22	178	257	104	0	774	74	93	47	76	121	47	48	60	44	18	126	226	94	0	83	137	50	21	0	0	0	10	0	0	0	52	72	46	18	136	239	100	0	83	137	50	25	108	0	28	6	27	0	0	21	0	0	0	10	0	0	0	52	72	46	22	136	239	100	0	110	158	52	26	114	0	0	12	14	104	0	25	160	0	28	26	61	0	0	30	0	0	0	16	0	0	0	52	72	46	22	178	257	104	0
757	739	107	113	87	721	91	94	87	107	113	87	53	15	61	0	165	114	174	0	703	90	94	87	91	94	87	52	15	61	0	154	114	174	0	107	113	87	22	0	0	0	13	17	0	0	53	15	61	0	165	114	174	0	685	86	94	86	90	94	87	52	15	61	0	152	114	174	0	91	94	87	22	0	0	0	13	17	0	0	52	15	61	0	154	114	174	0	107	113	87	43	0	0	10	32	36	0	0	22	0	0	0	13	17	0	0	53	15	61	0	165	114	174	0	667	82	93	86	86	94	86	48	15	59	0	142	114	172	0	90	94	87	22	0	0	0	13	17	0	0	52	15	61	0	152	114	174	0	91	94	87	39	0	0	10	15	0	0	0	22	0	0	0	13	17	0	0	52	15	61	0	154	114	174	0	107	113	87	43	14	0	0	15	18	0	0	43	0	0	10	32	36	0	0	22	0	0	0	13	17	0	0	53	15	61	0	165	114	174	0
671	656	71	67	90	641	57	63	55	71	67	90	33	36	0	95	143	147	0	229	626	55	63	55	57	63	55	31	36	0	95	116	141	0	222	71	67	90	7	0	0	0	4	0	0	0	33	36	0	95	143	147	0	229	611	47	43	55	55	63	55	27	36	0	95	108	141	0	222	57	63	55	1	0	0	0	2	0	0	0	31	36	0	95	116	141	0	222	71	67	90	18	22	14	0	10	22	180	0	7	0	0	0	4	0	0	0	33	36	0	95	143	147	0	229	596	41	23	53	47	43	55	21	0	0	91	93	94	0	215	55	63	55	1	0	0	0	2	0	0	0	27	36	0	95	108	141	0	222	57	63	55	18	18	0	0	5	18	110	0	1	0	0	0	2	0	0	0	31	36	0	95	116	141	0	222	71	67	90	20	18	68	26	3	0	180	0	18	22	14	0	10	22	180	0	7	0	0	0	4	0	0	0	33	36	0	95	143	147	0	229
533	521	66	37	46	509	47	36	23	66	37	46	31	10	0	80	159	134	0	139	497	43	36	23	47	36	23	25	10	0	80	116	130	0	137	66	37	46	4	0	0	0	3	0	0	0	31	10	0	80	159	134	0	139	485	36	20	23	43	36	23	20	10	0	80	98	130	0	137	47	36	23	1	0	0	0	2	0	0	0	25	10	0	80	116	130	0	137	66	37	46	14	0	14	0	11	0	92	0	4	0	0	0	3	0	0	0	31	10	0	80	159	134	0	139	473	29	20	22	36	20	23	10	10	0	76	80	90	0	133	43	36	23	1	0	0	0	2	0	0	0	20	10	0	80	98	130	0	137	47	36	23	14	0	0	0	6	0	46	0	1	0	0	0	2	0	0	0	25	10	0	80	116	130	0	137	66	37	46	15	0	51	10	1	0	0	0	14	0	14	0	11	0	92	0	4	0	0	0	3	0	0	0	31	10	0	80	159	134	0	139
515	503	61	57	0	491	29	45	0	61	57	0	18	46	0	0	171	202	0	0	479	27	35	0	29	45	0	14	34	0	0	92	165	0	0	61	57	0	2	8	0	0	2	0	0	0	18	46	0	0	171	202	0	0	467	22	27	0	27	35	0	13	18	0	0	82	128	0	0	29	45	0	1	0	0	0	1	0	0	0	14	34	0	0	92	165	0	0	61	57	0	2	0	0	0	8	0	0	0	2	8	0	0	2	0	0	0	18	46	0	0	171	202	0	0	455	20	27	0	22	27	0	9	18	0	0	69	108	0	0	27	35	0	1	0	0	0	1	0	0	0	13	18	0	0	82	128	0	0	29	45	0	2	0	0	0	2	0	0	0	1	0	0	0	1	0	0	0	14	34	0	0	92	165	0	0	61	57	0	6	0	0	0	2	0	0	0	2	0	0	0	8	0	0	0	2	8	0	0	2	0	0	0	18	46	0	0	171	202	0	0
364	355	50	33	0	346	28	27	0	50	33	0	19	14	0	0	151	97	0	0	337	25	23	0	28	27	0	14	10	0	0	94	85	0	0	50	33	0	3	3	0	0	2	0	0	0	19	14	0	0	151	97	0	0	328	21	20	0	25	23	0	10	7	0	0	81	67	0	0	28	27	0	1	0	0	0	1	0	0	0	14	10	0	0	94	85	0	0	50	33	0	0	0	0	0	3	0	0	0	3	3	0	0	2	0	0	0	19	14	0	0	151	97	0	0	319	21	20	0	21	20	0	10	7	0	0	71	58	0	0	25	23	0	1	0	0	0	1	0	0	0	10	7	0	0	81	67	0	0	28	27	0	0	0	0	0	1	0	0	0	1	0	0	0	1	0	0	0	14	10	0	0	94	85	0	0	50	33	0	3	0	0	0	4	0	0	0	0	0	0	0	3	0	0	0	3	3	0	0	2	0	0	0	19	14	0	0	151	97	0	0
412	402	53	39	0	392	34	26	0	53	39	0	17	17	0	0	163	102	0	0	382	30	23	0	34	26	0	12	8	0	0	109	74	0	0	53	39	0	3	0	0	0	2	8	0	0	17	17	0	0	163	102	0	0	372	25	23	0	30	23	0	7	8	0	0	94	59	0	0	34	26	0	0	0	0	0	1	8	0	0	12	8	0	0	109	74	0	0	53	39	0	0	0	0	0	1	0	0	0	3	0	0	0	2	8	0	0	17	17	0	0	163	102	0	0	362	25	23	0	25	23	0	7	8	0	0	81	59	0	0	30	23	0	0	0	0	0	1	8	0	0	7	8	0	0	94	59	0	0	34	26	0	0	0	0	0	1	0	0	0	0	0	0	0	1	8	0	0	12	8	0	0	109	74	0	0	53	39	0	3	0	0	0	4	0	0	0	0	0	0	0	1	0	0	0	3	0	0	0	2	8	0	0	17	17	0	0	163	102	0	0
481	470	61	36	7	459	31	18	0	61	36	7	11	0	11	0	181	135	21	0	448	29	18	0	31	18	0	7	0	0	0	89	81	0	0	61	36	7	0	0	8	0	4	0	0	0	11	0	11	0	181	135	21	0	437	29	18	0	29	18	0	7	0	0	0	84	81	0	0	31	18	0	0	0	0	0	2	0	0	0	7	0	0	0	89	81	0	0	61	36	7	0	0	0	0	1	0	0	0	0	0	8	0	4	0	0	0	11	0	11	0	181	135	21	0	426	29	18	0	29	18	0	7	0	0	0	84	81	0	0	29	18	0	0	0	0	0	2	0	0	0	7	0	0	0	84	81	0	0	31	18	0	0	0	0	0	1	0	0	0	0	0	0	0	2	0	0	0	7	0	0	0	89	81	0	0	61	36	7	3	0	0	0	4	0	0	0	0	0	0	0	1	0	0	0	0	0	8	0	4	0	0	0	11	0	11	0	181	135	21	0
454	442	63	53	6	430	34	48	0	63	53	6	15	0	6	0	162	147	6	0	418	33	48	0	34	48	0	14	0	0	0	85	122	0	0	63	53	6	2	0	3	0	7	0	0	0	15	0	6	0	162	147	6	0	406	32	48	0	33	48	0	14	0	0	0	82	122	0	0	34	48	0	1	0	0	0	3	0	0	0	14	0	0	0	85	122	0	0	63	53	6	4	0	0	0	2	6	0	0	2	0	3	0	7	0	0	0	15	0	6	0	162	147	6	0	394	28	45	0	32	48	0	10	0	0	0	80	122	0	0	33	48	0	1	0	0	0	3	0	0	0	14	0	0	0	82	122	0	0	34	48	0	0	0	0	0	0	6	0	0	1	0	0	0	3	0	0	0	14	0	0	0	85	122	0	0	63	53	6	1	18	0	0	0	24	0	0	4	0	0	0	2	6	0	0	2	0	3	0	7	0	0	0	15	0	6	0	162	147	6	0
325	315	41	37	3	305	19	36	0	41	37	3	4	6	3	0	102	75	0	0	295	18	36	0	19	36	0	2	6	0	0	49	74	0	0	41	37	3	0	0	0	0	2	6	0	0	4	6	3	0	102	75	0	0	285	18	36	0	18	36	0	2	6	0	0	47	74	0	0	19	36	0	0	0	0	0	1	6	0	0	2	6	0	0	49	74	0	0	41	37	3	0	0	0	0	1	0	0	0	0	0	0	0	2	6	0	0	4	6	3	0	102	75	0	0	275	18	36	0	18	36	0	2	6	0	0	47	74	0	0	18	36	0	0	0	0	0	1	6	0	0	2	6	0	0	47	74	0	0	19	36	0	0	0	0	0	1	0	0	0	0	0	0	0	1	6	0	0	2	6	0	0	49	74	0	0	41	37	3	3	0	0	0	4	0	0	0	0	0	0	0	1	0	0	0	0	0	0	0	2	6	0	0	4	6	3	0	102	75	0	0
476	463	55	63	0	450	24	50	0	55	63	0	6	11	0	0	146	134	0	0	437	24	50	0	24	50	0	6	11	0	0	62	102	0	0	55	63	0	0	0	0	0	3	0	0	0	6	11	0	0	146	134	0	0	424	24	50	0	24	50	0	6	11	0	0	62	102	0	0	24	50	0	0	0	0	0	1	0	0	0	6	11	0	0	62	102	0	0	55	63	0	0	0	0	0	1	0	0	0	0	0	0	0	3	0	0	0	6	11	0	0	146	134	0	0	411	24	50	0	24	50	0	6	11	0	0	62	102	0	0	24	50	0	0	0	0	0	1	0	0	0	6	11	0	0	62	102	0	0	24	50	0	0	0	0	0	1	0	0	0	0	0	0	0	1	0	0	0	6	11	0	0	62	102	0	0	55	63	0	3	0	0	0	4	0	0	0	0	0	0	0	1	0	0	0	0	0	0	0	3	0	0	0	6	11	0	0	146	134	0	0
352	344	43	17	0	336	17	7	0	43	17	0	12	0	0	0	123	60	0	0	328	16	7	0	17	7	0	7	0	0	0	51	28	0	0	43	17	0	1	0	0	0	0	2	0	0	12	0	0	0	123	60	0	0	320	16	7	0	16	7	0	7	0	0	0	50	28	0	0	17	7	0	1	0	0	0	0	0	0	0	7	0	0	0	51	28	0	0	43	17	0	0	0	0	0	0	0	0	0	1	0	0	0	0	2	0	0	12	0	0	0	123	60	0	0	312	16	7	0	16	7	0	7	0	0	0	50	28	0	0	16	7	0	1	0	0	0	0	0	0	0	7	0	0	0	50	28	0	0	17	7	0	0	0	0	0	0	0	0	0	1	0	0	0	0	0	0	0	7	0	0	0	51	28	0	0	43	17	0	0	0	0	0	0	0	0	0	0	0	0	0	0	0	0	0	1	0	0	0	0	2	0	0	12	0	0	0	123	60	0	0
537	525	43	27	35	513	20	0	26	43	27	35	18	0	21	4	125	63	105	7	501	18	0	22	20	0	26	12	0	19	0	68	0	78	0	43	27	35	2	0	11	0	0	0	0	0	18	0	21	4	125	63	105	7	489	18	0	22	18	0	22	12	0	11	0	66	0	66	0	20	0	26	2	0	11	0	0	0	0	0	12	0	19	0	68	0	78	0	43	27	35	0	0	0	0	6	0	0	0	2	0	11	0	0	0	0	0	18	0	21	4	125	63	105	7	477	18	0	22	18	0	22	12	0	11	0	66	0	66	0	18	0	22	2	0	11	0	0	0	0	0	12	0	11	0	66	0	66	0	20	0	26	0	0	0	0	0	0	0	0	2	0	11	0	0	0	0	0	12	0	19	0	68	0	78	0	43	27	35	0	0	0	0	0	0	0	0	0	0	0	0	6	0	0	0	2	0	11	0	0	0	0	0	18	0	21	4	125	63	105	7
819	800	83	105	32	781	41	48	10	83	105	32	30	32	14	16	227	374	160	13	762	40	48	0	41	48	10	25	32	11	0	121	192	50	0	83	105	32	4	0	0	0	2	0	0	0	30	32	14	16	227	374	160	13	743	40	48	0	40	48	0	25	32	0	0	120	192	0	0	41	48	10	4	0	0	0	1	0	0	0	25	32	11	0	121	192	50	0	83	105	32	0	0	0	0	14	0	0	0	4	0	0	0	2	0	0	0	30	32	14	16	227	374	160	13	724	40	48	0	40	48	0	25	32	0	0	120	192	0	0	40	48	0	4	0	0	0	1	0	0	0	25	32	0	0	120	192	0	0	41	48	10	0	0	0	0	2	0	0	0	4	0	0	0	1	0	0	0	25	32	11	0	121	192	50	0	83	105	32	3	0	0	0	6	0	0	0	0	0	0	0	14	0	0	0	4	0	0	0	2	0	0	0	30	32	14	16	227	374	160	13
394	385	38	15	12	376	17	8	0	38	15	12	12	0	0	0	107	46	12	7	367	16	8	0	17	8	0	7	0	0	0	51	32	0	0	38	15	12	1	0	0	0	0	0	0	0	12	0	0	0	107	46	12	7	358	16	8	0	16	8	0	7	0	0	0	50	32	0	0	17	8	0	1	0	0	0	0	0	0	0	7	0	0	0	51	32	0	0	38	15	12	0	0	0	0	2	0	0	0	1	0	0	0	0	0	0	0	12	0	0	0	107	46	12	7	349	16	8	0	16	8	0	7	0	0	0	50	32	0	0	16	8	0	1	0	0	0	0	0	0	0	7	0	0	0	50	32	0	0	17	8	0	0	0	0	0	0	0	0	0	1	0	0	0	0	0	0	0	7	0	0	0	51	32	0	0	38	15	12	0	0	0	0	0	0	0	0	0	0	0	0	2	0	0	0	1	0	0	0	0	0	0	0	12	0	0	0	107	46	12	7
358	350	34	12	6	342	16	0	0	34	12	6	12	0	0	0	93	24	12	0	334	15	0	0	16	0	0	7	0	0	0	46	0	0	0	34	12	6	1	0	0	0	0	0	0	0	12	0	0	0	93	24	12	0	326	15	0	0	15	0	0	7	0	0	0	45	0	0	0	16	0	0	1	0	0	0	0	0	0	0	7	0	0	0	46	0	0	0	34	12	6	0	0	0	0	4	0	0	0	1	0	0	0	0	0	0	0	12	0	0	0	93	24	12	0	318	15	0	0	15	0	0	7	0	0	0	45	0	0	0	15	0	0	1	0	0	0	0	0	0	0	7	0	0	0	45	0	0	0	16	0	0	0	0	0	0	0	0	0	0	1	0	0	0	0	0	0	0	7	0	0	0	46	0	0	0	34	12	6	0	0	0	0	0	0	0	0	0	0	0	0	4	0	0	0	1	0	0	0	0	0	0	0	12	0	0	0	93	24	12	0
624	609	55	84	2	594	16	50	0	55	84	2	18	71	0	0	144	222	10	0	579	16	44	0	16	50	0	18	44	0	0	53	128	0	0	55	84	2	3	11	0	0	3	0	2	0	18	71	0	0	144	222	10	0	564	16	44	0	16	44	0	18	44	0	0	53	121	0	0	16	50	0	3	11	0	0	0	0	0	0	18	44	0	0	53	128	0	0	55	84	2	0	0	0	0	13	0	0	0	3	11	0	0	3	0	2	0	18	71	0	0	144	222	10	0	549	16	44	0	16	44	0	18	44	0	0	53	121	0	0	16	44	0	3	11	0	0	0	0	0	0	18	44	0	0	53	121	0	0	16	50	0	0	0	0	0	1	0	0	0	3	11	0	0	0	0	0	0	18	44	0	0	53	128	0	0	55	84	2	0	0	0	0	2	0	0	0	0	0	0	0	13	0	0	0	3	11	0	0	3	0	2	0	18	71	0	0	144	222	10	0
658	643	59	26	76	628	35	0	42	59	26	76	27	0	62	21	146	39	152	75	613	35	0	41	35	0	42	27	0	56	19	95	0	84	36	59	26	76	8	0	0	4	2	0	0	0	27	0	62	21	146	39	152	75	598	33	0	18	35	0	41	27	0	56	11	95	0	82	22	35	0	42	4	0	0	0	0	0	0	0	27	0	56	19	95	0	84	36	59	26	76	14	0	0	14	15	26	0	136	8	0	0	4	2	0	0	0	27	0	62	21	146	39	152	75	583	28	0	11	33	0	18	27	0	32	11	95	0	36	22	35	0	41	4	0	0	0	0	0	0	0	27	0	56	11	95	0	82	22	35	0	42	0	0	0	0	1	0	0	78	4	0	0	0	0	0	0	0	27	0	56	19	95	0	84	36	59	26	76	0	0	45	0	1	0	0	52	14	0	0	14	15	26	0	136	8	0	0	4	2	0	0	0	27	0	62	21	146	39	152	75
526	514	44	20	48	502	23	0	10	44	20	48	23	0	35	0	115	30	96	87	490	23	0	10	23	0	10	23	0	30	0	66	0	20	36	44	20	48	8	0	0	0	2	0	0	0	23	0	35	0	115	30	96	87	478	21	0	10	23	0	10	23	0	30	0	66	0	20	22	23	0	10	4	0	0	0	0	0	0	0	23	0	30	0	66	0	20	36	44	20	48	0	0	0	0	11	20	0	0	8	0	0	0	2	0	0	0	23	0	35	0	115	30	96	87	466	21	0	10	21	0	10	23	0	30	0	66	0	20	22	23	0	10	4	0	0	0	0	0	0	0	23	0	30	0	66	0	20	22	23	0	10	0	0	0	0	1	0	0	0	4	0	0	0	0	0	0	0	23	0	30	0	66	0	20	36	44	20	48	0	0	0	0	1	0	0	0	0	0	0	0	11	20	0	0	8	0	0	0	2	0	0	0	23	0	35	0	115	30	96	87
523	511	55	35	26	499	25	0	10	55	35	26	23	0	35	0	141	105	130	34	487	25	0	10	25	0	10	23	0	30	0	69	0	50	10	55	35	26	13	0	0	0	7	0	0	0	23	0	35	0	141	105	130	34	475	22	0	10	25	0	10	23	0	30	0	69	0	50	0	25	0	10	4	0	0	0	0	0	0	0	23	0	30	0	69	0	50	10	55	35	26	0	0	0	0	10	21	0	0	13	0	0	0	7	0	0	0	23	0	35	0	141	105	130	34	463	22	0	10	22	0	10	23	0	30	0	69	0	50	0	25	0	10	4	0	0	0	0	0	0	0	23	0	30	0	69	0	50	0	25	0	10	0	0	0	0	1	0	0	0	4	0	0	0	0	0	0	0	23	0	30	0	69	0	50	10	55	35	26	0	0	0	0	1	0	0	0	0	0	0	0	10	21	0	0	13	0	0	0	7	0	0	0	23	0	35	0	141	105	130	34
793	774	77	101	63	755	38	61	35	77	101	63	24	62	50	14	186	295	189	69	736	38	60	33	38	61	35	24	60	45	11	97	212	105	36	77	101	63	7	15	0	7	6	0	0	0	24	62	50	14	186	295	189	69	717	36	60	7	38	60	33	24	60	45	0	97	210	99	22	38	61	35	3	15	0	0	0	0	0	0	24	60	45	11	97	212	105	36	77	101	63	14	0	0	14	18	24	0	136	7	15	0	7	6	0	0	0	24	62	50	14	186	295	189	69	698	31	60	0	36	60	7	24	60	21	0	97	210	21	22	38	60	33	3	15	0	0	0	0	0	0	24	60	45	0	97	210	99	22	38	61	35	0	0	0	0	1	0	0	78	3	15	0	0	0	0	0	0	24	60	45	11	97	212	105	36	77	101	63	4	0	45	0	3	0	0	52	14	0	0	14	18	24	0	136	7	15	0	7	6	0	0	0	24	62	50	14	186	295	189	69
668	651	63	108	16	634	21	72	0	63	108	16	12	128	5	0	133	286	64	34	617	21	70	0	21	72	0	12	120	0	0	51	194	0	10	63	108	16	9	20	0	0	15	0	0	0	12	128	5	0	133	286	64	34	600	18	70	0	21	70	0	12	120	0	0	51	190	0	0	21	72	0	2	20	0	0	0	0	0	0	12	120	0	0	51	194	0	10	63	108	16	3	0	0	0	13	24	0	0	9	20	0	0	15	0	0	0	12	128	5	0	133	286	64	34	583	17	70	0	18	70	0	11	120	0	0	50	190	0	0	21	70	0	2	20	0	0	0	0	0	0	12	120	0	0	51	190	0	0	21	72	0	0	0	0	0	0	10	0	0	2	20	0	0	0	0	0	0	12	120	0	0	51	194	0	10	63	108	16	0	0	0	0	1	12	0	0	3	0	0	0	13	24	0	0	9	20	0	0	15	0	0	0	12	128	5	0	133	286	64	34
859	839	51	19	177	819	36	0	117	51	19	177	27	0	0	93	118	19	177	229	799	35	0	111	36	0	117	26	0	0	67	80	0	117	97	51	19	177	15	0	0	11	9	19	0	2	27	0	0	93	118	19	177	229	779	27	0	111	35	0	111	26	0	0	67	80	0	111	94	36	0	117	6	0	0	11	3	0	0	0	26	0	0	67	80	0	117	97	51	19	177	2	0	55	0	1	0	0	0	15	0	0	11	9	19	0	2	27	0	0	93	118	19	177	229	759	27	0	97	27	0	111	26	0	0	45	78	0	111	45	35	0	111	6	0	0	11	3	0	0	0	26	0	0	67	80	0	111	94	36	0	117	2	0	45	0	1	0	0	0	6	0	0	11	3	0	0	0	26	0	0	67	80	0	117	97	51	19	177	0	0	0	61	1	0	0	90	2	0	55	0	1	0	0	0	15	0	0	11	9	19	0	2	27	0	0	93	118	19	177	229
723	706	70	71	86	689	41	16	75	70	71	86	39	0	34	38	99	176	430	26	672	36	11	75	41	16	75	28	0	34	38	58	0	375	10	70	71	86	19	55	34	0	13	22	0	0	39	0	34	38	99	176	430	26	655	27	0	75	36	11	75	22	0	34	38	55	0	375	10	41	16	75	9	0	34	0	7	0	0	0	28	0	34	38	58	0	375	10	70	71	86	6	0	77	0	0	0	86	0	19	55	34	0	13	22	0	0	39	0	34	38	99	176	430	26	638	27	0	71	27	0	75	22	0	34	34	54	0	375	10	36	11	75	9	0	34	0	7	0	0	0	22	0	34	38	55	0	375	10	41	16	75	6	0	69	0	0	0	75	0	9	0	34	0	7	0	0	0	28	0	34	38	58	0	375	10	70	71	86	0	0	0	44	0	0	0	0	6	0	77	0	0	0	86	0	19	55	34	0	13	22	0	0	39	0	34	38	99	176	430	26
555	542	50	36	45	529	25	0	30	50	36	45	25	0	20	20	92	108	180	42	516	22	0	30	25	0	30	18	0	20	20	53	0	120	10	50	36	45	13	0	12	0	9	18	0	0	25	0	20	20	92	108	180	42	503	19	0	30	22	0	30	18	0	20	20	53	0	120	10	25	0	30	4	0	12	0	4	0	0	0	18	0	20	20	53	0	120	10	50	36	45	2	0	0	0	1	0	0	0	13	0	12	0	9	18	0	0	25	0	20	20	92	108	180	42	490	19	0	30	19	0	30	18	0	20	20	53	0	120	10	22	0	30	4	0	12	0	4	0	0	0	18	0	20	20	53	0	120	10	25	0	30	2	0	0	0	1	0	0	0	4	0	12	0	4	0	0	0	18	0	20	20	53	0	120	10	50	36	45	0	0	0	0	1	0	0	0	2	0	0	0	1	0	0	0	13	0	12	0	9	18	0	0	25	0	20	20	92	108	180	42
704	687	74	79	70	670	52	56	18	74	79	70	41	15	0	36	140	125	140	229	653	51	52	18	52	56	18	40	15	0	36	91	90	36	97	74	79	70	22	44	0	0	17	11	0	0	41	15	0	36	140	125	140	229	636	45	30	18	51	52	18	40	15	0	36	91	90	36	94	52	56	18	17	0	0	0	9	0	0	0	40	15	0	36	91	90	36	97	74	79	70	16	0	55	0	4	0	140	0	22	44	0	0	17	11	0	0	41	15	0	36	140	125	140	229	619	45	30	7	45	30	18	40	15	0	14	89	90	36	45	51	52	18	17	0	0	0	9	0	0	0	40	15	0	36	91	90	36	94	52	56	18	16	0	45	0	2	0	36	0	17	0	0	0	9	0	0	0	40	15	0	36	91	90	36	97	74	79	70	12	0	0	14	3	0	0	90	16	0	55	0	4	0	140	0	22	44	0	0	17	11	0	0	41	15	0	36	140	125	140	229
493	481	51	41	25	469	25	20	0	51	41	25	23	0	0	0	104	119	75	105	457	24	20	0	25	20	0	22	0	0	0	58	70	0	45	51	41	25	14	0	0	0	16	7	0	0	23	0	0	0	104	119	75	105	445	21	20	0	24	20	0	22	0	0	0	58	70	0	43	25	20	0	5	0	0	0	4	0	0	0	22	0	0	0	58	70	0	45	51	41	25	2	0	0	0	3	0	0	0	14	0	0	0	16	7	0	0	23	0	0	0	104	119	75	105	433	21	20	0	21	20	0	22	0	0	0	58	70	0	17	24	20	0	5	0	0	0	4	0	0	0	22	0	0	0	58	70	0	43	25	20	0	2	0	0	0	1	0	0	0	5	0	0	0	4	0	0	0	22	0	0	0	58	70	0	45	51	41	25	0	0	0	0	1	0	0	0	2	0	0	0	3	0	0	0	14	0	0	0	16	7	0	0	23	0	0	0	104	119	75	105
878	857	49	68	133	836	28	0	102	49	68	133	29	0	76	43	53	17	532	156	815	22	0	102	28	0	102	17	0	72	43	43	0	408	105	49	68	133	4	0	47	0	5	0	0	0	29	0	76	43	53	17	532	156	794	22	0	102	22	0	102	17	0	72	43	43	0	408	105	28	0	102	4	0	33	0	5	0	0	0	17	0	72	43	43	0	408	105	49	68	133	2	0	0	0	0	0	0	0	4	0	47	0	5	0	0	0	29	0	76	43	53	17	532	156	773	22	0	102	22	0	102	17	0	72	43	43	0	408	105	22	0	102	4	0	33	0	5	0	0	0	17	0	72	43	43	0	408	105	28	0	102	2	0	0	0	0	0	0	0	4	0	33	0	5	0	0	0	17	0	72	43	43	0	408	105	49	68	133	0	0	0	0	0	0	0	0	2	0	0	0	0	0	0	0	4	0	47	0	5	0	0	0	29	0	76	43	53	17	532	156
570	556	54	60	32	542	36	20	11	54	60	32	32	35	24	11	53	47	160	131	528	31	13	11	36	20	11	25	0	22	11	48	26	55	105	54	60	32	9	0	47	0	7	0	32	0	32	35	24	11	53	47	160	131	514	31	13	11	31	13	11	25	0	22	11	48	26	55	105	36	20	11	9	0	33	0	7	0	11	0	25	0	22	11	48	26	55	105	54	60	32	6	0	0	0	0	0	0	0	9	0	47	0	7	0	32	0	32	35	24	11	53	47	160	131	500	31	13	11	31	13	11	25	0	22	11	48	26	55	105	31	13	11	9	0	33	0	7	0	11	0	25	0	22	11	48	26	55	105	36	20	11	6	0	0	0	0	0	0	0	9	0	33	0	7	0	11	0	25	0	22	11	48	26	55	105	54	60	32	0	0	0	0	0	0	0	0	6	0	0	0	0	0	0	0	9	0	47	0	7	0	32	0	32	35	24	11	53	47	160	131
619	603	60	82	57	587	34	68	0	60	82	57	31	53	0	0	63	129	57	403	571	27	57	0	34	68	0	21	44	0	0	43	121	0	240	60	82	57	7	26	33	0	10	39	57	0	31	53	0	0	63	129	57	403	555	27	55	0	27	57	0	21	44	0	0	42	121	0	234	34	68	0	7	22	0	0	4	33	0	0	21	44	0	0	43	121	0	240	60	82	57	4	22	0	0	2	0	0	0	7	26	33	0	10	39	57	0	31	53	0	0	63	129	57	403	539	27	55	0	27	55	0	21	44	0	0	42	121	0	234	27	57	0	7	22	0	0	4	33	0	0	21	44	0	0	42	121	0	234	34	68	0	4	22	0	0	0	0	0	0	7	22	0	0	4	33	0	0	21	44	0	0	43	121	0	240	60	82	57	0	0	0	0	0	0	0	0	4	22	0	0	2	0	0	0	7	26	33	0	10	39	57	0	31	53	0	0	63	129	57	403
483	471	45	37	38	459	23	20	0	45	37	38	23	10	0	0	54	83	76	226	447	17	20	0	23	20	0	14	10	0	0	36	80	0	123	45	37	38	4	0	33	0	8	11	0	0	23	10	0	0	54	83	76	226	435	17	20	0	17	20	0	14	10	0	0	36	80	0	123	23	20	0	4	0	0	0	4	10	0	0	14	10	0	0	36	80	0	123	45	37	38	2	0	0	0	1	0	0	0	4	0	33	0	8	11	0	0	23	10	0	0	54	83	76	226	423	17	20	0	17	20	0	14	10	0	0	36	80	0	123	17	20	0	4	0	0	0	4	10	0	0	14	10	0	0	36	80	0	123	23	20	0	2	0	0	0	0	0	0	0	4	0	0	0	4	10	0	0	14	10	0	0	36	80	0	123	45	37	38	0	0	0	0	0	0	0	0	2	0	0	0	1	0	0	0	4	0	33	0	8	11	0	0	23	10	0	0	54	83	76	226
559	544	51	85	11	529	30	56	0	51	85	11	31	87	0	0	55	82	44	86	514	26	54	0	30	56	0	22	81	0	0	49	72	0	75	51	85	11	2	18	11	0	5	9	0	0	31	87	0	0	55	82	44	86	499	26	54	0	26	54	0	22	81	0	0	49	72	0	75	30	56	0	2	18	0	0	5	9	0	0	22	81	0	0	49	72	0	75	51	85	11	2	0	0	0	0	0	0	0	2	18	11	0	5	9	0	0	31	87	0	0	55	82	44	86	484	26	54	0	26	54	0	22	81	0	0	49	72	0	75	26	54	0	2	18	0	0	5	9	0	0	22	81	0	0	49	72	0	75	30	56	0	2	0	0	0	0	0	0	0	2	18	0	0	5	9	0	0	22	81	0	0	49	72	0	75	51	85	11	0	0	0	0	0	0	0	0	2	0	0	0	0	0	0	0	2	18	11	0	5	9	0	0	31	87	0	0	55	82	44	86
482	470	19	11	75	458	15	11	34	19	11	75	13	0	7	34	26	22	0	214	446	15	11	32	15	11	34	13	0	0	32	26	22	0	113	19	11	75	2	0	0	24	2	0	0	0	13	0	7	34	26	22	0	214	434	15	11	32	15	11	32	13	0	0	32	26	22	0	113	15	11	34	2	0	0	24	2	0	0	0	13	0	0	32	26	22	0	113	19	11	75	0	0	0	0	0	0	0	0	2	0	0	24	2	0	0	0	13	0	7	34	26	22	0	214	422	15	11	32	15	11	32	13	0	0	32	26	22	0	113	15	11	32	2	0	0	24	2	0	0	0	13	0	0	32	26	22	0	113	15	11	34	0	0	0	0	0	0	0	0	2	0	0	24	2	0	0	0	13	0	0	32	26	22	0	113	19	11	75	0	0	0	0	0	0	0	0	0	0	0	0	0	0	0	0	2	0	0	24	2	0	0	0	13	0	7	34	26	22	0	214
552	538	42	36	68	524	32	24	36	42	36	68	29	12	65	33	48	24	68	176	510	32	24	35	32	24	36	29	12	52	31	48	24	36	113	42	36	68	7	0	0	11	4	0	0	0	29	12	65	33	48	24	68	176	496	32	24	35	32	24	35	29	12	49	31	48	24	35	113	32	24	36	7	0	0	11	4	0	0	0	29	12	52	31	48	24	36	113	42	36	68	4	0	0	0	0	0	0	0	7	0	0	11	4	0	0	0	29	12	65	33	48	24	68	176	482	32	24	35	32	24	35	29	12	49	31	48	24	35	113	32	24	35	7	0	0	11	4	0	0	0	29	12	49	31	48	24	35	113	32	24	36	4	0	0	0	0	0	0	0	7	0	0	11	4	0	0	0	29	12	52	31	48	24	36	113	42	36	68	0	0	0	0	0	0	0	0	4	0	0	0	0	0	0	0	7	0	0	11	4	0	0	0	29	12	65	33	48	24	68	176
517	503	54	61	58	489	39	43	48	54	61	58	23	20	101	33	60	59	116	32	475	39	43	47	39	43	48	23	20	88	31	60	59	96	11	54	61	58	5	0	0	11	6	0	0	0	23	20	101	33	60	59	116	32	461	39	43	47	39	43	47	23	20	85	31	60	59	94	11	39	43	48	5	0	0	11	6	0	0	0	23	20	88	31	60	59	96	11	54	61	58	4	0	0	0	0	0	0	0	5	0	0	11	6	0	0	0	23	20	101	33	60	59	116	32	447	39	43	47	39	43	47	23	20	85	31	60	59	94	11	39	43	47	5	0	0	11	6	0	0	0	23	20	85	31	60	59	94	11	39	43	48	4	0	0	0	0	0	0	0	5	0	0	11	6	0	0	0	23	20	88	31	60	59	96	11	54	61	58	0	0	0	0	0	0	0	0	4	0	0	0	0	0	0	0	5	0	0	11	6	0	0	0	23	20	101	33	60	59	116	32
328	320	23	0	46	312	20	0	0	23	0	46	17	0	16	0	36	0	0	271	304	20	0	0	20	0	0	17	0	0	0	36	0	0	113	23	0	46	4	0	0	0	5	0	0	0	17	0	16	0	36	0	0	271	296	20	0	0	20	0	0	17	0	0	0	36	0	0	113	20	0	0	4	0	0	0	5	0	0	0	17	0	0	0	36	0	0	113	23	0	46	2	0	0	0	0	0	0	0	4	0	0	0	5	0	0	0	17	0	16	0	36	0	0	271	288	20	0	0	20	0	0	17	0	0	0	36	0	0	113	20	0	0	4	0	0	0	5	0	0	0	17	0	0	0	36	0	0	113	20	0	0	2	0	0	0	0	0	0	0	4	0	0	0	5	0	0	0	17	0	0	0	36	0	0	113	23	0	46	0	0	0	0	0	0	0	0	2	0	0	0	0	0	0	0	4	0	0	0	5	0	0	0	17	0	16	0	36	0	0	271
379	369	29	23	29	359	22	21	0	29	23	29	22	14	7	0	35	21	0	176	349	22	21	0	22	21	0	22	14	0	0	35	21	0	113	29	23	29	2	0	0	0	2	0	0	0	22	14	7	0	35	21	0	176	339	22	21	0	22	21	0	22	14	0	0	35	21	0	113	22	21	0	2	0	0	0	2	0	0	0	22	14	0	0	35	21	0	113	29	23	29	0	0	0	0	0	0	0	0	2	0	0	0	2	0	0	0	22	14	7	0	35	21	0	176	329	22	21	0	22	21	0	22	14	0	0	35	21	0	113	22	21	0	2	0	0	0	2	0	0	0	22	14	0	0	35	21	0	113	22	21	0	0	0	0	0	0	0	0	0	2	0	0	0	2	0	0	0	22	14	0	0	35	21	0	113	29	23	29	0	0	0	0	0	0	0	0	0	0	0	0	0	0	0	0	2	0	0	0	2	0	0	0	22	14	7	0	35	21	0	176
567	551	104	94	47	535	89	79	47	104	94	47	59	82	0	0	154	110	47	0	519	89	79	47	89	79	47	59	82	0	0	135	105	47	0	104	94	47	30	0	0	0	19	0	0	0	59	82	0	0	154	110	47	0	503	88	73	42	89	79	47	59	82	0	0	135	105	47	0	89	79	47	27	0	0	0	14	0	0	0	59	82	0	0	135	105	47	0	104	94	47	25	54	0	55	14	9	0	0	30	0	0	0	19	0	0	0	59	82	0	0	154	110	47	0	487	86	66	38	88	73	42	58	70	0	0	134	99	42	0	89	79	47	27	0	0	0	14	0	0	0	59	82	0	0	135	105	47	0	89	79	47	22	48	0	45	8	8	0	0	27	0	0	0	14	0	0	0	59	82	0	0	135	105	47	0	104	94	47	31	60	0	36	7	16	0	0	25	54	0	55	14	9	0	0	30	0	0	0	19	0	0	0	59	82	0	0	154	110	47	0
696	677	76	99	123	658	70	93	93	76	99	123	49	81	0	100	104	80	0	126	639	68	88	68	70	93	93	47	76	0	52	102	76	0	84	76	99	123	12	64	0	101	13	26	0	89	49	81	0	100	104	80	0	126	620	68	84	42	68	88	68	47	72	0	50	101	73	0	82	70	93	93	12	60	0	22	11	24	0	11	47	76	0	52	102	76	0	84	76	99	123	12	48	0	44	2	0	0	156	12	64	0	101	13	26	0	89	49	81	0	100	104	80	0	126	601	68	84	40	68	84	42	47	72	0	50	101	72	0	82	68	88	68	12	60	0	22	11	24	0	11	47	72	0	50	101	73	0	82	70	93	93	12	48	0	38	1	0	0	93	12	60	0	22	11	24	0	11	47	76	0	52	102	76	0	84	76	99	123	8	0	0	18	1	0	0	0	12	48	0	44	2	0	0	156	12	64	0	101	13	26	0	89	49	81	0	100	104	80	0	126
564	547	92	87	72	530	79	87	59	92	87	72	66	0	0	56	121	153	0	58	513	77	87	57	79	87	59	60	0	0	52	116	153	0	48	92	87	72	25	0	0	24	13	28	0	0	66	0	0	56	121	153	0	58	496	77	87	53	77	87	57	60	0	0	50	114	153	0	47	79	87	59	25	0	0	22	13	28	0	0	60	0	0	52	116	153	0	48	92	87	72	25	0	0	44	3	0	0	0	25	0	0	24	13	28	0	0	66	0	0	56	121	153	0	58	479	77	87	51	77	87	53	60	0	0	50	114	153	0	47	77	87	57	25	0	0	22	13	28	0	0	60	0	0	50	114	153	0	47	79	87	59	25	0	0	38	3	0	0	0	25	0	0	22	13	28	0	0	60	0	0	52	116	153	0	48	92	87	72	16	0	0	18	3	0	0	0	25	0	0	44	3	0	0	0	25	0	0	24	13	28	0	0	66	0	0	56	121	153	0	58
720	698	109	186	67	676	91	174	64	109	186	67	56	142	0	40	147	156	0	0	654	88	167	60	91	174	64	53	140	0	36	128	149	0	0	109	186	67	26	95	0	46	17	43	0	0	56	142	0	40	147	156	0	0	632	87	157	45	88	167	60	53	132	0	34	125	145	0	0	91	174	64	23	87	0	22	12	39	0	0	53	140	0	36	128	149	0	0	109	186	67	24	104	0	44	10	10	0	70	26	95	0	46	17	43	0	0	56	142	0	40	147	156	0	0	610	86	149	43	87	157	45	52	116	0	34	124	139	0	0	88	167	60	23	83	0	22	12	37	0	0	53	132	0	34	125	145	0	0	91	174	64	21	92	0	38	4	9	0	18	23	87	0	22	12	39	0	0	53	140	0	36	128	149	0	0	109	186	67	25	76	0	18	7	10	0	0	24	104	0	44	10	10	0	70	26	95	0	46	17	43	0	0	56	142	0	40	147	156	0	0
467	453	102	84	0	439	79	70	0	102	84	0	55	58	0	0	147	134	0	0	425	77	69	0	79	70	0	49	56	0	0	99	115	0	0	102	84	0	38	5	0	0	19	8	0	0	55	58	0	0	147	134	0	0	411	73	67	0	77	69	0	49	56	0	0	97	112	0	0	79	70	0	32	5	0	0	10	5	0	0	49	56	0	0	99	115	0	0	102	84	0	34	16	0	0	16	14	0	0	38	5	0	0	19	8	0	0	55	58	0	0	147	134	0	0	397	70	58	0	73	67	0	45	52	0	0	93	109	0	0	77	69	0	32	5	0	0	10	5	0	0	49	56	0	0	97	112	0	0	79	70	0	30	12	0	0	9	6	0	0	32	5	0	0	10	5	0	0	49	56	0	0	99	115	0	0	102	84	0	37	46	0	0	9	12	0	0	34	16	0	0	16	14	0	0	38	5	0	0	19	8	0	0	55	58	0	0	147	134	0	0
509	494	93	88	6	479	71	75	6	93	88	6	77	52	0	0	146	126	6	0	464	61	73	6	71	75	6	56	48	0	0	103	105	6	0	93	88	6	34	11	0	0	24	21	0	0	77	52	0	0	146	126	6	0	449	53	64	6	61	73	6	35	44	0	0	82	102	6	0	71	75	6	20	6	0	0	9	6	0	0	56	48	0	0	103	105	6	0	93	88	6	12	20	0	0	16	10	6	0	34	11	0	0	24	21	0	0	77	52	0	0	146	126	6	0	434	47	43	6	53	64	6	29	20	0	0	72	80	6	0	61	73	6	15	5	0	0	6	5	0	0	35	44	0	0	82	102	6	0	71	75	6	8	0	0	0	9	0	6	0	20	6	0	0	9	6	0	0	56	48	0	0	103	105	6	0	93	88	6	13	5	18	0	6	0	24	0	12	20	0	0	16	10	6	0	34	11	0	0	24	21	0	0	77	52	0	0	146	126	6	0
487	473	113	72	9	459	92	65	0	113	72	9	84	56	0	0	171	112	0	47	445	86	64	0	92	65	0	68	54	0	0	132	101	0	47	113	72	9	47	6	0	0	30	0	0	0	84	56	0	0	171	112	0	47	431	78	63	0	86	64	0	53	54	0	0	119	98	0	47	92	65	0	31	6	0	0	11	0	0	0	68	54	0	0	132	101	0	47	113	72	9	31	9	0	0	20	9	0	0	47	6	0	0	30	0	0	0	84	56	0	0	171	112	0	47	417	70	52	0	78	63	0	42	51	0	0	110	96	0	42	86	64	0	26	6	0	0	11	0	0	0	53	54	0	0	119	98	0	47	92	65	0	20	7	0	0	9	7	0	0	31	6	0	0	11	0	0	0	68	54	0	0	132	101	0	47	113	72	9	30	41	2	0	8	9	9	0	31	9	0	0	20	9	0	0	47	6	0	0	30	0	0	0	84	56	0	0	171	112	0	47
417	403	113	75	2	389	103	68	0	113	75	2	111	17	0	0	167	41	2	0	375	95	63	0	103	68	0	93	12	0	0	160	35	0	0	113	75	2	38	0	0	0	26	15	2	0	111	17	0	0	167	41	2	0	361	86	63	0	95	63	0	72	12	0	0	145	30	0	0	103	68	0	23	0	0	0	11	0	0	0	93	12	0	0	160	35	0	0	113	75	2	18	0	0	0	19	10	0	0	38	0	0	0	26	15	2	0	111	17	0	0	167	41	2	0	347	78	63	0	86	63	0	62	12	0	0	133	30	0	0	95	63	0	18	0	0	0	9	0	0	0	72	12	0	0	145	30	0	0	103	68	0	10	0	0	0	12	0	0	0	23	0	0	0	11	0	0	0	93	12	0	0	160	35	0	0	113	75	2	27	0	2	0	9	0	0	0	18	0	0	0	19	10	0	0	38	0	0	0	26	15	2	0	111	17	0	0	167	41	2	0
548	532	100	104	2	516	74	90	0	100	104	2	87	75	0	0	163	204	2	0	500	62	77	0	74	90	0	60	63	0	0	108	171	0	0	100	104	2	26	78	0	0	24	37	0	0	87	75	0	0	163	204	2	0	484	53	58	0	62	77	0	37	51	0	0	81	135	0	0	74	90	0	9	60	0	0	8	21	0	0	60	63	0	0	108	171	0	0	100	104	2	16	23	0	0	19	35	6	0	26	78	0	0	24	37	0	0	87	75	0	0	163	204	2	0	468	44	49	0	53	58	0	27	33	0	0	64	108	0	0	62	77	0	3	51	0	0	4	16	0	0	37	51	0	0	81	135	0	0	74	90	0	5	18	0	0	9	22	0	0	9	60	0	0	8	21	0	0	60	63	0	0	108	171	0	0	100	104	2	23	28	2	0	7	19	2	0	16	23	0	0	19	35	6	0	26	78	0	0	24	37	0	0	87	75	0	0	163	204	2	0
680	660	138	167	0	640	111	122	0	138	167	0	86	201	0	0	186	218	0	0	620	101	88	0	111	122	0	70	81	0	0	159	142	0	0	138	167	0	21	71	0	0	28	52	0	0	86	201	0	0	186	218	0	0	600	92	73	0	101	88	0	61	12	0	0	142	70	0	0	111	122	0	13	20	0	0	12	14	0	0	70	81	0	0	159	142	0	0	138	167	0	14	12	0	0	31	36	0	0	21	71	0	0	28	52	0	0	86	201	0	0	186	218	0	0	580	85	69	0	92	73	0	52	0	0	0	125	49	0	0	101	88	0	12	0	0	0	6	8	0	0	61	12	0	0	142	70	0	0	111	122	0	8	0	0	0	16	14	0	0	13	20	0	0	12	14	0	0	70	81	0	0	159	142	0	0	138	167	0	26	0	0	0	13	12	0	0	14	12	0	0	31	36	0	0	21	71	0	0	28	52	0	0	86	201	0	0	186	218	0	0
474	458	85	98	19	442	65	80	0	85	98	19	68	96	25	0	123	103	19	10	426	52	60	0	65	80	0	41	72	0	0	89	82	0	6	85	98	19	19	12	32	0	11	14	57	0	68	96	25	0	123	103	19	10	410	43	48	0	52	60	0	28	36	0	0	68	60	0	6	65	80	0	12	0	0	0	10	12	0	0	41	72	0	0	89	82	0	6	85	98	19	5	0	29	0	10	14	38	0	19	12	32	0	11	14	57	0	68	96	25	0	123	103	19	10	394	38	48	0	43	48	0	19	36	0	0	42	36	0	6	52	60	0	1	0	0	0	1	0	0	0	28	36	0	0	68	60	0	6	65	80	0	4	0	0	0	10	12	0	0	12	0	0	0	10	12	0	0	41	72	0	0	89	82	0	6	85	98	19	3	0	20	0	5	7	0	0	5	0	29	0	10	14	38	0	19	12	32	0	11	14	57	0	68	96	25	0	123	103	19	10
247	238	46	27	4	229	30	26	0	46	27	4	47	4	20	0	57	25	0	0	220	20	22	0	30	26	0	18	4	0	0	32	24	0	0	46	27	4	7	0	12	0	6	4	4	0	47	4	20	0	57	25	0	0	211	17	18	0	20	22	0	9	0	0	0	20	16	0	0	30	26	0	0	0	0	0	6	4	0	0	18	4	0	0	32	24	0	0	46	27	4	0	0	4	0	6	0	4	0	7	0	12	0	6	4	4	0	47	4	20	0	57	25	0	0	202	17	18	0	17	18	0	9	0	0	0	13	12	0	0	20	22	0	0	0	0	0	0	0	0	0	9	0	0	0	20	16	0	0	30	26	0	0	0	0	0	6	0	0	0	0	0	0	0	6	4	0	0	18	4	0	0	32	24	0	0	46	27	4	0	0	0	0	3	0	0	0	0	0	4	0	6	0	4	0	7	0	12	0	6	4	4	0	47	4	20	0	57	25	0	0
432	418	68	74	4	404	48	48	0	68	74	4	51	67	20	0	86	66	12	0	390	39	33	0	48	48	0	29	22	0	0	62	38	0	0	68	74	4	10	0	12	0	8	8	12	0	51	67	20	0	86	66	12	0	376	33	33	0	39	33	0	17	22	0	0	49	33	0	0	48	48	0	1	0	0	0	6	5	0	0	29	22	0	0	62	38	0	0	68	74	4	3	0	4	0	11	16	0	0	10	0	12	0	8	8	12	0	51	67	20	0	86	66	12	0	362	32	33	0	33	33	0	15	22	0	0	34	33	0	0	39	33	0	0	0	0	0	0	0	0	0	17	22	0	0	49	33	0	0	48	48	0	2	0	0	0	8	10	0	0	1	0	0	0	6	5	0	0	29	22	0	0	62	38	0	0	68	74	4	5	0	0	0	5	8	0	0	3	0	4	0	11	16	0	0	10	0	12	0	8	8	12	0	51	67	20	0	86	66	12	0
203	196	34	17	0	189	24	10	0	34	17	0	25	5	0	0	36	16	0	0	182	19	10	0	24	10	0	13	5	0	0	26	10	0	0	34	17	0	0	0	0	0	2	0	0	0	25	5	0	0	36	16	0	0	175	18	10	0	19	10	0	12	5	0	0	23	10	0	0	24	10	0	0	0	0	0	2	0	0	0	13	5	0	0	26	10	0	0	34	17	0	0	0	0	0	3	0	0	0	0	0	0	0	2	0	0	0	25	5	0	0	36	16	0	0	168	18	10	0	18	10	0	12	5	0	0	22	10	0	0	19	10	0	0	0	0	0	0	0	0	0	12	5	0	0	23	10	0	0	24	10	0	0	0	0	0	3	0	0	0	0	0	0	0	2	0	0	0	13	5	0	0	26	10	0	0	34	17	0	0	0	0	0	1	0	0	0	0	0	0	0	3	0	0	0	0	0	0	0	2	0	0	0	25	5	0	0	36	16	0	0
231	224	36	17	0	217	24	8	0	36	17	0	23	6	0	0	36	22	0	0	210	21	6	0	24	8	0	14	0	0	0	28	12	0	0	36	17	0	0	0	0	0	3	0	0	0	23	6	0	0	36	22	0	0	203	21	6	0	21	6	0	14	0	0	0	27	12	0	0	24	8	0	0	0	0	0	1	0	0	0	14	0	0	0	28	12	0	0	36	17	0	1	0	0	0	7	0	0	0	0	0	0	0	3	0	0	0	23	6	0	0	36	22	0	0	196	21	6	0	21	6	0	14	0	0	0	27	12	0	0	21	6	0	0	0	0	0	0	0	0	0	14	0	0	0	27	12	0	0	24	8	0	1	0	0	0	4	0	0	0	0	0	0	0	1	0	0	0	14	0	0	0	28	12	0	0	36	17	0	3	0	0	0	3	0	0	0	1	0	0	0	7	0	0	0	0	0	0	0	3	0	0	0	23	6	0	0	36	22	0	0
465	446	87	124	29	427	58	105	9	87	124	29	31	120	56	17	105	159	29	23	408	55	105	0	58	105	9	22	120	12	0	74	143	9	0	87	124	29	5	0	19	0	15	0	0	2	31	120	56	17	105	159	29	23	389	54	105	0	55	105	0	22	120	0	0	67	143	0	0	58	105	9	0	0	4	0	2	0	0	0	22	120	12	0	74	143	9	0	87	124	29	2	0	0	0	16	14	0	0	5	0	19	0	15	0	0	2	31	120	56	17	105	159	29	23	370	54	105	0	54	105	0	22	120	0	0	66	143	0	0	55	105	0	0	0	0	0	2	0	0	0	22	120	0	0	67	143	0	0	58	105	9	2	0	0	0	4	12	0	0	0	0	4	0	2	0	0	0	22	120	12	0	74	143	9	0	86	124	29	10	0	0	0	8	0	0	0	2	0	0	0	16	14	0	0	5	0	19	0	15	0	0	2	31	120	56	17	104	159	29	23
272	263	39	20	17	254	25	14	4	39	20	17	17	0	38	12	43	21	17	4	245	24	14	0	25	14	4	14	0	12	0	31	21	4	0	39	20	17	0	0	7	0	6	0	0	0	17	0	38	12	43	21	17	4	236	24	14	0	24	14	0	14	0	0	0	28	21	0	0	25	14	4	0	0	4	0	0	0	0	0	14	0	12	0	31	21	4	0	39	20	17	1	0	0	0	9	0	0	0	0	0	7	0	6	0	0	0	17	0	38	12	43	21	17	4	227	24	14	0	24	14	0	14	0	0	0	28	21	0	0	24	14	0	0	0	0	0	0	0	0	0	14	0	0	0	28	21	0	0	25	14	4	1	0	0	0	2	0	0	0	0	0	4	0	0	0	0	0	14	0	12	0	31	21	4	0	39	20	17	3	0	0	0	4	0	0	0	1	0	0	0	9	0	0	0	0	0	7	0	6	0	0	0	17	0	38	12	43	21	17	4
457	442	78	81	14	427	54	59	4	78	81	14	36	13	38	12	99	96	42	4	412	51	59	0	54	59	4	32	13	12	0	83	87	12	0	78	81	14	5	0	7	0	12	14	0	0	36	13	38	12	99	96	42	4	397	47	58	0	51	59	0	29	13	0	0	70	87	0	0	54	59	4	2	0	4	0	4	0	0	0	32	13	12	0	83	87	12	0	78	81	14	4	10	0	0	18	31	0	0	5	0	7	0	12	14	0	0	36	13	38	12	99	96	42	4	382	45	55	0	47	58	0	26	13	0	0	59	87	0	0	51	59	0	0	0	0	0	2	0	0	0	29	13	0	0	70	87	0	0	54	59	4	3	10	0	0	8	10	0	0	2	0	4	0	4	0	0	0	32	13	12	0	83	87	12	0	78	81	14	9	21	0	0	7	14	0	0	4	10	0	0	18	31	0	0	5	0	7	0	12	14	0	0	36	13	38	12	99	96	42	4
413	395	83	134	7	377	52	116	4	83	134	7	37	78	21	12	117	247	21	0	359	48	116	0	52	116	4	29	78	12	0	83	229	12	0	83	134	7	11	0	7	0	15	23	0	0	37	78	21	12	117	247	21	0	341	43	115	0	48	116	0	26	78	0	0	69	229	0	0	52	116	4	3	0	4	0	5	13	0	0	29	78	12	0	83	229	12	0	83	134	7	6	7	0	0	16	32	0	0	11	0	7	0	15	23	0	0	37	78	21	12	117	247	21	0	323	41	112	0	43	115	0	23	78	0	0	57	229	0	0	48	116	0	1	0	0	0	3	13	0	0	26	78	0	0	69	229	0	0	52	116	4	5	7	0	0	8	20	0	0	3	0	4	0	5	13	0	0	29	78	12	0	83	229	12	0	80	134	7	9	12	0	0	6	8	0	0	6	7	0	0	16	32	0	0	11	0	7	0	15	23	0	0	37	78	21	12	114	247	21	0
316	307	48	27	7	298	37	15	4	48	27	7	21	0	21	12	65	10	28	0	289	34	15	0	37	15	4	17	0	12	0	57	7	16	0	48	27	7	5	0	7	0	9	6	0	0	21	0	21	12	65	10	28	0	280	30	14	0	34	15	0	14	0	0	0	44	7	0	0	37	15	4	2	0	4	0	3	0	0	0	17	0	12	0	57	7	16	0	48	27	7	4	7	0	0	14	16	0	0	5	0	7	0	9	6	0	0	21	0	21	12	65	10	28	0	271	28	10	0	30	14	0	11	0	0	0	33	7	0	0	34	15	0	0	0	0	0	1	0	0	0	14	0	0	0	44	7	0	0	37	15	4	3	7	0	0	6	7	0	0	2	0	4	0	3	0	0	0	17	0	12	0	57	7	16	0	48	27	7	8	12	0	0	6	6	0	0	4	7	0	0	14	16	0	0	5	0	7	0	9	6	0	0	21	0	21	12	65	10	28	0
392	381	55	26	35	370	36	8	29	55	26	35	28	16	60	41	101	82	70	0	359	29	0	14	36	8	29	15	0	53	20	50	40	58	0	55	26	35	5	0	24	22	4	10	35	23	28	16	60	41	101	82	70	0	348	25	0	0	29	0	14	9	0	29	0	28	0	28	0	36	8	29	2	0	24	0	3	8	29	0	15	0	53	20	50	40	58	0	55	26	35	3	0	6	0	6	0	0	8	5	0	24	22	4	10	35	23	28	16	60	41	101	82	70	0	337	23	0	0	25	0	0	6	0	0	0	14	0	0	0	29	0	14	0	0	20	0	0	0	14	0	9	0	29	0	28	0	28	0	36	8	29	2	0	6	0	5	0	0	6	2	0	24	0	3	8	29	0	15	0	53	20	50	40	58	0	55	26	35	8	0	0	0	3	0	0	0	3	0	6	0	6	0	0	8	5	0	24	22	4	10	35	23	28	16	60	41	101	82	70	0
504	490	64	0	67	476	57	0	26	64	0	67	37	0	32	62	111	0	0	74	462	51	0	9	57	0	26	31	0	25	20	94	0	0	25	64	0	67	5	0	18	17	5	0	0	23	37	0	32	62	111	0	0	74	448	47	0	0	51	0	9	25	0	9	0	69	0	0	0	57	0	26	2	0	18	0	5	0	0	0	31	0	25	20	94	0	0	25	64	0	67	5	0	6	0	9	0	0	2	5	0	18	17	5	0	0	23	37	0	32	62	111	0	0	74	434	42	0	0	47	0	0	22	0	0	0	55	0	0	0	51	0	9	0	0	15	0	1	0	0	0	25	0	9	0	69	0	0	0	57	0	26	4	0	6	0	9	0	0	0	2	0	18	0	5	0	0	0	31	0	25	20	94	0	0	25	64	0	67	3	0	14	0	2	0	0	0	5	0	6	0	9	0	0	2	5	0	18	17	5	0	0	23	37	0	32	62	111	0	0	74
608	590	75	97	47	572	53	81	24	75	97	47	32	61	32	56	120	199	47	28	554	47	67	9	53	81	24	22	46	25	20	71	152	24	12	75	97	47	6	34	18	17	10	12	47	23	32	61	32	56	120	199	47	28	536	43	43	0	47	67	9	18	22	9	0	50	89	9	0	53	81	24	1	11	18	0	4	11	24	0	22	46	25	20	71	152	24	12	75	97	47	7	26	6	0	10	28	94	2	6	34	18	17	10	12	47	23	32	61	32	56	120	199	47	28	518	38	30	0	43	43	0	16	0	0	0	42	11	0	0	47	67	9	0	0	15	0	1	0	9	0	18	22	9	0	50	89	9	0	53	81	24	4	13	6	0	7	25	48	0	1	11	18	0	4	11	24	0	22	46	25	20	71	152	24	12	75	97	47	6	26	14	0	2	13	47	0	7	26	6	0	10	28	94	2	6	34	18	17	10	12	47	23	32	61	32	56	120	199	47	28
180	175	15	0	11	170	14	0	5	15	0	11	9	0	0	15	30	0	0	7	165	12	0	0	14	0	5	8	0	0	0	27	0	0	4	15	0	11	4	0	0	0	2	0	0	4	9	0	0	15	30	0	0	7	160	9	0	0	12	0	0	5	0	0	0	17	0	0	0	14	0	5	2	0	0	0	2	0	0	0	8	0	0	0	27	0	0	4	15	0	11	3	0	0	0	4	0	0	0	4	0	0	0	2	0	0	4	9	0	0	15	30	0	0	7	155	6	0	0	9	0	0	2	0	0	0	6	0	0	0	12	0	0	0	0	0	0	0	0	0	0	5	0	0	0	17	0	0	0	14	0	5	2	0	0	0	4	0	0	0	2	0	0	0	2	0	0	0	8	0	0	0	27	0	0	4	15	0	11	2	0	3	0	1	0	0	0	3	0	0	0	4	0	0	0	4	0	0	0	2	0	0	4	9	0	0	15	30	0	0	7
351	341	43	24	14	331	30	22	0	43	24	14	19	15	0	0	76	76	0	28	321	27	14	0	30	22	0	11	14	0	0	46	71	0	12	43	24	14	4	7	0	0	6	7	14	0	19	15	0	0	76	76	0	28	311	24	7	0	27	14	0	9	7	0	0	35	35	0	0	30	22	0	1	7	0	0	3	7	0	0	11	14	0	0	46	71	0	12	43	24	14	6	0	0	0	9	9	14	0	4	7	0	0	6	7	14	0	19	15	0	0	76	76	0	28	301	20	0	0	24	7	0	7	0	0	0	28	7	0	0	27	14	0	0	0	0	0	1	0	0	0	9	7	0	0	35	35	0	0	30	22	0	5	0	0	0	7	8	0	0	1	7	0	0	3	7	0	0	11	14	0	0	46	71	0	12	43	24	14	7	0	14	0	2	0	14	0	6	0	0	0	9	9	14	0	4	7	0	0	6	7	14	0	19	15	0	0	76	76	0	28
730	709	67	80	108	688	31	0	107	67	80	108	22	0	103	6	132	240	540	0	667	27	0	107	31	0	107	11	0	102	6	32	0	535	0	67	80	108	0	0	26	0	4	16	0	0	22	0	103	6	132	240	540	0	646	27	0	106	27	0	107	11	0	102	5	23	0	535	0	31	0	107	0	0	26	0	2	0	0	0	11	0	102	6	32	0	535	0	67	80	108	4	0	0	5	6	0	0	0	0	0	26	0	4	16	0	0	22	0	103	6	132	240	540	0	625	27	0	91	27	0	106	11	0	101	0	23	0	530	0	27	0	107	0	0	26	0	2	0	0	0	11	0	102	5	23	0	535	0	31	0	107	4	0	0	0	3	0	0	0	0	0	26	0	2	0	0	0	11	0	102	6	32	0	535	0	67	80	108	20	0	0	12	5	0	0	15	4	0	0	5	6	0	0	0	0	0	26	0	4	16	0	0	22	0	103	6	132	240	540	0
390	378	35	35	25	366	15	11	24	35	35	25	5	0	7	6	62	48	75	0	354	15	11	24	15	11	24	5	0	6	6	14	0	72	0	35	35	25	0	0	0	0	3	0	0	0	5	0	7	6	62	48	75	0	342	15	11	23	15	11	24	5	0	6	5	14	0	72	0	15	11	24	0	0	0	0	1	0	0	0	5	0	6	6	14	0	72	0	35	35	25	0	0	0	5	1	0	0	0	0	0	0	0	3	0	0	0	5	0	7	6	62	48	75	0	330	15	11	17	15	11	23	5	0	5	0	14	0	69	0	15	11	24	0	0	0	0	1	0	0	0	5	0	6	5	14	0	72	0	15	11	24	0	0	0	0	0	0	0	0	0	0	0	0	1	0	0	0	5	0	6	6	14	0	72	0	35	35	25	0	0	0	6	1	0	0	6	0	0	0	5	1	0	0	0	0	0	0	0	3	0	0	0	5	0	7	6	62	48	75	0
486	472	33	40	65	458	11	0	65	33	40	65	6	0	38	0	63	100	260	0	444	10	0	65	11	0	65	4	0	38	0	9	0	260	0	33	40	65	0	0	11	0	1	0	0	0	6	0	38	0	63	100	260	0	430	10	0	65	10	0	65	4	0	38	0	7	0	260	0	11	0	65	0	0	11	0	0	0	0	0	4	0	38	0	9	0	260	0	33	40	65	0	0	0	0	2	0	0	0	0	0	11	0	1	0	0	0	6	0	38	0	63	100	260	0	416	10	0	64	10	0	65	4	0	38	0	7	0	260	0	10	0	65	0	0	11	0	0	0	0	0	4	0	38	0	7	0	260	0	11	0	65	0	0	0	0	0	0	0	0	0	0	11	0	0	0	0	0	4	0	38	0	9	0	260	0	33	40	65	4	0	0	6	2	0	0	0	0	0	0	0	2	0	0	0	0	0	11	0	1	0	0	0	6	0	38	0	63	100	260	0
347	334	29	47	37	321	13	36	24	29	47	37	4	27	15	31	39	36	37	35	308	13	36	23	13	36	24	4	27	6	28	7	27	24	29	29	47	37	0	0	0	6	2	0	0	0	4	27	15	31	39	36	37	35	295	13	36	12	13	36	23	4	27	6	5	7	27	23	14	13	36	24	0	0	0	0	0	0	0	0	4	27	6	28	7	27	24	29	29	47	37	0	0	0	5	0	0	0	23	0	0	0	6	2	0	0	0	4	27	15	31	39	36	37	35	282	13	36	7	13	36	12	4	27	5	0	7	27	12	0	13	36	23	0	0	0	0	0	0	0	0	4	27	6	5	7	27	23	14	13	36	24	0	0	0	0	0	0	0	0	0	0	0	0	0	0	0	0	4	27	6	28	7	27	24	29	29	47	37	0	0	0	0	0	0	0	6	0	0	0	5	0	0	0	23	0	0	0	6	2	0	0	0	4	27	15	31	39	36	37	35
417	405	49	27	60	393	26	0	31	49	27	60	18	0	53	81	87	72	180	82	381	22	0	25	26	0	31	8	0	24	63	22	0	93	53	49	27	60	1	0	31	41	4	9	0	0	18	0	53	81	87	72	180	82	369	21	0	14	22	0	25	6	0	24	32	11	0	75	23	26	0	31	0	0	6	20	0	0	0	0	8	0	24	63	22	0	93	53	49	27	60	2	0	11	22	5	0	0	19	1	0	31	41	4	9	0	0	18	0	53	81	87	72	180	82	357	21	0	0	21	0	14	6	0	20	0	10	0	42	0	22	0	25	0	0	6	0	0	0	0	0	6	0	24	32	11	0	75	23	26	0	31	2	0	0	0	4	0	0	0	0	0	6	20	0	0	0	0	8	0	24	63	22	0	93	53	49	27	60	8	0	0	0	3	0	0	8	2	0	11	22	5	0	0	19	1	0	31	41	4	9	0	0	18	0	53	81	87	72	180	82
773	750	73	94	164	727	41	22	132	73	94	164	34	0	106	54	92	198	656	173	704	39	22	129	41	22	132	27	0	102	51	22	0	528	172	73	94	164	9	0	9	18	13	0	0	0	34	0	106	54	92	198	656	173	681	38	22	129	39	22	129	27	0	99	51	20	0	516	172	41	22	132	6	0	9	18	4	0	0	0	27	0	102	51	22	0	528	172	73	94	164	23	0	0	0	11	18	0	0	9	0	9	18	13	0	0	0	34	0	106	54	92	198	656	173	658	26	18	128	38	22	129	26	0	99	50	19	0	516	171	39	22	129	2	0	9	15	2	0	0	0	27	0	99	51	20	0	516	172	41	22	132	3	0	0	0	1	0	0	0	6	0	9	18	4	0	0	0	27	0	102	51	22	0	528	172	73	94	164	19	72	93	5	7	18	0	0	23	0	0	0	11	18	0	0	9	0	9	18	13	0	0	0	34	0	106	54	92	198	656	173
507	492	34	36	100	477	9	0	61	34	36	100	10	0	68	67	62	84	300	198	462	7	0	61	9	0	61	1	0	66	67	4	0	183	196	34	36	100	3	0	10	0	6	0	0	0	10	0	68	67	62	84	300	198	447	6	0	61	7	0	61	1	0	66	67	1	0	183	196	9	0	61	0	0	10	0	0	0	0	0	1	0	66	67	4	0	183	196	34	36	100	4	0	0	0	6	12	0	0	3	0	10	0	6	0	0	0	10	0	68	67	62	84	300	198	432	5	0	61	6	0	61	0	0	66	67	0	0	183	194	7	0	61	0	0	10	0	0	0	0	0	1	0	66	67	1	0	183	196	9	0	61	1	0	0	0	1	0	0	0	0	0	10	0	0	0	0	0	1	0	66	67	4	0	183	196	34	36	100	9	0	0	0	3	12	0	0	4	0	0	0	6	12	0	0	3	0	10	0	6	0	0	0	10	0	68	67	62	84	300	198
406	394	28	20	65	382	6	0	21	28	20	65	9	0	52	11	58	40	130	258	370	4	0	21	6	0	21	0	0	51	11	3	0	42	227	28	20	65	0	0	10	0	4	0	0	0	9	0	52	11	58	40	130	258	358	4	0	21	4	0	21	0	0	51	11	0	0	42	221	6	0	21	0	0	10	0	0	0	0	0	0	0	51	11	3	0	42	227	28	20	65	1	0	0	0	6	0	0	0	0	0	10	0	4	0	0	0	9	0	52	11	58	40	130	258	346	4	0	21	4	0	21	0	0	51	11	0	0	42	208	4	0	21	0	0	10	0	0	0	0	0	0	0	51	11	0	0	42	221	6	0	21	1	0	0	0	1	0	0	0	0	0	10	0	0	0	0	0	0	0	51	11	3	0	42	227	28	20	65	9	0	0	0	4	0	0	0	1	0	0	0	6	0	0	0	0	0	10	0	4	0	0	0	9	0	52	11	58	40	130	258
600	582	56	88	70	564	24	28	40	56	88	70	12	55	47	41	78	192	350	168	546	22	17	11	24	28	40	9	0	43	11	10	11	200	138	56	88	70	4	0	19	18	13	0	70	96	12	55	47	41	78	192	350	168	528	20	16	11	22	17	11	9	0	11	11	8	0	55	132	24	28	40	0	0	18	18	0	0	40	53	9	0	43	11	10	11	200	138	56	88	70	6	16	0	0	11	27	0	0	4	0	19	18	13	0	70	96	12	55	47	41	78	192	350	168	510	17	11	10	20	16	11	8	0	11	10	7	0	55	120	22	17	11	0	0	0	15	0	0	11	23	9	0	11	11	8	0	55	132	24	28	40	1	11	0	0	2	11	0	0	0	0	18	18	0	0	40	53	9	0	43	11	10	11	200	138	56	88	70	9	55	12	5	5	11	0	0	6	16	0	0	11	27	0	0	4	0	19	18	13	0	70	96	12	55	47	41	78	192	350	168
441	428	35	12	79	415	17	0	22	35	12	79	11	0	17	43	55	24	79	295	402	16	0	18	17	0	22	6	0	15	36	8	0	22	251	35	12	79	0	0	0	24	2	0	0	0	11	0	17	43	55	24	79	295	389	16	0	18	16	0	18	6	0	12	36	7	0	18	244	17	0	22	0	0	0	24	0	0	0	0	6	0	15	36	8	0	22	251	35	12	79	2	0	0	0	6	0	0	0	0	0	0	24	2	0	0	0	11	0	17	43	55	24	79	295	376	15	0	16	16	0	18	6	0	12	31	7	0	18	220	16	0	18	0	0	0	20	0	0	0	0	6	0	12	36	7	0	18	244	17	0	22	1	0	0	0	1	0	0	0	0	0	0	24	0	0	0	0	6	0	15	36	8	0	22	251	35	12	79	13	0	7	10	5	0	0	0	2	0	0	0	6	0	0	0	0	0	0	24	2	0	0	0	11	0	17	43	55	24	79	295
641	621	55	53	168	601	33	19	109	55	53	168	22	0	67	102	48	34	336	399	581	30	19	108	33	19	109	19	0	53	100	14	0	218	254	55	53	168	16	0	12	15	19	34	0	0	22	0	67	102	48	34	336	399	561	16	19	108	30	19	108	15	0	53	100	11	0	216	222	33	19	109	2	0	12	15	1	0	0	0	19	0	53	100	14	0	218	254	55	53	168	6	0	126	0	4	17	0	0	16	0	12	15	19	34	0	0	22	0	67	102	48	34	336	399	541	9	19	108	16	19	108	0	0	53	100	3	0	216	222	30	19	108	2	0	12	15	1	0	0	0	15	0	53	100	11	0	216	222	33	19	109	0	0	119	0	0	0	0	0	2	0	12	15	1	0	0	0	19	0	53	100	14	0	218	254	55	53	168	0	0	67	0	0	0	0	0	6	0	126	0	4	17	0	0	16	0	12	15	19	34	0	0	22	0	67	102	48	34	336	399
427	414	30	22	89	401	11	0	22	30	22	89	3	0	23	44	29	33	178	478	388	9	0	21	11	0	22	1	0	10	42	2	0	44	276	30	22	89	3	0	0	11	11	22	0	0	3	0	23	44	29	33	178	478	375	8	0	21	9	0	21	1	0	10	42	1	0	42	240	11	0	22	0	0	0	11	0	0	0	0	1	0	10	42	2	0	44	276	30	22	89	4	0	0	0	5	0	0	0	3	0	0	11	11	22	0	0	3	0	23	44	29	33	178	478	362	5	0	21	8	0	21	0	0	10	42	0	0	42	240	9	0	21	0	0	0	11	0	0	0	0	1	0	10	42	1	0	42	240	11	0	22	0	0	0	0	0	0	0	0	0	0	0	11	0	0	0	0	1	0	10	42	2	0	44	276	30	22	89	0	0	29	0	0	0	0	0	4	0	0	0	5	0	0	0	3	0	0	11	11	22	0	0	3	0	23	44	29	33	178	478
633	613	69	96	115	593	47	53	62	69	96	115	27	17	46	105	48	73	345	334	573	45	50	58	47	53	62	25	17	31	97	20	17	186	233	69	96	115	7	42	0	31	14	28	0	0	27	17	46	105	48	73	345	334	553	34	33	44	45	50	58	25	14	30	77	19	14	174	201	47	53	62	2	0	0	17	1	0	0	0	25	17	31	97	20	17	186	233	69	96	115	4	42	92	18	5	14	115	47	7	42	0	31	14	28	0	0	27	17	46	105	48	73	345	334	533	21	19	44	34	33	44	4	0	19	77	8	0	132	201	45	50	58	2	0	0	17	1	0	0	0	25	14	30	77	19	14	174	201	47	53	62	0	0	79	18	0	0	62	24	2	0	0	17	1	0	0	0	25	17	31	97	20	17	186	233	69	96	115	0	0	136	0	0	0	115	0	4	42	92	18	5	14	115	47	7	42	0	31	14	28	0	0	27	17	46	105	48	73	345	334
457	443	45	45	54	429	18	0	41	45	45	54	12	0	55	20	36	99	270	70	415	14	0	41	18	0	41	3	0	42	20	5	0	205	40	45	45	54	6	0	0	0	13	36	0	0	12	0	55	20	36	99	270	70	401	11	0	41	14	0	41	3	0	42	20	4	0	205	11	18	0	41	0	0	0	0	0	0	0	0	3	0	42	20	5	0	205	40	45	45	54	4	0	11	0	4	9	0	0	6	0	0	0	13	36	0	0	12	0	55	20	36	99	270	70	387	9	0	41	11	0	41	2	0	42	20	3	0	205	11	14	0	41	0	0	0	0	0	0	0	0	3	0	42	20	4	0	205	11	18	0	41	0	0	11	0	0	0	0	0	0	0	0	0	0	0	0	0	3	0	42	20	5	0	205	40	45	45	54	0	0	11	0	0	0	0	0	4	0	11	0	4	9	0	0	6	0	0	0	13	36	0	0	12	0	55	20	36	99	270	70
408	395	38	44	50	382	16	12	19	38	44	50	6	0	32	19	29	56	200	234	369	13	12	18	16	12	19	1	0	19	18	4	0	76	172	38	44	50	4	0	0	11	10	24	0	0	6	0	32	19	29	56	200	234	356	11	12	0	13	12	18	1	0	18	0	3	0	72	140	16	12	19	0	0	0	0	0	0	0	0	1	0	19	18	4	0	76	172	38	44	50	5	0	0	0	6	8	0	61	4	0	0	11	10	24	0	0	6	0	32	19	29	56	200	234	343	7	12	0	11	12	0	0	0	0	0	2	0	0	140	13	12	18	0	0	0	0	0	0	0	0	1	0	18	0	3	0	72	140	16	12	19	0	0	0	0	0	0	0	24	0	0	0	0	0	0	0	0	1	0	19	18	4	0	76	172	38	44	50	0	0	42	0	0	0	0	0	5	0	0	0	6	8	0	61	4	0	0	11	10	24	0	0	6	0	32	19	29	56	200	234
350	339	24	18	58	328	15	0	12	24	18	58	12	0	0	48	10	0	116	308	317	10	0	10	15	0	12	3	0	0	40	5	0	24	144	24	18	58	1	0	14	20	0	0	0	0	12	0	0	48	10	0	116	308	306	8	0	10	10	0	10	2	0	0	40	3	0	20	138	15	0	12	0	0	0	20	0	0	0	0	3	0	0	40	5	0	24	144	24	18	58	0	0	14	0	0	0	0	0	1	0	14	20	0	0	0	0	12	0	0	48	10	0	116	308	295	8	0	10	8	0	10	2	0	0	40	3	0	20	106	10	0	10	0	0	0	20	0	0	0	0	2	0	0	40	3	0	20	138	15	0	12	0	0	0	0	0	0	0	0	0	0	0	20	0	0	0	0	3	0	0	40	5	0	24	144	24	18	58	0	0	0	0	0	0	0	0	0	0	14	0	0	0	0	0	1	0	14	20	0	0	0	0	12	0	0	48	10	0	116	308
507	490	47	68	97	473	35	54	33	47	68	97	26	24	13	54	24	13	97	476	456	23	30	32	35	54	33	15	0	12	52	17	12	33	253	47	68	97	3	0	127	9	1	0	194	0	26	24	13	54	24	13	97	476	439	19	30	32	23	30	32	6	0	12	52	12	0	32	246	35	54	33	2	0	99	9	1	0	66	0	15	0	12	52	17	12	33	253	47	68	97	0	0	38	0	0	0	0	0	3	0	127	9	1	0	194	0	26	24	13	54	24	13	97	476	422	19	30	32	19	30	32	6	0	12	52	12	0	32	214	23	30	32	2	0	95	9	1	0	64	0	6	0	12	52	12	0	32	246	35	54	33	0	0	20	0	0	0	0	0	2	0	99	9	1	0	66	0	15	0	12	52	17	12	33	253	47	68	97	0	0	0	0	0	0	0	0	0	0	38	0	0	0	0	0	3	0	127	9	1	0	194	0	26	24	13	54	24	13	97	476
411	398	31	39	50	385	18	9	30	31	39	50	18	27	27	32	17	18	150	104	372	12	0	30	18	9	30	6	0	27	32	9	0	90	60	31	39	50	1	0	31	0	0	0	50	0	18	27	27	32	17	18	150	104	359	11	0	30	12	0	30	6	0	27	32	8	0	90	59	18	9	30	0	0	29	0	0	0	30	0	6	0	27	32	9	0	90	60	31	39	50	0	0	0	0	0	0	0	0	1	0	31	0	0	0	50	0	18	27	27	32	17	18	150	104	346	11	0	30	11	0	30	6	0	27	32	8	0	90	41	12	0	30	0	0	29	0	0	0	30	0	6	0	27	32	8	0	90	59	18	9	30	0	0	0	0	0	0	0	0	0	0	29	0	0	0	30	0	6	0	27	32	9	0	90	60	31	39	50	0	0	0	0	0	0	0	0	0	0	0	0	0	0	0	0	1	0	31	0	0	0	50	0	18	27	27	32	17	18	150	104
524	507	48	45	112	490	38	31	56	48	45	112	23	0	0	89	39	0	112	387	473	33	30	43	38	31	56	14	0	0	31	34	0	56	231	48	45	112	0	14	14	19	1	0	0	70	23	0	0	89	39	0	112	387	456	27	16	42	33	30	43	13	0	0	29	32	0	43	225	38	31	56	0	0	0	18	1	0	0	40	14	0	0	31	34	0	56	231	48	45	112	0	0	69	11	1	0	112	0	0	14	14	19	1	0	0	70	23	0	0	89	39	0	112	387	439	27	16	14	27	16	42	13	0	0	0	32	0	42	193	33	30	43	0	0	0	0	1	0	0	11	13	0	0	29	32	0	43	225	38	31	56	0	0	48	0	1	0	56	0	0	0	0	18	1	0	0	40	14	0	0	31	34	0	56	231	48	45	112	0	0	0	45	0	0	0	61	0	0	69	11	1	0	112	0	0	14	14	19	1	0	0	70	23	0	0	89	39	0	112	387
363	350	25	61	9	337	12	35	0	25	61	9	9	40	0	0	10	45	36	54	324	9	30	0	12	35	0	4	20	0	0	8	30	0	41	25	61	9	1	0	0	0	0	0	9	0	9	40	0	0	10	45	36	54	311	8	30	0	9	30	0	4	20	0	0	7	30	0	41	12	35	0	0	0	0	0	0	0	0	0	4	20	0	0	8	30	0	41	25	61	9	0	0	0	0	0	0	0	0	1	0	0	0	0	0	9	0	9	40	0	0	10	45	36	54	298	8	30	0	8	30	0	4	20	0	0	7	30	0	41	9	30	0	0	0	0	0	0	0	0	0	4	20	0	0	7	30	0	41	12	35	0	0	0	0	0	0	0	0	0	0	0	0	0	0	0	0	0	4	20	0	0	8	30	0	41	25	61	9	0	0	0	0	0	0	0	0	0	0	0	0	0	0	0	0	1	0	0	0	0	0	9	0	9	40	0	0	10	45	36	54
356	344	28	29	77	332	12	11	75	28	29	77	14	0	115	22	22	33	154	0	320	12	11	74	12	11	75	14	0	109	21	21	33	150	0	28	29	77	0	0	0	12	1	0	0	0	14	0	115	22	22	33	154	0	308	12	11	74	12	11	74	14	0	105	21	21	33	148	0	12	11	75	0	0	0	12	1	0	0	0	14	0	109	21	21	33	150	0	28	29	77	0	0	0	0	0	0	0	0	0	0	0	12	1	0	0	0	14	0	115	22	22	33	154	0	296	12	11	74	12	11	74	14	0	105	21	21	33	148	0	12	11	74	0	0	0	12	1	0	0	0	14	0	105	21	21	33	148	0	12	11	75	0	0	0	0	0	0	0	0	0	0	0	12	1	0	0	0	14	0	109	21	21	33	150	0	28	29	77	0	0	0	0	0	0	0	0	0	0	0	0	0	0	0	0	0	0	0	12	1	0	0	0	14	0	115	22	22	33	154	0
277	268	22	14	24	259	15	0	9	22	14	24	16	0	34	9	24	0	48	59	250	15	0	9	15	0	9	16	0	18	9	24	0	18	30	22	14	24	0	0	0	0	1	0	0	0	16	0	34	9	24	0	48	59	241	15	0	9	15	0	9	16	0	18	9	24	0	18	30	15	0	9	0	0	0	0	1	0	0	0	16	0	18	9	24	0	18	30	22	14	24	0	0	0	0	0	0	0	0	0	0	0	0	1	0	0	0	16	0	34	9	24	0	48	59	232	15	0	9	15	0	9	16	0	18	9	24	0	18	30	15	0	9	0	0	0	0	1	0	0	0	16	0	18	9	24	0	18	30	15	0	9	0	0	0	0	0	0	0	0	0	0	0	0	1	0	0	0	16	0	18	9	24	0	18	30	22	14	24	0	0	0	0	0	0	0	0	0	0	0	0	0	0	0	0	0	0	0	0	1	0	0	0	16	0	34	9	24	0	48	59
216	209	19	6	22	202	11	0	16	19	6	22	12	0	32	9	19	0	22	9	195	11	0	16	11	0	16	12	0	25	9	19	0	16	0	19	6	22	0	0	0	0	1	0	0	0	12	0	32	9	19	0	22	9	188	11	0	16	11	0	16	12	0	25	9	19	0	16	0	11	0	16	0	0	0	0	1	0	0	0	12	0	25	9	19	0	16	0	19	6	22	0	0	0	0	0	0	0	0	0	0	0	0	1	0	0	0	12	0	32	9	19	0	22	9	181	11	0	16	11	0	16	12	0	25	9	19	0	16	0	11	0	16	0	0	0	0	1	0	0	0	12	0	25	9	19	0	16	0	11	0	16	0	0	0	0	0	0	0	0	0	0	0	0	1	0	0	0	12	0	25	9	19	0	16	0	19	6	22	0	0	0	0	0	0	0	0	0	0	0	0	0	0	0	0	0	0	0	0	1	0	0	0	12	0	32	9	19	0	22	9
217	210	13	0	49	203	7	0	0	13	0	49	2	0	38	0	4	0	0	326	196	6	0	0	7	0	0	2	0	0	0	3	0	0	131	13	0	49	0	0	14	0	0	0	0	0	2	0	38	0	4	0	0	326	189	6	0	0	6	0	0	2	0	0	0	3	0	0	115	7	0	0	0	0	0	0	0	0	0	0	2	0	0	0	3	0	0	131	13	0	49	0	0	0	0	0	0	0	0	0	0	14	0	0	0	0	0	2	0	38	0	4	0	0	326	182	6	0	0	6	0	0	2	0	0	0	3	0	0	114	6	0	0	0	0	0	0	0	0	0	0	2	0	0	0	3	0	0	115	7	0	0	0	0	0	0	0	0	0	0	0	0	0	0	0	0	0	0	2	0	0	0	3	0	0	131	13	0	49	0	0	0	0	0	0	0	0	0	0	0	0	0	0	0	0	0	0	14	0	0	0	0	0	2	0	38	0	4	0	0	326
186	180	8	0	23	174	3	0	0	8	0	23	2	0	14	0	3	0	0	117	168	3	0	0	3	0	0	2	0	0	0	3	0	0	42	8	0	23	0	0	0	0	0	0	0	0	2	0	14	0	3	0	0	117	162	3	0	0	3	0	0	2	0	0	0	3	0	0	40	3	0	0	0	0	0	0	0	0	0	0	2	0	0	0	3	0	0	42	8	0	23	0	0	0	0	0	0	0	0	0	0	0	0	0	0	0	0	2	0	14	0	3	0	0	117	156	3	0	0	3	0	0	2	0	0	0	3	0	0	40	3	0	0	0	0	0	0	0	0	0	0	2	0	0	0	3	0	0	40	3	0	0	0	0	0	0	0	0	0	0	0	0	0	0	0	0	0	0	2	0	0	0	3	0	0	42	8	0	23	0	0	0	0	0	0	0	0	0	0	0	0	0	0	0	0	0	0	0	0	0	0	0	0	2	0	14	0	3	0	0	117
469	449	86	142	83	429	57	122	83	86	142	83	43	22	111	0	111	245	166	0	409	54	112	82	57	122	83	33	22	111	0	87	239	166	0	86	142	83	16	120	0	12	14	43	0	0	43	22	111	0	111	245	166	0	389	53	107	76	54	112	82	33	22	109	0	84	233	164	0	57	122	83	11	110	0	10	12	41	0	0	33	22	111	0	87	239	166	0	86	142	83	6	55	0	55	3	11	0	0	16	120	0	12	14	43	0	0	43	22	111	0	111	245	166	0	369	53	107	69	53	107	76	33	22	96	0	82	230	152	0	54	112	82	11	110	0	9	12	41	0	0	33	22	109	0	84	233	164	0	57	122	83	6	55	0	47	3	11	0	0	11	110	0	10	12	41	0	0	33	22	111	0	87	239	166	0	83	142	83	4	0	0	57	1	0	0	0	6	55	0	55	3	11	0	0	16	120	0	12	14	43	0	0	43	22	111	0	108	245	166	0
486	468	41	60	126	450	33	56	97	41	60	126	24	56	26	113	45	70	0	101	432	33	56	66	33	56	97	24	56	26	50	45	70	0	84	41	60	126	5	0	0	60	5	0	0	156	24	56	26	113	45	70	0	101	414	33	56	61	33	56	66	24	56	24	49	45	70	0	83	33	56	97	5	0	0	53	5	0	0	63	24	56	26	50	45	70	0	84	41	60	126	0	0	0	54	0	0	0	0	5	0	0	60	5	0	0	156	24	56	26	113	45	70	0	101	396	33	56	60	33	56	61	24	56	20	49	45	70	0	83	33	56	66	5	0	0	52	5	0	0	62	24	56	24	49	45	70	0	83	33	56	97	0	0	0	52	0	0	0	0	5	0	0	53	5	0	0	63	24	56	26	50	45	70	0	84	41	60	126	0	0	0	9	0	0	0	0	0	0	0	54	0	0	0	0	5	0	0	60	5	0	0	156	24	56	26	113	45	70	0	101
451	433	34	87	92	415	21	77	62	34	87	92	23	110	0	80	41	153	0	123	397	20	77	60	21	77	62	18	110	0	76	36	143	0	100	34	87	92	3	0	0	22	4	11	0	0	23	110	0	80	41	153	0	123	379	20	77	59	20	77	60	18	110	0	75	36	143	0	99	21	77	62	3	0	0	21	4	11	0	0	18	110	0	76	36	143	0	100	34	87	92	0	0	0	12	0	0	0	0	3	0	0	22	4	11	0	0	23	110	0	80	41	153	0	123	361	20	77	59	20	77	59	18	110	0	75	36	143	0	99	20	77	60	3	0	0	21	4	11	0	0	18	110	0	75	36	143	0	99	21	77	62	0	0	0	12	0	0	0	0	3	0	0	21	4	11	0	0	18	110	0	76	36	143	0	100	34	87	92	0	0	0	0	0	0	0	0	0	0	0	12	0	0	0	0	3	0	0	22	4	11	0	0	23	110	0	80	41	153	0	123
357	342	56	71	48	327	39	59	47	56	71	48	25	105	48	14	66	85	0	0	312	38	56	45	39	59	47	20	96	48	13	61	80	0	0	56	71	48	12	24	0	25	9	8	0	0	25	105	48	14	66	85	0	0	297	38	56	40	38	56	45	20	96	46	12	61	80	0	0	39	59	47	12	24	0	22	9	8	0	0	20	96	48	13	61	80	0	0	56	71	48	5	0	0	50	1	0	0	0	12	24	0	25	9	8	0	0	25	105	48	14	66	85	0	0	282	38	56	38	38	56	40	20	96	38	12	61	80	0	0	38	56	45	12	24	0	21	9	8	0	0	20	96	46	12	61	80	0	0	39	59	47	5	0	0	46	1	0	0	0	12	24	0	22	9	8	0	0	20	96	48	13	61	80	0	0	56	71	48	0	0	0	17	0	0	0	0	5	0	0	50	1	0	0	0	12	24	0	25	9	8	0	0	25	105	48	14	66	85	0	0
393	378	54	54	87	363	44	44	85	54	54	87	28	0	83	26	66	11	87	0	348	44	44	68	44	44	85	28	0	83	13	66	11	85	0	54	54	87	15	0	0	67	9	0	0	97	28	0	83	26	66	11	87	0	333	44	44	48	44	44	68	28	0	78	12	66	11	68	0	44	44	85	15	0	0	22	9	0	0	33	28	0	83	13	66	11	85	0	54	54	87	5	0	0	58	2	0	0	115	15	0	0	67	9	0	0	97	28	0	83	26	66	11	87	0	318	44	44	44	44	44	48	28	0	54	12	66	11	48	0	44	44	68	15	0	0	21	9	0	0	32	28	0	78	12	66	11	68	0	44	44	85	5	0	0	52	2	0	0	62	15	0	0	22	9	0	0	33	28	0	83	13	66	11	85	0	54	54	87	0	0	0	29	0	0	0	0	5	0	0	58	2	0	0	115	15	0	0	67	9	0	0	97	28	0	83	26	66	11	87	0
418	401	139	117	19	384	106	90	19	139	117	19	108	107	55	0	261	257	57	0	367	97	81	19	106	90	19	81	85	55	0	204	203	57	0	130	117	19	30	25	18	0	27	35	19	0	108	107	55	0	244	257	57	0	350	95	75	19	97	81	19	77	80	55	0	179	177	57	0	97	90	19	24	10	18	0	8	0	19	0	81	85	55	0	187	203	57	0	124	117	19	11	15	0	0	14	20	19	0	30	25	18	0	27	35	19	0	98	107	55	0	227	257	57	0	333	94	71	19	95	75	19	77	80	55	0	176	160	57	0	88	81	19	24	10	18	0	7	0	19	0	77	80	55	0	162	177	57	0	91	90	19	9	11	0	0	5	11	19	0	24	10	18	0	8	0	19	0	71	85	55	0	170	203	57	0	111	117	19	20	44	0	0	9	11	0	0	11	15	0	0	14	20	19	0	18	25	18	0	23	35	19	0	80	107	55	0	193	257	57	0
526	505	96	116	121	484	83	111	101	96	116	121	51	80	10	128	153	125	0	83	463	81	107	101	83	111	101	47	79	10	128	138	122	0	83	96	116	121	22	62	0	0	22	16	0	0	51	80	10	128	153	125	0	83	442	79	103	100	81	107	101	46	76	10	124	133	118	0	82	83	111	101	17	59	0	0	12	15	0	0	47	79	10	128	138	122	0	83	96	116	121	12	61	0	12	12	15	0	0	22	62	0	0	22	16	0	0	51	80	10	128	153	125	0	83	421	78	99	94	79	103	100	46	73	10	107	128	115	0	76	81	107	101	17	56	0	0	12	14	0	0	46	76	10	124	133	118	0	82	83	111	101	10	57	0	10	9	14	0	0	17	59	0	0	12	15	0	0	47	79	10	128	138	122	0	83	91	116	121	15	57	0	55	4	14	0	0	12	61	0	12	12	15	0	0	22	62	0	0	21	16	0	0	51	80	10	128	147	125	0	83
659	634	76	104	236	609	73	100	206	76	104	236	29	80	0	130	109	60	0	170	584	73	100	205	73	100	206	29	80	0	130	108	60	0	168	76	104	236	18	0	0	14	10	0	0	0	29	80	0	130	109	60	0	170	559	73	100	182	73	100	205	29	80	0	123	108	60	0	150	73	100	206	18	0	0	0	10	0	0	0	29	80	0	130	108	60	0	168	76	104	236	13	0	0	109	6	0	0	112	18	0	0	14	10	0	0	0	29	80	0	130	109	60	0	170	534	73	100	150	73	100	182	29	80	0	92	108	60	0	124	73	100	205	18	0	0	0	10	0	0	0	29	80	0	123	108	60	0	150	73	100	206	13	0	0	58	6	0	0	56	18	0	0	0	10	0	0	0	29	80	0	130	108	60	0	168	74	104	236	8	0	0	221	2	0	0	115	13	0	0	109	6	0	0	112	18	0	0	14	10	0	0	0	29	80	0	130	107	60	0	170
368	350	99	117	44	332	85	113	43	99	117	44	74	38	0	10	155	109	0	0	314	84	113	43	85	113	43	71	38	0	10	137	107	0	0	99	117	44	16	0	0	0	16	0	0	0	74	38	0	10	155	109	0	0	296	83	113	43	84	113	43	70	38	0	10	134	107	0	0	85	113	43	13	0	0	0	6	0	0	0	71	38	0	10	137	107	0	0	99	117	44	14	0	0	0	10	0	0	0	16	0	0	0	16	0	0	0	74	38	0	10	155	109	0	0	278	82	109	42	83	113	43	70	38	0	9	131	107	0	0	84	113	43	13	0	0	0	6	0	0	0	70	38	0	10	134	107	0	0	85	113	43	12	0	0	0	7	0	0	0	13	0	0	0	6	0	0	0	71	38	0	10	137	107	0	0	92	117	44	17	36	0	9	5	9	0	0	14	0	0	0	10	0	0	0	16	0	0	0	14	0	0	0	74	38	0	10	139	109	0	0
291	277	118	81	7	263	101	70	7	118	81	7	93	42	0	0	202	115	7	0	249	98	69	7	101	70	7	90	42	0	0	179	105	7	0	114	81	7	26	10	0	0	14	8	0	0	93	42	0	0	195	115	7	0	235	97	69	7	98	69	7	89	42	0	0	168	102	7	0	97	70	7	23	10	0	0	6	0	0	0	90	42	0	0	172	105	7	0	108	81	7	14	0	0	0	10	0	0	0	26	10	0	0	14	8	0	0	83	42	0	0	178	115	7	0	221	96	66	7	97	69	7	89	42	0	0	165	102	7	0	94	69	7	23	10	0	0	6	0	0	0	89	42	0	0	161	102	7	0	91	70	7	12	0	0	0	4	0	0	0	23	10	0	0	6	0	0	0	80	42	0	0	155	105	7	0	95	81	7	25	21	0	0	7	7	0	0	14	0	0	0	10	0	0	0	14	10	0	0	10	8	0	0	65	42	0	0	140	115	7	0
533	512	49	86	155	491	29	38	152	44	86	155	30	0	75	29	94	140	465	0	472	22	38	152	28	38	152	12	0	73	29	73	76	456	0	37	48	155	5	0	0	0	12	32	0	0	28	0	75	29	80	64	465	0	453	21	38	152	21	38	152	8	0	73	29	57	76	456	0	21	0	152	1	0	0	0	1	0	0	0	10	0	73	29	59	0	456	0	37	48	155	0	0	0	0	3	0	0	0	5	0	0	0	12	32	0	0	28	0	75	29	80	64	465	0	434	21	38	152	20	38	152	8	0	73	29	56	76	456	0	14	0	152	1	0	0	0	1	0	0	0	6	0	73	29	43	0	456	0	21	0	152	0	0	0	0	3	0	0	0	1	0	0	0	1	0	0	0	10	0	73	29	59	0	456	0	37	48	155	0	0	0	0	1	0	0	0	0	0	0	0	3	0	0	0	5	0	0	0	12	32	0	0	28	0	75	29	80	64	465	0
346	325	125	175	19	304	71	159	9	121	175	19	74	220	25	9	262	503	0	26	284	64	144	9	69	159	9	54	208	18	9	146	465	0	26	98	155	19	20	39	5	0	21	13	38	0	70	220	25	9	222	463	0	26	268	63	144	9	62	144	9	50	208	18	9	128	411	0	26	56	143	9	16	39	0	0	5	13	18	0	50	208	18	9	122	433	0	26	84	91	19	6	0	0	0	13	0	0	0	19	39	5	0	21	13	38	0	60	156	25	9	181	303	0	26	255	62	144	9	61	144	9	50	208	18	9	127	411	0	26	50	131	9	16	39	0	0	5	13	18	0	46	208	18	9	105	385	0	26	53	91	9	4	0	0	0	1	0	0	0	15	39	0	0	5	13	18	0	42	156	18	9	111	303	0	26	75	52	19	14	0	0	0	7	8	0	0	6	0	0	0	13	0	0	0	10	0	5	0	17	0	38	0	54	0	25	9	158	160	0	26
313	299	86	66	27	285	58	58	21	81	66	27	64	7	25	9	186	160	27	19	273	50	51	21	57	58	21	46	0	18	9	141	150	21	19	69	42	27	17	0	5	0	15	7	27	0	62	7	25	9	163	112	27	19	261	49	51	21	49	51	21	42	0	18	9	118	129	21	19	45	34	21	13	0	0	0	3	0	21	0	44	0	18	9	118	102	21	19	63	42	27	3	0	0	0	10	0	0	0	17	0	5	0	15	7	27	0	52	7	25	9	146	112	27	19	249	48	51	21	48	51	21	42	0	18	9	117	129	21	19	37	27	21	13	0	0	0	3	0	21	0	40	0	18	9	95	81	21	19	39	34	21	1	0	0	0	2	0	0	0	13	0	0	0	3	0	21	0	34	0	18	9	101	102	21	19	55	42	27	11	0	0	0	5	9	0	0	3	0	0	0	10	0	0	0	5	0	5	0	12	7	27	0	34	7	25	9	125	112	27	19
296	282	69	61	51	269	45	51	50	65	48	51	52	22	46	9	154	115	51	0	258	37	51	50	45	40	50	34	22	44	9	120	107	50	0	54	26	51	16	0	0	0	12	8	0	0	52	0	46	9	133	71	51	0	247	36	51	50	37	40	50	30	22	44	9	97	107	50	0	34	18	50	12	0	0	0	2	0	0	0	34	0	44	9	99	63	50	0	48	26	51	0	0	0	0	7	0	0	0	16	0	0	0	12	8	0	0	42	0	46	9	116	71	51	0	236	36	51	50	36	40	50	30	22	44	9	96	107	50	0	26	18	50	12	0	0	0	2	0	0	0	30	0	44	9	76	63	50	0	28	18	50	0	0	0	0	1	0	0	0	12	0	0	0	2	0	0	0	24	0	44	9	82	63	50	0	42	26	51	3	0	0	0	4	0	0	0	0	0	0	0	7	0	0	0	4	0	0	0	10	8	0	0	24	0	46	9	98	71	51	0
463	445	87	113	40	427	56	61	34	82	113	40	43	176	51	9	196	238	160	19	410	48	25	34	53	61	34	34	32	44	9	139	134	136	19	68	96	40	5	32	5	0	18	32	160	0	37	176	51	9	168	204	160	19	393	48	17	34	45	25	34	34	0	44	9	120	42	136	19	39	44	34	5	0	0	0	2	0	136	0	28	32	44	9	111	100	136	19	63	96	40	1	0	0	0	2	0	40	0	4	32	5	0	18	32	160	0	31	176	51	9	154	204	160	19	376	48	17	34	45	17	34	34	0	44	9	120	34	136	19	31	8	34	5	0	0	0	2	0	136	0	28	0	44	9	92	8	136	19	34	44	34	1	0	0	0	2	0	34	0	4	0	0	0	2	0	136	0	22	32	44	9	97	100	136	19	60	96	40	4	0	0	0	3	0	0	0	1	0	0	0	2	0	40	0	1	32	5	0	17	32	160	0	19	176	51	9	143	204	160	19
349	336	25	12	114	323	13	12	80	24	12	114	13	0	32	118	52	12	0	195	310	9	0	79	12	12	80	2	0	0	113	23	12	0	186	17	12	114	0	0	8	9	0	0	114	0	11	0	32	118	38	12	0	195	297	9	0	79	8	0	79	2	0	0	113	18	0	0	186	5	12	80	0	0	0	9	0	0	80	0	0	0	0	113	9	12	0	186	17	12	114	0	0	0	0	0	0	0	0	0	0	8	9	0	0	114	0	11	0	32	118	38	12	0	195	284	9	0	79	8	0	79	2	0	0	113	18	0	0	186	1	0	79	0	0	0	9	0	0	79	0	0	0	0	113	4	0	0	186	5	12	80	0	0	0	0	0	0	0	0	0	0	0	9	0	0	80	0	0	0	0	113	9	12	0	186	17	12	114	0	0	0	0	0	0	0	0	0	0	0	0	0	0	0	0	0	0	8	9	0	0	114	0	11	0	32	118	38	12	0	195
348	335	38	30	61	322	20	0	29	38	30	61	21	0	47	65	76	60	183	195	309	14	0	23	20	0	29	8	0	12	45	39	0	87	186	32	30	61	1	0	8	9	4	0	0	19	21	0	47	65	64	60	183	195	296	14	0	23	14	0	23	8	0	7	45	31	0	69	186	14	0	29	1	0	0	9	0	0	0	19	8	0	12	45	27	0	87	186	32	30	61	1	0	0	0	1	0	0	0	1	0	8	9	4	0	0	19	21	0	47	65	64	60	183	195	283	14	0	23	14	0	23	8	0	7	45	31	0	69	186	8	0	23	1	0	0	9	0	0	0	19	8	0	7	45	19	0	69	186	14	0	29	1	0	0	0	1	0	0	0	1	0	0	9	0	0	0	19	8	0	12	45	27	0	87	186	32	30	61	4	0	0	0	1	0	0	0	1	0	0	0	1	0	0	0	1	0	8	9	4	0	0	19	21	0	47	65	64	60	183	195
296	284	36	30	63	272	20	20	21	32	30	63	14	9	39	39	72	50	63	273	261	16	11	21	18	20	21	4	0	0	39	39	31	21	257	23	19	63	0	0	8	0	0	0	63	0	10	9	39	39	54	28	63	273	250	16	11	21	14	11	21	4	0	0	39	34	22	21	257	9	9	21	0	0	0	0	0	0	21	0	0	0	0	39	21	9	21	257	23	19	63	0	0	0	0	0	0	0	0	0	0	8	0	0	0	63	0	10	9	39	39	54	28	63	273	239	16	11	21	14	11	21	4	0	0	39	34	22	21	257	5	0	21	0	0	0	0	0	0	21	0	0	0	0	39	16	0	21	257	9	9	21	0	0	0	0	0	0	0	0	0	0	0	0	0	0	21	0	0	0	0	39	21	9	21	257	23	19	63	0	0	0	0	1	0	0	0	0	0	0	0	0	0	0	0	0	0	8	0	0	0	63	0	10	9	39	39	54	28	63	273
185	178	17	14	14	171	4	4	14	17	14	14	6	8	14	0	32	24	28	0	164	2	0	14	4	4	14	0	0	14	0	6	8	28	0	17	14	14	0	0	0	0	0	0	14	0	6	8	14	0	32	24	28	0	157	2	0	14	2	0	14	0	0	14	0	3	0	28	0	4	4	14	0	0	0	0	0	0	14	0	0	0	14	0	6	8	28	0	17	14	14	0	0	0	0	0	0	0	0	0	0	0	0	0	0	14	0	6	8	14	0	32	24	28	0	150	2	0	14	2	0	14	0	0	14	0	3	0	28	0	2	0	14	0	0	0	0	0	0	14	0	0	0	14	0	3	0	28	0	4	4	14	0	0	0	0	0	0	0	0	0	0	0	0	0	0	14	0	0	0	14	0	6	8	28	0	17	14	14	0	0	0	0	0	0	0	0	0	0	0	0	0	0	0	0	0	0	0	0	0	0	14	0	6	8	14	0	32	24	28	0
263	253	29	31	8	243	10	10	0	28	31	8	9	30	32	0	59	54	24	40	233	6	0	0	9	10	0	2	0	0	0	15	15	0	34	23	31	8	0	0	8	0	4	0	16	0	7	30	32	0	49	54	24	40	223	6	0	0	5	0	0	2	0	0	0	10	0	0	34	4	10	0	0	0	0	0	0	0	0	0	0	0	0	0	5	15	0	34	23	31	8	0	0	0	0	0	0	0	0	0	0	8	0	4	0	16	0	7	30	32	0	49	54	24	40	213	6	0	0	5	0	0	2	0	0	0	10	0	0	34	0	0	0	0	0	0	0	0	0	0	0	0	0	0	0	0	0	0	34	4	10	0	0	0	0	0	0	0	0	0	0	0	0	0	0	0	0	0	0	0	0	0	5	15	0	34	23	31	8	0	0	0	0	0	0	0	0	0	0	0	0	0	0	0	0	0	0	8	0	4	0	16	0	7	30	32	0	49	54	24	40
285	274	16	10	65	263	5	0	39	16	10	65	0	0	26	53	31	20	65	83	252	5	0	31	5	0	39	0	0	8	21	9	0	39	43	14	10	65	0	0	0	0	4	0	0	40	0	0	26	53	27	20	65	83	241	5	0	31	5	0	31	0	0	0	21	9	0	31	37	3	0	39	0	0	0	0	0	0	0	34	0	0	8	21	5	0	39	43	14	10	65	0	0	0	0	0	0	0	0	0	0	0	0	4	0	0	40	0	0	26	53	27	20	65	83	230	5	0	31	5	0	31	0	0	0	21	9	0	31	37	3	0	31	0	0	0	0	0	0	0	34	0	0	0	21	5	0	31	37	3	0	39	0	0	0	0	0	0	0	0	0	0	0	0	0	0	0	34	0	0	8	21	5	0	39	43	14	10	65	0	0	0	0	0	0	0	0	0	0	0	0	0	0	0	0	0	0	0	0	4	0	0	40	0	0	26	53	27	20	65	83
337	323	79	43	50	309	56	13	29	75	43	50	65	0	22	47	183	86	150	69	296	51	13	5	54	13	29	49	0	8	5	130	26	87	29	66	30	50	19	0	0	15	15	40	0	86	61	0	22	47	165	60	150	69	283	49	13	0	49	13	5	47	0	0	0	122	26	15	23	45	0	29	11	0	0	0	6	0	0	64	45	0	8	5	112	0	87	29	61	30	50	4	0	0	0	1	0	0	19	18	0	0	15	15	40	0	86	55	0	22	47	151	60	150	69	270	49	13	0	47	13	0	47	0	0	0	118	26	0	23	40	0	5	11	0	0	0	6	0	0	64	43	0	0	0	104	0	15	23	40	0	29	4	0	0	0	1	0	0	19	10	0	0	0	6	0	0	64	39	0	8	5	98	0	87	29	58	30	50	5	0	0	0	3	0	0	0	4	0	0	0	1	0	0	19	15	0	0	15	14	40	0	86	43	0	22	47	140	60	150	69
263	248	89	87	18	234	52	63	14	82	73	18	69	46	12	32	191	206	90	0	222	45	62	0	49	51	14	43	44	8	0	115	142	70	0	70	49	18	17	11	0	0	14	29	0	59	65	22	12	32	168	158	90	0	211	43	62	0	42	51	0	41	44	0	0	107	142	0	0	41	29	14	9	11	0	0	6	9	0	43	39	22	8	0	99	98	70	0	64	38	18	3	0	0	0	0	0	0	0	17	0	0	0	14	29	0	59	60	0	12	32	150	114	90	0	200	43	62	0	40	51	0	41	44	0	0	103	142	0	0	34	29	0	9	11	0	0	6	9	0	43	37	22	0	0	91	98	0	0	35	18	14	3	0	0	0	0	0	0	0	9	0	0	0	6	9	0	43	34	0	8	0	81	54	70	0	60	38	18	1	0	0	0	1	0	0	0	3	0	0	0	0	0	0	0	14	0	0	0	13	29	0	59	47	0	12	32	134	114	90	0
258	248	30	16	40	238	14	0	8	29	16	40	11	0	35	32	65	24	80	146	228	13	0	0	13	0	8	7	0	8	0	29	0	16	64	24	16	40	8	0	0	0	10	0	0	40	9	0	35	32	55	24	80	146	218	11	0	0	12	0	0	5	0	0	0	25	0	0	58	8	0	8	0	0	0	0	2	0	0	34	5	0	8	0	19	0	16	64	24	16	40	2	0	0	0	0	0	0	0	8	0	0	0	10	0	0	40	9	0	35	32	55	24	80	146	208	11	0	0	10	0	0	5	0	0	0	21	0	0	58	7	0	0	0	0	0	0	2	0	0	34	3	0	0	0	15	0	0	58	8	0	8	2	0	0	0	0	0	0	0	0	0	0	0	2	0	0	34	5	0	8	0	19	0	16	64	24	16	40	1	0	0	0	0	0	0	0	2	0	0	0	0	0	0	0	8	0	0	0	10	0	0	40	9	0	35	32	55	24	80	146
321	306	101	92	0	291	62	71	0	97	92	0	72	59	0	0	194	219	0	0	276	56	60	0	58	71	0	53	39	0	0	111	161	0	0	89	92	0	13	24	0	0	16	36	0	0	66	59	0	0	178	219	0	0	261	56	52	0	52	60	0	53	33	0	0	106	133	0	0	50	71	0	13	0	0	0	6	22	0	0	47	39	0	0	95	161	0	0	86	92	0	11	16	0	0	1	0	0	0	12	24	0	0	16	36	0	0	63	59	0	0	166	219	0	0	246	56	51	0	52	52	0	53	33	0	0	106	121	0	0	44	60	0	13	0	0	0	6	22	0	0	47	33	0	0	90	133	0	0	47	71	0	11	14	0	0	1	0	0	0	12	0	0	0	6	22	0	0	44	39	0	0	83	161	0	0	82	92	0	6	7	0	0	1	0	0	0	11	16	0	0	1	0	0	0	12	24	0	0	15	36	0	0	62	59	0	0	150	219	0	0
329	313	60	53	71	298	37	39	38	53	38	71	44	26	3	72	111	100	71	108	285	30	39	8	34	26	38	25	26	0	32	71	52	38	51	46	12	71	7	0	6	32	6	0	0	185	40	0	3	72	97	48	71	108	272	30	39	0	27	26	8	25	26	0	0	63	52	8	5	27	0	38	7	0	0	0	6	0	0	101	21	0	0	32	57	0	38	51	45	12	71	3	0	0	0	0	0	0	40	6	0	6	32	6	0	0	185	38	0	3	72	93	48	71	108	259	30	39	0	27	26	0	25	26	0	0	63	52	0	0	20	0	8	7	0	0	0	6	0	0	100	21	0	0	0	49	0	8	5	26	0	38	3	0	0	0	0	0	0	34	6	0	0	0	6	0	0	101	19	0	0	32	53	0	38	51	45	12	71	1	0	0	0	0	0	0	0	3	0	0	0	0	0	0	40	6	0	6	32	6	0	0	185	38	0	3	72	93	48	71	108
323	310	65	22	49	297	44	0	9	61	22	49	54	0	3	23	118	77	98	173	284	37	0	0	40	0	9	35	0	0	0	81	0	18	90	54	22	49	10	0	6	0	7	0	0	22	48	0	3	23	104	77	98	173	271	37	0	0	33	0	0	35	0	0	0	73	0	0	36	33	0	9	10	0	0	0	7	0	0	14	29	0	0	0	67	0	18	90	53	22	49	3	0	0	0	0	0	0	0	9	0	6	0	7	0	0	22	46	0	3	23	100	77	98	173	258	37	0	0	33	0	0	35	0	0	0	73	0	0	31	26	0	0	10	0	0	0	7	0	0	14	29	0	0	0	59	0	0	36	32	0	9	3	0	0	0	0	0	0	0	9	0	0	0	7	0	0	14	27	0	0	0	63	0	18	90	53	22	49	1	0	0	0	0	0	0	0	3	0	0	0	0	0	0	0	9	0	6	0	7	0	0	22	46	0	3	23	100	77	98	173
442	419	112	216	17	396	65	169	0	103	216	17	61	298	3	0	172	463	51	68	374	60	135	0	58	169	0	47	198	0	0	99	362	0	43	95	194	17	7	88	6	0	7	30	68	0	54	298	3	0	156	419	51	68	352	60	134	0	53	135	0	47	196	0	0	94	325	0	5	50	147	0	7	84	0	0	6	28	0	0	40	198	0	0	83	318	0	43	92	194	17	9	14	0	0	1	0	0	0	6	88	6	0	7	30	68	0	51	298	3	0	144	419	51	68	330	60	134	0	53	134	0	47	196	0	0	94	324	0	0	45	113	0	7	84	0	0	6	28	0	0	40	196	0	0	78	281	0	5	47	147	0	9	14	0	0	1	0	0	0	6	84	0	0	6	28	0	0	37	198	0	0	71	318	0	43	91	194	17	7	0	0	0	1	0	0	0	9	14	0	0	1	0	0	0	6	88	6	0	7	30	68	0	50	298	3	0	139	419	51	68
287	271	82	97	7	257	52	69	0	74	69	7	67	46	3	0	138	152	28	18	244	44	69	0	46	43	0	43	46	0	0	94	96	0	14	64	56	7	12	0	6	0	6	10	0	0	59	20	3	0	118	126	28	18	231	44	69	0	38	43	0	43	46	0	0	86	96	0	0	36	30	0	12	0	0	0	6	10	0	0	35	20	0	0	74	70	0	14	60	56	7	3	0	0	0	0	0	0	0	9	0	6	0	6	10	0	0	50	20	3	0	101	126	28	18	218	44	69	0	38	43	0	43	46	0	0	86	96	0	0	28	30	0	12	0	0	0	6	10	0	0	35	20	0	0	66	70	0	0	32	30	0	3	0	0	0	0	0	0	0	9	0	0	0	6	10	0	0	26	20	0	0	57	70	0	14	60	56	7	1	0	0	0	0	0	0	0	3	0	0	0	0	0	0	0	9	0	6	0	6	10	0	0	50	20	3	0	101	126	28	18
280	268	63	46	4	256	41	16	0	56	46	4	46	25	0	0	95	66	20	18	244	37	11	0	34	16	0	34	0	0	0	66	11	0	14	49	46	4	10	0	0	0	5	0	4	0	39	25	0	0	81	66	20	18	232	37	11	0	30	11	0	34	0	0	0	62	11	0	0	27	16	0	10	0	0	0	5	0	0	0	27	0	0	0	52	11	0	14	48	46	4	1	0	0	0	0	0	0	0	9	0	0	0	5	0	4	0	37	25	0	0	77	66	20	18	220	37	11	0	30	11	0	34	0	0	0	62	11	0	0	23	11	0	10	0	0	0	5	0	0	0	27	0	0	0	48	11	0	0	26	16	0	1	0	0	0	0	0	0	0	9	0	0	0	5	0	0	0	25	0	0	0	48	11	0	14	48	46	4	0	0	0	0	0	0	0	0	1	0	0	0	0	0	0	0	9	0	0	0	5	0	4	0	37	25	0	0	77	66	20	18
332	318	64	40	48	304	49	0	3	59	40	48	46	0	47	12	80	10	192	148	290	49	0	0	44	0	3	46	0	6	0	71	0	12	47	55	40	48	10	0	0	0	6	0	0	0	42	0	47	12	72	10	192	148	276	49	0	0	44	0	0	46	0	0	0	71	0	0	8	40	0	3	10	0	0	0	6	0	0	0	42	0	6	0	63	0	12	47	55	40	48	3	0	0	0	0	0	0	0	10	0	0	0	6	0	0	0	42	0	47	12	72	10	192	148	262	48	0	0	44	0	0	46	0	0	0	71	0	0	0	40	0	0	10	0	0	0	6	0	0	0	42	0	0	0	63	0	0	8	40	0	3	1	0	0	0	0	0	0	0	10	0	0	0	6	0	0	0	42	0	6	0	63	0	12	47	55	40	48	0	0	7	0	0	0	0	0	3	0	0	0	0	0	0	0	10	0	0	0	6	0	0	0	42	0	47	12	72	10	192	148
331	314	59	101	29	297	36	69	0	54	101	29	36	94	33	0	66	115	87	77	280	35	66	0	31	69	0	31	88	0	0	51	110	0	9	50	101	29	7	33	0	0	3	11	0	0	33	94	33	0	58	115	87	77	263	35	66	0	30	66	0	31	88	0	0	51	110	0	0	27	69	0	7	33	0	0	3	11	0	0	28	88	0	0	43	110	0	9	49	101	29	1	0	0	0	0	0	0	0	7	33	0	0	3	11	0	0	32	94	33	0	54	115	87	77	246	35	66	0	30	66	0	31	88	0	0	51	110	0	0	26	66	0	7	33	0	0	3	11	0	0	28	88	0	0	43	110	0	0	26	69	0	1	0	0	0	0	0	0	0	7	33	0	0	3	11	0	0	27	88	0	0	39	110	0	9	49	101	29	0	0	0	0	0	0	0	0	1	0	0	0	0	0	0	0	7	33	0	0	3	11	0	0	32	94	33	0	54	115	87	77
216	204	41	44	18	194	25	36	0	38	24	18	27	8	33	0	49	8	18	28	184	25	36	0	22	16	0	27	8	0	0	44	8	0	0	35	24	18	9	0	0	0	4	0	0	0	24	8	33	0	43	8	18	28	174	25	36	0	22	16	0	27	8	0	0	44	8	0	0	19	16	0	9	0	0	0	4	0	0	0	24	8	0	0	38	8	0	0	35	24	18	1	0	0	0	0	0	0	0	9	0	0	0	4	0	0	0	24	8	33	0	43	8	18	28	164	25	36	0	22	16	0	27	8	0	0	44	8	0	0	19	16	0	9	0	0	0	4	0	0	0	24	8	0	0	38	8	0	0	19	16	0	1	0	0	0	0	0	0	0	9	0	0	0	4	0	0	0	24	8	0	0	38	8	0	0	35	24	18	0	0	0	0	0	0	0	0	1	0	0	0	0	0	0	0	9	0	0	0	4	0	0	0	24	8	33	0	43	8	18	28
167	160	29	6	11	153	18	0	0	25	6	11	13	0	5	0	22	0	11	11	146	18	0	0	14	0	0	13	0	0	0	21	0	0	0	24	6	11	3	0	0	0	2	0	0	0	11	0	5	0	20	0	11	11	139	18	0	0	14	0	0	13	0	0	0	21	0	0	0	13	0	0	3	0	0	0	2	0	0	0	11	0	0	0	19	0	0	0	24	6	11	0	0	0	0	0	0	0	0	3	0	0	0	2	0	0	0	11	0	5	0	20	0	11	11	132	18	0	0	14	0	0	13	0	0	0	21	0	0	0	13	0	0	3	0	0	0	2	0	0	0	11	0	0	0	19	0	0	0	13	0	0	0	0	0	0	0	0	0	0	3	0	0	0	2	0	0	0	11	0	0	0	19	0	0	0	24	6	11	0	0	0	0	0	0	0	0	0	0	0	0	0	0	0	0	3	0	0	0	2	0	0	0	11	0	5	0	20	0	11	11
177	169	24	17	5	161	14	7	0	22	17	5	9	0	5	0	16	0	10	4	153	14	7	0	12	7	0	9	0	0	0	15	0	0	0	22	17	5	3	0	0	0	1	0	0	0	9	0	5	0	16	0	10	4	145	14	7	0	12	7	0	9	0	0	0	15	0	0	0	12	7	0	3	0	0	0	1	0	0	0	9	0	0	0	15	0	0	0	22	17	5	0	0	0	0	0	0	0	0	3	0	0	0	1	0	0	0	9	0	5	0	16	0	10	4	137	14	7	0	12	7	0	9	0	0	0	15	0	0	0	12	7	0	3	0	0	0	1	0	0	0	9	0	0	0	15	0	0	0	12	7	0	0	0	0	0	0	0	0	0	3	0	0	0	1	0	0	0	9	0	0	0	15	0	0	0	22	17	5	0	0	0	0	0	0	0	0	0	0	0	0	0	0	0	0	3	0	0	0	1	0	0	0	9	0	5	0	16	0	10	4
225	213	47	43	28	201	40	32	14	47	43	28	46	32	0	28	75	31	28	48	189	40	32	3	40	32	14	46	32	0	3	70	24	14	3	46	43	28	15	0	0	12	6	0	0	17	46	32	0	28	73	31	28	48	177	39	32	0	40	32	3	46	32	0	0	70	24	3	0	39	32	14	15	0	0	0	6	0	0	0	46	32	0	3	68	24	14	3	46	43	28	9	0	8	0	1	0	0	0	15	0	0	12	6	0	0	17	46	32	0	28	73	31	28	48	165	39	32	0	39	32	0	46	32	0	0	70	24	0	0	39	32	3	15	0	0	0	6	0	0	0	46	32	0	0	68	24	3	0	39	32	14	9	0	7	0	1	0	0	0	15	0	0	0	6	0	0	0	46	32	0	3	68	24	14	3	46	43	28	6	0	0	0	1	0	0	0	9	0	8	0	1	0	0	0	15	0	0	12	6	0	0	17	46	32	0	28	73	31	28	48
251	236	67	91	18	221	48	71	14	67	91	18	45	74	0	28	99	129	54	0	206	47	69	3	48	71	14	43	74	0	3	76	103	42	0	66	91	18	18	18	0	12	8	9	0	17	45	74	0	28	97	129	54	0	191	45	62	0	47	69	3	43	68	0	0	75	100	9	0	47	71	14	14	14	0	0	6	7	0	0	43	74	0	3	74	103	42	0	66	91	18	6	55	8	0	1	7	0	0	18	18	0	12	8	9	0	17	45	74	0	28	97	129	54	0	176	44	56	0	45	62	0	42	56	0	0	74	93	0	0	46	69	3	14	14	0	0	6	7	0	0	43	68	0	0	73	100	9	0	47	71	14	2	49	7	0	1	7	0	0	14	14	0	0	6	7	0	0	43	74	0	3	74	103	42	0	66	91	18	3	42	0	0	1	7	0	0	6	55	8	0	1	7	0	0	18	18	0	12	8	9	0	17	45	74	0	28	97	129	54	0
230	220	36	0	56	210	35	0	12	34	0	56	37	0	0	46	48	0	0	111	200	35	0	0	33	0	12	37	0	0	0	47	0	0	3	33	0	56	10	0	0	0	3	0	0	21	37	0	0	46	46	0	0	111	190	35	0	0	33	0	0	37	0	0	0	47	0	0	0	32	0	12	10	0	0	0	3	0	0	0	37	0	0	0	45	0	0	3	33	0	56	1	0	0	0	0	0	0	0	10	0	0	0	3	0	0	21	37	0	0	46	46	0	0	111	180	35	0	0	33	0	0	37	0	0	0	47	0	0	0	32	0	0	10	0	0	0	3	0	0	0	37	0	0	0	45	0	0	0	32	0	12	1	0	0	0	0	0	0	0	10	0	0	0	3	0	0	0	37	0	0	0	45	0	0	3	33	0	56	0	0	0	0	0	0	0	0	1	0	0	0	0	0	0	0	10	0	0	0	3	0	0	21	37	0	0	46	46	0	0	111
238	224	41	60	28	210	30	50	7	41	60	28	34	75	0	21	58	52	0	77	196	30	49	0	30	50	7	34	70	0	0	51	49	0	3	40	60	28	11	7	0	0	4	0	0	17	34	75	0	21	56	52	0	77	182	30	49	0	30	49	0	34	70	0	0	51	49	0	0	29	50	7	11	7	0	0	4	0	0	0	34	70	0	0	49	49	0	3	40	60	28	8	0	0	0	1	0	0	0	11	7	0	0	4	0	0	17	34	75	0	21	56	52	0	77	168	30	49	0	30	49	0	34	70	0	0	51	49	0	0	29	49	0	11	7	0	0	4	0	0	0	34	70	0	0	49	49	0	0	29	50	7	8	0	0	0	1	0	0	0	11	7	0	0	4	0	0	0	34	70	0	0	49	49	0	3	40	60	28	6	0	0	0	1	0	0	0	8	0	0	0	1	0	0	0	11	7	0	0	4	0	0	17	34	75	0	21	56	52	0	77
171	162	22	18	23	153	18	18	0	22	18	23	22	0	0	0	21	18	0	82	144	18	18	0	18	18	0	22	0	0	0	20	18	0	3	22	18	23	4	0	0	0	1	0	0	0	22	0	0	0	21	18	0	82	135	18	18	0	18	18	0	22	0	0	0	20	18	0	0	18	18	0	4	0	0	0	1	0	0	0	22	0	0	0	20	18	0	3	22	18	23	0	0	0	0	0	0	0	0	4	0	0	0	1	0	0	0	22	0	0	0	21	18	0	82	126	18	18	0	18	18	0	22	0	0	0	20	18	0	0	18	18	0	4	0	0	0	1	0	0	0	22	0	0	0	20	18	0	0	18	18	0	0	0	0	0	0	0	0	0	4	0	0	0	1	0	0	0	22	0	0	0	20	18	0	3	22	18	23	0	0	0	0	0	0	0	0	0	0	0	0	0	0	0	0	4	0	0	0	1	0	0	0	22	0	0	0	21	18	0	82
231	216	58	80	11	201	35	63	0	58	80	11	17	88	0	0	70	120	11	46	186	34	57	0	35	63	0	12	78	0	0	56	100	0	28	58	80	11	7	47	0	0	3	8	0	0	17	88	0	0	70	120	11	46	171	34	56	0	34	57	0	12	77	0	0	56	98	0	6	35	63	0	7	42	0	0	3	7	0	0	12	78	0	0	56	100	0	28	58	80	11	7	7	0	0	4	0	0	0	7	47	0	0	3	8	0	0	17	88	0	0	70	120	11	46	156	34	56	0	34	56	0	12	77	0	0	56	98	0	0	34	57	0	7	42	0	0	3	7	0	0	12	77	0	0	56	98	0	6	35	63	0	7	7	0	0	4	0	0	0	7	42	0	0	3	7	0	0	12	78	0	0	56	100	0	28	58	80	11	15	0	0	0	4	0	0	0	7	7	0	0	4	0	0	0	7	47	0	0	3	8	0	0	17	88	0	0	70	120	11	46
171	161	50	29	4	151	35	24	0	50	29	4	24	0	0	0	70	36	4	18	141	34	24	0	35	24	0	19	0	0	0	61	36	0	14	50	29	4	13	0	0	0	3	6	0	0	24	0	0	0	70	36	4	18	131	34	24	0	34	24	0	19	0	0	0	61	36	0	3	35	24	0	13	0	0	0	3	6	0	0	19	0	0	0	61	36	0	14	50	29	4	8	0	0	0	4	0	0	0	13	0	0	0	3	6	0	0	24	0	0	0	70	36	4	18	121	34	24	0	34	24	0	19	0	0	0	61	36	0	0	34	24	0	13	0	0	0	3	6	0	0	19	0	0	0	61	36	0	3	35	24	0	8	0	0	0	4	0	0	0	13	0	0	0	3	6	0	0	19	0	0	0	61	36	0	14	50	29	4	15	0	0	0	4	0	0	0	8	0	0	0	4	0	0	0	13	0	0	0	3	6	0	0	24	0	0	0	70	36	4	18
233	220	66	62	4	207	49	47	0	66	62	4	26	0	0	0	101	77	12	18	194	49	46	0	49	47	0	26	0	0	0	81	72	0	14	66	62	4	16	11	0	0	7	0	0	0	26	0	0	0	101	77	12	18	181	48	46	0	49	46	0	26	0	0	0	81	72	0	3	49	47	0	12	11	0	0	4	0	0	0	26	0	0	0	81	72	0	14	66	62	4	12	0	0	0	3	8	0	0	16	11	0	0	7	0	0	0	26	0	0	0	101	77	12	18	168	47	43	0	48	46	0	25	0	0	0	80	72	0	0	49	46	0	12	11	0	0	4	0	0	0	26	0	0	0	81	72	0	3	49	47	0	8	0	0	0	3	8	0	0	12	11	0	0	4	0	0	0	26	0	0	0	81	72	0	14	65	62	4	12	24	0	0	3	8	0	0	12	0	0	0	3	8	0	0	16	11	0	0	7	0	0	0	26	0	0	0	96	77	12	18
140	133	39	14	0	126	31	6	0	39	14	0	11	0	0	0	59	0	0	0	119	31	6	0	31	6	0	11	0	0	0	57	0	0	0	39	14	0	11	0	0	0	3	0	0	0	11	0	0	0	59	0	0	0	112	31	6	0	31	6	0	11	0	0	0	57	0	0	0	31	6	0	11	0	0	0	3	0	0	0	11	0	0	0	57	0	0	0	39	14	0	1	0	0	0	3	0	0	0	11	0	0	0	3	0	0	0	11	0	0	0	59	0	0	0	105	31	6	0	31	6	0	11	0	0	0	57	0	0	0	31	6	0	11	0	0	0	3	0	0	0	11	0	0	0	57	0	0	0	31	6	0	1	0	0	0	3	0	0	0	11	0	0	0	3	0	0	0	11	0	0	0	57	0	0	0	39	14	0	9	0	0	0	3	0	0	0	1	0	0	0	3	0	0	0	11	0	0	0	3	0	0	0	11	0	0	0	59	0	0	0
189	179	54	35	0	169	40	23	0	54	35	0	18	0	0	0	83	46	0	0	159	40	23	0	40	23	0	18	0	0	0	69	42	0	0	54	35	0	15	0	0	0	5	0	0	0	18	0	0	0	83	46	0	0	149	39	23	0	40	23	0	18	0	0	0	69	42	0	0	40	23	0	11	0	0	0	3	0	0	0	18	0	0	0	69	42	0	0	54	35	0	5	0	0	0	2	7	0	0	15	0	0	0	5	0	0	0	18	0	0	0	83	46	0	0	139	38	21	0	39	23	0	17	0	0	0	68	42	0	0	40	23	0	11	0	0	0	3	0	0	0	18	0	0	0	69	42	0	0	40	23	0	1	0	0	0	2	7	0	0	11	0	0	0	3	0	0	0	18	0	0	0	69	42	0	0	53	35	0	7	14	0	0	2	7	0	0	5	0	0	0	2	7	0	0	15	0	0	0	5	0	0	0	18	0	0	0	78	46	0	0
285	266	113	140	23	247	85	120	23	113	140	23	58	75	71	0	195	181	46	0	228	84	119	23	85	120	23	54	70	71	0	147	162	46	0	113	140	23	15	7	10	0	12	0	0	0	58	75	71	0	195	181	46	0	209	83	119	23	84	119	23	54	70	71	0	145	161	46	0	85	120	23	10	7	10	0	8	0	0	0	54	70	71	0	147	162	46	0	111	140	23	36	0	0	0	7	14	0	0	15	7	10	0	12	0	0	0	58	75	71	0	192	181	46	0	190	82	117	23	83	119	23	54	70	71	0	144	161	46	0	84	119	23	10	7	10	0	8	0	0	0	54	70	71	0	145	161	46	0	83	120	23	34	0	0	0	5	14	0	0	10	7	10	0	8	0	0	0	54	70	71	0	144	162	46	0	92	140	23	23	10	0	0	4	5	0	0	36	0	0	0	7	14	0	0	15	7	10	0	8	0	0	0	52	75	71	0	141	181	46	0
226	209	88	119	5	192	64	101	5	88	119	5	40	110	15	0	143	177	5	0	175	64	101	5	64	101	5	40	110	15	0	107	165	5	0	88	119	5	10	0	0	0	5	0	0	0	40	110	15	0	143	177	5	0	158	64	99	5	64	101	5	40	110	15	0	107	165	5	0	64	101	5	10	0	0	0	3	0	0	0	40	110	15	0	107	165	5	0	81	119	5	17	28	0	0	2	0	0	0	10	0	0	0	5	0	0	0	40	110	15	0	125	177	5	0	142	64	95	5	64	99	5	40	110	15	0	107	155	5	0	64	101	5	10	0	0	0	3	0	0	0	40	110	15	0	107	165	5	0	62	101	5	17	20	0	0	2	0	0	0	10	0	0	0	3	0	0	0	40	110	15	0	104	165	5	0	71	103	5	13	40	0	0	3	0	0	0	17	28	0	0	2	0	0	0	10	0	0	0	3	0	0	0	34	110	15	0	88	97	5	0
266	249	75	96	24	232	54	96	0	75	96	24	39	0	0	0	113	192	0	19	215	53	92	0	54	96	0	34	0	0	0	86	192	0	0	75	96	24	11	48	0	0	5	12	0	0	39	0	0	0	113	192	0	19	198	52	92	0	53	92	0	34	0	0	0	86	188	0	0	54	96	0	7	48	0	0	2	12	0	0	34	0	0	0	86	192	0	0	74	96	24	9	0	0	0	2	8	0	0	11	48	0	0	5	12	0	0	39	0	0	0	112	192	0	19	181	51	88	0	52	92	0	33	0	0	0	85	188	0	0	53	92	0	7	48	0	0	2	12	0	0	34	0	0	0	86	188	0	0	53	96	0	5	0	0	0	2	8	0	0	7	48	0	0	2	12	0	0	34	0	0	0	85	192	0	0	70	96	24	10	32	0	0	2	8	0	0	9	0	0	0	2	8	0	0	11	48	0	0	5	12	0	0	37	0	0	0	93	192	0	19
121	114	30	10	13	107	26	10	0	30	10	13	6	0	0	0	46	15	0	4	100	26	10	0	26	10	0	6	0	0	0	46	15	0	0	30	10	13	5	0	0	0	1	0	0	0	6	0	0	0	46	15	0	4	93	26	10	0	26	10	0	6	0	0	0	46	15	0	0	26	10	0	5	0	0	0	1	0	0	0	6	0	0	0	46	15	0	0	30	10	13	0	0	0	0	3	0	0	0	5	0	0	0	1	0	0	0	6	0	0	0	46	15	0	4	86	26	10	0	26	10	0	6	0	0	0	46	15	0	0	26	10	0	5	0	0	0	1	0	0	0	6	0	0	0	46	15	0	0	26	10	0	0	0	0	0	3	0	0	0	5	0	0	0	1	0	0	0	6	0	0	0	46	15	0	0	30	10	13	9	0	0	0	3	0	0	0	0	0	0	0	3	0	0	0	5	0	0	0	1	0	0	0	6	0	0	0	46	15	0	4
234	219	81	84	9	204	66	72	0	81	84	9	43	54	0	0	126	106	9	4	189	66	72	0	66	72	0	43	54	0	0	111	100	0	0	81	84	9	10	0	0	0	4	0	0	0	43	54	0	0	126	106	9	4	174	66	72	0	66	72	0	43	54	0	0	111	100	0	0	66	72	0	10	0	0	0	2	0	0	0	43	54	0	0	111	100	0	0	80	84	9	7	0	0	0	4	0	0	0	10	0	0	0	4	0	0	0	43	54	0	0	125	106	9	4	159	66	72	0	66	72	0	43	54	0	0	111	100	0	0	66	72	0	10	0	0	0	2	0	0	0	43	54	0	0	111	100	0	0	65	72	0	7	0	0	0	4	0	0	0	10	0	0	0	2	0	0	0	43	54	0	0	110	100	0	0	73	84	9	16	0	0	0	4	0	0	0	7	0	0	0	4	0	0	0	10	0	0	0	3	0	0	0	41	54	0	0	95	106	9	4
276	262	67	40	83	248	43	0	82	66	40	83	39	0	53	10	142	100	332	0	234	42	0	82	42	0	82	37	0	52	10	85	0	328	0	57	40	83	18	0	13	0	11	0	0	0	37	0	53	10	125	100	332	0	220	39	0	82	41	0	82	37	0	52	10	84	0	328	0	33	0	82	12	0	13	0	6	0	0	0	35	0	52	10	68	0	328	0	51	40	83	4	0	0	0	13	30	0	0	18	0	13	0	11	0	0	0	27	0	53	10	108	100	332	0	206	36	0	82	38	0	82	36	0	52	10	78	0	328	0	32	0	82	12	0	13	0	5	0	0	0	35	0	52	10	67	0	328	0	27	0	82	0	0	0	0	0	0	0	0	12	0	13	0	6	0	0	0	25	0	52	10	51	0	328	0	37	40	83	7	0	11	0	3	10	0	0	4	0	0	0	13	30	0	0	6	0	13	0	6	0	0	0	9	0	53	10	77	100	332	0
179	169	59	29	24	159	34	9	24	59	29	24	37	0	16	0	136	78	120	0	149	33	9	24	34	9	24	35	0	16	0	74	18	120	0	54	29	24	24	0	0	0	11	9	0	0	37	0	16	0	128	78	120	0	139	29	9	24	33	9	24	35	0	16	0	73	18	120	0	29	9	24	13	0	0	0	4	9	0	0	35	0	16	0	66	18	120	0	46	29	24	1	0	0	0	7	16	0	0	24	0	0	0	11	9	0	0	25	0	16	0	106	78	120	0	130	28	9	24	29	9	24	34	0	16	0	65	18	120	0	29	9	24	13	0	0	0	4	9	0	0	35	0	16	0	66	18	120	0	23	9	24	0	0	0	0	0	0	0	0	13	0	0	0	4	9	0	0	25	0	16	0	49	18	120	0	34	20	24	3	0	0	0	2	4	0	0	1	0	0	0	7	16	0	0	12	0	0	0	8	0	0	0	7	0	16	0	79	60	120	0
292	275	102	88	63	258	84	66	54	102	88	63	73	24	25	28	188	112	126	23	241	82	66	54	84	66	54	70	24	24	28	155	81	108	23	95	88	63	29	0	14	0	12	15	0	0	73	24	25	28	176	112	126	23	224	80	64	54	82	66	54	70	24	24	28	153	81	108	23	77	66	54	26	0	14	0	10	15	0	0	70	24	24	28	143	81	108	23	86	88	63	19	20	0	0	12	20	0	0	29	0	14	0	12	15	0	0	61	24	25	28	152	112	126	23	209	71	50	54	80	64	54	69	20	24	28	149	77	108	23	76	66	54	23	0	14	0	9	15	0	0	70	24	24	28	142	81	108	23	71	66	54	14	0	0	0	4	0	0	0	26	0	14	0	10	15	0	0	60	24	24	28	126	81	108	23	67	58	63	4	40	83	0	2	10	63	0	19	20	0	0	12	20	0	0	17	0	14	0	7	0	0	0	43	24	25	28	106	67	126	23
334	312	130	174	60	290	102	159	41	130	174	60	81	162	11	28	249	350	0	37	268	101	155	41	102	159	41	79	150	10	28	189	323	0	28	125	174	60	18	40	0	0	12	19	0	0	81	162	11	28	241	350	0	37	246	101	152	39	101	155	41	79	150	10	28	188	319	0	28	97	159	41	18	40	0	0	10	19	0	0	79	150	10	28	181	323	0	28	105	174	60	27	54	0	16	9	0	0	0	18	40	0	0	12	19	0	0	69	162	11	28	187	350	0	37	227	95	152	38	101	152	39	79	150	10	28	188	308	0	28	97	155	41	18	40	0	0	10	19	0	0	79	150	10	28	181	319	0	28	88	159	41	24	54	0	14	3	0	0	0	18	40	0	0	10	19	0	0	69	150	10	28	157	323	0	28	84	117	60	15	0	41	7	2	0	0	0	27	54	0	16	9	0	0	0	6	40	0	0	7	0	0	0	44	162	11	28	122	141	0	37
276	255	91	164	44	234	53	125	41	85	164	44	45	174	11	20	175	359	132	0	216	52	116	41	52	125	41	43	156	10	20	104	274	123	0	72	110	44	17	117	0	0	11	13	0	0	43	174	11	20	152	269	132	0	200	49	116	41	51	116	41	43	156	10	20	103	259	123	0	46	77	41	11	117	0	0	8	13	0	0	41	156	10	20	93	194	123	0	61	78	44	13	0	0	0	11	27	0	0	17	117	0	0	11	13	0	0	37	78	11	20	125	157	132	0	187	45	113	41	48	116	41	42	156	10	20	97	259	123	0	46	77	41	11	117	0	0	8	13	0	0	41	156	10	20	93	194	123	0	42	51	41	9	0	0	0	1	0	0	0	11	117	0	0	8	13	0	0	37	78	10	20	83	103	123	0	44	39	44	4	27	18	0	3	9	0	0	13	0	0	0	11	27	0	0	14	0	0	0	5	0	0	0	25	0	11	20	83	66	132	0
284	268	62	53	92	252	39	29	53	62	53	92	27	0	59	71	115	79	184	214	236	38	27	52	39	29	53	26	0	57	67	72	43	106	201	59	53	92	23	24	0	10	15	12	0	0	27	0	59	71	110	79	184	214	220	30	15	52	38	27	52	26	0	57	67	70	39	104	201	36	29	53	11	0	0	10	6	0	0	0	26	0	57	67	67	43	106	201	56	53	92	4	0	70	0	1	0	92	0	23	24	0	10	15	12	0	0	21	0	59	71	101	79	184	214	205	25	15	52	30	15	52	20	0	57	67	57	15	104	201	35	27	52	11	0	0	10	6	0	0	0	26	0	57	67	65	39	104	201	34	29	53	2	0	53	0	1	0	53	0	11	0	0	10	6	0	0	0	20	0	57	67	60	43	106	201	44	38	92	0	0	44	0	0	0	0	0	4	0	70	0	1	0	92	0	14	24	0	10	11	12	0	0	15	0	59	71	80	64	184	214
279	264	61	47	80	249	36	14	54	61	47	80	27	0	54	45	111	105	240	151	234	35	11	54	36	14	54	26	0	53	45	71	28	162	147	58	47	80	19	33	0	0	14	11	0	0	27	0	54	45	106	105	240	151	219	32	0	54	35	11	54	26	0	53	45	69	22	162	147	33	14	54	11	0	0	0	6	0	0	0	26	0	53	45	66	28	162	147	56	47	80	3	0	0	0	1	0	80	0	19	33	0	0	14	11	0	0	21	0	54	45	99	105	240	151	204	30	0	54	32	0	54	25	0	53	45	63	0	162	147	32	11	54	11	0	0	0	6	0	0	0	26	0	53	45	64	22	162	147	31	14	54	2	0	0	0	1	0	54	0	11	0	0	0	6	0	0	0	20	0	53	45	59	28	162	147	45	47	80	0	0	9	0	0	0	0	0	3	0	0	0	1	0	80	0	10	33	0	0	11	11	0	0	15	0	54	45	80	105	240	151
215	202	54	50	24	189	26	22	10	54	50	24	20	0	10	0	82	128	96	107	176	24	22	10	26	22	10	14	0	10	0	45	44	40	106	54	50	24	12	0	0	0	10	14	0	0	20	0	10	0	82	128	96	107	163	20	22	10	24	22	10	14	0	10	0	43	44	40	106	26	22	10	1	0	0	0	5	0	0	0	14	0	10	0	45	44	40	106	54	50	24	1	0	0	0	0	0	0	0	12	0	0	0	10	14	0	0	20	0	10	0	82	128	96	107	150	19	22	10	20	22	10	13	0	10	0	35	44	40	106	24	22	10	1	0	0	0	5	0	0	0	14	0	10	0	43	44	40	106	26	22	10	0	0	0	0	0	0	0	0	1	0	0	0	5	0	0	0	14	0	10	0	45	44	40	106	43	50	24	0	0	0	0	0	0	0	0	1	0	0	0	0	0	0	0	12	0	0	0	8	14	0	0	20	0	10	0	69	128	96	107
235	220	71	80	15	205	35	48	11	71	80	15	24	25	22	0	101	200	75	24	190	32	42	11	35	48	11	14	24	22	0	58	107	55	24	71	80	15	17	42	0	0	13	24	0	0	24	25	22	0	101	200	75	24	175	24	36	11	32	42	11	14	24	22	0	55	96	55	24	35	48	11	1	12	0	0	6	12	0	0	14	24	22	0	58	107	55	24	70	80	15	3	0	55	0	1	0	15	0	17	42	0	0	13	24	0	0	24	25	22	0	99	200	75	24	161	23	36	11	24	36	11	13	24	22	0	46	84	55	24	32	42	11	1	12	0	0	6	12	0	0	14	24	22	0	55	96	55	24	35	48	11	2	0	55	0	1	0	11	0	1	12	0	0	6	12	0	0	14	24	22	0	58	107	55	24	60	66	15	0	0	0	0	0	0	0	0	3	0	55	0	1	0	15	0	17	42	0	0	11	24	0	0	24	25	22	0	86	186	75	24
222	206	63	86	33	190	36	73	0	63	86	33	23	53	0	0	133	142	33	214	174	34	72	0	36	73	0	20	53	0	0	76	126	0	201	59	86	33	24	8	0	0	14	20	0	0	23	53	0	0	127	142	33	214	158	30	63	0	34	72	0	20	52	0	0	73	124	0	201	32	73	0	14	0	0	0	8	11	0	0	20	53	0	0	70	126	0	201	50	86	33	8	8	10	0	2	0	33	0	24	8	0	0	14	20	0	0	15	53	0	0	103	142	33	214	146	27	55	0	30	63	0	18	44	0	0	65	107	0	201	31	72	0	14	0	0	0	8	11	0	0	20	52	0	0	68	124	0	201	30	73	0	8	0	0	0	2	0	0	0	14	0	0	0	8	11	0	0	14	53	0	0	63	126	0	201	36	38	33	0	0	29	0	0	0	33	0	8	8	10	0	2	0	33	0	15	8	0	0	10	8	0	0	9	53	0	0	80	58	33	214
285	269	32	39	112	253	15	0	106	32	39	112	15	0	55	0	38	0	336	15	237	12	0	106	15	0	106	9	0	55	0	26	0	318	11	32	39	112	1	0	6	0	3	0	0	0	15	0	55	0	38	0	336	15	221	12	0	106	12	0	106	9	0	55	0	22	0	318	11	15	0	106	1	0	0	0	3	0	0	0	9	0	55	0	26	0	318	11	32	39	112	0	0	0	0	0	0	0	0	1	0	6	0	3	0	0	0	15	0	55	0	38	0	336	15	205	12	0	106	12	0	106	9	0	55	0	22	0	318	11	12	0	106	1	0	0	0	3	0	0	0	9	0	55	0	22	0	318	11	15	0	106	0	0	0	0	0	0	0	0	1	0	0	0	3	0	0	0	9	0	55	0	26	0	318	11	31	39	112	0	0	0	0	0	0	0	0	0	0	0	0	0	0	0	0	1	0	6	0	3	0	0	0	15	0	55	0	37	0	336	15
339	320	58	35	172	301	42	17	122	58	35	172	24	17	0	84	73	36	172	244	282	27	0	120	42	17	122	19	0	0	81	65	34	122	128	58	35	172	2	0	183	27	6	0	172	0	24	17	0	84	73	36	172	244	263	25	0	120	27	0	120	15	0	0	81	51	0	120	127	42	17	122	2	0	138	27	6	0	122	0	19	0	0	81	65	34	122	128	58	35	172	2	0	24	0	1	0	0	0	2	0	183	27	6	0	172	0	24	17	0	84	73	36	172	244	244	25	0	120	25	0	120	15	0	0	81	50	0	120	127	27	0	120	2	0	135	27	6	0	120	0	15	0	0	81	51	0	120	127	42	17	122	2	0	15	0	1	0	0	0	2	0	138	27	6	0	122	0	19	0	0	81	65	34	122	128	51	35	172	0	0	0	0	0	0	0	0	2	0	24	0	1	0	0	0	2	0	183	27	5	0	172	0	24	17	0	84	63	36	172	244
268	253	34	26	104	238	20	0	64	34	26	104	15	0	7	50	42	0	208	211	223	15	0	64	20	0	64	9	0	7	50	35	0	128	128	34	26	104	1	0	29	0	3	0	0	0	15	0	7	50	42	0	208	211	208	15	0	64	15	0	64	9	0	7	50	27	0	128	127	20	0	64	1	0	0	0	3	0	0	0	9	0	7	50	35	0	128	128	34	26	104	0	0	0	0	0	0	0	0	1	0	29	0	3	0	0	0	15	0	7	50	42	0	208	211	193	15	0	64	15	0	64	9	0	7	50	27	0	128	127	15	0	64	1	0	0	0	3	0	0	0	9	0	7	50	27	0	128	127	20	0	64	0	0	0	0	0	0	0	0	1	0	0	0	3	0	0	0	9	0	7	50	35	0	128	128	32	26	104	0	0	0	0	0	0	0	0	0	0	0	0	0	0	0	0	1	0	29	0	3	0	0	0	15	0	7	50	40	0	208	211
297	278	56	115	58	259	27	58	44	56	115	58	23	82	79	11	54	148	290	39	240	16	48	44	27	58	44	9	32	79	11	38	96	220	21	56	115	58	1	0	90	0	4	16	58	0	23	82	79	11	54	148	290	39	221	16	48	44	16	48	44	9	32	79	11	30	96	220	21	27	58	44	1	0	79	0	4	16	44	0	9	32	79	11	38	96	220	21	56	115	58	0	0	0	0	0	0	0	0	1	0	90	0	4	16	58	0	23	82	79	11	54	148	290	39	202	16	48	44	16	48	44	9	32	79	11	30	96	220	21	16	48	44	1	0	79	0	4	16	44	0	9	32	79	11	30	96	220	21	27	58	44	0	0	0	0	0	0	0	0	1	0	79	0	4	16	44	0	9	32	79	11	38	96	220	21	52	115	58	0	0	0	0	0	0	0	0	0	0	0	0	0	0	0	0	1	0	90	0	4	16	58	0	23	82	79	11	51	148	290	39
225	208	36	99	24	191	14	66	0	36	99	24	14	55	0	0	34	118	96	119	174	9	66	0	14	66	0	4	55	0	0	24	99	0	75	36	99	24	1	0	17	0	2	11	0	0	14	55	0	0	34	118	96	119	157	9	66	0	9	66	0	4	55	0	0	17	99	0	75	14	66	0	1	0	0	0	2	11	0	0	4	55	0	0	24	99	0	75	36	99	24	0	0	0	0	0	0	0	0	1	0	17	0	2	11	0	0	14	55	0	0	34	118	96	119	140	9	66	0	9	66	0	4	55	0	0	17	99	0	75	9	66	0	1	0	0	0	2	11	0	0	4	55	0	0	17	99	0	75	14	66	0	0	0	0	0	0	0	0	0	1	0	0	0	2	11	0	0	4	55	0	0	24	99	0	75	29	99	24	0	0	0	0	0	0	0	0	0	0	0	0	0	0	0	0	1	0	17	0	2	11	0	0	14	55	0	0	30	118	96	119
153	144	11	0	81	135	9	0	18	11	0	81	7	0	27	29	17	0	0	470	126	9	0	18	9	0	18	7	0	0	29	15	0	0	336	11	0	81	0	0	0	0	2	0	0	0	7	0	27	29	17	0	0	470	117	9	0	18	9	0	18	7	0	0	29	15	0	0	334	9	0	18	0	0	0	0	2	0	0	0	7	0	0	29	15	0	0	336	11	0	81	0	0	0	0	0	0	0	0	0	0	0	0	2	0	0	0	7	0	27	29	17	0	0	470	108	9	0	18	9	0	18	7	0	0	29	15	0	0	334	9	0	18	0	0	0	0	2	0	0	0	7	0	0	29	15	0	0	334	9	0	18	0	0	0	0	0	0	0	0	0	0	0	0	2	0	0	0	7	0	0	29	15	0	0	336	11	0	81	0	0	0	0	0	0	0	0	0	0	0	0	0	0	0	0	0	0	0	0	2	0	0	0	7	0	27	29	17	0	0	470
184	173	18	24	67	162	8	0	54	18	24	67	4	0	85	30	14	0	201	58	151	8	0	54	8	0	54	4	0	72	30	14	0	162	44	18	24	67	0	0	0	0	2	0	0	0	4	0	85	30	14	0	201	58	140	8	0	54	8	0	54	4	0	72	30	14	0	162	44	8	0	54	0	0	0	0	2	0	0	0	4	0	72	30	14	0	162	44	18	24	67	0	0	0	0	0	0	0	0	0	0	0	0	2	0	0	0	4	0	85	30	14	0	201	58	129	8	0	54	8	0	54	4	0	72	30	14	0	162	44	8	0	54	0	0	0	0	2	0	0	0	4	0	72	30	14	0	162	44	8	0	54	0	0	0	0	0	0	0	0	0	0	0	0	2	0	0	0	4	0	72	30	14	0	162	44	18	24	67	0	0	0	0	0	0	0	0	0	0	0	0	0	0	0	0	0	0	0	0	2	0	0	0	4	0	85	30	14	0	201	58
136	128	13	0	56	120	10	0	11	13	0	56	7	0	10	22	15	0	0	298	112	10	0	11	10	0	11	7	0	0	22	15	0	0	214	13	0	56	0	0	0	0	2	0	0	0	7	0	10	22	15	0	0	298	104	10	0	11	10	0	11	7	0	0	22	15	0	0	214	10	0	11	0	0	0	0	2	0	0	0	7	0	0	22	15	0	0	214	13	0	56	0	0	0	0	0	0	0	0	0	0	0	0	2	0	0	0	7	0	10	22	15	0	0	298	96	10	0	11	10	0	11	7	0	0	22	15	0	0	214	10	0	11	0	0	0	0	2	0	0	0	7	0	0	22	15	0	0	214	10	0	11	0	0	0	0	0	0	0	0	0	0	0	0	2	0	0	0	7	0	0	22	15	0	0	214	13	0	56	0	0	0	0	0	0	0	0	0	0	0	0	0	0	0	0	0	0	0	0	2	0	0	0	7	0	10	22	15	0	0	298
153	144	19	0	52	135	10	0	19	19	0	52	7	0	37	30	15	0	0	194	126	10	0	19	10	0	19	7	0	24	30	15	0	0	150	19	0	52	0	0	0	0	2	0	0	0	7	0	37	30	15	0	0	194	117	10	0	19	10	0	19	7	0	24	30	15	0	0	150	10	0	19	0	0	0	0	2	0	0	0	7	0	24	30	15	0	0	150	19	0	52	0	0	0	0	0	0	0	0	0	0	0	0	2	0	0	0	7	0	37	30	15	0	0	194	108	10	0	19	10	0	19	7	0	24	30	15	0	0	150	10	0	19	0	0	0	0	2	0	0	0	7	0	24	30	15	0	0	150	10	0	19	0	0	0	0	0	0	0	0	0	0	0	0	2	0	0	0	7	0	24	30	15	0	0	150	19	0	52	0	0	0	0	0	0	0	0	0	0	0	0	0	0	0	0	0	0	0	0	2	0	0	0	7	0	37	30	15	0	0	194
173	162	21	26	53	151	12	10	33	21	26	53	9	0	65	30	21	0	106	82	140	12	10	33	12	10	33	9	0	52	30	21	0	66	44	21	26	53	0	0	0	0	3	0	0	0	9	0	65	30	21	0	106	82	129	12	10	33	12	10	33	9	0	52	30	21	0	66	44	12	10	33	0	0	0	0	3	0	0	0	9	0	52	30	21	0	66	44	21	26	53	0	0	0	0	0	0	0	0	0	0	0	0	3	0	0	0	9	0	65	30	21	0	106	82	118	12	10	33	12	10	33	9	0	52	30	21	0	66	44	12	10	33	0	0	0	0	3	0	0	0	9	0	52	30	21	0	66	44	12	10	33	0	0	0	0	0	0	0	0	0	0	0	0	3	0	0	0	9	0	52	30	21	0	66	44	21	26	53	0	0	0	0	0	0	0	0	0	0	0	0	0	0	0	0	0	0	0	0	3	0	0	0	9	0	65	30	21	0	106	82
176	165	6	0	115	154	6	0	93	6	0	115	2	0	0	65	12	0	0	120	143	6	0	89	6	0	93	2	0	0	62	12	0	0	87	6	0	115	0	0	0	51	2	0	0	0	2	0	0	65	12	0	0	120	132	6	0	88	6	0	89	2	0	0	62	12	0	0	87	6	0	93	0	0	0	49	2	0	0	0	2	0	0	62	12	0	0	87	6	0	115	0	0	0	11	0	0	0	0	0	0	0	51	2	0	0	0	2	0	0	65	12	0	0	120	121	6	0	88	6	0	88	2	0	0	62	12	0	0	87	6	0	89	0	0	0	49	2	0	0	0	2	0	0	62	12	0	0	87	6	0	93	0	0	0	11	0	0	0	0	0	0	0	49	2	0	0	0	2	0	0	62	12	0	0	87	6	0	115	0	0	0	0	0	0	0	0	0	0	0	11	0	0	0	0	0	0	0	51	2	0	0	0	2	0	0	65	12	0	0	120
310	290	18	19	232	270	14	19	218	18	19	232	12	0	20	65	37	38	0	67	250	14	19	214	14	19	218	12	0	20	62	37	38	0	54	18	19	232	0	0	0	51	4	0	0	0	12	0	20	65	37	38	0	67	230	14	19	213	14	19	214	12	0	20	62	37	38	0	54	14	19	218	0	0	0	49	4	0	0	0	12	0	20	62	37	38	0	54	18	19	232	0	0	0	11	2	0	0	0	0	0	0	51	4	0	0	0	12	0	20	65	37	38	0	67	210	14	19	213	14	19	213	12	0	20	62	37	38	0	54	14	19	214	0	0	0	49	4	0	0	0	12	0	20	62	37	38	0	54	14	19	218	0	0	0	11	2	0	0	0	0	0	0	49	4	0	0	0	12	0	20	62	37	38	0	54	18	19	232	0	0	0	0	0	0	0	0	0	0	0	11	2	0	0	0	0	0	0	51	4	0	0	0	12	0	20	65	37	38	0	67
257	238	53	87	134	219	36	70	134	53	87	134	28	56	48	0	96	184	134	0	200	35	70	131	36	70	134	24	56	48	0	70	168	134	0	53	87	134	7	0	0	40	9	18	0	0	28	56	48	0	96	184	134	0	181	34	70	129	35	70	131	24	56	47	0	69	168	131	0	36	70	134	2	0	0	37	5	14	0	0	24	56	48	0	70	168	134	0	53	87	134	4	0	0	26	4	14	0	0	7	0	0	40	9	18	0	0	28	56	48	0	96	184	134	0	162	34	70	126	34	70	129	24	56	46	0	68	168	129	0	35	70	131	2	0	0	36	5	14	0	0	24	56	47	0	69	168	131	0	36	70	134	4	0	0	25	4	14	0	0	2	0	0	37	5	14	0	0	24	56	48	0	70	168	134	0	49	87	134	0	0	0	32	0	0	0	0	4	0	0	26	4	14	0	0	7	0	0	40	9	18	0	0	28	56	48	0	92	184	134	0
225	209	32	41	114	193	21	39	90	32	41	114	18	26	37	77	54	78	0	120	177	20	39	76	21	39	90	14	26	37	24	50	78	0	87	32	41	114	1	0	0	48	5	13	0	58	18	26	37	77	54	78	0	120	161	20	39	74	20	39	76	14	26	36	24	49	78	0	87	21	39	90	1	0	0	45	5	13	0	44	14	26	37	24	50	78	0	87	32	41	114	2	0	0	26	3	0	0	0	1	0	0	48	5	13	0	58	18	26	37	77	54	78	0	120	145	20	39	73	20	39	74	14	26	35	24	49	78	0	87	20	39	76	1	0	0	44	5	13	0	44	14	26	36	24	49	78	0	87	21	39	90	2	0	0	25	3	0	0	0	1	0	0	45	5	13	0	44	14	26	37	24	50	78	0	87	30	41	114	0	0	0	14	0	0	0	0	2	0	0	26	3	0	0	0	1	0	0	48	5	13	0	58	18	26	37	77	52	78	0	120
310	288	73	109	182	266	50	75	181	73	109	182	32	36	116	17	129	207	364	0	244	47	74	150	50	75	181	23	36	116	0	102	183	362	0	73	109	182	10	20	17	135	14	20	0	172	32	36	116	17	129	207	364	0	222	46	72	108	47	74	150	23	36	114	0	97	182	300	0	50	75	181	5	18	17	37	11	18	0	122	23	36	116	0	102	183	362	0	72	109	182	8	36	0	61	5	18	0	220	10	20	17	135	14	20	0	172	32	36	116	17	127	207	364	0	201	46	72	86	46	72	108	23	36	101	0	96	180	216	0	47	74	150	5	18	17	36	11	18	0	120	23	36	114	0	97	182	300	0	50	75	181	8	36	0	36	5	18	0	118	5	18	17	37	11	18	0	122	23	36	116	0	102	183	362	0	58	88	182	0	0	0	107	0	0	0	63	8	36	0	61	5	18	0	220	10	20	17	135	11	20	0	172	32	36	116	17	105	186	364	0
189	174	62	49	117	159	46	47	77	62	49	117	19	22	38	172	119	121	0	316	144	44	46	77	46	47	77	12	22	37	172	90	113	0	315	62	49	117	9	13	10	0	11	13	0	0	19	22	38	172	119	121	0	316	129	43	44	76	44	46	77	12	22	37	169	88	112	0	281	46	47	77	4	11	10	0	8	11	0	0	12	22	37	172	90	113	0	315	60	49	117	27	22	0	16	5	11	0	0	9	13	10	0	11	13	0	0	19	22	38	172	115	121	0	316	115	43	44	73	43	44	76	12	22	37	164	87	110	0	237	44	46	77	4	11	10	0	8	11	0	0	12	22	37	169	88	112	0	281	45	47	77	27	22	0	15	5	11	0	0	4	11	10	0	8	11	0	0	12	22	37	172	88	113	0	315	44	35	117	3	0	0	35	0	0	0	0	27	22	0	16	5	11	0	0	9	13	10	0	7	13	0	0	15	22	38	172	78	107	0	316
155	143	62	43	30	131	45	27	29	62	43	30	22	18	74	7	113	39	60	0	119	44	27	29	45	27	29	19	18	73	7	88	18	58	0	62	43	30	3	0	10	0	6	0	0	0	22	18	74	7	113	39	60	0	107	44	27	29	44	27	29	19	18	73	7	87	18	58	0	45	27	29	3	0	10	0	5	0	0	0	19	18	73	7	88	18	58	0	60	43	30	29	0	0	0	3	0	0	0	3	0	10	0	6	0	0	0	22	18	74	7	110	39	60	0	95	44	27	29	44	27	29	19	18	73	7	87	18	58	0	44	27	29	3	0	10	0	5	0	0	0	19	18	73	7	87	18	58	0	43	27	29	29	0	0	0	3	0	0	0	3	0	10	0	5	0	0	0	19	18	73	7	85	18	58	0	45	43	30	8	0	0	0	0	0	0	0	29	0	0	0	3	0	0	0	3	0	10	0	3	0	0	0	16	18	74	7	60	39	60	0
159	143	65	90	23	127	40	79	22	65	90	23	21	44	53	7	131	169	23	0	111	38	79	22	40	79	22	16	44	52	7	78	154	22	0	62	90	23	4	0	10	0	5	11	0	0	21	44	53	7	127	169	23	0	96	38	67	22	38	79	22	16	44	52	7	76	154	22	0	39	79	22	4	0	10	0	5	11	0	0	16	44	52	7	77	154	22	0	49	75	23	19	96	0	0	4	0	0	0	4	0	10	0	5	11	0	0	19	44	53	7	94	139	23	0	85	38	64	22	38	67	22	16	32	52	7	76	118	22	0	38	79	22	4	0	10	0	5	11	0	0	16	44	52	7	76	154	22	0	38	68	22	19	96	0	0	4	0	0	0	4	0	10	0	5	11	0	0	16	44	52	7	76	132	22	0	38	31	23	5	24	0	0	0	0	0	0	19	96	0	0	4	0	0	0	4	0	10	0	3	0	0	0	17	0	53	7	60	7	23	0
196	179	82	87	69	162	57	75	50	82	87	69	43	22	38	28	158	228	69	182	145	53	72	50	57	75	50	28	22	37	28	109	208	50	181	78	87	69	16	39	10	0	10	40	0	0	43	22	38	28	152	228	69	182	128	52	66	49	53	72	50	28	22	37	27	106	201	50	150	53	75	50	11	33	10	0	7	36	0	0	28	22	37	28	103	208	50	181	67	87	69	25	66	0	8	4	11	0	0	16	39	10	0	10	40	0	0	35	22	38	28	125	228	69	182	114	52	66	36	52	66	49	28	22	37	17	105	187	49	108	50	72	50	11	33	10	0	7	35	0	0	28	22	37	27	101	201	50	150	49	75	50	25	66	0	0	4	11	0	0	11	33	10	0	7	36	0	0	22	22	37	28	93	208	50	181	43	45	69	4	0	0	47	0	0	0	33	25	66	0	8	4	11	0	0	7	39	10	0	5	26	0	0	23	22	38	28	71	130	69	182
107	97	41	29	8	87	27	29	7	41	29	8	10	0	8	7	82	49	0	0	77	27	29	7	27	29	7	10	0	7	7	52	49	0	0	41	29	8	9	0	0	0	9	0	0	0	10	0	8	7	82	49	0	0	67	26	25	7	27	29	7	10	0	7	7	52	49	0	0	27	29	7	4	0	0	0	5	0	0	0	10	0	7	7	52	49	0	0	39	29	8	20	20	0	0	3	5	0	0	9	0	0	0	9	0	0	0	10	0	8	7	78	49	0	0	58	26	25	7	26	25	7	10	0	7	7	51	45	0	0	27	29	7	4	0	0	0	5	0	0	0	10	0	7	7	52	49	0	0	26	29	7	20	20	0	0	3	5	0	0	4	0	0	0	5	0	0	0	10	0	7	7	50	49	0	0	30	20	8	3	0	0	0	0	0	0	0	20	20	0	0	3	5	0	0	9	0	0	0	7	0	0	0	6	0	8	7	57	40	0	0
245	226	74	87	88	207	45	48	81	74	87	88	35	0	110	57	147	110	264	0	188	42	48	80	45	48	81	25	0	106	57	81	32	243	0	73	87	88	15	0	28	10	11	13	0	0	35	0	110	57	145	110	264	0	169	38	48	80	42	48	80	23	0	106	57	75	32	240	0	44	48	81	5	0	28	10	2	0	0	0	25	0	106	57	79	32	243	0	70	87	88	14	0	28	0	0	0	0	0	15	0	28	10	11	13	0	0	35	0	110	57	136	110	264	0	150	32	48	80	38	48	80	16	0	106	57	70	32	240	0	41	48	80	5	0	28	10	2	0	0	0	23	0	106	57	73	32	240	0	41	48	81	7	0	28	0	0	0	0	0	5	0	28	10	2	0	0	0	25	0	106	57	70	32	243	0	61	87	88	5	0	37	0	0	0	0	0	14	0	28	0	0	0	0	0	15	0	28	10	10	13	0	0	31	0	110	57	96	110	264	0
171	158	49	51	30	145	27	22	30	49	51	30	16	11	7	0	104	81	120	0	132	26	18	30	27	22	30	14	11	7	0	56	11	120	0	48	51	30	8	28	0	0	6	7	0	0	16	11	7	0	102	81	120	0	119	24	7	30	26	18	30	14	7	7	0	55	7	120	0	26	22	30	6	0	0	0	1	0	0	0	14	11	7	0	54	11	120	0	43	51	30	3	28	14	0	0	0	30	0	8	28	0	0	6	7	0	0	13	11	7	0	84	81	120	0	106	18	0	30	24	7	30	8	0	7	0	52	0	120	0	25	18	30	6	0	0	0	1	0	0	0	14	7	7	0	53	7	120	0	21	22	30	0	0	14	0	0	0	30	0	6	0	0	0	1	0	0	0	11	11	7	0	36	11	120	0	39	51	30	0	0	44	0	0	0	30	0	3	28	14	0	0	0	30	0	7	28	0	0	6	7	0	0	8	11	7	0	64	81	120	0
184	170	62	35	59	156	40	13	45	62	35	59	20	0	14	57	124	98	118	30	142	39	13	45	40	13	45	18	0	10	57	67	65	90	29	62	35	59	9	0	0	0	6	11	0	0	20	0	14	57	124	98	118	30	128	38	13	45	39	13	45	18	0	10	57	66	65	90	29	40	13	45	5	0	0	0	2	0	0	0	18	0	10	57	67	65	90	29	54	35	59	11	0	0	0	0	0	0	0	9	0	0	0	6	11	0	0	20	0	14	57	100	98	118	30	115	34	13	45	38	13	45	17	0	10	57	65	65	90	29	39	13	45	5	0	0	0	2	0	0	0	18	0	10	57	66	65	90	29	37	13	45	7	0	0	0	0	0	0	0	5	0	0	0	2	0	0	0	18	0	10	57	58	65	90	29	46	22	59	5	0	23	0	0	0	0	0	11	0	0	0	0	0	0	0	9	0	0	0	5	11	0	0	16	0	14	57	65	33	118	30
185	169	72	64	74	153	50	51	38	72	64	74	21	26	14	97	154	143	74	122	137	50	51	37	50	51	38	21	26	10	92	99	130	38	101	71	64	74	7	0	0	7	10	0	0	0	21	26	14	97	153	143	74	122	122	50	49	37	50	51	37	21	26	10	92	99	130	37	101	50	51	38	7	0	0	7	6	0	0	0	21	26	10	92	99	130	38	101	59	49	74	23	24	0	0	2	0	0	0	7	0	0	7	10	0	0	0	21	26	14	97	118	128	74	122	109	49	48	37	50	49	37	21	24	10	92	99	121	37	100	50	51	37	7	0	0	7	6	0	0	0	21	26	10	92	99	130	37	101	47	38	38	23	24	0	0	2	0	0	0	7	0	0	7	6	0	0	0	21	26	10	92	89	117	38	101	45	23	74	7	12	8	0	0	0	0	0	23	24	0	0	2	0	0	0	7	0	0	7	7	0	0	0	15	0	14	97	68	11	74	122
128	117	55	39	0	106	21	18	0	55	39	0	18	9	0	0	124	145	0	0	95	19	18	0	21	18	0	11	9	0	0	51	81	0	0	49	39	0	5	0	0	0	3	8	0	0	18	9	0	0	113	145	0	0	85	18	18	0	19	18	0	11	9	0	0	50	81	0	0	19	18	0	1	0	0	0	0	0	0	0	11	9	0	0	47	81	0	0	38	29	0	6	0	0	0	0	0	0	0	5	0	0	0	3	8	0	0	14	9	0	0	79	105	0	0	76	17	18	0	18	18	0	10	9	0	0	49	81	0	0	17	18	0	1	0	0	0	0	0	0	0	11	9	0	0	46	81	0	0	13	9	0	2	0	0	0	0	0	0	0	1	0	0	0	0	0	0	0	7	9	0	0	28	45	0	0	33	20	0	1	0	0	0	0	0	0	0	6	0	0	0	0	0	0	0	4	0	0	0	3	8	0	0	8	0	0	0	55	60	0	0
188	172	60	42	99	156	31	28	48	59	42	99	24	14	30	67	128	182	99	251	140	27	28	44	30	28	48	15	14	28	55	73	126	48	194	50	42	99	2	0	22	40	1	0	0	0	22	14	30	67	111	182	99	251	125	26	28	44	26	28	44	14	14	28	55	70	126	44	192	25	28	48	2	0	14	40	1	0	0	0	13	14	28	55	63	126	48	194	38	27	99	5	0	7	0	0	0	0	0	1	0	22	40	1	0	0	0	16	14	30	67	73	122	99	251	111	26	28	44	25	28	44	14	14	28	55	70	126	44	192	21	28	44	2	0	14	40	1	0	0	0	12	14	28	55	60	126	44	192	18	14	48	5	0	0	0	0	0	0	0	1	0	14	40	1	0	0	0	7	14	28	55	40	70	48	194	30	13	99	1	0	0	0	0	0	0	0	5	0	7	0	0	0	0	0	0	0	22	40	0	0	0	0	10	0	30	67	38	52	99	251
178	164	46	35	71	150	25	11	32	46	35	71	23	22	30	39	88	68	142	177	136	20	0	32	25	11	32	16	0	28	39	56	11	64	156	43	35	71	1	0	40	0	0	0	71	0	23	22	30	39	82	68	142	177	122	16	0	32	20	0	32	9	0	28	39	51	0	64	155	22	11	32	1	0	28	0	0	0	32	0	16	0	28	39	50	11	64	156	37	35	71	0	0	34	0	0	0	0	0	1	0	40	0	0	0	71	0	19	22	30	39	60	68	142	177	108	16	0	32	16	0	32	9	0	28	39	50	0	64	155	17	0	32	1	0	28	0	0	0	32	0	9	0	28	39	45	0	64	155	16	11	32	0	0	21	0	0	0	0	0	1	0	28	0	0	0	32	0	12	0	28	39	28	11	64	156	33	35	71	0	0	0	0	0	0	0	0	0	0	34	0	0	0	0	0	0	0	40	0	0	0	71	0	14	22	30	39	40	68	142	177
206	188	61	98	61	170	30	42	55	54	98	61	34	66	72	25	108	188	305	0	153	25	32	55	25	42	55	24	16	70	25	66	96	275	0	41	81	61	4	0	48	0	0	0	61	0	26	66	72	25	83	154	305	0	137	25	32	55	20	32	55	24	16	70	25	64	96	275	0	16	26	55	4	0	47	0	0	0	55	0	16	16	70	25	48	64	275	0	33	65	61	0	0	0	0	0	0	0	0	1	0	48	0	0	0	61	0	15	50	72	25	52	90	305	0	121	25	32	55	20	32	55	24	16	70	25	64	96	275	0	11	16	55	4	0	47	0	0	0	55	0	16	16	70	25	46	64	275	0	8	10	55	0	0	0	0	0	0	0	0	1	0	47	0	0	0	55	0	5	0	70	25	17	0	275	0	30	65	61	0	0	0	0	0	0	0	0	0	0	0	0	0	0	0	0	0	0	48	0	0	0	61	0	10	50	72	25	37	90	305	0
140	129	46	24	39	118	26	0	14	45	24	39	28	0	30	14	94	48	117	118	107	22	0	14	25	0	14	19	0	28	14	63	0	42	111	39	24	39	3	0	22	0	0	0	0	0	25	0	30	14	82	48	117	118	96	21	0	14	21	0	14	18	0	28	14	60	0	42	110	19	0	14	3	0	14	0	0	0	0	0	16	0	28	14	51	0	42	111	31	24	39	0	0	7	0	0	0	0	0	1	0	22	0	0	0	0	0	15	0	30	14	51	48	117	118	85	21	0	14	20	0	14	18	0	28	14	60	0	42	110	15	0	14	3	0	14	0	0	0	0	0	15	0	28	14	48	0	42	110	11	0	14	0	0	0	0	0	0	0	0	1	0	14	0	0	0	0	0	6	0	28	14	20	0	42	111	28	24	39	0	0	0	0	0	0	0	0	0	0	7	0	0	0	0	0	0	0	22	0	0	0	0	0	10	0	30	14	36	48	117	118
141	126	53	81	11	111	18	51	0	49	81	11	21	63	0	0	100	230	44	30	97	15	50	0	16	51	0	14	60	0	0	43	172	0	30	34	67	11	2	10	7	0	0	0	0	0	17	63	0	0	73	202	44	30	86	14	50	0	13	50	0	13	60	0	0	41	170	0	30	11	40	0	2	10	0	0	0	0	0	0	10	60	0	0	33	150	0	30	24	34	11	0	0	7	0	0	0	0	0	0	10	7	0	0	0	0	0	10	30	0	0	37	92	44	30	76	14	50	0	12	50	0	13	60	0	0	41	170	0	30	8	40	0	2	10	0	0	0	0	0	0	9	60	0	0	31	150	0	30	6	10	0	0	0	0	0	0	0	0	0	0	10	0	0	0	0	0	0	3	30	0	0	12	50	0	30	22	24	11	0	0	0	0	0	0	0	0	0	0	7	0	0	0	0	0	0	0	7	0	0	0	0	0	8	0	0	0	27	42	44	30
188	172	36	48	86	156	19	0	33	34	48	86	23	0	111	71	56	12	344	281	140	18	0	32	17	0	33	18	0	83	67	51	0	132	149	27	48	86	3	0	7	14	0	0	0	0	19	0	111	71	42	12	344	281	124	18	0	32	16	0	32	18	0	82	67	51	0	128	145	10	0	33	3	0	7	14	0	0	0	0	14	0	83	67	37	0	132	149	20	48	86	0	0	0	0	0	0	0	0	1	0	7	14	0	0	0	0	9	0	111	71	15	12	344	281	108	18	0	32	16	0	32	18	0	82	67	51	0	128	145	9	0	32	3	0	7	14	0	0	0	0	14	0	82	67	37	0	128	145	3	0	33	0	0	0	0	0	0	0	0	1	0	7	14	0	0	0	0	4	0	83	67	10	0	132	149	18	48	86	0	0	0	0	0	0	0	0	0	0	0	0	0	0	0	0	0	0	7	14	0	0	0	0	5	0	111	71	5	12	344	281
146	132	35	36	77	119	19	24	55	28	23	77	18	12	73	81	44	24	77	72	107	19	24	54	14	12	55	18	12	56	77	42	24	55	55	21	11	77	3	0	0	14	0	0	0	0	13	0	73	81	30	0	77	72	95	19	24	54	14	12	54	18	12	55	77	42	24	54	55	7	0	55	3	0	0	14	0	0	0	0	13	0	56	77	28	0	55	55	15	11	77	0	0	0	0	0	0	0	0	1	0	0	14	0	0	0	0	3	0	73	81	7	0	77	72	83	19	24	54	14	12	54	18	12	55	77	42	24	54	55	7	0	54	3	0	0	14	0	0	0	0	13	0	55	77	28	0	54	55	1	0	55	0	0	0	0	0	0	0	0	1	0	0	14	0	0	0	0	3	0	56	77	5	0	55	55	14	11	77	0	0	0	0	0	0	0	0	0	0	0	0	0	0	0	0	0	0	0	14	0	0	0	0	0	0	73	81	2	0	77	72
120	105	36	73	35	91	12	56	10	27	59	35	10	87	10	10	44	147	35	111	80	12	54	10	9	45	10	10	81	0	10	27	135	10	69	14	26	35	1	18	0	0	0	0	0	0	7	54	10	10	20	81	35	111	71	12	54	10	9	45	10	10	81	0	10	27	135	10	69	5	18	10	1	18	0	0	0	0	0	0	7	54	0	10	19	81	10	69	10	8	35	0	0	0	0	0	0	0	0	1	0	0	0	0	0	0	0	3	0	10	10	6	0	35	111	62	12	54	10	9	45	10	10	81	0	10	27	135	10	69	5	18	10	1	18	0	0	0	0	0	0	7	54	0	10	19	81	10	69	1	0	10	0	0	0	0	0	0	0	0	1	0	0	0	0	0	0	0	3	0	0	10	5	0	10	69	9	8	35	0	0	0	0	0	0	0	0	0	0	0	0	0	0	0	0	0	0	0	0	0	0	0	0	0	0	10	10	1	0	35	111
107	98	25	8	35	89	15	0	0	23	8	35	17	0	21	0	42	0	35	182	80	15	0	0	13	0	0	17	0	0	0	40	0	0	101	17	8	35	3	0	0	0	0	0	0	0	13	0	21	0	30	0	35	182	71	15	0	0	13	0	0	17	0	0	0	40	0	0	101	7	0	0	3	0	0	0	0	0	0	0	13	0	0	0	28	0	0	101	11	8	35	0	0	0	0	0	0	0	0	1	0	0	0	0	0	0	0	3	0	21	0	7	0	35	182	62	15	0	0	13	0	0	17	0	0	0	40	0	0	101	7	0	0	3	0	0	0	0	0	0	0	13	0	0	0	28	0	0	101	1	0	0	0	0	0	0	0	0	0	0	1	0	0	0	0	0	0	0	3	0	0	0	5	0	0	101	10	8	35	0	0	0	0	0	0	0	0	0	0	0	0	0	0	0	0	0	0	0	0	0	0	0	0	0	0	21	0	2	0	35	182
82	75	18	10	10	68	10	0	0	16	10	10	11	0	10	0	24	0	20	61	61	10	0	0	8	0	0	11	0	0	0	23	0	0	55	11	10	10	2	0	0	0	0	0	0	0	7	0	10	0	14	0	20	61	54	10	0	0	8	0	0	11	0	0	0	23	0	0	55	3	0	0	2	0	0	0	0	0	0	0	7	0	0	0	13	0	0	55	8	10	10	0	0	0	0	0	0	0	0	0	0	0	0	0	0	0	0	0	0	10	0	1	0	20	61	47	10	0	0	8	0	0	11	0	0	0	23	0	0	55	3	0	0	2	0	0	0	0	0	0	0	7	0	0	0	13	0	0	55	0	0	0	0	0	0	0	0	0	0	0	0	0	0	0	0	0	0	0	0	0	0	0	0	0	0	55	8	10	10	0	0	0	0	0	0	0	0	0	0	0	0	0	0	0	0	0	0	0	0	0	0	0	0	0	0	10	0	1	0	20	61
131	119	10	11	89	107	1	0	72	10	11	89	0	0	65	67	3	0	89	86	95	1	0	52	1	0	72	0	0	64	37	2	0	72	33	9	11	89	0	0	0	97	0	0	0	71	0	0	65	67	1	0	89	86	83	1	0	42	1	0	52	0	0	57	35	2	0	52	32	0	0	72	0	0	0	63	0	0	0	32	0	0	64	37	0	0	72	33	9	11	89	0	0	0	28	0	0	0	30	0	0	0	97	0	0	0	71	0	0	65	67	1	0	89	86	71	1	0	42	1	0	42	0	0	44	35	2	0	42	32	0	0	52	0	0	0	63	0	0	0	32	0	0	57	35	0	0	52	32	0	0	72	0	0	0	28	0	0	0	30	0	0	0	63	0	0	0	32	0	0	64	37	0	0	72	33	9	11	89	0	0	0	0	0	0	0	0	0	0	0	28	0	0	0	30	0	0	0	97	0	0	0	71	0	0	65	67	1	0	89	86
132	120	13	0	97	108	12	0	44	9	0	97	11	0	8	89	23	0	0	243	96	12	0	33	8	0	44	11	0	7	37	23	0	0	98	4	0	97	2	0	0	11	0	0	0	61	7	0	8	89	13	0	0	243	84	12	0	33	8	0	33	11	0	7	37	23	0	0	96	3	0	44	2	0	0	11	0	0	0	55	7	0	7	37	13	0	0	98	1	0	97	0	0	0	0	0	0	0	0	0	0	0	11	0	0	0	61	0	0	8	89	0	0	0	243	72	12	0	33	8	0	33	11	0	7	37	23	0	0	96	3	0	33	2	0	0	11	0	0	0	55	7	0	7	37	13	0	0	96	0	0	44	0	0	0	0	0	0	0	0	0	0	0	11	0	0	0	55	0	0	7	37	0	0	0	98	1	0	97	0	0	0	0	0	0	0	0	0	0	0	0	0	0	0	0	0	0	0	11	0	0	0	61	0	0	8	89	0	0	0	243
77	70	2	0	39	63	0	0	19	2	0	39	0	0	8	31	0	0	0	96	56	0	0	18	0	0	19	0	0	7	29	0	0	0	33	2	0	39	0	0	0	11	0	0	0	0	0	0	8	31	0	0	0	96	49	0	0	18	0	0	18	0	0	7	29	0	0	0	32	0	0	19	0	0	0	11	0	0	0	0	0	0	7	29	0	0	0	33	2	0	39	0	0	0	0	0	0	0	0	0	0	0	11	0	0	0	0	0	0	8	31	0	0	0	96	42	0	0	18	0	0	18	0	0	7	29	0	0	0	32	0	0	18	0	0	0	11	0	0	0	0	0	0	7	29	0	0	0	32	0	0	19	0	0	0	0	0	0	0	0	0	0	0	11	0	0	0	0	0	0	7	29	0	0	0	33	2	0	39	0	0	0	0	0	0	0	0	0	0	0	0	0	0	0	0	0	0	0	11	0	0	0	0	0	0	8	31	0	0	0	96
88	80	4	0	40	72	0	0	25	4	0	40	0	0	8	31	0	0	0	86	64	0	0	24	0	0	25	0	0	7	29	0	0	0	33	4	0	40	0	0	0	11	0	0	0	0	0	0	8	31	0	0	0	86	56	0	0	24	0	0	24	0	0	7	29	0	0	0	32	0	0	25	0	0	0	11	0	0	0	0	0	0	7	29	0	0	0	33	4	0	40	0	0	0	0	0	0	0	0	0	0	0	11	0	0	0	0	0	0	8	31	0	0	0	86	48	0	0	24	0	0	24	0	0	7	29	0	0	0	32	0	0	24	0	0	0	11	0	0	0	0	0	0	7	29	0	0	0	32	0	0	25	0	0	0	0	0	0	0	0	0	0	0	11	0	0	0	0	0	0	7	29	0	0	0	33	4	0	40	0	0	0	0	0	0	0	0	0	0	0	0	0	0	0	0	0	0	0	11	0	0	0	0	0	0	8	31	0	0	0	86
97	88	14	14	39	79	2	0	38	14	14	39	6	0	89	7	13	0	78	0	70	1	0	37	2	0	38	1	0	88	7	2	0	76	0	14	14	39	5	0	7	9	1	0	0	0	6	0	89	7	13	0	78	0	61	0	0	35	1	0	37	0	0	85	7	0	0	74	0	2	0	38	0	0	7	7	0	0	0	0	1	0	88	7	2	0	76	0	14	14	39	0	0	7	14	0	0	0	0	5	0	7	9	1	0	0	0	6	0	89	7	13	0	78	0	52	0	0	35	0	0	35	0	0	79	7	0	0	70	0	1	0	37	0	0	7	7	0	0	0	0	0	0	85	7	0	0	74	0	2	0	38	0	0	7	14	0	0	0	0	0	0	7	7	0	0	0	0	1	0	88	7	2	0	76	0	14	14	39	0	0	0	0	0	0	0	0	0	0	7	14	0	0	0	0	5	0	7	9	1	0	0	0	6	0	89	7	13	0	78	0
130	117	4	0	105	104	2	0	76	4	0	105	1	0	8	94	2	0	0	128	91	0	0	75	2	0	76	0	0	7	89	0	0	0	110	4	0	105	0	0	19	7	0	0	0	0	1	0	8	94	2	0	0	128	78	0	0	70	0	0	75	0	0	7	83	0	0	0	89	2	0	76	0	0	18	7	0	0	0	0	0	0	7	89	0	0	0	110	4	0	105	0	0	0	37	0	0	0	0	0	0	19	7	0	0	0	0	1	0	8	94	2	0	0	128	65	0	0	56	0	0	70	0	0	7	72	0	0	0	77	0	0	75	0	0	18	7	0	0	0	0	0	0	7	83	0	0	0	89	2	0	76	0	0	0	7	0	0	0	0	0	0	18	7	0	0	0	0	0	0	7	89	0	0	0	110	4	0	105	0	0	0	52	0	0	0	30	0	0	0	37	0	0	0	0	0	0	19	7	0	0	0	0	1	0	8	94	2	0	0	128
90	81	13	0	43	72	2	0	31	13	0	43	6	0	8	43	14	0	0	39	63	0	0	31	2	0	31	0	0	7	43	0	0	0	38	13	0	43	0	0	8	0	0	0	0	0	6	0	8	43	14	0	0	39	54	0	0	30	0	0	31	0	0	7	41	0	0	0	37	2	0	31	0	0	7	0	0	0	0	0	0	0	7	43	0	0	0	38	13	0	43	0	0	0	9	0	0	0	0	0	0	8	0	0	0	0	0	6	0	8	43	14	0	0	39	45	0	0	28	0	0	30	0	0	7	37	0	0	0	35	0	0	31	0	0	7	0	0	0	0	0	0	0	7	41	0	0	0	37	2	0	31	0	0	0	7	0	0	0	0	0	0	7	0	0	0	0	0	0	0	7	43	0	0	0	38	13	0	43	0	0	0	14	0	0	0	0	0	0	0	9	0	0	0	0	0	0	8	0	0	0	0	0	6	0	8	43	14	0	0	39
79	71	12	7	26	63	2	0	23	12	7	26	6	0	8	27	14	0	26	0	55	0	0	23	2	0	23	0	0	7	27	0	0	23	0	12	7	26	0	0	8	0	0	0	0	0	6	0	8	27	14	0	26	0	47	0	0	22	0	0	23	0	0	7	25	0	0	23	0	2	0	23	0	0	7	0	0	0	0	0	0	0	7	27	0	0	23	0	12	7	26	0	0	0	9	0	0	0	0	0	0	8	0	0	0	0	0	6	0	8	27	14	0	26	0	39	0	0	20	0	0	22	0	0	7	21	0	0	22	0	0	0	23	0	0	7	0	0	0	0	0	0	0	7	25	0	0	23	0	2	0	23	0	0	0	7	0	0	0	0	0	0	7	0	0	0	0	0	0	0	7	27	0	0	23	0	12	7	26	0	0	0	14	0	0	0	0	0	0	0	9	0	0	0	0	0	0	8	0	0	0	0	0	6	0	8	27	14	0	26	0
113	101	18	41	26	89	5	6	25	18	41	26	1	30	8	7	11	42	130	0	77	0	0	25	5	6	25	0	0	7	7	4	0	125	0	18	41	26	0	0	56	0	0	0	26	0	1	30	8	7	11	42	130	0	65	0	0	25	0	0	25	0	0	7	7	0	0	125	0	5	6	25	0	0	55	0	0	0	25	0	0	0	7	7	4	0	125	0	18	41	26	0	0	0	0	0	0	0	0	0	0	56	0	0	0	26	0	1	30	8	7	11	42	130	0	53	0	0	21	0	0	25	0	0	7	7	0	0	125	0	0	0	25	0	0	55	0	0	0	25	0	0	0	7	7	0	0	125	0	5	6	25	0	0	0	0	0	0	0	0	0	0	55	0	0	0	25	0	0	0	7	7	4	0	125	0	18	41	26	0	0	0	32	0	0	0	0	0	0	0	0	0	0	0	0	0	0	56	0	0	0	26	0	1	30	8	7	11	42	130	0
76	68	14	16	8	60	2	0	7	14	16	8	6	0	8	7	9	20	32	0	52	0	0	7	2	0	7	0	0	7	7	0	0	28	0	14	16	8	0	0	8	0	0	0	0	0	6	0	8	7	9	20	32	0	44	0	0	7	0	0	7	0	0	7	7	0	0	28	0	2	0	7	0	0	7	0	0	0	0	0	0	0	7	7	0	0	28	0	14	16	8	0	0	0	0	0	0	0	0	0	0	8	0	0	0	0	0	6	0	8	7	9	20	32	0	36	0	0	7	0	0	7	0	0	7	7	0	0	28	0	0	0	7	0	0	7	0	0	0	0	0	0	0	7	7	0	0	28	0	2	0	7	0	0	0	0	0	0	0	0	0	0	7	0	0	0	0	0	0	0	7	7	0	0	28	0	14	16	8	0	0	0	0	0	0	0	0	0	0	0	0	0	0	0	0	0	0	8	0	0	0	0	0	6	0	8	7	9	20	32	0
97	86	7	18	42	75	0	0	27	7	18	42	0	0	19	40	0	0	84	34	64	0	0	26	0	0	27	0	0	8	35	0	0	54	32	7	18	42	0	0	0	7	0	0	0	0	0	0	19	40	0	0	84	34	53	0	0	26	0	0	26	0	0	7	35	0	0	52	32	0	0	27	0	0	0	7	0	0	0	0	0	0	8	35	0	0	54	32	7	18	42	0	0	0	0	0	0	0	0	0	0	0	7	0	0	0	0	0	0	19	40	0	0	84	34	42	0	0	26	0	0	26	0	0	7	35	0	0	52	32	0	0	26	0	0	0	7	0	0	0	0	0	0	7	35	0	0	52	32	0	0	27	0	0	0	0	0	0	0	0	0	0	0	7	0	0	0	0	0	0	8	35	0	0	54	32	7	18	42	0	0	0	0	0	0	0	0	0	0	0	0	0	0	0	0	0	0	0	7	0	0	0	0	0	0	19	40	0	0	84	34
71	63	6	7	29	55	0	0	19	6	7	29	0	0	17	0	0	0	29	34	47	0	0	19	0	0	19	0	0	11	0	0	0	19	32	6	7	29	0	0	0	0	0	0	0	0	0	0	17	0	0	0	29	34	39	0	0	19	0	0	19	0	0	11	0	0	0	19	32	0	0	19	0	0	0	0	0	0	0	0	0	0	11	0	0	0	19	32	6	7	29	0	0	0	0	0	0	0	0	0	0	0	0	0	0	0	0	0	0	17	0	0	0	29	34	31	0	0	19	0	0	19	0	0	11	0	0	0	19	32	0	0	19	0	0	0	0	0	0	0	0	0	0	11	0	0	0	19	32	0	0	19	0	0	0	0	0	0	0	0	0	0	0	0	0	0	0	0	0	0	11	0	0	0	19	32	6	7	29	0	0	0	0	0	0	0	0	0	0	0	0	0	0	0	0	0	0	0	0	0	0	0	0	0	0	17	0	0	0	29	34
52	46	8	8	15	40	0	0	9	8	8	15	0	0	33	0	1	0	30	26	34	0	0	9	0	0	9	0	0	27	0	0	0	18	25	8	8	15	0	0	0	0	0	0	0	0	0	0	33	0	1	0	30	26	28	0	0	9	0	0	9	0	0	27	0	0	0	18	25	0	0	9	0	0	0	0	0	0	0	0	0	0	27	0	0	0	18	25	8	8	15	0	0	0	0	0	0	0	0	0	0	0	0	0	0	0	0	0	0	33	0	1	0	30	26	22	0	0	9	0	0	9	0	0	27	0	0	0	18	25	0	0	9	0	0	0	0	0	0	0	0	0	0	27	0	0	0	18	25	0	0	9	0	0	0	0	0	0	0	0	0	0	0	0	0	0	0	0	0	0	27	0	0	0	18	25	8	8	15	0	0	0	0	0	0	0	0	0	0	0	0	0	0	0	0	0	0	0	0	0	0	0	0	0	0	33	0	1	0	30	26
54	48	6	0	17	42	0	0	0	6	0	17	0	0	6	0	0	0	0	60	36	0	0	0	0	0	0	0	0	0	0	0	0	0	55	6	0	17	0	0	0	0	0	0	0	0	0	0	6	0	0	0	0	60	30	0	0	0	0	0	0	0	0	0	0	0	0	0	55	0	0	0	0	0	0	0	0	0	0	0	0	0	0	0	0	0	0	55	6	0	17	0	0	0	0	0	0	0	0	0	0	0	0	0	0	0	0	0	0	6	0	0	0	0	60	24	0	0	0	0	0	0	0	0	0	0	0	0	0	54	0	0	0	0	0	0	0	0	0	0	0	0	0	0	0	0	0	0	55	0	0	0	0	0	0	0	0	0	0	0	0	0	0	0	0	0	0	0	0	0	0	0	0	0	0	55	6	0	17	0	0	0	0	0	0	0	0	0	0	0	0	0	0	0	0	0	0	0	0	0	0	0	0	0	0	6	0	0	0	0	60
70	62	6	12	10	54	0	0	0	6	12	10	0	0	6	0	0	0	20	34	46	0	0	0	0	0	0	0	0	0	0	0	0	0	32	6	12	10	0	0	0	0	0	0	0	0	0	0	6	0	0	0	20	34	38	0	0	0	0	0	0	0	0	0	0	0	0	0	32	0	0	0	0	0	0	0	0	0	0	0	0	0	0	0	0	0	0	32	6	12	10	0	0	0	0	0	0	0	0	0	0	0	0	0	0	0	0	0	0	6	0	0	0	20	34	30	0	0	0	0	0	0	0	0	0	0	0	0	0	32	0	0	0	0	0	0	0	0	0	0	0	0	0	0	0	0	0	0	32	0	0	0	0	0	0	0	0	0	0	0	0	0	0	0	0	0	0	0	0	0	0	0	0	0	0	32	6	12	10	0	0	0	0	0	0	0	0	0	0	0	0	0	0	0	0	0	0	0	0	0	0	0	0	0	0	6	0	0	0	20	34
72	63	1	0	59	54	0	0	31	1	0	59	0	0	0	20	0	0	0	96	45	0	0	31	0	0	31	0	0	0	20	0	0	0	55	1	0	59	0	0	0	0	0	0	0	0	0	0	0	20	0	0	0	96	36	0	0	31	0	0	31	0	0	0	20	0	0	0	54	0	0	31	0	0	0	0	0	0	0	0	0	0	0	20	0	0	0	55	1	0	59	0	0	0	0	0	0	0	0	0	0	0	0	0	0	0	0	0	0	0	20	0	0	0	96	27	0	0	31	0	0	31	0	0	0	20	0	0	0	54	0	0	31	0	0	0	0	0	0	0	0	0	0	0	20	0	0	0	54	0	0	31	0	0	0	0	0	0	0	0	0	0	0	0	0	0	0	0	0	0	0	20	0	0	0	55	1	0	59	0	0	0	0	0	0	0	0	0	0	0	0	0	0	0	0	0	0	0	0	0	0	0	0	0	0	0	20	0	0	0	96
143	125	15	17	162	107	1	0	161	15	17	162	0	0	127	9	13	0	162	0	89	1	0	160	1	0	161	0	0	127	9	5	0	161	0	15	17	162	0	0	0	12	0	0	0	0	0	0	127	9	13	0	162	0	71	1	0	160	1	0	160	0	0	127	9	5	0	160	0	1	0	161	0	0	0	12	0	0	0	0	0	0	127	9	5	0	161	0	15	17	162	2	0	0	0	1	0	0	0	0	0	0	12	0	0	0	0	0	0	127	9	13	0	162	0	53	0	0	160	1	0	160	0	0	127	9	5	0	160	0	1	0	160	0	0	0	12	0	0	0	0	0	0	127	9	5	0	160	0	1	0	161	0	0	0	0	0	0	0	0	0	0	0	12	0	0	0	0	0	0	127	9	5	0	161	0	14	17	162	0	0	10	0	0	0	0	0	2	0	0	0	1	0	0	0	0	0	0	12	0	0	0	0	0	0	127	9	8	0	162	0
120	105	6	0	123	90	1	0	97	6	0	123	0	0	32	52	5	0	0	67	75	1	0	84	1	0	97	0	0	32	17	5	0	0	36	6	0	123	0	0	0	63	0	0	0	26	0	0	32	52	5	0	0	67	60	1	0	83	1	0	84	0	0	32	16	5	0	0	35	1	0	97	0	0	0	58	0	0	0	25	0	0	32	17	5	0	0	36	6	0	123	2	0	0	7	0	0	0	0	0	0	0	63	0	0	0	26	0	0	32	52	5	0	0	67	45	0	0	83	1	0	83	0	0	32	16	5	0	0	35	1	0	84	0	0	0	58	0	0	0	25	0	0	32	16	5	0	0	35	1	0	97	0	0	0	7	0	0	0	0	0	0	0	58	0	0	0	25	0	0	32	17	5	0	0	36	5	0	123	0	0	10	0	0	0	0	0	2	0	0	7	0	0	0	0	0	0	0	63	0	0	0	26	0	0	32	52	0	0	0	67
110	96	16	24	94	82	1	0	94	16	24	94	0	0	137	0	13	0	188	0	68	1	0	93	1	0	94	0	0	137	0	5	0	188	0	16	24	94	0	0	0	12	0	0	0	0	0	0	137	0	13	0	188	0	54	1	0	93	1	0	93	0	0	137	0	5	0	186	0	1	0	94	0	0	0	12	0	0	0	0	0	0	137	0	5	0	188	0	16	24	94	2	0	0	0	1	0	0	0	0	0	0	12	0	0	0	0	0	0	137	0	13	0	188	0	40	0	0	93	1	0	93	0	0	137	0	5	0	186	0	1	0	93	0	0	0	12	0	0	0	0	0	0	137	0	5	0	186	0	1	0	94	0	0	0	0	0	0	0	0	0	0	0	12	0	0	0	0	0	0	137	0	5	0	188	0	15	24	94	0	0	10	0	0	0	0	0	2	0	0	0	1	0	0	0	0	0	0	12	0	0	0	0	0	0	137	0	8	0	188	0
87	76	8	10	72	65	1	0	72	8	10	72	0	0	42	0	5	0	72	0	54	1	0	71	1	0	72	0	0	42	0	5	0	72	0	8	10	72	0	0	0	12	0	0	0	0	0	0	42	0	5	0	72	0	43	1	0	71	1	0	71	0	0	42	0	5	0	71	0	1	0	72	0	0	0	12	0	0	0	0	0	0	42	0	5	0	72	0	8	10	72	2	0	0	0	0	0	0	0	0	0	0	12	0	0	0	0	0	0	42	0	5	0	72	0	32	0	0	71	1	0	71	0	0	42	0	5	0	71	0	1	0	71	0	0	0	12	0	0	0	0	0	0	42	0	5	0	71	0	1	0	72	0	0	0	0	0	0	0	0	0	0	0	12	0	0	0	0	0	0	42	0	5	0	72	0	7	10	72	0	0	10	0	0	0	0	0	2	0	0	0	0	0	0	0	0	0	0	12	0	0	0	0	0	0	42	0	0	0	72	0
126	108	12	0	211	90	12	0	155	12	0	211	6	0	0	188	40	0	0	328	72	12	0	155	12	0	155	6	0	0	188	40	0	0	327	12	0	211	0	0	0	0	2	0	0	0	6	0	0	188	40	0	0	328	54	2	0	155	12	0	155	6	0	0	188	40	0	0	324	12	0	155	0	0	0	0	2	0	0	0	6	0	0	188	40	0	0	327	10	0	211	0	0	124	0	0	0	0	0	0	0	0	0	2	0	0	0	6	0	0	188	37	0	0	328	36	0	0	155	2	0	155	0	0	0	188	3	0	0	324	12	0	155	0	0	0	0	2	0	0	0	6	0	0	188	40	0	0	324	10	0	155	0	0	120	0	0	0	0	0	0	0	0	0	2	0	0	0	6	0	0	188	37	0	0	327	0	0	211	0	0	20	0	0	0	0	0	0	0	124	0	0	0	0	0	0	0	0	0	0	0	0	0	0	0	0	188	0	0	0	328
98	84	11	0	118	70	7	0	98	11	0	118	4	0	14	78	31	0	0	94	56	7	0	98	7	0	98	4	0	14	78	20	0	0	94	11	0	118	0	0	0	0	3	0	0	0	4	0	14	78	31	0	0	94	42	1	0	98	7	0	98	4	0	14	78	20	0	0	93	7	0	98	0	0	0	0	1	0	0	0	4	0	14	78	20	0	0	94	10	0	118	0	0	51	0	0	0	0	0	0	0	0	0	3	0	0	0	4	0	14	78	29	0	0	94	28	0	0	98	1	0	98	0	0	14	78	2	0	0	93	7	0	98	0	0	0	0	1	0	0	0	4	0	14	78	20	0	0	93	6	0	98	0	0	47	0	0	0	0	0	0	0	0	0	1	0	0	0	4	0	14	78	18	0	0	94	4	0	118	0	0	8	0	0	0	0	0	0	0	51	0	0	0	0	0	0	0	0	0	2	0	0	0	0	0	14	78	11	0	0	94
95	81	20	33	94	67	3	0	92	20	33	94	4	0	66	24	34	77	282	0	53	2	0	92	3	0	92	0	0	66	24	3	0	276	0	20	33	94	5	0	0	0	5	11	0	0	4	0	66	24	34	77	282	0	39	0	0	92	2	0	92	0	0	66	24	2	0	276	0	3	0	92	0	0	0	0	0	0	0	0	0	0	66	24	3	0	276	0	20	33	94	0	0	5	0	0	0	0	0	5	0	0	0	5	11	0	0	4	0	66	24	34	77	282	0	25	0	0	92	0	0	92	0	0	66	24	0	0	276	0	2	0	92	0	0	0	0	0	0	0	0	0	0	66	24	2	0	276	0	3	0	92	0	0	5	0	0	0	0	0	0	0	0	0	0	0	0	0	0	0	66	24	3	0	276	0	17	33	94	0	0	0	0	0	0	0	0	0	0	5	0	0	0	0	0	5	0	0	0	5	11	0	0	4	0	66	24	31	77	282	0
91	78	24	0	109	65	12	0	107	24	0	109	4	0	54	24	64	0	0	0	52	12	0	107	12	0	107	4	0	54	24	25	0	0	0	24	0	109	10	0	0	0	11	0	0	0	4	0	54	24	64	0	0	0	39	1	0	107	12	0	107	4	0	54	24	25	0	0	0	12	0	107	0	0	0	0	2	0	0	0	4	0	54	24	25	0	0	0	23	0	109	0	0	99	0	0	0	0	0	10	0	0	0	11	0	0	0	4	0	54	24	62	0	0	0	26	0	0	107	1	0	107	0	0	54	24	2	0	0	0	12	0	107	0	0	0	0	2	0	0	0	4	0	54	24	25	0	0	0	11	0	107	0	0	99	0	0	0	0	0	0	0	0	0	2	0	0	0	4	0	54	24	23	0	0	0	12	0	109	0	0	8	0	0	0	0	0	0	0	99	0	0	0	0	0	10	0	0	0	9	0	0	0	0	0	54	24	39	0	0	0
104	88	35	65	100	72	9	15	98	35	65	100	14	0	93	24	55	165	500	0	56	6	10	98	9	15	98	0	0	93	24	12	15	490	0	35	65	100	5	50	0	0	8	30	0	0	14	0	93	24	55	165	500	0	40	0	0	98	6	10	98	0	0	93	24	10	10	490	0	9	15	98	0	0	0	0	1	0	0	0	0	0	93	24	12	15	490	0	34	65	100	0	0	67	0	0	0	100	0	5	50	0	0	8	30	0	0	14	0	93	24	53	165	500	0	25	0	0	98	0	0	98	0	0	93	24	0	0	490	0	6	10	98	0	0	0	0	1	0	0	0	0	0	93	24	10	10	490	0	9	15	98	0	0	67	0	0	0	98	0	0	0	0	0	1	0	0	0	0	0	93	24	12	15	490	0	25	50	100	0	0	0	0	0	0	0	0	0	0	67	0	0	0	100	0	5	50	0	0	7	30	0	0	14	0	93	24	41	150	500	0
70	58	18	20	82	46	4	0	58	18	20	82	14	0	13	39	13	0	164	194	34	0	0	58	4	0	58	0	0	13	39	3	0	116	190	18	20	82	0	0	10	0	0	0	0	0	14	0	13	39	13	0	164	194	22	0	0	58	0	0	58	0	0	13	39	0	0	116	190	4	0	58	0	0	0	0	0	0	0	0	0	0	13	39	3	0	116	190	18	20	82	0	0	0	0	0	0	0	0	0	0	10	0	0	0	0	0	14	0	13	39	13	0	164	194	10	0	0	58	0	0	58	0	0	13	39	0	0	116	190	0	0	58	0	0	0	0	0	0	0	0	0	0	13	39	0	0	116	190	4	0	58	0	0	0	0	0	0	0	0	0	0	0	0	0	0	0	0	0	0	13	39	3	0	116	190	14	20	82	0	0	0	0	0	0	0	0	0	0	0	0	0	0	0	0	0	0	10	0	0	0	0	0	14	0	13	39	10	0	164	194
47	39	18	7	36	31	4	0	13	18	7	36	14	0	0	26	13	0	36	194	23	0	0	13	4	0	13	0	0	0	26	3	0	13	190	18	7	36	0	0	10	0	0	0	0	0	14	0	0	26	13	0	36	194	15	0	0	13	0	0	13	0	0	0	26	0	0	13	190	4	0	13	0	0	0	0	0	0	0	0	0	0	0	26	3	0	13	190	18	7	36	0	0	0	0	0	0	0	0	0	0	10	0	0	0	0	0	14	0	0	26	13	0	36	194	7	0	0	13	0	0	13	0	0	0	26	0	0	13	190	0	0	13	0	0	0	0	0	0	0	0	0	0	0	26	0	0	13	190	4	0	13	0	0	0	0	0	0	0	0	0	0	0	0	0	0	0	0	0	0	0	26	3	0	13	190	14	7	36	0	0	0	0	0	0	0	0	0	0	0	0	0	0	0	0	0	0	10	0	0	0	0	0	14	0	0	26	10	0	36	194
114	94	30	79	158	74	6	15	127	30	79	158	11	60	112	140	24	64	632	194	54	0	0	127	6	15	127	0	0	112	140	5	15	508	190	30	79	158	0	0	55	0	0	0	158	0	11	60	112	140	24	64	632	194	34	0	0	127	0	0	127	0	0	112	140	0	0	508	190	6	15	127	0	0	41	0	0	0	127	0	0	0	112	140	5	15	508	190	29	79	158	0	0	0	0	0	0	0	0	0	0	55	0	0	0	158	0	11	60	112	140	22	64	632	194	15	0	0	127	0	0	127	0	0	112	140	0	0	508	190	0	0	127	0	0	41	0	0	0	127	0	0	0	112	140	0	0	508	190	6	15	127	0	0	0	0	0	0	0	0	0	0	41	0	0	0	127	0	0	0	112	140	5	15	508	190	20	60	158	0	0	0	0	0	0	0	0	0	0	0	0	0	0	0	0	0	0	55	0	0	0	158	0	11	60	112	140	16	45	632	194
69	56	21	52	23	43	5	12	11	21	52	23	4	60	0	22	18	41	115	100	30	0	0	11	5	12	11	0	0	0	22	9	6	55	98	21	52	23	0	0	49	0	1	0	46	0	4	60	0	22	18	41	115	100	17	0	0	11	0	0	11	0	0	0	22	0	0	55	98	5	12	11	0	0	33	0	1	0	22	0	0	0	0	22	9	6	55	98	20	52	23	0	0	0	0	0	0	0	0	0	0	49	0	1	0	46	0	4	60	0	22	16	41	115	100	6	0	0	11	0	0	11	0	0	0	22	0	0	55	98	0	0	11	0	0	33	0	0	0	22	0	0	0	0	22	0	0	55	98	5	12	11	0	0	0	0	0	0	0	0	0	0	33	0	1	0	22	0	0	0	0	22	9	6	55	98	10	30	23	0	0	0	0	0	0	0	0	0	0	0	0	0	0	0	0	0	0	49	0	0	0	46	0	4	60	0	22	5	30	115	100
45	37	18	15	10	29	4	0	0	18	15	10	14	0	0	0	12	10	30	100	21	0	0	0	4	0	0	0	0	0	0	3	0	0	98	18	15	10	0	0	10	0	0	0	0	0	14	0	0	0	12	10	30	100	13	0	0	0	0	0	0	0	0	0	0	0	0	0	98	4	0	0	0	0	0	0	0	0	0	0	0	0	0	0	3	0	0	98	18	15	10	0	0	0	0	0	0	0	0	0	0	10	0	0	0	0	0	14	0	0	0	12	10	30	100	5	0	0	0	0	0	0	0	0	0	0	0	0	0	98	0	0	0	0	0	0	0	0	0	0	0	0	0	0	0	0	0	0	98	4	0	0	0	0	0	0	0	0	0	0	0	0	0	0	0	0	0	0	0	0	0	0	3	0	0	98	12	15	10	0	0	0	0	0	0	0	0	0	0	0	0	0	0	0	0	0	0	10	0	0	0	0	0	14	0	0	0	8	10	30	100
68	54	12	24	90	40	0	0	61	12	24	90	0	0	84	39	13	12	180	191	26	0	0	61	0	0	61	0	0	56	39	0	0	122	138	12	24	90	0	0	0	0	1	0	0	0	0	0	84	39	13	12	180	191	12	0	0	61	0	0	61	0	0	56	39	0	0	122	138	0	0	61	0	0	0	0	0	0	0	0	0	0	56	39	0	0	122	138	11	24	90	0	0	0	0	0	0	0	0	0	0	0	0	1	0	0	0	0	0	84	39	11	12	180	191	0	0	0	61	0	0	61	0	0	56	39	0	0	122	138	0	0	61	0	0	0	0	0	0	0	0	0	0	56	39	0	0	122	138	0	0	61	0	0	0	0	0	0	0	0	0	0	0	0	0	0	0	0	0	0	56	39	0	0	122	138	0	0	90	0	0	0	0	0	0	0	0	0	0	0	0	0	0	0	0	0	0	0	0	0	0	0	0	0	0	84	39	0	0	180	191
38	30	6	12	29	22	0	0	22	6	12	29	0	0	12	11	4	6	58	23	14	0	0	22	0	0	22	0	0	0	11	0	0	44	11	6	12	29	0	0	0	0	0	0	0	0	0	0	12	11	4	6	58	23	6	0	0	22	0	0	22	0	0	0	11	0	0	44	11	0	0	22	0	0	0	0	0	0	0	0	0	0	0	11	0	0	44	11	5	12	29	0	0	0	0	0	0	0	0	0	0	0	0	0	0	0	0	0	0	12	11	2	6	58	23	0	0	0	22	0	0	22	0	0	0	11	0	0	44	11	0	0	22	0	0	0	0	0	0	0	0	0	0	0	11	0	0	44	11	0	0	22	0	0	0	0	0	0	0	0	0	0	0	0	0	0	0	0	0	0	0	11	0	0	44	11	0	0	29	0	0	0	0	0	0	0	0	0	0	0	0	0	0	0	0	0	0	0	0	0	0	0	0	0	0	12	11	0	0	58	23
55	44	5	0	97	33	0	0	50	5	0	97	0	0	27	53	3	0	0	309	22	0	0	50	0	0	50	0	0	0	53	0	0	0	209	5	0	97	0	0	0	0	0	0	0	0	0	0	27	53	3	0	0	309	11	0	0	50	0	0	50	0	0	0	53	0	0	0	209	0	0	50	0	0	0	0	0	0	0	0	0	0	0	53	0	0	0	209	5	0	97	0	0	0	0	0	0	0	0	0	0	0	0	0	0	0	0	0	0	27	53	3	0	0	309	0	0	0	50	0	0	50	0	0	0	53	0	0	0	209	0	0	50	0	0	0	0	0	0	0	0	0	0	0	53	0	0	0	209	0	0	50	0	0	0	0	0	0	0	0	0	0	0	0	0	0	0	0	0	0	0	53	0	0	0	209	0	0	97	0	0	0	0	0	0	0	0	0	0	0	0	0	0	0	0	0	0	0	0	0	0	0	0	0	0	27	53	0	0	0	309
45	36	8	0	48	27	0	0	11	8	0	48	0	0	27	11	4	0	0	273	18	0	0	11	0	0	11	0	0	0	11	0	0	0	196	8	0	48	0	0	0	0	0	0	0	0	0	0	27	11	4	0	0	273	9	0	0	11	0	0	11	0	0	0	11	0	0	0	196	0	0	11	0	0	0	0	0	0	0	0	0	0	0	11	0	0	0	196	8	0	48	0	0	0	0	0	0	0	0	0	0	0	0	0	0	0	0	0	0	27	11	4	0	0	273	0	0	0	11	0	0	11	0	0	0	11	0	0	0	196	0	0	11	0	0	0	0	0	0	0	0	0	0	0	11	0	0	0	196	0	0	11	0	0	0	0	0	0	0	0	0	0	0	0	0	0	0	0	0	0	0	11	0	0	0	196	0	0	48	0	0	0	0	0	0	0	0	0	0	0	0	0	0	0	0	0	0	0	0	0	0	0	0	0	0	27	11	0	0	0	273
34	27	7	6	33	20	0	0	11	7	6	33	0	0	27	11	4	0	33	181	13	0	0	11	0	0	11	0	0	0	11	0	0	11	138	7	6	33	0	0	0	0	0	0	0	0	0	0	27	11	4	0	33	181	6	0	0	11	0	0	11	0	0	0	11	0	0	11	138	0	0	11	0	0	0	0	0	0	0	0	0	0	0	11	0	0	11	138	7	6	33	0	0	0	0	0	0	0	0	0	0	0	0	0	0	0	0	0	0	27	11	4	0	33	181	0	0	0	11	0	0	11	0	0	0	11	0	0	11	138	0	0	11	0	0	0	0	0	0	0	0	0	0	0	11	0	0	11	138	0	0	11	0	0	0	0	0	0	0	0	0	0	0	0	0	0	0	0	0	0	0	11	0	0	11	138	0	0	33	0	0	0	0	0	0	0	0	0	0	0	0	0	0	0	0	0	0	0	0	0	0	0	0	0	0	27	11	0	0	33	181
56	41	27	38	106	26	4	12	105	26	38	106	10	24	89	11	61	74	212	0	12	0	0	104	4	12	105	0	0	89	11	7	12	210	0	17	24	106	0	0	52	13	0	0	106	0	10	24	89	11	46	60	212	0	0	0	0	98	0	0	104	0	0	89	11	0	0	208	0	0	0	105	0	0	52	11	0	0	105	0	0	0	89	11	0	0	210	0	0	0	106	0	0	0	64	0	0	0	0	0	0	52	13	0	0	106	0	0	0	89	11	0	0	212	0	0	0	0	98	0	0	98	0	0	86	11	0	0	196	0	0	0	104	0	0	52	11	0	0	104	0	0	0	89	11	0	0	208	0	0	0	105	0	0	0	64	0	0	0	0	0	0	52	11	0	0	105	0	0	0	89	11	0	0	210	0	0	0	0	0	0	0	0	0	0	0	0	0	0	0	64	0	0	0	0	0	0	0	13	0	0	0	0	0	0	0	11	0	0	0	0
52	38	31	40	95	24	5	0	94	31	40	95	12	0	102	11	66	100	380	0	10	0	0	93	5	0	94	0	0	102	11	8	0	376	0	16	40	95	0	0	52	13	0	0	0	0	12	0	102	11	42	100	380	0	0	0	0	86	0	0	93	0	0	102	11	0	0	372	0	0	0	94	0	0	52	11	0	0	0	0	0	0	102	11	0	0	376	0	0	0	95	0	0	0	76	0	0	0	0	0	0	52	13	0	0	0	0	0	0	102	11	0	0	380	0	0	0	0	86	0	0	86	0	0	98	11	0	0	344	0	0	0	93	0	0	52	11	0	0	0	0	0	0	102	11	0	0	372	0	0	0	94	0	0	0	76	0	0	0	0	0	0	52	11	0	0	0	0	0	0	102	11	0	0	376	0	0	0	0	0	0	0	0	0	0	0	0	0	0	0	76	0	0	0	0	0	0	0	13	0	0	0	0	0	0	0	11	0	0	0	0
59	43	35	55	118	27	3	0	118	35	55	118	9	0	129	0	76	165	590	0	11	0	0	118	3	0	118	0	0	129	0	5	0	590	0	17	55	118	0	0	23	0	0	0	0	0	9	0	129	0	46	165	590	0	0	0	0	111	0	0	118	0	0	129	0	0	0	590	0	0	0	118	0	0	23	0	0	0	0	0	0	0	129	0	0	0	590	0	0	0	118	0	0	0	82	0	0	0	0	0	0	23	0	0	0	0	0	0	0	129	0	0	0	590	0	0	0	0	107	0	0	111	0	0	125	0	0	0	555	0	0	0	118	0	0	23	0	0	0	0	0	0	0	129	0	0	0	590	0	0	0	118	0	0	0	74	0	0	0	0	0	0	23	0	0	0	0	0	0	0	129	0	0	0	590	0	0	0	0	0	0	0	40	0	0	0	0	0	0	0	82	0	0	0	0	0	0	0	0	0	0	0	0	0	0	0	0	0	0	0	0
75	56	15	18	201	37	4	0	172	15	18	201	8	0	37	114	33	36	201	119	18	0	0	142	4	0	172	0	0	37	23	6	0	172	83	9	18	201	0	0	39	108	0	0	0	181	8	0	37	114	24	36	201	119	0	0	0	119	0	0	142	0	0	37	23	0	0	142	83	0	0	172	0	0	39	52	0	0	0	138	0	0	37	23	0	0	172	83	0	0	201	0	0	0	124	0	0	0	100	0	0	39	108	0	0	0	181	0	0	37	114	0	0	201	119	0	0	0	119	0	0	119	0	0	34	23	0	0	119	83	0	0	142	0	0	39	52	0	0	0	138	0	0	37	23	0	0	142	83	0	0	172	0	0	0	124	0	0	0	98	0	0	39	52	0	0	0	138	0	0	37	23	0	0	172	83	0	0	0	0	0	0	0	0	0	0	0	0	0	0	124	0	0	0	100	0	0	0	108	0	0	0	181	0	0	0	114	0	0	0	119
28	21	4	0	47	14	1	0	17	4	0	47	2	0	0	41	8	0	0	152	7	0	0	11	1	0	17	0	0	0	11	1	0	0	94	3	0	47	0	0	0	0	0	0	0	23	2	0	0	41	7	0	0	152	0	0	0	11	0	0	11	0	0	0	11	0	0	0	94	0	0	17	0	0	0	0	0	0	0	11	0	0	0	11	0	0	0	94	0	0	47	0	0	0	0	0	0	0	0	0	0	0	0	0	0	0	23	0	0	0	41	0	0	0	152	0	0	0	11	0	0	11	0	0	0	11	0	0	0	94	0	0	11	0	0	0	0	0	0	0	11	0	0	0	11	0	0	0	94	0	0	17	0	0	0	0	0	0	0	0	0	0	0	0	0	0	0	11	0	0	0	11	0	0	0	94	0	0	0	0	0	0	0	0	0	0	0	0	0	0	0	0	0	0	0	0	0	0	0	0	0	0	23	0	0	0	41	0	0	0	152
29	19	17	9	63	9	0	0	36	16	9	63	0	0	27	75	28	9	63	213	0	0	0	36	0	0	36	0	0	23	75	0	0	36	212	0	0	63	0	0	0	0	0	0	0	0	0	0	27	75	0	0	63	213	0	0	0	36	0	0	36	0	0	23	75	0	0	36	211	0	0	36	0	0	0	0	0	0	0	0	0	0	23	75	0	0	36	212	0	0	0	0	0	0	0	0	0	0	0	0	0	0	0	0	0	0	0	0	0	0	75	0	0	0	213	0	0	0	35	0	0	36	0	0	23	73	0	0	36	197	0	0	36	0	0	0	0	0	0	0	0	0	0	23	75	0	0	36	211	0	0	0	0	0	0	0	0	0	0	0	0	0	0	0	0	0	0	0	0	0	0	75	0	0	0	212	0	0	0	0	0	0	12	0	0	0	0	0	0	0	0	0	0	0	0	0	0	0	0	0	0	0	0	0	0	0	0	0	0	0	0
34	22	18	20	82	10	0	0	24	15	20	82	0	0	28	83	25	30	164	520	0	0	0	24	0	0	24	0	0	13	83	0	0	48	489	0	0	82	0	0	0	0	0	0	0	0	0	0	28	83	0	0	164	520	0	0	0	24	0	0	24	0	0	13	83	0	0	48	457	0	0	24	0	0	0	0	0	0	0	0	0	0	13	83	0	0	48	489	0	0	0	0	0	0	0	0	0	0	0	0	0	0	0	0	0	0	0	0	0	0	83	0	0	0	520	0	0	0	21	0	0	24	0	0	13	71	0	0	48	414	0	0	24	0	0	0	0	0	0	0	0	0	0	13	83	0	0	48	457	0	0	0	0	0	0	0	0	0	0	0	0	0	0	0	0	0	0	0	0	0	0	83	0	0	0	489	0	0	0	0	0	0	24	0	0	0	0	0	0	0	0	0	0	0	0	0	0	0	0	0	0	0	0	0	0	0	0	0	0	0	0
33	21	22	27	65	9	0	0	26	17	27	65	0	0	76	78	28	45	195	319	0	0	0	26	0	0	26	0	0	52	78	0	0	78	317	0	0	65	0	0	0	0	0	0	0	0	0	0	76	78	0	0	195	319	0	0	0	26	0	0	26	0	0	52	78	0	0	78	315	0	0	26	0	0	0	0	0	0	0	0	0	0	52	78	0	0	78	317	0	0	0	0	0	0	0	0	0	0	0	0	0	0	0	0	0	0	0	0	0	0	78	0	0	0	319	0	0	0	26	0	0	26	0	0	52	78	0	0	78	295	0	0	26	0	0	0	0	0	0	0	0	0	0	52	78	0	0	78	315	0	0	0	0	0	0	0	0	0	0	0	0	0	0	0	0	0	0	0	0	0	0	78	0	0	0	317	0	0	0	0	0	0	0	0	0	0	0	0	0	0	0	0	0	0	0	0	0	0	0	0	0	0	0	0	0	0	0	0	0	0	0
50	32	31	56	125	14	2	0	95	22	56	125	5	0	140	111	39	98	500	213	0	0	0	95	0	0	95	0	0	127	111	0	0	380	212	0	0	125	0	0	20	0	0	0	0	0	0	0	140	111	0	0	500	213	0	0	0	95	0	0	95	0	0	127	111	0	0	380	211	0	0	95	0	0	20	0	0	0	0	0	0	0	127	111	0	0	380	212	0	0	0	0	0	0	0	0	0	0	0	0	0	0	0	0	0	0	0	0	0	0	111	0	0	0	213	0	0	0	95	0	0	95	0	0	127	111	0	0	380	197	0	0	95	0	0	20	0	0	0	0	0	0	0	127	111	0	0	380	211	0	0	0	0	0	0	0	0	0	0	0	0	0	0	0	0	0	0	0	0	0	0	111	0	0	0	212	0	0	0	0	0	0	0	0	0	0	0	0	0	0	0	0	0	0	0	0	0	0	0	0	0	0	0	0	0	0	0	0	0	0	0
31	19	24	35	31	7	1	0	19	14	35	31	3	0	38	10	24	63	155	118	0	0	0	19	0	0	19	0	0	37	10	0	0	95	118	0	0	31	0	0	9	0	0	0	0	0	0	0	38	10	0	0	155	118	0	0	0	19	0	0	19	0	0	37	10	0	0	95	118	0	0	19	0	0	9	0	0	0	0	0	0	0	37	10	0	0	95	118	0	0	0	0	0	0	0	0	0	0	0	0	0	0	0	0	0	0	0	0	0	0	10	0	0	0	118	0	0	0	19	0	0	19	0	0	37	10	0	0	95	111	0	0	19	0	0	9	0	0	0	0	0	0	0	37	10	0	0	95	118	0	0	0	0	0	0	0	0	0	0	0	0	0	0	0	0	0	0	0	0	0	0	10	0	0	0	118	0	0	0	0	0	0	0	0	0	0	0	0	0	0	0	0	0	0	0	0	0	0	0	0	0	0	0	0	0	0	0	0	0	0	0
40	19	10	38	204	0	0	0	157	0	0	204	0	0	36	107	0	0	408	303	0	0	0	151	0	0	157	0	0	35	89	0	0	314	164	0	0	0	0	0	0	78	0	0	0	0	0	0	0	107	0	0	0	303	0	0	0	151	0	0	151	0	0	35	89	0	0	302	164	0	0	0	0	0	0	78	0	0	0	0	0	0	0	89	0	0	0	164	0	0	0	0	0	0	0	0	0	0	0	0	0	0	78	0	0	0	0	0	0	0	0	0	0	0	0	0	0	0	151	0	0	151	0	0	35	89	0	0	302	164	0	0	0	0	0	0	78	0	0	0	0	0	0	0	89	0	0	0	164	0	0	0	0	0	0	0	0	0	0	0	0	0	0	78	0	0	0	0	0	0	0	0	0	0	0	0	0	0	0	0	0	0	0	0	0	0	0	0	0	0	0	0	0	0	0	0	0	0	0	0	0	0	0	0	0	0	0	0	0	0	0
22	10	9	20	78	0	0	0	67	0	0	78	0	0	22	50	0	0	156	31	0	0	0	64	0	0	67	0	0	20	44	0	0	134	19	0	0	0	0	0	0	39	0	0	0	0	0	0	0	50	0	0	0	31	0	0	0	64	0	0	64	0	0	20	44	0	0	128	19	0	0	0	0	0	0	39	0	0	0	0	0	0	0	44	0	0	0	19	0	0	0	0	0	0	0	0	0	0	0	0	0	0	39	0	0	0	0	0	0	0	0	0	0	0	0	0	0	0	64	0	0	64	0	0	20	44	0	0	128	19	0	0	0	0	0	0	39	0	0	0	0	0	0	0	44	0	0	0	19	0	0	0	0	0	0	0	0	0	0	0	0	0	0	39	0	0	0	0	0	0	0	0	0	0	0	0	0	0	0	0	0	0	0	0	0	0	0	0	0	0	0	0	0	0	0	0	0	0	0	0	0	0	0	0	0	0	0	0	0	0	0
32	15	13	30	144	0	0	0	107	0	0	144	0	0	74	78	0	0	288	221	0	0	0	106	0	0	107	0	0	71	75	0	0	214	140	0	0	0	0	0	0	10	0	0	0	0	0	0	0	78	0	0	0	221	0	0	0	106	0	0	106	0	0	71	75	0	0	212	140	0	0	0	0	0	0	10	0	0	0	0	0	0	0	75	0	0	0	140	0	0	0	0	0	0	0	0	0	0	0	0	0	0	10	0	0	0	0	0	0	0	0	0	0	0	0	0	0	0	106	0	0	106	0	0	71	75	0	0	212	140	0	0	0	0	0	0	10	0	0	0	0	0	0	0	75	0	0	0	140	0	0	0	0	0	0	0	0	0	0	0	0	0	0	10	0	0	0	0	0	0	0	0	0	0	0	0	0	0	0	0	0	0	0	0	0	0	0	0	0	0	0	0	0	0	0	0	0	0	0	0	0	0	0	0	0	0	0	0	0	0	0
23	11	8	11	81	0	0	0	28	0	0	81	0	0	0	56	0	0	81	366	0	0	0	13	0	0	28	0	0	0	26	0	0	28	200	0	0	0	0	0	0	39	0	0	0	106	0	0	0	56	0	0	0	366	0	0	0	13	0	0	13	0	0	0	26	0	0	13	200	0	0	0	0	0	0	39	0	0	0	105	0	0	0	26	0	0	0	200	0	0	0	0	0	0	0	0	0	0	0	0	0	0	39	0	0	0	106	0	0	0	0	0	0	0	0	0	0	0	13	0	0	13	0	0	0	26	0	0	13	200	0	0	0	0	0	0	39	0	0	0	104	0	0	0	26	0	0	0	200	0	0	0	0	0	0	0	0	0	0	0	0	0	0	39	0	0	0	105	0	0	0	0	0	0	0	0	0	0	0	0	0	0	0	0	0	0	0	0	0	0	0	0	0	0	0	0	0	0	0	0	0	0	0	0	0	0	0	0	0	0	0
16	7	8	14	32	0	0	0	9	0	0	32	0	0	11	18	0	0	64	156	0	0	0	9	0	0	9	0	0	9	18	0	0	18	114	0	0	0	0	0	0	0	0	0	0	0	0	0	0	18	0	0	0	156	0	0	0	9	0	0	9	0	0	9	18	0	0	18	114	0	0	0	0	0	0	0	0	0	0	0	0	0	0	18	0	0	0	114	0	0	0	0	0	0	0	0	0	0	0	0	0	0	0	0	0	0	0	0	0	0	0	0	0	0	0	0	0	0	9	0	0	9	0	0	9	18	0	0	18	114	0	0	0	0	0	0	0	0	0	0	0	0	0	0	18	0	0	0	114	0	0	0	0	0	0	0	0	0	0	0	0	0	0	0	0	0	0	0	0	0	0	0	0	0	0	0	0	0	0	0	0	0	0	0	0	0	0	0	0	0	0	0	0	0	0	0	0	0	0	0	0	0	0	0	0	0	0	0	0	0	0
11	0	0	0	128	0	0	0	59	0	0	0	0	0	0	85	0	0	0	539	0	0	0	58	0	0	0	0	0	0	83	0	0	0	368	0	0	0	0	0	0	11	0	0	0	0	0	0	0	0	0	0	0	0	0	0	0	58	0	0	0	0	0	0	83	0	0	0	343	0	0	0	0	0	0	11	0	0	0	0	0	0	0	0	0	0	0	0	0	0	0	0	0	0	0	0	0	0	0	0	0	0	0	0	0	0	0	0	0	0	0	0	0	0	0	0	0	0	58	0	0	0	0	0	0	83	0	0	0	343	0	0	0	0	0	0	11	0	0	0	0	0	0	0	0	0	0	0	0	0	0	0	0	0	0	0	0	0	0	0	0	0	0	0	0	0	0	0	0	0	0	0	0	0	0	0	0	0	0	0	0	0	0	0	0	0	0	0	0	0	0	0	0	0	0	0	0	0	0	0	0	0	0	0	0	0	0	0	0	0	0
9	0	0	0	102	0	0	0	46	0	0	0	0	0	0	58	0	0	0	458	0	0	0	44	0	0	0	0	0	0	52	0	0	0	340	0	0	0	0	0	0	18	0	0	0	0	0	0	0	0	0	0	0	0	0	0	0	44	0	0	0	0	0	0	52	0	0	0	330	0	0	0	0	0	0	18	0	0	0	0	0	0	0	0	0	0	0	0	0	0	0	0	0	0	0	0	0	0	0	0	0	0	0	0	0	0	0	0	0	0	0	0	0	0	0	0	0	0	44	0	0	0	0	0	0	52	0	0	0	330	0	0	0	0	0	0	18	0	0	0	0	0	0	0	0	0	0	0	0	0	0	0	0	0	0	0	0	0	0	0	0	0	0	0	0	0	0	0	0	0	0	0	0	0	0	0	0	0	0	0	0	0	0	0	0	0	0	0	0	0	0	0	0	0	0	0	0	0	0	0	0	0	0	0	0	0	0	0	0	0	0
