339	334	19	4	0	329	4	0	0	19	4	0	0	0	0	0	42	4	0	0	324	4	0	0	4	0	0	0	0	0	0	7	0	0	0	19	4	0	0	0	0	0	4	0	0	0	0	0	0	0	42	4	0	0	319	4	0	0	4	0	0	0	0	0	0	7	0	0	0	4	0	0	0	0	0	0	4	0	0	0	0	0	0	0	7	0	0	0	19	4	0	0	0	0	0	0	0	0	0	0	0	0	0	4	0	0	0	0	0	0	0	42	4	0	0	314	4	0	0	4	0	0	0	0	0	0	7	0	0	0	4	0	0	0	0	0	0	4	0	0	0	0	0	0	0	7	0	0	0	4	0	0	0	0	0	0	0	0	0	0	0	0	0	0	4	0	0	0	0	0	0	0	7	0	0	0	19	4	0	0	0	0	0	0	0	0	0	0	0	0	0	0	0	0	0	0	0	0	0	4	0	0	0	0	0	0	0	42	4	0	0
406	400	21	8	0	394	5	0	0	21	8	0	0	0	0	0	45	12	0	0	388	5	0	0	5	0	0	0	0	0	0	9	0	0	0	21	8	0	0	0	0	0	5	0	0	0	0	0	0	0	45	12	0	0	382	5	0	0	5	0	0	0	0	0	0	9	0	0	0	5	0	0	0	0	0	0	5	0	0	0	0	0	0	0	9	0	0	0	21	8	0	0	0	0	0	0	0	0	0	0	0	0	0	5	0	0	0	0	0	0	0	45	12	0	0	376	5	0	0	5	0	0	0	0	0	0	9	0	0	0	5	0	0	0	0	0	0	5	0	0	0	0	0	0	0	9	0	0	0	5	0	0	0	0	0	0	0	0	0	0	0	0	0	0	5	0	0	0	0	0	0	0	9	0	0	0	21	8	0	0	0	0	0	0	0	0	0	0	0	0	0	0	0	0	0	0	0	0	0	5	0	0	0	0	0	0	0	45	12	0	0
473	466	23	12	0	459	5	0	0	23	12	0	0	0	0	0	48	24	0	0	452	5	0	0	5	0	0	0	0	0	0	9	0	0	0	23	12	0	0	0	0	0	5	0	0	0	0	0	0	0	48	24	0	0	445	5	0	0	5	0	0	0	0	0	0	9	0	0	0	5	0	0	0	0	0	0	5	0	0	0	0	0	0	0	9	0	0	0	23	12	0	0	0	0	0	0	0	0	0	0	0	0	0	5	0	0	0	0	0	0	0	48	24	0	0	438	5	0	0	5	0	0	0	0	0	0	9	0	0	0	5	0	0	0	0	0	0	5	0	0	0	0	0	0	0	9	0	0	0	5	0	0	0	0	0	0	0	0	0	0	0	0	0	0	5	0	0	0	0	0	0	0	9	0	0	0	23	12	0	0	0	0	0	0	0	0	0	0	0	0	0	0	0	0	0	0	0	0	0	5	0	0	0	0	0	0	0	48	24	0	0
540	532	30	16	0	524	9	0	0	30	16	0	0	0	0	0	60	40	0	0	516	9	0	0	9	0	0	0	0	0	0	15	0	0	0	30	16	0	0	0	0	0	9	0	0	0	0	0	0	0	60	40	0	0	508	9	0	0	9	0	0	0	0	0	0	15	0	0	0	9	0	0	0	0	0	0	9	0	0	0	0	0	0	0	15	0	0	0	30	16	0	0	0	0	0	0	0	0	0	0	0	0	0	9	0	0	0	0	0	0	0	60	40	0	0	500	9	0	0	9	0	0	0	0	0	0	15	0	0	0	9	0	0	0	0	0	0	9	0	0	0	0	0	0	0	15	0	0	0	9	0	0	0	0	0	0	0	0	0	0	0	0	0	0	9	0	0	0	0	0	0	0	15	0	0	0	30	16	0	0	0	0	0	0	0	0	0	0	0	0	0	0	0	0	0	0	0	0	0	9	0	0	0	0	0	0	0	60	40	0	0
607	598	40	20	0	589	15	0	0	40	20	0	6	0	0	0	81	60	0	0	580	15	0	0	15	0	0	6	0	0	0	27	0	0	0	40	20	0	3	0	0	0	12	0	0	0	6	0	0	0	81	60	0	0	571	15	0	0	15	0	0	6	0	0	0	27	0	0	0	15	0	0	3	0	0	0	12	0	0	0	6	0	0	0	27	0	0	0	40	20	0	2	0	0	0	4	0	0	0	3	0	0	0	12	0	0	0	6	0	0	0	81	60	0	0	562	15	0	0	15	0	0	6	0	0	0	27	0	0	0	15	0	0	3	0	0	0	12	0	0	0	6	0	0	0	27	0	0	0	15	0	0	2	0	0	0	4	0	0	0	3	0	0	0	12	0	0	0	6	0	0	0	27	0	0	0	40	20	0	0	0	0	0	2	0	0	0	2	0	0	0	4	0	0	0	3	0	0	0	12	0	0	0	6	0	0	0	81	60	0	0
901	887	38	49	20	873	16	40	0	38	49	20	12	0	0	0	84	79	20	0	859	12	40	0	16	40	0	6	0	0	0	32	70	0	0	38	49	20	3	0	0	0	8	40	0	0	12	0	0	0	84	79	20	0	845	12	40	0	12	40	0	6	0	0	0	22	70	0	0	16	40	0	3	0	0	0	8	40	0	0	6	0	0	0	32	70	0	0	38	49	20	2	0	0	0	5	0	0	0	3	0	0	0	8	40	0	0	12	0	0	0	84	79	20	0	831	12	40	0	12	40	0	6	0	0	0	22	70	0	0	12	40	0	3	0	0	0	8	40	0	0	6	0	0	0	22	70	0	0	16	40	0	2	0	0	0	5	0	0	0	3	0	0	0	8	40	0	0	6	0	0	0	32	70	0	0	38	49	20	0	0	0	0	2	0	0	0	2	0	0	0	5	0	0	0	3	0	0	0	8	40	0	0	12	0	0	0	84	79	20	0
726	715	34	26	16	704	16	10	0	34	26	16	8	0	0	0	71	44	32	0	693	15	10	0	16	10	0	6	0	0	0	31	20	0	0	34	26	16	3	0	0	0	11	10	0	0	8	0	0	0	71	44	32	0	682	15	10	0	15	10	0	6	0	0	0	27	20	0	0	16	10	0	3	0	0	0	11	10	0	0	6	0	0	0	31	20	0	0	34	26	16	2	0	0	0	5	0	0	0	3	0	0	0	11	10	0	0	8	0	0	0	71	44	32	0	671	15	10	0	15	10	0	6	0	0	0	27	20	0	0	15	10	0	3	0	0	0	11	10	0	0	6	0	0	0	27	20	0	0	16	10	0	2	0	0	0	5	0	0	0	3	0	0	0	11	10	0	0	6	0	0	0	31	20	0	0	34	26	16	0	0	0	0	3	0	0	0	2	0	0	0	5	0	0	0	3	0	0	0	11	10	0	0	8	0	0	0	71	44	32	0
667	657	37	21	12	647	19	0	0	37	21	12	8	0	0	0	68	42	36	0	637	19	0	0	19	0	0	8	0	0	0	32	0	0	0	37	21	12	3	0	0	0	14	0	0	0	8	0	0	0	68	42	36	0	627	19	0	0	19	0	0	8	0	0	0	32	0	0	0	19	0	0	3	0	0	0	14	0	0	0	8	0	0	0	32	0	0	0	37	21	12	2	0	0	0	6	0	0	0	3	0	0	0	14	0	0	0	8	0	0	0	68	42	36	0	617	19	0	0	19	0	0	8	0	0	0	32	0	0	0	19	0	0	3	0	0	0	14	0	0	0	8	0	0	0	32	0	0	0	19	0	0	2	0	0	0	6	0	0	0	3	0	0	0	14	0	0	0	8	0	0	0	32	0	0	0	37	21	12	0	0	0	0	4	0	0	0	2	0	0	0	6	0	0	0	3	0	0	0	14	0	0	0	8	0	0	0	68	42	36	0
898	884	52	64	8	870	25	40	0	52	64	8	17	0	0	0	107	120	32	0	856	21	40	0	25	40	0	12	0	0	0	52	60	0	0	52	64	8	4	0	0	0	10	40	0	0	17	0	0	0	107	120	32	0	842	21	40	0	21	40	0	12	0	0	0	42	60	0	0	25	40	0	4	0	0	0	10	40	0	0	12	0	0	0	52	60	0	0	52	64	8	4	0	0	0	10	0	0	0	4	0	0	0	10	40	0	0	17	0	0	0	107	120	32	0	828	21	40	0	21	40	0	12	0	0	0	42	60	0	0	21	40	0	4	0	0	0	10	40	0	0	12	0	0	0	42	60	0	0	25	40	0	4	0	0	0	10	0	0	0	4	0	0	0	10	40	0	0	12	0	0	0	52	60	0	0	52	64	8	3	0	0	0	9	0	0	0	4	0	0	0	10	0	0	0	4	0	0	0	10	40	0	0	17	0	0	0	107	120	32	0
1013	997	66	96	4	981	30	65	0	66	96	4	14	60	0	0	138	216	20	0	965	27	62	0	30	65	0	12	60	0	0	69	140	0	0	66	96	4	12	36	0	0	18	36	0	0	14	60	0	0	138	216	20	0	949	23	60	0	27	62	0	12	60	0	0	60	128	0	0	30	65	0	1	30	0	0	11	30	0	0	12	60	0	0	69	140	0	0	66	96	4	8	20	0	0	9	40	0	0	12	36	0	0	18	36	0	0	14	60	0	0	138	216	20	0	933	21	60	0	23	60	0	6	60	0	0	46	120	0	0	27	62	0	1	30	0	0	11	30	0	0	12	60	0	0	60	128	0	0	30	65	0	2	20	0	0	7	40	0	0	1	30	0	0	11	30	0	0	12	60	0	0	69	140	0	0	66	96	4	5	0	0	0	20	20	0	0	8	20	0	0	9	40	0	0	12	36	0	0	18	36	0	0	14	60	0	0	138	216	20	0
718	707	42	19	35	696	26	10	0	42	19	35	12	0	0	0	78	29	35	60	685	26	10	0	26	10	0	12	0	0	0	52	20	0	0	42	19	35	6	0	0	0	17	0	0	0	12	0	0	0	78	29	35	60	674	25	10	0	26	10	0	12	0	0	0	52	20	0	0	26	10	0	4	0	0	0	14	0	0	0	12	0	0	0	52	20	0	0	42	19	35	4	0	0	0	12	10	0	0	6	0	0	0	17	0	0	0	12	0	0	0	78	29	35	60	663	25	10	0	25	10	0	12	0	0	0	48	20	0	0	26	10	0	4	0	0	0	14	0	0	0	12	0	0	0	52	20	0	0	26	10	0	4	0	0	0	10	10	0	0	4	0	0	0	14	0	0	0	12	0	0	0	52	20	0	0	42	19	35	3	0	0	0	13	0	0	0	4	0	0	0	12	10	0	0	6	0	0	0	17	0	0	0	12	0	0	0	78	29	35	60
658	648	40	16	26	638	26	0	0	40	16	26	16	0	0	0	79	16	52	40	628	26	0	0	26	0	0	16	0	0	0	57	0	0	0	40	16	26	5	0	0	0	10	0	0	0	16	0	0	0	79	16	52	40	618	26	0	0	26	0	0	16	0	0	0	57	0	0	0	26	0	0	5	0	0	0	10	0	0	0	16	0	0	0	57	0	0	0	40	16	26	5	0	0	0	16	0	0	0	5	0	0	0	10	0	0	0	16	0	0	0	79	16	52	40	608	25	0	0	26	0	0	16	0	0	0	57	0	0	0	26	0	0	5	0	0	0	10	0	0	0	16	0	0	0	57	0	0	0	26	0	0	4	0	0	0	12	0	0	0	5	0	0	0	10	0	0	0	16	0	0	0	57	0	0	0	40	16	26	5	0	0	0	15	8	0	0	5	0	0	0	16	0	0	0	5	0	0	0	10	0	0	0	16	0	0	0	79	16	52	40
832	819	47	53	18	806	28	30	0	47	53	18	14	20	0	0	90	66	54	24	793	26	30	0	28	30	0	14	20	0	0	67	30	0	0	47	53	18	7	0	0	0	11	22	0	0	14	20	0	0	90	66	54	24	780	25	30	0	26	30	0	14	20	0	0	62	30	0	0	28	30	0	5	0	0	0	7	20	0	0	14	20	0	0	67	30	0	0	47	53	18	5	0	0	0	20	10	0	0	7	0	0	0	11	22	0	0	14	20	0	0	90	66	54	24	767	24	30	0	25	30	0	14	20	0	0	58	30	0	0	26	30	0	5	0	0	0	7	20	0	0	14	20	0	0	62	30	0	0	28	30	0	4	0	0	0	11	10	0	0	5	0	0	0	7	20	0	0	14	20	0	0	67	30	0	0	47	53	18	11	0	0	0	20	7	0	0	5	0	0	0	20	10	0	0	7	0	0	0	11	22	0	0	14	20	0	0	90	66	54	24
999	983	70	98	11	967	36	70	0	70	98	11	27	47	0	0	136	238	44	12	951	36	69	0	36	70	0	27	46	0	0	88	182	0	0	70	98	11	17	13	0	0	20	0	0	0	27	47	0	0	136	238	44	12	935	32	67	0	36	69	0	27	46	0	0	88	181	0	0	36	70	0	6	13	0	0	10	0	0	0	27	46	0	0	88	182	0	0	70	98	11	16	22	0	0	33	44	0	0	17	13	0	0	20	0	0	0	27	47	0	0	136	238	44	12	919	27	64	0	32	67	0	21	44	0	0	74	173	0	0	36	69	0	6	13	0	0	10	0	0	0	27	46	0	0	88	181	0	0	36	70	0	2	20	0	0	10	40	0	0	6	13	0	0	10	0	0	0	27	46	0	0	88	182	0	0	70	98	11	22	32	0	0	37	44	0	0	16	22	0	0	33	44	0	0	17	13	0	0	20	0	0	0	27	47	0	0	136	238	44	12
649	639	45	29	5	629	25	9	0	45	29	5	16	0	0	0	81	58	20	4	619	25	9	0	25	9	0	16	0	0	0	62	18	0	0	45	29	5	7	0	0	0	10	0	0	0	16	0	0	0	81	58	20	4	609	24	9	0	25	9	0	16	0	0	0	62	18	0	0	25	9	0	5	0	0	0	5	0	0	0	16	0	0	0	62	18	0	0	45	29	5	8	0	0	0	25	9	0	0	7	0	0	0	10	0	0	0	16	0	0	0	81	58	20	4	599	22	9	0	24	9	0	16	0	0	0	58	18	0	0	25	9	0	5	0	0	0	5	0	0	0	16	0	0	0	62	18	0	0	25	9	0	4	0	0	0	11	9	0	0	5	0	0	0	5	0	0	0	16	0	0	0	62	18	0	0	45	29	5	11	0	0	0	23	10	0	0	8	0	0	0	25	9	0	0	7	0	0	0	10	0	0	0	16	0	0	0	81	58	20	4
649	639	35	9	35	629	26	0	0	35	9	35	14	0	0	0	68	0	35	95	619	26	0	0	26	0	0	14	0	0	0	68	0	0	0	35	9	35	2	0	0	0	5	0	0	0	14	0	0	0	68	0	35	95	609	24	0	0	26	0	0	14	0	0	0	68	0	0	0	26	0	0	2	0	0	0	2	0	0	0	14	0	0	0	68	0	0	0	35	9	35	12	0	0	0	24	18	0	0	2	0	0	0	5	0	0	0	14	0	0	0	68	0	35	95	599	17	0	0	24	0	0	10	0	0	0	61	0	0	0	26	0	0	2	0	0	0	2	0	0	0	14	0	0	0	68	0	0	0	26	0	0	2	0	0	0	8	0	0	0	2	0	0	0	2	0	0	0	14	0	0	0	68	0	0	0	35	9	35	11	0	0	0	19	18	0	0	12	0	0	0	24	18	0	0	2	0	0	0	5	0	0	0	14	0	0	0	68	0	35	95
824	811	51	49	26	798	28	37	0	51	49	26	19	38	0	0	106	139	26	60	785	28	36	0	28	37	0	19	36	0	0	72	128	0	0	51	49	26	5	9	0	0	9	0	0	0	19	38	0	0	106	139	26	60	772	25	35	0	28	36	0	19	36	0	0	72	126	0	0	28	37	0	3	9	0	0	3	0	0	0	19	36	0	0	72	128	0	0	51	49	26	15	8	0	0	36	28	0	0	5	9	0	0	9	0	0	0	19	38	0	0	106	139	26	60	759	18	25	0	25	35	0	15	34	0	0	61	121	0	0	28	36	0	3	9	0	0	3	0	0	0	19	36	0	0	72	126	0	0	28	37	0	2	0	0	0	8	10	0	0	3	9	0	0	3	0	0	0	19	36	0	0	72	128	0	0	51	49	26	21	16	0	0	28	26	26	0	15	8	0	0	36	28	0	0	5	9	0	0	9	0	0	0	19	38	0	0	106	139	26	60
821	808	57	53	18	795	44	32	0	57	53	18	35	0	0	0	128	62	54	34	782	43	32	0	44	32	0	35	0	0	0	115	62	0	0	57	53	18	9	0	0	0	6	7	0	0	35	0	0	0	128	62	54	34	769	38	32	0	43	32	0	33	0	0	0	112	62	0	0	44	32	0	9	0	0	0	4	0	0	0	35	0	0	0	115	62	0	0	57	53	18	17	0	0	0	30	35	0	0	9	0	0	0	6	7	0	0	35	0	0	0	128	62	54	34	756	28	26	0	38	32	0	26	0	0	0	96	62	0	0	43	32	0	8	0	0	0	4	0	0	0	33	0	0	0	112	62	0	0	44	32	0	3	0	0	0	9	0	0	0	9	0	0	0	4	0	0	0	35	0	0	0	115	62	0	0	57	53	18	18	42	0	0	22	38	0	0	17	0	0	0	30	35	0	0	9	0	0	0	6	7	0	0	35	0	0	0	128	62	54	34
643	633	43	27	11	623	31	9	0	43	27	11	17	0	0	0	98	45	33	16	613	30	9	0	31	9	0	17	0	0	0	83	45	0	0	43	27	11	3	0	0	0	2	6	0	0	17	0	0	0	98	45	33	16	603	25	6	0	30	9	0	15	0	0	0	80	45	0	0	31	9	0	3	0	0	0	0	0	0	0	17	0	0	0	83	45	0	0	43	27	11	9	18	0	0	19	30	0	0	3	0	0	0	2	6	0	0	17	0	0	0	98	45	33	16	593	17	0	0	25	6	0	8	0	0	0	64	30	0	0	30	9	0	2	0	0	0	0	0	0	0	15	0	0	0	80	45	0	0	31	9	0	2	0	0	0	6	0	0	0	3	0	0	0	0	0	0	0	17	0	0	0	83	45	0	0	43	27	11	11	0	0	0	19	24	11	0	9	18	0	0	19	30	0	0	3	0	0	0	2	6	0	0	17	0	0	0	98	45	33	16
571	562	35	26	0	553	19	18	0	35	26	0	13	0	0	0	77	48	0	0	544	18	18	0	19	18	0	13	0	0	0	58	48	0	0	35	26	0	2	0	0	0	2	4	0	0	13	0	0	0	77	48	0	0	535	14	12	0	18	18	0	11	0	0	0	55	48	0	0	19	18	0	2	0	0	0	0	0	0	0	13	0	0	0	58	48	0	0	35	26	0	4	24	0	0	15	16	0	0	2	0	0	0	2	4	0	0	13	0	0	0	77	48	0	0	526	9	0	0	14	12	0	5	0	0	0	41	32	0	0	18	18	0	1	0	0	0	0	0	0	0	11	0	0	0	55	48	0	0	19	18	0	0	0	0	0	1	0	0	0	2	0	0	0	0	0	0	0	13	0	0	0	58	48	0	0	35	26	0	8	0	0	0	17	12	0	0	4	24	0	0	15	16	0	0	2	0	0	0	2	4	0	0	13	0	0	0	77	48	0	0
690	679	47	32	34	668	35	28	0	47	32	34	26	28	0	0	123	94	0	90	657	34	28	0	35	28	0	26	28	0	0	94	84	0	0	47	32	34	8	0	0	0	2	0	0	0	26	28	0	0	123	94	0	90	646	26	14	0	34	28	0	24	28	0	0	91	84	0	0	35	28	0	8	0	0	0	2	0	0	0	26	28	0	0	94	84	0	0	47	32	34	5	0	26	0	11	0	68	0	8	0	0	0	2	0	0	0	26	28	0	0	123	94	0	90	635	19	0	0	26	14	0	19	0	0	0	64	35	0	0	34	28	0	7	0	0	0	2	0	0	0	24	28	0	0	91	84	0	0	35	28	0	1	0	0	0	3	0	0	0	8	0	0	0	2	0	0	0	26	28	0	0	94	84	0	0	47	32	34	13	0	30	0	10	9	68	0	5	0	26	0	11	0	68	0	8	0	0	0	2	0	0	0	26	28	0	0	123	94	0	90
746	734	46	44	17	722	28	40	0	46	44	17	13	30	0	0	108	131	0	29	710	28	32	0	28	40	0	13	28	0	0	73	122	0	0	46	44	17	6	7	0	0	1	0	17	0	13	30	0	0	108	131	0	29	698	20	18	0	28	32	0	13	14	0	0	73	100	0	0	28	40	0	4	7	0	0	1	0	0	0	13	28	0	0	73	122	0	0	46	44	17	1	0	18	0	1	0	34	0	6	7	0	0	1	0	17	0	13	30	0	0	108	131	0	29	686	15	11	0	20	18	0	8	0	0	0	49	51	0	0	28	32	0	4	0	0	0	1	0	0	0	13	14	0	0	73	100	0	0	28	40	0	1	0	0	0	0	0	0	0	4	7	0	0	1	0	0	0	13	28	0	0	73	122	0	0	46	44	17	1	0	14	0	4	0	17	0	1	0	18	0	1	0	34	0	6	7	0	0	1	0	17	0	13	30	0	0	108	131	0	29
667	656	39	37	13	645	26	36	0	39	37	13	16	6	0	0	90	75	0	29	634	25	36	0	26	36	0	16	6	0	0	71	74	0	0	39	37	13	7	0	0	0	1	0	0	0	16	6	0	0	90	75	0	29	623	19	30	0	25	36	0	14	6	0	0	68	74	0	0	26	36	0	5	0	0	0	1	0	0	0	16	6	0	0	71	74	0	0	39	37	13	1	0	6	0	1	0	13	0	7	0	0	0	1	0	0	0	16	6	0	0	90	75	0	29	612	14	24	0	19	30	0	8	0	0	0	47	62	0	0	25	36	0	4	0	0	0	1	0	0	0	14	6	0	0	68	74	0	0	26	36	0	1	0	0	0	0	0	0	0	5	0	0	0	1	0	0	0	16	6	0	0	71	74	0	0	39	37	13	1	0	14	0	2	0	13	0	1	0	6	0	1	0	13	0	7	0	0	0	1	0	0	0	16	6	0	0	90	75	0	29
309	304	21	7	0	299	15	4	0	21	7	0	5	0	0	0	48	16	0	0	294	14	4	0	15	4	0	5	0	0	0	39	16	0	0	21	7	0	3	0	0	0	0	0	0	0	5	0	0	0	48	16	0	0	289	10	4	0	14	4	0	3	0	0	0	36	16	0	0	15	4	0	1	0	0	0	0	0	0	0	5	0	0	0	39	16	0	0	21	7	0	0	0	0	0	0	0	0	0	3	0	0	0	0	0	0	0	5	0	0	0	48	16	0	0	284	8	4	0	10	4	0	0	0	0	0	25	16	0	0	14	4	0	0	0	0	0	0	0	0	0	3	0	0	0	36	16	0	0	15	4	0	0	0	0	0	0	0	0	0	1	0	0	0	0	0	0	0	5	0	0	0	39	16	0	0	21	7	0	0	0	0	0	0	0	0	0	0	0	0	0	0	0	0	0	3	0	0	0	0	0	0	0	5	0	0	0	48	16	0	0
487	479	32	23	0	471	23	17	0	32	23	0	15	0	0	0	73	46	0	0	463	22	15	0	23	17	0	15	0	0	0	58	46	0	0	32	23	0	1	6	0	0	2	0	0	0	15	0	0	0	73	46	0	0	455	19	12	0	22	15	0	13	0	0	0	55	42	0	0	23	17	0	1	0	0	0	2	0	0	0	15	0	0	0	58	46	0	0	32	23	0	0	0	0	0	1	0	0	0	1	6	0	0	2	0	0	0	15	0	0	0	73	46	0	0	447	17	12	0	19	12	0	10	0	0	0	46	36	0	0	22	15	0	0	0	0	0	2	0	0	0	13	0	0	0	55	42	0	0	23	17	0	0	0	0	0	1	0	0	0	1	0	0	0	2	0	0	0	15	0	0	0	58	46	0	0	32	23	0	0	0	0	0	0	0	0	0	0	0	0	0	1	0	0	0	1	6	0	0	2	0	0	0	15	0	0	0	73	46	0	0
360	354	23	8	6	348	15	8	0	23	8	6	11	0	0	0	55	24	0	0	342	14	8	0	15	8	0	11	0	0	0	39	24	0	0	23	8	6	0	0	3	0	2	0	0	0	11	0	0	0	55	24	0	0	336	14	8	0	14	8	0	11	0	0	0	37	24	0	0	15	8	0	0	0	0	0	2	0	0	0	11	0	0	0	39	24	0	0	23	8	6	0	0	0	0	1	0	0	0	0	0	3	0	2	0	0	0	11	0	0	0	55	24	0	0	330	14	8	0	14	8	0	11	0	0	0	37	24	0	0	14	8	0	0	0	0	0	2	0	0	0	11	0	0	0	37	24	0	0	15	8	0	0	0	0	0	1	0	0	0	0	0	0	0	2	0	0	0	11	0	0	0	39	24	0	0	23	8	6	0	0	0	0	0	0	0	0	0	0	0	0	1	0	0	0	0	0	3	0	2	0	0	0	11	0	0	0	55	24	0	0
617	606	42	43	3	595	22	34	0	42	43	3	14	36	0	0	95	85	0	0	584	19	34	0	22	34	0	6	36	0	0	53	70	0	0	42	43	3	4	0	3	0	4	8	0	0	14	36	0	0	95	85	0	0	573	18	34	0	19	34	0	4	36	0	0	46	70	0	0	22	34	0	0	0	0	0	4	8	0	0	6	36	0	0	53	70	0	0	42	43	3	0	0	0	0	0	4	0	0	4	0	3	0	4	8	0	0	14	36	0	0	95	85	0	0	562	18	34	0	18	34	0	4	36	0	0	45	70	0	0	19	34	0	0	0	0	0	4	8	0	0	4	36	0	0	46	70	0	0	22	34	0	0	0	0	0	0	4	0	0	0	0	0	0	4	8	0	0	6	36	0	0	53	70	0	0	42	43	3	0	0	0	0	0	0	0	0	0	0	0	0	0	4	0	0	4	0	3	0	4	8	0	0	14	36	0	0	95	85	0	0
536	527	38	28	0	518	20	18	0	38	28	0	11	12	0	0	93	82	0	0	509	20	18	0	20	18	0	11	12	0	0	52	60	0	0	38	28	0	1	0	0	0	6	0	0	0	11	12	0	0	93	82	0	0	500	20	18	0	20	18	0	11	12	0	0	52	60	0	0	20	18	0	1	0	0	0	6	0	0	0	11	12	0	0	52	60	0	0	38	28	0	0	0	0	0	1	0	0	0	1	0	0	0	6	0	0	0	11	12	0	0	93	82	0	0	491	20	18	0	20	18	0	11	12	0	0	52	60	0	0	20	18	0	1	0	0	0	6	0	0	0	11	12	0	0	52	60	0	0	20	18	0	0	0	0	0	1	0	0	0	1	0	0	0	6	0	0	0	11	12	0	0	52	60	0	0	38	28	0	0	0	0	0	1	0	0	0	0	0	0	0	1	0	0	0	1	0	0	0	6	0	0	0	11	12	0	0	93	82	0	0
419	412	33	16	0	405	19	10	0	33	16	0	13	0	0	0	82	42	0	0	398	19	10	0	19	10	0	13	0	0	0	50	30	0	0	33	16	0	1	0	0	0	6	0	0	0	13	0	0	0	82	42	0	0	391	19	10	0	19	10	0	13	0	0	0	50	30	0	0	19	10	0	1	0	0	0	6	0	0	0	13	0	0	0	50	30	0	0	33	16	0	0	0	0	0	1	0	0	0	1	0	0	0	6	0	0	0	13	0	0	0	82	42	0	0	384	19	10	0	19	10	0	13	0	0	0	50	30	0	0	19	10	0	1	0	0	0	6	0	0	0	13	0	0	0	50	30	0	0	19	10	0	0	0	0	0	1	0	0	0	1	0	0	0	6	0	0	0	13	0	0	0	50	30	0	0	33	16	0	0	0	0	0	1	0	0	0	0	0	0	0	1	0	0	0	1	0	0	0	6	0	0	0	13	0	0	0	82	42	0	0
356	350	26	12	0	344	12	8	0	26	12	0	4	0	0	0	66	32	0	0	338	12	8	0	12	8	0	4	0	0	0	34	24	0	0	26	12	0	1	0	0	0	4	0	0	0	4	0	0	0	66	32	0	0	332	12	8	0	12	8	0	4	0	0	0	34	24	0	0	12	8	0	1	0	0	0	4	0	0	0	4	0	0	0	34	24	0	0	26	12	0	0	0	0	0	0	0	0	0	1	0	0	0	4	0	0	0	4	0	0	0	66	32	0	0	326	12	8	0	12	8	0	4	0	0	0	34	24	0	0	12	8	0	1	0	0	0	4	0	0	0	4	0	0	0	34	24	0	0	12	8	0	0	0	0	0	0	0	0	0	1	0	0	0	4	0	0	0	4	0	0	0	34	24	0	0	26	12	0	0	0	0	0	1	0	0	0	0	0	0	0	0	0	0	0	1	0	0	0	4	0	0	0	4	0	0	0	66	32	0	0
431	424	28	12	7	417	10	0	7	28	12	7	7	0	14	0	72	24	21	0	410	9	0	0	10	0	7	5	0	14	0	29	0	21	0	28	12	7	0	0	7	0	0	0	0	17	7	0	14	0	72	24	21	0	403	9	0	0	9	0	0	5	0	0	0	28	0	0	0	10	0	7	0	0	7	0	0	0	0	0	5	0	14	0	29	0	21	0	28	12	7	0	0	0	0	0	0	0	0	0	0	7	0	0	0	0	17	7	0	14	0	72	24	21	0	396	9	0	0	9	0	0	5	0	0	0	28	0	0	0	9	0	0	0	0	0	0	0	0	0	0	5	0	0	0	28	0	0	0	10	0	7	0	0	0	0	0	0	0	0	0	0	7	0	0	0	0	0	5	0	14	0	29	0	21	0	28	12	7	0	0	0	0	0	0	0	0	0	0	0	0	0	0	0	0	0	0	7	0	0	0	0	17	7	0	14	0	72	24	21	0
248	244	14	0	9	240	10	0	0	14	0	9	4	0	0	0	42	0	0	0	236	10	0	0	10	0	0	4	0	0	0	32	0	0	0	14	0	9	0	0	0	0	0	0	0	0	4	0	0	0	42	0	0	0	232	10	0	0	10	0	0	4	0	0	0	32	0	0	0	10	0	0	0	0	0	0	0	0	0	0	4	0	0	0	32	0	0	0	14	0	9	0	0	0	0	0	0	0	0	0	0	0	0	0	0	0	0	4	0	0	0	42	0	0	0	228	10	0	0	10	0	0	4	0	0	0	32	0	0	0	10	0	0	0	0	0	0	0	0	0	0	4	0	0	0	32	0	0	0	10	0	0	0	0	0	0	0	0	0	0	0	0	0	0	0	0	0	0	4	0	0	0	32	0	0	0	14	0	9	0	0	0	0	0	0	0	0	0	0	0	0	0	0	0	0	0	0	0	0	0	0	0	0	4	0	0	0	42	0	0	0
838	824	44	63	9	810	15	33	0	44	63	9	5	22	0	0	107	186	36	0	796	15	33	0	15	33	0	5	22	0	0	41	110	0	0	44	63	9	1	0	0	0	2	0	0	0	5	22	0	0	107	186	36	0	782	15	33	0	15	33	0	5	22	0	0	41	110	0	0	15	33	0	1	0	0	0	2	0	0	0	5	22	0	0	41	110	0	0	44	63	9	0	0	0	0	0	0	0	0	1	0	0	0	2	0	0	0	5	22	0	0	107	186	36	0	768	15	33	0	15	33	0	5	22	0	0	41	110	0	0	15	33	0	1	0	0	0	2	0	0	0	5	22	0	0	41	110	0	0	15	33	0	0	0	0	0	0	0	0	0	1	0	0	0	2	0	0	0	5	22	0	0	41	110	0	0	44	63	9	0	0	0	0	2	0	0	0	0	0	0	0	0	0	0	0	1	0	0	0	2	0	0	0	5	22	0	0	107	186	36	0
247	243	16	3	0	239	3	0	0	16	3	0	2	0	0	0	42	3	0	0	235	3	0	0	3	0	0	2	0	0	0	10	0	0	0	16	3	0	0	0	0	0	0	0	0	0	2	0	0	0	42	3	0	0	231	3	0	0	3	0	0	2	0	0	0	10	0	0	0	3	0	0	0	0	0	0	0	0	0	0	2	0	0	0	10	0	0	0	16	3	0	0	0	0	0	0	0	0	0	0	0	0	0	0	0	0	0	2	0	0	0	42	3	0	0	227	3	0	0	3	0	0	2	0	0	0	10	0	0	0	3	0	0	0	0	0	0	0	0	0	0	2	0	0	0	10	0	0	0	3	0	0	0	0	0	0	0	0	0	0	0	0	0	0	0	0	0	0	2	0	0	0	10	0	0	0	16	3	0	0	0	0	0	0	0	0	0	0	0	0	0	0	0	0	0	0	0	0	0	0	0	0	0	2	0	0	0	42	3	0	0
491	483	31	15	0	475	8	0	0	31	15	0	5	0	0	0	76	45	0	0	467	8	0	0	8	0	0	5	0	0	0	24	0	0	0	31	15	0	0	0	0	0	0	0	0	0	5	0	0	0	76	45	0	0	459	8	0	0	8	0	0	5	0	0	0	24	0	0	0	8	0	0	0	0	0	0	0	0	0	0	5	0	0	0	24	0	0	0	31	15	0	0	0	0	0	0	0	0	0	0	0	0	0	0	0	0	0	5	0	0	0	76	45	0	0	451	8	0	0	8	0	0	5	0	0	0	24	0	0	0	8	0	0	0	0	0	0	0	0	0	0	5	0	0	0	24	0	0	0	8	0	0	0	0	0	0	0	0	0	0	0	0	0	0	0	0	0	0	5	0	0	0	24	0	0	0	31	15	0	0	0	0	0	3	0	0	0	0	0	0	0	0	0	0	0	0	0	0	0	0	0	0	0	5	0	0	0	76	45	0	0
910	895	58	50	42	880	28	0	38	58	50	42	25	0	40	7	142	150	210	0	865	27	0	38	28	0	38	23	0	39	7	76	0	190	0	58	50	42	11	0	9	0	4	0	0	0	25	0	40	7	142	150	210	0	850	27	0	18	27	0	38	23	0	39	0	74	0	190	0	28	0	38	11	0	9	0	4	0	0	0	23	0	39	7	76	0	190	0	58	50	42	12	0	0	34	29	0	0	51	11	0	9	0	4	0	0	0	25	0	40	7	142	150	210	0	835	25	0	0	27	0	18	23	0	16	0	74	0	90	0	27	0	38	11	0	9	0	4	0	0	0	23	0	39	0	74	0	190	0	28	0	38	3	0	0	0	5	0	0	0	11	0	9	0	4	0	0	0	23	0	39	7	76	0	190	0	58	50	42	24	0	0	0	17	20	0	37	12	0	0	34	29	0	0	51	11	0	9	0	4	0	0	0	25	0	40	7	142	150	210	0
609	599	29	9	23	589	14	0	6	29	9	23	12	0	0	0	74	9	23	16	579	14	0	6	14	0	6	12	0	0	0	38	0	6	7	29	9	23	4	0	0	0	1	0	0	0	12	0	0	0	74	9	23	16	569	14	0	4	14	0	6	12	0	0	0	38	0	6	0	14	0	6	4	0	0	0	1	0	0	0	12	0	0	0	38	0	6	7	29	9	23	1	0	0	8	1	0	0	0	4	0	0	0	1	0	0	0	12	0	0	0	74	9	23	16	559	14	0	0	14	0	4	12	0	0	0	38	0	4	0	14	0	6	4	0	0	0	1	0	0	0	12	0	0	0	38	0	6	0	14	0	6	1	0	0	0	0	0	0	0	4	0	0	0	1	0	0	0	12	0	0	0	38	0	6	7	29	9	23	1	0	0	0	3	0	0	0	1	0	0	8	1	0	0	0	4	0	0	0	1	0	0	0	12	0	0	0	74	9	23	16
959	943	49	53	46	927	23	28	31	49	53	46	11	14	28	7	119	122	92	16	911	23	28	29	23	28	31	11	14	27	7	60	84	62	7	49	53	46	7	0	0	6	2	0	0	0	11	14	28	7	119	122	92	16	895	23	28	4	23	28	29	11	14	27	0	60	84	58	0	23	28	31	7	0	0	0	2	0	0	0	11	14	27	7	60	84	62	7	49	53	46	1	0	0	8	3	0	0	64	7	0	0	6	2	0	0	0	11	14	28	7	119	122	92	16	879	23	28	0	23	28	4	11	14	0	0	60	84	8	0	23	28	29	7	0	0	0	2	0	0	0	11	14	27	0	60	84	58	0	23	28	31	1	0	0	0	0	0	0	0	7	0	0	0	2	0	0	0	11	14	27	7	60	84	62	7	49	53	46	1	0	0	0	4	0	0	0	1	0	0	8	3	0	0	64	7	0	0	6	2	0	0	0	11	14	28	7	119	122	92	16
765	752	45	53	14	739	19	30	0	45	53	14	10	20	0	0	106	126	42	16	726	19	30	0	19	30	0	10	20	0	0	46	80	0	7	45	53	14	8	0	0	0	4	0	0	0	10	20	0	0	106	126	42	16	713	19	30	0	19	30	0	10	20	0	0	46	80	0	0	19	30	0	8	0	0	0	4	0	0	0	10	20	0	0	46	80	0	7	45	53	14	1	0	0	0	8	0	0	0	8	0	0	0	4	0	0	0	10	20	0	0	106	126	42	16	700	19	30	0	19	30	0	10	20	0	0	46	80	0	0	19	30	0	8	0	0	0	4	0	0	0	10	20	0	0	46	80	0	0	19	30	0	1	0	0	0	0	0	0	0	8	0	0	0	4	0	0	0	10	20	0	0	46	80	0	7	45	53	14	1	0	0	0	6	0	0	0	1	0	0	0	8	0	0	0	8	0	0	0	4	0	0	0	10	20	0	0	106	126	42	16
606	596	45	24	10	586	24	0	0	45	24	10	21	0	0	0	111	60	40	9	576	24	0	0	24	0	0	21	0	0	0	64	0	0	0	45	24	10	9	0	0	0	3	0	0	0	21	0	0	0	111	60	40	9	566	24	0	0	24	0	0	21	0	0	0	64	0	0	0	24	0	0	9	0	0	0	3	0	0	0	21	0	0	0	64	0	0	0	45	24	10	5	0	0	0	17	0	0	0	9	0	0	0	3	0	0	0	21	0	0	0	111	60	40	9	556	23	0	0	24	0	0	21	0	0	0	64	0	0	0	24	0	0	9	0	0	0	3	0	0	0	21	0	0	0	64	0	0	0	24	0	0	1	0	0	0	2	0	0	0	9	0	0	0	3	0	0	0	21	0	0	0	64	0	0	0	45	24	10	13	0	0	0	10	6	0	0	5	0	0	0	17	0	0	0	9	0	0	0	3	0	0	0	21	0	0	0	111	60	40	9
1165	1145	77	135	55	1125	38	86	36	77	135	55	30	132	30	23	189	335	220	52	1105	37	84	36	38	86	36	28	126	29	23	110	227	144	38	77	135	55	35	28	0	0	23	18	0	0	30	132	30	23	189	335	220	52	1085	28	80	36	37	84	36	28	126	29	23	108	224	144	38	38	86	36	10	28	0	0	3	15	0	0	28	126	29	23	110	227	144	38	77	135	55	31	40	0	0	30	100	0	0	35	28	0	0	23	18	0	0	30	132	30	23	189	335	220	52	1065	20	58	25	28	80	36	14	114	29	8	76	208	144	18	37	84	36	10	28	0	0	3	14	0	0	28	126	29	23	108	224	144	38	38	86	36	4	0	0	0	4	28	0	0	10	28	0	0	3	15	0	0	28	126	29	23	110	227	144	38	77	135	55	19	120	10	29	24	75	55	34	31	40	0	0	30	100	0	0	35	28	0	0	23	18	0	0	30	132	30	23	189	335	220	52
657	646	52	24	33	635	32	0	9	52	24	33	28	0	10	9	130	56	99	66	624	32	0	9	32	0	9	28	0	9	9	91	0	27	38	52	24	33	24	0	0	0	14	0	0	0	28	0	10	9	130	56	99	66	613	27	0	9	32	0	9	28	0	9	9	91	0	27	38	32	0	9	11	0	0	0	4	0	0	0	28	0	9	9	91	0	27	38	52	24	33	18	0	0	0	24	40	0	0	24	0	0	0	14	0	0	0	28	0	10	9	130	56	99	66	602	23	0	8	27	0	9	22	0	9	8	72	0	27	18	32	0	9	11	0	0	0	4	0	0	0	28	0	9	9	91	0	27	38	32	0	9	3	0	0	0	4	0	0	0	11	0	0	0	4	0	0	0	28	0	9	9	91	0	27	38	52	24	33	26	0	0	8	16	16	0	0	18	0	0	0	24	40	0	0	24	0	0	0	14	0	0	0	28	0	10	9	130	56	99	66
1161	1141	59	109	80	1121	29	89	31	59	109	80	18	105	0	36	140	247	80	135	1101	28	85	30	29	89	31	16	99	0	34	77	206	31	75	59	109	80	9	59	0	7	9	15	0	0	18	105	0	36	140	247	80	135	1081	27	84	30	28	85	30	16	98	0	34	75	198	30	73	29	89	31	7	56	0	7	3	14	0	0	16	99	0	34	77	206	31	75	59	109	80	11	14	0	0	28	13	0	0	9	59	0	7	9	15	0	0	18	105	0	36	140	247	80	135	1061	25	83	7	27	84	30	16	98	0	0	70	196	30	26	28	85	30	7	56	0	0	3	14	0	0	16	98	0	34	75	198	30	73	29	89	31	2	14	0	0	4	0	0	0	7	56	0	7	3	14	0	0	16	99	0	34	77	206	31	75	59	109	80	23	13	0	21	14	0	0	64	11	14	0	0	28	13	0	0	9	59	0	7	9	15	0	0	18	105	0	36	140	247	80	135
808	794	55	59	35	780	28	43	0	55	59	35	26	0	0	0	135	140	70	112	766	27	40	0	28	43	0	24	0	0	0	78	108	0	69	55	59	35	12	30	0	0	9	10	0	0	26	0	0	0	135	140	70	112	752	25	40	0	27	40	0	24	0	0	0	76	100	0	67	28	43	0	8	30	0	0	3	10	0	0	24	0	0	0	78	108	0	69	55	59	35	12	0	0	0	26	16	0	0	12	30	0	0	9	10	0	0	26	0	0	0	135	140	70	112	738	23	40	0	25	40	0	24	0	0	0	67	100	0	22	27	40	0	8	30	0	0	3	10	0	0	24	0	0	0	76	100	0	67	28	43	0	3	0	0	0	4	0	0	0	8	30	0	0	3	10	0	0	24	0	0	0	78	108	0	69	55	59	35	24	0	0	0	17	0	0	0	12	0	0	0	26	16	0	0	12	30	0	0	9	10	0	0	26	0	0	0	135	140	70	112
867	852	76	84	10	837	39	55	0	76	84	10	33	42	0	0	189	236	50	42	822	38	53	0	39	55	0	31	40	0	0	113	170	0	38	76	84	10	38	23	0	0	25	13	0	0	33	42	0	0	189	236	50	42	807	27	46	0	38	53	0	31	40	0	0	111	166	0	38	39	55	0	9	21	0	0	3	11	0	0	31	40	0	0	113	170	0	38	76	84	10	26	47	0	0	24	67	0	0	38	23	0	0	25	13	0	0	33	42	0	0	189	236	50	42	792	20	30	0	27	46	0	17	30	0	0	73	137	0	18	38	53	0	9	20	0	0	3	10	0	0	31	40	0	0	111	166	0	38	39	55	0	2	20	0	0	4	20	0	0	9	21	0	0	3	11	0	0	31	40	0	0	113	170	0	38	76	84	10	23	60	0	0	22	48	10	0	26	47	0	0	24	67	0	0	38	23	0	0	25	13	0	0	33	42	0	0	189	236	50	42
998	981	57	44	93	964	36	16	59	57	44	93	27	0	50	30	143	106	186	133	947	33	14	58	36	16	59	24	0	50	28	107	64	118	45	57	44	93	30	28	0	9	21	42	0	0	27	0	50	30	143	106	186	133	930	21	0	58	33	14	58	24	0	50	28	101	56	116	45	36	16	59	8	0	0	9	3	0	0	0	24	0	50	28	107	64	118	45	57	44	93	11	0	36	0	8	0	93	0	30	28	0	9	21	42	0	0	27	0	50	30	143	106	186	133	913	12	0	58	21	0	58	10	0	50	28	57	0	116	45	33	14	58	8	0	0	9	3	0	0	0	24	0	50	28	101	56	116	45	36	16	59	3	0	20	0	6	0	59	0	8	0	0	9	3	0	0	0	24	0	50	28	107	64	118	45	57	44	93	6	0	51	0	20	0	0	0	11	0	36	0	8	0	93	0	30	28	0	9	21	42	0	0	27	0	50	30	143	106	186	133
1034	1016	70	110	44	998	36	77	20	70	110	44	24	72	30	10	184	293	132	98	980	32	68	20	36	77	20	19	72	30	10	111	236	60	45	70	110	44	20	81	0	0	21	36	0	0	24	72	30	10	184	293	132	98	962	22	35	20	32	68	20	19	54	30	10	101	206	60	45	36	77	20	5	0	0	0	2	0	0	0	19	72	30	10	111	236	60	45	70	110	44	9	54	36	0	19	0	132	0	20	81	0	0	21	36	0	0	24	72	30	10	184	293	132	98	944	11	15	20	22	35	20	11	0	30	10	63	104	60	45	32	68	20	5	0	0	0	2	0	0	0	19	54	30	10	101	206	60	45	36	77	20	3	0	20	0	6	0	60	0	5	0	0	0	2	0	0	0	19	72	30	10	111	236	60	45	70	110	44	10	30	51	0	30	60	88	0	9	54	36	0	19	0	132	0	20	81	0	0	21	36	0	0	24	72	30	10	184	293	132	98
703	691	56	29	44	679	39	11	0	56	29	44	32	0	0	0	150	82	88	213	667	36	9	0	39	11	0	29	0	0	0	113	55	0	76	56	29	44	30	18	0	0	17	27	0	0	32	0	0	0	150	82	88	213	655	26	0	0	36	9	0	29	0	0	0	107	45	0	75	39	11	0	11	0	0	0	4	0	0	0	29	0	0	0	113	55	0	76	56	29	44	12	0	15	0	9	0	44	0	30	18	0	0	17	27	0	0	32	0	0	0	150	82	88	213	643	17	0	0	26	0	0	16	0	0	0	72	0	0	75	36	9	0	11	0	0	0	4	0	0	0	29	0	0	0	107	45	0	75	39	11	0	4	0	0	0	6	0	0	0	11	0	0	0	4	0	0	0	29	0	0	0	113	55	0	76	56	29	44	11	0	53	0	20	0	0	0	12	0	15	0	9	0	44	0	30	18	0	0	17	27	0	0	32	0	0	0	150	82	88	213
740	727	62	61	15	714	31	46	0	62	61	15	28	27	0	0	165	209	30	65	701	28	42	0	31	46	0	25	27	0	0	93	179	0	36	62	61	15	29	24	0	0	19	18	0	0	28	27	0	0	165	209	30	65	688	17	27	0	28	42	0	25	23	0	0	87	167	0	36	31	46	0	4	0	0	0	2	0	0	0	25	27	0	0	93	179	0	36	62	61	15	20	22	15	0	15	20	30	0	29	24	0	0	19	18	0	0	28	27	0	0	165	209	30	65	675	7	18	0	17	27	0	8	10	0	0	46	118	0	36	28	42	0	4	0	0	0	2	0	0	0	25	23	0	0	87	167	0	36	31	46	0	2	8	0	0	4	16	0	0	4	0	0	0	2	0	0	0	25	27	0	0	93	179	0	36	62	61	15	9	26	40	0	24	30	15	0	20	22	15	0	15	20	30	0	29	24	0	0	19	18	0	0	28	27	0	0	165	209	30	65
523	514	41	24	5	505	23	14	0	41	24	5	16	0	0	0	114	57	10	10	496	20	10	0	23	14	0	13	0	0	0	76	42	0	0	41	24	5	19	20	0	0	14	15	0	0	16	0	0	0	114	57	10	10	487	12	0	0	20	10	0	13	0	0	0	70	30	0	0	23	14	0	2	0	0	0	1	0	0	0	13	0	0	0	76	42	0	0	41	24	5	11	0	5	0	7	0	10	0	19	20	0	0	14	15	0	0	16	0	0	0	114	57	10	10	478	7	0	0	12	0	0	3	0	0	0	40	0	0	0	20	10	0	2	0	0	0	1	0	0	0	13	0	0	0	70	30	0	0	23	14	0	3	0	0	0	4	0	0	0	2	0	0	0	1	0	0	0	13	0	0	0	76	42	0	0	41	24	5	12	0	10	0	21	0	0	0	11	0	5	0	7	0	10	0	19	20	0	0	14	15	0	0	16	0	0	0	114	57	10	10
866	851	35	26	86	836	20	26	40	35	26	86	18	0	0	30	103	65	0	201	821	7	0	40	20	26	40	9	0	0	30	66	65	0	79	35	26	86	0	0	84	0	0	0	172	0	18	0	0	30	103	65	0	201	806	4	0	40	7	0	40	1	0	0	30	25	0	0	78	20	26	40	0	0	10	0	0	0	80	0	9	0	0	30	66	65	0	79	35	26	86	1	0	24	0	4	0	0	0	0	0	84	0	0	0	172	0	18	0	0	30	103	65	0	201	791	4	0	40	4	0	40	1	0	0	30	17	0	0	78	7	0	40	0	0	10	0	0	0	80	0	1	0	0	30	25	0	0	78	20	26	40	1	0	0	0	2	0	0	0	0	0	10	0	0	0	80	0	9	0	0	30	66	65	0	79	35	26	86	6	0	0	0	18	0	0	0	1	0	24	0	4	0	0	0	0	0	84	0	0	0	172	0	18	0	0	30	103	65	0	201
692	680	29	29	51	668	11	9	40	29	29	51	13	18	0	20	75	98	102	44	656	3	0	40	11	9	40	6	0	0	20	29	36	80	20	29	29	51	0	0	39	0	0	0	51	0	13	18	0	20	75	98	102	44	644	1	0	40	3	0	40	0	0	0	20	8	0	80	20	11	9	40	0	0	10	0	0	0	40	0	6	0	0	20	29	36	80	20	29	29	51	0	0	18	0	2	0	0	0	0	0	39	0	0	0	51	0	13	18	0	20	75	98	102	44	632	1	0	40	1	0	40	0	0	0	20	4	0	80	20	3	0	40	0	0	10	0	0	0	40	0	0	0	0	20	8	0	80	20	11	9	40	0	0	0	0	0	0	0	0	0	0	10	0	0	0	40	0	6	0	0	20	29	36	80	20	29	29	51	2	0	0	0	11	0	0	0	0	0	18	0	2	0	0	0	0	0	39	0	0	0	51	0	13	18	0	20	75	98	102	44
521	512	16	8	43	503	6	0	40	16	8	43	9	0	0	30	41	8	43	0	494	0	0	40	6	0	40	0	0	0	30	15	0	40	0	16	8	43	0	0	12	0	0	0	0	0	9	0	0	30	41	8	43	0	485	0	0	40	0	0	40	0	0	0	30	0	0	40	0	6	0	40	0	0	10	0	0	0	0	0	0	0	0	30	15	0	40	0	16	8	43	0	0	0	0	0	0	0	0	0	0	12	0	0	0	0	0	9	0	0	30	41	8	43	0	476	0	0	40	0	0	40	0	0	0	30	0	0	40	0	0	0	40	0	0	10	0	0	0	0	0	0	0	0	30	0	0	40	0	6	0	40	0	0	0	0	0	0	0	0	0	0	10	0	0	0	0	0	0	0	0	30	15	0	40	0	16	8	43	0	0	0	0	0	0	0	0	0	0	0	0	0	0	0	0	0	0	12	0	0	0	0	0	9	0	0	30	41	8	43	0
574	564	29	29	10	554	11	5	10	29	29	10	9	20	0	0	72	64	40	0	544	7	0	10	11	5	10	4	0	0	0	31	5	40	0	29	29	10	6	0	0	0	2	0	10	0	9	20	0	0	72	64	40	0	534	7	0	10	7	0	10	4	0	0	0	21	0	40	0	11	5	10	6	0	0	0	2	0	10	0	4	0	0	0	31	5	40	0	29	29	10	1	0	0	0	1	0	0	0	6	0	0	0	2	0	10	0	9	20	0	0	72	64	40	0	524	7	0	10	7	0	10	4	0	0	0	21	0	40	0	7	0	10	6	0	0	0	2	0	10	0	4	0	0	0	21	0	40	0	11	5	10	1	0	0	0	1	0	0	0	6	0	0	0	2	0	10	0	4	0	0	0	31	5	40	0	29	29	10	2	0	0	0	4	0	0	0	1	0	0	0	1	0	0	0	6	0	0	0	2	0	10	0	9	20	0	0	72	64	40	0
807	793	36	43	53	779	20	10	10	36	43	53	15	30	0	0	104	93	159	201	765	7	0	10	20	10	10	9	0	0	0	66	10	30	79	36	43	53	0	0	72	0	0	0	53	0	15	30	0	0	104	93	159	201	751	4	0	10	7	0	10	1	0	0	0	25	0	30	78	20	10	10	0	0	0	0	0	0	10	0	9	0	0	0	66	10	30	79	36	43	53	1	0	24	0	2	0	0	0	0	0	72	0	0	0	53	0	15	30	0	0	104	93	159	201	737	4	0	10	4	0	10	1	0	0	0	17	0	30	78	7	0	10	0	0	0	0	0	0	10	0	1	0	0	0	25	0	30	78	20	10	10	1	0	0	0	2	0	0	0	0	0	0	0	0	0	10	0	9	0	0	0	66	10	30	79	36	43	53	6	0	0	0	11	0	0	0	1	0	24	0	2	0	0	0	0	0	72	0	0	0	53	0	15	30	0	0	104	93	159	201
398	391	16	6	32	384	7	0	0	16	6	32	4	0	24	0	37	6	32	157	377	7	0	0	7	0	0	4	0	0	0	21	0	0	100	16	6	32	6	0	0	0	2	0	0	0	4	0	24	0	37	6	32	157	370	7	0	0	7	0	0	4	0	0	0	21	0	0	100	7	0	0	6	0	0	0	2	0	0	0	4	0	0	0	21	0	0	100	16	6	32	1	0	0	0	1	0	0	0	6	0	0	0	2	0	0	0	4	0	24	0	37	6	32	157	363	7	0	0	7	0	0	4	0	0	0	21	0	0	100	7	0	0	6	0	0	0	2	0	0	0	4	0	0	0	21	0	0	100	7	0	0	1	0	0	0	1	0	0	0	6	0	0	0	2	0	0	0	4	0	0	0	21	0	0	100	16	6	32	2	0	0	0	4	0	0	0	1	0	0	0	1	0	0	0	6	0	0	0	2	0	0	0	4	0	24	0	37	6	32	157
454	446	34	12	15	438	16	0	0	34	12	15	11	0	15	0	93	18	30	63	430	16	0	0	16	0	0	11	0	0	0	55	0	0	20	34	12	15	10	0	0	0	6	0	0	0	11	0	15	0	93	18	30	63	422	16	0	0	16	0	0	11	0	0	0	55	0	0	20	16	0	0	10	0	0	0	6	0	0	0	11	0	0	0	55	0	0	20	34	12	15	2	0	0	0	2	0	0	0	10	0	0	0	6	0	0	0	11	0	15	0	93	18	30	63	414	16	0	0	16	0	0	11	0	0	0	55	0	0	20	16	0	0	10	0	0	0	6	0	0	0	11	0	0	0	55	0	0	20	16	0	0	2	0	0	0	2	0	0	0	10	0	0	0	6	0	0	0	11	0	0	0	55	0	0	20	34	12	15	8	0	0	0	10	0	0	0	2	0	0	0	2	0	0	0	10	0	0	0	6	0	0	0	11	0	15	0	93	18	30	63
622	611	45	30	24	600	18	0	0	45	30	24	11	0	24	0	123	90	120	114	589	18	0	0	18	0	0	11	0	0	0	63	0	0	60	45	30	24	10	0	0	0	6	0	0	0	11	0	24	0	123	90	120	114	578	18	0	0	18	0	0	11	0	0	0	63	0	0	60	18	0	0	10	0	0	0	6	0	0	0	11	0	0	0	63	0	0	60	45	30	24	2	0	0	0	7	0	0	0	10	0	0	0	6	0	0	0	11	0	24	0	123	90	120	114	567	18	0	0	18	0	0	11	0	0	0	63	0	0	60	18	0	0	10	0	0	0	6	0	0	0	11	0	0	0	63	0	0	60	18	0	0	2	0	0	0	2	0	0	0	10	0	0	0	6	0	0	0	11	0	0	0	63	0	0	60	45	30	24	13	0	0	0	28	0	0	0	2	0	0	0	7	0	0	0	10	0	0	0	6	0	0	0	11	0	24	0	123	90	120	114
748	734	52	75	5	720	16	56	0	52	75	5	16	35	5	0	134	201	15	10	706	14	50	0	16	56	0	8	32	0	0	55	162	0	10	52	75	5	7	54	0	0	10	20	0	0	16	35	5	0	134	201	15	10	692	13	49	0	14	50	0	8	32	0	0	50	144	0	10	16	56	0	4	51	0	0	5	18	0	0	8	32	0	0	55	162	0	10	52	75	5	1	9	0	0	8	9	0	0	7	54	0	0	10	20	0	0	16	35	5	0	134	201	15	10	678	13	48	0	13	49	0	8	32	0	0	46	140	0	10	14	50	0	4	48	0	0	5	16	0	0	8	32	0	0	50	144	0	10	16	56	0	1	8	0	0	1	8	0	0	4	51	0	0	5	18	0	0	8	32	0	0	55	162	0	10	52	75	5	7	8	0	0	17	0	0	0	1	9	0	0	8	9	0	0	7	54	0	0	10	20	0	0	16	35	5	0	134	201	15	10
587	576	51	45	0	565	17	29	0	51	45	0	16	30	0	0	131	146	0	0	554	15	28	0	17	29	0	8	28	0	0	54	102	0	0	51	45	0	9	7	0	0	5	14	0	0	16	30	0	0	131	146	0	0	543	15	28	0	15	28	0	8	28	0	0	49	98	0	0	17	29	0	9	7	0	0	5	14	0	0	8	28	0	0	54	102	0	0	51	45	0	2	0	0	0	4	0	0	0	9	7	0	0	5	14	0	0	16	30	0	0	131	146	0	0	532	15	28	0	15	28	0	8	28	0	0	49	98	0	0	15	28	0	9	7	0	0	5	14	0	0	8	28	0	0	49	98	0	0	17	29	0	2	0	0	0	2	0	0	0	9	7	0	0	5	14	0	0	8	28	0	0	54	102	0	0	51	45	0	8	0	0	0	23	0	0	0	2	0	0	0	4	0	0	0	9	7	0	0	5	14	0	0	16	30	0	0	131	146	0	0
948	931	54	52	103	914	27	0	92	54	52	103	21	0	79	18	144	130	412	24	897	24	0	62	27	0	92	14	0	79	0	84	0	368	0	54	52	103	12	0	41	91	12	0	0	137	21	0	79	18	144	130	412	24	880	22	0	31	24	0	62	14	0	73	0	80	0	248	0	27	0	92	4	0	41	30	5	0	0	80	14	0	79	0	84	0	368	0	54	52	103	17	0	0	82	8	26	0	137	12	0	41	91	12	0	0	137	21	0	79	18	144	130	412	24	863	15	0	20	22	0	31	8	0	41	0	73	0	124	0	24	0	62	4	0	41	30	4	0	0	80	14	0	73	0	80	0	248	0	27	0	92	1	0	0	40	1	0	0	79	4	0	41	30	5	0	0	80	14	0	79	0	84	0	368	0	54	52	103	14	0	0	10	30	91	0	55	17	0	0	82	8	26	0	137	12	0	41	91	12	0	0	137	21	0	79	18	144	130	412	24
886	870	61	65	54	854	27	15	48	61	65	54	15	0	52	0	165	210	270	24	838	26	15	39	27	15	48	13	0	52	0	87	60	240	0	61	65	54	17	0	10	67	14	0	0	0	15	0	52	0	165	210	270	24	822	23	15	5	26	15	39	13	0	44	0	85	60	195	0	27	15	48	4	0	10	0	3	0	0	0	13	0	52	0	87	60	240	0	61	65	54	20	0	0	25	17	30	0	108	17	0	10	67	14	0	0	0	15	0	52	0	165	210	270	24	806	14	10	0	23	15	5	7	0	10	0	75	60	25	0	26	15	39	3	0	10	0	2	0	0	0	13	0	44	0	85	60	195	0	27	15	48	1	0	0	0	1	0	0	20	4	0	10	0	3	0	0	0	13	0	52	0	87	60	240	0	61	65	54	10	50	18	0	34	70	0	10	20	0	0	25	17	30	0	108	17	0	10	67	14	0	0	0	15	0	52	0	165	210	270	24
946	929	48	31	88	912	26	16	55	48	31	88	13	0	32	50	141	79	88	76	895	26	16	20	26	16	55	13	0	32	0	88	64	55	0	48	31	88	10	0	0	49	7	0	0	149	13	0	32	50	141	79	88	76	878	26	16	0	26	16	20	13	0	24	0	88	64	20	0	26	16	55	10	0	0	0	6	0	0	60	13	0	32	0	88	64	55	0	48	31	88	7	0	0	0	16	0	0	64	10	0	0	49	7	0	0	149	13	0	32	50	141	79	88	76	861	21	15	0	26	16	0	13	0	0	0	88	64	0	0	26	16	20	10	0	0	0	6	0	0	60	13	0	24	0	88	64	20	0	26	16	55	2	0	0	0	2	0	0	20	10	0	0	0	6	0	0	60	13	0	32	0	88	64	55	0	48	31	88	15	15	8	0	34	60	0	0	7	0	0	0	16	0	0	64	10	0	0	49	7	0	0	149	13	0	32	50	141	79	88	76
806	791	67	75	20	776	31	56	0	67	75	20	27	32	0	0	183	258	40	44	761	29	53	0	31	56	0	19	30	0	0	95	224	0	0	67	75	20	12	33	0	0	13	26	0	0	27	32	0	0	183	258	40	44	746	28	52	0	29	53	0	19	30	0	0	90	212	0	0	31	56	0	9	32	0	0	6	24	0	0	19	30	0	0	95	224	0	0	67	75	20	15	12	0	0	21	12	0	0	12	33	0	0	13	26	0	0	27	32	0	0	183	258	40	44	731	22	46	0	28	52	0	19	30	0	0	86	208	0	0	29	53	0	9	30	0	0	6	20	0	0	19	30	0	0	90	212	0	0	31	56	0	1	10	0	0	1	10	0	0	9	32	0	0	6	24	0	0	19	30	0	0	95	224	0	0	67	75	20	23	52	0	0	30	52	0	0	15	12	0	0	21	12	0	0	12	33	0	0	13	26	0	0	27	32	0	0	183	258	40	44
604	593	47	31	14	582	25	10	0	47	31	14	13	0	0	0	130	82	42	29	571	25	10	0	25	10	0	13	0	0	0	79	40	0	0	47	31	14	10	0	0	0	11	0	0	0	13	0	0	0	130	82	42	29	560	25	10	0	25	10	0	13	0	0	0	79	40	0	0	25	10	0	10	0	0	0	7	0	0	0	13	0	0	0	79	40	0	0	47	31	14	6	0	0	0	8	0	0	0	10	0	0	0	11	0	0	0	13	0	0	0	130	82	42	29	549	21	10	0	25	10	0	13	0	0	0	79	40	0	0	25	10	0	10	0	0	0	7	0	0	0	13	0	0	0	79	40	0	0	25	10	0	2	0	0	0	2	0	0	0	10	0	0	0	7	0	0	0	13	0	0	0	79	40	0	0	47	31	14	13	0	0	0	28	28	0	0	6	0	0	0	8	0	0	0	10	0	0	0	11	0	0	0	13	0	0	0	130	82	42	29
658	646	42	20	67	634	23	0	27	42	20	67	14	0	44	27	111	30	134	191	622	22	0	27	23	0	27	12	0	41	27	72	0	54	140	42	20	67	16	0	0	0	12	10	0	0	14	0	44	27	111	30	134	191	610	19	0	27	22	0	27	12	0	41	27	70	0	54	101	23	0	27	3	0	0	0	2	0	0	0	12	0	41	27	72	0	54	140	42	20	67	17	0	0	0	4	0	0	0	16	0	0	0	12	10	0	0	14	0	44	27	111	30	134	191	598	9	0	21	19	0	27	6	0	41	21	60	0	54	36	22	0	27	3	0	0	0	2	0	0	0	12	0	41	27	70	0	54	101	23	0	27	1	0	0	0	1	0	0	0	3	0	0	0	2	0	0	0	12	0	41	27	72	0	54	140	42	20	67	2	0	26	62	4	0	0	0	17	0	0	0	4	0	0	0	16	0	0	0	12	10	0	0	14	0	44	27	111	30	134	191
767	753	53	33	85	739	28	0	50	53	33	85	27	0	83	60	127	77	255	171	725	24	0	50	28	0	50	14	0	80	60	75	0	150	140	53	33	85	21	0	14	0	10	33	0	0	27	0	83	60	127	77	255	171	711	18	0	47	24	0	50	11	0	80	51	66	0	150	101	28	0	50	0	0	14	0	0	0	0	0	14	0	80	60	75	0	150	140	53	33	85	16	0	25	27	2	11	0	0	21	0	14	0	10	33	0	0	27	0	83	60	127	77	255	171	697	9	0	28	18	0	47	5	0	80	15	51	0	141	36	24	0	50	0	0	14	0	0	0	0	0	11	0	80	51	66	0	150	101	28	0	50	0	0	24	0	0	0	0	0	0	0	14	0	0	0	0	0	14	0	80	60	75	0	150	140	53	33	85	0	0	25	78	2	0	0	44	16	0	25	27	2	11	0	0	21	0	14	0	10	33	0	0	27	0	83	60	127	77	255	171
968	950	65	107	59	932	28	65	32	65	107	59	20	78	41	40	148	277	236	157	914	25	57	32	28	65	32	10	78	38	40	70	182	128	140	65	107	59	10	72	0	0	11	27	0	0	20	78	41	40	148	277	236	157	896	21	27	30	25	57	32	8	54	38	36	63	154	128	101	28	65	32	0	0	0	0	1	0	0	0	10	78	38	40	70	182	128	140	65	107	59	4	108	21	12	18	9	118	0	10	72	0	0	11	27	0	0	20	78	41	40	148	277	236	157	878	15	0	15	21	27	30	7	0	38	15	52	63	120	36	25	57	32	0	0	0	0	1	0	0	0	8	54	38	36	63	154	128	101	28	65	32	0	0	18	0	5	0	64	0	0	0	0	0	1	0	0	0	10	78	38	40	70	182	128	140	65	107	59	4	0	20	65	10	0	177	15	4	108	21	12	18	9	118	0	10	72	0	0	11	27	0	0	20	78	41	40	148	277	236	157
899	882	63	85	68	865	32	74	12	63	85	68	23	15	0	36	173	203	68	279	848	32	74	12	32	74	12	23	15	0	36	99	192	12	195	63	85	68	18	0	0	0	20	0	0	0	23	15	0	36	173	203	68	279	831	29	70	9	32	74	12	23	15	0	27	99	192	12	121	32	74	12	5	0	0	0	5	0	0	0	23	15	0	36	99	192	12	195	63	85	68	23	40	0	27	33	0	0	0	18	0	0	0	20	0	0	0	23	15	0	36	173	203	68	279	814	19	30	0	29	70	9	17	15	0	0	89	180	9	36	32	74	12	5	0	0	0	5	0	0	0	23	15	0	27	99	192	12	121	32	74	12	1	0	0	0	6	0	0	0	5	0	0	0	5	0	0	0	23	15	0	36	99	192	12	195	63	85	68	25	0	56	0	13	22	272	44	23	40	0	27	33	0	0	0	18	0	0	0	20	0	0	0	23	15	0	36	173	203	68	279
733	719	66	70	10	705	31	43	0	66	70	10	38	22	0	0	150	200	50	54	691	28	38	0	31	43	0	28	22	0	0	78	129	0	48	66	70	10	18	25	0	0	20	15	0	0	38	22	0	0	150	200	50	54	677	25	33	0	28	38	0	26	22	0	0	71	114	0	39	31	43	0	6	0	0	0	4	0	0	0	28	22	0	0	78	129	0	48	66	70	10	20	0	0	0	13	5	10	0	18	25	0	0	20	15	0	0	38	22	0	0	150	200	50	54	663	17	33	0	25	33	0	20	22	0	0	63	99	0	5	28	38	0	6	0	0	0	4	0	0	0	26	22	0	0	71	114	0	39	31	43	0	4	0	0	0	6	0	0	0	6	0	0	0	4	0	0	0	28	22	0	0	78	129	0	48	66	70	10	4	0	10	0	8	0	0	0	20	0	0	0	13	5	10	0	18	25	0	0	20	15	0	0	38	22	0	0	150	200	50	54
809	794	40	14	113	779	25	0	63	40	14	113	24	0	15	73	92	28	113	289	764	18	0	61	25	0	63	13	0	14	69	61	0	63	121	40	14	113	4	0	38	27	0	0	0	0	24	0	15	73	92	28	113	289	749	10	0	61	18	0	61	5	0	14	69	42	0	61	121	25	0	63	0	0	14	27	0	0	0	0	13	0	14	69	61	0	63	121	40	14	113	0	0	67	0	0	0	0	0	4	0	38	27	0	0	0	0	24	0	15	73	92	28	113	289	734	10	0	61	10	0	61	5	0	14	69	22	0	61	113	18	0	61	0	0	14	27	0	0	0	0	5	0	14	69	42	0	61	121	25	0	63	0	0	0	0	0	0	0	0	0	0	14	27	0	0	0	0	13	0	14	69	61	0	63	121	40	14	113	0	0	0	0	2	0	0	0	0	0	67	0	0	0	0	0	4	0	38	27	0	0	0	0	24	0	15	73	92	28	113	289
1022	1003	48	60	88	984	21	0	82	48	60	88	17	0	75	14	104	135	352	10	965	16	0	82	21	0	82	6	0	74	14	44	0	328	0	48	60	88	5	0	20	0	6	0	0	0	17	0	75	14	104	135	352	10	946	15	0	82	16	0	82	4	0	74	14	32	0	328	0	21	0	82	1	0	14	0	6	0	0	0	6	0	74	14	44	0	328	0	48	60	88	0	0	0	0	0	0	0	0	5	0	20	0	6	0	0	0	17	0	75	14	104	135	352	10	927	15	0	82	15	0	82	4	0	74	14	31	0	328	0	16	0	82	1	0	14	0	6	0	0	0	4	0	74	14	32	0	328	0	21	0	82	0	0	0	0	0	0	0	0	1	0	14	0	6	0	0	0	6	0	74	14	44	0	328	0	48	60	88	0	0	0	0	1	0	0	0	0	0	0	0	0	0	0	0	5	0	20	0	6	0	0	0	17	0	75	14	104	135	352	10
690	677	38	32	36	664	20	12	22	38	32	36	22	0	12	0	84	42	72	69	651	14	12	22	20	12	22	12	0	12	0	47	12	44	32	38	32	36	4	0	23	0	2	0	0	0	22	0	12	0	84	42	72	69	638	10	12	22	14	12	22	4	0	12	0	30	12	44	32	20	12	22	0	0	0	0	2	0	0	0	12	0	12	0	47	12	44	32	38	32	36	0	0	27	0	0	0	0	0	4	0	23	0	2	0	0	0	22	0	12	0	84	42	72	69	625	10	12	22	10	12	22	4	0	12	0	22	12	44	30	14	12	22	0	0	0	0	2	0	0	0	4	0	12	0	30	12	44	32	20	12	22	0	0	0	0	0	0	0	0	0	0	0	0	2	0	0	0	12	0	12	0	47	12	44	32	38	32	36	0	0	0	0	0	0	0	0	0	0	27	0	0	0	0	0	4	0	23	0	2	0	0	0	22	0	12	0	84	42	72	69
933	915	64	117	29	897	30	73	4	64	117	29	26	118	12	0	136	253	116	154	879	26	53	4	30	73	4	24	46	12	0	69	157	16	82	64	117	29	7	32	23	0	18	0	58	0	26	118	12	0	136	253	116	154	861	23	45	4	26	53	4	18	30	12	0	57	113	16	82	30	73	4	7	0	0	0	9	0	8	0	24	46	12	0	69	157	16	82	64	117	29	4	0	27	0	8	0	29	0	7	32	23	0	18	0	58	0	26	118	12	0	136	253	116	154	843	23	45	4	23	45	4	18	30	12	0	50	105	16	77	26	53	4	7	0	0	0	9	0	8	0	18	30	12	0	57	113	16	82	30	73	4	4	0	0	0	6	0	4	0	7	0	0	0	9	0	8	0	24	46	12	0	69	157	16	82	64	117	29	1	0	0	0	6	0	0	0	4	0	27	0	8	0	29	0	7	32	23	0	18	0	58	0	26	118	12	0	136	253	116	154
806	791	42	38	91	776	25	12	50	42	38	91	21	24	15	81	94	64	182	221	761	15	0	48	25	12	50	12	0	14	76	58	24	100	109	42	38	91	4	0	81	24	2	0	91	0	21	24	15	81	94	64	182	221	746	11	0	48	15	0	48	4	0	14	76	31	0	96	109	25	12	50	0	0	55	24	2	0	50	0	12	0	14	76	58	24	100	109	42	38	91	0	0	27	0	0	0	0	0	4	0	81	24	2	0	91	0	21	24	15	81	94	64	182	221	731	11	0	48	11	0	48	4	0	14	76	23	0	96	104	15	0	48	0	0	54	24	2	0	48	0	4	0	14	76	31	0	96	109	25	12	50	0	0	0	0	0	0	0	0	0	0	55	24	2	0	50	0	12	0	14	76	58	24	100	109	42	38	91	0	0	0	0	0	0	0	0	0	0	27	0	0	0	0	0	4	0	81	24	2	0	91	0	21	24	15	81	94	64	182	221
890	873	49	44	121	856	26	16	54	49	44	121	24	0	56	82	112	86	242	357	839	25	16	53	26	16	54	22	0	25	79	59	16	108	221	49	44	121	8	0	8	14	11	0	0	0	24	0	56	82	112	86	242	357	822	25	16	53	25	16	53	22	0	24	79	58	16	106	217	26	16	54	8	0	0	14	11	0	0	0	22	0	25	79	59	16	108	221	49	44	121	4	0	0	0	6	0	0	0	8	0	8	14	11	0	0	0	24	0	56	82	112	86	242	357	805	25	16	53	25	16	53	22	0	24	79	58	16	106	217	25	16	53	8	0	0	14	11	0	0	0	22	0	24	79	58	16	106	217	26	16	54	4	0	0	0	6	0	0	0	8	0	0	14	11	0	0	0	22	0	25	79	59	16	108	221	49	44	121	1	0	0	0	6	0	0	0	4	0	0	0	6	0	0	0	8	0	8	14	11	0	0	0	24	0	56	82	112	86	242	357
617	605	49	29	52	593	26	20	4	49	29	52	30	0	28	12	111	67	52	244	581	23	20	4	26	20	4	22	0	0	12	58	40	4	158	49	29	52	8	0	8	0	9	20	0	0	30	0	28	12	111	67	52	244	569	23	20	4	23	20	4	22	0	0	12	54	40	4	156	26	20	4	8	0	0	0	9	20	0	0	22	0	0	12	58	40	4	158	49	29	52	4	0	0	0	6	0	0	0	8	0	8	0	9	20	0	0	30	0	28	12	111	67	52	244	557	23	20	4	23	20	4	22	0	0	12	54	40	4	156	23	20	4	8	0	0	0	9	20	0	0	22	0	0	12	54	40	4	156	26	20	4	4	0	0	0	6	0	0	0	8	0	0	0	9	20	0	0	22	0	0	12	58	40	4	158	49	29	52	1	0	0	0	11	0	0	0	4	0	0	0	6	0	0	0	8	0	8	0	9	20	0	0	30	0	28	12	111	67	52	244
722	708	49	44	46	694	27	24	19	49	44	46	31	0	16	18	114	88	92	117	680	24	24	19	27	24	19	23	0	0	18	63	48	38	86	49	44	46	8	0	8	0	9	24	0	0	31	0	16	18	114	88	92	117	666	24	24	19	24	24	19	23	0	0	18	59	48	38	86	27	24	19	8	0	0	0	9	24	0	0	23	0	0	18	63	48	38	86	49	44	46	4	0	0	0	6	0	0	0	8	0	8	0	9	24	0	0	31	0	16	18	114	88	92	117	652	24	24	19	24	24	19	23	0	0	18	59	48	38	86	24	24	19	8	0	0	0	9	24	0	0	23	0	0	18	59	48	38	86	27	24	19	4	0	0	0	6	0	0	0	8	0	0	0	9	24	0	0	23	0	0	18	63	48	38	86	49	44	46	1	0	0	0	12	0	0	0	4	0	0	0	6	0	0	0	8	0	8	0	9	24	0	0	31	0	16	18	114	88	92	117
877	860	59	75	61	843	32	31	36	59	75	61	31	0	26	17	132	171	244	117	826	29	30	36	32	31	36	23	0	10	17	72	61	144	86	59	75	61	7	15	8	0	10	30	0	0	31	0	26	17	132	171	244	117	809	29	30	36	29	30	36	23	0	10	17	68	60	144	86	32	31	36	7	15	0	0	9	30	0	0	23	0	10	17	72	61	144	86	59	75	61	9	0	0	0	13	0	0	0	7	15	8	0	10	30	0	0	31	0	26	17	132	171	244	117	792	28	30	36	29	30	36	23	0	10	17	68	60	144	86	29	30	36	7	15	0	0	9	30	0	0	23	0	10	17	68	60	144	86	32	31	36	8	0	0	0	11	0	0	0	7	15	0	0	9	30	0	0	23	0	10	17	72	61	144	86	59	75	61	1	0	0	0	14	16	0	0	9	0	0	0	13	0	0	0	7	15	8	0	10	30	0	0	31	0	26	17	132	171	244	117
644	631	63	61	0	618	27	37	0	63	61	0	23	38	0	0	144	179	0	0	605	25	36	0	27	37	0	17	36	0	0	60	109	0	0	63	61	0	7	9	0	0	11	18	0	0	23	38	0	0	144	179	0	0	592	25	36	0	25	36	0	17	36	0	0	57	108	0	0	27	37	0	7	9	0	0	10	18	0	0	17	36	0	0	60	109	0	0	63	61	0	9	0	0	0	16	0	0	0	7	9	0	0	11	18	0	0	23	38	0	0	144	179	0	0	579	24	36	0	25	36	0	17	36	0	0	57	108	0	0	25	36	0	7	9	0	0	10	18	0	0	17	36	0	0	57	108	0	0	27	37	0	8	0	0	0	12	0	0	0	7	9	0	0	10	18	0	0	17	36	0	0	60	109	0	0	63	61	0	4	0	0	0	34	12	0	0	9	0	0	0	16	0	0	0	7	9	0	0	11	18	0	0	23	38	0	0	144	179	0	0
875	858	51	44	124	841	30	16	86	51	44	124	25	0	51	94	119	58	248	182	824	30	16	57	30	16	86	25	0	47	35	72	16	172	90	51	44	124	8	0	0	104	11	0	0	120	25	0	51	94	119	58	248	182	807	30	16	45	30	16	57	25	0	27	34	72	16	114	89	30	16	86	8	0	0	63	8	0	0	54	25	0	47	35	72	16	172	90	51	44	124	8	0	0	36	20	0	0	59	8	0	0	104	11	0	0	120	25	0	51	94	119	58	248	182	790	30	16	44	30	16	45	25	0	0	34	72	16	90	89	30	16	57	8	0	0	62	8	0	0	52	25	0	27	34	72	16	114	89	30	16	86	8	0	0	34	16	0	0	32	8	0	0	63	8	0	0	54	25	0	47	35	72	16	172	90	51	44	124	5	0	0	10	17	0	0	0	8	0	0	36	20	0	0	59	8	0	0	104	11	0	0	120	25	0	51	94	119	58	248	182
552	541	45	27	36	530	24	18	11	45	27	36	20	9	0	0	106	63	36	107	519	24	18	10	24	18	11	20	9	0	0	55	54	11	55	45	27	36	8	0	0	10	10	0	0	0	20	9	0	0	106	63	36	107	508	24	18	10	24	18	10	20	9	0	0	55	54	10	55	24	18	11	8	0	0	10	9	0	0	0	20	9	0	0	55	54	11	55	45	27	36	9	0	0	0	17	0	0	0	8	0	0	10	10	0	0	0	20	9	0	0	106	63	36	107	497	23	18	10	24	18	10	20	9	0	0	55	54	10	55	24	18	10	8	0	0	10	9	0	0	0	20	9	0	0	55	54	10	55	24	18	11	8	0	0	0	11	0	0	0	8	0	0	10	9	0	0	0	20	9	0	0	55	54	11	55	45	27	36	1	0	0	0	22	10	0	0	9	0	0	0	17	0	0	0	8	0	0	10	10	0	0	0	20	9	0	0	106	63	36	107
671	658	62	40	39	645	33	0	35	62	40	39	32	0	50	0	152	120	195	0	632	33	0	30	33	0	35	32	0	50	0	86	0	175	0	62	40	39	9	0	0	46	9	0	0	0	32	0	50	0	152	120	195	0	619	33	0	20	33	0	30	32	0	38	0	86	0	150	0	33	0	35	9	0	0	10	7	0	0	0	32	0	50	0	86	0	175	0	62	40	39	18	0	0	10	43	0	0	59	9	0	0	46	9	0	0	0	32	0	50	0	152	120	195	0	606	31	0	18	33	0	20	32	0	10	0	86	0	100	0	33	0	30	9	0	0	10	7	0	0	0	32	0	38	0	86	0	150	0	33	0	35	8	0	0	8	21	0	0	32	9	0	0	10	7	0	0	0	32	0	50	0	86	0	175	0	62	40	39	21	0	0	16	21	16	0	0	18	0	0	10	43	0	0	59	9	0	0	46	9	0	0	0	32	0	50	0	152	120	195	0
1125	1102	90	186	70	1079	47	137	18	90	186	70	35	236	12	32	200	448	210	280	1056	44	131	5	47	137	18	24	224	8	0	111	349	54	113	90	186	70	19	99	0	25	35	53	0	29	35	236	12	32	200	448	210	280	1033	38	127	0	44	131	5	23	224	0	0	107	341	15	112	47	137	18	4	87	0	0	14	44	0	4	24	224	8	0	111	349	54	113	90	186	70	15	60	0	0	38	90	0	10	19	99	0	25	35	53	0	29	35	236	12	32	200	448	210	280	1010	34	126	0	38	127	0	13	224	0	0	91	337	0	112	44	131	5	4	84	0	0	14	42	0	4	23	224	0	0	107	341	15	112	47	137	18	5	56	0	0	22	84	0	0	4	87	0	0	14	44	0	4	24	224	8	0	111	349	54	113	90	186	70	14	14	0	0	36	66	0	0	15	60	0	0	38	90	0	10	19	99	0	25	35	53	0	29	35	236	12	32	200	448	210	280
690	676	61	68	15	662	32	44	0	61	68	15	33	0	0	0	143	150	60	61	648	32	44	0	32	44	0	33	0	0	0	79	90	0	36	61	68	15	18	0	0	0	24	0	0	0	33	0	0	0	143	150	60	61	634	27	40	0	32	44	0	33	0	0	0	79	90	0	36	32	44	0	8	0	0	0	10	0	0	0	33	0	0	0	79	90	0	36	61	68	15	9	40	0	0	41	50	0	0	18	0	0	0	24	0	0	0	33	0	0	0	143	150	60	61	620	24	40	0	27	40	0	23	0	0	0	64	80	0	36	32	44	0	8	0	0	0	10	0	0	0	33	0	0	0	79	90	0	36	32	44	0	4	40	0	0	20	50	0	0	8	0	0	0	10	0	0	0	33	0	0	0	79	90	0	36	61	68	15	5	0	0	0	28	32	0	0	9	40	0	0	41	50	0	0	18	0	0	0	24	0	0	0	33	0	0	0	143	150	60	61
914	896	62	56	118	878	39	0	101	62	56	118	29	0	18	37	157	140	472	54	860	34	0	101	39	0	101	21	0	18	37	105	0	404	35	62	56	118	29	0	34	0	19	14	0	0	29	0	18	37	157	140	472	54	842	27	0	96	34	0	101	17	0	18	29	93	0	404	30	39	0	101	8	0	34	0	8	0	0	0	21	0	18	37	105	0	404	35	62	56	118	17	0	0	46	37	98	0	0	29	0	34	0	19	14	0	0	29	0	18	37	157	140	472	54	824	22	0	66	27	0	96	15	0	18	10	68	0	384	20	34	0	101	4	0	34	0	4	0	0	0	17	0	18	29	93	0	404	30	39	0	101	4	0	0	0	20	0	0	0	8	0	34	0	8	0	0	0	21	0	18	37	105	0	404	35	62	56	118	22	0	18	121	17	14	0	127	17	0	0	46	37	98	0	0	29	0	34	0	19	14	0	0	29	0	18	37	157	140	472	54
925	906	89	136	29	887	40	92	21	89	136	29	30	114	10	0	223	424	145	39	868	37	90	21	40	92	21	22	108	10	0	109	296	105	35	89	136	29	32	24	10	0	32	25	0	0	30	114	10	0	223	424	145	39	849	29	80	20	37	90	21	18	108	10	0	100	294	105	30	40	92	21	6	24	10	0	14	18	0	0	22	108	10	0	109	296	105	35	89	136	29	10	70	0	10	53	56	0	0	32	24	10	0	32	25	0	0	30	114	10	0	223	424	145	39	830	25	50	8	29	80	20	16	78	10	0	74	249	100	20	37	90	21	5	24	10	0	12	18	0	0	18	108	10	0	100	294	105	30	40	92	21	1	0	0	0	21	0	0	0	6	24	10	0	14	18	0	0	22	108	10	0	109	296	105	35	89	136	29	20	122	10	16	28	35	58	68	10	70	0	10	53	56	0	0	32	24	10	0	32	25	0	0	30	114	10	0	223	424	145	39
707	693	56	25	87	679	40	13	36	56	25	87	36	0	0	50	140	25	87	284	665	40	13	32	40	13	36	36	0	0	42	103	13	36	150	56	25	87	12	0	0	32	11	0	0	0	36	0	0	50	140	25	87	284	651	38	13	19	40	13	32	36	0	0	18	103	13	32	102	40	13	36	10	0	0	0	6	0	0	0	36	0	0	42	103	13	36	150	56	25	87	19	0	0	46	46	24	0	29	12	0	0	32	11	0	0	0	36	0	0	50	140	25	87	284	637	35	13	0	38	13	19	34	0	0	0	94	13	19	75	40	13	32	10	0	0	0	6	0	0	0	36	0	0	18	103	13	32	102	40	13	36	8	0	0	0	26	0	0	4	10	0	0	0	6	0	0	0	36	0	0	42	103	13	36	150	56	25	87	23	0	0	0	22	12	0	127	19	0	0	46	46	24	0	29	12	0	0	32	11	0	0	0	36	0	0	50	140	25	87	284
787	771	67	73	65	755	42	51	24	67	73	65	45	24	0	26	164	150	130	248	739	41	51	24	42	51	24	42	24	0	26	112	117	48	139	67	73	65	22	0	0	0	19	15	0	0	45	24	0	26	164	150	130	248	723	34	51	19	41	51	24	42	24	0	18	109	117	48	92	42	51	24	10	0	0	0	8	15	0	0	42	24	0	26	112	117	48	139	67	73	65	26	0	0	46	53	85	0	0	22	0	0	0	19	15	0	0	45	24	0	26	164	150	130	248	707	28	47	0	34	51	19	30	24	0	0	85	117	38	65	41	51	24	10	0	0	0	8	15	0	0	42	24	0	18	109	117	48	92	42	51	24	8	0	0	0	27	60	0	0	10	0	0	0	8	15	0	0	42	24	0	26	112	117	48	139	67	73	65	22	46	0	0	33	48	0	127	26	0	0	46	53	85	0	0	22	0	0	0	19	15	0	0	45	24	0	26	164	150	130	248
552	541	60	31	25	530	40	10	0	60	31	25	42	0	0	0	151	62	75	124	519	40	10	0	40	10	0	42	0	0	0	107	20	0	53	60	31	25	25	0	0	0	20	0	0	0	42	0	0	0	151	62	75	124	508	32	10	0	40	10	0	42	0	0	0	107	20	0	35	40	10	0	10	0	0	0	8	0	0	0	42	0	0	0	107	20	0	53	60	31	25	23	0	0	0	44	71	0	0	25	0	0	0	20	0	0	0	42	0	0	0	151	62	75	124	497	27	10	0	32	10	0	30	0	0	0	79	20	0	20	40	10	0	10	0	0	0	8	0	0	0	42	0	0	0	107	20	0	35	40	10	0	8	0	0	0	25	50	0	0	10	0	0	0	8	0	0	0	42	0	0	0	107	20	0	53	60	31	25	23	0	0	0	29	27	0	0	23	0	0	0	44	71	0	0	25	0	0	0	20	0	0	0	42	0	0	0	151	62	75	124
644	631	57	39	49	618	30	12	18	57	39	49	37	0	39	28	143	111	147	172	605	25	9	18	30	12	18	19	0	34	28	82	48	54	122	57	39	49	31	27	0	0	18	36	0	0	37	0	39	28	143	111	147	172	592	14	0	18	25	9	18	15	0	34	28	72	36	54	122	30	12	18	4	0	0	0	4	0	0	0	19	0	34	28	82	48	54	122	57	39	49	1	0	35	0	10	0	49	0	31	27	0	0	18	36	0	0	37	0	39	28	143	111	147	172	579	10	0	18	14	0	18	7	0	34	28	33	0	54	116	25	9	18	4	0	0	0	4	0	0	0	15	0	34	28	72	36	54	122	30	12	18	0	0	18	0	10	0	18	0	4	0	0	0	4	0	0	0	19	0	34	28	82	48	54	122	57	39	49	3	0	21	0	9	0	0	0	1	0	35	0	10	0	49	0	31	27	0	0	18	36	0	0	37	0	39	28	143	111	147	172
805	788	69	98	50	771	36	84	0	69	98	50	36	60	0	0	178	224	50	324	754	34	80	0	36	84	0	29	58	0	0	100	214	0	182	69	98	50	36	38	0	0	28	14	0	0	36	60	0	0	178	224	50	324	737	21	61	0	34	80	0	25	56	0	0	95	201	0	178	36	84	0	2	20	0	0	10	14	0	0	29	58	0	0	100	214	0	182	69	98	50	7	9	14	0	23	65	100	0	36	38	0	0	28	14	0	0	36	60	0	0	178	224	50	324	720	14	50	0	21	61	0	9	37	0	0	54	117	0	154	34	80	0	2	18	0	0	10	14	0	0	25	56	0	0	95	201	0	178	36	84	0	0	0	0	0	17	60	0	0	2	20	0	0	10	14	0	0	29	58	0	0	100	214	0	182	69	98	50	6	22	31	0	28	38	50	0	7	9	14	0	23	65	100	0	36	38	0	0	28	14	0	0	36	60	0	0	178	224	50	324
498	488	46	16	38	478	29	0	0	46	16	38	32	0	0	0	118	32	76	237	468	26	0	0	29	0	0	20	0	0	0	80	0	0	146	46	16	38	30	0	0	0	16	16	0	0	32	0	0	0	118	32	76	237	458	16	0	0	26	0	0	16	0	0	0	73	0	0	146	29	0	0	4	0	0	0	4	0	0	0	20	0	0	0	80	0	0	146	46	16	38	1	0	14	0	15	0	0	0	30	0	0	0	16	16	0	0	32	0	0	0	118	32	76	237	448	11	0	0	16	0	0	8	0	0	0	38	0	0	135	26	0	0	4	0	0	0	4	0	0	0	16	0	0	0	73	0	0	146	29	0	0	0	0	0	0	15	0	0	0	4	0	0	0	4	0	0	0	20	0	0	0	80	0	0	146	46	16	38	5	0	31	0	10	0	0	0	1	0	14	0	15	0	0	0	30	0	0	0	16	16	0	0	32	0	0	0	118	32	76	237
773	757	65	93	21	741	27	61	0	65	93	21	34	64	0	0	152	257	84	147	725	22	39	0	27	61	0	17	24	0	0	72	177	0	122	65	93	21	14	96	0	0	16	39	21	0	34	64	0	0	152	257	84	147	709	16	15	0	22	39	0	17	0	0	0	61	117	0	122	27	61	0	4	0	0	0	6	15	0	0	17	24	0	0	72	177	0	122	65	93	21	1	0	14	0	6	0	84	0	14	96	0	0	16	39	21	0	34	64	0	0	152	257	84	147	693	12	15	0	16	15	0	9	0	0	0	38	45	0	116	22	39	0	4	0	0	0	6	15	0	0	17	0	0	0	61	117	0	122	27	61	0	0	0	0	0	6	0	0	0	4	0	0	0	6	15	0	0	17	24	0	0	72	177	0	122	65	93	21	3	0	21	0	11	0	0	0	1	0	14	0	6	0	84	0	14	96	0	0	16	39	21	0	34	64	0	0	152	257	84	147
542	531	48	35	7	520	25	10	0	48	35	7	36	0	0	0	114	70	35	29	509	20	5	0	25	10	0	18	0	0	0	71	10	0	21	48	35	7	25	25	0	0	13	20	0	0	36	0	0	0	114	70	35	29	498	11	0	0	20	5	0	14	0	0	0	61	5	0	21	25	10	0	4	0	0	0	3	0	0	0	18	0	0	0	71	10	0	21	48	35	7	1	0	14	0	5	0	7	0	25	25	0	0	13	20	0	0	36	0	0	0	114	70	35	29	487	7	0	0	11	0	0	6	0	0	0	27	0	0	20	20	5	0	4	0	0	0	3	0	0	0	14	0	0	0	61	5	0	21	25	10	0	0	0	0	0	5	0	0	0	4	0	0	0	3	0	0	0	18	0	0	0	71	10	0	21	48	35	7	3	0	21	0	5	0	0	0	1	0	14	0	5	0	7	0	25	25	0	0	13	20	0	0	36	0	0	0	114	70	35	29
490	480	32	0	47	470	19	0	9	32	0	47	23	0	6	9	74	0	0	165	460	6	0	8	19	0	9	5	0	0	8	51	0	0	18	32	0	47	2	0	66	8	2	0	0	0	23	0	6	9	74	0	0	165	450	5	0	8	6	0	8	3	0	0	8	13	0	0	18	19	0	9	2	0	9	8	2	0	0	0	5	0	0	8	51	0	0	18	32	0	47	0	0	9	0	5	0	0	0	2	0	66	8	2	0	0	0	23	0	6	9	74	0	0	165	440	4	0	8	5	0	8	2	0	0	8	10	0	0	18	6	0	8	0	0	8	8	2	0	0	0	3	0	0	8	13	0	0	18	19	0	9	0	0	0	0	5	0	0	0	2	0	9	8	2	0	0	0	5	0	0	8	51	0	0	18	32	0	47	1	0	9	0	3	0	0	0	0	0	9	0	5	0	0	0	2	0	66	8	2	0	0	0	23	0	6	9	74	0	0	165
825	808	39	74	58	791	14	22	28	39	74	58	13	88	20	21	90	174	232	115	774	3	0	25	14	22	28	1	0	14	18	39	55	112	18	39	74	58	0	0	68	28	2	0	116	0	13	88	20	21	90	174	232	115	757	3	0	25	3	0	25	1	0	14	18	7	0	100	18	14	22	28	0	0	28	28	2	0	56	0	1	0	14	18	39	55	112	18	39	74	58	0	0	0	0	0	0	0	0	0	0	68	28	2	0	116	0	13	88	20	21	90	174	232	115	740	3	0	25	3	0	25	1	0	14	18	7	0	100	18	3	0	25	0	0	25	28	2	0	50	0	1	0	14	18	7	0	100	18	14	22	28	0	0	0	0	0	0	0	0	0	0	28	28	2	0	56	0	1	0	14	18	39	55	112	18	39	74	58	0	0	0	0	2	0	0	0	0	0	0	0	0	0	0	0	0	0	68	28	2	0	116	0	13	88	20	21	90	174	232	115
390	382	18	12	15	374	6	0	9	18	12	15	14	0	0	9	35	12	30	7	366	0	0	8	6	0	9	0	0	0	8	13	0	18	0	18	12	15	0	0	15	8	0	0	0	0	14	0	0	9	35	12	30	7	358	0	0	8	0	0	8	0	0	0	8	0	0	16	0	6	0	9	0	0	9	8	0	0	0	0	0	0	0	8	13	0	18	0	18	12	15	0	0	0	0	0	0	0	0	0	0	15	8	0	0	0	0	14	0	0	9	35	12	30	7	350	0	0	8	0	0	8	0	0	0	8	0	0	16	0	0	0	8	0	0	8	8	0	0	0	0	0	0	0	8	0	0	16	0	6	0	9	0	0	0	0	0	0	0	0	0	0	9	8	0	0	0	0	0	0	0	8	13	0	18	0	18	12	15	0	0	0	0	0	0	0	0	0	0	0	0	0	0	0	0	0	0	15	8	0	0	0	0	14	0	0	9	35	12	30	7
581	569	28	41	20	557	10	14	0	28	41	20	12	42	6	0	58	65	60	77	545	2	0	0	10	14	0	0	0	0	0	26	21	0	18	28	41	20	0	0	38	0	1	0	40	0	12	42	6	0	58	65	60	77	533	2	0	0	2	0	0	0	0	0	0	4	0	0	18	10	14	0	0	0	0	0	1	0	0	0	0	0	0	0	26	21	0	18	28	41	20	0	0	0	0	0	0	0	0	0	0	38	0	1	0	40	0	12	42	6	0	58	65	60	77	521	2	0	0	2	0	0	0	0	0	0	4	0	0	18	2	0	0	0	0	0	0	1	0	0	0	0	0	0	0	4	0	0	18	10	14	0	0	0	0	0	0	0	0	0	0	0	0	0	1	0	0	0	0	0	0	0	26	21	0	18	28	41	20	0	0	0	0	0	0	0	0	0	0	0	0	0	0	0	0	0	0	38	0	1	0	40	0	12	42	6	0	58	65	60	77
438	429	25	18	11	420	10	0	0	25	18	11	18	0	6	0	51	30	33	28	411	1	0	0	10	0	0	0	0	0	0	24	0	0	0	25	18	11	0	0	29	0	1	0	0	0	18	0	6	0	51	30	33	28	402	1	0	0	1	0	0	0	0	0	0	3	0	0	0	10	0	0	0	0	0	0	1	0	0	0	0	0	0	0	24	0	0	0	25	18	11	0	0	0	0	0	0	0	0	0	0	29	0	1	0	0	0	18	0	6	0	51	30	33	28	393	1	0	0	1	0	0	0	0	0	0	3	0	0	0	1	0	0	0	0	0	0	1	0	0	0	0	0	0	0	3	0	0	0	10	0	0	0	0	0	0	0	0	0	0	0	0	0	0	1	0	0	0	0	0	0	0	24	0	0	0	25	18	11	0	0	0	0	0	0	0	0	0	0	0	0	0	0	0	0	0	0	29	0	1	0	0	0	18	0	6	0	51	30	33	28
574	562	25	20	48	550	2	0	13	25	20	48	0	0	84	31	59	30	96	104	538	2	0	7	2	0	13	0	0	31	7	4	0	26	37	25	20	48	0	0	0	0	1	0	0	21	0	0	84	31	59	30	96	104	526	2	0	7	2	0	7	0	0	7	7	4	0	14	33	2	0	13	0	0	0	0	1	0	0	0	0	0	31	7	4	0	26	37	25	20	48	0	0	0	0	0	0	0	0	0	0	0	0	1	0	0	21	0	0	84	31	59	30	96	104	514	2	0	7	2	0	7	0	0	7	7	4	0	14	33	2	0	7	0	0	0	0	1	0	0	0	0	0	7	7	4	0	14	33	2	0	13	0	0	0	0	0	0	0	0	0	0	0	0	1	0	0	0	0	0	31	7	4	0	26	37	25	20	48	0	0	0	0	0	0	0	0	0	0	0	0	0	0	0	0	0	0	0	0	1	0	0	21	0	0	84	31	59	30	96	104
428	419	25	20	19	410	3	0	7	25	20	19	1	0	30	7	56	50	76	58	401	3	0	7	3	0	7	1	0	7	7	5	0	28	28	25	20	19	0	0	0	0	1	0	0	0	1	0	30	7	56	50	76	58	392	3	0	7	3	0	7	1	0	7	7	5	0	28	25	3	0	7	0	0	0	0	1	0	0	0	1	0	7	7	5	0	28	28	25	20	19	0	0	0	0	0	0	0	0	0	0	0	0	1	0	0	0	1	0	30	7	56	50	76	58	383	3	0	7	3	0	7	1	0	7	7	5	0	28	25	3	0	7	0	0	0	0	1	0	0	0	1	0	7	7	5	0	28	25	3	0	7	0	0	0	0	0	0	0	0	0	0	0	0	1	0	0	0	1	0	7	7	5	0	28	28	25	20	19	0	0	0	0	3	0	0	0	0	0	0	0	0	0	0	0	0	0	0	0	1	0	0	0	1	0	30	7	56	50	76	58
336	329	13	0	30	322	0	0	0	13	0	30	0	0	36	0	27	0	0	104	315	0	0	0	0	0	0	0	0	0	0	0	0	0	37	13	0	30	0	0	0	0	0	0	0	0	0	0	36	0	27	0	0	104	308	0	0	0	0	0	0	0	0	0	0	0	0	0	33	0	0	0	0	0	0	0	0	0	0	0	0	0	0	0	0	0	0	37	13	0	30	0	0	0	0	0	0	0	0	0	0	0	0	0	0	0	0	0	0	36	0	27	0	0	104	301	0	0	0	0	0	0	0	0	0	0	0	0	0	33	0	0	0	0	0	0	0	0	0	0	0	0	0	0	0	0	0	0	33	0	0	0	0	0	0	0	0	0	0	0	0	0	0	0	0	0	0	0	0	0	0	0	0	0	0	37	13	0	30	0	0	0	0	0	0	0	0	0	0	0	0	0	0	0	0	0	0	0	0	0	0	0	0	0	0	36	0	27	0	0	104
477	467	21	21	24	457	1	0	0	21	21	24	0	0	36	0	44	42	72	89	447	1	0	0	1	0	0	0	0	0	0	1	0	0	28	21	21	24	0	0	0	0	0	0	0	0	0	0	36	0	44	42	72	89	437	1	0	0	1	0	0	0	0	0	0	1	0	0	25	1	0	0	0	0	0	0	0	0	0	0	0	0	0	0	1	0	0	28	21	21	24	0	0	0	0	0	0	0	0	0	0	0	0	0	0	0	0	0	0	36	0	44	42	72	89	427	1	0	0	1	0	0	0	0	0	0	1	0	0	25	1	0	0	0	0	0	0	0	0	0	0	0	0	0	0	1	0	0	25	1	0	0	0	0	0	0	0	0	0	0	0	0	0	0	0	0	0	0	0	0	0	0	1	0	0	28	21	21	24	0	0	0	0	1	0	0	0	0	0	0	0	0	0	0	0	0	0	0	0	0	0	0	0	0	0	36	0	44	42	72	89
380	372	22	16	0	364	3	0	0	22	16	0	1	0	0	0	47	40	0	0	356	3	0	0	3	0	0	1	0	0	0	5	0	0	0	22	16	0	0	0	0	0	1	0	0	0	1	0	0	0	47	40	0	0	348	3	0	0	3	0	0	1	0	0	0	5	0	0	0	3	0	0	0	0	0	0	1	0	0	0	1	0	0	0	5	0	0	0	22	16	0	0	0	0	0	0	0	0	0	0	0	0	0	1	0	0	0	1	0	0	0	47	40	0	0	340	3	0	0	3	0	0	1	0	0	0	5	0	0	0	3	0	0	0	0	0	0	1	0	0	0	1	0	0	0	5	0	0	0	3	0	0	0	0	0	0	0	0	0	0	0	0	0	0	1	0	0	0	1	0	0	0	5	0	0	0	22	16	0	0	0	0	0	3	0	0	0	0	0	0	0	0	0	0	0	0	0	0	0	1	0	0	0	1	0	0	0	47	40	0	0
970	949	55	99	116	928	25	38	100	55	99	116	22	19	46	70	140	242	464	19	907	22	38	76	25	38	100	15	19	46	20	68	76	400	7	55	99	116	3	0	22	110	14	19	0	58	22	19	46	70	140	242	464	19	886	22	38	45	22	38	76	15	19	45	14	62	76	304	7	25	38	100	3	0	22	46	14	19	0	28	15	19	46	20	68	76	400	7	55	99	116	8	0	0	56	29	0	0	120	3	0	22	110	14	19	0	58	22	19	46	70	140	242	464	19	865	20	38	35	22	38	45	15	19	21	14	62	76	180	7	22	38	76	3	0	21	41	14	19	0	25	15	19	45	14	62	76	304	7	25	38	100	1	0	0	18	12	0	0	18	3	0	22	46	14	19	0	28	15	19	46	20	68	76	400	7	55	99	116	18	0	0	28	20	30	0	29	8	0	0	56	29	0	0	120	3	0	22	110	14	19	0	58	22	19	46	70	140	242	464	19
681	666	70	73	33	651	31	36	32	70	73	33	35	24	46	10	179	222	165	0	636	26	36	27	31	36	32	18	24	46	6	84	108	160	0	70	73	33	10	0	22	33	16	36	0	0	35	24	46	10	179	222	165	0	621	25	36	7	26	36	27	16	24	45	0	73	108	135	0	31	36	32	5	0	22	0	15	36	0	0	18	24	46	6	84	108	160	0	70	73	33	14	0	0	35	38	12	0	71	10	0	22	33	16	36	0	0	35	24	46	10	179	222	165	0	606	22	36	0	25	36	7	16	24	21	0	72	108	35	0	26	36	27	5	0	21	0	15	36	0	0	16	24	45	0	73	108	135	0	31	36	32	2	0	0	0	14	12	0	0	5	0	22	0	15	36	0	0	18	24	46	6	84	108	160	0	70	73	33	28	0	0	0	24	21	0	29	14	0	0	35	38	12	0	71	10	0	22	33	16	36	0	0	35	24	46	10	179	222	165	0
610	597	26	12	72	584	11	0	38	26	12	72	7	0	0	75	69	12	72	91	571	11	0	11	11	0	38	7	0	0	6	30	0	38	20	26	12	72	0	0	0	49	8	0	0	78	7	0	0	75	69	12	72	91	558	11	0	0	11	0	11	7	0	0	0	30	0	11	14	11	0	38	0	0	0	0	8	0	0	28	7	0	0	6	30	0	38	20	26	12	72	0	0	0	0	2	0	0	28	0	0	0	49	8	0	0	78	7	0	0	75	69	12	72	91	545	11	0	0	11	0	0	7	0	0	0	30	0	0	14	11	0	11	0	0	0	0	8	0	0	25	7	0	0	0	30	0	11	14	11	0	38	0	0	0	0	2	0	0	0	0	0	0	0	8	0	0	28	7	0	0	6	30	0	38	20	26	12	72	2	0	0	0	6	0	0	0	0	0	0	0	2	0	0	28	0	0	0	49	8	0	0	78	7	0	0	75	69	12	72	91
602	589	30	32	47	576	12	12	17	30	32	47	8	0	0	31	79	52	94	91	563	12	12	6	12	12	17	8	0	0	6	33	12	34	20	30	32	47	0	0	0	24	9	0	0	20	8	0	0	31	79	52	94	91	550	12	12	0	12	12	6	8	0	0	0	33	12	12	14	12	12	17	0	0	0	0	9	0	0	0	8	0	0	6	33	12	34	20	30	32	47	0	0	0	0	7	0	0	21	0	0	0	24	9	0	0	20	8	0	0	31	79	52	94	91	537	12	12	0	12	12	0	8	0	0	0	33	12	0	14	12	12	6	0	0	0	0	9	0	0	0	8	0	0	0	33	12	12	14	12	12	17	0	0	0	0	2	0	0	0	0	0	0	0	9	0	0	0	8	0	0	6	33	12	34	20	30	32	47	5	0	0	0	8	0	0	0	0	0	0	0	7	0	0	21	0	0	0	24	9	0	0	20	8	0	0	31	79	52	94	91
467	457	33	21	16	447	14	0	0	33	21	16	9	0	0	0	86	49	48	43	437	14	0	0	14	0	0	9	0	0	0	39	0	0	7	33	21	16	0	0	0	0	9	0	0	0	9	0	0	0	86	49	48	43	427	14	0	0	14	0	0	9	0	0	0	39	0	0	7	14	0	0	0	0	0	0	9	0	0	0	9	0	0	0	39	0	0	7	33	21	16	3	0	0	0	15	0	0	0	0	0	0	0	9	0	0	0	9	0	0	0	86	49	48	43	417	13	0	0	14	0	0	9	0	0	0	39	0	0	7	14	0	0	0	0	0	0	9	0	0	0	9	0	0	0	39	0	0	7	14	0	0	0	0	0	0	4	0	0	0	0	0	0	0	9	0	0	0	9	0	0	0	39	0	0	7	33	21	16	8	0	0	0	11	7	0	0	3	0	0	0	15	0	0	0	0	0	0	0	9	0	0	0	9	0	0	0	86	49	48	43
722	706	59	62	79	690	30	28	38	59	62	79	28	14	51	24	154	145	237	212	674	29	28	38	30	28	38	25	14	49	24	91	56	114	149	59	62	79	15	0	0	0	31	14	0	0	28	14	51	24	154	145	237	212	658	24	28	38	29	28	38	25	14	49	24	88	56	114	109	30	28	38	5	0	0	0	17	14	0	0	25	14	49	24	91	56	114	149	59	62	79	18	0	0	0	33	55	0	0	15	0	0	0	31	14	0	0	28	14	51	24	154	145	237	212	642	19	25	33	24	28	38	15	14	49	14	73	56	114	52	29	28	38	5	0	0	0	17	14	0	0	25	14	49	24	88	56	114	109	30	28	38	2	0	0	0	14	0	0	0	5	0	0	0	17	14	0	0	25	14	49	24	91	56	114	149	59	62	79	24	33	0	35	23	22	0	0	18	0	0	0	33	55	0	0	15	0	0	0	31	14	0	0	28	14	51	24	154	145	237	212
664	649	87	79	21	634	41	47	14	87	79	21	62	22	56	0	209	275	105	33	619	34	45	14	41	47	14	32	22	56	0	106	171	70	32	87	79	21	39	24	42	0	45	42	0	0	62	22	56	0	209	275	105	33	604	24	39	14	34	45	14	29	22	56	0	92	167	70	27	41	47	14	6	22	42	0	15	33	0	0	32	22	56	0	106	171	70	32	87	79	21	27	41	0	0	45	76	0	0	39	24	42	0	45	42	0	0	62	22	56	0	209	275	105	33	589	17	23	14	24	39	14	15	12	56	0	65	140	70	7	34	45	14	3	22	42	0	13	33	0	0	29	22	56	0	92	167	70	27	41	47	14	2	11	0	0	13	33	0	0	6	22	42	0	15	33	0	0	32	22	56	0	106	171	70	32	87	79	21	18	60	14	0	31	34	21	0	27	41	0	0	45	76	0	0	39	24	42	0	45	42	0	0	62	22	56	0	209	275	105	33
678	663	72	57	67	648	41	26	34	72	57	67	36	13	50	44	187	167	201	165	633	40	26	34	41	26	34	33	13	46	44	114	104	102	132	72	57	67	28	0	0	0	37	14	0	0	36	13	50	44	187	167	201	165	618	32	23	33	40	26	34	33	13	46	42	111	104	102	103	41	26	34	5	0	0	0	19	13	0	0	33	13	46	44	114	104	102	132	72	57	67	26	30	0	9	48	86	0	0	28	0	0	0	37	14	0	0	36	13	50	44	187	167	201	165	603	26	10	17	32	23	33	19	10	45	14	86	89	99	52	40	26	34	5	0	0	0	19	13	0	0	33	13	46	42	111	104	102	103	41	26	34	3	0	0	0	14	26	0	0	5	0	0	0	19	13	0	0	33	13	46	44	114	104	102	132	72	57	67	29	30	0	55	28	46	67	50	26	30	0	9	48	86	0	0	28	0	0	0	37	14	0	0	36	13	50	44	187	167	201	165
705	689	77	92	36	673	37	59	12	77	92	36	42	60	14	24	193	272	144	149	657	34	56	12	37	59	12	29	56	12	24	104	183	48	132	77	92	36	30	35	0	0	39	36	0	0	42	60	14	24	193	272	144	149	641	25	51	12	34	56	12	27	55	12	24	96	178	48	103	37	59	12	2	33	0	0	15	33	0	0	29	56	12	24	104	183	48	132	77	92	36	24	39	0	0	40	76	0	0	30	35	0	0	39	36	0	0	42	60	14	24	193	272	144	149	625	19	36	7	25	51	12	13	47	12	14	70	156	48	52	34	56	12	2	33	0	0	15	33	0	0	27	55	12	24	96	178	48	103	37	59	12	2	11	0	0	13	33	0	0	2	33	0	0	15	33	0	0	29	56	12	24	104	183	48	132	77	92	36	21	56	0	35	27	36	36	0	24	39	0	0	40	76	0	0	30	35	0	0	39	36	0	0	42	60	14	24	193	272	144	149
621	607	52	53	51	593	23	40	0	52	53	51	27	40	0	0	137	149	51	284	579	20	40	0	23	40	0	14	40	0	0	66	130	0	187	52	53	51	10	0	0	0	16	30	0	0	27	40	0	0	137	149	51	284	565	19	40	0	20	40	0	12	40	0	0	58	130	0	120	23	40	0	5	0	0	0	12	30	0	0	14	40	0	0	66	130	0	187	52	53	51	14	0	0	0	33	10	0	0	10	0	0	0	16	30	0	0	27	40	0	0	137	149	51	284	551	16	38	0	19	40	0	12	40	0	0	57	130	0	52	20	40	0	5	0	0	0	12	30	0	0	12	40	0	0	58	130	0	120	23	40	0	2	0	0	0	9	10	0	0	5	0	0	0	12	30	0	0	14	40	0	0	66	130	0	187	52	53	51	24	18	0	0	18	0	0	0	14	0	0	0	33	10	0	0	10	0	0	0	16	30	0	0	27	40	0	0	137	149	51	284
854	835	62	18	170	816	40	0	120	62	18	170	40	0	60	94	150	54	170	254	797	36	0	118	40	0	120	26	0	57	88	112	0	120	98	62	18	170	26	0	0	24	37	54	0	0	40	0	60	94	150	54	170	254	778	23	0	118	36	0	118	25	0	57	88	103	0	118	98	40	0	120	5	0	0	24	15	0	0	0	26	0	57	88	112	0	120	98	62	18	170	7	0	58	0	17	0	0	0	26	0	0	24	37	54	0	0	40	0	60	94	150	54	170	254	759	11	0	118	23	0	118	10	0	57	88	61	0	118	97	36	0	118	5	0	0	24	15	0	0	0	25	0	57	88	103	0	118	98	40	0	120	3	0	34	0	17	0	0	0	5	0	0	24	15	0	0	0	26	0	57	88	112	0	120	98	62	18	170	8	0	95	0	28	0	0	0	7	0	58	0	17	0	0	0	26	0	0	24	37	54	0	0	40	0	60	94	150	54	170	254
670	655	59	50	66	640	35	0	40	59	50	66	42	0	60	25	131	90	330	136	625	28	0	40	35	0	40	21	0	57	25	91	0	200	64	59	50	66	26	0	0	0	28	60	0	0	42	0	60	25	131	90	330	136	610	18	0	40	28	0	40	20	0	57	25	77	0	200	64	35	0	40	5	0	0	0	9	0	0	0	21	0	57	25	91	0	200	64	59	50	66	7	0	28	0	14	0	0	0	26	0	0	0	28	60	0	0	42	0	60	25	131	90	330	136	595	11	0	40	18	0	40	6	0	57	25	45	0	200	64	28	0	40	5	0	0	0	9	0	0	0	20	0	57	25	77	0	200	64	35	0	40	3	0	14	0	14	0	0	0	5	0	0	0	9	0	0	0	21	0	57	25	91	0	200	64	59	50	66	9	0	37	0	34	0	0	0	7	0	28	0	14	0	0	0	26	0	0	0	28	60	0	0	42	0	60	25	131	90	330	136
965	943	96	141	95	921	56	105	58	96	141	95	50	150	45	38	223	357	190	203	899	49	95	56	56	105	58	31	150	42	36	145	285	116	98	96	141	95	31	130	0	20	55	92	0	0	50	150	45	38	223	357	190	203	877	37	26	56	49	95	56	28	130	42	36	128	255	112	98	56	105	58	8	0	0	20	17	30	0	0	31	150	42	36	145	285	116	98	96	141	95	40	52	58	0	44	70	475	0	31	130	0	20	55	92	0	0	50	150	45	38	223	357	190	203	855	19	0	55	37	26	56	19	0	42	35	93	52	112	97	49	95	56	8	0	0	18	17	30	0	0	28	130	42	36	128	255	112	98	56	105	58	12	0	34	0	23	60	290	0	8	0	0	20	17	30	0	0	31	150	42	36	145	285	116	98	96	141	95	15	0	73	9	33	150	190	0	40	52	58	0	44	70	475	0	31	130	0	20	55	92	0	0	50	150	45	38	223	357	190	203
575	562	54	53	21	549	29	17	14	54	53	21	31	41	45	14	118	77	105	21	536	23	6	14	29	17	14	15	6	42	14	76	17	70	14	54	53	21	18	30	0	0	26	36	21	0	31	41	45	14	118	77	105	21	523	15	0	14	23	6	14	15	0	42	14	63	6	70	14	29	17	14	2	0	0	0	6	0	14	0	15	6	42	14	76	17	70	14	54	53	21	7	0	21	0	14	0	21	0	18	30	0	0	26	36	21	0	31	41	45	14	118	77	105	21	510	10	0	14	15	0	14	3	0	42	14	37	0	70	14	23	6	14	2	0	0	0	6	0	14	0	15	0	42	14	63	6	70	14	29	17	14	2	0	14	0	12	0	14	0	2	0	0	0	6	0	14	0	15	6	42	14	76	17	70	14	54	53	21	10	0	12	0	35	12	0	0	7	0	21	0	14	0	21	0	18	30	0	0	26	36	21	0	31	41	45	14	118	77	105	21
604	590	61	66	23	576	32	43	0	61	66	23	38	22	0	0	147	155	69	124	562	27	40	0	32	43	0	23	22	0	0	89	116	0	60	61	66	23	30	21	0	0	40	28	0	0	38	22	0	0	147	155	69	124	548	16	32	0	27	40	0	22	22	0	0	78	101	0	60	32	43	0	5	0	0	0	9	0	0	0	23	22	0	0	89	116	0	60	61	66	23	16	10	23	0	23	20	23	0	30	21	0	0	40	28	0	0	38	22	0	0	147	155	69	124	534	7	30	0	16	32	0	3	20	0	0	42	64	0	59	27	40	0	5	0	0	0	9	0	0	0	22	22	0	0	78	101	0	60	32	43	0	2	10	0	0	14	20	0	0	5	0	0	0	9	0	0	0	23	22	0	0	89	116	0	60	61	66	23	7	20	36	0	31	20	0	0	16	10	23	0	23	20	23	0	30	21	0	0	40	28	0	0	38	22	0	0	147	155	69	124
615	601	24	13	112	587	14	0	90	24	13	112	18	0	6	90	46	13	112	87	573	6	0	89	14	0	90	1	0	0	86	31	0	90	54	24	13	112	0	0	25	14	1	0	0	0	18	0	6	90	46	13	112	87	559	6	0	89	6	0	89	1	0	0	86	16	0	89	54	14	0	90	0	0	15	14	1	0	0	0	1	0	0	86	31	0	90	54	24	13	112	0	0	0	0	3	0	0	0	0	0	25	14	1	0	0	0	18	0	6	90	46	13	112	87	545	6	0	89	6	0	89	1	0	0	86	16	0	89	54	6	0	89	0	0	14	14	1	0	0	0	1	0	0	86	16	0	89	54	14	0	90	0	0	0	0	3	0	0	0	0	0	15	14	1	0	0	0	1	0	0	86	31	0	90	54	24	13	112	8	0	0	0	22	0	0	0	0	0	0	0	3	0	0	0	0	0	25	14	1	0	0	0	18	0	6	90	46	13	112	87
697	681	44	61	81	665	27	22	61	44	61	81	28	66	24	60	91	97	243	87	649	19	0	60	27	22	61	15	0	18	56	60	33	183	54	44	61	81	1	0	49	14	10	0	162	0	28	66	24	60	91	97	243	87	633	19	0	60	19	0	60	15	0	18	56	46	0	180	54	27	22	61	1	0	39	14	7	0	122	0	15	0	18	56	60	33	183	54	44	61	81	9	0	0	0	15	0	0	0	1	0	49	14	10	0	162	0	28	66	24	60	91	97	243	87	617	14	0	60	19	0	60	15	0	18	56	46	0	180	54	19	0	60	1	0	38	14	7	0	120	0	15	0	18	56	46	0	180	54	27	22	61	0	0	0	0	9	0	0	0	1	0	39	14	7	0	122	0	15	0	18	56	60	33	183	54	44	61	81	16	0	0	0	33	70	0	0	9	0	0	0	15	0	0	0	1	0	49	14	10	0	162	0	28	66	24	60	91	97	243	87
433	423	30	17	42	413	17	9	15	30	17	42	20	0	6	60	59	35	42	110	403	8	9	14	17	9	15	3	0	0	56	39	27	15	54	30	17	42	0	0	32	14	4	0	0	0	20	0	6	60	59	35	42	110	393	8	9	14	8	9	14	3	0	0	56	19	27	14	54	17	9	15	0	0	15	14	1	0	0	0	3	0	0	56	39	27	15	54	30	17	42	1	0	0	0	5	0	0	0	0	0	32	14	4	0	0	0	20	0	6	60	59	35	42	110	383	8	9	14	8	9	14	3	0	0	56	19	27	14	54	8	9	14	0	0	14	14	1	0	0	0	3	0	0	56	19	27	14	54	17	9	15	1	0	0	0	5	0	0	0	0	0	15	14	1	0	0	0	3	0	0	56	39	27	15	54	30	17	42	10	0	0	0	24	0	0	0	1	0	0	0	5	0	0	0	0	0	32	14	4	0	0	0	20	0	6	60	59	35	42	110
727	710	60	93	54	693	36	57	0	60	93	54	39	81	6	0	133	201	162	375	676	26	30	0	36	57	0	31	0	0	0	87	132	0	232	60	93	54	11	0	78	0	24	0	162	0	39	81	6	0	133	201	162	375	659	22	30	0	26	30	0	21	0	0	0	61	60	0	228	36	57	0	1	0	0	0	9	0	0	0	31	0	0	0	87	132	0	232	60	93	54	20	0	26	0	25	24	0	0	11	0	78	0	24	0	162	0	39	81	6	0	133	201	162	375	642	15	24	0	22	30	0	17	0	0	0	52	60	0	228	26	30	0	1	0	0	0	9	0	0	0	21	0	0	0	61	60	0	228	36	57	0	1	0	0	0	13	18	0	0	1	0	0	0	9	0	0	0	31	0	0	0	87	132	0	232	60	93	54	12	72	0	0	41	84	0	0	20	0	26	0	25	24	0	0	11	0	78	0	24	0	162	0	39	81	6	0	133	201	162	375
475	464	43	27	36	453	28	18	0	43	27	36	37	8	6	0	92	56	36	205	442	16	10	0	28	18	0	21	0	0	0	69	46	0	112	43	27	36	0	0	78	0	12	0	36	0	37	8	6	0	92	56	36	205	431	14	10	0	16	10	0	11	0	0	0	37	30	0	110	28	18	0	0	0	0	0	7	0	0	0	21	0	0	0	69	46	0	112	43	27	36	9	0	26	0	17	0	0	0	0	0	78	0	12	0	36	0	37	8	6	0	92	56	36	205	420	10	9	0	14	10	0	11	0	0	0	33	30	0	110	16	10	0	0	0	0	0	7	0	0	0	11	0	0	0	37	30	0	110	28	18	0	1	0	0	0	13	0	0	0	0	0	0	0	7	0	0	0	21	0	0	0	69	46	0	112	43	27	36	13	9	0	0	31	36	0	0	9	0	26	0	17	0	0	0	0	0	78	0	12	0	36	0	37	8	6	0	92	56	36	205
465	454	60	31	30	443	33	10	9	60	31	30	28	0	59	9	139	82	90	135	432	32	10	9	33	10	9	24	0	9	9	81	40	27	61	60	31	30	13	0	0	0	18	10	0	0	28	0	59	9	139	82	90	135	421	31	10	9	32	10	9	23	0	9	9	80	40	27	60	33	10	9	9	0	0	0	9	10	0	0	24	0	9	9	81	40	27	61	60	31	30	28	0	0	0	25	10	0	0	13	0	0	0	18	10	0	0	28	0	59	9	139	82	90	135	410	23	7	9	31	10	9	23	0	9	9	79	40	27	60	32	10	9	9	0	0	0	9	10	0	0	23	0	9	9	80	40	27	60	33	10	9	10	0	0	0	11	10	0	0	9	0	0	0	9	10	0	0	24	0	9	9	81	40	27	61	60	31	30	16	21	0	0	45	56	0	0	28	0	0	0	25	10	0	0	13	0	0	0	18	10	0	0	28	0	59	9	139	82	90	135
382	373	50	20	19	364	26	0	18	50	20	19	20	0	19	9	124	60	95	0	355	26	0	18	26	0	18	20	0	18	9	69	0	90	0	50	20	19	18	0	0	0	25	0	0	0	20	0	19	9	124	60	95	0	346	24	0	18	26	0	18	20	0	18	9	69	0	90	0	26	0	18	8	0	0	0	8	0	0	0	20	0	18	9	69	0	90	0	50	20	19	38	0	0	0	31	8	0	0	18	0	0	0	25	0	0	0	20	0	19	9	124	60	95	0	337	14	0	18	24	0	18	16	0	18	9	64	0	90	0	26	0	18	8	0	0	0	8	0	0	0	20	0	18	9	69	0	90	0	26	0	18	10	0	0	0	10	0	0	0	8	0	0	0	8	0	0	0	20	0	18	9	69	0	90	0	50	20	19	11	0	0	0	25	40	0	0	38	0	0	0	31	8	0	0	18	0	0	0	25	0	0	0	20	0	19	9	124	60	95	0
461	450	39	27	60	439	20	18	6	39	27	60	19	9	68	30	81	72	60	325	428	19	18	0	20	18	6	15	9	6	0	45	54	6	166	39	27	60	5	0	0	0	11	9	0	21	19	9	68	30	81	72	60	325	417	18	18	0	19	18	0	14	9	0	0	44	54	0	163	20	18	6	1	0	0	0	6	9	0	14	15	9	6	0	45	54	6	166	39	27	60	8	0	0	0	12	9	0	0	5	0	0	0	11	9	0	21	19	9	68	30	81	72	60	325	406	14	17	0	18	18	0	14	9	0	0	43	54	0	163	19	18	0	1	0	0	0	6	9	0	14	14	9	0	0	44	54	0	163	20	18	6	0	0	0	0	6	9	0	0	1	0	0	0	6	9	0	14	15	9	6	0	45	54	6	166	39	27	60	15	8	0	0	31	32	0	0	8	0	0	0	12	9	0	0	5	0	0	0	11	9	0	21	19	9	68	30	81	72	60	325
442	431	51	42	20	420	25	31	0	51	42	20	19	39	49	0	109	86	20	135	409	24	30	0	25	31	0	15	36	0	0	59	67	0	61	51	42	20	9	6	0	0	12	6	0	0	19	39	49	0	109	86	20	135	398	23	30	0	24	30	0	14	36	0	0	58	66	0	60	25	31	0	5	6	0	0	7	6	0	0	15	36	0	0	59	67	0	61	51	42	20	9	0	0	0	13	6	0	0	9	6	0	0	12	6	0	0	19	39	49	0	109	86	20	135	387	19	29	0	23	30	0	14	36	0	0	57	66	0	60	24	30	0	5	6	0	0	7	6	0	0	14	36	0	0	58	66	0	60	25	31	0	1	0	0	0	7	6	0	0	5	6	0	0	7	6	0	0	15	36	0	0	59	67	0	61	51	42	20	18	5	0	0	34	20	0	0	9	0	0	0	13	6	0	0	9	6	0	0	12	6	0	0	19	39	49	0	109	86	20	135
550	536	74	72	0	522	36	55	0	74	72	0	31	40	0	0	168	183	0	0	508	35	50	0	36	55	0	27	40	0	0	83	148	0	0	74	72	0	8	35	0	0	26	7	0	0	31	40	0	0	168	183	0	0	494	34	49	0	35	50	0	26	35	0	0	82	134	0	0	36	55	0	4	35	0	0	8	7	0	0	27	40	0	0	83	148	0	0	74	72	0	27	7	0	0	30	7	0	0	8	35	0	0	26	7	0	0	31	40	0	0	168	183	0	0	480	26	45	0	34	49	0	26	35	0	0	81	133	0	0	35	50	0	4	35	0	0	8	7	0	0	26	35	0	0	82	134	0	0	36	55	0	9	7	0	0	10	7	0	0	4	35	0	0	8	7	0	0	27	40	0	0	83	148	0	0	74	72	0	8	12	0	0	39	24	0	0	27	7	0	0	30	7	0	0	8	35	0	0	26	7	0	0	31	40	0	0	168	183	0	0
751	733	49	33	139	715	31	17	115	49	33	139	23	0	30	100	124	33	139	49	697	30	17	83	31	17	115	22	0	30	33	81	17	115	27	49	33	139	20	0	0	137	30	16	0	135	23	0	30	100	124	33	139	49	679	26	16	58	30	17	83	20	0	26	27	78	17	83	27	31	17	115	8	0	0	69	9	0	0	61	22	0	30	33	81	17	115	27	49	33	139	37	16	0	80	34	32	0	116	20	0	0	137	30	16	0	135	23	0	30	100	124	33	139	49	661	13	0	57	26	16	58	16	0	0	27	70	16	58	27	30	17	83	8	0	0	66	9	0	0	60	20	0	26	27	78	17	83	27	31	17	115	10	0	0	76	13	0	0	72	8	0	0	69	9	0	0	61	22	0	30	33	81	17	115	27	49	33	139	6	0	34	14	10	0	139	0	37	16	0	80	34	32	0	116	20	0	0	137	30	16	0	135	23	0	30	100	124	33	139	49
500	488	62	32	34	476	38	0	27	62	32	34	42	0	30	0	141	88	136	19	464	33	0	25	38	0	27	26	0	30	0	93	0	108	18	62	32	34	30	0	0	26	23	40	0	0	42	0	30	0	141	88	136	19	452	26	0	10	33	0	25	20	0	26	0	79	0	100	18	38	0	27	9	0	0	0	9	0	0	0	26	0	30	0	93	0	108	18	62	32	34	40	0	0	20	33	40	0	95	30	0	0	26	23	40	0	0	42	0	30	0	141	88	136	19	440	15	0	10	26	0	10	16	0	0	0	67	0	40	18	33	0	25	9	0	0	0	9	0	0	0	20	0	26	0	79	0	100	18	38	0	27	12	0	0	20	15	0	0	58	9	0	0	0	9	0	0	0	26	0	30	0	93	0	108	18	62	32	34	7	0	3	0	15	0	0	0	40	0	0	20	33	40	0	95	30	0	0	26	23	40	0	0	42	0	30	0	141	88	136	19
821	801	86	123	76	781	44	64	69	86	123	76	51	64	87	27	193	328	380	19	761	37	54	55	44	64	69	28	64	87	0	103	144	345	18	86	123	76	24	110	11	47	38	66	0	54	51	64	87	27	193	328	380	19	741	28	22	23	37	54	55	20	44	83	0	85	119	275	18	44	64	69	4	0	11	0	12	0	0	0	28	64	87	0	103	144	345	18	86	123	76	32	110	32	88	44	66	152	118	24	110	11	47	38	66	0	54	51	64	87	27	193	328	380	19	721	15	0	0	28	22	23	18	0	36	0	70	44	115	18	37	54	55	4	0	11	0	12	0	0	0	20	44	83	0	85	119	275	18	44	64	69	11	0	32	0	18	0	138	58	4	0	11	0	12	0	0	0	28	64	87	0	103	144	345	18	86	123	76	13	0	44	0	23	16	152	124	32	110	32	88	44	66	152	118	24	110	11	47	38	66	0	54	51	64	87	27	193	328	380	19
854	833	88	124	77	812	56	90	43	88	124	77	49	120	30	68	200	265	154	129	791	50	90	13	56	90	43	36	120	30	0	134	210	86	33	88	124	77	39	0	0	26	42	98	0	171	49	120	30	68	200	265	154	129	770	40	82	0	50	90	13	31	120	26	0	119	210	26	27	56	90	43	13	0	0	0	13	60	0	61	36	120	30	0	134	210	86	33	88	124	77	36	104	0	0	36	112	0	95	39	0	0	26	42	98	0	171	49	120	30	68	200	265	154	129	749	25	26	0	40	82	0	21	104	0	0	97	190	0	27	50	90	13	13	0	0	0	13	60	0	60	31	120	26	0	119	210	26	27	56	90	43	12	0	0	0	17	60	0	58	13	0	0	0	13	60	0	61	36	120	30	0	134	210	86	33	88	124	77	11	52	56	0	18	30	308	0	36	104	0	0	36	112	0	95	39	0	0	26	42	98	0	171	49	120	30	68	200	265	154	129
714	696	83	116	29	678	41	89	15	83	116	29	44	42	30	0	187	345	87	49	660	36	86	13	41	89	15	30	42	30	0	91	287	45	27	83	116	29	35	33	0	26	53	50	0	0	44	42	30	0	187	345	87	49	642	26	68	0	36	86	13	25	33	26	0	81	272	39	27	41	89	15	9	33	0	0	13	25	0	0	30	42	30	0	91	287	45	27	83	116	29	36	171	0	0	45	76	0	95	35	33	0	26	53	50	0	0	44	42	30	0	187	345	87	49	624	13	44	0	26	68	0	15	33	0	0	59	221	0	27	36	86	13	9	33	0	0	13	25	0	0	25	33	26	0	81	272	39	27	41	89	15	3	99	0	0	15	44	0	58	9	33	0	0	13	25	0	0	30	42	30	0	91	287	45	27	83	116	29	9	0	10	0	17	52	87	0	36	171	0	0	45	76	0	95	35	33	0	26	53	50	0	0	44	42	30	0	187	345	87	49
938	915	61	79	202	892	34	19	167	61	79	202	40	57	105	110	133	123	606	139	869	25	0	167	34	19	167	21	0	104	110	83	57	501	111	61	79	202	20	0	46	0	8	0	202	0	40	57	105	110	133	123	606	139	846	14	0	165	25	0	167	10	0	104	100	60	0	501	93	34	19	167	4	0	22	0	8	0	167	0	21	0	104	110	83	57	501	111	61	79	202	14	0	46	26	18	0	0	0	20	0	46	0	8	0	202	0	40	57	105	110	133	123	606	139	823	13	0	132	14	0	165	10	0	104	23	40	0	495	33	25	0	167	4	0	22	0	8	0	167	0	10	0	104	100	60	0	501	93	34	19	167	11	0	0	0	14	0	0	0	4	0	22	0	8	0	167	0	21	0	104	110	83	57	501	111	61	79	202	9	0	0	186	20	22	0	95	14	0	46	26	18	0	0	0	20	0	46	0	8	0	202	0	40	57	105	110	133	123	606	139
726	708	61	97	65	690	28	35	44	61	97	65	30	130	44	22	131	212	325	110	672	20	10	44	28	35	44	18	20	43	22	64	65	220	96	61	97	65	12	50	46	0	10	0	130	0	30	130	44	22	131	212	325	110	654	13	0	44	20	10	44	9	0	43	22	43	10	220	80	28	35	44	1	0	22	0	7	0	88	0	18	20	43	22	64	65	220	96	61	97	65	5	0	22	0	17	0	65	0	12	50	46	0	10	0	130	0	30	130	44	22	131	212	325	110	636	12	0	34	13	0	44	9	0	43	13	31	0	220	33	20	10	44	1	0	22	0	7	0	88	0	9	0	43	22	43	10	220	80	28	35	44	2	0	0	0	10	0	44	0	1	0	22	0	7	0	88	0	18	20	43	22	64	65	220	96	61	97	65	9	0	0	67	23	15	0	0	5	0	22	0	17	0	65	0	12	50	46	0	10	0	130	0	30	130	44	22	131	212	325	110
599	584	68	59	76	569	43	46	15	68	59	76	58	32	0	75	150	121	76	355	554	35	34	15	43	46	15	35	20	0	75	104	105	15	269	68	59	76	27	20	22	0	21	14	76	0	58	32	0	75	150	121	76	355	539	18	14	13	35	34	15	26	0	0	65	83	72	15	189	43	46	15	7	0	0	0	15	14	15	0	35	20	0	75	104	105	15	269	68	59	76	18	0	114	26	22	36	152	0	27	20	22	0	21	14	76	0	58	32	0	75	150	121	76	355	524	13	12	0	18	14	13	12	0	0	0	45	42	13	91	35	34	15	7	0	0	0	15	14	15	0	26	0	0	65	83	72	15	189	43	46	15	11	0	0	0	18	33	30	0	7	0	0	0	15	14	15	0	35	20	0	75	104	105	15	269	68	59	76	9	24	26	0	22	35	0	95	18	0	114	26	22	36	152	0	27	20	22	0	21	14	76	0	58	32	0	75	150	121	76	355
591	576	67	75	40	561	41	55	0	67	75	40	58	36	0	0	155	131	80	216	546	33	42	0	41	55	0	35	16	0	0	100	106	0	154	67	75	40	24	45	22	0	26	13	40	0	58	36	0	0	155	131	80	216	531	17	24	0	33	42	0	26	0	0	0	81	76	0	106	41	55	0	6	13	0	0	15	13	0	0	35	16	0	0	100	106	0	154	67	75	40	16	22	98	0	26	33	80	0	24	45	22	0	26	13	40	0	58	36	0	0	155	131	80	216	516	12	23	0	17	24	0	12	0	0	0	44	44	0	33	33	42	0	6	13	0	0	15	13	0	0	26	0	0	0	81	76	0	106	41	55	0	9	20	0	0	18	30	0	0	6	13	0	0	15	13	0	0	35	16	0	0	100	106	0	154	67	75	40	10	10	26	0	22	32	0	0	16	22	98	0	26	33	80	0	24	45	22	0	26	13	40	0	58	36	0	0	155	131	80	216
650	633	72	112	11	616	34	75	0	72	112	11	53	107	0	0	152	232	55	76	599	24	65	0	34	75	0	24	77	0	0	79	155	0	69	72	112	11	26	25	22	0	11	36	11	0	53	107	0	0	152	232	55	76	582	13	60	0	24	65	0	12	72	0	0	53	130	0	55	34	75	0	4	0	0	0	8	36	0	0	24	77	0	0	79	155	0	69	72	112	11	9	0	22	0	13	45	11	0	26	25	22	0	11	36	11	0	53	107	0	0	152	232	55	76	565	10	57	0	13	60	0	6	72	0	0	31	120	0	23	24	65	0	4	0	0	0	8	36	0	0	12	72	0	0	53	130	0	55	34	75	0	2	0	0	0	9	42	0	0	4	0	0	0	8	36	0	0	24	77	0	0	79	155	0	69	72	112	11	8	33	0	0	21	32	0	0	9	0	22	0	13	45	11	0	26	25	22	0	11	36	11	0	53	107	0	0	152	232	55	76
439	428	39	10	67	417	19	0	14	39	10	67	16	0	62	14	91	30	67	394	406	13	0	14	19	0	14	9	0	0	14	40	0	14	226	39	10	67	1	0	51	0	7	0	0	0	16	0	62	14	91	30	67	394	395	13	0	14	13	0	14	9	0	0	14	31	0	14	226	19	0	14	1	0	0	0	7	0	0	0	9	0	0	14	40	0	14	226	39	10	67	5	0	0	0	14	0	0	0	1	0	51	0	7	0	0	0	16	0	62	14	91	30	67	394	384	12	0	14	13	0	14	9	0	0	14	31	0	14	222	13	0	14	1	0	0	0	7	0	0	0	9	0	0	14	31	0	14	226	19	0	14	2	0	0	0	10	0	0	0	1	0	0	0	7	0	0	0	9	0	0	14	40	0	14	226	39	10	67	9	0	0	0	20	10	0	0	5	0	0	0	14	0	0	0	1	0	51	0	7	0	0	0	16	0	62	14	91	30	67	394
639	623	33	15	144	607	14	0	93	33	15	144	13	0	66	115	74	30	144	318	591	10	0	92	14	0	93	8	0	12	113	26	0	93	211	33	15	144	1	0	31	11	5	0	0	0	13	0	66	115	74	30	144	318	575	10	0	92	10	0	92	8	0	11	113	20	0	92	211	14	0	93	1	0	0	11	5	0	0	0	8	0	12	113	26	0	93	211	33	15	144	2	0	0	0	10	0	0	0	1	0	31	11	5	0	0	0	13	0	66	115	74	30	144	318	559	10	0	92	10	0	92	8	0	11	113	20	0	92	209	10	0	92	1	0	0	11	5	0	0	0	8	0	11	113	20	0	92	211	14	0	93	2	0	0	0	7	0	0	0	1	0	0	11	5	0	0	0	8	0	12	113	26	0	93	211	33	15	144	4	0	0	0	16	0	0	0	2	0	0	0	10	0	0	0	1	0	31	11	5	0	0	0	13	0	66	115	74	30	144	318
436	425	41	28	27	414	20	0	10	41	28	27	19	0	25	20	100	70	108	76	403	18	0	10	20	0	10	16	0	0	20	52	0	40	44	41	28	27	5	0	15	0	9	0	0	0	19	0	25	20	100	70	108	76	392	18	0	10	18	0	10	16	0	0	20	49	0	40	44	20	0	10	5	0	0	0	9	0	0	0	16	0	0	20	52	0	40	44	41	28	27	12	0	0	0	16	0	0	0	5	0	15	0	9	0	0	0	19	0	25	20	100	70	108	76	381	16	0	10	18	0	10	16	0	0	20	49	0	40	44	18	0	10	5	0	0	0	9	0	0	0	16	0	0	20	49	0	40	44	20	0	10	5	0	0	0	5	0	0	0	5	0	0	0	9	0	0	0	16	0	0	20	52	0	40	44	41	28	27	16	0	0	0	18	14	0	0	12	0	0	0	16	0	0	0	5	0	15	0	9	0	0	0	19	0	25	20	100	70	108	76
319	311	27	7	34	303	11	0	0	27	7	34	11	0	44	0	64	7	34	278	295	9	0	0	11	0	0	8	0	0	0	22	0	0	211	27	7	34	0	0	15	0	4	0	0	0	11	0	44	0	64	7	34	278	287	9	0	0	9	0	0	8	0	0	0	19	0	0	211	11	0	0	0	0	0	0	4	0	0	0	8	0	0	0	22	0	0	211	27	7	34	0	0	0	0	4	0	0	0	0	0	15	0	4	0	0	0	11	0	44	0	64	7	34	278	279	9	0	0	9	0	0	8	0	0	0	19	0	0	209	9	0	0	0	0	0	0	4	0	0	0	8	0	0	0	19	0	0	211	11	0	0	0	0	0	0	4	0	0	0	0	0	0	0	4	0	0	0	8	0	0	0	22	0	0	211	27	7	34	3	0	0	0	11	0	0	0	0	0	0	0	4	0	0	0	0	0	15	0	4	0	0	0	11	0	44	0	64	7	34	278
535	521	50	65	15	507	19	33	0	50	65	15	20	22	25	0	118	159	75	76	493	16	33	0	19	33	0	14	22	0	0	53	66	0	44	50	65	15	5	0	15	0	9	11	0	0	20	22	25	0	118	159	75	76	479	16	33	0	16	33	0	14	22	0	0	48	66	0	44	19	33	0	5	0	0	0	8	11	0	0	14	22	0	0	53	66	0	44	50	65	15	17	0	0	0	21	0	0	0	5	0	15	0	9	11	0	0	20	22	25	0	118	159	75	76	465	13	33	0	16	33	0	14	22	0	0	48	66	0	44	16	33	0	5	0	0	0	8	11	0	0	14	22	0	0	48	66	0	44	19	33	0	5	0	0	0	5	0	0	0	5	0	0	0	8	11	0	0	14	22	0	0	53	66	0	44	50	65	15	16	0	0	0	21	18	0	0	17	0	0	0	21	0	0	0	5	0	15	0	9	11	0	0	20	22	25	0	118	159	75	76
544	530	41	24	99	516	20	0	65	41	24	99	18	0	69	64	101	36	198	186	502	20	0	46	20	0	65	18	0	64	12	58	0	130	103	41	24	99	14	0	0	103	17	0	0	65	18	0	69	64	101	36	198	186	488	17	0	32	20	0	46	18	0	44	11	58	0	92	102	20	0	65	8	0	0	44	10	0	0	44	18	0	64	12	58	0	130	103	41	24	99	21	0	0	32	17	36	0	76	14	0	0	103	17	0	0	65	18	0	69	64	101	36	198	186	474	12	0	32	17	0	32	12	0	20	11	48	0	64	102	20	0	46	8	0	0	44	10	0	0	44	18	0	44	11	58	0	92	102	20	0	65	5	0	0	32	4	0	0	69	8	0	0	44	10	0	0	44	18	0	64	12	58	0	130	103	41	24	99	15	0	0	0	14	24	0	0	21	0	0	32	17	36	0	76	14	0	0	103	17	0	0	65	18	0	69	64	101	36	198	186
690	672	65	72	107	654	31	32	68	65	72	107	26	16	99	158	149	209	321	109	636	30	32	11	31	32	68	23	16	83	0	81	128	204	24	65	72	107	18	0	0	55	33	17	0	394	26	16	99	158	149	209	321	109	618	26	29	0	30	32	11	23	16	22	0	79	128	33	24	31	32	68	9	0	0	0	16	16	0	226	23	16	83	0	81	128	204	24	65	72	107	30	39	0	0	30	52	0	76	18	0	0	55	33	17	0	394	26	16	99	158	149	209	321	109	600	19	13	0	26	29	0	17	13	0	0	64	113	0	24	30	32	11	9	0	0	0	16	16	0	226	23	16	22	0	79	128	33	24	31	32	68	5	0	0	0	5	0	0	69	9	0	0	0	16	16	0	226	23	16	83	0	81	128	204	24	65	72	107	18	39	10	0	20	58	107	0	30	39	0	0	30	52	0	76	18	0	0	55	33	17	0	394	26	16	99	158	149	209	321	109
344	335	31	15	20	326	13	8	0	31	15	20	10	0	0	0	80	31	20	76	317	13	8	0	13	8	0	10	0	0	0	41	24	0	10	31	15	20	5	0	0	0	10	0	0	0	10	0	0	0	80	31	20	76	308	13	8	0	13	8	0	10	0	0	0	41	24	0	10	13	8	0	5	0	0	0	6	0	0	0	10	0	0	0	41	24	0	10	31	15	20	17	0	0	0	17	0	0	0	5	0	0	0	10	0	0	0	10	0	0	0	80	31	20	76	299	10	8	0	13	8	0	10	0	0	0	41	24	0	10	13	8	0	5	0	0	0	6	0	0	0	10	0	0	0	41	24	0	10	13	8	0	5	0	0	0	1	0	0	0	5	0	0	0	6	0	0	0	10	0	0	0	41	24	0	10	31	15	20	13	0	0	0	14	0	0	0	17	0	0	0	17	0	0	0	5	0	0	0	10	0	0	0	10	0	0	0	80	31	20	76
616	599	64	113	13	582	22	82	0	64	113	13	29	83	0	0	142	319	52	42	565	18	77	0	22	82	0	13	77	0	0	57	245	0	10	64	113	13	17	58	0	0	32	48	0	0	29	83	0	0	142	319	52	42	548	13	68	0	18	77	0	11	72	0	0	49	234	0	10	22	82	0	3	52	0	0	8	44	0	0	13	77	0	0	57	245	0	10	64	113	13	22	78	0	0	22	35	0	0	17	58	0	0	32	48	0	0	29	83	0	0	142	319	52	42	531	7	52	0	13	68	0	5	62	0	0	33	204	0	10	18	77	0	3	50	0	0	8	43	0	0	11	72	0	0	49	234	0	10	22	82	0	0	50	0	0	3	10	0	0	3	52	0	0	8	44	0	0	13	77	0	0	57	245	0	10	64	113	13	6	68	0	0	14	32	13	0	22	78	0	0	22	35	0	0	17	58	0	0	32	48	0	0	29	83	0	0	142	319	52	42
420	409	54	35	6	398	26	10	0	54	35	6	23	0	0	0	126	115	30	15	387	25	10	0	26	10	0	19	0	0	0	69	50	0	0	54	35	6	21	0	0	0	34	5	0	0	23	0	0	0	126	115	30	15	376	20	5	0	25	10	0	18	0	0	0	68	50	0	0	26	10	0	8	0	0	0	12	0	0	0	19	0	0	0	69	50	0	0	54	35	6	26	25	0	0	19	25	0	0	21	0	0	0	34	5	0	0	23	0	0	0	126	115	30	15	365	14	0	0	20	5	0	12	0	0	0	52	25	0	0	25	10	0	8	0	0	0	12	0	0	0	18	0	0	0	68	50	0	0	26	10	0	5	0	0	0	4	0	0	0	8	0	0	0	12	0	0	0	19	0	0	0	69	50	0	0	54	35	6	16	0	0	0	14	30	6	0	26	25	0	0	19	25	0	0	21	0	0	0	34	5	0	0	23	0	0	0	126	115	30	15
721	702	52	18	171	683	36	0	121	52	18	171	34	0	30	94	130	36	171	245	664	31	0	113	36	0	121	24	0	30	81	102	0	121	133	52	18	171	22	0	11	76	29	54	0	0	34	0	30	94	130	36	171	245	645	19	0	74	31	0	113	20	0	30	33	88	0	113	57	36	0	121	9	0	11	0	14	0	0	0	24	0	30	81	102	0	121	133	52	18	171	9	0	68	121	4	0	0	181	22	0	11	76	29	54	0	0	34	0	30	94	130	36	171	245	626	13	0	22	19	0	74	11	0	26	10	43	0	74	32	31	0	113	9	0	11	0	14	0	0	0	20	0	30	33	88	0	113	57	36	0	121	5	0	43	0	4	0	0	59	9	0	11	0	14	0	0	0	24	0	30	81	102	0	121	133	52	18	171	11	0	37	46	17	0	0	321	9	0	68	121	4	0	0	181	22	0	11	76	29	54	0	0	34	0	30	94	130	36	171	245
567	552	45	36	90	537	28	0	76	45	36	90	30	0	30	43	103	60	270	19	522	24	0	76	28	0	76	20	0	30	43	73	0	228	0	45	36	90	21	0	0	0	25	36	0	0	30	0	30	43	103	60	270	19	507	17	0	69	24	0	76	19	0	30	33	64	0	228	0	28	0	76	8	0	0	0	10	0	0	0	20	0	30	43	73	0	228	0	45	36	90	9	0	11	81	4	0	0	0	21	0	0	0	25	36	0	0	30	0	30	43	103	60	270	19	492	13	0	40	17	0	69	11	0	26	10	38	0	207	0	24	0	76	8	0	0	0	10	0	0	0	19	0	30	33	64	0	228	0	28	0	76	5	0	0	0	4	0	0	0	8	0	0	0	10	0	0	0	20	0	30	43	73	0	228	0	45	36	90	11	0	12	55	13	0	0	153	9	0	11	81	4	0	0	0	21	0	0	0	25	36	0	0	30	0	30	43	103	60	270	19
667	649	58	92	63	631	32	43	58	58	92	63	29	59	57	0	130	142	252	6	613	22	28	58	32	43	58	20	11	57	0	86	60	232	0	58	92	63	12	44	52	0	25	33	63	0	29	59	57	0	130	142	252	6	595	13	17	53	22	28	58	12	0	57	0	58	45	232	0	32	43	58	3	0	52	0	8	0	58	0	20	11	57	0	86	60	232	0	58	92	63	4	0	45	50	6	0	63	0	12	44	52	0	25	33	63	0	29	59	57	0	130	142	252	6	577	11	17	23	13	17	53	6	0	53	0	27	34	212	0	22	28	58	3	0	52	0	8	0	58	0	12	0	57	0	58	45	232	0	32	43	58	0	0	40	0	3	0	58	0	3	0	52	0	8	0	58	0	20	11	57	0	86	60	232	0	58	92	63	9	0	0	46	13	0	0	106	4	0	45	50	6	0	63	0	12	44	52	0	25	33	63	0	29	59	57	0	130	142	252	6
774	753	80	127	96	732	50	93	57	80	127	96	56	126	30	31	200	261	192	225	711	41	84	49	50	93	57	37	120	30	23	141	210	114	133	80	127	96	21	123	11	51	50	108	0	0	56	126	30	31	200	261	192	225	690	29	41	21	41	84	49	27	108	30	0	118	190	98	57	50	93	57	11	45	11	0	21	60	0	0	37	120	30	23	141	210	114	133	80	127	96	26	52	68	50	21	54	288	127	21	123	11	51	50	108	0	0	56	126	30	31	200	261	192	225	669	20	13	0	29	41	21	24	26	26	0	76	52	42	32	41	84	49	11	39	11	0	20	58	0	0	27	108	30	0	118	190	98	57	50	93	57	16	0	43	0	10	45	171	15	11	45	11	0	21	60	0	0	37	120	30	23	141	210	114	133	80	127	96	22	26	70	0	18	30	192	106	26	52	68	50	21	54	288	127	21	123	11	51	50	108	0	0	56	126	30	31	200	261	192	225
443	431	54	42	24	419	31	21	0	54	42	24	34	0	0	0	125	118	72	126	407	26	18	0	31	21	0	21	0	0	0	78	83	0	68	54	42	24	18	21	0	0	32	32	0	0	34	0	0	0	125	118	72	126	395	19	11	0	26	18	0	20	0	0	0	68	68	0	11	31	21	0	8	0	0	0	11	11	0	0	21	0	0	0	78	83	0	68	54	42	24	19	0	24	0	8	0	24	0	18	21	0	0	32	32	0	0	34	0	0	0	125	118	72	126	383	12	10	0	19	11	0	11	0	0	0	42	33	0	0	26	18	0	8	0	0	0	11	11	0	0	20	0	0	0	68	68	0	11	31	21	0	5	0	0	0	4	0	0	0	8	0	0	0	11	11	0	0	21	0	0	0	78	83	0	68	54	42	24	10	10	25	0	13	20	0	0	19	0	24	0	8	0	24	0	18	21	0	0	32	32	0	0	34	0	0	0	125	118	72	126
472	459	34	32	66	446	19	12	30	34	32	66	13	0	18	75	66	64	132	177	433	14	12	30	19	12	30	6	0	6	75	44	24	60	134	34	32	66	0	0	18	0	3	0	0	0	13	0	18	75	66	64	132	177	420	14	12	30	14	12	30	6	0	6	75	30	24	60	134	19	12	30	0	0	0	0	3	0	0	0	6	0	6	75	44	24	60	134	34	32	66	0	0	0	0	0	0	0	0	0	0	18	0	3	0	0	0	13	0	18	75	66	64	132	177	407	14	12	28	14	12	30	6	0	6	67	30	24	60	122	14	12	30	0	0	0	0	3	0	0	0	6	0	6	75	30	24	60	134	19	12	30	0	0	0	0	0	0	0	0	0	0	0	0	3	0	0	0	6	0	6	75	44	24	60	134	34	32	66	7	0	0	26	10	0	0	0	0	0	0	0	0	0	0	0	0	0	18	0	3	0	0	0	13	0	18	75	66	64	132	177
324	315	32	20	18	306	17	8	6	32	20	18	13	0	18	6	58	40	36	63	297	13	8	6	17	8	6	6	0	6	6	36	16	12	58	32	20	18	0	0	11	0	2	0	0	0	13	0	18	6	58	40	36	63	288	13	8	6	13	8	6	6	0	6	6	27	16	12	58	17	8	6	0	0	0	0	2	0	0	0	6	0	6	6	36	16	12	58	32	20	18	0	0	0	0	0	0	0	0	0	0	11	0	2	0	0	0	13	0	18	6	58	40	36	63	279	13	8	6	13	8	6	6	0	6	6	27	16	12	53	13	8	6	0	0	0	0	2	0	0	0	6	0	6	6	27	16	12	58	17	8	6	0	0	0	0	0	0	0	0	0	0	0	0	2	0	0	0	6	0	6	6	36	16	12	58	32	20	18	6	0	0	0	8	0	0	0	0	0	0	0	0	0	0	0	0	0	11	0	2	0	0	0	13	0	18	6	58	40	36	63
213	207	16	11	7	201	7	5	6	16	11	7	2	0	7	6	27	16	14	0	195	7	5	6	7	5	6	2	0	6	6	14	10	12	0	16	11	7	0	0	0	0	1	0	0	0	2	0	7	6	27	16	14	0	189	7	5	6	7	5	6	2	0	6	6	14	10	12	0	7	5	6	0	0	0	0	1	0	0	0	2	0	6	6	14	10	12	0	16	11	7	0	0	0	0	0	0	0	0	0	0	0	0	1	0	0	0	2	0	7	6	27	16	14	0	183	7	5	6	7	5	6	2	0	6	6	14	10	12	0	7	5	6	0	0	0	0	1	0	0	0	2	0	6	6	14	10	12	0	7	5	6	0	0	0	0	0	0	0	0	0	0	0	0	1	0	0	0	2	0	6	6	14	10	12	0	16	11	7	0	0	0	0	0	0	0	0	0	0	0	0	0	0	0	0	0	0	0	0	1	0	0	0	2	0	7	6	27	16	14	0
632	614	57	111	80	596	31	83	15	57	111	80	34	110	11	60	120	244	160	444	578	25	56	15	31	83	15	30	56	0	60	72	184	30	312	57	111	80	9	0	57	0	27	14	240	0	34	110	11	60	120	244	160	444	560	23	56	15	25	56	15	24	56	0	60	55	112	30	296	31	83	15	9	0	0	0	13	14	45	0	30	56	0	60	72	184	30	312	57	111	80	16	0	26	0	14	0	0	0	9	0	57	0	27	14	240	0	34	110	11	60	120	244	160	444	542	17	50	13	23	56	15	22	56	0	52	51	112	30	217	25	56	15	6	0	0	0	12	14	45	0	24	56	0	60	55	112	30	296	31	83	15	0	0	0	0	4	0	0	0	9	0	0	0	13	14	45	0	30	56	0	60	72	184	30	312	57	111	80	9	66	13	26	7	55	0	0	16	0	26	0	14	0	0	0	9	0	57	0	27	14	240	0	34	110	11	60	120	244	160	444
325	316	31	15	43	307	21	8	0	31	15	43	19	0	11	0	67	23	43	273	298	13	8	0	21	8	0	12	0	0	0	51	16	0	191	31	15	43	3	0	57	0	7	0	0	0	19	0	11	0	67	23	43	273	289	11	8	0	13	8	0	6	0	0	0	27	16	0	183	21	8	0	3	0	0	0	7	0	0	0	12	0	0	0	51	16	0	191	31	15	43	0	0	26	0	3	0	0	0	3	0	57	0	7	0	0	0	19	0	11	0	67	23	43	273	280	10	8	0	11	8	0	4	0	0	0	23	16	0	143	13	8	0	0	0	0	0	6	0	0	0	6	0	0	0	27	16	0	183	21	8	0	0	0	0	0	3	0	0	0	3	0	0	0	7	0	0	0	12	0	0	0	51	16	0	191	31	15	43	7	0	13	0	9	0	0	0	0	0	26	0	3	0	0	0	3	0	57	0	7	0	0	0	19	0	11	0	67	23	43	273
425	413	28	21	68	401	16	11	26	28	21	68	8	0	50	65	51	32	68	214	389	16	11	13	16	11	26	8	0	19	18	31	22	26	57	28	21	68	0	0	0	13	4	0	0	63	8	0	50	65	51	32	68	214	377	16	11	13	16	11	13	8	0	7	18	31	22	13	57	16	11	26	0	0	0	13	2	0	0	58	8	0	19	18	31	22	26	57	28	21	68	0	0	0	0	3	0	0	0	0	0	0	13	4	0	0	63	8	0	50	65	51	32	68	214	365	16	11	13	16	11	13	8	0	7	18	31	22	13	57	16	11	13	0	0	0	13	2	0	0	58	8	0	7	18	31	22	13	57	16	11	26	0	0	0	0	0	0	0	0	0	0	0	13	2	0	0	58	8	0	19	18	31	22	26	57	28	21	68	6	0	0	0	8	0	0	0	0	0	0	0	3	0	0	0	0	0	0	13	4	0	0	63	8	0	50	65	51	32	68	214
339	329	33	29	11	319	14	21	8	33	29	11	7	14	8	0	75	36	11	7	309	14	21	7	14	21	8	7	14	8	0	37	28	8	6	33	29	11	0	0	0	7	7	0	0	0	7	14	8	0	75	36	11	7	299	14	21	7	14	21	7	7	14	7	0	37	28	7	6	14	21	8	0	0	0	7	3	0	0	0	7	14	8	0	37	28	8	6	33	29	11	0	0	0	0	3	0	0	0	0	0	0	7	7	0	0	0	7	14	8	0	75	36	11	7	289	14	21	7	14	21	7	7	14	7	0	37	28	7	6	14	21	7	0	0	0	7	3	0	0	0	7	14	7	0	37	28	7	6	14	21	8	0	0	0	0	0	0	0	0	0	0	0	7	3	0	0	0	7	14	8	0	37	28	8	6	33	29	11	0	0	0	0	19	0	0	0	0	0	0	0	3	0	0	0	0	0	0	7	7	0	0	0	7	14	8	0	75	36	11	7
482	468	57	59	33	454	31	33	8	57	59	33	33	22	35	0	130	105	99	164	440	31	33	7	31	33	8	33	22	8	0	79	55	24	51	57	59	33	6	0	0	7	18	0	0	0	33	22	35	0	130	105	99	164	426	31	33	7	31	33	7	33	22	7	0	79	55	21	51	31	33	8	6	0	0	7	9	0	0	0	33	22	8	0	79	55	24	51	57	59	33	6	0	0	0	10	0	0	0	6	0	0	7	18	0	0	0	33	22	35	0	130	105	99	164	412	28	33	7	31	33	7	33	22	7	0	79	55	21	51	31	33	7	6	0	0	7	9	0	0	0	33	22	7	0	79	55	21	51	31	33	8	0	0	0	0	1	0	0	0	6	0	0	7	9	0	0	0	33	22	8	0	79	55	24	51	57	59	33	14	0	0	0	17	24	0	0	6	0	0	0	10	0	0	0	6	0	0	7	18	0	0	0	33	22	35	0	130	105	99	164
459	445	68	69	8	431	32	48	8	68	69	8	39	40	8	0	169	182	32	0	417	31	48	7	32	48	8	35	40	8	0	90	128	32	0	68	69	8	7	0	0	7	26	4	0	0	39	40	8	0	169	182	32	0	403	31	48	7	31	48	7	35	40	7	0	90	128	28	0	32	48	8	7	0	0	7	12	0	0	0	35	40	8	0	90	128	32	0	68	69	8	6	0	0	0	17	0	0	0	7	0	0	7	26	4	0	0	39	40	8	0	169	182	32	0	389	28	48	7	31	48	7	35	40	7	0	90	128	28	0	31	48	7	7	0	0	7	12	0	0	0	35	40	7	0	90	128	28	0	32	48	8	0	0	0	0	1	0	0	0	7	0	0	7	12	0	0	0	35	40	8	0	90	128	32	0	68	69	8	13	0	0	0	38	12	0	0	6	0	0	0	17	0	0	0	7	0	0	7	26	4	0	0	39	40	8	0	169	182	32	0
355	345	54	25	22	335	27	0	22	54	25	22	35	0	50	0	127	75	110	0	325	26	0	18	27	0	22	31	0	50	0	62	0	110	0	54	25	22	6	0	0	40	27	5	0	0	35	0	50	0	127	75	110	0	315	26	0	18	26	0	18	31	0	40	0	62	0	90	0	27	0	22	6	0	0	40	6	0	0	0	31	0	50	0	62	0	110	0	54	25	22	16	0	0	0	18	0	0	0	6	0	0	40	27	5	0	0	35	0	50	0	127	75	110	0	305	21	0	18	26	0	18	31	0	40	0	62	0	90	0	26	0	18	6	0	0	40	6	0	0	0	31	0	40	0	62	0	90	0	27	0	22	0	0	0	0	1	0	0	0	6	0	0	40	6	0	0	0	31	0	50	0	62	0	110	0	54	25	22	8	0	0	0	8	25	0	0	16	0	0	0	18	0	0	0	6	0	0	40	27	5	0	0	35	0	50	0	127	75	110	0
524	509	62	14	103	494	45	0	61	62	14	103	58	0	30	87	152	14	103	142	479	41	0	46	45	0	61	50	0	30	65	112	0	61	72	62	14	103	14	0	15	70	34	28	0	80	58	0	30	87	152	14	103	142	464	38	0	18	41	0	46	44	0	26	46	105	0	46	52	45	0	61	11	0	15	0	14	0	0	15	50	0	30	65	112	0	61	72	62	14	103	27	0	0	40	26	42	0	159	14	0	15	70	34	28	0	80	58	0	30	87	152	14	103	142	449	31	0	18	38	0	18	44	0	0	46	98	0	18	52	41	0	46	11	0	13	0	13	0	0	15	44	0	26	46	105	0	46	52	45	0	61	11	0	0	40	9	0	0	115	11	0	15	0	14	0	0	15	50	0	30	65	112	0	61	72	62	14	103	21	0	22	0	3	0	0	0	27	0	0	40	26	42	0	159	14	0	15	70	34	28	0	80	58	0	30	87	152	14	103	142
484	470	63	49	52	456	39	9	42	63	49	52	62	36	30	14	150	99	208	30	442	32	0	40	39	9	42	45	0	30	14	105	0	168	30	63	49	52	19	0	28	26	30	45	52	0	62	36	30	14	150	99	208	30	428	28	0	22	32	0	40	37	0	26	11	91	0	160	25	39	9	42	11	0	28	0	13	0	42	0	45	0	30	14	105	0	168	30	63	49	52	27	0	0	55	25	36	0	96	19	0	28	26	30	45	52	0	62	36	30	14	150	99	208	30	414	23	0	21	28	0	22	37	0	0	11	83	0	88	25	32	0	40	11	0	26	0	12	0	40	0	37	0	26	11	91	0	160	25	39	9	42	11	0	0	53	9	0	0	57	11	0	28	0	13	0	42	0	45	0	30	14	105	0	168	30	63	49	52	21	0	0	10	3	0	0	0	27	0	0	55	25	36	0	96	19	0	28	26	30	45	52	0	62	36	30	14	150	99	208	30
652	633	80	94	92	614	45	34	84	80	94	92	84	0	66	32	184	260	460	22	595	34	34	70	45	34	84	48	0	66	14	114	68	420	22	80	94	92	23	0	25	47	37	101	0	80	84	0	66	32	184	260	460	22	576	29	24	35	34	34	70	39	0	62	11	91	68	350	18	45	34	84	13	0	25	0	15	17	0	15	48	0	66	14	114	68	420	22	80	94	92	21	120	10	121	26	48	0	120	23	0	25	47	37	101	0	80	84	0	66	32	184	260	460	22	557	21	0	11	29	24	35	37	0	25	11	81	48	175	18	34	34	70	11	0	23	0	14	17	0	15	39	0	62	11	91	68	350	18	45	34	84	11	0	10	33	9	0	0	57	13	0	25	0	15	17	0	15	48	0	66	14	114	68	420	22	80	94	92	21	0	52	0	3	0	184	126	21	120	10	121	26	48	0	120	23	0	25	47	37	101	0	80	84	0	66	32	184	260	460	22
619	600	82	132	28	581	45	96	9	82	132	28	53	224	0	18	197	297	56	63	562	37	90	0	45	96	9	33	200	0	0	122	228	18	38	82	132	28	12	60	0	0	38	72	0	80	53	224	0	18	197	297	56	63	543	33	84	0	37	90	0	25	200	0	0	106	210	0	32	45	96	9	5	60	0	0	15	50	0	15	33	200	0	0	122	228	18	38	82	132	28	21	48	0	0	25	34	0	0	12	60	0	0	38	72	0	80	53	224	0	18	197	297	56	63	524	29	52	0	33	84	0	25	176	0	0	98	194	0	32	37	90	0	5	60	0	0	14	50	0	15	25	200	0	0	106	210	0	32	45	96	9	11	0	0	0	8	10	0	0	5	60	0	0	15	50	0	15	33	200	0	0	122	228	18	38	82	132	28	19	64	22	0	28	0	84	0	21	48	0	0	25	34	0	0	12	60	0	0	38	72	0	80	53	224	0	18	197	297	56	63
433	420	70	53	17	407	40	30	0	70	53	17	55	20	0	0	177	168	51	63	394	36	30	0	40	30	0	46	20	0	0	110	120	0	38	70	53	17	14	0	0	0	36	21	0	0	55	20	0	0	177	168	51	63	381	33	30	0	36	30	0	40	20	0	0	101	120	0	32	40	30	0	11	0	0	0	16	0	0	0	46	20	0	0	110	120	0	38	70	53	17	27	0	0	0	28	21	0	0	14	0	0	0	36	21	0	0	55	20	0	0	177	168	51	63	368	28	30	0	33	30	0	40	20	0	0	94	120	0	32	36	30	0	11	0	0	0	15	0	0	0	40	20	0	0	101	120	0	32	40	30	0	11	0	0	0	9	0	0	0	11	0	0	0	16	0	0	0	46	20	0	0	110	120	0	38	70	53	17	26	0	0	0	19	0	0	0	27	0	0	0	28	21	0	0	14	0	0	0	36	21	0	0	55	20	0	0	177	168	51	63
573	556	53	55	111	539	28	13	78	53	55	111	46	39	84	71	119	71	333	161	522	21	0	78	28	13	78	23	0	71	71	80	26	234	126	53	55	111	15	0	11	0	10	0	111	0	46	39	84	71	119	71	333	161	505	13	0	76	21	0	78	13	0	71	65	61	0	234	110	28	13	78	5	0	10	0	9	0	78	0	23	0	71	71	80	26	234	126	53	55	111	11	0	46	26	11	0	0	0	15	0	11	0	10	0	111	0	46	39	84	71	119	71	333	161	488	13	0	53	13	0	76	13	0	69	19	45	0	228	57	21	0	78	5	0	10	0	8	0	78	0	13	0	71	65	61	0	234	110	28	13	78	11	0	20	0	8	0	0	0	5	0	10	0	9	0	78	0	23	0	71	71	80	26	234	126	53	55	111	13	0	0	98	3	0	0	96	11	0	46	26	11	0	0	0	15	0	11	0	10	0	111	0	46	39	84	71	119	71	333	161
427	414	56	41	48	401	33	22	12	56	41	48	65	11	33	0	127	69	96	189	388	26	22	12	33	22	12	40	11	24	0	91	66	24	135	56	41	48	19	0	0	0	16	0	0	0	65	11	33	0	127	69	96	189	375	17	22	12	26	22	12	32	11	24	0	72	66	24	110	33	22	12	11	0	0	0	13	0	0	0	40	11	24	0	91	66	24	135	56	41	48	11	0	48	0	11	0	0	0	19	0	0	0	16	0	0	0	65	11	33	0	127	69	96	189	362	13	22	11	17	22	12	20	11	24	0	52	66	24	57	26	22	12	11	0	0	0	12	0	0	0	32	11	24	0	72	66	24	110	33	22	12	11	0	0	0	9	0	0	0	11	0	0	0	13	0	0	0	40	11	24	0	91	66	24	135	56	41	48	13	0	32	11	3	0	0	0	11	0	48	0	11	0	0	0	19	0	0	0	16	0	0	0	65	11	33	0	127	69	96	189
532	516	61	81	44	500	28	29	22	61	81	44	39	106	44	10	135	176	220	144	484	22	8	22	28	29	22	23	16	34	10	75	53	110	126	61	81	44	10	40	11	0	17	0	88	0	39	106	44	10	135	176	220	144	468	15	0	22	22	8	22	15	0	34	10	59	8	110	110	28	29	22	5	0	10	0	11	0	44	0	23	16	34	10	75	53	110	126	61	81	44	11	0	46	0	15	0	44	0	10	40	11	0	17	0	88	0	39	106	44	10	135	176	220	144	452	15	0	17	15	0	22	15	0	34	6	44	0	110	57	22	8	22	5	0	10	0	10	0	44	0	15	0	34	10	59	8	110	110	28	29	22	11	0	20	0	9	0	22	0	5	0	10	0	11	0	44	0	23	16	34	10	75	53	110	126	61	81	44	16	0	0	35	3	0	0	0	11	0	46	0	15	0	44	0	10	40	11	0	17	0	88	0	39	106	44	10	135	176	220	144
697	675	107	178	68	653	52	151	15	107	178	68	99	236	27	45	246	592	68	292	631	40	123	15	52	151	15	49	204	15	45	133	538	15	196	107	178	68	44	101	0	0	38	107	136	0	99	236	27	45	246	592	68	292	609	26	82	13	40	123	15	37	135	15	39	99	439	15	156	52	151	15	10	65	0	0	18	93	30	0	49	204	15	45	133	538	15	196	107	178	68	16	139	48	26	23	123	204	0	44	101	0	0	38	107	136	0	99	236	27	45	246	592	68	292	587	19	69	0	26	82	13	19	111	13	0	65	323	13	75	40	123	15	8	56	0	0	17	78	30	0	37	135	15	39	99	439	15	156	52	151	15	2	119	0	0	8	109	45	0	10	65	0	0	18	93	30	0	49	204	15	45	133	538	15	196	107	178	68	24	154	32	0	22	51	0	96	16	139	48	26	23	123	204	0	44	101	0	0	38	107	136	0	99	236	27	45	246	592	68	292
452	438	55	70	12	424	24	34	0	55	70	12	37	62	0	0	123	146	60	92	410	19	24	0	24	34	0	22	12	0	0	67	61	0	84	55	70	12	13	0	0	0	15	0	24	0	37	62	0	0	123	146	60	92	396	13	24	0	19	24	0	14	12	0	0	53	36	0	70	24	34	0	5	0	0	0	10	0	0	0	22	12	0	0	67	61	0	84	55	70	12	11	0	24	0	15	0	0	0	13	0	0	0	15	0	24	0	37	62	0	0	123	146	60	92	382	13	24	0	13	24	0	14	12	0	0	41	36	0	35	19	24	0	5	0	0	0	9	0	0	0	14	12	0	0	53	36	0	70	24	34	0	11	0	0	0	9	0	0	0	5	0	0	0	10	0	0	0	22	12	0	0	67	61	0	84	55	70	12	16	0	0	0	3	0	0	0	11	0	24	0	15	0	0	0	13	0	0	0	15	0	24	0	37	62	0	0	123	146	60	92
396	384	28	0	107	372	14	0	53	28	0	107	19	0	59	108	76	0	0	283	360	10	0	40	14	0	53	11	0	0	66	41	0	0	127	28	0	107	5	0	38	58	8	0	0	52	19	0	59	108	76	0	0	283	348	10	0	40	10	0	40	11	0	0	66	33	0	0	127	14	0	53	5	0	0	58	6	0	0	42	11	0	0	66	41	0	0	127	28	0	107	11	0	0	0	8	0	0	0	5	0	38	58	8	0	0	52	19	0	59	108	76	0	0	283	336	9	0	38	10	0	40	11	0	0	62	33	0	0	123	10	0	40	2	0	0	52	3	0	0	40	11	0	0	66	33	0	0	127	14	0	53	9	0	0	0	8	0	0	0	5	0	0	58	6	0	0	42	11	0	0	66	41	0	0	127	28	0	107	12	0	10	26	3	0	0	0	11	0	0	0	8	0	0	0	5	0	38	58	8	0	0	52	19	0	59	108	76	0	0	283
297	288	17	0	62	279	5	0	23	17	0	62	4	0	39	47	38	0	0	215	270	4	0	23	5	0	23	2	0	0	47	10	0	0	112	17	0	62	0	0	8	0	1	0	0	0	4	0	39	47	38	0	0	215	261	4	0	23	4	0	23	2	0	0	47	9	0	0	112	5	0	23	0	0	0	0	0	0	0	0	2	0	0	47	10	0	0	112	17	0	62	0	0	0	0	0	0	0	0	0	0	8	0	1	0	0	0	4	0	39	47	38	0	0	215	252	4	0	23	4	0	23	2	0	0	47	9	0	0	110	4	0	23	0	0	0	0	0	0	0	0	2	0	0	47	9	0	0	112	5	0	23	0	0	0	0	0	0	0	0	0	0	0	0	0	0	0	0	2	0	0	47	10	0	0	112	17	0	62	0	0	0	0	0	0	0	0	0	0	0	0	0	0	0	0	0	0	8	0	1	0	0	0	4	0	39	47	38	0	0	215
426	413	31	30	59	400	10	0	30	31	30	59	9	0	52	33	68	60	177	167	387	7	0	29	10	0	30	5	0	11	31	19	0	90	100	31	30	59	0	0	34	10	8	0	0	0	9	0	52	33	68	60	177	167	374	7	0	29	7	0	29	5	0	10	31	14	0	87	100	10	0	30	0	0	22	10	3	0	0	0	5	0	11	31	19	0	90	100	31	30	59	0	0	0	0	7	0	0	0	0	0	34	10	8	0	0	0	9	0	52	33	68	60	177	167	361	7	0	29	7	0	29	5	0	10	31	14	0	87	98	7	0	29	0	0	20	10	2	0	0	0	5	0	10	31	14	0	87	100	10	0	30	0	0	0	0	1	0	0	0	0	0	22	10	3	0	0	0	5	0	11	31	19	0	90	100	31	30	59	3	0	0	0	0	0	0	0	0	0	0	0	7	0	0	0	0	0	34	10	8	0	0	0	9	0	52	33	68	60	177	167
326	316	36	24	13	306	14	0	0	36	24	13	17	0	26	0	81	60	52	56	296	12	0	0	14	0	0	11	0	0	0	31	0	0	22	36	24	13	2	0	8	0	11	6	0	0	17	0	26	0	81	60	52	56	286	12	0	0	12	0	0	11	0	0	0	28	0	0	22	14	0	0	2	0	0	0	5	0	0	0	11	0	0	0	31	0	0	22	36	24	13	2	0	0	0	11	0	0	0	2	0	8	0	11	6	0	0	17	0	26	0	81	60	52	56	276	12	0	0	12	0	0	11	0	0	0	28	0	0	22	12	0	0	2	0	0	0	4	0	0	0	11	0	0	0	28	0	0	22	14	0	0	2	0	0	0	2	0	0	0	2	0	0	0	5	0	0	0	11	0	0	0	31	0	0	22	36	24	13	13	0	0	0	0	0	0	0	2	0	0	0	11	0	0	0	2	0	8	0	11	6	0	0	17	0	26	0	81	60	52	56
398	385	48	60	13	372	14	36	0	48	60	13	28	36	26	0	97	134	65	56	359	9	36	0	14	36	0	9	36	0	0	31	72	0	22	48	60	13	6	0	8	0	14	26	0	0	28	36	26	0	97	134	65	56	346	8	36	0	9	36	0	7	36	0	0	21	72	0	22	14	36	0	2	0	0	0	5	18	0	0	9	36	0	0	31	72	0	22	48	60	13	2	0	0	0	14	9	0	0	6	0	8	0	14	26	0	0	28	36	26	0	97	134	65	56	333	8	36	0	8	36	0	7	36	0	0	20	72	0	22	9	36	0	2	0	0	0	3	18	0	0	7	36	0	0	21	72	0	22	14	36	0	2	0	0	0	1	9	0	0	2	0	0	0	5	18	0	0	9	36	0	0	31	72	0	22	48	60	13	13	0	0	0	0	0	0	0	2	0	0	0	14	9	0	0	6	0	8	0	14	26	0	0	28	36	26	0	97	134	65	56
414	401	39	22	73	388	20	0	39	39	22	73	25	0	41	117	91	33	146	85	375	17	0	11	20	0	39	14	0	34	11	52	0	78	30	39	22	73	8	0	0	22	20	11	0	167	25	0	41	117	91	33	146	85	362	14	0	10	17	0	11	11	0	22	10	43	0	22	29	20	0	39	2	0	0	20	9	0	0	100	14	0	34	11	52	0	78	30	39	22	73	2	0	0	10	15	33	0	0	8	0	0	22	20	11	0	167	25	0	41	117	91	33	146	85	349	14	0	10	14	0	10	11	0	20	10	33	0	20	29	17	0	11	2	0	0	20	7	0	0	100	11	0	22	10	43	0	22	29	20	0	39	2	0	0	10	5	0	0	0	2	0	0	20	9	0	0	100	14	0	34	11	52	0	78	30	39	22	73	19	0	0	0	7	0	0	0	2	0	0	10	15	33	0	0	8	0	0	22	20	11	0	167	25	0	41	117	91	33	146	85
440	426	50	43	54	412	25	13	23	50	43	54	34	0	46	75	118	99	162	85	398	22	13	0	25	13	23	23	0	38	0	73	39	69	30	50	43	54	13	0	0	0	27	10	0	124	34	0	46	75	118	99	162	85	384	18	13	0	22	13	0	20	0	0	0	64	39	0	29	25	13	23	4	0	0	0	12	0	0	37	23	0	38	0	73	39	69	30	50	43	54	11	0	11	0	23	30	0	0	13	0	0	0	27	10	0	124	34	0	46	75	118	99	162	85	370	15	10	0	18	13	0	17	0	0	0	49	39	0	29	22	13	0	4	0	0	0	10	0	0	37	20	0	0	0	64	39	0	29	25	13	23	2	0	10	0	9	0	0	0	4	0	0	0	12	0	0	37	23	0	38	0	73	39	69	30	50	43	54	22	30	33	0	10	0	0	0	11	0	11	0	23	30	0	0	13	0	0	0	27	10	0	124	34	0	46	75	118	99	162	85
509	492	65	107	21	475	26	69	10	65	107	21	39	104	33	10	145	271	84	26	458	20	60	0	26	69	10	19	72	30	0	73	186	40	0	65	107	21	15	24	0	0	29	49	21	68	39	104	33	10	145	271	84	26	441	15	58	0	20	60	0	14	72	0	0	59	168	0	0	26	69	10	2	24	0	0	11	31	10	15	19	72	30	0	73	186	40	0	65	107	21	9	22	11	0	25	33	0	0	15	24	0	0	29	49	21	68	39	104	33	10	145	271	84	26	424	12	48	0	15	58	0	11	68	0	0	43	161	0	0	20	60	0	2	24	0	0	10	24	0	15	14	72	0	0	59	168	0	0	26	69	10	0	14	10	0	8	12	0	0	2	24	0	0	11	31	10	15	19	72	30	0	73	186	40	0	65	107	21	16	78	33	0	16	0	0	0	9	22	11	0	25	33	0	0	15	24	0	0	29	49	21	68	39	104	33	10	145	271	84	26
255	247	27	7	20	239	12	0	0	27	7	20	19	0	0	0	62	7	20	85	231	10	0	0	12	0	0	10	0	0	0	29	0	0	30	27	7	20	2	0	0	0	15	0	0	0	19	0	0	0	62	7	20	85	223	10	0	0	10	0	0	10	0	0	0	25	0	0	29	12	0	0	2	0	0	0	6	0	0	0	10	0	0	0	29	0	0	30	27	7	20	2	0	0	0	15	0	0	0	2	0	0	0	15	0	0	0	19	0	0	0	62	7	20	85	215	10	0	0	10	0	0	10	0	0	0	25	0	0	29	10	0	0	2	0	0	0	4	0	0	0	10	0	0	0	25	0	0	29	12	0	0	2	0	0	0	2	0	0	0	2	0	0	0	6	0	0	0	10	0	0	0	29	0	0	30	27	7	20	13	0	0	0	0	0	0	0	2	0	0	0	15	0	0	0	2	0	0	0	15	0	0	0	19	0	0	0	62	7	20	85
345	334	49	35	4	323	24	5	0	49	35	4	35	25	0	0	109	85	20	13	312	18	0	0	24	5	0	16	0	0	0	62	10	0	0	49	35	4	12	0	0	0	22	30	4	0	35	25	0	0	109	85	20	13	301	14	0	0	18	0	0	11	0	0	0	47	0	0	0	24	5	0	2	0	0	0	9	5	0	0	16	0	0	0	62	10	0	0	49	35	4	2	0	0	0	14	20	0	0	12	0	0	0	22	30	4	0	35	25	0	0	109	85	20	13	290	14	0	0	14	0	0	11	0	0	0	36	0	0	0	18	0	0	2	0	0	0	8	0	0	0	11	0	0	0	47	0	0	0	24	5	0	2	0	0	0	5	0	0	0	2	0	0	0	9	5	0	0	16	0	0	0	62	10	0	0	49	35	4	20	0	0	0	15	0	0	0	2	0	0	0	14	20	0	0	12	0	0	0	22	30	4	0	35	25	0	0	109	85	20	13
495	479	49	15	124	463	27	0	79	49	15	124	44	0	80	62	123	30	124	172	447	19	0	72	27	0	79	21	0	68	49	82	0	79	72	49	15	124	14	0	33	63	21	15	0	0	44	0	80	62	123	30	124	172	431	12	0	45	19	0	72	13	0	68	11	58	0	72	11	27	0	79	4	0	31	11	9	0	0	0	21	0	68	49	82	0	79	72	49	15	124	2	0	39	98	8	0	0	112	14	0	33	63	21	15	0	0	44	0	80	62	123	30	124	172	415	7	0	21	12	0	45	7	0	60	10	35	0	45	10	19	0	72	2	0	30	10	9	0	0	0	13	0	68	11	58	0	72	11	27	0	79	0	0	33	20	8	0	0	37	4	0	31	11	9	0	0	0	21	0	68	49	82	0	79	72	49	15	124	9	0	50	43	18	0	0	120	2	0	39	98	8	0	0	112	14	0	33	63	21	15	0	0	44	0	80	62	123	30	124	172
460	445	46	47	79	430	22	11	66	46	47	79	33	33	80	14	105	69	237	25	415	15	0	65	22	11	66	12	0	68	13	63	11	198	10	46	47	79	12	0	20	13	19	22	79	0	33	33	80	14	105	69	237	25	400	11	0	56	15	0	65	7	0	68	11	44	0	195	0	22	11	66	2	0	20	11	8	0	66	0	12	0	68	13	63	11	198	10	46	47	79	2	0	0	98	4	0	0	0	12	0	20	13	19	22	79	0	33	33	80	14	105	69	237	25	385	9	0	31	11	0	56	7	0	60	10	33	0	168	0	15	0	65	2	0	20	10	8	0	65	0	7	0	68	11	44	0	195	0	22	11	66	0	0	0	20	4	0	0	0	2	0	20	11	8	0	66	0	12	0	68	13	63	11	198	10	46	47	79	9	0	14	53	23	0	0	120	2	0	0	98	4	0	0	0	12	0	20	13	19	22	79	0	33	33	80	14	105	69	237	25
423	409	59	63	28	395	31	25	21	59	63	28	40	78	45	22	151	128	112	4	381	24	7	20	31	25	21	24	14	40	20	99	53	84	0	59	63	28	12	28	33	10	29	14	56	0	40	78	45	22	151	128	112	4	367	18	0	8	24	7	20	18	0	40	0	80	7	80	0	31	25	21	6	0	31	0	17	0	42	0	24	14	40	20	99	53	84	0	59	63	28	4	0	39	16	14	0	28	68	12	28	33	10	29	14	56	0	40	78	45	22	151	128	112	4	353	12	0	0	18	0	8	12	0	32	0	58	0	32	0	24	7	20	4	0	30	0	17	0	40	0	18	0	40	0	80	7	80	0	31	25	21	0	0	33	0	10	0	21	15	6	0	31	0	17	0	42	0	24	14	40	20	99	53	84	0	59	63	28	14	0	26	0	32	52	0	28	4	0	39	16	14	0	28	68	12	28	33	10	29	14	56	0	40	78	45	22	151	128	112	4
500	483	74	95	46	466	38	72	11	74	95	46	62	51	12	22	199	277	92	152	449	29	57	10	38	72	11	38	27	0	20	112	230	22	72	74	95	46	29	54	13	10	40	60	46	0	62	51	12	22	199	277	92	152	432	22	30	0	29	57	10	30	0	0	0	84	165	20	11	38	72	11	10	0	11	0	16	41	11	0	38	27	0	20	112	230	22	72	74	95	46	20	0	39	0	19	36	138	68	29	54	13	10	40	60	46	0	62	51	12	22	199	277	92	152	415	10	24	0	22	30	0	18	0	0	0	62	75	0	10	29	57	10	6	0	10	0	16	39	10	0	30	0	0	0	84	165	20	11	38	72	11	0	0	33	0	11	33	33	15	10	0	11	0	16	41	11	0	38	27	0	20	112	230	22	72	74	95	46	10	72	50	0	27	84	0	0	20	0	39	0	19	36	138	68	29	54	13	10	40	60	46	0	62	51	12	22	199	277	92	152
307	297	38	21	22	287	21	0	0	38	21	22	28	0	12	0	87	35	66	79	277	15	0	0	21	0	0	12	0	0	0	57	0	0	33	38	21	22	12	0	0	0	16	14	0	0	28	0	12	0	87	35	66	79	267	11	0	0	15	0	0	7	0	0	0	43	0	0	0	21	0	0	2	0	0	0	7	0	0	0	12	0	0	0	57	0	0	33	38	21	22	2	0	0	0	4	0	0	0	12	0	0	0	16	14	0	0	28	0	12	0	87	35	66	79	257	8	0	0	11	0	0	7	0	0	0	32	0	0	0	15	0	0	2	0	0	0	7	0	0	0	7	0	0	0	43	0	0	0	21	0	0	0	0	0	0	4	0	0	0	2	0	0	0	7	0	0	0	12	0	0	0	57	0	0	33	38	21	22	9	0	24	0	19	0	0	0	2	0	0	0	4	0	0	0	12	0	0	0	16	14	0	0	28	0	12	0	87	35	66	79
471	455	25	41	116	439	5	15	111	25	41	116	4	0	91	58	57	86	232	0	423	4	15	111	5	15	111	0	0	85	58	17	60	222	0	25	41	116	0	0	0	0	4	15	0	0	4	0	91	58	57	86	232	0	407	4	15	111	4	15	111	0	0	85	58	16	60	222	0	5	15	111	0	0	0	0	4	15	0	0	0	0	85	58	17	60	222	0	25	41	116	0	0	0	0	1	0	0	0	0	0	0	0	4	15	0	0	4	0	91	58	57	86	232	0	391	4	15	109	4	15	111	0	0	85	52	16	60	222	0	4	15	111	0	0	0	0	4	15	0	0	0	0	85	58	16	60	222	0	5	15	111	0	0	0	0	1	0	0	0	0	0	0	0	4	15	0	0	0	0	85	58	17	60	222	0	25	41	116	0	0	0	16	9	0	0	0	0	0	0	0	1	0	0	0	0	0	0	0	4	15	0	0	4	0	91	58	57	86	232	0
381	368	29	32	65	355	10	12	35	29	32	65	10	0	62	58	64	68	130	129	342	6	12	35	10	12	35	1	0	31	58	26	48	70	87	29	32	65	0	0	7	0	5	12	0	0	10	0	62	58	64	68	130	129	329	6	12	35	6	12	35	1	0	31	58	22	48	70	85	10	12	35	0	0	0	0	5	12	0	0	1	0	31	58	26	48	70	87	29	32	65	0	0	0	0	1	0	0	0	0	0	7	0	5	12	0	0	10	0	62	58	64	68	130	129	316	6	12	33	6	12	35	1	0	31	52	22	48	70	64	6	12	35	0	0	0	0	5	12	0	0	1	0	31	58	22	48	70	85	10	12	35	0	0	0	0	1	0	0	0	0	0	0	0	5	12	0	0	1	0	31	58	26	48	70	87	29	32	65	1	0	0	16	21	0	0	0	0	0	0	0	1	0	0	0	0	0	7	0	5	12	0	0	10	0	62	58	64	68	130	129
463	447	49	64	83	431	25	39	22	49	64	83	27	36	60	83	128	165	166	299	415	19	28	10	25	39	22	17	14	20	30	76	95	44	177	49	64	83	6	0	34	0	20	14	83	25	27	36	60	83	128	165	166	299	399	17	28	10	19	28	10	17	14	20	30	59	84	20	167	25	39	22	6	0	0	0	15	14	22	10	17	14	20	30	76	95	44	177	49	64	83	4	0	22	0	11	0	0	0	6	0	34	0	20	14	83	25	27	36	60	83	128	165	166	299	383	11	27	8	17	28	10	13	14	20	24	52	84	20	109	19	28	10	6	0	0	0	14	14	10	0	17	14	20	30	59	84	20	167	25	39	22	0	0	14	0	7	0	0	0	6	0	0	0	15	14	22	10	17	14	20	30	76	95	44	177	49	64	83	13	13	22	16	29	52	0	0	4	0	22	0	11	0	0	0	6	0	34	0	20	14	83	25	27	36	60	83	128	165	166	299
297	287	33	17	47	277	19	8	10	33	17	47	18	8	60	30	88	17	47	175	267	14	0	10	19	8	10	11	0	20	30	58	8	10	98	33	17	47	4	0	34	0	13	0	47	0	18	8	60	30	88	17	47	175	257	14	0	10	14	0	10	11	0	20	30	46	0	10	95	19	8	10	4	0	0	0	12	0	10	0	11	0	20	30	58	8	10	98	33	17	47	4	0	0	0	7	0	0	0	4	0	34	0	13	0	47	0	18	8	60	30	88	17	47	175	247	10	0	8	14	0	10	11	0	20	24	46	0	10	64	14	0	10	4	0	0	0	11	0	10	0	11	0	20	30	46	0	10	95	19	8	10	0	0	0	0	6	0	0	0	4	0	0	0	12	0	10	0	11	0	20	30	58	8	10	98	33	17	47	9	0	0	16	20	36	0	0	4	0	0	0	7	0	0	0	4	0	34	0	13	0	47	0	18	8	60	30	88	17	47	175
231	223	25	17	7	215	10	7	0	25	17	7	10	0	14	0	56	38	14	28	207	6	7	0	10	7	0	1	0	0	0	26	28	0	21	25	17	7	0	0	7	0	5	7	0	0	10	0	14	0	56	38	14	28	199	6	7	0	6	7	0	1	0	0	0	22	28	0	20	10	7	0	0	0	0	0	5	7	0	0	1	0	0	0	26	28	0	21	25	17	7	0	0	0	0	1	0	0	0	0	0	7	0	5	7	0	0	10	0	14	0	56	38	14	28	191	6	7	0	6	7	0	1	0	0	0	22	28	0	8	6	7	0	0	0	0	0	5	7	0	0	1	0	0	0	22	28	0	20	10	7	0	0	0	0	0	1	0	0	0	0	0	0	0	5	7	0	0	1	0	0	0	26	28	0	21	25	17	7	1	0	0	0	21	0	0	0	0	0	0	0	1	0	0	0	0	0	7	0	5	7	0	0	10	0	14	0	56	38	14	28
457	441	38	29	119	425	21	15	57	38	29	119	22	0	30	150	106	74	119	318	409	20	15	36	21	15	57	18	0	7	77	69	60	57	178	38	29	119	5	0	0	30	15	15	0	107	22	0	30	150	106	74	119	318	393	20	15	36	20	15	36	18	0	0	77	68	60	36	166	21	15	57	5	0	0	30	13	15	0	87	18	0	7	77	69	60	57	178	38	29	119	4	0	0	0	8	0	0	0	5	0	0	30	15	15	0	107	22	0	30	150	106	74	119	318	377	16	15	36	20	15	36	18	0	0	77	68	60	36	166	20	15	36	5	0	0	30	13	15	0	85	18	0	0	77	68	60	36	166	21	15	57	0	0	0	0	4	0	0	0	5	0	0	30	13	15	0	87	18	0	7	77	69	60	57	178	38	29	119	8	0	0	0	33	56	0	0	4	0	0	0	8	0	0	0	5	0	0	30	15	15	0	107	22	0	30	150	106	74	119	318
312	301	40	19	45	290	22	10	15	40	19	45	23	0	0	15	120	49	45	188	279	21	10	15	22	10	15	19	0	0	15	76	40	15	146	40	19	45	5	0	0	0	15	10	0	0	23	0	0	15	120	49	45	188	268	21	10	15	21	10	15	19	0	0	15	75	40	15	146	22	10	15	5	0	0	0	13	10	0	0	19	0	0	15	76	40	15	146	40	19	45	4	0	0	0	8	0	0	0	5	0	0	0	15	10	0	0	23	0	0	15	120	49	45	188	257	17	10	15	21	10	15	19	0	0	15	75	40	15	146	21	10	15	5	0	0	0	13	10	0	0	19	0	0	15	75	40	15	146	22	10	15	0	0	0	0	4	0	0	0	5	0	0	0	13	10	0	0	19	0	0	15	76	40	15	146	40	19	45	7	0	0	0	28	36	0	0	4	0	0	0	8	0	0	0	5	0	0	0	15	10	0	0	23	0	0	15	120	49	45	188
339	326	60	62	9	313	25	41	8	60	62	9	21	51	0	8	163	197	27	0	300	24	40	8	25	41	8	17	48	0	8	78	147	24	0	60	62	9	8	8	0	0	22	8	0	0	21	51	0	8	163	197	27	0	287	24	40	8	24	40	8	17	48	0	8	77	144	24	0	25	41	8	8	8	0	0	13	8	0	0	17	48	0	8	78	147	24	0	60	62	9	12	0	0	0	22	0	0	0	8	8	0	0	22	8	0	0	21	51	0	8	163	197	27	0	274	18	40	8	24	40	8	17	48	0	8	77	144	24	0	24	40	8	8	8	0	0	13	8	0	0	17	48	0	8	77	144	24	0	25	41	8	4	0	0	0	8	0	0	0	8	8	0	0	13	8	0	0	17	48	0	8	78	147	24	0	60	62	9	7	0	0	0	38	30	0	0	12	0	0	0	22	0	0	0	8	8	0	0	22	8	0	0	21	51	0	8	163	197	27	0
324	312	57	49	19	300	24	27	18	57	49	19	25	18	10	8	160	176	76	0	288	23	27	18	24	27	18	21	18	10	8	73	117	72	0	57	49	19	9	0	0	0	22	9	0	0	25	18	10	8	160	176	76	0	276	23	27	18	23	27	18	21	18	10	8	72	117	72	0	24	27	18	9	0	0	0	12	9	0	0	21	18	10	8	73	117	72	0	57	49	19	16	0	0	0	23	0	0	0	9	0	0	0	22	9	0	0	25	18	10	8	160	176	76	0	264	16	27	18	23	27	18	21	18	10	8	72	117	72	0	23	27	18	9	0	0	0	12	9	0	0	21	18	10	8	72	117	72	0	24	27	18	4	0	0	0	8	0	0	0	9	0	0	0	12	9	0	0	21	18	10	8	73	117	72	0	57	49	19	7	0	0	0	32	35	0	0	16	0	0	0	23	0	0	0	9	0	0	0	22	9	0	0	25	18	10	8	160	176	76	0
506	488	76	88	85	470	38	32	63	76	88	85	48	16	113	106	223	249	425	83	452	33	32	41	38	32	63	32	16	92	48	122	80	315	22	76	88	85	26	0	32	69	36	44	0	74	48	16	113	106	223	249	425	83	434	30	32	39	33	32	41	29	16	49	48	105	80	205	10	38	32	63	11	0	32	63	19	32	0	32	32	16	92	48	122	80	315	22	76	88	85	26	0	0	22	26	33	0	0	26	0	32	69	36	44	0	74	48	16	113	106	223	249	425	83	416	21	27	38	30	32	39	23	16	43	48	96	80	195	10	33	32	41	9	0	26	60	17	32	0	30	29	16	49	48	105	80	205	10	38	32	63	4	0	0	20	12	0	0	0	11	0	32	63	19	32	0	32	32	16	92	48	122	80	315	22	76	88	85	9	55	0	10	46	99	0	0	26	0	0	22	26	33	0	0	26	0	32	69	36	44	0	74	48	16	113	106	223	249	425	83
361	348	60	30	61	335	37	0	37	60	30	61	50	0	45	36	162	80	183	113	322	33	0	37	37	0	37	36	0	43	36	111	0	111	89	60	30	61	31	0	0	0	28	30	0	0	50	0	45	36	162	80	183	113	309	28	0	34	33	0	37	30	0	43	33	99	0	111	67	37	0	37	11	0	0	0	16	0	0	0	36	0	43	36	111	0	111	89	60	30	61	27	0	0	39	20	20	0	0	31	0	0	0	28	30	0	0	50	0	45	36	162	80	183	113	296	18	0	32	28	0	34	24	0	37	31	87	0	102	65	33	0	37	9	0	0	0	16	0	0	0	30	0	43	33	99	0	111	67	37	0	37	5	0	0	33	13	0	0	0	11	0	0	0	16	0	0	0	36	0	43	36	111	0	111	89	60	30	61	4	0	11	22	7	0	0	0	27	0	0	39	20	20	0	0	31	0	0	0	28	30	0	0	50	0	45	36	162	80	183	113
356	343	65	44	45	330	38	12	27	65	44	45	52	0	34	27	165	116	180	104	317	32	12	25	38	12	27	32	0	32	25	110	12	108	81	65	44	45	30	0	0	18	30	44	0	0	52	0	34	27	165	116	180	104	304	27	8	13	32	12	25	26	0	32	13	90	12	100	59	38	12	27	10	0	0	0	17	12	0	0	32	0	32	25	110	12	108	81	65	44	45	23	32	0	39	20	16	0	46	30	0	0	18	30	44	0	0	52	0	34	27	165	116	180	104	291	16	0	11	27	8	13	20	0	26	11	78	8	52	57	32	12	25	8	0	0	0	17	12	0	0	26	0	32	13	90	12	100	59	38	12	27	5	0	0	33	13	0	0	11	10	0	0	0	17	12	0	0	32	0	32	25	110	12	108	81	65	44	45	4	0	35	22	7	0	45	0	23	32	0	39	20	16	0	46	30	0	0	18	30	44	0	0	52	0	34	27	165	116	180	104
480	462	87	118	40	444	42	69	27	87	118	40	46	149	34	27	208	332	200	85	426	36	45	25	42	69	27	29	93	32	25	120	175	135	63	87	118	40	20	129	0	18	43	60	40	0	46	149	34	27	208	332	200	85	408	31	14	13	36	45	25	23	42	32	13	99	99	125	41	42	69	27	9	14	0	0	19	26	27	0	29	93	32	25	120	175	135	63	87	118	40	25	70	0	39	32	62	120	46	20	129	0	18	43	60	40	0	46	149	34	27	208	332	200	85	390	19	0	11	31	14	13	20	0	26	11	84	21	65	39	36	45	25	8	0	0	0	19	24	25	0	23	42	32	13	99	99	125	41	42	69	27	7	0	0	33	14	39	81	11	9	14	0	0	19	26	27	0	29	93	32	25	120	175	135	63	87	118	40	16	0	35	22	15	29	80	0	25	70	0	39	32	62	120	46	20	129	0	18	43	60	40	0	46	149	34	27	208	332	200	85
555	534	80	125	91	513	42	102	41	80	125	91	53	148	0	63	233	389	91	277	492	35	98	16	42	102	41	31	140	0	23	136	342	41	161	80	125	91	30	56	0	46	38	87	0	130	53	148	0	63	233	389	91	277	471	28	94	0	35	98	16	24	140	0	0	108	322	16	118	42	102	41	8	56	0	0	15	70	0	32	31	140	0	23	136	342	41	161	80	125	91	25	52	0	0	25	55	0	74	30	56	0	46	38	87	0	130	53	148	0	63	233	389	91	277	450	18	40	0	28	94	0	15	132	0	0	85	310	0	116	35	98	16	5	56	0	0	15	70	0	20	24	140	0	0	108	322	16	118	42	102	41	5	0	0	0	14	42	0	32	8	56	0	0	15	70	0	32	31	140	0	23	136	342	41	161	80	125	91	2	26	48	0	16	14	364	0	25	52	0	0	25	55	0	74	30	56	0	46	38	87	0	130	53	148	0	63	233	389	91	277
384	369	75	80	21	354	39	62	0	75	80	21	47	44	0	0	211	245	42	113	339	35	58	0	39	62	0	38	44	0	0	126	203	0	89	75	80	21	34	36	0	0	36	25	0	0	47	44	0	0	211	245	42	113	324	27	50	0	35	58	0	31	36	0	0	109	185	0	67	39	62	0	8	36	0	0	13	18	0	0	38	44	0	0	126	203	0	89	75	80	21	29	64	0	0	27	47	0	0	34	36	0	0	36	25	0	0	47	44	0	0	211	245	42	113	309	16	36	0	27	50	0	20	36	0	0	81	165	0	65	35	58	0	5	36	0	0	13	18	0	0	31	36	0	0	109	185	0	67	39	62	0	1	36	0	0	13	38	0	0	8	36	0	0	13	18	0	0	38	44	0	0	126	203	0	89	75	80	21	4	0	11	0	16	35	42	0	29	64	0	0	27	47	0	0	34	36	0	0	36	25	0	0	47	44	0	0	211	245	42	113
456	439	46	42	110	422	25	0	74	46	42	110	35	0	61	62	93	14	330	167	405	17	0	73	25	0	74	16	0	54	59	61	0	222	91	46	42	110	11	0	33	16	9	0	0	0	35	0	61	62	93	14	330	167	388	10	0	72	17	0	73	7	0	54	59	39	0	219	87	25	0	74	4	0	12	16	9	0	0	0	16	0	54	59	61	0	222	91	46	42	110	5	0	36	11	10	0	0	0	11	0	33	16	9	0	0	0	35	0	61	62	93	14	330	167	371	10	0	62	10	0	72	7	0	52	50	29	0	216	60	17	0	73	4	0	12	13	9	0	0	0	7	0	54	59	39	0	219	87	25	0	74	5	0	0	7	10	0	0	0	4	0	12	16	9	0	0	0	16	0	54	59	61	0	222	91	46	42	110	2	0	0	97	6	0	0	0	5	0	36	11	10	0	0	0	11	0	33	16	9	0	0	0	35	0	61	62	93	14	330	167
448	431	48	84	66	414	19	34	38	48	84	66	22	108	49	51	94	136	264	146	397	12	10	37	19	34	38	10	20	42	48	45	64	152	91	48	84	66	3	40	33	16	13	16	132	0	22	108	49	51	94	136	264	146	380	8	0	36	12	10	37	3	0	42	48	23	10	148	87	19	34	38	0	0	12	16	6	14	76	0	10	20	42	48	45	64	152	91	48	84	66	1	0	22	11	13	0	66	0	3	40	33	16	13	16	132	0	22	108	49	51	94	136	264	146	363	8	0	29	8	0	36	3	0	40	39	17	0	144	60	12	10	37	0	0	12	13	6	10	74	0	3	0	42	48	23	10	148	87	19	34	38	1	0	0	7	6	0	38	0	0	0	12	16	6	14	76	0	10	20	42	48	45	64	152	91	48	84	66	5	0	0	67	6	0	0	0	1	0	22	11	13	0	66	0	3	40	33	16	13	16	132	0	22	108	49	51	94	136	264	146
359	345	62	55	45	331	35	43	0	62	55	45	48	31	7	0	136	114	45	258	317	28	33	0	35	43	0	30	21	0	0	95	107	0	132	62	55	45	21	9	21	0	21	11	45	0	48	31	7	0	136	114	45	258	303	15	23	0	28	33	0	19	12	0	0	73	78	0	103	35	43	0	9	0	0	0	13	10	0	0	30	21	0	0	95	107	0	132	62	55	45	6	11	88	0	17	33	45	0	21	9	21	0	21	11	45	0	48	31	7	0	136	114	45	258	289	12	21	0	15	23	0	8	11	0	0	41	57	0	60	28	33	0	8	0	0	0	13	9	0	0	19	12	0	0	73	78	0	103	35	43	0	4	10	0	0	13	30	0	0	9	0	0	0	13	10	0	0	30	21	0	0	95	107	0	132	62	55	45	3	21	26	0	11	11	0	0	6	11	88	0	17	33	45	0	21	9	21	0	21	11	45	0	48	31	7	0	136	114	45	258
376	361	51	79	15	346	20	42	0	51	79	15	26	54	7	0	94	153	75	85	331	13	36	0	20	42	0	11	24	0	0	41	78	0	54	51	79	15	7	0	21	0	9	12	15	0	26	54	7	0	94	153	75	85	316	8	36	0	13	36	0	2	24	0	0	22	60	0	50	20	42	0	0	0	0	0	6	12	0	0	11	24	0	0	41	78	0	54	51	79	15	1	0	22	0	10	0	0	0	7	0	21	0	9	12	15	0	26	54	7	0	94	153	75	85	301	8	36	0	8	36	0	2	24	0	0	15	60	0	26	13	36	0	0	0	0	0	6	12	0	0	2	24	0	0	22	60	0	50	20	42	0	1	0	0	0	6	0	0	0	0	0	0	0	6	12	0	0	11	24	0	0	41	78	0	54	51	79	15	5	0	0	0	6	0	0	0	1	0	22	0	10	0	0	0	7	0	21	0	9	12	15	0	26	54	7	0	94	153	75	85
259	249	40	29	7	239	18	9	0	40	29	7	32	0	7	0	76	52	28	40	229	10	9	0	18	9	0	12	0	0	0	40	27	0	27	40	29	7	7	0	21	0	5	9	0	0	32	0	7	0	76	52	28	40	219	6	9	0	10	9	0	3	0	0	0	18	27	0	25	18	9	0	0	0	0	0	5	9	0	0	12	0	0	0	40	27	0	27	40	29	7	1	0	14	0	6	0	0	0	7	0	21	0	5	9	0	0	32	0	7	0	76	52	28	40	209	6	9	0	6	9	0	3	0	0	0	12	27	0	13	10	9	0	0	0	0	0	5	9	0	0	3	0	0	0	18	27	0	25	18	9	0	1	0	0	0	6	0	0	0	0	0	0	0	5	9	0	0	12	0	0	0	40	27	0	27	40	29	7	2	0	0	0	4	0	0	0	1	0	14	0	6	0	0	0	7	0	21	0	5	9	0	0	32	0	7	0	76	52	28	40
260	250	18	0	68	240	9	0	21	18	0	68	6	0	35	30	41	0	0	243	230	7	0	21	9	0	21	3	0	0	30	18	0	0	112	18	0	68	0	0	19	0	4	0	0	0	6	0	35	30	41	0	0	243	220	7	0	21	7	0	21	3	0	0	30	15	0	0	110	9	0	21	0	0	0	0	4	0	0	0	3	0	0	30	18	0	0	112	18	0	68	1	0	0	0	3	0	0	0	0	0	19	0	4	0	0	0	6	0	35	30	41	0	0	243	210	7	0	21	7	0	21	3	0	0	30	15	0	0	108	7	0	21	0	0	0	0	2	0	0	0	3	0	0	30	15	0	0	110	9	0	21	1	0	0	0	3	0	0	0	0	0	0	0	4	0	0	0	3	0	0	30	18	0	0	112	18	0	68	2	0	0	0	2	0	0	0	1	0	0	0	3	0	0	0	0	0	19	0	4	0	0	0	6	0	35	30	41	0	0	243
285	274	23	10	60	263	8	0	21	23	10	60	5	0	40	42	51	20	60	198	252	7	0	21	8	0	21	3	0	12	42	13	0	21	112	23	10	60	0	0	10	0	5	0	0	0	5	0	40	42	51	20	60	198	241	7	0	21	7	0	21	3	0	12	42	12	0	21	110	8	0	21	0	0	0	0	3	0	0	0	3	0	12	42	13	0	21	112	23	10	60	0	0	0	0	3	0	0	0	0	0	10	0	5	0	0	0	5	0	40	42	51	20	60	198	230	7	0	20	7	0	21	3	0	12	40	12	0	21	108	7	0	21	0	0	0	0	2	0	0	0	3	0	12	42	12	0	21	110	8	0	21	0	0	0	0	0	0	0	0	0	0	0	0	3	0	0	0	3	0	12	42	13	0	21	112	23	10	60	0	0	0	11	3	0	0	0	0	0	0	0	3	0	0	0	0	0	10	0	5	0	0	0	5	0	40	42	51	20	60	198
354	340	41	49	47	326	16	13	19	41	49	47	13	0	76	59	88	116	188	88	312	13	13	12	16	13	19	5	0	33	24	31	26	76	38	41	49	47	0	0	34	0	18	0	0	40	13	0	76	59	88	116	188	88	298	13	13	12	13	13	12	5	0	12	24	27	26	48	37	16	13	19	0	0	14	0	8	0	0	27	5	0	33	24	31	26	76	38	41	49	47	6	0	0	0	15	0	0	0	0	0	34	0	18	0	0	40	13	0	76	59	88	116	188	88	284	12	13	11	13	13	12	5	0	12	22	27	26	48	36	13	13	12	0	0	0	0	5	0	0	25	5	0	12	24	27	26	48	37	16	13	19	2	0	0	0	4	0	0	0	0	0	14	0	8	0	0	27	5	0	33	24	31	26	76	38	41	49	47	13	0	0	11	8	9	0	0	6	0	0	0	15	0	0	0	0	0	34	0	18	0	0	40	13	0	76	59	88	116	188	88
208	200	21	0	35	192	8	0	0	21	0	35	5	0	26	0	48	0	0	198	184	7	0	0	8	0	0	3	0	0	0	13	0	0	112	21	0	35	0	0	10	0	3	0	0	0	5	0	26	0	48	0	0	198	176	7	0	0	7	0	0	3	0	0	0	12	0	0	110	8	0	0	0	0	0	0	3	0	0	0	3	0	0	0	13	0	0	112	21	0	35	0	0	0	0	0	0	0	0	0	0	10	0	3	0	0	0	5	0	26	0	48	0	0	198	168	7	0	0	7	0	0	3	0	0	0	12	0	0	108	7	0	0	0	0	0	0	2	0	0	0	3	0	0	0	12	0	0	110	8	0	0	0	0	0	0	0	0	0	0	0	0	0	0	3	0	0	0	3	0	0	0	13	0	0	112	21	0	35	0	0	0	0	2	0	0	0	0	0	0	0	0	0	0	0	0	0	10	0	3	0	0	0	5	0	26	0	48	0	0	198
268	257	34	39	6	246	11	18	0	34	39	6	4	9	6	0	75	78	30	15	235	11	18	0	11	18	0	4	9	0	0	24	18	0	0	34	39	6	0	0	0	0	19	0	0	0	4	9	6	0	75	78	30	15	224	11	18	0	11	18	0	4	9	0	0	24	18	0	0	11	18	0	0	0	0	0	4	0	0	0	4	9	0	0	24	18	0	0	34	39	6	6	0	0	0	16	0	0	0	0	0	0	0	19	0	0	0	4	9	6	0	75	78	30	15	213	10	18	0	11	18	0	4	9	0	0	24	18	0	0	11	18	0	0	0	0	0	4	0	0	0	4	9	0	0	24	18	0	0	11	18	0	2	0	0	0	1	0	0	0	0	0	0	0	4	0	0	0	4	9	0	0	24	18	0	0	34	39	6	13	0	0	0	7	4	0	0	6	0	0	0	16	0	0	0	0	0	0	0	19	0	0	0	4	9	6	0	75	78	30	15
298	286	34	20	66	274	15	0	36	34	20	66	12	0	40	80	85	30	132	113	262	13	0	19	15	0	36	9	0	34	31	44	0	72	40	34	20	66	7	0	0	59	23	20	0	66	12	0	40	80	85	30	132	113	250	10	0	12	13	0	19	6	0	14	24	34	0	38	33	15	0	36	1	0	0	24	3	0	0	38	9	0	34	31	44	0	72	40	34	20	66	8	0	0	0	19	30	0	40	7	0	0	59	23	20	0	66	12	0	40	80	85	30	132	113	238	8	0	12	10	0	12	3	0	0	24	22	0	24	33	13	0	19	0	0	0	24	3	0	0	37	6	0	14	24	34	0	38	33	15	0	36	2	0	0	0	4	0	0	27	1	0	0	24	3	0	0	38	9	0	34	31	44	0	72	40	34	20	66	13	0	0	0	10	10	0	0	8	0	0	0	19	30	0	40	7	0	0	59	23	20	0	66	12	0	40	80	85	30	132	113
342	328	48	43	61	314	24	13	37	48	43	61	20	0	50	91	116	86	183	53	300	21	13	7	24	13	37	14	0	43	7	70	26	111	19	48	43	61	10	0	0	35	26	30	0	126	20	0	50	91	116	86	183	53	286	17	13	0	21	13	7	10	0	14	0	55	26	21	12	24	13	37	1	0	0	0	4	0	0	38	14	0	43	7	70	26	111	19	48	43	61	10	0	0	0	22	40	0	40	10	0	0	35	26	30	0	126	20	0	50	91	116	86	183	53	272	14	10	0	17	13	0	7	0	0	0	39	26	0	12	21	13	7	0	0	0	0	4	0	0	37	10	0	14	0	55	26	21	12	24	13	37	3	0	0	0	5	0	0	27	1	0	0	0	4	0	0	38	14	0	43	7	70	26	111	19	48	43	61	13	30	10	0	13	10	0	0	10	0	0	0	22	40	0	40	10	0	0	35	26	30	0	126	20	0	50	91	116	86	183	53
349	334	58	77	26	319	23	47	12	58	77	26	30	22	26	12	139	216	104	53	304	16	47	7	23	47	12	11	22	24	7	76	141	48	19	58	77	26	14	0	0	35	26	64	0	0	30	22	26	12	139	216	104	53	289	11	41	0	16	47	7	7	22	14	0	48	141	28	12	23	47	12	1	0	0	0	0	33	0	0	11	22	24	7	76	141	48	19	58	77	26	11	52	0	0	20	39	0	40	14	0	0	35	26	64	0	0	30	22	26	12	139	216	104	53	274	8	25	0	11	41	0	2	14	0	0	27	119	0	12	16	47	7	0	0	0	0	0	33	0	0	7	22	14	0	48	141	28	12	23	47	12	1	22	0	0	5	11	0	27	1	0	0	0	0	33	0	0	11	22	24	7	76	141	48	19	58	77	26	6	67	0	0	10	29	26	0	11	52	0	0	20	39	0	40	14	0	0	35	26	64	0	0	30	22	26	12	139	216	104	53
194	186	27	13	13	178	10	7	0	27	13	13	4	0	0	0	61	20	13	53	170	9	7	0	10	7	0	3	0	0	0	24	14	0	19	27	13	13	0	0	0	0	19	6	0	0	4	0	0	0	61	20	13	53	162	9	7	0	9	7	0	3	0	0	0	19	14	0	12	10	7	0	0	0	0	0	3	0	0	0	3	0	0	0	24	14	0	19	27	13	13	6	0	0	0	16	0	0	0	0	0	0	0	19	6	0	0	4	0	0	0	61	20	13	53	154	8	6	0	9	7	0	3	0	0	0	19	14	0	12	9	7	0	0	0	0	0	3	0	0	0	3	0	0	0	19	14	0	12	10	7	0	2	0	0	0	1	0	0	0	0	0	0	0	3	0	0	0	3	0	0	0	24	14	0	19	27	13	13	12	6	0	0	6	0	0	0	6	0	0	0	16	0	0	0	0	0	0	0	19	6	0	0	4	0	0	0	61	20	13	53
245	235	45	25	4	225	20	0	0	45	25	4	26	0	0	0	120	75	20	6	215	15	0	0	20	0	0	11	0	0	0	69	0	0	0	45	25	4	10	0	0	0	26	25	0	0	26	0	0	0	120	75	20	6	205	11	0	0	15	0	0	7	0	0	0	44	0	0	0	20	0	0	1	0	0	0	3	0	0	0	11	0	0	0	69	0	0	0	45	25	4	9	0	0	0	16	20	0	0	10	0	0	0	26	25	0	0	26	0	0	0	120	75	20	6	195	9	0	0	11	0	0	4	0	0	0	28	0	0	0	15	0	0	0	0	0	0	3	0	0	0	7	0	0	0	44	0	0	0	20	0	0	3	0	0	0	5	0	0	0	1	0	0	0	3	0	0	0	11	0	0	0	69	0	0	0	45	25	4	15	0	0	0	11	5	0	0	9	0	0	0	16	20	0	0	10	0	0	0	26	25	0	0	26	0	0	0	120	75	20	6
429	411	52	33	136	393	28	16	93	52	33	136	38	16	44	67	162	117	136	170	375	19	0	88	28	16	93	18	0	44	56	102	80	93	85	52	33	136	11	0	32	52	16	32	136	0	38	16	44	67	162	117	136	170	357	12	0	66	19	0	88	10	0	44	21	63	0	88	33	28	16	93	2	0	32	7	3	0	93	0	18	0	44	56	102	80	93	85	52	33	136	7	0	25	94	13	0	0	66	11	0	32	52	16	32	136	0	38	16	44	67	162	117	136	170	339	7	0	23	12	0	66	5	0	42	0	36	0	66	12	19	0	88	1	0	32	0	3	0	88	0	10	0	44	21	63	0	88	33	28	16	93	5	0	18	0	9	0	0	38	2	0	32	7	3	0	93	0	18	0	44	56	102	80	93	85	52	33	136	9	0	30	91	18	0	0	197	7	0	25	94	13	0	0	66	11	0	32	52	16	32	136	0	38	16	44	67	162	117	136	170
330	316	51	49	55	302	23	9	43	51	49	55	35	36	42	0	153	146	220	30	288	15	0	43	23	9	43	14	0	42	0	83	45	172	12	51	49	55	11	0	14	0	14	27	55	0	35	36	42	0	153	146	220	30	274	10	0	42	15	0	43	10	0	42	0	52	0	172	7	23	9	43	2	0	14	0	3	0	43	0	14	0	42	0	83	45	172	12	51	49	55	7	0	7	13	13	0	0	0	11	0	14	0	14	27	55	0	35	36	42	0	153	146	220	30	260	7	0	25	10	0	42	5	0	40	0	32	0	168	0	15	0	43	1	0	14	0	3	0	43	0	10	0	42	0	52	0	172	7	23	9	43	5	0	0	0	9	0	0	0	2	0	14	0	3	0	43	0	14	0	42	0	83	45	172	12	51	49	55	9	0	14	49	17	0	0	91	7	0	7	13	13	0	0	0	11	0	14	0	14	27	55	0	35	36	42	0	153	146	220	30
439	420	73	101	82	401	36	69	46	73	101	82	39	111	28	49	211	322	164	157	382	27	50	44	36	69	46	20	78	28	45	123	258	92	85	73	101	82	18	86	32	21	27	24	82	0	39	111	28	49	211	322	164	157	363	19	12	27	27	50	44	15	36	28	21	84	172	88	33	36	69	46	1	12	32	7	3	0	46	0	20	78	28	45	123	258	92	85	73	101	82	25	24	36	62	16	45	246	45	18	86	32	21	27	24	82	0	39	111	28	49	211	322	164	157	344	11	0	0	19	12	27	6	0	26	0	54	24	54	12	27	50	44	1	0	32	0	3	0	44	0	15	36	28	21	84	172	88	33	36	69	46	7	0	28	0	10	42	138	0	1	12	32	7	3	0	46	0	20	78	28	45	123	258	92	85	73	101	82	13	0	35	0	18	60	82	152	25	24	36	62	16	45	246	45	18	86	32	21	27	24	82	0	39	111	28	49	211	322	164	157
281	269	53	41	19	257	24	6	14	53	41	19	39	30	28	0	156	127	95	4	245	15	0	14	24	6	14	16	0	28	0	83	30	70	0	53	41	19	12	0	14	0	11	24	19	0	39	30	28	0	156	127	95	4	233	11	0	13	15	0	14	12	0	28	0	51	0	70	0	24	6	14	3	0	14	0	1	0	14	0	16	0	28	0	83	30	70	0	53	41	19	5	0	0	13	14	0	0	0	12	0	14	0	11	24	19	0	39	30	28	0	156	127	95	4	221	10	0	0	11	0	13	9	0	26	0	35	0	65	0	15	0	14	2	0	14	0	1	0	14	0	12	0	28	0	51	0	70	0	24	6	14	3	0	0	0	10	0	0	0	3	0	14	0	1	0	14	0	16	0	28	0	83	30	70	0	53	41	19	9	0	0	0	16	0	0	91	5	0	0	13	14	0	0	0	12	0	14	0	11	24	19	0	39	30	28	0	156	127	95	4
315	301	56	67	22	287	22	41	0	56	67	22	30	43	0	0	161	228	66	91	273	16	31	0	22	41	0	14	19	0	0	80	171	0	49	56	67	22	12	21	0	0	19	14	22	0	30	43	0	0	161	228	66	91	259	11	23	0	16	31	0	11	12	0	0	55	124	0	14	22	41	0	2	0	0	0	3	0	0	0	14	19	0	0	80	171	0	49	56	67	22	14	11	7	0	19	11	22	0	12	21	0	0	19	14	22	0	30	43	0	0	161	228	66	91	245	5	21	0	11	23	0	4	11	0	0	34	91	0	0	16	31	0	1	0	0	0	3	0	0	0	11	12	0	0	55	124	0	14	22	41	0	4	10	0	0	8	10	0	0	2	0	0	0	3	0	0	0	14	19	0	0	80	171	0	49	56	67	22	7	21	24	0	20	22	0	0	14	11	7	0	19	11	22	0	12	21	0	0	19	14	22	0	30	43	0	0	161	228	66	91
251	240	38	18	55	229	21	0	28	38	18	55	25	0	40	70	113	27	110	96	218	16	0	28	21	0	28	13	0	14	70	59	0	56	57	38	18	55	2	0	7	0	3	0	0	0	25	0	40	70	113	27	110	96	207	16	0	28	16	0	28	13	0	14	70	48	0	56	57	21	0	28	2	0	0	0	3	0	0	0	13	0	14	70	59	0	56	57	38	18	55	3	0	0	0	9	0	0	0	2	0	7	0	3	0	0	0	25	0	40	70	113	27	110	96	196	16	0	27	16	0	28	13	0	14	66	48	0	56	55	16	0	28	2	0	0	0	3	0	0	0	13	0	14	70	48	0	56	57	21	0	28	3	0	0	0	7	0	0	0	2	0	0	0	3	0	0	0	13	0	14	70	59	0	56	57	38	18	55	9	0	0	13	9	0	0	0	3	0	0	0	9	0	0	0	2	0	7	0	3	0	0	0	25	0	40	70	113	27	110	96
454	434	55	79	126	414	27	15	106	55	79	126	30	60	75	72	168	184	504	74	394	23	0	106	27	15	106	20	0	56	72	85	15	424	57	55	79	126	7	0	8	0	5	0	126	0	30	60	75	72	168	184	504	74	374	22	0	106	23	0	106	20	0	56	72	76	0	424	57	27	15	106	6	0	8	0	5	0	106	0	20	0	56	72	85	15	424	57	55	79	126	4	0	0	0	13	19	0	0	7	0	8	0	5	0	126	0	30	60	75	72	168	184	504	74	354	21	0	105	22	0	106	19	0	56	68	71	0	424	55	23	0	106	6	0	8	0	5	0	106	0	20	0	56	72	76	0	424	57	27	15	106	3	0	0	0	6	15	0	0	6	0	8	0	5	0	106	0	20	0	56	72	85	15	424	57	55	79	126	9	0	0	13	12	19	0	0	4	0	0	0	13	19	0	0	7	0	8	0	5	0	126	0	30	60	75	72	168	184	504	74
361	344	65	97	50	327	25	71	0	65	97	50	27	90	50	0	185	302	100	314	310	19	52	0	25	71	0	16	52	0	0	82	228	0	196	65	97	50	14	13	43	0	9	0	100	0	27	90	50	0	185	302	100	314	293	15	50	0	19	52	0	13	52	0	0	64	182	0	189	25	71	0	3	13	0	0	3	0	0	0	16	52	0	0	82	228	0	196	65	97	50	11	22	12	0	21	36	0	0	14	13	43	0	9	0	100	0	27	90	50	0	185	302	100	314	276	12	44	0	15	50	0	10	48	0	0	49	172	0	148	19	52	0	3	13	0	0	3	0	0	0	13	52	0	0	64	182	0	189	25	71	0	2	18	0	0	9	31	0	0	3	13	0	0	3	0	0	0	16	52	0	0	82	228	0	196	65	97	50	5	62	0	0	20	33	0	0	11	22	12	0	21	36	0	0	14	13	43	0	9	0	100	0	27	90	50	0	185	302	100	314
206	197	39	8	34	188	19	0	0	39	8	34	27	0	34	0	121	40	34	178	179	11	0	0	19	0	0	12	0	0	0	58	0	0	103	39	8	34	3	0	43	0	1	0	0	0	27	0	34	0	121	40	34	178	170	10	0	0	11	0	0	9	0	0	0	35	0	0	101	19	0	0	2	0	0	0	1	0	0	0	12	0	0	0	58	0	0	103	39	8	34	3	0	12	0	14	0	0	0	3	0	43	0	1	0	0	0	27	0	34	0	121	40	34	178	161	10	0	0	10	0	0	9	0	0	0	33	0	0	82	11	0	0	2	0	0	0	1	0	0	0	9	0	0	0	35	0	0	101	19	0	0	3	0	0	0	10	0	0	0	2	0	0	0	1	0	0	0	12	0	0	0	58	0	0	103	39	8	34	9	0	0	0	16	0	0	0	3	0	12	0	14	0	0	0	3	0	43	0	1	0	0	0	27	0	34	0	121	40	34	178
266	253	49	64	6	240	19	42	0	49	64	6	23	53	6	0	128	153	18	19	227	15	36	0	19	42	0	10	36	0	0	59	104	0	14	49	64	6	9	9	0	0	4	10	6	0	23	53	6	0	128	153	18	19	214	13	36	0	15	36	0	10	36	0	0	50	99	0	14	19	42	0	3	9	0	0	3	9	0	0	10	36	0	0	59	104	0	14	49	64	6	4	0	0	0	11	17	0	0	9	9	0	0	4	10	6	0	23	53	6	0	128	153	18	19	201	12	35	0	13	36	0	9	36	0	0	42	99	0	13	15	36	0	3	9	0	0	3	9	0	0	10	36	0	0	50	99	0	14	19	42	0	3	0	0	0	5	14	0	0	3	9	0	0	3	9	0	0	10	36	0	0	59	104	0	14	49	64	6	8	8	0	0	11	8	0	0	4	0	0	0	11	17	0	0	9	9	0	0	4	10	6	0	23	53	6	0	128	153	18	19
250	238	47	36	38	226	22	20	8	47	36	38	23	0	29	8	119	84	76	187	214	21	20	8	22	20	8	18	0	8	8	67	60	16	134	47	36	38	6	0	0	0	4	10	0	0	23	0	29	8	119	84	76	187	202	20	20	8	21	20	8	18	0	8	8	64	60	16	134	22	20	8	5	0	0	0	4	10	0	0	18	0	8	8	67	60	16	134	47	36	38	2	0	0	0	12	8	0	0	6	0	0	0	4	10	0	0	23	0	29	8	119	84	76	187	190	19	20	8	20	20	8	17	0	8	8	59	60	16	134	21	20	8	5	0	0	0	4	10	0	0	18	0	8	8	64	60	16	134	22	20	8	1	0	0	0	2	0	0	0	5	0	0	0	4	10	0	0	18	0	8	8	67	60	16	134	47	36	38	3	0	0	0	12	8	0	0	2	0	0	0	12	8	0	0	6	0	0	0	4	10	0	0	23	0	29	8	119	84	76	187
252	240	49	39	30	228	23	11	28	48	39	30	16	0	31	17	128	92	120	0	216	23	11	26	22	11	28	16	0	30	17	71	22	112	0	48	39	30	9	0	0	18	11	0	0	0	16	0	31	17	128	92	120	0	204	21	11	26	22	11	26	16	0	26	17	71	22	104	0	22	11	28	4	0	0	18	4	0	0	0	16	0	30	17	71	22	112	0	48	39	30	10	0	0	0	12	14	0	0	9	0	0	18	11	0	0	0	16	0	31	17	128	92	120	0	192	18	11	26	20	11	26	13	0	26	17	61	22	104	0	22	11	26	4	0	0	18	4	0	0	0	16	0	26	17	71	22	104	0	22	11	28	1	0	0	0	2	0	0	0	4	0	0	18	4	0	0	0	16	0	30	17	71	22	112	0	48	39	30	2	0	0	0	11	21	0	0	10	0	0	0	12	14	0	0	9	0	0	18	11	0	0	0	16	0	31	17	128	92	120	0
457	436	71	80	152	415	36	0	96	71	80	152	29	0	121	180	199	240	760	216	394	35	0	40	36	0	96	26	0	73	45	116	0	480	106	71	80	152	21	0	14	74	16	0	0	314	29	0	121	180	199	240	760	216	373	31	0	40	35	0	40	26	0	26	45	114	0	200	106	36	0	96	6	0	12	74	4	0	0	196	26	0	73	45	116	0	480	106	71	80	152	25	0	0	0	22	64	0	0	21	0	14	74	16	0	0	314	29	0	121	180	199	240	760	216	352	24	0	40	31	0	40	19	0	26	45	97	0	200	106	35	0	40	6	0	0	74	4	0	0	189	26	0	26	45	114	0	200	106	36	0	96	3	0	0	0	7	0	0	0	6	0	12	74	4	0	0	196	26	0	73	45	116	0	480	106	71	80	152	12	0	19	0	22	80	0	0	25	0	0	0	22	64	0	0	21	0	14	74	16	0	0	314	29	0	121	180	199	240	760	216
237	225	45	43	38	213	22	32	0	45	43	38	21	32	38	0	117	85	38	237	201	21	32	0	22	32	0	16	32	0	0	73	72	0	134	45	43	38	7	0	0	0	4	8	0	0	21	32	38	0	117	85	38	237	189	20	32	0	21	32	0	16	32	0	0	70	72	0	134	22	32	0	6	0	0	0	4	8	0	0	16	32	0	0	73	72	0	134	45	43	38	4	0	0	0	11	7	0	0	7	0	0	0	4	8	0	0	21	32	38	0	117	85	38	237	177	18	32	0	20	32	0	15	32	0	0	65	72	0	134	21	32	0	6	0	0	0	4	8	0	0	16	32	0	0	70	72	0	134	22	32	0	1	0	0	0	3	0	0	0	6	0	0	0	4	8	0	0	16	32	0	0	73	72	0	134	45	43	38	7	0	9	0	10	7	0	0	4	0	0	0	11	7	0	0	7	0	0	0	4	8	0	0	21	32	38	0	117	85	38	237
247	234	57	63	15	221	20	42	0	56	63	15	14	52	15	0	131	197	45	126	208	19	40	0	19	42	0	9	48	0	0	50	149	0	106	56	63	15	3	16	0	0	8	8	0	0	14	52	15	0	131	197	45	126	195	18	40	0	18	40	0	9	48	0	0	47	144	0	106	19	42	0	2	16	0	0	3	8	0	0	9	48	0	0	50	149	0	106	56	63	15	2	0	0	0	16	5	0	0	3	16	0	0	8	8	0	0	14	52	15	0	131	197	45	126	182	17	40	0	17	40	0	8	48	0	0	42	144	0	106	18	40	0	2	16	0	0	3	8	0	0	9	48	0	0	47	144	0	106	19	42	0	1	0	0	0	1	0	0	0	2	16	0	0	3	8	0	0	9	48	0	0	50	149	0	106	56	63	15	2	0	0	0	17	5	0	0	2	0	0	0	16	5	0	0	3	16	0	0	8	8	0	0	14	52	15	0	131	197	45	126
304	289	48	47	80	274	27	14	46	48	47	80	26	0	27	63	122	80	240	197	259	24	14	43	27	14	46	17	0	26	58	84	14	138	124	48	47	80	19	0	0	32	12	33	0	0	26	0	27	63	122	80	240	197	244	20	14	28	24	14	43	17	0	24	42	76	14	129	66	27	14	46	4	0	0	8	2	0	0	0	17	0	26	58	84	14	138	124	48	47	80	22	0	0	29	7	0	0	82	19	0	0	32	12	33	0	0	26	0	27	63	122	80	240	197	229	15	14	27	20	14	28	10	0	11	42	59	14	84	66	24	14	43	4	0	0	8	2	0	0	0	17	0	24	42	76	14	129	66	27	14	46	3	0	0	28	5	0	0	46	4	0	0	8	2	0	0	0	17	0	26	58	84	14	138	124	48	47	80	6	0	0	10	4	0	0	0	22	0	0	29	7	0	0	82	19	0	0	32	12	33	0	0	26	0	27	63	122	80	240	197
363	345	68	91	84	327	32	45	55	68	91	84	27	30	37	64	154	302	336	182	309	28	41	41	32	45	55	15	30	36	41	91	195	220	124	68	91	84	22	44	0	45	14	44	0	50	27	30	37	64	154	302	336	182	291	21	22	16	28	41	41	14	22	34	18	81	175	164	66	32	45	55	3	0	0	0	1	0	0	0	15	30	36	41	91	195	220	124	68	91	84	16	88	22	46	14	27	84	104	22	44	0	45	14	44	0	50	27	30	37	64	154	302	336	182	273	14	0	9	21	22	16	6	0	14	18	55	88	64	66	28	41	41	3	0	0	0	1	0	0	0	14	22	34	18	81	175	164	66	32	45	55	3	0	19	18	7	15	55	46	3	0	0	0	1	0	0	0	15	30	36	41	91	195	220	124	68	91	84	8	0	44	0	14	0	168	26	16	88	22	46	14	27	84	104	22	44	0	45	14	44	0	50	27	30	37	64	154	302	336	182
323	306	70	109	31	289	30	74	14	70	109	31	30	59	15	14	157	288	155	152	272	25	64	12	30	74	14	15	59	14	12	87	203	70	96	70	109	31	17	60	0	24	15	30	0	0	30	59	15	14	157	288	155	152	255	19	40	0	25	64	12	14	39	12	0	75	168	60	40	30	74	14	2	0	0	0	3	0	0	0	15	59	14	12	87	203	70	96	70	109	31	14	86	0	0	25	45	62	82	17	60	0	24	15	30	0	0	30	59	15	14	157	288	155	152	238	12	24	0	19	40	0	3	13	0	0	54	90	0	40	25	64	12	2	0	0	0	3	0	0	0	14	39	12	0	75	168	60	40	30	74	14	1	22	0	0	10	33	28	46	2	0	0	0	3	0	0	0	15	59	14	12	87	203	70	96	70	109	31	8	48	0	0	23	52	62	0	14	86	0	0	25	45	62	82	17	60	0	24	15	30	0	0	30	59	15	14	157	288	155	152
337	320	69	70	81	303	36	56	29	69	70	81	32	27	0	93	174	270	81	273	286	35	53	0	36	56	29	27	26	0	0	104	248	29	132	69	70	81	23	40	0	0	20	15	0	182	32	27	0	93	174	270	81	273	269	30	39	0	35	53	0	27	25	0	0	101	235	0	74	36	56	29	4	27	0	0	4	14	0	106	27	26	0	0	104	248	29	132	69	70	81	20	26	11	0	19	14	81	0	23	40	0	0	20	15	0	182	32	27	0	93	174	270	81	273	252	23	25	0	30	39	0	19	12	0	0	81	167	0	74	35	53	0	4	25	0	0	4	13	0	106	27	25	0	0	101	235	0	74	36	56	29	2	13	9	0	6	13	29	0	4	27	0	0	4	14	0	106	27	26	0	0	104	248	29	132	69	70	81	4	25	30	0	12	0	81	0	20	26	11	0	19	14	81	0	23	40	0	0	20	15	0	182	32	27	0	93	174	270	81	273
249	236	47	48	36	223	25	30	0	46	48	36	15	20	0	0	119	86	72	235	210	25	30	0	24	30	0	15	20	0	0	77	60	0	132	46	48	36	19	0	0	0	18	0	0	0	15	20	0	0	119	86	72	235	197	21	30	0	24	30	0	15	20	0	0	77	60	0	74	24	30	0	4	0	0	0	3	0	0	0	15	20	0	0	77	60	0	132	46	48	36	22	0	0	0	13	0	0	0	19	0	0	0	18	0	0	0	15	20	0	0	119	86	72	235	184	16	30	0	20	30	0	8	20	0	0	60	60	0	74	24	30	0	4	0	0	0	3	0	0	0	15	20	0	0	77	60	0	74	24	30	0	3	0	0	0	5	0	0	0	4	0	0	0	3	0	0	0	15	20	0	0	77	60	0	132	46	48	36	6	0	0	0	7	0	0	0	22	0	0	0	13	0	0	0	19	0	0	0	18	0	0	0	15	20	0	0	119	86	72	235
371	352	38	50	133	333	24	18	92	38	50	133	25	0	21	68	81	34	266	231	314	16	18	91	24	18	92	10	0	21	65	63	18	184	115	38	50	133	3	0	23	14	1	0	0	0	25	0	21	68	81	34	266	231	295	10	18	89	16	18	91	3	0	21	59	39	18	182	96	24	18	92	0	0	0	12	0	0	0	0	10	0	21	65	63	18	184	115	38	50	133	2	0	46	24	6	0	0	0	3	0	23	14	1	0	0	0	25	0	21	68	81	34	266	231	276	10	18	68	10	18	89	3	0	21	18	21	18	178	44	16	18	91	0	0	0	0	0	0	0	0	3	0	21	59	39	18	182	96	24	18	92	2	0	11	0	6	0	0	0	0	0	0	12	0	0	0	0	10	0	21	65	63	18	184	115	38	50	133	6	0	0	75	8	0	0	82	2	0	46	24	6	0	0	0	3	0	23	14	1	0	0	0	25	0	21	68	81	34	266	231
215	204	35	31	27	193	19	7	21	35	31	27	18	21	12	0	71	48	81	31	182	13	0	21	19	7	21	6	0	12	0	51	14	63	14	35	31	27	3	0	12	0	0	0	27	0	18	21	12	0	71	48	81	31	171	10	0	21	13	0	21	1	0	12	0	34	0	63	12	19	7	21	0	0	0	0	0	0	21	0	6	0	12	0	51	14	63	14	35	31	27	2	0	12	0	9	0	0	0	3	0	12	0	0	0	27	0	18	21	12	0	71	48	81	31	160	10	0	21	10	0	21	1	0	12	0	27	0	63	0	13	0	21	0	0	0	0	0	0	21	0	1	0	12	0	34	0	63	12	19	7	21	2	0	0	0	6	0	0	0	0	0	0	0	0	0	21	0	6	0	12	0	51	14	63	14	35	31	27	10	0	0	0	14	0	0	0	2	0	12	0	9	0	0	0	3	0	12	0	0	0	27	0	18	21	12	0	71	48	81	31
271	257	43	57	40	243	22	24	11	43	57	40	14	72	0	11	98	120	120	195	229	17	0	11	22	24	11	8	0	0	11	62	64	33	115	43	57	40	3	0	23	0	1	0	120	0	14	72	0	11	98	120	120	195	215	11	0	11	17	0	11	1	0	0	11	46	0	33	96	22	24	11	0	0	0	0	0	0	33	0	8	0	0	11	62	64	33	115	43	57	40	2	0	46	0	18	0	0	0	3	0	23	0	1	0	120	0	14	72	0	11	98	120	120	195	201	11	0	7	11	0	11	1	0	0	7	28	0	33	44	17	0	11	0	0	0	0	0	0	33	0	1	0	0	11	46	0	33	96	22	24	11	2	0	11	0	7	0	0	0	0	0	0	0	0	0	33	0	8	0	0	11	62	64	33	115	43	57	40	10	0	0	28	24	0	0	0	2	0	46	0	18	0	0	0	3	0	23	0	1	0	120	0	14	72	0	11	98	120	120	195
212	201	38	19	48	190	26	10	0	38	19	48	27	0	0	0	92	10	48	312	179	17	10	0	26	10	0	12	0	0	0	75	10	0	144	38	19	48	5	0	35	0	2	0	0	0	27	0	0	0	92	10	48	312	168	11	10	0	17	10	0	4	0	0	0	46	10	0	96	26	10	0	2	0	0	0	1	0	0	0	12	0	0	0	75	10	0	144	38	19	48	3	0	46	0	7	0	0	0	5	0	35	0	2	0	0	0	27	0	0	0	92	10	48	312	157	10	10	0	11	10	0	3	0	0	0	26	10	0	44	17	10	0	1	0	0	0	1	0	0	0	4	0	0	0	46	10	0	96	26	10	0	3	0	0	0	7	0	0	0	2	0	0	0	1	0	0	0	12	0	0	0	75	10	0	144	38	19	48	7	0	12	0	8	0	0	0	3	0	46	0	7	0	0	0	5	0	35	0	2	0	0	0	27	0	0	0	92	10	48	312
238	225	47	59	17	212	25	37	0	47	59	17	27	27	0	0	111	118	51	115	199	18	28	0	25	37	0	15	6	0	0	75	87	0	69	47	59	17	2	18	23	0	4	0	17	0	27	27	0	0	111	118	51	115	186	12	22	0	18	28	0	9	0	0	0	53	72	0	53	25	37	0	0	0	0	0	2	0	0	0	15	6	0	0	75	87	0	69	47	59	17	6	0	34	0	13	20	17	0	2	18	23	0	4	0	17	0	27	27	0	0	111	118	51	115	173	8	20	0	12	22	0	1	0	0	0	32	66	0	16	18	28	0	0	0	0	0	2	0	0	0	9	0	0	0	53	72	0	53	25	37	0	2	0	0	0	10	18	0	0	0	0	0	0	2	0	0	0	15	6	0	0	75	87	0	69	47	59	17	8	20	0	0	15	40	0	0	6	0	34	0	13	20	17	0	2	18	23	0	4	0	17	0	27	27	0	0	111	118	51	115
171	162	16	0	70	153	7	0	21	16	0	70	1	0	37	33	37	0	0	265	144	6	0	21	7	0	21	0	0	0	33	17	0	0	124	16	0	70	0	0	6	0	0	0	0	0	1	0	37	33	37	0	0	265	135	6	0	21	6	0	21	0	0	0	33	16	0	0	123	7	0	21	0	0	0	0	0	0	0	0	0	0	0	33	17	0	0	124	16	0	70	0	0	0	0	2	0	0	0	0	0	6	0	0	0	0	0	1	0	37	33	37	0	0	265	126	6	0	21	6	0	21	0	0	0	33	16	0	0	121	6	0	21	0	0	0	0	0	0	0	0	0	0	0	33	16	0	0	123	7	0	21	0	0	0	0	2	0	0	0	0	0	0	0	0	0	0	0	0	0	0	33	17	0	0	124	16	0	70	2	0	0	0	4	0	0	0	0	0	0	0	2	0	0	0	0	0	6	0	0	0	0	0	1	0	37	33	37	0	0	265
163	154	27	15	37	145	10	8	0	27	15	37	3	0	37	0	73	38	37	217	136	9	8	0	10	8	0	2	0	0	0	32	24	0	124	27	15	37	0	0	6	0	0	0	0	0	3	0	37	0	73	38	37	217	127	9	8	0	9	8	0	2	0	0	0	31	24	0	123	10	8	0	0	0	0	0	0	0	0	0	2	0	0	0	32	24	0	124	27	15	37	0	0	0	0	6	0	0	0	0	0	6	0	0	0	0	0	3	0	37	0	73	38	37	217	118	9	8	0	9	8	0	2	0	0	0	31	24	0	121	9	8	0	0	0	0	0	0	0	0	0	2	0	0	0	31	24	0	123	10	8	0	0	0	0	0	3	0	0	0	0	0	0	0	0	0	0	0	2	0	0	0	32	24	0	124	27	15	37	6	0	0	0	10	0	0	0	0	0	0	0	6	0	0	0	0	0	6	0	0	0	0	0	3	0	37	0	73	38	37	217
200	189	42	31	21	178	16	10	0	42	31	21	12	0	37	0	117	92	63	84	167	15	10	0	16	10	0	11	0	0	0	56	50	0	32	42	31	21	2	0	6	0	2	0	0	0	12	0	37	0	117	92	63	84	156	15	10	0	15	10	0	11	0	0	0	55	50	0	32	16	10	0	2	0	0	0	1	0	0	0	11	0	0	0	56	50	0	32	42	31	21	0	0	0	0	12	0	0	0	2	0	6	0	2	0	0	0	12	0	37	0	117	92	63	84	145	15	10	0	15	10	0	11	0	0	0	55	50	0	32	15	10	0	2	0	0	0	1	0	0	0	11	0	0	0	55	50	0	32	16	10	0	0	0	0	0	4	0	0	0	2	0	0	0	1	0	0	0	11	0	0	0	56	50	0	32	42	31	21	12	0	0	0	20	0	0	0	0	0	0	0	12	0	0	0	2	0	6	0	2	0	0	0	12	0	37	0	117	92	63	84
166	156	42	35	0	146	11	21	0	42	35	0	9	14	0	0	120	121	0	0	136	11	21	0	11	21	0	9	14	0	0	42	84	0	0	42	35	0	2	0	0	0	2	0	0	0	9	14	0	0	120	121	0	0	126	11	21	0	11	21	0	9	14	0	0	42	84	0	0	11	21	0	2	0	0	0	1	0	0	0	9	14	0	0	42	84	0	0	42	35	0	0	0	0	0	14	0	0	0	2	0	0	0	2	0	0	0	9	14	0	0	120	121	0	0	116	11	21	0	11	21	0	9	14	0	0	42	84	0	0	11	21	0	2	0	0	0	1	0	0	0	9	14	0	0	42	84	0	0	11	21	0	0	0	0	0	2	0	0	0	2	0	0	0	1	0	0	0	9	14	0	0	42	84	0	0	42	35	0	10	0	0	0	21	0	0	0	0	0	0	0	14	0	0	0	2	0	0	0	2	0	0	0	9	14	0	0	120	121	0	0
141	133	39	17	0	125	12	7	0	39	17	0	11	0	0	0	110	65	0	0	117	12	7	0	12	7	0	11	0	0	0	46	35	0	0	39	17	0	2	0	0	0	3	0	0	0	11	0	0	0	110	65	0	0	109	12	7	0	12	7	0	11	0	0	0	46	35	0	0	12	7	0	2	0	0	0	1	0	0	0	11	0	0	0	46	35	0	0	39	17	0	0	0	0	0	20	0	0	0	2	0	0	0	3	0	0	0	11	0	0	0	110	65	0	0	101	12	7	0	12	7	0	11	0	0	0	46	35	0	0	12	7	0	2	0	0	0	1	0	0	0	11	0	0	0	46	35	0	0	12	7	0	0	0	0	0	2	0	0	0	2	0	0	0	1	0	0	0	11	0	0	0	46	35	0	0	39	17	0	10	0	0	0	27	0	0	0	0	0	0	0	20	0	0	0	2	0	0	0	3	0	0	0	11	0	0	0	110	65	0	0
283	267	63	55	77	251	30	0	72	63	55	77	31	0	103	24	161	165	385	0	235	27	0	54	30	0	72	24	0	103	0	93	0	360	0	63	55	77	21	0	26	86	6	11	0	40	31	0	103	24	161	165	385	0	219	21	0	22	27	0	54	22	0	84	0	82	0	270	0	30	0	72	4	0	26	0	4	0	0	11	24	0	103	0	93	0	360	0	63	55	77	14	0	0	33	27	66	0	196	21	0	26	86	6	11	0	40	31	0	103	24	161	165	385	0	203	13	0	19	21	0	22	11	0	33	0	61	0	110	0	27	0	54	2	0	25	0	3	0	0	11	22	0	84	0	82	0	270	0	30	0	72	1	0	0	28	9	0	0	98	4	0	26	0	4	0	0	11	24	0	103	0	93	0	360	0	63	55	77	16	0	24	28	38	66	0	0	14	0	0	33	27	66	0	196	21	0	26	86	6	11	0	40	31	0	103	24	161	165	385	0
276	260	53	52	60	244	27	28	32	53	52	60	22	0	31	63	143	134	120	58	228	27	28	6	27	28	32	22	0	28	0	86	98	64	0	53	52	60	8	0	0	30	6	0	0	84	22	0	31	63	143	134	120	58	212	23	28	0	27	28	6	22	0	12	0	86	98	12	0	27	28	32	2	0	0	0	3	0	0	32	22	0	28	0	86	98	64	0	53	52	60	10	0	0	0	27	50	0	31	8	0	0	30	6	0	0	84	22	0	31	63	143	134	120	58	196	16	24	0	23	28	0	12	0	0	0	72	98	0	0	27	28	6	2	0	0	0	3	0	0	32	22	0	12	0	86	98	12	0	27	28	32	0	0	0	0	7	14	0	14	2	0	0	0	3	0	0	32	22	0	28	0	86	98	64	0	53	52	60	11	48	11	0	38	74	0	0	10	0	0	0	27	50	0	31	8	0	0	30	6	0	0	84	22	0	31	63	143	134	120	58
161	152	34	8	23	143	19	0	8	34	8	23	19	0	0	24	104	8	23	21	134	19	0	0	19	0	8	19	0	0	0	69	0	8	0	34	8	23	4	0	0	0	4	0	0	40	19	0	0	24	104	8	23	21	125	17	0	0	19	0	0	19	0	0	0	69	0	0	0	19	0	8	2	0	0	0	3	0	0	11	19	0	0	0	69	0	8	0	34	8	23	4	0	0	0	23	16	0	0	4	0	0	0	4	0	0	40	19	0	0	24	104	8	23	21	116	13	0	0	17	0	0	11	0	0	0	62	0	0	0	19	0	0	2	0	0	0	3	0	0	11	19	0	0	0	69	0	0	0	19	0	8	0	0	0	0	7	0	0	0	2	0	0	0	3	0	0	11	19	0	0	0	69	0	8	0	34	8	23	10	0	0	0	28	32	0	0	4	0	0	0	23	16	0	0	4	0	0	0	4	0	0	40	19	0	0	24	104	8	23	21
250	234	59	92	12	218	19	62	0	59	92	12	16	96	0	0	154	304	36	21	202	18	60	0	19	62	0	12	90	0	0	61	228	0	0	59	92	12	6	20	0	0	5	12	0	0	16	96	0	0	154	304	36	21	186	14	60	0	18	60	0	12	90	0	0	58	220	0	0	19	62	0	0	20	0	0	2	10	0	0	12	90	0	0	61	228	0	0	59	92	12	8	0	0	0	22	31	0	0	6	20	0	0	5	12	0	0	16	96	0	0	154	304	36	21	170	8	54	0	14	60	0	2	90	0	0	44	220	0	0	18	60	0	0	20	0	0	2	10	0	0	12	90	0	0	58	220	0	0	19	62	0	0	0	0	0	7	10	0	0	0	20	0	0	2	10	0	0	12	90	0	0	61	228	0	0	59	92	12	5	42	0	0	31	45	0	0	8	0	0	0	22	31	0	0	6	20	0	0	5	12	0	0	16	96	0	0	154	304	36	21
176	166	44	24	5	156	22	0	0	44	24	5	20	0	0	0	109	66	20	0	146	22	0	0	22	0	0	20	0	0	0	74	0	0	0	44	24	5	11	0	0	0	5	0	0	0	20	0	0	0	109	66	20	0	136	18	0	0	22	0	0	20	0	0	0	74	0	0	0	22	0	0	2	0	0	0	3	0	0	0	20	0	0	0	74	0	0	0	44	24	5	6	0	0	0	22	24	0	0	11	0	0	0	5	0	0	0	20	0	0	0	109	66	20	0	126	13	0	0	18	0	0	11	0	0	0	60	0	0	0	22	0	0	2	0	0	0	3	0	0	0	20	0	0	0	74	0	0	0	22	0	0	0	0	0	0	8	0	0	0	2	0	0	0	3	0	0	0	20	0	0	0	74	0	0	0	44	24	5	11	0	0	0	31	30	0	0	6	0	0	0	22	24	0	0	11	0	0	0	5	0	0	0	20	0	0	0	109	66	20	0
235	221	38	33	81	207	23	0	54	38	33	81	27	0	14	40	87	22	243	94	193	22	0	54	23	0	54	23	0	13	40	69	0	162	72	38	33	81	20	0	0	0	5	0	0	0	27	0	14	40	87	22	243	94	179	16	0	48	22	0	54	21	0	13	36	64	0	162	54	23	0	54	3	0	0	0	3	0	0	0	23	0	13	40	69	0	162	72	38	33	81	11	0	0	68	8	0	0	0	20	0	0	0	5	0	0	0	27	0	14	40	87	22	243	94	165	8	0	33	16	0	48	10	0	13	22	43	0	144	22	22	0	54	2	0	0	0	3	0	0	0	21	0	13	36	64	0	162	54	23	0	54	1	0	0	22	8	0	0	0	3	0	0	0	3	0	0	0	23	0	13	40	69	0	162	72	38	33	81	4	0	14	44	14	0	0	84	11	0	0	68	8	0	0	0	20	0	0	0	5	0	0	0	27	0	14	40	87	22	243	94
281	264	46	71	83	247	21	16	61	46	71	83	26	0	46	63	94	136	415	82	230	18	11	61	21	16	61	15	0	44	63	54	48	305	72	46	71	83	14	55	9	0	7	11	0	0	26	0	46	63	94	136	415	82	213	11	0	51	18	11	61	13	0	44	48	46	33	305	54	21	16	61	1	0	9	0	2	0	0	0	15	0	44	63	54	48	305	72	46	71	83	11	0	27	86	12	0	83	0	14	55	9	0	7	11	0	0	26	0	46	63	94	136	415	82	196	4	0	19	11	0	51	1	0	43	11	22	0	255	22	18	11	61	0	0	9	0	2	0	0	0	13	0	44	48	46	33	305	54	21	16	61	1	0	24	0	7	0	61	0	1	0	9	0	2	0	0	0	15	0	44	63	54	48	305	72	46	71	83	4	0	13	30	15	0	0	196	11	0	27	86	12	0	83	0	14	55	9	0	7	11	0	0	26	0	46	63	94	136	415	82
283	265	71	91	67	247	39	72	20	71	91	67	51	96	0	31	170	238	67	177	229	36	70	17	39	72	20	41	96	0	28	111	216	20	112	71	91	67	37	22	0	18	11	28	0	0	51	96	0	31	170	238	67	177	211	26	44	6	36	70	17	31	88	0	12	97	209	17	60	39	72	20	8	0	0	0	1	24	0	0	41	96	0	28	111	216	20	112	71	91	67	24	44	13	30	18	70	134	17	37	22	0	18	11	28	0	0	51	96	0	31	170	238	67	177	193	12	0	0	26	44	6	22	0	0	0	67	121	6	22	36	70	17	5	0	0	0	1	24	0	0	31	88	0	12	97	209	17	60	39	72	20	1	0	11	0	8	60	40	0	8	0	0	0	1	24	0	0	41	96	0	28	111	216	20	112	71	91	67	16	0	71	0	16	64	268	31	24	44	13	30	18	70	134	17	37	22	0	18	11	28	0	0	51	96	0	31	170	238	67	177
204	191	51	49	36	178	31	32	0	51	49	36	39	10	0	0	123	74	72	154	165	30	30	0	31	32	0	35	10	0	0	90	72	0	104	51	49	36	23	16	0	0	8	0	0	0	39	10	0	0	123	74	72	154	152	24	20	0	30	30	0	33	8	0	0	85	64	0	60	31	32	0	6	0	0	0	3	0	0	0	35	10	0	0	90	72	0	104	51	49	36	23	16	0	0	15	11	36	0	23	16	0	0	8	0	0	0	39	10	0	0	123	74	72	154	139	11	11	0	24	20	0	22	0	0	0	65	28	0	22	30	30	0	5	0	0	0	3	0	0	0	33	8	0	0	85	64	0	60	31	32	0	1	0	0	0	10	10	0	0	6	0	0	0	3	0	0	0	35	10	0	0	90	72	0	104	51	49	36	15	11	38	0	14	41	36	0	23	16	0	0	15	11	36	0	23	16	0	0	8	0	0	0	39	10	0	0	123	74	72	154
224	209	59	88	11	194	23	59	0	59	88	11	28	71	0	0	125	227	44	77	179	22	45	0	23	59	0	23	41	0	0	57	160	0	72	59	88	11	14	49	0	0	12	5	11	0	28	71	0	0	125	227	44	77	164	17	30	0	22	45	0	23	23	0	0	54	105	0	54	23	59	0	3	5	0	0	2	0	0	0	23	41	0	0	57	160	0	72	59	88	11	20	32	0	0	21	12	22	0	14	49	0	0	12	5	11	0	28	71	0	0	125	227	44	77	149	8	22	0	17	30	0	13	12	0	0	37	59	0	22	22	45	0	3	0	0	0	2	0	0	0	23	23	0	0	54	105	0	54	23	59	0	0	10	0	0	8	10	0	0	3	5	0	0	2	0	0	0	23	41	0	0	57	160	0	72	59	88	11	13	32	0	0	17	42	11	0	20	32	0	0	21	12	22	0	14	49	0	0	12	5	11	0	28	71	0	0	125	227	44	77
159	149	13	9	55	139	3	0	41	13	9	55	5	0	26	37	23	0	55	83	129	1	0	40	3	0	41	0	0	25	35	7	0	41	61	13	9	55	0	0	11	13	0	0	0	0	5	0	26	37	23	0	55	83	119	1	0	40	1	0	40	0	0	25	35	1	0	40	61	3	0	41	0	0	0	13	0	0	0	0	0	0	25	35	7	0	41	61	13	9	55	0	0	0	0	0	0	0	0	0	0	11	13	0	0	0	0	5	0	26	37	23	0	55	83	109	1	0	40	1	0	40	0	0	25	35	1	0	40	51	1	0	40	0	0	0	13	0	0	0	0	0	0	25	35	1	0	40	61	3	0	41	0	0	0	0	0	0	0	0	0	0	0	13	0	0	0	0	0	0	25	35	7	0	41	61	13	9	55	0	0	0	0	0	0	0	0	0	0	0	0	0	0	0	0	0	0	11	13	0	0	0	0	5	0	26	37	23	0	55	83
249	233	40	65	67	217	17	10	49	40	65	67	13	50	47	23	90	155	335	94	201	11	0	48	17	10	49	7	0	41	22	39	30	245	61	40	65	67	1	0	52	13	2	0	67	0	13	50	47	23	90	155	335	94	185	10	0	48	11	0	48	5	0	41	22	21	0	240	61	17	10	49	0	0	30	13	0	0	49	0	7	0	41	22	39	30	245	61	40	65	67	1	0	5	0	6	0	0	0	1	0	52	13	2	0	67	0	13	50	47	23	90	155	335	94	169	10	0	47	10	0	48	5	0	41	21	19	0	240	51	11	0	48	0	0	29	12	0	0	48	0	5	0	41	22	21	0	240	61	17	10	49	1	0	0	0	1	0	0	0	0	0	30	13	0	0	49	0	7	0	41	22	39	30	245	61	40	65	67	3	0	0	12	12	0	0	0	1	0	5	0	6	0	0	0	1	0	52	13	2	0	67	0	13	50	47	23	90	155	335	94
137	128	20	8	46	119	15	8	0	20	8	46	14	0	5	0	49	8	0	278	110	9	8	0	15	8	0	12	0	0	0	41	8	0	135	20	8	46	1	0	51	0	2	0	0	0	14	0	5	0	49	8	0	278	101	3	8	0	9	8	0	1	0	0	0	20	8	0	132	15	8	0	0	0	0	0	2	0	0	0	12	0	0	0	41	8	0	135	20	8	46	1	0	57	0	7	0	0	0	1	0	51	0	2	0	0	0	14	0	5	0	49	8	0	278	92	3	8	0	3	8	0	1	0	0	0	5	8	0	105	9	8	0	0	0	0	0	2	0	0	0	1	0	0	0	20	8	0	132	15	8	0	1	0	0	0	7	0	0	0	0	0	0	0	2	0	0	0	12	0	0	0	41	8	0	135	20	8	46	4	0	0	0	13	0	0	0	1	0	57	0	7	0	0	0	1	0	51	0	2	0	0	0	14	0	5	0	49	8	0	278
128	120	20	0	35	112	11	0	0	20	0	35	11	0	5	0	45	0	0	211	104	6	0	0	11	0	0	4	0	0	0	27	0	0	115	20	0	35	1	0	29	0	0	0	0	0	11	0	5	0	45	0	0	211	96	4	0	0	6	0	0	1	0	0	0	10	0	0	115	11	0	0	0	0	0	0	0	0	0	0	4	0	0	0	27	0	0	115	20	0	35	1	0	13	0	2	0	0	0	1	0	29	0	0	0	0	0	11	0	5	0	45	0	0	211	88	4	0	0	4	0	0	1	0	0	0	6	0	0	99	6	0	0	0	0	0	0	0	0	0	0	1	0	0	0	10	0	0	115	11	0	0	1	0	0	0	2	0	0	0	0	0	0	0	0	0	0	0	4	0	0	0	27	0	0	115	20	0	35	4	0	0	0	8	0	0	0	1	0	13	0	2	0	0	0	1	0	29	0	0	0	0	0	11	0	5	0	45	0	0	211
142	133	19	14	27	124	10	0	0	19	14	27	11	0	5	0	45	14	54	175	115	6	0	0	10	0	0	4	0	0	0	24	0	0	115	19	14	27	1	0	21	0	0	0	0	0	11	0	5	0	45	14	54	175	106	5	0	0	6	0	0	2	0	0	0	11	0	0	115	10	0	0	0	0	0	0	0	0	0	0	4	0	0	0	24	0	0	115	19	14	27	1	0	5	0	1	0	0	0	1	0	21	0	0	0	0	0	11	0	5	0	45	14	54	175	97	5	0	0	5	0	0	2	0	0	0	9	0	0	99	6	0	0	0	0	0	0	0	0	0	0	2	0	0	0	11	0	0	115	10	0	0	1	0	0	0	1	0	0	0	0	0	0	0	0	0	0	0	4	0	0	0	24	0	0	115	19	14	27	3	0	0	0	7	0	0	0	1	0	5	0	1	0	0	0	1	0	21	0	0	0	0	0	11	0	5	0	45	14	54	175
135	126	20	0	48	117	8	0	18	20	0	48	4	0	10	36	45	0	0	149	108	8	0	17	8	0	18	4	0	0	34	15	0	0	90	20	0	48	0	0	0	9	0	0	0	0	4	0	10	36	45	0	0	149	99	8	0	17	8	0	17	4	0	0	34	15	0	0	88	8	0	18	0	0	0	9	0	0	0	0	4	0	0	34	15	0	0	90	20	0	48	0	0	0	0	0	0	0	0	0	0	0	9	0	0	0	0	4	0	10	36	45	0	0	149	90	8	0	17	8	0	17	4	0	0	34	15	0	0	88	8	0	17	0	0	0	9	0	0	0	0	4	0	0	34	15	0	0	88	8	0	18	0	0	0	0	0	0	0	0	0	0	0	9	0	0	0	0	4	0	0	34	15	0	0	90	20	0	48	0	0	0	0	6	0	0	0	0	0	0	0	0	0	0	0	0	0	0	9	0	0	0	0	4	0	10	36	45	0	0	149
155	144	29	31	29	133	11	10	16	28	31	29	6	0	28	24	61	52	87	67	122	11	10	16	10	10	16	6	0	16	24	22	10	48	49	28	31	29	0	0	0	0	3	0	0	0	6	0	28	24	61	52	87	67	111	11	10	16	10	10	16	6	0	16	24	22	10	48	48	10	10	16	0	0	0	0	1	0	0	0	6	0	16	24	22	10	48	49	28	31	29	0	0	0	0	8	0	0	0	0	0	0	0	3	0	0	0	6	0	28	24	61	52	87	67	100	11	10	16	10	10	16	6	0	16	24	22	10	48	48	10	10	16	0	0	0	0	1	0	0	0	6	0	16	24	22	10	48	48	10	10	16	0	0	0	0	2	0	0	0	0	0	0	0	1	0	0	0	6	0	16	24	22	10	48	49	28	31	29	1	0	0	0	9	0	0	0	0	0	0	0	8	0	0	0	0	0	0	0	3	0	0	0	6	0	28	24	61	52	87	67
192	178	51	60	28	164	21	24	13	50	60	28	20	12	46	28	110	154	140	67	150	20	24	8	20	24	13	18	12	26	8	45	48	65	49	50	60	28	3	0	9	0	7	0	0	11	20	12	46	28	110	154	140	67	136	20	24	8	19	24	8	18	12	16	8	43	48	40	48	20	24	13	3	0	5	0	1	0	0	0	18	12	26	8	45	48	65	49	50	60	28	13	0	0	0	23	0	0	0	3	0	9	0	7	0	0	11	20	12	46	28	110	154	140	67	122	17	24	8	19	24	8	18	12	16	8	43	48	40	48	19	24	8	3	0	0	0	1	0	0	0	18	12	16	8	43	48	40	48	20	24	13	1	0	0	0	7	0	0	0	3	0	5	0	1	0	0	0	18	12	26	8	45	48	65	49	50	60	28	21	0	0	0	15	21	0	0	13	0	0	0	23	0	0	0	3	0	9	0	7	0	0	11	20	12	46	28	110	154	140	67
135	125	35	29	17	115	16	16	0	35	29	17	17	8	10	0	75	63	34	94	105	16	16	0	16	16	0	17	8	0	0	36	32	0	49	35	29	17	3	0	0	0	3	0	0	0	17	8	10	0	75	63	34	94	95	16	16	0	16	16	0	17	8	0	0	36	32	0	48	16	16	0	3	0	0	0	1	0	0	0	17	8	0	0	36	32	0	49	35	29	17	12	0	0	0	9	0	0	0	3	0	0	0	3	0	0	0	17	8	10	0	75	63	34	94	85	13	16	0	16	16	0	17	8	0	0	36	32	0	48	16	16	0	3	0	0	0	1	0	0	0	17	8	0	0	36	32	0	48	16	16	0	0	0	0	0	4	0	0	0	3	0	0	0	1	0	0	0	17	8	0	0	36	32	0	49	35	29	17	13	0	0	0	6	18	0	0	12	0	0	0	9	0	0	0	3	0	0	0	3	0	0	0	17	8	10	0	75	63	34	94
114	105	27	25	10	96	9	18	0	26	25	10	4	12	10	0	53	44	10	67	87	9	18	0	8	18	0	4	12	0	0	17	36	0	49	26	25	10	0	0	0	0	1	0	0	0	4	12	10	0	53	44	10	67	78	9	18	0	8	18	0	4	12	0	0	17	36	0	48	8	18	0	0	0	0	0	1	0	0	0	4	12	0	0	17	36	0	49	26	25	10	0	0	0	0	2	0	0	0	0	0	0	0	1	0	0	0	4	12	10	0	53	44	10	67	69	9	18	0	8	18	0	4	12	0	0	17	36	0	48	8	18	0	0	0	0	0	1	0	0	0	4	12	0	0	17	36	0	48	8	18	0	0	0	0	0	2	0	0	0	0	0	0	0	1	0	0	0	4	12	0	0	17	36	0	49	26	25	10	1	0	0	0	6	0	0	0	0	0	0	0	2	0	0	0	0	0	0	0	1	0	0	0	4	12	10	0	53	44	10	67
153	141	33	29	46	130	16	11	30	33	18	46	16	0	10	18	79	27	92	57	119	16	11	29	16	0	30	16	0	10	16	37	0	60	29	33	18	46	5	0	0	8	9	0	0	0	16	0	10	18	79	27	92	57	108	15	11	29	16	0	29	16	0	10	16	37	0	58	24	16	0	30	3	0	0	8	1	0	0	0	16	0	10	16	37	0	60	29	33	18	46	14	0	0	0	21	9	0	0	5	0	0	8	9	0	0	0	16	0	10	18	79	27	92	57	97	11	11	29	15	0	29	15	0	10	16	34	0	58	24	16	0	29	3	0	0	8	1	0	0	0	16	0	10	16	37	0	58	24	16	0	30	0	0	0	0	6	0	0	0	3	0	0	8	1	0	0	0	16	0	10	16	37	0	60	29	33	18	46	18	0	0	0	7	9	0	0	14	0	0	0	21	9	0	0	5	0	0	8	9	0	0	0	16	0	10	18	79	27	92	57
235	218	51	42	119	201	26	0	97	50	42	119	35	0	83	77	121	84	357	57	184	24	0	75	25	0	97	29	0	82	21	63	0	291	29	50	42	119	19	0	0	109	10	28	0	67	35	0	83	77	121	84	357	57	167	19	0	45	23	0	75	21	0	74	16	54	0	225	24	25	0	97	5	0	0	22	1	0	0	49	29	0	82	21	63	0	291	29	50	42	119	18	0	0	40	25	70	0	161	19	0	0	109	10	28	0	67	35	0	83	77	121	84	357	57	150	13	0	42	18	0	45	16	0	23	16	41	0	135	24	23	0	75	3	0	0	21	1	0	0	48	21	0	74	16	54	0	225	24	25	0	97	0	0	0	35	8	0	0	81	5	0	0	22	1	0	0	49	29	0	82	21	63	0	291	29	50	42	119	19	0	10	35	10	28	0	0	18	0	0	40	25	70	0	161	19	0	0	109	10	28	0	67	35	0	83	77	121	84	357	57
243	223	69	142	45	203	25	94	31	68	142	45	25	165	68	9	152	338	180	45	183	23	91	24	24	94	31	19	156	67	5	57	224	124	13	68	142	45	22	39	0	47	22	18	0	0	25	165	68	9	152	338	180	45	163	16	79	0	22	91	24	11	156	57	0	48	221	96	8	24	94	31	2	39	0	0	3	0	0	0	19	156	67	5	57	224	124	13	68	142	45	10	108	0	0	32	77	0	114	22	39	0	47	22	18	0	0	25	165	68	9	152	338	180	45	143	12	40	0	15	79	0	6	120	0	0	31	185	0	8	22	91	24	0	39	0	0	3	0	0	0	11	156	57	0	48	221	96	8	24	94	31	0	0	0	0	6	26	0	20	2	39	0	0	3	0	0	0	19	156	67	5	57	224	124	13	68	142	45	12	108	10	0	12	31	135	0	10	108	0	0	32	77	0	114	22	39	0	47	22	18	0	0	25	165	68	9	152	338	180	45
150	138	44	37	25	126	21	27	0	42	37	25	20	18	0	0	92	85	25	84	114	20	27	0	19	27	0	16	18	0	0	40	72	0	29	42	37	25	9	0	0	0	9	10	0	0	20	18	0	0	92	85	25	84	102	18	27	0	18	27	0	16	18	0	0	39	72	0	24	19	27	0	3	0	0	0	1	9	0	0	16	18	0	0	40	72	0	29	42	37	25	12	0	0	0	20	18	0	0	9	0	0	0	9	10	0	0	20	18	0	0	92	85	25	84	90	15	26	0	16	27	0	16	18	0	0	35	72	0	24	18	27	0	3	0	0	0	1	9	0	0	16	18	0	0	39	72	0	24	19	27	0	0	0	0	0	4	18	0	0	3	0	0	0	1	9	0	0	16	18	0	0	40	72	0	29	42	37	25	17	8	0	0	11	0	0	0	12	0	0	0	20	18	0	0	9	0	0	0	9	10	0	0	20	18	0	0	92	85	25	84
144	133	52	35	7	122	24	10	0	51	35	7	34	0	0	0	119	105	35	28	111	22	10	0	23	10	0	28	0	0	0	59	30	0	13	51	35	7	25	0	0	0	12	10	0	0	34	0	0	0	119	105	35	28	100	15	10	0	21	10	0	20	0	0	0	50	30	0	8	23	10	0	5	0	0	0	2	0	0	0	28	0	0	0	59	30	0	13	51	35	7	17	0	0	0	17	45	0	0	25	0	0	0	12	10	0	0	34	0	0	0	119	105	35	28	89	10	5	0	14	10	0	15	0	0	0	33	30	0	8	21	10	0	3	0	0	0	2	0	0	0	20	0	0	0	50	30	0	8	23	10	0	0	0	0	0	6	20	0	0	5	0	0	0	2	0	0	0	28	0	0	0	59	30	0	13	51	35	7	13	25	0	0	9	10	0	0	17	0	0	0	17	45	0	0	25	0	0	0	12	10	0	0	34	0	0	0	119	105	35	28
220	203	40	16	140	186	22	0	90	39	16	140	37	0	0	59	99	64	140	242	169	19	0	90	21	0	90	27	0	0	59	57	0	90	158	39	16	140	19	0	0	0	5	16	0	0	37	0	0	59	99	64	140	242	152	11	0	89	18	0	90	19	0	0	57	45	0	90	128	21	0	90	5	0	0	0	1	0	0	0	27	0	0	59	57	0	90	158	39	16	140	5	0	27	11	8	0	0	0	19	0	0	0	5	16	0	0	37	0	0	59	99	64	140	242	135	4	0	75	10	0	89	5	0	0	33	23	0	89	74	18	0	90	3	0	0	0	1	0	0	0	19	0	0	57	45	0	90	128	21	0	90	0	0	0	0	8	0	0	0	5	0	0	0	1	0	0	0	27	0	0	59	57	0	90	158	39	16	140	0	0	40	36	2	0	0	67	5	0	27	11	8	0	0	0	19	0	0	0	5	16	0	0	37	0	0	59	99	64	140	242
216	199	40	60	78	182	13	0	71	40	60	78	26	0	44	24	115	144	390	7	165	9	0	71	13	0	71	13	0	44	24	36	0	355	0	40	60	78	16	0	10	0	5	12	0	0	26	0	44	24	115	144	390	7	148	4	0	70	9	0	71	5	0	44	22	20	0	355	0	13	0	71	2	0	10	0	0	0	0	0	13	0	44	24	36	0	355	0	40	60	78	5	0	0	11	4	0	0	0	16	0	10	0	5	12	0	0	26	0	44	24	115	144	390	7	131	1	0	53	4	0	70	0	0	44	0	7	0	350	0	9	0	71	0	0	10	0	0	0	0	0	5	0	44	22	20	0	355	0	13	0	71	0	0	0	0	4	0	0	0	2	0	10	0	0	0	0	0	13	0	44	24	36	0	355	0	40	60	78	0	0	5	55	1	0	0	67	5	0	0	11	4	0	0	0	16	0	10	0	5	12	0	0	26	0	44	24	115	144	390	7
212	195	47	57	98	178	22	30	56	46	57	98	38	15	30	54	120	126	196	217	161	18	28	55	21	30	56	25	15	30	52	54	60	112	158	46	57	98	17	26	10	9	9	13	0	0	38	15	30	54	120	126	196	217	144	10	13	48	17	28	55	17	13	30	40	38	54	110	128	21	30	56	5	0	10	5	0	0	0	0	25	15	30	52	54	60	112	158	46	57	98	3	26	39	47	9	0	98	0	17	26	10	9	9	13	0	0	38	15	30	54	120	126	196	217	127	3	0	19	9	13	48	3	0	30	0	16	13	96	74	17	28	55	3	0	10	0	0	0	0	0	17	13	30	40	38	54	110	128	21	30	56	0	0	10	0	6	0	56	0	5	0	10	5	0	0	0	0	25	15	30	52	54	60	112	158	46	57	98	0	0	55	45	2	0	98	114	3	26	39	47	9	0	98	0	17	26	10	9	9	13	0	0	38	15	30	54	120	126	196	217
211	193	57	115	42	175	18	73	12	57	115	42	18	188	0	24	135	320	126	171	157	17	43	12	18	73	12	14	108	0	24	34	221	36	128	57	115	42	11	118	0	0	15	8	84	0	18	188	0	24	135	320	126	171	139	11	8	11	17	43	12	14	32	0	22	31	113	36	99	18	73	12	3	16	0	0	2	0	24	0	14	108	0	24	34	221	36	128	57	115	42	6	24	27	11	12	34	168	0	11	118	0	0	15	8	84	0	18	188	0	24	135	320	126	171	121	5	0	0	11	8	11	4	0	0	0	15	24	33	45	17	43	12	3	0	0	0	2	0	24	0	14	32	0	22	31	113	36	99	18	73	12	0	0	0	0	4	26	48	0	3	16	0	0	2	0	24	0	14	108	0	24	34	221	36	128	57	115	42	5	0	32	0	5	13	42	67	6	24	27	11	12	34	168	0	11	118	0	0	15	8	84	0	18	188	0	24	135	320	126	171
126	116	38	24	14	106	19	0	0	38	24	14	35	0	0	0	102	48	56	52	96	16	0	0	19	0	0	25	0	0	0	49	0	0	31	38	24	14	19	0	0	0	4	6	0	0	35	0	0	0	102	48	56	52	86	8	0	0	16	0	0	17	0	0	0	37	0	0	24	19	0	0	5	0	0	0	0	0	0	0	25	0	0	0	49	0	0	31	38	24	14	5	0	27	0	6	0	0	0	19	0	0	0	4	6	0	0	35	0	0	0	102	48	56	52	76	2	0	0	8	0	0	3	0	0	0	15	0	0	0	16	0	0	3	0	0	0	0	0	0	0	17	0	0	0	37	0	0	24	19	0	0	0	0	0	0	6	0	0	0	5	0	0	0	0	0	0	0	25	0	0	0	49	0	0	31	38	24	14	0	0	32	0	2	0	0	0	5	0	27	0	6	0	0	0	19	0	0	0	4	6	0	0	35	0	0	0	102	48	56	52
141	129	23	27	46	117	3	0	25	23	27	46	4	0	12	27	62	90	138	92	105	2	0	25	3	0	25	0	0	10	27	3	0	75	71	23	27	46	0	0	0	0	0	0	0	0	4	0	12	27	62	90	138	92	93	2	0	25	2	0	25	0	0	10	27	0	0	75	71	3	0	25	0	0	0	0	0	0	0	0	0	0	10	27	3	0	75	71	23	27	46	0	0	0	0	0	0	0	0	0	0	0	0	0	0	0	0	4	0	12	27	62	90	138	92	81	2	0	25	2	0	25	0	0	10	27	0	0	75	70	2	0	25	0	0	0	0	0	0	0	0	0	0	10	27	0	0	75	71	3	0	25	0	0	0	0	0	0	0	0	0	0	0	0	0	0	0	0	0	0	10	27	3	0	75	71	23	27	46	0	0	0	0	2	0	0	0	0	0	0	0	0	0	0	0	0	0	0	0	0	0	0	0	4	0	12	27	62	90	138	92
128	117	25	28	32	106	4	0	17	25	28	32	4	0	12	27	63	84	128	78	95	3	0	17	4	0	17	0	0	10	27	3	0	68	71	25	28	32	0	0	0	0	0	0	0	0	4	0	12	27	63	84	128	78	84	3	0	17	3	0	17	0	0	10	27	0	0	68	71	4	0	17	0	0	0	0	0	0	0	0	0	0	10	27	3	0	68	71	25	28	32	0	0	0	0	0	0	0	0	0	0	0	0	0	0	0	0	4	0	12	27	63	84	128	78	73	3	0	17	3	0	17	0	0	10	27	0	0	68	70	3	0	17	0	0	0	0	0	0	0	0	0	0	10	27	0	0	68	71	4	0	17	0	0	0	0	0	0	0	0	0	0	0	0	0	0	0	0	0	0	10	27	3	0	68	71	25	28	32	0	0	0	0	2	0	0	0	0	0	0	0	0	0	0	0	0	0	0	0	0	0	0	0	4	0	12	27	63	84	128	78
174	159	36	54	67	144	10	10	10	36	54	67	13	40	28	20	94	162	268	372	129	5	0	10	10	10	10	5	0	10	20	17	30	40	229	36	54	67	2	0	45	0	4	0	67	0	13	40	28	20	94	162	268	372	114	3	0	10	5	0	10	0	0	10	20	4	0	40	228	10	10	10	0	0	0	0	0	0	10	0	5	0	10	20	17	30	40	229	36	54	67	0	0	21	0	5	0	0	0	2	0	45	0	4	0	67	0	13	40	28	20	94	162	268	372	99	3	0	10	3	0	10	0	0	10	20	0	0	40	218	5	0	10	0	0	0	0	0	0	10	0	0	0	10	20	4	0	40	228	10	10	10	0	0	0	0	2	0	0	0	0	0	0	0	0	0	10	0	5	0	10	20	17	30	40	229	36	54	67	0	0	0	0	3	0	0	0	0	0	21	0	5	0	0	0	2	0	45	0	4	0	67	0	13	40	28	20	94	162	268	372
112	102	27	17	39	92	9	9	0	27	17	39	17	0	16	0	78	40	39	232	82	3	9	0	9	9	0	5	0	0	0	20	0	0	139	27	17	39	2	0	45	0	0	0	0	0	17	0	16	0	78	40	39	232	72	1	9	0	3	9	0	0	0	0	0	4	0	0	138	9	9	0	0	0	0	0	0	0	0	0	5	0	0	0	20	0	0	139	27	17	39	0	0	21	0	2	0	0	0	2	0	45	0	0	0	0	0	17	0	16	0	78	40	39	232	62	1	9	0	1	9	0	0	0	0	0	0	0	0	129	3	9	0	0	0	0	0	0	0	0	0	0	0	0	0	4	0	0	138	9	9	0	0	0	0	0	2	0	0	0	0	0	0	0	0	0	0	0	5	0	0	0	20	0	0	139	27	17	39	0	0	0	0	2	0	0	0	0	0	21	0	2	0	0	0	2	0	45	0	0	0	0	0	17	0	16	0	78	40	39	232
84	77	21	0	26	70	7	0	0	21	0	26	16	0	16	0	64	0	0	134	63	2	0	0	7	0	0	4	0	0	0	16	0	0	83	21	0	26	2	0	32	0	0	0	0	0	16	0	16	0	64	0	0	134	56	1	0	0	2	0	0	0	0	0	0	3	0	0	83	7	0	0	0	0	0	0	0	0	0	0	4	0	0	0	16	0	0	83	21	0	26	0	0	8	0	2	0	0	0	2	0	32	0	0	0	0	0	16	0	16	0	64	0	0	134	49	1	0	0	1	0	0	0	0	0	0	0	0	0	81	2	0	0	0	0	0	0	0	0	0	0	0	0	0	0	3	0	0	83	7	0	0	0	0	0	0	2	0	0	0	0	0	0	0	0	0	0	0	4	0	0	0	16	0	0	83	21	0	26	0	0	0	0	1	0	0	0	0	0	8	0	2	0	0	0	2	0	32	0	0	0	0	0	16	0	16	0	64	0	0	134
139	126	32	36	52	113	6	0	20	32	36	52	5	0	54	60	68	90	208	145	100	5	0	10	6	0	20	1	0	32	30	6	0	80	52	32	36	52	0	0	11	20	9	0	0	42	5	0	54	60	68	90	208	145	87	5	0	10	5	0	10	1	0	0	30	3	0	40	52	6	0	20	0	0	8	20	1	0	0	12	1	0	32	30	6	0	80	52	32	36	52	4	0	0	0	10	0	0	0	0	0	11	20	9	0	0	42	5	0	54	60	68	90	208	145	74	4	0	10	5	0	10	1	0	0	30	3	0	40	52	5	0	10	0	0	0	20	1	0	0	12	1	0	0	30	3	0	40	52	6	0	20	0	0	0	0	2	0	0	0	0	0	8	20	1	0	0	12	1	0	32	30	6	0	80	52	32	36	52	5	0	0	0	2	9	0	0	4	0	0	0	10	0	0	0	0	0	11	20	9	0	0	42	5	0	54	60	68	90	208	145
154	139	36	59	45	124	6	14	8	36	59	45	5	0	54	24	77	135	225	184	109	5	14	0	6	14	8	1	0	32	0	6	0	40	52	36	59	45	0	0	11	0	13	0	0	42	5	0	54	24	77	135	225	184	94	5	14	0	5	14	0	1	0	0	0	3	0	0	52	6	14	8	0	0	8	0	1	0	0	12	1	0	32	0	6	0	40	52	36	59	45	4	0	0	0	13	0	0	0	0	0	11	0	13	0	0	42	5	0	54	24	77	135	225	184	79	4	14	0	5	14	0	1	0	0	0	3	0	0	52	5	14	0	0	0	0	0	1	0	0	12	1	0	0	0	3	0	0	52	6	14	8	0	0	0	0	2	0	0	0	0	0	8	0	1	0	0	12	1	0	32	0	6	0	40	52	36	59	45	5	0	0	0	2	9	0	0	4	0	0	0	13	0	0	0	0	0	11	0	13	0	0	42	5	0	54	24	77	135	225	184
87	79	19	7	26	71	3	0	0	19	7	26	0	0	10	0	38	7	26	145	63	3	0	0	3	0	0	0	0	0	0	0	0	0	52	19	7	26	0	0	0	0	0	0	0	0	0	0	10	0	38	7	26	145	55	3	0	0	3	0	0	0	0	0	0	0	0	0	52	3	0	0	0	0	0	0	0	0	0	0	0	0	0	0	0	0	0	52	19	7	26	0	0	0	0	0	0	0	0	0	0	0	0	0	0	0	0	0	0	10	0	38	7	26	145	47	3	0	0	3	0	0	0	0	0	0	0	0	0	52	3	0	0	0	0	0	0	0	0	0	0	0	0	0	0	0	0	0	52	3	0	0	0	0	0	0	0	0	0	0	0	0	0	0	0	0	0	0	0	0	0	0	0	0	0	52	19	7	26	1	0	0	0	2	0	0	0	0	0	0	0	0	0	0	0	0	0	0	0	0	0	0	0	0	0	10	0	38	7	26	145
91	82	19	20	17	73	2	8	0	19	20	17	0	0	10	0	40	18	34	99	64	2	8	0	2	8	0	0	0	0	0	0	0	0	27	19	20	17	0	0	0	0	0	0	0	0	0	0	10	0	40	18	34	99	55	2	8	0	2	8	0	0	0	0	0	0	0	0	27	2	8	0	0	0	0	0	0	0	0	0	0	0	0	0	0	0	0	27	19	20	17	0	0	0	0	2	0	0	0	0	0	0	0	0	0	0	0	0	0	10	0	40	18	34	99	46	2	8	0	2	8	0	0	0	0	0	0	0	0	27	2	8	0	0	0	0	0	0	0	0	0	0	0	0	0	0	0	0	27	2	8	0	0	0	0	0	0	0	0	0	0	0	0	0	0	0	0	0	0	0	0	0	0	0	0	27	19	20	17	1	0	0	0	2	0	0	0	0	0	0	0	2	0	0	0	0	0	0	0	0	0	0	0	0	0	10	0	40	18	34	99
74	67	21	12	0	60	3	0	0	21	12	0	0	0	0	0	42	24	0	0	53	3	0	0	3	0	0	0	0	0	0	0	0	0	0	21	12	0	0	0	0	0	4	0	0	0	0	0	0	0	42	24	0	0	46	3	0	0	3	0	0	0	0	0	0	0	0	0	0	3	0	0	0	0	0	0	0	0	0	0	0	0	0	0	0	0	0	0	21	12	0	0	0	0	0	5	0	0	0	0	0	0	0	4	0	0	0	0	0	0	0	42	24	0	0	39	3	0	0	3	0	0	0	0	0	0	0	0	0	0	3	0	0	0	0	0	0	0	0	0	0	0	0	0	0	0	0	0	0	3	0	0	0	0	0	0	0	0	0	0	0	0	0	0	0	0	0	0	0	0	0	0	0	0	0	0	21	12	0	1	0	0	0	2	0	0	0	0	0	0	0	5	0	0	0	0	0	0	0	4	0	0	0	0	0	0	0	42	24	0	0
147	132	38	36	90	117	12	0	62	38	36	90	24	0	80	62	73	96	270	97	102	7	0	47	12	0	62	5	0	78	16	17	0	186	28	38	36	90	10	0	13	50	12	48	0	67	24	0	80	62	73	96	270	97	87	4	0	21	7	0	47	1	0	73	0	8	0	141	10	12	0	62	0	0	13	0	2	0	0	10	5	0	78	16	17	0	186	28	38	36	90	4	0	0	48	12	36	0	140	10	0	13	50	12	48	0	67	24	0	80	62	73	96	270	97	72	3	0	10	4	0	21	1	0	39	0	3	0	63	10	7	0	47	0	0	13	0	2	0	0	10	1	0	73	0	8	0	141	10	12	0	62	0	0	0	10	0	0	0	68	0	0	13	0	2	0	0	10	5	0	78	16	17	0	186	28	38	36	90	5	0	0	20	3	0	0	45	4	0	0	48	12	36	0	140	10	0	13	50	12	48	0	67	24	0	80	62	73	96	270	97
118	106	29	20	54	94	8	0	24	29	20	54	4	0	52	22	59	40	108	114	82	7	0	21	8	0	24	1	0	50	16	8	0	48	28	29	20	54	6	0	13	24	15	0	0	0	4	0	52	22	59	40	108	114	70	5	0	9	7	0	21	1	0	47	0	7	0	42	10	8	0	24	0	0	13	0	2	0	0	0	1	0	50	16	8	0	48	28	29	20	54	4	0	0	36	13	20	0	42	6	0	13	24	15	0	0	0	4	0	52	22	59	40	108	114	58	4	0	0	5	0	9	1	0	27	0	3	0	18	10	7	0	21	0	0	13	0	2	0	0	0	1	0	47	0	7	0	42	10	8	0	24	0	0	0	0	0	0	0	12	0	0	13	0	2	0	0	0	1	0	50	16	8	0	48	28	29	20	54	5	0	0	0	2	0	0	45	4	0	0	36	13	20	0	42	6	0	13	24	15	0	0	0	4	0	52	22	59	40	108	114
127	113	40	57	44	99	11	24	24	40	57	44	26	12	52	22	77	124	176	97	85	5	24	21	11	24	24	4	12	50	16	17	36	96	28	40	57	44	10	0	13	24	11	44	0	0	26	12	52	22	77	124	176	97	71	2	20	9	5	24	21	0	12	47	0	5	36	84	10	11	24	24	0	0	13	0	1	12	0	0	4	12	50	16	17	36	96	28	40	57	44	0	32	0	36	13	24	0	42	10	0	13	24	11	44	0	0	26	12	52	22	77	124	176	97	57	2	8	0	2	20	9	0	8	27	0	0	24	36	10	5	24	21	0	0	13	0	1	12	0	0	0	12	47	0	5	36	84	10	11	24	24	0	0	0	0	0	0	0	12	0	0	13	0	1	12	0	0	4	12	50	16	17	36	96	28	39	57	44	1	32	0	0	5	0	44	45	0	32	0	36	13	24	0	42	10	0	13	24	11	44	0	0	26	12	52	22	74	124	176	97
114	102	20	21	48	90	4	11	11	20	21	48	1	0	13	22	44	10	48	140	78	4	11	8	4	11	11	1	0	11	16	3	0	11	28	20	21	48	0	0	0	24	13	0	0	0	1	0	13	22	44	10	48	140	66	4	11	0	4	11	8	1	0	8	0	3	0	8	10	4	11	11	0	0	0	0	1	0	0	0	1	0	11	16	3	0	11	28	20	21	48	4	0	0	0	13	0	0	42	0	0	0	24	13	0	0	0	1	0	13	22	44	10	48	140	54	3	10	0	4	11	0	1	0	0	0	3	0	0	10	4	11	8	0	0	0	0	1	0	0	0	1	0	8	0	3	0	8	10	4	11	11	0	0	0	0	0	0	0	12	0	0	0	0	1	0	0	0	1	0	11	16	3	0	11	28	20	21	48	4	10	0	0	0	0	0	0	4	0	0	0	13	0	0	42	0	0	0	24	13	0	0	0	1	0	13	22	44	10	48	140
95	85	35	25	9	75	11	0	0	35	25	9	21	0	0	0	60	70	45	45	65	7	0	0	11	0	0	5	0	0	0	16	0	0	8	35	25	9	10	0	0	0	12	20	0	0	21	0	0	0	60	70	45	45	55	4	0	0	7	0	0	1	0	0	0	8	0	0	0	11	0	0	0	0	0	0	2	0	0	0	5	0	0	0	16	0	0	8	35	25	9	4	0	0	0	8	15	0	0	10	0	0	0	12	20	0	0	21	0	0	0	60	70	45	45	45	3	0	0	4	0	0	1	0	0	0	3	0	0	0	7	0	0	0	0	0	0	2	0	0	0	1	0	0	0	8	0	0	0	11	0	0	0	0	0	0	0	0	0	0	0	0	0	0	2	0	0	0	5	0	0	0	16	0	0	8	35	25	9	5	0	0	0	3	0	0	0	4	0	0	0	8	15	0	0	10	0	0	0	12	20	0	0	21	0	0	0	60	70	45	45
134	119	25	14	111	104	10	0	61	25	14	111	21	0	16	67	36	14	111	245	89	6	0	61	10	0	61	5	0	13	67	16	0	61	121	25	14	111	10	0	0	0	4	0	0	0	21	0	16	67	36	14	111	245	74	2	0	59	6	0	61	1	0	13	65	8	0	61	97	10	0	61	0	0	0	0	2	0	0	0	5	0	13	67	16	0	61	121	25	14	111	0	0	8	26	0	0	0	0	10	0	0	0	4	0	0	0	21	0	16	67	36	14	111	245	59	0	0	40	2	0	59	0	0	13	39	0	0	59	39	6	0	61	0	0	0	0	2	0	0	0	1	0	13	65	8	0	61	97	10	0	61	0	0	0	0	0	0	0	0	0	0	0	0	2	0	0	0	5	0	13	67	16	0	61	121	25	14	111	0	0	18	59	3	0	0	98	0	0	8	26	0	0	0	0	10	0	0	0	4	0	0	0	21	0	16	67	36	14	111	245
105	93	26	27	47	81	7	0	39	26	27	47	20	0	48	39	36	27	141	9	69	3	0	39	7	0	39	4	0	45	39	13	0	117	0	26	27	47	10	0	0	0	3	0	0	0	20	0	48	39	36	27	141	9	57	0	0	39	3	0	39	0	0	45	39	5	0	117	0	7	0	39	0	0	0	0	1	0	0	0	4	0	45	39	13	0	117	0	26	27	47	0	0	0	0	0	0	0	0	10	0	0	0	3	0	0	0	20	0	48	39	36	27	141	9	45	0	0	35	0	0	39	0	0	45	27	0	0	117	0	3	0	39	0	0	0	0	1	0	0	0	0	0	45	39	5	0	117	0	7	0	39	0	0	0	0	0	0	0	0	0	0	0	0	1	0	0	0	4	0	45	39	13	0	117	0	26	27	47	0	0	0	36	3	0	0	0	0	0	0	0	0	0	0	0	10	0	0	0	3	0	0	0	20	0	48	39	36	27	141	9
144	127	40	66	87	110	16	30	45	35	66	87	32	0	34	91	55	132	261	197	93	10	24	43	11	30	45	9	0	31	83	21	60	135	110	33	66	87	5	72	0	22	4	27	0	0	28	0	34	91	49	132	261	197	76	8	0	40	5	24	43	5	0	31	71	10	48	129	89	9	30	45	1	0	0	16	2	15	0	0	5	0	31	83	15	60	135	110	33	66	87	7	0	8	24	2	0	174	0	5	72	0	22	4	27	0	0	28	0	34	91	49	132	261	197	59	5	0	22	3	0	40	4	0	31	27	6	0	120	39	3	24	43	0	0	0	0	1	12	0	0	1	0	31	71	4	48	129	89	9	30	45	3	0	0	0	1	0	90	0	1	0	0	16	2	15	0	0	5	0	31	83	15	60	135	110	32	66	87	10	0	8	69	4	30	0	42	4	0	8	24	1	0	174	0	4	72	0	22	3	27	0	0	28	0	34	91	47	132	261	197
129	113	38	87	25	97	12	39	0	35	87	25	8	156	0	0	44	152	100	143	81	11	7	0	9	39	0	4	28	0	0	12	67	0	86	31	87	25	6	28	0	0	8	7	100	0	5	156	0	0	40	152	100	143	65	8	0	0	8	7	0	4	0	0	0	11	7	0	68	5	39	0	0	0	0	0	2	0	0	0	1	28	0	0	8	67	0	86	31	87	25	1	0	8	0	4	0	25	0	6	28	0	0	8	7	100	0	5	156	0	0	40	152	100	143	49	6	0	0	5	0	0	3	0	0	0	4	0	0	30	4	7	0	0	0	0	0	2	0	0	0	1	0	0	0	7	7	0	68	5	39	0	0	0	0	0	0	0	0	0	0	0	0	0	2	0	0	0	1	28	0	0	8	67	0	86	31	87	25	8	0	8	0	16	15	0	0	1	0	8	0	4	0	25	0	6	28	0	0	8	7	100	0	5	156	0	0	40	152	100	143
78	69	23	18	13	60	9	0	0	23	18	13	21	0	0	0	33	18	39	53	51	5	0	0	9	0	0	5	0	0	0	16	0	0	24	23	18	13	10	0	0	0	4	0	0	0	21	0	0	0	33	18	39	53	42	1	0	0	5	0	0	1	0	0	0	8	0	0	21	9	0	0	0	0	0	0	2	0	0	0	5	0	0	0	16	0	0	24	23	18	13	0	0	8	0	0	0	0	0	10	0	0	0	4	0	0	0	21	0	0	0	33	18	39	53	33	0	0	0	1	0	0	0	0	0	0	0	0	0	9	5	0	0	0	0	0	0	2	0	0	0	1	0	0	0	8	0	0	21	9	0	0	0	0	0	0	0	0	0	0	0	0	0	0	2	0	0	0	5	0	0	0	16	0	0	24	23	18	13	0	0	8	0	3	0	0	0	0	0	8	0	0	0	0	0	10	0	0	0	4	0	0	0	21	0	0	0	33	18	39	53
127	111	18	15	116	95	6	0	61	16	15	116	8	0	28	83	25	0	116	283	79	2	0	58	4	0	61	0	0	0	74	6	0	61	145	16	15	116	0	0	31	39	1	0	0	0	8	0	28	83	25	0	116	283	63	2	0	58	0	0	58	0	0	0	74	0	0	58	143	4	0	61	0	0	0	39	1	0	0	0	0	0	0	74	6	0	61	145	16	15	116	0	0	0	0	0	0	0	0	0	0	31	39	1	0	0	0	8	0	28	83	25	0	116	283	47	2	0	58	0	0	58	0	0	0	74	0	0	58	138	0	0	58	0	0	0	39	0	0	0	0	0	0	0	74	0	0	58	143	4	0	61	0	0	0	0	0	0	0	0	0	0	0	39	1	0	0	0	0	0	0	74	6	0	61	145	16	15	116	0	0	0	0	4	0	0	0	0	0	0	0	0	0	0	0	0	0	31	39	1	0	0	0	8	0	28	83	25	0	116	283
55	47	15	17	7	40	5	7	6	13	10	7	6	0	0	6	14	15	14	0	33	4	7	6	3	0	6	2	0	0	6	2	0	12	0	11	10	7	0	0	0	0	1	0	0	0	4	0	0	6	13	15	14	0	26	4	7	6	2	0	6	2	0	0	6	1	0	12	0	1	0	6	0	0	0	0	0	0	0	0	0	0	0	6	1	0	12	0	11	10	7	0	0	0	0	1	0	0	0	0	0	0	0	1	0	0	0	4	0	0	6	13	15	14	0	19	4	7	6	2	0	6	2	0	0	6	1	0	12	0	0	0	6	0	0	0	0	0	0	0	0	0	0	0	6	0	0	12	0	1	0	6	0	0	0	0	0	0	0	0	0	0	0	0	0	0	0	0	0	0	0	6	1	0	12	0	11	10	7	6	0	0	0	5	0	0	0	0	0	0	0	1	0	0	0	0	0	0	0	1	0	0	0	4	0	0	6	13	15	14	0
91	78	28	51	29	66	10	19	9	25	39	29	7	28	28	9	31	67	116	112	54	7	12	9	7	7	9	3	0	0	9	9	7	36	45	21	39	29	0	0	31	0	6	0	29	0	4	28	28	9	27	67	116	112	42	7	12	9	4	0	9	3	0	0	9	4	0	36	43	3	7	9	0	0	0	0	1	0	9	0	0	0	0	9	5	7	36	45	21	39	29	1	0	0	0	4	0	0	0	0	0	31	0	6	0	29	0	4	28	28	9	27	67	116	112	30	6	12	9	4	0	9	3	0	0	9	4	0	36	40	0	0	9	0	0	0	0	0	0	9	0	0	0	0	9	0	0	36	43	3	7	9	0	0	0	0	0	0	0	0	0	0	0	0	1	0	9	0	0	0	0	9	5	7	36	45	21	39	29	8	0	0	0	16	11	0	0	1	0	0	0	4	0	0	0	0	0	31	0	6	0	29	0	4	28	28	9	27	67	116	112
71	62	18	8	34	53	6	0	0	16	8	34	8	0	28	0	25	0	34	172	44	2	0	0	4	0	0	0	0	0	0	6	0	0	84	16	8	34	0	0	31	0	1	0	0	0	8	0	28	0	25	0	34	172	35	2	0	0	0	0	0	0	0	0	0	0	0	0	82	4	0	0	0	0	0	0	1	0	0	0	0	0	0	0	6	0	0	84	16	8	34	0	0	0	0	0	0	0	0	0	0	31	0	1	0	0	0	8	0	28	0	25	0	34	172	26	2	0	0	0	0	0	0	0	0	0	0	0	0	79	0	0	0	0	0	0	0	0	0	0	0	0	0	0	0	0	0	0	82	4	0	0	0	0	0	0	0	0	0	0	0	0	0	0	1	0	0	0	0	0	0	0	6	0	0	84	16	8	34	0	0	0	0	4	0	0	0	0	0	0	0	0	0	0	0	0	0	31	0	1	0	0	0	8	0	28	0	25	0	34	172
63	55	16	7	22	47	4	0	0	14	7	22	8	0	28	0	21	0	22	85	39	2	0	0	2	0	0	0	0	0	0	2	0	0	39	14	7	22	0	0	7	0	0	0	0	0	8	0	28	0	21	0	22	85	31	2	0	0	0	0	0	0	0	0	0	0	0	0	39	2	0	0	0	0	0	0	0	0	0	0	0	0	0	0	2	0	0	39	14	7	22	0	0	0	0	0	0	0	0	0	0	7	0	0	0	0	0	8	0	28	0	21	0	22	85	23	2	0	0	0	0	0	0	0	0	0	0	0	0	39	0	0	0	0	0	0	0	0	0	0	0	0	0	0	0	0	0	0	39	2	0	0	0	0	0	0	0	0	0	0	0	0	0	0	0	0	0	0	0	0	0	0	2	0	0	39	14	7	22	0	0	0	0	2	0	0	0	0	0	0	0	0	0	0	0	0	0	7	0	0	0	0	0	8	0	28	0	21	0	22	85
63	54	16	0	53	45	6	0	7	13	0	53	2	0	18	28	14	0	0	208	36	6	0	0	3	0	7	2	0	7	0	1	0	0	76	10	0	53	0	0	0	0	5	0	0	25	0	0	18	28	13	0	0	208	27	6	0	0	3	0	0	2	0	0	0	1	0	0	73	0	0	7	0	0	0	0	0	0	0	0	0	0	7	0	0	0	0	76	10	0	53	0	0	0	0	4	0	0	0	0	0	0	0	5	0	0	25	0	0	18	28	13	0	0	208	18	6	0	0	3	0	0	2	0	0	0	1	0	0	73	0	0	0	0	0	0	0	0	0	0	0	0	0	0	0	0	0	0	73	0	0	7	0	0	0	0	0	0	0	0	0	0	0	0	0	0	0	0	0	0	7	0	0	0	0	76	10	0	53	7	0	0	0	15	0	0	0	0	0	0	0	4	0	0	0	0	0	0	0	5	0	0	25	0	0	18	28	13	0	0	208
50	42	24	13	18	34	10	7	7	21	13	18	8	0	18	28	33	0	18	29	27	10	7	0	7	7	7	8	0	7	0	10	0	7	9	15	6	18	1	0	0	0	11	0	0	25	3	0	18	28	28	0	18	29	20	9	7	0	7	7	0	8	0	0	0	10	0	0	9	1	0	7	1	0	0	0	1	0	0	0	3	0	7	0	5	0	7	9	14	6	18	0	0	0	0	5	6	0	0	0	0	0	0	10	0	0	25	0	0	18	28	23	0	18	29	13	6	6	0	6	7	0	5	0	0	0	5	0	0	9	1	0	0	1	0	0	0	1	0	0	0	3	0	0	0	5	0	0	9	0	0	7	0	0	0	0	0	0	0	0	0	0	0	0	0	0	0	0	0	0	7	0	0	0	7	9	14	6	18	11	6	0	0	19	18	0	0	0	0	0	0	5	6	0	0	0	0	0	0	10	0	0	25	0	0	18	28	23	0	18	29
72	59	29	53	23	47	12	30	7	24	41	23	10	20	18	28	40	38	69	36	37	11	30	0	8	20	7	7	20	7	0	15	10	21	15	18	21	23	1	0	0	0	10	7	0	25	6	0	18	28	33	28	69	36	27	10	30	0	7	20	0	7	20	0	0	12	10	0	15	2	0	7	1	0	0	0	1	0	0	0	3	0	7	0	8	0	21	15	17	21	23	1	0	0	0	6	7	0	0	0	0	0	0	9	7	0	25	3	0	18	28	28	28	69	36	17	6	24	0	6	20	0	4	20	0	0	7	10	0	15	1	0	0	1	0	0	0	1	0	0	0	3	0	0	0	5	0	0	15	1	0	7	0	0	0	0	0	0	0	0	0	0	0	0	0	0	0	0	0	0	7	0	3	0	21	15	16	21	23	7	42	0	0	20	28	0	0	1	0	0	0	6	7	0	0	0	0	0	0	9	7	0	25	3	0	18	28	25	28	69	36
66	56	38	24	18	46	20	0	7	34	24	18	26	0	18	28	61	42	72	29	36	16	0	0	16	0	7	14	0	7	0	33	0	28	9	24	24	18	10	0	0	0	10	24	0	25	20	0	18	28	50	42	72	29	26	14	0	0	12	0	0	11	0	0	0	21	0	0	9	6	0	7	7	0	0	0	4	0	0	0	8	0	7	0	22	0	28	9	22	24	18	7	0	0	0	7	12	0	0	9	0	0	0	8	24	0	25	15	0	18	28	40	42	72	29	16	8	0	0	10	0	0	6	0	0	0	11	0	0	9	2	0	0	1	0	0	0	2	0	0	0	5	0	0	0	10	0	0	9	4	0	7	0	0	0	0	1	0	0	0	6	0	0	0	2	0	0	0	3	0	7	0	12	0	28	9	18	24	18	13	0	0	0	20	36	0	0	7	0	0	0	6	12	0	0	3	0	0	0	6	24	0	25	12	0	18	28	28	42	72	29
53	44	41	23	0	35	23	8	0	35	23	0	32	0	0	0	67	30	0	0	27	18	8	0	17	8	0	17	0	0	0	38	0	0	0	25	15	0	11	0	0	0	10	15	0	0	23	0	0	0	53	30	0	0	19	16	8	0	12	8	0	14	0	0	0	24	0	0	0	7	0	0	8	0	0	0	5	0	0	0	8	0	0	0	24	0	0	0	23	15	0	13	0	0	0	9	6	0	0	10	0	0	0	8	15	0	0	18	0	0	0	43	30	0	0	11	9	3	0	10	8	0	9	0	0	0	14	0	0	0	2	0	0	1	0	0	0	2	0	0	0	5	0	0	0	10	0	0	0	5	0	0	3	0	0	0	2	0	0	0	7	0	0	0	3	0	0	0	3	0	0	0	14	0	0	0	18	15	0	17	15	0	0	19	21	0	0	10	0	0	0	7	6	0	0	3	0	0	0	5	15	0	0	15	0	0	0	29	30	0	0
67	55	42	35	28	43	25	8	12	34	35	28	31	24	12	0	70	81	84	41	31	21	0	12	17	8	12	19	0	12	0	38	24	36	14	23	35	28	14	0	0	0	8	0	28	0	20	24	12	0	53	81	84	41	19	18	0	8	13	0	12	16	0	12	0	27	0	36	0	6	8	12	8	0	0	0	5	0	12	0	8	0	12	0	21	24	36	14	18	35	28	19	0	0	32	6	8	0	0	13	0	0	0	5	0	28	0	15	24	12	0	33	81	84	41	8	6	0	0	10	0	8	9	0	8	0	14	0	24	0	2	0	12	1	0	0	0	2	0	12	0	5	0	12	0	10	0	36	0	4	8	12	3	0	0	0	2	0	0	0	7	0	0	0	3	0	12	0	3	0	12	0	11	24	36	14	8	24	28	10	0	17	0	4	16	0	44	10	0	0	32	2	8	0	0	3	0	0	0	0	0	28	0	12	24	12	0	12	48	84	41
68	55	34	33	57	43	22	22	33	25	21	57	31	11	0	72	53	33	57	41	32	17	22	19	16	11	33	16	11	0	28	35	33	33	14	16	10	57	11	0	0	64	5	0	0	29	23	0	0	72	42	0	57	41	21	15	21	0	11	11	19	13	11	0	0	21	33	19	0	7	0	33	8	0	0	0	5	0	0	9	8	0	0	28	24	0	33	14	14	10	57	12	10	0	0	5	0	0	112	10	0	0	64	3	0	0	29	18	0	0	72	32	0	57	41	10	6	10	0	9	10	0	8	10	0	0	11	30	0	0	2	0	19	1	0	0	0	2	0	0	9	5	0	0	0	10	0	19	0	5	0	33	3	0	0	0	2	0	0	45	7	0	0	0	3	0	0	9	3	0	0	28	14	0	33	14	9	10	57	9	10	17	0	6	0	57	0	9	10	0	0	3	0	0	112	3	0	0	64	0	0	0	29	15	0	0	72	18	0	57	41
60	46	38	70	18	35	20	46	15	30	37	18	29	48	0	0	66	84	54	0	25	15	39	12	15	16	15	15	30	0	0	38	42	45	0	21	27	18	15	9	0	36	7	9	18	0	22	18	0	0	50	54	54	0	15	11	33	0	10	9	12	11	27	0	0	23	27	36	0	6	6	15	7	6	0	0	4	6	15	0	8	0	0	0	22	12	45	0	17	27	18	13	45	0	0	5	15	0	87	12	9	0	36	4	9	18	0	15	18	0	0	34	54	54	0	6	2	18	0	7	6	0	4	18	0	0	10	18	0	0	2	0	12	1	0	0	0	2	0	12	0	5	0	0	0	10	0	36	0	4	6	15	0	18	0	0	1	6	0	45	6	6	0	0	2	6	15	0	3	0	0	0	12	12	45	0	7	18	18	1	54	3	0	4	12	18	0	7	18	0	0	2	6	0	87	3	0	0	36	0	0	18	0	12	18	0	0	12	36	54	0
58	45	39	47	22	33	20	41	0	29	35	22	31	51	0	0	51	76	0	59	24	14	40	0	14	32	0	11	48	0	0	29	72	0	21	16	8	22	10	8	0	0	4	8	0	0	20	24	0	0	37	40	0	59	16	13	32	0	9	32	0	8	48	0	0	15	72	0	0	6	8	0	7	8	0	0	4	8	0	0	5	24	0	0	19	40	0	21	15	0	22	13	0	0	0	5	0	22	0	10	0	0	0	3	0	0	0	18	0	0	0	32	0	0	59	8	5	8	0	8	24	0	6	24	0	0	10	32	0	0	1	8	0	0	8	0	0	1	8	0	0	2	24	0	0	5	40	0	0	5	0	0	3	0	0	0	2	0	0	0	7	0	0	0	3	0	0	0	3	0	0	0	14	0	0	21	10	0	22	10	0	23	0	6	0	66	0	10	0	0	0	3	0	22	0	3	0	0	0	0	0	0	0	15	0	0	0	18	0	0	59
70	55	51	83	9	40	21	51	0	39	83	9	30	105	0	0	80	216	27	18	27	16	24	0	12	51	0	13	36	0	0	26	135	0	7	25	57	9	7	72	0	0	7	30	27	0	15	105	0	0	60	177	27	18	15	13	12	0	8	24	0	12	12	0	0	18	57	0	0	3	27	0	2	36	0	0	2	21	0	0	3	36	0	0	10	99	0	7	15	45	9	13	36	0	0	5	15	9	0	4	72	0	0	3	18	27	0	6	81	0	0	27	117	27	18	6	5	0	0	6	12	0	7	0	0	0	10	18	0	0	1	6	0	1	0	0	0	1	6	0	0	3	12	0	0	5	30	0	0	2	18	0	3	0	0	0	1	6	0	0	1	36	0	0	1	12	0	0	0	18	0	0	5	54	0	7	7	18	9	10	0	3	0	4	12	18	0	4	36	0	0	2	6	9	0	0	18	0	0	0	0	27	0	6	54	0	0	12	36	27	18
55	44	23	0	85	33	12	0	54	17	0	85	11	0	32	12	41	0	0	112	22	11	0	54	6	0	54	8	0	0	12	17	0	0	60	12	0	85	10	0	6	0	6	0	0	0	5	0	32	12	29	0	0	112	11	6	0	54	5	0	54	6	0	0	12	12	0	0	43	1	0	54	0	0	0	0	1	0	0	0	2	0	0	12	5	0	0	60	11	0	85	9	0	28	0	4	0	0	0	10	0	6	0	5	0	0	0	3	0	32	12	24	0	0	112	0	0	0	49	0	0	54	0	0	0	8	0	0	0	8	0	0	54	0	0	0	0	0	0	0	0	0	0	0	12	0	0	0	43	0	0	54	0	0	0	0	0	0	0	0	0	0	0	0	0	0	0	0	0	0	0	12	0	0	0	60	0	0	85	0	0	28	42	0	0	0	0	0	0	28	0	0	0	0	0	0	0	6	0	0	0	0	0	0	0	32	12	0	0	0	112
42	33	28	18	20	24	12	0	0	22	18	20	13	0	32	0	54	30	60	55	15	10	0	0	6	0	0	8	0	0	0	17	0	0	27	17	18	20	12	0	6	0	8	6	0	0	7	0	32	0	42	30	60	55	6	5	0	0	4	0	0	5	0	0	0	9	0	0	24	1	0	0	0	0	0	0	1	0	0	0	2	0	0	0	5	0	0	27	11	18	20	9	0	18	0	4	6	0	0	10	0	6	0	5	6	0	0	3	0	32	0	21	30	60	55	0	0	0	0	0	0	0	0	0	0	0	0	0	0	8	0	0	0	0	0	0	0	0	0	0	0	0	0	0	0	0	0	0	24	0	0	0	0	0	0	0	0	0	0	0	0	0	0	0	0	0	0	0	0	0	0	0	0	0	0	27	0	0	20	0	0	18	0	0	0	0	0	0	0	18	0	0	0	0	0	0	0	6	0	0	0	0	0	0	0	32	0	0	0	60	55
51	38	32	53	20	27	10	30	0	24	31	20	11	20	32	0	53	65	60	55	17	8	27	0	5	10	0	6	20	0	0	14	30	0	27	20	21	20	9	21	6	0	9	7	0	0	7	0	32	0	44	35	60	55	7	4	14	0	3	7	0	3	14	0	0	6	21	0	24	1	0	0	0	0	0	0	1	0	0	0	2	0	0	0	5	0	0	27	14	21	20	6	42	18	0	5	7	20	0	7	21	6	0	6	7	0	0	3	0	32	0	23	35	60	55	0	0	0	0	0	0	0	0	0	0	0	0	0	0	8	0	0	0	0	0	0	0	0	0	0	0	0	0	0	0	0	0	0	24	0	0	0	0	0	0	0	0	0	0	0	0	0	0	0	0	0	0	0	0	0	0	0	0	0	0	27	0	0	20	0	0	18	0	0	0	40	0	0	0	18	0	0	0	20	0	0	0	6	0	0	0	0	0	0	0	32	0	0	0	60	55
27	21	17	9	0	15	6	0	0	13	9	0	5	0	0	0	24	6	0	0	9	5	0	0	2	0	0	3	0	0	0	6	0	0	0	11	9	0	5	0	0	0	4	3	0	0	2	0	0	0	18	6	0	0	3	3	0	0	1	0	0	2	0	0	0	3	0	0	0	0	0	0	0	0	0	0	0	0	0	0	0	0	0	0	0	0	0	0	9	9	0	9	0	0	0	3	3	0	0	3	0	0	0	3	3	0	0	0	0	0	0	12	6	0	0	0	0	0	0	0	0	0	0	0	0	0	0	0	0	0	0	0	0	0	0	0	0	0	0	0	0	0	0	0	0	0	0	0	0	0	0	0	0	0	0	0	0	0	0	0	0	0	0	0	0	0	0	0	0	0	0	0	0	0	0	0	0	0	0	0	0	0	0	0	0	0	0	0	0	0	0	0	0	0	0	0	0	0	0	0	0	0	0	0	0	0	0	0	0	0	0
23	17	13	11	0	12	5	5	0	10	6	0	5	0	0	0	19	4	0	0	7	4	5	0	2	0	0	3	0	0	0	6	0	0	0	8	6	0	5	0	0	0	3	2	0	0	2	0	0	0	13	4	0	0	2	2	2	0	1	0	0	2	0	0	0	3	0	0	0	0	0	0	0	0	0	0	0	0	0	0	0	0	0	0	0	0	0	0	6	6	0	6	6	0	0	2	2	0	0	3	0	0	0	2	2	0	0	0	0	0	0	7	4	0	0	0	0	0	0	0	0	0	0	0	0	0	0	0	0	0	0	0	0	0	0	0	0	0	0	0	0	0	0	0	0	0	0	0	0	0	0	0	0	0	0	0	0	0	0	0	0	0	0	0	0	0	0	0	0	0	0	0	0	0	0	0	0	0	0	0	0	0	0	0	0	0	0	0	0	0	0	0	0	0	0	0	0	0	0	0	0	0	0	0	0	0	0	0	0	0	0
37	27	26	21	33	17	9	0	14	22	21	33	16	0	9	42	37	70	99	40	7	3	0	0	5	0	14	3	0	6	0	9	0	42	0	7	21	33	2	0	25	0	3	7	0	37	8	0	9	42	23	70	99	40	0	0	0	0	0	0	0	0	0	0	0	0	0	0	0	0	0	14	0	0	12	0	0	0	0	12	0	0	6	0	0	0	42	0	0	0	33	0	0	14	0	0	0	0	0	0	0	25	0	0	0	0	37	0	0	9	42	0	0	99	40	0	0	0	0	0	0	0	0	0	0	0	0	0	0	0	0	0	0	0	0	0	0	0	0	0	12	0	0	0	0	0	0	0	0	0	0	14	0	0	0	0	0	0	0	0	0	0	12	0	0	0	0	12	0	0	6	0	0	0	42	0	0	0	0	0	0	0	0	0	0	0	0	0	0	0	0	0	0	0	0	0	0	0	0	0	0	0	37	0	0	0	42	0	0	0	40
49	35	29	45	36	22	12	22	12	19	32	36	16	32	9	36	40	96	72	40	10	6	10	0	5	10	12	5	10	6	0	9	30	24	0	8	20	36	0	20	34	0	3	10	36	27	6	20	9	36	27	60	72	40	0	0	0	0	0	0	0	0	0	0	0	0	0	0	0	0	0	12	0	0	18	0	0	0	12	15	0	0	6	0	0	0	24	0	0	0	36	0	0	43	0	0	0	36	0	0	0	34	0	0	0	36	27	0	0	9	36	0	0	72	40	0	0	0	0	0	0	0	0	0	0	0	0	0	0	0	0	0	0	0	0	0	0	0	0	0	12	0	0	0	0	0	0	0	0	0	0	12	0	0	18	0	0	0	12	0	0	0	18	0	0	0	12	15	0	0	6	0	0	0	24	0	0	0	0	0	0	0	0	0	0	0	0	0	0	0	0	0	0	0	0	0	0	0	0	0	0	0	27	0	0	0	36	0	0	0	40
26	18	23	19	9	10	5	3	6	21	19	9	10	12	9	18	32	36	36	0	3	1	0	0	3	3	6	1	0	6	0	6	0	24	0	6	12	9	2	0	18	0	3	3	9	9	4	12	9	18	21	36	36	0	0	0	0	0	0	0	0	0	0	0	0	0	0	0	0	0	0	6	0	0	12	0	0	0	6	0	0	0	6	0	0	0	24	0	0	0	9	0	0	0	0	0	0	0	0	0	0	18	0	0	0	9	9	0	0	9	18	0	0	36	0	0	0	0	0	0	0	0	0	0	0	0	0	0	0	0	0	0	0	0	0	0	0	0	0	0	0	0	0	0	0	0	0	0	0	0	0	6	0	0	0	0	0	0	0	0	0	0	12	0	0	0	6	0	0	0	6	0	0	0	24	0	0	0	0	0	0	0	0	0	0	0	0	0	0	0	0	0	0	0	0	0	0	0	0	0	0	0	9	0	0	0	18	0	0	0	0
28	21	11	0	18	14	6	0	0	7	0	18	5	0	0	0	22	0	0	40	7	4	0	0	2	0	0	3	0	0	0	6	0	0	0	5	0	18	2	0	7	0	2	0	0	0	2	0	0	0	16	0	0	40	0	0	0	0	0	0	0	0	0	0	0	0	0	0	0	0	0	0	0	0	0	0	0	0	0	0	0	0	0	0	0	0	0	0	0	0	18	0	0	16	0	0	0	0	0	0	0	7	0	0	0	0	0	0	0	0	0	0	0	0	40	0	0	0	0	0	0	0	0	0	0	0	0	0	0	0	0	0	0	0	0	0	0	0	0	0	0	0	0	0	0	0	0	0	0	0	0	0	0	0	0	0	0	0	0	0	0	0	0	0	0	0	0	0	0	0	0	0	0	0	0	0	0	0	0	0	0	0	0	0	0	0	0	0	0	0	0	0	0	0	0	0	0	0	0	0	0	0	0	0	0	0	0	0	0	0	40
16	12	5	0	5	8	3	0	0	3	0	5	3	0	0	0	9	0	0	0	4	2	0	0	1	0	0	1	0	0	0	3	0	0	0	2	0	5	2	0	0	0	1	0	0	0	2	0	0	0	6	0	0	0	0	0	0	0	0	0	0	0	0	0	0	0	0	0	0	0	0	0	0	0	0	0	0	0	0	0	0	0	0	0	0	0	0	0	0	0	5	0	0	2	0	0	0	0	0	0	0	0	0	0	0	0	0	0	0	0	0	0	0	0	0	0	0	0	0	0	0	0	0	0	0	0	0	0	0	0	0	0	0	0	0	0	0	0	0	0	0	0	0	0	0	0	0	0	0	0	0	0	0	0	0	0	0	0	0	0	0	0	0	0	0	0	0	0	0	0	0	0	0	0	0	0	0	0	0	0	0	0	0	0	0	0	0	0	0	0	0	0	0	0	0	0	0	0	0	0	0	0	0	0	0	0	0	0	0	0	0
38	23	23	59	40	9	2	9	17	17	45	40	4	45	61	27	11	36	200	78	0	0	0	14	0	0	17	0	0	42	18	0	0	85	32	0	0	40	0	0	18	18	0	0	40	0	0	0	61	27	0	0	200	78	0	0	0	0	0	0	14	0	0	36	0	0	0	70	0	0	0	17	0	0	8	0	0	0	17	0	0	0	42	18	0	0	85	32	0	0	0	0	0	0	0	0	0	0	31	0	0	0	18	0	0	0	0	0	0	0	27	0	0	0	78	0	0	0	0	0	0	0	0	0	0	0	0	0	0	0	0	0	14	0	0	8	0	0	0	14	0	0	0	36	0	0	0	70	0	0	0	0	0	0	0	0	0	0	0	0	0	0	0	0	0	0	0	0	0	0	0	18	0	0	0	32	0	0	0	0	0	0	0	0	0	0	0	0	0	0	0	0	0	0	31	0	0	0	18	0	0	0	0	0	0	0	0	0	0	0	0
23	15	18	7	20	7	2	0	0	16	7	20	6	0	13	0	8	0	20	78	0	0	0	0	0	0	0	0	0	0	0	0	0	0	32	0	0	20	0	0	10	0	0	0	0	0	0	0	13	0	0	0	20	78	0	0	0	0	0	0	0	0	0	0	0	0	0	0	0	0	0	0	0	0	0	0	0	0	0	0	0	0	0	0	0	0	0	32	0	0	0	0	0	0	0	0	0	0	0	0	0	0	0	0	0	0	0	0	0	0	0	0	0	0	78	0	0	0	0	0	0	0	0	0	0	0	0	0	0	0	0	0	0	0	0	0	0	0	0	0	0	0	0	0	0	0	0	0	0	0	0	0	0	0	0	0	0	0	0	0	0	0	0	0	0	0	0	0	0	0	0	0	0	0	0	32	0	0	0	0	0	0	0	0	0	0	0	0	0	0	0	0	0	0	0	0	0	0	0	0	0	0	0	0	0	0	0	0	0	0	0
26	16	14	24	10	6	1	0	0	12	24	10	5	0	3	0	4	6	40	42	0	0	0	0	0	0	0	0	0	0	0	0	0	0	20	0	0	10	0	0	0	0	0	0	0	0	0	0	3	0	0	0	40	42	0	0	0	0	0	0	0	0	0	0	0	0	0	0	0	0	0	0	0	0	0	0	0	0	0	0	0	0	0	0	0	0	0	20	0	0	0	0	0	0	0	0	0	0	0	0	0	0	0	0	0	0	0	0	0	0	0	0	0	0	42	0	0	0	0	0	0	0	0	0	0	0	0	0	0	0	0	0	0	0	0	0	0	0	0	0	0	0	0	0	0	0	0	0	0	0	0	0	0	0	0	0	0	0	0	0	0	0	0	0	0	0	0	0	0	0	0	0	0	0	0	20	0	0	0	0	0	0	0	0	0	0	0	0	0	0	0	0	0	0	0	0	0	0	0	0	0	0	0	0	0	0	0	0	0	0	0
19	12	15	10	3	5	1	0	0	14	10	3	5	0	3	0	5	0	6	9	0	0	0	0	0	0	0	0	0	0	0	0	0	0	6	0	0	3	0	0	0	0	0	0	0	0	0	0	3	0	0	0	6	9	0	0	0	0	0	0	0	0	0	0	0	0	0	0	0	0	0	0	0	0	0	0	0	0	0	0	0	0	0	0	0	0	0	6	0	0	0	0	0	0	0	0	0	0	0	0	0	0	0	0	0	0	0	0	0	0	0	0	0	0	9	0	0	0	0	0	0	0	0	0	0	0	0	0	0	0	0	0	0	0	0	0	0	0	0	0	0	0	0	0	0	0	0	0	0	0	0	0	0	0	0	0	0	0	0	0	0	0	0	0	0	0	0	0	0	0	0	0	0	0	0	6	0	0	0	0	0	0	0	0	0	0	0	0	0	0	0	0	0	0	0	0	0	0	0	0	0	0	0	0	0	0	0	0	0	0	0
18	11	13	12	0	4	1	0	0	12	12	0	5	0	0	0	5	0	0	0	0	0	0	0	0	0	0	0	0	0	0	0	0	0	0	0	0	0	0	0	0	0	0	0	0	0	0	0	0	0	0	0	0	0	0	0	0	0	0	0	0	0	0	0	0	0	0	0	0	0	0	0	0	0	0	0	0	0	0	0	0	0	0	0	0	0	0	0	0	0	0	0	0	0	0	0	0	0	0	0	0	0	0	0	0	0	0	0	0	0	0	0	0	0	0	0	0	0	0	0	0	0	0	0	0	0	0	0	0	0	0	0	0	0	0	0	0	0	0	0	0	0	0	0	0	0	0	0	0	0	0	0	0	0	0	0	0	0	0	0	0	0	0	0	0	0	0	0	0	0	0	0	0	0	0	0	0	0	0	0	0	0	0	0	0	0	0	0	0	0	0	0	0	0	0	0	0	0	0	0	0	0	0	0	0	0	0	0	0	0	0
26	13	7	0	73	0	0	0	48	0	0	73	0	0	28	32	0	0	0	50	0	0	0	42	0	0	48	0	0	18	17	0	0	0	17	0	0	0	0	0	0	27	0	0	0	9	0	0	0	32	0	0	0	50	0	0	0	39	0	0	42	0	0	18	14	0	0	0	14	0	0	0	0	0	0	18	0	0	0	6	0	0	0	17	0	0	0	17	0	0	0	0	0	0	18	0	0	0	0	0	0	0	27	0	0	0	9	0	0	0	0	0	0	0	0	0	0	0	16	0	0	39	0	0	18	0	0	0	0	0	0	0	0	0	0	0	0	0	0	0	0	0	0	0	14	0	0	0	14	0	0	0	0	0	0	0	0	0	0	0	0	0	0	18	0	0	0	6	0	0	0	0	0	0	0	0	0	0	0	0	0	0	42	0	0	0	31	0	0	0	18	0	0	0	0	0	0	0	0	0	0	0	0	0	0	0	0	0	0	0	0
17	8	6	8	34	0	0	0	18	0	0	34	0	0	28	8	0	0	34	50	0	0	0	18	0	0	18	0	0	18	8	0	0	18	17	0	0	0	0	0	0	0	0	0	0	0	0	0	0	8	0	0	0	50	0	0	0	18	0	0	18	0	0	18	8	0	0	18	14	0	0	0	0	0	0	0	0	0	0	0	0	0	0	8	0	0	0	17	0	0	0	0	0	0	0	0	0	0	0	0	0	0	0	0	0	0	0	0	0	0	0	0	0	0	0	0	0	0	7	0	0	18	0	0	18	0	0	0	18	0	0	0	0	0	0	0	0	0	0	0	0	0	0	0	8	0	0	0	14	0	0	0	0	0	0	0	0	0	0	0	0	0	0	0	0	0	0	0	0	0	0	0	0	0	0	0	0	0	0	0	0	0	21	0	0	0	22	0	0	0	0	0	0	0	0	0	0	0	0	0	0	0	0	0	0	0	0	0	0	0	0
25	11	10	33	74	0	0	0	61	0	0	74	0	0	91	40	0	0	222	40	0	0	0	44	0	0	61	0	0	79	17	0	0	183	17	0	0	0	0	0	0	57	0	0	0	36	0	0	0	40	0	0	0	40	0	0	0	30	0	0	44	0	0	60	14	0	0	132	14	0	0	0	0	0	0	24	0	0	0	12	0	0	0	17	0	0	0	17	0	0	0	0	0	0	46	0	0	0	20	0	0	0	57	0	0	0	36	0	0	0	0	0	0	0	0	0	0	0	0	0	0	30	0	0	36	0	0	0	90	0	0	0	0	0	0	0	0	0	0	0	0	0	0	0	14	0	0	0	14	0	0	0	0	0	0	0	0	0	0	0	0	0	0	24	0	0	0	12	0	0	0	0	0	0	0	0	0	0	0	0	0	0	0	0	0	0	106	0	0	0	46	0	0	0	20	0	0	0	0	0	0	0	0	0	0	0	0	0	0	0	0
18	9	5	0	31	0	0	0	0	0	0	31	0	0	9	0	0	0	0	73	0	0	0	0	0	0	0	0	0	0	0	0	0	0	17	0	0	0	0	0	0	0	0	0	0	0	0	0	0	0	0	0	0	73	0	0	0	0	0	0	0	0	0	0	0	0	0	0	14	0	0	0	0	0	0	0	0	0	0	0	0	0	0	0	0	0	0	17	0	0	0	0	0	0	0	0	0	0	0	0	0	0	0	0	0	0	0	0	0	0	0	0	0	0	0	0	0	0	0	0	0	0	0	0	0	0	0	0	0	0	0	0	0	0	0	0	0	0	0	0	0	0	0	0	0	0	0	0	14	0	0	0	0	0	0	0	0	0	0	0	0	0	0	0	0	0	0	0	0	0	0	0	0	0	0	0	0	0	0	0	0	0	0	0	0	0	0	0	0	0	0	0	0	0	0	0	0	0	0	0	0	0	0	0	0	0	0	0	0	0	0
16	8	5	0	24	0	0	0	0	0	0	24	0	0	9	0	0	0	0	53	0	0	0	0	0	0	0	0	0	0	0	0	0	0	17	0	0	0	0	0	0	0	0	0	0	0	0	0	0	0	0	0	0	53	0	0	0	0	0	0	0	0	0	0	0	0	0	0	14	0	0	0	0	0	0	0	0	0	0	0	0	0	0	0	0	0	0	17	0	0	0	0	0	0	0	0	0	0	0	0	0	0	0	0	0	0	0	0	0	0	0	0	0	0	0	0	0	0	0	0	0	0	0	0	0	0	0	0	0	0	0	0	0	0	0	0	0	0	0	0	0	0	0	0	0	0	0	0	14	0	0	0	0	0	0	0	0	0	0	0	0	0	0	0	0	0	0	0	0	0	0	0	0	0	0	0	0	0	0	0	0	0	0	0	0	0	0	0	0	0	0	0	0	0	0	0	0	0	0	0	0	0	0	0	0	0	0	0	0	0	0
6	0	0	0	44	0	0	0	31	0	0	0	0	0	0	20	0	0	0	74	0	0	0	31	0	0	0	0	0	0	20	0	0	0	61	0	0	0	0	0	0	0	0	0	0	0	0	0	0	0	0	0	0	0	0	0	0	27	0	0	0	0	0	0	16	0	0	0	44	0	0	0	0	0	0	0	0	0	0	0	0	0	0	0	0	0	0	0	0	0	0	0	0	0	30	0	0	0	0	0	0	0	0	0	0	0	0	0	0	0	0	0	0	0	0	0	0	0	17	0	0	0	0	0	0	6	0	0	0	30	0	0	0	0	0	0	0	0	0	0	0	0	0	0	0	0	0	0	0	0	0	0	0	0	0	6	0	0	0	0	0	0	0	0	0	0	0	0	0	0	0	0	0	0	0	0	0	0	0	0	0	0	18	0	0	0	20	0	0	0	0	0	0	0	0	0	0	0	0	0	0	0	0	0	0	0	0	0	0	0	0
11	0	0	0	99	0	0	0	68	0	0	0	0	0	0	113	0	0	0	108	0	0	0	58	0	0	0	0	0	0	65	0	0	0	79	0	0	0	0	0	0	8	0	0	0	40	0	0	0	0	0	0	0	0	0	0	0	57	0	0	0	0	0	0	64	0	0	0	62	0	0	0	0	0	0	8	0	0	0	17	0	0	0	0	0	0	0	0	0	0	0	0	0	0	9	0	0	0	0	0	0	0	0	0	0	0	0	0	0	0	0	0	0	0	0	0	0	0	53	0	0	0	0	0	0	60	0	0	0	48	0	0	0	0	0	0	8	0	0	0	14	0	0	0	0	0	0	0	0	0	0	0	0	0	0	6	0	0	0	0	0	0	0	0	0	0	0	0	0	0	0	0	0	0	0	0	0	0	0	0	0	0	28	0	0	0	0	0	0	0	0	0	0	0	0	0	0	0	0	0	0	0	0	0	0	0	0	0	0	0	0
7	0	0	0	51	0	0	0	37	0	0	0	0	0	0	32	0	0	0	74	0	0	0	35	0	0	0	0	0	0	30	0	0	0	61	0	0	0	0	0	0	20	0	0	0	0	0	0	0	0	0	0	0	0	0	0	0	18	0	0	0	0	0	0	16	0	0	0	44	0	0	0	0	0	0	0	0	0	0	0	0	0	0	0	0	0	0	0	0	0	0	0	0	0	36	0	0	0	36	0	0	0	0	0	0	0	0	0	0	0	0	0	0	0	0	0	0	0	6	0	0	0	0	0	0	6	0	0	0	30	0	0	0	0	0	0	0	0	0	0	0	0	0	0	0	0	0	0	0	0	0	0	0	0	0	6	0	0	0	12	0	0	0	0	0	0	0	0	0	0	0	0	0	0	0	0	0	0	0	0	0	0	18	0	0	0	20	0	0	0	0	0	0	0	0	0	0	0	0	0	0	0	0	0	0	0	0	0	0	0	0
