391	384	38	14	0	377	16	6	0	38	14	0	20	0	0	0	113	40	0	0	370	14	6	0	16	6	0	12	0	0	0	58	24	0	0	38	14	0	5	0	0	0	9	12	0	0	20	0	0	0	113	40	0	0	363	13	6	0	14	6	0	12	0	0	0	53	24	0	0	16	6	0	4	0	0	0	5	12	0	0	12	0	0	0	58	24	0	0	38	14	0	6	0	0	0	15	4	0	0	5	0	0	0	9	12	0	0	20	0	0	0	113	40	0	0	356	12	6	0	13	6	0	12	0	0	0	48	24	0	0	14	6	0	4	0	0	0	5	12	0	0	12	0	0	0	53	24	0	0	16	6	0	1	0	0	0	3	0	0	0	4	0	0	0	5	12	0	0	12	0	0	0	58	24	0	0	38	14	0	8	0	0	0	8	0	0	0	6	0	0	0	15	4	0	0	5	0	0	0	9	12	0	0	20	0	0	0	113	40	0	0
589	578	53	46	0	567	16	32	0	53	46	0	14	40	0	0	145	162	0	0	556	14	30	0	16	32	0	6	36	0	0	51	127	0	0	53	46	0	3	12	0	0	10	12	0	0	14	40	0	0	145	162	0	0	545	13	30	0	14	30	0	6	36	0	0	46	120	0	0	16	32	0	2	12	0	0	5	12	0	0	6	36	0	0	51	127	0	0	53	46	0	10	0	0	0	25	4	0	0	3	12	0	0	10	12	0	0	14	40	0	0	145	162	0	0	534	11	30	0	13	30	0	6	36	0	0	41	120	0	0	14	30	0	2	12	0	0	5	12	0	0	6	36	0	0	46	120	0	0	16	32	0	1	0	0	0	3	0	0	0	2	12	0	0	5	12	0	0	6	36	0	0	51	127	0	0	53	46	0	12	0	0	0	17	9	0	0	10	0	0	0	25	4	0	0	3	12	0	0	10	12	0	0	14	40	0	0	145	162	0	0
396	389	34	12	0	382	15	0	0	34	12	0	12	0	0	0	106	24	0	0	375	15	0	0	15	0	0	12	0	0	0	57	0	0	0	34	12	0	5	0	0	0	13	0	0	0	12	0	0	0	106	24	0	0	368	14	0	0	15	0	0	12	0	0	0	57	0	0	0	15	0	0	4	0	0	0	7	0	0	0	12	0	0	0	57	0	0	0	34	12	0	6	0	0	0	15	4	0	0	5	0	0	0	13	0	0	0	12	0	0	0	106	24	0	0	361	13	0	0	14	0	0	12	0	0	0	52	0	0	0	15	0	0	4	0	0	0	7	0	0	0	12	0	0	0	57	0	0	0	15	0	0	1	0	0	0	3	0	0	0	4	0	0	0	7	0	0	0	12	0	0	0	57	0	0	0	34	12	0	8	0	0	0	7	0	0	0	6	0	0	0	15	4	0	0	5	0	0	0	13	0	0	0	12	0	0	0	106	24	0	0
452	444	48	16	0	436	26	0	0	48	16	0	21	0	0	0	148	40	0	0	428	26	0	0	26	0	0	21	0	0	0	91	0	0	0	48	16	0	25	0	0	0	21	0	0	0	21	0	0	0	148	40	0	0	420	21	0	0	26	0	0	21	0	0	0	91	0	0	0	26	0	0	8	0	0	0	11	0	0	0	21	0	0	0	91	0	0	0	48	16	0	9	0	0	0	17	20	0	0	25	0	0	0	21	0	0	0	21	0	0	0	148	40	0	0	412	20	0	0	21	0	0	21	0	0	0	74	0	0	0	26	0	0	8	0	0	0	11	0	0	0	21	0	0	0	91	0	0	0	26	0	0	4	0	0	0	9	0	0	0	8	0	0	0	11	0	0	0	21	0	0	0	91	0	0	0	48	16	0	13	0	0	0	11	0	0	0	9	0	0	0	17	20	0	0	25	0	0	0	21	0	0	0	21	0	0	0	148	40	0	0
713	700	79	62	0	687	37	40	0	79	62	0	39	19	0	0	233	227	0	0	674	35	38	0	37	40	0	31	18	0	0	122	160	0	0	79	62	0	29	20	0	0	34	22	0	0	39	19	0	0	233	227	0	0	661	29	32	0	35	38	0	31	18	0	0	117	152	0	0	37	40	0	9	19	0	0	14	20	0	0	31	18	0	0	122	160	0	0	79	62	0	21	30	0	0	36	30	0	0	29	20	0	0	34	22	0	0	39	19	0	0	233	227	0	0	648	26	22	0	29	32	0	31	13	0	0	96	123	0	0	35	38	0	9	18	0	0	14	18	0	0	31	18	0	0	117	152	0	0	37	40	0	7	9	0	0	16	9	0	0	9	19	0	0	14	20	0	0	31	18	0	0	122	160	0	0	79	62	0	27	29	0	0	16	30	0	0	21	30	0	0	36	30	0	0	29	20	0	0	34	22	0	0	39	19	0	0	233	227	0	0
806	791	72	67	20	776	39	54	0	72	67	20	34	44	0	0	217	210	20	0	761	38	53	0	39	54	0	31	44	0	0	129	182	0	0	72	67	20	33	9	0	0	39	13	0	0	34	44	0	0	217	210	20	0	746	31	44	0	38	53	0	29	44	0	0	124	177	0	0	39	54	0	11	0	0	0	15	11	0	0	31	44	0	0	129	182	0	0	72	67	20	22	0	4	0	30	26	20	0	33	9	0	0	39	13	0	0	34	44	0	0	217	210	20	0	731	27	42	0	31	44	0	28	44	0	0	102	132	0	0	38	53	0	11	0	0	0	15	11	0	0	29	44	0	0	124	177	0	0	39	54	0	8	0	0	0	15	22	0	0	11	0	0	0	15	11	0	0	31	44	0	0	129	182	0	0	72	67	20	30	20	4	0	18	31	0	0	22	0	4	0	30	26	20	0	33	9	0	0	39	13	0	0	34	44	0	0	217	210	20	0
613	602	52	24	16	591	31	0	0	52	24	16	31	0	0	0	143	72	48	0	580	27	0	0	31	0	0	17	0	0	0	92	0	0	0	52	24	16	23	0	0	0	22	32	0	0	31	0	0	0	143	72	48	0	569	21	0	0	27	0	0	17	0	0	0	84	0	0	0	31	0	0	6	0	0	0	12	0	0	0	17	0	0	0	92	0	0	0	52	24	16	4	0	4	0	11	0	0	0	23	0	0	0	22	32	0	0	31	0	0	0	143	72	48	0	558	20	0	0	21	0	0	16	0	0	0	62	0	0	0	27	0	0	6	0	0	0	12	0	0	0	17	0	0	0	84	0	0	0	31	0	0	4	0	0	0	11	0	0	0	6	0	0	0	12	0	0	0	17	0	0	0	92	0	0	0	52	24	16	8	0	4	0	10	0	0	0	4	0	4	0	11	0	0	0	23	0	0	0	22	32	0	0	31	0	0	0	143	72	48	0
558	548	49	16	16	538	30	0	0	49	16	16	31	0	0	0	147	48	32	0	528	28	0	0	30	0	0	23	0	0	0	98	0	0	0	49	16	16	25	0	0	0	22	16	0	0	31	0	0	0	147	48	32	0	518	22	0	0	28	0	0	23	0	0	0	93	0	0	0	30	0	0	8	0	0	0	10	0	0	0	23	0	0	0	98	0	0	0	49	16	16	4	0	4	0	11	0	0	0	25	0	0	0	22	16	0	0	31	0	0	0	147	48	32	0	508	21	0	0	22	0	0	22	0	0	0	71	0	0	0	28	0	0	8	0	0	0	10	0	0	0	23	0	0	0	93	0	0	0	30	0	0	4	0	0	0	11	0	0	0	8	0	0	0	10	0	0	0	23	0	0	0	98	0	0	0	49	16	16	8	0	4	0	11	0	0	0	4	0	4	0	11	0	0	0	25	0	0	0	22	16	0	0	31	0	0	0	147	48	32	0
1100	1079	105	179	8	1058	48	146	0	105	179	8	65	132	0	0	291	553	32	0	1037	40	126	0	48	146	0	36	126	0	0	153	457	0	0	105	179	8	32	160	0	0	38	90	0	0	65	132	0	0	291	553	32	0	1016	32	99	0	40	126	0	30	126	0	0	130	396	0	0	48	146	0	9	58	0	0	14	58	0	0	36	126	0	0	153	457	0	0	105	179	8	23	45	4	0	30	90	32	0	32	160	0	0	38	90	0	0	65	132	0	0	291	553	32	0	995	27	94	0	32	99	0	25	126	0	0	103	312	0	0	40	126	0	8	56	0	0	14	56	0	0	30	126	0	0	130	396	0	0	48	146	0	5	42	0	0	11	84	0	0	9	58	0	0	14	58	0	0	36	126	0	0	153	457	0	0	105	179	8	24	54	4	0	20	49	0	0	23	45	4	0	30	90	32	0	32	160	0	0	38	90	0	0	65	132	0	0	291	553	32	0
698	685	61	57	4	672	31	30	0	61	57	4	34	20	0	0	161	132	20	0	659	26	30	0	31	30	0	17	20	0	0	95	60	0	0	61	57	4	29	0	0	0	26	30	0	0	34	20	0	0	161	132	20	0	646	18	30	0	26	30	0	15	20	0	0	82	60	0	0	31	30	0	6	0	0	0	9	10	0	0	17	20	0	0	95	60	0	0	61	57	4	4	0	4	0	9	20	0	0	29	0	0	0	26	30	0	0	34	20	0	0	161	132	20	0	633	17	30	0	18	30	0	14	20	0	0	55	60	0	0	26	30	0	6	0	0	0	9	10	0	0	15	20	0	0	82	60	0	0	31	30	0	4	0	0	0	9	20	0	0	6	0	0	0	9	10	0	0	17	20	0	0	95	60	0	0	61	57	4	8	0	4	0	10	0	0	0	4	0	4	0	9	20	0	0	29	0	0	0	26	30	0	0	34	20	0	0	161	132	20	0
603	592	41	18	36	581	27	0	0	41	18	36	29	0	0	0	101	18	72	64	570	18	0	0	27	0	0	15	0	0	0	76	0	0	0	41	18	36	4	0	33	0	10	0	0	0	29	0	0	0	101	18	72	64	559	18	0	0	18	0	0	15	0	0	0	51	0	0	0	27	0	0	4	0	0	0	10	0	0	0	15	0	0	0	76	0	0	0	41	18	36	3	0	0	0	10	0	0	0	4	0	33	0	10	0	0	0	29	0	0	0	101	18	72	64	548	18	0	0	18	0	0	15	0	0	0	51	0	0	0	18	0	0	4	0	0	0	10	0	0	0	15	0	0	0	51	0	0	0	27	0	0	3	0	0	0	10	0	0	0	4	0	0	0	10	0	0	0	15	0	0	0	76	0	0	0	41	18	36	7	0	0	0	7	0	0	0	3	0	0	0	10	0	0	0	4	0	33	0	10	0	0	0	29	0	0	0	101	18	72	64
762	748	50	56	27	734	25	16	0	50	56	27	21	64	0	0	121	140	108	44	720	19	0	0	25	16	0	15	0	0	0	71	40	0	0	50	56	27	4	0	24	0	13	0	54	0	21	64	0	0	121	140	108	44	706	19	0	0	19	0	0	15	0	0	0	56	0	0	0	25	16	0	4	0	0	0	13	0	0	0	15	0	0	0	71	40	0	0	50	56	27	3	0	0	0	14	0	0	0	4	0	24	0	13	0	54	0	21	64	0	0	121	140	108	44	692	19	0	0	19	0	0	15	0	0	0	56	0	0	0	19	0	0	4	0	0	0	13	0	0	0	15	0	0	0	56	0	0	0	25	16	0	3	0	0	0	8	0	0	0	4	0	0	0	13	0	0	0	15	0	0	0	71	40	0	0	50	56	27	5	0	0	0	6	0	0	0	3	0	0	0	14	0	0	0	4	0	24	0	13	0	54	0	21	64	0	0	121	140	108	44
794	779	56	77	19	764	30	50	0	56	77	19	39	42	0	0	137	149	57	28	749	22	36	0	30	50	0	23	0	0	0	92	105	0	0	56	77	19	7	0	24	0	13	24	38	0	39	42	0	0	137	149	57	28	734	22	36	0	22	36	0	23	0	0	0	70	84	0	0	30	50	0	7	0	0	0	13	24	0	0	23	0	0	0	92	105	0	0	56	77	19	3	0	0	0	10	0	0	0	7	0	24	0	13	24	38	0	39	42	0	0	137	149	57	28	719	22	36	0	22	36	0	23	0	0	0	70	84	0	0	22	36	0	7	0	0	0	13	24	0	0	23	0	0	0	70	84	0	0	30	50	0	3	0	0	0	8	0	0	0	7	0	0	0	13	24	0	0	23	0	0	0	92	105	0	0	56	77	19	5	0	0	0	4	0	0	0	3	0	0	0	10	0	0	0	7	0	24	0	13	24	38	0	39	42	0	0	137	149	57	28
492	483	42	18	11	474	26	0	0	42	18	11	29	0	0	0	100	30	33	12	465	18	0	0	26	0	0	15	0	0	0	72	0	0	0	42	18	11	4	0	24	0	11	0	0	0	29	0	0	0	100	30	33	12	456	18	0	0	18	0	0	15	0	0	0	52	0	0	0	26	0	0	4	0	0	0	11	0	0	0	15	0	0	0	72	0	0	0	42	18	11	3	0	0	0	8	0	0	0	4	0	24	0	11	0	0	0	29	0	0	0	100	30	33	12	447	18	0	0	18	0	0	15	0	0	0	52	0	0	0	18	0	0	4	0	0	0	11	0	0	0	15	0	0	0	52	0	0	0	26	0	0	3	0	0	0	8	0	0	0	4	0	0	0	11	0	0	0	15	0	0	0	72	0	0	0	42	18	11	5	0	0	0	4	0	0	0	3	0	0	0	8	0	0	0	4	0	24	0	11	0	0	0	29	0	0	0	100	30	33	12
383	376	25	10	5	369	11	0	0	25	10	5	16	0	0	0	50	10	10	4	362	7	0	0	11	0	0	2	0	0	0	25	0	0	0	25	10	5	0	0	0	0	5	0	0	0	16	0	0	0	50	10	10	4	355	7	0	0	7	0	0	2	0	0	0	17	0	0	0	11	0	0	0	0	0	0	5	0	0	0	2	0	0	0	25	0	0	0	25	10	5	0	0	0	0	2	0	0	0	0	0	0	0	5	0	0	0	16	0	0	0	50	10	10	4	348	7	0	0	7	0	0	2	0	0	0	17	0	0	0	7	0	0	0	0	0	0	5	0	0	0	2	0	0	0	17	0	0	0	11	0	0	0	0	0	0	2	0	0	0	0	0	0	0	5	0	0	0	2	0	0	0	25	0	0	0	25	10	5	0	0	0	0	0	0	0	0	0	0	0	0	2	0	0	0	0	0	0	0	5	0	0	0	16	0	0	0	50	10	10	4
432	424	23	0	35	416	10	0	0	23	0	35	5	0	30	0	60	0	0	98	408	10	0	0	10	0	0	5	0	0	0	33	0	0	0	23	0	35	0	0	0	0	8	0	0	0	5	0	30	0	60	0	0	98	400	10	0	0	10	0	0	5	0	0	0	33	0	0	0	10	0	0	0	0	0	0	8	0	0	0	5	0	0	0	33	0	0	0	23	0	35	0	0	0	0	0	0	0	0	0	0	0	0	8	0	0	0	5	0	30	0	60	0	0	98	392	10	0	0	10	0	0	5	0	0	0	33	0	0	0	10	0	0	0	0	0	0	8	0	0	0	5	0	0	0	33	0	0	0	10	0	0	0	0	0	0	0	0	0	0	0	0	0	0	8	0	0	0	5	0	0	0	33	0	0	0	23	0	35	0	0	0	0	0	0	0	0	0	0	0	0	0	0	0	0	0	0	0	0	8	0	0	0	5	0	30	0	60	0	0	98
639	627	41	29	35	615	18	11	0	41	29	35	21	0	30	0	113	71	70	98	603	16	11	0	18	11	0	13	0	0	0	59	44	0	0	41	29	35	3	0	0	0	10	22	0	0	21	0	30	0	113	71	70	98	591	16	11	0	16	11	0	13	0	0	0	54	44	0	0	18	11	0	3	0	0	0	10	22	0	0	13	0	0	0	59	44	0	0	41	29	35	0	0	0	0	2	0	0	0	3	0	0	0	10	22	0	0	21	0	30	0	113	71	70	98	579	16	11	0	16	11	0	13	0	0	0	54	44	0	0	16	11	0	3	0	0	0	10	22	0	0	13	0	0	0	54	44	0	0	18	11	0	0	0	0	0	0	0	0	0	3	0	0	0	10	22	0	0	13	0	0	0	59	44	0	0	41	29	35	0	0	0	0	2	0	0	0	0	0	0	0	2	0	0	0	3	0	0	0	10	22	0	0	21	0	30	0	113	71	70	98
723	709	50	65	21	695	16	40	0	50	65	21	17	40	30	0	130	186	63	57	681	14	40	0	16	40	0	9	40	0	0	52	130	0	0	50	65	21	3	0	0	0	10	20	0	0	17	40	30	0	130	186	63	57	667	14	40	0	14	40	0	9	40	0	0	47	130	0	0	16	40	0	3	0	0	0	10	20	0	0	9	40	0	0	52	130	0	0	50	65	21	0	0	0	0	4	0	0	0	3	0	0	0	10	20	0	0	17	40	30	0	130	186	63	57	653	14	40	0	14	40	0	9	40	0	0	47	130	0	0	14	40	0	3	0	0	0	10	20	0	0	9	40	0	0	47	130	0	0	16	40	0	0	0	0	0	0	0	0	0	3	0	0	0	10	20	0	0	9	40	0	0	52	130	0	0	50	65	21	0	0	0	0	2	0	0	0	0	0	0	0	4	0	0	0	3	0	0	0	10	20	0	0	17	40	30	0	130	186	63	57
481	472	48	20	8	463	22	0	0	48	20	8	23	0	16	0	142	60	40	27	454	22	0	0	22	0	0	23	0	0	0	79	0	0	0	48	20	8	6	0	0	0	14	0	0	0	23	0	16	0	142	60	40	27	445	22	0	0	22	0	0	23	0	0	0	79	0	0	0	22	0	0	6	0	0	0	14	0	0	0	23	0	0	0	79	0	0	0	48	20	8	14	0	0	0	20	0	0	0	6	0	0	0	14	0	0	0	23	0	16	0	142	60	40	27	436	20	0	0	22	0	0	23	0	0	0	79	0	0	0	22	0	0	6	0	0	0	14	0	0	0	23	0	0	0	79	0	0	0	22	0	0	4	0	0	0	6	0	0	0	6	0	0	0	14	0	0	0	23	0	0	0	79	0	0	0	48	20	8	20	0	0	0	4	8	0	0	14	0	0	0	20	0	0	0	6	0	0	0	14	0	0	0	23	0	16	0	142	60	40	27
521	511	43	33	0	501	14	16	0	43	33	0	20	8	0	0	119	117	0	0	491	12	16	0	14	16	0	12	8	0	0	47	72	0	0	43	33	0	3	0	0	0	8	16	0	0	20	8	0	0	119	117	0	0	481	12	16	0	12	16	0	12	8	0	0	42	72	0	0	14	16	0	3	0	0	0	8	16	0	0	12	8	0	0	47	72	0	0	43	33	0	0	0	0	0	9	0	0	0	3	0	0	0	8	16	0	0	20	8	0	0	119	117	0	0	471	12	16	0	12	16	0	12	8	0	0	42	72	0	0	12	16	0	3	0	0	0	8	16	0	0	12	8	0	0	42	72	0	0	14	16	0	0	0	0	0	0	0	0	0	3	0	0	0	8	16	0	0	12	8	0	0	47	72	0	0	43	33	0	0	0	0	0	2	0	0	0	0	0	0	0	9	0	0	0	3	0	0	0	8	16	0	0	20	8	0	0	119	117	0	0
1062	1041	104	168	33	1020	49	118	29	104	168	33	55	142	9	0	306	568	165	8	999	44	115	24	49	118	29	39	136	9	0	160	408	145	0	104	168	33	49	44	9	33	44	66	0	0	55	142	9	0	306	568	165	8	978	33	101	4	44	115	24	33	135	9	0	141	396	120	0	49	118	29	11	41	9	0	11	56	0	0	39	136	9	0	160	408	145	0	104	168	33	22	143	0	20	35	130	0	28	49	44	9	33	44	66	0	0	55	142	9	0	306	568	165	8	957	25	65	0	33	101	4	29	102	4	0	106	337	20	0	44	115	24	9	39	9	0	9	52	0	0	33	135	9	0	141	396	120	0	49	118	29	3	54	0	0	8	78	0	0	11	41	9	0	11	56	0	0	39	136	9	0	160	408	145	0	104	168	33	14	191	39	0	24	54	66	0	22	143	0	20	35	130	0	28	49	44	9	33	44	66	0	0	55	142	9	0	306	568	165	8
682	669	56	23	56	656	37	12	25	56	23	56	42	0	0	53	172	59	56	64	643	35	12	6	37	12	25	34	0	0	0	122	48	25	0	56	23	56	11	0	0	24	18	24	0	46	42	0	0	53	172	59	56	64	630	34	12	0	35	12	6	34	0	0	0	117	48	6	0	37	12	25	10	0	0	0	18	24	0	0	34	0	0	0	122	48	25	0	56	23	56	17	0	0	0	25	11	0	8	11	0	0	24	18	24	0	46	42	0	0	53	172	59	56	64	617	31	12	0	34	12	0	34	0	0	0	113	48	0	0	35	12	6	10	0	0	0	18	24	0	0	34	0	0	0	117	48	6	0	37	12	25	7	0	0	0	12	0	0	0	10	0	0	0	18	24	0	0	34	0	0	0	122	48	25	0	56	23	56	23	0	10	0	7	0	0	0	17	0	0	0	25	11	0	8	11	0	0	24	18	24	0	46	42	0	0	53	172	59	56	64
908	890	73	103	44	872	35	75	17	73	103	44	34	102	0	21	215	325	88	64	854	33	72	6	35	75	17	26	96	0	0	117	260	34	0	73	103	44	8	36	0	24	20	24	0	19	34	102	0	21	215	325	88	64	836	32	72	0	33	72	6	26	96	0	0	112	252	12	0	35	75	17	7	36	0	0	18	24	0	0	26	96	0	0	117	260	34	0	73	103	44	17	0	0	0	25	10	0	8	8	36	0	24	20	24	0	19	34	102	0	21	215	325	88	64	818	29	72	0	32	72	0	26	96	0	0	108	252	0	0	33	72	6	7	36	0	0	18	24	0	0	26	96	0	0	112	252	12	0	35	75	17	7	0	0	0	12	0	0	0	7	36	0	0	18	24	0	0	26	96	0	0	117	260	34	0	73	103	44	23	0	10	0	14	0	0	0	17	0	0	0	25	10	0	8	8	36	0	24	20	24	0	19	34	102	0	21	215	325	88	64
632	620	55	32	30	608	33	0	18	55	32	30	30	0	0	32	173	88	120	8	596	33	0	6	33	0	18	30	0	0	0	113	0	72	0	55	32	30	26	0	0	24	24	0	0	27	30	0	0	32	173	88	120	8	584	28	0	0	33	0	6	30	0	0	0	113	0	24	0	33	0	18	10	0	0	0	14	0	0	0	30	0	0	0	113	0	72	0	55	32	30	17	0	0	0	21	40	0	8	26	0	0	24	24	0	0	27	30	0	0	32	173	88	120	8	572	25	0	0	28	0	0	30	0	0	0	95	0	0	0	33	0	6	10	0	0	0	14	0	0	0	30	0	0	0	113	0	24	0	33	0	18	7	0	0	0	12	0	0	0	10	0	0	0	14	0	0	0	30	0	0	0	113	0	72	0	55	32	30	23	0	10	0	11	0	0	0	17	0	0	0	21	40	0	8	26	0	0	24	24	0	0	27	30	0	0	32	173	88	120	8
527	517	45	21	15	507	26	0	0	45	21	15	25	0	0	0	144	49	45	29	497	26	0	0	26	0	0	25	0	0	0	92	0	0	0	45	21	15	10	0	0	0	18	0	0	0	25	0	0	0	144	49	45	29	487	24	0	0	26	0	0	25	0	0	0	92	0	0	0	26	0	0	6	0	0	0	12	0	0	0	25	0	0	0	92	0	0	0	45	21	15	14	0	0	0	18	14	0	0	10	0	0	0	18	0	0	0	25	0	0	0	144	49	45	29	477	22	0	0	24	0	0	25	0	0	0	84	0	0	0	26	0	0	6	0	0	0	12	0	0	0	25	0	0	0	92	0	0	0	26	0	0	4	0	0	0	6	0	0	0	6	0	0	0	12	0	0	0	25	0	0	0	92	0	0	0	45	21	15	22	0	0	0	6	0	0	0	14	0	0	0	18	14	0	0	10	0	0	0	18	0	0	0	25	0	0	0	144	49	45	29
618	606	55	35	33	594	28	11	9	55	35	33	30	0	10	9	156	116	99	78	582	24	8	9	28	11	9	16	0	9	9	87	44	27	47	55	35	33	17	24	0	0	18	32	0	0	30	0	10	9	156	116	99	78	570	17	0	9	24	8	9	16	0	9	9	76	32	27	30	28	11	9	3	0	0	0	4	0	0	0	16	0	9	9	87	44	27	47	55	35	33	8	0	26	0	13	0	33	0	17	24	0	0	18	32	0	0	30	0	10	9	156	116	99	78	558	13	0	4	17	0	9	10	0	9	4	49	0	27	4	24	8	9	3	0	0	0	4	0	0	0	16	0	9	9	76	32	27	30	28	11	9	4	0	9	0	6	0	9	0	3	0	0	0	4	0	0	0	16	0	9	9	87	44	27	47	55	35	33	7	0	24	20	14	11	0	0	8	0	26	0	13	0	33	0	17	24	0	0	18	32	0	0	30	0	10	9	156	116	99	78
702	688	54	54	44	674	24	43	0	54	54	44	18	22	0	0	160	161	44	178	660	24	42	0	24	43	0	18	22	0	0	82	139	0	89	54	54	44	21	9	0	0	27	0	0	0	18	22	0	0	160	161	44	178	646	18	33	0	24	42	0	18	22	0	0	82	135	0	42	24	43	0	6	0	0	0	8	0	0	0	18	22	0	0	82	139	0	89	54	54	44	8	0	16	0	15	0	44	0	21	9	0	0	27	0	0	0	18	22	0	0	160	161	44	178	632	14	31	0	18	33	0	12	22	0	0	59	99	0	4	24	42	0	6	0	0	0	8	0	0	0	18	22	0	0	82	135	0	42	24	43	0	4	0	0	0	6	0	0	0	6	0	0	0	8	0	0	0	18	22	0	0	82	139	0	89	54	54	44	5	20	24	0	17	10	0	0	8	0	16	0	15	0	44	0	21	9	0	0	27	0	0	0	18	22	0	0	160	161	44	178
569	558	49	24	33	547	27	0	0	49	24	33	28	0	0	0	142	72	99	122	536	25	0	0	27	0	0	20	0	0	0	87	0	0	64	49	24	33	22	0	0	0	18	16	0	0	28	0	0	0	142	72	99	122	525	18	0	0	25	0	0	20	0	0	0	82	0	0	36	27	0	0	6	0	0	0	6	0	0	0	20	0	0	0	87	0	0	64	49	24	33	4	0	16	0	6	0	0	0	22	0	0	0	18	16	0	0	28	0	0	0	142	72	99	122	514	15	0	0	18	0	0	14	0	0	0	55	0	0	4	25	0	0	6	0	0	0	6	0	0	0	20	0	0	0	82	0	0	36	27	0	0	4	0	0	0	6	0	0	0	6	0	0	0	6	0	0	0	20	0	0	0	87	0	0	64	49	24	33	7	0	24	0	10	0	0	0	4	0	16	0	6	0	0	0	22	0	0	0	18	16	0	0	28	0	0	0	142	72	99	122
707	693	67	67	16	679	31	43	0	67	67	16	37	0	0	0	184	198	64	63	665	27	31	0	31	43	0	23	0	0	0	96	126	0	47	67	67	16	9	72	0	0	21	24	0	0	37	0	0	0	184	198	64	63	651	23	13	0	27	31	0	23	0	0	0	85	86	0	30	31	43	0	5	0	0	0	4	0	0	0	23	0	0	0	96	126	0	47	67	67	16	18	0	16	0	24	0	48	0	9	72	0	0	21	24	0	0	37	0	0	0	184	198	64	63	637	17	13	0	23	13	0	17	0	0	0	68	26	0	4	27	31	0	5	0	0	0	4	0	0	0	23	0	0	0	85	86	0	30	31	43	0	4	0	0	0	6	0	0	0	5	0	0	0	4	0	0	0	23	0	0	0	96	126	0	47	67	67	16	18	0	24	0	20	30	0	0	18	0	16	0	24	0	48	0	9	72	0	0	21	24	0	0	37	0	0	0	184	198	64	63
559	548	54	35	8	537	26	10	0	54	35	8	30	0	0	0	145	95	40	33	526	22	10	0	26	10	0	16	0	0	0	81	20	0	29	54	35	8	19	0	0	0	17	20	0	0	30	0	0	0	145	95	40	33	515	15	10	0	22	10	0	16	0	0	0	70	20	0	24	26	10	0	3	0	0	0	4	0	0	0	16	0	0	0	81	20	0	29	54	35	8	4	0	16	0	8	0	0	0	19	0	0	0	17	20	0	0	30	0	0	0	145	95	40	33	504	12	10	0	15	10	0	10	0	0	0	43	20	0	4	22	10	0	3	0	0	0	4	0	0	0	16	0	0	0	70	20	0	24	26	10	0	4	0	0	0	6	0	0	0	3	0	0	0	4	0	0	0	16	0	0	0	81	20	0	29	54	35	8	7	0	24	0	12	0	0	0	4	0	16	0	8	0	0	0	19	0	0	0	17	20	0	0	30	0	0	0	145	95	40	33
859	842	50	74	50	825	22	22	22	50	74	50	15	88	12	10	125	185	200	90	808	13	0	21	22	22	22	5	0	12	9	64	55	88	9	50	74	50	0	0	49	9	2	0	100	0	15	88	12	10	125	185	200	90	791	13	0	21	13	0	21	5	0	12	9	33	0	84	9	22	22	22	0	0	22	9	0	0	44	0	5	0	12	9	64	55	88	9	50	74	50	4	0	0	0	8	0	0	0	0	0	49	9	2	0	100	0	15	88	12	10	125	185	200	90	774	12	0	21	13	0	21	5	0	12	9	33	0	84	9	13	0	21	0	0	21	9	0	0	42	0	5	0	12	9	33	0	84	9	22	22	22	0	0	0	0	0	0	0	0	0	0	22	9	0	0	44	0	5	0	12	9	64	55	88	9	50	74	50	1	0	0	0	17	15	0	0	4	0	0	0	8	0	0	0	0	0	49	9	2	0	100	0	15	88	12	10	125	185	200	90
603	591	35	29	36	579	18	11	0	35	29	36	20	0	0	0	86	40	72	134	567	9	11	0	18	11	0	6	0	0	0	53	22	0	9	35	29	36	0	0	35	0	3	0	0	0	20	0	0	0	86	40	72	134	555	9	11	0	9	11	0	6	0	0	0	24	22	0	9	18	11	0	0	0	0	0	0	0	0	0	6	0	0	0	53	22	0	9	35	29	36	0	0	0	0	2	0	0	0	0	0	35	0	3	0	0	0	20	0	0	0	86	40	72	134	543	9	11	0	9	11	0	6	0	0	0	24	22	0	9	9	11	0	0	0	0	0	0	0	0	0	6	0	0	0	24	22	0	9	18	11	0	0	0	0	0	0	0	0	0	0	0	0	0	0	0	0	0	6	0	0	0	53	22	0	9	35	29	36	2	0	0	0	8	0	0	0	0	0	0	0	2	0	0	0	0	0	35	0	3	0	0	0	20	0	0	0	86	40	72	134
507	497	34	21	19	487	17	0	0	34	21	19	18	0	0	0	76	35	57	57	477	10	0	0	17	0	0	4	0	0	0	45	0	0	0	34	21	19	0	0	18	0	0	0	0	0	18	0	0	0	76	35	57	57	467	10	0	0	10	0	0	4	0	0	0	24	0	0	0	17	0	0	0	0	0	0	0	0	0	0	4	0	0	0	45	0	0	0	34	21	19	0	0	0	0	0	0	0	0	0	0	18	0	0	0	0	0	18	0	0	0	76	35	57	57	457	10	0	0	10	0	0	4	0	0	0	24	0	0	0	10	0	0	0	0	0	0	0	0	0	0	4	0	0	0	24	0	0	0	17	0	0	0	0	0	0	0	0	0	0	0	0	0	0	0	0	0	0	4	0	0	0	45	0	0	0	34	21	19	0	0	0	0	6	0	0	0	0	0	0	0	0	0	0	0	0	0	18	0	0	0	0	0	18	0	0	0	76	35	57	57
779	763	54	93	19	747	20	62	0	54	93	19	15	90	0	0	121	235	57	57	731	14	48	0	20	62	0	7	48	0	0	55	174	0	9	54	93	19	2	0	26	0	10	0	38	0	15	90	0	0	121	235	57	57	715	14	48	0	14	48	0	7	48	0	0	36	132	0	9	20	62	0	2	0	0	0	0	0	0	0	7	48	0	0	55	174	0	9	54	93	19	10	0	0	0	13	0	0	0	2	0	26	0	10	0	38	0	15	90	0	0	121	235	57	57	699	12	48	0	14	48	0	7	48	0	0	36	132	0	9	14	48	0	2	0	0	0	0	0	0	0	7	48	0	0	36	132	0	9	20	62	0	0	0	0	0	0	0	0	0	2	0	0	0	0	0	0	0	7	48	0	0	55	174	0	9	54	93	19	11	0	0	0	14	20	0	0	10	0	0	0	13	0	0	0	2	0	26	0	10	0	38	0	15	90	0	0	121	235	57	57
405	397	30	15	5	389	13	0	0	30	15	5	18	0	0	0	64	25	15	8	381	9	0	0	13	0	0	4	0	0	0	33	0	0	0	30	15	5	0	0	0	0	0	0	0	0	18	0	0	0	64	25	15	8	373	9	0	0	9	0	0	4	0	0	0	22	0	0	0	13	0	0	0	0	0	0	0	0	0	0	4	0	0	0	33	0	0	0	30	15	5	0	0	0	0	0	0	0	0	0	0	0	0	0	0	0	0	18	0	0	0	64	25	15	8	365	9	0	0	9	0	0	4	0	0	0	22	0	0	0	9	0	0	0	0	0	0	0	0	0	0	4	0	0	0	22	0	0	0	13	0	0	0	0	0	0	0	0	0	0	0	0	0	0	0	0	0	0	4	0	0	0	33	0	0	0	30	15	5	0	0	0	0	3	0	0	0	0	0	0	0	0	0	0	0	0	0	0	0	0	0	0	0	18	0	0	0	64	25	15	8
486	476	37	29	7	466	14	9	6	37	29	7	7	0	14	6	84	59	28	0	456	14	9	6	14	9	6	7	0	12	6	33	9	24	0	37	29	7	2	0	0	0	8	0	0	0	7	0	14	6	84	59	28	0	446	14	9	6	14	9	6	7	0	12	6	33	9	24	0	14	9	6	2	0	0	0	4	0	0	0	7	0	12	6	33	9	24	0	37	29	7	7	0	0	0	15	0	0	0	2	0	0	0	8	0	0	0	7	0	14	6	84	59	28	0	436	13	9	6	14	9	6	7	0	12	6	33	9	24	0	14	9	6	2	0	0	0	4	0	0	0	7	0	12	6	33	9	24	0	14	9	6	3	0	0	0	2	0	0	0	2	0	0	0	4	0	0	0	7	0	12	6	33	9	24	0	37	29	7	8	0	0	0	18	5	0	0	7	0	0	0	15	0	0	0	2	0	0	0	8	0	0	0	7	0	14	6	84	59	28	0
495	485	48	25	18	475	20	0	6	48	25	18	13	0	36	6	116	75	90	50	465	20	0	6	20	0	6	13	0	12	6	50	0	30	22	48	25	18	4	0	0	0	9	0	0	0	13	0	36	6	116	75	90	50	455	20	0	6	20	0	6	13	0	12	6	50	0	30	21	20	0	6	4	0	0	0	4	0	0	0	13	0	12	6	50	0	30	22	48	25	18	17	0	0	0	22	0	0	0	4	0	0	0	9	0	0	0	13	0	36	6	116	75	90	50	445	17	0	6	20	0	6	13	0	12	6	50	0	30	21	20	0	6	4	0	0	0	4	0	0	0	13	0	12	6	50	0	30	21	20	0	6	3	0	0	0	2	0	0	0	4	0	0	0	4	0	0	0	13	0	12	6	50	0	30	22	48	25	18	18	0	0	0	22	15	0	0	17	0	0	0	22	0	0	0	4	0	0	0	9	0	0	0	13	0	36	6	116	75	90	50
400	392	22	0	39	384	9	0	0	22	0	39	4	0	36	0	51	0	0	129	376	9	0	0	9	0	0	4	0	0	0	21	0	0	22	22	0	39	0	0	0	0	0	0	0	0	4	0	36	0	51	0	0	129	368	9	0	0	9	0	0	4	0	0	0	21	0	0	21	9	0	0	0	0	0	0	0	0	0	0	4	0	0	0	21	0	0	22	22	0	39	0	0	0	0	0	0	0	0	0	0	0	0	0	0	0	0	4	0	36	0	51	0	0	129	360	9	0	0	9	0	0	4	0	0	0	21	0	0	21	9	0	0	0	0	0	0	0	0	0	0	4	0	0	0	21	0	0	21	9	0	0	0	0	0	0	0	0	0	0	0	0	0	0	0	0	0	0	4	0	0	0	21	0	0	22	22	0	39	0	0	0	0	4	0	0	0	0	0	0	0	0	0	0	0	0	0	0	0	0	0	0	0	4	0	36	0	51	0	0	129
548	537	36	18	39	526	17	0	0	36	18	39	11	0	36	0	85	27	78	129	515	17	0	0	17	0	0	11	0	0	0	39	0	0	22	36	18	39	2	0	0	0	4	0	0	0	11	0	36	0	85	27	78	129	504	17	0	0	17	0	0	11	0	0	0	39	0	0	21	17	0	0	2	0	0	0	4	0	0	0	11	0	0	0	39	0	0	22	36	18	39	3	0	0	0	4	0	0	0	2	0	0	0	4	0	0	0	11	0	36	0	85	27	78	129	493	17	0	0	17	0	0	11	0	0	0	39	0	0	21	17	0	0	2	0	0	0	4	0	0	0	11	0	0	0	39	0	0	21	17	0	0	3	0	0	0	2	0	0	0	2	0	0	0	4	0	0	0	11	0	0	0	39	0	0	22	36	18	39	4	0	0	0	15	0	0	0	3	0	0	0	4	0	0	0	2	0	0	0	4	0	0	0	11	0	36	0	85	27	78	129
676	662	44	57	30	648	16	33	0	44	57	30	11	0	36	0	90	125	90	93	634	16	33	0	16	33	0	11	0	0	0	36	77	0	22	44	57	30	2	0	0	0	8	0	0	0	11	0	36	0	90	125	90	93	620	16	33	0	16	33	0	11	0	0	0	36	77	0	21	16	33	0	2	0	0	0	4	0	0	0	11	0	0	0	36	77	0	22	44	57	30	3	0	0	0	7	0	0	0	2	0	0	0	8	0	0	0	11	0	36	0	90	125	90	93	606	16	33	0	16	33	0	11	0	0	0	36	77	0	21	16	33	0	2	0	0	0	4	0	0	0	11	0	0	0	36	77	0	21	16	33	0	3	0	0	0	2	0	0	0	2	0	0	0	4	0	0	0	11	0	0	0	36	77	0	22	44	57	30	8	0	0	0	19	0	0	0	3	0	0	0	7	0	0	0	2	0	0	0	8	0	0	0	11	0	36	0	90	125	90	93
669	655	53	52	38	641	29	25	18	53	52	38	19	0	22	14	133	103	114	55	627	28	25	17	29	25	18	16	0	22	12	78	49	54	12	53	52	38	11	0	0	6	20	9	0	0	19	0	22	14	133	103	114	55	613	25	25	17	28	25	17	14	0	22	12	73	49	51	12	29	25	18	4	0	0	6	4	0	0	0	16	0	22	12	78	49	54	12	53	52	38	27	0	0	0	24	27	0	0	11	0	0	6	20	9	0	0	19	0	22	14	133	103	114	55	599	18	21	16	25	25	17	13	0	22	12	64	49	51	12	28	25	17	4	0	0	6	4	0	0	0	14	0	22	12	73	49	51	12	29	25	18	3	0	0	0	2	0	0	0	4	0	0	6	4	0	0	0	16	0	22	12	78	49	54	12	53	52	38	16	39	0	10	21	45	0	0	27	0	0	0	24	27	0	0	11	0	0	6	20	9	0	0	19	0	22	14	133	103	114	55
972	952	74	79	115	932	41	19	99	74	79	115	43	0	103	58	200	226	460	25	912	36	19	78	41	19	99	27	0	103	12	118	76	396	12	74	79	115	31	0	41	74	28	30	0	50	43	0	103	58	200	226	460	25	892	29	15	49	36	19	78	21	0	103	12	99	76	312	12	41	19	99	8	0	41	16	8	0	0	22	27	0	103	12	118	76	396	12	74	79	115	25	60	0	50	29	105	0	93	31	0	41	74	28	30	0	50	43	0	103	58	200	226	460	25	872	21	0	35	29	15	49	16	0	88	12	78	60	196	12	36	19	78	4	0	41	15	4	0	0	21	21	0	103	12	99	76	312	12	41	19	99	4	0	0	9	2	0	0	9	8	0	41	16	8	0	0	22	27	0	103	12	118	76	396	12	74	79	115	24	0	47	59	31	30	115	33	25	60	0	50	29	105	0	93	31	0	41	74	28	30	0	50	43	0	103	58	200	226	460	25
853	835	92	113	38	817	48	67	30	92	113	38	41	82	39	21	233	346	190	18	799	45	65	19	48	67	30	31	78	39	0	130	212	150	6	92	113	38	34	26	13	24	39	16	0	19	41	82	39	21	233	346	190	18	781	37	55	8	45	65	19	25	78	39	0	116	208	95	6	48	67	30	6	26	13	0	10	0	0	0	31	78	39	0	130	212	150	6	92	113	38	29	80	0	40	27	64	0	16	34	26	13	24	39	16	0	19	41	82	39	21	233	346	190	18	763	30	29	0	37	55	8	20	58	24	0	94	163	40	6	45	65	19	4	26	13	0	8	0	0	0	25	78	39	0	116	208	95	6	48	67	30	8	0	0	0	5	0	0	0	6	26	13	0	10	0	0	0	31	78	39	0	130	212	150	6	92	113	38	26	80	13	0	37	61	76	33	29	80	0	40	27	64	0	16	34	26	13	24	39	16	0	19	41	82	39	21	233	346	190	18
674	660	50	36	62	646	30	24	28	50	36	62	17	12	0	65	120	73	62	94	632	30	24	6	30	24	28	17	12	0	0	77	60	28	12	50	36	62	5	0	0	24	13	0	0	69	17	12	0	65	120	73	62	94	618	29	24	0	30	24	6	17	12	0	0	77	60	6	12	30	24	28	4	0	0	0	4	0	0	22	17	12	0	0	77	60	28	12	50	36	62	27	0	0	0	23	11	0	16	5	0	0	24	13	0	0	69	17	12	0	65	120	73	62	94	604	22	23	0	29	24	0	16	12	0	0	73	60	0	12	30	24	6	4	0	0	0	4	0	0	21	17	12	0	0	77	60	6	12	30	24	28	3	0	0	0	2	0	0	0	4	0	0	0	4	0	0	22	17	12	0	0	77	60	28	12	50	36	62	19	11	0	0	21	47	0	0	27	0	0	0	23	11	0	16	5	0	0	24	13	0	0	69	17	12	0	65	120	73	62	94
743	727	61	88	27	711	32	66	0	61	88	27	24	63	0	0	133	171	54	94	695	28	64	0	32	66	0	14	60	0	0	78	136	0	12	61	88	27	9	24	0	0	16	47	0	0	24	63	0	0	133	171	54	94	679	25	61	0	28	64	0	8	60	0	0	68	134	0	12	32	66	0	2	21	0	0	2	41	0	0	14	60	0	0	78	136	0	12	61	88	27	24	33	0	0	22	30	0	0	9	24	0	0	16	47	0	0	24	63	0	0	133	171	54	94	663	18	58	0	25	61	0	7	60	0	0	61	131	0	12	28	64	0	2	20	0	0	2	40	0	0	8	60	0	0	68	134	0	12	32	66	0	0	30	0	0	0	20	0	0	2	21	0	0	2	41	0	0	14	60	0	0	78	136	0	12	61	88	27	17	26	0	0	22	38	0	0	24	33	0	0	22	30	0	0	9	24	0	0	16	47	0	0	24	63	0	0	133	171	54	94
710	695	63	38	93	680	38	14	48	63	38	93	42	0	55	62	158	102	186	218	665	34	14	48	38	14	48	27	0	51	62	107	42	96	147	63	38	93	36	0	0	0	24	24	0	0	42	0	55	62	158	102	186	218	650	21	14	48	34	14	48	21	0	51	62	92	42	96	114	38	14	48	5	0	0	0	4	0	0	0	27	0	51	62	107	42	96	147	63	38	93	9	0	61	0	3	0	0	0	36	0	0	0	24	24	0	0	42	0	55	62	158	102	186	218	635	14	14	43	21	14	48	11	0	51	52	49	42	96	74	34	14	48	4	0	0	0	4	0	0	0	21	0	51	62	92	42	96	114	38	14	48	3	0	27	0	2	0	0	0	5	0	0	0	4	0	0	0	27	0	51	62	107	42	96	147	63	38	93	5	0	48	40	18	0	0	0	9	0	61	0	3	0	0	0	36	0	0	0	24	24	0	0	42	0	55	62	158	102	186	218
805	788	73	77	85	771	39	39	48	73	77	85	48	61	55	62	186	233	255	191	754	33	22	48	39	39	48	27	22	51	62	107	125	144	147	73	77	85	29	66	0	0	21	55	85	0	48	61	55	62	186	233	255	191	737	22	0	48	33	22	48	23	0	51	62	89	55	144	114	39	39	48	4	0	0	0	5	0	48	0	27	22	51	62	107	125	144	147	73	77	85	6	0	61	0	2	0	170	0	29	66	0	0	21	55	85	0	48	61	55	62	186	233	255	191	720	16	0	43	22	0	48	13	0	51	52	51	0	144	74	33	22	48	3	0	0	0	5	0	48	0	23	0	51	62	89	55	144	114	39	39	48	0	0	27	0	2	0	96	0	4	0	0	0	5	0	48	0	27	22	51	62	107	125	144	147	73	77	85	4	0	40	40	20	0	0	0	6	0	61	0	2	0	170	0	29	66	0	0	21	55	85	0	48	61	55	62	186	233	255	191
882	863	98	131	53	844	50	87	27	98	131	53	53	132	45	40	239	419	212	153	825	44	62	27	50	87	27	33	80	41	40	133	295	108	129	98	131	53	22	140	0	0	35	40	53	0	53	132	45	40	239	419	212	153	806	35	26	27	44	62	27	31	32	41	40	115	204	108	97	50	87	27	7	8	0	0	12	0	27	0	33	80	41	40	133	295	108	129	98	131	53	19	32	61	0	11	0	212	0	22	140	0	0	35	40	53	0	53	132	45	40	239	419	212	153	787	27	17	22	35	26	27	25	0	41	30	84	96	108	57	44	62	27	7	0	0	0	12	0	27	0	31	32	41	40	115	204	108	97	50	87	27	4	0	27	0	7	0	108	0	7	8	0	0	12	0	27	0	33	80	41	40	133	295	108	129	98	131	53	14	17	31	40	23	69	53	0	19	32	61	0	11	0	212	0	22	140	0	0	35	40	53	0	53	132	45	40	239	419	212	153
648	634	63	54	51	620	36	44	0	63	54	51	33	10	0	0	153	142	51	280	606	34	43	0	36	44	0	26	10	0	0	98	130	0	175	63	54	51	32	9	0	0	29	0	0	0	33	10	0	0	153	142	51	280	592	24	33	0	34	43	0	20	9	0	0	88	126	0	120	36	44	0	5	0	0	0	4	0	0	0	26	10	0	0	98	130	0	175	63	54	51	20	9	31	0	8	0	51	0	32	9	0	0	29	0	0	0	33	10	0	0	153	142	51	280	578	14	22	0	24	33	0	12	0	0	0	57	87	0	74	34	43	0	4	0	0	0	4	0	0	0	20	9	0	0	88	126	0	120	36	44	0	3	0	0	0	3	0	0	0	5	0	0	0	4	0	0	0	26	10	0	0	98	130	0	175	63	54	51	3	22	44	0	24	45	51	0	20	9	31	0	8	0	51	0	32	9	0	0	29	0	0	0	33	10	0	0	153	142	51	280
679	664	66	82	8	649	35	54	0	66	82	8	50	33	0	0	146	158	40	38	634	28	49	0	35	54	0	26	33	0	0	99	98	0	30	66	82	8	27	25	0	0	23	25	0	0	50	33	0	0	146	158	40	38	619	19	44	0	28	49	0	20	33	0	0	76	93	0	19	35	54	0	4	0	0	0	5	0	0	0	26	33	0	0	99	98	0	30	66	82	8	9	0	16	0	7	0	8	0	27	25	0	0	23	25	0	0	50	33	0	0	146	158	40	38	604	14	44	0	19	44	0	11	33	0	0	46	88	0	8	28	49	0	3	0	0	0	5	0	0	0	20	33	0	0	76	93	0	19	35	54	0	0	0	0	0	3	0	0	0	4	0	0	0	5	0	0	0	26	33	0	0	99	98	0	30	66	82	8	3	0	16	0	13	11	0	0	9	0	16	0	7	0	8	0	27	25	0	0	23	25	0	0	50	33	0	0	146	158	40	38
610	597	47	12	87	584	34	0	37	47	12	87	41	0	19	65	111	0	87	290	571	20	0	36	34	0	37	18	0	0	62	82	0	37	123	47	12	87	2	0	86	14	5	0	0	0	41	0	19	65	111	0	87	290	558	18	0	36	20	0	36	13	0	0	62	43	0	36	123	34	0	37	1	0	15	14	5	0	0	0	18	0	0	62	82	0	37	123	47	12	87	0	0	17	0	2	0	0	0	2	0	86	14	5	0	0	0	41	0	19	65	111	0	87	290	545	18	0	36	18	0	36	13	0	0	62	37	0	36	123	20	0	36	1	0	14	14	5	0	0	0	13	0	0	62	43	0	36	123	34	0	37	0	0	0	0	2	0	0	0	1	0	15	14	5	0	0	0	18	0	0	62	82	0	37	123	47	12	87	3	0	0	0	10	0	0	0	0	0	17	0	2	0	0	0	2	0	86	14	5	0	0	0	41	0	19	65	111	0	87	290
1026	1004	66	104	137	982	36	32	95	66	104	137	39	128	71	90	163	260	548	239	960	21	0	92	36	32	95	18	0	52	81	88	80	380	123	66	104	137	2	0	131	40	5	0	274	0	39	128	71	90	163	260	548	239	938	19	0	92	21	0	92	13	0	52	81	46	0	368	123	36	32	95	1	0	66	40	5	0	190	0	18	0	52	81	88	80	380	123	66	104	137	0	0	26	0	2	0	0	0	2	0	131	40	5	0	274	0	39	128	71	90	163	260	548	239	916	19	0	92	19	0	92	13	0	52	81	41	0	368	123	21	0	92	1	0	63	40	5	0	184	0	13	0	52	81	46	0	368	123	36	32	95	0	0	15	0	2	0	0	0	1	0	66	40	5	0	190	0	18	0	52	81	88	80	380	123	66	104	137	1	0	0	0	10	0	0	0	0	0	26	0	2	0	0	0	2	0	131	40	5	0	274	0	39	128	71	90	163	260	548	239
421	412	35	14	27	403	21	0	22	35	14	27	30	0	20	0	68	14	54	8	394	15	0	22	21	0	22	13	0	20	0	41	0	44	0	35	14	27	1	0	5	0	5	0	0	0	30	0	20	0	68	14	54	8	385	15	0	22	15	0	22	13	0	20	0	27	0	44	0	21	0	22	1	0	0	0	5	0	0	0	13	0	20	0	41	0	44	0	35	14	27	0	0	0	0	2	0	0	0	1	0	5	0	5	0	0	0	30	0	20	0	68	14	54	8	376	15	0	22	15	0	22	13	0	20	0	27	0	44	0	15	0	22	1	0	0	0	5	0	0	0	13	0	20	0	27	0	44	0	21	0	22	0	0	0	0	2	0	0	0	1	0	0	0	5	0	0	0	13	0	20	0	41	0	44	0	35	14	27	0	0	0	0	2	0	0	0	0	0	0	0	2	0	0	0	1	0	5	0	5	0	0	0	30	0	20	0	68	14	54	8
836	817	85	138	24	798	49	100	0	85	138	24	54	171	19	0	201	287	72	146	779	35	78	0	49	100	0	28	104	0	0	135	214	0	75	85	138	24	9	13	59	0	11	70	72	0	54	171	19	0	201	287	72	146	760	32	78	0	35	78	0	20	104	0	0	96	156	0	75	49	100	0	5	13	0	0	7	65	0	0	28	104	0	0	135	214	0	75	85	138	24	9	0	8	0	11	28	0	0	9	13	59	0	11	70	72	0	54	171	19	0	201	287	72	146	741	31	78	0	32	78	0	20	104	0	0	87	156	0	75	35	78	0	5	13	0	0	7	65	0	0	20	104	0	0	96	156	0	75	49	100	0	5	0	0	0	9	26	0	0	5	13	0	0	7	65	0	0	28	104	0	0	135	214	0	75	85	138	24	16	0	0	0	17	13	0	0	9	0	8	0	11	28	0	0	9	13	59	0	11	70	72	0	54	171	19	0	201	287	72	146
453	443	42	29	13	433	26	16	0	42	29	13	37	8	8	0	85	36	26	61	423	16	16	0	26	16	0	16	8	0	0	60	24	0	27	42	29	13	2	0	37	0	6	0	0	0	37	8	8	0	85	36	26	61	413	15	16	0	16	16	0	12	8	0	0	34	24	0	27	26	16	0	1	0	0	0	5	0	0	0	16	8	0	0	60	24	0	27	42	29	13	0	0	8	0	3	0	0	0	2	0	37	0	6	0	0	0	37	8	8	0	85	36	26	61	403	15	16	0	15	16	0	12	8	0	0	31	24	0	27	16	16	0	1	0	0	0	5	0	0	0	12	8	0	0	34	24	0	27	26	16	0	0	0	0	0	2	0	0	0	1	0	0	0	5	0	0	0	16	8	0	0	60	24	0	27	42	29	13	1	0	0	0	6	0	0	0	0	0	8	0	3	0	0	0	2	0	37	0	6	0	0	0	37	8	8	0	85	36	26	61
542	530	41	29	48	518	19	11	10	41	29	48	16	0	53	20	97	49	96	201	506	19	11	10	19	11	10	16	0	0	20	46	22	20	117	41	29	48	3	0	0	0	8	0	0	0	16	0	53	20	97	49	96	201	494	19	11	10	19	11	10	16	0	0	20	46	22	20	114	19	11	10	3	0	0	0	8	0	0	0	16	0	0	20	46	22	20	117	41	29	48	0	0	0	0	3	0	0	0	3	0	0	0	8	0	0	0	16	0	53	20	97	49	96	201	482	19	11	10	19	11	10	16	0	0	20	46	22	20	114	19	11	10	3	0	0	0	8	0	0	0	16	0	0	20	46	22	20	114	19	11	10	0	0	0	0	3	0	0	0	3	0	0	0	8	0	0	0	16	0	0	20	46	22	20	117	41	29	48	0	0	0	0	1	0	0	0	0	0	0	0	3	0	0	0	3	0	0	0	8	0	0	0	16	0	53	20	97	49	96	201
639	625	54	45	76	611	19	0	49	54	45	76	15	0	147	105	143	135	380	137	597	18	0	30	19	0	49	11	0	90	40	59	0	245	95	54	45	76	4	0	12	0	7	0	0	138	15	0	147	105	143	135	380	137	583	18	0	30	18	0	30	11	0	36	40	56	0	150	92	19	0	49	4	0	8	0	7	0	0	75	11	0	90	40	59	0	245	95	54	45	76	4	0	0	0	4	0	0	0	4	0	12	0	7	0	0	138	15	0	147	105	143	135	380	137	569	18	0	30	18	0	30	11	0	36	40	56	0	150	92	18	0	30	4	0	0	0	7	0	0	75	11	0	36	40	56	0	150	92	19	0	49	4	0	0	0	4	0	0	0	4	0	8	0	7	0	0	75	11	0	90	40	59	0	245	95	54	45	76	13	0	0	0	18	0	0	0	4	0	0	0	4	0	0	0	4	0	12	0	7	0	0	138	15	0	147	105	143	135	380	137
440	430	39	32	13	420	9	16	12	39	32	13	6	0	39	12	99	96	52	0	410	9	16	12	9	16	12	6	0	36	12	29	56	48	0	39	32	13	2	0	0	0	3	0	0	0	6	0	39	12	99	96	52	0	400	9	16	12	9	16	12	6	0	36	12	29	56	48	0	9	16	12	2	0	0	0	3	0	0	0	6	0	36	12	29	56	48	0	39	32	13	0	0	0	0	1	0	0	0	2	0	0	0	3	0	0	0	6	0	39	12	99	96	52	0	390	9	16	12	9	16	12	6	0	36	12	29	56	48	0	9	16	12	2	0	0	0	3	0	0	0	6	0	36	12	29	56	48	0	9	16	12	0	0	0	0	1	0	0	0	2	0	0	0	3	0	0	0	6	0	36	12	29	56	48	0	39	32	13	0	0	0	0	7	0	0	0	0	0	0	0	1	0	0	0	2	0	0	0	3	0	0	0	6	0	39	12	99	96	52	0
399	390	24	15	48	381	12	14	0	24	15	48	9	7	53	0	52	16	0	288	372	12	14	0	12	14	0	9	7	0	0	27	14	0	154	24	15	48	1	0	0	0	5	0	0	0	9	7	53	0	52	16	0	288	363	12	14	0	12	14	0	9	7	0	0	27	14	0	150	12	14	0	1	0	0	0	5	0	0	0	9	7	0	0	27	14	0	154	24	15	48	0	0	0	0	2	0	0	0	1	0	0	0	5	0	0	0	9	7	53	0	52	16	0	288	354	12	14	0	12	14	0	9	7	0	0	27	14	0	150	12	14	0	1	0	0	0	5	0	0	0	9	7	0	0	27	14	0	150	12	14	0	0	0	0	0	2	0	0	0	1	0	0	0	5	0	0	0	9	7	0	0	27	14	0	154	24	15	48	0	0	0	0	1	0	0	0	0	0	0	0	2	0	0	0	1	0	0	0	5	0	0	0	9	7	53	0	52	16	0	288
487	476	46	36	23	465	17	18	0	46	36	23	15	0	53	0	112	99	69	161	454	17	18	0	17	18	0	15	0	0	0	43	63	0	95	46	36	23	3	0	0	0	8	0	0	0	15	0	53	0	112	99	69	161	443	17	18	0	17	18	0	15	0	0	0	43	63	0	92	17	18	0	3	0	0	0	8	0	0	0	15	0	0	0	43	63	0	95	46	36	23	0	0	0	0	3	0	0	0	3	0	0	0	8	0	0	0	15	0	53	0	112	99	69	161	432	17	18	0	17	18	0	15	0	0	0	43	63	0	92	17	18	0	3	0	0	0	8	0	0	0	15	0	0	0	43	63	0	92	17	18	0	0	0	0	0	3	0	0	0	3	0	0	0	8	0	0	0	15	0	0	0	43	63	0	95	46	36	23	0	0	0	0	4	0	0	0	0	0	0	0	3	0	0	0	3	0	0	0	8	0	0	0	15	0	53	0	112	99	69	161
896	876	58	64	168	856	31	0	147	58	64	168	23	0	79	116	153	160	672	89	836	30	0	119	31	0	147	21	0	78	43	90	0	588	61	58	64	168	7	0	13	140	17	0	0	137	23	0	79	116	153	160	672	89	816	30	0	76	30	0	119	21	0	72	24	88	0	476	42	31	0	147	7	0	13	57	8	0	0	95	21	0	78	43	90	0	588	61	58	64	168	19	0	0	190	11	0	0	189	7	0	13	140	17	0	0	137	23	0	79	116	153	160	672	89	796	26	0	49	30	0	76	21	0	42	24	88	0	304	42	30	0	119	7	0	13	53	8	0	0	92	21	0	72	24	88	0	476	42	31	0	147	6	0	0	81	5	0	0	75	7	0	13	57	8	0	0	95	21	0	78	43	90	0	588	61	58	64	168	17	0	0	50	25	64	0	153	19	0	0	190	11	0	0	189	7	0	13	140	17	0	0	137	23	0	79	116	153	160	672	89
674	659	48	14	111	644	32	0	72	48	14	111	26	0	13	137	129	14	111	160	629	32	0	36	32	0	72	26	0	12	43	90	0	72	71	48	14	111	6	0	0	102	12	0	0	161	26	0	13	137	129	14	111	160	614	32	0	12	32	0	36	26	0	8	24	90	0	36	52	32	0	72	6	0	0	12	12	0	0	95	26	0	12	43	90	0	72	71	48	14	111	4	0	0	0	6	0	0	146	6	0	0	102	12	0	0	161	26	0	13	137	129	14	111	160	599	32	0	12	32	0	12	26	0	0	24	90	0	12	52	32	0	36	6	0	0	12	12	0	0	92	26	0	8	24	90	0	36	52	32	0	72	4	0	0	0	6	0	0	75	6	0	0	12	12	0	0	95	26	0	12	43	90	0	72	71	48	14	111	13	0	0	0	20	0	0	0	4	0	0	0	6	0	0	146	6	0	0	102	12	0	0	161	26	0	13	137	129	14	111	160
575	562	46	39	45	549	22	12	24	46	39	45	15	0	11	26	126	114	135	112	536	22	12	23	22	12	24	15	0	11	24	66	60	72	61	46	39	45	5	0	0	12	13	0	0	0	15	0	11	26	126	114	135	112	523	22	12	23	22	12	23	15	0	11	24	66	60	69	42	22	12	24	5	0	0	12	7	0	0	0	15	0	11	24	66	60	72	61	46	39	45	13	0	0	0	8	0	0	0	5	0	0	12	13	0	0	0	15	0	11	26	126	114	135	112	510	19	12	22	22	12	23	15	0	11	24	66	60	69	42	22	12	23	5	0	0	12	7	0	0	0	15	0	11	24	66	60	69	42	22	12	24	4	0	0	0	4	0	0	0	5	0	0	12	7	0	0	0	15	0	11	24	66	60	72	61	46	39	45	12	0	0	10	13	27	0	0	13	0	0	0	8	0	0	0	5	0	0	12	13	0	0	0	15	0	11	26	126	114	135	112
811	792	89	131	45	773	45	86	32	89	131	45	45	69	39	33	227	365	225	76	754	40	84	21	45	86	32	34	69	38	8	137	236	160	49	89	131	45	14	30	13	32	34	60	0	24	45	69	39	33	227	365	225	76	735	37	80	8	40	84	21	30	67	34	0	120	228	105	30	45	86	32	8	26	13	0	10	52	0	0	34	69	38	8	137	236	160	49	89	131	45	26	56	0	40	29	48	0	53	14	30	13	32	34	60	0	24	45	69	39	33	227	365	225	76	716	30	68	0	37	80	8	29	65	16	0	109	214	40	30	40	84	21	8	26	13	0	10	52	0	0	30	67	34	0	120	228	105	30	45	86	32	4	52	0	0	12	43	0	27	8	26	13	0	10	52	0	0	34	69	38	8	137	236	160	49	89	131	45	8	106	0	0	29	76	0	38	26	56	0	40	29	48	0	53	14	30	13	32	34	60	0	24	45	69	39	33	227	365	225	76
727	710	66	88	51	693	34	62	19	66	88	51	35	76	13	33	174	232	102	160	676	31	60	8	34	62	19	26	72	12	8	99	185	38	71	66	88	51	7	24	0	32	16	36	0	24	35	76	13	33	174	232	102	160	659	30	60	0	31	60	8	23	72	8	0	89	180	16	52	34	62	19	4	24	0	0	12	36	0	0	26	72	12	8	99	185	38	71	66	88	51	4	0	0	0	12	12	0	53	7	24	0	32	16	36	0	24	35	76	13	33	174	232	102	160	642	30	60	0	30	60	0	23	72	0	0	86	180	0	52	31	60	8	4	24	0	0	12	36	0	0	23	72	8	0	89	180	16	52	34	62	19	4	0	0	0	6	12	0	27	4	24	0	0	12	36	0	0	26	72	12	8	99	185	38	71	66	88	51	13	0	0	0	23	0	0	0	4	0	0	0	12	12	0	53	7	24	0	32	16	36	0	24	35	76	13	33	174	232	102	160
746	729	53	30	137	712	32	0	89	53	30	137	36	0	39	67	127	75	274	309	695	29	0	89	32	0	89	27	0	37	67	87	0	178	222	53	30	137	13	0	0	0	20	45	0	0	36	0	39	67	127	75	274	309	678	27	0	88	29	0	89	21	0	37	66	78	0	178	171	32	0	89	7	0	0	0	9	0	0	0	27	0	37	67	87	0	178	222	53	30	137	19	0	0	18	11	30	0	0	13	0	0	0	20	45	0	0	36	0	39	67	127	75	274	309	661	21	0	80	27	0	88	21	0	37	53	75	0	176	107	29	0	89	7	0	0	0	9	0	0	0	21	0	37	66	78	0	178	171	32	0	89	6	0	0	15	5	0	0	0	7	0	0	0	9	0	0	0	27	0	37	67	87	0	178	222	53	30	137	4	0	16	85	8	0	0	0	19	0	0	18	11	30	0	0	13	0	0	0	20	45	0	0	36	0	39	67	127	75	274	309
479	468	54	30	20	457	30	0	12	54	30	20	30	0	24	0	110	72	100	45	446	27	0	12	30	0	12	21	0	24	0	74	0	60	32	54	30	20	11	0	0	0	21	18	0	0	30	0	24	0	110	72	100	45	435	25	0	12	27	0	12	15	0	24	0	65	0	60	21	30	0	12	5	0	0	0	7	0	0	0	21	0	24	0	74	0	60	32	54	30	20	19	0	0	0	10	12	0	0	11	0	0	0	21	18	0	0	30	0	24	0	110	72	100	45	424	19	0	12	25	0	12	15	0	24	0	62	0	60	8	27	0	12	5	0	0	0	7	0	0	0	15	0	24	0	65	0	60	21	30	0	12	6	0	0	0	4	0	0	0	5	0	0	0	7	0	0	0	21	0	24	0	74	0	60	32	54	30	20	4	0	16	0	8	0	0	0	19	0	0	0	10	12	0	0	11	0	0	0	21	18	0	0	30	0	24	0	110	72	100	45
821	802	68	87	110	783	37	48	70	68	87	110	34	0	57	88	142	203	330	258	764	33	48	69	37	48	70	22	0	55	84	94	112	210	203	68	87	110	13	0	10	12	30	39	0	0	34	0	57	88	142	203	330	258	745	31	39	64	33	48	69	16	0	55	67	84	112	207	163	37	48	70	7	0	10	8	9	0	0	0	22	0	55	84	94	112	210	203	68	87	110	20	117	0	41	18	26	0	0	13	0	10	12	30	39	0	0	34	0	57	88	142	203	330	258	726	21	0	36	31	39	64	16	0	55	16	81	91	192	107	33	48	69	6	0	10	0	8	0	0	0	16	0	55	67	84	112	207	163	37	48	70	7	0	0	0	6	0	0	0	7	0	10	8	9	0	0	0	22	0	55	84	94	112	210	203	68	87	110	6	0	77	94	10	32	330	104	20	117	0	41	18	26	0	0	13	0	10	12	30	39	0	0	34	0	57	88	142	203	330	258
587	573	51	54	57	559	21	41	0	51	54	57	17	42	0	0	128	171	57	420	545	21	40	0	21	41	0	17	40	0	0	58	142	0	294	51	54	57	6	10	0	0	26	0	0	0	17	42	0	0	128	171	57	420	531	21	40	0	21	40	0	17	40	0	0	58	140	0	207	21	41	0	6	10	0	0	8	0	0	0	17	40	0	0	58	142	0	294	51	54	57	19	0	0	0	19	0	0	0	6	10	0	0	26	0	0	0	17	42	0	0	128	171	57	420	517	15	40	0	21	40	0	17	40	0	0	58	140	0	119	21	40	0	6	10	0	0	8	0	0	0	17	40	0	0	58	140	0	207	21	41	0	6	0	0	0	5	0	0	0	6	10	0	0	8	0	0	0	17	40	0	0	58	142	0	294	51	54	57	4	0	16	0	11	0	0	0	19	0	0	0	19	0	0	0	6	10	0	0	26	0	0	0	17	42	0	0	128	171	57	420
657	641	65	97	24	625	30	67	0	65	97	24	27	70	0	0	147	231	96	213	609	26	65	0	30	67	0	17	66	0	0	82	165	0	179	65	97	24	13	22	0	0	32	33	0	0	27	70	0	0	147	231	96	213	593	23	59	0	26	65	0	11	66	0	0	68	163	0	140	30	67	0	4	22	0	0	7	13	0	0	17	66	0	0	82	165	0	179	65	97	24	19	44	0	0	21	25	0	0	13	22	0	0	32	33	0	0	27	70	0	0	147	231	96	213	577	16	51	0	23	59	0	10	62	0	0	60	148	0	84	26	65	0	4	22	0	0	7	11	0	0	11	66	0	0	68	163	0	140	30	67	0	5	20	0	0	6	11	0	0	4	22	0	0	7	13	0	0	17	66	0	0	82	165	0	179	65	97	24	4	20	16	0	12	23	24	0	19	44	0	0	21	25	0	0	13	22	0	0	32	33	0	0	27	70	0	0	147	231	96	213
686	670	42	28	115	654	30	0	60	42	28	115	26	0	11	76	78	14	230	348	638	26	0	58	30	0	60	16	0	10	72	66	0	120	171	42	28	115	10	0	0	26	10	14	0	0	26	0	11	76	78	14	230	348	622	19	0	58	26	0	58	10	0	10	72	56	0	116	170	30	0	60	3	0	0	26	5	0	0	0	16	0	10	72	66	0	120	171	42	28	115	2	0	56	0	1	0	0	0	10	0	0	26	10	14	0	0	26	0	11	76	78	14	230	348	606	19	0	58	19	0	58	10	0	10	72	43	0	116	164	26	0	58	3	0	0	26	5	0	0	0	10	0	10	72	56	0	116	170	30	0	60	2	0	10	0	1	0	0	0	3	0	0	26	5	0	0	0	16	0	10	72	66	0	120	171	42	28	115	2	0	0	0	5	0	0	0	2	0	56	0	1	0	0	0	10	0	0	26	10	14	0	0	26	0	11	76	78	14	230	348
463	452	34	26	37	441	21	10	23	34	26	37	22	0	0	24	55	28	74	44	430	17	10	23	21	10	23	12	0	0	24	42	20	46	12	34	26	37	8	0	0	0	9	8	0	0	22	0	0	24	55	28	74	44	419	14	10	23	17	10	23	6	0	0	24	32	20	46	12	21	10	23	2	0	0	0	5	0	0	0	12	0	0	24	42	20	46	12	34	26	37	2	0	6	0	1	0	0	0	8	0	0	0	9	8	0	0	22	0	0	24	55	28	74	44	408	14	10	23	14	10	23	6	0	0	24	27	20	46	12	17	10	23	2	0	0	0	5	0	0	0	6	0	0	24	32	20	46	12	21	10	23	2	0	0	0	1	0	0	0	2	0	0	0	5	0	0	0	12	0	0	24	42	20	46	12	34	26	37	2	0	0	0	3	0	0	0	2	0	6	0	1	0	0	0	8	0	0	0	9	8	0	0	22	0	0	24	55	28	74	44
427	417	32	21	28	407	19	0	21	32	21	28	16	0	11	10	50	21	84	20	397	15	0	21	19	0	21	6	0	10	10	33	0	63	12	32	21	28	7	0	0	0	10	7	0	0	16	0	11	10	50	21	84	20	387	12	0	21	15	0	21	0	0	10	10	23	0	63	12	19	0	21	0	0	0	0	5	0	0	0	6	0	10	10	33	0	63	12	32	21	28	0	0	11	0	0	0	0	0	7	0	0	0	10	7	0	0	16	0	11	10	50	21	84	20	377	12	0	21	12	0	21	0	0	10	10	19	0	63	12	15	0	21	0	0	0	0	5	0	0	0	0	0	10	10	23	0	63	12	19	0	21	0	0	10	0	0	0	0	0	0	0	0	0	5	0	0	0	6	0	10	10	33	0	63	12	32	21	28	0	0	0	0	1	0	0	0	0	0	11	0	0	0	0	0	7	0	0	0	10	7	0	0	16	0	11	10	50	21	84	20
786	767	59	127	51	748	31	85	10	59	127	51	9	153	11	10	111	231	153	291	729	29	52	10	31	85	10	7	54	10	10	72	168	30	171	59	127	51	10	54	0	0	18	26	153	0	9	153	11	10	111	231	153	291	710	24	34	10	29	52	10	7	0	10	10	66	78	30	170	31	85	10	9	0	0	0	11	17	30	0	7	54	10	10	72	168	30	171	59	127	51	5	0	56	0	5	0	102	0	10	54	0	0	18	26	153	0	9	153	11	10	111	231	153	291	691	23	34	10	24	34	10	7	0	10	10	56	51	30	164	29	52	10	9	0	0	0	11	17	30	0	7	0	10	10	66	78	30	170	31	85	10	3	0	10	0	3	0	20	0	9	0	0	0	11	17	30	0	7	54	10	10	72	168	30	171	59	127	51	4	0	0	0	10	15	0	0	5	0	56	0	5	0	102	0	10	54	0	0	18	26	153	0	9	153	11	10	111	231	153	291
490	478	39	41	25	466	23	27	0	39	41	25	23	0	0	0	71	52	50	154	454	18	27	0	23	27	0	12	0	0	0	51	45	0	82	39	41	25	8	0	0	0	8	16	0	0	23	0	0	0	71	52	50	154	442	12	27	0	18	27	0	6	0	0	0	36	45	0	81	23	27	0	2	0	0	0	4	9	0	0	12	0	0	0	51	45	0	82	39	41	25	2	0	45	0	1	0	0	0	8	0	0	0	8	16	0	0	23	0	0	0	71	52	50	154	430	12	27	0	12	27	0	6	0	0	0	24	45	0	76	18	27	0	2	0	0	0	4	9	0	0	6	0	0	0	36	45	0	81	23	27	0	2	0	0	0	1	0	0	0	2	0	0	0	4	9	0	0	12	0	0	0	51	45	0	82	39	41	25	2	0	0	0	5	0	0	0	2	0	45	0	1	0	0	0	8	0	0	0	8	16	0	0	23	0	0	0	71	52	50	154
529	516	37	41	59	503	22	31	11	37	41	59	13	9	27	33	79	70	59	256	490	18	22	10	22	31	11	6	0	0	30	45	42	11	114	37	41	59	5	0	32	10	12	11	59	0	13	9	27	33	79	70	59	256	477	18	22	10	18	22	10	6	0	0	30	36	33	10	112	22	31	11	5	0	11	10	11	11	11	0	6	0	0	30	45	42	11	114	37	41	59	0	0	0	0	3	0	0	0	5	0	32	10	12	11	59	0	13	9	27	33	79	70	59	256	464	18	22	10	18	22	10	6	0	0	30	36	33	10	112	18	22	10	5	0	10	10	11	11	10	0	6	0	0	30	36	33	10	112	22	31	11	0	0	0	0	2	0	0	0	5	0	11	10	11	11	11	0	6	0	0	30	45	42	11	114	37	41	59	0	0	0	0	3	0	0	0	0	0	0	0	3	0	0	0	5	0	32	10	12	11	59	0	13	9	27	33	79	70	59	256
364	355	23	14	45	346	14	14	0	23	14	45	8	0	27	0	48	21	0	256	337	10	14	0	14	14	0	0	0	0	0	25	21	0	114	23	14	45	0	0	18	0	4	7	0	0	8	0	27	0	48	21	0	256	328	10	14	0	10	14	0	0	0	0	0	16	21	0	112	14	14	0	0	0	0	0	4	7	0	0	0	0	0	0	25	21	0	114	23	14	45	0	0	0	0	0	0	0	0	0	0	18	0	4	7	0	0	8	0	27	0	48	21	0	256	319	10	14	0	10	14	0	0	0	0	0	16	21	0	112	10	14	0	0	0	0	0	4	7	0	0	0	0	0	0	16	21	0	112	14	14	0	0	0	0	0	0	0	0	0	0	0	0	0	4	7	0	0	0	0	0	0	25	21	0	114	23	14	45	0	0	0	0	1	0	0	0	0	0	0	0	0	0	0	0	0	0	18	0	4	7	0	0	8	0	27	0	48	21	0	256
404	394	47	28	16	384	25	16	0	47	28	16	14	0	27	0	112	66	32	79	374	21	16	0	25	16	0	6	0	0	0	58	24	0	31	47	28	16	11	0	18	0	15	8	0	0	14	0	27	0	112	66	32	79	364	21	16	0	21	16	0	6	0	0	0	49	24	0	31	25	16	0	11	0	0	0	15	8	0	0	6	0	0	0	58	24	0	31	47	28	16	0	0	0	0	3	0	0	0	11	0	18	0	15	8	0	0	14	0	27	0	112	66	32	79	354	21	16	0	21	16	0	6	0	0	0	49	24	0	31	21	16	0	11	0	0	0	15	8	0	0	6	0	0	0	49	24	0	31	25	16	0	0	0	0	0	3	0	0	0	11	0	0	0	15	8	0	0	6	0	0	0	58	24	0	31	47	28	16	0	0	0	0	5	0	0	0	0	0	0	0	3	0	0	0	11	0	18	0	15	8	0	0	14	0	27	0	112	66	32	79
491	478	58	62	0	465	23	47	0	58	62	0	29	41	0	0	128	166	0	0	452	16	42	0	23	47	0	5	36	0	0	52	129	0	0	58	62	0	15	30	0	0	10	36	0	0	29	41	0	0	128	166	0	0	439	14	42	0	16	42	0	0	36	0	0	33	114	0	0	23	47	0	6	30	0	0	8	36	0	0	5	36	0	0	52	129	0	0	58	62	0	0	0	0	0	10	12	0	0	15	30	0	0	10	36	0	0	29	41	0	0	128	166	0	0	426	14	42	0	14	42	0	0	36	0	0	31	114	0	0	16	42	0	6	30	0	0	8	36	0	0	0	36	0	0	33	114	0	0	23	47	0	0	0	0	0	5	12	0	0	6	30	0	0	8	36	0	0	5	36	0	0	52	129	0	0	58	62	0	6	0	0	0	20	0	0	0	0	0	0	0	10	12	0	0	15	30	0	0	10	36	0	0	29	41	0	0	128	166	0	0
359	350	39	24	0	341	16	14	0	39	24	0	7	0	0	0	96	51	0	0	332	15	14	0	16	14	0	6	0	0	0	45	21	0	0	39	24	0	11	0	0	0	12	7	0	0	7	0	0	0	96	51	0	0	323	15	14	0	15	14	0	6	0	0	0	40	21	0	0	16	14	0	11	0	0	0	12	7	0	0	6	0	0	0	45	21	0	0	39	24	0	0	0	0	0	3	0	0	0	11	0	0	0	12	7	0	0	7	0	0	0	96	51	0	0	314	15	14	0	15	14	0	6	0	0	0	40	21	0	0	15	14	0	11	0	0	0	12	7	0	0	6	0	0	0	40	21	0	0	16	14	0	0	0	0	0	3	0	0	0	11	0	0	0	12	7	0	0	6	0	0	0	45	21	0	0	39	24	0	0	0	0	0	8	0	0	0	0	0	0	0	3	0	0	0	11	0	0	0	12	7	0	0	7	0	0	0	96	51	0	0
326	318	31	12	14	310	13	0	9	31	12	14	1	0	24	27	65	18	28	0	302	13	0	0	13	0	9	1	0	18	0	33	0	18	0	31	12	14	7	0	0	0	10	0	0	51	1	0	24	27	65	18	28	0	294	13	0	0	13	0	0	1	0	0	0	33	0	0	0	13	0	9	7	0	0	0	8	0	0	10	1	0	18	0	33	0	18	0	31	12	14	3	0	0	0	4	0	0	0	7	0	0	0	10	0	0	51	1	0	24	27	65	18	28	0	286	12	0	0	13	0	0	1	0	0	0	33	0	0	0	13	0	0	7	0	0	0	8	0	0	10	1	0	0	0	33	0	0	0	13	0	9	1	0	0	0	2	0	0	0	7	0	0	0	8	0	0	10	1	0	18	0	33	0	18	0	31	12	14	2	0	0	0	9	6	0	0	3	0	0	0	4	0	0	0	7	0	0	0	10	0	0	51	1	0	24	27	65	18	28	0
524	511	50	39	32	498	28	12	9	50	39	32	10	0	33	27	109	66	96	75	485	27	12	0	28	12	9	9	0	18	0	77	12	27	11	50	39	32	12	0	0	0	18	12	0	51	10	0	33	27	109	66	96	75	472	27	12	0	27	12	0	9	0	0	0	72	12	0	10	28	12	9	12	0	0	0	15	12	0	10	9	0	18	0	77	12	27	11	50	39	32	8	0	0	0	8	0	0	0	12	0	0	0	18	12	0	51	10	0	33	27	109	66	96	75	459	25	12	0	27	12	0	9	0	0	0	72	12	0	10	27	12	0	12	0	0	0	15	12	0	10	9	0	0	0	72	12	0	10	28	12	9	3	0	0	0	5	0	0	0	12	0	0	0	15	12	0	10	9	0	18	0	77	12	27	11	50	39	32	3	0	0	0	10	18	0	0	8	0	0	0	8	0	0	0	12	0	0	0	18	12	0	51	10	0	33	27	109	66	96	75
657	640	70	98	23	623	31	66	9	70	98	23	25	0	24	27	148	300	92	16	606	27	60	0	31	66	9	12	0	18	0	81	228	36	0	70	98	23	10	72	0	0	17	48	0	51	25	0	24	27	148	300	92	16	589	26	60	0	27	60	0	9	0	0	0	67	204	0	0	31	66	9	6	72	0	0	11	48	0	10	12	0	18	0	81	228	36	0	70	98	23	8	0	0	0	28	12	0	0	10	72	0	0	17	48	0	51	25	0	24	27	148	300	92	16	572	24	60	0	26	60	0	9	0	0	0	66	204	0	0	27	60	0	6	72	0	0	11	48	0	10	9	0	0	0	67	204	0	0	31	66	9	3	0	0	0	6	12	0	0	6	72	0	0	11	48	0	10	12	0	18	0	81	228	36	0	70	98	23	21	0	0	0	41	16	0	0	8	0	0	0	28	12	0	0	10	72	0	0	17	48	0	51	25	0	24	27	148	300	92	16
286	279	30	6	5	272	15	0	0	30	6	5	6	0	0	0	71	6	5	0	265	15	0	0	15	0	0	6	0	0	0	40	0	0	0	30	6	5	11	0	0	0	13	0	0	0	6	0	0	0	71	6	5	0	258	15	0	0	15	0	0	6	0	0	0	40	0	0	0	15	0	0	11	0	0	0	12	0	0	0	6	0	0	0	40	0	0	0	30	6	5	0	0	0	0	4	0	0	0	11	0	0	0	13	0	0	0	6	0	0	0	71	6	5	0	251	15	0	0	15	0	0	6	0	0	0	40	0	0	0	15	0	0	11	0	0	0	12	0	0	0	6	0	0	0	40	0	0	0	15	0	0	0	0	0	0	3	0	0	0	11	0	0	0	12	0	0	0	6	0	0	0	40	0	0	0	30	6	5	0	0	0	0	8	0	0	0	0	0	0	0	4	0	0	0	11	0	0	0	13	0	0	0	6	0	0	0	71	6	5	0
405	395	39	25	2	385	16	0	0	39	25	2	3	0	0	0	70	65	10	0	375	16	0	0	16	0	0	3	0	0	0	48	0	0	0	39	25	2	7	0	0	0	15	0	0	0	3	0	0	0	70	65	10	0	365	16	0	0	16	0	0	3	0	0	0	48	0	0	0	16	0	0	7	0	0	0	7	0	0	0	3	0	0	0	48	0	0	0	39	25	2	12	0	0	0	10	0	0	0	7	0	0	0	15	0	0	0	3	0	0	0	70	65	10	0	355	13	0	0	16	0	0	3	0	0	0	48	0	0	0	16	0	0	7	0	0	0	7	0	0	0	3	0	0	0	48	0	0	0	16	0	0	3	0	0	0	4	0	0	0	7	0	0	0	7	0	0	0	3	0	0	0	48	0	0	0	39	25	2	3	0	0	0	9	15	0	0	12	0	0	0	10	0	0	0	7	0	0	0	15	0	0	0	3	0	0	0	70	65	10	0
719	701	37	17	135	683	24	0	97	37	17	135	8	0	11	45	77	0	135	76	665	23	0	84	24	0	97	8	0	11	27	74	0	97	27	37	17	135	8	0	0	41	15	17	0	59	8	0	11	45	77	0	135	76	647	22	0	69	23	0	84	7	0	11	0	69	0	84	0	24	0	97	8	0	0	11	8	0	0	11	8	0	11	27	74	0	97	27	37	17	135	13	0	0	72	12	17	0	51	8	0	0	41	15	17	0	59	8	0	11	45	77	0	135	76	629	19	0	53	22	0	69	7	0	11	0	66	0	69	0	23	0	84	8	0	0	10	8	0	0	10	7	0	11	0	69	0	84	0	24	0	97	4	0	0	30	7	0	0	10	8	0	0	11	8	0	0	11	8	0	11	27	74	0	97	27	37	17	135	6	0	0	33	7	0	0	110	13	0	0	72	12	17	0	51	8	0	0	41	15	17	0	59	8	0	11	45	77	0	135	76
632	616	49	59	88	600	27	15	83	49	59	88	27	0	89	0	116	78	352	2	584	22	15	83	27	15	83	14	0	89	0	93	45	332	0	49	59	88	10	0	13	0	20	44	0	0	27	0	89	0	116	78	352	2	568	18	11	80	22	15	83	10	0	89	0	76	45	332	0	27	15	83	2	0	13	0	1	0	0	0	14	0	89	0	93	45	332	0	49	59	88	14	44	13	39	19	37	0	0	10	0	13	0	20	44	0	0	27	0	89	0	116	78	352	2	552	14	0	60	18	11	80	8	0	89	0	61	33	320	0	22	15	83	2	0	13	0	1	0	0	0	10	0	89	0	76	45	332	0	27	15	83	4	0	13	0	9	15	0	0	2	0	13	0	1	0	0	0	14	0	89	0	93	45	332	0	49	59	88	6	0	13	68	10	15	88	110	14	44	13	39	19	37	0	0	10	0	13	0	20	44	0	0	27	0	89	0	116	78	352	2
477	465	34	27	46	453	22	0	33	34	27	46	9	0	19	0	79	0	138	25	441	21	0	33	22	0	33	9	0	19	0	76	0	99	9	34	27	46	8	0	0	0	12	9	0	0	9	0	19	0	79	0	138	25	429	20	0	33	21	0	33	8	0	19	0	71	0	99	0	22	0	33	8	0	0	0	5	0	0	0	9	0	19	0	76	0	99	9	34	27	46	13	0	0	0	12	9	0	0	8	0	0	0	12	9	0	0	9	0	19	0	79	0	138	25	417	17	0	33	20	0	33	8	0	19	0	68	0	99	0	21	0	33	8	0	0	0	5	0	0	0	8	0	19	0	71	0	99	0	22	0	33	4	0	0	0	7	0	0	0	8	0	0	0	5	0	0	0	9	0	19	0	76	0	99	9	34	27	46	6	0	0	0	8	0	0	0	13	0	0	0	12	9	0	0	8	0	0	0	12	9	0	0	9	0	19	0	79	0	138	25
662	645	53	69	82	628	31	44	51	53	69	82	17	14	26	36	135	137	164	71	611	29	43	48	31	44	51	16	14	26	27	102	136	102	27	53	69	82	14	15	0	27	25	27	0	0	17	14	26	36	135	137	164	71	594	24	40	32	29	43	48	15	14	26	0	92	131	96	0	31	44	51	9	14	0	0	7	14	0	0	16	14	26	27	102	136	102	27	53	69	82	15	38	33	63	27	26	0	51	14	15	0	27	25	27	0	0	17	14	26	36	135	137	164	71	577	18	26	8	24	40	32	9	12	26	0	73	120	64	0	29	43	48	9	14	0	0	7	14	0	0	15	14	26	0	92	131	96	0	31	44	51	3	14	33	0	10	14	0	10	9	14	0	0	7	14	0	0	16	14	26	27	102	136	102	27	53	69	82	4	24	33	40	20	14	82	134	15	38	33	63	27	26	0	51	14	15	0	27	25	27	0	0	17	14	26	36	135	137	164	71
531	517	52	66	22	503	27	43	0	52	66	22	10	22	0	0	132	168	66	57	489	26	43	0	27	43	0	10	22	0	0	86	162	0	18	52	66	22	12	0	0	0	27	7	0	0	10	22	0	0	132	168	66	57	475	24	38	0	26	43	0	9	22	0	0	81	162	0	0	27	43	0	9	0	0	0	9	0	0	0	10	22	0	0	86	162	0	18	52	66	22	14	41	0	0	29	17	0	0	12	0	0	0	27	7	0	0	10	22	0	0	132	168	66	57	461	20	30	0	24	38	0	8	20	0	0	73	144	0	0	26	43	0	9	0	0	0	9	0	0	0	9	22	0	0	81	162	0	0	27	43	0	2	20	0	0	8	10	0	0	9	0	0	0	9	0	0	0	10	22	0	0	86	162	0	18	52	66	22	20	10	0	0	26	23	22	0	14	41	0	0	29	17	0	0	12	0	0	0	27	7	0	0	10	22	0	0	132	168	66	57
460	448	32	11	71	436	21	11	39	32	11	71	23	0	21	54	85	33	0	156	424	16	11	39	21	11	39	11	0	20	54	70	33	0	116	32	11	71	4	0	0	0	0	0	0	0	23	0	21	54	85	33	0	156	412	12	11	39	16	11	39	7	0	20	54	54	33	0	116	21	11	39	1	0	0	0	0	0	0	0	11	0	20	54	70	33	0	116	32	11	71	3	0	18	0	6	0	0	0	4	0	0	0	0	0	0	0	23	0	21	54	85	33	0	156	400	12	11	39	12	11	39	7	0	20	54	42	33	0	113	16	11	39	1	0	0	0	0	0	0	0	7	0	20	54	54	33	0	116	21	11	39	3	0	0	0	6	0	0	0	1	0	0	0	0	0	0	0	11	0	20	54	70	33	0	116	32	11	71	4	0	0	0	8	0	0	0	3	0	18	0	6	0	0	0	4	0	0	0	0	0	0	0	23	0	21	54	85	33	0	156
630	613	64	80	85	596	34	75	26	64	80	85	27	65	14	39	180	302	0	373	579	29	63	26	34	75	26	15	63	13	39	107	286	0	264	64	80	85	20	13	15	0	29	0	85	0	27	65	14	39	180	302	0	373	562	21	51	26	29	63	26	11	52	13	39	92	228	0	248	34	75	26	6	13	13	0	12	0	26	0	15	63	13	39	107	286	0	264	64	80	85	15	12	45	0	27	40	85	0	20	13	15	0	29	0	85	0	27	65	14	39	180	302	0	373	545	17	48	26	21	51	26	7	50	13	39	65	190	0	214	29	63	26	6	13	13	0	12	0	26	0	11	52	13	39	92	228	0	248	34	75	26	5	11	13	0	10	37	26	0	6	13	13	0	12	0	26	0	15	63	13	39	107	286	0	264	64	80	85	9	35	12	0	22	40	0	0	15	12	45	0	27	40	85	0	20	13	15	0	29	0	85	0	27	65	14	39	180	302	0	373
635	618	63	101	52	601	34	65	38	63	101	52	29	105	38	39	159	274	156	88	584	29	38	38	34	65	38	22	24	37	39	99	203	114	83	63	101	52	8	24	39	0	15	0	156	0	29	105	38	39	159	274	156	88	567	25	30	38	29	38	38	20	0	37	39	84	114	114	83	34	65	38	5	0	37	0	7	0	114	0	22	24	37	39	99	203	114	83	63	101	52	6	0	26	0	19	14	52	0	8	24	39	0	15	0	156	0	29	105	38	39	159	274	156	88	550	24	30	38	25	30	38	19	0	37	39	70	90	114	80	29	38	38	5	0	37	0	7	0	114	0	20	0	37	39	84	114	114	83	34	65	38	3	0	13	0	9	11	38	0	5	0	37	0	7	0	114	0	22	24	37	39	99	203	114	83	63	101	52	8	0	0	0	14	14	0	0	6	0	26	0	19	14	52	0	8	24	39	0	15	0	156	0	29	105	38	39	159	274	156	88
338	329	36	27	14	320	24	12	13	36	27	14	29	12	14	13	82	47	42	0	311	20	8	13	24	12	13	20	0	13	13	67	28	39	0	36	27	14	4	0	0	0	3	0	14	0	29	12	14	13	82	47	42	0	302	18	8	13	20	8	13	16	0	13	13	52	24	39	0	24	12	13	1	0	0	0	3	0	13	0	20	0	13	13	67	28	39	0	36	27	14	1	0	0	0	4	0	0	0	4	0	0	0	3	0	14	0	29	12	14	13	82	47	42	0	293	18	8	13	18	8	13	16	0	13	13	46	24	39	0	20	8	13	1	0	0	0	3	0	13	0	16	0	13	13	52	24	39	0	24	12	13	1	0	0	0	4	0	0	0	1	0	0	0	3	0	13	0	20	0	13	13	67	28	39	0	36	27	14	3	0	0	0	4	0	0	0	1	0	0	0	4	0	0	0	4	0	0	0	3	0	14	0	29	12	14	13	82	47	42	0
336	327	33	15	39	318	24	14	0	33	15	39	22	7	0	0	93	45	0	238	309	20	14	0	24	14	0	13	7	0	0	78	42	0	167	33	15	39	6	0	0	0	8	0	0	0	22	7	0	0	93	45	0	238	300	15	14	0	20	14	0	9	7	0	0	63	42	0	164	24	14	0	3	0	0	0	4	0	0	0	13	7	0	0	78	42	0	167	33	15	39	7	0	30	0	8	0	0	0	6	0	0	0	8	0	0	0	22	7	0	0	93	45	0	238	291	13	14	0	15	14	0	8	7	0	0	48	42	0	145	20	14	0	3	0	0	0	4	0	0	0	9	7	0	0	63	42	0	164	24	14	0	4	0	0	0	7	0	0	0	3	0	0	0	4	0	0	0	13	7	0	0	78	42	0	167	33	15	39	7	0	12	0	8	7	0	0	7	0	30	0	8	0	0	0	6	0	0	0	8	0	0	0	22	7	0	0	93	45	0	238
530	516	38	24	79	502	19	0	61	38	24	79	18	0	54	75	90	36	158	66	488	18	0	60	19	0	61	15	0	24	71	47	0	122	51	38	24	79	2	0	8	13	7	0	0	0	18	0	54	75	90	36	158	66	474	18	0	60	18	0	60	15	0	24	71	44	0	120	51	19	0	61	2	0	0	13	7	0	0	0	15	0	24	71	47	0	122	51	38	24	79	0	0	0	0	1	0	0	0	2	0	8	13	7	0	0	0	18	0	54	75	90	36	158	66	460	18	0	60	18	0	60	15	0	24	71	44	0	120	51	18	0	60	2	0	0	13	7	0	0	0	15	0	24	71	44	0	120	51	19	0	61	0	0	0	0	1	0	0	0	2	0	0	13	7	0	0	0	15	0	24	71	47	0	122	51	38	24	79	0	0	0	0	1	0	0	0	0	0	0	0	1	0	0	0	2	0	8	13	7	0	0	0	18	0	54	75	90	36	158	66
489	476	41	40	52	463	16	0	51	41	40	52	13	0	46	12	102	120	260	0	450	15	0	51	16	0	51	11	0	44	12	45	0	255	0	41	40	52	6	0	10	0	13	0	0	0	13	0	46	12	102	120	260	0	437	15	0	51	15	0	51	11	0	44	12	43	0	255	0	16	0	51	6	0	10	0	11	0	0	0	11	0	44	12	45	0	255	0	41	40	52	2	0	0	0	11	0	0	0	6	0	10	0	13	0	0	0	13	0	46	12	102	120	260	0	424	15	0	51	15	0	51	11	0	44	12	43	0	255	0	15	0	51	6	0	10	0	11	0	0	0	11	0	44	12	43	0	255	0	16	0	51	2	0	0	0	2	0	0	0	6	0	10	0	11	0	0	0	11	0	44	12	45	0	255	0	41	40	52	5	0	0	0	8	0	0	0	2	0	0	0	11	0	0	0	6	0	10	0	13	0	0	0	13	0	46	12	102	120	260	0
341	331	27	35	12	321	10	25	0	27	35	12	9	30	28	0	53	55	12	66	311	9	25	0	10	25	0	6	30	0	0	25	45	0	51	27	35	12	0	0	8	0	3	0	0	0	9	30	28	0	53	55	12	66	301	9	25	0	9	25	0	6	30	0	0	22	45	0	51	10	25	0	0	0	0	0	3	0	0	0	6	30	0	0	25	45	0	51	27	35	12	0	0	0	0	4	0	0	0	0	0	8	0	3	0	0	0	9	30	28	0	53	55	12	66	291	9	25	0	9	25	0	6	30	0	0	22	45	0	51	9	25	0	0	0	0	0	3	0	0	0	6	30	0	0	22	45	0	51	10	25	0	0	0	0	0	1	0	0	0	0	0	0	0	3	0	0	0	6	30	0	0	25	45	0	51	27	35	12	0	0	0	0	2	0	0	0	0	0	0	0	4	0	0	0	0	0	8	0	3	0	0	0	9	30	28	0	53	55	12	66
295	287	30	13	12	279	14	7	0	30	13	12	15	0	28	0	71	6	12	66	271	13	7	0	14	7	0	12	0	0	0	34	0	0	51	30	13	12	0	0	8	0	3	0	0	0	15	0	28	0	71	6	12	66	263	13	7	0	13	7	0	12	0	0	0	31	0	0	51	14	7	0	0	0	0	0	3	0	0	0	12	0	0	0	34	0	0	51	30	13	12	0	0	0	0	1	0	0	0	0	0	8	0	3	0	0	0	15	0	28	0	71	6	12	66	255	13	7	0	13	7	0	12	0	0	0	31	0	0	51	13	7	0	0	0	0	0	3	0	0	0	12	0	0	0	31	0	0	51	14	7	0	0	0	0	0	1	0	0	0	0	0	0	0	3	0	0	0	12	0	0	0	34	0	0	51	30	13	12	0	0	0	0	1	0	0	0	0	0	0	0	1	0	0	0	0	0	8	0	3	0	0	0	15	0	28	0	71	6	12	66
225	219	24	9	0	213	10	0	0	24	9	0	9	0	0	0	55	18	0	0	207	10	0	0	10	0	0	9	0	0	0	26	0	0	0	24	9	0	2	0	0	0	7	0	0	0	9	0	0	0	55	18	0	0	201	10	0	0	10	0	0	9	0	0	0	26	0	0	0	10	0	0	2	0	0	0	7	0	0	0	9	0	0	0	26	0	0	0	24	9	0	0	0	0	0	1	0	0	0	2	0	0	0	7	0	0	0	9	0	0	0	55	18	0	0	195	10	0	0	10	0	0	9	0	0	0	26	0	0	0	10	0	0	2	0	0	0	7	0	0	0	9	0	0	0	26	0	0	0	10	0	0	0	0	0	0	0	0	0	0	2	0	0	0	7	0	0	0	9	0	0	0	26	0	0	0	24	9	0	0	0	0	0	1	0	0	0	0	0	0	0	1	0	0	0	2	0	0	0	7	0	0	0	9	0	0	0	55	18	0	0
633	615	51	83	66	597	22	65	25	51	83	66	23	78	11	62	118	190	66	155	579	19	65	12	22	65	25	11	78	8	24	61	169	25	112	51	83	66	6	0	0	12	13	39	0	66	23	78	11	62	118	190	66	155	561	19	65	12	19	65	12	11	78	0	24	53	169	12	111	22	65	25	6	0	0	12	10	39	0	51	11	78	8	24	61	169	25	112	51	83	66	2	0	0	0	16	0	0	0	6	0	0	12	13	39	0	66	23	78	11	62	118	190	66	155	543	19	65	12	19	65	12	11	78	0	24	53	169	12	111	19	65	12	6	0	0	12	9	39	0	51	11	78	0	24	53	169	12	111	22	65	25	2	0	0	0	3	0	0	0	6	0	0	12	10	39	0	51	11	78	8	24	61	169	25	112	51	83	66	5	0	0	0	11	0	0	0	2	0	0	0	16	0	0	0	6	0	0	12	13	39	0	66	23	78	11	62	118	190	66	155
514	500	53	40	73	486	27	0	59	53	40	73	27	0	61	60	151	100	292	52	472	25	0	48	27	0	59	21	0	57	34	85	0	236	51	53	40	73	23	0	11	42	33	10	0	52	27	0	61	60	151	100	292	52	458	21	0	45	25	0	48	18	0	47	34	82	0	192	51	27	0	59	8	0	11	38	15	0	0	38	21	0	57	34	85	0	236	51	53	40	73	15	0	0	36	21	40	0	0	23	0	11	42	33	10	0	52	27	0	61	60	151	100	292	52	444	18	0	45	21	0	45	11	0	43	34	68	0	180	51	25	0	48	6	0	11	38	13	0	0	38	18	0	47	34	82	0	192	51	27	0	59	4	0	0	36	8	0	0	0	8	0	11	38	15	0	0	38	21	0	57	34	85	0	236	51	53	40	73	8	0	0	0	14	30	0	0	15	0	0	36	21	40	0	0	23	0	11	42	33	10	0	52	27	0	61	60	151	100	292	52
404	393	39	24	33	382	18	0	21	39	24	33	14	0	33	10	110	48	99	52	371	17	0	21	18	0	21	12	0	32	10	58	0	63	51	39	24	33	9	0	11	0	26	0	0	0	14	0	33	10	110	48	99	52	360	16	0	20	17	0	21	12	0	32	10	57	0	63	51	18	0	21	6	0	11	0	13	0	0	0	12	0	32	10	58	0	63	51	39	24	33	5	0	0	10	16	8	0	0	9	0	11	0	26	0	0	0	14	0	33	10	110	48	99	52	349	15	0	20	16	0	20	11	0	30	10	52	0	60	51	17	0	21	6	0	11	0	12	0	0	0	12	0	32	10	57	0	63	51	18	0	21	2	0	0	10	4	0	0	0	6	0	11	0	13	0	0	0	12	0	32	10	58	0	63	51	39	24	33	5	0	0	0	9	8	0	0	5	0	0	10	16	8	0	0	9	0	11	0	26	0	0	0	14	0	33	10	110	48	99	52
591	574	76	103	30	557	32	66	19	76	103	30	46	24	22	24	206	334	150	52	540	27	62	0	32	66	19	25	24	19	0	102	222	95	51	76	103	30	28	52	0	0	51	61	0	137	46	24	22	24	206	334	150	52	523	21	60	0	27	62	0	22	24	0	0	89	210	0	51	32	66	19	5	48	0	0	15	51	0	64	25	24	19	0	102	222	95	51	76	103	30	18	24	0	0	26	52	0	0	28	52	0	0	51	61	0	137	46	24	22	24	206	334	150	52	506	16	55	0	21	60	0	13	24	0	0	68	204	0	51	27	62	0	3	48	0	0	13	49	0	64	22	24	0	0	89	210	0	51	32	66	19	2	24	0	0	10	24	0	0	5	48	0	0	15	51	0	64	25	24	19	0	102	222	95	51	76	103	30	5	35	11	0	15	33	0	0	18	24	0	0	26	52	0	0	28	52	0	0	51	61	0	137	46	24	22	24	206	334	150	52
450	437	44	55	23	424	15	38	0	44	55	23	25	29	0	0	111	153	46	131	411	11	36	0	15	38	0	8	27	0	0	46	123	0	112	44	55	23	4	18	0	0	23	38	0	0	25	29	0	0	111	153	46	131	398	11	36	0	11	36	0	8	27	0	0	35	117	0	111	15	38	0	4	18	0	0	9	37	0	0	8	27	0	0	46	123	0	112	44	55	23	2	0	0	0	16	0	0	0	4	18	0	0	23	38	0	0	25	29	0	0	111	153	46	131	385	11	36	0	11	36	0	8	27	0	0	35	117	0	111	11	36	0	4	18	0	0	8	36	0	0	8	27	0	0	35	117	0	111	15	38	0	2	0	0	0	3	0	0	0	4	18	0	0	9	37	0	0	8	27	0	0	46	123	0	112	44	55	23	5	0	0	0	10	0	0	0	2	0	0	0	16	0	0	0	4	18	0	0	23	38	0	0	25	29	0	0	111	153	46	131
674	655	67	77	121	636	34	34	89	67	77	121	51	17	27	83	188	297	363	136	617	27	31	86	34	34	89	24	17	25	74	110	153	267	99	67	77	121	37	42	0	24	38	84	0	0	51	17	27	83	188	297	363	136	598	16	14	56	27	31	86	16	14	25	37	90	138	258	69	34	34	89	7	0	0	0	11	0	0	0	24	17	25	74	110	153	267	99	67	77	121	16	42	46	119	28	64	121	137	37	42	0	24	38	84	0	0	51	17	27	83	188	297	363	136	579	9	0	23	16	14	56	4	0	23	33	53	56	168	65	27	31	86	5	0	0	0	10	0	0	0	16	14	25	37	90	138	258	69	34	34	89	4	0	45	26	13	34	89	64	7	0	0	0	11	0	0	0	24	17	25	74	110	153	267	99	67	77	121	3	0	41	36	27	18	121	192	16	42	46	119	28	64	121	137	37	42	0	24	38	84	0	0	51	17	27	83	188	297	363	136
430	418	43	20	58	406	24	0	22	43	20	58	35	0	13	44	127	50	116	159	394	19	0	21	24	0	22	18	0	11	42	80	0	44	99	43	20	58	27	0	0	10	32	40	0	0	35	0	13	44	127	50	116	159	382	14	0	21	19	0	21	12	0	11	42	64	0	42	69	24	0	22	8	0	0	10	11	0	0	0	18	0	11	42	80	0	44	99	43	20	58	15	0	0	0	16	10	0	0	27	0	0	10	32	40	0	0	35	0	13	44	127	50	116	159	370	10	0	20	14	0	21	5	0	11	40	49	0	42	65	19	0	21	6	0	0	10	10	0	0	0	12	0	11	42	64	0	42	69	24	0	22	4	0	0	0	10	0	0	0	8	0	0	10	11	0	0	0	18	0	11	42	80	0	44	99	43	20	58	3	0	7	10	11	0	0	0	15	0	0	0	16	10	0	0	27	0	0	10	32	40	0	0	35	0	13	44	127	50	116	159
388	377	45	19	44	366	25	10	0	45	19	44	31	0	0	0	136	59	44	225	355	22	10	0	25	10	0	21	0	0	0	81	50	0	124	45	19	44	23	0	0	0	39	19	0	0	31	0	0	0	136	59	44	225	344	18	10	0	22	10	0	18	0	0	0	71	50	0	81	25	10	0	8	0	0	0	13	10	0	0	21	0	0	0	81	50	0	124	45	19	44	15	0	0	0	15	0	0	0	23	0	0	0	39	19	0	0	31	0	0	0	136	59	44	225	333	14	10	0	18	10	0	11	0	0	0	57	50	0	77	22	10	0	6	0	0	0	12	10	0	0	18	0	0	0	71	50	0	81	25	10	0	4	0	0	0	8	0	0	0	8	0	0	0	13	10	0	0	21	0	0	0	81	50	0	124	45	19	44	3	0	7	0	7	0	0	0	15	0	0	0	15	0	0	0	23	0	0	0	39	19	0	0	31	0	0	0	136	59	44	225
582	565	78	111	17	548	34	74	0	78	111	17	54	120	0	0	206	341	68	103	531	26	54	0	34	74	0	24	78	0	0	102	237	0	78	78	111	17	28	92	0	0	44	62	17	0	54	120	0	0	206	341	68	103	514	19	26	0	26	54	0	19	36	0	0	80	184	0	48	34	74	0	6	12	0	0	14	22	0	0	24	78	0	0	102	237	0	78	78	111	17	15	76	0	0	34	68	51	0	28	92	0	0	44	62	17	0	54	120	0	0	206	341	68	103	497	12	11	0	19	26	0	8	0	0	0	57	100	0	45	26	54	0	6	0	0	0	14	16	0	0	19	36	0	0	80	184	0	48	34	74	0	4	22	0	0	11	44	0	0	6	12	0	0	14	22	0	0	24	78	0	0	102	237	0	78	78	111	17	13	33	7	0	36	70	34	0	15	76	0	0	34	68	51	0	28	92	0	0	44	62	17	0	54	120	0	0	206	341	68	103
355	345	47	25	7	335	23	0	0	47	25	7	44	0	0	0	124	70	35	30	325	16	0	0	23	0	0	17	0	0	0	72	0	0	19	47	25	7	30	0	0	0	26	30	0	0	44	0	0	0	124	70	35	30	315	10	0	0	16	0	0	9	0	0	0	52	0	0	0	23	0	0	6	0	0	0	7	0	0	0	17	0	0	0	72	0	0	19	47	25	7	15	0	0	0	17	10	0	0	30	0	0	0	26	30	0	0	44	0	0	0	124	70	35	30	305	6	0	0	10	0	0	2	0	0	0	36	0	0	0	16	0	0	4	0	0	0	6	0	0	0	9	0	0	0	52	0	0	0	23	0	0	4	0	0	0	12	0	0	0	6	0	0	0	7	0	0	0	17	0	0	0	72	0	0	19	47	25	7	3	0	7	0	15	0	0	0	15	0	0	0	17	10	0	0	30	0	0	0	26	30	0	0	44	0	0	0	124	70	35	30
767	745	43	41	163	723	21	20	116	43	41	163	38	20	12	40	113	145	163	247	701	7	0	114	21	20	116	12	0	6	36	68	100	116	111	43	41	163	11	0	89	22	6	0	163	0	38	20	12	40	113	145	163	247	679	2	0	114	7	0	114	0	0	6	36	21	0	114	107	21	20	116	0	0	56	22	2	0	116	0	12	0	6	36	68	100	116	111	43	41	163	2	0	26	0	18	0	0	0	11	0	89	22	6	0	163	0	38	20	12	40	113	145	163	247	657	2	0	112	2	0	114	0	0	6	34	10	0	114	77	7	0	114	0	0	56	22	2	0	114	0	0	0	6	36	21	0	114	107	21	20	116	2	0	0	0	10	0	0	0	0	0	56	22	2	0	116	0	12	0	6	36	68	100	116	111	43	41	163	3	0	0	24	24	0	0	0	2	0	26	0	18	0	0	0	11	0	89	22	6	0	163	0	38	20	12	40	113	145	163	247
523	508	24	26	80	493	9	0	75	24	26	80	29	0	6	0	51	26	160	7	478	2	0	75	9	0	75	5	0	6	0	23	0	150	0	24	26	80	9	0	6	0	2	0	0	0	29	0	6	0	51	26	160	7	463	0	0	75	2	0	75	0	0	6	0	2	0	150	0	9	0	75	0	0	6	0	0	0	0	0	5	0	6	0	23	0	150	0	24	26	80	0	0	0	0	4	0	0	0	9	0	6	0	2	0	0	0	29	0	6	0	51	26	160	7	448	0	0	75	0	0	75	0	0	6	0	0	0	150	0	2	0	75	0	0	6	0	0	0	0	0	0	0	6	0	2	0	150	0	9	0	75	0	0	0	0	4	0	0	0	0	0	6	0	0	0	0	0	5	0	6	0	23	0	150	0	24	26	80	0	0	0	0	8	0	0	0	0	0	0	0	4	0	0	0	9	0	6	0	2	0	0	0	29	0	6	0	51	26	160	7
348	338	34	16	26	328	15	0	15	34	16	26	38	0	12	0	76	40	52	24	318	5	0	15	15	0	15	11	0	6	0	42	0	30	0	34	16	26	11	0	24	0	4	0	0	0	38	0	12	0	76	40	52	24	308	1	0	15	5	0	15	0	0	6	0	12	0	30	0	15	0	15	0	0	6	0	1	0	0	0	11	0	6	0	42	0	30	0	34	16	26	2	0	12	0	8	0	0	0	11	0	24	0	4	0	0	0	38	0	12	0	76	40	52	24	298	1	0	15	1	0	15	0	0	6	0	5	0	30	0	5	0	15	0	0	6	0	1	0	0	0	0	0	6	0	12	0	30	0	15	0	15	2	0	0	0	8	0	0	0	0	0	6	0	1	0	0	0	11	0	6	0	42	0	30	0	34	16	26	3	0	0	0	14	0	0	0	2	0	12	0	8	0	0	0	11	0	24	0	4	0	0	0	38	0	12	0	76	40	52	24
617	599	59	99	53	581	30	44	18	59	99	53	40	162	12	0	152	213	212	203	563	18	10	18	30	44	18	23	30	6	0	92	104	72	111	59	99	53	11	40	74	0	10	10	159	0	40	162	12	0	152	213	212	203	545	12	0	18	18	10	18	14	0	6	0	53	10	72	107	30	44	18	2	0	42	0	6	0	54	0	23	30	6	0	92	104	72	111	59	99	53	8	0	26	0	26	34	53	0	11	40	74	0	10	10	159	0	40	162	12	0	152	213	212	203	527	8	0	18	12	0	18	6	0	6	0	34	0	72	77	18	10	18	2	0	42	0	6	0	54	0	14	0	6	0	53	10	72	107	30	44	18	4	0	0	0	10	28	18	0	2	0	42	0	6	0	54	0	23	30	6	0	92	104	72	111	59	99	53	16	0	0	0	37	68	0	0	8	0	26	0	26	34	53	0	11	40	74	0	10	10	159	0	40	162	12	0	152	213	212	203
548	532	52	81	31	516	28	29	6	52	81	31	43	106	12	0	130	131	155	145	500	18	8	6	28	29	6	24	16	6	0	85	45	30	89	52	81	31	10	40	38	0	9	8	62	0	43	106	12	0	130	131	155	145	484	12	0	6	18	8	6	14	0	6	0	53	8	30	86	28	29	6	2	0	6	0	6	0	12	0	24	16	6	0	85	45	30	89	52	81	31	8	0	26	0	18	30	31	0	10	40	38	0	9	8	62	0	43	106	12	0	130	131	155	145	468	8	0	6	12	0	6	6	0	6	0	34	0	30	56	18	8	6	2	0	6	0	6	0	12	0	14	0	6	0	53	8	30	86	28	29	6	4	0	0	0	10	26	6	0	2	0	6	0	6	0	12	0	24	16	6	0	85	45	30	89	52	81	31	16	0	0	0	27	60	0	0	8	0	26	0	18	30	31	0	10	40	38	0	9	8	62	0	43	106	12	0	130	131	155	145
372	361	20	18	70	350	5	0	6	20	18	70	5	0	77	30	44	36	140	353	339	3	0	6	5	0	6	0	0	6	30	7	0	12	230	20	18	70	0	0	18	0	0	0	0	0	5	0	77	30	44	36	140	353	328	3	0	6	3	0	6	0	0	6	30	5	0	12	228	5	0	6	0	0	0	0	0	0	0	0	0	0	6	30	7	0	12	230	20	18	70	0	0	0	0	11	0	0	0	0	0	18	0	0	0	0	0	5	0	77	30	44	36	140	353	317	3	0	6	3	0	6	0	0	6	30	5	0	12	228	3	0	6	0	0	0	0	0	0	0	0	0	0	6	30	5	0	12	228	5	0	6	0	0	0	0	4	0	0	0	0	0	0	0	0	0	0	0	0	0	6	30	7	0	12	230	20	18	70	7	0	0	0	21	0	0	0	0	0	0	0	11	0	0	0	0	0	18	0	0	0	0	0	5	0	77	30	44	36	140	353
354	343	44	43	28	332	17	29	6	44	43	28	28	26	76	24	107	109	56	84	321	12	24	0	17	29	6	12	16	18	0	46	85	12	24	44	43	28	4	0	38	0	14	8	28	17	28	26	76	24	107	109	56	84	310	10	22	0	12	24	0	12	16	0	0	36	80	0	24	17	29	6	2	0	12	0	5	8	6	0	12	16	18	0	46	85	12	24	44	43	28	6	14	0	0	16	14	0	0	4	0	38	0	14	8	28	17	28	26	76	24	107	109	56	84	299	6	17	0	10	22	0	4	14	0	0	27	71	0	24	12	24	0	2	0	0	0	5	8	0	0	12	16	0	0	36	80	0	24	17	29	6	2	10	0	0	8	10	0	0	2	0	12	0	5	8	6	0	12	16	18	0	46	85	12	24	44	43	28	11	27	0	0	26	28	0	0	6	14	0	0	16	14	0	0	4	0	38	0	14	8	28	17	28	26	76	24	107	109	56	84
204	198	13	0	31	192	2	0	0	13	0	31	5	0	46	0	27	0	0	164	186	0	0	0	2	0	0	0	0	0	0	2	0	0	99	13	0	31	0	0	18	0	0	0	0	0	5	0	46	0	27	0	0	164	180	0	0	0	0	0	0	0	0	0	0	0	0	0	99	2	0	0	0	0	0	0	0	0	0	0	0	0	0	0	2	0	0	99	13	0	31	0	0	0	0	4	0	0	0	0	0	18	0	0	0	0	0	5	0	46	0	27	0	0	164	174	0	0	0	0	0	0	0	0	0	0	0	0	0	99	0	0	0	0	0	0	0	0	0	0	0	0	0	0	0	0	0	0	99	2	0	0	0	0	0	0	4	0	0	0	0	0	0	0	0	0	0	0	0	0	0	0	2	0	0	99	13	0	31	0	0	0	0	9	0	0	0	0	0	0	0	4	0	0	0	0	0	18	0	0	0	0	0	5	0	46	0	27	0	0	164
337	327	31	21	26	317	14	0	0	31	21	26	15	0	46	0	71	49	78	110	307	11	0	0	14	0	0	8	0	0	0	35	0	0	39	31	21	26	1	0	18	0	2	0	0	0	15	0	46	0	71	49	78	110	297	11	0	0	11	0	0	8	0	0	0	32	0	0	39	14	0	0	1	0	0	0	2	0	0	0	8	0	0	0	35	0	0	39	31	21	26	5	0	0	0	16	0	0	0	1	0	18	0	2	0	0	0	15	0	46	0	71	49	78	110	287	10	0	0	11	0	0	8	0	0	0	32	0	0	39	11	0	0	1	0	0	0	2	0	0	0	8	0	0	0	32	0	0	39	14	0	0	2	0	0	0	6	0	0	0	1	0	0	0	2	0	0	0	8	0	0	0	35	0	0	39	31	21	26	21	0	0	0	32	7	0	0	5	0	0	0	16	0	0	0	1	0	18	0	2	0	0	0	15	0	46	0	71	49	78	110
203	197	16	5	8	191	6	0	0	16	5	8	6	0	16	0	33	5	8	31	185	4	0	0	6	0	0	2	0	0	0	13	0	0	6	16	5	8	0	0	8	0	1	0	0	0	6	0	16	0	33	5	8	31	179	4	0	0	4	0	0	2	0	0	0	11	0	0	6	6	0	0	0	0	0	0	1	0	0	0	2	0	0	0	13	0	0	6	16	5	8	2	0	0	0	6	0	0	0	0	0	8	0	1	0	0	0	6	0	16	0	33	5	8	31	173	4	0	0	4	0	0	2	0	0	0	11	0	0	6	4	0	0	0	0	0	0	1	0	0	0	2	0	0	0	11	0	0	6	6	0	0	2	0	0	0	4	0	0	0	0	0	0	0	1	0	0	0	2	0	0	0	13	0	0	6	16	5	8	6	0	0	0	13	0	0	0	2	0	0	0	6	0	0	0	0	0	8	0	1	0	0	0	6	0	16	0	33	5	8	31
548	531	63	66	85	514	34	30	53	63	66	85	41	0	54	101	176	144	255	124	497	34	30	24	34	30	53	41	0	38	12	108	60	159	12	63	66	85	22	0	0	78	23	0	0	84	41	0	54	101	176	144	255	124	480	29	30	18	34	30	24	41	0	12	6	108	60	72	6	34	30	53	10	0	0	54	15	0	0	24	41	0	38	12	108	60	159	12	63	66	85	22	0	0	0	33	60	0	17	22	0	0	78	23	0	0	84	41	0	54	101	176	144	255	124	463	17	24	18	29	30	18	28	0	0	6	87	60	54	6	34	30	24	10	0	0	54	15	0	0	24	41	0	12	6	108	60	72	6	34	30	53	1	0	0	0	1	0	0	0	10	0	0	54	15	0	0	24	41	0	38	12	108	60	159	12	63	66	85	32	72	21	0	48	96	0	0	22	0	0	0	33	60	0	17	22	0	0	78	23	0	0	84	41	0	54	101	176	144	255	124
377	365	64	47	25	353	33	27	25	64	47	25	42	0	11	0	184	131	100	0	341	33	27	23	33	27	25	42	0	11	0	102	81	100	0	64	47	25	23	0	0	24	30	0	0	0	42	0	11	0	184	131	100	0	329	28	27	22	33	27	23	42	0	11	0	102	81	92	0	33	27	25	11	0	0	24	18	0	0	0	42	0	11	0	102	81	100	0	64	47	25	21	0	0	10	22	25	0	0	23	0	0	24	30	0	0	0	42	0	11	0	184	131	100	0	317	18	15	22	28	27	22	29	0	10	0	81	81	88	0	33	27	23	11	0	0	24	18	0	0	0	42	0	11	0	102	81	92	0	33	27	25	1	0	0	10	1	0	0	0	11	0	0	24	18	0	0	0	42	0	11	0	102	81	100	0	64	47	25	27	60	0	0	27	45	0	0	21	0	0	10	22	25	0	0	23	0	0	24	30	0	0	0	42	0	11	0	184	131	100	0
523	507	71	55	117	491	39	0	111	71	55	117	54	0	90	70	198	165	585	0	475	37	0	71	39	0	111	47	0	84	6	115	0	555	0	71	55	117	39	0	13	105	37	11	0	216	54	0	90	70	198	165	585	0	459	29	0	48	37	0	71	44	0	63	0	109	0	355	0	39	0	111	12	0	13	38	21	0	0	134	47	0	84	6	115	0	555	0	71	55	117	28	0	0	36	32	88	0	138	39	0	13	105	37	11	0	216	54	0	90	70	198	165	585	0	443	17	0	47	29	0	48	28	0	34	0	80	0	240	0	37	0	71	11	0	13	38	21	0	0	132	44	0	63	0	109	0	355	0	39	0	111	1	0	0	35	2	0	0	89	12	0	13	38	21	0	0	134	47	0	84	6	115	0	555	0	71	55	117	39	0	11	11	38	110	0	0	28	0	0	36	32	88	0	138	39	0	13	105	37	11	0	216	54	0	90	70	198	165	585	0
357	346	32	19	64	335	19	10	28	32	19	64	20	0	54	90	87	19	64	132	324	19	10	6	19	10	28	20	0	38	6	62	10	28	12	32	19	64	5	0	0	24	8	0	0	84	20	0	54	90	87	19	64	132	313	17	10	0	19	10	6	20	0	12	0	62	10	6	6	19	10	28	3	0	0	0	7	0	0	24	20	0	38	6	62	10	28	12	32	19	64	11	0	0	0	19	18	0	17	5	0	0	24	8	0	0	84	20	0	54	90	87	19	64	132	302	9	9	0	17	10	0	12	0	0	0	53	10	0	6	19	10	6	3	0	0	0	7	0	0	24	20	0	12	0	62	10	6	6	19	10	28	0	0	0	0	0	0	0	0	3	0	0	0	7	0	0	24	20	0	38	6	62	10	28	12	32	19	64	17	9	21	0	33	36	0	0	11	0	0	0	19	18	0	17	5	0	0	24	8	0	0	84	20	0	54	90	87	19	64	132
401	388	67	62	7	375	31	41	0	67	62	7	39	51	0	0	183	187	21	26	362	30	40	0	31	41	0	34	48	0	0	93	139	0	0	67	62	7	14	8	0	0	26	8	0	0	39	51	0	0	183	187	21	26	349	27	37	0	30	40	0	34	48	0	0	90	136	0	0	31	41	0	10	8	0	0	15	8	0	0	34	48	0	0	93	139	0	0	67	62	7	14	15	0	0	23	15	0	0	14	8	0	0	26	8	0	0	39	51	0	0	183	187	21	26	336	19	23	0	27	37	0	23	39	0	0	76	121	0	0	30	40	0	10	8	0	0	15	8	0	0	34	48	0	0	90	136	0	0	31	41	0	1	0	0	0	0	0	0	0	10	8	0	0	15	8	0	0	34	48	0	0	93	139	0	0	67	62	7	31	45	0	0	32	40	7	0	14	15	0	0	23	15	0	0	14	8	0	0	26	8	0	0	39	51	0	0	183	187	21	26
494	478	71	72	55	462	43	40	31	71	72	55	70	27	21	35	188	163	165	149	446	35	39	31	43	40	31	46	26	20	35	126	79	93	136	71	72	55	40	13	0	0	37	79	0	0	70	27	21	35	188	163	165	149	430	25	36	31	35	39	31	42	26	20	35	105	78	93	94	43	40	31	12	13	0	0	25	39	0	0	46	26	20	35	126	79	93	136	71	72	55	21	30	5	0	12	10	0	0	40	13	0	0	37	79	0	0	70	27	21	35	188	163	165	149	414	10	23	29	25	36	31	23	23	20	32	69	72	93	70	35	39	31	11	13	0	0	24	39	0	0	42	26	20	35	105	78	93	94	43	40	31	2	0	0	0	4	0	0	0	12	13	0	0	25	39	0	0	46	26	20	35	126	79	93	136	71	72	55	10	30	30	22	5	0	55	0	21	30	5	0	12	10	0	0	40	13	0	0	37	79	0	0	70	27	21	35	188	163	165	149
562	544	83	91	86	526	48	45	53	83	91	86	74	30	38	63	212	271	344	227	508	38	37	52	48	45	53	41	30	37	60	135	135	212	189	83	91	86	44	88	0	10	48	121	0	0	74	30	38	63	212	271	344	227	490	26	11	45	38	37	52	36	22	37	45	109	107	208	118	48	45	53	14	0	0	6	26	60	0	0	41	30	37	60	135	135	212	189	83	91	86	22	44	38	66	9	37	172	0	44	88	0	10	48	121	0	0	74	30	38	63	212	271	344	227	472	12	0	19	26	11	45	22	0	37	12	67	22	180	88	38	37	52	13	0	0	0	25	56	0	0	36	22	37	45	109	107	208	118	48	45	53	4	0	35	0	4	15	106	0	14	0	0	6	26	60	0	0	41	30	37	60	135	135	212	189	83	91	86	21	0	39	47	3	0	86	138	22	44	38	66	9	37	172	0	44	88	0	10	48	121	0	0	74	30	38	63	212	271	344	227
644	623	86	125	95	602	48	100	43	86	125	95	56	176	0	111	238	375	95	298	581	42	96	28	48	100	43	39	168	0	76	141	328	43	217	86	125	95	37	54	0	90	50	75	0	28	56	176	0	111	238	375	95	298	560	31	66	6	42	96	28	35	160	0	18	125	313	28	124	48	100	43	11	28	0	6	27	56	0	6	39	168	0	76	141	328	43	217	86	125	95	20	52	33	24	9	13	190	84	37	54	0	90	50	75	0	28	56	176	0	111	238	375	95	298	539	15	13	0	31	66	6	22	52	0	0	84	185	6	88	42	96	28	10	26	0	0	27	55	0	0	35	160	0	18	125	313	28	124	48	100	43	2	0	21	0	3	0	86	24	11	28	0	6	27	56	0	6	39	168	0	76	141	328	43	217	86	125	95	12	13	70	0	2	0	380	17	20	52	33	24	9	13	190	84	37	54	0	90	50	75	0	28	56	176	0	111	238	375	95	298
565	546	93	133	33	527	50	98	0	93	133	33	57	218	0	0	261	350	66	234	508	44	89	0	50	98	0	40	194	0	0	159	274	0	189	93	133	33	38	89	0	0	46	51	0	0	57	218	0	0	261	350	66	234	489	35	74	0	44	89	0	36	184	0	0	143	251	0	118	50	98	0	12	70	0	0	27	40	0	0	40	194	0	0	159	274	0	189	93	133	33	20	58	5	0	14	8	33	0	38	89	0	0	46	51	0	0	57	218	0	0	261	350	66	234	470	20	42	0	35	74	0	20	136	0	0	112	190	0	88	44	89	0	11	62	0	0	27	38	0	0	36	184	0	0	143	251	0	118	50	98	0	4	10	0	0	6	0	0	0	12	70	0	0	27	40	0	0	40	194	0	0	159	274	0	189	93	133	33	6	64	54	0	7	0	99	0	20	58	5	0	14	8	33	0	38	89	0	0	46	51	0	0	57	218	0	0	261	350	66	234
460	445	76	82	11	430	38	46	0	76	82	11	65	88	0	0	182	221	55	117	415	29	25	0	38	46	0	37	45	0	0	107	117	0	111	76	82	11	32	85	0	0	46	78	11	0	65	88	0	0	182	221	55	117	400	21	5	0	29	25	0	35	15	0	0	84	60	0	71	38	46	0	13	5	0	0	24	43	0	0	37	45	0	0	107	117	0	111	76	82	11	21	25	0	0	12	21	33	0	32	85	0	0	46	78	11	0	65	88	0	0	182	221	55	117	385	12	0	0	21	5	0	22	0	0	0	54	10	0	48	29	25	0	13	0	0	0	23	35	0	0	35	15	0	0	84	60	0	71	38	46	0	4	0	0	0	4	10	0	0	13	5	0	0	24	43	0	0	37	45	0	0	107	117	0	111	76	82	11	21	0	0	0	4	0	11	0	21	25	0	0	12	21	33	0	32	85	0	0	46	78	11	0	65	88	0	0	182	221	55	117
586	567	52	48	123	548	31	0	85	52	48	123	48	0	46	47	112	48	369	185	529	18	0	84	31	0	85	28	0	41	45	80	0	255	84	52	48	123	17	0	71	13	23	0	0	0	48	0	46	47	112	48	369	185	510	10	0	84	18	0	84	18	0	41	45	42	0	252	83	31	0	85	11	0	24	13	23	0	0	0	28	0	41	45	80	0	255	84	52	48	123	4	0	50	0	8	0	0	0	17	0	71	13	23	0	0	0	48	0	46	47	112	48	369	185	491	5	0	84	10	0	84	5	0	41	45	22	0	252	76	18	0	84	7	0	24	13	18	0	0	0	18	0	41	45	42	0	252	83	31	0	85	4	0	0	0	5	0	0	0	11	0	24	13	23	0	0	0	28	0	41	45	80	0	255	84	52	48	123	9	0	42	0	3	0	0	0	4	0	50	0	8	0	0	0	17	0	71	13	23	0	0	0	48	0	46	47	112	48	369	185
338	327	35	24	38	316	14	0	33	35	24	38	25	0	46	0	65	24	114	11	305	6	0	33	14	0	33	5	0	41	0	33	0	99	0	35	24	38	9	0	15	0	11	0	0	0	25	0	46	0	65	24	114	11	294	3	0	33	6	0	33	0	0	41	0	13	0	99	0	14	0	33	3	0	0	0	11	0	0	0	5	0	41	0	33	0	99	0	35	24	38	3	0	5	0	7	0	0	0	9	0	15	0	11	0	0	0	25	0	46	0	65	24	114	11	283	3	0	33	3	0	33	0	0	41	0	7	0	99	0	6	0	33	3	0	0	0	9	0	0	0	0	0	41	0	13	0	99	0	14	0	33	3	0	0	0	4	0	0	0	3	0	0	0	11	0	0	0	5	0	41	0	33	0	99	0	35	24	38	9	0	0	0	3	0	0	0	3	0	5	0	7	0	0	0	9	0	15	0	11	0	0	0	25	0	46	0	65	24	114	11
517	500	55	82	61	483	25	30	34	55	82	61	25	120	40	12	124	182	244	152	466	13	0	34	25	30	34	10	0	35	12	69	80	136	84	55	82	61	12	0	81	0	30	14	183	0	25	120	40	12	124	182	244	152	449	7	0	34	13	0	34	3	0	35	12	35	0	136	83	25	30	34	4	0	42	0	19	10	102	0	10	0	35	12	69	80	136	84	55	82	61	7	0	26	0	11	14	0	0	12	0	81	0	30	14	183	0	25	120	40	12	124	182	244	152	432	5	0	34	7	0	34	2	0	35	12	20	0	136	76	13	0	34	4	0	42	0	15	0	102	0	3	0	35	12	35	0	136	83	25	30	34	3	0	0	0	5	10	0	0	4	0	42	0	19	10	102	0	10	0	35	12	69	80	136	84	55	82	61	13	0	10	0	4	10	0	0	7	0	26	0	11	14	0	0	12	0	81	0	30	14	183	0	25	120	40	12	124	182	244	152
392	379	58	42	47	366	38	31	0	58	42	47	64	19	5	0	143	54	47	280	353	23	20	0	38	31	0	39	9	0	0	109	50	0	127	58	42	47	19	20	71	0	29	33	47	0	64	19	5	0	143	54	47	280	340	11	10	0	23	20	0	22	0	0	0	62	29	0	111	38	31	0	12	10	0	0	25	30	0	0	39	9	0	0	109	50	0	127	58	42	47	3	10	102	0	6	10	47	0	19	20	71	0	29	33	47	0	64	19	5	0	143	54	47	280	327	5	9	0	11	10	0	5	0	0	0	28	10	0	82	23	20	0	6	9	0	0	20	27	0	0	22	0	0	0	62	29	0	111	38	31	0	3	9	0	0	4	9	0	0	12	10	0	0	25	30	0	0	39	9	0	0	109	50	0	127	58	42	47	8	9	55	0	5	0	0	0	3	10	102	0	6	10	47	0	19	20	71	0	29	33	47	0	64	19	5	0	143	54	47	280
415	401	49	69	16	387	20	40	0	49	69	16	29	34	5	0	116	156	64	97	373	8	28	0	20	40	0	7	6	0	0	58	104	0	53	49	69	16	5	46	37	0	20	33	16	0	29	34	5	0	116	156	64	97	359	4	20	0	8	28	0	1	0	0	0	25	78	0	52	20	40	0	1	20	0	0	14	30	0	0	7	6	0	0	58	104	0	53	49	69	16	5	20	16	0	19	10	16	0	5	46	37	0	20	33	16	0	29	34	5	0	116	156	64	97	345	3	12	0	4	20	0	1	0	0	0	14	60	0	45	8	28	0	1	12	0	0	11	18	0	0	1	0	0	0	25	78	0	52	20	40	0	1	12	0	0	5	6	0	0	1	20	0	0	14	30	0	0	7	6	0	0	58	104	0	53	49	69	16	5	48	0	0	10	6	0	0	5	20	16	0	19	10	16	0	5	46	37	0	20	33	16	0	29	34	5	0	116	156	64	97
300	290	13	0	79	280	5	0	25	13	0	79	2	0	45	49	29	0	0	285	270	3	0	25	5	0	25	0	0	0	49	11	0	0	152	13	0	79	3	0	15	0	7	0	0	0	2	0	45	49	29	0	0	285	260	3	0	25	3	0	25	0	0	0	49	7	0	0	151	5	0	25	3	0	0	0	6	0	0	0	0	0	0	49	11	0	0	152	13	0	79	3	0	0	0	6	0	0	0	3	0	15	0	7	0	0	0	2	0	45	49	29	0	0	285	250	0	0	25	3	0	25	0	0	0	49	7	0	0	151	3	0	25	0	0	0	0	0	0	0	0	0	0	0	49	7	0	0	151	5	0	25	0	0	0	0	0	0	0	0	3	0	0	0	6	0	0	0	0	0	0	49	11	0	0	152	13	0	79	0	0	21	0	1	0	0	0	3	0	0	0	6	0	0	0	3	0	15	0	7	0	0	0	2	0	45	49	29	0	0	285
240	232	16	0	47	224	5	0	5	16	0	47	2	0	36	10	43	0	0	238	216	4	0	5	5	0	5	1	0	0	10	17	0	0	152	16	0	47	2	0	6	0	4	0	0	0	2	0	36	10	43	0	0	238	208	4	0	5	4	0	5	1	0	0	10	15	0	0	151	5	0	5	2	0	0	0	3	0	0	0	1	0	0	10	17	0	0	152	16	0	47	6	0	0	0	9	0	0	0	2	0	6	0	4	0	0	0	2	0	36	10	43	0	0	238	200	1	0	5	4	0	5	1	0	0	10	15	0	0	151	4	0	5	0	0	0	0	0	0	0	0	1	0	0	10	15	0	0	151	5	0	5	0	0	0	0	1	0	0	0	2	0	0	0	3	0	0	0	1	0	0	10	17	0	0	152	16	0	47	4	0	12	0	3	0	0	0	6	0	0	0	9	0	0	0	2	0	6	0	4	0	0	0	2	0	36	10	43	0	0	238
447	432	38	36	83	417	14	0	32	38	36	83	8	0	86	83	100	72	249	238	402	12	0	27	14	0	32	4	0	33	58	42	0	96	152	38	36	83	10	0	16	0	21	0	0	11	8	0	86	83	100	72	249	238	387	9	0	27	12	0	27	4	0	18	58	38	0	81	151	14	0	32	2	0	5	0	6	0	0	0	4	0	33	58	42	0	96	152	38	36	83	9	0	0	0	13	36	0	0	10	0	16	0	21	0	0	11	8	0	86	83	100	72	249	238	372	5	0	27	9	0	27	2	0	18	58	26	0	81	151	12	0	27	0	0	0	0	0	0	0	0	4	0	18	58	38	0	81	151	14	0	32	0	0	0	0	4	0	0	0	2	0	5	0	6	0	0	0	4	0	33	58	42	0	96	152	38	36	83	11	0	12	0	7	12	0	0	9	0	0	0	13	36	0	0	10	0	16	0	21	0	0	11	8	0	86	83	100	72	249	238
317	306	44	39	16	295	13	18	0	44	39	16	5	9	36	0	101	135	64	77	284	12	18	0	13	18	0	4	9	0	0	37	81	0	34	44	39	16	14	0	6	0	23	0	0	0	5	9	36	0	101	135	64	77	273	8	14	0	12	18	0	4	9	0	0	35	81	0	34	13	18	0	2	0	0	0	3	0	0	0	4	9	0	0	37	81	0	34	44	39	16	9	20	0	0	17	25	0	0	14	0	6	0	23	0	0	0	5	9	36	0	101	135	64	77	262	4	5	0	8	14	0	1	5	0	0	19	61	0	34	12	18	0	0	0	0	0	0	0	0	0	4	9	0	0	35	81	0	34	13	18	0	0	0	0	0	3	9	0	0	2	0	0	0	3	0	0	0	4	9	0	0	37	81	0	34	44	39	16	7	20	12	0	9	15	16	0	9	20	0	0	17	25	0	0	14	0	6	0	23	0	0	0	5	9	36	0	101	135	64	77
251	242	39	25	0	233	11	15	0	39	25	0	10	0	0	0	87	74	0	0	224	10	15	0	11	15	0	5	0	0	0	35	44	0	0	39	25	0	12	0	0	0	22	2	0	0	10	0	0	0	87	74	0	0	215	6	15	0	10	15	0	5	0	0	0	32	44	0	0	11	15	0	0	0	0	0	0	0	0	0	5	0	0	0	35	44	0	0	39	25	0	11	0	0	0	9	13	0	0	12	0	0	0	22	2	0	0	10	0	0	0	87	74	0	0	206	3	9	0	6	15	0	2	0	0	0	16	44	0	0	10	15	0	0	0	0	0	0	0	0	0	5	0	0	0	32	44	0	0	11	15	0	0	0	0	0	3	7	0	0	0	0	0	0	0	0	0	0	5	0	0	0	35	44	0	0	39	25	0	5	17	0	0	6	9	0	0	11	0	0	0	9	13	0	0	12	0	0	0	22	2	0	0	10	0	0	0	87	74	0	0
347	335	32	11	70	323	15	0	45	32	11	70	15	0	11	60	82	22	70	99	311	11	0	27	15	0	45	4	0	10	14	47	0	45	32	32	11	70	8	0	0	60	21	33	0	61	15	0	11	60	82	22	70	99	299	7	0	21	11	0	27	4	0	5	9	36	0	27	27	15	0	45	0	0	0	33	2	0	0	34	4	0	10	14	47	0	45	32	32	11	70	3	0	5	12	4	0	0	11	8	0	0	60	21	33	0	61	15	0	11	60	82	22	70	99	287	4	0	21	7	0	21	1	0	0	9	19	0	21	27	11	0	27	0	0	0	33	2	0	0	34	4	0	5	9	36	0	27	27	15	0	45	0	0	0	12	4	0	0	0	0	0	0	33	2	0	0	34	4	0	10	14	47	0	45	32	32	11	70	2	0	7	0	6	0	0	0	3	0	5	12	4	0	0	11	8	0	0	60	21	33	0	61	15	0	11	60	82	22	70	99
631	609	67	101	134	587	29	16	126	67	101	134	37	80	144	60	182	255	670	0	565	19	0	101	29	16	126	11	0	143	14	89	48	630	0	67	101	134	11	0	62	133	35	64	134	61	37	80	144	60	182	255	670	0	543	15	0	57	19	0	101	7	0	124	9	63	0	505	0	29	16	126	0	0	62	33	8	0	126	34	11	0	143	14	89	48	630	0	67	101	134	3	0	10	62	3	0	0	225	11	0	62	133	35	64	134	61	37	80	144	60	182	255	670	0	521	13	0	47	15	0	57	5	0	22	9	50	0	285	0	19	0	101	0	0	53	33	8	0	101	34	7	0	124	9	63	0	505	0	29	16	126	0	0	10	39	3	0	0	96	0	0	62	33	8	0	126	34	11	0	143	14	89	48	630	0	67	101	134	2	0	2	43	7	0	0	7	3	0	10	62	3	0	0	225	11	0	62	133	35	64	134	61	37	80	144	60	182	255	670	0
344	332	46	32	29	320	23	0	22	46	32	29	23	0	64	0	128	56	116	16	308	17	0	21	23	0	22	7	0	64	0	74	0	88	0	46	32	29	8	0	14	13	22	32	0	0	23	0	64	0	128	56	116	16	296	13	0	7	17	0	21	7	0	60	0	58	0	84	0	23	0	22	0	0	14	0	4	0	0	0	7	0	64	0	74	0	88	0	46	32	29	3	0	5	7	4	0	0	95	8	0	14	13	22	32	0	0	23	0	64	0	128	56	116	16	284	10	0	5	13	0	7	4	0	7	0	41	0	28	0	17	0	21	0	0	13	0	4	0	0	0	7	0	60	0	58	0	84	0	23	0	22	0	0	0	5	4	0	0	43	0	0	14	0	4	0	0	0	7	0	64	0	74	0	88	0	46	32	29	2	0	7	10	7	0	0	0	3	0	5	7	4	0	0	95	8	0	14	13	22	32	0	0	23	0	64	0	128	56	116	16
430	415	47	38	79	400	22	14	50	47	38	79	19	0	46	83	123	106	158	99	385	17	12	16	22	14	50	7	0	40	5	65	70	100	32	47	38	79	9	24	0	69	33	48	0	124	19	0	46	83	123	106	158	99	370	11	0	0	17	12	16	7	0	16	0	52	60	32	27	22	14	50	0	0	0	0	4	0	0	34	7	0	40	5	65	70	100	32	47	38	79	3	0	35	0	10	0	79	97	9	24	0	69	33	48	0	124	19	0	46	83	123	106	158	99	355	8	0	0	11	0	0	4	0	0	0	33	0	0	27	17	12	16	0	0	0	0	4	0	0	34	7	0	16	0	52	60	32	27	22	14	50	0	0	21	0	4	0	50	53	0	0	0	0	4	0	0	34	7	0	40	5	65	70	100	32	47	38	79	2	0	7	0	10	0	0	0	3	0	35	0	10	0	79	97	9	24	0	69	33	48	0	124	19	0	46	83	123	106	158	99
405	390	54	80	19	375	26	56	0	54	80	19	26	33	0	0	149	164	57	99	360	21	50	0	26	56	0	14	33	0	0	86	132	0	32	54	80	19	6	42	0	0	25	28	0	0	26	33	0	0	149	164	57	99	345	17	33	0	21	50	0	14	27	0	0	73	111	0	27	26	56	0	2	0	0	0	6	0	0	0	14	33	0	0	86	132	0	32	54	80	19	4	21	5	0	17	24	38	0	6	42	0	0	25	28	0	0	26	33	0	0	149	164	57	99	330	12	25	0	17	33	0	9	13	0	0	54	59	0	27	21	50	0	2	0	0	0	6	0	0	0	14	27	0	0	73	111	0	27	26	56	0	0	0	0	0	8	20	0	0	2	0	0	0	6	0	0	0	14	33	0	0	86	132	0	32	54	80	19	7	12	7	0	13	34	19	0	4	21	5	0	17	24	38	0	6	42	0	0	25	28	0	0	26	33	0	0	149	164	57	99
411	396	40	27	100	381	20	14	64	40	27	100	14	0	41	52	113	81	100	182	366	14	14	64	20	14	64	7	0	22	52	58	42	64	148	38	27	100	0	0	14	0	8	0	0	0	14	0	41	52	113	81	100	182	351	13	14	63	14	14	64	5	0	22	50	41	42	64	122	18	14	64	0	0	0	0	8	0	0	0	7	0	22	52	58	42	64	148	38	27	100	0	0	7	13	2	0	0	0	0	0	14	0	8	0	0	0	14	0	41	52	113	81	100	182	336	13	14	38	13	14	63	5	0	21	19	40	42	63	64	12	14	64	0	0	0	0	8	0	0	0	5	0	22	50	41	42	64	122	18	14	64	0	0	0	0	2	0	0	0	0	0	0	0	8	0	0	0	7	0	22	52	58	42	64	148	38	27	100	1	0	0	87	6	0	0	95	0	0	7	13	2	0	0	0	0	0	14	0	8	0	0	0	14	0	41	52	113	81	100	182
408	393	52	47	84	378	23	14	56	52	47	84	25	0	85	46	160	158	252	163	363	18	14	56	23	14	56	14	0	62	46	80	70	168	148	52	47	84	6	0	11	0	10	0	0	0	25	0	85	46	160	158	252	163	348	18	14	53	18	14	56	14	0	62	42	69	70	168	122	23	14	56	6	0	10	0	10	0	0	0	14	0	62	46	80	70	168	148	52	47	84	3	0	0	29	3	0	0	0	6	0	11	0	10	0	0	0	25	0	85	46	160	158	252	163	333	18	14	22	18	14	53	14	0	53	5	69	70	159	64	18	14	56	6	0	10	0	10	0	0	0	14	0	62	42	69	70	168	122	23	14	56	3	0	0	0	3	0	0	0	6	0	10	0	10	0	0	0	14	0	62	46	80	70	168	148	52	47	84	1	0	0	71	5	0	0	128	3	0	0	29	3	0	0	0	6	0	11	0	10	0	0	0	25	0	85	46	160	158	252	163
398	383	62	67	61	368	25	26	41	62	67	61	30	13	85	46	179	242	305	134	353	19	26	41	25	26	41	12	13	62	46	81	117	205	126	61	67	61	8	0	11	0	8	26	0	0	30	13	85	46	179	242	305	134	338	19	26	38	19	26	41	12	13	62	42	67	117	205	101	24	26	41	8	0	10	0	8	26	0	0	12	13	62	46	81	117	205	126	61	67	61	4	0	0	29	3	0	0	0	8	0	11	0	8	26	0	0	30	13	85	46	179	242	305	134	323	19	26	10	19	26	38	12	13	53	5	67	117	190	57	18	26	41	8	0	10	0	8	26	0	0	12	13	62	42	67	117	205	101	24	26	41	4	0	0	0	3	0	0	0	8	0	10	0	8	26	0	0	12	13	62	46	81	117	205	126	61	67	61	2	0	0	35	6	0	0	128	4	0	0	29	3	0	0	0	8	0	11	0	8	26	0	0	30	13	85	46	179	242	305	134
600	578	72	107	147	556	36	69	83	72	107	147	36	96	89	121	202	340	294	331	534	25	21	77	36	69	83	22	0	67	113	109	212	166	243	71	107	147	8	0	83	43	12	42	441	0	36	96	89	121	202	340	294	331	512	24	21	47	25	21	77	20	0	67	71	81	84	154	165	35	69	83	8	0	53	5	10	42	249	0	22	0	67	113	109	212	166	243	71	107	147	5	0	7	128	19	0	0	63	8	0	83	43	12	42	441	0	36	96	89	121	202	340	294	331	490	23	21	0	24	21	47	20	0	55	0	80	84	94	85	24	21	77	8	0	44	0	10	42	231	0	20	0	67	71	81	84	154	165	35	69	83	3	0	0	0	8	0	0	0	8	0	53	5	10	42	249	0	22	0	67	113	109	212	166	243	71	107	147	6	0	0	0	15	18	0	280	5	0	7	128	19	0	0	63	8	0	83	43	12	42	441	0	36	96	89	121	202	340	294	331
328	315	49	54	43	302	23	43	0	49	54	43	23	34	16	0	126	178	43	261	289	15	36	0	23	43	0	9	27	0	0	61	140	0	198	46	54	43	2	0	26	0	6	18	43	0	23	34	16	0	126	178	43	261	276	14	36	0	15	36	0	7	27	0	0	36	126	0	138	20	43	0	2	0	0	0	6	18	0	0	9	27	0	0	61	140	0	198	46	54	43	2	0	7	0	8	0	0	0	2	0	26	0	6	18	43	0	23	34	16	0	126	178	43	261	263	13	36	0	14	36	0	7	27	0	0	35	126	0	64	12	36	0	2	0	0	0	6	18	0	0	7	27	0	0	36	126	0	138	20	43	0	0	0	0	0	5	0	0	0	2	0	0	0	6	18	0	0	9	27	0	0	61	140	0	198	46	54	43	5	0	0	0	8	8	0	0	2	0	7	0	8	0	0	0	2	0	26	0	6	18	43	0	23	34	16	0	126	178	43	261
476	458	67	59	136	440	39	17	65	67	59	136	39	0	83	217	193	152	408	435	422	37	17	45	39	17	65	31	0	24	123	132	68	195	244	66	59	136	16	0	0	46	14	34	0	134	39	0	83	217	193	152	408	435	404	37	17	45	37	17	45	31	0	23	123	127	68	135	238	38	17	65	16	0	0	46	14	34	0	126	31	0	24	123	132	68	195	244	66	59	136	11	0	0	0	17	0	0	0	16	0	0	46	14	34	0	134	39	0	83	217	193	152	408	435	386	36	17	39	37	17	45	31	0	23	110	127	68	135	201	36	17	45	16	0	0	42	14	34	0	101	31	0	23	123	127	68	135	238	38	17	65	9	0	0	0	9	0	0	0	16	0	0	46	14	34	0	126	31	0	24	123	132	68	195	244	66	59	136	12	0	0	59	14	14	0	0	11	0	0	0	17	0	0	0	16	0	0	46	14	34	0	134	39	0	83	217	193	152	408	435
252	242	41	24	33	232	16	16	11	41	24	33	12	8	14	33	123	83	33	145	222	16	16	10	16	16	11	12	8	11	30	60	72	11	97	41	24	33	8	0	0	10	8	0	0	0	12	8	14	33	123	83	33	145	212	16	16	10	16	16	10	12	8	10	30	60	72	10	97	16	16	11	8	0	0	10	8	0	0	0	12	8	11	30	60	72	11	97	41	24	33	4	0	0	0	5	0	0	0	8	0	0	10	8	0	0	0	12	8	14	33	123	83	33	145	202	16	16	8	16	16	10	12	8	10	24	60	72	10	91	16	16	10	8	0	0	8	8	0	0	0	12	8	10	30	60	72	10	97	16	16	11	4	0	0	0	3	0	0	0	8	0	0	10	8	0	0	0	12	8	11	30	60	72	11	97	41	24	33	2	0	0	16	8	0	0	0	4	0	0	0	5	0	0	0	8	0	0	10	8	0	0	0	12	8	14	33	123	83	33	145
233	224	43	20	22	215	21	8	11	43	20	22	19	0	14	33	127	58	44	61	206	21	8	10	21	8	11	19	0	11	30	74	40	22	41	43	20	22	10	0	0	10	10	0	0	0	19	0	14	33	127	58	44	61	197	21	8	10	21	8	10	19	0	10	30	74	40	20	41	21	8	11	10	0	0	10	10	0	0	0	19	0	11	30	74	40	22	41	43	20	22	6	0	0	0	11	0	0	0	10	0	0	10	10	0	0	0	19	0	14	33	127	58	44	61	188	20	8	8	21	8	10	19	0	10	24	74	40	20	38	21	8	10	10	0	0	8	10	0	0	0	19	0	10	30	74	40	20	41	21	8	11	4	0	0	0	6	0	0	0	10	0	0	10	10	0	0	0	19	0	11	30	74	40	22	41	43	20	22	6	0	0	16	9	6	0	0	6	0	0	0	11	0	0	0	10	0	0	10	10	0	0	0	19	0	14	33	127	58	44	61
452	433	85	135	49	414	34	94	11	85	135	49	31	126	62	33	234	458	196	292	395	32	88	10	34	94	11	23	116	11	30	109	345	44	180	84	135	49	19	78	0	10	15	26	0	0	31	126	62	33	234	458	196	292	376	29	85	10	32	88	10	23	110	10	30	104	324	40	174	33	94	11	10	74	0	10	12	24	0	0	23	116	11	30	109	345	44	180	84	135	49	11	37	0	0	18	36	0	0	19	78	0	10	15	26	0	0	31	126	62	33	234	458	196	292	357	27	84	8	29	85	10	20	108	10	24	94	314	40	138	31	88	10	10	72	0	8	12	24	0	0	23	110	10	30	104	324	40	174	33	94	11	6	36	0	0	6	36	0	0	10	74	0	10	12	24	0	0	23	116	11	30	109	345	44	180	84	135	49	11	12	0	16	18	20	0	0	11	37	0	0	18	36	0	0	19	78	0	10	15	26	0	0	31	126	62	33	234	458	196	292
336	322	67	71	8	308	31	44	0	67	71	8	35	23	0	0	182	196	40	61	294	29	42	0	31	44	0	27	22	0	0	102	118	0	41	66	71	8	14	21	0	0	12	20	0	0	35	23	0	0	182	196	40	61	280	29	41	0	29	42	0	27	21	0	0	97	113	0	41	30	44	0	14	21	0	0	10	20	0	0	27	22	0	0	102	118	0	41	66	71	8	10	10	0	0	27	0	0	0	14	21	0	0	12	20	0	0	35	23	0	0	182	196	40	61	266	28	40	0	29	41	0	27	20	0	0	97	111	0	38	28	42	0	14	20	0	0	10	20	0	0	27	21	0	0	97	113	0	41	30	44	0	8	10	0	0	9	0	0	0	14	21	0	0	10	20	0	0	27	22	0	0	102	118	0	41	66	71	8	11	10	0	0	21	5	0	0	10	10	0	0	27	0	0	0	14	21	0	0	12	20	0	0	35	23	0	0	182	196	40	61
389	374	51	14	115	359	36	0	68	51	14	115	32	0	0	102	154	14	115	248	344	36	0	46	36	0	68	32	0	0	57	120	0	68	98	51	14	115	18	0	0	68	14	0	0	147	32	0	0	102	154	14	115	248	329	34	0	43	36	0	46	32	0	0	53	120	0	46	75	36	0	68	16	0	0	63	12	0	0	83	32	0	0	57	120	0	68	98	51	14	115	13	0	0	30	28	28	0	0	18	0	0	68	14	0	0	147	32	0	0	102	154	14	115	248	314	31	0	38	34	0	43	28	0	0	53	111	0	43	75	36	0	46	16	0	0	58	12	0	0	77	32	0	0	53	120	0	46	75	36	0	68	9	0	0	25	12	0	0	0	16	0	0	63	12	0	0	83	32	0	0	57	120	0	68	98	51	14	115	14	0	0	33	16	28	0	0	13	0	0	30	28	28	0	0	18	0	0	68	14	0	0	147	32	0	0	102	154	14	115	248
385	370	71	50	68	355	44	0	61	71	50	68	48	0	19	32	154	150	340	8	340	42	0	39	44	0	61	38	0	19	0	121	0	305	0	71	50	68	30	0	0	56	13	20	0	147	48	0	19	32	154	150	340	8	325	36	0	15	42	0	39	34	0	16	0	115	0	195	0	44	0	61	12	0	0	10	9	0	0	83	38	0	19	0	121	0	305	0	71	50	68	14	0	0	30	24	60	0	98	30	0	0	56	13	20	0	147	48	0	19	32	154	150	340	8	310	32	0	6	36	0	15	29	0	5	0	93	0	75	0	42	0	39	12	0	0	6	9	0	0	77	34	0	16	0	115	0	195	0	44	0	61	6	0	0	6	9	0	0	50	12	0	0	10	9	0	0	83	38	0	19	0	121	0	305	0	71	50	68	14	0	0	24	23	30	0	16	14	0	0	30	24	60	0	98	30	0	0	56	13	20	0	147	48	0	19	32	154	150	340	8
440	422	82	95	69	404	50	67	33	82	95	69	48	82	10	39	222	251	138	215	386	48	65	7	50	67	33	40	78	10	0	152	201	66	87	81	95	69	28	26	0	21	20	32	0	190	48	82	10	39	222	251	138	215	368	42	63	0	48	65	7	40	78	7	0	147	195	14	65	49	67	33	15	26	0	0	13	28	0	83	40	78	10	0	152	201	66	87	81	95	69	14	22	0	0	32	75	0	19	28	26	0	21	20	32	0	190	48	82	10	39	222	251	138	215	350	39	48	0	42	63	0	33	74	0	0	124	187	0	65	47	65	7	15	26	0	0	13	26	0	77	40	78	7	0	147	195	14	65	49	67	33	9	0	0	0	9	39	0	0	15	26	0	0	13	28	0	83	40	78	10	0	152	201	66	87	81	95	69	15	44	0	0	22	36	69	0	14	22	0	0	32	75	0	19	28	26	0	21	20	32	0	190	48	82	10	39	222	251	138	215
402	384	86	125	27	366	42	95	0	86	125	27	42	112	0	0	214	364	81	193	348	40	89	0	42	95	0	34	106	0	0	117	301	0	76	85	125	27	24	69	0	0	16	22	0	0	42	112	0	0	214	364	81	193	330	34	84	0	40	89	0	34	100	0	0	112	285	0	55	41	95	0	11	66	0	0	9	20	0	0	34	106	0	0	117	301	0	76	85	125	27	12	52	0	0	25	51	0	0	24	69	0	0	16	22	0	0	42	112	0	0	214	364	81	193	312	30	78	0	34	84	0	27	92	0	0	89	267	0	55	39	89	0	11	63	0	0	9	20	0	0	34	100	0	0	112	285	0	55	41	95	0	5	50	0	0	10	30	0	0	11	66	0	0	9	20	0	0	34	106	0	0	117	301	0	76	85	125	27	14	52	0	0	28	24	0	0	12	52	0	0	25	51	0	0	24	69	0	0	16	22	0	0	42	112	0	0	214	364	81	193
289	277	63	45	13	265	39	20	0	63	45	13	39	10	0	0	151	91	52	57	253	39	20	0	39	20	0	39	10	0	0	119	30	0	11	63	45	13	25	0	0	0	13	0	0	0	39	10	0	0	151	91	52	57	241	35	20	0	39	20	0	39	10	0	0	119	30	0	10	39	20	0	17	0	0	0	9	0	0	0	39	10	0	0	119	30	0	11	63	45	13	17	0	0	0	26	24	0	0	25	0	0	0	13	0	0	0	39	10	0	0	151	91	52	57	229	31	20	0	35	20	0	34	10	0	0	102	30	0	10	39	20	0	17	0	0	0	9	0	0	0	39	10	0	0	119	30	0	10	39	20	0	9	0	0	0	12	0	0	0	17	0	0	0	9	0	0	0	39	10	0	0	119	30	0	11	63	45	13	14	0	0	0	21	18	0	0	17	0	0	0	26	24	0	0	25	0	0	0	13	0	0	0	39	10	0	0	151	91	52	57
339	325	46	57	33	311	27	24	16	46	57	33	31	12	0	9	94	90	132	81	297	24	20	16	27	24	16	20	12	0	9	66	72	64	61	46	57	33	16	32	0	0	6	8	0	0	31	12	0	9	94	90	132	81	283	19	8	16	24	20	16	16	8	0	9	56	56	64	39	27	24	16	2	0	0	0	1	0	0	0	20	12	0	9	66	72	64	61	46	57	33	2	32	0	0	9	0	33	0	16	32	0	0	6	8	0	0	31	12	0	9	94	90	132	81	269	16	0	7	19	8	16	12	0	0	5	38	16	64	15	24	20	16	2	0	0	0	1	0	0	0	16	8	0	9	56	56	64	39	27	24	16	0	0	0	0	3	0	16	0	2	0	0	0	1	0	0	0	20	12	0	9	66	72	64	61	46	57	33	6	0	7	30	11	0	33	0	2	32	0	0	9	0	33	0	16	32	0	0	6	8	0	0	31	12	0	9	94	90	132	81
377	361	81	73	60	345	50	59	10	81	73	60	56	44	0	20	191	209	60	292	329	48	57	10	50	59	10	46	44	0	20	135	199	10	162	81	73	60	35	20	0	0	15	0	0	0	56	44	0	20	191	209	60	292	313	40	35	7	48	57	10	42	40	0	14	129	190	10	92	50	59	10	10	0	0	0	5	0	0	0	46	44	0	20	135	199	10	162	81	73	60	22	20	11	21	18	39	120	0	35	20	0	0	15	0	0	0	56	44	0	20	191	209	60	292	297	32	13	0	40	35	7	36	0	0	0	102	95	7	58	48	57	10	10	0	0	0	5	0	0	0	42	40	0	14	129	190	10	92	50	59	10	5	0	0	0	6	33	20	0	10	0	0	0	5	0	0	0	46	44	0	20	135	199	10	162	81	73	60	22	26	41	0	15	35	120	19	22	20	11	21	18	39	120	0	35	20	0	0	15	0	0	0	56	44	0	20	191	209	60	292
366	349	70	101	34	332	40	77	0	70	101	34	44	92	0	0	136	193	68	177	315	37	74	0	40	77	0	30	88	0	0	108	183	0	94	70	101	34	27	27	0	0	14	12	0	0	44	92	0	0	136	193	68	177	298	31	66	0	37	74	0	26	88	0	0	100	175	0	46	40	77	0	11	11	0	0	9	11	0	0	30	88	0	0	108	183	0	94	70	101	34	22	0	11	0	23	0	34	0	27	27	0	0	14	12	0	0	44	92	0	0	136	193	68	177	281	21	66	0	31	66	0	19	88	0	0	78	143	0	15	37	74	0	9	11	0	0	7	11	0	0	26	88	0	0	100	175	0	46	40	77	0	5	0	0	0	9	0	0	0	11	11	0	0	9	11	0	0	30	88	0	0	108	183	0	94	70	101	34	15	0	29	0	18	52	0	0	22	0	11	0	23	0	34	0	27	27	0	0	14	12	0	0	44	92	0	0	136	193	68	177
263	252	48	31	23	241	34	10	0	48	31	23	41	0	0	0	104	17	69	108	230	31	10	0	34	10	0	30	0	0	0	92	10	0	61	48	31	23	26	0	0	0	6	7	0	0	41	0	0	0	104	17	69	108	219	25	10	0	31	10	0	26	0	0	0	82	10	0	39	34	10	0	8	0	0	0	3	0	0	0	30	0	0	0	92	10	0	61	48	31	23	11	0	0	0	6	0	0	0	26	0	0	0	6	7	0	0	41	0	0	0	104	17	69	108	208	21	10	0	25	10	0	21	0	0	0	60	10	0	15	31	10	0	8	0	0	0	3	0	0	0	26	0	0	0	82	10	0	39	34	10	0	5	0	0	0	6	0	0	0	8	0	0	0	3	0	0	0	30	0	0	0	92	10	0	61	48	31	23	5	0	7	0	12	0	0	0	11	0	0	0	6	0	0	0	26	0	0	0	6	7	0	0	41	0	0	0	104	17	69	108
383	366	63	114	10	349	31	73	0	63	114	10	22	119	0	0	127	232	50	68	332	29	52	0	31	73	0	18	48	0	0	76	164	0	61	63	114	10	9	64	0	0	5	10	20	0	22	119	0	0	127	232	50	68	315	25	42	0	29	52	0	18	28	0	0	71	109	0	39	31	73	0	1	14	0	0	2	0	0	0	18	48	0	0	76	164	0	61	63	114	10	9	0	0	0	11	0	20	0	9	64	0	0	5	10	20	0	22	119	0	0	127	232	50	68	298	20	42	0	25	42	0	13	28	0	0	54	84	0	15	29	52	0	1	14	0	0	2	0	0	0	18	28	0	0	71	109	0	39	31	73	0	0	0	0	0	3	0	0	0	1	14	0	0	2	0	0	0	18	48	0	0	76	164	0	61	63	114	10	14	0	0	0	19	31	0	0	9	0	0	0	11	0	20	0	9	64	0	0	5	10	20	0	22	119	0	0	127	232	50	68
223	213	28	17	38	203	22	16	0	28	17	38	20	8	10	0	69	16	0	160	193	15	16	0	22	16	0	15	8	0	0	57	16	0	26	28	17	38	2	0	46	0	1	0	0	0	20	8	10	0	69	16	0	160	183	12	16	0	15	16	0	10	8	0	0	31	16	0	26	22	16	0	2	0	0	0	1	0	0	0	15	8	0	0	57	16	0	26	28	17	38	0	0	28	0	3	0	0	0	2	0	46	0	1	0	0	0	20	8	10	0	69	16	0	160	173	11	16	0	12	16	0	10	8	0	0	24	16	0	23	15	16	0	2	0	0	0	1	0	0	0	10	8	0	0	31	16	0	26	22	16	0	0	0	0	0	3	0	0	0	2	0	0	0	1	0	0	0	15	8	0	0	57	16	0	26	28	17	38	2	0	0	0	10	9	0	0	0	0	28	0	3	0	0	0	2	0	46	0	1	0	0	0	20	8	10	0	69	16	0	160
192	184	26	0	28	176	19	0	0	26	0	28	20	0	10	0	62	0	0	100	168	13	0	0	19	0	0	12	0	0	0	42	0	0	16	26	0	28	2	0	26	0	1	0	0	0	20	0	10	0	62	0	0	100	160	12	0	0	13	0	0	11	0	0	0	24	0	0	16	19	0	0	2	0	0	0	1	0	0	0	12	0	0	0	42	0	0	16	26	0	28	0	0	8	0	0	0	0	0	2	0	26	0	1	0	0	0	20	0	10	0	62	0	0	100	152	12	0	0	12	0	0	11	0	0	0	22	0	0	16	13	0	0	2	0	0	0	1	0	0	0	11	0	0	0	24	0	0	16	19	0	0	0	0	0	0	0	0	0	0	2	0	0	0	1	0	0	0	12	0	0	0	42	0	0	16	26	0	28	0	0	0	0	7	0	0	0	0	0	8	0	0	0	0	0	2	0	26	0	1	0	0	0	20	0	10	0	62	0	0	100
213	204	27	15	20	195	12	7	0	27	15	20	11	7	10	0	63	67	20	66	186	8	0	0	12	7	0	4	0	0	0	24	28	0	16	27	15	20	1	0	18	0	0	0	20	0	11	7	10	0	63	67	20	66	177	7	0	0	8	0	0	3	0	0	0	14	0	0	16	12	7	0	1	0	0	0	0	0	0	0	4	0	0	0	24	28	0	16	27	15	20	0	0	8	0	6	0	0	0	1	0	18	0	0	0	20	0	11	7	10	0	63	67	20	66	168	7	0	0	7	0	0	3	0	0	0	12	0	0	16	8	0	0	1	0	0	0	0	0	0	0	3	0	0	0	14	0	0	16	12	7	0	0	0	0	0	0	0	0	0	1	0	0	0	0	0	0	0	4	0	0	0	24	28	0	16	27	15	20	4	0	0	0	6	0	0	0	0	0	8	0	6	0	0	0	1	0	18	0	0	0	20	0	11	7	10	0	63	67	20	66
167	160	21	6	13	153	14	0	0	21	6	13	13	0	10	0	48	6	13	43	146	9	0	0	14	0	0	5	0	0	0	28	0	0	16	21	6	13	1	0	18	0	0	0	0	0	13	0	10	0	48	6	13	43	139	8	0	0	9	0	0	4	0	0	0	14	0	0	16	14	0	0	1	0	0	0	0	0	0	0	5	0	0	0	28	0	0	16	21	6	13	0	0	8	0	0	0	0	0	1	0	18	0	0	0	0	0	13	0	10	0	48	6	13	43	132	8	0	0	8	0	0	4	0	0	0	12	0	0	16	9	0	0	1	0	0	0	0	0	0	0	4	0	0	0	14	0	0	16	14	0	0	0	0	0	0	0	0	0	0	1	0	0	0	0	0	0	0	5	0	0	0	28	0	0	16	21	6	13	1	0	0	0	5	0	0	0	0	0	8	0	0	0	0	0	1	0	18	0	0	0	0	0	13	0	10	0	48	6	13	43
187	179	27	19	5	171	14	4	0	27	19	5	9	12	10	0	62	39	15	10	163	11	0	0	14	4	0	4	0	0	0	31	4	0	0	27	19	5	1	0	10	0	0	0	5	0	9	12	10	0	62	39	15	10	155	11	0	0	11	0	0	4	0	0	0	22	0	0	0	14	4	0	1	0	0	0	0	0	0	0	4	0	0	0	31	4	0	0	27	19	5	0	0	0	0	0	0	0	0	1	0	10	0	0	0	5	0	9	12	10	0	62	39	15	10	147	11	0	0	11	0	0	4	0	0	0	22	0	0	0	11	0	0	1	0	0	0	0	0	0	0	4	0	0	0	22	0	0	0	14	4	0	0	0	0	0	0	0	0	0	1	0	0	0	0	0	0	0	4	0	0	0	31	4	0	0	27	19	5	2	0	0	0	7	0	0	0	0	0	0	0	0	0	0	0	1	0	10	0	0	0	5	0	9	12	10	0	62	39	15	10
225	214	43	34	20	203	21	26	5	43	34	20	9	8	24	25	87	41	20	18	192	21	26	0	21	26	5	9	8	10	0	48	34	5	0	43	34	20	1	0	0	0	1	0	0	10	9	8	24	25	87	41	20	18	181	21	26	0	21	26	0	9	8	0	0	48	34	0	0	21	26	5	1	0	0	0	1	0	0	0	9	8	10	0	48	34	5	0	43	34	20	3	0	0	0	3	0	0	0	1	0	0	0	1	0	0	10	9	8	24	25	87	41	20	18	170	19	25	0	21	26	0	9	8	0	0	48	34	0	0	21	26	0	1	0	0	0	1	0	0	0	9	8	0	0	48	34	0	0	21	26	5	0	0	0	0	0	0	0	0	1	0	0	0	1	0	0	0	9	8	10	0	48	34	5	0	42	34	20	7	9	0	0	9	17	0	0	3	0	0	0	3	0	0	0	1	0	0	0	1	0	0	10	9	8	24	25	86	41	20	18
271	259	64	35	21	247	36	0	5	64	35	21	20	0	31	25	144	98	105	25	235	36	0	0	36	0	5	20	0	10	0	84	0	25	0	64	35	21	1	0	0	0	0	0	0	10	20	0	31	25	144	98	105	25	223	36	0	0	36	0	0	20	0	0	0	84	0	0	0	36	0	5	1	0	0	0	0	0	0	0	20	0	10	0	84	0	25	0	64	35	21	10	0	0	0	12	0	0	0	1	0	0	0	0	0	0	10	20	0	31	25	144	98	105	25	211	34	0	0	36	0	0	20	0	0	0	84	0	0	0	36	0	0	1	0	0	0	0	0	0	0	20	0	0	0	84	0	0	0	36	0	5	0	0	0	0	0	0	0	0	1	0	0	0	0	0	0	0	20	0	10	0	84	0	25	0	61	35	21	21	0	0	0	8	14	0	0	10	0	0	0	12	0	0	0	1	0	0	0	0	0	0	10	20	0	31	25	141	98	105	25
170	162	38	17	4	154	20	7	0	38	17	4	8	0	4	0	79	22	8	5	146	20	7	0	20	7	0	8	0	0	0	44	7	0	0	38	17	4	0	0	0	0	0	0	0	0	8	0	4	0	79	22	8	5	138	20	7	0	20	7	0	8	0	0	0	44	7	0	0	20	7	0	0	0	0	0	0	0	0	0	8	0	0	0	44	7	0	0	38	17	4	0	0	0	0	1	0	0	0	0	0	0	0	0	0	0	0	8	0	4	0	79	22	8	5	130	20	7	0	20	7	0	8	0	0	0	44	7	0	0	20	7	0	0	0	0	0	0	0	0	0	8	0	0	0	44	7	0	0	20	7	0	0	0	0	0	0	0	0	0	0	0	0	0	0	0	0	0	8	0	0	0	44	7	0	0	36	17	4	2	0	0	0	7	0	0	0	0	0	0	0	1	0	0	0	0	0	0	0	0	0	0	0	8	0	4	0	77	22	8	5
219	206	55	63	0	193	23	47	0	55	63	0	7	28	0	0	112	150	0	0	180	23	47	0	23	47	0	7	28	0	0	50	120	0	0	55	63	0	1	0	0	0	0	0	0	0	7	28	0	0	112	150	0	0	167	23	47	0	23	47	0	7	28	0	0	50	120	0	0	23	47	0	1	0	0	0	0	0	0	0	7	28	0	0	50	120	0	0	55	63	0	0	0	0	0	5	0	0	0	1	0	0	0	0	0	0	0	7	28	0	0	112	150	0	0	154	23	47	0	23	47	0	7	28	0	0	50	120	0	0	23	47	0	1	0	0	0	0	0	0	0	7	28	0	0	50	120	0	0	23	47	0	0	0	0	0	0	0	0	0	1	0	0	0	0	0	0	0	7	28	0	0	50	120	0	0	48	63	0	7	0	0	0	14	0	0	0	0	0	0	0	5	0	0	0	1	0	0	0	0	0	0	0	7	28	0	0	100	150	0	0
206	195	49	42	0	184	24	26	0	49	42	0	10	0	0	0	101	78	0	0	173	24	26	0	24	26	0	10	0	0	0	53	42	0	0	49	42	0	1	0	0	0	1	0	0	0	10	0	0	0	101	78	0	0	162	24	26	0	24	26	0	10	0	0	0	53	42	0	0	24	26	0	1	0	0	0	0	0	0	0	10	0	0	0	53	42	0	0	48	42	0	0	0	0	0	8	0	0	0	1	0	0	0	0	0	0	0	10	0	0	0	99	78	0	0	152	24	26	0	24	26	0	10	0	0	0	53	42	0	0	24	26	0	1	0	0	0	0	0	0	0	10	0	0	0	53	42	0	0	24	26	0	0	0	0	0	0	0	0	0	1	0	0	0	0	0	0	0	10	0	0	0	53	42	0	0	45	32	0	9	0	0	0	10	0	0	0	0	0	0	0	8	0	0	0	1	0	0	0	0	0	0	0	10	0	0	0	96	68	0	0
365	348	75	64	77	331	47	16	63	75	64	77	33	0	60	27	188	168	308	21	314	45	16	44	47	16	63	29	0	60	10	118	48	252	5	75	64	77	23	0	26	83	12	0	0	20	33	0	60	27	188	168	308	21	297	39	16	11	45	16	44	29	0	54	0	112	48	176	0	47	16	63	2	0	26	0	3	0	0	0	29	0	60	10	118	48	252	5	75	64	77	13	0	0	22	14	72	0	137	23	0	26	83	12	0	0	20	33	0	60	27	188	168	308	21	280	36	12	0	39	16	11	26	0	22	0	92	48	44	0	45	16	44	2	0	26	0	1	0	0	0	29	0	54	0	112	48	176	0	47	16	63	0	0	0	0	2	0	0	26	2	0	26	0	3	0	0	0	29	0	60	10	118	48	252	5	71	64	77	18	48	0	0	14	12	0	69	13	0	0	22	14	72	0	137	23	0	26	83	12	0	0	20	33	0	60	27	184	168	308	21
366	346	99	159	18	326	45	119	11	99	159	18	18	130	22	0	245	477	90	21	306	45	119	10	45	119	11	18	130	22	0	115	363	55	5	99	159	18	24	0	0	10	19	0	0	0	18	130	22	0	245	477	90	21	286	39	109	0	45	119	10	18	130	20	0	115	363	50	0	45	119	11	3	0	0	0	2	0	0	0	18	130	22	0	115	363	55	5	98	159	18	5	60	0	0	19	36	0	60	24	0	0	10	19	0	0	0	18	130	22	0	241	477	90	21	266	37	82	0	39	109	0	15	100	0	0	95	318	0	0	45	119	10	3	0	0	0	2	0	0	0	18	130	20	0	115	363	50	0	44	119	11	1	0	0	0	7	0	0	10	3	0	0	0	2	0	0	0	18	130	22	0	111	363	55	5	90	159	18	24	90	0	0	20	19	36	0	5	60	0	0	19	36	0	60	24	0	0	10	19	0	0	0	15	130	22	0	226	477	90	21
318	302	63	64	46	286	38	52	14	63	64	46	21	12	0	32	138	156	46	45	270	38	52	5	38	52	14	21	12	0	10	87	142	14	10	63	64	46	1	0	0	25	2	0	0	5	21	12	0	32	138	156	46	45	254	38	52	0	38	52	5	21	12	0	0	87	142	5	0	38	52	14	1	0	0	0	1	0	0	0	21	12	0	10	87	142	14	10	63	64	46	13	0	0	0	17	0	0	10	1	0	0	25	2	0	0	5	21	12	0	32	138	156	46	45	238	35	51	0	38	52	0	21	12	0	0	87	142	0	0	38	52	5	1	0	0	0	1	0	0	0	21	12	0	0	87	142	5	0	38	52	14	0	0	0	0	0	0	0	0	1	0	0	0	1	0	0	0	21	12	0	10	87	142	14	10	59	64	46	26	11	0	0	17	13	0	0	13	0	0	0	17	0	0	10	1	0	0	25	2	0	0	5	21	12	0	32	134	156	46	45
254	240	57	61	20	226	33	43	0	57	61	20	17	20	0	0	133	119	40	25	212	33	43	0	33	43	0	17	20	0	0	79	93	0	5	57	61	20	1	0	0	0	3	0	0	0	17	20	0	0	133	119	40	25	198	33	43	0	33	43	0	17	20	0	0	79	93	0	0	33	43	0	1	0	0	0	0	0	0	0	17	20	0	0	79	93	0	5	56	61	20	10	0	0	0	15	0	0	0	1	0	0	0	2	0	0	0	17	20	0	0	131	119	40	25	185	31	43	0	33	43	0	17	20	0	0	79	93	0	0	33	43	0	1	0	0	0	0	0	0	0	17	20	0	0	79	93	0	0	33	43	0	0	0	0	0	0	0	0	0	1	0	0	0	0	0	0	0	17	20	0	0	79	93	0	5	51	48	20	23	0	0	0	9	0	0	0	10	0	0	0	15	0	0	0	1	0	0	0	2	0	0	0	17	20	0	0	126	106	40	25
210	199	47	33	15	188	30	19	0	47	33	15	17	0	0	0	114	40	30	21	177	30	19	0	30	19	0	17	0	0	0	74	19	0	5	47	33	15	0	0	0	0	3	0	0	0	17	0	0	0	114	40	30	21	166	30	19	0	30	19	0	17	0	0	0	74	19	0	0	30	19	0	0	0	0	0	0	0	0	0	17	0	0	0	74	19	0	5	46	33	15	10	0	0	0	12	0	0	0	0	0	0	0	2	0	0	0	17	0	0	0	112	40	30	21	156	28	19	0	30	19	0	17	0	0	0	74	19	0	0	30	19	0	0	0	0	0	0	0	0	0	17	0	0	0	74	19	0	0	30	19	0	0	0	0	0	0	0	0	0	0	0	0	0	0	0	0	0	17	0	0	0	74	19	0	5	42	23	15	20	0	0	0	4	0	0	0	10	0	0	0	12	0	0	0	0	0	0	0	2	0	0	0	17	0	0	0	108	30	30	21
313	298	62	26	94	283	40	0	57	62	26	94	29	0	41	47	162	78	188	130	268	38	0	57	40	0	57	21	0	39	47	106	0	114	74	61	26	94	21	0	0	0	11	26	0	0	29	0	41	47	162	78	188	130	253	30	0	52	38	0	57	21	0	39	41	101	0	114	54	39	0	57	0	0	0	0	0	0	0	0	21	0	39	47	106	0	114	74	60	26	94	3	0	12	42	5	0	0	0	21	0	0	0	11	26	0	0	29	0	41	47	158	78	188	130	238	24	0	30	30	0	52	12	0	39	11	72	0	104	11	37	0	57	0	0	0	0	0	0	0	0	21	0	39	41	101	0	114	54	38	0	57	0	0	0	0	5	0	0	0	0	0	0	0	0	0	0	0	21	0	39	47	102	0	114	74	54	26	94	0	0	43	41	3	0	0	93	3	0	12	42	5	0	0	0	21	0	0	0	11	26	0	0	26	0	41	47	145	78	188	130
341	324	91	85	67	307	53	52	46	91	85	67	49	39	50	35	241	268	201	95	290	48	43	46	53	52	46	36	39	48	35	143	169	138	74	88	85	67	22	90	24	0	16	30	0	0	49	39	50	35	241	268	201	95	273	38	10	45	48	43	46	32	30	48	33	128	139	138	54	50	52	46	5	0	24	0	1	0	0	0	36	39	48	35	143	169	138	74	86	85	67	4	30	66	10	8	0	201	0	22	90	24	0	16	30	0	0	47	39	50	35	233	268	201	95	256	30	0	30	38	10	45	18	0	48	11	88	30	135	11	45	43	46	3	0	24	0	1	0	0	0	32	30	48	33	128	139	138	54	48	52	46	1	0	54	0	8	0	138	0	5	0	24	0	1	0	0	0	34	39	48	35	135	169	138	74	82	85	67	7	0	75	43	10	0	67	60	4	30	66	10	8	0	201	0	22	90	24	0	16	30	0	0	44	39	50	35	222	268	201	95
223	211	57	30	44	199	39	21	0	57	30	44	22	0	0	0	153	39	44	176	187	39	21	0	39	21	0	22	0	0	0	108	21	0	88	57	30	44	21	0	0	0	12	0	0	0	22	0	0	0	153	39	44	176	175	31	21	0	39	21	0	22	0	0	0	108	21	0	59	39	21	0	0	0	0	0	0	0	0	0	22	0	0	0	108	21	0	88	55	30	44	3	0	12	0	5	0	0	0	21	0	0	0	11	0	0	0	22	0	0	0	147	39	44	176	164	25	21	0	31	21	0	13	0	0	0	79	21	0	11	39	21	0	0	0	0	0	0	0	0	0	22	0	0	0	108	21	0	59	38	21	0	0	0	0	0	5	0	0	0	0	0	0	0	0	0	0	0	22	0	0	0	104	21	0	88	49	19	44	0	0	41	0	4	0	0	0	3	0	12	0	5	0	0	0	21	0	0	0	11	0	0	0	19	0	0	0	134	28	44	176
299	282	92	109	18	265	50	82	0	92	109	18	42	39	0	0	220	299	72	95	248	47	70	0	50	82	0	31	39	0	0	123	230	0	74	86	109	18	23	72	0	0	19	18	0	0	42	39	0	0	220	299	72	95	231	40	52	0	47	70	0	31	39	0	0	117	190	0	54	44	82	0	4	0	0	0	2	0	0	0	31	39	0	0	123	230	0	74	81	109	18	8	0	12	0	7	26	54	0	23	72	0	0	19	18	0	0	35	39	0	0	202	299	72	95	214	35	52	0	40	52	0	22	39	0	0	91	130	0	11	41	70	0	4	0	0	0	2	0	0	0	31	39	0	0	117	190	0	54	39	82	0	5	0	0	0	7	26	0	0	4	0	0	0	2	0	0	0	24	39	0	0	105	230	0	74	73	109	18	8	0	30	0	10	0	0	0	8	0	12	0	7	26	54	0	19	72	0	0	19	18	0	0	28	39	0	0	180	299	72	95
250	233	99	110	6	216	54	82	0	99	110	6	51	39	0	0	239	334	30	18	199	51	82	0	54	82	0	40	39	0	0	137	252	0	11	87	110	6	42	0	0	0	23	15	0	0	51	39	0	0	238	334	30	18	183	40	82	0	51	82	0	40	39	0	0	131	252	0	10	46	82	0	10	0	0	0	4	0	0	0	40	39	0	0	137	252	0	11	73	94	6	11	0	12	0	5	30	0	0	42	0	0	0	17	15	0	0	44	39	0	0	191	270	30	18	170	34	82	0	40	82	0	29	39	0	0	90	252	0	0	43	82	0	10	0	0	0	4	0	0	0	40	39	0	0	131	252	0	10	42	69	0	6	0	0	0	5	30	0	0	10	0	0	0	4	0	0	0	33	39	0	0	123	200	0	11	66	55	6	4	0	18	0	5	20	0	0	11	0	12	0	5	30	0	0	38	0	0	0	17	15	0	0	40	0	0	0	173	140	30	18
278	264	56	24	82	250	41	0	36	56	24	82	31	0	9	41	120	24	164	229	236	32	0	35	41	0	36	20	0	9	39	88	0	72	103	46	24	82	2	0	48	13	1	0	0	0	31	0	9	41	120	24	164	229	222	31	0	35	32	0	35	17	0	9	39	62	0	70	103	31	0	36	2	0	0	13	1	0	0	0	20	0	9	39	88	0	72	103	42	24	82	0	0	10	0	7	0	0	0	2	0	48	13	1	0	0	0	25	0	9	41	106	24	164	229	208	31	0	35	31	0	35	17	0	9	39	59	0	70	97	22	0	35	2	0	0	13	1	0	0	0	17	0	9	39	62	0	70	103	27	0	36	0	0	0	0	7	0	0	0	2	0	0	13	1	0	0	0	14	0	9	39	74	0	72	103	37	24	82	0	0	0	0	2	0	0	0	0	0	10	0	7	0	0	0	0	0	48	13	1	0	0	0	20	0	9	41	91	24	164	229
434	411	82	126	144	388	53	54	106	82	126	144	39	128	48	50	197	260	576	185	366	40	22	105	53	54	106	32	0	46	48	125	80	424	103	72	104	144	8	0	117	13	2	0	288	0	39	128	48	50	197	260	576	185	344	35	22	105	40	22	105	20	0	46	48	79	0	420	103	43	32	106	6	0	64	13	2	0	212	0	32	0	46	48	125	80	424	103	68	104	144	0	0	55	0	7	0	0	0	8	0	117	13	2	0	288	0	33	128	48	50	183	260	576	185	322	33	22	105	35	22	105	17	0	46	48	67	0	420	97	30	0	105	2	0	64	13	2	0	210	0	20	0	46	48	79	0	420	103	39	32	106	0	0	42	0	7	0	0	0	6	0	64	13	2	0	212	0	26	0	46	48	111	80	424	103	64	104	144	0	0	21	0	4	0	0	0	0	0	55	0	7	0	0	0	6	0	117	13	2	0	288	0	28	128	48	50	169	260	576	185
201	189	45	41	28	177	26	20	23	45	41	28	25	0	9	0	96	49	84	6	167	23	20	23	26	20	23	14	0	9	0	53	0	69	0	37	21	28	2	0	0	0	1	0	0	0	25	0	9	0	96	49	84	6	157	23	20	23	23	20	23	14	0	9	0	47	0	69	0	18	0	23	2	0	0	0	1	0	0	0	14	0	9	0	53	0	69	0	33	21	28	0	0	0	0	5	0	0	0	2	0	0	0	1	0	0	0	19	0	9	0	82	49	84	6	147	23	20	23	23	20	23	14	0	9	0	47	0	69	0	15	0	23	2	0	0	0	1	0	0	0	14	0	9	0	47	0	69	0	14	0	23	0	0	0	0	5	0	0	0	2	0	0	0	1	0	0	0	8	0	9	0	39	0	69	0	29	21	28	0	0	0	0	2	0	0	0	0	0	0	0	5	0	0	0	0	0	0	0	1	0	0	0	14	0	9	0	68	49	84	6
259	241	81	125	21	223	48	96	0	81	125	21	31	84	0	0	157	244	63	91	207	39	89	0	48	96	0	20	63	0	0	100	199	0	46	63	93	21	14	0	48	0	7	12	21	0	31	84	0	0	156	244	63	91	192	36	89	0	39	89	0	17	63	0	0	73	192	0	46	34	66	0	4	0	0	0	2	11	0	0	20	63	0	0	100	199	0	46	58	78	21	4	0	10	0	7	22	0	0	14	0	48	0	7	12	21	0	24	54	0	0	138	184	63	91	177	36	89	0	36	89	0	17	63	0	0	63	192	0	45	25	59	0	4	0	0	0	2	11	0	0	17	63	0	0	73	192	0	46	29	51	0	4	0	0	0	7	22	0	0	4	0	0	0	2	11	0	0	13	33	0	0	82	139	0	46	52	78	21	3	0	0	0	9	0	0	0	4	0	10	0	7	22	0	0	10	0	48	0	7	12	21	0	17	54	0	0	118	184	63	91
172	159	54	60	11	146	30	42	0	54	60	11	22	52	0	0	104	98	22	24	135	24	40	0	30	42	0	11	48	0	0	63	80	0	0	40	38	11	0	16	18	0	3	0	0	0	22	52	0	0	103	98	22	24	126	24	40	0	24	40	0	11	48	0	0	47	80	0	0	22	24	0	0	16	0	0	1	0	0	0	11	48	0	0	63	80	0	0	34	20	11	0	0	0	0	7	0	0	0	0	16	18	0	1	0	0	0	20	16	0	0	82	44	22	24	118	24	40	0	24	40	0	11	48	0	0	47	80	0	0	16	24	0	0	16	0	0	1	0	0	0	11	48	0	0	47	80	0	0	20	8	0	0	0	0	0	7	0	0	0	0	16	0	0	1	0	0	0	9	16	0	0	55	32	0	0	31	12	11	0	0	0	0	2	0	0	0	0	0	0	0	7	0	0	0	0	0	18	0	1	0	0	0	17	0	0	0	72	12	22	24
299	283	47	55	93	267	17	0	65	47	55	93	3	0	68	53	99	176	465	172	251	16	0	64	17	0	65	1	0	34	52	21	0	325	129	42	55	93	0	0	14	12	1	0	0	0	3	0	68	53	99	176	465	172	235	16	0	64	16	0	64	1	0	32	52	19	0	320	128	12	0	65	0	0	13	12	1	0	0	0	1	0	34	52	21	0	325	129	42	55	93	1	0	0	0	1	0	0	0	0	0	14	12	1	0	0	0	3	0	68	53	99	176	465	172	219	16	0	64	16	0	64	1	0	32	52	19	0	320	128	11	0	64	0	0	12	12	1	0	0	0	1	0	32	52	19	0	320	128	12	0	65	1	0	0	0	1	0	0	0	0	0	13	12	1	0	0	0	1	0	34	52	21	0	325	129	42	55	93	11	0	0	0	8	0	0	0	1	0	0	0	1	0	0	0	0	0	14	12	1	0	0	0	3	0	68	53	99	176	465	172
167	158	36	20	14	149	13	0	13	36	20	14	2	0	28	13	75	55	56	0	140	12	0	12	13	0	13	0	0	26	12	16	0	52	0	32	20	14	0	0	14	12	1	0	0	0	2	0	28	13	75	55	56	0	131	12	0	12	12	0	12	0	0	24	12	14	0	48	0	9	0	13	0	0	13	12	1	0	0	0	0	0	26	12	16	0	52	0	32	20	14	0	0	0	0	0	0	0	0	0	0	14	12	1	0	0	0	2	0	28	13	75	55	56	0	122	12	0	12	12	0	12	0	0	24	12	14	0	48	0	8	0	12	0	0	12	12	1	0	0	0	0	0	24	12	14	0	48	0	9	0	13	0	0	0	0	0	0	0	0	0	0	13	12	1	0	0	0	0	0	26	12	16	0	52	0	32	20	14	5	0	0	0	6	0	0	0	0	0	0	0	0	0	0	0	0	0	14	12	1	0	0	0	2	0	28	13	75	55	56	0
156	146	32	16	48	136	20	16	0	32	16	48	11	0	39	0	60	0	0	286	128	20	16	0	20	16	0	11	0	0	0	33	0	0	165	23	0	48	2	0	0	0	2	0	0	0	11	0	39	0	60	0	0	286	120	20	16	0	20	16	0	11	0	0	0	33	0	0	163	11	0	0	2	0	0	0	2	0	0	0	11	0	0	0	33	0	0	165	20	0	48	0	0	0	0	2	0	0	0	2	0	0	0	2	0	0	0	5	0	39	0	50	0	0	286	112	20	16	0	20	16	0	11	0	0	0	33	0	0	163	11	0	0	2	0	0	0	2	0	0	0	11	0	0	0	33	0	0	163	8	0	0	0	0	0	0	2	0	0	0	2	0	0	0	2	0	0	0	5	0	0	0	23	0	0	165	19	0	48	0	0	0	0	0	0	0	0	0	0	0	0	2	0	0	0	0	0	0	0	2	0	0	0	3	0	39	0	46	0	0	286
209	197	44	29	48	185	26	11	0	44	29	48	11	0	39	0	84	27	96	286	174	26	11	0	26	11	0	11	0	0	0	40	0	0	165	34	18	48	2	0	0	0	2	0	0	0	11	0	39	0	84	27	96	286	163	26	11	0	26	11	0	11	0	0	0	40	0	0	163	16	0	0	2	0	0	0	2	0	0	0	11	0	0	0	40	0	0	165	31	18	48	0	0	0	0	2	0	0	0	2	0	0	0	2	0	0	0	5	0	39	0	74	27	96	286	152	26	11	0	26	11	0	11	0	0	0	40	0	0	163	16	0	0	2	0	0	0	2	0	0	0	11	0	0	0	40	0	0	163	13	0	0	0	0	0	0	2	0	0	0	2	0	0	0	2	0	0	0	5	0	0	0	30	0	0	165	30	18	48	5	0	0	0	4	0	0	0	0	0	0	0	2	0	0	0	0	0	0	0	2	0	0	0	3	0	39	0	70	27	96	286
197	184	50	57	23	171	22	39	0	50	57	23	10	0	39	0	92	105	69	165	159	21	39	0	22	39	0	7	0	0	0	29	63	0	106	40	45	23	0	0	0	0	1	9	0	0	10	0	39	0	92	105	69	165	147	21	39	0	21	39	0	7	0	0	0	27	63	0	105	12	27	0	0	0	0	0	1	9	0	0	7	0	0	0	29	63	0	106	38	45	23	0	0	0	0	3	0	0	0	0	0	0	0	1	9	0	0	6	0	39	0	84	105	69	165	135	21	39	0	21	39	0	7	0	0	0	27	63	0	105	11	27	0	0	0	0	0	1	9	0	0	7	0	0	0	27	63	0	105	10	27	0	0	0	0	0	3	0	0	0	0	0	0	0	1	9	0	0	3	0	0	0	21	63	0	106	38	45	23	6	0	0	0	8	0	0	0	0	0	0	0	3	0	0	0	0	0	0	0	1	9	0	0	6	0	39	0	84	105	69	165
266	251	42	44	70	236	15	0	45	42	44	70	4	0	51	36	86	121	280	130	221	13	0	42	15	0	45	1	0	49	34	22	0	180	78	41	44	70	0	0	23	34	3	0	0	0	4	0	51	36	86	121	280	130	206	13	0	40	13	0	42	1	0	45	32	20	0	168	76	14	0	45	0	0	23	32	1	0	0	0	1	0	49	34	22	0	180	78	41	44	70	2	0	0	22	2	0	0	0	0	0	23	34	3	0	0	0	4	0	51	36	86	121	280	130	191	12	0	40	13	0	40	1	0	42	32	20	0	160	76	12	0	42	0	0	21	32	1	0	0	0	1	0	45	32	20	0	168	76	14	0	45	1	0	0	22	2	0	0	0	0	0	23	32	1	0	0	0	1	0	49	34	22	0	180	78	41	44	70	11	0	0	0	15	11	0	0	2	0	0	22	2	0	0	0	0	0	23	34	3	0	0	0	4	0	51	36	86	121	280	130
284	268	52	48	98	252	23	0	76	52	48	98	13	0	86	92	120	120	392	107	236	22	0	51	23	0	76	11	0	84	26	48	0	304	78	51	48	98	2	0	12	78	4	0	0	144	13	0	86	92	120	120	392	107	220	22	0	28	22	0	51	11	0	78	24	47	0	204	76	22	0	76	2	0	12	22	2	0	0	106	11	0	84	26	48	0	304	78	51	48	98	2	0	0	52	4	0	0	85	2	0	12	78	4	0	0	144	13	0	86	92	120	120	392	107	204	21	0	22	22	0	28	11	0	50	24	47	0	112	76	21	0	51	2	0	11	22	2	0	0	105	11	0	78	24	47	0	204	76	22	0	76	1	0	0	22	4	0	0	46	2	0	12	22	2	0	0	106	11	0	84	26	48	0	304	78	51	48	98	19	0	0	0	16	12	0	18	2	0	0	52	4	0	0	85	2	0	12	78	4	0	0	144	13	0	86	92	120	120	392	107
279	262	58	90	57	245	21	44	46	58	90	57	13	15	70	0	136	210	285	93	228	20	44	38	21	44	46	11	15	70	0	48	74	230	65	58	90	57	3	0	12	65	10	0	0	0	13	15	70	0	136	210	285	93	211	19	43	16	20	44	38	11	15	65	0	47	74	190	64	21	44	46	2	0	12	10	2	0	0	0	11	15	70	0	48	74	230	65	58	90	57	2	14	0	40	3	14	0	85	3	0	12	65	10	0	0	0	13	15	70	0	136	210	285	93	194	17	37	10	19	43	16	10	14	38	0	44	71	80	64	20	44	38	2	0	11	10	2	0	0	0	11	15	65	0	47	74	190	64	21	44	46	0	14	0	10	3	14	0	46	2	0	12	10	2	0	0	0	11	15	70	0	48	74	230	65	58	90	57	13	59	0	0	18	23	0	18	2	14	0	40	3	14	0	85	3	0	12	65	10	0	0	0	13	15	70	0	136	210	285	93
242	228	43	25	84	214	25	13	46	43	25	84	9	0	13	85	90	25	84	178	200	25	13	16	25	13	46	9	0	13	0	45	13	46	78	38	25	84	0	0	0	54	2	0	0	165	9	0	13	85	90	25	84	178	186	25	13	0	25	13	16	9	0	10	0	45	13	16	76	20	13	46	0	0	0	0	2	0	0	106	9	0	13	0	45	13	46	78	37	25	84	2	0	0	0	6	0	0	85	0	0	0	54	2	0	0	165	7	0	13	85	86	25	84	178	172	24	13	0	25	13	0	9	0	0	0	45	13	0	76	20	13	16	0	0	0	0	2	0	0	105	9	0	10	0	45	13	16	76	19	13	46	1	0	0	0	6	0	0	46	0	0	0	0	2	0	0	106	7	0	13	0	41	13	46	78	37	25	84	11	0	0	0	8	12	0	0	2	0	0	0	6	0	0	85	0	0	0	54	2	0	0	165	7	0	13	85	86	25	84	178
218	204	37	59	31	190	14	43	0	37	59	31	1	0	0	0	70	90	62	178	176	14	43	0	14	43	0	1	0	0	0	19	66	0	78	33	59	31	0	0	0	0	1	0	0	0	1	0	0	0	70	90	62	178	162	14	43	0	14	43	0	1	0	0	0	19	66	0	76	10	43	0	0	0	0	0	1	0	0	0	1	0	0	0	19	66	0	78	33	59	31	2	0	0	0	2	0	0	0	0	0	0	0	1	0	0	0	1	0	0	0	70	90	62	178	148	11	38	0	14	43	0	1	0	0	0	19	66	0	76	10	43	0	0	0	0	0	1	0	0	0	1	0	0	0	19	66	0	76	10	43	0	1	0	0	0	2	0	0	0	0	0	0	0	1	0	0	0	1	0	0	0	19	66	0	78	33	59	31	6	46	0	0	7	28	0	0	2	0	0	0	2	0	0	0	0	0	0	0	1	0	0	0	1	0	0	0	70	90	62	178
236	222	35	24	95	208	15	0	49	35	24	95	6	0	37	79	70	48	190	256	194	15	0	47	15	0	49	6	0	33	75	34	0	98	167	35	24	95	2	0	0	28	6	0	0	0	6	0	37	79	70	48	190	256	180	15	0	44	15	0	47	6	0	33	69	34	0	94	131	15	0	49	2	0	0	26	3	0	0	0	6	0	33	75	34	0	98	167	35	24	95	5	0	0	34	4	0	0	0	2	0	0	28	6	0	0	0	6	0	37	79	70	48	190	256	166	11	0	42	15	0	44	6	0	31	64	34	0	88	84	15	0	47	2	0	0	24	3	0	0	0	6	0	33	69	34	0	94	131	15	0	49	1	0	0	32	2	0	0	0	2	0	0	26	3	0	0	0	6	0	33	75	34	0	98	167	35	24	95	18	0	17	22	16	12	0	0	5	0	0	34	4	0	0	0	2	0	0	28	6	0	0	0	6	0	37	79	70	48	190	256
303	285	49	45	144	267	22	0	104	49	45	144	19	0	85	97	100	120	432	225	249	19	0	104	22	0	104	10	0	82	97	52	0	312	167	49	45	144	4	0	25	0	10	15	0	0	19	0	85	97	100	120	432	225	231	19	0	100	19	0	104	10	0	82	85	50	0	312	131	22	0	104	4	0	25	0	7	0	0	0	10	0	82	97	52	0	312	167	49	45	144	13	0	0	41	10	0	0	0	4	0	25	0	10	15	0	0	19	0	85	97	100	120	432	225	213	14	0	77	19	0	100	10	0	81	42	50	0	300	84	19	0	104	2	0	25	0	5	0	0	0	10	0	82	85	50	0	312	131	22	0	104	1	0	0	10	2	0	0	0	4	0	25	0	7	0	0	0	10	0	82	97	52	0	312	167	49	45	144	15	0	9	125	21	45	0	67	13	0	0	41	10	0	0	0	4	0	25	0	10	15	0	0	19	0	85	97	100	120	432	225
199	187	34	21	65	175	18	11	11	34	21	65	9	0	0	22	79	21	65	340	163	18	11	11	18	11	11	9	0	0	22	41	11	11	213	34	21	65	3	0	0	0	6	0	0	0	9	0	0	22	79	21	65	340	151	17	10	11	18	11	11	9	0	0	22	41	11	11	147	18	11	11	2	0	0	0	2	0	0	0	9	0	0	22	41	11	11	213	34	21	65	2	10	0	0	1	11	0	0	3	0	0	0	6	0	0	0	9	0	0	22	79	21	65	340	139	14	0	6	17	10	11	8	0	0	12	38	10	11	84	18	11	11	2	0	0	0	2	0	0	0	9	0	0	22	41	11	11	147	18	11	11	1	0	0	0	1	11	0	0	2	0	0	0	2	0	0	0	9	0	0	22	41	11	11	213	34	21	65	12	0	17	30	14	11	65	0	2	10	0	0	1	11	0	0	3	0	0	0	6	0	0	0	9	0	0	22	79	21	65	340
228	213	52	77	34	198	17	46	11	52	77	34	17	35	0	22	107	237	136	155	183	14	44	11	17	46	11	7	33	0	22	43	149	44	122	52	77	34	2	22	0	0	11	29	0	0	17	35	0	22	107	237	136	155	168	14	44	11	14	44	11	7	33	0	22	35	143	44	89	17	46	11	2	22	0	0	5	22	0	0	7	33	0	22	43	149	44	122	52	77	34	13	0	0	0	14	0	0	0	2	22	0	0	11	29	0	0	17	35	0	22	107	237	136	155	153	9	36	6	14	44	11	7	33	0	12	35	143	44	44	14	44	11	0	22	0	0	3	22	0	0	7	33	0	22	35	143	44	89	17	46	11	1	0	0	0	2	0	0	0	2	22	0	0	5	22	0	0	7	33	0	22	43	149	44	122	52	77	34	7	56	9	30	19	21	0	0	13	0	0	0	14	0	0	0	2	22	0	0	11	29	0	0	17	35	0	22	107	237	136	155
182	171	37	30	20	160	14	0	0	37	30	20	10	0	0	0	62	78	100	127	149	13	0	0	14	0	0	6	0	0	0	36	0	0	91	37	30	20	4	0	0	0	9	6	0	0	10	0	0	0	62	78	100	127	138	13	0	0	13	0	0	6	0	0	0	34	0	0	80	14	0	0	4	0	0	0	7	0	0	0	6	0	0	0	36	0	0	91	37	30	20	13	0	0	0	12	0	0	0	4	0	0	0	9	6	0	0	10	0	0	0	62	78	100	127	127	8	0	0	13	0	0	6	0	0	0	34	0	0	56	13	0	0	2	0	0	0	5	0	0	0	6	0	0	0	34	0	0	80	14	0	0	1	0	0	0	2	0	0	0	4	0	0	0	7	0	0	0	6	0	0	0	36	0	0	91	37	30	20	15	0	9	0	17	18	0	0	13	0	0	0	12	0	0	0	4	0	0	0	9	6	0	0	10	0	0	0	62	78	100	127
239	224	25	14	113	209	12	0	58	25	14	113	9	0	12	63	34	0	113	358	194	11	0	54	12	0	58	5	0	11	56	32	0	58	175	25	14	113	4	0	0	47	7	0	0	0	9	0	12	63	34	0	113	358	179	10	0	54	11	0	54	5	0	11	56	30	0	54	173	12	0	58	4	0	0	47	7	0	0	0	5	0	11	56	32	0	58	175	25	14	113	11	0	10	0	11	0	0	0	4	0	0	47	7	0	0	0	9	0	12	63	34	0	113	358	164	4	0	52	10	0	54	5	0	11	53	29	0	54	166	11	0	54	2	0	0	43	5	0	0	0	5	0	11	56	30	0	54	173	12	0	58	0	0	0	0	1	0	0	0	4	0	0	47	7	0	0	0	5	0	11	56	32	0	58	175	25	14	113	6	0	14	21	9	14	0	0	11	0	10	0	11	0	0	0	4	0	0	47	7	0	0	0	9	0	12	63	34	0	113	358
271	253	38	83	88	235	16	45	45	38	83	88	13	30	35	37	65	140	264	293	217	14	45	45	16	45	45	5	30	33	37	41	135	135	164	38	83	88	4	0	0	0	7	15	0	0	13	30	35	37	65	140	264	293	199	12	42	45	14	45	45	5	30	33	37	36	135	135	162	16	45	45	4	0	0	0	7	15	0	0	5	30	33	37	41	135	135	164	38	83	88	8	36	0	0	11	24	0	0	4	0	0	0	7	15	0	0	13	30	35	37	65	140	264	293	181	6	24	45	12	42	45	3	24	33	37	30	123	135	155	14	45	45	2	0	0	0	5	15	0	0	5	30	33	37	36	135	135	162	16	45	45	0	0	0	0	0	0	0	0	4	0	0	0	7	15	0	0	5	30	33	37	41	135	135	164	38	83	88	1	72	14	0	14	24	88	0	8	36	0	0	11	24	0	0	4	0	0	0	7	15	0	0	13	30	35	37	65	140	264	293
226	211	39	70	40	196	19	34	11	39	70	40	17	32	12	11	76	118	160	198	181	15	24	11	19	34	11	7	0	11	11	49	94	44	115	39	70	40	10	24	0	0	16	50	40	0	17	32	12	11	76	118	160	198	166	9	16	11	15	24	11	7	0	11	11	40	72	44	115	19	34	11	2	16	0	0	9	42	11	0	7	0	11	11	49	94	44	115	39	70	40	3	64	0	0	7	48	0	0	10	24	0	0	16	50	40	0	17	32	12	11	76	118	160	198	151	4	0	11	9	16	11	5	0	11	11	24	48	44	111	15	24	11	2	0	0	0	7	24	11	0	7	0	11	11	40	72	44	115	19	34	11	0	0	0	0	0	0	0	0	2	16	0	0	9	42	11	0	7	0	11	11	49	94	44	115	39	70	40	6	0	14	0	9	16	80	0	3	64	0	0	7	48	0	0	10	24	0	0	16	50	40	0	17	32	12	11	76	118	160	198
142	133	20	14	26	124	7	0	19	20	14	26	6	0	20	11	20	0	52	20	115	6	0	19	7	0	19	2	0	19	11	18	0	38	0	20	14	26	2	0	0	0	5	0	0	0	6	0	20	11	20	0	52	20	106	6	0	19	6	0	19	2	0	19	11	16	0	38	0	7	0	19	2	0	0	0	5	0	0	0	2	0	19	11	18	0	38	0	20	14	26	11	0	0	0	10	0	0	0	2	0	0	0	5	0	0	0	6	0	20	11	20	0	52	20	97	2	0	19	6	0	19	2	0	19	11	16	0	38	0	6	0	19	0	0	0	0	3	0	0	0	2	0	19	11	16	0	38	0	7	0	19	0	0	0	0	0	0	0	0	2	0	0	0	5	0	0	0	2	0	19	11	18	0	38	0	20	14	26	6	0	0	0	9	7	0	0	11	0	0	0	10	0	0	0	2	0	0	0	5	0	0	0	6	0	20	11	20	0	52	20
141	132	24	18	13	123	14	0	0	24	18	13	11	0	0	0	40	0	39	54	114	13	0	0	14	0	0	7	0	0	0	38	0	0	11	24	18	13	4	0	0	0	8	0	0	0	11	0	0	0	40	0	39	54	105	11	0	0	13	0	0	7	0	0	0	36	0	0	11	14	0	0	4	0	0	0	8	0	0	0	7	0	0	0	38	0	0	11	24	18	13	11	0	0	0	8	12	0	0	4	0	0	0	8	0	0	0	11	0	0	0	40	0	39	54	96	4	0	0	11	0	0	5	0	0	0	30	0	0	11	13	0	0	2	0	0	0	6	0	0	0	7	0	0	0	36	0	0	11	14	0	0	0	0	0	0	0	0	0	0	4	0	0	0	8	0	0	0	7	0	0	0	38	0	0	11	24	18	13	6	0	14	0	6	12	0	0	11	0	0	0	8	12	0	0	4	0	0	0	8	0	0	0	11	0	0	0	40	0	39	54
176	164	11	11	97	152	9	11	43	11	11	97	4	0	8	79	26	11	0	280	140	9	11	41	9	11	43	4	0	0	74	23	11	0	133	11	11	97	2	0	0	25	6	0	0	0	4	0	8	79	26	11	0	280	128	4	11	41	9	11	41	4	0	0	74	23	11	0	129	9	11	43	0	0	0	25	4	0	0	0	4	0	0	74	23	11	0	133	11	11	97	0	0	28	0	1	0	0	0	2	0	0	25	6	0	0	0	4	0	8	79	26	11	0	280	116	0	0	41	4	11	41	0	0	0	74	7	11	0	129	9	11	41	0	0	0	25	4	0	0	0	4	0	0	74	23	11	0	129	9	11	43	0	0	0	0	0	0	0	0	0	0	0	25	4	0	0	0	4	0	0	74	23	11	0	133	11	11	97	0	0	33	0	2	0	97	0	0	0	28	0	1	0	0	0	2	0	0	25	6	0	0	0	4	0	8	79	26	11	0	280
120	112	22	0	33	104	18	0	0	22	0	33	8	0	8	0	50	0	0	167	96	18	0	0	18	0	0	8	0	0	0	44	0	0	75	22	0	33	14	0	0	0	21	0	0	0	8	0	8	0	50	0	0	167	88	5	0	0	18	0	0	8	0	0	0	44	0	0	75	18	0	0	0	0	0	0	9	0	0	0	8	0	0	0	44	0	0	75	22	0	33	1	0	28	0	0	0	0	0	14	0	0	0	21	0	0	0	8	0	8	0	50	0	0	167	80	0	0	0	5	0	0	0	0	0	0	8	0	0	75	18	0	0	0	0	0	0	9	0	0	0	8	0	0	0	44	0	0	75	18	0	0	0	0	0	0	0	0	0	0	0	0	0	0	9	0	0	0	8	0	0	0	44	0	0	75	22	0	33	0	0	24	0	0	0	0	0	1	0	28	0	0	0	0	0	14	0	0	0	21	0	0	0	8	0	8	0	50	0	0	167
140	130	27	23	26	120	16	21	0	27	23	26	10	14	8	0	62	51	0	141	110	15	21	0	16	21	0	6	14	0	0	40	49	0	56	27	23	26	14	0	0	0	20	7	0	0	10	14	8	0	62	51	0	141	100	4	7	0	15	21	0	6	14	0	0	37	49	0	56	16	21	0	0	0	0	0	8	7	0	0	6	14	0	0	40	49	0	56	27	23	26	1	0	28	0	1	0	52	0	14	0	0	0	20	7	0	0	10	14	8	0	62	51	0	141	90	0	0	0	4	7	0	0	0	0	0	7	7	0	56	15	21	0	0	0	0	0	8	7	0	0	6	14	0	0	37	49	0	56	16	21	0	0	0	0	0	0	0	0	0	0	0	0	0	8	7	0	0	6	14	0	0	40	49	0	56	27	23	26	0	0	24	0	2	0	26	0	1	0	28	0	1	0	52	0	14	0	0	0	20	7	0	0	10	14	8	0	62	51	0	141
136	126	35	32	8	116	20	24	0	35	32	8	21	0	8	0	92	72	16	40	106	11	16	0	20	24	0	6	0	0	0	50	60	0	11	35	32	8	6	32	0	0	18	42	0	0	21	0	8	0	92	72	16	40	96	3	0	0	11	16	0	6	0	0	0	28	40	0	11	20	24	0	0	0	0	0	10	18	0	0	6	0	0	0	50	60	0	11	35	32	8	1	0	16	0	5	0	32	0	6	32	0	0	18	42	0	0	21	0	8	0	92	72	16	40	86	1	0	0	3	0	0	0	0	0	0	6	0	0	11	11	16	0	0	0	0	0	5	12	0	0	6	0	0	0	28	40	0	11	20	24	0	0	0	0	0	0	0	0	0	0	0	0	0	10	18	0	0	6	0	0	0	50	60	0	11	35	32	8	1	0	0	0	3	0	0	0	1	0	16	0	5	0	32	0	6	32	0	0	18	42	0	0	21	0	8	0	92	72	16	40
118	109	28	27	0	100	14	20	0	28	27	0	11	16	0	0	71	51	0	0	91	8	16	0	14	20	0	2	16	0	0	37	44	0	0	28	27	0	8	12	0	0	14	20	0	0	11	16	0	0	71	51	0	0	82	2	3	0	8	16	0	2	12	0	0	21	34	0	0	14	20	0	0	0	0	0	7	8	0	0	2	16	0	0	37	44	0	0	28	27	0	0	3	0	0	3	0	0	0	8	12	0	0	14	20	0	0	11	16	0	0	71	51	0	0	73	1	0	0	2	3	0	0	0	0	0	5	3	0	0	8	16	0	0	0	0	0	4	6	0	0	2	12	0	0	21	34	0	0	14	20	0	0	0	0	0	0	0	0	0	0	0	0	0	7	8	0	0	2	16	0	0	37	44	0	0	28	27	0	1	0	0	0	3	0	0	0	0	3	0	0	3	0	0	0	8	12	0	0	14	20	0	0	11	16	0	0	71	51	0	0
120	111	36	24	16	102	21	10	8	36	24	16	20	20	0	32	85	36	32	8	93	6	0	0	21	10	8	5	0	0	0	58	15	16	0	36	24	16	6	0	40	0	16	19	32	40	20	20	0	32	85	36	32	8	84	3	0	0	6	0	0	3	0	0	0	18	0	0	0	21	10	8	1	0	16	0	10	10	16	11	5	0	0	0	58	15	16	0	36	24	16	3	0	0	0	9	15	0	0	6	0	40	0	16	19	32	40	20	20	0	32	85	36	32	8	75	1	0	0	3	0	0	0	0	0	0	8	0	0	0	6	0	0	0	0	0	0	0	0	0	11	3	0	0	0	18	0	0	0	21	10	8	0	0	0	0	1	0	0	0	1	0	16	0	10	10	16	11	5	0	0	0	58	15	16	0	36	24	16	1	0	0	0	10	10	0	0	3	0	0	0	9	15	0	0	6	0	40	0	16	19	32	40	20	20	0	32	85	36	32	8
117	108	38	24	7	99	21	16	0	38	24	7	27	16	0	0	97	58	7	8	90	5	0	0	21	16	0	8	0	0	0	54	40	0	0	38	24	7	5	0	28	0	13	19	28	0	27	16	0	0	97	58	7	8	81	2	0	0	5	0	0	2	0	0	0	14	0	0	0	21	16	0	1	0	0	0	9	12	0	0	8	0	0	0	54	40	0	0	38	24	7	2	0	3	0	7	8	0	0	5	0	28	0	13	19	28	0	27	16	0	0	97	58	7	8	72	1	0	0	2	0	0	0	0	0	0	6	0	0	0	5	0	0	0	0	0	0	0	0	0	0	2	0	0	0	14	0	0	0	21	16	0	0	0	0	0	1	0	0	0	1	0	0	0	9	12	0	0	8	0	0	0	54	40	0	0	38	24	7	1	0	0	0	7	4	0	0	2	0	3	0	7	8	0	0	5	0	28	0	13	19	28	0	27	16	0	0	97	58	7	8
119	110	35	26	0	101	17	8	0	35	26	0	18	24	0	0	75	33	0	0	92	8	0	0	17	8	0	5	0	0	0	47	12	0	0	35	26	0	6	0	0	0	11	18	0	0	18	24	0	0	75	33	0	0	83	5	0	0	8	0	0	3	0	0	0	23	0	0	0	17	8	0	1	0	0	0	5	8	0	0	5	0	0	0	47	12	0	0	35	26	0	3	0	0	0	10	12	0	0	6	0	0	0	11	18	0	0	18	24	0	0	75	33	0	0	74	1	0	0	5	0	0	0	0	0	0	13	0	0	0	8	0	0	0	0	0	0	0	0	0	0	3	0	0	0	23	0	0	0	17	8	0	0	0	0	0	1	0	0	0	1	0	0	0	5	8	0	0	5	0	0	0	47	12	0	0	35	26	0	1	0	0	0	11	16	0	0	3	0	0	0	10	12	0	0	6	0	0	0	11	18	0	0	18	24	0	0	75	33	0	0
107	99	24	15	0	91	12	0	0	24	15	0	17	0	0	0	42	9	0	0	83	7	0	0	12	0	0	5	0	0	0	30	0	0	0	24	15	0	6	0	0	0	9	3	0	0	17	0	0	0	42	9	0	0	75	4	0	0	7	0	0	3	0	0	0	19	0	0	0	12	0	0	1	0	0	0	4	0	0	0	5	0	0	0	30	0	0	0	24	15	0	3	0	0	0	8	9	0	0	6	0	0	0	9	3	0	0	17	0	0	0	42	9	0	0	67	0	0	0	4	0	0	0	0	0	0	9	0	0	0	7	0	0	0	0	0	0	0	0	0	0	3	0	0	0	19	0	0	0	12	0	0	0	0	0	0	1	0	0	0	1	0	0	0	4	0	0	0	5	0	0	0	30	0	0	0	24	15	0	0	0	0	0	10	12	0	0	3	0	0	0	8	9	0	0	6	0	0	0	9	3	0	0	17	0	0	0	42	9	0	0
80	74	15	8	0	68	6	0	0	15	8	0	7	0	0	0	21	2	0	0	62	4	0	0	6	0	0	1	0	0	0	13	0	0	0	15	8	0	1	0	0	0	5	0	0	0	7	0	0	0	21	2	0	0	56	3	0	0	4	0	0	1	0	0	0	10	0	0	0	6	0	0	0	0	0	0	2	0	0	0	1	0	0	0	13	0	0	0	15	8	0	1	0	0	0	6	2	0	0	1	0	0	0	5	0	0	0	7	0	0	0	21	2	0	0	50	0	0	0	3	0	0	0	0	0	0	7	0	0	0	4	0	0	0	0	0	0	0	0	0	0	1	0	0	0	10	0	0	0	6	0	0	0	0	0	0	0	0	0	0	0	0	0	0	2	0	0	0	1	0	0	0	13	0	0	0	15	8	0	0	0	0	0	8	6	0	0	1	0	0	0	6	2	0	0	1	0	0	0	5	0	0	0	7	0	0	0	21	2	0	0
122	112	21	16	19	102	11	16	10	21	16	19	7	0	8	0	40	40	0	0	92	10	16	10	11	16	10	5	0	0	0	25	40	0	0	19	16	19	6	0	0	0	5	0	0	0	7	0	8	0	40	40	0	0	82	7	16	10	10	16	10	3	0	0	0	20	40	0	0	9	16	10	1	0	0	0	0	0	0	0	5	0	0	0	25	40	0	0	19	16	19	3	0	0	0	1	0	0	0	6	0	0	0	5	0	0	0	7	0	8	0	40	40	0	0	72	2	0	8	7	16	10	0	0	0	0	10	40	0	0	8	16	10	0	0	0	0	0	0	0	0	3	0	0	0	20	40	0	0	9	16	10	0	0	0	0	1	0	0	0	1	0	0	0	0	0	0	0	5	0	0	0	25	40	0	0	19	16	19	0	0	30	16	1	0	38	0	3	0	0	0	1	0	0	0	6	0	0	0	5	0	0	0	7	0	8	0	40	40	0	0
148	136	22	30	39	124	9	20	25	22	30	39	9	10	18	0	52	70	39	16	112	7	19	25	9	20	25	5	10	0	0	26	50	25	8	22	30	39	5	9	0	0	10	9	0	0	9	10	18	0	52	70	39	16	100	4	9	24	7	19	25	3	9	0	0	18	47	25	0	9	20	25	1	0	0	0	0	0	0	0	5	10	0	0	26	50	25	8	22	30	39	2	9	14	10	1	0	39	0	5	9	0	0	10	9	0	0	9	10	18	0	52	70	39	16	88	0	0	9	4	9	24	0	0	0	0	8	18	24	0	7	19	25	0	0	0	0	0	0	0	0	3	9	0	0	18	47	25	0	9	20	25	0	0	14	0	1	0	25	0	1	0	0	0	0	0	0	0	5	10	0	0	26	50	25	8	22	30	39	0	0	14	45	1	0	39	65	2	9	14	10	1	0	39	0	5	9	0	0	10	9	0	0	9	10	18	0	52	70	39	16
142	130	36	49	16	118	10	31	0	36	49	16	5	46	34	0	96	143	32	23	106	8	20	0	10	31	0	2	28	0	0	33	104	0	8	36	49	16	5	32	0	0	18	12	16	0	5	46	34	0	96	143	32	23	94	6	6	0	8	20	0	2	12	0	0	27	58	0	0	10	31	0	0	6	0	0	1	0	0	0	2	28	0	0	33	104	0	8	36	49	16	5	12	0	0	4	9	32	0	5	32	0	0	18	12	16	0	5	46	34	0	96	143	32	23	82	2	0	0	6	6	0	0	0	0	0	19	12	0	0	8	20	0	0	0	0	0	1	0	0	0	2	12	0	0	27	58	0	0	10	31	0	0	0	0	0	0	8	0	0	0	6	0	0	1	0	0	0	2	28	0	0	33	104	0	8	36	49	16	6	0	0	0	3	9	16	0	5	12	0	0	4	9	32	0	5	32	0	0	18	12	16	0	5	46	34	0	96	143	32	23
52	48	2	0	5	44	2	0	0	2	0	5	0	0	0	0	5	0	0	0	40	2	0	0	2	0	0	0	0	0	0	5	0	0	0	2	0	5	0	0	0	0	0	0	0	0	0	0	0	0	5	0	0	0	36	2	0	0	2	0	0	0	0	0	0	5	0	0	0	2	0	0	0	0	0	0	0	0	0	0	0	0	0	0	5	0	0	0	2	0	5	0	0	0	0	0	0	0	0	0	0	0	0	0	0	0	0	0	0	0	0	5	0	0	0	32	0	0	0	2	0	0	0	0	0	0	5	0	0	0	2	0	0	0	0	0	0	0	0	0	0	0	0	0	0	5	0	0	0	2	0	0	0	0	0	0	0	0	0	0	0	0	0	0	0	0	0	0	0	0	0	0	5	0	0	0	2	0	5	0	0	0	0	0	0	0	0	0	0	0	0	0	0	0	0	0	0	0	0	0	0	0	0	0	0	0	0	5	0	0	0
65	60	5	0	5	55	4	0	0	5	0	5	1	0	0	0	12	0	0	0	50	4	0	0	4	0	0	1	0	0	0	10	0	0	0	5	0	5	1	0	0	0	1	0	0	0	1	0	0	0	12	0	0	0	45	3	0	0	4	0	0	1	0	0	0	10	0	0	0	4	0	0	0	0	0	0	0	0	0	0	1	0	0	0	10	0	0	0	5	0	5	1	0	0	0	0	0	0	0	1	0	0	0	1	0	0	0	1	0	0	0	12	0	0	0	40	0	0	0	3	0	0	0	0	0	0	7	0	0	0	4	0	0	0	0	0	0	0	0	0	0	1	0	0	0	10	0	0	0	4	0	0	0	0	0	0	0	0	0	0	0	0	0	0	0	0	0	0	1	0	0	0	10	0	0	0	5	0	5	0	0	0	0	0	0	0	0	1	0	0	0	0	0	0	0	1	0	0	0	1	0	0	0	1	0	0	0	12	0	0	0
82	75	20	10	18	68	4	0	18	20	10	18	5	0	39	0	48	15	36	0	61	3	0	17	4	0	18	1	0	39	0	13	0	36	0	20	10	18	0	0	0	3	0	0	0	0	5	0	39	0	48	15	36	0	54	3	0	7	3	0	17	1	0	38	0	10	0	34	0	4	0	18	0	0	0	0	0	0	0	0	1	0	39	0	13	0	36	0	20	10	18	0	0	0	0	2	0	0	26	0	0	0	3	0	0	0	0	5	0	39	0	48	15	36	0	47	3	0	7	3	0	7	1	0	28	0	10	0	14	0	3	0	17	0	0	0	0	0	0	0	0	1	0	38	0	10	0	34	0	4	0	18	0	0	0	0	0	0	0	0	0	0	0	0	0	0	0	0	1	0	39	0	13	0	36	0	20	10	18	2	0	0	0	4	0	0	0	0	0	0	0	2	0	0	26	0	0	0	3	0	0	0	0	5	0	39	0	48	15	36	0
152	139	30	32	64	126	11	10	43	30	32	64	11	20	17	26	89	126	128	55	113	5	0	27	11	10	43	3	0	11	0	34	30	86	25	30	32	64	1	0	32	20	4	0	64	23	11	20	17	26	89	126	128	55	100	3	0	19	5	0	27	0	0	11	0	15	0	54	25	11	10	43	0	0	11	8	0	0	43	8	3	0	11	0	34	30	86	25	30	32	64	0	0	15	32	7	0	0	8	1	0	32	20	4	0	64	23	11	20	17	26	89	126	128	55	87	3	0	7	3	0	19	0	0	11	0	11	0	38	24	5	0	27	0	0	11	0	0	0	27	0	0	0	11	0	15	0	54	25	11	10	43	0	0	0	0	1	0	0	0	0	0	11	8	0	0	43	8	3	0	11	0	34	30	86	25	30	32	64	6	0	0	28	7	0	0	40	0	0	15	32	7	0	0	8	1	0	32	20	4	0	64	23	11	20	17	26	89	126	128	55
186	170	36	59	61	154	8	11	60	36	59	61	5	44	52	4	95	177	244	0	138	5	0	52	8	11	60	1	0	52	0	27	33	240	0	36	59	61	0	0	11	23	4	0	61	7	5	44	52	4	95	177	244	0	122	5	0	31	5	0	52	1	0	51	0	18	0	208	0	8	11	60	0	0	11	8	0	0	60	0	1	0	52	0	27	33	240	0	36	59	61	0	0	0	68	8	0	0	34	0	0	11	23	4	0	61	7	5	44	52	4	95	177	244	0	106	5	0	7	5	0	31	1	0	35	0	18	0	124	0	5	0	52	0	0	11	0	0	0	52	0	1	0	51	0	18	0	208	0	8	11	60	0	0	0	0	0	0	0	0	0	0	11	8	0	0	60	0	1	0	52	0	27	33	240	0	36	59	61	8	0	0	28	10	0	0	128	0	0	0	68	8	0	0	34	0	0	11	23	4	0	61	7	5	44	52	4	95	177	244	0
135	123	29	30	35	111	6	20	23	29	30	35	10	9	10	26	86	119	35	16	99	2	11	7	6	20	23	2	0	4	0	19	71	23	0	29	30	35	1	0	12	11	4	0	35	23	10	9	10	26	86	119	35	16	87	1	11	0	2	11	7	0	0	3	0	6	44	7	0	6	20	23	0	0	0	0	0	0	23	8	2	0	4	0	19	71	23	0	29	30	35	0	0	6	0	5	0	0	8	1	0	12	11	4	0	35	23	10	9	10	26	86	119	35	16	75	1	10	0	1	11	0	0	0	0	0	4	44	0	0	2	11	7	0	0	0	0	0	0	7	0	0	0	3	0	6	44	7	0	6	20	23	0	0	0	0	1	0	0	0	0	0	0	0	0	0	23	8	2	0	4	0	19	71	23	0	29	30	35	5	10	0	0	4	0	0	0	0	0	6	0	5	0	0	8	1	0	12	11	4	0	35	23	10	9	10	26	86	119	35	16
105	96	22	18	15	87	6	0	14	22	18	15	6	0	4	4	59	48	45	0	78	4	0	7	6	0	14	1	0	4	0	21	0	42	0	22	18	15	0	0	0	11	0	0	0	7	6	0	4	4	59	48	45	0	69	4	0	0	4	0	7	1	0	3	0	15	0	21	0	6	0	14	0	0	0	0	0	0	0	0	1	0	4	0	21	0	42	0	22	18	15	0	0	0	0	6	0	0	8	0	0	0	11	0	0	0	7	6	0	4	4	59	48	45	0	60	4	0	0	4	0	0	1	0	0	0	15	0	0	0	4	0	7	0	0	0	0	0	0	0	0	1	0	3	0	15	0	21	0	6	0	14	0	0	0	0	0	0	0	0	0	0	0	0	0	0	0	0	1	0	4	0	21	0	42	0	22	18	15	8	0	0	0	7	0	0	0	0	0	0	0	6	0	0	8	0	0	0	11	0	0	0	7	6	0	4	4	59	48	45	0
186	169	32	16	113	152	16	0	83	32	16	113	13	0	11	52	84	16	113	94	135	16	0	83	16	0	83	13	0	0	52	50	0	83	92	32	16	113	8	0	0	0	2	0	0	0	13	0	11	52	84	16	113	94	118	15	0	82	16	0	83	13	0	0	48	50	0	83	76	16	0	83	7	0	0	0	2	0	0	0	13	0	0	52	50	0	83	92	32	16	113	4	0	0	3	8	16	0	0	8	0	0	0	2	0	0	0	13	0	11	52	84	16	113	94	101	13	0	57	15	0	82	11	0	0	19	45	0	82	38	16	0	83	7	0	0	0	2	0	0	0	13	0	0	48	50	0	83	76	16	0	83	2	0	0	0	0	0	0	0	7	0	0	0	2	0	0	0	13	0	0	52	50	0	83	92	28	16	113	12	0	0	45	11	32	0	123	4	0	0	3	8	16	0	0	8	0	0	0	2	0	0	0	13	0	11	52	76	16	113	94
119	107	37	37	30	95	14	20	7	37	37	30	12	10	11	7	97	89	60	94	83	14	20	7	14	20	7	12	10	0	7	43	70	14	92	37	37	30	8	0	0	0	2	0	0	0	12	10	11	7	97	89	60	94	71	13	20	7	14	20	7	12	10	0	7	43	70	14	76	14	20	7	7	0	0	0	2	0	0	0	12	10	0	7	43	70	14	92	37	37	30	4	0	0	0	8	8	0	0	8	0	0	0	2	0	0	0	12	10	11	7	97	89	60	94	59	11	18	7	13	20	7	10	10	0	7	38	70	14	38	14	20	7	7	0	0	0	2	0	0	0	12	10	0	7	43	70	14	76	14	20	7	2	0	0	0	0	0	0	0	7	0	0	0	2	0	0	0	12	10	0	7	43	70	14	92	30	37	30	10	16	0	0	11	16	0	0	4	0	0	0	8	8	0	0	8	0	0	0	2	0	0	0	12	10	11	7	81	89	60	94
133	119	43	60	42	105	15	34	41	43	60	42	11	23	42	7	105	133	126	0	91	15	33	41	15	34	41	11	22	42	7	44	89	123	0	43	60	42	7	11	0	0	7	0	0	0	11	23	42	7	105	133	126	0	77	14	33	41	15	33	41	11	22	42	7	44	88	123	0	15	34	41	6	11	0	0	2	0	0	0	11	22	42	7	44	89	123	0	42	60	42	4	0	0	0	8	8	0	0	7	11	0	0	6	0	0	0	11	23	42	7	103	133	126	0	64	12	30	41	14	33	41	9	22	42	7	39	88	123	0	15	33	41	6	11	0	0	2	0	0	0	11	22	42	7	44	88	123	0	15	34	41	2	0	0	0	0	0	0	0	6	11	0	0	2	0	0	0	11	22	42	7	44	89	123	0	34	47	42	9	24	0	0	11	16	0	0	4	0	0	0	8	8	0	0	7	11	0	0	6	0	0	0	11	23	42	7	86	120	126	0
177	160	47	64	98	143	18	16	73	47	64	98	14	0	76	44	118	156	392	125	126	18	16	73	18	16	73	14	0	53	44	57	48	292	103	47	64	98	12	0	0	0	12	0	0	0	14	0	76	44	118	156	392	125	109	16	16	73	18	16	73	14	0	53	44	57	48	292	79	18	16	73	7	0	0	0	3	0	0	0	14	0	53	44	57	48	292	103	47	64	98	8	0	0	0	7	24	0	0	12	0	0	0	12	0	0	0	14	0	76	44	118	156	392	125	92	13	16	70	16	16	73	11	0	53	41	47	48	292	50	18	16	73	7	0	0	0	3	0	0	0	14	0	53	44	57	48	292	79	18	16	73	2	0	0	0	0	0	0	0	7	0	0	0	3	0	0	0	14	0	53	44	57	48	292	103	39	64	98	12	0	0	36	10	36	0	0	8	0	0	0	7	24	0	0	12	0	0	0	12	0	0	0	14	0	76	44	101	156	392	125
155	140	57	59	44	125	24	14	6	57	59	44	19	0	46	12	149	182	220	175	110	23	14	0	24	14	6	17	0	12	0	75	56	30	140	56	59	44	24	0	8	0	18	0	0	16	19	0	46	12	149	182	220	175	95	19	14	0	23	14	0	17	0	0	0	73	56	0	93	23	14	6	9	0	6	0	4	0	0	0	17	0	12	0	75	56	30	140	55	59	44	12	0	0	0	7	36	0	0	24	0	8	0	18	0	0	16	18	0	46	12	145	182	220	175	80	16	9	0	19	14	0	14	0	0	0	56	56	0	50	22	14	0	9	0	0	0	4	0	0	0	17	0	0	0	73	56	0	93	22	14	6	6	0	0	0	1	0	0	0	9	0	6	0	4	0	0	0	16	0	12	0	71	56	30	140	49	59	44	10	45	0	0	14	27	0	0	12	0	0	0	7	36	0	0	22	0	8	0	18	0	0	16	16	0	46	12	131	182	220	175
153	137	45	29	109	121	29	15	68	45	29	109	20	0	13	52	122	29	109	214	105	29	15	68	29	15	68	20	0	13	52	89	15	68	127	44	29	109	24	0	0	0	19	0	0	0	20	0	13	52	122	29	109	214	89	25	15	68	29	15	68	20	0	13	52	89	15	68	121	28	15	68	9	0	0	0	4	0	0	0	20	0	13	52	89	15	68	127	41	29	109	12	0	0	0	1	0	0	0	24	0	0	0	18	0	0	0	19	0	13	52	112	29	109	214	74	19	15	68	25	15	68	17	0	13	52	72	15	68	121	28	15	68	9	0	0	0	4	0	0	0	20	0	13	52	89	15	68	121	26	15	68	6	0	0	0	1	0	0	0	9	0	0	0	4	0	0	0	19	0	13	52	81	15	68	127	30	14	109	4	0	25	0	4	0	0	0	12	0	0	0	1	0	0	0	22	0	0	0	18	0	0	0	14	0	13	52	86	14	109	214
187	168	49	48	145	149	28	0	105	49	48	145	28	0	47	126	119	96	435	184	130	24	0	70	28	0	105	16	0	46	49	81	0	315	120	46	48	145	24	0	0	43	15	64	0	160	28	0	47	126	119	96	435	184	111	20	0	54	24	0	70	16	0	43	43	70	0	210	114	25	0	105	9	0	0	22	5	0	0	126	16	0	46	49	81	0	315	120	45	48	145	12	0	0	14	2	0	0	55	24	0	0	43	15	64	0	160	27	0	47	126	115	96	435	184	92	14	0	54	20	0	54	13	0	27	43	53	0	162	114	21	0	70	9	0	0	22	4	0	0	86	16	0	43	43	70	0	210	114	24	0	105	6	0	0	14	2	0	0	25	9	0	0	22	5	0	0	126	15	0	46	49	77	0	315	120	39	48	145	4	0	27	0	7	0	0	0	12	0	0	14	2	0	0	55	22	0	0	43	15	64	0	160	25	0	47	126	101	96	435	184
152	133	79	131	43	114	37	88	34	79	131	43	47	47	46	0	174	345	215	44	96	31	76	34	37	88	34	27	45	46	0	94	241	170	6	65	113	43	15	110	0	0	22	53	0	0	47	47	46	0	172	345	215	44	79	28	56	34	31	76	34	27	45	46	0	77	206	170	0	27	71	34	8	30	0	0	6	13	0	0	27	45	46	0	93	241	170	6	53	96	43	14	52	0	0	2	13	86	0	15	110	0	0	16	53	0	0	37	30	46	0	129	277	215	44	64	21	54	34	28	56	34	21	41	46	0	62	138	170	0	21	61	34	8	30	0	0	5	8	0	0	27	45	46	0	76	206	170	0	21	56	34	2	52	0	0	2	13	68	0	8	30	0	0	4	13	0	0	17	30	46	0	70	181	170	6	46	66	43	7	26	9	0	9	39	0	0	14	52	0	0	2	13	86	0	13	80	0	0	16	53	0	0	31	0	46	0	107	187	215	44
146	128	61	105	63	110	23	85	10	61	105	63	17	126	0	0	171	331	63	327	92	21	78	10	23	85	10	10	114	0	0	73	289	10	210	59	105	63	18	80	0	0	21	23	0	0	17	126	0	0	170	331	63	327	74	18	64	10	21	78	10	10	108	0	0	64	265	10	204	21	85	10	4	66	0	0	2	22	0	0	10	114	0	0	72	289	10	210	51	105	63	10	42	0	0	1	0	63	0	18	80	0	0	17	23	0	0	16	126	0	0	142	331	63	327	58	13	42	10	18	64	10	9	84	0	0	52	203	10	203	19	78	10	3	64	0	0	2	21	0	0	10	108	0	0	63	265	10	204	19	85	10	4	22	0	0	1	0	10	0	4	66	0	0	2	22	0	0	9	114	0	0	64	289	10	210	36	73	63	2	20	25	0	4	12	126	0	10	42	0	0	1	0	63	0	15	80	0	0	17	23	0	0	11	126	0	0	100	235	63	327
119	106	56	51	30	93	27	22	8	56	51	30	35	11	9	8	130	166	120	142	80	21	18	6	27	22	8	15	11	8	6	70	99	32	79	51	51	30	19	28	0	12	14	46	0	0	35	11	9	8	130	166	120	142	67	18	7	0	21	18	6	15	7	6	0	53	79	24	73	22	22	8	8	0	0	0	4	11	0	0	15	11	8	6	70	99	32	79	49	51	30	8	28	0	0	3	0	30	16	19	28	0	12	14	46	0	0	32	11	9	8	122	166	120	142	54	15	0	0	18	7	0	13	0	0	0	41	28	0	73	16	18	6	8	0	0	0	3	7	0	0	15	7	6	0	53	79	24	73	20	22	8	6	0	0	0	3	0	8	0	8	0	0	0	4	11	0	0	12	11	8	6	62	99	32	79	44	51	30	5	0	9	0	11	0	30	0	8	28	0	0	3	0	30	16	17	28	0	12	14	46	0	0	30	11	9	8	109	166	120	142
143	127	47	15	132	111	34	0	72	47	15	132	33	0	0	65	92	30	132	390	95	25	0	72	34	0	72	18	0	0	65	72	0	72	225	35	15	132	8	0	33	0	5	0	0	0	33	0	0	65	92	30	132	390	79	22	0	72	25	0	72	15	0	0	65	42	0	72	188	22	0	72	8	0	0	0	5	0	0	0	18	0	0	65	72	0	72	225	32	15	132	6	0	27	0	4	0	0	0	8	0	33	0	5	0	0	0	28	0	0	65	80	30	132	390	63	20	0	70	22	0	72	11	0	0	64	32	0	72	166	13	0	72	6	0	0	0	1	0	0	0	15	0	0	65	42	0	72	188	19	0	72	6	0	0	0	3	0	0	0	8	0	0	0	5	0	0	0	13	0	0	65	60	0	72	225	27	15	132	3	0	20	24	13	0	0	0	6	0	27	0	4	0	0	0	6	0	33	0	5	0	0	0	26	0	0	65	67	30	132	390
110	95	53	73	36	80	33	44	20	53	73	36	27	48	0	11	85	110	108	73	67	26	36	20	33	44	20	15	24	0	11	58	64	60	42	32	47	36	6	0	23	0	6	0	36	0	27	48	0	11	83	110	108	73	55	24	36	20	26	36	20	14	24	0	11	35	48	60	40	16	20	20	4	0	0	0	5	0	20	0	15	24	0	11	57	64	60	42	27	35	36	10	0	7	0	4	11	0	0	6	0	23	0	4	0	36	0	18	24	0	11	64	62	108	73	43	21	35	20	24	36	20	11	24	0	11	26	48	60	34	9	12	20	4	0	0	0	2	0	20	0	14	24	0	11	34	48	60	40	11	8	20	4	0	0	0	2	8	0	0	4	0	0	0	3	0	20	0	6	0	0	11	38	16	60	42	24	35	36	6	11	0	0	13	33	0	0	10	0	7	0	4	11	0	0	2	0	23	0	4	0	36	0	13	24	0	11	53	62	108	73
109	95	41	51	48	81	27	24	39	41	51	48	22	0	0	11	61	45	144	43	69	20	24	39	27	24	39	7	0	0	11	38	0	117	34	26	27	48	2	0	16	0	2	0	0	0	22	0	0	11	61	45	144	43	57	20	24	39	20	24	39	7	0	0	11	18	0	117	34	12	0	39	2	0	0	0	2	0	0	0	7	0	0	11	38	0	117	34	23	27	48	4	0	0	0	5	0	0	0	2	0	16	0	2	0	0	0	17	0	0	11	49	45	144	43	45	20	24	30	20	24	39	7	0	0	11	18	0	117	34	5	0	39	2	0	0	0	0	0	0	0	7	0	0	11	18	0	117	34	9	0	39	4	0	0	0	3	0	0	0	2	0	0	0	2	0	0	0	2	0	0	11	26	0	117	34	21	27	48	3	0	0	10	15	0	0	19	4	0	0	0	5	0	0	0	0	0	16	0	2	0	0	0	15	0	0	11	43	45	144	43
115	102	37	22	72	89	25	0	38	37	22	72	21	0	0	28	63	22	144	218	76	17	0	37	25	0	38	6	0	0	26	43	0	76	147	25	22	72	2	0	23	8	3	0	0	0	21	0	0	28	63	22	144	218	63	16	0	34	17	0	37	5	0	0	21	18	0	74	110	13	0	38	2	0	0	6	3	0	0	0	6	0	0	26	43	0	76	147	23	22	72	4	0	7	21	4	0	0	0	2	0	23	8	3	0	0	0	18	0	0	28	55	22	144	218	50	16	0	10	16	0	34	5	0	0	0	14	0	68	88	5	0	37	2	0	0	0	0	0	0	0	5	0	0	21	18	0	74	110	11	0	38	4	0	0	0	3	0	0	0	2	0	0	6	3	0	0	0	3	0	0	26	35	0	76	147	21	22	72	3	0	0	10	12	0	0	74	4	0	7	21	4	0	0	0	0	0	23	8	3	0	0	0	16	0	0	28	49	22	144	218
119	103	54	89	31	87	29	56	0	54	89	31	23	84	0	0	96	145	93	218	73	24	28	0	29	56	0	15	0	0	0	53	77	0	147	39	61	31	6	0	23	0	8	10	124	0	23	84	0	0	95	145	93	218	59	22	28	0	24	28	0	14	0	0	0	35	0	0	110	14	28	0	4	0	0	0	4	7	0	0	15	0	0	0	52	77	0	147	34	61	31	10	0	7	0	4	10	0	0	6	0	23	0	6	10	124	0	14	84	0	0	76	145	93	218	45	19	28	0	22	28	0	11	0	0	0	26	0	0	88	9	0	0	4	0	0	0	2	0	0	0	14	0	0	0	34	0	0	110	9	28	0	4	0	0	0	2	7	0	0	4	0	0	0	2	7	0	0	6	0	0	0	33	77	0	147	31	61	31	8	0	0	0	16	30	0	0	10	0	7	0	4	10	0	0	2	0	23	0	6	10	124	0	9	84	0	0	65	145	93	218
82	70	37	36	50	58	22	20	0	37	36	50	11	0	36	0	57	24	100	319	48	22	20	0	22	20	0	11	0	0	0	23	0	0	169	20	16	50	4	0	0	0	5	0	0	0	11	0	36	0	54	24	100	319	38	21	20	0	22	20	0	11	0	0	0	23	0	0	168	5	0	0	2	0	0	0	2	0	0	0	11	0	0	0	20	0	0	169	16	16	50	6	0	0	0	4	8	0	0	4	0	0	0	3	0	0	0	3	0	36	0	39	24	100	319	28	18	20	0	21	20	0	8	0	0	0	18	0	0	165	5	0	0	2	0	0	0	2	0	0	0	11	0	0	0	20	0	0	168	1	0	0	0	0	0	0	0	0	0	0	2	0	0	0	0	0	0	0	3	0	0	0	5	0	0	169	15	16	50	6	0	0	0	14	24	0	0	6	0	0	0	4	8	0	0	2	0	0	0	3	0	0	0	0	0	36	0	34	24	100	319
62	52	28	21	35	42	14	21	0	28	21	35	2	0	36	0	38	0	0	187	35	14	21	0	14	21	0	2	0	0	0	6	0	0	97	15	0	35	0	0	0	0	1	0	0	0	2	0	36	0	36	0	0	187	28	14	21	0	14	21	0	2	0	0	0	6	0	0	96	1	0	0	0	0	0	0	0	0	0	0	2	0	0	0	4	0	0	97	14	0	35	0	0	0	0	5	0	0	0	0	0	0	0	1	0	0	0	0	0	36	0	32	0	0	187	21	14	21	0	14	21	0	2	0	0	0	6	0	0	93	1	0	0	0	0	0	0	0	0	0	0	2	0	0	0	4	0	0	96	0	0	0	0	0	0	0	0	0	0	0	0	0	0	0	0	0	0	0	0	0	0	0	0	0	0	97	14	0	35	1	0	0	0	15	0	0	0	0	0	0	0	5	0	0	0	0	0	0	0	1	0	0	0	0	0	36	0	32	0	0	187
81	69	45	41	24	57	23	20	0	45	41	24	11	0	36	0	72	42	72	115	47	23	20	0	23	20	0	11	0	0	0	23	0	0	59	27	21	24	4	0	0	0	7	0	0	0	11	0	36	0	69	42	72	115	37	22	20	0	23	20	0	11	0	0	0	23	0	0	59	5	0	0	2	0	0	0	2	0	0	0	11	0	0	0	20	0	0	59	23	21	24	6	0	0	0	5	7	0	0	4	0	0	0	5	0	0	0	3	0	36	0	54	42	72	115	27	19	20	0	22	20	0	8	0	0	0	18	0	0	59	5	0	0	2	0	0	0	2	0	0	0	11	0	0	0	20	0	0	59	1	0	0	0	0	0	0	0	0	0	0	2	0	0	0	0	0	0	0	3	0	0	0	5	0	0	59	22	21	24	6	0	0	0	18	21	0	0	6	0	0	0	5	7	0	0	2	0	0	0	5	0	0	0	0	0	36	0	49	42	72	115
66	55	37	40	0	44	15	24	0	35	40	0	9	0	0	0	56	56	0	0	36	15	24	0	15	24	0	9	0	0	0	17	16	0	0	24	16	0	4	0	0	0	7	0	0	0	9	0	0	0	55	40	0	0	28	14	24	0	15	24	0	9	0	0	0	17	16	0	0	4	0	0	2	0	0	0	2	0	0	0	9	0	0	0	16	0	0	0	21	16	0	6	0	0	0	3	4	0	0	4	0	0	0	5	0	0	0	3	0	0	0	44	40	0	0	20	11	24	0	14	24	0	6	0	0	0	12	16	0	0	4	0	0	2	0	0	0	2	0	0	0	9	0	0	0	16	0	0	0	1	0	0	0	0	0	0	0	0	0	0	2	0	0	0	0	0	0	0	3	0	0	0	5	0	0	0	20	16	0	5	0	0	0	13	12	0	0	6	0	0	0	3	4	0	0	2	0	0	0	5	0	0	0	0	0	0	0	39	40	0	0
53	45	35	17	0	37	13	7	0	35	17	0	14	0	0	0	66	30	0	0	30	12	7	0	13	7	0	9	0	0	0	23	0	0	0	27	10	0	4	0	0	0	7	2	0	0	14	0	0	0	63	30	0	0	23	11	7	0	12	7	0	9	0	0	0	19	0	0	0	5	0	0	2	0	0	0	2	0	0	0	9	0	0	0	20	0	0	0	24	10	0	6	0	0	0	2	2	0	0	4	0	0	0	5	2	0	0	8	0	0	0	52	30	0	0	16	8	7	0	11	7	0	6	0	0	0	14	0	0	0	4	0	0	2	0	0	0	2	0	0	0	9	0	0	0	16	0	0	0	2	0	0	0	0	0	0	0	0	0	0	2	0	0	0	0	0	0	0	3	0	0	0	9	0	0	0	23	10	0	5	0	0	0	11	6	0	0	6	0	0	0	2	2	0	0	2	0	0	0	5	2	0	0	5	0	0	0	47	30	0	0
98	83	49	59	47	68	20	9	42	49	59	47	22	45	33	21	119	164	235	0	53	17	0	25	20	9	42	16	0	33	0	46	36	210	0	41	59	47	11	0	22	78	7	9	47	31	22	45	33	21	117	164	235	0	38	12	0	0	17	0	25	12	0	27	0	34	0	125	0	12	9	42	5	0	22	0	2	0	42	0	16	0	33	0	44	36	210	0	37	59	47	8	0	48	0	0	0	0	136	11	0	22	78	5	9	47	31	15	45	33	21	102	164	235	0	23	7	0	0	12	0	0	7	0	0	0	17	0	0	0	9	0	25	4	0	20	0	2	0	25	0	12	0	27	0	32	0	125	0	8	9	42	0	0	48	0	0	0	0	52	5	0	22	0	0	0	42	0	9	0	33	0	29	36	210	0	27	59	47	5	0	13	0	5	9	0	0	8	0	48	0	0	0	0	136	6	0	22	78	5	9	47	31	10	45	33	21	69	164	235	0
106	87	56	111	55	68	23	80	28	53	111	55	19	123	0	45	81	269	110	74	51	19	76	8	21	80	28	5	117	0	0	26	222	56	0	27	77	55	3	48	0	40	7	39	0	67	12	123	0	45	74	252	110	74	37	17	59	0	19	76	8	5	111	0	0	17	211	16	0	6	52	28	3	26	0	0	0	26	0	20	5	117	0	0	23	208	56	0	20	35	55	2	66	26	0	0	0	55	43	3	48	0	40	4	11	0	67	9	39	0	45	48	98	110	74	24	14	22	0	17	59	0	3	66	0	0	11	134	0	0	4	50	8	2	22	0	0	0	26	0	20	5	111	0	0	14	198	16	0	4	13	28	0	0	26	0	0	0	28	34	3	26	0	0	0	0	0	20	2	39	0	0	15	65	56	0	17	22	55	1	44	24	0	4	11	165	0	2	66	26	0	0	0	55	43	0	22	0	40	4	11	0	67	7	0	0	45	37	33	110	74
71	60	35	19	31	49	19	10	7	35	19	31	16	0	0	21	59	18	31	74	39	17	10	0	19	10	7	9	0	0	0	29	0	7	0	22	9	31	5	0	0	0	6	9	0	31	16	0	0	21	55	18	31	74	29	16	10	0	17	10	0	9	0	0	0	20	0	0	0	6	0	7	3	0	0	0	2	0	0	0	9	0	0	0	25	0	7	0	19	9	31	8	0	0	0	0	0	0	0	5	0	0	0	4	9	0	31	10	0	0	21	44	18	31	74	19	12	9	0	16	10	0	6	0	0	0	15	0	0	0	4	0	0	2	0	0	0	2	0	0	0	9	0	0	0	16	0	0	0	3	0	7	0	0	0	0	0	0	0	0	3	0	0	0	0	0	0	0	3	0	0	0	14	0	7	0	17	9	31	4	9	0	0	4	9	0	0	8	0	0	0	0	0	0	0	2	0	0	0	4	9	0	31	7	0	0	21	34	18	31	74
74	63	33	24	23	52	18	0	7	33	24	23	16	0	0	21	62	24	69	24	41	16	0	0	18	0	7	9	0	0	0	29	0	21	0	21	24	23	5	0	0	0	6	8	0	31	16	0	0	21	58	24	69	24	30	15	0	0	16	0	0	9	0	0	0	20	0	0	0	6	0	7	3	0	0	0	2	0	0	0	9	0	0	0	25	0	21	0	18	24	23	8	0	0	0	0	0	0	0	5	0	0	0	4	8	0	31	10	0	0	21	47	24	69	24	19	11	0	0	15	0	0	6	0	0	0	15	0	0	0	4	0	0	2	0	0	0	2	0	0	0	9	0	0	0	16	0	0	0	3	0	7	0	0	0	0	0	0	0	0	3	0	0	0	0	0	0	0	3	0	0	0	14	0	21	0	16	24	23	5	0	0	0	4	8	0	0	8	0	0	0	0	0	0	0	2	0	0	0	4	8	0	31	7	0	0	21	37	24	69	24
66	56	32	24	6	46	14	0	0	32	24	6	16	0	0	0	70	42	24	0	36	12	0	0	14	0	0	9	0	0	0	29	0	0	0	24	24	6	5	0	0	0	6	6	0	0	16	0	0	0	66	42	24	0	26	11	0	0	12	0	0	9	0	0	0	20	0	0	0	6	0	0	3	0	0	0	2	0	0	0	9	0	0	0	25	0	0	0	21	24	6	8	0	0	0	0	0	0	0	5	0	0	0	4	6	0	0	10	0	0	0	55	42	24	0	16	7	0	0	11	0	0	6	0	0	0	15	0	0	0	4	0	0	2	0	0	0	2	0	0	0	9	0	0	0	16	0	0	0	3	0	0	0	0	0	0	0	0	0	0	3	0	0	0	0	0	0	0	3	0	0	0	14	0	0	0	19	24	6	5	0	0	0	4	6	0	0	8	0	0	0	0	0	0	0	2	0	0	0	4	6	0	0	7	0	0	0	45	42	24	0
92	76	30	48	85	60	5	0	68	30	48	85	7	0	54	22	86	144	340	53	44	1	0	68	5	0	68	0	0	43	22	13	0	272	42	29	48	85	1	0	35	0	0	0	0	0	7	0	54	22	85	144	340	53	28	1	0	63	1	0	68	0	0	43	17	1	0	272	25	4	0	68	1	0	33	0	0	0	0	0	0	0	43	22	12	0	272	42	29	48	85	2	0	0	38	0	0	0	0	1	0	35	0	0	0	0	0	7	0	54	22	85	144	340	53	12	0	0	35	1	0	63	0	0	41	0	1	0	252	0	0	0	68	0	0	33	0	0	0	0	0	0	0	43	17	0	0	272	25	4	0	68	0	0	0	0	0	0	0	0	1	0	33	0	0	0	0	0	0	0	43	22	12	0	272	42	13	48	85	0	0	0	95	0	0	0	93	2	0	0	38	0	0	0	0	0	0	35	0	0	0	0	0	7	0	54	22	42	144	340	53
76	62	33	45	55	48	9	23	11	32	45	55	13	20	33	11	96	123	110	162	35	6	12	11	9	23	11	9	0	22	11	23	63	22	84	29	32	55	2	12	35	0	5	0	55	0	13	20	33	11	95	110	110	162	22	3	10	10	6	12	11	6	0	22	10	12	12	22	33	6	10	11	2	10	22	0	2	0	11	0	9	0	22	11	22	50	22	84	21	32	55	0	20	33	10	0	0	0	0	2	12	35	0	0	0	55	0	7	20	33	11	66	110	110	162	10	0	0	0	3	10	10	0	0	20	0	1	10	20	0	3	0	11	0	0	22	0	2	0	11	0	6	0	22	10	11	0	22	33	3	10	11	0	0	0	0	0	0	0	0	2	10	22	0	0	0	11	0	3	0	22	11	11	50	22	84	13	20	55	0	0	31	0	0	0	55	63	0	20	33	10	0	0	0	0	0	0	35	0	0	0	55	0	4	20	33	11	43	50	110	162
53	44	24	8	34	35	8	0	0	24	8	34	11	0	9	0	71	32	34	131	26	6	0	0	8	0	0	9	0	0	0	23	0	0	77	21	8	34	3	0	11	0	2	0	0	0	11	0	9	0	69	32	34	131	17	3	0	0	6	0	0	6	0	0	0	13	0	0	33	5	0	0	3	0	0	0	2	0	0	0	9	0	0	0	21	0	0	77	18	8	34	2	0	33	0	0	0	0	0	3	0	11	0	0	0	0	0	5	0	9	0	58	32	34	131	8	0	0	0	3	0	0	0	0	0	0	2	0	0	0	3	0	0	0	0	0	0	2	0	0	0	6	0	0	0	11	0	0	33	2	0	0	0	0	0	0	0	0	0	0	3	0	0	0	0	0	0	0	3	0	0	0	10	0	0	77	12	8	34	0	0	22	0	0	0	0	0	2	0	33	0	0	0	0	0	0	0	11	0	0	0	0	0	2	0	9	0	37	32	34	131
42	35	15	0	23	28	2	0	0	15	0	23	2	0	9	0	47	0	0	76	21	1	0	0	2	0	0	0	0	0	0	6	0	0	49	14	0	23	1	0	0	0	0	0	0	0	2	0	9	0	46	0	0	76	14	1	0	0	1	0	0	0	0	0	0	1	0	0	25	1	0	0	1	0	0	0	0	0	0	0	0	0	0	0	5	0	0	49	14	0	23	2	0	0	0	0	0	0	0	1	0	0	0	0	0	0	0	2	0	9	0	46	0	0	76	7	0	0	0	1	0	0	0	0	0	0	1	0	0	0	0	0	0	0	0	0	0	0	0	0	0	0	0	0	0	0	0	0	25	1	0	0	0	0	0	0	0	0	0	0	1	0	0	0	0	0	0	0	0	0	0	0	5	0	0	49	13	0	23	0	0	0	0	0	0	0	0	2	0	0	0	0	0	0	0	0	0	0	0	0	0	0	0	2	0	9	0	41	0	0	76
55	45	26	25	9	35	2	0	0	26	25	9	2	0	9	0	72	80	45	47	25	1	0	0	2	0	0	0	0	0	0	6	0	0	42	25	25	9	1	0	0	0	0	0	0	0	2	0	9	0	71	80	45	47	15	1	0	0	1	0	0	0	0	0	0	1	0	0	25	1	0	0	1	0	0	0	0	0	0	0	0	0	0	0	5	0	0	42	25	25	9	2	0	0	0	0	0	0	0	1	0	0	0	0	0	0	0	2	0	9	0	71	80	45	47	5	0	0	0	1	0	0	0	0	0	0	1	0	0	0	0	0	0	0	0	0	0	0	0	0	0	0	0	0	0	0	0	0	25	1	0	0	0	0	0	0	0	0	0	0	1	0	0	0	0	0	0	0	0	0	0	0	5	0	0	42	8	25	9	0	0	0	0	0	0	0	0	2	0	0	0	0	0	0	0	0	0	0	0	0	0	0	0	2	0	9	0	25	80	45	47
67	53	24	33	82	39	0	0	61	24	33	82	0	0	40	45	64	88	246	94	25	0	0	60	0	0	61	0	0	35	43	0	0	183	68	24	33	82	0	0	0	11	5	0	0	0	0	0	40	45	64	88	246	94	11	0	0	60	0	0	60	0	0	33	43	0	0	180	68	0	0	61	0	0	0	11	0	0	0	0	0	0	35	43	0	0	183	68	16	33	82	0	0	0	0	0	0	0	0	0	0	0	11	0	0	0	0	0	0	40	45	40	88	246	94	0	0	0	59	0	0	60	0	0	33	41	0	0	180	63	0	0	60	0	0	0	10	0	0	0	0	0	0	33	43	0	0	180	68	0	0	61	0	0	0	0	0	0	0	0	0	0	0	11	0	0	0	0	0	0	35	43	0	0	183	68	0	0	82	0	0	0	10	0	0	0	0	0	0	0	0	0	0	0	0	0	0	0	11	0	0	0	0	0	0	40	45	0	0	246	94
66	52	27	40	63	38	1	0	21	27	40	63	0	0	38	69	74	110	252	183	24	1	0	11	1	0	21	0	0	24	22	1	0	84	79	26	40	63	1	0	0	11	6	0	0	47	0	0	38	69	73	110	252	183	10	0	0	11	1	0	11	0	0	22	22	1	0	44	79	0	0	21	0	0	0	11	0	0	0	42	0	0	24	22	0	0	84	79	15	40	63	0	0	10	0	0	0	0	0	1	0	0	11	0	0	0	47	0	0	38	69	41	110	252	183	0	0	0	10	0	0	11	0	0	22	20	0	0	44	73	0	0	11	0	0	0	10	0	0	0	25	0	0	22	22	0	0	44	79	0	0	21	0	0	0	0	0	0	0	0	0	0	0	11	0	0	0	42	0	0	24	22	0	0	84	79	0	0	63	0	0	0	10	0	0	0	0	0	0	10	0	0	0	0	0	0	0	0	11	0	0	0	47	0	0	38	69	0	0	252	183
39	31	18	7	27	23	1	0	0	18	7	27	0	0	10	0	48	7	27	149	15	1	0	0	1	0	0	0	0	0	0	1	0	0	79	17	7	27	1	0	0	0	1	0	0	0	0	0	10	0	47	7	27	149	7	0	0	0	1	0	0	0	0	0	0	1	0	0	79	0	0	0	0	0	0	0	0	0	0	0	0	0	0	0	0	0	0	79	16	7	27	0	0	10	0	0	0	0	0	1	0	0	0	0	0	0	0	0	0	10	0	45	7	27	149	0	0	0	0	0	0	0	0	0	0	0	0	0	0	73	0	0	0	0	0	0	0	0	0	0	0	0	0	0	0	0	0	0	79	0	0	0	0	0	0	0	0	0	0	0	0	0	0	0	0	0	0	0	0	0	0	0	0	0	0	79	0	0	27	0	0	0	0	0	0	0	0	0	0	10	0	0	0	0	0	0	0	0	0	0	0	0	0	0	0	10	0	0	0	27	149
46	36	23	24	17	26	0	0	0	23	24	17	0	0	0	0	62	66	68	94	16	0	0	0	0	0	0	0	0	0	0	0	0	0	68	23	24	17	0	0	0	0	6	0	0	0	0	0	0	0	62	66	68	94	6	0	0	0	0	0	0	0	0	0	0	0	0	0	68	0	0	0	0	0	0	0	0	0	0	0	0	0	0	0	0	0	0	68	12	24	17	0	0	0	0	0	0	0	0	0	0	0	0	0	0	0	0	0	0	0	0	30	66	68	94	0	0	0	0	0	0	0	0	0	0	0	0	0	0	63	0	0	0	0	0	0	0	0	0	0	0	0	0	0	0	0	0	0	68	0	0	0	0	0	0	0	0	0	0	0	0	0	0	0	0	0	0	0	0	0	0	0	0	0	0	68	0	0	17	0	0	0	0	0	0	0	0	0	0	0	0	0	0	0	0	0	0	0	0	0	0	0	0	0	0	0	0	0	0	68	94
41	32	22	20	5	23	0	0	0	22	20	5	0	0	0	0	58	50	20	9	14	0	0	0	0	0	0	0	0	0	0	0	0	0	0	22	20	5	0	0	0	0	5	0	0	0	0	0	0	0	58	50	20	9	5	0	0	0	0	0	0	0	0	0	0	0	0	0	0	0	0	0	0	0	0	0	0	0	0	0	0	0	0	0	0	0	0	0	12	20	5	0	0	0	0	0	0	0	0	0	0	0	0	0	0	0	0	0	0	0	0	31	50	20	9	0	0	0	0	0	0	0	0	0	0	0	0	0	0	0	0	0	0	0	0	0	0	0	0	0	0	0	0	0	0	0	0	0	0	0	0	0	0	0	0	0	0	0	0	0	0	0	0	0	0	0	0	0	0	0	0	0	0	0	0	0	0	0	5	0	0	0	0	0	0	0	0	0	0	0	0	0	0	0	0	0	0	0	0	0	0	0	0	0	0	0	0	0	0	20	9
75	56	20	18	155	37	2	0	113	19	18	155	3	0	28	40	52	36	155	194	18	0	0	110	1	0	113	0	0	28	35	0	0	113	82	16	18	155	0	0	15	35	7	18	0	0	1	0	28	40	51	36	155	194	0	0	0	107	0	0	110	0	0	28	33	0	0	110	71	0	0	113	0	0	15	33	0	0	0	0	0	0	28	35	0	0	113	82	0	0	155	0	0	0	37	0	0	0	0	0	0	15	35	0	0	0	0	0	0	28	40	0	0	155	194	0	0	0	107	0	0	107	0	0	26	33	0	0	107	71	0	0	110	0	0	15	33	0	0	0	0	0	0	28	33	0	0	110	71	0	0	113	0	0	0	37	0	0	0	0	0	0	15	33	0	0	0	0	0	0	28	35	0	0	113	82	0	0	0	0	0	0	0	0	0	0	0	0	0	0	37	0	0	0	0	0	0	0	35	0	0	0	0	0	0	0	40	0	0	0	194
40	29	31	28	26	18	4	0	21	29	28	26	11	0	29	0	46	91	104	5	7	0	0	21	2	0	21	0	0	29	0	0	0	84	0	14	28	26	0	0	16	0	6	14	0	0	4	0	29	0	42	91	104	5	0	0	0	21	0	0	21	0	0	29	0	0	0	84	0	0	0	21	0	0	16	0	0	0	0	0	0	0	29	0	0	0	84	0	0	0	26	0	0	0	0	0	0	0	0	0	0	16	0	0	0	0	0	0	0	29	0	0	0	104	5	0	0	0	21	0	0	21	0	0	29	0	0	0	84	0	0	0	21	0	0	16	0	0	0	0	0	0	0	29	0	0	0	84	0	0	0	21	0	0	0	0	0	0	0	0	0	0	16	0	0	0	0	0	0	0	29	0	0	0	84	0	0	0	0	0	0	0	0	0	0	0	0	0	0	0	0	0	0	0	0	0	0	0	0	0	0	0	0	0	0	0	0	0	0	0	5
63	46	40	60	96	29	7	0	65	37	60	96	19	0	67	48	54	216	480	162	12	0	0	51	4	0	65	0	0	67	24	2	0	325	82	15	60	96	0	0	53	46	7	36	0	55	7	0	67	48	46	216	480	162	0	0	0	37	0	0	51	0	0	61	22	0	0	255	71	0	0	65	0	0	51	22	0	0	0	11	0	0	67	24	0	0	325	82	0	0	96	0	0	0	37	0	0	0	55	0	0	53	46	0	0	0	55	0	0	67	48	0	0	480	162	0	0	0	37	0	0	37	0	0	26	22	0	0	185	71	0	0	51	0	0	37	22	0	0	0	11	0	0	61	22	0	0	255	71	0	0	65	0	0	0	37	0	0	0	28	0	0	51	22	0	0	0	11	0	0	67	24	0	0	325	82	0	0	0	0	0	0	0	0	0	0	0	0	0	0	37	0	0	0	55	0	0	0	46	0	0	0	55	0	0	0	48	0	0	0	162
38	28	18	16	32	18	1	0	0	17	16	32	2	0	0	0	42	32	64	167	8	0	0	0	0	0	0	0	0	0	0	0	0	0	82	13	16	32	0	0	0	0	7	8	0	0	0	0	0	0	41	32	64	167	0	0	0	0	0	0	0	0	0	0	0	0	0	0	71	0	0	0	0	0	0	0	0	0	0	0	0	0	0	0	0	0	0	82	0	0	32	0	0	0	0	0	0	0	0	0	0	0	0	0	0	0	0	0	0	0	0	0	0	64	167	0	0	0	0	0	0	0	0	0	0	0	0	0	0	71	0	0	0	0	0	0	0	0	0	0	0	0	0	0	0	0	0	0	71	0	0	0	0	0	0	0	0	0	0	0	0	0	0	0	0	0	0	0	0	0	0	0	0	0	0	82	0	0	0	0	0	0	0	0	0	0	0	0	0	0	0	0	0	0	0	0	0	0	0	0	0	0	0	0	0	0	0	0	0	0	167
37	27	21	21	21	17	1	0	0	20	21	21	2	0	0	0	39	56	63	85	7	0	0	0	0	0	0	0	0	0	0	0	0	0	21	12	21	21	0	0	0	0	7	7	0	0	0	0	0	0	37	56	63	85	0	0	0	0	0	0	0	0	0	0	0	0	0	0	11	0	0	0	0	0	0	0	0	0	0	0	0	0	0	0	0	0	0	21	0	0	21	0	0	0	0	0	0	0	0	0	0	0	0	0	0	0	0	0	0	0	0	0	0	63	85	0	0	0	0	0	0	0	0	0	0	0	0	0	0	11	0	0	0	0	0	0	0	0	0	0	0	0	0	0	0	0	0	0	11	0	0	0	0	0	0	0	0	0	0	0	0	0	0	0	0	0	0	0	0	0	0	0	0	0	0	21	0	0	0	0	0	0	0	0	0	0	0	0	0	0	0	0	0	0	0	0	0	0	0	0	0	0	0	0	0	0	0	0	0	0	85
47	30	27	52	109	13	3	0	76	23	52	109	12	0	117	90	6	13	436	143	0	0	0	76	0	0	76	0	0	111	90	0	0	304	86	0	0	109	0	0	0	0	0	0	0	0	0	0	117	90	0	0	436	143	0	0	0	74	0	0	76	0	0	111	88	0	0	304	72	0	0	76	0	0	0	0	0	0	0	0	0	0	111	90	0	0	304	86	0	0	0	0	0	0	22	0	0	0	0	0	0	0	0	0	0	0	0	0	0	0	90	0	0	0	143	0	0	0	60	0	0	74	0	0	107	73	0	0	296	58	0	0	76	0	0	0	0	0	0	0	0	0	0	111	88	0	0	304	72	0	0	0	0	0	0	0	0	0	0	0	0	0	0	0	0	0	0	0	0	0	0	90	0	0	0	86	0	0	0	0	0	0	37	0	0	0	55	0	0	0	22	0	0	0	0	0	0	0	0	0	0	0	0	0	0	0	0	0	0	0	0
31	20	21	18	43	9	3	0	8	18	18	43	12	0	18	8	6	0	86	175	0	0	0	8	0	0	8	0	0	16	8	0	0	16	86	0	0	43	0	0	0	0	0	0	0	0	0	0	18	8	0	0	86	175	0	0	0	8	0	0	8	0	0	16	8	0	0	16	72	0	0	8	0	0	0	0	0	0	0	0	0	0	16	8	0	0	16	86	0	0	0	0	0	0	0	0	0	0	0	0	0	0	0	0	0	0	0	0	0	0	8	0	0	0	175	0	0	0	8	0	0	8	0	0	16	8	0	0	16	58	0	0	8	0	0	0	0	0	0	0	0	0	0	16	8	0	0	16	72	0	0	0	0	0	0	0	0	0	0	0	0	0	0	0	0	0	0	0	0	0	0	8	0	0	0	86	0	0	0	0	0	0	0	0	0	0	0	0	0	0	0	0	0	0	0	0	0	0	0	0	0	0	0	0	0	0	0	0	0	0	0
35	22	21	32	66	10	2	10	13	18	20	66	10	20	28	13	6	10	132	330	0	0	0	13	0	0	13	0	0	26	13	0	0	26	199	0	0	66	0	0	0	0	0	0	66	0	0	0	28	13	0	0	132	330	0	0	0	11	0	0	13	0	0	26	11	0	0	26	182	0	0	13	0	0	0	0	0	0	13	0	0	0	26	13	0	0	26	199	0	0	0	0	0	0	22	0	0	0	0	0	0	0	0	0	0	0	0	0	0	0	13	0	0	0	330	0	0	0	0	0	0	11	0	0	22	0	0	0	22	165	0	0	13	0	0	0	0	0	0	13	0	0	0	26	11	0	0	26	182	0	0	0	0	0	0	0	0	0	0	0	0	0	0	0	0	0	0	0	0	0	0	13	0	0	0	199	0	0	0	0	0	0	0	0	0	0	55	0	0	0	22	0	0	0	0	0	0	0	0	0	0	0	0	0	0	0	0	0	0	0	0
32	19	19	47	33	7	2	7	13	15	35	33	7	35	28	13	5	14	165	122	0	0	0	13	0	0	13	0	0	26	13	0	0	65	86	0	0	33	0	0	0	0	0	0	33	0	0	0	28	13	0	0	165	122	0	0	0	11	0	0	13	0	0	26	11	0	0	65	72	0	0	13	0	0	0	0	0	0	13	0	0	0	26	13	0	0	65	86	0	0	0	0	0	0	22	0	0	0	0	0	0	0	0	0	0	0	0	0	0	0	13	0	0	0	122	0	0	0	0	0	0	11	0	0	22	0	0	0	55	58	0	0	13	0	0	0	0	0	0	13	0	0	0	26	11	0	0	65	72	0	0	0	0	0	0	0	0	0	0	0	0	0	0	0	0	0	0	0	0	0	0	13	0	0	0	86	0	0	0	0	0	0	0	0	0	0	55	0	0	0	22	0	0	0	0	0	0	0	0	0	0	0	0	0	0	0	0	0	0	0	0
26	15	17	35	12	5	2	5	0	13	25	12	7	25	0	0	4	10	60	96	0	0	0	0	0	0	0	0	0	0	0	0	0	0	65	0	0	12	0	0	0	0	0	0	12	0	0	0	0	0	0	0	60	96	0	0	0	0	0	0	0	0	0	0	0	0	0	0	51	0	0	0	0	0	0	0	0	0	0	0	0	0	0	0	0	0	0	65	0	0	0	0	0	0	0	0	0	0	0	0	0	0	0	0	0	0	0	0	0	0	0	0	0	0	96	0	0	0	0	0	0	0	0	0	0	0	0	0	0	37	0	0	0	0	0	0	0	0	0	0	0	0	0	0	0	0	0	0	51	0	0	0	0	0	0	0	0	0	0	0	0	0	0	0	0	0	0	0	0	0	0	0	0	0	0	65	0	0	0	0	0	0	0	0	0	0	0	0	0	0	0	0	0	0	0	0	0	0	0	0	0	0	0	0	0	0	0	0	0	0	0
42	21	4	0	190	0	0	0	152	0	0	190	0	0	12	45	0	0	0	197	0	0	0	151	0	0	152	0	0	0	43	0	0	0	97	0	0	0	0	0	0	8	0	0	0	0	0	0	0	45	0	0	0	197	0	0	0	151	0	0	151	0	0	0	43	0	0	0	97	0	0	0	0	0	0	8	0	0	0	0	0	0	0	43	0	0	0	97	0	0	0	0	0	0	0	0	0	0	0	0	0	0	8	0	0	0	0	0	0	0	0	0	0	0	0	0	0	0	151	0	0	151	0	0	0	43	0	0	0	93	0	0	0	0	0	0	8	0	0	0	0	0	0	0	43	0	0	0	97	0	0	0	0	0	0	0	0	0	0	0	0	0	0	8	0	0	0	0	0	0	0	0	0	0	0	0	0	0	0	0	0	0	0	0	0	0	0	0	0	0	0	0	0	0	0	0	0	0	0	0	0	0	0	0	0	0	0	0	0	0	0
28	14	5	0	96	0	0	0	49	0	0	96	0	0	22	33	0	0	0	263	0	0	0	48	0	0	49	0	0	0	31	0	0	0	110	0	0	0	0	0	0	8	0	0	0	0	0	0	0	33	0	0	0	263	0	0	0	48	0	0	48	0	0	0	31	0	0	0	110	0	0	0	0	0	0	8	0	0	0	0	0	0	0	31	0	0	0	110	0	0	0	0	0	0	0	0	0	0	0	0	0	0	8	0	0	0	0	0	0	0	0	0	0	0	0	0	0	0	48	0	0	48	0	0	0	31	0	0	0	104	0	0	0	0	0	0	8	0	0	0	0	0	0	0	31	0	0	0	110	0	0	0	0	0	0	0	0	0	0	0	0	0	0	8	0	0	0	0	0	0	0	0	0	0	0	0	0	0	0	0	0	0	0	0	0	0	0	0	0	0	0	0	0	0	0	0	0	0	0	0	0	0	0	0	0	0	0	0	0	0	0
36	18	4	0	151	0	0	0	121	0	0	151	0	0	12	71	0	0	0	154	0	0	0	118	0	0	121	0	0	0	66	0	0	0	89	0	0	0	0	0	0	43	0	0	0	0	0	0	0	71	0	0	0	154	0	0	0	118	0	0	118	0	0	0	66	0	0	0	89	0	0	0	0	0	0	43	0	0	0	0	0	0	0	66	0	0	0	89	0	0	0	0	0	0	0	0	0	0	0	0	0	0	43	0	0	0	0	0	0	0	0	0	0	0	0	0	0	0	115	0	0	118	0	0	0	60	0	0	0	85	0	0	0	0	0	0	41	0	0	0	0	0	0	0	66	0	0	0	89	0	0	0	0	0	0	0	0	0	0	0	0	0	0	43	0	0	0	0	0	0	0	0	0	0	0	0	0	0	0	0	0	0	31	0	0	0	0	0	0	0	0	0	0	0	0	0	0	0	0	0	0	0	0	0	0	0	0	0	0	0	0
17	8	3	8	33	0	0	0	8	0	0	33	0	0	12	0	0	0	33	154	0	0	0	8	0	0	8	0	0	0	0	0	0	8	89	0	0	0	0	0	0	0	0	0	0	0	0	0	0	0	0	0	0	154	0	0	0	8	0	0	8	0	0	0	0	0	0	8	89	0	0	0	0	0	0	0	0	0	0	0	0	0	0	0	0	0	0	89	0	0	0	0	0	0	0	0	0	0	0	0	0	0	0	0	0	0	0	0	0	0	0	0	0	0	0	0	0	0	8	0	0	8	0	0	0	0	0	0	8	85	0	0	0	0	0	0	0	0	0	0	0	0	0	0	0	0	0	0	89	0	0	0	0	0	0	0	0	0	0	0	0	0	0	0	0	0	0	0	0	0	0	0	0	0	0	0	0	0	0	0	0	0	0	0	0	0	0	0	0	0	0	0	0	0	0	0	0	0	0	0	0	0	0	0	0	0	0	0	0	0	0
21	10	4	10	60	0	0	0	35	0	0	60	0	0	22	42	0	0	60	111	0	0	0	33	0	0	35	0	0	0	39	0	0	35	26	0	0	0	0	0	0	25	0	0	0	0	0	0	0	42	0	0	0	111	0	0	0	31	0	0	33	0	0	0	39	0	0	33	26	0	0	0	0	0	0	23	0	0	0	0	0	0	0	39	0	0	0	26	0	0	0	0	0	0	20	0	0	0	0	0	0	0	25	0	0	0	0	0	0	0	0	0	0	0	0	0	0	0	19	0	0	31	0	0	0	33	0	0	31	22	0	0	0	0	0	0	11	0	0	0	0	0	0	0	39	0	0	0	26	0	0	0	0	0	0	0	0	0	0	0	0	0	0	23	0	0	0	0	0	0	0	0	0	0	0	0	0	0	0	0	0	0	22	0	0	0	55	0	0	0	20	0	0	0	0	0	0	0	0	0	0	0	0	0	0	0	0	0	0	0	0
5	0	0	0	52	0	0	0	22	0	0	0	0	0	0	80	0	0	0	93	0	0	0	0	0	0	0	0	0	0	0	0	0	0	43	0	0	0	0	0	0	0	0	0	0	111	0	0	0	0	0	0	0	0	0	0	0	0	0	0	0	0	0	0	0	0	0	0	41	0	0	0	0	0	0	0	0	0	0	26	0	0	0	0	0	0	0	0	0	0	0	0	0	0	0	0	0	0	0	0	0	0	0	0	0	0	0	0	0	0	0	0	0	0	0	0	0	0	0	0	0	0	0	0	0	0	0	0	0	39	0	0	0	0	0	0	0	0	0	0	26	0	0	0	0	0	0	0	0	0	0	0	0	0	0	0	0	0	0	0	0	0	0	0	0	0	0	0	0	0	0	0	0	0	0	0	0	0	0	0	0	0	0	0	0	0	0	0	0	0	0	0	0	0	0	0	0	0	0	0	0	0	0	0	0	0	0	0	0	0	0
