488	481	30	15	0	474	7	10	0	30	15	0	4	5	0	0	81	54	0	0	467	7	10	0	7	10	0	4	5	0	0	25	45	0	0	30	15	0	2	0	0	0	3	0	0	0	4	5	0	0	81	54	0	0	460	7	10	0	7	10	0	4	5	0	0	25	45	0	0	7	10	0	2	0	0	0	3	0	0	0	4	5	0	0	25	45	0	0	30	15	0	0	0	0	0	4	0	0	0	2	0	0	0	3	0	0	0	4	5	0	0	81	54	0	0	453	7	10	0	7	10	0	4	5	0	0	25	45	0	0	7	10	0	2	0	0	0	3	0	0	0	4	5	0	0	25	45	0	0	7	10	0	0	0	0	0	0	0	0	0	2	0	0	0	3	0	0	0	4	5	0	0	25	45	0	0	30	15	0	0	0	0	0	3	0	0	0	0	0	0	0	4	0	0	0	2	0	0	0	3	0	0	0	4	5	0	0	81	54	0	0
359	354	23	4	0	349	9	0	0	23	4	0	5	0	0	0	67	4	0	0	344	9	0	0	9	0	0	5	0	0	0	34	0	0	0	23	4	0	2	0	0	0	3	0	0	0	5	0	0	0	67	4	0	0	339	9	0	0	9	0	0	5	0	0	0	34	0	0	0	9	0	0	2	0	0	0	3	0	0	0	5	0	0	0	34	0	0	0	23	4	0	0	0	0	0	4	0	0	0	2	0	0	0	3	0	0	0	5	0	0	0	67	4	0	0	334	9	0	0	9	0	0	5	0	0	0	34	0	0	0	9	0	0	2	0	0	0	3	0	0	0	5	0	0	0	34	0	0	0	9	0	0	0	0	0	0	0	0	0	0	2	0	0	0	3	0	0	0	5	0	0	0	34	0	0	0	23	4	0	0	0	0	0	3	0	0	0	0	0	0	0	4	0	0	0	2	0	0	0	3	0	0	0	5	0	0	0	67	4	0	0
501	494	34	12	0	487	17	0	0	34	12	0	13	0	0	0	95	24	0	0	480	17	0	0	17	0	0	13	0	0	0	58	0	0	0	34	12	0	9	0	0	0	11	0	0	0	13	0	0	0	95	24	0	0	473	17	0	0	17	0	0	13	0	0	0	58	0	0	0	17	0	0	9	0	0	0	11	0	0	0	13	0	0	0	58	0	0	0	34	12	0	2	0	0	0	15	0	0	0	9	0	0	0	11	0	0	0	13	0	0	0	95	24	0	0	466	17	0	0	17	0	0	13	0	0	0	58	0	0	0	17	0	0	9	0	0	0	11	0	0	0	13	0	0	0	58	0	0	0	17	0	0	2	0	0	0	1	0	0	0	9	0	0	0	11	0	0	0	13	0	0	0	58	0	0	0	34	12	0	8	0	0	0	9	0	0	0	2	0	0	0	15	0	0	0	9	0	0	0	11	0	0	0	13	0	0	0	95	24	0	0
831	819	51	53	0	807	18	34	0	51	53	0	19	26	0	0	131	160	0	0	795	15	32	0	18	34	0	10	24	0	0	58	110	0	0	51	53	0	7	16	0	0	12	24	0	0	19	26	0	0	131	160	0	0	783	15	32	0	15	32	0	10	24	0	0	50	104	0	0	18	34	0	7	16	0	0	10	24	0	0	10	24	0	0	58	110	0	0	51	53	0	2	0	0	0	21	0	0	0	7	16	0	0	12	24	0	0	19	26	0	0	131	160	0	0	771	15	32	0	15	32	0	10	24	0	0	50	104	0	0	15	32	0	7	16	0	0	9	24	0	0	10	24	0	0	50	104	0	0	18	34	0	2	0	0	0	1	0	0	0	7	16	0	0	10	24	0	0	10	24	0	0	58	110	0	0	51	53	0	8	0	0	0	12	0	0	0	2	0	0	0	21	0	0	0	7	16	0	0	12	24	0	0	19	26	0	0	131	160	0	0
770	759	48	39	0	748	17	18	0	48	39	0	12	9	0	0	125	125	0	0	737	17	18	0	17	18	0	12	9	0	0	55	63	0	0	48	39	0	9	0	0	0	17	0	0	0	12	9	0	0	125	125	0	0	726	17	18	0	17	18	0	12	9	0	0	55	63	0	0	17	18	0	9	0	0	0	11	0	0	0	12	9	0	0	55	63	0	0	48	39	0	7	0	0	0	29	0	0	0	9	0	0	0	17	0	0	0	12	9	0	0	125	125	0	0	715	16	18	0	17	18	0	12	9	0	0	55	63	0	0	17	18	0	9	0	0	0	11	0	0	0	12	9	0	0	55	63	0	0	17	18	0	2	0	0	0	1	0	0	0	9	0	0	0	11	0	0	0	12	9	0	0	55	63	0	0	48	39	0	8	0	0	0	17	4	0	0	7	0	0	0	29	0	0	0	9	0	0	0	17	0	0	0	12	9	0	0	125	125	0	0
773	762	44	19	20	751	24	10	0	44	19	20	21	0	0	0	120	59	20	0	740	24	10	0	24	10	0	21	0	0	0	72	50	0	0	44	19	20	13	0	0	0	21	0	0	0	21	0	0	0	120	59	20	0	729	20	10	0	24	10	0	21	0	0	0	72	50	0	0	24	10	0	9	0	0	0	15	0	0	0	21	0	0	0	72	50	0	0	44	19	20	9	0	0	0	27	36	0	0	13	0	0	0	21	0	0	0	21	0	0	0	120	59	20	0	718	17	10	0	20	10	0	13	0	0	0	61	50	0	0	24	10	0	9	0	0	0	15	0	0	0	21	0	0	0	72	50	0	0	24	10	0	2	0	0	0	2	0	0	0	9	0	0	0	15	0	0	0	21	0	0	0	72	50	0	0	44	19	20	8	0	0	0	13	18	0	0	9	0	0	0	27	36	0	0	13	0	0	0	21	0	0	0	21	0	0	0	120	59	20	0
703	693	52	23	12	683	33	9	0	52	23	12	39	0	0	0	141	48	24	0	673	30	9	0	33	9	0	30	0	0	0	100	27	0	0	52	23	12	19	0	0	0	21	27	0	0	39	0	0	0	141	48	24	0	663	25	9	0	30	9	0	30	0	0	0	92	27	0	0	33	9	0	13	0	0	0	15	27	0	0	30	0	0	0	100	27	0	0	52	23	12	16	0	0	0	28	35	0	0	19	0	0	0	21	27	0	0	39	0	0	0	141	48	24	0	653	21	7	0	25	9	0	21	0	0	0	79	27	0	0	30	9	0	13	0	0	0	14	27	0	0	30	0	0	0	92	27	0	0	33	9	0	7	0	0	0	3	0	0	0	13	0	0	0	15	27	0	0	30	0	0	0	100	27	0	0	52	23	12	10	14	0	0	12	21	0	0	16	0	0	0	28	35	0	0	19	0	0	0	21	27	0	0	39	0	0	0	141	48	24	0
1159	1142	75	108	12	1125	36	79	0	75	108	12	40	95	0	0	197	305	36	0	1108	31	72	0	36	79	0	25	86	0	0	113	238	0	0	75	108	12	13	72	0	0	22	53	0	0	40	95	0	0	197	305	36	0	1091	25	70	0	31	72	0	24	80	0	0	99	214	0	0	36	79	0	6	70	0	0	16	52	0	0	25	86	0	0	113	238	0	0	75	108	12	14	20	0	0	28	45	0	0	13	72	0	0	22	53	0	0	40	95	0	0	197	305	36	0	1074	21	64	0	25	70	0	15	80	0	0	81	210	0	0	31	72	0	6	70	0	0	14	50	0	0	24	80	0	0	99	214	0	0	36	79	0	5	20	0	0	2	10	0	0	6	70	0	0	16	52	0	0	25	86	0	0	113	238	0	0	75	108	12	8	42	0	0	16	21	0	0	14	20	0	0	28	45	0	0	13	72	0	0	22	53	0	0	40	95	0	0	197	305	36	0
769	758	58	34	8	747	34	10	0	58	34	8	42	0	0	0	153	86	32	0	736	32	10	0	34	10	0	32	0	0	0	105	20	0	0	58	34	8	24	0	0	0	21	12	0	0	42	0	0	0	153	86	32	0	725	26	10	0	32	10	0	30	0	0	0	98	20	0	0	34	10	0	13	0	0	0	17	0	0	0	32	0	0	0	105	20	0	0	58	34	8	16	0	0	0	29	36	0	0	24	0	0	0	21	12	0	0	42	0	0	0	153	86	32	0	714	22	10	0	26	10	0	21	0	0	0	83	20	0	0	32	10	0	13	0	0	0	17	0	0	0	30	0	0	0	98	20	0	0	34	10	0	7	0	0	0	3	0	0	0	13	0	0	0	17	0	0	0	32	0	0	0	105	20	0	0	58	34	8	12	0	0	0	14	18	0	0	16	0	0	0	29	36	0	0	24	0	0	0	21	12	0	0	42	0	0	0	153	86	32	0
772	761	66	35	4	750	39	10	0	66	35	4	56	0	0	0	166	95	20	0	739	35	10	0	39	10	0	38	0	0	0	116	20	0	0	66	35	4	34	0	0	0	21	20	0	0	56	0	0	0	166	95	20	0	728	27	5	0	35	10	0	32	0	0	0	102	20	0	0	39	10	0	15	0	0	0	18	0	0	0	38	0	0	0	116	20	0	0	66	35	4	15	25	0	0	30	40	0	0	34	0	0	0	21	20	0	0	56	0	0	0	166	95	20	0	717	23	0	0	27	5	0	21	0	0	0	82	10	0	0	35	10	0	13	0	0	0	18	0	0	0	32	0	0	0	102	20	0	0	39	10	0	7	0	0	0	4	0	0	0	15	0	0	0	18	0	0	0	38	0	0	0	116	20	0	0	66	35	4	12	0	0	0	11	20	4	0	15	25	0	0	30	40	0	0	34	0	0	0	21	20	0	0	56	0	0	0	166	95	20	0
1099	1083	81	77	34	1067	51	60	0	81	77	34	69	80	0	0	219	175	34	56	1051	43	56	0	51	60	0	41	80	0	0	164	150	0	0	81	77	34	35	36	0	0	30	56	0	0	69	80	0	0	219	175	34	56	1035	36	18	0	43	56	0	34	72	0	0	137	139	0	0	51	60	0	18	0	0	0	20	40	0	0	41	80	0	0	164	150	0	0	81	77	34	18	18	5	0	14	23	136	0	35	36	0	0	30	56	0	0	69	80	0	0	219	175	34	56	1019	31	0	0	36	18	0	31	0	0	0	120	36	0	0	43	56	0	16	0	0	0	18	40	0	0	34	72	0	0	137	139	0	0	51	60	0	12	0	0	0	5	10	0	0	18	0	0	0	20	40	0	0	41	80	0	0	164	150	0	0	81	77	34	11	0	21	0	3	0	68	0	18	18	5	0	14	23	136	0	35	36	0	0	30	56	0	0	69	80	0	0	219	175	34	56
1210	1192	90	120	25	1174	48	94	0	90	120	25	62	124	0	0	228	372	50	36	1156	42	88	0	48	94	0	38	118	0	0	137	324	0	0	90	120	25	33	62	0	0	29	23	0	0	62	124	0	0	228	372	50	36	1138	32	73	0	42	88	0	31	110	0	0	117	304	0	0	48	94	0	14	44	0	0	23	22	0	0	38	118	0	0	137	324	0	0	90	120	25	13	69	5	0	13	19	25	0	33	62	0	0	29	23	0	0	62	124	0	0	228	372	50	36	1120	26	61	0	32	73	0	21	93	0	0	91	265	0	0	42	88	0	12	42	0	0	22	21	0	0	31	110	0	0	117	304	0	0	48	94	0	7	50	0	0	5	10	0	0	14	44	0	0	23	22	0	0	38	118	0	0	137	324	0	0	90	120	25	13	41	21	0	17	0	25	0	13	69	5	0	13	19	25	0	33	62	0	0	29	23	0	0	62	124	0	0	228	372	50	36
759	748	65	31	18	737	44	10	0	65	31	18	62	0	0	0	169	72	54	24	726	40	10	0	44	10	0	44	0	0	0	127	30	0	0	65	31	18	38	0	0	0	24	0	0	0	62	0	0	0	169	72	54	24	715	30	10	0	40	10	0	38	0	0	0	113	30	0	0	44	10	0	18	0	0	0	19	0	0	0	44	0	0	0	127	30	0	0	65	31	18	20	0	5	0	11	7	0	0	38	0	0	0	24	0	0	0	62	0	0	0	169	72	54	24	704	24	10	0	30	10	0	27	0	0	0	90	30	0	0	40	10	0	16	0	0	0	19	0	0	0	38	0	0	0	113	30	0	0	44	10	0	12	0	0	0	6	0	0	0	18	0	0	0	19	0	0	0	44	0	0	0	127	30	0	0	65	31	18	10	0	14	0	3	0	0	0	20	0	5	0	11	7	0	0	38	0	0	0	24	0	0	0	62	0	0	0	169	72	54	24
968	954	69	65	11	940	40	23	0	69	65	11	46	82	0	0	172	163	55	12	926	38	6	0	40	23	0	38	12	0	0	113	64	0	0	69	65	11	27	30	0	0	21	0	22	0	46	82	0	0	172	163	55	12	912	29	0	0	38	6	0	34	0	0	0	106	12	0	0	40	23	0	12	0	0	0	20	0	0	0	38	12	0	0	113	64	0	0	69	65	11	18	0	5	0	10	6	11	0	27	30	0	0	21	0	22	0	46	82	0	0	172	163	55	12	898	25	0	0	29	0	0	23	0	0	0	85	0	0	0	38	6	0	10	0	0	0	20	0	0	0	34	0	0	0	106	12	0	0	40	23	0	10	0	0	0	5	0	0	0	12	0	0	0	20	0	0	0	38	12	0	0	113	64	0	0	69	65	11	10	0	0	0	3	0	0	0	18	0	5	0	10	6	11	0	27	30	0	0	21	0	22	0	46	82	0	0	172	163	55	12
1201	1183	89	134	5	1165	46	97	0	89	134	5	53	142	0	0	231	340	20	4	1147	40	75	0	46	97	0	36	80	0	0	142	251	0	0	89	134	5	21	86	0	0	19	55	10	0	53	142	0	0	231	340	20	4	1129	31	61	0	40	75	0	33	52	0	0	122	188	0	0	46	97	0	8	38	0	0	17	53	0	0	36	80	0	0	142	251	0	0	89	134	5	14	20	5	0	12	18	10	0	21	86	0	0	19	55	10	0	53	142	0	0	231	340	20	4	1111	28	56	0	31	61	0	24	42	0	0	99	159	0	0	40	75	0	8	28	0	0	16	51	0	0	33	52	0	0	122	188	0	0	46	97	0	10	0	0	0	5	11	0	0	8	38	0	0	17	53	0	0	36	80	0	0	142	251	0	0	89	134	5	11	0	0	0	4	0	5	0	14	20	5	0	12	18	10	0	21	86	0	0	19	55	10	0	53	142	0	0	231	340	20	4
1114	1097	89	106	35	1080	47	91	0	89	106	35	47	79	22	0	226	366	35	93	1063	35	87	0	47	91	0	34	75	0	0	126	313	0	0	89	106	35	14	42	60	0	31	51	0	0	47	79	22	0	226	366	35	93	1046	29	74	0	35	87	0	22	74	0	0	93	303	0	0	47	91	0	7	32	0	0	18	45	0	0	34	75	0	0	126	313	0	0	89	106	35	17	56	31	0	11	21	35	0	14	42	60	0	31	51	0	0	47	79	22	0	226	366	35	93	1029	26	68	0	29	74	0	19	68	0	0	77	273	0	0	35	87	0	7	30	0	0	17	38	0	0	22	74	0	0	93	303	0	0	47	91	0	5	50	0	0	6	19	0	0	7	32	0	0	18	45	0	0	34	75	0	0	126	313	0	0	89	106	35	13	62	0	0	13	36	0	0	17	56	31	0	11	21	35	0	14	42	60	0	31	51	0	0	47	79	22	0	226	366	35	93
620	611	48	8	26	602	31	0	0	48	8	26	32	0	22	0	133	32	26	59	593	27	0	0	31	0	0	26	0	0	0	89	0	0	0	48	8	26	13	0	24	0	16	0	0	0	32	0	22	0	133	32	26	59	584	24	0	0	27	0	0	23	0	0	0	80	0	0	0	31	0	0	10	0	0	0	16	0	0	0	26	0	0	0	89	0	0	0	48	8	26	10	0	13	0	4	0	0	0	13	0	24	0	16	0	0	0	32	0	22	0	133	32	26	59	575	24	0	0	24	0	0	23	0	0	0	77	0	0	0	27	0	0	10	0	0	0	16	0	0	0	23	0	0	0	80	0	0	0	31	0	0	10	0	0	0	4	0	0	0	10	0	0	0	16	0	0	0	26	0	0	0	89	0	0	0	48	8	26	10	0	0	0	3	0	0	0	10	0	13	0	4	0	0	0	13	0	24	0	16	0	0	0	32	0	22	0	133	32	26	59
755	744	43	28	18	733	24	0	0	43	28	18	22	0	22	0	111	63	72	34	722	21	0	0	24	0	0	16	0	0	0	63	0	0	0	43	28	18	9	0	16	0	14	0	0	0	22	0	22	0	111	63	72	34	711	19	0	0	21	0	0	14	0	0	0	56	0	0	0	24	0	0	6	0	0	0	14	0	0	0	16	0	0	0	63	0	0	0	43	28	18	5	0	5	0	3	0	0	0	9	0	16	0	14	0	0	0	22	0	22	0	111	63	72	34	700	19	0	0	19	0	0	14	0	0	0	54	0	0	0	21	0	0	6	0	0	0	14	0	0	0	14	0	0	0	56	0	0	0	24	0	0	5	0	0	0	3	0	0	0	6	0	0	0	14	0	0	0	16	0	0	0	63	0	0	0	43	28	18	6	0	0	0	3	0	0	0	5	0	5	0	3	0	0	0	9	0	16	0	14	0	0	0	22	0	22	0	111	63	72	34
732	721	47	38	11	710	24	24	0	47	38	11	26	16	22	0	125	86	22	16	699	18	24	0	24	24	0	14	16	0	0	65	56	0	0	47	38	11	9	0	16	0	11	24	0	0	26	16	22	0	125	86	22	16	688	16	24	0	18	24	0	12	16	0	0	50	56	0	0	24	24	0	6	0	0	0	11	24	0	0	14	16	0	0	65	56	0	0	47	38	11	5	0	5	0	3	0	0	0	9	0	16	0	11	24	0	0	26	16	22	0	125	86	22	16	677	16	24	0	16	24	0	12	16	0	0	48	56	0	0	18	24	0	6	0	0	0	11	24	0	0	12	16	0	0	50	56	0	0	24	24	0	5	0	0	0	3	0	0	0	6	0	0	0	11	24	0	0	14	16	0	0	65	56	0	0	47	38	11	6	0	0	0	3	0	0	0	5	0	5	0	3	0	0	0	9	0	16	0	11	24	0	0	26	16	22	0	125	86	22	16
412	406	21	8	6	400	8	0	0	21	8	6	6	0	12	0	49	16	12	11	394	7	0	0	8	0	0	4	0	0	0	16	0	0	0	21	8	6	1	0	6	0	6	0	0	0	6	0	12	0	49	16	12	11	388	7	0	0	7	0	0	4	0	0	0	14	0	0	0	8	0	0	1	0	0	0	6	0	0	0	4	0	0	0	16	0	0	0	21	8	6	0	0	0	0	0	0	0	0	1	0	6	0	6	0	0	0	6	0	12	0	49	16	12	11	382	7	0	0	7	0	0	4	0	0	0	14	0	0	0	7	0	0	1	0	0	0	6	0	0	0	4	0	0	0	14	0	0	0	8	0	0	0	0	0	0	0	0	0	0	1	0	0	0	6	0	0	0	4	0	0	0	16	0	0	0	21	8	6	0	0	0	0	0	0	0	0	0	0	0	0	0	0	0	0	1	0	6	0	6	0	0	0	6	0	12	0	49	16	12	11
677	667	37	21	27	657	17	0	11	37	21	27	14	0	29	50	88	42	81	18	647	16	0	0	17	0	11	12	0	16	0	47	0	33	0	37	21	27	3	0	9	0	10	0	0	16	14	0	29	50	88	42	81	18	637	16	0	0	16	0	0	12	0	0	0	46	0	0	0	17	0	11	3	0	5	0	7	0	0	0	12	0	16	0	47	0	33	0	37	21	27	0	0	0	0	4	0	0	0	3	0	9	0	10	0	0	16	14	0	29	50	88	42	81	18	627	16	0	0	16	0	0	12	0	0	0	46	0	0	0	16	0	0	3	0	0	0	6	0	0	0	12	0	0	0	46	0	0	0	17	0	11	0	0	0	0	1	0	0	0	3	0	5	0	7	0	0	0	12	0	16	0	47	0	33	0	37	21	27	0	0	0	0	0	0	0	0	0	0	0	0	4	0	0	0	3	0	9	0	10	0	0	16	14	0	29	50	88	42	81	18
1196	1178	59	92	53	1160	31	46	11	59	92	53	28	31	29	50	152	194	212	96	1142	26	45	0	31	46	11	20	30	16	0	96	91	44	0	59	92	53	5	15	17	0	15	45	0	16	28	31	29	50	152	194	212	96	1124	26	45	0	26	45	0	20	30	0	0	86	90	0	0	31	46	11	5	15	5	0	11	45	0	0	20	30	16	0	96	91	44	0	59	92	53	5	0	0	0	7	0	0	0	5	15	17	0	15	45	0	16	28	31	29	50	152	194	212	96	1106	26	45	0	26	45	0	20	30	0	0	86	90	0	0	26	45	0	5	15	0	0	9	45	0	0	20	30	0	0	86	90	0	0	31	46	11	5	0	0	0	3	0	0	0	5	15	5	0	11	45	0	0	20	30	16	0	96	91	44	0	59	92	53	6	0	0	0	3	0	0	0	5	0	0	0	7	0	0	0	5	15	17	0	15	45	0	16	28	31	29	50	152	194	212	96
535	527	25	7	17	519	10	7	0	25	7	17	8	0	0	0	59	7	0	35	511	10	7	0	10	7	0	8	0	0	0	26	7	0	0	25	7	17	1	0	0	0	6	0	0	0	8	0	0	0	59	7	0	35	503	10	7	0	10	7	0	8	0	0	0	26	7	0	0	10	7	0	1	0	0	0	6	0	0	0	8	0	0	0	26	7	0	0	25	7	17	0	0	0	0	0	0	0	0	1	0	0	0	6	0	0	0	8	0	0	0	59	7	0	35	495	10	7	0	10	7	0	8	0	0	0	26	7	0	0	10	7	0	1	0	0	0	6	0	0	0	8	0	0	0	26	7	0	0	10	7	0	0	0	0	0	0	0	0	0	1	0	0	0	6	0	0	0	8	0	0	0	26	7	0	0	25	7	17	0	0	0	0	0	0	0	0	0	0	0	0	0	0	0	0	1	0	0	0	6	0	0	0	8	0	0	0	59	7	0	35
474	467	23	10	7	460	8	0	0	23	10	7	6	0	0	0	52	15	14	18	453	8	0	0	8	0	0	6	0	0	0	20	0	0	0	23	10	7	1	0	0	0	5	0	0	0	6	0	0	0	52	15	14	18	446	8	0	0	8	0	0	6	0	0	0	20	0	0	0	8	0	0	1	0	0	0	3	0	0	0	6	0	0	0	20	0	0	0	23	10	7	0	0	0	0	2	0	0	0	1	0	0	0	5	0	0	0	6	0	0	0	52	15	14	18	439	8	0	0	8	0	0	6	0	0	0	20	0	0	0	8	0	0	1	0	0	0	3	0	0	0	6	0	0	0	20	0	0	0	8	0	0	0	0	0	0	0	0	0	0	1	0	0	0	3	0	0	0	6	0	0	0	20	0	0	0	23	10	7	0	0	0	0	0	0	0	0	0	0	0	0	2	0	0	0	1	0	0	0	5	0	0	0	6	0	0	0	52	15	14	18
845	832	46	60	0	819	10	36	0	46	60	0	6	36	0	0	106	183	0	0	806	10	36	0	10	36	0	6	36	0	0	31	117	0	0	46	60	0	1	0	0	0	14	0	0	0	6	36	0	0	106	183	0	0	793	10	36	0	10	36	0	6	36	0	0	31	117	0	0	10	36	0	1	0	0	0	3	0	0	0	6	36	0	0	31	117	0	0	46	60	0	0	0	0	0	7	0	0	0	1	0	0	0	14	0	0	0	6	36	0	0	106	183	0	0	780	10	36	0	10	36	0	6	36	0	0	31	117	0	0	10	36	0	1	0	0	0	3	0	0	0	6	36	0	0	31	117	0	0	10	36	0	0	0	0	0	0	0	0	0	1	0	0	0	3	0	0	0	6	36	0	0	31	117	0	0	46	60	0	0	0	0	0	1	0	0	0	0	0	0	0	7	0	0	0	1	0	0	0	14	0	0	0	6	36	0	0	106	183	0	0
1003	988	49	26	81	973	31	0	50	49	26	81	29	0	41	40	135	26	162	87	958	30	0	38	31	0	50	28	0	39	22	106	0	100	22	49	26	81	9	0	0	75	24	13	0	0	29	0	41	40	135	26	162	87	943	27	0	5	30	0	38	27	0	31	0	101	0	76	0	31	0	50	6	0	0	0	8	0	0	0	28	0	39	22	106	0	100	22	49	26	81	3	0	20	25	8	13	0	75	9	0	0	75	24	13	0	0	29	0	41	40	135	26	162	87	928	24	0	0	27	0	5	21	0	0	0	86	0	10	0	30	0	38	6	0	0	0	7	0	0	0	27	0	31	0	101	0	76	0	31	0	50	0	0	20	0	0	0	0	0	6	0	0	0	8	0	0	0	28	0	39	22	106	0	100	22	49	26	81	2	0	30	0	0	0	0	4	3	0	20	25	8	13	0	75	9	0	0	75	24	13	0	0	29	0	41	40	135	26	162	87
669	659	33	9	37	649	17	0	10	33	9	37	13	0	20	0	89	9	37	87	639	16	0	9	17	0	10	12	0	20	0	61	0	10	22	33	9	37	2	0	0	9	18	9	0	0	13	0	20	0	89	9	37	87	629	15	0	0	16	0	9	11	0	18	0	56	0	9	0	17	0	10	1	0	0	0	4	0	0	0	12	0	20	0	61	0	10	22	33	9	37	0	0	0	0	6	9	0	34	2	0	0	9	18	9	0	0	13	0	20	0	89	9	37	87	619	15	0	0	15	0	0	11	0	0	0	51	0	0	0	16	0	9	1	0	0	0	3	0	0	0	11	0	18	0	56	0	9	0	17	0	10	0	0	0	0	0	0	0	0	1	0	0	0	4	0	0	0	12	0	20	0	61	0	10	22	33	9	37	1	0	0	0	0	0	0	0	0	0	0	0	6	9	0	34	2	0	0	9	18	9	0	0	13	0	20	0	89	9	37	87
1038	1022	56	78	43	1006	22	48	19	56	78	43	17	36	31	18	138	235	129	80	990	21	48	14	22	48	19	16	36	29	10	68	180	57	22	56	78	43	5	0	0	29	22	9	0	0	17	36	31	18	138	235	129	80	974	20	48	0	21	48	14	15	36	23	0	63	180	42	0	22	48	19	4	0	0	0	7	0	0	0	16	36	29	10	68	180	57	22	56	78	43	0	0	0	0	10	9	0	39	5	0	0	29	22	9	0	0	17	36	31	18	138	235	129	80	958	20	48	0	20	48	0	15	36	0	0	58	180	0	0	21	48	14	4	0	0	0	6	0	0	0	15	36	23	0	63	180	42	0	22	48	19	0	0	0	0	1	0	0	0	4	0	0	0	7	0	0	0	16	36	29	10	68	180	57	22	56	78	43	1	0	0	0	2	0	0	0	0	0	0	0	10	9	0	39	5	0	0	29	22	9	0	0	17	36	31	18	138	235	129	80
732	721	51	30	14	710	28	0	10	51	30	14	41	0	20	0	129	72	70	0	699	21	0	9	28	0	10	19	0	20	0	93	0	50	0	51	30	14	6	0	0	9	12	42	0	0	41	0	20	0	129	72	70	0	688	19	0	0	21	0	9	15	0	18	0	72	0	45	0	28	0	10	1	0	0	0	4	0	0	0	19	0	20	0	93	0	50	0	51	30	14	0	0	0	0	5	12	0	34	6	0	0	9	12	42	0	0	41	0	20	0	129	72	70	0	677	19	0	0	19	0	0	15	0	0	0	62	0	0	0	21	0	9	1	0	0	0	1	0	0	0	15	0	18	0	72	0	45	0	28	0	10	0	0	0	0	0	0	0	0	1	0	0	0	4	0	0	0	19	0	20	0	93	0	50	0	51	30	14	1	0	0	0	0	0	0	0	0	0	0	0	5	12	0	34	6	0	0	9	12	42	0	0	41	0	20	0	129	72	70	0
719	708	44	37	15	697	19	18	0	44	37	15	16	9	0	0	112	115	45	53	686	18	18	0	19	18	0	15	9	0	0	62	81	0	11	44	37	15	3	0	0	0	14	6	0	0	16	9	0	0	112	115	45	53	675	17	18	0	18	18	0	14	9	0	0	57	81	0	0	19	18	0	2	0	0	0	4	0	0	0	15	9	0	0	62	81	0	11	44	37	15	0	0	0	0	6	6	0	0	3	0	0	0	14	6	0	0	16	9	0	0	112	115	45	53	664	17	18	0	17	18	0	14	9	0	0	52	81	0	0	18	18	0	2	0	0	0	3	0	0	0	14	9	0	0	57	81	0	0	19	18	0	0	0	0	0	0	0	0	0	2	0	0	0	4	0	0	0	15	9	0	0	62	81	0	11	44	37	15	1	0	0	0	1	0	0	0	0	0	0	0	6	6	0	0	3	0	0	0	14	6	0	0	16	9	0	0	112	115	45	53
981	966	58	63	47	951	34	27	37	58	63	47	43	81	18	40	146	141	141	14	936	24	0	37	34	27	37	20	0	18	40	101	72	111	10	58	63	47	7	0	46	0	7	12	141	0	43	81	18	40	146	141	141	14	921	21	0	36	24	0	37	13	0	18	36	70	0	111	9	34	27	37	1	0	46	0	7	9	111	0	20	0	18	40	101	72	111	10	58	63	47	0	0	10	9	0	0	0	0	7	0	46	0	7	12	141	0	43	81	18	40	146	141	141	14	906	21	0	22	21	0	36	13	0	18	0	58	0	108	0	24	0	37	1	0	46	0	4	0	111	0	13	0	18	36	70	0	111	9	34	27	37	0	0	10	0	0	0	0	0	1	0	46	0	7	9	111	0	20	0	18	40	101	72	111	10	58	63	47	2	0	0	35	2	0	0	34	0	0	10	9	0	0	0	0	7	0	46	0	7	12	141	0	43	81	18	40	146	141	141	14
1233	1214	79	80	100	1195	49	63	50	79	80	100	66	46	10	72	225	294	100	190	1176	37	48	47	49	63	50	37	31	10	68	154	281	50	89	79	80	100	13	14	52	26	15	15	100	0	66	46	10	72	225	294	100	190	1157	30	34	32	37	48	47	25	17	10	54	116	206	47	70	49	63	50	8	0	50	10	13	14	50	0	37	31	10	68	154	281	50	89	79	80	100	3	0	61	45	4	0	100	35	13	14	52	26	15	15	100	0	66	46	10	72	225	294	100	190	1138	27	33	7	30	34	32	18	17	10	0	89	136	32	5	37	48	47	6	0	50	0	9	0	47	0	25	17	10	54	116	206	47	70	49	63	50	3	0	58	0	2	0	50	0	8	0	50	10	13	14	50	0	37	31	10	68	154	281	50	89	79	80	100	10	16	29	21	12	0	0	64	3	0	61	45	4	0	100	35	13	14	52	26	15	15	100	0	66	46	10	72	225	294	100	190
825	812	48	49	34	799	27	37	0	48	49	34	34	38	0	0	136	98	34	153	786	20	36	0	27	37	0	12	36	0	0	91	91	0	79	48	49	34	5	9	0	0	7	0	0	0	34	38	0	0	136	98	34	153	773	18	36	0	20	36	0	8	36	0	0	70	90	0	61	27	37	0	0	9	0	0	4	0	0	0	12	36	0	0	91	91	0	79	48	49	34	0	0	0	0	3	0	0	0	5	9	0	0	7	0	0	0	34	38	0	0	136	98	34	153	760	18	36	0	18	36	0	8	36	0	0	60	90	0	5	20	36	0	0	9	0	0	1	0	0	0	8	36	0	0	70	90	0	61	27	37	0	0	0	0	0	2	0	0	0	0	9	0	0	4	0	0	0	12	36	0	0	91	91	0	79	48	49	34	1	0	0	0	2	0	0	0	0	0	0	0	3	0	0	0	5	9	0	0	7	0	0	0	34	38	0	0	136	98	34	153
657	647	44	21	21	637	30	0	0	44	21	21	40	0	0	0	119	35	63	72	627	23	0	0	30	0	0	18	0	0	0	96	0	0	29	44	21	21	6	0	0	0	4	0	0	0	40	0	0	0	119	35	63	72	617	21	0	0	23	0	0	14	0	0	0	75	0	0	23	30	0	0	1	0	0	0	4	0	0	0	18	0	0	0	96	0	0	29	44	21	21	0	0	0	0	0	0	0	0	6	0	0	0	4	0	0	0	40	0	0	0	119	35	63	72	607	21	0	0	21	0	0	14	0	0	0	65	0	0	0	23	0	0	1	0	0	0	1	0	0	0	14	0	0	0	75	0	0	23	30	0	0	0	0	0	0	0	0	0	0	1	0	0	0	4	0	0	0	18	0	0	0	96	0	0	29	44	21	21	1	0	0	0	0	0	0	0	0	0	0	0	0	0	0	0	6	0	0	0	4	0	0	0	40	0	0	0	119	35	63	72
1017	1001	70	100	6	985	33	63	0	70	100	6	36	113	0	0	178	272	24	14	969	27	44	0	33	63	0	18	41	0	0	98	176	0	10	70	100	6	2	20	0	0	9	23	18	0	36	113	0	0	178	272	24	14	953	26	39	0	27	44	0	17	26	0	0	81	116	0	9	33	63	0	1	0	0	0	7	18	0	0	18	41	0	0	98	176	0	10	70	100	6	0	0	0	0	2	0	6	0	2	20	0	0	9	23	18	0	36	113	0	0	178	272	24	14	937	26	39	0	26	39	0	17	26	0	0	76	91	0	0	27	44	0	1	0	0	0	4	13	0	0	17	26	0	0	81	116	0	9	33	63	0	0	0	0	0	1	0	0	0	1	0	0	0	7	18	0	0	18	41	0	0	98	176	0	10	70	100	6	7	0	0	0	8	0	0	0	0	0	0	0	2	0	6	0	2	20	0	0	9	23	18	0	36	113	0	0	178	272	24	14
646	636	41	24	26	626	15	0	23	41	24	26	13	0	59	28	103	66	104	0	616	14	0	23	15	0	23	10	0	51	28	44	0	92	0	41	24	26	0	0	12	0	4	0	0	0	13	0	59	28	103	66	104	0	606	14	0	23	14	0	23	10	0	51	28	42	0	92	0	15	0	23	0	0	10	0	3	0	0	0	10	0	51	28	44	0	92	0	41	24	26	0	0	0	0	0	0	0	0	0	0	12	0	4	0	0	0	13	0	59	28	103	66	104	0	596	14	0	23	14	0	23	10	0	51	28	42	0	92	0	14	0	23	0	0	10	0	3	0	0	0	10	0	51	28	42	0	92	0	15	0	23	0	0	0	0	0	0	0	0	0	0	10	0	3	0	0	0	10	0	51	28	44	0	92	0	41	24	26	0	0	0	0	0	0	0	0	0	0	0	0	0	0	0	0	0	0	12	0	4	0	0	0	13	0	59	28	103	66	104	0
634	624	45	16	43	614	25	16	0	45	16	43	22	0	56	0	130	32	0	208	604	23	16	0	25	16	0	18	0	0	0	75	32	0	87	45	16	43	3	0	19	0	4	0	0	0	22	0	56	0	130	32	0	208	594	23	16	0	23	16	0	18	0	0	0	65	32	0	84	25	16	0	3	0	0	0	1	0	0	0	18	0	0	0	75	32	0	87	45	16	43	1	0	0	0	3	0	0	0	3	0	19	0	4	0	0	0	22	0	56	0	130	32	0	208	584	23	16	0	23	16	0	18	0	0	0	65	32	0	68	23	16	0	3	0	0	0	1	0	0	0	18	0	0	0	65	32	0	84	25	16	0	1	0	0	0	3	0	0	0	3	0	0	0	1	0	0	0	18	0	0	0	75	32	0	87	45	16	43	1	0	0	0	1	0	0	0	1	0	0	0	3	0	0	0	3	0	19	0	4	0	0	0	22	0	56	0	130	32	0	208
810	797	59	53	21	784	27	36	0	59	53	21	27	27	42	0	154	141	42	74	771	26	36	0	27	36	0	24	27	0	0	72	108	0	37	59	53	21	5	0	5	0	11	0	0	0	27	27	42	0	154	141	42	74	758	26	36	0	26	36	0	24	27	0	0	67	108	0	37	27	36	0	5	0	0	0	7	0	0	0	24	27	0	0	72	108	0	37	59	53	21	1	0	0	0	7	0	0	0	5	0	5	0	11	0	0	0	27	27	42	0	154	141	42	74	745	26	36	0	26	36	0	24	27	0	0	67	108	0	36	26	36	0	5	0	0	0	7	0	0	0	24	27	0	0	67	108	0	37	27	36	0	1	0	0	0	7	0	0	0	5	0	0	0	7	0	0	0	24	27	0	0	72	108	0	37	59	53	21	0	0	0	0	2	0	0	0	1	0	0	0	7	0	0	0	5	0	5	0	11	0	0	0	27	27	42	0	154	141	42	74
647	637	42	21	21	627	20	0	0	42	21	21	15	0	42	0	104	42	63	74	617	19	0	0	20	0	0	12	0	0	0	58	0	0	37	42	21	21	0	0	5	0	6	0	0	0	15	0	42	0	104	42	63	74	607	19	0	0	19	0	0	12	0	0	0	53	0	0	37	20	0	0	0	0	0	0	4	0	0	0	12	0	0	0	58	0	0	37	42	21	21	0	0	0	0	0	0	0	0	0	0	5	0	6	0	0	0	15	0	42	0	104	42	63	74	597	19	0	0	19	0	0	12	0	0	0	53	0	0	36	19	0	0	0	0	0	0	4	0	0	0	12	0	0	0	53	0	0	37	20	0	0	0	0	0	0	0	0	0	0	0	0	0	0	4	0	0	0	12	0	0	0	58	0	0	37	42	21	21	0	0	0	0	0	0	0	0	0	0	0	0	0	0	0	0	0	0	5	0	6	0	0	0	15	0	42	0	104	42	63	74
807	794	63	60	5	781	28	36	0	63	60	5	26	36	15	0	151	173	20	6	768	27	36	0	28	36	0	23	36	0	0	73	108	0	0	63	60	5	5	0	5	0	11	0	0	0	26	36	15	0	151	173	20	6	755	27	36	0	27	36	0	23	36	0	0	68	108	0	0	28	36	0	5	0	0	0	8	0	0	0	23	36	0	0	73	108	0	0	63	60	5	1	0	0	0	7	0	0	0	5	0	5	0	11	0	0	0	26	36	15	0	151	173	20	6	742	27	36	0	27	36	0	23	36	0	0	68	108	0	0	27	36	0	5	0	0	0	8	0	0	0	23	36	0	0	68	108	0	0	28	36	0	1	0	0	0	7	0	0	0	5	0	0	0	8	0	0	0	23	36	0	0	73	108	0	0	63	60	5	0	0	0	0	3	0	0	0	1	0	0	0	7	0	0	0	5	0	5	0	11	0	0	0	26	36	15	0	151	173	20	6
1083	1066	53	60	71	1049	25	0	57	53	60	71	32	0	58	26	128	144	355	31	1032	23	0	53	25	0	57	24	0	57	23	67	0	285	23	53	60	71	6	0	12	39	7	0	0	0	32	0	58	26	128	144	355	31	1015	23	0	52	23	0	53	24	0	52	23	63	0	265	23	25	0	57	6	0	12	38	7	0	0	0	24	0	57	23	67	0	285	23	53	60	71	1	0	0	10	2	0	0	0	6	0	12	39	7	0	0	0	32	0	58	26	128	144	355	31	998	23	0	52	23	0	52	24	0	49	23	63	0	260	23	23	0	53	6	0	11	38	7	0	0	0	24	0	52	23	63	0	265	23	25	0	57	1	0	0	10	0	0	0	0	6	0	12	38	7	0	0	0	24	0	57	23	67	0	285	23	53	60	71	6	0	0	0	16	0	0	0	1	0	0	10	2	0	0	0	6	0	12	39	7	0	0	0	32	0	58	26	128	144	355	31
888	874	49	25	69	860	28	13	35	49	25	69	36	0	22	68	123	51	69	73	846	26	13	18	28	13	35	28	0	17	18	77	39	35	23	49	25	69	6	0	0	28	7	13	0	53	36	0	22	68	123	51	69	73	832	26	13	18	26	13	18	28	0	10	18	73	39	18	23	28	13	35	6	0	0	28	7	13	0	37	28	0	17	18	77	39	35	23	49	25	69	1	0	0	0	0	0	0	0	6	0	0	28	7	13	0	53	36	0	22	68	123	51	69	73	818	26	13	18	26	13	18	28	0	10	18	73	39	18	23	26	13	18	6	0	0	28	6	13	0	37	28	0	10	18	73	39	18	23	28	13	35	1	0	0	0	0	0	0	0	6	0	0	28	7	13	0	37	28	0	17	18	77	39	35	23	49	25	69	1	0	0	0	4	0	0	0	1	0	0	0	0	0	0	0	6	0	0	28	7	13	0	53	36	0	22	68	123	51	69	73
1068	1051	66	90	61	1034	30	39	52	66	90	61	32	60	73	73	169	215	305	0	1017	28	30	21	30	39	52	26	15	67	10	81	99	260	0	66	90	61	7	0	12	31	12	16	61	153	32	60	73	73	169	215	305	0	1000	28	30	20	28	30	21	26	15	43	10	75	90	105	0	30	39	52	7	0	12	30	10	15	52	87	26	15	67	10	81	99	260	0	66	90	61	7	0	0	10	3	0	0	0	7	0	12	31	12	16	61	153	32	60	73	73	169	215	305	0	983	26	29	20	28	30	20	26	15	40	10	75	90	100	0	28	30	21	7	0	11	30	9	15	21	84	26	15	43	10	75	90	105	0	30	39	52	5	0	0	10	1	0	0	0	7	0	12	30	10	15	52	87	26	15	67	10	81	99	260	0	66	90	61	11	14	0	0	16	28	0	0	7	0	0	10	3	0	0	0	7	0	12	31	12	16	61	153	32	60	73	73	169	215	305	0
936	921	52	58	46	906	28	36	14	52	58	46	35	24	9	47	137	114	92	73	891	26	36	0	28	36	14	27	24	5	0	79	96	28	23	52	58	46	6	0	0	0	9	12	0	53	35	24	9	47	137	114	92	73	876	26	36	0	26	36	0	27	24	0	0	75	96	0	23	28	36	14	6	0	0	0	7	12	0	37	27	24	5	0	79	96	28	23	52	58	46	1	0	0	0	1	0	0	0	6	0	0	0	9	12	0	53	35	24	9	47	137	114	92	73	861	26	36	0	26	36	0	27	24	0	0	75	96	0	23	26	36	0	6	0	0	0	6	12	0	37	27	24	0	0	75	96	0	23	28	36	14	1	0	0	0	1	0	0	0	6	0	0	0	7	12	0	37	27	24	5	0	79	96	28	23	52	58	46	1	0	0	0	4	0	0	0	1	0	0	0	1	0	0	0	6	0	0	0	9	12	0	53	35	24	9	47	137	114	92	73
750	738	43	42	18	726	20	20	0	43	42	18	30	10	0	0	105	95	54	52	714	18	20	0	20	20	0	22	10	0	0	54	70	0	23	43	42	18	6	0	0	0	8	10	0	0	30	10	0	0	105	95	54	52	702	18	20	0	18	20	0	22	10	0	0	50	70	0	23	20	20	0	6	0	0	0	6	10	0	0	22	10	0	0	54	70	0	23	43	42	18	1	0	0	0	0	0	0	0	6	0	0	0	8	10	0	0	30	10	0	0	105	95	54	52	690	18	20	0	18	20	0	22	10	0	0	50	70	0	23	18	20	0	6	0	0	0	5	10	0	0	22	10	0	0	50	70	0	23	20	20	0	1	0	0	0	0	0	0	0	6	0	0	0	6	10	0	0	22	10	0	0	54	70	0	23	43	42	18	1	0	0	0	6	0	0	0	1	0	0	0	0	0	0	0	6	0	0	0	8	10	0	0	30	10	0	0	105	95	54	52
817	804	38	22	78	791	22	0	44	38	22	78	22	0	23	72	89	44	156	150	778	22	0	43	22	0	44	22	0	12	69	55	0	88	109	38	22	78	7	0	0	12	12	0	0	0	22	0	23	72	89	44	156	150	765	22	0	40	22	0	43	22	0	12	61	55	0	86	74	22	0	44	7	0	0	10	7	0	0	0	22	0	12	69	55	0	88	109	38	22	78	7	0	0	31	4	0	0	0	7	0	0	12	12	0	0	0	22	0	23	72	89	44	156	150	752	20	0	39	22	0	40	22	0	11	59	55	0	80	72	22	0	43	7	0	0	10	7	0	0	0	22	0	12	61	55	0	86	74	22	0	44	5	0	0	30	1	0	0	0	7	0	0	10	7	0	0	0	22	0	12	69	55	0	88	109	38	22	78	11	0	0	10	15	22	0	0	7	0	0	31	4	0	0	0	7	0	0	12	12	0	0	0	22	0	23	72	89	44	156	150
806	793	52	44	45	780	30	12	22	52	44	45	28	0	43	24	120	80	180	132	767	29	12	22	30	12	22	26	0	32	24	76	0	88	109	52	44	45	12	0	10	0	23	0	0	0	28	0	43	24	120	80	180	132	754	28	12	20	29	12	22	26	0	32	22	74	0	88	74	30	12	22	8	0	10	0	9	0	0	0	26	0	32	24	76	0	88	109	52	44	45	22	0	0	20	7	8	0	0	12	0	10	0	23	0	0	0	28	0	43	24	120	80	180	132	741	22	12	19	28	12	20	23	0	29	20	69	0	80	72	29	12	22	7	0	10	0	6	0	0	0	26	0	32	22	74	0	88	74	30	12	22	6	0	0	19	3	0	0	0	8	0	10	0	9	0	0	0	26	0	32	24	76	0	88	109	52	44	45	16	0	10	10	16	40	0	0	22	0	0	20	7	8	0	0	12	0	10	0	23	0	0	0	28	0	43	24	120	80	180	132
1055	1038	68	81	73	1021	37	30	46	68	81	73	34	15	43	66	155	233	365	132	1004	35	30	41	37	30	46	29	15	32	53	91	90	230	109	68	81	73	12	0	10	34	32	16	0	0	34	15	43	66	155	233	365	132	987	34	30	20	35	30	41	29	15	32	22	86	90	205	74	37	30	46	8	0	10	0	10	15	0	0	29	15	32	53	91	90	230	109	68	81	73	22	0	0	20	9	10	0	106	12	0	10	34	32	16	0	0	34	15	43	66	155	233	365	132	970	27	25	19	34	30	20	26	15	29	20	81	90	100	72	35	30	41	7	0	10	0	6	15	0	0	29	15	32	22	86	90	205	74	37	30	46	6	0	0	19	4	0	0	50	8	0	10	0	10	15	0	0	29	15	32	53	91	90	230	109	68	81	73	11	50	26	10	17	50	0	0	22	0	0	20	9	10	0	106	12	0	10	34	32	16	0	0	34	15	43	66	155	233	365	132
1073	1055	64	111	50	1037	30	87	0	64	111	50	21	171	9	0	156	255	50	265	1019	28	81	0	30	87	0	15	153	0	0	80	216	0	158	64	111	50	1	63	0	0	14	24	0	0	21	171	9	0	156	255	50	265	1001	28	80	0	28	81	0	15	150	0	0	75	210	0	92	30	87	0	1	60	0	0	9	21	0	0	15	153	0	0	80	216	0	158	64	111	50	6	10	0	0	10	0	0	0	1	63	0	0	14	24	0	0	21	171	9	0	156	255	50	265	983	26	80	0	28	80	0	15	150	0	0	75	210	0	90	28	81	0	1	60	0	0	8	20	0	0	15	150	0	0	75	210	0	92	30	87	0	4	10	0	0	8	0	0	0	1	60	0	0	9	21	0	0	15	153	0	0	80	216	0	158	64	111	50	16	0	0	0	22	18	0	0	6	10	0	0	10	0	0	0	1	63	0	0	14	24	0	0	21	171	9	0	156	255	50	265
504	496	31	0	38	488	18	0	0	31	0	38	20	0	9	0	78	0	0	196	480	18	0	0	18	0	0	20	0	0	0	48	0	0	123	31	0	38	6	0	0	0	6	0	0	0	20	0	9	0	78	0	0	196	472	18	0	0	18	0	0	20	0	0	0	48	0	0	74	18	0	0	6	0	0	0	6	0	0	0	20	0	0	0	48	0	0	123	31	0	38	1	0	0	0	2	0	0	0	6	0	0	0	6	0	0	0	20	0	9	0	78	0	0	196	464	18	0	0	18	0	0	20	0	0	0	48	0	0	72	18	0	0	6	0	0	0	6	0	0	0	20	0	0	0	48	0	0	74	18	0	0	1	0	0	0	0	0	0	0	6	0	0	0	6	0	0	0	20	0	0	0	48	0	0	123	31	0	38	6	0	0	0	16	0	0	0	1	0	0	0	2	0	0	0	6	0	0	0	6	0	0	0	20	0	9	0	78	0	0	196
857	843	44	43	68	829	28	13	34	44	43	68	21	0	12	62	95	40	204	196	815	23	13	32	28	13	34	13	0	10	56	67	0	102	112	44	43	68	7	0	0	24	21	50	0	0	21	0	12	62	95	40	204	196	801	20	13	32	23	13	32	11	0	10	56	52	0	96	106	28	13	34	1	0	0	24	3	0	0	0	13	0	10	56	67	0	102	112	44	43	68	19	0	12	0	7	10	0	0	7	0	0	24	21	50	0	0	21	0	12	62	95	40	204	196	787	13	13	30	20	13	32	7	0	10	51	41	0	96	80	23	13	32	1	0	0	22	3	0	0	0	11	0	10	56	52	0	96	106	28	13	34	4	0	10	0	5	0	0	0	1	0	0	24	3	0	0	0	13	0	10	56	67	0	102	112	44	43	68	8	0	22	20	2	0	0	0	19	0	12	0	7	10	0	0	7	0	0	24	21	50	0	0	21	0	12	62	95	40	204	196
1018	1001	70	106	30	984	37	74	10	70	106	30	22	48	12	20	157	239	120	118	967	31	70	10	37	74	10	12	48	10	20	87	188	40	68	70	106	30	10	28	0	0	29	42	0	0	22	48	12	20	157	239	120	118	950	27	51	10	31	70	10	10	36	10	20	70	168	40	63	37	74	10	3	0	0	0	6	0	0	0	12	48	10	20	87	188	40	68	70	106	30	22	84	12	0	19	35	30	0	10	28	0	0	29	42	0	0	22	48	12	20	157	239	120	118	933	22	27	9	27	51	10	8	15	10	18	56	101	40	40	31	70	10	3	0	0	0	6	0	0	0	10	36	10	20	70	168	40	63	37	74	10	15	0	10	0	12	26	10	0	3	0	0	0	6	0	0	0	12	48	10	20	87	188	40	68	70	106	30	17	36	22	9	10	12	90	0	22	84	12	0	19	35	30	0	10	28	0	0	29	42	0	0	22	48	12	20	157	239	120	118
955	939	61	82	52	923	32	69	9	61	82	52	31	46	0	45	135	182	52	246	907	30	68	0	32	69	9	25	46	0	0	76	165	9	112	61	82	52	16	12	0	0	30	25	0	61	31	46	0	45	135	182	52	246	891	28	62	0	30	68	0	25	44	0	0	71	162	0	106	32	69	9	8	10	0	0	6	23	0	52	25	46	0	0	76	165	9	112	61	82	52	19	62	0	0	14	10	0	0	16	12	0	0	30	25	0	61	31	46	0	45	135	182	52	246	875	22	39	0	28	62	0	21	38	0	0	63	147	0	80	30	68	0	8	10	0	0	5	22	0	21	25	44	0	0	71	162	0	106	32	69	9	3	40	0	0	8	10	0	0	8	10	0	0	6	23	0	52	25	46	0	0	76	165	9	112	61	82	52	13	49	24	0	9	10	104	0	19	62	0	0	14	10	0	0	16	12	0	0	30	25	0	61	31	46	0	45	135	182	52	246
602	592	38	28	18	582	21	16	0	38	28	18	16	0	0	0	75	34	36	118	572	18	16	0	21	16	0	10	0	0	0	48	16	0	68	38	28	18	5	0	0	0	20	18	0	0	16	0	0	0	75	34	36	118	562	17	16	0	18	16	0	10	0	0	0	40	16	0	63	21	16	0	1	0	0	0	3	0	0	0	10	0	0	0	48	16	0	68	38	28	18	18	0	0	0	10	0	0	0	5	0	0	0	20	18	0	0	16	0	0	0	75	34	36	118	552	11	16	0	17	16	0	7	0	0	0	35	16	0	40	18	16	0	1	0	0	0	3	0	0	0	10	0	0	0	40	16	0	63	21	16	0	4	0	0	0	4	0	0	0	1	0	0	0	3	0	0	0	10	0	0	0	48	16	0	68	38	28	18	8	0	10	0	4	0	0	0	18	0	0	0	10	0	0	0	5	0	0	0	20	18	0	0	16	0	0	0	75	34	36	118
661	650	45	39	10	639	26	18	0	45	39	10	21	9	0	0	97	58	40	73	628	20	18	0	26	18	0	11	9	0	0	63	27	0	46	45	39	10	7	0	0	0	19	30	0	0	21	9	0	0	97	58	40	73	617	17	18	0	20	18	0	9	9	0	0	46	27	0	41	26	18	0	1	0	0	0	3	0	0	0	11	9	0	0	63	27	0	46	45	39	10	18	0	0	0	10	15	0	0	7	0	0	0	19	30	0	0	21	9	0	0	97	58	40	73	606	11	18	0	17	18	0	6	9	0	0	35	27	0	20	20	18	0	1	0	0	0	3	0	0	0	9	9	0	0	46	27	0	41	26	18	0	4	0	0	0	4	9	0	0	1	0	0	0	3	0	0	0	11	9	0	0	63	27	0	46	45	39	10	8	0	10	0	4	0	0	0	18	0	0	0	10	15	0	0	7	0	0	0	19	30	0	0	21	9	0	0	97	58	40	73
1029	1012	48	66	79	995	27	36	49	48	66	79	18	72	37	24	117	160	158	126	978	19	0	47	27	36	49	11	0	37	20	66	96	98	44	48	66	79	3	0	64	20	2	0	237	0	18	72	37	24	117	160	158	126	961	14	0	47	19	0	47	5	0	37	20	40	0	94	42	27	36	49	2	0	55	20	2	0	147	0	11	0	37	20	66	96	98	44	48	66	79	0	0	35	0	8	0	0	0	3	0	64	20	2	0	237	0	18	72	37	24	117	160	158	126	944	14	0	47	14	0	47	5	0	37	20	28	0	94	42	19	0	47	2	0	53	20	2	0	141	0	5	0	37	20	40	0	94	42	27	36	49	0	0	12	0	7	0	0	0	2	0	55	20	2	0	147	0	11	0	37	20	66	96	98	44	48	66	79	3	0	0	0	2	0	0	0	0	0	35	0	8	0	0	0	3	0	64	20	2	0	237	0	18	72	37	24	117	160	158	126
425	418	20	10	8	411	9	0	8	20	10	8	12	0	8	0	50	20	16	0	404	3	0	8	9	0	8	2	0	8	0	23	0	16	0	20	10	8	1	0	0	0	0	0	0	0	12	0	8	0	50	20	16	0	397	2	0	8	3	0	8	0	0	8	0	6	0	16	0	9	0	8	0	0	0	0	0	0	0	0	2	0	8	0	23	0	16	0	20	10	8	0	0	0	0	1	0	0	0	1	0	0	0	0	0	0	0	12	0	8	0	50	20	16	0	390	2	0	8	2	0	8	0	0	8	0	5	0	16	0	3	0	8	0	0	0	0	0	0	0	0	0	0	8	0	6	0	16	0	9	0	8	0	0	0	0	1	0	0	0	0	0	0	0	0	0	0	0	2	0	8	0	23	0	16	0	20	10	8	0	0	0	0	0	0	0	0	0	0	0	0	1	0	0	0	1	0	0	0	0	0	0	0	12	0	8	0	50	20	16	0
609	599	36	9	37	589	26	0	0	36	9	37	21	0	0	0	82	27	37	178	579	19	0	0	26	0	0	11	0	0	0	59	0	0	53	36	9	37	2	0	7	0	2	0	0	0	21	0	0	0	82	27	37	178	569	13	0	0	19	0	0	6	0	0	0	37	0	0	42	26	0	0	1	0	0	0	2	0	0	0	11	0	0	0	59	0	0	53	36	9	37	4	0	39	0	5	0	0	0	2	0	7	0	2	0	0	0	21	0	0	0	82	27	37	178	559	12	0	0	13	0	0	4	0	0	0	21	0	0	42	19	0	0	1	0	0	0	2	0	0	0	6	0	0	0	37	0	0	42	26	0	0	4	0	0	0	5	0	0	0	1	0	0	0	2	0	0	0	11	0	0	0	59	0	0	53	36	9	37	7	0	9	0	2	0	0	0	4	0	39	0	5	0	0	0	2	0	7	0	2	0	0	0	21	0	0	0	82	27	37	178
716	704	45	44	22	692	26	33	0	45	44	22	16	30	0	0	112	98	22	108	680	21	18	0	26	33	0	8	14	0	0	68	68	0	44	45	44	22	3	7	7	0	6	0	44	0	16	30	0	0	112	98	22	108	668	17	11	0	21	18	0	5	0	0	0	53	18	0	42	26	33	0	2	0	0	0	4	0	0	0	8	14	0	0	68	68	0	44	45	44	22	9	0	21	0	13	11	22	0	3	7	7	0	6	0	44	0	16	30	0	0	112	98	22	108	656	17	11	0	17	11	0	5	0	0	0	40	11	0	42	21	18	0	2	0	0	0	4	0	0	0	5	0	0	0	53	18	0	42	26	33	0	9	0	0	0	11	11	0	0	2	0	0	0	4	0	0	0	8	14	0	0	68	68	0	44	45	44	22	6	0	0	0	4	0	0	0	9	0	21	0	13	11	22	0	3	7	7	0	6	0	44	0	16	30	0	0	112	98	22	108
545	536	32	20	12	527	20	6	0	32	20	12	18	12	0	0	81	40	24	40	518	14	0	0	20	6	0	10	0	0	0	54	12	0	10	32	20	12	3	0	7	0	2	0	12	0	18	12	0	0	81	40	24	40	509	10	0	0	14	0	0	5	0	0	0	34	0	0	10	20	6	0	2	0	0	0	2	0	0	0	10	0	0	0	54	12	0	10	32	20	12	0	0	21	0	6	0	0	0	3	0	7	0	2	0	12	0	18	12	0	0	81	40	24	40	500	10	0	0	10	0	0	5	0	0	0	25	0	0	10	14	0	0	2	0	0	0	2	0	0	0	5	0	0	0	34	0	0	10	20	6	0	0	0	0	0	6	0	0	0	2	0	0	0	2	0	0	0	10	0	0	0	54	12	0	10	32	20	12	3	0	0	0	1	0	0	0	0	0	21	0	6	0	0	0	3	0	7	0	2	0	12	0	18	12	0	0	81	40	24	40
889	874	43	47	80	859	14	14	37	43	47	80	12	0	102	45	103	144	240	158	844	13	14	37	14	14	37	10	0	43	45	34	56	111	57	43	47	80	2	0	7	0	2	0	0	0	12	0	102	45	103	144	240	158	829	13	14	37	13	14	37	10	0	43	45	33	56	111	55	14	14	37	2	0	0	0	2	0	0	0	10	0	43	45	34	56	111	57	43	47	80	0	0	0	0	5	0	0	0	2	0	7	0	2	0	0	0	12	0	102	45	103	144	240	158	814	13	14	37	13	14	37	10	0	43	45	33	56	111	55	13	14	37	2	0	0	0	2	0	0	0	10	0	43	45	33	56	111	55	14	14	37	0	0	0	0	4	0	0	0	2	0	0	0	2	0	0	0	10	0	43	45	34	56	111	57	43	47	80	0	0	0	0	1	0	0	0	0	0	0	0	5	0	0	0	2	0	7	0	2	0	0	0	12	0	102	45	103	144	240	158
477	469	36	15	9	461	15	0	9	36	15	9	15	0	18	0	91	30	27	0	453	15	0	9	15	0	9	15	0	18	0	41	0	27	0	36	15	9	3	0	0	0	2	0	0	0	15	0	18	0	91	30	27	0	445	15	0	9	15	0	9	15	0	18	0	41	0	27	0	15	0	9	3	0	0	0	2	0	0	0	15	0	18	0	41	0	27	0	36	15	9	0	0	0	0	2	0	0	0	3	0	0	0	2	0	0	0	15	0	18	0	91	30	27	0	437	15	0	9	15	0	9	15	0	18	0	41	0	27	0	15	0	9	3	0	0	0	2	0	0	0	15	0	18	0	41	0	27	0	15	0	9	0	0	0	0	2	0	0	0	3	0	0	0	2	0	0	0	15	0	18	0	41	0	27	0	36	15	9	0	0	0	0	0	0	0	0	0	0	0	0	2	0	0	0	3	0	0	0	2	0	0	0	15	0	18	0	91	30	27	0
655	644	44	30	30	633	15	0	30	44	30	30	15	0	63	0	109	90	150	0	622	15	0	30	15	0	30	15	0	63	0	38	0	150	0	44	30	30	3	0	0	0	2	0	0	0	15	0	63	0	109	90	150	0	611	15	0	30	15	0	30	15	0	63	0	38	0	150	0	15	0	30	3	0	0	0	2	0	0	0	15	0	63	0	38	0	150	0	44	30	30	0	0	0	0	5	0	0	0	3	0	0	0	2	0	0	0	15	0	63	0	109	90	150	0	600	15	0	30	15	0	30	15	0	63	0	38	0	150	0	15	0	30	3	0	0	0	2	0	0	0	15	0	63	0	38	0	150	0	15	0	30	0	0	0	0	3	0	0	0	3	0	0	0	2	0	0	0	15	0	63	0	38	0	150	0	44	30	30	0	0	0	0	2	0	0	0	0	0	0	0	5	0	0	0	3	0	0	0	2	0	0	0	15	0	63	0	109	90	150	0
479	471	31	7	23	463	10	0	0	31	7	23	9	0	42	0	83	14	23	99	455	10	0	0	10	0	0	9	0	0	0	31	0	0	57	31	7	23	2	0	0	0	2	0	0	0	9	0	42	0	83	14	23	99	447	10	0	0	10	0	0	9	0	0	0	31	0	0	55	10	0	0	2	0	0	0	2	0	0	0	9	0	0	0	31	0	0	57	31	7	23	0	0	0	0	2	0	0	0	2	0	0	0	2	0	0	0	9	0	42	0	83	14	23	99	439	10	0	0	10	0	0	9	0	0	0	31	0	0	55	10	0	0	2	0	0	0	2	0	0	0	9	0	0	0	31	0	0	55	10	0	0	0	0	0	0	2	0	0	0	2	0	0	0	2	0	0	0	9	0	0	0	31	0	0	57	31	7	23	0	0	0	0	0	0	0	0	0	0	0	0	2	0	0	0	2	0	0	0	2	0	0	0	9	0	42	0	83	14	23	99
733	720	47	62	0	707	12	40	0	47	62	0	10	48	0	0	110	154	0	0	694	12	40	0	12	40	0	10	48	0	0	32	104	0	0	47	62	0	3	0	0	0	2	0	0	0	10	48	0	0	110	154	0	0	681	12	40	0	12	40	0	10	48	0	0	32	104	0	0	12	40	0	3	0	0	0	2	0	0	0	10	48	0	0	32	104	0	0	47	62	0	0	0	0	0	3	0	0	0	3	0	0	0	2	0	0	0	10	48	0	0	110	154	0	0	668	12	40	0	12	40	0	10	48	0	0	32	104	0	0	12	40	0	3	0	0	0	2	0	0	0	10	48	0	0	32	104	0	0	12	40	0	0	0	0	0	2	0	0	0	3	0	0	0	2	0	0	0	10	48	0	0	32	104	0	0	47	62	0	0	0	0	0	1	0	0	0	0	0	0	0	3	0	0	0	3	0	0	0	2	0	0	0	10	48	0	0	110	154	0	0
884	869	37	14	104	854	22	0	71	37	14	104	15	0	0	85	91	14	104	119	839	22	0	57	22	0	71	15	0	0	59	57	0	71	76	37	14	104	3	0	0	29	4	0	0	79	15	0	0	85	91	14	104	119	824	22	0	57	22	0	57	15	0	0	59	57	0	57	76	22	0	71	3	0	0	29	4	0	0	49	15	0	0	59	57	0	71	76	37	14	104	9	0	0	0	10	0	0	0	3	0	0	29	4	0	0	79	15	0	0	85	91	14	104	119	809	22	0	57	22	0	57	15	0	0	59	57	0	57	76	22	0	57	3	0	0	29	4	0	0	47	15	0	0	59	57	0	57	76	22	0	71	9	0	0	0	8	0	0	0	3	0	0	29	4	0	0	49	15	0	0	59	57	0	71	76	37	14	104	3	0	0	0	4	0	0	0	9	0	0	0	10	0	0	0	3	0	0	29	4	0	0	79	15	0	0	85	91	14	104	119
1110	1091	63	83	111	1072	32	18	89	63	83	111	16	0	73	58	161	200	555	110	1053	32	18	64	32	18	89	16	0	72	26	88	18	445	67	63	83	111	10	0	0	56	14	0	0	101	16	0	73	58	161	200	555	110	1034	30	18	55	32	18	64	16	0	52	26	88	18	320	67	32	18	89	5	0	0	26	5	0	0	49	16	0	72	26	88	18	445	67	63	83	111	15	0	0	24	17	31	0	30	10	0	0	56	14	0	0	101	16	0	73	58	161	200	555	110	1015	29	18	52	30	18	55	15	0	29	26	80	18	275	67	32	18	64	5	0	0	24	5	0	0	47	16	0	52	26	88	18	320	67	32	18	89	11	0	0	20	14	18	0	10	5	0	0	26	5	0	0	49	16	0	72	26	88	18	445	67	63	83	111	15	0	0	36	9	13	0	0	15	0	0	24	17	31	0	30	10	0	0	56	14	0	0	101	16	0	73	58	161	200	555	110
822	808	53	40	53	794	30	0	39	53	40	53	20	0	18	39	130	100	212	30	780	29	0	39	30	0	39	18	0	18	39	77	0	156	30	53	40	53	9	0	9	0	10	0	0	0	20	0	18	39	130	100	212	30	766	28	0	39	29	0	39	18	0	18	39	76	0	156	30	30	0	39	5	0	9	0	5	0	0	0	18	0	18	39	77	0	156	30	53	40	53	15	0	0	0	13	10	0	0	9	0	9	0	10	0	0	0	20	0	18	39	130	100	212	30	752	27	0	39	28	0	39	17	0	18	39	73	0	156	30	29	0	39	5	0	9	0	5	0	0	0	18	0	18	39	76	0	156	30	30	0	39	11	0	0	0	12	0	0	0	5	0	9	0	5	0	0	0	18	0	18	39	77	0	156	30	53	40	53	12	0	0	0	7	10	0	0	15	0	0	0	13	10	0	0	9	0	9	0	10	0	0	0	20	0	18	39	130	100	212	30
1033	1015	59	85	63	997	28	58	25	59	85	63	25	44	8	43	138	249	126	142	979	26	56	0	28	58	25	17	42	7	0	68	202	50	76	59	85	63	9	28	0	0	7	28	0	113	25	44	8	43	138	249	126	142	961	24	56	0	26	56	0	13	42	0	0	61	196	0	76	28	58	25	1	28	0	0	2	28	0	49	17	42	7	0	68	202	50	76	59	85	63	9	0	0	0	12	28	0	0	9	28	0	0	7	28	0	113	25	44	8	43	138	249	126	142	943	24	56	0	24	56	0	13	42	0	0	58	196	0	76	26	56	0	1	28	0	0	2	28	0	47	13	42	0	0	61	196	0	76	28	58	25	9	0	0	0	8	28	0	0	1	28	0	0	2	28	0	49	17	42	7	0	68	202	50	76	59	85	63	3	0	0	0	4	0	0	0	9	0	0	0	12	28	0	0	9	28	0	0	7	28	0	113	25	44	8	43	138	249	126	142
842	827	49	78	15	812	21	51	0	49	78	15	10	63	0	0	117	151	45	39	797	21	50	0	21	51	0	10	60	0	0	57	101	0	39	49	78	15	2	10	0	0	7	0	0	0	10	63	0	0	117	151	45	39	782	21	50	0	21	50	0	10	60	0	0	57	100	0	39	21	51	0	2	10	0	0	4	0	0	0	10	60	0	0	57	101	0	39	49	78	15	9	0	0	0	11	0	0	0	2	10	0	0	7	0	0	0	10	63	0	0	117	151	45	39	767	21	50	0	21	50	0	10	60	0	0	57	100	0	39	21	50	0	2	10	0	0	4	0	0	0	10	60	0	0	57	100	0	39	21	51	0	9	0	0	0	9	0	0	0	2	10	0	0	4	0	0	0	10	60	0	0	57	101	0	39	49	78	15	3	0	0	0	5	0	0	0	9	0	0	0	11	0	0	0	2	10	0	0	7	0	0	0	10	63	0	0	117	151	45	39
1041	1023	63	45	139	1005	38	0	105	63	45	139	27	0	76	52	165	120	417	179	987	36	0	105	38	0	105	20	0	75	52	98	0	315	128	63	45	139	10	0	0	0	15	30	0	0	27	0	76	52	165	120	417	179	969	34	0	99	36	0	105	20	0	75	47	92	0	315	103	38	0	105	5	0	0	0	6	0	0	0	20	0	75	52	98	0	315	128	63	45	139	22	0	10	51	16	0	0	0	10	0	0	0	15	30	0	0	27	0	76	52	165	120	417	179	951	29	0	75	34	0	99	17	0	74	38	86	0	297	94	36	0	105	4	0	0	0	4	0	0	0	20	0	75	47	92	0	315	103	38	0	105	12	0	10	12	16	0	0	0	5	0	0	0	6	0	0	0	20	0	75	52	98	0	315	128	63	45	139	14	0	32	88	9	15	0	82	22	0	10	51	16	0	0	0	10	0	0	0	15	30	0	0	27	0	76	52	165	120	417	179
786	772	56	51	52	758	29	33	9	56	51	52	19	0	10	9	149	146	104	242	744	28	33	9	29	33	9	16	0	9	9	77	110	18	153	56	51	52	13	0	0	0	17	9	0	0	19	0	10	9	149	146	104	242	730	26	33	9	28	33	9	16	0	9	9	74	110	18	103	29	33	9	5	0	0	0	6	0	0	0	16	0	9	9	77	110	18	153	56	51	52	15	0	0	0	13	11	0	0	13	0	0	0	17	9	0	0	19	0	10	9	149	146	104	242	716	25	33	9	26	33	9	15	0	9	9	70	110	18	94	28	33	9	5	0	0	0	5	0	0	0	16	0	9	9	74	110	18	103	29	33	9	11	0	0	0	13	11	0	0	5	0	0	0	6	0	0	0	16	0	9	9	77	110	18	153	56	51	52	12	0	0	0	7	0	0	0	15	0	0	0	13	11	0	0	13	0	0	0	17	9	0	0	19	0	10	9	149	146	104	242
957	940	74	101	45	923	39	66	21	74	101	45	28	38	10	11	200	272	180	164	906	36	60	21	39	66	21	18	36	10	11	107	179	84	128	74	101	45	10	56	0	0	18	28	0	0	28	38	10	11	200	272	180	164	889	32	46	16	36	60	21	18	32	10	7	99	164	84	103	39	66	21	4	24	0	0	5	12	0	0	18	36	10	11	107	179	84	128	74	101	45	21	60	10	37	22	42	45	0	10	56	0	0	18	28	0	0	28	38	10	11	200	272	180	164	872	26	29	0	32	46	16	12	16	9	0	84	122	64	94	36	60	21	3	16	0	0	3	8	0	0	18	32	10	7	99	164	84	103	39	66	21	11	26	10	0	17	39	21	0	4	24	0	0	5	12	0	0	18	36	10	11	107	179	84	128	74	101	45	6	77	32	0	12	36	45	82	21	60	10	37	22	42	45	0	10	56	0	0	18	28	0	0	28	38	10	11	200	272	180	164
1004	986	66	92	78	968	37	81	19	66	92	78	33	0	0	27	176	215	78	346	950	35	81	18	37	81	19	25	0	0	25	102	204	19	224	66	92	78	22	0	0	7	22	24	0	0	33	0	0	27	176	215	78	346	932	29	72	7	35	81	18	21	0	0	7	95	204	18	160	37	81	19	5	0	0	0	4	24	0	0	25	0	0	25	102	204	19	224	66	92	78	10	108	0	28	14	60	0	22	22	0	0	7	22	24	0	0	33	0	0	27	176	215	78	346	914	25	69	0	29	72	7	16	0	0	0	77	180	7	151	35	81	18	5	0	0	0	4	24	0	0	21	0	0	7	95	204	18	160	37	81	19	2	108	0	0	11	60	0	0	5	0	0	0	4	24	0	0	25	0	0	25	102	204	19	224	66	92	78	9	33	12	0	5	24	0	30	10	108	0	28	14	60	0	22	22	0	0	7	22	24	0	0	33	0	0	27	176	215	78	346
717	704	63	59	13	691	29	36	0	63	59	13	18	27	0	0	168	181	52	111	678	27	36	0	29	36	0	11	27	0	0	77	117	0	89	63	59	13	14	0	0	0	15	10	0	0	18	27	0	0	168	181	52	111	665	25	36	0	27	36	0	11	27	0	0	71	117	0	64	29	36	0	6	0	0	0	5	0	0	0	11	27	0	0	77	117	0	89	63	59	13	21	0	0	0	20	9	0	0	14	0	0	0	15	10	0	0	18	27	0	0	168	181	52	111	652	23	36	0	25	36	0	10	27	0	0	67	117	0	55	27	36	0	5	0	0	0	3	0	0	0	11	27	0	0	71	117	0	64	29	36	0	13	0	0	0	16	9	0	0	6	0	0	0	5	0	0	0	11	27	0	0	77	117	0	89	63	59	13	14	0	0	0	13	5	0	0	21	0	0	0	20	9	0	0	14	0	0	0	15	10	0	0	18	27	0	0	168	181	52	111
896	880	53	42	103	864	30	28	52	53	42	103	20	14	21	33	147	153	103	327	848	27	28	51	30	28	52	13	14	21	31	82	98	52	154	53	42	103	10	0	8	9	9	0	0	0	20	14	21	33	147	153	103	327	832	25	28	51	27	28	51	12	14	21	31	73	98	51	153	30	28	52	6	0	0	9	5	0	0	0	13	14	21	31	82	98	52	154	53	42	103	17	0	8	0	19	14	0	0	10	0	8	9	9	0	0	0	20	14	21	33	147	153	103	327	816	19	28	51	25	28	51	10	14	21	31	70	98	51	131	27	28	51	3	0	0	9	2	0	0	0	12	14	21	31	73	98	51	153	30	28	52	13	0	0	0	15	14	0	0	6	0	0	9	5	0	0	0	13	14	21	31	82	98	52	154	53	42	103	3	0	49	0	11	0	0	0	17	0	8	0	19	14	0	0	10	0	8	9	9	0	0	0	20	14	21	33	147	153	103	327
1135	1115	76	67	140	1095	46	16	98	76	67	140	53	48	52	63	206	217	420	249	1075	39	0	98	46	16	98	37	0	52	63	119	48	294	135	76	67	140	12	0	50	0	13	19	140	0	53	48	52	63	206	217	420	249	1055	35	0	98	39	0	98	31	0	52	63	102	0	294	135	46	16	98	9	0	40	0	9	16	98	0	37	0	52	63	119	48	294	135	76	67	140	8	0	42	0	21	0	0	0	12	0	50	0	13	19	140	0	53	48	52	63	206	217	420	249	1035	32	0	97	35	0	98	29	0	52	61	98	0	294	124	39	0	98	6	0	40	0	5	0	98	0	31	0	52	63	102	0	294	135	46	16	98	4	0	30	0	21	0	0	0	9	0	40	0	9	16	98	0	37	0	52	63	119	48	294	135	76	67	140	4	0	16	9	13	0	0	0	8	0	42	0	21	0	0	0	12	0	50	0	13	19	140	0	53	48	52	63	206	217	420	249
875	859	68	81	39	843	34	51	26	68	81	39	37	39	27	0	182	206	117	58	827	31	49	26	34	51	26	30	37	27	0	92	111	78	21	68	81	39	12	25	8	0	15	0	0	0	37	39	27	0	182	206	117	58	811	28	48	26	31	49	26	29	36	27	0	83	109	78	21	34	51	26	7	24	0	0	9	0	0	0	30	37	27	0	92	111	78	21	68	81	39	8	12	8	0	20	26	0	0	12	25	8	0	15	0	0	0	37	39	27	0	182	206	117	58	795	24	48	26	28	48	26	26	36	27	0	77	108	78	16	31	49	26	4	24	0	0	6	0	0	0	29	36	27	0	83	109	78	21	34	51	26	3	12	0	0	16	25	0	0	7	24	0	0	9	0	0	0	30	37	27	0	92	111	78	21	68	81	39	3	0	16	0	13	14	0	0	8	12	8	0	20	26	0	0	12	25	8	0	15	0	0	0	37	39	27	0	182	206	117	58
843	827	77	98	18	811	35	66	18	77	98	18	41	117	27	0	189	251	72	0	795	29	63	18	35	66	18	26	108	27	0	85	161	72	0	77	98	18	12	27	0	0	15	40	0	0	41	117	27	0	189	251	72	0	779	25	63	18	29	63	18	18	108	27	0	72	153	72	0	35	66	18	4	27	0	0	11	36	0	0	26	108	27	0	85	161	72	0	77	98	18	9	0	0	0	16	40	0	0	12	27	0	0	15	40	0	0	41	117	27	0	189	251	72	0	763	23	63	18	25	63	18	17	108	27	0	59	153	72	0	29	63	18	3	27	0	0	9	36	0	0	18	108	27	0	72	153	72	0	35	66	18	4	0	0	0	12	36	0	0	4	27	0	0	11	36	0	0	26	108	27	0	85	161	72	0	77	98	18	6	0	0	0	14	10	0	0	9	0	0	0	16	40	0	0	12	27	0	0	15	40	0	0	41	117	27	0	189	251	72	0
927	910	84	108	28	893	43	72	0	84	108	28	41	82	0	0	213	320	112	197	876	40	63	0	43	72	0	35	52	0	0	111	215	0	126	84	108	28	12	24	8	0	21	11	28	0	41	82	0	0	213	320	112	197	859	36	58	0	40	63	0	34	52	0	0	103	191	0	126	43	72	0	7	20	0	0	9	7	0	0	35	52	0	0	111	215	0	126	84	108	28	10	40	8	0	32	40	0	0	12	24	8	0	21	11	28	0	41	82	0	0	213	320	112	197	842	31	49	0	36	58	0	27	50	0	0	91	178	0	115	40	63	0	5	13	0	0	7	0	0	0	34	52	0	0	103	191	0	126	43	72	0	5	12	0	0	20	38	0	0	7	20	0	0	9	7	0	0	35	52	0	0	111	215	0	126	84	108	28	6	24	16	0	20	40	28	0	10	40	8	0	32	40	0	0	12	24	8	0	21	11	28	0	41	82	0	0	213	320	112	197
1004	986	68	56	109	968	42	0	50	68	56	109	40	0	56	89	155	140	436	328	950	39	0	50	42	0	50	30	0	30	89	104	0	200	194	68	56	109	7	0	11	0	12	28	0	0	40	0	56	89	155	140	436	328	932	38	0	50	39	0	50	30	0	30	89	100	0	200	193	42	0	50	6	0	10	0	6	0	0	0	30	0	30	89	104	0	200	194	68	56	109	4	0	7	0	25	0	0	0	7	0	11	0	12	28	0	0	40	0	56	89	155	140	436	328	914	38	0	50	38	0	50	30	0	30	89	98	0	200	193	39	0	50	6	0	10	0	6	0	0	0	30	0	30	89	100	0	200	193	42	0	50	4	0	0	0	25	0	0	0	6	0	10	0	6	0	0	0	30	0	30	89	104	0	200	194	68	56	109	13	0	0	0	20	0	0	0	4	0	7	0	25	0	0	0	7	0	11	0	12	28	0	0	40	0	56	89	155	140	436	328
607	596	51	19	48	585	33	10	9	51	19	48	28	0	23	18	121	19	48	225	574	33	10	9	33	10	9	28	0	0	18	79	10	9	142	51	19	48	8	0	0	0	14	0	0	0	28	0	23	18	121	19	48	225	563	31	10	9	33	10	9	28	0	0	18	79	10	9	142	33	10	9	6	0	0	0	7	0	0	0	28	0	0	18	79	10	9	142	51	19	48	5	0	7	0	17	10	0	0	8	0	0	0	14	0	0	0	28	0	23	18	121	19	48	225	552	30	10	9	31	10	9	27	0	0	18	74	10	9	142	33	10	9	6	0	0	0	7	0	0	0	28	0	0	18	79	10	9	142	33	10	9	4	0	0	0	17	10	0	0	6	0	0	0	7	0	0	0	28	0	0	18	79	10	9	142	51	19	48	10	0	0	0	13	10	0	0	5	0	7	0	17	10	0	0	8	0	0	0	14	0	0	0	28	0	23	18	121	19	48	225
445	437	40	15	11	429	19	0	10	40	15	11	14	0	33	10	80	30	33	0	421	17	0	10	19	0	10	8	0	30	10	40	0	30	0	40	15	11	0	0	11	0	7	5	0	0	14	0	33	10	80	30	33	0	413	17	0	10	17	0	10	8	0	30	10	38	0	30	0	19	0	10	0	0	10	0	2	0	0	0	8	0	30	10	40	0	30	0	40	15	11	2	0	0	0	11	0	0	0	0	0	11	0	7	5	0	0	14	0	33	10	80	30	33	0	405	17	0	10	17	0	10	8	0	30	10	38	0	30	0	17	0	10	0	0	10	0	2	0	0	0	8	0	30	10	38	0	30	0	19	0	10	2	0	0	0	11	0	0	0	0	0	10	0	2	0	0	0	8	0	30	10	40	0	30	0	40	15	11	9	0	0	0	11	0	0	0	2	0	0	0	11	0	0	0	0	0	11	0	7	5	0	0	14	0	33	10	80	30	33	0
1022	1003	92	121	48	984	50	70	10	92	121	48	49	84	56	10	209	319	240	225	965	46	70	10	50	70	10	34	84	30	10	129	196	50	142	92	121	48	14	0	11	0	25	32	0	0	49	84	56	10	209	319	240	225	946	42	70	10	46	70	10	34	84	30	10	121	196	50	142	50	70	10	10	0	10	0	9	14	0	0	34	84	30	10	129	196	50	142	92	121	48	7	0	7	0	41	51	0	0	14	0	11	0	25	32	0	0	49	84	56	10	209	319	240	225	927	39	70	10	42	70	10	29	84	30	10	109	196	50	142	46	70	10	10	0	10	0	9	14	0	0	34	84	30	10	121	196	50	142	50	70	10	4	0	0	0	21	42	0	0	10	0	10	0	9	14	0	0	34	84	30	10	129	196	50	142	92	121	48	17	0	0	0	28	51	0	0	7	0	7	0	41	51	0	0	14	0	11	0	25	32	0	0	49	84	56	10	209	319	240	225
675	662	56	60	12	649	32	46	0	56	60	12	34	20	7	0	135	86	24	46	636	31	46	0	32	46	0	31	20	0	0	84	66	0	18	56	60	12	12	0	0	0	14	10	0	0	34	20	7	0	135	86	24	46	623	27	44	0	31	46	0	31	20	0	0	83	66	0	18	32	46	0	8	0	0	0	8	10	0	0	31	20	0	0	84	66	0	18	56	60	12	4	16	7	0	13	24	0	0	12	0	0	0	14	10	0	0	34	20	7	0	135	86	24	46	610	24	40	0	27	44	0	26	16	0	0	71	60	0	18	31	46	0	8	0	0	0	8	10	0	0	31	20	0	0	83	66	0	18	32	46	0	1	16	0	0	13	24	0	0	8	0	0	0	8	10	0	0	31	20	0	0	84	66	0	18	56	60	12	8	32	0	0	10	24	0	0	4	16	7	0	13	24	0	0	12	0	0	0	14	10	0	0	34	20	7	0	135	86	24	46
828	812	49	69	57	796	24	59	11	49	69	57	25	0	14	33	116	143	57	228	780	22	59	10	24	59	11	18	0	11	30	63	143	11	79	49	69	57	6	0	0	10	4	0	0	0	25	0	14	33	116	143	57	228	764	20	59	10	22	59	10	18	0	10	30	59	143	10	79	24	59	11	4	0	0	10	4	0	0	0	18	0	11	30	63	143	11	79	49	69	57	4	0	0	0	13	22	0	0	6	0	0	10	4	0	0	0	25	0	14	33	116	143	57	228	748	18	55	10	20	59	10	14	0	10	30	52	143	10	79	22	59	10	4	0	0	10	4	0	0	0	18	0	10	30	59	143	10	79	24	59	11	2	0	0	0	13	22	0	0	4	0	0	10	4	0	0	0	18	0	11	30	63	143	11	79	49	69	57	9	44	0	0	13	22	0	0	4	0	0	0	13	22	0	0	6	0	0	10	4	0	0	0	25	0	14	33	116	143	57	228
603	592	36	18	48	581	22	0	11	36	18	48	17	0	14	33	77	18	96	180	570	20	0	10	22	0	11	10	0	11	30	55	0	22	70	36	18	48	0	0	0	10	2	0	0	0	17	0	14	33	77	18	96	180	559	20	0	10	20	0	10	10	0	10	30	51	0	20	70	22	0	11	0	0	0	10	2	0	0	0	10	0	11	30	55	0	22	70	36	18	48	2	0	0	0	17	0	0	0	0	0	0	10	2	0	0	0	17	0	14	33	77	18	96	180	548	20	0	10	20	0	10	10	0	10	30	51	0	20	70	20	0	10	0	0	0	10	2	0	0	0	10	0	10	30	51	0	20	70	22	0	11	2	0	0	0	14	0	0	0	0	0	0	10	2	0	0	0	10	0	11	30	55	0	22	70	36	18	48	11	0	0	0	16	0	0	0	2	0	0	0	17	0	0	0	0	0	0	10	2	0	0	0	17	0	14	33	77	18	96	180
924	907	53	67	97	890	28	28	59	53	67	97	22	36	52	109	120	154	291	168	873	24	16	30	28	28	59	16	0	49	30	81	88	177	70	53	67	97	5	0	35	54	6	0	97	168	22	36	52	109	120	154	291	168	856	22	16	20	24	16	30	16	0	42	30	74	64	90	70	28	28	59	1	0	31	20	1	0	59	98	16	0	49	30	81	88	177	70	53	67	97	7	0	0	20	30	30	0	45	5	0	35	54	6	0	97	168	22	36	52	109	120	154	291	168	839	20	15	20	22	16	20	12	0	30	30	67	64	60	70	24	16	30	1	0	16	20	1	0	30	98	16	0	42	30	74	64	90	70	28	28	59	3	0	0	20	15	24	0	21	1	0	31	20	1	0	59	98	16	0	49	30	81	88	177	70	53	67	97	9	15	0	0	23	30	0	0	7	0	0	20	30	30	0	45	5	0	35	54	6	0	97	168	22	36	52	109	120	154	291	168
783	768	63	84	23	753	29	54	0	63	84	23	25	48	0	0	151	251	92	157	738	28	48	0	29	54	0	22	24	0	0	84	184	0	60	63	84	23	10	0	0	0	8	0	23	0	25	48	0	0	151	251	92	157	723	24	48	0	28	48	0	22	24	0	0	82	172	0	60	29	54	0	4	0	0	0	3	0	0	0	22	24	0	0	84	184	0	60	63	84	23	6	0	0	0	31	44	0	0	10	0	0	0	8	0	23	0	25	48	0	0	151	251	92	157	708	20	46	0	24	48	0	14	24	0	0	68	172	0	60	28	48	0	4	0	0	0	3	0	0	0	22	24	0	0	82	172	0	60	29	54	0	0	0	0	0	9	34	0	0	4	0	0	0	3	0	0	0	22	24	0	0	84	184	0	60	63	84	23	11	22	0	0	24	44	0	0	6	0	0	0	31	44	0	0	10	0	0	0	8	0	23	0	25	48	0	0	151	251	92	157
437	429	32	15	9	421	17	0	0	32	15	9	15	0	0	0	73	25	27	48	413	15	0	0	17	0	0	8	0	0	0	48	0	0	10	32	15	9	0	0	0	0	1	0	0	0	15	0	0	0	73	25	27	48	405	15	0	0	15	0	0	8	0	0	0	44	0	0	10	17	0	0	0	0	0	0	1	0	0	0	8	0	0	0	48	0	0	10	32	15	9	0	0	0	0	18	0	0	0	0	0	0	0	1	0	0	0	15	0	0	0	73	25	27	48	397	15	0	0	15	0	0	8	0	0	0	44	0	0	10	15	0	0	0	0	0	0	1	0	0	0	8	0	0	0	44	0	0	10	17	0	0	0	0	0	0	11	0	0	0	0	0	0	0	1	0	0	0	8	0	0	0	48	0	0	10	32	15	9	7	0	0	0	16	0	0	0	0	0	0	0	18	0	0	0	0	0	0	0	1	0	0	0	15	0	0	0	73	25	27	48
648	636	17	0	106	624	10	0	60	17	0	106	2	0	18	55	43	0	0	234	612	10	0	57	10	0	60	2	0	0	46	30	0	0	81	17	0	106	0	0	0	33	0	0	0	0	2	0	18	55	43	0	0	234	600	10	0	55	10	0	57	2	0	0	42	30	0	0	50	10	0	60	0	0	0	30	0	0	0	0	2	0	0	46	30	0	0	81	17	0	106	0	0	0	22	15	0	0	0	0	0	0	33	0	0	0	0	2	0	18	55	43	0	0	234	588	10	0	53	10	0	55	2	0	0	40	30	0	0	40	10	0	57	0	0	0	30	0	0	0	0	2	0	0	42	30	0	0	50	10	0	60	0	0	0	20	4	0	0	0	0	0	0	30	0	0	0	0	2	0	0	46	30	0	0	81	17	0	106	7	0	0	20	13	0	0	0	0	0	0	22	15	0	0	0	0	0	0	33	0	0	0	0	2	0	18	55	43	0	0	234
808	793	38	26	91	778	17	0	57	38	26	91	10	0	68	25	98	39	182	177	763	17	0	57	17	0	57	10	0	48	25	54	0	114	70	38	26	91	5	0	0	0	6	0	0	0	10	0	68	25	98	39	182	177	748	14	0	52	17	0	57	10	0	48	20	54	0	114	40	17	0	57	0	0	0	0	0	0	0	0	10	0	48	25	54	0	114	70	38	26	91	6	0	0	44	30	39	0	0	5	0	0	0	6	0	0	0	10	0	68	25	98	39	182	177	733	11	0	39	14	0	52	6	0	40	10	42	0	104	30	17	0	57	0	0	0	0	0	0	0	0	10	0	48	20	54	0	114	40	17	0	57	0	0	0	10	5	0	0	0	0	0	0	0	0	0	0	0	10	0	48	25	54	0	114	70	38	26	91	7	0	13	56	19	26	0	45	6	0	0	44	30	39	0	0	5	0	0	0	6	0	0	0	10	0	68	25	98	39	182	177
537	527	43	21	23	517	24	0	0	43	21	23	16	0	18	0	110	42	69	129	507	24	0	0	24	0	0	16	0	0	0	66	0	0	59	43	21	23	12	0	0	0	10	0	0	0	16	0	18	0	110	42	69	129	497	20	0	0	24	0	0	16	0	0	0	66	0	0	30	24	0	0	4	0	0	0	2	0	0	0	16	0	0	0	66	0	0	59	43	21	23	11	0	0	0	27	28	0	0	12	0	0	0	10	0	0	0	16	0	18	0	110	42	69	129	487	17	0	0	20	0	0	11	0	0	0	52	0	0	20	24	0	0	4	0	0	0	2	0	0	0	16	0	0	0	66	0	0	30	24	0	0	4	0	0	0	7	0	0	0	4	0	0	0	2	0	0	0	16	0	0	0	66	0	0	59	43	21	23	7	0	0	0	18	21	0	0	11	0	0	0	27	28	0	0	12	0	0	0	10	0	0	0	16	0	18	0	110	42	69	129
647	634	59	64	6	621	27	44	0	59	64	6	15	36	6	0	153	151	24	23	608	27	44	0	27	44	0	15	36	0	0	86	107	0	0	59	64	6	18	0	0	0	23	0	0	0	15	36	6	0	153	151	24	23	595	21	44	0	27	44	0	15	36	0	0	86	107	0	0	27	44	0	6	0	0	0	5	0	0	0	15	36	0	0	86	107	0	0	59	64	6	16	0	0	0	36	38	0	0	18	0	0	0	23	0	0	0	15	36	6	0	153	151	24	23	582	16	40	0	21	44	0	8	36	0	0	62	107	0	0	27	44	0	6	0	0	0	5	0	0	0	15	36	0	0	86	107	0	0	27	44	0	5	0	0	0	7	18	0	0	6	0	0	0	5	0	0	0	15	36	0	0	86	107	0	0	59	64	6	3	16	0	0	21	34	0	0	16	0	0	0	36	38	0	0	18	0	0	0	23	0	0	0	15	36	6	0	153	151	24	23
469	460	47	23	0	451	23	8	0	47	23	0	26	0	0	0	114	55	0	0	442	21	8	0	23	8	0	18	0	0	0	61	16	0	0	47	23	0	22	0	0	0	16	6	0	0	26	0	0	0	114	55	0	0	433	14	8	0	21	8	0	14	0	0	0	54	16	0	0	23	8	0	4	0	0	0	2	0	0	0	18	0	0	0	61	16	0	0	47	23	0	11	0	0	0	22	26	0	0	22	0	0	0	16	6	0	0	26	0	0	0	114	55	0	0	424	11	8	0	14	8	0	9	0	0	0	32	16	0	0	21	8	0	4	0	0	0	2	0	0	0	14	0	0	0	54	16	0	0	23	8	0	4	0	0	0	4	8	0	0	4	0	0	0	2	0	0	0	18	0	0	0	61	16	0	0	47	23	0	4	0	0	0	12	9	0	0	11	0	0	0	22	26	0	0	22	0	0	0	16	6	0	0	26	0	0	0	114	55	0	0
844	828	56	29	108	812	36	15	78	56	29	108	43	0	0	37	152	117	108	120	796	32	14	77	36	15	78	29	0	0	36	95	75	78	57	56	29	108	26	14	0	12	15	28	0	0	43	0	0	37	152	117	108	120	780	22	0	77	32	14	77	23	0	0	36	83	70	77	57	36	15	78	8	0	0	12	4	0	0	0	29	0	0	36	95	75	78	57	56	29	108	14	0	50	0	10	14	108	0	26	14	0	12	15	28	0	0	43	0	0	37	152	117	108	120	764	18	0	72	22	0	77	18	0	0	32	57	0	77	52	32	14	77	8	0	0	8	4	0	0	0	23	0	0	36	83	70	77	57	36	15	78	7	0	49	0	6	0	78	0	8	0	0	12	4	0	0	0	29	0	0	36	95	75	78	57	56	29	108	1	0	4	43	6	0	0	0	14	0	50	0	10	14	108	0	26	14	0	12	15	28	0	0	43	0	0	37	152	117	108	120
527	517	60	21	21	507	41	0	14	60	21	21	49	0	14	0	159	56	63	6	497	36	0	14	41	0	14	34	0	14	0	106	0	42	0	60	21	21	27	0	14	0	12	14	0	0	49	0	14	0	159	56	63	6	487	29	0	14	36	0	14	28	0	14	0	91	0	42	0	41	0	14	8	0	14	0	4	0	0	0	34	0	14	0	106	0	42	0	60	21	21	14	0	0	0	10	7	0	0	27	0	14	0	12	14	0	0	49	0	14	0	159	56	63	6	477	25	0	14	29	0	14	23	0	14	0	73	0	42	0	36	0	14	8	0	14	0	4	0	0	0	28	0	14	0	91	0	42	0	41	0	14	7	0	0	0	6	0	0	0	8	0	14	0	4	0	0	0	34	0	14	0	106	0	42	0	60	21	21	1	0	4	0	6	0	0	0	14	0	0	0	10	7	0	0	27	0	14	0	12	14	0	0	49	0	14	0	159	56	63	6
781	766	73	76	29	751	43	36	26	73	76	29	41	100	14	0	192	186	116	0	736	40	14	26	43	36	26	34	28	14	0	118	82	104	0	73	76	29	20	56	14	0	16	14	58	0	41	100	14	0	192	186	116	0	721	32	0	26	40	14	26	32	0	14	0	110	21	104	0	43	36	26	9	0	14	0	6	0	52	0	34	28	14	0	118	82	104	0	73	76	29	14	0	36	0	9	7	58	0	20	56	14	0	16	14	58	0	41	100	14	0	192	186	116	0	706	29	0	25	32	0	26	27	0	14	0	87	0	104	0	40	14	26	9	0	14	0	6	0	52	0	32	0	14	0	110	21	104	0	43	36	26	7	0	36	0	4	0	52	0	9	0	14	0	6	0	52	0	34	28	14	0	118	82	104	0	73	76	29	1	0	0	11	4	0	0	0	14	0	36	0	9	7	58	0	20	56	14	0	16	14	58	0	41	100	14	0	192	186	116	0
991	972	79	90	90	953	52	60	55	79	90	90	50	60	0	73	218	242	180	120	934	48	56	35	52	60	55	36	60	0	12	147	180	110	57	79	90	90	24	52	0	23	22	26	0	120	50	60	0	73	218	242	180	120	915	38	26	31	48	56	35	30	52	0	12	135	166	70	57	52	60	55	9	0	0	19	6	0	0	59	36	60	0	12	147	180	110	57	79	90	90	10	52	62	28	22	13	180	0	24	52	0	23	22	26	0	120	50	60	0	73	218	242	180	120	896	32	0	19	38	26	31	27	0	0	8	106	65	62	52	48	56	35	9	0	0	8	6	0	0	30	30	52	0	12	135	166	70	57	52	60	55	7	0	61	0	10	0	110	0	9	0	0	19	6	0	0	59	36	60	0	12	147	180	110	57	79	90	90	3	0	53	43	15	0	180	28	10	52	62	28	22	13	180	0	24	52	0	23	22	26	0	120	50	60	0	73	218	242	180	120
869	851	81	127	14	833	46	100	0	81	127	14	47	78	0	0	218	290	42	29	815	40	93	0	46	100	0	31	74	0	0	133	222	0	0	81	127	14	26	73	0	0	26	42	0	0	47	78	0	0	218	290	42	29	797	32	79	0	40	93	0	25	67	0	0	114	204	0	0	46	100	0	6	48	0	0	6	24	0	0	31	74	0	0	133	222	0	0	81	127	14	12	69	0	0	17	31	14	0	26	73	0	0	26	42	0	0	47	78	0	0	218	290	42	29	779	27	72	0	32	79	0	19	60	0	0	88	175	0	0	40	93	0	6	48	0	0	6	24	0	0	25	67	0	0	114	204	0	0	46	100	0	4	48	0	0	7	24	0	0	6	48	0	0	6	24	0	0	31	74	0	0	133	222	0	0	81	127	14	2	0	4	0	6	24	14	0	12	69	0	0	17	31	14	0	26	73	0	0	26	42	0	0	47	78	0	0	218	290	42	29
855	838	68	75	69	821	36	30	46	68	75	69	44	15	84	28	164	160	276	64	804	30	30	46	36	30	46	31	15	68	28	91	60	184	40	68	75	69	12	0	31	0	5	0	0	0	44	15	84	28	164	160	276	64	787	28	30	46	30	30	46	28	15	68	28	80	60	184	40	36	30	46	9	0	10	0	5	0	0	0	31	15	68	28	91	60	184	40	68	75	69	7	0	7	0	4	0	0	0	12	0	31	0	5	0	0	0	44	15	84	28	164	160	276	64	770	28	30	46	28	30	46	28	15	68	28	78	60	184	40	30	30	46	9	0	10	0	5	0	0	0	28	15	68	28	80	60	184	40	36	30	46	7	0	0	0	3	0	0	0	9	0	10	0	5	0	0	0	31	15	68	28	91	60	184	40	68	75	69	1	0	0	0	4	0	0	0	7	0	7	0	4	0	0	0	12	0	31	0	5	0	0	0	44	15	84	28	164	160	276	64
412	404	33	16	8	396	14	0	8	33	16	8	13	0	24	0	78	36	32	0	388	14	0	8	14	0	8	13	0	24	0	39	0	32	0	33	16	8	1	0	0	0	1	0	0	0	13	0	24	0	78	36	32	0	380	14	0	8	14	0	8	13	0	24	0	39	0	32	0	14	0	8	1	0	0	0	1	0	0	0	13	0	24	0	39	0	32	0	33	16	8	0	0	0	0	1	0	0	0	1	0	0	0	1	0	0	0	13	0	24	0	78	36	32	0	372	14	0	8	14	0	8	13	0	24	0	39	0	32	0	14	0	8	1	0	0	0	1	0	0	0	13	0	24	0	39	0	32	0	14	0	8	0	0	0	0	0	0	0	0	1	0	0	0	1	0	0	0	13	0	24	0	39	0	32	0	33	16	8	0	0	0	0	0	0	0	0	0	0	0	0	1	0	0	0	1	0	0	0	1	0	0	0	13	0	24	0	78	36	32	0
995	974	101	174	48	953	51	133	0	101	174	48	49	211	14	0	257	542	144	262	932	43	110	0	51	133	0	38	151	0	0	139	400	0	173	101	174	48	12	82	61	0	25	37	96	0	49	211	14	0	257	542	144	262	911	39	99	0	43	110	0	33	129	0	0	117	343	0	152	51	133	0	10	58	0	0	9	32	0	0	38	151	0	0	139	400	0	173	101	174	48	9	42	33	0	11	14	48	0	12	82	61	0	25	37	96	0	49	211	14	0	257	542	144	262	890	37	98	0	39	99	0	31	126	0	0	106	325	0	148	43	110	0	10	56	0	0	9	30	0	0	33	129	0	0	117	343	0	152	51	133	0	5	42	0	0	4	14	0	0	10	58	0	0	9	32	0	0	38	151	0	0	139	400	0	173	101	174	48	1	14	0	0	4	28	0	0	9	42	33	0	11	14	48	0	12	82	61	0	25	37	96	0	49	211	14	0	257	542	144	262
666	652	66	57	34	638	36	45	0	66	57	34	37	36	14	0	162	136	34	154	624	29	45	0	36	45	0	27	36	0	0	89	108	0	95	66	57	34	11	0	47	0	5	0	0	0	37	36	14	0	162	136	34	154	610	25	45	0	29	45	0	20	36	0	0	72	108	0	75	36	45	0	8	0	0	0	4	0	0	0	27	36	0	0	89	108	0	95	66	57	34	7	0	33	0	3	0	0	0	11	0	47	0	5	0	0	0	37	36	14	0	162	136	34	154	596	25	45	0	25	45	0	20	36	0	0	65	108	0	71	29	45	0	8	0	0	0	4	0	0	0	20	36	0	0	72	108	0	75	36	45	0	7	0	0	0	3	0	0	0	8	0	0	0	4	0	0	0	27	36	0	0	89	108	0	95	66	57	34	1	0	0	0	4	0	0	0	7	0	33	0	3	0	0	0	11	0	47	0	5	0	0	0	37	36	14	0	162	136	34	154
402	394	42	17	7	386	22	7	0	42	17	7	28	0	14	0	106	36	14	29	378	18	7	0	22	7	0	18	0	0	0	54	21	0	26	42	17	7	7	0	14	0	2	0	0	0	28	0	14	0	106	36	14	29	370	17	7	0	18	7	0	16	0	0	0	46	21	0	26	22	7	0	4	0	0	0	2	0	0	0	18	0	0	0	54	21	0	26	42	17	7	3	0	0	0	1	0	0	0	7	0	14	0	2	0	0	0	28	0	14	0	106	36	14	29	362	17	7	0	17	7	0	16	0	0	0	45	21	0	26	18	7	0	4	0	0	0	2	0	0	0	16	0	0	0	46	21	0	26	22	7	0	3	0	0	0	1	0	0	0	4	0	0	0	2	0	0	0	18	0	0	0	54	21	0	26	42	17	7	1	0	0	0	2	0	0	0	3	0	0	0	1	0	0	0	7	0	14	0	2	0	0	0	28	0	14	0	106	36	14	29
408	400	19	0	41	392	9	0	18	19	0	41	9	0	11	26	47	0	0	84	384	9	0	18	9	0	18	9	0	10	26	27	0	0	54	19	0	41	1	0	0	0	1	0	0	0	9	0	11	26	47	0	0	84	376	9	0	18	9	0	18	9	0	10	26	27	0	0	54	9	0	18	1	0	0	0	1	0	0	0	9	0	10	26	27	0	0	54	19	0	41	0	0	0	0	1	0	0	0	1	0	0	0	1	0	0	0	9	0	11	26	47	0	0	84	368	9	0	18	9	0	18	9	0	10	26	27	0	0	54	9	0	18	1	0	0	0	1	0	0	0	9	0	10	26	27	0	0	54	9	0	18	0	0	0	0	0	0	0	0	1	0	0	0	1	0	0	0	9	0	10	26	27	0	0	54	19	0	41	0	0	0	0	0	0	0	0	0	0	0	0	1	0	0	0	1	0	0	0	1	0	0	0	9	0	11	26	47	0	0	84
508	498	25	16	36	488	9	0	18	25	16	36	9	0	11	26	63	24	72	77	478	9	0	18	9	0	18	9	0	10	26	27	0	36	54	25	16	36	1	0	0	0	4	0	0	0	9	0	11	26	63	24	72	77	468	9	0	18	9	0	18	9	0	10	26	27	0	36	54	9	0	18	1	0	0	0	2	0	0	0	9	0	10	26	27	0	36	54	25	16	36	0	0	0	0	2	0	0	0	1	0	0	0	4	0	0	0	9	0	11	26	63	24	72	77	458	9	0	18	9	0	18	9	0	10	26	27	0	36	54	9	0	18	1	0	0	0	2	0	0	0	9	0	10	26	27	0	36	54	9	0	18	0	0	0	0	0	0	0	0	1	0	0	0	2	0	0	0	9	0	10	26	27	0	36	54	25	16	36	0	0	0	0	0	0	0	0	0	0	0	0	2	0	0	0	1	0	0	0	4	0	0	0	9	0	11	26	63	24	72	77
813	797	51	39	85	781	29	0	41	51	39	85	32	0	49	70	130	78	255	166	765	28	0	32	29	0	41	30	0	24	40	83	0	123	54	51	39	85	8	0	8	28	10	0	0	29	32	0	49	70	130	78	255	166	749	28	0	32	28	0	32	30	0	10	40	82	0	96	54	29	0	41	8	0	0	28	6	0	0	26	30	0	24	40	83	0	123	54	51	39	85	3	0	0	0	3	0	0	0	8	0	8	28	10	0	0	29	32	0	49	70	130	78	255	166	733	28	0	32	28	0	32	30	0	10	40	82	0	96	54	28	0	32	8	0	0	28	6	0	0	26	30	0	10	40	82	0	96	54	29	0	41	3	0	0	0	1	0	0	0	8	0	0	28	6	0	0	26	30	0	24	40	83	0	123	54	51	39	85	1	0	0	0	2	0	0	0	3	0	0	0	3	0	0	0	8	0	8	28	10	0	0	29	32	0	49	70	130	78	255	166
842	824	74	113	34	806	30	73	7	74	113	34	36	100	38	28	176	343	136	125	788	28	72	0	30	73	7	30	96	14	0	76	242	28	54	74	113	34	11	12	8	0	18	13	0	29	36	100	38	28	176	343	136	125	770	27	72	0	28	72	0	30	96	0	0	75	240	0	54	30	73	7	7	12	0	0	5	12	0	26	30	96	14	0	76	242	28	54	74	113	34	3	0	0	0	4	8	0	0	11	12	8	0	18	13	0	29	36	100	38	28	176	343	136	125	752	27	72	0	27	72	0	30	96	0	0	74	240	0	54	28	72	0	7	12	0	0	5	12	0	26	30	96	0	0	75	240	0	54	30	73	7	3	0	0	0	1	0	0	0	7	12	0	0	5	12	0	26	30	96	14	0	76	242	28	54	74	113	34	1	0	0	0	2	0	0	0	3	0	0	0	4	8	0	0	11	12	8	0	18	13	0	29	36	100	38	28	176	343	136	125
454	445	48	20	8	436	22	0	0	48	20	8	27	0	16	0	124	60	40	48	427	21	0	0	22	0	0	25	0	0	0	65	0	0	0	48	20	8	12	0	8	0	15	0	0	0	27	0	16	0	124	60	40	48	418	20	0	0	21	0	0	25	0	0	0	64	0	0	0	22	0	0	8	0	0	0	6	0	0	0	25	0	0	0	65	0	0	0	48	20	8	3	0	0	0	2	4	0	0	12	0	8	0	15	0	0	0	27	0	16	0	124	60	40	48	409	20	0	0	20	0	0	25	0	0	0	63	0	0	0	21	0	0	8	0	0	0	6	0	0	0	25	0	0	0	64	0	0	0	22	0	0	3	0	0	0	1	0	0	0	8	0	0	0	6	0	0	0	25	0	0	0	65	0	0	0	48	20	8	1	0	0	0	2	0	0	0	3	0	0	0	2	4	0	0	12	0	8	0	15	0	0	0	27	0	16	0	124	60	40	48
699	685	33	13	95	671	17	0	57	33	13	95	17	0	9	55	90	13	95	163	657	17	0	52	17	0	57	17	0	9	44	50	0	57	66	33	13	95	8	0	0	38	14	0	0	0	17	0	9	55	90	13	95	163	643	16	0	42	17	0	52	17	0	9	30	50	0	52	50	17	0	57	4	0	0	10	5	0	0	0	17	0	9	44	50	0	57	66	33	13	95	0	0	0	36	2	0	0	29	8	0	0	38	14	0	0	0	17	0	9	55	90	13	95	163	629	16	0	42	16	0	42	17	0	9	30	49	0	42	50	17	0	52	4	0	0	10	5	0	0	0	17	0	9	30	50	0	52	50	17	0	57	0	0	0	36	1	0	0	26	4	0	0	10	5	0	0	0	17	0	9	44	50	0	57	66	33	13	95	1	0	0	0	2	0	0	0	0	0	0	36	2	0	0	29	8	0	0	38	14	0	0	0	17	0	9	55	90	13	95	163
786	770	59	41	97	754	36	15	59	59	41	97	41	0	51	46	155	84	194	163	738	33	15	42	36	15	59	34	0	48	14	104	45	118	66	59	41	97	16	0	0	75	21	41	0	48	41	0	51	46	155	84	194	163	722	32	15	12	33	15	42	34	0	33	0	94	45	84	50	36	15	59	12	0	0	0	11	15	0	0	34	0	48	14	104	45	118	66	59	41	97	7	0	0	36	7	0	0	133	16	0	0	75	21	41	0	48	41	0	51	46	155	84	194	163	706	32	15	12	32	15	12	34	0	0	0	93	45	24	50	33	15	42	12	0	0	0	11	15	0	0	34	0	33	0	94	45	84	50	36	15	59	7	0	0	36	4	0	0	81	12	0	0	0	11	15	0	0	34	0	48	14	104	45	118	66	59	41	97	2	0	0	0	7	0	0	0	7	0	0	36	7	0	0	133	16	0	0	75	21	41	0	48	41	0	51	46	155	84	194	163
845	828	55	60	98	811	25	0	94	55	60	98	25	0	65	0	129	180	490	8	794	21	0	91	25	0	94	14	0	65	0	68	0	470	0	55	60	98	7	0	13	40	24	36	0	0	25	0	65	0	129	180	490	8	777	20	0	58	21	0	91	14	0	61	0	58	0	455	0	25	0	94	3	0	13	0	8	0	0	0	14	0	65	0	68	0	470	0	55	60	98	0	0	0	76	25	0	0	198	7	0	13	40	24	36	0	0	25	0	65	0	129	180	490	8	760	20	0	57	20	0	58	14	0	33	0	57	0	290	0	21	0	91	3	0	13	0	8	0	0	0	14	0	61	0	58	0	455	0	25	0	94	0	0	0	74	2	0	0	133	3	0	13	0	8	0	0	0	14	0	65	0	68	0	470	0	55	60	98	3	0	0	13	15	0	0	0	0	0	0	76	25	0	0	198	7	0	13	40	24	36	0	0	25	0	65	0	129	180	490	8
743	728	50	54	58	713	25	14	46	50	54	58	26	0	35	0	122	114	232	42	698	22	10	46	25	14	46	21	0	35	0	70	14	184	7	50	54	58	5	40	12	0	18	20	0	0	26	0	35	0	122	114	232	42	683	21	0	46	22	10	46	20	0	35	0	64	10	184	0	25	14	46	4	0	12	0	8	0	0	0	21	0	35	0	70	14	184	7	50	54	58	0	0	12	0	16	0	58	0	5	40	12	0	18	20	0	0	26	0	35	0	122	114	232	42	668	21	0	46	21	0	46	20	0	35	0	63	0	184	0	22	10	46	4	0	12	0	8	0	0	0	20	0	35	0	64	10	184	0	25	14	46	0	0	12	0	2	0	46	0	4	0	12	0	8	0	0	0	21	0	35	0	70	14	184	7	50	54	58	1	0	0	0	11	0	0	0	0	0	12	0	16	0	58	0	5	40	12	0	18	20	0	0	26	0	35	0	122	114	232	42
777	760	71	101	36	743	35	69	8	71	101	36	42	94	11	24	181	250	108	127	726	31	66	0	35	69	8	31	88	8	0	102	187	24	48	71	101	36	9	33	0	0	24	41	0	48	42	94	11	24	181	250	108	127	709	30	66	0	31	66	0	31	88	0	0	92	187	0	32	35	69	8	5	33	0	0	8	22	0	0	31	88	8	0	102	187	24	48	71	101	36	3	0	0	0	11	0	0	0	9	33	0	0	24	41	0	48	42	94	11	24	181	250	108	127	692	30	66	0	30	66	0	31	88	0	0	91	187	0	32	31	66	0	5	33	0	0	8	22	0	0	31	88	0	0	92	187	0	32	35	69	8	3	0	0	0	2	0	0	0	5	33	0	0	8	22	0	0	31	88	8	0	102	187	24	48	71	101	36	2	0	0	0	8	0	0	0	3	0	0	0	11	0	0	0	9	33	0	0	24	41	0	48	42	94	11	24	181	250	108	127
781	765	61	39	107	749	37	0	71	61	39	107	42	0	82	66	149	65	321	192	733	29	0	71	37	0	71	23	0	80	66	102	0	213	148	61	39	107	13	0	50	0	26	0	0	0	42	0	82	66	149	65	321	192	717	25	0	71	29	0	71	23	0	80	66	83	0	213	137	37	0	71	7	0	39	0	12	0	0	0	23	0	80	66	102	0	213	148	61	39	107	3	0	0	0	29	52	0	0	13	0	50	0	26	0	0	0	42	0	82	66	149	65	321	192	701	22	0	70	25	0	71	18	0	80	65	70	0	213	104	29	0	71	7	0	39	0	12	0	0	0	23	0	80	66	83	0	213	137	37	0	71	0	0	0	0	1	0	0	0	7	0	39	0	12	0	0	0	23	0	80	66	102	0	213	148	61	39	107	5	0	0	12	17	39	0	0	3	0	0	0	29	52	0	0	13	0	50	0	26	0	0	0	42	0	82	66	149	65	321	192
774	758	63	59	94	742	38	15	69	63	59	94	41	0	53	43	158	126	376	156	726	31	15	69	38	15	69	29	0	52	43	106	60	276	140	63	59	94	19	0	10	0	19	33	0	0	41	0	53	43	158	126	376	156	710	24	15	67	31	15	69	20	0	52	39	89	60	276	137	38	15	69	10	0	0	0	12	0	0	0	29	0	52	43	106	60	276	140	63	59	94	7	0	0	26	26	77	0	0	19	0	10	0	19	33	0	0	41	0	53	43	158	126	376	156	694	20	15	51	24	15	67	12	0	52	12	68	60	268	104	31	15	69	7	0	0	0	12	0	0	0	20	0	52	39	89	60	276	137	38	15	69	3	0	0	0	1	0	0	0	10	0	0	0	12	0	0	0	29	0	52	43	106	60	276	140	63	59	94	7	0	0	37	19	44	0	90	7	0	0	26	26	77	0	0	19	0	10	0	19	33	0	0	41	0	53	43	158	126	376	156
776	759	80	109	26	742	42	72	14	80	109	26	53	58	28	0	203	285	130	98	725	32	66	14	42	72	14	36	28	28	0	113	210	70	94	80	109	26	23	0	0	0	19	56	26	0	53	58	28	0	203	285	130	98	708	23	66	14	32	66	14	19	28	28	0	93	186	70	91	42	72	14	10	0	0	0	15	14	14	0	36	28	28	0	113	210	70	94	80	109	26	7	0	0	0	21	54	0	0	23	0	0	0	19	56	26	0	53	58	28	0	203	285	130	98	691	19	64	14	23	66	14	11	28	28	0	65	186	70	58	32	66	14	7	0	0	0	15	14	14	0	19	28	28	0	93	186	70	91	42	72	14	3	0	0	0	1	0	0	0	10	0	0	0	15	14	14	0	36	28	28	0	113	210	70	94	80	109	26	4	22	0	0	16	24	0	0	7	0	0	0	21	54	0	0	23	0	0	0	19	56	26	0	53	58	28	0	203	285	130	98
808	791	72	58	105	774	46	44	44	72	58	105	45	14	0	62	184	173	105	384	757	41	44	41	46	44	44	33	14	0	56	138	132	44	264	72	58	105	18	0	10	24	32	16	0	0	45	14	0	62	184	173	105	384	740	39	44	28	41	44	41	33	14	0	33	123	132	41	231	46	44	44	13	0	0	0	15	16	0	0	33	14	0	56	138	132	44	264	72	58	105	12	0	0	47	33	28	0	48	18	0	10	24	32	16	0	0	45	14	0	62	184	173	105	384	723	37	43	4	39	44	28	31	14	0	0	115	132	28	158	41	44	41	13	0	0	0	15	16	0	0	33	14	0	33	123	132	41	231	46	44	44	8	0	0	0	6	14	0	0	13	0	0	0	15	16	0	0	33	14	0	56	138	132	44	264	72	58	105	3	15	0	16	21	30	0	104	12	0	0	47	33	28	0	48	18	0	10	24	32	16	0	0	45	14	0	62	184	173	105	384
731	715	63	87	43	699	31	64	0	63	87	43	30	68	0	0	150	209	86	289	683	26	48	0	31	64	0	15	36	0	0	86	160	0	207	63	87	43	7	0	10	0	23	38	86	0	30	68	0	0	150	209	86	289	667	24	48	0	26	48	0	15	36	0	0	74	120	0	179	31	64	0	3	0	0	0	10	36	0	0	15	36	0	0	86	160	0	207	63	87	43	1	0	0	0	22	16	0	0	7	0	10	0	23	38	86	0	30	68	0	0	150	209	86	289	651	23	48	0	24	48	0	14	36	0	0	68	120	0	116	26	48	0	3	0	0	0	10	36	0	0	15	36	0	0	74	120	0	179	31	64	0	0	0	0	0	1	0	0	0	3	0	0	0	10	36	0	0	15	36	0	0	86	160	0	207	63	87	43	3	0	0	0	13	8	0	0	1	0	0	0	22	16	0	0	7	0	10	0	23	38	86	0	30	68	0	0	150	209	86	289
808	791	63	45	113	774	40	30	68	63	45	113	52	15	66	92	157	133	113	270	757	32	29	66	40	30	68	38	15	40	89	101	75	68	154	63	45	113	22	14	0	25	15	15	0	0	52	15	66	92	157	133	113	270	740	23	14	66	32	29	66	21	14	39	89	86	72	66	154	40	30	68	10	0	0	25	15	15	0	0	38	15	40	89	101	75	68	154	63	45	113	6	14	8	0	0	0	113	0	22	14	0	25	15	15	0	0	52	15	66	92	157	133	113	270	723	18	0	66	23	14	66	12	0	39	89	58	28	66	152	32	29	66	7	0	0	25	15	14	0	0	21	14	39	89	86	72	66	154	40	30	68	3	0	8	0	0	0	68	0	10	0	0	25	15	15	0	0	38	15	40	89	101	75	68	154	63	45	113	5	0	16	0	0	0	113	0	6	14	8	0	0	0	113	0	22	14	0	25	15	15	0	0	52	15	66	92	157	133	113	270
703	688	65	57	61	673	41	27	9	65	57	61	54	0	52	9	166	147	183	375	658	32	24	9	41	27	9	38	0	27	9	106	67	27	198	65	57	61	20	30	0	0	14	27	0	0	54	0	52	9	166	147	183	375	643	24	14	9	32	24	9	21	0	27	9	90	58	27	195	41	27	9	10	0	0	0	14	27	0	0	38	0	27	9	106	67	27	198	65	57	61	7	0	0	0	1	0	61	0	20	30	0	0	14	27	0	0	54	0	52	9	166	147	183	375	628	20	14	9	24	14	9	13	0	27	9	65	28	27	180	32	24	9	7	0	0	0	14	24	0	0	21	0	27	9	90	58	27	195	41	27	9	3	0	0	0	1	0	9	0	10	0	0	0	14	27	0	0	38	0	27	9	106	67	27	198	65	57	61	6	0	0	0	2	0	0	0	7	0	0	0	1	0	61	0	20	30	0	0	14	27	0	0	54	0	52	9	166	147	183	375
656	642	71	68	16	628	40	40	9	71	68	16	41	112	36	9	171	182	32	26	614	35	12	9	40	40	9	31	48	27	9	94	98	18	14	71	68	16	19	24	0	0	18	24	64	0	41	112	36	9	171	182	32	26	600	28	0	9	35	12	9	22	0	27	9	85	42	18	14	40	40	9	10	0	0	0	14	16	36	0	31	48	27	9	94	98	18	14	71	68	16	7	0	0	0	0	0	32	0	19	24	0	0	18	24	64	0	41	112	36	9	171	182	32	26	586	24	0	9	28	0	9	14	0	27	9	64	0	18	14	35	12	9	7	0	0	0	14	12	36	0	22	0	27	9	85	42	18	14	40	40	9	3	0	0	0	0	0	18	0	10	0	0	0	14	16	36	0	31	48	27	9	94	98	18	14	71	68	16	5	0	0	0	0	0	0	0	7	0	0	0	0	0	32	0	19	24	0	0	18	24	64	0	41	112	36	9	171	182	32	26
839	821	75	95	78	803	44	76	44	75	95	78	47	104	6	53	187	306	78	227	785	35	70	44	44	76	44	29	96	0	53	112	238	44	154	75	95	78	17	70	0	0	11	24	0	0	47	104	6	53	187	306	78	227	767	27	46	44	35	70	44	12	92	0	53	96	221	44	154	44	76	44	6	48	0	0	11	24	0	0	29	96	0	53	112	238	44	154	75	95	78	5	22	8	0	3	0	156	0	17	70	0	0	11	24	0	0	47	104	6	53	187	306	78	227	749	18	22	44	27	46	44	6	44	0	53	72	137	44	152	35	70	44	3	44	0	0	11	22	0	0	12	92	0	53	96	221	44	154	44	76	44	3	0	8	0	0	0	88	0	6	48	0	0	11	24	0	0	29	96	0	53	112	238	44	154	75	95	78	3	22	72	0	3	0	156	0	5	22	8	0	3	0	156	0	17	70	0	0	11	24	0	0	47	104	6	53	187	306	78	227
731	715	72	99	17	699	40	77	0	72	99	17	41	124	6	0	169	223	17	120	683	34	50	0	40	77	0	26	85	0	0	94	161	0	83	72	99	17	14	69	0	0	17	20	51	0	41	124	6	0	169	223	17	120	667	28	28	0	34	50	0	18	25	0	0	85	102	0	83	40	77	0	4	39	0	0	13	14	0	0	26	85	0	0	94	161	0	83	72	99	17	3	27	0	0	0	0	51	0	14	69	0	0	17	20	51	0	41	124	6	0	169	223	17	120	651	25	21	0	28	28	0	13	6	0	0	65	49	0	81	34	50	0	4	18	0	0	13	12	0	0	18	25	0	0	85	102	0	83	40	77	0	0	18	0	0	0	0	0	0	4	39	0	0	13	14	0	0	26	85	0	0	94	161	0	83	72	99	17	4	6	0	0	0	0	17	0	3	27	0	0	0	0	51	0	14	69	0	0	17	20	51	0	41	124	6	0	169	223	17	120
469	459	21	9	62	449	10	0	46	21	9	62	5	0	0	60	41	0	62	61	439	9	0	32	10	0	46	5	0	0	40	29	0	46	9	21	9	62	0	0	10	62	8	0	0	43	5	0	0	60	41	0	62	61	429	9	0	21	9	0	32	5	0	0	39	26	0	32	9	10	0	46	0	0	0	21	8	0	0	0	5	0	0	40	29	0	46	9	21	9	62	0	0	0	12	0	0	0	58	0	0	10	62	8	0	0	43	5	0	0	60	41	0	62	61	419	9	0	21	9	0	21	5	0	0	39	26	0	21	9	9	0	32	0	0	0	21	7	0	0	0	5	0	0	39	26	0	32	9	10	0	46	0	0	0	12	0	0	0	46	0	0	0	21	8	0	0	0	5	0	0	40	29	0	46	9	21	9	62	0	0	0	0	0	0	0	0	0	0	0	12	0	0	0	58	0	0	10	62	8	0	0	43	5	0	0	60	41	0	62	61
764	747	67	84	81	730	40	42	24	67	84	81	48	28	42	76	156	200	324	285	713	29	42	9	40	42	24	24	28	0	27	96	126	96	130	67	84	81	10	0	76	9	21	28	0	69	48	28	42	76	156	200	324	285	696	25	42	9	29	42	9	16	28	0	27	66	126	36	128	40	42	24	7	0	0	9	17	28	0	14	24	28	0	27	96	126	96	130	67	84	81	3	0	42	0	0	0	0	0	10	0	76	9	21	28	0	69	48	28	42	76	156	200	324	285	679	20	42	9	25	42	9	11	28	0	27	55	126	36	128	29	42	9	0	0	0	9	9	28	0	14	16	28	0	27	66	126	36	128	40	42	24	0	0	0	0	0	0	0	0	7	0	0	9	17	28	0	14	24	28	0	27	96	126	96	130	67	84	81	0	0	50	0	0	0	0	0	3	0	42	0	0	0	0	0	10	0	76	9	21	28	0	69	48	28	42	76	156	200	324	285
467	457	30	21	29	447	12	0	10	30	21	29	12	0	24	30	60	35	87	77	437	9	0	9	12	0	10	4	0	0	27	32	0	30	18	30	21	29	0	0	22	9	12	0	0	0	12	0	24	30	60	35	87	77	427	9	0	9	9	0	9	4	0	0	27	22	0	27	18	12	0	10	0	0	0	9	9	0	0	0	4	0	0	27	32	0	30	18	30	21	29	0	0	0	0	0	0	0	0	0	0	22	9	12	0	0	0	12	0	24	30	60	35	87	77	417	9	0	9	9	0	9	4	0	0	27	22	0	27	18	9	0	9	0	0	0	9	6	0	0	0	4	0	0	27	22	0	27	18	12	0	10	0	0	0	0	0	0	0	0	0	0	0	9	9	0	0	0	4	0	0	27	32	0	30	18	30	21	29	0	0	0	0	0	0	0	0	0	0	0	0	0	0	0	0	0	0	22	9	12	0	0	0	12	0	24	30	60	35	87	77
233	228	7	6	0	223	1	0	0	7	6	0	0	0	0	0	10	0	0	0	218	1	0	0	1	0	0	0	0	0	0	5	0	0	0	7	6	0	0	0	0	0	1	0	0	0	0	0	0	0	10	0	0	0	213	1	0	0	1	0	0	0	0	0	0	5	0	0	0	1	0	0	0	0	0	0	1	0	0	0	0	0	0	0	5	0	0	0	7	6	0	0	0	0	0	0	0	0	0	0	0	0	0	1	0	0	0	0	0	0	0	10	0	0	0	208	1	0	0	1	0	0	0	0	0	0	5	0	0	0	1	0	0	0	0	0	0	1	0	0	0	0	0	0	0	5	0	0	0	1	0	0	0	0	0	0	0	0	0	0	0	0	0	0	1	0	0	0	0	0	0	0	5	0	0	0	7	6	0	0	0	0	0	0	0	0	0	0	0	0	0	0	0	0	0	0	0	0	0	1	0	0	0	0	0	0	0	10	0	0	0
233	228	7	6	0	223	1	0	0	7	6	0	0	0	0	0	10	0	0	0	218	1	0	0	1	0	0	0	0	0	0	5	0	0	0	7	6	0	0	0	0	0	1	0	0	0	0	0	0	0	10	0	0	0	213	1	0	0	1	0	0	0	0	0	0	5	0	0	0	1	0	0	0	0	0	0	1	0	0	0	0	0	0	0	5	0	0	0	7	6	0	0	0	0	0	0	0	0	0	0	0	0	0	1	0	0	0	0	0	0	0	10	0	0	0	208	1	0	0	1	0	0	0	0	0	0	5	0	0	0	1	0	0	0	0	0	0	1	0	0	0	0	0	0	0	5	0	0	0	1	0	0	0	0	0	0	0	0	0	0	0	0	0	0	1	0	0	0	0	0	0	0	5	0	0	0	7	6	0	0	0	0	0	0	0	0	0	0	0	0	0	0	0	0	0	0	0	0	0	1	0	0	0	0	0	0	0	10	0	0	0
478	467	39	26	32	456	21	24	12	39	26	32	19	16	37	18	87	48	0	110	445	18	24	0	21	24	12	10	16	30	0	42	48	0	34	39	26	32	4	0	7	0	12	16	0	33	19	16	37	18	87	48	0	110	434	17	24	0	18	24	0	9	16	0	0	38	48	0	18	21	24	12	1	0	6	0	4	16	0	9	10	16	30	0	42	48	0	34	39	26	32	0	0	7	0	0	0	0	0	4	0	7	0	12	16	0	33	19	16	37	18	87	48	0	110	423	17	24	0	17	24	0	9	16	0	0	37	48	0	18	18	24	0	1	0	0	0	4	16	0	9	9	16	0	0	38	48	0	18	21	24	12	0	0	6	0	0	0	0	0	1	0	6	0	4	16	0	9	10	16	30	0	42	48	0	34	39	26	32	0	0	0	0	0	0	0	0	0	0	7	0	0	0	0	0	4	0	7	0	12	16	0	33	19	16	37	18	87	48	0	110
511	499	42	47	25	487	20	32	12	42	47	25	19	24	37	18	88	88	50	81	475	17	32	0	20	32	12	7	24	30	0	35	56	24	24	42	47	25	3	0	7	0	12	14	0	33	19	24	37	18	88	88	50	81	463	16	32	0	17	32	0	6	24	0	0	31	56	0	9	20	32	12	0	0	6	0	5	8	0	9	7	24	30	0	35	56	24	24	42	47	25	0	0	7	0	0	0	0	0	3	0	7	0	12	14	0	33	19	24	37	18	88	88	50	81	451	16	32	0	16	32	0	6	24	0	0	30	56	0	9	17	32	0	0	0	0	0	5	8	0	9	6	24	0	0	31	56	0	9	20	32	12	0	0	6	0	0	0	0	0	0	0	6	0	5	8	0	9	7	24	30	0	35	56	24	24	42	47	25	0	0	0	0	0	0	0	0	0	0	7	0	0	0	0	0	3	0	7	0	12	14	0	33	19	24	37	18	88	88	50	81
537	525	40	41	32	513	19	11	12	40	41	32	22	0	37	18	77	84	160	110	501	15	11	0	19	11	12	8	0	30	0	32	0	60	34	40	41	32	3	0	7	0	10	18	0	33	22	0	37	18	77	84	160	110	489	14	11	0	15	11	0	7	0	0	0	27	0	0	18	19	11	12	0	0	6	0	5	0	0	9	8	0	30	0	32	0	60	34	40	41	32	0	0	7	0	0	0	0	0	3	0	7	0	10	18	0	33	22	0	37	18	77	84	160	110	477	14	11	0	14	11	0	7	0	0	0	26	0	0	18	15	11	0	0	0	0	0	5	0	0	9	7	0	0	0	27	0	0	18	19	11	12	0	0	6	0	0	0	0	0	0	0	6	0	5	0	0	9	8	0	30	0	32	0	60	34	40	41	32	0	0	0	0	0	0	0	0	0	0	7	0	0	0	0	0	3	0	7	0	10	18	0	33	22	0	37	18	77	84	160	110
451	441	22	9	40	431	13	9	6	22	9	40	13	0	16	12	49	45	0	172	421	12	9	0	13	9	6	8	0	12	0	26	45	0	80	22	9	40	0	0	0	0	8	9	0	16	13	0	16	12	49	45	0	172	411	12	9	0	12	9	0	8	0	0	0	25	45	0	50	13	9	6	0	0	0	0	5	9	0	9	8	0	12	0	26	45	0	80	22	9	40	0	0	0	0	0	0	0	0	0	0	0	0	8	9	0	16	13	0	16	12	49	45	0	172	401	12	9	0	12	9	0	8	0	0	0	25	45	0	39	12	9	0	0	0	0	0	5	9	0	9	8	0	0	0	25	45	0	50	13	9	6	0	0	0	0	0	0	0	0	0	0	0	0	5	9	0	9	8	0	12	0	26	45	0	80	22	9	40	0	0	0	0	0	0	0	0	0	0	0	0	0	0	0	0	0	0	0	0	8	9	0	16	13	0	16	12	49	45	0	172
184	180	4	0	6	176	4	0	0	4	0	6	2	0	0	0	11	0	0	0	172	4	0	0	4	0	0	2	0	0	0	11	0	0	0	4	0	6	0	0	0	0	3	0	0	0	2	0	0	0	11	0	0	0	168	4	0	0	4	0	0	2	0	0	0	11	0	0	0	4	0	0	0	0	0	0	3	0	0	0	2	0	0	0	11	0	0	0	4	0	6	0	0	0	0	0	0	0	0	0	0	0	0	3	0	0	0	2	0	0	0	11	0	0	0	164	4	0	0	4	0	0	2	0	0	0	11	0	0	0	4	0	0	0	0	0	0	3	0	0	0	2	0	0	0	11	0	0	0	4	0	0	0	0	0	0	0	0	0	0	0	0	0	0	3	0	0	0	2	0	0	0	11	0	0	0	4	0	6	0	0	0	0	0	0	0	0	0	0	0	0	0	0	0	0	0	0	0	0	3	0	0	0	2	0	0	0	11	0	0	0
670	655	36	47	78	640	13	11	65	36	47	78	13	33	69	53	64	69	234	32	625	8	0	57	13	11	65	0	0	66	42	21	11	195	12	36	47	78	0	0	34	73	1	0	78	0	13	33	69	53	64	69	234	32	610	8	0	8	8	0	57	0	0	62	0	13	0	171	0	13	11	65	0	0	31	0	1	0	65	0	0	0	66	42	21	11	195	12	36	47	78	0	0	0	16	0	0	0	285	0	0	34	73	1	0	78	0	13	33	69	53	64	69	234	32	595	8	0	8	8	0	8	0	0	16	0	13	0	24	0	8	0	57	0	0	28	0	1	0	57	0	0	0	62	0	13	0	171	0	13	11	65	0	0	0	16	0	0	0	130	0	0	31	0	1	0	65	0	0	0	66	42	21	11	195	12	36	47	78	0	0	0	0	0	0	0	0	0	0	0	16	0	0	0	285	0	0	34	73	1	0	78	0	13	33	69	53	64	69	234	32
696	680	39	77	46	664	14	37	27	39	77	46	15	36	34	53	73	122	184	57	648	9	28	23	14	37	27	3	0	31	42	24	37	108	24	39	77	46	0	0	34	29	1	0	46	0	15	36	34	53	73	122	184	57	632	9	28	0	9	28	23	3	0	28	0	16	28	92	0	14	37	27	0	0	31	0	1	0	27	0	3	0	31	42	24	37	108	24	39	77	46	0	0	0	0	0	0	0	111	0	0	34	29	1	0	46	0	15	36	34	53	73	122	184	57	616	9	28	0	9	28	0	3	0	0	0	16	28	0	0	9	28	23	0	0	28	0	1	0	23	0	3	0	28	0	16	28	92	0	14	37	27	0	0	0	0	0	0	0	53	0	0	31	0	1	0	27	0	3	0	31	42	24	37	108	24	39	77	46	0	0	0	0	0	0	0	0	0	0	0	0	0	0	0	111	0	0	34	29	1	0	46	0	15	36	34	53	73	122	184	57
395	386	26	15	22	377	12	8	7	26	15	22	15	0	10	21	42	0	22	57	368	8	8	6	12	8	7	3	0	7	18	15	0	7	24	26	15	22	0	0	10	6	1	0	0	0	15	0	10	21	42	0	22	57	359	8	8	0	8	8	6	3	0	6	0	11	0	6	0	12	8	7	0	0	7	0	1	0	0	0	3	0	7	18	15	0	7	24	26	15	22	0	0	0	0	0	0	0	17	0	0	10	6	1	0	0	0	15	0	10	21	42	0	22	57	350	8	8	0	8	8	0	3	0	0	0	11	0	0	0	8	8	6	0	0	6	0	1	0	0	0	3	0	6	0	11	0	6	0	12	8	7	0	0	0	0	0	0	0	0	0	0	7	0	1	0	0	0	3	0	7	18	15	0	7	24	26	15	22	0	0	0	0	0	0	0	0	0	0	0	0	0	0	0	17	0	0	10	6	1	0	0	0	15	0	10	21	42	0	22	57
313	306	21	10	6	299	7	0	0	21	10	6	11	0	0	0	31	10	12	32	292	4	0	0	7	0	0	0	0	0	0	5	0	0	12	21	10	6	0	0	0	0	0	0	0	0	11	0	0	0	31	10	12	32	285	4	0	0	4	0	0	0	0	0	0	2	0	0	0	7	0	0	0	0	0	0	0	0	0	0	0	0	0	0	5	0	0	12	21	10	6	0	0	0	0	0	0	0	0	0	0	0	0	0	0	0	0	11	0	0	0	31	10	12	32	278	4	0	0	4	0	0	0	0	0	0	2	0	0	0	4	0	0	0	0	0	0	0	0	0	0	0	0	0	0	2	0	0	0	7	0	0	0	0	0	0	0	0	0	0	0	0	0	0	0	0	0	0	0	0	0	0	5	0	0	12	21	10	6	0	0	0	0	0	0	0	0	0	0	0	0	0	0	0	0	0	0	0	0	0	0	0	0	11	0	0	0	31	10	12	32
444	434	28	29	6	424	8	5	0	28	29	6	7	20	0	0	47	54	24	32	414	6	0	0	8	5	0	0	0	0	0	11	5	0	12	28	29	6	0	0	0	0	0	0	6	0	7	20	0	0	47	54	24	32	404	6	0	0	6	0	0	0	0	0	0	9	0	0	0	8	5	0	0	0	0	0	0	0	0	0	0	0	0	0	11	5	0	12	28	29	6	0	0	0	0	0	0	0	0	0	0	0	0	0	0	6	0	7	20	0	0	47	54	24	32	394	6	0	0	6	0	0	0	0	0	0	9	0	0	0	6	0	0	0	0	0	0	0	0	0	0	0	0	0	0	9	0	0	0	8	5	0	0	0	0	0	0	0	0	0	0	0	0	0	0	0	0	0	0	0	0	0	11	5	0	12	28	29	6	0	0	0	0	0	0	0	0	0	0	0	0	0	0	0	0	0	0	0	0	0	0	6	0	7	20	0	0	47	54	24	32
484	473	20	0	60	462	3	0	22	20	0	60	0	0	25	10	39	0	0	158	451	3	0	22	3	0	22	0	0	0	10	2	0	0	99	20	0	60	0	0	0	0	0	0	0	0	0	0	25	10	39	0	0	158	440	3	0	22	3	0	22	0	0	0	10	2	0	0	86	3	0	22	0	0	0	0	0	0	0	0	0	0	0	10	2	0	0	99	20	0	60	0	0	0	0	0	0	0	0	0	0	0	0	0	0	0	0	0	0	25	10	39	0	0	158	429	3	0	19	3	0	22	0	0	0	8	2	0	0	8	3	0	22	0	0	0	0	0	0	0	0	0	0	0	10	2	0	0	86	3	0	22	0	0	0	0	0	0	0	0	0	0	0	0	0	0	0	0	0	0	0	10	2	0	0	99	20	0	60	0	0	0	27	0	0	0	0	0	0	0	0	0	0	0	0	0	0	0	0	0	0	0	0	0	0	25	10	39	0	0	158
658	643	29	26	96	628	8	0	59	29	26	96	2	0	66	79	64	39	192	136	613	8	0	56	8	0	59	2	0	34	70	20	0	118	92	29	26	96	1	0	0	21	0	0	0	0	2	0	66	79	64	39	192	136	598	8	0	53	8	0	56	2	0	31	64	20	0	112	80	8	0	59	1	0	0	18	0	0	0	0	2	0	34	70	20	0	118	92	29	26	96	0	0	0	31	1	0	0	0	1	0	0	21	0	0	0	0	2	0	66	79	64	39	192	136	583	8	0	19	8	0	53	2	0	28	8	20	0	106	8	8	0	56	1	0	0	0	0	0	0	0	2	0	31	64	20	0	112	80	8	0	59	0	0	0	0	0	0	0	0	1	0	0	18	0	0	0	0	2	0	34	70	20	0	118	92	29	26	96	0	0	0	27	0	0	0	208	0	0	0	31	1	0	0	0	1	0	0	21	0	0	0	0	2	0	66	79	64	39	192	136
480	469	30	28	26	458	8	0	12	30	28	26	2	0	14	0	66	70	104	52	447	8	0	12	8	0	12	2	0	0	0	23	0	48	27	30	28	26	1	0	0	0	0	0	0	0	2	0	14	0	66	70	104	52	436	8	0	12	8	0	12	2	0	0	0	23	0	48	23	8	0	12	1	0	0	0	0	0	0	0	2	0	0	0	23	0	48	27	30	28	26	0	0	0	0	6	0	0	0	1	0	0	0	0	0	0	0	2	0	14	0	66	70	104	52	425	8	0	11	8	0	12	2	0	0	0	23	0	48	0	8	0	12	1	0	0	0	0	0	0	0	2	0	0	0	23	0	48	23	8	0	12	0	0	0	0	0	0	0	0	1	0	0	0	0	0	0	0	2	0	0	0	23	0	48	27	30	28	26	0	0	0	11	5	0	0	0	0	0	0	0	6	0	0	0	1	0	0	0	0	0	0	0	2	0	14	0	66	70	104	52
523	511	39	35	39	499	12	0	37	39	35	39	8	0	41	24	100	105	195	0	487	12	0	37	12	0	37	8	0	37	24	43	0	185	0	39	35	39	5	0	0	0	2	0	0	0	8	0	41	24	100	105	195	0	475	12	0	36	12	0	37	8	0	37	22	43	0	185	0	12	0	37	5	0	0	0	2	0	0	0	8	0	37	24	43	0	185	0	39	35	39	2	0	0	11	10	0	0	0	5	0	0	0	2	0	0	0	8	0	41	24	100	105	195	0	463	12	0	23	12	0	36	8	0	35	0	43	0	180	0	12	0	37	5	0	0	0	2	0	0	0	8	0	37	22	43	0	185	0	12	0	37	2	0	0	0	1	0	0	0	5	0	0	0	2	0	0	0	8	0	37	24	43	0	185	0	39	35	39	6	0	0	23	8	0	0	78	2	0	0	11	10	0	0	0	5	0	0	0	2	0	0	0	8	0	41	24	100	105	195	0
437	427	27	21	25	417	7	0	0	27	21	25	2	0	25	0	58	42	75	130	407	7	0	0	7	0	0	2	0	0	0	18	0	0	92	27	21	25	1	0	0	0	0	0	0	0	2	0	25	0	58	42	75	130	397	7	0	0	7	0	0	2	0	0	0	18	0	0	80	7	0	0	1	0	0	0	0	0	0	0	2	0	0	0	18	0	0	92	27	21	25	0	0	0	0	3	0	0	0	1	0	0	0	0	0	0	0	2	0	25	0	58	42	75	130	387	7	0	0	7	0	0	2	0	0	0	18	0	0	8	7	0	0	1	0	0	0	0	0	0	0	2	0	0	0	18	0	0	80	7	0	0	0	0	0	0	0	0	0	0	1	0	0	0	0	0	0	0	2	0	0	0	18	0	0	92	27	21	25	0	0	0	0	2	0	0	0	0	0	0	0	3	0	0	0	1	0	0	0	0	0	0	0	2	0	25	0	58	42	75	130
720	703	56	64	94	686	29	16	77	56	64	94	20	0	32	41	151	176	376	65	669	29	16	75	29	16	77	20	0	32	37	100	80	308	49	56	64	94	15	0	0	24	24	0	0	0	20	0	32	41	151	176	376	65	652	26	16	75	29	16	75	20	0	32	37	100	80	300	49	29	16	77	8	0	0	24	8	0	0	0	20	0	32	37	100	80	308	49	56	64	94	11	0	0	0	19	36	0	0	15	0	0	24	24	0	0	0	20	0	32	41	151	176	376	65	635	23	16	73	26	16	75	17	0	32	35	85	80	300	48	29	16	75	8	0	0	22	8	0	0	0	20	0	32	37	100	80	300	49	29	16	77	4	0	0	0	4	0	0	0	8	0	0	24	8	0	0	0	20	0	32	37	100	80	308	49	56	64	94	11	0	0	22	9	36	0	0	11	0	0	0	19	36	0	0	15	0	0	24	24	0	0	0	20	0	32	41	151	176	376	65
470	459	38	24	30	448	19	0	9	38	24	30	11	0	18	0	102	40	90	90	437	19	0	9	19	0	9	11	0	18	0	69	0	27	49	38	24	30	11	0	0	0	14	0	0	0	11	0	18	0	102	40	90	90	426	17	0	9	19	0	9	11	0	18	0	69	0	27	49	19	0	9	7	0	0	0	4	0	0	0	11	0	18	0	69	0	27	49	38	24	30	7	0	0	0	15	16	0	0	11	0	0	0	14	0	0	0	11	0	18	0	102	40	90	90	415	15	0	9	17	0	9	9	0	18	0	59	0	27	48	19	0	9	7	0	0	0	4	0	0	0	11	0	18	0	69	0	27	49	19	0	9	3	0	0	0	2	0	0	0	7	0	0	0	4	0	0	0	11	0	18	0	69	0	27	49	38	24	30	6	0	0	0	8	16	0	0	7	0	0	0	15	16	0	0	11	0	0	0	14	0	0	0	11	0	18	0	102	40	90	90
716	699	40	44	112	682	18	30	64	40	44	112	11	0	0	130	102	119	112	186	665	18	30	34	18	30	64	11	0	0	34	53	105	64	108	40	44	112	5	0	0	54	6	0	0	130	11	0	0	130	102	119	112	186	648	18	30	31	18	30	34	11	0	0	31	53	105	34	105	18	30	64	5	0	0	45	3	0	0	92	11	0	0	34	53	105	64	108	40	44	112	2	0	0	21	10	0	0	0	5	0	0	54	6	0	0	130	11	0	0	130	102	119	112	186	631	18	30	28	18	30	31	11	0	0	28	53	105	31	101	18	30	34	5	0	0	40	3	0	0	80	11	0	0	31	53	105	34	105	18	30	64	2	0	0	18	1	0	0	0	5	0	0	45	3	0	0	92	11	0	0	34	53	105	64	108	40	44	112	6	0	0	28	8	0	0	0	2	0	0	21	10	0	0	0	5	0	0	54	6	0	0	130	11	0	0	130	102	119	112	186
533	520	38	49	34	507	13	31	0	38	49	34	7	21	0	0	96	119	68	186	494	13	30	0	13	31	0	7	20	0	0	45	91	0	108	38	49	34	6	10	0	0	9	0	0	0	7	21	0	0	96	119	68	186	481	12	30	0	13	30	0	7	20	0	0	45	90	0	105	13	31	0	4	10	0	0	2	0	0	0	7	20	0	0	45	91	0	108	38	49	34	2	0	0	0	12	8	0	0	6	10	0	0	9	0	0	0	7	21	0	0	96	119	68	186	468	12	30	0	12	30	0	7	20	0	0	40	90	0	101	13	30	0	4	10	0	0	2	0	0	0	7	20	0	0	45	90	0	105	13	31	0	2	0	0	0	1	0	0	0	4	10	0	0	2	0	0	0	7	20	0	0	45	91	0	108	38	49	34	6	0	0	0	8	0	0	0	2	0	0	0	12	8	0	0	6	10	0	0	9	0	0	0	7	21	0	0	96	119	68	186
639	623	76	98	7	607	32	67	0	76	98	7	25	70	0	0	180	318	35	39	591	30	63	0	32	67	0	16	66	0	0	98	240	0	37	76	98	7	16	42	0	0	34	23	0	0	25	70	0	0	180	318	35	39	575	26	61	0	30	63	0	15	62	0	0	90	229	0	37	32	67	0	5	42	0	0	7	21	0	0	16	66	0	0	98	240	0	37	76	98	7	11	20	0	0	19	25	0	0	16	42	0	0	34	23	0	0	25	70	0	0	180	318	35	39	559	23	55	0	26	61	0	12	60	0	0	70	221	0	36	30	63	0	5	40	0	0	7	21	0	0	15	62	0	0	90	229	0	37	32	67	0	4	20	0	0	4	10	0	0	5	42	0	0	7	21	0	0	16	66	0	0	98	240	0	37	76	98	7	9	35	0	0	5	15	0	0	11	20	0	0	19	25	0	0	16	42	0	0	34	23	0	0	25	70	0	0	180	318	35	39
583	569	59	35	64	555	41	13	29	59	35	64	35	0	12	18	161	87	128	165	541	36	11	29	41	13	29	30	0	12	18	129	65	58	86	59	35	64	21	22	12	0	30	44	0	0	35	0	12	18	161	87	128	165	527	30	0	29	36	11	29	24	0	12	18	112	55	58	84	41	13	29	12	0	12	0	9	0	0	0	30	0	12	18	129	65	58	86	59	35	64	16	0	24	0	17	22	64	0	21	22	12	0	30	44	0	0	35	0	12	18	161	87	128	165	513	26	0	29	30	0	29	21	0	12	18	91	0	58	84	36	11	29	12	0	12	0	9	0	0	0	24	0	12	18	112	55	58	84	41	13	29	9	0	24	0	10	0	29	0	12	0	12	0	9	0	0	0	30	0	12	18	129	65	58	86	59	35	64	10	0	5	0	2	0	0	0	16	0	24	0	17	22	64	0	21	22	12	0	30	44	0	0	35	0	12	18	161	87	128	165
695	678	78	79	77	661	48	55	49	78	79	77	49	26	12	32	211	265	154	131	644	39	51	49	48	55	49	37	26	12	32	152	236	98	86	78	79	77	25	50	40	0	41	72	0	0	49	26	12	32	211	265	154	131	627	29	35	49	39	51	49	24	22	12	32	117	216	98	84	48	55	49	12	26	40	0	12	26	0	0	37	26	12	32	152	236	98	86	78	79	77	12	57	66	0	16	36	77	0	25	50	40	0	41	72	0	0	49	26	12	32	211	265	154	131	610	25	13	49	29	35	49	20	0	12	32	81	142	98	84	39	51	49	10	26	40	0	12	26	0	0	24	22	12	32	117	216	98	84	48	55	49	9	13	66	0	9	13	49	0	12	26	40	0	12	26	0	0	37	26	12	32	152	236	98	86	78	79	77	14	0	34	0	2	0	154	0	12	57	66	0	16	36	77	0	25	50	40	0	41	72	0	0	49	26	12	32	211	265	154	131
488	476	46	30	47	464	30	20	0	46	30	47	20	10	0	0	124	50	47	277	452	28	20	0	30	20	0	18	10	0	0	103	40	0	150	46	30	47	15	0	0	0	25	18	0	0	20	10	0	0	124	50	47	277	440	25	20	0	28	20	0	18	10	0	0	96	40	0	118	30	20	0	8	0	0	0	6	0	0	0	18	10	0	0	103	40	0	150	46	30	47	11	0	0	0	15	0	0	0	15	0	0	0	25	18	0	0	20	10	0	0	124	50	47	277	428	21	20	0	25	20	0	15	10	0	0	81	40	0	115	28	20	0	8	0	0	0	6	0	0	0	18	10	0	0	96	40	0	118	30	20	0	4	0	0	0	6	0	0	0	8	0	0	0	6	0	0	0	18	10	0	0	103	40	0	150	46	30	47	5	0	5	0	0	0	0	0	11	0	0	0	15	0	0	0	15	0	0	0	25	18	0	0	20	10	0	0	124	50	47	277
622	606	90	99	17	590	54	74	0	90	99	17	43	78	0	0	214	284	51	101	574	47	70	0	54	74	0	29	75	0	0	146	248	0	77	90	99	17	24	29	0	0	34	51	0	0	43	78	0	0	214	284	51	101	558	41	60	0	47	70	0	24	72	0	0	122	231	0	75	54	74	0	12	11	0	0	11	20	0	0	29	75	0	0	146	248	0	77	90	99	17	18	28	0	0	28	37	17	0	24	29	0	0	34	51	0	0	43	78	0	0	214	284	51	101	542	38	50	0	41	60	0	22	63	0	0	101	184	0	75	47	70	0	12	11	0	0	11	20	0	0	24	72	0	0	122	231	0	75	54	74	0	14	9	0	0	15	21	0	0	12	11	0	0	11	20	0	0	29	75	0	0	146	248	0	77	90	99	17	12	39	5	0	11	0	17	0	18	28	0	0	28	37	17	0	24	29	0	0	34	51	0	0	43	78	0	0	214	284	51	101
441	430	62	39	5	419	46	18	0	62	39	5	37	9	0	0	151	54	20	7	408	40	18	0	46	18	0	30	9	0	0	130	27	0	0	62	39	5	23	0	0	0	26	30	0	0	37	9	0	0	151	54	20	7	397	34	18	0	40	18	0	26	9	0	0	112	27	0	0	46	18	0	12	0	0	0	10	0	0	0	30	9	0	0	130	27	0	0	62	39	5	20	0	0	0	24	20	0	0	23	0	0	0	26	30	0	0	37	9	0	0	151	54	20	7	386	30	18	0	34	18	0	23	9	0	0	91	27	0	0	40	18	0	12	0	0	0	10	0	0	0	26	9	0	0	112	27	0	0	46	18	0	13	0	0	0	14	9	0	0	12	0	0	0	10	0	0	0	30	9	0	0	130	27	0	0	62	39	5	10	0	5	0	10	0	0	0	20	0	0	0	24	20	0	0	23	0	0	0	26	30	0	0	37	9	0	0	151	54	20	7
520	507	65	41	56	494	48	30	12	65	41	56	38	18	14	24	159	121	56	210	481	39	12	12	48	30	12	31	0	12	24	123	87	12	78	65	41	56	16	0	56	0	12	0	112	0	38	18	14	24	159	121	56	210	468	33	12	12	39	12	12	24	0	12	24	91	24	12	78	48	30	12	12	0	24	0	9	0	24	0	31	0	12	24	123	87	12	78	65	41	56	13	0	28	0	19	12	0	0	16	0	56	0	12	0	112	0	38	18	14	24	159	121	56	210	455	33	12	12	33	12	12	24	0	12	24	74	24	12	78	39	12	12	12	0	24	0	9	0	24	0	24	0	12	24	91	24	12	78	48	30	12	13	0	0	0	15	12	0	0	12	0	24	0	9	0	24	0	31	0	12	24	123	87	12	78	65	41	56	10	0	0	0	12	0	0	0	13	0	28	0	19	12	0	0	16	0	56	0	12	0	112	0	38	18	14	24	159	121	56	210
678	660	98	129	33	642	64	111	0	98	129	33	53	112	0	0	224	326	33	163	624	54	91	0	64	111	0	39	90	0	0	161	279	0	78	98	129	33	19	67	28	0	19	38	66	0	53	112	0	0	224	326	33	163	606	47	72	0	54	91	0	33	60	0	0	126	219	0	78	64	111	0	13	50	0	0	11	34	0	0	39	90	0	0	161	279	0	78	98	129	33	11	60	28	0	24	56	66	0	19	67	28	0	19	38	66	0	53	112	0	0	224	326	33	163	588	45	67	0	47	72	0	29	58	0	0	103	172	0	78	54	91	0	11	49	0	0	11	32	0	0	33	60	0	0	126	219	0	78	64	111	0	11	54	0	0	16	49	0	0	13	50	0	0	11	34	0	0	39	90	0	0	161	279	0	78	98	129	33	18	49	0	0	21	32	0	0	11	60	28	0	24	56	66	0	19	67	28	0	19	38	66	0	53	112	0	0	224	326	33	163
519	505	79	70	11	491	58	59	0	79	70	11	46	38	0	0	161	113	11	22	477	50	52	0	58	59	0	37	32	0	0	134	105	0	0	79	70	11	24	12	6	0	21	12	11	0	46	38	0	0	161	113	11	22	463	43	48	0	50	52	0	30	32	0	0	110	92	0	0	58	59	0	16	8	0	0	13	8	0	0	37	32	0	0	134	105	0	0	79	70	11	14	32	6	0	30	40	0	0	24	12	6	0	21	12	11	0	46	38	0	0	161	113	11	22	449	41	48	0	43	48	0	26	32	0	0	93	88	0	0	50	52	0	14	8	0	0	13	8	0	0	30	32	0	0	110	92	0	0	58	59	0	14	32	0	0	18	32	0	0	16	8	0	0	13	8	0	0	37	32	0	0	134	105	0	0	79	70	11	13	0	0	0	29	24	0	0	14	32	6	0	30	40	0	0	24	12	6	0	21	12	11	0	46	38	0	0	161	113	11	22
354	345	52	25	5	336	39	13	0	52	25	5	29	10	0	0	113	42	10	5	327	33	8	0	39	13	0	21	0	0	0	85	18	0	0	52	25	5	15	0	0	0	9	0	5	0	29	10	0	0	113	42	10	5	318	31	8	0	33	8	0	17	0	0	0	67	8	0	0	39	13	0	13	0	0	0	9	0	0	0	21	0	0	0	85	18	0	0	52	25	5	15	0	0	0	14	0	0	0	15	0	0	0	9	0	5	0	29	10	0	0	113	42	10	5	309	31	8	0	31	8	0	17	0	0	0	62	8	0	0	33	8	0	13	0	0	0	9	0	0	0	17	0	0	0	67	8	0	0	39	13	0	15	0	0	0	14	0	0	0	13	0	0	0	9	0	0	0	21	0	0	0	85	18	0	0	52	25	5	6	0	0	0	7	0	0	0	15	0	0	0	14	0	0	0	15	0	0	0	9	0	5	0	29	10	0	0	113	42	10	5
445	432	61	68	0	419	36	58	0	61	68	0	37	12	0	0	107	120	0	0	406	30	52	0	36	58	0	18	6	0	0	63	96	0	0	61	68	0	17	28	0	0	15	28	0	0	37	12	0	0	107	120	0	0	393	28	48	0	30	52	0	14	6	0	0	55	88	0	0	36	58	0	9	24	0	0	4	24	0	0	18	6	0	0	63	96	0	0	61	68	0	12	24	0	0	14	13	0	0	17	28	0	0	15	28	0	0	37	12	0	0	107	120	0	0	380	27	48	0	28	48	0	13	6	0	0	53	84	0	0	30	52	0	5	24	0	0	4	24	0	0	14	6	0	0	55	88	0	0	36	58	0	8	24	0	0	9	12	0	0	9	24	0	0	4	24	0	0	18	6	0	0	63	96	0	0	61	68	0	1	0	0	0	14	7	0	0	12	24	0	0	14	13	0	0	17	28	0	0	15	28	0	0	37	12	0	0	107	120	0	0
537	523	60	51	47	509	31	24	23	60	51	47	21	0	78	14	137	120	141	94	495	29	24	21	31	24	23	17	0	37	12	67	48	69	12	60	51	47	12	0	14	24	11	0	0	0	21	0	78	14	137	120	141	94	481	29	24	21	29	24	21	17	0	33	12	62	48	63	12	31	24	23	12	0	0	24	8	0	0	0	17	0	37	12	67	48	69	12	60	51	47	11	0	0	0	10	0	0	0	12	0	14	24	11	0	0	0	21	0	78	14	137	120	141	94	467	29	24	21	29	24	21	17	0	33	12	62	48	63	12	29	24	21	12	0	0	24	7	0	0	0	17	0	33	12	62	48	63	12	31	24	23	11	0	0	0	9	0	0	0	12	0	0	24	8	0	0	0	17	0	37	12	67	48	69	12	60	51	47	6	0	0	0	5	0	0	0	11	0	0	0	10	0	0	0	12	0	14	24	11	0	0	0	21	0	78	14	137	120	141	94
565	550	61	65	48	535	30	36	46	61	65	48	25	24	71	0	140	129	144	0	520	29	36	45	30	36	46	22	24	69	0	68	72	138	0	61	65	48	8	0	15	14	10	0	0	0	25	24	71	0	140	129	144	0	505	29	36	45	29	36	45	22	24	66	0	65	72	135	0	30	36	46	8	0	15	14	6	0	0	0	22	24	69	0	68	72	138	0	61	65	48	6	0	0	0	4	0	0	0	8	0	15	14	10	0	0	0	25	24	71	0	140	129	144	0	490	29	36	45	29	36	45	22	24	66	0	65	72	135	0	29	36	45	8	0	14	14	5	0	0	0	22	24	66	0	65	72	135	0	30	36	46	6	0	0	0	4	0	0	0	8	0	15	14	6	0	0	0	22	24	69	0	68	72	138	0	61	65	48	1	0	0	0	3	0	0	0	6	0	0	0	4	0	0	0	8	0	15	14	10	0	0	0	25	24	71	0	140	129	144	0
443	431	58	49	27	419	23	27	27	58	49	27	32	18	93	0	139	117	135	0	407	20	27	26	23	27	27	21	18	93	0	53	54	135	0	58	49	27	4	0	27	14	10	4	0	0	32	18	93	0	139	117	135	0	395	20	27	26	20	27	26	21	18	90	0	48	54	130	0	23	27	27	4	0	27	14	2	0	0	0	21	18	93	0	53	54	135	0	58	49	27	2	0	0	0	4	0	0	0	4	0	27	14	10	4	0	0	32	18	93	0	139	117	135	0	383	20	27	26	20	27	26	21	18	90	0	48	54	130	0	20	27	26	4	0	26	14	1	0	0	0	21	18	90	0	48	54	130	0	23	27	27	2	0	0	0	2	0	0	0	4	0	27	14	2	0	0	0	21	18	93	0	53	54	135	0	58	49	27	1	0	0	0	2	0	0	0	2	0	0	0	4	0	0	0	4	0	27	14	10	4	0	0	32	18	93	0	139	117	135	0
279	272	37	6	22	265	25	0	9	37	6	22	13	0	22	0	72	12	22	16	258	25	0	9	25	0	9	13	0	9	0	48	0	9	0	37	6	22	9	0	0	0	6	0	0	0	13	0	22	0	72	12	22	16	251	25	0	9	25	0	9	13	0	9	0	48	0	9	0	25	0	9	9	0	0	0	6	0	0	0	13	0	9	0	48	0	9	0	37	6	22	10	0	0	0	8	0	0	0	9	0	0	0	6	0	0	0	13	0	22	0	72	12	22	16	244	25	0	9	25	0	9	13	0	9	0	48	0	9	0	25	0	9	9	0	0	0	6	0	0	0	13	0	9	0	48	0	9	0	25	0	9	10	0	0	0	8	0	0	0	9	0	0	0	6	0	0	0	13	0	9	0	48	0	9	0	37	6	22	1	0	0	0	5	0	0	0	10	0	0	0	8	0	0	0	9	0	0	0	6	0	0	0	13	0	22	0	72	12	22	16
433	421	55	51	9	409	22	32	9	55	51	9	24	24	9	0	125	136	36	0	397	21	32	9	22	32	9	20	24	9	0	47	88	36	0	55	51	9	4	0	0	0	5	4	0	0	24	24	9	0	125	136	36	0	385	21	32	9	21	32	9	20	24	9	0	47	88	36	0	22	32	9	4	0	0	0	1	0	0	0	20	24	9	0	47	88	36	0	55	51	9	2	0	0	0	3	0	0	0	4	0	0	0	5	4	0	0	24	24	9	0	125	136	36	0	373	21	32	9	21	32	9	20	24	9	0	47	88	36	0	21	32	9	4	0	0	0	1	0	0	0	20	24	9	0	47	88	36	0	22	32	9	2	0	0	0	2	0	0	0	4	0	0	0	1	0	0	0	20	24	9	0	47	88	36	0	55	51	9	1	0	0	0	2	0	0	0	2	0	0	0	3	0	0	0	4	0	0	0	5	4	0	0	24	24	9	0	125	136	36	0
545	531	49	13	101	517	32	0	66	49	13	101	32	0	30	108	113	13	101	131	503	31	0	65	32	0	66	28	0	27	107	75	0	66	105	49	13	101	5	0	0	14	8	0	0	0	32	0	30	108	113	13	101	131	489	31	0	62	31	0	65	28	0	27	103	75	0	65	101	32	0	66	5	0	0	12	2	0	0	0	28	0	27	107	75	0	66	105	49	13	101	3	0	0	38	6	0	0	0	5	0	0	14	8	0	0	0	32	0	30	108	113	13	101	131	475	31	0	62	31	0	62	28	0	26	103	75	0	62	101	31	0	65	5	0	0	12	2	0	0	0	28	0	27	103	75	0	65	101	32	0	66	3	0	0	38	4	0	0	0	5	0	0	12	2	0	0	0	28	0	27	107	75	0	66	105	49	13	101	5	0	0	0	4	0	0	0	3	0	0	38	6	0	0	0	5	0	0	14	8	0	0	0	32	0	30	108	113	13	101	131
775	755	83	75	123	735	50	0	104	83	75	123	52	0	103	73	195	210	615	74	715	46	0	80	50	0	104	39	0	98	56	130	0	520	50	83	75	123	17	0	11	76	28	30	0	89	52	0	103	73	195	210	615	74	695	44	0	49	46	0	80	38	0	77	52	120	0	400	47	50	0	104	11	0	11	12	7	0	0	12	39	0	98	56	130	0	520	50	83	75	123	10	0	13	38	13	15	0	158	17	0	11	76	28	30	0	89	52	0	103	73	195	210	615	74	675	42	0	49	44	0	49	38	0	48	52	110	0	245	47	46	0	80	11	0	11	12	7	0	0	12	38	0	77	52	120	0	400	47	50	0	104	7	0	13	38	9	0	0	78	11	0	11	12	7	0	0	12	39	0	98	56	130	0	520	50	83	75	123	15	0	17	0	6	0	0	0	10	0	13	38	13	15	0	158	17	0	11	76	28	30	0	89	52	0	103	73	195	210	615	74
540	526	60	49	49	512	35	9	38	60	49	49	37	36	52	42	140	90	196	36	498	32	0	38	35	9	38	28	0	49	42	93	0	152	36	60	49	49	10	0	11	0	17	18	49	0	37	36	52	42	140	90	196	36	484	31	0	37	32	0	38	27	0	49	40	83	0	152	35	35	9	38	6	0	11	0	4	0	38	0	28	0	49	42	93	0	152	36	60	49	49	4	0	0	14	5	9	0	0	10	0	11	0	17	18	49	0	37	36	52	42	140	90	196	36	470	31	0	37	31	0	37	27	0	48	40	78	0	148	35	32	0	38	6	0	11	0	4	0	38	0	27	0	49	40	83	0	152	35	35	9	38	4	0	0	14	4	0	0	0	6	0	11	0	4	0	38	0	28	0	49	42	93	0	152	36	60	49	49	9	0	0	0	4	0	0	0	4	0	0	14	5	9	0	0	10	0	11	0	17	18	49	0	37	36	52	42	140	90	196	36
666	647	67	121	41	628	28	84	23	67	121	41	28	120	35	12	152	290	123	84	609	25	84	23	28	84	23	19	120	34	12	68	216	69	82	67	121	41	5	0	11	0	11	9	0	0	28	120	35	12	152	290	123	84	590	25	84	23	25	84	23	19	120	34	12	63	216	69	80	28	84	23	5	0	11	0	2	0	0	0	19	120	34	12	68	216	69	82	67	121	41	3	0	0	0	7	0	0	0	5	0	11	0	11	9	0	0	28	120	35	12	152	290	123	84	571	25	84	23	25	84	23	19	120	34	12	63	216	69	80	25	84	23	5	0	11	0	2	0	0	0	19	120	34	12	63	216	69	80	28	84	23	3	0	0	0	4	0	0	0	5	0	11	0	2	0	0	0	19	120	34	12	68	216	69	82	67	121	41	5	0	0	0	5	0	0	0	3	0	0	0	7	0	0	0	5	0	11	0	11	9	0	0	28	120	35	12	152	290	123	84
800	778	85	137	69	756	54	103	29	85	137	69	42	106	16	38	190	287	138	153	734	52	99	0	54	103	29	38	102	14	0	120	227	58	114	85	137	69	12	66	0	0	15	16	0	105	42	106	16	38	190	287	138	153	712	50	97	0	52	99	0	36	98	0	0	119	217	0	110	54	103	29	12	66	0	0	8	16	0	12	38	102	14	0	120	227	58	114	85	137	69	14	32	0	0	16	32	0	0	12	66	0	0	15	16	0	105	42	106	16	38	190	287	138	153	690	47	96	0	50	97	0	32	96	0	0	113	211	0	110	52	99	0	10	64	0	0	8	16	0	12	36	98	0	0	119	217	0	110	54	103	29	12	32	0	0	12	32	0	0	12	66	0	0	8	16	0	12	38	102	14	0	120	227	58	114	85	137	69	7	16	8	0	8	32	0	0	14	32	0	0	16	32	0	0	12	66	0	0	15	16	0	105	42	106	16	38	190	287	138	153
641	624	59	55	124	607	33	13	84	59	55	124	38	39	59	97	145	145	372	213	590	28	0	82	33	13	84	26	0	47	91	92	65	252	165	59	55	124	8	0	14	30	17	39	124	0	38	39	59	97	145	145	372	213	573	27	0	80	28	0	82	25	0	47	89	75	0	246	141	33	13	84	4	0	13	30	5	0	84	0	26	0	47	91	92	65	252	165	59	55	124	2	0	0	22	2	0	0	0	8	0	14	30	17	39	124	0	38	39	59	97	145	145	372	213	556	27	0	67	27	0	80	25	0	47	75	70	0	240	109	28	0	82	4	0	13	28	4	0	82	0	25	0	47	89	75	0	246	141	33	13	84	2	0	0	0	2	0	0	0	4	0	13	30	5	0	84	0	26	0	47	91	92	65	252	165	59	55	124	8	0	0	29	2	0	0	77	2	0	0	22	2	0	0	0	8	0	14	30	17	39	124	0	38	39	59	97	145	145	372	213
482	469	50	32	78	456	31	12	24	50	32	78	35	0	23	85	117	56	156	282	443	28	12	23	31	12	24	26	0	11	81	86	36	48	194	50	32	78	10	0	0	12	15	10	0	0	35	0	23	85	117	56	156	282	430	27	12	23	28	12	23	25	0	11	81	75	36	46	141	31	12	24	6	0	0	12	4	0	0	0	26	0	11	81	86	36	48	194	50	32	78	4	0	0	0	5	0	0	0	10	0	0	12	15	10	0	0	35	0	23	85	117	56	156	282	417	27	12	23	27	12	23	25	0	11	81	70	36	46	109	28	12	23	6	0	0	12	4	0	0	0	25	0	11	81	75	36	46	141	31	12	24	4	0	0	0	4	0	0	0	6	0	0	12	4	0	0	0	26	0	11	81	86	36	48	194	50	32	78	9	0	0	0	5	0	0	0	4	0	0	0	5	0	0	0	10	0	0	12	15	10	0	0	35	0	23	85	117	56	156	282
685	666	83	120	68	647	51	74	40	83	120	68	55	71	9	38	200	287	272	172	628	41	59	39	51	74	40	38	27	0	36	141	202	160	142	83	120	68	12	55	34	7	23	73	68	0	55	71	9	38	200	287	272	172	609	37	48	27	41	59	39	34	17	0	17	107	129	156	118	51	74	40	12	14	33	0	9	31	40	0	38	27	0	36	141	202	160	142	83	120	68	5	14	40	40	10	0	68	33	12	55	34	7	23	73	68	0	55	71	9	38	200	287	272	172	590	32	44	5	37	48	27	28	17	0	0	89	76	108	86	41	59	39	10	10	33	0	8	27	39	0	34	17	0	17	107	129	156	118	51	74	40	5	10	37	0	7	0	40	0	12	14	33	0	9	31	40	0	38	27	0	36	141	202	160	142	83	120	68	9	40	50	25	12	0	0	94	5	14	40	40	10	0	68	33	12	55	34	7	23	73	68	0	55	71	9	38	200	287	272	172
594	577	71	90	70	560	40	75	8	71	90	70	43	65	9	16	160	228	70	383	543	37	74	7	40	75	8	36	63	0	14	107	217	8	260	71	90	70	16	13	0	7	23	12	0	0	43	65	9	16	160	228	70	383	526	33	73	0	37	74	7	33	63	0	0	96	215	7	206	40	75	8	12	13	0	0	6	11	0	0	36	63	0	14	107	217	8	260	71	90	70	6	12	10	0	12	24	0	33	16	13	0	7	23	12	0	0	43	65	9	16	160	228	70	383	509	30	69	0	33	73	0	28	61	0	0	80	210	0	171	37	74	7	10	13	0	0	6	11	0	0	33	63	0	0	96	215	7	206	40	75	8	6	11	8	0	6	22	0	0	12	13	0	0	6	11	0	0	36	63	0	14	107	217	8	260	71	90	70	9	45	10	0	14	24	0	0	6	12	10	0	12	24	0	33	16	13	0	7	23	12	0	0	43	65	9	16	160	228	70	383
447	434	56	59	15	421	28	36	0	56	59	15	31	27	0	0	117	147	60	123	408	22	36	0	28	36	0	15	27	0	0	71	108	0	104	56	59	15	9	0	0	0	25	20	0	0	31	27	0	0	117	147	60	123	395	21	36	0	22	36	0	14	27	0	0	53	108	0	80	28	36	0	5	0	0	0	5	0	0	0	15	27	0	0	71	108	0	104	56	59	15	2	0	0	0	3	0	0	0	9	0	0	0	25	20	0	0	31	27	0	0	117	147	60	123	382	21	36	0	21	36	0	14	27	0	0	48	108	0	49	22	36	0	5	0	0	0	4	0	0	0	14	27	0	0	53	108	0	80	28	36	0	2	0	0	0	2	0	0	0	5	0	0	0	5	0	0	0	15	27	0	0	71	108	0	104	56	59	15	8	0	0	0	3	0	0	0	2	0	0	0	3	0	0	0	9	0	0	0	25	20	0	0	31	27	0	0	117	147	60	123
471	458	48	12	90	445	30	12	35	48	12	90	33	0	23	76	117	60	0	355	432	24	12	23	30	12	35	18	0	0	34	72	60	0	156	48	12	90	5	0	10	33	12	0	0	49	33	0	23	76	117	60	0	355	419	24	12	23	24	12	23	18	0	0	34	58	60	0	151	30	12	35	5	0	0	33	5	0	0	38	18	0	0	34	72	60	0	156	48	12	90	2	0	0	0	2	0	0	0	5	0	10	33	12	0	0	49	33	0	23	76	117	60	0	355	406	22	12	23	24	12	23	18	0	0	34	58	60	0	130	24	12	23	4	0	0	33	3	0	0	38	18	0	0	34	58	60	0	151	30	12	35	1	0	0	0	2	0	0	0	5	0	0	33	5	0	0	38	18	0	0	34	72	60	0	156	48	12	90	3	0	20	0	2	0	0	0	2	0	0	0	2	0	0	0	5	0	10	33	12	0	0	49	33	0	23	76	117	60	0	355
551	536	51	38	93	521	29	12	54	51	38	93	32	24	65	12	130	98	186	285	506	24	0	54	29	12	54	19	0	42	12	71	12	108	148	51	38	93	5	0	10	0	9	0	93	0	32	24	65	12	130	98	186	285	491	24	0	54	24	0	54	19	0	42	12	58	0	108	144	29	12	54	5	0	0	0	8	0	54	0	19	0	42	12	71	12	108	148	51	38	93	1	0	0	0	0	0	0	0	5	0	10	0	9	0	93	0	32	24	65	12	130	98	186	285	476	23	0	54	24	0	54	19	0	42	12	58	0	108	130	24	0	54	4	0	0	0	6	0	54	0	19	0	42	12	58	0	108	144	29	12	54	0	0	0	0	0	0	0	0	5	0	0	0	8	0	54	0	19	0	42	12	71	12	108	148	51	38	93	0	0	10	0	0	0	0	0	1	0	0	0	0	0	0	0	5	0	10	0	9	0	93	0	32	24	65	12	130	98	186	285
599	582	46	90	52	565	20	39	51	46	90	52	24	60	46	12	104	159	260	0	548	16	30	51	20	39	51	15	15	46	12	46	54	255	0	46	90	52	4	0	0	0	8	0	52	0	24	60	46	12	104	159	260	0	531	16	30	51	16	30	51	15	15	46	12	38	45	255	0	20	39	51	4	0	0	0	6	0	51	0	15	15	46	12	46	54	255	0	46	90	52	0	0	0	0	0	0	0	0	4	0	0	0	8	0	52	0	24	60	46	12	104	159	260	0	514	16	30	51	16	30	51	15	15	46	12	38	45	255	0	16	30	51	4	0	0	0	5	0	51	0	15	15	46	12	38	45	255	0	20	39	51	0	0	0	0	0	0	0	0	4	0	0	0	6	0	51	0	15	15	46	12	46	54	255	0	46	90	52	0	0	0	0	0	0	0	0	0	0	0	0	0	0	0	0	4	0	0	0	8	0	52	0	24	60	46	12	104	159	260	0
408	396	48	45	23	384	27	35	8	48	45	23	32	26	18	0	110	84	23	83	372	22	27	8	27	35	8	18	18	8	0	63	80	8	40	48	45	23	4	9	10	0	15	0	23	0	32	26	18	0	110	84	23	83	360	22	27	8	22	27	8	18	18	8	0	50	72	8	39	27	35	8	4	9	0	0	8	0	8	0	18	18	8	0	63	80	8	40	48	45	23	1	0	0	0	0	0	0	0	4	9	10	0	15	0	23	0	32	26	18	0	110	84	23	83	348	21	27	8	22	27	8	18	18	8	0	50	72	8	27	22	27	8	3	9	0	0	6	0	8	0	18	18	8	0	50	72	8	39	27	35	8	0	0	0	0	0	0	0	0	4	9	0	0	8	0	8	0	18	18	8	0	63	80	8	40	48	45	23	0	0	10	0	0	0	0	0	1	0	0	0	0	0	0	0	4	9	10	0	15	0	23	0	32	26	18	0	110	84	23	83
568	551	64	109	28	534	29	76	0	64	109	28	29	118	23	0	151	251	84	207	517	23	60	0	29	76	0	15	72	0	0	67	164	0	124	64	109	28	3	24	10	0	20	24	56	0	29	118	23	0	151	251	84	207	500	23	60	0	23	60	0	15	72	0	0	52	120	0	121	29	76	0	3	24	0	0	7	19	0	0	15	72	0	0	67	164	0	124	64	109	28	2	0	0	0	0	0	0	0	3	24	10	0	20	24	56	0	29	118	23	0	151	251	84	207	483	22	60	0	23	60	0	15	72	0	0	52	120	0	107	23	60	0	2	24	0	0	6	12	0	0	15	72	0	0	52	120	0	121	29	76	0	1	0	0	0	0	0	0	0	3	24	0	0	7	19	0	0	15	72	0	0	67	164	0	124	64	109	28	1	0	10	0	0	0	0	0	2	0	0	0	0	0	0	0	3	24	10	0	20	24	56	0	29	118	23	0	151	251	84	207
502	488	24	24	105	474	9	0	80	24	24	105	8	0	21	50	51	48	210	145	460	9	0	80	9	0	80	8	0	0	50	18	0	160	105	24	24	105	1	0	0	0	6	0	0	0	8	0	21	50	51	48	210	145	446	9	0	80	9	0	80	8	0	0	50	18	0	160	105	9	0	80	1	0	0	0	4	0	0	0	8	0	0	50	18	0	160	105	24	24	105	0	0	0	0	0	0	0	0	1	0	0	0	6	0	0	0	8	0	21	50	51	48	210	145	432	9	0	80	9	0	80	8	0	0	50	18	0	160	105	9	0	80	1	0	0	0	4	0	0	0	8	0	0	50	18	0	160	105	9	0	80	0	0	0	0	0	0	0	0	1	0	0	0	4	0	0	0	8	0	0	50	18	0	160	105	24	24	105	0	0	0	0	0	0	0	0	0	0	0	0	0	0	0	0	1	0	0	0	6	0	0	0	8	0	21	50	51	48	210	145
679	660	65	70	141	641	35	0	105	65	70	141	39	0	81	93	148	224	705	173	622	32	0	79	35	0	105	31	0	42	14	78	0	525	105	65	70	141	11	0	21	38	18	14	0	192	39	0	81	93	148	224	705	173	603	31	0	78	32	0	79	31	0	30	14	73	0	395	105	35	0	105	10	0	21	36	14	0	0	124	31	0	42	14	78	0	525	105	65	70	141	3	0	14	13	0	0	0	0	11	0	21	38	18	14	0	192	39	0	81	93	148	224	705	173	584	31	0	78	31	0	78	31	0	30	14	70	0	390	105	32	0	79	10	0	20	36	14	0	0	121	31	0	30	14	73	0	395	105	35	0	105	3	0	10	13	0	0	0	0	10	0	21	36	14	0	0	124	31	0	42	14	78	0	525	105	65	70	141	1	0	0	0	0	0	0	0	3	0	14	13	0	0	0	0	11	0	21	38	18	14	0	192	39	0	81	93	148	224	705	173
375	364	28	19	42	353	10	18	16	28	19	42	9	9	30	24	67	28	0	103	342	10	18	16	10	18	16	9	9	0	24	21	27	0	59	28	19	42	3	0	0	0	4	0	0	0	9	9	30	24	67	28	0	103	331	10	18	16	10	18	16	9	9	0	24	21	27	0	59	10	18	16	3	0	0	0	1	0	0	0	9	9	0	24	21	27	0	59	28	19	42	0	0	0	0	0	0	0	0	3	0	0	0	4	0	0	0	9	9	30	24	67	28	0	103	320	10	18	16	10	18	16	9	9	0	24	21	27	0	59	10	18	16	3	0	0	0	1	0	0	0	9	9	0	24	21	27	0	59	10	18	16	0	0	0	0	0	0	0	0	3	0	0	0	1	0	0	0	9	9	0	24	21	27	0	59	28	19	42	0	0	0	0	0	0	0	0	0	0	0	0	0	0	0	0	3	0	0	0	4	0	0	0	9	9	30	24	67	28	0	103
288	280	11	0	51	272	4	0	41	11	0	51	2	0	9	8	22	0	0	52	264	4	0	41	4	0	41	2	0	0	8	6	0	0	51	11	0	51	0	0	0	0	1	0	0	0	2	0	9	8	22	0	0	52	256	4	0	41	4	0	41	2	0	0	8	6	0	0	51	4	0	41	0	0	0	0	0	0	0	0	2	0	0	8	6	0	0	51	11	0	51	0	0	0	0	0	0	0	0	0	0	0	0	1	0	0	0	2	0	9	8	22	0	0	52	248	4	0	41	4	0	41	2	0	0	8	6	0	0	51	4	0	41	0	0	0	0	0	0	0	0	2	0	0	8	6	0	0	51	4	0	41	0	0	0	0	0	0	0	0	0	0	0	0	0	0	0	0	2	0	0	8	6	0	0	51	11	0	51	0	0	0	0	0	0	0	0	0	0	0	0	0	0	0	0	0	0	0	0	1	0	0	0	2	0	9	8	22	0	0	52
392	381	48	28	27	370	25	0	11	48	28	27	31	0	45	0	107	77	108	80	359	23	0	10	25	0	11	24	0	22	0	54	0	44	51	48	28	27	5	0	11	10	12	7	0	0	31	0	45	0	107	77	108	80	348	23	0	10	23	0	10	24	0	20	0	50	0	40	51	25	0	11	5	0	11	10	9	0	0	0	24	0	22	0	54	0	44	51	48	28	27	1	0	0	0	0	0	0	0	5	0	11	10	12	7	0	0	31	0	45	0	107	77	108	80	337	23	0	10	23	0	10	24	0	20	0	50	0	40	51	23	0	10	5	0	10	10	9	0	0	0	24	0	20	0	50	0	40	51	25	0	11	1	0	0	0	0	0	0	0	5	0	11	10	9	0	0	0	24	0	22	0	54	0	44	51	48	28	27	1	0	0	0	0	0	0	0	1	0	0	0	0	0	0	0	5	0	11	10	12	7	0	0	31	0	45	0	107	77	108	80
452	439	46	30	67	426	26	0	31	46	30	67	29	0	34	32	105	40	201	273	413	25	0	31	26	0	31	24	0	31	32	67	0	93	196	46	30	67	8	0	0	0	12	0	0	0	29	0	34	32	105	40	201	273	400	25	0	30	25	0	31	24	0	31	30	64	0	93	169	26	0	31	8	0	0	0	12	0	0	0	24	0	31	32	67	0	93	196	46	30	67	3	0	0	10	3	0	0	0	8	0	0	0	12	0	0	0	29	0	34	32	105	40	201	273	387	25	0	30	25	0	30	24	0	30	30	64	0	90	168	25	0	31	8	0	0	0	12	0	0	0	24	0	31	30	64	0	93	169	26	0	31	3	0	0	10	1	0	0	0	8	0	0	0	12	0	0	0	24	0	31	32	67	0	93	196	46	30	67	1	0	0	0	0	0	0	0	3	0	0	10	3	0	0	0	8	0	0	0	12	0	0	0	29	0	34	32	105	40	201	273
664	644	86	125	82	624	50	64	55	86	125	82	50	72	58	57	189	263	410	168	604	45	53	44	50	64	55	45	17	56	32	122	105	275	116	86	125	82	19	0	50	40	21	18	82	28	50	72	58	57	189	263	410	168	584	44	52	30	45	53	44	43	17	56	20	108	72	220	89	50	64	55	18	0	49	0	16	17	55	0	45	17	56	32	122	105	275	116	86	125	82	9	18	12	40	20	0	0	68	19	0	50	40	21	18	82	28	50	72	58	57	189	263	410	168	564	44	51	27	44	52	30	43	17	50	20	108	70	150	88	45	53	44	18	0	45	0	16	17	44	0	43	17	56	20	108	72	220	89	50	64	55	9	17	12	35	9	0	0	40	18	0	49	0	16	17	55	0	45	17	56	32	122	105	275	116	86	125	82	8	17	0	25	14	0	0	0	9	18	12	40	20	0	0	68	19	0	50	40	21	18	82	28	50	72	58	57	189	263	410	168
549	532	58	78	79	515	31	61	35	58	78	79	42	75	0	97	136	154	79	273	498	26	60	0	31	61	35	25	72	0	0	78	145	35	196	58	78	79	10	12	0	0	16	52	0	196	42	75	0	97	136	154	79	273	481	26	60	0	26	60	0	25	72	0	0	63	144	0	169	31	61	35	10	12	0	0	9	48	0	113	25	72	0	0	78	145	35	196	58	78	79	3	0	0	0	0	0	0	0	10	12	0	0	16	52	0	196	42	75	0	97	136	154	79	273	464	26	60	0	26	60	0	25	72	0	0	63	144	0	168	26	60	0	10	12	0	0	9	48	0	113	25	72	0	0	63	144	0	169	31	61	35	3	0	0	0	0	0	0	0	10	12	0	0	9	48	0	113	25	72	0	0	78	145	35	196	58	78	79	1	0	0	0	0	0	0	0	3	0	0	0	0	0	0	0	10	12	0	0	16	52	0	196	42	75	0	97	136	154	79	273
429	415	53	71	21	401	20	50	0	53	71	21	30	78	0	0	128	183	42	168	387	16	48	0	20	50	0	13	72	0	0	49	150	0	116	53	71	21	6	16	0	0	9	24	0	0	30	78	0	0	128	183	42	168	373	16	48	0	16	48	0	13	72	0	0	38	144	0	89	20	50	0	6	16	0	0	9	24	0	0	13	72	0	0	49	150	0	116	53	71	21	3	0	0	0	1	0	0	0	6	16	0	0	9	24	0	0	30	78	0	0	128	183	42	168	359	16	48	0	16	48	0	13	72	0	0	38	144	0	88	16	48	0	6	16	0	0	9	24	0	0	13	72	0	0	38	144	0	89	20	50	0	3	0	0	0	0	0	0	0	6	16	0	0	9	24	0	0	13	72	0	0	49	150	0	116	53	71	21	1	0	0	0	0	0	0	0	3	0	0	0	1	0	0	0	6	16	0	0	9	24	0	0	30	78	0	0	128	183	42	168
493	477	79	98	14	461	37	67	0	79	98	14	46	70	0	0	193	286	70	141	445	32	62	0	37	67	0	29	64	0	0	95	200	0	105	79	98	14	10	52	0	0	13	40	0	0	46	70	0	0	193	286	70	141	429	32	60	0	32	62	0	29	60	0	0	80	184	0	79	37	67	0	10	50	0	0	13	40	0	0	29	64	0	0	95	200	0	105	79	98	14	6	20	0	0	12	0	0	0	10	52	0	0	13	40	0	0	46	70	0	0	193	286	70	141	413	32	60	0	32	60	0	29	60	0	0	80	180	0	78	32	62	0	10	50	0	0	13	40	0	0	29	60	0	0	80	184	0	79	37	67	0	6	20	0	0	4	0	0	0	10	50	0	0	13	40	0	0	29	64	0	0	95	200	0	105	79	98	14	5	0	0	0	4	0	0	0	6	20	0	0	12	0	0	0	10	52	0	0	13	40	0	0	46	70	0	0	193	286	70	141
498	483	51	27	91	468	32	14	54	51	27	91	28	0	32	58	120	54	91	184	453	32	14	51	32	14	54	28	0	20	53	80	28	54	86	51	27	91	15	0	0	32	10	0	0	0	28	0	32	58	120	54	91	184	438	31	14	51	32	14	51	28	0	20	53	80	28	51	75	32	14	54	13	0	0	32	9	0	0	0	28	0	20	53	80	28	54	86	51	27	91	8	0	0	0	17	13	0	0	15	0	0	32	10	0	0	0	28	0	32	58	120	54	91	184	423	31	14	49	31	14	51	28	0	20	50	79	28	51	60	32	14	51	13	0	0	30	9	0	0	0	28	0	20	53	80	28	51	75	32	14	54	8	0	0	0	5	0	0	0	13	0	0	32	9	0	0	0	28	0	20	53	80	28	54	86	51	27	91	5	0	0	20	10	0	0	0	8	0	0	0	17	13	0	0	15	0	0	32	10	0	0	0	28	0	32	58	120	54	91	184
439	425	58	59	38	411	32	33	11	58	59	38	23	22	23	11	125	138	114	163	397	32	33	11	32	33	11	23	22	11	11	76	88	33	86	58	59	38	15	0	0	0	14	0	0	0	23	22	23	11	125	138	114	163	383	30	33	11	32	33	11	23	22	11	11	76	88	33	75	32	33	11	12	0	0	0	7	0	0	0	23	22	11	11	76	88	33	86	58	59	38	8	0	0	0	27	21	0	0	15	0	0	0	14	0	0	0	23	22	23	11	125	138	114	163	369	30	33	10	30	33	11	23	22	11	10	70	88	33	60	32	33	11	12	0	0	0	7	0	0	0	23	22	11	11	76	88	33	75	32	33	11	8	0	0	0	6	11	0	0	12	0	0	0	7	0	0	0	23	22	11	11	76	88	33	86	58	59	38	8	0	0	10	22	0	0	0	8	0	0	0	27	21	0	0	15	0	0	0	14	0	0	0	23	22	23	11	125	138	114	163
454	440	78	57	41	426	50	25	23	78	57	41	40	0	49	23	161	142	164	96	412	49	25	23	50	25	23	38	0	35	23	120	62	92	55	78	57	41	18	0	13	0	30	0	0	0	40	0	49	23	161	142	164	96	398	47	25	23	49	25	23	38	0	35	23	120	62	92	44	50	25	23	13	0	12	0	18	0	0	0	38	0	35	23	120	62	92	55	78	57	41	15	0	0	0	34	20	0	0	18	0	13	0	30	0	0	0	40	0	49	23	161	142	164	96	384	45	24	20	47	25	23	37	0	35	20	115	62	92	30	49	25	23	12	0	12	0	17	0	0	0	38	0	35	23	120	62	92	44	50	25	23	10	0	0	0	13	12	0	0	13	0	12	0	18	0	0	0	38	0	35	23	120	62	92	55	78	57	41	21	12	13	30	34	12	0	0	15	0	0	0	34	20	0	0	18	0	13	0	30	0	0	0	40	0	49	23	161	142	164	96
295	286	37	8	43	277	26	8	0	37	8	43	24	0	11	0	91	16	0	263	268	26	8	0	26	8	0	24	0	0	0	67	16	0	121	37	8	43	8	0	0	0	12	0	0	0	24	0	11	0	91	16	0	263	259	26	8	0	26	8	0	24	0	0	0	67	16	0	75	26	8	0	8	0	0	0	12	0	0	0	24	0	0	0	67	16	0	121	37	8	43	3	0	0	0	8	0	0	0	8	0	0	0	12	0	0	0	24	0	11	0	91	16	0	263	250	26	8	0	26	8	0	24	0	0	0	67	16	0	60	26	8	0	8	0	0	0	12	0	0	0	24	0	0	0	67	16	0	75	26	8	0	3	0	0	0	2	0	0	0	8	0	0	0	12	0	0	0	24	0	0	0	67	16	0	121	37	8	43	2	0	0	0	3	0	0	0	3	0	0	0	8	0	0	0	8	0	0	0	12	0	0	0	24	0	11	0	91	16	0	263
528	510	100	129	16	492	56	95	0	100	129	16	31	112	11	0	218	336	80	96	474	55	89	0	56	95	0	31	106	0	0	143	249	0	55	100	129	16	19	69	0	0	46	11	0	0	31	112	11	0	218	336	80	96	456	51	84	0	55	89	0	31	100	0	0	139	234	0	44	56	95	0	9	66	0	0	28	10	0	0	31	106	0	0	143	249	0	55	100	129	16	10	52	0	0	38	37	0	0	19	69	0	0	46	11	0	0	31	112	11	0	218	336	80	96	438	50	81	0	51	84	0	30	92	0	0	128	217	0	30	55	89	0	9	63	0	0	28	10	0	0	31	100	0	0	139	234	0	44	56	95	0	7	50	0	0	13	25	0	0	9	66	0	0	28	10	0	0	31	106	0	0	143	249	0	55	100	129	16	22	31	0	0	42	10	0	0	10	52	0	0	38	37	0	0	19	69	0	0	46	11	0	0	31	112	11	0	218	336	80	96
568	550	72	74	93	532	54	47	54	72	74	93	43	16	22	58	157	64	186	186	514	53	45	52	54	47	54	43	16	21	54	143	63	108	88	72	74	93	17	26	0	23	29	13	0	0	43	16	22	58	157	64	186	186	496	46	32	52	53	45	52	41	16	20	54	142	61	104	85	54	47	54	10	0	0	23	14	0	0	0	43	16	21	54	143	63	108	88	72	74	93	9	0	22	0	35	56	93	0	17	26	0	23	29	13	0	0	43	16	22	58	157	64	186	186	478	40	32	52	46	32	52	33	16	20	54	123	48	104	85	53	45	52	8	0	0	23	14	0	0	0	41	16	20	54	142	61	104	85	54	47	54	9	0	21	0	15	16	54	0	10	0	0	23	14	0	0	0	43	16	21	54	143	63	108	88	72	74	93	21	0	0	0	40	78	0	0	9	0	22	0	35	56	93	0	17	26	0	23	29	13	0	0	43	16	22	58	157	64	186	186
600	581	97	101	86	562	74	61	59	97	101	86	59	62	33	68	215	140	258	95	543	72	60	46	74	61	59	59	60	32	12	193	135	177	34	97	101	86	23	15	0	27	42	30	0	82	59	62	33	68	215	140	258	95	524	64	60	45	72	60	46	57	60	31	12	188	135	138	34	74	61	59	12	15	0	26	19	16	0	55	59	60	32	12	193	135	177	34	97	101	86	18	0	22	14	37	52	0	0	23	15	0	27	42	30	0	82	59	62	33	68	215	140	258	95	505	55	57	40	64	60	45	48	60	31	12	169	135	135	34	72	60	46	10	15	0	22	19	15	0	44	57	60	31	12	188	135	138	34	74	61	59	14	0	21	10	16	15	0	0	12	15	0	26	19	16	0	55	59	60	32	12	193	135	177	34	97	101	86	22	36	11	50	39	100	0	0	18	0	22	14	37	52	0	0	23	15	0	27	42	30	0	82	59	62	33	68	215	140	258	95
364	352	64	37	29	340	44	27	8	64	37	29	30	18	8	0	128	56	29	95	328	43	27	8	44	27	8	30	18	8	0	110	54	8	34	64	37	29	19	0	0	0	29	8	0	0	30	18	8	0	128	56	29	95	316	37	27	8	43	27	8	28	18	8	0	109	54	8	34	44	27	8	11	0	0	0	15	0	0	0	30	18	8	0	110	54	8	34	64	37	29	9	0	8	0	36	27	0	0	19	0	0	0	29	8	0	0	30	18	8	0	128	56	29	95	304	35	27	8	37	27	8	24	18	8	0	95	54	8	34	43	27	8	9	0	0	0	15	0	0	0	28	18	8	0	109	54	8	34	44	27	8	9	0	8	0	14	9	0	0	11	0	0	0	15	0	0	0	30	18	8	0	110	54	8	34	64	37	29	24	0	0	0	43	16	0	0	9	0	8	0	36	27	0	0	19	0	0	0	29	8	0	0	30	18	8	0	128	56	29	95
452	437	95	77	19	422	71	49	14	95	77	19	85	0	14	0	201	125	76	16	407	64	45	14	71	49	14	59	0	14	0	171	97	56	0	95	77	19	38	28	0	0	33	59	0	0	85	0	14	0	201	125	76	16	392	51	36	14	64	45	14	49	0	14	0	159	93	56	0	71	49	14	16	0	0	0	12	24	0	0	59	0	14	0	171	97	56	0	95	77	19	15	24	32	0	28	64	19	0	38	28	0	0	33	59	0	0	85	0	14	0	201	125	76	16	377	43	36	14	51	36	14	40	0	14	0	133	84	56	0	64	45	14	10	0	0	0	12	24	0	0	49	0	14	0	159	93	56	0	71	49	14	11	24	32	0	12	36	14	0	16	0	0	0	12	24	0	0	59	0	14	0	171	97	56	0	95	77	19	21	0	0	0	36	56	0	0	15	24	32	0	28	64	19	0	38	28	0	0	33	59	0	0	85	0	14	0	201	125	76	16
544	524	124	164	13	504	82	132	0	124	164	13	95	106	0	0	270	415	52	57	484	71	132	0	82	132	0	61	106	0	0	210	374	0	23	124	164	13	44	0	0	0	55	132	0	0	95	106	0	0	270	415	52	57	464	60	130	0	71	132	0	53	106	0	0	189	374	0	23	82	132	0	25	0	0	0	28	96	0	0	61	106	0	0	210	374	0	23	124	164	13	26	28	0	0	36	94	0	0	44	0	0	0	55	132	0	0	95	106	0	0	270	415	52	57	444	47	116	0	60	130	0	37	100	0	0	156	364	0	23	71	132	0	15	0	0	0	24	96	0	0	53	106	0	0	189	374	0	23	82	132	0	13	24	0	0	14	62	0	0	25	0	0	0	28	96	0	0	61	106	0	0	210	374	0	23	124	164	13	15	154	0	0	39	121	0	0	26	28	0	0	36	94	0	0	44	0	0	0	55	132	0	0	95	106	0	0	270	415	52	57
560	542	92	73	102	524	71	67	49	92	73	102	71	82	0	71	226	177	0	240	506	61	52	48	71	67	49	55	78	0	69	184	161	0	135	92	73	102	20	26	80	13	21	0	102	0	71	82	0	71	226	177	0	240	488	55	26	47	61	52	48	47	52	0	67	172	143	0	120	71	67	49	11	26	54	12	13	0	49	0	55	78	0	69	184	161	0	135	92	73	102	12	0	44	12	15	0	204	0	20	26	80	13	21	0	102	0	71	82	0	71	226	177	0	240	470	44	0	47	55	26	47	38	0	0	67	154	65	0	119	61	52	48	5	0	53	12	13	0	48	0	47	52	0	67	172	143	0	120	71	67	49	8	0	43	12	13	0	98	0	11	26	54	12	13	0	49	0	55	78	0	69	184	161	0	135	92	73	102	11	0	58	0	8	0	204	0	12	0	44	12	15	0	204	0	20	26	80	13	21	0	102	0	71	82	0	71	226	177	0	240
563	544	92	137	20	525	70	88	6	92	137	20	45	171	0	6	216	202	80	32	506	60	52	6	70	88	6	45	39	0	6	187	139	24	14	92	137	20	10	72	35	0	24	28	80	0	45	171	0	6	216	202	80	32	487	56	41	6	60	52	6	43	7	0	6	172	103	24	14	70	88	6	5	28	24	0	12	0	24	0	45	39	0	6	187	139	24	14	92	137	20	8	28	0	0	12	0	20	0	10	72	35	0	24	28	80	0	45	171	0	6	216	202	80	32	468	48	34	6	56	41	6	35	0	0	6	160	92	24	14	60	52	6	3	0	24	0	12	0	24	0	43	7	0	6	172	103	24	14	70	88	6	8	0	0	0	10	0	6	0	5	28	24	0	12	0	24	0	45	39	0	6	187	139	24	14	92	137	20	11	0	6	0	10	0	20	0	8	28	0	0	12	0	20	0	10	72	35	0	24	28	80	0	45	171	0	6	216	202	80	32
498	480	113	117	38	462	68	105	0	113	117	38	83	124	0	0	263	425	0	211	444	57	104	0	68	105	0	51	120	0	0	167	387	0	127	113	117	38	21	8	20	0	46	64	0	0	83	124	0	0	263	425	0	211	426	52	96	0	57	104	0	45	120	0	0	150	384	0	112	68	105	0	9	8	0	0	19	56	0	0	51	120	0	0	167	387	0	127	113	117	38	15	0	0	0	18	13	38	0	21	8	20	0	46	64	0	0	83	124	0	0	263	425	0	211	408	45	64	0	52	96	0	39	88	0	0	138	344	0	111	57	104	0	3	8	0	0	17	56	0	0	45	120	0	0	150	384	0	112	68	105	0	8	0	0	0	11	9	0	0	9	8	0	0	19	56	0	0	51	120	0	0	167	387	0	127	113	117	38	11	0	18	0	12	13	152	0	15	0	0	0	18	13	38	0	21	8	20	0	46	64	0	0	83	124	0	0	263	425	0	211
388	373	89	78	25	358	58	70	0	89	78	25	62	76	0	0	226	222	0	118	343	52	68	0	58	70	0	46	72	0	0	164	198	0	73	89	78	25	20	17	7	0	45	0	0	0	62	76	0	0	226	222	0	118	328	46	64	0	52	68	0	40	68	0	0	158	190	0	60	58	70	0	10	17	0	0	17	0	0	0	46	72	0	0	164	198	0	73	89	78	25	8	32	0	0	15	8	0	0	20	17	7	0	45	0	0	0	62	76	0	0	226	222	0	118	313	37	56	0	46	64	0	31	64	0	0	140	178	0	59	52	68	0	4	16	0	0	17	0	0	0	40	68	0	0	158	190	0	60	58	70	0	4	32	0	0	10	8	0	0	10	17	0	0	17	0	0	0	46	72	0	0	164	198	0	73	89	78	25	12	8	18	0	15	0	25	0	8	32	0	0	15	8	0	0	20	17	7	0	45	0	0	0	62	76	0	0	226	222	0	118
404	388	92	102	0	372	59	78	0	92	102	0	60	46	0	0	226	301	0	0	356	50	73	0	59	78	0	44	46	0	0	162	265	0	0	92	102	0	15	20	0	0	20	16	0	0	60	46	0	0	226	301	0	0	340	46	69	0	50	73	0	38	46	0	0	148	260	0	0	59	78	0	11	0	0	0	8	0	0	0	44	46	0	0	162	265	0	0	86	102	0	8	0	0	0	5	0	0	0	15	20	0	0	20	16	0	0	60	46	0	0	211	301	0	0	324	38	69	0	46	69	0	29	46	0	0	136	256	0	0	50	73	0	5	0	0	0	8	0	0	0	38	46	0	0	148	260	0	0	53	78	0	4	0	0	0	2	0	0	0	11	0	0	0	8	0	0	0	44	46	0	0	147	265	0	0	85	102	0	1	0	0	0	10	0	0	0	8	0	0	0	5	0	0	0	15	20	0	0	20	16	0	0	58	46	0	0	206	301	0	0
271	262	34	20	11	253	18	20	0	34	20	11	11	0	28	0	73	45	0	20	244	16	0	0	18	20	0	7	0	0	0	51	45	0	6	34	20	11	4	0	11	0	0	0	44	0	11	0	28	0	73	45	0	20	235	15	0	0	16	0	0	6	0	0	0	49	0	0	6	18	20	0	0	0	0	0	0	0	0	0	7	0	0	0	51	45	0	6	33	20	11	0	0	7	0	0	0	0	0	4	0	11	0	0	0	44	0	11	0	28	0	69	45	0	20	226	15	0	0	15	0	0	6	0	0	0	48	0	0	6	16	0	0	0	0	0	0	0	0	0	0	6	0	0	0	49	0	0	6	17	20	0	0	0	0	0	0	0	0	0	0	0	0	0	0	0	0	0	7	0	0	0	47	45	0	6	33	20	11	0	0	0	0	0	0	0	0	0	0	7	0	0	0	0	0	4	0	11	0	0	0	44	0	11	0	28	0	69	45	0	20
240	230	54	29	11	220	31	27	0	54	29	11	17	14	28	0	115	96	0	20	210	25	27	0	31	27	0	13	14	0	0	79	90	0	6	54	29	11	4	0	11	0	2	0	0	0	17	14	28	0	115	96	0	20	200	24	27	0	25	27	0	12	14	0	0	68	90	0	6	31	27	0	0	0	0	0	0	0	0	0	13	14	0	0	79	90	0	6	49	29	11	0	0	7	0	1	0	0	0	4	0	11	0	2	0	0	0	17	14	28	0	104	96	0	20	190	24	27	0	24	27	0	12	14	0	0	67	90	0	6	25	27	0	0	0	0	0	0	0	0	0	12	14	0	0	68	90	0	6	26	27	0	0	0	0	0	0	0	0	0	0	0	0	0	0	0	0	0	13	14	0	0	68	90	0	6	45	29	11	0	0	0	0	3	0	0	0	0	0	7	0	1	0	0	0	4	0	11	0	2	0	0	0	12	14	28	0	93	96	0	20
295	285	39	27	11	275	31	9	0	39	27	11	16	0	28	0	85	9	33	20	265	25	9	0	31	9	0	12	0	0	0	80	9	0	6	39	27	11	4	0	11	0	2	0	0	0	16	0	28	0	85	9	33	20	255	24	9	0	25	9	0	11	0	0	0	69	9	0	6	31	9	0	0	0	0	0	0	0	0	0	12	0	0	0	80	9	0	6	38	27	11	0	0	7	0	1	0	0	0	4	0	11	0	2	0	0	0	16	0	28	0	81	9	33	20	245	24	9	0	24	9	0	11	0	0	0	68	9	0	6	25	9	0	0	0	0	0	0	0	0	0	11	0	0	0	69	9	0	6	30	9	0	0	0	0	0	0	0	0	0	0	0	0	0	0	0	0	0	12	0	0	0	76	9	0	6	38	27	11	0	0	0	0	2	0	0	0	0	0	7	0	1	0	0	0	4	0	11	0	2	0	0	0	16	0	28	0	81	9	33	20
305	293	52	54	11	281	31	39	0	52	54	11	23	21	28	0	118	121	33	20	269	29	39	0	31	39	0	19	21	0	0	79	118	0	6	52	54	11	7	0	11	0	10	0	0	0	23	21	28	0	118	121	33	20	257	28	39	0	29	39	0	18	21	0	0	77	118	0	6	31	39	0	3	0	0	0	8	0	0	0	19	21	0	0	79	118	0	6	51	54	11	0	0	7	0	1	0	0	0	7	0	11	0	10	0	0	0	23	21	28	0	117	121	33	20	245	28	39	0	28	39	0	18	21	0	0	76	118	0	6	29	39	0	3	0	0	0	8	0	0	0	18	21	0	0	77	118	0	6	30	39	0	0	0	0	0	0	0	0	0	3	0	0	0	8	0	0	0	19	21	0	0	78	118	0	6	51	54	11	0	0	0	0	2	0	0	0	0	0	7	0	1	0	0	0	7	0	11	0	10	0	0	0	23	21	28	0	117	121	33	20
138	132	29	9	4	126	19	9	0	29	9	4	8	0	0	0	71	32	0	0	120	14	9	0	19	9	0	8	0	0	0	56	32	0	0	25	9	4	0	0	4	0	0	0	0	0	8	0	0	0	62	32	0	0	115	14	9	0	14	9	0	8	0	0	0	46	32	0	0	19	9	0	0	0	0	0	0	0	0	0	8	0	0	0	56	32	0	0	23	4	4	0	0	0	0	0	0	0	0	0	0	4	0	0	0	0	0	8	0	0	0	57	12	0	0	110	14	9	0	14	9	0	8	0	0	0	46	32	0	0	14	9	0	0	0	0	0	0	0	0	0	8	0	0	0	46	32	0	0	17	4	0	0	0	0	0	0	0	0	0	0	0	0	0	0	0	0	0	8	0	0	0	51	12	0	0	22	4	4	0	0	0	0	1	0	0	0	0	0	0	0	0	0	0	0	0	0	4	0	0	0	0	0	6	0	0	0	52	12	0	0
438	423	25	27	125	408	15	14	121	25	27	125	9	0	71	28	52	27	125	0	393	11	14	91	15	14	121	2	0	67	0	29	14	121	0	25	27	125	0	0	54	105	4	0	0	122	9	0	71	28	52	27	125	0	378	11	14	64	11	14	91	2	0	32	0	20	14	91	0	15	14	121	0	0	50	44	2	0	0	55	2	0	67	0	29	14	121	0	25	27	125	2	0	0	66	5	0	0	112	0	0	54	105	4	0	0	122	9	0	71	28	52	27	125	0	363	11	14	63	11	14	64	2	0	32	0	20	14	64	0	11	14	91	0	0	16	43	2	0	0	54	2	0	32	0	20	14	91	0	15	14	121	2	0	0	64	4	0	0	68	0	0	50	44	2	0	0	55	2	0	67	0	29	14	121	0	25	27	125	0	0	0	13	2	0	0	0	2	0	0	66	5	0	0	112	0	0	54	105	4	0	0	122	9	0	71	28	52	27	125	0
249	240	19	15	29	231	14	14	15	19	15	29	5	7	11	28	33	22	0	22	222	13	14	7	14	14	15	4	7	7	0	27	21	0	0	19	15	29	0	0	11	7	2	0	0	20	5	7	11	28	33	22	0	22	213	13	14	6	13	14	7	4	7	0	0	26	21	0	0	14	14	15	0	0	7	6	0	0	0	6	4	7	7	0	27	21	0	0	19	15	29	0	0	0	6	1	0	0	0	0	0	11	7	2	0	0	20	5	7	11	28	33	22	0	22	204	13	14	6	13	14	6	4	7	0	0	26	21	0	0	13	14	7	0	0	0	6	0	0	0	6	4	7	0	0	26	21	0	0	14	14	15	0	0	0	6	0	0	0	0	0	0	7	6	0	0	0	6	4	7	7	0	27	21	0	0	19	15	29	0	0	0	0	2	0	0	0	0	0	0	6	1	0	0	0	0	0	11	7	2	0	0	20	5	7	11	28	33	22	0	22
259	250	21	8	29	241	15	8	15	21	8	29	6	0	11	28	40	8	0	22	232	14	8	7	15	8	15	5	0	7	0	29	8	0	0	21	8	29	0	0	11	7	2	0	0	20	6	0	11	28	40	8	0	22	223	14	8	6	14	8	7	5	0	0	0	28	8	0	0	15	8	15	0	0	7	6	0	0	0	6	5	0	7	0	29	8	0	0	21	8	29	0	0	0	6	1	0	0	0	0	0	11	7	2	0	0	20	6	0	11	28	40	8	0	22	214	14	8	6	14	8	6	5	0	0	0	28	8	0	0	14	8	7	0	0	0	6	0	0	0	6	5	0	0	0	28	8	0	0	15	8	15	0	0	0	6	0	0	0	0	0	0	7	6	0	0	0	6	5	0	7	0	29	8	0	0	21	8	29	0	0	0	0	2	0	0	0	0	0	0	6	1	0	0	0	0	0	11	7	2	0	0	20	6	0	11	28	40	8	0	22
357	345	26	27	77	333	7	0	73	26	27	77	3	0	111	28	54	72	231	0	321	5	0	64	7	0	73	0	0	107	0	12	0	219	0	26	27	77	0	0	28	23	0	0	0	20	3	0	111	28	54	72	231	0	309	5	0	63	5	0	64	0	0	98	0	8	0	192	0	7	0	73	0	0	24	22	0	0	0	6	0	0	107	0	12	0	219	0	26	27	77	0	0	0	6	0	0	0	0	0	0	28	23	0	0	0	20	3	0	111	28	54	72	231	0	297	5	0	63	5	0	63	0	0	98	0	8	0	189	0	5	0	64	0	0	16	22	0	0	0	6	0	0	98	0	8	0	192	0	7	0	73	0	0	0	6	0	0	0	0	0	0	24	22	0	0	0	6	0	0	107	0	12	0	219	0	26	27	77	0	0	0	0	0	0	0	0	0	0	0	6	0	0	0	0	0	0	28	23	0	0	0	20	3	0	111	28	54	72	231	0
159	153	12	9	10	147	9	8	0	12	9	10	4	4	0	0	23	13	0	22	141	9	8	0	9	8	0	4	4	0	0	19	12	0	0	12	9	10	0	0	0	0	2	0	0	0	4	4	0	0	23	13	0	22	135	9	8	0	9	8	0	4	4	0	0	19	12	0	0	9	8	0	0	0	0	0	0	0	0	0	4	4	0	0	19	12	0	0	12	9	10	0	0	0	0	1	0	0	0	0	0	0	0	2	0	0	0	4	4	0	0	23	13	0	22	129	9	8	0	9	8	0	4	4	0	0	19	12	0	0	9	8	0	0	0	0	0	0	0	0	0	4	4	0	0	19	12	0	0	9	8	0	0	0	0	0	0	0	0	0	0	0	0	0	0	0	0	0	4	4	0	0	19	12	0	0	12	9	10	0	0	0	0	2	0	0	0	0	0	0	0	1	0	0	0	0	0	0	0	2	0	0	0	4	4	0	0	23	13	0	22
434	419	27	14	128	404	11	0	96	27	14	128	5	0	86	120	72	14	128	202	389	11	0	82	11	0	96	5	0	78	104	35	0	96	194	27	14	128	0	0	0	48	0	0	0	11	5	0	86	120	72	14	128	202	374	11	0	57	11	0	82	5	0	74	61	35	0	82	155	11	0	96	0	0	0	0	0	0	0	0	5	0	78	104	35	0	96	194	27	14	128	0	0	0	16	0	0	0	122	0	0	0	48	0	0	0	11	5	0	86	120	72	14	128	202	359	11	0	57	11	0	57	5	0	40	61	35	0	57	127	11	0	82	0	0	0	0	0	0	0	0	5	0	74	61	35	0	82	155	11	0	96	0	0	0	16	0	0	0	55	0	0	0	0	0	0	0	0	5	0	78	104	35	0	96	194	27	14	128	0	0	0	0	0	0	0	0	0	0	0	16	0	0	0	122	0	0	0	48	0	0	0	11	5	0	86	120	72	14	128	202
346	334	20	20	58	322	2	0	46	20	20	58	1	0	24	29	49	40	116	77	310	2	0	41	2	0	46	1	0	24	29	7	0	92	73	20	20	58	0	0	0	0	0	0	0	11	1	0	24	29	49	40	116	77	298	2	0	41	2	0	41	1	0	24	29	7	0	82	64	2	0	46	0	0	0	0	0	0	0	0	1	0	24	29	7	0	92	73	20	20	58	0	0	0	0	1	0	0	0	0	0	0	0	0	0	0	11	1	0	24	29	49	40	116	77	286	2	0	41	2	0	41	1	0	24	29	7	0	82	63	2	0	41	0	0	0	0	0	0	0	0	1	0	24	29	7	0	82	64	2	0	46	0	0	0	0	0	0	0	0	0	0	0	0	0	0	0	0	1	0	24	29	7	0	92	73	20	20	58	0	0	0	0	1	0	0	0	0	0	0	0	1	0	0	0	0	0	0	0	0	0	0	11	1	0	24	29	49	40	116	77
459	443	49	55	84	427	14	0	71	49	55	84	20	0	129	55	129	165	420	77	411	12	0	71	14	0	71	14	0	125	55	40	0	355	73	49	55	84	0	0	21	0	8	0	0	0	20	0	129	55	129	165	420	77	395	12	0	48	12	0	71	14	0	125	40	35	0	355	64	14	0	71	0	0	21	0	8	0	0	0	14	0	125	55	40	0	355	73	49	55	84	0	0	0	28	6	0	0	140	0	0	21	0	8	0	0	0	20	0	129	55	129	165	420	77	379	12	0	47	12	0	48	14	0	64	40	35	0	240	63	12	0	71	0	0	21	0	8	0	0	0	14	0	125	40	35	0	355	64	14	0	71	0	0	0	27	1	0	0	49	0	0	21	0	8	0	0	0	14	0	125	55	40	0	355	73	49	55	84	0	0	0	11	4	0	0	0	0	0	0	28	6	0	0	140	0	0	21	0	8	0	0	0	20	0	129	55	129	165	420	77
230	222	19	12	17	214	2	0	17	19	12	17	1	0	24	0	47	18	34	0	206	2	0	12	2	0	17	1	0	24	0	7	0	34	0	19	12	17	0	0	0	0	0	0	0	11	1	0	24	0	47	18	34	0	198	2	0	12	2	0	12	1	0	24	0	7	0	24	0	2	0	17	0	0	0	0	0	0	0	0	1	0	24	0	7	0	34	0	19	12	17	0	0	0	0	0	0	0	0	0	0	0	0	0	0	0	11	1	0	24	0	47	18	34	0	190	2	0	12	2	0	12	1	0	24	0	7	0	24	0	2	0	12	0	0	0	0	0	0	0	0	1	0	24	0	7	0	24	0	2	0	17	0	0	0	0	0	0	0	0	0	0	0	0	0	0	0	0	1	0	24	0	7	0	34	0	19	12	17	0	0	0	0	0	0	0	0	0	0	0	0	0	0	0	0	0	0	0	0	0	0	0	11	1	0	24	0	47	18	34	0
257	248	23	20	17	239	2	0	17	23	20	17	1	0	24	0	57	50	68	0	230	2	0	12	2	0	17	1	0	24	0	7	0	68	0	23	20	17	0	0	0	0	0	0	0	11	1	0	24	0	57	50	68	0	221	2	0	12	2	0	12	1	0	24	0	7	0	48	0	2	0	17	0	0	0	0	0	0	0	0	1	0	24	0	7	0	68	0	23	20	17	0	0	0	0	3	0	0	0	0	0	0	0	0	0	0	11	1	0	24	0	57	50	68	0	212	2	0	12	2	0	12	1	0	24	0	7	0	48	0	2	0	12	0	0	0	0	0	0	0	0	1	0	24	0	7	0	48	0	2	0	17	0	0	0	0	0	0	0	0	0	0	0	0	0	0	0	0	1	0	24	0	7	0	68	0	23	20	17	0	0	0	0	2	0	0	0	0	0	0	0	3	0	0	0	0	0	0	0	0	0	0	11	1	0	24	0	57	50	68	0
417	402	39	36	99	387	16	0	65	39	36	99	15	0	41	111	84	84	297	159	372	16	0	63	16	0	65	15	0	40	107	36	0	195	134	39	36	99	3	0	0	34	17	0	0	0	15	0	41	111	84	84	297	159	357	15	0	63	16	0	63	15	0	40	107	36	0	189	124	16	0	65	0	0	0	34	8	0	0	0	15	0	40	107	36	0	195	134	39	36	99	3	0	0	0	4	12	0	0	3	0	0	34	17	0	0	0	15	0	41	111	84	84	297	159	342	14	0	61	15	0	63	14	0	40	104	32	0	189	101	16	0	63	0	0	0	32	8	0	0	0	15	0	40	107	36	0	189	124	16	0	65	0	0	0	0	0	0	0	0	0	0	0	34	8	0	0	0	15	0	40	107	36	0	195	134	39	36	99	0	0	0	28	2	12	0	0	3	0	0	0	4	12	0	0	3	0	0	34	17	0	0	0	15	0	41	111	84	84	297	159
456	439	46	45	111	422	22	30	56	46	45	111	21	15	9	111	113	136	111	304	405	22	30	51	22	30	56	21	15	8	105	58	105	56	247	46	45	111	2	0	0	57	15	0	0	0	21	15	9	111	113	136	111	304	388	22	30	47	22	30	51	21	15	8	101	58	105	51	218	22	30	56	2	0	0	41	8	0	0	0	21	15	8	105	58	105	56	247	46	45	111	4	0	0	28	8	0	0	0	2	0	0	57	15	0	0	0	21	15	9	111	113	136	111	304	371	22	30	12	22	30	47	21	15	8	60	58	105	47	170	22	30	51	2	0	0	0	8	0	0	0	21	15	8	101	58	105	51	218	22	30	56	4	0	0	0	1	0	0	0	2	0	0	41	8	0	0	0	21	15	8	105	58	105	56	247	46	45	111	1	0	0	0	6	0	0	185	4	0	0	28	8	0	0	0	2	0	0	57	15	0	0	0	21	15	9	111	113	136	111	304
416	401	59	44	80	386	32	0	60	59	44	80	28	0	63	49	130	121	320	101	371	31	0	59	32	0	60	26	0	61	47	80	0	240	88	59	44	80	7	0	15	13	32	0	0	0	28	0	63	49	130	121	320	101	356	29	0	59	31	0	59	26	0	61	47	80	0	236	83	32	0	60	0	0	15	13	19	0	0	0	26	0	61	47	80	0	240	88	59	44	80	5	0	0	0	10	22	0	0	7	0	15	13	32	0	0	0	28	0	63	49	130	121	320	101	341	28	0	30	29	0	59	25	0	61	12	72	0	236	60	31	0	59	0	0	15	0	18	0	0	0	26	0	61	47	80	0	236	83	32	0	60	2	0	0	0	4	0	0	0	0	0	15	13	19	0	0	0	26	0	61	47	80	0	240	88	59	44	80	10	0	0	72	9	11	0	140	5	0	0	0	10	22	0	0	7	0	15	13	32	0	0	0	28	0	63	49	130	121	320	101
278	268	32	16	31	258	14	0	8	32	16	31	14	0	9	8	76	32	62	118	248	14	0	8	14	0	8	14	0	8	8	35	0	16	105	32	16	31	0	0	0	0	13	0	0	0	14	0	9	8	76	32	62	118	238	14	0	8	14	0	8	14	0	8	8	35	0	16	95	14	0	8	0	0	0	0	8	0	0	0	14	0	8	8	35	0	16	105	32	16	31	0	0	0	0	6	0	0	0	0	0	0	0	13	0	0	0	14	0	9	8	76	32	62	118	228	14	0	0	14	0	8	14	0	8	0	35	0	16	72	14	0	8	0	0	0	0	8	0	0	0	14	0	8	8	35	0	16	95	14	0	8	0	0	0	0	0	0	0	0	0	0	0	0	8	0	0	0	14	0	8	8	35	0	16	105	32	16	31	0	0	0	0	4	0	0	38	0	0	0	0	6	0	0	0	0	0	0	0	13	0	0	0	14	0	9	8	76	32	62	118
408	391	70	105	20	374	31	66	8	69	105	20	36	99	9	8	137	237	100	84	357	27	66	8	30	66	8	20	99	8	8	78	132	40	71	69	105	20	8	0	0	0	31	44	0	0	36	99	9	8	137	237	100	84	340	25	66	8	26	66	8	20	99	8	8	68	132	40	71	30	66	8	1	0	0	0	10	44	0	0	20	99	8	8	78	132	40	71	69	105	20	3	0	0	0	5	12	0	0	8	0	0	0	31	44	0	0	36	99	9	8	137	237	100	84	323	24	66	0	24	66	8	19	99	8	0	60	132	40	48	26	66	8	1	0	0	0	8	44	0	0	20	99	8	8	68	132	40	71	30	66	8	0	0	0	0	1	0	0	0	1	0	0	0	10	44	0	0	20	99	8	8	78	132	40	71	69	105	20	0	0	0	0	7	6	0	38	3	0	0	0	5	12	0	0	8	0	0	0	31	44	0	0	36	99	9	8	137	237	100	84
430	414	47	28	125	398	27	0	84	47	28	125	23	0	74	52	83	14	250	230	382	22	0	83	27	0	84	18	0	73	50	65	0	168	141	47	28	125	7	0	12	13	28	56	0	0	23	0	74	52	83	14	250	230	366	20	0	83	22	0	83	18	0	73	50	50	0	166	138	27	0	84	0	0	12	13	8	0	0	0	18	0	73	50	65	0	168	141	47	28	125	4	0	0	0	0	0	0	0	7	0	12	13	28	56	0	0	23	0	74	52	83	14	250	230	350	18	0	83	20	0	83	17	0	73	50	42	0	166	138	22	0	83	0	0	12	13	8	0	0	0	18	0	73	50	50	0	166	138	27	0	84	0	0	0	0	0	0	0	0	0	0	12	13	8	0	0	0	18	0	73	50	65	0	168	141	47	28	125	0	0	17	0	0	0	0	0	4	0	0	0	0	0	0	0	7	0	12	13	28	56	0	0	23	0	74	52	83	14	250	230
356	342	38	44	61	328	23	24	9	37	44	61	19	0	0	9	71	10	122	341	314	22	24	9	22	24	9	19	0	0	9	55	0	18	197	37	44	61	7	0	0	0	27	10	0	0	19	0	0	9	71	10	122	341	300	20	24	9	21	24	9	19	0	0	9	51	0	18	189	22	24	9	0	0	0	0	8	0	0	0	19	0	0	9	55	0	18	197	37	44	61	3	0	0	0	0	0	0	0	7	0	0	0	27	10	0	0	19	0	0	9	71	10	122	341	286	19	24	9	19	24	9	18	0	0	9	43	0	18	185	21	24	9	0	0	0	0	8	0	0	0	19	0	0	9	51	0	18	189	22	24	9	0	0	0	0	0	0	0	0	0	0	0	0	8	0	0	0	19	0	0	9	55	0	18	197	37	44	61	0	0	0	0	1	0	0	0	3	0	0	0	0	0	0	0	7	0	0	0	27	10	0	0	19	0	0	9	71	10	122	341
400	385	56	50	61	370	31	0	54	56	50	61	39	0	69	9	111	80	305	20	355	21	0	54	31	0	54	18	0	69	9	73	0	270	8	56	50	61	7	0	33	0	26	70	0	0	39	0	69	9	111	80	305	20	340	19	0	54	21	0	54	18	0	69	9	48	0	270	8	31	0	54	0	0	33	0	8	0	0	0	18	0	69	9	73	0	270	8	56	50	61	3	0	0	0	0	0	0	0	7	0	33	0	26	70	0	0	39	0	69	9	111	80	305	20	325	18	0	54	19	0	54	17	0	69	9	40	0	270	8	21	0	54	0	0	33	0	8	0	0	0	18	0	69	9	48	0	270	8	31	0	54	0	0	0	0	0	0	0	0	0	0	33	0	8	0	0	0	18	0	69	9	73	0	270	8	56	50	61	0	0	0	0	0	0	0	0	3	0	0	0	0	0	0	0	7	0	33	0	26	70	0	0	39	0	69	9	111	80	305	20
519	498	82	139	91	477	48	98	56	82	139	91	53	83	26	61	177	308	273	199	456	40	95	55	48	98	56	34	83	25	57	129	275	168	133	82	139	91	13	36	0	8	44	116	0	0	53	83	26	61	177	308	273	199	435	36	80	55	40	95	55	34	80	25	57	105	263	165	130	48	98	56	6	0	0	8	25	68	0	0	34	83	25	57	129	275	168	133	82	139	91	4	36	30	0	8	0	91	0	13	36	0	8	44	116	0	0	53	83	26	61	177	308	273	199	414	31	68	55	36	80	55	28	68	25	57	89	206	165	130	40	95	55	6	0	0	8	23	68	0	0	34	80	25	57	105	263	165	130	48	98	56	2	0	30	0	5	0	56	0	6	0	0	8	25	68	0	0	34	83	25	57	129	275	168	133	82	139	91	12	0	54	0	6	0	91	0	4	36	30	0	8	0	91	0	13	36	0	8	44	116	0	0	53	83	26	61	177	308	273	199
324	311	48	56	17	298	25	32	0	48	56	17	23	0	0	0	100	97	68	100	285	21	28	0	25	32	0	20	0	0	0	63	73	0	68	48	56	17	4	24	0	0	29	24	0	0	23	0	0	0	100	97	68	100	272	20	22	0	21	28	0	20	0	0	0	49	57	0	67	25	32	0	1	0	0	0	12	0	0	0	20	0	0	0	63	73	0	68	48	56	17	3	0	0	0	0	0	17	0	4	24	0	0	29	24	0	0	23	0	0	0	100	97	68	100	259	19	22	0	20	22	0	19	0	0	0	45	33	0	67	21	28	0	1	0	0	0	12	0	0	0	20	0	0	0	49	57	0	67	25	32	0	0	0	0	0	0	0	0	0	1	0	0	0	12	0	0	0	20	0	0	0	63	73	0	68	48	56	17	0	0	0	0	0	0	0	0	3	0	0	0	0	0	17	0	4	24	0	0	29	24	0	0	23	0	0	0	100	97	68	100
440	423	49	16	154	406	34	16	94	49	16	154	38	0	37	112	129	64	0	355	389	21	0	93	34	16	94	21	0	34	110	91	64	0	203	49	16	154	5	0	71	15	8	0	154	0	38	0	37	112	129	64	0	355	372	16	0	93	21	0	93	12	0	34	110	46	0	0	201	34	16	94	4	0	50	15	8	0	94	0	21	0	34	110	91	64	0	203	49	16	154	0	0	62	0	1	0	0	0	5	0	71	15	8	0	154	0	38	0	37	112	129	64	0	355	355	15	0	93	16	0	93	10	0	34	110	34	0	0	201	21	0	93	1	0	50	15	8	0	93	0	12	0	34	110	46	0	0	201	34	16	94	0	0	47	0	1	0	0	0	4	0	50	15	8	0	94	0	21	0	34	110	91	64	0	203	49	16	154	0	0	11	0	0	0	0	0	0	0	62	0	1	0	0	0	5	0	71	15	8	0	154	0	38	0	37	112	129	64	0	355
362	348	35	24	85	334	15	0	65	35	24	85	22	0	85	45	88	72	170	78	320	6	0	65	15	0	65	4	0	81	45	44	0	130	54	35	24	85	0	0	14	0	0	0	0	0	22	0	85	45	88	72	170	78	306	6	0	65	6	0	65	4	0	81	45	15	0	130	54	15	0	65	0	0	8	0	0	0	0	0	4	0	81	45	44	0	130	54	35	24	85	0	0	0	0	0	0	0	0	0	0	14	0	0	0	0	0	22	0	85	45	88	72	170	78	292	6	0	65	6	0	65	4	0	81	45	15	0	130	54	6	0	65	0	0	8	0	0	0	0	0	4	0	81	45	15	0	130	54	15	0	65	0	0	0	0	0	0	0	0	0	0	8	0	0	0	0	0	4	0	81	45	44	0	130	54	35	24	85	0	0	0	0	0	0	0	0	0	0	0	0	0	0	0	0	0	0	14	0	0	0	0	0	22	0	85	45	88	72	170	78
380	365	45	68	41	350	16	24	30	45	68	41	16	96	47	12	120	192	164	61	335	9	0	30	16	24	30	8	0	46	12	49	64	120	54	45	68	41	2	0	28	0	4	0	123	0	16	96	47	12	120	192	164	61	320	8	0	30	9	0	30	6	0	46	12	25	0	120	54	16	24	30	1	0	28	0	4	0	90	0	8	0	46	12	49	64	120	54	45	68	41	0	0	10	0	0	0	0	0	2	0	28	0	4	0	123	0	16	96	47	12	120	192	164	61	305	8	0	30	8	0	30	6	0	46	12	23	0	120	54	9	0	30	1	0	28	0	4	0	90	0	6	0	46	12	25	0	120	54	16	24	30	0	0	10	0	0	0	0	0	1	0	28	0	4	0	90	0	8	0	46	12	49	64	120	54	45	68	41	0	0	0	0	0	0	0	0	0	0	10	0	0	0	0	0	2	0	28	0	4	0	123	0	16	96	47	12	120	192	164	61
233	224	30	8	38	215	22	0	0	30	8	38	24	0	0	0	78	8	38	230	206	13	0	0	22	0	0	9	0	0	0	58	0	0	119	30	8	38	0	0	18	0	4	0	0	0	24	0	0	0	78	8	38	230	197	12	0	0	13	0	0	8	0	0	0	28	0	0	118	22	0	0	0	0	0	0	4	0	0	0	9	0	0	0	58	0	0	119	30	8	38	0	0	12	0	0	0	0	0	0	0	18	0	4	0	0	0	24	0	0	0	78	8	38	230	188	12	0	0	12	0	0	8	0	0	0	25	0	0	118	13	0	0	0	0	0	0	4	0	0	0	8	0	0	0	28	0	0	118	22	0	0	0	0	0	0	0	0	0	0	0	0	0	0	4	0	0	0	9	0	0	0	58	0	0	119	30	8	38	0	0	0	0	0	0	0	0	0	0	12	0	0	0	0	0	0	0	18	0	4	0	0	0	24	0	0	0	78	8	38	230
371	355	50	87	42	339	20	72	0	50	87	42	19	72	0	0	131	250	42	294	323	14	48	0	20	72	0	7	48	0	0	55	224	0	194	50	87	42	1	0	18	0	12	0	126	0	19	72	0	0	131	250	42	294	307	13	48	0	14	48	0	6	48	0	0	35	144	0	192	20	72	0	1	0	0	0	9	0	0	0	7	48	0	0	55	224	0	194	50	87	42	0	0	12	0	0	0	0	0	1	0	18	0	12	0	126	0	19	72	0	0	131	250	42	294	291	13	48	0	13	48	0	6	48	0	0	32	144	0	192	14	48	0	1	0	0	0	9	0	0	0	6	48	0	0	35	144	0	192	20	72	0	0	0	0	0	0	0	0	0	1	0	0	0	9	0	0	0	7	48	0	0	55	224	0	194	50	87	42	0	0	0	0	0	0	0	0	0	0	12	0	0	0	0	0	1	0	18	0	12	0	126	0	19	72	0	0	131	250	42	294
349	335	24	13	115	321	5	0	69	24	13	115	4	0	58	117	65	13	115	206	307	5	0	65	5	0	69	4	0	8	109	15	0	69	95	24	13	115	0	0	0	45	0	0	0	0	4	0	58	117	65	13	115	206	293	5	0	65	5	0	65	4	0	8	109	15	0	65	95	5	0	69	0	0	0	45	0	0	0	0	4	0	8	109	15	0	69	95	24	13	115	0	0	0	0	0	0	0	0	0	0	0	45	0	0	0	0	4	0	58	117	65	13	115	206	279	5	0	65	5	0	65	4	0	8	109	15	0	65	95	5	0	65	0	0	0	45	0	0	0	0	4	0	8	109	15	0	65	95	5	0	69	0	0	0	0	0	0	0	0	0	0	0	45	0	0	0	0	4	0	8	109	15	0	69	95	24	13	115	0	0	0	0	0	0	0	0	0	0	0	0	0	0	0	0	0	0	0	45	0	0	0	0	4	0	58	117	65	13	115	206
222	213	24	18	18	204	1	0	8	24	18	18	0	0	34	16	59	36	54	41	195	1	0	8	1	0	8	0	0	8	16	3	0	24	30	24	18	18	0	0	0	0	0	0	0	0	0	0	34	16	59	36	54	41	186	1	0	8	1	0	8	0	0	8	16	3	0	24	30	1	0	8	0	0	0	0	0	0	0	0	0	0	8	16	3	0	24	30	24	18	18	0	0	0	0	0	0	0	0	0	0	0	0	0	0	0	0	0	0	34	16	59	36	54	41	177	1	0	8	1	0	8	0	0	8	16	3	0	24	30	1	0	8	0	0	0	0	0	0	0	0	0	0	8	16	3	0	24	30	1	0	8	0	0	0	0	0	0	0	0	0	0	0	0	0	0	0	0	0	0	8	16	3	0	24	30	24	18	18	0	0	0	0	0	0	0	0	0	0	0	0	0	0	0	0	0	0	0	0	0	0	0	0	0	0	34	16	59	36	54	41
320	307	40	40	42	294	8	0	18	40	40	42	4	0	58	36	102	120	210	126	281	7	0	18	8	0	18	2	0	28	36	21	0	90	95	40	40	42	1	0	12	0	5	0	0	0	4	0	58	36	102	120	210	126	268	7	0	18	7	0	18	2	0	28	36	19	0	90	95	8	0	18	1	0	10	0	5	0	0	0	2	0	28	36	21	0	90	95	40	40	42	0	0	0	0	0	0	0	0	1	0	12	0	5	0	0	0	4	0	58	36	102	120	210	126	255	7	0	18	7	0	18	2	0	28	36	19	0	90	95	7	0	18	1	0	10	0	5	0	0	0	2	0	28	36	19	0	90	95	8	0	18	0	0	0	0	0	0	0	0	1	0	10	0	5	0	0	0	2	0	28	36	21	0	90	95	40	40	42	0	0	0	0	0	0	0	0	0	0	0	0	0	0	0	0	1	0	12	0	5	0	0	0	4	0	58	36	102	120	210	126
197	189	23	15	8	181	1	0	0	23	15	8	0	0	24	0	56	30	24	41	173	1	0	0	1	0	0	0	0	0	0	3	0	0	30	23	15	8	0	0	0	0	0	0	0	0	0	0	24	0	56	30	24	41	165	1	0	0	1	0	0	0	0	0	0	3	0	0	30	1	0	0	0	0	0	0	0	0	0	0	0	0	0	0	3	0	0	30	23	15	8	0	0	0	0	0	0	0	0	0	0	0	0	0	0	0	0	0	0	24	0	56	30	24	41	157	1	0	0	1	0	0	0	0	0	0	3	0	0	30	1	0	0	0	0	0	0	0	0	0	0	0	0	0	0	3	0	0	30	1	0	0	0	0	0	0	0	0	0	0	0	0	0	0	0	0	0	0	0	0	0	0	3	0	0	30	23	15	8	0	0	0	0	0	0	0	0	0	0	0	0	0	0	0	0	0	0	0	0	0	0	0	0	0	0	24	0	56	30	24	41
171	164	25	12	0	157	4	0	0	25	12	0	2	0	0	0	62	30	0	0	150	4	0	0	4	0	0	2	0	0	0	11	0	0	0	25	12	0	1	0	0	0	4	0	0	0	2	0	0	0	62	30	0	0	143	4	0	0	4	0	0	2	0	0	0	11	0	0	0	4	0	0	1	0	0	0	4	0	0	0	2	0	0	0	11	0	0	0	25	12	0	0	0	0	0	0	0	0	0	1	0	0	0	4	0	0	0	2	0	0	0	62	30	0	0	136	4	0	0	4	0	0	2	0	0	0	11	0	0	0	4	0	0	1	0	0	0	4	0	0	0	2	0	0	0	11	0	0	0	4	0	0	0	0	0	0	0	0	0	0	1	0	0	0	4	0	0	0	2	0	0	0	11	0	0	0	25	12	0	0	0	0	0	0	0	0	0	0	0	0	0	0	0	0	0	1	0	0	0	4	0	0	0	2	0	0	0	62	30	0	0
357	342	34	36	72	327	12	0	42	34	36	72	4	0	37	74	81	84	216	68	312	11	0	29	12	0	42	2	0	36	34	30	0	126	26	34	36	72	3	0	12	47	10	0	0	41	4	0	37	74	81	84	216	68	297	11	0	28	11	0	29	2	0	32	34	29	0	87	26	12	0	42	3	0	12	46	10	0	0	30	2	0	36	34	30	0	126	26	34	36	72	0	0	0	10	8	0	0	0	3	0	12	47	10	0	0	41	4	0	37	74	81	84	216	68	282	11	0	28	11	0	28	2	0	30	34	29	0	84	26	11	0	29	3	0	11	46	10	0	0	30	2	0	32	34	29	0	87	26	12	0	42	0	0	0	10	1	0	0	0	3	0	12	46	10	0	0	30	2	0	36	34	30	0	126	26	34	36	72	3	0	0	0	4	0	0	0	0	0	0	10	8	0	0	0	3	0	12	47	10	0	0	41	4	0	37	74	81	84	216	68
455	435	59	106	98	415	25	52	81	59	106	98	27	35	52	52	136	284	392	42	395	20	51	39	25	52	81	9	34	51	10	62	137	324	18	59	106	98	2	17	12	91	15	68	0	237	27	35	52	52	136	284	392	42	375	20	51	20	20	51	39	9	34	44	10	51	136	156	18	25	52	81	2	17	12	30	13	68	0	124	9	34	51	10	62	137	324	18	59	106	98	0	0	0	10	11	0	0	108	2	17	12	91	15	68	0	237	27	35	52	52	136	284	392	42	355	20	51	20	20	51	20	9	34	30	10	51	136	80	18	20	51	39	2	17	11	30	11	68	0	123	9	34	44	10	51	136	156	18	25	52	81	0	0	0	10	1	0	0	56	2	17	12	30	13	68	0	124	9	34	51	10	62	137	324	18	59	106	98	3	0	0	0	6	0	0	0	0	0	0	10	11	0	0	108	2	17	12	91	15	68	0	237	27	35	52	52	136	284	392	42
331	316	52	71	29	301	16	36	20	52	71	29	13	0	24	8	117	208	145	42	286	14	36	11	16	36	20	7	0	24	0	40	96	100	18	52	71	29	3	0	12	11	14	12	0	42	13	0	24	8	117	208	145	42	271	14	36	10	14	36	11	7	0	22	0	38	96	55	18	16	36	20	3	0	12	10	10	12	0	0	7	0	24	0	40	96	100	18	52	71	29	0	0	0	10	16	0	0	0	3	0	12	11	14	12	0	42	13	0	24	8	117	208	145	42	256	14	36	10	14	36	10	7	0	20	0	38	96	50	18	14	36	11	3	0	11	10	10	12	0	0	7	0	22	0	38	96	55	18	16	36	20	0	0	0	10	1	0	0	0	3	0	12	10	10	12	0	0	7	0	24	0	40	96	100	18	52	71	29	3	0	0	0	8	0	0	0	0	0	0	10	16	0	0	0	3	0	12	11	14	12	0	42	13	0	24	8	117	208	145	42
303	290	30	23	56	277	11	12	16	30	23	56	6	0	0	40	75	58	56	183	264	11	12	0	11	12	16	6	0	0	0	29	36	16	95	30	23	56	1	0	0	0	5	0	0	83	6	0	0	40	75	58	56	183	251	11	12	0	11	12	0	6	0	0	0	29	36	0	91	11	12	16	1	0	0	0	5	0	0	30	6	0	0	0	29	36	16	95	30	23	56	0	0	0	0	1	0	0	0	1	0	0	0	5	0	0	83	6	0	0	40	75	58	56	183	238	11	12	0	11	12	0	6	0	0	0	29	36	0	91	11	12	0	1	0	0	0	5	0	0	30	6	0	0	0	29	36	0	91	11	12	16	0	0	0	0	0	0	0	0	1	0	0	0	5	0	0	30	6	0	0	0	29	36	16	95	30	23	56	0	0	0	0	0	0	0	0	0	0	0	0	1	0	0	0	1	0	0	0	5	0	0	83	6	0	0	40	75	58	56	183
238	228	25	16	22	218	8	0	0	25	16	22	2	0	0	0	62	32	44	68	208	8	0	0	8	0	0	2	0	0	0	20	0	0	26	25	16	22	1	0	0	0	5	0	0	0	2	0	0	0	62	32	44	68	198	8	0	0	8	0	0	2	0	0	0	20	0	0	26	8	0	0	1	0	0	0	5	0	0	0	2	0	0	0	20	0	0	26	25	16	22	0	0	0	0	4	0	0	0	1	0	0	0	5	0	0	0	2	0	0	0	62	32	44	68	188	8	0	0	8	0	0	2	0	0	0	20	0	0	26	8	0	0	1	0	0	0	5	0	0	0	2	0	0	0	20	0	0	26	8	0	0	0	0	0	0	0	0	0	0	1	0	0	0	5	0	0	0	2	0	0	0	20	0	0	26	25	16	22	0	0	0	0	2	0	0	0	0	0	0	0	4	0	0	0	1	0	0	0	5	0	0	0	2	0	0	0	62	32	44	68
458	438	46	36	172	418	23	0	127	46	36	172	10	0	75	62	107	54	344	221	398	23	0	126	23	0	127	10	0	72	60	66	0	254	143	46	36	172	11	0	0	12	30	0	0	0	10	0	75	62	107	54	344	221	378	20	0	122	23	0	126	10	0	72	53	66	0	252	79	23	0	127	6	0	0	10	24	0	0	0	10	0	72	60	66	0	254	143	46	36	172	8	0	0	49	21	54	0	0	11	0	0	12	30	0	0	0	10	0	75	62	107	54	344	221	358	17	0	118	20	0	122	6	0	71	50	54	0	244	58	23	0	126	6	0	0	10	24	0	0	0	10	0	72	53	66	0	252	79	23	0	127	2	0	0	47	2	0	0	0	6	0	0	10	24	0	0	0	10	0	72	60	66	0	254	143	46	36	172	11	0	12	50	12	36	0	0	8	0	0	49	21	54	0	0	11	0	0	12	30	0	0	0	10	0	75	62	107	54	344	221
248	237	46	30	18	226	21	0	11	46	30	18	22	0	11	0	102	78	90	29	215	18	0	11	21	0	11	9	0	11	0	58	0	55	20	46	30	18	20	0	0	0	20	18	0	0	22	0	11	0	102	78	90	29	204	13	0	11	18	0	11	5	0	11	0	48	0	55	11	21	0	11	5	0	0	0	14	0	0	0	9	0	11	0	58	0	55	20	46	30	18	6	0	0	0	12	30	0	0	20	0	0	0	20	18	0	0	22	0	11	0	102	78	90	29	193	11	0	11	13	0	11	1	0	11	0	33	0	55	10	18	0	11	5	0	0	0	14	0	0	0	5	0	11	0	48	0	55	11	21	0	11	2	0	0	0	1	0	0	0	5	0	0	0	14	0	0	0	9	0	11	0	58	0	55	20	46	30	18	5	0	0	0	8	12	0	0	6	0	0	0	12	30	0	0	20	0	0	0	20	18	0	0	22	0	11	0	102	78	90	29
369	352	60	77	84	335	29	44	48	60	77	84	34	0	48	51	136	186	252	199	318	24	42	48	29	44	48	14	0	45	51	78	131	144	143	60	77	84	9	28	0	0	32	71	0	0	34	0	48	51	136	186	252	199	301	21	42	44	24	42	48	14	0	45	45	67	126	144	79	29	44	48	4	28	0	0	25	71	0	0	14	0	45	51	78	131	144	143	60	77	84	8	0	0	47	19	33	0	0	9	28	0	0	32	71	0	0	34	0	48	51	136	186	252	199	284	18	39	30	21	42	44	10	0	44	30	55	126	132	58	24	42	48	4	28	0	0	23	70	0	0	14	0	45	45	67	126	144	79	29	44	48	2	0	0	10	2	0	0	0	4	28	0	0	25	71	0	0	14	0	45	51	78	131	144	143	60	77	84	8	33	12	21	12	22	0	91	8	0	0	47	19	33	0	0	9	28	0	0	32	71	0	0	34	0	48	51	136	186	252	199
266	254	31	29	51	242	13	11	0	31	29	51	3	0	0	0	73	38	102	277	230	13	11	0	13	11	0	3	0	0	0	38	11	0	159	31	29	51	4	0	0	0	17	0	0	0	3	0	0	0	73	38	102	277	218	12	11	0	13	11	0	3	0	0	0	38	11	0	79	13	11	0	3	0	0	0	11	0	0	0	3	0	0	0	38	11	0	159	31	29	51	0	0	0	0	14	9	0	0	4	0	0	0	17	0	0	0	3	0	0	0	73	38	102	277	206	12	11	0	12	11	0	3	0	0	0	33	11	0	58	13	11	0	3	0	0	0	11	0	0	0	3	0	0	0	38	11	0	79	13	11	0	0	0	0	0	0	0	0	0	3	0	0	0	11	0	0	0	3	0	0	0	38	11	0	159	31	29	51	3	0	0	0	8	0	0	0	0	0	0	0	14	9	0	0	4	0	0	0	17	0	0	0	3	0	0	0	73	38	102	277
257	245	44	45	20	233	19	20	0	44	45	20	13	10	0	0	97	99	80	127	221	17	20	0	19	20	0	6	10	0	0	52	50	0	101	44	45	20	11	0	0	0	24	16	0	0	13	10	0	0	97	99	80	127	209	14	20	0	17	20	0	6	10	0	0	48	50	0	50	19	20	0	6	0	0	0	17	10	0	0	6	10	0	0	52	50	0	101	44	45	20	6	0	0	0	13	18	0	0	11	0	0	0	24	16	0	0	13	10	0	0	97	99	80	127	197	12	20	0	14	20	0	2	10	0	0	36	50	0	30	17	20	0	6	0	0	0	17	10	0	0	6	10	0	0	48	50	0	50	19	20	0	2	0	0	0	1	0	0	0	6	0	0	0	17	10	0	0	6	10	0	0	52	50	0	101	44	45	20	5	0	0	0	8	12	0	0	6	0	0	0	13	18	0	0	11	0	0	0	24	16	0	0	13	10	0	0	97	99	80	127
392	374	50	33	142	356	31	17	83	50	33	142	35	0	0	110	129	117	142	345	338	26	16	80	31	17	83	20	0	0	104	86	85	83	186	50	33	142	20	16	8	36	32	16	0	0	35	0	0	110	129	117	142	345	320	16	0	80	26	16	80	12	0	0	104	69	80	80	185	31	17	83	6	0	8	36	19	0	0	0	20	0	0	104	86	85	83	186	50	33	142	6	0	58	0	4	0	142	0	20	16	8	36	32	16	0	0	35	0	0	110	129	117	142	345	302	9	0	79	16	0	80	1	0	0	102	41	0	80	177	26	16	80	5	0	8	33	19	0	0	0	12	0	0	104	69	80	80	185	31	17	83	2	0	56	0	2	0	83	0	6	0	8	36	19	0	0	0	20	0	0	104	86	85	83	186	50	33	142	2	0	61	11	6	0	0	0	6	0	58	0	4	0	142	0	20	16	8	36	32	16	0	0	35	0	0	110	129	117	142	345
344	327	62	97	55	310	31	75	12	62	97	55	50	44	0	24	149	245	110	294	293	20	68	12	31	75	12	13	44	0	24	85	208	24	186	62	97	55	18	77	0	0	32	102	0	0	50	44	0	24	149	245	110	294	276	15	44	12	20	68	12	7	36	0	24	56	185	24	185	31	75	12	6	37	0	0	16	81	0	0	13	44	0	24	85	208	24	186	62	97	55	2	58	14	0	7	13	110	0	18	77	0	0	32	102	0	0	50	44	0	24	149	245	110	294	259	9	24	12	15	44	12	2	0	0	24	40	104	24	177	20	68	12	2	35	0	0	12	79	0	0	7	36	0	24	56	185	24	185	31	75	12	0	22	12	0	3	11	24	0	6	37	0	0	16	81	0	0	13	44	0	24	85	208	24	186	62	97	55	4	26	53	0	9	26	110	0	2	58	14	0	7	13	110	0	18	77	0	0	32	102	0	0	50	44	0	24	149	245	110	294
315	300	48	78	18	285	18	34	12	48	78	18	11	104	0	0	119	188	90	18	270	16	12	12	18	34	12	6	24	0	0	51	75	60	11	48	78	18	12	60	0	0	20	6	36	0	11	104	0	0	119	188	90	18	255	12	0	12	16	12	12	6	0	0	0	46	18	60	11	18	34	12	7	0	0	0	12	0	24	0	6	24	0	0	51	75	60	11	48	78	18	8	0	12	0	3	0	36	0	12	60	0	0	20	6	36	0	11	104	0	0	119	188	90	18	240	10	0	12	12	0	12	2	0	0	0	33	0	60	11	16	12	12	7	0	0	0	12	0	24	0	6	0	0	0	46	18	60	11	18	34	12	4	0	12	0	1	0	24	0	7	0	0	0	12	0	24	0	6	24	0	0	51	75	60	11	48	78	18	4	0	0	0	6	0	0	0	8	0	12	0	3	0	36	0	12	60	0	0	20	6	36	0	11	104	0	0	119	188	90	18
218	208	35	16	32	198	21	0	0	35	16	32	24	0	0	0	88	24	64	173	188	17	0	0	21	0	0	9	0	0	0	57	0	0	59	35	16	32	20	0	0	0	17	8	0	0	24	0	0	0	88	24	64	173	178	12	0	0	17	0	0	5	0	0	0	45	0	0	59	21	0	0	5	0	0	0	13	0	0	0	9	0	0	0	57	0	0	59	35	16	32	6	0	0	0	1	0	0	0	20	0	0	0	17	8	0	0	24	0	0	0	88	24	64	173	168	9	0	0	12	0	0	1	0	0	0	30	0	0	55	17	0	0	5	0	0	0	13	0	0	0	5	0	0	0	45	0	0	59	21	0	0	2	0	0	0	1	0	0	0	5	0	0	0	13	0	0	0	9	0	0	0	57	0	0	59	35	16	32	2	0	11	0	2	0	0	0	6	0	0	0	1	0	0	0	20	0	0	0	17	8	0	0	24	0	0	0	88	24	64	173
215	205	33	27	12	195	16	6	0	33	27	12	21	18	0	0	83	51	36	38	185	13	0	0	16	6	0	9	0	0	0	44	18	0	11	33	27	12	18	0	0	0	12	6	12	0	21	18	0	0	83	51	36	38	175	8	0	0	13	0	0	5	0	0	0	35	0	0	11	16	6	0	3	0	0	0	8	0	0	0	9	0	0	0	44	18	0	11	33	27	12	6	0	0	0	1	0	0	0	18	0	0	0	12	6	12	0	21	18	0	0	83	51	36	38	165	6	0	0	8	0	0	1	0	0	0	20	0	0	11	13	0	0	3	0	0	0	8	0	0	0	5	0	0	0	35	0	0	11	16	6	0	2	0	0	0	1	0	0	0	3	0	0	0	8	0	0	0	9	0	0	0	44	18	0	11	33	27	12	2	0	0	0	2	0	0	0	6	0	0	0	1	0	0	0	18	0	0	0	12	6	12	0	21	18	0	0	83	51	36	38
255	242	37	48	45	229	15	30	0	37	48	45	10	16	18	0	95	131	90	259	216	10	22	0	15	30	0	6	0	0	0	43	71	0	107	37	48	45	7	0	46	0	24	0	45	0	10	16	18	0	95	131	90	259	203	8	22	0	10	22	0	2	0	0	0	28	55	0	104	15	30	0	7	0	0	0	12	0	0	0	6	0	0	0	43	71	0	107	37	48	45	4	0	18	0	6	0	0	0	7	0	46	0	24	0	45	0	10	16	18	0	95	131	90	259	190	8	22	0	8	22	0	2	0	0	0	23	55	0	104	10	22	0	7	0	0	0	12	0	0	0	2	0	0	0	28	55	0	104	15	30	0	4	0	0	0	1	0	0	0	7	0	0	0	12	0	0	0	6	0	0	0	43	71	0	107	37	48	45	4	0	0	0	4	0	0	0	4	0	18	0	6	0	0	0	7	0	46	0	24	0	45	0	10	16	18	0	95	131	90	259
188	179	28	8	29	170	11	0	0	28	8	29	10	0	18	0	76	24	29	117	161	6	0	0	11	0	0	4	0	0	0	27	0	0	24	28	8	29	3	0	30	0	7	0	0	0	10	0	18	0	76	24	29	117	152	4	0	0	6	0	0	0	0	0	0	15	0	0	24	11	0	0	3	0	0	0	7	0	0	0	4	0	0	0	27	0	0	24	28	8	29	2	0	18	0	1	0	0	0	3	0	30	0	7	0	0	0	10	0	18	0	76	24	29	117	143	4	0	0	4	0	0	0	0	0	0	10	0	0	24	6	0	0	3	0	0	0	7	0	0	0	0	0	0	0	15	0	0	24	11	0	0	2	0	0	0	1	0	0	0	3	0	0	0	7	0	0	0	4	0	0	0	27	0	0	24	28	8	29	2	0	0	0	2	0	0	0	2	0	18	0	1	0	0	0	3	0	30	0	7	0	0	0	10	0	18	0	76	24	29	117
146	139	22	6	12	132	5	0	0	22	6	12	6	0	18	0	59	18	12	30	125	2	0	0	5	0	0	0	0	0	0	10	0	0	12	22	6	12	0	0	12	0	0	0	0	0	6	0	18	0	59	18	12	30	118	2	0	0	2	0	0	0	0	0	0	5	0	0	12	5	0	0	0	0	0	0	0	0	0	0	0	0	0	0	10	0	0	12	22	6	12	0	0	0	0	0	0	0	0	0	0	12	0	0	0	0	0	6	0	18	0	59	18	12	30	111	2	0	0	2	0	0	0	0	0	0	5	0	0	12	2	0	0	0	0	0	0	0	0	0	0	0	0	0	0	5	0	0	12	5	0	0	0	0	0	0	0	0	0	0	0	0	0	0	0	0	0	0	0	0	0	0	10	0	0	12	22	6	12	0	0	0	0	0	0	0	0	0	0	0	0	0	0	0	0	0	0	12	0	0	0	0	0	6	0	18	0	59	18	12	30
165	157	33	15	6	149	14	0	0	33	15	6	12	0	12	0	86	40	18	18	141	11	0	0	14	0	0	6	0	0	0	34	0	0	12	33	15	6	5	0	12	0	9	0	0	0	12	0	12	0	86	40	18	18	133	11	0	0	11	0	0	6	0	0	0	29	0	0	12	14	0	0	5	0	0	0	9	0	0	0	6	0	0	0	34	0	0	12	33	15	6	2	0	0	0	0	0	0	0	5	0	12	0	9	0	0	0	12	0	12	0	86	40	18	18	125	11	0	0	11	0	0	6	0	0	0	29	0	0	12	11	0	0	5	0	0	0	9	0	0	0	6	0	0	0	29	0	0	12	14	0	0	2	0	0	0	0	0	0	0	5	0	0	0	9	0	0	0	6	0	0	0	34	0	0	12	33	15	6	0	0	0	0	0	0	0	0	2	0	0	0	0	0	0	0	5	0	12	0	9	0	0	0	12	0	12	0	86	40	18	18
184	175	38	20	6	166	16	0	0	38	20	6	16	0	12	0	100	60	30	18	157	14	0	0	16	0	0	12	0	0	0	44	0	0	12	38	20	6	7	0	12	0	13	0	0	0	16	0	12	0	100	60	30	18	148	14	0	0	14	0	0	12	0	0	0	41	0	0	12	16	0	0	7	0	0	0	13	0	0	0	12	0	0	0	44	0	0	12	38	20	6	2	0	0	0	0	0	0	0	7	0	12	0	13	0	0	0	16	0	12	0	100	60	30	18	139	14	0	0	14	0	0	12	0	0	0	41	0	0	12	14	0	0	7	0	0	0	13	0	0	0	12	0	0	0	41	0	0	12	16	0	0	2	0	0	0	0	0	0	0	7	0	0	0	13	0	0	0	12	0	0	0	44	0	0	12	38	20	6	0	0	0	0	0	0	0	0	2	0	0	0	0	0	0	0	7	0	12	0	13	0	0	0	16	0	12	0	100	60	30	18
314	296	78	113	30	278	29	67	26	78	113	30	32	82	63	0	210	364	150	6	260	24	65	25	29	67	26	12	78	63	0	95	226	130	0	78	113	30	7	26	9	8	34	52	0	0	32	82	63	0	210	364	150	6	242	24	65	25	24	65	25	12	78	59	0	80	221	125	0	29	67	26	7	26	9	8	13	52	0	0	12	78	63	0	95	226	130	0	75	113	30	7	0	0	0	9	0	0	0	7	26	9	8	34	52	0	0	32	82	63	0	204	364	150	6	224	24	65	25	24	65	25	12	78	59	0	80	221	125	0	24	65	25	7	26	8	8	13	52	0	0	12	78	59	0	80	221	125	0	26	67	26	7	0	0	0	2	0	0	0	7	26	9	8	13	52	0	0	12	78	63	0	89	226	130	0	75	113	30	10	0	0	0	18	0	0	0	7	0	0	0	9	0	0	0	7	26	9	8	34	52	0	0	32	82	63	0	204	364	150	6
207	195	41	44	16	183	15	33	7	41	44	16	24	34	7	0	105	95	16	12	171	11	32	7	15	33	7	8	32	7	0	48	81	7	0	41	44	16	6	8	0	0	11	32	0	0	24	34	7	0	105	95	16	12	159	11	32	7	11	32	7	8	32	7	0	36	80	7	0	15	33	7	6	8	0	0	9	32	0	0	8	32	7	0	48	81	7	0	41	44	16	2	0	0	0	1	0	0	0	6	8	0	0	11	32	0	0	24	34	7	0	105	95	16	12	147	11	32	7	11	32	7	8	32	7	0	36	80	7	0	11	32	7	6	8	0	0	9	32	0	0	8	32	7	0	36	80	7	0	15	33	7	2	0	0	0	0	0	0	0	6	8	0	0	9	32	0	0	8	32	7	0	48	81	7	0	41	44	16	0	0	0	0	3	0	0	0	2	0	0	0	1	0	0	0	6	8	0	0	11	32	0	0	24	34	7	0	105	95	16	12
198	188	35	16	22	178	16	0	18	35	16	22	12	0	18	0	89	24	44	6	168	16	0	18	16	0	18	12	0	18	0	50	0	36	0	35	16	22	7	0	0	0	17	0	0	0	12	0	18	0	89	24	44	6	158	16	0	18	16	0	18	12	0	18	0	50	0	36	0	16	0	18	7	0	0	0	13	0	0	0	12	0	18	0	50	0	36	0	35	16	22	2	0	0	0	2	0	0	0	7	0	0	0	17	0	0	0	12	0	18	0	89	24	44	6	148	16	0	18	16	0	18	12	0	18	0	50	0	36	0	16	0	18	7	0	0	0	13	0	0	0	12	0	18	0	50	0	36	0	16	0	18	2	0	0	0	0	0	0	0	7	0	0	0	13	0	0	0	12	0	18	0	50	0	36	0	35	16	22	2	0	0	0	4	0	0	0	2	0	0	0	2	0	0	0	7	0	0	0	17	0	0	0	12	0	18	0	89	24	44	6
277	263	44	33	51	249	23	0	12	44	33	51	16	0	30	48	119	66	153	98	235	23	0	0	23	0	12	16	0	12	0	75	0	36	0	44	33	51	9	0	0	0	23	0	0	30	16	0	30	48	119	66	153	98	221	23	0	0	23	0	0	16	0	0	0	75	0	0	0	23	0	12	9	0	0	0	17	0	0	12	16	0	12	0	75	0	36	0	44	33	51	7	0	0	0	5	0	0	0	9	0	0	0	23	0	0	30	16	0	30	48	119	66	153	98	207	23	0	0	23	0	0	16	0	0	0	75	0	0	0	23	0	0	9	0	0	0	17	0	0	12	16	0	0	0	75	0	0	0	23	0	12	7	0	0	0	2	0	0	0	9	0	0	0	17	0	0	12	16	0	12	0	75	0	36	0	44	33	51	10	0	0	0	9	0	0	0	7	0	0	0	5	0	0	0	9	0	0	0	23	0	0	30	16	0	30	48	119	66	153	98
298	281	65	100	28	264	27	66	6	65	100	28	31	24	30	30	169	268	112	57	247	22	62	0	27	66	6	14	24	12	0	87	183	24	0	65	100	28	5	52	0	0	33	65	0	18	31	24	30	30	169	268	112	57	230	22	60	0	22	62	0	14	24	0	0	74	173	0	0	27	66	6	5	48	0	0	12	60	0	12	14	24	12	0	87	183	24	0	63	100	28	5	24	0	0	11	0	0	0	5	52	0	0	33	65	0	18	31	24	30	30	164	268	112	57	213	22	60	0	22	60	0	14	24	0	0	74	168	0	0	22	62	0	5	48	0	0	12	60	0	12	14	24	0	0	74	173	0	0	25	66	6	5	24	0	0	3	0	0	0	5	48	0	0	12	60	0	12	14	24	12	0	82	183	24	0	63	100	28	10	0	0	0	16	0	0	0	5	24	0	0	11	0	0	0	5	52	0	0	33	65	0	18	31	24	30	30	164	268	112	57
436	413	52	22	179	390	36	0	128	52	22	179	27	0	10	73	157	22	179	147	367	34	0	123	36	0	128	25	0	9	63	121	0	128	69	52	22	179	14	0	0	30	38	44	0	0	27	0	10	73	157	22	179	147	344	33	0	114	34	0	123	23	0	9	50	115	0	123	50	36	0	128	13	0	0	0	19	0	0	0	25	0	9	63	121	0	128	69	52	22	179	9	0	0	32	9	22	0	18	14	0	0	30	38	44	0	0	27	0	10	73	157	22	179	147	321	31	0	114	33	0	114	21	0	8	50	112	0	114	50	34	0	123	9	0	0	0	17	0	0	0	23	0	9	50	115	0	123	50	36	0	128	7	0	0	32	4	0	0	12	13	0	0	0	19	0	0	0	25	0	9	63	121	0	128	69	52	22	179	12	0	0	0	14	44	0	0	9	0	0	32	9	22	0	18	14	0	0	30	38	44	0	0	27	0	10	73	157	22	179	147
280	265	71	50	76	250	39	0	67	71	50	76	57	0	108	9	172	140	380	30	235	30	0	64	39	0	67	27	0	107	9	112	0	335	26	71	50	76	17	0	0	34	43	90	0	0	57	0	108	9	172	140	380	30	220	27	0	36	30	0	64	22	0	103	8	90	0	320	25	39	0	67	10	0	0	0	15	0	0	0	27	0	107	9	112	0	335	26	71	50	76	7	0	11	36	11	20	0	197	17	0	0	34	43	90	0	0	57	0	108	9	172	140	380	30	205	25	0	34	27	0	36	20	0	78	8	80	0	180	25	30	0	64	6	0	0	0	10	0	0	0	22	0	103	8	90	0	320	25	39	0	67	5	0	11	32	5	0	0	95	10	0	0	0	15	0	0	0	27	0	107	9	112	0	335	26	71	50	76	14	0	0	24	21	20	0	0	7	0	11	36	11	20	0	197	17	0	0	34	43	90	0	0	57	0	108	9	172	140	380	30
292	276	67	59	83	260	38	15	65	67	59	83	43	0	53	19	175	170	332	58	244	32	15	65	38	15	65	25	0	52	19	118	60	260	32	67	59	83	14	0	0	0	36	66	0	0	43	0	53	19	175	170	332	58	228	31	15	64	32	15	65	23	0	52	18	102	60	260	25	38	15	65	13	0	0	0	17	0	0	0	25	0	52	19	118	60	260	32	65	59	83	9	0	0	8	11	11	0	0	14	0	0	0	36	66	0	0	43	0	53	19	170	170	332	58	212	29	15	64	31	15	64	21	0	51	18	99	60	256	25	32	15	65	9	0	0	0	13	0	0	0	23	0	52	18	102	60	260	25	36	15	65	7	0	0	8	5	0	0	0	13	0	0	0	17	0	0	0	25	0	52	19	113	60	260	32	65	59	83	12	0	0	0	21	22	0	0	9	0	0	8	11	11	0	0	14	0	0	0	36	66	0	0	43	0	53	19	170	170	332	58
278	263	56	38	79	248	33	14	39	56	38	79	25	0	32	47	148	92	158	131	233	31	14	24	33	14	39	23	0	31	21	101	56	78	62	56	38	79	17	0	0	48	50	24	0	45	25	0	32	47	148	92	158	131	218	29	14	8	31	14	24	21	0	27	8	95	56	48	43	33	14	39	14	0	0	0	16	0	0	0	23	0	31	21	101	56	78	62	56	38	79	9	0	11	8	14	12	0	73	17	0	0	48	50	24	0	45	25	0	32	47	148	92	158	131	203	27	12	8	29	14	8	19	0	8	8	88	56	16	43	31	14	24	10	0	0	0	14	0	0	0	21	0	27	8	95	56	48	43	33	14	39	7	0	11	8	5	0	0	24	14	0	0	0	16	0	0	0	23	0	31	21	101	56	78	62	56	38	79	12	24	0	0	19	24	0	0	9	0	11	8	14	12	0	73	17	0	0	48	50	24	0	45	25	0	32	47	148	92	158	131
260	244	79	94	27	228	36	69	0	79	94	27	43	46	0	0	194	342	81	109	212	30	67	0	36	69	0	25	46	0	0	105	286	0	44	79	94	27	22	24	0	0	51	62	0	0	43	46	0	0	194	342	81	109	196	27	62	0	30	67	0	23	44	0	0	87	277	0	25	36	69	0	11	20	0	0	11	40	0	0	25	46	0	0	105	286	0	44	77	94	27	19	52	0	0	18	27	0	0	22	24	0	0	51	62	0	0	43	46	0	0	189	342	81	109	180	22	54	0	27	62	0	15	40	0	0	78	256	0	25	30	67	0	7	20	0	0	9	40	0	0	23	44	0	0	87	277	0	25	34	69	0	2	50	0	0	5	20	0	0	11	20	0	0	11	40	0	0	25	46	0	0	100	286	0	44	77	94	27	7	62	0	0	27	44	0	0	19	52	0	0	18	27	0	0	22	24	0	0	51	62	0	0	43	46	0	0	189	342	81	109
309	290	74	114	92	271	43	96	27	72	114	92	61	91	0	38	163	255	92	444	252	33	69	27	41	96	27	27	63	0	38	110	237	27	299	72	114	92	18	59	13	0	23	24	184	0	61	91	0	38	163	255	92	444	233	30	56	25	31	69	27	24	39	0	34	88	156	27	276	41	96	27	4	44	11	0	10	22	54	0	27	63	0	38	110	237	27	299	72	114	92	20	22	0	18	11	30	92	0	18	59	13	0	23	24	184	0	61	91	0	38	163	255	92	444	214	23	32	14	28	56	25	18	17	0	14	79	117	25	222	31	69	27	3	0	11	0	6	0	54	0	24	39	0	34	88	156	27	276	41	96	27	5	0	0	0	5	28	27	0	4	44	11	0	10	22	54	0	27	63	0	38	110	237	27	299	72	114	92	8	30	39	28	15	45	184	55	20	22	0	18	11	30	92	0	18	59	13	0	23	24	184	0	61	91	0	38	163	255	92	444
285	269	55	39	119	253	36	0	83	54	39	119	55	0	67	99	120	39	357	186	237	27	0	82	35	0	83	25	0	67	95	94	0	249	132	54	39	119	12	0	0	9	11	0	0	0	55	0	67	99	120	39	357	186	221	25	0	82	26	0	82	20	0	67	95	72	0	246	129	35	0	83	7	0	0	9	10	0	0	0	25	0	67	95	94	0	249	132	54	39	119	7	0	0	0	5	0	0	0	12	0	0	9	11	0	0	0	55	0	67	99	120	39	357	186	205	21	0	79	24	0	82	18	0	67	89	66	0	246	100	26	0	82	3	0	0	8	5	0	0	0	20	0	67	95	72	0	246	129	35	0	83	5	0	0	0	5	0	0	0	7	0	0	9	10	0	0	0	25	0	67	95	94	0	249	132	54	39	119	4	0	14	36	10	0	0	0	7	0	0	0	5	0	0	0	12	0	0	9	11	0	0	0	55	0	67	99	120	39	357	186
366	345	73	120	126	324	40	52	100	72	120	126	45	208	84	66	143	261	504	159	303	29	0	100	39	52	100	24	0	84	66	89	130	400	132	72	120	126	11	0	58	0	9	34	504	0	45	208	84	66	143	261	504	159	282	27	0	98	28	0	100	19	0	84	62	65	0	400	129	39	52	100	6	0	56	0	7	26	400	0	24	0	84	66	89	130	400	132	72	120	126	2	0	0	18	3	0	0	0	11	0	58	0	9	34	504	0	45	208	84	66	143	261	504	159	261	24	0	84	26	0	98	17	0	84	42	59	0	392	100	28	0	100	1	0	56	0	2	0	400	0	19	0	84	62	65	0	400	129	39	52	100	0	0	0	0	3	0	0	0	6	0	56	0	7	26	400	0	24	0	84	66	89	130	400	132	72	120	126	2	0	13	61	7	0	0	55	2	0	0	18	3	0	0	0	11	0	58	0	9	34	504	0	45	208	84	66	143	261	504	159
246	230	69	80	51	214	41	56	11	67	80	51	55	69	33	0	154	152	102	265	198	32	55	11	39	56	11	25	66	33	0	110	143	22	171	67	80	51	16	11	0	0	19	0	0	0	55	69	33	0	154	152	102	265	182	29	55	11	30	55	11	20	66	33	0	88	143	22	153	39	56	11	7	11	0	0	14	0	0	0	25	66	33	0	110	143	22	171	64	80	51	19	0	0	0	8	12	0	0	16	11	0	0	19	0	0	0	55	69	33	0	145	152	102	265	166	21	55	11	27	55	11	15	66	33	0	79	143	22	108	30	55	11	3	11	0	0	9	0	0	0	20	66	33	0	88	143	22	153	36	56	11	5	0	0	0	7	11	0	0	7	11	0	0	14	0	0	0	25	66	33	0	101	143	22	171	64	80	51	8	0	26	0	14	36	0	0	19	0	0	0	8	12	0	0	16	11	0	0	19	0	0	0	55	69	33	0	145	152	102	265
258	241	68	114	10	224	35	76	0	64	114	10	41	126	0	0	137	220	40	76	207	27	57	0	31	76	0	19	54	0	0	75	148	0	67	64	114	10	6	20	0	0	10	23	30	0	41	126	0	0	137	220	40	76	190	26	52	0	23	57	0	17	39	0	0	55	106	0	64	31	76	0	5	0	0	0	6	18	0	0	19	54	0	0	75	148	0	67	64	114	10	2	0	0	0	5	0	10	0	6	20	0	0	10	23	30	0	41	126	0	0	137	220	40	76	173	24	52	0	22	52	0	15	39	0	0	52	91	0	36	23	57	0	1	0	0	0	2	13	0	0	17	39	0	0	55	106	0	64	31	76	0	0	0	0	0	3	0	0	0	5	0	0	0	6	18	0	0	19	54	0	0	75	148	0	67	64	114	10	5	0	0	0	11	0	0	0	2	0	0	0	5	0	10	0	6	20	0	0	10	23	30	0	41	126	0	0	137	220	40	76
209	194	52	58	77	180	28	54	23	49	44	77	26	40	89	33	119	84	0	398	166	26	54	23	25	40	23	21	40	0	33	68	80	0	221	46	44	77	7	0	16	0	11	0	0	0	23	40	89	33	111	84	0	398	152	24	54	23	23	40	23	19	40	0	33	62	80	0	220	22	40	23	3	0	0	0	1	0	0	0	18	40	0	33	60	80	0	221	43	44	77	6	0	22	0	5	0	0	0	5	0	16	0	11	0	0	0	17	40	89	33	98	84	0	398	138	23	54	23	21	40	23	19	40	0	33	56	80	0	216	20	40	23	3	0	0	0	1	0	0	0	16	40	0	33	54	80	0	220	19	40	23	2	0	0	0	5	0	0	0	1	0	0	0	1	0	0	0	12	40	0	33	47	80	0	221	43	44	77	5	0	0	0	9	10	0	0	6	0	22	0	5	0	0	0	5	0	16	0	11	0	0	0	17	40	89	33	98	84	0	398
187	176	32	0	96	165	18	0	51	31	0	96	16	0	67	67	69	0	0	306	154	17	0	51	17	0	51	13	0	0	67	38	0	0	194	31	0	96	1	0	5	0	6	0	0	0	16	0	67	67	69	0	0	306	143	17	0	51	16	0	51	13	0	0	67	35	0	0	193	17	0	51	1	0	0	0	1	0	0	0	13	0	0	67	38	0	0	194	31	0	96	0	0	0	0	1	0	0	0	1	0	5	0	6	0	0	0	16	0	67	67	69	0	0	306	132	17	0	51	16	0	51	13	0	0	67	35	0	0	191	16	0	51	1	0	0	0	1	0	0	0	13	0	0	67	35	0	0	193	17	0	51	0	0	0	0	1	0	0	0	1	0	0	0	1	0	0	0	13	0	0	67	38	0	0	194	31	0	96	0	0	0	0	4	0	0	0	0	0	0	0	1	0	0	0	1	0	5	0	6	0	0	0	16	0	67	67	69	0	0	306
252	237	43	36	105	222	18	0	68	42	36	105	15	0	109	84	91	72	315	255	207	16	0	68	17	0	68	10	0	41	84	36	0	204	183	42	36	105	0	0	5	0	8	12	0	0	15	0	109	84	91	72	315	255	192	16	0	68	15	0	68	10	0	41	84	32	0	204	182	17	0	68	0	0	0	0	2	0	0	0	10	0	41	84	36	0	204	183	42	36	105	0	0	0	0	0	0	0	0	0	0	5	0	8	12	0	0	15	0	109	84	91	72	315	255	177	16	0	68	15	0	68	10	0	41	84	32	0	204	180	15	0	68	0	0	0	0	2	0	0	0	10	0	41	84	32	0	204	182	17	0	68	0	0	0	0	0	0	0	0	0	0	0	0	2	0	0	0	10	0	41	84	36	0	204	183	42	36	105	0	0	0	0	1	0	0	0	0	0	0	0	0	0	0	0	0	0	5	0	8	12	0	0	15	0	109	84	91	72	315	255
131	123	31	15	12	115	9	0	12	31	15	12	9	0	24	0	63	39	60	0	107	7	0	12	9	0	12	3	0	24	0	19	0	60	0	31	15	12	0	0	0	0	3	6	0	0	9	0	24	0	63	39	60	0	99	7	0	12	7	0	12	3	0	24	0	17	0	60	0	9	0	12	0	0	0	0	1	0	0	0	3	0	24	0	19	0	60	0	31	15	12	0	0	0	0	0	0	0	0	0	0	0	0	3	6	0	0	9	0	24	0	63	39	60	0	91	7	0	12	7	0	12	3	0	24	0	17	0	60	0	7	0	12	0	0	0	0	1	0	0	0	3	0	24	0	17	0	60	0	9	0	12	0	0	0	0	0	0	0	0	0	0	0	0	1	0	0	0	3	0	24	0	19	0	60	0	31	15	12	0	0	0	0	0	0	0	0	0	0	0	0	0	0	0	0	0	0	0	0	3	6	0	0	9	0	24	0	63	39	60	0
193	180	48	54	18	167	17	30	0	45	54	18	15	0	67	0	100	124	72	136	154	15	30	0	14	30	0	10	0	0	0	29	70	0	100	45	54	18	0	0	5	0	8	6	0	0	15	0	67	0	100	124	72	136	141	15	30	0	12	30	0	10	0	0	0	25	70	0	100	14	30	0	0	0	0	0	2	0	0	0	10	0	0	0	29	70	0	100	45	54	18	0	0	0	0	0	0	0	0	0	0	5	0	8	6	0	0	15	0	67	0	100	124	72	136	128	15	30	0	12	30	0	10	0	0	0	25	70	0	98	12	30	0	0	0	0	0	2	0	0	0	10	0	0	0	25	70	0	100	14	30	0	0	0	0	0	0	0	0	0	0	0	0	0	2	0	0	0	10	0	0	0	29	70	0	100	45	54	18	0	0	0	0	1	0	0	0	0	0	0	0	0	0	0	0	0	0	5	0	8	6	0	0	15	0	67	0	100	124	72	136
223	209	31	13	107	195	15	0	75	31	13	107	13	0	9	114	64	39	107	135	181	13	0	55	15	0	75	7	0	5	41	31	0	75	80	31	13	107	0	0	0	31	3	0	0	136	13	0	9	114	64	39	107	135	167	13	0	55	13	0	55	7	0	0	41	29	0	55	80	15	0	75	0	0	0	31	3	0	0	100	7	0	5	41	31	0	75	80	31	13	107	0	0	0	0	2	0	0	0	0	0	0	31	3	0	0	136	13	0	9	114	64	39	107	135	153	13	0	55	13	0	55	7	0	0	41	29	0	55	80	13	0	55	0	0	0	31	3	0	0	100	7	0	0	41	29	0	55	80	15	0	75	0	0	0	0	0	0	0	0	0	0	0	31	3	0	0	100	7	0	5	41	31	0	75	80	31	13	107	3	0	0	0	4	0	0	0	0	0	0	0	2	0	0	0	0	0	0	31	3	0	0	136	13	0	9	114	64	39	107	135
189	177	26	27	47	165	11	0	36	26	27	47	10	0	0	24	54	45	141	30	153	9	0	36	11	0	36	4	0	0	24	24	0	108	12	26	27	47	0	0	0	0	2	0	0	0	10	0	0	24	54	45	141	30	141	9	0	36	9	0	36	4	0	0	24	22	0	108	12	11	0	36	0	0	0	0	2	0	0	0	4	0	0	24	24	0	108	12	26	27	47	0	0	0	0	2	0	0	0	0	0	0	0	2	0	0	0	10	0	0	24	54	45	141	30	129	9	0	36	9	0	36	4	0	0	24	22	0	108	12	9	0	36	0	0	0	0	2	0	0	0	4	0	0	24	22	0	108	12	11	0	36	0	0	0	0	0	0	0	0	0	0	0	0	2	0	0	0	4	0	0	24	24	0	108	12	26	27	47	3	0	0	0	4	0	0	0	0	0	0	0	2	0	0	0	0	0	0	0	2	0	0	0	10	0	0	24	54	45	141	30
250	234	32	59	84	218	12	11	76	32	59	84	9	44	22	63	64	103	336	12	202	8	0	49	12	11	76	5	0	21	0	26	11	304	12	32	59	84	0	0	39	40	3	0	84	218	9	44	22	63	64	103	336	12	186	8	0	47	8	0	49	5	0	10	0	18	0	196	12	12	11	76	0	0	37	36	2	0	76	127	5	0	21	0	26	11	304	12	32	59	84	0	0	0	22	5	0	0	0	0	0	39	40	3	0	84	218	9	44	22	63	64	103	336	12	170	8	0	47	8	0	47	5	0	10	0	18	0	188	12	8	0	49	0	0	13	36	2	0	49	127	5	0	10	0	18	0	196	12	12	11	76	0	0	0	22	2	0	0	0	0	0	37	36	2	0	76	127	5	0	21	0	26	11	304	12	32	59	84	5	0	0	0	8	0	0	0	0	0	0	22	5	0	0	0	0	0	39	40	3	0	84	218	9	44	22	63	64	103	336	12
204	191	36	32	59	178	18	10	29	36	32	59	14	20	21	83	76	52	118	135	165	15	0	0	18	10	29	8	0	16	0	39	10	58	80	36	32	59	0	0	24	0	4	0	59	228	14	20	21	83	76	52	118	135	152	15	0	0	15	0	0	8	0	0	0	32	0	0	80	18	10	29	0	0	22	0	3	0	29	127	8	0	16	0	39	10	58	80	36	32	59	0	0	0	0	5	0	0	0	0	0	24	0	4	0	59	228	14	20	21	83	76	52	118	135	139	15	0	0	15	0	0	8	0	0	0	32	0	0	80	15	0	0	0	0	0	0	3	0	0	127	8	0	0	0	32	0	0	80	18	10	29	0	0	0	0	2	0	0	0	0	0	22	0	3	0	29	127	8	0	16	0	39	10	58	80	36	32	59	5	0	0	0	7	0	0	0	0	0	0	0	5	0	0	0	0	0	24	0	4	0	59	228	14	20	21	83	76	52	118	135
224	208	40	78	47	192	14	48	18	38	78	47	12	36	9	72	84	174	141	135	176	11	48	0	12	48	18	4	36	5	0	24	120	54	80	38	78	47	0	0	0	0	2	12	0	136	12	36	9	72	84	174	141	135	160	11	48	0	9	48	0	4	36	0	0	19	120	0	80	12	48	18	0	0	0	0	2	12	0	100	4	36	5	0	24	120	54	80	38	78	47	0	0	0	0	2	0	0	0	0	0	0	0	2	12	0	136	12	36	9	72	84	174	141	135	144	11	48	0	9	48	0	4	36	0	0	19	120	0	80	9	48	0	0	0	0	0	2	12	0	100	4	36	0	0	19	120	0	80	12	48	18	0	0	0	0	0	0	0	0	0	0	0	0	2	12	0	100	4	36	5	0	24	120	54	80	38	78	47	3	0	0	0	4	0	0	0	0	0	0	0	2	0	0	0	0	0	0	0	2	12	0	136	12	36	9	72	84	174	141	135
149	139	20	9	51	129	6	0	21	20	9	51	4	0	11	10	47	9	51	178	119	6	0	21	6	0	21	4	0	0	10	15	0	21	130	20	9	51	0	0	0	0	3	0	0	0	4	0	11	10	47	9	51	178	109	6	0	21	6	0	21	4	0	0	10	15	0	21	85	6	0	21	0	0	0	0	2	0	0	0	4	0	0	10	15	0	21	130	20	9	51	0	0	0	0	5	0	0	0	0	0	0	0	3	0	0	0	4	0	11	10	47	9	51	178	99	6	0	21	6	0	21	4	0	0	10	15	0	21	83	6	0	21	0	0	0	0	2	0	0	0	4	0	0	10	15	0	21	85	6	0	21	0	0	0	0	0	0	0	0	0	0	0	0	2	0	0	0	4	0	0	10	15	0	21	130	20	9	51	3	0	0	0	9	0	0	0	0	0	0	0	5	0	0	0	0	0	0	0	3	0	0	0	4	0	11	10	47	9	51	178
226	210	49	62	78	194	22	28	21	48	62	78	18	14	49	51	109	160	234	344	178	21	28	16	21	28	21	16	14	24	37	53	70	63	234	48	62	78	12	0	0	31	18	15	0	0	18	14	49	51	109	160	234	344	162	19	28	0	20	28	16	16	14	22	0	50	70	48	140	21	28	21	2	0	0	0	3	14	0	0	16	14	24	37	53	70	63	234	48	62	78	18	0	0	0	12	22	0	102	12	0	0	31	18	15	0	0	18	14	49	51	109	160	234	344	146	15	25	0	18	28	0	10	14	0	0	44	70	0	138	20	28	16	2	0	0	0	3	14	0	0	16	14	22	0	50	70	48	140	21	28	21	1	0	0	0	3	0	0	27	2	0	0	0	3	14	0	0	16	14	24	37	53	70	63	234	48	62	78	7	33	0	0	15	44	0	0	18	0	0	0	12	22	0	102	12	0	0	31	18	15	0	0	18	14	49	51	109	160	234	344
134	125	21	8	39	116	6	0	0	21	8	39	4	0	21	0	48	8	39	237	107	6	0	0	6	0	0	4	0	0	0	15	0	0	159	21	8	39	0	0	0	0	3	0	0	0	4	0	21	0	48	8	39	237	98	6	0	0	6	0	0	4	0	0	0	15	0	0	85	6	0	0	0	0	0	0	2	0	0	0	4	0	0	0	15	0	0	159	21	8	39	0	0	0	0	5	0	0	0	0	0	0	0	3	0	0	0	4	0	21	0	48	8	39	237	89	6	0	0	6	0	0	4	0	0	0	15	0	0	83	6	0	0	0	0	0	0	2	0	0	0	4	0	0	0	15	0	0	85	6	0	0	0	0	0	0	0	0	0	0	0	0	0	0	2	0	0	0	4	0	0	0	15	0	0	159	21	8	39	3	0	0	0	9	0	0	0	0	0	0	0	5	0	0	0	0	0	0	0	3	0	0	0	4	0	21	0	48	8	39	237
117	109	23	15	11	101	6	0	0	23	15	11	4	0	11	0	52	30	33	84	93	6	0	0	6	0	0	4	0	0	0	17	0	0	76	23	15	11	2	0	0	0	11	0	0	0	4	0	11	0	52	30	33	84	85	6	0	0	6	0	0	4	0	0	0	17	0	0	49	6	0	0	2	0	0	0	2	0	0	0	4	0	0	0	17	0	0	76	23	15	11	3	0	0	0	8	0	0	0	2	0	0	0	11	0	0	0	4	0	11	0	52	30	33	84	77	5	0	0	6	0	0	4	0	0	0	17	0	0	47	6	0	0	2	0	0	0	2	0	0	0	4	0	0	0	17	0	0	49	6	0	0	1	0	0	0	1	0	0	0	2	0	0	0	2	0	0	0	4	0	0	0	17	0	0	76	23	15	11	5	0	0	0	11	5	0	0	3	0	0	0	8	0	0	0	2	0	0	0	11	0	0	0	4	0	11	0	52	30	33	84
130	121	35	20	0	112	12	0	0	35	20	0	10	0	0	0	78	60	0	0	103	12	0	0	12	0	0	10	0	0	0	35	0	0	0	35	20	0	12	0	0	0	30	0	0	0	10	0	0	0	78	60	0	0	94	10	0	0	12	0	0	10	0	0	0	35	0	0	0	12	0	0	2	0	0	0	2	0	0	0	10	0	0	0	35	0	0	0	35	20	0	18	0	0	0	14	8	0	0	12	0	0	0	30	0	0	0	10	0	0	0	78	60	0	0	85	6	0	0	10	0	0	4	0	0	0	29	0	0	0	12	0	0	2	0	0	0	2	0	0	0	10	0	0	0	35	0	0	0	12	0	0	1	0	0	0	3	0	0	0	2	0	0	0	2	0	0	0	10	0	0	0	35	0	0	0	35	20	0	8	0	0	0	12	16	0	0	18	0	0	0	14	8	0	0	12	0	0	0	30	0	0	0	10	0	0	0	78	60	0	0
209	194	34	14	106	179	19	0	62	34	14	106	15	0	0	78	84	14	106	179	164	18	0	38	19	0	62	14	0	0	12	56	0	62	42	34	14	106	13	0	0	39	29	14	0	143	15	0	0	78	84	14	106	179	149	15	0	37	18	0	38	13	0	0	11	51	0	38	37	19	0	62	2	0	0	37	2	0	0	105	14	0	0	12	56	0	62	42	34	14	106	19	0	0	11	13	14	0	0	13	0	0	39	29	14	0	143	15	0	0	78	84	14	106	179	134	9	0	24	15	0	37	7	0	0	0	41	0	37	21	18	0	38	2	0	0	13	2	0	0	49	13	0	0	11	51	0	38	37	19	0	62	2	0	0	0	5	0	0	0	2	0	0	37	2	0	0	105	14	0	0	12	56	0	62	42	34	14	106	8	0	26	26	10	0	0	92	19	0	0	11	13	14	0	0	13	0	0	39	29	14	0	143	15	0	0	78	84	14	106	179
178	165	56	36	51	152	34	0	47	56	36	51	46	0	34	0	149	72	204	0	139	25	0	47	34	0	47	22	0	34	0	103	0	188	0	56	36	51	23	0	0	0	34	81	0	0	46	0	34	0	149	72	204	0	126	16	0	47	25	0	47	15	0	34	0	77	0	188	0	34	0	47	2	0	0	0	6	0	0	0	22	0	34	0	103	0	188	0	56	36	51	20	0	44	0	14	27	0	0	23	0	0	0	34	81	0	0	46	0	34	0	149	72	204	0	113	11	0	42	16	0	47	7	0	34	0	48	0	188	0	25	0	47	2	0	0	0	6	0	0	0	15	0	34	0	77	0	188	0	34	0	47	2	0	44	0	8	0	0	0	2	0	0	0	6	0	0	0	22	0	34	0	103	0	188	0	56	36	51	10	0	10	45	14	0	0	0	20	0	44	0	14	27	0	0	23	0	0	0	34	81	0	0	46	0	34	0	149	72	204	0
235	216	83	129	40	197	44	83	24	83	129	40	52	78	10	14	208	350	200	78	178	34	73	22	44	83	24	26	78	10	12	134	254	120	21	83	129	40	21	80	0	24	51	80	0	0	52	78	10	14	208	350	200	78	159	27	42	21	34	73	22	19	48	10	11	106	224	110	16	44	83	24	6	0	0	22	16	0	0	0	26	78	10	12	134	254	120	21	79	129	40	21	120	20	11	22	57	80	0	21	80	0	24	51	80	0	0	52	78	10	14	193	350	200	78	140	19	15	7	27	42	21	14	0	10	0	80	136	105	0	34	73	22	6	0	0	0	16	0	0	0	19	48	10	11	106	224	110	16	40	83	24	5	0	20	0	12	31	48	0	6	0	0	22	16	0	0	0	26	78	10	12	119	254	120	21	79	129	40	12	45	36	21	22	60	120	92	21	120	20	11	22	57	80	0	21	80	0	24	51	80	0	0	52	78	10	14	193	350	200	78
158	145	50	56	20	132	23	39	0	48	56	20	20	30	0	0	122	139	40	89	119	20	37	0	21	39	0	16	28	0	0	65	117	0	21	48	56	20	16	19	0	0	33	24	0	0	20	30	0	0	122	139	40	89	106	16	34	0	18	37	0	15	27	0	0	56	111	0	16	21	39	0	1	18	0	0	5	9	0	0	16	28	0	0	65	117	0	21	48	56	20	28	23	0	0	18	16	0	0	16	19	0	0	33	24	0	0	20	30	0	0	122	139	40	89	93	9	25	0	14	34	0	6	25	0	0	43	100	0	0	18	37	0	1	18	0	0	5	9	0	0	15	27	0	0	56	111	0	16	21	39	0	1	9	0	0	8	9	0	0	1	18	0	0	5	9	0	0	16	28	0	0	65	117	0	21	48	56	20	10	14	11	0	14	27	20	0	28	23	0	0	18	16	0	0	16	19	0	0	33	24	0	0	20	30	0	0	122	139	40	89
123	114	39	18	9	105	21	0	0	39	18	9	30	0	0	0	101	36	27	11	96	15	0	0	21	0	0	12	0	0	0	65	0	0	0	39	18	9	13	0	0	0	23	36	0	0	30	0	0	0	101	36	27	11	87	12	0	0	15	0	0	11	0	0	0	47	0	0	0	21	0	0	2	0	0	0	1	0	0	0	12	0	0	0	65	0	0	0	39	18	9	19	0	0	0	14	6	0	0	13	0	0	0	23	36	0	0	30	0	0	0	101	36	27	11	78	8	0	0	12	0	0	5	0	0	0	37	0	0	0	15	0	0	2	0	0	0	1	0	0	0	11	0	0	0	47	0	0	0	21	0	0	2	0	0	0	6	0	0	0	2	0	0	0	1	0	0	0	12	0	0	0	65	0	0	0	39	18	9	8	0	0	0	10	0	0	0	19	0	0	0	14	6	0	0	13	0	0	0	23	36	0	0	30	0	0	0	101	36	27	11
235	216	72	104	69	197	39	44	43	72	104	69	40	176	42	32	184	301	276	100	178	24	0	43	39	44	43	24	0	42	32	107	132	172	71	72	104	69	6	0	100	0	10	0	276	0	40	176	42	32	184	301	276	100	159	17	0	43	24	0	43	9	0	42	32	65	0	172	69	39	44	43	1	0	78	0	10	0	172	0	24	0	42	32	107	132	172	71	68	104	69	1	0	36	0	10	0	0	0	6	0	100	0	10	0	276	0	40	176	42	32	177	301	276	100	140	17	0	43	17	0	43	9	0	42	32	45	0	172	68	24	0	43	1	0	78	0	10	0	172	0	9	0	42	32	65	0	172	69	35	44	43	1	0	10	0	8	0	0	0	1	0	78	0	10	0	172	0	24	0	42	32	100	132	172	71	66	104	69	8	0	0	0	22	0	0	0	1	0	36	0	10	0	0	0	6	0	100	0	10	0	276	0	38	176	42	32	172	301	276	100
146	134	49	30	43	122	33	20	12	49	30	43	46	9	0	12	126	72	43	120	110	20	11	12	33	20	12	21	0	0	12	98	53	12	71	49	30	43	11	0	42	0	16	0	43	0	46	9	0	12	126	72	43	120	98	12	11	12	20	11	12	8	0	0	12	60	44	12	69	33	20	12	2	0	24	0	7	0	12	0	21	0	0	12	98	53	12	71	48	30	43	2	0	31	0	11	11	0	0	11	0	42	0	16	0	43	0	46	9	0	12	121	72	43	120	86	11	11	12	12	11	12	7	0	0	12	34	44	12	68	20	11	12	2	0	24	0	7	0	12	0	8	0	0	12	60	44	12	69	32	20	12	2	0	0	0	8	11	0	0	2	0	24	0	7	0	12	0	21	0	0	12	93	53	12	71	48	30	43	8	0	7	0	15	0	0	0	2	0	31	0	11	11	0	0	11	0	42	0	16	0	43	0	46	9	0	12	121	72	43	120
169	154	62	68	44	139	33	55	0	62	68	44	49	43	0	0	154	225	44	226	124	22	45	0	33	55	0	24	33	0	0	96	193	0	133	62	68	44	15	9	16	0	23	0	44	0	49	43	0	0	154	225	44	226	109	14	35	0	22	45	0	12	24	0	0	67	144	0	107	33	55	0	3	0	0	0	11	0	0	0	24	33	0	0	96	193	0	133	61	68	44	13	11	31	0	16	24	44	0	15	9	16	0	23	0	44	0	49	43	0	0	149	225	44	226	94	10	32	0	14	35	0	8	22	0	0	42	104	0	105	22	45	0	3	0	0	0	11	0	0	0	12	24	0	0	67	144	0	107	32	55	0	1	10	0	0	10	22	0	0	3	0	0	0	11	0	0	0	24	33	0	0	91	193	0	133	61	68	44	9	32	7	0	20	33	0	0	13	11	31	0	16	24	44	0	15	9	16	0	23	0	44	0	49	43	0	0	149	225	44	226
171	155	72	99	17	139	40	73	0	72	99	17	54	110	0	0	185	245	34	91	123	26	51	0	40	73	0	21	62	0	0	124	192	0	71	72	99	17	14	24	16	0	24	70	51	0	54	110	0	0	185	245	34	91	107	20	39	0	26	51	0	14	26	0	0	82	134	0	69	40	73	0	5	0	0	0	13	65	0	0	21	62	0	0	124	192	0	71	62	99	17	17	0	24	0	15	24	34	0	14	24	16	0	24	70	51	0	54	110	0	0	153	245	34	91	91	16	37	0	20	39	0	11	26	0	0	62	104	0	68	26	51	0	5	0	0	0	13	65	0	0	14	26	0	0	82	134	0	69	30	73	0	4	0	0	0	11	21	0	0	5	0	0	0	13	65	0	0	21	62	0	0	92	192	0	71	56	99	17	11	22	0	0	20	44	0	0	17	0	24	0	15	24	34	0	14	24	16	0	24	70	51	0	39	110	0	0	140	245	34	91
111	101	49	34	8	91	31	21	0	49	34	8	46	18	0	0	126	70	16	40	81	19	16	0	31	21	0	21	8	0	0	93	50	0	24	49	34	8	10	0	16	0	18	9	8	0	46	18	0	0	126	70	16	40	71	12	16	0	19	16	0	8	8	0	0	56	40	0	22	31	21	0	1	0	0	0	9	8	0	0	21	8	0	0	93	50	0	24	46	34	8	1	0	24	0	10	8	0	0	10	0	16	0	18	9	8	0	46	18	0	0	115	70	16	40	61	12	16	0	12	16	0	8	8	0	0	34	40	0	21	19	16	0	1	0	0	0	9	8	0	0	8	8	0	0	56	40	0	22	28	21	0	1	0	0	0	7	8	0	0	1	0	0	0	9	8	0	0	21	8	0	0	82	50	0	24	43	34	8	8	0	0	0	12	0	0	0	1	0	24	0	10	8	0	0	10	0	16	0	18	9	8	0	43	18	0	0	108	70	16	40
142	129	45	47	56	116	13	12	44	45	47	56	9	0	105	13	109	117	280	69	103	13	12	44	13	12	44	9	0	59	13	31	12	220	43	44	47	56	1	0	0	0	4	0	0	0	9	0	105	13	108	117	280	69	91	13	12	44	13	12	44	9	0	59	13	31	12	220	43	13	12	44	1	0	0	0	4	0	0	0	9	0	59	13	31	12	220	43	38	35	56	0	0	0	0	2	0	0	0	1	0	0	0	4	0	0	0	9	0	105	13	96	105	280	69	79	13	12	44	13	12	44	9	0	59	13	31	12	220	43	13	12	44	1	0	0	0	4	0	0	0	9	0	59	13	31	12	220	43	7	0	44	0	0	0	0	0	0	0	0	1	0	0	0	4	0	0	0	9	0	59	13	19	0	220	43	32	35	56	0	0	0	0	12	0	0	0	0	0	0	0	2	0	0	0	1	0	0	0	4	0	0	0	2	0	105	13	80	105	280	69
119	106	39	59	7	93	10	36	7	39	59	7	6	27	7	0	86	116	28	0	80	10	36	7	10	36	7	6	27	7	0	25	63	28	0	38	59	7	1	0	0	0	4	0	0	0	6	27	7	0	85	116	28	0	68	10	36	7	10	36	7	6	27	7	0	25	63	28	0	10	36	7	1	0	0	0	4	0	0	0	6	27	7	0	25	63	28	0	26	47	7	0	0	0	0	1	0	0	0	1	0	0	0	4	0	0	0	6	27	7	0	62	104	28	0	59	10	36	7	10	36	7	6	27	7	0	25	63	28	0	10	36	7	1	0	0	0	4	0	0	0	6	27	7	0	25	63	28	0	4	27	7	0	0	0	0	0	0	0	0	1	0	0	0	4	0	0	0	6	27	7	0	13	54	28	0	23	20	7	0	0	0	0	7	0	0	0	0	0	0	0	1	0	0	0	1	0	0	0	4	0	0	0	2	0	7	0	52	50	28	0
130	119	42	18	49	108	20	0	8	42	18	49	19	0	94	8	102	27	98	181	97	17	0	8	20	0	8	12	0	8	8	51	0	16	55	42	18	49	1	0	21	0	10	0	0	0	19	0	94	8	102	27	98	181	86	17	0	8	17	0	8	12	0	8	8	42	0	16	55	20	0	8	1	0	0	0	10	0	0	0	12	0	8	8	51	0	16	55	40	18	49	1	0	0	0	6	0	0	0	1	0	21	0	10	0	0	0	19	0	94	8	100	27	98	181	75	17	0	8	17	0	8	12	0	8	8	42	0	16	55	17	0	8	1	0	0	0	10	0	0	0	12	0	8	8	42	0	16	55	18	0	8	1	0	0	0	6	0	0	0	1	0	0	0	10	0	0	0	12	0	8	8	49	0	16	55	35	18	49	5	0	0	0	9	0	0	0	1	0	0	0	6	0	0	0	1	0	21	0	10	0	0	0	14	0	94	8	89	27	98	181
117	107	37	21	34	97	12	0	21	37	21	34	9	0	81	21	85	42	102	69	87	12	0	21	12	0	21	9	0	34	21	27	0	63	43	37	21	34	1	0	0	0	4	0	0	0	9	0	81	21	85	42	102	69	77	12	0	21	12	0	21	9	0	34	21	27	0	63	43	12	0	21	1	0	0	0	4	0	0	0	9	0	34	21	27	0	63	43	32	21	34	0	0	0	0	0	0	0	0	1	0	0	0	4	0	0	0	9	0	81	21	77	42	102	69	67	12	0	21	12	0	21	9	0	34	21	27	0	63	43	12	0	21	1	0	0	0	4	0	0	0	9	0	34	21	27	0	63	43	7	0	21	0	0	0	0	0	0	0	0	1	0	0	0	4	0	0	0	9	0	34	21	19	0	63	43	26	21	34	0	0	0	0	3	0	0	0	0	0	0	0	0	0	0	0	1	0	0	0	4	0	0	0	2	0	81	21	61	42	102	69
83	76	34	6	22	69	15	0	0	34	6	22	16	0	67	0	78	12	22	94	62	13	0	0	15	0	0	10	0	0	0	34	0	0	43	34	6	22	1	0	12	0	10	0	0	0	16	0	67	0	78	12	22	94	55	13	0	0	13	0	0	10	0	0	0	29	0	0	43	15	0	0	1	0	0	0	10	0	0	0	10	0	0	0	34	0	0	43	32	6	22	0	0	0	0	3	0	0	0	1	0	12	0	10	0	0	0	16	0	67	0	76	12	22	94	48	13	0	0	13	0	0	10	0	0	0	29	0	0	43	13	0	0	1	0	0	0	10	0	0	0	10	0	0	0	29	0	0	43	13	0	0	0	0	0	0	3	0	0	0	1	0	0	0	10	0	0	0	10	0	0	0	32	0	0	43	27	6	22	2	0	0	0	5	0	0	0	0	0	0	0	3	0	0	0	1	0	12	0	10	0	0	0	11	0	67	0	65	12	22	94
150	134	46	71	46	118	18	39	24	46	71	46	8	26	0	27	108	195	138	97	102	18	39	24	18	39	24	8	26	0	27	48	130	72	72	41	71	46	4	0	0	0	11	0	0	0	8	26	0	27	98	195	138	97	88	18	39	24	18	39	24	8	26	0	27	48	130	72	72	18	39	24	4	0	0	0	8	0	0	0	8	26	0	27	48	130	72	72	26	43	46	4	0	0	0	4	0	0	0	4	0	0	0	11	0	0	0	8	26	0	27	57	125	138	97	75	17	39	24	18	39	24	8	26	0	27	48	130	72	72	18	39	24	4	0	0	0	8	0	0	0	8	26	0	27	48	130	72	72	8	13	24	3	0	0	0	2	0	0	0	4	0	0	0	8	0	0	0	8	26	0	27	22	65	72	72	21	30	46	1	0	0	0	14	10	0	0	4	0	0	0	4	0	0	0	4	0	0	0	11	0	0	0	3	0	0	27	46	60	138	97
189	170	54	86	111	151	24	34	92	54	86	111	19	0	46	85	125	215	444	63	132	23	34	77	24	34	92	16	0	46	39	65	85	368	51	49	86	111	9	0	11	51	17	0	0	69	19	0	46	85	115	215	444	63	115	22	34	74	23	34	77	16	0	45	39	65	85	308	51	24	34	92	5	0	11	47	12	0	0	43	16	0	46	39	65	85	368	51	40	52	111	16	0	0	32	7	13	0	0	9	0	11	51	17	0	0	69	19	0	46	85	93	130	444	63	98	18	34	74	22	34	74	13	0	43	39	62	85	296	51	23	34	77	5	0	11	47	12	0	0	43	16	0	45	39	65	85	308	51	15	0	92	3	0	0	32	5	0	0	0	5	0	11	47	12	0	0	43	16	0	46	39	43	0	368	51	34	52	111	5	0	0	0	17	52	0	0	16	0	0	32	7	13	0	0	9	0	11	51	17	0	0	69	12	0	46	85	77	130	444	63
175	159	44	15	116	143	24	0	77	44	15	116	12	0	55	111	112	15	116	146	127	24	0	42	24	0	77	12	0	51	42	66	0	77	80	44	15	116	4	0	0	87	13	0	0	129	12	0	55	111	112	15	116	146	111	24	0	33	24	0	42	12	0	24	42	66	0	42	80	24	0	77	4	0	0	45	13	0	0	55	12	0	51	42	66	0	77	80	34	15	116	4	0	0	12	9	0	0	40	4	0	0	87	13	0	0	129	12	0	55	111	89	15	116	146	95	23	0	33	24	0	33	12	0	0	42	66	0	33	80	24	0	42	4	0	0	45	13	0	0	55	12	0	24	42	66	0	42	80	14	0	77	3	0	0	12	5	0	0	24	4	0	0	45	13	0	0	55	12	0	51	42	43	0	77	80	28	15	116	6	0	0	0	22	15	0	0	4	0	0	12	9	0	0	40	4	0	0	87	13	0	0	129	5	0	55	111	73	15	116	146
160	145	66	50	66	130	35	0	52	65	50	66	26	0	78	65	167	140	330	56	115	35	0	20	34	0	52	26	0	73	0	106	0	260	44	62	50	66	11	0	0	52	24	0	0	130	23	0	78	65	159	140	330	56	100	34	0	10	34	0	20	26	0	36	0	106	0	100	44	31	0	52	7	0	0	10	17	0	0	43	23	0	73	0	98	0	260	44	50	50	66	23	0	0	20	14	10	0	40	9	0	0	52	24	0	0	130	17	0	78	65	124	140	330	56	85	28	0	10	33	0	10	23	0	10	0	103	0	50	44	31	0	20	7	0	0	10	17	0	0	43	23	0	36	0	98	0	100	44	19	0	52	5	0	0	20	10	0	0	24	5	0	0	10	17	0	0	43	17	0	73	0	63	0	260	44	47	50	66	15	0	10	0	27	50	0	0	23	0	0	20	14	10	0	40	9	0	0	52	24	0	0	130	13	0	78	65	114	140	330	56
168	150	52	85	64	132	25	57	22	52	85	64	21	58	16	66	123	170	128	168	114	21	56	0	25	57	22	9	56	12	0	69	127	44	80	51	85	64	3	14	0	0	11	56	0	94	21	58	16	66	122	170	128	168	97	21	56	0	21	56	0	9	56	0	0	58	126	0	80	25	57	22	3	14	0	0	10	56	0	43	9	56	12	0	69	127	44	80	32	68	64	4	0	0	0	7	0	0	0	3	14	0	0	11	56	0	94	21	58	16	66	76	153	128	168	82	20	56	0	21	56	0	9	56	0	0	58	126	0	80	21	56	0	3	14	0	0	10	56	0	43	9	56	0	0	58	126	0	80	11	42	22	3	0	0	0	4	0	0	0	3	14	0	0	10	56	0	43	9	56	12	0	32	112	44	80	25	38	64	3	0	0	0	18	12	0	0	4	0	0	0	7	0	0	0	3	14	0	0	11	56	0	94	4	28	16	66	59	78	128	168
157	141	53	39	119	125	31	0	81	48	39	119	25	0	82	63	125	65	357	223	109	29	0	81	26	0	81	20	0	81	63	88	0	243	168	44	39	119	10	0	0	0	15	26	0	0	20	0	82	63	114	65	357	223	93	28	0	75	24	0	81	20	0	81	51	82	0	243	121	22	0	81	6	0	0	0	8	0	0	0	15	0	81	63	77	0	243	168	34	39	119	22	0	0	52	8	0	0	0	8	0	0	0	15	26	0	0	14	0	82	63	81	65	357	223	77	22	0	60	23	0	75	17	0	81	31	79	0	225	108	20	0	81	6	0	0	0	8	0	0	0	15	0	81	51	71	0	243	121	12	0	81	5	0	0	10	8	0	0	0	4	0	0	0	8	0	0	0	9	0	81	63	44	0	243	168	33	39	119	8	0	15	83	9	0	0	40	22	0	0	52	8	0	0	0	8	0	0	0	15	26	0	0	12	0	82	63	76	65	357	223
121	108	51	32	67	95	30	12	21	47	32	67	24	0	32	11	120	68	134	287	82	29	12	21	26	12	21	22	0	31	11	83	48	42	190	40	32	67	11	0	0	0	18	10	0	0	21	0	32	11	103	68	134	287	70	28	12	21	25	12	21	22	0	31	11	80	48	42	121	23	12	21	7	0	0	0	12	0	0	0	19	0	31	11	75	48	42	190	30	20	67	22	0	0	0	7	0	0	0	9	0	0	0	18	10	0	0	15	0	32	11	73	20	134	287	58	23	12	21	24	12	21	19	0	31	11	77	48	42	108	22	12	21	7	0	0	0	12	0	0	0	19	0	31	11	72	48	42	121	13	0	21	5	0	0	0	7	0	0	0	5	0	0	0	12	0	0	0	13	0	31	11	45	0	42	190	27	20	67	8	0	0	0	9	0	0	0	22	0	0	0	7	0	0	0	9	0	0	0	18	10	0	0	11	0	32	11	63	20	134	287
176	156	79	126	81	136	44	76	51	71	126	81	44	93	21	71	179	339	324	177	116	37	71	48	36	76	51	26	90	20	64	117	243	204	144	64	126	81	22	59	9	21	36	98	0	0	36	93	21	71	161	339	324	177	96	32	48	26	29	71	48	25	78	20	27	97	228	192	97	29	76	51	7	15	9	0	9	64	0	0	18	90	20	64	99	243	204	144	49	126	81	25	132	20	54	16	48	81	61	18	59	9	21	36	98	0	0	24	93	21	71	108	339	324	177	76	23	11	11	24	48	26	17	33	18	11	76	155	104	84	22	71	48	7	11	9	0	9	60	0	0	17	78	20	27	79	228	192	97	14	76	51	5	0	19	0	7	45	51	0	3	15	9	0	9	64	0	0	6	90	20	64	46	243	204	144	46	126	81	9	44	48	0	10	48	243	60	25	132	20	54	16	48	81	61	18	59	9	21	36	98	0	0	12	93	21	71	102	339	324	177
115	98	67	111	20	82	26	78	10	52	95	20	23	105	20	0	127	295	80	66	69	24	76	10	19	65	10	18	99	20	0	63	237	40	52	39	56	20	20	22	0	0	24	12	0	0	18	66	20	0	96	191	80	66	58	21	70	10	17	65	10	18	99	20	0	57	237	40	20	15	32	10	6	22	0	0	8	0	0	0	13	66	20	0	53	149	40	52	33	34	20	31	44	0	0	8	20	0	0	18	0	0	0	24	12	0	0	12	0	20	0	73	92	80	66	47	14	61	10	14	59	10	9	93	20	0	45	208	40	10	13	32	10	6	22	0	0	8	0	0	0	13	66	20	0	47	149	40	20	9	10	10	3	20	0	0	5	20	0	0	4	0	0	0	8	0	0	0	7	0	20	0	30	50	40	52	33	34	20	10	30	0	0	6	30	20	0	31	44	0	0	8	20	0	0	18	0	0	0	24	12	0	0	12	0	20	0	73	92	80	66
139	122	68	78	86	105	37	66	21	65	78	86	44	12	0	50	161	239	86	403	88	33	63	19	34	66	21	32	12	0	44	105	236	21	267	49	78	86	20	39	0	12	31	52	0	0	38	12	0	50	124	239	86	403	74	30	59	8	30	63	19	32	12	0	16	94	226	19	163	28	66	21	6	36	0	0	13	48	0	0	26	12	0	44	90	236	21	267	35	36	86	33	47	0	40	10	24	0	17	16	39	0	12	31	52	0	0	26	12	0	50	80	99	86	403	60	21	47	0	27	59	8	23	11	0	0	82	211	8	141	24	63	19	6	36	0	0	13	48	0	0	26	12	0	16	79	226	19	163	14	24	21	2	36	0	0	7	24	0	0	2	36	0	0	13	48	0	0	14	12	0	44	46	96	21	267	29	36	86	12	11	26	0	6	36	86	40	33	47	0	40	10	24	0	17	16	39	0	12	31	52	0	0	10	12	0	50	64	99	86	403
136	120	39	15	132	105	26	15	74	33	0	132	23	0	12	86	106	0	0	373	90	23	15	73	20	0	74	18	0	12	83	69	0	0	184	29	0	132	6	0	11	11	8	0	0	0	18	0	12	86	95	0	0	373	75	18	15	73	17	0	73	15	0	12	83	60	0	0	179	16	0	74	6	0	0	11	8	0	0	0	13	0	12	83	58	0	0	184	23	0	132	5	0	50	0	7	0	0	0	4	0	11	11	8	0	0	0	12	0	12	86	72	0	0	373	60	16	15	73	12	0	73	11	0	12	83	40	0	0	140	13	0	73	5	0	0	11	8	0	0	0	10	0	12	83	49	0	0	179	10	0	74	5	0	0	0	7	0	0	0	4	0	0	11	8	0	0	0	7	0	12	83	35	0	0	184	23	0	132	3	0	22	0	9	0	0	0	5	0	50	0	7	0	0	0	4	0	11	11	8	0	0	0	12	0	12	86	72	0	0	373
132	116	44	53	91	101	22	27	48	37	38	91	21	24	22	36	107	126	182	287	86	19	15	48	15	12	48	17	0	21	36	51	36	96	163	33	38	91	3	0	21	0	4	0	91	0	16	24	22	36	96	126	182	287	71	15	15	48	12	0	48	14	0	21	36	42	0	96	160	11	12	48	3	0	9	0	4	0	48	0	12	0	21	36	40	36	96	163	30	38	91	2	0	39	0	7	0	0	0	1	0	21	0	4	0	91	0	10	24	22	36	83	126	182	287	56	14	15	46	8	0	48	11	0	21	34	27	0	96	132	8	0	48	2	0	9	0	4	0	48	0	9	0	21	36	31	0	96	160	8	12	48	2	0	0	0	5	0	0	0	1	0	9	0	4	0	48	0	6	0	21	36	27	36	96	163	30	38	91	3	0	11	14	10	0	0	0	2	0	39	0	7	0	0	0	1	0	21	0	4	0	91	0	10	24	22	36	83	126	182	287
98	86	36	29	53	75	21	11	33	29	18	53	22	0	0	33	85	45	106	101	64	18	11	33	14	0	33	17	0	0	33	47	0	66	61	25	18	53	3	0	11	0	4	0	0	0	17	0	0	33	74	45	106	101	53	14	11	33	11	0	33	14	0	0	33	38	0	66	58	10	0	33	3	0	0	0	4	0	0	0	12	0	0	33	36	0	66	61	23	18	53	2	0	39	0	5	0	0	0	1	0	11	0	4	0	0	0	11	0	0	33	65	45	106	101	42	13	11	33	7	0	33	11	0	0	33	23	0	66	36	7	0	33	2	0	0	0	4	0	0	0	9	0	0	33	27	0	66	58	8	0	33	2	0	0	0	5	0	0	0	1	0	0	0	4	0	0	0	6	0	0	33	27	0	66	61	23	18	53	3	0	11	0	6	0	0	0	2	0	39	0	5	0	0	0	1	0	11	0	4	0	0	0	11	0	0	33	65	45	106	101
94	83	32	30	22	72	10	0	22	25	30	22	7	0	12	0	59	84	110	0	61	8	0	22	3	0	22	2	0	12	0	9	0	110	0	24	30	22	0	0	0	0	0	0	0	0	5	0	12	0	56	84	110	0	50	8	0	22	1	0	22	2	0	12	0	3	0	110	0	2	0	22	0	0	0	0	0	0	0	0	0	0	12	0	6	0	110	0	24	30	22	0	0	0	0	0	0	0	0	0	0	0	0	0	0	0	0	5	0	12	0	56	84	110	0	39	8	0	22	1	0	22	2	0	12	0	3	0	110	0	0	0	22	0	0	0	0	0	0	0	0	0	0	12	0	0	0	110	0	2	0	22	0	0	0	0	0	0	0	0	0	0	0	0	0	0	0	0	0	0	12	0	6	0	110	0	24	30	22	0	0	0	0	0	0	0	0	0	0	0	0	0	0	0	0	0	0	0	0	0	0	0	0	5	0	12	0	56	84	110	0
98	84	41	66	30	72	18	40	0	32	42	30	17	43	0	0	90	119	90	220	61	16	33	0	12	18	0	15	22	0	0	41	54	0	142	29	31	30	3	0	11	0	4	0	30	0	14	21	0	0	82	86	90	220	50	12	33	0	10	11	0	12	22	0	0	35	33	0	139	9	7	0	3	0	0	0	4	0	0	0	12	0	0	0	33	21	0	142	27	31	30	2	0	39	0	7	0	0	0	1	0	11	0	4	0	30	0	8	21	0	0	73	86	90	220	39	11	33	0	6	11	0	9	22	0	0	20	33	0	111	7	0	0	2	0	0	0	4	0	0	0	9	0	0	0	27	0	0	139	7	7	0	2	0	0	0	5	0	0	0	1	0	0	0	4	0	0	0	6	0	0	0	24	21	0	142	27	31	30	3	0	11	0	10	0	0	0	2	0	39	0	7	0	0	0	1	0	11	0	4	0	30	0	8	21	0	0	73	86	90	220
93	81	28	27	51	69	8	0	22	21	27	51	2	0	30	46	47	54	153	143	57	8	0	21	1	0	22	2	0	10	45	3	0	66	70	20	27	51	0	0	0	9	0	0	0	0	0	0	30	46	44	54	153	143	45	8	0	21	1	0	21	2	0	9	45	3	0	63	70	0	0	22	0	0	0	9	0	0	0	0	0	0	10	45	0	0	66	70	20	27	51	0	0	0	0	2	0	0	0	0	0	0	9	0	0	0	0	0	0	30	46	44	54	153	143	33	8	0	21	1	0	21	2	0	9	45	3	0	63	70	0	0	21	0	0	0	9	0	0	0	0	0	0	9	45	0	0	63	70	0	0	22	0	0	0	0	0	0	0	0	0	0	0	9	0	0	0	0	0	0	10	45	0	0	66	70	20	27	51	0	0	0	0	5	0	0	0	0	0	0	0	2	0	0	0	0	0	0	9	0	0	0	0	0	0	30	46	44	54	153	143
93	80	29	44	34	68	8	12	0	22	32	34	2	0	19	0	47	72	136	196	56	8	12	0	1	0	0	2	0	0	0	3	0	0	103	21	32	34	0	0	0	0	0	0	0	0	0	0	19	0	44	72	136	196	44	8	12	0	1	0	0	2	0	0	0	3	0	0	103	0	0	0	0	0	0	0	0	0	0	0	0	0	0	0	0	0	0	103	21	32	34	0	0	0	0	2	0	0	0	0	0	0	0	0	0	0	0	0	0	19	0	44	72	136	196	32	8	12	0	1	0	0	2	0	0	0	3	0	0	103	0	0	0	0	0	0	0	0	0	0	0	0	0	0	0	0	0	0	103	0	0	0	0	0	0	0	0	0	0	0	0	0	0	0	0	0	0	0	0	0	0	0	0	0	0	103	21	32	34	0	0	0	0	6	0	0	0	0	0	0	0	2	0	0	0	0	0	0	0	0	0	0	0	0	0	19	0	44	72	136	196
63	55	20	7	22	47	6	0	0	15	7	22	2	0	7	0	33	0	22	105	39	6	0	0	1	0	0	2	0	0	0	3	0	0	55	14	7	22	0	0	0	0	0	0	0	0	0	0	7	0	30	0	22	105	31	6	0	0	1	0	0	2	0	0	0	3	0	0	55	0	0	0	0	0	0	0	0	0	0	0	0	0	0	0	0	0	0	55	14	7	22	0	0	0	0	0	0	0	0	0	0	0	0	0	0	0	0	0	0	7	0	30	0	22	105	23	6	0	0	1	0	0	2	0	0	0	3	0	0	55	0	0	0	0	0	0	0	0	0	0	0	0	0	0	0	0	0	0	55	0	0	0	0	0	0	0	0	0	0	0	0	0	0	0	0	0	0	0	0	0	0	0	0	0	0	55	14	7	22	0	0	0	0	0	0	0	0	0	0	0	0	0	0	0	0	0	0	0	0	0	0	0	0	0	0	7	0	30	0	22	105
54	47	18	10	6	40	3	0	0	15	10	6	0	0	0	0	32	15	12	22	33	3	0	0	0	0	0	0	0	0	0	0	0	0	22	15	10	6	0	0	0	0	0	0	0	0	0	0	0	0	32	15	12	22	26	3	0	0	0	0	0	0	0	0	0	0	0	0	22	0	0	0	0	0	0	0	0	0	0	0	0	0	0	0	0	0	0	22	15	10	6	0	0	0	0	2	0	0	0	0	0	0	0	0	0	0	0	0	0	0	0	32	15	12	22	19	3	0	0	0	0	0	0	0	0	0	0	0	0	22	0	0	0	0	0	0	0	0	0	0	0	0	0	0	0	0	0	0	22	0	0	0	0	0	0	0	0	0	0	0	0	0	0	0	0	0	0	0	0	0	0	0	0	0	0	22	15	10	6	0	0	0	0	4	0	0	0	0	0	0	0	2	0	0	0	0	0	0	0	0	0	0	0	0	0	0	0	32	15	12	22
69	59	22	29	6	50	3	9	0	19	20	6	0	0	0	0	38	45	24	22	41	3	9	0	0	0	0	0	0	0	0	0	0	0	22	19	20	6	0	0	0	0	0	0	0	0	0	0	0	0	38	45	24	22	32	3	9	0	0	0	0	0	0	0	0	0	0	0	22	0	0	0	0	0	0	0	0	0	0	0	0	0	0	0	0	0	0	22	19	20	6	0	0	0	0	2	0	0	0	0	0	0	0	0	0	0	0	0	0	0	0	38	45	24	22	23	3	9	0	0	0	0	0	0	0	0	0	0	0	22	0	0	0	0	0	0	0	0	0	0	0	0	0	0	0	0	0	0	22	0	0	0	0	0	0	0	0	0	0	0	0	0	0	0	0	0	0	0	0	0	0	0	0	0	0	22	19	20	6	0	0	0	0	6	0	0	0	0	0	0	0	2	0	0	0	0	0	0	0	0	0	0	0	0	0	0	0	38	45	24	22
103	87	37	51	78	72	16	15	45	29	36	78	15	0	45	56	65	96	234	97	57	15	15	21	8	0	45	12	0	45	10	25	0	135	22	24	36	78	12	0	15	54	18	0	0	121	9	0	45	56	52	96	234	97	42	13	15	9	7	0	21	12	0	33	9	22	0	63	21	3	0	45	2	0	15	9	4	0	0	48	6	0	45	10	12	0	135	22	22	36	78	17	0	0	9	9	24	0	81	10	0	15	54	18	0	0	121	3	0	45	56	43	96	234	97	27	9	15	9	5	0	9	6	0	0	9	13	0	27	21	2	0	21	2	0	11	9	0	0	0	48	6	0	33	9	9	0	63	21	1	0	45	0	0	0	9	0	0	0	51	0	0	15	9	4	0	0	48	0	0	45	10	3	0	135	22	22	36	78	7	0	0	0	6	48	0	0	17	0	0	9	9	24	0	81	10	0	15	54	18	0	0	121	3	0	45	56	43	96	234	97
59	50	26	20	12	41	5	0	12	23	20	12	1	0	24	0	43	50	48	0	32	5	0	12	2	0	12	1	0	24	0	8	0	48	0	22	20	12	4	0	0	0	18	0	0	0	0	0	24	0	40	50	48	0	23	4	0	11	2	0	12	1	0	24	0	8	0	48	0	1	0	12	0	0	0	0	0	0	0	0	0	0	24	0	5	0	48	0	21	20	12	2	0	0	11	9	5	0	0	4	0	0	0	18	0	0	0	0	0	24	0	35	50	48	0	14	3	0	10	1	0	11	1	0	22	0	3	0	44	0	1	0	12	0	0	0	0	0	0	0	0	0	0	24	0	5	0	48	0	0	0	12	0	0	0	10	0	0	0	0	0	0	0	0	0	0	0	0	0	0	24	0	0	0	48	0	21	20	12	2	0	0	10	6	5	0	0	2	0	0	11	9	5	0	0	4	0	0	0	18	0	0	0	0	0	24	0	35	50	48	0
63	54	17	0	34	45	4	0	0	13	0	34	0	0	0	0	30	0	0	119	36	4	0	0	0	0	0	0	0	0	0	0	0	0	22	13	0	34	0	0	0	0	0	0	0	0	0	0	0	0	30	0	0	119	27	4	0	0	0	0	0	0	0	0	0	0	0	0	21	0	0	0	0	0	0	0	0	0	0	0	0	0	0	0	0	0	0	22	13	0	34	0	0	0	0	3	0	0	0	0	0	0	0	0	0	0	0	0	0	0	0	30	0	0	119	18	4	0	0	0	0	0	0	0	0	0	0	0	0	21	0	0	0	0	0	0	0	0	0	0	0	0	0	0	0	0	0	0	21	0	0	0	0	0	0	0	0	0	0	0	0	0	0	0	0	0	0	0	0	0	0	0	0	0	0	22	13	0	34	0	0	0	0	7	0	0	0	0	0	0	0	3	0	0	0	0	0	0	0	0	0	0	0	0	0	0	0	30	0	0	119
68	57	21	31	22	47	5	10	0	17	21	22	1	0	0	0	32	42	66	91	37	5	10	0	1	0	0	1	0	0	0	3	0	0	22	16	21	22	0	0	0	0	9	0	0	0	0	0	0	0	29	42	66	91	27	5	10	0	1	0	0	1	0	0	0	3	0	0	21	0	0	0	0	0	0	0	0	0	0	0	0	0	0	0	0	0	0	22	16	21	22	2	0	0	0	6	0	0	0	0	0	0	0	9	0	0	0	0	0	0	0	29	42	66	91	17	4	10	0	1	0	0	1	0	0	0	3	0	0	21	0	0	0	0	0	0	0	0	0	0	0	0	0	0	0	0	0	0	21	0	0	0	0	0	0	0	0	0	0	0	0	0	0	0	0	0	0	0	0	0	0	0	0	0	0	22	16	21	22	2	0	0	0	6	7	0	0	2	0	0	0	6	0	0	0	0	0	0	0	9	0	0	0	0	0	0	0	29	42	66	91
60	51	22	18	13	42	6	0	0	17	18	13	1	0	0	0	32	36	39	40	33	6	0	0	1	0	0	1	0	0	0	3	0	0	0	16	18	13	0	0	0	0	9	0	0	0	0	0	0	0	29	36	39	40	24	6	0	0	1	0	0	1	0	0	0	3	0	0	0	0	0	0	0	0	0	0	0	0	0	0	0	0	0	0	0	0	0	0	16	18	13	2	0	0	0	6	0	0	0	0	0	0	0	9	0	0	0	0	0	0	0	29	36	39	40	15	5	0	0	1	0	0	1	0	0	0	3	0	0	0	0	0	0	0	0	0	0	0	0	0	0	0	0	0	0	0	0	0	0	0	0	0	0	0	0	0	0	0	0	0	0	0	0	0	0	0	0	0	0	0	0	0	0	0	0	0	16	18	13	2	0	0	0	6	6	0	0	2	0	0	0	6	0	0	0	0	0	0	0	9	0	0	0	0	0	0	0	29	36	39	40
89	73	45	59	84	57	20	15	77	43	59	84	33	0	50	27	97	130	336	12	41	11	11	77	18	15	77	17	0	49	27	55	75	308	12	31	59	84	14	44	0	0	30	99	0	0	29	0	50	27	68	130	336	12	26	6	0	73	9	11	77	10	0	49	23	26	55	308	12	11	15	77	2	0	0	0	0	0	0	0	13	0	49	27	38	75	308	12	20	44	84	17	0	0	44	6	33	84	0	12	44	0	0	30	99	0	0	16	0	50	27	30	55	336	12	11	2	0	56	4	0	73	4	0	45	11	10	0	292	11	2	11	77	2	0	0	0	0	0	0	0	6	0	49	23	9	55	308	12	0	0	77	0	0	0	0	0	0	77	0	0	0	0	0	0	0	0	0	0	0	49	27	0	0	308	12	15	44	84	7	0	0	78	0	0	0	81	17	0	0	44	6	33	84	0	10	44	0	0	30	99	0	0	0	0	50	27	20	55	336	12
65	54	28	10	59	43	13	0	27	24	10	59	11	0	16	27	52	0	59	125	32	12	0	27	9	0	27	11	0	15	27	32	0	27	57	19	10	59	16	0	0	0	32	10	0	0	7	0	16	27	39	0	59	125	21	8	0	23	8	0	27	10	0	15	23	27	0	27	33	4	0	27	2	0	0	0	0	0	0	0	7	0	15	27	19	0	27	57	15	10	59	17	0	0	44	8	10	0	0	14	0	0	0	32	10	0	0	0	0	16	27	20	0	59	125	10	4	0	11	4	0	23	4	0	11	11	10	0	23	20	3	0	27	2	0	0	0	0	0	0	0	6	0	15	23	14	0	27	33	0	0	27	0	0	0	0	0	0	0	0	0	0	0	0	0	0	0	0	0	0	15	27	0	0	27	57	15	10	59	7	0	0	11	0	0	0	81	17	0	0	44	8	10	0	0	14	0	0	0	32	10	0	0	0	0	16	27	20	0	59	125
86	67	62	129	50	49	27	80	37	52	111	50	37	123	28	15	128	278	250	78	34	16	68	37	24	65	37	17	117	27	15	78	208	185	45	36	66	50	11	106	0	0	26	88	0	0	33	78	28	15	89	173	250	78	21	7	37	28	13	55	37	10	87	27	11	42	163	185	21	17	26	37	2	26	0	0	0	0	0	0	13	78	27	15	60	117	185	45	19	40	50	2	120	56	79	6	24	100	0	9	80	0	0	26	88	0	0	20	0	28	15	29	56	250	78	8	3	8	0	4	24	28	4	24	22	0	11	56	140	9	6	16	37	2	16	0	0	0	0	0	0	6	48	27	11	24	72	185	21	0	0	37	0	0	56	0	0	0	74	0	0	0	0	0	0	0	0	0	0	0	27	15	0	0	185	45	12	40	50	2	40	30	0	0	0	150	187	2	120	56	79	6	24	100	0	7	80	0	0	26	88	0	0	0	0	28	15	16	56	250	78
61	49	29	37	30	38	12	20	0	23	26	30	11	10	0	0	52	38	60	125	28	10	20	0	9	10	0	10	10	0	0	34	30	0	57	19	16	30	16	0	0	0	27	16	0	0	8	0	0	0	42	8	60	125	18	6	18	0	7	10	0	9	10	0	0	24	30	0	33	5	0	0	2	0	0	0	0	0	0	0	7	0	0	0	24	0	0	57	14	16	30	15	16	0	0	8	8	0	0	14	0	0	0	27	16	0	0	1	0	0	0	18	8	60	125	8	3	8	0	3	8	0	3	8	0	0	7	24	0	20	3	0	0	2	0	0	0	0	0	0	0	6	0	0	0	14	0	0	33	0	0	0	0	0	0	0	0	0	0	0	0	0	0	0	0	0	0	0	0	0	0	0	0	0	0	57	13	16	30	5	16	0	0	0	0	30	0	15	16	0	0	8	8	0	0	14	0	0	0	27	16	0	0	0	0	0	0	16	8	60	125
57	47	33	21	18	37	17	0	0	30	21	18	24	0	0	0	69	28	54	47	27	11	0	0	14	0	0	11	0	0	0	48	0	0	12	25	21	18	16	0	0	0	23	42	0	0	20	0	0	0	56	28	54	47	17	7	0	0	8	0	0	10	0	0	0	27	0	0	12	9	0	0	2	0	0	0	0	0	0	0	7	0	0	0	35	0	0	12	16	21	18	17	0	0	0	8	7	0	0	14	0	0	0	23	42	0	0	13	0	0	0	21	28	54	47	7	3	0	0	4	0	0	4	0	0	0	10	0	0	11	3	0	0	2	0	0	0	0	0	0	0	6	0	0	0	14	0	0	12	0	0	0	0	0	0	0	0	0	0	0	0	0	0	0	0	0	0	0	0	0	0	0	0	0	0	12	12	21	18	7	0	0	0	0	0	0	0	17	0	0	0	8	7	0	0	14	0	0	0	23	42	0	0	0	0	0	0	13	28	54	47
57	45	35	21	57	33	22	10	21	33	21	57	36	10	0	21	88	75	57	182	21	9	0	21	20	10	21	17	0	0	21	62	50	21	114	21	21	57	4	0	27	0	0	0	57	0	32	10	0	21	59	75	57	182	10	2	0	21	7	0	21	4	0	0	21	17	0	21	114	13	10	21	2	0	0	0	0	0	21	0	13	0	0	21	45	50	21	114	6	10	57	0	0	32	0	0	0	0	0	2	0	27	0	0	0	57	0	19	10	0	21	11	20	57	182	0	0	0	21	0	0	21	0	0	0	21	0	0	21	101	0	0	21	0	0	0	0	0	0	21	0	0	0	0	21	0	0	21	114	0	0	21	0	0	0	0	0	0	0	0	0	0	0	0	0	0	21	0	0	0	0	21	0	0	21	114	0	0	57	0	0	16	0	0	0	0	0	0	0	32	0	0	0	0	0	0	0	27	0	0	0	57	0	0	0	0	21	0	0	57	182
79	61	44	89	86	43	21	44	55	43	89	86	26	132	28	73	109	220	258	152	25	7	0	54	20	44	55	16	0	28	70	64	121	165	114	26	89	86	4	0	80	15	0	0	344	0	23	132	28	73	73	220	258	152	11	1	0	54	6	0	54	3	0	28	70	14	0	162	114	14	44	55	2	0	50	15	0	0	220	0	13	0	28	70	50	121	165	114	6	33	86	0	0	24	0	0	0	0	0	2	0	80	15	0	0	344	0	10	132	28	73	12	66	258	152	0	0	0	49	0	0	54	0	0	28	57	0	0	162	101	0	0	54	0	0	50	11	0	0	216	0	0	0	28	70	0	0	162	114	0	0	55	0	0	0	0	0	0	0	0	0	0	50	15	0	0	220	0	0	0	28	70	0	0	165	114	0	0	86	0	0	8	55	0	0	0	0	0	0	24	0	0	0	0	0	0	0	80	15	0	0	344	0	0	0	28	73	0	0	258	152
50	39	36	19	44	28	21	18	0	31	19	44	36	9	0	0	84	75	0	241	18	8	9	0	19	18	0	16	9	0	0	59	72	0	141	20	9	44	4	0	27	0	0	0	44	0	32	9	0	0	58	45	0	241	9	2	0	0	6	9	0	4	0	0	0	14	27	0	141	13	9	0	2	0	0	0	0	0	0	0	12	9	0	0	45	45	0	141	7	0	44	0	0	32	0	0	0	44	0	2	0	27	0	0	0	44	0	20	0	0	0	13	0	0	241	0	0	0	0	0	0	0	0	0	0	0	0	0	0	124	0	0	0	0	0	0	0	0	0	0	0	0	0	0	0	0	0	0	141	0	0	0	0	0	0	0	0	0	0	0	0	0	0	0	0	0	0	0	0	0	0	0	0	0	0	141	0	0	44	0	0	16	0	0	0	0	0	0	0	32	0	0	0	44	0	0	0	27	0	0	0	44	0	0	0	0	0	0	0	0	241
47	35	36	47	19	23	16	32	0	31	47	19	27	60	0	0	82	108	19	134	13	5	12	0	15	32	0	10	36	0	0	52	76	0	114	19	27	19	2	12	27	0	0	0	57	0	24	60	0	0	56	68	19	134	6	1	0	0	4	12	0	3	0	0	0	10	24	0	114	11	18	0	2	0	0	0	0	0	0	0	7	36	0	0	42	48	0	114	6	6	19	0	0	24	0	0	0	38	0	0	12	27	0	0	0	57	0	17	18	0	0	11	12	19	134	0	0	0	0	0	0	0	0	0	0	0	0	0	0	101	0	0	0	0	0	0	0	0	0	0	0	0	0	0	0	0	0	0	114	0	0	0	0	0	0	0	0	0	0	0	0	0	0	0	0	0	0	0	0	0	0	0	0	0	0	114	0	0	19	0	0	8	0	0	0	0	0	0	0	24	0	0	0	38	0	0	0	27	0	0	0	57	0	0	0	0	0	0	0	19	134
39	30	33	24	8	21	18	10	0	32	24	8	32	20	0	0	82	64	16	50	12	7	0	0	17	10	0	16	0	0	0	52	35	0	37	19	24	8	4	0	16	0	0	0	16	0	29	20	0	0	53	64	16	50	5	1	0	0	6	0	0	3	0	0	0	14	0	0	37	11	10	0	2	0	0	0	0	0	0	0	13	0	0	0	38	35	0	37	5	10	8	0	0	24	0	0	0	0	0	2	0	16	0	0	0	16	0	16	20	0	0	10	15	16	50	0	0	0	0	0	0	0	0	0	0	0	0	0	0	28	0	0	0	0	0	0	0	0	0	0	0	0	0	0	0	0	0	0	37	0	0	0	0	0	0	0	0	0	0	0	0	0	0	0	0	0	0	0	0	0	0	0	0	0	0	37	0	0	8	0	0	8	0	0	0	0	0	0	0	24	0	0	0	0	0	0	0	16	0	0	0	16	0	0	0	0	0	0	0	16	50
42	31	25	18	56	20	2	0	23	25	18	56	6	0	106	14	59	27	112	170	9	0	0	23	2	0	23	0	0	23	14	4	0	46	76	20	18	56	0	0	12	0	0	0	0	0	6	0	106	14	51	27	112	170	0	0	0	23	0	0	23	0	0	23	14	0	0	46	75	0	0	23	0	0	0	0	0	0	0	0	0	0	23	14	0	0	46	76	0	0	56	0	0	0	0	0	0	0	0	0	0	12	0	0	0	0	0	0	0	106	14	0	0	112	170	0	0	0	23	0	0	23	0	0	23	14	0	0	46	75	0	0	23	0	0	0	0	0	0	0	0	0	0	23	14	0	0	46	75	0	0	23	0	0	0	0	0	0	0	0	0	0	0	0	0	0	0	0	0	0	23	14	0	0	46	76	0	0	0	0	0	0	0	0	0	0	0	0	0	0	0	0	0	0	0	0	0	0	0	0	0	0	0	0	0	0	14	0	0	0	170
27	20	18	6	25	13	0	0	9	18	6	25	0	0	63	0	41	12	25	94	6	0	0	9	0	0	9	0	0	9	0	0	0	9	55	16	6	25	0	0	0	0	0	0	0	0	0	0	63	0	38	12	25	94	0	0	0	9	0	0	9	0	0	9	0	0	0	9	54	0	0	9	0	0	0	0	0	0	0	0	0	0	9	0	0	0	9	55	0	0	25	0	0	0	0	0	0	0	0	0	0	0	0	0	0	0	0	0	0	63	0	0	0	25	94	0	0	0	9	0	0	9	0	0	9	0	0	0	9	54	0	0	9	0	0	0	0	0	0	0	0	0	0	9	0	0	0	9	54	0	0	9	0	0	0	0	0	0	0	0	0	0	0	0	0	0	0	0	0	0	9	0	0	0	9	55	0	0	0	0	0	0	0	0	0	0	0	0	0	0	0	0	0	0	0	0	0	0	0	0	0	0	0	0	0	0	0	0	0	0	94
37	27	24	21	35	17	0	0	23	24	21	35	0	0	68	14	53	42	105	86	7	0	0	23	0	0	23	0	0	23	14	0	0	69	55	18	21	35	0	0	0	0	0	0	0	0	0	0	68	14	43	42	105	86	0	0	0	23	0	0	23	0	0	23	14	0	0	69	54	0	0	23	0	0	0	0	0	0	0	0	0	0	23	14	0	0	69	55	0	0	35	0	0	0	0	0	0	0	0	0	0	0	0	0	0	0	0	0	0	68	14	0	0	105	86	0	0	0	23	0	0	23	0	0	23	14	0	0	69	54	0	0	23	0	0	0	0	0	0	0	0	0	0	23	14	0	0	69	54	0	0	23	0	0	0	0	0	0	0	0	0	0	0	0	0	0	0	0	0	0	23	14	0	0	69	55	0	0	0	0	0	0	0	0	0	0	0	0	0	0	0	0	0	0	0	0	0	0	0	0	0	0	0	0	0	0	14	0	0	0	86
27	19	24	15	13	11	0	0	13	24	15	13	0	0	26	0	52	45	65	0	3	0	0	13	0	0	13	0	0	26	0	0	0	65	0	9	15	13	0	0	0	0	0	0	0	0	0	0	26	0	21	45	65	0	0	0	0	13	0	0	13	0	0	26	0	0	0	65	0	0	0	13	0	0	0	0	0	0	0	0	0	0	26	0	0	0	65	0	0	0	13	0	0	0	0	0	0	0	0	0	0	0	0	0	0	0	0	0	0	26	0	0	0	65	0	0	0	0	13	0	0	13	0	0	26	0	0	0	65	0	0	0	13	0	0	0	0	0	0	0	0	0	0	26	0	0	0	65	0	0	0	13	0	0	0	0	0	0	0	0	0	0	0	0	0	0	0	0	0	0	26	0	0	0	65	0	0	0	0	0	0	0	0	0	0	0	0	0	0	0	0	0	0	0	0	0	0	0	0	0	0	0	0	0	0	0	0	0	0	0	0
28	20	21	16	0	12	0	0	0	21	16	0	0	0	0	0	45	40	0	0	4	0	0	0	0	0	0	0	0	0	0	0	0	0	0	11	16	0	0	0	0	0	0	0	0	0	0	0	0	0	26	40	0	0	0	0	0	0	0	0	0	0	0	0	0	0	0	0	0	0	0	0	0	0	0	0	0	0	0	0	0	0	0	0	0	0	0	0	0	0	0	0	0	0	0	0	0	0	0	0	0	0	0	0	0	0	0	0	0	0	0	0	0	0	0	0	0	0	0	0	0	0	0	0	0	0	0	0	0	0	0	0	0	0	0	0	0	0	0	0	0	0	0	0	0	0	0	0	0	0	0	0	0	0	0	0	0	0	0	0	0	0	0	0	0	0	0	0	0	0	0	0	0	0	0	0	0	0	0	0	0	0	0	0	0	0	0	0	0	0	0	0	0	0	0	0	0	0	0	0	0	0	0	0	0	0	0	0	0	0	0
47	30	28	52	93	13	2	0	85	17	52	93	6	0	72	13	37	117	372	13	0	0	0	79	0	0	85	0	0	72	13	0	0	340	13	0	0	93	0	0	24	53	0	0	0	0	0	0	72	13	0	0	372	13	0	0	0	69	0	0	79	0	0	57	13	0	0	316	13	0	0	85	0	0	24	12	0	0	0	0	0	0	72	13	0	0	340	13	0	0	0	0	0	0	22	0	0	0	50	0	0	0	53	0	0	0	0	0	0	0	13	0	0	0	13	0	0	0	69	0	0	69	0	0	30	13	0	0	276	13	0	0	79	0	0	19	12	0	0	0	0	0	0	57	13	0	0	316	13	0	0	0	0	0	0	22	0	0	0	37	0	0	0	12	0	0	0	0	0	0	0	13	0	0	0	13	0	0	0	0	0	0	0	0	0	0	0	0	0	0	22	0	0	0	50	0	0	0	53	0	0	0	0	0	0	0	0	0	0	0	0
50	33	17	16	130	16	0	0	97	16	16	130	0	0	14	109	34	16	130	104	0	0	0	78	0	0	97	0	0	12	68	0	0	97	59	0	0	130	0	0	0	27	0	0	0	105	0	0	14	109	0	0	130	104	0	0	0	77	0	0	78	0	0	0	68	0	0	78	59	0	0	97	0	0	0	26	0	0	0	55	0	0	12	68	0	0	97	59	0	0	0	0	0	0	12	0	0	0	0	0	0	0	27	0	0	0	105	0	0	0	109	0	0	0	104	0	0	0	77	0	0	77	0	0	0	68	0	0	77	59	0	0	78	0	0	0	26	0	0	0	54	0	0	0	68	0	0	78	59	0	0	0	0	0	0	12	0	0	0	0	0	0	0	26	0	0	0	55	0	0	0	68	0	0	0	59	0	0	0	0	0	0	0	0	0	0	0	0	0	0	12	0	0	0	0	0	0	0	27	0	0	0	105	0	0	0	0	0	0	0	0
52	33	33	70	104	14	2	0	94	19	70	104	6	0	95	59	41	168	520	13	0	0	0	43	0	0	94	0	0	93	0	0	0	470	13	0	0	104	0	0	24	97	0	0	0	214	0	0	95	59	0	0	520	13	0	0	0	22	0	0	43	0	0	57	0	0	0	215	13	0	0	94	0	0	24	12	0	0	0	76	0	0	93	0	0	0	470	13	0	0	0	0	0	0	22	0	0	0	134	0	0	0	97	0	0	0	214	0	0	0	59	0	0	0	13	0	0	0	22	0	0	22	0	0	30	0	0	0	110	13	0	0	43	0	0	19	12	0	0	0	75	0	0	57	0	0	0	215	13	0	0	0	0	0	0	22	0	0	0	114	0	0	0	12	0	0	0	76	0	0	0	0	0	0	0	13	0	0	0	0	0	0	0	0	0	0	0	0	0	0	22	0	0	0	134	0	0	0	97	0	0	0	214	0	0	0	0	0	0	0	0
40	26	18	24	57	12	0	0	22	15	24	57	0	0	14	49	32	36	114	129	0	0	0	0	0	0	22	0	0	12	0	0	0	44	68	0	0	57	0	0	0	0	0	0	0	113	0	0	14	49	0	0	114	129	0	0	0	0	0	0	0	0	0	0	0	0	0	0	68	0	0	22	0	0	0	0	0	0	0	55	0	0	12	0	0	0	44	68	0	0	0	0	0	0	0	0	0	0	0	0	0	0	0	0	0	0	113	0	0	0	49	0	0	0	129	0	0	0	0	0	0	0	0	0	0	0	0	0	0	68	0	0	0	0	0	0	0	0	0	0	54	0	0	0	0	0	0	0	68	0	0	0	0	0	0	0	0	0	0	0	0	0	0	0	0	0	0	55	0	0	0	0	0	0	0	68	0	0	0	0	0	0	0	0	0	0	0	0	0	0	0	0	0	0	0	0	0	0	0	0	0	0	113	0	0	0	0	0	0	0	0
30	19	18	24	28	8	0	0	11	12	24	28	0	0	0	33	25	48	84	48	0	0	0	0	0	0	11	0	0	0	0	0	0	33	36	0	0	28	0	0	0	0	0	0	0	86	0	0	0	33	0	0	84	48	0	0	0	0	0	0	0	0	0	0	0	0	0	0	36	0	0	11	0	0	0	0	0	0	0	55	0	0	0	0	0	0	33	36	0	0	0	0	0	0	0	0	0	0	0	0	0	0	0	0	0	0	86	0	0	0	33	0	0	0	48	0	0	0	0	0	0	0	0	0	0	0	0	0	0	36	0	0	0	0	0	0	0	0	0	0	54	0	0	0	0	0	0	0	36	0	0	0	0	0	0	0	0	0	0	0	0	0	0	0	0	0	0	55	0	0	0	0	0	0	0	36	0	0	0	0	0	0	0	0	0	0	0	0	0	0	0	0	0	0	0	0	0	0	0	0	0	0	86	0	0	0	0	0	0	0	0
20	9	11	18	60	0	0	0	11	0	0	60	0	0	13	22	0	0	120	282	0	0	0	11	0	0	11	0	0	11	22	0	0	22	212	0	0	0	0	0	0	0	0	0	0	0	0	0	0	22	0	0	0	282	0	0	0	11	0	0	11	0	0	11	22	0	0	22	122	0	0	0	0	0	0	0	0	0	0	0	0	0	0	22	0	0	0	212	0	0	0	0	0	0	0	0	0	0	0	0	0	0	0	0	0	0	0	0	0	0	0	0	0	0	0	0	0	0	10	0	0	11	0	0	11	20	0	0	22	91	0	0	0	0	0	0	0	0	0	0	0	0	0	0	22	0	0	0	122	0	0	0	0	0	0	0	0	0	0	0	0	0	0	0	0	0	0	0	0	0	0	0	0	0	0	0	0	0	0	0	0	0	10	0	0	0	0	0	0	0	0	0	0	0	0	0	0	0	0	0	0	0	0	0	0	0	0	0	0	0	0
23	10	13	30	74	0	0	0	35	0	0	74	0	0	50	48	0	0	222	225	0	0	0	35	0	0	35	0	0	46	48	0	0	105	190	0	0	0	0	0	0	0	0	0	0	0	0	0	0	48	0	0	0	225	0	0	0	30	0	0	35	0	0	46	38	0	0	105	122	0	0	0	0	0	0	0	0	0	0	0	0	0	0	48	0	0	0	190	0	0	0	0	0	0	40	0	0	0	0	0	0	0	0	0	0	0	0	0	0	0	0	0	0	0	0	0	0	0	21	0	0	30	0	0	41	20	0	0	90	91	0	0	0	0	0	0	0	0	0	0	0	0	0	0	38	0	0	0	122	0	0	0	0	0	0	0	0	0	0	0	0	0	0	0	0	0	0	0	0	0	0	0	0	0	0	0	0	0	0	0	0	0	10	0	0	0	50	0	0	0	40	0	0	0	0	0	0	0	0	0	0	0	0	0	0	0	0	0	0	0	0
25	11	12	33	85	0	0	0	50	0	0	85	0	0	38	78	0	0	255	197	0	0	0	49	0	0	50	0	0	34	75	0	0	150	179	0	0	0	0	0	0	6	0	0	0	0	0	0	0	78	0	0	0	197	0	0	0	27	0	0	49	0	0	34	38	0	0	147	122	0	0	0	0	0	0	0	0	0	0	0	0	0	0	75	0	0	0	179	0	0	0	0	0	0	56	0	0	0	63	0	0	0	6	0	0	0	0	0	0	0	0	0	0	0	0	0	0	0	10	0	0	27	0	0	27	20	0	0	81	91	0	0	0	0	0	0	0	0	0	0	0	0	0	0	38	0	0	0	122	0	0	0	0	0	0	0	0	0	0	0	0	0	0	0	0	0	0	0	0	0	0	0	0	0	0	0	0	0	0	0	0	0	10	0	0	0	80	0	0	0	56	0	0	0	63	0	0	0	0	0	0	0	0	0	0	0	0	0	0	0	0
23	11	12	11	88	0	0	0	20	0	0	88	0	0	15	47	0	0	88	412	0	0	0	19	0	0	20	0	0	13	44	0	0	20	309	0	0	0	0	0	0	6	0	0	0	0	0	0	0	47	0	0	0	412	0	0	0	8	0	0	19	0	0	13	16	0	0	19	200	0	0	0	0	0	0	0	0	0	0	0	0	0	0	44	0	0	0	309	0	0	0	0	0	0	40	0	0	0	19	0	0	0	6	0	0	0	0	0	0	0	0	0	0	0	0	0	0	0	0	0	0	8	0	0	8	0	0	0	8	168	0	0	0	0	0	0	0	0	0	0	0	0	0	0	16	0	0	0	200	0	0	0	0	0	0	0	0	0	0	0	0	0	0	0	0	0	0	0	0	0	0	0	0	0	0	0	0	0	0	0	0	0	0	0	0	0	50	0	0	0	40	0	0	0	19	0	0	0	0	0	0	0	0	0	0	0	0	0	0	0	0
13	5	9	15	14	0	0	0	0	0	0	14	0	0	0	0	0	0	42	104	0	0	0	0	0	0	0	0	0	0	0	0	0	0	94	0	0	0	0	0	0	0	0	0	0	0	0	0	0	0	0	0	0	104	0	0	0	0	0	0	0	0	0	0	0	0	0	0	43	0	0	0	0	0	0	0	0	0	0	0	0	0	0	0	0	0	0	94	0	0	0	0	0	0	0	0	0	0	0	0	0	0	0	0	0	0	0	0	0	0	0	0	0	0	0	0	0	0	0	0	0	0	0	0	0	0	0	0	0	22	0	0	0	0	0	0	0	0	0	0	0	0	0	0	0	0	0	0	43	0	0	0	0	0	0	0	0	0	0	0	0	0	0	0	0	0	0	0	0	0	0	0	0	0	0	0	0	0	0	0	0	0	0	0	0	0	0	0	0	0	0	0	0	0	0	0	0	0	0	0	0	0	0	0	0	0	0	0	0	0	0
13	0	0	0	129	0	0	0	79	0	0	0	0	0	0	50	0	0	0	321	0	0	0	77	0	0	0	0	0	0	44	0	0	0	116	0	0	0	0	0	0	22	0	0	0	0	0	0	0	0	0	0	0	0	0	0	0	77	0	0	0	0	0	0	44	0	0	0	114	0	0	0	0	0	0	22	0	0	0	0	0	0	0	0	0	0	0	0	0	0	0	0	0	0	0	0	0	0	0	0	0	0	0	0	0	0	0	0	0	0	0	0	0	0	0	0	0	0	77	0	0	0	0	0	0	44	0	0	0	76	0	0	0	0	0	0	22	0	0	0	0	0	0	0	0	0	0	0	0	0	0	0	0	0	0	0	0	0	0	0	0	0	0	0	0	0	0	0	0	0	0	0	0	0	0	0	0	0	0	0	0	0	0	0	0	0	0	0	0	0	0	0	0	0	0	0	0	0	0	0	0	0	0	0	0	0	0	0	0	0	0
13	0	0	0	122	0	0	0	82	0	0	0	0	0	0	66	0	0	0	233	0	0	0	80	0	0	0	0	0	0	60	0	0	0	96	0	0	0	0	0	0	26	0	0	0	0	0	0	0	0	0	0	0	0	0	0	0	80	0	0	0	0	0	0	60	0	0	0	95	0	0	0	0	0	0	26	0	0	0	0	0	0	0	0	0	0	0	0	0	0	0	0	0	0	0	0	0	0	0	0	0	0	0	0	0	0	0	0	0	0	0	0	0	0	0	0	0	0	73	0	0	0	0	0	0	43	0	0	0	68	0	0	0	0	0	0	16	0	0	0	0	0	0	0	0	0	0	0	0	0	0	0	0	0	0	0	0	0	0	0	0	0	0	0	0	0	0	0	0	0	0	0	0	0	0	0	0	0	0	0	0	0	56	0	0	0	0	0	0	0	0	0	0	0	0	0	0	0	0	0	0	0	0	0	0	0	0	0	0	0	0
5	0	0	0	26	0	0	0	0	0	0	0	0	0	0	0	0	0	0	173	0	0	0	0	0	0	0	0	0	0	0	0	0	0	85	0	0	0	0	0	0	0	0	0	0	0	0	0	0	0	0	0	0	0	0	0	0	0	0	0	0	0	0	0	0	0	0	0	84	0	0	0	0	0	0	0	0	0	0	0	0	0	0	0	0	0	0	0	0	0	0	0	0	0	0	0	0	0	0	0	0	0	0	0	0	0	0	0	0	0	0	0	0	0	0	0	0	0	0	0	0	0	0	0	0	0	0	0	0	57	0	0	0	0	0	0	0	0	0	0	0	0	0	0	0	0	0	0	0	0	0	0	0	0	0	0	0	0	0	0	0	0	0	0	0	0	0	0	0	0	0	0	0	0	0	0	0	0	0	0	0	0	0	0	0	0	0	0	0	0	0	0	0	0	0	0	0	0	0	0	0	0	0	0	0	0	0	0	0	0	0
