415	409	26	13	0	403	16	9	0	26	13	0	18	6	0	0	48	14	0	0	397	14	9	0	16	9	0	12	6	0	0	35	12	0	0	26	13	0	1	0	0	0	7	6	0	0	18	6	0	0	48	14	0	0	391	14	9	0	14	9	0	12	6	0	0	32	12	0	0	16	9	0	1	0	0	0	7	6	0	0	12	6	0	0	35	12	0	0	26	13	0	0	0	0	0	0	0	0	0	1	0	0	0	7	6	0	0	18	6	0	0	48	14	0	0	385	14	9	0	14	9	0	12	6	0	0	32	12	0	0	14	9	0	1	0	0	0	7	6	0	0	12	6	0	0	32	12	0	0	16	9	0	0	0	0	0	0	0	0	0	1	0	0	0	7	6	0	0	12	6	0	0	35	12	0	0	26	13	0	0	0	0	0	1	0	0	0	0	0	0	0	0	0	0	0	1	0	0	0	7	6	0	0	18	6	0	0	48	14	0	0
832	820	63	53	0	808	37	37	0	63	53	0	35	52	0	0	125	77	0	0	796	32	36	0	37	37	0	26	48	0	0	81	60	0	0	63	53	0	5	6	0	0	22	35	0	0	35	52	0	0	125	77	0	0	784	32	36	0	32	36	0	26	48	0	0	70	60	0	0	37	37	0	5	6	0	0	15	30	0	0	26	48	0	0	81	60	0	0	63	53	0	1	0	0	0	6	0	0	0	5	6	0	0	22	35	0	0	35	52	0	0	125	77	0	0	772	32	36	0	32	36	0	26	48	0	0	70	60	0	0	32	36	0	5	6	0	0	15	30	0	0	26	48	0	0	70	60	0	0	37	37	0	1	0	0	0	6	0	0	0	5	6	0	0	15	30	0	0	26	48	0	0	81	60	0	0	63	53	0	2	0	0	0	3	0	0	0	1	0	0	0	6	0	0	0	5	6	0	0	22	35	0	0	35	52	0	0	125	77	0	0
759	748	67	45	0	737	41	31	0	67	45	0	40	14	0	0	141	92	0	0	726	39	31	0	41	31	0	34	14	0	0	92	68	0	0	67	45	0	6	0	0	0	20	14	0	0	40	14	0	0	141	92	0	0	715	39	31	0	39	31	0	34	14	0	0	89	68	0	0	41	31	0	6	0	0	0	18	14	0	0	34	14	0	0	92	68	0	0	67	45	0	1	0	0	0	10	0	0	0	6	0	0	0	20	14	0	0	40	14	0	0	141	92	0	0	704	39	31	0	39	31	0	34	14	0	0	89	68	0	0	39	31	0	6	0	0	0	18	14	0	0	34	14	0	0	89	68	0	0	41	31	0	1	0	0	0	9	0	0	0	6	0	0	0	18	14	0	0	34	14	0	0	92	68	0	0	67	45	0	2	0	0	0	5	0	0	0	1	0	0	0	10	0	0	0	6	0	0	0	20	14	0	0	40	14	0	0	141	92	0	0
941	927	77	79	0	913	43	60	0	77	79	0	39	57	0	0	175	174	0	0	899	40	59	0	43	60	0	29	54	0	0	106	134	0	0	77	79	0	5	7	0	0	23	17	0	0	39	57	0	0	175	174	0	0	885	40	59	0	40	59	0	29	54	0	0	102	133	0	0	43	60	0	5	7	0	0	16	14	0	0	29	54	0	0	106	134	0	0	77	79	0	1	0	0	0	19	0	0	0	5	7	0	0	23	17	0	0	39	57	0	0	175	174	0	0	871	40	59	0	40	59	0	29	54	0	0	102	133	0	0	40	59	0	5	7	0	0	16	14	0	0	29	54	0	0	102	133	0	0	43	60	0	1	0	0	0	12	0	0	0	5	7	0	0	16	14	0	0	29	54	0	0	106	134	0	0	77	79	0	2	0	0	0	8	0	0	0	1	0	0	0	19	0	0	0	5	7	0	0	23	17	0	0	39	57	0	0	175	174	0	0
1111	1094	100	118	0	1077	54	93	0	100	118	0	46	106	0	0	227	303	0	0	1060	49	92	0	54	93	0	34	104	0	0	133	237	0	0	100	118	0	19	8	0	0	28	47	0	0	46	106	0	0	227	303	0	0	1043	45	92	0	49	92	0	32	104	0	0	122	236	0	0	54	93	0	6	8	0	0	14	40	0	0	34	104	0	0	133	237	0	0	100	118	0	6	0	0	0	28	50	0	0	19	8	0	0	28	47	0	0	46	106	0	0	227	303	0	0	1026	44	92	0	45	92	0	32	104	0	0	113	236	0	0	49	92	0	6	8	0	0	14	40	0	0	32	104	0	0	122	236	0	0	54	93	0	1	0	0	0	13	48	0	0	6	8	0	0	14	40	0	0	34	104	0	0	133	237	0	0	100	118	0	14	0	0	0	14	3	0	0	6	0	0	0	28	50	0	0	19	8	0	0	28	47	0	0	46	106	0	0	227	303	0	0
882	869	79	41	16	856	54	30	0	79	41	16	48	20	0	0	177	116	16	0	843	53	30	0	54	30	0	44	20	0	0	124	100	0	0	79	41	16	10	0	0	0	30	0	0	0	48	20	0	0	177	116	16	0	830	53	30	0	53	30	0	44	20	0	0	123	100	0	0	54	30	0	10	0	0	0	23	0	0	0	44	20	0	0	124	100	0	0	79	41	16	11	0	0	0	29	0	0	0	10	0	0	0	30	0	0	0	48	20	0	0	177	116	16	0	817	51	30	0	53	30	0	44	20	0	0	123	100	0	0	53	30	0	10	0	0	0	23	0	0	0	44	20	0	0	123	100	0	0	54	30	0	5	0	0	0	16	0	0	0	10	0	0	0	23	0	0	0	44	20	0	0	124	100	0	0	79	41	16	14	0	0	0	9	9	0	0	11	0	0	0	29	0	0	0	10	0	0	0	30	0	0	0	48	20	0	0	177	116	16	0
1047	1032	89	73	14	1017	65	54	0	89	73	14	64	30	0	0	210	112	28	0	1002	59	51	0	65	54	0	51	30	0	0	167	84	0	0	89	73	14	13	33	0	0	23	55	0	0	64	30	0	0	210	112	28	0	987	57	50	0	59	51	0	51	30	0	0	155	81	0	0	65	54	0	7	30	0	0	16	50	0	0	51	30	0	0	167	84	0	0	89	73	14	10	10	0	0	30	20	0	0	13	33	0	0	23	55	0	0	64	30	0	0	210	112	28	0	972	55	48	0	57	50	0	51	30	0	0	149	80	0	0	59	51	0	7	30	0	0	16	50	0	0	51	30	0	0	155	81	0	0	65	54	0	4	10	0	0	18	20	0	0	7	30	0	0	16	50	0	0	51	30	0	0	167	84	0	0	89	73	14	12	16	0	0	13	8	0	0	10	10	0	0	30	20	0	0	13	33	0	0	23	55	0	0	64	30	0	0	210	112	28	0
1011	996	99	79	10	981	64	56	0	99	79	10	60	24	0	0	257	243	30	0	966	63	56	0	64	56	0	56	24	0	0	169	194	0	0	99	79	10	26	0	0	0	35	0	0	0	60	24	0	0	257	243	30	0	951	59	56	0	63	56	0	56	24	0	0	168	194	0	0	64	56	0	11	0	0	0	16	0	0	0	56	24	0	0	169	194	0	0	99	79	10	16	0	0	0	41	46	0	0	26	0	0	0	35	0	0	0	60	24	0	0	257	243	30	0	936	56	56	0	59	56	0	56	24	0	0	156	194	0	0	63	56	0	11	0	0	0	16	0	0	0	56	24	0	0	168	194	0	0	64	56	0	5	0	0	0	18	36	0	0	11	0	0	0	16	0	0	0	56	24	0	0	169	194	0	0	99	79	10	14	0	0	0	24	19	0	0	16	0	0	0	41	46	0	0	26	0	0	0	35	0	0	0	60	24	0	0	257	243	30	0
1014	999	107	83	6	984	71	53	0	107	83	6	76	48	0	0	280	240	24	0	969	70	47	0	71	53	0	72	24	0	0	200	170	0	0	107	83	6	46	0	0	0	34	6	6	0	76	48	0	0	280	240	24	0	954	62	47	0	70	47	0	68	24	0	0	195	164	0	0	71	53	0	15	0	0	0	14	0	0	0	72	24	0	0	200	170	0	0	107	83	6	23	0	0	0	34	66	0	0	46	0	0	0	34	6	6	0	76	48	0	0	280	240	24	0	939	58	47	0	62	47	0	60	24	0	0	171	164	0	0	70	47	0	13	0	0	0	14	0	0	0	68	24	0	0	195	164	0	0	71	53	0	9	0	0	0	24	36	0	0	15	0	0	0	14	0	0	0	72	24	0	0	200	170	0	0	107	83	6	26	0	0	0	18	18	0	0	23	0	0	0	34	66	0	0	46	0	0	0	34	6	6	0	76	48	0	0	280	240	24	0
983	969	100	70	3	955	66	41	0	100	70	3	69	42	0	0	255	170	15	0	941	64	40	0	66	41	0	61	40	0	0	191	90	0	0	100	70	3	45	10	0	0	30	5	0	0	69	42	0	0	255	170	15	0	927	56	35	0	64	40	0	57	40	0	0	185	90	0	0	66	41	0	15	10	0	0	12	0	0	0	61	40	0	0	191	90	0	0	100	70	3	18	25	0	0	32	52	0	0	45	10	0	0	30	5	0	0	69	42	0	0	255	170	15	0	913	53	20	0	56	35	0	49	30	0	0	159	70	0	0	64	40	0	13	10	0	0	12	0	0	0	57	40	0	0	185	90	0	0	66	41	0	9	0	0	0	23	20	0	0	15	10	0	0	12	0	0	0	61	40	0	0	191	90	0	0	100	70	3	18	50	0	0	16	15	3	0	18	25	0	0	32	52	0	0	45	10	0	0	30	5	0	0	69	42	0	0	255	170	15	0
1097	1081	101	81	35	1065	68	68	0	101	81	35	71	46	6	0	265	215	35	49	1049	64	65	0	68	68	0	64	46	0	0	199	196	0	0	101	81	35	44	33	0	0	19	33	0	0	71	46	6	0	265	215	35	49	1033	55	60	0	64	65	0	60	43	0	0	186	186	0	0	68	68	0	14	30	0	0	5	30	0	0	64	46	0	0	199	196	0	0	101	81	35	13	50	5	0	25	20	0	0	44	33	0	0	19	33	0	0	71	46	6	0	265	215	35	49	1017	50	49	0	55	60	0	50	39	0	0	156	170	0	0	64	65	0	12	30	0	0	5	30	0	0	60	43	0	0	186	186	0	0	68	68	0	5	40	0	0	23	20	0	0	14	30	0	0	5	30	0	0	64	46	0	0	199	196	0	0	101	81	35	14	19	18	0	14	0	35	0	13	50	5	0	25	20	0	0	44	33	0	0	19	33	0	0	71	46	6	0	265	215	35	49
1168	1150	114	118	26	1132	70	92	0	114	118	26	74	118	6	0	303	353	52	33	1114	67	92	0	70	92	0	62	118	0	0	201	286	0	0	114	118	26	55	0	0	0	31	16	0	0	74	118	6	0	303	353	52	33	1096	56	92	0	67	92	0	58	118	0	0	191	286	0	0	70	92	0	18	0	0	0	8	0	0	0	62	118	0	0	201	286	0	0	114	118	26	26	0	5	0	45	60	0	0	55	0	0	0	31	16	0	0	74	118	6	0	303	353	52	33	1078	46	92	0	56	92	0	45	118	0	0	154	286	0	0	67	92	0	16	0	0	0	8	0	0	0	58	118	0	0	191	286	0	0	70	92	0	9	0	0	0	24	48	0	0	18	0	0	0	8	0	0	0	62	118	0	0	201	286	0	0	114	118	26	17	0	18	0	29	57	0	0	26	0	5	0	45	60	0	0	55	0	0	0	31	16	0	0	74	118	6	0	303	353	52	33
775	764	83	31	18	753	59	10	0	83	31	18	67	0	6	0	225	89	54	19	742	55	7	0	59	10	0	53	0	0	0	177	40	0	0	83	31	18	33	21	0	0	11	21	0	0	67	0	6	0	225	89	54	19	731	49	0	0	55	7	0	49	0	0	0	166	28	0	0	59	10	0	12	0	0	0	3	0	0	0	53	0	0	0	177	40	0	0	83	31	18	20	0	5	0	29	0	18	0	33	21	0	0	11	21	0	0	67	0	6	0	225	89	54	19	720	44	0	0	49	0	0	39	0	0	0	146	0	0	0	55	7	0	10	0	0	0	3	0	0	0	49	0	0	0	166	28	0	0	59	10	0	11	0	0	0	26	0	0	0	12	0	0	0	3	0	0	0	53	0	0	0	177	40	0	0	83	31	18	17	0	10	0	11	0	0	0	20	0	5	0	29	0	18	0	33	21	0	0	11	21	0	0	67	0	6	0	225	89	54	19
1497	1475	132	201	11	1453	70	155	0	132	201	11	64	258	6	0	326	654	44	9	1431	67	129	0	70	155	0	54	206	0	0	202	526	0	0	132	201	11	32	150	0	0	17	18	11	0	64	258	6	0	326	654	44	9	1409	61	93	0	67	129	0	54	150	0	0	196	438	0	0	70	155	0	15	46	0	0	3	0	0	0	54	206	0	0	202	526	0	0	132	201	11	19	108	5	0	37	45	44	0	32	150	0	0	17	18	11	0	64	258	6	0	326	654	44	9	1387	56	69	0	61	93	0	51	94	0	0	173	324	0	0	67	129	0	15	34	0	0	3	0	0	0	54	150	0	0	196	438	0	0	70	155	0	10	44	0	0	26	33	0	0	15	46	0	0	3	0	0	0	54	206	0	0	202	526	0	0	132	201	11	12	148	10	0	18	26	22	0	19	108	5	0	37	45	44	0	32	150	0	0	17	18	11	0	64	258	6	0	326	654	44	9
1302	1282	114	166	5	1262	67	131	0	114	166	5	76	141	0	0	286	413	25	3	1242	63	122	0	67	131	0	62	134	0	0	192	333	0	0	114	166	5	41	78	0	0	13	15	0	0	76	141	0	0	286	413	25	3	1222	55	117	0	63	122	0	58	134	0	0	181	304	0	0	67	131	0	20	53	0	0	4	0	0	0	62	134	0	0	192	333	0	0	114	166	5	32	0	5	0	40	26	5	0	41	78	0	0	13	15	0	0	76	141	0	0	286	413	25	3	1202	48	115	0	55	117	0	46	134	0	0	155	284	0	0	63	122	0	18	53	0	0	4	0	0	0	58	134	0	0	181	304	0	0	67	131	0	17	0	0	0	23	24	0	0	20	53	0	0	4	0	0	0	62	134	0	0	192	333	0	0	114	166	5	19	23	10	0	29	30	0	0	32	0	5	0	40	26	5	0	41	78	0	0	13	15	0	0	76	141	0	0	286	413	25	3
824	812	86	21	45	800	71	11	6	86	21	45	77	0	6	24	234	44	45	95	788	62	11	0	71	11	6	63	0	0	0	201	44	6	0	86	21	45	40	0	36	0	14	0	0	6	77	0	6	24	234	44	45	95	776	56	11	0	62	11	0	55	0	0	0	175	44	0	0	71	11	6	26	0	0	0	8	0	0	0	63	0	0	0	201	44	6	0	86	21	45	24	0	21	0	29	33	0	0	40	0	36	0	14	0	0	6	77	0	6	24	234	44	45	95	764	55	11	0	56	11	0	54	0	0	0	158	44	0	0	62	11	0	26	0	0	0	8	0	0	0	55	0	0	0	175	44	0	0	71	11	6	24	0	0	0	27	33	0	0	26	0	0	0	8	0	0	0	63	0	0	0	201	44	6	0	86	21	45	18	0	9	0	13	0	0	0	24	0	21	0	29	33	0	0	40	0	36	0	14	0	0	6	77	0	6	24	234	44	45	95
1034	1019	92	70	26	1004	64	30	0	92	70	26	67	64	6	0	224	210	104	60	989	57	14	0	64	30	0	61	0	0	0	179	110	0	0	92	70	26	30	0	36	0	11	0	52	0	67	64	6	0	224	210	104	60	974	54	14	0	57	14	0	53	0	0	0	158	70	0	0	64	30	0	23	0	0	0	7	0	0	0	61	0	0	0	179	110	0	0	92	70	26	20	0	12	0	31	14	0	0	30	0	36	0	11	0	52	0	67	64	6	0	224	210	104	60	959	54	14	0	54	14	0	53	0	0	0	148	70	0	0	57	14	0	23	0	0	0	7	0	0	0	53	0	0	0	158	70	0	0	64	30	0	20	0	0	0	27	14	0	0	23	0	0	0	7	0	0	0	61	0	0	0	179	110	0	0	92	70	26	17	0	0	0	14	0	0	0	20	0	12	0	31	14	0	0	30	0	36	0	11	0	52	0	67	64	6	0	224	210	104	60
1004	989	83	80	18	974	57	61	0	83	80	18	63	44	6	0	190	169	36	34	959	49	54	0	57	61	0	51	30	0	0	159	145	0	0	83	80	18	37	0	36	0	11	0	18	0	63	44	6	0	190	169	36	34	944	44	51	0	49	54	0	43	30	0	0	134	138	0	0	57	61	0	28	0	0	0	7	0	0	0	51	30	0	0	159	145	0	0	83	80	18	20	33	12	0	23	33	0	0	37	0	36	0	11	0	18	0	63	44	6	0	190	169	36	34	929	43	50	0	44	51	0	41	30	0	0	118	132	0	0	49	54	0	28	0	0	0	7	0	0	0	43	30	0	0	134	138	0	0	57	61	0	19	30	0	0	20	30	0	0	28	0	0	0	7	0	0	0	51	30	0	0	159	145	0	0	83	80	18	18	10	0	0	8	11	0	0	20	33	12	0	23	33	0	0	37	0	36	0	11	0	18	0	63	44	6	0	190	169	36	34
916	902	79	74	11	888	52	59	0	79	74	11	64	33	6	0	183	163	22	16	874	44	55	0	52	59	0	50	31	0	0	144	145	0	0	79	74	11	33	37	29	0	11	0	0	0	64	33	6	0	183	163	22	16	860	39	52	0	44	55	0	42	28	0	0	122	135	0	0	52	59	0	24	36	0	0	7	0	0	0	50	31	0	0	144	145	0	0	79	74	11	20	26	12	0	20	24	0	0	33	37	29	0	11	0	0	0	64	33	6	0	183	163	22	16	846	38	50	0	39	52	0	40	26	0	0	106	128	0	0	44	55	0	24	34	0	0	7	0	0	0	42	28	0	0	122	135	0	0	52	59	0	19	26	0	0	19	24	0	0	24	36	0	0	7	0	0	0	50	31	0	0	144	145	0	0	79	74	11	17	16	0	0	7	8	0	0	20	26	12	0	20	24	0	0	33	37	29	0	11	0	0	0	64	33	6	0	183	163	22	16
669	659	59	34	5	649	38	23	0	59	34	5	42	8	0	0	125	87	10	5	639	34	22	0	38	23	0	32	8	0	0	100	75	0	0	59	34	5	25	7	5	0	10	0	0	0	42	8	0	0	125	87	10	5	629	33	21	0	34	22	0	32	7	0	0	90	72	0	0	38	23	0	20	7	0	0	6	0	0	0	32	8	0	0	100	75	0	0	59	34	5	15	7	0	0	19	7	0	0	25	7	5	0	10	0	0	0	42	8	0	0	125	87	10	5	619	33	21	0	33	21	0	32	7	0	0	86	70	0	0	34	22	0	20	7	0	0	6	0	0	0	32	7	0	0	90	72	0	0	38	23	0	15	7	0	0	18	7	0	0	20	7	0	0	6	0	0	0	32	8	0	0	100	75	0	0	59	34	5	5	0	0	0	6	0	0	0	15	7	0	0	19	7	0	0	25	7	5	0	10	0	0	0	42	8	0	0	125	87	10	5
685	675	51	25	18	665	21	0	6	51	25	18	22	0	56	24	135	75	90	26	655	19	0	0	21	0	6	14	0	24	0	66	0	30	0	51	25	18	3	0	20	0	1	0	0	11	22	0	56	24	135	75	90	26	645	19	0	0	19	0	0	14	0	0	0	60	0	0	0	21	0	6	3	0	12	0	1	0	0	0	14	0	24	0	66	0	30	0	51	25	18	9	0	0	0	16	0	0	0	3	0	20	0	1	0	0	11	22	0	56	24	135	75	90	26	635	18	0	0	19	0	0	14	0	0	0	60	0	0	0	19	0	0	3	0	0	0	1	0	0	0	14	0	0	0	60	0	0	0	21	0	6	4	0	0	0	8	0	0	0	3	0	12	0	1	0	0	0	14	0	24	0	66	0	30	0	51	25	18	17	0	0	0	4	5	0	0	9	0	0	0	16	0	0	0	3	0	20	0	1	0	0	11	22	0	56	24	135	75	90	26
1157	1139	71	117	36	1121	37	101	0	71	117	36	26	170	23	0	143	250	0	105	1103	32	89	0	37	101	0	22	146	0	0	99	226	0	6	71	117	36	22	114	0	0	13	59	0	0	26	170	23	0	143	250	0	105	1085	27	80	0	32	89	0	19	128	0	0	87	197	0	0	37	101	0	11	96	0	0	5	45	0	0	22	146	0	0	99	226	0	6	71	117	36	14	72	0	0	15	43	0	0	22	114	0	0	13	59	0	0	26	170	23	0	143	250	0	105	1067	25	80	0	27	80	0	16	128	0	0	72	176	0	0	32	89	0	11	96	0	0	4	43	0	0	19	128	0	0	87	197	0	0	37	101	0	9	72	0	0	13	40	0	0	11	96	0	0	5	45	0	0	22	146	0	0	99	226	0	6	71	117	36	9	0	0	0	2	16	0	0	14	72	0	0	15	43	0	0	22	114	0	0	13	59	0	0	26	170	23	0	143	250	0	105
750	739	58	26	26	728	35	10	0	58	26	26	29	0	23	0	131	74	52	60	717	35	10	0	35	10	0	29	0	0	0	90	50	0	0	58	26	26	22	0	0	0	11	0	0	0	29	0	23	0	131	74	52	60	706	34	10	0	35	10	0	29	0	0	0	90	50	0	0	35	10	0	17	0	0	0	7	0	0	0	29	0	0	0	90	50	0	0	58	26	26	16	0	0	0	17	10	0	0	22	0	0	0	11	0	0	0	29	0	23	0	131	74	52	60	695	34	10	0	34	10	0	29	0	0	0	86	50	0	0	35	10	0	17	0	0	0	7	0	0	0	29	0	0	0	90	50	0	0	35	10	0	16	0	0	0	16	10	0	0	17	0	0	0	7	0	0	0	29	0	0	0	90	50	0	0	58	26	26	3	0	0	0	5	0	0	0	16	0	0	0	17	10	0	0	22	0	0	0	11	0	0	0	29	0	23	0	131	74	52	60
795	783	45	51	8	771	19	32	0	45	51	8	18	32	16	0	94	86	24	26	759	18	32	0	19	32	0	18	32	0	0	51	56	0	0	45	51	8	17	0	0	0	10	10	0	0	18	32	16	0	94	86	24	26	747	17	32	0	18	32	0	18	32	0	0	50	56	0	0	19	32	0	12	0	0	0	6	8	0	0	18	32	0	0	51	56	0	0	45	51	8	9	0	0	0	12	8	0	0	17	0	0	0	10	10	0	0	18	32	16	0	94	86	24	26	735	17	32	0	17	32	0	18	32	0	0	46	56	0	0	18	32	0	12	0	0	0	6	8	0	0	18	32	0	0	50	56	0	0	19	32	0	9	0	0	0	9	8	0	0	12	0	0	0	6	8	0	0	18	32	0	0	51	56	0	0	45	51	8	0	0	0	0	3	0	0	0	9	0	0	0	12	8	0	0	17	0	0	0	10	10	0	0	18	32	16	0	94	86	24	26
548	540	40	16	0	532	20	0	0	40	16	0	22	0	0	0	91	40	0	0	524	20	0	0	20	0	0	22	0	0	0	48	0	0	0	40	16	0	12	0	0	0	6	0	0	0	22	0	0	0	91	40	0	0	516	20	0	0	20	0	0	22	0	0	0	48	0	0	0	20	0	0	12	0	0	0	6	0	0	0	22	0	0	0	48	0	0	0	40	16	0	9	0	0	0	14	0	0	0	12	0	0	0	6	0	0	0	22	0	0	0	91	40	0	0	508	20	0	0	20	0	0	22	0	0	0	48	0	0	0	20	0	0	12	0	0	0	6	0	0	0	22	0	0	0	48	0	0	0	20	0	0	9	0	0	0	9	0	0	0	12	0	0	0	6	0	0	0	22	0	0	0	48	0	0	0	40	16	0	0	0	0	0	4	0	0	0	9	0	0	0	14	0	0	0	12	0	0	0	6	0	0	0	22	0	0	0	91	40	0	0
1016	1001	52	44	62	986	28	0	48	52	44	62	23	0	42	42	123	99	248	18	971	27	0	28	28	0	48	21	0	40	6	85	0	192	6	52	44	62	16	0	10	70	9	0	0	26	23	0	42	42	123	99	248	18	956	24	0	5	27	0	28	21	0	32	0	85	0	112	0	28	0	48	7	0	10	0	0	0	0	0	21	0	40	6	85	0	192	6	52	44	62	12	0	0	25	15	33	0	34	16	0	10	70	9	0	0	26	23	0	42	42	123	99	248	18	941	19	0	0	24	0	5	20	0	10	0	74	0	20	0	27	0	28	7	0	10	0	0	0	0	0	21	0	32	0	85	0	112	0	28	0	48	0	0	0	0	5	0	0	0	7	0	10	0	0	0	0	0	21	0	40	6	85	0	192	6	52	44	62	10	0	32	0	4	11	0	3	12	0	0	25	15	33	0	34	16	0	10	70	9	0	0	26	23	0	42	42	123	99	248	18
939	925	47	35	54	911	23	24	25	47	35	54	17	0	22	56	108	95	54	52	897	23	24	6	23	24	25	17	0	20	6	70	84	25	6	47	35	54	8	0	0	24	6	0	0	44	17	0	22	56	108	95	54	52	883	22	24	0	23	24	6	17	0	12	0	70	84	6	0	23	24	25	3	0	0	0	2	0	0	0	17	0	20	6	70	84	25	6	47	35	54	12	0	0	0	19	12	0	11	8	0	0	24	6	0	0	44	17	0	22	56	108	95	54	52	869	19	24	0	22	24	0	17	0	0	0	66	84	0	0	23	24	6	3	0	0	0	2	0	0	0	17	0	12	0	70	84	6	0	23	24	25	3	0	0	0	7	12	0	0	3	0	0	0	2	0	0	0	17	0	20	6	70	84	25	6	47	35	54	10	0	22	0	4	0	0	0	12	0	0	0	19	12	0	11	8	0	0	24	6	0	0	44	17	0	22	56	108	95	54	52
931	917	41	53	33	903	16	33	10	41	53	33	12	22	22	10	89	104	66	52	889	16	33	6	16	33	10	12	22	20	6	52	77	20	6	41	53	33	8	0	0	24	9	0	0	0	12	22	22	10	89	104	66	52	875	15	33	0	16	33	6	12	22	12	0	52	77	12	0	16	33	10	3	0	0	0	2	0	0	0	12	22	20	6	52	77	20	6	41	53	33	9	0	0	0	15	11	0	11	8	0	0	24	9	0	0	0	12	22	22	10	89	104	66	52	861	12	33	0	15	33	0	12	22	0	0	48	77	0	0	16	33	6	3	0	0	0	2	0	0	0	12	22	12	0	52	77	12	0	16	33	10	0	0	0	0	3	11	0	0	3	0	0	0	2	0	0	0	12	22	20	6	52	77	20	6	41	53	33	9	0	22	0	3	0	0	0	9	0	0	0	15	11	0	11	8	0	0	24	9	0	0	0	12	22	22	10	89	104	66	52
932	918	51	66	16	904	14	34	10	51	66	16	9	23	22	10	105	213	80	18	890	14	33	6	14	34	10	9	22	20	6	47	123	50	6	51	66	16	11	11	0	24	14	0	0	0	9	23	22	10	105	213	80	18	876	11	28	0	14	33	6	9	22	12	0	47	121	30	0	14	34	10	2	11	0	0	0	0	0	0	9	22	20	6	47	123	50	6	51	66	16	7	30	0	0	13	18	0	11	11	11	0	24	14	0	0	0	9	23	22	10	105	213	80	18	862	8	17	0	11	28	0	8	17	0	0	36	96	0	0	14	33	6	2	11	0	0	0	0	0	0	9	22	12	0	47	121	30	0	14	34	10	0	0	0	0	2	0	0	0	2	11	0	0	0	0	0	0	9	22	20	6	47	123	50	6	51	66	16	4	30	22	0	4	6	16	0	7	30	0	0	13	18	0	11	11	11	0	24	14	0	0	0	9	23	22	10	105	213	80	18
677	667	32	21	14	657	14	0	0	32	21	14	8	0	0	0	67	42	42	26	647	14	0	0	14	0	0	8	0	0	0	38	0	0	6	32	21	14	7	0	0	0	7	0	0	0	8	0	0	0	67	42	42	26	637	12	0	0	14	0	0	8	0	0	0	38	0	0	0	14	0	0	1	0	0	0	1	0	0	0	8	0	0	0	38	0	0	6	32	21	14	5	0	0	0	9	14	0	0	7	0	0	0	7	0	0	0	8	0	0	0	67	42	42	26	627	11	0	0	12	0	0	8	0	0	0	32	0	0	0	14	0	0	1	0	0	0	1	0	0	0	8	0	0	0	38	0	0	0	14	0	0	0	0	0	0	3	0	0	0	1	0	0	0	1	0	0	0	8	0	0	0	38	0	0	6	32	21	14	5	0	0	0	2	0	0	0	5	0	0	0	9	14	0	0	7	0	0	0	7	0	0	0	8	0	0	0	67	42	42	26
732	721	31	30	12	710	13	0	6	31	30	12	16	0	24	0	48	30	60	16	699	7	0	6	13	0	6	3	0	24	0	37	0	30	10	31	30	12	10	0	6	0	14	30	0	0	16	0	24	0	48	30	60	16	688	3	0	6	7	0	6	3	0	24	0	26	0	30	6	13	0	6	1	0	6	0	0	0	0	0	3	0	24	0	37	0	30	10	31	30	12	3	0	6	0	0	0	0	0	10	0	6	0	14	30	0	0	16	0	24	0	48	30	60	16	677	1	0	6	3	0	6	1	0	24	0	10	0	30	0	7	0	6	1	0	6	0	0	0	0	0	3	0	24	0	26	0	30	6	13	0	6	0	0	0	0	0	0	0	0	1	0	6	0	0	0	0	0	3	0	24	0	37	0	30	10	31	30	12	0	0	6	0	0	0	0	0	3	0	6	0	0	0	0	0	10	0	6	0	14	30	0	0	16	0	24	0	48	30	60	16
1063	1047	42	61	70	1031	19	28	41	42	61	70	15	0	51	54	91	95	210	92	1015	16	22	40	19	28	41	12	0	50	50	63	84	123	58	42	61	70	12	66	0	10	19	33	0	0	15	0	51	54	91	95	210	92	999	8	0	35	16	22	40	12	0	50	34	55	66	120	34	19	28	41	3	0	0	6	0	0	0	0	12	0	50	50	63	84	123	58	42	61	70	4	0	76	33	0	0	140	0	12	66	0	10	19	33	0	0	15	0	51	54	91	95	210	92	983	3	0	13	8	0	35	3	0	49	5	25	0	105	5	16	22	40	3	0	0	0	0	0	0	0	12	0	50	34	55	66	120	34	19	28	41	0	0	62	0	0	0	82	0	3	0	0	6	0	0	0	0	12	0	50	50	63	84	123	58	42	61	70	0	0	46	41	0	0	0	46	4	0	76	33	0	0	140	0	12	66	0	10	19	33	0	0	15	0	51	54	91	95	210	92
735	724	27	18	44	713	13	0	10	27	18	44	8	0	11	10	48	9	88	125	702	10	0	10	13	0	10	5	0	10	10	41	0	20	68	27	18	44	10	0	0	0	11	27	0	0	8	0	11	10	48	9	88	125	691	6	0	10	10	0	10	5	0	10	10	33	0	20	40	13	0	10	1	0	0	0	0	0	0	0	5	0	10	10	41	0	20	68	27	18	44	3	0	6	0	1	0	0	0	10	0	0	0	11	27	0	0	8	0	11	10	48	9	88	125	680	4	0	5	6	0	10	3	0	10	5	17	0	20	5	10	0	10	1	0	0	0	0	0	0	0	5	0	10	10	33	0	20	40	13	0	10	0	0	0	0	1	0	0	0	1	0	0	0	0	0	0	0	5	0	10	10	41	0	20	68	27	18	44	0	0	6	25	0	0	0	0	3	0	6	0	1	0	0	0	10	0	0	0	11	27	0	0	8	0	11	10	48	9	88	125
794	782	34	42	32	770	13	20	11	34	42	32	11	10	0	44	75	101	96	78	758	10	17	10	13	20	11	8	10	0	40	43	90	33	58	34	42	32	9	21	0	10	11	21	0	0	11	10	0	44	75	101	96	78	746	5	7	6	10	17	10	8	7	0	24	35	75	30	34	13	20	11	3	0	0	6	0	0	0	0	8	10	0	40	43	90	33	58	34	42	32	0	21	36	24	3	0	32	0	9	21	0	10	11	21	0	0	11	10	0	44	75	101	96	78	734	2	0	0	5	7	6	3	0	0	0	15	28	18	5	10	17	10	3	0	0	0	0	0	0	0	8	7	0	24	35	75	30	34	13	20	11	0	0	22	0	0	0	11	0	3	0	0	6	0	0	0	0	8	10	0	40	43	90	33	58	34	42	32	0	0	36	0	2	0	32	11	0	21	36	24	3	0	32	0	9	21	0	10	11	21	0	0	11	10	0	44	75	101	96	78
669	659	25	9	44	649	12	0	0	25	9	44	5	0	0	0	48	0	44	179	639	12	0	0	12	0	0	5	0	0	0	40	0	0	93	25	9	44	10	0	0	0	14	0	0	0	5	0	0	0	48	0	44	179	629	8	0	0	12	0	0	5	0	0	0	40	0	0	46	12	0	0	1	0	0	0	0	0	0	0	5	0	0	0	40	0	0	93	25	9	44	3	0	6	0	2	0	0	0	10	0	0	0	14	0	0	0	5	0	0	0	48	0	44	179	619	6	0	0	8	0	0	3	0	0	0	24	0	0	5	12	0	0	1	0	0	0	0	0	0	0	5	0	0	0	40	0	0	46	12	0	0	0	0	0	0	2	0	0	0	1	0	0	0	0	0	0	0	5	0	0	0	40	0	0	93	25	9	44	0	0	6	0	0	0	0	0	3	0	6	0	2	0	0	0	10	0	0	0	14	0	0	0	5	0	0	0	48	0	44	179
593	584	14	8	23	575	7	0	16	14	8	23	9	0	17	6	22	0	23	12	566	2	0	16	7	0	16	0	0	16	6	19	0	16	6	14	8	23	0	0	0	0	0	0	0	0	9	0	17	6	22	0	23	12	557	2	0	16	2	0	16	0	0	16	6	8	0	16	6	7	0	16	0	0	0	0	0	0	0	0	0	0	16	6	19	0	16	6	14	8	23	0	0	0	0	0	0	0	0	0	0	0	0	0	0	0	0	9	0	17	6	22	0	23	12	548	2	0	16	2	0	16	0	0	16	6	8	0	16	6	2	0	16	0	0	0	0	0	0	0	0	0	0	16	6	8	0	16	6	7	0	16	0	0	0	0	0	0	0	0	0	0	0	0	0	0	0	0	0	0	16	6	19	0	16	6	14	8	23	0	0	0	0	0	0	0	0	0	0	0	0	0	0	0	0	0	0	0	0	0	0	0	0	9	0	17	6	22	0	23	12
1049	1033	35	61	49	1017	19	22	41	35	61	49	15	66	54	16	69	75	147	12	1001	13	0	41	19	22	41	7	0	53	16	53	33	123	6	35	61	49	0	0	26	0	2	0	98	0	15	66	54	16	69	75	147	12	985	13	0	41	13	0	41	7	0	53	16	42	0	123	6	19	22	41	0	0	25	0	2	0	82	0	7	0	53	16	53	33	123	6	35	61	49	0	0	0	0	4	0	0	0	0	0	26	0	2	0	98	0	15	66	54	16	69	75	147	12	969	13	0	41	13	0	41	7	0	53	16	42	0	123	6	13	0	41	0	0	25	0	2	0	82	0	7	0	53	16	42	0	123	6	19	22	41	0	0	0	0	4	0	0	0	0	0	25	0	2	0	82	0	7	0	53	16	53	33	123	6	35	61	49	0	0	0	0	0	0	0	0	0	0	0	0	4	0	0	0	0	0	26	0	2	0	98	0	15	66	54	16	69	75	147	12
792	780	16	0	73	768	10	0	27	16	0	73	10	0	7	38	30	0	0	202	756	1	0	26	10	0	27	1	0	6	36	27	0	0	68	16	0	73	0	0	40	10	0	0	0	0	10	0	7	38	30	0	0	202	744	0	0	26	1	0	26	0	0	6	36	4	0	0	66	10	0	27	0	0	10	10	0	0	0	0	1	0	6	36	27	0	0	68	16	0	73	0	0	7	0	0	0	0	0	0	0	40	10	0	0	0	0	10	0	7	38	30	0	0	202	732	0	0	26	0	0	26	0	0	6	36	0	0	0	57	1	0	26	0	0	10	10	0	0	0	0	0	0	6	36	4	0	0	66	10	0	27	0	0	0	0	0	0	0	0	0	0	10	10	0	0	0	0	1	0	6	36	27	0	0	68	16	0	73	0	0	0	0	0	0	0	0	0	0	7	0	0	0	0	0	0	0	40	10	0	0	0	0	10	0	7	38	30	0	0	202
983	968	27	47	62	953	14	33	26	27	47	62	10	33	7	26	64	96	62	158	938	5	0	26	14	33	26	4	0	6	26	42	88	26	68	27	47	62	0	0	73	0	0	0	186	0	10	33	7	26	64	96	62	158	923	3	0	26	5	0	26	0	0	6	26	17	0	26	66	14	33	26	0	0	40	0	0	0	78	0	4	0	6	26	42	88	26	68	27	47	62	0	0	18	0	0	0	0	0	0	0	73	0	0	0	186	0	10	33	7	26	64	96	62	158	908	3	0	25	3	0	26	0	0	6	25	10	0	26	57	5	0	26	0	0	40	0	0	0	78	0	0	0	6	26	17	0	26	66	14	33	26	0	0	10	0	0	0	0	0	0	0	40	0	0	0	78	0	4	0	6	26	42	88	26	68	27	47	62	0	0	0	9	0	0	0	0	0	0	18	0	0	0	0	0	0	0	73	0	0	0	186	0	10	33	7	26	64	96	62	158
462	455	14	0	24	448	9	0	0	14	0	24	10	0	0	0	29	0	0	114	441	1	0	0	9	0	0	1	0	0	0	26	0	0	58	14	0	24	0	0	29	0	0	0	0	0	10	0	0	0	29	0	0	114	434	0	0	0	1	0	0	0	0	0	0	4	0	0	56	9	0	0	0	0	0	0	0	0	0	0	1	0	0	0	26	0	0	58	14	0	24	0	0	7	0	0	0	0	0	0	0	29	0	0	0	0	0	10	0	0	0	29	0	0	114	427	0	0	0	0	0	0	0	0	0	0	0	0	0	47	1	0	0	0	0	0	0	0	0	0	0	0	0	0	0	4	0	0	56	9	0	0	0	0	0	0	0	0	0	0	0	0	0	0	0	0	0	0	1	0	0	0	26	0	0	58	14	0	24	0	0	0	0	0	0	0	0	0	0	7	0	0	0	0	0	0	0	29	0	0	0	0	0	10	0	0	0	29	0	0	114
704	693	24	10	72	682	10	10	32	24	10	72	7	0	72	63	58	40	0	134	671	10	10	31	10	10	32	7	0	15	59	32	40	0	83	24	10	72	0	0	0	6	2	0	0	0	7	0	72	63	58	40	0	134	660	10	10	31	10	10	31	7	0	15	59	32	40	0	83	10	10	32	0	0	0	6	2	0	0	0	7	0	15	59	32	40	0	83	24	10	72	0	0	0	0	4	0	0	0	0	0	0	6	2	0	0	0	7	0	72	63	58	40	0	134	649	10	10	31	10	10	31	7	0	15	59	32	40	0	83	10	10	31	0	0	0	6	2	0	0	0	7	0	15	59	32	40	0	83	10	10	32	0	0	0	0	4	0	0	0	0	0	0	6	2	0	0	0	7	0	15	59	32	40	0	83	24	10	72	0	0	0	0	0	0	0	0	0	0	0	0	4	0	0	0	0	0	0	6	2	0	0	0	7	0	72	63	58	40	0	134
325	320	15	0	19	315	5	0	7	15	0	19	1	0	30	7	37	0	0	49	310	5	0	7	5	0	7	1	0	7	7	17	0	0	41	15	0	19	0	0	0	0	0	0	0	0	1	0	30	7	37	0	0	49	305	5	0	7	5	0	7	1	0	7	7	17	0	0	41	5	0	7	0	0	0	0	0	0	0	0	1	0	7	7	17	0	0	41	15	0	19	0	0	0	0	0	0	0	0	0	0	0	0	0	0	0	0	1	0	30	7	37	0	0	49	300	5	0	7	5	0	7	1	0	7	7	17	0	0	41	5	0	7	0	0	0	0	0	0	0	0	1	0	7	7	17	0	0	41	5	0	7	0	0	0	0	0	0	0	0	0	0	0	0	0	0	0	0	1	0	7	7	17	0	0	41	15	0	19	0	0	0	0	0	0	0	0	0	0	0	0	0	0	0	0	0	0	0	0	0	0	0	0	1	0	30	7	37	0	0	49
749	737	45	42	28	725	20	21	15	45	42	28	12	0	39	15	118	105	84	49	713	20	21	15	20	21	15	12	0	15	15	62	63	45	41	45	42	28	0	0	0	0	11	0	0	0	12	0	39	15	118	105	84	49	701	20	21	15	20	21	15	12	0	15	15	62	63	45	41	20	21	15	0	0	0	0	2	0	0	0	12	0	15	15	62	63	45	41	45	42	28	0	0	0	0	7	0	0	0	0	0	0	0	11	0	0	0	12	0	39	15	118	105	84	49	689	20	21	15	20	21	15	12	0	15	15	62	63	45	41	20	21	15	0	0	0	0	2	0	0	0	12	0	15	15	62	63	45	41	20	21	15	0	0	0	0	5	0	0	0	0	0	0	0	2	0	0	0	12	0	15	15	62	63	45	41	45	42	28	0	0	0	0	2	0	0	0	0	0	0	0	7	0	0	0	0	0	0	0	11	0	0	0	12	0	39	15	118	105	84	49
451	444	38	12	0	437	20	0	0	38	12	0	17	0	0	0	102	30	0	0	430	20	0	0	20	0	0	17	0	0	0	61	0	0	0	38	12	0	2	0	0	0	0	0	0	0	17	0	0	0	102	30	0	0	423	20	0	0	20	0	0	17	0	0	0	61	0	0	0	20	0	0	2	0	0	0	0	0	0	0	17	0	0	0	61	0	0	0	38	12	0	0	0	0	0	2	0	0	0	2	0	0	0	0	0	0	0	17	0	0	0	102	30	0	0	416	20	0	0	20	0	0	17	0	0	0	61	0	0	0	20	0	0	2	0	0	0	0	0	0	0	17	0	0	0	61	0	0	0	20	0	0	0	0	0	0	2	0	0	0	2	0	0	0	0	0	0	0	17	0	0	0	61	0	0	0	38	12	0	0	0	0	0	6	0	0	0	0	0	0	0	2	0	0	0	2	0	0	0	0	0	0	0	17	0	0	0	102	30	0	0
799	785	67	78	0	771	26	64	0	67	78	0	22	34	0	0	181	210	0	0	757	26	64	0	26	64	0	22	34	0	0	86	169	0	0	67	78	0	6	0	0	0	13	0	0	0	22	34	0	0	181	210	0	0	743	25	64	0	26	64	0	22	34	0	0	86	169	0	0	26	64	0	4	0	0	0	2	0	0	0	22	34	0	0	86	169	0	0	67	78	0	9	0	0	0	24	8	0	0	6	0	0	0	13	0	0	0	22	34	0	0	181	210	0	0	729	23	64	0	25	64	0	20	34	0	0	81	169	0	0	26	64	0	4	0	0	0	2	0	0	0	22	34	0	0	86	169	0	0	26	64	0	5	0	0	0	6	7	0	0	4	0	0	0	2	0	0	0	22	34	0	0	86	169	0	0	67	78	0	10	0	0	0	26	16	0	0	9	0	0	0	24	8	0	0	6	0	0	0	13	0	0	0	22	34	0	0	181	210	0	0
1078	1061	48	31	110	1044	29	16	89	48	31	110	26	0	12	86	138	63	110	28	1027	29	16	58	29	16	89	26	0	12	37	92	48	89	15	48	31	110	2	0	0	92	7	0	0	111	26	0	12	86	138	63	110	28	1010	29	16	45	29	16	58	26	0	11	37	92	48	58	15	29	16	89	2	0	0	55	2	0	0	67	26	0	12	37	92	48	89	15	48	31	110	0	0	0	20	12	0	0	70	2	0	0	92	7	0	0	111	26	0	12	86	138	63	110	28	993	29	16	45	29	16	45	26	0	10	37	92	48	45	15	29	16	58	2	0	0	55	2	0	0	67	26	0	11	37	92	48	58	15	29	16	89	0	0	0	20	9	0	0	41	2	0	0	55	2	0	0	67	26	0	12	37	92	48	89	15	48	31	110	0	0	0	0	8	0	0	0	0	0	0	20	12	0	0	70	2	0	0	92	7	0	0	111	26	0	12	86	138	63	110	28
1411	1388	94	174	76	1365	47	114	71	94	174	76	41	200	67	0	243	488	304	0	1342	45	112	70	47	114	71	38	192	67	0	129	340	284	0	94	174	76	5	32	28	11	8	0	0	0	41	200	67	0	243	488	304	0	1319	44	112	67	45	112	70	38	192	66	0	126	336	280	0	47	114	71	4	32	28	10	0	0	0	0	38	192	67	0	129	340	284	0	94	174	76	8	0	0	40	43	21	0	0	5	32	28	11	8	0	0	0	41	200	67	0	243	488	304	0	1296	40	112	62	44	112	67	35	192	61	0	121	336	268	0	45	112	70	4	32	28	10	0	0	0	0	38	192	66	0	126	336	280	0	47	114	71	0	0	0	32	15	17	0	0	4	32	28	10	0	0	0	0	38	192	67	0	129	340	284	0	94	174	76	2	0	0	54	38	80	0	0	8	0	0	40	43	21	0	0	5	32	28	11	8	0	0	0	41	200	67	0	243	488	304	0
1019	1003	58	55	78	987	28	0	75	58	55	78	26	0	67	11	153	165	390	0	971	26	0	57	28	0	75	23	0	67	0	80	0	375	0	58	55	78	2	0	28	65	0	0	0	62	26	0	67	11	153	165	390	0	955	26	0	31	26	0	57	23	0	63	0	76	0	285	0	28	0	75	2	0	28	10	0	0	0	26	23	0	67	0	80	0	375	0	58	55	78	0	0	0	70	15	0	0	102	2	0	28	65	0	0	0	62	26	0	67	11	153	165	390	0	939	26	0	21	26	0	31	23	0	46	0	76	0	155	0	26	0	57	2	0	28	10	0	0	0	26	23	0	63	0	76	0	285	0	28	0	75	0	0	0	32	2	0	0	52	2	0	28	10	0	0	0	26	23	0	67	0	80	0	375	0	58	55	78	5	0	0	44	13	0	0	16	0	0	0	70	15	0	0	102	2	0	28	65	0	0	0	62	26	0	67	11	153	165	390	0
757	745	42	29	38	733	23	11	22	42	29	38	21	0	0	44	114	60	76	28	721	23	11	0	23	11	22	21	0	0	0	70	33	44	15	42	29	38	2	0	0	0	5	0	0	111	21	0	0	44	114	60	76	28	709	23	11	0	23	11	0	21	0	0	0	70	33	0	15	23	11	22	2	0	0	0	0	0	0	67	21	0	0	0	70	33	44	15	42	29	38	0	0	0	0	7	0	0	0	2	0	0	0	5	0	0	111	21	0	0	44	114	60	76	28	697	23	11	0	23	11	0	21	0	0	0	70	33	0	15	23	11	0	2	0	0	0	0	0	0	67	21	0	0	0	70	33	0	15	23	11	22	0	0	0	0	2	0	0	0	2	0	0	0	0	0	0	67	21	0	0	0	70	33	44	15	42	29	38	0	0	0	0	8	0	0	0	0	0	0	0	7	0	0	0	2	0	0	0	5	0	0	111	21	0	0	44	114	60	76	28
750	738	54	42	12	726	27	20	0	54	42	12	22	10	0	0	135	136	36	28	714	27	20	0	27	20	0	22	10	0	0	71	90	0	15	54	42	12	2	0	0	0	0	0	0	0	22	10	0	0	135	136	36	28	702	27	20	0	27	20	0	22	10	0	0	71	90	0	15	27	20	0	2	0	0	0	0	0	0	0	22	10	0	0	71	90	0	15	54	42	12	0	0	0	0	13	0	0	0	2	0	0	0	0	0	0	0	22	10	0	0	135	136	36	28	690	27	20	0	27	20	0	22	10	0	0	71	90	0	15	27	20	0	2	0	0	0	0	0	0	0	22	10	0	0	71	90	0	15	27	20	0	0	0	0	0	2	0	0	0	2	0	0	0	0	0	0	0	22	10	0	0	71	90	0	15	54	42	12	0	0	0	0	15	0	0	0	0	0	0	0	13	0	0	0	2	0	0	0	0	0	0	0	22	10	0	0	135	136	36	28
1055	1038	60	67	97	1021	34	30	60	60	67	97	41	15	61	91	139	118	291	166	1004	34	30	60	34	30	60	41	15	58	91	95	45	180	146	60	67	97	12	0	0	0	4	0	0	0	41	15	61	91	139	118	291	166	987	32	30	59	34	30	60	41	15	58	88	95	45	180	127	34	30	60	10	0	0	0	1	0	0	0	41	15	58	91	95	45	180	146	60	67	97	6	0	0	11	23	24	0	0	12	0	0	0	4	0	0	0	41	15	61	91	139	118	291	166	970	30	30	56	32	30	59	39	15	58	81	89	45	177	98	34	30	60	10	0	0	0	1	0	0	0	41	15	58	88	95	45	180	127	34	30	60	2	0	0	10	5	0	0	0	10	0	0	0	1	0	0	0	41	15	58	91	95	45	180	146	60	67	97	8	0	10	40	20	12	0	0	6	0	0	11	23	24	0	0	12	0	0	0	4	0	0	0	41	15	61	91	139	118	291	166
815	802	47	36	65	789	24	0	38	47	36	65	26	0	31	55	94	90	260	154	776	24	0	38	24	0	38	26	0	28	55	65	0	152	146	47	36	65	14	0	0	0	9	0	0	0	26	0	31	55	94	90	260	154	763	21	0	35	24	0	38	26	0	28	52	65	0	152	127	24	0	38	8	0	0	0	2	0	0	0	26	0	28	55	65	0	152	146	47	36	65	7	0	0	21	13	27	0	0	14	0	0	0	9	0	0	0	26	0	31	55	94	90	260	154	750	19	0	21	21	0	35	23	0	28	36	55	0	140	98	24	0	38	8	0	0	0	2	0	0	0	26	0	28	52	65	0	152	127	24	0	38	2	0	0	0	1	0	0	0	8	0	0	0	2	0	0	0	26	0	28	55	65	0	152	146	47	36	65	11	0	0	60	9	18	0	32	7	0	0	21	13	27	0	0	14	0	0	0	9	0	0	0	26	0	31	55	94	90	260	154
629	619	40	9	54	609	25	0	0	40	9	54	25	0	0	0	104	9	54	314	599	25	0	0	25	0	0	25	0	0	0	70	0	0	257	40	9	54	9	0	0	0	1	0	0	0	25	0	0	0	104	9	54	314	589	23	0	0	25	0	0	25	0	0	0	70	0	0	185	25	0	0	7	0	0	0	1	0	0	0	25	0	0	0	70	0	0	257	40	9	54	3	0	0	0	12	18	0	0	9	0	0	0	1	0	0	0	25	0	0	0	104	9	54	314	579	22	0	0	23	0	0	23	0	0	0	64	0	0	143	25	0	0	7	0	0	0	1	0	0	0	25	0	0	0	70	0	0	185	25	0	0	2	0	0	0	1	0	0	0	7	0	0	0	1	0	0	0	25	0	0	0	70	0	0	257	40	9	54	7	0	0	0	10	9	0	0	3	0	0	0	12	18	0	0	9	0	0	0	1	0	0	0	25	0	0	0	104	9	54	314
854	840	51	60	39	826	23	40	0	51	60	39	22	40	0	0	120	154	78	204	812	23	40	0	23	40	0	22	40	0	0	59	120	0	168	51	60	39	9	0	0	0	1	0	0	0	22	40	0	0	120	154	78	204	798	21	40	0	23	40	0	22	40	0	0	59	120	0	127	23	40	0	7	0	0	0	1	0	0	0	22	40	0	0	59	120	0	168	51	60	39	3	0	0	0	18	16	0	0	9	0	0	0	1	0	0	0	22	40	0	0	120	154	78	204	784	20	40	0	21	40	0	20	40	0	0	53	120	0	98	23	40	0	7	0	0	0	1	0	0	0	22	40	0	0	59	120	0	127	23	40	0	2	0	0	0	1	0	0	0	7	0	0	0	1	0	0	0	22	40	0	0	59	120	0	168	51	60	39	7	0	0	0	19	8	0	0	3	0	0	0	18	16	0	0	9	0	0	0	1	0	0	0	22	40	0	0	120	154	78	204
740	728	47	46	11	716	16	20	0	47	46	11	13	10	0	0	75	137	55	78	704	16	20	0	16	20	0	13	10	0	0	42	60	0	75	47	46	11	17	0	0	0	14	0	0	0	13	10	0	0	75	137	55	78	692	12	20	0	16	20	0	13	10	0	0	42	60	0	57	16	20	0	6	0	0	0	3	0	0	0	13	10	0	0	42	60	0	75	47	46	11	7	0	0	0	12	20	0	0	17	0	0	0	14	0	0	0	13	10	0	0	75	137	55	78	680	10	15	0	12	20	0	10	10	0	0	28	60	0	31	16	20	0	6	0	0	0	3	0	0	0	13	10	0	0	42	60	0	57	16	20	0	2	0	0	0	0	0	0	0	6	0	0	0	3	0	0	0	13	10	0	0	42	60	0	75	47	46	11	6	25	0	0	5	10	0	0	7	0	0	0	12	20	0	0	17	0	0	0	14	0	0	0	13	10	0	0	75	137	55	78
990	974	35	28	110	958	19	0	72	35	28	110	14	0	27	60	50	0	220	212	942	19	0	69	19	0	72	14	0	27	55	50	0	144	98	35	28	110	17	0	0	45	15	0	0	0	14	0	27	60	50	0	220	212	926	14	0	69	19	0	69	14	0	27	55	50	0	138	98	19	0	72	6	0	0	45	3	0	0	0	14	0	27	55	50	0	144	98	35	28	110	7	0	11	0	3	0	0	0	17	0	0	45	15	0	0	0	14	0	27	60	50	0	220	212	910	11	0	69	14	0	69	11	0	27	55	34	0	138	94	19	0	69	6	0	0	45	3	0	0	0	14	0	27	55	50	0	138	98	19	0	72	2	0	10	0	0	0	0	0	6	0	0	45	3	0	0	0	14	0	27	55	50	0	144	98	35	28	110	6	0	5	0	0	0	0	0	7	0	11	0	3	0	0	0	17	0	0	45	15	0	0	0	14	0	27	60	50	0	220	212
1213	1193	58	110	83	1173	29	91	38	58	110	83	33	94	16	22	97	204	83	266	1153	25	84	37	29	91	38	25	88	16	21	75	195	38	98	58	110	83	21	98	24	11	18	14	0	0	33	94	16	22	97	204	83	266	1133	18	55	37	25	84	37	18	82	16	21	64	178	37	98	29	91	38	6	70	24	11	3	14	0	0	25	88	16	21	75	195	38	98	58	110	83	5	41	43	0	5	0	166	0	21	98	24	11	18	14	0	0	33	94	16	22	97	204	83	266	1113	14	40	37	18	55	37	16	54	16	21	45	97	37	94	25	84	37	5	66	24	11	3	13	0	0	18	82	16	21	64	178	37	98	29	91	38	1	28	42	0	0	0	76	0	6	70	24	11	3	14	0	0	25	88	16	21	75	195	38	98	58	110	83	4	26	26	0	4	0	83	0	5	41	43	0	5	0	166	0	21	98	24	11	18	14	0	0	33	94	16	22	97	204	83	266
1232	1212	48	89	94	1192	29	19	88	48	89	94	30	0	43	10	77	76	470	11	1172	20	14	88	29	19	88	22	0	43	10	70	76	440	0	48	89	94	20	70	31	0	16	75	0	0	30	0	43	10	77	76	470	11	1152	10	0	88	20	14	88	11	0	43	10	47	56	440	0	29	19	88	8	0	31	0	4	19	0	0	22	0	43	10	70	76	440	0	48	89	94	8	0	50	0	3	14	94	0	20	70	31	0	16	75	0	0	30	0	43	10	77	76	470	11	1132	6	0	88	10	0	88	7	0	43	10	23	0	440	0	20	14	88	7	0	31	0	3	14	0	0	11	0	43	10	47	56	440	0	29	19	88	3	0	49	0	0	0	88	0	8	0	31	0	4	19	0	0	22	0	43	10	70	76	440	0	48	89	94	6	0	13	0	0	0	0	0	8	0	50	0	3	14	94	0	20	70	31	0	16	75	0	0	30	0	43	10	77	76	470	11
852	838	43	64	22	824	20	34	8	43	64	22	24	23	16	0	68	118	88	76	810	13	29	8	20	34	8	16	22	16	0	48	112	32	38	43	64	22	18	39	16	0	15	39	0	0	24	23	16	0	68	118	88	76	796	6	18	8	13	29	8	7	18	16	0	31	94	32	38	20	34	8	5	11	16	0	4	11	0	0	16	22	16	0	48	112	32	38	43	64	22	3	28	24	0	3	7	22	0	18	39	16	0	15	39	0	0	24	23	16	0	68	118	88	76	782	4	7	8	6	18	8	5	7	16	0	13	50	32	35	13	29	8	5	7	16	0	3	7	0	0	7	18	16	0	31	94	32	38	20	34	8	2	0	24	0	0	0	8	0	5	11	16	0	4	11	0	0	16	22	16	0	48	112	32	38	43	64	22	2	28	5	0	0	0	22	0	3	28	24	0	3	7	22	0	18	39	16	0	15	39	0	0	24	23	16	0	68	118	88	76
617	607	30	21	26	597	18	0	0	30	21	26	13	0	0	0	45	0	78	173	587	15	0	0	18	0	0	13	0	0	0	45	0	0	98	30	21	26	17	0	0	0	12	21	0	0	13	0	0	0	45	0	78	173	577	10	0	0	15	0	0	10	0	0	0	37	0	0	98	18	0	0	6	0	0	0	4	0	0	0	13	0	0	0	45	0	0	98	30	21	26	7	0	0	0	2	7	0	0	17	0	0	0	12	21	0	0	13	0	0	0	45	0	78	173	567	7	0	0	10	0	0	7	0	0	0	22	0	0	94	15	0	0	6	0	0	0	3	0	0	0	10	0	0	0	37	0	0	98	18	0	0	2	0	0	0	0	0	0	0	6	0	0	0	4	0	0	0	13	0	0	0	45	0	0	98	30	21	26	6	0	5	0	0	0	0	0	7	0	0	0	2	7	0	0	17	0	0	0	12	21	0	0	13	0	0	0	45	0	78	173
723	711	20	35	39	699	9	32	8	20	35	39	12	24	22	24	42	75	0	142	687	2	8	8	9	32	8	2	24	16	24	25	72	0	96	20	35	39	1	0	54	0	3	8	117	0	12	24	22	24	42	75	0	142	675	1	0	8	2	8	8	1	0	16	24	6	8	0	96	9	32	8	1	0	24	0	3	8	24	0	2	24	16	24	25	72	0	96	20	35	39	0	0	7	0	0	0	39	0	1	0	54	0	3	8	117	0	12	24	22	24	42	75	0	142	663	0	0	8	1	0	8	0	0	16	24	2	0	0	96	2	8	8	0	0	24	0	0	0	24	0	1	0	16	24	6	8	0	96	9	32	8	0	0	0	0	0	0	8	0	1	0	24	0	3	8	24	0	2	24	16	24	25	72	0	96	20	35	39	0	0	7	0	0	0	0	0	0	0	7	0	0	0	39	0	1	0	54	0	3	8	117	0	12	24	22	24	42	75	0	142
547	538	14	8	42	529	11	8	16	14	8	42	11	0	22	40	36	8	0	116	520	3	0	16	11	8	16	5	0	16	40	30	8	0	96	14	8	42	1	0	54	0	4	0	42	0	11	0	22	40	36	8	0	116	511	1	0	16	3	0	16	1	0	16	40	7	0	0	96	11	8	16	1	0	24	0	4	0	16	0	5	0	16	40	30	8	0	96	14	8	42	0	0	7	0	0	0	0	0	1	0	54	0	4	0	42	0	11	0	22	40	36	8	0	116	502	0	0	16	1	0	16	0	0	16	40	2	0	0	96	3	0	16	0	0	24	0	0	0	16	0	1	0	16	40	7	0	0	96	11	8	16	0	0	0	0	0	0	0	0	1	0	24	0	4	0	16	0	5	0	16	40	30	8	0	96	14	8	42	0	0	7	0	0	0	0	0	0	0	7	0	0	0	0	0	1	0	54	0	4	0	42	0	11	0	22	40	36	8	0	116
671	660	15	0	78	649	15	0	19	15	0	78	11	0	0	38	37	0	0	335	638	7	0	19	15	0	19	11	0	0	38	37	0	0	206	15	0	78	6	0	47	0	4	0	0	0	11	0	0	38	37	0	0	335	627	4	0	19	7	0	19	5	0	0	38	14	0	0	202	15	0	19	6	0	0	0	4	0	0	0	11	0	0	38	37	0	0	206	15	0	78	2	0	20	0	0	0	0	0	6	0	47	0	4	0	0	0	11	0	0	38	37	0	0	335	616	1	0	19	4	0	19	2	0	0	38	8	0	0	202	7	0	19	1	0	0	0	0	0	0	0	5	0	0	38	14	0	0	202	15	0	19	2	0	0	0	0	0	0	0	6	0	0	0	4	0	0	0	11	0	0	38	37	0	0	206	15	0	78	0	0	33	0	0	0	0	0	2	0	20	0	0	0	0	0	6	0	47	0	4	0	0	0	11	0	0	38	37	0	0	335
488	480	9	0	42	472	9	0	0	9	0	42	5	0	0	0	24	0	0	252	464	3	0	0	9	0	0	5	0	0	0	24	0	0	168	9	0	42	1	0	21	0	3	0	0	0	5	0	0	0	24	0	0	252	456	1	0	0	3	0	0	1	0	0	0	7	0	0	165	9	0	0	1	0	0	0	3	0	0	0	5	0	0	0	24	0	0	168	9	0	42	0	0	7	0	0	0	0	0	1	0	21	0	3	0	0	0	5	0	0	0	24	0	0	252	448	0	0	0	1	0	0	0	0	0	0	2	0	0	165	3	0	0	0	0	0	0	0	0	0	0	1	0	0	0	7	0	0	165	9	0	0	0	0	0	0	0	0	0	0	1	0	0	0	3	0	0	0	5	0	0	0	24	0	0	168	9	0	42	0	0	7	0	0	0	0	0	0	0	7	0	0	0	0	0	1	0	21	0	3	0	0	0	5	0	0	0	24	0	0	252
305	300	6	0	14	295	6	0	0	6	0	14	3	0	0	0	14	0	0	94	290	1	0	0	6	0	0	3	0	0	0	14	0	0	88	6	0	14	0	0	14	0	2	0	0	0	3	0	0	0	14	0	0	94	285	0	0	0	1	0	0	0	0	0	0	1	0	0	88	6	0	0	0	0	0	0	2	0	0	0	3	0	0	0	14	0	0	88	6	0	14	0	0	0	0	0	0	0	0	0	0	14	0	2	0	0	0	3	0	0	0	14	0	0	94	280	0	0	0	0	0	0	0	0	0	0	0	0	0	88	1	0	0	0	0	0	0	0	0	0	0	0	0	0	0	1	0	0	88	6	0	0	0	0	0	0	0	0	0	0	0	0	0	0	2	0	0	0	3	0	0	0	14	0	0	88	6	0	14	0	0	0	0	0	0	0	0	0	0	0	0	0	0	0	0	0	0	14	0	2	0	0	0	3	0	0	0	14	0	0	94
597	587	25	21	31	577	2	0	29	25	21	31	2	0	57	22	47	42	93	0	567	1	0	23	2	0	29	1	0	51	16	4	0	87	0	25	21	31	1	0	10	47	2	0	0	0	2	0	57	22	47	42	93	0	557	0	0	23	1	0	23	0	0	39	16	3	0	69	0	2	0	29	0	0	10	47	0	0	0	0	1	0	51	16	4	0	87	0	25	21	31	0	0	10	0	0	0	0	0	1	0	10	47	2	0	0	0	2	0	57	22	47	42	93	0	547	0	0	23	0	0	23	0	0	39	16	0	0	69	0	1	0	23	0	0	8	47	0	0	0	0	0	0	39	16	3	0	69	0	2	0	29	0	0	10	0	0	0	0	0	0	0	10	47	0	0	0	0	1	0	51	16	4	0	87	0	25	21	31	0	0	0	0	0	0	0	0	0	0	10	0	0	0	0	0	1	0	10	47	2	0	0	0	2	0	57	22	47	42	93	0
418	411	19	10	13	404	0	0	11	19	10	13	0	0	39	22	39	15	26	0	397	0	0	8	0	0	11	0	0	33	16	0	0	22	0	19	10	13	0	0	0	24	2	0	0	0	0	0	39	22	39	15	26	0	390	0	0	8	0	0	8	0	0	24	16	0	0	16	0	0	0	11	0	0	0	24	0	0	0	0	0	0	33	16	0	0	22	0	19	10	13	0	0	0	0	0	0	0	0	0	0	0	24	2	0	0	0	0	0	39	22	39	15	26	0	383	0	0	8	0	0	8	0	0	24	16	0	0	16	0	0	0	8	0	0	0	24	0	0	0	0	0	0	24	16	0	0	16	0	0	0	11	0	0	0	0	0	0	0	0	0	0	0	24	0	0	0	0	0	0	33	16	0	0	22	0	19	10	13	0	0	0	0	0	0	0	0	0	0	0	0	0	0	0	0	0	0	0	24	2	0	0	0	0	0	39	22	39	15	26	0
239	235	11	3	0	231	0	0	0	11	3	0	0	0	0	0	23	3	0	0	227	0	0	0	0	0	0	0	0	0	0	0	0	0	0	11	3	0	0	0	0	0	1	0	0	0	0	0	0	0	23	3	0	0	223	0	0	0	0	0	0	0	0	0	0	0	0	0	0	0	0	0	0	0	0	0	0	0	0	0	0	0	0	0	0	0	0	0	11	3	0	0	0	0	0	0	0	0	0	0	0	0	0	1	0	0	0	0	0	0	0	23	3	0	0	219	0	0	0	0	0	0	0	0	0	0	0	0	0	0	0	0	0	0	0	0	0	0	0	0	0	0	0	0	0	0	0	0	0	0	0	0	0	0	0	0	0	0	0	0	0	0	0	0	0	0	0	0	0	0	0	0	0	0	0	0	11	3	0	0	0	0	0	0	0	0	0	0	0	0	0	0	0	0	0	0	0	0	0	1	0	0	0	0	0	0	0	23	3	0	0
535	526	24	20	0	517	1	0	0	24	20	0	4	0	0	0	38	52	0	0	508	0	0	0	1	0	0	0	0	0	0	3	0	0	0	24	20	0	0	0	0	0	0	4	0	0	4	0	0	0	38	52	0	0	499	0	0	0	0	0	0	0	0	0	0	0	0	0	0	1	0	0	0	0	0	0	0	0	0	0	0	0	0	0	3	0	0	0	24	20	0	0	0	0	0	0	0	0	0	0	0	0	0	0	4	0	0	4	0	0	0	38	52	0	0	490	0	0	0	0	0	0	0	0	0	0	0	0	0	0	0	0	0	0	0	0	0	0	0	0	0	0	0	0	0	0	0	0	0	1	0	0	0	0	0	0	0	0	0	0	0	0	0	0	0	0	0	0	0	0	0	0	3	0	0	0	24	20	0	0	0	0	0	0	0	0	0	0	0	0	0	0	0	0	0	0	0	0	0	0	4	0	0	4	0	0	0	38	52	0	0
416	409	19	12	0	402	0	0	0	19	12	0	0	0	0	0	31	27	0	0	395	0	0	0	0	0	0	0	0	0	0	0	0	0	0	19	12	0	0	0	0	0	1	0	0	0	0	0	0	0	31	27	0	0	388	0	0	0	0	0	0	0	0	0	0	0	0	0	0	0	0	0	0	0	0	0	0	0	0	0	0	0	0	0	0	0	0	0	19	12	0	0	0	0	0	0	0	0	0	0	0	0	0	1	0	0	0	0	0	0	0	31	27	0	0	381	0	0	0	0	0	0	0	0	0	0	0	0	0	0	0	0	0	0	0	0	0	0	0	0	0	0	0	0	0	0	0	0	0	0	0	0	0	0	0	0	0	0	0	0	0	0	0	0	0	0	0	0	0	0	0	0	0	0	0	0	19	12	0	0	0	0	0	0	0	0	0	0	0	0	0	0	0	0	0	0	0	0	0	1	0	0	0	0	0	0	0	31	27	0	0
883	868	20	26	82	853	5	0	59	20	26	82	9	0	25	44	34	26	164	44	838	1	0	56	5	0	59	2	0	24	40	12	0	118	40	20	26	82	1	0	39	35	0	0	0	0	9	0	25	44	34	26	164	44	823	0	0	34	1	0	56	0	0	23	31	1	0	112	31	5	0	59	0	0	38	16	0	0	0	0	2	0	24	40	12	0	118	40	20	26	82	0	0	14	80	0	0	0	83	1	0	39	35	0	0	0	0	9	0	25	44	34	26	164	44	808	0	0	33	0	0	34	0	0	8	31	0	0	68	31	1	0	56	0	0	36	16	0	0	0	0	0	0	23	31	1	0	112	31	5	0	59	0	0	14	77	0	0	0	38	0	0	38	16	0	0	0	0	2	0	24	40	12	0	118	40	20	26	82	0	0	0	10	0	0	0	0	0	0	14	80	0	0	0	83	1	0	39	35	0	0	0	0	9	0	25	44	34	26	164	44
766	753	15	12	53	740	1	0	29	15	12	53	4	0	8	26	22	12	53	44	727	0	0	11	1	0	29	0	0	8	22	3	0	29	40	15	12	53	0	0	0	22	0	0	0	81	4	0	8	26	22	12	53	44	714	0	0	8	0	0	11	0	0	0	16	0	0	11	31	1	0	29	0	0	0	16	0	0	0	24	0	0	8	22	3	0	29	40	15	12	53	0	0	0	24	0	0	0	0	0	0	0	22	0	0	0	81	4	0	8	26	22	12	53	44	701	0	0	8	0	0	8	0	0	0	16	0	0	8	31	0	0	11	0	0	0	16	0	0	0	24	0	0	0	16	0	0	11	31	1	0	29	0	0	0	24	0	0	0	0	0	0	0	16	0	0	0	24	0	0	8	22	3	0	29	40	15	12	53	0	0	0	0	0	0	0	0	0	0	0	24	0	0	0	0	0	0	0	22	0	0	0	81	4	0	8	26	22	12	53	44
879	864	26	54	71	849	4	10	65	26	54	71	5	40	33	26	46	112	284	0	834	1	0	45	4	10	65	2	0	33	22	8	30	260	0	26	54	71	1	0	39	133	0	0	71	39	5	40	33	26	46	112	284	0	819	0	0	8	1	0	45	0	0	20	16	1	0	180	0	4	10	65	0	0	39	16	0	0	65	8	2	0	33	22	8	30	260	0	26	54	71	0	0	14	24	0	0	0	199	1	0	39	133	0	0	71	39	5	40	33	26	46	112	284	0	804	0	0	8	0	0	8	0	0	0	16	0	0	32	0	1	0	45	0	0	33	16	0	0	45	8	0	0	20	16	1	0	180	0	4	10	65	0	0	14	24	0	0	0	134	0	0	39	16	0	0	65	8	2	0	33	22	8	30	260	0	26	54	71	0	0	0	0	0	0	0	0	0	0	14	24	0	0	0	199	1	0	39	133	0	0	71	39	5	40	33	26	46	112	284	0
587	577	15	21	15	567	1	0	8	15	21	15	4	0	8	0	24	21	45	0	557	0	0	0	1	0	8	0	0	8	0	3	0	24	0	15	21	15	0	0	0	0	0	0	0	39	4	0	8	0	24	21	45	0	547	0	0	0	0	0	0	0	0	0	0	0	0	0	0	1	0	8	0	0	0	0	0	0	0	8	0	0	8	0	3	0	24	0	15	21	15	0	0	0	0	0	0	0	0	0	0	0	0	0	0	0	39	4	0	8	0	24	21	45	0	537	0	0	0	0	0	0	0	0	0	0	0	0	0	0	0	0	0	0	0	0	0	0	0	0	8	0	0	0	0	0	0	0	0	1	0	8	0	0	0	0	0	0	0	0	0	0	0	0	0	0	0	8	0	0	8	0	3	0	24	0	15	21	15	0	0	0	0	0	0	0	0	0	0	0	0	0	0	0	0	0	0	0	0	0	0	0	39	4	0	8	0	24	21	45	0
587	577	14	21	14	567	1	0	0	14	21	14	4	0	0	0	23	21	42	31	557	0	0	0	1	0	0	0	0	0	0	3	0	0	29	14	21	14	0	0	0	0	0	0	0	0	4	0	0	0	23	21	42	31	547	0	0	0	0	0	0	0	0	0	0	0	0	0	23	1	0	0	0	0	0	0	0	0	0	0	0	0	0	0	3	0	0	29	14	21	14	0	0	0	0	0	0	0	0	0	0	0	0	0	0	0	0	4	0	0	0	23	21	42	31	537	0	0	0	0	0	0	0	0	0	0	0	0	0	23	0	0	0	0	0	0	0	0	0	0	0	0	0	0	0	0	0	0	23	1	0	0	0	0	0	0	0	0	0	0	0	0	0	0	0	0	0	0	0	0	0	0	3	0	0	29	14	21	14	0	0	0	0	0	0	0	0	0	0	0	0	0	0	0	0	0	0	0	0	0	0	0	0	4	0	0	0	23	21	42	31
753	740	24	12	91	727	4	0	39	24	12	91	8	0	82	39	60	36	91	235	714	0	0	38	4	0	39	0	0	67	38	9	0	39	161	24	12	91	0	0	58	10	0	0	0	0	8	0	82	39	60	36	91	235	701	0	0	37	0	0	38	0	0	66	36	0	0	38	112	4	0	39	0	0	56	10	0	0	0	0	0	0	67	38	9	0	39	161	24	12	91	0	0	0	13	0	0	0	0	0	0	58	10	0	0	0	0	8	0	82	39	60	36	91	235	688	0	0	21	0	0	37	0	0	64	8	0	0	37	50	0	0	38	0	0	56	8	0	0	0	0	0	0	66	36	0	0	38	112	4	0	39	0	0	0	0	0	0	0	0	0	0	56	10	0	0	0	0	0	0	67	38	9	0	39	161	24	12	91	0	0	0	29	1	0	0	83	0	0	0	13	0	0	0	0	0	0	58	10	0	0	0	0	8	0	82	39	60	36	91	235
634	623	24	28	32	612	3	0	21	24	28	32	1	0	32	11	54	70	128	71	601	3	0	21	3	0	21	1	0	21	11	5	0	84	65	24	28	32	0	0	0	0	1	0	0	0	1	0	32	11	54	70	128	71	590	3	0	17	3	0	21	1	0	21	7	5	0	84	45	3	0	21	0	0	0	0	1	0	0	0	1	0	21	11	5	0	84	65	24	28	32	0	0	0	28	0	0	0	0	0	0	0	0	1	0	0	0	1	0	32	11	54	70	128	71	579	3	0	5	3	0	17	1	0	17	0	5	0	68	8	3	0	21	0	0	0	0	1	0	0	0	1	0	21	7	5	0	84	45	3	0	21	0	0	0	0	0	0	0	0	0	0	0	0	1	0	0	0	1	0	21	11	5	0	84	65	24	28	32	0	0	0	25	0	0	0	22	0	0	0	28	0	0	0	0	0	0	0	0	1	0	0	0	1	0	32	11	54	70	128	71
521	512	14	8	35	503	1	0	8	14	8	35	0	0	10	24	37	8	35	100	494	1	0	8	1	0	8	0	0	0	24	2	0	8	73	14	8	35	0	0	0	0	1	0	0	0	0	0	10	24	37	8	35	100	485	1	0	0	1	0	8	0	0	0	0	2	0	8	45	1	0	8	0	0	0	0	1	0	0	0	0	0	0	24	2	0	8	73	14	8	35	0	0	0	0	0	0	0	39	0	0	0	0	1	0	0	0	0	0	10	24	37	8	35	100	476	1	0	0	1	0	0	0	0	0	0	2	0	0	8	1	0	8	0	0	0	0	1	0	0	0	0	0	0	0	2	0	8	45	1	0	8	0	0	0	0	0	0	0	8	0	0	0	0	1	0	0	0	0	0	0	24	2	0	8	73	14	8	35	0	0	0	0	0	0	0	0	0	0	0	0	0	0	0	39	0	0	0	0	1	0	0	0	0	0	10	24	37	8	35	100
521	512	15	8	37	503	0	0	0	15	8	37	0	0	10	0	38	24	37	182	494	0	0	0	0	0	0	0	0	0	0	0	0	0	132	15	8	37	0	0	0	0	0	0	0	0	0	0	10	0	38	24	37	182	485	0	0	0	0	0	0	0	0	0	0	0	0	0	101	0	0	0	0	0	0	0	0	0	0	0	0	0	0	0	0	0	0	132	15	8	37	0	0	0	0	0	0	0	0	0	0	0	0	0	0	0	0	0	0	10	0	38	24	37	182	476	0	0	0	0	0	0	0	0	0	0	0	0	0	42	0	0	0	0	0	0	0	0	0	0	0	0	0	0	0	0	0	0	101	0	0	0	0	0	0	0	0	0	0	0	0	0	0	0	0	0	0	0	0	0	0	0	0	0	0	132	15	8	37	0	0	0	0	0	0	0	0	0	0	0	0	0	0	0	0	0	0	0	0	0	0	0	0	0	0	10	0	38	24	37	182
517	508	27	20	0	499	5	0	0	27	20	0	2	0	0	0	60	60	0	0	490	5	0	0	5	0	0	2	0	0	0	8	0	0	0	27	20	0	0	0	0	0	1	0	0	0	2	0	0	0	60	60	0	0	481	5	0	0	5	0	0	2	0	0	0	8	0	0	0	5	0	0	0	0	0	0	1	0	0	0	2	0	0	0	8	0	0	0	27	20	0	0	0	0	0	0	0	0	0	0	0	0	0	1	0	0	0	2	0	0	0	60	60	0	0	472	5	0	0	5	0	0	2	0	0	0	8	0	0	0	5	0	0	0	0	0	0	1	0	0	0	2	0	0	0	8	0	0	0	5	0	0	0	0	0	0	0	0	0	0	0	0	0	0	1	0	0	0	2	0	0	0	8	0	0	0	27	20	0	0	0	0	0	1	0	0	0	0	0	0	0	0	0	0	0	0	0	0	0	1	0	0	0	2	0	0	0	60	60	0	0
796	782	29	24	92	768	6	0	77	29	24	92	2	0	97	52	60	36	184	32	754	6	0	74	6	0	77	2	0	93	49	9	0	154	21	29	24	92	0	0	0	39	1	0	0	0	2	0	97	52	60	36	184	32	740	6	0	74	6	0	74	2	0	91	49	9	0	148	21	6	0	77	0	0	0	39	1	0	0	0	2	0	93	49	9	0	154	21	29	24	92	0	0	0	0	3	0	0	0	0	0	0	39	1	0	0	0	2	0	97	52	60	36	184	32	726	6	0	69	6	0	74	2	0	91	44	9	0	148	17	6	0	74	0	0	0	33	1	0	0	0	2	0	91	49	9	0	148	21	6	0	77	0	0	0	0	0	0	0	0	0	0	0	39	1	0	0	0	2	0	93	49	9	0	154	21	29	24	92	0	0	0	41	10	0	0	0	0	0	0	0	3	0	0	0	0	0	0	39	1	0	0	0	2	0	97	52	60	36	184	32
852	837	36	36	90	822	14	0	52	36	36	90	11	0	62	82	81	72	270	160	807	14	0	39	14	0	52	11	0	58	39	33	0	156	60	36	36	90	8	0	0	39	4	0	0	71	11	0	62	82	81	72	270	160	792	14	0	38	14	0	39	11	0	56	38	33	0	117	59	14	0	52	8	0	0	38	4	0	0	65	11	0	58	39	33	0	156	60	36	36	90	6	0	0	10	8	0	0	0	8	0	0	39	4	0	0	71	11	0	62	82	81	72	270	160	777	14	0	37	14	0	38	11	0	56	37	33	0	114	54	14	0	39	8	0	0	36	4	0	0	45	11	0	56	38	33	0	117	59	14	0	52	6	0	0	10	3	0	0	0	8	0	0	38	4	0	0	65	11	0	58	39	33	0	156	60	36	36	90	6	0	0	13	17	0	0	0	6	0	0	10	8	0	0	0	8	0	0	39	4	0	0	71	11	0	62	82	81	72	270	160
833	818	51	67	40	803	16	26	36	51	67	40	18	13	94	0	120	160	200	0	788	14	26	36	16	26	36	10	13	94	0	40	39	180	0	51	67	40	8	0	32	0	5	0	0	0	18	13	94	0	120	160	200	0	773	14	26	36	14	26	36	10	13	94	0	36	39	180	0	16	26	36	8	0	32	0	4	0	0	0	10	13	94	0	40	39	180	0	51	67	40	11	0	0	0	26	0	0	0	8	0	32	0	5	0	0	0	18	13	94	0	120	160	200	0	758	13	26	36	14	26	36	10	13	94	0	36	39	180	0	14	26	36	8	0	32	0	4	0	0	0	10	13	94	0	36	39	180	0	16	26	36	6	0	0	0	4	0	0	0	8	0	32	0	4	0	0	0	10	13	94	0	40	39	180	0	51	67	40	6	0	0	0	34	8	0	0	11	0	0	0	26	0	0	0	8	0	32	0	5	0	0	0	18	13	94	0	120	160	200	0
505	496	22	15	19	487	5	8	0	22	15	19	4	0	0	0	46	23	19	67	478	4	8	0	5	8	0	2	0	0	0	8	16	0	29	22	15	19	0	0	0	0	0	8	0	0	4	0	0	0	46	23	19	67	469	4	8	0	4	8	0	2	0	0	0	6	16	0	29	5	8	0	0	0	0	0	0	8	0	0	2	0	0	0	8	16	0	29	22	15	19	0	0	0	0	1	0	0	0	0	0	0	0	0	8	0	0	4	0	0	0	46	23	19	67	460	4	8	0	4	8	0	2	0	0	0	6	16	0	17	4	8	0	0	0	0	0	0	8	0	0	2	0	0	0	6	16	0	29	5	8	0	0	0	0	0	0	0	0	0	0	0	0	0	0	8	0	0	2	0	0	0	8	16	0	29	22	15	19	0	0	0	0	4	0	0	0	0	0	0	0	1	0	0	0	0	0	0	0	0	8	0	0	4	0	0	0	46	23	19	67
665	653	37	45	11	641	13	20	0	37	45	11	10	10	0	0	81	92	44	32	629	13	20	0	13	20	0	10	10	0	0	31	30	0	21	37	45	11	8	0	0	0	4	0	0	0	10	10	0	0	81	92	44	32	617	13	20	0	13	20	0	10	10	0	0	31	30	0	21	13	20	0	8	0	0	0	4	0	0	0	10	10	0	0	31	30	0	21	37	45	11	6	0	0	0	13	0	0	0	8	0	0	0	4	0	0	0	10	10	0	0	81	92	44	32	605	13	20	0	13	20	0	10	10	0	0	31	30	0	17	13	20	0	8	0	0	0	4	0	0	0	10	10	0	0	31	30	0	21	13	20	0	6	0	0	0	3	0	0	0	8	0	0	0	4	0	0	0	10	10	0	0	31	30	0	21	37	45	11	6	0	0	0	21	0	0	0	6	0	0	0	13	0	0	0	8	0	0	0	4	0	0	0	10	10	0	0	81	92	44	32
831	816	71	59	66	801	34	14	55	71	59	66	35	0	94	46	189	205	330	40	786	33	14	54	34	14	55	30	0	92	44	96	70	275	36	71	59	66	45	0	0	14	24	9	0	0	35	0	94	46	189	205	330	40	771	24	9	54	33	14	54	26	0	92	44	93	70	270	36	34	14	55	10	0	0	14	3	0	0	0	30	0	92	44	96	70	275	36	71	59	66	27	45	0	0	39	81	0	0	45	0	0	14	24	9	0	0	35	0	94	46	189	205	330	40	756	17	0	54	24	9	54	17	0	92	44	64	45	270	36	33	14	54	9	0	0	14	3	0	0	0	26	0	92	44	93	70	270	36	34	14	55	10	0	0	0	10	0	0	0	10	0	0	14	3	0	0	0	30	0	92	44	96	70	275	36	71	59	66	13	0	0	0	41	68	66	0	27	45	0	0	39	81	0	0	45	0	0	14	24	9	0	0	35	0	94	46	189	205	330	40
895	879	41	15	138	863	21	0	85	41	15	138	17	0	70	115	99	15	138	252	847	21	0	83	21	0	85	17	0	68	111	52	0	85	165	41	15	138	10	0	0	30	7	0	0	0	17	0	70	115	99	15	138	252	831	20	0	81	21	0	83	17	0	68	107	52	0	83	149	21	0	85	9	0	0	28	4	0	0	0	17	0	68	111	52	0	85	165	41	15	138	14	0	0	28	29	15	0	0	10	0	0	30	7	0	0	0	17	0	70	115	99	15	138	252	815	16	0	81	20	0	81	14	0	68	107	47	0	81	148	21	0	83	9	0	0	28	4	0	0	0	17	0	68	107	52	0	83	149	21	0	85	6	0	0	28	5	0	0	0	9	0	0	28	4	0	0	0	17	0	68	111	52	0	85	165	41	15	138	7	0	0	0	33	45	0	0	14	0	0	28	29	15	0	0	10	0	0	30	7	0	0	0	17	0	70	115	99	15	138	252
884	868	62	59	73	852	33	15	55	62	59	73	25	0	84	46	161	125	292	51	836	33	15	55	33	15	55	25	0	82	46	93	15	220	36	62	59	73	24	0	0	0	19	0	0	0	25	0	84	46	161	125	292	51	820	28	15	55	33	15	55	25	0	82	46	93	15	220	36	33	15	55	9	0	0	0	3	0	0	0	25	0	82	46	93	15	220	36	62	59	73	22	0	0	0	37	55	0	0	24	0	0	0	19	0	0	0	25	0	84	46	161	125	292	51	804	22	15	55	28	15	55	20	0	82	46	75	15	220	36	33	15	55	9	0	0	0	3	0	0	0	25	0	82	46	93	15	220	36	33	15	55	10	0	0	0	9	0	0	0	9	0	0	0	3	0	0	0	25	0	82	46	93	15	220	36	62	59	73	13	0	0	0	41	55	0	0	22	0	0	0	37	55	0	0	24	0	0	0	19	0	0	0	25	0	84	46	161	125	292	51
720	707	45	32	72	694	26	12	31	45	32	72	23	0	34	46	118	42	144	233	681	26	12	30	26	12	31	23	0	32	44	75	12	62	165	45	32	72	12	0	0	14	8	0	0	0	23	0	34	46	118	42	144	233	668	24	12	30	26	12	30	23	0	32	44	75	12	60	149	26	12	31	9	0	0	14	3	0	0	0	23	0	32	44	75	12	62	165	45	32	72	22	0	0	0	29	20	0	0	12	0	0	14	8	0	0	0	23	0	34	46	118	42	144	233	655	18	12	30	24	12	30	18	0	32	44	65	12	60	148	26	12	30	9	0	0	14	3	0	0	0	23	0	32	44	75	12	60	149	26	12	31	10	0	0	0	9	0	0	0	9	0	0	14	3	0	0	0	23	0	32	44	75	12	62	165	45	32	72	13	0	0	0	32	50	0	0	22	0	0	0	29	20	0	0	12	0	0	14	8	0	0	0	23	0	34	46	118	42	144	233
952	934	77	124	26	916	35	94	0	77	124	26	32	106	0	0	200	348	78	141	898	32	86	0	35	94	0	23	96	0	0	109	284	0	88	77	124	26	18	92	0	0	22	36	0	0	32	106	0	0	200	348	78	141	880	27	80	0	32	86	0	20	90	0	0	101	260	0	75	35	94	0	4	80	0	0	4	30	0	0	23	96	0	0	109	284	0	88	77	124	26	28	60	0	0	55	46	0	0	18	92	0	0	22	36	0	0	32	106	0	0	200	348	78	141	862	19	74	0	27	80	0	14	90	0	0	80	240	0	74	32	86	0	4	80	0	0	4	30	0	0	20	90	0	0	101	260	0	75	35	94	0	7	60	0	0	14	30	0	0	4	80	0	0	4	30	0	0	23	96	0	0	109	284	0	88	77	124	26	14	42	0	0	51	60	0	0	28	60	0	0	55	46	0	0	18	92	0	0	22	36	0	0	32	106	0	0	200	348	78	141
1152	1131	72	54	167	1110	45	0	131	72	54	167	54	0	80	123	196	144	501	165	1089	39	0	130	45	0	131	35	0	80	119	131	0	393	110	72	54	167	46	0	0	16	21	90	0	0	54	0	80	123	196	144	501	165	1068	28	0	130	39	0	130	29	0	80	119	113	0	390	109	45	0	131	10	0	0	16	3	0	0	0	35	0	80	119	131	0	393	110	72	54	167	22	0	9	0	20	18	0	0	46	0	0	16	21	90	0	0	54	0	80	123	196	144	501	165	1047	20	0	130	28	0	130	20	0	80	119	78	0	390	109	39	0	130	9	0	0	16	3	0	0	0	29	0	80	119	113	0	390	109	45	0	131	10	0	0	0	13	0	0	0	10	0	0	16	3	0	0	0	35	0	80	119	131	0	393	110	72	54	167	9	0	14	0	18	0	0	0	22	0	9	0	20	18	0	0	46	0	0	16	21	90	0	0	54	0	80	123	196	144	501	165
977	959	74	89	83	941	39	45	59	73	89	83	52	0	48	48	179	252	332	139	923	32	33	59	38	45	59	29	0	48	48	105	120	236	110	73	89	83	30	132	0	0	21	66	0	0	52	0	48	48	179	252	332	139	905	23	0	59	31	33	59	22	0	48	48	85	88	236	109	38	45	59	2	0	0	0	4	0	0	0	29	0	48	48	105	120	236	110	73	89	83	21	0	9	0	25	22	249	0	30	132	0	0	21	66	0	0	52	0	48	48	179	252	332	139	887	16	0	59	22	0	59	13	0	48	48	57	0	236	109	31	33	59	1	0	0	0	4	0	0	0	22	0	48	48	85	88	236	109	38	45	59	4	0	0	0	12	0	177	0	2	0	0	0	4	0	0	0	29	0	48	48	105	120	236	110	73	89	83	9	0	0	0	25	15	0	0	21	0	9	0	25	22	249	0	30	132	0	0	21	66	0	0	52	0	48	48	179	252	332	139
914	897	69	78	88	880	41	61	29	69	78	88	42	75	0	104	189	178	88	375	863	38	59	28	41	61	29	35	72	0	100	127	157	29	226	69	78	88	53	23	0	16	29	22	0	0	42	75	0	104	189	178	88	375	846	26	45	28	38	59	28	29	69	0	100	117	151	28	222	41	61	29	13	12	0	16	6	0	0	0	35	72	0	100	127	157	29	226	69	78	88	27	33	9	0	24	37	88	0	53	23	0	16	29	22	0	0	42	75	0	104	189	178	88	375	829	18	11	28	26	45	28	21	33	0	100	77	89	28	220	38	59	28	12	11	0	16	6	0	0	0	29	69	0	100	117	151	28	222	41	61	29	11	0	0	0	13	24	29	0	13	12	0	16	6	0	0	0	35	72	0	100	127	157	29	226	69	78	88	10	11	14	0	20	38	264	0	27	33	9	0	24	37	88	0	53	23	0	16	29	22	0	0	42	75	0	104	189	178	88	375
947	929	95	113	45	911	52	89	7	95	113	45	47	78	0	7	262	389	90	237	893	49	87	7	52	89	7	40	78	0	7	158	334	14	141	95	113	45	64	18	0	0	42	18	0	0	47	78	0	7	262	389	90	237	875	35	70	7	49	87	7	34	74	0	7	148	324	14	139	52	89	7	17	0	0	0	10	0	0	0	40	78	0	7	158	334	14	141	95	113	45	28	84	9	0	42	65	45	0	64	18	0	0	42	18	0	0	47	78	0	7	262	389	90	237	857	25	46	7	35	70	7	25	48	0	7	101	251	14	139	49	87	7	16	0	0	0	10	0	0	0	34	74	0	7	148	324	14	139	52	89	7	8	44	0	0	13	50	7	0	17	0	0	0	10	0	0	0	40	78	0	7	158	334	14	141	95	113	45	9	70	14	0	31	49	90	0	28	84	9	0	42	65	45	0	64	18	0	0	42	18	0	0	47	78	0	7	262	389	90	237
857	841	89	94	9	825	48	56	0	84	94	9	49	109	0	0	200	246	45	66	809	42	30	0	43	56	0	31	60	0	0	123	136	0	55	84	94	9	26	110	0	0	25	30	9	0	49	109	0	0	200	246	45	66	793	33	5	0	37	30	0	28	20	0	0	106	65	0	54	43	56	0	5	5	0	0	10	0	0	0	31	60	0	0	123	136	0	55	84	94	9	19	25	9	0	27	25	36	0	26	110	0	0	25	30	9	0	49	109	0	0	200	246	45	66	777	25	0	0	28	5	0	21	0	0	0	76	5	0	54	37	30	0	5	0	0	0	10	0	0	0	28	20	0	0	106	65	0	54	43	56	0	5	0	0	0	13	11	0	0	5	5	0	0	10	0	0	0	31	60	0	0	123	136	0	55	84	94	9	11	0	0	0	26	41	9	0	19	25	9	0	27	25	36	0	26	110	0	0	25	30	9	0	49	109	0	0	200	246	45	66
752	738	59	40	63	724	39	0	54	48	40	63	48	0	5	46	104	70	252	9	710	29	0	54	28	0	54	26	0	0	46	68	0	216	0	44	40	63	6	0	20	0	4	0	0	0	36	0	5	46	94	70	252	9	696	26	0	54	18	0	54	19	0	0	46	40	0	216	0	24	0	54	0	0	0	0	4	0	0	0	14	0	0	46	58	0	216	0	44	40	63	0	0	5	0	6	0	0	0	6	0	20	0	4	0	0	0	36	0	5	46	94	70	252	9	682	26	0	54	15	0	54	19	0	0	46	37	0	216	0	14	0	54	0	0	0	0	4	0	0	0	7	0	0	46	30	0	216	0	24	0	54	0	0	0	0	6	0	0	0	0	0	0	0	4	0	0	0	14	0	0	46	58	0	216	0	44	40	63	2	0	0	0	9	0	0	0	0	0	5	0	6	0	0	0	6	0	20	0	4	0	0	0	36	0	5	46	94	70	252	9
888	871	76	89	68	854	42	73	12	75	89	68	49	70	5	24	180	236	68	392	837	29	52	12	41	73	12	29	48	0	24	114	221	12	226	75	89	68	19	10	73	0	16	0	136	0	49	70	5	24	180	236	68	392	820	19	42	12	28	52	12	19	28	0	24	75	150	12	224	41	73	12	5	0	0	0	7	0	24	0	29	48	0	24	114	221	12	226	75	89	68	12	0	56	0	19	41	68	0	19	10	73	0	16	0	136	0	49	70	5	24	180	236	68	392	803	15	40	12	18	42	12	14	28	0	24	49	140	12	224	28	52	12	4	0	0	0	7	0	24	0	19	28	0	24	75	150	12	224	41	73	12	5	0	0	0	11	39	12	0	5	0	0	0	7	0	24	0	29	48	0	24	114	221	12	226	75	89	68	8	26	11	0	21	37	0	0	12	0	56	0	19	41	68	0	19	10	73	0	16	0	136	0	49	70	5	24	180	236	68	392
753	739	59	33	82	725	42	0	34	51	33	82	47	0	5	58	124	33	246	304	711	28	0	34	34	0	34	25	0	0	58	94	0	102	197	49	33	82	6	0	62	0	4	0	0	0	41	0	5	58	119	33	246	304	697	23	0	34	20	0	34	16	0	0	58	53	0	102	196	32	0	34	0	0	0	0	4	0	0	0	19	0	0	58	89	0	102	197	49	33	82	4	0	23	0	10	0	0	0	6	0	62	0	4	0	0	0	41	0	5	58	119	33	246	304	683	23	0	34	15	0	34	16	0	0	58	45	0	102	196	18	0	34	0	0	0	0	4	0	0	0	10	0	0	58	48	0	102	196	32	0	34	4	0	0	0	10	0	0	0	0	0	0	0	4	0	0	0	19	0	0	58	89	0	102	197	49	33	82	8	0	0	0	14	0	0	0	4	0	23	0	10	0	0	0	6	0	62	0	4	0	0	0	41	0	5	58	119	33	246	304
746	732	70	61	34	718	42	21	0	58	61	34	36	84	5	0	126	137	136	259	704	32	0	0	30	21	0	26	0	0	0	73	56	0	190	54	61	34	6	0	53	0	4	0	102	0	24	84	5	0	116	137	136	259	690	29	0	0	20	0	0	19	0	0	0	45	0	0	189	26	21	0	0	0	0	0	4	0	0	0	14	0	0	0	63	56	0	190	54	61	34	5	0	5	0	13	0	0	0	6	0	53	0	4	0	102	0	24	84	5	0	116	137	136	259	676	28	0	0	17	0	0	19	0	0	0	42	0	0	189	16	0	0	0	0	0	0	4	0	0	0	7	0	0	0	35	0	0	189	26	21	0	0	0	0	0	6	0	0	0	0	0	0	0	4	0	0	0	14	0	0	0	63	56	0	190	54	61	34	2	0	0	0	17	11	0	0	5	0	5	0	13	0	0	0	6	0	53	0	4	0	102	0	24	84	5	0	116	137	136	259
868	851	84	109	16	834	50	76	0	73	109	16	62	82	5	0	156	205	64	92	817	34	66	0	39	76	0	31	54	0	0	104	154	0	59	68	109	16	8	24	53	0	3	48	16	0	50	82	5	0	143	205	64	92	800	30	60	0	23	66	0	24	48	0	0	60	138	0	59	34	76	0	4	0	0	0	3	48	0	0	19	54	0	0	91	154	0	59	68	109	16	4	0	5	0	9	23	16	0	8	24	53	0	3	48	16	0	50	82	5	0	143	205	64	92	783	28	60	0	19	60	0	22	48	0	0	52	132	0	59	18	66	0	4	0	0	0	3	48	0	0	12	48	0	0	47	138	0	59	34	76	0	2	0	0	0	7	22	0	0	4	0	0	0	3	48	0	0	19	54	0	0	91	154	0	59	68	109	16	6	0	0	0	15	22	0	0	4	0	5	0	9	23	16	0	8	24	53	0	3	48	16	0	50	82	5	0	143	205	64	92
637	621	52	75	44	609	29	48	5	42	27	44	24	0	67	25	91	54	132	195	597	27	48	0	19	0	5	19	0	20	0	36	0	15	88	38	27	44	0	0	16	0	7	0	0	9	12	0	67	25	81	54	132	195	585	27	48	0	17	0	0	19	0	0	0	34	0	0	88	15	0	5	0	0	5	0	7	0	0	0	7	0	20	0	26	0	15	88	38	27	44	0	0	0	0	8	0	0	0	0	0	16	0	7	0	0	9	12	0	67	25	81	54	132	195	573	27	48	0	17	0	0	19	0	0	0	34	0	0	88	13	0	0	0	0	0	0	7	0	0	0	7	0	0	0	24	0	0	88	15	0	5	0	0	0	0	3	0	0	0	0	0	5	0	7	0	0	0	7	0	20	0	26	0	15	88	38	27	44	0	0	0	0	13	0	0	0	0	0	0	0	8	0	0	0	0	0	16	0	7	0	0	9	12	0	67	25	81	54	132	195
425	416	40	8	44	408	27	8	0	30	0	44	22	0	47	0	72	0	0	263	400	25	8	0	17	0	0	19	0	0	0	39	0	0	100	26	0	44	0	0	16	0	4	0	0	0	10	0	47	0	62	0	0	263	392	25	8	0	15	0	0	19	0	0	0	37	0	0	100	13	0	0	0	0	0	0	4	0	0	0	7	0	0	0	29	0	0	100	26	0	44	0	0	0	0	5	0	0	0	0	0	16	0	4	0	0	0	10	0	47	0	62	0	0	263	384	25	8	0	15	0	0	19	0	0	0	37	0	0	100	11	0	0	0	0	0	0	4	0	0	0	7	0	0	0	27	0	0	100	13	0	0	0	0	0	0	5	0	0	0	0	0	0	0	4	0	0	0	7	0	0	0	29	0	0	100	26	0	44	2	0	0	0	6	0	0	0	0	0	0	0	5	0	0	0	0	0	16	0	4	0	0	0	10	0	47	0	62	0	0	263
477	463	45	59	34	452	21	53	0	30	26	34	12	54	27	0	64	69	0	195	443	20	53	0	11	26	0	11	54	0	0	20	69	0	88	28	8	34	0	0	6	0	4	0	0	0	6	0	27	0	59	24	0	195	434	20	53	0	10	26	0	11	54	0	0	19	69	0	88	9	8	0	0	0	0	0	4	0	0	0	5	0	0	0	15	24	0	88	28	8	34	0	0	0	0	2	0	0	0	0	0	6	0	4	0	0	0	6	0	27	0	59	24	0	195	425	20	53	0	10	26	0	11	54	0	0	19	69	0	88	8	8	0	0	0	0	0	4	0	0	0	5	0	0	0	14	24	0	88	9	8	0	0	0	0	0	2	0	0	0	0	0	0	0	4	0	0	0	5	0	0	0	15	24	0	88	28	8	34	0	0	0	0	4	0	0	0	0	0	0	0	2	0	0	0	0	0	6	0	4	0	0	0	6	0	27	0	59	24	0	195
677	659	56	122	23	644	26	87	0	40	77	23	13	89	27	0	82	168	92	113	631	25	87	0	15	48	0	12	89	0	0	30	98	0	54	37	51	23	0	0	6	0	7	0	0	0	7	11	27	0	74	103	92	113	618	25	87	0	14	48	0	12	89	0	0	29	98	0	54	12	22	0	0	0	0	0	7	0	0	0	6	11	0	0	22	33	0	54	37	51	23	0	0	0	0	10	0	0	0	0	0	6	0	7	0	0	0	7	11	27	0	74	103	92	113	605	25	87	0	14	48	0	12	89	0	0	29	98	0	54	11	22	0	0	0	0	0	7	0	0	0	6	11	0	0	21	33	0	54	12	22	0	0	0	0	0	2	0	0	0	0	0	0	0	7	0	0	0	6	11	0	0	22	33	0	54	37	51	23	0	0	0	0	12	0	0	0	0	0	0	0	10	0	0	0	0	0	6	0	7	0	0	0	7	11	27	0	74	103	92	113
466	455	46	41	0	446	24	26	0	35	23	0	15	0	0	0	78	45	0	0	437	24	26	0	13	8	0	15	0	0	0	31	0	0	0	30	23	0	0	0	0	0	3	0	0	0	3	0	0	0	65	45	0	0	428	24	26	0	13	8	0	15	0	0	0	31	0	0	0	8	8	0	0	0	0	0	3	0	0	0	3	0	0	0	18	0	0	0	30	23	0	5	0	0	0	12	0	0	0	0	0	0	0	3	0	0	0	3	0	0	0	65	45	0	0	419	23	26	0	13	8	0	15	0	0	0	31	0	0	0	8	8	0	0	0	0	0	3	0	0	0	3	0	0	0	18	0	0	0	8	8	0	0	0	0	0	0	0	0	0	0	0	0	0	3	0	0	0	3	0	0	0	18	0	0	0	30	23	0	0	0	0	0	12	3	0	0	5	0	0	0	12	0	0	0	0	0	0	0	3	0	0	0	3	0	0	0	65	45	0	0
927	909	68	77	88	891	33	17	79	65	77	88	22	0	80	48	161	241	440	0	873	32	17	50	30	17	79	19	0	78	5	100	85	395	0	65	77	88	18	0	12	98	19	0	0	102	22	0	80	48	161	241	440	0	855	28	12	9	29	17	50	19	0	56	0	99	85	250	0	30	17	79	7	0	12	0	11	0	0	12	19	0	78	5	100	85	395	0	65	77	88	18	60	0	45	36	48	0	225	18	0	12	98	19	0	0	102	22	0	80	48	161	241	440	0	837	22	0	0	25	12	9	16	0	0	0	79	60	45	0	29	17	50	7	0	11	0	11	0	0	12	19	0	56	0	99	85	250	0	30	17	79	3	0	0	0	10	0	0	95	7	0	12	0	11	0	0	12	19	0	78	5	100	85	395	0	65	77	88	14	0	22	0	30	53	88	66	18	60	0	45	36	48	0	225	18	0	12	98	19	0	0	102	22	0	80	48	161	241	440	0
572	560	41	21	56	549	25	11	32	32	10	56	17	0	11	38	70	10	56	67	538	25	11	16	16	0	32	17	0	10	5	39	0	32	5	30	10	56	5	0	0	69	6	0	0	34	11	0	11	38	65	10	56	67	527	24	11	0	16	0	16	17	0	5	0	39	0	16	0	14	0	32	4	0	0	0	6	0	0	0	11	0	10	5	34	0	32	5	30	10	56	8	0	0	0	14	10	0	92	5	0	0	69	6	0	0	34	11	0	11	38	65	10	56	67	516	21	11	0	15	0	0	15	0	0	0	34	0	0	0	14	0	16	4	0	0	0	6	0	0	0	11	0	5	0	34	0	16	0	14	0	32	1	0	0	0	2	0	0	59	4	0	0	0	6	0	0	0	11	0	10	5	34	0	32	5	30	10	56	2	0	0	0	13	20	0	0	8	0	0	0	14	10	0	92	5	0	0	69	6	0	0	34	11	0	11	38	65	10	56	67
771	756	56	38	77	741	37	14	48	46	38	77	23	0	32	72	109	36	154	67	726	37	14	16	27	14	48	23	0	26	5	77	0	96	5	43	38	77	9	0	0	69	13	0	0	118	17	0	32	72	101	36	154	67	711	35	14	0	27	14	16	23	0	5	0	77	0	32	0	24	14	48	6	0	0	0	13	0	0	12	17	0	26	5	69	0	96	5	43	38	77	8	0	0	0	18	24	0	92	9	0	0	69	13	0	0	118	17	0	32	72	101	36	154	67	696	32	14	0	25	14	0	21	0	0	0	67	0	0	0	24	14	16	6	0	0	0	13	0	0	12	17	0	5	0	69	0	32	0	24	14	48	1	0	0	0	5	0	0	59	6	0	0	0	13	0	0	12	17	0	26	5	69	0	96	5	43	38	77	7	0	0	0	18	24	0	0	8	0	0	0	18	24	0	92	9	0	0	69	13	0	0	118	17	0	32	72	101	36	154	67
705	691	55	59	30	677	30	33	10	45	59	30	27	22	11	10	99	120	90	67	663	27	33	5	20	33	10	15	22	10	5	57	77	30	5	42	59	30	9	0	0	25	6	33	0	0	21	22	11	10	91	120	90	67	649	25	33	0	17	33	5	15	22	5	0	49	77	15	0	17	33	10	6	0	0	0	6	33	0	0	9	22	10	5	49	77	30	5	42	59	30	8	0	0	0	13	16	0	9	9	0	0	25	6	33	0	0	21	22	11	10	91	120	90	67	635	22	33	0	15	33	0	13	22	0	0	39	77	0	0	14	33	5	6	0	0	0	6	33	0	0	9	22	5	0	41	77	15	0	17	33	10	1	0	0	0	2	0	0	0	6	0	0	0	6	33	0	0	9	22	10	5	49	77	30	5	42	59	30	5	0	0	0	14	16	0	0	8	0	0	0	13	16	0	9	9	0	0	25	6	33	0	0	21	22	11	10	91	120	90	67
516	506	46	24	10	496	26	0	0	40	24	10	17	0	0	0	88	54	40	23	486	26	0	0	20	0	0	17	0	0	0	58	0	0	0	38	24	10	13	0	0	0	13	0	0	0	11	0	0	0	83	54	40	23	476	23	0	0	20	0	0	17	0	0	0	58	0	0	0	18	0	0	6	0	0	0	9	0	0	0	11	0	0	0	53	0	0	0	38	24	10	8	0	0	0	12	18	0	0	13	0	0	0	13	0	0	0	11	0	0	0	83	54	40	23	466	20	0	0	17	0	0	15	0	0	0	43	0	0	0	18	0	0	6	0	0	0	9	0	0	0	11	0	0	0	53	0	0	0	18	0	0	1	0	0	0	2	0	0	0	6	0	0	0	9	0	0	0	11	0	0	0	53	0	0	0	38	24	10	5	0	0	0	13	12	0	0	8	0	0	0	12	18	0	0	13	0	0	0	13	0	0	0	11	0	0	0	83	54	40	23
707	693	53	49	53	679	30	13	33	53	49	53	34	0	33	23	144	119	212	98	665	25	9	33	30	13	33	21	0	32	23	105	65	132	79	53	49	53	23	36	10	0	15	36	0	0	34	0	33	23	144	119	212	98	651	15	0	30	25	9	33	15	0	32	20	93	45	132	50	30	13	33	7	0	10	0	8	0	0	0	21	0	32	23	105	65	132	79	53	49	53	14	0	66	29	23	9	53	0	23	36	10	0	15	36	0	0	34	0	33	23	144	119	212	98	637	9	0	7	15	0	30	8	0	31	0	53	0	120	9	25	9	33	7	0	10	0	8	0	0	0	15	0	32	20	93	45	132	50	30	13	33	3	0	52	0	11	0	33	0	7	0	10	0	8	0	0	0	21	0	32	23	105	65	132	79	53	49	53	8	0	24	21	19	13	0	133	14	0	66	29	23	9	53	0	23	36	10	0	15	36	0	0	34	0	33	23	144	119	212	98
732	717	64	83	22	702	29	56	10	64	83	22	39	34	20	0	167	247	88	88	687	24	52	10	29	56	10	26	34	20	0	96	204	40	79	64	83	22	29	24	10	0	18	24	0	0	39	34	20	0	167	247	88	88	672	13	40	10	24	52	10	20	30	20	0	84	184	40	50	29	56	10	10	0	10	0	8	0	0	0	26	34	20	0	96	204	40	79	64	83	22	11	46	42	0	26	39	22	0	29	24	10	0	18	24	0	0	39	34	20	0	167	247	88	88	657	7	31	7	13	40	10	9	22	20	0	42	141	40	9	24	52	10	10	0	10	0	8	0	0	0	20	30	20	0	84	184	40	50	29	56	10	1	20	30	0	7	30	10	0	10	0	10	0	8	0	0	0	26	34	20	0	96	204	40	79	64	83	22	6	31	0	21	35	43	22	0	11	46	42	0	26	39	22	0	29	24	10	0	18	24	0	0	39	34	20	0	167	247	88	88
1043	1022	68	117	112	1001	36	95	55	67	117	112	27	130	13	99	176	313	112	261	980	33	90	49	35	95	55	15	122	12	89	116	292	55	169	66	117	112	21	76	0	44	29	54	0	0	27	130	13	99	173	313	112	261	959	25	73	25	32	90	49	15	118	12	40	108	280	49	87	34	95	55	3	60	0	5	12	48	0	0	15	122	12	89	113	292	55	169	66	117	112	11	43	36	54	23	32	112	84	21	76	0	44	29	54	0	0	27	130	13	99	173	313	112	261	938	19	43	0	24	73	25	10	86	11	0	72	203	25	9	31	90	49	3	58	0	0	12	45	0	0	15	118	12	40	105	280	49	87	34	95	55	2	15	22	0	9	30	55	12	3	60	0	5	12	48	0	0	15	122	12	89	113	292	55	169	66	117	112	6	28	50	0	14	15	224	142	11	43	36	54	23	32	112	84	21	76	0	44	29	54	0	0	27	130	13	99	173	313	112	261
508	498	32	16	39	488	19	0	12	32	16	39	13	0	13	12	84	8	78	128	478	19	0	12	19	0	12	13	0	12	12	68	0	24	89	32	16	39	17	0	0	0	17	0	0	0	13	0	13	12	84	8	78	128	468	14	0	11	19	0	12	13	0	12	11	68	0	24	55	19	0	12	6	0	0	0	9	0	0	0	13	0	12	12	68	0	24	89	32	16	39	9	0	12	11	7	0	0	0	17	0	0	0	17	0	0	0	13	0	13	12	84	8	78	128	458	11	0	0	14	0	11	10	0	11	0	43	0	22	9	19	0	12	6	0	0	0	9	0	0	0	13	0	12	11	68	0	24	55	19	0	12	3	0	0	0	5	0	0	0	6	0	0	0	9	0	0	0	13	0	12	12	68	0	24	89	32	16	39	8	0	0	0	8	0	0	88	9	0	12	11	7	0	0	0	17	0	0	0	17	0	0	0	13	0	13	12	84	8	78	128
646	633	48	49	38	620	22	33	0	48	49	38	25	0	0	0	124	162	76	205	607	19	29	0	22	33	0	13	0	0	0	72	154	0	137	48	49	38	14	37	0	0	16	33	0	0	25	0	0	0	124	162	76	205	594	15	21	0	19	29	0	13	0	0	0	64	135	0	71	22	33	0	5	21	0	0	8	33	0	0	13	0	0	0	72	154	0	137	48	49	38	14	0	12	0	22	0	38	0	14	37	0	0	16	33	0	0	25	0	0	0	124	162	76	205	581	11	18	0	15	21	0	10	0	0	0	44	95	0	9	19	29	0	5	18	0	0	8	30	0	0	13	0	0	0	64	135	0	71	22	33	0	3	0	0	0	6	0	0	0	5	21	0	0	8	33	0	0	13	0	0	0	72	154	0	137	48	49	38	5	26	0	0	22	10	0	0	14	0	12	0	22	0	38	0	14	37	0	0	16	33	0	0	25	0	0	0	124	162	76	205
396	388	18	17	8	380	7	5	8	18	17	8	15	10	0	0	35	29	16	0	372	3	0	8	7	5	8	4	0	0	0	16	10	16	0	18	17	8	3	0	0	0	0	0	8	0	15	10	0	0	35	29	16	0	364	2	0	8	3	0	8	1	0	0	0	6	0	16	0	7	5	8	0	0	0	0	0	0	8	0	4	0	0	0	16	10	16	0	18	17	8	0	0	0	0	7	0	0	0	3	0	0	0	0	0	8	0	15	10	0	0	35	29	16	0	356	2	0	8	2	0	8	1	0	0	0	5	0	16	0	3	0	8	0	0	0	0	0	0	8	0	1	0	0	0	6	0	16	0	7	5	8	0	0	0	0	3	0	0	0	0	0	0	0	0	0	8	0	4	0	0	0	16	10	16	0	18	17	8	2	0	0	0	10	0	0	0	0	0	0	0	7	0	0	0	3	0	0	0	0	0	8	0	15	10	0	0	35	29	16	0
649	636	29	12	81	623	18	0	45	29	12	81	22	0	22	59	79	24	81	152	610	7	0	44	18	0	45	6	0	20	56	60	0	45	55	29	12	81	5	0	59	12	3	0	0	0	22	0	22	59	79	24	81	152	597	5	0	44	7	0	44	2	0	20	56	23	0	44	55	18	0	45	2	0	30	12	3	0	0	0	6	0	20	56	60	0	45	55	29	12	81	2	0	6	0	6	0	0	0	5	0	59	12	3	0	0	0	22	0	22	59	79	24	81	152	584	4	0	43	5	0	44	2	0	20	53	21	0	44	51	7	0	44	1	0	30	11	3	0	0	0	2	0	20	56	23	0	44	55	18	0	45	2	0	0	0	6	0	0	0	2	0	30	12	3	0	0	0	6	0	20	56	60	0	45	55	29	12	81	4	0	8	11	11	0	0	0	2	0	6	0	6	0	0	0	5	0	59	12	3	0	0	0	22	0	22	59	79	24	81	152
688	674	43	64	27	660	22	31	10	43	64	27	23	93	12	20	113	135	81	75	646	15	7	10	22	31	10	16	21	10	20	72	66	30	43	43	64	27	7	21	51	0	3	0	81	0	23	93	12	20	113	135	81	75	632	11	0	10	15	7	10	15	0	10	20	48	7	30	43	22	31	10	4	0	30	0	2	0	30	0	16	21	10	20	72	66	30	43	43	64	27	10	0	6	0	23	39	27	0	7	21	51	0	3	0	81	0	23	93	12	20	113	135	81	75	618	7	0	10	11	0	10	6	0	10	20	36	0	30	40	15	7	10	4	0	30	0	2	0	30	0	15	0	10	20	48	7	30	43	22	31	10	2	0	0	0	5	30	10	0	4	0	30	0	2	0	30	0	16	21	10	20	72	66	30	43	43	64	27	6	0	0	0	26	49	0	0	10	0	6	0	23	39	27	0	7	21	51	0	3	0	81	0	23	93	12	20	113	135	81	75
450	441	29	0	45	432	21	0	0	29	0	45	27	0	0	0	83	0	0	264	423	12	0	0	21	0	0	14	0	0	0	69	0	0	110	29	0	45	9	0	37	0	6	0	0	0	27	0	0	0	83	0	0	264	414	8	0	0	12	0	0	8	0	0	0	37	0	0	104	21	0	0	6	0	0	0	6	0	0	0	14	0	0	0	69	0	0	110	29	0	45	3	0	34	0	8	0	0	0	9	0	37	0	6	0	0	0	27	0	0	0	83	0	0	264	405	5	0	0	8	0	0	4	0	0	0	28	0	0	76	12	0	0	3	0	0	0	6	0	0	0	8	0	0	0	37	0	0	104	21	0	0	3	0	0	0	8	0	0	0	6	0	0	0	6	0	0	0	14	0	0	0	69	0	0	110	29	0	45	4	0	36	0	11	0	0	0	3	0	34	0	8	0	0	0	9	0	37	0	6	0	0	0	27	0	0	0	83	0	0	264
446	437	24	20	15	428	13	6	0	24	20	15	18	12	0	0	58	34	30	75	419	7	0	0	13	6	0	7	0	0	0	39	12	0	43	24	20	15	3	0	15	0	0	0	15	0	18	12	0	0	58	34	30	75	410	5	0	0	7	0	0	3	0	0	0	19	0	0	43	13	6	0	0	0	0	0	0	0	0	0	7	0	0	0	39	12	0	43	24	20	15	2	0	6	0	10	0	0	0	3	0	15	0	0	0	15	0	18	12	0	0	58	34	30	75	401	5	0	0	5	0	0	3	0	0	0	17	0	0	40	7	0	0	0	0	0	0	0	0	0	0	3	0	0	0	19	0	0	43	13	6	0	2	0	0	0	6	0	0	0	0	0	0	0	0	0	0	0	7	0	0	0	39	12	0	43	24	20	15	5	0	0	0	15	0	0	0	2	0	6	0	10	0	0	0	3	0	15	0	0	0	15	0	18	12	0	0	58	34	30	75
586	574	25	20	68	562	5	0	35	25	20	68	5	0	87	34	53	30	136	131	550	4	0	33	5	0	35	2	0	49	30	8	0	70	63	25	20	68	0	0	7	20	0	0	0	0	5	0	87	34	53	30	136	131	538	4	0	33	4	0	33	2	0	43	30	7	0	66	62	5	0	35	0	0	0	20	0	0	0	0	2	0	49	30	8	0	70	63	25	20	68	0	0	0	0	10	0	0	0	0	0	7	20	0	0	0	0	5	0	87	34	53	30	136	131	526	4	0	33	4	0	33	2	0	43	30	7	0	66	62	4	0	33	0	0	0	20	0	0	0	0	2	0	43	30	7	0	66	62	5	0	35	0	0	0	0	3	0	0	0	0	0	0	20	0	0	0	0	2	0	49	30	8	0	70	63	25	20	68	2	0	0	0	14	0	0	0	0	0	0	0	10	0	0	0	0	0	7	20	0	0	0	0	5	0	87	34	53	30	136	131
342	335	21	6	18	328	5	0	0	21	6	18	5	0	32	0	42	12	18	50	321	4	0	0	5	0	0	2	0	0	0	8	0	0	18	21	6	18	0	0	7	0	0	0	0	0	5	0	32	0	42	12	18	50	314	4	0	0	4	0	0	2	0	0	0	7	0	0	18	5	0	0	0	0	0	0	0	0	0	0	2	0	0	0	8	0	0	18	21	6	18	0	0	0	0	7	0	0	0	0	0	7	0	0	0	0	0	5	0	32	0	42	12	18	50	307	4	0	0	4	0	0	2	0	0	0	7	0	0	18	4	0	0	0	0	0	0	0	0	0	0	2	0	0	0	7	0	0	18	5	0	0	0	0	0	0	3	0	0	0	0	0	0	0	0	0	0	0	2	0	0	0	8	0	0	18	21	6	18	2	0	0	0	10	0	0	0	0	0	0	0	7	0	0	0	0	0	7	0	0	0	0	0	5	0	32	0	42	12	18	50
389	381	35	15	7	373	14	0	0	35	15	7	15	0	21	0	85	30	21	27	365	13	0	0	14	0	0	12	0	0	0	37	0	0	10	35	15	7	0	0	7	0	4	0	0	0	15	0	21	0	85	30	21	27	357	13	0	0	13	0	0	12	0	0	0	36	0	0	10	14	0	0	0	0	0	0	4	0	0	0	12	0	0	0	37	0	0	10	35	15	7	0	0	0	0	19	0	0	0	0	0	7	0	4	0	0	0	15	0	21	0	85	30	21	27	349	13	0	0	13	0	0	12	0	0	0	36	0	0	10	13	0	0	0	0	0	0	4	0	0	0	12	0	0	0	36	0	0	10	14	0	0	0	0	0	0	8	0	0	0	0	0	0	0	4	0	0	0	12	0	0	0	37	0	0	10	35	15	7	11	0	0	0	23	0	0	0	0	0	0	0	19	0	0	0	0	0	7	0	4	0	0	0	15	0	21	0	85	30	21	27
471	461	38	33	0	451	15	16	0	38	33	0	14	8	0	0	99	57	0	0	441	15	16	0	15	16	0	14	8	0	0	49	16	0	0	38	33	0	2	0	0	0	6	0	0	0	14	8	0	0	99	57	0	0	431	15	16	0	15	16	0	14	8	0	0	49	16	0	0	15	16	0	2	0	0	0	6	0	0	0	14	8	0	0	49	16	0	0	38	33	0	1	0	0	0	23	0	0	0	2	0	0	0	6	0	0	0	14	8	0	0	99	57	0	0	421	15	16	0	15	16	0	14	8	0	0	49	16	0	0	15	16	0	2	0	0	0	6	0	0	0	14	8	0	0	49	16	0	0	15	16	0	1	0	0	0	6	0	0	0	2	0	0	0	6	0	0	0	14	8	0	0	49	16	0	0	38	33	0	15	0	0	0	25	0	0	0	1	0	0	0	23	0	0	0	2	0	0	0	6	0	0	0	14	8	0	0	99	57	0	0
504	493	52	42	0	482	19	28	0	52	42	0	23	28	0	0	135	117	0	0	471	17	28	0	19	28	0	13	28	0	0	59	77	0	0	52	42	0	8	0	0	0	6	14	0	0	23	28	0	0	135	117	0	0	460	16	28	0	17	28	0	11	28	0	0	54	77	0	0	19	28	0	3	0	0	0	6	14	0	0	13	28	0	0	59	77	0	0	52	42	0	6	0	0	0	33	7	0	0	8	0	0	0	6	14	0	0	23	28	0	0	135	117	0	0	449	15	28	0	16	28	0	11	28	0	0	53	77	0	0	17	28	0	3	0	0	0	6	14	0	0	11	28	0	0	54	77	0	0	19	28	0	1	0	0	0	6	7	0	0	3	0	0	0	6	14	0	0	13	28	0	0	59	77	0	0	52	42	0	15	0	0	0	30	2	0	0	6	0	0	0	33	7	0	0	8	0	0	0	6	14	0	0	23	28	0	0	135	117	0	0
671	657	44	13	85	643	27	0	59	44	13	85	27	0	20	48	122	13	85	75	629	27	0	50	27	0	59	27	0	17	25	83	0	59	35	44	13	85	9	0	0	24	9	0	0	27	27	0	20	48	122	13	85	75	615	24	0	48	27	0	50	27	0	10	23	83	0	50	33	27	0	59	6	0	0	20	8	0	0	10	27	0	17	25	83	0	59	35	44	13	85	9	0	0	20	36	39	0	0	9	0	0	24	9	0	0	27	27	0	20	48	122	13	85	75	601	20	0	48	24	0	48	18	0	10	23	72	0	48	33	27	0	50	6	0	0	20	8	0	0	10	27	0	10	23	83	0	50	33	27	0	59	1	0	0	20	8	0	0	0	6	0	0	20	8	0	0	10	27	0	17	25	83	0	59	35	44	13	85	16	0	0	0	35	39	0	0	9	0	0	20	36	39	0	0	9	0	0	24	9	0	0	27	27	0	20	48	122	13	85	75
786	769	78	94	45	752	39	55	38	78	94	45	44	42	38	14	207	304	180	0	735	37	53	36	39	55	38	34	40	38	12	114	203	152	0	78	94	45	25	27	0	24	22	28	0	0	44	42	38	14	207	304	180	0	718	30	52	32	37	53	36	32	39	38	10	109	197	144	0	39	55	38	7	26	0	20	8	26	0	0	34	40	38	12	114	203	152	0	78	94	45	22	13	0	44	39	68	0	0	25	27	0	24	22	28	0	0	44	42	38	14	207	304	180	0	701	23	48	31	30	52	32	21	39	34	10	85	195	128	0	37	53	36	7	26	0	20	8	26	0	0	32	39	38	10	109	197	144	0	39	55	38	6	13	0	42	9	13	0	0	7	26	0	20	8	26	0	0	34	40	38	12	114	203	152	0	78	94	45	20	36	0	11	38	58	0	0	22	13	0	44	39	68	0	0	25	27	0	24	22	28	0	0	44	42	38	14	207	304	180	0
945	925	92	102	106	905	51	37	100	92	102	106	59	0	78	35	260	380	530	0	885	46	36	80	51	37	100	45	0	75	12	158	185	500	0	92	102	106	49	18	40	114	30	38	0	27	59	0	78	35	260	380	530	0	865	34	31	34	46	36	80	41	0	62	10	142	180	400	0	51	37	100	9	18	40	20	14	38	0	10	45	0	75	12	158	185	500	0	92	102	106	21	65	15	104	46	149	0	225	49	18	40	114	30	38	0	27	59	0	78	35	260	380	530	0	845	25	18	21	34	31	34	26	0	24	10	107	155	170	0	46	36	80	8	18	36	20	8	36	0	10	41	0	62	10	142	180	400	0	51	37	100	7	0	15	42	10	19	0	98	9	18	40	20	14	38	0	10	45	0	75	12	158	185	500	0	92	102	106	26	0	30	11	53	78	106	88	21	65	15	104	46	149	0	225	49	18	40	114	30	38	0	27	59	0	78	35	260	380	530	0
755	739	55	53	52	723	33	28	18	55	53	52	34	14	10	43	152	107	104	93	707	33	28	0	33	28	18	34	14	7	0	104	70	36	35	55	53	52	14	0	0	0	15	0	0	50	34	14	10	43	152	107	104	93	691	29	28	0	33	28	0	34	14	0	0	104	70	0	33	33	28	18	9	0	0	0	10	0	0	18	34	14	7	0	104	70	36	35	55	53	52	23	0	0	0	40	48	0	0	14	0	0	0	15	0	0	50	34	14	10	43	152	107	104	93	675	22	26	0	29	28	0	23	14	0	0	88	70	0	33	33	28	0	9	0	0	0	10	0	0	18	34	14	0	0	104	70	0	33	33	28	18	7	0	0	0	10	0	0	0	9	0	0	0	10	0	0	18	34	14	7	0	104	70	36	35	55	53	52	22	24	0	0	37	74	0	0	23	0	0	0	40	48	0	0	14	0	0	0	15	0	0	50	34	14	10	43	152	107	104	93
690	675	77	77	11	660	41	50	0	77	77	11	50	60	0	0	198	240	33	7	645	39	50	0	41	50	0	40	60	0	0	117	180	0	0	77	77	11	34	0	0	0	22	26	0	0	50	60	0	0	198	240	33	7	630	31	50	0	39	50	0	38	60	0	0	112	180	0	0	41	50	0	9	0	0	0	8	20	0	0	40	60	0	0	117	180	0	0	77	77	11	38	0	0	0	39	71	0	0	34	0	0	0	22	26	0	0	50	60	0	0	198	240	33	7	615	21	41	0	31	50	0	18	60	0	0	86	180	0	0	39	50	0	9	0	0	0	8	20	0	0	38	60	0	0	112	180	0	0	41	50	0	7	0	0	0	8	40	0	0	9	0	0	0	8	20	0	0	40	60	0	0	117	180	0	0	77	77	11	18	63	0	0	36	75	0	0	38	0	0	0	39	71	0	0	34	0	0	0	22	26	0	0	50	60	0	0	198	240	33	7
742	726	69	51	98	710	44	15	64	69	51	98	51	0	46	63	193	126	294	162	694	39	15	64	44	15	64	36	0	44	63	138	30	192	138	69	51	98	43	0	16	0	23	48	0	0	51	0	46	63	193	126	294	162	678	27	15	63	39	15	64	35	0	44	62	128	30	192	116	44	15	64	9	0	15	0	8	0	0	0	36	0	44	63	138	30	192	138	69	51	98	20	0	13	14	16	12	0	0	43	0	16	0	23	48	0	0	51	0	46	63	193	126	294	162	662	17	15	46	27	15	63	20	0	42	44	88	30	189	66	39	15	64	9	0	15	0	8	0	0	0	35	0	44	62	128	30	192	116	44	15	64	8	0	0	0	11	0	0	0	9	0	15	0	8	0	0	0	36	0	44	63	138	30	192	138	69	51	98	12	0	30	37	27	0	0	112	20	0	13	14	16	12	0	0	43	0	16	0	23	48	0	0	51	0	46	63	193	126	294	162
695	680	77	62	68	665	44	26	43	77	62	68	54	0	46	43	204	199	272	151	650	38	18	43	44	26	43	35	0	44	43	131	91	172	138	77	62	68	36	72	16	0	21	45	0	0	54	0	46	43	204	199	272	151	635	28	0	42	38	18	43	34	0	44	42	119	63	172	116	44	26	43	10	0	15	0	7	0	0	0	35	0	44	43	131	91	172	138	77	62	68	20	0	13	14	17	9	136	0	36	72	16	0	21	45	0	0	54	0	46	43	204	199	272	151	620	21	0	25	28	0	42	19	0	42	24	86	0	168	66	38	18	43	10	0	15	0	7	0	0	0	34	0	44	42	119	63	172	116	44	26	43	8	0	0	0	8	0	86	0	10	0	15	0	7	0	0	0	35	0	44	43	131	91	172	138	77	62	68	14	0	9	37	33	0	0	112	20	0	13	14	17	9	136	0	36	72	16	0	21	45	0	0	54	0	46	43	204	199	272	151
866	847	82	110	78	828	47	87	20	82	110	78	37	153	0	40	240	281	78	299	809	46	81	17	47	87	20	36	144	0	31	155	243	20	215	82	110	78	39	69	0	21	28	11	0	0	37	153	0	40	240	281	78	299	790	34	45	6	46	81	17	35	135	0	6	153	229	17	166	47	87	20	7	36	0	0	8	0	0	0	36	144	0	31	155	243	20	215	82	110	78	25	33	35	24	25	26	234	27	39	69	0	21	28	11	0	0	37	153	0	40	240	281	78	299	771	20	11	0	34	45	6	23	33	0	0	110	100	6	114	46	81	17	7	33	0	0	8	0	0	0	35	135	0	6	153	229	17	166	47	87	20	8	0	20	0	12	12	60	10	7	36	0	0	8	0	0	0	36	144	0	31	155	243	20	215	82	110	78	14	11	53	0	44	75	234	22	25	33	35	24	25	26	234	27	39	69	0	21	28	11	0	0	37	153	0	40	240	281	78	299
798	780	89	121	41	762	45	97	0	89	121	41	50	98	0	0	244	380	82	214	744	42	92	0	45	97	0	39	96	0	0	137	323	0	156	89	121	41	45	52	0	0	33	34	0	0	50	98	0	0	244	380	82	214	726	29	74	0	42	92	0	36	88	0	0	130	301	0	116	45	97	0	7	32	0	0	6	22	0	0	39	96	0	0	137	323	0	156	89	121	41	18	102	13	0	30	32	41	0	45	52	0	0	33	34	0	0	50	98	0	0	244	380	82	214	708	15	50	0	29	74	0	19	60	0	0	89	232	0	66	42	92	0	7	28	0	0	6	20	0	0	36	88	0	0	130	301	0	116	45	97	0	2	62	0	0	11	21	0	0	7	32	0	0	6	22	0	0	39	96	0	0	137	323	0	156	89	121	41	5	80	42	0	45	55	82	0	18	102	13	0	30	32	41	0	45	52	0	0	33	34	0	0	50	98	0	0	244	380	82	214
761	744	90	110	13	727	46	80	0	90	110	13	61	55	0	0	227	307	65	106	710	41	60	0	46	80	0	44	55	0	0	143	225	0	100	90	110	13	26	100	0	0	27	25	0	0	61	55	0	0	227	307	65	106	693	32	35	0	41	60	0	43	35	0	0	131	170	0	80	46	80	0	11	0	0	0	10	0	0	0	44	55	0	0	143	225	0	100	90	110	13	18	25	13	0	27	19	52	0	26	100	0	0	27	25	0	0	61	55	0	0	227	307	65	106	676	23	29	0	32	35	0	28	15	0	0	97	110	0	34	41	60	0	11	0	0	0	10	0	0	0	43	35	0	0	131	170	0	80	46	80	0	7	0	0	0	12	10	0	0	11	0	0	0	10	0	0	0	44	55	0	0	143	225	0	100	90	110	13	20	14	0	0	43	56	13	0	18	25	13	0	27	19	52	0	26	100	0	0	27	25	0	0	61	55	0	0	227	307	65	106
641	627	51	33	80	613	34	0	42	51	33	80	36	0	30	60	116	33	240	220	599	22	0	41	34	0	42	19	0	28	58	93	0	126	107	48	33	80	5	0	46	15	3	0	0	0	36	0	30	60	109	33	240	220	585	18	0	41	22	0	41	12	0	27	58	58	0	123	107	31	0	42	4	0	0	15	3	0	0	0	19	0	28	58	86	0	126	107	48	33	80	7	0	21	0	5	0	0	0	5	0	46	15	3	0	0	0	36	0	30	60	109	33	240	220	571	17	0	40	18	0	41	10	0	27	56	51	0	123	105	19	0	41	3	0	0	14	3	0	0	0	12	0	27	58	51	0	123	107	31	0	42	7	0	0	0	5	0	0	0	4	0	0	15	3	0	0	0	19	0	28	58	86	0	126	107	48	33	80	9	0	8	14	13	0	0	0	7	0	21	0	5	0	0	0	5	0	46	15	3	0	0	0	36	0	30	60	109	33	240	220
671	656	70	60	57	641	43	47	12	70	60	57	54	34	12	0	177	155	57	298	626	29	36	12	43	47	12	38	23	12	0	126	148	12	127	69	60	57	9	10	79	0	9	0	57	0	54	34	12	0	174	155	57	298	611	22	25	12	29	36	12	23	13	12	0	82	127	12	124	42	47	12	8	0	0	0	3	0	12	0	38	23	12	0	123	148	12	127	69	60	57	10	12	54	0	14	12	57	0	9	10	79	0	9	0	57	0	54	34	12	0	174	155	57	298	596	16	23	12	22	25	12	14	12	12	0	63	112	12	111	28	36	12	4	0	0	0	3	0	12	0	23	13	12	0	79	127	12	124	42	47	12	6	11	0	0	7	11	12	0	8	0	0	0	3	0	12	0	38	23	12	0	123	148	12	127	69	60	57	10	23	19	0	32	48	0	0	10	12	54	0	14	12	57	0	9	10	79	0	9	0	57	0	54	34	12	0	174	155	57	298
818	800	61	89	78	782	31	33	50	61	89	78	23	132	52	32	131	197	312	179	764	22	0	48	31	33	50	18	0	50	30	80	88	200	107	58	89	78	2	0	49	25	4	0	234	0	23	132	52	32	124	197	312	179	746	20	0	48	22	0	48	13	0	49	30	53	0	192	107	28	33	50	1	0	11	25	4	0	150	0	18	0	50	30	73	88	200	107	58	89	78	1	0	5	0	11	0	0	0	2	0	49	25	4	0	234	0	23	132	52	32	124	197	312	179	728	20	0	45	20	0	48	13	0	49	28	51	0	192	105	19	0	48	1	0	10	22	4	0	144	0	13	0	49	30	46	0	192	107	28	33	50	1	0	0	0	5	0	0	0	1	0	11	25	4	0	150	0	18	0	50	30	73	88	200	107	58	89	78	5	0	0	30	26	0	0	0	1	0	5	0	11	0	0	0	2	0	49	25	4	0	234	0	23	132	52	32	124	197	312	179
503	492	50	24	36	481	33	0	31	44	24	36	40	0	23	0	90	24	108	13	470	24	0	31	27	0	31	23	0	23	0	67	0	93	0	37	24	36	2	0	20	0	1	0	0	0	28	0	23	0	73	24	108	13	459	22	0	31	18	0	31	18	0	23	0	44	0	93	0	20	0	31	1	0	0	0	1	0	0	0	11	0	23	0	50	0	93	0	37	24	36	1	0	5	0	3	0	0	0	2	0	20	0	1	0	0	0	28	0	23	0	73	24	108	13	448	22	0	31	16	0	31	18	0	23	0	42	0	93	0	11	0	31	1	0	0	0	1	0	0	0	6	0	23	0	27	0	93	0	20	0	31	1	0	0	0	3	0	0	0	1	0	0	0	1	0	0	0	11	0	23	0	50	0	93	0	37	24	36	3	0	0	0	8	0	0	0	1	0	5	0	3	0	0	0	2	0	20	0	1	0	0	0	28	0	23	0	73	24	108	13
652	637	58	83	14	622	29	51	0	58	83	14	30	70	0	0	120	166	56	81	607	18	44	0	29	51	0	15	44	0	0	75	111	0	43	55	83	14	3	11	38	0	9	12	14	0	30	70	0	0	113	166	56	81	592	15	44	0	18	44	0	9	44	0	0	44	99	0	43	26	51	0	0	11	0	0	3	11	0	0	15	44	0	0	68	111	0	43	55	83	14	1	0	5	0	9	12	0	0	3	11	38	0	9	12	14	0	30	70	0	0	113	166	56	81	577	15	44	0	15	44	0	9	44	0	0	40	99	0	42	15	44	0	0	11	0	0	3	11	0	0	9	44	0	0	37	99	0	43	26	51	0	1	0	0	0	4	11	0	0	0	11	0	0	3	11	0	0	15	44	0	0	68	111	0	43	55	83	14	5	0	0	0	16	0	0	0	1	0	5	0	9	12	0	0	3	11	38	0	9	12	14	0	30	70	0	0	113	166	56	81
632	617	37	14	128	602	22	14	74	29	14	128	18	0	49	106	66	42	0	265	588	21	14	72	17	14	74	17	0	0	102	38	42	0	135	25	0	128	1	0	10	32	4	0	0	0	12	0	49	106	57	0	0	265	574	21	14	71	16	14	72	17	0	0	100	37	42	0	132	13	0	74	1	0	0	30	4	0	0	0	11	0	0	102	29	0	0	135	25	0	128	1	0	0	15	4	0	0	0	1	0	10	32	4	0	0	0	12	0	49	106	57	0	0	265	560	21	14	71	16	14	71	17	0	0	100	37	42	0	132	12	0	72	1	0	0	30	4	0	0	0	11	0	0	100	28	0	0	132	13	0	74	1	0	0	15	4	0	0	0	1	0	0	30	4	0	0	0	11	0	0	102	29	0	0	135	25	0	128	2	0	0	0	4	0	0	0	1	0	0	15	4	0	0	0	1	0	10	32	4	0	0	0	12	0	49	106	57	0	0	265
537	525	41	27	48	513	22	0	11	41	27	48	20	0	39	11	97	54	144	208	501	22	0	11	22	0	11	20	0	0	11	52	0	33	123	38	27	48	3	0	0	0	9	0	0	0	20	0	39	11	90	54	144	208	489	22	0	11	22	0	11	20	0	0	11	52	0	33	120	19	0	11	3	0	0	0	9	0	0	0	20	0	0	11	45	0	33	123	38	27	48	0	0	0	0	10	0	0	0	3	0	0	0	9	0	0	0	20	0	39	11	90	54	144	208	477	22	0	11	22	0	11	20	0	0	11	52	0	33	120	19	0	11	3	0	0	0	9	0	0	0	20	0	0	11	45	0	33	120	19	0	11	0	0	0	0	7	0	0	0	3	0	0	0	9	0	0	0	20	0	0	11	45	0	33	123	38	27	48	8	0	0	0	15	0	0	0	0	0	0	0	10	0	0	0	3	0	0	0	9	0	0	0	20	0	39	11	90	54	144	208
401	390	31	26	36	379	11	26	0	27	26	36	10	0	39	0	63	36	0	208	370	11	26	0	11	26	0	10	0	0	0	22	36	0	123	26	8	36	1	0	0	0	4	0	0	0	10	0	39	0	60	0	0	208	361	11	26	0	11	26	0	10	0	0	0	22	36	0	120	10	8	0	1	0	0	0	4	0	0	0	10	0	0	0	19	0	0	123	26	8	36	0	0	0	0	3	0	0	0	1	0	0	0	4	0	0	0	10	0	39	0	60	0	0	208	352	11	26	0	11	26	0	10	0	0	0	22	36	0	120	10	8	0	1	0	0	0	4	0	0	0	10	0	0	0	19	0	0	120	10	8	0	0	0	0	0	3	0	0	0	1	0	0	0	4	0	0	0	10	0	0	0	19	0	0	123	26	8	36	0	0	0	0	0	0	0	0	0	0	0	0	3	0	0	0	1	0	0	0	4	0	0	0	10	0	39	0	60	0	0	208
634	619	54	80	17	604	22	50	0	54	80	17	29	60	39	0	114	160	68	92	589	19	50	0	22	50	0	17	60	0	0	52	100	0	50	51	80	17	10	0	0	0	6	30	0	0	29	60	39	0	107	160	68	92	574	17	50	0	19	50	0	14	60	0	0	45	100	0	48	19	50	0	3	0	0	0	6	30	0	0	17	60	0	0	45	100	0	50	51	80	17	0	0	0	0	9	20	0	0	10	0	0	0	6	30	0	0	29	60	39	0	107	160	68	92	559	17	50	0	17	50	0	14	60	0	0	42	100	0	48	16	50	0	3	0	0	0	6	30	0	0	14	60	0	0	38	100	0	48	19	50	0	0	0	0	0	5	20	0	0	3	0	0	0	6	30	0	0	17	60	0	0	45	100	0	50	51	80	17	8	0	0	0	24	0	0	0	0	0	0	0	9	20	0	0	10	0	0	0	6	30	0	0	29	60	39	0	107	160	68	92
392	383	38	23	0	374	16	8	0	38	23	0	16	0	0	0	91	45	0	0	365	16	8	0	16	8	0	16	0	0	0	40	0	0	0	36	23	0	2	0	0	0	8	0	0	0	16	0	0	0	87	45	0	0	356	16	8	0	16	8	0	16	0	0	0	40	0	0	0	14	8	0	2	0	0	0	8	0	0	0	16	0	0	0	36	0	0	0	36	23	0	0	0	0	0	14	0	0	0	2	0	0	0	8	0	0	0	16	0	0	0	87	45	0	0	347	16	8	0	16	8	0	16	0	0	0	40	0	0	0	14	8	0	2	0	0	0	8	0	0	0	16	0	0	0	36	0	0	0	14	8	0	0	0	0	0	6	0	0	0	2	0	0	0	8	0	0	0	16	0	0	0	36	0	0	0	36	23	0	8	0	0	0	30	0	0	0	0	0	0	0	14	0	0	0	2	0	0	0	8	0	0	0	16	0	0	0	87	45	0	0
787	769	65	65	105	751	33	0	98	65	65	105	37	0	78	44	167	195	525	0	733	30	0	74	33	0	98	32	0	78	0	100	0	490	0	65	65	105	21	0	40	99	17	0	0	78	37	0	78	44	167	195	525	0	715	26	0	35	30	0	74	32	0	66	0	89	0	370	0	33	0	98	5	0	40	11	9	0	0	50	32	0	78	0	100	0	490	0	65	65	105	31	0	0	76	23	52	0	200	21	0	40	99	17	0	0	78	37	0	78	44	167	195	525	0	697	15	0	20	26	0	35	19	0	11	0	75	0	175	0	30	0	74	3	0	37	10	5	0	0	48	32	0	66	0	89	0	370	0	33	0	98	2	0	0	10	11	0	0	63	5	0	40	11	9	0	0	50	32	0	78	0	100	0	490	0	65	65	105	17	0	20	20	46	117	0	106	31	0	0	76	23	52	0	200	21	0	40	99	17	0	0	78	37	0	78	44	167	195	525	0
524	512	48	32	33	500	23	0	24	48	32	33	27	0	48	0	118	80	132	17	488	22	0	23	23	0	24	24	0	48	0	63	0	96	0	48	32	33	4	0	12	11	13	0	0	0	27	0	48	0	118	80	132	17	476	21	0	11	22	0	23	24	0	45	0	62	0	92	0	23	0	24	3	0	12	0	8	0	0	0	24	0	48	0	63	0	96	0	48	32	33	10	0	0	11	20	8	0	78	4	0	12	11	13	0	0	0	27	0	48	0	118	80	132	17	464	15	0	10	21	0	11	20	0	11	0	57	0	44	0	22	0	23	3	0	11	0	8	0	0	0	24	0	45	0	62	0	92	0	23	0	24	0	0	0	10	9	0	0	20	3	0	12	0	8	0	0	0	24	0	48	0	63	0	96	0	48	32	33	9	0	0	10	35	48	0	0	10	0	0	11	20	8	0	78	4	0	12	11	13	0	0	0	27	0	48	0	118	80	132	17
735	718	56	57	89	701	28	30	62	56	57	89	32	15	57	78	138	147	178	65	684	27	30	25	28	30	62	29	15	56	0	80	105	124	11	56	57	89	5	0	12	72	15	0	0	149	32	15	57	78	138	147	178	65	667	26	30	0	27	30	25	29	15	38	0	79	105	50	11	28	30	62	4	0	12	0	9	0	0	62	29	15	56	0	80	105	124	11	56	57	89	7	0	0	0	24	13	0	159	5	0	12	72	15	0	0	149	32	15	57	78	138	147	178	65	650	20	28	0	26	30	0	25	15	0	0	74	105	0	11	27	30	25	4	0	11	0	9	0	0	60	29	15	38	0	79	105	50	11	28	30	62	0	0	0	0	10	0	0	63	4	0	12	0	9	0	0	62	29	15	56	0	80	105	124	11	56	57	89	9	26	11	0	44	65	0	0	7	0	0	0	24	13	0	159	5	0	12	72	15	0	0	149	32	15	57	78	138	147	178	65
439	429	38	9	43	419	22	0	21	38	9	43	25	0	10	44	99	9	43	65	409	22	0	5	22	0	21	25	0	10	0	63	0	21	11	38	9	43	4	0	0	25	8	0	0	78	25	0	10	44	99	9	43	65	399	21	0	0	22	0	5	25	0	5	0	63	0	5	11	22	0	21	3	0	0	0	8	0	0	50	25	0	10	0	63	0	21	11	38	9	43	4	0	0	0	16	9	0	13	4	0	0	25	8	0	0	78	25	0	10	44	99	9	43	65	389	17	0	0	21	0	0	21	0	0	0	58	0	0	11	22	0	5	3	0	0	0	8	0	0	48	25	0	5	0	63	0	5	11	22	0	21	0	0	0	0	8	0	0	0	3	0	0	0	8	0	0	50	25	0	10	0	63	0	21	11	38	9	43	10	0	0	0	35	36	0	0	4	0	0	0	16	9	0	13	4	0	0	25	8	0	0	78	25	0	10	44	99	9	43	65
710	693	65	101	28	676	27	68	10	65	101	28	41	105	10	0	153	277	84	65	659	22	66	5	27	68	10	25	99	10	0	69	209	30	11	65	101	28	16	22	0	25	18	65	0	0	41	105	10	0	153	277	84	65	642	17	66	0	22	66	5	17	99	5	0	57	209	15	11	27	68	10	1	22	0	0	3	55	0	0	25	99	10	0	69	209	30	11	65	101	28	11	0	0	0	23	58	0	13	16	22	0	25	18	65	0	0	41	105	10	0	153	277	84	65	625	11	60	0	17	66	0	12	99	0	0	45	209	0	11	22	66	5	1	22	0	0	3	55	0	0	17	99	5	0	57	209	15	11	27	68	10	0	0	0	0	5	44	0	0	1	22	0	0	3	55	0	0	25	99	10	0	69	209	30	11	65	101	28	4	48	0	0	37	51	0	0	11	0	0	0	23	58	0	13	16	22	0	25	18	65	0	0	41	105	10	0	153	277	84	65
556	543	46	30	68	530	24	0	34	46	30	68	38	0	35	60	112	70	204	166	517	22	0	34	24	0	34	28	0	32	60	69	0	102	132	46	30	68	24	0	0	0	13	20	0	0	38	0	35	60	112	70	204	166	504	17	0	33	22	0	34	26	0	32	57	64	0	102	102	24	0	34	3	0	0	0	5	0	0	0	28	0	32	60	69	0	102	132	46	30	68	25	0	0	11	14	10	0	0	24	0	0	0	13	20	0	0	38	0	35	60	112	70	204	166	491	6	0	18	17	0	33	13	0	31	22	49	0	99	46	22	0	34	3	0	0	0	5	0	0	0	26	0	32	57	64	0	102	102	24	0	34	0	0	0	0	9	0	0	0	3	0	0	0	5	0	0	0	28	0	32	60	69	0	102	132	46	30	68	4	0	16	32	12	0	0	78	25	0	0	11	14	10	0	0	24	0	0	0	13	20	0	0	38	0	35	60	112	70	204	166
680	664	52	59	84	648	25	15	59	52	59	84	38	0	73	46	127	114	336	138	632	21	15	59	25	15	59	25	0	69	46	72	15	236	122	52	59	84	27	0	13	0	14	33	0	0	38	0	73	46	127	114	336	138	616	12	11	56	21	15	59	21	0	69	41	60	15	236	97	25	15	59	1	0	13	0	0	0	0	0	25	0	69	46	72	15	236	122	52	59	84	23	44	35	27	14	22	0	0	27	0	13	0	14	33	0	0	38	0	73	46	127	114	336	138	600	2	0	28	12	11	56	4	0	66	0	34	11	224	46	21	15	59	1	0	13	0	0	0	0	0	21	0	69	41	60	15	236	97	25	15	59	0	0	33	0	6	0	0	0	1	0	13	0	0	0	0	0	25	0	69	46	72	15	236	122	52	59	84	4	0	22	81	15	0	84	119	23	44	35	27	14	22	0	0	27	0	13	0	14	33	0	0	38	0	73	46	127	114	336	138
740	722	73	122	23	704	32	83	10	73	122	23	48	99	20	0	176	294	115	105	686	29	68	10	32	83	10	36	99	20	0	93	204	50	98	73	122	23	26	90	0	0	29	18	0	0	48	99	20	0	176	294	115	105	668	24	35	10	29	68	10	33	54	20	0	85	159	50	74	32	83	10	11	0	0	0	5	0	0	0	36	99	20	0	93	204	50	98	73	122	23	27	90	0	0	31	40	69	0	26	90	0	0	29	18	0	0	48	99	20	0	176	294	115	105	650	13	14	7	24	35	10	24	0	20	0	71	65	50	35	29	68	10	11	0	0	0	5	0	0	0	33	54	20	0	85	159	50	74	32	83	10	4	0	0	0	11	22	30	0	11	0	0	0	5	0	0	0	36	99	20	0	93	204	50	98	73	122	23	18	42	0	21	34	70	69	0	27	90	0	0	31	40	69	0	26	90	0	0	29	18	0	0	48	99	20	0	176	294	115	105
835	815	72	106	103	795	35	85	43	72	106	103	38	116	26	97	190	320	103	298	775	35	83	42	35	85	43	38	112	22	96	103	283	43	215	72	106	103	28	27	0	10	38	0	0	0	38	116	26	97	190	320	103	298	755	27	66	24	35	83	42	38	108	22	61	103	275	42	132	35	85	43	4	14	0	0	8	0	0	0	38	112	22	96	103	283	43	215	72	106	103	36	52	34	52	33	30	103	57	28	27	0	10	38	0	0	0	38	116	26	97	190	320	103	298	735	10	13	0	27	66	24	19	52	19	0	76	198	24	46	35	83	42	4	13	0	0	8	0	0	0	38	108	22	61	103	275	42	132	35	85	43	0	0	31	0	11	28	43	12	4	14	0	0	8	0	0	0	38	112	22	96	103	283	43	215	72	106	103	7	13	77	0	19	75	412	132	36	52	34	52	33	30	103	57	28	27	0	10	38	0	0	0	38	116	26	97	190	320	103	298
467	456	44	26	42	445	24	10	0	44	26	42	28	0	0	0	116	66	84	255	434	24	10	0	24	10	0	28	0	0	0	69	50	0	194	44	26	42	24	0	0	0	20	0	0	0	28	0	0	0	116	66	84	255	423	19	8	0	24	10	0	28	0	0	0	69	50	0	127	24	10	0	3	0	0	0	5	0	0	0	28	0	0	0	69	50	0	194	44	26	42	28	16	0	0	18	10	0	0	24	0	0	0	20	0	0	0	28	0	0	0	116	66	84	255	412	7	0	0	19	8	0	14	0	0	0	52	40	0	46	24	10	0	3	0	0	0	5	0	0	0	28	0	0	0	69	50	0	127	24	10	0	0	0	0	0	8	10	0	0	3	0	0	0	5	0	0	0	28	0	0	0	69	50	0	194	44	26	42	4	0	29	0	11	10	42	0	28	16	0	0	18	10	0	0	24	0	0	0	20	0	0	0	28	0	0	0	116	66	84	255
587	573	28	13	96	559	14	0	54	28	13	96	24	0	22	89	58	13	96	217	545	8	0	51	14	0	54	12	0	22	80	35	0	54	103	28	13	96	7	0	18	36	0	0	0	0	24	0	22	89	58	13	96	217	531	1	0	51	8	0	51	0	0	22	80	18	0	51	103	14	0	54	0	0	0	36	0	0	0	0	12	0	22	80	35	0	54	103	28	13	96	0	0	37	0	4	0	0	0	7	0	18	36	0	0	0	0	24	0	22	89	58	13	96	217	517	1	0	50	1	0	51	0	0	22	77	1	0	51	99	8	0	51	0	0	0	33	0	0	0	0	0	0	22	80	18	0	51	103	14	0	54	0	0	0	0	4	0	0	0	0	0	0	36	0	0	0	0	12	0	22	80	35	0	54	103	28	13	96	3	0	0	11	10	0	0	0	0	0	37	0	4	0	0	0	7	0	18	36	0	0	0	0	24	0	22	89	58	13	96	217
828	808	46	113	93	788	20	41	60	46	113	93	19	154	28	65	106	236	465	175	768	13	12	58	20	41	60	16	24	27	63	53	77	300	103	46	113	93	2	60	58	28	3	0	186	0	19	154	28	65	106	236	465	175	748	6	0	58	13	12	58	2	0	27	63	32	12	290	103	20	41	60	0	0	35	28	0	0	120	0	16	24	27	63	53	77	300	103	46	113	93	0	0	55	0	8	0	93	0	2	60	58	28	3	0	186	0	19	154	28	65	106	236	465	175	728	6	0	56	6	0	58	2	0	27	59	16	0	290	99	13	12	58	0	0	33	26	0	0	116	0	2	0	27	63	32	12	290	103	20	41	60	0	0	22	0	4	0	60	0	0	0	35	28	0	0	120	0	16	24	27	63	53	77	300	103	46	113	93	6	0	0	16	21	0	0	0	0	0	55	0	8	0	93	0	2	60	58	28	3	0	186	0	19	154	28	65	106	236	465	175
419	409	31	9	48	399	20	0	0	31	9	48	32	0	0	0	72	9	48	320	389	13	0	0	20	0	0	20	0	0	0	55	0	0	146	31	9	48	8	0	31	0	0	0	0	0	32	0	0	0	72	9	48	320	379	2	0	0	13	0	0	4	0	0	0	33	0	0	145	20	0	0	1	0	0	0	0	0	0	0	20	0	0	0	55	0	0	146	31	9	48	0	0	89	0	6	0	0	0	8	0	31	0	0	0	0	0	32	0	0	0	72	9	48	320	369	1	0	0	2	0	0	0	0	0	0	4	0	0	123	13	0	0	0	0	0	0	0	0	0	0	4	0	0	0	33	0	0	145	20	0	0	0	0	0	0	6	0	0	0	1	0	0	0	0	0	0	0	20	0	0	0	55	0	0	146	31	9	48	3	0	13	0	15	0	0	0	0	0	89	0	6	0	0	0	8	0	31	0	0	0	0	0	32	0	0	0	72	9	48	320
413	403	35	29	17	393	20	14	0	35	29	17	34	20	0	0	79	48	34	107	383	15	6	0	20	14	0	24	6	0	0	52	34	0	69	35	29	17	9	12	18	0	7	0	17	0	34	20	0	0	79	48	34	107	373	9	0	0	15	6	0	13	0	0	0	38	12	0	69	20	14	0	2	0	0	0	3	0	0	0	24	6	0	0	52	34	0	69	35	29	17	8	0	29	0	11	9	17	0	9	12	18	0	7	0	17	0	34	20	0	0	79	48	34	107	363	5	0	0	9	0	0	9	0	0	0	25	0	0	66	15	6	0	2	0	0	0	3	0	0	0	13	0	0	0	38	12	0	69	20	14	0	0	0	0	0	7	8	0	0	2	0	0	0	3	0	0	0	24	6	0	0	52	34	0	69	35	29	17	10	0	0	0	17	36	0	0	8	0	29	0	11	9	17	0	9	12	18	0	7	0	17	0	34	20	0	0	79	48	34	107
292	285	22	10	6	278	12	0	0	22	10	6	24	0	0	0	46	5	12	23	271	6	0	0	12	0	0	12	0	0	0	29	0	0	10	22	10	6	7	0	18	0	0	0	0	0	24	0	0	0	46	5	12	23	264	1	0	0	6	0	0	0	0	0	0	12	0	0	10	12	0	0	0	0	0	0	0	0	0	0	12	0	0	0	29	0	0	10	22	10	6	0	0	18	0	3	0	0	0	7	0	18	0	0	0	0	0	24	0	0	0	46	5	12	23	257	1	0	0	1	0	0	0	0	0	0	1	0	0	10	6	0	0	0	0	0	0	0	0	0	0	0	0	0	0	12	0	0	10	12	0	0	0	0	0	0	3	0	0	0	0	0	0	0	0	0	0	0	12	0	0	0	29	0	0	10	22	10	6	3	0	0	0	9	0	0	0	0	0	18	0	3	0	0	0	7	0	18	0	0	0	0	0	24	0	0	0	46	5	12	23
491	479	23	11	63	467	7	0	15	23	11	63	5	0	30	22	58	33	63	260	455	5	0	15	7	0	15	2	0	0	22	18	0	15	114	23	11	63	0	0	18	0	0	0	0	0	5	0	30	22	58	33	63	260	443	5	0	15	5	0	15	2	0	0	22	15	0	15	109	7	0	15	0	0	0	0	0	0	0	0	2	0	0	22	18	0	15	114	23	11	63	0	0	0	0	3	0	0	0	0	0	18	0	0	0	0	0	5	0	30	22	58	33	63	260	431	5	0	15	5	0	15	2	0	0	22	15	0	15	109	5	0	15	0	0	0	0	0	0	0	0	2	0	0	22	15	0	15	109	7	0	15	0	0	0	0	2	0	0	0	0	0	0	0	0	0	0	0	2	0	0	22	18	0	15	114	23	11	63	3	0	0	0	12	0	0	0	0	0	0	0	3	0	0	0	0	0	18	0	0	0	0	0	5	0	30	22	58	33	63	260
481	469	40	39	36	457	17	11	21	40	39	36	19	0	39	28	96	103	144	93	445	16	11	20	17	11	21	17	0	14	27	48	33	84	60	40	39	36	9	0	12	13	2	0	0	0	19	0	39	28	96	103	144	93	433	16	11	20	16	11	20	17	0	13	27	47	33	80	58	17	11	21	9	0	0	13	2	0	0	0	17	0	14	27	48	33	84	60	40	39	36	4	0	0	0	6	0	0	0	9	0	12	13	2	0	0	0	19	0	39	28	96	103	144	93	421	16	11	20	16	11	20	17	0	13	27	47	33	80	58	16	11	20	9	0	0	13	2	0	0	0	17	0	13	27	47	33	80	58	17	11	21	4	0	0	0	3	0	0	0	9	0	0	13	2	0	0	0	17	0	14	27	48	33	84	60	40	39	36	13	0	0	0	20	0	0	0	4	0	0	0	6	0	0	0	9	0	12	13	2	0	0	0	19	0	39	28	96	103	144	93
287	280	19	0	23	273	5	0	0	19	0	23	4	0	30	0	47	0	0	116	266	3	0	0	5	0	0	1	0	0	0	10	0	0	60	19	0	23	0	0	18	0	0	0	0	0	4	0	30	0	47	0	0	116	259	3	0	0	3	0	0	1	0	0	0	7	0	0	58	5	0	0	0	0	0	0	0	0	0	0	1	0	0	0	10	0	0	60	19	0	23	0	0	0	0	1	0	0	0	0	0	18	0	0	0	0	0	4	0	30	0	47	0	0	116	252	3	0	0	3	0	0	1	0	0	0	7	0	0	58	3	0	0	0	0	0	0	0	0	0	0	1	0	0	0	7	0	0	58	5	0	0	0	0	0	0	1	0	0	0	0	0	0	0	0	0	0	0	1	0	0	0	10	0	0	60	19	0	23	0	0	0	0	4	0	0	0	0	0	0	0	1	0	0	0	0	0	18	0	0	0	0	0	4	0	30	0	47	0	0	116
245	239	21	5	12	233	8	0	0	21	5	12	7	0	24	0	52	5	12	93	227	7	0	0	8	0	0	5	0	0	0	18	0	0	60	21	5	12	1	0	12	0	0	0	0	0	7	0	24	0	52	5	12	93	221	7	0	0	7	0	0	5	0	0	0	17	0	0	58	8	0	0	1	0	0	0	0	0	0	0	5	0	0	0	18	0	0	60	21	5	12	0	0	0	0	0	0	0	0	1	0	12	0	0	0	0	0	7	0	24	0	52	5	12	93	215	7	0	0	7	0	0	5	0	0	0	17	0	0	58	7	0	0	1	0	0	0	0	0	0	0	5	0	0	0	17	0	0	58	8	0	0	0	0	0	0	0	0	0	0	1	0	0	0	0	0	0	0	5	0	0	0	18	0	0	60	21	5	12	0	0	0	0	0	0	0	0	0	0	0	0	0	0	0	0	1	0	12	0	0	0	0	0	7	0	24	0	52	5	12	93
472	460	44	46	12	448	17	20	0	44	46	12	18	10	24	0	107	116	60	93	436	16	20	0	17	20	0	16	10	0	0	49	40	0	60	44	46	12	9	0	12	0	2	0	0	0	18	10	24	0	107	116	60	93	424	16	20	0	16	20	0	16	10	0	0	48	40	0	58	17	20	0	9	0	0	0	2	0	0	0	16	10	0	0	49	40	0	60	44	46	12	4	0	0	0	8	0	0	0	9	0	12	0	2	0	0	0	18	10	24	0	107	116	60	93	412	16	20	0	16	20	0	16	10	0	0	48	40	0	58	16	20	0	9	0	0	0	2	0	0	0	16	10	0	0	48	40	0	58	17	20	0	4	0	0	0	3	0	0	0	9	0	0	0	2	0	0	0	16	10	0	0	49	40	0	60	44	46	12	13	0	0	0	28	0	0	0	4	0	0	0	8	0	0	0	9	0	12	0	2	0	0	0	18	10	24	0	107	116	60	93
558	544	48	24	98	530	26	0	80	48	24	98	29	0	78	75	124	36	196	48	516	26	0	61	26	0	80	29	0	73	14	72	0	160	21	48	24	98	13	0	0	57	12	0	0	93	29	0	78	75	124	36	196	48	502	25	0	52	26	0	61	29	0	44	13	72	0	122	20	26	0	80	11	0	0	24	5	0	0	60	29	0	73	14	72	0	160	21	48	24	98	12	0	0	35	18	12	0	23	13	0	0	57	12	0	0	93	29	0	78	75	124	36	196	48	488	21	0	51	25	0	52	25	0	22	13	69	0	104	20	26	0	61	11	0	0	23	5	0	0	58	29	0	44	13	72	0	122	20	26	0	80	4	0	0	33	7	0	0	10	11	0	0	24	5	0	0	60	29	0	73	14	72	0	160	21	48	24	98	20	0	0	10	33	48	0	0	12	0	0	35	18	12	0	23	13	0	0	57	12	0	0	93	29	0	78	75	124	36	196	48
547	533	68	53	46	519	34	13	41	68	53	46	41	0	97	0	180	146	230	12	505	33	13	39	34	13	41	37	0	97	0	94	26	205	0	68	53	46	20	0	14	26	33	0	0	0	41	0	97	0	180	146	230	12	491	31	13	23	33	13	39	37	0	91	0	91	26	195	0	34	13	41	13	0	14	11	9	0	0	0	37	0	97	0	94	26	205	0	68	53	46	34	0	0	34	33	16	0	103	20	0	14	26	33	0	0	0	41	0	97	0	180	146	230	12	477	23	13	21	31	13	23	32	0	34	0	85	26	115	0	33	13	39	13	0	13	10	9	0	0	0	37	0	91	0	91	26	195	0	34	13	41	12	0	0	31	11	0	0	43	13	0	14	11	9	0	0	0	37	0	97	0	94	26	205	0	68	53	46	26	0	0	21	37	64	0	0	34	0	0	34	33	16	0	103	20	0	14	26	33	0	0	0	41	0	97	0	180	146	230	12
586	571	65	57	59	556	34	26	29	65	57	59	36	13	58	72	158	167	177	111	541	34	26	6	34	26	29	36	13	51	0	88	104	87	36	65	57	59	20	0	0	30	26	0	0	110	36	13	58	72	158	167	177	111	526	32	26	0	34	26	6	36	13	18	0	88	104	18	35	34	26	29	13	0	0	0	9	0	0	60	36	13	51	0	88	104	87	36	65	57	59	34	0	0	0	30	23	0	23	20	0	0	30	26	0	0	110	36	13	58	72	158	167	177	111	511	24	23	0	32	26	0	31	13	0	0	83	104	0	35	34	26	6	13	0	0	0	9	0	0	58	36	13	18	0	88	104	18	35	34	26	29	12	0	0	0	10	13	0	10	13	0	0	0	9	0	0	60	36	13	51	0	88	104	87	36	65	57	59	26	30	0	0	37	83	0	0	34	0	0	0	30	23	0	23	20	0	0	30	26	0	0	110	36	13	58	72	158	167	177	111
703	684	80	141	23	665	31	102	11	80	141	23	38	143	33	0	191	400	92	48	646	29	94	6	31	102	11	28	129	33	0	77	299	44	21	80	141	23	17	100	0	30	38	26	0	0	38	143	33	0	191	400	92	48	627	26	90	0	29	94	6	26	123	18	0	72	283	24	20	31	102	11	5	92	0	0	7	22	0	0	28	129	33	0	77	299	44	21	80	141	23	30	48	0	0	38	31	0	23	17	100	0	30	38	26	0	0	38	143	33	0	191	400	92	48	608	18	80	0	26	90	0	21	121	0	0	66	277	0	20	29	94	6	5	88	0	0	7	22	0	0	26	123	18	0	72	283	24	20	31	102	11	8	44	0	0	9	22	0	10	5	92	0	0	7	22	0	0	28	129	33	0	77	299	44	21	80	141	23	19	78	0	0	37	60	0	0	30	48	0	0	38	31	0	23	17	100	0	30	38	26	0	0	38	143	33	0	191	400	92	48
451	439	39	44	17	427	14	33	0	39	44	17	13	34	0	0	95	98	17	60	415	14	32	0	14	33	0	13	32	0	0	42	82	0	21	39	44	17	8	8	0	0	5	0	0	0	13	34	0	0	95	98	17	60	403	14	32	0	14	32	0	13	32	0	0	42	80	0	20	14	33	0	8	8	0	0	2	0	0	0	13	32	0	0	42	82	0	21	39	44	17	4	0	0	0	10	0	0	0	8	8	0	0	5	0	0	0	13	34	0	0	95	98	17	60	391	14	32	0	14	32	0	13	32	0	0	42	80	0	20	14	32	0	8	8	0	0	2	0	0	0	13	32	0	0	42	80	0	20	14	33	0	4	0	0	0	3	0	0	0	8	8	0	0	2	0	0	0	13	32	0	0	42	82	0	21	39	44	17	13	0	0	0	32	0	0	0	4	0	0	0	10	0	0	0	8	8	0	0	5	0	0	0	13	34	0	0	95	98	17	60
584	569	55	14	123	554	38	0	71	55	14	123	48	0	15	109	148	28	123	243	539	35	0	66	38	0	71	42	0	14	99	101	0	71	161	55	14	123	24	0	0	60	30	42	0	0	48	0	15	109	148	28	123	243	524	31	0	43	35	0	66	36	0	14	57	93	0	66	112	38	0	71	13	0	0	0	9	0	0	0	42	0	14	99	101	0	71	161	55	14	123	34	0	0	100	26	28	0	93	24	0	0	60	30	42	0	0	48	0	15	109	148	28	123	243	509	19	0	11	31	0	43	31	0	13	22	84	0	43	75	35	0	66	13	0	0	0	9	0	0	0	36	0	14	57	93	0	66	112	38	0	71	12	0	0	11	11	0	0	60	13	0	0	0	9	0	0	0	42	0	14	99	101	0	71	161	55	14	123	15	0	38	22	13	0	0	210	34	0	0	100	26	28	0	93	24	0	0	60	30	42	0	0	48	0	15	109	148	28	123	243
659	642	69	52	112	625	38	0	93	69	52	112	63	0	100	55	161	156	448	69	608	30	0	93	38	0	93	40	0	99	55	92	0	372	52	69	52	112	30	0	22	0	33	78	0	0	63	0	100	55	161	156	448	69	591	24	0	91	30	0	93	31	0	99	52	77	0	372	45	38	0	93	12	0	22	0	9	0	0	0	40	0	99	55	92	0	372	52	69	52	112	34	0	0	26	27	52	0	0	30	0	22	0	33	78	0	0	63	0	100	55	161	156	448	69	574	14	0	69	24	0	91	26	0	98	34	65	0	364	23	30	0	93	12	0	22	0	9	0	0	0	31	0	99	52	77	0	372	45	38	0	93	12	0	0	11	10	0	0	0	12	0	22	0	9	0	0	0	40	0	99	55	92	0	372	52	69	52	112	15	0	14	98	15	0	0	103	34	0	0	26	27	52	0	0	30	0	22	0	33	78	0	0	63	0	100	55	161	156	448	69
612	596	68	74	58	580	33	28	46	68	74	58	56	14	48	47	145	210	290	46	564	25	23	46	33	28	46	30	14	47	47	75	56	230	41	68	74	58	22	45	11	0	32	63	0	0	56	14	48	47	145	210	290	46	548	19	9	38	25	23	46	20	9	47	31	57	41	230	39	33	28	46	4	0	11	0	7	0	0	0	30	14	47	47	75	56	230	41	68	74	58	25	45	0	59	26	45	58	0	22	45	11	0	32	63	0	0	56	14	48	47	145	210	290	46	532	11	0	8	19	9	38	16	0	46	0	46	9	190	23	25	23	46	4	0	11	0	7	0	0	0	20	9	47	31	57	41	230	39	33	28	46	8	0	0	0	8	0	46	0	4	0	11	0	7	0	0	0	30	14	47	47	75	56	230	41	68	74	58	13	0	14	24	21	0	58	168	25	45	0	59	26	45	58	0	22	45	11	0	32	63	0	0	56	14	48	47	145	210	290	46
749	729	80	127	75	709	43	93	33	80	127	75	51	164	15	55	197	323	150	226	689	36	89	31	43	93	33	40	156	14	53	114	251	66	161	80	127	75	29	48	0	12	44	98	0	0	51	164	15	55	197	323	150	226	669	28	70	19	36	89	31	24	148	14	31	94	241	62	112	43	93	33	10	26	0	0	7	42	0	0	40	156	14	53	114	251	66	161	80	127	75	37	88	0	43	40	101	75	17	29	48	0	12	44	98	0	0	51	164	15	55	197	323	150	226	649	16	22	0	28	70	19	22	88	13	0	76	184	38	75	36	89	31	10	22	0	0	7	39	0	0	24	148	14	31	94	241	62	112	43	93	33	12	0	0	0	11	55	33	0	10	26	0	0	7	42	0	0	40	156	14	53	114	251	66	161	80	127	75	16	44	38	0	22	56	300	126	37	88	0	43	40	101	75	17	29	48	0	12	44	98	0	0	51	164	15	55	197	323	150	226
652	634	83	124	25	616	43	96	0	83	124	25	60	86	0	0	205	320	75	128	598	35	94	0	43	96	0	45	86	0	0	114	258	0	81	83	124	25	31	26	0	0	49	83	0	0	60	86	0	0	205	320	75	128	580	26	77	0	35	94	0	29	82	0	0	94	251	0	51	43	96	0	10	20	0	0	7	44	0	0	45	86	0	0	114	258	0	81	83	124	25	29	149	0	0	46	70	0	0	31	26	0	0	49	83	0	0	60	86	0	0	205	320	75	128	562	14	47	0	26	77	0	23	61	0	0	73	201	0	23	35	94	0	10	20	0	0	7	44	0	0	29	82	0	0	94	251	0	51	43	96	0	5	80	0	0	13	40	0	0	10	20	0	0	7	44	0	0	45	86	0	0	114	258	0	81	83	124	25	16	81	24	0	30	40	75	0	29	149	0	0	46	70	0	0	31	26	0	0	49	83	0	0	60	86	0	0	205	320	75	128
605	589	44	39	115	573	25	0	77	44	39	115	42	0	45	123	80	13	345	195	557	17	0	76	25	0	77	19	0	42	119	56	0	231	139	44	39	115	18	0	9	14	4	0	0	0	42	0	45	123	80	13	345	195	541	8	0	76	17	0	76	8	0	42	119	35	0	228	139	25	0	77	2	0	0	14	4	0	0	0	19	0	42	119	56	0	231	139	44	39	115	8	0	30	0	5	0	0	0	18	0	9	14	4	0	0	0	42	0	45	123	80	13	345	195	525	7	0	75	8	0	76	5	0	42	115	18	0	228	129	17	0	76	2	0	0	13	4	0	0	0	8	0	42	119	35	0	228	139	25	0	77	8	0	0	0	5	0	0	0	2	0	0	14	4	0	0	0	19	0	42	119	56	0	231	139	44	39	115	6	0	7	13	15	0	0	0	8	0	30	0	5	0	0	0	18	0	9	14	4	0	0	0	42	0	45	123	80	13	345	195
525	511	57	45	62	497	34	22	21	57	45	62	54	32	32	11	118	62	124	270	483	26	10	21	34	22	21	33	10	31	11	84	54	42	172	57	45	62	18	20	20	0	11	0	62	0	54	32	32	11	118	62	124	270	469	14	0	21	26	10	21	19	0	31	11	63	20	42	170	34	22	21	4	0	0	0	8	0	21	0	33	10	31	11	84	54	42	172	57	45	62	14	0	74	0	13	0	62	0	18	20	20	0	11	0	62	0	54	32	32	11	118	62	124	270	455	8	0	21	14	0	21	8	0	31	11	36	0	42	148	26	10	21	2	0	0	0	8	0	21	0	19	0	31	11	63	20	42	170	34	22	21	8	0	0	0	10	0	21	0	4	0	0	0	8	0	21	0	33	10	31	11	84	54	42	172	57	45	62	8	0	29	0	19	39	0	0	14	0	74	0	13	0	62	0	18	20	20	0	11	0	62	0	54	32	32	11	118	62	124	270
596	580	50	81	45	564	20	29	21	50	81	45	29	106	33	22	87	147	225	170	548	14	8	21	20	29	21	16	16	31	22	43	45	105	139	50	81	45	11	40	9	0	6	0	90	0	29	106	33	22	87	147	225	170	532	9	0	21	14	8	21	7	0	31	22	26	8	105	139	20	29	21	0	0	0	0	3	0	42	0	16	16	31	22	43	45	105	139	50	81	45	0	0	9	0	6	0	45	0	11	40	9	0	6	0	90	0	29	106	33	22	87	147	225	170	516	9	0	21	9	0	21	7	0	31	22	18	0	105	129	14	8	21	0	0	0	0	3	0	42	0	7	0	31	22	26	8	105	139	20	29	21	0	0	0	0	3	0	21	0	0	0	0	0	3	0	42	0	16	16	31	22	43	45	105	139	50	81	45	0	0	0	0	15	0	0	0	0	0	9	0	6	0	45	0	11	40	9	0	6	0	90	0	29	106	33	22	87	147	225	170
632	615	65	86	67	598	34	54	11	65	86	67	47	132	13	22	141	181	134	393	581	28	20	11	34	54	11	30	60	11	22	91	116	22	243	65	86	67	16	40	20	0	16	0	201	0	47	132	13	22	141	181	134	393	564	17	0	11	28	20	11	21	0	11	22	75	30	22	236	34	54	11	4	0	0	0	10	0	33	0	30	60	11	22	91	116	22	243	65	86	67	14	0	74	0	19	0	134	0	16	40	20	0	16	0	201	0	47	132	13	22	141	181	134	393	547	11	0	11	17	0	11	10	0	11	22	49	0	22	191	28	20	11	2	0	0	0	10	0	33	0	21	0	11	22	75	30	22	236	34	54	11	8	0	0	0	13	0	22	0	4	0	0	0	10	0	33	0	30	60	11	22	91	116	22	243	65	86	67	12	0	29	0	24	45	0	0	14	0	74	0	19	0	134	0	16	40	20	0	16	0	201	0	47	132	13	22	141	181	134	393
505	491	55	71	9	477	25	39	0	55	71	9	37	47	0	0	103	138	45	58	463	18	29	0	25	39	0	19	17	0	0	57	71	0	46	55	71	9	11	25	9	0	8	0	9	0	37	47	0	0	103	138	45	58	449	13	24	0	18	29	0	9	12	0	0	39	46	0	46	25	39	0	0	0	0	0	5	0	0	0	19	17	0	0	57	71	0	46	55	71	9	6	0	9	0	8	0	9	0	11	25	9	0	8	0	9	0	37	47	0	0	103	138	45	58	435	10	24	0	13	24	0	9	12	0	0	32	36	0	38	18	29	0	0	0	0	0	5	0	0	0	9	12	0	0	39	46	0	46	25	39	0	0	0	0	0	5	0	0	0	0	0	0	0	5	0	0	0	19	17	0	0	57	71	0	46	55	71	9	2	0	0	0	13	33	0	0	6	0	9	0	8	0	9	0	11	25	9	0	8	0	9	0	37	47	0	0	103	138	45	58
407	396	22	0	81	385	10	0	30	22	0	81	11	0	61	54	43	0	0	298	374	5	0	29	10	0	30	1	0	0	52	17	0	0	130	20	0	81	0	0	43	11	0	0	0	0	11	0	61	54	39	0	0	298	363	5	0	29	5	0	29	1	0	0	52	9	0	0	129	8	0	30	0	0	0	11	0	0	0	0	1	0	0	52	13	0	0	130	20	0	81	0	0	0	0	1	0	0	0	0	0	43	11	0	0	0	0	11	0	61	54	39	0	0	298	352	5	0	29	5	0	29	1	0	0	52	9	0	0	129	3	0	29	0	0	0	11	0	0	0	0	1	0	0	52	5	0	0	129	8	0	30	0	0	0	0	1	0	0	0	0	0	0	11	0	0	0	0	1	0	0	52	13	0	0	130	20	0	81	0	0	0	0	11	0	0	0	0	0	0	0	1	0	0	0	0	0	43	11	0	0	0	0	11	0	61	54	39	0	0	298
407	396	25	0	73	385	11	0	31	25	0	73	11	0	31	69	51	0	0	231	374	8	0	29	11	0	31	7	0	0	63	20	0	0	119	25	0	73	0	0	23	22	3	0	0	0	11	0	31	69	51	0	0	231	363	8	0	29	8	0	29	7	0	0	63	15	0	0	118	11	0	31	0	0	0	22	3	0	0	0	7	0	0	63	20	0	0	119	25	0	73	0	0	0	0	3	0	0	0	0	0	23	22	3	0	0	0	11	0	31	69	51	0	0	231	352	8	0	29	8	0	29	7	0	0	63	15	0	0	118	8	0	29	0	0	0	22	3	0	0	0	7	0	0	63	15	0	0	118	11	0	31	0	0	0	0	3	0	0	0	0	0	0	22	3	0	0	0	7	0	0	63	20	0	0	119	25	0	73	0	0	0	0	8	0	0	0	0	0	0	0	3	0	0	0	0	0	23	22	3	0	0	0	11	0	31	69	51	0	0	231
403	392	38	28	23	381	18	0	0	38	28	23	19	0	51	0	85	56	92	121	370	14	0	0	18	0	0	10	0	0	0	40	0	0	32	38	28	23	0	0	33	0	5	0	0	0	19	0	51	0	85	56	92	121	359	14	0	0	14	0	0	10	0	0	0	34	0	0	32	18	0	0	0	0	0	0	5	0	0	0	10	0	0	0	40	0	0	32	38	28	23	0	0	0	0	6	0	0	0	0	0	33	0	5	0	0	0	19	0	51	0	85	56	92	121	348	14	0	0	14	0	0	10	0	0	0	34	0	0	32	14	0	0	0	0	0	0	5	0	0	0	10	0	0	0	34	0	0	32	18	0	0	0	0	0	0	6	0	0	0	0	0	0	0	5	0	0	0	10	0	0	0	40	0	0	32	38	28	23	4	0	0	0	17	0	0	0	0	0	0	0	6	0	0	0	0	0	33	0	5	0	0	0	19	0	51	0	85	56	92	121
303	294	29	15	26	285	15	8	0	29	15	26	15	0	21	0	63	16	26	169	276	13	8	0	15	8	0	12	0	0	0	32	16	0	98	29	15	26	3	0	13	0	4	0	0	0	15	0	21	0	63	16	26	169	267	12	8	0	13	8	0	12	0	0	0	29	16	0	97	15	8	0	1	0	0	0	3	0	0	0	12	0	0	0	32	16	0	98	28	15	26	4	0	0	0	3	8	0	0	3	0	13	0	4	0	0	0	15	0	21	0	60	16	26	169	258	10	8	0	12	8	0	10	0	0	0	24	16	0	97	13	8	0	1	0	0	0	3	0	0	0	12	0	0	0	29	16	0	97	14	8	0	0	0	0	0	2	8	0	0	1	0	0	0	3	0	0	0	12	0	0	0	29	16	0	98	26	15	26	2	0	0	0	3	16	0	0	4	0	0	0	3	8	0	0	3	0	13	0	4	0	0	0	13	0	21	0	55	16	26	169
513	498	52	81	13	483	21	50	0	52	81	13	24	60	21	0	109	165	65	54	468	16	50	0	21	50	0	9	60	0	0	51	100	0	21	52	81	13	8	0	13	0	3	30	0	0	24	60	21	0	109	165	65	54	453	14	50	0	16	50	0	6	60	0	0	40	100	0	21	21	50	0	1	0	0	0	3	30	0	0	9	60	0	0	51	100	0	21	52	81	13	1	0	0	0	7	20	0	0	8	0	13	0	3	30	0	0	24	60	21	0	109	165	65	54	438	14	50	0	14	50	0	6	60	0	0	37	100	0	21	16	50	0	1	0	0	0	3	30	0	0	6	60	0	0	40	100	0	21	21	50	0	1	0	0	0	6	20	0	0	1	0	0	0	3	30	0	0	9	60	0	0	51	100	0	21	52	81	13	6	0	0	0	22	0	0	0	1	0	0	0	7	20	0	0	8	0	13	0	3	30	0	0	24	60	21	0	109	165	65	54
567	551	49	51	86	535	20	15	60	49	51	86	22	0	125	105	114	117	258	36	519	18	15	20	20	15	60	14	0	109	0	56	45	180	0	49	51	86	0	0	26	67	20	0	0	183	22	0	125	105	114	117	258	36	503	18	15	0	18	15	20	14	0	53	0	52	45	60	0	20	15	60	0	0	26	0	11	0	0	53	14	0	109	0	56	45	180	0	49	51	86	9	0	0	0	24	0	0	133	0	0	26	67	20	0	0	183	22	0	125	105	114	117	258	36	487	14	15	0	18	15	0	14	0	0	0	52	45	0	0	18	15	20	0	0	22	0	8	0	0	53	14	0	53	0	52	45	60	0	20	15	60	0	0	0	0	13	0	0	79	0	0	26	0	11	0	0	53	14	0	109	0	56	45	180	0	49	51	86	9	0	0	0	25	48	0	0	9	0	0	0	24	0	0	133	0	0	26	67	20	0	0	183	22	0	125	105	114	117	258	36
323	314	27	8	37	305	11	0	18	27	8	37	9	0	37	60	65	8	37	36	296	11	0	0	11	0	18	9	0	28	0	29	0	18	0	27	8	37	0	0	0	0	8	0	0	112	9	0	37	60	65	8	37	36	287	11	0	0	11	0	0	9	0	0	0	29	0	0	0	11	0	18	0	0	0	0	5	0	0	32	9	0	28	0	29	0	18	0	27	8	37	0	0	0	0	9	0	0	0	0	0	0	0	8	0	0	112	9	0	37	60	65	8	37	36	278	11	0	0	11	0	0	9	0	0	0	29	0	0	0	11	0	0	0	0	0	0	5	0	0	32	9	0	0	0	29	0	0	0	11	0	18	0	0	0	0	5	0	0	0	0	0	0	0	5	0	0	32	9	0	28	0	29	0	18	0	27	8	37	4	0	0	0	17	0	0	0	0	0	0	0	9	0	0	0	0	0	0	0	8	0	0	112	9	0	37	60	65	8	37	36
483	469	54	63	24	455	20	33	10	54	63	24	25	22	24	20	125	221	96	36	441	18	33	0	20	33	10	15	22	20	0	51	143	40	0	54	63	24	15	0	0	0	27	24	0	67	25	22	24	20	125	221	96	36	427	15	33	0	18	33	0	13	22	0	0	46	143	0	0	20	33	10	0	0	0	0	6	22	0	11	15	22	20	0	51	143	40	0	54	63	24	14	0	0	0	26	34	0	0	15	0	0	0	27	24	0	67	25	22	24	20	125	221	96	36	413	10	29	0	15	33	0	11	22	0	0	40	143	0	0	18	33	0	0	0	0	0	6	22	0	11	13	22	0	0	46	143	0	0	20	33	10	0	0	0	0	7	33	0	0	0	0	0	0	6	22	0	11	15	22	20	0	51	143	40	0	54	63	24	5	28	0	0	14	39	0	0	14	0	0	0	26	34	0	0	15	0	0	0	27	24	0	67	25	22	24	20	125	221	96	36
311	302	26	15	19	293	10	14	0	26	15	19	8	7	0	0	61	21	0	62	284	10	14	0	10	14	0	8	7	0	0	28	21	0	0	26	15	19	0	0	0	0	5	0	0	0	8	7	0	0	61	21	0	62	275	10	14	0	10	14	0	8	7	0	0	28	21	0	0	10	14	0	0	0	0	0	5	0	0	0	8	7	0	0	28	21	0	0	26	15	19	0	0	0	0	7	0	0	0	0	0	0	0	5	0	0	0	8	7	0	0	61	21	0	62	266	10	14	0	10	14	0	8	7	0	0	28	21	0	0	10	14	0	0	0	0	0	5	0	0	0	8	7	0	0	28	21	0	0	10	14	0	0	0	0	0	6	0	0	0	0	0	0	0	5	0	0	0	8	7	0	0	28	21	0	0	26	15	19	4	0	0	0	16	0	0	0	0	0	0	0	7	0	0	0	0	0	0	0	5	0	0	0	8	7	0	0	61	21	0	62
355	345	42	25	5	335	19	0	0	42	25	5	14	0	0	0	108	75	25	13	325	19	0	0	19	0	0	14	0	0	0	55	0	0	0	42	25	5	5	0	0	0	28	0	0	0	14	0	0	0	108	75	25	13	315	18	0	0	19	0	0	14	0	0	0	55	0	0	0	19	0	0	0	0	0	0	8	0	0	0	14	0	0	0	55	0	0	0	42	25	5	14	0	0	0	28	5	0	0	5	0	0	0	28	0	0	0	14	0	0	0	108	75	25	13	305	13	0	0	18	0	0	13	0	0	0	53	0	0	0	19	0	0	0	0	0	0	8	0	0	0	14	0	0	0	55	0	0	0	19	0	0	0	0	0	0	10	0	0	0	0	0	0	0	8	0	0	0	14	0	0	0	55	0	0	0	42	25	5	9	0	0	0	11	25	0	0	14	0	0	0	28	5	0	0	5	0	0	0	28	0	0	0	14	0	0	0	108	75	25	13
524	509	41	14	118	494	23	0	79	41	14	118	23	0	38	89	112	14	118	152	479	20	0	72	23	0	79	20	0	36	73	72	0	79	88	41	14	118	10	0	0	60	29	42	0	0	23	0	38	89	112	14	118	152	464	14	0	44	20	0	72	11	0	36	20	63	0	72	20	23	0	79	0	0	0	0	6	0	0	0	20	0	36	73	72	0	79	88	41	14	118	16	0	20	88	31	42	0	112	10	0	0	60	29	42	0	0	23	0	38	89	112	14	118	152	449	6	0	14	14	0	44	6	0	29	0	46	0	44	0	20	0	72	0	0	0	0	6	0	0	0	11	0	36	20	63	0	72	20	23	0	79	0	0	20	0	10	0	0	32	0	0	0	0	6	0	0	0	20	0	36	73	72	0	79	88	41	14	118	8	0	27	42	8	0	0	158	16	0	20	88	31	42	0	112	10	0	0	60	29	42	0	0	23	0	38	89	112	14	118	152
548	532	60	74	53	516	26	28	47	60	74	53	44	14	73	13	134	178	265	5	500	18	23	47	26	28	47	23	14	71	13	72	42	235	0	60	74	53	18	45	22	0	29	54	0	0	44	14	73	13	134	178	265	5	484	10	9	42	18	23	47	9	9	71	11	50	32	235	0	26	28	47	2	0	22	0	4	0	0	0	23	14	71	13	72	42	235	0	60	74	53	13	45	31	43	29	45	53	0	18	45	22	0	29	54	0	0	44	14	73	13	134	178	265	5	468	3	0	17	10	9	42	4	0	64	0	30	9	210	0	18	23	47	0	0	22	0	4	0	0	0	9	9	71	11	50	32	235	0	26	28	47	0	0	31	0	7	0	47	0	2	0	22	0	4	0	0	0	23	14	71	13	72	42	235	0	60	74	53	8	0	31	58	15	0	53	100	13	45	31	43	29	45	53	0	18	45	22	0	29	54	0	0	44	14	73	13	134	178	265	5
416	404	51	32	37	392	25	0	24	51	32	37	38	0	50	13	122	88	148	29	380	18	0	24	25	0	24	21	0	48	13	71	0	96	10	51	32	37	17	0	22	0	25	40	0	0	38	0	50	13	122	88	148	29	368	12	0	22	18	0	24	8	0	48	11	52	0	96	0	25	0	24	2	0	22	0	5	0	0	0	21	0	48	13	71	0	96	10	51	32	37	16	0	11	22	28	32	0	0	17	0	22	0	25	40	0	0	38	0	50	13	122	88	148	29	356	5	0	7	12	0	22	6	0	44	0	39	0	88	0	18	0	24	0	0	22	0	5	0	0	0	8	0	48	11	52	0	96	0	25	0	24	0	0	11	0	10	0	0	0	2	0	22	0	5	0	0	0	21	0	48	13	71	0	96	10	51	32	37	8	0	18	28	8	0	0	75	16	0	11	22	28	32	0	0	17	0	22	0	25	40	0	0	38	0	50	13	122	88	148	29
611	593	57	83	87	575	25	56	57	57	83	87	27	42	38	71	139	227	174	115	557	21	56	48	25	56	57	20	42	36	58	68	182	114	70	57	83	87	20	0	0	65	44	50	0	0	27	42	38	71	139	227	174	115	539	13	50	18	21	56	48	11	42	36	11	59	182	96	20	25	56	57	0	0	0	0	5	14	0	0	20	42	36	58	68	182	114	70	57	83	87	15	72	20	43	40	64	0	138	20	0	0	65	44	50	0	0	27	42	38	71	139	227	174	115	521	7	12	0	13	50	18	4	36	29	0	37	162	36	0	21	56	48	0	0	0	0	5	14	0	0	11	42	36	11	59	182	96	20	25	56	57	0	0	20	0	8	28	0	32	0	0	0	0	5	14	0	0	20	42	36	58	68	182	114	70	57	83	87	6	24	27	0	7	14	261	100	15	72	20	43	40	64	0	138	20	0	0	65	44	50	0	0	27	42	38	71	139	227	174	115
408	396	51	42	24	384	23	20	0	51	42	24	32	10	0	0	122	147	72	115	372	18	20	0	23	20	0	19	10	0	0	62	100	0	70	51	42	24	23	0	0	0	27	43	0	0	32	10	0	0	122	147	72	115	360	11	17	0	18	20	0	8	10	0	0	48	100	0	20	23	20	0	0	0	0	0	3	20	0	0	19	10	0	0	62	100	0	70	51	42	24	16	21	0	0	27	52	0	0	23	0	0	0	27	43	0	0	32	10	0	0	122	147	72	115	348	5	7	0	11	17	0	5	7	0	0	32	85	0	0	18	20	0	0	0	0	0	3	20	0	0	8	10	0	0	48	100	0	20	23	20	0	0	0	0	0	7	30	0	0	0	0	0	0	3	20	0	0	19	10	0	0	62	100	0	70	51	42	24	5	21	7	0	7	10	24	0	16	21	0	0	27	52	0	0	23	0	0	0	27	43	0	0	32	10	0	0	122	147	72	115
541	525	38	39	98	509	19	0	67	38	39	98	36	0	52	91	81	26	294	114	493	10	0	66	19	0	67	15	0	48	87	47	0	201	71	38	39	98	14	0	30	13	2	0	0	0	36	0	52	91	81	26	294	114	477	2	0	66	10	0	66	1	0	48	87	24	0	198	71	19	0	67	0	0	19	13	2	0	0	0	15	0	48	87	47	0	201	71	38	39	98	0	0	29	0	5	0	0	0	14	0	30	13	2	0	0	0	36	0	52	91	81	26	294	114	461	1	0	64	2	0	66	0	0	48	79	6	0	198	64	10	0	66	0	0	19	11	2	0	0	0	1	0	48	87	24	0	198	71	19	0	67	0	0	11	0	5	0	0	0	0	0	19	13	2	0	0	0	15	0	48	87	47	0	201	71	38	39	98	3	0	7	22	10	0	0	0	0	0	29	0	5	0	0	0	14	0	30	13	2	0	0	0	36	0	52	91	81	26	294	114
498	483	48	73	30	468	19	26	11	48	73	30	26	94	26	22	100	151	150	90	453	13	7	11	19	26	11	17	14	22	22	45	47	55	71	48	73	30	10	35	22	0	4	0	60	0	26	94	26	22	100	151	150	90	438	7	0	11	13	7	11	5	0	22	22	29	7	55	71	19	26	11	1	0	11	0	1	0	22	0	17	14	22	22	45	47	55	71	48	73	30	0	0	22	0	6	0	30	0	10	35	22	0	4	0	60	0	26	94	26	22	100	151	150	90	423	7	0	11	7	0	11	5	0	22	22	17	0	55	64	13	7	11	1	0	11	0	1	0	22	0	5	0	22	22	29	7	55	71	19	26	11	0	0	11	0	4	0	11	0	1	0	11	0	1	0	22	0	17	14	22	22	45	47	55	71	48	73	30	6	0	0	0	20	0	0	0	0	0	22	0	6	0	30	0	10	35	22	0	4	0	60	0	26	94	26	22	100	151	150	90
623	604	65	110	81	585	33	87	24	65	110	81	39	141	0	86	165	246	81	319	566	27	51	23	33	87	24	25	99	0	82	102	213	24	207	65	110	81	24	33	35	13	27	0	243	0	39	141	0	86	165	246	81	319	547	16	18	23	27	51	23	17	0	0	82	85	106	23	191	33	87	24	5	0	20	13	10	0	72	0	25	99	0	82	102	213	24	207	65	110	81	15	0	78	0	25	30	243	0	24	33	35	13	27	0	243	0	39	141	0	86	165	246	81	319	528	9	15	18	16	18	23	11	0	0	65	56	18	23	126	27	51	23	5	0	20	11	10	0	69	0	17	0	0	82	85	106	23	191	33	87	24	2	0	20	0	13	24	72	0	5	0	20	13	10	0	72	0	25	99	0	82	102	213	24	207	65	110	81	9	45	19	43	27	75	0	0	15	0	78	0	25	30	243	0	24	33	35	13	27	0	243	0	39	141	0	86	165	246	81	319
338	328	34	16	36	318	20	0	0	34	16	36	34	0	0	0	76	8	72	201	308	13	0	0	20	0	0	17	0	0	0	55	0	0	128	34	16	36	12	0	9	0	3	0	0	0	34	0	0	0	76	8	72	201	298	3	0	0	13	0	0	4	0	0	0	36	0	0	119	20	0	0	0	0	0	0	3	0	0	0	17	0	0	0	55	0	0	128	34	16	36	0	0	52	0	7	0	0	0	12	0	9	0	3	0	0	0	34	0	0	0	76	8	72	201	288	1	0	0	3	0	0	0	0	0	0	9	0	0	82	13	0	0	0	0	0	0	3	0	0	0	4	0	0	0	36	0	0	119	20	0	0	0	0	0	0	7	0	0	0	0	0	0	0	3	0	0	0	17	0	0	0	55	0	0	128	34	16	36	3	0	19	0	11	0	0	0	0	0	52	0	7	0	0	0	12	0	9	0	3	0	0	0	34	0	0	0	76	8	72	201
365	354	41	39	9	343	19	14	0	41	39	9	30	29	0	0	91	77	36	53	332	13	5	0	19	14	0	17	5	0	0	52	33	0	47	41	39	9	8	20	9	0	6	0	9	0	30	29	0	0	91	77	36	53	321	8	0	0	13	5	0	5	0	0	0	36	10	0	47	19	14	0	0	0	0	0	2	0	0	0	17	5	0	0	52	33	0	47	41	39	9	8	0	9	0	11	0	9	0	8	20	9	0	6	0	9	0	30	29	0	0	91	77	36	53	310	4	0	0	8	0	0	5	0	0	0	26	0	0	42	13	5	0	0	0	0	0	2	0	0	0	5	0	0	0	36	10	0	47	19	14	0	0	0	0	0	8	0	0	0	0	0	0	0	2	0	0	0	17	5	0	0	52	33	0	47	41	39	9	8	0	0	0	15	40	0	0	8	0	9	0	11	0	9	0	8	20	9	0	6	0	9	0	30	29	0	0	91	77	36	53
362	351	15	10	68	340	3	0	31	15	10	68	4	0	43	44	32	20	68	173	329	0	0	29	3	0	31	0	0	21	40	4	0	31	78	15	10	68	0	0	27	22	0	0	0	0	4	0	43	44	32	20	68	173	318	0	0	29	0	0	29	0	0	19	40	0	0	29	77	3	0	31	0	0	13	22	0	0	0	0	0	0	21	40	4	0	31	78	15	10	68	0	0	0	0	0	0	0	0	0	0	27	22	0	0	0	0	4	0	43	44	32	20	68	173	307	0	0	29	0	0	29	0	0	19	40	0	0	29	77	0	0	29	0	0	11	22	0	0	0	0	0	0	19	40	0	0	29	77	3	0	31	0	0	0	0	0	0	0	0	0	0	13	22	0	0	0	0	0	0	21	40	4	0	31	78	15	10	68	0	0	0	0	8	0	0	0	0	0	0	0	0	0	0	0	0	0	27	22	0	0	0	0	4	0	43	44	32	20	68	173
392	380	41	32	36	368	19	0	21	41	32	36	19	0	43	34	105	80	144	39	356	16	0	19	19	0	21	15	0	21	30	53	0	84	11	41	32	36	7	0	27	22	6	0	0	0	19	0	43	34	105	80	144	39	344	16	0	19	16	0	19	15	0	19	30	49	0	76	11	19	0	21	7	0	13	22	5	0	0	0	15	0	21	30	53	0	84	11	41	32	36	2	0	0	0	4	0	0	0	7	0	27	22	6	0	0	0	19	0	43	34	105	80	144	39	332	16	0	19	16	0	19	15	0	19	30	49	0	76	11	16	0	19	7	0	11	22	5	0	0	0	15	0	19	30	49	0	76	11	19	0	21	2	0	0	0	4	0	0	0	7	0	13	22	5	0	0	0	15	0	21	30	53	0	84	11	41	32	36	7	0	0	0	22	0	0	0	2	0	0	0	4	0	0	0	7	0	27	22	6	0	0	0	19	0	43	34	105	80	144	39
264	256	18	0	44	248	6	0	0	18	0	44	12	0	52	0	44	0	0	254	240	1	0	0	6	0	0	0	0	0	0	12	0	0	102	18	0	44	0	0	45	0	0	0	0	0	12	0	52	0	44	0	0	254	232	1	0	0	1	0	0	0	0	0	0	1	0	0	100	6	0	0	0	0	0	0	0	0	0	0	0	0	0	0	12	0	0	102	18	0	44	0	0	0	0	2	0	0	0	0	0	45	0	0	0	0	0	12	0	52	0	44	0	0	254	224	1	0	0	1	0	0	0	0	0	0	1	0	0	100	1	0	0	0	0	0	0	0	0	0	0	0	0	0	0	1	0	0	100	6	0	0	0	0	0	0	2	0	0	0	0	0	0	0	0	0	0	0	0	0	0	0	12	0	0	102	18	0	44	3	0	0	0	9	0	0	0	0	0	0	0	2	0	0	0	0	0	45	0	0	0	0	0	12	0	52	0	44	0	0	254
263	255	24	7	25	247	8	0	0	24	7	25	8	0	19	0	60	21	25	137	239	6	0	0	8	0	0	5	0	0	0	19	0	0	78	24	7	25	1	0	12	0	1	0	0	0	8	0	19	0	60	21	25	137	231	6	0	0	6	0	0	5	0	0	0	16	0	0	77	8	0	0	1	0	0	0	1	0	0	0	5	0	0	0	19	0	0	78	24	7	25	0	0	0	0	2	0	0	0	1	0	12	0	1	0	0	0	8	0	19	0	60	21	25	137	223	6	0	0	6	0	0	5	0	0	0	16	0	0	77	6	0	0	1	0	0	0	1	0	0	0	5	0	0	0	16	0	0	77	8	0	0	0	0	0	0	2	0	0	0	1	0	0	0	1	0	0	0	5	0	0	0	19	0	0	78	24	7	25	3	0	0	0	11	0	0	0	0	0	0	0	2	0	0	0	1	0	12	0	1	0	0	0	8	0	19	0	60	21	25	137
359	347	44	52	7	335	15	33	0	44	52	7	13	34	14	0	111	106	35	30	323	14	32	0	15	33	0	11	32	0	0	49	57	0	11	44	52	7	6	8	7	0	8	0	0	0	13	34	14	0	111	106	35	30	311	14	32	0	14	32	0	11	32	0	0	48	56	0	11	15	33	0	6	8	0	0	6	0	0	0	11	32	0	0	49	57	0	11	44	52	7	3	0	0	0	9	0	0	0	6	8	7	0	8	0	0	0	13	34	14	0	111	106	35	30	299	14	32	0	14	32	0	11	32	0	0	48	56	0	11	14	32	0	6	8	0	0	6	0	0	0	11	32	0	0	48	56	0	11	15	33	0	3	0	0	0	6	0	0	0	6	8	0	0	6	0	0	0	11	32	0	0	49	57	0	11	44	52	7	12	0	0	0	29	0	0	0	3	0	0	0	9	0	0	0	6	8	7	0	8	0	0	0	13	34	14	0	111	106	35	30
510	494	48	28	114	478	24	0	83	48	28	114	19	0	107	94	126	42	228	111	462	24	0	56	24	0	83	19	0	97	42	72	0	166	52	48	28	114	7	0	0	92	17	0	0	111	19	0	107	94	126	42	228	111	446	24	0	42	24	0	56	19	0	48	38	72	0	112	48	24	0	83	7	0	0	40	7	0	0	35	19	0	97	42	72	0	166	52	48	28	114	11	0	0	52	19	0	0	53	7	0	0	92	17	0	0	111	19	0	107	94	126	42	228	111	430	20	0	42	24	0	42	19	0	31	38	72	0	84	48	24	0	56	7	0	0	40	7	0	0	34	19	0	48	38	72	0	112	48	24	0	83	3	0	0	52	10	0	0	47	7	0	0	40	7	0	0	35	19	0	97	42	72	0	166	52	48	28	114	17	0	0	0	30	56	0	0	11	0	0	52	19	0	0	53	7	0	0	92	17	0	0	111	19	0	107	94	126	42	228	111
398	385	68	53	17	372	35	23	14	68	53	17	35	0	28	0	185	157	85	7	359	33	23	13	35	23	14	26	0	28	0	101	67	70	0	68	53	17	27	0	0	13	39	17	0	0	35	0	28	0	185	157	85	7	346	29	22	10	33	23	13	24	0	26	0	99	67	65	0	35	23	14	7	0	0	10	7	11	0	0	26	0	28	0	101	67	70	0	68	53	17	33	11	0	30	34	34	0	0	27	0	0	13	39	17	0	0	35	0	28	0	185	157	85	7	333	21	17	10	29	22	10	22	0	20	0	87	66	50	0	33	23	13	7	0	0	10	7	11	0	0	24	0	26	0	99	67	65	0	35	23	14	11	11	0	30	12	22	0	0	7	0	0	10	7	11	0	0	26	0	28	0	101	67	70	0	68	53	17	12	30	0	0	27	48	0	0	33	11	0	30	34	34	0	0	27	0	0	13	39	17	0	0	35	0	28	0	185	157	85	7
466	451	64	57	51	436	32	26	23	64	57	51	28	13	57	66	167	181	153	68	421	31	26	0	32	26	23	23	13	45	0	93	117	69	21	64	57	51	17	0	0	0	26	13	0	120	28	13	57	66	167	181	153	68	406	29	26	0	31	26	0	21	13	0	0	91	117	0	19	32	26	23	7	0	0	0	7	13	0	35	23	13	45	0	93	117	69	21	64	57	51	29	0	0	0	28	26	0	0	17	0	0	0	26	13	0	120	28	13	57	66	167	181	153	68	391	22	23	0	29	26	0	21	13	0	0	84	117	0	19	31	26	0	7	0	0	0	7	13	0	34	21	13	0	0	91	117	0	19	32	26	23	12	0	0	0	12	26	0	0	7	0	0	0	7	13	0	35	23	13	45	0	93	117	69	21	64	57	51	17	30	0	0	34	70	0	0	29	0	0	0	28	26	0	0	17	0	0	0	26	13	0	120	28	13	57	66	167	181	153	68
500	483	78	107	23	466	32	73	11	78	107	23	42	74	36	11	195	351	92	43	449	27	68	0	32	73	11	18	68	33	0	88	262	44	21	78	107	23	12	59	0	0	28	54	0	81	42	74	36	11	195	351	92	43	432	25	66	0	27	68	0	16	66	0	0	78	248	0	19	32	73	11	2	55	0	0	4	44	0	24	18	68	33	0	88	262	44	21	78	107	23	27	22	0	0	41	22	0	0	12	59	0	0	28	54	0	81	42	74	36	11	195	351	92	43	415	18	62	0	25	66	0	16	66	0	0	71	242	0	19	27	68	0	2	55	0	0	4	44	0	23	16	66	0	0	78	248	0	19	32	73	11	10	22	0	0	12	22	0	0	2	55	0	0	4	44	0	24	18	68	33	0	88	262	44	21	78	107	23	16	28	0	0	37	49	0	0	27	22	0	0	41	22	0	0	12	59	0	0	28	54	0	81	42	74	36	11	195	351	92	43
323	312	40	39	11	301	14	29	0	40	39	11	11	30	0	0	99	92	11	43	290	14	28	0	14	29	0	11	28	0	0	44	78	0	21	40	39	11	6	7	0	0	11	0	0	0	11	30	0	0	99	92	11	43	279	14	28	0	14	28	0	11	28	0	0	44	77	0	19	14	29	0	6	7	0	0	6	0	0	0	11	28	0	0	44	78	0	21	40	39	11	3	0	0	0	11	0	0	0	6	7	0	0	11	0	0	0	11	30	0	0	99	92	11	43	268	14	28	0	14	28	0	11	28	0	0	44	77	0	19	14	28	0	6	7	0	0	6	0	0	0	11	28	0	0	44	77	0	19	14	29	0	3	0	0	0	6	0	0	0	6	7	0	0	6	0	0	0	11	28	0	0	44	78	0	21	40	39	11	12	0	0	0	29	0	0	0	3	0	0	0	11	0	0	0	6	7	0	0	11	0	0	0	11	30	0	0	99	92	11	43
495	479	54	15	135	463	37	0	83	54	15	135	36	0	14	119	153	30	135	216	447	33	0	75	37	0	83	26	0	14	104	106	0	83	131	54	15	135	20	0	0	76	29	45	0	0	36	0	14	119	153	30	135	216	431	29	0	47	33	0	75	20	0	14	48	97	0	75	69	37	0	83	6	0	0	26	8	0	0	0	26	0	14	104	106	0	83	131	54	15	135	34	0	0	108	31	30	0	111	20	0	0	76	29	45	0	0	36	0	14	119	153	30	135	216	415	17	0	21	29	0	47	18	0	12	31	89	0	47	52	33	0	75	6	0	0	22	8	0	0	0	20	0	14	48	97	0	75	69	37	0	83	12	0	0	32	16	0	0	35	6	0	0	26	8	0	0	0	26	0	14	104	106	0	83	131	54	15	135	5	0	38	52	9	0	0	140	34	0	0	108	31	30	0	111	20	0	0	76	29	45	0	0	36	0	14	119	153	30	135	216
397	384	63	44	43	371	39	8	28	63	44	43	44	32	14	28	157	96	172	40	358	33	0	28	39	8	28	26	0	14	28	109	0	112	25	63	44	43	27	0	0	0	26	48	43	0	44	32	14	28	157	96	172	40	345	27	0	25	33	0	28	17	0	14	26	92	0	112	13	39	8	28	6	0	0	0	8	0	28	0	26	0	14	28	109	0	112	25	63	44	43	35	0	0	37	29	32	0	0	27	0	0	0	26	48	43	0	44	32	14	28	157	96	172	40	332	17	0	10	27	0	25	15	0	12	20	81	0	100	10	33	0	28	6	0	0	0	8	0	28	0	17	0	14	26	92	0	112	13	39	8	28	13	0	0	10	16	0	0	0	6	0	0	0	8	0	28	0	26	0	14	28	109	0	112	25	63	44	43	7	0	13	30	12	0	0	87	35	0	0	37	29	32	0	0	27	0	0	0	26	48	43	0	44	32	14	28	157	96	172	40
512	495	75	89	56	478	38	42	47	75	89	56	50	28	46	36	175	239	280	17	461	30	32	46	38	42	47	23	28	46	33	98	84	235	14	75	89	56	17	90	0	11	27	63	0	0	50	28	46	36	175	239	280	17	444	25	9	30	30	32	46	13	18	46	0	78	59	230	13	38	42	47	1	0	0	0	4	0	0	0	23	28	46	33	98	84	235	14	75	89	56	28	45	0	45	39	45	112	81	17	90	0	11	27	63	0	0	50	28	46	36	175	239	280	17	427	16	0	7	25	9	30	13	0	41	0	70	9	150	10	30	32	46	1	0	0	0	4	0	0	0	13	18	46	0	78	59	230	13	38	42	47	11	0	0	0	18	0	94	24	1	0	0	0	4	0	0	0	23	28	46	33	98	84	235	14	75	89	56	11	0	21	28	22	0	56	111	28	45	0	45	39	45	112	81	17	90	0	11	27	63	0	0	50	28	46	36	175	239	280	17
504	487	75	84	62	470	42	60	21	75	84	62	49	48	0	45	201	248	124	205	453	36	60	16	42	60	21	32	48	0	38	122	192	42	131	75	84	62	38	0	0	31	42	52	0	0	49	48	0	45	201	248	124	205	436	27	52	0	36	60	16	23	48	0	0	108	192	32	69	42	60	21	8	0	0	0	7	12	0	0	32	48	0	38	122	192	42	131	75	84	62	33	80	0	0	41	78	0	90	38	0	0	31	42	52	0	0	49	48	0	45	201	248	124	205	419	16	10	0	27	52	0	15	40	0	0	82	168	0	52	36	60	16	8	0	0	0	7	12	0	0	23	48	0	0	108	192	32	69	42	60	21	13	0	0	0	17	48	0	24	8	0	0	0	7	12	0	0	32	48	0	38	122	192	42	131	75	84	62	7	20	38	0	9	36	248	0	33	80	0	0	41	78	0	90	38	0	0	31	42	52	0	0	49	48	0	45	201	248	124	205
483	466	82	106	23	449	42	82	0	82	106	23	52	39	0	0	218	307	69	91	432	36	82	0	42	82	0	35	39	0	0	125	249	0	48	82	106	23	38	0	0	0	41	38	0	0	52	39	0	0	218	307	69	91	415	27	64	0	36	82	0	26	39	0	0	111	249	0	13	42	82	0	8	0	0	0	7	10	0	0	35	39	0	0	125	249	0	48	82	106	23	23	153	0	0	52	61	0	0	38	0	0	0	41	38	0	0	52	39	0	0	218	307	69	91	398	16	40	0	27	64	0	18	30	0	0	85	195	0	10	36	82	0	8	0	0	0	7	10	0	0	26	39	0	0	111	249	0	13	42	82	0	4	90	0	0	17	40	0	0	8	0	0	0	7	10	0	0	35	39	0	0	125	249	0	48	82	106	23	6	30	23	0	19	30	69	0	23	153	0	0	52	61	0	0	38	0	0	0	41	38	0	0	52	39	0	0	218	307	69	91
477	461	52	39	97	445	32	0	69	52	39	97	43	0	47	53	104	13	291	122	429	23	0	69	32	0	69	20	0	39	53	79	0	207	75	52	39	97	17	0	18	0	3	0	0	0	43	0	47	53	104	13	291	122	413	14	0	69	23	0	69	8	0	39	53	54	0	207	74	32	0	69	1	0	0	0	3	0	0	0	20	0	39	53	79	0	207	75	52	39	97	10	0	30	0	10	0	0	0	17	0	18	0	3	0	0	0	43	0	47	53	104	13	291	122	397	14	0	67	14	0	69	8	0	39	47	37	0	207	55	23	0	69	1	0	0	0	3	0	0	0	8	0	39	53	54	0	207	74	32	0	69	10	0	0	0	10	0	0	0	1	0	0	0	3	0	0	0	20	0	39	53	79	0	207	75	52	39	97	6	0	0	24	12	0	0	0	10	0	30	0	10	0	0	0	17	0	18	0	3	0	0	0	43	0	47	53	104	13	291	122
452	436	75	83	44	420	43	60	10	75	83	44	54	56	28	0	168	181	88	184	404	35	48	10	43	60	10	33	35	20	0	116	168	20	96	75	83	44	20	31	18	0	10	0	44	0	54	56	28	0	168	181	88	184	388	21	38	10	35	48	10	22	26	20	0	94	135	20	90	43	60	10	2	13	0	0	4	0	10	0	33	35	20	0	116	168	20	96	75	83	44	15	12	70	0	26	24	44	0	20	31	18	0	10	0	44	0	54	56	28	0	168	181	88	184	372	17	36	10	21	38	10	12	25	20	0	58	113	20	55	35	48	10	2	13	0	0	4	0	10	0	22	26	20	0	94	135	20	90	43	60	10	9	11	0	0	17	22	10	0	2	13	0	0	4	0	10	0	33	35	20	0	116	168	20	96	75	83	44	9	23	10	0	19	36	0	0	15	12	70	0	26	24	44	0	20	31	18	0	10	0	44	0	54	56	28	0	168	181	88	184
498	481	57	89	50	464	26	32	31	57	89	50	30	118	28	21	112	176	250	99	447	19	9	31	26	32	31	17	18	20	21	60	59	155	75	57	89	50	12	45	18	0	4	0	100	0	30	118	28	21	112	176	250	99	430	14	0	31	19	9	31	7	0	20	21	40	9	155	74	26	32	31	1	0	0	0	2	0	62	0	17	18	20	21	60	59	155	75	57	89	50	1	0	9	0	15	0	50	0	12	45	18	0	4	0	100	0	30	118	28	21	112	176	250	99	413	14	0	28	14	0	31	7	0	20	18	32	0	155	55	19	9	31	1	0	0	0	2	0	62	0	7	0	20	21	40	9	155	74	26	32	31	1	0	0	0	8	0	31	0	1	0	0	0	2	0	62	0	17	18	20	21	60	59	155	75	57	89	50	6	0	0	21	16	0	0	0	1	0	9	0	15	0	50	0	12	45	18	0	4	0	100	0	30	118	28	21	112	176	250	99
488	471	78	95	49	454	44	65	0	78	95	49	50	120	8	0	177	209	98	319	437	38	34	0	44	65	0	33	54	0	0	121	146	0	179	78	95	49	22	36	18	0	11	0	147	0	50	120	8	0	177	209	98	319	420	25	16	0	38	34	0	27	0	0	0	105	59	0	165	44	65	0	6	0	0	0	7	0	0	0	33	54	0	0	121	146	0	179	78	95	49	17	0	70	0	31	28	98	0	22	36	18	0	11	0	147	0	50	120	8	0	177	209	98	319	403	21	16	0	25	16	0	17	0	0	0	70	32	0	102	38	34	0	6	0	0	0	7	0	0	0	27	0	0	0	105	59	0	165	44	65	0	11	0	0	0	19	22	0	0	6	0	0	0	7	0	0	0	33	54	0	0	121	146	0	179	78	95	49	15	0	10	0	23	42	0	0	17	0	70	0	31	28	98	0	22	36	18	0	11	0	147	0	50	120	8	0	177	209	98	319
439	423	72	97	9	407	36	63	0	72	97	9	45	71	0	0	150	216	45	56	391	27	53	0	36	63	0	26	41	0	0	89	143	0	47	72	97	9	18	25	18	0	7	13	9	0	45	71	0	0	150	216	45	56	375	20	48	0	27	53	0	15	36	0	0	65	118	0	46	36	63	0	3	0	0	0	1	12	0	0	26	41	0	0	89	143	0	47	72	97	9	7	0	9	0	14	22	9	0	18	25	18	0	7	13	9	0	45	71	0	0	150	216	45	56	359	17	47	0	20	48	0	9	36	0	0	49	108	0	30	27	53	0	3	0	0	0	1	12	0	0	15	36	0	0	65	118	0	46	36	63	0	1	0	0	0	9	20	0	0	3	0	0	0	1	12	0	0	26	41	0	0	89	143	0	47	72	97	9	7	11	0	0	10	33	0	0	7	0	9	0	14	22	9	0	18	25	18	0	7	13	9	0	45	71	0	0	150	216	45	56
363	350	36	22	83	337	20	22	30	36	22	83	18	0	59	74	79	44	0	249	324	14	22	22	20	22	30	7	0	0	42	45	44	0	110	36	22	83	1	0	41	0	1	11	0	43	18	0	59	74	79	44	0	249	311	14	22	22	14	22	22	7	0	0	42	35	44	0	110	20	22	30	1	0	0	0	1	11	0	28	7	0	0	42	45	44	0	110	36	22	83	1	0	0	0	6	0	0	0	1	0	41	0	1	11	0	43	18	0	59	74	79	44	0	249	298	14	22	22	14	22	22	7	0	0	42	35	44	0	110	14	22	22	1	0	0	0	1	11	0	28	7	0	0	42	35	44	0	110	20	22	30	1	0	0	0	6	0	0	0	1	0	0	0	1	11	0	28	7	0	0	42	45	44	0	110	36	22	83	3	0	0	0	9	0	0	0	1	0	0	0	6	0	0	0	1	0	41	0	1	11	0	43	18	0	59	74	79	44	0	249
261	252	21	0	57	243	12	0	17	21	0	57	9	0	32	37	49	0	0	200	234	9	0	17	12	0	17	5	0	0	37	27	0	0	110	21	0	57	1	0	23	0	2	0	0	0	9	0	32	37	49	0	0	200	225	9	0	17	9	0	17	5	0	0	37	22	0	0	110	12	0	17	1	0	0	0	2	0	0	0	5	0	0	37	27	0	0	110	21	0	57	1	0	0	0	4	0	0	0	1	0	23	0	2	0	0	0	9	0	32	37	49	0	0	200	216	9	0	17	9	0	17	5	0	0	37	22	0	0	110	9	0	17	1	0	0	0	2	0	0	0	5	0	0	37	22	0	0	110	12	0	17	1	0	0	0	4	0	0	0	1	0	0	0	2	0	0	0	5	0	0	37	27	0	0	110	21	0	57	3	0	0	0	6	0	0	0	1	0	0	0	4	0	0	0	1	0	23	0	2	0	0	0	9	0	32	37	49	0	0	200
315	304	42	28	23	293	20	0	0	42	28	23	19	0	50	0	98	70	92	108	282	16	0	0	20	0	0	10	0	0	0	43	0	0	31	42	28	23	3	0	32	0	5	0	0	0	19	0	50	0	98	70	92	108	271	16	0	0	16	0	0	10	0	0	0	37	0	0	31	20	0	0	3	0	0	0	5	0	0	0	10	0	0	0	43	0	0	31	42	28	23	1	0	0	0	16	0	0	0	3	0	32	0	5	0	0	0	19	0	50	0	98	70	92	108	260	16	0	0	16	0	0	10	0	0	0	37	0	0	31	16	0	0	3	0	0	0	5	0	0	0	10	0	0	0	37	0	0	31	20	0	0	1	0	0	0	8	0	0	0	3	0	0	0	5	0	0	0	10	0	0	0	43	0	0	31	42	28	23	8	0	0	0	17	0	0	0	1	0	0	0	16	0	0	0	3	0	32	0	5	0	0	0	19	0	50	0	98	70	92	108
231	223	23	7	27	215	10	0	0	23	7	27	7	0	23	0	52	7	27	156	207	8	0	0	10	0	0	4	0	0	0	18	0	0	100	23	7	27	0	0	14	0	2	0	0	0	7	0	23	0	52	7	27	156	199	8	0	0	8	0	0	4	0	0	0	15	0	0	100	10	0	0	0	0	0	0	2	0	0	0	4	0	0	0	18	0	0	100	23	7	27	0	0	0	0	2	0	0	0	0	0	14	0	2	0	0	0	7	0	23	0	52	7	27	156	191	8	0	0	8	0	0	4	0	0	0	15	0	0	100	8	0	0	0	0	0	0	2	0	0	0	4	0	0	0	15	0	0	100	10	0	0	0	0	0	0	2	0	0	0	0	0	0	0	2	0	0	0	4	0	0	0	18	0	0	100	23	7	27	1	0	0	0	3	0	0	0	0	0	0	0	2	0	0	0	0	0	14	0	2	0	0	0	7	0	23	0	52	7	27	156
299	288	38	39	14	277	13	18	0	38	39	14	12	9	23	0	89	78	70	59	266	11	18	0	13	18	0	9	9	0	0	32	18	0	31	38	39	14	3	0	14	0	5	0	0	0	12	9	23	0	89	78	70	59	255	11	18	0	11	18	0	9	9	0	0	29	18	0	31	13	18	0	3	0	0	0	4	0	0	0	9	9	0	0	32	18	0	31	38	39	14	1	0	0	0	19	0	0	0	3	0	14	0	5	0	0	0	12	9	23	0	89	78	70	59	244	11	18	0	11	18	0	9	9	0	0	29	18	0	31	11	18	0	3	0	0	0	4	0	0	0	9	9	0	0	29	18	0	31	13	18	0	1	0	0	0	6	0	0	0	3	0	0	0	4	0	0	0	9	9	0	0	32	18	0	31	38	39	14	8	0	0	0	18	0	0	0	1	0	0	0	19	0	0	0	3	0	14	0	5	0	0	0	12	9	23	0	89	78	70	59
306	295	36	18	50	284	16	0	32	36	18	50	16	0	50	63	88	27	100	37	273	16	0	9	16	0	32	16	0	41	0	44	0	64	0	36	18	50	9	0	0	45	8	0	0	99	16	0	50	63	88	27	100	37	262	14	0	0	16	0	9	16	0	9	0	44	0	18	0	16	0	32	5	0	0	0	3	0	0	31	16	0	41	0	44	0	64	0	36	18	50	7	0	0	0	24	18	0	56	9	0	0	45	8	0	0	99	16	0	50	63	88	27	100	37	251	11	0	0	14	0	0	10	0	0	0	35	0	0	0	16	0	9	5	0	0	0	3	0	0	31	16	0	9	0	44	0	18	0	16	0	32	1	0	0	0	7	0	0	47	5	0	0	0	3	0	0	31	16	0	41	0	44	0	64	0	36	18	50	9	0	0	0	15	27	0	0	7	0	0	0	24	18	0	56	9	0	0	45	8	0	0	99	16	0	50	63	88	27	100	37
434	418	59	62	71	402	28	28	46	59	62	71	22	14	71	106	148	163	213	37	386	28	28	9	28	28	46	22	14	55	0	82	84	138	0	59	62	71	25	0	0	45	21	0	0	152	22	14	71	106	148	163	213	37	370	23	28	0	28	28	9	22	14	9	0	82	84	27	0	28	28	46	9	0	0	0	7	0	0	41	22	14	55	0	82	84	138	0	59	62	71	14	0	0	0	32	61	0	56	25	0	0	45	21	0	0	152	22	14	71	106	148	163	213	37	354	18	25	0	23	28	0	15	14	0	0	61	84	0	0	28	28	9	9	0	0	0	7	0	0	41	22	14	9	0	82	84	27	0	28	28	46	3	0	0	0	7	28	0	47	9	0	0	0	7	0	0	41	22	14	55	0	82	84	138	0	59	62	71	14	33	11	0	22	44	0	0	14	0	0	0	32	61	0	56	25	0	0	45	21	0	0	152	22	14	71	106	148	163	213	37
412	396	59	92	22	380	21	59	9	59	92	22	25	60	22	18	146	250	88	37	364	18	56	0	21	59	9	13	56	18	0	64	160	36	0	59	92	22	21	35	0	0	23	36	0	49	25	60	22	18	146	250	88	37	348	13	55	0	18	56	0	13	55	0	0	56	155	0	0	21	59	9	5	33	0	0	3	33	0	0	13	56	18	0	64	160	36	0	59	92	22	12	11	0	0	31	43	0	0	21	35	0	0	23	36	0	49	25	60	22	18	146	250	88	37	332	9	51	0	13	55	0	6	55	0	0	35	154	0	0	18	56	0	5	33	0	0	3	33	0	0	13	55	0	0	56	155	0	0	21	59	9	2	11	0	0	7	22	0	0	5	33	0	0	3	33	0	0	13	56	18	0	64	160	36	0	59	92	22	11	28	0	0	20	28	0	0	12	11	0	0	31	43	0	0	21	35	0	0	23	36	0	49	25	60	22	18	146	250	88	37
223	215	24	7	18	207	9	0	0	24	7	18	7	0	0	0	60	7	18	64	199	9	0	0	9	0	0	7	0	0	0	22	0	0	0	24	7	18	3	0	0	0	6	0	0	0	7	0	0	0	60	7	18	64	191	9	0	0	9	0	0	7	0	0	0	22	0	0	0	9	0	0	3	0	0	0	3	0	0	0	7	0	0	0	22	0	0	0	24	7	18	1	0	0	0	19	0	0	0	3	0	0	0	6	0	0	0	7	0	0	0	60	7	18	64	183	9	0	0	9	0	0	7	0	0	0	22	0	0	0	9	0	0	3	0	0	0	3	0	0	0	7	0	0	0	22	0	0	0	9	0	0	1	0	0	0	4	0	0	0	3	0	0	0	3	0	0	0	7	0	0	0	22	0	0	0	24	7	18	7	0	0	0	15	0	0	0	1	0	0	0	19	0	0	0	3	0	0	0	6	0	0	0	7	0	0	0	60	7	18	64
275	265	49	25	4	255	23	0	0	49	25	4	25	0	0	0	135	80	20	14	245	22	0	0	23	0	0	20	0	0	0	70	0	0	0	49	25	4	26	0	0	0	24	5	0	0	25	0	0	0	135	80	20	14	235	17	0	0	22	0	0	18	0	0	0	68	0	0	0	23	0	0	8	0	0	0	6	0	0	0	20	0	0	0	70	0	0	0	49	25	4	13	0	0	0	31	25	0	0	26	0	0	0	24	5	0	0	25	0	0	0	135	80	20	14	225	13	0	0	17	0	0	11	0	0	0	47	0	0	0	22	0	0	8	0	0	0	6	0	0	0	18	0	0	0	68	0	0	0	23	0	0	3	0	0	0	9	0	0	0	8	0	0	0	6	0	0	0	20	0	0	0	70	0	0	0	49	25	4	15	0	0	0	12	20	0	0	13	0	0	0	31	25	0	0	26	0	0	0	24	5	0	0	25	0	0	0	135	80	20	14
431	415	47	15	125	399	30	0	79	47	15	125	33	0	12	89	141	15	125	165	383	27	0	72	30	0	79	26	0	12	73	95	0	79	87	47	15	125	28	0	0	63	22	30	0	0	33	0	12	89	141	15	125	165	367	17	0	44	27	0	72	20	0	12	18	86	0	72	18	30	0	79	8	0	0	0	6	0	0	0	26	0	12	73	95	0	79	87	47	15	125	13	0	30	86	24	30	0	99	28	0	0	63	22	30	0	0	33	0	12	89	141	15	125	165	351	10	0	15	17	0	44	10	0	10	0	50	0	44	0	27	0	72	8	0	0	0	6	0	0	0	20	0	12	18	86	0	72	18	30	0	79	3	0	30	0	12	0	0	31	8	0	0	0	6	0	0	0	26	0	12	73	95	0	79	87	47	15	125	8	0	28	45	4	0	0	141	13	0	30	86	24	30	0	99	28	0	0	63	22	30	0	0	33	0	12	89	141	15	125	165
473	455	76	97	62	437	36	40	57	76	97	62	49	80	47	0	191	302	310	4	419	29	20	57	36	40	57	26	20	47	0	107	125	285	0	76	97	62	29	100	11	0	18	60	62	0	49	80	47	0	191	302	310	4	401	16	0	52	29	20	57	18	0	47	0	88	70	285	0	36	40	57	7	0	11	0	3	0	57	0	26	20	47	0	107	125	285	0	76	97	62	16	0	63	41	34	40	124	0	29	100	11	0	18	60	62	0	49	80	47	0	191	302	310	4	383	11	0	23	16	0	52	8	0	45	0	47	0	260	0	29	20	57	7	0	11	0	3	0	57	0	18	0	47	0	88	70	285	0	36	40	57	6	0	63	0	14	0	114	0	7	0	11	0	3	0	57	0	26	20	47	0	107	125	285	0	76	97	62	15	0	10	88	15	0	0	85	16	0	63	41	34	40	124	0	29	100	11	0	18	60	62	0	49	80	47	0	191	302	310	4
542	521	79	127	91	500	41	92	54	79	127	91	34	141	12	54	217	367	182	147	479	38	86	45	41	92	54	27	135	12	41	127	304	108	87	79	127	91	33	82	0	61	34	26	0	0	34	141	12	54	217	367	182	147	458	26	54	17	38	86	45	21	123	12	0	118	282	90	18	41	92	54	7	30	0	0	7	0	0	0	27	135	12	41	127	304	108	87	79	127	91	7	78	42	41	34	77	182	102	33	82	0	61	34	26	0	0	34	141	12	54	217	367	182	147	437	20	13	0	26	54	17	16	39	10	0	75	147	34	0	38	86	45	7	26	0	0	7	0	0	0	21	123	12	0	118	282	90	18	41	92	54	3	0	41	0	9	45	108	10	7	30	0	0	7	0	0	0	27	135	12	41	127	304	108	87	79	127	91	9	26	51	0	14	0	273	85	7	78	42	41	34	77	182	102	33	82	0	61	34	26	0	0	34	141	12	54	217	367	182	147
293	282	51	28	24	271	26	0	12	51	28	24	44	0	12	0	131	84	96	26	260	20	0	12	26	0	12	22	0	12	0	82	0	48	9	51	28	24	28	0	0	0	19	35	0	0	44	0	12	0	131	84	96	26	249	13	0	10	20	0	12	16	0	12	0	65	0	48	0	26	0	12	8	0	0	0	6	0	0	0	22	0	12	0	82	0	48	9	51	28	24	13	0	0	20	22	14	0	0	28	0	0	0	19	35	0	0	44	0	12	0	131	84	96	26	238	8	0	0	13	0	10	9	0	10	0	39	0	40	0	20	0	12	8	0	0	0	6	0	0	0	16	0	12	0	65	0	48	0	26	0	12	3	0	0	0	10	0	0	0	8	0	0	0	6	0	0	0	22	0	12	0	82	0	48	9	51	28	24	8	0	7	0	4	0	0	62	13	0	0	20	22	14	0	0	28	0	0	0	19	35	0	0	44	0	12	0	131	84	96	26
402	386	74	92	23	370	32	62	0	74	92	23	48	23	0	0	184	316	92	97	354	25	55	0	32	62	0	25	22	0	0	96	231	0	55	74	92	23	38	65	0	0	25	60	0	0	48	23	0	0	184	316	92	97	338	15	42	0	25	55	0	17	18	0	0	77	201	0	9	32	62	0	6	35	0	0	3	36	0	0	25	22	0	0	96	231	0	55	74	92	23	14	52	0	0	42	52	23	0	38	65	0	0	25	60	0	0	48	23	0	0	184	316	92	97	322	9	29	0	15	42	0	11	7	0	0	44	144	0	0	25	55	0	6	29	0	0	3	33	0	0	17	18	0	0	77	201	0	9	32	62	0	3	22	0	0	14	22	0	0	6	35	0	0	3	36	0	0	25	22	0	0	96	231	0	55	74	92	23	5	50	18	0	22	14	23	0	14	52	0	0	42	52	23	0	38	65	0	0	25	60	0	0	48	23	0	0	184	316	92	97
412	396	48	48	81	380	25	0	51	48	48	81	39	0	52	72	104	60	324	109	364	12	0	51	25	0	51	10	0	41	72	69	0	204	69	48	48	81	14	0	66	0	3	0	0	0	39	0	52	72	104	60	324	109	348	7	0	51	12	0	51	3	0	41	72	32	0	204	69	25	0	51	4	0	37	0	3	0	0	0	10	0	41	72	69	0	204	69	48	48	81	4	0	7	0	9	0	0	0	14	0	66	0	3	0	0	0	39	0	52	72	104	60	324	109	332	6	0	49	7	0	51	2	0	41	64	18	0	204	62	12	0	51	3	0	37	0	3	0	0	0	3	0	41	72	32	0	204	69	25	0	51	4	0	0	0	9	0	0	0	4	0	37	0	3	0	0	0	10	0	41	72	69	0	204	69	48	48	81	5	0	7	20	8	0	0	0	4	0	7	0	9	0	0	0	14	0	66	0	3	0	0	0	39	0	52	72	104	60	324	109
379	364	49	71	29	349	19	21	11	49	71	29	20	105	22	11	103	159	145	86	334	12	0	11	19	21	11	10	0	11	11	51	56	55	69	49	71	29	12	0	44	0	0	0	87	0	20	105	22	11	103	159	145	86	319	8	0	11	12	0	11	4	0	11	11	29	0	55	69	19	21	11	2	0	22	0	0	0	33	0	10	0	11	11	51	56	55	69	49	71	29	4	0	0	0	20	0	0	0	12	0	44	0	0	0	87	0	20	105	22	11	103	159	145	86	304	8	0	11	8	0	11	4	0	11	11	19	0	55	62	12	0	11	2	0	22	0	0	0	33	0	4	0	11	11	29	0	55	69	19	21	11	4	0	0	0	9	0	0	0	2	0	22	0	0	0	33	0	10	0	11	11	51	56	55	69	49	71	29	7	0	0	0	17	0	0	0	4	0	0	0	20	0	0	0	12	0	44	0	0	0	87	0	20	105	22	11	103	159	145	86
353	339	63	53	52	325	35	38	0	63	53	52	45	58	10	0	158	130	52	325	311	26	18	0	35	38	0	24	36	0	0	107	113	0	202	63	53	52	26	18	53	0	10	0	104	0	45	58	10	0	158	130	52	325	297	17	0	0	26	18	0	15	0	0	0	76	45	0	186	35	38	0	9	0	0	0	3	0	0	0	24	36	0	0	107	113	0	202	63	53	52	13	0	46	0	25	36	104	0	26	18	53	0	10	0	104	0	45	58	10	0	158	130	52	325	283	12	0	0	17	0	0	8	0	0	0	46	0	0	123	26	18	0	6	0	0	0	3	0	0	0	15	0	0	0	76	45	0	186	35	38	0	10	0	0	0	14	30	0	0	9	0	0	0	3	0	0	0	24	36	0	0	107	113	0	202	63	53	52	14	0	20	0	17	36	0	0	13	0	46	0	25	36	104	0	26	18	53	0	10	0	104	0	45	58	10	0	158	130	52	325
258	248	41	16	37	238	26	0	0	41	16	37	42	0	10	0	102	0	74	200	228	15	0	0	26	0	0	19	0	0	0	81	0	0	123	41	16	37	16	0	53	0	3	0	0	0	42	0	10	0	102	0	74	200	218	7	0	0	15	0	0	6	0	0	0	43	0	0	114	26	0	0	6	0	0	0	3	0	0	0	19	0	0	0	81	0	0	123	41	16	37	4	0	46	0	12	0	0	0	16	0	53	0	3	0	0	0	42	0	10	0	102	0	74	200	208	5	0	0	7	0	0	2	0	0	0	20	0	0	79	15	0	0	3	0	0	0	3	0	0	0	6	0	0	0	43	0	0	114	26	0	0	4	0	0	0	12	0	0	0	6	0	0	0	3	0	0	0	19	0	0	0	81	0	0	123	41	16	37	5	0	20	0	8	0	0	0	4	0	46	0	12	0	0	0	16	0	53	0	3	0	0	0	42	0	10	0	102	0	74	200
383	367	63	98	17	351	30	66	0	63	98	17	34	71	10	0	147	212	68	85	335	22	51	0	30	66	0	15	38	0	0	94	166	0	57	63	98	17	20	61	27	0	14	0	17	0	34	71	10	0	147	212	68	85	319	15	37	0	22	51	0	10	26	0	0	67	134	0	57	30	66	0	6	13	0	0	3	0	0	0	15	38	0	0	94	166	0	57	63	98	17	16	22	7	0	21	47	34	0	20	61	27	0	14	0	17	0	34	71	10	0	147	212	68	85	303	10	34	0	15	37	0	6	24	0	0	41	94	0	52	22	51	0	5	13	0	0	3	0	0	0	10	26	0	0	67	134	0	57	30	66	0	8	20	0	0	10	43	0	0	6	13	0	0	3	0	0	0	15	38	0	0	94	166	0	57	63	98	17	11	32	7	0	18	46	0	0	16	22	7	0	21	47	34	0	20	61	27	0	14	0	17	0	34	71	10	0	147	212	68	85
200	192	16	0	42	184	6	0	8	16	0	42	4	0	36	8	33	0	0	164	176	4	0	8	6	0	8	2	0	8	8	13	0	0	62	16	0	42	1	0	12	0	0	0	0	0	4	0	36	8	33	0	0	164	168	4	0	8	4	0	8	2	0	8	8	8	0	0	62	6	0	8	1	0	0	0	0	0	0	0	2	0	8	8	13	0	0	62	16	0	42	2	0	0	0	4	0	0	0	1	0	12	0	0	0	0	0	4	0	36	8	33	0	0	164	160	4	0	8	4	0	8	2	0	8	8	8	0	0	62	4	0	8	1	0	0	0	0	0	0	0	2	0	8	8	8	0	0	62	6	0	8	2	0	0	0	4	0	0	0	1	0	0	0	0	0	0	0	2	0	8	8	13	0	0	62	16	0	42	3	0	0	0	4	0	0	0	2	0	0	0	4	0	0	0	1	0	12	0	0	0	0	0	4	0	36	8	33	0	0	164
323	310	30	22	71	297	10	0	37	30	22	71	6	0	102	89	69	33	142	127	284	8	0	26	10	0	37	4	0	59	37	24	0	74	62	30	22	71	2	0	12	11	0	0	0	62	6	0	102	89	69	33	142	127	271	8	0	26	8	0	26	4	0	37	37	19	0	52	62	10	0	37	2	0	0	11	0	0	0	57	4	0	59	37	24	0	74	62	30	22	71	4	0	0	0	9	0	0	0	2	0	12	11	0	0	0	62	6	0	102	89	69	33	142	127	258	8	0	26	8	0	26	4	0	37	37	19	0	52	62	8	0	26	2	0	0	11	0	0	0	57	4	0	37	37	19	0	52	62	10	0	37	4	0	0	0	6	0	0	0	2	0	0	11	0	0	0	57	4	0	59	37	24	0	74	62	30	22	71	7	0	0	0	10	0	0	0	4	0	0	0	9	0	0	0	2	0	12	11	0	0	0	62	6	0	102	89	69	33	142	127
196	188	32	16	15	180	13	0	7	32	16	15	6	0	29	7	68	40	60	29	172	13	0	7	13	0	7	6	0	7	7	30	0	28	11	32	16	15	5	0	0	0	4	0	0	0	6	0	29	7	68	40	60	29	164	13	0	7	13	0	7	6	0	7	7	30	0	28	11	13	0	7	5	0	0	0	4	0	0	0	6	0	7	7	30	0	28	11	32	16	15	4	0	0	0	12	0	0	0	5	0	0	0	4	0	0	0	6	0	29	7	68	40	60	29	156	13	0	7	13	0	7	6	0	7	7	30	0	28	11	13	0	7	5	0	0	0	4	0	0	0	6	0	7	7	30	0	28	11	13	0	7	4	0	0	0	3	0	0	0	5	0	0	0	4	0	0	0	6	0	7	7	30	0	28	11	32	16	15	7	0	0	0	12	0	0	0	4	0	0	0	12	0	0	0	5	0	0	0	4	0	0	0	6	0	29	7	68	40	60	29
200	192	19	0	42	184	8	0	0	19	0	42	8	0	45	0	44	0	0	216	176	4	0	0	8	0	0	2	0	0	0	18	0	0	62	19	0	42	1	0	30	0	0	0	0	0	8	0	45	0	44	0	0	216	168	4	0	0	4	0	0	2	0	0	0	8	0	0	62	8	0	0	1	0	0	0	0	0	0	0	2	0	0	0	18	0	0	62	19	0	42	2	0	0	0	7	0	0	0	1	0	30	0	0	0	0	0	8	0	45	0	44	0	0	216	160	4	0	0	4	0	0	2	0	0	0	8	0	0	62	4	0	0	1	0	0	0	0	0	0	0	2	0	0	0	8	0	0	62	8	0	0	2	0	0	0	7	0	0	0	1	0	0	0	0	0	0	0	2	0	0	0	18	0	0	62	19	0	42	3	0	0	0	7	0	0	0	2	0	0	0	7	0	0	0	1	0	30	0	0	0	0	0	8	0	45	0	44	0	0	216
265	254	30	31	25	243	14	10	0	30	31	25	8	0	27	0	67	42	75	127	232	12	10	0	14	10	0	6	0	0	0	34	0	0	62	30	31	25	6	0	12	0	4	0	0	0	8	0	27	0	67	42	75	127	221	12	10	0	12	10	0	6	0	0	0	29	0	0	62	14	10	0	6	0	0	0	4	0	0	0	6	0	0	0	34	0	0	62	30	31	25	6	0	0	0	12	0	0	0	6	0	12	0	4	0	0	0	8	0	27	0	67	42	75	127	210	12	10	0	12	10	0	6	0	0	0	29	0	0	62	12	10	0	6	0	0	0	4	0	0	0	6	0	0	0	29	0	0	62	14	10	0	6	0	0	0	7	0	0	0	6	0	0	0	4	0	0	0	6	0	0	0	34	0	0	62	30	31	25	10	0	0	0	13	0	0	0	6	0	0	0	12	0	0	0	6	0	12	0	4	0	0	0	8	0	27	0	67	42	75	127
335	321	36	13	95	307	20	0	63	36	13	95	13	0	13	83	88	13	95	111	293	20	0	52	20	0	63	13	0	13	42	50	0	63	44	36	13	95	8	0	0	39	5	0	0	29	13	0	13	83	88	13	95	111	279	19	0	47	20	0	52	13	0	13	41	50	0	52	33	20	0	63	7	0	0	37	4	0	0	11	13	0	13	42	50	0	63	44	36	13	95	11	0	0	52	22	13	0	0	8	0	0	39	5	0	0	29	13	0	13	83	88	13	95	111	265	16	0	47	19	0	47	10	0	10	41	45	0	47	33	20	0	52	7	0	0	37	4	0	0	11	13	0	13	41	50	0	52	33	20	0	63	8	0	0	52	6	0	0	0	7	0	0	37	4	0	0	11	13	0	13	42	50	0	63	44	36	13	95	12	0	0	0	17	39	0	0	11	0	0	52	22	13	0	0	8	0	0	39	5	0	0	29	13	0	13	83	88	13	95	111
379	363	69	55	92	347	37	0	84	69	55	92	25	0	89	73	187	165	460	0	331	35	0	55	37	0	84	21	0	87	22	110	0	420	0	69	55	92	40	0	26	128	25	0	0	81	25	0	89	73	187	165	460	0	315	27	0	21	35	0	55	21	0	59	11	104	0	275	0	37	0	84	9	0	26	22	7	0	0	11	21	0	87	22	110	0	420	0	69	55	92	19	0	0	41	26	88	0	176	40	0	26	128	25	0	0	81	25	0	89	73	187	165	460	0	299	21	0	21	27	0	21	14	0	10	11	73	0	105	0	35	0	55	7	0	20	22	4	0	0	11	21	0	59	11	104	0	275	0	37	0	84	9	0	0	41	7	0	0	111	9	0	26	22	7	0	0	11	21	0	87	22	110	0	420	0	69	55	92	20	0	22	0	27	44	0	0	19	0	0	41	26	88	0	176	40	0	26	128	25	0	0	81	25	0	89	73	187	165	460	0
333	318	62	70	45	303	27	36	41	62	70	45	18	24	71	0	155	194	180	15	288	25	36	39	27	36	41	14	24	71	0	72	108	164	7	62	70	45	18	0	28	26	24	0	0	0	18	24	71	0	155	194	180	15	273	21	36	22	25	36	39	14	24	65	0	68	108	156	7	27	36	41	7	0	28	0	4	0	0	0	14	24	71	0	72	108	164	7	62	70	45	11	0	0	42	30	32	0	91	18	0	28	26	24	0	0	0	18	24	71	0	155	194	180	15	258	18	36	21	21	36	22	11	24	22	0	51	108	88	7	25	36	39	7	0	26	0	4	0	0	0	14	24	65	0	68	108	156	7	27	36	41	8	0	0	41	6	0	0	54	7	0	28	0	4	0	0	0	14	24	71	0	72	108	164	7	62	70	45	15	0	0	11	23	24	0	0	11	0	0	42	30	32	0	91	18	0	28	26	24	0	0	0	18	24	71	0	155	194	180	15
382	365	57	79	70	348	26	55	37	57	79	70	16	26	40	83	137	191	140	111	331	26	54	10	26	55	37	16	26	30	10	75	158	74	44	57	79	70	16	15	0	50	21	0	0	98	16	26	40	83	137	191	140	111	314	22	52	0	26	54	10	16	26	0	0	75	153	20	33	26	55	37	7	13	0	0	4	0	0	11	16	26	30	10	75	158	74	44	57	79	70	11	26	0	0	32	48	0	62	16	15	0	50	21	0	0	98	16	26	40	83	137	191	140	111	297	18	48	0	22	52	0	13	26	0	0	55	143	0	33	26	54	10	7	13	0	0	4	0	0	11	16	26	0	0	75	153	20	33	26	55	37	6	26	0	0	5	26	0	57	7	13	0	0	4	0	0	11	16	26	30	10	75	158	74	44	57	79	70	13	44	10	0	27	33	0	0	11	26	0	0	32	48	0	62	16	15	0	50	21	0	0	98	16	26	40	83	137	191	140	111
300	286	54	71	11	272	26	51	0	54	71	11	18	18	0	0	132	145	33	40	258	22	47	0	26	51	0	14	18	0	0	75	108	0	7	54	71	11	9	40	0	0	18	40	0	0	18	18	0	0	132	145	33	40	244	19	45	0	22	47	0	14	18	0	0	64	96	0	7	26	51	0	3	36	0	0	0	36	0	0	14	18	0	0	75	108	0	7	54	71	11	9	18	0	0	27	21	0	0	9	40	0	0	18	40	0	0	18	18	0	0	132	145	33	40	230	16	42	0	19	45	0	11	18	0	0	49	90	0	7	22	47	0	3	36	0	0	0	36	0	0	14	18	0	0	64	96	0	7	26	51	0	6	18	0	0	5	9	0	0	3	36	0	0	0	36	0	0	14	18	0	0	75	108	0	7	54	71	11	12	18	0	0	22	18	0	0	9	18	0	0	27	21	0	0	9	40	0	0	18	40	0	0	18	18	0	0	132	145	33	40
319	305	61	33	84	291	37	0	53	61	33	84	34	0	67	82	154	77	252	148	277	33	0	53	37	0	53	21	0	64	82	108	0	159	125	61	33	84	37	0	0	0	20	44	0	0	34	0	67	82	154	77	252	148	263	25	0	51	33	0	53	21	0	64	78	98	0	159	94	37	0	53	6	0	0	0	4	0	0	0	21	0	64	82	108	0	159	125	61	33	84	15	0	0	26	7	0	0	0	37	0	0	0	20	44	0	0	34	0	67	82	154	77	252	148	249	20	0	33	25	0	51	14	0	62	42	67	0	153	43	33	0	53	6	0	0	0	4	0	0	0	21	0	64	78	98	0	159	94	37	0	53	7	0	0	0	5	0	0	0	6	0	0	0	4	0	0	0	21	0	64	82	108	0	159	125	61	33	84	13	0	6	53	12	0	0	91	15	0	0	26	7	0	0	0	37	0	0	0	20	44	0	0	34	0	67	82	154	77	252	148
404	386	77	80	96	368	43	32	71	77	80	96	48	0	65	71	192	244	384	137	350	36	24	66	43	32	71	25	0	62	65	124	112	284	125	77	80	96	34	96	11	33	20	72	0	0	48	0	65	71	192	244	384	137	332	25	0	45	36	24	66	22	0	62	33	106	84	264	94	43	32	71	3	0	11	0	0	0	0	0	25	0	62	65	124	112	284	125	77	80	96	18	0	46	54	17	12	192	69	34	96	11	33	20	72	0	0	48	0	65	71	192	244	384	137	314	19	0	18	25	0	45	14	0	56	0	69	0	180	43	36	24	66	3	0	11	0	0	0	0	0	22	0	62	33	106	84	264	94	43	32	71	5	0	43	0	6	0	142	0	3	0	11	0	0	0	0	0	25	0	62	65	124	112	284	125	77	80	96	14	0	11	61	26	16	0	114	18	0	46	54	17	12	192	69	34	96	11	33	20	72	0	0	48	0	65	71	192	244	384	137
334	318	75	80	53	302	40	59	15	75	80	53	22	36	17	30	193	247	106	218	286	39	57	15	40	59	15	21	36	15	30	116	211	30	162	75	80	53	38	18	0	0	36	9	0	0	22	36	17	30	193	247	106	218	270	32	48	13	39	57	15	21	36	15	26	114	201	30	104	40	59	15	9	0	0	0	7	0	0	0	21	36	15	30	116	211	30	162	75	80	53	28	0	0	26	28	0	53	0	38	18	0	0	36	9	0	0	22	36	17	30	193	247	106	218	254	23	45	0	32	48	13	14	36	13	0	88	156	26	43	39	57	15	9	0	0	0	7	0	0	0	21	36	15	26	114	201	30	104	40	59	15	11	0	0	0	7	0	15	0	9	0	0	0	7	0	0	0	21	36	15	30	116	211	30	162	75	80	53	14	33	28	0	18	23	0	91	28	0	0	26	28	0	53	0	38	18	0	0	36	9	0	0	22	36	17	30	193	247	106	218
401	382	77	113	72	363	42	95	20	77	113	72	22	92	0	30	198	301	72	313	344	41	92	15	42	95	20	21	89	0	24	130	280	20	225	77	113	72	43	39	0	33	39	11	0	0	22	92	0	30	198	301	72	313	325	30	74	0	41	92	15	21	85	0	0	128	270	15	156	42	95	20	6	25	0	0	6	0	0	0	21	89	0	24	130	280	20	225	77	113	72	18	88	11	0	22	39	72	69	43	39	0	33	39	11	0	0	22	92	0	30	198	301	72	313	306	21	36	0	30	74	0	13	46	0	0	82	190	0	90	41	92	15	6	23	0	0	6	0	0	0	21	85	0	0	128	270	15	156	42	95	20	5	49	10	0	6	36	20	0	6	25	0	0	6	0	0	0	21	89	0	24	130	280	20	225	77	113	72	8	62	39	0	15	51	216	0	18	88	11	0	22	39	72	69	43	39	0	33	39	11	0	0	22	92	0	30	198	301	72	313
355	338	87	110	11	321	40	80	0	87	110	11	45	55	0	0	200	347	55	92	304	34	60	0	40	80	0	24	55	0	0	112	270	0	84	87	110	11	18	100	0	0	25	30	0	0	45	55	0	0	200	347	55	92	287	28	34	0	34	60	0	22	35	0	0	97	200	0	55	40	80	0	2	0	0	0	3	0	0	0	24	55	0	0	112	270	0	84	87	110	11	15	39	0	0	29	19	44	0	18	100	0	0	25	30	0	0	45	55	0	0	200	347	55	92	270	21	24	0	28	34	0	16	14	0	0	74	120	0	21	34	60	0	2	0	0	0	3	0	0	0	22	35	0	0	97	200	0	55	40	80	0	4	10	0	0	5	10	0	0	2	0	0	0	3	0	0	0	24	55	0	0	112	270	0	84	87	110	11	15	54	0	0	30	52	11	0	15	39	0	0	29	19	44	0	18	100	0	0	25	30	0	0	45	55	0	0	200	347	55	92
372	355	44	30	137	338	30	0	93	44	30	137	35	0	21	102	104	0	274	244	321	16	0	90	30	0	93	13	0	20	95	84	0	186	139	44	30	137	4	0	65	43	2	0	0	0	35	0	21	102	104	0	274	244	304	14	0	90	16	0	90	7	0	20	95	42	0	180	134	30	0	93	0	0	11	43	0	0	0	0	13	0	20	95	84	0	186	139	44	30	137	1	0	5	0	2	0	0	0	4	0	65	43	2	0	0	0	35	0	21	102	104	0	274	244	287	14	0	88	14	0	90	7	0	20	89	40	0	180	109	16	0	90	0	0	11	39	0	0	0	0	7	0	20	95	42	0	180	134	30	0	93	1	0	0	0	2	0	0	0	0	0	11	43	0	0	0	0	13	0	20	95	84	0	186	139	44	30	137	9	0	0	26	11	0	0	0	1	0	5	0	2	0	0	0	4	0	65	43	2	0	0	0	35	0	21	102	104	0	274	244
329	312	60	81	72	295	34	67	23	60	81	72	39	39	0	12	141	185	72	316	278	21	56	23	34	67	23	19	28	0	12	98	179	23	159	60	81	72	6	0	64	0	7	0	72	0	39	39	0	12	141	185	72	316	261	16	56	23	21	56	23	10	28	0	12	54	157	23	149	34	67	23	2	0	0	0	0	0	23	0	19	28	0	12	98	179	23	159	60	81	72	5	0	38	0	13	0	0	0	6	0	64	0	7	0	72	0	39	39	0	12	141	185	72	316	244	15	56	23	16	56	23	7	28	0	12	45	157	23	109	21	56	23	1	0	0	0	0	0	23	0	10	28	0	12	54	157	23	149	34	67	23	5	0	0	0	5	0	0	0	2	0	0	0	0	0	23	0	19	28	0	12	98	179	23	159	60	81	72	13	0	11	0	24	0	0	0	5	0	38	0	13	0	0	0	6	0	64	0	7	0	72	0	39	39	0	12	141	185	72	316
239	227	40	42	29	215	22	21	23	40	42	29	32	0	0	12	87	64	87	11	203	12	21	23	22	21	23	11	0	0	12	59	43	69	0	40	42	29	4	0	20	0	6	0	0	0	32	0	0	12	87	64	87	11	191	10	21	23	12	21	23	5	0	0	12	30	43	69	0	22	21	23	0	0	0	0	0	0	0	0	11	0	0	12	59	43	69	0	40	42	29	1	0	5	0	3	0	0	0	4	0	20	0	6	0	0	0	32	0	0	12	87	64	87	11	179	10	21	23	10	21	23	5	0	0	12	28	43	69	0	12	21	23	0	0	0	0	0	0	0	0	5	0	0	12	30	43	69	0	22	21	23	1	0	0	0	2	0	0	0	0	0	0	0	0	0	0	0	11	0	0	12	59	43	69	0	40	42	29	6	0	0	0	8	0	0	0	1	0	5	0	3	0	0	0	4	0	20	0	6	0	0	0	32	0	0	12	87	64	87	11
342	326	54	75	53	310	28	27	23	54	75	53	24	108	12	23	118	167	212	191	294	15	0	22	28	27	23	10	0	11	22	73	72	92	124	54	75	53	4	0	82	11	1	9	159	0	24	108	12	23	118	167	212	191	278	13	0	22	15	0	22	4	0	11	22	37	0	88	119	28	27	23	0	0	35	11	0	0	69	0	10	0	11	22	73	72	92	124	54	75	53	6	0	5	0	14	0	0	0	4	0	82	11	1	9	159	0	24	108	12	23	118	167	212	191	262	12	0	18	13	0	22	4	0	11	18	35	0	88	96	15	0	22	0	0	33	7	0	0	66	0	4	0	11	22	37	0	88	119	28	27	23	1	0	0	0	3	0	0	0	0	0	35	11	0	0	69	0	10	0	11	22	73	72	92	124	54	75	53	6	0	0	28	25	13	0	0	6	0	5	0	14	0	0	0	4	0	82	11	1	9	159	0	24	108	12	23	118	167	212	191
304	289	61	83	17	274	34	48	0	61	83	17	34	81	0	0	132	157	68	107	259	23	32	0	34	48	0	17	25	0	0	91	92	0	71	61	83	17	1	24	44	0	5	6	34	0	34	81	0	0	132	157	68	107	244	21	26	0	23	32	0	13	13	0	0	59	58	0	66	34	48	0	0	0	0	0	3	0	0	0	17	25	0	0	91	92	0	71	61	83	17	4	0	5	0	8	12	17	0	1	24	44	0	5	6	34	0	34	81	0	0	132	157	68	107	229	18	25	0	21	26	0	10	13	0	0	53	52	0	45	23	32	0	0	0	0	0	3	0	0	0	13	13	0	0	59	58	0	66	34	48	0	1	0	0	0	3	10	0	0	0	0	0	0	3	0	0	0	17	25	0	0	91	92	0	71	61	83	17	11	12	0	0	17	36	0	0	4	0	5	0	8	12	17	0	1	24	44	0	5	6	34	0	34	81	0	0	132	157	68	107
189	180	25	0	58	171	12	0	9	25	0	58	9	0	50	9	55	0	0	308	162	10	0	9	12	0	9	3	0	0	9	24	0	0	162	25	0	58	0	0	6	0	0	0	0	0	9	0	50	9	55	0	0	308	153	10	0	9	10	0	9	3	0	0	9	22	0	0	158	12	0	9	0	0	0	0	0	0	0	0	3	0	0	9	24	0	0	162	25	0	58	0	0	0	0	2	0	0	0	0	0	6	0	0	0	0	0	9	0	50	9	55	0	0	308	144	10	0	9	10	0	9	3	0	0	9	22	0	0	158	10	0	9	0	0	0	0	0	0	0	0	3	0	0	9	22	0	0	158	12	0	9	0	0	0	0	2	0	0	0	0	0	0	0	0	0	0	0	3	0	0	9	24	0	0	162	25	0	58	1	0	0	0	7	0	0	0	0	0	0	0	2	0	0	0	0	0	6	0	0	0	0	0	9	0	50	9	55	0	0	308
228	217	34	24	36	206	13	0	12	34	24	36	13	0	53	24	73	48	108	99	195	11	0	11	13	0	12	7	0	12	22	24	0	36	46	34	24	36	0	0	6	11	1	0	0	0	13	0	53	24	73	48	108	99	184	11	0	11	11	0	11	7	0	11	22	22	0	33	45	13	0	12	0	0	0	11	1	0	0	0	7	0	12	22	24	0	36	46	34	24	36	0	0	0	0	8	0	0	0	0	0	6	11	1	0	0	0	13	0	53	24	73	48	108	99	173	11	0	11	11	0	11	7	0	11	22	22	0	33	45	11	0	11	0	0	0	11	1	0	0	0	7	0	11	22	22	0	33	45	13	0	12	0	0	0	0	2	0	0	0	0	0	0	11	1	0	0	0	7	0	12	22	24	0	36	46	34	24	36	7	0	0	0	19	0	0	0	0	0	0	0	8	0	0	0	0	0	6	11	1	0	0	0	13	0	53	24	73	48	108	99
168	160	25	0	37	152	8	0	0	25	0	37	7	0	39	0	57	0	0	236	144	6	0	0	8	0	0	1	0	0	0	13	0	0	139	25	0	37	0	0	6	0	0	0	0	0	7	0	39	0	57	0	0	236	136	6	0	0	6	0	0	1	0	0	0	11	0	0	135	8	0	0	0	0	0	0	0	0	0	0	1	0	0	0	13	0	0	139	25	0	37	0	0	0	0	2	0	0	0	0	0	6	0	0	0	0	0	7	0	39	0	57	0	0	236	128	6	0	0	6	0	0	1	0	0	0	11	0	0	135	6	0	0	0	0	0	0	0	0	0	0	1	0	0	0	11	0	0	135	8	0	0	0	0	0	0	2	0	0	0	0	0	0	0	0	0	0	0	1	0	0	0	13	0	0	139	25	0	37	1	0	0	0	8	0	0	0	0	0	0	0	2	0	0	0	0	0	6	0	0	0	0	0	7	0	39	0	57	0	0	236
253	240	41	56	15	227	14	28	0	41	56	15	13	24	39	0	91	103	60	70	214	13	22	0	14	28	0	11	0	0	0	34	39	0	23	41	56	15	1	0	6	0	3	0	15	0	13	24	39	0	91	103	60	70	201	12	22	0	13	22	0	11	0	0	0	33	33	0	22	14	28	0	0	0	0	0	3	0	0	0	11	0	0	0	34	39	0	23	41	56	15	3	0	0	0	12	10	0	0	1	0	6	0	3	0	15	0	13	24	39	0	91	103	60	70	188	9	22	0	12	22	0	8	0	0	0	28	33	0	22	13	22	0	0	0	0	0	3	0	0	0	11	0	0	0	33	33	0	22	14	28	0	0	0	0	0	2	6	0	0	0	0	0	0	3	0	0	0	11	0	0	0	34	39	0	23	41	56	15	7	0	0	0	20	30	0	0	3	0	0	0	12	10	0	0	1	0	6	0	3	0	15	0	13	24	39	0	91	103	60	70
163	155	31	15	0	147	9	0	0	31	15	0	10	0	0	0	67	45	0	0	139	8	0	0	9	0	0	6	0	0	0	20	0	0	0	31	15	0	0	0	0	0	1	0	0	0	10	0	0	0	67	45	0	0	131	8	0	0	8	0	0	6	0	0	0	19	0	0	0	9	0	0	0	0	0	0	1	0	0	0	6	0	0	0	20	0	0	0	31	15	0	5	0	0	0	19	0	0	0	0	0	0	0	1	0	0	0	10	0	0	0	67	45	0	0	123	7	0	0	8	0	0	6	0	0	0	19	0	0	0	8	0	0	0	0	0	0	1	0	0	0	6	0	0	0	19	0	0	0	9	0	0	0	0	0	0	1	0	0	0	0	0	0	0	1	0	0	0	6	0	0	0	20	0	0	0	31	15	0	6	0	0	0	24	3	0	0	5	0	0	0	19	0	0	0	0	0	0	0	1	0	0	0	10	0	0	0	67	45	0	0
219	208	28	10	59	197	12	0	37	28	10	59	9	0	6	50	63	10	59	51	186	12	0	25	12	0	37	9	0	0	12	32	0	37	12	28	10	59	1	0	0	37	3	0	0	53	9	0	6	50	63	10	59	51	175	11	0	23	12	0	25	9	0	0	11	32	0	25	11	12	0	37	0	0	0	34	3	0	0	23	9	0	0	12	32	0	37	12	28	10	59	8	0	0	23	19	10	0	0	1	0	0	37	3	0	0	53	9	0	6	50	63	10	59	51	164	7	0	22	11	0	23	6	0	0	11	27	0	23	11	12	0	25	0	0	0	33	3	0	0	22	9	0	0	11	32	0	25	11	12	0	37	0	0	0	22	1	0	0	0	0	0	0	34	3	0	0	23	9	0	0	12	32	0	37	12	28	10	59	6	0	0	11	21	30	0	0	8	0	0	23	19	10	0	0	1	0	0	37	3	0	0	53	9	0	6	50	63	10	59	51
351	333	61	77	92	315	29	17	85	61	77	92	27	0	59	36	135	229	460	0	297	27	17	63	29	17	85	23	0	59	0	88	85	425	0	61	77	92	22	0	25	115	25	0	0	53	27	0	59	36	135	229	460	0	279	19	12	23	27	17	63	23	0	51	0	88	85	315	0	29	17	85	1	0	25	12	6	0	0	23	23	0	59	0	88	85	425	0	61	77	92	16	60	0	34	23	96	0	232	22	0	25	115	25	0	0	53	27	0	59	36	135	229	460	0	261	8	0	21	19	12	23	11	0	11	0	57	60	115	0	27	17	63	0	0	24	11	6	0	0	22	23	0	51	0	88	85	315	0	29	17	85	1	0	0	31	2	0	0	106	1	0	25	12	6	0	0	23	23	0	59	0	88	85	425	0	61	77	92	10	0	55	21	25	72	92	0	16	60	0	34	23	96	0	232	22	0	25	115	25	0	0	53	27	0	59	36	135	229	460	0
278	264	41	24	78	250	22	0	52	41	24	78	14	0	26	71	95	36	156	51	236	22	0	17	22	0	52	14	0	16	0	64	0	104	12	41	24	78	3	0	0	73	4	0	0	142	14	0	26	71	95	36	156	51	222	20	0	0	22	0	17	14	0	5	0	64	0	34	11	22	0	52	0	0	0	0	4	0	0	46	14	0	16	0	64	0	104	12	41	24	78	11	0	0	0	20	24	0	107	3	0	0	73	4	0	0	142	14	0	26	71	95	36	156	51	208	14	0	0	20	0	0	10	0	0	0	54	0	0	11	22	0	17	0	0	0	0	4	0	0	45	14	0	5	0	64	0	34	11	22	0	52	0	0	0	0	1	0	0	71	0	0	0	0	4	0	0	46	14	0	16	0	64	0	104	12	41	24	78	8	0	10	0	26	48	0	0	11	0	0	0	20	24	0	107	3	0	0	73	4	0	0	142	14	0	26	71	95	36	156	51
309	292	50	93	37	275	18	60	16	50	93	37	11	72	26	24	102	194	111	51	258	17	60	5	18	60	16	7	72	16	0	57	132	48	12	50	93	37	6	0	0	25	9	12	0	17	11	72	26	24	102	194	111	51	241	14	60	0	17	60	5	7	72	5	0	55	132	15	11	18	60	16	0	0	0	0	3	12	0	0	7	72	16	0	57	132	48	12	50	93	37	11	0	0	0	19	27	0	11	6	0	0	25	9	12	0	17	11	72	26	24	102	194	111	51	224	8	54	0	14	60	0	3	72	0	0	40	132	0	11	17	60	5	0	0	0	0	3	12	0	0	7	72	5	0	55	132	15	11	18	60	16	0	0	0	0	1	0	0	0	0	0	0	0	3	12	0	0	7	72	16	0	57	132	48	12	50	93	37	2	54	10	0	26	36	0	0	11	0	0	0	19	27	0	11	6	0	0	25	9	12	0	17	11	72	26	24	102	194	111	51
216	205	40	28	19	194	18	0	10	40	28	19	11	0	16	0	85	63	76	15	183	18	0	5	18	0	10	11	0	10	0	59	0	40	0	40	28	19	9	0	0	25	12	0	0	0	11	0	16	0	85	63	76	15	172	14	0	0	18	0	5	11	0	5	0	59	0	20	0	18	0	10	0	0	0	0	4	0	0	0	11	0	10	0	59	0	40	0	40	28	19	11	0	0	0	17	28	0	11	9	0	0	25	12	0	0	0	11	0	16	0	85	63	76	15	161	8	0	0	14	0	0	7	0	0	0	39	0	0	0	18	0	5	0	0	0	0	4	0	0	0	11	0	5	0	59	0	20	0	18	0	10	0	0	0	0	1	0	0	0	0	0	0	0	4	0	0	0	11	0	10	0	59	0	40	0	40	28	19	7	0	10	0	23	28	0	0	11	0	0	0	17	28	0	11	9	0	0	25	12	0	0	0	11	0	16	0	85	63	76	15
260	246	44	43	68	232	26	13	38	44	43	68	23	0	40	25	100	75	204	148	218	22	10	38	26	13	38	19	0	38	25	83	65	114	111	44	43	68	20	30	0	0	21	40	0	0	23	0	40	25	100	75	204	148	204	12	0	37	22	10	38	19	0	38	24	72	50	114	73	26	13	38	0	0	0	0	6	0	0	0	19	0	38	25	83	65	114	111	44	43	68	12	0	38	11	8	0	68	0	20	30	0	0	21	40	0	0	23	0	40	25	100	75	204	148	190	3	0	22	12	0	37	6	0	37	11	31	0	111	23	22	10	38	0	0	0	0	6	0	0	0	19	0	38	24	72	50	114	73	26	13	38	0	0	25	0	2	0	38	0	0	0	0	0	6	0	0	0	19	0	38	25	83	65	114	111	44	43	68	0	0	31	44	5	0	0	72	12	0	38	11	8	0	68	0	20	30	0	0	21	40	0	0	23	0	40	25	100	75	204	148
241	228	42	39	54	215	23	12	34	42	39	54	17	0	44	12	96	69	162	111	202	19	9	34	23	12	34	13	0	43	12	78	60	102	95	42	39	54	24	27	0	0	24	36	0	0	17	0	44	12	96	69	162	111	189	7	0	33	19	9	34	13	0	43	11	67	45	102	68	23	12	34	0	0	0	0	5	0	0	0	13	0	43	12	78	60	102	95	42	39	54	12	0	56	11	8	0	54	0	24	27	0	0	24	36	0	0	17	0	44	12	96	69	162	111	176	0	0	17	7	0	33	0	0	42	0	20	0	99	23	19	9	34	0	0	0	0	5	0	0	0	13	0	43	11	67	45	102	68	23	12	34	0	0	43	0	2	0	34	0	0	0	0	0	5	0	0	0	13	0	43	12	78	60	102	95	42	39	54	0	0	13	40	5	0	0	72	12	0	56	11	8	0	54	0	24	27	0	0	24	36	0	0	17	0	44	12	96	69	162	111
326	308	53	72	99	290	28	56	38	53	72	99	24	42	13	96	118	190	99	285	272	26	55	28	28	56	38	19	42	12	64	88	182	38	200	53	72	99	22	13	0	24	26	30	0	15	24	42	13	96	118	190	99	285	254	15	39	16	26	55	28	18	39	12	31	81	177	28	115	28	56	38	0	0	0	0	4	28	0	0	19	42	12	64	88	182	38	200	53	72	99	9	39	39	36	7	15	99	17	22	13	0	24	26	30	0	15	24	42	13	96	118	190	99	285	236	7	0	0	15	39	16	7	0	11	0	36	104	16	46	26	55	28	0	0	0	0	4	28	0	0	18	39	12	31	81	177	28	115	28	56	38	0	0	22	0	1	14	38	0	0	0	0	0	4	28	0	0	19	42	12	64	88	182	38	200	53	72	99	0	0	57	0	3	0	297	83	9	39	39	36	7	15	99	17	22	13	0	24	26	30	0	15	24	42	13	96	118	190	99	285
219	207	38	37	40	195	19	20	0	38	37	40	21	10	0	0	80	94	80	226	183	18	18	0	19	20	0	17	10	0	0	57	90	0	163	38	37	40	19	16	0	0	25	11	0	0	21	10	0	0	80	94	80	226	171	10	8	0	18	18	0	17	8	0	0	55	80	0	90	19	20	0	0	0	0	0	5	10	0	0	17	10	0	0	57	90	0	163	38	37	40	9	16	12	0	8	0	40	0	19	16	0	0	25	11	0	0	21	10	0	0	80	94	80	226	159	3	0	0	10	8	0	6	0	0	0	24	32	0	23	18	18	0	0	0	0	0	5	10	0	0	17	8	0	0	55	80	0	90	19	20	0	0	0	0	0	2	0	0	0	0	0	0	0	5	10	0	0	17	10	0	0	57	90	0	163	38	37	40	0	0	18	0	3	0	40	0	9	16	12	0	8	0	40	0	19	16	0	0	25	11	0	0	21	10	0	0	80	94	80	226
243	229	48	71	12	215	22	48	0	48	71	12	16	64	0	0	115	153	36	92	201	16	36	0	22	48	0	7	64	0	0	80	128	0	85	48	71	12	12	60	0	0	28	44	0	0	16	64	0	0	115	153	36	92	187	10	10	0	16	36	0	6	40	0	0	62	95	0	63	22	48	0	2	0	0	0	6	16	0	0	7	64	0	0	80	128	0	85	48	71	12	11	30	12	0	16	12	48	0	12	60	0	0	28	44	0	0	16	64	0	0	115	153	36	92	173	4	0	0	10	10	0	2	0	0	0	33	25	0	23	16	36	0	2	0	0	0	6	16	0	0	6	40	0	0	62	95	0	63	22	48	0	1	0	0	0	1	8	0	0	2	0	0	0	6	16	0	0	7	64	0	0	80	128	0	85	48	71	12	6	0	0	0	6	16	24	0	11	30	12	0	16	12	48	0	12	60	0	0	28	44	0	0	16	64	0	0	115	153	36	92
216	204	23	0	98	192	19	0	59	23	0	98	14	0	0	88	67	0	0	174	180	4	0	57	19	0	59	10	0	0	84	65	0	0	72	23	0	98	0	0	98	25	3	0	0	0	14	0	0	88	67	0	0	174	168	0	0	57	4	0	57	0	0	0	84	12	0	0	72	19	0	59	0	0	44	25	3	0	0	0	10	0	0	84	65	0	0	72	23	0	98	0	0	34	0	1	0	0	0	0	0	98	25	3	0	0	0	14	0	0	88	67	0	0	174	156	0	0	56	0	0	57	0	0	0	81	0	0	0	70	4	0	57	0	0	43	24	3	0	0	0	0	0	0	84	12	0	0	72	19	0	59	0	0	13	0	1	0	0	0	0	0	44	25	3	0	0	0	10	0	0	84	65	0	0	72	23	0	98	0	0	0	11	4	0	0	0	0	0	34	0	1	0	0	0	0	0	98	25	3	0	0	0	14	0	0	88	67	0	0	174
225	212	34	44	34	199	16	32	9	34	44	34	10	32	0	9	80	107	34	134	186	8	0	9	16	32	9	10	0	0	9	53	88	9	72	34	44	34	2	0	59	0	17	0	136	0	10	32	0	9	80	107	34	134	173	6	0	9	8	0	9	2	0	0	9	26	0	9	72	16	32	9	2	0	18	0	5	0	36	0	10	0	0	9	53	88	9	72	34	44	34	6	0	10	0	16	0	0	0	2	0	59	0	17	0	136	0	10	32	0	9	80	107	34	134	160	4	0	9	6	0	9	2	0	0	9	21	0	9	70	8	0	9	2	0	18	0	5	0	36	0	2	0	0	9	26	0	9	72	16	32	9	1	0	0	0	1	0	0	0	2	0	18	0	5	0	36	0	10	0	0	9	53	88	9	72	34	44	34	6	0	0	0	6	18	0	0	6	0	10	0	16	0	0	0	2	0	59	0	17	0	136	0	10	32	0	9	80	107	34	134
126	119	19	0	45	112	18	0	0	19	0	45	16	0	0	0	60	0	0	273	105	6	0	0	18	0	0	12	0	0	0	59	0	0	110	19	0	45	0	0	60	0	5	0	0	0	16	0	0	0	60	0	0	273	98	0	0	0	6	0	0	0	0	0	0	17	0	0	100	18	0	0	0	0	0	0	5	0	0	0	12	0	0	0	59	0	0	110	19	0	45	0	0	57	0	2	0	0	0	0	0	60	0	5	0	0	0	16	0	0	0	60	0	0	273	91	0	0	0	0	0	0	0	0	0	0	0	0	0	86	6	0	0	0	0	0	0	5	0	0	0	0	0	0	0	17	0	0	100	18	0	0	0	0	0	0	2	0	0	0	0	0	0	0	5	0	0	0	12	0	0	0	59	0	0	110	19	0	45	0	0	0	0	4	0	0	0	0	0	57	0	2	0	0	0	0	0	60	0	5	0	0	0	16	0	0	0	60	0	0	273
105	99	9	9	0	93	4	0	0	9	9	0	4	0	0	0	14	3	0	0	87	0	0	0	4	0	0	0	0	0	0	11	0	0	0	9	9	0	0	0	0	0	0	0	0	0	4	0	0	0	14	3	0	0	81	0	0	0	0	0	0	0	0	0	0	0	0	0	0	4	0	0	0	0	0	0	0	0	0	0	0	0	0	0	11	0	0	0	9	9	0	0	0	0	0	0	0	0	0	0	0	0	0	0	0	0	0	4	0	0	0	14	3	0	0	75	0	0	0	0	0	0	0	0	0	0	0	0	0	0	0	0	0	0	0	0	0	0	0	0	0	0	0	0	0	0	0	0	0	4	0	0	0	0	0	0	0	0	0	0	0	0	0	0	0	0	0	0	0	0	0	0	11	0	0	0	9	9	0	0	0	0	0	2	0	0	0	0	0	0	0	0	0	0	0	0	0	0	0	0	0	0	0	4	0	0	0	14	3	0	0
87	82	9	6	0	77	4	0	0	9	6	0	4	0	0	0	14	2	0	0	72	0	0	0	4	0	0	0	0	0	0	11	0	0	0	9	6	0	0	0	0	0	0	0	0	0	4	0	0	0	14	2	0	0	67	0	0	0	0	0	0	0	0	0	0	0	0	0	0	4	0	0	0	0	0	0	0	0	0	0	0	0	0	0	11	0	0	0	9	6	0	0	0	0	0	0	0	0	0	0	0	0	0	0	0	0	0	4	0	0	0	14	2	0	0	62	0	0	0	0	0	0	0	0	0	0	0	0	0	0	0	0	0	0	0	0	0	0	0	0	0	0	0	0	0	0	0	0	0	4	0	0	0	0	0	0	0	0	0	0	0	0	0	0	0	0	0	0	0	0	0	0	11	0	0	0	9	6	0	0	0	0	0	2	0	0	0	0	0	0	0	0	0	0	0	0	0	0	0	0	0	0	0	4	0	0	0	14	2	0	0
125	117	26	19	12	109	11	7	12	26	19	12	8	0	24	0	65	31	36	0	101	11	7	12	11	7	12	8	0	24	0	32	7	36	0	26	19	12	4	0	0	0	11	0	0	0	8	0	24	0	65	31	36	0	93	11	7	12	11	7	12	8	0	24	0	32	7	36	0	11	7	12	4	0	0	0	6	0	0	0	8	0	24	0	32	7	36	0	26	19	12	6	0	0	0	10	0	0	0	4	0	0	0	11	0	0	0	8	0	24	0	65	31	36	0	85	9	7	12	11	7	12	8	0	24	0	32	7	36	0	11	7	12	4	0	0	0	6	0	0	0	8	0	24	0	32	7	36	0	11	7	12	1	0	0	0	0	0	0	0	4	0	0	0	6	0	0	0	8	0	24	0	32	7	36	0	26	19	12	6	0	0	0	9	8	0	0	6	0	0	0	10	0	0	0	4	0	0	0	11	0	0	0	8	0	24	0	65	31	36	0
135	127	20	7	13	119	7	0	0	20	7	13	6	0	32	0	46	7	13	34	111	7	0	0	7	0	0	6	0	0	0	13	0	0	9	20	7	13	2	0	0	0	4	0	0	0	6	0	32	0	46	7	13	34	103	7	0	0	7	0	0	6	0	0	0	13	0	0	9	7	0	0	2	0	0	0	3	0	0	0	6	0	0	0	13	0	0	9	20	7	13	0	0	0	0	1	0	0	0	2	0	0	0	4	0	0	0	6	0	32	0	46	7	13	34	95	7	0	0	7	0	0	6	0	0	0	13	0	0	9	7	0	0	2	0	0	0	3	0	0	0	6	0	0	0	13	0	0	9	7	0	0	0	0	0	0	0	0	0	0	2	0	0	0	3	0	0	0	6	0	0	0	13	0	0	9	20	7	13	0	0	0	0	7	0	0	0	0	0	0	0	1	0	0	0	2	0	0	0	4	0	0	0	6	0	32	0	46	7	13	34
68	64	1	0	5	60	0	0	0	1	0	5	0	0	0	0	1	0	0	0	56	0	0	0	0	0	0	0	0	0	0	0	0	0	0	1	0	5	0	0	0	0	0	0	0	0	0	0	0	0	1	0	0	0	52	0	0	0	0	0	0	0	0	0	0	0	0	0	0	0	0	0	0	0	0	0	0	0	0	0	0	0	0	0	0	0	0	0	1	0	5	0	0	0	0	0	0	0	0	0	0	0	0	0	0	0	0	0	0	0	0	1	0	0	0	48	0	0	0	0	0	0	0	0	0	0	0	0	0	0	0	0	0	0	0	0	0	0	0	0	0	0	0	0	0	0	0	0	0	0	0	0	0	0	0	0	0	0	0	0	0	0	0	0	0	0	0	0	0	0	0	0	0	0	0	0	1	0	5	0	0	0	0	0	0	0	0	0	0	0	0	0	0	0	0	0	0	0	0	0	0	0	0	0	0	0	0	1	0	0	0
102	96	15	0	5	90	6	0	0	15	0	5	6	0	0	0	34	0	0	0	84	6	0	0	6	0	0	6	0	0	0	12	0	0	0	15	0	5	2	0	0	0	3	0	0	0	6	0	0	0	34	0	0	0	78	6	0	0	6	0	0	6	0	0	0	12	0	0	0	6	0	0	2	0	0	0	3	0	0	0	6	0	0	0	12	0	0	0	15	0	5	0	0	0	0	0	0	0	0	2	0	0	0	3	0	0	0	6	0	0	0	34	0	0	0	72	6	0	0	6	0	0	6	0	0	0	12	0	0	0	6	0	0	2	0	0	0	3	0	0	0	6	0	0	0	12	0	0	0	6	0	0	0	0	0	0	0	0	0	0	2	0	0	0	3	0	0	0	6	0	0	0	12	0	0	0	15	0	5	0	0	0	0	5	0	0	0	0	0	0	0	0	0	0	0	2	0	0	0	3	0	0	0	6	0	0	0	34	0	0	0
182	169	44	63	0	156	14	42	0	44	63	0	15	52	0	0	102	143	0	0	143	11	40	0	14	42	0	3	48	0	0	44	90	0	0	44	63	0	4	16	0	0	21	24	0	0	15	52	0	0	102	143	0	0	130	11	40	0	11	40	0	3	48	0	0	36	88	0	0	14	42	0	4	16	0	0	6	24	0	0	3	48	0	0	44	90	0	0	44	63	0	12	0	0	0	20	0	0	0	4	16	0	0	21	24	0	0	15	52	0	0	102	143	0	0	117	8	40	0	11	40	0	3	48	0	0	36	88	0	0	11	40	0	4	16	0	0	6	24	0	0	3	48	0	0	36	88	0	0	14	42	0	3	0	0	0	0	0	0	0	4	16	0	0	6	24	0	0	3	48	0	0	44	90	0	0	44	63	0	10	0	0	0	12	9	0	0	12	0	0	0	20	0	0	0	4	16	0	0	21	24	0	0	15	52	0	0	102	143	0	0
363	340	69	90	171	317	36	0	166	69	90	171	53	0	112	20	187	252	855	0	294	29	0	142	36	0	166	30	0	112	12	117	0	830	0	69	90	171	24	0	0	152	30	126	0	34	53	0	112	20	187	252	855	0	271	23	0	85	29	0	142	18	0	100	12	94	0	710	0	36	0	166	9	0	0	44	12	0	0	9	30	0	112	12	117	0	830	0	69	90	171	26	0	0	148	22	108	0	273	24	0	0	152	30	126	0	34	53	0	112	20	187	252	855	0	248	19	0	67	23	0	85	15	0	39	12	75	0	425	0	29	0	142	8	0	0	43	12	0	0	9	18	0	100	12	94	0	710	0	36	0	166	15	0	0	81	7	0	0	110	9	0	0	44	12	0	0	9	30	0	112	12	117	0	830	0	69	90	171	23	0	0	63	12	18	0	92	26	0	0	148	22	108	0	273	24	0	0	152	30	126	0	34	53	0	112	20	187	252	855	0
216	202	36	25	68	188	17	13	52	36	25	68	11	0	28	20	99	25	68	25	174	16	13	39	17	13	52	10	0	28	12	55	13	52	12	36	25	68	7	0	0	35	26	12	0	34	11	0	28	20	99	25	68	25	160	15	13	33	16	13	39	9	0	22	12	50	13	39	12	17	13	52	6	0	0	18	9	0	0	9	10	0	28	12	55	13	52	12	36	25	68	12	0	0	9	20	12	0	12	7	0	0	35	26	12	0	34	11	0	28	20	99	25	68	25	146	12	13	32	15	13	33	9	0	12	12	46	13	33	12	16	13	39	6	0	0	18	9	0	0	9	9	0	22	12	50	13	39	12	17	13	52	3	0	0	9	0	0	0	0	6	0	0	18	9	0	0	9	10	0	28	12	55	13	52	12	36	25	68	10	0	0	11	9	0	0	0	12	0	0	9	20	12	0	12	7	0	0	35	26	12	0	34	11	0	28	20	99	25	68	25
197	183	66	69	15	169	30	44	12	66	69	15	40	10	12	0	178	216	60	0	155	24	42	12	30	44	12	21	10	12	0	100	152	48	0	66	69	15	14	22	0	0	30	51	0	0	40	10	12	0	178	216	60	0	141	20	36	12	24	42	12	17	10	12	0	80	146	48	0	30	44	12	7	20	0	0	9	30	0	0	21	10	12	0	100	152	48	0	66	69	15	25	44	0	0	32	24	0	0	14	22	0	0	30	51	0	0	40	10	12	0	178	216	60	0	127	16	26	11	20	36	12	14	6	12	0	66	124	48	0	24	42	12	6	20	0	0	9	30	0	0	17	10	12	0	80	146	48	0	30	44	12	13	20	0	0	7	0	0	0	7	20	0	0	9	30	0	0	21	10	12	0	100	152	48	0	66	69	15	19	24	0	11	21	18	15	0	25	44	0	0	32	24	0	0	14	22	0	0	30	51	0	0	40	10	12	0	178	216	60	0
170	159	50	26	24	148	28	10	16	50	26	24	25	0	16	8	146	64	48	12	137	26	10	5	28	10	16	22	0	16	0	93	40	32	12	50	26	24	16	0	0	15	33	16	0	34	25	0	16	8	146	64	48	12	126	22	8	0	26	10	5	18	0	10	0	83	40	10	12	28	10	16	9	0	0	0	12	0	0	9	22	0	16	0	93	40	32	12	50	26	24	24	16	0	0	23	32	0	12	16	0	0	15	33	16	0	34	25	0	16	8	146	64	48	12	115	19	0	0	22	8	0	15	0	0	0	69	32	0	12	26	10	5	8	0	0	0	12	0	0	9	18	0	10	0	83	40	10	12	28	10	16	15	0	0	0	7	0	0	0	9	0	0	0	12	0	0	9	22	0	16	0	93	40	32	12	50	26	24	23	0	0	0	11	8	24	0	24	16	0	0	23	32	0	12	16	0	0	15	33	16	0	34	25	0	16	8	146	64	48	12
216	201	66	73	24	186	30	47	16	66	73	24	35	22	16	8	177	246	72	12	171	25	45	5	30	47	16	20	22	16	0	97	191	48	12	66	73	24	14	24	0	15	32	52	0	34	35	22	16	8	177	246	72	12	156	21	41	0	25	45	5	16	22	10	0	79	181	15	12	30	47	16	7	22	0	0	9	33	0	9	20	22	16	0	97	191	48	12	66	73	24	27	35	0	0	32	32	0	12	14	24	0	15	32	52	0	34	35	22	16	8	177	246	72	12	141	17	27	0	21	41	0	13	16	0	0	65	164	0	12	25	45	5	6	22	0	0	9	33	0	9	16	22	10	0	79	181	15	12	30	47	16	14	11	0	0	7	0	0	0	7	22	0	0	9	33	0	9	20	22	16	0	97	191	48	12	66	73	24	17	48	0	0	18	22	24	0	27	35	0	0	32	32	0	12	14	24	0	15	32	52	0	34	35	22	16	8	177	246	72	12
260	242	63	59	134	224	39	17	96	63	59	134	60	0	62	82	173	121	402	210	206	31	17	96	39	17	96	35	0	62	82	134	51	288	194	63	59	134	24	0	0	0	21	14	0	0	60	0	62	82	173	121	402	210	188	23	17	94	31	17	96	23	0	62	80	110	51	288	159	39	17	96	9	0	0	0	13	0	0	0	35	0	62	82	134	51	288	194	63	59	134	18	0	14	29	15	0	0	0	24	0	0	0	21	14	0	0	60	0	62	82	173	121	402	210	170	19	17	73	23	17	94	17	0	62	63	83	51	282	97	31	17	96	8	0	0	0	13	0	0	0	23	0	62	80	110	51	288	159	39	17	96	16	0	0	13	14	0	0	0	9	0	0	0	13	0	0	0	35	0	62	82	134	51	288	194	63	59	134	18	0	22	92	13	0	0	99	18	0	14	29	15	0	0	0	24	0	0	0	21	14	0	0	60	0	62	82	173	121	402	210
219	204	54	54	74	189	33	10	44	54	54	74	53	40	36	56	145	88	296	186	174	26	0	44	33	10	44	32	0	36	56	112	20	176	178	54	54	74	22	0	0	0	14	10	74	0	53	40	36	56	145	88	296	186	159	19	0	38	26	0	44	20	0	36	41	90	0	176	154	33	10	44	7	0	0	0	10	0	44	0	32	0	36	56	112	20	176	178	54	54	74	17	0	6	44	14	0	0	0	22	0	0	0	14	10	74	0	53	40	36	56	145	88	296	186	144	17	0	9	19	0	38	16	0	36	0	67	0	152	97	26	0	44	6	0	0	0	10	0	44	0	20	0	36	41	90	0	176	154	33	10	44	15	0	0	0	14	0	0	0	7	0	0	0	10	0	44	0	32	0	36	56	112	20	176	178	54	54	74	18	0	6	27	13	0	0	151	17	0	6	44	14	0	0	0	22	0	0	0	14	10	74	0	53	40	36	56	145	88	296	186
204	190	60	36	79	176	36	23	22	60	36	79	56	23	0	46	173	134	79	302	162	29	11	22	36	23	22	32	11	0	46	121	103	22	262	60	36	79	23	11	0	0	21	11	79	0	56	23	0	46	173	134	79	302	148	21	0	18	29	11	22	21	0	0	33	102	44	22	203	36	23	22	9	0	0	0	13	0	22	0	32	11	0	46	121	103	22	262	60	36	79	18	0	22	28	17	0	79	0	23	11	0	0	21	11	79	0	56	23	0	46	173	134	79	302	134	17	0	0	21	0	18	15	0	0	0	75	0	18	130	29	11	22	8	0	0	0	13	0	22	0	21	0	0	33	102	44	22	203	36	23	22	16	0	0	0	14	0	22	0	9	0	0	0	13	0	22	0	32	11	0	46	121	103	22	262	60	36	79	18	0	22	0	15	0	0	111	18	0	22	28	17	0	79	0	23	11	0	0	21	11	79	0	56	23	0	46	173	134	79	302
255	234	104	174	40	213	48	144	0	104	174	40	65	169	0	0	291	611	80	234	192	38	127	0	48	144	0	30	144	0	0	157	539	0	210	104	174	40	44	86	0	0	36	50	40	0	65	169	0	0	291	611	80	234	171	25	89	0	38	127	0	21	108	0	0	130	466	0	164	48	144	0	7	30	0	0	13	33	0	0	30	144	0	0	157	539	0	210	104	174	40	20	175	22	0	32	101	120	0	44	86	0	0	36	50	40	0	65	169	0	0	291	611	80	234	150	16	68	0	25	89	0	12	66	0	0	88	328	0	97	38	127	0	7	20	0	0	13	30	0	0	21	108	0	0	130	466	0	164	48	144	0	6	138	0	0	11	90	0	0	7	30	0	0	13	33	0	0	30	144	0	0	157	539	0	210	95	174	40	10	149	22	0	26	88	40	0	20	175	22	0	32	101	120	0	44	86	0	0	36	50	40	0	65	169	0	0	265	611	80	234
207	192	65	82	18	177	31	38	0	65	82	18	33	152	0	0	175	204	72	171	162	27	10	0	31	38	0	24	40	0	0	108	100	0	166	65	82	18	14	40	0	0	24	5	72	0	33	152	0	0	175	204	72	171	147	23	0	0	27	10	0	20	0	0	0	95	25	0	142	31	38	0	7	0	0	0	16	0	0	0	24	40	0	0	108	100	0	166	65	82	18	17	0	0	0	20	0	36	0	14	40	0	0	24	5	72	0	33	152	0	0	175	204	72	171	132	21	0	0	23	0	0	17	0	0	0	81	0	0	85	27	10	0	6	0	0	0	16	0	0	0	20	0	0	0	95	25	0	142	31	38	0	14	0	0	0	17	0	0	0	7	0	0	0	16	0	0	0	24	40	0	0	108	100	0	166	65	82	18	19	0	0	0	15	13	0	0	17	0	0	0	20	0	36	0	14	40	0	0	24	5	72	0	33	152	0	0	175	204	72	171
196	181	42	39	100	166	25	26	59	42	39	100	32	13	38	50	117	79	100	266	151	19	26	59	25	26	59	19	13	0	50	84	65	59	140	42	39	100	5	0	34	0	14	0	0	0	32	13	38	50	117	79	100	266	136	18	26	59	19	26	59	16	13	0	50	68	65	59	140	25	26	59	4	0	0	0	10	0	0	0	19	13	0	50	84	65	59	140	42	39	100	13	0	8	0	15	0	0	0	5	0	34	0	14	0	0	0	32	13	38	50	117	79	100	266	121	18	26	59	18	26	59	16	13	0	50	64	65	59	132	19	26	59	4	0	0	0	10	0	0	0	16	13	0	50	68	65	59	140	25	26	59	13	0	0	0	14	0	0	0	4	0	0	0	10	0	0	0	19	13	0	50	84	65	59	140	42	39	100	18	0	0	0	12	0	0	0	13	0	8	0	15	0	0	0	5	0	34	0	14	0	0	0	32	13	38	50	117	79	100	266
152	141	29	18	54	130	14	0	23	29	18	54	20	0	30	24	71	27	108	226	119	11	0	23	14	0	23	10	0	0	24	43	0	46	140	29	18	54	2	0	10	0	7	0	0	0	20	0	30	24	71	27	108	226	108	11	0	23	11	0	23	10	0	0	24	37	0	46	140	14	0	23	2	0	0	0	7	0	0	0	10	0	0	24	43	0	46	140	29	18	54	1	0	0	0	7	0	0	0	2	0	10	0	7	0	0	0	20	0	30	24	71	27	108	226	97	11	0	23	11	0	23	10	0	0	24	37	0	46	132	11	0	23	2	0	0	0	7	0	0	0	10	0	0	24	37	0	46	140	14	0	23	1	0	0	0	7	0	0	0	2	0	0	0	7	0	0	0	10	0	0	24	43	0	46	140	29	18	54	5	0	0	0	7	0	0	0	1	0	0	0	7	0	0	0	2	0	10	0	7	0	0	0	20	0	30	24	71	27	108	226
83	77	12	5	24	71	4	0	12	12	5	24	1	0	10	24	24	5	24	74	65	4	0	12	4	0	12	1	0	0	24	11	0	12	44	12	5	24	0	0	0	0	3	0	0	0	1	0	10	24	24	5	24	74	59	4	0	12	4	0	12	1	0	0	24	11	0	12	44	4	0	12	0	0	0	0	3	0	0	0	1	0	0	24	11	0	12	44	12	5	24	0	0	0	0	0	0	0	0	0	0	0	0	3	0	0	0	1	0	10	24	24	5	24	74	53	4	0	12	4	0	12	1	0	0	24	11	0	12	38	4	0	12	0	0	0	0	3	0	0	0	1	0	0	24	11	0	12	44	4	0	12	0	0	0	0	0	0	0	0	0	0	0	0	3	0	0	0	1	0	0	24	11	0	12	44	12	5	24	0	0	0	0	1	0	0	0	0	0	0	0	0	0	0	0	0	0	0	0	3	0	0	0	1	0	10	24	24	5	24	74
183	167	72	94	48	151	35	69	0	72	94	48	52	110	49	0	198	296	96	345	135	25	60	0	35	69	0	23	90	0	0	112	243	0	162	72	94	48	38	20	45	0	24	53	48	0	52	110	49	0	198	296	96	345	119	17	59	0	25	60	0	16	90	0	0	82	230	0	162	35	69	0	5	20	0	0	9	43	0	0	23	90	0	0	112	243	0	162	72	94	48	29	9	8	0	24	77	0	0	38	20	45	0	24	53	48	0	52	110	49	0	198	296	96	345	103	13	54	0	17	59	0	8	87	0	0	59	225	0	150	25	60	0	3	20	0	0	9	40	0	0	16	90	0	0	82	230	0	162	35	69	0	13	7	0	0	10	70	0	0	5	20	0	0	9	43	0	0	23	90	0	0	112	243	0	162	70	94	48	14	41	0	0	16	41	0	0	29	9	8	0	24	77	0	0	38	20	45	0	24	53	48	0	52	110	49	0	193	296	96	345
81	75	19	9	5	69	6	0	0	19	9	5	8	0	20	0	41	18	15	18	63	4	0	0	6	0	0	0	0	0	0	16	0	0	0	19	9	5	1	0	10	0	6	0	0	0	8	0	20	0	41	18	15	18	57	4	0	0	4	0	0	0	0	0	0	11	0	0	0	6	0	0	1	0	0	0	6	0	0	0	0	0	0	0	16	0	0	0	19	9	5	0	0	0	0	0	0	0	0	1	0	10	0	6	0	0	0	8	0	20	0	41	18	15	18	51	4	0	0	4	0	0	0	0	0	0	11	0	0	0	4	0	0	1	0	0	0	6	0	0	0	0	0	0	0	11	0	0	0	6	0	0	0	0	0	0	0	0	0	0	1	0	0	0	6	0	0	0	0	0	0	0	16	0	0	0	19	9	5	0	0	0	0	4	0	0	0	0	0	0	0	0	0	0	0	1	0	10	0	6	0	0	0	8	0	20	0	41	18	15	18
138	127	48	30	31	116	18	0	24	48	30	31	14	0	60	47	139	90	155	0	105	17	0	0	18	0	24	11	0	45	0	61	0	120	0	48	30	31	19	0	10	0	20	0	0	137	14	0	60	47	139	90	155	0	94	14	0	0	17	0	0	11	0	0	0	57	0	0	0	18	0	24	4	0	8	0	9	0	0	22	11	0	45	0	61	0	120	0	48	30	31	20	0	0	0	11	18	0	0	19	0	10	0	20	0	0	137	14	0	60	47	139	90	155	0	83	10	0	0	14	0	0	8	0	0	0	49	0	0	0	17	0	0	2	0	0	0	6	0	0	22	11	0	0	0	57	0	0	0	18	0	24	8	0	0	0	8	0	0	0	4	0	8	0	9	0	0	22	11	0	45	0	61	0	120	0	47	30	31	16	0	20	0	14	12	0	0	20	0	0	0	11	18	0	0	19	0	10	0	20	0	0	137	14	0	60	47	136	90	155	0
141	130	32	18	42	119	13	0	15	32	18	42	10	0	25	60	90	27	84	107	108	13	0	0	13	0	15	10	0	10	0	47	0	30	23	32	18	42	4	0	0	0	13	0	0	92	10	0	25	60	90	27	84	107	97	13	0	0	13	0	0	10	0	0	0	47	0	0	23	13	0	15	4	0	0	0	13	0	0	44	10	0	10	0	47	0	30	23	32	18	42	3	0	0	0	13	0	0	0	4	0	0	0	13	0	0	92	10	0	25	60	90	27	84	107	86	11	0	0	13	0	0	10	0	0	0	47	0	0	23	13	0	0	4	0	0	0	13	0	0	44	10	0	0	0	47	0	0	23	13	0	15	1	0	0	0	10	0	0	0	4	0	0	0	13	0	0	44	10	0	10	0	47	0	30	23	32	18	42	4	0	7	0	10	9	0	0	3	0	0	0	13	0	0	0	4	0	0	0	13	0	0	92	10	0	25	60	90	27	84	107
143	131	35	29	45	119	16	20	5	35	29	45	23	0	25	20	87	69	45	231	107	13	20	0	16	20	5	11	0	10	0	54	60	5	94	35	29	45	4	0	0	0	10	30	0	18	23	0	25	20	87	69	45	231	95	13	20	0	13	20	0	11	0	0	0	46	60	0	94	16	20	5	4	0	0	0	10	30	0	0	11	0	10	0	54	60	5	94	35	29	45	3	0	0	0	10	0	0	0	4	0	0	0	10	30	0	18	23	0	25	20	87	69	45	231	83	11	20	0	13	20	0	11	0	0	0	46	60	0	94	13	20	0	4	0	0	0	10	30	0	0	11	0	0	0	46	60	0	94	16	20	5	1	0	0	0	10	0	0	0	4	0	0	0	10	30	0	0	11	0	10	0	54	60	5	94	35	29	45	4	0	7	0	8	9	0	0	3	0	0	0	10	0	0	0	4	0	0	0	10	30	0	18	23	0	25	20	87	69	45	231
126	115	33	37	12	104	8	19	5	33	37	12	13	0	18	20	82	82	36	5	93	5	18	0	8	19	5	1	0	10	0	27	46	15	0	33	37	12	1	9	0	0	9	27	0	18	13	0	18	20	82	82	36	5	82	5	18	0	5	18	0	1	0	0	0	19	45	0	0	8	19	5	1	9	0	0	6	27	0	0	1	0	10	0	27	46	15	0	33	37	12	2	0	0	0	6	0	0	0	1	9	0	0	9	27	0	18	13	0	18	20	82	82	36	5	71	4	18	0	5	18	0	1	0	0	0	19	45	0	0	5	18	0	1	9	0	0	6	27	0	0	1	0	0	0	19	45	0	0	8	19	5	1	0	0	0	3	0	0	0	1	9	0	0	6	27	0	0	1	0	10	0	27	46	15	0	32	37	12	1	0	0	0	6	6	0	0	2	0	0	0	6	0	0	0	1	9	0	0	9	27	0	18	13	0	18	20	81	82	36	5
100	92	28	16	0	84	7	0	0	28	16	0	1	0	0	0	74	40	0	0	76	7	0	0	7	0	0	1	0	0	0	24	0	0	0	28	16	0	2	0	0	0	16	0	0	0	1	0	0	0	74	40	0	0	68	7	0	0	7	0	0	1	0	0	0	24	0	0	0	7	0	0	2	0	0	0	9	0	0	0	1	0	0	0	24	0	0	0	28	16	0	2	0	0	0	6	0	0	0	2	0	0	0	16	0	0	0	1	0	0	0	74	40	0	0	60	6	0	0	7	0	0	1	0	0	0	24	0	0	0	7	0	0	2	0	0	0	9	0	0	0	1	0	0	0	24	0	0	0	7	0	0	1	0	0	0	3	0	0	0	2	0	0	0	9	0	0	0	1	0	0	0	24	0	0	0	28	16	0	1	0	0	0	5	4	0	0	2	0	0	0	6	0	0	0	2	0	0	0	16	0	0	0	1	0	0	0	74	40	0	0
188	172	51	48	78	156	24	0	62	51	48	78	27	0	43	58	139	144	312	31	140	20	0	55	24	0	62	11	0	42	39	79	0	248	24	51	48	78	22	0	0	47	19	48	0	0	27	0	43	58	139	144	312	31	124	12	0	22	20	0	55	11	0	40	0	69	0	220	0	24	0	62	1	0	0	0	3	0	0	0	11	0	42	39	79	0	248	24	49	48	78	14	0	53	64	8	0	0	137	22	0	0	47	19	48	0	0	27	0	43	58	133	144	312	31	108	7	0	0	12	0	22	2	0	22	0	41	0	88	0	20	0	55	1	0	0	0	3	0	0	0	11	0	40	0	69	0	220	0	22	0	62	5	0	51	0	8	0	0	22	1	0	0	0	3	0	0	0	11	0	42	39	73	0	248	24	48	48	78	7	0	33	0	11	0	0	63	14	0	53	64	8	0	0	137	22	0	0	47	19	48	0	0	27	0	43	58	130	144	312	31
175	159	57	54	67	143	28	41	26	57	54	67	31	13	11	60	165	195	67	130	127	25	40	13	28	41	26	19	13	10	28	89	179	26	49	57	54	67	32	14	0	36	29	42	0	48	31	13	11	60	165	195	67	130	111	16	38	0	25	40	13	19	13	8	0	81	174	13	0	28	41	26	3	13	0	0	10	39	0	0	19	13	10	28	89	179	26	49	57	54	67	12	25	31	0	14	39	0	58	32	14	0	36	29	42	0	48	31	13	11	60	165	195	67	130	95	9	25	0	16	38	0	7	12	0	0	51	165	0	0	25	40	13	3	13	0	0	10	39	0	0	19	13	8	0	81	174	13	0	28	41	26	4	13	27	0	12	39	0	0	3	13	0	0	10	39	0	0	19	13	10	28	89	179	26	49	51	54	67	6	12	60	0	11	0	67	0	12	25	31	0	14	39	0	58	32	14	0	36	29	42	0	48	31	13	11	60	147	195	67	130
171	154	66	108	17	137	23	74	10	66	108	17	28	48	11	10	168	315	85	31	120	19	59	8	23	74	10	12	48	10	8	78	219	50	24	66	108	17	4	90	0	16	15	24	0	0	28	48	11	10	168	315	85	31	103	16	35	0	19	59	8	12	33	8	0	68	179	40	0	23	74	10	1	0	0	0	3	0	0	0	12	48	10	8	78	219	50	24	60	108	17	16	44	22	0	20	14	51	40	4	90	0	16	15	24	0	0	28	48	11	10	154	315	85	31	87	8	25	0	16	35	0	3	14	0	0	54	121	0	0	19	59	8	1	0	0	0	3	0	0	0	12	33	8	0	68	179	40	0	20	74	10	4	11	20	0	7	11	30	0	1	0	0	0	3	0	0	0	12	48	10	8	70	219	50	24	50	92	17	7	47	33	0	20	53	17	0	16	44	22	0	20	14	51	40	4	90	0	16	15	24	0	0	26	48	11	10	124	267	85	31
118	108	28	16	25	98	11	0	0	28	16	25	5	0	0	0	74	32	50	85	88	11	0	0	11	0	0	5	0	0	0	35	0	0	44	28	16	25	17	0	0	0	17	0	0	0	5	0	0	0	74	32	50	85	78	8	0	0	11	0	0	5	0	0	0	35	0	0	0	11	0	0	2	0	0	0	6	0	0	0	5	0	0	0	35	0	0	44	28	16	25	8	0	0	0	4	0	0	0	17	0	0	0	17	0	0	0	5	0	0	0	74	32	50	85	68	6	0	0	8	0	0	2	0	0	0	27	0	0	0	11	0	0	2	0	0	0	6	0	0	0	5	0	0	0	35	0	0	0	11	0	0	2	0	0	0	4	0	0	0	2	0	0	0	6	0	0	0	5	0	0	0	35	0	0	44	27	16	25	5	0	0	0	4	0	0	0	8	0	0	0	4	0	0	0	17	0	0	0	17	0	0	0	5	0	0	0	71	32	50	85
117	107	34	21	16	97	14	0	0	34	21	16	17	0	0	0	85	56	48	43	87	11	0	0	14	0	0	5	0	0	0	43	0	0	29	34	21	16	17	0	0	0	14	21	0	0	17	0	0	0	85	56	48	43	77	8	0	0	11	0	0	5	0	0	0	35	0	0	0	14	0	0	2	0	0	0	6	0	0	0	5	0	0	0	43	0	0	29	34	21	16	8	0	0	0	4	0	0	0	17	0	0	0	14	21	0	0	17	0	0	0	85	56	48	43	67	6	0	0	8	0	0	2	0	0	0	27	0	0	0	11	0	0	2	0	0	0	6	0	0	0	5	0	0	0	35	0	0	0	14	0	0	2	0	0	0	4	0	0	0	2	0	0	0	6	0	0	0	5	0	0	0	43	0	0	29	33	21	16	5	0	0	0	5	0	0	0	8	0	0	0	4	0	0	0	17	0	0	0	14	21	0	0	17	0	0	0	82	56	48	43
140	127	31	30	53	114	14	0	19	31	30	53	22	0	16	11	65	30	159	136	101	5	0	19	14	0	19	4	0	16	11	39	0	57	72	31	30	53	0	0	38	0	0	0	0	0	22	0	16	11	65	30	159	136	88	4	0	19	5	0	19	1	0	16	11	15	0	57	63	14	0	19	0	0	19	0	0	0	0	0	4	0	16	11	39	0	57	72	29	30	53	1	0	6	0	1	0	0	0	0	0	38	0	0	0	0	0	22	0	16	11	59	30	159	136	75	4	0	16	4	0	19	1	0	16	8	14	0	57	22	5	0	19	0	0	19	0	0	0	0	0	1	0	16	11	15	0	57	63	12	0	19	1	0	0	0	1	0	0	0	0	0	19	0	0	0	0	0	4	0	16	11	33	0	57	72	28	30	53	4	0	0	24	6	0	0	0	1	0	6	0	1	0	0	0	0	0	38	0	0	0	0	0	22	0	16	11	56	30	159	136
188	170	55	89	70	152	27	33	40	55	89	70	21	132	16	54	135	197	280	111	134	17	0	39	27	33	40	15	0	16	51	84	88	160	72	54	89	70	0	0	88	10	1	0	210	0	21	132	16	54	134	197	280	111	116	13	0	37	17	0	39	6	0	16	45	53	0	156	63	26	33	40	0	0	61	8	0	0	120	0	15	0	16	51	83	88	160	72	48	89	70	9	0	48	16	17	0	0	0	0	0	88	10	1	0	210	0	18	132	16	54	116	197	280	111	98	12	0	22	13	0	37	6	0	16	14	44	0	148	22	16	0	39	0	0	59	0	0	0	117	0	6	0	16	45	52	0	156	63	20	33	40	4	0	33	0	5	0	0	0	0	0	61	8	0	0	120	0	12	0	16	51	65	88	160	72	45	89	70	10	0	0	48	25	15	0	40	9	0	48	16	17	0	0	0	0	0	88	10	1	0	210	0	16	132	16	54	106	197	280	111
109	99	29	9	45	89	15	0	0	29	9	45	21	0	0	0	66	0	45	203	79	8	0	0	15	0	0	5	0	0	0	46	0	0	98	29	9	45	1	0	18	0	3	0	0	0	21	0	0	0	66	0	45	203	69	6	0	0	8	0	0	2	0	0	0	28	0	0	76	15	0	0	1	0	0	0	3	0	0	0	5	0	0	0	46	0	0	98	27	9	45	2	0	18	0	4	0	0	0	1	0	18	0	3	0	0	0	21	0	0	0	60	0	45	203	59	5	0	0	6	0	0	1	0	0	0	23	0	0	22	8	0	0	1	0	0	0	3	0	0	0	2	0	0	0	28	0	0	76	13	0	0	2	0	0	0	4	0	0	0	1	0	0	0	3	0	0	0	5	0	0	0	40	0	0	98	26	9	45	4	0	12	0	5	0	0	0	2	0	18	0	4	0	0	0	1	0	18	0	3	0	0	0	21	0	0	0	57	0	45	203
121	108	42	56	18	95	16	28	0	42	56	18	21	24	0	0	87	128	72	95	82	10	22	0	16	28	0	9	0	0	0	45	78	0	72	35	56	18	0	0	18	0	0	0	18	0	21	24	0	0	76	128	72	95	71	9	22	0	10	22	0	6	0	0	0	29	66	0	63	15	28	0	0	0	0	0	0	0	0	0	9	0	0	0	44	78	0	72	31	34	18	1	0	6	0	3	0	0	0	0	0	18	0	0	0	18	0	18	24	0	0	64	62	72	95	60	9	22	0	9	22	0	6	0	0	0	28	66	0	22	9	22	0	0	0	0	0	0	0	0	0	6	0	0	0	28	66	0	63	11	6	0	1	0	0	0	1	0	0	0	0	0	0	0	0	0	0	0	6	0	0	0	32	12	0	72	28	34	18	8	0	0	0	10	0	0	0	1	0	6	0	3	0	0	0	0	0	18	0	0	0	18	0	16	24	0	0	54	62	72	95
85	77	27	15	6	69	12	0	0	27	15	6	20	0	0	0	56	15	18	17	61	5	0	0	12	0	0	4	0	0	0	33	0	0	10	27	15	6	0	0	18	0	0	0	0	0	20	0	0	0	56	15	18	17	53	4	0	0	5	0	0	1	0	0	0	15	0	0	8	12	0	0	0	0	0	0	0	0	0	0	4	0	0	0	33	0	0	10	25	15	6	1	0	6	0	1	0	0	0	0	0	18	0	0	0	0	0	20	0	0	0	50	15	18	17	45	4	0	0	4	0	0	1	0	0	0	14	0	0	0	5	0	0	0	0	0	0	0	0	0	0	1	0	0	0	15	0	0	8	10	0	0	1	0	0	0	1	0	0	0	0	0	0	0	0	0	0	0	4	0	0	0	27	0	0	10	24	15	6	4	0	0	0	5	0	0	0	1	0	6	0	1	0	0	0	0	0	18	0	0	0	0	0	20	0	0	0	47	15	18	17
90	81	18	0	51	72	6	0	8	18	0	51	3	0	49	16	44	0	0	192	63	6	0	8	6	0	8	3	0	8	16	17	0	0	59	17	0	51	0	0	0	0	0	0	0	0	3	0	49	16	43	0	0	192	54	6	0	8	6	0	8	3	0	8	16	17	0	0	58	5	0	8	0	0	0	0	0	0	0	0	3	0	8	16	16	0	0	59	12	0	51	0	0	0	0	0	0	0	0	0	0	0	0	0	0	0	0	0	0	49	16	27	0	0	192	45	6	0	8	6	0	8	3	0	8	16	17	0	0	56	5	0	8	0	0	0	0	0	0	0	0	3	0	8	16	16	0	0	58	0	0	8	0	0	0	0	0	0	0	0	0	0	0	0	0	0	0	0	0	0	8	16	0	0	0	59	12	0	51	0	0	0	0	1	0	0	0	0	0	0	0	0	0	0	0	0	0	0	0	0	0	0	0	0	0	49	16	27	0	0	192
117	105	36	27	42	93	16	0	8	36	27	42	12	0	49	16	88	54	126	147	81	16	0	8	16	0	8	12	0	8	16	42	0	24	59	33	27	42	2	0	0	0	0	0	0	0	12	0	49	16	85	54	126	147	69	16	0	8	16	0	8	12	0	8	16	42	0	24	58	13	0	8	2	0	0	0	0	0	0	0	12	0	8	16	39	0	24	59	24	27	42	0	0	0	0	5	0	0	0	2	0	0	0	0	0	0	0	6	0	49	16	60	54	126	147	57	16	0	8	16	0	8	12	0	8	16	42	0	24	56	13	0	8	2	0	0	0	0	0	0	0	12	0	8	16	39	0	24	58	4	0	8	0	0	0	0	0	0	0	0	2	0	0	0	0	0	0	0	6	0	8	16	14	0	24	59	20	27	42	10	0	0	0	15	0	0	0	0	0	0	0	5	0	0	0	0	0	0	0	0	0	0	0	0	0	49	16	46	54	126	147
80	72	24	0	32	64	8	0	0	24	0	32	4	0	39	0	61	0	0	147	56	8	0	0	8	0	0	4	0	0	0	20	0	0	59	22	0	32	0	0	0	0	0	0	0	0	4	0	39	0	59	0	0	147	48	8	0	0	8	0	0	4	0	0	0	20	0	0	58	6	0	0	0	0	0	0	0	0	0	0	4	0	0	0	18	0	0	59	16	0	32	0	0	0	0	0	0	0	0	0	0	0	0	0	0	0	0	0	0	39	0	41	0	0	147	40	8	0	0	8	0	0	4	0	0	0	20	0	0	56	6	0	0	0	0	0	0	0	0	0	0	4	0	0	0	18	0	0	58	0	0	0	0	0	0	0	0	0	0	0	0	0	0	0	0	0	0	0	0	0	0	0	0	0	0	59	16	0	32	0	0	0	0	2	0	0	0	0	0	0	0	0	0	0	0	0	0	0	0	0	0	0	0	0	0	39	0	41	0	0	147
107	93	45	67	17	79	12	40	0	44	67	17	9	30	39	0	97	173	68	88	66	12	40	0	12	40	0	9	30	0	0	31	110	0	40	32	54	17	2	0	0	0	0	0	0	0	9	30	39	0	80	160	68	88	56	12	40	0	12	40	0	9	30	0	0	31	110	0	39	10	30	0	2	0	0	0	0	0	0	0	9	30	0	0	29	100	0	40	26	24	17	0	0	0	0	10	0	0	0	2	0	0	0	0	0	0	0	6	0	39	0	65	60	68	88	46	12	40	0	12	40	0	9	30	0	0	31	110	0	37	10	30	0	2	0	0	0	0	0	0	0	9	30	0	0	29	100	0	39	4	0	0	0	0	0	0	0	0	0	0	2	0	0	0	0	0	0	0	6	0	0	0	14	0	0	40	22	24	17	10	0	0	0	20	0	0	0	0	0	0	0	10	0	0	0	0	0	0	0	0	0	0	0	0	0	39	0	51	60	68	88
80	70	38	32	0	60	13	16	0	37	32	0	11	8	0	0	91	70	0	0	51	13	16	0	13	16	0	11	8	0	0	38	24	0	0	33	23	0	2	0	0	0	1	0	0	0	11	8	0	0	87	61	0	0	43	13	16	0	13	16	0	11	8	0	0	38	24	0	0	11	8	0	2	0	0	0	0	0	0	0	11	8	0	0	36	16	0	0	27	15	0	5	0	0	0	19	0	0	0	2	0	0	0	1	0	0	0	6	0	0	0	70	45	0	0	35	12	16	0	13	16	0	11	8	0	0	38	24	0	0	11	8	0	2	0	0	0	0	0	0	0	11	8	0	0	36	16	0	0	5	0	0	0	0	0	0	0	0	0	0	2	0	0	0	0	0	0	0	6	0	0	0	19	0	0	0	23	15	0	10	0	0	0	25	3	0	0	5	0	0	0	19	0	0	0	0	0	0	0	1	0	0	0	0	0	0	0	56	45	0	0
104	92	52	32	39	80	27	0	30	52	32	39	19	0	60	0	138	80	156	17	68	27	0	29	27	0	30	19	0	60	0	80	0	120	0	49	32	39	18	0	0	14	12	0	0	0	19	0	60	0	135	80	156	17	56	22	0	26	27	0	29	19	0	57	0	80	0	116	0	24	0	30	3	0	0	11	0	0	0	0	19	0	60	0	77	0	120	0	41	32	39	15	0	0	33	23	40	0	0	18	0	0	14	12	0	0	0	13	0	60	0	113	80	156	17	44	15	0	25	22	0	26	14	0	48	0	62	0	104	0	24	0	29	3	0	0	10	0	0	0	0	19	0	57	0	77	0	116	0	16	0	30	0	0	0	30	0	0	0	0	3	0	0	11	0	0	0	0	13	0	60	0	55	0	120	0	32	32	39	12	0	15	10	23	40	0	0	15	0	0	33	23	40	0	0	16	0	0	14	12	0	0	0	5	0	60	0	86	80	156	17
125	111	37	13	88	97	21	0	64	37	13	88	16	0	11	64	98	13	88	59	83	21	0	45	21	0	64	16	0	11	16	62	0	64	8	34	13	88	3	0	0	57	2	0	0	70	16	0	11	64	95	13	88	59	69	20	0	38	21	0	45	16	0	6	16	62	0	45	8	18	0	64	2	0	0	26	0	0	0	40	16	0	11	16	59	0	64	8	27	13	88	9	0	0	10	20	13	0	17	3	0	0	57	2	0	0	70	10	0	11	64	76	13	88	59	55	15	0	38	20	0	38	13	0	0	16	57	0	38	8	18	0	45	2	0	0	26	0	0	0	39	16	0	6	16	59	0	45	8	11	0	64	0	0	0	10	0	0	0	10	2	0	0	26	0	0	0	40	10	0	11	16	40	0	64	8	19	13	88	11	0	11	0	25	39	0	0	9	0	0	10	20	13	0	17	1	0	0	57	2	0	0	70	4	0	11	64	51	13	88	59
144	127	70	71	80	110	33	16	73	70	71	80	40	0	86	44	189	245	400	0	93	30	16	53	33	16	73	29	0	86	0	97	80	365	0	68	71	80	40	0	20	79	20	11	0	70	40	0	86	44	187	245	400	0	76	21	11	41	30	16	53	25	0	78	0	88	80	265	0	31	16	73	5	0	20	43	3	0	0	40	29	0	86	0	95	80	365	0	63	71	80	21	55	0	63	29	99	0	17	40	0	20	79	20	11	0	70	37	0	86	44	175	245	400	0	59	12	0	38	21	11	41	12	0	60	0	59	55	205	0	28	16	53	3	0	20	42	0	0	0	39	25	0	78	0	86	80	265	0	26	16	73	0	0	0	58	0	0	0	10	5	0	20	43	3	0	0	40	26	0	86	0	83	80	365	0	46	71	80	13	0	26	24	26	77	80	0	21	55	0	63	29	99	0	17	38	0	20	79	20	11	0	70	29	0	86	44	125	245	400	0
117	102	50	58	54	87	24	36	28	50	58	54	18	24	11	68	127	142	108	59	72	24	36	6	24	36	28	18	24	11	0	72	108	56	8	45	58	54	6	0	0	30	3	0	0	88	18	24	11	68	122	142	108	59	58	22	36	0	24	36	6	18	24	6	0	72	108	12	8	21	36	28	3	0	0	0	0	0	0	40	18	24	11	0	69	108	56	8	29	44	54	13	0	0	0	20	20	0	17	6	0	0	30	3	0	0	88	12	24	11	68	80	114	108	59	46	15	32	0	22	36	0	13	24	0	0	62	108	0	8	21	36	6	3	0	0	0	0	0	0	39	18	24	6	0	69	108	12	8	12	24	28	0	0	0	0	0	0	0	10	3	0	0	0	0	0	0	40	12	24	11	0	43	84	56	8	21	20	54	9	40	11	0	23	50	0	0	13	0	0	0	20	20	0	17	4	0	0	30	3	0	0	88	6	0	11	68	57	30	108	59
103	88	49	79	18	73	18	52	0	48	79	18	13	64	0	0	116	186	54	59	59	18	50	0	18	52	0	13	60	0	0	54	132	0	8	41	65	18	4	20	0	0	7	0	0	0	13	64	0	0	108	172	54	59	47	16	50	0	18	50	0	13	60	0	0	54	130	0	8	16	40	0	1	20	0	0	0	0	0	0	13	60	0	0	52	120	0	8	28	41	18	12	0	0	0	20	14	0	0	4	20	0	0	7	0	0	0	9	40	0	0	75	112	54	59	37	10	44	0	16	50	0	8	60	0	0	44	130	0	8	16	40	0	1	20	0	0	0	0	0	0	13	60	0	0	52	120	0	8	10	20	0	0	0	0	0	0	0	0	0	1	20	0	0	0	0	0	0	9	40	0	0	35	70	0	8	21	21	18	6	42	0	0	20	35	0	0	12	0	0	0	20	14	0	0	4	0	0	0	7	0	0	0	5	0	0	0	55	42	54	59
102	87	54	67	44	72	25	45	8	54	67	44	30	46	0	0	133	184	88	191	57	23	42	8	25	45	8	24	44	0	0	70	146	16	131	50	67	44	38	29	0	0	15	9	0	0	30	46	0	0	128	184	88	191	43	13	29	8	23	42	8	19	40	0	0	65	133	16	88	24	45	8	4	11	0	0	0	0	0	0	24	44	0	0	69	146	16	131	42	53	44	13	36	11	0	6	9	44	0	38	29	0	0	15	9	0	0	28	46	0	0	110	142	88	191	31	4	9	8	13	29	8	8	18	0	0	35	78	16	67	22	42	8	2	9	0	0	0	0	0	0	19	40	0	0	64	133	16	88	21	33	8	0	0	0	0	0	0	8	0	4	11	0	0	0	0	0	0	22	44	0	0	62	110	16	131	27	29	44	0	18	34	0	0	0	88	0	13	36	11	0	6	9	44	0	36	29	0	0	15	9	0	0	22	22	0	0	67	82	88	191
125	109	52	39	111	93	30	0	81	52	39	111	44	0	35	55	131	91	333	137	77	25	0	81	30	0	81	26	0	33	55	87	0	243	103	51	39	111	41	0	0	0	15	52	0	0	44	0	35	55	130	91	333	137	61	13	0	80	25	0	81	21	0	33	53	74	0	243	82	29	0	81	5	0	0	0	0	0	0	0	26	0	33	55	86	0	243	103	48	39	111	17	0	28	14	6	13	0	0	41	0	0	0	15	52	0	0	42	0	35	55	122	91	333	137	45	4	0	76	13	0	80	8	0	33	46	34	0	240	67	24	0	81	3	0	0	0	0	0	0	0	21	0	33	53	73	0	243	82	26	0	81	0	0	15	11	0	0	0	0	5	0	0	0	0	0	0	0	24	0	33	55	78	0	243	103	38	39	111	2	0	14	42	0	0	0	0	17	0	28	14	6	13	0	0	39	0	0	0	15	52	0	0	36	0	35	55	96	91	333	137
112	96	56	62	80	80	28	48	26	56	62	80	32	36	0	63	150	175	80	279	64	26	47	26	28	48	26	26	36	0	63	83	156	26	195	55	62	80	40	11	0	0	15	11	0	0	32	36	0	63	149	175	80	279	48	14	33	20	26	47	26	21	33	0	46	78	151	26	133	27	48	26	5	0	0	0	0	0	0	0	26	36	0	63	82	156	26	195	43	62	80	14	33	42	44	6	11	80	0	40	11	0	0	15	11	0	0	30	36	0	63	122	175	80	279	35	5	0	11	14	33	20	10	0	0	22	38	88	20	105	25	47	26	3	0	0	0	0	0	0	0	21	33	0	46	77	151	26	133	23	48	26	0	0	26	11	0	0	26	0	5	0	0	0	0	0	0	0	24	36	0	63	72	156	26	195	28	23	80	2	0	48	33	0	0	240	17	14	33	42	44	6	11	80	0	38	11	0	0	15	11	0	0	22	36	0	63	79	71	80	279
115	99	58	75	60	83	25	39	38	58	75	60	43	0	35	40	142	203	240	119	67	19	27	38	25	39	38	21	0	33	40	74	104	152	103	58	75	60	32	108	0	0	17	45	0	0	43	0	35	40	142	203	240	119	51	8	0	36	19	27	38	15	0	33	38	59	72	152	82	25	39	38	3	0	0	0	0	0	0	0	21	0	33	40	74	104	152	103	57	75	60	17	0	41	26	5	18	180	0	32	108	0	0	17	45	0	0	43	0	35	40	139	203	240	119	35	1	0	20	8	0	36	2	0	32	31	21	0	144	67	19	27	38	1	0	0	0	0	0	0	0	15	0	33	38	59	72	152	82	24	39	38	0	0	28	11	0	0	114	0	3	0	0	0	0	0	0	0	21	0	33	40	71	104	152	103	40	75	60	2	0	0	42	0	0	0	67	17	0	41	26	5	18	180	0	32	108	0	0	17	45	0	0	41	0	35	40	100	203	240	119
117	99	64	121	22	81	19	74	10	64	121	22	26	170	22	10	140	329	110	80	63	14	46	10	19	74	10	9	112	20	10	53	199	50	73	64	121	22	21	142	0	0	14	30	22	0	26	170	22	10	140	329	110	80	45	6	12	10	14	46	10	7	48	20	10	41	121	50	53	19	74	10	1	12	0	0	0	0	10	0	9	112	20	10	53	199	50	73	58	121	22	7	60	11	0	5	12	88	0	21	142	0	0	14	30	22	0	26	170	22	10	126	329	110	80	29	1	0	9	6	12	10	2	0	20	9	16	30	50	41	14	46	10	1	0	0	0	0	0	10	0	7	48	20	10	41	121	50	53	18	74	10	0	0	0	0	0	0	40	0	1	12	0	0	0	0	10	0	9	112	20	10	50	199	50	73	40	89	22	2	0	0	9	0	0	44	0	7	60	11	0	5	12	88	0	21	142	0	0	14	30	22	0	24	170	22	10	86	249	110	80
89	76	33	22	75	63	20	0	34	33	22	75	35	0	6	46	71	0	150	237	50	7	0	33	20	0	34	14	0	0	43	51	0	68	137	33	22	75	8	0	60	10	0	0	0	0	35	0	6	46	71	0	150	237	37	1	0	33	7	0	33	2	0	0	43	15	0	66	137	20	0	34	1	0	0	10	0	0	0	0	14	0	0	43	51	0	68	137	32	22	75	0	0	30	0	0	0	0	0	8	0	60	10	0	0	0	0	35	0	6	46	68	0	150	237	24	0	0	33	1	0	33	0	0	0	43	3	0	66	134	7	0	33	0	0	0	10	0	0	0	0	2	0	0	43	15	0	66	137	19	0	34	0	0	0	0	0	0	0	0	1	0	0	10	0	0	0	0	14	0	0	43	48	0	68	137	26	22	75	0	0	9	0	0	0	0	0	0	0	30	0	0	0	0	0	8	0	60	10	0	0	0	0	33	0	6	46	56	0	150	237
116	98	41	89	75	80	15	33	43	41	89	75	19	132	6	46	84	197	300	193	62	4	0	42	15	33	43	10	0	0	43	36	88	172	129	41	89	75	7	0	74	10	0	0	225	0	19	132	6	46	84	197	300	193	44	0	0	42	4	0	42	0	0	0	43	7	0	168	129	15	33	43	0	0	22	10	0	0	129	0	10	0	0	43	36	88	172	129	41	89	75	0	0	12	0	0	0	0	0	7	0	74	10	0	0	225	0	19	132	6	46	84	197	300	193	26	0	0	41	0	0	42	0	0	0	42	0	0	168	126	4	0	42	0	0	22	10	0	0	126	0	0	0	0	43	7	0	168	129	15	33	43	0	0	0	0	0	0	0	0	0	0	22	10	0	0	129	0	10	0	0	43	36	88	172	129	29	89	75	0	0	0	12	0	0	0	0	0	0	12	0	0	0	0	0	7	0	74	10	0	0	225	0	19	132	6	46	58	197	300	193
78	66	39	30	48	54	22	19	0	39	30	48	36	19	6	0	85	31	48	317	42	9	9	0	22	19	0	16	9	0	0	61	28	0	163	39	30	48	7	9	71	0	0	0	48	0	36	19	6	0	85	31	48	317	30	1	0	0	9	9	0	2	0	0	0	22	9	0	163	22	19	0	1	0	0	0	0	0	0	0	16	9	0	0	61	28	0	163	37	30	48	0	0	63	0	0	0	48	0	7	9	71	0	0	0	48	0	36	19	6	0	81	31	48	317	19	0	0	0	1	0	0	0	0	0	0	3	0	0	154	9	9	0	0	0	0	0	0	0	0	0	2	0	0	0	22	9	0	163	21	19	0	0	0	0	0	0	0	0	0	1	0	0	0	0	0	0	0	16	9	0	0	58	28	0	163	27	19	48	0	0	9	0	0	0	0	0	0	0	63	0	0	0	48	0	7	9	71	0	0	0	48	0	34	19	6	0	59	20	48	317
75	63	35	45	15	51	14	16	0	35	45	15	26	34	6	0	68	73	60	82	39	3	6	0	14	16	0	9	6	0	0	35	22	0	48	35	45	15	3	24	51	0	0	0	15	0	26	34	6	0	68	73	60	82	27	0	0	0	3	6	0	0	0	0	0	6	6	0	48	14	16	0	0	0	0	0	0	0	0	0	9	6	0	0	35	22	0	48	34	45	15	0	0	12	0	0	0	15	0	3	24	51	0	0	0	15	0	26	34	6	0	67	73	60	82	16	0	0	0	0	0	0	0	0	0	0	0	0	0	46	3	6	0	0	0	0	0	0	0	0	0	0	0	0	0	6	6	0	48	14	16	0	0	0	0	0	0	0	0	0	0	0	0	0	0	0	0	0	9	6	0	0	35	22	0	48	29	34	15	0	0	0	0	0	0	0	0	0	0	12	0	0	0	15	0	3	24	51	0	0	0	15	0	26	34	6	0	58	62	60	82
53	45	28	15	6	37	13	0	0	28	15	6	31	0	6	0	53	15	18	22	29	4	0	0	13	0	0	10	0	0	0	30	0	0	10	28	15	6	7	0	24	0	0	0	0	0	31	0	6	0	53	15	18	22	21	0	0	0	4	0	0	0	0	0	0	7	0	0	10	13	0	0	0	0	0	0	0	0	0	0	10	0	0	0	30	0	0	10	28	15	6	0	0	12	0	0	0	0	0	7	0	24	0	0	0	0	0	31	0	6	0	53	15	18	22	13	0	0	0	0	0	0	0	0	0	0	0	0	0	10	4	0	0	0	0	0	0	0	0	0	0	0	0	0	0	7	0	0	10	13	0	0	0	0	0	0	0	0	0	0	0	0	0	0	0	0	0	0	10	0	0	0	30	0	0	10	24	15	6	0	0	0	0	0	0	0	0	0	0	12	0	0	0	0	0	7	0	24	0	0	0	0	0	31	0	6	0	46	15	18	22
63	52	27	24	33	41	4	0	6	27	24	33	14	0	83	30	64	48	99	96	30	0	0	0	4	0	6	0	0	24	0	8	0	18	43	27	24	33	0	0	28	0	0	0	0	22	14	0	83	30	64	48	99	96	19	0	0	0	0	0	0	0	0	0	0	0	0	0	42	4	0	6	0	0	12	0	0	0	0	10	0	0	24	0	8	0	18	43	27	24	33	0	0	0	0	0	0	0	0	0	0	28	0	0	0	0	22	14	0	83	30	64	48	99	96	8	0	0	0	0	0	0	0	0	0	0	0	0	0	42	0	0	0	0	0	0	0	0	0	0	10	0	0	0	0	0	0	0	42	4	0	6	0	0	0	0	0	0	0	0	0	0	12	0	0	0	0	10	0	0	24	0	8	0	18	43	17	24	33	0	0	0	0	0	0	0	0	0	0	0	0	0	0	0	0	0	0	28	0	0	0	0	22	14	0	83	30	46	48	99	96
42	35	10	0	42	28	2	0	0	10	0	42	2	0	48	0	20	0	0	219	21	0	0	0	2	0	0	0	0	0	0	2	0	0	77	10	0	42	0	0	15	0	0	0	0	0	2	0	48	0	20	0	0	219	14	0	0	0	0	0	0	0	0	0	0	0	0	0	75	2	0	0	0	0	0	0	0	0	0	0	0	0	0	0	2	0	0	77	10	0	42	0	0	0	0	0	0	0	0	0	0	15	0	0	0	0	0	2	0	48	0	20	0	0	219	7	0	0	0	0	0	0	0	0	0	0	0	0	0	75	0	0	0	0	0	0	0	0	0	0	0	0	0	0	0	0	0	0	75	2	0	0	0	0	0	0	0	0	0	0	0	0	0	0	0	0	0	0	0	0	0	0	2	0	0	77	8	0	42	0	0	0	0	0	0	0	0	0	0	0	0	0	0	0	0	0	0	15	0	0	0	0	0	2	0	48	0	18	0	0	219
48	40	18	0	33	32	2	0	0	18	0	33	6	0	39	0	44	0	0	171	24	0	0	0	2	0	0	0	0	0	0	3	0	0	77	18	0	33	0	0	6	0	0	0	0	0	6	0	39	0	44	0	0	171	16	0	0	0	0	0	0	0	0	0	0	0	0	0	75	2	0	0	0	0	0	0	0	0	0	0	0	0	0	0	3	0	0	77	18	0	33	0	0	0	0	0	0	0	0	0	0	6	0	0	0	0	0	6	0	39	0	44	0	0	171	8	0	0	0	0	0	0	0	0	0	0	0	0	0	75	0	0	0	0	0	0	0	0	0	0	0	0	0	0	0	0	0	0	75	2	0	0	0	0	0	0	0	0	0	0	0	0	0	0	0	0	0	0	0	0	0	0	3	0	0	77	16	0	33	0	0	0	0	0	0	0	0	0	0	0	0	0	0	0	0	0	0	6	0	0	0	0	0	6	0	39	0	41	0	0	171
50	41	24	20	17	32	2	0	0	24	20	17	6	0	39	0	54	50	68	90	23	0	0	0	2	0	0	0	0	0	0	3	0	0	43	24	20	17	0	0	6	0	0	0	0	0	6	0	39	0	54	50	68	90	14	0	0	0	0	0	0	0	0	0	0	0	0	0	42	2	0	0	0	0	0	0	0	0	0	0	0	0	0	0	3	0	0	43	24	20	17	0	0	0	0	0	0	0	0	0	0	6	0	0	0	0	0	6	0	39	0	54	50	68	90	5	0	0	0	0	0	0	0	0	0	0	0	0	0	42	0	0	0	0	0	0	0	0	0	0	0	0	0	0	0	0	0	0	42	2	0	0	0	0	0	0	0	0	0	0	0	0	0	0	0	0	0	0	0	0	0	0	3	0	0	43	12	20	17	0	0	0	0	0	0	0	0	0	0	0	0	0	0	0	0	0	0	6	0	0	0	0	0	6	0	39	0	31	50	68	90
47	38	24	23	0	29	0	3	0	24	23	0	0	15	0	0	54	61	0	0	20	0	0	0	0	3	0	0	0	0	0	0	6	0	0	24	23	0	0	0	0	0	0	0	0	0	0	15	0	0	54	61	0	0	11	0	0	0	0	0	0	0	0	0	0	0	0	0	0	0	3	0	0	0	0	0	0	0	0	0	0	0	0	0	0	6	0	0	22	23	0	0	0	0	0	0	0	0	0	0	0	0	0	0	0	0	0	0	15	0	0	51	61	0	0	3	0	0	0	0	0	0	0	0	0	0	0	0	0	0	0	0	0	0	0	0	0	0	0	0	0	0	0	0	0	0	0	0	0	0	3	0	0	0	0	0	0	0	0	0	0	0	0	0	0	0	0	0	0	0	0	0	0	6	0	0	7	15	0	0	0	0	0	0	0	0	0	0	0	0	0	0	0	0	0	0	0	0	0	0	0	0	0	0	15	0	0	16	45	0	0
90	71	35	70	132	52	1	0	124	35	70	132	2	0	100	55	81	210	660	0	33	0	0	100	1	0	124	0	0	95	6	3	0	620	0	35	70	132	0	0	11	109	0	0	0	75	2	0	100	55	81	210	660	0	14	0	0	55	0	0	100	0	0	78	0	0	0	500	0	1	0	124	0	0	11	13	0	0	0	43	0	0	95	6	3	0	620	0	19	70	132	0	0	0	133	0	0	0	206	0	0	11	109	0	0	0	75	2	0	100	55	43	210	660	0	0	0	0	39	0	0	55	0	0	14	0	0	0	275	0	0	0	100	0	0	9	13	0	0	0	42	0	0	78	0	0	0	500	0	0	0	124	0	0	0	69	0	0	0	82	0	0	11	13	0	0	0	43	0	0	95	6	0	0	620	0	0	0	132	0	0	0	63	0	0	0	80	0	0	0	133	0	0	0	206	0	0	11	109	0	0	0	75	0	0	100	55	0	0	660	0
59	47	18	11	66	35	0	0	45	18	11	66	0	0	27	55	42	11	66	50	23	0	0	24	0	0	45	0	0	22	6	0	0	45	6	18	11	66	0	0	0	75	0	0	0	75	0	0	27	55	42	11	66	50	11	0	0	9	0	0	24	0	0	12	0	0	0	24	0	0	0	45	0	0	0	9	0	0	0	43	0	0	22	6	0	0	45	6	17	11	66	0	0	0	0	0	0	0	82	0	0	0	75	0	0	0	75	0	0	27	55	41	11	66	50	0	0	0	9	0	0	9	0	0	0	0	0	0	9	0	0	0	24	0	0	0	9	0	0	0	42	0	0	12	0	0	0	24	0	0	0	45	0	0	0	0	0	0	0	48	0	0	0	9	0	0	0	43	0	0	22	6	0	0	45	6	0	0	66	0	0	0	0	0	0	0	0	0	0	0	0	0	0	0	82	0	0	0	75	0	0	0	75	0	0	27	55	0	0	66	50
68	54	21	24	76	40	0	0	50	21	24	76	0	0	47	88	45	36	152	50	26	0	0	15	0	0	50	0	0	37	6	0	0	100	6	21	24	76	0	0	0	66	0	0	0	138	0	0	47	88	45	36	152	50	12	0	0	0	0	0	15	0	0	12	0	0	0	30	0	0	0	50	0	0	0	0	0	0	0	43	0	0	37	6	0	0	100	6	18	24	76	0	0	0	0	0	0	0	82	0	0	0	66	0	0	0	138	0	0	47	88	41	36	152	50	0	0	0	0	0	0	0	0	0	0	0	0	0	0	0	0	0	15	0	0	0	0	0	0	0	42	0	0	12	0	0	0	30	0	0	0	50	0	0	0	0	0	0	0	48	0	0	0	0	0	0	0	43	0	0	37	6	0	0	100	6	0	0	76	0	0	0	0	0	0	0	0	0	0	0	0	0	0	0	82	0	0	0	66	0	0	0	138	0	0	47	88	0	0	152	50
52	41	21	24	28	30	0	0	11	21	24	28	0	0	27	11	46	48	84	50	19	0	0	6	0	0	11	0	0	22	6	0	0	33	6	21	24	28	0	0	0	30	0	0	0	0	0	0	27	11	46	48	84	50	8	0	0	0	0	0	6	0	0	12	0	0	0	18	0	0	0	11	0	0	0	0	0	0	0	0	0	0	22	6	0	0	33	6	15	24	28	0	0	0	0	0	0	0	22	0	0	0	30	0	0	0	0	0	0	27	11	36	48	84	50	0	0	0	0	0	0	0	0	0	0	0	0	0	0	0	0	0	6	0	0	0	0	0	0	0	0	0	0	12	0	0	0	18	0	0	0	11	0	0	0	0	0	0	0	10	0	0	0	0	0	0	0	0	0	0	22	6	0	0	33	6	0	0	28	0	0	0	0	0	0	0	0	0	0	0	0	0	0	0	22	0	0	0	30	0	0	0	0	0	0	27	11	0	0	84	50
46	36	22	24	8	26	0	0	0	22	24	8	0	0	3	0	47	60	32	17	16	0	0	0	0	0	0	0	0	0	0	0	0	0	0	22	24	8	0	0	0	0	0	0	0	0	0	0	3	0	47	60	32	17	6	0	0	0	0	0	0	0	0	0	0	0	0	0	0	0	0	0	0	0	0	0	0	0	0	0	0	0	0	0	0	0	0	0	12	24	8	0	0	0	0	0	0	0	0	0	0	0	0	0	0	0	0	0	0	3	0	27	60	32	17	0	0	0	0	0	0	0	0	0	0	0	0	0	0	0	0	0	0	0	0	0	0	0	0	0	0	0	0	0	0	0	0	0	0	0	0	0	0	0	0	0	0	0	0	0	0	0	0	0	0	0	0	0	0	0	0	0	0	0	0	0	0	0	8	0	0	0	0	0	0	0	0	0	0	0	0	0	0	0	0	0	0	0	0	0	0	0	0	0	0	3	0	0	0	32	17
53	39	22	33	79	25	1	0	49	22	33	79	2	0	32	27	44	66	237	168	11	0	0	49	1	0	49	0	0	32	27	1	0	147	135	15	33	79	0	0	10	0	0	0	0	0	2	0	32	27	36	66	237	168	0	0	0	48	0	0	49	0	0	32	26	0	0	147	106	0	0	49	0	0	10	0	0	0	0	0	0	0	32	27	0	0	147	135	0	0	79	0	0	0	11	0	0	0	0	0	0	10	0	0	0	0	0	0	0	32	27	0	0	237	168	0	0	0	31	0	0	48	0	0	32	14	0	0	144	55	0	0	49	0	0	10	0	0	0	0	0	0	0	32	26	0	0	147	106	0	0	49	0	0	0	0	0	0	0	0	0	0	10	0	0	0	0	0	0	0	32	27	0	0	147	135	0	0	0	0	0	0	55	0	0	0	80	0	0	0	11	0	0	0	0	0	0	0	0	0	0	0	0	0	0	0	27	0	0	0	168
56	41	26	44	83	26	1	0	57	26	44	83	2	0	44	71	49	110	332	140	11	0	0	56	1	0	57	0	0	43	67	1	0	228	124	15	44	83	0	0	10	11	0	0	0	0	2	0	44	71	35	110	332	140	0	0	0	48	0	0	56	0	0	43	44	0	0	224	100	0	0	57	0	0	10	6	0	0	0	0	0	0	43	67	0	0	228	124	0	0	83	0	0	0	59	0	0	0	0	0	0	10	11	0	0	0	0	0	0	44	71	0	0	332	140	0	0	0	17	0	0	48	0	0	41	0	0	0	192	55	0	0	56	0	0	10	0	0	0	0	0	0	0	43	44	0	0	224	100	0	0	57	0	0	0	0	0	0	0	0	0	0	10	6	0	0	0	0	0	0	43	67	0	0	228	124	0	0	0	0	0	0	41	0	0	0	146	0	0	0	59	0	0	0	0	0	0	0	11	0	0	0	0	0	0	0	71	0	0	0	140
59	44	16	14	114	29	0	0	55	16	14	114	0	0	12	91	38	14	114	310	14	0	0	49	0	0	55	0	0	11	82	0	0	55	230	15	14	114	0	0	0	44	0	0	0	0	0	0	12	91	37	14	114	310	0	0	0	26	0	0	49	0	0	11	44	0	0	49	145	0	0	55	0	0	0	6	0	0	0	0	0	0	11	82	0	0	55	230	0	0	114	0	0	0	59	0	0	0	63	0	0	0	44	0	0	0	0	0	0	12	91	0	0	114	310	0	0	0	0	0	0	26	0	0	9	0	0	0	26	64	0	0	49	0	0	0	0	0	0	0	0	0	0	11	44	0	0	49	145	0	0	55	0	0	0	0	0	0	0	0	0	0	0	6	0	0	0	0	0	0	11	82	0	0	55	230	0	0	0	0	0	0	0	0	0	0	146	0	0	0	59	0	0	0	63	0	0	0	44	0	0	0	0	0	0	0	91	0	0	0	310
42	31	16	18	48	20	0	0	3	16	18	48	0	0	0	15	35	27	96	244	9	0	0	0	0	0	3	0	0	0	0	0	0	6	185	13	18	48	0	0	0	0	0	0	0	0	0	0	0	15	32	27	96	244	0	0	0	0	0	0	0	0	0	0	0	0	0	0	121	0	0	3	0	0	0	0	0	0	0	0	0	0	0	0	0	0	6	185	0	0	48	0	0	0	0	0	0	0	0	0	0	0	0	0	0	0	0	0	0	0	15	0	0	96	244	0	0	0	0	0	0	0	0	0	0	0	0	0	0	55	0	0	0	0	0	0	0	0	0	0	0	0	0	0	0	0	0	0	121	0	0	3	0	0	0	0	0	0	0	0	0	0	0	0	0	0	0	0	0	0	0	0	0	0	6	185	0	0	0	0	0	0	0	0	0	0	0	0	0	0	0	0	0	0	0	0	0	0	0	0	0	0	0	0	0	0	15	0	0	0	244
35	25	25	25	14	15	0	0	0	25	25	14	0	0	0	0	42	75	70	132	5	0	0	0	0	0	0	0	0	0	0	0	0	0	124	10	25	14	0	0	0	0	0	0	0	0	0	0	0	0	20	75	70	132	0	0	0	0	0	0	0	0	0	0	0	0	0	0	100	0	0	0	0	0	0	0	0	0	0	0	0	0	0	0	0	0	0	124	0	0	14	0	0	0	0	0	0	0	0	0	0	0	0	0	0	0	0	0	0	0	0	0	0	70	132	0	0	0	0	0	0	0	0	0	0	0	0	0	0	55	0	0	0	0	0	0	0	0	0	0	0	0	0	0	0	0	0	0	100	0	0	0	0	0	0	0	0	0	0	0	0	0	0	0	0	0	0	0	0	0	0	0	0	0	0	124	0	0	0	0	0	0	0	0	0	0	0	0	0	0	0	0	0	0	0	0	0	0	0	0	0	0	0	0	0	0	0	0	0	0	132
32	21	15	10	61	10	0	0	11	14	10	61	0	0	0	0	21	10	61	338	0	0	0	11	0	0	11	0	0	0	0	0	0	11	164	0	0	61	0	0	0	0	0	0	0	0	0	0	0	0	0	0	61	338	0	0	0	11	0	0	11	0	0	0	0	0	0	11	154	0	0	11	0	0	0	0	0	0	0	0	0	0	0	0	0	0	11	164	0	0	0	0	0	0	0	0	0	0	0	0	0	0	0	0	0	0	0	0	0	0	0	0	0	0	338	0	0	0	11	0	0	11	0	0	0	0	0	0	11	122	0	0	11	0	0	0	0	0	0	0	0	0	0	0	0	0	0	11	154	0	0	0	0	0	0	0	0	0	0	0	0	0	0	0	0	0	0	0	0	0	0	0	0	0	0	164	0	0	0	0	0	0	0	0	0	0	0	0	0	0	0	0	0	0	0	0	0	0	0	0	0	0	0	0	0	0	0	0	0	0	0
31	19	20	35	26	7	0	0	21	11	35	26	0	0	10	0	14	63	130	14	0	0	0	21	0	0	21	0	0	10	0	0	0	105	0	0	0	26	0	0	0	0	0	0	0	0	0	0	10	0	0	0	130	14	0	0	0	21	0	0	21	0	0	10	0	0	0	105	0	0	0	21	0	0	0	0	0	0	0	0	0	0	10	0	0	0	105	0	0	0	0	0	0	0	0	0	0	0	0	0	0	0	0	0	0	0	0	0	0	0	0	0	0	0	14	0	0	0	21	0	0	21	0	0	10	0	0	0	105	0	0	0	21	0	0	0	0	0	0	0	0	0	0	10	0	0	0	105	0	0	0	0	0	0	0	0	0	0	0	0	0	0	0	0	0	0	0	0	0	0	0	0	0	0	0	0	0	0	0	0	0	0	0	0	0	0	0	0	0	0	0	0	0	0	0	0	0	0	0	0	0	0	0	0	0	0	0	0	0	0	0
40	26	18	24	80	12	0	0	40	16	24	80	0	0	30	44	23	24	160	224	0	0	0	40	0	0	40	0	0	28	44	0	0	80	109	0	0	80	0	0	0	0	0	0	0	0	0	0	30	44	0	0	160	224	0	0	0	40	0	0	40	0	0	28	44	0	0	80	105	0	0	40	0	0	0	0	0	0	0	0	0	0	28	44	0	0	80	109	0	0	0	0	0	0	0	0	0	0	0	0	0	0	0	0	0	0	0	0	0	0	44	0	0	0	224	0	0	0	40	0	0	40	0	0	28	44	0	0	80	96	0	0	40	0	0	0	0	0	0	0	0	0	0	28	44	0	0	80	105	0	0	0	0	0	0	0	0	0	0	0	0	0	0	0	0	0	0	0	0	0	0	44	0	0	0	109	0	0	0	0	0	0	0	0	0	0	0	0	0	0	0	0	0	0	0	0	0	0	0	0	0	0	0	0	0	0	0	0	0	0	0
36	23	18	30	63	10	0	0	32	14	30	63	0	0	22	44	20	40	189	176	0	0	0	31	0	0	32	0	0	20	42	0	0	96	106	0	0	63	0	0	0	11	0	0	0	0	0	0	22	44	0	0	189	176	0	0	0	31	0	0	31	0	0	20	42	0	0	93	105	0	0	32	0	0	0	11	0	0	0	0	0	0	20	42	0	0	96	106	0	0	0	0	0	0	0	0	0	0	0	0	0	0	11	0	0	0	0	0	0	0	44	0	0	0	176	0	0	0	29	0	0	31	0	0	20	38	0	0	93	96	0	0	31	0	0	0	9	0	0	0	0	0	0	20	42	0	0	93	105	0	0	0	0	0	0	0	0	0	0	0	0	0	0	11	0	0	0	0	0	0	0	42	0	0	0	106	0	0	0	0	0	0	18	0	0	0	0	0	0	0	0	0	0	0	0	0	0	0	11	0	0	0	0	0	0	0	0	0	0	0	0
26	16	17	24	16	6	0	0	0	11	24	16	0	0	0	0	16	36	64	97	0	0	0	0	0	0	0	0	0	0	0	0	0	0	57	0	0	16	0	0	0	0	0	0	0	0	0	0	0	0	0	0	64	97	0	0	0	0	0	0	0	0	0	0	0	0	0	0	56	0	0	0	0	0	0	0	0	0	0	0	0	0	0	0	0	0	0	57	0	0	0	0	0	0	0	0	0	0	0	0	0	0	0	0	0	0	0	0	0	0	0	0	0	0	97	0	0	0	0	0	0	0	0	0	0	0	0	0	0	48	0	0	0	0	0	0	0	0	0	0	0	0	0	0	0	0	0	0	56	0	0	0	0	0	0	0	0	0	0	0	0	0	0	0	0	0	0	0	0	0	0	0	0	0	0	57	0	0	0	0	0	0	0	0	0	0	0	0	0	0	0	0	0	0	0	0	0	0	0	0	0	0	0	0	0	0	0	0	0	0	0
18	8	13	16	35	0	0	0	22	0	0	35	0	0	66	0	0	0	70	42	0	0	0	22	0	0	22	0	0	66	0	0	0	44	21	0	0	0	0	0	0	0	0	0	0	0	0	0	0	0	0	0	0	42	0	0	0	22	0	0	22	0	0	66	0	0	0	44	21	0	0	0	0	0	0	0	0	0	0	0	0	0	0	0	0	0	0	21	0	0	0	0	0	0	0	0	0	0	0	0	0	0	0	0	0	0	0	0	0	0	0	0	0	0	0	0	0	0	22	0	0	22	0	0	66	0	0	0	44	21	0	0	0	0	0	0	0	0	0	0	0	0	0	0	0	0	0	0	21	0	0	0	0	0	0	0	0	0	0	0	0	0	0	0	0	0	0	0	0	0	0	0	0	0	0	0	0	0	0	0	0	0	0	0	0	0	0	0	0	0	0	0	0	0	0	0	0	0	0	0	0	0	0	0	0	0	0	0	0	0	0
21	9	12	27	52	0	0	0	45	0	0	52	0	0	66	0	0	0	156	26	0	0	0	45	0	0	45	0	0	66	0	0	0	135	21	0	0	0	0	0	0	0	0	0	0	0	0	0	0	0	0	0	0	26	0	0	0	45	0	0	45	0	0	66	0	0	0	135	21	0	0	0	0	0	0	0	0	0	0	0	0	0	0	0	0	0	0	21	0	0	0	0	0	0	0	0	0	0	0	0	0	0	0	0	0	0	0	0	0	0	0	0	0	0	0	0	0	0	45	0	0	45	0	0	66	0	0	0	135	21	0	0	0	0	0	0	0	0	0	0	0	0	0	0	0	0	0	0	21	0	0	0	0	0	0	0	0	0	0	0	0	0	0	0	0	0	0	0	0	0	0	0	0	0	0	0	0	0	0	0	0	0	0	0	0	0	0	0	0	0	0	0	0	0	0	0	0	0	0	0	0	0	0	0	0	0	0	0	0	0	0
27	13	8	13	90	0	0	0	39	0	0	90	0	0	0	62	0	0	90	246	0	0	0	37	0	0	39	0	0	0	58	0	0	39	104	0	0	0	0	0	0	20	0	0	0	0	0	0	0	62	0	0	0	246	0	0	0	37	0	0	37	0	0	0	58	0	0	37	103	0	0	0	0	0	0	20	0	0	0	0	0	0	0	58	0	0	0	104	0	0	0	0	0	0	0	0	0	0	0	0	0	0	20	0	0	0	0	0	0	0	0	0	0	0	0	0	0	0	37	0	0	37	0	0	0	58	0	0	37	103	0	0	0	0	0	0	20	0	0	0	0	0	0	0	58	0	0	0	103	0	0	0	0	0	0	0	0	0	0	0	0	0	0	20	0	0	0	0	0	0	0	0	0	0	0	0	0	0	0	0	0	0	0	0	0	0	0	0	0	0	0	0	0	0	0	0	0	0	0	0	0	0	0	0	0	0	0	0	0	0	0
17	8	8	8	35	0	0	0	0	0	0	35	0	0	0	0	0	0	35	185	0	0	0	0	0	0	0	0	0	0	0	0	0	0	93	0	0	0	0	0	0	0	0	0	0	0	0	0	0	0	0	0	0	185	0	0	0	0	0	0	0	0	0	0	0	0	0	0	92	0	0	0	0	0	0	0	0	0	0	0	0	0	0	0	0	0	0	93	0	0	0	0	0	0	0	0	0	0	0	0	0	0	0	0	0	0	0	0	0	0	0	0	0	0	0	0	0	0	0	0	0	0	0	0	0	0	0	0	0	92	0	0	0	0	0	0	0	0	0	0	0	0	0	0	0	0	0	0	92	0	0	0	0	0	0	0	0	0	0	0	0	0	0	0	0	0	0	0	0	0	0	0	0	0	0	0	0	0	0	0	0	0	0	0	0	0	0	0	0	0	0	0	0	0	0	0	0	0	0	0	0	0	0	0	0	0	0	0	0	0	0
16	7	7	14	23	0	0	0	0	0	0	23	0	0	0	0	0	0	46	105	0	0	0	0	0	0	0	0	0	0	0	0	0	0	53	0	0	0	0	0	0	0	0	0	0	0	0	0	0	0	0	0	0	105	0	0	0	0	0	0	0	0	0	0	0	0	0	0	52	0	0	0	0	0	0	0	0	0	0	0	0	0	0	0	0	0	0	53	0	0	0	0	0	0	0	0	0	0	0	0	0	0	0	0	0	0	0	0	0	0	0	0	0	0	0	0	0	0	0	0	0	0	0	0	0	0	0	0	0	52	0	0	0	0	0	0	0	0	0	0	0	0	0	0	0	0	0	0	52	0	0	0	0	0	0	0	0	0	0	0	0	0	0	0	0	0	0	0	0	0	0	0	0	0	0	0	0	0	0	0	0	0	0	0	0	0	0	0	0	0	0	0	0	0	0	0	0	0	0	0	0	0	0	0	0	0	0	0	0	0	0
9	0	0	0	55	0	0	0	29	0	0	0	0	0	0	18	0	0	0	110	0	0	0	29	0	0	0	0	0	0	18	0	0	0	67	0	0	0	0	0	0	0	0	0	0	0	0	0	0	0	0	0	0	0	0	0	0	29	0	0	0	0	0	0	18	0	0	0	67	0	0	0	0	0	0	0	0	0	0	0	0	0	0	0	0	0	0	0	0	0	0	0	0	0	0	0	0	0	0	0	0	0	0	0	0	0	0	0	0	0	0	0	0	0	0	0	0	0	29	0	0	0	0	0	0	18	0	0	0	67	0	0	0	0	0	0	0	0	0	0	0	0	0	0	0	0	0	0	0	0	0	0	0	0	0	0	0	0	0	0	0	0	0	0	0	0	0	0	0	0	0	0	0	0	0	0	0	0	0	0	0	0	0	0	0	0	0	0	0	0	0	0	0	0	0	0	0	0	0	0	0	0	0	0	0	0	0	0	0	0	0
9	0	0	0	71	0	0	0	22	0	0	0	0	0	0	44	0	0	0	235	0	0	0	22	0	0	0	0	0	0	44	0	0	0	106	0	0	0	0	0	0	0	0	0	0	0	0	0	0	0	0	0	0	0	0	0	0	22	0	0	0	0	0	0	44	0	0	0	104	0	0	0	0	0	0	0	0	0	0	0	0	0	0	0	0	0	0	0	0	0	0	0	0	0	0	0	0	0	0	0	0	0	0	0	0	0	0	0	0	0	0	0	0	0	0	0	0	0	22	0	0	0	0	0	0	44	0	0	0	104	0	0	0	0	0	0	0	0	0	0	0	0	0	0	0	0	0	0	0	0	0	0	0	0	0	0	0	0	0	0	0	0	0	0	0	0	0	0	0	0	0	0	0	0	0	0	0	0	0	0	0	0	0	0	0	0	0	0	0	0	0	0	0	0	0	0	0	0	0	0	0	0	0	0	0	0	0	0	0	0	0
9	0	0	0	56	0	0	0	43	0	0	0	0	0	0	44	0	0	0	52	0	0	0	43	0	0	0	0	0	0	44	0	0	0	45	0	0	0	0	0	0	0	0	0	0	0	0	0	0	0	0	0	0	0	0	0	0	43	0	0	0	0	0	0	44	0	0	0	45	0	0	0	0	0	0	0	0	0	0	0	0	0	0	0	0	0	0	0	0	0	0	0	0	0	0	0	0	0	0	0	0	0	0	0	0	0	0	0	0	0	0	0	0	0	0	0	0	0	43	0	0	0	0	0	0	44	0	0	0	45	0	0	0	0	0	0	0	0	0	0	0	0	0	0	0	0	0	0	0	0	0	0	0	0	0	0	0	0	0	0	0	0	0	0	0	0	0	0	0	0	0	0	0	0	0	0	0	0	0	0	0	0	0	0	0	0	0	0	0	0	0	0	0	0	0	0	0	0	0	0	0	0	0	0	0	0	0	0	0	0	0
4	0	0	0	12	0	0	0	12	0	0	0	0	0	0	0	0	0	0	0	0	0	0	12	0	0	0	0	0	0	0	0	0	0	0	0	0	0	0	0	0	0	0	0	0	0	0	0	0	0	0	0	0	0	0	0	0	12	0	0	0	0	0	0	0	0	0	0	0	0	0	0	0	0	0	0	0	0	0	0	0	0	0	0	0	0	0	0	0	0	0	0	0	0	0	0	0	0	0	0	0	0	0	0	0	0	0	0	0	0	0	0	0	0	0	0	0	0	12	0	0	0	0	0	0	0	0	0	0	0	0	0	0	0	0	0	0	0	0	0	0	0	0	0	0	0	0	0	0	0	0	0	0	0	0	0	0	0	0	0	0	0	0	0	0	0	0	0	0	0	0	0	0	0	0	0	0	0	0	0	0	0	0	0	0	0	0	0	0	0	0	0	0	0	0	0	0	0	0	0	0	0	0	0	0	0	0	0	0	0	0
6	0	0	0	47	0	0	0	45	0	0	0	0	0	0	26	0	0	0	0	0	0	0	45	0	0	0	0	0	0	26	0	0	0	0	0	0	0	0	0	0	0	0	0	0	0	0	0	0	0	0	0	0	0	0	0	0	45	0	0	0	0	0	0	26	0	0	0	0	0	0	0	0	0	0	0	0	0	0	0	0	0	0	0	0	0	0	0	0	0	0	0	0	0	0	0	0	0	0	0	0	0	0	0	0	0	0	0	0	0	0	0	0	0	0	0	0	0	45	0	0	0	0	0	0	26	0	0	0	0	0	0	0	0	0	0	0	0	0	0	0	0	0	0	0	0	0	0	0	0	0	0	0	0	0	0	0	0	0	0	0	0	0	0	0	0	0	0	0	0	0	0	0	0	0	0	0	0	0	0	0	0	0	0	0	0	0	0	0	0	0	0	0	0	0	0	0	0	0	0	0	0	0	0	0	0	0	0	0	0	0
