195	190	24	4	0	185	11	4	0	24	4	0	11	0	0	0	63	8	0	0	180	11	4	0	11	4	0	11	0	0	0	36	8	0	0	24	4	0	3	0	0	0	11	0	0	0	11	0	0	0	63	8	0	0	175	11	4	0	11	4	0	11	0	0	0	36	8	0	0	11	4	0	3	0	0	0	1	0	0	0	11	0	0	0	36	8	0	0	24	4	0	6	0	0	0	13	0	0	0	3	0	0	0	11	0	0	0	11	0	0	0	63	8	0	0	170	10	4	0	11	4	0	11	0	0	0	36	8	0	0	11	4	0	3	0	0	0	1	0	0	0	11	0	0	0	36	8	0	0	11	4	0	1	0	0	0	4	0	0	0	3	0	0	0	1	0	0	0	11	0	0	0	36	8	0	0	24	4	0	7	0	0	0	3	0	0	0	6	0	0	0	13	0	0	0	3	0	0	0	11	0	0	0	11	0	0	0	63	8	0	0
371	361	34	35	0	351	9	25	0	34	35	0	5	30	0	0	84	92	0	0	341	9	25	0	9	25	0	5	30	0	0	28	70	0	0	34	35	0	3	0	0	0	18	0	0	0	5	30	0	0	84	92	0	0	331	9	25	0	9	25	0	5	30	0	0	28	70	0	0	9	25	0	3	0	0	0	3	0	0	0	5	30	0	0	28	70	0	0	34	35	0	6	0	0	0	21	0	0	0	3	0	0	0	18	0	0	0	5	30	0	0	84	92	0	0	321	8	23	0	9	25	0	5	30	0	0	28	70	0	0	9	25	0	3	0	0	0	3	0	0	0	5	30	0	0	28	70	0	0	9	25	0	1	0	0	0	6	0	0	0	3	0	0	0	3	0	0	0	5	30	0	0	28	70	0	0	34	35	0	9	8	0	0	11	0	0	0	6	0	0	0	21	0	0	0	3	0	0	0	18	0	0	0	5	30	0	0	84	92	0	0
272	265	31	14	0	258	15	6	0	31	14	0	17	0	0	0	92	36	0	0	251	13	6	0	15	6	0	13	0	0	0	49	24	0	0	31	14	0	5	0	0	0	13	8	0	0	17	0	0	0	92	36	0	0	244	12	6	0	13	6	0	11	0	0	0	40	24	0	0	15	6	0	3	0	0	0	1	0	0	0	13	0	0	0	49	24	0	0	31	14	0	6	0	0	0	16	4	0	0	5	0	0	0	13	8	0	0	17	0	0	0	92	36	0	0	237	11	6	0	12	6	0	11	0	0	0	37	24	0	0	13	6	0	3	0	0	0	1	0	0	0	11	0	0	0	40	24	0	0	15	6	0	1	0	0	0	5	0	0	0	3	0	0	0	1	0	0	0	13	0	0	0	49	24	0	0	31	14	0	7	0	0	0	6	0	0	0	6	0	0	0	16	4	0	0	5	0	0	0	13	8	0	0	17	0	0	0	92	36	0	0
277	270	38	12	0	263	24	0	0	38	12	0	32	0	0	0	116	24	0	0	256	20	0	0	24	0	0	22	0	0	0	78	0	0	0	38	12	0	17	0	0	0	11	16	0	0	32	0	0	0	116	24	0	0	249	16	0	0	20	0	0	14	0	0	0	60	0	0	0	24	0	0	6	0	0	0	2	0	0	0	22	0	0	0	78	0	0	0	38	12	0	13	0	0	0	14	16	0	0	17	0	0	0	11	16	0	0	32	0	0	0	116	24	0	0	242	14	0	0	16	0	0	11	0	0	0	49	0	0	0	20	0	0	4	0	0	0	2	0	0	0	14	0	0	0	60	0	0	0	24	0	0	5	0	0	0	9	0	0	0	6	0	0	0	2	0	0	0	22	0	0	0	78	0	0	0	38	12	0	9	0	0	0	4	4	0	0	13	0	0	0	14	16	0	0	17	0	0	0	11	16	0	0	32	0	0	0	116	24	0	0
527	513	73	74	0	499	34	49	0	73	74	0	42	51	0	0	187	253	0	0	485	29	46	0	34	49	0	28	47	0	0	95	176	0	0	73	74	0	34	28	0	0	24	25	0	0	42	51	0	0	187	253	0	0	471	21	40	0	29	46	0	17	45	0	0	73	165	0	0	34	49	0	8	27	0	0	8	9	0	0	28	47	0	0	95	176	0	0	73	74	0	24	29	0	0	23	56	0	0	34	28	0	0	24	25	0	0	42	51	0	0	187	253	0	0	457	19	31	0	21	40	0	11	40	0	0	53	142	0	0	29	46	0	5	27	0	0	8	9	0	0	17	45	0	0	73	165	0	0	34	49	0	17	9	0	0	12	38	0	0	8	27	0	0	8	9	0	0	28	47	0	0	95	176	0	0	73	74	0	15	20	0	0	17	13	0	0	24	29	0	0	23	56	0	0	34	28	0	0	24	25	0	0	42	51	0	0	187	253	0	0
383	373	48	17	16	363	27	9	0	48	17	16	37	0	0	0	138	59	16	0	353	22	9	0	27	9	0	23	0	0	0	84	27	0	0	48	17	16	20	0	0	0	7	8	0	0	37	0	0	0	138	59	16	0	343	16	9	0	22	9	0	15	0	0	0	63	27	0	0	27	9	0	6	0	0	0	2	0	0	0	23	0	0	0	84	27	0	0	48	17	16	8	0	4	0	10	9	0	0	20	0	0	0	7	8	0	0	37	0	0	0	138	59	16	0	333	12	9	0	16	9	0	11	0	0	0	46	27	0	0	22	9	0	4	0	0	0	2	0	0	0	15	0	0	0	63	27	0	0	27	9	0	5	0	0	0	10	9	0	0	6	0	0	0	2	0	0	0	23	0	0	0	84	27	0	0	48	17	16	2	0	12	0	4	0	0	0	8	0	4	0	10	9	0	0	20	0	0	0	7	8	0	0	37	0	0	0	138	59	16	0
459	447	58	43	12	435	26	23	0	58	43	12	31	46	0	0	160	163	24	0	423	23	7	0	26	23	0	21	14	0	0	75	90	0	0	58	43	12	18	14	0	0	9	7	24	0	31	46	0	0	160	163	24	0	411	19	0	0	23	7	0	15	0	0	0	63	21	0	0	26	23	0	9	0	0	0	3	0	0	0	21	14	0	0	75	90	0	0	58	43	12	9	0	4	0	18	0	12	0	18	14	0	0	9	7	24	0	31	46	0	0	160	163	24	0	399	17	0	0	19	0	0	11	0	0	0	51	0	0	0	23	7	0	7	0	0	0	3	0	0	0	15	0	0	0	63	21	0	0	26	23	0	6	0	0	0	12	0	0	0	9	0	0	0	3	0	0	0	21	14	0	0	75	90	0	0	58	43	12	5	0	4	0	7	0	0	0	9	0	4	0	18	0	12	0	18	14	0	0	9	7	24	0	31	46	0	0	160	163	24	0
628	611	81	114	8	594	36	81	0	81	114	8	39	123	0	0	210	336	24	0	577	32	57	0	36	81	0	27	63	0	0	99	236	0	0	81	114	8	28	86	0	0	18	17	16	0	39	123	0	0	210	336	24	0	560	26	32	0	32	57	0	22	18	0	0	83	149	0	0	36	81	0	11	23	0	0	7	9	0	0	27	63	0	0	99	236	0	0	81	114	8	21	66	4	0	21	48	24	0	28	86	0	0	18	17	16	0	39	123	0	0	210	336	24	0	543	23	24	0	26	32	0	18	0	0	0	67	81	0	0	32	57	0	10	9	0	0	7	6	0	0	22	18	0	0	83	149	0	0	36	81	0	15	42	0	0	12	42	0	0	11	23	0	0	7	9	0	0	27	63	0	0	99	236	0	0	81	114	8	11	18	4	0	15	27	8	0	21	66	4	0	21	48	24	0	28	86	0	0	18	17	16	0	39	123	0	0	210	336	24	0
412	401	48	39	4	390	25	18	0	48	39	4	35	9	0	0	136	72	16	0	379	20	18	0	25	18	0	21	9	0	0	77	27	0	0	48	39	4	23	0	0	0	8	5	0	0	35	9	0	0	136	72	16	0	368	14	18	0	20	18	0	13	9	0	0	56	27	0	0	25	18	0	9	0	0	0	3	0	0	0	21	9	0	0	77	27	0	0	48	39	4	9	0	4	0	11	9	0	0	23	0	0	0	8	5	0	0	35	9	0	0	136	72	16	0	357	12	18	0	14	18	0	9	9	0	0	39	27	0	0	20	18	0	7	0	0	0	3	0	0	0	13	9	0	0	56	27	0	0	25	18	0	6	0	0	0	11	9	0	0	9	0	0	0	3	0	0	0	21	9	0	0	77	27	0	0	48	39	4	5	0	4	0	5	0	0	0	9	0	4	0	11	9	0	0	23	0	0	0	8	5	0	0	35	9	0	0	136	72	16	0
418	407	51	35	4	396	26	10	0	51	35	4	36	0	0	0	140	90	20	0	385	21	10	0	26	10	0	22	0	0	0	77	30	0	0	51	35	4	23	0	0	0	8	5	0	0	36	0	0	0	140	90	20	0	374	15	10	0	21	10	0	14	0	0	0	56	30	0	0	26	10	0	9	0	0	0	3	0	0	0	22	0	0	0	77	30	0	0	51	35	4	9	0	4	0	11	10	0	0	23	0	0	0	8	5	0	0	36	0	0	0	140	90	20	0	363	13	10	0	15	10	0	10	0	0	0	39	30	0	0	21	10	0	7	0	0	0	3	0	0	0	14	0	0	0	56	30	0	0	26	10	0	6	0	0	0	11	10	0	0	9	0	0	0	3	0	0	0	22	0	0	0	77	30	0	0	51	35	4	5	0	4	0	5	0	0	0	9	0	4	0	11	10	0	0	23	0	0	0	8	5	0	0	36	0	0	0	140	90	20	0
526	512	47	49	31	498	20	9	0	47	49	31	18	36	26	0	119	147	124	44	484	16	0	0	20	9	0	10	0	0	0	48	27	0	0	47	49	31	6	0	25	0	4	0	31	0	18	36	26	0	119	147	124	44	470	15	0	0	16	0	0	7	0	0	0	37	0	0	0	20	9	0	4	0	0	0	2	0	0	0	10	0	0	0	48	27	0	0	47	49	31	5	0	6	0	14	0	0	0	6	0	25	0	4	0	31	0	18	36	26	0	119	147	124	44	456	15	0	0	15	0	0	7	0	0	0	34	0	0	0	16	0	0	4	0	0	0	1	0	0	0	7	0	0	0	37	0	0	0	20	9	0	5	0	0	0	8	0	0	0	4	0	0	0	2	0	0	0	10	0	0	0	48	27	0	0	47	49	31	5	0	0	0	6	0	0	0	5	0	6	0	14	0	0	0	6	0	25	0	4	0	31	0	18	36	26	0	119	147	124	44
572	556	51	88	23	540	19	59	0	51	88	23	20	61	26	0	124	202	69	28	524	13	56	0	19	59	0	5	57	0	0	44	128	0	0	51	88	23	6	34	25	0	7	12	0	0	20	61	26	0	124	202	69	28	508	11	55	0	13	56	0	2	55	0	0	28	123	0	0	19	59	0	1	33	0	0	1	11	0	0	5	57	0	0	44	128	0	0	51	88	23	6	11	6	0	12	11	0	0	6	34	25	0	7	12	0	0	20	61	26	0	124	202	69	28	492	10	52	0	11	55	0	2	55	0	0	23	121	0	0	13	56	0	1	33	0	0	0	11	0	0	2	55	0	0	28	123	0	0	19	59	0	4	11	0	0	6	11	0	0	1	33	0	0	1	11	0	0	5	57	0	0	44	128	0	0	51	88	23	2	24	0	0	11	15	0	0	6	11	6	0	12	11	0	0	6	34	25	0	7	12	0	0	20	61	26	0	124	202	69	28
303	295	29	7	16	287	15	0	0	29	7	16	19	0	12	0	74	7	16	16	279	11	0	0	15	0	0	9	0	0	0	36	0	0	0	29	7	16	6	0	18	0	2	0	0	0	19	0	12	0	74	7	16	16	271	10	0	0	11	0	0	6	0	0	0	25	0	0	0	15	0	0	4	0	0	0	2	0	0	0	9	0	0	0	36	0	0	0	29	7	16	5	0	6	0	7	0	0	0	6	0	18	0	2	0	0	0	19	0	12	0	74	7	16	16	263	10	0	0	10	0	0	6	0	0	0	22	0	0	0	11	0	0	4	0	0	0	1	0	0	0	6	0	0	0	25	0	0	0	15	0	0	5	0	0	0	7	0	0	0	4	0	0	0	2	0	0	0	9	0	0	0	36	0	0	0	29	7	16	5	0	0	0	3	0	0	0	5	0	6	0	7	0	0	0	6	0	18	0	2	0	0	0	19	0	12	0	74	7	16	16
265	258	21	6	10	251	9	0	0	21	6	10	10	0	0	0	49	6	10	8	244	8	0	0	9	0	0	6	0	0	0	20	0	0	0	21	6	10	3	0	0	0	1	0	0	0	10	0	0	0	49	6	10	8	237	8	0	0	8	0	0	6	0	0	0	17	0	0	0	9	0	0	3	0	0	0	1	0	0	0	6	0	0	0	20	0	0	0	21	6	10	1	0	0	0	3	0	0	0	3	0	0	0	1	0	0	0	10	0	0	0	49	6	10	8	230	8	0	0	8	0	0	6	0	0	0	17	0	0	0	8	0	0	3	0	0	0	1	0	0	0	6	0	0	0	17	0	0	0	9	0	0	1	0	0	0	3	0	0	0	3	0	0	0	1	0	0	0	6	0	0	0	20	0	0	0	21	6	10	3	0	0	0	1	0	0	0	1	0	0	0	3	0	0	0	3	0	0	0	1	0	0	0	10	0	0	0	49	6	10	8
301	293	26	15	5	285	10	0	0	26	15	5	9	0	0	0	61	35	15	4	277	9	0	0	10	0	0	5	0	0	0	24	0	0	0	26	15	5	3	0	0	0	1	0	0	0	9	0	0	0	61	35	15	4	269	9	0	0	9	0	0	5	0	0	0	21	0	0	0	10	0	0	3	0	0	0	1	0	0	0	5	0	0	0	24	0	0	0	26	15	5	1	0	0	0	2	0	0	0	3	0	0	0	1	0	0	0	9	0	0	0	61	35	15	4	261	9	0	0	9	0	0	5	0	0	0	21	0	0	0	9	0	0	3	0	0	0	1	0	0	0	5	0	0	0	21	0	0	0	10	0	0	1	0	0	0	2	0	0	0	3	0	0	0	1	0	0	0	5	0	0	0	24	0	0	0	26	15	5	3	0	0	0	1	0	0	0	1	0	0	0	2	0	0	0	3	0	0	0	1	0	0	0	9	0	0	0	61	35	15	4
403	392	49	28	27	381	22	0	13	49	28	27	21	0	45	32	123	70	108	31	370	20	0	0	22	0	13	14	0	25	0	57	0	52	0	49	28	27	18	0	9	0	7	7	0	20	21	0	45	32	123	70	108	31	359	17	0	0	20	0	0	11	0	0	0	50	0	0	0	22	0	13	6	0	6	0	5	0	0	0	14	0	25	0	57	0	52	0	49	28	27	21	0	0	0	11	21	0	0	18	0	9	0	7	7	0	20	21	0	45	32	123	70	108	31	348	15	0	0	17	0	0	8	0	0	0	43	0	0	0	20	0	0	4	0	0	0	5	0	0	0	11	0	0	0	50	0	0	0	22	0	13	14	0	0	0	5	0	0	0	6	0	6	0	5	0	0	0	14	0	25	0	57	0	52	0	49	28	27	8	0	9	0	12	7	0	0	21	0	0	0	11	21	0	0	18	0	9	0	7	7	0	20	21	0	45	32	123	70	108	31
537	522	63	67	35	507	27	26	13	63	67	35	25	13	45	32	152	187	175	54	492	25	26	0	27	26	13	18	13	25	0	70	65	65	0	63	67	35	21	0	9	0	12	8	0	20	25	13	45	32	152	187	175	54	477	22	26	0	25	26	0	15	13	0	0	63	65	0	0	27	26	13	9	0	6	0	6	0	0	0	18	13	25	0	70	65	65	0	63	67	35	24	0	0	0	15	24	0	0	21	0	9	0	12	8	0	20	25	13	45	32	152	187	175	54	462	18	26	0	22	26	0	12	13	0	0	56	65	0	0	25	26	0	7	0	0	0	6	0	0	0	15	13	0	0	63	65	0	0	27	26	13	15	0	0	0	6	0	0	0	9	0	6	0	6	0	0	0	18	13	25	0	70	65	65	0	63	67	35	8	0	17	0	17	22	0	0	24	0	0	0	15	24	0	0	21	0	9	0	12	8	0	20	25	13	45	32	152	187	175	54
369	359	31	9	35	349	14	0	0	31	9	35	9	0	9	0	77	9	35	85	339	14	0	0	14	0	0	9	0	0	0	34	0	0	0	31	9	35	3	0	0	0	3	0	0	0	9	0	9	0	77	9	35	85	329	14	0	0	14	0	0	9	0	0	0	34	0	0	0	14	0	0	3	0	0	0	1	0	0	0	9	0	0	0	34	0	0	0	31	9	35	1	0	0	0	7	0	0	0	3	0	0	0	3	0	0	0	9	0	9	0	77	9	35	85	319	13	0	0	14	0	0	9	0	0	0	34	0	0	0	14	0	0	3	0	0	0	1	0	0	0	9	0	0	0	34	0	0	0	14	0	0	1	0	0	0	1	0	0	0	3	0	0	0	1	0	0	0	9	0	0	0	34	0	0	0	31	9	35	1	0	8	0	5	0	0	0	1	0	0	0	7	0	0	0	3	0	0	0	3	0	0	0	9	0	9	0	77	9	35	85
393	382	34	32	22	371	12	18	0	34	32	22	9	0	9	0	82	57	44	59	360	12	18	0	12	18	0	9	0	0	0	30	36	0	0	34	32	22	3	0	0	0	3	0	0	0	9	0	9	0	82	57	44	59	349	12	18	0	12	18	0	9	0	0	0	30	36	0	0	12	18	0	3	0	0	0	1	0	0	0	9	0	0	0	30	36	0	0	34	32	22	1	0	0	0	7	0	0	0	3	0	0	0	3	0	0	0	9	0	9	0	82	57	44	59	338	11	18	0	12	18	0	9	0	0	0	30	36	0	0	12	18	0	3	0	0	0	1	0	0	0	9	0	0	0	30	36	0	0	12	18	0	1	0	0	0	1	0	0	0	3	0	0	0	1	0	0	0	9	0	0	0	30	36	0	0	34	32	22	1	0	8	0	9	0	0	0	1	0	0	0	7	0	0	0	3	0	0	0	3	0	0	0	9	0	9	0	82	57	44	59
360	350	35	29	5	340	9	9	0	35	29	5	4	0	0	0	84	82	20	5	330	9	9	0	9	9	0	4	0	0	0	25	27	0	0	35	29	5	0	0	0	0	2	0	0	0	4	0	0	0	84	82	20	5	320	9	9	0	9	9	0	4	0	0	0	25	27	0	0	9	9	0	0	0	0	0	0	0	0	0	4	0	0	0	25	27	0	0	35	29	5	0	0	0	0	6	0	0	0	0	0	0	0	2	0	0	0	4	0	0	0	84	82	20	5	310	9	9	0	9	9	0	4	0	0	0	25	27	0	0	9	9	0	0	0	0	0	0	0	0	0	4	0	0	0	25	27	0	0	9	9	0	0	0	0	0	0	0	0	0	0	0	0	0	0	0	0	0	4	0	0	0	25	27	0	0	35	29	5	1	0	0	0	8	0	0	0	0	0	0	0	6	0	0	0	0	0	0	0	2	0	0	0	4	0	0	0	84	82	20	5
742	720	91	188	35	698	42	142	18	91	188	35	43	175	20	18	220	475	140	62	676	35	117	15	42	142	18	28	128	18	12	111	359	72	26	91	188	35	18	172	18	18	33	84	35	0	43	175	20	18	220	475	140	62	654	29	76	4	35	117	15	20	88	15	0	85	285	60	0	42	142	18	4	60	18	0	11	71	18	0	28	128	18	12	111	359	72	26	91	188	35	22	204	20	20	25	60	105	8	18	172	18	18	33	84	35	0	43	175	20	18	220	475	140	62	632	22	61	0	29	76	4	18	52	4	0	70	183	16	0	35	117	15	2	48	18	0	11	62	15	0	20	88	15	0	85	285	60	0	42	142	18	7	157	18	0	9	53	54	0	4	60	18	0	11	71	18	0	28	128	18	12	111	359	72	26	91	188	35	23	87	0	0	16	107	35	0	22	204	20	20	25	60	105	8	18	172	18	18	33	84	35	0	43	175	20	18	220	475	140	62
465	452	44	30	55	439	24	0	27	44	30	55	22	0	11	72	110	70	165	67	426	23	0	13	24	0	27	18	0	9	26	67	0	81	26	44	30	55	18	0	0	32	7	0	0	31	22	0	11	72	110	70	165	67	413	19	0	0	23	0	13	15	0	6	0	63	0	39	0	24	0	27	5	0	0	0	7	0	0	0	18	0	9	26	67	0	81	26	44	30	55	18	0	11	0	6	0	0	20	18	0	0	32	7	0	0	31	22	0	11	72	110	70	165	67	400	18	0	0	19	0	0	12	0	0	0	53	0	0	0	23	0	13	4	0	0	0	7	0	0	0	15	0	6	0	63	0	39	0	24	0	27	14	0	9	0	6	0	0	0	5	0	0	0	7	0	0	0	18	0	9	26	67	0	81	26	44	30	55	14	0	0	0	11	0	0	0	18	0	11	0	6	0	0	20	18	0	0	32	7	0	0	31	22	0	11	72	110	70	165	67
516	501	47	57	47	486	20	44	9	47	57	47	15	33	11	18	113	139	47	124	471	19	44	6	20	44	9	11	33	9	12	51	121	9	26	47	57	47	18	0	0	18	18	0	0	0	15	33	11	18	113	139	47	124	456	15	44	0	19	44	6	8	33	6	0	47	121	6	0	20	44	9	5	0	0	0	5	0	0	0	11	33	9	12	51	121	9	26	47	57	47	20	0	11	0	14	0	0	8	18	0	0	18	18	0	0	0	15	33	11	18	113	139	47	124	441	13	43	0	15	44	0	5	33	0	0	37	121	0	0	19	44	6	4	0	0	0	5	0	0	0	8	33	6	0	47	121	6	0	20	44	9	14	0	9	0	5	0	0	0	5	0	0	0	5	0	0	0	11	33	9	12	51	121	9	26	47	57	47	8	10	0	0	15	12	0	0	20	0	11	0	14	0	0	8	18	0	0	18	18	0	0	0	15	33	11	18	113	139	47	124
358	348	37	16	27	338	20	0	0	37	16	27	18	0	0	0	91	32	54	89	328	19	0	0	20	0	0	14	0	0	0	54	0	0	26	37	16	27	17	0	0	0	5	0	0	0	18	0	0	0	91	32	54	89	318	16	0	0	19	0	0	11	0	0	0	50	0	0	0	20	0	0	5	0	0	0	5	0	0	0	14	0	0	0	54	0	0	26	37	16	27	17	0	0	0	4	0	0	0	17	0	0	0	5	0	0	0	18	0	0	0	91	32	54	89	308	15	0	0	16	0	0	8	0	0	0	43	0	0	0	19	0	0	4	0	0	0	5	0	0	0	11	0	0	0	50	0	0	0	20	0	0	13	0	0	0	4	0	0	0	5	0	0	0	5	0	0	0	14	0	0	0	54	0	0	26	37	16	27	8	0	0	0	9	0	0	0	17	0	0	0	4	0	0	0	17	0	0	0	5	0	0	0	18	0	0	0	91	32	54	89
421	409	48	41	13	397	21	11	0	48	41	13	22	0	0	0	115	127	65	40	385	20	11	0	21	11	0	18	0	0	0	57	55	0	13	48	41	13	17	0	0	0	14	0	0	0	22	0	0	0	115	127	65	40	373	17	11	0	20	11	0	15	0	0	0	53	55	0	0	21	11	0	5	0	0	0	7	0	0	0	18	0	0	0	57	55	0	13	48	41	13	17	0	0	0	10	0	0	0	17	0	0	0	14	0	0	0	22	0	0	0	115	127	65	40	361	16	11	0	17	11	0	12	0	0	0	46	55	0	0	20	11	0	4	0	0	0	7	0	0	0	15	0	0	0	53	55	0	0	21	11	0	13	0	0	0	5	0	0	0	5	0	0	0	7	0	0	0	18	0	0	0	57	55	0	13	48	41	13	14	0	0	0	11	0	0	0	17	0	0	0	10	0	0	0	17	0	0	0	14	0	0	0	22	0	0	0	115	127	65	40
313	304	24	14	15	295	9	0	9	24	14	15	7	0	15	0	55	14	30	13	286	9	0	9	9	0	9	7	0	15	0	27	0	18	0	24	14	15	0	0	0	0	7	0	0	0	7	0	15	0	55	14	30	13	277	9	0	9	9	0	9	7	0	15	0	27	0	18	0	9	0	9	0	0	0	0	7	0	0	0	7	0	15	0	27	0	18	0	24	14	15	0	0	0	0	3	0	0	0	0	0	0	0	7	0	0	0	7	0	15	0	55	14	30	13	268	9	0	8	9	0	9	7	0	15	0	27	0	18	0	9	0	9	0	0	0	0	7	0	0	0	7	0	15	0	27	0	18	0	9	0	9	0	0	0	0	3	0	0	0	0	0	0	0	7	0	0	0	7	0	15	0	27	0	18	0	24	14	15	9	0	0	4	5	0	0	0	0	0	0	0	3	0	0	0	0	0	0	0	7	0	0	0	7	0	15	0	55	14	30	13
487	473	43	33	61	459	22	0	25	43	33	61	19	0	43	42	104	66	183	130	445	17	0	23	22	0	25	14	0	33	36	58	0	75	45	43	33	61	5	0	48	18	16	0	0	0	19	0	43	42	104	66	183	130	431	16	0	20	17	0	23	11	0	33	27	45	0	69	28	22	0	25	4	0	20	12	14	0	0	0	14	0	33	36	58	0	75	45	43	33	61	14	0	8	18	13	0	0	0	5	0	48	18	16	0	0	0	19	0	43	42	104	66	183	130	417	16	0	8	16	0	20	11	0	33	4	42	0	60	4	17	0	23	4	0	18	0	12	0	0	0	11	0	33	27	45	0	69	28	22	0	25	14	0	0	0	10	0	0	0	4	0	20	12	14	0	0	0	14	0	33	36	58	0	75	45	43	33	61	20	0	0	24	16	0	0	8	14	0	8	18	13	0	0	0	5	0	48	18	16	0	0	0	19	0	43	42	104	66	183	130
349	339	31	9	42	329	18	0	0	31	9	42	17	0	8	0	74	9	42	177	319	15	0	0	18	0	0	14	0	0	0	50	0	0	54	31	9	42	5	0	24	0	7	0	0	0	17	0	8	0	74	9	42	177	309	14	0	0	15	0	0	11	0	0	0	43	0	0	34	18	0	0	4	0	0	0	7	0	0	0	14	0	0	0	50	0	0	54	31	9	42	13	0	8	0	5	0	0	0	5	0	24	0	7	0	0	0	17	0	8	0	74	9	42	177	299	13	0	0	14	0	0	11	0	0	0	40	0	0	4	15	0	0	4	0	0	0	5	0	0	0	11	0	0	0	43	0	0	34	18	0	0	13	0	0	0	5	0	0	0	4	0	0	0	7	0	0	0	14	0	0	0	50	0	0	54	31	9	42	13	0	10	0	11	0	0	0	13	0	8	0	5	0	0	0	5	0	24	0	7	0	0	0	17	0	8	0	74	9	42	177
465	451	47	65	24	437	19	40	0	47	65	24	17	40	8	0	102	172	72	103	423	14	40	0	19	40	0	12	40	0	0	49	120	0	45	47	65	24	6	0	24	0	27	24	0	0	17	40	8	0	102	172	72	103	409	12	40	0	14	40	0	7	40	0	0	35	120	0	28	19	40	0	4	0	0	0	12	20	0	0	12	40	0	0	49	120	0	45	47	65	24	15	0	8	0	18	12	0	0	6	0	24	0	27	24	0	0	17	40	8	0	102	172	72	103	395	11	34	0	12	40	0	7	40	0	0	30	120	0	4	14	40	0	4	0	0	0	10	20	0	0	7	40	0	0	35	120	0	28	19	40	0	13	0	0	0	7	10	0	0	4	0	0	0	12	20	0	0	12	40	0	0	49	120	0	45	47	65	24	14	42	0	0	16	10	0	0	15	0	8	0	18	12	0	0	6	0	24	0	27	24	0	0	17	40	8	0	102	172	72	103
312	303	35	18	14	294	19	0	0	35	18	14	17	0	8	0	79	36	42	48	285	16	0	0	19	0	0	14	0	0	0	50	0	0	18	35	18	14	5	0	24	0	16	0	0	0	17	0	8	0	79	36	42	48	276	15	0	0	16	0	0	11	0	0	0	43	0	0	15	19	0	0	4	0	0	0	14	0	0	0	14	0	0	0	50	0	0	18	35	18	14	13	0	8	0	11	0	0	0	5	0	24	0	16	0	0	0	17	0	8	0	79	36	42	48	267	15	0	0	15	0	0	11	0	0	0	40	0	0	4	16	0	0	4	0	0	0	12	0	0	0	11	0	0	0	43	0	0	15	19	0	0	13	0	0	0	8	0	0	0	4	0	0	0	14	0	0	0	14	0	0	0	50	0	0	18	35	18	14	20	0	0	0	15	0	0	0	13	0	8	0	11	0	0	0	5	0	24	0	16	0	0	0	17	0	8	0	79	36	42	48
373	362	26	10	47	351	15	0	5	26	10	47	9	0	0	10	63	0	47	156	340	15	0	5	15	0	5	9	0	0	10	40	0	5	34	26	10	47	2	0	0	0	21	0	0	0	9	0	0	10	63	0	47	156	329	15	0	5	15	0	5	9	0	0	10	40	0	5	32	15	0	5	2	0	0	0	17	0	0	0	9	0	0	10	40	0	5	34	26	10	47	4	0	0	0	14	0	0	0	2	0	0	0	21	0	0	0	9	0	0	10	63	0	47	156	318	11	0	5	15	0	5	9	0	0	10	40	0	5	29	15	0	5	2	0	0	0	17	0	0	0	9	0	0	10	40	0	5	32	15	0	5	4	0	0	0	7	0	0	0	2	0	0	0	17	0	0	0	9	0	0	10	40	0	5	34	26	10	47	9	0	14	0	11	20	0	0	4	0	0	0	14	0	0	0	2	0	0	0	21	0	0	0	9	0	0	10	63	0	47	156
370	359	39	28	24	348	20	0	21	39	28	24	21	0	11	20	90	70	96	0	337	18	0	20	20	0	21	13	0	10	19	52	0	84	0	39	28	24	15	0	0	9	22	14	0	0	21	0	11	20	90	70	96	0	326	15	0	20	18	0	20	9	0	9	19	43	0	80	0	20	0	21	4	0	0	9	17	0	0	0	13	0	10	19	52	0	84	0	39	28	24	10	0	0	0	12	21	0	0	15	0	0	9	22	14	0	0	21	0	11	20	90	70	96	0	315	12	0	20	15	0	20	7	0	9	19	36	0	80	0	18	0	20	2	0	0	9	17	0	0	0	9	0	9	19	43	0	80	0	20	0	21	6	0	0	0	7	0	0	0	4	0	0	9	17	0	0	0	13	0	10	19	52	0	84	0	39	28	24	14	0	0	0	14	21	0	0	10	0	0	0	12	21	0	0	15	0	0	9	22	14	0	0	21	0	11	20	90	70	96	0
501	486	59	54	54	471	36	14	23	59	54	54	39	0	47	52	144	114	216	99	456	31	14	14	36	14	23	26	0	34	19	97	14	92	25	59	54	54	20	0	12	9	28	48	0	35	39	0	47	52	144	114	216	99	441	27	14	14	31	14	14	20	0	9	19	78	14	56	23	36	14	23	8	0	8	9	20	28	0	18	26	0	34	19	97	14	92	25	59	54	54	23	0	0	0	16	44	0	0	20	0	12	9	28	48	0	35	39	0	47	52	144	114	216	99	426	18	10	14	27	14	14	18	0	9	19	69	14	56	20	31	14	14	2	0	0	9	19	28	0	15	20	0	9	19	78	14	56	23	36	14	23	7	0	0	0	8	14	0	0	8	0	8	9	20	28	0	18	26	0	34	19	97	14	92	25	59	54	54	13	40	62	0	22	30	0	0	23	0	0	0	16	44	0	0	20	0	12	9	28	48	0	35	39	0	47	52	144	114	216	99
420	407	39	47	31	394	18	36	0	39	47	31	28	27	0	0	87	90	31	114	381	13	36	0	18	36	0	11	27	0	0	49	90	0	34	39	47	31	8	0	0	0	19	45	0	0	28	27	0	0	87	90	31	114	368	11	36	0	13	36	0	6	27	0	0	34	90	0	32	18	36	0	2	0	0	0	12	45	0	0	11	27	0	0	49	90	0	34	39	47	31	4	0	0	0	12	18	0	0	8	0	0	0	19	45	0	0	28	27	0	0	87	90	31	114	355	7	33	0	11	36	0	6	27	0	0	30	90	0	29	13	36	0	2	0	0	0	12	45	0	0	6	27	0	0	34	90	0	32	18	36	0	4	0	0	0	5	18	0	0	2	0	0	0	12	45	0	0	11	27	0	0	49	90	0	34	39	47	31	6	24	14	0	11	16	0	0	4	0	0	0	12	18	0	0	8	0	0	0	19	45	0	0	28	27	0	0	87	90	31	114
231	224	33	14	0	217	15	6	0	33	14	0	23	0	0	0	70	42	0	0	210	12	6	0	15	6	0	8	0	0	0	35	30	0	0	33	14	0	10	0	0	0	18	18	0	0	23	0	0	0	70	42	0	0	203	10	6	0	12	6	0	5	0	0	0	27	30	0	0	15	6	0	2	0	0	0	12	18	0	0	8	0	0	0	35	30	0	0	33	14	0	4	0	0	0	11	10	0	0	10	0	0	0	18	18	0	0	23	0	0	0	70	42	0	0	196	8	4	0	10	6	0	5	0	0	0	23	30	0	0	12	6	0	2	0	0	0	12	18	0	0	5	0	0	0	27	30	0	0	15	6	0	4	0	0	0	5	6	0	0	2	0	0	0	12	18	0	0	8	0	0	0	35	30	0	0	33	14	0	7	8	0	0	11	8	0	0	4	0	0	0	11	10	0	0	10	0	0	0	18	18	0	0	23	0	0	0	70	42	0	0
588	570	52	59	101	552	31	17	77	52	59	101	32	0	33	34	121	118	303	78	534	26	14	71	31	17	77	19	0	32	28	74	34	231	44	52	59	101	17	42	22	56	23	14	0	0	32	0	33	34	121	118	303	78	516	18	0	59	26	14	71	13	0	28	18	60	28	213	34	31	17	77	4	0	22	20	14	0	0	0	19	0	32	28	74	34	231	44	52	59	101	13	0	78	42	9	0	101	35	17	42	22	56	23	14	0	0	32	0	33	34	121	118	303	78	498	11	0	54	18	0	59	7	0	20	18	40	0	177	34	26	14	71	2	0	22	18	14	0	0	0	13	0	28	18	60	28	213	34	31	17	77	6	0	74	36	6	0	77	18	4	0	22	20	14	0	0	0	19	0	32	28	74	34	231	44	52	59	101	5	0	27	42	12	17	0	0	13	0	78	42	9	0	101	35	17	42	22	56	23	14	0	0	32	0	33	34	121	118	303	78
467	452	57	58	52	437	31	56	12	57	58	52	48	24	13	12	134	135	0	156	422	24	54	8	31	56	12	23	24	12	8	81	132	0	49	57	58	52	23	20	0	32	23	50	0	0	48	24	13	12	134	135	0	156	407	15	50	0	24	54	8	14	20	8	0	57	126	0	39	31	56	12	2	20	0	0	14	50	0	0	23	24	12	8	81	132	0	49	57	58	52	7	40	52	0	8	20	0	35	23	20	0	32	23	50	0	0	48	24	13	12	134	135	0	156	392	8	30	0	15	50	0	8	20	0	0	35	120	0	39	24	54	8	0	20	0	0	14	50	0	0	14	20	8	0	57	126	0	39	31	56	12	2	40	48	0	6	20	0	18	2	20	0	0	14	50	0	0	23	24	12	8	81	132	0	49	57	58	52	5	0	51	0	9	0	104	0	7	40	52	0	8	20	0	35	23	20	0	32	23	50	0	0	48	24	13	12	134	135	0	156
587	568	73	141	30	549	31	97	12	73	141	30	22	158	13	12	158	363	120	78	530	28	73	8	31	97	12	17	82	12	8	66	243	48	44	73	141	30	10	78	0	32	26	37	60	0	22	158	13	12	158	363	120	78	511	22	53	0	28	73	8	15	46	8	0	57	158	32	34	31	97	12	2	14	0	0	9	26	24	0	17	82	12	8	66	243	48	44	73	141	30	16	58	52	0	13	15	60	35	10	78	0	32	26	37	60	0	22	158	13	12	158	363	120	78	492	14	41	0	22	53	0	11	30	0	0	42	113	0	34	28	73	8	2	0	0	0	9	22	16	0	15	46	8	0	57	158	32	34	31	97	12	4	26	48	0	6	13	24	18	2	14	0	0	9	26	24	0	17	82	12	8	66	243	48	44	73	141	30	6	67	23	0	20	52	30	0	16	58	52	0	13	15	60	35	10	78	0	32	26	37	60	0	22	158	13	12	158	363	120	78
261	253	36	15	7	245	20	0	0	36	15	7	24	0	0	0	87	30	21	24	237	17	0	0	20	0	0	13	0	0	0	49	0	0	21	36	15	7	15	0	0	0	10	5	0	0	24	0	0	0	87	30	21	24	229	14	0	0	17	0	0	9	0	0	0	38	0	0	20	20	0	0	4	0	0	0	7	0	0	0	13	0	0	0	49	0	0	21	36	15	7	10	0	0	0	3	0	0	0	15	0	0	0	10	5	0	0	24	0	0	0	87	30	21	24	221	11	0	0	14	0	0	7	0	0	0	31	0	0	20	17	0	0	2	0	0	0	7	0	0	0	9	0	0	0	38	0	0	20	20	0	0	6	0	0	0	3	0	0	0	4	0	0	0	7	0	0	0	13	0	0	0	49	0	0	21	36	15	7	5	0	0	0	6	0	0	0	10	0	0	0	3	0	0	0	15	0	0	0	10	5	0	0	24	0	0	0	87	30	21	24
366	354	43	50	10	342	17	32	0	43	50	10	21	24	0	0	95	117	30	54	330	14	32	0	17	32	0	10	24	0	0	40	80	0	23	43	50	10	15	0	0	0	16	5	0	0	21	24	0	0	95	117	30	54	318	11	32	0	14	32	0	6	24	0	0	29	80	0	14	17	32	0	4	0	0	0	9	0	0	0	10	24	0	0	40	80	0	23	43	50	10	10	0	0	0	6	0	0	0	15	0	0	0	16	5	0	0	21	24	0	0	95	117	30	54	306	7	32	0	11	32	0	4	24	0	0	22	80	0	14	14	32	0	2	0	0	0	9	0	0	0	6	24	0	0	29	80	0	14	17	32	0	6	0	0	0	4	0	0	0	4	0	0	0	9	0	0	0	10	24	0	0	40	80	0	23	43	50	10	5	0	10	0	6	0	0	0	10	0	0	0	6	0	0	0	15	0	0	0	16	5	0	0	21	24	0	0	95	117	30	54
256	248	25	0	41	240	13	0	9	25	0	41	14	0	14	9	61	0	0	148	232	9	0	9	13	0	9	7	0	0	9	28	0	0	89	25	0	41	2	0	28	0	2	0	0	0	14	0	14	9	61	0	0	148	224	8	0	9	9	0	9	5	0	0	9	19	0	0	79	13	0	9	0	0	0	0	2	0	0	0	7	0	0	9	28	0	0	89	25	0	41	2	0	7	0	1	0	0	0	2	0	28	0	2	0	0	0	14	0	14	9	61	0	0	148	216	8	0	9	8	0	9	5	0	0	9	18	0	0	59	9	0	9	0	0	0	0	2	0	0	0	5	0	0	9	19	0	0	79	13	0	9	2	0	0	0	1	0	0	0	0	0	0	0	2	0	0	0	7	0	0	9	28	0	0	89	25	0	41	5	0	0	0	6	0	0	0	2	0	7	0	1	0	0	0	2	0	28	0	2	0	0	0	14	0	14	9	61	0	0	148
411	398	42	39	59	385	22	9	24	42	39	59	17	27	38	50	93	87	177	148	372	14	0	23	22	9	24	11	0	22	47	45	18	72	89	42	39	59	2	0	104	12	8	0	59	0	17	27	38	50	93	87	177	148	359	12	0	19	14	0	23	5	0	22	35	25	0	69	79	22	9	24	0	0	63	8	4	0	24	0	11	0	22	47	45	18	72	89	42	39	59	4	0	23	32	5	0	0	0	2	0	104	12	8	0	59	0	17	27	38	50	93	87	177	148	346	11	0	11	12	0	19	5	0	22	11	23	0	57	59	14	0	23	0	0	59	0	4	0	23	0	5	0	22	35	25	0	69	79	22	9	24	2	0	13	0	2	0	0	0	0	0	63	8	4	0	24	0	11	0	22	47	45	18	72	89	42	39	59	5	0	0	0	21	12	0	35	4	0	23	32	5	0	0	0	2	0	104	12	8	0	59	0	17	27	38	50	93	87	177	148
374	362	40	35	31	350	18	11	0	40	35	31	14	0	14	0	88	83	93	148	338	14	11	0	18	11	0	7	0	0	0	33	11	0	89	40	35	31	2	0	28	0	2	0	0	0	14	0	14	0	88	83	93	148	326	13	11	0	14	11	0	5	0	0	0	24	11	0	79	18	11	0	0	0	0	0	2	0	0	0	7	0	0	0	33	11	0	89	40	35	31	2	0	7	0	1	0	0	0	2	0	28	0	2	0	0	0	14	0	14	0	88	83	93	148	314	13	11	0	13	11	0	5	0	0	0	23	11	0	59	14	11	0	0	0	0	0	2	0	0	0	5	0	0	0	24	11	0	79	18	11	0	2	0	0	0	1	0	0	0	0	0	0	0	2	0	0	0	7	0	0	0	33	11	0	89	40	35	31	5	0	0	0	18	0	0	0	2	0	7	0	1	0	0	0	2	0	28	0	2	0	0	0	14	0	14	0	88	83	93	148
284	275	31	20	7	266	12	0	0	31	20	7	11	0	14	0	67	40	28	30	257	9	0	0	12	0	0	4	0	0	0	20	0	0	12	31	20	7	2	0	14	0	2	0	0	0	11	0	14	0	67	40	28	30	248	8	0	0	9	0	0	2	0	0	0	13	0	0	8	12	0	0	0	0	0	0	2	0	0	0	4	0	0	0	20	0	0	12	31	20	7	2	0	7	0	1	0	0	0	2	0	14	0	2	0	0	0	11	0	14	0	67	40	28	30	239	8	0	0	8	0	0	2	0	0	0	12	0	0	0	9	0	0	0	0	0	0	2	0	0	0	2	0	0	0	13	0	0	8	12	0	0	2	0	0	0	1	0	0	0	0	0	0	0	2	0	0	0	4	0	0	0	20	0	0	12	31	20	7	5	0	0	0	15	0	0	0	2	0	7	0	1	0	0	0	2	0	14	0	2	0	0	0	11	0	14	0	67	40	28	30
182	176	17	11	0	170	4	5	0	17	11	0	0	0	0	0	33	15	0	0	164	4	5	0	4	5	0	0	0	0	0	4	5	0	0	17	11	0	0	0	0	0	0	0	0	0	0	0	0	0	33	15	0	0	158	4	5	0	4	5	0	0	0	0	0	4	5	0	0	4	5	0	0	0	0	0	0	0	0	0	0	0	0	0	4	5	0	0	17	11	0	0	0	0	0	0	0	0	0	0	0	0	0	0	0	0	0	0	0	0	0	33	15	0	0	152	4	5	0	4	5	0	0	0	0	0	4	5	0	0	4	5	0	0	0	0	0	0	0	0	0	0	0	0	0	4	5	0	0	4	5	0	0	0	0	0	0	0	0	0	0	0	0	0	0	0	0	0	0	0	0	0	4	5	0	0	17	11	0	0	0	0	0	6	0	0	0	0	0	0	0	0	0	0	0	0	0	0	0	0	0	0	0	0	0	0	0	33	15	0	0
304	294	22	9	37	284	6	9	12	22	9	37	0	0	22	12	43	9	0	97	274	6	9	11	6	9	12	0	0	12	11	6	9	0	24	22	9	37	0	0	0	11	0	0	0	0	0	0	22	12	43	9	0	97	264	6	9	11	6	9	11	0	0	11	11	6	9	0	23	6	9	12	0	0	0	11	0	0	0	0	0	0	12	11	6	9	0	24	22	9	37	0	0	0	0	0	0	0	0	0	0	0	11	0	0	0	0	0	0	22	12	43	9	0	97	254	6	9	11	6	9	11	0	0	11	11	6	9	0	19	6	9	11	0	0	0	11	0	0	0	0	0	0	11	11	6	9	0	23	6	9	12	0	0	0	0	0	0	0	0	0	0	0	11	0	0	0	0	0	0	12	11	6	9	0	24	22	9	37	0	0	0	0	18	0	0	0	0	0	0	0	0	0	0	0	0	0	0	11	0	0	0	0	0	0	22	12	43	9	0	97
431	417	34	33	69	403	12	0	54	34	33	69	6	0	68	12	69	66	207	66	389	12	0	53	12	0	54	6	0	58	11	19	0	162	24	34	33	69	0	0	0	11	10	0	0	0	6	0	68	12	69	66	207	66	375	12	0	53	12	0	53	6	0	57	11	19	0	159	23	12	0	54	0	0	0	11	0	0	0	0	6	0	58	11	19	0	162	24	34	33	69	11	0	0	0	10	0	0	0	0	0	0	11	10	0	0	0	6	0	68	12	69	66	207	66	361	8	0	52	12	0	53	6	0	57	11	19	0	159	19	12	0	53	0	0	0	11	0	0	0	0	6	0	57	11	19	0	159	23	12	0	54	0	0	0	0	2	0	0	0	0	0	0	11	0	0	0	0	6	0	58	11	19	0	162	24	34	33	69	7	0	0	10	18	44	0	0	11	0	0	0	10	0	0	0	0	0	0	11	10	0	0	0	6	0	68	12	69	66	207	66
247	239	20	7	16	231	7	0	9	20	7	16	0	0	0	0	39	7	16	7	223	7	0	9	7	0	9	0	0	0	0	7	0	9	0	20	7	16	0	0	0	0	2	0	0	0	0	0	0	0	39	7	16	7	215	7	0	9	7	0	9	0	0	0	0	7	0	9	0	7	0	9	0	0	0	0	0	0	0	0	0	0	0	0	7	0	9	0	20	7	16	0	0	0	0	1	0	0	0	0	0	0	0	2	0	0	0	0	0	0	0	39	7	16	7	207	7	0	9	7	0	9	0	0	0	0	7	0	9	0	7	0	9	0	0	0	0	0	0	0	0	0	0	0	0	7	0	9	0	7	0	9	0	0	0	0	0	0	0	0	0	0	0	0	0	0	0	0	0	0	0	0	7	0	9	0	20	7	16	1	0	0	0	16	0	0	0	0	0	0	0	1	0	0	0	0	0	0	0	2	0	0	0	0	0	0	0	39	7	16	7
449	434	43	62	35	419	19	26	7	43	62	35	12	0	31	28	84	116	140	97	404	18	26	0	19	26	7	10	0	14	0	33	26	28	24	43	62	35	0	0	11	0	16	0	0	30	12	0	31	28	84	116	140	97	389	18	26	0	18	26	0	10	0	0	0	32	26	0	23	19	26	7	0	0	7	0	2	0	0	12	10	0	14	0	33	26	28	24	43	62	35	21	0	0	0	17	0	0	0	0	0	11	0	16	0	0	30	12	0	31	28	84	116	140	97	374	12	26	0	18	26	0	10	0	0	0	32	26	0	19	18	26	0	0	0	0	0	0	0	0	8	10	0	0	0	32	26	0	23	19	26	7	2	0	0	0	5	0	0	0	0	0	7	0	2	0	0	12	10	0	14	0	33	26	28	24	43	62	35	16	0	0	0	18	54	0	0	21	0	0	0	17	0	0	0	0	0	11	0	16	0	0	30	12	0	31	28	84	116	140	97
386	373	45	52	19	360	18	22	7	45	52	19	12	0	22	28	91	112	95	31	347	17	22	0	18	22	7	10	0	14	0	32	22	35	0	45	52	19	0	0	11	0	23	0	0	30	12	0	22	28	91	112	95	31	334	17	22	0	17	22	0	10	0	0	0	31	22	0	0	18	22	7	0	0	7	0	2	0	0	12	10	0	14	0	32	22	35	0	45	52	19	21	0	0	0	22	0	0	0	0	0	11	0	23	0	0	30	12	0	22	28	91	112	95	31	321	11	22	0	17	22	0	10	0	0	0	31	22	0	0	17	22	0	0	0	0	0	0	0	0	8	10	0	0	0	31	22	0	0	18	22	7	2	0	0	0	5	0	0	0	0	0	7	0	2	0	0	12	10	0	14	0	32	22	35	0	45	52	19	16	0	0	0	18	36	0	0	21	0	0	0	22	0	0	0	0	0	11	0	23	0	0	30	12	0	22	28	91	112	95	31
564	545	46	50	152	526	24	18	117	46	50	152	24	0	50	99	98	84	304	123	507	20	18	99	24	18	117	18	0	48	62	51	36	234	68	46	50	152	7	0	0	98	27	64	0	59	24	0	50	99	98	84	304	123	488	17	16	73	20	18	99	12	0	43	46	37	36	198	53	24	18	117	2	0	0	24	0	0	0	24	18	0	48	62	51	36	234	68	46	50	152	21	32	0	65	23	48	0	131	7	0	0	98	27	64	0	59	24	0	50	99	98	84	304	123	469	9	0	69	17	16	73	10	0	33	46	30	32	146	53	20	18	99	0	0	0	23	0	0	0	23	12	0	43	46	37	36	198	53	24	18	117	0	0	0	62	6	0	0	89	2	0	0	24	0	0	0	24	18	0	48	62	51	36	234	68	46	50	152	12	0	26	33	3	16	152	0	21	32	0	65	23	48	0	131	7	0	0	98	27	64	0	59	24	0	50	99	98	84	304	123
354	342	33	21	62	330	16	11	28	33	21	62	12	0	17	11	70	21	62	139	318	14	11	27	16	11	28	10	0	17	11	32	11	28	77	33	21	62	1	0	0	16	22	20	0	0	12	0	17	11	70	21	62	139	306	13	11	24	14	11	27	8	0	16	11	25	11	27	62	16	11	28	0	0	0	13	0	0	0	0	10	0	17	11	32	11	28	77	33	21	62	19	0	0	39	21	10	0	0	1	0	0	16	22	20	0	0	12	0	17	11	70	21	62	139	294	7	10	23	13	11	24	8	0	13	11	23	11	24	62	14	11	27	0	0	0	12	0	0	0	0	8	0	16	11	25	11	27	62	16	11	28	0	0	0	36	4	0	0	0	0	0	0	13	0	0	0	0	10	0	17	11	32	11	28	77	33	21	62	10	10	0	12	4	0	0	0	19	0	0	39	21	10	0	0	1	0	0	16	22	20	0	0	12	0	17	11	70	21	62	139
415	401	53	45	56	387	25	0	49	53	45	56	40	0	37	11	102	135	280	19	373	18	0	48	25	0	49	19	0	37	11	57	0	245	7	53	45	56	15	0	0	16	23	63	0	0	40	0	37	11	102	135	280	19	359	13	0	45	18	0	48	10	0	36	11	35	0	240	0	25	0	49	2	0	0	13	0	0	0	0	19	0	37	11	57	0	245	7	53	45	56	21	0	0	39	22	45	0	0	15	0	0	16	23	63	0	0	40	0	37	11	102	135	280	19	345	6	0	41	13	0	45	8	0	33	11	23	0	225	0	18	0	48	0	0	0	12	0	0	0	0	10	0	36	11	35	0	240	0	25	0	49	0	0	0	36	8	0	0	0	2	0	0	13	0	0	0	0	19	0	37	11	57	0	245	7	53	45	56	11	0	0	33	3	9	0	0	21	0	0	39	22	45	0	0	15	0	0	16	23	63	0	0	40	0	37	11	102	135	280	19
485	468	54	93	56	451	23	60	28	54	93	56	18	72	30	22	104	192	168	123	434	19	60	23	23	60	28	12	72	28	14	50	132	84	68	54	93	56	16	0	0	44	30	36	0	0	18	72	30	22	104	192	168	123	417	13	51	13	19	60	23	6	72	23	0	36	132	69	53	23	60	28	2	0	0	13	0	0	0	0	12	72	28	14	50	132	84	68	54	93	56	14	81	0	39	21	60	0	30	16	0	0	44	30	36	0	0	18	72	30	22	104	192	168	123	400	7	18	12	13	51	13	4	54	13	0	21	105	39	53	19	60	23	0	0	0	12	0	0	0	0	6	72	23	0	36	132	69	53	23	60	28	0	0	0	36	6	24	0	12	2	0	0	13	0	0	0	0	12	72	28	14	50	132	84	68	54	93	56	6	54	26	12	4	9	168	0	14	81	0	39	21	60	0	30	16	0	0	44	30	36	0	0	18	72	30	22	104	192	168	123
373	360	49	56	15	347	22	30	0	49	56	15	20	20	0	0	93	122	60	54	334	18	30	0	22	30	0	14	20	0	0	48	60	0	14	49	56	15	16	0	0	0	25	24	0	0	20	20	0	0	93	122	60	54	321	12	22	0	18	30	0	8	20	0	0	34	60	0	0	22	30	0	2	0	0	0	0	0	0	0	14	20	0	0	48	60	0	14	49	56	15	13	48	0	0	19	44	0	0	16	0	0	0	25	24	0	0	20	20	0	0	93	122	60	54	308	7	6	0	12	22	0	6	12	0	0	19	40	0	0	18	30	0	0	0	0	0	0	0	0	0	8	20	0	0	34	60	0	0	22	30	0	0	0	0	0	6	20	0	0	2	0	0	0	0	0	0	0	14	20	0	0	48	60	0	14	49	56	15	7	24	0	0	4	6	30	0	13	48	0	0	19	44	0	0	16	0	0	0	25	24	0	0	20	20	0	0	93	122	60	54
543	524	54	65	131	505	28	46	73	54	65	131	42	62	9	114	104	178	131	341	486	21	15	71	28	46	73	21	30	9	110	62	137	73	222	54	65	131	14	15	10	22	8	15	262	0	42	62	9	114	104	178	131	341	467	7	0	66	21	15	71	12	0	9	98	41	30	71	197	28	46	73	2	0	10	14	2	0	146	0	21	30	9	110	62	137	73	222	54	65	131	2	0	105	44	15	0	131	0	14	15	10	22	8	15	262	0	42	62	9	114	104	178	131	341	448	1	0	41	7	0	66	0	0	9	72	6	0	66	155	21	15	71	0	0	10	0	2	0	142	0	12	0	9	98	41	30	71	197	28	46	73	0	0	46	13	10	0	73	0	2	0	10	14	2	0	146	0	21	30	9	110	62	137	73	222	54	65	131	1	0	49	87	0	0	0	82	2	0	105	44	15	0	131	0	14	15	10	22	8	15	262	0	42	62	9	114	104	178	131	341
344	332	34	32	36	320	18	0	19	34	32	36	36	0	9	20	67	32	144	71	308	10	0	19	18	0	19	13	0	9	20	44	0	76	49	34	32	36	15	0	0	0	6	8	0	0	36	0	9	20	67	32	144	71	296	3	0	19	10	0	19	4	0	9	20	19	0	76	48	18	0	19	2	0	0	0	2	0	0	0	13	0	9	20	44	0	76	49	34	32	36	2	0	12	0	8	0	0	0	15	0	0	0	6	8	0	0	36	0	9	20	67	32	144	71	284	1	0	18	3	0	19	0	0	9	20	2	0	76	45	10	0	19	0	0	0	0	2	0	0	0	4	0	9	20	19	0	76	48	18	0	19	0	0	0	0	8	0	0	0	2	0	0	0	2	0	0	0	13	0	9	20	44	0	76	49	34	32	36	1	0	6	8	0	0	0	0	2	0	12	0	8	0	0	0	15	0	0	0	6	8	0	0	36	0	9	20	67	32	144	71
479	462	47	95	34	445	17	37	25	47	95	34	18	159	9	0	92	208	170	56	428	11	8	25	17	37	25	10	24	9	0	38	90	125	49	47	95	34	10	40	10	0	10	8	102	0	18	159	9	0	92	208	170	56	411	5	0	25	11	8	25	2	0	9	0	18	16	125	48	17	37	25	2	0	10	0	4	0	75	0	10	24	9	0	38	90	125	49	47	95	34	2	0	20	0	11	0	34	0	10	40	10	0	10	8	102	0	18	159	9	0	92	208	170	56	394	4	0	12	5	0	25	0	0	9	0	5	0	125	45	11	8	25	0	0	10	0	4	0	75	0	2	0	9	0	18	16	125	48	17	37	25	0	0	20	0	6	0	25	0	2	0	10	0	4	0	75	0	10	24	9	0	38	90	125	49	47	95	34	4	0	0	16	2	0	0	52	2	0	20	0	11	0	34	0	10	40	10	0	10	8	102	0	18	159	9	0	92	208	170	56
419	404	49	74	40	389	21	48	0	49	74	40	32	96	0	0	97	160	80	279	374	15	26	0	21	48	0	13	52	0	0	49	118	0	194	49	74	40	15	52	0	0	10	8	80	0	32	96	0	0	97	160	80	279	359	4	8	0	15	26	0	8	16	0	0	31	50	0	170	21	48	0	0	16	0	0	2	0	0	0	13	52	0	0	49	118	0	194	49	74	40	0	16	55	0	13	24	80	0	15	52	0	0	10	8	80	0	32	96	0	0	97	160	80	279	344	1	0	0	4	8	0	0	0	0	0	3	8	0	131	15	26	0	0	0	0	0	2	0	0	0	8	16	0	0	31	50	0	170	21	48	0	0	0	0	0	8	20	0	0	0	16	0	0	2	0	0	0	13	52	0	0	49	118	0	194	49	74	40	1	0	24	0	1	0	40	0	0	16	55	0	13	24	80	0	15	52	0	0	10	8	80	0	32	96	0	0	97	160	80	279
313	302	41	31	24	291	24	10	0	41	31	24	42	0	0	0	84	44	72	127	280	16	7	0	24	10	0	19	0	0	0	57	30	0	77	41	31	24	18	21	0	0	8	7	0	0	42	0	0	0	84	44	72	127	269	5	0	0	16	7	0	10	0	0	0	32	21	0	71	24	10	0	2	0	0	0	2	0	0	0	19	0	0	0	57	30	0	77	41	31	24	2	0	39	0	8	20	24	0	18	21	0	0	8	7	0	0	42	0	0	0	84	44	72	127	258	1	0	0	5	0	0	0	0	0	0	4	0	0	58	16	7	0	0	0	0	0	2	0	0	0	10	0	0	0	32	21	0	71	24	10	0	0	0	0	0	8	20	0	0	2	0	0	0	2	0	0	0	19	0	0	0	57	30	0	77	41	31	24	1	0	24	0	1	0	0	0	2	0	39	0	8	20	24	0	18	21	0	0	8	7	0	0	42	0	0	0	84	44	72	127
224	216	16	0	35	208	4	0	9	16	0	35	5	0	24	27	39	0	0	94	200	1	0	9	4	0	9	0	0	0	27	8	0	0	44	16	0	35	0	0	15	0	2	0	0	0	5	0	24	27	39	0	0	94	192	1	0	9	1	0	9	0	0	0	27	0	0	0	44	4	0	9	0	0	0	0	2	0	0	0	0	0	0	27	8	0	0	44	16	0	35	0	0	0	0	4	0	0	0	0	0	15	0	2	0	0	0	5	0	24	27	39	0	0	94	184	1	0	9	1	0	9	0	0	0	27	0	0	0	44	1	0	9	0	0	0	0	2	0	0	0	0	0	0	27	0	0	0	44	4	0	9	0	0	0	0	4	0	0	0	0	0	0	0	2	0	0	0	0	0	0	27	8	0	0	44	16	0	35	1	0	0	0	2	0	0	0	0	0	0	0	4	0	0	0	0	0	15	0	2	0	0	0	5	0	24	27	39	0	0	94
354	341	36	41	46	328	14	21	0	36	41	46	11	18	70	0	83	78	92	265	315	7	12	0	14	21	0	2	0	0	0	27	27	0	117	36	41	46	8	0	46	0	4	24	46	0	11	18	70	0	83	78	92	265	302	4	12	0	7	12	0	0	0	0	0	11	0	0	115	14	21	0	0	0	0	0	2	24	0	0	2	0	0	0	27	27	0	117	36	41	46	2	0	8	0	11	22	0	0	8	0	46	0	4	24	46	0	11	18	70	0	83	78	92	265	289	4	11	0	4	12	0	0	0	0	0	5	0	0	110	7	12	0	0	0	0	0	2	24	0	0	0	0	0	0	11	0	0	115	14	21	0	2	0	0	0	8	18	0	0	0	0	0	0	2	24	0	0	2	0	0	0	27	27	0	117	36	41	46	3	11	0	0	4	0	0	0	2	0	8	0	11	22	0	0	8	0	46	0	4	24	46	0	11	18	70	0	83	78	92	265
224	216	21	0	31	208	7	0	0	21	0	31	11	0	40	0	52	0	0	134	200	2	0	0	7	0	0	2	0	0	0	14	0	0	44	21	0	31	2	0	31	0	2	0	0	0	11	0	40	0	52	0	0	134	192	1	0	0	2	0	0	0	0	0	0	1	0	0	44	7	0	0	0	0	0	0	2	0	0	0	2	0	0	0	14	0	0	44	21	0	31	0	0	8	0	6	0	0	0	2	0	31	0	2	0	0	0	11	0	40	0	52	0	0	134	184	1	0	0	1	0	0	0	0	0	0	0	0	0	44	2	0	0	0	0	0	0	2	0	0	0	0	0	0	0	1	0	0	44	7	0	0	0	0	0	0	6	0	0	0	0	0	0	0	2	0	0	0	2	0	0	0	14	0	0	44	21	0	31	1	0	0	0	2	0	0	0	0	0	8	0	6	0	0	0	2	0	31	0	2	0	0	0	11	0	40	0	52	0	0	134
222	214	20	12	16	206	7	0	0	20	12	16	5	0	24	0	43	18	32	70	198	5	0	0	7	0	0	0	0	0	0	11	0	0	44	20	12	16	0	0	8	0	4	0	0	0	5	0	24	0	43	18	32	70	190	5	0	0	5	0	0	0	0	0	0	6	0	0	44	7	0	0	0	0	0	0	4	0	0	0	0	0	0	0	11	0	0	44	20	12	16	0	0	0	0	2	0	0	0	0	0	8	0	4	0	0	0	5	0	24	0	43	18	32	70	182	5	0	0	5	0	0	0	0	0	0	6	0	0	44	5	0	0	0	0	0	0	4	0	0	0	0	0	0	0	6	0	0	44	7	0	0	0	0	0	0	2	0	0	0	0	0	0	0	4	0	0	0	0	0	0	0	11	0	0	44	20	12	16	6	0	0	0	2	0	0	0	0	0	0	0	2	0	0	0	0	0	8	0	4	0	0	0	5	0	24	0	43	18	32	70
275	265	35	25	8	255	13	0	0	35	25	8	12	0	24	0	80	75	40	34	245	11	0	0	13	0	0	7	0	0	0	30	0	0	25	35	25	8	4	0	8	0	7	0	0	0	12	0	24	0	80	75	40	34	235	11	0	0	11	0	0	7	0	0	0	25	0	0	25	13	0	0	4	0	0	0	7	0	0	0	7	0	0	0	30	0	0	25	35	25	8	12	0	0	0	12	0	0	0	4	0	8	0	7	0	0	0	12	0	24	0	80	75	40	34	225	9	0	0	11	0	0	7	0	0	0	25	0	0	25	11	0	0	4	0	0	0	7	0	0	0	7	0	0	0	25	0	0	25	13	0	0	2	0	0	0	4	0	0	0	4	0	0	0	7	0	0	0	7	0	0	0	30	0	0	25	35	25	8	16	0	0	0	1	10	0	0	12	0	0	0	12	0	0	0	4	0	8	0	7	0	0	0	12	0	24	0	80	75	40	34
348	335	40	30	64	322	13	0	51	40	30	64	9	0	97	71	88	60	192	8	309	12	0	18	13	0	51	7	0	87	0	31	0	153	0	40	30	64	10	0	10	20	9	0	0	205	9	0	97	71	88	60	192	8	296	10	0	18	12	0	18	7	0	44	0	30	0	54	0	13	0	51	4	0	8	20	5	0	0	98	7	0	87	0	31	0	153	0	40	30	64	12	0	0	0	10	20	0	0	10	0	10	20	9	0	0	205	9	0	97	71	88	60	192	8	283	8	0	18	10	0	18	7	0	44	0	25	0	54	0	12	0	18	4	0	0	20	5	0	0	96	7	0	44	0	30	0	54	0	13	0	51	2	0	0	0	2	0	0	0	4	0	8	20	5	0	0	98	7	0	87	0	31	0	153	0	40	30	64	15	0	0	0	2	0	0	0	12	0	0	0	10	20	0	0	10	0	10	20	9	0	0	205	9	0	97	71	88	60	192	8
347	334	41	36	53	321	15	0	31	41	36	53	9	0	58	71	86	90	212	54	308	14	0	0	15	0	31	7	0	39	0	34	0	124	0	41	36	53	14	0	10	0	13	0	0	205	9	0	58	71	86	90	212	54	295	11	0	0	14	0	0	7	0	0	0	33	0	0	0	15	0	31	4	0	8	0	7	0	0	98	7	0	39	0	34	0	124	0	41	36	53	12	0	0	0	11	27	0	0	14	0	10	0	13	0	0	205	9	0	58	71	86	90	212	54	282	9	0	0	11	0	0	7	0	0	0	25	0	0	0	14	0	0	4	0	0	0	7	0	0	96	7	0	0	0	33	0	0	0	15	0	31	2	0	0	0	2	0	0	0	4	0	8	0	7	0	0	98	7	0	39	0	34	0	124	0	41	36	53	16	0	0	0	2	0	0	0	12	0	0	0	11	27	0	0	14	0	10	0	13	0	0	205	9	0	58	71	86	90	212	54
308	296	32	35	33	284	11	27	8	32	35	33	7	0	22	40	69	44	33	70	272	9	27	0	11	27	8	7	0	8	0	26	36	8	0	32	35	33	4	0	0	0	5	18	0	34	7	0	22	40	69	44	33	70	260	9	27	0	9	27	0	7	0	0	0	22	36	0	0	11	27	8	4	0	0	0	5	18	0	25	7	0	8	0	26	36	8	0	32	35	33	14	0	0	0	16	0	0	0	4	0	0	0	5	18	0	34	7	0	22	40	69	44	33	70	248	7	24	0	9	27	0	7	0	0	0	22	36	0	0	9	27	0	4	0	0	0	5	18	0	25	7	0	0	0	22	36	0	0	11	27	8	4	0	0	0	6	0	0	0	4	0	0	0	5	18	0	25	7	0	8	0	26	36	8	0	32	35	33	13	24	0	0	2	0	0	0	14	0	0	0	16	0	0	0	4	0	0	0	5	18	0	34	7	0	22	40	69	44	33	70
236	227	27	20	11	218	9	8	0	27	20	11	7	0	0	0	61	34	22	24	209	9	8	0	9	8	0	7	0	0	0	23	16	0	0	27	20	11	4	0	0	0	7	0	0	0	7	0	0	0	61	34	22	24	200	9	8	0	9	8	0	7	0	0	0	23	16	0	0	9	8	0	4	0	0	0	5	0	0	0	7	0	0	0	23	16	0	0	27	20	11	12	0	0	0	10	0	0	0	4	0	0	0	7	0	0	0	7	0	0	0	61	34	22	24	191	7	6	0	9	8	0	7	0	0	0	23	16	0	0	9	8	0	4	0	0	0	5	0	0	0	7	0	0	0	23	16	0	0	9	8	0	2	0	0	0	2	0	0	0	4	0	0	0	5	0	0	0	7	0	0	0	23	16	0	0	27	20	11	13	12	0	0	1	0	0	0	12	0	0	0	10	0	0	0	4	0	0	0	7	0	0	0	7	0	0	0	61	34	22	24
396	380	56	98	5	364	13	66	0	56	98	5	16	78	0	0	105	298	25	8	348	10	62	0	13	66	0	4	72	0	0	25	206	0	0	56	98	5	19	44	0	0	28	34	0	0	16	78	0	0	105	298	25	8	332	5	50	0	10	62	0	2	70	0	0	21	194	0	0	13	66	0	1	40	0	0	4	30	0	0	4	72	0	0	25	206	0	0	56	98	5	4	70	0	0	15	35	0	0	19	44	0	0	28	34	0	0	16	78	0	0	105	298	25	8	316	4	30	0	5	50	0	0	50	0	0	9	155	0	0	10	62	0	0	40	0	0	4	30	0	0	2	70	0	0	21	194	0	0	13	66	0	0	20	0	0	5	20	0	0	1	40	0	0	4	30	0	0	4	72	0	0	25	206	0	0	56	98	5	5	50	0	0	6	10	10	0	4	70	0	0	15	35	0	0	19	44	0	0	28	34	0	0	16	78	0	0	105	298	25	8
311	299	27	11	60	287	13	0	20	27	11	60	7	0	0	20	55	11	60	166	275	13	0	20	13	0	20	7	0	0	20	33	0	20	90	27	11	60	14	0	0	0	13	0	0	0	7	0	0	20	55	11	60	166	263	8	0	18	13	0	20	7	0	0	18	33	0	20	18	13	0	20	4	0	0	0	5	0	0	0	7	0	0	20	33	0	20	90	27	11	60	2	0	10	20	2	0	0	0	14	0	0	0	13	0	0	0	7	0	0	20	55	11	60	166	251	2	0	18	8	0	18	3	0	0	18	18	0	18	18	13	0	20	4	0	0	0	5	0	0	0	7	0	0	18	33	0	20	18	13	0	20	2	0	0	20	2	0	0	0	4	0	0	0	5	0	0	0	7	0	0	20	33	0	20	90	27	11	60	0	0	40	0	2	0	0	0	2	0	10	20	2	0	0	0	14	0	0	0	13	0	0	0	7	0	0	20	55	11	60	166
492	473	33	34	154	454	12	0	115	33	34	154	13	0	62	111	61	68	308	133	435	10	0	107	12	0	115	7	0	60	90	33	0	230	82	33	34	154	14	0	0	71	9	34	0	0	13	0	62	111	61	68	308	133	416	5	0	64	10	0	107	7	0	58	18	29	0	214	18	12	0	115	4	0	0	0	3	0	0	0	7	0	60	90	33	0	230	82	33	34	154	2	0	10	118	2	0	0	205	14	0	0	71	9	34	0	0	13	0	62	111	61	68	308	133	397	2	0	31	5	0	64	3	0	39	18	14	0	128	18	10	0	107	4	0	0	0	3	0	0	0	7	0	58	18	29	0	214	18	12	0	115	2	0	0	33	2	0	0	98	4	0	0	0	3	0	0	0	7	0	60	90	33	0	230	82	33	34	154	0	0	16	26	5	0	0	223	2	0	10	118	2	0	0	205	14	0	0	71	9	34	0	0	13	0	62	111	61	68	308	133
308	296	30	32	42	284	11	0	36	30	32	42	13	0	40	8	57	48	168	5	272	9	0	36	11	0	36	7	0	40	8	31	0	144	0	30	32	42	14	0	0	0	9	16	0	0	13	0	40	8	57	48	168	5	260	4	0	32	9	0	36	7	0	40	8	27	0	144	0	11	0	36	4	0	0	0	3	0	0	0	7	0	40	8	31	0	144	0	30	32	42	2	0	10	42	2	0	0	0	14	0	0	0	9	16	0	0	13	0	40	8	57	48	168	5	248	2	0	21	4	0	32	3	0	33	8	12	0	128	0	9	0	36	4	0	0	0	3	0	0	0	7	0	40	8	27	0	144	0	11	0	36	2	0	0	13	2	0	0	0	4	0	0	0	3	0	0	0	7	0	40	8	31	0	144	0	30	32	42	0	0	10	26	5	0	0	56	2	0	10	42	2	0	0	0	14	0	0	0	9	16	0	0	13	0	40	8	57	48	168	5
433	416	36	66	79	399	11	30	51	36	66	79	13	0	46	38	67	135	237	122	382	9	24	37	11	30	51	7	0	44	16	29	75	153	82	36	66	79	8	72	0	37	24	24	0	46	13	0	46	38	67	135	237	122	365	6	0	15	9	24	37	7	0	42	0	25	60	111	18	11	30	51	4	0	0	0	7	0	0	0	7	0	44	16	29	75	153	82	36	66	79	4	0	10	51	2	0	158	64	8	72	0	37	24	24	0	46	13	0	46	38	67	135	237	122	348	2	0	0	6	0	15	3	0	24	0	15	0	45	18	9	24	37	4	0	0	0	7	0	0	0	7	0	42	0	25	60	111	18	11	30	51	2	0	0	0	2	0	102	0	4	0	0	0	7	0	0	0	7	0	44	16	29	75	153	82	36	66	79	0	0	21	0	4	15	0	71	4	0	10	51	2	0	158	64	8	72	0	37	24	24	0	46	13	0	46	38	67	135	237	122
279	268	29	34	14	257	10	10	0	29	34	14	13	0	0	0	58	66	56	58	246	8	6	0	10	10	0	7	0	0	0	28	30	0	31	29	34	14	10	24	0	0	16	12	0	0	13	0	0	0	58	66	56	58	235	4	0	0	8	6	0	7	0	0	0	24	18	0	0	10	10	0	4	0	0	0	3	0	0	0	7	0	0	0	28	30	0	31	29	34	14	2	0	10	0	2	0	14	0	10	24	0	0	16	12	0	0	13	0	0	0	58	66	56	58	224	2	0	0	4	0	0	3	0	0	0	12	0	0	0	8	6	0	4	0	0	0	3	0	0	0	7	0	0	0	24	18	0	0	10	10	0	2	0	0	0	2	0	0	0	4	0	0	0	3	0	0	0	7	0	0	0	28	30	0	31	29	34	14	0	0	10	0	5	0	0	0	2	0	10	0	2	0	14	0	10	24	0	0	16	12	0	0	13	0	0	0	58	66	56	58
349	335	16	13	96	321	6	0	77	16	13	96	10	0	0	68	25	13	96	56	307	2	0	77	6	0	77	0	0	0	68	11	0	77	36	16	13	96	0	0	6	0	0	0	0	0	10	0	0	68	25	13	96	56	293	2	0	77	2	0	77	0	0	0	68	3	0	77	36	6	0	77	0	0	0	0	0	0	0	0	0	0	0	68	11	0	77	36	16	13	96	0	0	0	0	0	0	0	0	0	0	6	0	0	0	0	0	10	0	0	68	25	13	96	56	279	2	0	73	2	0	77	0	0	0	57	3	0	77	32	2	0	77	0	0	0	0	0	0	0	0	0	0	0	68	3	0	77	36	6	0	77	0	0	0	0	0	0	0	0	0	0	0	0	0	0	0	0	0	0	0	68	11	0	77	36	16	13	96	2	0	0	42	9	0	0	0	0	0	0	0	0	0	0	0	0	0	6	0	0	0	0	0	10	0	0	68	25	13	96	56
399	383	18	15	130	367	8	0	69	18	15	130	10	0	0	80	30	15	130	349	351	2	0	67	8	0	69	0	0	0	76	16	0	69	222	18	15	130	0	0	30	20	0	0	0	0	10	0	0	80	30	15	130	349	335	2	0	65	2	0	67	0	0	0	72	3	0	67	200	8	0	69	0	0	0	16	0	0	0	0	0	0	0	76	16	0	69	222	18	15	130	0	0	0	16	0	0	0	0	0	0	30	20	0	0	0	0	10	0	0	80	30	15	130	349	319	2	0	49	2	0	65	0	0	0	39	3	0	65	129	2	0	67	0	0	0	0	0	0	0	0	0	0	0	72	3	0	67	200	8	0	69	0	0	0	0	0	0	0	0	0	0	0	16	0	0	0	0	0	0	0	76	16	0	69	222	18	15	130	2	0	0	61	10	0	0	40	0	0	0	16	0	0	0	0	0	0	30	20	0	0	0	0	10	0	0	80	30	15	130	349
318	305	27	46	43	292	12	16	0	27	46	43	4	48	0	0	44	76	129	289	279	8	0	0	12	16	0	0	0	0	0	23	32	0	202	27	46	43	0	0	30	0	11	0	86	0	4	48	0	0	44	76	129	289	266	8	0	0	8	0	0	0	0	0	0	14	0	0	180	12	16	0	0	0	0	0	2	0	0	0	0	0	0	0	23	32	0	202	27	46	43	3	0	0	0	1	0	0	0	0	0	30	0	11	0	86	0	4	48	0	0	44	76	129	289	253	5	0	0	8	0	0	0	0	0	0	14	0	0	111	8	0	0	0	0	0	0	2	0	0	0	0	0	0	0	14	0	0	180	12	16	0	0	0	0	0	0	0	0	0	0	0	0	0	2	0	0	0	0	0	0	0	23	32	0	202	27	46	43	6	0	0	0	14	33	0	0	3	0	0	0	1	0	0	0	0	0	30	0	11	0	86	0	4	48	0	0	44	76	129	289
199	191	18	7	26	183	8	0	0	18	7	26	10	0	0	0	30	7	26	135	175	2	0	0	8	0	0	0	0	0	0	16	0	0	87	18	7	26	0	0	30	0	0	0	0	0	10	0	0	0	30	7	26	135	167	2	0	0	2	0	0	0	0	0	0	3	0	0	73	8	0	0	0	0	0	0	0	0	0	0	0	0	0	0	16	0	0	87	18	7	26	0	0	0	0	0	0	0	0	0	0	30	0	0	0	0	0	10	0	0	0	30	7	26	135	159	2	0	0	2	0	0	0	0	0	0	3	0	0	47	2	0	0	0	0	0	0	0	0	0	0	0	0	0	0	3	0	0	73	8	0	0	0	0	0	0	0	0	0	0	0	0	0	0	0	0	0	0	0	0	0	0	16	0	0	87	18	7	26	2	0	0	0	10	0	0	0	0	0	0	0	0	0	0	0	0	0	30	0	0	0	0	0	10	0	0	0	30	7	26	135
219	210	28	24	0	201	14	4	0	28	24	0	10	16	0	0	43	36	0	0	192	12	0	0	14	4	0	4	0	0	0	28	4	0	0	28	24	0	0	0	0	0	6	0	0	0	10	16	0	0	43	36	0	0	183	12	0	0	12	0	0	4	0	0	0	24	0	0	0	14	4	0	0	0	0	0	4	0	0	0	4	0	0	0	28	4	0	0	28	24	0	3	0	0	0	2	0	0	0	0	0	0	0	6	0	0	0	10	16	0	0	43	36	0	0	174	9	0	0	12	0	0	4	0	0	0	24	0	0	0	12	0	0	0	0	0	0	4	0	0	0	4	0	0	0	24	0	0	0	14	4	0	0	0	0	0	0	0	0	0	0	0	0	0	4	0	0	0	4	0	0	0	28	4	0	0	28	24	0	12	0	0	0	18	24	0	0	3	0	0	0	2	0	0	0	0	0	0	0	6	0	0	0	10	16	0	0	43	36	0	0
253	242	23	26	47	231	10	18	0	23	26	47	4	0	20	0	36	35	47	295	220	10	18	0	10	18	0	4	0	0	0	21	27	0	146	23	26	47	0	0	0	0	6	0	0	0	4	0	20	0	36	35	47	295	209	10	18	0	10	18	0	4	0	0	0	21	27	0	144	10	18	0	0	0	0	0	4	0	0	0	4	0	0	0	21	27	0	146	23	26	47	3	0	0	0	2	0	0	0	0	0	0	0	6	0	0	0	4	0	20	0	36	35	47	295	198	7	16	0	10	18	0	4	0	0	0	21	27	0	142	10	18	0	0	0	0	0	4	0	0	0	4	0	0	0	21	27	0	144	10	18	0	0	0	0	0	0	0	0	0	0	0	0	0	4	0	0	0	4	0	0	0	21	27	0	146	23	26	47	10	16	0	0	18	24	0	0	3	0	0	0	2	0	0	0	0	0	0	0	6	0	0	0	4	0	20	0	36	35	47	295
181	173	23	17	12	165	10	12	0	23	17	12	4	0	20	0	36	23	12	43	157	10	12	0	10	12	0	4	0	0	0	21	18	0	0	23	17	12	0	0	0	0	6	0	0	0	4	0	20	0	36	23	12	43	149	10	12	0	10	12	0	4	0	0	0	21	18	0	0	10	12	0	0	0	0	0	4	0	0	0	4	0	0	0	21	18	0	0	23	17	12	3	0	0	0	2	0	0	0	0	0	0	0	6	0	0	0	4	0	20	0	36	23	12	43	141	7	10	0	10	12	0	4	0	0	0	21	18	0	0	10	12	0	0	0	0	0	4	0	0	0	4	0	0	0	21	18	0	0	10	12	0	0	0	0	0	0	0	0	0	0	0	0	0	4	0	0	0	4	0	0	0	21	18	0	0	23	17	12	10	10	0	0	18	15	0	0	3	0	0	0	2	0	0	0	0	0	0	0	6	0	0	0	4	0	20	0	36	23	12	43
209	200	34	20	12	191	18	8	0	34	20	12	9	0	20	0	63	28	24	43	182	18	8	0	18	8	0	9	0	0	0	43	16	0	0	34	20	12	4	0	0	0	12	0	0	0	9	0	20	0	63	28	24	43	173	17	8	0	18	8	0	9	0	0	0	43	16	0	0	18	8	0	3	0	0	0	8	0	0	0	9	0	0	0	43	16	0	0	34	20	12	6	0	0	0	5	6	0	0	4	0	0	0	12	0	0	0	9	0	20	0	63	28	24	43	164	13	6	0	17	8	0	8	0	0	0	39	16	0	0	18	8	0	3	0	0	0	8	0	0	0	9	0	0	0	43	16	0	0	18	8	0	2	0	0	0	3	0	0	0	3	0	0	0	8	0	0	0	9	0	0	0	43	16	0	0	34	20	12	15	12	0	0	23	24	0	0	6	0	0	0	5	6	0	0	4	0	0	0	12	0	0	0	9	0	20	0	63	28	24	43
263	251	42	51	4	239	19	32	0	42	51	4	11	32	4	0	78	110	12	0	227	17	32	0	19	32	0	5	32	0	0	41	80	0	0	42	51	4	4	0	0	0	16	16	0	0	11	32	4	0	78	110	12	0	215	16	32	0	17	32	0	5	32	0	0	38	80	0	0	19	32	0	3	0	0	0	8	16	0	0	5	32	0	0	41	80	0	0	42	51	4	8	0	0	0	5	5	0	0	4	0	0	0	16	16	0	0	11	32	4	0	78	110	12	0	203	11	26	0	16	32	0	4	32	0	0	34	80	0	0	17	32	0	3	0	0	0	8	16	0	0	5	32	0	0	38	80	0	0	19	32	0	2	0	0	0	3	0	0	0	3	0	0	0	8	16	0	0	5	32	0	0	41	80	0	0	42	51	4	11	30	0	0	19	25	0	0	8	0	0	0	5	5	0	0	4	0	0	0	16	16	0	0	11	32	4	0	78	110	12	0
177	169	36	21	0	161	17	12	0	36	21	0	14	6	0	0	71	60	0	0	153	15	12	0	17	12	0	8	6	0	0	38	42	0	0	36	21	0	4	0	0	0	23	12	0	0	14	6	0	0	71	60	0	0	145	14	12	0	15	12	0	8	6	0	0	35	42	0	0	17	12	0	3	0	0	0	8	12	0	0	8	6	0	0	38	42	0	0	36	21	0	8	0	0	0	5	2	0	0	4	0	0	0	23	12	0	0	14	6	0	0	71	60	0	0	137	9	8	0	14	12	0	7	6	0	0	31	42	0	0	15	12	0	3	0	0	0	8	12	0	0	8	6	0	0	35	42	0	0	17	12	0	2	0	0	0	3	0	0	0	3	0	0	0	8	12	0	0	8	6	0	0	38	42	0	0	36	21	0	9	8	0	0	10	10	0	0	8	0	0	0	5	2	0	0	4	0	0	0	23	12	0	0	14	6	0	0	71	60	0	0
273	261	43	27	48	249	26	0	43	43	27	48	33	0	20	24	95	63	144	0	237	17	0	28	26	0	43	10	0	20	0	62	0	129	0	43	27	48	15	0	10	60	27	63	0	43	33	0	20	24	95	63	144	0	225	13	0	5	17	0	28	7	0	20	0	45	0	84	0	26	0	43	4	0	10	0	10	0	0	0	10	0	20	0	62	0	129	0	43	27	48	17	0	10	25	17	0	0	93	15	0	10	60	27	63	0	43	33	0	20	24	95	63	144	0	213	6	0	0	13	0	5	4	0	10	0	35	0	15	0	17	0	28	3	0	10	0	10	0	0	0	7	0	20	0	45	0	84	0	26	0	43	7	0	10	0	17	0	0	51	4	0	10	0	10	0	0	0	10	0	20	0	62	0	129	0	43	27	48	4	0	2	0	7	0	0	5	17	0	10	25	17	0	0	93	15	0	10	60	27	63	0	43	33	0	20	24	95	63	144	0
283	270	54	61	10	257	27	33	10	54	61	10	33	58	20	0	113	139	40	0	244	17	19	10	27	33	10	8	28	20	0	63	76	40	0	54	61	10	18	49	10	0	27	59	10	0	33	58	20	0	113	139	40	0	231	11	5	5	17	19	10	7	10	20	0	45	47	40	0	27	33	10	3	5	10	0	6	20	10	0	8	28	20	0	63	76	40	0	54	61	10	17	20	10	25	16	40	20	0	18	49	10	0	27	59	10	0	33	58	20	0	113	139	40	0	218	5	0	0	11	5	5	3	0	10	0	26	15	20	0	17	19	10	3	0	10	0	6	18	10	0	7	10	20	0	45	47	40	0	27	33	10	7	0	10	0	13	36	20	0	3	5	10	0	6	20	10	0	8	28	20	0	63	76	40	0	54	61	10	4	0	0	0	9	10	10	5	17	20	10	25	16	40	20	0	18	49	10	0	27	59	10	0	33	58	20	0	113	139	40	0
224	214	41	23	22	204	25	9	15	41	23	22	31	0	0	0	87	55	44	4	194	18	9	12	25	9	15	13	0	0	0	56	27	30	0	41	23	22	13	0	0	36	28	46	0	0	31	0	0	0	87	55	44	4	184	15	7	0	18	9	12	11	0	0	0	45	27	24	0	25	9	15	4	0	0	0	10	18	0	0	13	0	0	0	56	27	30	0	41	23	22	12	14	0	0	12	0	0	79	13	0	0	36	28	46	0	0	31	0	0	0	87	55	44	4	174	7	0	0	15	7	0	8	0	0	0	37	21	0	0	18	9	12	3	0	0	0	10	18	0	0	11	0	0	0	45	27	24	0	25	9	15	4	0	0	0	12	0	0	51	4	0	0	0	10	18	0	0	13	0	0	0	56	27	30	0	41	23	22	1	0	12	0	3	0	22	0	12	14	0	0	12	0	0	79	13	0	0	36	28	46	0	0	31	0	0	0	87	55	44	4
332	317	42	47	45	302	26	36	12	42	47	45	23	0	0	40	88	72	45	75	287	21	36	0	26	36	12	13	0	0	0	59	72	12	0	42	47	45	13	0	0	0	30	46	0	43	23	0	0	40	88	72	45	75	272	18	33	0	21	36	0	11	0	0	0	50	72	0	0	26	36	12	4	0	0	0	10	24	0	0	13	0	0	0	59	72	12	0	42	47	45	11	33	0	0	11	0	0	0	13	0	0	0	30	46	0	43	23	0	0	40	88	72	45	75	257	7	0	0	18	33	0	8	0	0	0	42	66	0	0	21	36	0	3	0	0	0	10	24	0	0	11	0	0	0	50	72	0	0	26	36	12	4	0	0	0	11	0	0	0	4	0	0	0	10	24	0	0	13	0	0	0	59	72	12	0	42	47	45	1	0	44	0	3	0	135	0	11	33	0	0	11	0	0	0	13	0	0	0	30	46	0	43	23	0	0	40	88	72	45	75
274	261	50	56	13	248	26	45	0	50	56	13	22	37	0	0	107	132	13	16	235	21	41	0	26	45	0	12	34	0	0	57	122	0	0	50	56	13	21	33	0	0	34	32	0	0	22	37	0	0	107	132	13	16	222	16	31	0	21	41	0	10	31	0	0	48	111	0	0	26	45	0	1	24	0	0	10	16	0	0	12	34	0	0	57	122	0	0	50	56	13	15	23	0	0	9	24	13	0	21	33	0	0	34	32	0	0	22	37	0	0	107	132	13	16	209	6	23	0	16	31	0	5	23	0	0	36	77	0	0	21	41	0	0	23	0	0	10	16	0	0	10	31	0	0	48	111	0	0	26	45	0	2	16	0	0	8	24	0	0	1	24	0	0	10	16	0	0	12	34	0	0	57	122	0	0	50	56	13	0	7	18	0	2	8	13	0	15	23	0	0	9	24	13	0	21	33	0	0	34	32	0	0	22	37	0	0	107	132	13	16
299	285	40	35	60	271	23	35	21	40	35	60	28	0	5	0	87	57	0	138	257	15	13	21	23	35	21	9	0	0	0	56	57	0	80	40	35	60	16	0	17	0	12	0	120	0	28	0	5	0	87	57	0	138	243	5	11	21	15	13	21	6	0	0	0	41	13	0	50	23	35	21	3	0	0	0	8	0	42	0	9	0	0	0	56	57	0	80	40	35	60	9	22	52	0	14	44	0	0	16	0	17	0	12	0	120	0	28	0	5	0	87	57	0	138	229	3	11	19	5	11	21	2	0	0	0	13	11	0	10	15	13	21	2	0	0	0	8	0	42	0	6	0	0	0	41	13	0	50	23	35	21	5	22	0	0	13	44	0	0	3	0	0	0	8	0	42	0	9	0	0	0	56	57	0	80	40	35	60	3	0	7	19	6	11	0	0	9	22	52	0	14	44	0	0	16	0	17	0	12	0	120	0	28	0	5	0	87	57	0	138
174	166	24	12	14	158	12	0	9	24	12	14	21	0	5	0	43	12	28	10	150	3	0	9	12	0	9	2	0	0	0	24	0	18	10	24	12	14	1	0	10	0	2	0	0	0	21	0	5	0	43	12	28	10	142	2	0	9	3	0	9	0	0	0	0	9	0	18	10	12	0	9	0	0	0	0	2	0	0	0	2	0	0	0	24	0	18	10	24	12	14	5	0	5	0	16	0	0	0	1	0	10	0	2	0	0	0	21	0	5	0	43	12	28	10	134	2	0	8	2	0	9	0	0	0	0	6	0	18	5	3	0	9	0	0	0	0	2	0	0	0	0	0	0	0	9	0	18	10	12	0	9	5	0	0	0	14	0	0	0	0	0	0	0	2	0	0	0	2	0	0	0	24	0	18	10	24	12	14	3	0	0	8	9	0	0	0	5	0	5	0	16	0	0	0	1	0	10	0	2	0	0	0	21	0	5	0	43	12	28	10
196	187	22	14	29	178	10	0	27	22	14	29	18	0	12	20	40	14	58	0	169	2	0	27	10	0	27	0	0	10	20	19	0	54	0	22	14	29	0	0	12	0	0	0	0	0	18	0	12	20	40	14	58	0	160	2	0	27	2	0	27	0	0	10	20	6	0	54	0	10	0	27	0	0	10	0	0	0	0	0	0	0	10	20	19	0	54	0	22	14	29	5	0	0	0	12	0	0	0	0	0	12	0	0	0	0	0	18	0	12	20	40	14	58	0	151	2	0	19	2	0	27	0	0	10	10	6	0	54	0	2	0	27	0	0	10	0	0	0	0	0	0	0	10	20	6	0	54	0	10	0	27	5	0	0	0	10	0	0	0	0	0	10	0	0	0	0	0	0	0	10	20	19	0	54	0	22	14	29	3	0	0	45	8	0	0	0	5	0	0	0	12	0	0	0	0	0	12	0	0	0	0	0	18	0	12	20	40	14	58	0
300	286	35	56	33	272	15	16	10	35	56	33	15	64	17	20	69	96	132	80	258	7	0	10	15	16	10	3	0	10	20	39	16	40	68	35	56	33	1	0	22	0	6	0	66	0	15	64	17	20	69	96	132	80	244	4	0	10	7	0	10	1	0	10	20	24	0	40	50	15	16	10	0	0	10	0	4	0	20	0	3	0	10	20	39	16	40	68	35	56	33	5	0	12	0	22	12	0	0	1	0	22	0	6	0	66	0	15	64	17	20	69	96	132	80	230	4	0	5	4	0	10	1	0	10	10	13	0	40	10	7	0	10	0	0	10	0	4	0	20	0	1	0	10	20	24	0	40	50	15	16	10	5	0	0	0	13	8	0	0	0	0	10	0	4	0	20	0	3	0	10	20	39	16	40	68	35	56	33	6	0	0	25	16	0	0	0	5	0	12	0	22	12	0	0	1	0	22	0	6	0	66	0	15	64	17	20	69	96	132	80
272	259	43	57	14	246	19	30	0	43	57	14	19	54	5	0	95	135	42	58	233	13	12	0	19	30	0	9	0	0	0	50	90	0	53	43	57	14	14	0	10	0	6	0	42	0	19	54	5	0	95	135	42	58	220	7	9	0	13	12	0	7	0	0	0	40	60	0	38	19	30	0	0	0	0	0	2	0	0	0	9	0	0	0	50	90	0	53	43	57	14	9	27	5	0	14	45	0	0	14	0	10	0	6	0	42	0	19	54	5	0	95	135	42	58	207	3	6	0	7	9	0	1	0	0	0	19	45	0	10	13	12	0	0	0	0	0	2	0	0	0	7	0	0	0	40	60	0	38	19	30	0	2	18	0	0	9	30	0	0	0	0	0	0	2	0	0	0	9	0	0	0	50	90	0	53	43	57	14	3	18	0	0	8	36	0	0	9	27	5	0	14	45	0	0	14	0	10	0	6	0	42	0	19	54	5	0	95	135	42	58
185	176	29	20	22	167	11	0	12	29	20	22	7	0	30	24	62	35	88	33	158	11	0	10	11	0	12	7	0	12	20	36	0	48	10	29	20	22	13	0	0	20	6	0	0	0	7	0	30	24	62	35	88	33	149	6	0	10	11	0	10	7	0	10	20	36	0	40	10	11	0	12	0	0	0	20	0	0	0	0	7	0	12	20	36	0	48	10	29	20	22	7	0	0	0	8	25	0	0	13	0	0	20	6	0	0	0	7	0	30	24	62	35	88	33	140	2	0	10	6	0	10	1	0	10	20	18	0	40	10	11	0	10	0	0	0	20	0	0	0	0	7	0	10	20	36	0	40	10	11	0	12	0	0	0	0	0	0	0	0	0	0	0	20	0	0	0	0	7	0	12	20	36	0	48	10	29	20	22	3	0	0	0	9	20	0	0	7	0	0	0	8	25	0	0	13	0	0	20	6	0	0	0	7	0	30	24	62	35	88	33
229	218	27	18	36	207	9	0	5	27	18	36	6	0	52	20	60	9	72	90	196	8	0	0	9	0	5	4	0	10	0	35	0	10	46	27	18	36	1	0	9	0	2	0	0	10	6	0	52	20	60	9	72	90	185	6	0	0	8	0	0	4	0	0	0	32	0	0	46	9	0	5	0	0	5	0	2	0	0	10	4	0	10	0	35	0	10	46	27	18	36	6	0	0	0	19	18	0	0	1	0	9	0	2	0	0	10	6	0	52	20	60	9	72	90	174	2	0	0	6	0	0	1	0	0	0	22	0	0	46	8	0	0	0	0	0	0	0	0	0	10	4	0	0	0	32	0	0	46	9	0	5	0	0	0	0	0	0	0	0	0	0	5	0	2	0	0	10	4	0	10	0	35	0	10	46	27	18	36	3	0	6	0	15	27	0	0	6	0	0	0	19	18	0	0	1	0	9	0	2	0	0	10	6	0	52	20	60	9	72	90
147	140	16	0	27	133	3	0	0	16	0	27	1	0	34	0	26	0	0	90	126	3	0	0	3	0	0	1	0	0	0	12	0	0	46	16	0	27	0	0	0	0	0	0	0	0	1	0	34	0	26	0	0	90	119	3	0	0	3	0	0	1	0	0	0	12	0	0	46	3	0	0	0	0	0	0	0	0	0	0	1	0	0	0	12	0	0	46	16	0	27	3	0	0	0	12	0	0	0	0	0	0	0	0	0	0	0	1	0	34	0	26	0	0	90	112	2	0	0	3	0	0	1	0	0	0	12	0	0	46	3	0	0	0	0	0	0	0	0	0	0	1	0	0	0	12	0	0	46	3	0	0	0	0	0	0	0	0	0	0	0	0	0	0	0	0	0	0	1	0	0	0	12	0	0	46	16	0	27	3	0	6	0	13	0	0	0	3	0	0	0	12	0	0	0	0	0	0	0	0	0	0	0	1	0	34	0	26	0	0	90
217	206	33	37	14	195	9	18	0	33	37	14	4	9	34	0	69	84	42	47	184	9	18	0	9	18	0	4	9	0	0	30	63	0	10	33	37	14	1	0	0	0	2	0	0	0	4	9	34	0	69	84	42	47	173	7	18	0	9	18	0	4	9	0	0	30	63	0	10	9	18	0	0	0	0	0	0	0	0	0	4	9	0	0	30	63	0	10	33	37	14	6	0	0	0	16	12	0	0	1	0	0	0	2	0	0	0	4	9	34	0	69	84	42	47	162	3	15	0	7	18	0	1	9	0	0	20	63	0	10	9	18	0	0	0	0	0	0	0	0	0	4	9	0	0	30	63	0	10	9	18	0	0	0	0	0	0	0	0	0	0	0	0	0	0	0	0	0	4	9	0	0	30	63	0	10	33	37	14	0	18	6	0	15	18	0	0	6	0	0	0	16	12	0	0	1	0	0	0	2	0	0	0	4	9	34	0	69	84	42	47
144	137	19	12	0	130	7	0	0	19	12	0	4	0	0	0	43	12	0	0	123	7	0	0	7	0	0	4	0	0	0	27	0	0	0	19	12	0	1	0	0	0	2	0	0	0	4	0	0	0	43	12	0	0	116	5	0	0	7	0	0	4	0	0	0	27	0	0	0	7	0	0	0	0	0	0	0	0	0	0	4	0	0	0	27	0	0	0	19	12	0	3	0	0	0	9	8	0	0	1	0	0	0	2	0	0	0	4	0	0	0	43	12	0	0	109	2	0	0	5	0	0	1	0	0	0	17	0	0	0	7	0	0	0	0	0	0	0	0	0	0	4	0	0	0	27	0	0	0	7	0	0	0	0	0	0	0	0	0	0	0	0	0	0	0	0	0	0	4	0	0	0	27	0	0	0	19	12	0	3	0	0	0	10	12	0	0	3	0	0	0	9	8	0	0	1	0	0	0	2	0	0	0	4	0	0	0	43	12	0	0
218	207	30	18	42	196	16	0	22	30	18	42	15	0	0	46	77	36	84	36	185	14	0	12	16	0	22	9	0	0	12	47	0	44	12	30	18	42	18	0	0	24	8	18	0	33	15	0	0	46	77	36	84	36	174	8	0	10	14	0	12	9	0	0	10	44	0	24	10	16	0	22	0	0	0	20	0	0	0	10	9	0	0	12	47	0	44	12	30	18	42	17	0	0	20	2	0	0	0	18	0	0	24	8	18	0	33	15	0	0	46	77	36	84	36	163	1	0	10	8	0	10	1	0	0	10	24	0	20	10	14	0	12	0	0	0	20	0	0	0	10	9	0	0	10	44	0	24	10	16	0	22	0	0	0	20	0	0	0	0	0	0	0	20	0	0	0	10	9	0	0	12	47	0	44	12	30	18	42	0	0	6	0	0	0	0	0	17	0	0	20	2	0	0	0	18	0	0	24	8	18	0	33	15	0	0	46	77	36	84	36
323	306	52	91	43	289	23	52	34	52	91	43	26	39	18	27	127	210	172	22	272	18	40	12	23	52	34	11	39	17	5	68	117	136	12	52	91	43	12	108	8	27	10	36	0	74	26	39	18	27	127	210	172	22	255	10	9	0	18	40	12	7	27	12	0	56	85	48	10	23	52	34	0	0	8	0	0	0	0	21	11	39	17	5	68	117	136	12	52	91	43	13	36	36	0	1	9	129	23	12	108	8	27	10	36	0	74	26	39	18	27	127	210	172	22	238	5	0	0	10	9	0	2	0	0	0	34	9	0	10	18	40	12	0	0	7	0	0	0	0	21	7	27	12	0	56	85	48	10	23	52	34	0	0	33	0	0	0	102	10	0	0	8	0	0	0	0	21	11	39	17	5	68	117	136	12	52	91	43	0	0	0	0	1	0	43	0	13	36	36	0	1	9	129	23	12	108	8	27	10	36	0	74	26	39	18	27	127	210	172	22
257	244	33	12	66	231	15	12	34	33	12	66	9	0	10	59	90	60	0	72	218	15	12	5	15	12	34	9	0	9	5	45	60	0	17	33	12	66	18	0	0	20	12	0	0	107	9	0	10	59	90	60	0	72	205	8	0	0	15	12	5	9	0	5	0	45	60	0	10	15	12	34	0	0	0	0	0	0	0	31	9	0	9	5	45	60	0	17	33	12	66	17	0	20	0	2	0	66	10	18	0	0	20	12	0	0	107	9	0	10	59	90	60	0	72	192	1	0	0	8	0	0	1	0	0	0	24	0	0	10	15	12	5	0	0	0	0	0	0	0	31	9	0	5	0	45	60	0	10	15	12	34	0	0	17	0	0	0	34	10	0	0	0	0	0	0	0	31	9	0	9	5	45	60	0	17	33	12	66	0	0	6	0	0	0	0	0	17	0	20	0	2	0	66	10	18	0	0	20	12	0	0	107	9	0	10	59	90	60	0	72
264	250	48	52	33	236	21	40	6	48	52	33	16	30	0	18	134	169	33	72	222	21	39	0	21	40	6	16	30	0	0	66	150	6	17	48	52	33	18	9	0	0	10	0	0	14	16	30	0	18	134	169	33	72	208	15	27	0	21	39	0	16	27	0	0	66	145	0	10	21	40	6	1	0	0	0	0	0	0	0	16	30	0	0	66	150	6	17	48	52	33	14	27	9	0	2	0	33	0	18	9	0	0	10	0	0	14	16	30	0	18	134	169	33	72	194	11	0	0	15	27	0	11	0	0	0	46	90	0	10	21	39	0	1	0	0	0	0	0	0	0	16	27	0	0	66	145	0	10	21	40	6	0	0	6	0	0	0	6	0	1	0	0	0	0	0	0	0	16	30	0	0	66	150	6	17	48	52	33	0	0	6	0	2	0	99	0	14	27	9	0	2	0	33	0	18	9	0	0	10	0	0	14	16	30	0	18	134	169	33	72
224	212	52	49	0	200	25	27	0	52	49	0	32	18	0	0	127	126	0	0	188	21	22	0	25	27	0	18	18	0	0	75	72	0	0	52	49	0	18	20	0	0	6	16	0	0	32	18	0	0	127	126	0	0	176	15	8	0	21	22	0	16	8	0	0	67	62	0	0	25	27	0	1	0	0	0	0	0	0	0	18	18	0	0	75	72	0	0	52	49	0	7	40	0	0	1	4	0	0	18	20	0	0	6	16	0	0	32	18	0	0	127	126	0	0	164	11	0	0	15	8	0	10	0	0	0	48	24	0	0	21	22	0	1	0	0	0	0	0	0	0	16	8	0	0	67	62	0	0	25	27	0	0	0	0	0	0	0	0	0	1	0	0	0	0	0	0	0	18	18	0	0	75	72	0	0	52	49	0	0	0	0	0	2	0	0	0	7	40	0	0	1	4	0	0	18	20	0	0	6	16	0	0	32	18	0	0	127	126	0	0
227	215	29	11	58	203	17	0	27	29	11	58	24	0	0	0	64	11	58	118	191	8	0	27	17	0	27	10	0	0	0	44	0	27	62	29	11	58	4	0	40	0	0	0	0	0	24	0	0	0	64	11	58	118	179	1	0	26	8	0	27	0	0	0	0	21	0	27	24	17	0	27	0	0	0	0	0	0	0	0	10	0	0	0	44	0	27	62	29	11	58	0	0	44	11	0	0	0	0	4	0	40	0	0	0	0	0	24	0	0	0	64	11	58	118	167	1	0	13	1	0	26	0	0	0	0	3	0	26	10	8	0	27	0	0	0	0	0	0	0	0	0	0	0	0	21	0	27	24	17	0	27	0	0	0	0	0	0	0	0	0	0	0	0	0	0	0	0	10	0	0	0	44	0	27	62	29	11	58	0	0	0	13	0	0	0	45	0	0	44	11	0	0	0	0	4	0	40	0	0	0	0	0	24	0	0	0	64	11	58	118
226	214	24	20	47	202	10	0	43	24	20	47	18	0	16	0	47	20	94	0	190	5	0	43	10	0	43	4	0	16	0	20	0	86	0	24	20	47	4	0	4	0	0	0	0	0	18	0	16	0	47	20	94	0	178	2	0	42	5	0	43	0	0	16	0	10	0	86	0	10	0	43	0	0	0	0	0	0	0	0	4	0	16	0	20	0	86	0	24	20	47	0	0	8	11	0	0	0	0	4	0	4	0	0	0	0	0	18	0	16	0	47	20	94	0	166	2	0	24	2	0	42	0	0	16	0	3	0	84	0	5	0	43	0	0	0	0	0	0	0	0	0	0	16	0	10	0	86	0	10	0	43	0	0	0	0	0	0	0	0	0	0	0	0	0	0	0	0	4	0	16	0	20	0	86	0	24	20	47	0	0	0	40	0	0	0	45	0	0	8	11	0	0	0	0	4	0	4	0	0	0	0	0	18	0	16	0	47	20	94	0
335	317	38	71	78	299	16	26	53	38	71	78	17	78	31	28	77	126	234	85	281	8	0	52	16	26	53	7	0	30	26	32	39	159	56	38	71	78	4	0	49	9	0	0	156	0	17	78	31	28	77	126	234	85	263	4	0	44	8	0	52	0	0	30	17	14	0	156	24	16	26	53	0	0	16	5	0	0	106	0	7	0	30	26	32	39	159	56	38	71	78	0	0	17	52	0	0	0	0	4	0	49	9	0	0	156	0	17	78	31	28	77	126	234	85	245	4	0	7	4	0	44	0	0	29	0	6	0	132	10	8	0	52	0	0	16	0	0	0	104	0	0	0	30	17	14	0	156	24	16	26	53	0	0	0	0	0	0	0	0	0	0	16	5	0	0	106	0	7	0	30	26	32	39	159	56	38	71	78	0	0	0	23	0	0	0	90	0	0	17	52	0	0	0	0	4	0	49	9	0	0	156	0	17	78	31	28	77	126	234	85
243	229	48	69	13	215	24	35	0	48	69	13	22	68	0	0	101	143	52	43	201	18	19	0	24	35	0	16	12	0	0	55	79	0	34	48	69	13	2	24	31	0	6	0	26	0	22	68	0	0	101	143	52	43	187	15	13	0	18	19	0	11	0	0	0	42	45	0	12	24	35	0	2	0	0	0	2	0	0	0	16	12	0	0	55	79	0	34	48	69	13	0	0	17	0	3	0	13	0	2	24	31	0	6	0	26	0	22	68	0	0	101	143	52	43	173	15	13	0	15	13	0	11	0	0	0	35	39	0	0	18	19	0	2	0	0	0	2	0	0	0	11	0	0	0	42	45	0	12	24	35	0	0	0	0	0	3	0	0	0	2	0	0	0	2	0	0	0	16	12	0	0	55	79	0	34	48	69	13	0	0	0	0	3	0	0	0	0	0	17	0	3	0	13	0	2	24	31	0	6	0	26	0	22	68	0	0	101	143	52	43
150	142	26	12	13	134	14	0	0	26	12	13	21	0	0	0	51	12	26	43	126	6	0	0	14	0	0	7	0	0	0	29	0	0	34	26	12	13	4	0	31	0	0	0	0	0	21	0	0	0	51	12	26	43	118	2	0	0	6	0	0	0	0	0	0	11	0	0	12	14	0	0	0	0	0	0	0	0	0	0	7	0	0	0	29	0	0	34	26	12	13	0	0	17	0	0	0	0	0	4	0	31	0	0	0	0	0	21	0	0	0	51	12	26	43	110	2	0	0	2	0	0	0	0	0	0	3	0	0	0	6	0	0	0	0	0	0	0	0	0	0	0	0	0	0	11	0	0	12	14	0	0	0	0	0	0	0	0	0	0	0	0	0	0	0	0	0	0	7	0	0	0	29	0	0	34	26	12	13	0	0	0	0	0	0	0	0	0	0	17	0	0	0	0	0	4	0	31	0	0	0	0	0	21	0	0	0	51	12	26	43
197	186	35	10	56	175	17	0	8	35	10	56	14	0	38	16	75	30	56	209	164	16	0	8	17	0	8	12	0	0	16	30	0	8	123	35	10	56	2	0	6	0	6	0	0	0	14	0	38	16	75	30	56	209	153	16	0	8	16	0	8	12	0	0	16	29	0	8	122	17	0	8	2	0	0	0	6	0	0	0	12	0	0	16	30	0	8	123	35	10	56	0	0	0	0	3	0	0	0	2	0	6	0	6	0	0	0	14	0	38	16	75	30	56	209	142	16	0	8	16	0	8	12	0	0	16	29	0	8	112	16	0	8	2	0	0	0	6	0	0	0	12	0	0	16	29	0	8	122	17	0	8	0	0	0	0	3	0	0	0	2	0	0	0	6	0	0	0	12	0	0	16	30	0	8	123	35	10	56	0	0	0	0	2	0	0	0	0	0	0	0	3	0	0	0	2	0	6	0	6	0	0	0	14	0	38	16	75	30	56	209
236	222	44	49	46	208	20	13	23	44	49	46	16	0	58	31	98	90	184	91	194	19	13	22	20	13	23	14	0	18	30	43	0	92	53	44	49	46	2	0	6	8	8	0	0	0	16	0	58	31	98	90	184	91	180	19	13	22	19	13	22	14	0	16	30	42	0	88	52	20	13	23	2	0	0	8	8	0	0	0	14	0	18	30	43	0	92	53	44	49	46	0	0	0	0	6	0	0	0	2	0	6	8	8	0	0	0	16	0	58	31	98	90	184	91	166	19	13	21	19	13	22	14	0	16	29	42	0	88	44	19	13	22	2	0	0	7	8	0	0	0	14	0	16	30	42	0	88	52	20	13	23	0	0	0	0	6	0	0	0	2	0	0	8	8	0	0	0	14	0	18	30	43	0	92	53	44	49	46	0	0	0	7	3	0	0	0	0	0	0	0	6	0	0	0	2	0	6	8	8	0	0	0	16	0	58	31	98	90	184	91
149	140	25	15	35	131	12	8	0	25	15	35	11	0	38	0	54	21	35	151	122	11	8	0	12	8	0	9	0	0	0	24	0	0	96	25	15	35	2	0	6	0	2	0	0	0	11	0	38	0	54	21	35	151	113	11	8	0	11	8	0	9	0	0	0	23	0	0	95	12	8	0	2	0	0	0	2	0	0	0	9	0	0	0	24	0	0	96	25	15	35	0	0	0	0	3	0	0	0	2	0	6	0	2	0	0	0	11	0	38	0	54	21	35	151	104	11	8	0	11	8	0	9	0	0	0	23	0	0	86	11	8	0	2	0	0	0	2	0	0	0	9	0	0	0	23	0	0	95	12	8	0	0	0	0	0	3	0	0	0	2	0	0	0	2	0	0	0	9	0	0	0	24	0	0	96	25	15	35	0	0	0	0	2	0	0	0	0	0	0	0	3	0	0	0	2	0	6	0	2	0	0	0	11	0	38	0	54	21	35	151
125	116	33	23	6	107	14	18	0	33	23	6	14	0	12	0	69	33	6	13	98	13	18	0	14	18	0	12	0	0	0	27	18	0	0	33	23	6	2	0	6	0	6	0	0	0	14	0	12	0	69	33	6	13	89	13	18	0	13	18	0	12	0	0	0	26	18	0	0	14	18	0	2	0	0	0	6	0	0	0	12	0	0	0	27	18	0	0	33	23	6	0	0	0	0	3	0	0	0	2	0	6	0	6	0	0	0	14	0	12	0	69	33	6	13	80	13	18	0	13	18	0	12	0	0	0	26	18	0	0	13	18	0	2	0	0	0	6	0	0	0	12	0	0	0	26	18	0	0	14	18	0	0	0	0	0	3	0	0	0	2	0	0	0	6	0	0	0	12	0	0	0	27	18	0	0	33	23	6	0	0	0	0	2	0	0	0	0	0	0	0	3	0	0	0	2	0	6	0	6	0	0	0	14	0	12	0	69	33	6	13
162	150	45	50	0	138	18	32	0	45	50	0	23	24	0	0	99	93	0	0	126	14	32	0	18	32	0	11	24	0	0	42	48	0	0	45	50	0	2	0	0	0	4	32	0	0	23	24	0	0	99	93	0	0	114	14	32	0	14	32	0	11	24	0	0	33	48	0	0	18	32	0	2	0	0	0	4	32	0	0	11	24	0	0	42	48	0	0	45	50	0	0	0	0	0	6	0	0	0	2	0	0	0	4	32	0	0	23	24	0	0	99	93	0	0	102	14	32	0	14	32	0	11	24	0	0	33	48	0	0	14	32	0	2	0	0	0	4	32	0	0	11	24	0	0	33	48	0	0	18	32	0	0	0	0	0	6	0	0	0	2	0	0	0	4	32	0	0	11	24	0	0	42	48	0	0	41	50	0	0	0	0	0	3	0	0	0	0	0	0	0	6	0	0	0	2	0	0	0	4	32	0	0	23	24	0	0	90	93	0	0
186	175	34	10	65	164	18	0	49	34	10	65	16	0	13	49	84	10	65	46	153	18	0	31	18	0	49	16	0	13	9	48	0	49	23	34	10	65	2	0	0	45	8	0	0	78	16	0	13	49	84	10	65	46	142	18	0	19	18	0	31	16	0	9	8	48	0	31	22	18	0	49	2	0	0	8	8	0	0	53	16	0	13	9	48	0	49	23	34	10	65	0	0	0	30	6	0	0	43	2	0	0	45	8	0	0	78	16	0	13	49	84	10	65	46	131	18	0	19	18	0	19	16	0	0	8	48	0	19	22	18	0	31	2	0	0	8	8	0	0	52	16	0	9	8	48	0	31	22	18	0	49	0	0	0	30	6	0	0	34	2	0	0	8	8	0	0	53	16	0	13	9	48	0	49	23	34	10	65	0	0	0	0	4	0	0	0	0	0	0	30	6	0	0	43	2	0	0	45	8	0	0	78	16	0	13	49	84	10	65	46
226	212	48	35	71	198	25	13	51	48	35	71	23	0	41	73	122	72	142	46	184	25	13	22	25	13	51	23	0	37	9	72	39	102	23	48	35	71	2	0	0	65	13	0	0	91	23	0	41	73	122	72	142	46	170	25	13	8	25	13	22	23	0	17	8	72	39	44	22	25	13	51	2	0	0	8	9	0	0	53	23	0	37	9	72	39	102	23	47	35	71	3	0	0	8	10	0	0	43	2	0	0	65	13	0	0	91	23	0	41	73	119	72	142	46	156	25	13	8	25	13	8	23	0	0	8	72	39	16	22	25	13	22	2	0	0	8	9	0	0	52	23	0	17	8	72	39	44	22	24	13	51	3	0	0	8	10	0	0	34	2	0	0	8	9	0	0	53	23	0	37	9	69	39	102	23	46	35	71	5	0	0	0	8	0	0	0	3	0	0	8	10	0	0	43	2	0	0	65	13	0	0	91	22	0	41	73	115	72	142	46
233	219	64	45	50	205	35	0	47	64	45	50	33	0	43	0	176	135	250	0	191	35	0	42	35	0	47	33	0	43	0	110	0	235	0	64	45	50	4	0	0	45	10	0	0	0	33	0	43	0	176	135	250	0	177	35	0	9	35	0	42	33	0	36	0	110	0	210	0	35	0	47	4	0	0	0	10	0	0	0	33	0	43	0	110	0	235	0	63	45	50	5	0	0	27	13	0	0	142	4	0	0	45	10	0	0	0	33	0	43	0	173	135	250	0	163	35	0	6	35	0	9	33	0	0	0	110	0	45	0	35	0	42	4	0	0	0	10	0	0	0	33	0	36	0	110	0	210	0	34	0	47	5	0	0	18	13	0	0	74	4	0	0	0	10	0	0	0	33	0	43	0	107	0	235	0	61	45	50	6	0	0	18	11	0	0	0	5	0	0	27	13	0	0	142	4	0	0	45	10	0	0	0	32	0	43	0	165	135	250	0
259	240	72	119	44	221	36	80	6	72	119	44	30	123	10	24	180	302	132	143	202	34	78	0	36	80	6	23	117	6	0	106	224	18	31	72	119	44	14	26	0	0	18	31	0	13	30	123	10	24	180	302	132	143	183	31	78	0	34	78	0	20	117	0	0	100	221	0	30	36	80	6	2	26	0	0	8	27	0	0	23	117	6	0	106	224	18	31	69	119	44	14	0	0	0	15	42	0	0	14	26	0	0	18	31	0	13	30	123	10	24	171	302	132	143	164	29	78	0	31	78	0	17	117	0	0	90	221	0	30	34	78	0	1	26	0	0	8	26	0	0	20	117	0	0	100	221	0	30	33	80	6	5	0	0	0	10	39	0	0	2	26	0	0	8	27	0	0	23	117	6	0	97	224	18	31	62	119	44	11	0	0	0	11	27	0	0	14	0	0	0	15	42	0	0	14	26	0	0	18	31	0	13	25	123	10	24	147	302	132	143
186	173	64	56	12	160	33	30	0	64	56	12	36	20	0	0	161	166	48	46	147	31	30	0	33	30	0	29	20	0	0	100	100	0	23	64	56	12	16	0	0	0	16	22	0	0	36	20	0	0	161	166	48	46	134	28	30	0	31	30	0	26	20	0	0	94	100	0	22	33	30	0	4	0	0	0	8	20	0	0	29	20	0	0	100	100	0	23	62	56	12	9	0	0	0	10	30	0	0	16	0	0	0	16	22	0	0	36	20	0	0	155	166	48	46	121	27	30	0	28	30	0	23	20	0	0	84	100	0	22	31	30	0	3	0	0	0	8	20	0	0	26	20	0	0	94	100	0	22	31	30	0	5	0	0	0	10	30	0	0	4	0	0	0	8	20	0	0	29	20	0	0	94	100	0	23	56	56	12	6	0	0	0	9	10	0	0	9	0	0	0	10	30	0	0	16	0	0	0	16	22	0	0	32	20	0	0	136	166	48	46
196	183	60	44	35	170	37	12	19	60	44	35	33	0	9	10	167	92	140	62	157	37	12	19	37	12	19	33	0	9	10	118	12	76	47	59	44	35	4	0	0	0	5	0	0	0	33	0	9	10	166	92	140	62	144	37	12	18	37	12	19	33	0	9	9	118	12	76	42	36	12	19	4	0	0	0	5	0	0	0	33	0	9	10	117	12	76	47	56	44	35	7	0	0	9	16	0	0	0	4	0	0	0	5	0	0	0	31	0	9	10	158	92	140	62	131	37	12	6	37	12	18	33	0	9	0	118	12	72	9	36	12	19	4	0	0	0	5	0	0	0	33	0	9	9	117	12	76	42	33	12	19	7	0	0	0	13	0	0	0	4	0	0	0	5	0	0	0	31	0	9	10	109	12	76	47	52	44	35	14	0	0	18	15	0	0	33	7	0	0	9	16	0	0	0	2	0	0	0	5	0	0	0	26	0	9	10	143	92	140	62
246	229	67	57	95	212	40	42	42	67	57	95	38	28	0	78	194	187	95	242	195	40	42	38	40	42	42	38	28	0	70	128	168	42	153	66	57	95	6	0	0	24	13	0	0	0	38	28	0	78	193	187	95	242	178	40	42	22	40	42	38	38	28	0	40	128	168	38	95	39	42	42	6	0	0	0	7	0	0	0	38	28	0	70	127	168	42	153	62	57	95	12	0	0	65	25	0	0	13	6	0	0	24	13	0	0	0	36	28	0	78	182	187	95	242	161	39	42	0	40	42	22	38	28	0	0	128	168	22	36	39	42	38	6	0	0	0	7	0	0	0	38	28	0	40	127	168	38	95	35	42	42	7	0	0	0	16	0	0	0	6	0	0	0	7	0	0	0	36	28	0	70	116	168	42	153	57	57	95	19	0	0	0	18	14	0	76	12	0	0	65	25	0	0	13	4	0	0	24	13	0	0	0	30	28	0	78	162	187	95	242
235	217	82	116	30	199	38	73	19	82	116	30	28	100	0	19	211	360	150	50	181	38	72	19	38	73	19	28	96	0	19	111	231	95	47	79	116	30	3	12	0	0	9	0	0	0	28	100	0	19	208	360	150	50	163	38	72	13	38	72	19	28	96	0	13	111	228	95	42	35	73	19	3	12	0	0	3	0	0	0	28	96	0	19	108	231	95	47	73	116	30	12	0	0	29	24	0	0	0	3	12	0	0	9	0	0	0	24	100	0	19	192	360	150	50	145	37	72	0	38	72	13	28	96	0	0	111	228	65	9	35	72	19	3	12	0	0	3	0	0	0	28	96	0	13	108	228	95	42	29	73	19	7	0	0	0	10	0	0	0	3	12	0	0	3	0	0	0	24	96	0	19	92	231	95	47	68	116	30	23	0	0	0	22	13	0	33	12	0	0	29	24	0	0	0	1	12	0	0	9	0	0	0	18	100	0	19	172	360	150	50
202	185	84	103	36	168	44	80	0	84	103	36	47	75	0	0	231	318	72	177	151	43	80	0	44	80	0	43	75	0	0	144	275	0	104	79	103	36	21	0	0	0	16	12	0	0	47	75	0	0	226	318	72	177	135	39	77	0	43	80	0	40	75	0	0	139	275	0	64	42	80	0	8	0	0	0	6	10	0	0	43	75	0	0	142	275	0	104	69	87	36	15	36	0	0	21	48	0	0	21	0	0	0	16	12	0	0	43	75	0	0	198	270	72	177	120	35	72	0	39	77	0	35	72	0	0	124	263	0	17	41	80	0	7	0	0	0	6	10	0	0	40	75	0	0	137	275	0	64	36	65	0	4	30	0	0	12	40	0	0	8	0	0	0	6	10	0	0	39	75	0	0	124	230	0	104	61	72	36	15	56	0	0	15	46	0	0	15	36	0	0	21	48	0	0	18	0	0	0	16	12	0	0	33	60	0	0	167	210	72	177
181	167	80	67	25	153	44	44	0	80	67	25	49	22	0	0	224	248	75	106	139	43	43	0	44	44	0	45	22	0	0	138	198	0	53	79	67	25	18	11	0	0	11	11	0	0	49	22	0	0	223	248	75	106	125	40	41	0	43	43	0	42	21	0	0	133	193	0	42	43	44	0	6	10	0	0	6	10	0	0	45	22	0	0	137	198	0	53	70	67	25	14	21	0	0	19	33	0	0	18	11	0	0	11	11	0	0	47	22	0	0	199	248	75	106	112	38	40	0	40	41	0	39	20	0	0	123	184	0	9	42	43	0	5	10	0	0	6	10	0	0	42	21	0	0	132	193	0	42	38	44	0	5	20	0	0	13	30	0	0	6	10	0	0	6	10	0	0	43	22	0	0	123	198	0	53	58	54	25	18	10	0	0	15	21	0	0	14	21	0	0	19	33	0	0	16	11	0	0	11	11	0	0	38	22	0	0	158	196	75	106
179	166	58	47	32	153	36	22	9	58	47	32	27	11	0	9	139	93	96	90	140	36	22	9	36	22	9	27	11	0	9	97	44	27	38	53	47	32	9	0	0	0	11	0	0	0	27	11	0	9	134	93	96	90	127	35	22	9	36	22	9	27	11	0	9	97	44	27	38	31	22	9	6	0	0	0	3	0	0	0	27	11	0	9	92	44	27	38	51	47	32	8	0	0	0	26	8	0	0	9	0	0	0	11	0	0	0	25	11	0	9	129	93	96	90	114	34	22	9	35	22	9	26	11	0	9	92	44	27	31	31	22	9	6	0	0	0	3	0	0	0	27	11	0	9	92	44	27	38	29	22	9	5	0	0	0	6	0	0	0	6	0	0	0	3	0	0	0	25	11	0	9	87	44	27	38	48	47	32	14	0	0	0	12	8	0	0	8	0	0	0	26	8	0	0	7	0	0	0	11	0	0	0	21	11	0	9	118	93	96	90
196	177	80	130	43	158	40	112	0	79	130	43	37	118	0	0	205	337	43	221	140	39	110	0	40	112	0	33	114	0	0	123	304	0	80	72	112	43	15	28	0	0	9	13	0	0	37	118	0	0	198	319	43	221	124	36	108	0	39	110	0	30	114	0	0	118	302	0	76	38	96	0	3	28	0	0	2	10	0	0	33	114	0	0	121	288	0	80	60	80	43	14	26	0	0	22	39	0	0	15	28	0	0	9	13	0	0	35	86	0	0	168	239	43	221	110	34	100	0	36	108	0	27	110	0	0	108	295	0	53	37	96	0	2	28	0	0	2	10	0	0	30	114	0	0	116	288	0	76	33	68	0	5	20	0	0	7	30	0	0	3	28	0	0	2	10	0	0	31	86	0	0	107	218	0	80	54	52	43	15	86	0	0	19	23	0	0	14	26	0	0	22	39	0	0	15	0	0	0	9	13	0	0	30	30	0	0	145	141	43	221
148	138	54	16	30	128	38	0	0	54	16	30	32	0	0	0	143	24	60	126	118	38	0	0	38	0	0	32	0	0	0	108	0	0	38	52	16	30	4	0	0	0	8	0	0	0	32	0	0	0	141	24	60	126	108	38	0	0	38	0	0	32	0	0	0	108	0	0	38	36	0	0	4	0	0	0	3	0	0	0	32	0	0	0	106	0	0	38	49	16	30	7	0	0	0	24	0	0	0	4	0	0	0	8	0	0	0	30	0	0	0	133	24	60	126	98	38	0	0	38	0	0	32	0	0	0	108	0	0	31	36	0	0	4	0	0	0	3	0	0	0	32	0	0	0	106	0	0	38	33	0	0	7	0	0	0	10	0	0	0	4	0	0	0	3	0	0	0	30	0	0	0	98	0	0	38	45	16	30	16	0	0	0	14	0	0	0	7	0	0	0	24	0	0	0	2	0	0	0	8	0	0	0	25	0	0	0	118	24	60	126
171	158	61	56	15	145	34	30	0	61	56	15	26	20	0	0	128	123	60	65	132	34	30	0	34	30	0	26	20	0	0	83	60	0	38	55	56	15	8	0	0	0	13	0	0	0	26	20	0	0	122	123	60	65	119	33	30	0	34	30	0	26	20	0	0	83	60	0	38	28	30	0	5	0	0	0	2	0	0	0	26	20	0	0	77	60	0	38	51	56	15	6	0	0	0	30	6	0	0	8	0	0	0	13	0	0	0	22	20	0	0	112	123	60	65	106	32	30	0	33	30	0	25	20	0	0	78	60	0	31	28	30	0	5	0	0	0	2	0	0	0	26	20	0	0	77	60	0	38	24	30	0	3	0	0	0	3	0	0	0	5	0	0	0	2	0	0	0	22	20	0	0	67	60	0	38	49	56	15	17	0	0	0	13	6	0	0	6	0	0	0	30	6	0	0	6	0	0	0	13	0	0	0	18	20	0	0	105	123	60	65
172	158	64	70	7	144	32	43	0	63	70	7	26	20	0	0	127	151	35	30	131	32	43	0	32	43	0	26	20	0	0	81	73	0	19	58	57	7	8	0	0	0	18	0	0	0	26	20	0	0	122	138	35	30	118	31	43	0	32	43	0	26	20	0	0	81	73	0	19	27	30	0	5	0	0	0	2	0	0	0	26	20	0	0	76	60	0	19	54	57	7	6	0	0	0	36	5	0	0	8	0	0	0	18	0	0	0	22	20	0	0	112	138	35	30	105	30	43	0	31	43	0	25	20	0	0	76	73	0	13	27	30	0	5	0	0	0	2	0	0	0	26	20	0	0	76	60	0	19	23	30	0	3	0	0	0	3	0	0	0	5	0	0	0	2	0	0	0	22	20	0	0	66	60	0	19	52	57	7	17	0	0	0	14	5	0	0	6	0	0	0	36	5	0	0	6	0	0	0	18	0	0	0	18	20	0	0	105	138	35	30
139	129	50	9	36	119	35	0	0	50	9	36	35	0	0	0	106	9	36	127	109	33	0	0	35	0	0	33	0	0	0	90	0	0	9	45	9	36	14	0	0	0	17	18	0	0	35	0	0	0	101	9	36	127	99	27	0	0	33	0	0	23	0	0	0	81	0	0	9	30	0	0	6	0	0	0	3	0	0	0	33	0	0	0	85	0	0	9	43	9	36	7	0	0	0	27	45	0	0	14	0	0	0	17	18	0	0	33	0	0	0	96	9	36	127	89	25	0	0	27	0	0	17	0	0	0	61	0	0	9	28	0	0	4	0	0	0	3	0	0	0	23	0	0	0	76	0	0	9	28	0	0	3	0	0	0	3	0	0	0	6	0	0	0	3	0	0	0	31	0	0	0	80	0	0	9	41	9	36	13	0	0	0	6	9	0	0	7	0	0	0	27	45	0	0	12	0	0	0	17	18	0	0	29	0	0	0	89	9	36	127
155	143	45	37	27	131	26	20	0	45	37	27	27	10	0	0	93	57	54	84	119	23	20	0	26	20	0	24	10	0	0	70	40	0	9	41	37	27	13	0	0	0	16	24	0	0	27	10	0	0	89	57	54	84	107	16	20	0	23	20	0	13	10	0	0	56	40	0	9	22	20	0	4	0	0	0	3	0	0	0	24	10	0	0	66	40	0	9	41	37	27	5	0	0	0	24	48	0	0	13	0	0	0	16	24	0	0	27	10	0	0	89	57	54	84	95	14	18	0	16	20	0	7	10	0	0	32	40	0	9	19	20	0	2	0	0	0	3	0	0	0	13	10	0	0	52	40	0	9	22	20	0	1	0	0	0	0	0	0	0	4	0	0	0	3	0	0	0	24	10	0	0	66	40	0	9	41	37	27	3	16	0	0	6	8	0	0	5	0	0	0	24	48	0	0	13	0	0	0	16	24	0	0	27	10	0	0	89	57	54	84
181	164	58	109	19	147	26	85	0	55	109	19	31	33	0	0	118	219	57	54	133	22	80	0	26	85	0	24	31	0	0	66	189	0	9	52	67	19	8	42	0	0	17	32	0	0	31	33	0	0	115	177	57	54	119	16	69	0	22	80	0	13	27	0	0	50	169	0	9	23	43	0	2	20	0	0	2	10	0	0	24	31	0	0	63	147	0	9	50	67	19	1	31	0	0	24	42	19	0	8	42	0	0	17	32	0	0	29	33	0	0	110	177	57	54	105	15	59	0	16	69	0	8	17	0	0	31	120	0	9	19	38	0	0	17	0	0	2	10	0	0	13	27	0	0	47	127	0	9	21	43	0	0	10	0	0	0	0	0	0	2	20	0	0	2	10	0	0	22	31	0	0	58	147	0	9	50	67	19	6	21	0	0	6	7	19	0	1	31	0	0	24	42	19	0	8	42	0	0	17	32	0	0	29	33	0	0	110	177	57	54
136	126	41	24	11	116	26	0	0	41	24	11	27	0	0	0	86	24	44	22	106	23	0	0	26	0	0	24	0	0	0	70	0	0	0	37	24	11	13	0	0	0	16	18	0	0	27	0	0	0	82	24	44	22	96	16	0	0	23	0	0	13	0	0	0	56	0	0	0	22	0	0	4	0	0	0	3	0	0	0	24	0	0	0	66	0	0	0	37	24	11	5	0	0	0	23	36	0	0	13	0	0	0	16	18	0	0	27	0	0	0	82	24	44	22	86	14	0	0	16	0	0	7	0	0	0	32	0	0	0	19	0	0	2	0	0	0	3	0	0	0	13	0	0	0	52	0	0	0	22	0	0	1	0	0	0	0	0	0	0	4	0	0	0	3	0	0	0	24	0	0	0	66	0	0	0	37	24	11	5	0	0	0	4	6	0	0	5	0	0	0	23	36	0	0	13	0	0	0	16	18	0	0	27	0	0	0	82	24	44	22
135	125	41	25	5	115	25	0	0	41	25	5	29	0	0	0	87	30	25	7	105	20	0	0	25	0	0	22	0	0	0	70	0	0	0	37	25	5	13	0	0	0	14	25	0	0	29	0	0	0	83	30	25	7	95	13	0	0	20	0	0	11	0	0	0	50	0	0	0	21	0	0	4	0	0	0	3	0	0	0	22	0	0	0	66	0	0	0	37	25	5	5	0	0	0	23	30	0	0	13	0	0	0	14	25	0	0	29	0	0	0	83	30	25	7	85	11	0	0	13	0	0	5	0	0	0	26	0	0	0	16	0	0	2	0	0	0	3	0	0	0	11	0	0	0	46	0	0	0	21	0	0	1	0	0	0	0	0	0	0	4	0	0	0	3	0	0	0	22	0	0	0	66	0	0	0	37	25	5	5	0	0	0	4	5	0	0	5	0	0	0	23	30	0	0	13	0	0	0	14	25	0	0	29	0	0	0	83	30	25	7
210	192	52	106	35	174	19	80	0	51	106	35	16	178	0	0	125	330	35	98	156	14	55	0	18	80	0	7	140	0	0	42	267	0	0	44	106	35	3	65	7	0	7	12	70	0	14	178	0	0	118	330	35	98	138	12	9	0	13	55	0	5	45	0	0	24	165	0	0	11	80	0	2	18	0	0	2	10	0	0	5	140	0	0	35	267	0	0	44	106	35	1	9	7	0	0	0	175	0	3	65	7	0	7	12	70	0	14	178	0	0	118	330	35	98	120	10	0	0	11	9	0	4	0	0	0	16	27	0	0	6	55	0	1	0	0	0	2	9	0	0	3	45	0	0	17	165	0	0	11	80	0	1	0	0	0	0	0	0	0	2	18	0	0	2	10	0	0	5	140	0	0	35	267	0	0	44	106	35	0	0	15	0	0	0	35	0	1	9	7	0	0	0	175	0	3	65	7	0	7	12	70	0	14	178	0	0	118	330	35	98
137	126	36	27	26	115	21	17	0	36	27	26	29	17	0	0	95	93	26	62	104	15	8	0	21	17	0	19	8	0	0	57	76	0	0	32	27	26	9	8	7	0	4	10	26	0	29	17	0	0	91	93	26	62	93	9	0	0	15	8	0	8	0	0	0	35	32	0	0	17	17	0	4	0	0	0	2	9	0	0	19	8	0	0	53	76	0	0	32	27	26	2	0	7	0	0	0	26	0	9	8	7	0	4	10	26	0	29	17	0	0	91	93	26	62	82	6	0	0	9	0	0	2	0	0	0	16	0	0	0	11	8	0	1	0	0	0	2	8	0	0	8	0	0	0	31	32	0	0	17	17	0	1	0	0	0	0	0	0	0	4	0	0	0	2	9	0	0	19	8	0	0	53	76	0	0	32	27	26	0	0	15	0	0	0	0	0	2	0	7	0	0	0	26	0	9	8	7	0	4	10	26	0	29	17	0	0	91	93	26	62
103	95	25	7	18	87	19	0	0	25	7	18	26	0	0	0	70	7	18	35	79	13	0	0	19	0	0	19	0	0	0	59	0	0	0	22	7	18	10	0	7	0	3	0	0	0	26	0	0	0	67	7	18	35	71	6	0	0	13	0	0	7	0	0	0	34	0	0	0	16	0	0	4	0	0	0	3	0	0	0	19	0	0	0	56	0	0	0	22	7	18	2	0	7	0	0	0	0	0	10	0	7	0	3	0	0	0	26	0	0	0	67	7	18	35	63	4	0	0	6	0	0	1	0	0	0	11	0	0	0	10	0	0	1	0	0	0	3	0	0	0	7	0	0	0	31	0	0	0	16	0	0	1	0	0	0	0	0	0	0	4	0	0	0	3	0	0	0	19	0	0	0	56	0	0	0	22	7	18	0	0	7	0	0	0	0	0	2	0	7	0	0	0	0	0	10	0	7	0	3	0	0	0	26	0	0	0	67	7	18	35
90	83	18	6	11	76	12	0	0	18	6	11	23	0	0	0	53	6	11	16	69	7	0	0	12	0	0	16	0	0	0	42	0	0	0	18	6	11	8	0	0	0	2	0	0	0	23	0	0	0	53	6	11	16	62	1	0	0	7	0	0	5	0	0	0	22	0	0	0	12	0	0	2	0	0	0	2	0	0	0	16	0	0	0	42	0	0	0	18	6	11	1	0	0	0	0	0	0	0	8	0	0	0	2	0	0	0	23	0	0	0	53	6	11	16	55	0	0	0	1	0	0	0	0	0	0	3	0	0	0	7	0	0	0	0	0	0	2	0	0	0	5	0	0	0	22	0	0	0	12	0	0	0	0	0	0	0	0	0	0	2	0	0	0	2	0	0	0	16	0	0	0	42	0	0	0	18	6	11	0	0	0	0	0	0	0	0	1	0	0	0	0	0	0	0	8	0	0	0	2	0	0	0	23	0	0	0	53	6	11	16
111	102	23	24	5	93	10	10	0	23	24	5	19	20	0	0	64	57	10	5	84	7	0	0	10	10	0	16	0	0	0	36	30	0	0	23	24	5	8	0	0	0	3	0	10	0	19	20	0	0	64	57	10	5	75	1	0	0	7	0	0	5	0	0	0	22	0	0	0	10	10	0	2	0	0	0	2	0	0	0	16	0	0	0	36	30	0	0	23	24	5	1	0	0	0	0	0	0	0	8	0	0	0	3	0	10	0	19	20	0	0	64	57	10	5	66	0	0	0	1	0	0	0	0	0	0	3	0	0	0	7	0	0	0	0	0	0	2	0	0	0	5	0	0	0	22	0	0	0	10	10	0	0	0	0	0	0	0	0	0	2	0	0	0	2	0	0	0	16	0	0	0	36	30	0	0	23	24	5	0	0	0	0	0	0	0	0	1	0	0	0	0	0	0	0	8	0	0	0	3	0	10	0	19	20	0	0	64	57	10	5
71	65	17	5	35	59	7	0	0	17	5	35	16	0	36	0	57	25	35	95	53	1	0	0	7	0	0	5	0	0	0	22	0	0	0	17	5	35	2	0	53	0	3	0	0	0	16	0	36	0	57	25	35	95	47	0	0	0	1	0	0	0	0	0	0	3	0	0	0	7	0	0	0	0	0	0	2	0	0	0	5	0	0	0	22	0	0	0	17	5	35	0	0	9	0	0	0	0	0	2	0	53	0	3	0	0	0	16	0	36	0	57	25	35	95	41	0	0	0	0	0	0	0	0	0	0	0	0	0	0	1	0	0	0	0	0	0	0	0	0	0	0	0	0	0	3	0	0	0	7	0	0	0	0	0	0	0	0	0	0	0	0	0	0	2	0	0	0	5	0	0	0	22	0	0	0	17	5	35	0	0	0	0	0	0	0	0	0	0	9	0	0	0	0	0	2	0	53	0	3	0	0	0	16	0	36	0	57	25	35	95
70	64	13	8	5	58	0	0	0	13	8	5	0	0	10	0	27	12	10	5	52	0	0	0	0	0	0	0	0	0	0	0	0	0	0	13	8	5	0	0	0	0	0	0	0	0	0	0	10	0	27	12	10	5	46	0	0	0	0	0	0	0	0	0	0	0	0	0	0	0	0	0	0	0	0	0	0	0	0	0	0	0	0	0	0	0	0	0	13	8	5	0	0	0	0	0	0	0	0	0	0	0	0	0	0	0	0	0	0	10	0	27	12	10	5	40	0	0	0	0	0	0	0	0	0	0	0	0	0	0	0	0	0	0	0	0	0	0	0	0	0	0	0	0	0	0	0	0	0	0	0	0	0	0	0	0	0	0	0	0	0	0	0	0	0	0	0	0	0	0	0	0	0	0	0	0	13	8	5	0	0	0	0	0	0	0	0	0	0	0	0	0	0	0	0	0	0	0	0	0	0	0	0	0	0	10	0	27	12	10	5
35	32	6	2	0	29	0	0	0	6	2	0	0	0	0	0	10	2	0	0	26	0	0	0	0	0	0	0	0	0	0	0	0	0	0	6	2	0	0	0	0	0	0	0	0	0	0	0	0	0	10	2	0	0	23	0	0	0	0	0	0	0	0	0	0	0	0	0	0	0	0	0	0	0	0	0	0	0	0	0	0	0	0	0	0	0	0	0	6	2	0	0	0	0	0	0	0	0	0	0	0	0	0	0	0	0	0	0	0	0	0	10	2	0	0	20	0	0	0	0	0	0	0	0	0	0	0	0	0	0	0	0	0	0	0	0	0	0	0	0	0	0	0	0	0	0	0	0	0	0	0	0	0	0	0	0	0	0	0	0	0	0	0	0	0	0	0	0	0	0	0	0	0	0	0	0	6	2	0	0	0	0	0	0	0	0	0	0	0	0	0	0	0	0	0	0	0	0	0	0	0	0	0	0	0	0	0	10	2	0	0
69	63	13	9	0	57	0	0	0	13	9	0	0	0	0	0	24	18	0	0	51	0	0	0	0	0	0	0	0	0	0	0	0	0	0	13	9	0	0	0	0	0	0	0	0	0	0	0	0	0	24	18	0	0	45	0	0	0	0	0	0	0	0	0	0	0	0	0	0	0	0	0	0	0	0	0	0	0	0	0	0	0	0	0	0	0	0	0	13	9	0	0	0	0	0	0	0	0	0	0	0	0	0	0	0	0	0	0	0	0	0	24	18	0	0	39	0	0	0	0	0	0	0	0	0	0	0	0	0	0	0	0	0	0	0	0	0	0	0	0	0	0	0	0	0	0	0	0	0	0	0	0	0	0	0	0	0	0	0	0	0	0	0	0	0	0	0	0	0	0	0	0	0	0	0	0	13	9	0	0	0	0	0	0	0	0	0	0	0	0	0	0	0	0	0	0	0	0	0	0	0	0	0	0	0	0	0	24	18	0	0
68	62	15	8	0	56	0	0	0	15	8	0	0	0	0	0	29	20	0	0	50	0	0	0	0	0	0	0	0	0	0	0	0	0	0	15	8	0	0	0	0	0	1	0	0	0	0	0	0	0	29	20	0	0	44	0	0	0	0	0	0	0	0	0	0	0	0	0	0	0	0	0	0	0	0	0	0	0	0	0	0	0	0	0	0	0	0	0	15	8	0	0	0	0	0	0	0	0	0	0	0	0	0	1	0	0	0	0	0	0	0	29	20	0	0	38	0	0	0	0	0	0	0	0	0	0	0	0	0	0	0	0	0	0	0	0	0	0	0	0	0	0	0	0	0	0	0	0	0	0	0	0	0	0	0	0	0	0	0	0	0	0	0	0	0	0	0	0	0	0	0	0	0	0	0	0	15	8	0	0	0	0	0	0	0	0	0	0	0	0	0	0	0	0	0	0	0	0	0	1	0	0	0	0	0	0	0	29	20	0	0
149	135	44	45	41	121	12	0	32	43	45	41	13	0	69	27	101	135	205	35	107	9	0	7	11	0	32	3	0	63	0	17	0	160	0	36	45	41	1	0	20	21	7	9	0	66	11	0	69	27	94	135	205	35	93	8	0	0	8	0	7	2	0	7	0	9	0	35	0	4	0	32	0	0	19	0	0	0	0	0	1	0	63	0	10	0	160	0	36	45	41	0	0	10	0	0	0	0	19	1	0	20	21	7	9	0	66	11	0	69	27	94	135	205	35	79	8	0	0	7	0	0	2	0	0	0	7	0	0	0	1	0	7	0	0	7	0	0	0	0	0	0	0	7	0	2	0	35	0	4	0	32	0	0	10	0	0	0	0	0	0	0	19	0	0	0	0	0	1	0	63	0	10	0	160	0	36	45	41	0	0	0	0	0	0	0	0	0	0	10	0	0	0	0	19	1	0	20	21	7	9	0	66	11	0	69	27	94	135	205	35
106	96	32	24	12	86	6	0	9	31	24	12	11	0	50	9	73	60	48	0	76	4	0	0	5	0	9	2	0	45	0	8	0	36	0	28	24	12	0	0	10	0	4	6	0	35	9	0	50	9	70	60	48	0	66	4	0	0	3	0	0	2	0	0	0	3	0	0	0	2	0	9	0	0	9	0	0	0	0	0	0	0	45	0	5	0	36	0	28	24	12	0	0	0	0	0	0	0	0	0	0	10	0	4	6	0	35	9	0	50	9	70	60	48	0	56	4	0	0	3	0	0	2	0	0	0	3	0	0	0	0	0	0	0	0	0	0	0	0	0	0	0	0	0	0	0	0	0	0	2	0	9	0	0	0	0	0	0	0	0	0	0	9	0	0	0	0	0	0	0	45	0	5	0	36	0	28	24	12	0	0	0	0	0	0	0	0	0	0	0	0	0	0	0	0	0	0	10	0	4	6	0	35	9	0	50	9	70	60	48	0
109	99	18	9	18	89	3	0	5	17	9	18	2	0	0	10	37	9	18	5	79	3	0	0	2	0	5	2	0	0	0	2	0	5	0	15	9	18	0	0	0	0	2	0	0	5	0	0	0	10	35	9	18	5	69	3	0	0	2	0	0	2	0	0	0	2	0	0	0	0	0	5	0	0	0	0	0	0	0	0	0	0	0	0	0	0	5	0	15	9	18	0	0	0	0	0	0	0	0	0	0	0	0	2	0	0	5	0	0	0	10	35	9	18	5	59	3	0	0	2	0	0	2	0	0	0	2	0	0	0	0	0	0	0	0	0	0	0	0	0	0	0	0	0	0	0	0	0	0	0	0	5	0	0	0	0	0	0	0	0	0	0	0	0	0	0	0	0	0	0	0	0	0	0	5	0	15	9	18	0	0	0	0	0	0	0	0	0	0	0	0	0	0	0	0	0	0	0	0	2	0	0	5	0	0	0	10	35	9	18	5
97	88	19	14	9	79	3	0	0	18	14	9	2	0	0	0	39	21	18	5	70	3	0	0	2	0	0	2	0	0	0	2	0	0	0	16	14	9	0	0	0	0	2	0	0	0	0	0	0	0	37	21	18	5	61	3	0	0	2	0	0	2	0	0	0	2	0	0	0	0	0	0	0	0	0	0	0	0	0	0	0	0	0	0	0	0	0	0	16	14	9	0	0	0	0	0	0	0	0	0	0	0	0	2	0	0	0	0	0	0	0	37	21	18	5	52	3	0	0	2	0	0	2	0	0	0	2	0	0	0	0	0	0	0	0	0	0	0	0	0	0	0	0	0	0	0	0	0	0	0	0	0	0	0	0	0	0	0	0	0	0	0	0	0	0	0	0	0	0	0	0	0	0	0	0	0	16	14	9	0	0	0	0	0	0	0	0	0	0	0	0	0	0	0	0	0	0	0	0	2	0	0	0	0	0	0	0	37	21	18	5
96	87	21	18	5	78	3	0	0	20	18	5	2	0	0	0	44	36	15	0	69	3	0	0	2	0	0	2	0	0	0	2	0	0	0	18	18	5	0	0	0	0	3	0	0	0	0	0	0	0	42	36	15	0	60	3	0	0	2	0	0	2	0	0	0	2	0	0	0	0	0	0	0	0	0	0	0	0	0	0	0	0	0	0	0	0	0	0	18	18	5	0	0	0	0	0	0	0	0	0	0	0	0	3	0	0	0	0	0	0	0	42	36	15	0	51	3	0	0	2	0	0	2	0	0	0	2	0	0	0	0	0	0	0	0	0	0	0	0	0	0	0	0	0	0	0	0	0	0	0	0	0	0	0	0	0	0	0	0	0	0	0	0	0	0	0	0	0	0	0	0	0	0	0	0	0	18	18	5	0	0	0	0	0	0	0	0	0	0	0	0	0	0	0	0	0	0	0	0	3	0	0	0	0	0	0	0	42	36	15	0
136	121	45	63	48	106	17	23	29	43	63	48	15	36	23	39	90	148	192	53	92	15	14	27	16	23	29	10	0	20	36	25	32	116	41	33	49	48	0	0	11	17	2	9	48	0	13	36	23	39	80	134	192	53	78	15	14	7	14	14	27	10	0	19	7	22	14	108	7	6	9	29	0	0	10	0	0	0	29	0	8	0	20	36	15	18	116	41	29	49	48	0	0	0	21	2	0	0	61	0	0	11	17	2	9	48	0	5	36	23	39	68	134	192	53	64	15	14	0	14	14	7	10	0	7	0	22	14	28	0	4	0	27	0	0	10	0	0	0	27	0	8	0	19	7	12	0	108	7	2	9	29	0	0	0	0	1	0	0	0	0	0	10	0	0	0	29	0	0	0	20	36	3	18	116	41	29	49	48	6	0	0	0	4	0	0	19	0	0	0	21	2	0	0	61	0	0	11	17	2	9	48	0	5	36	23	39	68	134	192	53
114	100	21	45	49	87	3	33	10	19	32	49	4	22	12	20	48	32	49	85	76	2	33	9	3	22	10	0	22	10	18	4	22	10	46	17	10	49	0	0	0	9	3	0	0	0	4	0	12	20	46	10	49	85	65	2	33	0	2	22	9	0	22	9	0	2	22	9	7	1	0	10	0	0	0	0	0	0	0	0	0	0	10	18	2	0	10	46	17	10	49	0	0	0	0	0	0	0	35	0	0	0	9	3	0	0	0	4	0	12	20	46	10	49	85	54	2	33	0	2	22	0	0	22	0	0	2	22	0	0	0	0	9	0	0	0	0	0	0	0	0	0	0	9	0	0	0	9	7	1	0	10	0	0	0	0	0	0	0	0	0	0	0	0	0	0	0	0	0	0	10	18	2	0	10	46	17	10	49	0	0	0	0	0	0	0	0	0	0	0	0	0	0	0	35	0	0	0	9	3	0	0	0	4	0	12	20	46	10	49	85
108	97	24	18	40	86	6	0	10	23	18	40	6	0	12	20	53	36	80	67	75	5	0	9	5	0	10	2	0	10	18	6	0	20	41	19	18	40	0	0	0	9	3	0	0	0	4	0	12	20	49	36	80	67	64	5	0	0	4	0	9	2	0	9	0	4	0	18	7	1	0	10	0	0	0	0	0	0	0	0	0	0	10	18	2	0	20	41	19	18	40	0	0	0	0	0	0	0	35	0	0	0	9	3	0	0	0	4	0	12	20	49	36	80	67	53	5	0	0	4	0	0	2	0	0	0	4	0	0	0	0	0	9	0	0	0	0	0	0	0	0	0	0	9	0	0	0	18	7	1	0	10	0	0	0	0	0	0	0	0	0	0	0	0	0	0	0	0	0	0	10	18	2	0	20	41	19	18	40	0	0	0	0	0	0	0	0	0	0	0	0	0	0	0	35	0	0	0	9	3	0	0	0	4	0	12	20	49	36	80	67
107	96	33	24	33	85	12	0	10	32	24	33	16	0	12	20	70	64	99	58	74	10	0	9	11	0	10	8	0	10	18	17	0	30	41	25	24	33	0	0	0	9	2	8	0	0	14	0	12	20	63	64	99	58	63	10	0	0	9	0	9	8	0	9	0	14	0	27	7	4	0	10	0	0	0	0	0	0	0	0	6	0	10	18	10	0	30	41	23	24	33	0	0	0	0	1	0	0	35	0	0	0	9	2	8	0	0	8	0	12	20	56	64	99	58	52	10	0	0	9	0	0	8	0	0	0	14	0	0	0	2	0	9	0	0	0	0	0	0	0	0	6	0	9	0	7	0	27	7	2	0	10	0	0	0	0	1	0	0	0	0	0	0	0	0	0	0	0	0	0	10	18	3	0	30	41	23	24	33	2	0	0	0	2	0	0	0	0	0	0	0	1	0	0	35	0	0	0	9	2	8	0	0	8	0	12	20	56	64	99	58
107	95	39	41	21	83	11	11	10	37	41	21	16	0	12	20	81	107	105	41	72	9	11	9	10	11	10	8	0	10	18	16	11	50	32	31	30	21	0	0	0	9	2	6	0	0	14	0	12	20	75	96	105	41	61	9	11	0	8	11	9	8	0	9	0	13	11	45	7	4	0	10	0	0	0	0	0	0	0	0	6	0	10	18	10	0	50	32	29	30	21	0	0	0	0	1	0	0	35	0	0	0	9	2	6	0	0	8	0	12	20	68	96	105	41	50	9	11	0	8	11	0	8	0	0	0	13	11	0	0	2	0	9	0	0	0	0	0	0	0	0	6	0	9	0	7	0	45	7	2	0	10	0	0	0	0	1	0	0	0	0	0	0	0	0	0	0	0	0	0	10	18	3	0	50	32	29	30	21	2	0	0	0	2	0	0	0	0	0	0	0	1	0	0	35	0	0	0	9	2	6	0	0	8	0	12	20	68	96	105	41
86	76	38	24	18	66	12	0	12	38	24	18	16	0	48	0	83	60	72	21	56	10	0	12	12	0	12	8	0	48	0	24	0	48	10	33	24	18	0	0	12	0	1	0	0	0	16	0	48	0	78	60	72	21	46	10	0	12	10	0	12	8	0	48	0	20	0	48	9	7	0	12	0	0	12	0	0	0	0	0	8	0	48	0	19	0	48	10	28	24	18	0	0	0	0	8	0	0	0	0	0	12	0	1	0	0	0	8	0	48	0	63	60	72	21	36	10	0	12	10	0	12	8	0	48	0	20	0	48	0	5	0	12	0	0	12	0	0	0	0	0	8	0	48	0	15	0	48	9	2	0	12	0	0	0	0	1	0	0	0	0	0	12	0	0	0	0	0	0	0	48	0	4	0	48	10	28	24	18	9	0	0	0	12	0	0	0	0	0	0	0	8	0	0	0	0	0	12	0	1	0	0	0	8	0	48	0	63	60	72	21
150	133	43	42	102	116	16	0	64	43	42	102	12	0	82	71	79	84	306	142	99	15	0	61	16	0	64	8	0	72	60	26	0	192	59	33	42	102	0	0	0	30	0	0	0	0	12	0	82	71	69	84	306	142	82	15	0	60	15	0	61	8	0	71	55	25	0	183	54	6	0	64	0	0	0	28	0	0	0	0	8	0	72	60	16	0	192	59	28	42	102	0	0	0	9	4	0	0	0	0	0	0	30	0	0	0	0	4	0	82	71	54	84	306	142	65	15	0	46	15	0	60	8	0	71	7	25	0	180	7	5	0	61	0	0	0	7	0	0	0	0	8	0	71	55	15	0	183	54	1	0	64	0	0	0	0	1	0	0	0	0	0	0	28	0	0	0	0	0	0	72	60	1	0	192	59	28	42	102	9	0	0	37	8	0	0	35	0	0	0	9	4	0	0	0	0	0	0	30	0	0	0	0	4	0	82	71	54	84	306	142
89	79	28	9	42	69	11	0	0	27	9	42	12	0	9	0	54	9	42	191	59	10	0	0	10	0	0	8	0	0	0	15	0	0	69	20	9	42	0	0	0	0	0	0	0	0	10	0	9	0	47	9	42	191	49	10	0	0	9	0	0	8	0	0	0	14	0	0	63	3	0	0	0	0	0	0	0	0	0	0	6	0	0	0	8	0	0	69	18	9	42	0	0	0	0	2	0	0	0	0	0	0	0	0	0	0	0	4	0	9	0	40	9	42	191	39	10	0	0	9	0	0	8	0	0	0	14	0	0	7	2	0	0	0	0	0	0	0	0	0	0	6	0	0	0	7	0	0	63	1	0	0	0	0	0	0	1	0	0	0	0	0	0	0	0	0	0	0	0	0	0	0	1	0	0	69	18	9	42	2	0	0	0	4	0	0	0	0	0	0	0	2	0	0	0	0	0	0	0	0	0	0	0	4	0	9	0	40	9	42	191
114	97	44	105	23	80	10	67	0	41	105	23	6	100	9	0	80	207	92	102	66	10	60	0	10	67	0	6	72	0	0	24	127	0	49	30	63	23	2	0	0	0	1	0	23	0	6	100	9	0	69	165	92	102	54	9	60	0	10	60	0	6	72	0	0	24	120	0	45	6	31	0	1	0	0	0	0	0	0	0	6	72	0	0	20	91	0	49	25	39	23	2	0	0	0	7	11	0	0	2	0	0	0	1	0	23	0	2	28	9	0	54	81	92	102	42	7	58	0	9	60	0	4	72	0	0	19	120	0	7	6	24	0	1	0	0	0	0	0	0	0	6	72	0	0	20	84	0	45	1	7	0	0	0	0	0	0	7	0	0	1	0	0	0	0	0	0	0	2	0	0	0	5	7	0	49	24	39	23	8	22	0	0	9	22	0	0	2	0	0	0	7	11	0	0	1	0	0	0	1	0	23	0	0	28	9	0	49	81	92	102
86	76	35	24	15	66	12	0	0	35	24	15	12	0	9	0	71	60	60	69	56	11	0	0	12	0	0	8	0	0	0	22	0	0	39	29	24	15	0	0	0	0	1	0	0	0	12	0	9	0	65	60	60	69	46	11	0	0	11	0	0	8	0	0	0	21	0	0	36	6	0	0	0	0	0	0	0	0	0	0	8	0	0	0	16	0	0	39	24	24	15	0	0	0	0	8	0	0	0	0	0	0	0	1	0	0	0	4	0	9	0	50	60	60	69	36	11	0	0	11	0	0	8	0	0	0	21	0	0	7	5	0	0	0	0	0	0	0	0	0	0	8	0	0	0	15	0	0	36	1	0	0	0	0	0	0	1	0	0	0	0	0	0	0	0	0	0	0	0	0	0	0	1	0	0	39	24	24	15	9	0	0	0	11	0	0	0	0	0	0	0	8	0	0	0	0	0	0	0	1	0	0	0	4	0	9	0	50	60	60	69
122	105	68	81	70	88	25	30	69	68	81	70	30	15	116	12	171	273	350	0	71	22	30	69	25	30	69	20	15	115	12	77	120	345	0	62	81	70	23	0	26	0	19	10	0	0	30	15	116	12	165	273	350	0	55	16	25	69	22	30	69	17	15	115	12	69	120	345	0	22	30	69	4	0	26	0	1	0	0	0	20	15	115	12	74	120	345	0	48	65	70	12	50	10	0	20	50	0	0	23	0	26	0	19	10	0	0	24	15	116	12	124	225	350	0	40	9	10	69	16	25	69	11	10	115	12	44	95	345	0	19	30	69	3	0	26	0	0	0	0	0	17	15	115	12	66	120	345	0	13	15	69	0	0	10	0	0	0	0	0	4	0	26	0	1	0	0	0	14	15	115	12	48	75	345	0	39	50	70	13	50	40	0	15	30	70	0	12	50	10	0	20	50	0	0	20	0	26	0	19	10	0	0	14	0	116	12	89	150	350	0
108	94	49	40	56	80	22	0	36	49	40	56	24	0	64	12	121	100	224	56	66	21	0	36	22	0	36	20	0	56	12	65	0	144	12	44	40	56	15	0	0	0	11	10	0	0	24	0	64	12	116	100	224	56	52	17	0	36	21	0	36	17	0	56	12	60	0	144	12	17	0	36	2	0	0	0	0	0	0	0	20	0	56	12	60	0	144	12	34	40	56	14	0	0	0	13	40	0	0	15	0	0	0	11	10	0	0	14	0	64	12	85	100	224	56	38	12	0	36	17	0	36	12	0	56	12	45	0	144	12	16	0	36	1	0	0	0	0	0	0	0	17	0	56	12	55	0	144	12	7	0	36	0	0	0	0	0	0	0	0	2	0	0	0	0	0	0	0	10	0	56	12	29	0	144	12	28	40	56	18	0	10	0	14	30	0	0	14	0	0	0	13	40	0	0	14	0	0	0	11	10	0	0	7	0	64	12	61	100	224	56
135	118	39	16	122	101	21	0	75	39	16	122	19	0	30	53	96	16	122	200	84	21	0	75	21	0	75	19	0	22	53	54	0	75	76	32	16	122	4	0	0	0	3	0	0	0	19	0	30	53	89	16	122	200	67	20	0	75	21	0	75	19	0	22	53	54	0	75	73	14	0	75	3	0	0	0	0	0	0	0	19	0	22	53	47	0	75	76	22	16	122	9	0	0	0	15	16	0	0	4	0	0	0	3	0	0	0	7	0	30	53	59	16	122	200	50	15	0	75	20	0	75	17	0	22	53	49	0	75	72	14	0	75	3	0	0	0	0	0	0	0	19	0	22	53	47	0	75	73	4	0	75	0	0	0	0	0	0	0	0	3	0	0	0	0	0	0	0	7	0	22	53	17	0	75	76	18	16	122	17	0	20	0	13	32	0	0	9	0	0	0	15	16	0	0	1	0	0	0	3	0	0	0	0	0	30	53	42	16	122	200
134	115	47	78	104	96	22	48	63	46	78	104	17	32	30	80	100	140	208	158	78	22	48	53	22	48	63	17	32	22	43	52	96	126	76	31	60	104	4	0	0	11	4	0	0	48	17	32	30	80	85	122	208	158	62	21	48	52	22	48	53	17	32	22	42	52	96	106	73	12	32	63	3	0	0	10	0	0	0	29	17	32	22	43	42	80	126	76	23	28	104	9	0	0	10	15	14	0	0	4	0	0	11	4	0	0	48	7	0	30	80	60	42	208	158	46	16	44	52	21	48	52	15	32	22	42	47	96	104	72	12	32	53	3	0	0	10	0	0	0	27	17	32	22	42	42	80	106	73	4	0	63	0	0	0	10	0	0	0	0	3	0	0	10	0	0	0	29	7	0	22	43	17	0	126	76	19	28	104	13	56	20	0	13	28	0	0	9	0	0	10	15	14	0	0	1	0	0	11	4	0	0	48	0	0	30	80	43	42	208	158
88	76	36	35	33	64	14	11	0	36	35	33	13	0	7	0	79	81	99	158	52	14	11	0	14	11	0	13	0	0	0	37	33	0	76	28	35	33	2	0	0	0	7	0	0	0	13	0	7	0	71	81	99	158	41	13	11	0	14	11	0	13	0	0	0	37	33	0	73	9	11	0	1	0	0	0	0	0	0	0	13	0	0	0	32	33	0	76	21	24	33	7	0	0	0	12	8	0	0	2	0	0	0	7	0	0	0	3	0	7	0	49	48	99	158	30	10	8	0	13	11	0	11	0	0	0	32	33	0	72	9	11	0	1	0	0	0	0	0	0	0	13	0	0	0	32	33	0	73	2	0	0	0	0	0	0	0	0	0	0	1	0	0	0	0	0	0	0	3	0	0	0	10	0	0	76	19	24	33	12	24	0	0	12	16	0	0	7	0	0	0	12	8	0	0	1	0	0	0	7	0	0	0	0	0	7	0	39	48	99	158
116	99	40	42	123	82	19	0	86	40	42	123	28	0	38	113	94	84	369	159	65	14	0	85	19	0	86	12	0	36	109	63	0	258	105	39	42	123	20	0	0	12	11	56	0	0	28	0	38	113	93	84	369	159	48	7	0	85	14	0	85	9	0	36	109	49	0	255	105	18	0	86	2	0	0	12	0	0	0	0	12	0	36	109	62	0	258	105	33	42	123	6	0	22	0	0	0	0	0	20	0	0	12	11	56	0	0	26	0	38	113	74	84	369	159	31	1	0	85	7	0	85	2	0	36	109	20	0	255	105	13	0	85	1	0	0	12	0	0	0	0	9	0	36	109	48	0	255	105	12	0	86	0	0	10	0	0	0	0	0	2	0	0	12	0	0	0	0	10	0	36	109	43	0	258	105	22	42	123	1	0	30	0	0	0	0	0	6	0	22	0	0	0	0	0	19	0	0	12	11	56	0	0	19	0	38	113	36	84	369	159
75	64	35	18	56	53	17	0	13	35	18	56	20	0	28	13	82	27	112	263	42	15	0	13	17	0	13	13	0	26	13	54	0	26	168	33	18	56	20	0	0	0	13	9	0	0	20	0	28	13	80	27	112	263	31	9	0	13	15	0	13	10	0	26	13	48	0	26	158	15	0	13	2	0	0	0	0	0	0	0	13	0	26	13	52	0	26	168	26	18	56	6	0	10	0	0	0	0	0	20	0	0	0	13	9	0	0	16	0	28	13	59	27	112	263	20	2	0	13	9	0	13	4	0	26	13	23	0	26	157	13	0	13	1	0	0	0	0	0	0	0	10	0	26	13	46	0	26	158	8	0	13	0	0	0	0	0	0	0	0	2	0	0	0	0	0	0	0	9	0	26	13	31	0	26	168	19	18	56	1	0	46	0	0	0	0	0	6	0	10	0	0	0	0	0	19	0	0	0	13	9	0	0	10	0	28	13	33	27	112	263
121	101	59	126	80	81	20	72	53	59	126	80	25	137	38	73	138	369	320	126	61	15	48	53	20	72	53	13	78	36	73	64	253	212	105	54	126	80	9	147	11	0	11	44	80	0	25	137	38	73	133	369	320	126	42	8	11	53	15	48	53	12	33	36	73	50	155	212	105	18	72	53	3	11	10	0	0	0	53	0	13	78	36	73	62	253	212	105	38	107	80	2	44	59	0	0	0	240	0	9	147	11	0	11	44	80	0	21	137	38	73	89	312	320	126	26	2	0	53	8	11	53	4	0	36	73	20	33	212	105	13	48	53	3	0	10	0	0	0	53	0	12	33	36	73	48	155	212	105	12	56	53	0	0	40	0	0	0	159	0	3	11	10	0	0	0	53	0	9	78	36	73	44	205	212	105	22	59	80	1	0	48	0	0	0	80	0	2	44	59	0	0	0	240	0	6	147	11	0	11	44	80	0	13	89	38	73	35	152	320	126
95	79	46	64	81	63	19	49	17	45	64	81	20	50	0	48	104	166	81	385	48	18	47	10	19	49	17	16	48	0	20	57	157	17	243	34	49	81	18	23	0	0	13	0	0	23	20	50	0	48	93	151	81	385	35	12	34	10	18	47	10	13	46	0	20	52	151	10	233	15	36	17	1	12	0	0	0	0	0	0	16	48	0	20	53	144	17	243	21	23	81	4	22	22	0	0	0	81	0	18	23	0	0	13	0	0	23	12	24	0	48	54	60	81	385	23	4	11	10	12	34	10	8	22	0	20	28	89	10	232	14	35	10	0	11	0	0	0	0	0	0	13	46	0	20	48	139	10	233	7	12	17	0	0	10	0	0	0	17	0	1	12	0	0	0	0	0	0	8	24	0	20	29	60	17	243	15	11	81	0	11	80	0	0	0	162	0	4	22	22	0	0	0	81	0	18	11	0	0	13	0	0	23	7	0	0	48	30	0	81	385
69	58	39	35	10	47	15	10	0	39	35	10	27	0	0	0	85	95	50	70	36	10	5	0	15	10	0	11	0	0	0	48	50	0	69	38	35	10	15	25	0	0	9	20	0	0	27	0	0	0	84	95	50	70	25	5	0	0	10	5	0	8	0	0	0	34	25	0	69	14	10	0	2	0	0	0	0	0	0	0	11	0	0	0	47	50	0	69	29	35	10	6	0	10	0	0	0	10	0	15	25	0	0	9	20	0	0	25	0	0	0	56	95	50	70	15	1	0	0	5	0	0	2	0	0	0	14	0	0	69	9	5	0	1	0	0	0	0	0	0	0	8	0	0	0	33	25	0	69	10	10	0	0	0	0	0	0	0	0	0	2	0	0	0	0	0	0	0	9	0	0	0	34	50	0	69	20	25	10	1	0	10	0	0	0	0	0	6	0	10	0	0	0	10	0	14	25	0	0	9	20	0	0	19	0	0	0	27	45	50	70
84	70	24	0	102	56	13	0	49	24	0	102	22	0	19	42	51	0	0	350	42	4	0	48	13	0	49	7	0	8	39	40	0	0	169	23	0	102	2	0	49	13	0	0	0	0	22	0	19	42	50	0	0	350	28	1	0	48	4	0	48	2	0	8	39	11	0	0	161	12	0	49	1	0	0	13	0	0	0	0	7	0	8	39	39	0	0	169	20	0	102	0	0	33	0	0	0	0	0	2	0	49	13	0	0	0	0	20	0	19	42	40	0	0	350	14	0	0	48	1	0	48	0	0	8	39	1	0	0	161	3	0	48	0	0	0	13	0	0	0	0	2	0	8	39	10	0	0	161	9	0	49	0	0	0	0	0	0	0	0	1	0	0	13	0	0	0	0	5	0	8	39	29	0	0	169	11	0	102	0	0	11	0	0	0	0	0	0	0	33	0	0	0	0	0	1	0	49	13	0	0	0	0	15	0	19	42	11	0	0	350
47	39	18	7	22	31	9	0	6	18	7	22	18	0	11	0	38	0	22	90	23	1	0	6	9	0	6	3	0	0	0	27	0	6	53	18	7	22	1	0	38	0	0	0	0	0	18	0	11	0	38	0	22	90	15	0	0	6	1	0	6	0	0	0	0	3	0	6	53	9	0	6	0	0	0	0	0	0	0	0	3	0	0	0	27	0	6	53	17	7	22	0	0	11	0	0	0	0	0	1	0	38	0	0	0	0	0	18	0	11	0	35	0	22	90	7	0	0	6	0	0	6	0	0	0	0	0	0	6	53	1	0	6	0	0	0	0	0	0	0	0	0	0	0	0	3	0	6	53	8	0	6	0	0	0	0	0	0	0	0	0	0	0	0	0	0	0	0	3	0	0	0	24	0	6	53	9	7	22	0	0	0	0	0	0	0	0	0	0	11	0	0	0	0	0	1	0	38	0	0	0	0	0	15	0	11	0	11	0	22	90
46	38	12	12	11	30	5	0	6	12	12	11	12	0	0	0	20	0	22	10	22	0	0	6	5	0	6	0	0	0	0	14	0	12	0	12	12	11	0	0	5	0	0	0	0	0	12	0	0	0	20	0	22	10	14	0	0	6	0	0	6	0	0	0	0	0	0	12	0	5	0	6	0	0	0	0	0	0	0	0	0	0	0	0	14	0	12	0	12	12	11	0	0	0	0	0	0	0	0	0	0	5	0	0	0	0	0	12	0	0	0	20	0	22	10	6	0	0	6	0	0	6	0	0	0	0	0	0	12	0	0	0	6	0	0	0	0	0	0	0	0	0	0	0	0	0	0	12	0	5	0	6	0	0	0	0	0	0	0	0	0	0	0	0	0	0	0	0	0	0	0	0	14	0	12	0	7	12	11	0	0	0	0	0	0	0	0	0	0	0	0	0	0	0	0	0	0	5	0	0	0	0	0	12	0	0	0	6	0	22	10
85	70	20	47	76	55	8	11	32	20	47	76	15	33	19	62	41	47	228	269	40	1	0	31	8	11	32	3	0	8	59	26	11	96	152	20	47	76	1	0	38	13	0	0	76	0	15	33	19	62	41	47	228	269	25	0	0	31	1	0	31	0	0	8	59	3	0	93	151	8	11	32	0	0	0	13	0	0	32	0	3	0	8	59	26	11	96	152	18	47	76	0	0	11	0	0	0	0	0	1	0	38	13	0	0	76	0	15	33	19	62	37	47	228	269	11	0	0	31	0	0	31	0	0	8	59	0	0	93	151	1	0	31	0	0	0	13	0	0	31	0	0	0	8	59	3	0	93	151	7	11	32	0	0	0	0	0	0	0	0	0	0	0	13	0	0	32	0	3	0	8	59	23	11	96	152	8	33	76	0	0	0	0	0	0	0	0	0	0	11	0	0	0	0	0	1	0	38	13	0	0	76	0	12	33	19	62	8	33	228	269
75	61	25	57	38	47	6	24	8	25	57	38	9	72	19	0	52	112	114	213	33	1	0	8	6	24	8	3	0	8	0	19	64	24	139	25	57	38	1	0	38	0	0	0	114	0	9	72	19	0	52	112	114	213	19	0	0	8	1	0	8	0	0	8	0	3	0	24	138	6	24	8	0	0	0	0	0	0	24	0	3	0	8	0	19	64	24	139	16	57	38	0	0	11	0	0	0	0	0	1	0	38	0	0	0	114	0	9	72	19	0	30	112	114	213	8	0	0	8	0	0	8	0	0	8	0	0	0	24	138	1	0	8	0	0	0	0	0	0	24	0	0	0	8	0	3	0	24	138	5	24	8	0	0	0	0	0	0	0	0	0	0	0	0	0	0	24	0	3	0	8	0	16	64	24	139	8	24	38	0	0	0	0	0	0	0	0	0	0	11	0	0	0	0	0	1	0	38	0	0	0	114	0	6	72	19	0	8	24	114	213
35	28	7	0	43	21	0	0	8	7	0	43	0	0	35	24	15	0	0	147	14	0	0	8	0	0	8	0	0	0	24	0	0	0	52	7	0	43	0	0	0	0	0	0	0	0	0	0	35	24	15	0	0	147	7	0	0	8	0	0	8	0	0	0	24	0	0	0	51	0	0	8	0	0	0	0	0	0	0	0	0	0	0	24	0	0	0	52	7	0	43	0	0	0	0	0	0	0	0	0	0	0	0	0	0	0	0	0	0	35	24	15	0	0	147	0	0	0	8	0	0	8	0	0	0	24	0	0	0	51	0	0	8	0	0	0	0	0	0	0	0	0	0	0	24	0	0	0	51	0	0	8	0	0	0	0	0	0	0	0	0	0	0	0	0	0	0	0	0	0	0	24	0	0	0	52	0	0	43	0	0	0	0	0	0	0	0	0	0	0	0	0	0	0	0	0	0	0	0	0	0	0	0	0	0	35	24	0	0	0	147
40	31	27	20	27	22	1	0	23	27	20	27	3	0	57	44	68	60	135	0	13	0	0	11	1	0	23	0	0	45	0	3	0	115	0	27	20	27	0	0	15	11	0	0	0	80	3	0	57	44	68	60	135	0	4	0	0	10	0	0	11	0	0	11	0	0	0	55	0	1	0	23	0	0	11	10	0	0	0	53	0	0	45	0	3	0	115	0	11	20	27	0	0	0	10	0	0	0	0	0	0	15	11	0	0	0	80	3	0	57	44	30	60	135	0	0	0	0	10	0	0	10	0	0	10	0	0	0	50	0	0	0	11	0	0	0	10	0	0	0	53	0	0	11	0	0	0	55	0	0	0	23	0	0	0	10	0	0	0	0	0	0	11	10	0	0	0	53	0	0	45	0	0	0	115	0	0	0	27	0	0	0	0	0	0	0	0	0	0	0	10	0	0	0	0	0	0	15	11	0	0	0	80	0	0	57	44	0	0	135	0
30	24	11	0	25	18	0	0	0	11	0	25	0	0	35	0	25	0	0	125	12	0	0	0	0	0	0	0	0	0	0	0	0	0	46	11	0	25	0	0	0	0	0	0	0	0	0	0	35	0	25	0	0	125	6	0	0	0	0	0	0	0	0	0	0	0	0	0	45	0	0	0	0	0	0	0	0	0	0	0	0	0	0	0	0	0	0	46	11	0	25	0	0	0	0	0	0	0	0	0	0	0	0	0	0	0	0	0	0	35	0	25	0	0	125	0	0	0	0	0	0	0	0	0	0	0	0	0	0	45	0	0	0	0	0	0	0	0	0	0	0	0	0	0	0	0	0	0	45	0	0	0	0	0	0	0	0	0	0	0	0	0	0	0	0	0	0	0	0	0	0	0	0	0	0	46	0	0	25	0	0	0	0	0	0	0	0	0	0	0	0	0	0	0	0	0	0	0	0	0	0	0	0	0	0	35	0	0	0	0	125
42	33	19	18	19	24	0	0	0	19	18	19	0	0	35	0	44	36	57	114	15	0	0	0	0	0	0	0	0	0	0	0	0	0	40	19	18	19	0	0	0	0	0	0	0	0	0	0	35	0	44	36	57	114	6	0	0	0	0	0	0	0	0	0	0	0	0	0	39	0	0	0	0	0	0	0	0	0	0	0	0	0	0	0	0	0	0	40	13	18	19	0	0	0	0	0	0	0	0	0	0	0	0	0	0	0	0	0	0	35	0	34	36	57	114	0	0	0	0	0	0	0	0	0	0	0	0	0	0	39	0	0	0	0	0	0	0	0	0	0	0	0	0	0	0	0	0	0	39	0	0	0	0	0	0	0	0	0	0	0	0	0	0	0	0	0	0	0	0	0	0	0	0	0	0	40	0	0	19	0	0	0	0	0	0	0	0	0	0	0	0	0	0	0	0	0	0	0	0	0	0	0	0	0	0	35	0	0	0	57	114
31	24	18	12	0	17	0	0	0	18	12	0	0	0	0	0	41	30	0	0	10	0	0	0	0	0	0	0	0	0	0	0	0	0	0	18	12	0	0	0	0	0	0	0	0	0	0	0	0	0	41	30	0	0	3	0	0	0	0	0	0	0	0	0	0	0	0	0	0	0	0	0	0	0	0	0	0	0	0	0	0	0	0	0	0	0	0	0	8	12	0	0	0	0	0	0	0	0	0	0	0	0	0	0	0	0	0	0	0	0	0	21	30	0	0	0	0	0	0	0	0	0	0	0	0	0	0	0	0	0	0	0	0	0	0	0	0	0	0	0	0	0	0	0	0	0	0	0	0	0	0	0	0	0	0	0	0	0	0	0	0	0	0	0	0	0	0	0	0	0	0	0	0	0	0	0	0	0	0	0	0	0	0	0	0	0	0	0	0	0	0	0	0	0	0	0	0	0	0	0	0	0	0	0	0	0	0	0	0	0	0
52	38	26	40	65	24	1	0	56	26	40	65	2	0	59	27	47	100	260	27	10	0	0	52	1	0	56	0	0	58	23	1	0	224	23	15	40	65	0	0	14	44	0	0	0	0	2	0	59	27	36	100	260	27	0	0	0	36	0	0	52	0	0	54	11	0	0	208	11	0	0	56	0	0	14	0	0	0	0	0	0	0	58	23	0	0	224	23	0	0	65	0	0	0	60	0	0	0	80	0	0	14	44	0	0	0	0	0	0	59	27	0	0	260	27	0	0	0	30	0	0	36	0	0	38	10	0	0	144	10	0	0	52	0	0	14	0	0	0	0	0	0	0	54	11	0	0	208	11	0	0	56	0	0	0	50	0	0	0	53	0	0	14	0	0	0	0	0	0	0	58	23	0	0	224	23	0	0	0	0	0	0	60	0	0	0	0	0	0	0	60	0	0	0	80	0	0	0	44	0	0	0	0	0	0	0	27	0	0	0	27
41	30	21	24	27	19	1	0	14	21	24	27	2	0	28	0	41	48	81	46	8	0	0	14	1	0	14	0	0	28	0	1	0	42	23	14	24	27	0	0	14	0	0	0	0	0	2	0	28	0	34	48	81	46	0	0	0	13	0	0	14	0	0	28	0	0	0	42	11	0	0	14	0	0	14	0	0	0	0	0	0	0	28	0	0	0	42	23	0	0	27	0	0	0	13	0	0	0	0	0	0	14	0	0	0	0	0	0	0	28	0	0	0	81	46	0	0	0	10	0	0	13	0	0	26	0	0	0	39	10	0	0	14	0	0	14	0	0	0	0	0	0	0	28	0	0	0	42	11	0	0	14	0	0	0	10	0	0	0	0	0	0	14	0	0	0	0	0	0	0	28	0	0	0	42	23	0	0	0	0	0	0	30	0	0	0	0	0	0	0	13	0	0	0	0	0	0	0	0	0	0	0	0	0	0	0	0	0	0	0	46
55	40	30	50	68	25	1	0	60	30	50	68	2	0	55	39	49	150	340	27	10	0	0	42	1	0	60	0	0	54	11	1	0	300	23	14	50	68	0	0	12	80	0	0	0	38	2	0	55	39	33	150	340	27	0	0	0	10	0	0	42	0	0	48	0	0	0	210	11	0	0	60	0	0	12	0	0	0	0	8	0	0	54	11	0	0	300	23	0	0	68	0	0	0	50	0	0	0	171	0	0	12	80	0	0	0	38	0	0	55	39	0	0	340	27	0	0	0	0	0	0	10	0	0	10	0	0	0	50	10	0	0	42	0	0	11	0	0	0	0	8	0	0	48	0	0	0	210	11	0	0	60	0	0	0	0	0	0	0	70	0	0	12	0	0	0	0	8	0	0	54	11	0	0	300	23	0	0	0	0	0	0	0	0	0	0	70	0	0	0	50	0	0	0	171	0	0	0	80	0	0	0	38	0	0	0	39	0	0	0	27
43	32	16	10	54	21	0	0	34	16	10	54	0	0	16	72	38	10	54	46	10	0	0	11	0	0	34	0	0	15	11	0	0	34	23	15	10	54	0	0	0	44	0	0	0	114	0	0	16	72	37	10	54	46	0	0	0	0	0	0	11	0	0	11	0	0	0	11	11	0	0	34	0	0	0	0	0	0	0	40	0	0	15	11	0	0	34	23	0	0	54	0	0	0	0	0	0	0	80	0	0	0	44	0	0	0	114	0	0	16	72	0	0	54	46	0	0	0	0	0	0	0	0	0	0	0	0	0	0	10	0	0	11	0	0	0	0	0	0	0	39	0	0	11	0	0	0	11	11	0	0	34	0	0	0	0	0	0	0	53	0	0	0	0	0	0	0	40	0	0	15	11	0	0	34	23	0	0	0	0	0	0	0	0	0	0	0	0	0	0	0	0	0	0	80	0	0	0	44	0	0	0	114	0	0	0	72	0	0	0	46
38	28	16	16	24	18	0	0	8	16	16	24	0	0	0	24	35	24	48	46	8	0	0	0	0	0	8	0	0	0	0	0	0	16	23	13	16	24	0	0	0	0	0	0	0	38	0	0	0	24	32	24	48	46	0	0	0	0	0	0	0	0	0	0	0	0	0	0	11	0	0	8	0	0	0	0	0	0	0	8	0	0	0	0	0	0	16	23	0	0	24	0	0	0	0	0	0	0	0	0	0	0	0	0	0	0	38	0	0	0	24	0	0	48	46	0	0	0	0	0	0	0	0	0	0	0	0	0	0	10	0	0	0	0	0	0	0	0	0	0	8	0	0	0	0	0	0	0	11	0	0	8	0	0	0	0	0	0	0	0	0	0	0	0	0	0	0	8	0	0	0	0	0	0	16	23	0	0	0	0	0	0	0	0	0	0	0	0	0	0	0	0	0	0	0	0	0	0	0	0	0	0	38	0	0	0	24	0	0	0	46
51	33	21	45	147	15	0	0	111	18	45	147	0	0	81	118	18	45	441	160	0	0	0	110	0	0	111	0	0	78	115	0	0	333	130	0	0	147	0	0	0	15	0	0	0	0	0	0	81	118	0	0	441	160	0	0	0	105	0	0	110	0	0	78	102	0	0	330	108	0	0	111	0	0	0	11	0	0	0	0	0	0	78	115	0	0	333	130	0	0	0	0	0	0	55	0	0	0	0	0	0	0	15	0	0	0	0	0	0	0	118	0	0	0	160	0	0	0	68	0	0	105	0	0	77	48	0	0	315	59	0	0	110	0	0	0	0	0	0	0	0	0	0	78	102	0	0	330	108	0	0	0	0	0	0	0	0	0	0	0	0	0	0	11	0	0	0	0	0	0	0	115	0	0	0	130	0	0	0	0	0	0	162	0	0	0	161	0	0	0	55	0	0	0	0	0	0	0	15	0	0	0	0	0	0	0	0	0	0	0	0
34	22	17	20	68	10	0	0	30	15	20	68	0	0	32	28	15	20	136	184	0	0	0	30	0	0	30	0	0	30	28	0	0	60	138	0	0	68	0	0	0	0	0	0	0	0	0	0	32	28	0	0	136	184	0	0	0	30	0	0	30	0	0	30	28	0	0	60	108	0	0	30	0	0	0	0	0	0	0	0	0	0	30	28	0	0	60	138	0	0	0	0	0	0	0	0	0	0	0	0	0	0	0	0	0	0	0	0	0	0	28	0	0	0	184	0	0	0	27	0	0	30	0	0	30	26	0	0	60	59	0	0	30	0	0	0	0	0	0	0	0	0	0	30	28	0	0	60	108	0	0	0	0	0	0	0	0	0	0	0	0	0	0	0	0	0	0	0	0	0	0	28	0	0	0	138	0	0	0	0	0	0	41	0	0	0	0	0	0	0	0	0	0	0	0	0	0	0	0	0	0	0	0	0	0	0	0	0	0	0	0
32	20	19	32	45	8	0	0	24	15	32	45	0	0	49	12	15	32	180	133	0	0	0	24	0	0	24	0	0	48	12	0	0	96	116	0	0	45	0	0	0	0	0	0	0	0	0	0	49	12	0	0	180	133	0	0	0	23	0	0	24	0	0	48	11	0	0	96	94	0	0	24	0	0	0	0	0	0	0	0	0	0	48	12	0	0	96	116	0	0	0	0	0	0	11	0	0	0	0	0	0	0	0	0	0	0	0	0	0	0	12	0	0	0	133	0	0	0	11	0	0	23	0	0	47	0	0	0	92	46	0	0	24	0	0	0	0	0	0	0	0	0	0	48	11	0	0	96	94	0	0	0	0	0	0	0	0	0	0	0	0	0	0	0	0	0	0	0	0	0	0	12	0	0	0	116	0	0	0	0	0	0	11	0	0	0	81	0	0	0	11	0	0	0	0	0	0	0	0	0	0	0	0	0	0	0	0	0	0	0	0
29	19	15	9	46	9	0	0	0	14	9	46	0	0	0	0	14	9	46	238	0	0	0	0	0	0	0	0	0	0	0	0	0	0	172	0	0	46	0	0	0	0	0	0	0	0	0	0	0	0	0	0	46	238	0	0	0	0	0	0	0	0	0	0	0	0	0	0	119	0	0	0	0	0	0	0	0	0	0	0	0	0	0	0	0	0	0	172	0	0	0	0	0	0	0	0	0	0	0	0	0	0	0	0	0	0	0	0	0	0	0	0	0	0	238	0	0	0	0	0	0	0	0	0	0	0	0	0	0	59	0	0	0	0	0	0	0	0	0	0	0	0	0	0	0	0	0	0	119	0	0	0	0	0	0	0	0	0	0	0	0	0	0	0	0	0	0	0	0	0	0	0	0	0	0	172	0	0	0	0	0	0	0	0	0	0	0	0	0	0	0	0	0	0	0	0	0	0	0	0	0	0	0	0	0	0	0	0	0	0	0
25	15	15	25	10	5	0	0	0	10	25	10	0	0	0	0	10	25	50	68	0	0	0	0	0	0	0	0	0	0	0	0	0	0	60	0	0	10	0	0	0	0	0	0	0	0	0	0	0	0	0	0	50	68	0	0	0	0	0	0	0	0	0	0	0	0	0	0	42	0	0	0	0	0	0	0	0	0	0	0	0	0	0	0	0	0	0	60	0	0	0	0	0	0	0	0	0	0	0	0	0	0	0	0	0	0	0	0	0	0	0	0	0	0	68	0	0	0	0	0	0	0	0	0	0	0	0	0	0	10	0	0	0	0	0	0	0	0	0	0	0	0	0	0	0	0	0	0	42	0	0	0	0	0	0	0	0	0	0	0	0	0	0	0	0	0	0	0	0	0	0	0	0	0	0	60	0	0	0	0	0	0	0	0	0	0	0	0	0	0	0	0	0	0	0	0	0	0	0	0	0	0	0	0	0	0	0	0	0	0	0
29	14	4	14	124	0	0	0	71	0	0	124	0	0	0	88	0	0	124	316	0	0	0	69	0	0	71	0	0	0	84	0	0	71	165	0	0	0	0	0	0	28	0	0	0	0	0	0	0	88	0	0	0	316	0	0	0	69	0	0	69	0	0	0	84	0	0	69	164	0	0	0	0	0	0	28	0	0	0	0	0	0	0	84	0	0	0	165	0	0	0	0	0	0	0	0	0	0	0	0	0	0	28	0	0	0	0	0	0	0	0	0	0	0	0	0	0	0	69	0	0	69	0	0	0	84	0	0	69	158	0	0	0	0	0	0	28	0	0	0	0	0	0	0	84	0	0	0	164	0	0	0	0	0	0	0	0	0	0	0	0	0	0	28	0	0	0	0	0	0	0	0	0	0	0	0	0	0	0	0	0	0	0	0	0	0	0	0	0	0	0	0	0	0	0	0	0	0	0	0	0	0	0	0	0	0	0	0	0	0	0
17	8	5	8	38	0	0	0	25	0	0	38	0	0	11	0	0	0	38	55	0	0	0	25	0	0	25	0	0	11	0	0	0	25	24	0	0	0	0	0	0	0	0	0	0	0	0	0	0	0	0	0	0	55	0	0	0	25	0	0	25	0	0	11	0	0	0	25	24	0	0	0	0	0	0	0	0	0	0	0	0	0	0	0	0	0	0	24	0	0	0	0	0	0	0	0	0	0	0	0	0	0	0	0	0	0	0	0	0	0	0	0	0	0	0	0	0	0	25	0	0	25	0	0	11	0	0	0	25	23	0	0	0	0	0	0	0	0	0	0	0	0	0	0	0	0	0	0	24	0	0	0	0	0	0	0	0	0	0	0	0	0	0	0	0	0	0	0	0	0	0	0	0	0	0	0	0	0	0	0	0	0	0	0	0	0	0	0	0	0	0	0	0	0	0	0	0	0	0	0	0	0	0	0	0	0	0	0	0	0	0
21	10	5	10	69	0	0	0	62	0	0	69	0	0	11	24	0	0	69	10	0	0	0	62	0	0	62	0	0	11	24	0	0	62	0	0	0	0	0	0	0	0	0	0	0	0	0	0	0	24	0	0	0	10	0	0	0	62	0	0	62	0	0	11	24	0	0	62	0	0	0	0	0	0	0	0	0	0	0	0	0	0	0	24	0	0	0	0	0	0	0	0	0	0	0	0	0	0	0	0	0	0	0	0	0	0	0	0	0	0	0	0	0	0	0	0	0	0	62	0	0	62	0	0	11	24	0	0	62	0	0	0	0	0	0	0	0	0	0	0	0	0	0	0	24	0	0	0	0	0	0	0	0	0	0	0	0	0	0	0	0	0	0	0	0	0	0	0	0	0	0	0	0	0	0	0	0	0	0	0	0	0	0	0	0	0	0	0	0	0	0	0	0	0	0	0	0	0	0	0	0	0	0	0	0	0	0	0	0	0	0
21	10	4	10	67	0	0	0	25	0	0	67	0	0	0	50	0	0	67	270	0	0	0	24	0	0	25	0	0	0	48	0	0	25	165	0	0	0	0	0	0	12	0	0	0	0	0	0	0	50	0	0	0	270	0	0	0	24	0	0	24	0	0	0	48	0	0	24	164	0	0	0	0	0	0	12	0	0	0	0	0	0	0	48	0	0	0	165	0	0	0	0	0	0	0	0	0	0	0	0	0	0	12	0	0	0	0	0	0	0	0	0	0	0	0	0	0	0	23	0	0	24	0	0	0	46	0	0	24	158	0	0	0	0	0	0	11	0	0	0	0	0	0	0	48	0	0	0	164	0	0	0	0	0	0	0	0	0	0	0	0	0	0	12	0	0	0	0	0	0	0	0	0	0	0	0	0	0	0	0	0	0	11	0	0	0	0	0	0	0	0	0	0	0	0	0	0	0	0	0	0	0	0	0	0	0	0	0	0	0	0
15	7	4	7	28	0	0	0	0	0	0	28	0	0	0	0	0	0	28	202	0	0	0	0	0	0	0	0	0	0	0	0	0	0	135	0	0	0	0	0	0	0	0	0	0	0	0	0	0	0	0	0	0	202	0	0	0	0	0	0	0	0	0	0	0	0	0	0	134	0	0	0	0	0	0	0	0	0	0	0	0	0	0	0	0	0	0	135	0	0	0	0	0	0	0	0	0	0	0	0	0	0	0	0	0	0	0	0	0	0	0	0	0	0	0	0	0	0	0	0	0	0	0	0	0	0	0	0	0	128	0	0	0	0	0	0	0	0	0	0	0	0	0	0	0	0	0	0	134	0	0	0	0	0	0	0	0	0	0	0	0	0	0	0	0	0	0	0	0	0	0	0	0	0	0	0	0	0	0	0	0	0	0	0	0	0	0	0	0	0	0	0	0	0	0	0	0	0	0	0	0	0	0	0	0	0	0	0	0	0	0
6	0	0	0	62	0	0	0	11	0	0	0	0	0	0	22	0	0	0	326	0	0	0	11	0	0	0	0	0	0	22	0	0	0	183	0	0	0	0	0	0	0	0	0	0	0	0	0	0	0	0	0	0	0	0	0	0	11	0	0	0	0	0	0	22	0	0	0	180	0	0	0	0	0	0	0	0	0	0	0	0	0	0	0	0	0	0	0	0	0	0	0	0	0	0	0	0	0	0	0	0	0	0	0	0	0	0	0	0	0	0	0	0	0	0	0	0	0	11	0	0	0	0	0	0	22	0	0	0	180	0	0	0	0	0	0	0	0	0	0	0	0	0	0	0	0	0	0	0	0	0	0	0	0	0	0	0	0	0	0	0	0	0	0	0	0	0	0	0	0	0	0	0	0	0	0	0	0	0	0	0	0	0	0	0	0	0	0	0	0	0	0	0	0	0	0	0	0	0	0	0	0	0	0	0	0	0	0	0	0	0
