574	568	18	13	0	562	8	9	0	18	13	0	4	10	0	0	46	25	0	0	556	7	8	0	8	9	0	4	8	0	0	23	20	0	0	18	13	0	0	2	0	0	7	0	0	0	4	10	0	0	46	25	0	0	550	4	8	0	7	8	0	1	8	0	0	20	20	0	0	8	9	0	0	2	0	0	4	0	0	0	4	8	0	0	23	20	0	0	18	13	0	3	0	0	0	0	0	0	0	0	2	0	0	7	0	0	0	4	10	0	0	46	25	0	0	544	4	6	0	4	8	0	1	8	0	0	12	20	0	0	7	8	0	0	2	0	0	4	0	0	0	1	8	0	0	20	20	0	0	8	9	0	3	0	0	0	0	0	0	0	0	2	0	0	4	0	0	0	4	8	0	0	23	20	0	0	18	13	0	4	0	0	0	2	0	0	0	3	0	0	0	0	0	0	0	0	2	0	0	7	0	0	0	4	10	0	0	46	25	0	0
489	484	24	4	0	479	17	4	0	24	4	0	13	0	0	0	56	16	0	0	474	15	4	0	17	4	0	11	0	0	0	43	16	0	0	24	4	0	3	0	0	0	5	0	0	0	13	0	0	0	56	16	0	0	469	11	4	0	15	4	0	7	0	0	0	37	16	0	0	17	4	0	1	0	0	0	5	0	0	0	11	0	0	0	43	16	0	0	24	4	0	3	0	0	0	0	0	0	0	3	0	0	0	5	0	0	0	13	0	0	0	56	16	0	0	464	10	4	0	11	4	0	7	0	0	0	27	16	0	0	15	4	0	1	0	0	0	5	0	0	0	7	0	0	0	37	16	0	0	17	4	0	3	0	0	0	0	0	0	0	1	0	0	0	5	0	0	0	11	0	0	0	43	16	0	0	24	4	0	6	0	0	0	8	0	0	0	3	0	0	0	0	0	0	0	3	0	0	0	5	0	0	0	13	0	0	0	56	16	0	0
966	956	39	36	0	946	20	32	0	39	36	0	26	20	0	0	100	93	0	0	936	15	28	0	20	32	0	7	20	0	0	55	84	0	0	39	36	0	5	0	0	0	9	20	0	0	26	20	0	0	100	93	0	0	926	14	13	0	15	28	0	6	8	0	0	39	72	0	0	20	32	0	3	0	0	0	7	16	0	0	7	20	0	0	55	84	0	0	39	36	0	4	15	0	0	3	0	0	0	5	0	0	0	9	20	0	0	26	20	0	0	100	93	0	0	916	11	9	0	14	13	0	6	5	0	0	37	28	0	0	15	28	0	1	0	0	0	1	16	0	0	6	8	0	0	39	72	0	0	20	32	0	0	12	0	0	1	0	0	0	3	0	0	0	7	16	0	0	7	20	0	0	55	84	0	0	39	36	0	7	19	0	0	12	10	0	0	4	15	0	0	3	0	0	0	5	0	0	0	9	20	0	0	26	20	0	0	100	93	0	0
672	665	29	17	0	658	18	12	0	29	17	0	13	8	0	0	64	39	0	0	651	16	12	0	18	12	0	11	8	0	0	43	32	0	0	29	17	0	2	0	0	0	7	0	0	0	13	8	0	0	64	39	0	0	644	12	12	0	16	12	0	7	8	0	0	37	32	0	0	18	12	0	0	0	0	0	6	0	0	0	11	8	0	0	43	32	0	0	29	17	0	6	0	0	0	6	0	0	0	2	0	0	0	7	0	0	0	13	8	0	0	64	39	0	0	637	11	12	0	12	12	0	7	8	0	0	27	32	0	0	16	12	0	0	0	0	0	6	0	0	0	7	8	0	0	37	32	0	0	18	12	0	3	0	0	0	1	0	0	0	0	0	0	0	6	0	0	0	11	8	0	0	43	32	0	0	29	17	0	7	0	0	0	12	5	0	0	6	0	0	0	6	0	0	0	2	0	0	0	7	0	0	0	13	8	0	0	64	39	0	0
870	861	35	31	0	852	22	22	0	35	31	0	14	11	0	0	83	64	0	0	843	20	17	0	22	22	0	12	3	0	0	58	47	0	0	35	31	0	2	6	0	0	10	6	0	0	14	11	0	0	83	64	0	0	834	17	14	0	20	17	0	9	0	0	0	50	34	0	0	22	22	0	2	0	0	0	8	5	0	0	12	3	0	0	58	47	0	0	35	31	0	10	0	0	0	7	0	0	0	2	6	0	0	10	6	0	0	14	11	0	0	83	64	0	0	825	14	12	0	17	14	0	9	0	0	0	42	28	0	0	20	17	0	0	0	0	0	5	3	0	0	9	0	0	0	50	34	0	0	22	22	0	3	0	0	0	2	0	0	0	2	0	0	0	8	5	0	0	12	3	0	0	58	47	0	0	35	31	0	10	12	0	0	14	19	0	0	10	0	0	0	7	0	0	0	2	6	0	0	10	6	0	0	14	11	0	0	83	64	0	0
1045	1034	40	41	6	1023	17	30	0	40	41	6	10	36	3	0	80	105	6	0	1012	15	30	0	17	30	0	7	36	0	0	38	78	0	0	40	41	6	2	0	3	0	12	9	0	0	10	36	3	0	80	105	6	0	1001	14	30	0	15	30	0	6	36	0	0	34	78	0	0	17	30	0	0	0	0	0	5	6	0	0	7	36	0	0	38	78	0	0	40	41	6	23	0	0	0	14	9	0	0	2	0	3	0	12	9	0	0	10	36	3	0	80	105	6	0	990	9	30	0	14	30	0	6	36	0	0	33	78	0	0	15	30	0	0	0	0	0	4	6	0	0	6	36	0	0	34	78	0	0	17	30	0	0	0	0	0	3	6	0	0	0	0	0	0	5	6	0	0	7	36	0	0	38	78	0	0	40	41	6	11	0	0	0	7	30	0	0	23	0	0	0	14	9	0	0	2	0	3	0	12	9	0	0	10	36	3	0	80	105	6	0
684	677	26	10	3	670	15	0	0	26	10	3	13	0	3	0	57	20	6	0	663	14	0	0	15	0	0	12	0	0	0	33	0	0	0	26	10	3	2	0	3	0	6	0	0	0	13	0	3	0	57	20	6	0	656	14	0	0	14	0	0	12	0	0	0	31	0	0	0	15	0	0	2	0	0	0	5	0	0	0	12	0	0	0	33	0	0	0	26	10	3	0	0	0	0	3	0	0	0	2	0	3	0	6	0	0	0	13	0	3	0	57	20	6	0	649	14	0	0	14	0	0	12	0	0	0	31	0	0	0	14	0	0	2	0	0	0	4	0	0	0	12	0	0	0	31	0	0	0	15	0	0	0	0	0	0	3	0	0	0	2	0	0	0	5	0	0	0	12	0	0	0	33	0	0	0	26	10	3	5	0	0	0	10	0	0	0	0	0	0	0	3	0	0	0	2	0	3	0	6	0	0	0	13	0	3	0	57	20	6	0
392	388	14	0	0	384	6	0	0	14	0	0	6	0	0	0	33	0	0	0	380	6	0	0	6	0	0	6	0	0	0	15	0	0	0	14	0	0	0	0	0	0	2	0	0	0	6	0	0	0	33	0	0	0	376	6	0	0	6	0	0	6	0	0	0	15	0	0	0	6	0	0	0	0	0	0	2	0	0	0	6	0	0	0	15	0	0	0	14	0	0	0	0	0	0	2	0	0	0	0	0	0	0	2	0	0	0	6	0	0	0	33	0	0	0	372	6	0	0	6	0	0	6	0	0	0	15	0	0	0	6	0	0	0	0	0	0	2	0	0	0	6	0	0	0	15	0	0	0	6	0	0	0	0	0	0	2	0	0	0	0	0	0	0	2	0	0	0	6	0	0	0	15	0	0	0	14	0	0	0	0	0	0	5	0	0	0	0	0	0	0	2	0	0	0	0	0	0	0	2	0	0	0	6	0	0	0	33	0	0	0
871	862	35	24	0	853	19	8	0	35	24	0	20	0	0	0	76	56	0	0	844	18	8	0	19	8	0	18	0	0	0	47	16	0	0	35	24	0	6	0	0	0	9	8	0	0	20	0	0	0	76	56	0	0	835	17	8	0	18	8	0	17	0	0	0	45	16	0	0	19	8	0	4	0	0	0	4	8	0	0	18	0	0	0	47	16	0	0	35	24	0	4	0	0	0	4	8	0	0	6	0	0	0	9	8	0	0	20	0	0	0	76	56	0	0	826	17	8	0	17	8	0	17	0	0	0	44	16	0	0	18	8	0	4	0	0	0	4	8	0	0	17	0	0	0	45	16	0	0	19	8	0	4	0	0	0	4	8	0	0	4	0	0	0	4	8	0	0	18	0	0	0	47	16	0	0	35	24	0	9	0	0	0	15	0	0	0	4	0	0	0	4	8	0	0	6	0	0	0	9	8	0	0	20	0	0	0	76	56	0	0
391	387	13	3	0	383	6	0	0	13	3	0	6	0	0	0	28	3	0	0	379	6	0	0	6	0	0	6	0	0	0	13	0	0	0	13	3	0	2	0	0	0	3	0	0	0	6	0	0	0	28	3	0	0	375	6	0	0	6	0	0	6	0	0	0	13	0	0	0	6	0	0	2	0	0	0	3	0	0	0	6	0	0	0	13	0	0	0	13	3	0	0	0	0	0	2	0	0	0	2	0	0	0	3	0	0	0	6	0	0	0	28	3	0	0	371	6	0	0	6	0	0	6	0	0	0	13	0	0	0	6	0	0	2	0	0	0	3	0	0	0	6	0	0	0	13	0	0	0	6	0	0	0	0	0	0	2	0	0	0	2	0	0	0	3	0	0	0	6	0	0	0	13	0	0	0	13	3	0	0	0	0	0	0	0	0	0	0	0	0	0	2	0	0	0	2	0	0	0	3	0	0	0	6	0	0	0	28	3	0	0
1253	1240	57	39	23	1227	35	12	7	57	39	23	29	0	17	6	145	66	69	9	1214	34	12	0	35	12	7	27	0	15	0	96	12	21	0	57	39	23	8	0	0	0	18	9	0	0	29	0	17	6	145	66	69	9	1201	34	12	0	34	12	0	27	0	0	0	91	12	0	0	35	12	7	8	0	0	0	8	0	0	0	27	0	15	0	96	12	21	0	57	39	23	11	0	0	0	9	0	0	0	8	0	0	0	18	9	0	0	29	0	17	6	145	66	69	9	1188	31	9	0	34	12	0	27	0	0	0	91	12	0	0	34	12	0	6	0	0	0	5	0	0	0	27	0	0	0	91	12	0	0	35	12	7	4	0	0	0	7	0	0	0	8	0	0	0	8	0	0	0	27	0	15	0	96	12	21	0	57	39	23	13	27	4	0	24	18	0	0	11	0	0	0	9	0	0	0	8	0	0	0	18	9	0	0	29	0	17	6	145	66	69	9
1224	1211	39	55	12	1198	14	42	0	39	55	12	10	52	0	0	85	110	12	3	1185	12	40	0	14	42	0	6	48	0	0	34	91	0	0	39	55	12	4	16	0	0	9	17	0	0	10	52	0	0	85	110	12	3	1172	11	40	0	12	40	0	5	48	0	0	31	88	0	0	14	42	0	2	16	0	0	2	16	0	0	6	48	0	0	34	91	0	0	39	55	12	4	0	0	0	3	8	0	0	4	16	0	0	9	17	0	0	10	52	0	0	85	110	12	3	1159	11	40	0	11	40	0	5	48	0	0	30	88	0	0	12	40	0	2	16	0	0	2	16	0	0	5	48	0	0	31	88	0	0	14	42	0	4	0	0	0	3	8	0	0	2	16	0	0	2	16	0	0	6	48	0	0	34	91	0	0	39	55	12	9	0	0	0	12	0	0	0	4	0	0	0	3	8	0	0	4	16	0	0	9	17	0	0	10	52	0	0	85	110	12	3
677	670	35	10	4	663	20	0	0	35	10	4	13	0	0	0	89	15	8	0	656	19	0	0	20	0	0	11	0	0	0	56	0	0	0	35	10	4	6	0	0	0	12	5	0	0	13	0	0	0	89	15	8	0	649	19	0	0	19	0	0	11	0	0	0	51	0	0	0	20	0	0	6	0	0	0	7	0	0	0	11	0	0	0	56	0	0	0	35	10	4	8	0	0	0	5	0	0	0	6	0	0	0	12	5	0	0	13	0	0	0	89	15	8	0	642	17	0	0	19	0	0	11	0	0	0	51	0	0	0	19	0	0	4	0	0	0	4	0	0	0	11	0	0	0	51	0	0	0	20	0	0	4	0	0	0	5	0	0	0	6	0	0	0	7	0	0	0	11	0	0	0	56	0	0	0	35	10	4	11	0	0	0	14	10	0	0	8	0	0	0	5	0	0	0	6	0	0	0	12	5	0	0	13	0	0	0	89	15	8	0
1406	1391	71	87	4	1376	33	62	0	71	87	4	27	53	0	0	170	252	16	0	1361	30	60	0	33	62	0	20	53	0	0	88	195	0	0	71	87	4	12	20	0	0	24	20	0	0	27	53	0	0	170	252	16	0	1346	28	56	0	30	60	0	19	49	0	0	80	188	0	0	33	62	0	6	18	0	0	10	9	0	0	20	53	0	0	88	195	0	0	71	87	4	24	38	0	0	14	23	0	0	12	20	0	0	24	20	0	0	27	53	0	0	170	252	16	0	1331	22	50	0	28	56	0	19	45	0	0	75	176	0	0	30	60	0	4	18	0	0	7	9	0	0	19	49	0	0	80	188	0	0	33	62	0	0	36	0	0	6	20	0	0	6	18	0	0	10	9	0	0	20	53	0	0	88	195	0	0	71	87	4	10	38	0	0	12	46	0	0	24	38	0	0	14	23	0	0	12	20	0	0	24	20	0	0	27	53	0	0	170	252	16	0
1039	1028	53	40	0	1017	26	24	0	53	40	0	25	0	0	0	134	100	0	0	1006	24	24	0	26	24	0	20	0	0	0	72	64	0	0	53	40	0	8	0	0	0	11	8	0	0	25	0	0	0	134	100	0	0	995	24	24	0	24	24	0	20	0	0	0	66	64	0	0	26	24	0	8	0	0	0	6	0	0	0	20	0	0	0	72	64	0	0	53	40	0	8	0	0	0	7	0	0	0	8	0	0	0	11	8	0	0	25	0	0	0	134	100	0	0	984	22	24	0	24	24	0	20	0	0	0	66	64	0	0	24	24	0	6	0	0	0	3	0	0	0	20	0	0	0	66	64	0	0	26	24	0	4	0	0	0	5	0	0	0	8	0	0	0	6	0	0	0	20	0	0	0	72	64	0	0	53	40	0	11	0	0	0	15	8	0	0	8	0	0	0	7	0	0	0	8	0	0	0	11	8	0	0	25	0	0	0	134	100	0	0
1055	1044	53	10	35	1033	37	0	4	53	10	35	45	0	0	4	151	30	35	43	1022	32	0	4	37	0	4	25	0	0	4	105	0	4	7	53	10	35	8	0	0	0	15	0	0	0	45	0	0	4	151	30	35	43	1011	31	0	0	32	0	4	25	0	0	0	91	0	4	0	37	0	4	8	0	0	0	11	0	0	0	25	0	0	4	105	0	4	7	53	10	35	8	0	5	0	6	0	0	0	8	0	0	0	15	0	0	0	45	0	0	4	151	30	35	43	1000	26	0	0	31	0	0	24	0	0	0	87	0	0	0	32	0	4	6	0	0	0	5	0	0	0	25	0	0	0	91	0	4	0	37	0	4	4	0	4	0	6	0	0	0	8	0	0	0	11	0	0	0	25	0	0	4	105	0	4	7	53	10	35	4	0	19	0	8	0	0	0	8	0	5	0	6	0	0	0	8	0	0	0	15	0	0	0	45	0	0	4	151	30	35	43
1516	1500	76	73	34	1484	44	51	9	76	73	34	57	20	0	9	204	248	68	31	1468	37	39	7	44	51	9	24	0	0	7	126	188	18	7	76	73	34	9	24	0	6	23	36	34	0	57	20	0	9	204	248	68	31	1452	35	35	0	37	39	7	24	0	0	0	109	132	14	0	44	51	9	5	20	0	0	12	30	9	0	24	0	0	7	126	188	18	7	76	73	34	25	40	5	0	15	15	0	0	9	24	0	6	23	36	34	0	57	20	0	9	204	248	68	31	1436	26	13	0	35	35	0	23	0	0	0	101	120	0	0	37	39	7	5	0	0	0	9	0	7	0	24	0	0	0	109	132	14	0	44	51	9	5	0	4	0	7	15	0	0	5	20	0	0	12	30	9	0	24	0	0	7	126	188	18	7	76	73	34	10	26	31	0	11	52	68	0	25	40	5	0	15	15	0	0	9	24	0	6	23	36	34	0	57	20	0	9	204	248	68	31
1237	1224	66	55	5	1211	32	15	4	66	55	5	42	75	0	4	171	165	25	0	1198	26	0	4	32	15	4	18	0	0	4	92	40	20	0	66	55	5	5	0	0	0	15	35	15	0	42	75	0	4	171	165	25	0	1185	25	0	0	26	0	4	18	0	0	0	77	0	20	0	32	15	4	5	0	0	0	9	15	12	0	18	0	0	4	92	40	20	0	66	55	5	5	0	5	0	4	0	0	0	5	0	0	0	15	35	15	0	42	75	0	4	171	165	25	0	1172	22	0	0	25	0	0	17	0	0	0	73	0	0	0	26	0	4	3	0	0	0	6	0	12	0	18	0	0	0	77	0	20	0	32	15	4	1	0	4	0	4	0	0	0	5	0	0	0	9	15	12	0	18	0	0	4	92	40	20	0	66	55	5	5	0	5	0	9	0	0	0	5	0	5	0	4	0	0	0	5	0	0	0	15	35	15	0	42	75	0	4	171	165	25	0
1566	1549	71	108	18	1532	33	78	0	71	108	18	33	96	0	0	187	273	54	27	1515	28	76	0	33	78	0	13	90	0	0	94	198	0	7	71	108	18	9	20	0	0	25	0	0	0	33	96	0	0	187	273	54	27	1498	27	76	0	28	76	0	13	90	0	0	80	196	0	0	33	78	0	5	20	0	0	10	0	0	0	13	90	0	0	94	198	0	7	71	108	18	8	0	0	0	7	12	0	0	9	20	0	0	25	0	0	0	33	96	0	0	187	273	54	27	1481	23	76	0	27	76	0	13	90	0	0	76	196	0	0	28	76	0	3	20	0	0	4	0	0	0	13	90	0	0	80	196	0	0	33	78	0	4	0	0	0	4	10	0	0	5	20	0	0	10	0	0	0	13	90	0	0	94	198	0	7	71	108	18	4	0	14	0	10	0	0	0	8	0	0	0	7	12	0	0	9	20	0	0	25	0	0	0	33	96	0	0	187	273	54	27
1044	1033	54	37	9	1022	29	16	0	54	37	9	35	18	0	0	150	107	27	4	1011	25	10	0	29	16	0	18	0	0	0	84	56	0	0	54	37	9	6	0	0	0	14	0	9	0	35	18	0	0	150	107	27	4	1000	25	10	0	25	10	0	18	0	0	0	71	50	0	0	29	16	0	6	0	0	0	9	0	0	0	18	0	0	0	84	56	0	0	54	37	9	8	0	0	0	7	0	0	0	6	0	0	0	14	0	9	0	35	18	0	0	150	107	27	4	989	22	10	0	25	10	0	18	0	0	0	71	50	0	0	25	10	0	4	0	0	0	3	0	0	0	18	0	0	0	71	50	0	0	29	16	0	4	0	0	0	5	0	0	0	6	0	0	0	9	0	0	0	18	0	0	0	84	56	0	0	54	37	9	4	0	5	0	9	0	0	0	8	0	0	0	7	0	0	0	6	0	0	0	14	0	9	0	35	18	0	0	150	107	27	4
850	841	43	20	7	832	16	0	2	43	20	7	27	0	19	0	94	60	35	5	823	11	0	2	16	0	2	6	0	4	0	42	0	10	4	43	20	7	1	0	2	0	9	12	0	0	27	0	19	0	94	60	35	5	814	11	0	2	11	0	2	6	0	4	0	33	0	10	4	16	0	2	1	0	2	0	6	0	0	0	6	0	4	0	42	0	10	4	43	20	7	1	0	0	0	1	0	0	0	1	0	2	0	9	12	0	0	27	0	19	0	94	60	35	5	805	11	0	0	11	0	2	6	0	4	0	33	0	10	0	11	0	2	1	0	2	0	6	0	0	0	6	0	4	0	33	0	10	4	16	0	2	1	0	0	0	1	0	0	0	1	0	2	0	6	0	0	0	6	0	4	0	42	0	10	4	43	20	7	3	0	0	0	5	0	0	0	1	0	0	0	1	0	0	0	1	0	2	0	9	12	0	0	27	0	19	0	94	60	35	5
1392	1377	65	72	38	1362	30	44	0	65	72	38	42	44	31	0	164	219	114	101	1347	24	44	0	30	44	0	13	44	0	0	86	143	0	17	65	72	38	9	0	0	0	19	50	0	0	42	44	31	0	164	219	114	101	1332	21	44	0	24	44	0	13	44	0	0	70	143	0	15	30	44	0	3	0	0	0	6	22	0	0	13	44	0	0	86	143	0	17	65	72	38	1	0	20	0	3	11	0	0	9	0	0	0	19	50	0	0	42	44	31	0	164	219	114	101	1317	21	44	0	21	44	0	13	44	0	0	60	143	0	0	24	44	0	3	0	0	0	5	22	0	0	13	44	0	0	70	143	0	15	30	44	0	1	0	0	0	3	11	0	0	3	0	0	0	6	22	0	0	13	44	0	0	86	143	0	17	65	72	38	5	0	0	0	9	0	0	0	1	0	20	0	3	11	0	0	9	0	0	0	19	50	0	0	42	44	31	0	164	219	114	101
940	930	41	23	28	920	22	9	0	41	23	28	20	0	31	0	106	30	56	66	910	21	9	0	22	9	0	16	0	0	0	65	9	0	13	41	23	28	4	0	0	0	13	0	0	0	20	0	31	0	106	30	56	66	900	19	9	0	21	9	0	16	0	0	0	64	9	0	11	22	9	0	2	0	0	0	4	0	0	0	16	0	0	0	65	9	0	13	41	23	28	0	0	20	0	3	0	0	0	4	0	0	0	13	0	0	0	20	0	31	0	106	30	56	66	890	19	9	0	19	9	0	16	0	0	0	58	9	0	0	21	9	0	2	0	0	0	4	0	0	0	16	0	0	0	64	9	0	11	22	9	0	0	0	0	0	3	0	0	0	2	0	0	0	4	0	0	0	16	0	0	0	65	9	0	13	41	23	28	2	0	0	0	4	0	0	0	0	0	20	0	3	0	0	0	4	0	0	0	13	0	0	0	20	0	31	0	106	30	56	66
947	937	46	21	18	927	22	0	0	46	21	18	22	0	21	0	110	42	54	32	917	21	0	0	22	0	0	18	0	0	0	60	0	0	4	46	21	18	2	0	0	0	15	0	0	0	22	0	21	0	110	42	54	32	907	21	0	0	21	0	0	18	0	0	0	59	0	0	4	22	0	0	2	0	0	0	6	0	0	0	18	0	0	0	60	0	0	4	46	21	18	0	0	0	0	2	0	0	0	2	0	0	0	15	0	0	0	22	0	21	0	110	42	54	32	897	21	0	0	21	0	0	18	0	0	0	59	0	0	0	21	0	0	2	0	0	0	6	0	0	0	18	0	0	0	59	0	0	4	22	0	0	0	0	0	0	2	0	0	0	2	0	0	0	6	0	0	0	18	0	0	0	60	0	0	4	46	21	18	0	0	0	0	0	0	0	0	0	0	0	0	2	0	0	0	2	0	0	0	15	0	0	0	22	0	21	0	110	42	54	32
1030	1019	47	39	5	1008	19	15	0	47	39	5	21	20	15	0	111	69	20	5	997	19	10	0	19	15	0	21	0	0	0	56	15	0	4	47	39	5	2	0	0	0	17	0	5	0	21	20	15	0	111	69	20	5	986	19	10	0	19	10	0	21	0	0	0	56	10	0	4	19	15	0	2	0	0	0	8	0	0	0	21	0	0	0	56	15	0	4	47	39	5	0	0	0	0	1	0	0	0	2	0	0	0	17	0	5	0	21	20	15	0	111	69	20	5	975	19	10	0	19	10	0	21	0	0	0	56	10	0	0	19	10	0	2	0	0	0	8	0	0	0	21	0	0	0	56	10	0	4	19	15	0	0	0	0	0	1	0	0	0	2	0	0	0	8	0	0	0	21	0	0	0	56	15	0	4	47	39	5	0	0	0	0	1	0	0	0	0	0	0	0	1	0	0	0	2	0	0	0	17	0	5	0	21	20	15	0	111	69	20	5
1221	1208	44	12	53	1195	27	0	13	44	12	53	37	0	8	45	107	12	53	96	1182	24	0	2	27	0	13	22	0	2	2	82	0	13	2	44	12	53	3	0	0	0	10	0	0	14	37	0	8	45	107	12	53	96	1169	24	0	2	24	0	2	22	0	2	2	74	0	2	2	27	0	13	3	0	0	0	10	0	0	4	22	0	2	2	82	0	13	2	44	12	53	1	0	0	0	2	0	0	0	3	0	0	0	10	0	0	14	37	0	8	45	107	12	53	96	1156	24	0	2	24	0	2	22	0	2	2	74	0	2	2	24	0	2	3	0	0	0	10	0	0	4	22	0	2	2	74	0	2	2	27	0	13	1	0	0	0	2	0	0	0	3	0	0	0	10	0	0	4	22	0	2	2	82	0	13	2	44	12	53	3	0	0	0	6	0	0	0	1	0	0	0	2	0	0	0	3	0	0	0	10	0	0	14	37	0	8	45	107	12	53	96
1030	1019	43	28	12	1008	23	0	2	43	28	12	33	0	8	2	100	49	48	12	997	20	0	2	23	0	2	18	0	2	2	69	0	8	2	43	28	12	3	0	0	0	8	0	0	0	33	0	8	2	100	49	48	12	986	20	0	2	20	0	2	18	0	2	2	61	0	8	2	23	0	2	3	0	0	0	8	0	0	0	18	0	2	2	69	0	8	2	43	28	12	1	0	0	0	1	0	0	0	3	0	0	0	8	0	0	0	33	0	8	2	100	49	48	12	975	20	0	2	20	0	2	18	0	2	2	61	0	8	2	20	0	2	3	0	0	0	8	0	0	0	18	0	2	2	61	0	8	2	23	0	2	1	0	0	0	1	0	0	0	3	0	0	0	8	0	0	0	18	0	2	2	69	0	8	2	43	28	12	3	0	0	0	9	0	0	0	1	0	0	0	1	0	0	0	3	0	0	0	8	0	0	0	33	0	8	2	100	49	48	12
1753	1734	79	130	34	1715	38	74	15	79	130	34	38	136	0	45	197	395	170	45	1696	34	49	0	38	74	15	28	16	0	0	119	262	75	2	79	130	34	8	17	24	0	24	34	102	39	38	136	0	45	197	395	170	45	1677	33	48	0	34	49	0	28	16	0	0	106	195	0	2	38	74	15	4	16	20	0	17	32	45	13	28	16	0	0	119	262	75	2	79	130	34	25	16	0	0	15	16	0	0	8	17	24	0	24	34	102	39	38	136	0	45	197	395	170	45	1658	28	45	0	33	48	0	28	16	0	0	102	192	0	2	34	49	0	4	16	0	0	16	32	0	11	28	16	0	0	106	195	0	2	38	74	15	3	16	0	0	5	16	0	0	4	16	20	0	17	32	45	13	28	16	0	0	119	262	75	2	79	130	34	10	39	0	0	12	65	0	0	25	16	0	0	15	16	0	0	8	17	24	0	24	34	102	39	38	136	0	45	197	395	170	45
1473	1457	53	71	41	1441	27	48	5	53	71	41	44	36	5	25	138	145	82	96	1425	22	48	0	27	48	5	19	36	0	0	84	132	10	2	53	71	41	3	0	0	0	9	24	0	5	44	36	5	25	138	145	82	96	1409	22	48	0	22	48	0	19	36	0	0	69	132	0	2	27	48	5	3	0	0	0	9	24	0	4	19	36	0	0	84	132	10	2	53	71	41	1	0	0	0	2	0	0	0	3	0	0	0	9	24	0	5	44	36	5	25	138	145	82	96	1393	22	48	0	22	48	0	19	36	0	0	69	132	0	2	22	48	0	3	0	0	0	8	24	0	4	19	36	0	0	69	132	0	2	27	48	5	1	0	0	0	2	0	0	0	3	0	0	0	9	24	0	4	19	36	0	0	84	132	10	2	53	71	41	3	0	0	0	6	0	0	0	1	0	0	0	2	0	0	0	3	0	0	0	9	24	0	5	44	36	5	25	138	145	82	96
1196	1183	47	53	16	1170	22	30	0	47	53	16	41	20	5	0	117	115	48	30	1157	17	30	0	22	30	0	16	20	0	0	67	90	0	2	47	53	16	3	0	0	0	8	20	0	0	41	20	5	0	117	115	48	30	1144	17	30	0	17	30	0	16	20	0	0	52	90	0	2	22	30	0	3	0	0	0	7	20	0	0	16	20	0	0	67	90	0	2	47	53	16	1	0	0	0	1	0	0	0	3	0	0	0	8	20	0	0	41	20	5	0	117	115	48	30	1131	17	30	0	17	30	0	16	20	0	0	52	90	0	2	17	30	0	3	0	0	0	6	20	0	0	16	20	0	0	52	90	0	2	22	30	0	1	0	0	0	1	0	0	0	3	0	0	0	7	20	0	0	16	20	0	0	67	90	0	2	47	53	16	3	0	0	0	7	0	0	0	1	0	0	0	1	0	0	0	3	0	0	0	8	20	0	0	41	20	5	0	117	115	48	30
830	821	31	8	37	812	18	8	3	31	8	37	18	0	24	6	87	24	0	103	803	18	8	2	18	8	3	18	0	0	4	57	24	0	22	31	8	37	3	0	0	2	9	0	0	0	18	0	24	6	87	24	0	103	794	18	8	2	18	8	2	18	0	0	4	57	24	0	2	18	8	3	3	0	0	2	8	0	0	0	18	0	0	4	57	24	0	22	31	8	37	1	0	0	0	1	0	0	0	3	0	0	2	9	0	0	0	18	0	24	6	87	24	0	103	785	18	8	2	18	8	2	18	0	0	4	57	24	0	2	18	8	2	3	0	0	2	8	0	0	0	18	0	0	4	57	24	0	2	18	8	3	1	0	0	0	1	0	0	0	3	0	0	2	8	0	0	0	18	0	0	4	57	24	0	22	31	8	37	3	0	0	0	9	0	0	0	1	0	0	0	1	0	0	0	3	0	0	2	9	0	0	0	18	0	24	6	87	24	0	103
1112	1100	41	32	31	1088	19	0	16	41	32	31	16	0	40	0	96	72	124	46	1076	19	0	16	19	0	16	16	0	16	0	55	0	64	17	41	32	31	5	0	0	0	10	0	0	0	16	0	40	0	96	72	124	46	1064	19	0	13	19	0	16	16	0	16	0	55	0	64	2	19	0	16	5	0	0	0	8	0	0	0	16	0	16	0	55	0	64	17	41	32	31	9	0	0	15	12	0	0	0	5	0	0	0	10	0	0	0	16	0	40	0	96	72	124	46	1052	17	0	12	19	0	13	16	0	13	0	55	0	52	2	19	0	16	5	0	0	0	8	0	0	0	16	0	16	0	55	0	64	2	19	0	16	4	0	0	12	2	0	0	0	5	0	0	0	8	0	0	0	16	0	16	0	55	0	64	17	41	32	31	7	0	0	4	11	16	0	0	9	0	0	15	12	0	0	0	5	0	0	0	10	0	0	0	16	0	40	0	96	72	124	46
1625	1607	66	101	53	1589	29	79	5	66	101	53	26	140	24	20	179	306	53	156	1571	27	77	0	29	79	5	16	132	0	0	90	248	5	35	66	101	53	5	22	0	0	20	22	0	5	26	140	24	20	179	306	53	156	1553	27	77	0	27	77	0	16	132	0	0	83	242	0	4	29	79	5	5	22	0	0	17	22	0	0	16	132	0	0	90	248	5	35	66	101	53	6	0	0	0	4	0	0	0	5	22	0	0	20	22	0	5	26	140	24	20	179	306	53	156	1535	26	77	0	27	77	0	16	132	0	0	83	242	0	4	27	77	0	5	22	0	0	16	22	0	0	16	132	0	0	83	242	0	4	29	79	5	4	0	0	0	2	0	0	0	5	22	0	0	17	22	0	0	16	132	0	0	90	248	5	35	66	101	53	6	0	0	0	11	10	0	0	6	0	0	0	4	0	0	0	5	22	0	0	20	22	0	5	26	140	24	20	179	306	53	156
920	910	38	23	22	900	20	9	0	38	23	22	18	0	24	0	102	48	44	62	890	20	9	0	20	9	0	18	0	0	0	65	27	0	17	38	23	22	5	0	0	0	10	0	0	0	18	0	24	0	102	48	44	62	880	20	9	0	20	9	0	18	0	0	0	65	27	0	2	20	9	0	5	0	0	0	10	0	0	0	18	0	0	0	65	27	0	17	38	23	22	6	0	0	0	6	0	0	0	5	0	0	0	10	0	0	0	18	0	24	0	102	48	44	62	870	19	9	0	20	9	0	18	0	0	0	65	27	0	2	20	9	0	5	0	0	0	10	0	0	0	18	0	0	0	65	27	0	2	20	9	0	4	0	0	0	2	0	0	0	5	0	0	0	10	0	0	0	18	0	0	0	65	27	0	17	38	23	22	6	0	0	0	11	7	0	0	6	0	0	0	6	0	0	0	5	0	0	0	10	0	0	0	18	0	24	0	102	48	44	62
833	824	39	20	8	815	20	0	0	39	20	8	16	0	24	0	94	45	32	34	806	20	0	0	20	0	0	16	0	0	0	58	0	0	15	39	20	8	5	0	0	0	10	0	0	0	16	0	24	0	94	45	32	34	797	20	0	0	20	0	0	16	0	0	0	58	0	0	0	20	0	0	5	0	0	0	8	0	0	0	16	0	0	0	58	0	0	15	39	20	8	9	0	0	0	12	0	0	0	5	0	0	0	10	0	0	0	16	0	24	0	94	45	32	34	788	18	0	0	20	0	0	16	0	0	0	58	0	0	0	20	0	0	5	0	0	0	8	0	0	0	16	0	0	0	58	0	0	0	20	0	0	4	0	0	0	2	0	0	0	5	0	0	0	8	0	0	0	16	0	0	0	58	0	0	15	39	20	8	7	0	0	0	10	10	0	0	9	0	0	0	12	0	0	0	5	0	0	0	10	0	0	0	16	0	24	0	94	45	32	34
1379	1364	41	14	85	1349	25	0	58	41	14	85	14	0	12	52	96	14	85	61	1334	25	0	49	25	0	58	14	0	12	12	70	0	58	16	41	14	85	6	0	0	12	17	0	0	34	14	0	12	52	96	14	85	61	1319	23	0	47	25	0	49	14	0	12	12	70	0	49	16	25	0	58	4	0	0	10	11	0	0	15	14	0	12	12	70	0	58	16	41	14	85	31	0	0	20	21	28	0	0	6	0	0	12	17	0	0	34	14	0	12	52	96	14	85	61	1304	15	0	30	23	0	47	14	0	12	9	64	0	47	13	25	0	49	4	0	0	0	11	0	0	0	14	0	12	12	70	0	49	16	25	0	58	6	0	0	0	6	0	0	0	4	0	0	10	11	0	0	15	14	0	12	12	70	0	58	16	41	14	85	15	0	26	48	3	0	0	34	31	0	0	20	21	28	0	0	6	0	0	12	17	0	0	34	14	0	12	52	96	14	85	61
1273	1259	39	52	31	1245	20	25	17	39	52	31	16	0	12	4	79	57	93	39	1231	19	25	17	20	25	17	14	0	12	4	53	12	51	16	39	52	31	7	0	0	0	17	9	0	0	16	0	12	4	79	57	93	39	1217	16	22	17	19	25	17	13	0	12	4	51	12	51	16	20	25	17	3	0	0	0	9	0	0	0	14	0	12	4	53	12	51	16	39	52	31	27	27	0	0	18	27	0	0	7	0	0	0	17	9	0	0	16	0	12	4	79	57	93	39	1203	11	12	16	16	22	17	13	0	12	4	44	9	51	13	19	25	17	3	0	0	0	9	0	0	0	13	0	12	4	51	12	51	16	20	25	17	5	0	0	0	4	0	0	0	3	0	0	0	9	0	0	0	14	0	12	4	53	12	51	16	39	52	31	14	12	0	6	3	0	31	0	27	27	0	0	18	27	0	0	7	0	0	0	17	9	0	0	16	0	12	4	79	57	93	39
1630	1612	94	109	41	1594	56	65	36	94	109	41	61	52	21	40	220	313	205	0	1576	50	65	27	56	65	36	40	52	21	0	152	221	180	0	94	109	41	33	0	0	12	34	71	0	34	61	52	21	40	220	313	205	0	1558	40	45	25	50	65	27	32	52	21	0	134	221	135	0	56	65	36	12	0	0	10	16	39	0	15	40	52	21	0	152	221	180	0	94	109	41	26	160	18	20	32	74	0	0	33	0	0	12	34	71	0	34	61	52	21	40	220	313	205	0	1540	33	8	11	40	45	25	27	32	21	0	104	161	125	0	50	65	27	11	0	0	0	15	39	0	0	32	52	21	0	134	221	135	0	56	65	36	14	0	18	0	20	26	0	0	12	0	0	10	16	39	0	15	40	52	21	0	152	221	180	0	94	109	41	26	40	44	20	9	13	164	34	26	160	18	20	32	74	0	0	33	0	0	12	34	71	0	34	61	52	21	40	220	313	205	0
1439	1423	70	82	43	1407	38	61	8	70	82	43	47	37	0	40	175	233	86	114	1391	34	59	0	38	61	8	28	37	0	0	110	201	16	21	70	82	43	14	24	0	0	24	48	0	34	47	37	0	40	175	233	86	114	1375	31	54	0	34	59	0	27	35	0	0	97	194	0	16	38	61	8	7	22	0	0	14	46	0	15	28	37	0	0	110	201	16	21	70	82	43	36	52	0	0	26	29	0	0	14	24	0	0	24	48	0	34	47	37	0	40	175	233	86	114	1359	24	42	0	31	54	0	26	31	0	0	87	177	0	13	34	59	0	6	22	0	0	13	45	0	0	27	35	0	0	97	194	0	16	38	61	8	8	33	0	0	12	11	0	0	7	22	0	0	14	46	0	15	28	37	0	0	110	201	16	21	70	82	43	28	29	13	0	6	11	43	0	36	52	0	0	26	29	0	0	14	24	0	0	24	48	0	34	47	37	0	40	175	233	86	114
909	899	37	27	13	889	21	9	0	37	27	13	16	0	0	0	76	30	39	39	879	20	9	0	21	9	0	14	0	0	0	54	0	0	16	37	27	13	7	0	0	0	15	6	0	0	16	0	0	0	76	30	39	39	869	17	9	0	20	9	0	13	0	0	0	52	0	0	16	21	9	0	3	0	0	0	9	0	0	0	14	0	0	0	54	0	0	16	37	27	13	30	0	0	0	17	18	0	0	7	0	0	0	15	6	0	0	16	0	0	0	76	30	39	39	859	11	9	0	17	9	0	13	0	0	0	45	0	0	13	20	9	0	3	0	0	0	9	0	0	0	13	0	0	0	52	0	0	16	21	9	0	5	0	0	0	4	0	0	0	3	0	0	0	9	0	0	0	14	0	0	0	54	0	0	16	37	27	13	15	0	0	0	3	0	0	0	30	0	0	0	17	18	0	0	7	0	0	0	15	6	0	0	16	0	0	0	76	30	39	39
999	988	49	18	41	977	40	0	6	49	18	41	37	0	0	18	114	18	82	128	966	36	0	6	40	0	6	29	0	0	18	103	0	12	61	49	18	41	16	0	0	0	19	9	0	0	37	0	0	18	114	18	82	128	955	24	0	6	36	0	6	22	0	0	18	95	0	12	44	40	0	6	6	0	0	0	16	0	0	0	29	0	0	18	103	0	12	61	49	18	41	6	0	50	0	12	0	0	0	16	0	0	0	19	9	0	0	37	0	0	18	114	18	82	128	944	22	0	6	24	0	6	17	0	0	18	62	0	12	42	36	0	6	6	0	0	0	16	0	0	0	22	0	0	18	95	0	12	44	40	0	6	6	0	0	0	12	0	0	0	6	0	0	0	16	0	0	0	29	0	0	18	103	0	12	61	49	18	41	11	0	17	0	6	0	0	0	6	0	50	0	12	0	0	0	16	0	0	0	19	9	0	0	37	0	0	18	114	18	82	128
1358	1343	53	49	58	1328	39	24	31	53	49	58	39	35	16	27	118	62	116	85	1313	32	11	31	39	24	31	29	11	16	27	98	35	62	53	53	49	58	12	22	36	0	17	11	58	0	39	35	16	27	118	62	116	85	1298	20	0	31	32	11	31	19	0	16	27	82	11	62	44	39	24	31	4	0	34	0	12	0	31	0	29	11	16	27	98	35	62	53	53	49	58	3	0	61	0	12	0	58	0	12	22	36	0	17	11	58	0	39	35	16	27	118	62	116	85	1283	19	0	31	20	0	31	15	0	16	27	50	0	62	42	32	11	31	4	0	34	0	12	0	31	0	19	0	16	27	82	11	62	44	39	24	31	3	0	18	0	12	0	31	0	4	0	34	0	12	0	31	0	29	11	16	27	98	35	62	53	53	49	58	10	0	8	0	5	0	0	0	3	0	61	0	12	0	58	0	12	22	36	0	17	11	58	0	39	35	16	27	118	62	116	85
1505	1488	67	96	46	1471	43	81	0	67	96	46	43	75	0	0	161	189	46	213	1454	38	78	0	43	81	0	28	72	0	0	121	181	0	119	67	96	46	21	30	0	0	34	22	0	0	43	75	0	0	161	189	46	213	1437	27	58	0	38	78	0	20	72	0	0	108	174	0	93	43	81	0	8	12	0	0	23	22	0	0	28	72	0	0	121	181	0	119	67	96	46	14	20	50	0	29	10	92	0	21	30	0	0	34	22	0	0	43	75	0	0	161	189	46	213	1420	24	52	0	27	58	0	14	66	0	0	77	112	0	89	38	78	0	7	12	0	0	23	21	0	0	20	72	0	0	108	174	0	93	43	81	0	9	20	0	0	19	10	0	0	8	12	0	0	23	22	0	0	28	72	0	0	121	181	0	119	67	96	46	27	60	17	0	15	10	0	0	14	20	50	0	29	10	92	0	21	30	0	0	34	22	0	0	43	75	0	0	161	189	46	213
1491	1474	85	118	8	1457	50	95	0	85	118	8	59	98	0	0	195	292	16	41	1440	45	76	0	50	95	0	42	66	0	0	139	249	0	36	85	118	8	30	69	0	0	37	40	16	0	59	98	0	0	195	292	16	41	1423	32	60	0	45	76	0	38	36	0	0	125	199	0	27	50	95	0	9	36	0	0	22	31	0	0	42	66	0	0	139	249	0	36	85	118	8	19	12	32	0	22	74	24	0	30	69	0	0	37	40	16	0	59	98	0	0	195	292	16	41	1406	28	57	0	32	60	0	25	36	0	0	89	156	0	25	45	76	0	8	36	0	0	22	29	0	0	38	36	0	0	125	199	0	27	50	95	0	10	12	0	0	14	67	0	0	9	36	0	0	22	31	0	0	42	66	0	0	139	249	0	36	85	118	8	25	27	8	0	11	35	0	0	19	12	32	0	22	74	24	0	30	69	0	0	37	40	16	0	59	98	0	0	195	292	16	41
1052	1040	57	51	8	1028	33	35	0	57	51	8	39	42	0	0	127	131	16	41	1016	27	35	0	33	35	0	23	42	0	0	88	105	0	36	57	51	8	18	0	0	0	21	23	0	0	39	42	0	0	127	131	16	41	1004	16	35	0	27	35	0	14	42	0	0	73	105	0	27	33	35	0	4	0	0	0	10	14	0	0	23	42	0	0	88	105	0	36	57	51	8	3	0	32	0	23	9	0	0	18	0	0	0	21	23	0	0	39	42	0	0	127	131	16	41	992	15	35	0	16	35	0	10	42	0	0	44	105	0	25	27	35	0	4	0	0	0	10	14	0	0	14	42	0	0	73	105	0	27	33	35	0	3	0	0	0	10	7	0	0	4	0	0	0	10	14	0	0	23	42	0	0	88	105	0	36	57	51	8	9	0	8	0	10	0	0	0	3	0	32	0	23	9	0	0	18	0	0	0	21	23	0	0	39	42	0	0	127	131	16	41
1076	1064	46	29	39	1052	25	9	8	46	29	39	25	18	39	8	118	56	78	115	1040	21	0	8	25	9	8	18	0	16	8	72	9	16	37	46	29	39	6	0	26	0	10	0	39	0	25	18	39	8	118	56	78	115	1028	21	0	8	21	0	8	18	0	16	8	63	0	16	37	25	9	8	6	0	0	0	9	0	8	0	18	0	16	8	72	9	16	37	46	29	39	2	0	0	0	9	0	0	0	6	0	26	0	10	0	39	0	25	18	39	8	118	56	78	115	1016	21	0	8	21	0	8	18	0	16	8	63	0	16	37	21	0	8	6	0	0	0	8	0	8	0	18	0	16	8	63	0	16	37	25	9	8	2	0	0	0	9	0	0	0	6	0	0	0	9	0	8	0	18	0	16	8	72	9	16	37	46	29	39	3	0	0	0	3	0	0	0	2	0	0	0	9	0	0	0	6	0	26	0	10	0	39	0	25	18	39	8	118	56	78	115
716	708	34	16	9	700	14	0	8	34	16	9	15	0	18	8	85	40	36	0	692	13	0	8	14	0	8	13	0	16	8	40	0	32	0	34	16	9	4	0	0	0	2	0	0	0	15	0	18	8	85	40	36	0	684	13	0	8	13	0	8	13	0	16	8	39	0	32	0	14	0	8	4	0	0	0	2	0	0	0	13	0	16	8	40	0	32	0	34	16	9	1	0	0	0	2	0	0	0	4	0	0	0	2	0	0	0	15	0	18	8	85	40	36	0	676	13	0	8	13	0	8	13	0	16	8	39	0	32	0	13	0	8	4	0	0	0	2	0	0	0	13	0	16	8	39	0	32	0	14	0	8	1	0	0	0	1	0	0	0	4	0	0	0	2	0	0	0	13	0	16	8	40	0	32	0	34	16	9	0	0	0	0	0	0	0	0	1	0	0	0	2	0	0	0	4	0	0	0	2	0	0	0	15	0	18	8	85	40	36	0
796	787	39	14	39	778	26	14	0	39	14	39	34	0	21	0	92	49	0	161	769	17	14	0	26	14	0	17	0	0	0	66	49	0	37	39	14	39	8	0	44	0	11	14	0	0	34	0	21	0	92	49	0	161	760	16	14	0	17	14	0	15	0	0	0	43	49	0	37	26	14	0	4	0	0	0	7	14	0	0	17	0	0	0	66	49	0	37	39	14	39	3	0	0	0	10	7	0	0	8	0	44	0	11	14	0	0	34	0	21	0	92	49	0	161	751	16	14	0	16	14	0	15	0	0	0	41	49	0	37	17	14	0	4	0	0	0	5	14	0	0	15	0	0	0	43	49	0	37	26	14	0	3	0	0	0	8	7	0	0	4	0	0	0	7	14	0	0	17	0	0	0	66	49	0	37	39	14	39	9	0	0	0	4	0	0	0	3	0	0	0	10	7	0	0	8	0	44	0	11	14	0	0	34	0	21	0	92	49	0	161
449	444	20	4	0	439	7	0	0	20	4	0	6	0	0	0	53	8	0	0	434	6	0	0	7	0	0	4	0	0	0	20	0	0	0	20	4	0	0	0	0	0	2	0	0	0	6	0	0	0	53	8	0	0	429	6	0	0	6	0	0	4	0	0	0	19	0	0	0	7	0	0	0	0	0	0	2	0	0	0	4	0	0	0	20	0	0	0	20	4	0	0	0	0	0	1	0	0	0	0	0	0	0	2	0	0	0	6	0	0	0	53	8	0	0	424	6	0	0	6	0	0	4	0	0	0	19	0	0	0	6	0	0	0	0	0	0	2	0	0	0	4	0	0	0	19	0	0	0	7	0	0	0	0	0	0	1	0	0	0	0	0	0	0	2	0	0	0	4	0	0	0	20	0	0	0	20	4	0	0	0	0	0	0	0	0	0	0	0	0	0	1	0	0	0	0	0	0	0	2	0	0	0	6	0	0	0	53	8	0	0
1041	1029	45	51	0	1017	11	32	0	45	51	0	11	32	0	0	110	151	0	0	1005	10	32	0	11	32	0	9	32	0	0	29	96	0	0	45	51	0	4	0	0	0	3	0	0	0	11	32	0	0	110	151	0	0	993	10	32	0	10	32	0	9	32	0	0	28	96	0	0	11	32	0	4	0	0	0	2	0	0	0	9	32	0	0	29	96	0	0	45	51	0	1	0	0	0	4	0	0	0	4	0	0	0	3	0	0	0	11	32	0	0	110	151	0	0	981	10	32	0	10	32	0	9	32	0	0	28	96	0	0	10	32	0	4	0	0	0	2	0	0	0	9	32	0	0	28	96	0	0	11	32	0	1	0	0	0	1	0	0	0	4	0	0	0	2	0	0	0	9	32	0	0	29	96	0	0	45	51	0	0	0	0	0	1	0	0	0	1	0	0	0	4	0	0	0	4	0	0	0	3	0	0	0	11	32	0	0	110	151	0	0
800	791	29	8	26	782	14	0	17	29	8	26	13	0	0	18	74	8	26	9	773	14	0	16	14	0	17	13	0	0	16	40	0	17	8	29	8	26	4	0	0	8	4	0	0	0	13	0	0	18	74	8	26	9	764	14	0	16	14	0	16	13	0	0	16	40	0	16	8	14	0	17	4	0	0	8	2	0	0	0	13	0	0	16	40	0	17	8	29	8	26	1	0	0	0	4	0	0	0	4	0	0	8	4	0	0	0	13	0	0	18	74	8	26	9	755	14	0	16	14	0	16	13	0	0	16	40	0	16	8	14	0	16	4	0	0	8	2	0	0	0	13	0	0	16	40	0	16	8	14	0	17	1	0	0	0	1	0	0	0	4	0	0	8	2	0	0	0	13	0	0	16	40	0	17	8	29	8	26	0	0	0	0	1	0	0	0	1	0	0	0	4	0	0	0	4	0	0	8	4	0	0	0	13	0	0	18	74	8	26	9
1333	1318	48	26	70	1303	25	0	44	48	26	70	22	0	65	50	116	39	140	48	1288	25	0	26	25	0	44	22	0	48	16	68	0	88	16	48	26	70	9	0	0	18	8	0	0	66	22	0	65	50	116	39	140	48	1273	25	0	25	25	0	26	22	0	20	16	68	0	52	16	25	0	44	9	0	0	17	4	0	0	31	22	0	48	16	68	0	88	16	48	26	70	5	0	0	9	15	0	0	0	9	0	0	18	8	0	0	66	22	0	65	50	116	39	140	48	1258	25	0	25	25	0	25	22	0	18	16	68	0	50	16	25	0	26	9	0	0	17	4	0	0	31	22	0	20	16	68	0	52	16	25	0	44	5	0	0	9	10	0	0	0	9	0	0	17	4	0	0	31	22	0	48	16	68	0	88	16	48	26	70	5	0	0	0	6	0	0	0	5	0	0	9	15	0	0	0	9	0	0	18	8	0	0	66	22	0	65	50	116	39	140	48
1321	1306	61	59	42	1291	30	14	39	61	59	42	31	0	52	0	146	149	210	0	1276	28	14	38	30	14	39	23	0	52	0	81	14	195	0	61	59	42	18	0	10	10	19	9	0	0	31	0	52	0	146	149	210	0	1261	26	14	37	28	14	38	22	0	50	0	76	14	190	0	30	14	39	9	0	10	9	4	0	0	0	23	0	52	0	81	14	195	0	61	59	42	13	0	0	9	12	18	0	0	18	0	10	10	19	9	0	0	31	0	52	0	146	149	210	0	1246	25	14	37	26	14	37	21	0	48	0	68	14	185	0	28	14	38	8	0	10	9	4	0	0	0	22	0	50	0	76	14	190	0	30	14	39	8	0	0	9	9	0	0	0	9	0	10	9	4	0	0	0	23	0	52	0	81	14	195	0	61	59	42	13	0	0	0	5	9	0	0	13	0	0	9	12	18	0	0	18	0	10	10	19	9	0	0	31	0	52	0	146	149	210	0
1299	1284	56	77	17	1269	21	45	10	56	77	17	18	46	30	0	127	199	68	9	1254	20	44	10	21	45	10	15	44	30	0	52	122	40	8	56	77	17	9	11	10	0	15	0	0	0	18	46	30	0	127	199	68	9	1239	19	44	10	20	44	10	15	44	30	0	51	121	40	8	21	45	10	5	11	10	0	3	0	0	0	15	44	30	0	52	122	40	8	56	77	17	4	0	0	0	8	7	0	0	9	11	10	0	15	0	0	0	18	46	30	0	127	199	68	9	1224	19	44	10	19	44	10	15	44	30	0	47	121	40	8	20	44	10	5	11	10	0	3	0	0	0	15	44	30	0	51	121	40	8	21	45	10	4	0	0	0	5	0	0	0	5	11	10	0	3	0	0	0	15	44	30	0	52	122	40	8	56	77	17	2	0	0	0	4	0	0	0	4	0	0	0	8	7	0	0	9	11	10	0	15	0	0	0	18	46	30	0	127	199	68	9
1384	1368	63	88	23	1352	25	59	5	63	88	23	27	60	30	10	147	245	69	48	1336	23	56	0	25	59	5	19	56	15	0	65	182	15	16	63	88	23	10	35	0	0	14	22	0	8	27	60	30	10	147	245	69	48	1320	22	55	0	23	56	0	17	55	0	0	58	177	0	16	25	59	5	6	33	0	0	3	22	0	0	19	56	15	0	65	182	15	16	63	88	23	4	11	0	0	14	11	0	0	10	35	0	0	14	22	0	8	27	60	30	10	147	245	69	48	1304	22	55	0	22	55	0	17	55	0	0	56	176	0	16	23	56	0	6	33	0	0	3	22	0	0	17	55	0	0	58	177	0	16	25	59	5	4	11	0	0	9	11	0	0	6	33	0	0	3	22	0	0	19	56	15	0	65	182	15	16	63	88	23	5	0	0	0	7	0	0	0	4	11	0	0	14	11	0	0	10	35	0	0	14	22	0	8	27	60	30	10	147	245	69	48
1583	1565	58	17	139	1547	42	0	85	58	17	139	36	0	25	87	146	0	139	178	1529	40	0	71	42	0	85	31	0	23	63	109	0	85	115	58	17	139	22	0	0	41	22	17	0	39	36	0	25	87	146	0	139	178	1511	37	0	37	40	0	71	30	0	23	40	101	0	71	90	42	0	85	13	0	0	0	8	0	0	8	31	0	23	63	109	0	85	115	58	17	139	14	0	10	77	14	0	0	112	22	0	0	41	22	17	0	39	36	0	25	87	146	0	139	178	1493	31	0	19	37	0	37	26	0	18	38	89	0	37	88	40	0	71	12	0	0	0	7	0	0	8	30	0	23	40	101	0	71	90	42	0	85	9	0	10	9	14	0	0	31	13	0	0	0	8	0	0	8	31	0	23	63	109	0	85	115	58	17	139	13	0	51	9	6	0	0	72	14	0	10	77	14	0	0	112	22	0	0	41	22	17	0	39	36	0	25	87	146	0	139	178
1569	1551	68	81	96	1533	37	33	76	68	81	96	47	0	63	42	187	201	384	59	1515	31	29	76	37	33	76	24	0	61	42	111	81	304	49	68	81	96	14	48	0	0	27	64	0	0	47	0	63	42	187	201	384	59	1497	29	17	70	31	29	76	23	0	61	40	90	65	304	48	37	33	76	8	0	0	0	10	16	0	0	24	0	61	42	111	81	304	49	68	81	96	13	0	16	50	12	0	96	0	14	48	0	0	27	64	0	0	47	0	63	42	187	201	384	59	1479	28	17	56	29	17	70	22	0	56	38	83	17	280	47	31	29	76	7	0	0	0	7	12	0	0	23	0	61	40	90	65	304	48	37	33	76	8	0	16	9	12	0	76	0	8	0	0	0	10	16	0	0	24	0	61	42	111	81	304	49	68	81	96	18	0	0	74	7	0	0	41	13	0	16	50	12	0	96	0	14	48	0	0	27	64	0	0	47	0	63	42	187	201	384	59
1133	1120	55	39	47	1107	33	12	21	55	39	47	37	0	34	20	146	66	141	82	1094	29	12	21	33	12	21	22	0	32	20	97	12	63	54	55	39	47	18	0	0	0	20	27	0	0	37	0	34	20	146	66	141	82	1081	27	12	21	29	12	21	21	0	32	20	82	12	63	48	33	12	21	9	0	0	0	6	0	0	0	22	0	32	20	97	12	63	54	55	39	47	13	0	0	0	9	0	0	0	18	0	0	0	20	27	0	0	37	0	34	20	146	66	141	82	1068	26	12	21	27	12	21	20	0	32	20	74	12	63	47	29	12	21	8	0	0	0	4	0	0	0	21	0	32	20	82	12	63	48	33	12	21	8	0	0	0	9	0	0	0	9	0	0	0	6	0	0	0	22	0	32	20	97	12	63	54	55	39	47	13	0	0	0	5	0	0	0	13	0	0	0	9	0	0	0	18	0	0	0	20	27	0	0	37	0	34	20	146	66	141	82
1728	1708	96	143	52	1688	51	89	41	96	143	52	54	106	24	14	251	436	260	42	1668	46	72	38	51	89	41	36	53	24	10	142	280	205	39	96	143	52	22	89	0	19	53	51	52	0	54	106	24	14	251	436	260	42	1648	38	54	17	46	72	38	36	37	24	0	125	218	190	38	51	89	41	8	37	0	0	27	14	41	0	36	53	24	10	142	280	205	39	96	143	52	10	107	32	58	20	68	52	54	22	89	0	19	53	51	52	0	54	106	24	14	251	436	260	42	1628	31	34	0	38	54	17	23	18	17	0	99	154	85	37	46	72	38	8	18	0	0	24	9	38	0	36	37	24	0	125	218	190	38	51	89	41	5	50	32	0	13	64	41	0	8	37	0	0	27	14	41	0	36	53	24	10	142	280	205	39	96	143	52	13	106	50	0	13	34	52	84	10	107	32	58	20	68	52	54	22	89	0	19	53	51	52	0	54	106	24	14	251	436	260	42
1539	1521	66	103	59	1503	36	77	20	66	103	59	32	78	13	14	168	219	118	152	1485	34	75	18	36	77	20	27	78	13	10	104	193	40	98	66	103	59	27	24	0	10	40	10	0	0	32	78	13	14	168	219	118	152	1467	28	72	8	34	75	18	26	72	13	0	96	188	36	74	36	77	20	10	24	0	0	12	0	0	0	27	78	13	10	104	193	40	98	66	103	59	15	36	0	40	11	48	0	8	27	24	0	10	40	10	0	0	32	78	13	14	168	219	118	152	1449	24	70	0	28	72	8	17	72	8	0	77	180	16	72	34	75	18	9	24	0	0	11	0	0	0	26	72	13	0	96	188	36	74	36	77	20	6	36	0	0	10	48	0	0	10	24	0	0	12	0	0	0	27	78	13	10	104	193	40	98	66	103	59	11	20	9	0	9	24	0	41	15	36	0	40	11	48	0	8	27	24	0	10	40	10	0	0	32	78	13	14	168	219	118	152
1297	1282	55	27	100	1267	30	14	55	55	27	100	37	0	65	58	158	83	100	254	1252	23	14	53	30	14	55	18	0	56	52	87	70	55	158	55	27	100	7	0	32	20	16	0	0	0	37	0	65	58	158	83	100	254	1237	22	14	53	23	14	53	17	0	56	52	61	70	53	153	30	14	55	6	0	11	20	8	0	0	0	18	0	56	52	87	70	55	158	55	27	100	7	0	9	0	8	0	0	0	7	0	32	20	16	0	0	0	37	0	65	58	158	83	100	254	1222	19	14	53	22	14	53	15	0	56	52	58	70	53	116	23	14	53	4	0	11	20	3	0	0	0	17	0	56	52	61	70	53	153	30	14	55	5	0	0	0	8	0	0	0	6	0	11	20	8	0	0	0	18	0	56	52	87	70	55	158	55	27	100	1	0	28	0	6	0	0	0	7	0	9	0	8	0	0	0	7	0	32	20	16	0	0	0	37	0	65	58	158	83	100	254
1818	1797	77	108	122	1776	38	28	84	77	108	122	35	140	85	101	215	343	610	195	1755	29	0	84	38	28	84	22	0	76	101	114	98	420	138	77	108	122	7	0	73	0	20	19	244	0	35	140	85	101	215	343	610	195	1734	27	0	84	29	0	84	19	0	76	101	83	0	420	135	38	28	84	6	0	49	0	17	14	168	0	22	0	76	101	114	98	420	138	77	108	122	5	0	21	0	8	0	0	0	7	0	73	0	20	19	244	0	35	140	85	101	215	343	610	195	1713	25	0	77	27	0	84	17	0	76	79	80	0	420	108	29	0	84	4	0	49	0	12	0	168	0	19	0	76	101	83	0	420	135	38	28	84	3	0	11	0	8	0	0	0	6	0	49	0	17	14	168	0	22	0	76	101	114	98	420	138	77	108	122	6	0	18	58	4	0	0	0	5	0	21	0	8	0	0	0	7	0	73	0	20	19	244	0	35	140	85	101	215	343	610	195
945	934	54	34	21	923	27	10	12	54	34	21	34	0	21	0	153	102	84	52	912	22	10	12	27	10	12	19	0	12	0	86	30	48	41	54	34	21	7	0	9	0	15	0	0	0	34	0	21	0	153	102	84	52	901	21	10	12	22	10	12	18	0	12	0	67	30	48	38	27	10	12	6	0	0	0	13	0	0	0	19	0	12	0	86	30	48	41	54	34	21	4	0	9	0	4	0	0	0	7	0	9	0	15	0	0	0	34	0	21	0	153	102	84	52	890	19	10	12	21	10	12	16	0	12	0	64	30	48	17	22	10	12	4	0	0	0	9	0	0	0	18	0	12	0	67	30	48	38	27	10	12	2	0	0	0	4	0	0	0	6	0	0	0	13	0	0	0	19	0	12	0	86	30	48	41	54	34	21	1	0	18	0	2	0	0	0	4	0	9	0	4	0	0	0	7	0	9	0	15	0	0	0	34	0	21	0	153	102	84	52
1187	1173	60	52	57	1159	28	49	0	60	52	57	35	30	9	0	164	175	0	393	1145	22	40	0	28	49	0	16	30	0	0	85	166	0	243	60	52	57	7	0	21	0	25	9	57	0	35	30	9	0	164	175	0	393	1131	21	40	0	22	40	0	15	30	0	0	64	130	0	224	28	49	0	6	0	0	0	10	9	0	0	16	30	0	0	85	166	0	243	60	52	57	8	0	9	0	12	0	0	0	7	0	21	0	25	9	57	0	35	30	9	0	164	175	0	393	1117	18	40	0	21	40	0	13	30	0	0	61	130	0	153	22	40	0	4	0	0	0	6	0	0	0	15	30	0	0	64	130	0	224	28	49	0	6	0	0	0	12	0	0	0	6	0	0	0	10	9	0	0	16	30	0	0	85	166	0	243	60	52	57	6	0	28	0	10	0	0	0	8	0	9	0	12	0	0	0	7	0	21	0	25	9	57	0	35	30	9	0	164	175	0	393
1347	1331	74	97	21	1315	31	63	0	74	97	21	41	94	9	0	198	302	84	148	1299	22	55	0	31	63	0	14	66	0	0	96	200	0	117	74	97	21	5	22	21	0	30	49	21	0	41	94	9	0	198	302	84	148	1283	21	55	0	22	55	0	13	66	0	0	67	176	0	114	31	63	0	4	22	0	0	15	39	0	0	14	66	0	0	96	200	0	117	74	97	21	5	0	9	0	8	0	0	0	5	22	21	0	30	49	21	0	41	94	9	0	198	302	84	148	1267	19	55	0	21	55	0	11	66	0	0	64	176	0	87	22	55	0	2	22	0	0	9	33	0	0	13	66	0	0	67	176	0	114	31	63	0	3	0	0	0	8	0	0	0	4	22	0	0	15	39	0	0	14	66	0	0	96	200	0	117	74	97	21	6	0	18	0	7	0	0	0	5	0	9	0	8	0	0	0	5	22	21	0	30	49	21	0	41	94	9	0	198	302	84	148
1117	1104	36	12	88	1091	17	0	43	36	12	88	14	0	47	68	105	12	88	264	1078	17	0	43	17	0	43	14	0	11	68	52	0	43	151	36	12	88	4	0	0	0	17	0	0	0	14	0	47	68	105	12	88	264	1065	17	0	43	17	0	43	14	0	11	68	52	0	43	149	17	0	43	4	0	0	0	12	0	0	0	14	0	11	68	52	0	43	151	36	12	88	0	0	0	0	0	0	0	0	4	0	0	0	17	0	0	0	14	0	47	68	105	12	88	264	1052	17	0	43	17	0	43	14	0	11	68	52	0	43	149	17	0	43	4	0	0	0	12	0	0	0	14	0	11	68	52	0	43	149	17	0	43	0	0	0	0	0	0	0	0	4	0	0	0	12	0	0	0	14	0	11	68	52	0	43	151	36	12	88	0	0	0	0	0	0	0	0	0	0	0	0	0	0	0	0	4	0	0	0	17	0	0	0	14	0	47	68	105	12	88	264
943	932	37	24	46	921	14	0	29	37	24	46	13	0	41	32	97	64	138	122	910	13	0	29	14	0	29	9	0	11	32	41	0	87	84	37	24	46	2	0	0	0	15	8	0	0	13	0	41	32	97	64	138	122	899	13	0	29	13	0	29	9	0	11	32	39	0	87	84	14	0	29	2	0	0	0	12	0	0	0	9	0	11	32	41	0	87	84	37	24	46	1	0	0	0	4	0	0	0	2	0	0	0	15	8	0	0	13	0	41	32	97	64	138	122	888	13	0	29	13	0	29	9	0	11	32	39	0	87	84	13	0	29	2	0	0	0	12	0	0	0	9	0	11	32	39	0	87	84	14	0	29	1	0	0	0	4	0	0	0	2	0	0	0	12	0	0	0	9	0	11	32	41	0	87	84	37	24	46	5	0	0	0	2	0	0	0	1	0	0	0	4	0	0	0	2	0	0	0	15	8	0	0	13	0	41	32	97	64	138	122
1271	1256	65	63	53	1241	31	26	20	65	63	53	42	13	61	67	167	188	212	164	1226	26	26	11	31	26	20	25	13	20	22	91	78	80	96	65	63	53	8	0	14	0	22	48	0	52	42	13	61	67	167	188	212	164	1211	24	26	11	26	26	11	23	13	11	22	78	78	44	96	31	26	20	6	0	9	0	17	39	0	41	25	13	20	22	91	78	80	96	65	63	53	3	0	28	0	8	0	0	0	8	0	14	0	22	48	0	52	42	13	61	67	167	188	212	164	1196	24	26	11	24	26	11	23	13	11	22	75	78	44	96	26	26	11	6	0	0	0	15	39	0	38	23	13	11	22	78	78	44	96	31	26	20	3	0	18	0	8	0	0	0	6	0	9	0	17	39	0	41	25	13	20	22	91	78	80	96	65	63	53	6	0	0	0	4	0	0	0	3	0	28	0	8	0	0	0	8	0	14	0	22	48	0	52	42	13	61	67	167	188	212	164
1507	1489	67	113	39	1471	24	67	11	67	113	39	34	82	47	22	161	315	195	164	1453	20	65	11	24	67	11	18	78	11	22	72	184	55	96	67	113	39	4	26	0	0	29	50	0	0	34	82	47	22	161	315	195	164	1435	20	65	11	20	65	11	18	78	11	22	62	182	55	96	24	67	11	4	26	0	0	17	39	0	0	18	78	11	22	72	184	55	96	67	113	39	1	0	0	0	4	0	0	0	4	26	0	0	29	50	0	0	34	82	47	22	161	315	195	164	1417	20	65	11	20	65	11	18	78	11	22	62	182	55	96	20	65	11	4	26	0	0	15	39	0	0	18	78	11	22	62	182	55	96	24	67	11	1	0	0	0	4	0	0	0	4	26	0	0	17	39	0	0	18	78	11	22	72	184	55	96	67	113	39	5	0	0	0	4	0	0	0	1	0	0	0	4	0	0	0	4	26	0	0	29	50	0	0	34	82	47	22	161	315	195	164
850	840	38	23	26	830	16	9	0	38	23	26	14	0	34	0	102	46	52	164	820	16	9	0	16	9	0	14	0	0	0	47	18	0	96	38	23	26	4	0	0	0	17	0	0	0	14	0	34	0	102	46	52	164	810	16	9	0	16	9	0	14	0	0	0	47	18	0	96	16	9	0	4	0	0	0	12	0	0	0	14	0	0	0	47	18	0	96	38	23	26	0	0	0	0	0	0	0	0	4	0	0	0	17	0	0	0	14	0	34	0	102	46	52	164	800	16	9	0	16	9	0	14	0	0	0	47	18	0	96	16	9	0	4	0	0	0	12	0	0	0	14	0	0	0	47	18	0	96	16	9	0	0	0	0	0	0	0	0	0	4	0	0	0	12	0	0	0	14	0	0	0	47	18	0	96	38	23	26	0	0	0	0	0	0	0	0	0	0	0	0	0	0	0	0	4	0	0	0	17	0	0	0	14	0	34	0	102	46	52	164
1435	1418	41	55	108	1401	21	16	67	41	55	108	22	0	13	122	96	97	324	164	1384	20	16	49	21	16	67	18	0	13	44	62	32	201	60	41	55	108	4	0	0	51	20	0	0	122	22	0	13	122	96	97	324	164	1367	20	16	47	20	16	49	18	0	12	44	60	32	147	51	21	16	67	4	0	0	49	20	0	0	84	18	0	13	44	62	32	201	60	41	55	108	1	0	0	27	13	0	0	0	4	0	0	51	20	0	0	122	22	0	13	122	96	97	324	164	1350	20	16	47	20	16	47	18	0	11	44	60	32	141	51	20	16	49	4	0	0	49	20	0	0	84	18	0	12	44	60	32	147	51	21	16	67	1	0	0	27	4	0	0	0	4	0	0	49	20	0	0	84	18	0	13	44	62	32	201	60	41	55	108	11	0	0	0	8	0	0	0	1	0	0	27	13	0	0	0	4	0	0	51	20	0	0	122	22	0	13	122	96	97	324	164
1768	1747	86	113	119	1726	50	52	84	86	113	119	67	75	64	108	202	337	476	138	1705	44	38	45	50	52	84	50	19	63	9	140	199	336	60	86	113	119	24	0	42	105	44	60	119	200	67	75	64	108	202	337	476	138	1684	40	37	21	44	38	45	50	19	57	0	128	171	180	51	50	52	84	16	0	40	11	34	57	84	84	50	19	63	9	140	199	336	60	86	113	119	8	18	0	31	19	72	0	148	24	0	42	105	44	60	119	200	67	75	64	108	202	337	476	138	1663	38	32	21	40	37	21	42	18	41	0	117	166	84	51	44	38	45	16	0	30	11	32	57	45	84	50	19	57	0	128	171	180	51	50	52	84	4	14	0	31	4	56	0	117	16	0	40	11	34	57	84	84	50	19	63	9	140	199	336	60	86	113	119	15	74	0	0	15	36	0	0	8	18	0	31	19	72	0	148	24	0	42	105	44	60	119	200	67	75	64	108	202	337	476	138
1006	994	41	30	44	982	21	20	0	41	30	44	33	10	0	0	96	62	44	252	970	17	20	0	21	20	0	17	10	0	0	61	60	0	103	41	30	44	4	0	0	0	14	30	0	0	33	10	0	0	96	62	44	252	958	17	20	0	17	20	0	17	10	0	0	51	60	0	94	21	20	0	4	0	0	0	14	30	0	0	17	10	0	0	61	60	0	103	41	30	44	1	0	0	0	4	0	0	0	4	0	0	0	14	30	0	0	33	10	0	0	96	62	44	252	946	17	20	0	17	20	0	17	10	0	0	51	60	0	94	17	20	0	4	0	0	0	12	30	0	0	17	10	0	0	51	60	0	94	21	20	0	1	0	0	0	4	0	0	0	4	0	0	0	14	30	0	0	17	10	0	0	61	60	0	103	41	30	44	5	0	0	0	2	0	0	0	1	0	0	0	4	0	0	0	4	0	0	0	14	30	0	0	33	10	0	0	96	62	44	252
1313	1297	66	95	17	1281	28	62	0	66	95	17	41	96	0	0	150	263	68	92	1265	24	60	0	28	62	0	25	90	0	0	80	185	0	31	66	95	17	12	20	0	0	29	30	0	0	41	96	0	0	150	263	68	92	1249	24	60	0	24	60	0	25	90	0	0	70	180	0	22	28	62	0	12	20	0	0	27	30	0	0	25	90	0	0	80	185	0	31	66	95	17	3	0	0	0	18	0	0	0	12	20	0	0	29	30	0	0	41	96	0	0	150	263	68	92	1233	24	60	0	24	60	0	25	90	0	0	70	180	0	22	24	60	0	12	20	0	0	25	30	0	0	25	90	0	0	70	180	0	22	28	62	0	3	0	0	0	4	0	0	0	12	20	0	0	27	30	0	0	25	90	0	0	80	185	0	31	66	95	17	19	0	0	0	12	0	0	0	3	0	0	0	18	0	0	0	12	20	0	0	29	30	0	0	41	96	0	0	150	263	68	92
677	669	36	15	8	661	19	0	0	36	15	8	21	0	0	0	87	25	24	39	653	18	0	0	19	0	0	17	0	0	0	56	0	0	11	36	15	8	4	0	0	0	17	0	0	0	21	0	0	0	87	25	24	39	645	18	0	0	18	0	0	17	0	0	0	54	0	0	11	19	0	0	4	0	0	0	17	0	0	0	17	0	0	0	56	0	0	11	36	15	8	1	0	0	0	13	0	0	0	4	0	0	0	17	0	0	0	21	0	0	0	87	25	24	39	637	18	0	0	18	0	0	17	0	0	0	54	0	0	11	18	0	0	4	0	0	0	17	0	0	0	17	0	0	0	54	0	0	11	19	0	0	1	0	0	0	4	0	0	0	4	0	0	0	17	0	0	0	17	0	0	0	56	0	0	11	36	15	8	11	0	0	0	8	0	0	0	1	0	0	0	13	0	0	0	4	0	0	0	17	0	0	0	21	0	0	0	87	25	24	39
1008	996	33	0	97	984	22	0	47	33	0	97	27	0	27	38	85	0	0	296	972	22	0	47	22	0	47	27	0	12	38	66	0	0	151	33	0	97	12	0	0	0	21	0	0	0	27	0	27	38	85	0	0	296	960	22	0	46	22	0	47	27	0	12	36	66	0	0	94	22	0	47	12	0	0	0	21	0	0	0	27	0	12	38	66	0	0	151	33	0	97	3	0	0	12	18	0	0	0	12	0	0	0	21	0	0	0	27	0	27	38	85	0	0	296	948	21	0	42	22	0	46	27	0	12	32	66	0	0	68	22	0	47	12	0	0	0	21	0	0	0	27	0	12	36	66	0	0	94	22	0	47	2	0	0	11	0	0	0	0	12	0	0	0	21	0	0	0	27	0	12	38	66	0	0	151	33	0	97	15	0	14	43	12	0	0	0	3	0	0	12	18	0	0	0	12	0	0	0	21	0	0	0	27	0	27	38	85	0	0	296
1006	994	48	20	58	982	28	0	19	48	20	58	35	0	48	12	121	30	116	252	970	28	0	19	28	0	19	35	0	33	12	82	0	38	151	48	20	58	20	0	0	0	31	0	0	0	35	0	48	12	121	30	116	252	958	24	0	19	28	0	19	35	0	33	12	82	0	38	94	28	0	19	12	0	0	0	23	0	0	0	35	0	33	12	82	0	38	151	48	20	58	7	0	0	0	23	40	0	0	20	0	0	0	31	0	0	0	35	0	48	12	121	30	116	252	946	21	0	17	24	0	19	27	0	33	10	71	0	38	68	28	0	19	12	0	0	0	23	0	0	0	35	0	33	12	82	0	38	94	28	0	19	2	0	0	0	0	0	0	0	12	0	0	0	23	0	0	0	35	0	33	12	82	0	38	151	48	20	58	15	0	14	20	14	20	0	0	7	0	0	0	23	40	0	0	20	0	0	0	31	0	0	0	35	0	48	12	121	30	116	252
1331	1315	72	61	79	1299	44	28	39	72	61	79	62	0	95	27	178	125	237	252	1283	39	28	38	44	28	39	48	0	78	26	133	70	117	151	72	61	79	33	0	0	14	36	70	0	0	62	0	95	27	178	125	237	252	1267	33	28	33	39	28	38	48	0	76	21	119	70	114	94	44	28	39	20	0	0	9	26	70	0	0	48	0	78	26	133	70	117	151	72	61	79	17	0	12	45	33	55	0	0	33	0	0	14	36	70	0	0	62	0	95	27	178	125	237	252	1251	27	22	19	33	28	33	39	0	66	10	103	70	99	68	39	28	38	18	0	0	0	22	70	0	0	48	0	76	21	119	70	114	94	44	28	39	7	0	12	0	2	0	0	0	20	0	0	9	26	70	0	0	48	0	78	26	133	70	117	151	72	61	79	15	66	30	47	21	47	0	52	17	0	12	45	33	55	0	0	33	0	0	14	36	70	0	0	62	0	95	27	178	125	237	252
904	893	60	39	7	882	30	18	7	60	39	7	47	9	21	0	142	104	35	0	871	28	18	7	30	18	7	39	9	21	0	88	54	35	0	60	39	7	30	0	0	0	33	8	0	0	47	9	21	0	142	104	35	0	860	22	18	7	28	18	7	37	9	21	0	81	54	35	0	30	18	7	16	0	0	0	21	0	0	0	39	9	21	0	88	54	35	0	60	39	7	13	0	0	0	21	24	0	0	30	0	0	0	33	8	0	0	47	9	21	0	142	104	35	0	849	19	18	7	22	18	7	28	9	21	0	66	54	35	0	28	18	7	16	0	0	0	21	0	0	0	37	9	21	0	81	54	35	0	30	18	7	7	0	0	0	1	0	0	0	16	0	0	0	21	0	0	0	39	9	21	0	88	54	35	0	60	39	7	19	0	0	0	14	12	0	0	13	0	0	0	21	24	0	0	30	0	0	0	33	8	0	0	47	9	21	0	142	104	35	0
1534	1515	87	142	20	1496	42	102	0	87	142	20	58	192	14	0	203	386	80	136	1477	35	92	0	42	102	0	34	168	0	0	119	292	0	84	87	142	20	20	104	0	0	39	78	0	0	58	192	14	0	203	386	80	136	1458	30	90	0	35	92	0	34	160	0	0	101	264	0	45	42	102	0	10	100	0	0	27	74	0	0	34	168	0	0	119	292	0	84	87	142	20	13	20	0	0	26	30	0	0	20	104	0	0	39	78	0	0	58	192	14	0	203	386	80	136	1439	25	82	0	30	90	0	25	160	0	0	88	260	0	21	35	92	0	8	100	0	0	23	70	0	0	34	160	0	0	101	264	0	45	42	102	0	5	20	0	0	3	0	0	0	10	100	0	0	27	74	0	0	34	168	0	0	119	292	0	84	87	142	20	13	48	14	0	21	28	0	0	13	20	0	0	26	30	0	0	20	104	0	0	39	78	0	0	58	192	14	0	203	386	80	136
1078	1065	54	12	86	1052	42	0	48	54	12	86	57	0	0	81	146	12	86	164	1039	37	0	46	42	0	48	47	0	0	77	126	0	48	65	54	12	86	34	0	13	27	33	24	0	0	57	0	0	81	146	12	86	164	1026	29	0	45	37	0	46	43	0	0	76	111	0	46	64	42	0	48	19	0	12	26	25	0	0	0	47	0	0	77	126	0	48	65	54	12	86	15	0	17	14	6	12	0	0	34	0	13	27	33	24	0	0	57	0	0	81	146	12	86	164	1013	22	0	40	29	0	45	34	0	0	71	90	0	45	59	37	0	46	19	0	12	21	25	0	0	0	43	0	0	76	111	0	46	64	42	0	48	9	0	16	9	2	0	0	0	19	0	12	26	25	0	0	0	47	0	0	77	126	0	48	65	54	12	86	9	0	34	45	9	0	0	0	15	0	17	14	6	12	0	0	34	0	13	27	33	24	0	0	57	0	0	81	146	12	86	164
1638	1618	86	116	91	1598	58	84	54	86	116	91	77	112	0	84	225	268	182	164	1578	46	76	39	58	84	54	53	112	0	27	175	224	108	65	86	116	91	32	96	37	15	53	114	0	119	77	112	0	84	225	268	182	164	1558	38	24	38	46	76	39	43	96	0	26	141	202	78	64	58	84	54	25	0	36	14	31	70	0	84	53	112	0	27	175	224	108	65	86	116	91	15	48	71	14	8	12	364	0	32	96	37	15	53	114	0	119	77	112	0	84	225	268	182	164	1538	31	0	31	38	24	38	41	0	0	21	118	60	76	59	46	76	39	23	0	36	9	27	70	0	45	43	96	0	26	141	202	78	64	58	84	54	12	0	66	9	4	0	216	0	25	0	36	14	31	70	0	84	53	112	0	27	175	224	108	65	86	116	91	14	0	52	65	17	18	182	0	15	48	71	14	8	12	364	0	32	96	37	15	53	114	0	119	77	112	0	84	225	268	182	164
1317	1301	61	77	44	1285	35	31	37	61	77	44	37	98	22	26	161	184	176	7	1269	31	9	37	35	31	37	33	18	22	26	103	89	148	7	61	77	44	22	36	24	0	29	18	88	0	37	98	22	26	161	184	176	7	1253	24	0	37	31	9	37	30	0	22	26	92	18	148	7	35	31	37	9	0	23	0	19	0	74	0	33	18	22	26	103	89	148	7	61	77	44	13	0	11	0	6	9	44	0	22	36	24	0	29	18	88	0	37	98	22	26	161	184	176	7	1237	21	0	37	24	0	37	21	0	22	26	77	0	148	7	31	9	37	9	0	23	0	19	0	74	0	30	0	22	26	92	18	148	7	35	31	37	7	0	11	0	2	0	37	0	9	0	23	0	19	0	74	0	33	18	22	26	103	89	148	7	61	77	44	9	0	0	0	8	0	0	0	13	0	11	0	6	9	44	0	22	36	24	0	29	18	88	0	37	98	22	26	161	184	176	7
985	973	57	35	26	961	40	11	14	57	35	26	58	0	0	14	149	73	78	27	949	36	11	14	40	11	14	48	0	0	14	118	33	42	7	57	35	26	34	0	0	0	36	16	0	0	58	0	0	14	149	73	78	27	937	29	11	14	36	11	14	44	0	0	14	106	33	42	7	40	11	14	19	0	0	0	23	0	0	0	48	0	0	14	118	33	42	7	57	35	26	15	0	0	0	7	8	0	0	34	0	0	0	36	16	0	0	58	0	0	14	149	73	78	27	925	24	11	14	29	11	14	35	0	0	14	90	33	42	7	36	11	14	19	0	0	0	23	0	0	0	44	0	0	14	106	33	42	7	40	11	14	9	0	0	0	2	0	0	0	19	0	0	0	23	0	0	0	48	0	0	14	118	33	42	7	57	35	26	9	0	12	0	8	0	0	0	15	0	0	0	7	8	0	0	34	0	0	0	36	16	0	0	58	0	0	14	149	73	78	27
1436	1418	87	126	21	1400	46	99	0	87	126	21	62	153	0	0	207	380	42	106	1382	38	91	0	46	99	0	40	141	0	0	127	325	0	46	87	126	21	32	78	0	0	48	56	0	0	62	153	0	0	207	380	42	106	1364	31	77	0	38	91	0	36	133	0	0	105	300	0	45	46	99	0	16	62	0	0	28	40	0	0	40	141	0	0	127	325	0	46	87	126	21	15	62	0	0	14	23	21	0	32	78	0	0	48	56	0	0	62	153	0	0	207	380	42	106	1346	22	65	0	31	77	0	26	114	0	0	87	264	0	40	38	91	0	14	58	0	0	26	38	0	0	36	133	0	0	105	300	0	45	46	99	0	4	45	0	0	5	13	0	0	16	62	0	0	28	40	0	0	40	141	0	0	127	325	0	46	87	126	21	13	47	34	0	22	42	21	0	15	62	0	0	14	23	21	0	32	78	0	0	48	56	0	0	62	153	0	0	207	380	42	106
572	565	27	10	17	558	9	0	8	27	10	17	6	0	34	0	78	25	34	44	551	8	0	8	9	0	8	4	0	16	0	28	0	16	37	27	10	17	0	0	9	0	7	0	0	0	6	0	34	0	78	25	34	44	544	8	0	8	8	0	8	4	0	16	0	26	0	16	37	9	0	8	0	0	0	0	7	0	0	0	4	0	16	0	28	0	16	37	27	10	17	0	0	0	0	0	0	0	0	0	0	9	0	7	0	0	0	6	0	34	0	78	25	34	44	537	8	0	8	8	0	8	4	0	16	0	26	0	16	37	8	0	8	0	0	0	0	7	0	0	0	4	0	16	0	26	0	16	37	9	0	8	0	0	0	0	0	0	0	0	0	0	0	0	7	0	0	0	4	0	16	0	28	0	16	37	27	10	17	0	0	0	0	0	0	0	0	0	0	0	0	0	0	0	0	0	0	9	0	7	0	0	0	6	0	34	0	78	25	34	44
815	805	37	25	31	795	12	0	30	37	25	31	9	0	50	11	98	75	155	0	785	10	0	30	12	0	30	6	0	49	11	37	0	150	0	37	25	31	0	0	23	0	5	0	0	0	9	0	50	11	98	75	155	0	775	10	0	30	10	0	30	6	0	49	11	35	0	150	0	12	0	30	0	0	22	0	5	0	0	0	6	0	49	11	37	0	150	0	37	25	31	0	0	0	0	0	0	0	0	0	0	23	0	5	0	0	0	9	0	50	11	98	75	155	0	765	10	0	30	10	0	30	6	0	49	11	35	0	150	0	10	0	30	0	0	22	0	5	0	0	0	6	0	49	11	35	0	150	0	12	0	30	0	0	0	0	0	0	0	0	0	0	22	0	5	0	0	0	6	0	49	11	37	0	150	0	37	25	31	0	0	0	0	0	0	0	0	0	0	0	0	0	0	0	0	0	0	23	0	5	0	0	0	9	0	50	11	98	75	155	0
891	880	43	31	29	869	20	10	11	43	31	29	19	0	30	11	119	86	87	70	858	15	10	11	20	10	11	11	0	11	11	56	30	33	51	43	31	29	4	0	21	0	10	10	0	0	19	0	30	11	119	86	87	70	847	14	10	11	15	10	11	9	0	11	11	47	30	33	51	20	10	11	3	0	11	0	10	10	0	0	11	0	11	11	56	30	33	51	43	31	29	2	0	0	0	1	0	0	0	4	0	21	0	10	10	0	0	19	0	30	11	119	86	87	70	836	14	10	11	14	10	11	9	0	11	11	46	30	33	51	15	10	11	3	0	11	0	10	10	0	0	9	0	11	11	47	30	33	51	20	10	11	2	0	0	0	1	0	0	0	3	0	11	0	10	10	0	0	11	0	11	11	56	30	33	51	43	31	29	4	0	0	0	3	0	0	0	2	0	0	0	1	0	0	0	4	0	21	0	10	10	0	0	19	0	30	11	119	86	87	70
1267	1251	75	97	48	1235	41	81	0	75	97	48	43	90	18	0	197	308	48	268	1219	31	63	0	41	81	0	35	70	0	0	119	258	0	153	75	97	48	16	42	64	0	35	48	96	0	43	90	18	0	197	308	48	268	1203	27	54	0	31	63	0	26	55	0	0	93	210	0	136	41	81	0	13	33	0	0	21	40	0	0	35	70	0	0	119	258	0	153	75	97	48	15	21	31	0	9	12	48	0	16	42	64	0	35	48	96	0	43	90	18	0	197	308	48	268	1187	24	50	0	27	54	0	24	53	0	0	83	193	0	134	31	63	0	11	33	0	0	19	36	0	0	26	55	0	0	93	210	0	136	41	81	0	8	19	0	0	5	11	0	0	13	33	0	0	21	40	0	0	35	70	0	0	119	258	0	153	75	97	48	18	36	0	0	15	34	0	0	15	21	31	0	9	12	48	0	16	42	64	0	35	48	96	0	43	90	18	0	197	308	48	268
804	794	48	24	36	784	31	16	0	48	24	36	38	8	18	0	135	70	36	182	774	21	16	0	31	16	0	30	8	0	0	92	40	0	105	48	24	36	10	0	64	0	22	18	0	0	38	8	18	0	135	70	36	182	764	17	16	0	21	16	0	19	8	0	0	67	40	0	90	31	16	0	9	0	0	0	17	16	0	0	30	8	0	0	92	40	0	105	48	24	36	7	0	31	0	3	0	0	0	10	0	64	0	22	18	0	0	38	8	18	0	135	70	36	182	754	17	16	0	17	16	0	19	8	0	0	60	40	0	89	21	16	0	9	0	0	0	17	16	0	0	19	8	0	0	67	40	0	90	31	16	0	7	0	0	0	2	0	0	0	9	0	0	0	17	16	0	0	30	8	0	0	92	40	0	105	48	24	36	9	0	0	0	7	0	0	0	7	0	31	0	3	0	0	0	10	0	64	0	22	18	0	0	38	8	18	0	135	70	36	182
1212	1197	40	36	90	1182	16	0	69	40	36	90	12	0	78	87	105	72	270	60	1167	16	0	55	16	0	69	12	0	71	49	54	0	207	41	40	36	90	4	0	0	62	13	0	0	44	12	0	78	87	105	72	270	60	1152	16	0	54	16	0	55	12	0	58	49	54	0	165	41	16	0	69	4	0	0	59	7	0	0	37	12	0	71	49	54	0	207	41	40	36	90	3	0	0	12	1	0	0	0	4	0	0	62	13	0	0	44	12	0	78	87	105	72	270	60	1137	16	0	54	16	0	54	12	0	58	49	54	0	162	41	16	0	55	4	0	0	59	7	0	0	37	12	0	58	49	54	0	165	41	16	0	69	3	0	0	12	1	0	0	0	4	0	0	59	7	0	0	37	12	0	71	49	54	0	207	41	40	36	90	4	0	0	0	5	0	0	0	3	0	0	12	1	0	0	0	4	0	0	62	13	0	0	44	12	0	78	87	105	72	270	60
808	798	29	16	40	788	9	0	32	29	16	40	6	0	51	27	77	24	80	31	778	9	0	31	9	0	32	6	0	50	27	32	0	64	30	29	16	40	0	0	0	12	8	0	0	0	6	0	51	27	77	24	80	31	768	9	0	31	9	0	31	6	0	47	27	32	0	62	30	9	0	32	0	0	0	12	4	0	0	0	6	0	50	27	32	0	64	30	29	16	40	0	0	0	0	0	0	0	0	0	0	0	12	8	0	0	0	6	0	51	27	77	24	80	31	758	9	0	31	9	0	31	6	0	47	27	32	0	62	30	9	0	31	0	0	0	12	4	0	0	0	6	0	47	27	32	0	62	30	9	0	32	0	0	0	0	0	0	0	0	0	0	0	12	4	0	0	0	6	0	50	27	32	0	64	30	29	16	40	0	0	0	0	2	0	0	0	0	0	0	0	0	0	0	0	0	0	0	12	8	0	0	0	6	0	51	27	77	24	80	31
1351	1334	60	84	44	1317	26	42	9	60	84	44	25	28	27	36	160	250	176	161	1300	22	42	0	26	42	9	16	28	9	0	79	140	36	49	60	84	44	7	0	7	0	21	42	0	44	25	28	27	36	160	250	176	161	1283	22	42	0	22	42	0	16	28	0	0	72	140	0	49	26	42	9	7	0	0	0	10	42	0	37	16	28	9	0	79	140	36	49	60	84	44	5	0	0	0	2	0	0	0	7	0	7	0	21	42	0	44	25	28	27	36	160	250	176	161	1266	22	42	0	22	42	0	16	28	0	0	72	140	0	49	22	42	0	7	0	0	0	8	42	0	37	16	28	0	0	72	140	0	49	26	42	9	5	0	0	0	2	0	0	0	7	0	0	0	10	42	0	37	16	28	9	0	79	140	36	49	60	84	44	8	0	0	0	9	0	0	0	5	0	0	0	2	0	0	0	7	0	7	0	21	42	0	44	25	28	27	36	160	250	176	161
794	784	33	24	17	774	10	16	0	33	24	17	8	8	0	0	88	76	17	77	764	9	16	0	10	16	0	5	8	0	0	30	64	0	49	33	24	17	0	0	0	0	6	8	0	0	8	8	0	0	88	76	17	77	754	9	16	0	9	16	0	5	8	0	0	29	64	0	49	10	16	0	0	0	0	0	4	8	0	0	5	8	0	0	30	64	0	49	33	24	17	0	0	0	0	0	0	0	0	0	0	0	0	6	8	0	0	8	8	0	0	88	76	17	77	744	9	16	0	9	16	0	5	8	0	0	29	64	0	49	9	16	0	0	0	0	0	4	8	0	0	5	8	0	0	29	64	0	49	10	16	0	0	0	0	0	0	0	0	0	0	0	0	0	4	8	0	0	5	8	0	0	30	64	0	49	33	24	17	0	0	0	0	1	0	0	0	0	0	0	0	0	0	0	0	0	0	0	0	6	8	0	0	8	8	0	0	88	76	17	77
1096	1082	55	68	5	1068	16	40	0	55	68	5	10	30	0	0	138	224	25	31	1054	16	40	0	16	40	0	10	30	0	0	51	140	0	30	55	68	5	4	0	0	0	25	0	0	0	10	30	0	0	138	224	25	31	1040	16	40	0	16	40	0	10	30	0	0	51	140	0	30	16	40	0	4	0	0	0	6	0	0	0	10	30	0	0	51	140	0	30	55	68	5	3	0	0	0	2	0	0	0	4	0	0	0	25	0	0	0	10	30	0	0	138	224	25	31	1026	16	40	0	16	40	0	10	30	0	0	51	140	0	30	16	40	0	4	0	0	0	6	0	0	0	10	30	0	0	51	140	0	30	16	40	0	3	0	0	0	1	0	0	0	4	0	0	0	6	0	0	0	10	30	0	0	51	140	0	30	55	68	5	4	0	0	0	8	0	0	0	3	0	0	0	2	0	0	0	4	0	0	0	25	0	0	0	10	30	0	0	138	224	25	31
1519	1500	38	18	169	1481	20	0	122	38	18	169	14	0	38	64	105	18	169	196	1462	18	0	117	20	0	122	12	0	38	60	65	0	122	110	38	18	169	6	0	0	59	30	36	0	0	14	0	38	64	105	18	169	196	1443	18	0	103	18	0	117	12	0	34	57	59	0	117	86	20	0	122	6	0	0	33	8	0	0	0	12	0	38	60	65	0	122	110	38	18	169	4	0	0	23	2	0	0	91	6	0	0	59	30	36	0	0	14	0	38	64	105	18	169	196	1424	17	0	103	18	0	103	12	0	10	57	59	0	103	85	18	0	117	4	0	0	33	6	0	0	0	12	0	34	57	59	0	117	86	20	0	122	3	0	0	23	2	0	0	54	6	0	0	33	8	0	0	0	12	0	38	60	65	0	122	110	38	18	169	5	0	0	0	10	18	0	0	4	0	0	23	2	0	0	91	6	0	0	59	30	36	0	0	14	0	38	64	105	18	169	196
1198	1183	55	26	96	1168	35	0	56	55	26	96	36	0	45	59	149	39	192	179	1153	33	0	41	35	0	56	34	0	44	44	112	0	112	110	55	26	96	15	0	0	74	37	26	0	48	36	0	45	59	149	39	192	179	1138	31	0	12	33	0	41	34	0	31	24	106	0	82	86	35	0	56	13	0	0	0	11	0	0	0	34	0	44	44	112	0	112	110	55	26	96	9	0	18	12	4	0	0	156	15	0	0	74	37	26	0	48	36	0	45	59	149	39	192	179	1123	26	0	12	31	0	12	28	0	0	24	97	0	24	85	33	0	41	11	0	0	0	9	0	0	0	34	0	31	24	106	0	82	86	35	0	56	4	0	18	12	4	0	0	91	13	0	0	0	11	0	0	0	34	0	44	44	112	0	112	110	55	26	96	9	0	35	0	16	13	0	0	9	0	18	12	4	0	0	156	15	0	0	74	37	26	0	48	36	0	45	59	149	39	192	179
1435	1417	65	65	120	1399	34	0	113	65	65	120	47	0	105	26	143	169	600	5	1381	23	0	111	34	0	113	18	0	105	26	89	0	565	0	65	65	120	9	0	37	24	34	104	0	0	47	0	105	26	143	169	600	5	1363	23	0	95	23	0	111	18	0	101	24	65	0	555	0	34	0	113	9	0	37	0	9	0	0	0	18	0	105	26	89	0	565	0	65	65	120	7	0	0	64	4	0	0	91	9	0	37	24	34	104	0	0	47	0	105	26	143	169	600	5	1345	21	0	90	23	0	95	18	0	76	24	65	0	475	0	23	0	111	4	0	37	0	3	0	0	0	18	0	101	24	65	0	555	0	34	0	113	3	0	0	58	4	0	0	54	9	0	37	0	9	0	0	0	18	0	105	26	89	0	565	0	65	65	120	8	0	0	72	11	26	0	0	7	0	0	64	4	0	0	91	9	0	37	24	34	104	0	0	47	0	105	26	143	169	600	5
1028	1015	54	44	36	1002	27	12	21	54	44	36	33	0	32	0	119	116	144	49	989	21	12	21	27	12	21	17	0	32	0	74	36	84	9	54	44	36	6	0	11	0	26	40	0	0	33	0	32	0	119	116	144	49	976	21	12	21	21	12	21	17	0	32	0	60	36	84	0	27	12	21	6	0	11	0	9	0	0	0	17	0	32	0	74	36	84	9	54	44	36	4	0	0	0	3	0	0	0	6	0	11	0	26	40	0	0	33	0	32	0	119	116	144	49	963	20	12	21	21	12	21	17	0	32	0	60	36	84	0	21	12	21	4	0	11	0	5	0	0	0	17	0	32	0	60	36	84	0	27	12	21	3	0	0	0	2	0	0	0	6	0	11	0	9	0	0	0	17	0	32	0	74	36	84	9	54	44	36	5	0	0	0	9	8	0	0	4	0	0	0	3	0	0	0	6	0	11	0	26	40	0	0	33	0	32	0	119	116	144	49
1394	1376	70	113	49	1358	30	80	21	70	113	49	26	83	36	7	164	325	147	139	1340	26	76	12	30	80	21	20	78	35	0	85	253	63	78	70	113	49	9	52	0	24	39	44	0	48	26	83	36	7	164	325	147	139	1322	25	73	0	26	76	12	20	74	24	0	74	239	36	55	30	80	21	6	49	0	0	8	24	0	0	20	78	35	0	85	253	63	78	70	113	49	9	37	0	0	6	12	0	91	9	52	0	24	39	44	0	48	26	83	36	7	164	325	147	139	1304	21	69	0	25	73	0	18	72	0	0	70	230	0	54	26	76	12	4	48	0	0	6	24	0	0	20	74	24	0	74	239	36	55	30	80	21	1	36	0	0	3	12	0	54	6	49	0	0	8	24	0	0	20	78	35	0	85	253	63	78	70	113	49	6	39	8	0	11	33	0	0	9	37	0	0	6	12	0	91	9	52	0	24	39	44	0	48	26	83	36	7	164	325	147	139
1103	1089	44	33	80	1075	29	0	44	44	33	80	38	0	41	65	88	22	240	205	1061	21	0	44	29	0	44	15	0	37	65	77	0	132	155	44	33	80	9	0	0	0	9	0	0	0	38	0	41	65	88	22	240	205	1047	21	0	44	21	0	44	15	0	37	65	55	0	132	144	29	0	44	9	0	0	0	9	0	0	0	15	0	37	65	77	0	132	155	44	33	80	7	0	0	0	4	0	0	0	9	0	0	0	9	0	0	0	38	0	41	65	88	22	240	205	1033	18	0	44	21	0	44	15	0	37	65	55	0	132	116	21	0	44	4	0	0	0	3	0	0	0	15	0	37	65	55	0	132	144	29	0	44	3	0	0	0	4	0	0	0	9	0	0	0	9	0	0	0	15	0	37	65	77	0	132	155	44	33	80	5	0	9	0	6	0	0	0	7	0	0	0	4	0	0	0	9	0	0	0	9	0	0	0	38	0	41	65	88	22	240	205
1728	1706	65	117	143	1684	34	45	114	65	117	143	50	180	114	110	132	212	572	156	1662	21	0	114	34	45	114	15	0	110	110	83	120	456	134	65	117	143	7	0	60	0	10	38	429	0	50	180	114	110	132	212	572	156	1640	20	0	112	21	0	114	11	0	110	102	48	0	456	132	34	45	114	5	0	60	0	10	30	342	0	15	0	110	110	83	120	456	134	65	117	143	4	0	10	24	4	0	0	0	7	0	60	0	10	38	429	0	50	180	114	110	132	212	572	156	1618	18	0	92	20	0	112	11	0	110	53	46	0	448	116	21	0	114	0	0	60	0	4	0	342	0	11	0	110	102	48	0	456	132	34	45	114	0	0	10	0	4	0	0	0	5	0	60	0	10	30	342	0	15	0	110	110	83	120	456	134	65	117	143	4	0	0	75	8	0	0	91	4	0	10	24	4	0	0	0	7	0	60	0	10	38	429	0	50	180	114	110	132	212	572	156
1484	1465	76	79	123	1446	51	63	55	76	79	123	79	28	20	81	182	177	123	470	1427	37	33	54	51	63	55	40	0	20	79	144	171	55	333	76	79	123	20	30	60	7	23	30	246	0	79	28	20	81	182	177	123	470	1408	31	32	43	37	33	54	30	0	20	55	103	81	54	302	51	63	55	15	28	58	0	16	28	110	0	40	0	20	79	144	171	55	333	76	79	123	13	14	50	38	8	17	0	48	20	30	60	7	23	30	246	0	79	28	20	81	182	177	123	470	1389	23	17	17	31	32	43	20	0	20	0	81	78	43	231	37	33	54	8	0	58	0	8	0	108	0	30	0	20	55	103	81	54	302	51	63	55	4	0	45	0	7	17	0	0	15	28	58	0	16	28	110	0	40	0	20	79	144	171	55	333	76	79	123	7	17	49	57	12	34	123	112	13	14	50	38	8	17	0	48	20	30	60	7	23	30	246	0	79	28	20	81	182	177	123	470
1145	1130	56	72	43	1115	34	50	0	56	72	43	39	60	0	0	124	122	86	301	1100	26	50	0	34	50	0	16	60	0	0	94	110	0	211	56	72	43	10	0	0	0	14	0	0	0	39	60	0	0	124	122	86	301	1085	26	50	0	26	50	0	16	60	0	0	72	110	0	185	34	50	0	10	0	0	0	9	0	0	0	16	60	0	0	94	110	0	211	56	72	43	7	0	0	0	5	0	0	0	10	0	0	0	14	0	0	0	39	60	0	0	124	122	86	301	1070	23	50	0	26	50	0	16	60	0	0	72	110	0	128	26	50	0	5	0	0	0	3	0	0	0	16	60	0	0	72	110	0	185	34	50	0	3	0	0	0	4	0	0	0	10	0	0	0	9	0	0	0	16	60	0	0	94	110	0	211	56	72	43	5	0	9	0	6	0	0	0	7	0	0	0	5	0	0	0	10	0	0	0	14	0	0	0	39	60	0	0	124	122	86	301
1218	1202	63	101	13	1186	30	74	0	63	101	13	38	81	0	0	125	233	39	120	1170	22	56	0	30	74	0	12	36	0	0	72	193	0	113	63	101	13	10	24	0	0	21	31	39	0	38	81	0	0	125	233	39	120	1154	20	53	0	22	56	0	12	36	0	0	51	144	0	111	30	74	0	4	15	0	0	10	22	0	0	12	36	0	0	72	193	0	113	63	101	13	8	15	0	0	6	23	0	0	10	24	0	0	21	31	39	0	38	81	0	0	125	233	39	120	1138	17	45	0	20	53	0	10	36	0	0	44	135	0	95	22	56	0	2	0	0	0	5	12	0	0	12	36	0	0	51	144	0	111	30	74	0	1	0	0	0	5	23	0	0	4	15	0	0	10	22	0	0	12	36	0	0	72	193	0	113	63	101	13	7	33	0	0	8	22	13	0	8	15	0	0	6	23	0	0	10	24	0	0	21	31	39	0	38	81	0	0	125	233	39	120
702	693	22	0	70	684	12	0	27	22	0	70	9	0	60	54	50	0	0	279	675	12	0	24	12	0	27	9	0	0	48	28	0	0	158	22	0	70	3	0	0	35	5	0	0	0	9	0	60	54	50	0	0	279	666	11	0	24	12	0	24	9	0	0	48	28	0	0	158	12	0	27	0	0	0	35	1	0	0	0	9	0	0	48	28	0	0	158	22	0	70	0	0	5	0	2	0	0	0	3	0	0	35	5	0	0	0	9	0	60	54	50	0	0	279	657	11	0	24	11	0	24	9	0	0	48	25	0	0	156	12	0	24	0	0	0	35	1	0	0	0	9	0	0	48	28	0	0	158	12	0	27	0	0	0	0	2	0	0	0	0	0	0	35	1	0	0	0	9	0	0	48	28	0	0	158	22	0	70	3	0	0	0	2	0	0	0	0	0	5	0	2	0	0	0	3	0	0	35	5	0	0	0	9	0	60	54	50	0	0	279
1246	1230	34	28	120	1214	12	0	82	34	28	120	9	0	130	81	82	42	240	236	1198	11	0	81	12	0	82	5	0	60	79	27	0	164	158	34	28	120	3	0	12	13	11	0	0	0	9	0	130	81	82	42	240	236	1182	10	0	81	11	0	81	5	0	60	79	25	0	162	158	12	0	82	0	0	10	13	3	0	0	0	5	0	60	79	27	0	164	158	34	28	120	0	0	5	0	2	0	0	0	3	0	12	13	11	0	0	0	9	0	130	81	82	42	240	236	1166	10	0	81	10	0	81	5	0	60	79	22	0	162	156	11	0	81	0	0	10	13	3	0	0	0	5	0	60	79	25	0	162	158	12	0	82	0	0	0	0	2	0	0	0	0	0	10	13	3	0	0	0	5	0	60	79	27	0	164	158	34	28	120	3	0	0	0	2	0	0	0	0	0	5	0	2	0	0	0	3	0	12	13	11	0	0	0	9	0	130	81	82	42	240	236
544	537	19	10	26	530	4	0	10	19	10	26	2	0	67	10	43	15	52	143	523	4	0	10	4	0	10	2	0	20	10	8	0	20	114	19	10	26	0	0	0	0	6	0	0	0	2	0	67	10	43	15	52	143	516	4	0	10	4	0	10	2	0	20	10	8	0	20	114	4	0	10	0	0	0	0	2	0	0	0	2	0	20	10	8	0	20	114	19	10	26	0	0	0	0	0	0	0	0	0	0	0	0	6	0	0	0	2	0	67	10	43	15	52	143	509	4	0	10	4	0	10	2	0	20	10	8	0	20	112	4	0	10	0	0	0	0	2	0	0	0	2	0	20	10	8	0	20	114	4	0	10	0	0	0	0	0	0	0	0	0	0	0	0	2	0	0	0	2	0	20	10	8	0	20	114	19	10	26	0	0	0	0	0	0	0	0	0	0	0	0	0	0	0	0	0	0	0	0	6	0	0	0	2	0	67	10	43	15	52	143
697	688	36	20	23	679	11	0	20	36	20	23	18	0	70	30	77	60	115	0	670	8	0	20	11	0	20	4	0	60	30	25	0	100	0	36	20	23	0	0	12	0	6	8	0	0	18	0	70	30	77	60	115	0	661	8	0	20	8	0	20	4	0	60	30	19	0	100	0	11	0	20	0	0	10	0	4	0	0	0	4	0	60	30	25	0	100	0	36	20	23	0	0	0	0	1	0	0	0	0	0	12	0	6	8	0	0	18	0	70	30	77	60	115	0	652	8	0	20	8	0	20	4	0	60	30	19	0	100	0	8	0	20	0	0	10	0	4	0	0	0	4	0	60	30	19	0	100	0	11	0	20	0	0	0	0	1	0	0	0	0	0	10	0	4	0	0	0	4	0	60	30	25	0	100	0	36	20	23	0	0	0	0	4	0	0	0	0	0	0	0	1	0	0	0	0	0	12	0	6	8	0	0	18	0	70	30	77	60	115	0
688	679	30	14	53	670	16	14	0	30	14	53	12	0	88	0	77	28	0	402	661	16	14	0	16	14	0	12	0	0	0	44	28	0	213	30	14	53	5	0	0	0	10	0	0	0	12	0	88	0	77	28	0	402	652	14	14	0	16	14	0	12	0	0	0	44	28	0	212	16	14	0	0	0	0	0	1	0	0	0	12	0	0	0	44	28	0	213	30	14	53	0	0	19	0	3	0	0	0	5	0	0	0	10	0	0	0	12	0	88	0	77	28	0	402	643	14	14	0	14	14	0	12	0	0	0	38	28	0	199	16	14	0	0	0	0	0	1	0	0	0	12	0	0	0	44	28	0	212	16	14	0	0	0	0	0	3	0	0	0	0	0	0	0	1	0	0	0	12	0	0	0	44	28	0	213	30	14	53	4	0	0	0	4	0	0	0	0	0	19	0	3	0	0	0	5	0	0	0	10	0	0	0	12	0	88	0	77	28	0	402
1070	1056	42	25	93	1042	23	13	57	42	25	93	27	0	14	146	98	50	93	169	1028	18	13	20	23	13	57	15	0	12	50	59	26	57	112	42	25	93	1	0	23	30	7	13	0	279	27	0	14	146	98	50	93	169	1014	18	13	20	18	13	20	15	0	10	50	46	26	20	111	23	13	57	1	0	19	30	7	13	0	169	15	0	12	50	59	26	57	112	42	25	93	0	0	0	0	4	0	0	0	1	0	23	30	7	13	0	279	27	0	14	146	98	50	93	169	1000	18	13	20	18	13	20	15	0	10	50	46	26	20	111	18	13	20	1	0	0	30	6	13	0	168	15	0	10	50	46	26	20	111	23	13	57	0	0	0	0	4	0	0	0	1	0	19	30	7	13	0	169	15	0	12	50	59	26	57	112	42	25	93	6	0	0	0	10	0	0	0	0	0	0	0	4	0	0	0	1	0	23	30	7	13	0	279	27	0	14	146	98	50	93	169
997	984	42	36	52	971	18	0	43	42	36	52	28	0	56	57	99	72	208	23	958	14	0	39	18	0	43	12	0	54	50	46	0	172	20	42	36	52	1	0	22	40	6	0	0	0	28	0	56	57	99	72	208	23	945	14	0	38	14	0	39	12	0	49	50	36	0	156	20	18	0	43	1	0	22	39	6	0	0	0	12	0	54	50	46	0	172	20	42	36	52	0	0	0	9	3	0	0	0	1	0	22	40	6	0	0	0	28	0	56	57	99	72	208	23	932	14	0	38	14	0	38	12	0	46	50	36	0	152	20	14	0	39	1	0	20	39	6	0	0	0	12	0	49	50	36	0	156	20	18	0	43	0	0	0	9	2	0	0	0	1	0	22	39	6	0	0	0	12	0	54	50	46	0	172	20	42	36	52	2	0	0	0	12	0	0	0	0	0	0	9	3	0	0	0	1	0	22	40	6	0	0	0	28	0	56	57	99	72	208	23
1133	1118	42	58	64	1103	20	36	32	42	58	64	25	24	14	99	101	95	128	169	1088	16	36	10	20	36	32	13	24	12	20	52	72	64	112	42	58	64	1	0	8	20	9	13	0	156	25	24	14	99	101	95	128	169	1073	16	36	10	16	36	10	13	24	10	20	42	72	20	111	20	36	32	1	0	5	20	7	12	0	114	13	24	12	20	52	72	64	112	42	58	64	0	0	0	0	3	0	0	0	1	0	8	20	9	13	0	156	25	24	14	99	101	95	128	169	1058	16	36	10	16	36	10	13	24	10	20	42	72	20	111	16	36	10	1	0	0	20	6	12	0	114	13	24	10	20	42	72	20	111	20	36	32	0	0	0	0	3	0	0	0	1	0	5	20	7	12	0	114	13	24	12	20	52	72	64	112	42	58	64	5	0	0	0	8	0	0	0	0	0	0	0	3	0	0	0	1	0	8	20	9	13	0	156	25	24	14	99	101	95	128	169
1370	1352	72	97	71	1334	39	37	57	72	97	71	47	100	47	113	172	224	355	23	1316	34	17	20	39	37	57	39	0	45	20	103	74	285	20	72	97	71	17	0	45	30	17	17	142	279	47	100	47	113	172	224	355	23	1298	33	17	19	34	17	20	39	0	40	20	88	34	100	20	39	37	57	14	0	41	29	12	17	114	169	39	0	45	20	103	74	285	20	72	97	71	14	0	0	9	11	15	0	0	17	0	45	30	17	17	142	279	47	100	47	113	172	224	355	23	1280	29	17	19	33	17	19	37	0	37	20	84	34	95	20	34	17	20	14	0	20	29	11	17	40	168	39	0	40	20	88	34	100	20	39	37	57	6	0	0	9	7	10	0	0	14	0	41	29	12	17	114	169	39	0	45	20	103	74	285	20	72	97	71	16	0	0	0	17	60	0	0	14	0	0	9	11	15	0	0	17	0	45	30	17	17	142	279	47	100	47	113	172	224	355	23
822	811	39	41	4	800	14	24	0	39	41	4	22	16	0	0	94	96	12	23	789	11	24	0	14	24	0	10	16	0	0	34	72	0	20	39	41	4	1	0	0	0	7	8	0	0	22	16	0	0	94	96	12	23	778	11	24	0	11	24	0	10	16	0	0	27	72	0	20	14	24	0	1	0	0	0	6	8	0	0	10	16	0	0	34	72	0	20	39	41	4	0	0	0	0	1	0	0	0	1	0	0	0	7	8	0	0	22	16	0	0	94	96	12	23	767	11	24	0	11	24	0	10	16	0	0	27	72	0	20	11	24	0	1	0	0	0	5	8	0	0	10	16	0	0	27	72	0	20	14	24	0	0	0	0	0	1	0	0	0	1	0	0	0	6	8	0	0	10	16	0	0	34	72	0	20	39	41	4	2	0	0	0	6	0	0	0	0	0	0	0	1	0	0	0	1	0	0	0	7	8	0	0	22	16	0	0	94	96	12	23
910	898	34	20	65	886	14	0	34	34	20	65	11	0	46	87	77	50	130	127	874	14	0	32	14	0	34	11	0	22	79	37	0	68	100	34	20	65	1	0	0	24	12	0	0	0	11	0	46	87	77	50	130	127	862	14	0	29	14	0	32	11	0	22	69	37	0	64	59	14	0	34	1	0	0	20	5	0	0	0	11	0	22	79	37	0	68	100	34	20	65	0	0	0	30	7	0	0	0	1	0	0	24	12	0	0	0	11	0	46	87	77	50	130	127	850	14	0	28	14	0	29	11	0	20	67	37	0	58	57	14	0	32	1	0	0	20	5	0	0	0	11	0	22	69	37	0	64	59	14	0	34	0	0	0	29	1	0	0	0	1	0	0	20	5	0	0	0	11	0	22	79	37	0	68	100	34	20	65	7	0	0	9	17	0	0	0	0	0	0	30	7	0	0	0	1	0	0	24	12	0	0	0	11	0	46	87	77	50	130	127
832	821	47	28	32	810	25	0	11	47	28	32	32	0	46	22	104	63	128	123	799	25	0	11	25	0	11	32	0	22	22	65	0	44	100	47	28	32	17	0	0	0	20	0	0	0	32	0	46	22	104	63	128	123	788	24	0	10	25	0	11	32	0	22	20	65	0	44	59	25	0	11	14	0	0	0	8	0	0	0	32	0	22	22	65	0	44	100	47	28	32	14	0	0	10	9	7	0	0	17	0	0	0	20	0	0	0	32	0	46	22	104	63	128	123	777	20	0	9	24	0	10	30	0	20	18	61	0	40	57	25	0	11	14	0	0	0	8	0	0	0	32	0	22	20	65	0	44	59	25	0	11	6	0	0	9	3	0	0	0	14	0	0	0	8	0	0	0	32	0	22	22	65	0	44	100	47	28	32	12	0	0	9	13	28	0	0	14	0	0	10	9	7	0	0	17	0	0	0	20	0	0	0	32	0	46	22	104	63	128	123
1048	1034	69	60	34	1020	37	24	22	69	60	34	46	12	68	22	159	153	170	71	1006	35	24	22	37	24	22	42	12	44	22	101	60	110	57	69	60	34	27	0	11	0	32	13	0	0	46	12	68	22	159	153	170	71	992	31	24	20	35	24	22	41	12	44	20	96	60	110	20	37	24	22	15	0	11	0	12	12	0	0	42	12	44	22	101	60	110	57	69	60	34	22	0	11	20	12	26	0	0	27	0	11	0	32	13	0	0	46	12	68	22	159	153	170	71	978	26	19	17	31	24	20	38	12	40	18	80	60	100	19	35	24	22	15	0	11	0	9	12	0	0	41	12	44	20	96	60	110	20	37	24	22	10	0	11	17	5	12	0	0	15	0	11	0	12	12	0	0	42	12	44	22	101	60	110	57	69	60	34	16	35	0	25	17	35	0	0	22	0	11	20	12	26	0	0	27	0	11	0	32	13	0	0	46	12	68	22	159	153	170	71
1254	1237	62	93	46	1220	29	67	0	62	93	46	31	92	20	0	160	240	92	284	1203	27	66	0	29	67	0	26	88	0	0	79	190	0	189	62	93	46	12	11	0	0	19	24	0	0	31	92	20	0	160	240	92	284	1186	27	66	0	27	66	0	26	88	0	0	73	187	0	89	29	67	0	12	11	0	0	14	22	0	0	26	88	0	0	79	190	0	189	62	93	46	8	0	0	0	6	0	0	0	12	11	0	0	19	24	0	0	31	92	20	0	160	240	92	284	1169	25	64	0	27	66	0	26	88	0	0	73	187	0	87	27	66	0	12	11	0	0	12	22	0	0	26	88	0	0	73	187	0	89	29	67	0	6	0	0	0	2	0	0	0	12	11	0	0	14	22	0	0	26	88	0	0	79	190	0	189	62	93	46	7	18	0	0	13	18	0	0	8	0	0	0	6	0	0	0	12	11	0	0	19	24	0	0	31	92	20	0	160	240	92	284
608	600	30	0	34	592	15	0	0	30	0	34	13	0	20	0	73	0	0	191	584	15	0	0	15	0	0	13	0	0	0	39	0	0	132	30	0	34	1	0	0	0	6	0	0	0	13	0	20	0	73	0	0	191	576	15	0	0	15	0	0	13	0	0	0	39	0	0	69	15	0	0	1	0	0	0	6	0	0	0	13	0	0	0	39	0	0	132	30	0	34	0	0	0	0	5	0	0	0	1	0	0	0	6	0	0	0	13	0	20	0	73	0	0	191	568	15	0	0	15	0	0	13	0	0	0	39	0	0	67	15	0	0	1	0	0	0	6	0	0	0	13	0	0	0	39	0	0	69	15	0	0	0	0	0	0	1	0	0	0	1	0	0	0	6	0	0	0	13	0	0	0	39	0	0	132	30	0	34	7	0	0	0	15	0	0	0	0	0	0	0	5	0	0	0	1	0	0	0	6	0	0	0	13	0	20	0	73	0	0	191
1047	1033	53	33	71	1019	38	0	43	53	33	71	49	0	20	50	129	33	213	131	1005	32	0	41	38	0	43	41	0	19	44	105	0	129	67	53	33	71	21	0	12	22	25	55	0	0	49	0	20	50	129	33	213	131	991	29	0	41	32	0	41	38	0	19	44	85	0	123	65	38	0	43	13	0	11	22	8	0	0	0	41	0	19	44	105	0	129	67	53	33	71	21	0	0	0	10	11	0	0	21	0	12	22	25	55	0	0	49	0	20	50	129	33	213	131	977	23	0	39	29	0	41	35	0	19	40	74	0	123	59	32	0	41	13	0	11	20	8	0	0	0	38	0	19	44	85	0	123	65	38	0	43	9	0	0	0	8	0	0	0	13	0	11	22	8	0	0	0	41	0	19	44	105	0	129	67	53	33	71	13	0	7	20	4	0	0	0	21	0	0	0	10	11	0	0	21	0	12	22	25	55	0	0	49	0	20	50	129	33	213	131
1406	1387	75	101	97	1368	49	61	74	75	101	97	55	62	24	100	186	212	291	66	1349	41	57	57	49	61	74	44	60	23	44	135	167	222	33	75	101	97	24	51	24	76	32	78	0	71	55	62	24	100	186	212	291	66	1330	36	39	53	41	57	57	39	54	23	44	107	153	171	33	49	61	74	14	15	23	65	11	16	0	57	44	60	23	44	135	167	222	33	75	101	97	17	72	24	29	13	28	97	0	24	51	24	76	32	78	0	71	55	62	24	100	186	212	291	66	1311	27	12	29	36	39	53	36	24	23	40	90	90	159	30	41	57	57	13	12	23	20	10	15	0	20	39	54	23	44	107	153	171	33	49	61	74	10	0	24	0	10	15	74	0	14	15	23	65	11	16	0	57	44	60	23	44	135	167	222	33	75	101	97	13	36	69	47	6	0	194	136	17	72	24	29	13	28	97	0	24	51	24	76	32	78	0	71	55	62	24	100	186	212	291	66
1367	1348	82	135	38	1329	44	108	10	82	135	38	44	219	0	50	202	329	38	112	1310	41	96	0	44	108	10	36	189	0	0	128	280	10	33	82	135	38	14	120	0	0	42	38	0	71	44	219	0	50	202	329	38	112	1291	38	88	0	41	96	0	36	171	0	0	121	248	0	33	44	108	10	4	108	0	0	17	31	0	57	36	189	0	0	128	280	10	33	82	135	38	15	70	0	0	10	9	0	0	14	120	0	0	42	38	0	71	44	219	0	50	202	329	38	112	1272	33	70	0	38	88	0	33	167	0	0	110	229	0	30	41	96	0	4	108	0	0	15	29	0	20	36	171	0	0	121	248	0	33	44	108	10	5	54	0	0	7	9	0	0	4	108	0	0	17	31	0	57	36	189	0	0	128	280	10	33	82	135	38	16	16	16	0	5	0	76	0	15	70	0	0	10	9	0	0	14	120	0	0	42	38	0	71	44	219	0	50	202	329	38	112
884	872	50	36	33	860	33	20	0	50	36	33	46	0	0	0	110	56	66	177	848	31	20	0	33	20	0	42	0	0	0	88	40	0	67	50	36	33	21	0	0	0	24	16	0	0	46	0	0	0	110	56	66	177	836	29	20	0	31	20	0	42	0	0	0	83	40	0	65	33	20	0	14	0	0	0	8	0	0	0	42	0	0	0	88	40	0	67	50	36	33	21	0	0	0	7	0	0	0	21	0	0	0	24	16	0	0	46	0	0	0	110	56	66	177	824	22	20	0	29	20	0	39	0	0	0	75	40	0	59	31	20	0	14	0	0	0	8	0	0	0	42	0	0	0	83	40	0	65	33	20	0	9	0	0	0	4	0	0	0	14	0	0	0	8	0	0	0	42	0	0	0	88	40	0	67	50	36	33	11	0	16	0	1	0	0	0	21	0	0	0	7	0	0	0	21	0	0	0	24	16	0	0	46	0	0	0	110	56	66	177
1219	1202	78	114	7	1185	43	84	0	78	114	7	46	108	0	0	188	275	28	34	1168	36	80	0	43	84	0	35	108	0	0	124	228	0	22	78	114	7	23	20	0	0	32	41	0	0	46	108	0	0	188	275	28	34	1151	33	68	0	36	80	0	32	104	0	0	107	212	0	22	43	84	0	16	0	0	0	13	11	0	0	35	108	0	0	124	228	0	22	78	114	7	21	50	0	0	25	15	7	0	23	20	0	0	32	41	0	0	46	108	0	0	188	275	28	34	1134	27	57	0	33	68	0	30	90	0	0	97	173	0	20	36	80	0	16	0	0	0	13	11	0	0	32	104	0	0	107	212	0	22	43	84	0	8	27	0	0	11	9	0	0	16	0	0	0	13	11	0	0	35	108	0	0	124	228	0	22	78	114	7	18	57	7	0	18	14	7	0	21	50	0	0	25	15	7	0	23	20	0	0	32	41	0	0	46	108	0	0	188	275	28	34
1178	1162	56	52	86	1146	37	24	46	56	52	86	36	48	41	44	153	142	172	208	1130	28	0	45	37	24	46	27	0	38	42	98	60	92	117	56	52	86	7	0	43	11	6	0	172	0	36	48	41	44	153	142	172	208	1114	23	0	45	28	0	45	19	0	37	42	71	0	90	98	37	24	46	5	0	24	11	6	0	92	0	27	0	38	42	98	60	92	117	56	52	86	5	0	42	0	8	0	0	0	7	0	43	11	6	0	172	0	36	48	41	44	153	142	172	208	1098	22	0	45	23	0	45	17	0	37	42	58	0	90	94	28	0	45	4	0	24	11	6	0	90	0	19	0	37	42	71	0	90	98	37	24	46	5	0	12	0	7	0	0	0	5	0	24	11	6	0	92	0	27	0	38	42	98	60	92	117	56	52	86	8	0	12	0	5	0	0	0	5	0	42	0	8	0	0	0	7	0	43	11	6	0	172	0	36	48	41	44	153	142	172	208
874	862	40	42	32	850	23	18	32	40	42	32	20	21	22	0	111	88	96	0	838	17	11	32	23	18	32	12	0	22	0	62	29	96	0	40	42	32	5	0	0	0	5	0	32	0	20	21	22	0	111	88	96	0	826	16	11	32	17	11	32	9	0	22	0	46	22	96	0	23	18	32	4	0	0	0	5	0	32	0	12	0	22	0	62	29	96	0	40	42	32	2	0	0	0	5	0	0	0	5	0	0	0	5	0	32	0	20	21	22	0	111	88	96	0	814	16	11	32	16	11	32	9	0	22	0	43	22	96	0	17	11	32	4	0	0	0	5	0	32	0	9	0	22	0	46	22	96	0	23	18	32	2	0	0	0	5	0	0	0	4	0	0	0	5	0	32	0	12	0	22	0	62	29	96	0	40	42	32	2	0	0	0	4	0	0	0	2	0	0	0	5	0	0	0	5	0	0	0	5	0	32	0	20	21	22	0	111	88	96	0
734	724	48	9	44	714	39	9	0	48	9	44	51	0	0	0	127	18	0	246	704	30	9	0	39	9	0	40	0	0	0	104	18	0	127	48	9	44	15	0	17	0	7	0	0	0	51	0	0	0	127	18	0	246	694	24	9	0	30	9	0	34	0	0	0	79	18	0	98	39	9	0	14	0	0	0	7	0	0	0	40	0	0	0	104	18	0	127	48	9	44	9	0	45	0	7	0	0	0	15	0	17	0	7	0	0	0	51	0	0	0	127	18	0	246	684	21	9	0	24	9	0	28	0	0	0	63	18	0	94	30	9	0	13	0	0	0	7	0	0	0	34	0	0	0	79	18	0	98	39	9	0	9	0	0	0	7	0	0	0	14	0	0	0	7	0	0	0	40	0	0	0	104	18	0	127	48	9	44	8	0	28	0	5	0	0	0	9	0	45	0	7	0	0	0	15	0	17	0	7	0	0	0	51	0	0	0	127	18	0	246
1144	1128	83	94	28	1112	47	77	0	83	94	28	48	93	0	0	210	302	28	175	1096	39	55	0	47	77	0	32	69	0	0	128	238	0	117	83	94	28	19	7	17	0	21	28	84	0	48	93	0	0	210	302	28	175	1080	32	48	0	39	55	0	27	48	0	0	106	165	0	98	47	77	0	10	0	0	0	14	24	0	0	32	69	0	0	128	238	0	117	83	94	28	19	0	29	0	19	53	28	0	19	7	17	0	21	28	84	0	48	93	0	0	210	302	28	175	1064	28	46	0	32	48	0	21	48	0	0	86	144	0	94	39	55	0	9	0	0	0	14	24	0	0	27	48	0	0	106	165	0	98	47	77	0	12	0	0	0	8	44	0	0	10	0	0	0	14	24	0	0	32	69	0	0	128	238	0	117	83	94	28	13	22	12	0	15	40	0	0	19	0	29	0	19	53	28	0	19	7	17	0	21	28	84	0	48	93	0	0	210	302	28	175
647	638	44	26	5	629	29	20	0	44	26	5	31	5	0	0	117	62	5	7	620	22	14	0	29	20	0	21	0	0	0	76	56	0	0	44	26	5	4	7	5	0	11	0	5	0	31	5	0	0	117	62	5	7	611	20	14	0	22	14	0	17	0	0	0	56	49	0	0	29	20	0	3	7	0	0	6	0	0	0	21	0	0	0	76	56	0	0	44	26	5	10	0	5	0	12	0	0	0	4	7	5	0	11	0	5	0	31	5	0	0	117	62	5	7	602	19	14	0	20	14	0	17	0	0	0	50	49	0	0	22	14	0	3	7	0	0	6	0	0	0	17	0	0	0	56	49	0	0	29	20	0	5	0	0	0	6	0	0	0	3	7	0	0	6	0	0	0	21	0	0	0	76	56	0	0	44	26	5	8	0	0	0	8	7	0	0	10	0	5	0	12	0	0	0	4	7	5	0	11	0	5	0	31	5	0	0	117	62	5	7
1236	1219	65	60	90	1202	31	0	59	65	60	90	26	0	90	63	160	180	450	146	1185	29	0	56	31	0	59	21	0	36	60	83	0	295	78	65	60	90	8	0	21	36	6	0	0	0	26	0	90	63	160	180	450	146	1168	29	0	55	29	0	56	21	0	34	59	78	0	280	77	31	0	59	8	0	13	34	6	0	0	0	21	0	36	60	83	0	295	78	65	60	90	8	0	0	11	11	0	0	0	8	0	21	36	6	0	0	0	26	0	90	63	160	180	450	146	1151	29	0	55	29	0	55	21	0	34	59	78	0	275	77	29	0	56	8	0	12	34	6	0	0	0	21	0	34	59	78	0	280	77	31	0	59	8	0	0	11	8	0	0	0	8	0	13	34	6	0	0	0	21	0	36	60	83	0	295	78	65	60	90	2	0	0	0	5	0	0	0	8	0	0	11	11	0	0	0	8	0	21	36	6	0	0	0	26	0	90	63	160	180	450	146
711	701	39	29	17	691	16	16	10	39	29	17	10	8	17	0	98	61	34	32	681	16	16	10	16	16	10	10	8	10	0	45	40	20	32	39	29	17	4	0	0	0	3	0	0	0	10	8	17	0	98	61	34	32	671	16	16	10	16	16	10	10	8	10	0	45	40	20	32	16	16	10	4	0	0	0	3	0	0	0	10	8	10	0	45	40	20	32	39	29	17	2	0	0	0	1	0	0	0	4	0	0	0	3	0	0	0	10	8	17	0	98	61	34	32	661	16	16	10	16	16	10	10	8	10	0	45	40	20	32	16	16	10	4	0	0	0	3	0	0	0	10	8	10	0	45	40	20	32	16	16	10	2	0	0	0	1	0	0	0	4	0	0	0	3	0	0	0	10	8	10	0	45	40	20	32	39	29	17	0	0	0	0	0	0	0	0	2	0	0	0	1	0	0	0	4	0	0	0	3	0	0	0	10	8	17	0	98	61	34	32
645	636	41	24	10	627	15	8	10	41	24	10	11	0	10	0	100	80	40	0	618	15	8	10	15	8	10	11	0	10	0	39	40	40	0	41	24	10	4	0	0	0	2	0	0	0	11	0	10	0	100	80	40	0	609	15	8	10	15	8	10	11	0	10	0	39	40	40	0	15	8	10	4	0	0	0	2	0	0	0	11	0	10	0	39	40	40	0	41	24	10	2	0	0	0	3	0	0	0	4	0	0	0	2	0	0	0	11	0	10	0	100	80	40	0	600	15	8	10	15	8	10	11	0	10	0	39	40	40	0	15	8	10	4	0	0	0	2	0	0	0	11	0	10	0	39	40	40	0	15	8	10	2	0	0	0	1	0	0	0	4	0	0	0	2	0	0	0	11	0	10	0	39	40	40	0	41	24	10	0	0	0	0	0	0	0	0	2	0	0	0	3	0	0	0	4	0	0	0	2	0	0	0	11	0	10	0	100	80	40	0
575	567	31	13	24	559	14	7	0	31	13	24	7	0	36	0	78	20	24	123	551	14	7	0	14	7	0	7	0	0	0	39	14	0	78	31	13	24	4	0	0	0	3	0	0	0	7	0	36	0	78	20	24	123	543	14	7	0	14	7	0	7	0	0	0	39	14	0	77	14	7	0	4	0	0	0	3	0	0	0	7	0	0	0	39	14	0	78	31	13	24	2	0	0	0	1	0	0	0	4	0	0	0	3	0	0	0	7	0	36	0	78	20	24	123	535	14	7	0	14	7	0	7	0	0	0	39	14	0	77	14	7	0	4	0	0	0	3	0	0	0	7	0	0	0	39	14	0	77	14	7	0	2	0	0	0	1	0	0	0	4	0	0	0	3	0	0	0	7	0	0	0	39	14	0	78	31	13	24	0	0	0	0	1	0	0	0	2	0	0	0	1	0	0	0	4	0	0	0	3	0	0	0	7	0	36	0	78	20	24	123
702	692	43	35	0	682	15	21	0	43	35	0	9	14	0	0	106	100	0	0	672	15	21	0	15	21	0	9	14	0	0	39	70	0	0	43	35	0	4	0	0	0	3	0	0	0	9	14	0	0	106	100	0	0	662	15	21	0	15	21	0	9	14	0	0	39	70	0	0	15	21	0	4	0	0	0	3	0	0	0	9	14	0	0	39	70	0	0	43	35	0	2	0	0	0	2	0	0	0	4	0	0	0	3	0	0	0	9	14	0	0	106	100	0	0	652	15	21	0	15	21	0	9	14	0	0	39	70	0	0	15	21	0	4	0	0	0	3	0	0	0	9	14	0	0	39	70	0	0	15	21	0	2	0	0	0	1	0	0	0	4	0	0	0	3	0	0	0	9	14	0	0	39	70	0	0	43	35	0	0	0	0	0	0	0	0	0	2	0	0	0	2	0	0	0	4	0	0	0	3	0	0	0	9	14	0	0	106	100	0	0
1068	1053	51	47	70	1038	28	14	46	51	47	70	19	0	45	44	128	80	210	100	1023	28	14	45	28	14	46	19	0	44	43	81	14	138	69	51	47	70	12	0	0	13	11	0	0	0	19	0	45	44	128	80	210	100	1008	27	14	44	28	14	45	19	0	43	42	81	14	135	66	28	14	46	9	0	0	12	5	0	0	0	19	0	44	43	81	14	138	69	51	47	70	9	0	0	12	8	11	0	0	12	0	0	13	11	0	0	0	19	0	45	44	128	80	210	100	993	27	14	44	27	14	44	19	0	42	42	78	14	132	65	28	14	45	9	0	0	12	5	0	0	0	19	0	43	42	81	14	135	66	28	14	46	9	0	0	12	6	0	0	0	9	0	0	12	5	0	0	0	19	0	44	43	81	14	138	69	51	47	70	3	0	0	0	5	0	0	0	9	0	0	12	8	11	0	0	12	0	0	13	11	0	0	0	19	0	45	44	128	80	210	100
1076	1061	66	44	77	1046	41	0	57	66	44	77	35	0	62	45	167	99	308	100	1031	40	0	30	41	0	57	33	0	60	13	113	0	228	69	66	44	77	12	0	15	69	16	0	0	114	35	0	62	45	167	99	308	100	1016	39	0	12	40	0	30	33	0	42	12	111	0	120	66	41	0	57	9	0	15	12	9	0	0	46	33	0	60	13	113	0	228	69	66	44	77	12	0	0	12	14	11	0	104	12	0	15	69	16	0	0	114	35	0	62	45	167	99	308	100	1001	36	0	12	39	0	12	33	0	12	12	108	0	48	65	40	0	30	9	0	12	12	8	0	0	45	33	0	42	12	111	0	120	66	41	0	57	9	0	0	12	9	0	0	74	9	0	15	12	9	0	0	46	33	0	60	13	113	0	228	69	66	44	77	8	0	27	0	8	0	0	0	12	0	0	12	14	11	0	104	12	0	15	69	16	0	0	114	35	0	62	45	167	99	308	100
1046	1031	55	67	36	1016	25	45	10	55	67	36	16	46	30	0	137	156	72	117	1001	25	44	10	25	45	10	16	44	30	0	71	122	20	79	55	67	36	7	11	0	0	8	0	0	0	16	46	30	0	137	156	72	117	986	25	44	10	25	44	10	16	44	30	0	71	121	20	76	25	45	10	7	11	0	0	4	0	0	0	16	44	30	0	71	122	20	79	55	67	36	8	0	0	0	7	0	0	0	7	11	0	0	8	0	0	0	16	46	30	0	137	156	72	117	971	25	44	10	25	44	10	16	44	30	0	71	121	20	75	25	44	10	7	11	0	0	4	0	0	0	16	44	30	0	71	121	20	76	25	45	10	8	0	0	0	4	0	0	0	7	11	0	0	4	0	0	0	16	44	30	0	71	122	20	79	55	67	36	0	0	0	0	3	0	0	0	8	0	0	0	7	0	0	0	7	11	0	0	8	0	0	0	16	46	30	0	137	156	72	117
1328	1309	63	92	70	1290	35	75	31	63	92	70	30	61	8	57	161	198	70	141	1271	33	72	0	35	75	31	22	58	7	0	103	177	31	79	63	92	70	10	44	0	0	9	28	0	151	30	61	8	57	161	198	70	141	1252	32	70	0	33	72	0	20	56	0	0	96	171	0	76	35	75	31	6	42	0	0	6	28	0	78	22	58	7	0	103	177	31	79	63	92	70	6	28	0	0	10	14	0	0	10	44	0	0	9	28	0	151	30	61	8	57	161	198	70	141	1233	32	70	0	32	70	0	20	56	0	0	94	168	0	75	33	72	0	6	42	0	0	6	28	0	77	20	56	0	0	96	171	0	76	35	75	31	6	28	0	0	6	14	0	0	6	42	0	0	6	28	0	78	22	58	7	0	103	177	31	79	63	92	70	2	0	0	0	8	0	0	0	6	28	0	0	10	14	0	0	10	44	0	0	9	28	0	151	30	61	8	57	161	198	70	141
1236	1218	76	123	20	1200	35	87	7	76	123	20	32	78	8	7	182	312	100	90	1182	33	83	0	35	87	7	24	78	7	0	102	224	35	59	76	123	20	14	44	0	0	25	22	0	28	32	78	8	7	182	312	100	90	1164	29	77	0	33	83	0	22	66	0	0	95	214	0	56	35	87	7	5	44	0	0	9	22	0	0	24	78	7	0	102	224	35	59	76	123	20	5	66	0	0	9	39	0	0	14	44	0	0	25	22	0	28	32	78	8	7	182	312	100	90	1146	27	77	0	29	77	0	18	66	0	0	83	198	0	55	33	83	0	5	44	0	0	9	22	0	0	22	66	0	0	95	214	0	56	35	87	7	3	66	0	0	6	33	0	0	5	44	0	0	9	22	0	0	24	78	7	0	102	224	35	59	76	123	20	5	0	0	0	9	22	0	0	5	66	0	0	9	39	0	0	14	44	0	0	25	22	0	28	32	78	8	7	182	312	100	90
1197	1180	54	44	121	1163	34	16	79	54	44	121	38	0	46	65	145	86	242	203	1146	29	16	78	34	16	79	27	0	45	63	100	16	158	120	54	44	121	15	0	27	14	20	28	0	0	38	0	46	65	145	86	242	203	1129	25	16	73	29	16	78	18	0	45	58	85	16	156	85	34	16	79	6	0	27	13	8	0	0	0	27	0	45	63	100	16	158	120	54	44	121	7	0	27	57	5	0	0	0	15	0	27	14	20	28	0	0	38	0	46	65	145	86	242	203	1112	25	16	50	25	16	73	18	0	40	44	75	16	146	66	29	16	78	6	0	27	12	6	0	0	0	18	0	45	58	85	16	156	85	34	16	79	7	0	27	12	5	0	0	0	6	0	27	13	8	0	0	0	27	0	45	63	100	16	158	120	54	44	121	3	0	0	40	5	0	0	135	7	0	27	57	5	0	0	0	15	0	27	14	20	28	0	0	38	0	46	65	145	86	242	203
1104	1088	60	62	69	1072	32	48	17	60	62	69	23	36	0	20	149	212	69	273	1056	31	48	17	32	48	17	21	36	0	20	81	180	17	151	60	62	69	12	0	0	0	23	11	0	0	23	36	0	20	149	212	69	273	1040	30	48	17	31	48	17	21	36	0	20	78	180	17	85	32	48	17	9	0	0	0	6	0	0	0	21	36	0	20	81	180	17	151	60	62	69	9	0	0	0	6	0	0	0	12	0	0	0	23	11	0	0	23	36	0	20	149	212	69	273	1024	30	48	17	30	48	17	21	36	0	20	75	180	17	66	31	48	17	9	0	0	0	5	0	0	0	21	36	0	20	78	180	17	85	32	48	17	9	0	0	0	6	0	0	0	9	0	0	0	6	0	0	0	21	36	0	20	81	180	17	151	60	62	69	3	0	0	0	7	0	0	0	9	0	0	0	6	0	0	0	12	0	0	0	23	11	0	0	23	36	0	20	149	212	69	273
920	907	48	30	60	894	26	0	52	48	30	60	23	0	80	20	132	60	180	20	881	23	0	52	26	0	52	14	0	80	20	78	0	156	7	48	30	60	8	0	11	0	18	20	0	0	23	0	80	20	132	60	180	20	868	22	0	52	23	0	52	14	0	80	20	69	0	156	0	26	0	52	5	0	11	0	7	0	0	0	14	0	80	20	78	0	156	7	48	30	60	7	0	0	0	5	0	0	0	8	0	11	0	18	20	0	0	23	0	80	20	132	60	180	20	855	22	0	49	22	0	52	14	0	80	20	66	0	156	0	23	0	52	5	0	11	0	5	0	0	0	14	0	80	20	69	0	156	0	26	0	52	7	0	0	0	5	0	0	0	5	0	11	0	7	0	0	0	14	0	80	20	78	0	156	7	48	30	60	3	0	0	29	4	0	0	0	7	0	0	0	5	0	0	0	8	0	11	0	18	20	0	0	23	0	80	20	132	60	180	20
1330	1311	76	90	98	1292	47	51	65	76	90	98	56	0	58	48	208	233	294	167	1273	41	47	64	47	51	65	42	0	57	45	139	155	195	110	76	90	98	13	55	27	7	32	42	0	0	56	0	58	48	208	233	294	167	1254	33	33	49	41	47	64	33	0	57	17	123	145	192	75	47	51	65	5	16	27	0	15	16	0	0	42	0	57	45	139	155	195	110	76	90	98	9	17	57	64	8	34	98	28	13	55	27	7	32	42	0	0	56	0	58	48	208	233	294	167	1235	26	30	18	33	33	49	20	0	52	0	102	101	147	56	41	47	64	5	13	27	0	13	13	0	0	33	0	57	17	123	145	192	75	47	51	65	7	17	54	0	8	34	65	0	5	16	27	0	15	16	0	0	42	0	57	45	139	155	195	110	76	90	98	4	39	52	46	10	34	0	142	9	17	57	64	8	34	98	28	13	55	27	7	32	42	0	0	56	0	58	48	208	233	294	167
887	874	51	57	17	861	24	36	0	51	57	17	17	27	0	0	131	150	51	97	848	22	36	0	24	36	0	12	27	0	0	67	108	0	64	51	57	17	8	0	0	0	23	12	0	0	17	27	0	0	131	150	51	97	835	21	36	0	22	36	0	12	27	0	0	61	108	0	30	24	36	0	5	0	0	0	7	0	0	0	12	27	0	0	67	108	0	64	51	57	17	7	0	0	0	5	0	0	0	8	0	0	0	23	12	0	0	17	27	0	0	131	150	51	97	822	21	36	0	21	36	0	12	27	0	0	58	108	0	12	22	36	0	5	0	0	0	5	0	0	0	12	27	0	0	61	108	0	30	24	36	0	7	0	0	0	5	0	0	0	5	0	0	0	7	0	0	0	12	27	0	0	67	108	0	64	51	57	17	3	0	0	0	7	0	0	0	7	0	0	0	5	0	0	0	8	0	0	0	23	12	0	0	17	27	0	0	131	150	51	97
1466	1445	58	56	174	1424	32	18	110	58	56	174	34	36	53	121	171	186	348	365	1403	26	0	109	32	18	110	19	0	46	119	100	54	220	213	58	56	174	2	0	46	15	13	20	174	0	34	36	53	121	171	186	348	365	1382	26	0	109	26	0	109	19	0	46	119	86	0	218	211	32	18	110	2	0	27	15	11	18	110	0	19	0	46	119	100	54	220	213	58	56	174	2	0	0	0	4	0	0	0	2	0	46	15	13	20	174	0	34	36	53	121	171	186	348	365	1361	25	0	105	26	0	109	19	0	46	111	86	0	218	191	26	0	109	1	0	27	12	8	0	109	0	19	0	46	119	86	0	218	211	32	18	110	2	0	0	0	4	0	0	0	2	0	27	15	11	18	110	0	19	0	46	119	100	54	220	213	58	56	174	4	0	13	44	4	0	0	0	2	0	0	0	4	0	0	0	2	0	46	15	13	20	174	0	34	36	53	121	171	186	348	365
761	750	39	19	54	739	20	10	23	39	19	54	19	0	12	23	110	56	54	175	728	17	10	23	20	10	23	14	0	11	23	58	20	23	117	39	19	54	1	0	13	0	8	0	0	0	19	0	12	23	110	56	54	175	717	17	10	23	17	10	23	14	0	11	23	49	20	23	116	20	10	23	1	0	0	0	7	0	0	0	14	0	11	23	58	20	23	117	39	19	54	1	0	0	0	2	0	0	0	1	0	13	0	8	0	0	0	19	0	12	23	110	56	54	175	706	16	10	23	17	10	23	14	0	11	23	49	20	23	101	17	10	23	0	0	0	0	4	0	0	0	14	0	11	23	49	20	23	116	20	10	23	1	0	0	0	2	0	0	0	1	0	0	0	7	0	0	0	14	0	11	23	58	20	23	117	39	19	54	0	0	13	0	2	0	0	0	1	0	0	0	2	0	0	0	1	0	13	0	8	0	0	0	19	0	12	23	110	56	54	175
765	754	48	30	20	743	23	0	19	48	30	20	19	0	20	11	141	90	100	0	732	21	0	19	23	0	19	14	0	19	11	73	0	95	0	48	30	20	0	0	0	0	14	0	0	0	19	0	20	11	141	90	100	0	721	21	0	19	21	0	19	14	0	19	11	67	0	95	0	23	0	19	0	0	0	0	10	0	0	0	14	0	19	11	73	0	95	0	48	30	20	0	0	0	0	0	0	0	0	0	0	0	0	14	0	0	0	19	0	20	11	141	90	100	0	710	21	0	19	21	0	19	14	0	19	11	67	0	95	0	21	0	19	0	0	0	0	8	0	0	0	14	0	19	11	67	0	95	0	23	0	19	0	0	0	0	0	0	0	0	0	0	0	0	10	0	0	0	14	0	19	11	73	0	95	0	48	30	20	0	0	0	0	0	0	0	0	0	0	0	0	0	0	0	0	0	0	0	0	14	0	0	0	19	0	20	11	141	90	100	0
1162	1145	71	87	66	1128	34	52	20	71	87	66	38	58	45	29	198	294	198	296	1111	26	42	20	34	52	20	14	28	38	29	98	198	60	196	71	87	66	2	0	46	0	17	43	66	0	38	58	45	29	198	294	198	296	1094	26	42	20	26	42	20	14	28	38	29	78	168	60	194	34	52	20	2	0	27	0	10	38	20	0	14	28	38	29	98	198	60	196	71	87	66	2	0	0	0	4	0	0	0	2	0	46	0	17	43	66	0	38	58	45	29	198	294	198	296	1077	25	42	19	26	42	20	14	28	38	27	78	168	60	174	26	42	20	1	0	27	0	6	28	20	0	14	28	38	29	78	168	60	194	34	52	20	2	0	0	0	4	0	0	0	2	0	27	0	10	38	20	0	14	28	38	29	98	198	60	196	71	87	66	4	0	13	8	5	0	0	0	2	0	0	0	4	0	0	0	2	0	46	0	17	43	66	0	38	58	45	29	198	294	198	296
480	473	36	14	0	466	18	6	0	36	14	0	16	0	0	0	101	32	0	0	459	16	6	0	18	6	0	11	0	0	0	51	12	0	0	36	14	0	0	0	0	0	7	0	0	0	16	0	0	0	101	32	0	0	452	16	6	0	16	6	0	11	0	0	0	45	12	0	0	18	6	0	0	0	0	0	6	0	0	0	11	0	0	0	51	12	0	0	36	14	0	0	0	0	0	0	0	0	0	0	0	0	0	7	0	0	0	16	0	0	0	101	32	0	0	445	16	6	0	16	6	0	11	0	0	0	45	12	0	0	16	6	0	0	0	0	0	4	0	0	0	11	0	0	0	45	12	0	0	18	6	0	0	0	0	0	0	0	0	0	0	0	0	0	6	0	0	0	11	0	0	0	51	12	0	0	36	14	0	0	0	0	0	0	0	0	0	0	0	0	0	0	0	0	0	0	0	0	0	7	0	0	0	16	0	0	0	101	32	0	0
619	610	41	14	29	601	20	0	19	41	14	29	17	0	39	38	117	35	58	20	592	19	0	17	20	0	19	14	0	33	34	67	0	38	19	41	14	29	1	0	0	18	12	7	0	0	17	0	39	38	117	35	58	20	583	19	0	17	19	0	17	14	0	27	34	66	0	34	19	20	0	19	1	0	0	18	8	0	0	0	14	0	33	34	67	0	38	19	41	14	29	1	0	0	0	2	0	0	0	1	0	0	18	12	7	0	0	17	0	39	38	117	35	58	20	574	19	0	17	19	0	17	14	0	27	34	66	0	34	19	19	0	17	1	0	0	18	8	0	0	0	14	0	27	34	66	0	34	19	20	0	19	1	0	0	0	2	0	0	0	1	0	0	18	8	0	0	0	14	0	33	34	67	0	38	19	41	14	29	4	0	0	0	2	0	0	0	1	0	0	0	2	0	0	0	1	0	0	18	12	7	0	0	17	0	39	38	117	35	58	20
887	874	60	39	63	861	30	12	23	60	39	63	35	0	67	70	176	132	189	260	848	27	12	20	30	12	23	22	0	33	62	103	60	69	149	60	39	63	2	0	0	29	17	33	0	0	35	0	67	70	176	132	189	260	835	27	12	20	27	12	20	22	0	27	62	96	60	60	148	30	12	23	2	0	0	29	11	24	0	0	22	0	33	62	103	60	69	149	60	39	63	1	0	0	0	2	0	0	0	2	0	0	29	17	33	0	0	35	0	67	70	176	132	189	260	822	27	12	20	27	12	20	22	0	27	62	96	60	60	148	27	12	20	2	0	0	29	10	24	0	0	22	0	27	62	96	60	60	148	30	12	23	1	0	0	0	2	0	0	0	2	0	0	29	11	24	0	0	22	0	33	62	103	60	69	149	60	39	63	4	0	0	0	2	0	0	0	1	0	0	0	2	0	0	0	2	0	0	29	17	33	0	0	35	0	67	70	176	132	189	260
1331	1311	77	133	60	1291	34	84	11	77	133	60	30	126	67	22	213	358	240	314	1271	31	84	9	34	84	11	17	126	33	18	113	224	44	172	77	133	60	2	0	0	18	19	38	0	0	30	126	67	22	213	358	240	314	1251	31	84	9	31	84	9	17	126	27	18	106	224	36	171	34	84	11	2	0	0	18	11	28	0	0	17	126	33	18	113	224	44	172	77	133	60	1	0	0	0	2	0	0	0	2	0	0	18	19	38	0	0	30	126	67	22	213	358	240	314	1231	31	84	9	31	84	9	17	126	27	18	106	224	36	171	31	84	9	2	0	0	18	10	28	0	0	17	126	27	18	106	224	36	171	34	84	11	1	0	0	0	2	0	0	0	2	0	0	18	11	28	0	0	17	126	33	18	113	224	44	172	77	133	60	4	0	0	0	2	0	0	0	1	0	0	0	2	0	0	0	2	0	0	18	19	38	0	0	30	126	67	22	213	358	240	314
856	843	48	47	20	830	17	40	0	48	47	20	14	0	10	0	134	126	20	86	817	17	40	0	17	40	0	14	0	0	0	57	112	0	39	48	47	20	0	0	0	0	16	0	0	0	14	0	10	0	134	126	20	86	804	17	40	0	17	40	0	14	0	0	0	57	112	0	39	17	40	0	0	0	0	0	8	0	0	0	14	0	0	0	57	112	0	39	48	47	20	0	0	0	0	0	0	0	0	0	0	0	0	16	0	0	0	14	0	10	0	134	126	20	86	791	17	40	0	17	40	0	14	0	0	0	57	112	0	39	17	40	0	0	0	0	0	8	0	0	0	14	0	0	0	57	112	0	39	17	40	0	0	0	0	0	0	0	0	0	0	0	0	0	8	0	0	0	14	0	0	0	57	112	0	39	48	47	20	0	0	0	0	0	0	0	0	0	0	0	0	0	0	0	0	0	0	0	0	16	0	0	0	14	0	10	0	134	126	20	86
930	916	64	68	6	902	25	40	0	64	68	6	30	30	0	0	178	236	30	20	888	22	40	0	25	40	0	17	30	0	0	84	160	0	19	64	68	6	2	0	0	0	15	25	0	0	30	30	0	0	178	236	30	20	874	22	40	0	22	40	0	17	30	0	0	77	160	0	19	25	40	0	2	0	0	0	9	20	0	0	17	30	0	0	84	160	0	19	64	68	6	1	0	0	0	2	0	0	0	2	0	0	0	15	25	0	0	30	30	0	0	178	236	30	20	860	22	40	0	22	40	0	17	30	0	0	77	160	0	19	22	40	0	2	0	0	0	8	20	0	0	17	30	0	0	77	160	0	19	25	40	0	1	0	0	0	2	0	0	0	2	0	0	0	9	20	0	0	17	30	0	0	84	160	0	19	64	68	6	4	0	0	0	2	0	0	0	1	0	0	0	2	0	0	0	2	0	0	0	15	25	0	0	30	30	0	0	178	236	30	20
950	936	45	24	75	922	28	0	34	45	24	75	25	0	33	39	130	36	150	178	908	27	0	32	28	0	34	22	0	33	33	97	0	68	53	45	24	75	2	0	0	22	13	0	0	0	25	0	33	39	130	36	150	178	894	27	0	29	27	0	32	22	0	33	27	96	0	64	46	28	0	34	2	0	0	18	13	0	0	0	22	0	33	33	97	0	68	53	45	24	75	1	0	0	28	7	0	0	0	2	0	0	22	13	0	0	0	25	0	33	39	130	36	150	178	880	27	0	28	27	0	29	22	0	30	27	96	0	58	46	27	0	32	2	0	0	18	13	0	0	0	22	0	33	27	96	0	64	46	28	0	34	1	0	0	27	2	0	0	0	2	0	0	18	13	0	0	0	22	0	33	33	97	0	68	53	45	24	75	8	0	0	9	9	0	0	0	1	0	0	28	7	0	0	0	2	0	0	22	13	0	0	0	25	0	33	39	130	36	150	178
1337	1317	73	109	107	1297	38	65	68	73	109	107	42	74	33	105	212	364	321	158	1277	35	51	35	38	65	68	32	34	33	33	132	273	204	53	73	109	107	8	17	16	61	28	36	107	240	42	74	33	105	212	364	321	158	1257	33	50	19	35	51	35	32	34	33	27	125	255	105	46	38	65	68	6	17	16	18	21	34	68	130	32	34	33	33	132	273	204	53	73	109	107	5	16	0	28	10	32	0	98	8	17	16	61	28	36	107	240	42	74	33	105	212	364	321	158	1237	31	46	18	33	50	19	28	33	30	27	118	250	57	46	35	51	35	6	17	13	18	20	34	35	129	32	34	33	27	125	255	105	46	38	65	68	3	13	0	27	2	26	0	65	6	17	16	18	21	34	68	130	32	34	33	33	132	273	204	53	73	109	107	10	55	0	9	15	32	0	0	5	16	0	28	10	32	0	98	8	17	16	61	28	36	107	240	42	74	33	105	212	364	321	158
746	735	33	18	51	724	16	0	43	33	18	51	16	0	33	39	95	27	102	6	713	15	0	41	16	0	43	13	0	33	33	62	0	86	0	33	18	51	2	0	0	22	9	0	0	0	16	0	33	39	95	27	102	6	702	15	0	38	15	0	41	13	0	33	27	61	0	82	0	16	0	43	2	0	0	18	9	0	0	0	13	0	33	33	62	0	86	0	33	18	51	1	0	0	28	7	0	0	0	2	0	0	22	9	0	0	0	16	0	33	39	95	27	102	6	691	15	0	37	15	0	38	13	0	30	27	61	0	76	0	15	0	41	2	0	0	18	9	0	0	0	13	0	33	27	61	0	82	0	16	0	43	1	0	0	27	2	0	0	0	2	0	0	18	9	0	0	0	13	0	33	33	62	0	86	0	33	18	51	8	0	0	9	9	0	0	0	1	0	0	28	7	0	0	0	2	0	0	22	9	0	0	0	16	0	33	39	95	27	102	6
982	967	63	78	24	952	28	51	0	63	78	24	35	63	0	0	174	255	72	129	937	25	50	0	28	51	0	22	60	0	0	98	193	0	34	63	78	24	6	10	0	0	19	20	0	0	35	63	0	0	174	255	72	129	922	25	50	0	25	50	0	22	60	0	0	91	190	0	29	28	51	0	6	10	0	0	16	20	0	0	22	60	0	0	98	193	0	34	63	78	24	3	0	0	0	10	0	0	0	6	10	0	0	19	20	0	0	35	63	0	0	174	255	72	129	907	25	50	0	25	50	0	22	60	0	0	91	190	0	29	25	50	0	6	10	0	0	15	20	0	0	22	60	0	0	91	190	0	29	28	51	0	3	0	0	0	2	0	0	0	6	10	0	0	16	20	0	0	22	60	0	0	98	193	0	34	63	78	24	14	0	0	0	12	0	0	0	3	0	0	0	10	0	0	0	6	10	0	0	19	20	0	0	35	63	0	0	174	255	72	129
609	600	44	18	15	591	28	0	0	44	18	15	31	0	0	0	126	36	45	66	582	27	0	0	28	0	0	28	0	0	0	98	0	0	11	44	18	15	7	0	0	0	15	0	0	0	31	0	0	0	126	36	45	66	573	27	0	0	27	0	0	28	0	0	0	97	0	0	9	28	0	0	7	0	0	0	15	0	0	0	28	0	0	0	98	0	0	11	44	18	15	3	0	0	0	10	0	0	0	7	0	0	0	15	0	0	0	31	0	0	0	126	36	45	66	564	27	0	0	27	0	0	28	0	0	0	97	0	0	9	27	0	0	7	0	0	0	15	0	0	0	28	0	0	0	97	0	0	9	28	0	0	3	0	0	0	2	0	0	0	7	0	0	0	15	0	0	0	28	0	0	0	98	0	0	11	44	18	15	14	0	0	0	12	0	0	0	3	0	0	0	10	0	0	0	7	0	0	0	15	0	0	0	31	0	0	0	126	36	45	66
736	725	44	10	61	714	28	0	11	44	10	61	30	0	13	33	127	10	61	272	703	27	0	11	28	0	11	26	0	0	33	93	0	11	145	44	10	61	9	0	0	0	22	0	0	0	30	0	13	33	127	10	61	272	692	25	0	11	27	0	11	26	0	0	33	92	0	11	108	28	0	11	7	0	0	0	15	0	0	0	26	0	0	33	93	0	11	145	44	10	61	10	0	0	0	18	20	0	0	9	0	0	0	22	0	0	0	30	0	13	33	127	10	61	272	681	21	0	10	25	0	11	22	0	0	30	85	0	11	86	27	0	11	7	0	0	0	15	0	0	0	26	0	0	33	92	0	11	108	28	0	11	2	0	0	0	0	0	0	0	7	0	0	0	15	0	0	0	26	0	0	33	93	0	11	145	44	10	61	11	0	13	10	18	20	0	0	10	0	0	0	18	20	0	0	9	0	0	0	22	0	0	0	30	0	13	33	127	10	61	272
1054	1038	70	63	73	1022	40	39	23	70	63	73	46	26	37	33	195	186	146	272	1006	36	39	23	40	39	23	31	26	24	33	125	143	46	145	70	63	73	14	0	0	0	27	39	0	0	46	26	37	33	195	186	146	272	990	33	39	23	36	39	23	31	26	24	33	113	143	46	108	40	39	23	10	0	0	0	16	39	0	0	31	26	24	33	125	143	46	145	70	63	73	17	0	0	0	22	33	0	0	14	0	0	0	27	39	0	0	46	26	37	33	195	186	146	272	974	27	35	21	33	39	23	26	26	24	30	104	143	46	86	36	39	23	9	0	0	0	14	39	0	0	31	26	24	33	113	143	46	108	40	39	23	6	0	0	0	2	0	0	0	10	0	0	0	16	39	0	0	31	26	24	33	125	143	46	145	70	63	73	13	44	13	21	22	46	0	0	17	0	0	0	22	33	0	0	14	0	0	0	27	39	0	0	46	26	37	33	195	186	146	272
862	849	71	47	33	836	44	12	30	71	47	33	61	0	24	33	169	115	165	0	823	37	12	30	44	12	30	40	0	24	33	124	24	150	0	71	47	33	28	0	7	0	21	35	0	0	61	0	24	33	169	115	165	0	810	31	7	30	37	12	30	32	0	24	33	102	24	150	0	44	12	30	14	0	7	0	16	0	0	0	40	0	24	33	124	24	150	0	71	47	33	16	35	0	0	17	42	0	0	28	0	7	0	21	35	0	0	61	0	24	33	169	115	165	0	797	27	0	28	31	7	30	25	0	24	30	86	14	150	0	37	12	30	11	0	7	0	16	0	0	0	32	0	24	33	102	24	150	0	44	12	30	9	0	0	0	2	0	0	0	14	0	7	0	16	0	0	0	40	0	24	33	124	24	150	0	71	47	33	17	0	0	21	22	28	33	0	16	35	0	0	17	42	0	0	28	0	7	0	21	35	0	0	61	0	24	33	169	115	165	0
1031	1015	80	94	26	999	41	67	0	80	94	26	47	70	13	0	208	281	78	146	983	36	62	0	41	67	0	27	64	0	0	124	219	0	68	80	94	26	9	52	0	0	24	43	0	0	47	70	13	0	208	281	78	146	967	33	60	0	36	62	0	27	60	0	0	110	202	0	35	41	67	0	5	50	0	0	15	42	0	0	27	64	0	0	124	219	0	68	80	94	26	15	20	0	0	21	21	0	0	9	52	0	0	24	43	0	0	47	70	13	0	208	281	78	146	951	27	54	0	33	60	0	22	60	0	0	101	200	0	19	36	62	0	4	50	0	0	13	40	0	0	27	60	0	0	110	202	0	35	41	67	0	4	20	0	0	4	0	0	0	5	50	0	0	15	42	0	0	27	64	0	0	124	219	0	68	80	94	26	13	42	13	0	24	31	0	0	15	20	0	0	21	21	0	0	9	52	0	0	24	43	0	0	47	70	13	0	208	281	78	146
894	880	73	75	0	866	39	49	0	73	75	0	47	70	0	0	165	164	0	0	852	36	45	0	39	49	0	34	54	0	0	102	112	0	0	73	75	0	18	0	0	0	19	17	0	0	47	70	0	0	165	164	0	0	838	32	45	0	36	45	0	32	54	0	0	93	108	0	0	39	49	0	10	0	0	0	14	9	0	0	34	54	0	0	102	112	0	0	73	75	0	15	0	0	0	18	16	0	0	18	0	0	0	19	17	0	0	47	70	0	0	165	164	0	0	824	28	45	0	32	45	0	27	54	0	0	82	108	0	0	36	45	0	10	0	0	0	14	9	0	0	32	54	0	0	93	108	0	0	39	49	0	6	0	0	0	2	0	0	0	10	0	0	0	14	9	0	0	34	54	0	0	102	112	0	0	73	75	0	16	0	0	0	25	12	0	0	15	0	0	0	18	16	0	0	18	0	0	0	19	17	0	0	47	70	0	0	165	164	0	0
1173	1155	89	73	97	1137	62	56	53	89	73	97	84	56	4	63	234	207	97	193	1119	52	54	39	62	56	53	56	56	0	24	182	182	53	64	89	73	97	31	26	22	16	24	48	0	107	84	56	4	63	234	207	97	193	1101	42	26	39	52	54	39	42	52	0	24	147	175	39	64	62	56	53	19	0	22	16	18	42	0	68	56	56	0	24	182	182	53	64	89	73	97	15	26	73	0	4	0	194	0	31	26	22	16	24	48	0	107	84	56	4	63	234	207	97	193	1083	34	0	36	42	26	39	38	0	0	24	118	78	39	64	52	54	39	15	0	22	13	16	42	0	35	42	52	0	24	147	175	39	64	62	56	53	9	0	63	0	4	0	106	0	19	0	22	16	18	42	0	68	56	56	0	24	182	182	53	64	89	73	97	9	0	52	39	13	16	194	0	15	26	73	0	4	0	194	0	31	26	22	16	24	48	0	107	84	56	4	63	234	207	97	193
1102	1085	84	93	50	1068	54	47	37	84	93	50	66	98	18	24	211	232	200	33	1051	47	25	37	54	47	37	53	18	14	24	147	137	148	30	84	93	50	26	36	36	0	13	16	100	0	66	98	18	24	211	232	200	33	1034	36	16	37	47	25	37	39	0	14	24	124	66	148	30	54	47	37	14	0	36	0	12	16	74	0	53	18	14	24	147	137	148	30	84	93	50	14	0	68	0	2	0	50	0	26	36	36	0	13	16	100	0	66	98	18	24	211	232	200	33	1017	32	16	37	36	16	37	32	0	14	24	97	48	148	30	47	25	37	11	0	36	0	12	16	74	0	39	0	14	24	124	66	148	30	54	47	37	7	0	61	0	2	0	37	0	14	0	36	0	12	16	74	0	53	18	14	24	147	137	148	30	84	93	50	7	0	0	0	8	0	0	0	14	0	68	0	2	0	50	0	26	36	36	0	13	16	100	0	66	98	18	24	211	232	200	33
1078	1061	85	104	29	1044	54	81	0	85	104	29	68	85	4	0	208	227	58	132	1027	47	77	0	54	81	0	45	82	0	0	152	199	0	53	85	104	29	28	39	0	0	18	23	0	0	68	85	4	0	208	227	58	132	1010	41	63	0	47	77	0	37	77	0	0	126	189	0	53	54	81	0	16	22	0	0	16	22	0	0	45	82	0	0	152	199	0	53	85	104	29	11	59	7	0	12	0	29	0	28	39	0	0	18	23	0	0	68	85	4	0	208	227	58	132	993	33	51	0	41	63	0	31	63	0	0	110	158	0	53	47	77	0	12	21	0	0	15	21	0	0	37	77	0	0	126	189	0	53	54	81	0	5	40	0	0	7	0	0	0	16	22	0	0	16	22	0	0	45	82	0	0	152	199	0	53	85	104	29	15	41	36	0	26	11	29	0	11	59	7	0	12	0	29	0	28	39	0	0	18	23	0	0	68	85	4	0	208	227	58	132
716	705	64	31	18	694	48	10	0	64	31	18	67	0	4	0	166	38	54	59	683	43	10	0	48	10	0	50	0	0	0	135	10	0	30	64	31	18	31	0	0	0	15	0	0	0	67	0	4	0	166	38	54	59	672	36	10	0	43	10	0	42	0	0	0	116	10	0	30	48	10	0	17	0	0	0	15	0	0	0	50	0	0	0	135	10	0	30	64	31	18	16	0	7	0	2	0	0	0	31	0	0	0	15	0	0	0	67	0	4	0	166	38	54	59	661	30	10	0	36	10	0	35	0	0	0	98	10	0	30	43	10	0	14	0	0	0	15	0	0	0	42	0	0	0	116	10	0	30	48	10	0	9	0	0	0	2	0	0	0	17	0	0	0	15	0	0	0	50	0	0	0	135	10	0	30	64	31	18	7	0	14	0	9	0	0	0	16	0	7	0	2	0	0	0	31	0	0	0	15	0	0	0	67	0	4	0	166	38	54	59
1247	1227	101	170	7	1207	52	133	0	101	170	7	55	192	0	0	255	462	21	33	1187	48	105	0	52	133	0	43	119	0	0	145	373	0	30	101	170	7	24	113	0	0	19	30	21	0	55	192	0	0	255	462	21	33	1167	41	89	0	48	105	0	41	80	0	0	130	280	0	30	52	133	0	12	71	0	0	10	25	0	0	43	119	0	0	145	373	0	30	101	170	7	20	57	7	0	8	28	14	0	24	113	0	0	19	30	21	0	55	192	0	0	255	462	21	33	1147	34	81	0	41	89	0	30	70	0	0	112	243	0	30	48	105	0	11	56	0	0	9	22	0	0	41	80	0	0	130	280	0	30	52	133	0	9	42	0	0	5	28	0	0	12	71	0	0	10	25	0	0	43	119	0	0	145	373	0	30	101	170	7	12	39	0	0	14	55	7	0	20	57	7	0	8	28	14	0	24	113	0	0	19	30	21	0	55	192	0	0	255	462	21	33
1030	1014	57	41	77	998	29	15	55	57	41	77	35	0	63	14	161	136	154	75	982	23	15	54	29	15	55	22	0	29	14	77	45	110	37	57	41	77	12	0	49	7	6	15	0	0	35	0	63	14	161	136	154	75	966	22	15	54	23	15	54	20	0	29	14	64	45	108	37	29	15	55	9	0	28	7	6	15	0	0	22	0	29	14	77	45	110	37	57	41	77	3	0	5	0	2	0	0	0	12	0	49	7	6	15	0	0	35	0	63	14	161	136	154	75	950	22	15	54	22	15	54	20	0	29	14	63	45	108	37	23	15	54	9	0	28	7	6	15	0	0	20	0	29	14	64	45	108	37	29	15	55	3	0	0	0	2	0	0	0	9	0	28	7	6	15	0	0	22	0	29	14	77	45	110	37	57	41	77	3	0	0	0	5	0	0	0	3	0	5	0	2	0	0	0	12	0	49	7	6	15	0	0	35	0	63	14	161	136	154	75
645	635	40	25	26	625	17	0	26	40	25	26	11	0	29	0	110	75	130	0	615	16	0	26	17	0	26	9	0	29	0	53	0	130	0	40	25	26	2	0	11	0	3	0	0	0	11	0	29	0	110	75	130	0	605	16	0	26	16	0	26	9	0	29	0	52	0	130	0	17	0	26	2	0	11	0	3	0	0	0	9	0	29	0	53	0	130	0	40	25	26	0	0	0	0	0	0	0	0	2	0	11	0	3	0	0	0	11	0	29	0	110	75	130	0	595	16	0	26	16	0	26	9	0	29	0	52	0	130	0	16	0	26	2	0	11	0	3	0	0	0	9	0	29	0	52	0	130	0	17	0	26	0	0	0	0	0	0	0	0	2	0	11	0	3	0	0	0	9	0	29	0	53	0	130	0	40	25	26	0	0	0	0	0	0	0	0	0	0	0	0	0	0	0	0	2	0	11	0	3	0	0	0	11	0	29	0	110	75	130	0
992	976	73	86	50	960	44	66	4	73	86	50	42	117	33	16	193	221	50	201	944	37	63	0	44	66	4	31	108	0	0	115	162	4	90	73	86	50	15	27	53	0	16	15	0	0	42	117	33	16	193	221	50	201	928	33	63	0	37	63	0	24	108	0	0	96	153	0	76	44	66	4	12	27	0	0	11	12	0	0	31	108	0	0	115	162	4	90	73	86	50	9	0	39	0	10	0	0	0	15	27	53	0	16	15	0	0	42	117	33	16	193	221	50	201	912	32	63	0	33	63	0	24	108	0	0	88	153	0	76	37	63	0	12	27	0	0	11	9	0	0	24	108	0	0	96	153	0	76	44	66	4	8	0	0	0	4	0	0	0	12	27	0	0	11	12	0	0	31	108	0	0	115	162	4	90	73	86	50	15	0	0	0	19	12	0	0	9	0	39	0	10	0	0	0	15	27	53	0	16	15	0	0	42	117	33	16	193	221	50	201
577	568	52	15	29	559	33	8	0	52	15	29	37	0	33	0	144	60	29	104	550	29	8	0	33	8	0	29	0	0	0	87	32	0	37	52	15	29	14	0	27	0	12	0	0	0	37	0	33	0	144	60	29	104	541	27	8	0	29	8	0	26	0	0	0	78	32	0	37	33	8	0	11	0	0	0	9	0	0	0	29	0	0	0	87	32	0	37	52	15	29	7	0	13	0	3	0	0	0	14	0	27	0	12	0	0	0	37	0	33	0	144	60	29	104	532	27	8	0	27	8	0	26	0	0	0	76	32	0	37	29	8	0	11	0	0	0	9	0	0	0	26	0	0	0	78	32	0	37	33	8	0	7	0	0	0	2	0	0	0	11	0	0	0	9	0	0	0	29	0	0	0	87	32	0	37	52	15	29	7	0	0	0	6	0	0	0	7	0	13	0	3	0	0	0	14	0	27	0	12	0	0	0	37	0	33	0	144	60	29	104
566	557	38	26	9	548	14	14	0	38	26	9	11	0	18	0	115	77	27	50	539	12	14	0	14	14	0	6	0	0	0	46	49	0	37	38	26	9	2	0	9	0	3	7	0	0	11	0	18	0	115	77	27	50	530	12	14	0	12	14	0	6	0	0	0	41	49	0	37	14	14	0	2	0	0	0	3	7	0	0	6	0	0	0	46	49	0	37	38	26	9	0	0	0	0	0	0	0	0	2	0	9	0	3	7	0	0	11	0	18	0	115	77	27	50	521	12	14	0	12	14	0	6	0	0	0	41	49	0	37	12	14	0	2	0	0	0	3	7	0	0	6	0	0	0	41	49	0	37	14	14	0	0	0	0	0	0	0	0	0	2	0	0	0	3	7	0	0	6	0	0	0	46	49	0	37	38	26	9	0	0	0	0	0	0	0	0	0	0	0	0	0	0	0	0	2	0	9	0	3	7	0	0	11	0	18	0	115	77	27	50
1021	1005	55	39	98	989	28	0	68	55	39	98	22	0	112	99	137	78	294	103	973	27	0	51	28	0	68	20	0	99	47	82	0	204	81	55	39	98	10	0	8	36	8	0	0	57	22	0	112	99	137	78	294	103	957	27	0	51	27	0	51	20	0	72	47	81	0	153	80	28	0	68	10	0	5	36	5	0	0	37	20	0	99	47	82	0	204	81	55	39	98	5	0	0	0	4	0	0	0	10	0	8	36	8	0	0	57	22	0	112	99	137	78	294	103	941	27	0	51	27	0	51	20	0	72	47	81	0	153	80	27	0	51	10	0	0	36	4	0	0	37	20	0	72	47	81	0	153	80	28	0	68	5	0	0	0	4	0	0	0	10	0	5	36	5	0	0	37	20	0	99	47	82	0	204	81	55	39	98	7	0	0	0	10	0	0	0	5	0	0	0	4	0	0	0	10	0	8	36	8	0	0	57	22	0	112	99	137	78	294	103
694	683	38	26	34	672	14	10	24	38	26	34	9	0	51	11	100	64	68	35	661	14	10	22	14	10	24	9	0	50	11	45	40	48	26	38	26	34	2	0	0	22	4	0	0	0	9	0	51	11	100	64	68	35	650	14	10	22	14	10	22	9	0	44	11	45	40	44	26	14	10	24	2	0	0	22	2	0	0	0	9	0	50	11	45	40	48	26	38	26	34	0	0	0	0	0	0	0	0	2	0	0	22	4	0	0	0	9	0	51	11	100	64	68	35	639	14	10	22	14	10	22	9	0	44	11	45	40	44	26	14	10	22	2	0	0	22	2	0	0	0	9	0	44	11	45	40	44	26	14	10	24	0	0	0	0	0	0	0	0	2	0	0	22	2	0	0	0	9	0	50	11	45	40	48	26	38	26	34	0	0	0	0	2	0	0	0	0	0	0	0	0	0	0	0	2	0	0	22	4	0	0	0	9	0	51	11	100	64	68	35
986	970	65	86	25	954	24	48	17	65	86	25	20	36	52	15	157	243	125	26	938	23	48	12	24	48	17	18	36	46	0	68	132	85	26	65	86	25	10	0	8	0	14	0	0	7	20	36	52	15	157	243	125	26	922	23	48	12	23	48	12	18	36	36	0	67	132	60	26	24	48	17	10	0	5	0	3	0	0	0	18	36	46	0	68	132	85	26	65	86	25	5	0	0	0	5	0	0	0	10	0	8	0	14	0	0	7	20	36	52	15	157	243	125	26	906	23	48	12	23	48	12	18	36	36	0	67	132	60	26	23	48	12	10	0	0	0	2	0	0	0	18	36	36	0	67	132	60	26	24	48	17	5	0	0	0	4	0	0	0	10	0	5	0	3	0	0	0	18	36	46	0	68	132	85	26	65	86	25	7	0	0	0	13	0	0	0	5	0	0	0	5	0	0	0	10	0	8	0	14	0	0	7	20	36	52	15	157	243	125	26
1181	1162	76	109	58	1143	38	62	14	76	109	58	35	47	29	51	192	337	232	191	1124	36	60	0	38	62	14	30	45	19	0	107	216	56	85	76	109	58	11	30	8	0	12	15	0	57	35	47	29	51	192	337	232	191	1105	36	60	0	36	60	0	30	45	0	0	103	210	0	80	38	62	14	11	30	5	0	6	15	0	37	30	45	19	0	107	216	56	85	76	109	58	5	0	0	0	5	0	0	0	11	30	8	0	12	15	0	57	35	47	29	51	192	337	232	191	1086	36	60	0	36	60	0	30	45	0	0	103	210	0	80	36	60	0	11	30	0	0	5	15	0	37	30	45	0	0	103	210	0	80	38	62	14	5	0	0	0	4	0	0	0	11	30	5	0	6	15	0	37	30	45	19	0	107	216	56	85	76	109	58	7	0	0	0	13	0	0	0	5	0	0	0	5	0	0	0	11	30	8	0	12	15	0	57	35	47	29	51	192	337	232	191
672	661	39	37	9	650	11	28	0	39	37	9	6	21	0	0	105	106	9	35	639	11	28	0	11	28	0	6	21	0	0	36	91	0	26	39	37	9	2	0	0	0	3	0	0	0	6	21	0	0	105	106	9	35	628	11	28	0	11	28	0	6	21	0	0	36	91	0	26	11	28	0	2	0	0	0	2	0	0	0	6	21	0	0	36	91	0	26	39	37	9	0	0	0	0	0	0	0	0	2	0	0	0	3	0	0	0	6	21	0	0	105	106	9	35	617	11	28	0	11	28	0	6	21	0	0	36	91	0	26	11	28	0	2	0	0	0	2	0	0	0	6	21	0	0	36	91	0	26	11	28	0	0	0	0	0	0	0	0	0	2	0	0	0	2	0	0	0	6	21	0	0	36	91	0	26	39	37	9	0	0	0	0	1	0	0	0	0	0	0	0	0	0	0	0	2	0	0	0	3	0	0	0	6	21	0	0	105	106	9	35
1070	1053	41	16	143	1036	25	0	92	41	16	143	17	0	9	78	104	16	143	224	1019	24	0	90	25	0	92	16	0	9	75	73	0	92	123	41	16	143	7	0	0	26	12	16	0	0	17	0	9	78	104	16	143	224	1002	24	0	87	24	0	90	16	0	9	70	68	0	90	85	25	0	92	7	0	0	25	2	0	0	0	16	0	9	75	73	0	92	123	41	16	143	3	0	0	36	4	0	0	0	7	0	0	26	12	16	0	0	17	0	9	78	104	16	143	224	985	23	0	87	24	0	87	16	0	9	70	68	0	87	85	24	0	90	6	0	0	25	1	0	0	0	16	0	9	70	68	0	90	85	25	0	92	2	0	0	36	4	0	0	0	7	0	0	25	2	0	0	0	16	0	9	75	73	0	92	123	41	16	143	6	0	0	0	10	16	0	0	3	0	0	36	4	0	0	0	7	0	0	26	12	16	0	0	17	0	9	78	104	16	143	224
1069	1052	56	30	133	1035	37	0	86	56	30	133	29	0	49	92	141	30	266	215	1018	36	0	75	37	0	86	28	0	46	74	104	0	172	123	56	30	133	13	0	0	95	20	15	0	0	29	0	49	92	141	30	266	215	1001	35	0	32	36	0	75	28	0	39	36	99	0	150	85	37	0	86	12	0	0	14	5	0	0	0	28	0	46	74	104	0	172	123	56	30	133	9	0	10	71	6	0	0	183	13	0	0	95	20	15	0	0	29	0	49	92	141	30	266	215	984	31	0	25	35	0	32	25	0	0	36	94	0	64	85	36	0	75	11	0	0	14	4	0	0	0	28	0	39	36	99	0	150	85	37	0	86	5	0	10	36	6	0	0	90	12	0	0	14	5	0	0	0	28	0	46	74	104	0	172	123	56	30	133	10	0	30	0	16	15	0	33	9	0	10	71	6	0	0	183	13	0	0	95	20	15	0	0	29	0	49	92	141	30	266	215
1066	1049	61	60	107	1032	32	0	97	61	60	107	38	0	82	38	153	156	535	25	1015	26	0	96	32	0	97	18	0	82	38	88	0	485	17	61	60	107	5	0	17	13	16	60	0	0	38	0	82	38	153	156	535	25	998	26	0	79	26	0	96	18	0	80	34	66	0	480	12	32	0	97	5	0	17	0	3	0	0	0	18	0	82	38	88	0	485	17	61	60	107	3	0	0	55	5	0	0	97	5	0	17	13	16	60	0	0	38	0	82	38	153	156	535	25	981	25	0	76	26	0	79	18	0	53	34	66	0	395	12	26	0	96	4	0	17	0	0	0	0	0	18	0	80	34	66	0	480	12	32	0	97	2	0	0	52	5	0	0	53	5	0	17	0	3	0	0	0	18	0	82	38	88	0	485	17	61	60	107	6	0	0	39	12	12	0	0	3	0	0	55	5	0	0	97	5	0	17	13	16	60	0	0	38	0	82	38	153	156	535	25
861	847	50	57	40	833	26	24	21	50	57	40	27	12	9	12	118	109	160	83	819	23	24	21	26	24	21	16	12	9	12	74	36	84	31	50	57	40	7	0	0	0	11	24	0	0	27	12	9	12	118	109	160	83	805	23	24	21	23	24	21	16	12	9	12	63	36	84	12	26	24	21	7	0	0	0	3	0	0	0	16	12	9	12	74	36	84	31	50	57	40	3	0	0	0	5	0	0	0	7	0	0	0	11	24	0	0	27	12	9	12	118	109	160	83	791	22	24	21	23	24	21	16	12	9	12	63	36	84	12	23	24	21	6	0	0	0	1	0	0	0	16	12	9	12	63	36	84	12	26	24	21	2	0	0	0	4	0	0	0	7	0	0	0	3	0	0	0	16	12	9	12	74	36	84	31	50	57	40	6	0	0	0	11	8	0	0	3	0	0	0	5	0	0	0	7	0	0	0	11	24	0	0	27	12	9	12	118	109	160	83
1024	1007	65	103	42	990	32	73	8	65	103	42	23	76	11	24	153	236	126	181	973	31	69	5	32	73	8	22	72	8	15	88	192	24	99	65	103	42	11	46	0	15	17	8	0	0	23	76	11	24	153	236	126	181	956	29	67	0	31	69	5	22	68	5	0	83	182	15	63	32	73	8	7	46	0	0	3	0	0	0	22	72	8	15	88	192	24	99	65	103	42	13	22	0	0	8	22	0	7	11	46	0	15	17	8	0	0	23	76	11	24	153	236	126	181	939	25	63	0	29	67	0	16	66	0	0	78	177	0	63	31	69	5	6	44	0	0	2	0	0	0	22	68	5	0	83	182	15	63	32	73	8	6	22	0	0	5	22	0	0	7	46	0	0	3	0	0	0	22	72	8	15	88	192	24	99	65	103	42	7	35	0	0	15	41	0	0	13	22	0	0	8	22	0	7	11	46	0	15	17	8	0	0	23	76	11	24	153	236	126	181
920	905	45	38	85	890	27	14	53	45	38	85	34	0	42	41	111	50	170	189	875	22	14	53	27	14	53	15	0	42	41	73	14	106	126	45	38	85	5	0	0	0	3	0	0	0	34	0	42	41	111	50	170	189	860	22	14	53	22	14	53	15	0	42	41	56	14	106	122	27	14	53	5	0	0	0	3	0	0	0	15	0	42	41	73	14	106	126	45	38	85	3	0	0	0	5	0	0	0	5	0	0	0	3	0	0	0	34	0	42	41	111	50	170	189	845	20	14	53	22	14	53	15	0	42	41	56	14	106	100	22	14	53	4	0	0	0	0	0	0	0	15	0	42	41	56	14	106	122	27	14	53	2	0	0	0	5	0	0	0	5	0	0	0	3	0	0	0	15	0	42	41	73	14	106	126	45	38	85	3	0	8	0	7	0	0	0	3	0	0	0	5	0	0	0	5	0	0	0	3	0	0	0	34	0	42	41	111	50	170	189
1409	1386	77	137	138	1363	33	52	114	77	137	138	36	150	143	59	187	418	690	147	1340	26	22	114	33	52	114	17	0	142	59	78	178	570	118	77	137	138	2	0	30	0	6	20	276	0	36	150	143	59	187	418	690	147	1317	25	22	113	26	22	114	15	0	142	57	54	88	570	117	33	52	114	1	0	30	0	3	15	228	0	17	0	142	59	78	178	570	118	77	137	138	1	0	10	13	5	0	0	0	2	0	30	0	6	20	276	0	36	150	143	59	187	418	690	147	1294	24	22	94	25	22	113	15	0	142	30	53	88	565	100	26	22	114	0	0	30	0	0	0	228	0	15	0	142	57	54	88	570	117	33	52	114	0	0	10	0	5	0	0	0	1	0	30	0	3	15	228	0	17	0	142	59	78	178	570	118	77	137	138	4	0	0	59	7	0	0	97	1	0	10	13	5	0	0	0	2	0	30	0	6	20	276	0	36	150	143	59	187	418	690	147
837	823	55	53	57	809	29	40	14	55	53	57	33	40	42	0	129	115	57	322	795	24	40	14	29	40	14	14	40	42	0	78	100	14	212	55	53	57	5	0	0	0	3	0	0	0	33	40	42	0	129	115	57	322	781	24	40	14	24	40	14	14	40	42	0	61	100	14	197	29	40	14	5	0	0	0	3	0	0	0	14	40	42	0	78	100	14	212	55	53	57	3	0	0	0	7	0	0	0	5	0	0	0	3	0	0	0	33	40	42	0	129	115	57	322	767	22	40	14	24	40	14	14	40	42	0	61	100	14	132	24	40	14	4	0	0	0	0	0	0	0	14	40	42	0	61	100	14	197	29	40	14	2	0	0	0	5	0	0	0	5	0	0	0	3	0	0	0	14	40	42	0	78	100	14	212	55	53	57	3	0	8	0	9	0	0	0	3	0	0	0	7	0	0	0	5	0	0	0	3	0	0	0	33	40	42	0	129	115	57	322
1155	1136	75	79	122	1117	48	64	58	75	79	122	59	14	23	60	184	206	122	465	1098	40	49	55	48	64	58	34	0	23	54	125	187	58	304	75	79	122	14	15	31	24	8	15	122	0	59	14	23	60	184	206	122	465	1079	34	48	49	40	49	55	29	0	23	44	98	115	55	287	48	64	58	9	14	30	15	5	14	58	0	34	0	23	54	125	187	58	304	75	79	122	14	14	43	44	9	32	0	0	14	15	31	24	8	15	122	0	59	14	23	60	184	206	122	465	1060	26	32	18	34	48	49	20	0	23	0	84	113	49	219	40	49	55	8	0	30	0	1	0	55	0	29	0	23	44	98	115	55	287	48	64	58	8	0	40	0	8	32	0	0	9	14	30	15	5	14	58	0	34	0	23	54	125	187	58	304	75	79	122	5	32	58	43	12	48	122	133	14	14	43	44	9	32	0	0	14	15	31	24	8	15	122	0	59	14	23	60	184	206	122	465
945	929	71	97	12	913	32	65	0	71	97	12	31	84	0	0	146	267	48	107	897	28	55	0	32	65	0	15	44	0	0	78	184	0	97	71	97	12	3	0	0	0	4	9	24	0	31	84	0	0	146	267	48	107	881	27	55	0	28	55	0	15	44	0	0	65	154	0	96	32	65	0	1	0	0	0	2	5	0	0	15	44	0	0	78	184	0	97	71	97	12	4	0	0	0	9	12	0	0	3	0	0	0	4	9	24	0	31	84	0	0	146	267	48	107	865	25	55	0	27	55	0	14	44	0	0	62	154	0	79	28	55	0	0	0	0	0	0	0	0	0	15	44	0	0	65	154	0	96	32	65	0	1	0	0	0	8	11	0	0	1	0	0	0	2	5	0	0	15	44	0	0	78	184	0	97	71	97	12	6	0	0	0	10	12	0	0	4	0	0	0	9	12	0	0	3	0	0	0	4	9	24	0	31	84	0	0	146	267	48	107
663	652	33	19	80	641	21	10	22	33	19	80	15	0	54	42	71	29	80	414	630	21	10	22	21	10	22	15	0	0	42	48	20	22	239	33	19	80	1	0	0	0	3	0	0	0	15	0	54	42	71	29	80	414	619	20	10	22	21	10	22	15	0	0	42	48	20	22	236	21	10	22	0	0	0	0	0	0	0	0	15	0	0	42	48	20	22	239	33	19	80	0	0	14	0	3	0	0	0	1	0	0	0	3	0	0	0	15	0	54	42	71	29	80	414	608	20	10	22	20	10	22	15	0	0	42	46	20	22	229	21	10	22	0	0	0	0	0	0	0	0	15	0	0	42	48	20	22	236	21	10	22	0	0	0	0	3	0	0	0	0	0	0	0	0	0	0	0	15	0	0	42	48	20	22	239	33	19	80	2	0	0	0	4	0	0	0	0	0	14	0	3	0	0	0	1	0	0	0	3	0	0	0	15	0	54	42	71	29	80	414
791	778	35	22	79	765	15	0	42	35	22	79	10	0	51	62	82	33	158	235	752	15	0	42	15	0	42	10	0	10	62	35	0	84	167	35	22	79	0	0	0	0	5	0	0	0	10	0	51	62	82	33	158	235	739	15	0	42	15	0	42	10	0	10	62	35	0	84	167	15	0	42	0	0	0	0	0	0	0	0	10	0	10	62	35	0	84	167	35	22	79	0	0	0	0	1	0	0	0	0	0	0	0	5	0	0	0	10	0	51	62	82	33	158	235	726	15	0	42	15	0	42	10	0	10	62	35	0	84	166	15	0	42	0	0	0	0	0	0	0	0	10	0	10	62	35	0	84	167	15	0	42	0	0	0	0	1	0	0	0	0	0	0	0	0	0	0	0	10	0	10	62	35	0	84	167	35	22	79	0	0	0	0	1	0	0	0	0	0	0	0	1	0	0	0	0	0	0	0	5	0	0	0	10	0	51	62	82	33	158	235
547	538	33	14	28	529	14	0	8	33	14	28	10	0	40	0	78	21	56	150	520	14	0	8	14	0	8	10	0	0	0	34	0	16	114	33	14	28	0	0	0	0	5	0	0	0	10	0	40	0	78	21	56	150	511	14	0	8	14	0	8	10	0	0	0	34	0	16	114	14	0	8	0	0	0	0	0	0	0	0	10	0	0	0	34	0	16	114	33	14	28	0	0	0	0	1	0	0	0	0	0	0	0	5	0	0	0	10	0	40	0	78	21	56	150	502	14	0	8	14	0	8	10	0	0	0	34	0	16	113	14	0	8	0	0	0	0	0	0	0	0	10	0	0	0	34	0	16	114	14	0	8	0	0	0	0	1	0	0	0	0	0	0	0	0	0	0	0	10	0	0	0	34	0	16	114	33	14	28	0	0	0	0	1	0	0	0	0	0	0	0	1	0	0	0	0	0	0	0	5	0	0	0	10	0	40	0	78	21	56	150
667	656	34	28	45	645	11	0	28	34	28	45	11	0	41	20	74	77	180	138	634	10	0	28	11	0	28	6	0	10	20	25	0	112	114	34	28	45	0	0	0	0	3	7	0	0	11	0	41	20	74	77	180	138	623	10	0	28	10	0	28	6	0	10	20	23	0	112	114	11	0	28	0	0	0	0	0	0	0	0	6	0	10	20	25	0	112	114	34	28	45	0	0	0	0	2	0	0	0	0	0	0	0	3	7	0	0	11	0	41	20	74	77	180	138	612	10	0	28	10	0	28	6	0	10	20	23	0	112	113	10	0	28	0	0	0	0	0	0	0	0	6	0	10	20	23	0	112	114	11	0	28	0	0	0	0	2	0	0	0	0	0	0	0	0	0	0	0	6	0	10	20	25	0	112	114	34	28	45	2	0	0	0	3	0	0	0	0	0	0	0	2	0	0	0	0	0	0	0	3	7	0	0	11	0	41	20	74	77	180	138
1086	1068	58	77	113	1050	23	17	83	58	77	113	28	0	75	126	119	260	565	150	1032	20	17	82	23	17	83	16	0	30	125	46	68	415	114	58	77	113	1	0	12	17	4	24	0	0	28	0	75	126	119	260	565	150	1014	20	17	82	20	17	82	16	0	30	125	42	68	410	114	23	17	83	1	0	10	17	0	0	0	0	16	0	30	125	46	68	415	114	58	77	113	0	0	0	0	3	0	0	0	1	0	12	17	4	24	0	0	28	0	75	126	119	260	565	150	996	20	17	82	20	17	82	16	0	30	125	42	68	410	113	20	17	82	1	0	10	17	0	0	0	0	16	0	30	125	42	68	410	114	23	17	83	0	0	0	0	3	0	0	0	1	0	10	17	0	0	0	0	16	0	30	125	46	68	415	114	58	77	113	3	0	0	0	5	0	0	0	0	0	0	0	3	0	0	0	1	0	12	17	4	24	0	0	28	0	75	126	119	260	565	150
717	705	40	27	55	693	19	0	32	40	27	55	23	0	40	45	69	36	165	158	681	17	0	29	19	0	32	13	0	39	40	32	0	96	111	40	27	55	1	0	0	30	0	0	0	0	23	0	40	45	69	36	165	158	669	17	0	29	17	0	29	13	0	37	40	29	0	87	110	19	0	32	1	0	0	30	0	0	0	0	13	0	39	40	32	0	96	111	40	27	55	0	0	0	0	4	0	0	0	1	0	0	30	0	0	0	0	23	0	40	45	69	36	165	158	657	17	0	29	17	0	29	13	0	37	40	29	0	87	110	17	0	29	1	0	0	30	0	0	0	0	13	0	37	40	29	0	87	110	19	0	32	0	0	0	0	2	0	0	0	1	0	0	30	0	0	0	0	13	0	39	40	32	0	96	111	40	27	55	3	0	0	0	9	0	0	0	0	0	0	0	4	0	0	0	1	0	0	30	0	0	0	0	23	0	40	45	69	36	165	158
1181	1161	82	113	97	1141	44	48	67	82	113	97	45	60	76	121	154	280	485	158	1121	41	36	30	44	48	67	37	0	75	10	93	114	335	111	82	113	97	12	0	27	31	5	0	97	272	45	60	76	121	154	280	485	158	1101	39	36	29	41	36	30	37	0	70	10	89	90	150	110	44	48	67	8	0	26	30	2	0	67	172	37	0	75	10	93	114	335	111	82	113	97	11	0	0	10	15	34	0	0	12	0	27	31	5	0	97	272	45	60	76	121	154	280	485	158	1081	36	34	29	39	36	29	31	0	67	10	84	90	145	110	41	36	30	8	0	11	30	2	0	30	169	37	0	70	10	89	90	150	110	44	48	67	5	0	0	10	6	24	0	0	8	0	26	30	2	0	67	172	37	0	75	10	93	114	335	111	82	113	97	23	34	0	0	25	51	0	0	11	0	0	10	15	34	0	0	12	0	27	31	5	0	97	272	45	60	76	121	154	280	485	158
986	969	51	77	75	952	30	60	20	51	77	75	28	72	0	95	101	72	75	345	935	28	60	0	30	60	20	18	72	0	0	68	72	20	183	51	77	75	1	0	0	0	3	0	0	150	28	72	0	95	101	72	75	345	918	28	60	0	28	60	0	18	72	0	0	65	72	0	182	30	60	20	1	0	0	0	3	0	0	114	18	72	0	0	68	72	20	183	51	77	75	0	0	0	0	3	0	0	0	1	0	0	0	3	0	0	150	28	72	0	95	101	72	75	345	901	28	60	0	28	60	0	18	72	0	0	65	72	0	182	28	60	0	1	0	0	0	3	0	0	114	18	72	0	0	65	72	0	182	30	60	20	0	0	0	0	3	0	0	0	1	0	0	0	3	0	0	114	18	72	0	0	68	72	20	183	51	77	75	3	0	0	0	6	0	0	0	0	0	0	0	3	0	0	0	1	0	0	0	3	0	0	150	28	72	0	95	101	72	75	345
652	641	37	26	37	630	18	10	0	37	26	37	23	0	0	0	62	48	74	265	619	16	10	0	18	10	0	13	0	0	0	29	40	0	161	37	26	37	1	0	0	0	0	0	0	0	23	0	0	0	62	48	74	265	608	16	10	0	16	10	0	13	0	0	0	26	40	0	160	18	10	0	1	0	0	0	0	0	0	0	13	0	0	0	29	40	0	161	37	26	37	0	0	0	0	2	0	0	0	1	0	0	0	0	0	0	0	23	0	0	0	62	48	74	265	597	16	10	0	16	10	0	13	0	0	0	26	40	0	160	16	10	0	1	0	0	0	0	0	0	0	13	0	0	0	26	40	0	160	18	10	0	0	0	0	0	2	0	0	0	1	0	0	0	0	0	0	0	13	0	0	0	29	40	0	161	37	26	37	3	0	0	0	5	0	0	0	0	0	0	0	2	0	0	0	1	0	0	0	0	0	0	0	23	0	0	0	62	48	74	265
918	902	73	97	12	886	40	61	0	73	97	12	37	94	0	0	132	167	60	113	870	39	55	0	40	61	0	32	66	0	0	86	93	0	83	73	97	12	11	11	0	0	8	0	12	0	37	94	0	0	132	167	60	113	854	39	55	0	39	55	0	32	66	0	0	84	88	0	82	40	61	0	11	11	0	0	7	0	0	0	32	66	0	0	86	93	0	83	73	97	12	4	0	0	0	13	0	0	0	11	11	0	0	8	0	12	0	37	94	0	0	132	167	60	113	838	38	54	0	39	55	0	32	66	0	0	84	88	0	82	39	55	0	11	11	0	0	7	0	0	0	32	66	0	0	84	88	0	82	40	61	0	3	0	0	0	5	0	0	0	11	11	0	0	7	0	0	0	32	66	0	0	86	93	0	83	73	97	12	20	10	0	0	24	10	0	0	4	0	0	0	13	0	0	0	11	11	0	0	8	0	12	0	37	94	0	0	132	167	60	113
766	753	34	12	92	740	20	0	53	34	12	92	14	0	57	56	66	12	92	201	727	19	0	52	20	0	53	11	0	39	54	42	0	53	99	34	12	92	5	0	9	12	2	0	0	0	14	0	57	56	66	12	92	201	714	19	0	49	19	0	52	11	0	39	49	39	0	52	59	20	0	53	5	0	9	10	1	0	0	0	11	0	39	54	42	0	53	99	34	12	92	2	0	0	31	9	0	0	0	5	0	9	12	2	0	0	0	14	0	57	56	66	12	92	201	701	18	0	48	19	0	49	11	0	38	48	39	0	49	58	19	0	52	5	0	9	10	0	0	0	0	11	0	39	49	39	0	52	59	20	0	53	1	0	0	30	2	0	0	0	5	0	9	10	1	0	0	0	11	0	39	54	42	0	53	99	34	12	92	11	0	0	10	17	12	0	0	2	0	0	31	9	0	0	0	5	0	9	12	2	0	0	0	14	0	57	56	66	12	92	201
636	625	31	19	56	614	19	18	9	31	19	56	13	9	17	18	51	18	0	276	603	19	18	9	19	18	9	13	9	0	18	36	18	0	119	31	19	56	1	0	0	0	0	0	0	0	13	9	17	18	51	18	0	276	592	19	18	9	19	18	9	13	9	0	18	36	18	0	59	19	18	9	1	0	0	0	0	0	0	0	13	9	0	18	36	18	0	119	31	19	56	0	0	0	0	8	0	0	0	1	0	0	0	0	0	0	0	13	9	17	18	51	18	0	276	581	19	18	9	19	18	9	13	9	0	18	36	18	0	58	19	18	9	1	0	0	0	0	0	0	0	13	9	0	18	36	18	0	59	19	18	9	0	0	0	0	1	0	0	0	1	0	0	0	0	0	0	0	13	9	0	18	36	18	0	119	31	19	56	11	0	0	0	15	0	0	0	0	0	0	0	8	0	0	0	1	0	0	0	0	0	0	0	13	9	17	18	51	18	0	276
816	802	55	43	59	788	35	13	30	55	43	59	35	0	57	30	117	40	177	164	774	34	13	30	35	13	30	32	0	39	30	77	0	90	99	55	43	59	16	0	9	0	8	0	0	0	35	0	57	30	117	40	177	164	760	32	13	29	34	13	30	32	0	39	29	74	0	90	59	35	13	30	12	0	9	0	3	0	0	0	32	0	39	30	77	0	90	99	55	43	59	13	0	0	11	13	20	0	0	16	0	9	0	8	0	0	0	35	0	57	30	117	40	177	164	746	28	13	28	32	13	29	26	0	38	28	69	0	87	58	34	13	30	12	0	9	0	2	0	0	0	32	0	39	29	74	0	90	59	35	13	30	6	0	0	10	4	0	0	0	12	0	9	0	3	0	0	0	32	0	39	30	77	0	90	99	55	43	59	23	0	0	10	23	40	0	0	13	0	0	11	13	20	0	0	16	0	9	0	8	0	0	0	35	0	57	30	117	40	177	164
812	798	69	56	39	784	41	24	21	69	56	39	38	0	57	12	133	128	156	109	770	40	24	21	41	24	21	35	0	39	12	88	72	84	67	69	56	39	21	0	9	0	11	0	0	0	38	0	57	12	133	128	156	109	756	36	24	20	40	24	21	35	0	39	11	85	72	84	30	41	24	21	12	0	9	0	3	0	0	0	35	0	39	12	88	72	84	67	69	56	39	20	0	0	11	17	36	0	0	21	0	9	0	11	0	0	0	38	0	57	12	133	128	156	109	742	30	16	19	36	24	20	27	0	38	10	74	72	80	29	40	24	21	12	0	9	0	2	0	0	0	35	0	39	11	85	72	84	30	41	24	21	8	0	0	10	8	12	0	0	12	0	9	0	3	0	0	0	35	0	39	12	88	72	84	67	69	56	39	19	64	0	10	26	52	0	0	20	0	0	11	17	36	0	0	21	0	9	0	11	0	0	0	38	0	57	12	133	128	156	109
994	976	88	132	17	958	48	98	0	88	132	17	33	148	17	0	176	294	85	109	940	46	91	0	48	98	0	29	130	0	0	109	221	0	67	88	132	17	16	69	0	0	21	34	0	0	33	148	17	0	176	294	85	109	922	42	89	0	46	91	0	29	126	0	0	106	202	0	30	48	98	0	7	63	0	0	10	34	0	0	29	130	0	0	109	221	0	67	88	132	17	21	18	0	0	23	21	0	0	16	69	0	0	21	34	0	0	33	148	17	0	176	294	85	109	904	35	79	0	42	89	0	21	126	0	0	95	196	0	29	46	91	0	7	63	0	0	10	34	0	0	29	126	0	0	106	202	0	30	48	98	0	6	18	0	0	8	9	0	0	7	63	0	0	10	34	0	0	29	130	0	0	109	221	0	67	88	132	17	23	40	0	0	29	45	0	0	21	18	0	0	23	21	0	0	16	69	0	0	21	34	0	0	33	148	17	0	176	294	85	109
637	626	46	10	64	615	31	0	36	46	10	64	31	0	26	66	114	30	64	115	604	29	0	35	31	0	36	27	0	23	63	74	0	36	51	46	10	64	19	0	14	12	14	10	0	0	31	0	26	66	114	30	64	115	593	25	0	35	29	0	35	26	0	23	63	67	0	35	51	31	0	36	11	0	14	12	2	0	0	0	27	0	23	63	74	0	36	51	46	10	64	17	0	14	0	8	0	0	0	19	0	14	12	14	10	0	0	31	0	26	66	114	30	64	115	582	16	0	33	25	0	35	19	0	23	60	56	0	35	49	29	0	35	11	0	14	11	2	0	0	0	26	0	23	63	67	0	35	51	31	0	36	7	0	14	0	5	0	0	0	11	0	14	12	2	0	0	0	27	0	23	63	74	0	36	51	46	10	64	4	0	24	24	9	0	0	0	17	0	14	0	8	0	0	0	19	0	14	12	14	10	0	0	31	0	26	66	114	30	64	115
1075	1056	81	111	80	1037	51	83	53	81	111	80	44	78	14	60	192	279	160	115	1018	45	79	40	51	83	53	36	78	14	0	133	210	106	51	81	111	80	21	44	36	15	16	33	0	97	44	78	14	60	192	279	160	115	999	39	48	39	45	79	40	29	66	14	0	111	200	80	51	51	83	53	13	0	36	14	7	0	0	67	36	78	14	0	133	210	106	51	81	111	80	18	111	36	14	23	26	160	0	21	44	36	15	16	33	0	97	44	78	14	60	192	279	160	115	980	26	13	21	39	48	39	25	0	14	0	95	122	78	49	45	79	40	11	0	36	0	7	0	0	30	29	66	14	0	111	200	80	51	51	83	53	9	39	36	0	14	13	106	0	13	0	36	14	7	0	0	67	36	78	14	0	133	210	106	51	81	111	80	16	26	101	37	20	33	240	122	18	111	36	14	23	26	160	0	21	44	36	15	16	33	0	97	44	78	14	60	192	279	160	115
692	680	58	32	38	668	39	0	31	58	32	38	40	0	26	27	161	80	152	17	656	35	0	31	39	0	31	32	0	23	27	102	0	124	0	58	32	38	21	0	14	0	16	24	0	0	40	0	26	27	161	80	152	17	644	30	0	31	35	0	31	29	0	23	27	88	0	124	0	39	0	31	11	0	14	0	6	0	0	0	32	0	23	27	102	0	124	0	58	32	38	21	0	14	0	13	8	0	0	21	0	14	0	16	24	0	0	40	0	26	27	161	80	152	17	632	23	0	30	30	0	31	22	0	23	27	75	0	124	0	35	0	31	11	0	14	0	6	0	0	0	29	0	23	27	88	0	124	0	39	0	31	11	0	14	0	11	0	0	0	11	0	14	0	6	0	0	0	32	0	23	27	102	0	124	0	58	32	38	10	0	8	13	12	0	0	0	21	0	14	0	13	8	0	0	21	0	14	0	16	24	0	0	40	0	26	27	161	80	152	17
950	933	69	85	56	916	41	71	14	69	85	56	36	48	12	52	160	208	56	207	899	40	67	9	41	71	14	33	48	9	27	96	166	14	104	69	85	56	19	44	0	0	18	10	0	12	36	48	12	52	160	208	56	207	882	36	65	9	40	67	9	33	44	9	27	93	157	9	103	41	71	14	10	44	0	0	7	0	0	0	33	48	9	27	96	166	14	104	69	85	56	21	21	0	0	16	11	0	0	19	44	0	0	18	10	0	12	36	48	12	52	160	208	56	207	865	25	55	9	36	65	9	25	44	9	27	82	152	9	98	40	67	9	10	44	0	0	7	0	0	0	33	44	9	27	93	157	9	103	41	71	14	7	11	0	0	8	11	0	0	10	44	0	0	7	0	0	0	33	48	9	27	96	166	14	104	69	85	56	12	0	34	0	16	27	56	0	21	21	0	0	16	11	0	0	19	44	0	0	18	10	0	12	36	48	12	52	160	208	56	207
729	716	66	60	12	703	43	40	0	66	60	12	40	20	0	0	173	128	36	56	690	40	37	0	43	40	0	33	20	0	0	116	89	0	21	66	60	12	19	18	0	0	19	18	0	0	40	20	0	0	173	128	36	56	677	36	27	0	40	37	0	31	17	0	0	106	80	0	21	43	40	0	11	0	0	0	9	0	0	0	33	20	0	0	116	89	0	21	66	60	12	23	28	0	0	24	16	12	0	19	18	0	0	19	18	0	0	40	20	0	0	173	128	36	56	664	26	19	0	36	27	0	24	10	0	0	96	53	0	20	40	37	0	11	0	0	0	9	0	0	0	31	17	0	0	106	80	0	21	43	40	0	11	9	0	0	15	9	0	0	11	0	0	0	9	0	0	0	33	20	0	0	116	89	0	21	66	60	12	16	19	24	0	19	21	12	0	23	28	0	0	24	16	12	0	19	18	0	0	19	18	0	0	40	20	0	0	173	128	36	56
1078	1059	57	63	130	1040	32	15	79	57	63	130	23	45	32	78	164	204	390	250	1021	25	0	76	32	15	79	17	0	29	69	91	45	237	134	57	63	130	7	0	60	27	6	0	130	0	23	45	32	78	164	204	390	250	1002	19	0	76	25	0	76	8	0	29	69	70	0	228	115	32	15	79	5	0	29	27	6	0	79	0	17	0	29	69	91	45	237	134	57	63	130	9	0	49	0	12	0	0	0	7	0	60	27	6	0	130	0	23	45	32	78	164	204	390	250	983	19	0	76	19	0	76	8	0	29	69	57	0	228	114	25	0	76	5	0	29	27	6	0	76	0	8	0	29	69	70	0	228	115	32	15	79	9	0	0	0	11	0	0	0	5	0	29	27	6	0	79	0	17	0	29	69	91	45	237	134	57	63	130	10	0	0	0	11	0	0	0	9	0	49	0	12	0	0	0	7	0	60	27	6	0	130	0	23	45	32	78	164	204	390	250
680	668	42	32	37	656	17	0	29	42	32	37	14	0	36	0	130	96	148	38	644	13	0	29	17	0	29	6	0	36	0	56	0	116	31	42	32	37	3	0	15	0	6	0	0	0	14	0	36	0	130	96	148	38	632	12	0	29	13	0	29	4	0	36	0	43	0	116	31	17	0	29	1	0	15	0	6	0	0	0	6	0	36	0	56	0	116	31	42	32	37	4	0	0	0	8	0	0	0	3	0	15	0	6	0	0	0	14	0	36	0	130	96	148	38	620	12	0	29	12	0	29	4	0	36	0	41	0	116	31	13	0	29	1	0	15	0	6	0	0	0	4	0	36	0	43	0	116	31	17	0	29	4	0	0	0	8	0	0	0	1	0	15	0	6	0	0	0	6	0	36	0	56	0	116	31	42	32	37	6	0	0	0	4	0	0	0	4	0	0	0	8	0	0	0	3	0	15	0	6	0	0	0	14	0	36	0	130	96	148	38
866	850	83	100	25	834	41	79	0	83	100	25	41	73	0	0	212	334	50	130	818	35	65	0	41	79	0	28	45	0	0	116	254	0	84	83	100	25	20	12	28	0	24	24	50	0	41	73	0	0	212	334	50	130	802	25	55	0	35	65	0	19	33	0	0	98	208	0	71	41	79	0	5	0	0	0	12	22	0	0	28	45	0	0	116	254	0	84	83	100	25	20	46	39	0	23	70	25	0	20	12	28	0	24	24	50	0	41	73	0	0	212	334	50	130	786	21	49	0	25	55	0	10	30	0	0	73	178	0	70	35	65	0	5	0	0	0	12	22	0	0	19	33	0	0	98	208	0	71	41	79	0	11	41	0	0	13	63	0	0	5	0	0	0	12	22	0	0	28	45	0	0	116	254	0	84	83	100	25	20	57	0	0	17	45	0	0	20	46	39	0	23	70	25	0	20	12	28	0	24	24	50	0	41	73	0	0	212	334	50	130
548	538	45	27	14	528	19	21	0	45	27	14	26	0	0	0	132	93	14	50	518	13	21	0	19	21	0	9	0	0	0	57	63	0	31	45	27	14	8	0	6	0	10	14	0	0	26	0	0	0	132	93	14	50	508	10	21	0	13	21	0	4	0	0	0	37	63	0	31	19	21	0	1	0	0	0	4	14	0	0	9	0	0	0	57	63	0	31	45	27	14	5	0	6	0	11	7	0	0	8	0	6	0	10	14	0	0	26	0	0	0	132	93	14	50	498	10	21	0	10	21	0	4	0	0	0	31	63	0	31	13	21	0	1	0	0	0	4	14	0	0	4	0	0	0	37	63	0	31	19	21	0	5	0	0	0	8	7	0	0	1	0	0	0	4	14	0	0	9	0	0	0	57	63	0	31	45	27	14	8	0	0	0	6	0	0	0	5	0	6	0	11	7	0	0	8	0	6	0	10	14	0	0	26	0	0	0	132	93	14	50
339	333	24	9	0	327	8	0	0	24	9	0	4	0	0	0	74	24	0	0	321	7	0	0	8	0	0	1	0	0	0	28	0	0	0	24	9	0	1	0	0	0	4	0	0	0	4	0	0	0	74	24	0	0	315	7	0	0	7	0	0	1	0	0	0	25	0	0	0	8	0	0	1	0	0	0	4	0	0	0	1	0	0	0	28	0	0	0	24	9	0	0	0	0	0	2	0	0	0	1	0	0	0	4	0	0	0	4	0	0	0	74	24	0	0	309	7	0	0	7	0	0	1	0	0	0	25	0	0	0	7	0	0	1	0	0	0	4	0	0	0	1	0	0	0	25	0	0	0	8	0	0	0	0	0	0	2	0	0	0	1	0	0	0	4	0	0	0	1	0	0	0	28	0	0	0	24	9	0	0	0	0	0	0	0	0	0	0	0	0	0	2	0	0	0	1	0	0	0	4	0	0	0	4	0	0	0	74	24	0	0
892	876	53	48	96	860	23	0	63	53	48	96	18	0	98	54	140	120	384	192	844	21	0	59	23	0	63	14	0	68	51	71	0	252	108	53	48	96	6	0	18	53	6	0	0	0	18	0	98	54	140	120	384	192	828	21	0	59	21	0	59	14	0	63	51	68	0	236	105	23	0	63	6	0	12	53	6	0	0	0	14	0	68	51	71	0	252	108	53	48	96	10	0	0	0	15	0	0	0	6	0	18	53	6	0	0	0	18	0	98	54	140	120	384	192	812	21	0	59	21	0	59	14	0	63	51	68	0	236	105	21	0	59	6	0	11	53	6	0	0	0	14	0	63	51	68	0	236	105	23	0	63	10	0	0	0	12	0	0	0	6	0	12	53	6	0	0	0	14	0	68	51	71	0	252	108	53	48	96	14	0	0	0	9	0	0	0	10	0	0	0	15	0	0	0	6	0	18	53	6	0	0	0	18	0	98	54	140	120	384	192
559	549	26	9	46	539	8	0	19	26	9	46	5	0	27	7	72	9	46	167	529	8	0	19	8	0	19	5	0	12	7	27	0	19	108	26	9	46	2	0	0	0	2	0	0	0	5	0	27	7	72	9	46	167	519	8	0	19	8	0	19	5	0	12	7	27	0	19	105	8	0	19	2	0	0	0	2	0	0	0	5	0	12	7	27	0	19	108	26	9	46	0	0	0	0	1	0	0	0	2	0	0	0	2	0	0	0	5	0	27	7	72	9	46	167	509	8	0	19	8	0	19	5	0	12	7	27	0	19	105	8	0	19	2	0	0	0	2	0	0	0	5	0	12	7	27	0	19	105	8	0	19	0	0	0	0	1	0	0	0	2	0	0	0	2	0	0	0	5	0	12	7	27	0	19	108	26	9	46	0	0	0	0	0	0	0	0	0	0	0	0	1	0	0	0	2	0	0	0	2	0	0	0	5	0	27	7	72	9	46	167
668	656	39	32	42	644	13	0	41	39	32	42	9	0	36	7	97	88	168	0	632	12	0	40	13	0	41	7	0	36	7	41	0	164	0	39	32	42	2	0	12	11	2	0	0	0	9	0	36	7	97	88	168	0	620	12	0	40	12	0	40	7	0	34	7	40	0	160	0	13	0	41	2	0	12	11	2	0	0	0	7	0	36	7	41	0	164	0	39	32	42	0	0	0	0	4	0	0	0	2	0	12	11	2	0	0	0	9	0	36	7	97	88	168	0	608	12	0	40	12	0	40	7	0	34	7	40	0	160	0	12	0	40	2	0	11	11	2	0	0	0	7	0	34	7	40	0	160	0	13	0	41	0	0	0	0	1	0	0	0	2	0	12	11	2	0	0	0	7	0	36	7	41	0	164	0	39	32	42	0	0	0	0	3	0	0	0	0	0	0	0	4	0	0	0	2	0	12	11	2	0	0	0	9	0	36	7	97	88	168	0
877	861	66	74	38	845	29	29	0	66	74	38	30	0	27	0	169	250	190	206	829	26	28	0	29	29	0	18	0	0	0	88	115	0	108	66	74	38	10	14	6	0	8	28	0	0	30	0	27	0	169	250	190	206	813	25	28	0	26	28	0	16	0	0	0	79	112	0	105	29	29	0	5	14	0	0	6	28	0	0	18	0	0	0	88	115	0	108	66	74	38	10	0	0	0	17	14	0	0	10	14	6	0	8	28	0	0	30	0	27	0	169	250	190	206	797	25	28	0	25	28	0	16	0	0	0	77	112	0	105	26	28	0	5	14	0	0	6	28	0	0	16	0	0	0	79	112	0	105	29	29	0	10	0	0	0	12	14	0	0	5	14	0	0	6	28	0	0	18	0	0	0	88	115	0	108	66	74	38	14	0	0	0	10	0	0	0	10	0	0	0	17	14	0	0	10	14	6	0	8	28	0	0	30	0	27	0	169	250	190	206
543	533	31	29	11	523	6	16	0	31	29	11	4	8	0	0	81	85	22	37	513	6	16	0	6	16	0	4	8	0	0	19	64	0	29	31	29	11	2	0	0	0	2	0	0	0	4	8	0	0	81	85	22	37	503	6	16	0	6	16	0	4	8	0	0	19	64	0	29	6	16	0	2	0	0	0	2	0	0	0	4	8	0	0	19	64	0	29	31	29	11	0	0	0	0	2	0	0	0	2	0	0	0	2	0	0	0	4	8	0	0	81	85	22	37	493	6	16	0	6	16	0	4	8	0	0	19	64	0	29	6	16	0	2	0	0	0	2	0	0	0	4	8	0	0	19	64	0	29	6	16	0	0	0	0	0	1	0	0	0	2	0	0	0	2	0	0	0	4	8	0	0	19	64	0	29	31	29	11	0	0	0	0	1	0	0	0	0	0	0	0	2	0	0	0	2	0	0	0	2	0	0	0	4	8	0	0	81	85	22	37
979	961	62	59	128	943	34	17	90	62	59	128	24	0	70	116	145	155	384	176	925	34	17	61	34	17	90	24	0	66	56	102	85	270	104	62	59	128	9	0	0	87	12	0	0	155	24	0	70	116	145	155	384	176	907	33	17	40	34	17	61	24	0	51	51	102	85	183	99	34	17	90	7	0	0	44	6	0	0	79	24	0	66	56	102	85	270	104	62	59	128	17	0	0	53	21	14	0	92	9	0	0	87	12	0	0	155	24	0	70	116	145	155	384	176	889	29	17	40	33	17	40	23	0	11	51	99	85	120	99	34	17	61	7	0	0	44	6	0	0	76	24	0	51	51	102	85	183	99	34	17	90	10	0	0	53	15	0	0	53	7	0	0	44	6	0	0	79	24	0	66	56	102	85	270	104	62	59	128	15	0	30	0	17	14	0	0	17	0	0	53	21	14	0	92	9	0	0	87	12	0	0	155	24	0	70	116	145	155	384	176
823	808	47	26	99	793	24	0	59	47	26	99	15	0	85	60	110	39	198	187	778	24	0	57	24	0	59	15	0	83	60	74	0	118	104	47	26	99	8	0	0	22	4	0	0	0	15	0	85	60	110	39	198	187	763	23	0	45	24	0	57	15	0	77	58	74	0	114	99	24	0	59	6	0	0	0	4	0	0	0	15	0	83	60	74	0	118	104	47	26	99	12	0	0	11	14	13	0	80	8	0	0	22	4	0	0	0	15	0	85	60	110	39	198	187	748	21	0	45	23	0	45	14	0	43	58	71	0	90	99	24	0	57	6	0	0	0	4	0	0	0	15	0	77	58	74	0	114	99	24	0	59	7	0	0	11	10	0	0	53	6	0	0	0	4	0	0	0	15	0	83	60	74	0	118	104	47	26	99	10	0	13	0	10	13	0	0	12	0	0	11	14	13	0	80	8	0	0	22	4	0	0	0	15	0	85	60	110	39	198	187
852	836	62	81	38	820	27	39	21	62	81	38	19	26	64	0	126	198	190	80	804	27	39	21	27	39	21	19	26	64	0	83	104	105	41	62	81	38	9	0	0	0	11	0	0	0	19	26	64	0	126	198	190	80	788	26	39	21	27	39	21	19	26	64	0	83	104	105	40	27	39	21	7	0	0	0	4	0	0	0	19	26	64	0	83	104	105	41	62	81	38	9	0	0	0	14	8	0	0	9	0	0	0	11	0	0	0	19	26	64	0	126	198	190	80	772	25	39	21	26	39	21	18	26	64	0	80	104	105	40	27	39	21	7	0	0	0	4	0	0	0	19	26	64	0	83	104	105	40	27	39	21	7	0	0	0	10	0	0	0	7	0	0	0	4	0	0	0	19	26	64	0	83	104	105	41	62	81	38	10	0	0	0	11	8	0	0	9	0	0	0	14	8	0	0	9	0	0	0	11	0	0	0	19	26	64	0	126	198	190	80
938	920	75	121	29	902	36	87	6	75	121	29	38	78	8	12	168	311	116	134	884	34	83	0	36	87	6	28	78	6	0	109	246	24	63	75	121	29	18	44	0	0	19	22	0	25	38	78	8	12	168	311	116	134	866	28	77	0	34	83	0	26	66	0	0	102	236	0	59	36	87	6	3	44	0	0	7	22	0	0	28	78	6	0	109	246	24	63	75	121	29	11	66	0	0	16	62	0	0	18	44	0	0	19	22	0	25	38	78	8	12	168	311	116	134	848	24	69	0	28	77	0	17	66	0	0	86	220	0	59	34	83	0	3	44	0	0	7	22	0	0	26	66	0	0	102	236	0	59	36	87	6	4	66	0	0	10	55	0	0	3	44	0	0	7	22	0	0	28	78	6	0	109	246	24	63	75	121	29	6	56	8	0	14	29	0	0	11	66	0	0	16	62	0	0	18	44	0	0	19	22	0	25	38	78	8	12	168	311	116	134
741	727	41	54	44	713	15	41	0	41	54	44	9	42	0	0	100	127	44	233	699	15	40	0	15	41	0	9	40	0	0	49	111	0	123	41	54	44	5	10	0	0	5	0	0	0	9	42	0	0	100	127	44	233	685	15	40	0	15	40	0	9	40	0	0	49	110	0	118	15	41	0	5	10	0	0	4	0	0	0	9	40	0	0	49	111	0	123	41	54	44	6	0	0	0	10	0	0	0	5	10	0	0	5	0	0	0	9	42	0	0	100	127	44	233	671	15	40	0	15	40	0	9	40	0	0	49	110	0	118	15	40	0	5	10	0	0	4	0	0	0	9	40	0	0	49	110	0	118	15	41	0	6	0	0	0	6	0	0	0	5	10	0	0	4	0	0	0	9	40	0	0	49	111	0	123	41	54	44	8	0	0	0	7	0	0	0	6	0	0	0	10	0	0	0	5	10	0	0	5	0	0	0	9	42	0	0	100	127	44	233
971	953	43	17	168	935	33	0	109	43	17	168	27	0	0	97	96	0	168	338	917	33	0	107	33	0	109	27	0	0	93	94	0	109	176	43	17	168	8	0	0	24	5	0	0	0	27	0	0	97	96	0	168	338	899	31	0	105	33	0	107	27	0	0	89	94	0	107	139	33	0	109	6	0	0	24	5	0	0	0	27	0	0	93	94	0	109	176	43	17	168	9	0	15	22	9	0	0	0	8	0	0	24	5	0	0	0	27	0	0	97	96	0	168	338	881	28	0	91	31	0	105	26	0	0	65	88	0	105	106	33	0	107	6	0	0	22	5	0	0	0	27	0	0	89	94	0	107	139	33	0	109	7	0	13	0	9	0	0	0	6	0	0	24	5	0	0	0	27	0	0	93	94	0	109	176	43	17	168	2	0	14	44	7	0	0	80	9	0	15	22	9	0	0	0	8	0	0	24	5	0	0	0	27	0	0	97	96	0	168	338
1122	1101	48	84	163	1080	29	20	152	48	84	163	28	0	96	37	82	52	652	38	1059	26	20	152	29	20	152	19	0	96	37	73	20	608	21	48	84	163	6	0	29	0	7	0	0	0	28	0	96	37	82	52	652	38	1038	23	20	150	26	20	152	17	0	96	33	68	20	608	21	29	20	152	1	0	29	0	7	0	0	0	19	0	96	37	73	20	608	21	48	84	163	3	0	24	22	4	0	0	0	6	0	29	0	7	0	0	0	28	0	96	37	82	52	652	38	1017	22	20	127	23	20	150	16	0	96	11	59	20	600	21	26	20	152	1	0	29	0	7	0	0	0	17	0	96	33	68	20	608	21	29	20	152	1	0	22	0	4	0	0	0	1	0	29	0	7	0	0	0	19	0	96	37	73	20	608	21	48	84	163	2	0	0	95	6	0	0	80	3	0	24	22	4	0	0	0	6	0	29	0	7	0	0	0	28	0	96	37	82	52	652	38
739	725	46	45	61	711	28	24	43	46	45	61	22	12	36	31	89	73	122	67	697	28	24	43	28	24	43	22	12	36	31	77	72	86	27	46	45	61	7	0	0	0	11	0	0	0	22	12	36	31	89	73	122	67	683	27	24	43	28	24	43	22	12	36	31	77	72	86	21	28	24	43	5	0	0	0	5	0	0	0	22	12	36	31	77	72	86	27	46	45	61	9	0	0	0	9	0	0	0	7	0	0	0	11	0	0	0	22	12	36	31	89	73	122	67	669	24	24	43	27	24	43	21	12	36	31	74	72	86	21	28	24	43	5	0	0	0	5	0	0	0	22	12	36	31	77	72	86	21	28	24	43	7	0	0	0	9	0	0	0	5	0	0	0	5	0	0	0	22	12	36	31	77	72	86	27	46	45	61	2	0	14	0	7	0	0	0	9	0	0	0	9	0	0	0	7	0	0	0	11	0	0	0	22	12	36	31	89	73	122	67
1110	1089	76	104	121	1068	53	72	73	76	104	121	47	36	27	62	168	202	242	294	1047	47	70	71	53	72	73	41	36	27	58	144	199	146	176	76	104	121	16	30	62	12	23	0	0	0	47	36	27	62	168	202	242	294	1026	38	52	59	47	70	71	35	34	27	39	130	193	142	139	53	72	73	5	0	62	0	15	0	0	0	41	36	27	58	144	199	146	176	76	104	121	16	48	55	50	16	72	121	25	16	30	62	12	23	0	0	0	47	36	27	62	168	202	242	294	1005	29	35	23	38	52	59	23	18	27	11	104	139	118	106	47	70	71	5	0	62	0	15	0	0	0	35	34	27	39	130	193	142	139	53	72	73	9	17	50	0	10	68	73	0	5	0	62	0	15	0	0	0	41	36	27	58	144	199	146	176	76	104	121	7	35	54	52	16	53	121	148	16	48	55	50	16	72	121	25	16	30	62	12	23	0	0	0	47	36	27	62	168	202	242	294
719	705	56	66	29	691	31	46	0	56	66	29	18	57	0	0	118	158	58	195	677	31	45	0	31	46	0	18	54	0	0	85	145	0	117	56	66	29	6	9	0	0	15	0	0	0	18	57	0	0	118	158	58	195	663	30	45	0	31	45	0	18	54	0	0	85	144	0	82	31	46	0	4	9	0	0	5	0	0	0	18	54	0	0	85	145	0	117	56	66	29	9	0	0	0	9	0	0	0	6	9	0	0	15	0	0	0	18	57	0	0	118	158	58	195	649	27	45	0	30	45	0	17	54	0	0	82	144	0	61	31	45	0	4	9	0	0	5	0	0	0	18	54	0	0	85	144	0	82	31	46	0	7	0	0	0	9	0	0	0	4	9	0	0	5	0	0	0	18	54	0	0	85	145	0	117	56	66	29	2	0	14	0	9	0	0	0	9	0	0	0	9	0	0	0	6	9	0	0	15	0	0	0	18	57	0	0	118	158	58	195
815	799	46	61	102	783	28	55	32	46	61	102	19	66	34	53	104	151	0	542	767	23	55	32	28	55	32	12	66	29	53	79	143	0	377	46	61	102	3	0	26	0	15	39	0	0	19	66	34	53	104	151	0	542	751	22	55	32	23	55	32	11	66	29	53	65	143	0	373	28	55	32	3	0	9	0	6	33	0	0	12	66	29	53	79	143	0	377	46	61	102	3	0	15	0	5	0	0	0	3	0	26	0	15	39	0	0	19	66	34	53	104	151	0	542	735	21	55	32	22	55	32	11	66	29	53	63	143	0	357	23	55	32	2	0	9	0	4	33	0	0	11	66	29	53	65	143	0	373	28	55	32	2	0	0	0	5	0	0	0	3	0	9	0	6	33	0	0	12	66	29	53	79	143	0	377	46	61	102	3	0	0	0	10	13	0	0	3	0	15	0	5	0	0	0	3	0	26	0	15	39	0	0	19	66	34	53	104	151	0	542
470	461	23	8	62	452	20	8	12	23	8	62	15	0	0	24	53	8	0	374	443	19	8	12	20	8	12	15	0	0	24	52	8	0	268	23	8	62	1	0	15	0	5	0	0	0	15	0	0	24	53	8	0	374	434	18	8	12	19	8	12	14	0	0	24	49	8	0	266	20	8	12	1	0	0	0	5	0	0	0	15	0	0	24	52	8	0	268	23	8	62	1	0	15	0	4	0	0	0	1	0	15	0	5	0	0	0	15	0	0	24	53	8	0	374	425	18	8	12	18	8	12	14	0	0	24	47	8	0	252	19	8	12	1	0	0	0	5	0	0	0	14	0	0	24	49	8	0	266	20	8	12	1	0	0	0	4	0	0	0	1	0	0	0	5	0	0	0	15	0	0	24	52	8	0	268	23	8	62	2	0	0	0	4	0	0	0	1	0	15	0	4	0	0	0	1	0	15	0	5	0	0	0	15	0	0	24	53	8	0	374
364	357	15	6	30	350	10	6	12	15	6	30	6	0	0	24	23	6	0	163	343	10	6	12	10	6	12	6	0	0	24	22	6	0	152	15	6	30	0	0	0	0	5	0	0	0	6	0	0	24	23	6	0	163	336	10	6	12	10	6	12	6	0	0	24	22	6	0	152	10	6	12	0	0	0	0	5	0	0	0	6	0	0	24	22	6	0	152	15	6	30	0	0	0	0	0	0	0	0	0	0	0	0	5	0	0	0	6	0	0	24	23	6	0	163	329	10	6	12	10	6	12	6	0	0	24	22	6	0	150	10	6	12	0	0	0	0	5	0	0	0	6	0	0	24	22	6	0	152	10	6	12	0	0	0	0	0	0	0	0	0	0	0	0	5	0	0	0	6	0	0	24	22	6	0	152	15	6	30	0	0	0	0	1	0	0	0	0	0	0	0	0	0	0	0	0	0	0	0	5	0	0	0	6	0	0	24	23	6	0	163
521	511	26	23	39	501	19	9	20	26	23	39	13	0	34	29	53	18	78	163	491	16	9	20	19	9	20	7	0	29	29	44	18	40	152	26	23	39	0	0	11	0	5	18	0	0	13	0	34	29	53	18	78	163	481	16	9	20	16	9	20	7	0	29	29	38	18	40	152	19	9	20	0	0	9	0	5	18	0	0	7	0	29	29	44	18	40	152	26	23	39	0	0	0	0	0	0	0	0	0	0	11	0	5	18	0	0	13	0	34	29	53	18	78	163	471	16	9	20	16	9	20	7	0	29	29	38	18	40	150	16	9	20	0	0	9	0	5	18	0	0	7	0	29	29	38	18	40	152	19	9	20	0	0	0	0	0	0	0	0	0	0	9	0	5	18	0	0	7	0	29	29	44	18	40	152	26	23	39	0	0	0	0	2	0	0	0	0	0	0	0	0	0	0	0	0	0	11	0	5	18	0	0	13	0	34	29	53	18	78	163
414	406	19	17	32	398	10	7	29	19	17	32	3	0	43	29	36	21	64	0	390	9	7	29	10	7	29	1	0	38	29	25	21	58	0	19	17	32	0	0	11	0	4	0	0	0	3	0	43	29	36	21	64	0	382	9	7	29	9	7	29	1	0	38	29	22	21	58	0	10	7	29	0	0	9	0	4	0	0	0	1	0	38	29	25	21	58	0	19	17	32	0	0	0	0	0	0	0	0	0	0	11	0	4	0	0	0	3	0	43	29	36	21	64	0	374	9	7	29	9	7	29	1	0	38	29	22	21	58	0	9	7	29	0	0	9	0	4	0	0	0	1	0	38	29	22	21	58	0	10	7	29	0	0	0	0	0	0	0	0	0	0	9	0	4	0	0	0	1	0	38	29	25	21	58	0	19	17	32	0	0	0	0	1	0	0	0	0	0	0	0	0	0	0	0	0	0	11	0	4	0	0	0	3	0	43	29	36	21	64	0
661	648	27	23	76	635	12	22	57	27	23	76	0	11	26	78	70	45	0	71	622	12	22	53	12	22	57	0	11	23	69	35	44	0	49	27	23	76	2	0	0	40	8	0	0	0	0	11	26	78	70	45	0	71	609	12	22	53	12	22	53	0	11	20	69	35	44	0	49	12	22	57	2	0	0	40	8	0	0	0	0	11	23	69	35	44	0	49	27	23	76	0	0	0	0	0	0	0	0	2	0	0	40	8	0	0	0	0	11	26	78	70	45	0	71	596	12	22	53	12	22	53	0	11	20	69	35	44	0	49	12	22	53	2	0	0	40	8	0	0	0	0	11	20	69	35	44	0	49	12	22	57	0	0	0	0	0	0	0	0	2	0	0	40	8	0	0	0	0	11	23	69	35	44	0	49	27	23	76	0	0	0	0	4	0	0	0	0	0	0	0	0	0	0	0	2	0	0	40	8	0	0	0	0	11	26	78	70	45	0	71
649	636	50	57	26	623	22	32	23	50	57	26	19	0	26	33	106	150	130	0	610	20	30	20	22	32	23	15	0	23	27	53	75	115	0	50	57	26	13	20	0	29	17	20	0	0	19	0	26	33	106	150	130	0	597	20	30	20	20	30	20	15	0	20	27	50	70	100	0	22	32	23	13	20	0	29	15	20	0	0	15	0	23	27	53	75	115	0	50	57	26	6	0	0	0	20	0	0	0	13	20	0	29	17	20	0	0	19	0	26	33	106	150	130	0	584	19	30	20	20	30	20	15	0	20	27	50	70	100	0	20	30	20	13	20	0	29	15	20	0	0	15	0	20	27	50	70	100	0	22	32	23	3	0	0	0	0	0	0	0	13	20	0	29	15	20	0	0	15	0	23	27	53	75	115	0	50	57	26	18	0	0	0	16	5	0	0	6	0	0	0	20	0	0	0	13	20	0	29	17	20	0	0	19	0	26	33	106	150	130	0
356	349	27	11	12	342	12	6	12	27	11	12	2	0	12	0	70	35	12	0	335	12	6	11	12	6	12	2	0	12	0	30	30	12	0	27	11	12	2	0	0	11	4	0	0	0	2	0	12	0	70	35	12	0	328	12	6	11	12	6	11	2	0	11	0	30	30	11	0	12	6	12	2	0	0	11	2	0	0	0	2	0	12	0	30	30	12	0	27	11	12	0	0	0	0	0	0	0	0	2	0	0	11	4	0	0	0	2	0	12	0	70	35	12	0	321	12	6	11	12	6	11	2	0	11	0	30	30	11	0	12	6	11	2	0	0	11	2	0	0	0	2	0	11	0	30	30	11	0	12	6	12	0	0	0	0	0	0	0	0	2	0	0	11	2	0	0	0	2	0	12	0	30	30	12	0	27	11	12	0	0	0	0	3	0	0	0	0	0	0	0	0	0	0	0	2	0	0	11	4	0	0	0	2	0	12	0	70	35	12	0
361	354	24	12	12	347	11	0	12	24	12	12	4	0	12	0	56	24	36	0	340	11	0	11	11	0	12	4	0	12	0	28	0	36	0	24	12	12	2	0	0	11	5	0	0	0	4	0	12	0	56	24	36	0	333	11	0	11	11	0	11	4	0	11	0	28	0	33	0	11	0	12	2	0	0	11	5	0	0	0	4	0	12	0	28	0	36	0	24	12	12	3	0	0	0	9	0	0	0	2	0	0	11	5	0	0	0	4	0	12	0	56	24	36	0	326	10	0	11	11	0	11	4	0	11	0	28	0	33	0	11	0	11	2	0	0	11	5	0	0	0	4	0	11	0	28	0	33	0	11	0	12	0	0	0	0	0	0	0	0	2	0	0	11	5	0	0	0	4	0	12	0	28	0	36	0	24	12	12	6	0	0	0	8	4	0	0	3	0	0	0	9	0	0	0	2	0	0	11	5	0	0	0	4	0	12	0	56	24	36	0
388	380	25	16	12	372	11	16	0	25	16	12	2	0	0	0	58	52	0	71	364	11	16	0	11	16	0	2	0	0	0	24	52	0	49	25	16	12	0	0	0	0	4	0	0	0	2	0	0	0	58	52	0	71	356	11	16	0	11	16	0	2	0	0	0	24	52	0	49	11	16	0	0	0	0	0	2	0	0	0	2	0	0	0	24	52	0	49	25	16	12	0	0	0	0	0	0	0	0	0	0	0	0	4	0	0	0	2	0	0	0	58	52	0	71	348	11	16	0	11	16	0	2	0	0	0	24	52	0	49	11	16	0	0	0	0	0	2	0	0	0	2	0	0	0	24	52	0	49	11	16	0	0	0	0	0	0	0	0	0	0	0	0	0	2	0	0	0	2	0	0	0	24	52	0	49	25	16	12	0	0	0	0	0	0	0	0	0	0	0	0	0	0	0	0	0	0	0	0	4	0	0	0	2	0	0	0	58	52	0	71
901	883	71	83	98	865	41	45	83	71	83	98	36	30	61	76	169	183	294	38	847	38	45	78	41	45	83	31	30	61	70	111	120	249	35	71	83	98	32	0	0	63	36	48	0	0	36	30	61	76	169	183	294	38	829	33	42	55	38	45	78	31	30	59	62	103	120	234	31	41	45	83	22	0	0	27	20	45	0	0	31	30	61	70	111	120	249	35	71	83	98	20	36	0	94	28	60	0	121	32	0	0	63	36	48	0	0	36	30	61	76	169	183	294	38	811	27	24	50	33	42	55	22	24	40	62	90	105	165	31	38	45	78	21	0	0	27	18	45	0	0	31	30	59	62	103	120	234	31	41	45	83	9	0	0	85	1	0	0	73	22	0	0	27	20	45	0	0	31	30	61	70	111	120	249	35	71	83	98	18	72	28	51	20	52	98	0	20	36	0	94	28	60	0	121	32	0	0	63	36	48	0	0	36	30	61	76	169	183	294	38
494	484	36	24	14	474	17	16	0	36	24	14	13	8	0	0	80	39	14	50	464	17	16	0	17	16	0	13	8	0	0	44	32	0	47	36	24	14	15	0	0	0	17	0	0	0	13	8	0	0	80	39	14	50	454	17	16	0	17	16	0	13	8	0	0	44	32	0	42	17	16	0	15	0	0	0	13	0	0	0	13	8	0	0	44	32	0	47	36	24	14	6	0	0	0	21	0	0	0	15	0	0	0	17	0	0	0	13	8	0	0	80	39	14	50	444	16	16	0	17	16	0	13	8	0	0	44	32	0	42	17	16	0	15	0	0	0	13	0	0	0	13	8	0	0	44	32	0	42	17	16	0	3	0	0	0	0	0	0	0	15	0	0	0	13	0	0	0	13	8	0	0	44	32	0	47	36	24	14	18	0	0	0	13	0	0	0	6	0	0	0	21	0	0	0	15	0	0	0	17	0	0	0	13	8	0	0	80	39	14	50
406	398	40	12	9	390	24	0	0	40	12	9	22	0	0	0	89	18	18	38	382	24	0	0	24	0	0	22	0	0	0	57	0	0	35	40	12	9	23	0	0	0	22	0	0	0	22	0	0	0	89	18	18	38	374	20	0	0	24	0	0	22	0	0	0	57	0	0	31	24	0	0	15	0	0	0	16	0	0	0	22	0	0	0	57	0	0	35	40	12	9	10	0	0	0	18	24	0	0	23	0	0	0	22	0	0	0	22	0	0	0	89	18	18	38	366	17	0	0	20	0	0	14	0	0	0	46	0	0	31	24	0	0	15	0	0	0	16	0	0	0	22	0	0	0	57	0	0	31	24	0	0	3	0	0	0	0	0	0	0	15	0	0	0	16	0	0	0	22	0	0	0	57	0	0	35	40	12	9	18	0	0	0	12	12	0	0	10	0	0	0	18	24	0	0	23	0	0	0	22	0	0	0	22	0	0	0	89	18	18	38
857	839	93	128	5	821	50	97	0	93	128	5	62	127	0	0	209	319	20	26	803	42	84	0	50	97	0	35	111	0	0	127	252	0	23	93	128	5	19	120	0	0	39	80	0	0	62	127	0	0	209	319	20	26	785	37	81	0	42	84	0	35	99	0	0	106	216	0	20	50	97	0	9	117	0	0	27	78	0	0	35	111	0	0	127	252	0	23	93	128	5	16	27	0	0	22	25	0	0	19	120	0	0	39	80	0	0	62	127	0	0	209	319	20	26	767	32	69	0	37	81	0	26	99	0	0	93	216	0	20	42	84	0	8	117	0	0	23	72	0	0	35	99	0	0	106	216	0	20	50	97	0	6	27	0	0	3	0	0	0	9	117	0	0	27	78	0	0	35	111	0	0	127	252	0	23	93	128	5	11	60	0	0	21	24	0	0	16	27	0	0	22	25	0	0	19	120	0	0	39	80	0	0	62	127	0	0	209	319	20	26
548	537	58	35	5	526	35	10	0	58	35	5	42	0	0	0	134	65	25	26	515	33	10	0	35	10	0	32	0	0	0	90	0	0	23	58	35	5	35	0	0	0	29	10	0	0	42	0	0	0	134	65	25	26	504	27	10	0	33	10	0	30	0	0	0	83	0	0	20	35	10	0	20	0	0	0	19	0	0	0	32	0	0	0	90	0	0	23	58	35	5	17	0	0	0	19	30	0	0	35	0	0	0	29	10	0	0	42	0	0	0	134	65	25	26	493	23	10	0	27	10	0	21	0	0	0	68	0	0	20	33	10	0	20	0	0	0	19	0	0	0	30	0	0	0	83	0	0	20	35	10	0	8	0	0	0	0	0	0	0	20	0	0	0	19	0	0	0	32	0	0	0	90	0	0	23	58	35	5	22	0	0	0	12	15	0	0	17	0	0	0	19	30	0	0	35	0	0	0	29	10	0	0	42	0	0	0	134	65	25	26
649	636	57	12	66	623	43	0	29	57	12	66	56	0	0	22	144	24	66	131	610	39	0	29	43	0	29	42	0	0	22	112	0	29	83	57	12	66	38	0	0	0	28	24	0	0	56	0	0	22	144	24	66	131	597	30	0	29	39	0	29	38	0	0	22	100	0	29	78	43	0	29	21	0	0	0	20	0	0	0	42	0	0	22	112	0	29	83	57	12	66	15	0	24	0	6	12	0	0	38	0	0	0	28	24	0	0	56	0	0	22	144	24	66	131	584	22	0	27	30	0	29	27	0	0	20	74	0	29	55	39	0	29	21	0	0	0	20	0	0	0	38	0	0	22	100	0	29	78	43	0	29	9	0	11	0	2	0	0	0	21	0	0	0	20	0	0	0	42	0	0	22	112	0	29	83	57	12	66	8	0	39	20	9	0	0	0	15	0	24	0	6	12	0	0	38	0	0	0	28	24	0	0	56	0	0	22	144	24	66	131
928	909	88	108	69	890	60	78	39	88	108	69	68	104	0	28	220	227	138	117	871	51	70	39	60	78	39	49	104	0	28	165	182	78	83	88	108	69	35	88	22	0	40	73	0	0	68	104	0	28	220	227	138	117	852	42	22	37	51	70	39	39	88	0	26	140	160	78	78	60	78	39	26	0	22	0	23	39	0	0	49	104	0	28	165	182	78	83	88	108	69	18	44	75	30	10	11	276	0	35	88	22	0	40	73	0	0	68	104	0	28	220	227	138	117	833	34	0	17	42	22	37	35	0	0	10	112	33	74	55	51	70	39	25	0	22	0	21	39	0	0	39	88	0	26	140	160	78	78	60	78	39	15	0	61	0	6	0	156	0	26	0	22	0	23	39	0	0	49	104	0	28	165	182	78	83	88	108	69	14	0	57	38	20	17	138	121	18	44	75	30	10	11	276	0	35	88	22	0	40	73	0	0	68	104	0	28	220	227	138	117
838	821	70	89	49	804	40	32	43	70	89	49	36	118	0	11	171	247	245	5	787	35	9	43	40	32	43	32	18	0	11	100	91	215	0	70	89	49	21	45	36	0	22	18	98	0	36	118	0	11	171	247	245	5	770	25	0	43	35	9	43	24	0	0	11	87	18	215	0	40	32	43	9	0	36	0	13	0	86	0	32	18	0	11	100	91	215	0	70	89	49	12	0	45	0	8	9	49	0	21	45	36	0	22	18	98	0	36	118	0	11	171	247	245	5	753	22	0	38	25	0	43	15	0	0	10	60	0	215	0	35	9	43	9	0	36	0	13	0	86	0	24	0	0	11	87	18	215	0	40	32	43	6	0	44	0	4	0	43	0	9	0	36	0	13	0	86	0	32	18	0	11	100	91	215	0	70	89	49	8	0	0	38	8	0	0	0	12	0	45	0	8	9	49	0	21	45	36	0	22	18	98	0	36	118	0	11	171	247	245	5
539	528	60	31	17	517	41	10	7	60	31	17	53	0	0	0	147	72	51	10	506	37	10	7	41	10	7	39	0	0	0	102	30	21	0	60	31	17	38	0	0	0	31	14	0	0	53	0	0	0	147	72	51	10	495	30	10	7	37	10	7	35	0	0	0	90	30	21	0	41	10	7	21	0	0	0	19	0	0	0	39	0	0	0	102	30	21	0	60	31	17	15	0	0	0	11	7	0	0	38	0	0	0	31	14	0	0	53	0	0	0	147	72	51	10	484	24	10	7	30	10	7	26	0	0	0	74	30	21	0	37	10	7	21	0	0	0	19	0	0	0	35	0	0	0	90	30	21	0	41	10	7	9	0	0	0	3	0	0	0	21	0	0	0	19	0	0	0	39	0	0	0	102	30	21	0	60	31	17	8	0	15	0	8	0	0	0	15	0	0	0	11	7	0	0	38	0	0	0	31	14	0	0	53	0	0	0	147	72	51	10
797	780	81	111	22	763	46	89	0	81	111	22	61	93	0	0	206	273	44	108	746	39	82	0	46	89	0	36	87	0	0	126	232	0	83	81	111	22	33	71	0	0	38	46	0	0	61	93	0	0	206	273	44	108	729	32	68	0	39	82	0	32	81	0	0	104	217	0	78	46	89	0	18	53	0	0	25	31	0	0	36	87	0	0	126	232	0	83	81	111	22	10	64	12	0	15	7	22	0	33	71	0	0	38	46	0	0	61	93	0	0	206	273	44	108	712	24	57	0	32	68	0	22	68	0	0	85	186	0	55	39	82	0	17	52	0	0	23	29	0	0	32	81	0	0	104	217	0	78	46	89	0	5	47	0	0	5	0	0	0	18	53	0	0	25	31	0	0	36	87	0	0	126	232	0	83	81	111	22	10	37	39	0	33	10	22	0	10	64	12	0	15	7	22	0	33	71	0	0	38	46	0	0	61	93	0	0	206	273	44	108
485	475	37	25	27	465	12	0	18	37	25	27	5	0	46	0	90	75	135	49	455	10	0	18	12	0	18	1	0	28	0	27	0	90	43	37	25	27	1	0	19	0	2	0	0	0	5	0	46	0	90	75	135	49	445	10	0	18	10	0	18	1	0	28	0	24	0	90	43	12	0	18	1	0	10	0	2	0	0	0	1	0	28	0	27	0	90	43	37	25	27	0	0	0	0	1	0	0	0	1	0	19	0	2	0	0	0	5	0	46	0	90	75	135	49	435	10	0	18	10	0	18	1	0	28	0	24	0	90	43	10	0	18	1	0	10	0	2	0	0	0	1	0	28	0	24	0	90	43	12	0	18	0	0	0	0	1	0	0	0	1	0	10	0	2	0	0	0	1	0	28	0	27	0	90	43	37	25	27	0	0	0	0	0	0	0	0	0	0	0	0	1	0	0	0	1	0	19	0	2	0	0	0	5	0	46	0	90	75	135	49
829	811	84	126	46	793	47	98	0	84	126	46	43	148	18	0	208	346	92	223	775	38	79	0	47	98	0	36	110	0	0	128	266	0	118	84	126	46	18	50	60	0	28	41	92	0	43	148	18	0	208	346	92	223	757	33	71	0	38	79	0	25	96	0	0	103	223	0	118	47	98	0	12	36	0	0	18	35	0	0	36	110	0	0	128	266	0	118	84	126	46	28	11	29	0	14	28	46	0	18	50	60	0	28	41	92	0	43	148	18	0	208	346	92	223	739	28	67	0	33	71	0	21	94	0	0	93	211	0	116	38	79	0	11	36	0	0	16	31	0	0	25	96	0	0	103	223	0	118	47	98	0	11	9	0	0	5	25	0	0	12	36	0	0	18	35	0	0	36	110	0	0	128	266	0	118	84	126	46	19	40	0	0	21	63	0	0	28	11	29	0	14	28	46	0	18	50	60	0	28	41	92	0	43	148	18	0	208	346	92	223
514	503	53	31	34	492	34	24	0	53	31	34	38	0	18	0	132	76	34	157	481	24	24	0	34	24	0	28	0	0	0	83	48	0	89	53	31	34	13	0	60	0	11	16	0	0	38	0	18	0	132	76	34	157	470	19	24	0	24	24	0	15	0	0	0	58	48	0	89	34	24	0	9	0	0	0	11	16	0	0	28	0	0	0	83	48	0	89	53	31	34	6	0	29	0	3	8	0	0	13	0	60	0	11	16	0	0	38	0	18	0	132	76	34	157	459	19	24	0	19	24	0	15	0	0	0	52	48	0	87	24	24	0	9	0	0	0	11	16	0	0	15	0	0	0	58	48	0	89	34	24	0	6	0	0	0	3	8	0	0	9	0	0	0	11	16	0	0	28	0	0	0	83	48	0	89	53	31	34	8	0	0	0	7	0	0	0	6	0	29	0	3	8	0	0	13	0	60	0	11	16	0	0	38	0	18	0	132	76	34	157
520	509	44	36	16	498	20	18	0	44	36	16	17	0	18	0	114	84	48	66	487	17	18	0	20	18	0	11	0	0	0	50	36	0	50	44	36	16	6	0	9	0	7	0	0	0	17	0	18	0	114	84	48	66	476	16	18	0	17	18	0	9	0	0	0	43	36	0	50	20	18	0	4	0	0	0	7	0	0	0	11	0	0	0	50	36	0	50	44	36	16	1	0	0	0	4	0	0	0	6	0	9	0	7	0	0	0	17	0	18	0	114	84	48	66	465	16	18	0	16	18	0	9	0	0	0	42	36	0	50	17	18	0	4	0	0	0	7	0	0	0	9	0	0	0	43	36	0	50	20	18	0	1	0	0	0	4	0	0	0	4	0	0	0	7	0	0	0	11	0	0	0	50	36	0	50	44	36	16	4	0	0	0	5	0	0	0	1	0	0	0	4	0	0	0	6	0	9	0	7	0	0	0	17	0	18	0	114	84	48	66
333	326	29	14	9	319	10	6	0	29	14	9	3	0	18	0	74	38	18	49	312	9	6	0	10	6	0	1	0	0	0	22	18	0	43	29	14	9	1	0	9	0	4	0	0	0	3	0	18	0	74	38	18	49	305	9	6	0	9	6	0	1	0	0	0	20	18	0	43	10	6	0	1	0	0	0	4	0	0	0	1	0	0	0	22	18	0	43	29	14	9	0	0	0	0	2	0	0	0	1	0	9	0	4	0	0	0	3	0	18	0	74	38	18	49	298	9	6	0	9	6	0	1	0	0	0	20	18	0	43	9	6	0	1	0	0	0	4	0	0	0	1	0	0	0	20	18	0	43	10	6	0	0	0	0	0	2	0	0	0	1	0	0	0	4	0	0	0	1	0	0	0	22	18	0	43	29	14	9	0	0	0	0	0	0	0	0	0	0	0	0	2	0	0	0	1	0	9	0	4	0	0	0	3	0	18	0	74	38	18	49
717	702	48	36	80	687	23	0	55	48	36	80	18	0	78	63	109	72	240	89	672	22	0	43	23	0	55	16	0	58	18	58	0	165	18	48	36	80	7	0	7	36	10	0	0	49	18	0	78	63	109	72	240	89	657	22	0	43	22	0	43	16	0	43	18	57	0	129	18	23	0	55	7	0	0	36	7	0	0	43	16	0	58	18	58	0	165	18	48	36	80	6	0	0	0	5	0	0	0	7	0	7	36	10	0	0	49	18	0	78	63	109	72	240	89	642	22	0	43	22	0	43	16	0	43	18	57	0	129	18	22	0	43	7	0	0	36	6	0	0	43	16	0	43	18	57	0	129	18	23	0	55	6	0	0	0	5	0	0	0	7	0	0	36	7	0	0	43	16	0	58	18	58	0	165	18	48	36	80	9	0	0	0	12	0	0	0	6	0	0	0	5	0	0	0	7	0	7	36	10	0	0	49	18	0	78	63	109	72	240	89
478	468	29	16	42	458	7	0	36	29	16	42	1	0	76	10	67	24	84	27	448	7	0	34	7	0	36	1	0	75	10	17	0	72	18	29	16	42	1	0	0	22	4	0	0	0	1	0	76	10	67	24	84	27	438	7	0	34	7	0	34	1	0	69	10	17	0	68	18	7	0	36	1	0	0	22	2	0	0	0	1	0	75	10	17	0	72	18	29	16	42	0	0	0	0	1	0	0	0	1	0	0	22	4	0	0	0	1	0	76	10	67	24	84	27	428	7	0	34	7	0	34	1	0	69	10	17	0	68	18	7	0	34	1	0	0	22	2	0	0	0	1	0	69	10	17	0	68	18	7	0	36	0	0	0	0	1	0	0	0	1	0	0	22	2	0	0	0	1	0	75	10	17	0	72	18	29	16	42	0	0	0	0	2	0	0	0	0	0	0	0	1	0	0	0	1	0	0	22	4	0	0	0	1	0	76	10	67	24	84	27
640	626	50	63	14	612	15	33	9	50	63	14	12	0	27	0	108	167	70	27	598	14	33	9	15	33	9	9	0	27	0	40	77	45	18	50	63	14	4	0	9	0	16	0	0	0	12	0	27	0	108	167	70	27	584	14	33	9	14	33	9	9	0	27	0	39	77	45	18	15	33	9	4	0	9	0	4	0	0	0	9	0	27	0	40	77	45	18	50	63	14	5	0	0	0	3	0	0	0	4	0	9	0	16	0	0	0	12	0	27	0	108	167	70	27	570	14	33	9	14	33	9	9	0	27	0	39	77	45	18	14	33	9	4	0	9	0	4	0	0	0	9	0	27	0	39	77	45	18	15	33	9	5	0	0	0	3	0	0	0	4	0	9	0	4	0	0	0	9	0	27	0	40	77	45	18	50	63	14	5	0	0	0	10	0	0	0	5	0	0	0	3	0	0	0	4	0	9	0	16	0	0	0	12	0	27	0	108	167	70	27
748	732	58	69	43	716	30	29	9	58	69	43	25	0	28	45	124	158	172	132	700	27	28	0	30	29	9	19	0	9	0	75	58	36	18	58	69	43	8	14	7	0	13	28	0	49	25	0	28	45	124	158	172	132	684	26	28	0	27	28	0	17	0	0	0	69	56	0	18	30	29	9	6	14	0	0	7	28	0	43	19	0	9	0	75	58	36	18	58	69	43	6	0	0	0	5	14	0	0	8	14	7	0	13	28	0	49	25	0	28	45	124	158	172	132	668	26	28	0	26	28	0	17	0	0	0	68	56	0	18	27	28	0	6	14	0	0	6	28	0	43	17	0	0	0	69	56	0	18	30	29	9	6	0	0	0	5	14	0	0	6	14	0	0	7	28	0	43	19	0	9	0	75	58	36	18	58	69	43	9	0	0	0	13	0	0	0	6	0	0	0	5	14	0	0	8	14	7	0	13	28	0	49	25	0	28	45	124	158	172	132
462	452	29	24	15	442	8	16	0	29	24	15	0	8	0	0	65	57	15	52	432	8	16	0	8	16	0	0	8	0	0	18	48	0	18	29	24	15	1	0	0	0	3	0	0	0	0	8	0	0	65	57	15	52	422	8	16	0	8	16	0	0	8	0	0	18	48	0	18	8	16	0	1	0	0	0	2	0	0	0	0	8	0	0	18	48	0	18	29	24	15	0	0	0	0	1	0	0	0	1	0	0	0	3	0	0	0	0	8	0	0	65	57	15	52	412	8	16	0	8	16	0	0	8	0	0	18	48	0	18	8	16	0	1	0	0	0	2	0	0	0	0	8	0	0	18	48	0	18	8	16	0	0	0	0	0	1	0	0	0	1	0	0	0	2	0	0	0	0	8	0	0	18	48	0	18	29	24	15	0	0	0	0	1	0	0	0	0	0	0	0	1	0	0	0	1	0	0	0	3	0	0	0	0	8	0	0	65	57	15	52
974	953	68	95	147	932	34	20	137	68	95	147	43	0	130	48	150	235	735	14	911	28	20	135	34	20	137	26	0	129	48	95	100	685	9	68	95	147	9	0	0	22	23	90	0	0	43	0	130	48	150	235	735	14	890	28	20	115	28	20	135	26	0	125	44	79	100	675	9	34	20	137	9	0	0	0	8	0	0	0	26	0	129	48	95	100	685	9	68	95	147	7	0	0	112	3	0	0	69	9	0	0	22	23	90	0	0	43	0	130	48	150	235	735	14	869	27	20	101	28	20	115	26	0	96	44	79	100	575	9	28	20	135	8	0	0	0	4	0	0	0	26	0	125	44	79	100	675	9	34	20	137	6	0	0	72	3	0	0	39	9	0	0	0	8	0	0	0	26	0	129	48	95	100	685	9	68	95	147	6	0	0	28	16	15	0	98	7	0	0	112	3	0	0	69	9	0	0	22	23	90	0	0	43	0	130	48	150	235	735	14
704	689	40	14	108	674	22	0	59	40	14	108	12	0	36	70	90	14	108	194	659	21	0	56	22	0	59	11	0	35	68	66	0	59	109	40	14	108	6	0	0	32	20	14	0	0	12	0	36	70	90	14	108	194	644	21	0	43	21	0	56	11	0	31	64	61	0	56	86	22	0	59	6	0	0	10	6	0	0	0	11	0	35	68	66	0	59	109	40	14	108	7	0	0	22	4	0	0	69	6	0	0	32	20	14	0	0	12	0	36	70	90	14	108	194	629	20	0	43	21	0	43	11	0	9	64	61	0	43	86	21	0	56	5	0	0	10	4	0	0	0	11	0	31	64	61	0	56	86	22	0	59	6	0	0	22	4	0	0	39	6	0	0	10	6	0	0	0	11	0	35	68	66	0	59	109	40	14	108	6	0	0	0	13	14	0	0	7	0	0	22	4	0	0	69	6	0	0	32	20	14	0	0	12	0	36	70	90	14	108	194
703	688	58	26	98	673	39	0	56	58	26	98	38	0	44	68	140	26	196	179	658	38	0	40	39	0	56	37	0	42	44	115	0	112	109	58	26	98	18	0	0	81	26	13	0	46	38	0	44	68	140	26	196	179	643	37	0	11	38	0	40	37	0	29	22	110	0	80	86	39	0	56	17	0	0	0	10	0	0	0	37	0	42	44	115	0	112	109	58	26	98	12	0	9	22	6	0	0	140	18	0	0	81	26	13	0	46	38	0	44	68	140	26	196	179	628	32	0	11	37	0	11	34	0	0	22	105	0	22	86	38	0	40	16	0	0	0	8	0	0	0	37	0	29	22	110	0	80	86	39	0	56	7	0	9	22	6	0	0	82	17	0	0	0	10	0	0	0	37	0	42	44	115	0	112	109	58	26	98	9	0	36	0	19	13	0	0	12	0	9	22	6	0	0	140	18	0	0	81	26	13	0	46	38	0	44	68	140	26	196	179
637	623	54	57	37	609	28	24	20	54	57	37	26	12	43	9	120	113	148	57	595	25	24	20	28	24	20	21	12	42	9	78	72	80	18	54	57	37	10	0	0	0	18	24	0	0	26	12	43	9	120	113	148	57	581	25	24	20	25	24	20	21	12	42	9	70	72	80	9	28	24	20	10	0	0	0	6	0	0	0	21	12	42	9	78	72	80	18	54	57	37	7	0	0	0	4	0	0	0	10	0	0	0	18	24	0	0	26	12	43	9	120	113	148	57	567	24	24	20	25	24	20	21	12	42	9	70	72	80	9	25	24	20	9	0	0	0	4	0	0	0	21	12	42	9	70	72	80	9	28	24	20	6	0	0	0	4	0	0	0	10	0	0	0	6	0	0	0	21	12	42	9	78	72	80	18	54	57	37	6	0	0	0	14	8	0	0	7	0	0	0	4	0	0	0	10	0	0	0	18	24	0	0	26	12	43	9	120	113	148	57
837	818	72	128	50	799	36	94	20	72	128	50	38	96	35	14	167	284	150	137	780	33	91	11	36	94	20	33	96	33	0	107	240	60	73	72	128	50	17	39	0	22	32	35	0	46	38	96	35	14	167	284	150	137	761	31	86	0	33	91	11	31	90	22	0	97	233	33	52	36	94	20	11	36	0	0	8	24	0	0	33	96	33	0	107	240	60	73	72	128	50	19	62	0	0	9	25	0	69	17	39	0	22	32	35	0	46	38	96	35	14	167	284	150	137	742	25	81	0	31	86	0	27	84	0	0	91	221	0	52	33	91	11	10	36	0	0	6	24	0	0	31	90	22	0	97	233	33	52	36	94	20	1	60	0	0	4	24	0	39	11	36	0	0	8	24	0	0	33	96	33	0	107	240	60	73	72	128	50	7	51	9	0	16	57	0	0	19	62	0	0	9	25	0	69	17	39	0	22	32	35	0	46	38	96	35	14	167	284	150	137
776	759	54	56	114	742	39	26	84	54	56	114	50	52	9	89	135	97	228	184	725	29	0	84	39	26	84	33	0	9	89	108	39	168	157	54	56	114	7	0	56	0	16	0	228	0	50	52	9	89	135	97	228	184	708	28	0	82	29	0	84	29	0	9	81	78	0	168	155	39	26	84	6	0	56	0	16	0	168	0	33	0	9	89	108	39	168	157	54	56	114	2	0	9	22	2	0	0	0	7	0	56	0	16	0	228	0	50	52	9	89	135	97	228	184	691	27	0	64	28	0	82	29	0	9	34	78	0	164	135	29	0	84	5	0	56	0	10	0	168	0	29	0	9	81	78	0	168	155	39	26	84	1	0	9	0	2	0	0	0	6	0	56	0	16	0	168	0	33	0	9	89	108	39	168	157	54	56	114	1	0	0	56	4	0	0	69	2	0	9	22	2	0	0	0	7	0	56	0	16	0	228	0	50	52	9	89	135	97	228	184
726	710	44	29	125	694	33	15	86	44	29	125	43	0	0	83	116	44	125	234	678	27	15	85	33	15	86	26	0	0	80	96	30	86	177	44	29	125	9	0	0	9	8	0	0	0	43	0	0	83	116	44	125	234	662	27	15	85	27	15	85	26	0	0	80	80	30	85	166	33	15	86	9	0	0	9	8	0	0	0	26	0	0	80	96	30	86	177	44	29	125	7	0	0	0	3	0	0	0	9	0	0	9	8	0	0	0	43	0	0	83	116	44	125	234	646	25	15	84	27	15	85	26	0	0	79	80	30	85	135	27	15	85	8	0	0	9	4	0	0	0	26	0	0	80	80	30	85	166	33	15	86	6	0	0	0	3	0	0	0	9	0	0	9	8	0	0	0	26	0	0	80	96	30	86	177	44	29	125	3	0	9	18	8	0	0	0	7	0	0	0	3	0	0	0	9	0	0	9	8	0	0	0	43	0	0	83	116	44	125	234
935	914	85	105	135	893	55	87	66	85	105	135	81	52	9	116	219	369	135	440	872	43	70	64	55	87	66	51	36	9	112	154	343	66	292	85	105	135	20	34	46	14	25	32	135	0	81	52	9	116	219	369	135	440	851	37	68	53	43	70	64	44	36	9	88	121	262	64	262	55	87	66	15	33	45	0	16	30	66	0	51	36	9	112	154	343	66	292	85	105	135	22	32	50	36	10	17	0	46	20	34	46	14	25	32	135	0	81	52	9	116	219	369	135	440	830	29	52	28	37	68	53	35	35	9	34	102	253	53	189	43	70	64	14	18	45	0	10	0	64	0	44	36	9	88	121	262	64	262	55	87	66	6	17	45	0	5	17	0	0	15	33	45	0	16	30	66	0	51	36	9	112	154	343	66	292	85	105	135	6	17	41	56	16	68	135	91	22	32	50	36	10	17	0	46	20	34	46	14	25	32	135	0	81	52	9	116	219	369	135	440
738	721	79	110	24	704	44	70	9	79	110	24	55	124	9	0	183	300	96	147	687	33	52	9	44	70	9	30	52	9	0	112	204	36	137	79	110	24	7	0	36	0	22	50	72	0	55	124	9	0	183	300	96	147	670	32	52	9	33	52	9	26	52	9	0	80	156	36	135	44	70	9	6	0	36	0	15	38	27	0	30	52	9	0	112	204	36	137	79	110	24	2	0	9	0	4	0	0	0	7	0	36	0	22	50	72	0	55	124	9	0	183	300	96	147	653	31	52	5	32	52	9	26	52	9	0	80	156	36	115	33	52	9	5	0	36	0	10	26	27	0	26	52	9	0	80	156	36	135	44	70	9	1	0	9	0	3	0	0	0	6	0	36	0	15	38	27	0	30	52	9	0	112	204	36	137	79	110	24	1	0	0	20	10	0	0	0	2	0	9	0	4	0	0	0	7	0	36	0	22	50	72	0	55	124	9	0	183	300	96	147
679	663	66	87	45	647	38	67	0	66	87	45	42	120	0	0	166	205	45	332	631	32	63	0	38	67	0	25	108	0	0	108	175	0	233	66	87	45	6	36	0	0	15	0	0	0	42	120	0	0	166	205	45	332	615	32	63	0	32	63	0	25	108	0	0	92	171	0	206	38	67	0	6	36	0	0	8	0	0	0	25	108	0	0	108	175	0	233	66	87	45	7	0	0	0	4	0	0	0	6	36	0	0	15	0	0	0	42	120	0	0	166	205	45	332	599	30	63	0	32	63	0	25	108	0	0	92	171	0	146	32	63	0	5	36	0	0	4	0	0	0	25	108	0	0	92	171	0	206	38	67	0	6	0	0	0	3	0	0	0	6	36	0	0	8	0	0	0	25	108	0	0	108	175	0	233	66	87	45	3	0	9	0	9	0	0	0	7	0	0	0	4	0	0	0	6	36	0	0	15	0	0	0	42	120	0	0	166	205	45	332
537	525	47	27	41	513	24	0	22	47	27	41	19	0	55	0	101	54	123	138	501	24	0	22	24	0	22	19	0	11	0	57	0	66	93	47	27	41	0	0	0	0	16	0	0	0	19	0	55	0	101	54	123	138	489	24	0	22	24	0	22	19	0	11	0	57	0	66	93	24	0	22	0	0	0	0	12	0	0	0	19	0	11	0	57	0	66	93	47	27	41	0	0	0	0	1	0	0	0	0	0	0	0	16	0	0	0	19	0	55	0	101	54	123	138	477	24	0	22	24	0	22	19	0	11	0	57	0	66	91	24	0	22	0	0	0	0	12	0	0	0	19	0	11	0	57	0	66	93	24	0	22	0	0	0	0	1	0	0	0	0	0	0	0	12	0	0	0	19	0	11	0	57	0	66	93	47	27	41	0	0	0	0	0	0	0	0	0	0	0	0	1	0	0	0	0	0	0	0	16	0	0	0	19	0	55	0	101	54	123	138
342	334	32	18	10	326	16	12	4	32	18	10	14	6	18	0	70	29	10	24	318	16	12	4	16	12	4	14	6	0	0	36	18	4	9	32	18	10	0	0	0	0	11	0	0	0	14	6	18	0	70	29	10	24	310	16	12	4	16	12	4	14	6	0	0	36	18	4	9	16	12	4	0	0	0	0	8	0	0	0	14	6	0	0	36	18	4	9	32	18	10	0	0	0	0	1	0	0	0	0	0	0	0	11	0	0	0	14	6	18	0	70	29	10	24	302	16	12	4	16	12	4	14	6	0	0	36	18	4	9	16	12	4	0	0	0	0	8	0	0	0	14	6	0	0	36	18	4	9	16	12	4	0	0	0	0	1	0	0	0	0	0	0	0	8	0	0	0	14	6	0	0	36	18	4	9	32	18	10	0	0	0	0	0	0	0	0	0	0	0	0	1	0	0	0	0	0	0	0	11	0	0	0	14	6	18	0	70	29	10	24
509	497	47	47	10	485	20	27	4	47	47	10	19	0	18	0	100	95	40	24	473	20	27	4	20	27	4	19	0	0	0	50	45	16	9	47	47	10	0	0	0	0	17	0	0	0	19	0	18	0	100	95	40	24	461	20	27	4	20	27	4	19	0	0	0	50	45	16	9	20	27	4	0	0	0	0	12	0	0	0	19	0	0	0	50	45	16	9	47	47	10	0	0	0	0	1	0	0	0	0	0	0	0	17	0	0	0	19	0	18	0	100	95	40	24	449	20	27	4	20	27	4	19	0	0	0	50	45	16	9	20	27	4	0	0	0	0	12	0	0	0	19	0	0	0	50	45	16	9	20	27	4	0	0	0	0	1	0	0	0	0	0	0	0	12	0	0	0	19	0	0	0	50	45	16	9	47	47	10	0	0	0	0	0	0	0	0	0	0	0	0	1	0	0	0	0	0	0	0	17	0	0	0	19	0	18	0	100	95	40	24
481	470	48	35	22	459	20	10	19	48	35	22	28	0	48	27	96	95	110	0	448	17	10	19	20	10	19	14	0	36	27	46	20	95	0	48	35	22	0	0	12	0	14	10	0	0	28	0	48	27	96	95	110	0	437	17	10	19	17	10	19	14	0	36	27	41	20	95	0	20	10	19	0	0	9	0	12	0	0	0	14	0	36	27	46	20	95	0	48	35	22	0	0	0	0	2	0	0	0	0	0	12	0	14	10	0	0	28	0	48	27	96	95	110	0	426	17	10	19	17	10	19	14	0	36	27	41	20	95	0	17	10	19	0	0	9	0	12	0	0	0	14	0	36	27	41	20	95	0	20	10	19	0	0	0	0	2	0	0	0	0	0	9	0	12	0	0	0	14	0	36	27	46	20	95	0	48	35	22	0	0	0	0	6	0	0	0	0	0	0	0	2	0	0	0	0	0	12	0	14	10	0	0	28	0	48	27	96	95	110	0
396	387	40	15	56	378	26	8	0	40	15	56	29	0	59	0	96	30	56	443	369	26	8	0	26	8	0	29	0	0	0	68	16	0	245	40	15	56	6	0	0	0	12	0	0	0	29	0	59	0	96	30	56	443	360	25	8	0	26	8	0	29	0	0	0	68	16	0	242	26	8	0	5	0	0	0	8	0	0	0	29	0	0	0	68	16	0	245	40	15	56	1	0	15	0	2	0	0	0	6	0	0	0	12	0	0	0	29	0	59	0	96	30	56	443	351	25	8	0	25	8	0	29	0	0	0	64	16	0	229	26	8	0	5	0	0	0	8	0	0	0	29	0	0	0	68	16	0	242	26	8	0	1	0	0	0	2	0	0	0	5	0	0	0	8	0	0	0	29	0	0	0	68	16	0	245	40	15	56	1	0	0	0	4	0	0	0	1	0	15	0	2	0	0	0	6	0	0	0	12	0	0	0	29	0	59	0	96	30	56	443
608	594	49	25	80	580	30	13	53	49	25	80	38	0	13	73	108	51	80	73	566	26	13	30	30	13	53	22	0	12	20	79	39	53	45	49	25	80	1	0	0	37	15	26	0	138	38	0	13	73	108	51	80	73	552	26	13	30	26	13	30	22	0	9	20	67	39	30	45	30	13	53	1	0	0	37	15	26	0	93	22	0	12	20	79	39	53	45	49	25	80	0	0	0	0	2	0	0	0	1	0	0	37	15	26	0	138	38	0	13	73	108	51	80	73	538	26	13	30	26	13	30	22	0	9	20	67	39	30	45	26	13	30	1	0	0	37	14	26	0	93	22	0	9	20	67	39	30	45	30	13	53	0	0	0	0	2	0	0	0	1	0	0	37	15	26	0	93	22	0	12	20	79	39	53	45	49	25	80	0	0	0	0	8	0	0	0	0	0	0	0	2	0	0	0	1	0	0	37	15	26	0	138	38	0	13	73	108	51	80	73
568	555	44	36	42	542	26	0	31	44	36	42	28	0	21	12	90	45	168	32	529	24	0	27	26	0	31	18	0	20	9	66	0	124	23	44	36	42	1	0	0	37	14	0	0	0	28	0	21	12	90	45	168	32	516	24	0	27	24	0	27	18	0	17	9	61	0	108	23	26	0	31	1	0	0	37	14	0	0	0	18	0	20	9	66	0	124	23	44	36	42	0	0	0	0	3	0	0	0	1	0	0	37	14	0	0	0	28	0	21	12	90	45	168	32	503	24	0	27	24	0	27	18	0	17	9	61	0	108	23	24	0	27	1	0	0	37	14	0	0	0	18	0	17	9	61	0	108	23	26	0	31	0	0	0	0	2	0	0	0	1	0	0	37	14	0	0	0	18	0	20	9	66	0	124	23	44	36	42	0	0	0	0	14	0	0	0	0	0	0	0	3	0	0	0	1	0	0	37	14	0	0	0	28	0	21	12	90	45	168	32
871	850	78	132	69	829	49	98	31	78	132	69	60	140	13	62	195	223	138	139	808	41	98	9	49	98	31	32	140	12	9	139	196	62	49	78	132	69	7	0	0	27	17	84	0	138	60	140	13	62	195	223	138	139	787	40	98	9	41	98	9	29	140	9	9	115	196	18	49	49	98	31	4	0	0	27	16	84	0	93	32	140	12	9	139	196	62	49	78	132	69	0	0	0	0	1	14	0	0	7	0	0	27	17	84	0	138	60	140	13	62	195	223	138	139	766	40	98	9	40	98	9	29	140	9	9	112	196	18	49	41	98	9	4	0	0	27	13	84	0	93	29	140	9	9	115	196	18	49	49	98	31	0	0	0	0	1	14	0	0	4	0	0	27	16	84	0	93	32	140	12	9	139	196	62	49	78	132	69	0	0	0	0	8	0	0	0	0	0	0	0	1	14	0	0	7	0	0	27	17	84	0	138	60	140	13	62	195	223	138	139
732	715	83	89	55	698	51	34	44	83	89	55	56	90	46	51	215	208	275	22	681	47	16	19	51	34	44	47	0	45	9	153	93	220	19	83	89	55	16	0	27	37	30	32	110	159	56	90	46	51	215	208	275	22	664	45	16	18	47	16	19	46	0	39	9	139	48	95	19	51	34	44	9	0	26	36	26	32	88	75	47	0	45	9	153	93	220	19	83	89	55	31	0	11	9	9	14	0	0	16	0	27	37	30	32	110	159	56	90	46	51	215	208	275	22	647	39	16	18	45	16	18	42	0	36	9	133	48	90	19	47	16	19	9	0	10	36	25	32	38	73	46	0	39	9	139	48	95	19	51	34	44	13	0	11	9	3	9	0	0	9	0	26	36	26	32	88	75	47	0	45	9	153	93	220	19	83	89	55	18	0	0	0	22	84	0	0	31	0	11	9	9	14	0	0	16	0	27	37	30	32	110	159	56	90	46	51	215	208	275	22
618	603	53	75	19	588	24	50	0	53	75	19	30	40	0	0	121	180	57	73	573	20	50	0	24	50	0	14	40	0	0	60	160	0	45	53	75	19	1	0	0	0	15	20	0	0	30	40	0	0	121	180	57	73	558	20	50	0	20	50	0	14	40	0	0	48	160	0	45	24	50	0	1	0	0	0	13	20	0	0	14	40	0	0	60	160	0	45	53	75	19	0	0	0	0	2	0	0	0	1	0	0	0	15	20	0	0	30	40	0	0	121	180	57	73	543	20	50	0	20	50	0	14	40	0	0	48	160	0	45	20	50	0	1	0	0	0	12	20	0	0	14	40	0	0	48	160	0	45	24	50	0	0	0	0	0	2	0	0	0	1	0	0	0	13	20	0	0	14	40	0	0	60	160	0	45	53	75	19	0	0	0	0	8	0	0	0	0	0	0	0	2	0	0	0	1	0	0	0	15	20	0	0	30	40	0	0	121	180	57	73
473	462	28	0	73	451	15	0	42	28	0	73	10	0	30	71	80	0	0	116	440	14	0	41	15	0	42	9	0	11	67	46	0	0	75	28	0	73	1	0	12	12	8	0	0	0	10	0	30	71	80	0	0	116	429	14	0	37	14	0	41	9	0	11	54	45	0	0	46	15	0	42	1	0	11	9	8	0	0	0	9	0	11	67	46	0	0	75	28	0	73	0	0	0	37	3	0	0	0	1	0	12	12	8	0	0	0	10	0	30	71	80	0	0	116	418	14	0	36	14	0	37	9	0	10	53	45	0	0	45	14	0	41	1	0	11	9	8	0	0	0	9	0	11	54	45	0	0	46	15	0	42	0	0	0	36	0	0	0	0	1	0	11	9	8	0	0	0	9	0	11	67	46	0	0	75	28	0	73	5	0	0	9	22	0	0	0	0	0	0	37	3	0	0	0	1	0	12	12	8	0	0	0	10	0	30	71	80	0	0	116
469	458	47	28	30	447	28	0	11	47	28	30	27	0	30	11	125	70	120	97	436	27	0	11	28	0	11	26	0	11	11	85	0	44	75	47	28	30	12	0	12	0	25	0	0	0	27	0	30	11	125	70	120	97	425	26	0	10	27	0	11	26	0	11	10	84	0	44	46	28	0	11	8	0	11	0	15	0	0	0	26	0	11	11	85	0	44	75	47	28	30	30	0	0	10	12	7	0	0	12	0	12	0	25	0	0	0	27	0	30	11	125	70	120	97	414	20	0	9	26	0	10	22	0	10	9	79	0	40	45	27	0	11	8	0	11	0	15	0	0	0	26	0	11	10	84	0	44	46	28	0	11	12	0	0	9	1	0	0	0	8	0	11	0	15	0	0	0	26	0	11	11	85	0	44	75	47	28	30	17	0	0	9	18	42	0	0	30	0	0	10	12	7	0	0	12	0	12	0	25	0	0	0	27	0	30	11	125	70	120	97
586	572	76	60	33	558	43	24	23	76	60	33	48	12	54	11	197	204	165	55	544	37	24	23	43	24	23	35	12	35	11	123	96	115	44	76	60	33	13	0	48	0	38	26	0	0	48	12	54	11	197	204	165	55	530	36	24	21	37	24	23	35	12	35	10	109	96	115	19	43	24	23	9	0	47	0	18	24	0	0	35	12	35	11	123	96	115	44	76	60	33	41	0	0	21	21	7	0	0	13	0	48	0	38	26	0	0	48	12	54	11	197	204	165	55	516	28	19	18	36	24	21	31	12	32	9	104	96	105	18	37	24	23	9	0	47	0	15	24	0	0	35	12	35	10	109	96	115	19	43	24	23	13	0	0	18	4	0	0	0	9	0	47	0	18	24	0	0	35	12	35	11	123	96	115	44	76	60	33	16	35	0	27	24	61	0	0	41	0	0	21	21	7	0	0	13	0	48	0	38	26	0	0	48	12	54	11	197	204	165	55
573	559	56	54	49	545	32	41	0	56	54	49	34	42	18	0	159	144	49	265	531	30	40	0	32	41	0	28	40	0	0	95	123	0	159	56	54	49	6	10	0	0	26	20	0	0	34	42	18	0	159	144	49	265	517	30	40	0	30	40	0	28	40	0	0	88	120	0	85	32	41	0	6	10	0	0	24	20	0	0	28	40	0	0	95	123	0	159	56	54	49	14	0	0	0	5	0	0	0	6	10	0	0	26	20	0	0	34	42	18	0	159	144	49	265	503	28	40	0	30	40	0	28	40	0	0	88	120	0	84	30	40	0	6	10	0	0	23	20	0	0	28	40	0	0	88	120	0	85	32	41	0	12	0	0	0	2	0	0	0	6	10	0	0	24	20	0	0	28	40	0	0	95	123	0	159	56	54	49	13	0	0	0	21	18	0	0	14	0	0	0	5	0	0	0	6	10	0	0	26	20	0	0	34	42	18	0	159	144	49	265
416	406	37	16	37	396	19	16	0	37	16	37	19	0	18	0	97	48	0	185	386	19	16	0	19	16	0	19	0	0	0	53	48	0	106	37	16	37	1	0	0	0	15	0	0	0	19	0	18	0	97	48	0	185	376	19	16	0	19	16	0	19	0	0	0	53	48	0	55	19	16	0	1	0	0	0	14	0	0	0	19	0	0	0	53	48	0	106	37	16	37	0	0	0	0	4	0	0	0	1	0	0	0	15	0	0	0	19	0	18	0	97	48	0	185	366	19	16	0	19	16	0	19	0	0	0	53	48	0	54	19	16	0	1	0	0	0	14	0	0	0	19	0	0	0	53	48	0	55	19	16	0	0	0	0	0	1	0	0	0	1	0	0	0	14	0	0	0	19	0	0	0	53	48	0	106	37	16	37	5	0	0	0	22	0	0	0	0	0	0	0	4	0	0	0	1	0	0	0	15	0	0	0	19	0	18	0	97	48	0	185
501	489	60	27	52	477	39	0	34	60	27	52	49	0	54	48	148	45	156	63	465	35	0	33	39	0	34	41	0	48	45	112	0	102	34	60	27	52	19	0	0	11	26	36	0	0	49	0	54	48	148	45	156	63	453	30	0	33	35	0	33	33	0	47	45	102	0	99	34	39	0	34	7	0	0	11	14	0	0	0	41	0	48	45	112	0	102	34	60	27	52	35	0	0	0	14	36	0	0	19	0	0	11	26	36	0	0	49	0	54	48	148	45	156	63	441	22	0	31	30	0	33	29	0	47	41	88	0	99	31	35	0	33	7	0	0	10	14	0	0	0	33	0	47	45	102	0	99	34	39	0	34	12	0	0	0	4	0	0	0	7	0	0	11	14	0	0	0	41	0	48	45	112	0	102	34	60	27	52	15	0	7	21	9	0	0	0	35	0	0	0	14	36	0	0	19	0	0	11	26	36	0	0	49	0	54	48	148	45	156	63
812	792	102	133	70	772	60	85	50	102	133	70	63	116	51	57	251	377	280	63	752	54	80	40	60	85	50	49	112	48	12	166	283	200	34	102	133	70	21	54	0	16	43	78	0	55	63	116	51	57	251	377	280	63	732	46	54	39	54	80	40	41	96	48	12	149	260	160	34	60	85	50	10	14	0	15	18	30	0	44	49	112	48	12	166	283	200	34	102	133	70	35	160	53	15	22	40	70	0	21	54	0	16	43	78	0	55	63	116	51	57	251	377	280	63	712	38	10	20	46	54	39	34	40	48	11	128	162	156	31	54	80	40	10	10	0	0	17	28	0	19	41	96	48	12	149	260	160	34	60	85	50	21	0	53	0	9	0	50	0	10	14	0	15	18	30	0	44	49	112	48	12	166	283	200	34	102	133	70	12	40	48	38	14	15	280	135	35	160	53	15	22	40	70	0	21	54	0	16	43	78	0	55	63	116	51	57	251	377	280	63
734	715	96	135	37	696	50	114	9	96	135	37	62	153	0	45	249	384	37	112	677	43	108	0	50	114	9	40	153	0	0	152	343	9	34	96	135	37	13	66	0	0	49	84	0	55	62	153	0	45	249	384	37	112	658	41	94	0	43	108	0	37	135	0	0	134	325	0	34	50	114	9	6	54	0	0	21	71	0	44	40	153	0	0	152	343	9	34	96	135	37	28	136	0	0	19	11	0	0	13	66	0	0	49	84	0	55	62	153	0	45	249	384	37	112	639	34	70	0	41	94	0	33	113	0	0	126	284	0	31	43	108	0	6	54	0	0	19	69	0	19	37	135	0	0	134	325	0	34	50	114	9	2	108	0	0	4	9	0	0	6	54	0	0	21	71	0	44	40	153	0	0	152	343	9	34	96	135	37	12	70	7	0	8	9	74	0	28	136	0	0	19	11	0	0	13	66	0	0	49	84	0	55	62	153	0	45	249	384	37	112
402	392	49	28	14	382	29	16	0	49	28	14	37	0	0	0	118	50	28	63	372	27	16	0	29	16	0	33	0	0	0	86	32	0	34	49	28	14	13	0	0	0	24	12	0	0	37	0	0	0	118	50	28	63	362	25	16	0	27	16	0	31	0	0	0	81	32	0	34	29	16	0	7	0	0	0	12	0	0	0	33	0	0	0	86	32	0	34	49	28	14	35	0	0	0	13	6	0	0	13	0	0	0	24	12	0	0	37	0	0	0	118	50	28	63	352	17	16	0	25	16	0	27	0	0	0	75	32	0	31	27	16	0	7	0	0	0	12	0	0	0	31	0	0	0	81	32	0	34	29	16	0	12	0	0	0	1	0	0	0	7	0	0	0	12	0	0	0	33	0	0	0	86	32	0	34	49	28	14	15	0	7	0	5	0	0	0	35	0	0	0	13	6	0	0	13	0	0	0	24	12	0	0	37	0	0	0	118	50	28	63
654	637	84	110	7	620	45	76	0	84	110	7	49	99	0	0	195	275	35	33	603	40	76	0	45	76	0	38	99	0	0	129	204	0	23	84	110	7	21	0	0	0	35	31	0	0	49	99	0	0	195	275	35	33	586	35	71	0	40	76	0	30	99	0	0	119	204	0	23	45	76	0	9	0	0	0	16	11	0	0	38	99	0	0	129	204	0	23	84	110	7	42	25	0	0	27	20	0	0	21	0	0	0	35	31	0	0	49	99	0	0	195	275	35	33	569	26	63	0	35	71	0	26	99	0	0	105	179	0	21	40	76	0	9	0	0	0	16	11	0	0	30	99	0	0	119	204	0	23	45	76	0	14	0	0	0	8	0	0	0	9	0	0	0	16	11	0	0	38	99	0	0	129	204	0	23	84	110	7	17	30	7	0	19	24	7	0	42	25	0	0	27	20	0	0	21	0	0	0	35	31	0	0	49	99	0	0	195	275	35	33
607	592	53	27	86	577	40	14	45	53	27	86	51	0	0	41	134	54	86	180	562	35	14	41	40	14	45	43	0	0	36	111	28	45	93	53	27	86	15	0	10	48	12	0	0	0	51	0	0	41	134	54	86	180	547	24	14	40	35	14	41	31	0	0	35	96	28	41	73	40	14	45	7	0	0	45	12	0	0	0	43	0	0	36	111	28	45	93	53	27	86	12	0	61	11	4	0	0	0	15	0	10	48	12	0	0	0	51	0	0	41	134	54	86	180	532	21	14	40	24	14	40	23	0	0	35	61	28	40	72	35	14	41	6	0	0	45	12	0	0	0	31	0	0	35	96	28	41	73	40	14	45	12	0	0	11	4	0	0	0	7	0	0	45	12	0	0	0	43	0	0	36	111	28	45	93	53	27	86	9	0	26	0	9	0	0	0	12	0	61	11	4	0	0	0	15	0	10	48	12	0	0	0	51	0	0	41	134	54	86	180
688	671	54	68	80	654	37	38	47	54	68	80	38	76	0	38	133	122	160	143	637	30	12	46	37	38	47	34	24	0	36	101	74	94	84	54	68	80	8	24	63	12	9	0	160	0	38	76	0	38	133	122	160	143	620	20	0	46	30	12	46	18	0	0	36	82	12	92	73	37	38	47	2	0	50	12	9	0	94	0	34	24	0	36	101	74	94	84	54	68	80	0	0	71	0	5	0	80	0	8	24	63	12	9	0	160	0	38	76	0	38	133	122	160	143	603	19	0	46	20	0	46	14	0	0	36	52	0	92	72	30	12	46	1	0	50	12	9	0	92	0	18	0	0	36	82	12	92	73	37	38	47	0	0	24	0	5	0	47	0	2	0	50	12	9	0	94	0	34	24	0	36	101	74	94	84	54	68	80	3	0	10	0	8	0	0	0	0	0	71	0	5	0	80	0	8	24	63	12	9	0	160	0	38	76	0	38	133	122	160	143
489	477	38	27	43	465	24	0	36	38	27	43	30	0	0	26	90	63	129	7	453	20	0	35	24	0	36	22	0	0	24	62	0	108	0	38	27	43	8	0	0	12	5	0	0	0	30	0	0	26	90	63	129	7	441	15	0	35	20	0	35	14	0	0	24	52	0	105	0	24	0	36	0	0	0	12	5	0	0	0	22	0	0	24	62	0	108	0	38	27	43	0	0	5	0	4	0	0	0	8	0	0	12	5	0	0	0	30	0	0	26	90	63	129	7	429	15	0	35	15	0	35	14	0	0	24	38	0	105	0	20	0	35	0	0	0	12	5	0	0	0	14	0	0	24	52	0	105	0	24	0	36	0	0	0	0	4	0	0	0	0	0	0	12	5	0	0	0	22	0	0	24	62	0	108	0	38	27	43	3	0	0	0	7	0	0	0	0	0	5	0	4	0	0	0	8	0	0	12	5	0	0	0	30	0	0	26	90	63	129	7
656	639	77	109	24	622	44	83	0	77	109	24	45	110	0	0	190	284	48	129	605	39	63	0	44	83	0	33	70	0	0	124	233	0	84	77	109	24	13	42	10	0	22	30	48	0	45	110	0	0	190	284	48	129	588	30	42	0	39	63	0	25	28	0	0	107	182	0	73	44	83	0	7	0	0	0	13	28	0	0	33	70	0	0	124	233	0	84	77	109	24	21	0	45	0	15	45	72	0	13	42	10	0	22	30	48	0	45	110	0	0	190	284	48	129	571	25	42	0	30	42	0	17	28	0	0	80	126	0	72	39	63	0	6	0	0	0	13	28	0	0	25	28	0	0	107	182	0	73	44	83	0	11	0	0	0	8	42	0	0	7	0	0	0	13	28	0	0	33	70	0	0	124	233	0	84	77	109	24	4	0	10	0	13	55	0	0	21	0	45	0	15	45	72	0	13	42	10	0	22	30	48	0	45	110	0	0	190	284	48	129
459	447	47	47	15	435	27	32	0	47	47	15	35	24	0	0	112	97	30	77	423	22	32	0	27	32	0	27	24	0	0	75	72	0	50	47	47	15	9	0	10	0	10	0	0	0	35	24	0	0	112	97	30	77	411	13	32	0	22	32	0	15	24	0	0	60	72	0	40	27	32	0	1	0	0	0	7	0	0	0	27	24	0	0	75	72	0	50	47	47	15	5	0	45	0	13	0	0	0	9	0	10	0	10	0	0	0	35	24	0	0	112	97	30	77	399	11	32	0	13	32	0	11	24	0	0	34	72	0	39	22	32	0	0	0	0	0	7	0	0	0	15	24	0	0	60	72	0	40	27	32	0	0	0	0	0	4	0	0	0	1	0	0	0	7	0	0	0	27	24	0	0	75	72	0	50	47	47	15	3	0	10	0	14	9	0	0	5	0	45	0	13	0	0	0	9	0	10	0	10	0	0	0	35	24	0	0	112	97	30	77
396	386	35	24	17	376	15	0	8	35	24	17	15	0	8	0	85	54	68	43	366	15	0	8	15	0	8	15	0	8	0	39	0	32	36	35	24	17	1	0	0	0	6	0	0	0	15	0	8	0	85	54	68	43	356	15	0	8	15	0	8	15	0	8	0	39	0	32	35	15	0	8	1	0	0	0	6	0	0	0	15	0	8	0	39	0	32	36	35	24	17	0	0	0	0	3	0	0	0	1	0	0	0	6	0	0	0	15	0	8	0	85	54	68	43	346	15	0	8	15	0	8	15	0	8	0	39	0	32	35	15	0	8	1	0	0	0	6	0	0	0	15	0	8	0	39	0	32	35	15	0	8	0	0	0	0	3	0	0	0	1	0	0	0	6	0	0	0	15	0	8	0	39	0	32	36	35	24	17	0	0	0	0	0	0	0	0	0	0	0	0	3	0	0	0	1	0	0	0	6	0	0	0	15	0	8	0	85	54	68	43
438	427	45	18	47	416	24	0	0	45	18	47	26	0	38	0	110	45	94	248	405	20	0	0	24	0	0	18	0	0	0	62	0	0	128	45	18	47	1	0	33	0	8	0	0	0	26	0	38	0	110	45	94	248	394	20	0	0	20	0	0	18	0	0	0	53	0	0	122	24	0	0	1	0	0	0	8	0	0	0	18	0	0	0	62	0	0	128	45	18	47	0	0	0	0	6	0	0	0	1	0	33	0	8	0	0	0	26	0	38	0	110	45	94	248	383	20	0	0	20	0	0	18	0	0	0	53	0	0	121	20	0	0	1	0	0	0	8	0	0	0	18	0	0	0	53	0	0	122	24	0	0	0	0	0	0	6	0	0	0	1	0	0	0	8	0	0	0	18	0	0	0	62	0	0	128	45	18	47	0	0	0	0	5	0	0	0	0	0	0	0	6	0	0	0	1	0	33	0	8	0	0	0	26	0	38	0	110	45	94	248
391	381	49	17	34	371	25	9	0	49	17	34	36	0	38	0	122	60	34	162	361	19	9	0	25	9	0	20	0	0	0	65	36	0	83	49	17	34	5	0	33	0	6	18	0	0	36	0	38	0	122	60	34	162	351	18	9	0	19	9	0	18	0	0	0	49	36	0	81	25	9	0	1	0	0	0	6	18	0	0	20	0	0	0	65	36	0	83	49	17	34	0	0	0	0	5	9	0	0	5	0	33	0	6	18	0	0	36	0	38	0	122	60	34	162	341	18	9	0	18	9	0	18	0	0	0	47	36	0	81	19	9	0	1	0	0	0	6	18	0	0	18	0	0	0	49	36	0	81	25	9	0	0	0	0	0	5	9	0	0	1	0	0	0	6	18	0	0	20	0	0	0	65	36	0	83	49	17	34	0	0	0	0	5	0	0	0	0	0	0	0	5	9	0	0	5	0	33	0	6	18	0	0	36	0	38	0	122	60	34	162
301	293	32	21	0	285	13	12	0	32	21	0	22	6	0	0	85	36	0	0	277	11	12	0	13	12	0	14	6	0	0	38	24	0	0	32	21	0	5	0	0	0	4	12	0	0	22	6	0	0	85	36	0	0	269	10	12	0	11	12	0	12	6	0	0	31	24	0	0	13	12	0	1	0	0	0	4	12	0	0	14	6	0	0	38	24	0	0	32	21	0	0	0	0	0	2	6	0	0	5	0	0	0	4	12	0	0	22	6	0	0	85	36	0	0	261	10	12	0	10	12	0	12	6	0	0	29	24	0	0	11	12	0	1	0	0	0	4	12	0	0	12	6	0	0	31	24	0	0	13	12	0	0	0	0	0	2	6	0	0	1	0	0	0	4	12	0	0	14	6	0	0	38	24	0	0	32	21	0	0	0	0	0	0	0	0	0	0	0	0	0	2	6	0	0	5	0	0	0	4	12	0	0	22	6	0	0	85	36	0	0
568	552	59	95	0	536	18	63	0	59	95	0	9	108	0	0	143	248	0	0	520	18	63	0	18	63	0	9	108	0	0	46	162	0	0	59	95	0	5	0	0	0	7	0	0	0	9	108	0	0	143	248	0	0	504	18	63	0	18	63	0	9	108	0	0	46	162	0	0	18	63	0	5	0	0	0	7	0	0	0	9	108	0	0	46	162	0	0	59	95	0	5	0	0	0	9	0	0	0	5	0	0	0	7	0	0	0	9	108	0	0	143	248	0	0	488	18	63	0	18	63	0	9	108	0	0	46	162	0	0	18	63	0	5	0	0	0	7	0	0	0	9	108	0	0	46	162	0	0	18	63	0	5	0	0	0	9	0	0	0	5	0	0	0	7	0	0	0	9	108	0	0	46	162	0	0	59	95	0	1	0	0	0	3	0	0	0	5	0	0	0	9	0	0	0	5	0	0	0	7	0	0	0	9	108	0	0	143	248	0	0
583	568	43	26	91	553	22	0	67	43	26	91	20	0	69	46	105	39	182	64	538	22	0	46	22	0	67	20	0	61	8	58	0	134	8	43	26	91	3	0	0	27	6	0	0	104	20	0	69	46	105	39	182	64	523	22	0	45	22	0	46	20	0	26	8	58	0	92	8	22	0	67	3	0	0	26	6	0	0	47	20	0	61	8	58	0	134	8	43	26	91	8	0	0	12	7	0	0	0	3	0	0	27	6	0	0	104	20	0	69	46	105	39	182	64	508	22	0	45	22	0	45	20	0	24	8	58	0	90	8	22	0	46	3	0	0	26	6	0	0	46	20	0	26	8	58	0	92	8	22	0	67	8	0	0	12	7	0	0	0	3	0	0	26	6	0	0	47	20	0	61	8	58	0	134	8	43	26	91	0	0	0	0	7	0	0	0	8	0	0	12	7	0	0	0	3	0	0	27	6	0	0	104	20	0	69	46	105	39	182	64
351	342	30	0	39	333	14	0	25	30	0	39	15	0	28	0	74	0	0	17	324	14	0	24	14	0	25	15	0	28	0	35	0	0	8	30	0	39	1	0	0	13	4	0	0	0	15	0	28	0	74	0	0	17	315	14	0	23	14	0	24	15	0	26	0	35	0	0	8	14	0	25	1	0	0	12	4	0	0	0	15	0	28	0	35	0	0	8	30	0	39	0	0	0	12	2	0	0	0	1	0	0	13	4	0	0	0	15	0	28	0	74	0	0	17	306	14	0	23	14	0	23	15	0	24	0	35	0	0	8	14	0	24	1	0	0	12	4	0	0	0	15	0	26	0	35	0	0	8	14	0	25	0	0	0	12	2	0	0	0	1	0	0	12	4	0	0	0	15	0	28	0	35	0	0	8	30	0	39	0	0	0	0	1	0	0	0	0	0	0	12	2	0	0	0	1	0	0	13	4	0	0	0	15	0	28	0	74	0	0	17
658	641	64	60	102	624	29	0	98	64	60	102	31	0	141	0	145	180	510	0	607	25	0	93	29	0	98	20	0	141	0	70	0	490	0	64	60	102	4	0	50	53	20	0	0	0	31	0	141	0	145	180	510	0	590	25	0	81	25	0	93	20	0	123	0	63	0	465	0	29	0	98	4	0	50	12	7	0	0	0	20	0	141	0	70	0	490	0	64	60	102	14	0	0	29	8	0	0	70	4	0	50	53	20	0	0	0	31	0	141	0	145	180	510	0	573	24	0	81	25	0	81	20	0	80	0	63	0	405	0	25	0	93	4	0	46	12	5	0	0	0	20	0	123	0	63	0	465	0	29	0	98	9	0	0	29	6	0	0	50	4	0	50	12	7	0	0	0	20	0	141	0	70	0	490	0	64	60	102	1	0	0	0	5	12	0	0	14	0	0	29	8	0	0	70	4	0	50	53	20	0	0	0	31	0	141	0	145	180	510	0
514	500	50	63	19	486	21	33	9	50	63	19	23	22	27	0	108	138	76	17	472	19	33	9	21	33	9	17	22	27	0	51	66	36	8	50	63	19	3	0	18	0	12	0	0	0	23	22	27	0	108	138	76	17	458	19	33	9	19	33	9	17	22	27	0	49	66	36	8	21	33	9	3	0	18	0	4	0	0	0	17	22	27	0	51	66	36	8	50	63	19	8	0	0	0	6	0	0	0	3	0	18	0	12	0	0	0	23	22	27	0	108	138	76	17	444	19	33	9	19	33	9	17	22	27	0	49	66	36	8	19	33	9	3	0	18	0	4	0	0	0	17	22	27	0	49	66	36	8	21	33	9	8	0	0	0	4	0	0	0	3	0	18	0	4	0	0	0	17	22	27	0	51	66	36	8	50	63	19	0	0	0	0	4	0	0	0	8	0	0	0	6	0	0	0	3	0	18	0	12	0	0	0	23	22	27	0	108	138	76	17
605	589	56	62	54	573	28	29	19	56	62	54	32	0	41	38	131	167	162	98	557	26	28	0	28	29	19	24	0	33	0	71	101	57	8	56	62	54	6	14	0	0	10	28	0	104	32	0	41	38	131	167	162	98	541	25	28	0	26	28	0	22	0	0	0	64	98	0	8	28	29	19	2	14	0	0	8	28	0	47	24	0	33	0	71	101	57	8	56	62	54	8	0	0	0	8	14	0	0	6	14	0	0	10	28	0	104	32	0	41	38	131	167	162	98	525	25	28	0	25	28	0	22	0	0	0	62	98	0	8	26	28	0	2	14	0	0	8	28	0	46	22	0	0	0	64	98	0	8	28	29	19	8	0	0	0	8	14	0	0	2	14	0	0	8	28	0	47	24	0	33	0	71	101	57	8	56	62	54	0	0	0	0	7	0	0	0	8	0	0	0	8	14	0	0	6	14	0	0	10	28	0	104	32	0	41	38	131	167	162	98
569	554	44	14	126	539	27	0	72	44	14	126	18	0	37	132	105	0	126	266	524	27	0	68	27	0	72	18	0	32	124	74	0	72	193	44	14	126	5	0	0	38	22	0	0	0	18	0	37	132	105	0	126	266	509	27	0	44	27	0	68	18	0	32	79	74	0	68	148	27	0	72	5	0	0	0	7	0	0	0	18	0	32	124	74	0	72	193	44	14	126	14	0	0	53	11	0	0	104	5	0	0	38	22	0	0	0	18	0	37	132	105	0	126	266	494	26	0	33	27	0	44	18	0	28	66	74	0	44	135	27	0	68	5	0	0	0	7	0	0	0	18	0	32	79	74	0	68	148	27	0	72	9	0	0	12	9	0	0	47	5	0	0	0	7	0	0	0	18	0	32	124	74	0	72	193	44	14	126	1	0	0	12	7	0	0	70	14	0	0	53	11	0	0	104	5	0	0	38	22	0	0	0	18	0	37	132	105	0	126	266
604	588	68	48	103	572	41	0	77	68	48	103	49	0	100	92	173	96	412	121	556	36	0	77	41	0	77	34	0	94	92	115	0	308	107	68	48	103	15	0	0	0	27	60	0	0	49	0	100	92	173	96	412	121	540	32	0	71	36	0	77	31	0	94	85	100	0	308	102	41	0	77	6	0	0	0	10	0	0	0	34	0	94	92	115	0	308	107	68	48	103	20	0	27	61	7	12	0	0	15	0	0	0	27	60	0	0	49	0	100	92	173	96	412	121	524	28	0	51	32	0	71	22	0	88	71	88	0	284	90	36	0	77	6	0	0	0	8	0	0	0	31	0	94	85	100	0	308	102	41	0	77	9	0	27	12	5	0	0	0	6	0	0	0	10	0	0	0	34	0	94	92	115	0	308	107	68	48	103	1	0	27	29	4	0	0	107	20	0	27	61	7	12	0	0	15	0	0	0	27	60	0	0	49	0	100	92	173	96	412	121
512	498	51	52	54	484	27	24	22	51	52	54	21	12	48	18	124	82	162	175	470	25	24	22	27	24	22	15	12	44	18	78	36	66	126	51	52	54	5	0	0	0	20	18	0	0	21	12	48	18	124	82	162	175	456	25	24	22	25	24	22	15	12	44	18	71	36	66	102	27	24	22	5	0	0	0	6	0	0	0	15	12	44	18	78	36	66	126	51	52	54	14	0	0	0	9	0	0	0	5	0	0	0	20	18	0	0	21	12	48	18	124	82	162	175	442	24	24	22	25	24	22	15	12	44	18	71	36	66	90	25	24	22	5	0	0	0	5	0	0	0	15	12	44	18	71	36	66	102	27	24	22	9	0	0	0	6	0	0	0	5	0	0	0	6	0	0	0	15	12	44	18	78	36	66	126	51	52	54	1	0	0	0	5	0	0	0	14	0	0	0	9	0	0	0	5	0	0	0	20	18	0	0	21	12	48	18	124	82	162	175
688	669	93	116	69	650	57	65	54	93	116	69	71	17	45	32	246	294	345	102	631	50	64	52	57	65	54	50	17	44	28	164	181	270	98	93	116	69	17	15	0	14	40	75	0	0	71	17	45	32	246	294	345	102	612	44	58	35	50	64	52	47	17	44	10	145	181	260	93	57	65	54	8	15	0	0	19	15	0	0	50	17	44	28	164	181	270	98	93	116	69	17	66	27	73	12	42	0	24	17	15	0	14	40	75	0	0	71	17	45	32	246	294	345	102	593	36	47	7	44	58	35	34	16	38	0	126	161	175	81	50	64	52	8	15	0	0	16	15	0	0	47	17	44	10	145	181	260	93	57	65	54	11	16	27	0	9	32	0	0	8	15	0	0	19	15	0	0	50	17	44	28	164	181	270	98	93	116	69	4	16	57	35	10	32	69	114	17	66	27	73	12	42	0	24	17	15	0	14	40	75	0	0	71	17	45	32	246	294	345	102
664	645	69	118	69	626	35	94	23	69	118	69	33	56	15	32	166	275	138	266	607	33	92	21	35	94	23	25	56	14	28	99	244	46	193	69	118	69	10	24	0	14	31	24	0	0	33	56	15	32	166	275	138	266	588	30	84	10	33	92	21	23	48	14	10	92	238	42	148	35	94	23	6	24	0	0	8	24	0	0	25	56	14	28	99	244	46	193	69	118	69	9	96	0	40	14	36	0	24	10	24	0	14	31	24	0	0	33	56	15	32	166	275	138	266	569	27	84	0	30	84	10	19	48	10	0	83	216	20	135	33	92	21	6	24	0	0	8	24	0	0	23	48	14	10	92	238	42	148	35	94	23	4	96	0	0	8	36	0	0	6	24	0	0	8	24	0	0	25	56	14	28	99	244	46	193	69	118	69	7	0	0	0	11	24	0	70	9	96	0	40	14	36	0	24	10	24	0	14	31	24	0	0	33	56	15	32	166	275	138	266
655	637	54	47	133	619	36	17	86	54	47	133	43	0	34	78	148	96	266	295	601	30	17	83	36	17	86	25	0	34	71	102	51	172	176	54	47	133	9	0	0	36	11	0	0	0	43	0	34	78	148	96	266	295	583	28	17	83	30	17	83	22	0	34	71	83	51	166	172	36	17	86	6	0	0	36	10	0	0	0	25	0	34	71	102	51	172	176	54	47	133	9	0	10	0	5	0	0	0	9	0	0	36	11	0	0	0	43	0	34	78	148	96	266	295	565	28	17	83	28	17	83	22	0	34	71	77	51	166	138	30	17	83	6	0	0	36	7	0	0	0	22	0	34	71	83	51	166	172	36	17	86	9	0	0	0	5	0	0	0	6	0	0	36	10	0	0	0	25	0	34	71	102	51	172	176	54	47	133	1	0	0	0	4	0	0	0	9	0	10	0	5	0	0	0	9	0	0	36	11	0	0	0	43	0	34	78	148	96	266	295
581	564	68	75	83	547	35	67	25	68	75	83	37	92	28	33	177	247	0	421	530	29	66	23	35	67	25	19	88	28	27	97	223	0	248	68	75	83	8	11	0	18	20	0	0	0	37	92	28	33	177	247	0	421	513	27	66	23	29	66	23	16	88	28	27	78	220	0	240	35	67	25	5	11	0	18	10	0	0	0	19	88	28	27	97	223	0	248	68	75	83	9	0	10	0	9	0	0	0	8	11	0	18	20	0	0	0	37	92	28	33	177	247	0	421	496	27	66	23	27	66	23	16	88	28	27	72	220	0	182	29	66	23	5	11	0	18	7	0	0	0	16	88	28	27	78	220	0	240	35	67	25	9	0	0	0	5	0	0	0	5	11	0	18	10	0	0	0	19	88	28	27	97	223	0	248	68	75	83	1	0	0	0	8	0	0	0	9	0	10	0	9	0	0	0	8	11	0	18	20	0	0	0	37	92	28	33	177	247	0	421
798	776	78	107	152	754	41	53	112	78	107	152	54	96	88	116	212	372	456	226	732	32	21	111	41	53	112	36	0	88	112	117	175	336	153	78	107	152	7	0	43	14	17	19	304	0	54	96	88	116	212	372	456	226	710	27	21	111	32	21	111	24	0	88	112	90	63	333	151	41	53	112	4	0	37	14	13	16	224	0	36	0	88	112	117	175	336	153	78	107	152	1	0	43	0	2	0	0	0	7	0	43	14	17	19	304	0	54	96	88	116	212	372	456	226	688	27	21	106	27	21	111	24	0	88	94	77	63	333	128	32	21	111	4	0	37	10	10	0	222	0	24	0	88	112	90	63	333	151	41	53	112	1	0	27	0	2	0	0	0	4	0	37	14	13	16	224	0	36	0	88	112	117	175	336	153	78	107	152	1	0	0	48	2	0	0	0	1	0	43	0	2	0	0	0	7	0	43	14	17	19	304	0	54	96	88	116	212	372	456	226
684	664	88	154	47	644	42	112	23	88	154	47	53	199	28	18	234	467	141	172	624	32	83	23	42	112	23	29	114	28	18	121	354	69	131	88	154	47	3	54	33	0	25	59	141	0	53	199	28	18	234	467	141	172	604	28	75	23	32	83	23	20	90	28	18	92	279	69	129	42	112	23	3	30	27	0	13	49	69	0	29	114	28	18	121	354	69	131	88	154	47	2	0	43	0	6	0	47	0	3	54	33	0	25	59	141	0	53	199	28	18	234	467	141	172	584	28	75	22	28	75	23	20	90	28	16	82	255	69	106	32	83	23	3	30	27	0	10	38	69	0	20	90	28	18	92	279	69	129	42	112	23	2	0	27	0	4	0	23	0	3	30	27	0	13	49	69	0	29	114	28	18	121	354	69	131	88	154	47	5	0	0	8	6	0	0	0	2	0	43	0	6	0	47	0	3	54	33	0	25	59	141	0	53	199	28	18	234	467	141	172
448	435	65	59	24	422	38	36	14	65	59	24	50	38	28	0	179	136	72	69	409	32	30	14	38	36	14	31	20	28	0	112	74	42	54	65	59	24	9	0	0	0	14	9	24	0	50	38	28	0	179	136	72	69	396	30	30	14	32	30	14	28	20	28	0	94	50	42	52	38	36	14	6	0	0	0	11	6	14	0	31	20	28	0	112	74	42	54	65	59	24	1	0	10	0	2	0	0	0	9	0	0	0	14	9	24	0	50	38	28	0	179	136	72	69	383	30	30	14	30	30	14	28	20	28	0	88	50	42	35	32	30	14	6	0	0	0	9	0	14	0	28	20	28	0	94	50	42	52	38	36	14	1	0	0	0	2	0	0	0	6	0	0	0	11	6	14	0	31	20	28	0	112	74	42	54	65	59	24	1	0	0	0	2	0	0	0	1	0	10	0	2	0	0	0	9	0	0	0	14	9	24	0	50	38	28	0	179	136	72	69
359	349	33	9	64	339	16	0	29	33	9	64	21	0	30	76	89	36	64	204	329	14	0	29	16	0	29	14	0	0	76	45	0	29	123	33	9	64	2	0	8	0	9	9	0	0	21	0	30	76	89	36	64	204	319	14	0	29	14	0	29	14	0	0	76	39	0	29	120	16	0	29	2	0	0	0	5	0	0	0	14	0	0	76	45	0	29	123	33	9	64	0	0	0	0	0	0	0	0	2	0	8	0	9	9	0	0	21	0	30	76	89	36	64	204	309	14	0	29	14	0	29	14	0	0	76	39	0	29	120	14	0	29	2	0	0	0	4	0	0	0	14	0	0	76	39	0	29	120	16	0	29	0	0	0	0	0	0	0	0	2	0	0	0	5	0	0	0	14	0	0	76	45	0	29	123	33	9	64	0	0	0	0	0	0	0	0	0	0	0	0	0	0	0	0	2	0	8	0	9	9	0	0	21	0	30	76	89	36	64	204
538	523	36	26	105	508	13	0	53	36	26	105	11	0	73	90	100	52	210	356	493	12	0	53	13	0	53	8	0	10	90	36	0	106	235	36	26	105	2	0	8	0	12	0	0	0	11	0	73	90	100	52	210	356	478	12	0	53	12	0	53	8	0	10	90	33	0	106	231	13	0	53	2	0	0	0	5	0	0	0	8	0	10	90	36	0	106	235	36	26	105	0	0	0	0	0	0	0	0	2	0	8	0	12	0	0	0	11	0	73	90	100	52	210	356	463	12	0	53	12	0	53	8	0	10	90	33	0	106	231	12	0	53	2	0	0	0	4	0	0	0	8	0	10	90	33	0	106	231	13	0	53	0	0	0	0	0	0	0	0	2	0	0	0	5	0	0	0	8	0	10	90	36	0	106	235	36	26	105	0	0	0	0	0	0	0	0	0	0	0	0	0	0	0	0	2	0	8	0	12	0	0	0	11	0	73	90	100	52	210	356
322	313	16	14	28	304	1	0	27	16	14	28	0	0	0	10	41	21	56	0	295	1	0	27	1	0	27	0	0	0	10	1	0	54	0	16	14	28	0	0	0	0	4	0	0	0	0	0	0	10	41	21	56	0	286	1	0	27	1	0	27	0	0	0	10	1	0	54	0	1	0	27	0	0	0	0	0	0	0	0	0	0	0	10	1	0	54	0	16	14	28	0	0	0	0	0	0	0	0	0	0	0	0	4	0	0	0	0	0	0	10	41	21	56	0	277	1	0	27	1	0	27	0	0	0	10	1	0	54	0	1	0	27	0	0	0	0	0	0	0	0	0	0	0	10	1	0	54	0	1	0	27	0	0	0	0	0	0	0	0	0	0	0	0	0	0	0	0	0	0	0	10	1	0	54	0	16	14	28	0	0	0	0	0	0	0	0	0	0	0	0	0	0	0	0	0	0	0	0	4	0	0	0	0	0	0	10	41	21	56	0
392	381	31	28	46	370	9	0	28	31	28	46	10	0	43	20	82	70	184	152	359	8	0	28	9	0	28	6	0	10	20	25	0	112	112	31	28	46	0	0	0	0	9	7	0	0	10	0	43	20	82	70	184	152	348	8	0	28	8	0	28	6	0	10	20	22	0	112	111	9	0	28	0	0	0	0	4	0	0	0	6	0	10	20	25	0	112	112	31	28	46	0	0	0	0	0	0	0	0	0	0	0	0	9	7	0	0	10	0	43	20	82	70	184	152	337	8	0	28	8	0	28	6	0	10	20	22	0	112	111	8	0	28	0	0	0	0	4	0	0	0	6	0	10	20	22	0	112	111	9	0	28	0	0	0	0	0	0	0	0	0	0	0	0	4	0	0	0	6	0	10	20	25	0	112	112	31	28	46	0	0	0	0	0	0	0	0	0	0	0	0	0	0	0	0	0	0	0	0	9	7	0	0	10	0	43	20	82	70	184	152
463	450	52	40	41	437	22	0	10	52	40	41	24	0	62	10	140	120	205	223	424	20	0	10	22	0	10	17	0	0	10	63	0	50	149	52	40	41	2	0	8	0	18	8	0	0	24	0	62	10	140	120	205	223	411	20	0	10	20	0	10	17	0	0	10	57	0	50	148	22	0	10	2	0	0	0	9	0	0	0	17	0	0	10	63	0	50	149	52	40	41	0	0	0	0	0	0	0	0	2	0	8	0	18	8	0	0	24	0	62	10	140	120	205	223	398	20	0	10	20	0	10	17	0	0	10	57	0	50	148	20	0	10	2	0	0	0	8	0	0	0	17	0	0	10	57	0	50	148	22	0	10	0	0	0	0	0	0	0	0	2	0	0	0	9	0	0	0	17	0	0	10	63	0	50	149	52	40	41	0	0	0	0	0	0	0	0	0	0	0	0	0	0	0	0	2	0	8	0	18	8	0	0	24	0	62	10	140	120	205	223
515	500	56	47	84	485	28	14	48	56	47	84	38	0	50	94	148	144	252	192	470	24	14	21	28	14	48	23	0	47	20	87	56	144	91	56	47	84	4	0	0	32	15	39	0	199	38	0	50	94	148	144	252	192	455	24	14	19	24	14	21	23	0	33	20	78	56	63	91	28	14	48	4	0	0	28	10	28	0	135	23	0	47	20	87	56	144	91	56	47	84	1	0	0	18	2	0	0	0	4	0	0	32	15	39	0	199	38	0	50	94	148	144	252	192	440	24	14	19	24	14	19	23	0	27	20	78	56	57	91	24	14	21	4	0	0	28	10	28	0	134	23	0	33	20	78	56	63	91	28	14	48	1	0	0	18	2	0	0	0	4	0	0	28	10	28	0	135	23	0	47	20	87	56	144	91	56	47	84	4	0	0	0	2	0	0	0	1	0	0	18	2	0	0	0	4	0	0	32	15	39	0	199	38	0	50	94	148	144	252	192
348	338	37	16	35	328	16	0	13	37	16	35	18	0	39	0	95	40	70	115	318	14	0	11	16	0	13	11	0	39	0	49	0	26	65	37	16	35	1	0	0	22	12	8	0	0	18	0	39	0	95	40	70	115	308	14	0	9	14	0	11	11	0	33	0	46	0	22	65	16	0	13	1	0	0	18	8	0	0	0	11	0	39	0	49	0	26	65	37	16	35	1	0	0	18	2	0	0	0	1	0	0	22	12	8	0	0	18	0	39	0	95	40	70	115	298	14	0	9	14	0	9	11	0	27	0	46	0	18	65	14	0	11	1	0	0	18	8	0	0	0	11	0	33	0	46	0	22	65	16	0	13	1	0	0	18	2	0	0	0	1	0	0	18	8	0	0	0	11	0	39	0	49	0	26	65	37	16	35	4	0	0	0	2	0	0	0	1	0	0	18	2	0	0	0	1	0	0	22	12	8	0	0	18	0	39	0	95	40	70	115
691	670	80	145	76	649	38	91	43	80	145	76	40	140	50	90	206	393	304	151	628	35	80	11	38	91	43	29	96	47	0	116	257	172	67	80	145	76	8	0	0	22	24	43	76	223	40	140	50	90	206	393	304	151	607	35	80	9	35	80	11	29	96	33	0	110	224	44	67	38	91	43	8	0	0	18	18	32	43	149	29	96	47	0	116	257	172	67	80	145	76	2	0	0	18	5	0	0	0	8	0	0	22	24	43	76	223	40	140	50	90	206	393	304	151	586	35	80	9	35	80	9	29	96	27	0	110	224	36	67	35	80	11	8	0	0	18	18	32	11	148	29	96	33	0	110	224	44	67	38	91	43	2	0	0	18	2	0	0	0	8	0	0	18	18	32	43	149	29	96	47	0	116	257	172	67	80	145	76	7	0	0	0	5	0	0	0	2	0	0	18	5	0	0	0	8	0	0	22	24	43	76	223	40	140	50	90	206	393	304	151
376	365	36	19	46	354	18	10	8	36	19	46	20	0	11	24	97	28	46	220	343	17	10	0	18	10	8	16	0	8	0	56	10	8	118	36	19	46	2	0	0	0	14	0	0	47	20	0	11	24	97	28	46	220	332	17	10	0	17	10	0	16	0	0	0	53	10	0	118	18	10	8	2	0	0	0	9	0	0	23	16	0	8	0	56	10	8	118	36	19	46	0	0	0	0	0	0	0	0	2	0	0	0	14	0	0	47	20	0	11	24	97	28	46	220	321	17	10	0	17	10	0	16	0	0	0	53	10	0	118	17	10	0	2	0	0	0	9	0	0	23	16	0	0	0	53	10	0	118	18	10	8	0	0	0	0	0	0	0	0	2	0	0	0	9	0	0	23	16	0	8	0	56	10	8	118	36	19	46	0	0	0	0	0	0	0	0	0	0	0	0	0	0	0	0	2	0	0	0	14	0	0	47	20	0	11	24	97	28	46	220
454	440	57	68	8	426	22	40	0	57	68	8	30	30	0	0	141	199	40	41	412	18	40	0	22	40	0	15	30	0	0	67	130	0	10	57	68	8	2	0	0	0	16	25	0	0	30	30	0	0	141	199	40	41	398	18	40	0	18	40	0	15	30	0	0	58	130	0	10	22	40	0	2	0	0	0	12	20	0	0	15	30	0	0	67	130	0	10	57	68	8	1	0	0	0	2	0	0	0	2	0	0	0	16	25	0	0	30	30	0	0	141	199	40	41	384	18	40	0	18	40	0	15	30	0	0	58	130	0	10	18	40	0	2	0	0	0	12	20	0	0	15	30	0	0	58	130	0	10	22	40	0	1	0	0	0	2	0	0	0	2	0	0	0	12	20	0	0	15	30	0	0	67	130	0	10	57	68	8	4	0	0	0	2	0	0	0	1	0	0	0	2	0	0	0	2	0	0	0	16	25	0	0	30	30	0	0	141	199	40	41
474	460	36	24	79	446	20	0	32	36	24	79	20	0	44	39	87	24	158	249	432	19	0	32	20	0	32	17	0	33	39	62	0	64	112	36	24	79	2	0	0	0	10	0	0	0	20	0	44	39	87	24	158	249	418	19	0	30	19	0	32	17	0	33	33	62	0	64	43	20	0	32	2	0	0	0	10	0	0	0	17	0	33	39	62	0	64	112	36	24	79	1	0	0	22	5	0	0	0	2	0	0	0	10	0	0	0	20	0	44	39	87	24	158	249	404	19	0	27	19	0	30	17	0	33	27	62	0	60	37	19	0	32	2	0	0	0	10	0	0	0	17	0	33	33	62	0	64	43	20	0	32	1	0	0	18	2	0	0	0	2	0	0	0	10	0	0	0	17	0	33	39	62	0	64	112	36	24	79	4	0	0	28	6	0	0	0	1	0	0	22	5	0	0	0	2	0	0	0	10	0	0	0	20	0	44	39	87	24	158	249
623	604	69	102	91	585	37	61	50	69	102	91	42	69	44	72	184	298	273	203	566	34	48	47	37	61	50	34	32	33	63	119	229	150	104	69	102	91	9	16	15	24	24	34	91	0	42	69	44	72	184	298	273	203	547	32	47	32	34	48	47	34	32	33	33	113	224	141	43	37	61	50	9	16	15	0	18	32	50	0	34	32	33	63	119	229	150	104	69	102	91	4	15	0	72	10	30	0	47	9	16	15	24	24	34	91	0	42	69	44	72	184	298	273	203	528	30	43	19	32	47	32	30	31	33	27	106	219	96	37	34	48	47	9	16	15	0	18	32	47	0	34	32	33	33	113	224	141	43	37	61	50	4	12	0	18	3	24	0	23	9	16	15	0	18	32	50	0	34	32	33	63	119	229	150	104	69	102	91	4	51	0	28	11	30	0	69	4	15	0	72	10	30	0	47	9	16	15	24	24	34	91	0	42	69	44	72	184	298	273	203
406	394	31	20	62	382	13	0	54	31	20	62	14	0	57	39	72	20	124	8	370	12	0	54	13	0	54	11	0	57	39	43	0	108	0	31	20	62	2	0	0	0	6	0	0	0	14	0	57	39	72	20	124	8	358	12	0	52	12	0	54	11	0	57	33	43	0	108	0	13	0	54	2	0	0	0	6	0	0	0	11	0	57	39	43	0	108	0	31	20	62	1	0	0	22	5	0	0	0	2	0	0	0	6	0	0	0	14	0	57	39	72	20	124	8	346	12	0	49	12	0	52	11	0	57	27	43	0	104	0	12	0	54	2	0	0	0	6	0	0	0	11	0	57	33	43	0	108	0	13	0	54	1	0	0	18	2	0	0	0	2	0	0	0	6	0	0	0	11	0	57	39	43	0	108	0	31	20	62	4	0	0	28	7	0	0	0	1	0	0	22	5	0	0	0	2	0	0	0	6	0	0	0	14	0	57	39	72	20	124	8
472	457	56	78	27	442	25	51	0	56	78	27	31	63	11	0	135	216	81	168	427	22	50	0	25	51	0	20	60	0	0	80	163	0	91	56	78	27	5	10	0	0	15	20	0	0	31	63	11	0	135	216	81	168	412	22	50	0	22	50	0	20	60	0	0	74	160	0	32	25	51	0	5	10	0	0	14	20	0	0	20	60	0	0	80	163	0	91	56	78	27	2	0	0	0	8	0	0	0	5	10	0	0	15	20	0	0	31	63	11	0	135	216	81	168	397	22	50	0	22	50	0	20	60	0	0	74	160	0	28	22	50	0	5	10	0	0	14	20	0	0	20	60	0	0	74	160	0	32	25	51	0	2	0	0	0	2	0	0	0	5	10	0	0	14	20	0	0	20	60	0	0	80	163	0	91	56	78	27	7	0	0	0	8	0	0	0	2	0	0	0	8	0	0	0	5	10	0	0	15	20	0	0	31	63	11	0	135	216	81	168
270	262	31	12	16	254	18	0	0	31	12	16	20	0	11	0	75	12	32	84	246	17	0	0	18	0	0	17	0	0	0	57	0	0	43	31	12	16	2	0	0	0	8	0	0	0	20	0	11	0	75	12	32	84	238	17	0	0	17	0	0	17	0	0	0	57	0	0	11	18	0	0	2	0	0	0	8	0	0	0	17	0	0	0	57	0	0	43	31	12	16	1	0	0	0	5	0	0	0	2	0	0	0	8	0	0	0	20	0	11	0	75	12	32	84	230	17	0	0	17	0	0	17	0	0	0	57	0	0	9	17	0	0	2	0	0	0	8	0	0	0	17	0	0	0	57	0	0	11	18	0	0	1	0	0	0	2	0	0	0	2	0	0	0	8	0	0	0	17	0	0	0	57	0	0	43	31	12	16	4	0	0	0	5	0	0	0	1	0	0	0	5	0	0	0	2	0	0	0	8	0	0	0	20	0	11	0	75	12	32	84
363	352	31	0	70	341	16	0	19	31	0	70	16	0	12	41	76	0	0	275	330	16	0	19	16	0	19	16	0	0	41	52	0	0	136	31	0	70	6	0	0	0	11	0	0	0	16	0	12	41	76	0	0	275	319	16	0	19	16	0	19	16	0	0	41	52	0	0	133	16	0	19	6	0	0	0	6	0	0	0	16	0	0	41	52	0	0	136	31	0	70	7	0	0	0	18	0	0	0	6	0	0	0	11	0	0	0	16	0	12	41	76	0	0	275	308	14	0	19	16	0	19	16	0	0	41	52	0	0	114	16	0	19	6	0	0	0	6	0	0	0	16	0	0	41	52	0	0	133	16	0	19	1	0	0	0	0	0	0	0	6	0	0	0	6	0	0	0	16	0	0	41	52	0	0	136	31	0	70	4	0	12	0	15	0	0	0	7	0	0	0	18	0	0	0	6	0	0	0	11	0	0	0	16	0	12	41	76	0	0	275
427	414	43	22	70	401	29	0	19	43	22	70	30	0	12	41	113	11	140	275	388	29	0	19	29	0	19	30	0	0	41	89	0	38	136	43	22	70	13	0	0	0	15	0	0	0	30	0	12	41	113	11	140	275	375	26	0	19	29	0	19	30	0	0	41	89	0	38	133	29	0	19	12	0	0	0	10	0	0	0	30	0	0	41	89	0	38	136	43	22	70	15	0	0	0	17	33	0	0	13	0	0	0	15	0	0	0	30	0	12	41	113	11	140	275	362	21	0	19	26	0	19	25	0	0	41	80	0	38	114	29	0	19	12	0	0	0	10	0	0	0	30	0	0	41	89	0	38	133	29	0	19	8	0	0	0	2	0	0	0	12	0	0	0	10	0	0	0	30	0	0	41	89	0	38	136	43	22	70	8	0	12	0	14	33	0	0	15	0	0	0	17	33	0	0	13	0	0	0	15	0	0	0	30	0	12	41	113	11	140	275
420	407	56	47	37	394	32	12	33	56	47	37	45	0	28	41	129	101	185	0	381	29	12	33	32	12	33	34	0	28	41	89	24	165	0	56	47	37	24	0	0	0	12	21	0	0	45	0	28	41	129	101	185	0	368	23	7	33	29	12	33	30	0	28	41	78	24	165	0	32	12	33	13	0	0	0	7	0	0	0	34	0	28	41	89	24	165	0	56	47	37	14	35	0	0	18	42	0	0	24	0	0	0	12	21	0	0	45	0	28	41	129	101	185	0	355	19	0	33	23	7	33	23	0	28	41	62	14	165	0	29	12	33	12	0	0	0	7	0	0	0	30	0	28	41	78	24	165	0	32	12	33	10	0	0	0	4	0	0	0	13	0	0	0	7	0	0	0	34	0	28	41	89	24	165	0	56	47	37	13	0	0	0	16	28	37	0	14	35	0	0	18	42	0	0	24	0	0	0	12	21	0	0	45	0	28	41	129	101	185	0
486	470	69	94	34	454	33	65	11	69	94	34	36	90	12	44	171	260	102	118	438	31	61	0	33	65	11	28	82	0	0	98	208	33	50	69	94	34	10	42	0	0	22	20	0	76	36	90	12	44	171	260	102	118	422	28	60	0	31	61	0	28	80	0	0	92	200	0	47	33	65	11	9	40	0	0	16	20	0	43	28	82	0	0	98	208	33	50	69	94	34	14	10	0	0	17	21	0	0	10	42	0	0	22	20	0	76	36	90	12	44	171	260	102	118	406	23	57	0	28	60	0	23	80	0	0	83	200	0	32	31	61	0	9	40	0	0	16	20	0	11	28	80	0	0	92	200	0	47	33	65	11	7	10	0	0	2	0	0	0	9	40	0	0	16	20	0	43	28	82	0	0	98	208	33	50	69	94	34	5	21	12	0	14	21	0	0	14	10	0	0	17	21	0	0	10	42	0	0	22	20	0	76	36	90	12	44	171	260	102	118
285	276	41	24	0	267	23	8	0	41	24	0	32	0	0	0	100	32	0	0	258	21	8	0	23	8	0	24	0	0	0	68	0	0	0	41	24	0	15	0	0	0	9	8	0	0	32	0	0	0	100	32	0	0	249	17	8	0	21	8	0	22	0	0	0	61	0	0	0	23	8	0	10	0	0	0	6	0	0	0	24	0	0	0	68	0	0	0	41	24	0	14	0	0	0	14	16	0	0	15	0	0	0	9	8	0	0	32	0	0	0	100	32	0	0	240	13	8	0	17	8	0	17	0	0	0	50	0	0	0	21	8	0	10	0	0	0	6	0	0	0	22	0	0	0	61	0	0	0	23	8	0	8	0	0	0	2	0	0	0	10	0	0	0	6	0	0	0	24	0	0	0	68	0	0	0	41	24	0	7	0	0	0	12	12	0	0	14	0	0	0	14	16	0	0	15	0	0	0	9	8	0	0	32	0	0	0	100	32	0	0
524	507	76	68	87	490	48	64	54	76	68	87	59	48	0	50	200	234	0	141	473	41	62	41	48	64	54	39	48	0	14	141	224	0	63	76	68	87	26	28	12	15	19	42	0	91	59	48	0	50	200	234	0	141	456	29	36	41	41	62	41	30	48	0	14	116	214	0	52	48	64	54	14	24	12	15	13	36	0	50	39	48	0	14	141	224	0	63	76	68	87	13	24	86	0	5	14	174	0	26	28	12	15	19	42	0	91	59	48	0	50	200	234	0	141	439	23	12	41	29	36	41	24	0	0	14	80	120	0	52	41	62	41	12	24	12	15	13	36	0	47	30	48	0	14	116	214	0	52	48	64	54	8	24	76	0	3	12	108	0	14	24	12	15	13	36	0	50	39	48	0	14	141	224	0	63	76	68	87	10	0	38	0	5	14	174	0	13	24	86	0	5	14	174	0	26	28	12	15	19	42	0	91	59	48	0	50	200	234	0	141
565	547	63	91	67	529	36	37	55	63	91	67	33	118	6	14	153	249	268	37	511	33	11	55	36	37	55	30	22	6	14	93	107	220	33	63	91	67	16	44	26	0	6	0	134	0	33	118	6	14	153	249	268	37	493	23	0	55	33	11	55	24	0	6	14	83	22	220	33	36	37	55	9	0	26	0	5	0	110	0	30	22	6	14	93	107	220	33	63	91	67	14	0	55	0	6	0	67	0	16	44	26	0	6	0	134	0	33	118	6	14	153	249	268	37	475	19	0	55	23	0	55	17	0	6	14	56	0	220	33	33	11	55	8	0	26	0	5	0	110	0	24	0	6	14	83	22	220	33	36	37	55	10	0	48	0	5	0	55	0	9	0	26	0	5	0	110	0	30	22	6	14	93	107	220	33	63	91	67	11	0	0	0	6	0	0	0	14	0	55	0	6	0	67	0	16	44	26	0	6	0	134	0	33	118	6	14	153	249	268	37
495	478	69	104	29	461	38	86	0	69	104	29	39	114	0	0	171	247	29	141	444	34	81	0	38	86	0	27	108	0	0	110	218	0	63	69	104	29	22	50	0	0	18	10	0	0	39	114	0	0	171	247	29	141	427	27	67	0	34	81	0	22	101	0	0	94	204	0	52	38	86	0	11	40	0	0	17	9	0	0	27	108	0	0	110	218	0	63	69	104	29	9	56	7	0	8	10	29	0	22	50	0	0	18	10	0	0	39	114	0	0	171	247	29	141	410	22	55	0	27	67	0	15	84	0	0	74	172	0	52	34	81	0	9	38	0	0	17	9	0	0	22	101	0	0	94	204	0	52	38	86	0	5	45	0	0	4	9	0	0	11	40	0	0	17	9	0	0	27	108	0	0	110	218	0	63	69	104	29	8	37	7	0	9	10	29	0	9	56	7	0	8	10	29	0	22	50	0	0	18	10	0	0	39	114	0	0	171	247	29	141
317	307	49	21	18	297	36	0	0	49	21	18	46	0	0	0	130	35	54	71	287	33	0	0	36	0	0	35	0	0	0	98	0	0	44	49	21	18	24	0	0	0	7	0	0	0	46	0	0	0	130	35	54	71	277	26	0	0	33	0	0	31	0	0	0	87	0	0	33	36	0	0	13	0	0	0	7	0	0	0	35	0	0	0	98	0	0	44	49	21	18	14	0	7	0	4	0	0	0	24	0	0	0	7	0	0	0	46	0	0	0	130	35	54	71	267	21	0	0	26	0	0	24	0	0	0	69	0	0	33	33	0	0	12	0	0	0	7	0	0	0	31	0	0	0	87	0	0	33	36	0	0	10	0	0	0	4	0	0	0	13	0	0	0	7	0	0	0	35	0	0	0	98	0	0	44	49	21	18	10	0	7	0	4	0	0	0	14	0	7	0	4	0	0	0	24	0	0	0	7	0	0	0	46	0	0	0	130	35	54	71
490	473	81	120	7	456	45	92	0	81	120	7	41	125	0	0	200	283	21	37	439	42	78	0	45	92	0	32	98	0	0	124	227	0	33	81	120	7	15	62	0	0	20	11	7	0	41	125	0	0	200	283	21	37	422	35	63	0	42	78	0	29	82	0	0	112	189	0	33	45	92	0	8	29	0	0	16	9	0	0	32	98	0	0	124	227	0	33	81	120	7	12	37	7	0	14	27	14	0	15	62	0	0	20	11	7	0	41	125	0	0	200	283	21	37	405	30	52	0	35	63	0	22	68	0	0	91	154	0	33	42	78	0	7	24	0	0	16	8	0	0	29	82	0	0	112	189	0	33	45	92	0	9	18	0	0	6	23	0	0	8	29	0	0	16	9	0	0	32	98	0	0	124	227	0	33	81	120	7	19	58	0	0	16	27	7	0	12	37	7	0	14	27	14	0	15	62	0	0	20	11	7	0	41	125	0	0	200	283	21	37
186	180	17	0	16	174	3	0	15	17	0	16	1	0	36	6	48	0	0	0	168	3	0	15	3	0	15	1	0	36	6	7	0	0	0	17	0	16	0	0	0	0	0	0	0	0	1	0	36	6	48	0	0	0	162	3	0	15	3	0	15	1	0	36	6	7	0	0	0	3	0	15	0	0	0	0	0	0	0	0	1	0	36	6	7	0	0	0	17	0	16	0	0	0	0	0	0	0	0	0	0	0	0	0	0	0	0	1	0	36	6	48	0	0	0	156	3	0	15	3	0	15	1	0	36	6	7	0	0	0	3	0	15	0	0	0	0	0	0	0	0	1	0	36	6	7	0	0	0	3	0	15	0	0	0	0	0	0	0	0	0	0	0	0	0	0	0	0	1	0	36	6	7	0	0	0	17	0	16	0	0	0	0	0	0	0	0	0	0	0	0	0	0	0	0	0	0	0	0	0	0	0	0	1	0	36	6	48	0	0	0
338	327	43	24	32	316	21	0	9	43	24	32	19	0	63	0	111	64	96	92	305	18	0	9	21	0	9	15	0	36	0	50	0	27	55	43	24	32	7	0	21	0	2	0	0	0	19	0	63	0	111	64	96	92	294	17	0	9	18	0	9	13	0	36	0	43	0	27	55	21	0	9	6	0	0	0	2	0	0	0	15	0	36	0	50	0	27	55	43	24	32	7	0	5	0	8	0	0	0	7	0	21	0	2	0	0	0	19	0	63	0	111	64	96	92	283	17	0	9	17	0	9	13	0	36	0	42	0	27	55	18	0	9	6	0	0	0	2	0	0	0	13	0	36	0	43	0	27	55	21	0	9	7	0	0	0	8	0	0	0	6	0	0	0	2	0	0	0	15	0	36	0	50	0	27	55	43	24	32	7	0	0	0	4	0	0	0	7	0	5	0	8	0	0	0	7	0	21	0	2	0	0	0	19	0	63	0	111	64	96	92
274	265	38	20	20	256	14	0	9	38	20	20	10	0	58	0	97	60	100	67	247	13	0	9	14	0	9	8	0	36	0	37	0	45	55	38	20	20	4	0	11	0	1	0	0	0	10	0	58	0	97	60	100	67	238	13	0	9	13	0	9	8	0	36	0	35	0	45	55	14	0	9	4	0	0	0	1	0	0	0	8	0	36	0	37	0	45	55	38	20	20	5	0	0	0	6	0	0	0	4	0	11	0	1	0	0	0	10	0	58	0	97	60	100	67	229	13	0	9	13	0	9	8	0	36	0	35	0	45	55	13	0	9	4	0	0	0	1	0	0	0	8	0	36	0	35	0	45	55	14	0	9	5	0	0	0	6	0	0	0	4	0	0	0	1	0	0	0	8	0	36	0	37	0	45	55	38	20	20	1	0	0	0	2	0	0	0	5	0	0	0	6	0	0	0	4	0	11	0	1	0	0	0	10	0	58	0	97	60	100	67
296	286	38	24	31	276	22	16	0	38	24	31	23	8	27	0	95	70	31	121	266	18	16	0	22	16	0	19	8	0	0	53	40	0	55	38	24	31	7	0	29	0	2	0	0	0	23	8	27	0	95	70	31	121	256	16	16	0	18	16	0	16	8	0	0	44	40	0	55	22	16	0	6	0	0	0	2	0	0	0	19	8	0	0	53	40	0	55	38	24	31	8	0	13	0	7	0	0	0	7	0	29	0	2	0	0	0	23	8	27	0	95	70	31	121	246	16	16	0	16	16	0	16	8	0	0	42	40	0	55	18	16	0	6	0	0	0	2	0	0	0	16	8	0	0	44	40	0	55	22	16	0	8	0	0	0	4	0	0	0	6	0	0	0	2	0	0	0	19	8	0	0	53	40	0	55	38	24	31	13	0	0	0	8	0	0	0	8	0	13	0	7	0	0	0	7	0	29	0	2	0	0	0	23	8	27	0	95	70	31	121
240	232	28	13	23	224	15	7	0	28	13	23	14	0	27	0	72	38	23	92	216	12	7	0	15	7	0	10	0	0	0	36	14	0	55	28	13	23	3	0	21	0	1	0	0	0	14	0	27	0	72	38	23	92	208	11	7	0	12	7	0	8	0	0	0	29	14	0	55	15	7	0	2	0	0	0	1	0	0	0	10	0	0	0	36	14	0	55	28	13	23	3	0	5	0	6	0	0	0	3	0	21	0	1	0	0	0	14	0	27	0	72	38	23	92	200	11	7	0	11	7	0	8	0	0	0	28	14	0	55	12	7	0	2	0	0	0	1	0	0	0	8	0	0	0	29	14	0	55	15	7	0	3	0	0	0	3	0	0	0	2	0	0	0	1	0	0	0	10	0	0	0	36	14	0	55	28	13	23	9	0	0	0	7	0	0	0	3	0	5	0	6	0	0	0	3	0	21	0	1	0	0	0	14	0	27	0	72	38	23	92
368	354	44	68	24	340	14	56	9	44	68	24	5	48	0	27	100	158	24	52	326	13	52	9	14	56	9	4	44	0	27	40	141	9	18	44	68	24	21	36	0	0	10	10	0	0	5	48	0	27	100	158	24	52	312	8	48	9	13	52	9	4	40	0	27	39	130	9	18	14	56	9	0	32	0	0	0	8	0	0	4	44	0	27	40	141	9	18	44	68	24	2	32	0	0	2	40	0	0	21	36	0	0	10	10	0	0	5	48	0	27	100	158	24	52	298	7	48	9	8	48	9	3	40	0	27	23	120	9	18	13	52	9	0	32	0	0	0	8	0	0	4	40	0	27	39	130	9	18	14	56	9	1	32	0	0	1	40	0	0	0	32	0	0	0	8	0	0	4	44	0	27	40	141	9	18	44	68	24	1	0	0	0	2	8	0	0	2	32	0	0	2	40	0	0	21	36	0	0	10	10	0	0	5	48	0	27	100	158	24	52
319	308	33	26	39	297	12	10	32	33	26	39	8	0	23	27	77	54	78	20	286	12	10	32	12	10	32	8	0	23	27	32	30	64	9	33	26	39	4	0	0	0	3	0	0	0	8	0	23	27	77	54	78	20	275	12	10	32	12	10	32	8	0	23	27	32	30	64	9	12	10	32	4	0	0	0	1	0	0	0	8	0	23	27	32	30	64	9	33	26	39	5	0	0	0	8	0	0	0	4	0	0	0	3	0	0	0	8	0	23	27	77	54	78	20	264	12	10	32	12	10	32	8	0	23	27	32	30	64	9	12	10	32	4	0	0	0	1	0	0	0	8	0	23	27	32	30	64	9	12	10	32	5	0	0	0	6	0	0	0	4	0	0	0	1	0	0	0	8	0	23	27	32	30	64	9	33	26	39	1	0	0	0	4	0	0	0	5	0	0	0	8	0	0	0	4	0	0	0	3	0	0	0	8	0	23	27	77	54	78	20
417	403	43	33	79	389	19	0	60	43	33	79	13	0	82	71	100	66	237	52	375	19	0	46	19	0	60	13	0	78	27	49	0	180	18	43	33	79	5	0	0	38	4	0	0	67	13	0	82	71	100	66	237	52	361	19	0	46	19	0	46	13	0	59	27	49	0	138	18	19	0	60	5	0	0	38	1	0	0	55	13	0	78	27	49	0	180	18	43	33	79	6	0	0	0	10	0	0	0	5	0	0	38	4	0	0	67	13	0	82	71	100	66	237	52	347	19	0	46	19	0	46	13	0	59	27	49	0	138	18	19	0	46	5	0	0	38	1	0	0	55	13	0	59	27	49	0	138	18	19	0	60	6	0	0	0	7	0	0	0	5	0	0	38	1	0	0	55	13	0	78	27	49	0	180	18	43	33	79	7	0	0	0	6	0	0	0	6	0	0	0	10	0	0	0	5	0	0	38	4	0	0	67	13	0	82	71	100	66	237	52
513	495	60	92	60	477	29	47	25	60	92	60	22	15	31	86	138	224	240	106	459	28	47	9	29	47	25	20	15	21	27	75	113	100	18	60	92	60	8	0	8	0	10	0	0	74	22	15	31	86	138	224	240	106	441	27	46	9	28	47	9	20	15	0	27	74	113	36	18	29	47	25	7	0	5	0	2	0	0	55	20	15	21	27	75	113	100	18	60	92	60	8	16	0	0	15	16	0	0	8	0	8	0	10	0	0	74	22	15	31	86	138	224	240	106	423	26	45	9	27	46	9	19	15	0	27	70	109	36	18	28	47	9	7	0	0	0	1	0	0	55	20	15	0	27	74	113	36	18	29	47	25	7	15	0	0	8	15	0	0	7	0	5	0	2	0	0	55	20	15	21	27	75	113	100	18	60	92	60	14	15	0	0	12	16	0	0	8	16	0	0	15	16	0	0	8	0	8	0	10	0	0	74	22	15	31	86	138	224	240	106
386	372	58	65	15	358	19	33	11	58	65	15	15	22	44	0	135	207	75	20	344	18	33	11	19	33	11	11	22	44	0	49	110	55	9	58	65	15	5	0	11	0	12	0	0	0	15	22	44	0	135	207	75	20	330	18	33	11	18	33	11	11	22	44	0	46	110	55	9	19	33	11	5	0	11	0	1	0	0	0	11	22	44	0	49	110	55	9	58	65	15	6	0	0	0	12	0	0	0	5	0	11	0	12	0	0	0	15	22	44	0	135	207	75	20	316	18	33	11	18	33	11	11	22	44	0	46	110	55	9	18	33	11	5	0	11	0	1	0	0	0	11	22	44	0	46	110	55	9	19	33	11	6	0	0	0	7	0	0	0	5	0	11	0	1	0	0	0	11	22	44	0	49	110	55	9	58	65	15	7	0	0	0	8	0	0	0	6	0	0	0	12	0	0	0	5	0	11	0	12	0	0	0	15	22	44	0	135	207	75	20
405	391	42	13	96	377	26	0	48	42	13	96	16	0	12	59	104	13	96	217	363	25	0	48	26	0	48	15	0	11	59	71	0	48	137	42	13	96	7	0	0	0	15	13	0	0	16	0	12	59	104	13	96	217	349	24	0	46	25	0	48	14	0	11	57	66	0	48	107	26	0	48	6	0	0	0	5	0	0	0	15	0	11	59	71	0	48	137	42	13	96	7	0	0	24	11	13	0	0	7	0	0	0	15	13	0	0	16	0	12	59	104	13	96	217	335	23	0	46	24	0	46	13	0	11	57	62	0	46	107	25	0	48	5	0	0	0	5	0	0	0	14	0	11	57	66	0	48	107	26	0	48	6	0	0	24	7	0	0	0	6	0	0	0	5	0	0	0	15	0	11	59	71	0	48	137	42	13	96	7	0	0	0	7	13	0	0	7	0	0	24	11	13	0	0	7	0	0	0	15	13	0	0	16	0	12	59	104	13	96	217
491	474	58	30	122	457	38	0	81	58	30	122	32	0	54	63	146	30	244	193	440	37	0	73	38	0	81	31	0	52	52	106	0	162	128	58	30	122	13	0	0	67	20	15	0	0	32	0	54	63	146	30	244	193	423	33	0	30	37	0	73	30	0	48	23	101	0	146	98	38	0	81	8	0	0	0	5	0	0	0	31	0	52	52	106	0	162	128	58	30	122	8	0	30	59	10	15	0	190	13	0	0	67	20	15	0	0	32	0	54	63	146	30	244	193	406	27	0	23	33	0	30	23	0	11	23	84	0	60	98	37	0	73	7	0	0	0	5	0	0	0	30	0	48	23	101	0	146	98	38	0	81	2	0	30	24	3	0	0	109	8	0	0	0	5	0	0	0	31	0	52	52	106	0	162	128	58	30	122	10	0	45	0	10	15	0	37	8	0	30	59	10	15	0	190	13	0	0	67	20	15	0	0	32	0	54	63	146	30	244	193
468	450	65	113	52	432	33	81	22	65	113	52	25	70	9	22	155	242	156	154	414	32	80	19	33	81	22	24	68	8	19	92	189	66	96	65	113	52	7	14	0	15	26	9	0	0	25	70	9	22	155	242	156	154	396	30	79	12	32	80	19	23	68	5	12	87	188	57	66	33	81	22	5	14	0	0	10	0	0	0	24	68	8	19	92	189	66	96	65	113	52	5	13	0	24	13	22	0	7	7	14	0	15	26	9	0	0	25	70	9	22	155	242	156	154	378	26	73	12	30	79	12	21	66	0	12	79	184	36	66	32	80	19	4	14	0	0	10	0	0	0	23	68	5	12	87	188	57	66	33	81	22	1	12	0	24	3	12	0	0	5	14	0	0	10	0	0	0	24	68	8	19	92	189	66	96	65	113	52	9	65	18	0	14	22	0	0	5	13	0	24	13	22	0	7	7	14	0	15	26	9	0	0	25	70	9	22	155	242	156	154
459	443	64	55	93	427	34	0	85	64	55	93	38	0	99	25	165	143	465	15	411	27	0	85	34	0	85	18	0	98	25	97	0	425	11	64	55	93	7	0	31	0	23	55	0	0	38	0	99	25	165	143	465	15	395	25	0	69	27	0	85	17	0	98	23	74	0	425	11	34	0	85	4	0	31	0	10	0	0	0	18	0	98	25	97	0	425	11	64	55	93	2	0	12	55	6	11	0	87	7	0	31	0	23	55	0	0	38	0	99	25	165	143	465	15	379	24	0	66	25	0	69	16	0	72	23	65	0	345	11	27	0	85	3	0	31	0	10	0	0	0	17	0	98	23	74	0	425	11	34	0	85	1	0	12	52	1	0	0	54	4	0	31	0	10	0	0	0	18	0	98	25	97	0	425	11	64	55	93	6	0	0	36	6	11	0	0	2	0	12	55	6	11	0	87	7	0	31	0	23	55	0	0	38	0	99	25	165	143	465	15
363	350	54	44	44	337	29	12	26	54	44	44	27	0	42	11	132	96	176	75	324	25	12	26	29	12	26	16	0	41	11	79	24	104	36	54	44	44	5	0	15	0	17	24	0	0	27	0	42	11	132	96	176	75	311	24	12	26	25	12	26	15	0	41	11	67	24	104	20	29	12	26	4	0	15	0	6	0	0	0	16	0	41	11	79	24	104	36	54	44	44	3	0	0	0	7	8	0	0	5	0	15	0	17	24	0	0	27	0	42	11	132	96	176	75	298	23	12	26	24	12	26	14	0	41	11	63	24	104	20	25	12	26	3	0	15	0	6	0	0	0	15	0	41	11	67	24	104	20	29	12	26	2	0	0	0	2	0	0	0	4	0	15	0	6	0	0	0	16	0	41	11	79	24	104	36	54	44	44	7	0	0	0	7	8	0	0	3	0	0	0	7	8	0	0	5	0	15	0	17	24	0	0	27	0	42	11	132	96	176	75
491	473	59	59	143	455	34	17	108	59	59	143	38	0	75	95	149	149	429	189	437	28	17	107	34	17	108	18	0	73	91	92	51	324	133	59	59	143	5	0	0	11	15	17	0	0	38	0	75	95	149	149	429	189	419	27	17	107	28	17	107	17	0	73	91	74	51	321	130	34	17	108	4	0	0	11	14	17	0	0	18	0	73	91	92	51	324	133	59	59	143	2	0	0	0	1	0	0	0	5	0	0	11	15	17	0	0	38	0	75	95	149	149	429	189	401	25	17	106	27	17	107	16	0	73	90	70	51	321	107	28	17	107	3	0	0	11	14	17	0	0	17	0	73	91	74	51	321	130	34	17	108	1	0	0	0	1	0	0	0	4	0	0	11	14	17	0	0	18	0	73	91	92	51	324	133	59	59	143	3	0	9	16	1	0	0	0	2	0	0	0	1	0	0	0	5	0	0	11	15	17	0	0	38	0	75	95	149	149	429	189
552	532	76	92	127	512	38	28	103	76	92	127	37	112	162	70	201	248	508	137	492	31	0	103	38	28	103	21	0	159	70	107	84	412	111	76	92	127	9	0	44	0	23	0	254	0	37	112	162	70	201	248	508	137	472	29	0	103	31	0	103	18	0	159	70	80	0	412	111	38	28	103	6	0	42	0	22	0	206	0	21	0	159	70	107	84	412	111	76	92	127	1	0	10	0	0	0	0	0	9	0	44	0	23	0	254	0	37	112	162	70	201	248	508	137	452	28	0	87	29	0	103	17	0	159	45	76	0	412	95	31	0	103	5	0	42	0	22	0	206	0	18	0	159	70	80	0	412	111	38	28	103	0	0	10	0	0	0	0	0	6	0	42	0	22	0	206	0	21	0	159	70	107	84	412	111	76	92	127	0	0	0	36	0	0	0	87	1	0	10	0	0	0	0	0	9	0	44	0	23	0	254	0	37	112	162	70	201	248	508	137
381	365	63	82	53	349	34	67	10	63	82	53	36	64	10	0	158	185	53	311	333	28	65	10	34	67	10	16	60	10	0	96	164	10	214	63	82	53	3	20	0	0	17	12	0	0	36	64	10	0	158	185	53	311	317	27	65	10	28	65	10	15	60	10	0	78	160	10	203	34	67	10	2	20	0	0	10	10	0	0	16	60	10	0	96	164	10	214	61	82	53	2	0	0	0	4	0	0	0	3	20	0	0	17	12	0	0	36	64	10	0	153	185	53	311	301	25	65	10	27	65	10	14	60	10	0	74	160	10	137	28	65	10	1	20	0	0	10	10	0	0	15	60	10	0	78	160	10	203	32	67	10	1	0	0	0	1	0	0	0	2	20	0	0	10	10	0	0	16	60	10	0	91	164	10	214	59	82	53	3	0	9	0	3	0	0	0	2	0	0	0	4	0	0	0	3	20	0	0	17	12	0	0	32	64	10	0	145	185	53	311
492	473	83	102	91	454	50	87	30	83	102	91	67	39	0	51	212	306	91	407	435	39	73	29	50	87	30	36	25	0	49	132	282	30	262	83	102	91	8	25	34	8	20	64	91	0	67	39	0	51	212	306	91	407	416	34	60	25	39	73	29	30	12	0	42	98	215	29	251	50	87	30	8	12	30	5	20	64	30	0	36	25	0	49	132	282	30	262	83	102	91	1	12	52	23	7	0	91	0	8	25	34	8	20	64	91	0	67	39	0	51	212	306	91	407	397	30	48	0	34	60	25	23	0	0	0	84	164	25	183	39	73	29	6	0	30	0	18	64	29	0	30	12	0	42	98	215	29	251	50	87	30	1	0	45	0	4	0	30	0	8	12	30	5	20	64	30	0	36	25	0	49	132	282	30	262	83	102	91	9	0	41	0	8	0	91	123	1	12	52	23	7	0	91	0	8	25	34	8	20	64	91	0	67	39	0	51	212	306	91	407
371	356	70	85	11	341	35	54	0	70	85	11	41	73	0	0	179	220	44	93	326	28	44	0	35	54	0	17	33	0	0	98	140	0	85	70	85	11	7	0	0	0	21	44	22	0	41	73	0	0	179	220	44	93	311	27	44	0	28	44	0	16	33	0	0	78	110	0	85	35	54	0	6	0	0	0	20	44	0	0	17	33	0	0	98	140	0	85	70	85	11	1	0	0	0	0	0	0	0	7	0	0	0	21	44	22	0	41	73	0	0	179	220	44	93	296	26	44	0	27	44	0	15	33	0	0	74	110	0	69	28	44	0	5	0	0	0	18	44	0	0	16	33	0	0	78	110	0	85	35	54	0	0	0	0	0	0	0	0	0	6	0	0	0	20	44	0	0	17	33	0	0	98	140	0	85	70	85	11	0	0	0	0	0	0	0	0	1	0	0	0	0	0	0	0	7	0	0	0	21	44	22	0	41	73	0	0	179	220	44	93
331	318	43	33	103	305	28	22	43	43	33	103	22	11	50	86	110	67	103	425	292	26	22	41	28	22	43	18	11	0	82	75	55	43	251	43	33	103	5	0	12	30	15	11	0	0	22	11	50	86	110	67	103	425	279	25	22	41	26	22	41	17	11	0	82	70	55	41	249	28	22	43	4	0	0	30	15	11	0	0	18	11	0	82	75	55	43	251	43	33	103	0	0	12	0	0	0	0	0	5	0	12	30	15	11	0	0	22	11	50	86	110	67	103	425	266	25	22	41	25	22	41	17	11	0	82	67	55	41	245	26	22	41	4	0	0	30	15	11	0	0	17	11	0	82	70	55	41	249	28	22	43	0	0	0	0	0	0	0	0	4	0	0	30	15	11	0	0	18	11	0	82	75	55	43	251	43	33	103	0	0	0	0	0	0	0	0	0	0	12	0	0	0	0	0	5	0	12	30	15	11	0	0	22	11	50	86	110	67	103	425
358	344	41	36	83	330	18	24	46	41	36	83	14	12	49	52	104	73	83	281	316	17	24	46	18	24	46	11	12	10	52	49	60	46	211	41	36	83	2	0	0	0	14	12	0	0	14	12	49	52	104	73	83	281	302	17	24	46	17	24	46	11	12	10	52	48	60	46	210	18	24	46	2	0	0	0	13	12	0	0	11	12	10	52	49	60	46	211	41	36	83	0	0	0	0	0	0	0	0	2	0	0	0	14	12	0	0	14	12	49	52	104	73	83	281	288	17	24	46	17	24	46	11	12	10	52	48	60	46	210	17	24	46	2	0	0	0	13	12	0	0	11	12	10	52	48	60	46	210	18	24	46	0	0	0	0	0	0	0	0	2	0	0	0	13	12	0	0	11	12	10	52	49	60	46	211	41	36	83	0	0	0	0	0	0	0	0	0	0	0	0	0	0	0	0	2	0	0	0	14	12	0	0	14	12	49	52	104	73	83	281
445	428	61	71	102	411	27	16	63	61	71	102	36	0	71	79	144	240	510	281	394	22	16	62	27	16	63	17	0	30	78	69	64	315	211	61	71	102	5	0	11	16	18	59	0	0	36	0	71	79	144	240	510	281	377	22	16	62	22	16	62	17	0	30	78	60	64	310	210	27	16	63	5	0	10	16	18	48	0	0	17	0	30	78	69	64	315	211	61	71	102	0	0	0	0	0	0	0	0	5	0	11	16	18	59	0	0	36	0	71	79	144	240	510	281	360	22	16	62	22	16	62	17	0	30	78	60	64	310	210	22	16	62	5	0	10	16	16	48	0	0	17	0	30	78	60	64	310	210	27	16	63	0	0	0	0	0	0	0	0	5	0	10	16	18	48	0	0	17	0	30	78	69	64	315	211	61	71	102	0	0	0	0	0	0	0	0	0	0	0	0	0	0	0	0	5	0	11	16	18	59	0	0	36	0	71	79	144	240	510	281
240	231	30	18	33	222	12	0	30	30	18	33	10	0	33	30	66	36	99	0	213	11	0	30	12	0	30	8	0	30	30	29	0	90	0	30	18	33	2	0	11	0	9	0	0	0	10	0	33	30	66	36	99	0	204	11	0	30	11	0	30	8	0	30	30	29	0	90	0	12	0	30	2	0	10	0	8	0	0	0	8	0	30	30	29	0	90	0	30	18	33	0	0	0	0	0	0	0	0	2	0	11	0	9	0	0	0	10	0	33	30	66	36	99	0	195	11	0	30	11	0	30	8	0	30	30	29	0	90	0	11	0	30	2	0	10	0	8	0	0	0	8	0	30	30	29	0	90	0	12	0	30	0	0	0	0	0	0	0	0	2	0	10	0	8	0	0	0	8	0	30	30	29	0	90	0	30	18	33	0	0	0	0	0	0	0	0	0	0	0	0	0	0	0	0	2	0	11	0	9	0	0	0	10	0	33	30	66	36	99	0
257	247	39	27	19	237	16	9	0	39	27	19	12	0	38	0	86	63	57	138	227	16	9	0	16	9	0	12	0	0	0	41	27	0	103	39	27	19	2	0	0	0	14	0	0	0	12	0	38	0	86	63	57	138	217	16	9	0	16	9	0	12	0	0	0	41	27	0	103	16	9	0	2	0	0	0	13	0	0	0	12	0	0	0	41	27	0	103	39	27	19	0	0	0	0	0	0	0	0	2	0	0	0	14	0	0	0	12	0	38	0	86	63	57	138	207	16	9	0	16	9	0	12	0	0	0	41	27	0	103	16	9	0	2	0	0	0	13	0	0	0	12	0	0	0	41	27	0	103	16	9	0	0	0	0	0	0	0	0	0	2	0	0	0	13	0	0	0	12	0	0	0	41	27	0	103	39	27	19	0	0	0	0	0	0	0	0	0	0	0	0	0	0	0	0	2	0	0	0	14	0	0	0	12	0	38	0	86	63	57	138
335	322	38	30	61	309	18	0	33	38	30	61	21	0	46	55	86	30	183	154	296	16	0	30	18	0	33	13	0	44	50	49	0	99	93	38	30	61	5	0	11	30	13	0	0	0	21	0	46	55	86	30	183	154	283	16	0	29	16	0	30	13	0	40	50	46	0	90	92	18	0	33	5	0	11	29	13	0	0	0	13	0	44	50	49	0	99	93	38	30	61	0	0	0	9	0	0	0	0	5	0	11	30	13	0	0	0	21	0	46	55	86	30	183	154	270	16	0	29	16	0	29	13	0	37	50	46	0	87	92	16	0	30	5	0	10	29	13	0	0	0	13	0	40	50	46	0	90	92	18	0	33	0	0	0	9	0	0	0	0	5	0	11	29	13	0	0	0	13	0	44	50	49	0	99	93	38	30	61	0	0	0	0	0	0	0	0	0	0	0	9	0	0	0	0	5	0	11	30	13	0	0	0	21	0	46	55	86	30	183	154
445	427	70	88	91	409	37	33	69	70	88	91	47	0	59	110	171	213	455	102	391	31	32	34	37	33	69	26	0	56	20	101	81	345	63	70	88	91	13	16	24	48	31	48	0	229	47	0	59	110	171	213	455	102	373	31	32	31	31	32	34	26	0	40	20	87	80	170	62	37	33	69	13	16	23	43	31	48	0	133	26	0	56	20	101	81	345	63	70	88	91	2	0	0	33	2	0	0	0	13	16	24	48	31	48	0	229	47	0	59	110	171	213	455	102	355	31	32	31	31	32	31	26	0	37	20	87	80	155	62	31	32	34	13	16	10	43	29	48	0	132	26	0	40	20	87	80	170	62	37	33	69	2	0	0	33	2	0	0	0	13	16	23	43	31	48	0	133	26	0	56	20	101	81	345	63	70	88	91	0	0	0	0	2	0	0	0	2	0	0	33	2	0	0	0	13	16	24	48	31	48	0	229	47	0	59	110	171	213	455	102
397	380	56	79	71	363	28	62	19	56	79	71	33	76	0	76	132	170	71	340	346	23	60	0	28	62	19	13	72	0	0	75	158	19	182	56	79	71	3	24	0	0	18	48	0	138	33	76	0	76	132	170	71	340	329	23	60	0	23	60	0	13	72	0	0	65	156	0	179	28	62	19	3	24	0	0	18	48	0	103	13	72	0	0	75	158	19	182	56	79	71	0	0	0	0	0	0	0	0	3	24	0	0	18	48	0	138	33	76	0	76	132	170	71	340	312	23	60	0	23	60	0	13	72	0	0	65	156	0	179	23	60	0	3	24	0	0	16	48	0	103	13	72	0	0	65	156	0	179	28	62	19	0	0	0	0	0	0	0	0	3	24	0	0	18	48	0	103	13	72	0	0	75	158	19	182	56	79	71	0	0	0	0	0	0	0	0	0	0	0	0	0	0	0	0	3	24	0	0	18	48	0	138	33	76	0	76	132	170	71	340
265	254	34	33	23	243	16	18	0	34	33	23	17	9	0	0	79	37	46	154	232	15	18	0	16	18	0	12	9	0	0	45	36	0	93	34	33	23	5	0	0	0	14	0	0	0	17	9	0	0	79	37	46	154	221	15	18	0	15	18	0	12	9	0	0	44	36	0	92	16	18	0	5	0	0	0	14	0	0	0	12	9	0	0	45	36	0	93	34	33	23	0	0	0	0	0	0	0	0	5	0	0	0	14	0	0	0	17	9	0	0	79	37	46	154	210	15	18	0	15	18	0	12	9	0	0	44	36	0	92	15	18	0	5	0	0	0	14	0	0	0	12	9	0	0	44	36	0	92	16	18	0	0	0	0	0	0	0	0	0	5	0	0	0	14	0	0	0	12	9	0	0	45	36	0	93	34	33	23	0	0	0	0	0	0	0	0	0	0	0	0	0	0	0	0	5	0	0	0	14	0	0	0	17	9	0	0	79	37	46	154
363	347	67	98	11	331	26	62	0	67	98	11	30	95	0	0	154	280	55	102	315	23	55	0	26	62	0	18	66	0	0	69	197	0	63	67	98	11	12	22	0	0	25	33	11	0	30	95	0	0	154	280	55	102	299	23	55	0	23	55	0	18	66	0	0	61	187	0	62	26	62	0	12	22	0	0	23	33	0	0	18	66	0	0	69	197	0	63	67	98	11	2	0	0	0	3	0	0	0	12	22	0	0	25	33	11	0	30	95	0	0	154	280	55	102	283	23	55	0	23	55	0	18	66	0	0	61	187	0	62	23	55	0	12	22	0	0	21	33	0	0	18	66	0	0	61	187	0	62	26	62	0	2	0	0	0	2	0	0	0	12	22	0	0	23	33	0	0	18	66	0	0	69	197	0	63	67	98	11	0	0	0	0	3	0	0	0	2	0	0	0	3	0	0	0	12	22	0	0	25	33	11	0	30	95	0	0	154	280	55	102
250	240	20	0	69	230	11	0	32	20	0	69	7	0	18	48	51	0	0	186	220	11	0	30	11	0	32	7	0	11	44	32	0	0	102	20	0	69	3	0	0	22	10	0	0	0	7	0	18	48	51	0	0	186	210	11	0	28	11	0	30	7	0	11	40	32	0	0	64	11	0	32	3	0	0	20	10	0	0	0	7	0	11	44	32	0	0	102	20	0	69	0	0	0	20	1	0	0	0	3	0	0	22	10	0	0	0	7	0	18	48	51	0	0	186	200	11	0	27	11	0	28	7	0	10	38	32	0	0	60	11	0	30	3	0	0	20	10	0	0	0	7	0	11	40	32	0	0	64	11	0	32	0	0	0	19	1	0	0	0	3	0	0	20	10	0	0	0	7	0	11	44	32	0	0	102	20	0	69	0	0	0	9	1	0	0	0	0	0	0	20	1	0	0	0	3	0	0	22	10	0	0	0	7	0	18	48	51	0	0	186
322	309	46	30	59	296	26	0	31	46	30	59	25	0	50	22	116	60	177	163	283	25	0	31	26	0	31	23	0	43	22	71	0	93	102	46	30	59	12	0	12	0	20	0	0	0	25	0	50	22	116	60	177	163	270	25	0	29	25	0	31	23	0	43	20	70	0	93	64	26	0	31	12	0	12	0	20	0	0	0	23	0	43	22	71	0	93	102	46	30	59	2	0	0	21	11	0	0	0	12	0	12	0	20	0	0	0	25	0	50	22	116	60	177	163	257	25	0	26	25	0	29	23	0	40	18	70	0	87	60	25	0	31	12	0	12	0	20	0	0	0	23	0	43	20	70	0	93	64	26	0	31	2	0	0	18	4	0	0	0	12	0	12	0	20	0	0	0	23	0	43	22	71	0	93	102	46	30	59	8	0	0	27	13	0	0	0	2	0	0	21	11	0	0	0	12	0	12	0	20	0	0	0	25	0	50	22	116	60	177	163
357	342	70	62	55	327	41	26	36	70	62	55	48	0	56	35	186	168	220	102	312	36	26	35	41	26	36	32	0	48	34	117	78	144	69	70	62	55	18	0	12	12	28	52	0	0	48	0	56	35	186	168	220	102	297	35	26	21	36	26	35	31	0	47	20	103	78	140	34	41	26	36	16	0	12	0	27	52	0	0	32	0	48	34	117	78	144	69	70	62	55	7	0	0	21	20	13	0	91	18	0	12	12	28	52	0	0	48	0	56	35	186	168	220	102	282	34	26	18	35	26	21	30	0	32	18	98	78	84	31	36	26	35	15	0	12	0	23	52	0	0	31	0	47	20	103	78	140	34	41	26	36	5	0	0	18	9	13	0	30	16	0	12	0	27	52	0	0	32	0	48	34	117	78	144	69	70	62	55	17	0	0	27	21	13	0	0	7	0	0	21	20	13	0	91	18	0	12	12	28	52	0	0	48	0	56	35	186	168	220	102
200	192	24	0	44	184	16	0	0	24	0	44	13	0	5	0	62	0	0	257	176	16	0	0	16	0	0	13	0	0	0	45	0	0	121	24	0	44	5	0	0	0	14	0	0	0	13	0	5	0	62	0	0	257	168	16	0	0	16	0	0	13	0	0	0	45	0	0	64	16	0	0	5	0	0	0	14	0	0	0	13	0	0	0	45	0	0	121	24	0	44	0	0	0	0	1	0	0	0	5	0	0	0	14	0	0	0	13	0	5	0	62	0	0	257	160	16	0	0	16	0	0	13	0	0	0	45	0	0	60	16	0	0	5	0	0	0	14	0	0	0	13	0	0	0	45	0	0	64	16	0	0	0	0	0	0	1	0	0	0	5	0	0	0	14	0	0	0	13	0	0	0	45	0	0	121	24	0	44	0	0	0	0	1	0	0	0	0	0	0	0	1	0	0	0	5	0	0	0	14	0	0	0	13	0	5	0	62	0	0	257
352	335	88	113	16	318	42	83	0	88	113	16	51	110	5	0	214	313	80	102	301	36	74	0	42	83	0	27	98	0	0	115	231	0	69	88	113	16	9	83	0	0	29	60	0	0	51	110	5	0	214	313	80	102	284	35	72	0	36	74	0	26	90	0	0	98	207	0	34	42	83	0	7	81	0	0	25	58	0	0	27	98	0	0	115	231	0	69	88	113	16	5	18	0	0	30	9	0	0	9	83	0	0	29	60	0	0	51	110	5	0	214	313	80	102	267	34	72	0	35	72	0	25	90	0	0	93	207	0	31	36	74	0	6	81	0	0	21	54	0	0	26	90	0	0	98	207	0	34	42	83	0	3	18	0	0	11	9	0	0	7	81	0	0	25	58	0	0	27	98	0	0	115	231	0	69	88	113	16	19	0	0	0	27	9	0	0	5	18	0	0	30	9	0	0	9	83	0	0	29	60	0	0	51	110	5	0	214	313	80	102
353	338	59	38	84	323	38	14	55	59	38	84	38	0	29	71	152	78	168	130	308	38	14	53	38	14	55	38	0	27	65	110	42	110	67	59	38	84	20	0	0	22	29	0	0	0	38	0	29	71	152	78	168	130	293	35	14	53	38	14	53	38	0	27	65	110	42	106	66	38	14	55	15	0	0	22	20	0	0	0	38	0	27	65	110	42	110	67	59	38	84	14	0	0	0	28	36	0	0	20	0	0	22	29	0	0	0	38	0	29	71	152	78	168	130	278	30	12	51	35	14	53	31	0	27	60	97	42	106	50	38	14	53	15	0	0	20	20	0	0	0	38	0	27	65	110	42	106	66	38	14	55	6	0	0	0	9	0	0	0	15	0	0	22	20	0	0	0	38	0	27	65	110	42	110	67	59	38	84	21	24	15	21	25	48	0	0	14	0	0	0	28	36	0	0	20	0	0	22	29	0	0	0	38	0	29	71	152	78	168	130
401	383	81	101	64	365	49	65	38	81	101	64	52	78	26	38	209	230	192	130	347	45	65	37	49	65	38	38	78	24	37	144	156	114	67	81	101	64	24	0	0	13	38	60	0	0	52	78	26	38	209	230	192	130	329	41	65	36	45	65	37	37	78	24	36	131	156	111	66	49	65	38	17	0	0	12	24	52	0	0	38	78	24	37	144	156	114	67	81	101	64	16	0	0	12	31	45	0	0	24	0	0	13	38	60	0	0	52	78	26	38	209	230	192	130	311	35	59	20	41	65	36	29	78	24	22	113	156	108	50	45	65	37	16	0	0	0	20	52	0	0	37	78	24	36	131	156	111	66	49	65	38	6	0	0	0	11	13	0	0	17	0	0	12	24	52	0	0	38	78	24	37	144	156	114	67	81	101	64	20	60	12	38	27	55	0	91	16	0	0	12	31	45	0	0	24	0	0	13	38	60	0	0	52	78	26	38	209	230	192	130
246	235	50	27	33	224	31	18	5	50	27	33	30	9	0	25	128	44	33	130	213	31	18	0	31	18	5	30	9	0	0	89	36	5	67	50	27	33	15	0	0	0	24	0	0	11	30	9	0	25	128	44	33	130	202	30	18	0	31	18	0	30	9	0	0	89	36	0	66	31	18	5	14	0	0	0	20	0	0	0	30	9	0	0	89	36	5	67	50	27	33	6	0	0	0	24	8	0	0	15	0	0	0	24	0	0	11	30	9	0	25	128	44	33	130	191	29	18	0	30	18	0	29	9	0	0	85	36	0	50	31	18	0	14	0	0	0	20	0	0	0	30	9	0	0	89	36	0	66	31	18	5	5	0	0	0	6	0	0	0	14	0	0	0	20	0	0	0	30	9	0	0	89	36	5	67	50	27	33	16	0	0	0	22	8	0	0	6	0	0	0	24	8	0	0	15	0	0	0	24	0	0	11	30	9	0	25	128	44	33	130
347	330	91	113	13	313	49	82	0	91	113	13	57	86	0	0	210	327	52	71	296	45	79	0	49	82	0	41	82	0	0	135	248	0	36	91	113	13	32	35	0	0	51	41	0	0	57	86	0	0	210	327	52	71	279	38	76	0	45	79	0	39	80	0	0	126	237	0	35	49	82	0	15	34	0	0	22	34	0	0	41	82	0	0	135	248	0	36	91	113	13	18	32	0	0	35	65	0	0	32	35	0	0	51	41	0	0	57	86	0	0	210	327	52	71	262	31	68	0	38	76	0	27	74	0	0	98	227	0	21	45	79	0	14	32	0	0	20	32	0	0	39	80	0	0	126	237	0	35	49	82	0	3	30	0	0	14	36	0	0	15	34	0	0	22	34	0	0	41	82	0	0	135	248	0	36	91	113	13	21	66	0	0	31	65	0	0	18	32	0	0	35	65	0	0	32	35	0	0	51	41	0	0	57	86	0	0	210	327	52	71
250	239	67	35	4	228	42	10	0	67	35	4	43	0	0	0	154	75	20	16	217	41	10	0	42	10	0	39	0	0	0	119	0	0	0	67	35	4	44	0	0	0	40	5	0	0	43	0	0	0	154	75	20	16	206	33	10	0	41	10	0	38	0	0	0	119	0	0	0	42	10	0	15	0	0	0	16	0	0	0	39	0	0	0	119	0	0	0	67	35	4	13	0	0	0	19	40	0	0	44	0	0	0	40	5	0	0	43	0	0	0	154	75	20	16	195	29	10	0	33	10	0	31	0	0	0	93	0	0	0	41	10	0	15	0	0	0	16	0	0	0	38	0	0	0	119	0	0	0	42	10	0	6	0	0	0	8	0	0	0	15	0	0	0	16	0	0	0	39	0	0	0	119	0	0	0	67	35	4	23	0	0	0	21	20	0	0	13	0	0	0	19	40	0	0	44	0	0	0	40	5	0	0	43	0	0	0	154	75	20	16
360	344	69	42	94	328	46	28	49	69	42	94	43	14	8	55	153	114	94	198	312	42	27	47	46	28	49	36	14	8	51	123	98	49	98	69	42	94	37	13	8	24	36	26	0	0	43	14	8	55	153	114	94	198	296	31	13	47	42	27	47	33	13	8	51	114	94	47	90	46	28	49	7	0	8	24	12	0	0	0	36	14	8	51	123	98	49	98	69	42	94	10	13	45	0	8	0	94	0	37	13	8	24	36	26	0	0	43	14	8	55	153	114	94	198	280	22	0	47	31	13	47	25	0	8	51	79	39	47	89	42	27	47	7	0	8	24	12	0	0	0	33	13	8	51	114	94	47	90	46	28	49	4	0	43	0	7	0	49	0	7	0	8	24	12	0	0	0	36	14	8	51	123	98	49	98	69	42	94	11	0	64	0	8	0	94	0	10	13	45	0	8	0	94	0	37	13	8	24	36	26	0	0	43	14	8	55	153	114	94	198
328	313	62	74	13	298	34	44	8	62	74	13	33	0	8	0	136	162	65	4	283	25	24	8	34	44	8	21	0	8	0	96	132	40	0	62	74	13	15	120	8	0	24	42	0	0	33	0	8	0	136	162	65	4	268	19	0	8	25	24	8	18	0	8	0	73	72	40	0	34	44	8	4	0	8	0	7	0	0	0	21	0	8	0	96	132	40	0	62	74	13	8	0	16	0	3	0	52	0	15	120	8	0	24	42	0	0	33	0	8	0	136	162	65	4	253	15	0	8	19	0	8	11	0	8	0	54	0	40	0	25	24	8	4	0	8	0	7	0	0	0	18	0	8	0	73	72	40	0	34	44	8	1	0	16	0	3	0	32	0	4	0	8	0	7	0	0	0	21	0	8	0	96	132	40	0	62	74	13	7	0	0	0	3	0	0	0	8	0	16	0	3	0	52	0	15	120	8	0	24	42	0	0	33	0	8	0	136	162	65	4
399	379	103	156	33	359	55	127	0	103	156	33	51	162	0	0	247	471	66	165	339	48	120	0	55	127	0	36	154	0	0	161	421	0	93	103	156	33	44	68	0	0	52	77	0	0	51	162	0	0	247	471	66	165	319	39	97	0	48	120	0	34	142	0	0	140	396	0	90	55	127	0	11	36	0	0	17	46	0	0	36	154	0	0	161	421	0	93	103	156	33	15	63	0	0	19	49	66	0	44	68	0	0	52	77	0	0	51	162	0	0	247	471	66	165	299	31	66	0	39	97	0	28	86	0	0	109	303	0	89	48	120	0	10	32	0	0	15	42	0	0	34	142	0	0	140	396	0	90	55	127	0	6	12	0	0	12	44	0	0	11	36	0	0	17	46	0	0	36	154	0	0	161	421	0	93	103	156	33	13	82	38	0	16	49	99	0	15	63	0	0	19	49	66	0	44	68	0	0	52	77	0	0	51	162	0	0	247	471	66	165
241	230	57	31	21	219	39	10	0	57	31	21	38	0	0	0	122	51	63	81	208	34	10	0	39	10	0	30	0	0	0	106	30	0	38	57	31	21	35	0	0	0	36	28	0	0	38	0	0	0	122	51	63	81	197	26	10	0	34	10	0	29	0	0	0	94	30	0	37	39	10	0	6	0	0	0	12	0	0	0	30	0	0	0	106	30	0	38	57	31	21	11	0	0	0	8	0	0	0	35	0	0	0	36	28	0	0	38	0	0	0	122	51	63	81	186	19	10	0	26	10	0	22	0	0	0	68	30	0	36	34	10	0	6	0	0	0	12	0	0	0	29	0	0	0	94	30	0	37	39	10	0	4	0	0	0	7	0	0	0	6	0	0	0	12	0	0	0	30	0	0	0	106	30	0	38	57	31	21	11	0	26	0	7	0	0	0	11	0	0	0	8	0	0	0	35	0	0	0	36	28	0	0	38	0	0	0	122	51	63	81
267	255	51	45	11	243	35	16	0	51	45	11	30	34	0	0	114	35	44	17	231	28	6	0	35	16	0	23	6	0	0	102	10	0	0	51	45	11	31	24	0	0	24	42	11	0	30	34	0	0	114	35	44	17	219	21	0	0	28	6	0	23	0	0	0	82	6	0	0	35	16	0	6	0	0	0	8	0	0	0	23	6	0	0	102	10	0	0	51	45	11	11	0	0	0	6	0	11	0	31	24	0	0	24	42	11	0	30	34	0	0	114	35	44	17	207	16	0	0	21	0	0	16	0	0	0	57	0	0	0	28	6	0	6	0	0	0	8	0	0	0	23	0	0	0	82	6	0	0	35	16	0	4	0	0	0	6	0	0	0	6	0	0	0	8	0	0	0	23	6	0	0	102	10	0	0	51	45	11	11	0	6	0	6	0	0	0	11	0	0	0	6	0	11	0	31	24	0	0	24	42	11	0	30	34	0	0	114	35	44	17
217	207	24	17	29	197	17	8	8	24	17	29	11	8	16	16	50	9	29	45	187	4	0	8	17	8	8	2	0	8	16	46	8	8	8	24	17	29	0	0	50	0	2	0	29	0	11	8	16	16	50	9	29	45	177	4	0	8	4	0	8	2	0	8	16	9	0	8	8	17	8	8	0	0	16	0	2	0	8	0	2	0	8	16	46	8	8	8	24	17	29	0	0	0	0	0	0	0	0	0	0	50	0	2	0	29	0	11	8	16	16	50	9	29	45	167	4	0	8	4	0	8	2	0	8	16	9	0	8	8	4	0	8	0	0	16	0	2	0	8	0	2	0	8	16	9	0	8	8	17	8	8	0	0	0	0	0	0	0	0	0	0	16	0	2	0	8	0	2	0	8	16	46	8	8	8	24	17	29	0	0	0	0	0	0	0	0	0	0	0	0	0	0	0	0	0	0	50	0	2	0	29	0	11	8	16	16	50	9	29	45
299	284	47	67	40	269	30	54	0	47	67	40	28	42	6	0	118	135	40	172	254	15	36	0	30	54	0	16	24	0	0	90	126	0	57	47	67	40	4	0	59	0	10	26	80	0	28	42	6	0	118	135	40	172	239	11	36	0	15	36	0	9	24	0	0	45	72	0	55	30	54	0	4	0	0	0	5	24	0	0	16	24	0	0	90	126	0	57	47	67	40	1	0	37	0	4	0	0	0	4	0	59	0	10	26	80	0	28	42	6	0	118	135	40	172	224	10	36	0	11	36	0	6	24	0	0	34	72	0	55	15	36	0	2	0	0	0	5	24	0	0	9	24	0	0	45	72	0	55	30	54	0	1	0	0	0	3	0	0	0	4	0	0	0	5	24	0	0	16	24	0	0	90	126	0	57	47	67	40	5	0	8	0	3	0	0	0	1	0	37	0	4	0	0	0	4	0	59	0	10	26	80	0	28	42	6	0	118	135	40	172
217	207	38	17	27	197	28	8	0	38	17	27	24	8	6	0	96	45	27	78	187	15	0	0	28	8	0	17	0	0	0	81	40	0	8	38	17	27	4	0	46	0	7	0	27	0	24	8	6	0	96	45	27	78	177	12	0	0	15	0	0	11	0	0	0	44	0	0	8	28	8	0	4	0	0	0	7	0	0	0	17	0	0	0	81	40	0	8	38	17	27	1	0	24	0	3	0	0	0	4	0	46	0	7	0	27	0	24	8	6	0	96	45	27	78	167	11	0	0	12	0	0	8	0	0	0	36	0	0	8	15	0	0	2	0	0	0	7	0	0	0	11	0	0	0	44	0	0	8	28	8	0	1	0	0	0	3	0	0	0	4	0	0	0	7	0	0	0	17	0	0	0	81	40	0	8	38	17	27	5	0	8	0	3	0	0	0	1	0	24	0	3	0	0	0	4	0	46	0	7	0	27	0	24	8	6	0	96	45	27	78
213	203	30	27	12	193	17	18	0	30	27	12	9	18	6	0	68	56	12	24	183	8	0	0	17	18	0	4	0	0	0	49	48	0	8	30	27	12	1	0	30	0	4	0	36	0	9	18	6	0	68	56	12	24	173	8	0	0	8	0	0	4	0	0	0	24	0	0	8	17	18	0	1	0	0	0	4	0	0	0	4	0	0	0	49	48	0	8	30	27	12	0	0	0	0	0	0	0	0	1	0	30	0	4	0	36	0	9	18	6	0	68	56	12	24	163	8	0	0	8	0	0	4	0	0	0	24	0	0	8	8	0	0	1	0	0	0	4	0	0	0	4	0	0	0	24	0	0	8	17	18	0	0	0	0	0	0	0	0	0	1	0	0	0	4	0	0	0	4	0	0	0	49	48	0	8	30	27	12	0	0	0	0	0	0	0	0	0	0	0	0	0	0	0	0	1	0	30	0	4	0	36	0	9	18	6	0	68	56	12	24
131	125	18	5	6	119	14	0	0	18	5	6	9	0	0	0	38	0	6	13	113	3	0	0	14	0	0	2	0	0	0	38	0	0	8	18	5	6	0	0	24	0	2	0	0	0	9	0	0	0	38	0	6	13	107	3	0	0	3	0	0	2	0	0	0	6	0	0	8	14	0	0	0	0	0	0	2	0	0	0	2	0	0	0	38	0	0	8	18	5	6	0	0	0	0	0	0	0	0	0	0	24	0	2	0	0	0	9	0	0	0	38	0	6	13	101	3	0	0	3	0	0	2	0	0	0	6	0	0	8	3	0	0	0	0	0	0	2	0	0	0	2	0	0	0	6	0	0	8	14	0	0	0	0	0	0	0	0	0	0	0	0	0	0	2	0	0	0	2	0	0	0	38	0	0	8	18	5	6	0	0	0	0	0	0	0	0	0	0	0	0	0	0	0	0	0	0	24	0	2	0	0	0	9	0	0	0	38	0	6	13
186	177	19	18	32	168	1	0	31	19	18	32	0	0	44	10	52	48	96	0	159	1	0	29	1	0	31	0	0	42	8	5	0	93	0	19	18	32	0	0	0	16	0	0	0	0	0	0	44	10	52	48	96	0	150	1	0	29	1	0	29	0	0	38	8	5	0	87	0	1	0	31	0	0	0	16	0	0	0	0	0	0	42	8	5	0	93	0	19	18	32	0	0	0	0	0	0	0	0	0	0	0	16	0	0	0	0	0	0	44	10	52	48	96	0	141	1	0	29	1	0	29	0	0	38	8	5	0	87	0	1	0	29	0	0	0	16	0	0	0	0	0	0	38	8	5	0	87	0	1	0	31	0	0	0	0	0	0	0	0	0	0	0	16	0	0	0	0	0	0	42	8	5	0	93	0	19	18	32	0	0	0	0	0	0	0	0	0	0	0	0	0	0	0	0	0	0	0	16	0	0	0	0	0	0	44	10	52	48	96	0
126	120	11	0	46	114	3	0	6	11	0	46	2	0	62	24	27	0	0	114	108	3	0	0	3	0	6	2	0	6	0	6	0	0	8	11	0	46	0	0	0	0	2	0	0	11	2	0	62	24	27	0	0	114	102	3	0	0	3	0	0	2	0	0	0	6	0	0	8	3	0	6	0	0	0	0	2	0	0	0	2	0	6	0	6	0	0	8	11	0	46	0	0	0	0	0	0	0	0	0	0	0	0	2	0	0	11	2	0	62	24	27	0	0	114	96	3	0	0	3	0	0	2	0	0	0	6	0	0	8	3	0	0	0	0	0	0	2	0	0	0	2	0	0	0	6	0	0	8	3	0	6	0	0	0	0	0	0	0	0	0	0	0	0	2	0	0	0	2	0	6	0	6	0	0	8	11	0	46	0	0	0	0	0	0	0	0	0	0	0	0	0	0	0	0	0	0	0	0	2	0	0	11	2	0	62	24	27	0	0	114
63	60	9	0	0	57	0	0	0	9	0	0	0	0	0	0	26	0	0	0	54	0	0	0	0	0	0	0	0	0	0	0	0	0	0	9	0	0	0	0	0	0	0	0	0	0	0	0	0	0	26	0	0	0	51	0	0	0	0	0	0	0	0	0	0	0	0	0	0	0	0	0	0	0	0	0	0	0	0	0	0	0	0	0	0	0	0	0	9	0	0	0	0	0	0	0	0	0	0	0	0	0	0	0	0	0	0	0	0	0	0	26	0	0	0	48	0	0	0	0	0	0	0	0	0	0	0	0	0	0	0	0	0	0	0	0	0	0	0	0	0	0	0	0	0	0	0	0	0	0	0	0	0	0	0	0	0	0	0	0	0	0	0	0	0	0	0	0	0	0	0	0	0	0	0	0	9	0	0	0	0	0	0	0	0	0	0	0	0	0	0	0	0	0	0	0	0	0	0	0	0	0	0	0	0	0	0	26	0	0	0
83	79	12	3	0	75	1	0	0	12	3	0	0	0	0	0	34	9	0	0	71	1	0	0	1	0	0	0	0	0	0	5	0	0	0	12	3	0	0	0	0	0	0	0	0	0	0	0	0	0	34	9	0	0	67	1	0	0	1	0	0	0	0	0	0	5	0	0	0	1	0	0	0	0	0	0	0	0	0	0	0	0	0	0	5	0	0	0	12	3	0	0	0	0	0	0	0	0	0	0	0	0	0	0	0	0	0	0	0	0	0	34	9	0	0	63	1	0	0	1	0	0	0	0	0	0	5	0	0	0	1	0	0	0	0	0	0	0	0	0	0	0	0	0	0	5	0	0	0	1	0	0	0	0	0	0	0	0	0	0	0	0	0	0	0	0	0	0	0	0	0	0	5	0	0	0	12	3	0	0	0	0	0	0	0	0	0	0	0	0	0	0	0	0	0	0	0	0	0	0	0	0	0	0	0	0	0	34	9	0	0
163	155	25	15	0	147	6	0	0	25	15	0	2	0	0	0	69	45	0	0	139	6	0	0	6	0	0	2	0	0	0	23	0	0	0	25	15	0	1	0	0	0	2	0	0	0	2	0	0	0	69	45	0	0	131	6	0	0	6	0	0	2	0	0	0	23	0	0	0	6	0	0	1	0	0	0	2	0	0	0	2	0	0	0	23	0	0	0	25	15	0	0	0	0	0	0	0	0	0	1	0	0	0	2	0	0	0	2	0	0	0	69	45	0	0	123	6	0	0	6	0	0	2	0	0	0	23	0	0	0	6	0	0	1	0	0	0	2	0	0	0	2	0	0	0	23	0	0	0	6	0	0	0	0	0	0	0	0	0	0	1	0	0	0	2	0	0	0	2	0	0	0	23	0	0	0	25	15	0	0	0	0	0	0	0	0	0	0	0	0	0	0	0	0	0	1	0	0	0	2	0	0	0	2	0	0	0	69	45	0	0
259	246	28	12	69	233	13	0	55	28	12	69	7	0	0	44	78	12	69	32	220	13	0	22	13	0	55	7	0	0	16	43	0	55	31	28	12	69	1	0	0	64	4	0	0	81	7	0	0	44	78	12	69	32	207	13	0	8	13	0	22	7	0	0	8	43	0	22	29	13	0	55	1	0	0	8	4	0	0	8	7	0	0	16	43	0	55	31	28	12	69	0	0	0	16	0	0	0	24	1	0	0	64	4	0	0	81	7	0	0	44	78	12	69	32	194	13	0	8	13	0	8	7	0	0	8	43	0	8	29	13	0	22	1	0	0	8	4	0	0	8	7	0	0	8	43	0	22	29	13	0	55	0	0	0	16	0	0	0	8	1	0	0	8	4	0	0	8	7	0	0	16	43	0	55	31	28	12	69	0	0	0	0	0	0	0	0	0	0	0	16	0	0	0	24	1	0	0	64	4	0	0	81	7	0	0	44	78	12	69	32
336	319	50	52	99	302	23	0	88	50	52	99	20	0	72	22	135	130	396	32	285	21	0	79	23	0	88	15	0	72	21	77	0	352	31	50	52	99	6	0	24	69	13	0	0	0	20	0	72	22	135	130	396	32	268	21	0	48	21	0	79	15	0	65	19	74	0	316	29	23	0	88	6	0	24	8	7	0	0	0	15	0	72	21	77	0	352	31	50	52	99	4	0	0	45	9	0	0	140	6	0	24	69	13	0	0	0	20	0	72	22	135	130	396	32	251	21	0	46	21	0	48	15	0	26	19	74	0	192	29	21	0	79	6	0	22	8	6	0	0	0	15	0	65	19	74	0	316	29	23	0	88	4	0	0	43	6	0	0	57	6	0	24	8	7	0	0	0	15	0	72	21	77	0	352	31	50	52	99	10	0	0	27	8	0	0	0	4	0	0	45	9	0	0	140	6	0	24	69	13	0	0	0	20	0	72	22	135	130	396	32
229	217	33	35	24	205	10	11	11	33	35	24	5	0	0	11	88	103	72	32	193	10	11	11	10	11	11	5	0	0	11	35	55	33	31	33	35	24	1	0	0	0	5	0	0	0	5	0	0	11	88	103	72	32	181	10	11	11	10	11	11	5	0	0	11	35	55	33	29	10	11	11	1	0	0	0	2	0	0	0	5	0	0	11	35	55	33	31	33	35	24	0	0	0	0	2	0	0	0	1	0	0	0	5	0	0	0	5	0	0	11	88	103	72	32	169	10	11	11	10	11	11	5	0	0	11	35	55	33	29	10	11	11	1	0	0	0	2	0	0	0	5	0	0	11	35	55	33	29	10	11	11	0	0	0	0	0	0	0	0	1	0	0	0	2	0	0	0	5	0	0	11	35	55	33	31	33	35	24	0	0	0	0	2	0	0	0	0	0	0	0	2	0	0	0	1	0	0	0	5	0	0	0	5	0	0	11	88	103	72	32
331	313	65	98	50	295	26	46	44	65	98	50	24	31	30	23	169	326	250	0	277	23	45	14	26	46	44	15	30	30	0	83	168	220	0	65	98	50	5	15	10	46	19	30	0	79	24	31	30	23	169	326	250	0	259	23	45	0	23	45	14	15	30	24	0	76	165	70	0	26	46	44	5	15	10	0	7	30	0	0	15	30	30	0	83	168	220	0	64	98	50	4	0	0	0	12	0	0	46	5	15	10	46	19	30	0	79	24	31	30	23	165	326	250	0	241	23	45	0	23	45	0	15	30	0	0	76	165	0	0	23	45	14	5	15	8	0	6	30	0	0	15	30	24	0	76	165	70	0	25	46	44	4	0	0	0	6	0	0	8	5	15	10	0	7	30	0	0	15	30	30	0	79	168	220	0	64	98	50	10	0	0	0	11	0	0	0	4	0	0	0	12	0	0	46	5	15	10	46	19	30	0	79	24	31	30	23	165	326	250	0
202	191	32	32	21	180	9	18	17	32	32	21	5	0	0	6	87	84	42	0	169	9	18	6	9	18	17	5	0	0	0	33	63	34	0	32	32	21	1	0	0	30	3	0	0	12	5	0	0	6	87	84	42	0	158	9	18	0	9	18	6	5	0	0	0	33	63	12	0	9	18	17	1	0	0	0	2	0	0	0	5	0	0	0	33	63	34	0	32	32	21	0	0	0	0	1	0	0	13	1	0	0	30	3	0	0	12	5	0	0	6	87	84	42	0	147	9	18	0	9	18	0	5	0	0	0	33	63	0	0	9	18	6	1	0	0	0	2	0	0	0	5	0	0	0	33	63	12	0	9	18	17	0	0	0	0	0	0	0	8	1	0	0	0	2	0	0	0	5	0	0	0	33	63	34	0	32	32	21	0	0	0	0	1	0	0	0	0	0	0	0	1	0	0	13	1	0	0	30	3	0	0	12	5	0	0	6	87	84	42	0
275	260	49	38	88	245	24	14	49	49	38	88	17	0	74	14	135	78	176	194	230	22	14	49	24	14	49	13	0	73	14	83	42	98	160	49	38	88	8	0	10	0	22	12	0	0	17	0	74	14	135	78	176	194	215	21	14	49	22	14	49	12	0	73	14	76	42	98	110	24	14	49	6	0	10	0	6	0	0	0	13	0	73	14	83	42	98	160	48	38	88	5	0	0	0	12	12	0	0	8	0	10	0	22	12	0	0	17	0	74	14	131	78	176	194	200	20	14	45	21	14	49	11	0	73	13	71	42	98	59	22	14	49	5	0	10	0	4	0	0	0	12	0	73	14	76	42	98	110	23	14	49	3	0	0	0	6	0	0	0	6	0	10	0	6	0	0	0	13	0	73	14	79	42	98	160	48	38	88	6	0	0	43	10	12	0	0	5	0	0	0	12	12	0	0	8	0	10	0	22	12	0	0	17	0	74	14	131	78	176	194
301	285	62	39	110	269	39	0	75	62	39	110	42	0	76	48	182	65	330	173	253	37	0	75	39	0	75	38	0	73	48	133	0	225	143	62	39	110	12	0	0	0	28	26	0	0	42	0	76	48	182	65	330	173	237	35	0	72	37	0	75	37	0	73	43	123	0	225	104	39	0	75	9	0	0	0	12	0	0	0	38	0	73	48	133	0	225	143	61	39	110	8	0	10	29	19	13	0	0	12	0	0	0	28	26	0	0	42	0	76	48	178	65	330	173	221	31	0	41	35	0	72	34	0	71	13	113	0	216	59	37	0	75	8	0	0	0	8	0	0	0	37	0	73	43	123	0	225	104	38	0	75	3	0	10	0	13	0	0	0	9	0	0	0	12	0	0	0	38	0	73	48	129	0	225	143	61	39	110	10	0	32	91	16	13	0	127	8	0	10	29	19	13	0	0	12	0	0	0	28	26	0	0	42	0	76	48	178	65	330	173
215	203	63	41	20	191	36	11	10	63	41	20	49	0	20	0	176	105	100	50	179	29	11	10	36	11	10	28	0	20	0	116	33	50	44	63	41	20	8	0	10	0	17	36	0	0	49	0	20	0	176	105	100	50	167	28	11	10	29	11	10	27	0	20	0	95	33	50	14	36	11	10	6	0	10	0	10	0	0	0	28	0	20	0	116	33	50	44	61	41	20	5	0	0	0	14	6	0	0	8	0	10	0	17	36	0	0	49	0	20	0	168	105	100	50	155	27	11	10	28	11	10	26	0	20	0	90	33	50	0	29	11	10	5	0	10	0	4	0	0	0	27	0	20	0	95	33	50	14	34	11	10	3	0	0	0	9	0	0	0	6	0	10	0	10	0	0	0	28	0	20	0	108	33	50	44	61	41	20	6	0	0	0	11	6	0	0	5	0	0	0	14	6	0	0	8	0	10	0	17	36	0	0	49	0	20	0	168	105	100	50
255	240	51	57	62	225	21	44	10	51	57	62	13	33	12	20	138	173	62	263	210	21	44	10	21	44	10	13	33	10	20	71	154	10	215	51	57	62	6	0	0	0	19	0	0	0	13	33	12	20	138	173	62	263	195	21	44	8	21	44	10	13	33	10	16	71	154	10	132	21	44	10	6	0	0	0	6	0	0	0	13	33	10	20	71	154	10	215	49	57	62	4	0	0	16	12	0	0	0	6	0	0	0	19	0	0	0	13	33	12	20	133	173	62	263	180	20	44	0	21	44	8	13	33	8	0	71	154	8	67	21	44	10	6	0	0	0	6	0	0	0	13	33	10	16	71	154	10	132	19	44	10	3	0	0	0	5	0	0	0	6	0	0	0	6	0	0	0	13	33	10	20	66	154	10	215	48	57	62	7	0	12	0	11	0	0	33	4	0	0	16	12	0	0	0	6	0	0	0	19	0	0	0	12	33	12	20	130	173	62	263
276	259	78	108	35	242	38	74	10	78	108	35	45	77	12	20	215	320	140	149	225	33	70	10	38	74	10	32	72	10	20	125	245	40	132	78	108	35	15	48	0	0	26	45	0	0	45	77	12	20	215	320	140	149	208	29	67	8	33	70	10	31	68	10	16	109	231	40	93	38	74	10	5	45	0	0	9	22	0	0	32	72	10	20	125	245	40	132	76	108	35	9	34	0	16	20	45	0	0	15	48	0	0	26	45	0	0	45	77	12	20	207	320	140	149	191	25	62	0	29	67	8	26	66	8	0	92	222	32	48	33	70	10	4	44	0	0	5	22	0	0	31	68	10	16	109	231	40	93	36	74	10	0	33	0	0	10	36	0	0	5	45	0	0	9	22	0	0	32	72	10	20	117	245	40	132	76	108	35	6	39	12	0	16	29	0	33	9	34	0	16	20	45	0	0	15	48	0	0	26	45	0	0	45	77	12	20	207	320	140	149
269	254	52	14	119	239	36	0	65	52	14	119	49	0	23	76	154	42	119	315	224	30	0	64	36	0	65	30	0	21	74	112	0	65	154	52	14	119	7	0	0	14	11	0	0	0	49	0	23	76	154	42	119	315	209	29	0	64	30	0	64	29	0	21	74	93	0	64	154	36	0	65	5	0	0	14	9	0	0	0	30	0	21	74	112	0	65	154	51	14	119	5	0	0	0	10	0	0	0	7	0	0	14	11	0	0	0	49	0	23	76	150	42	119	315	194	27	0	64	29	0	64	28	0	21	74	88	0	64	147	30	0	64	4	0	0	14	3	0	0	0	29	0	21	74	93	0	64	154	35	0	65	3	0	0	0	10	0	0	0	5	0	0	14	9	0	0	0	30	0	21	74	108	0	65	154	51	14	119	2	0	7	0	6	0	0	0	5	0	0	0	10	0	0	0	7	0	0	14	11	0	0	0	49	0	23	76	150	42	119	315
311	293	63	72	104	275	35	30	89	62	72	104	47	39	70	20	167	188	312	55	257	29	17	89	34	30	89	29	0	68	20	101	81	267	20	61	72	104	7	0	12	0	14	0	104	0	46	39	70	20	165	188	312	55	239	28	17	89	28	17	89	28	0	68	20	82	68	267	20	33	30	89	5	0	12	0	10	0	89	0	28	0	68	20	99	81	267	20	60	72	104	5	0	0	0	10	0	0	0	7	0	12	0	14	0	104	0	46	39	70	20	161	188	312	55	221	26	17	89	27	17	89	27	0	68	20	77	68	267	18	27	17	89	4	0	12	0	4	0	89	0	27	0	68	20	80	68	267	20	32	30	89	3	0	0	0	10	0	0	0	5	0	12	0	10	0	89	0	28	0	68	20	95	81	267	20	60	72	104	2	0	7	0	6	0	0	0	5	0	0	0	10	0	0	0	7	0	12	0	14	0	104	0	46	39	70	20	161	188	312	55
368	347	77	110	125	326	43	42	117	77	110	125	58	168	66	26	197	312	500	20	305	30	0	117	43	42	117	31	0	66	26	118	112	468	10	77	110	125	4	0	86	0	13	36	375	0	58	168	66	26	197	312	500	20	284	28	0	117	30	0	117	26	0	66	26	84	0	468	10	43	42	117	1	0	86	0	11	28	351	0	31	0	66	26	118	112	468	10	76	110	125	2	0	9	0	10	0	0	0	4	0	86	0	13	36	375	0	58	168	66	26	193	312	500	20	263	27	0	117	28	0	117	25	0	66	26	79	0	468	10	30	0	117	0	0	86	0	5	0	351	0	26	0	66	26	84	0	468	10	42	42	117	0	0	9	0	10	0	0	0	1	0	86	0	11	28	351	0	31	0	66	26	114	112	468	10	76	110	125	3	0	0	0	7	0	0	0	2	0	9	0	10	0	0	0	4	0	86	0	13	36	375	0	58	168	66	26	193	312	500	20
323	304	85	92	101	285	54	62	57	85	92	101	78	57	9	72	232	307	202	253	266	42	46	55	54	62	57	47	28	9	66	158	224	114	144	85	92	101	18	41	47	20	25	30	101	0	78	57	9	72	232	307	202	253	247	35	31	55	42	46	55	41	13	9	66	123	146	110	144	54	62	57	9	13	46	20	16	26	57	0	47	28	9	66	158	224	114	144	84	92	101	9	26	46	0	20	52	101	0	18	41	47	20	25	30	101	0	78	57	9	72	228	307	202	253	228	28	17	53	35	31	55	31	0	9	60	101	75	110	139	42	46	55	7	0	46	16	8	0	55	0	41	13	9	66	123	146	110	144	53	62	57	3	0	41	0	16	50	57	0	9	13	46	20	16	26	57	0	47	28	9	66	154	224	114	144	84	92	101	6	17	59	16	17	34	101	0	9	26	46	0	20	52	101	0	18	41	47	20	25	30	101	0	78	57	9	72	228	307	202	253
262	243	100	136	26	224	53	105	0	97	136	26	62	164	0	0	254	421	52	165	205	46	98	0	50	105	0	35	150	0	0	149	337	0	95	87	136	26	21	0	0	0	23	18	26	0	58	164	0	0	235	421	52	165	187	42	98	0	43	98	0	34	150	0	0	131	302	0	95	44	105	0	11	0	0	0	12	14	0	0	31	150	0	0	137	337	0	95	79	118	26	15	0	0	0	20	39	0	0	20	0	0	0	23	18	26	0	52	164	0	0	208	349	52	165	169	38	98	0	39	98	0	31	150	0	0	117	302	0	90	37	98	0	10	0	0	0	8	0	0	0	30	150	0	0	119	302	0	95	36	87	0	7	0	0	0	14	30	0	0	10	0	0	0	12	14	0	0	25	150	0	0	110	265	0	95	76	118	26	13	0	7	0	19	26	0	0	15	0	0	0	20	39	0	0	19	0	0	0	23	18	26	0	45	164	0	0	195	349	52	165
255	239	54	53	114	223	28	28	58	52	53	114	26	14	89	104	136	122	228	356	207	27	28	56	26	28	58	25	14	12	100	75	84	116	263	51	53	114	1	0	13	20	14	0	0	0	25	14	89	104	134	122	228	356	191	26	28	56	25	28	56	24	14	12	100	70	84	112	261	25	28	58	0	0	0	20	4	0	0	0	24	14	12	100	73	84	116	263	50	53	114	0	0	13	0	7	0	0	0	1	0	13	20	14	0	0	0	25	14	89	104	130	122	228	356	175	26	28	56	24	28	56	24	14	12	100	67	84	112	261	24	28	56	0	0	0	20	4	0	0	0	23	14	12	100	68	84	112	261	24	28	58	0	0	0	0	7	0	0	0	0	0	0	20	4	0	0	0	24	14	12	100	69	84	116	263	50	53	114	1	0	0	0	4	0	0	0	0	0	13	0	7	0	0	0	1	0	13	20	14	0	0	0	25	14	89	104	130	122	228	356
218	205	44	30	71	192	16	0	41	44	30	71	9	0	102	35	101	60	213	229	179	16	0	41	16	0	41	9	0	43	35	46	0	123	206	44	30	71	0	0	0	0	11	0	0	0	9	0	102	35	101	60	213	229	166	16	0	41	16	0	41	9	0	43	35	46	0	123	206	16	0	41	0	0	0	0	5	0	0	0	9	0	43	35	46	0	123	206	44	30	71	0	0	0	0	1	0	0	0	0	0	0	0	11	0	0	0	9	0	102	35	101	60	213	229	153	16	0	41	16	0	41	9	0	43	35	46	0	123	206	16	0	41	0	0	0	0	5	0	0	0	9	0	43	35	46	0	123	206	16	0	41	0	0	0	0	1	0	0	0	0	0	0	0	5	0	0	0	9	0	43	35	46	0	123	206	44	30	71	0	0	0	0	0	0	0	0	0	0	0	0	1	0	0	0	0	0	0	0	11	0	0	0	9	0	102	35	101	60	213	229
148	139	42	20	23	130	14	0	20	42	20	23	19	0	68	29	83	60	115	0	121	11	0	20	14	0	20	5	0	58	29	34	0	100	0	42	20	23	0	0	11	0	7	8	0	0	19	0	68	29	83	60	115	0	112	11	0	20	11	0	20	5	0	58	29	30	0	100	0	14	0	20	0	0	9	0	5	0	0	0	5	0	58	29	34	0	100	0	42	20	23	0	0	0	0	3	0	0	0	0	0	11	0	7	8	0	0	19	0	68	29	83	60	115	0	103	11	0	20	11	0	20	5	0	58	29	30	0	100	0	11	0	20	0	0	9	0	5	0	0	0	5	0	58	29	30	0	100	0	14	0	20	0	0	0	0	3	0	0	0	0	0	9	0	5	0	0	0	5	0	58	29	34	0	100	0	42	20	23	2	0	0	0	3	0	0	0	0	0	0	0	3	0	0	0	0	0	11	0	7	8	0	0	19	0	68	29	83	60	115	0
222	207	65	72	61	192	32	44	0	62	72	61	36	44	75	0	156	182	183	475	177	28	44	0	29	44	0	23	44	0	0	83	110	0	328	61	72	61	3	0	13	0	14	29	0	0	35	44	75	0	154	182	183	475	162	26	44	0	25	44	0	22	44	0	0	71	110	0	325	28	44	0	0	0	0	0	4	11	0	0	22	44	0	0	81	110	0	328	60	72	61	0	0	13	0	9	11	0	0	3	0	13	0	14	29	0	0	35	44	75	0	150	182	183	475	147	26	44	0	23	44	0	22	44	0	0	65	110	0	325	24	44	0	0	0	0	0	4	11	0	0	21	44	0	0	69	110	0	325	27	44	0	0	0	0	0	9	11	0	0	0	0	0	0	4	11	0	0	22	44	0	0	77	110	0	328	60	72	61	3	0	0	0	7	0	0	0	0	0	13	0	9	11	0	0	3	0	13	0	14	29	0	0	35	44	75	0	150	182	183	475
158	148	44	29	14	138	14	9	0	44	29	14	9	0	42	0	95	86	56	125	128	14	9	0	14	9	0	9	0	0	0	38	36	0	117	44	29	14	0	0	0	0	11	0	0	0	9	0	42	0	95	86	56	125	118	14	9	0	14	9	0	9	0	0	0	38	36	0	117	14	9	0	0	0	0	0	5	0	0	0	9	0	0	0	38	36	0	117	44	29	14	0	0	0	0	1	0	0	0	0	0	0	0	11	0	0	0	9	0	42	0	95	86	56	125	108	14	9	0	14	9	0	9	0	0	0	38	36	0	117	14	9	0	0	0	0	0	5	0	0	0	9	0	0	0	38	36	0	117	14	9	0	0	0	0	0	1	0	0	0	0	0	0	0	5	0	0	0	9	0	0	0	38	36	0	117	44	29	14	0	0	0	0	0	0	0	0	0	0	0	0	1	0	0	0	0	0	0	0	11	0	0	0	9	0	42	0	95	86	56	125
280	262	44	33	142	244	26	17	90	43	33	142	28	0	12	167	90	50	142	283	226	23	17	57	25	17	90	16	0	11	64	69	34	90	119	43	33	142	0	0	0	69	6	17	0	229	28	0	12	167	90	50	142	283	208	23	17	57	22	17	57	16	0	9	64	62	34	57	117	25	17	90	0	0	0	69	6	17	0	206	16	0	11	64	69	34	90	119	43	33	142	0	0	0	0	4	0	0	0	0	0	0	69	6	17	0	229	28	0	12	167	90	50	142	283	190	23	17	57	22	17	57	16	0	9	64	62	34	57	117	22	17	57	0	0	0	69	6	17	0	206	16	0	9	64	62	34	57	117	25	17	90	0	0	0	0	4	0	0	0	0	0	0	69	6	17	0	206	16	0	11	64	69	34	90	119	43	33	142	2	0	0	0	4	0	0	0	0	0	0	0	4	0	0	0	0	0	0	69	6	17	0	229	28	0	12	167	90	50	142	283
204	191	35	36	44	178	18	0	32	35	36	44	21	0	21	35	67	36	176	37	165	16	0	29	18	0	32	11	0	20	31	48	0	128	20	35	36	44	0	0	0	29	6	0	0	0	21	0	21	35	67	36	176	37	152	16	0	29	16	0	29	11	0	18	31	44	0	116	20	18	0	32	0	0	0	29	6	0	0	0	11	0	20	31	48	0	128	20	35	36	44	0	0	0	0	3	0	0	0	0	0	0	29	6	0	0	0	21	0	21	35	67	36	176	37	139	16	0	29	16	0	29	11	0	18	31	44	0	116	20	16	0	29	0	0	0	29	6	0	0	0	11	0	18	31	44	0	116	20	18	0	32	0	0	0	0	3	0	0	0	0	0	0	29	6	0	0	0	11	0	20	31	48	0	128	20	35	36	44	2	0	0	0	5	0	0	0	0	0	0	0	3	0	0	0	0	0	0	29	6	0	0	0	21	0	21	35	67	36	176	37
252	234	58	91	69	216	29	65	25	53	91	69	31	52	12	67	113	203	138	283	198	25	65	9	24	65	25	17	52	11	9	62	182	50	119	50	91	69	0	0	0	18	7	28	0	125	26	52	12	67	107	203	138	283	180	25	65	9	20	65	9	17	52	9	9	52	182	18	117	21	65	25	0	0	0	18	5	26	0	117	12	52	11	9	56	182	50	119	50	91	69	0	0	0	0	4	0	0	0	0	0	0	18	7	28	0	125	26	52	12	67	107	203	138	283	162	25	65	9	20	65	9	17	52	9	9	52	182	18	117	17	65	9	0	0	0	18	5	26	0	117	12	52	9	9	46	182	18	117	21	65	25	0	0	0	0	4	0	0	0	0	0	0	18	5	26	0	117	12	52	11	9	56	182	50	119	50	91	69	2	0	0	0	4	0	0	0	0	0	0	0	4	0	0	0	0	0	0	18	7	28	0	125	26	52	12	67	107	203	138	283
298	278	76	124	78	258	45	58	57	75	124	78	49	128	51	107	175	237	390	84	238	41	36	20	44	58	57	42	18	48	9	125	116	285	20	75	124	78	14	0	39	29	16	19	156	252	49	128	51	107	175	237	390	84	218	38	36	19	40	36	20	42	18	31	9	113	72	100	20	44	58	57	6	0	37	28	9	18	114	174	42	18	48	9	125	116	285	20	74	124	78	9	0	0	10	16	50	0	0	14	0	39	29	16	19	156	252	49	128	51	107	171	237	390	84	198	35	34	19	37	36	19	38	18	29	9	101	72	95	20	40	36	20	6	0	22	28	9	18	40	172	42	18	31	9	113	72	100	20	43	58	57	2	0	0	10	12	40	0	0	6	0	37	28	9	18	114	174	42	18	48	9	121	116	285	20	74	124	78	5	32	0	0	16	48	0	0	9	0	0	10	16	50	0	0	14	0	39	29	16	19	156	252	49	128	51	107	171	237	390	84
175	163	37	41	19	151	18	20	0	36	41	19	23	0	0	0	76	67	57	108	139	15	20	0	17	20	0	11	0	0	0	45	60	0	61	36	41	19	0	0	0	0	5	10	0	0	23	0	0	0	76	67	57	108	127	15	20	0	14	20	0	11	0	0	0	38	60	0	61	17	20	0	0	0	0	0	5	10	0	0	11	0	0	0	45	60	0	61	36	41	19	0	0	0	0	3	0	0	0	0	0	0	0	5	10	0	0	23	0	0	0	76	67	57	108	115	15	20	0	14	20	0	11	0	0	0	38	60	0	61	14	20	0	0	0	0	0	5	10	0	0	11	0	0	0	38	60	0	61	17	20	0	0	0	0	0	3	0	0	0	0	0	0	0	5	10	0	0	11	0	0	0	45	60	0	61	36	41	19	2	0	0	0	4	0	0	0	0	0	0	0	3	0	0	0	0	0	0	0	5	10	0	0	23	0	0	0	76	67	57	108
165	154	23	0	76	143	10	0	43	23	0	76	7	0	48	69	56	0	0	141	132	10	0	42	10	0	43	7	0	24	65	26	0	0	89	23	0	76	0	0	0	11	4	0	0	0	7	0	48	69	56	0	0	141	121	10	0	39	10	0	42	7	0	24	56	26	0	0	49	10	0	43	0	0	0	9	4	0	0	0	7	0	24	65	26	0	0	89	23	0	76	0	0	0	29	8	0	0	0	0	0	0	11	4	0	0	0	7	0	48	69	56	0	0	141	110	10	0	38	10	0	39	7	0	22	55	26	0	0	48	10	0	42	0	0	0	9	4	0	0	0	7	0	24	56	26	0	0	49	10	0	43	0	0	0	28	1	0	0	0	0	0	0	9	4	0	0	0	7	0	24	65	26	0	0	89	23	0	76	2	0	0	10	11	0	0	0	0	0	0	29	8	0	0	0	0	0	0	11	4	0	0	0	7	0	48	69	56	0	0	141
199	185	57	53	56	171	31	13	43	56	53	56	31	0	96	27	132	130	280	78	157	29	13	41	30	13	43	27	0	71	25	84	26	215	57	56	53	56	16	0	16	26	24	13	0	0	31	0	96	27	132	130	280	78	143	26	13	26	28	13	41	27	0	69	11	78	26	205	20	30	13	43	6	0	16	0	6	13	0	0	27	0	71	25	84	26	215	57	56	53	56	16	0	0	26	18	24	0	101	16	0	16	26	24	13	0	0	31	0	96	27	132	130	280	78	129	22	13	22	25	13	26	22	0	52	10	65	26	130	19	28	13	41	6	0	16	0	4	13	0	0	27	0	69	11	78	26	205	20	30	13	43	5	0	0	22	7	0	0	57	6	0	16	0	6	13	0	0	27	0	71	25	84	26	215	57	56	53	56	12	0	0	46	19	32	0	0	16	0	0	26	18	24	0	101	16	0	16	26	24	13	0	0	31	0	96	27	132	130	280	78
191	176	44	65	54	161	19	50	0	43	65	54	14	60	22	0	106	165	54	352	146	18	50	0	18	50	0	12	60	0	0	48	140	0	204	43	65	54	4	0	0	0	7	10	0	0	14	60	22	0	106	165	54	352	131	18	50	0	17	50	0	12	60	0	0	45	140	0	115	18	50	0	4	0	0	0	7	10	0	0	12	60	0	0	48	140	0	204	43	65	54	3	0	0	0	7	0	0	0	4	0	0	0	7	10	0	0	14	60	22	0	106	165	54	352	116	17	50	0	17	50	0	12	60	0	0	45	140	0	114	17	50	0	4	0	0	0	7	10	0	0	12	60	0	0	45	140	0	115	18	50	0	2	0	0	0	2	0	0	0	4	0	0	0	7	10	0	0	12	60	0	0	48	140	0	204	43	65	54	3	0	0	0	10	9	0	0	3	0	0	0	7	0	0	0	4	0	0	0	7	10	0	0	14	60	22	0	106	165	54	352
120	112	26	0	38	104	15	0	0	26	0	38	11	0	22	0	64	0	0	210	96	15	0	0	15	0	0	11	0	0	0	40	0	0	114	26	0	38	0	0	0	0	6	0	0	0	11	0	22	0	64	0	0	210	88	15	0	0	15	0	0	11	0	0	0	40	0	0	58	15	0	0	0	0	0	0	6	0	0	0	11	0	0	0	40	0	0	114	26	0	38	0	0	0	0	6	0	0	0	0	0	0	0	6	0	0	0	11	0	22	0	64	0	0	210	80	15	0	0	15	0	0	11	0	0	0	40	0	0	57	15	0	0	0	0	0	0	6	0	0	0	11	0	0	0	40	0	0	58	15	0	0	0	0	0	0	1	0	0	0	0	0	0	0	6	0	0	0	11	0	0	0	40	0	0	114	26	0	38	2	0	0	0	9	0	0	0	0	0	0	0	6	0	0	0	0	0	0	0	6	0	0	0	11	0	22	0	64	0	0	210
132	123	30	18	20	114	16	0	0	30	18	20	14	0	22	0	66	36	60	122	105	16	0	0	16	0	0	14	0	0	0	41	0	0	89	30	18	20	4	0	0	0	11	0	0	0	14	0	22	0	66	36	60	122	96	16	0	0	16	0	0	14	0	0	0	41	0	0	49	16	0	0	4	0	0	0	4	0	0	0	14	0	0	0	41	0	0	89	30	18	20	3	0	0	0	8	0	0	0	4	0	0	0	11	0	0	0	14	0	22	0	66	36	60	122	87	15	0	0	16	0	0	14	0	0	0	41	0	0	48	16	0	0	4	0	0	0	4	0	0	0	14	0	0	0	41	0	0	49	16	0	0	2	0	0	0	2	0	0	0	4	0	0	0	4	0	0	0	14	0	0	0	41	0	0	89	30	18	20	3	0	0	0	10	6	0	0	3	0	0	0	8	0	0	0	4	0	0	0	11	0	0	0	14	0	22	0	66	36	60	122
186	172	51	43	68	158	32	13	51	51	43	68	38	0	41	42	126	66	204	76	144	27	13	50	32	13	51	29	0	40	40	91	26	153	43	51	43	68	17	0	0	12	24	50	0	0	38	0	41	42	126	66	204	76	130	23	13	50	27	13	50	26	0	40	40	76	26	150	41	32	13	51	6	0	0	12	7	0	0	0	29	0	40	40	91	26	153	43	51	43	68	16	0	0	0	11	10	0	0	17	0	0	12	24	50	0	0	38	0	41	42	126	66	204	76	116	19	13	48	23	13	50	21	0	40	37	60	26	150	26	27	13	50	6	0	0	11	7	0	0	0	26	0	40	40	76	26	150	41	32	13	51	5	0	0	0	9	0	0	0	6	0	0	12	7	0	0	0	29	0	40	40	91	26	153	43	51	43	68	12	0	0	26	18	0	0	0	16	0	0	0	11	10	0	0	17	0	0	12	24	50	0	0	38	0	41	42	126	66	204	76
230	212	82	103	84	194	50	67	67	80	103	84	51	82	28	113	207	266	252	56	176	43	59	54	48	67	67	39	78	27	55	138	212	201	43	78	103	84	22	86	11	27	32	67	0	78	50	82	28	113	203	266	252	56	158	37	33	52	41	59	54	34	66	27	53	115	181	162	41	46	67	67	10	26	11	25	11	15	0	57	38	78	27	55	134	212	201	43	75	103	84	21	60	22	26	22	40	168	0	22	86	11	27	32	67	0	78	47	82	28	113	193	266	252	56	140	30	10	33	35	33	52	29	20	27	37	95	76	156	26	39	59	54	9	20	11	11	11	13	0	20	33	66	27	53	111	181	162	41	43	67	67	9	0	22	0	14	26	134	0	10	26	11	25	11	15	0	57	35	78	27	55	124	212	201	43	74	103	84	17	30	44	54	25	30	168	101	21	60	22	26	22	40	168	0	21	86	11	27	32	67	0	78	44	82	28	113	188	266	252	56
174	159	61	75	39	144	32	60	11	58	75	39	26	73	0	55	135	189	39	130	129	31	56	0	29	60	11	24	67	0	0	79	170	11	43	56	75	39	15	38	0	0	24	10	0	78	24	73	0	55	131	189	39	130	114	27	53	0	28	56	0	24	63	0	0	76	158	0	41	27	60	11	2	36	0	0	4	9	0	57	22	67	0	0	75	170	11	43	56	75	39	19	26	0	0	12	9	0	0	15	38	0	0	24	10	0	78	24	73	0	55	131	189	39	130	99	21	44	0	24	53	0	17	62	0	0	60	150	0	26	26	56	0	2	36	0	0	4	9	0	20	22	63	0	0	72	158	0	41	27	60	11	3	18	0	0	7	9	0	0	2	36	0	0	4	9	0	57	22	67	0	0	75	170	11	43	56	75	39	13	8	16	0	20	18	39	0	19	26	0	0	12	9	0	0	15	38	0	0	24	10	0	78	24	73	0	55	131	189	39	130
117	108	39	20	14	99	23	8	0	39	20	14	26	0	0	0	90	34	28	76	90	21	8	0	23	8	0	20	0	0	0	65	16	0	43	39	20	14	16	0	0	0	19	12	0	0	26	0	0	0	90	34	28	76	81	18	8	0	21	8	0	20	0	0	0	60	16	0	41	23	8	0	6	0	0	0	3	0	0	0	20	0	0	0	65	16	0	43	39	20	14	16	0	0	0	8	0	0	0	16	0	0	0	19	12	0	0	26	0	0	0	90	34	28	76	72	14	8	0	18	8	0	15	0	0	0	47	16	0	26	21	8	0	6	0	0	0	3	0	0	0	20	0	0	0	60	16	0	41	23	8	0	5	0	0	0	5	0	0	0	6	0	0	0	3	0	0	0	20	0	0	0	65	16	0	43	39	20	14	9	0	0	0	11	0	0	0	16	0	0	0	8	0	0	0	16	0	0	0	19	12	0	0	26	0	0	0	90	34	28	76
176	160	79	100	8	144	43	73	0	76	100	8	45	75	0	0	176	265	32	56	128	37	69	0	40	73	0	34	75	0	0	109	217	0	43	72	100	8	22	20	0	0	34	30	0	0	41	75	0	0	168	265	32	56	112	32	57	0	34	69	0	31	71	0	0	93	201	0	41	36	73	0	8	0	0	0	11	0	0	0	30	75	0	0	101	217	0	43	71	100	8	17	50	0	0	22	29	8	0	22	20	0	0	34	30	0	0	41	75	0	0	163	265	32	56	96	25	47	0	29	57	0	25	60	0	0	73	160	0	26	30	69	0	8	0	0	0	11	0	0	0	27	71	0	0	85	201	0	41	35	73	0	2	27	0	0	10	20	0	0	8	0	0	0	11	0	0	0	30	75	0	0	96	217	0	43	71	100	8	14	47	0	0	32	48	8	0	17	50	0	0	22	29	8	0	22	20	0	0	34	30	0	0	41	75	0	0	163	265	32	56
214	197	62	66	90	180	40	24	55	62	66	90	48	72	27	57	167	171	270	174	163	29	0	54	40	24	55	36	0	26	55	109	60	165	118	62	66	90	8	0	64	16	13	0	180	0	48	72	27	57	167	171	270	174	146	24	0	54	29	0	54	26	0	26	55	74	0	162	104	40	24	55	6	0	37	16	13	0	110	0	36	0	26	55	109	60	165	118	60	66	90	3	0	37	0	13	0	0	0	8	0	64	16	13	0	180	0	48	72	27	57	162	171	270	174	129	23	0	54	24	0	54	24	0	26	55	61	0	162	102	29	0	54	4	0	37	16	13	0	108	0	26	0	26	55	74	0	162	104	38	24	55	3	0	11	0	10	0	0	0	6	0	37	16	13	0	110	0	36	0	26	55	104	60	165	118	58	66	90	9	0	10	0	16	0	0	0	3	0	37	0	13	0	0	0	8	0	64	16	13	0	180	0	44	72	27	57	157	171	270	174
137	126	50	10	52	115	38	10	12	50	10	52	50	0	0	12	135	20	0	213	104	28	10	12	38	10	12	35	0	0	12	105	20	0	129	50	10	52	9	0	25	0	10	0	0	0	50	0	0	12	135	20	0	213	93	23	10	12	28	10	12	27	0	0	12	75	20	0	104	38	10	12	8	0	0	0	10	0	0	0	35	0	0	12	105	20	0	129	50	10	52	5	0	33	0	10	0	0	0	9	0	25	0	10	0	0	0	50	0	0	12	135	20	0	213	82	21	10	12	23	10	12	24	0	0	12	61	20	0	102	28	10	12	6	0	0	0	10	0	0	0	27	0	0	12	75	20	0	104	38	10	12	5	0	0	0	10	0	0	0	8	0	0	0	10	0	0	0	35	0	0	12	105	20	0	129	50	10	52	9	0	18	0	19	0	0	0	5	0	33	0	10	0	0	0	9	0	25	0	10	0	0	0	50	0	0	12	135	20	0	213
174	157	94	108	25	140	54	89	0	91	108	25	67	117	0	0	227	313	25	160	123	43	67	0	51	89	0	47	93	0	0	143	250	0	118	84	108	25	30	7	25	0	33	60	75	0	61	117	0	0	214	313	25	160	106	36	60	0	40	67	0	42	72	0	0	112	177	0	104	44	89	0	13	0	0	0	13	48	0	0	41	93	0	0	130	250	0	118	72	108	25	30	0	25	0	22	47	25	0	28	7	25	0	33	60	75	0	52	117	0	0	174	313	25	160	89	28	57	0	33	60	0	32	72	0	0	87	156	0	102	33	67	0	11	0	0	0	13	48	0	0	36	72	0	0	99	177	0	104	32	89	0	7	0	0	0	9	44	0	0	11	0	0	0	13	48	0	0	32	93	0	0	90	250	0	118	66	108	25	20	33	10	0	19	82	0	0	30	0	25	0	22	47	25	0	27	7	25	0	33	60	75	0	37	117	0	0	157	313	25	160
129	116	57	65	5	103	31	47	0	57	65	5	43	62	0	0	138	150	10	8	90	20	40	0	31	47	0	22	48	0	0	85	120	0	0	56	65	5	7	16	5	0	21	44	5	0	43	62	0	0	136	150	10	8	77	17	40	0	20	40	0	18	48	0	0	54	112	0	0	30	47	0	2	16	0	0	8	36	0	0	22	48	0	0	83	120	0	0	49	65	5	6	0	5	0	11	9	0	0	7	16	5	0	21	44	5	0	43	62	0	0	115	150	10	8	64	16	39	0	17	40	0	18	48	0	0	43	112	0	0	19	40	0	2	16	0	0	8	32	0	0	18	48	0	0	52	112	0	0	23	47	0	3	0	0	0	6	8	0	0	2	16	0	0	8	36	0	0	22	48	0	0	62	120	0	0	44	65	5	8	7	0	0	15	9	0	0	6	0	5	0	11	9	0	0	7	16	5	0	21	44	5	0	31	62	0	0	103	150	10	8
111	102	45	24	0	93	27	4	0	45	24	0	35	16	0	0	108	52	0	0	84	21	0	0	27	4	0	24	0	0	0	66	4	0	0	45	24	0	5	0	0	0	12	0	0	0	35	16	0	0	108	52	0	0	75	20	0	0	21	0	0	21	0	0	0	50	0	0	0	27	4	0	4	0	0	0	12	0	0	0	24	0	0	0	66	4	0	0	42	24	0	0	0	0	0	5	0	0	0	5	0	0	0	12	0	0	0	35	16	0	0	102	52	0	0	66	20	0	0	20	0	0	21	0	0	0	47	0	0	0	21	0	0	4	0	0	0	12	0	0	0	21	0	0	0	50	0	0	0	24	4	0	0	0	0	0	5	0	0	0	4	0	0	0	12	0	0	0	24	0	0	0	60	4	0	0	37	24	0	4	0	0	0	8	0	0	0	0	0	0	0	5	0	0	0	5	0	0	0	12	0	0	0	28	16	0	0	92	52	0	0
130	119	41	18	41	108	20	0	20	41	18	41	20	0	44	0	95	27	82	95	97	20	0	20	20	0	20	20	0	11	0	49	0	40	55	41	18	41	4	0	0	0	8	0	0	0	20	0	44	0	95	27	82	95	86	20	0	20	20	0	20	20	0	11	0	49	0	40	54	20	0	20	4	0	0	0	8	0	0	0	20	0	11	0	49	0	40	55	35	18	41	0	0	0	0	2	0	0	0	4	0	0	0	8	0	0	0	20	0	44	0	83	27	82	95	75	20	0	20	20	0	20	20	0	11	0	49	0	40	54	20	0	20	4	0	0	0	8	0	0	0	20	0	11	0	49	0	40	54	14	0	20	0	0	0	0	1	0	0	0	4	0	0	0	8	0	0	0	20	0	11	0	37	0	40	55	27	18	41	1	0	0	0	1	0	0	0	0	0	0	0	2	0	0	0	4	0	0	0	8	0	0	0	8	0	44	0	62	27	82	95
187	171	64	55	83	155	30	0	58	64	55	83	33	0	102	27	161	165	415	115	139	28	0	57	30	0	58	28	0	50	26	81	0	290	55	63	55	83	7	0	20	11	12	0	0	0	33	0	102	27	159	165	415	115	123	28	0	57	28	0	57	28	0	48	26	76	0	285	54	29	0	58	7	0	12	11	12	0	0	0	28	0	50	26	79	0	290	55	53	55	83	4	0	0	0	16	0	0	0	7	0	20	11	12	0	0	0	30	0	102	27	133	165	415	115	107	28	0	57	28	0	57	28	0	48	26	76	0	285	54	27	0	57	7	0	11	11	12	0	0	0	28	0	48	26	74	0	285	54	19	0	58	4	0	0	0	7	0	0	0	7	0	12	11	12	0	0	0	25	0	50	26	53	0	290	55	44	55	83	9	0	0	0	16	0	0	0	4	0	0	0	16	0	0	0	6	0	20	11	12	0	0	0	15	0	102	27	107	165	415	115
99	89	39	33	11	79	14	16	11	39	33	11	13	8	11	0	88	73	44	0	69	14	16	11	14	16	11	13	8	11	0	35	32	44	0	38	33	11	2	0	0	0	4	0	0	0	13	8	11	0	87	73	44	0	60	14	16	11	14	16	11	13	8	11	0	35	32	44	0	14	16	11	2	0	0	0	4	0	0	0	13	8	11	0	35	32	44	0	29	24	11	0	0	0	0	6	0	0	0	2	0	0	0	4	0	0	0	13	8	11	0	66	64	44	0	52	14	16	11	14	16	11	13	8	11	0	35	32	44	0	14	16	11	2	0	0	0	4	0	0	0	13	8	11	0	35	32	44	0	8	8	11	0	0	0	0	0	0	0	0	2	0	0	0	4	0	0	0	13	8	11	0	20	24	44	0	22	16	11	0	0	0	0	4	0	0	0	0	0	0	0	6	0	0	0	2	0	0	0	4	0	0	0	2	0	11	0	48	40	44	0
71	65	24	5	21	59	14	0	0	24	5	21	15	0	33	0	49	5	21	95	53	14	0	0	14	0	0	15	0	0	0	32	0	0	55	24	5	21	4	0	0	0	8	0	0	0	15	0	33	0	49	5	21	95	47	14	0	0	14	0	0	15	0	0	0	32	0	0	54	14	0	0	4	0	0	0	8	0	0	0	15	0	0	0	32	0	0	55	21	5	21	0	0	0	0	1	0	0	0	4	0	0	0	8	0	0	0	15	0	33	0	43	5	21	95	41	14	0	0	14	0	0	15	0	0	0	32	0	0	54	14	0	0	4	0	0	0	8	0	0	0	15	0	0	0	32	0	0	54	11	0	0	0	0	0	0	1	0	0	0	4	0	0	0	8	0	0	0	15	0	0	0	26	0	0	55	16	5	21	1	0	0	0	1	0	0	0	0	0	0	0	1	0	0	0	4	0	0	0	8	0	0	0	8	0	33	0	33	5	21	95
108	96	37	50	4	84	12	32	0	37	50	4	11	24	4	0	83	81	12	0	72	12	32	0	12	32	0	11	24	0	0	33	48	0	0	36	50	4	2	0	0	0	4	0	0	0	11	24	4	0	82	81	12	0	61	12	32	0	12	32	0	11	24	0	0	33	48	0	0	12	32	0	2	0	0	0	4	0	0	0	11	24	0	0	33	48	0	0	25	39	4	0	0	0	0	3	0	0	0	2	0	0	0	4	0	0	0	11	24	4	0	58	70	12	0	53	12	32	0	12	32	0	11	24	0	0	33	48	0	0	12	32	0	2	0	0	0	4	0	0	0	11	24	0	0	33	48	0	0	6	24	0	0	0	0	0	0	0	0	0	2	0	0	0	4	0	0	0	11	24	0	0	18	40	0	0	20	15	4	0	0	0	0	2	0	0	0	0	0	0	0	3	0	0	0	2	0	0	0	4	0	0	0	2	0	4	0	42	30	12	0
144	128	57	72	54	112	23	48	25	57	72	54	19	48	50	0	140	196	108	139	96	23	48	25	23	48	25	19	48	50	0	63	156	50	89	50	72	54	9	0	0	0	11	0	0	0	19	48	50	0	128	196	108	139	82	22	48	25	23	48	25	19	48	50	0	63	156	50	88	21	48	25	7	0	0	0	8	0	0	0	19	48	50	0	59	156	50	89	32	44	54	4	0	0	0	13	10	0	0	9	0	0	0	11	0	0	0	15	48	50	0	78	126	108	139	70	22	48	25	22	48	25	19	48	50	0	60	156	50	88	21	48	25	7	0	0	0	8	0	0	0	19	48	50	0	59	156	50	88	11	24	25	4	0	0	0	2	0	0	0	7	0	0	0	8	0	0	0	15	48	50	0	30	96	50	89	25	20	54	6	0	0	0	11	0	0	0	4	0	0	0	13	10	0	0	8	0	0	0	11	0	0	0	4	0	50	0	60	30	108	139
176	159	59	55	100	142	31	16	75	58	55	100	26	0	64	62	143	142	300	98	125	31	16	73	30	16	75	26	0	63	60	83	64	225	69	51	55	100	12	0	0	27	13	0	0	0	25	0	64	62	130	142	300	98	109	29	16	72	30	16	73	26	0	62	59	83	64	219	68	27	16	75	7	0	0	26	8	0	0	0	25	0	63	60	77	64	225	69	40	39	100	10	0	0	11	15	26	0	0	12	0	0	27	13	0	0	0	21	0	64	62	100	78	300	98	93	27	16	72	28	16	72	24	0	61	59	77	64	216	68	27	16	73	7	0	0	26	8	0	0	0	25	0	62	59	77	64	219	68	16	0	75	4	0	0	11	4	0	0	0	7	0	0	26	8	0	0	0	21	0	63	60	47	0	225	69	31	39	100	8	0	0	0	14	26	0	0	10	0	0	11	15	26	0	0	11	0	0	27	13	0	0	0	6	0	64	62	74	78	300	98
161	146	68	44	74	131	43	0	54	66	44	74	41	0	57	56	171	99	296	94	116	42	0	27	41	0	54	39	0	55	12	117	0	216	69	61	44	74	16	0	13	62	20	0	0	115	38	0	57	56	161	99	296	94	101	39	0	11	40	0	27	39	0	37	11	115	0	108	68	36	0	54	8	0	13	11	13	0	0	55	36	0	55	12	107	0	216	69	50	44	74	13	0	0	11	19	33	0	92	15	0	13	62	20	0	0	115	32	0	57	56	128	99	296	94	86	34	0	11	37	0	11	37	0	11	11	106	0	44	68	35	0	27	8	0	10	11	12	0	0	54	36	0	37	11	105	0	108	68	25	0	54	4	0	0	11	8	0	0	67	7	0	13	11	13	0	0	55	30	0	55	12	74	0	216	69	44	44	74	14	0	27	0	25	22	0	0	13	0	0	11	19	33	0	92	14	0	13	62	20	0	0	115	20	0	57	56	107	99	296	94
164	144	97	149	42	124	42	101	30	91	149	42	44	120	84	7	218	470	210	83	105	37	96	20	38	101	30	34	113	83	0	106	343	150	58	73	130	42	23	70	13	30	27	56	0	25	37	120	84	7	186	432	210	83	89	32	92	10	33	96	20	34	107	70	0	93	326	100	57	30	85	30	5	66	13	0	9	52	0	0	27	113	83	0	91	311	150	58	54	82	42	21	53	0	0	20	50	0	84	20	70	13	30	27	56	0	25	28	72	84	7	125	272	210	83	74	27	86	10	28	92	10	26	104	50	0	75	314	50	57	25	81	20	5	65	10	0	8	52	0	0	27	107	70	0	78	296	100	57	16	40	30	0	52	0	0	5	26	0	67	2	66	13	0	9	52	0	0	18	68	83	0	45	161	150	58	48	67	42	11	53	0	0	20	55	0	0	21	53	0	0	20	50	0	84	20	55	13	30	27	56	0	25	12	27	84	7	107	197	210	83
172	153	62	91	72	134	34	72	28	62	91	72	37	88	8	69	153	201	72	160	115	30	70	0	34	72	28	29	84	7	0	95	173	28	89	55	91	72	7	28	0	0	13	56	0	120	37	88	8	69	141	201	72	160	98	30	70	0	30	70	0	29	84	0	0	84	168	0	88	32	72	28	7	28	0	0	12	56	0	55	29	84	7	0	91	173	28	89	37	57	72	4	0	0	0	16	0	0	0	7	28	0	0	13	56	0	120	33	88	8	69	96	116	72	160	83	29	70	0	30	70	0	29	84	0	0	84	168	0	88	28	70	0	7	28	0	0	12	56	0	54	29	84	0	0	80	168	0	88	19	42	28	4	0	0	0	6	0	0	0	7	28	0	0	12	56	0	55	25	84	7	0	55	98	28	89	28	27	72	9	0	7	0	17	0	0	0	4	0	0	0	16	0	0	0	6	28	0	0	13	56	0	120	14	28	8	69	70	41	72	160
165	148	58	44	133	131	36	16	84	51	44	133	30	0	55	84	137	104	266	270	114	34	14	83	29	16	84	26	0	53	82	87	48	168	184	42	44	133	12	28	0	13	14	28	0	0	21	0	55	84	119	104	266	270	97	32	0	79	27	14	83	26	0	53	74	81	42	166	145	20	16	84	6	0	0	12	4	0	0	0	17	0	53	82	69	48	168	184	33	44	133	10	0	0	42	6	0	133	0	11	28	0	13	14	28	0	0	15	0	55	84	88	104	266	270	80	29	0	65	25	0	79	24	0	50	52	75	0	158	118	18	14	83	6	0	0	11	4	0	0	0	17	0	53	74	63	42	166	145	11	16	84	4	0	0	11	4	0	84	0	5	0	0	12	4	0	0	0	11	0	53	82	38	48	168	184	30	44	133	7	0	8	60	14	0	0	84	10	0	0	42	6	0	133	0	10	28	0	13	14	28	0	0	8	0	55	84	75	104	266	270
114	101	53	33	68	88	33	22	10	47	33	68	28	11	0	30	125	88	68	342	76	32	22	10	29	22	10	26	11	0	30	87	66	10	212	38	21	68	16	0	0	0	16	10	0	0	24	11	0	30	108	64	68	342	65	29	22	10	28	22	10	26	11	0	30	84	66	10	145	24	11	10	8	0	0	0	8	0	0	0	22	11	0	30	77	44	10	212	28	10	68	10	0	0	0	4	0	0	0	15	0	0	0	16	10	0	0	19	0	0	30	76	20	68	342	54	26	22	10	25	22	10	24	11	0	30	75	66	10	118	23	11	10	8	0	0	0	8	0	0	0	22	11	0	30	74	44	10	145	14	0	10	4	0	0	0	4	0	0	0	7	0	0	0	8	0	0	0	17	0	0	30	45	0	10	212	23	10	68	4	0	8	0	8	0	0	0	10	0	0	0	4	0	0	0	14	0	0	0	16	10	0	0	8	0	0	30	58	20	68	342
169	149	81	120	90	130	52	81	49	70	101	90	52	48	24	89	179	249	270	216	112	48	78	48	43	63	49	46	48	22	86	123	171	147	159	57	83	90	25	36	18	7	27	24	0	0	39	30	24	89	154	213	270	216	94	39	60	33	39	60	48	42	42	22	55	110	162	144	120	30	45	49	8	0	18	0	8	0	0	0	33	30	22	86	98	135	147	159	48	83	90	21	72	48	58	12	32	90	25	22	36	18	7	27	24	0	0	27	30	24	89	119	213	270	216	76	28	34	10	30	42	33	30	18	18	30	81	108	99	93	26	42	48	8	0	18	0	8	0	0	0	29	24	22	55	85	126	144	120	21	45	49	4	0	45	0	6	30	49	0	5	0	18	0	8	0	0	0	21	30	22	86	63	135	147	159	47	83	90	11	32	61	0	16	80	180	131	21	72	48	58	12	32	90	25	21	36	18	7	27	24	0	0	24	30	24	89	114	213	270	216
112	97	55	80	32	83	28	55	10	44	66	32	22	46	0	30	114	164	96	116	71	26	51	10	21	43	10	18	44	0	30	62	118	30	84	33	42	32	10	32	0	0	11	14	0	0	15	22	0	30	93	116	96	116	60	24	44	10	19	40	10	18	44	0	30	56	109	30	47	14	21	10	5	11	0	0	4	0	0	0	11	22	0	30	48	74	30	84	28	31	32	10	0	0	0	6	0	32	0	10	21	0	0	11	14	0	0	11	0	0	30	75	72	96	116	49	21	43	10	17	33	10	16	44	0	30	50	88	30	21	12	18	10	5	11	0	0	4	0	0	0	11	22	0	30	42	65	30	47	9	10	10	4	0	0	0	4	0	10	0	5	0	0	0	4	0	0	0	7	0	0	30	30	30	30	84	27	31	32	6	10	8	0	14	0	0	0	10	0	0	0	6	0	32	0	9	21	0	0	11	14	0	0	8	0	0	30	70	72	96	116
139	123	57	69	76	108	29	28	65	49	54	76	24	14	88	30	128	128	304	42	94	27	28	65	23	14	65	20	14	88	30	69	28	260	30	42	40	76	14	0	0	0	14	20	0	0	17	0	88	30	114	100	304	42	80	24	28	65	21	14	65	20	14	88	30	63	28	260	20	16	0	65	6	0	0	0	4	0	0	0	13	0	88	30	55	0	260	30	36	40	76	10	0	0	0	4	0	0	0	13	0	0	0	14	20	0	0	11	0	88	30	92	100	304	42	66	21	28	65	18	14	65	18	14	88	30	54	28	260	10	14	0	65	6	0	0	0	4	0	0	0	13	0	88	30	49	0	260	20	10	0	65	4	0	0	0	4	0	0	0	5	0	0	0	4	0	0	0	7	0	88	30	33	0	260	30	35	40	76	4	0	8	0	8	0	0	0	10	0	0	0	4	0	0	0	12	0	0	0	14	20	0	0	8	0	88	30	87	100	304	42
186	164	55	77	176	143	29	39	116	44	56	176	20	36	50	92	116	150	352	399	122	23	21	114	18	18	116	14	0	48	88	47	54	232	218	36	56	176	1	0	53	26	0	0	176	0	11	36	50	92	100	150	352	399	101	21	21	114	12	0	114	12	0	48	88	30	0	228	216	10	18	116	1	0	18	26	0	0	116	0	5	0	48	88	31	54	232	218	34	56	176	0	0	24	0	4	0	0	0	0	0	53	26	0	0	176	0	8	36	50	92	92	150	352	399	80	21	21	110	10	0	114	12	0	48	81	24	0	228	197	4	0	114	1	0	18	20	0	0	114	0	3	0	48	88	14	0	228	216	8	18	116	0	0	0	0	2	0	0	0	0	0	18	26	0	0	116	0	2	0	48	88	23	54	232	218	34	56	176	6	0	0	38	11	0	0	0	0	0	24	0	4	0	0	0	0	0	53	26	0	0	176	0	8	36	50	92	92	150	352	399
107	94	41	32	71	82	23	12	38	31	20	71	16	0	0	49	80	50	142	198	70	19	12	38	13	0	38	12	0	0	49	34	0	76	124	25	20	71	1	0	19	0	0	0	0	0	8	0	0	49	68	50	142	198	58	17	12	38	9	0	38	10	0	0	49	22	0	76	123	7	0	38	1	0	0	0	0	0	0	0	4	0	0	49	22	0	76	124	24	20	71	0	0	24	0	2	0	0	0	0	0	19	0	0	0	0	0	6	0	0	49	64	50	142	198	46	17	12	38	7	0	38	10	0	0	49	16	0	76	108	3	0	38	1	0	0	0	0	0	0	0	2	0	0	49	10	0	76	123	6	0	38	0	0	0	0	2	0	0	0	0	0	0	0	0	0	0	0	2	0	0	49	18	0	76	124	24	20	71	3	0	0	0	5	0	0	0	0	0	24	0	2	0	0	0	0	0	19	0	0	0	0	0	6	0	0	49	64	50	142	198
113	100	39	36	53	87	15	0	42	29	36	53	9	0	30	13	72	90	212	76	74	13	0	42	5	0	42	5	0	30	13	12	0	168	65	26	36	53	0	0	0	0	0	0	0	0	4	0	30	13	66	90	212	76	61	13	0	42	3	0	42	5	0	30	13	6	0	168	65	2	0	42	0	0	0	0	0	0	0	0	0	0	30	13	6	0	168	65	26	36	53	0	0	0	0	0	0	0	0	0	0	0	0	0	0	0	0	4	0	30	13	66	90	212	76	48	13	0	42	3	0	42	5	0	30	13	6	0	168	65	0	0	42	0	0	0	0	0	0	0	0	0	0	30	13	0	0	168	65	2	0	42	0	0	0	0	0	0	0	0	0	0	0	0	0	0	0	0	0	0	30	13	6	0	168	65	26	36	53	0	0	0	0	0	0	0	0	0	0	0	0	0	0	0	0	0	0	0	0	0	0	0	0	4	0	30	13	66	90	212	76
110	94	47	81	57	80	22	57	13	33	53	57	11	66	0	13	86	126	114	331	68	18	48	13	12	33	13	9	48	0	13	32	75	26	208	28	29	57	1	0	33	0	0	0	57	0	6	18	0	13	76	78	114	331	56	16	48	13	8	24	13	7	48	0	13	20	48	26	206	7	9	13	1	0	0	0	0	0	13	0	4	0	0	13	22	27	26	208	27	29	57	0	0	24	0	4	0	0	0	0	0	33	0	0	0	57	0	4	18	0	13	72	78	114	331	44	16	48	13	6	24	13	7	48	0	13	14	48	26	187	3	0	13	1	0	0	0	0	0	13	0	2	0	0	13	10	0	26	206	6	9	13	0	0	0	0	2	0	0	0	0	0	0	0	0	0	13	0	2	0	0	13	18	27	26	208	27	29	57	6	0	0	0	11	0	0	0	0	0	24	0	4	0	0	0	0	0	33	0	0	0	57	0	4	18	0	13	72	78	114	331
78	67	36	38	0	58	11	18	0	29	20	0	8	0	0	0	69	60	0	0	49	9	18	0	4	0	0	4	0	0	0	10	0	0	0	27	20	0	0	0	0	0	0	0	0	0	4	0	0	0	65	60	0	0	40	9	18	0	2	0	0	4	0	0	0	4	0	0	0	2	0	0	0	0	0	0	0	0	0	0	0	0	0	0	6	0	0	0	27	20	0	0	0	0	0	0	0	0	0	0	0	0	0	0	0	0	0	4	0	0	0	65	60	0	0	31	9	18	0	2	0	0	4	0	0	0	4	0	0	0	0	0	0	0	0	0	0	0	0	0	0	0	0	0	0	0	0	0	0	2	0	0	0	0	0	0	0	0	0	0	0	0	0	0	0	0	0	0	0	0	0	0	6	0	0	0	27	20	0	0	0	0	0	0	0	0	0	0	0	0	0	0	0	0	0	0	0	0	0	0	0	0	0	4	0	0	0	65	60	0	0
63	55	24	7	25	47	7	0	10	18	7	25	1	0	0	20	41	21	25	53	39	7	0	10	1	0	10	1	0	0	20	2	0	10	42	17	7	25	0	0	0	0	0	0	0	0	0	0	0	20	39	21	25	53	31	7	0	10	1	0	10	1	0	0	20	2	0	10	42	0	0	10	0	0	0	0	0	0	0	0	0	0	0	20	0	0	10	42	17	7	25	0	0	0	0	2	0	0	0	0	0	0	0	0	0	0	0	0	0	0	20	39	21	25	53	23	7	0	10	1	0	10	1	0	0	20	2	0	10	42	0	0	10	0	0	0	0	0	0	0	0	0	0	0	20	0	0	10	42	0	0	10	0	0	0	0	0	0	0	0	0	0	0	0	0	0	0	0	0	0	0	20	0	0	10	42	17	7	25	3	0	0	0	6	0	0	0	0	0	0	0	2	0	0	0	0	0	0	0	0	0	0	0	0	0	0	20	39	21	25	53
102	89	36	22	73	76	14	0	20	25	22	73	5	0	49	30	57	55	146	357	63	14	0	19	3	0	20	5	0	20	29	6	0	40	209	22	22	73	0	0	0	9	0	0	0	0	0	0	49	30	51	55	146	357	50	14	0	19	3	0	19	5	0	18	29	6	0	38	207	0	0	20	0	0	0	9	0	0	0	0	0	0	20	29	0	0	40	209	22	22	73	0	0	0	0	2	0	0	0	0	0	0	9	0	0	0	0	0	0	49	30	51	55	146	357	37	14	0	19	3	0	19	5	0	18	29	6	0	38	207	0	0	19	0	0	0	9	0	0	0	0	0	0	18	29	0	0	38	207	0	0	20	0	0	0	0	0	0	0	0	0	0	0	9	0	0	0	0	0	0	20	29	0	0	40	209	22	22	73	3	0	0	0	9	0	0	0	0	0	0	0	2	0	0	0	0	0	0	9	0	0	0	0	0	0	49	30	51	55	146	357
91	79	32	35	27	67	8	0	20	25	35	27	1	0	22	30	54	84	135	0	55	8	0	19	1	0	20	1	0	20	29	2	0	100	0	24	35	27	0	0	0	9	0	0	0	0	0	0	22	30	52	84	135	0	43	8	0	19	1	0	19	1	0	18	29	2	0	95	0	0	0	20	0	0	0	9	0	0	0	0	0	0	20	29	0	0	100	0	24	35	27	0	0	0	0	3	0	0	0	0	0	0	9	0	0	0	0	0	0	22	30	52	84	135	0	31	8	0	19	1	0	19	1	0	18	29	2	0	95	0	0	0	19	0	0	0	9	0	0	0	0	0	0	18	29	0	0	95	0	0	0	20	0	0	0	0	0	0	0	0	0	0	0	9	0	0	0	0	0	0	20	29	0	0	100	0	24	35	27	3	0	0	0	18	0	0	0	0	0	0	0	3	0	0	0	0	0	0	9	0	0	0	0	0	0	22	30	52	84	135	0
95	81	32	51	50	69	12	24	0	23	27	50	5	0	27	0	52	54	150	357	57	12	24	0	3	0	0	5	0	0	0	6	0	0	209	20	27	50	0	0	0	0	0	0	0	0	0	0	27	0	46	54	150	357	45	12	24	0	3	0	0	5	0	0	0	6	0	0	207	0	0	0	0	0	0	0	0	0	0	0	0	0	0	0	0	0	0	209	20	27	50	0	0	0	0	2	0	0	0	0	0	0	0	0	0	0	0	0	0	27	0	46	54	150	357	33	12	24	0	3	0	0	5	0	0	0	6	0	0	207	0	0	0	0	0	0	0	0	0	0	0	0	0	0	0	0	0	0	207	0	0	0	0	0	0	0	0	0	0	0	0	0	0	0	0	0	0	0	0	0	0	0	0	0	0	209	20	27	50	3	0	0	0	11	0	0	0	0	0	0	0	2	0	0	0	0	0	0	0	0	0	0	0	0	0	27	0	46	54	150	357
77	66	26	34	13	56	7	10	0	20	24	13	1	0	0	0	43	48	52	53	46	7	10	0	1	0	0	1	0	0	0	2	0	0	42	19	24	13	0	0	0	0	0	0	0	0	0	0	0	0	41	48	52	53	36	7	10	0	1	0	0	1	0	0	0	2	0	0	42	0	0	0	0	0	0	0	0	0	0	0	0	0	0	0	0	0	0	42	19	24	13	0	0	0	0	2	0	0	0	0	0	0	0	0	0	0	0	0	0	0	0	41	48	52	53	26	7	10	0	1	0	0	1	0	0	0	2	0	0	42	0	0	0	0	0	0	0	0	0	0	0	0	0	0	0	0	0	0	42	0	0	0	0	0	0	0	0	0	0	0	0	0	0	0	0	0	0	0	0	0	0	0	0	0	0	42	19	24	13	3	0	0	0	14	0	0	0	0	0	0	0	2	0	0	0	0	0	0	0	0	0	0	0	0	0	0	0	41	48	52	53
133	112	49	87	136	92	26	38	90	35	67	136	21	19	52	76	70	166	408	188	73	26	38	54	14	19	90	21	19	52	20	34	38	270	50	24	48	136	13	0	0	95	11	0	0	233	8	0	52	76	49	128	408	188	54	24	38	19	14	19	54	21	19	46	18	34	38	162	48	3	0	90	3	0	0	9	0	0	0	129	8	0	52	20	13	0	270	50	21	48	136	19	0	0	19	9	32	0	255	10	0	0	95	11	0	0	233	0	0	52	76	36	128	408	188	35	17	35	18	12	19	19	15	19	20	18	25	38	57	48	3	0	54	3	0	0	9	0	0	0	127	8	0	46	18	13	0	162	48	0	0	90	0	0	0	18	0	0	0	143	0	0	0	9	0	0	0	129	0	0	52	20	0	0	270	50	21	48	136	10	48	10	9	19	96	0	0	19	0	0	19	9	32	0	255	10	0	0	95	11	0	0	233	0	0	52	76	36	128	408	188
89	76	24	22	68	63	9	0	53	19	22	68	4	0	22	22	36	33	136	40	50	9	0	52	4	0	53	4	0	22	20	8	0	106	20	15	22	68	0	0	0	10	2	0	0	0	0	0	22	22	28	33	136	40	37	9	0	50	4	0	52	4	0	22	18	8	0	104	19	0	0	53	0	0	0	9	0	0	0	0	0	0	22	20	0	0	106	20	15	22	68	4	0	0	19	6	0	0	0	0	0	0	10	2	0	0	0	0	0	22	22	28	33	136	40	24	6	0	49	4	0	50	4	0	20	18	8	0	100	19	0	0	52	0	0	0	9	0	0	0	0	0	0	22	18	0	0	104	19	0	0	53	0	0	0	18	0	0	0	0	0	0	0	9	0	0	0	0	0	0	22	20	0	0	106	20	15	22	68	6	0	0	9	17	33	0	0	4	0	0	19	6	0	0	0	0	0	0	10	2	0	0	0	0	0	22	22	28	33	136	40
73	62	34	28	26	51	12	0	19	30	28	26	8	0	38	0	53	70	104	27	40	10	0	19	8	0	19	4	0	38	0	18	0	76	20	25	28	26	4	0	16	0	19	0	0	0	4	0	38	0	43	70	104	27	29	9	0	18	6	0	19	4	0	38	0	15	0	76	19	3	0	19	0	0	16	0	4	0	0	0	0	0	38	0	8	0	76	20	24	28	26	7	0	0	10	10	7	0	0	4	0	16	0	19	0	0	0	4	0	38	0	38	70	104	27	18	5	0	16	5	0	18	4	0	36	0	10	0	72	19	1	0	19	0	0	16	0	0	0	0	0	0	0	38	0	5	0	76	19	2	0	19	0	0	0	9	0	0	0	0	0	0	16	0	4	0	0	0	0	0	38	0	3	0	76	20	24	28	26	6	0	0	16	17	28	0	0	7	0	0	10	10	7	0	0	4	0	16	0	19	0	0	0	4	0	38	0	38	70	104	27
69	58	23	26	33	48	10	10	0	17	16	33	4	0	0	0	31	24	66	163	38	10	10	0	4	0	0	4	0	0	0	8	0	0	40	13	16	33	0	0	0	0	2	0	0	0	0	0	0	0	23	24	66	163	28	10	10	0	4	0	0	4	0	0	0	8	0	0	38	0	0	0	0	0	0	0	0	0	0	0	0	0	0	0	0	0	0	40	13	16	33	4	0	0	0	5	0	0	0	0	0	0	0	2	0	0	0	0	0	0	0	23	24	66	163	18	7	10	0	4	0	0	4	0	0	0	8	0	0	38	0	0	0	0	0	0	0	0	0	0	0	0	0	0	0	0	0	0	38	0	0	0	0	0	0	0	0	0	0	0	0	0	0	0	0	0	0	0	0	0	0	0	0	0	0	40	13	16	33	6	0	0	0	15	24	0	0	4	0	0	0	5	0	0	0	0	0	0	0	2	0	0	0	0	0	0	0	23	24	66	163
55	47	21	7	22	39	9	0	0	15	7	22	3	0	0	0	30	7	22	90	31	9	0	0	3	0	0	3	0	0	0	6	0	0	20	12	7	22	0	0	0	0	1	0	0	0	0	0	0	0	24	7	22	90	23	9	0	0	3	0	0	3	0	0	0	6	0	0	19	0	0	0	0	0	0	0	0	0	0	0	0	0	0	0	0	0	0	20	12	7	22	2	0	0	0	4	0	0	0	0	0	0	0	1	0	0	0	0	0	0	0	24	7	22	90	15	7	0	0	3	0	0	3	0	0	0	6	0	0	19	0	0	0	0	0	0	0	0	0	0	0	0	0	0	0	0	0	0	19	0	0	0	0	0	0	0	0	0	0	0	0	0	0	0	0	0	0	0	0	0	0	0	0	0	0	20	12	7	22	4	0	0	0	16	14	0	0	2	0	0	0	4	0	0	0	0	0	0	0	1	0	0	0	0	0	0	0	24	7	22	90
82	66	37	53	91	51	17	39	38	28	38	91	13	26	24	48	52	52	91	285	38	16	39	38	12	26	38	13	26	24	48	34	52	38	162	20	12	91	16	0	0	0	27	12	0	0	7	0	24	48	37	0	91	285	25	12	37	35	11	26	38	12	26	24	45	29	52	38	125	4	0	38	2	0	0	0	0	0	0	0	7	0	24	48	19	0	38	162	16	12	91	20	24	0	36	8	12	0	0	14	0	0	0	27	12	0	0	0	0	24	48	18	0	91	285	12	5	12	21	7	24	35	6	24	24	30	13	48	35	87	3	0	38	2	0	0	0	0	0	0	0	6	0	24	45	14	0	38	125	0	0	38	0	0	0	0	0	0	0	0	0	0	0	0	0	0	0	0	0	0	24	48	0	0	38	162	16	12	91	7	12	32	21	0	0	182	90	20	24	0	36	8	12	0	0	14	0	0	0	27	12	0	0	0	0	24	48	18	0	91	285
71	58	47	44	42	45	23	12	31	44	44	42	30	0	42	41	86	92	168	26	32	15	8	31	20	12	31	19	0	40	41	51	60	124	19	29	44	42	14	32	0	0	24	64	0	0	24	0	42	41	59	92	168	26	20	10	0	31	12	8	31	12	0	40	41	27	40	124	19	10	12	31	2	0	0	0	0	0	0	0	13	0	40	41	33	60	124	19	19	32	42	22	0	0	0	6	24	42	0	12	32	0	0	24	64	0	0	11	0	42	41	26	32	168	26	8	3	0	29	7	0	31	6	0	40	38	13	0	124	18	2	8	31	2	0	0	0	0	0	0	0	6	0	40	41	9	40	124	19	0	0	31	0	0	0	0	0	0	31	0	0	0	0	0	0	0	0	0	0	0	40	41	0	0	124	19	15	32	42	8	0	0	21	0	0	0	0	22	0	0	0	6	24	42	0	10	32	0	0	24	64	0	0	0	0	42	41	17	32	168	26
86	67	62	129	57	49	28	80	40	53	111	57	33	123	37	15	108	248	285	136	34	18	68	40	24	65	40	18	117	37	15	65	182	200	90	34	66	57	10	106	13	0	23	72	0	0	28	78	37	15	73	173	285	136	21	11	37	37	14	55	40	8	87	37	12	34	137	200	54	14	26	40	1	26	13	0	0	0	0	0	13	78	37	15	46	117	200	90	21	40	57	8	120	39	36	6	24	114	0	10	80	13	0	23	72	0	0	18	0	37	15	32	56	285	136	8	4	8	19	7	24	37	5	24	37	0	14	40	185	19	4	16	40	0	16	13	0	0	0	0	0	3	48	37	12	15	72	200	54	1	0	40	0	0	39	0	0	0	80	0	1	0	13	0	0	0	0	0	3	0	37	15	5	0	200	90	13	40	57	3	40	45	51	0	0	171	90	8	120	39	36	6	24	114	0	7	80	13	0	23	72	0	0	1	0	37	15	13	56	285	136
53	43	37	27	16	33	18	9	8	32	27	16	21	0	18	8	65	36	48	26	24	13	9	8	15	9	8	13	0	16	8	43	18	24	19	25	18	16	16	0	0	0	23	30	0	0	15	0	18	8	52	18	48	26	15	9	6	8	10	9	8	12	0	16	8	27	18	24	19	8	0	8	2	0	0	0	0	0	0	0	7	0	16	8	30	0	24	19	17	18	16	19	18	0	0	8	6	0	0	14	0	0	0	23	30	0	0	8	0	18	8	22	18	48	26	6	3	0	8	6	6	8	6	0	16	8	11	12	24	18	3	0	8	2	0	0	0	0	0	0	0	6	0	16	8	14	0	24	19	0	0	8	0	0	0	0	0	0	0	0	0	0	0	0	0	0	0	0	0	0	16	8	0	0	24	19	14	18	16	8	0	0	0	0	0	16	0	19	18	0	0	8	6	0	0	14	0	0	0	23	30	0	0	0	0	18	8	15	18	48	26
61	49	32	37	42	38	16	20	0	26	26	42	13	10	0	0	50	28	84	263	28	15	20	0	12	10	0	13	10	0	0	34	20	0	162	18	16	42	16	0	0	0	23	8	0	0	7	0	0	0	35	8	84	263	18	11	18	0	11	10	0	12	10	0	0	29	20	0	125	4	0	0	2	0	0	0	0	0	0	0	7	0	0	0	19	0	0	162	14	16	42	20	16	0	0	8	8	0	0	14	0	0	0	23	8	0	0	0	0	0	0	16	8	84	263	8	4	8	0	7	8	0	6	8	0	0	13	16	0	87	3	0	0	2	0	0	0	0	0	0	0	6	0	0	0	14	0	0	125	0	0	0	0	0	0	0	0	0	0	0	0	0	0	0	0	0	0	0	0	0	0	0	0	0	0	162	13	16	42	6	16	16	0	0	0	42	0	20	16	0	0	8	8	0	0	14	0	0	0	23	8	0	0	0	0	0	0	14	8	84	263
54	43	30	10	56	32	22	0	21	28	10	56	31	0	0	54	69	20	56	157	21	10	0	20	20	0	21	17	0	0	52	54	0	21	79	20	10	56	4	0	24	8	0	0	0	0	27	0	0	54	55	20	56	157	10	2	0	20	8	0	20	4	0	0	52	14	0	20	79	12	0	21	2	0	0	8	0	0	0	0	13	0	0	52	40	0	21	79	6	10	56	0	0	38	0	0	0	0	0	2	0	24	8	0	0	0	0	14	0	0	54	12	20	56	157	0	0	0	20	0	0	20	0	0	0	52	0	0	20	76	0	0	20	0	0	0	8	0	0	0	0	0	0	0	52	0	0	20	79	0	0	21	0	0	0	0	0	0	0	0	0	0	0	8	0	0	0	0	0	0	0	52	0	0	21	79	0	0	56	0	0	16	0	0	0	0	0	0	0	38	0	0	0	0	0	0	0	24	8	0	0	0	0	0	0	0	54	0	0	56	157
75	58	46	74	76	41	22	44	48	45	74	76	32	88	42	67	104	198	152	115	24	9	0	47	21	44	48	19	0	41	65	58	121	96	79	26	74	76	5	0	94	8	0	0	304	0	29	88	42	67	72	198	152	115	11	1	0	47	8	0	47	3	0	41	65	14	0	94	79	13	44	48	2	0	67	8	0	0	192	0	16	0	41	65	44	121	96	79	8	22	76	0	0	44	0	0	0	0	0	3	0	94	8	0	0	304	0	13	88	42	67	19	55	152	115	0	0	0	47	0	0	47	0	0	41	65	0	0	94	76	0	0	47	0	0	67	8	0	0	188	0	0	0	41	65	0	0	94	79	0	0	48	0	0	13	0	0	0	0	0	0	0	67	8	0	0	192	0	0	0	41	65	0	0	96	79	0	0	76	0	0	8	0	0	0	0	0	0	0	44	0	0	0	0	0	0	0	94	8	0	0	304	0	0	0	42	67	0	0	152	115
50	39	37	19	42	28	23	18	0	32	19	42	32	9	0	0	74	65	0	248	18	12	9	0	20	18	0	18	9	0	0	51	63	0	117	18	9	42	4	0	24	0	0	0	42	0	26	9	0	0	49	45	0	248	9	3	0	0	9	9	0	6	0	0	0	16	18	0	117	11	9	0	2	0	0	0	0	0	0	0	12	9	0	0	35	45	0	117	7	0	42	0	0	62	0	0	0	42	0	2	0	24	0	0	0	42	0	14	0	0	0	14	0	0	248	0	0	0	0	0	0	0	0	0	0	0	0	0	0	111	0	0	0	0	0	0	0	0	0	0	0	0	0	0	0	0	0	0	117	0	0	0	0	0	0	0	0	0	0	0	0	0	0	0	0	0	0	0	0	0	0	0	0	0	0	117	0	0	42	0	0	28	0	0	0	0	0	0	0	62	0	0	0	42	0	0	0	24	0	0	0	42	0	0	0	0	0	0	0	0	248
47	35	33	47	16	23	14	32	0	29	47	16	21	60	0	0	67	98	16	99	13	5	12	0	13	32	0	10	36	0	0	39	69	0	71	17	27	16	2	12	24	0	0	0	48	0	18	60	0	0	47	68	16	99	6	1	0	0	4	12	0	3	0	0	0	7	18	0	71	9	18	0	2	0	0	0	0	0	0	0	7	36	0	0	32	48	0	71	6	6	16	0	0	24	0	0	0	32	0	0	12	24	0	0	0	48	0	11	18	0	0	12	12	16	99	0	0	0	0	0	0	0	0	0	0	0	0	0	0	68	0	0	0	0	0	0	0	0	0	0	0	0	0	0	0	0	0	0	71	0	0	0	0	0	0	0	0	0	0	0	0	0	0	0	0	0	0	0	0	0	0	0	0	0	0	71	0	0	16	0	0	8	0	0	0	0	0	0	0	24	0	0	0	32	0	0	0	24	0	0	0	48	0	0	0	0	0	0	0	16	99
40	31	28	23	8	22	17	5	0	27	23	8	27	15	0	0	64	41	24	57	13	7	0	0	16	5	0	16	0	0	0	43	10	0	40	19	23	8	4	0	16	0	0	0	8	0	24	15	0	0	51	41	24	57	5	1	0	0	6	0	0	3	0	0	0	10	0	0	40	10	5	0	2	0	0	0	0	0	0	0	13	0	0	0	33	10	0	40	4	15	8	0	0	24	0	0	0	0	0	2	0	16	0	0	0	8	0	11	15	0	0	9	25	24	57	0	0	0	0	0	0	0	0	0	0	0	0	0	0	37	0	0	0	0	0	0	0	0	0	0	0	0	0	0	0	0	0	0	40	0	0	0	0	0	0	0	0	0	0	0	0	0	0	0	0	0	0	0	0	0	0	0	0	0	0	40	0	0	8	0	0	8	0	0	0	0	0	0	0	24	0	0	0	0	0	0	0	16	0	0	0	8	0	0	0	0	0	0	0	24	57
42	31	23	18	55	20	2	0	22	23	18	55	6	0	105	14	50	27	110	156	9	0	0	22	2	0	22	0	0	36	14	3	0	44	69	18	18	55	0	0	12	0	0	0	0	0	6	0	105	14	43	27	110	156	0	0	0	22	0	0	22	0	0	36	14	0	0	44	67	0	0	22	0	0	0	0	0	0	0	0	0	0	36	14	0	0	44	69	0	0	55	0	0	0	0	0	0	0	0	0	0	12	0	0	0	0	0	0	0	105	14	0	0	110	156	0	0	0	22	0	0	22	0	0	36	14	0	0	44	67	0	0	22	0	0	0	0	0	0	0	0	0	0	36	14	0	0	44	67	0	0	22	0	0	0	0	0	0	0	0	0	0	0	0	0	0	0	0	0	0	36	14	0	0	44	69	0	0	0	0	0	0	0	0	0	0	0	0	0	0	0	0	0	0	0	0	0	0	0	0	0	0	0	0	0	0	14	0	0	0	156
20	15	11	0	13	10	0	0	8	11	0	13	0	0	13	0	22	0	0	8	5	0	0	8	0	0	8	0	0	8	0	0	0	0	0	11	0	13	0	0	0	0	0	0	0	0	0	0	13	0	22	0	0	8	0	0	0	8	0	0	8	0	0	8	0	0	0	0	0	0	0	8	0	0	0	0	0	0	0	0	0	0	8	0	0	0	0	0	0	0	13	0	0	0	0	0	0	0	0	0	0	0	0	0	0	0	0	0	0	13	0	0	0	0	8	0	0	0	8	0	0	8	0	0	8	0	0	0	0	0	0	0	8	0	0	0	0	0	0	0	0	0	0	8	0	0	0	0	0	0	0	8	0	0	0	0	0	0	0	0	0	0	0	0	0	0	0	0	0	0	8	0	0	0	0	0	0	0	0	0	0	0	0	0	0	0	0	0	0	0	0	0	0	0	0	0	0	0	0	0	0	0	0	0	0	0	0	0	0	0	8
49	36	28	30	59	23	0	0	42	28	30	59	0	0	119	14	62	60	177	84	10	0	0	42	0	0	42	0	0	68	14	0	0	126	48	22	30	59	0	0	0	0	0	0	0	0	0	0	119	14	53	60	177	84	0	0	0	42	0	0	42	0	0	68	14	0	0	126	47	0	0	42	0	0	0	0	0	0	0	0	0	0	68	14	0	0	126	48	0	0	59	0	0	0	0	0	0	0	0	0	0	0	0	0	0	0	0	0	0	119	14	0	0	177	84	0	0	0	42	0	0	42	0	0	68	14	0	0	126	47	0	0	42	0	0	0	0	0	0	0	0	0	0	68	14	0	0	126	47	0	0	42	0	0	0	0	0	0	0	0	0	0	0	0	0	0	0	0	0	0	68	14	0	0	126	48	0	0	0	0	0	0	0	0	0	0	0	0	0	0	0	0	0	0	0	0	0	0	0	0	0	0	0	0	0	0	14	0	0	0	84
31	22	28	20	27	13	1	0	26	28	20	27	3	0	69	14	58	60	135	0	4	0	0	25	1	0	26	0	0	66	13	2	0	130	0	12	20	27	0	0	15	13	0	0	0	0	3	0	69	14	31	60	135	0	0	0	0	25	0	0	25	0	0	63	13	0	0	125	0	0	0	26	0	0	14	13	0	0	0	0	0	0	66	13	0	0	130	0	0	0	27	0	0	0	0	0	0	0	0	0	0	15	13	0	0	0	0	0	0	69	14	0	0	135	0	0	0	0	25	0	0	25	0	0	63	13	0	0	125	0	0	0	25	0	0	13	13	0	0	0	0	0	0	63	13	0	0	125	0	0	0	26	0	0	0	0	0	0	0	0	0	0	14	13	0	0	0	0	0	0	66	13	0	0	130	0	0	0	0	0	0	0	0	0	0	0	0	0	0	0	0	0	0	0	0	0	0	0	13	0	0	0	0	0	0	0	14	0	0	0	0
28	20	20	16	0	12	0	0	0	20	16	0	0	0	0	0	40	40	0	0	4	0	0	0	0	0	0	0	0	0	0	0	0	0	0	10	16	0	0	0	0	0	0	0	0	0	0	0	0	0	24	40	0	0	0	0	0	0	0	0	0	0	0	0	0	0	0	0	0	0	0	0	0	0	0	0	0	0	0	0	0	0	0	0	0	0	0	0	0	0	0	0	0	0	0	0	0	0	0	0	0	0	0	0	0	0	0	0	0	0	0	0	0	0	0	0	0	0	0	0	0	0	0	0	0	0	0	0	0	0	0	0	0	0	0	0	0	0	0	0	0	0	0	0	0	0	0	0	0	0	0	0	0	0	0	0	0	0	0	0	0	0	0	0	0	0	0	0	0	0	0	0	0	0	0	0	0	0	0	0	0	0	0	0	0	0	0	0	0	0	0	0	0	0	0	0	0	0	0	0	0	0	0	0	0	0	0	0	0	0	0
50	32	27	56	124	14	2	0	111	18	56	124	5	0	88	69	31	98	496	27	0	0	0	104	0	0	111	0	0	87	66	0	0	444	26	0	0	124	0	0	24	68	0	0	0	0	0	0	88	69	0	0	496	27	0	0	0	95	0	0	104	0	0	71	65	0	0	416	25	0	0	111	0	0	24	27	0	0	0	0	0	0	87	66	0	0	444	26	0	0	0	0	0	0	13	0	0	0	57	0	0	0	68	0	0	0	0	0	0	0	69	0	0	0	27	0	0	0	94	0	0	95	0	0	46	65	0	0	380	25	0	0	104	0	0	19	27	0	0	0	0	0	0	71	65	0	0	416	25	0	0	0	0	0	0	13	0	0	0	40	0	0	0	27	0	0	0	0	0	0	0	66	0	0	0	26	0	0	0	0	0	0	10	0	0	0	0	0	0	0	13	0	0	0	57	0	0	0	68	0	0	0	0	0	0	0	0	0	0	0	0
47	31	18	15	114	15	0	0	75	17	15	114	0	0	30	129	29	15	114	141	0	0	0	56	0	0	75	0	0	27	98	0	0	75	90	0	0	114	0	0	0	28	0	0	0	92	0	0	30	129	0	0	114	141	0	0	0	55	0	0	56	0	0	14	97	0	0	56	89	0	0	75	0	0	0	27	0	0	0	48	0	0	27	98	0	0	75	90	0	0	0	0	0	0	13	0	0	0	0	0	0	0	28	0	0	0	92	0	0	0	129	0	0	0	141	0	0	0	55	0	0	55	0	0	13	97	0	0	55	89	0	0	56	0	0	0	27	0	0	0	47	0	0	14	97	0	0	56	89	0	0	0	0	0	0	13	0	0	0	0	0	0	0	27	0	0	0	48	0	0	0	98	0	0	0	90	0	0	0	0	0	0	0	0	0	0	0	0	0	0	13	0	0	0	0	0	0	0	28	0	0	0	92	0	0	0	0	0	0	0	0
43	27	27	55	74	11	1	0	66	17	55	74	3	0	78	43	28	99	370	27	0	0	0	30	0	0	66	0	0	75	14	0	0	330	26	0	0	74	0	0	13	86	0	0	0	134	0	0	78	43	0	0	370	27	0	0	0	13	0	0	30	0	0	38	13	0	0	150	25	0	0	66	0	0	13	13	0	0	0	48	0	0	75	14	0	0	330	26	0	0	0	0	0	0	13	0	0	0	99	0	0	0	86	0	0	0	134	0	0	0	43	0	0	0	27	0	0	0	13	0	0	13	0	0	13	13	0	0	65	25	0	0	30	0	0	8	13	0	0	0	47	0	0	38	13	0	0	150	25	0	0	0	0	0	0	13	0	0	0	71	0	0	0	13	0	0	0	48	0	0	0	14	0	0	0	26	0	0	0	0	0	0	0	0	0	0	0	0	0	0	13	0	0	0	99	0	0	0	86	0	0	0	134	0	0	0	0	0	0	0	0
37	24	18	22	55	11	0	0	22	15	22	55	0	0	14	43	25	33	110	141	0	0	0	0	0	0	22	0	0	12	0	0	0	44	90	0	0	55	0	0	0	0	0	0	0	100	0	0	14	43	0	0	110	141	0	0	0	0	0	0	0	0	0	0	0	0	0	0	89	0	0	22	0	0	0	0	0	0	0	48	0	0	12	0	0	0	44	90	0	0	0	0	0	0	0	0	0	0	0	0	0	0	0	0	0	0	100	0	0	0	43	0	0	0	141	0	0	0	0	0	0	0	0	0	0	0	0	0	0	89	0	0	0	0	0	0	0	0	0	0	47	0	0	0	0	0	0	0	89	0	0	0	0	0	0	0	0	0	0	0	0	0	0	0	0	0	0	48	0	0	0	0	0	0	0	90	0	0	0	0	0	0	0	0	0	0	0	0	0	0	0	0	0	0	0	0	0	0	0	0	0	0	100	0	0	0	0	0	0	0	0
30	19	17	24	31	8	0	0	11	12	24	31	0	0	0	22	20	40	93	86	0	0	0	0	0	0	11	0	0	0	0	0	0	33	68	0	0	31	0	0	0	0	0	0	0	76	0	0	0	22	0	0	93	86	0	0	0	0	0	0	0	0	0	0	0	0	0	0	67	0	0	11	0	0	0	0	0	0	0	48	0	0	0	0	0	0	33	68	0	0	0	0	0	0	0	0	0	0	0	0	0	0	0	0	0	0	76	0	0	0	22	0	0	0	86	0	0	0	0	0	0	0	0	0	0	0	0	0	0	67	0	0	0	0	0	0	0	0	0	0	47	0	0	0	0	0	0	0	67	0	0	0	0	0	0	0	0	0	0	0	0	0	0	0	0	0	0	48	0	0	0	0	0	0	0	68	0	0	0	0	0	0	0	0	0	0	0	0	0	0	0	0	0	0	0	0	0	0	0	0	0	0	76	0	0	0	0	0	0	0	0
34	16	15	32	167	0	0	0	127	0	0	167	0	0	115	96	0	0	334	229	0	0	0	126	0	0	127	0	0	112	93	0	0	254	188	0	0	0	0	0	0	15	0	0	0	0	0	0	0	96	0	0	0	229	0	0	0	119	0	0	126	0	0	112	80	0	0	252	134	0	0	0	0	0	0	14	0	0	0	0	0	0	0	93	0	0	0	188	0	0	0	0	0	0	66	0	0	0	0	0	0	0	15	0	0	0	0	0	0	0	0	0	0	0	0	0	0	0	93	0	0	119	0	0	106	61	0	0	238	108	0	0	0	0	0	0	13	0	0	0	0	0	0	0	80	0	0	0	134	0	0	0	0	0	0	13	0	0	0	0	0	0	0	14	0	0	0	0	0	0	0	0	0	0	0	0	0	0	0	0	0	0	93	0	0	0	148	0	0	0	66	0	0	0	0	0	0	0	0	0	0	0	0	0	0	0	0	0	0	0	0
22	10	10	20	68	0	0	0	23	0	0	68	0	0	36	11	0	0	136	284	0	0	0	23	0	0	23	0	0	35	11	0	0	46	210	0	0	0	0	0	0	0	0	0	0	0	0	0	0	11	0	0	0	284	0	0	0	23	0	0	23	0	0	35	11	0	0	46	134	0	0	0	0	0	0	0	0	0	0	0	0	0	0	11	0	0	0	210	0	0	0	0	0	0	0	0	0	0	0	0	0	0	0	0	0	0	0	0	0	0	0	0	0	0	0	0	0	0	23	0	0	23	0	0	35	11	0	0	46	108	0	0	0	0	0	0	0	0	0	0	0	0	0	0	11	0	0	0	134	0	0	0	0	0	0	0	0	0	0	0	0	0	0	0	0	0	0	0	0	0	0	0	0	0	0	0	0	0	0	0	0	0	0	0	0	0	0	0	0	0	0	0	0	0	0	0	0	0	0	0	0	0	0	0	0	0	0	0	0	0	0
26	12	10	24	92	0	0	0	61	0	0	92	0	0	38	56	0	0	184	198	0	0	0	60	0	0	61	0	0	36	53	0	0	122	177	0	0	0	0	0	0	6	0	0	0	0	0	0	0	56	0	0	0	198	0	0	0	34	0	0	60	0	0	36	16	0	0	120	134	0	0	0	0	0	0	0	0	0	0	0	0	0	0	53	0	0	0	177	0	0	0	0	0	0	86	0	0	0	58	0	0	0	6	0	0	0	0	0	0	0	0	0	0	0	0	0	0	0	0	0	0	34	0	0	28	0	0	0	68	108	0	0	0	0	0	0	0	0	0	0	0	0	0	0	16	0	0	0	134	0	0	0	0	0	0	0	0	0	0	0	0	0	0	0	0	0	0	0	0	0	0	0	0	0	0	0	0	0	0	0	0	0	0	0	0	0	206	0	0	0	86	0	0	0	58	0	0	0	0	0	0	0	0	0	0	0	0	0	0	0	0
23	11	9	11	84	0	0	0	20	0	0	84	0	0	15	47	0	0	84	398	0	0	0	19	0	0	20	0	0	13	44	0	0	20	285	0	0	0	0	0	0	6	0	0	0	0	0	0	0	47	0	0	0	398	0	0	0	8	0	0	19	0	0	13	16	0	0	19	190	0	0	0	0	0	0	0	0	0	0	0	0	0	0	44	0	0	0	285	0	0	0	0	0	0	40	0	0	0	16	0	0	0	6	0	0	0	0	0	0	0	0	0	0	0	0	0	0	0	0	0	0	8	0	0	8	0	0	0	8	163	0	0	0	0	0	0	0	0	0	0	0	0	0	0	16	0	0	0	190	0	0	0	0	0	0	0	0	0	0	0	0	0	0	0	0	0	0	0	0	0	0	0	0	0	0	0	0	0	0	0	0	0	0	0	0	0	57	0	0	0	40	0	0	0	16	0	0	0	0	0	0	0	0	0	0	0	0	0	0	0	0
12	5	7	10	11	0	0	0	0	0	0	11	0	0	0	0	0	0	22	74	0	0	0	0	0	0	0	0	0	0	0	0	0	0	66	0	0	0	0	0	0	0	0	0	0	0	0	0	0	0	0	0	0	74	0	0	0	0	0	0	0	0	0	0	0	0	0	0	30	0	0	0	0	0	0	0	0	0	0	0	0	0	0	0	0	0	0	66	0	0	0	0	0	0	0	0	0	0	0	0	0	0	0	0	0	0	0	0	0	0	0	0	0	0	0	0	0	0	0	0	0	0	0	0	0	0	0	0	0	13	0	0	0	0	0	0	0	0	0	0	0	0	0	0	0	0	0	0	30	0	0	0	0	0	0	0	0	0	0	0	0	0	0	0	0	0	0	0	0	0	0	0	0	0	0	0	0	0	0	0	0	0	0	0	0	0	0	0	0	0	0	0	0	0	0	0	0	0	0	0	0	0	0	0	0	0	0	0	0	0	0
14	0	0	0	170	0	0	0	110	0	0	0	0	0	0	80	0	0	0	422	0	0	0	109	0	0	0	0	0	0	78	0	0	0	231	0	0	0	0	0	0	11	0	0	0	0	0	0	0	0	0	0	0	0	0	0	0	109	0	0	0	0	0	0	78	0	0	0	228	0	0	0	0	0	0	11	0	0	0	0	0	0	0	0	0	0	0	0	0	0	0	0	0	0	0	0	0	0	0	0	0	0	0	0	0	0	0	0	0	0	0	0	0	0	0	0	0	0	109	0	0	0	0	0	0	78	0	0	0	184	0	0	0	0	0	0	11	0	0	0	0	0	0	0	0	0	0	0	0	0	0	0	0	0	0	0	0	0	0	0	0	0	0	0	0	0	0	0	0	0	0	0	0	0	0	0	0	0	0	0	0	0	0	0	0	0	0	0	0	0	0	0	0	0	0	0	0	0	0	0	0	0	0	0	0	0	0	0	0	0	0
14	0	0	0	162	0	0	0	110	0	0	0	0	0	0	124	0	0	0	338	0	0	0	108	0	0	0	0	0	0	118	0	0	0	211	0	0	0	0	0	0	26	0	0	0	0	0	0	0	0	0	0	0	0	0	0	0	108	0	0	0	0	0	0	118	0	0	0	209	0	0	0	0	0	0	26	0	0	0	0	0	0	0	0	0	0	0	0	0	0	0	0	0	0	0	0	0	0	0	0	0	0	0	0	0	0	0	0	0	0	0	0	0	0	0	0	0	0	100	0	0	0	0	0	0	99	0	0	0	176	0	0	0	0	0	0	16	0	0	0	0	0	0	0	0	0	0	0	0	0	0	0	0	0	0	0	0	0	0	0	0	0	0	0	0	0	0	0	0	0	0	0	0	0	0	0	0	0	0	0	0	0	68	0	0	0	0	0	0	0	0	0	0	0	0	0	0	0	0	0	0	0	0	0	0	0	0	0	0	0	0
