243	240	8	2	0	237	5	2	0	8	2	0	6	0	0	0	18	6	0	0	234	3	2	0	5	2	0	0	0	0	0	11	6	0	0	8	2	0	0	0	0	0	3	4	0	0	6	0	0	0	18	6	0	0	231	1	0	0	3	2	0	0	0	0	0	8	6	0	0	5	2	0	0	0	0	0	2	4	0	0	0	0	0	0	11	6	0	0	8	2	0	2	0	0	0	1	0	0	0	0	0	0	0	3	4	0	0	6	0	0	0	18	6	0	0	228	1	0	0	1	0	0	0	0	0	0	3	0	0	0	3	2	0	0	0	0	0	2	4	0	0	0	0	0	0	8	6	0	0	5	2	0	2	0	0	0	1	0	0	0	0	0	0	0	2	4	0	0	0	0	0	0	11	6	0	0	8	2	0	0	0	0	0	1	0	0	0	2	0	0	0	1	0	0	0	0	0	0	0	3	4	0	0	6	0	0	0	18	6	0	0
246	243	8	0	0	240	6	0	0	8	0	0	3	0	0	0	18	0	0	0	237	5	0	0	6	0	0	1	0	0	0	15	0	0	0	8	0	0	2	0	0	0	5	0	0	0	3	0	0	0	18	0	0	0	234	1	0	0	5	0	0	0	0	0	0	12	0	0	0	6	0	0	0	0	0	0	4	0	0	0	1	0	0	0	15	0	0	0	8	0	0	2	0	0	0	1	0	0	0	2	0	0	0	5	0	0	0	3	0	0	0	18	0	0	0	231	1	0	0	1	0	0	0	0	0	0	3	0	0	0	5	0	0	0	0	0	0	4	0	0	0	0	0	0	0	12	0	0	0	6	0	0	2	0	0	0	1	0	0	0	0	0	0	0	4	0	0	0	1	0	0	0	15	0	0	0	8	0	0	0	0	0	0	1	0	0	0	2	0	0	0	1	0	0	0	2	0	0	0	5	0	0	0	3	0	0	0	18	0	0	0
562	555	26	14	0	548	13	14	0	26	14	0	15	0	0	0	53	38	0	0	541	9	14	0	13	14	0	4	0	0	0	31	38	0	0	26	14	0	5	0	0	0	10	8	0	0	15	0	0	0	53	38	0	0	534	6	4	0	9	14	0	3	0	0	0	22	38	0	0	13	14	0	1	0	0	0	6	8	0	0	4	0	0	0	31	38	0	0	26	14	0	3	8	0	0	4	4	0	0	5	0	0	0	10	8	0	0	15	0	0	0	53	38	0	0	527	5	4	0	6	4	0	2	0	0	0	15	12	0	0	9	14	0	1	0	0	0	6	8	0	0	3	0	0	0	22	38	0	0	13	14	0	1	8	0	0	4	4	0	0	1	0	0	0	6	8	0	0	4	0	0	0	31	38	0	0	26	14	0	4	0	0	0	1	4	0	0	3	8	0	0	4	4	0	0	5	0	0	0	10	8	0	0	15	0	0	0	53	38	0	0
567	560	21	17	0	553	11	8	0	21	17	0	10	11	0	0	51	30	0	0	546	9	3	0	11	8	0	5	3	0	0	29	14	0	0	21	17	0	0	6	0	0	6	3	0	0	10	11	0	0	51	30	0	0	539	7	0	0	9	3	0	5	0	0	0	24	3	0	0	11	8	0	0	0	0	0	4	0	0	0	5	3	0	0	29	14	0	0	21	17	0	2	0	0	0	8	0	0	0	0	6	0	0	6	3	0	0	10	11	0	0	51	30	0	0	532	7	0	0	7	0	0	5	0	0	0	19	0	0	0	9	3	0	0	0	0	0	4	0	0	0	5	0	0	0	24	3	0	0	11	8	0	2	0	0	0	7	0	0	0	0	0	0	0	4	0	0	0	5	3	0	0	29	14	0	0	21	17	0	3	0	0	0	4	0	0	0	2	0	0	0	8	0	0	0	0	6	0	0	6	3	0	0	10	11	0	0	51	30	0	0
638	630	25	24	0	622	13	14	0	25	24	0	9	12	0	0	56	47	0	0	614	11	12	0	13	14	0	5	6	0	0	33	30	0	0	25	24	0	2	0	0	0	5	2	0	0	9	12	0	0	56	47	0	0	606	8	12	0	11	12	0	4	6	0	0	28	24	0	0	13	14	0	0	0	0	0	4	0	0	0	5	6	0	0	33	30	0	0	25	24	0	2	0	0	0	12	0	0	0	2	0	0	0	5	2	0	0	9	12	0	0	56	47	0	0	598	8	11	0	8	12	0	4	6	0	0	22	24	0	0	11	12	0	0	0	0	0	4	0	0	0	4	6	0	0	28	24	0	0	13	14	0	2	0	0	0	7	0	0	0	0	0	0	0	4	0	0	0	5	6	0	0	33	30	0	0	25	24	0	2	5	0	0	6	0	0	0	2	0	0	0	12	0	0	0	2	0	0	0	5	2	0	0	9	12	0	0	56	47	0	0
566	559	32	6	5	552	17	0	0	32	6	5	13	0	5	0	91	18	5	0	545	15	0	0	17	0	0	10	0	0	0	51	0	0	0	32	6	5	3	0	3	0	4	0	0	0	13	0	5	0	91	18	5	0	538	15	0	0	15	0	0	10	0	0	0	48	0	0	0	17	0	0	3	0	0	0	4	0	0	0	10	0	0	0	51	0	0	0	32	6	5	1	0	0	0	8	0	0	0	3	0	3	0	4	0	0	0	13	0	5	0	91	18	5	0	531	15	0	0	15	0	0	10	0	0	0	48	0	0	0	15	0	0	3	0	0	0	4	0	0	0	10	0	0	0	48	0	0	0	17	0	0	1	0	0	0	7	0	0	0	3	0	0	0	4	0	0	0	10	0	0	0	51	0	0	0	32	6	5	3	0	0	0	3	0	0	0	1	0	0	0	8	0	0	0	3	0	3	0	4	0	0	0	13	0	5	0	91	18	5	0
942	930	58	53	5	918	29	37	0	58	53	5	26	42	5	0	148	155	10	0	906	26	32	0	29	37	0	17	32	0	0	80	106	0	0	58	53	5	16	0	3	0	10	20	5	0	26	42	5	0	148	155	10	0	894	20	32	0	26	32	0	15	32	0	0	72	96	0	0	29	37	0	6	0	0	0	5	16	0	0	17	32	0	0	80	106	0	0	58	53	5	11	0	0	0	26	57	0	0	16	0	3	0	10	20	5	0	26	42	5	0	148	155	10	0	882	18	30	0	20	32	0	10	32	0	0	56	96	0	0	26	32	0	6	0	0	0	5	16	0	0	15	32	0	0	72	96	0	0	29	37	0	8	0	0	0	12	45	0	0	6	0	0	0	5	16	0	0	17	32	0	0	80	106	0	0	58	53	5	4	14	0	0	10	17	0	0	11	0	0	0	26	57	0	0	16	0	3	0	10	20	5	0	26	42	5	0	148	155	10	0
549	542	28	12	2	535	12	12	0	28	12	2	12	0	2	0	79	28	0	0	528	11	12	0	12	12	0	10	0	0	0	38	28	0	0	28	12	2	3	0	0	0	8	0	0	0	12	0	2	0	79	28	0	0	521	11	12	0	11	12	0	10	0	0	0	36	28	0	0	12	12	0	3	0	0	0	4	0	0	0	10	0	0	0	38	28	0	0	28	12	2	1	0	0	0	19	0	0	0	3	0	0	0	8	0	0	0	12	0	2	0	79	28	0	0	514	11	12	0	11	12	0	10	0	0	0	36	28	0	0	11	12	0	3	0	0	0	4	0	0	0	10	0	0	0	36	28	0	0	12	12	0	1	0	0	0	7	0	0	0	3	0	0	0	4	0	0	0	10	0	0	0	38	28	0	0	28	12	2	3	0	0	0	7	0	0	0	1	0	0	0	19	0	0	0	3	0	0	0	8	0	0	0	12	0	2	0	79	28	0	0
475	469	27	11	0	463	10	5	0	27	11	0	9	0	0	0	77	37	0	0	457	10	5	0	10	5	0	9	0	0	0	34	25	0	0	27	11	0	4	0	0	0	2	0	0	0	9	0	0	0	77	37	0	0	451	10	5	0	10	5	0	9	0	0	0	34	25	0	0	10	5	0	4	0	0	0	2	0	0	0	9	0	0	0	34	25	0	0	27	11	0	1	0	0	0	3	0	0	0	4	0	0	0	2	0	0	0	9	0	0	0	77	37	0	0	445	10	5	0	10	5	0	9	0	0	0	34	25	0	0	10	5	0	4	0	0	0	2	0	0	0	9	0	0	0	34	25	0	0	10	5	0	1	0	0	0	1	0	0	0	4	0	0	0	2	0	0	0	9	0	0	0	34	25	0	0	27	11	0	0	0	0	0	2	0	0	0	1	0	0	0	3	0	0	0	4	0	0	0	2	0	0	0	9	0	0	0	77	37	0	0
1091	1077	65	74	0	1063	24	49	0	65	74	0	23	51	0	0	164	272	0	0	1049	21	46	0	24	49	0	13	47	0	0	66	194	0	0	65	74	0	7	28	0	0	10	20	0	0	23	51	0	0	164	272	0	0	1035	20	45	0	21	46	0	11	45	0	0	57	183	0	0	24	49	0	3	27	0	0	4	18	0	0	13	47	0	0	66	194	0	0	65	74	0	6	9	0	0	23	10	0	0	7	28	0	0	10	20	0	0	23	51	0	0	164	272	0	0	1021	20	45	0	20	45	0	11	45	0	0	55	180	0	0	21	46	0	3	27	0	0	4	18	0	0	11	45	0	0	57	183	0	0	24	49	0	6	9	0	0	11	9	0	0	3	27	0	0	4	18	0	0	13	47	0	0	66	194	0	0	65	74	0	2	0	0	0	10	0	0	0	6	9	0	0	23	10	0	0	7	28	0	0	10	20	0	0	23	51	0	0	164	272	0	0
1037	1024	54	30	27	1011	34	0	5	54	30	27	27	0	10	12	144	60	81	10	998	34	0	0	34	0	5	27	0	3	0	102	0	15	0	54	30	27	10	0	0	0	12	0	0	0	27	0	10	12	144	60	81	10	985	33	0	0	34	0	0	27	0	0	0	102	0	0	0	34	0	5	8	0	0	0	7	0	0	0	27	0	3	0	102	0	15	0	54	30	27	10	0	0	0	19	10	0	0	10	0	0	0	12	0	0	0	27	0	10	12	144	60	81	10	972	31	0	0	33	0	0	26	0	0	0	99	0	0	0	34	0	0	8	0	0	0	7	0	0	0	27	0	0	0	102	0	0	0	34	0	5	8	0	0	0	15	0	0	0	8	0	0	0	7	0	0	0	27	0	3	0	102	0	15	0	54	30	27	5	0	5	0	7	10	0	0	10	0	0	0	19	10	0	0	10	0	0	0	12	0	0	0	27	0	10	12	144	60	81	10
1229	1213	74	95	9	1197	37	68	0	74	95	9	38	36	5	0	183	244	36	5	1181	35	66	0	37	68	0	30	36	0	0	107	182	0	0	74	95	9	16	20	0	0	26	20	0	0	38	36	5	0	183	244	36	5	1165	29	60	0	35	66	0	28	30	0	0	100	176	0	0	37	68	0	6	20	0	0	7	20	0	0	30	36	0	0	107	182	0	0	74	95	9	5	60	0	0	25	56	0	0	16	20	0	0	26	20	0	0	38	36	5	0	183	244	36	5	1149	27	60	0	29	60	0	23	30	0	0	84	160	0	0	35	66	0	6	20	0	0	7	20	0	0	28	30	0	0	100	176	0	0	37	68	0	2	60	0	0	15	50	0	0	6	20	0	0	7	20	0	0	30	36	0	0	107	182	0	0	74	95	9	7	0	0	0	14	16	0	0	5	60	0	0	25	56	0	0	16	20	0	0	26	20	0	0	38	36	5	0	183	244	36	5
847	836	41	39	6	825	15	29	0	41	39	6	8	30	0	0	108	91	6	0	814	15	28	0	15	29	0	8	28	0	0	50	78	0	0	41	39	6	5	7	0	0	8	0	0	0	8	30	0	0	108	91	6	0	803	15	28	0	15	28	0	8	28	0	0	50	77	0	0	15	29	0	5	7	0	0	4	0	0	0	8	28	0	0	50	78	0	0	41	39	6	7	0	0	0	12	0	0	0	5	7	0	0	8	0	0	0	8	30	0	0	108	91	6	0	792	15	28	0	15	28	0	8	28	0	0	50	77	0	0	15	28	0	5	7	0	0	4	0	0	0	8	28	0	0	50	77	0	0	15	29	0	7	0	0	0	6	0	0	0	5	7	0	0	4	0	0	0	8	28	0	0	50	78	0	0	41	39	6	0	0	0	0	6	0	0	0	7	0	0	0	12	0	0	0	5	7	0	0	8	0	0	0	8	30	0	0	108	91	6	0
710	701	40	20	6	692	21	8	0	40	20	6	14	0	0	0	105	42	12	0	683	21	8	0	21	8	0	14	0	0	0	64	24	0	0	40	20	6	9	0	0	0	8	0	0	0	14	0	0	0	105	42	12	0	674	20	8	0	21	8	0	14	0	0	0	64	24	0	0	21	8	0	7	0	0	0	4	0	0	0	14	0	0	0	64	24	0	0	40	20	6	10	0	0	0	13	6	0	0	9	0	0	0	8	0	0	0	14	0	0	0	105	42	12	0	665	19	8	0	20	8	0	13	0	0	0	61	24	0	0	21	8	0	7	0	0	0	4	0	0	0	14	0	0	0	64	24	0	0	21	8	0	8	0	0	0	10	0	0	0	7	0	0	0	4	0	0	0	14	0	0	0	64	24	0	0	40	20	6	3	0	0	0	5	6	0	0	10	0	0	0	13	6	0	0	9	0	0	0	8	0	0	0	14	0	0	0	105	42	12	0
866	855	53	35	4	844	30	10	0	53	35	4	29	0	0	0	134	70	20	0	833	28	10	0	30	10	0	23	0	0	0	86	10	0	0	53	35	4	10	0	0	0	12	10	0	0	29	0	0	0	134	70	20	0	822	27	10	0	28	10	0	23	0	0	0	83	10	0	0	30	10	0	8	0	0	0	6	0	0	0	23	0	0	0	86	10	0	0	53	35	4	10	0	0	0	15	5	0	0	10	0	0	0	12	10	0	0	29	0	0	0	134	70	20	0	811	26	10	0	27	10	0	22	0	0	0	80	10	0	0	28	10	0	8	0	0	0	6	0	0	0	23	0	0	0	83	10	0	0	30	10	0	8	0	0	0	10	0	0	0	8	0	0	0	6	0	0	0	23	0	0	0	86	10	0	0	53	35	4	3	0	0	0	6	5	0	0	10	0	0	0	15	5	0	0	10	0	0	0	12	10	0	0	29	0	0	0	134	70	20	0
941	929	40	41	11	917	21	14	6	40	41	11	18	42	0	0	94	79	33	4	905	20	0	6	21	14	6	15	0	0	0	57	21	18	0	40	41	11	4	0	0	0	13	7	22	0	18	42	0	0	94	79	33	4	893	18	0	0	20	0	6	15	0	0	0	54	0	18	0	21	14	6	2	0	0	0	9	0	12	0	15	0	0	0	57	21	18	0	40	41	11	3	0	4	0	6	0	0	0	4	0	0	0	13	7	22	0	18	42	0	0	94	79	33	4	881	17	0	0	18	0	0	14	0	0	0	48	0	0	0	20	0	6	2	0	0	0	9	0	12	0	15	0	0	0	54	0	18	0	21	14	6	1	0	4	0	6	0	0	0	2	0	0	0	9	0	12	0	15	0	0	0	57	21	18	0	40	41	11	3	0	0	0	2	0	0	0	3	0	4	0	6	0	0	0	4	0	0	0	13	7	22	0	18	42	0	0	94	79	33	4
1242	1226	62	74	38	1210	37	52	9	62	74	38	33	25	0	10	148	191	76	46	1194	34	49	4	37	52	9	24	24	0	0	98	148	18	5	62	74	38	7	32	0	0	32	10	0	5	33	25	0	10	148	191	76	46	1178	29	36	0	34	49	4	24	22	0	0	92	141	8	0	37	52	9	3	12	0	0	18	0	0	0	24	24	0	0	98	148	18	5	62	74	38	7	34	4	0	20	56	38	0	7	32	0	0	32	10	0	5	33	25	0	10	148	191	76	46	1162	26	23	0	29	36	0	20	10	0	0	78	102	0	0	34	49	4	3	10	0	0	18	0	0	0	24	22	0	0	92	141	8	0	37	52	9	6	13	4	0	14	52	9	0	3	12	0	0	18	0	0	0	24	24	0	0	98	148	18	5	62	74	38	0	33	14	0	8	14	38	0	7	34	4	0	20	56	38	0	7	32	0	0	32	10	0	5	33	25	0	10	148	191	76	46
868	857	45	10	39	846	31	0	5	45	10	39	30	0	0	5	113	30	39	52	835	28	0	3	31	0	5	21	0	0	3	81	0	5	5	45	10	39	7	0	0	6	14	10	0	0	30	0	0	5	113	30	39	52	824	27	0	0	28	0	3	21	0	0	0	75	0	3	0	31	0	5	5	0	0	0	10	0	0	0	21	0	0	3	81	0	5	5	45	10	39	9	0	0	0	11	0	0	0	7	0	0	6	14	10	0	0	30	0	0	5	113	30	39	52	813	26	0	0	27	0	0	20	0	0	0	72	0	0	0	28	0	3	5	0	0	0	10	0	0	0	21	0	0	0	75	0	3	0	31	0	5	7	0	0	0	11	0	0	0	5	0	0	0	10	0	0	0	21	0	0	3	81	0	5	5	45	10	39	3	0	0	0	3	0	0	0	9	0	0	0	11	0	0	0	7	0	0	6	14	10	0	0	30	0	0	5	113	30	39	52
1213	1197	69	90	21	1181	34	61	0	69	90	21	26	84	0	0	165	261	63	40	1165	30	60	0	34	61	0	15	80	0	0	93	192	0	5	69	90	21	5	10	0	0	36	22	0	0	26	84	0	0	165	261	63	40	1149	29	60	0	30	60	0	15	80	0	0	82	190	0	0	34	61	0	3	10	0	0	12	11	0	0	15	80	0	0	93	192	0	5	69	90	21	10	0	0	0	25	0	0	0	5	10	0	0	36	22	0	0	26	84	0	0	165	261	63	40	1133	28	60	0	29	60	0	14	80	0	0	79	190	0	0	30	60	0	3	10	0	0	10	10	0	0	15	80	0	0	82	190	0	0	34	61	0	8	0	0	0	17	0	0	0	3	10	0	0	12	11	0	0	15	80	0	0	93	192	0	5	69	90	21	10	0	0	0	14	0	0	0	10	0	0	0	25	0	0	0	5	10	0	0	36	22	0	0	26	84	0	0	165	261	63	40
849	838	49	37	11	827	30	18	0	49	37	11	30	9	0	0	122	71	33	13	816	26	18	0	30	18	0	19	9	0	0	84	27	0	0	49	37	11	6	0	0	0	17	16	0	0	30	9	0	0	122	71	33	13	805	25	18	0	26	18	0	19	9	0	0	73	27	0	0	30	18	0	4	0	0	0	12	9	0	0	19	9	0	0	84	27	0	0	49	37	11	9	0	0	0	13	0	0	0	6	0	0	0	17	16	0	0	30	9	0	0	122	71	33	13	794	24	18	0	25	18	0	18	9	0	0	70	27	0	0	26	18	0	4	0	0	0	10	9	0	0	19	9	0	0	73	27	0	0	30	18	0	7	0	0	0	11	0	0	0	4	0	0	0	12	9	0	0	19	9	0	0	84	27	0	0	49	37	11	3	0	0	0	4	0	0	0	9	0	0	0	13	0	0	0	6	0	0	0	17	16	0	0	30	9	0	0	122	71	33	13
1212	1196	62	86	40	1180	33	56	0	62	86	40	36	60	14	0	147	227	120	120	1164	26	48	0	33	56	0	21	36	0	0	95	156	0	20	62	86	40	7	0	10	0	28	78	40	0	36	60	14	0	147	227	120	120	1148	23	48	0	26	48	0	18	36	0	0	71	132	0	13	33	56	0	5	0	0	0	18	72	0	0	21	36	0	0	95	156	0	20	62	86	40	2	0	10	0	9	26	0	0	7	0	10	0	28	78	40	0	36	60	14	0	147	227	120	120	1132	21	48	0	23	48	0	15	36	0	0	62	132	0	0	26	48	0	3	0	0	0	12	72	0	0	18	36	0	0	71	132	0	13	33	56	0	1	0	0	0	7	24	0	0	5	0	0	0	18	72	0	0	21	36	0	0	95	156	0	20	62	86	40	2	0	10	0	5	13	0	0	2	0	10	0	9	26	0	0	7	0	10	0	28	78	40	0	36	60	14	0	147	227	120	120
764	754	41	24	30	744	24	16	0	41	24	30	22	8	14	0	95	57	30	81	734	21	16	0	24	16	0	17	8	0	0	68	48	0	15	41	24	30	2	0	10	0	17	9	0	0	22	8	14	0	95	57	30	81	724	20	16	0	21	16	0	16	8	0	0	57	48	0	10	24	16	0	2	0	0	0	10	8	0	0	17	8	0	0	68	48	0	15	41	24	30	2	0	10	0	11	0	0	0	2	0	10	0	17	9	0	0	22	8	14	0	95	57	30	81	714	19	16	0	20	16	0	15	8	0	0	55	48	0	0	21	16	0	1	0	0	0	8	8	0	0	16	8	0	0	57	48	0	10	24	16	0	2	0	0	0	9	0	0	0	2	0	0	0	10	8	0	0	17	8	0	0	68	48	0	15	41	24	30	6	0	10	0	6	0	0	0	2	0	10	0	11	0	0	0	2	0	10	0	17	9	0	0	22	8	14	0	95	57	30	81
777	767	29	21	20	757	15	0	0	29	21	20	16	0	14	0	62	21	60	43	747	14	0	0	15	0	0	13	0	0	0	42	0	0	6	29	21	20	1	0	0	0	9	0	0	0	16	0	14	0	62	21	60	43	737	14	0	0	14	0	0	13	0	0	0	39	0	0	6	15	0	0	1	0	0	0	9	0	0	0	13	0	0	0	42	0	0	6	29	21	20	0	0	0	0	2	0	0	0	1	0	0	0	9	0	0	0	16	0	14	0	62	21	60	43	727	14	0	0	14	0	0	13	0	0	0	39	0	0	0	14	0	0	1	0	0	0	9	0	0	0	13	0	0	0	39	0	0	6	15	0	0	0	0	0	0	2	0	0	0	1	0	0	0	9	0	0	0	13	0	0	0	42	0	0	6	29	21	20	0	0	0	0	1	0	0	0	0	0	0	0	2	0	0	0	1	0	0	0	9	0	0	0	16	0	14	0	62	21	60	43
466	460	18	8	0	454	7	0	0	18	8	0	7	0	0	0	35	4	0	0	448	6	0	0	7	0	0	4	0	0	0	20	0	0	0	18	8	0	0	0	0	0	7	0	0	0	7	0	0	0	35	4	0	0	442	6	0	0	6	0	0	4	0	0	0	17	0	0	0	7	0	0	0	0	0	0	7	0	0	0	4	0	0	0	20	0	0	0	18	8	0	0	0	0	0	2	0	0	0	0	0	0	0	7	0	0	0	7	0	0	0	35	4	0	0	436	6	0	0	6	0	0	4	0	0	0	17	0	0	0	6	0	0	0	0	0	0	7	0	0	0	4	0	0	0	17	0	0	0	7	0	0	0	0	0	0	2	0	0	0	0	0	0	0	7	0	0	0	4	0	0	0	20	0	0	0	18	8	0	0	0	0	0	1	0	0	0	0	0	0	0	2	0	0	0	0	0	0	0	7	0	0	0	7	0	0	0	35	4	0	0
387	382	8	6	0	377	0	0	0	8	6	0	0	0	0	0	9	6	0	0	372	0	0	0	0	0	0	0	0	0	0	0	0	0	0	8	6	0	0	0	0	0	0	0	0	0	0	0	0	0	9	6	0	0	367	0	0	0	0	0	0	0	0	0	0	0	0	0	0	0	0	0	0	0	0	0	0	0	0	0	0	0	0	0	0	0	0	0	8	6	0	0	0	0	0	0	0	0	0	0	0	0	0	0	0	0	0	0	0	0	0	9	6	0	0	362	0	0	0	0	0	0	0	0	0	0	0	0	0	0	0	0	0	0	0	0	0	0	0	0	0	0	0	0	0	0	0	0	0	0	0	0	0	0	0	0	0	0	0	0	0	0	0	0	0	0	0	0	0	0	0	0	0	0	0	0	8	6	0	0	0	0	0	0	0	0	0	0	0	0	0	0	0	0	0	0	0	0	0	0	0	0	0	0	0	0	0	9	6	0	0
846	835	25	10	38	824	12	0	7	25	10	38	8	0	8	21	55	10	38	90	813	12	0	0	12	0	7	8	0	0	0	30	0	7	0	25	10	38	2	0	0	0	12	0	0	11	8	0	8	21	55	10	38	90	802	12	0	0	12	0	0	8	0	0	0	30	0	0	0	12	0	7	2	0	0	0	12	0	0	6	8	0	0	0	30	0	7	0	25	10	38	0	0	0	0	2	0	0	0	2	0	0	0	12	0	0	11	8	0	8	21	55	10	38	90	791	12	0	0	12	0	0	8	0	0	0	30	0	0	0	12	0	0	2	0	0	0	12	0	0	6	8	0	0	0	30	0	0	0	12	0	7	0	0	0	0	2	0	0	0	2	0	0	0	12	0	0	6	8	0	0	0	30	0	7	0	25	10	38	0	0	0	0	1	0	0	0	0	0	0	0	2	0	0	0	2	0	0	0	12	0	0	11	8	0	8	21	55	10	38	90
768	758	26	16	27	748	11	0	7	26	16	27	7	0	8	21	54	32	54	60	738	11	0	0	11	0	7	7	0	0	0	27	0	14	0	26	16	27	2	0	0	0	15	0	0	11	7	0	8	21	54	32	54	60	728	11	0	0	11	0	0	7	0	0	0	27	0	0	0	11	0	7	2	0	0	0	15	0	0	6	7	0	0	0	27	0	14	0	26	16	27	0	0	0	0	2	0	0	0	2	0	0	0	15	0	0	11	7	0	8	21	54	32	54	60	718	11	0	0	11	0	0	7	0	0	0	27	0	0	0	11	0	0	2	0	0	0	15	0	0	6	7	0	0	0	27	0	0	0	11	0	7	0	0	0	0	2	0	0	0	2	0	0	0	15	0	0	6	7	0	0	0	27	0	14	0	26	16	27	0	0	0	0	1	0	0	0	0	0	0	0	2	0	0	0	2	0	0	0	15	0	0	11	7	0	8	21	54	32	54	60
966	953	45	61	8	940	20	38	0	45	61	8	20	29	8	0	105	118	32	40	927	15	36	0	20	38	0	6	27	0	0	57	72	0	0	45	61	8	2	18	0	0	20	45	0	0	20	29	8	0	105	118	32	40	914	15	36	0	15	36	0	6	27	0	0	41	72	0	0	20	38	0	2	18	0	0	18	45	0	0	6	27	0	0	57	72	0	0	45	61	8	0	0	0	0	2	0	0	0	2	18	0	0	20	45	0	0	20	29	8	0	105	118	32	40	901	15	36	0	15	36	0	6	27	0	0	41	72	0	0	15	36	0	2	18	0	0	14	45	0	0	6	27	0	0	41	72	0	0	20	38	0	0	0	0	0	2	0	0	0	2	18	0	0	18	45	0	0	6	27	0	0	57	72	0	0	45	61	8	0	0	0	0	1	0	0	0	0	0	0	0	2	0	0	0	2	18	0	0	20	45	0	0	20	29	8	0	105	118	32	40
462	456	11	0	13	450	4	0	0	11	0	13	3	0	0	0	21	0	0	20	444	4	0	0	4	0	0	3	0	0	0	8	0	0	0	11	0	13	2	0	0	0	5	0	0	0	3	0	0	0	21	0	0	20	438	4	0	0	4	0	0	3	0	0	0	8	0	0	0	4	0	0	2	0	0	0	5	0	0	0	3	0	0	0	8	0	0	0	11	0	13	0	0	0	0	0	0	0	0	2	0	0	0	5	0	0	0	3	0	0	0	21	0	0	20	432	4	0	0	4	0	0	3	0	0	0	8	0	0	0	4	0	0	2	0	0	0	5	0	0	0	3	0	0	0	8	0	0	0	4	0	0	0	0	0	0	0	0	0	0	2	0	0	0	5	0	0	0	3	0	0	0	8	0	0	0	11	0	13	0	0	0	0	0	0	0	0	0	0	0	0	0	0	0	0	2	0	0	0	5	0	0	0	3	0	0	0	21	0	0	20
748	738	31	32	0	728	9	16	0	31	32	0	3	8	0	0	59	70	0	0	718	9	16	0	9	16	0	3	8	0	0	20	40	0	0	31	32	0	4	0	0	0	15	0	0	0	3	8	0	0	59	70	0	0	708	9	16	0	9	16	0	3	8	0	0	20	40	0	0	9	16	0	4	0	0	0	13	0	0	0	3	8	0	0	20	40	0	0	31	32	0	0	0	0	0	0	0	0	0	4	0	0	0	15	0	0	0	3	8	0	0	59	70	0	0	698	9	16	0	9	16	0	3	8	0	0	20	40	0	0	9	16	0	4	0	0	0	13	0	0	0	3	8	0	0	20	40	0	0	9	16	0	0	0	0	0	0	0	0	0	4	0	0	0	13	0	0	0	3	8	0	0	20	40	0	0	31	32	0	0	0	0	0	0	0	0	0	0	0	0	0	0	0	0	0	4	0	0	0	15	0	0	0	3	8	0	0	59	70	0	0
1055	1041	40	43	45	1027	24	13	26	40	43	45	22	0	12	24	86	89	135	35	1013	19	13	16	24	13	26	9	0	12	0	63	39	78	7	40	43	45	8	0	12	20	24	52	0	40	22	0	12	24	86	89	135	35	999	19	13	4	19	13	16	9	0	10	0	51	39	48	0	24	13	26	8	0	12	0	24	52	0	0	9	0	12	0	63	39	78	7	40	43	45	3	0	0	8	16	0	0	38	8	0	12	20	24	52	0	40	22	0	12	24	86	89	135	35	985	19	13	4	19	13	4	9	0	0	0	51	39	12	0	19	13	16	8	0	10	0	22	52	0	0	9	0	10	0	51	39	48	0	24	13	26	3	0	0	8	8	0	0	9	8	0	12	0	24	52	0	0	9	0	12	0	63	39	78	7	40	43	45	7	0	0	0	7	0	0	0	3	0	0	8	16	0	0	38	8	0	12	20	24	52	0	40	22	0	12	24	86	89	135	35
606	598	17	12	9	590	6	0	6	17	12	9	1	0	6	0	29	12	18	0	582	6	0	6	6	0	6	1	0	6	0	15	0	12	0	17	12	9	2	0	0	0	8	0	0	0	1	0	6	0	29	12	18	0	574	6	0	6	6	0	6	1	0	6	0	15	0	12	0	6	0	6	2	0	0	0	8	0	0	0	1	0	6	0	15	0	12	0	17	12	9	0	0	0	0	4	0	0	0	2	0	0	0	8	0	0	0	1	0	6	0	29	12	18	0	566	6	0	5	6	0	6	1	0	6	0	15	0	12	0	6	0	6	2	0	0	0	8	0	0	0	1	0	6	0	15	0	12	0	6	0	6	0	0	0	0	0	0	0	0	2	0	0	0	8	0	0	0	1	0	6	0	15	0	12	0	17	12	9	0	0	0	5	2	0	0	0	0	0	0	0	4	0	0	0	2	0	0	0	8	0	0	0	1	0	6	0	29	12	18	0
683	674	19	8	26	665	10	0	0	19	8	26	4	0	0	0	35	0	26	73	656	10	0	0	10	0	0	4	0	0	0	23	0	0	14	19	8	26	4	0	0	0	13	0	0	0	4	0	0	0	35	0	26	73	647	10	0	0	10	0	0	4	0	0	0	23	0	0	0	10	0	0	4	0	0	0	13	0	0	0	4	0	0	0	23	0	0	14	19	8	26	0	0	0	0	0	0	0	0	4	0	0	0	13	0	0	0	4	0	0	0	35	0	26	73	638	10	0	0	10	0	0	4	0	0	0	23	0	0	0	10	0	0	4	0	0	0	13	0	0	0	4	0	0	0	23	0	0	0	10	0	0	0	0	0	0	0	0	0	0	4	0	0	0	13	0	0	0	4	0	0	0	23	0	0	14	19	8	26	0	0	0	0	0	0	0	0	0	0	0	0	0	0	0	0	4	0	0	0	13	0	0	0	4	0	0	0	35	0	26	73
887	875	35	47	8	863	16	29	0	35	47	8	18	0	0	0	70	97	24	8	851	12	27	0	16	29	0	6	0	0	0	42	67	0	0	35	47	8	6	18	0	0	18	36	0	0	18	0	0	0	70	97	24	8	839	12	27	0	12	27	0	6	0	0	0	31	63	0	0	16	29	0	6	18	0	0	18	36	0	0	6	0	0	0	42	67	0	0	35	47	8	2	0	0	0	10	0	0	0	6	18	0	0	18	36	0	0	18	0	0	0	70	97	24	8	827	12	27	0	12	27	0	6	0	0	0	31	63	0	0	12	27	0	6	18	0	0	16	36	0	0	6	0	0	0	31	63	0	0	16	29	0	2	0	0	0	2	0	0	0	6	18	0	0	18	36	0	0	6	0	0	0	42	67	0	0	35	47	8	6	0	0	0	5	0	0	0	2	0	0	0	10	0	0	0	6	18	0	0	18	36	0	0	18	0	0	0	70	97	24	8
531	524	19	6	8	517	10	0	0	19	6	8	4	0	0	0	35	0	8	8	510	10	0	0	10	0	0	4	0	0	0	23	0	0	0	19	6	8	4	0	0	0	13	0	0	0	4	0	0	0	35	0	8	8	503	10	0	0	10	0	0	4	0	0	0	23	0	0	0	10	0	0	4	0	0	0	13	0	0	0	4	0	0	0	23	0	0	0	19	6	8	0	0	0	0	0	0	0	0	4	0	0	0	13	0	0	0	4	0	0	0	35	0	8	8	496	10	0	0	10	0	0	4	0	0	0	23	0	0	0	10	0	0	4	0	0	0	13	0	0	0	4	0	0	0	23	0	0	0	10	0	0	0	0	0	0	0	0	0	0	4	0	0	0	13	0	0	0	4	0	0	0	23	0	0	0	19	6	8	0	0	0	0	0	0	0	0	0	0	0	0	0	0	0	0	4	0	0	0	13	0	0	0	4	0	0	0	35	0	8	8
973	960	38	22	54	947	21	0	30	38	22	54	9	0	29	18	89	22	108	62	934	21	0	30	21	0	30	9	0	28	18	58	0	60	32	38	22	54	10	0	0	0	25	0	0	0	9	0	29	18	89	22	108	62	921	17	0	28	21	0	30	9	0	28	16	58	0	60	22	21	0	30	6	0	0	0	17	0	0	0	9	0	28	18	58	0	60	32	38	22	54	8	0	0	20	32	44	0	0	10	0	0	0	25	0	0	0	9	0	29	18	89	22	108	62	908	14	0	17	17	0	28	5	0	26	6	47	0	56	10	21	0	30	6	0	0	0	17	0	0	0	9	0	28	16	58	0	60	22	21	0	30	5	0	0	0	6	0	0	0	6	0	0	0	17	0	0	0	9	0	28	18	58	0	60	32	38	22	54	7	0	13	7	12	22	0	38	8	0	0	20	32	44	0	0	10	0	0	0	25	0	0	0	9	0	29	18	89	22	108	62
895	883	56	35	21	871	33	0	21	56	35	21	42	0	25	0	142	77	105	0	859	27	0	21	33	0	21	26	0	25	0	96	0	105	0	56	35	21	25	0	18	0	18	28	0	0	42	0	25	0	142	77	105	0	847	18	0	21	27	0	21	16	0	25	0	74	0	105	0	33	0	21	7	0	18	0	12	0	0	0	26	0	25	0	96	0	105	0	56	35	21	11	0	9	0	30	56	0	0	25	0	18	0	18	28	0	0	42	0	25	0	142	77	105	0	835	15	0	20	18	0	21	9	0	25	0	49	0	105	0	27	0	21	5	0	18	0	12	0	0	0	16	0	25	0	74	0	105	0	33	0	21	6	0	9	0	11	0	0	0	7	0	18	0	12	0	0	0	26	0	25	0	96	0	105	0	56	35	21	12	0	0	7	13	21	0	0	11	0	9	0	30	56	0	0	25	0	18	0	18	28	0	0	42	0	25	0	142	77	105	0
750	740	24	0	40	730	10	0	4	24	0	40	2	0	0	0	52	0	0	96	720	10	0	4	10	0	4	2	0	0	0	27	0	0	32	24	0	40	6	0	0	0	21	0	0	0	2	0	0	0	52	0	0	96	710	10	0	4	10	0	4	2	0	0	0	27	0	0	22	10	0	4	6	0	0	0	15	0	0	0	2	0	0	0	27	0	0	32	24	0	40	2	0	0	0	23	0	0	0	6	0	0	0	21	0	0	0	2	0	0	0	52	0	0	96	700	10	0	4	10	0	4	2	0	0	0	27	0	0	10	10	0	4	6	0	0	0	15	0	0	0	2	0	0	0	27	0	0	22	10	0	4	2	0	0	0	2	0	0	0	6	0	0	0	15	0	0	0	2	0	0	0	27	0	0	32	24	0	40	6	0	0	0	10	0	0	0	2	0	0	0	23	0	0	0	6	0	0	0	21	0	0	0	2	0	0	0	52	0	0	96
1015	1001	58	71	16	987	28	51	0	58	71	16	34	22	0	0	136	185	48	53	973	21	47	0	28	51	0	11	22	0	0	75	157	0	26	58	71	16	9	36	0	0	22	67	0	0	34	22	0	0	136	185	48	53	959	15	45	0	21	47	0	9	18	0	0	55	139	0	16	28	51	0	3	36	0	0	16	67	0	0	11	22	0	0	75	157	0	26	58	71	16	6	18	0	0	27	42	0	0	9	36	0	0	22	67	0	0	34	22	0	0	136	185	48	53	945	12	39	0	15	45	0	3	18	0	0	37	135	0	4	21	47	0	2	36	0	0	12	63	0	0	9	18	0	0	55	139	0	16	28	51	0	3	18	0	0	10	18	0	0	3	36	0	0	16	67	0	0	11	22	0	0	75	157	0	26	58	71	16	2	36	0	0	15	21	0	0	6	18	0	0	27	42	0	0	9	36	0	0	22	67	0	0	34	22	0	0	136	185	48	53
663	654	39	24	0	645	19	8	0	39	24	0	19	0	0	0	91	48	0	0	636	17	8	0	19	8	0	11	0	0	0	53	16	0	0	39	24	0	12	0	0	0	13	8	0	0	19	0	0	0	91	48	0	0	627	12	8	0	17	8	0	9	0	0	0	46	16	0	0	19	8	0	4	0	0	0	9	0	0	0	11	0	0	0	53	16	0	0	39	24	0	7	0	0	0	22	20	0	0	12	0	0	0	13	8	0	0	19	0	0	0	91	48	0	0	618	10	8	0	12	8	0	5	0	0	0	33	16	0	0	17	8	0	4	0	0	0	9	0	0	0	9	0	0	0	46	16	0	0	19	8	0	5	0	0	0	6	0	0	0	4	0	0	0	9	0	0	0	11	0	0	0	53	16	0	0	39	24	0	7	0	0	0	11	8	0	0	7	0	0	0	22	20	0	0	12	0	0	0	13	8	0	0	19	0	0	0	91	48	0	0
1241	1224	69	75	62	1207	46	60	31	69	75	62	50	48	0	29	182	159	62	91	1190	40	56	30	46	60	31	35	48	0	28	136	144	31	51	69	75	62	27	44	10	12	33	16	0	0	50	48	0	29	182	159	62	91	1173	30	11	30	40	56	30	22	44	0	28	114	133	30	51	46	60	31	12	0	10	12	17	12	0	0	35	48	0	28	136	144	31	51	69	75	62	14	11	44	0	26	32	248	0	27	44	10	12	33	16	0	0	50	48	0	29	182	159	62	91	1156	25	0	28	30	11	30	17	0	0	26	83	11	30	49	40	56	30	9	0	10	10	15	12	0	0	22	44	0	28	114	133	30	51	46	60	31	9	0	43	0	18	24	124	0	12	0	10	12	17	12	0	0	35	48	0	28	136	144	31	51	69	75	62	13	0	12	20	18	16	62	0	14	11	44	0	26	32	248	0	27	44	10	12	33	16	0	0	50	48	0	29	182	159	62	91
1173	1157	68	77	41	1141	39	31	27	68	77	41	39	98	20	25	175	220	164	21	1125	35	9	27	39	31	27	31	18	18	25	105	89	108	21	68	77	41	18	36	20	0	15	0	82	0	39	98	20	25	175	220	164	21	1109	25	0	27	35	9	27	22	0	18	25	92	18	108	21	39	31	27	5	0	19	0	13	0	54	0	31	18	18	25	105	89	108	21	68	77	41	9	0	30	0	14	0	41	0	18	36	20	0	15	0	82	0	39	98	20	25	175	220	164	21	1093	22	0	27	25	0	27	15	0	18	25	64	0	108	21	35	9	27	3	0	19	0	13	0	54	0	22	0	18	25	92	18	108	21	39	31	27	4	0	30	0	12	0	27	0	5	0	19	0	13	0	54	0	31	18	18	25	105	89	108	21	68	77	41	8	0	0	0	9	0	0	0	9	0	30	0	14	0	41	0	18	36	20	0	15	0	82	0	39	98	20	25	175	220	164	21
1002	988	58	60	28	974	33	49	0	58	60	28	42	30	0	0	148	156	28	91	960	28	49	0	33	49	0	27	30	0	0	93	139	0	51	58	60	28	27	0	0	0	20	9	0	0	42	30	0	0	148	156	28	91	946	18	45	0	28	49	0	17	30	0	0	74	139	0	51	33	49	0	8	0	0	0	15	9	0	0	27	30	0	0	93	139	0	51	58	60	28	8	35	0	0	17	18	0	0	27	0	0	0	20	9	0	0	42	30	0	0	148	156	28	91	932	13	36	0	18	45	0	8	27	0	0	45	128	0	49	28	49	0	5	0	0	0	13	9	0	0	17	30	0	0	74	139	0	51	33	49	0	3	27	0	0	12	18	0	0	8	0	0	0	15	9	0	0	27	30	0	0	93	139	0	51	58	60	28	6	9	12	0	13	9	28	0	8	35	0	0	17	18	0	0	27	0	0	0	20	9	0	0	42	30	0	0	148	156	28	91
730	720	48	23	17	710	32	9	0	48	23	17	40	0	0	0	121	55	34	37	700	28	9	0	32	9	0	26	0	0	0	87	27	0	21	48	23	17	24	0	0	0	19	0	0	0	40	0	0	0	121	55	34	37	690	20	9	0	28	9	0	18	0	0	0	73	27	0	21	32	9	0	7	0	0	0	14	0	0	0	26	0	0	0	87	27	0	21	48	23	17	11	0	0	0	12	0	0	0	24	0	0	0	19	0	0	0	40	0	0	0	121	55	34	37	680	15	9	0	20	9	0	11	0	0	0	51	27	0	21	28	9	0	5	0	0	0	14	0	0	0	18	0	0	0	73	27	0	21	32	9	0	6	0	0	0	11	0	0	0	7	0	0	0	14	0	0	0	26	0	0	0	87	27	0	21	48	23	17	6	0	12	0	6	0	0	0	11	0	0	0	12	0	0	0	24	0	0	0	19	0	0	0	40	0	0	0	121	55	34	37
1280	1262	92	135	7	1244	48	101	0	92	135	7	49	166	0	0	227	383	21	21	1226	43	79	0	48	101	0	36	110	0	0	135	301	0	21	92	135	7	29	75	0	0	38	47	14	0	49	166	0	0	227	383	21	21	1208	33	60	0	43	79	0	32	71	0	0	118	235	0	21	48	101	0	10	24	0	0	16	40	0	0	36	110	0	0	135	301	0	21	92	135	7	16	28	0	0	29	71	21	0	29	75	0	0	38	47	14	0	49	166	0	0	227	383	21	21	1190	28	50	0	33	60	0	20	54	0	0	86	182	0	21	43	79	0	9	14	0	0	14	36	0	0	32	71	0	0	118	235	0	21	48	101	0	7	10	0	0	17	62	0	0	10	24	0	0	16	40	0	0	36	110	0	0	135	301	0	21	92	135	7	16	56	0	0	21	43	7	0	16	28	0	0	29	71	21	0	29	75	0	0	38	47	14	0	49	166	0	0	227	383	21	21
871	859	43	35	32	847	16	0	22	43	35	32	12	0	43	10	117	105	160	41	835	14	0	21	16	0	22	8	0	24	9	49	0	110	27	43	35	32	2	0	16	9	6	0	0	0	12	0	43	10	117	105	160	41	823	14	0	21	14	0	21	8	0	23	9	46	0	105	27	16	0	22	2	0	7	9	6	0	0	0	8	0	24	9	49	0	110	27	43	35	32	0	0	0	0	0	0	0	0	2	0	16	9	6	0	0	0	12	0	43	10	117	105	160	41	811	14	0	21	14	0	21	8	0	23	9	46	0	105	27	14	0	21	2	0	7	9	6	0	0	0	8	0	23	9	46	0	105	27	16	0	22	0	0	0	0	0	0	0	0	2	0	7	9	6	0	0	0	8	0	24	9	49	0	110	27	43	35	32	0	0	0	0	0	0	0	0	0	0	0	0	0	0	0	0	2	0	16	9	6	0	0	0	12	0	43	10	117	105	160	41
800	789	46	24	32	778	23	0	10	46	24	32	23	0	39	10	125	64	96	65	767	19	0	9	23	0	10	15	0	10	9	62	0	30	27	46	24	32	5	0	24	9	11	0	0	0	23	0	39	10	125	64	96	65	756	18	0	9	19	0	9	12	0	9	9	51	0	27	27	23	0	10	3	0	0	9	11	0	0	0	15	0	10	9	62	0	30	27	46	24	32	1	0	5	0	5	0	0	0	5	0	24	9	11	0	0	0	23	0	39	10	125	64	96	65	745	18	0	9	18	0	9	12	0	9	9	50	0	27	27	19	0	9	3	0	0	9	11	0	0	0	12	0	9	9	51	0	27	27	23	0	10	1	0	0	0	5	0	0	0	3	0	0	9	11	0	0	0	15	0	10	9	62	0	30	27	46	24	32	5	0	0	0	3	0	0	0	1	0	5	0	5	0	0	0	5	0	24	9	11	0	0	0	23	0	39	10	125	64	96	65
852	840	50	37	40	828	30	27	0	50	37	40	32	18	28	0	133	79	40	155	816	20	27	0	30	27	0	20	18	0	0	81	45	0	58	50	37	40	5	0	68	0	16	20	0	0	32	18	28	0	133	79	40	155	804	17	27	0	20	27	0	13	18	0	0	54	45	0	57	30	27	0	3	0	0	0	11	18	0	0	20	18	0	0	81	45	0	58	50	37	40	4	0	24	0	10	0	0	0	5	0	68	0	16	20	0	0	32	18	28	0	133	79	40	155	792	17	27	0	17	27	0	13	18	0	0	51	45	0	57	20	27	0	3	0	0	0	11	18	0	0	13	18	0	0	54	45	0	57	30	27	0	4	0	0	0	9	0	0	0	3	0	0	0	11	18	0	0	20	18	0	0	81	45	0	58	50	37	40	6	0	0	0	5	0	0	0	4	0	24	0	10	0	0	0	5	0	68	0	16	20	0	0	32	18	28	0	133	79	40	155
777	766	48	36	14	755	22	24	0	48	36	14	31	0	28	0	134	78	28	48	744	15	24	0	22	24	0	15	0	0	0	59	48	0	27	48	36	14	5	0	24	0	8	24	0	0	31	0	28	0	134	78	28	48	733	14	24	0	15	24	0	12	0	0	0	42	48	0	27	22	24	0	3	0	0	0	8	24	0	0	15	0	0	0	59	48	0	27	48	36	14	1	0	5	0	5	0	0	0	5	0	24	0	8	24	0	0	31	0	28	0	134	78	28	48	722	14	24	0	14	24	0	12	0	0	0	41	48	0	27	15	24	0	3	0	0	0	8	24	0	0	12	0	0	0	42	48	0	27	22	24	0	1	0	0	0	5	0	0	0	3	0	0	0	8	24	0	0	15	0	0	0	59	48	0	27	48	36	14	5	0	0	0	3	0	0	0	1	0	5	0	5	0	0	0	5	0	24	0	8	24	0	0	31	0	28	0	134	78	28	48
436	430	29	8	0	424	13	0	0	29	8	0	8	0	0	0	77	20	0	0	418	13	0	0	13	0	0	8	0	0	0	34	0	0	0	29	8	0	2	0	0	0	8	0	0	0	8	0	0	0	77	20	0	0	412	13	0	0	13	0	0	8	0	0	0	34	0	0	0	13	0	0	2	0	0	0	8	0	0	0	8	0	0	0	34	0	0	0	29	8	0	0	0	0	0	0	0	0	0	2	0	0	0	8	0	0	0	8	0	0	0	77	20	0	0	406	13	0	0	13	0	0	8	0	0	0	34	0	0	0	13	0	0	2	0	0	0	8	0	0	0	8	0	0	0	34	0	0	0	13	0	0	0	0	0	0	0	0	0	0	2	0	0	0	8	0	0	0	8	0	0	0	34	0	0	0	29	8	0	0	0	0	0	0	0	0	0	0	0	0	0	0	0	0	0	2	0	0	0	8	0	0	0	8	0	0	0	77	20	0	0
1077	1062	49	36	77	1047	23	0	52	49	36	77	21	0	81	80	132	72	231	64	1032	22	0	35	23	0	52	18	0	67	27	76	0	156	32	49	36	77	7	0	8	30	14	0	0	48	21	0	81	80	132	72	231	64	1017	22	0	34	22	0	35	18	0	37	25	75	0	105	30	23	0	52	7	0	5	29	8	0	0	27	18	0	67	27	76	0	156	32	49	36	77	4	0	0	9	17	0	0	0	7	0	8	30	14	0	0	48	21	0	81	80	132	72	231	64	1002	22	0	34	22	0	34	18	0	37	25	75	0	102	30	22	0	35	7	0	0	29	7	0	0	27	18	0	37	25	75	0	105	30	23	0	52	4	0	0	9	11	0	0	0	7	0	5	29	8	0	0	27	18	0	67	27	76	0	156	32	49	36	77	11	0	0	0	12	0	0	0	4	0	0	9	17	0	0	0	7	0	8	30	14	0	0	48	21	0	81	80	132	72	231	64
638	629	33	20	15	620	11	8	7	33	20	15	8	0	8	7	89	58	30	32	611	11	8	7	11	8	7	8	0	7	7	38	40	14	22	33	20	15	2	0	0	0	6	0	0	0	8	0	8	7	89	58	30	32	602	11	8	7	11	8	7	8	0	7	7	38	40	14	21	11	8	7	2	0	0	0	3	0	0	0	8	0	7	7	38	40	14	22	33	20	15	0	0	0	0	7	0	0	0	2	0	0	0	6	0	0	0	8	0	8	7	89	58	30	32	593	11	8	7	11	8	7	8	0	7	7	38	40	14	21	11	8	7	2	0	0	0	3	0	0	0	8	0	7	7	38	40	14	21	11	8	7	0	0	0	0	3	0	0	0	2	0	0	0	3	0	0	0	8	0	7	7	38	40	14	22	33	20	15	2	0	0	0	5	0	0	0	0	0	0	0	7	0	0	0	2	0	0	0	6	0	0	0	8	0	8	7	89	58	30	32
978	964	61	65	17	950	20	33	10	61	65	17	17	22	40	0	149	228	85	32	936	19	33	10	20	33	10	13	22	40	0	62	132	50	22	61	65	17	6	0	10	0	29	0	0	0	17	22	40	0	149	228	85	32	922	19	33	10	19	33	10	13	22	40	0	60	132	50	21	20	33	10	6	0	10	0	6	0	0	0	13	22	40	0	62	132	50	22	61	65	17	4	0	0	0	20	0	0	0	6	0	10	0	29	0	0	0	17	22	40	0	149	228	85	32	908	19	33	10	19	33	10	13	22	40	0	60	132	50	21	19	33	10	6	0	10	0	5	0	0	0	13	22	40	0	60	132	50	21	20	33	10	4	0	0	0	9	0	0	0	6	0	10	0	6	0	0	0	13	22	40	0	62	132	50	22	61	65	17	11	0	0	0	16	0	0	0	4	0	0	0	20	0	0	0	6	0	10	0	29	0	0	0	17	22	40	0	149	228	85	32
1397	1377	71	127	54	1357	30	77	14	71	127	54	26	94	37	51	176	376	216	118	1337	26	75	0	30	77	14	15	90	24	0	84	246	56	32	71	127	54	5	30	8	0	23	45	0	48	26	94	37	51	176	376	216	118	1317	26	75	0	26	75	0	15	90	0	0	77	240	0	30	30	77	14	5	30	5	0	10	45	0	27	15	90	24	0	84	246	56	32	71	127	54	5	0	0	0	23	0	0	0	5	30	8	0	23	45	0	48	26	94	37	51	176	376	216	118	1297	26	75	0	26	75	0	15	90	0	0	77	240	0	30	26	75	0	5	30	0	0	9	45	0	27	15	90	0	0	77	240	0	30	30	77	14	5	0	0	0	14	0	0	0	5	30	5	0	10	45	0	27	15	90	24	0	84	246	56	32	71	127	54	16	0	0	0	17	0	0	0	5	0	0	0	23	0	0	0	5	30	8	0	23	45	0	48	26	94	37	51	176	376	216	118
775	764	34	26	25	753	12	18	0	34	26	25	8	0	0	0	92	71	25	78	742	12	18	0	12	18	0	8	0	0	0	39	63	0	32	34	26	25	2	0	0	0	7	0	0	0	8	0	0	0	92	71	25	78	731	12	18	0	12	18	0	8	0	0	0	39	63	0	30	12	18	0	2	0	0	0	6	0	0	0	8	0	0	0	39	63	0	32	34	26	25	0	0	0	0	2	0	0	0	2	0	0	0	7	0	0	0	8	0	0	0	92	71	25	78	720	12	18	0	12	18	0	8	0	0	0	39	63	0	30	12	18	0	2	0	0	0	6	0	0	0	8	0	0	0	39	63	0	30	12	18	0	0	0	0	0	0	0	0	0	2	0	0	0	6	0	0	0	8	0	0	0	39	63	0	32	34	26	25	0	0	0	0	1	0	0	0	0	0	0	0	2	0	0	0	2	0	0	0	7	0	0	0	8	0	0	0	92	71	25	78
1135	1119	45	15	108	1103	27	0	61	45	15	108	20	0	32	38	120	15	108	188	1087	26	0	59	27	0	61	19	0	31	36	89	0	61	83	45	15	108	9	0	0	18	32	15	0	0	20	0	32	38	120	15	108	188	1071	24	0	46	26	0	59	17	0	30	34	84	0	59	52	27	0	61	7	0	0	7	7	0	0	0	19	0	31	36	89	0	61	83	45	15	108	5	0	0	20	22	30	0	62	9	0	0	18	32	15	0	0	20	0	32	38	120	15	108	188	1055	23	0	46	24	0	46	15	0	19	34	77	0	46	51	26	0	59	6	0	0	7	5	0	0	0	17	0	30	34	84	0	59	52	27	0	61	4	0	0	20	12	0	0	31	7	0	0	7	7	0	0	0	19	0	31	36	89	0	61	83	45	15	108	12	0	0	0	17	15	0	0	5	0	0	20	22	30	0	62	9	0	0	18	32	15	0	0	20	0	32	38	120	15	108	188
1129	1113	63	41	96	1097	42	15	55	63	41	96	41	0	33	64	172	71	192	163	1081	40	15	47	42	15	55	39	0	30	50	137	45	110	83	63	41	96	23	0	0	62	42	26	0	0	41	0	33	64	172	71	192	163	1065	35	15	20	40	15	47	37	0	26	20	127	45	94	52	42	15	55	12	0	0	0	13	0	0	0	39	0	30	50	137	45	110	83	63	41	96	15	0	0	20	30	71	0	110	23	0	0	62	42	26	0	0	41	0	33	64	172	71	192	163	1049	30	13	20	35	15	20	29	0	10	20	108	45	40	51	40	15	47	10	0	0	0	9	0	0	0	37	0	26	20	127	45	94	52	42	15	55	6	0	0	20	17	45	0	58	12	0	0	0	13	0	0	0	39	0	30	50	137	45	110	83	63	41	96	19	26	10	0	21	56	0	0	15	0	0	20	30	71	0	110	23	0	0	62	42	26	0	0	41	0	33	64	172	71	192	163
1123	1107	69	65	69	1091	41	15	61	69	65	69	52	0	59	22	183	145	345	17	1075	31	15	60	41	15	61	27	0	58	22	127	45	305	10	69	65	69	8	0	0	11	35	100	0	0	52	0	59	22	183	145	345	17	1059	29	15	46	31	15	60	25	0	57	20	94	45	300	10	41	15	61	6	0	0	0	14	0	0	0	27	0	58	22	127	45	305	10	69	65	69	8	0	0	34	29	20	0	62	8	0	0	11	35	100	0	0	52	0	59	22	183	145	345	17	1043	27	15	45	29	15	46	23	0	46	20	87	45	230	10	31	15	60	4	0	0	0	4	0	0	0	25	0	57	20	94	45	300	10	41	15	61	6	0	0	33	16	0	0	31	6	0	0	0	14	0	0	0	27	0	58	22	127	45	305	10	69	65	69	16	0	0	13	21	20	0	0	8	0	0	34	29	20	0	62	8	0	0	11	35	100	0	0	52	0	59	22	183	145	345	17
1110	1094	78	78	46	1078	50	41	26	78	78	46	56	14	29	26	215	159	184	71	1062	43	41	23	50	41	26	40	14	26	20	163	95	104	24	78	78	46	23	0	0	15	44	63	0	0	56	14	29	26	215	159	184	71	1046	38	40	18	43	41	23	38	14	23	10	137	95	92	10	50	41	26	12	0	0	0	18	0	0	0	40	14	26	20	163	95	104	24	78	78	46	14	13	0	0	29	57	0	7	23	0	0	15	44	63	0	0	56	14	29	26	215	159	184	71	1030	33	35	18	38	40	18	30	13	18	10	118	92	72	10	43	41	23	10	0	0	0	10	0	0	0	38	14	23	10	137	95	92	10	50	41	26	5	13	0	0	17	39	0	0	12	0	0	0	18	0	0	0	40	14	26	20	163	95	104	24	78	78	46	16	49	10	0	21	44	0	0	14	13	0	0	29	57	0	7	23	0	0	15	44	63	0	0	56	14	29	26	215	159	184	71
1232	1214	81	113	51	1196	44	80	20	81	113	51	43	83	22	16	224	307	153	148	1178	39	76	16	44	80	20	35	78	20	10	144	253	60	76	81	113	51	19	52	0	26	44	53	0	0	43	83	22	16	224	307	153	148	1160	34	73	0	39	76	16	33	74	16	0	124	239	48	45	44	80	20	8	49	0	0	14	24	0	0	35	78	20	10	144	253	60	76	81	113	51	12	37	0	0	32	54	0	69	19	52	0	26	44	53	0	0	43	83	22	16	224	307	153	148	1142	29	69	0	34	73	0	25	72	0	0	105	230	0	44	39	76	16	6	48	0	0	8	24	0	0	33	74	16	0	124	239	48	45	44	80	20	3	36	0	0	17	36	0	31	8	49	0	0	14	24	0	0	35	78	20	10	144	253	60	76	81	113	51	17	39	10	0	23	42	0	0	12	37	0	0	32	54	0	69	19	52	0	26	44	53	0	0	43	83	22	16	224	307	153	148
1233	1215	75	85	84	1197	47	57	49	75	85	84	59	54	9	73	205	271	168	166	1179	35	45	48	47	57	49	25	30	9	69	136	195	98	107	75	85	84	8	0	9	10	23	28	84	0	59	54	9	73	205	271	168	166	1161	33	45	48	35	45	48	23	30	9	69	104	135	96	99	47	57	49	6	0	9	10	16	24	49	0	25	30	9	69	136	195	98	107	75	85	84	8	0	0	0	17	0	0	0	8	0	9	10	23	28	84	0	59	54	9	73	205	271	168	166	1143	29	45	48	33	45	48	21	30	9	69	97	135	96	64	35	45	48	4	0	9	10	8	0	48	0	23	30	9	69	104	135	96	99	47	57	49	6	0	0	0	16	0	0	0	6	0	9	10	16	24	49	0	25	30	9	69	136	195	98	107	75	85	84	7	0	18	0	13	0	0	0	8	0	0	0	17	0	0	0	8	0	9	10	23	28	84	0	59	54	9	73	205	271	168	166
1379	1359	87	98	116	1339	58	79	52	87	98	116	72	76	0	90	247	321	116	370	1319	45	62	50	58	79	52	38	58	0	84	178	261	52	223	87	98	116	18	43	18	16	31	30	116	0	72	76	0	90	247	321	116	370	1299	37	33	45	45	62	50	36	28	0	71	137	181	50	205	58	79	52	9	14	18	10	21	28	52	0	38	58	0	84	178	261	52	223	87	98	116	13	14	49	34	25	54	232	0	18	43	18	16	31	30	116	0	72	76	0	90	247	321	116	370	1279	28	18	18	37	33	45	25	0	0	12	108	80	45	130	45	62	50	8	0	18	0	11	0	50	0	36	28	0	71	137	181	50	205	58	79	52	6	0	46	0	20	48	104	0	9	14	18	10	21	28	52	0	38	58	0	84	178	261	52	223	87	98	116	9	18	66	18	20	36	116	97	13	14	49	34	25	54	232	0	18	43	18	16	31	30	116	0	72	76	0	90	247	321	116	370
1249	1231	72	89	72	1213	45	44	52	72	89	72	49	132	9	12	185	242	216	115	1195	32	0	52	45	44	52	25	0	9	12	128	121	156	87	72	89	72	5	0	45	0	18	28	288	0	49	132	9	12	185	242	216	115	1177	29	0	52	32	0	52	21	0	9	12	89	0	156	83	45	44	52	3	0	45	0	16	22	208	0	25	0	9	12	128	121	156	87	72	89	72	5	0	9	0	13	0	0	0	5	0	45	0	18	28	288	0	49	132	9	12	185	242	216	115	1159	26	0	49	29	0	52	19	0	9	12	80	0	156	64	32	0	52	1	0	45	0	6	0	208	0	21	0	9	12	89	0	156	83	45	44	52	3	0	9	0	13	0	0	0	3	0	45	0	16	22	208	0	25	0	9	12	128	121	156	87	72	89	72	6	0	9	18	10	0	0	0	5	0	9	0	13	0	0	0	5	0	45	0	18	28	288	0	49	132	9	12	185	242	216	115
1137	1120	94	101	41	1103	56	84	0	94	101	41	66	96	0	0	263	319	41	262	1086	45	75	0	56	84	0	32	88	0	0	170	268	0	162	94	101	41	22	9	0	0	39	18	41	0	66	96	0	0	263	319	41	262	1069	39	72	0	45	75	0	30	88	0	0	138	225	0	146	56	84	0	8	8	0	0	21	16	0	0	32	88	0	0	170	268	0	162	94	101	41	14	28	0	0	20	43	0	0	22	9	0	0	39	18	41	0	66	96	0	0	263	319	41	262	1052	32	60	0	39	72	0	21	80	0	0	116	215	0	84	45	75	0	7	0	0	0	13	0	0	0	30	88	0	0	138	225	0	146	56	84	0	4	20	0	0	17	41	0	0	8	8	0	0	21	16	0	0	32	88	0	0	170	268	0	162	94	101	41	8	40	31	0	14	33	41	0	14	28	0	0	20	43	0	0	22	9	0	0	39	18	41	0	66	96	0	0	263	319	41	262
1007	992	75	87	10	977	42	59	0	75	87	10	51	89	0	0	205	225	30	69	962	31	44	0	42	59	0	21	44	0	0	126	156	0	61	75	87	10	5	0	0	0	22	42	30	0	51	89	0	0	205	225	30	69	947	29	44	0	31	44	0	19	44	0	0	92	121	0	60	42	59	0	3	0	0	0	14	32	0	0	21	44	0	0	126	156	0	61	75	87	10	4	0	0	0	10	0	0	0	5	0	0	0	22	42	30	0	51	89	0	0	205	225	30	69	932	27	44	0	29	44	0	17	44	0	0	85	121	0	46	31	44	0	1	0	0	0	6	22	0	0	19	44	0	0	92	121	0	60	42	59	0	2	0	0	0	10	0	0	0	3	0	0	0	14	32	0	0	21	44	0	0	126	156	0	61	75	87	10	5	0	0	0	8	0	0	0	4	0	0	0	10	0	0	0	5	0	0	0	22	42	30	0	51	89	0	0	205	225	30	69
880	867	62	46	61	854	33	22	9	62	46	61	34	0	104	18	167	122	183	323	841	29	22	9	33	22	9	22	0	9	18	96	66	27	153	62	46	61	3	0	28	0	23	16	0	0	34	0	104	18	167	122	183	323	828	27	22	9	29	22	9	20	0	9	18	85	66	27	150	33	22	9	1	0	0	0	8	0	0	0	22	0	9	18	96	66	27	153	62	46	61	2	0	22	0	10	0	0	0	3	0	28	0	23	16	0	0	34	0	104	18	167	122	183	323	815	27	22	9	27	22	9	20	0	9	18	79	66	27	145	29	22	9	1	0	0	0	8	0	0	0	20	0	9	18	85	66	27	150	33	22	9	2	0	0	0	10	0	0	0	1	0	0	0	8	0	0	0	22	0	9	18	96	66	27	153	62	46	61	5	0	0	0	8	0	0	0	2	0	22	0	10	0	0	0	3	0	28	0	23	16	0	0	34	0	104	18	167	122	183	323
608	599	39	23	8	590	15	8	8	39	23	8	19	0	8	0	81	58	40	0	581	13	8	8	15	8	8	9	0	8	0	38	16	40	0	39	23	8	1	0	0	0	4	6	0	0	19	0	8	0	81	58	40	0	572	13	8	8	13	8	8	9	0	8	0	34	16	40	0	15	8	8	1	0	0	0	4	0	0	0	9	0	8	0	38	16	40	0	39	23	8	0	0	0	0	3	0	0	0	1	0	0	0	4	6	0	0	19	0	8	0	81	58	40	0	563	13	8	8	13	8	8	9	0	8	0	34	16	40	0	13	8	8	1	0	0	0	4	0	0	0	9	0	8	0	34	16	40	0	15	8	8	0	0	0	0	3	0	0	0	1	0	0	0	4	0	0	0	9	0	8	0	38	16	40	0	39	23	8	0	0	0	0	3	0	0	0	0	0	0	0	3	0	0	0	1	0	0	0	4	6	0	0	19	0	8	0	81	58	40	0
611	602	42	20	28	593	20	8	0	42	20	28	15	0	71	0	105	28	56	166	584	20	8	0	20	8	0	15	0	0	0	55	16	0	101	42	20	28	1	0	0	0	12	0	0	0	15	0	71	0	105	28	56	166	575	20	8	0	20	8	0	15	0	0	0	55	16	0	100	20	8	0	1	0	0	0	4	0	0	0	15	0	0	0	55	16	0	101	42	20	28	0	0	0	0	0	0	0	0	1	0	0	0	12	0	0	0	15	0	71	0	105	28	56	166	566	20	8	0	20	8	0	15	0	0	0	55	16	0	100	20	8	0	1	0	0	0	4	0	0	0	15	0	0	0	55	16	0	100	20	8	0	0	0	0	0	0	0	0	0	1	0	0	0	4	0	0	0	15	0	0	0	55	16	0	101	42	20	28	0	0	0	0	0	0	0	0	0	0	0	0	0	0	0	0	1	0	0	0	12	0	0	0	15	0	71	0	105	28	56	166
679	669	47	27	16	659	19	9	0	47	27	16	13	0	59	0	111	48	48	82	649	19	9	0	19	9	0	13	0	0	0	51	18	0	52	47	27	16	1	0	0	0	12	0	0	0	13	0	59	0	111	48	48	82	639	19	9	0	19	9	0	13	0	0	0	51	18	0	52	19	9	0	1	0	0	0	4	0	0	0	13	0	0	0	51	18	0	52	47	27	16	0	0	0	0	0	0	0	0	1	0	0	0	12	0	0	0	13	0	59	0	111	48	48	82	629	19	9	0	19	9	0	13	0	0	0	51	18	0	52	19	9	0	1	0	0	0	4	0	0	0	13	0	0	0	51	18	0	52	19	9	0	0	0	0	0	0	0	0	0	1	0	0	0	4	0	0	0	13	0	0	0	51	18	0	52	47	27	16	0	0	0	0	0	0	0	0	0	0	0	0	0	0	0	0	1	0	0	0	12	0	0	0	13	0	59	0	111	48	48	82
721	710	41	44	0	699	10	28	0	41	44	0	5	28	0	0	88	121	0	0	688	10	28	0	10	28	0	5	28	0	0	24	84	0	0	41	44	0	1	0	0	0	4	0	0	0	5	28	0	0	88	121	0	0	677	10	28	0	10	28	0	5	28	0	0	24	84	0	0	10	28	0	1	0	0	0	2	0	0	0	5	28	0	0	24	84	0	0	41	44	0	0	0	0	0	0	0	0	0	1	0	0	0	4	0	0	0	5	28	0	0	88	121	0	0	666	10	28	0	10	28	0	5	28	0	0	24	84	0	0	10	28	0	1	0	0	0	2	0	0	0	5	28	0	0	24	84	0	0	10	28	0	0	0	0	0	0	0	0	0	1	0	0	0	2	0	0	0	5	28	0	0	24	84	0	0	41	44	0	0	0	0	0	0	0	0	0	0	0	0	0	0	0	0	0	1	0	0	0	4	0	0	0	5	28	0	0	88	121	0	0
952	938	35	0	79	924	21	0	45	35	0	79	22	0	0	67	81	0	0	113	910	19	0	26	21	0	45	12	0	0	17	56	0	0	17	35	0	79	1	0	0	27	6	0	0	82	22	0	0	67	81	0	0	113	896	19	0	26	19	0	26	12	0	0	17	52	0	0	17	21	0	45	1	0	0	27	6	0	0	52	12	0	0	17	56	0	0	17	35	0	79	0	0	0	0	3	0	0	0	1	0	0	27	6	0	0	82	22	0	0	67	81	0	0	113	882	19	0	26	19	0	26	12	0	0	17	52	0	0	17	19	0	26	1	0	0	27	6	0	0	52	12	0	0	17	52	0	0	17	21	0	45	0	0	0	0	3	0	0	0	1	0	0	27	6	0	0	52	12	0	0	17	56	0	0	17	35	0	79	0	0	0	0	3	0	0	0	0	0	0	0	3	0	0	0	1	0	0	27	6	0	0	82	22	0	0	67	81	0	0	113
880	867	34	36	41	854	16	0	32	34	36	41	20	0	11	33	74	63	164	8	841	14	0	18	16	0	32	10	0	11	0	41	0	128	8	34	36	41	2	0	0	27	6	0	0	72	20	0	11	33	74	63	164	8	828	14	0	18	14	0	18	10	0	9	0	37	0	72	8	16	0	32	2	0	0	27	6	0	0	52	10	0	11	0	41	0	128	8	34	36	41	0	0	0	0	3	0	0	0	2	0	0	27	6	0	0	72	20	0	11	33	74	63	164	8	815	14	0	18	14	0	18	10	0	9	0	37	0	72	8	14	0	18	2	0	0	27	6	0	0	52	10	0	9	0	37	0	72	8	16	0	32	0	0	0	0	3	0	0	0	2	0	0	27	6	0	0	52	10	0	11	0	41	0	128	8	34	36	41	0	0	0	0	6	0	0	0	0	0	0	0	3	0	0	0	2	0	0	27	6	0	0	72	20	0	11	33	74	63	164	8
1344	1324	70	113	82	1304	40	43	61	70	113	82	35	120	41	94	167	250	410	69	1284	36	19	9	40	43	61	29	0	39	0	109	86	305	17	70	113	82	17	0	24	18	15	38	164	323	35	120	41	94	167	250	410	69	1264	33	19	9	36	19	9	29	0	9	0	99	38	45	17	40	43	61	8	0	22	18	10	38	122	153	29	0	39	0	109	86	305	17	70	113	82	12	0	0	0	14	51	0	0	17	0	24	18	15	38	164	323	35	120	41	94	167	250	410	69	1244	30	19	9	33	19	9	23	0	9	0	87	38	45	17	36	19	9	8	0	0	18	10	38	18	150	29	0	9	0	99	38	45	17	40	43	61	5	0	0	0	9	36	0	0	8	0	22	18	10	38	122	153	29	0	39	0	109	86	305	17	70	113	82	9	0	0	0	14	51	0	0	12	0	0	0	14	51	0	0	17	0	24	18	15	38	164	323	35	120	41	94	167	250	410	69
1126	1109	53	79	48	1092	27	53	16	53	79	48	27	54	0	48	127	191	96	113	1075	23	52	0	27	53	16	13	52	0	0	68	159	32	17	53	79	48	1	13	0	0	10	28	0	82	27	54	0	48	127	191	96	113	1058	23	52	0	23	52	0	13	52	0	0	60	156	0	17	27	53	16	1	13	0	0	7	26	0	52	13	52	0	0	68	159	32	17	53	79	48	0	0	0	0	3	0	0	0	1	13	0	0	10	28	0	82	27	54	0	48	127	191	96	113	1041	23	52	0	23	52	0	13	52	0	0	60	156	0	17	23	52	0	1	13	0	0	7	26	0	52	13	52	0	0	60	156	0	17	27	53	16	0	0	0	0	3	0	0	0	1	13	0	0	7	26	0	52	13	52	0	0	68	159	32	17	53	79	48	0	0	0	0	4	0	0	0	0	0	0	0	3	0	0	0	1	13	0	0	10	28	0	82	27	54	0	48	127	191	96	113
737	726	34	31	12	715	16	10	0	34	31	12	20	0	0	0	75	58	36	24	704	14	10	0	16	10	0	10	0	0	0	40	30	0	8	34	31	12	2	0	0	0	6	0	0	0	20	0	0	0	75	58	36	24	693	14	10	0	14	10	0	10	0	0	0	36	30	0	8	16	10	0	2	0	0	0	6	0	0	0	10	0	0	0	40	30	0	8	34	31	12	0	0	0	0	3	0	0	0	2	0	0	0	6	0	0	0	20	0	0	0	75	58	36	24	682	14	10	0	14	10	0	10	0	0	0	36	30	0	8	14	10	0	2	0	0	0	6	0	0	0	10	0	0	0	36	30	0	8	16	10	0	0	0	0	0	3	0	0	0	2	0	0	0	6	0	0	0	10	0	0	0	40	30	0	8	34	31	12	0	0	0	0	5	0	0	0	0	0	0	0	3	0	0	0	2	0	0	0	6	0	0	0	20	0	0	0	75	58	36	24
869	856	29	22	75	843	11	0	44	29	22	75	3	0	50	37	59	44	150	135	830	11	0	43	11	0	44	3	0	25	36	24	0	88	93	29	22	75	4	0	0	14	11	0	0	0	3	0	50	37	59	44	150	135	817	11	0	26	11	0	43	3	0	24	18	24	0	86	27	11	0	44	4	0	0	0	6	0	0	0	3	0	25	36	24	0	88	93	29	22	75	4	0	0	27	12	0	0	116	4	0	0	14	11	0	0	0	3	0	50	37	59	44	150	135	804	10	0	26	11	0	26	3	0	9	18	24	0	52	27	11	0	43	4	0	0	0	6	0	0	0	3	0	24	18	24	0	86	27	11	0	44	3	0	0	27	1	0	0	52	4	0	0	0	6	0	0	0	3	0	25	36	24	0	88	93	29	22	75	2	0	0	0	12	11	0	0	4	0	0	27	12	0	0	116	4	0	0	14	11	0	0	0	3	0	50	37	59	44	150	135
667	657	28	21	31	647	10	0	10	28	21	31	3	0	34	0	53	42	93	123	637	10	0	10	10	0	10	3	0	10	0	21	0	30	93	28	21	31	4	0	0	0	13	0	0	0	3	0	34	0	53	42	93	123	627	10	0	9	10	0	10	3	0	10	0	21	0	30	27	10	0	10	4	0	0	0	6	0	0	0	3	0	10	0	21	0	30	93	28	21	31	4	0	0	9	9	0	0	0	4	0	0	0	13	0	0	0	3	0	34	0	53	42	93	123	617	9	0	9	10	0	9	3	0	9	0	21	0	27	27	10	0	10	4	0	0	0	6	0	0	0	3	0	10	0	21	0	30	27	10	0	10	3	0	0	9	1	0	0	0	4	0	0	0	6	0	0	0	3	0	10	0	21	0	30	93	28	21	31	1	0	0	0	10	7	0	0	4	0	0	9	9	0	0	0	4	0	0	0	13	0	0	0	3	0	34	0	53	42	93	123
866	853	51	40	52	840	25	0	39	51	40	52	20	0	78	15	103	104	260	82	827	24	0	38	25	0	39	18	0	53	14	62	0	195	61	51	40	52	20	0	14	14	28	0	0	0	20	0	78	15	103	104	260	82	814	20	0	22	24	0	38	18	0	52	0	60	0	190	9	25	0	39	7	0	14	0	10	0	0	0	18	0	53	14	62	0	195	61	51	40	52	16	0	0	22	15	32	0	116	20	0	14	14	28	0	0	0	20	0	78	15	103	104	260	82	801	16	0	19	20	0	22	11	0	35	0	44	0	110	9	24	0	38	7	0	14	0	8	0	0	0	18	0	52	0	60	0	190	9	25	0	39	5	0	0	19	3	0	0	52	7	0	14	0	10	0	0	0	18	0	53	14	62	0	195	61	51	40	52	10	0	0	30	13	32	0	0	16	0	0	22	15	32	0	116	20	0	14	14	28	0	0	0	20	0	78	15	103	104	260	82
848	835	35	49	39	822	14	31	0	35	49	39	9	21	24	0	77	89	78	183	809	12	30	0	14	31	0	5	20	0	0	34	61	0	109	35	49	39	4	10	0	0	8	20	0	0	9	21	24	0	77	89	78	183	796	12	30	0	12	30	0	5	20	0	0	30	60	0	27	14	31	0	4	10	0	0	6	20	0	0	5	20	0	0	34	61	0	109	35	49	39	4	0	0	0	8	0	0	0	4	10	0	0	8	20	0	0	9	21	24	0	77	89	78	183	783	11	30	0	12	30	0	5	20	0	0	30	60	0	27	12	30	0	4	10	0	0	6	20	0	0	5	20	0	0	30	60	0	27	14	31	0	3	0	0	0	1	0	0	0	4	10	0	0	6	20	0	0	5	20	0	0	34	61	0	109	35	49	39	1	0	0	0	10	8	0	0	4	0	0	0	8	0	0	0	4	10	0	0	8	20	0	0	9	21	24	0	77	89	78	183
536	528	23	0	39	520	9	0	0	23	0	39	6	0	24	0	53	0	0	183	512	9	0	0	9	0	0	6	0	0	0	23	0	0	109	23	0	39	2	0	0	0	6	0	0	0	6	0	24	0	53	0	0	183	504	9	0	0	9	0	0	6	0	0	0	23	0	0	27	9	0	0	2	0	0	0	6	0	0	0	6	0	0	0	23	0	0	109	23	0	39	0	0	0	0	7	0	0	0	2	0	0	0	6	0	0	0	6	0	24	0	53	0	0	183	496	9	0	0	9	0	0	6	0	0	0	23	0	0	27	9	0	0	2	0	0	0	6	0	0	0	6	0	0	0	23	0	0	27	9	0	0	0	0	0	0	0	0	0	0	2	0	0	0	6	0	0	0	6	0	0	0	23	0	0	109	23	0	39	0	0	0	0	10	0	0	0	0	0	0	0	7	0	0	0	2	0	0	0	6	0	0	0	6	0	24	0	53	0	0	183
921	907	46	33	72	893	30	0	42	46	33	72	32	0	33	44	102	33	216	158	879	25	0	42	30	0	42	25	0	32	44	77	0	126	93	46	33	72	20	0	0	0	22	55	0	0	32	0	33	44	102	33	216	158	865	20	0	42	25	0	42	22	0	32	44	62	0	126	91	30	0	42	6	0	0	0	5	0	0	0	25	0	32	44	77	0	126	93	46	33	72	16	0	0	0	11	11	0	0	20	0	0	0	22	55	0	0	32	0	33	44	102	33	216	158	851	16	0	40	20	0	42	15	0	32	40	43	0	126	57	25	0	42	6	0	0	0	5	0	0	0	22	0	32	44	62	0	126	91	30	0	42	5	0	0	0	9	0	0	0	6	0	0	0	5	0	0	0	25	0	32	44	77	0	126	93	46	33	72	11	0	0	22	6	0	0	0	16	0	0	0	11	11	0	0	20	0	0	0	22	55	0	0	32	0	33	44	102	33	216	158
1361	1340	90	137	108	1319	56	93	92	90	137	108	52	126	27	106	225	346	324	52	1298	48	81	78	56	93	92	40	120	26	44	148	291	276	39	90	137	108	16	153	12	24	33	100	0	82	52	126	27	106	225	346	324	52	1277	40	39	76	48	81	78	35	102	26	42	124	249	234	38	56	93	92	6	45	12	22	10	36	0	61	40	120	26	44	148	291	276	39	90	137	108	24	72	57	22	20	30	324	0	16	153	12	24	33	100	0	82	52	126	27	106	225	346	324	52	1256	30	12	44	40	39	76	22	24	26	13	97	90	228	22	48	81	78	5	36	12	0	10	30	0	9	35	102	26	42	124	249	234	38	56	93	92	15	0	57	0	15	15	276	0	6	45	12	22	10	36	0	61	40	120	26	44	148	291	276	39	90	137	108	10	36	83	102	11	18	216	157	24	72	57	22	20	30	324	0	16	153	12	24	33	100	0	82	52	126	27	106	225	346	324	52
959	944	50	66	51	929	27	56	12	50	66	51	26	10	0	60	103	124	51	197	914	25	53	0	27	56	12	22	10	0	0	69	122	12	93	50	66	51	20	33	0	0	30	22	0	82	26	10	0	60	103	124	51	197	899	20	49	0	25	53	0	22	10	0	0	65	116	0	91	27	56	12	4	30	0	0	9	20	0	61	22	10	0	0	69	122	12	93	50	66	51	15	39	0	0	7	10	0	0	20	33	0	0	30	22	0	82	26	10	0	60	103	124	51	197	884	16	39	0	20	49	0	14	9	0	0	46	107	0	57	25	53	0	4	30	0	0	9	20	0	9	22	10	0	0	65	116	0	91	27	56	12	2	30	0	0	4	10	0	0	4	30	0	0	9	20	0	61	22	10	0	0	69	122	12	93	50	66	51	10	9	0	0	2	10	51	0	15	39	0	0	7	10	0	0	20	33	0	0	30	22	0	82	26	10	0	60	103	124	51	197
651	641	38	23	23	631	23	9	0	38	23	23	22	0	0	0	78	32	46	122	621	21	9	0	23	9	0	18	0	0	0	59	18	0	49	38	23	23	20	0	0	0	22	14	0	0	22	0	0	0	78	32	46	122	611	17	9	0	21	9	0	18	0	0	0	54	18	0	48	23	9	0	7	0	0	0	6	0	0	0	18	0	0	0	59	18	0	49	38	23	23	16	0	0	0	6	0	0	0	20	0	0	0	22	14	0	0	22	0	0	0	78	32	46	122	601	13	9	0	17	9	0	11	0	0	0	38	18	0	31	21	9	0	7	0	0	0	6	0	0	0	18	0	0	0	54	18	0	48	23	9	0	5	0	0	0	3	0	0	0	7	0	0	0	6	0	0	0	18	0	0	0	59	18	0	49	38	23	23	9	0	0	0	3	0	0	0	16	0	0	0	6	0	0	0	20	0	0	0	22	14	0	0	22	0	0	0	78	32	46	122
1007	991	65	100	8	975	34	73	0	65	100	8	32	75	0	0	136	219	32	52	959	28	69	0	34	73	0	24	75	0	0	85	184	0	39	65	100	8	19	20	0	0	26	30	0	0	32	75	0	0	136	219	32	52	943	23	58	0	28	69	0	21	71	0	0	69	168	0	38	34	73	0	6	0	0	0	10	0	0	0	24	75	0	0	85	184	0	39	65	100	8	13	40	0	0	24	15	8	0	19	20	0	0	26	30	0	0	32	75	0	0	136	219	32	52	927	19	48	0	23	58	0	14	60	0	0	51	131	0	22	28	69	0	6	0	0	0	10	0	0	0	21	71	0	0	69	168	0	38	34	73	0	3	18	0	0	12	9	0	0	6	0	0	0	10	0	0	0	24	75	0	0	85	184	0	39	65	100	8	10	48	0	0	12	10	8	0	13	40	0	0	24	15	8	0	19	20	0	0	26	30	0	0	32	75	0	0	136	219	32	52
1099	1082	54	56	98	1065	33	26	59	54	56	98	39	52	43	51	144	166	196	211	1048	21	0	58	33	26	59	27	0	42	49	86	65	118	134	54	56	98	6	0	82	14	5	0	196	0	39	52	43	51	144	166	196	211	1031	16	0	58	21	0	58	15	0	42	49	48	0	116	120	33	26	59	4	0	39	14	5	0	118	0	27	0	42	49	86	65	118	134	54	56	98	2	0	42	0	11	0	0	0	6	0	82	14	5	0	196	0	39	52	43	51	144	166	196	211	1014	15	0	58	16	0	58	13	0	42	49	35	0	116	118	21	0	58	1	0	39	14	5	0	116	0	15	0	42	49	48	0	116	120	33	26	59	2	0	12	0	10	0	0	0	4	0	39	14	5	0	118	0	27	0	42	49	86	65	118	134	54	56	98	7	0	12	0	6	0	0	0	2	0	42	0	11	0	0	0	6	0	82	14	5	0	196	0	39	52	43	51	144	166	196	211
715	704	42	0	62	693	34	0	17	42	0	62	38	0	0	9	109	0	0	262	682	23	0	17	34	0	17	26	0	0	9	85	0	0	146	42	0	62	7	0	41	0	6	0	0	0	38	0	0	9	109	0	0	262	671	18	0	17	23	0	17	16	0	0	9	52	0	0	120	34	0	17	6	0	0	0	6	0	0	0	26	0	0	9	85	0	0	146	42	0	62	5	0	38	0	10	0	0	0	7	0	41	0	6	0	0	0	38	0	0	9	109	0	0	262	660	16	0	17	18	0	17	13	0	0	9	38	0	0	118	23	0	17	3	0	0	0	6	0	0	0	16	0	0	9	52	0	0	120	34	0	17	5	0	0	0	10	0	0	0	6	0	0	0	6	0	0	0	26	0	0	9	85	0	0	146	42	0	62	7	0	21	0	6	0	0	0	5	0	38	0	10	0	0	0	7	0	41	0	6	0	0	0	38	0	0	9	109	0	0	262
709	698	38	34	23	687	20	6	23	38	34	23	22	24	30	0	98	76	92	0	676	13	0	23	20	6	23	12	0	30	0	52	6	92	0	38	34	23	2	0	15	0	3	0	23	0	22	24	30	0	98	76	92	0	665	12	0	23	13	0	23	9	0	30	0	33	0	92	0	20	6	23	1	0	15	0	3	0	23	0	12	0	30	0	52	6	92	0	38	34	23	0	0	0	0	8	0	0	0	2	0	15	0	3	0	23	0	22	24	30	0	98	76	92	0	654	12	0	23	12	0	23	9	0	30	0	30	0	92	0	13	0	23	1	0	15	0	3	0	23	0	9	0	30	0	33	0	92	0	20	6	23	0	0	0	0	8	0	0	0	1	0	15	0	3	0	23	0	12	0	30	0	52	6	92	0	38	34	23	2	0	0	0	3	0	0	0	0	0	0	0	8	0	0	0	2	0	15	0	3	0	23	0	22	24	30	0	98	76	92	0
1057	1040	78	108	28	1023	44	89	0	78	108	28	46	117	0	0	189	262	28	188	1006	35	67	0	44	89	0	35	93	0	0	111	202	0	134	78	108	28	11	7	41	0	14	14	84	0	46	117	0	0	189	262	28	188	989	26	60	0	35	67	0	27	72	0	0	85	129	0	120	44	89	0	6	0	0	0	10	12	0	0	35	93	0	0	111	202	0	134	78	108	28	15	0	29	0	24	81	28	0	11	7	41	0	14	14	84	0	46	117	0	0	189	262	28	188	972	22	58	0	26	60	0	16	72	0	0	61	108	0	118	35	67	0	3	0	0	0	10	12	0	0	27	72	0	0	85	129	0	120	44	89	0	12	0	0	0	13	68	0	0	6	0	0	0	10	12	0	0	35	93	0	0	111	202	0	134	78	108	28	9	22	12	0	14	39	0	0	15	0	29	0	24	81	28	0	11	7	41	0	14	14	84	0	46	117	0	0	189	262	28	188
567	558	38	26	5	549	23	19	0	38	26	5	30	12	0	0	89	55	5	8	540	15	14	0	23	19	0	17	7	0	0	56	47	0	0	38	26	5	4	0	5	0	3	8	5	0	30	12	0	0	89	55	5	8	531	12	14	0	15	14	0	12	7	0	0	33	42	0	0	23	19	0	1	0	0	0	2	7	0	0	17	7	0	0	56	47	0	0	38	26	5	2	0	5	0	13	8	0	0	4	0	5	0	3	8	5	0	30	12	0	0	89	55	5	8	522	12	14	0	12	14	0	12	7	0	0	25	42	0	0	15	14	0	1	0	0	0	2	7	0	0	12	7	0	0	33	42	0	0	23	19	0	2	0	0	0	8	7	0	0	1	0	0	0	2	7	0	0	17	7	0	0	56	47	0	0	38	26	5	7	0	0	0	7	0	0	0	2	0	5	0	13	8	0	0	4	0	5	0	3	8	5	0	30	12	0	0	89	55	5	8
638	628	32	16	45	618	12	0	24	32	16	45	11	0	49	30	78	24	90	121	608	12	0	24	12	0	24	11	0	15	30	33	0	48	82	32	16	45	6	0	0	0	2	0	0	0	11	0	49	30	78	24	90	121	598	12	0	24	12	0	24	11	0	15	30	33	0	48	81	12	0	24	6	0	0	0	2	0	0	0	11	0	15	30	33	0	48	82	32	16	45	1	0	0	0	2	0	0	0	6	0	0	0	2	0	0	0	11	0	49	30	78	24	90	121	588	12	0	24	12	0	24	11	0	15	30	33	0	48	81	12	0	24	6	0	0	0	2	0	0	0	11	0	15	30	33	0	48	81	12	0	24	1	0	0	0	2	0	0	0	6	0	0	0	2	0	0	0	11	0	15	30	33	0	48	82	32	16	45	0	0	0	0	0	0	0	0	1	0	0	0	2	0	0	0	6	0	0	0	2	0	0	0	11	0	49	30	78	24	90	121
1019	1003	61	55	85	987	27	0	56	61	55	85	27	0	109	43	150	165	425	149	971	25	0	55	27	0	56	22	0	52	42	67	0	280	82	61	55	85	8	0	21	12	5	0	0	0	27	0	109	43	150	165	425	149	955	25	0	55	25	0	55	22	0	50	42	62	0	275	81	27	0	56	8	0	13	12	5	0	0	0	22	0	52	42	67	0	280	82	61	55	85	11	0	0	0	16	0	0	0	8	0	21	12	5	0	0	0	27	0	109	43	150	165	425	149	939	25	0	55	25	0	55	22	0	50	42	62	0	275	81	25	0	55	8	0	12	12	5	0	0	0	22	0	50	42	62	0	275	81	27	0	56	11	0	0	0	13	0	0	0	8	0	13	12	5	0	0	0	22	0	52	42	67	0	280	82	61	55	85	2	0	0	0	8	0	0	0	11	0	0	0	16	0	0	0	8	0	21	12	5	0	0	0	27	0	109	43	150	165	425	149
508	500	33	16	11	492	12	0	11	33	16	11	11	0	11	0	80	40	44	0	484	12	0	11	12	0	11	11	0	11	0	33	0	44	0	33	16	11	6	0	0	0	2	0	0	0	11	0	11	0	80	40	44	0	476	12	0	11	12	0	11	11	0	11	0	33	0	44	0	12	0	11	6	0	0	0	2	0	0	0	11	0	11	0	33	0	44	0	33	16	11	1	0	0	0	4	0	0	0	6	0	0	0	2	0	0	0	11	0	11	0	80	40	44	0	468	12	0	11	12	0	11	11	0	11	0	33	0	44	0	12	0	11	6	0	0	0	2	0	0	0	11	0	11	0	33	0	44	0	12	0	11	1	0	0	0	2	0	0	0	6	0	0	0	2	0	0	0	11	0	11	0	33	0	44	0	33	16	11	0	0	0	0	2	0	0	0	1	0	0	0	4	0	0	0	6	0	0	0	2	0	0	0	11	0	11	0	80	40	44	0
319	314	15	4	11	309	7	0	0	15	4	11	3	0	11	0	33	4	11	28	304	7	0	0	7	0	0	3	0	0	0	21	0	0	23	15	4	11	1	0	0	0	2	0	0	0	3	0	11	0	33	4	11	28	299	7	0	0	7	0	0	3	0	0	0	21	0	0	23	7	0	0	1	0	0	0	2	0	0	0	3	0	0	0	21	0	0	23	15	4	11	0	0	0	0	2	0	0	0	1	0	0	0	2	0	0	0	3	0	11	0	33	4	11	28	294	7	0	0	7	0	0	3	0	0	0	21	0	0	23	7	0	0	1	0	0	0	2	0	0	0	3	0	0	0	21	0	0	23	7	0	0	0	0	0	0	2	0	0	0	1	0	0	0	2	0	0	0	3	0	0	0	21	0	0	23	15	4	11	0	0	0	0	0	0	0	0	0	0	0	0	2	0	0	0	1	0	0	0	2	0	0	0	3	0	11	0	33	4	11	28
675	664	38	41	6	653	9	24	0	38	41	6	9	16	6	0	87	115	18	23	642	9	24	0	9	24	0	9	16	0	0	23	80	0	23	38	41	6	6	0	0	0	2	0	0	0	9	16	6	0	87	115	18	23	631	9	24	0	9	24	0	9	16	0	0	23	80	0	23	9	24	0	6	0	0	0	2	0	0	0	9	16	0	0	23	80	0	23	38	41	6	1	0	0	0	3	0	0	0	6	0	0	0	2	0	0	0	9	16	6	0	87	115	18	23	620	9	24	0	9	24	0	9	16	0	0	23	80	0	23	9	24	0	6	0	0	0	2	0	0	0	9	16	0	0	23	80	0	23	9	24	0	1	0	0	0	2	0	0	0	6	0	0	0	2	0	0	0	9	16	0	0	23	80	0	23	38	41	6	0	0	0	0	1	0	0	0	1	0	0	0	3	0	0	0	6	0	0	0	2	0	0	0	9	16	6	0	87	115	18	23
1131	1113	60	45	137	1095	32	0	112	60	45	137	23	0	133	70	161	90	411	102	1077	31	0	106	32	0	112	21	0	132	65	91	0	336	67	60	45	137	11	0	15	79	18	0	0	0	23	0	133	70	161	90	411	102	1059	30	0	91	31	0	106	21	0	125	64	89	0	318	66	32	0	112	8	0	15	42	10	0	0	0	21	0	132	65	91	0	336	67	60	45	137	14	0	0	35	12	15	0	108	11	0	15	79	18	0	0	0	23	0	133	70	161	90	411	102	1041	29	0	91	30	0	91	20	0	95	64	86	0	273	66	31	0	106	8	0	12	42	8	0	0	0	21	0	125	64	89	0	318	66	32	0	112	11	0	0	35	8	0	0	92	8	0	15	42	10	0	0	0	21	0	132	65	91	0	336	67	60	45	137	2	0	0	0	6	15	0	0	14	0	0	35	12	15	0	108	11	0	15	79	18	0	0	0	23	0	133	70	161	90	411	102
1004	988	73	48	88	972	43	0	69	73	48	88	37	0	106	47	188	120	352	96	956	42	0	41	43	0	69	35	0	104	13	113	0	276	67	73	48	88	11	0	15	69	24	0	0	126	37	0	106	47	188	120	352	96	940	41	0	22	42	0	41	35	0	86	12	111	0	164	66	43	0	69	8	0	15	12	13	0	0	59	35	0	104	13	113	0	276	67	73	48	88	16	0	0	22	20	12	0	116	11	0	15	69	24	0	0	126	37	0	106	47	188	120	352	96	924	38	0	22	41	0	22	34	0	52	12	108	0	88	66	42	0	41	8	0	12	12	11	0	0	58	35	0	86	12	111	0	164	66	43	0	69	11	0	0	22	14	0	0	92	8	0	15	12	13	0	0	59	35	0	104	13	113	0	276	67	73	48	88	7	0	18	0	10	12	0	0	16	0	0	22	20	12	0	116	11	0	15	69	24	0	0	126	37	0	106	47	188	120	352	96
1190	1170	99	148	34	1150	51	108	22	99	148	34	55	70	38	7	236	396	170	85	1130	48	106	12	51	108	22	47	70	37	0	137	276	110	56	99	148	34	19	24	15	36	31	27	0	28	55	70	38	7	236	396	170	85	1110	42	96	0	48	106	12	46	60	24	0	131	270	60	55	51	108	22	14	24	15	0	14	26	0	0	47	70	37	0	137	276	110	56	99	148	34	7	120	0	0	27	67	0	108	19	24	15	36	31	27	0	28	55	70	38	7	236	396	170	85	1090	39	96	0	42	96	0	37	60	0	0	115	240	0	55	48	106	12	14	24	12	0	12	26	0	0	46	60	24	0	131	270	60	55	51	108	22	4	120	0	0	14	60	0	92	14	24	15	0	14	26	0	0	47	70	37	0	137	276	110	56	99	148	34	8	0	0	0	22	31	0	0	7	120	0	0	27	67	0	108	19	24	15	36	31	27	0	28	55	70	38	7	236	396	170	85
993	977	51	42	71	961	30	29	31	51	42	71	26	0	8	62	127	86	71	158	945	29	28	0	30	29	31	24	0	7	0	78	73	31	91	51	42	71	9	14	0	0	8	14	0	154	26	0	8	62	127	86	71	158	929	28	28	0	29	28	0	23	0	0	0	75	70	0	90	30	29	31	7	14	0	0	6	14	0	82	24	0	7	0	78	73	31	91	51	42	71	11	0	0	0	16	14	0	0	9	14	0	0	8	14	0	154	26	0	8	62	127	86	71	158	913	28	28	0	28	28	0	23	0	0	0	73	70	0	90	29	28	0	7	14	0	0	6	14	0	81	23	0	0	0	75	70	0	90	30	29	31	11	0	0	0	12	14	0	0	7	14	0	0	6	14	0	82	24	0	7	0	78	73	31	91	51	42	71	2	0	0	0	8	0	0	0	11	0	0	0	16	14	0	0	9	14	0	0	8	14	0	154	26	0	8	62	127	86	71	158
1015	998	60	101	28	981	26	76	0	60	101	28	14	102	0	0	155	235	56	147	964	25	71	0	26	76	0	12	94	0	0	75	192	0	91	60	101	28	5	51	0	0	12	10	0	0	14	102	0	0	155	235	56	147	947	24	70	0	25	71	0	11	90	0	0	72	181	0	90	26	76	0	3	50	0	0	6	10	0	0	12	94	0	0	75	192	0	91	60	101	28	10	10	0	0	10	10	0	0	5	51	0	0	12	10	0	0	14	102	0	0	155	235	56	147	930	24	70	0	24	70	0	11	90	0	0	70	180	0	90	25	71	0	3	50	0	0	6	10	0	0	11	90	0	0	72	181	0	90	26	76	0	10	10	0	0	6	10	0	0	3	50	0	0	6	10	0	0	12	94	0	0	75	192	0	91	60	101	28	0	0	0	0	7	0	0	0	10	10	0	0	10	10	0	0	5	51	0	0	12	10	0	0	14	102	0	0	155	235	56	147
1036	1019	71	56	120	1002	40	30	71	71	56	120	41	0	40	97	181	213	240	287	985	36	30	70	40	30	71	29	0	37	95	107	135	142	203	71	56	120	11	0	0	14	28	54	0	0	41	0	40	97	181	213	240	287	968	35	30	66	36	30	70	29	0	37	84	99	135	140	159	40	30	71	8	0	0	13	10	15	0	0	29	0	37	95	107	135	142	203	71	56	120	14	0	0	49	15	0	0	0	11	0	0	14	28	54	0	0	41	0	40	97	181	213	240	287	951	34	30	51	35	30	66	28	0	34	44	96	135	132	113	36	30	70	8	0	0	12	10	15	0	0	29	0	37	84	99	135	140	159	40	30	71	11	0	0	12	9	0	0	0	8	0	0	13	10	15	0	0	29	0	37	95	107	135	142	203	71	56	120	2	0	0	40	7	0	0	108	14	0	0	49	15	0	0	0	11	0	0	14	28	54	0	0	41	0	40	97	181	213	240	287
1029	1012	62	55	110	995	36	42	51	62	55	110	33	0	0	51	159	166	110	358	978	33	42	51	36	42	51	25	0	0	51	99	140	51	234	62	55	110	11	0	0	0	25	40	0	0	33	0	0	51	159	166	110	358	961	32	42	51	33	42	51	25	0	0	51	94	140	51	159	36	42	51	8	0	0	0	10	14	0	0	25	0	0	51	99	140	51	234	62	55	110	14	0	0	0	16	0	0	0	11	0	0	0	25	40	0	0	33	0	0	51	159	166	110	358	944	31	42	49	32	42	51	24	0	0	48	91	140	51	113	33	42	51	8	0	0	0	10	14	0	0	25	0	0	51	94	140	51	159	36	42	51	11	0	0	0	9	0	0	0	8	0	0	0	10	14	0	0	25	0	0	51	99	140	51	234	62	55	110	2	0	0	23	9	0	0	0	14	0	0	0	16	0	0	0	11	0	0	0	25	40	0	0	33	0	0	51	159	166	110	358
1258	1237	89	139	96	1216	50	98	53	89	139	96	43	83	28	100	203	383	288	259	1195	45	95	52	50	98	53	30	83	25	97	117	279	159	203	89	139	96	7	36	0	7	31	72	0	0	43	83	28	100	203	383	288	259	1174	39	80	37	45	95	52	29	80	25	63	108	270	156	159	50	98	53	3	0	0	0	13	34	0	0	30	83	25	97	117	279	159	203	89	139	96	10	36	50	65	25	19	96	28	7	36	0	7	31	72	0	0	43	83	28	100	203	383	288	259	1153	34	66	10	39	80	37	23	68	21	20	96	228	111	113	45	95	52	3	0	0	0	13	34	0	0	29	80	25	63	108	270	156	159	50	98	53	10	0	48	0	15	17	53	0	3	0	0	0	13	34	0	0	30	83	25	97	117	279	159	203	89	139	96	2	32	52	10	12	0	96	167	10	36	50	65	25	19	96	28	7	36	0	7	31	72	0	0	43	83	28	100	203	383	288	259
1086	1068	79	97	71	1050	39	45	61	79	97	71	35	30	48	37	194	319	355	34	1032	34	45	61	39	45	61	21	30	48	37	99	165	305	22	79	97	71	6	0	13	0	29	45	0	0	35	30	48	37	194	319	355	34	1014	33	45	61	34	45	61	21	30	48	37	88	165	305	12	39	45	61	3	0	13	0	11	15	0	0	21	30	48	37	99	165	305	22	79	97	71	13	0	0	0	15	0	0	0	6	0	13	0	29	45	0	0	35	30	48	37	194	319	355	34	996	32	45	60	33	45	61	20	30	48	35	85	165	305	0	34	45	61	3	0	13	0	11	15	0	0	21	30	48	37	88	165	305	12	39	45	61	10	0	0	0	9	0	0	0	3	0	13	0	11	15	0	0	21	30	48	37	99	165	305	22	79	97	71	2	0	0	10	7	0	0	0	13	0	0	0	15	0	0	0	6	0	13	0	29	45	0	0	35	30	48	37	194	319	355	34
830	816	72	68	19	802	39	40	0	72	68	19	33	40	0	0	175	186	76	122	788	34	40	0	39	40	0	20	40	0	0	97	120	0	91	72	68	19	7	0	0	0	24	40	0	0	33	40	0	0	175	186	76	122	774	32	40	0	34	40	0	19	40	0	0	88	120	0	53	39	40	0	3	0	0	0	10	20	0	0	20	40	0	0	97	120	0	91	72	68	19	13	0	0	0	14	12	0	0	7	0	0	0	24	40	0	0	33	40	0	0	175	186	76	122	760	31	40	0	32	40	0	18	40	0	0	84	120	0	22	34	40	0	3	0	0	0	10	20	0	0	19	40	0	0	88	120	0	53	39	40	0	10	0	0	0	8	10	0	0	3	0	0	0	10	20	0	0	20	40	0	0	97	120	0	91	72	68	19	2	0	0	0	7	0	0	0	13	0	0	0	14	12	0	0	7	0	0	0	24	40	0	0	33	40	0	0	175	186	76	122
1153	1134	69	64	141	1115	43	30	81	69	64	141	48	60	24	81	167	173	282	416	1096	37	0	78	43	30	81	43	0	23	75	101	60	162	236	69	64	141	7	0	55	45	12	0	282	0	48	60	24	81	167	173	282	416	1077	36	0	78	37	0	78	42	0	23	75	88	0	156	234	43	30	81	7	0	40	45	12	0	162	0	43	0	23	75	101	60	162	236	69	64	141	0	0	12	0	8	0	0	0	7	0	55	45	12	0	282	0	48	60	24	81	167	173	282	416	1058	36	0	74	36	0	78	42	0	23	68	86	0	156	215	37	0	78	7	0	40	36	12	0	156	0	42	0	23	75	88	0	156	234	43	30	81	0	0	0	0	8	0	0	0	7	0	40	45	12	0	162	0	43	0	23	75	101	60	162	236	69	64	141	2	0	0	45	1	0	0	0	0	0	12	0	8	0	0	0	7	0	55	45	12	0	282	0	48	60	24	81	167	173	282	416
957	941	46	53	75	925	23	28	56	46	53	75	20	14	28	35	111	91	150	90	909	20	28	56	23	28	56	12	14	27	35	50	42	112	61	46	53	75	1	0	0	0	7	0	0	0	20	14	28	35	111	91	150	90	893	20	28	56	20	28	56	12	14	27	35	43	42	112	61	23	28	56	1	0	0	0	7	0	0	0	12	14	27	35	50	42	112	61	46	53	75	0	0	0	0	3	0	0	0	1	0	0	0	7	0	0	0	20	14	28	35	111	91	150	90	877	20	28	56	20	28	56	12	14	27	35	43	42	112	61	20	28	56	1	0	0	0	7	0	0	0	12	14	27	35	43	42	112	61	23	28	56	0	0	0	0	3	0	0	0	1	0	0	0	7	0	0	0	12	14	27	35	50	42	112	61	46	53	75	0	0	0	0	0	0	0	0	0	0	0	0	3	0	0	0	1	0	0	0	7	0	0	0	20	14	28	35	111	91	150	90
666	655	61	30	17	644	34	0	7	61	30	17	48	0	14	0	131	90	85	71	633	31	0	7	34	0	7	40	0	14	0	63	0	35	61	61	30	17	7	0	0	0	5	0	0	0	48	0	14	0	131	90	85	71	622	31	0	7	31	0	7	40	0	14	0	56	0	35	61	34	0	7	7	0	0	0	5	0	0	0	40	0	14	0	63	0	35	61	61	30	17	0	0	0	0	5	0	0	0	7	0	0	0	5	0	0	0	48	0	14	0	131	90	85	71	611	31	0	7	31	0	7	40	0	14	0	56	0	35	61	31	0	7	7	0	0	0	5	0	0	0	40	0	14	0	56	0	35	61	34	0	7	0	0	0	0	5	0	0	0	7	0	0	0	5	0	0	0	40	0	14	0	63	0	35	61	61	30	17	0	0	0	0	1	0	0	0	0	0	0	0	5	0	0	0	7	0	0	0	5	0	0	0	48	0	14	0	131	90	85	71
999	982	82	101	41	965	46	61	0	82	101	41	51	86	0	0	174	263	164	306	948	42	52	0	46	61	0	46	52	0	0	96	142	0	185	82	101	41	7	13	12	0	14	14	41	0	51	86	0	0	174	263	164	306	931	40	52	0	42	52	0	44	52	0	0	88	117	0	183	46	61	0	6	13	0	0	12	13	0	0	46	52	0	0	96	142	0	185	82	101	41	0	0	12	0	11	14	0	0	7	13	12	0	14	14	41	0	51	86	0	0	174	263	164	306	914	40	52	0	40	52	0	44	52	0	0	85	117	0	164	42	52	0	6	13	0	0	12	13	0	0	44	52	0	0	88	117	0	183	46	61	0	0	0	0	0	7	13	0	0	6	13	0	0	12	13	0	0	46	52	0	0	96	142	0	185	82	101	41	2	0	0	0	4	0	0	0	0	0	12	0	11	14	0	0	7	13	12	0	14	14	41	0	51	86	0	0	174	263	164	306
705	693	60	43	28	681	36	27	0	60	43	28	51	18	0	0	139	87	56	186	669	31	27	0	36	27	0	42	18	0	0	80	36	0	114	60	43	28	8	0	12	0	10	9	0	0	51	18	0	0	139	87	56	186	657	29	27	0	31	27	0	40	18	0	0	69	36	0	113	36	27	0	7	0	0	0	10	9	0	0	42	18	0	0	80	36	0	114	60	43	28	0	0	12	0	6	9	0	0	8	0	12	0	10	9	0	0	51	18	0	0	139	87	56	186	645	29	27	0	29	27	0	40	18	0	0	66	36	0	98	31	27	0	7	0	0	0	10	9	0	0	40	18	0	0	69	36	0	113	36	27	0	0	0	0	0	6	9	0	0	7	0	0	0	10	9	0	0	42	18	0	0	80	36	0	114	60	43	28	2	0	0	0	1	0	0	0	0	0	12	0	6	9	0	0	8	0	12	0	10	9	0	0	51	18	0	0	139	87	56	186
478	470	37	12	15	462	20	0	7	37	12	15	31	0	0	14	63	24	30	17	454	20	0	7	20	0	7	31	0	0	14	30	0	14	7	37	12	15	6	0	0	0	3	0	0	0	31	0	0	14	63	24	30	17	446	20	0	7	20	0	7	31	0	0	14	30	0	14	7	20	0	7	6	0	0	0	3	0	0	0	31	0	0	14	30	0	14	7	37	12	15	0	0	0	0	4	0	0	0	6	0	0	0	3	0	0	0	31	0	0	14	63	24	30	17	438	20	0	7	20	0	7	31	0	0	14	30	0	14	7	20	0	7	6	0	0	0	3	0	0	0	31	0	0	14	30	0	14	7	20	0	7	0	0	0	0	4	0	0	0	6	0	0	0	3	0	0	0	31	0	0	14	30	0	14	7	37	12	15	0	0	0	0	1	0	0	0	0	0	0	0	4	0	0	0	6	0	0	0	3	0	0	0	31	0	0	14	63	24	30	17
957	941	58	39	94	925	35	0	41	58	39	94	41	0	49	52	101	91	282	302	909	35	0	40	35	0	41	41	0	10	50	58	0	123	144	58	39	94	13	0	0	13	7	0	0	0	41	0	49	52	101	91	282	302	893	35	0	40	35	0	40	41	0	10	50	58	0	120	141	35	0	41	13	0	0	13	7	0	0	0	41	0	10	50	58	0	123	144	58	39	94	2	0	0	0	9	0	0	0	13	0	0	13	7	0	0	0	41	0	49	52	101	91	282	302	877	35	0	40	35	0	40	41	0	10	50	58	0	120	141	35	0	40	13	0	0	13	7	0	0	0	41	0	10	50	58	0	120	141	35	0	41	2	0	0	0	9	0	0	0	13	0	0	13	7	0	0	0	41	0	10	50	58	0	123	144	58	39	94	0	0	0	0	2	0	0	0	2	0	0	0	9	0	0	0	13	0	0	13	7	0	0	0	41	0	49	52	101	91	282	302
1237	1215	81	183	36	1193	43	126	0	81	183	36	29	330	38	0	146	294	144	227	1171	41	120	0	43	126	0	25	300	0	0	83	189	0	88	81	183	36	17	72	0	0	14	24	0	0	29	330	38	0	146	294	144	227	1149	38	120	0	41	120	0	22	300	0	0	81	180	0	85	43	126	0	10	72	0	0	14	24	0	0	25	300	0	0	83	189	0	88	81	183	36	6	0	0	0	11	36	0	0	17	72	0	0	14	24	0	0	29	330	38	0	146	294	144	227	1127	37	120	0	38	120	0	20	300	0	0	75	180	0	85	41	120	0	9	72	0	0	14	24	0	0	22	300	0	0	81	180	0	85	43	126	0	3	0	0	0	11	36	0	0	10	72	0	0	14	24	0	0	25	300	0	0	83	189	0	88	81	183	36	5	0	0	0	4	12	0	0	6	0	0	0	11	36	0	0	17	72	0	0	14	24	0	0	29	330	38	0	146	294	144	227
687	675	43	39	26	663	24	32	0	43	39	26	36	0	8	0	81	31	26	133	651	24	32	0	24	32	0	36	0	0	0	44	24	0	63	43	39	26	7	0	0	0	5	0	0	0	36	0	8	0	81	31	26	133	639	24	32	0	24	32	0	36	0	0	0	44	24	0	63	24	32	0	7	0	0	0	5	0	0	0	36	0	0	0	44	24	0	63	43	39	26	0	0	0	0	4	0	0	0	7	0	0	0	5	0	0	0	36	0	8	0	81	31	26	133	627	24	32	0	24	32	0	36	0	0	0	44	24	0	63	24	32	0	7	0	0	0	5	0	0	0	36	0	0	0	44	24	0	63	24	32	0	0	0	0	0	4	0	0	0	7	0	0	0	5	0	0	0	36	0	0	0	44	24	0	63	43	39	26	0	0	0	0	1	0	0	0	0	0	0	0	4	0	0	0	7	0	0	0	5	0	0	0	36	0	8	0	81	31	26	133
912	896	64	91	14	880	31	55	0	64	91	14	34	66	8	0	111	201	70	58	864	31	55	0	31	55	0	34	66	0	0	54	121	0	7	64	91	14	15	0	0	0	9	0	0	0	34	66	8	0	111	201	70	58	848	31	55	0	31	55	0	34	66	0	0	54	121	0	7	31	55	0	15	0	0	0	9	0	0	0	34	66	0	0	54	121	0	7	64	91	14	2	0	0	0	9	0	0	0	15	0	0	0	9	0	0	0	34	66	8	0	111	201	70	58	832	31	55	0	31	55	0	34	66	0	0	54	121	0	7	31	55	0	15	0	0	0	9	0	0	0	34	66	0	0	54	121	0	7	31	55	0	2	0	0	0	9	0	0	0	15	0	0	0	9	0	0	0	34	66	0	0	54	121	0	7	64	91	14	0	0	0	0	2	0	0	0	2	0	0	0	9	0	0	0	15	0	0	0	9	0	0	0	34	66	8	0	111	201	70	58
766	753	37	12	81	740	27	0	38	37	12	81	34	0	0	41	60	0	81	185	727	27	0	21	27	0	38	34	0	0	10	46	0	38	48	37	12	81	12	0	0	21	5	0	0	141	34	0	0	41	60	0	81	185	714	27	0	20	27	0	21	34	0	0	10	46	0	21	47	27	0	38	12	0	0	20	5	0	0	81	34	0	0	10	46	0	38	48	37	12	81	2	0	0	10	7	0	0	0	12	0	0	21	5	0	0	141	34	0	0	41	60	0	81	185	701	27	0	20	27	0	20	34	0	0	10	46	0	20	47	27	0	21	12	0	0	20	5	0	0	78	34	0	0	10	46	0	21	47	27	0	38	2	0	0	10	7	0	0	0	12	0	0	20	5	0	0	81	34	0	0	10	46	0	38	48	37	12	81	0	0	0	0	2	0	0	0	2	0	0	10	7	0	0	0	12	0	0	21	5	0	0	141	34	0	0	41	60	0	81	185
994	977	58	55	100	960	40	16	61	58	55	100	48	0	48	62	101	81	300	159	943	39	16	34	40	16	61	47	0	48	0	80	16	183	48	58	55	100	16	0	0	47	9	16	0	182	48	0	48	62	101	81	300	159	926	38	16	20	39	16	34	46	0	45	0	79	16	102	47	40	16	61	15	0	0	10	9	16	0	81	47	0	48	0	80	16	183	48	58	55	100	10	0	0	20	19	16	0	96	16	0	0	47	9	16	0	182	48	0	48	62	101	81	300	159	909	38	16	19	38	16	20	46	0	30	0	78	16	60	47	39	16	34	15	0	0	10	9	16	0	78	46	0	45	0	79	16	102	47	40	16	61	10	0	0	19	11	16	0	53	15	0	0	10	9	16	0	81	47	0	48	0	80	16	183	48	58	55	100	10	0	0	9	10	0	0	0	10	0	0	20	19	16	0	96	16	0	0	47	9	16	0	182	48	0	48	62	101	81	300	159
588	578	28	16	38	568	14	0	32	28	16	38	9	0	33	0	48	16	76	14	558	14	0	31	14	0	32	9	0	33	0	29	0	64	0	28	16	38	6	0	0	11	4	0	0	0	9	0	33	0	48	16	76	14	548	14	0	29	14	0	31	9	0	33	0	29	0	62	0	14	0	32	6	0	0	10	4	0	0	0	9	0	33	0	29	0	64	0	28	16	38	2	0	0	20	9	0	0	0	6	0	0	11	4	0	0	0	9	0	33	0	48	16	76	14	538	14	0	28	14	0	29	9	0	30	0	29	0	58	0	14	0	31	6	0	0	10	4	0	0	0	9	0	33	0	29	0	62	0	14	0	32	2	0	0	19	5	0	0	0	6	0	0	10	4	0	0	0	9	0	33	0	29	0	64	0	28	16	38	2	0	0	9	4	0	0	0	2	0	0	20	9	0	0	0	6	0	0	11	4	0	0	0	9	0	33	0	48	16	76	14
896	880	63	92	27	864	38	68	0	63	92	27	47	36	0	0	105	174	81	144	848	36	62	0	38	68	0	43	36	0	0	73	136	0	41	63	92	27	17	60	0	0	12	20	0	0	47	36	0	0	105	174	81	144	832	33	60	0	36	62	0	40	30	0	0	71	122	0	40	38	68	0	10	60	0	0	12	20	0	0	43	36	0	0	73	136	0	41	63	92	27	12	20	0	0	24	30	0	0	17	60	0	0	12	20	0	0	47	36	0	0	105	174	81	144	816	32	60	0	33	60	0	38	30	0	0	65	120	0	40	36	62	0	9	60	0	0	12	20	0	0	40	30	0	0	71	122	0	40	38	68	0	9	20	0	0	13	30	0	0	10	60	0	0	12	20	0	0	43	36	0	0	73	136	0	41	63	92	27	14	0	0	0	15	10	0	0	12	20	0	0	24	30	0	0	17	60	0	0	12	20	0	0	47	36	0	0	105	174	81	144
521	512	38	20	14	503	23	8	0	38	20	14	34	0	0	0	61	44	28	50	494	23	8	0	23	8	0	34	0	0	0	40	32	0	0	38	20	14	12	0	0	0	6	0	0	0	34	0	0	0	61	44	28	50	485	23	8	0	23	8	0	34	0	0	0	40	32	0	0	23	8	0	12	0	0	0	6	0	0	0	34	0	0	0	40	32	0	0	38	20	14	2	0	0	0	12	0	0	0	12	0	0	0	6	0	0	0	34	0	0	0	61	44	28	50	476	23	8	0	23	8	0	34	0	0	0	40	32	0	0	23	8	0	12	0	0	0	6	0	0	0	34	0	0	0	40	32	0	0	23	8	0	2	0	0	0	8	0	0	0	12	0	0	0	6	0	0	0	34	0	0	0	40	32	0	0	38	20	14	2	0	0	0	5	0	0	0	2	0	0	0	12	0	0	0	12	0	0	0	6	0	0	0	34	0	0	0	61	44	28	50
580	570	29	0	59	560	16	0	11	29	0	59	7	0	0	22	43	0	0	260	550	16	0	11	16	0	11	7	0	0	22	32	0	0	131	29	0	59	8	0	0	0	7	0	0	0	7	0	0	22	43	0	0	260	540	16	0	11	16	0	11	7	0	0	22	32	0	0	86	16	0	11	8	0	0	0	5	0	0	0	7	0	0	22	32	0	0	131	29	0	59	10	0	0	0	25	0	0	0	8	0	0	0	7	0	0	0	7	0	0	22	43	0	0	260	530	16	0	10	16	0	11	7	0	0	20	32	0	0	69	16	0	11	8	0	0	0	5	0	0	0	7	0	0	22	32	0	0	86	16	0	11	10	0	0	0	7	0	0	0	8	0	0	0	5	0	0	0	7	0	0	22	32	0	0	131	29	0	59	8	0	0	10	15	0	0	0	10	0	0	0	25	0	0	0	8	0	0	0	7	0	0	0	7	0	0	22	43	0	0	260
805	791	48	35	75	777	32	13	38	48	35	75	25	0	36	37	86	24	150	179	763	31	13	38	32	13	38	24	0	36	37	71	13	76	93	48	35	75	9	0	0	0	10	13	0	0	25	0	36	37	86	24	150	179	749	26	13	35	31	13	38	23	0	36	34	70	13	76	65	32	13	38	8	0	0	0	7	13	0	0	24	0	36	37	71	13	76	93	48	35	75	13	0	0	36	29	57	0	0	9	0	0	0	10	13	0	0	25	0	36	37	86	24	150	179	735	21	11	21	26	13	35	15	0	36	20	58	13	70	49	31	13	38	8	0	0	0	7	13	0	0	23	0	36	34	70	13	76	65	32	13	38	12	0	0	0	10	13	0	0	8	0	0	0	7	13	0	0	24	0	36	37	71	13	76	93	48	35	75	8	22	32	21	18	33	0	96	13	0	0	36	29	57	0	0	9	0	0	0	10	13	0	0	25	0	36	37	86	24	150	179
634	623	38	28	32	612	21	0	30	38	28	32	19	0	43	22	64	28	128	0	601	20	0	30	21	0	30	17	0	43	22	46	0	120	0	38	28	32	4	0	0	0	6	7	0	0	19	0	43	22	64	28	128	0	590	15	0	30	20	0	30	16	0	43	22	43	0	120	0	21	0	30	2	0	0	0	3	0	0	0	17	0	43	22	46	0	120	0	38	28	32	11	0	0	0	25	35	0	0	4	0	0	0	6	7	0	0	19	0	43	22	64	28	128	0	579	12	0	28	15	0	30	8	0	43	20	30	0	120	0	20	0	30	2	0	0	0	3	0	0	0	16	0	43	22	43	0	120	0	21	0	30	10	0	0	0	6	0	0	0	2	0	0	0	3	0	0	0	17	0	43	22	46	0	120	0	38	28	32	10	0	0	21	17	21	0	0	11	0	0	0	25	35	0	0	4	0	0	0	6	7	0	0	19	0	43	22	64	28	128	0
876	860	56	95	20	844	30	73	0	56	95	20	21	44	0	0	102	170	60	127	828	29	71	0	30	73	0	20	44	0	0	65	150	0	61	56	95	20	10	18	0	0	14	9	0	0	21	44	0	0	102	170	60	127	812	23	63	0	29	71	0	19	36	0	0	64	142	0	34	30	73	0	8	18	0	0	12	9	0	0	20	44	0	0	65	150	0	61	56	95	20	8	72	0	0	34	42	0	0	10	18	0	0	14	9	0	0	21	44	0	0	102	170	60	127	796	18	57	0	23	63	0	9	36	0	0	48	126	0	20	29	71	0	8	18	0	0	12	9	0	0	19	36	0	0	64	142	0	34	30	73	0	5	72	0	0	14	18	0	0	8	18	0	0	12	9	0	0	20	44	0	0	65	150	0	61	56	95	20	13	36	0	0	24	36	0	0	8	72	0	0	34	42	0	0	10	18	0	0	14	9	0	0	21	44	0	0	102	170	60	127
460	452	34	16	0	444	21	0	0	34	16	0	19	0	0	0	59	16	0	0	436	20	0	0	21	0	0	17	0	0	0	46	0	0	0	34	16	0	4	0	0	0	4	4	0	0	19	0	0	0	59	16	0	0	428	15	0	0	20	0	0	16	0	0	0	43	0	0	0	21	0	0	2	0	0	0	3	0	0	0	17	0	0	0	46	0	0	0	34	16	0	11	0	0	0	19	20	0	0	4	0	0	0	4	4	0	0	19	0	0	0	59	16	0	0	420	12	0	0	15	0	0	8	0	0	0	30	0	0	0	20	0	0	2	0	0	0	3	0	0	0	16	0	0	0	43	0	0	0	21	0	0	10	0	0	0	6	0	0	0	2	0	0	0	3	0	0	0	17	0	0	0	46	0	0	0	34	16	0	10	0	0	0	15	12	0	0	11	0	0	0	19	20	0	0	4	0	0	0	4	4	0	0	19	0	0	0	59	16	0	0
892	876	64	68	54	860	44	60	24	64	68	54	48	80	0	24	136	138	0	127	844	39	60	24	44	60	24	39	80	0	24	109	130	0	68	64	68	54	23	0	12	0	8	14	0	0	48	80	0	24	136	138	0	127	828	29	20	24	39	60	24	28	80	0	24	95	130	0	68	44	60	24	13	0	12	0	6	10	0	0	39	80	0	24	109	130	0	68	64	68	54	20	0	60	0	18	28	216	0	23	0	12	0	8	14	0	0	48	80	0	24	136	138	0	127	812	22	0	24	29	20	24	24	0	0	24	68	20	0	65	39	60	24	11	0	12	0	6	10	0	0	28	80	0	24	95	130	0	68	44	60	24	14	0	60	0	11	20	96	0	13	0	12	0	6	10	0	0	39	80	0	24	109	130	0	68	64	68	54	11	0	23	0	21	28	108	0	20	0	60	0	18	28	216	0	23	0	12	0	8	14	0	0	48	80	0	24	136	138	0	127
512	503	36	8	31	494	29	0	12	36	8	31	33	0	0	24	83	8	31	52	485	26	0	12	29	0	12	25	0	0	24	70	0	12	30	36	8	31	12	0	0	0	3	0	0	0	33	0	0	24	83	8	31	52	476	19	0	12	26	0	12	20	0	0	24	60	0	12	30	29	0	12	4	0	0	0	3	0	0	0	25	0	0	24	70	0	12	30	36	8	31	14	0	0	0	6	0	0	0	12	0	0	0	3	0	0	0	33	0	0	24	83	8	31	52	467	13	0	12	19	0	12	10	0	0	24	42	0	12	30	26	0	12	2	0	0	0	3	0	0	0	20	0	0	24	60	0	12	30	29	0	12	10	0	0	0	6	0	0	0	4	0	0	0	3	0	0	0	25	0	0	24	70	0	12	30	36	8	31	4	0	12	0	8	0	0	0	14	0	0	0	6	0	0	0	12	0	0	0	3	0	0	0	33	0	0	24	83	8	31	52
848	833	47	49	69	818	32	24	55	47	49	69	39	35	10	31	114	111	138	32	803	24	11	55	32	24	55	29	11	10	31	83	59	110	30	47	49	69	9	22	66	0	3	0	69	0	39	35	10	31	114	111	138	32	788	12	0	55	24	11	55	16	0	10	31	60	22	110	30	32	24	55	2	0	66	0	3	0	55	0	29	11	10	31	83	59	110	30	47	49	69	6	0	70	0	5	0	69	0	9	22	66	0	3	0	69	0	39	35	10	31	114	111	138	32	773	8	0	55	12	0	55	6	0	10	31	28	0	110	30	24	11	55	0	0	66	0	3	0	55	0	16	0	10	31	60	22	110	30	32	24	55	2	0	70	0	4	0	55	0	2	0	66	0	3	0	55	0	29	11	10	31	83	59	110	30	47	49	69	4	0	0	0	8	0	0	0	6	0	70	0	5	0	69	0	9	22	66	0	3	0	69	0	39	35	10	31	114	111	138	32
763	749	51	61	28	735	31	49	0	51	61	28	33	40	0	0	111	149	28	127	721	28	49	0	31	49	0	25	40	0	0	72	129	0	68	51	61	28	14	0	0	0	13	0	0	0	33	40	0	0	111	149	28	127	707	20	46	0	28	49	0	20	40	0	0	62	129	0	68	31	49	0	5	0	0	0	7	0	0	0	25	40	0	0	72	129	0	68	51	61	28	14	26	0	0	15	9	0	0	14	0	0	0	13	0	0	0	33	40	0	0	111	149	28	127	693	12	36	0	20	46	0	8	36	0	0	40	122	0	65	28	49	0	3	0	0	0	7	0	0	0	20	40	0	0	62	129	0	68	31	49	0	9	18	0	0	10	9	0	0	5	0	0	0	7	0	0	0	25	40	0	0	72	129	0	68	51	61	28	9	18	23	0	13	18	28	0	14	26	0	0	15	9	0	0	14	0	0	0	13	0	0	0	33	40	0	0	111	149	28	127
813	798	61	93	0	783	32	67	0	61	93	0	37	94	0	0	147	221	0	0	768	30	51	0	32	67	0	33	54	0	0	84	168	0	0	61	93	0	12	38	0	0	11	14	0	0	37	94	0	0	147	221	0	0	753	24	40	0	30	51	0	32	32	0	0	78	123	0	0	32	67	0	9	8	0	0	4	12	0	0	33	54	0	0	84	168	0	0	61	93	0	9	12	0	0	13	11	0	0	12	38	0	0	11	14	0	0	37	94	0	0	147	221	0	0	738	19	34	0	24	40	0	22	24	0	0	61	100	0	0	30	51	0	9	0	0	0	4	12	0	0	32	32	0	0	78	123	0	0	32	67	0	6	0	0	0	9	9	0	0	9	8	0	0	4	12	0	0	33	54	0	0	84	168	0	0	61	93	0	9	22	0	0	14	22	0	0	9	12	0	0	13	11	0	0	12	38	0	0	11	14	0	0	37	94	0	0	147	221	0	0
611	600	38	30	19	589	13	0	18	38	30	19	12	0	60	10	95	90	95	0	578	12	0	18	13	0	18	8	0	56	10	33	0	90	0	38	30	19	0	0	11	0	3	0	0	0	12	0	60	10	95	90	95	0	567	12	0	18	12	0	18	8	0	56	10	32	0	90	0	13	0	18	0	0	10	0	1	0	0	0	8	0	56	10	33	0	90	0	38	30	19	0	0	0	0	0	0	0	0	0	0	11	0	3	0	0	0	12	0	60	10	95	90	95	0	556	12	0	18	12	0	18	8	0	56	10	32	0	90	0	12	0	18	0	0	10	0	1	0	0	0	8	0	56	10	32	0	90	0	13	0	18	0	0	0	0	0	0	0	0	0	0	10	0	1	0	0	0	8	0	56	10	33	0	90	0	38	30	19	0	0	0	0	0	0	0	0	0	0	0	0	0	0	0	0	0	0	11	0	3	0	0	0	12	0	60	10	95	90	95	0
552	542	35	17	31	532	16	9	0	35	17	31	17	0	19	0	92	68	31	128	522	13	9	0	16	9	0	12	0	0	0	40	36	0	67	35	17	31	2	0	19	0	6	0	0	0	17	0	19	0	92	68	31	128	512	11	9	0	13	9	0	10	0	0	0	33	36	0	67	16	9	0	0	0	0	0	2	0	0	0	12	0	0	0	40	36	0	67	35	17	31	2	0	12	0	3	0	0	0	2	0	19	0	6	0	0	0	17	0	19	0	92	68	31	128	502	11	9	0	11	9	0	10	0	0	0	31	36	0	67	13	9	0	0	0	0	0	2	0	0	0	10	0	0	0	33	36	0	67	16	9	0	2	0	0	0	2	0	0	0	0	0	0	0	2	0	0	0	12	0	0	0	40	36	0	67	35	17	31	4	0	0	0	4	0	0	0	2	0	12	0	3	0	0	0	2	0	19	0	6	0	0	0	17	0	19	0	92	68	31	128
501	492	31	18	15	483	14	0	0	31	18	15	13	0	19	0	82	48	45	69	474	11	0	0	14	0	0	8	0	0	0	36	0	0	55	31	18	15	2	0	19	0	3	0	0	0	13	0	19	0	82	48	45	69	465	10	0	0	11	0	0	6	0	0	0	29	0	0	55	14	0	0	0	0	0	0	2	0	0	0	8	0	0	0	36	0	0	55	31	18	15	0	0	4	0	1	0	0	0	2	0	19	0	3	0	0	0	13	0	19	0	82	48	45	69	456	10	0	0	10	0	0	6	0	0	0	28	0	0	55	11	0	0	0	0	0	0	2	0	0	0	6	0	0	0	29	0	0	55	14	0	0	0	0	0	0	1	0	0	0	0	0	0	0	2	0	0	0	8	0	0	0	36	0	0	55	31	18	15	2	0	0	0	2	0	0	0	0	0	4	0	1	0	0	0	2	0	19	0	3	0	0	0	13	0	19	0	82	48	45	69
280	275	18	0	4	270	7	0	0	18	0	4	8	0	8	0	52	0	0	0	265	5	0	0	7	0	0	4	0	0	0	18	0	0	0	18	0	4	2	0	8	0	1	0	0	0	8	0	8	0	52	0	0	0	260	4	0	0	5	0	0	2	0	0	0	13	0	0	0	7	0	0	0	0	0	0	1	0	0	0	4	0	0	0	18	0	0	0	18	0	4	0	0	4	0	1	0	0	0	2	0	8	0	1	0	0	0	8	0	8	0	52	0	0	0	255	4	0	0	4	0	0	2	0	0	0	12	0	0	0	5	0	0	0	0	0	0	1	0	0	0	2	0	0	0	13	0	0	0	7	0	0	0	0	0	0	1	0	0	0	0	0	0	0	1	0	0	0	4	0	0	0	18	0	0	0	18	0	4	2	0	0	0	2	0	0	0	0	0	4	0	1	0	0	0	2	0	8	0	1	0	0	0	8	0	8	0	52	0	0	0
224	220	10	0	0	216	1	0	0	10	0	0	0	0	0	0	31	0	0	0	212	1	0	0	1	0	0	0	0	0	0	4	0	0	0	10	0	0	0	0	0	0	0	0	0	0	0	0	0	0	31	0	0	0	208	1	0	0	1	0	0	0	0	0	0	4	0	0	0	1	0	0	0	0	0	0	0	0	0	0	0	0	0	0	4	0	0	0	10	0	0	0	0	0	0	0	0	0	0	0	0	0	0	0	0	0	0	0	0	0	0	31	0	0	0	204	1	0	0	1	0	0	0	0	0	0	4	0	0	0	1	0	0	0	0	0	0	0	0	0	0	0	0	0	0	4	0	0	0	1	0	0	0	0	0	0	0	0	0	0	0	0	0	0	0	0	0	0	0	0	0	0	4	0	0	0	10	0	0	0	0	0	0	0	0	0	0	0	0	0	0	0	0	0	0	0	0	0	0	0	0	0	0	0	0	0	0	31	0	0	0
493	484	28	14	27	475	11	0	19	28	14	27	8	0	12	19	64	21	54	19	466	11	0	18	11	0	19	8	0	11	18	28	0	38	18	28	14	27	0	0	0	10	3	0	0	0	8	0	12	19	64	21	54	19	457	11	0	18	11	0	18	8	0	10	18	28	0	36	18	11	0	19	0	0	0	10	1	0	0	0	8	0	11	18	28	0	38	18	28	14	27	0	0	0	0	2	0	0	0	0	0	0	10	3	0	0	0	8	0	12	19	64	21	54	19	448	11	0	18	11	0	18	8	0	10	18	28	0	36	18	11	0	18	0	0	0	10	1	0	0	0	8	0	10	18	28	0	36	18	11	0	19	0	0	0	0	0	0	0	0	0	0	0	10	1	0	0	0	8	0	11	18	28	0	38	18	28	14	27	0	0	0	0	4	0	0	0	0	0	0	0	2	0	0	0	0	0	0	10	3	0	0	0	8	0	12	19	64	21	54	19
822	807	50	36	82	792	23	0	63	50	36	82	24	0	109	53	119	72	246	34	777	22	0	44	23	0	63	22	0	100	18	60	0	189	18	50	36	82	8	0	7	48	6	0	0	69	24	0	109	53	119	72	246	34	762	22	0	44	22	0	44	22	0	70	18	59	0	132	18	23	0	63	8	0	4	48	3	0	0	55	22	0	100	18	60	0	189	18	50	36	82	3	0	0	0	7	0	0	0	8	0	7	48	6	0	0	69	24	0	109	53	119	72	246	34	747	22	0	44	22	0	44	22	0	70	18	59	0	132	18	22	0	44	8	0	0	48	3	0	0	55	22	0	70	18	59	0	132	18	23	0	63	3	0	0	0	4	0	0	0	8	0	4	48	3	0	0	55	22	0	100	18	60	0	189	18	50	36	82	6	0	0	0	11	0	0	0	3	0	0	0	7	0	0	0	8	0	7	48	6	0	0	69	24	0	109	53	119	72	246	34
533	523	31	23	24	513	10	16	11	31	23	24	8	0	12	11	71	47	24	34	503	10	16	10	10	16	11	8	0	11	10	24	40	11	18	31	23	24	0	0	0	10	3	0	0	0	8	0	12	11	71	47	24	34	493	10	16	10	10	16	10	8	0	10	10	24	40	10	18	10	16	11	0	0	0	10	1	0	0	0	8	0	11	10	24	40	11	18	31	23	24	0	0	0	0	1	0	0	0	0	0	0	10	3	0	0	0	8	0	12	11	71	47	24	34	483	10	16	10	10	16	10	8	0	10	10	24	40	10	18	10	16	10	0	0	0	10	1	0	0	0	8	0	10	10	24	40	10	18	10	16	11	0	0	0	0	0	0	0	0	0	0	0	10	1	0	0	0	8	0	11	10	24	40	11	18	31	23	24	0	0	0	0	2	0	0	0	0	0	0	0	1	0	0	0	0	0	0	10	3	0	0	0	8	0	12	11	71	47	24	34
901	884	60	92	39	867	25	52	15	60	92	39	26	52	26	23	139	243	156	65	850	22	52	10	25	52	15	18	52	19	10	64	143	60	18	60	92	39	8	0	7	10	5	22	0	0	26	52	26	23	139	243	156	65	833	22	52	10	22	52	10	18	52	10	10	59	143	40	18	25	52	15	8	0	4	10	3	13	0	0	18	52	19	10	64	143	60	18	60	92	39	3	0	0	0	9	0	0	0	8	0	7	10	5	22	0	0	26	52	26	23	139	243	156	65	816	22	52	10	22	52	10	18	52	10	10	59	143	40	18	22	52	10	8	0	0	10	3	13	0	0	18	52	10	10	59	143	40	18	25	52	15	3	0	0	0	4	0	0	0	8	0	4	10	3	13	0	0	18	52	19	10	64	143	60	18	60	92	39	6	0	0	0	13	0	0	0	3	0	0	0	9	0	0	0	8	0	7	10	5	22	0	0	26	52	26	23	139	243	156	65
779	764	61	79	6	749	24	50	0	61	79	6	24	40	0	0	122	203	30	19	734	23	50	0	24	50	0	20	40	0	0	59	120	0	18	61	79	6	8	0	0	0	6	5	0	0	24	40	0	0	122	203	30	19	719	23	50	0	23	50	0	20	40	0	0	58	120	0	18	24	50	0	8	0	0	0	2	0	0	0	20	40	0	0	59	120	0	18	61	79	6	3	0	0	0	13	0	0	0	8	0	0	0	6	5	0	0	24	40	0	0	122	203	30	19	704	23	50	0	23	50	0	20	40	0	0	58	120	0	18	23	50	0	8	0	0	0	2	0	0	0	20	40	0	0	58	120	0	18	24	50	0	3	0	0	0	3	0	0	0	8	0	0	0	2	0	0	0	20	40	0	0	59	120	0	18	61	79	6	4	0	0	0	16	0	0	0	3	0	0	0	13	0	0	0	8	0	0	0	6	5	0	0	24	40	0	0	122	203	30	19
755	741	43	13	95	727	26	0	50	43	13	95	28	0	20	62	88	13	95	178	713	25	0	49	26	0	50	24	0	20	58	66	0	50	108	43	13	95	10	0	0	11	7	0	0	0	28	0	20	62	88	13	95	178	699	24	0	36	25	0	49	24	0	20	52	65	0	49	82	26	0	50	9	0	0	10	3	0	0	0	24	0	20	58	66	0	50	108	43	13	95	6	0	0	34	16	13	0	54	10	0	0	11	7	0	0	0	28	0	20	62	88	13	95	178	685	22	0	36	24	0	36	22	0	0	52	61	0	36	82	25	0	49	9	0	0	10	3	0	0	0	24	0	20	52	65	0	49	82	26	0	50	4	0	0	34	6	0	0	24	9	0	0	10	3	0	0	0	24	0	20	58	66	0	50	108	43	13	95	7	0	0	0	17	26	0	0	6	0	0	34	16	13	0	54	10	0	0	11	7	0	0	0	28	0	20	62	88	13	95	178
754	740	51	24	81	726	33	0	44	51	24	81	38	0	29	41	106	24	162	154	712	32	0	39	33	0	44	34	0	27	33	83	0	88	97	51	24	81	10	0	0	34	9	0	0	0	38	0	29	41	106	24	162	154	698	31	0	12	32	0	39	34	0	24	12	82	0	78	72	33	0	44	9	0	0	0	5	0	0	0	34	0	27	33	83	0	88	97	51	24	81	6	0	0	24	17	12	0	123	10	0	0	34	9	0	0	0	38	0	29	41	106	24	162	154	684	29	0	12	31	0	12	32	0	0	12	78	0	24	72	32	0	39	9	0	0	0	5	0	0	0	34	0	24	12	82	0	78	72	33	0	44	4	0	0	24	6	0	0	79	9	0	0	0	5	0	0	0	34	0	27	33	83	0	88	97	51	24	81	9	0	0	0	19	24	0	0	6	0	0	24	17	12	0	123	10	0	0	34	9	0	0	0	38	0	29	41	106	24	162	154
1074	1053	84	158	60	1032	42	116	31	84	158	60	44	181	29	28	180	397	180	127	1011	40	108	28	42	116	31	38	166	27	22	102	326	93	78	84	158	60	15	112	0	12	19	14	0	0	44	181	29	28	180	397	180	127	990	36	105	12	40	108	28	38	158	24	12	98	306	84	54	42	116	31	5	107	0	0	11	13	0	0	38	166	27	22	102	326	93	78	84	158	60	14	40	0	24	19	49	0	54	15	112	0	12	19	14	0	0	44	181	29	28	180	397	180	127	969	31	101	12	36	105	12	27	156	0	12	85	300	36	54	40	108	28	5	104	0	0	11	13	0	0	38	158	24	12	98	306	84	54	42	116	31	3	39	0	24	5	39	0	24	5	107	0	0	11	13	0	0	38	166	27	22	102	326	93	78	84	158	60	8	43	0	0	23	59	0	0	14	40	0	24	19	49	0	54	15	112	0	12	19	14	0	0	44	181	29	28	180	397	180	127
958	940	57	81	100	922	33	29	85	57	81	100	34	48	69	14	114	110	400	45	904	32	17	85	33	29	85	33	0	69	14	82	46	340	15	57	81	100	11	0	0	0	10	12	100	0	34	48	69	14	114	110	400	45	886	30	17	83	32	17	85	32	0	69	12	81	34	340	10	33	29	85	9	0	0	0	6	0	85	0	33	0	69	14	82	46	340	15	57	81	100	6	0	0	24	16	24	0	0	11	0	0	0	10	12	100	0	34	48	69	14	114	110	400	45	868	28	17	82	30	17	83	30	0	69	12	76	34	332	10	32	17	85	9	0	0	0	6	0	85	0	32	0	69	12	81	34	340	10	33	29	85	4	0	0	24	6	0	0	0	9	0	0	0	6	0	85	0	33	0	69	14	82	46	340	15	57	81	100	7	0	0	16	17	24	0	0	6	0	0	24	16	24	0	0	11	0	0	0	10	12	100	0	34	48	69	14	114	110	400	45
967	949	65	65	114	931	38	0	108	65	65	114	46	0	115	14	123	104	570	6	913	34	0	108	38	0	108	36	0	115	14	88	0	540	0	65	65	114	18	0	13	0	12	26	0	0	46	0	115	14	123	104	570	6	895	30	0	96	34	0	108	33	0	115	12	84	0	540	0	38	0	108	10	0	13	0	7	0	0	0	36	0	115	14	88	0	540	0	65	65	114	10	0	0	24	20	52	0	54	18	0	13	0	12	26	0	0	46	0	115	14	123	104	570	6	877	27	0	95	30	0	96	29	0	95	12	74	0	480	0	34	0	108	9	0	13	0	7	0	0	0	33	0	115	12	84	0	540	0	38	0	108	5	0	0	24	10	0	0	24	10	0	13	0	7	0	0	0	36	0	115	14	88	0	540	0	65	65	114	12	0	0	16	19	39	0	0	10	0	0	24	20	52	0	54	18	0	13	0	12	26	0	0	46	0	115	14	123	104	570	6
891	874	56	44	132	857	37	16	90	56	44	132	49	0	109	97	108	60	264	274	840	32	16	90	37	16	90	33	0	96	97	84	32	180	224	56	44	132	18	0	24	0	9	16	0	0	49	0	109	97	108	60	264	274	823	28	16	90	32	16	90	30	0	96	97	77	32	180	221	37	16	90	10	0	24	0	8	16	0	0	33	0	96	97	84	32	180	224	56	44	132	10	0	0	0	10	0	0	0	18	0	24	0	9	16	0	0	49	0	109	97	108	60	264	274	806	24	16	90	28	16	90	26	0	96	97	67	32	180	191	32	16	90	9	0	24	0	8	16	0	0	30	0	96	97	77	32	180	221	37	16	90	5	0	0	0	10	0	0	0	10	0	24	0	8	16	0	0	33	0	96	97	84	32	180	224	56	44	132	9	0	10	0	9	0	0	0	10	0	0	0	10	0	0	0	18	0	24	0	9	16	0	0	49	0	109	97	108	60	264	274
1001	982	54	51	153	963	36	33	119	54	51	153	39	33	95	107	103	51	153	214	944	29	16	119	36	33	119	26	16	82	107	80	33	119	193	54	51	153	10	16	63	0	11	0	153	0	39	33	95	107	103	51	153	214	925	21	0	119	29	16	119	17	0	82	107	65	16	119	193	36	33	119	3	0	63	0	11	0	119	0	26	16	82	107	80	33	119	193	54	51	153	7	0	46	0	12	0	153	0	10	16	63	0	11	0	153	0	39	33	95	107	103	51	153	214	906	18	0	104	21	0	119	13	0	82	67	47	0	119	179	29	16	119	2	0	63	0	11	0	119	0	17	0	82	107	65	16	119	193	36	33	119	2	0	46	0	9	0	119	0	3	0	63	0	11	0	119	0	26	16	82	107	80	33	119	193	54	51	153	9	0	0	40	9	0	0	54	7	0	46	0	12	0	153	0	10	16	63	0	11	0	153	0	39	33	95	107	103	51	153	214
908	890	82	125	35	872	48	94	22	82	125	35	56	105	60	0	165	284	105	114	854	39	80	22	48	94	22	39	76	60	0	108	230	66	108	82	125	35	18	52	54	0	23	45	35	0	56	105	60	0	165	284	105	114	836	32	62	22	39	80	22	33	56	60	0	90	205	66	108	48	94	22	5	7	54	0	14	42	22	0	39	76	60	0	108	230	66	108	82	125	35	12	34	10	0	17	54	70	0	18	52	54	0	23	45	35	0	56	105	60	0	165	284	105	114	818	27	50	22	32	62	22	22	39	60	0	72	156	66	96	39	80	22	5	0	54	0	14	42	22	0	33	56	60	0	90	205	66	108	48	94	22	1	11	10	0	8	47	44	0	5	7	54	0	14	42	22	0	39	76	60	0	108	230	66	108	82	125	35	11	61	0	0	15	39	35	0	12	34	10	0	17	54	70	0	18	52	54	0	23	45	35	0	56	105	60	0	165	284	105	114
982	963	69	92	103	944	48	75	37	69	92	103	53	58	12	58	156	196	103	450	925	44	73	35	48	75	37	47	56	0	54	116	174	37	318	69	92	103	25	27	9	14	19	17	0	0	53	58	12	58	156	196	103	450	906	32	57	31	44	73	35	40	54	0	48	107	168	35	309	48	75	37	9	14	9	8	12	15	0	0	47	56	0	54	116	174	37	318	69	92	103	16	43	54	20	15	45	103	0	25	27	9	14	19	17	0	0	53	58	12	58	156	196	103	450	887	23	28	6	32	57	31	25	26	0	0	78	110	31	239	44	73	35	8	13	9	0	12	14	0	0	40	54	0	48	107	168	35	309	48	75	37	4	15	54	0	10	42	37	0	9	14	9	8	12	15	0	0	47	56	0	54	116	174	37	318	69	92	103	13	43	50	18	13	45	206	82	16	43	54	20	15	45	103	0	25	27	9	14	19	17	0	0	53	58	12	58	156	196	103	450
750	735	62	70	47	720	39	54	0	62	70	47	42	72	12	0	136	146	47	355	705	36	54	0	39	54	0	36	72	0	0	101	126	0	268	62	70	47	20	0	0	0	12	13	0	0	42	72	12	0	136	146	47	355	690	32	54	0	36	54	0	33	72	0	0	97	126	0	260	39	54	0	12	0	0	0	7	9	0	0	36	72	0	0	101	126	0	268	62	70	47	10	0	0	0	14	0	0	0	20	0	0	0	12	13	0	0	42	72	12	0	136	146	47	355	675	28	54	0	32	54	0	29	72	0	0	87	126	0	203	36	54	0	11	0	0	0	7	9	0	0	33	72	0	0	97	126	0	260	39	54	0	5	0	0	0	10	0	0	0	12	0	0	0	7	9	0	0	36	72	0	0	101	126	0	268	62	70	47	9	0	10	0	15	0	0	0	10	0	0	0	14	0	0	0	20	0	0	0	12	13	0	0	42	72	12	0	136	146	47	355
876	859	43	31	139	842	31	16	69	43	31	139	25	0	53	144	87	47	139	470	825	26	16	56	31	16	69	20	0	24	94	68	32	69	268	43	31	139	4	0	43	13	11	16	0	100	25	0	53	144	87	47	139	470	808	23	16	56	26	16	56	16	0	24	94	56	32	56	266	31	16	69	3	0	0	13	10	16	0	85	20	0	24	94	68	32	69	268	43	31	139	2	0	33	0	8	0	0	0	4	0	43	13	11	16	0	100	25	0	53	144	87	47	139	470	791	22	16	56	23	16	56	14	0	24	94	48	32	56	262	26	16	56	2	0	0	13	10	16	0	85	16	0	24	94	56	32	56	266	31	16	69	2	0	0	0	8	0	0	0	3	0	0	13	10	16	0	85	20	0	24	94	68	32	69	268	43	31	139	7	0	13	0	6	0	0	0	2	0	33	0	8	0	0	0	4	0	43	13	11	16	0	100	25	0	53	144	87	47	139	470
512	502	29	17	44	492	18	9	20	29	17	44	12	0	37	36	57	26	44	167	482	15	9	20	18	9	20	8	0	24	36	39	18	20	112	29	17	44	3	0	14	0	9	9	0	0	12	0	37	36	57	26	44	167	472	14	9	20	15	9	20	6	0	24	36	32	18	20	112	18	9	20	2	0	0	0	8	9	0	0	8	0	24	36	39	18	20	112	29	17	44	1	0	7	0	5	0	0	0	3	0	14	0	9	9	0	0	12	0	37	36	57	26	44	167	462	14	9	20	14	9	20	6	0	24	36	29	18	20	112	15	9	20	2	0	0	0	8	9	0	0	6	0	24	36	32	18	20	112	18	9	20	1	0	0	0	5	0	0	0	2	0	0	0	8	9	0	0	8	0	24	36	39	18	20	112	29	17	44	5	0	0	0	3	0	0	0	1	0	7	0	5	0	0	0	3	0	14	0	9	9	0	0	12	0	37	36	57	26	44	167
356	349	16	6	23	342	6	6	20	16	6	23	2	0	30	36	28	12	0	0	335	6	6	20	6	6	20	2	0	24	36	10	12	0	0	16	6	23	1	0	0	0	3	0	0	0	2	0	30	36	28	12	0	0	328	6	6	20	6	6	20	2	0	24	36	10	12	0	0	6	6	20	1	0	0	0	3	0	0	0	2	0	24	36	10	12	0	0	16	6	23	0	0	0	0	0	0	0	0	1	0	0	0	3	0	0	0	2	0	30	36	28	12	0	0	321	6	6	20	6	6	20	2	0	24	36	10	12	0	0	6	6	20	1	0	0	0	3	0	0	0	2	0	24	36	10	12	0	0	6	6	20	0	0	0	0	0	0	0	0	1	0	0	0	3	0	0	0	2	0	24	36	10	12	0	0	16	6	23	0	0	0	0	0	0	0	0	0	0	0	0	0	0	0	0	1	0	0	0	3	0	0	0	2	0	30	36	28	12	0	0
415	407	19	7	34	399	8	0	31	19	7	34	2	0	63	36	36	7	34	0	391	8	0	31	8	0	31	2	0	57	36	16	0	31	0	19	7	34	2	0	0	0	5	0	0	0	2	0	63	36	36	7	34	0	383	8	0	31	8	0	31	2	0	57	36	16	0	31	0	8	0	31	2	0	0	0	5	0	0	0	2	0	57	36	16	0	31	0	19	7	34	0	0	0	0	1	0	0	0	2	0	0	0	5	0	0	0	2	0	63	36	36	7	34	0	375	8	0	31	8	0	31	2	0	57	36	16	0	31	0	8	0	31	2	0	0	0	5	0	0	0	2	0	57	36	16	0	31	0	8	0	31	0	0	0	0	1	0	0	0	2	0	0	0	5	0	0	0	2	0	57	36	16	0	31	0	19	7	34	0	0	0	0	0	0	0	0	0	0	0	0	1	0	0	0	2	0	0	0	5	0	0	0	2	0	63	36	36	7	34	0
649	636	42	54	33	623	20	31	23	42	54	33	10	21	70	36	84	115	99	35	610	17	30	23	20	31	23	6	20	57	36	44	62	69	22	42	54	33	5	10	14	0	10	10	0	0	10	21	70	36	84	115	99	35	597	16	30	23	17	30	23	4	20	57	36	37	60	69	22	20	31	23	4	10	0	0	9	10	0	0	6	20	57	36	44	62	69	22	42	54	33	1	0	7	0	6	0	0	0	5	10	14	0	10	10	0	0	10	21	70	36	84	115	99	35	584	16	30	23	16	30	23	4	20	57	36	34	60	69	22	17	30	23	4	10	0	0	9	10	0	0	4	20	57	36	37	60	69	22	20	31	23	1	0	0	0	6	0	0	0	4	10	0	0	9	10	0	0	6	20	57	36	44	62	69	22	42	54	33	5	0	0	0	3	0	0	0	1	0	7	0	6	0	0	0	5	10	14	0	10	10	0	0	10	21	70	36	84	115	99	35
801	785	40	42	109	769	18	29	61	40	42	109	13	0	49	134	86	71	109	250	753	15	28	33	18	29	61	7	0	42	82	44	58	61	143	40	42	109	6	14	10	56	11	28	0	188	13	0	49	134	86	71	109	250	737	14	28	33	15	28	33	5	0	10	82	36	56	33	130	18	29	61	4	14	7	56	10	28	0	141	7	0	42	82	44	58	61	143	40	42	109	1	0	0	0	9	14	0	0	6	14	10	56	11	28	0	188	13	0	49	134	86	71	109	250	721	14	28	33	14	28	33	5	0	10	82	33	56	33	130	15	28	33	4	14	0	56	10	28	0	141	5	0	10	82	36	56	33	130	18	29	61	1	0	0	0	6	14	0	0	4	14	7	56	10	28	0	141	7	0	42	82	44	58	61	143	40	42	109	6	0	0	0	6	0	0	0	1	0	0	0	9	14	0	0	6	14	10	56	11	28	0	188	13	0	49	134	86	71	109	250
508	498	27	16	52	488	12	0	38	27	16	52	2	0	12	97	57	16	104	33	478	12	0	33	12	0	38	2	0	12	82	30	0	76	23	27	16	52	6	0	0	56	9	0	0	0	2	0	12	97	57	16	104	33	468	12	0	33	12	0	33	2	0	10	82	30	0	66	23	12	0	38	6	0	0	56	9	0	0	0	2	0	12	82	30	0	76	23	27	16	52	0	0	0	0	7	0	0	0	6	0	0	56	9	0	0	0	2	0	12	97	57	16	104	33	458	12	0	33	12	0	33	2	0	10	82	30	0	66	23	12	0	33	6	0	0	56	9	0	0	0	2	0	10	82	30	0	66	23	12	0	38	0	0	0	0	4	0	0	0	6	0	0	56	9	0	0	0	2	0	12	82	30	0	76	23	27	16	52	2	0	0	0	3	0	0	0	0	0	0	0	7	0	0	0	6	0	0	56	9	0	0	0	2	0	12	97	57	16	104	33
608	596	33	32	44	584	10	0	42	33	32	44	0	0	56	22	67	64	176	0	572	10	0	38	10	0	42	0	0	56	22	26	0	168	0	33	32	44	5	0	0	38	10	0	0	0	0	0	56	22	67	64	176	0	560	10	0	38	10	0	38	0	0	46	22	26	0	152	0	10	0	42	5	0	0	38	10	0	0	0	0	0	56	22	26	0	168	0	33	32	44	0	0	0	0	11	0	0	0	5	0	0	38	10	0	0	0	0	0	56	22	67	64	176	0	548	10	0	38	10	0	38	0	0	46	22	26	0	152	0	10	0	38	5	0	0	38	10	0	0	0	0	0	46	22	26	0	152	0	10	0	42	0	0	0	0	5	0	0	0	5	0	0	38	10	0	0	0	0	0	56	22	26	0	168	0	33	32	44	6	0	0	0	7	0	0	0	0	0	0	0	11	0	0	0	5	0	0	38	10	0	0	0	0	0	56	22	67	64	176	0
629	616	49	59	7	603	19	39	0	49	59	7	14	0	0	0	105	153	28	33	590	17	36	0	19	39	0	10	0	0	0	46	108	0	23	49	59	7	11	27	0	0	10	18	0	0	14	0	0	0	105	153	28	33	577	16	36	0	17	36	0	8	0	0	0	41	99	0	23	19	39	0	9	27	0	0	9	18	0	0	10	0	0	0	46	108	0	23	49	59	7	4	0	0	0	11	9	0	0	11	27	0	0	10	18	0	0	14	0	0	0	105	153	28	33	564	16	36	0	16	36	0	8	0	0	0	38	99	0	23	17	36	0	9	27	0	0	9	18	0	0	8	0	0	0	41	99	0	23	19	39	0	4	0	0	0	5	9	0	0	9	27	0	0	9	18	0	0	10	0	0	0	46	108	0	23	49	59	7	14	0	0	0	10	0	0	0	4	0	0	0	11	9	0	0	11	27	0	0	10	18	0	0	14	0	0	0	105	153	28	33
354	347	24	12	0	340	9	0	0	24	12	0	0	0	0	0	51	16	0	0	333	9	0	0	9	0	0	0	0	0	0	24	0	0	0	24	12	0	5	0	0	0	8	0	0	0	0	0	0	0	51	16	0	0	326	9	0	0	9	0	0	0	0	0	0	24	0	0	0	9	0	0	5	0	0	0	8	0	0	0	0	0	0	0	24	0	0	0	24	12	0	0	0	0	0	7	0	0	0	5	0	0	0	8	0	0	0	0	0	0	0	51	16	0	0	319	9	0	0	9	0	0	0	0	0	0	24	0	0	0	9	0	0	5	0	0	0	8	0	0	0	0	0	0	0	24	0	0	0	9	0	0	0	0	0	0	4	0	0	0	5	0	0	0	8	0	0	0	0	0	0	0	24	0	0	0	24	12	0	2	0	0	0	3	0	0	0	0	0	0	0	7	0	0	0	5	0	0	0	8	0	0	0	0	0	0	0	51	16	0	0
744	729	48	27	94	714	30	14	50	48	27	94	24	0	11	74	111	67	94	212	699	28	14	46	30	14	50	20	0	10	70	73	28	50	141	48	27	94	22	0	0	37	19	28	0	0	24	0	11	74	111	67	94	212	684	24	14	19	28	14	46	18	0	7	39	68	28	46	104	30	14	50	11	0	0	0	15	28	0	0	20	0	10	70	73	28	50	141	48	27	94	14	0	0	38	19	53	0	188	22	0	0	37	19	28	0	0	24	0	11	74	111	67	94	212	669	20	13	19	24	14	19	9	0	0	39	56	28	19	104	28	14	46	11	0	0	0	15	28	0	0	18	0	7	39	68	28	46	104	30	14	50	4	0	0	38	9	14	0	141	11	0	0	0	15	28	0	0	20	0	10	70	73	28	50	141	48	27	94	23	13	11	0	17	39	0	0	14	0	0	38	19	53	0	188	22	0	0	37	19	28	0	0	24	0	11	74	111	67	94	212
587	575	37	30	37	563	17	21	11	37	30	37	12	0	0	11	85	84	37	103	551	15	20	11	17	21	11	8	0	0	11	40	75	11	80	37	30	37	11	10	0	0	10	20	0	0	12	0	0	11	85	84	37	103	539	14	20	9	15	20	11	6	0	0	9	35	70	11	71	17	21	11	9	10	0	0	8	20	0	0	8	0	0	11	40	75	11	80	37	30	37	4	0	0	18	14	10	0	0	11	10	0	0	10	20	0	0	12	0	0	11	85	84	37	103	527	14	19	9	14	20	9	6	0	0	9	32	70	9	71	15	20	11	9	10	0	0	8	20	0	0	6	0	0	9	35	70	11	71	17	21	11	4	0	0	18	5	10	0	0	9	10	0	0	8	20	0	0	8	0	0	11	40	75	11	80	37	30	37	17	9	0	0	14	0	0	0	4	0	0	18	14	10	0	0	11	10	0	0	10	20	0	0	12	0	0	11	85	84	37	103
548	537	32	18	39	526	16	0	21	32	18	39	6	0	20	11	77	27	78	51	515	16	0	21	16	0	21	6	0	20	11	39	0	42	42	32	18	39	10	0	0	0	14	0	0	0	6	0	20	11	77	27	78	51	504	16	0	18	16	0	21	6	0	20	9	39	0	42	38	16	0	21	10	0	0	0	10	0	0	0	6	0	20	11	39	0	42	42	32	18	39	4	0	0	27	16	0	0	0	10	0	0	0	14	0	0	0	6	0	20	11	77	27	78	51	493	16	0	18	16	0	18	6	0	18	9	39	0	36	38	16	0	21	10	0	0	0	10	0	0	0	6	0	20	9	39	0	42	38	16	0	21	4	0	0	27	6	0	0	0	10	0	0	0	10	0	0	0	6	0	20	11	39	0	42	42	32	18	39	18	0	0	0	14	0	0	0	4	0	0	27	16	0	0	0	10	0	0	0	14	0	0	0	6	0	20	11	77	27	78	51
691	677	57	49	55	663	32	13	45	57	49	55	30	0	59	21	128	107	220	44	649	29	13	41	32	13	45	24	0	58	18	74	26	180	42	57	49	55	18	0	14	34	24	26	0	0	30	0	59	21	128	107	220	44	635	25	13	18	29	13	41	22	0	53	9	67	26	164	38	32	13	45	7	0	14	0	13	26	0	0	24	0	58	18	74	26	180	42	57	49	55	20	0	0	27	23	40	0	138	18	0	14	34	24	26	0	0	30	0	59	21	128	107	220	44	621	20	9	18	25	13	18	13	0	18	9	55	26	72	38	29	13	41	7	0	13	0	12	26	0	0	22	0	53	9	67	26	164	38	32	13	45	7	0	0	27	8	13	0	59	7	0	14	0	13	26	0	0	24	0	58	18	74	26	180	42	57	49	55	24	36	11	0	22	36	0	0	20	0	0	27	23	40	0	138	18	0	14	34	24	26	0	0	30	0	59	21	128	107	220	44
796	779	70	113	5	762	33	82	0	70	113	5	24	76	0	0	156	261	25	7	745	31	76	0	33	82	0	20	72	0	0	82	186	0	0	70	113	5	17	64	0	0	30	20	0	0	24	76	0	0	156	261	25	7	728	26	72	0	31	76	0	18	64	0	0	77	170	0	0	33	82	0	4	64	0	0	15	20	0	0	20	72	0	0	82	186	0	0	70	113	5	19	40	0	0	22	35	0	0	17	64	0	0	30	20	0	0	24	76	0	0	156	261	25	7	711	19	60	0	26	72	0	7	60	0	0	62	162	0	0	31	76	0	4	60	0	0	15	20	0	0	18	64	0	0	77	170	0	0	33	82	0	2	40	0	0	9	20	0	0	4	64	0	0	15	20	0	0	20	72	0	0	82	186	0	0	70	113	5	17	70	0	0	23	56	0	0	19	40	0	0	22	35	0	0	17	64	0	0	30	20	0	0	24	76	0	0	156	261	25	7
586	574	47	20	62	562	30	0	36	47	20	62	30	0	27	34	114	40	124	99	550	27	0	36	30	0	36	24	0	26	34	71	0	72	66	47	20	62	17	0	0	0	23	30	0	0	30	0	27	34	114	40	124	99	538	23	0	35	27	0	36	22	0	26	33	61	0	72	62	30	0	36	6	0	0	0	11	0	0	0	24	0	26	34	71	0	72	66	47	20	62	19	0	0	13	12	10	0	0	17	0	0	0	23	30	0	0	30	0	27	34	114	40	124	99	526	15	0	20	23	0	35	13	0	25	18	50	0	70	36	27	0	36	6	0	0	0	11	0	0	0	22	0	26	33	61	0	72	62	30	0	36	6	0	0	0	9	0	0	0	6	0	0	0	11	0	0	0	24	0	26	34	71	0	72	66	47	20	62	10	0	34	20	15	0	0	103	19	0	0	13	12	10	0	0	17	0	0	0	23	30	0	0	30	0	27	34	114	40	124	99
584	572	49	32	38	560	30	0	31	49	32	38	30	0	12	20	129	72	152	5	548	27	0	31	30	0	31	24	0	12	20	76	0	124	0	49	32	38	17	0	0	0	22	24	0	0	30	0	12	20	129	72	152	5	536	23	0	31	27	0	31	22	0	12	20	66	0	124	0	30	0	31	6	0	0	0	11	0	0	0	24	0	12	20	76	0	124	0	49	32	38	18	0	0	0	11	8	0	0	17	0	0	0	22	24	0	0	30	0	12	20	129	72	152	5	524	17	0	29	23	0	31	13	0	12	18	55	0	124	0	27	0	31	6	0	0	0	11	0	0	0	22	0	12	20	66	0	124	0	30	0	31	6	0	0	0	8	0	0	0	6	0	0	0	11	0	0	0	24	0	12	20	76	0	124	0	49	32	38	10	0	10	20	15	0	0	0	18	0	0	0	11	8	0	0	17	0	0	0	22	24	0	0	30	0	12	20	129	72	152	5
948	928	84	136	68	908	52	97	38	84	136	68	49	117	28	36	212	266	204	154	888	44	88	37	52	97	38	36	117	27	34	140	201	114	95	84	136	68	20	90	39	10	36	62	0	0	49	117	28	36	212	266	204	154	868	38	49	33	44	88	37	26	90	27	27	113	174	111	87	52	97	38	12	0	39	7	20	26	0	0	36	117	27	34	140	201	114	95	84	136	68	20	90	39	34	20	42	204	0	20	90	39	10	36	62	0	0	49	117	28	36	212	266	204	154	848	25	16	10	38	49	33	19	0	26	0	95	69	99	37	44	88	37	9	0	39	0	20	26	0	0	26	90	27	27	113	174	111	87	52	97	38	10	0	37	0	13	26	114	0	12	0	39	7	20	26	0	0	36	117	27	34	140	201	114	95	84	136	68	15	48	99	30	25	51	204	138	20	90	39	34	20	42	204	0	20	90	39	10	36	62	0	0	49	117	28	36	212	266	204	154
482	472	38	17	32	462	23	9	0	38	17	32	21	0	0	0	88	25	32	136	452	22	9	0	23	9	0	19	0	0	0	55	9	0	77	38	17	32	16	0	0	0	21	8	0	0	21	0	0	0	88	25	32	136	442	19	9	0	22	9	0	19	0	0	0	52	9	0	73	23	9	0	7	0	0	0	9	0	0	0	19	0	0	0	55	9	0	77	38	17	32	18	0	0	0	11	0	0	0	16	0	0	0	21	8	0	0	21	0	0	0	88	25	32	136	432	11	9	0	19	9	0	10	0	0	0	43	9	0	45	22	9	0	7	0	0	0	9	0	0	0	19	0	0	0	52	9	0	73	23	9	0	6	0	0	0	7	0	0	0	7	0	0	0	9	0	0	0	19	0	0	0	55	9	0	77	38	17	32	7	0	28	0	10	0	0	0	18	0	0	0	11	0	0	0	16	0	0	0	21	8	0	0	21	0	0	0	88	25	32	136
649	635	60	71	14	621	33	49	0	60	71	14	34	40	0	0	144	158	42	60	607	29	49	0	33	49	0	24	40	0	0	82	118	0	45	60	71	14	19	0	0	0	30	30	0	0	34	40	0	0	144	158	42	60	593	24	44	0	29	49	0	22	40	0	0	70	118	0	41	33	49	0	6	0	0	0	13	10	0	0	24	40	0	0	82	118	0	45	60	71	14	18	36	0	0	17	15	0	0	19	0	0	0	30	30	0	0	34	40	0	0	144	158	42	60	579	15	36	0	24	44	0	11	36	0	0	56	107	0	18	29	49	0	6	0	0	0	13	10	0	0	22	40	0	0	70	118	0	41	33	49	0	4	18	0	0	10	9	0	0	6	0	0	0	13	10	0	0	24	40	0	0	82	118	0	45	60	71	14	11	18	19	0	19	30	14	0	18	36	0	0	17	15	0	0	19	0	0	0	30	30	0	0	34	40	0	0	144	158	42	60
764	748	61	41	100	732	34	13	53	61	41	100	37	26	68	67	168	162	200	214	716	27	0	52	34	13	53	27	0	65	65	87	39	106	105	61	41	100	10	0	58	14	14	0	100	0	37	26	68	67	168	162	200	214	700	20	0	52	27	0	52	14	0	65	65	66	0	104	104	34	13	53	5	0	26	14	14	0	53	0	27	0	65	65	87	39	106	105	61	41	100	4	0	67	0	7	0	0	0	10	0	58	14	14	0	100	0	37	26	68	67	168	162	200	214	684	20	0	51	20	0	52	14	0	65	63	55	0	104	99	27	0	52	5	0	26	13	14	0	52	0	14	0	65	65	66	0	104	104	34	13	53	4	0	28	0	6	0	0	0	5	0	26	14	14	0	53	0	27	0	65	65	87	39	106	105	61	41	100	8	0	0	13	14	0	0	0	4	0	67	0	7	0	0	0	10	0	58	14	14	0	100	0	37	26	68	67	168	162	200	214
517	506	50	34	21	495	24	10	13	50	34	21	26	0	26	0	134	112	84	38	484	20	10	13	24	10	13	16	0	26	0	65	40	52	31	50	34	21	7	0	0	0	15	10	0	0	26	0	26	0	134	112	84	38	473	19	10	13	20	10	13	14	0	26	0	53	40	52	31	24	10	13	5	0	0	0	10	10	0	0	16	0	26	0	65	40	52	31	50	34	21	2	0	0	0	6	0	0	0	7	0	0	0	15	10	0	0	26	0	26	0	134	112	84	38	462	19	10	13	19	10	13	14	0	26	0	51	40	52	31	20	10	13	5	0	0	0	10	10	0	0	14	0	26	0	53	40	52	31	24	10	13	2	0	0	0	3	0	0	0	5	0	0	0	10	10	0	0	16	0	26	0	65	40	52	31	50	34	21	3	0	0	0	6	0	0	0	2	0	0	0	6	0	0	0	7	0	0	0	15	10	0	0	26	0	26	0	134	112	84	38
778	761	86	103	34	744	46	78	0	86	103	34	49	91	0	0	217	328	68	182	727	38	60	0	46	78	0	37	55	0	0	129	232	0	105	86	103	34	22	16	30	0	30	61	68	0	49	91	0	0	217	328	68	182	710	31	52	0	38	60	0	28	39	0	0	107	172	0	104	46	78	0	10	0	0	0	17	52	0	0	37	55	0	0	129	232	0	105	86	103	34	28	0	36	0	17	38	34	0	22	16	30	0	30	61	68	0	49	91	0	0	217	328	68	182	693	25	49	0	31	52	0	20	39	0	0	88	156	0	99	38	60	0	10	0	0	0	17	52	0	0	28	39	0	0	107	172	0	104	46	78	0	8	0	0	0	8	36	0	0	10	0	0	0	17	52	0	0	37	55	0	0	129	232	0	105	86	103	34	18	36	0	0	18	76	0	0	28	0	36	0	17	38	34	0	22	16	30	0	30	61	68	0	49	91	0	0	217	328	68	182
424	415	50	15	24	406	30	8	0	50	15	24	35	0	0	0	137	67	24	120	397	23	8	0	30	8	0	25	0	0	0	80	32	0	69	50	15	24	7	0	30	0	18	8	0	0	35	0	0	0	137	67	24	120	388	18	8	0	23	8	0	14	0	0	0	59	32	0	68	30	8	0	5	0	0	0	13	8	0	0	25	0	0	0	80	32	0	69	50	15	24	4	0	36	0	9	0	0	0	7	0	30	0	18	8	0	0	35	0	0	0	137	67	24	120	379	18	8	0	18	8	0	14	0	0	0	50	32	0	64	23	8	0	5	0	0	0	13	8	0	0	14	0	0	0	59	32	0	68	30	8	0	4	0	0	0	6	0	0	0	5	0	0	0	13	8	0	0	25	0	0	0	80	32	0	69	50	15	24	8	0	0	0	12	0	0	0	4	0	36	0	9	0	0	0	7	0	30	0	18	8	0	0	35	0	0	0	137	67	24	120
413	404	47	27	0	395	24	15	0	47	27	0	26	0	0	0	129	76	0	0	386	20	14	0	24	15	0	16	0	0	0	68	44	0	0	47	27	0	6	7	0	0	15	7	0	0	26	0	0	0	129	76	0	0	377	19	14	0	20	14	0	14	0	0	0	56	42	0	0	24	15	0	4	7	0	0	10	7	0	0	16	0	0	0	68	44	0	0	47	27	0	2	0	0	0	6	0	0	0	6	7	0	0	15	7	0	0	26	0	0	0	129	76	0	0	368	19	14	0	19	14	0	14	0	0	0	54	42	0	0	20	14	0	4	7	0	0	10	7	0	0	14	0	0	0	56	42	0	0	24	15	0	2	0	0	0	3	0	0	0	4	7	0	0	10	7	0	0	16	0	0	0	68	44	0	0	47	27	0	3	0	0	0	6	0	0	0	2	0	0	0	6	0	0	0	6	7	0	0	15	7	0	0	26	0	0	0	129	76	0	0
507	496	35	19	43	485	18	10	31	35	19	43	13	0	10	26	86	19	43	21	474	18	10	31	18	10	31	13	0	10	26	48	10	31	13	35	19	43	5	0	0	0	6	0	0	0	13	0	10	26	86	19	43	21	463	18	10	31	18	10	31	13	0	10	26	48	10	31	13	18	10	31	5	0	0	0	6	0	0	0	13	0	10	26	48	10	31	13	35	19	43	2	0	0	0	0	0	0	0	5	0	0	0	6	0	0	0	13	0	10	26	86	19	43	21	452	18	10	31	18	10	31	13	0	10	26	48	10	31	13	18	10	31	5	0	0	0	6	0	0	0	13	0	10	26	48	10	31	13	18	10	31	2	0	0	0	0	0	0	0	5	0	0	0	6	0	0	0	13	0	10	26	48	10	31	13	35	19	43	0	0	0	0	0	0	0	0	2	0	0	0	0	0	0	0	5	0	0	0	6	0	0	0	13	0	10	26	86	19	43	21
701	686	57	44	75	671	30	0	45	57	44	75	24	0	69	40	140	110	300	155	656	28	0	44	30	0	45	20	0	38	39	82	0	180	66	57	44	75	7	0	23	13	13	0	0	0	24	0	69	40	140	110	300	155	641	28	0	44	28	0	44	20	0	36	39	79	0	176	65	30	0	45	7	0	14	13	12	0	0	0	20	0	38	39	82	0	180	66	57	44	75	6	0	0	0	8	0	0	0	7	0	23	13	13	0	0	0	24	0	69	40	140	110	300	155	626	28	0	44	28	0	44	20	0	36	39	79	0	176	65	28	0	44	7	0	13	13	12	0	0	0	20	0	36	39	79	0	176	65	30	0	45	6	0	0	0	5	0	0	0	7	0	14	13	12	0	0	0	20	0	38	39	82	0	180	66	57	44	75	8	0	0	0	15	0	0	0	6	0	0	0	8	0	0	0	7	0	23	13	13	0	0	0	24	0	69	40	140	110	300	155
615	601	44	63	20	587	16	45	10	44	63	20	9	36	10	0	107	124	40	21	573	16	45	10	16	45	10	9	36	10	0	47	99	20	13	44	63	20	5	0	0	0	6	0	0	0	9	36	10	0	107	124	40	21	559	16	45	10	16	45	10	9	36	10	0	47	99	20	13	16	45	10	5	0	0	0	6	0	0	0	9	36	10	0	47	99	20	13	44	63	20	2	0	0	0	1	0	0	0	5	0	0	0	6	0	0	0	9	36	10	0	107	124	40	21	545	16	45	10	16	45	10	9	36	10	0	47	99	20	13	16	45	10	5	0	0	0	6	0	0	0	9	36	10	0	47	99	20	13	16	45	10	2	0	0	0	0	0	0	0	5	0	0	0	6	0	0	0	9	36	10	0	47	99	20	13	44	63	20	0	0	0	0	2	0	0	0	2	0	0	0	1	0	0	0	5	0	0	0	6	0	0	0	9	36	10	0	107	124	40	21
458	448	39	27	25	438	17	9	24	39	27	25	15	0	40	14	89	45	75	0	428	16	9	23	17	9	24	13	0	38	13	43	9	72	0	39	27	25	4	0	15	13	4	0	0	0	15	0	40	14	89	45	75	0	418	16	9	23	16	9	23	13	0	36	13	42	9	69	0	17	9	24	4	0	14	13	4	0	0	0	13	0	38	13	43	9	72	0	39	27	25	2	0	0	0	2	0	0	0	4	0	15	13	4	0	0	0	15	0	40	14	89	45	75	0	408	16	9	23	16	9	23	13	0	36	13	42	9	69	0	16	9	23	4	0	13	13	4	0	0	0	13	0	36	13	42	9	69	0	17	9	24	2	0	0	0	0	0	0	0	4	0	14	13	4	0	0	0	13	0	38	13	43	9	72	0	39	27	25	0	0	0	0	4	0	0	0	2	0	0	0	2	0	0	0	4	0	15	13	4	0	0	0	15	0	40	14	89	45	75	0
935	914	85	153	53	893	38	96	14	85	153	53	36	115	59	14	202	439	265	179	872	32	92	13	38	96	14	22	109	28	13	111	271	70	66	85	153	53	6	62	23	13	19	63	0	0	36	115	59	14	202	439	265	179	851	32	90	13	32	92	13	22	105	26	13	98	260	65	65	38	96	14	6	60	14	13	10	60	0	0	22	109	28	13	111	271	70	66	85	153	53	4	30	0	0	14	0	0	0	6	62	23	13	19	63	0	0	36	115	59	14	202	439	265	179	830	32	90	13	32	90	13	22	105	26	13	98	255	65	65	32	92	13	6	60	13	13	10	60	0	0	22	105	26	13	98	260	65	65	38	96	14	4	30	0	0	5	0	0	0	6	60	14	13	10	60	0	0	22	109	28	13	111	271	70	66	85	153	53	8	0	0	0	18	0	0	0	4	30	0	0	14	0	0	0	6	62	23	13	19	63	0	0	36	115	59	14	202	439	265	179
726	710	59	41	105	694	33	15	64	59	41	105	29	0	75	85	139	99	210	173	678	33	15	60	33	15	64	29	0	72	82	92	60	128	93	59	41	105	11	0	0	44	16	0	0	0	29	0	75	85	139	99	210	173	662	32	15	49	33	15	60	29	0	62	79	92	60	120	90	33	15	64	9	0	0	13	7	0	0	0	29	0	72	82	92	60	128	93	59	41	105	10	0	0	13	11	13	0	68	11	0	0	44	16	0	0	0	29	0	75	85	139	99	210	173	646	30	15	49	32	15	49	27	0	31	79	89	60	98	90	33	15	60	9	0	0	13	7	0	0	0	29	0	62	79	92	60	120	90	33	15	64	6	0	0	13	4	0	0	38	9	0	0	13	7	0	0	0	29	0	72	82	92	60	128	93	59	41	105	10	0	0	0	17	26	0	0	10	0	0	13	11	13	0	68	11	0	0	44	16	0	0	0	29	0	75	85	139	99	210	173
687	672	61	36	92	657	37	0	58	61	36	92	32	0	85	87	147	60	276	153	642	37	0	33	37	0	58	32	0	80	42	106	0	174	83	61	36	92	12	0	0	44	21	0	0	134	32	0	85	87	147	60	276	153	627	36	0	22	37	0	33	32	0	62	39	106	0	99	80	37	0	58	10	0	0	13	11	0	0	53	32	0	80	42	106	0	174	83	61	36	92	10	0	0	13	13	12	0	68	12	0	0	44	21	0	0	134	32	0	85	87	147	60	276	153	612	34	0	22	36	0	22	30	0	31	39	103	0	66	80	37	0	33	10	0	0	13	11	0	0	52	32	0	62	39	106	0	99	80	37	0	58	6	0	0	13	6	0	0	38	10	0	0	13	11	0	0	53	32	0	80	42	106	0	174	83	61	36	92	13	0	0	0	22	24	0	0	10	0	0	13	13	12	0	68	12	0	0	44	21	0	0	134	32	0	85	87	147	60	276	153
620	606	52	45	52	592	26	33	9	52	45	52	24	22	18	0	125	114	52	216	578	26	33	9	26	33	9	24	22	18	0	75	99	9	124	52	45	52	9	0	0	0	13	0	0	0	24	22	18	0	125	114	52	216	564	26	33	9	26	33	9	24	22	18	0	75	99	9	121	26	33	9	9	0	0	0	7	0	0	0	24	22	18	0	75	99	9	124	52	45	52	6	0	0	0	8	0	0	0	9	0	0	0	13	0	0	0	24	22	18	0	125	114	52	216	550	26	33	9	26	33	9	24	22	18	0	75	99	9	121	26	33	9	9	0	0	0	7	0	0	0	24	22	18	0	75	99	9	121	26	33	9	6	0	0	0	2	0	0	0	9	0	0	0	7	0	0	0	24	22	18	0	75	99	9	124	52	45	52	5	0	0	0	12	0	0	0	6	0	0	0	8	0	0	0	9	0	0	0	13	0	0	0	24	22	18	0	125	114	52	216
774	756	83	118	33	738	38	74	23	83	118	33	34	114	60	0	194	347	165	53	720	35	72	23	38	74	23	28	108	60	0	102	257	115	14	83	118	33	12	24	0	0	23	21	0	0	34	114	60	0	194	347	165	53	702	33	72	22	35	72	23	26	108	60	0	95	252	115	13	38	74	23	8	24	0	0	7	0	0	0	28	108	60	0	102	257	115	14	83	118	33	10	0	0	13	10	14	0	0	12	24	0	0	23	21	0	0	34	114	60	0	194	347	165	53	684	31	72	20	33	72	22	24	108	57	0	89	252	110	13	35	72	23	8	24	0	0	7	0	0	0	26	108	60	0	95	252	115	13	38	74	23	6	0	0	11	4	0	0	0	8	24	0	0	7	0	0	0	28	108	60	0	102	257	115	14	83	118	33	7	0	0	22	15	14	0	0	10	0	0	13	10	14	0	0	12	24	0	0	23	21	0	0	34	114	60	0	194	347	165	53
780	762	84	116	44	744	42	80	21	84	116	44	46	54	49	16	198	333	176	128	726	38	77	10	42	80	21	38	54	47	0	118	266	84	59	84	116	44	21	39	0	30	29	47	0	34	46	54	49	16	198	333	176	128	708	35	73	0	38	77	10	38	51	30	0	108	256	40	57	42	80	21	9	36	0	0	10	36	0	0	38	54	47	0	118	266	84	59	84	116	44	21	49	0	0	17	32	0	68	21	39	0	30	29	47	0	34	46	54	49	16	198	333	176	128	690	30	68	0	35	73	0	30	48	0	0	96	243	0	57	38	77	10	9	36	0	0	10	36	0	0	38	51	30	0	108	256	40	57	42	80	21	2	48	0	0	5	24	0	38	9	36	0	0	10	36	0	0	38	54	47	0	118	266	84	59	84	116	44	13	44	0	0	22	52	0	0	21	49	0	0	17	32	0	68	21	39	0	30	29	47	0	34	46	54	49	16	198	333	176	128
674	659	48	14	132	644	38	0	72	48	14	132	39	0	0	125	124	28	132	326	629	34	0	69	38	0	72	31	0	0	119	103	0	72	175	48	14	132	10	0	0	45	9	14	0	0	39	0	0	125	124	28	132	326	614	32	0	64	34	0	69	29	0	0	108	93	0	69	135	38	0	72	6	0	0	42	5	0	0	0	31	0	0	119	103	0	72	175	48	14	132	8	0	0	61	4	0	0	0	10	0	0	45	9	14	0	0	39	0	0	125	124	28	132	326	599	28	0	50	32	0	64	27	0	0	75	87	0	64	102	34	0	69	6	0	0	39	5	0	0	0	29	0	0	108	93	0	69	135	38	0	72	4	0	0	28	4	0	0	0	6	0	0	42	5	0	0	0	31	0	0	119	103	0	72	175	48	14	132	3	0	24	56	8	0	0	68	8	0	0	61	4	0	0	0	10	0	0	45	9	14	0	0	39	0	0	125	124	28	132	326
744	727	51	69	94	710	34	42	74	51	69	94	36	39	10	50	130	121	188	77	693	30	30	74	34	42	74	29	15	10	50	93	69	148	44	51	69	94	10	0	10	0	13	12	94	0	36	39	10	50	130	121	188	77	676	28	30	74	30	30	74	27	15	10	50	83	45	148	33	34	42	74	6	0	10	0	5	0	74	0	29	15	10	50	93	69	148	44	51	69	94	8	0	0	0	4	0	0	0	10	0	10	0	13	12	94	0	36	39	10	50	130	121	188	77	659	25	30	73	28	30	74	25	15	10	49	77	45	148	22	30	30	74	6	0	10	0	5	0	74	0	27	15	10	50	83	45	148	33	34	42	74	4	0	0	0	4	0	0	0	6	0	10	0	5	0	74	0	29	15	10	50	93	69	148	44	51	69	94	3	0	8	13	7	0	0	0	8	0	0	0	4	0	0	0	10	0	10	0	13	12	94	0	36	39	10	50	130	121	188	77
801	783	64	73	108	765	45	41	97	64	73	108	44	82	0	53	156	178	216	33	747	36	13	97	45	41	97	40	26	0	53	113	110	194	23	64	73	108	7	26	71	0	12	13	216	0	44	82	0	53	156	178	216	33	729	33	0	94	36	13	97	36	0	0	44	85	39	194	23	45	41	97	5	0	71	0	8	0	194	0	40	26	0	53	113	110	194	23	64	73	108	4	0	20	30	4	0	108	0	7	26	71	0	12	13	216	0	44	82	0	53	156	178	216	33	711	29	0	72	33	0	94	32	0	0	13	78	0	188	22	36	13	97	3	0	71	0	8	0	194	0	36	0	0	44	85	39	194	23	45	41	97	0	0	20	0	2	0	97	0	5	0	71	0	8	0	194	0	40	26	0	53	113	110	194	23	64	73	108	5	0	26	96	11	0	0	68	4	0	20	30	4	0	108	0	7	26	71	0	12	13	216	0	44	82	0	53	156	178	216	33
825	806	79	103	87	787	56	76	42	79	103	87	59	45	0	59	199	231	174	274	768	50	74	40	56	76	42	51	45	0	55	155	177	84	166	79	103	87	22	24	20	16	30	12	0	0	59	45	0	59	199	231	174	274	749	43	58	26	50	74	40	45	41	0	30	138	171	80	126	56	76	42	10	0	20	0	16	0	0	0	51	45	0	55	155	177	84	166	79	103	87	20	48	38	48	11	30	87	34	22	24	20	16	30	12	0	0	59	45	0	59	199	231	174	274	730	31	32	5	43	58	26	33	17	0	0	117	123	52	93	50	74	40	8	0	20	0	16	0	0	0	45	41	0	30	138	171	80	126	56	76	42	4	0	38	0	5	28	42	0	10	0	20	0	16	0	0	0	51	45	0	55	155	177	84	166	79	103	87	10	30	88	25	16	60	174	82	20	48	38	48	11	30	87	34	22	24	20	16	30	12	0	0	59	45	0	59	199	231	174	274
551	538	55	55	27	525	35	37	0	55	55	27	36	38	0	0	138	114	54	169	512	31	36	0	35	37	0	28	36	0	0	95	81	0	102	55	55	27	9	9	0	0	15	7	0	0	36	38	0	0	138	114	54	169	499	29	36	0	31	36	0	26	36	0	0	85	81	0	66	35	37	0	5	9	0	0	5	0	0	0	28	36	0	0	95	81	0	102	55	55	27	8	0	0	0	5	0	0	0	9	9	0	0	15	7	0	0	36	38	0	0	138	114	54	169	486	26	36	0	29	36	0	24	36	0	0	79	81	0	44	31	36	0	5	9	0	0	5	0	0	0	26	36	0	0	85	81	0	66	35	37	0	4	0	0	0	4	0	0	0	5	9	0	0	5	0	0	0	28	36	0	0	95	81	0	102	55	55	27	3	0	8	0	8	0	0	0	8	0	0	0	5	0	0	0	9	9	0	0	15	7	0	0	36	38	0	0	138	114	54	169
518	506	47	29	61	494	30	11	16	47	29	61	29	0	49	10	112	45	122	316	482	27	11	16	30	11	16	25	0	10	10	71	0	32	213	47	29	61	1	0	25	0	6	0	0	0	29	0	49	10	112	45	122	316	470	25	11	16	27	11	16	23	0	10	10	62	0	32	211	30	11	16	1	0	0	0	6	0	0	0	25	0	10	10	71	0	32	213	47	29	61	0	0	24	0	2	0	0	0	1	0	25	0	6	0	0	0	29	0	49	10	112	45	122	316	458	25	11	16	25	11	16	23	0	10	10	56	0	32	194	27	11	16	1	0	0	0	6	0	0	0	23	0	10	10	62	0	32	211	30	11	16	0	0	0	0	2	0	0	0	1	0	0	0	6	0	0	0	25	0	10	10	71	0	32	213	47	29	61	2	0	0	0	4	0	0	0	0	0	24	0	2	0	0	0	1	0	25	0	6	0	0	0	29	0	49	10	112	45	122	316
662	646	64	87	58	630	34	63	0	64	87	58	31	82	38	0	158	203	116	448	614	30	55	0	34	63	0	23	66	0	0	84	145	0	285	64	87	58	1	0	25	0	12	26	58	0	31	82	38	0	158	203	116	448	598	28	55	0	30	55	0	21	66	0	0	72	121	0	280	34	63	0	1	0	0	0	6	22	0	0	23	66	0	0	84	145	0	285	64	87	58	0	0	24	0	4	0	0	0	1	0	25	0	12	26	58	0	31	82	38	0	158	203	116	448	582	28	55	0	28	55	0	21	66	0	0	66	121	0	258	30	55	0	1	0	0	0	6	22	0	0	21	66	0	0	72	121	0	280	34	63	0	0	0	0	0	2	0	0	0	1	0	0	0	6	22	0	0	23	66	0	0	84	145	0	285	64	87	58	5	0	0	0	9	0	0	0	0	0	24	0	4	0	0	0	1	0	25	0	12	26	58	0	31	82	38	0	158	203	116	448
334	326	44	20	0	318	23	12	0	44	20	0	24	0	0	0	116	38	0	0	310	22	12	0	23	12	0	22	0	0	0	59	18	0	0	44	20	0	0	0	0	0	6	0	0	0	24	0	0	0	116	38	0	0	302	22	12	0	22	12	0	22	0	0	0	56	18	0	0	23	12	0	0	0	0	0	6	0	0	0	22	0	0	0	59	18	0	0	44	20	0	0	0	0	0	0	0	0	0	0	0	0	0	6	0	0	0	24	0	0	0	116	38	0	0	294	22	12	0	22	12	0	22	0	0	0	56	18	0	0	22	12	0	0	0	0	0	6	0	0	0	22	0	0	0	56	18	0	0	23	12	0	0	0	0	0	0	0	0	0	0	0	0	0	6	0	0	0	22	0	0	0	59	18	0	0	44	20	0	0	0	0	0	0	0	0	0	0	0	0	0	0	0	0	0	0	0	0	0	6	0	0	0	24	0	0	0	116	38	0	0
383	374	49	24	0	365	24	8	0	49	24	0	22	0	0	0	114	68	0	0	356	23	8	0	24	8	0	20	0	0	0	54	24	0	0	49	24	0	0	0	0	0	6	0	0	0	22	0	0	0	114	68	0	0	347	23	8	0	23	8	0	20	0	0	0	51	24	0	0	24	8	0	0	0	0	0	6	0	0	0	20	0	0	0	54	24	0	0	49	24	0	0	0	0	0	0	0	0	0	0	0	0	0	6	0	0	0	22	0	0	0	114	68	0	0	338	23	8	0	23	8	0	20	0	0	0	51	24	0	0	23	8	0	0	0	0	0	6	0	0	0	20	0	0	0	51	24	0	0	24	8	0	0	0	0	0	0	0	0	0	0	0	0	0	6	0	0	0	20	0	0	0	54	24	0	0	49	24	0	0	0	0	0	0	0	0	0	0	0	0	0	0	0	0	0	0	0	0	0	6	0	0	0	22	0	0	0	114	68	0	0
445	434	51	42	0	423	18	28	0	51	42	0	11	28	0	0	120	117	0	0	412	18	28	0	18	28	0	11	28	0	0	43	77	0	0	51	42	0	0	0	0	0	4	0	0	0	11	28	0	0	120	117	0	0	401	18	28	0	18	28	0	11	28	0	0	43	77	0	0	18	28	0	0	0	0	0	4	0	0	0	11	28	0	0	43	77	0	0	51	42	0	0	0	0	0	0	0	0	0	0	0	0	0	4	0	0	0	11	28	0	0	120	117	0	0	390	18	28	0	18	28	0	11	28	0	0	43	77	0	0	18	28	0	0	0	0	0	4	0	0	0	11	28	0	0	43	77	0	0	18	28	0	0	0	0	0	0	0	0	0	0	0	0	0	4	0	0	0	11	28	0	0	43	77	0	0	51	42	0	0	0	0	0	0	0	0	0	0	0	0	0	0	0	0	0	0	0	0	0	4	0	0	0	11	28	0	0	120	117	0	0
729	712	57	30	105	695	34	0	73	57	30	105	30	0	47	61	128	75	210	119	678	33	0	43	34	0	73	28	0	37	10	79	0	146	16	57	30	105	1	0	12	53	10	0	0	202	30	0	47	61	128	75	210	119	661	33	0	43	33	0	43	28	0	20	10	78	0	86	16	34	0	73	1	0	12	53	10	0	0	171	28	0	37	10	79	0	146	16	57	30	105	0	0	0	0	2	0	0	0	1	0	12	53	10	0	0	202	30	0	47	61	128	75	210	119	644	33	0	43	33	0	43	28	0	20	10	78	0	86	16	33	0	43	1	0	10	53	10	0	0	171	28	0	20	10	78	0	86	16	34	0	73	0	0	0	0	0	0	0	0	1	0	12	53	10	0	0	171	28	0	37	10	79	0	146	16	57	30	105	3	0	0	0	8	0	0	0	0	0	0	0	2	0	0	0	1	0	12	53	10	0	0	202	30	0	47	61	128	75	210	119
420	410	38	23	16	400	17	9	10	38	23	16	15	0	0	0	88	55	32	0	390	17	9	9	17	9	10	15	0	0	0	43	27	20	0	38	23	16	0	0	0	9	6	0	0	0	15	0	0	0	88	55	32	0	380	17	9	9	17	9	9	15	0	0	0	43	27	18	0	17	9	10	0	0	0	9	6	0	0	0	15	0	0	0	43	27	20	0	38	23	16	0	0	0	0	2	0	0	0	0	0	0	9	6	0	0	0	15	0	0	0	88	55	32	0	370	17	9	9	17	9	9	15	0	0	0	43	27	18	0	17	9	9	0	0	0	9	6	0	0	0	15	0	0	0	43	27	18	0	17	9	10	0	0	0	0	0	0	0	0	0	0	0	9	6	0	0	0	15	0	0	0	43	27	20	0	38	23	16	3	0	0	0	6	0	0	0	0	0	0	0	2	0	0	0	0	0	0	9	6	0	0	0	15	0	0	0	88	55	32	0
554	541	47	40	35	528	23	0	33	47	40	35	23	0	24	0	108	88	175	0	515	22	0	29	23	0	33	21	0	24	0	59	0	165	0	47	40	35	1	0	12	39	9	0	0	0	23	0	24	0	108	88	175	0	502	22	0	29	22	0	29	21	0	20	0	58	0	145	0	23	0	33	1	0	12	39	8	0	0	0	21	0	24	0	59	0	165	0	47	40	35	0	0	0	0	2	0	0	0	1	0	12	39	9	0	0	0	23	0	24	0	108	88	175	0	489	22	0	29	22	0	29	21	0	20	0	58	0	145	0	22	0	29	1	0	10	39	8	0	0	0	21	0	20	0	58	0	145	0	23	0	33	0	0	0	0	0	0	0	0	1	0	12	39	8	0	0	0	21	0	24	0	59	0	165	0	47	40	35	3	0	0	0	12	0	0	0	0	0	0	0	2	0	0	0	1	0	12	39	9	0	0	0	23	0	24	0	108	88	175	0
806	786	77	131	42	766	39	91	13	77	131	42	35	130	23	26	194	301	126	119	746	35	91	0	39	91	13	23	130	13	0	103	221	39	16	77	131	42	1	0	0	0	9	52	0	108	35	130	23	26	194	301	126	119	726	35	91	0	35	91	0	23	130	0	0	89	221	0	16	39	91	13	1	0	0	0	9	52	0	97	23	130	13	0	103	221	39	16	77	131	42	0	0	0	0	3	0	0	0	1	0	0	0	9	52	0	108	35	130	23	26	194	301	126	119	706	35	91	0	35	91	0	23	130	0	0	89	221	0	16	35	91	0	1	0	0	0	9	52	0	97	23	130	0	0	89	221	0	16	39	91	13	0	0	0	0	1	0	0	0	1	0	0	0	9	52	0	97	23	130	13	0	103	221	39	16	77	131	42	3	0	0	0	9	0	0	0	0	0	0	0	3	0	0	0	1	0	0	0	9	52	0	108	35	130	23	26	194	301	126	119
531	518	47	54	6	505	22	30	0	47	54	6	21	0	0	0	109	102	24	0	492	22	30	0	22	30	0	21	0	0	0	59	60	0	0	47	54	6	1	0	0	0	8	0	0	0	21	0	0	0	109	102	24	0	479	22	30	0	22	30	0	21	0	0	0	59	60	0	0	22	30	0	1	0	0	0	8	0	0	0	21	0	0	0	59	60	0	0	47	54	6	0	0	0	0	2	0	0	0	1	0	0	0	8	0	0	0	21	0	0	0	109	102	24	0	466	22	30	0	22	30	0	21	0	0	0	59	60	0	0	22	30	0	1	0	0	0	8	0	0	0	21	0	0	0	59	60	0	0	22	30	0	0	0	0	0	0	0	0	0	1	0	0	0	8	0	0	0	21	0	0	0	59	60	0	0	47	54	6	3	0	0	0	9	0	0	0	0	0	0	0	2	0	0	0	1	0	0	0	8	0	0	0	21	0	0	0	109	102	24	0
742	724	63	72	101	706	38	32	49	63	72	101	42	16	42	70	144	203	303	204	688	36	32	37	38	32	49	36	16	40	50	100	96	147	129	63	72	101	15	0	0	50	25	34	0	58	42	16	42	70	144	203	303	204	670	34	32	10	36	32	37	36	16	36	20	94	96	111	81	38	32	49	5	0	0	0	14	32	0	0	36	16	40	50	100	96	147	129	63	72	101	21	0	0	20	9	26	0	195	15	0	0	50	25	34	0	58	42	16	42	70	144	203	303	204	652	29	29	10	34	32	10	30	16	10	20	85	96	30	81	36	32	37	5	0	0	0	14	32	0	0	36	16	36	20	94	96	111	81	38	32	49	3	0	0	20	2	0	0	139	5	0	0	0	14	32	0	0	36	16	40	50	100	96	147	129	63	72	101	11	39	0	0	13	65	0	0	21	0	0	20	9	26	0	195	15	0	0	50	25	34	0	58	42	16	42	70	144	203	303	204
419	409	26	9	47	399	12	0	31	26	9	47	8	0	34	24	61	9	47	41	389	12	0	31	12	0	31	8	0	32	24	33	0	31	33	26	9	47	1	0	0	0	8	0	0	0	8	0	34	24	61	9	47	41	379	12	0	28	12	0	31	8	0	32	20	33	0	31	29	12	0	31	1	0	0	0	6	0	0	0	8	0	32	24	33	0	31	33	26	9	47	1	0	0	29	3	0	0	0	1	0	0	0	8	0	0	0	8	0	34	24	61	9	47	41	369	11	0	28	12	0	28	8	0	28	20	33	0	28	29	12	0	31	1	0	0	0	6	0	0	0	8	0	32	20	33	0	31	29	12	0	31	0	0	0	29	0	0	0	0	1	0	0	0	6	0	0	0	8	0	32	24	33	0	31	33	26	9	47	4	0	0	0	12	9	0	0	1	0	0	29	3	0	0	0	1	0	0	0	8	0	0	0	8	0	34	24	61	9	47	41
416	406	35	24	18	396	16	0	10	35	24	18	15	0	20	0	68	60	72	35	386	15	0	10	16	0	10	11	0	20	0	42	0	40	33	35	24	18	3	0	0	0	17	6	0	0	15	0	20	0	68	60	72	35	376	15	0	9	15	0	10	11	0	20	0	40	0	40	29	16	0	10	3	0	0	0	8	0	0	0	11	0	20	0	42	0	40	33	35	24	18	6	0	0	9	9	0	0	0	3	0	0	0	17	6	0	0	15	0	20	0	68	60	72	35	366	13	0	9	15	0	9	11	0	18	0	40	0	36	29	15	0	10	3	0	0	0	8	0	0	0	11	0	20	0	40	0	40	29	16	0	10	3	0	0	9	1	0	0	0	3	0	0	0	8	0	0	0	11	0	20	0	42	0	40	33	35	24	18	7	0	0	0	11	12	0	0	6	0	0	9	9	0	0	0	3	0	0	0	17	6	0	0	15	0	20	0	68	60	72	35
377	368	31	8	31	359	20	0	0	31	8	31	18	0	0	0	75	8	31	99	350	20	0	0	20	0	0	18	0	0	0	53	0	0	56	31	8	31	1	0	0	0	11	0	0	0	18	0	0	0	75	8	31	99	341	20	0	0	20	0	0	18	0	0	0	53	0	0	38	20	0	0	1	0	0	0	10	0	0	0	18	0	0	0	53	0	0	56	31	8	31	1	0	0	0	3	0	0	0	1	0	0	0	11	0	0	0	18	0	0	0	75	8	31	99	332	19	0	0	20	0	0	18	0	0	0	53	0	0	38	20	0	0	1	0	0	0	10	0	0	0	18	0	0	0	53	0	0	38	20	0	0	0	0	0	0	0	0	0	0	1	0	0	0	10	0	0	0	18	0	0	0	53	0	0	56	31	8	31	4	0	0	0	10	8	0	0	1	0	0	0	3	0	0	0	1	0	0	0	11	0	0	0	18	0	0	0	75	8	31	99
593	578	52	73	39	563	25	51	0	52	73	39	23	63	0	0	120	192	78	188	548	23	50	0	25	51	0	17	60	0	0	64	152	0	119	52	73	39	2	10	0	0	13	20	0	0	23	63	0	0	120	192	78	188	533	23	50	0	23	50	0	17	60	0	0	58	150	0	72	25	51	0	2	10	0	0	12	20	0	0	17	60	0	0	64	152	0	119	52	73	39	6	0	0	0	5	0	0	0	2	10	0	0	13	20	0	0	23	63	0	0	120	192	78	188	518	21	50	0	23	50	0	17	60	0	0	58	150	0	72	23	50	0	2	10	0	0	12	20	0	0	17	60	0	0	58	150	0	72	25	51	0	3	0	0	0	1	0	0	0	2	10	0	0	12	20	0	0	17	60	0	0	64	152	0	119	52	73	39	7	0	0	0	10	16	0	0	6	0	0	0	5	0	0	0	2	10	0	0	13	20	0	0	23	63	0	0	120	192	78	188
687	670	51	45	119	653	30	30	70	51	45	119	36	15	13	62	109	93	119	236	636	27	30	68	30	30	70	26	15	13	58	78	90	70	90	51	45	119	16	0	0	24	29	32	0	0	36	15	13	62	109	93	119	236	619	24	29	66	27	30	68	26	15	13	56	70	90	68	78	30	30	70	6	0	0	24	8	30	0	0	26	15	13	58	78	90	70	90	51	45	119	21	14	0	24	11	14	0	0	16	0	0	24	29	32	0	0	36	15	13	62	109	93	119	236	602	18	14	47	24	29	66	20	14	13	38	57	87	66	47	27	30	68	6	0	0	20	8	30	0	0	26	15	13	56	70	90	68	78	30	30	70	4	0	0	0	3	0	0	0	6	0	0	24	8	30	0	0	26	15	13	58	78	90	70	90	51	45	119	11	14	28	89	3	0	119	87	21	14	0	24	11	14	0	0	16	0	0	24	29	32	0	0	36	15	13	62	109	93	119	236
650	634	59	59	71	618	40	11	63	59	59	71	45	44	28	20	136	74	284	18	602	32	0	63	40	11	63	35	0	28	20	112	22	252	10	59	59	71	20	0	37	0	23	55	71	0	45	44	28	20	136	74	284	18	586	25	0	63	32	0	63	27	0	28	20	89	0	252	10	40	11	63	6	0	37	0	8	0	63	0	35	0	28	20	112	22	252	10	59	59	71	22	0	30	0	14	33	0	0	20	0	37	0	23	55	71	0	45	44	28	20	136	74	284	18	570	20	0	61	25	0	63	21	0	28	18	66	0	252	9	32	0	63	6	0	37	0	8	0	63	0	27	0	28	20	89	0	252	10	40	11	63	4	0	30	0	8	0	0	0	6	0	37	0	8	0	63	0	35	0	28	20	112	22	252	10	59	59	71	14	0	0	21	7	0	0	0	22	0	30	0	14	33	0	0	20	0	37	0	23	55	71	0	45	44	28	20	136	74	284	18
751	732	95	129	53	713	57	80	39	95	129	53	64	123	25	14	233	339	265	101	694	48	68	39	57	80	39	44	117	25	14	162	266	195	49	95	129	53	23	106	0	0	32	84	0	0	64	123	25	14	233	339	265	101	675	41	37	37	48	68	39	40	87	25	12	137	215	195	37	57	80	39	14	26	0	0	10	30	0	0	44	117	25	14	162	266	195	49	95	129	53	19	120	36	24	22	39	106	0	23	106	0	0	32	84	0	0	64	123	25	14	233	339	265	101	656	35	8	20	41	37	37	36	24	25	0	114	103	185	10	48	68	39	14	16	0	0	10	26	0	0	40	87	25	12	137	215	195	37	57	80	39	11	0	36	0	14	13	78	0	14	26	0	0	10	30	0	0	44	117	25	14	162	266	195	49	95	129	53	19	40	40	44	14	15	159	87	19	120	36	24	22	39	106	0	23	106	0	0	32	84	0	0	64	123	25	14	233	339	265	101
541	527	58	68	27	513	31	51	0	58	68	27	36	31	0	0	126	139	54	158	499	28	49	0	31	51	0	26	31	0	0	84	129	0	59	58	68	27	19	20	0	0	26	20	0	0	36	31	0	0	126	139	54	158	485	24	44	0	28	49	0	26	29	0	0	76	123	0	47	31	51	0	5	18	0	0	8	18	0	0	26	31	0	0	84	129	0	59	58	68	27	22	42	0	0	13	16	0	0	19	20	0	0	26	20	0	0	36	31	0	0	126	139	54	158	471	18	34	0	24	44	0	19	25	0	0	59	109	0	19	28	49	0	5	18	0	0	8	18	0	0	26	29	0	0	76	123	0	47	31	51	0	2	27	0	0	5	9	0	0	5	18	0	0	8	18	0	0	26	31	0	0	84	129	0	59	58	68	27	15	23	13	0	5	9	27	0	22	42	0	0	13	16	0	0	19	20	0	0	26	20	0	0	36	31	0	0	126	139	54	158
358	349	39	23	6	340	24	8	0	39	23	6	29	0	0	0	79	15	18	18	331	20	8	0	24	8	0	19	0	0	0	63	0	0	10	39	23	6	15	0	0	0	17	15	0	0	29	0	0	0	79	15	18	18	322	17	8	0	20	8	0	19	0	0	0	53	0	0	10	24	8	0	5	0	0	0	6	0	0	0	19	0	0	0	63	0	0	10	39	23	6	22	0	0	0	11	5	0	0	15	0	0	0	17	15	0	0	29	0	0	0	79	15	18	18	313	12	8	0	17	8	0	13	0	0	0	40	0	0	9	20	8	0	5	0	0	0	6	0	0	0	19	0	0	0	53	0	0	10	24	8	0	4	0	0	0	3	0	0	0	5	0	0	0	6	0	0	0	19	0	0	0	63	0	0	10	39	23	6	12	0	0	0	3	0	0	0	22	0	0	0	11	5	0	0	15	0	0	0	17	15	0	0	29	0	0	0	79	15	18	18
592	577	56	56	69	562	38	30	40	56	56	69	42	60	43	66	156	126	138	130	547	28	0	40	38	30	40	34	0	30	66	117	80	80	102	56	56	69	7	0	87	0	6	0	207	0	42	60	43	66	156	126	138	130	532	21	0	40	28	0	40	21	0	30	66	84	0	80	102	38	30	40	5	0	66	0	6	0	120	0	34	0	30	66	117	80	80	102	56	56	69	1	0	37	0	9	0	0	0	7	0	87	0	6	0	207	0	42	60	43	66	156	126	138	130	517	20	0	40	21	0	40	18	0	30	66	64	0	80	100	28	0	40	3	0	66	0	6	0	120	0	21	0	30	66	84	0	80	102	38	30	40	1	0	12	0	8	0	0	0	5	0	66	0	6	0	120	0	34	0	30	66	117	80	80	102	56	56	69	5	0	8	0	7	0	0	0	1	0	37	0	9	0	0	0	7	0	87	0	6	0	207	0	42	60	43	66	156	126	138	130
562	547	57	66	45	532	37	60	0	57	66	45	40	63	11	0	146	134	0	276	517	29	59	0	37	60	0	30	60	0	0	109	127	0	172	57	66	45	12	10	16	0	15	0	0	0	40	63	11	0	146	134	0	276	502	21	49	0	29	59	0	20	60	0	0	83	126	0	170	37	60	0	6	10	0	0	8	0	0	0	30	60	0	0	109	127	0	172	57	66	45	8	9	45	0	14	9	45	0	12	10	16	0	15	0	0	0	40	63	11	0	146	134	0	276	487	17	46	0	21	49	0	14	57	0	0	59	86	0	166	29	59	0	4	10	0	0	8	0	0	0	20	60	0	0	83	126	0	170	37	60	0	4	9	0	0	10	9	0	0	6	10	0	0	8	0	0	0	30	60	0	0	109	127	0	172	57	66	45	9	27	29	0	13	9	0	0	8	9	45	0	14	9	45	0	12	10	16	0	15	0	0	0	40	63	11	0	146	134	0	276
391	381	45	17	31	371	36	9	0	45	17	31	42	0	11	0	119	25	31	157	361	28	9	0	36	9	0	32	0	0	0	105	9	0	102	45	17	31	8	0	16	0	9	0	0	0	42	0	11	0	119	25	31	157	351	21	9	0	28	9	0	22	0	0	0	79	9	0	102	36	9	0	6	0	0	0	6	0	0	0	32	0	0	0	105	9	0	102	45	17	31	4	0	31	0	9	0	0	0	8	0	16	0	9	0	0	0	42	0	11	0	119	25	31	157	341	19	9	0	21	9	0	18	0	0	0	58	9	0	100	28	9	0	4	0	0	0	6	0	0	0	22	0	0	0	79	9	0	102	36	9	0	4	0	0	0	8	0	0	0	6	0	0	0	6	0	0	0	32	0	0	0	105	9	0	102	45	17	31	6	0	15	0	7	0	0	0	4	0	31	0	9	0	0	0	8	0	16	0	9	0	0	0	42	0	11	0	119	25	31	157
621	604	89	113	19	587	48	93	0	89	113	19	63	132	11	0	232	375	19	124	570	40	78	0	48	93	0	45	112	0	0	148	313	0	102	89	113	19	29	23	16	0	25	24	38	0	63	132	11	0	232	375	19	124	553	31	66	0	40	78	0	37	88	0	0	120	261	0	102	48	93	0	14	11	0	0	9	22	0	0	45	112	0	0	148	313	0	102	89	113	19	21	0	24	0	19	57	38	0	29	23	16	0	25	24	38	0	63	132	11	0	232	375	19	124	536	26	64	0	31	66	0	24	88	0	0	92	231	0	100	40	78	0	12	11	0	0	9	22	0	0	37	88	0	0	120	261	0	102	48	93	0	11	0	0	0	11	51	0	0	14	11	0	0	9	22	0	0	45	112	0	0	148	313	0	102	89	113	19	16	18	8	0	14	45	0	0	21	0	24	0	19	57	38	0	29	23	16	0	25	24	38	0	63	132	11	0	232	375	19	124
411	400	50	43	8	389	30	29	0	50	43	8	37	26	0	0	135	127	16	53	378	23	24	0	30	29	0	29	16	0	0	94	98	0	39	50	43	8	7	0	16	0	12	0	8	0	37	26	0	0	135	127	16	53	367	17	24	0	23	24	0	19	16	0	0	70	88	0	39	30	29	0	5	0	0	0	6	0	0	0	29	16	0	0	94	98	0	39	50	43	8	1	0	24	0	10	0	0	0	7	0	16	0	12	0	8	0	37	26	0	0	135	127	16	53	356	16	24	0	17	24	0	16	16	0	0	53	88	0	37	23	24	0	3	0	0	0	6	0	0	0	19	16	0	0	70	88	0	39	30	29	0	1	0	0	0	8	0	0	0	5	0	0	0	6	0	0	0	29	16	0	0	94	98	0	39	50	43	8	5	0	8	0	6	0	0	0	1	0	24	0	10	0	0	0	7	0	16	0	12	0	8	0	37	26	0	0	135	127	16	53
536	522	42	35	78	508	17	13	44	42	35	78	16	0	90	60	117	98	156	127	494	15	13	31	17	13	44	12	0	41	15	57	65	88	40	42	35	78	2	0	12	22	4	0	0	71	16	0	90	60	117	98	156	127	480	15	13	31	15	13	31	12	0	39	15	52	65	62	40	17	13	44	2	0	0	22	4	0	0	63	12	0	41	15	57	65	88	40	42	35	78	0	0	0	0	6	0	0	0	2	0	12	22	4	0	0	71	16	0	90	60	117	98	156	127	466	15	13	31	15	13	31	12	0	39	15	52	65	62	40	15	13	31	2	0	0	22	4	0	0	63	12	0	39	15	52	65	62	40	17	13	44	0	0	0	0	6	0	0	0	2	0	0	22	4	0	0	63	12	0	41	15	57	65	88	40	42	35	78	2	0	0	0	4	0	0	0	0	0	0	0	6	0	0	0	2	0	12	22	4	0	0	71	16	0	90	60	117	98	156	127
272	265	25	6	24	258	9	0	9	25	6	24	4	0	44	0	68	12	24	77	251	9	0	9	9	0	9	4	0	9	0	35	0	9	40	25	6	24	1	0	0	0	2	0	0	0	4	0	44	0	68	12	24	77	244	9	0	9	9	0	9	4	0	9	0	35	0	9	40	9	0	9	1	0	0	0	2	0	0	0	4	0	9	0	35	0	9	40	25	6	24	0	0	0	0	1	0	0	0	1	0	0	0	2	0	0	0	4	0	44	0	68	12	24	77	237	9	0	9	9	0	9	4	0	9	0	35	0	9	40	9	0	9	1	0	0	0	2	0	0	0	4	0	9	0	35	0	9	40	9	0	9	0	0	0	0	1	0	0	0	1	0	0	0	2	0	0	0	4	0	9	0	35	0	9	40	25	6	24	0	0	0	0	0	0	0	0	0	0	0	0	1	0	0	0	1	0	0	0	2	0	0	0	4	0	44	0	68	12	24	77
309	301	28	15	9	293	10	0	9	28	15	9	5	0	9	0	70	30	27	0	285	10	0	9	10	0	9	5	0	9	0	34	0	27	0	28	15	9	1	0	0	0	2	0	0	0	5	0	9	0	70	30	27	0	277	10	0	9	10	0	9	5	0	9	0	34	0	27	0	10	0	9	1	0	0	0	2	0	0	0	5	0	9	0	34	0	27	0	28	15	9	0	0	0	0	1	0	0	0	1	0	0	0	2	0	0	0	5	0	9	0	70	30	27	0	269	10	0	9	10	0	9	5	0	9	0	34	0	27	0	10	0	9	1	0	0	0	2	0	0	0	5	0	9	0	34	0	27	0	10	0	9	0	0	0	0	1	0	0	0	1	0	0	0	2	0	0	0	5	0	9	0	34	0	27	0	28	15	9	0	0	0	0	0	0	0	0	0	0	0	0	1	0	0	0	1	0	0	0	2	0	0	0	5	0	9	0	70	30	27	0
386	376	36	24	49	366	11	0	48	36	24	49	11	0	101	16	93	60	196	0	356	9	0	47	11	0	48	5	0	99	15	34	0	192	0	36	24	49	1	0	24	15	2	0	0	0	11	0	101	16	93	60	196	0	346	9	0	47	9	0	47	5	0	97	15	29	0	188	0	11	0	48	1	0	24	15	2	0	0	0	5	0	99	15	34	0	192	0	36	24	49	0	0	0	0	2	0	0	0	1	0	24	15	2	0	0	0	11	0	101	16	93	60	196	0	336	9	0	47	9	0	47	5	0	97	15	29	0	188	0	9	0	47	1	0	24	15	2	0	0	0	5	0	97	15	29	0	188	0	11	0	48	0	0	0	0	1	0	0	0	1	0	24	15	2	0	0	0	5	0	99	15	34	0	192	0	36	24	49	0	0	0	0	1	0	0	0	0	0	0	0	2	0	0	0	1	0	24	15	2	0	0	0	11	0	101	16	93	60	196	0
368	358	33	32	0	348	8	16	0	33	32	0	5	0	0	0	81	80	0	0	338	8	16	0	8	16	0	5	0	0	0	29	40	0	0	33	32	0	1	0	0	0	2	0	0	0	5	0	0	0	81	80	0	0	328	8	16	0	8	16	0	5	0	0	0	29	40	0	0	8	16	0	1	0	0	0	2	0	0	0	5	0	0	0	29	40	0	0	33	32	0	0	0	0	0	2	0	0	0	1	0	0	0	2	0	0	0	5	0	0	0	81	80	0	0	318	8	16	0	8	16	0	5	0	0	0	29	40	0	0	8	16	0	1	0	0	0	2	0	0	0	5	0	0	0	29	40	0	0	8	16	0	0	0	0	0	1	0	0	0	1	0	0	0	2	0	0	0	5	0	0	0	29	40	0	0	33	32	0	0	0	0	0	1	0	0	0	0	0	0	0	2	0	0	0	1	0	0	0	2	0	0	0	5	0	0	0	81	80	0	0
607	591	35	15	115	575	19	0	80	35	15	115	17	0	14	101	101	15	115	136	559	19	0	68	19	0	80	17	0	14	79	64	0	80	101	35	15	115	10	0	0	29	4	0	0	69	17	0	14	101	101	15	115	136	543	19	0	66	19	0	68	17	0	13	77	64	0	68	87	19	0	80	10	0	0	27	4	0	0	40	17	0	14	79	64	0	80	101	35	15	115	6	0	0	27	7	0	0	0	10	0	0	29	4	0	0	69	17	0	14	101	101	15	115	136	527	19	0	66	19	0	66	17	0	12	77	64	0	66	87	19	0	68	10	0	0	27	4	0	0	40	17	0	13	77	64	0	68	87	19	0	80	6	0	0	27	5	0	0	0	10	0	0	27	4	0	0	40	17	0	14	79	64	0	80	101	35	15	115	4	0	0	0	5	0	0	0	6	0	0	27	7	0	0	0	10	0	0	29	4	0	0	69	17	0	14	101	101	15	115	136
642	625	57	52	105	608	28	0	91	57	52	105	27	0	97	57	149	130	420	49	591	26	0	84	28	0	91	22	0	95	55	85	0	364	48	57	52	105	15	0	22	69	16	0	0	0	27	0	97	57	149	130	420	49	574	25	0	74	26	0	84	22	0	79	53	82	0	336	47	28	0	91	11	0	22	27	6	0	0	0	22	0	95	55	85	0	364	48	57	52	105	11	0	0	27	10	13	0	53	15	0	22	69	16	0	0	0	27	0	97	57	149	130	420	49	557	24	0	74	25	0	74	21	0	54	53	78	0	296	47	26	0	84	11	0	17	27	4	0	0	0	22	0	79	53	82	0	336	47	28	0	91	7	0	0	27	8	0	0	39	11	0	22	27	6	0	0	0	22	0	95	55	85	0	364	48	57	52	105	10	0	0	0	8	13	0	0	11	0	0	27	10	13	0	53	15	0	22	69	16	0	0	0	27	0	97	57	149	130	420	49
527	513	68	45	59	499	35	0	55	68	45	59	37	0	93	38	183	135	295	0	485	34	0	33	35	0	55	34	0	89	12	111	0	275	0	68	45	59	16	0	13	53	22	0	0	88	37	0	93	38	183	135	295	0	471	33	0	24	34	0	33	34	0	61	12	108	0	165	0	35	0	55	12	0	13	12	8	0	0	40	34	0	89	12	111	0	275	0	68	45	59	11	0	0	12	15	9	0	53	16	0	13	53	22	0	0	88	37	0	93	38	183	135	295	0	457	32	0	24	33	0	24	33	0	36	12	104	0	120	0	34	0	33	12	0	8	12	6	0	0	40	34	0	61	12	108	0	165	0	35	0	55	7	0	0	12	12	0	0	39	12	0	13	12	8	0	0	40	34	0	89	12	111	0	275	0	68	45	59	12	0	0	0	12	9	0	0	11	0	0	12	15	9	0	53	16	0	13	53	22	0	0	88	37	0	93	38	183	135	295	0
534	519	49	71	28	504	19	44	12	49	71	28	16	33	26	12	126	164	84	58	489	19	44	12	19	44	12	16	33	24	12	64	110	36	57	49	71	28	10	0	0	0	11	0	0	0	16	33	26	12	126	164	84	58	474	19	44	12	19	44	12	16	33	24	12	64	110	36	56	19	44	12	10	0	0	0	4	0	0	0	16	33	24	12	64	110	36	57	49	71	28	6	0	0	0	8	0	0	0	10	0	0	0	11	0	0	0	16	33	26	12	126	164	84	58	459	19	44	12	19	44	12	16	33	24	12	64	110	36	56	19	44	12	10	0	0	0	4	0	0	0	16	33	24	12	64	110	36	56	19	44	12	6	0	0	0	5	0	0	0	10	0	0	0	4	0	0	0	16	33	24	12	64	110	36	57	49	71	28	4	0	0	0	6	0	0	0	6	0	0	0	8	0	0	0	10	0	0	0	11	0	0	0	16	33	26	12	126	164	84	58
623	606	63	69	58	589	31	43	21	63	69	58	39	29	14	36	177	245	116	160	572	29	42	0	31	43	21	29	28	12	0	102	200	42	110	63	69	58	15	14	0	0	9	28	0	96	39	29	14	36	177	245	116	160	555	28	42	0	29	42	0	27	28	0	0	93	196	0	96	31	43	21	10	14	0	0	4	28	0	40	29	28	12	0	102	200	42	110	63	69	58	6	0	0	0	12	14	0	0	15	14	0	0	9	28	0	96	39	29	14	36	177	245	116	160	538	28	42	0	28	42	0	27	28	0	0	90	196	0	96	29	42	0	10	14	0	0	4	28	0	40	27	28	0	0	93	196	0	96	31	43	21	6	0	0	0	8	14	0	0	10	14	0	0	4	28	0	40	29	28	12	0	102	200	42	110	63	69	58	6	0	0	0	9	0	0	0	6	0	0	0	12	14	0	0	15	14	0	0	9	28	0	96	39	29	14	36	177	245	116	160
700	681	63	48	162	662	36	0	123	63	48	162	41	0	121	116	165	96	486	192	643	32	0	122	36	0	123	29	0	118	113	107	0	369	158	63	48	162	14	0	0	12	23	64	0	0	41	0	121	116	165	96	486	192	624	31	0	115	32	0	122	29	0	118	100	93	0	366	129	36	0	123	10	0	0	12	5	0	0	0	29	0	118	113	107	0	369	158	63	48	162	11	0	0	67	8	0	0	0	14	0	0	12	23	64	0	0	41	0	121	116	165	96	486	192	605	30	0	87	31	0	115	28	0	112	81	89	0	345	110	32	0	122	10	0	0	12	5	0	0	0	29	0	118	100	93	0	366	129	36	0	123	7	0	0	12	8	0	0	0	10	0	0	12	5	0	0	0	29	0	118	113	107	0	369	158	63	48	162	10	0	0	81	7	0	0	172	11	0	0	67	8	0	0	0	14	0	0	12	23	64	0	0	41	0	121	116	165	96	486	192
565	549	60	63	79	533	32	39	33	60	63	79	32	26	43	48	159	139	158	250	517	30	39	32	32	39	33	26	26	42	45	103	104	66	179	60	63	79	15	0	0	12	22	22	0	0	32	26	43	48	159	139	158	250	501	29	39	32	30	39	32	26	26	42	45	97	104	64	129	32	39	33	11	0	0	12	4	0	0	0	26	26	42	45	103	104	66	179	60	63	79	11	0	0	0	10	0	0	0	15	0	0	12	22	22	0	0	32	26	43	48	159	139	158	250	485	28	39	32	29	39	32	25	26	42	45	93	104	64	110	30	39	32	11	0	0	12	4	0	0	0	26	26	42	45	97	104	64	129	32	39	33	7	0	0	0	8	0	0	0	11	0	0	12	4	0	0	0	26	26	42	45	103	104	66	179	60	63	79	10	0	0	0	8	0	0	0	11	0	0	0	10	0	0	0	15	0	0	12	22	22	0	0	32	26	43	48	159	139	158	250
670	651	89	120	64	632	52	77	38	89	120	64	62	46	24	40	230	326	256	164	613	48	72	37	52	77	38	50	45	22	38	148	230	152	146	89	120	64	19	54	0	6	30	40	0	0	62	46	24	40	230	326	256	164	594	42	57	15	48	72	37	50	41	22	16	134	212	148	117	52	77	38	11	14	0	0	10	0	0	0	50	45	22	38	148	230	152	146	89	120	64	16	56	27	54	15	48	64	64	19	54	0	6	30	40	0	0	62	46	24	40	230	326	256	164	575	34	41	0	42	57	15	36	26	15	0	115	155	60	98	48	72	37	11	10	0	0	10	0	0	0	50	41	22	16	134	212	148	117	52	77	38	9	15	27	0	10	45	38	0	11	14	0	0	10	0	0	0	50	45	22	38	148	230	152	146	89	120	64	7	71	45	0	13	48	64	80	16	56	27	54	15	48	64	64	19	54	0	6	30	40	0	0	62	46	24	40	230	326	256	164
712	691	90	148	81	670	45	125	20	90	148	81	48	177	15	40	234	442	81	365	649	43	116	19	45	125	20	38	168	13	38	140	409	20	259	90	148	81	20	114	0	6	36	24	0	0	48	177	15	40	234	442	81	365	628	38	110	8	43	116	19	36	150	13	16	131	382	19	197	45	125	20	5	114	0	0	9	24	0	0	38	168	13	38	140	409	20	259	90	148	81	14	72	0	40	15	48	0	19	20	114	0	6	36	24	0	0	48	177	15	40	234	442	81	365	607	33	106	0	38	110	8	26	144	8	0	115	362	8	176	43	116	19	5	108	0	0	9	24	0	0	36	150	13	16	131	382	19	197	45	125	20	4	72	0	0	10	48	0	0	5	114	0	0	9	24	0	0	38	168	13	38	140	409	20	259	90	148	81	9	46	9	0	10	36	0	53	14	72	0	40	15	48	0	19	20	114	0	6	36	24	0	0	48	177	15	40	234	442	81	365
479	465	68	69	9	451	35	40	0	68	69	9	36	40	0	0	178	171	45	59	437	31	40	0	35	40	0	24	40	0	0	108	100	0	55	68	69	9	14	0	0	0	19	20	0	0	36	40	0	0	178	171	45	59	423	30	40	0	31	40	0	24	40	0	0	94	100	0	33	35	40	0	10	0	0	0	5	0	0	0	24	40	0	0	108	100	0	55	68	69	9	11	0	0	0	10	0	0	0	14	0	0	0	19	20	0	0	36	40	0	0	178	171	45	59	409	29	40	0	30	40	0	23	40	0	0	90	100	0	24	31	40	0	10	0	0	0	5	0	0	0	24	40	0	0	94	100	0	33	35	40	0	7	0	0	0	8	0	0	0	10	0	0	0	5	0	0	0	24	40	0	0	108	100	0	55	68	69	9	10	0	0	0	9	0	0	0	11	0	0	0	10	0	0	0	14	0	0	0	19	20	0	0	36	40	0	0	178	171	45	59
633	615	58	33	142	597	36	32	83	58	33	142	39	16	26	74	159	114	0	395	579	31	32	82	36	32	83	27	16	26	72	106	112	0	214	58	33	142	10	0	10	9	8	0	0	0	39	16	26	74	159	114	0	395	561	30	32	82	31	32	82	26	16	26	72	88	112	0	210	36	32	83	10	0	0	9	5	0	0	0	27	16	26	72	106	112	0	214	58	33	142	7	0	10	0	9	0	0	0	10	0	10	9	8	0	0	0	39	16	26	74	159	114	0	395	543	27	32	82	30	32	82	25	16	26	72	85	112	0	170	31	32	82	9	0	0	9	5	0	0	0	26	16	26	72	88	112	0	210	36	32	83	7	0	0	0	8	0	0	0	10	0	0	9	5	0	0	0	27	16	26	72	106	112	0	214	58	33	142	4	0	32	0	8	0	0	0	7	0	10	0	9	0	0	0	10	0	10	9	8	0	0	0	39	16	26	74	159	114	0	395
713	693	62	81	139	673	32	30	89	62	81	139	28	90	56	107	163	243	417	314	653	26	0	87	32	30	89	19	0	56	101	88	90	267	194	62	81	139	1	0	40	26	5	0	278	0	28	90	56	107	163	243	417	314	633	24	0	87	26	0	87	16	0	56	101	68	0	261	191	32	30	89	1	0	28	26	5	0	178	0	19	0	56	101	88	90	267	194	62	81	139	1	0	20	0	4	0	0	0	1	0	40	26	5	0	278	0	28	90	56	107	163	243	417	314	613	23	0	79	24	0	87	15	0	56	83	65	0	261	162	26	0	87	0	0	28	16	5	0	174	0	16	0	56	101	68	0	261	191	32	30	89	1	0	9	0	4	0	0	0	1	0	28	26	5	0	178	0	19	0	56	101	88	90	267	194	62	81	139	2	0	10	68	4	0	0	0	1	0	20	0	4	0	0	0	1	0	40	26	5	0	278	0	28	90	56	107	163	243	417	314
522	507	58	57	54	492	28	26	37	58	57	54	27	13	40	22	149	183	162	73	477	23	26	37	28	26	37	15	13	40	22	78	91	111	38	58	57	54	1	0	10	0	8	0	0	0	27	13	40	22	149	183	162	73	462	22	26	37	23	26	37	14	13	40	22	60	91	111	37	28	26	37	1	0	0	0	5	0	0	0	15	13	40	22	78	91	111	38	58	57	54	1	0	10	0	5	0	0	0	1	0	10	0	8	0	0	0	27	13	40	22	149	183	162	73	447	21	26	37	22	26	37	13	13	40	22	57	91	111	15	23	26	37	0	0	0	0	5	0	0	0	14	13	40	22	60	91	111	37	28	26	37	1	0	0	0	4	0	0	0	1	0	0	0	5	0	0	0	15	13	40	22	78	91	111	38	58	57	54	2	0	10	0	5	0	0	0	1	0	10	0	5	0	0	0	1	0	10	0	8	0	0	0	27	13	40	22	149	183	162	73
420	408	50	39	25	396	24	11	20	50	39	25	24	0	40	0	126	99	100	9	384	20	11	20	24	11	20	12	0	40	0	64	22	80	0	50	39	25	0	0	0	0	5	0	0	0	24	0	40	0	126	99	100	9	372	20	11	20	20	11	20	12	0	40	0	50	22	80	0	24	11	20	0	0	0	0	5	0	0	0	12	0	40	0	64	22	80	0	50	39	25	0	0	0	0	1	0	0	0	0	0	0	0	5	0	0	0	24	0	40	0	126	99	100	9	360	20	11	20	20	11	20	12	0	40	0	50	22	80	0	20	11	20	0	0	0	0	5	0	0	0	12	0	40	0	50	22	80	0	24	11	20	0	0	0	0	1	0	0	0	0	0	0	0	5	0	0	0	12	0	40	0	64	22	80	0	50	39	25	0	0	0	0	1	0	0	0	0	0	0	0	1	0	0	0	0	0	0	0	5	0	0	0	24	0	40	0	126	99	100	9
602	584	75	115	44	566	33	81	13	75	115	44	32	100	26	0	180	337	132	235	548	27	65	13	33	81	13	17	52	26	0	88	233	39	161	75	115	44	5	0	10	0	11	42	88	0	32	100	26	0	180	337	132	235	530	25	65	13	27	65	13	15	52	26	0	71	169	39	159	33	81	13	4	0	0	0	8	39	26	0	17	52	26	0	88	233	39	161	75	115	44	3	0	10	0	9	14	0	0	5	0	10	0	11	42	88	0	32	100	26	0	180	337	132	235	512	23	65	13	25	65	13	13	52	26	0	66	169	39	130	27	65	13	2	0	0	0	6	39	26	0	15	52	26	0	71	169	39	159	33	81	13	2	0	0	0	8	13	0	0	4	0	0	0	8	39	26	0	17	52	26	0	88	233	39	161	75	115	44	3	0	10	0	4	14	0	0	3	0	10	0	9	14	0	0	5	0	10	0	11	42	88	0	32	100	26	0	180	337	132	235
592	575	39	42	105	558	17	0	57	39	42	105	7	0	57	89	90	98	315	262	541	17	0	57	17	0	57	7	0	10	89	43	0	171	159	39	42	105	0	0	0	0	5	0	0	0	7	0	57	89	90	98	315	262	524	17	0	57	17	0	57	7	0	10	89	43	0	171	157	17	0	57	0	0	0	0	5	0	0	0	7	0	10	89	43	0	171	159	39	42	105	0	0	0	0	1	0	0	0	0	0	0	0	5	0	0	0	7	0	57	89	90	98	315	262	507	17	0	57	17	0	57	7	0	10	89	43	0	171	157	17	0	57	0	0	0	0	5	0	0	0	7	0	10	89	43	0	171	157	17	0	57	0	0	0	0	1	0	0	0	0	0	0	0	5	0	0	0	7	0	10	89	43	0	171	159	39	42	105	0	0	0	0	1	0	0	0	0	0	0	0	1	0	0	0	0	0	0	0	5	0	0	0	7	0	57	89	90	98	315	262
446	433	36	23	77	420	17	12	30	36	23	77	7	0	46	79	91	35	77	262	407	17	12	30	17	12	30	7	0	0	79	45	24	30	159	36	23	77	0	0	0	0	6	0	0	0	7	0	46	79	91	35	77	262	394	17	12	30	17	12	30	7	0	0	79	45	24	30	157	17	12	30	0	0	0	0	5	0	0	0	7	0	0	79	45	24	30	159	36	23	77	0	0	0	0	1	0	0	0	0	0	0	0	6	0	0	0	7	0	46	79	91	35	77	262	381	17	12	30	17	12	30	7	0	0	79	45	24	30	157	17	12	30	0	0	0	0	5	0	0	0	7	0	0	79	45	24	30	157	17	12	30	0	0	0	0	1	0	0	0	0	0	0	0	5	0	0	0	7	0	0	79	45	24	30	159	36	23	77	0	0	0	0	1	0	0	0	0	0	0	0	1	0	0	0	0	0	0	0	6	0	0	0	7	0	46	79	91	35	77	262
305	296	26	20	21	287	9	8	20	26	20	21	2	0	11	10	56	34	42	0	278	9	8	20	9	8	20	2	0	10	10	23	16	40	0	26	20	21	0	0	0	0	3	0	0	0	2	0	11	10	56	34	42	0	269	9	8	20	9	8	20	2	0	10	10	23	16	40	0	9	8	20	0	0	0	0	2	0	0	0	2	0	10	10	23	16	40	0	26	20	21	0	0	0	0	0	0	0	0	0	0	0	0	3	0	0	0	2	0	11	10	56	34	42	0	260	9	8	20	9	8	20	2	0	10	10	23	16	40	0	9	8	20	0	0	0	0	2	0	0	0	2	0	10	10	23	16	40	0	9	8	20	0	0	0	0	0	0	0	0	0	0	0	0	2	0	0	0	2	0	10	10	23	16	40	0	26	20	21	0	0	0	0	0	0	0	0	0	0	0	0	0	0	0	0	0	0	0	0	3	0	0	0	2	0	11	10	56	34	42	0
568	551	58	89	51	534	22	42	10	58	89	51	16	28	57	10	121	251	255	262	517	20	42	10	22	42	10	8	28	10	10	54	112	50	159	58	89	51	2	0	0	0	8	28	0	0	16	28	57	10	121	251	255	262	500	20	42	10	20	42	10	8	28	10	10	50	112	50	157	22	42	10	2	0	0	0	7	28	0	0	8	28	10	10	54	112	50	159	58	89	51	0	0	0	0	1	0	0	0	2	0	0	0	8	28	0	0	16	28	57	10	121	251	255	262	483	20	42	10	20	42	10	8	28	10	10	50	112	50	157	20	42	10	2	0	0	0	6	28	0	0	8	28	10	10	50	112	50	157	22	42	10	0	0	0	0	1	0	0	0	2	0	0	0	7	28	0	0	8	28	10	10	54	112	50	159	58	89	51	0	0	0	0	1	0	0	0	0	0	0	0	1	0	0	0	2	0	0	0	8	28	0	0	16	28	57	10	121	251	255	262
297	288	28	24	7	279	12	14	0	28	24	7	4	0	0	0	60	29	14	25	270	12	14	0	12	14	0	4	0	0	0	29	14	0	20	28	24	7	0	0	0	0	4	0	0	0	4	0	0	0	60	29	14	25	261	12	14	0	12	14	0	4	0	0	0	29	14	0	20	12	14	0	0	0	0	0	3	0	0	0	4	0	0	0	29	14	0	20	28	24	7	0	0	0	0	0	0	0	0	0	0	0	0	4	0	0	0	4	0	0	0	60	29	14	25	252	12	14	0	12	14	0	4	0	0	0	29	14	0	20	12	14	0	0	0	0	0	3	0	0	0	4	0	0	0	29	14	0	20	12	14	0	0	0	0	0	0	0	0	0	0	0	0	0	3	0	0	0	4	0	0	0	29	14	0	20	28	24	7	0	0	0	0	0	0	0	0	0	0	0	0	0	0	0	0	0	0	0	0	4	0	0	0	4	0	0	0	60	29	14	25
440	427	27	22	77	414	12	0	37	27	22	77	5	0	11	78	54	11	154	184	401	12	0	20	12	0	37	5	0	11	30	29	0	74	87	27	22	77	2	0	0	20	5	0	0	139	5	0	11	78	54	11	154	184	388	12	0	19	12	0	20	5	0	10	30	29	0	40	87	12	0	37	2	0	0	19	5	0	0	89	5	0	11	30	29	0	74	87	27	22	77	0	0	0	9	0	0	0	0	2	0	0	20	5	0	0	139	5	0	11	78	54	11	154	184	375	12	0	19	12	0	19	5	0	9	30	29	0	38	87	12	0	20	2	0	0	19	5	0	0	87	5	0	10	30	29	0	40	87	12	0	37	0	0	0	9	0	0	0	0	2	0	0	19	5	0	0	89	5	0	11	30	29	0	74	87	27	22	77	0	0	0	0	0	0	0	0	0	0	0	9	0	0	0	0	2	0	0	20	5	0	0	139	5	0	11	78	54	11	154	184
506	491	48	44	87	476	24	0	58	48	44	87	18	0	55	69	104	88	348	156	461	22	0	30	24	0	58	14	0	55	0	62	0	232	67	48	44	87	6	0	24	50	11	0	0	183	18	0	55	69	104	88	348	156	446	22	0	18	22	0	30	14	0	50	0	59	0	120	67	24	0	58	6	0	24	9	11	0	0	102	14	0	55	0	62	0	232	67	48	44	87	2	0	0	18	10	0	0	64	6	0	24	50	11	0	0	183	18	0	55	69	104	88	348	156	431	22	0	18	22	0	18	14	0	36	0	59	0	72	67	22	0	30	6	0	20	9	11	0	0	100	14	0	50	0	59	0	120	67	24	0	58	2	0	0	18	4	0	0	38	6	0	24	9	11	0	0	102	14	0	55	0	62	0	232	67	48	44	87	6	0	0	0	12	0	0	0	2	0	0	18	10	0	0	64	6	0	24	50	11	0	0	183	18	0	55	69	104	88	348	156
443	429	50	69	20	415	21	42	8	50	69	20	21	32	0	24	107	158	80	51	401	18	40	0	21	42	8	10	30	0	0	56	104	32	10	50	69	20	4	20	0	0	11	32	0	44	21	32	0	24	107	158	80	51	387	18	40	0	18	40	0	10	30	0	0	51	100	0	10	21	42	8	4	20	0	0	10	31	0	13	10	30	0	0	56	104	32	10	50	69	20	1	0	0	0	11	0	0	0	4	20	0	0	11	32	0	44	21	32	0	24	107	158	80	51	373	18	40	0	18	40	0	10	30	0	0	51	100	0	10	18	40	0	4	20	0	0	8	30	0	13	10	30	0	0	51	100	0	10	21	42	8	1	0	0	0	5	0	0	0	4	20	0	0	10	31	0	13	10	30	0	0	56	104	32	10	50	69	20	4	0	0	0	10	0	0	0	1	0	0	0	11	0	0	0	4	20	0	0	11	32	0	44	21	32	0	24	107	158	80	51
393	381	34	29	45	369	13	20	0	34	29	45	5	0	0	0	72	70	45	261	357	13	20	0	13	20	0	5	0	0	0	32	70	0	117	34	29	45	2	0	0	0	7	0	0	0	5	0	0	0	72	70	45	261	345	13	20	0	13	20	0	5	0	0	0	32	70	0	117	13	20	0	2	0	0	0	5	0	0	0	5	0	0	0	32	70	0	117	34	29	45	0	0	0	0	0	0	0	0	2	0	0	0	7	0	0	0	5	0	0	0	72	70	45	261	333	13	20	0	13	20	0	5	0	0	0	32	70	0	117	13	20	0	2	0	0	0	5	0	0	0	5	0	0	0	32	70	0	117	13	20	0	0	0	0	0	0	0	0	0	2	0	0	0	5	0	0	0	5	0	0	0	32	70	0	117	34	29	45	0	0	0	0	0	0	0	0	0	0	0	0	0	0	0	0	2	0	0	0	7	0	0	0	5	0	0	0	72	70	45	261
302	293	34	20	9	284	15	0	0	34	20	9	9	0	0	0	75	40	36	51	275	15	0	0	15	0	0	9	0	0	0	40	0	0	10	34	20	9	6	0	0	0	8	0	0	0	9	0	0	0	75	40	36	51	266	15	0	0	15	0	0	9	0	0	0	40	0	0	10	15	0	0	6	0	0	0	8	0	0	0	9	0	0	0	40	0	0	10	34	20	9	1	0	0	0	6	0	0	0	6	0	0	0	8	0	0	0	9	0	0	0	75	40	36	51	257	15	0	0	15	0	0	9	0	0	0	40	0	0	10	15	0	0	6	0	0	0	8	0	0	0	9	0	0	0	40	0	0	10	15	0	0	1	0	0	0	0	0	0	0	6	0	0	0	8	0	0	0	9	0	0	0	40	0	0	10	34	20	9	4	0	0	0	8	0	0	0	1	0	0	0	6	0	0	0	6	0	0	0	8	0	0	0	9	0	0	0	75	40	36	51
330	320	11	0	74	310	6	0	29	11	0	74	3	0	11	32	25	0	0	238	300	6	0	29	6	0	29	3	0	10	32	17	0	0	103	11	0	74	2	0	0	0	3	0	0	0	3	0	11	32	25	0	0	238	290	6	0	28	6	0	29	3	0	10	30	17	0	0	50	6	0	29	2	0	0	0	3	0	0	0	3	0	10	32	17	0	0	103	11	0	74	0	0	0	10	3	0	0	0	2	0	0	0	3	0	0	0	3	0	11	32	25	0	0	238	280	6	0	26	6	0	28	3	0	10	27	17	0	0	37	6	0	29	2	0	0	0	3	0	0	0	3	0	10	30	17	0	0	50	6	0	29	0	0	0	9	0	0	0	0	2	0	0	0	3	0	0	0	3	0	10	32	17	0	0	103	11	0	74	0	0	0	18	4	0	0	0	0	0	0	10	3	0	0	0	2	0	0	0	3	0	0	0	3	0	11	32	25	0	0	238
329	319	25	9	44	309	11	0	10	25	9	44	7	0	11	10	62	9	44	193	299	11	0	10	11	0	10	7	0	10	10	27	0	10	103	25	9	44	6	0	0	0	11	0	0	0	7	0	11	10	62	9	44	193	289	11	0	10	11	0	10	7	0	10	10	27	0	10	50	11	0	10	6	0	0	0	6	0	0	0	7	0	10	10	27	0	10	103	25	9	44	1	0	0	0	11	0	0	0	6	0	0	0	11	0	0	0	7	0	11	10	62	9	44	193	279	11	0	9	11	0	10	7	0	10	9	27	0	10	37	11	0	10	6	0	0	0	6	0	0	0	7	0	10	10	27	0	10	50	11	0	10	1	0	0	0	0	0	0	0	6	0	0	0	6	0	0	0	7	0	10	10	27	0	10	103	25	9	44	4	0	0	9	12	0	0	0	1	0	0	0	11	0	0	0	6	0	0	0	11	0	0	0	7	0	11	10	62	9	44	193
426	413	48	30	59	400	26	0	35	48	30	59	24	0	70	24	115	60	177	116	387	25	0	35	26	0	35	20	0	68	24	65	0	105	66	48	30	59	13	0	11	0	23	0	0	0	24	0	70	24	115	60	177	116	374	22	0	31	25	0	35	20	0	68	20	60	0	105	30	26	0	35	7	0	11	0	10	0	0	0	20	0	68	24	65	0	105	66	48	30	59	17	0	0	40	19	30	0	0	13	0	11	0	23	0	0	0	24	0	70	24	115	60	177	116	361	17	0	18	22	0	31	11	0	64	9	51	0	93	18	25	0	35	7	0	11	0	10	0	0	0	20	0	68	20	60	0	105	30	26	0	35	7	0	0	0	2	0	0	0	7	0	11	0	10	0	0	0	20	0	68	24	65	0	105	66	48	30	59	8	0	15	27	16	40	0	64	17	0	0	40	19	30	0	0	13	0	11	0	23	0	0	0	24	0	70	24	115	60	177	116
483	467	60	93	22	451	25	65	0	60	93	22	30	44	0	0	124	235	88	116	435	22	61	0	25	65	0	19	44	0	0	63	161	0	66	60	93	22	9	40	0	0	25	31	0	0	30	44	0	0	124	235	88	116	419	19	60	0	22	61	0	19	40	0	0	58	152	0	30	25	65	0	3	40	0	0	10	31	0	0	19	44	0	0	63	161	0	66	60	93	22	15	10	0	0	22	18	0	0	9	40	0	0	25	31	0	0	30	44	0	0	124	235	88	116	403	15	56	0	19	60	0	10	40	0	0	49	150	0	18	22	61	0	3	40	0	0	8	30	0	0	19	40	0	0	58	152	0	30	25	65	0	6	10	0	0	6	0	0	0	3	40	0	0	10	31	0	0	19	44	0	0	63	161	0	66	60	93	22	3	24	0	0	12	24	0	0	15	10	0	0	22	18	0	0	9	40	0	0	25	31	0	0	30	44	0	0	124	235	88	116
285	276	47	23	0	267	21	8	0	47	23	0	28	0	0	0	100	64	0	0	258	19	8	0	21	8	0	18	0	0	0	54	16	0	0	47	23	0	16	0	0	0	22	6	0	0	28	0	0	0	100	64	0	0	249	15	8	0	19	8	0	16	0	0	0	45	16	0	0	21	8	0	5	0	0	0	7	0	0	0	18	0	0	0	54	16	0	0	47	23	0	16	0	0	0	13	12	0	0	16	0	0	0	22	6	0	0	28	0	0	0	100	64	0	0	240	11	8	0	15	8	0	7	0	0	0	33	16	0	0	19	8	0	5	0	0	0	7	0	0	0	16	0	0	0	45	16	0	0	21	8	0	7	0	0	0	2	0	0	0	5	0	0	0	7	0	0	0	18	0	0	0	54	16	0	0	47	23	0	7	0	0	0	10	12	0	0	16	0	0	0	13	12	0	0	16	0	0	0	22	6	0	0	28	0	0	0	100	64	0	0
415	402	49	12	71	389	31	0	39	49	12	71	38	0	20	44	119	12	71	125	376	26	0	38	31	0	39	25	0	19	41	79	0	39	45	49	12	71	19	0	0	10	23	36	0	0	38	0	20	44	119	12	71	125	363	21	0	38	26	0	38	20	0	19	41	62	0	38	45	31	0	39	7	0	0	10	11	0	0	0	25	0	19	41	79	0	39	45	49	12	71	20	0	0	0	12	12	0	0	19	0	0	10	23	36	0	0	38	0	20	44	119	12	71	125	350	16	0	38	21	0	38	11	0	19	41	49	0	38	41	26	0	38	7	0	0	10	11	0	0	0	20	0	19	41	62	0	38	45	31	0	39	11	0	0	0	8	0	0	0	7	0	0	10	11	0	0	0	25	0	19	41	79	0	39	45	49	12	71	11	0	6	0	3	0	0	0	20	0	0	0	12	12	0	0	19	0	0	10	23	36	0	0	38	0	20	44	119	12	71	125
578	559	81	119	59	540	47	90	38	81	119	59	57	108	12	26	195	254	118	81	521	36	84	37	47	90	38	35	108	11	25	132	216	76	35	81	119	59	22	60	36	14	30	75	0	0	57	108	12	26	195	254	118	81	502	29	45	37	36	84	37	20	90	11	25	96	198	74	35	47	90	38	15	0	36	14	14	36	0	0	35	108	11	25	132	216	76	35	81	119	59	17	105	52	0	30	25	177	0	22	60	36	14	30	75	0	0	57	108	12	26	195	254	118	81	483	24	12	32	29	45	37	15	0	11	21	75	90	74	31	36	84	37	11	0	36	10	12	36	0	0	20	90	11	25	96	198	74	35	47	90	38	13	36	51	0	18	12	114	0	15	0	36	14	14	36	0	0	35	108	11	25	132	216	76	35	81	119	59	17	36	34	51	5	15	177	0	17	105	52	0	30	25	177	0	22	60	36	14	30	75	0	0	57	108	12	26	195	254	118	81
411	398	55	40	29	385	32	0	19	55	40	29	38	0	20	11	146	80	145	22	372	27	0	19	32	0	19	25	0	19	11	84	0	95	0	55	40	29	19	0	0	0	23	24	0	0	38	0	20	11	146	80	145	22	359	22	0	19	27	0	19	20	0	19	11	67	0	95	0	32	0	19	7	0	0	0	11	0	0	0	25	0	19	11	84	0	95	0	55	40	29	20	0	0	0	12	8	0	0	19	0	0	0	23	24	0	0	38	0	20	11	146	80	145	22	346	17	0	19	22	0	19	11	0	19	11	54	0	95	0	27	0	19	7	0	0	0	11	0	0	0	20	0	19	11	67	0	95	0	32	0	19	11	0	0	0	8	0	0	0	7	0	0	0	11	0	0	0	25	0	19	11	84	0	95	0	55	40	29	11	0	6	0	3	0	0	0	20	0	0	0	12	8	0	0	19	0	0	0	23	24	0	0	38	0	20	11	146	80	145	22
500	484	70	81	41	468	35	29	37	70	81	41	38	106	26	11	188	242	205	0	452	28	8	37	35	29	37	34	16	25	11	97	111	185	0	70	81	41	15	40	50	0	23	24	82	0	38	106	26	11	188	242	205	0	436	21	0	37	28	8	37	22	0	25	11	73	24	185	0	35	29	37	8	0	50	0	10	0	74	0	34	16	25	11	97	111	185	0	70	81	41	19	0	36	0	14	8	41	0	15	40	50	0	23	24	82	0	38	106	26	11	188	242	205	0	420	16	0	36	21	0	37	10	0	25	11	53	0	185	0	28	8	37	5	0	50	0	10	0	74	0	22	0	25	11	73	24	185	0	35	29	37	10	0	36	0	9	0	37	0	8	0	50	0	10	0	74	0	34	16	25	11	97	111	185	0	70	81	41	11	0	12	11	4	0	0	0	19	0	36	0	14	8	41	0	15	40	50	0	23	24	82	0	38	106	26	11	188	242	205	0
446	431	58	78	19	416	32	54	0	58	78	19	38	33	0	0	143	137	57	81	401	26	53	0	32	54	0	24	33	0	0	86	109	0	35	58	78	19	20	10	0	0	31	31	0	0	38	33	0	0	143	137	57	81	386	20	47	0	26	53	0	18	30	0	0	66	107	0	35	32	54	0	7	10	0	0	12	10	0	0	24	33	0	0	86	109	0	35	58	78	19	16	51	0	0	30	17	0	0	20	10	0	0	31	31	0	0	38	33	0	0	143	137	57	81	371	15	40	0	20	47	0	8	30	0	0	51	97	0	31	26	53	0	6	10	0	0	11	10	0	0	18	30	0	0	66	107	0	35	32	54	0	9	30	0	0	12	10	0	0	7	10	0	0	12	10	0	0	24	33	0	0	86	109	0	35	58	78	19	12	0	6	0	2	10	19	0	16	51	0	0	30	17	0	0	20	10	0	0	31	31	0	0	38	33	0	0	143	137	57	81
429	415	40	45	70	401	18	0	47	40	45	70	17	0	31	78	112	135	350	70	387	14	0	46	18	0	47	12	0	14	74	48	0	235	56	40	45	70	5	0	8	11	6	0	0	0	17	0	31	78	112	135	350	70	373	13	0	46	14	0	46	9	0	14	74	37	0	230	56	18	0	47	4	0	0	11	6	0	0	0	12	0	14	74	48	0	235	56	40	45	70	4	0	0	0	7	0	0	0	5	0	8	11	6	0	0	0	17	0	31	78	112	135	350	70	359	13	0	46	13	0	46	9	0	14	74	36	0	230	56	14	0	46	4	0	0	11	6	0	0	0	9	0	14	74	37	0	230	56	18	0	47	4	0	0	0	7	0	0	0	4	0	0	11	6	0	0	0	12	0	14	74	48	0	235	56	40	45	70	8	0	0	0	1	0	0	0	4	0	0	0	7	0	0	0	5	0	8	11	6	0	0	0	17	0	31	78	112	135	350	70
544	525	79	130	45	506	40	111	0	79	130	45	42	113	16	0	205	352	45	219	487	32	81	0	40	111	0	30	83	0	0	110	286	0	133	79	130	45	17	41	38	0	20	61	135	0	42	113	16	0	205	352	45	219	468	22	68	0	32	81	0	14	56	0	0	85	209	0	131	40	111	0	8	28	0	0	11	52	0	0	30	83	0	0	110	286	0	133	79	130	45	12	54	37	0	32	93	45	0	17	41	38	0	20	61	135	0	42	113	16	0	205	352	45	219	449	21	60	0	22	68	0	13	52	0	0	63	189	0	131	32	81	0	7	28	0	0	10	51	0	0	14	56	0	0	85	209	0	131	40	111	0	11	48	0	0	16	80	0	0	8	28	0	0	11	52	0	0	30	83	0	0	110	286	0	133	79	130	45	12	86	0	0	5	13	0	0	12	54	37	0	32	93	45	0	17	41	38	0	20	61	135	0	42	113	16	0	205	352	45	219
272	263	42	15	33	254	26	8	0	42	15	33	27	0	16	0	119	75	33	148	245	19	8	0	26	8	0	22	0	0	0	66	40	0	94	42	15	33	6	0	38	0	16	0	0	0	27	0	16	0	119	75	33	148	236	14	8	0	19	8	0	10	0	0	0	46	40	0	93	26	8	0	5	0	0	0	10	0	0	0	22	0	0	0	66	40	0	94	42	15	33	10	0	37	0	18	0	0	0	6	0	38	0	16	0	0	0	27	0	16	0	119	75	33	148	227	14	8	0	14	8	0	10	0	0	0	38	40	0	93	19	8	0	5	0	0	0	10	0	0	0	10	0	0	0	46	40	0	93	26	8	0	10	0	0	0	9	0	0	0	5	0	0	0	10	0	0	0	22	0	0	0	66	40	0	94	42	15	33	11	0	0	0	3	0	0	0	10	0	37	0	18	0	0	0	6	0	38	0	16	0	0	0	27	0	16	0	119	75	33	148
247	239	36	7	23	231	20	0	0	36	7	23	18	0	16	0	109	35	23	89	223	16	0	0	20	0	0	13	0	0	0	54	0	0	56	36	7	23	6	0	8	0	7	0	0	0	18	0	16	0	109	35	23	89	215	14	0	0	16	0	0	10	0	0	0	43	0	0	56	20	0	0	5	0	0	0	7	0	0	0	13	0	0	0	54	0	0	56	36	7	23	7	0	7	0	8	0	0	0	6	0	8	0	7	0	0	0	18	0	16	0	109	35	23	89	207	14	0	0	14	0	0	10	0	0	0	41	0	0	56	16	0	0	5	0	0	0	7	0	0	0	10	0	0	0	43	0	0	56	20	0	0	7	0	0	0	8	0	0	0	5	0	0	0	7	0	0	0	13	0	0	0	54	0	0	56	36	7	23	8	0	0	0	2	0	0	0	7	0	7	0	8	0	0	0	6	0	8	0	7	0	0	0	18	0	16	0	109	35	23	89
246	238	31	12	16	230	15	0	0	31	12	16	15	0	16	0	99	36	32	70	222	11	0	0	15	0	0	10	0	0	0	44	0	0	56	31	12	16	5	0	8	0	6	0	0	0	15	0	16	0	99	36	32	70	214	10	0	0	11	0	0	7	0	0	0	33	0	0	56	15	0	0	4	0	0	0	6	0	0	0	10	0	0	0	44	0	0	56	31	12	16	4	0	0	0	7	0	0	0	5	0	8	0	6	0	0	0	15	0	16	0	99	36	32	70	206	10	0	0	10	0	0	7	0	0	0	32	0	0	56	11	0	0	4	0	0	0	6	0	0	0	7	0	0	0	33	0	0	56	15	0	0	4	0	0	0	7	0	0	0	4	0	0	0	6	0	0	0	10	0	0	0	44	0	0	56	31	12	16	8	0	0	0	1	0	0	0	4	0	0	0	7	0	0	0	5	0	8	0	6	0	0	0	15	0	16	0	99	36	32	70
269	260	28	8	34	251	12	0	19	28	8	34	8	0	11	0	71	8	34	86	242	12	0	19	12	0	19	8	0	11	0	34	0	19	47	28	8	34	2	0	0	0	2	0	0	0	8	0	11	0	71	8	34	86	233	12	0	19	12	0	19	8	0	11	0	34	0	19	46	12	0	19	2	0	0	0	2	0	0	0	8	0	11	0	34	0	19	47	28	8	34	0	0	0	0	1	0	0	0	2	0	0	0	2	0	0	0	8	0	11	0	71	8	34	86	224	12	0	19	12	0	19	8	0	11	0	34	0	19	46	12	0	19	2	0	0	0	2	0	0	0	8	0	11	0	34	0	19	46	12	0	19	0	0	0	0	1	0	0	0	2	0	0	0	2	0	0	0	8	0	11	0	34	0	19	47	28	8	34	0	0	0	0	0	0	0	0	0	0	0	0	1	0	0	0	2	0	0	0	2	0	0	0	8	0	11	0	71	8	34	86
416	402	46	40	71	388	20	0	56	46	40	71	15	0	66	55	110	100	284	70	374	19	0	45	20	0	56	12	0	61	14	57	0	224	47	46	40	71	6	0	14	38	8	0	0	41	15	0	66	55	110	100	284	70	360	19	0	45	19	0	45	12	0	47	14	56	0	180	46	20	0	56	6	0	14	38	5	0	0	37	12	0	61	14	57	0	224	47	46	40	71	4	0	0	0	10	0	0	0	6	0	14	38	8	0	0	41	15	0	66	55	110	100	284	70	346	19	0	45	19	0	45	12	0	47	14	56	0	180	46	19	0	45	6	0	12	38	5	0	0	37	12	0	47	14	56	0	180	46	20	0	56	4	0	0	0	7	0	0	0	6	0	14	38	5	0	0	37	12	0	61	14	57	0	224	47	46	40	71	8	0	0	0	3	0	0	0	4	0	0	0	10	0	0	0	6	0	14	38	8	0	0	41	15	0	66	55	110	100	284	70
319	308	37	31	34	297	13	10	25	37	31	34	11	0	53	0	89	62	102	70	286	12	10	23	13	10	25	8	0	53	0	38	20	75	47	37	31	34	2	0	14	24	4	0	0	0	11	0	53	0	89	62	102	70	275	12	10	23	12	10	23	8	0	47	0	37	20	69	46	13	10	25	2	0	14	24	2	0	0	0	8	0	53	0	38	20	75	47	37	31	34	0	0	0	0	3	0	0	0	2	0	14	24	4	0	0	0	11	0	53	0	89	62	102	70	264	12	10	23	12	10	23	8	0	47	0	37	20	69	46	12	10	23	2	0	12	24	2	0	0	0	8	0	47	0	37	20	69	46	13	10	25	0	0	0	0	1	0	0	0	2	0	14	24	2	0	0	0	8	0	53	0	38	20	75	47	37	31	34	0	0	0	0	2	0	0	0	0	0	0	0	3	0	0	0	2	0	14	24	4	0	0	0	11	0	53	0	89	62	102	70
566	546	73	124	65	526	28	66	22	73	124	65	30	50	82	40	171	389	325	187	506	24	64	12	28	66	22	16	48	50	0	76	215	110	47	73	124	65	10	32	23	24	13	32	0	41	30	50	82	40	171	389	325	187	486	23	64	12	24	64	12	14	48	36	0	69	208	60	46	28	66	22	6	32	14	24	7	32	0	37	16	48	50	0	76	215	110	47	73	124	65	8	0	0	0	18	16	0	0	10	32	23	24	13	32	0	41	30	50	82	40	171	389	325	187	466	23	64	12	23	64	12	14	48	36	0	68	208	60	46	24	64	12	6	32	12	24	6	32	0	37	14	48	36	0	69	208	60	46	28	66	22	8	0	0	0	12	16	0	0	6	32	14	24	7	32	0	37	16	48	50	0	76	215	110	47	73	124	65	16	0	0	0	6	0	0	0	8	0	0	0	18	16	0	0	10	32	23	24	13	32	0	41	30	50	82	40	171	389	325	187
275	265	33	33	9	255	10	21	0	33	33	9	6	14	0	0	81	67	18	70	245	10	21	0	10	21	0	6	14	0	0	32	49	0	47	33	33	9	2	0	0	0	3	0	0	0	6	14	0	0	81	67	18	70	235	10	21	0	10	21	0	6	14	0	0	32	49	0	46	10	21	0	2	0	0	0	2	0	0	0	6	14	0	0	32	49	0	47	33	33	9	0	0	0	0	2	0	0	0	2	0	0	0	3	0	0	0	6	14	0	0	81	67	18	70	225	10	21	0	10	21	0	6	14	0	0	32	49	0	46	10	21	0	2	0	0	0	2	0	0	0	6	14	0	0	32	49	0	46	10	21	0	0	0	0	0	1	0	0	0	2	0	0	0	2	0	0	0	6	14	0	0	32	49	0	47	33	33	9	0	0	0	0	1	0	0	0	0	0	0	0	2	0	0	0	2	0	0	0	3	0	0	0	6	14	0	0	81	67	18	70
455	439	52	41	99	423	25	15	60	52	41	99	16	0	86	75	118	101	198	179	407	24	15	58	25	15	60	15	0	83	75	69	75	120	103	52	41	99	8	0	0	20	15	13	0	0	16	0	86	75	118	101	198	179	391	23	15	46	24	15	58	14	0	77	69	66	75	116	80	25	15	60	7	0	0	0	7	0	0	0	15	0	83	75	69	75	120	103	52	41	99	9	0	0	24	18	13	0	59	8	0	0	20	15	13	0	0	16	0	86	75	118	101	198	179	375	21	15	46	23	15	46	13	0	45	69	64	75	92	80	24	15	58	6	0	0	0	6	0	0	0	14	0	77	69	66	75	116	80	25	15	60	5	0	0	24	12	0	0	38	7	0	0	0	7	0	0	0	15	0	83	75	69	75	120	103	52	41	99	9	0	12	0	5	13	0	0	9	0	0	24	18	13	0	59	8	0	0	20	15	13	0	0	16	0	86	75	118	101	198	179
403	389	54	33	82	375	33	0	48	54	33	82	24	0	63	77	129	44	246	170	361	32	0	32	33	0	48	23	0	59	58	99	0	144	103	54	33	82	11	0	0	60	19	11	0	45	24	0	63	77	129	44	246	170	347	31	0	12	32	0	32	22	0	44	36	96	0	96	80	33	0	48	10	0	0	0	10	0	0	0	23	0	59	58	99	0	144	103	54	33	82	13	0	0	24	24	11	0	100	11	0	0	60	19	11	0	45	24	0	63	77	129	44	246	170	333	27	0	12	31	0	12	21	0	12	36	94	0	36	80	32	0	32	9	0	0	0	9	0	0	0	22	0	44	36	96	0	96	80	33	0	48	7	0	0	24	19	0	0	75	10	0	0	0	10	0	0	0	23	0	59	58	99	0	144	103	54	33	82	11	0	32	0	6	11	0	0	13	0	0	24	24	11	0	100	11	0	0	60	19	11	0	45	24	0	63	77	129	44	246	170
531	512	64	95	110	493	27	34	96	64	95	110	27	17	148	42	138	223	550	65	474	24	34	96	27	34	96	18	17	145	42	80	102	480	22	64	95	110	9	0	0	0	15	36	0	0	27	17	148	42	138	223	550	65	455	23	34	93	24	34	96	17	17	145	36	73	102	480	12	27	34	96	8	0	0	0	8	0	0	0	18	17	145	42	80	102	480	22	64	95	110	6	0	0	40	20	12	0	0	9	0	0	0	15	36	0	0	27	17	148	42	138	223	550	65	436	22	34	92	23	34	93	16	17	142	36	71	102	465	12	24	34	96	7	0	0	0	6	0	0	0	17	17	145	36	73	102	480	12	27	34	96	5	0	0	39	14	0	0	0	8	0	0	0	8	0	0	0	18	17	145	42	80	102	480	22	64	95	110	9	0	0	15	7	12	0	0	6	0	0	40	20	12	0	0	9	0	0	0	15	36	0	0	27	17	148	42	138	223	550	65
478	460	74	116	43	442	36	80	21	74	116	43	35	56	46	9	171	286	172	136	424	32	76	10	36	80	21	25	56	45	0	108	228	84	78	74	116	43	19	48	0	20	20	44	0	45	35	56	46	9	171	286	172	136	406	25	72	0	32	76	10	18	48	30	0	95	214	40	57	36	80	21	6	48	0	0	7	36	0	0	25	56	45	0	108	228	84	78	74	116	43	9	48	0	0	22	84	0	59	19	48	0	20	20	44	0	45	35	56	46	9	171	286	172	136	388	21	64	0	25	72	0	17	48	0	0	76	204	0	57	32	76	10	5	48	0	0	6	36	0	0	18	48	30	0	95	214	40	57	36	80	21	3	48	0	0	15	74	0	38	6	48	0	0	7	36	0	0	25	56	45	0	108	228	84	78	74	116	43	3	64	32	0	10	8	0	0	9	48	0	0	22	84	0	59	19	48	0	20	20	44	0	45	35	56	46	9	171	286	172	136
407	392	50	57	51	377	22	44	9	50	57	51	14	33	10	9	117	150	51	213	362	22	44	0	22	44	9	14	33	9	0	64	132	9	122	50	57	51	8	0	0	0	15	0	0	45	14	33	10	9	117	150	51	213	347	22	44	0	22	44	0	14	33	0	0	64	132	0	99	22	44	9	8	0	0	0	8	0	0	0	14	33	9	0	64	132	9	122	50	57	51	8	0	0	0	19	0	0	0	8	0	0	0	15	0	0	45	14	33	10	9	117	150	51	213	332	20	44	0	22	44	0	14	33	0	0	64	132	0	99	22	44	0	8	0	0	0	8	0	0	0	14	33	0	0	64	132	0	99	22	44	9	6	0	0	0	12	0	0	0	8	0	0	0	8	0	0	0	14	33	9	0	64	132	9	122	50	57	51	10	0	20	0	6	0	0	0	8	0	0	0	19	0	0	0	8	0	0	0	15	0	0	45	14	33	10	9	117	150	51	213
447	431	42	15	148	415	32	0	82	42	15	148	34	0	0	163	105	15	148	385	399	29	0	79	32	0	82	25	0	0	154	92	0	82	234	42	15	148	7	0	0	42	9	0	0	0	34	0	0	163	105	15	148	385	383	27	0	77	29	0	79	24	0	0	148	85	0	79	196	32	0	82	6	0	0	42	8	0	0	0	25	0	0	154	92	0	82	234	42	15	148	6	0	15	20	15	0	0	0	7	0	0	42	9	0	0	0	34	0	0	163	105	15	148	385	367	24	0	64	27	0	77	23	0	0	111	81	0	77	151	29	0	79	5	0	0	36	6	0	0	0	24	0	0	148	85	0	79	196	32	0	82	5	0	12	0	15	0	0	0	6	0	0	42	8	0	0	0	25	0	0	154	92	0	82	234	42	15	148	1	0	16	40	3	0	0	59	6	0	15	20	15	0	0	0	7	0	0	42	9	0	0	0	34	0	0	163	105	15	148	385
410	395	39	38	102	380	28	14	77	39	38	102	33	0	14	62	91	26	204	153	365	25	14	77	28	14	77	24	0	14	62	76	14	154	117	39	38	102	7	0	0	0	10	0	0	0	33	0	14	62	91	26	204	153	350	24	14	77	25	14	77	23	0	14	62	69	14	154	106	28	14	77	6	0	0	0	9	0	0	0	24	0	14	62	76	14	154	117	39	38	102	6	0	0	0	15	0	0	0	7	0	0	0	10	0	0	0	33	0	14	62	91	26	204	153	335	21	14	77	24	14	77	22	0	14	62	67	14	154	93	25	14	77	5	0	0	0	7	0	0	0	23	0	14	62	69	14	154	106	28	14	77	5	0	0	0	15	0	0	0	6	0	0	0	9	0	0	0	24	0	14	62	76	14	154	117	39	38	102	1	0	16	0	3	0	0	0	6	0	0	0	15	0	0	0	7	0	0	0	10	0	0	0	33	0	14	62	91	26	204	153
459	442	60	70	96	425	40	55	45	60	70	96	43	39	0	79	144	158	96	334	408	35	41	44	40	55	45	31	25	0	76	115	140	45	225	60	70	96	15	25	10	9	15	28	96	0	43	39	0	79	144	158	96	334	391	24	27	30	35	41	44	24	12	0	43	103	101	44	196	40	55	45	7	12	10	0	10	26	45	0	31	25	0	76	115	140	45	225	60	70	96	6	27	71	41	26	76	96	45	15	25	10	9	15	28	96	0	43	39	0	79	144	158	96	334	374	20	14	13	24	27	30	20	0	0	13	71	72	30	151	35	41	44	7	0	10	0	8	13	44	0	24	12	0	43	103	101	44	196	40	55	45	6	14	62	0	21	72	45	0	7	12	10	0	10	26	45	0	31	25	0	76	115	140	45	225	60	70	96	0	14	42	0	6	0	96	78	6	27	71	41	26	76	96	45	15	25	10	9	15	28	96	0	43	39	0	79	144	158	96	334
440	424	55	68	75	408	36	20	59	55	68	75	34	80	24	49	119	126	300	110	392	28	0	59	36	20	59	28	0	24	49	90	40	236	96	55	68	75	3	0	60	0	12	14	150	0	34	80	24	49	119	126	300	110	376	25	0	57	28	0	59	23	0	24	43	73	0	236	96	36	20	59	2	0	60	0	9	10	118	0	28	0	24	49	90	40	236	96	55	68	75	2	0	25	20	13	0	0	0	3	0	60	0	12	14	150	0	34	80	24	49	119	126	300	110	360	24	0	43	25	0	57	22	0	24	13	67	0	228	93	28	0	59	1	0	60	0	5	0	118	0	23	0	24	43	73	0	236	96	36	20	59	1	0	22	0	13	0	0	0	2	0	60	0	9	10	118	0	28	0	24	49	90	40	236	96	55	68	75	1	0	0	24	4	0	0	59	2	0	25	20	13	0	0	0	3	0	60	0	12	14	150	0	34	80	24	49	119	126	300	110
355	341	59	66	31	327	32	46	0	59	66	31	31	57	0	0	131	185	62	235	313	29	45	0	32	46	0	22	54	0	0	82	163	0	165	59	66	31	16	9	0	0	18	0	0	0	31	57	0	0	131	185	62	235	299	26	45	0	29	45	0	21	54	0	0	75	162	0	138	32	46	0	6	9	0	0	9	0	0	0	22	54	0	0	82	163	0	165	59	66	31	12	0	0	0	18	20	0	0	16	9	0	0	18	0	0	0	31	57	0	0	131	185	62	235	285	22	45	0	26	45	0	19	54	0	0	65	162	0	105	29	45	0	5	9	0	0	7	0	0	0	21	54	0	0	75	162	0	138	32	46	0	6	0	0	0	16	18	0	0	6	9	0	0	9	0	0	0	22	54	0	0	82	163	0	165	59	66	31	7	0	16	0	8	10	0	0	12	0	0	0	18	20	0	0	16	9	0	0	18	0	0	0	31	57	0	0	131	185	62	235
368	354	38	35	74	340	16	13	61	38	35	74	18	0	42	38	85	96	148	75	326	15	13	61	16	13	61	15	0	20	38	38	52	122	59	38	35	74	0	0	0	0	10	11	0	0	18	0	42	38	85	96	148	75	312	15	13	61	15	13	61	15	0	20	38	37	52	122	59	16	13	61	0	0	0	0	5	0	0	0	15	0	20	38	38	52	122	59	38	35	74	0	0	0	0	6	0	0	0	0	0	0	0	10	11	0	0	18	0	42	38	85	96	148	75	298	15	13	61	15	13	61	15	0	20	38	37	52	122	57	15	13	61	0	0	0	0	4	0	0	0	15	0	20	38	37	52	122	59	16	13	61	0	0	0	0	6	0	0	0	0	0	0	0	5	0	0	0	15	0	20	38	38	52	122	59	38	35	74	0	0	0	0	3	0	0	0	0	0	0	0	6	0	0	0	0	0	0	0	10	11	0	0	18	0	42	38	85	96	148	75
248	238	33	23	36	228	20	21	7	33	23	36	22	14	20	0	87	28	0	208	218	19	21	7	20	21	7	19	14	0	0	58	28	0	136	33	23	36	1	0	0	0	8	7	0	0	22	14	20	0	87	28	0	208	208	19	21	7	19	21	7	19	14	0	0	54	28	0	136	20	21	7	1	0	0	0	3	7	0	0	19	14	0	0	58	28	0	136	33	23	36	0	0	0	0	4	0	0	0	1	0	0	0	8	7	0	0	22	14	20	0	87	28	0	208	198	19	21	7	19	21	7	19	14	0	0	54	28	0	134	19	21	7	1	0	0	0	3	7	0	0	19	14	0	0	54	28	0	136	20	21	7	0	0	0	0	4	0	0	0	1	0	0	0	3	7	0	0	19	14	0	0	58	28	0	136	33	23	36	0	0	0	0	3	0	0	0	0	0	0	0	4	0	0	0	1	0	0	0	8	7	0	0	22	14	20	0	87	28	0	208
230	221	32	23	10	212	11	8	10	32	23	10	11	0	0	0	70	65	50	0	203	10	8	10	11	8	10	8	0	0	0	32	32	50	0	32	23	10	0	0	0	0	5	3	0	0	11	0	0	0	70	65	50	0	194	10	8	10	10	8	10	8	0	0	0	31	32	50	0	11	8	10	0	0	0	0	3	0	0	0	8	0	0	0	32	32	50	0	32	23	10	0	0	0	0	4	0	0	0	0	0	0	0	5	3	0	0	11	0	0	0	70	65	50	0	185	10	8	10	10	8	10	8	0	0	0	31	32	50	0	10	8	10	0	0	0	0	2	0	0	0	8	0	0	0	31	32	50	0	11	8	10	0	0	0	0	4	0	0	0	0	0	0	0	3	0	0	0	8	0	0	0	32	32	50	0	32	23	10	0	0	0	0	2	0	0	0	0	0	0	0	4	0	0	0	0	0	0	0	5	3	0	0	11	0	0	0	70	65	50	0
365	350	65	71	56	335	36	54	0	65	71	56	33	81	32	0	153	192	56	452	320	32	54	0	36	54	0	25	81	0	0	98	153	0	263	65	71	56	15	0	12	0	17	32	0	0	33	81	32	0	153	192	56	452	305	29	54	0	32	54	0	24	81	0	0	87	153	0	259	36	54	0	5	0	0	0	4	18	0	0	25	81	0	0	98	153	0	263	65	71	56	12	0	12	0	17	18	0	0	15	0	12	0	17	32	0	0	33	81	32	0	153	192	56	452	290	27	54	0	29	54	0	23	81	0	0	78	153	0	241	32	54	0	4	0	0	0	3	18	0	0	24	81	0	0	87	153	0	259	36	54	0	6	0	0	0	17	18	0	0	5	0	0	0	4	18	0	0	25	81	0	0	98	153	0	263	65	71	56	9	0	0	0	9	21	0	0	12	0	12	0	17	18	0	0	15	0	12	0	17	32	0	0	33	81	32	0	153	192	56	452
317	304	47	60	10	291	20	36	0	47	60	10	21	36	20	0	113	125	40	75	278	18	36	0	20	36	0	15	36	0	0	59	72	0	59	47	60	10	0	0	0	0	10	14	0	0	21	36	20	0	113	125	40	75	265	18	36	0	18	36	0	15	36	0	0	54	72	0	59	20	36	0	0	0	0	0	5	9	0	0	15	36	0	0	59	72	0	59	47	60	10	0	0	0	0	6	0	0	0	0	0	0	0	10	14	0	0	21	36	20	0	113	125	40	75	252	18	36	0	18	36	0	15	36	0	0	54	72	0	57	18	36	0	0	0	0	0	4	9	0	0	15	36	0	0	54	72	0	59	20	36	0	0	0	0	0	6	0	0	0	0	0	0	0	5	9	0	0	15	36	0	0	59	72	0	59	47	60	10	0	0	0	0	4	0	0	0	0	0	0	0	6	0	0	0	0	0	0	0	10	14	0	0	21	36	20	0	113	125	40	75
304	292	27	21	56	280	12	11	32	27	21	56	11	0	11	51	61	44	56	94	268	11	11	20	12	11	32	8	0	11	10	34	44	32	71	27	21	56	0	0	0	20	3	0	0	75	11	0	11	51	61	44	56	94	256	11	11	20	11	11	20	8	0	10	10	33	44	20	71	12	11	32	0	0	0	20	3	0	0	59	8	0	11	10	34	44	32	71	27	21	56	0	0	0	0	4	0	0	0	0	0	0	20	3	0	0	75	11	0	11	51	61	44	56	94	244	11	11	20	11	11	20	8	0	10	10	33	44	20	71	11	11	20	0	0	0	20	2	0	0	59	8	0	10	10	33	44	20	71	12	11	32	0	0	0	0	4	0	0	0	0	0	0	20	3	0	0	59	8	0	11	10	34	44	32	71	27	21	56	0	0	0	0	2	0	0	0	0	0	0	0	4	0	0	0	0	0	0	20	3	0	0	75	11	0	11	51	61	44	56	94
411	395	46	51	77	379	30	12	44	46	51	77	27	36	24	63	113	75	231	150	363	28	0	20	30	12	44	25	0	23	10	90	12	132	71	46	51	77	4	0	13	20	7	15	77	171	27	36	24	63	113	75	231	150	347	24	0	20	28	0	20	21	0	10	10	84	0	60	71	30	12	44	0	0	12	20	5	12	44	104	25	0	23	10	90	12	132	71	46	51	77	6	0	0	0	20	60	0	0	4	0	13	20	7	15	77	171	27	36	24	63	113	75	231	150	331	23	0	20	24	0	20	21	0	10	10	72	0	60	71	28	0	20	0	0	0	20	4	0	20	103	21	0	10	10	84	0	60	71	30	12	44	3	0	0	0	10	48	0	0	0	0	12	20	5	12	44	104	25	0	23	10	90	12	132	71	46	51	77	3	0	0	0	5	12	0	0	6	0	0	0	20	60	0	0	4	0	13	20	7	15	77	171	27	36	24	63	113	75	231	150
331	317	48	65	19	303	19	40	11	48	65	19	18	40	11	0	109	197	57	20	289	17	40	10	19	40	11	10	40	11	0	55	150	33	10	48	65	19	1	0	0	10	6	10	0	0	18	40	11	0	109	197	57	20	275	17	40	10	17	40	10	10	40	10	0	51	150	30	10	19	40	11	1	0	0	10	4	10	0	0	10	40	11	0	55	150	33	10	48	65	19	7	0	0	0	17	0	0	0	1	0	0	10	6	10	0	0	18	40	11	0	109	197	57	20	261	16	40	10	17	40	10	10	40	10	0	51	150	30	10	17	40	10	1	0	0	10	3	10	0	0	10	40	10	0	51	150	30	10	19	40	11	4	0	0	0	7	0	0	0	1	0	0	10	4	10	0	0	10	40	11	0	55	150	33	10	48	65	19	2	0	0	0	3	7	0	0	7	0	0	0	17	0	0	0	1	0	0	10	6	10	0	0	18	40	11	0	109	197	57	20
258	248	23	16	33	238	8	0	30	23	16	33	7	0	44	0	50	16	66	10	228	7	0	28	8	0	30	4	0	44	0	26	0	60	10	23	16	33	0	0	0	20	3	0	0	0	7	0	44	0	50	16	66	10	218	7	0	28	7	0	28	4	0	40	0	25	0	56	10	8	0	30	0	0	0	20	2	0	0	0	4	0	44	0	26	0	60	10	23	16	33	0	0	0	0	9	0	0	0	0	0	0	20	3	0	0	0	7	0	44	0	50	16	66	10	208	7	0	28	7	0	28	4	0	40	0	25	0	56	10	7	0	28	0	0	0	20	1	0	0	0	4	0	40	0	25	0	56	10	8	0	30	0	0	0	0	4	0	0	0	0	0	0	20	2	0	0	0	4	0	44	0	26	0	60	10	23	16	33	0	0	0	0	2	0	0	0	0	0	0	0	9	0	0	0	0	0	0	20	3	0	0	0	7	0	44	0	50	16	66	10
206	198	23	12	8	190	12	0	0	23	12	8	11	0	0	0	49	12	16	20	182	11	0	0	12	0	0	8	0	0	0	34	0	0	10	23	12	8	0	0	0	0	4	0	0	0	11	0	0	0	49	12	16	20	174	11	0	0	11	0	0	8	0	0	0	33	0	0	10	12	0	0	0	0	0	0	3	0	0	0	8	0	0	0	34	0	0	10	23	12	8	0	0	0	0	9	0	0	0	0	0	0	0	4	0	0	0	11	0	0	0	49	12	16	20	166	11	0	0	11	0	0	8	0	0	0	33	0	0	10	11	0	0	0	0	0	0	2	0	0	0	8	0	0	0	33	0	0	10	12	0	0	0	0	0	0	4	0	0	0	0	0	0	0	3	0	0	0	8	0	0	0	34	0	0	10	23	12	8	0	0	0	0	2	0	0	0	0	0	0	0	9	0	0	0	0	0	0	0	4	0	0	0	11	0	0	0	49	12	16	20
373	358	43	26	106	343	24	0	67	43	26	106	19	0	54	68	106	39	212	137	328	23	0	66	24	0	67	18	0	41	67	67	0	134	85	43	26	106	9	0	0	12	16	13	0	0	19	0	54	68	106	39	212	137	313	17	0	48	23	0	66	14	0	40	50	62	0	132	58	24	0	67	1	0	0	0	1	0	0	0	18	0	41	67	67	0	134	85	43	26	106	7	0	14	78	39	65	0	96	9	0	0	12	16	13	0	0	19	0	54	68	106	39	212	137	298	15	0	42	17	0	48	14	0	26	50	43	0	96	58	23	0	66	1	0	0	0	1	0	0	0	14	0	40	50	62	0	132	58	24	0	67	3	0	14	66	6	0	0	45	1	0	0	0	1	0	0	0	18	0	41	67	67	0	134	85	43	26	106	5	0	14	66	3	0	0	0	7	0	14	78	39	65	0	96	9	0	0	12	16	13	0	0	19	0	54	68	106	39	212	137
268	257	29	10	55	246	12	10	11	29	10	55	8	0	12	11	72	20	0	193	235	12	10	11	12	10	11	8	0	0	11	38	20	0	117	29	10	55	0	0	0	0	13	0	0	0	8	0	12	11	72	20	0	193	224	12	10	10	12	10	11	8	0	0	10	38	20	0	78	12	10	11	0	0	0	0	1	0	0	0	8	0	0	11	38	20	0	117	29	10	55	5	0	0	10	30	0	0	0	0	0	0	0	13	0	0	0	8	0	12	11	72	20	0	193	213	11	10	10	12	10	10	8	0	0	10	38	20	0	78	12	10	11	0	0	0	0	1	0	0	0	8	0	0	10	38	20	0	78	12	10	11	2	0	0	10	1	0	0	0	0	0	0	0	1	0	0	0	8	0	0	11	38	20	0	117	29	10	55	2	0	0	0	1	0	0	0	5	0	0	10	30	0	0	0	0	0	0	0	13	0	0	0	8	0	12	11	72	20	0	193
295	283	57	35	34	271	33	0	33	57	35	34	47	0	28	11	125	91	170	0	259	27	0	33	33	0	33	29	0	28	11	82	0	165	0	57	35	34	22	0	0	0	10	42	0	0	47	0	28	11	125	91	170	0	247	17	0	31	27	0	33	14	0	28	10	63	0	165	0	33	0	33	1	0	0	0	2	0	0	0	29	0	28	11	82	0	165	0	57	35	34	6	0	14	23	32	63	0	0	22	0	0	0	10	42	0	0	47	0	28	11	125	91	170	0	235	16	0	28	17	0	31	14	0	26	10	35	0	155	0	27	0	33	1	0	0	0	2	0	0	0	14	0	28	10	63	0	165	0	33	0	33	3	0	14	20	11	0	0	0	1	0	0	0	2	0	0	0	29	0	28	11	82	0	165	0	57	35	34	8	0	0	30	6	0	0	0	6	0	14	23	32	63	0	0	22	0	0	0	10	42	0	0	47	0	28	11	125	91	170	0
313	299	56	71	19	285	24	49	0	56	71	19	17	40	12	0	125	177	57	96	271	23	49	0	24	49	0	16	40	0	0	70	135	0	55	56	71	19	13	0	0	0	15	6	0	0	17	40	12	0	125	177	57	96	257	17	44	0	23	49	0	12	40	0	0	65	135	0	30	24	49	0	2	0	0	0	1	0	0	0	16	40	0	0	70	135	0	55	56	71	19	7	36	0	0	38	39	0	0	13	0	0	0	15	6	0	0	17	40	12	0	125	177	57	96	243	16	36	0	17	44	0	11	36	0	0	44	114	0	30	23	49	0	2	0	0	0	1	0	0	0	12	40	0	0	65	135	0	30	24	49	0	2	18	0	0	9	9	0	0	2	0	0	0	1	0	0	0	16	40	0	0	70	135	0	55	56	71	19	15	18	0	0	10	9	19	0	7	36	0	0	38	39	0	0	13	0	0	0	15	6	0	0	17	40	12	0	125	177	57	96
213	204	40	24	0	195	20	8	0	40	24	0	25	0	0	0	89	40	0	0	186	17	8	0	20	8	0	16	0	0	0	52	0	0	0	40	24	0	11	0	0	0	8	12	0	0	25	0	0	0	89	40	0	0	177	11	8	0	17	8	0	10	0	0	0	42	0	0	0	20	8	0	1	0	0	0	0	0	0	0	16	0	0	0	52	0	0	0	40	24	0	6	0	0	0	24	24	0	0	11	0	0	0	8	12	0	0	25	0	0	0	89	40	0	0	168	10	8	0	11	8	0	10	0	0	0	24	0	0	0	17	8	0	1	0	0	0	0	0	0	0	10	0	0	0	42	0	0	0	20	8	0	3	0	0	0	5	0	0	0	1	0	0	0	0	0	0	0	16	0	0	0	52	0	0	0	40	24	0	5	0	0	0	3	0	0	0	6	0	0	0	24	24	0	0	11	0	0	0	8	12	0	0	25	0	0	0	89	40	0	0
417	399	78	81	88	381	48	64	52	78	81	88	57	64	0	78	177	245	88	159	363	40	48	39	48	64	52	40	48	0	41	122	216	52	100	78	81	88	28	48	40	13	12	0	88	77	57	64	0	78	177	245	88	159	345	29	0	38	40	48	39	25	0	0	40	99	144	39	99	48	64	52	4	0	38	12	4	0	52	44	40	48	0	41	122	216	52	100	78	81	88	15	0	45	12	24	28	352	0	28	48	40	13	12	0	88	77	57	64	0	78	177	245	88	159	327	28	0	21	29	0	38	24	0	0	26	63	0	38	79	40	48	39	4	0	38	0	4	0	39	20	25	0	0	40	99	144	39	99	48	64	52	10	0	38	0	22	26	208	0	4	0	38	12	4	0	52	44	40	48	0	41	122	216	52	100	78	81	88	18	0	0	45	16	14	0	96	15	0	45	12	24	28	352	0	28	48	40	13	12	0	88	77	57	64	0	78	177	245	88	159
373	357	61	77	55	341	37	31	42	61	77	55	45	98	16	28	140	152	220	34	325	28	9	42	37	31	42	33	18	16	28	96	58	168	33	61	77	55	16	36	72	0	5	0	110	0	45	98	16	28	140	152	220	34	309	18	0	42	28	9	42	16	0	16	28	66	9	168	33	37	31	42	1	0	70	0	4	0	84	0	33	18	16	28	96	58	168	33	61	77	55	1	0	24	0	16	0	55	0	16	36	72	0	5	0	110	0	45	98	16	28	140	152	220	34	293	18	0	37	18	0	42	16	0	16	26	36	0	168	31	28	9	42	1	0	70	0	4	0	84	0	16	0	16	28	66	9	168	33	37	31	42	1	0	24	0	16	0	42	0	1	0	70	0	4	0	84	0	33	18	16	28	96	58	168	33	61	77	55	6	0	0	45	8	0	0	0	1	0	24	0	16	0	55	0	16	36	72	0	5	0	110	0	45	98	16	28	140	152	220	34
344	328	63	88	30	312	37	66	0	63	88	30	49	69	0	0	138	158	60	159	296	31	63	0	37	66	0	31	66	0	0	95	138	0	100	63	88	30	23	27	0	0	5	0	0	0	49	69	0	0	138	158	60	159	280	20	54	0	31	63	0	16	66	0	0	76	128	0	99	37	66	0	1	11	0	0	2	0	0	0	31	66	0	0	95	138	0	100	63	88	30	8	10	6	0	24	25	30	0	23	27	0	0	5	0	0	0	49	69	0	0	138	158	60	159	264	19	51	0	20	54	0	15	63	0	0	44	84	0	79	31	63	0	1	11	0	0	2	0	0	0	16	66	0	0	76	128	0	99	37	66	0	3	10	0	0	18	22	0	0	1	11	0	0	2	0	0	0	31	66	0	0	95	138	0	100	63	88	30	17	30	0	0	15	10	0	0	8	10	6	0	24	25	30	0	23	27	0	0	5	0	0	0	49	69	0	0	138	158	60	159
237	227	50	21	17	217	36	0	0	50	21	17	53	0	0	0	114	28	51	53	207	30	0	0	36	0	0	35	0	0	0	88	0	0	33	50	21	17	20	0	0	0	2	0	0	0	53	0	0	0	114	28	51	53	197	20	0	0	30	0	0	20	0	0	0	69	0	0	33	36	0	0	1	0	0	0	2	0	0	0	35	0	0	0	88	0	0	33	50	21	17	3	0	6	0	15	0	0	0	20	0	0	0	2	0	0	0	53	0	0	0	114	28	51	53	187	20	0	0	20	0	0	20	0	0	0	38	0	0	31	30	0	0	1	0	0	0	2	0	0	0	20	0	0	0	69	0	0	33	36	0	0	3	0	0	0	15	0	0	0	1	0	0	0	2	0	0	0	35	0	0	0	88	0	0	33	50	21	17	8	0	0	0	8	0	0	0	3	0	6	0	15	0	0	0	20	0	0	0	2	0	0	0	53	0	0	0	114	28	51	53
399	380	91	146	7	361	49	109	0	91	146	7	53	173	0	0	206	342	21	34	342	44	85	0	49	109	0	36	101	0	0	127	263	0	33	91	146	7	27	45	0	0	15	30	21	0	53	173	0	0	206	342	21	34	323	32	70	0	44	85	0	28	56	0	0	110	194	0	33	49	109	0	5	0	0	0	4	28	0	0	36	101	0	0	127	263	0	33	91	146	7	15	0	0	0	29	86	21	0	27	45	0	0	15	30	21	0	53	173	0	0	206	342	21	34	304	29	67	0	32	70	0	21	56	0	0	76	154	0	31	44	85	0	5	0	0	0	4	28	0	0	28	56	0	0	110	194	0	33	49	109	0	8	0	0	0	20	78	0	0	5	0	0	0	4	28	0	0	36	101	0	0	127	263	0	33	91	146	7	19	33	0	0	18	41	0	0	15	0	0	0	29	86	21	0	27	45	0	0	15	30	21	0	53	173	0	0	206	342	21	34
226	216	36	24	27	206	11	0	18	36	24	27	10	0	65	0	93	60	108	55	196	10	0	18	11	0	18	8	0	47	0	34	0	72	42	36	24	27	2	0	9	0	4	0	0	0	10	0	65	0	93	60	108	55	186	10	0	18	10	0	18	8	0	47	0	33	0	72	42	11	0	18	2	0	0	0	4	0	0	0	8	0	47	0	34	0	72	42	36	24	27	0	0	0	0	3	0	0	0	2	0	9	0	4	0	0	0	10	0	65	0	93	60	108	55	176	10	0	18	10	0	18	8	0	47	0	33	0	72	42	10	0	18	2	0	0	0	4	0	0	0	8	0	47	0	33	0	72	42	11	0	18	0	0	0	0	2	0	0	0	2	0	0	0	4	0	0	0	8	0	47	0	34	0	72	42	36	24	27	0	0	0	0	0	0	0	0	0	0	0	0	3	0	0	0	2	0	9	0	4	0	0	0	10	0	65	0	93	60	108	55
228	218	43	16	38	208	20	0	16	43	16	38	25	0	67	16	113	40	76	79	198	16	0	16	20	0	16	14	0	32	16	52	0	32	42	43	16	38	1	0	24	0	6	0	0	0	25	0	67	16	113	40	76	79	188	16	0	16	16	0	16	14	0	32	16	43	0	32	42	20	0	16	1	0	0	0	6	0	0	0	14	0	32	16	52	0	32	42	43	16	38	0	0	0	0	12	0	0	0	1	0	24	0	6	0	0	0	25	0	67	16	113	40	76	79	178	16	0	16	16	0	16	14	0	32	16	43	0	32	42	16	0	16	1	0	0	0	6	0	0	0	14	0	32	16	43	0	32	42	20	0	16	0	0	0	0	12	0	0	0	1	0	0	0	6	0	0	0	14	0	32	16	52	0	32	42	43	16	38	3	0	0	0	5	0	0	0	0	0	0	0	12	0	0	0	1	0	24	0	6	0	0	0	25	0	67	16	113	40	76	79
265	252	54	53	41	239	32	40	0	54	53	41	34	48	45	0	126	109	41	197	226	23	40	0	32	40	0	19	48	0	0	75	80	0	94	54	53	41	4	0	80	0	10	0	0	0	34	48	45	0	126	109	41	197	213	19	40	0	23	40	0	19	48	0	0	49	80	0	81	32	40	0	1	0	0	0	4	0	0	0	19	48	0	0	75	80	0	94	54	53	41	3	0	0	0	22	40	0	0	4	0	80	0	10	0	0	0	34	48	45	0	126	109	41	197	200	17	40	0	19	40	0	13	48	0	0	39	80	0	80	23	40	0	1	0	0	0	4	0	0	0	19	48	0	0	49	80	0	81	32	40	0	1	0	0	0	13	32	0	0	1	0	0	0	4	0	0	0	19	48	0	0	75	80	0	94	54	53	41	6	0	0	0	10	20	0	0	3	0	0	0	22	40	0	0	4	0	80	0	10	0	0	0	34	48	45	0	126	109	41	197
183	175	37	7	29	167	22	0	0	37	7	29	27	0	33	0	88	21	29	109	159	17	0	0	22	0	0	16	0	0	0	50	0	0	42	37	7	29	1	0	32	0	4	0	0	0	27	0	33	0	88	21	29	109	151	17	0	0	17	0	0	16	0	0	0	36	0	0	42	22	0	0	1	0	0	0	4	0	0	0	16	0	0	0	50	0	0	42	37	7	29	1	0	0	0	13	0	0	0	1	0	32	0	4	0	0	0	27	0	33	0	88	21	29	109	143	17	0	0	17	0	0	16	0	0	0	36	0	0	42	17	0	0	1	0	0	0	4	0	0	0	16	0	0	0	36	0	0	42	22	0	0	1	0	0	0	13	0	0	0	1	0	0	0	4	0	0	0	16	0	0	0	50	0	0	42	37	7	29	6	0	0	0	6	0	0	0	1	0	0	0	13	0	0	0	1	0	32	0	4	0	0	0	27	0	33	0	88	21	29	109
216	205	47	43	0	194	11	29	0	47	43	0	14	30	0	0	123	152	0	0	183	9	28	0	11	29	0	6	28	0	0	33	108	0	0	47	43	0	5	7	0	0	4	14	0	0	14	30	0	0	123	152	0	0	172	8	28	0	9	28	0	4	28	0	0	26	105	0	0	11	29	0	1	7	0	0	2	14	0	0	6	28	0	0	33	108	0	0	47	43	0	0	0	0	0	5	7	0	0	5	7	0	0	4	14	0	0	14	30	0	0	123	152	0	0	161	8	28	0	8	28	0	4	28	0	0	24	105	0	0	9	28	0	1	7	0	0	2	14	0	0	4	28	0	0	26	105	0	0	11	29	0	0	0	0	0	1	7	0	0	1	7	0	0	2	14	0	0	6	28	0	0	33	108	0	0	47	43	0	0	0	0	0	1	0	0	0	0	0	0	0	5	7	0	0	5	7	0	0	4	14	0	0	14	30	0	0	123	152	0	0
372	355	43	30	117	338	21	0	91	43	30	117	15	0	65	86	109	45	234	65	321	21	0	72	21	0	91	15	0	52	34	60	0	182	34	43	30	117	4	0	0	72	10	0	0	62	15	0	65	86	109	45	234	65	304	21	0	70	21	0	72	15	0	24	34	60	0	144	34	21	0	91	4	0	0	68	8	0	0	42	15	0	52	34	60	0	182	34	43	30	117	6	0	0	28	16	0	0	0	4	0	0	72	10	0	0	62	15	0	65	86	109	45	234	65	287	21	0	70	21	0	70	15	0	24	34	60	0	140	34	21	0	72	4	0	0	68	8	0	0	42	15	0	24	34	60	0	144	34	21	0	91	6	0	0	28	11	0	0	0	4	0	0	68	8	0	0	42	15	0	52	34	60	0	182	34	43	30	117	7	0	0	0	8	0	0	0	6	0	0	28	16	0	0	0	4	0	0	72	10	0	0	62	15	0	65	86	109	45	234	65
197	188	25	8	28	179	10	0	18	25	8	28	8	0	0	18	68	8	28	27	170	10	0	18	10	0	18	8	0	0	18	33	0	18	18	25	8	28	2	0	0	0	5	0	0	0	8	0	0	18	68	8	28	27	161	10	0	18	10	0	18	8	0	0	18	33	0	18	18	10	0	18	2	0	0	0	4	0	0	0	8	0	0	18	33	0	18	18	25	8	28	0	0	0	0	5	0	0	0	2	0	0	0	5	0	0	0	8	0	0	18	68	8	28	27	152	10	0	18	10	0	18	8	0	0	18	33	0	18	18	10	0	18	2	0	0	0	4	0	0	0	8	0	0	18	33	0	18	18	10	0	18	0	0	0	0	2	0	0	0	2	0	0	0	4	0	0	0	8	0	0	18	33	0	18	18	25	8	28	0	0	0	0	2	0	0	0	0	0	0	0	5	0	0	0	2	0	0	0	5	0	0	0	8	0	0	18	68	8	28	27
369	352	60	60	100	335	25	0	95	60	60	100	18	0	124	40	147	180	500	0	318	24	0	80	25	0	95	15	0	120	27	73	0	475	0	60	60	100	14	0	9	40	16	0	0	88	18	0	124	40	147	180	500	0	301	22	0	80	24	0	80	15	0	68	27	72	0	400	0	25	0	95	5	0	9	40	6	0	0	52	15	0	120	27	73	0	475	0	60	60	100	12	0	0	0	15	24	0	0	14	0	9	40	16	0	0	88	18	0	124	40	147	180	500	0	284	21	0	80	22	0	80	14	0	68	27	64	0	400	0	24	0	80	5	0	9	40	6	0	0	39	15	0	68	27	72	0	400	0	25	0	95	7	0	0	0	9	0	0	0	5	0	9	40	6	0	0	52	15	0	120	27	73	0	475	0	60	60	100	10	0	0	0	11	12	0	0	12	0	0	0	15	24	0	0	14	0	9	40	16	0	0	88	18	0	124	40	147	180	500	0
337	321	62	61	51	305	33	28	14	62	61	51	34	0	37	51	146	164	153	135	289	31	28	0	33	28	14	26	0	24	0	83	98	42	34	62	61	51	8	0	0	0	14	28	0	62	34	0	37	51	146	164	153	135	273	30	28	0	31	28	0	24	0	0	0	76	98	0	34	33	28	14	4	0	0	0	6	28	0	42	26	0	24	0	83	98	42	34	62	61	51	6	0	0	0	20	14	0	0	8	0	0	0	14	28	0	62	34	0	37	51	146	164	153	135	257	30	28	0	30	28	0	24	0	0	0	74	98	0	34	31	28	0	4	0	0	0	6	28	0	42	24	0	0	0	76	98	0	34	33	28	14	6	0	0	0	14	14	0	0	4	0	0	0	6	28	0	42	26	0	24	0	83	98	42	34	62	61	51	7	0	0	0	11	0	0	0	6	0	0	0	20	14	0	0	8	0	0	0	14	28	0	62	34	0	37	51	146	164	153	135
294	279	56	77	16	264	21	45	5	56	77	16	13	46	24	15	132	199	64	27	249	21	44	0	21	45	5	13	44	15	0	59	122	20	18	56	77	16	7	11	0	0	15	0	0	7	13	46	24	15	132	199	64	27	234	20	44	0	21	44	0	13	44	0	0	59	121	0	18	21	45	5	3	11	0	0	8	0	0	0	13	44	15	0	59	122	20	18	56	77	16	6	0	0	0	14	7	0	0	7	11	0	0	15	0	0	7	13	46	24	15	132	199	64	27	219	20	44	0	20	44	0	13	44	0	0	55	121	0	18	21	44	0	3	11	0	0	8	0	0	0	13	44	0	0	59	121	0	18	21	45	5	6	0	0	0	11	0	0	0	3	11	0	0	8	0	0	0	13	44	15	0	59	122	20	18	56	77	16	7	0	0	0	11	0	0	0	6	0	0	0	14	7	0	0	7	11	0	0	15	0	0	7	13	46	24	15	132	199	64	27
314	299	48	14	127	284	33	0	65	48	14	127	24	0	0	108	116	14	127	312	269	32	0	57	33	0	65	23	0	0	90	93	0	65	223	48	14	127	16	0	0	63	15	14	0	0	24	0	0	108	116	14	127	312	254	30	0	29	32	0	57	23	0	0	41	89	0	57	170	33	0	65	7	0	0	0	6	0	0	0	23	0	0	90	93	0	65	223	48	14	127	17	0	0	24	16	0	0	150	16	0	0	63	15	14	0	0	24	0	0	108	116	14	127	312	239	27	0	29	30	0	29	22	0	0	41	81	0	29	168	32	0	57	6	0	0	0	6	0	0	0	23	0	0	41	89	0	57	170	33	0	65	11	0	0	24	16	0	0	94	7	0	0	0	6	0	0	0	23	0	0	90	93	0	65	223	48	14	127	12	0	11	0	12	14	0	0	17	0	0	24	16	0	0	150	16	0	0	63	15	14	0	0	24	0	0	108	116	14	127	312
329	313	59	59	84	297	33	15	61	59	59	84	31	0	37	50	144	137	336	116	281	30	11	60	33	15	61	25	0	36	49	99	60	244	100	59	59	84	12	44	0	12	13	33	0	0	31	0	37	50	144	137	336	116	265	29	0	45	30	11	60	25	0	36	33	87	44	240	80	33	15	61	7	0	0	0	2	0	0	0	25	0	36	49	99	60	244	100	59	59	84	17	0	0	39	12	0	84	88	12	44	0	12	13	33	0	0	31	0	37	50	144	137	336	116	249	27	0	44	29	0	45	24	0	36	33	83	0	180	80	30	11	60	6	0	0	0	2	0	0	0	25	0	36	33	87	44	240	80	33	15	61	11	0	0	38	12	0	61	52	7	0	0	0	2	0	0	0	25	0	36	49	99	60	244	100	59	59	84	12	0	0	14	13	11	0	0	17	0	0	39	12	0	84	88	12	44	0	12	13	33	0	0	31	0	37	50	144	137	336	116
290	275	54	65	49	260	27	36	18	54	65	49	21	24	37	9	127	119	147	167	245	25	36	18	27	36	18	17	24	36	9	83	72	54	114	54	65	49	16	0	0	0	15	18	0	0	21	24	37	9	127	119	147	167	230	23	36	18	25	36	18	17	24	36	9	75	72	54	80	27	36	18	7	0	0	0	4	0	0	0	17	24	36	9	83	72	54	114	54	65	49	17	0	0	0	11	0	0	0	16	0	0	0	15	18	0	0	21	24	37	9	127	119	147	167	215	21	36	18	23	36	18	16	24	36	9	67	72	54	80	25	36	18	6	0	0	0	4	0	0	0	17	24	36	9	75	72	54	80	27	36	18	11	0	0	0	11	0	0	0	7	0	0	0	4	0	0	0	17	24	36	9	83	72	54	114	54	65	49	12	0	0	0	12	9	0	0	17	0	0	0	11	0	0	0	16	0	0	0	15	18	0	0	21	24	37	9	127	119	147	167
395	375	85	125	75	355	49	68	58	85	125	75	46	33	37	46	200	327	375	100	335	46	62	52	49	68	58	40	32	36	36	132	224	290	95	85	125	75	13	71	0	43	18	33	0	0	46	33	37	46	200	327	375	100	315	39	45	24	46	62	52	40	27	36	9	120	203	260	80	49	68	58	6	16	0	0	4	0	0	0	40	32	36	36	132	224	290	95	85	125	75	13	73	28	18	29	54	75	125	13	71	0	43	18	33	0	0	46	33	37	46	200	327	375	100	295	30	28	18	39	45	24	27	11	36	9	98	139	120	80	46	62	52	5	11	0	0	4	0	0	0	40	27	36	9	120	203	260	80	49	68	58	10	17	28	0	19	51	58	52	6	16	0	0	4	0	0	0	40	32	36	36	132	224	290	95	85	125	75	12	72	59	0	25	47	75	19	13	73	28	18	29	54	75	125	13	71	0	43	18	33	0	0	46	33	37	46	200	327	375	100
335	317	67	103	70	299	36	80	21	67	103	70	37	42	0	37	161	242	140	284	281	33	78	17	36	80	21	28	42	0	27	101	214	42	205	67	103	70	21	24	0	27	17	34	0	0	37	42	0	37	161	242	140	284	263	27	72	0	33	78	17	26	36	0	0	90	208	34	152	36	80	21	5	24	0	0	4	24	0	0	28	42	0	27	101	214	42	205	67	103	70	13	72	0	0	20	48	0	95	21	24	0	27	17	34	0	0	37	42	0	37	161	242	140	284	245	22	68	0	27	72	0	19	36	0	0	72	192	0	150	33	78	17	4	24	0	0	4	24	0	0	26	36	0	0	90	208	34	152	36	80	21	5	72	0	0	14	48	0	52	5	24	0	0	4	24	0	0	28	42	0	27	101	214	42	205	67	103	70	8	40	11	0	19	34	0	0	13	72	0	0	20	48	0	95	21	24	0	27	17	34	0	0	37	42	0	37	161	242	140	284
279	265	44	13	96	251	33	0	49	44	13	96	28	0	25	57	125	0	96	278	237	28	0	48	33	0	49	22	0	25	54	102	0	49	158	44	13	96	6	0	22	9	5	0	0	0	28	0	25	57	125	0	96	278	223	27	0	48	28	0	48	21	0	25	54	82	0	48	147	33	0	49	6	0	0	9	2	0	0	0	22	0	25	54	102	0	49	158	44	13	96	12	0	11	0	12	0	0	0	6	0	22	9	5	0	0	0	28	0	25	57	125	0	96	278	209	23	0	48	27	0	48	20	0	25	54	79	0	48	87	28	0	48	4	0	0	9	2	0	0	0	21	0	25	54	82	0	48	147	33	0	49	11	0	0	0	12	0	0	0	6	0	0	9	2	0	0	0	22	0	25	54	102	0	49	158	44	13	96	3	0	31	0	8	0	0	0	12	0	11	0	12	0	0	0	6	0	22	9	5	0	0	0	28	0	25	57	125	0	96	278
331	312	70	120	67	293	37	101	9	70	120	67	30	118	0	27	187	343	67	405	274	33	88	9	37	101	9	25	104	0	27	108	315	9	223	69	120	67	6	36	22	0	14	0	67	0	30	118	0	27	186	343	67	405	255	29	83	9	33	88	9	24	100	0	27	92	266	9	204	36	101	9	3	35	0	0	2	0	9	0	25	104	0	27	107	315	9	223	66	120	67	9	58	11	0	19	36	0	0	6	36	22	0	14	0	67	0	28	118	0	27	177	343	67	405	236	24	71	9	29	83	9	17	96	0	27	81	253	9	116	32	88	9	2	23	0	0	2	0	9	0	24	100	0	27	91	266	9	204	33	101	9	7	48	0	0	11	36	0	0	3	35	0	0	2	0	9	0	23	104	0	27	98	315	9	223	63	120	67	1	23	31	0	17	24	67	0	9	58	11	0	19	36	0	0	6	36	22	0	14	0	67	0	25	118	0	27	169	343	67	405
287	272	55	57	59	257	30	24	25	55	57	59	29	30	25	27	149	184	177	208	242	25	14	25	30	24	25	21	0	25	27	96	82	75	137	55	57	59	5	0	22	0	11	10	59	0	29	30	25	27	149	184	177	208	227	24	14	25	25	14	25	20	0	25	27	77	42	75	130	30	24	25	5	0	0	0	2	0	25	0	21	0	25	27	96	82	75	137	55	57	59	8	0	11	0	11	0	0	0	5	0	22	0	11	10	59	0	29	30	25	27	149	184	177	208	212	22	14	25	24	14	25	19	0	25	27	74	42	75	87	25	14	25	3	0	0	0	2	0	25	0	20	0	25	27	77	42	75	130	30	24	25	7	0	0	0	10	0	0	0	5	0	0	0	2	0	25	0	21	0	25	27	96	82	75	137	55	57	59	3	0	11	0	7	0	0	0	8	0	11	0	11	0	0	0	5	0	22	0	11	10	59	0	29	30	25	27	149	184	177	208
238	224	66	71	22	210	33	51	0	66	71	22	26	66	0	0	184	231	44	159	196	28	45	0	33	51	0	17	54	0	0	107	177	0	119	63	71	22	14	0	22	0	25	6	22	0	26	66	0	0	180	231	44	159	182	25	45	0	28	45	0	16	54	0	0	88	153	0	112	30	51	0	6	0	0	0	6	0	0	0	17	54	0	0	103	177	0	119	61	71	22	13	0	11	0	19	22	0	0	14	0	22	0	25	6	22	0	24	66	0	0	173	231	44	159	168	21	45	0	25	45	0	13	54	0	0	77	153	0	69	25	45	0	4	0	0	0	6	0	0	0	16	54	0	0	84	153	0	112	28	51	0	7	0	0	0	10	18	0	0	6	0	0	0	6	0	0	0	15	54	0	0	96	177	0	119	61	71	22	5	0	11	0	14	22	0	0	13	0	11	0	19	22	0	0	14	0	22	0	25	6	22	0	24	66	0	0	173	231	44	159
163	154	48	25	11	145	29	14	0	48	25	11	31	7	0	0	138	77	22	75	136	24	14	0	29	14	0	20	7	0	0	94	49	0	58	47	25	11	5	0	11	0	11	5	0	0	31	7	0	0	137	77	22	75	127	23	14	0	24	14	0	19	7	0	0	75	49	0	52	28	14	0	5	0	0	0	2	0	0	0	20	7	0	0	93	49	0	58	45	25	11	8	0	11	0	13	0	0	0	5	0	11	0	11	5	0	0	29	7	0	0	130	77	22	75	118	21	14	0	23	14	0	18	7	0	0	72	49	0	24	23	14	0	3	0	0	0	2	0	0	0	19	7	0	0	74	49	0	52	26	14	0	7	0	0	0	10	0	0	0	5	0	0	0	2	0	0	0	18	7	0	0	86	49	0	58	45	25	11	3	0	11	0	9	0	0	0	8	0	11	0	13	0	0	0	5	0	11	0	11	5	0	0	29	7	0	0	130	77	22	75
183	173	30	9	64	163	19	9	16	30	9	64	19	0	26	32	88	27	0	255	153	19	9	16	19	9	16	19	0	0	32	58	27	0	83	30	9	64	3	0	0	0	10	0	0	0	19	0	26	32	88	27	0	255	143	18	9	16	19	9	16	19	0	0	32	58	27	0	82	19	9	16	2	0	0	0	3	0	0	0	19	0	0	32	58	27	0	83	30	9	64	4	0	10	0	6	0	0	0	3	0	0	0	10	0	0	0	19	0	26	32	88	27	0	255	133	18	9	16	18	9	16	19	0	0	32	57	27	0	82	19	9	16	2	0	0	0	3	0	0	0	19	0	0	32	58	27	0	82	19	9	16	4	0	0	0	5	0	0	0	2	0	0	0	3	0	0	0	19	0	0	32	58	27	0	83	30	9	64	2	0	0	0	4	0	0	0	4	0	10	0	6	0	0	0	3	0	0	0	10	0	0	0	19	0	26	32	88	27	0	255
262	248	41	40	63	234	19	0	51	41	40	63	14	0	30	18	108	110	252	59	220	18	0	51	19	0	51	9	0	20	18	63	0	204	25	41	40	63	2	0	0	0	9	0	0	0	14	0	30	18	108	110	252	59	206	18	0	51	18	0	51	9	0	20	18	60	0	204	25	19	0	51	2	0	0	0	9	0	0	0	9	0	20	18	63	0	204	25	41	40	63	3	0	0	0	4	0	0	0	2	0	0	0	9	0	0	0	14	0	30	18	108	110	252	59	192	18	0	51	18	0	51	9	0	20	18	60	0	204	25	18	0	51	2	0	0	0	9	0	0	0	9	0	20	18	60	0	204	25	19	0	51	3	0	0	0	4	0	0	0	2	0	0	0	9	0	0	0	9	0	20	18	63	0	204	25	41	40	63	1	0	0	0	2	0	0	0	3	0	0	0	4	0	0	0	2	0	0	0	9	0	0	0	14	0	30	18	108	110	252	59
284	267	71	104	31	250	29	62	10	70	104	31	20	61	36	0	190	335	155	92	233	27	54	10	28	62	10	16	26	20	0	97	218	50	25	70	104	31	9	15	0	0	28	30	31	0	20	61	36	0	190	335	155	92	216	25	52	10	26	54	10	16	26	20	0	89	192	50	25	28	62	10	1	13	0	0	9	26	10	0	16	26	20	0	97	218	50	25	70	104	31	5	26	0	0	14	26	0	0	9	15	0	0	28	30	31	0	20	61	36	0	190	335	155	92	199	24	52	10	24	52	10	14	26	20	0	81	182	50	25	26	54	10	1	13	0	0	9	26	10	0	16	26	20	0	89	192	50	25	28	62	10	1	26	0	0	6	26	0	0	1	13	0	0	9	26	10	0	16	26	20	0	97	218	50	25	70	104	31	7	0	0	0	8	13	0	0	5	26	0	0	14	26	0	0	9	15	0	0	28	30	31	0	20	61	36	0	190	335	155	92
136	127	35	28	0	118	13	20	0	35	28	0	17	20	0	0	96	62	0	0	109	9	20	0	13	20	0	4	20	0	0	43	50	0	0	35	28	0	2	0	0	0	6	15	0	0	17	20	0	0	96	62	0	0	100	9	20	0	9	20	0	4	20	0	0	29	50	0	0	13	20	0	2	0	0	0	6	15	0	0	4	20	0	0	43	50	0	0	35	28	0	2	0	0	0	2	0	0	0	2	0	0	0	6	15	0	0	17	20	0	0	96	62	0	0	91	9	20	0	9	20	0	4	20	0	0	29	50	0	0	9	20	0	2	0	0	0	6	15	0	0	4	20	0	0	29	50	0	0	13	20	0	2	0	0	0	2	0	0	0	2	0	0	0	6	15	0	0	4	20	0	0	43	50	0	0	35	28	0	0	0	0	0	1	0	0	0	2	0	0	0	2	0	0	0	2	0	0	0	6	15	0	0	17	20	0	0	96	62	0	0
104	98	30	11	0	92	15	5	0	30	11	0	17	0	0	0	84	19	0	0	86	12	5	0	15	5	0	8	0	0	0	50	10	0	0	30	11	0	2	0	0	0	7	10	0	0	17	0	0	0	84	19	0	0	80	12	5	0	12	5	0	8	0	0	0	39	10	0	0	15	5	0	2	0	0	0	7	10	0	0	8	0	0	0	50	10	0	0	30	11	0	2	0	0	0	2	0	0	0	2	0	0	0	7	10	0	0	17	0	0	0	84	19	0	0	74	12	5	0	12	5	0	8	0	0	0	39	10	0	0	12	5	0	2	0	0	0	7	10	0	0	8	0	0	0	39	10	0	0	15	5	0	2	0	0	0	2	0	0	0	2	0	0	0	7	10	0	0	8	0	0	0	50	10	0	0	30	11	0	0	0	0	0	1	0	0	0	2	0	0	0	2	0	0	0	2	0	0	0	7	10	0	0	17	0	0	0	84	19	0	0
223	210	34	32	52	197	13	12	30	33	32	52	5	0	27	20	87	70	104	94	184	13	12	30	12	12	30	5	0	20	20	43	60	60	61	33	32	52	2	0	0	0	9	0	0	0	5	0	27	20	87	70	104	94	171	13	12	29	12	12	30	5	0	20	20	43	60	60	61	12	12	30	2	0	0	0	6	0	0	0	5	0	20	20	43	60	60	61	33	32	52	3	0	0	9	5	0	0	0	2	0	0	0	9	0	0	0	5	0	27	20	87	70	104	94	158	13	12	29	12	12	29	5	0	18	20	43	60	58	61	12	12	30	2	0	0	0	6	0	0	0	5	0	20	20	43	60	60	61	12	12	30	3	0	0	9	4	0	0	0	2	0	0	0	6	0	0	0	5	0	20	20	43	60	60	61	33	32	52	1	0	0	0	2	0	0	0	3	0	0	9	5	0	0	0	2	0	0	0	9	0	0	0	5	0	27	20	87	70	104	94
320	302	61	56	113	284	36	0	88	61	56	113	27	0	76	72	153	112	452	94	266	33	0	53	36	0	88	23	0	69	20	118	0	352	61	61	56	113	5	0	38	99	6	0	0	148	27	0	76	72	153	112	452	94	248	33	0	29	33	0	53	23	0	64	20	116	0	212	61	36	0	88	5	0	37	0	6	0	0	34	23	0	69	20	118	0	352	61	61	56	113	10	0	0	19	28	0	0	159	5	0	38	99	6	0	0	148	27	0	76	72	153	112	452	94	230	32	0	29	33	0	29	23	0	48	20	116	0	116	61	33	0	53	4	0	22	0	6	0	0	34	23	0	64	20	116	0	212	61	36	0	88	10	0	0	19	17	0	0	119	5	0	37	0	6	0	0	34	23	0	69	20	118	0	352	61	61	56	113	21	0	11	0	18	0	0	0	10	0	0	19	28	0	0	159	5	0	38	99	6	0	0	148	27	0	76	72	153	112	452	94
191	179	41	38	24	167	17	28	0	40	38	24	11	19	7	0	114	103	24	94	155	15	27	0	16	28	0	7	18	0	0	56	95	0	61	40	38	24	1	9	0	0	10	18	0	0	11	19	7	0	114	103	24	94	143	15	27	0	14	27	0	7	18	0	0	48	90	0	61	16	28	0	1	9	0	0	7	18	0	0	7	18	0	0	56	95	0	61	40	38	24	3	0	0	0	4	0	0	0	1	9	0	0	10	18	0	0	11	19	7	0	114	103	24	94	131	15	27	0	14	27	0	7	18	0	0	48	90	0	61	14	27	0	1	9	0	0	7	18	0	0	7	18	0	0	48	90	0	61	16	28	0	3	0	0	0	4	0	0	0	1	9	0	0	7	18	0	0	7	18	0	0	56	95	0	61	40	38	24	1	0	0	0	2	0	0	0	3	0	0	0	4	0	0	0	1	9	0	0	10	18	0	0	11	19	7	0	114	103	24	94
205	192	53	57	17	179	21	32	0	52	57	17	10	11	7	0	131	191	68	94	166	21	32	0	20	32	0	10	11	0	0	71	139	0	61	52	57	17	11	0	0	0	20	0	0	0	10	11	7	0	131	191	68	94	153	19	31	0	20	32	0	10	11	0	0	71	139	0	61	20	32	0	3	0	0	0	8	0	0	0	10	11	0	0	71	139	0	61	52	57	17	8	10	0	0	19	20	0	0	11	0	0	0	20	0	0	0	10	11	7	0	131	191	68	94	140	18	30	0	18	31	0	8	10	0	0	63	134	0	61	20	32	0	3	0	0	0	8	0	0	0	10	11	0	0	71	139	0	61	20	32	0	4	10	0	0	6	20	0	0	3	0	0	0	8	0	0	0	10	11	0	0	71	139	0	61	52	57	17	18	10	0	0	11	10	0	0	8	10	0	0	19	20	0	0	11	0	0	0	20	0	0	0	10	11	7	0	131	191	68	94
149	140	33	23	7	131	13	8	0	33	23	7	5	0	7	0	78	52	21	31	122	13	8	0	13	8	0	5	0	0	0	47	32	0	10	33	23	7	2	0	0	0	4	0	0	0	5	0	7	0	78	52	21	31	113	13	8	0	13	8	0	5	0	0	0	47	32	0	10	13	8	0	2	0	0	0	4	0	0	0	5	0	0	0	47	32	0	10	33	23	7	3	0	0	0	12	0	0	0	2	0	0	0	4	0	0	0	5	0	7	0	78	52	21	31	104	13	8	0	13	8	0	5	0	0	0	47	32	0	10	13	8	0	2	0	0	0	4	0	0	0	5	0	0	0	47	32	0	10	13	8	0	3	0	0	0	6	0	0	0	2	0	0	0	4	0	0	0	5	0	0	0	47	32	0	10	33	23	7	7	0	0	0	7	0	0	0	3	0	0	0	12	0	0	0	2	0	0	0	4	0	0	0	5	0	7	0	78	52	21	31
170	160	15	0	75	150	10	0	29	15	0	75	3	0	12	31	40	0	0	213	140	10	0	29	10	0	29	3	0	11	31	37	0	0	118	15	0	75	1	0	0	0	2	0	0	0	3	0	12	31	40	0	0	213	130	10	0	29	10	0	29	3	0	11	31	37	0	0	83	10	0	29	1	0	0	0	2	0	0	0	3	0	11	31	37	0	0	118	15	0	75	1	0	0	0	11	0	0	0	1	0	0	0	2	0	0	0	3	0	12	31	40	0	0	213	120	10	0	27	10	0	29	3	0	11	28	37	0	0	58	10	0	29	1	0	0	0	2	0	0	0	3	0	11	31	37	0	0	83	10	0	29	1	0	0	0	4	0	0	0	1	0	0	0	2	0	0	0	3	0	11	31	37	0	0	118	15	0	75	7	0	0	19	6	0	0	0	1	0	0	0	11	0	0	0	1	0	0	0	2	0	0	0	3	0	12	31	40	0	0	213
276	259	64	66	92	242	40	30	58	64	66	92	30	0	85	82	166	111	276	137	225	40	30	51	40	30	58	30	0	83	47	126	75	174	88	62	66	92	18	0	0	0	28	0	0	31	30	0	85	82	163	111	276	137	208	33	30	46	40	30	51	30	0	83	42	126	75	153	53	38	30	58	5	0	0	0	10	0	0	10	30	0	83	47	123	75	174	88	62	66	92	15	0	0	55	35	90	0	0	18	0	0	0	28	0	0	31	30	0	85	82	163	111	276	137	191	27	24	30	33	30	46	21	0	78	28	106	75	138	29	38	30	51	5	0	0	0	10	0	0	10	30	0	83	42	123	75	153	53	38	30	58	5	0	0	0	10	30	0	0	5	0	0	0	10	0	0	10	30	0	83	47	123	75	174	88	62	66	92	17	72	17	52	19	66	0	75	15	0	0	55	35	90	0	0	18	0	0	0	28	0	0	31	30	0	85	82	163	111	276	137
186	175	33	10	55	164	17	0	19	33	10	55	7	0	36	11	77	0	55	189	153	17	0	19	17	0	19	7	0	35	11	54	0	19	118	33	10	55	1	0	0	0	4	0	0	0	7	0	36	11	77	0	55	189	142	16	0	19	17	0	19	7	0	35	11	54	0	19	83	17	0	19	1	0	0	0	2	0	0	0	7	0	35	11	54	0	19	118	33	10	55	3	0	0	0	27	10	0	0	1	0	0	0	4	0	0	0	7	0	36	11	77	0	55	189	131	16	0	18	16	0	19	7	0	35	10	52	0	19	58	17	0	19	1	0	0	0	2	0	0	0	7	0	35	11	54	0	19	83	17	0	19	3	0	0	0	6	0	0	0	1	0	0	0	2	0	0	0	7	0	35	11	54	0	19	118	33	10	55	19	0	0	10	16	0	0	0	3	0	0	0	27	10	0	0	1	0	0	0	4	0	0	0	7	0	36	11	77	0	55	189
170	158	55	49	8	146	29	27	8	55	49	8	34	18	24	0	126	86	40	0	134	27	27	8	29	27	8	26	18	24	0	81	45	40	0	55	49	8	12	0	0	0	12	8	0	0	34	18	24	0	126	86	40	0	122	21	27	8	27	27	8	24	18	24	0	74	45	40	0	29	27	8	3	0	0	0	4	0	0	0	26	18	24	0	81	45	40	0	55	49	8	6	0	0	0	25	24	0	0	12	0	0	0	12	8	0	0	34	18	24	0	126	86	40	0	110	18	27	8	21	27	8	17	18	24	0	60	45	40	0	27	27	8	3	0	0	0	4	0	0	0	24	18	24	0	74	45	40	0	29	27	8	2	0	0	0	6	0	0	0	3	0	0	0	4	0	0	0	26	18	24	0	81	45	40	0	55	49	8	20	0	0	0	15	12	0	0	6	0	0	0	25	24	0	0	12	0	0	0	12	8	0	0	34	18	24	0	126	86	40	0
205	190	71	87	20	175	36	63	0	69	87	20	35	46	0	0	169	252	80	130	160	34	62	0	34	63	0	25	44	0	0	94	211	0	88	67	87	20	16	11	0	0	27	24	0	0	35	46	0	0	166	252	80	130	145	27	60	0	32	62	0	25	44	0	0	91	210	0	53	32	63	0	3	11	0	0	6	22	0	0	25	44	0	0	91	211	0	88	67	87	20	10	18	0	0	27	43	0	0	16	11	0	0	27	24	0	0	35	46	0	0	166	252	80	130	130	22	48	0	25	60	0	16	40	0	0	71	200	0	29	30	62	0	3	11	0	0	6	22	0	0	25	44	0	0	88	210	0	53	32	63	0	1	18	0	0	10	18	0	0	3	11	0	0	6	22	0	0	25	44	0	0	91	211	0	88	67	87	20	11	76	0	0	16	33	0	0	10	18	0	0	27	43	0	0	16	11	0	0	27	24	0	0	35	46	0	0	166	252	80	130
189	177	43	11	71	165	31	11	34	43	11	71	36	0	0	66	109	22	0	175	153	29	11	33	31	11	34	28	0	0	63	84	22	0	85	43	11	71	12	0	0	11	12	0	0	0	36	0	0	66	109	22	0	175	141	24	0	33	29	11	33	26	0	0	63	77	22	0	78	31	11	34	3	0	0	11	4	0	0	0	28	0	0	63	84	22	0	85	43	11	71	6	0	0	0	10	0	71	0	12	0	0	11	12	0	0	0	36	0	0	66	109	22	0	175	129	17	0	33	24	0	33	19	0	0	63	65	0	0	73	29	11	33	3	0	0	11	4	0	0	0	26	0	0	63	77	22	0	78	31	11	34	2	0	0	0	6	0	34	0	3	0	0	11	4	0	0	0	28	0	0	63	84	22	0	85	43	11	71	6	0	34	0	8	0	0	0	6	0	0	0	10	0	71	0	12	0	0	11	12	0	0	0	36	0	0	66	109	22	0	175
270	252	76	83	88	234	52	65	63	76	83	88	53	78	0	47	205	208	88	120	216	46	62	61	52	65	63	41	78	0	46	149	169	63	66	74	83	88	22	36	24	27	25	24	0	0	53	78	0	47	202	208	88	120	198	32	24	60	46	62	61	30	72	0	46	129	161	61	59	50	65	63	6	0	24	26	9	0	0	0	41	78	0	46	146	169	63	66	74	83	88	9	24	102	10	17	44	264	0	22	36	24	27	25	24	0	0	53	78	0	47	202	208	88	120	180	24	0	43	32	24	60	23	0	0	41	89	60	60	54	44	62	61	5	0	23	11	9	0	0	0	30	72	0	46	126	161	61	59	50	65	63	2	0	101	0	8	26	189	0	6	0	24	26	9	0	0	0	41	78	0	46	146	169	63	66	74	83	88	8	0	46	75	17	32	176	67	9	24	102	10	17	44	264	0	22	36	24	27	25	24	0	0	53	78	0	47	202	208	88	120
202	188	55	52	48	174	39	24	36	55	52	48	47	12	0	30	149	92	144	28	160	35	24	36	39	24	36	35	12	0	30	108	36	108	8	55	52	48	15	0	0	0	15	18	0	0	47	12	0	30	149	92	144	28	146	28	24	36	35	24	36	31	12	0	30	96	36	108	8	39	24	36	4	0	0	0	6	0	0	0	35	12	0	30	108	36	108	8	55	52	48	6	0	0	0	10	9	0	0	15	0	0	0	15	18	0	0	47	12	0	30	149	92	144	28	132	23	24	36	28	24	36	24	12	0	30	81	36	108	8	35	24	36	4	0	0	0	6	0	0	0	31	12	0	30	96	36	108	8	39	24	36	2	0	0	0	6	0	0	0	4	0	0	0	6	0	0	0	35	12	0	30	108	36	108	8	55	52	48	6	0	10	0	8	0	0	0	6	0	0	0	10	9	0	0	15	0	0	0	15	18	0	0	47	12	0	30	149	92	144	28
251	234	69	93	52	217	39	47	47	69	93	52	41	98	14	14	181	252	208	8	200	35	25	47	39	47	47	35	18	14	14	105	121	188	8	69	93	52	10	36	19	0	14	18	104	0	41	98	14	14	181	252	208	8	183	26	16	47	35	25	47	30	0	14	14	94	50	188	8	39	47	47	3	0	19	0	5	0	94	0	35	18	14	14	105	121	188	8	69	93	52	4	0	36	0	8	9	52	0	10	36	19	0	14	18	104	0	41	98	14	14	181	252	208	8	166	23	16	45	26	16	47	23	0	14	14	73	32	188	8	35	25	47	3	0	19	0	5	0	94	0	30	0	14	14	94	50	188	8	39	47	47	0	0	36	0	4	0	47	0	3	0	19	0	5	0	94	0	35	18	14	14	105	121	188	8	68	93	52	2	0	0	20	7	0	0	0	4	0	36	0	8	9	52	0	10	36	19	0	14	18	104	0	41	98	14	14	177	252	208	8
217	199	80	124	21	181	42	97	0	78	124	21	46	149	0	0	186	351	42	120	163	36	93	0	40	97	0	24	141	0	0	100	295	0	66	75	124	21	12	36	0	0	16	36	0	0	45	149	0	0	181	351	42	120	145	30	84	0	34	93	0	20	139	0	0	85	287	0	59	37	97	0	3	22	0	0	6	22	0	0	23	141	0	0	95	295	0	66	75	124	21	5	14	0	0	22	7	21	0	12	36	0	0	16	36	0	0	45	149	0	0	181	351	42	120	127	23	75	0	28	84	0	14	132	0	0	72	271	0	54	31	93	0	3	22	0	0	6	22	0	0	19	139	0	0	80	287	0	59	37	97	0	2	0	0	0	12	0	0	0	3	22	0	0	6	22	0	0	23	141	0	0	95	295	0	66	75	124	21	11	20	34	0	22	10	21	0	5	14	0	0	22	7	21	0	12	36	0	0	16	36	0	0	45	149	0	0	181	351	42	120
152	141	45	31	26	130	20	10	7	45	31	26	19	0	26	7	123	96	78	100	119	17	10	7	20	10	7	13	0	7	7	53	40	21	83	45	31	26	3	0	9	0	3	0	0	0	19	0	26	7	123	96	78	100	108	16	10	7	17	10	7	11	0	7	7	46	40	21	83	20	10	7	1	0	0	0	3	0	0	0	13	0	7	7	53	40	21	83	45	31	26	0	0	0	0	2	0	0	0	3	0	9	0	3	0	0	0	19	0	26	7	123	96	78	100	97	16	10	7	16	10	7	11	0	7	7	45	40	21	83	17	10	7	1	0	0	0	3	0	0	0	11	0	7	7	46	40	21	83	20	10	7	0	0	0	0	2	0	0	0	1	0	0	0	3	0	0	0	13	0	7	7	53	40	21	83	38	31	26	0	0	0	0	3	0	0	0	0	0	0	0	2	0	0	0	3	0	9	0	3	0	0	0	19	0	26	7	102	96	78	100
145	135	39	25	28	125	14	0	18	39	25	28	11	0	48	7	102	75	140	52	115	12	0	18	14	0	18	7	0	29	7	39	0	90	47	39	25	28	0	0	20	0	1	0	0	0	11	0	48	7	102	75	140	52	105	12	0	18	12	0	18	7	0	29	7	36	0	90	47	14	0	18	0	0	11	0	1	0	0	0	7	0	29	7	39	0	90	47	38	25	28	0	0	0	0	0	0	0	0	0	0	20	0	1	0	0	0	11	0	48	7	100	75	140	52	95	12	0	18	12	0	18	7	0	29	7	36	0	90	47	12	0	18	0	0	11	0	1	0	0	0	7	0	29	7	36	0	90	47	13	0	18	0	0	0	0	0	0	0	0	0	0	11	0	1	0	0	0	7	0	29	7	37	0	90	47	32	25	28	0	0	0	0	0	0	0	0	0	0	0	0	0	0	0	0	0	0	20	0	1	0	0	0	8	0	48	7	83	75	140	52
180	165	72	87	37	150	42	65	0	71	87	37	43	86	18	0	185	226	74	209	135	36	50	0	41	65	0	38	56	0	0	114	162	0	146	66	87	37	14	23	52	0	14	14	74	0	41	86	18	0	178	226	74	209	120	31	44	0	35	50	0	31	44	0	0	99	127	0	144	36	65	0	10	11	0	0	7	12	0	0	36	56	0	0	107	162	0	146	60	87	37	9	0	31	0	10	24	37	0	12	23	52	0	14	14	74	0	34	86	18	0	158	226	74	209	105	28	44	0	30	44	0	27	44	0	0	86	121	0	143	30	50	0	10	11	0	0	7	11	0	0	29	44	0	0	92	127	0	144	30	65	0	4	0	0	0	6	22	0	0	8	11	0	0	7	12	0	0	29	56	0	0	87	162	0	146	55	87	37	7	0	0	0	12	34	0	0	9	0	31	0	10	24	37	0	11	23	52	0	14	14	74	0	28	86	18	0	140	226	74	209
121	111	47	29	25	101	25	21	0	47	29	25	31	14	18	0	129	93	25	121	91	20	21	0	25	21	0	22	14	0	0	69	63	0	83	47	29	25	5	0	16	0	10	9	0	0	31	14	18	0	129	93	25	121	81	18	21	0	20	21	0	19	14	0	0	57	63	0	83	25	21	0	3	0	0	0	4	7	0	0	22	14	0	0	69	63	0	83	46	29	25	0	0	7	0	4	0	0	0	5	0	16	0	10	9	0	0	31	14	18	0	126	93	25	121	71	18	21	0	18	21	0	19	14	0	0	55	63	0	83	20	21	0	3	0	0	0	4	7	0	0	19	14	0	0	57	63	0	83	24	21	0	0	0	0	0	2	0	0	0	3	0	0	0	4	7	0	0	22	14	0	0	66	63	0	83	42	29	25	2	0	0	0	4	0	0	0	0	0	7	0	4	0	0	0	5	0	16	0	10	9	0	0	28	14	18	0	112	93	25	121
73	68	24	6	0	63	10	0	0	24	6	0	6	0	0	0	71	15	0	0	58	10	0	0	10	0	0	6	0	0	0	33	0	0	0	24	6	0	0	0	0	0	2	0	0	0	6	0	0	0	71	15	0	0	53	10	0	0	10	0	0	6	0	0	0	33	0	0	0	10	0	0	0	0	0	0	2	0	0	0	6	0	0	0	33	0	0	0	24	6	0	0	0	0	0	0	0	0	0	0	0	0	0	2	0	0	0	6	0	0	0	71	15	0	0	48	10	0	0	10	0	0	6	0	0	0	33	0	0	0	10	0	0	0	0	0	0	2	0	0	0	6	0	0	0	33	0	0	0	10	0	0	0	0	0	0	0	0	0	0	0	0	0	0	2	0	0	0	6	0	0	0	33	0	0	0	21	6	0	0	0	0	0	0	0	0	0	0	0	0	0	0	0	0	0	0	0	0	0	2	0	0	0	6	0	0	0	62	15	0	0
207	192	50	36	79	177	24	0	54	50	36	79	21	0	91	63	124	72	237	91	162	23	0	42	24	0	54	19	0	74	25	68	0	162	25	49	36	79	6	0	6	31	3	0	0	52	21	0	91	63	123	72	237	91	147	23	0	42	23	0	42	19	0	59	25	67	0	126	25	23	0	54	6	0	0	31	3	0	0	47	19	0	74	25	67	0	162	25	45	36	79	4	0	0	0	4	0	0	0	6	0	6	31	3	0	0	52	18	0	91	63	111	72	237	91	132	23	0	42	23	0	42	19	0	59	25	67	0	126	25	22	0	42	6	0	0	31	3	0	0	47	19	0	59	25	66	0	126	25	19	0	54	4	0	0	0	4	0	0	0	6	0	0	31	3	0	0	47	16	0	74	25	55	0	162	25	38	36	79	1	0	0	0	8	0	0	0	4	0	0	0	4	0	0	0	5	0	6	31	3	0	0	52	12	0	91	63	90	72	237	91
124	115	28	14	29	106	10	0	23	28	14	29	7	0	24	11	68	21	58	28	97	10	0	23	10	0	23	7	0	23	11	30	0	46	18	28	14	29	0	0	0	0	1	0	0	0	7	0	24	11	68	21	58	28	88	10	0	23	10	0	23	7	0	23	11	30	0	46	18	10	0	23	0	0	0	0	1	0	0	0	7	0	23	11	30	0	46	18	27	14	29	0	0	0	0	0	0	0	0	0	0	0	0	1	0	0	0	7	0	24	11	66	21	58	28	79	10	0	23	10	0	23	7	0	23	11	30	0	46	18	10	0	23	0	0	0	0	1	0	0	0	7	0	23	11	30	0	46	18	9	0	23	0	0	0	0	0	0	0	0	0	0	0	0	1	0	0	0	7	0	23	11	28	0	46	18	21	14	29	0	0	0	0	2	0	0	0	0	0	0	0	0	0	0	0	0	0	0	0	1	0	0	0	4	0	24	11	49	21	58	28
164	149	56	77	18	134	17	44	13	56	77	18	18	33	52	0	138	206	90	28	119	16	44	12	17	44	13	14	33	52	0	51	110	65	18	52	77	18	5	0	13	12	2	0	0	0	18	33	52	0	133	206	90	28	105	16	44	12	16	44	12	14	33	48	0	48	110	60	18	15	44	13	5	0	13	12	2	0	0	0	14	33	52	0	49	110	65	18	39	63	18	4	0	0	0	8	0	0	0	5	0	13	12	2	0	0	0	13	33	52	0	99	178	90	28	94	16	44	11	16	44	12	14	33	48	0	48	110	60	18	14	44	12	5	0	12	11	2	0	0	0	14	33	48	0	46	110	60	18	10	33	13	4	0	0	0	2	0	0	0	5	0	13	12	2	0	0	0	9	33	52	0	32	88	65	18	35	30	18	1	0	0	11	12	0	0	0	4	0	0	0	8	0	0	0	4	0	13	12	2	0	0	0	10	0	52	0	86	90	90	28
206	189	63	84	40	172	28	42	9	63	84	40	26	28	25	36	161	262	160	116	155	26	42	0	28	42	9	21	28	9	0	77	154	36	25	61	84	40	6	0	6	0	3	14	0	52	26	28	25	36	159	262	160	116	138	26	42	0	26	42	0	21	28	0	0	73	154	0	25	26	42	9	6	0	0	0	3	14	0	47	21	28	9	0	75	154	36	25	50	84	40	4	0	0	0	6	0	0	0	6	0	6	0	3	14	0	52	21	28	25	36	127	262	160	116	122	26	42	0	26	42	0	21	28	0	0	73	154	0	25	24	42	0	6	0	0	0	3	14	0	47	21	28	0	0	71	154	0	25	19	42	9	4	0	0	0	4	0	0	0	6	0	0	0	3	14	0	47	16	28	9	0	53	154	36	25	37	68	40	1	0	0	0	10	0	0	0	4	0	0	0	6	0	0	0	5	0	6	0	3	14	0	52	12	28	25	36	88	198	160	116
124	113	32	33	15	102	8	24	0	32	33	15	5	16	0	0	83	84	15	54	91	8	24	0	8	24	0	5	16	0	0	25	72	0	25	32	33	15	0	0	0	0	1	0	0	0	5	16	0	0	83	84	15	54	80	8	24	0	8	24	0	5	16	0	0	25	72	0	25	8	24	0	0	0	0	0	1	0	0	0	5	16	0	0	25	72	0	25	26	33	15	0	0	0	0	0	0	0	0	0	0	0	0	1	0	0	0	5	16	0	0	70	84	15	54	71	8	24	0	8	24	0	5	16	0	0	25	72	0	25	8	24	0	0	0	0	0	1	0	0	0	5	16	0	0	25	72	0	25	7	24	0	0	0	0	0	0	0	0	0	0	0	0	0	1	0	0	0	5	16	0	0	23	72	0	25	18	15	15	0	0	0	0	1	0	0	0	0	0	0	0	0	0	0	0	0	0	0	0	1	0	0	0	2	16	0	0	46	39	15	54
194	179	42	14	112	164	24	0	64	42	14	112	17	0	40	75	111	14	112	181	149	24	0	62	24	0	64	17	0	39	73	68	0	64	99	38	14	112	6	0	0	23	5	0	0	0	17	0	40	75	106	14	112	181	134	24	0	47	24	0	62	17	0	37	70	68	0	62	77	20	0	64	6	0	0	11	4	0	0	0	17	0	39	73	63	0	64	99	32	14	112	5	0	0	36	12	0	0	88	6	0	0	23	5	0	0	0	12	0	40	75	87	14	112	181	119	23	0	47	24	0	47	17	0	12	70	68	0	47	77	20	0	62	6	0	0	11	4	0	0	0	17	0	37	70	63	0	62	77	14	0	64	4	0	0	36	4	0	0	63	6	0	0	11	4	0	0	0	12	0	39	73	44	0	64	99	25	14	112	3	0	0	0	15	14	0	0	5	0	0	36	12	0	0	88	5	0	0	23	5	0	0	0	6	0	40	75	66	14	112	181
219	202	58	30	120	185	37	0	79	58	30	120	35	0	57	65	152	45	240	166	168	37	0	66	37	0	79	35	0	54	45	106	0	158	99	52	30	120	9	0	0	62	11	0	0	37	35	0	57	65	144	45	240	166	151	37	0	24	37	0	66	35	0	44	24	106	0	132	77	31	0	79	9	0	0	0	7	0	0	0	35	0	54	45	98	0	158	99	44	30	120	5	0	0	36	14	0	0	232	9	0	0	62	11	0	0	37	26	0	57	65	118	45	240	166	134	36	0	24	37	0	24	35	0	12	24	106	0	48	77	31	0	66	9	0	0	0	7	0	0	0	35	0	44	24	98	0	132	77	23	0	79	4	0	0	36	6	0	0	144	9	0	0	0	7	0	0	0	26	0	54	45	72	0	158	99	39	30	120	5	0	0	0	19	15	0	0	5	0	0	36	14	0	0	232	8	0	0	62	11	0	0	37	20	0	57	65	102	45	240	166
190	175	65	50	76	160	34	0	68	64	50	76	27	0	67	27	161	150	380	18	145	34	0	67	33	0	68	27	0	66	27	93	0	340	13	56	50	76	27	0	0	12	37	0	0	0	25	0	67	27	150	150	380	18	130	30	0	51	33	0	67	27	0	64	24	93	0	335	12	25	0	68	9	0	0	0	7	0	0	0	25	0	66	27	82	0	340	13	48	50	76	26	0	0	54	17	40	0	88	27	0	0	12	37	0	0	0	16	0	67	27	124	150	380	18	115	25	0	50	29	0	51	19	0	39	24	77	0	255	12	25	0	67	9	0	0	0	7	0	0	0	25	0	64	24	82	0	335	12	17	0	68	6	0	0	53	6	0	0	63	9	0	0	0	7	0	0	0	16	0	66	27	56	0	340	13	44	50	76	5	0	0	17	15	50	0	0	26	0	0	54	17	40	0	88	26	0	0	12	37	0	0	0	10	0	67	27	112	150	380	18
173	157	59	77	46	141	25	39	29	58	77	46	19	26	48	13	144	196	184	58	126	25	39	29	25	39	29	19	26	47	13	74	104	116	22	46	62	46	14	0	0	0	26	0	0	0	19	26	48	13	125	181	184	58	113	23	39	28	25	39	29	19	26	47	12	74	104	116	12	20	26	29	6	0	0	0	6	0	0	0	19	26	47	13	67	91	116	22	40	36	46	9	0	0	12	13	18	0	0	14	0	0	0	26	0	0	0	12	0	48	13	106	90	184	58	100	21	39	28	23	39	28	17	26	46	12	66	104	112	12	20	26	29	6	0	0	0	6	0	0	0	19	26	47	12	67	91	116	12	14	0	29	4	0	0	12	4	0	0	0	6	0	0	0	6	0	0	0	12	0	47	13	48	0	116	22	35	36	46	3	0	0	0	14	18	0	0	9	0	0	12	13	18	0	0	13	0	0	0	26	0	0	0	6	0	48	13	90	90	184	58
166	148	67	119	36	130	28	87	6	65	119	36	24	104	8	12	154	315	108	137	113	27	82	0	27	87	6	21	97	6	0	73	247	18	76	48	102	36	8	60	0	0	18	12	0	37	22	104	8	12	127	298	108	137	99	25	78	0	26	82	0	21	91	0	0	70	232	0	54	20	73	6	4	56	0	0	4	11	0	0	19	97	6	0	63	233	18	76	36	60	36	5	45	0	0	12	22	0	0	6	60	0	0	18	12	0	37	12	62	8	12	91	158	108	137	86	22	77	0	24	78	0	17	88	0	0	63	221	0	54	19	69	0	4	55	0	0	4	11	0	0	19	91	0	0	60	219	0	54	12	34	6	0	44	0	0	4	22	0	0	2	56	0	0	4	11	0	0	9	58	6	0	37	103	18	76	29	47	36	4	11	0	0	14	30	0	0	5	45	0	0	12	22	0	0	6	47	0	0	18	12	0	37	6	23	8	12	69	106	108	137
189	173	59	39	100	157	40	0	66	58	39	100	45	0	13	81	162	78	300	158	141	33	0	65	39	0	66	28	0	13	77	116	0	198	103	49	39	100	31	0	0	13	32	91	0	0	43	0	13	81	149	78	300	158	125	27	0	65	32	0	65	24	0	13	77	92	0	195	96	30	0	66	9	0	0	13	7	0	0	0	26	0	13	77	103	0	198	103	42	39	100	26	0	13	0	10	13	0	0	31	0	0	13	32	91	0	0	34	0	13	81	125	78	300	158	109	22	0	64	26	0	65	16	0	13	73	69	0	195	79	23	0	65	9	0	0	12	7	0	0	0	22	0	13	77	79	0	195	96	23	0	66	6	0	13	0	6	0	0	0	9	0	0	13	7	0	0	0	17	0	13	77	79	0	198	103	41	39	100	5	0	0	12	6	0	0	0	26	0	13	0	10	13	0	0	30	0	0	13	32	91	0	0	31	0	13	81	121	78	300	158
209	189	76	84	127	169	51	69	63	70	84	127	61	0	0	82	192	183	127	390	151	48	68	61	48	69	63	50	0	0	78	141	168	63	246	61	48	127	36	16	0	12	42	47	0	0	57	0	0	82	179	129	127	390	133	41	67	52	45	68	61	50	0	0	61	135	166	61	224	39	33	63	14	16	0	0	10	32	0	0	46	0	0	78	128	114	63	246	52	48	127	29	15	9	26	14	34	0	37	34	16	0	12	42	47	0	0	44	0	0	82	148	129	127	390	115	31	50	26	38	67	52	36	0	0	18	107	161	52	150	36	32	61	14	16	0	0	10	32	0	0	46	0	0	61	122	112	61	224	30	33	63	6	0	9	0	8	34	0	0	12	16	0	0	10	32	0	0	33	0	0	78	97	114	63	246	51	48	127	5	34	38	56	8	34	127	109	29	15	9	26	14	34	0	37	33	16	0	12	42	47	0	0	41	0	0	82	144	129	127	390
214	195	80	98	93	176	46	48	69	77	98	93	58	32	13	57	216	326	372	122	157	35	40	69	43	48	69	25	32	13	57	126	208	276	97	66	98	93	22	96	0	0	32	144	0	0	56	32	13	57	198	326	372	122	138	28	12	68	32	40	69	19	24	13	54	91	176	276	96	32	48	69	5	0	0	0	6	32	0	0	23	32	13	57	108	208	276	97	62	98	93	18	48	32	12	9	24	186	0	22	96	0	0	32	144	0	0	50	32	13	57	184	326	372	122	119	21	0	49	25	12	68	10	0	13	18	64	60	272	79	21	40	69	5	0	0	0	6	32	0	0	17	24	13	54	73	176	276	96	28	48	69	2	0	32	0	6	0	138	0	5	0	0	0	6	32	0	0	17	32	13	57	94	208	276	97	62	98	93	4	0	28	56	6	0	93	88	18	48	32	12	9	24	186	0	22	96	0	0	32	144	0	0	50	32	13	57	184	326	372	122
128	114	56	60	42	100	30	40	0	52	60	42	25	40	0	0	137	130	84	278	88	27	40	0	29	40	0	20	40	0	0	86	100	0	182	38	36	42	27	0	0	0	34	24	0	0	23	40	0	0	115	94	84	278	78	23	40	0	26	40	0	20	40	0	0	75	100	0	162	22	20	0	9	0	0	0	7	0	0	0	18	40	0	0	76	70	0	182	33	16	42	26	0	0	0	11	0	0	0	27	0	0	0	34	24	0	0	18	0	0	0	98	24	84	278	68	18	40	0	22	40	0	12	40	0	0	59	100	0	103	19	20	0	9	0	0	0	7	0	0	0	18	40	0	0	65	70	0	162	17	0	0	6	0	0	0	6	0	0	0	9	0	0	0	7	0	0	0	13	0	0	0	59	0	0	182	32	16	42	5	0	0	0	6	0	0	0	26	0	0	0	11	0	0	0	26	0	0	0	34	24	0	0	15	0	0	0	94	24	84	278
168	149	84	146	10	131	39	113	0	76	128	10	56	92	0	0	198	331	50	76	115	27	100	0	34	97	0	19	92	0	0	95	248	0	68	65	96	10	21	86	0	0	30	74	0	0	53	60	0	0	179	283	50	76	99	21	73	0	22	84	0	13	62	0	0	57	202	0	67	23	65	0	3	30	0	0	4	20	0	0	16	60	0	0	76	200	0	68	61	96	10	9	95	0	0	8	40	20	0	19	86	0	0	30	74	0	0	45	60	0	0	165	283	50	76	83	17	56	0	16	57	0	7	32	0	0	38	113	0	51	11	52	0	3	30	0	0	4	20	0	0	10	30	0	0	38	154	0	67	19	65	0	0	20	0	0	4	30	0	0	1	30	0	0	4	20	0	0	8	60	0	0	62	200	0	68	61	96	10	4	30	0	0	4	30	30	0	9	95	0	0	8	40	20	0	19	86	0	0	30	74	0	0	45	60	0	0	165	283	50	76
170	154	62	52	72	138	33	24	32	60	52	72	44	48	19	26	172	196	144	245	122	19	0	32	31	24	32	20	0	19	26	94	96	64	135	52	52	72	9	0	58	0	7	0	144	0	42	48	19	26	158	196	144	245	106	13	0	32	17	0	32	6	0	19	26	41	0	64	134	23	24	32	3	0	22	0	4	0	64	0	18	0	19	26	80	96	64	135	50	52	72	2	0	27	0	2	0	0	0	9	0	58	0	7	0	144	0	38	48	19	26	151	196	144	245	90	13	0	32	11	0	32	6	0	19	26	23	0	64	133	9	0	32	3	0	22	0	4	0	64	0	4	0	19	26	27	0	64	134	21	24	32	2	0	0	0	2	0	0	0	3	0	22	0	4	0	64	0	14	0	19	26	73	96	64	135	50	52	72	2	0	0	0	2	0	0	0	2	0	27	0	2	0	0	0	9	0	58	0	7	0	144	0	38	48	19	26	151	196	144	245
115	104	47	34	10	93	24	6	5	46	34	10	37	24	10	0	121	84	40	10	82	13	0	5	23	6	5	14	0	10	0	66	18	20	0	40	34	10	9	0	10	0	2	0	10	0	35	24	10	0	110	84	40	10	71	8	0	5	12	0	5	2	0	10	0	26	0	20	0	17	6	5	3	0	0	0	2	0	5	0	12	0	10	0	55	18	20	0	40	34	10	2	0	15	0	2	0	0	0	9	0	10	0	2	0	10	0	35	24	10	0	110	84	40	10	60	8	0	5	7	0	5	2	0	10	0	13	0	20	0	6	0	5	3	0	0	0	2	0	5	0	0	0	10	0	15	0	20	0	17	6	5	2	0	0	0	2	0	0	0	3	0	0	0	2	0	5	0	12	0	10	0	55	18	20	0	40	34	10	2	0	0	0	2	0	0	0	2	0	15	0	2	0	0	0	9	0	10	0	2	0	10	0	35	24	10	0	110	84	40	10
120	108	54	30	53	96	34	20	0	51	30	53	46	9	0	0	146	79	53	372	85	21	11	0	33	20	0	20	0	0	0	97	49	0	198	42	19	53	10	0	34	0	6	0	53	0	44	9	0	0	131	57	53	372	74	14	11	0	20	11	0	6	0	0	0	49	22	0	195	24	9	0	4	0	0	0	6	0	0	0	18	0	0	0	82	27	0	198	40	19	53	2	0	42	0	4	0	0	0	10	0	34	0	6	0	53	0	40	9	0	0	124	57	53	372	63	14	11	0	13	11	0	6	0	0	0	26	22	0	185	11	0	0	4	0	0	0	6	0	0	0	4	0	0	0	34	0	0	195	22	9	0	2	0	0	0	4	0	0	0	4	0	0	0	6	0	0	0	14	0	0	0	75	27	0	198	40	19	53	4	0	0	0	4	0	0	0	2	0	42	0	4	0	0	0	10	0	34	0	6	0	53	0	40	9	0	0	124	57	53	372
151	136	59	75	30	121	26	38	0	56	75	30	28	124	0	0	159	214	90	203	106	16	7	0	23	38	0	13	28	0	0	69	111	0	135	49	75	30	6	21	34	0	9	0	120	0	25	124	0	0	146	214	90	203	91	11	0	0	13	7	0	3	0	0	0	31	14	0	134	16	38	0	3	0	0	0	4	0	0	0	10	28	0	0	56	111	0	135	49	75	30	2	0	27	0	2	0	30	0	6	21	34	0	9	0	120	0	25	124	0	0	146	214	90	203	76	11	0	0	8	0	0	3	0	0	0	15	0	0	133	6	7	0	3	0	0	0	4	0	0	0	0	0	0	0	18	14	0	134	16	38	0	2	0	0	0	2	0	0	0	3	0	0	0	4	0	0	0	10	28	0	0	56	111	0	135	49	75	30	2	0	0	0	2	0	0	0	2	0	27	0	2	0	30	0	6	21	34	0	9	0	120	0	25	124	0	0	146	214	90	203
126	112	58	71	17	98	26	45	0	51	71	17	36	54	0	0	145	190	51	103	86	14	30	0	23	45	0	15	12	0	0	70	114	0	69	46	47	17	6	18	34	0	7	0	34	0	33	54	0	0	136	142	51	103	74	9	24	0	11	30	0	3	0	0	0	27	60	0	69	18	21	0	3	0	0	0	4	0	0	0	12	12	0	0	61	66	0	69	46	47	17	2	0	27	0	2	0	17	0	6	18	34	0	7	0	34	0	33	54	0	0	136	142	51	103	62	9	24	0	6	24	0	3	0	0	0	11	48	0	68	6	6	0	3	0	0	0	4	0	0	0	0	0	0	0	18	12	0	69	18	21	0	2	0	0	0	2	0	0	0	3	0	0	0	4	0	0	0	12	12	0	0	61	66	0	69	46	47	17	2	0	0	0	2	0	0	0	2	0	27	0	2	0	17	0	6	18	34	0	7	0	34	0	33	54	0	0	136	142	51	103
127	114	32	30	57	101	6	0	14	31	30	57	6	0	89	19	89	90	171	182	88	4	0	14	5	0	14	0	0	9	19	10	0	42	37	28	30	57	0	0	13	0	5	0	0	0	6	0	89	19	83	90	171	182	75	4	0	14	3	0	14	0	0	9	19	6	0	42	37	2	0	14	0	0	0	0	0	0	0	0	0	0	9	19	4	0	42	37	28	30	57	0	0	0	0	0	0	0	0	0	0	13	0	5	0	0	0	6	0	89	19	83	90	171	182	62	4	0	14	3	0	14	0	0	9	19	6	0	42	37	0	0	14	0	0	0	0	0	0	0	0	0	0	9	19	0	0	42	37	2	0	14	0	0	0	0	0	0	0	0	0	0	0	0	0	0	0	0	0	0	9	19	4	0	42	37	28	30	57	0	0	0	0	0	0	0	0	0	0	0	0	0	0	0	0	0	0	13	0	5	0	0	0	6	0	89	19	83	90	171	182
69	62	11	6	13	55	0	0	5	11	6	13	0	0	6	10	21	0	13	10	48	0	0	5	0	0	5	0	0	0	10	0	0	5	5	11	6	13	0	0	0	0	0	0	0	0	0	0	6	10	21	0	13	10	41	0	0	5	0	0	5	0	0	0	10	0	0	5	5	0	0	5	0	0	0	0	0	0	0	0	0	0	0	10	0	0	5	5	11	6	13	0	0	0	0	0	0	0	0	0	0	0	0	0	0	0	0	0	0	6	10	21	0	13	10	34	0	0	5	0	0	5	0	0	0	10	0	0	5	5	0	0	5	0	0	0	0	0	0	0	0	0	0	0	10	0	0	5	5	0	0	5	0	0	0	0	0	0	0	0	0	0	0	0	0	0	0	0	0	0	0	10	0	0	5	5	11	6	13	0	0	0	0	0	0	0	0	0	0	0	0	0	0	0	0	0	0	0	0	0	0	0	0	0	0	6	10	21	0	13	10
106	95	27	28	31	84	5	0	0	27	28	31	6	0	70	0	74	56	124	129	73	3	0	0	5	0	0	0	0	0	0	10	0	0	37	24	28	31	0	0	13	0	2	0	0	0	6	0	70	0	68	56	124	129	62	3	0	0	3	0	0	0	0	0	0	6	0	0	37	2	0	0	0	0	0	0	0	0	0	0	0	0	0	0	4	0	0	37	24	28	31	0	0	0	0	0	0	0	0	0	0	13	0	2	0	0	0	6	0	70	0	68	56	124	129	51	3	0	0	3	0	0	0	0	0	0	6	0	0	37	0	0	0	0	0	0	0	0	0	0	0	0	0	0	0	0	0	0	37	2	0	0	0	0	0	0	0	0	0	0	0	0	0	0	0	0	0	0	0	0	0	0	4	0	0	37	24	28	31	0	0	0	0	0	0	0	0	0	0	0	0	0	0	0	0	0	0	13	0	2	0	0	0	6	0	70	0	68	56	124	129
69	62	19	6	19	55	4	0	0	19	6	19	6	0	46	0	49	0	19	57	48	2	0	0	4	0	0	0	0	0	0	8	0	0	5	17	6	19	0	0	13	0	0	0	0	0	6	0	46	0	45	0	19	57	41	2	0	0	2	0	0	0	0	0	0	4	0	0	5	2	0	0	0	0	0	0	0	0	0	0	0	0	0	0	4	0	0	5	17	6	19	0	0	0	0	0	0	0	0	0	0	13	0	0	0	0	0	6	0	46	0	45	0	19	57	34	2	0	0	2	0	0	0	0	0	0	4	0	0	5	0	0	0	0	0	0	0	0	0	0	0	0	0	0	0	0	0	0	5	2	0	0	0	0	0	0	0	0	0	0	0	0	0	0	0	0	0	0	0	0	0	0	4	0	0	5	17	6	19	0	0	0	0	0	0	0	0	0	0	0	0	0	0	0	0	0	0	13	0	0	0	0	0	6	0	46	0	45	0	19	57
28	25	2	2	0	22	0	0	0	2	2	0	0	0	0	0	2	1	0	0	19	0	0	0	0	0	0	0	0	0	0	0	0	0	0	2	2	0	0	0	0	0	0	0	0	0	0	0	0	0	2	1	0	0	16	0	0	0	0	0	0	0	0	0	0	0	0	0	0	0	0	0	0	0	0	0	0	0	0	0	0	0	0	0	0	0	0	0	2	2	0	0	0	0	0	0	0	0	0	0	0	0	0	0	0	0	0	0	0	0	0	2	1	0	0	13	0	0	0	0	0	0	0	0	0	0	0	0	0	0	0	0	0	0	0	0	0	0	0	0	0	0	0	0	0	0	0	0	0	0	0	0	0	0	0	0	0	0	0	0	0	0	0	0	0	0	0	0	0	0	0	0	0	0	0	0	2	2	0	0	0	0	0	0	0	0	0	0	0	0	0	0	0	0	0	0	0	0	0	0	0	0	0	0	0	0	0	2	1	0	0
158	139	50	83	130	121	16	18	111	45	65	130	20	0	98	73	110	234	650	57	103	12	18	75	11	0	111	3	0	92	9	18	0	555	14	39	65	130	3	0	11	97	8	39	0	119	17	0	98	73	99	234	650	57	85	11	18	53	7	0	75	3	0	60	9	13	0	375	14	5	0	111	0	0	11	22	0	0	0	32	0	0	92	9	7	0	555	14	39	65	130	0	0	10	54	4	0	0	103	3	0	11	97	8	39	0	119	17	0	98	73	99	234	650	57	67	11	18	53	6	0	53	3	0	28	9	11	0	265	14	1	0	75	0	0	11	22	0	0	0	32	0	0	60	9	2	0	375	14	5	0	111	0	0	10	54	4	0	0	69	0	0	11	22	0	0	0	32	0	0	92	9	7	0	555	14	39	65	130	2	0	0	0	4	0	0	0	0	0	10	54	4	0	0	103	3	0	11	97	8	39	0	119	17	0	98	73	99	234	650	57
134	118	37	51	86	102	11	15	66	31	51	86	3	0	65	96	78	126	258	31	87	11	15	17	7	15	66	3	0	59	0	13	30	198	0	25	36	86	3	0	0	73	9	0	0	182	0	0	65	96	67	96	258	31	72	10	15	0	7	15	17	3	0	27	0	13	30	51	0	1	0	66	0	0	0	0	0	0	0	37	0	0	59	0	2	0	198	0	25	36	86	0	0	10	0	2	0	0	103	3	0	0	73	9	0	0	182	0	0	65	96	67	96	258	31	57	10	15	0	6	15	0	3	0	0	0	11	30	0	0	1	0	17	0	0	0	0	0	0	0	37	0	0	27	0	2	0	51	0	1	0	66	0	0	10	0	2	0	0	69	0	0	0	0	0	0	0	37	0	0	59	0	2	0	198	0	25	36	86	2	0	0	0	2	0	0	0	0	0	10	0	2	0	0	103	3	0	0	73	9	0	0	182	0	0	65	96	67	96	258	31
62	55	12	6	18	48	2	0	7	11	6	18	0	0	10	21	26	12	18	31	41	2	0	0	1	0	7	0	0	7	0	2	0	7	0	10	6	18	0	0	0	0	2	0	0	30	0	0	10	21	24	12	18	31	34	2	0	0	1	0	0	0	0	0	0	2	0	0	0	0	0	7	0	0	0	0	0	0	0	0	0	0	7	0	0	0	7	0	10	6	18	0	0	0	0	0	0	0	0	0	0	0	0	2	0	0	30	0	0	10	21	24	12	18	31	27	2	0	0	1	0	0	0	0	0	0	2	0	0	0	0	0	0	0	0	0	0	0	0	0	0	0	0	0	0	0	0	0	0	0	0	7	0	0	0	0	0	0	0	0	0	0	0	0	0	0	0	0	0	0	7	0	0	0	7	0	10	6	18	0	0	0	0	0	0	0	0	0	0	0	0	0	0	0	0	0	0	0	0	2	0	0	30	0	0	10	21	24	12	18	31
95	84	31	28	27	73	8	0	7	27	28	27	11	0	10	21	64	91	108	88	62	6	0	0	4	0	7	1	0	7	0	7	0	28	14	25	28	27	0	0	0	0	3	14	0	30	10	0	10	21	60	91	108	88	51	6	0	0	2	0	0	1	0	0	0	4	0	0	14	2	0	7	0	0	0	0	0	0	0	0	0	0	7	0	3	0	28	14	25	28	27	0	0	0	0	2	0	0	0	0	0	0	0	3	14	0	30	10	0	10	21	60	91	108	88	40	6	0	0	2	0	0	1	0	0	0	4	0	0	14	0	0	0	0	0	0	0	0	0	0	0	0	0	0	0	0	0	0	14	2	0	7	0	0	0	0	2	0	0	0	0	0	0	0	0	0	0	0	0	0	7	0	3	0	28	14	25	28	27	0	0	0	0	2	0	0	0	0	0	0	0	2	0	0	0	0	0	0	0	3	14	0	30	10	0	10	21	60	91	108	88
72	64	9	0	30	56	1	0	0	9	0	30	0	0	0	0	25	0	0	120	48	1	0	0	1	0	0	0	0	0	0	2	0	0	19	8	0	30	0	0	0	0	2	0	0	0	0	0	0	0	23	0	0	120	40	1	0	0	1	0	0	0	0	0	0	2	0	0	19	0	0	0	0	0	0	0	0	0	0	0	0	0	0	0	0	0	0	19	8	0	30	0	0	0	0	0	0	0	0	0	0	0	0	2	0	0	0	0	0	0	0	23	0	0	120	32	1	0	0	1	0	0	0	0	0	0	2	0	0	19	0	0	0	0	0	0	0	0	0	0	0	0	0	0	0	0	0	0	19	0	0	0	0	0	0	0	0	0	0	0	0	0	0	0	0	0	0	0	0	0	0	0	0	0	0	19	8	0	30	0	0	0	0	0	0	0	0	0	0	0	0	0	0	0	0	0	0	0	0	2	0	0	0	0	0	0	0	23	0	0	120
124	108	40	48	84	92	11	0	50	35	48	84	20	0	74	22	72	96	336	243	76	7	0	50	6	0	50	1	0	73	22	10	0	200	184	33	48	84	0	0	11	0	0	0	0	0	19	0	74	22	68	96	336	243	60	7	0	50	2	0	50	1	0	73	22	4	0	200	92	4	0	50	0	0	11	0	0	0	0	0	0	0	73	22	6	0	200	184	33	48	84	0	0	0	0	6	0	0	0	0	0	11	0	0	0	0	0	19	0	74	22	68	96	336	243	44	7	0	46	2	0	50	1	0	73	19	4	0	200	53	0	0	50	0	0	11	0	0	0	0	0	0	0	73	22	0	0	200	92	4	0	50	0	0	0	0	2	0	0	0	0	0	11	0	0	0	0	0	0	0	73	22	6	0	200	184	33	48	84	0	0	0	38	7	0	0	0	0	0	0	0	6	0	0	0	0	0	11	0	0	0	0	0	19	0	74	22	68	96	336	243
136	117	55	105	89	99	21	40	64	48	87	89	19	110	56	63	102	191	445	157	81	17	18	64	14	22	64	10	0	55	63	27	33	320	118	40	87	89	6	0	39	0	4	0	178	0	13	110	56	63	89	191	445	157	63	15	18	54	10	0	64	10	0	55	45	20	0	320	75	6	22	64	2	0	37	0	0	0	128	0	4	0	55	63	14	33	320	118	38	87	89	4	0	0	88	11	32	0	0	4	0	39	0	4	0	178	0	9	110	56	63	82	191	445	157	45	13	18	19	8	0	54	6	0	55	9	13	0	270	53	2	0	64	2	0	37	0	0	0	128	0	4	0	55	45	7	0	320	75	4	22	64	0	0	0	0	4	22	0	0	0	0	37	0	0	0	128	0	0	0	55	63	7	33	320	118	38	87	89	11	0	0	28	12	32	0	230	4	0	0	88	11	32	0	0	4	0	39	0	4	0	178	0	9	110	56	63	82	191	445	157
97	83	39	45	69	70	16	24	29	31	32	69	18	12	0	78	64	74	138	243	58	12	24	23	10	12	29	3	12	0	60	17	24	58	184	25	20	69	0	0	12	39	0	0	0	0	15	0	0	78	53	50	138	243	46	12	24	5	6	12	23	3	12	0	10	11	24	46	92	4	0	29	0	0	10	0	0	0	0	0	0	0	0	60	6	0	58	184	25	20	69	0	0	0	25	6	0	0	47	0	0	12	39	0	0	0	0	15	0	0	78	53	50	138	243	34	12	24	0	6	12	5	3	12	0	0	11	24	10	53	0	0	23	0	0	10	0	0	0	0	0	0	0	0	10	0	0	46	92	4	0	29	0	0	0	0	4	0	0	0	0	0	10	0	0	0	0	0	0	0	0	60	6	0	58	184	25	20	69	7	0	0	0	7	0	0	10	0	0	0	25	6	0	0	47	0	0	12	39	0	0	0	0	15	0	0	78	53	50	138	243
87	75	30	29	50	64	13	11	10	25	18	50	18	0	0	20	54	9	100	261	53	9	11	10	8	0	10	3	0	0	20	13	0	20	191	21	18	50	0	0	12	0	0	0	0	0	15	0	0	20	47	9	100	261	42	9	11	5	4	0	10	3	0	0	10	7	0	20	92	4	0	10	0	0	10	0	0	0	0	0	0	0	0	20	6	0	20	191	21	18	50	0	0	0	25	4	0	0	0	0	0	12	0	0	0	0	0	15	0	0	20	47	9	100	261	31	9	11	0	4	0	5	3	0	0	0	7	0	10	53	0	0	10	0	0	10	0	0	0	0	0	0	0	0	10	0	0	20	92	4	0	10	0	0	0	0	4	0	0	0	0	0	10	0	0	0	0	0	0	0	0	20	6	0	20	191	21	18	50	2	0	0	0	4	0	0	10	0	0	0	25	4	0	0	0	0	0	12	0	0	0	0	0	15	0	0	20	47	9	100	261
82	70	36	46	13	59	9	16	0	31	35	13	12	25	0	0	64	75	65	130	48	7	11	0	4	5	0	2	0	0	0	7	5	0	111	29	35	13	0	0	0	0	1	0	13	0	10	25	0	0	60	75	65	130	37	7	11	0	2	0	0	2	0	0	0	4	0	0	75	2	5	0	0	0	0	0	0	0	0	0	0	0	0	0	3	5	0	111	29	35	13	0	0	0	0	8	0	0	0	0	0	0	0	1	0	13	0	10	25	0	0	60	75	65	130	26	7	11	0	2	0	0	2	0	0	0	4	0	0	53	0	0	0	0	0	0	0	0	0	0	0	0	0	0	0	0	0	0	75	2	5	0	0	0	0	0	2	0	0	0	0	0	0	0	0	0	0	0	0	0	0	0	3	5	0	111	29	35	13	5	0	0	0	10	0	0	0	0	0	0	0	8	0	0	0	0	0	0	0	1	0	13	0	10	25	0	0	60	75	65	130
90	77	24	12	86	64	5	0	44	20	12	86	1	0	52	55	39	24	86	236	51	5	0	43	1	0	44	1	0	23	53	2	0	44	124	19	12	86	0	0	0	11	3	0	0	0	0	0	52	55	37	24	86	236	38	5	0	43	1	0	43	1	0	23	53	2	0	43	124	0	0	44	0	0	0	11	0	0	0	0	0	0	23	53	0	0	44	124	19	12	86	0	0	0	0	9	0	0	0	0	0	0	11	3	0	0	0	0	0	52	55	37	24	86	236	25	5	0	43	1	0	43	1	0	23	53	2	0	43	109	0	0	43	0	0	0	11	0	0	0	0	0	0	23	53	0	0	43	124	0	0	44	0	0	0	0	0	0	0	0	0	0	0	11	0	0	0	0	0	0	23	53	0	0	44	124	19	12	86	5	0	0	0	10	0	0	0	0	0	0	0	9	0	0	0	0	0	0	11	3	0	0	0	0	0	52	55	37	24	86	236
63	54	16	0	57	45	5	0	9	12	0	57	1	0	27	9	21	0	0	305	36	5	0	9	1	0	9	1	0	0	9	2	0	0	153	11	0	57	0	0	0	0	0	0	0	0	0	0	27	9	19	0	0	305	27	5	0	9	1	0	9	1	0	0	9	2	0	0	147	0	0	9	0	0	0	0	0	0	0	0	0	0	0	9	0	0	0	153	11	0	57	0	0	0	0	6	0	0	0	0	0	0	0	0	0	0	0	0	0	27	9	19	0	0	305	18	5	0	9	1	0	9	1	0	0	9	2	0	0	114	0	0	9	0	0	0	0	0	0	0	0	0	0	0	9	0	0	0	147	0	0	9	0	0	0	0	0	0	0	0	0	0	0	0	0	0	0	0	0	0	0	9	0	0	0	153	11	0	57	0	0	0	0	7	0	0	0	0	0	0	0	6	0	0	0	0	0	0	0	0	0	0	0	0	0	27	9	19	0	0	305
74	63	28	24	41	52	9	0	11	24	24	41	7	0	40	22	51	40	123	186	41	9	0	11	5	0	11	7	0	11	22	12	0	33	114	21	24	41	6	0	0	0	7	0	0	0	4	0	40	22	46	40	123	186	30	7	0	11	5	0	11	7	0	11	22	12	0	33	114	2	0	11	2	0	0	0	0	0	0	0	4	0	11	22	7	0	33	114	19	24	41	4	0	0	0	8	16	0	0	4	0	0	0	7	0	0	0	0	0	40	22	39	40	123	186	19	5	0	11	3	0	11	3	0	11	22	5	0	33	104	2	0	11	2	0	0	0	0	0	0	0	4	0	11	22	7	0	33	114	0	0	11	0	0	0	0	0	0	0	0	0	0	0	0	0	0	0	0	0	0	11	22	0	0	33	114	19	24	41	7	0	0	0	8	16	0	0	4	0	0	0	8	16	0	0	4	0	0	0	7	0	0	0	0	0	40	22	39	40	123	186
87	74	34	36	52	61	11	0	22	30	36	52	9	0	62	22	62	72	208	186	48	10	0	22	7	0	22	7	0	33	22	17	0	88	114	26	36	52	6	0	11	0	11	0	0	0	6	0	62	22	55	72	208	186	35	8	0	22	6	0	22	7	0	33	22	14	0	88	114	3	0	22	2	0	11	0	1	0	0	0	4	0	33	22	10	0	88	114	24	36	52	7	0	0	0	11	18	0	0	4	0	11	0	11	0	0	0	2	0	62	22	48	72	208	186	22	5	0	22	4	0	22	3	0	33	22	7	0	88	104	2	0	22	2	0	11	0	0	0	0	0	4	0	33	22	7	0	88	114	1	0	22	0	0	0	0	0	0	0	0	0	0	11	0	1	0	0	0	0	0	33	22	3	0	88	114	24	36	52	7	0	0	0	9	27	0	0	7	0	0	0	11	18	0	0	4	0	11	0	11	0	0	0	2	0	62	22	48	72	208	186
82	68	36	60	39	55	10	24	11	30	47	39	7	12	40	22	60	108	195	171	43	10	24	11	6	12	11	7	12	11	22	14	24	55	93	26	35	39	6	0	0	0	13	0	0	0	4	0	40	22	53	84	195	171	31	8	24	11	6	12	11	7	12	11	22	14	24	55	87	2	0	11	2	0	0	0	0	0	0	0	4	0	11	22	7	0	55	93	24	35	39	7	0	0	0	10	14	0	0	4	0	0	0	13	0	0	0	0	0	40	22	46	84	195	171	19	5	19	11	4	12	11	3	12	11	22	7	24	55	59	2	0	11	2	0	0	0	0	0	0	0	4	0	11	22	7	0	55	87	0	0	11	0	0	0	0	0	0	0	0	0	0	0	0	0	0	0	0	0	0	11	22	0	0	55	93	24	35	39	2	35	0	0	7	21	0	0	7	0	0	0	10	14	0	0	4	0	0	0	13	0	0	0	0	0	40	22	46	84	195	171
88	73	28	26	101	58	12	0	59	26	26	101	14	0	19	75	68	52	202	218	43	9	0	57	10	0	59	9	0	18	67	26	0	118	88	21	26	101	7	0	0	22	12	39	0	0	11	0	19	75	59	52	202	218	28	6	0	57	7	0	57	7	0	18	67	16	0	114	87	5	0	59	2	0	0	22	0	0	0	0	6	0	18	67	17	0	118	88	16	26	101	7	0	0	0	3	13	0	0	5	0	0	22	12	39	0	0	5	0	19	75	42	52	202	218	13	2	0	57	4	0	57	3	0	18	67	7	0	114	87	2	0	57	2	0	0	22	0	0	0	0	4	0	18	67	7	0	114	87	0	0	59	0	0	0	0	0	0	0	0	0	0	0	22	0	0	0	0	0	0	18	67	0	0	118	88	12	26	101	2	0	7	0	0	0	0	0	7	0	0	0	3	13	0	0	4	0	0	22	12	39	0	0	0	0	19	75	27	52	202	218
93	74	44	102	95	56	18	72	65	38	84	95	17	88	23	66	91	194	190	132	40	14	66	50	15	56	65	11	84	22	11	37	140	130	44	23	52	95	5	76	11	52	12	36	0	89	14	56	23	66	66	146	190	132	26	10	38	48	11	52	50	6	76	22	11	23	126	100	44	7	28	65	1	28	11	46	0	0	0	64	8	56	22	11	24	98	130	44	17	24	95	4	48	33	20	3	12	190	0	5	48	11	52	12	36	0	89	9	0	23	66	46	48	190	132	12	3	12	48	7	24	48	3	24	22	11	11	36	96	44	3	24	50	0	24	11	46	0	0	0	64	3	48	22	11	10	84	100	44	1	0	65	0	0	33	20	0	0	130	0	1	0	11	46	0	0	0	64	3	0	22	11	4	0	130	44	12	24	95	0	24	82	0	0	0	190	0	4	48	33	20	3	12	190	0	3	48	11	52	12	36	0	89	1	0	23	66	27	48	190	132
56	46	30	24	14	36	12	0	7	28	24	14	14	0	7	0	77	54	56	39	26	9	0	7	10	0	7	9	0	7	0	26	0	28	11	23	24	14	7	0	0	0	11	18	0	0	11	0	7	0	68	54	56	39	16	6	0	7	7	0	7	7	0	7	0	16	0	28	11	5	0	7	2	0	0	0	0	0	0	0	6	0	7	0	17	0	28	11	18	24	14	7	0	0	0	3	6	0	0	5	0	0	0	11	18	0	0	5	0	7	0	51	54	56	39	6	2	0	7	4	0	7	3	0	7	0	7	0	28	11	2	0	7	2	0	0	0	0	0	0	0	4	0	7	0	7	0	28	11	0	0	7	0	0	0	0	0	0	0	0	0	0	0	0	0	0	0	0	0	0	7	0	0	0	28	11	9	24	14	2	0	7	0	0	0	0	0	7	0	0	0	3	6	0	0	4	0	0	0	11	18	0	0	0	0	7	0	19	54	56	39
59	49	25	9	50	39	11	0	16	21	9	50	10	0	0	80	49	27	50	132	29	10	0	0	7	0	16	7	0	0	0	17	0	16	44	17	9	50	6	0	0	0	12	9	0	102	7	0	0	80	42	27	50	132	19	8	0	0	6	0	0	7	0	0	0	14	0	0	44	3	0	16	2	0	0	0	0	0	0	64	4	0	0	0	10	0	16	44	14	9	50	7	0	0	0	4	0	0	0	4	0	0	0	12	9	0	102	3	0	0	80	32	27	50	132	9	4	0	0	4	0	0	3	0	0	0	7	0	0	44	2	0	0	2	0	0	0	0	0	0	64	4	0	0	0	7	0	0	44	0	0	16	0	0	0	0	0	0	0	0	0	0	0	0	0	0	0	64	0	0	0	0	0	0	16	44	11	9	50	2	0	7	0	0	0	0	0	7	0	0	0	4	0	0	0	4	0	0	0	12	9	0	102	0	0	0	80	22	27	50	132
53	43	27	27	16	33	11	9	0	23	27	16	14	0	0	0	64	48	48	91	24	8	9	0	9	9	0	9	0	0	0	24	18	0	33	19	18	16	7	0	0	0	10	18	0	0	11	0	0	0	57	30	48	91	15	5	6	0	6	9	0	7	0	0	0	14	18	0	33	5	0	0	2	0	0	0	0	0	0	0	6	0	0	0	17	0	0	33	14	18	16	4	18	0	0	3	6	0	0	5	0	0	0	10	18	0	0	5	0	0	0	40	30	48	91	6	2	0	0	3	6	0	3	0	0	0	5	12	0	33	2	0	0	2	0	0	0	0	0	0	0	4	0	0	0	7	0	0	33	0	0	0	0	0	0	0	0	0	0	0	0	0	0	0	0	0	0	0	0	0	0	0	0	0	0	33	9	18	16	2	0	7	0	0	0	16	0	4	18	0	0	3	6	0	0	4	0	0	0	10	18	0	0	0	0	0	0	20	30	48	91
80	63	36	55	95	46	13	13	44	35	55	95	16	39	26	49	96	178	285	276	29	6	0	43	12	13	44	11	0	25	47	32	39	132	147	27	55	95	4	0	60	11	0	0	95	0	14	39	26	49	83	178	285	276	13	1	0	43	5	0	43	2	0	25	47	8	0	129	114	7	13	44	2	0	33	11	0	0	44	0	9	0	25	47	24	39	132	147	10	39	95	0	0	42	0	0	0	0	0	2	0	60	11	0	0	95	0	5	39	26	49	33	130	285	276	0	0	0	43	0	0	43	0	0	25	47	0	0	129	112	0	0	43	0	0	33	11	0	0	43	0	0	0	25	47	0	0	129	114	0	0	44	0	0	11	0	0	0	0	0	0	0	33	11	0	0	44	0	0	0	25	47	0	0	132	147	0	0	95	0	0	12	0	0	0	0	0	0	0	42	0	0	0	0	0	0	0	60	11	0	0	95	0	0	0	26	49	0	0	285	276
56	44	26	32	38	32	4	0	32	26	32	38	7	0	30	0	73	96	152	14	20	1	0	32	4	0	32	2	0	30	0	12	0	128	7	25	32	38	1	0	0	0	0	0	0	0	7	0	30	0	71	96	152	14	8	0	0	32	1	0	32	0	0	30	0	2	0	128	7	3	0	32	0	0	0	0	0	0	0	0	2	0	30	0	10	0	128	7	10	32	38	0	0	0	0	0	0	0	0	1	0	0	0	0	0	0	0	5	0	30	0	32	96	152	14	0	0	0	32	0	0	32	0	0	30	0	0	0	128	7	0	0	32	0	0	0	0	0	0	0	0	0	0	30	0	0	0	128	7	0	0	32	0	0	0	0	0	0	0	0	0	0	0	0	0	0	0	0	0	0	30	0	0	0	128	7	0	0	38	0	0	0	0	0	0	0	0	0	0	0	0	0	0	0	0	0	0	0	0	0	0	0	0	0	0	30	0	0	0	152	14
47	36	29	33	37	25	7	22	0	26	33	37	9	30	0	0	69	111	37	226	15	4	7	0	6	22	0	6	14	0	0	15	65	0	131	16	23	37	2	7	24	0	0	0	74	0	7	30	0	0	52	91	37	226	7	1	0	0	3	7	0	2	0	0	0	5	14	0	114	3	14	0	2	0	0	0	0	0	0	0	4	14	0	0	10	49	0	131	8	7	37	0	0	30	0	0	0	37	0	0	7	24	0	0	0	74	0	3	14	0	0	27	35	37	226	0	0	0	0	0	0	0	0	0	0	0	0	0	0	112	0	0	0	0	0	0	0	0	0	0	0	0	0	0	0	0	0	0	114	0	0	0	0	0	0	0	0	0	0	0	0	0	0	0	0	0	0	0	0	0	0	0	0	0	0	131	0	0	37	0	0	12	0	0	0	0	0	0	0	30	0	0	0	37	0	0	0	24	0	0	0	74	0	0	0	0	0	0	0	37	226
34	27	20	6	12	20	5	0	0	20	6	12	7	0	0	0	59	30	12	30	13	2	0	0	5	0	0	2	0	0	0	14	0	0	7	18	6	12	1	0	0	0	0	0	0	0	7	0	0	0	55	30	12	30	6	0	0	0	2	0	0	0	0	0	0	4	0	0	7	3	0	0	0	0	0	0	0	0	0	0	2	0	0	0	10	0	0	7	10	6	12	0	0	6	0	0	0	0	0	1	0	0	0	0	0	0	0	5	0	0	0	30	30	12	30	0	0	0	0	0	0	0	0	0	0	0	0	0	0	7	0	0	0	0	0	0	0	0	0	0	0	0	0	0	0	0	0	0	7	0	0	0	0	0	0	0	0	0	0	0	0	0	0	0	0	0	0	0	0	0	0	0	0	0	0	7	0	0	12	0	0	0	0	0	0	0	0	0	0	6	0	0	0	0	0	0	0	0	0	0	0	0	0	0	0	0	0	0	0	12	30
23	18	12	6	0	13	1	0	0	12	6	0	3	0	0	0	34	9	0	0	8	0	0	0	1	0	0	0	0	0	0	3	0	0	0	12	6	0	0	0	0	0	0	0	0	0	3	0	0	0	34	9	0	0	3	0	0	0	0	0	0	0	0	0	0	0	0	0	0	1	0	0	0	0	0	0	0	0	0	0	0	0	0	0	3	0	0	0	8	6	0	0	0	0	0	0	0	0	0	0	0	0	0	0	0	0	0	3	0	0	0	27	9	0	0	0	0	0	0	0	0	0	0	0	0	0	0	0	0	0	0	0	0	0	0	0	0	0	0	0	0	0	0	0	0	0	0	0	0	0	0	0	0	0	0	0	0	0	0	0	0	0	0	0	0	0	0	0	0	0	0	0	0	0	0	0	0	0	0	0	0	0	0	0	0	0	0	0	0	0	0	0	0	0	0	0	0	0	0	0	0	0	0	0	0	0	0	0	0	0	0
39	29	17	9	44	19	0	0	19	17	9	44	0	0	24	8	40	9	44	133	9	0	0	19	0	0	19	0	0	11	8	0	0	19	76	16	9	44	0	0	0	0	0	0	0	0	0	0	24	8	39	9	44	133	0	0	0	19	0	0	19	0	0	11	8	0	0	19	75	0	0	19	0	0	0	0	0	0	0	0	0	0	11	8	0	0	19	76	0	0	44	0	0	0	0	0	0	0	0	0	0	0	0	0	0	0	0	0	0	24	8	0	0	44	133	0	0	0	19	0	0	19	0	0	11	8	0	0	19	75	0	0	19	0	0	0	0	0	0	0	0	0	0	11	8	0	0	19	75	0	0	19	0	0	0	0	0	0	0	0	0	0	0	0	0	0	0	0	0	0	11	8	0	0	19	76	0	0	0	0	0	0	0	0	0	0	0	0	0	0	0	0	0	0	0	0	0	0	0	0	0	0	0	0	0	0	8	0	0	0	133
52	38	27	40	70	24	1	0	45	27	40	70	3	0	63	48	57	100	280	133	10	0	0	44	1	0	45	0	0	47	47	1	0	180	76	16	40	70	0	0	13	11	0	0	0	0	3	0	63	48	40	100	280	133	0	0	0	44	0	0	44	0	0	44	47	0	0	176	75	0	0	45	0	0	12	11	0	0	0	0	0	0	47	47	0	0	180	76	0	0	70	0	0	0	0	0	0	0	0	0	0	13	11	0	0	0	0	0	0	63	48	0	0	280	133	0	0	0	44	0	0	44	0	0	44	47	0	0	176	75	0	0	44	0	0	11	11	0	0	0	0	0	0	44	47	0	0	176	75	0	0	45	0	0	0	0	0	0	0	0	0	0	12	11	0	0	0	0	0	0	47	47	0	0	180	76	0	0	0	0	0	0	0	0	0	0	0	0	0	0	0	0	0	0	0	0	0	0	11	0	0	0	0	0	0	0	48	0	0	0	133
29	21	19	15	11	13	0	0	11	19	15	11	0	0	11	0	40	30	33	0	5	0	0	11	0	0	11	0	0	11	0	0	0	33	0	13	15	11	0	0	0	0	0	0	0	0	0	0	11	0	31	30	33	0	0	0	0	11	0	0	11	0	0	11	0	0	0	33	0	0	0	11	0	0	0	0	0	0	0	0	0	0	11	0	0	0	33	0	0	0	11	0	0	0	0	0	0	0	0	0	0	0	0	0	0	0	0	0	0	11	0	0	0	33	0	0	0	0	11	0	0	11	0	0	11	0	0	0	33	0	0	0	11	0	0	0	0	0	0	0	0	0	0	11	0	0	0	33	0	0	0	11	0	0	0	0	0	0	0	0	0	0	0	0	0	0	0	0	0	0	11	0	0	0	33	0	0	0	0	0	0	0	0	0	0	0	0	0	0	0	0	0	0	0	0	0	0	0	0	0	0	0	0	0	0	0	0	0	0	0	0
47	34	29	40	34	21	1	0	0	29	40	34	2	0	27	0	57	120	170	182	8	0	0	0	1	0	0	0	0	0	0	2	0	0	76	13	40	34	0	0	7	0	0	0	0	0	2	0	27	0	30	120	170	182	0	0	0	0	0	0	0	0	0	0	0	0	0	0	75	0	0	0	0	0	0	0	0	0	0	0	0	0	0	0	0	0	0	76	0	0	34	0	0	0	0	0	0	0	0	0	0	7	0	0	0	0	0	0	0	27	0	0	0	170	182	0	0	0	0	0	0	0	0	0	0	0	0	0	0	75	0	0	0	0	0	0	0	0	0	0	0	0	0	0	0	0	0	0	75	0	0	0	0	0	0	0	0	0	0	0	0	0	0	0	0	0	0	0	0	0	0	0	0	0	0	76	0	0	0	0	0	0	0	0	0	0	0	0	0	0	0	0	0	0	0	0	0	0	0	0	0	0	0	0	0	0	0	0	0	0	182
30	22	16	12	11	14	0	0	0	16	12	11	0	0	0	0	36	18	22	38	6	0	0	0	0	0	0	0	0	0	0	0	0	0	32	13	12	11	0	0	0	0	0	0	0	0	0	0	0	0	32	18	22	38	0	0	0	0	0	0	0	0	0	0	0	0	0	0	32	0	0	0	0	0	0	0	0	0	0	0	0	0	0	0	0	0	0	32	0	0	11	0	0	0	0	0	0	0	0	0	0	0	0	0	0	0	0	0	0	0	0	0	0	22	38	0	0	0	0	0	0	0	0	0	0	0	0	0	0	32	0	0	0	0	0	0	0	0	0	0	0	0	0	0	0	0	0	0	32	0	0	0	0	0	0	0	0	0	0	0	0	0	0	0	0	0	0	0	0	0	0	0	0	0	0	32	0	0	0	0	0	0	0	0	0	0	0	0	0	0	0	0	0	0	0	0	0	0	0	0	0	0	0	0	0	0	0	0	0	0	38
40	26	20	24	80	12	0	0	47	17	24	80	0	0	47	46	27	36	160	126	0	0	0	46	0	0	47	0	0	46	45	0	0	94	56	0	0	80	0	0	0	12	0	0	0	0	0	0	47	46	0	0	160	126	0	0	0	45	0	0	46	0	0	45	44	0	0	92	55	0	0	47	0	0	0	11	0	0	0	0	0	0	46	45	0	0	94	56	0	0	0	0	0	0	11	0	0	0	0	0	0	0	12	0	0	0	0	0	0	0	46	0	0	0	126	0	0	0	45	0	0	45	0	0	44	44	0	0	90	55	0	0	46	0	0	0	11	0	0	0	0	0	0	45	44	0	0	92	55	0	0	0	0	0	0	11	0	0	0	0	0	0	0	11	0	0	0	0	0	0	0	45	0	0	0	56	0	0	0	0	0	0	0	0	0	0	0	0	0	0	11	0	0	0	0	0	0	0	12	0	0	0	0	0	0	0	0	0	0	0	0
39	25	22	33	75	11	1	0	47	16	33	75	2	0	50	59	26	55	225	115	0	0	0	24	0	0	47	0	0	48	12	0	0	141	56	0	0	75	0	0	14	36	0	0	0	132	0	0	50	59	0	0	225	115	0	0	0	11	0	0	24	0	0	36	11	0	0	72	55	0	0	47	0	0	14	11	0	0	0	44	0	0	48	12	0	0	141	56	0	0	0	0	0	0	11	0	0	0	95	0	0	0	36	0	0	0	132	0	0	0	59	0	0	0	115	0	0	0	11	0	0	11	0	0	11	11	0	0	33	55	0	0	24	0	0	12	11	0	0	0	43	0	0	36	11	0	0	72	55	0	0	0	0	0	0	11	0	0	0	65	0	0	0	11	0	0	0	44	0	0	0	12	0	0	0	56	0	0	0	0	0	0	0	0	0	0	0	0	0	0	11	0	0	0	95	0	0	0	36	0	0	0	132	0	0	0	0	0	0	0	0
34	21	23	40	45	8	0	0	36	14	40	45	0	0	47	13	21	72	225	34	0	0	0	35	0	0	36	0	0	46	12	0	0	180	0	0	0	45	0	0	0	12	0	0	0	0	0	0	47	13	0	0	225	34	0	0	0	34	0	0	35	0	0	45	11	0	0	175	0	0	0	36	0	0	0	11	0	0	0	0	0	0	46	12	0	0	180	0	0	0	0	0	0	0	11	0	0	0	0	0	0	0	12	0	0	0	0	0	0	0	13	0	0	0	34	0	0	0	34	0	0	34	0	0	44	11	0	0	170	0	0	0	35	0	0	0	11	0	0	0	0	0	0	45	11	0	0	175	0	0	0	0	0	0	0	11	0	0	0	0	0	0	0	11	0	0	0	0	0	0	0	12	0	0	0	0	0	0	0	0	0	0	0	0	0	0	0	0	0	0	11	0	0	0	0	0	0	0	12	0	0	0	0	0	0	0	0	0	0	0	0
32	20	22	32	40	8	1	0	21	14	32	40	2	0	36	7	23	56	160	104	0	0	0	12	0	0	21	0	0	35	0	0	0	84	45	0	0	40	0	0	14	24	0	0	0	37	0	0	36	7	0	0	160	104	0	0	0	0	0	0	12	0	0	24	0	0	0	48	44	0	0	21	0	0	14	0	0	0	0	0	0	0	35	0	0	0	84	45	0	0	0	0	0	0	0	0	0	0	95	0	0	0	24	0	0	0	37	0	0	0	7	0	0	0	104	0	0	0	0	0	0	0	0	0	0	0	0	0	0	44	0	0	12	0	0	12	0	0	0	0	0	0	0	24	0	0	0	48	44	0	0	0	0	0	0	0	0	0	0	65	0	0	0	0	0	0	0	0	0	0	0	0	0	0	0	45	0	0	0	0	0	0	0	0	0	0	0	0	0	0	0	0	0	0	95	0	0	0	24	0	0	0	37	0	0	0	0	0	0	0	0
29	19	15	9	38	9	0	0	0	14	9	38	0	0	0	0	24	9	38	170	0	0	0	0	0	0	0	0	0	0	0	0	0	0	75	0	0	38	0	0	0	0	0	0	0	0	0	0	0	0	0	0	38	170	0	0	0	0	0	0	0	0	0	0	0	0	0	0	74	0	0	0	0	0	0	0	0	0	0	0	0	0	0	0	0	0	0	75	0	0	0	0	0	0	0	0	0	0	0	0	0	0	0	0	0	0	0	0	0	0	0	0	0	0	170	0	0	0	0	0	0	0	0	0	0	0	0	0	0	74	0	0	0	0	0	0	0	0	0	0	0	0	0	0	0	0	0	0	74	0	0	0	0	0	0	0	0	0	0	0	0	0	0	0	0	0	0	0	0	0	0	0	0	0	0	75	0	0	0	0	0	0	0	0	0	0	0	0	0	0	0	0	0	0	0	0	0	0	0	0	0	0	0	0	0	0	0	0	0	0	0
31	15	10	15	142	0	0	0	85	0	0	142	0	0	32	116	0	0	142	278	0	0	0	84	0	0	85	0	0	30	113	0	0	85	151	0	0	0	0	0	0	13	0	0	0	0	0	0	0	116	0	0	0	278	0	0	0	81	0	0	84	0	0	30	106	0	0	84	117	0	0	0	0	0	0	12	0	0	0	0	0	0	0	113	0	0	0	151	0	0	0	0	0	0	36	0	0	0	0	0	0	0	13	0	0	0	0	0	0	0	0	0	0	0	0	0	0	0	66	0	0	81	0	0	28	79	0	0	81	90	0	0	0	0	0	0	11	0	0	0	0	0	0	0	106	0	0	0	117	0	0	0	0	0	0	11	0	0	0	0	0	0	0	12	0	0	0	0	0	0	0	0	0	0	0	0	0	0	0	0	0	0	43	0	0	0	95	0	0	0	36	0	0	0	0	0	0	0	0	0	0	0	0	0	0	0	0	0	0	0	0
26	12	9	24	104	0	0	0	94	0	0	104	0	0	28	20	0	0	208	45	0	0	0	94	0	0	94	0	0	28	20	0	0	188	36	0	0	0	0	0	0	0	0	0	0	0	0	0	0	20	0	0	0	45	0	0	0	94	0	0	94	0	0	28	20	0	0	188	35	0	0	0	0	0	0	0	0	0	0	0	0	0	0	20	0	0	0	36	0	0	0	0	0	0	0	0	0	0	0	0	0	0	0	0	0	0	0	0	0	0	0	0	0	0	0	0	0	0	92	0	0	94	0	0	28	20	0	0	188	34	0	0	0	0	0	0	0	0	0	0	0	0	0	0	20	0	0	0	35	0	0	0	0	0	0	0	0	0	0	0	0	0	0	0	0	0	0	0	0	0	0	0	0	0	0	0	0	0	0	0	0	0	32	0	0	0	0	0	0	0	0	0	0	0	0	0	0	0	0	0	0	0	0	0	0	0	0	0	0	0	0
16	7	7	14	28	0	0	0	12	0	0	28	0	0	0	0	0	0	56	85	0	0	0	12	0	0	12	0	0	0	0	0	0	24	57	0	0	0	0	0	0	0	0	0	0	0	0	0	0	0	0	0	0	85	0	0	0	12	0	0	12	0	0	0	0	0	0	24	47	0	0	0	0	0	0	0	0	0	0	0	0	0	0	0	0	0	0	57	0	0	0	0	0	0	0	0	0	0	0	0	0	0	0	0	0	0	0	0	0	0	0	0	0	0	0	0	0	0	12	0	0	12	0	0	0	0	0	0	24	34	0	0	0	0	0	0	0	0	0	0	0	0	0	0	0	0	0	0	47	0	0	0	0	0	0	0	0	0	0	0	0	0	0	0	0	0	0	0	0	0	0	0	0	0	0	0	0	0	0	0	0	0	0	0	0	0	0	0	0	0	0	0	0	0	0	0	0	0	0	0	0	0	0	0	0	0	0	0	0	0	0
26	12	9	24	86	0	0	0	43	0	0	86	0	0	28	44	0	0	172	240	0	0	0	42	0	0	43	0	0	26	42	0	0	86	151	0	0	0	0	0	0	7	0	0	0	0	0	0	0	44	0	0	0	240	0	0	0	30	0	0	42	0	0	26	24	0	0	84	117	0	0	0	0	0	0	0	0	0	0	0	0	0	0	42	0	0	0	151	0	0	0	0	0	0	42	0	0	0	37	0	0	0	7	0	0	0	0	0	0	0	0	0	0	0	0	0	0	0	7	0	0	30	0	0	24	0	0	0	60	90	0	0	0	0	0	0	0	0	0	0	0	0	0	0	24	0	0	0	117	0	0	0	0	0	0	0	0	0	0	0	0	0	0	0	0	0	0	0	0	0	0	0	0	0	0	0	0	0	0	0	0	0	35	0	0	0	111	0	0	0	42	0	0	0	37	0	0	0	0	0	0	0	0	0	0	0	0	0	0	0	0
16	7	7	14	27	0	0	0	0	0	0	27	0	0	0	0	0	0	54	160	0	0	0	0	0	0	0	0	0	0	0	0	0	0	104	0	0	0	0	0	0	0	0	0	0	0	0	0	0	0	0	0	0	160	0	0	0	0	0	0	0	0	0	0	0	0	0	0	71	0	0	0	0	0	0	0	0	0	0	0	0	0	0	0	0	0	0	104	0	0	0	0	0	0	0	0	0	0	0	0	0	0	0	0	0	0	0	0	0	0	0	0	0	0	0	0	0	0	0	0	0	0	0	0	0	0	0	0	0	45	0	0	0	0	0	0	0	0	0	0	0	0	0	0	0	0	0	0	71	0	0	0	0	0	0	0	0	0	0	0	0	0	0	0	0	0	0	0	0	0	0	0	0	0	0	0	0	0	0	0	0	0	0	0	0	0	0	0	0	0	0	0	0	0	0	0	0	0	0	0	0	0	0	0	0	0	0	0	0	0	0
14	0	0	0	173	0	0	0	114	0	0	0	0	0	0	88	0	0	0	387	0	0	0	112	0	0	0	0	0	0	84	0	0	0	234	0	0	0	0	0	0	28	0	0	0	0	0	0	0	0	0	0	0	0	0	0	0	112	0	0	0	0	0	0	84	0	0	0	232	0	0	0	0	0	0	28	0	0	0	0	0	0	0	0	0	0	0	0	0	0	0	0	0	0	0	0	0	0	0	0	0	0	0	0	0	0	0	0	0	0	0	0	0	0	0	0	0	0	110	0	0	0	0	0	0	80	0	0	0	217	0	0	0	0	0	0	24	0	0	0	0	0	0	0	0	0	0	0	0	0	0	0	0	0	0	0	0	0	0	0	0	0	0	0	0	0	0	0	0	0	0	0	0	0	0	0	0	0	0	0	0	0	24	0	0	0	0	0	0	0	0	0	0	0	0	0	0	0	0	0	0	0	0	0	0	0	0	0	0	0	0
5	0	0	0	38	0	0	0	0	0	0	0	0	0	0	0	0	0	0	245	0	0	0	0	0	0	0	0	0	0	0	0	0	0	149	0	0	0	0	0	0	0	0	0	0	0	0	0	0	0	0	0	0	0	0	0	0	0	0	0	0	0	0	0	0	0	0	0	148	0	0	0	0	0	0	0	0	0	0	0	0	0	0	0	0	0	0	0	0	0	0	0	0	0	0	0	0	0	0	0	0	0	0	0	0	0	0	0	0	0	0	0	0	0	0	0	0	0	0	0	0	0	0	0	0	0	0	0	0	136	0	0	0	0	0	0	0	0	0	0	0	0	0	0	0	0	0	0	0	0	0	0	0	0	0	0	0	0	0	0	0	0	0	0	0	0	0	0	0	0	0	0	0	0	0	0	0	0	0	0	0	0	0	0	0	0	0	0	0	0	0	0	0	0	0	0	0	0	0	0	0	0	0	0	0	0	0	0	0	0	0
