286	279	32	18	0	272	14	12	0	32	18	0	9	16	0	0	63	44	0	0	265	13	10	0	14	12	0	7	12	0	0	26	29	0	0	32	18	0	3	4	0	0	4	2	0	0	9	16	0	0	63	44	0	0	258	13	10	0	13	10	0	7	12	0	0	23	24	0	0	14	12	0	3	4	0	0	2	2	0	0	7	12	0	0	26	29	0	0	32	18	0	5	0	0	0	16	0	0	0	3	4	0	0	4	2	0	0	9	16	0	0	63	44	0	0	251	12	10	0	13	10	0	7	12	0	0	23	24	0	0	13	10	0	3	4	0	0	2	2	0	0	7	12	0	0	23	24	0	0	14	12	0	2	0	0	0	0	0	0	0	3	4	0	0	2	2	0	0	7	12	0	0	26	29	0	0	32	18	0	11	0	0	0	10	0	0	0	5	0	0	0	16	0	0	0	3	4	0	0	4	2	0	0	9	16	0	0	63	44	0	0
517	505	69	57	0	493	40	42	0	69	57	0	41	25	0	0	138	119	0	0	481	36	40	0	40	42	0	30	24	0	0	88	95	0	0	69	57	0	22	16	0	0	15	24	0	0	41	25	0	0	138	119	0	0	469	28	35	0	36	40	0	24	23	0	0	78	90	0	0	40	42	0	10	15	0	0	6	15	0	0	30	24	0	0	88	95	0	0	69	57	0	18	29	0	0	29	32	0	0	22	16	0	0	15	24	0	0	41	25	0	0	138	119	0	0	457	25	26	0	28	35	0	20	19	0	0	57	72	0	0	36	40	0	9	14	0	0	5	14	0	0	24	23	0	0	78	90	0	0	40	42	0	7	15	0	0	2	0	0	0	10	15	0	0	6	15	0	0	30	24	0	0	88	95	0	0	69	57	0	22	27	0	0	15	11	0	0	18	29	0	0	29	32	0	0	22	16	0	0	15	24	0	0	41	25	0	0	138	119	0	0
360	352	42	19	0	344	23	7	0	42	19	0	13	0	0	0	82	34	0	0	336	23	7	0	23	7	0	13	0	0	0	50	14	0	0	42	19	0	12	0	0	0	15	0	0	0	13	0	0	0	82	34	0	0	328	17	7	0	23	7	0	13	0	0	0	50	14	0	0	23	7	0	4	0	0	0	4	0	0	0	13	0	0	0	50	14	0	0	42	19	0	11	0	0	0	27	24	0	0	12	0	0	0	15	0	0	0	13	0	0	0	82	34	0	0	320	14	4	0	17	7	0	9	0	0	0	36	14	0	0	23	7	0	4	0	0	0	4	0	0	0	13	0	0	0	50	14	0	0	23	7	0	2	0	0	0	0	0	0	0	4	0	0	0	4	0	0	0	13	0	0	0	50	14	0	0	42	19	0	6	12	0	0	5	4	0	0	11	0	0	0	27	24	0	0	12	0	0	0	15	0	0	0	13	0	0	0	82	34	0	0
318	311	42	12	0	304	23	0	0	42	12	0	22	0	0	0	86	24	0	0	297	20	0	0	23	0	0	13	0	0	0	52	0	0	0	42	12	0	16	0	0	0	10	9	0	0	22	0	0	0	86	24	0	0	290	12	0	0	20	0	0	7	0	0	0	43	0	0	0	23	0	0	2	0	0	0	3	0	0	0	13	0	0	0	52	0	0	0	42	12	0	11	0	0	0	25	24	0	0	16	0	0	0	10	9	0	0	22	0	0	0	86	24	0	0	283	9	0	0	12	0	0	3	0	0	0	26	0	0	0	20	0	0	2	0	0	0	3	0	0	0	7	0	0	0	43	0	0	0	23	0	0	2	0	0	0	0	0	0	0	2	0	0	0	3	0	0	0	13	0	0	0	52	0	0	0	42	12	0	9	0	0	0	5	3	0	0	11	0	0	0	25	24	0	0	16	0	0	0	10	9	0	0	22	0	0	0	86	24	0	0
405	396	57	23	0	387	36	8	0	57	23	0	42	0	0	0	121	38	0	0	378	31	8	0	36	8	0	29	0	0	0	86	8	0	0	57	23	0	28	0	0	0	11	15	0	0	42	0	0	0	121	38	0	0	369	20	3	0	31	8	0	17	0	0	0	72	8	0	0	36	8	0	8	0	0	0	6	0	0	0	29	0	0	0	86	8	0	0	57	23	0	11	15	0	0	23	33	0	0	28	0	0	0	11	15	0	0	42	0	0	0	121	38	0	0	360	18	0	0	20	3	0	13	0	0	0	47	3	0	0	31	8	0	8	0	0	0	6	0	0	0	17	0	0	0	72	8	0	0	36	8	0	7	0	0	0	1	0	0	0	8	0	0	0	6	0	0	0	29	0	0	0	86	8	0	0	57	23	0	12	0	0	0	9	3	0	0	11	15	0	0	23	33	0	0	28	0	0	0	11	15	0	0	42	0	0	0	121	38	0	0
650	635	72	71	14	620	45	59	0	72	71	14	50	36	0	0	136	184	14	0	605	39	55	0	45	59	0	32	36	0	0	102	168	0	0	72	71	14	25	32	0	0	13	9	0	0	50	36	0	0	136	184	14	0	590	30	22	0	39	55	0	20	32	0	0	86	156	0	0	45	59	0	9	0	0	0	8	9	0	0	32	36	0	0	102	168	0	0	72	71	14	17	8	7	0	5	0	56	0	25	32	0	0	13	9	0	0	50	36	0	0	136	184	14	0	575	27	13	0	30	22	0	19	0	0	0	67	58	0	0	39	55	0	8	0	0	0	7	8	0	0	20	32	0	0	86	156	0	0	45	59	0	12	0	0	0	3	0	0	0	9	0	0	0	8	9	0	0	32	36	0	0	102	168	0	0	72	71	14	20	13	8	0	11	9	14	0	17	8	7	0	5	0	56	0	25	32	0	0	13	9	0	0	50	36	0	0	136	184	14	0
564	551	52	48	14	538	37	32	0	52	48	14	44	0	0	0	113	67	28	0	525	32	30	0	37	32	0	31	0	0	0	88	43	0	0	52	48	14	26	16	0	0	12	0	0	0	44	0	0	0	113	67	28	0	512	20	22	0	32	30	0	19	0	0	0	74	41	0	0	37	32	0	8	0	0	0	8	0	0	0	31	0	0	0	88	43	0	0	52	48	14	8	0	7	0	1	0	14	0	26	16	0	0	12	0	0	0	44	0	0	0	113	67	28	0	499	17	22	0	20	22	0	14	0	0	0	44	33	0	0	32	30	0	8	0	0	0	8	0	0	0	19	0	0	0	74	41	0	0	37	32	0	7	0	0	0	1	0	0	0	8	0	0	0	8	0	0	0	31	0	0	0	88	43	0	0	52	48	14	6	0	8	0	6	0	0	0	8	0	7	0	1	0	14	0	26	16	0	0	12	0	0	0	44	0	0	0	113	67	28	0
855	834	93	186	7	813	50	154	0	93	186	7	48	219	0	0	209	457	14	0	792	44	130	0	50	154	0	32	174	0	0	131	393	0	0	93	186	7	22	125	0	0	18	42	14	0	48	219	0	0	209	457	14	0	771	33	107	0	44	130	0	26	133	0	0	110	325	0	0	50	154	0	5	81	0	0	9	34	0	0	32	174	0	0	131	393	0	0	93	186	7	22	71	7	0	5	13	21	0	22	125	0	0	18	42	14	0	48	219	0	0	209	457	14	0	750	27	104	0	33	107	0	18	130	0	0	82	256	0	0	44	130	0	4	78	0	0	8	32	0	0	26	133	0	0	110	325	0	0	50	154	0	7	65	0	0	2	13	0	0	5	81	0	0	9	34	0	0	32	174	0	0	131	393	0	0	93	186	7	18	39	4	0	14	49	0	0	22	71	7	0	5	13	21	0	22	125	0	0	18	42	14	0	48	219	0	0	209	457	14	0
482	471	48	33	10	460	33	19	0	48	33	10	41	0	0	0	101	60	20	0	449	28	17	0	33	19	0	28	0	0	0	76	39	0	0	48	33	10	24	14	0	0	10	0	0	0	41	0	0	0	101	60	20	0	438	17	10	0	28	17	0	16	0	0	0	62	37	0	0	33	19	0	6	0	0	0	6	0	0	0	28	0	0	0	76	39	0	0	48	33	10	6	0	3	0	1	0	10	0	24	14	0	0	10	0	0	0	41	0	0	0	101	60	20	0	427	15	10	0	17	10	0	12	0	0	0	37	30	0	0	28	17	0	6	0	0	0	6	0	0	0	16	0	0	0	62	37	0	0	33	19	0	5	0	0	0	1	0	0	0	6	0	0	0	6	0	0	0	28	0	0	0	76	39	0	0	48	33	10	4	0	4	0	5	0	0	0	6	0	3	0	1	0	10	0	24	14	0	0	10	0	0	0	41	0	0	0	101	60	20	0
615	601	70	69	6	587	44	36	0	70	69	6	42	108	0	0	157	159	18	0	573	42	12	0	44	36	0	38	36	0	0	110	81	0	0	70	69	6	22	36	0	0	7	0	18	0	42	108	0	0	157	159	18	0	559	32	0	0	42	12	0	32	0	0	0	105	18	0	0	44	36	0	8	0	0	0	7	0	0	0	38	36	0	0	110	81	0	0	70	69	6	9	0	3	0	2	0	12	0	22	36	0	0	7	0	18	0	42	108	0	0	157	159	18	0	545	31	0	0	32	0	0	28	0	0	0	82	0	0	0	42	12	0	8	0	0	0	7	0	0	0	32	0	0	0	105	18	0	0	44	36	0	8	0	0	0	2	0	0	0	8	0	0	0	7	0	0	0	38	36	0	0	110	81	0	0	70	69	6	7	0	0	0	8	0	0	0	9	0	3	0	2	0	12	0	22	36	0	0	7	0	18	0	42	108	0	0	157	159	18	0
460	449	50	33	35	438	33	24	0	50	33	35	37	16	30	0	120	63	35	51	427	20	24	0	33	24	0	23	16	0	0	84	40	0	0	50	33	35	8	0	77	0	9	18	0	0	37	16	30	0	120	63	35	51	416	19	24	0	20	24	0	19	16	0	0	49	40	0	0	33	24	0	8	0	0	0	5	16	0	0	23	16	0	0	84	40	0	0	50	33	35	5	0	8	0	1	0	0	0	8	0	77	0	9	18	0	0	37	16	30	0	120	63	35	51	405	19	24	0	19	24	0	19	16	0	0	47	40	0	0	20	24	0	8	0	0	0	3	16	0	0	19	16	0	0	49	40	0	0	33	24	0	5	0	0	0	1	0	0	0	8	0	0	0	5	16	0	0	23	16	0	0	84	40	0	0	50	33	35	4	0	0	0	5	0	0	0	5	0	8	0	1	0	0	0	8	0	77	0	9	18	0	0	37	16	30	0	120	63	35	51
438	428	53	16	27	418	31	0	0	53	16	27	36	0	30	0	125	40	54	37	408	24	0	0	31	0	0	24	0	0	0	70	0	0	0	53	16	27	8	0	45	0	6	0	0	0	36	0	30	0	125	40	54	37	398	24	0	0	24	0	0	24	0	0	0	57	0	0	0	31	0	0	8	0	0	0	6	0	0	0	24	0	0	0	70	0	0	0	53	16	27	5	0	0	0	1	0	0	0	8	0	45	0	6	0	0	0	36	0	30	0	125	40	54	37	388	24	0	0	24	0	0	24	0	0	0	57	0	0	0	24	0	0	8	0	0	0	5	0	0	0	24	0	0	0	57	0	0	0	31	0	0	5	0	0	0	1	0	0	0	8	0	0	0	6	0	0	0	24	0	0	0	70	0	0	0	53	16	27	3	0	0	0	4	0	0	0	5	0	0	0	1	0	0	0	8	0	45	0	6	0	0	0	36	0	30	0	125	40	54	37
348	340	39	16	6	332	17	0	0	39	16	6	22	0	18	0	97	40	24	6	324	15	0	0	17	0	0	16	0	0	0	44	0	0	0	39	16	6	2	0	12	0	1	0	0	0	22	0	18	0	97	40	24	6	316	15	0	0	15	0	0	16	0	0	0	41	0	0	0	17	0	0	2	0	0	0	1	0	0	0	16	0	0	0	44	0	0	0	39	16	6	0	0	0	0	0	0	0	0	2	0	12	0	1	0	0	0	22	0	18	0	97	40	24	6	308	15	0	0	15	0	0	16	0	0	0	41	0	0	0	15	0	0	2	0	0	0	1	0	0	0	16	0	0	0	41	0	0	0	17	0	0	0	0	0	0	0	0	0	0	2	0	0	0	1	0	0	0	16	0	0	0	44	0	0	0	39	16	6	0	0	0	0	0	0	0	0	0	0	0	0	0	0	0	0	2	0	12	0	1	0	0	0	22	0	18	0	97	40	24	6
262	256	30	8	0	250	14	0	0	30	8	0	14	0	0	0	73	16	0	0	244	14	0	0	14	0	0	14	0	0	0	33	0	0	0	30	8	0	2	0	0	0	3	0	0	0	14	0	0	0	73	16	0	0	238	14	0	0	14	0	0	14	0	0	0	33	0	0	0	14	0	0	2	0	0	0	3	0	0	0	14	0	0	0	33	0	0	0	30	8	0	0	0	0	0	0	0	0	0	2	0	0	0	3	0	0	0	14	0	0	0	73	16	0	0	232	14	0	0	14	0	0	14	0	0	0	33	0	0	0	14	0	0	2	0	0	0	3	0	0	0	14	0	0	0	33	0	0	0	14	0	0	0	0	0	0	0	0	0	0	2	0	0	0	3	0	0	0	14	0	0	0	33	0	0	0	30	8	0	0	0	0	0	0	0	0	0	0	0	0	0	0	0	0	0	2	0	0	0	3	0	0	0	14	0	0	0	73	16	0	0
486	474	49	50	0	462	14	32	0	49	50	0	13	24	0	0	125	144	0	0	450	14	32	0	14	32	0	13	24	0	0	41	96	0	0	49	50	0	2	0	0	0	4	0	0	0	13	24	0	0	125	144	0	0	438	14	32	0	14	32	0	13	24	0	0	41	96	0	0	14	32	0	2	0	0	0	3	0	0	0	13	24	0	0	41	96	0	0	49	50	0	0	0	0	0	0	0	0	0	2	0	0	0	4	0	0	0	13	24	0	0	125	144	0	0	426	14	32	0	14	32	0	13	24	0	0	41	96	0	0	14	32	0	2	0	0	0	3	0	0	0	13	24	0	0	41	96	0	0	14	32	0	0	0	0	0	0	0	0	0	2	0	0	0	3	0	0	0	13	24	0	0	41	96	0	0	49	50	0	0	0	0	0	2	0	0	0	0	0	0	0	0	0	0	0	2	0	0	0	4	0	0	0	13	24	0	0	125	144	0	0
471	460	50	18	32	449	29	0	12	50	18	32	29	0	42	30	122	27	64	33	438	29	0	0	29	0	12	29	0	30	0	79	0	24	0	50	18	32	8	0	0	0	5	0	0	13	29	0	42	30	122	27	64	33	427	29	0	0	29	0	0	29	0	0	0	79	0	0	0	29	0	12	8	0	0	0	3	0	0	0	29	0	30	0	79	0	24	0	50	18	32	8	0	0	0	2	0	0	0	8	0	0	0	5	0	0	13	29	0	42	30	122	27	64	33	416	29	0	0	29	0	0	29	0	0	0	79	0	0	0	29	0	0	8	0	0	0	3	0	0	0	29	0	0	0	79	0	0	0	29	0	12	8	0	0	0	2	0	0	0	8	0	0	0	3	0	0	0	29	0	30	0	79	0	24	0	50	18	32	6	0	0	0	8	0	0	0	8	0	0	0	2	0	0	0	8	0	0	0	5	0	0	13	29	0	42	30	122	27	64	33
808	788	70	128	43	768	32	86	12	70	128	43	25	132	42	30	171	307	129	68	748	31	84	0	32	86	12	23	126	30	0	93	216	36	0	70	128	43	6	28	0	0	8	14	0	13	25	132	42	30	171	307	129	68	728	31	84	0	31	84	0	23	126	0	0	88	210	0	0	32	86	12	6	28	0	0	6	14	0	0	23	126	30	0	93	216	36	0	70	128	43	8	0	0	0	2	0	0	0	6	28	0	0	8	14	0	13	25	132	42	30	171	307	129	68	708	31	84	0	31	84	0	23	126	0	0	88	210	0	0	31	84	0	6	28	0	0	6	14	0	0	23	126	0	0	88	210	0	0	32	86	12	8	0	0	0	2	0	0	0	6	28	0	0	6	14	0	0	23	126	30	0	93	216	36	0	70	128	43	6	0	0	0	12	0	0	0	8	0	0	0	2	0	0	0	6	28	0	0	8	14	0	13	25	132	42	30	171	307	129	68
607	592	58	76	16	577	22	44	6	58	76	16	16	44	18	18	132	223	64	6	562	22	44	0	22	44	6	16	44	12	0	66	143	24	0	58	76	16	2	0	0	0	2	0	0	6	16	44	18	18	132	223	64	6	547	22	44	0	22	44	0	16	44	0	0	66	143	0	0	22	44	6	2	0	0	0	1	0	0	0	16	44	12	0	66	143	24	0	58	76	16	3	0	0	0	2	0	0	0	2	0	0	0	2	0	0	6	16	44	18	18	132	223	64	6	532	22	44	0	22	44	0	16	44	0	0	66	143	0	0	22	44	0	2	0	0	0	1	0	0	0	16	44	0	0	66	143	0	0	22	44	6	3	0	0	0	1	0	0	0	2	0	0	0	1	0	0	0	16	44	12	0	66	143	24	0	58	76	16	3	0	0	0	8	0	0	0	3	0	0	0	2	0	0	0	2	0	0	0	2	0	0	6	16	44	18	18	132	223	64	6
377	368	31	15	11	359	15	8	0	31	15	11	16	0	0	0	78	15	11	6	350	15	8	0	15	8	0	16	0	0	0	43	8	0	0	31	15	11	2	0	0	0	2	0	0	0	16	0	0	0	78	15	11	6	341	15	8	0	15	8	0	16	0	0	0	43	8	0	0	15	8	0	2	0	0	0	1	0	0	0	16	0	0	0	43	8	0	0	31	15	11	0	0	0	0	0	0	0	0	2	0	0	0	2	0	0	0	16	0	0	0	78	15	11	6	332	15	8	0	15	8	0	16	0	0	0	43	8	0	0	15	8	0	2	0	0	0	1	0	0	0	16	0	0	0	43	8	0	0	15	8	0	0	0	0	0	0	0	0	0	2	0	0	0	1	0	0	0	16	0	0	0	43	8	0	0	31	15	11	0	0	0	0	2	0	0	0	0	0	0	0	0	0	0	0	2	0	0	0	2	0	0	0	16	0	0	0	78	15	11	6
425	415	53	25	3	405	28	0	0	53	25	3	27	0	0	0	110	75	15	0	395	27	0	0	28	0	0	22	0	0	0	78	0	0	0	53	25	3	3	0	0	0	2	5	0	0	27	0	0	0	110	75	15	0	385	27	0	0	27	0	0	22	0	0	0	76	0	0	0	28	0	0	3	0	0	0	2	0	0	0	22	0	0	0	78	0	0	0	53	25	3	10	0	0	0	4	0	0	0	3	0	0	0	2	5	0	0	27	0	0	0	110	75	15	0	375	26	0	0	27	0	0	22	0	0	0	76	0	0	0	27	0	0	2	0	0	0	1	0	0	0	22	0	0	0	76	0	0	0	28	0	0	5	0	0	0	2	0	0	0	3	0	0	0	2	0	0	0	22	0	0	0	78	0	0	0	53	25	3	15	0	0	0	6	5	0	0	10	0	0	0	4	0	0	0	3	0	0	0	2	5	0	0	27	0	0	0	110	75	15	0
726	708	73	114	31	690	44	67	24	73	114	31	39	68	16	16	145	212	155	3	672	42	58	21	44	67	24	36	28	16	12	106	151	120	0	73	114	31	16	13	7	20	11	13	31	0	39	68	16	16	145	212	155	3	654	40	51	4	42	58	21	36	26	15	0	101	132	105	0	44	67	24	11	8	7	0	3	8	24	0	36	28	16	12	106	151	120	0	73	114	31	19	66	0	12	6	23	0	21	16	13	7	20	11	13	31	0	39	68	16	16	145	212	155	3	636	36	31	0	40	51	4	33	16	4	0	93	114	20	0	42	58	21	10	0	7	0	2	0	21	0	36	26	15	0	101	132	105	0	44	67	24	9	16	0	0	2	14	0	0	11	8	7	0	3	8	24	0	36	28	16	12	106	151	120	0	73	114	31	11	110	7	0	13	45	31	0	19	66	0	12	6	23	0	21	16	13	7	20	11	13	31	0	39	68	16	16	145	212	155	3
704	687	58	31	97	670	40	16	53	58	31	97	40	0	9	43	127	48	97	105	653	39	16	43	40	16	53	35	0	9	30	106	48	53	30	58	31	97	10	0	0	68	4	0	0	0	40	0	9	43	127	48	97	105	636	39	16	3	39	16	43	35	0	8	0	104	48	43	0	40	16	53	10	0	0	0	4	0	0	0	35	0	9	30	106	48	53	30	58	31	97	15	0	0	15	5	0	0	51	10	0	0	68	4	0	0	0	40	0	9	43	127	48	97	105	619	38	16	0	39	16	3	35	0	0	0	104	48	3	0	39	16	43	9	0	0	0	3	0	0	0	35	0	8	0	104	48	43	0	40	16	53	10	0	0	0	3	0	0	0	10	0	0	0	4	0	0	0	35	0	9	30	106	48	53	30	58	31	97	19	0	0	0	9	0	0	0	15	0	0	15	5	0	0	51	10	0	0	68	4	0	0	0	40	0	9	43	127	48	97	105
716	698	67	94	63	680	37	69	26	67	94	63	40	42	9	43	154	230	126	94	662	36	69	20	37	69	26	35	42	9	30	103	221	52	30	67	94	63	13	0	0	38	9	0	0	0	40	42	9	43	154	230	126	94	644	35	66	0	36	69	20	35	42	8	0	101	221	40	0	37	69	26	10	0	0	0	4	0	0	0	35	42	9	30	103	221	52	30	67	94	63	21	39	0	0	6	13	0	27	13	0	0	38	9	0	0	0	40	42	9	43	154	230	126	94	626	31	63	0	35	66	0	32	39	0	0	96	211	0	0	36	69	20	9	0	0	0	3	0	0	0	35	42	8	0	101	221	40	0	37	69	26	7	39	0	0	2	13	0	0	10	0	0	0	4	0	0	0	35	42	9	30	103	221	52	30	67	94	63	16	35	0	0	16	39	0	0	21	39	0	0	6	13	0	27	13	0	0	38	9	0	0	0	40	42	9	43	154	230	126	94
458	447	47	28	21	436	31	0	9	47	28	21	30	0	9	0	96	28	84	19	425	30	0	8	31	0	9	25	0	9	0	82	0	36	6	47	28	21	6	0	0	8	3	0	0	0	30	0	9	0	96	28	84	19	414	29	0	0	30	0	8	25	0	8	0	80	0	32	0	31	0	9	4	0	0	0	1	0	0	0	25	0	9	0	82	0	36	6	47	28	21	10	0	0	0	3	7	0	14	6	0	0	8	3	0	0	0	30	0	9	0	96	28	84	19	403	28	0	0	29	0	0	25	0	0	0	77	0	0	0	30	0	8	3	0	0	0	0	0	0	0	25	0	8	0	80	0	32	0	31	0	9	5	0	0	0	2	0	0	0	4	0	0	0	1	0	0	0	25	0	9	0	82	0	36	6	47	28	21	16	0	0	0	6	0	0	0	10	0	0	0	3	7	0	14	6	0	0	8	3	0	0	0	30	0	9	0	96	28	84	19
484	472	49	42	23	460	28	20	0	49	42	23	29	10	0	0	106	87	69	62	448	27	20	0	28	20	0	24	10	0	0	77	70	0	18	49	42	23	4	0	0	0	3	0	0	0	29	10	0	0	106	87	69	62	436	27	20	0	27	20	0	24	10	0	0	75	70	0	0	28	20	0	4	0	0	0	2	0	0	0	24	10	0	0	77	70	0	18	49	42	23	10	0	0	0	4	0	0	0	4	0	0	0	3	0	0	0	29	10	0	0	106	87	69	62	424	26	20	0	27	20	0	24	10	0	0	75	70	0	0	27	20	0	3	0	0	0	1	0	0	0	24	10	0	0	75	70	0	0	28	20	0	5	0	0	0	2	0	0	0	4	0	0	0	2	0	0	0	24	10	0	0	77	70	0	18	49	42	23	15	0	0	0	9	0	0	0	10	0	0	0	4	0	0	0	4	0	0	0	3	0	0	0	29	10	0	0	106	87	69	62
521	508	35	32	50	495	27	12	23	35	32	50	22	0	16	43	69	20	100	75	482	26	12	23	27	12	23	20	0	7	43	56	0	46	33	35	32	50	7	0	0	0	4	10	0	0	22	0	16	43	69	20	100	75	469	23	12	22	26	12	23	20	0	7	39	53	0	46	29	27	12	23	3	0	0	0	0	0	0	0	20	0	7	43	56	0	46	33	35	32	50	3	0	16	8	1	0	0	0	7	0	0	0	4	10	0	0	22	0	16	43	69	20	100	75	456	19	12	8	23	12	22	17	0	7	4	44	0	44	4	26	12	23	3	0	0	0	0	0	0	0	20	0	7	39	53	0	46	29	27	12	23	0	0	7	0	1	0	0	0	3	0	0	0	0	0	0	0	20	0	7	43	56	0	46	33	35	32	50	2	0	37	24	3	0	0	14	3	0	16	8	1	0	0	0	7	0	0	0	4	10	0	0	22	0	16	43	69	20	100	75
534	520	53	52	48	506	31	46	0	53	52	48	23	57	8	0	118	149	0	235	492	31	45	0	31	46	0	23	54	0	0	79	136	0	112	53	52	48	5	9	0	0	6	0	0	0	23	57	8	0	118	149	0	235	478	29	45	0	31	45	0	23	54	0	0	79	135	0	92	31	46	0	2	9	0	0	2	0	0	0	23	54	0	0	79	136	0	112	53	52	48	5	0	8	0	2	0	0	0	5	9	0	0	6	0	0	0	23	57	8	0	118	149	0	235	464	26	45	0	29	45	0	21	54	0	0	73	135	0	7	31	45	0	2	9	0	0	2	0	0	0	23	54	0	0	79	135	0	92	31	46	0	3	0	0	0	2	0	0	0	2	9	0	0	2	0	0	0	23	54	0	0	79	136	0	112	53	52	48	3	0	27	0	9	0	0	0	5	0	8	0	2	0	0	0	5	9	0	0	6	0	0	0	23	57	8	0	118	149	0	235
328	320	33	0	33	312	26	0	0	33	0	33	22	0	8	0	71	0	0	138	304	26	0	0	26	0	0	22	0	0	0	63	0	0	59	33	0	33	6	0	0	0	4	0	0	0	22	0	8	0	71	0	0	138	296	24	0	0	26	0	0	22	0	0	0	63	0	0	49	26	0	0	3	0	0	0	0	0	0	0	22	0	0	0	63	0	0	59	33	0	33	5	0	8	0	2	0	0	0	6	0	0	0	4	0	0	0	22	0	8	0	71	0	0	138	288	21	0	0	24	0	0	20	0	0	0	57	0	0	4	26	0	0	3	0	0	0	0	0	0	0	22	0	0	0	63	0	0	49	26	0	0	3	0	0	0	2	0	0	0	3	0	0	0	0	0	0	0	22	0	0	0	63	0	0	59	33	0	33	3	0	27	0	6	0	0	0	5	0	8	0	2	0	0	0	6	0	0	0	4	0	0	0	22	0	8	0	71	0	0	138
557	542	43	85	15	527	22	64	0	43	85	15	14	87	8	0	73	147	30	52	512	21	60	0	22	64	0	12	81	0	0	42	123	0	33	43	85	15	3	30	0	0	3	6	0	0	14	87	8	0	73	147	30	52	497	20	54	0	21	60	0	12	81	0	0	39	117	0	29	22	64	0	2	18	0	0	0	0	0	0	12	81	0	0	42	123	0	33	43	85	15	2	0	8	0	2	0	15	0	3	30	0	0	3	6	0	0	14	87	8	0	73	147	30	52	482	18	54	0	20	54	0	10	81	0	0	36	99	0	4	21	60	0	2	18	0	0	0	0	0	0	12	81	0	0	39	117	0	29	22	64	0	0	0	0	0	1	0	0	0	2	18	0	0	0	0	0	0	12	81	0	0	42	123	0	33	43	85	15	5	0	16	0	7	0	0	0	2	0	8	0	2	0	15	0	3	30	0	0	3	6	0	0	14	87	8	0	73	147	30	52
348	339	30	25	8	330	21	14	0	30	25	8	19	7	8	0	52	24	16	31	321	20	14	0	21	14	0	17	7	0	0	41	14	0	24	30	25	8	6	0	0	0	3	5	0	0	19	7	8	0	52	24	16	31	312	18	14	0	20	14	0	17	7	0	0	38	14	0	21	21	14	0	3	0	0	0	0	0	0	0	17	7	0	0	41	14	0	24	30	25	8	2	0	8	0	1	0	0	0	6	0	0	0	3	5	0	0	19	7	8	0	52	24	16	31	303	16	14	0	18	14	0	15	7	0	0	32	14	0	4	20	14	0	3	0	0	0	0	0	0	0	17	7	0	0	38	14	0	21	21	14	0	0	0	0	0	1	0	0	0	3	0	0	0	0	0	0	0	17	7	0	0	41	14	0	24	30	25	8	2	0	16	0	3	0	0	0	2	0	8	0	1	0	0	0	6	0	0	0	3	5	0	0	19	7	8	0	52	24	16	31
547	533	51	45	45	519	32	23	18	51	45	45	23	20	4	48	88	86	90	73	505	27	13	9	32	23	18	19	0	4	7	44	30	36	23	51	45	45	3	0	32	7	0	0	45	31	23	20	4	48	88	86	90	73	491	24	13	9	27	13	9	16	0	4	7	30	0	18	23	32	23	18	3	0	20	7	0	0	18	24	19	0	4	7	44	30	36	23	51	45	45	0	0	35	0	2	0	0	0	3	0	32	7	0	0	45	31	23	20	4	48	88	86	90	73	477	24	13	9	24	13	9	16	0	4	7	27	0	18	22	27	13	9	3	0	11	7	0	0	9	21	16	0	4	7	30	0	18	23	32	23	18	0	0	24	0	1	0	0	0	3	0	20	7	0	0	18	24	19	0	4	7	44	30	36	23	51	45	45	5	0	0	0	7	0	0	0	0	0	35	0	2	0	0	0	3	0	32	7	0	0	45	31	23	20	4	48	88	86	90	73
231	225	19	5	21	219	14	5	0	19	5	21	12	0	0	0	30	0	0	73	213	12	5	0	14	5	0	10	0	0	0	19	0	0	23	19	5	21	2	0	6	0	0	0	0	0	12	0	0	0	30	0	0	73	207	12	5	0	12	5	0	10	0	0	0	13	0	0	23	14	5	0	2	0	0	0	0	0	0	0	10	0	0	0	19	0	0	23	19	5	21	0	0	0	0	0	0	0	0	2	0	6	0	0	0	0	0	12	0	0	0	30	0	0	73	201	12	5	0	12	5	0	10	0	0	0	13	0	0	22	12	5	0	2	0	0	0	0	0	0	0	10	0	0	0	13	0	0	23	14	5	0	0	0	0	0	0	0	0	0	2	0	0	0	0	0	0	0	10	0	0	0	19	0	0	23	19	5	21	0	0	0	0	0	0	0	0	0	0	0	0	0	0	0	0	2	0	6	0	0	0	0	0	12	0	0	0	30	0	0	73
308	300	26	19	0	292	12	7	0	26	19	0	6	0	0	0	41	24	0	0	284	11	7	0	12	7	0	4	0	0	0	8	0	0	0	26	19	0	0	0	0	0	0	0	0	0	6	0	0	0	41	24	0	0	276	11	7	0	11	7	0	4	0	0	0	5	0	0	0	12	7	0	0	0	0	0	0	0	0	0	4	0	0	0	8	0	0	0	26	19	0	0	0	0	0	0	0	0	0	0	0	0	0	0	0	0	0	6	0	0	0	41	24	0	0	268	11	7	0	11	7	0	4	0	0	0	5	0	0	0	11	7	0	0	0	0	0	0	0	0	0	4	0	0	0	5	0	0	0	12	7	0	0	0	0	0	0	0	0	0	0	0	0	0	0	0	0	0	4	0	0	0	8	0	0	0	26	19	0	0	0	0	0	0	0	0	0	0	0	0	0	0	0	0	0	0	0	0	0	0	0	0	0	6	0	0	0	41	24	0	0
292	284	26	23	0	276	10	15	0	26	23	0	4	10	0	0	38	25	0	0	268	9	15	0	10	15	0	2	10	0	0	6	10	0	0	26	23	0	0	0	0	0	0	0	0	0	4	10	0	0	38	25	0	0	260	9	15	0	9	15	0	2	10	0	0	3	10	0	0	10	15	0	0	0	0	0	0	0	0	0	2	10	0	0	6	10	0	0	26	23	0	0	0	0	0	0	0	0	0	0	0	0	0	0	0	0	0	4	10	0	0	38	25	0	0	252	9	15	0	9	15	0	2	10	0	0	3	10	0	0	9	15	0	0	0	0	0	0	0	0	0	2	10	0	0	3	10	0	0	10	15	0	0	0	0	0	0	0	0	0	0	0	0	0	0	0	0	0	2	10	0	0	6	10	0	0	26	23	0	0	0	0	0	0	0	0	0	0	0	0	0	0	0	0	0	0	0	0	0	0	0	0	0	4	10	0	0	38	25	0	0
338	329	27	26	0	320	11	14	0	27	26	0	6	0	0	0	44	27	0	0	311	10	14	0	11	14	0	4	0	0	0	8	0	0	0	27	26	0	0	0	0	0	0	0	0	0	6	0	0	0	44	27	0	0	302	10	14	0	10	14	0	4	0	0	0	5	0	0	0	11	14	0	0	0	0	0	0	0	0	0	4	0	0	0	8	0	0	0	27	26	0	0	0	0	0	0	0	0	0	0	0	0	0	0	0	0	0	6	0	0	0	44	27	0	0	293	10	14	0	10	14	0	4	0	0	0	5	0	0	0	10	14	0	0	0	0	0	0	0	0	0	4	0	0	0	5	0	0	0	11	14	0	0	0	0	0	0	0	0	0	0	0	0	0	0	0	0	0	4	0	0	0	8	0	0	0	27	26	0	0	0	0	0	0	0	0	0	0	0	0	0	0	0	0	0	0	0	0	0	0	0	0	0	6	0	0	0	44	27	0	0
389	379	35	9	23	369	17	0	2	35	9	23	16	0	16	2	63	18	23	45	359	17	0	2	17	0	2	16	0	4	2	19	0	2	18	35	9	23	2	0	0	0	0	0	0	0	16	0	16	2	63	18	23	45	349	17	0	2	17	0	2	16	0	4	2	19	0	2	9	17	0	2	2	0	0	0	0	0	0	0	16	0	4	2	19	0	2	18	35	9	23	0	0	0	0	1	0	0	0	2	0	0	0	0	0	0	0	16	0	16	2	63	18	23	45	339	17	0	2	17	0	2	16	0	4	2	19	0	2	9	17	0	2	2	0	0	0	0	0	0	0	16	0	4	2	19	0	2	9	17	0	2	0	0	0	0	0	0	0	0	2	0	0	0	0	0	0	0	16	0	4	2	19	0	2	18	35	9	23	0	0	0	0	3	0	0	0	0	0	0	0	1	0	0	0	2	0	0	0	0	0	0	0	16	0	16	2	63	18	23	45
597	581	59	77	23	565	33	39	2	59	77	23	32	26	16	2	113	129	92	45	549	33	39	2	33	39	2	32	26	4	2	59	39	8	18	59	77	23	11	0	0	0	2	0	0	0	32	26	16	2	113	129	92	45	533	33	39	2	33	39	2	32	26	4	2	59	39	8	9	33	39	2	11	0	0	0	2	0	0	0	32	26	4	2	59	39	8	18	59	77	23	4	0	0	0	3	0	0	0	11	0	0	0	2	0	0	0	32	26	16	2	113	129	92	45	517	33	39	2	33	39	2	32	26	4	2	59	39	8	9	33	39	2	11	0	0	0	2	0	0	0	32	26	4	2	59	39	8	9	33	39	2	4	0	0	0	0	0	0	0	11	0	0	0	2	0	0	0	32	26	4	2	59	39	8	18	59	77	23	14	0	0	0	15	0	0	0	4	0	0	0	3	0	0	0	11	0	0	0	2	0	0	0	32	26	16	2	113	129	92	45
272	265	28	6	7	258	13	0	0	28	6	7	14	0	0	0	53	12	7	0	251	13	0	0	13	0	0	14	0	0	0	17	0	0	0	28	6	7	2	0	0	0	0	0	0	0	14	0	0	0	53	12	7	0	244	13	0	0	13	0	0	14	0	0	0	17	0	0	0	13	0	0	2	0	0	0	0	0	0	0	14	0	0	0	17	0	0	0	28	6	7	0	0	0	0	1	0	0	0	2	0	0	0	0	0	0	0	14	0	0	0	53	12	7	0	237	13	0	0	13	0	0	14	0	0	0	17	0	0	0	13	0	0	2	0	0	0	0	0	0	0	14	0	0	0	17	0	0	0	13	0	0	0	0	0	0	0	0	0	0	2	0	0	0	0	0	0	0	14	0	0	0	17	0	0	0	28	6	7	0	0	0	0	3	0	0	0	0	0	0	0	1	0	0	0	2	0	0	0	0	0	0	0	14	0	0	0	53	12	7	0
309	301	38	15	3	293	21	0	0	38	15	3	24	0	0	0	76	30	9	0	285	21	0	0	21	0	0	24	0	0	0	37	0	0	0	38	15	3	6	0	0	0	0	0	0	0	24	0	0	0	76	30	9	0	277	21	0	0	21	0	0	24	0	0	0	37	0	0	0	21	0	0	6	0	0	0	0	0	0	0	24	0	0	0	37	0	0	0	38	15	3	0	0	0	0	2	0	0	0	6	0	0	0	0	0	0	0	24	0	0	0	76	30	9	0	269	21	0	0	21	0	0	24	0	0	0	37	0	0	0	21	0	0	6	0	0	0	0	0	0	0	24	0	0	0	37	0	0	0	21	0	0	0	0	0	0	0	0	0	0	6	0	0	0	0	0	0	0	24	0	0	0	37	0	0	0	38	15	3	3	0	0	0	7	0	0	0	0	0	0	0	2	0	0	0	6	0	0	0	0	0	0	0	24	0	0	0	76	30	9	0
564	548	74	97	0	532	36	65	0	74	97	0	29	116	0	0	156	210	0	0	516	36	63	0	36	65	0	29	108	0	0	84	130	0	0	74	97	0	9	18	0	0	8	0	0	0	29	116	0	0	156	210	0	0	500	36	63	0	36	63	0	29	108	0	0	84	126	0	0	36	65	0	9	18	0	0	8	0	0	0	29	108	0	0	84	130	0	0	74	97	0	4	0	0	0	4	0	0	0	9	18	0	0	8	0	0	0	29	116	0	0	156	210	0	0	484	36	63	0	36	63	0	29	108	0	0	84	126	0	0	36	63	0	9	18	0	0	8	0	0	0	29	108	0	0	84	126	0	0	36	65	0	4	0	0	0	0	0	0	0	9	18	0	0	8	0	0	0	29	108	0	0	84	130	0	0	74	97	0	16	0	0	0	23	0	0	0	4	0	0	0	4	0	0	0	9	18	0	0	8	0	0	0	29	116	0	0	156	210	0	0
454	442	49	20	38	430	33	0	3	49	20	38	35	0	0	6	111	30	76	56	418	33	0	2	33	0	3	35	0	0	4	79	0	6	4	49	20	38	14	0	0	2	7	0	0	0	35	0	0	6	111	30	76	56	406	32	0	2	33	0	2	35	0	0	4	79	0	4	4	33	0	3	11	0	0	2	2	0	0	0	35	0	0	4	79	0	6	4	49	20	38	13	0	0	0	5	10	0	0	14	0	0	2	7	0	0	0	35	0	0	6	111	30	76	56	394	29	0	2	32	0	2	32	0	0	4	74	0	4	4	33	0	2	11	0	0	2	2	0	0	0	35	0	0	4	79	0	4	4	33	0	3	4	0	0	0	0	0	0	0	11	0	0	2	2	0	0	0	35	0	0	4	79	0	6	4	49	20	38	14	0	0	0	19	30	0	0	13	0	0	0	5	10	0	0	14	0	0	2	7	0	0	0	35	0	0	6	111	30	76	56
663	645	71	84	67	627	43	46	45	71	84	67	44	31	38	26	144	177	201	26	609	43	45	30	43	46	45	44	30	38	4	100	90	135	2	71	84	67	15	15	0	36	13	0	0	45	44	31	38	26	144	177	201	26	591	42	45	18	43	45	30	44	30	35	4	100	90	90	2	43	46	45	12	15	0	18	2	0	0	18	44	30	38	4	100	90	135	2	71	84	67	18	0	0	48	8	12	0	15	15	15	0	36	13	0	0	45	44	31	38	26	144	177	201	26	573	38	42	9	42	45	18	41	30	24	4	95	90	54	2	43	45	30	12	15	0	9	2	0	0	9	44	30	35	4	100	90	90	2	43	46	45	5	0	0	7	0	0	0	0	12	15	0	18	2	0	0	18	44	30	38	4	100	90	135	2	71	84	67	15	36	0	7	25	48	0	31	18	0	0	48	8	12	0	15	15	15	0	36	13	0	0	45	44	31	38	26	144	177	201	26
487	473	56	66	18	459	28	51	0	56	66	18	24	70	0	0	119	137	18	26	445	28	48	0	28	51	0	24	64	0	0	63	119	0	2	56	66	18	8	24	0	0	4	0	0	0	24	70	0	0	119	137	18	26	431	28	48	0	28	48	0	24	64	0	0	63	112	0	2	28	51	0	8	24	0	0	4	0	0	0	24	64	0	0	63	119	0	2	56	66	18	4	0	0	0	4	0	0	0	8	24	0	0	4	0	0	0	24	70	0	0	119	137	18	26	417	28	48	0	28	48	0	24	64	0	0	63	112	0	2	28	48	0	8	24	0	0	4	0	0	0	24	64	0	0	63	112	0	2	28	51	0	4	0	0	0	0	0	0	0	8	24	0	0	4	0	0	0	24	64	0	0	63	119	0	2	56	66	18	16	0	0	0	29	0	0	0	4	0	0	0	4	0	0	0	8	24	0	0	4	0	0	0	24	70	0	0	119	137	18	26
621	603	91	130	13	585	48	98	0	91	130	13	48	93	0	0	194	355	52	23	567	46	93	0	48	98	0	38	86	0	0	124	282	0	2	91	130	13	9	58	0	0	25	34	0	0	48	93	0	0	194	355	52	23	549	45	89	0	46	93	0	38	82	0	0	119	273	0	2	48	98	0	6	52	0	0	10	34	0	0	38	86	0	0	124	282	0	2	91	130	13	24	44	0	0	11	6	0	0	9	58	0	0	25	34	0	0	48	93	0	0	194	355	52	23	531	37	78	0	45	89	0	35	80	0	0	114	267	0	2	46	93	0	6	50	0	0	10	34	0	0	38	82	0	0	119	273	0	2	48	98	0	1	40	0	0	3	0	0	0	6	52	0	0	10	34	0	0	38	86	0	0	124	282	0	2	91	130	13	13	84	0	0	27	76	0	0	24	44	0	0	11	6	0	0	9	58	0	0	25	34	0	0	48	93	0	0	194	355	52	23
435	423	61	45	4	411	33	20	0	61	45	4	35	0	0	0	132	120	20	0	399	33	20	0	33	20	0	35	0	0	0	88	60	0	0	61	45	4	14	0	0	0	22	0	0	0	35	0	0	0	132	120	20	0	387	32	20	0	33	20	0	35	0	0	0	88	60	0	0	33	20	0	11	0	0	0	4	0	0	0	35	0	0	0	88	60	0	0	61	45	4	18	0	0	0	7	5	0	0	14	0	0	0	22	0	0	0	35	0	0	0	132	120	20	0	375	28	20	0	32	20	0	32	0	0	0	83	60	0	0	33	20	0	11	0	0	0	4	0	0	0	35	0	0	0	88	60	0	0	33	20	0	5	0	0	0	0	0	0	0	11	0	0	0	4	0	0	0	35	0	0	0	88	60	0	0	61	45	4	18	0	0	0	30	20	0	0	18	0	0	0	7	5	0	0	14	0	0	0	22	0	0	0	35	0	0	0	132	120	20	0
481	468	45	0	90	455	31	0	48	45	0	90	27	0	26	24	103	0	0	140	442	30	0	48	31	0	48	25	0	26	24	89	0	0	48	45	0	90	15	0	13	0	22	0	0	0	27	0	26	24	103	0	0	140	429	28	0	46	30	0	48	24	0	26	22	86	0	0	32	31	0	48	10	0	13	0	2	0	0	0	25	0	26	24	89	0	0	48	45	0	90	20	0	13	22	4	0	0	0	15	0	13	0	22	0	0	0	27	0	26	24	103	0	0	140	416	19	0	40	28	0	46	20	0	26	16	76	0	0	20	30	0	48	9	0	13	0	2	0	0	0	24	0	26	22	86	0	0	32	31	0	48	5	0	13	16	0	0	0	0	10	0	13	0	2	0	0	0	25	0	26	24	89	0	0	48	45	0	90	5	0	52	48	11	0	0	0	20	0	13	22	4	0	0	0	15	0	13	0	22	0	0	0	27	0	26	24	103	0	0	140
478	465	35	30	61	452	19	0	56	35	30	61	13	0	42	0	88	30	183	4	439	14	0	56	19	0	56	7	0	42	0	68	0	168	0	35	30	61	6	0	13	0	18	40	0	0	13	0	42	0	88	30	183	4	426	12	0	56	14	0	56	6	0	42	0	48	0	168	0	19	0	56	1	0	13	0	0	0	0	0	7	0	42	0	68	0	168	0	35	30	61	16	0	13	0	4	0	0	0	6	0	13	0	18	40	0	0	13	0	42	0	88	30	183	4	413	7	0	55	12	0	56	2	0	42	0	38	0	168	0	14	0	56	0	0	13	0	0	0	0	0	6	0	42	0	48	0	168	0	19	0	56	1	0	13	0	0	0	0	0	1	0	13	0	0	0	0	0	7	0	42	0	68	0	168	0	35	30	61	2	0	13	13	7	0	0	0	16	0	13	0	4	0	0	0	6	0	13	0	18	40	0	0	13	0	42	0	88	30	183	4
648	630	78	92	74	612	50	56	40	78	92	74	41	42	26	14	209	234	222	122	594	44	53	40	50	56	40	33	42	26	14	158	182	120	48	78	92	74	17	33	13	0	23	55	0	0	41	42	26	14	209	234	222	122	576	38	33	39	44	53	40	28	33	26	13	136	167	120	32	50	56	40	13	0	13	0	8	0	0	0	33	42	26	14	158	182	120	48	78	92	74	23	99	52	13	11	22	74	0	17	33	13	0	23	55	0	0	41	42	26	14	209	234	222	122	558	28	0	32	38	33	39	24	0	26	8	116	88	117	20	44	53	40	12	0	13	0	8	0	0	0	28	33	26	13	136	167	120	32	50	56	40	8	0	52	8	9	0	40	0	13	0	13	0	8	0	0	0	33	42	26	14	158	182	120	48	78	92	74	19	0	65	62	27	45	222	0	23	99	52	13	11	22	74	0	17	33	13	0	23	55	0	0	41	42	26	14	209	234	222	122
524	509	64	77	23	494	39	47	0	64	77	23	26	24	0	0	166	185	92	84	479	33	47	0	39	47	0	20	24	0	0	121	152	0	45	64	77	23	11	0	0	0	27	42	0	0	26	24	0	0	166	185	92	84	464	30	42	0	33	47	0	16	24	0	0	97	152	0	30	39	47	0	6	0	0	0	8	0	0	0	20	24	0	0	121	152	0	45	64	77	23	23	39	0	0	11	14	0	0	11	0	0	0	27	42	0	0	26	24	0	0	166	185	92	84	449	20	33	0	30	42	0	13	22	0	0	87	132	0	18	33	47	0	6	0	0	0	8	0	0	0	16	24	0	0	97	152	0	30	39	47	0	4	11	0	0	6	0	0	0	6	0	0	0	8	0	0	0	20	24	0	0	121	152	0	45	64	77	23	15	22	24	0	24	48	23	0	23	39	0	0	11	14	0	0	11	0	0	0	27	42	0	0	26	24	0	0	166	185	92	84
294	286	33	12	11	278	22	0	0	33	12	11	15	0	0	0	85	6	22	17	270	19	0	0	22	0	0	13	0	0	0	71	0	0	0	33	12	11	8	0	0	0	17	18	0	0	15	0	0	0	85	6	22	17	262	18	0	0	19	0	0	13	0	0	0	59	0	0	0	22	0	0	5	0	0	0	2	0	0	0	13	0	0	0	71	0	0	0	33	12	11	18	0	0	0	4	0	0	0	8	0	0	0	17	18	0	0	15	0	0	0	85	6	22	17	254	12	0	0	18	0	0	10	0	0	0	54	0	0	0	19	0	0	5	0	0	0	2	0	0	0	13	0	0	0	59	0	0	0	22	0	0	5	0	0	0	0	0	0	0	5	0	0	0	2	0	0	0	13	0	0	0	71	0	0	0	33	12	11	5	0	12	0	11	0	0	0	18	0	0	0	4	0	0	0	8	0	0	0	17	18	0	0	15	0	0	0	85	6	22	17
286	278	20	7	48	270	11	7	21	20	7	48	8	0	16	47	66	35	0	95	262	7	0	21	11	7	21	3	0	13	47	41	35	0	56	20	7	48	1	0	16	0	0	0	48	0	8	0	16	47	66	35	0	95	254	5	0	21	7	0	21	2	0	13	47	24	0	0	56	11	7	21	0	0	13	0	0	0	21	0	3	0	13	47	41	35	0	56	20	7	48	1	0	23	0	0	0	0	0	1	0	16	0	0	0	48	0	8	0	16	47	66	35	0	95	246	5	0	21	5	0	21	2	0	13	47	17	0	0	56	7	0	21	0	0	13	0	0	0	21	0	2	0	13	47	24	0	0	56	11	7	21	1	0	13	0	0	0	0	0	0	0	13	0	0	0	21	0	3	0	13	47	41	35	0	56	20	7	48	2	0	0	0	7	0	0	0	1	0	23	0	0	0	0	0	1	0	16	0	0	0	48	0	8	0	16	47	66	35	0	95
493	479	51	45	67	465	30	23	35	51	45	67	29	20	58	47	156	152	134	158	451	19	13	35	30	23	35	14	0	55	47	102	102	70	96	51	45	67	3	0	55	0	12	0	67	0	29	20	58	47	156	152	134	158	437	12	13	35	19	13	35	6	0	55	47	60	52	70	96	30	23	35	0	0	41	0	6	0	35	0	14	0	55	47	102	102	70	96	51	45	67	1	0	56	0	5	0	0	0	3	0	55	0	12	0	67	0	29	20	58	47	156	152	134	158	423	12	13	35	12	13	35	6	0	55	47	40	52	70	95	19	13	35	0	0	41	0	6	0	35	0	6	0	55	47	60	52	70	96	30	23	35	1	0	13	0	3	0	0	0	0	0	41	0	6	0	35	0	14	0	55	47	102	102	70	96	51	45	67	8	0	0	0	18	0	0	0	1	0	56	0	5	0	0	0	3	0	55	0	12	0	67	0	29	20	58	47	156	152	134	158
420	408	47	37	34	396	28	27	0	47	37	34	23	16	0	0	141	131	34	169	384	21	11	0	28	27	0	15	0	0	0	95	100	0	96	47	37	34	2	0	11	0	14	0	68	0	23	16	0	0	141	131	34	169	372	15	11	0	21	11	0	8	0	0	0	66	44	0	96	28	27	0	0	0	0	0	8	0	0	0	15	0	0	0	95	100	0	96	47	37	34	1	0	40	0	5	0	0	0	2	0	11	0	14	0	68	0	23	16	0	0	141	131	34	169	360	15	11	0	15	11	0	8	0	0	0	49	44	0	95	21	11	0	0	0	0	0	8	0	0	0	8	0	0	0	66	44	0	96	28	27	0	1	0	0	0	3	0	0	0	0	0	0	0	8	0	0	0	15	0	0	0	95	100	0	96	47	37	34	8	0	0	0	19	0	0	0	1	0	40	0	5	0	0	0	2	0	11	0	14	0	68	0	23	16	0	0	141	131	34	169
464	450	78	76	18	436	45	62	0	78	76	18	42	64	0	0	221	239	18	97	422	37	50	0	45	62	0	26	50	0	0	146	195	0	40	78	76	18	18	10	11	0	28	26	36	0	42	64	0	0	221	239	18	97	408	30	40	0	37	50	0	23	30	0	0	118	155	0	40	45	62	0	6	0	0	0	15	20	0	0	26	50	0	0	146	195	0	40	78	76	18	27	0	40	0	12	30	36	0	18	10	11	0	28	26	36	0	42	64	0	0	221	239	18	97	394	22	34	0	30	40	0	14	30	0	0	97	130	0	39	37	50	0	6	0	0	0	15	20	0	0	23	30	0	0	118	155	0	40	45	62	0	4	0	0	0	7	30	0	0	6	0	0	0	15	20	0	0	26	50	0	0	146	195	0	40	78	76	18	10	48	0	0	19	74	0	0	27	0	40	0	12	30	36	0	18	10	11	0	28	26	36	0	42	64	0	0	221	239	18	97
303	294	44	31	0	285	21	20	0	44	31	0	23	19	0	0	127	107	0	0	276	14	14	0	21	20	0	9	7	0	0	69	77	0	0	44	31	0	2	0	0	0	12	16	0	0	23	19	0	0	127	107	0	0	267	12	14	0	14	14	0	5	7	0	0	46	56	0	0	21	20	0	0	0	0	0	6	14	0	0	9	7	0	0	69	77	0	0	44	31	0	0	0	0	0	5	0	0	0	2	0	0	0	12	16	0	0	23	19	0	0	127	107	0	0	258	12	14	0	12	14	0	5	7	0	0	41	56	0	0	14	14	0	0	0	0	0	6	14	0	0	5	7	0	0	46	56	0	0	21	20	0	0	0	0	0	3	0	0	0	0	0	0	0	6	14	0	0	9	7	0	0	69	77	0	0	44	31	0	6	0	0	0	12	0	0	0	0	0	0	0	5	0	0	0	2	0	0	0	12	16	0	0	23	19	0	0	127	107	0	0
480	466	52	43	67	452	21	13	38	52	43	67	19	0	98	46	152	132	201	119	438	16	13	35	21	13	38	6	0	52	40	66	52	114	35	52	43	67	0	0	28	39	6	26	0	0	19	0	98	46	152	132	201	119	424	16	13	35	16	13	35	6	0	49	40	54	52	105	35	21	13	38	0	0	16	39	6	26	0	0	6	0	52	40	66	52	114	35	52	43	67	0	0	0	0	3	0	0	0	0	0	28	39	6	26	0	0	19	0	98	46	152	132	201	119	410	16	13	35	16	13	35	6	0	49	40	54	52	105	35	16	13	35	0	0	13	39	6	26	0	0	6	0	49	40	54	52	105	35	21	13	38	0	0	0	0	3	0	0	0	0	0	16	39	6	26	0	0	6	0	52	40	66	52	114	35	52	43	67	6	0	0	0	13	0	0	0	0	0	0	0	3	0	0	0	0	0	28	39	6	26	0	0	19	0	98	46	152	132	201	119
374	363	39	31	34	352	11	10	33	39	31	34	4	0	60	14	99	82	102	0	341	11	10	33	11	10	33	4	0	58	14	32	40	99	0	39	31	34	0	0	0	0	4	0	0	0	4	0	60	14	99	82	102	0	330	11	10	33	11	10	33	4	0	58	14	32	40	99	0	11	10	33	0	0	0	0	4	0	0	0	4	0	58	14	32	40	99	0	39	31	34	0	0	0	0	0	0	0	0	0	0	0	0	4	0	0	0	4	0	60	14	99	82	102	0	319	11	10	33	11	10	33	4	0	58	14	32	40	99	0	11	10	33	0	0	0	0	4	0	0	0	4	0	58	14	32	40	99	0	11	10	33	0	0	0	0	0	0	0	0	0	0	0	0	4	0	0	0	4	0	58	14	32	40	99	0	39	31	34	0	0	0	0	3	0	0	0	0	0	0	0	0	0	0	0	0	0	0	0	4	0	0	0	4	0	60	14	99	82	102	0
372	361	41	35	19	350	11	10	19	41	35	19	4	0	30	0	101	115	95	0	339	11	10	19	11	10	19	4	0	30	0	32	40	95	0	41	35	19	0	0	0	0	2	0	0	0	4	0	30	0	101	115	95	0	328	11	10	19	11	10	19	4	0	30	0	32	40	95	0	11	10	19	0	0	0	0	2	0	0	0	4	0	30	0	32	40	95	0	41	35	19	0	0	0	0	0	0	0	0	0	0	0	0	2	0	0	0	4	0	30	0	101	115	95	0	317	11	10	19	11	10	19	4	0	30	0	32	40	95	0	11	10	19	0	0	0	0	2	0	0	0	4	0	30	0	32	40	95	0	11	10	19	0	0	0	0	0	0	0	0	0	0	0	0	2	0	0	0	4	0	30	0	32	40	95	0	41	35	19	0	0	0	0	9	0	0	0	0	0	0	0	0	0	0	0	0	0	0	0	2	0	0	0	4	0	30	0	101	115	95	0
279	271	34	7	28	263	12	0	14	34	7	28	3	0	46	14	100	14	28	67	255	12	0	14	12	0	14	3	0	28	14	40	0	14	35	34	7	28	0	0	0	0	6	0	0	0	3	0	46	14	100	14	28	67	247	12	0	14	12	0	14	3	0	28	14	40	0	14	35	12	0	14	0	0	0	0	6	0	0	0	3	0	28	14	40	0	14	35	34	7	28	0	0	0	0	0	0	0	0	0	0	0	0	6	0	0	0	3	0	46	14	100	14	28	67	239	12	0	14	12	0	14	3	0	28	14	40	0	14	35	12	0	14	0	0	0	0	6	0	0	0	3	0	28	14	40	0	14	35	12	0	14	0	0	0	0	0	0	0	0	0	0	0	0	6	0	0	0	3	0	28	14	40	0	14	35	34	7	28	0	0	0	0	1	0	0	0	0	0	0	0	0	0	0	0	0	0	0	0	6	0	0	0	3	0	46	14	100	14	28	67
357	346	39	40	0	335	10	24	0	39	40	0	4	0	0	0	98	96	0	0	324	10	24	0	10	24	0	4	0	0	0	33	56	0	0	39	40	0	0	0	0	0	4	0	0	0	4	0	0	0	98	96	0	0	313	10	24	0	10	24	0	4	0	0	0	33	56	0	0	10	24	0	0	0	0	0	4	0	0	0	4	0	0	0	33	56	0	0	39	40	0	0	0	0	0	0	0	0	0	0	0	0	0	4	0	0	0	4	0	0	0	98	96	0	0	302	10	24	0	10	24	0	4	0	0	0	33	56	0	0	10	24	0	0	0	0	0	4	0	0	0	4	0	0	0	33	56	0	0	10	24	0	0	0	0	0	0	0	0	0	0	0	0	0	4	0	0	0	4	0	0	0	33	56	0	0	39	40	0	0	0	0	0	6	0	0	0	0	0	0	0	0	0	0	0	0	0	0	0	4	0	0	0	4	0	0	0	98	96	0	0
675	655	68	75	119	635	36	0	94	68	75	119	24	0	87	102	185	225	595	86	615	36	0	55	36	0	94	24	0	84	58	116	0	470	57	68	75	119	6	0	0	79	14	0	0	167	24	0	87	102	185	225	595	86	595	36	0	40	36	0	55	24	0	63	55	116	0	275	54	36	0	94	6	0	0	40	14	0	0	56	24	0	84	58	116	0	470	57	68	75	119	12	0	0	52	9	0	0	74	6	0	0	79	14	0	0	167	24	0	87	102	185	225	595	86	575	33	0	40	36	0	40	24	0	26	55	116	0	200	54	36	0	55	6	0	0	40	14	0	0	56	24	0	63	55	116	0	275	54	36	0	94	3	0	0	52	9	0	0	40	6	0	0	40	14	0	0	56	24	0	84	58	116	0	470	57	68	75	119	14	0	0	0	25	45	0	0	12	0	0	52	9	0	0	74	6	0	0	79	14	0	0	167	24	0	87	102	185	225	595	86
475	461	36	13	90	447	20	0	56	36	13	90	13	0	14	91	101	13	90	120	433	20	0	55	20	0	56	13	0	14	88	63	0	56	90	36	13	90	6	0	0	14	6	0	0	0	13	0	14	91	101	13	90	120	419	20	0	54	20	0	55	13	0	14	88	63	0	55	87	20	0	56	6	0	0	14	6	0	0	0	13	0	14	88	63	0	56	90	36	13	90	4	0	0	13	3	0	0	0	6	0	0	14	6	0	0	0	13	0	14	91	101	13	90	120	405	19	0	54	20	0	54	13	0	13	88	63	0	54	87	20	0	55	6	0	0	14	6	0	0	0	13	0	14	88	63	0	55	87	20	0	56	3	0	0	13	3	0	0	0	6	0	0	14	6	0	0	0	13	0	14	88	63	0	56	90	36	13	90	2	0	0	0	11	13	0	0	4	0	0	13	3	0	0	0	6	0	0	14	6	0	0	0	13	0	14	91	101	13	90	120
499	484	55	54	55	469	25	14	44	55	54	55	17	0	51	22	141	156	220	19	454	24	14	44	25	14	44	14	0	51	22	70	56	176	19	55	54	55	6	0	9	0	6	0	0	0	17	0	51	22	141	156	220	19	439	24	14	43	24	14	44	14	0	51	22	69	56	176	19	25	14	44	6	0	9	0	6	0	0	0	14	0	51	22	70	56	176	19	55	54	55	12	0	0	13	6	0	0	0	6	0	9	0	6	0	0	0	17	0	51	22	141	156	220	19	424	21	14	43	24	14	43	14	0	50	22	69	56	172	19	24	14	44	6	0	9	0	6	0	0	0	14	0	51	22	69	56	176	19	25	14	44	3	0	0	13	6	0	0	0	6	0	9	0	6	0	0	0	14	0	51	22	70	56	176	19	55	54	55	8	0	0	0	14	30	0	0	12	0	0	13	6	0	0	0	6	0	9	0	6	0	0	0	17	0	51	22	141	156	220	19
556	539	56	68	53	522	29	42	16	56	68	53	24	28	12	19	155	167	106	148	505	27	42	0	29	42	16	16	28	10	0	91	126	32	104	56	68	53	6	0	0	0	8	28	0	52	24	28	12	19	155	167	106	148	488	27	42	0	27	42	0	16	28	0	0	87	126	0	101	29	42	16	6	0	0	0	8	28	0	0	16	28	10	0	91	126	32	104	56	68	53	4	0	0	0	6	0	0	0	6	0	0	0	8	28	0	52	24	28	12	19	155	167	106	148	471	26	42	0	27	42	0	16	28	0	0	87	126	0	101	27	42	0	6	0	0	0	8	28	0	0	16	28	0	0	87	126	0	101	29	42	16	3	0	0	0	6	0	0	0	6	0	0	0	8	28	0	0	16	28	10	0	91	126	32	104	56	68	53	8	0	0	0	19	12	0	0	4	0	0	0	6	0	0	0	6	0	0	0	8	28	0	52	24	28	12	19	155	167	106	148
417	404	44	53	16	391	18	30	0	44	53	16	12	20	0	0	111	126	48	53	378	18	30	0	18	30	0	12	20	0	0	54	80	0	52	44	53	16	6	0	0	0	5	0	0	0	12	20	0	0	111	126	48	53	365	18	30	0	18	30	0	12	20	0	0	54	80	0	52	18	30	0	6	0	0	0	4	0	0	0	12	20	0	0	54	80	0	52	44	53	16	4	0	0	0	4	0	0	0	6	0	0	0	5	0	0	0	12	20	0	0	111	126	48	53	352	17	30	0	18	30	0	12	20	0	0	54	80	0	52	18	30	0	6	0	0	0	4	0	0	0	12	20	0	0	54	80	0	52	18	30	0	3	0	0	0	3	0	0	0	6	0	0	0	4	0	0	0	12	20	0	0	54	80	0	52	44	53	16	2	0	0	0	11	7	0	0	4	0	0	0	4	0	0	0	6	0	0	0	5	0	0	0	12	20	0	0	111	126	48	53
657	637	60	51	172	617	34	0	133	60	51	172	29	0	72	94	137	119	516	190	597	31	0	132	34	0	133	23	0	71	93	94	0	399	138	60	51	172	9	0	34	18	10	0	0	0	29	0	72	94	137	119	516	190	577	30	0	127	31	0	132	22	0	71	88	92	0	396	99	34	0	133	7	0	34	16	10	0	0	0	23	0	71	93	94	0	399	138	60	51	172	14	0	10	65	6	0	0	0	9	0	34	18	10	0	0	0	29	0	72	94	137	119	516	190	557	26	0	103	30	0	127	21	0	71	71	90	0	381	83	31	0	132	6	0	34	13	10	0	0	0	22	0	71	88	92	0	396	99	34	0	133	3	0	10	26	6	0	0	0	7	0	34	16	10	0	0	0	23	0	71	93	94	0	399	138	60	51	172	9	0	10	142	10	0	0	74	14	0	10	65	6	0	0	0	9	0	34	18	10	0	0	0	29	0	72	94	137	119	516	190
445	431	50	45	63	417	26	24	18	50	45	63	22	12	37	9	120	77	126	243	403	25	24	18	26	24	18	19	12	36	9	80	36	36	154	50	45	63	6	0	9	0	9	0	0	0	22	12	37	9	120	77	126	243	389	25	24	18	25	24	18	19	12	36	9	80	36	36	99	26	24	18	6	0	9	0	8	0	0	0	19	12	36	9	80	36	36	154	50	45	63	12	0	0	0	7	0	0	0	6	0	9	0	9	0	0	0	22	12	37	9	120	77	126	243	375	22	24	18	25	24	18	19	12	36	9	80	36	36	83	25	24	18	6	0	9	0	8	0	0	0	19	12	36	9	80	36	36	99	26	24	18	3	0	0	0	6	0	0	0	6	0	9	0	8	0	0	0	19	12	36	9	80	36	36	154	50	45	63	8	0	0	0	8	0	0	0	12	0	0	0	7	0	0	0	6	0	9	0	9	0	0	0	22	12	37	9	120	77	126	243
485	469	68	91	25	453	30	55	9	68	91	25	25	66	10	9	151	267	125	119	437	28	55	9	30	55	9	15	66	9	9	87	187	45	94	65	91	25	7	0	0	0	11	26	0	0	25	66	10	9	145	267	125	119	421	28	55	9	28	55	9	15	66	9	9	82	187	45	55	27	55	9	7	0	0	0	6	22	0	0	15	66	9	9	81	187	45	94	65	91	25	12	0	0	0	8	0	0	0	7	0	0	0	11	26	0	0	25	66	10	9	145	267	125	119	405	25	55	9	28	55	9	15	66	9	9	82	187	45	40	25	55	9	7	0	0	0	6	22	0	0	15	66	9	9	76	187	45	55	27	55	9	3	0	0	0	6	0	0	0	7	0	0	0	6	22	0	0	15	66	9	9	81	187	45	94	65	91	25	8	0	0	0	8	0	0	0	12	0	0	0	8	0	0	0	7	0	0	0	11	26	0	0	25	66	10	9	145	267	125	119
591	572	83	116	69	553	47	76	41	83	116	69	49	0	20	26	199	310	276	174	534	44	76	40	47	76	41	37	0	20	24	137	230	164	138	81	116	69	22	0	10	5	22	32	0	0	49	0	20	26	195	310	276	174	515	39	68	28	44	76	40	36	0	20	11	130	230	160	99	45	76	41	8	0	10	0	15	32	0	0	37	0	20	24	133	230	164	138	81	116	69	20	80	21	61	10	42	0	18	22	0	10	5	22	32	0	0	49	0	20	26	195	310	276	174	496	27	42	6	39	68	28	24	0	20	0	115	210	112	83	42	76	40	7	0	10	0	15	32	0	0	36	0	20	11	126	230	160	99	45	76	41	3	0	21	0	7	42	0	0	8	0	10	0	15	32	0	0	37	0	20	24	133	230	164	138	81	116	69	3	84	56	24	12	70	138	97	20	80	21	61	10	42	0	18	22	0	10	5	22	32	0	0	49	0	20	26	195	310	276	174
583	564	72	114	80	545	34	94	20	72	114	80	31	126	0	26	188	335	80	333	526	32	88	19	34	94	20	23	116	0	24	103	299	20	210	72	114	80	12	78	0	5	20	26	0	0	31	126	0	26	188	335	80	333	507	29	84	11	32	88	19	23	110	0	11	99	283	19	154	34	94	20	0	74	0	0	11	24	0	0	23	116	0	24	103	299	20	210	72	114	80	20	48	0	33	11	36	0	18	12	78	0	5	20	26	0	0	31	126	0	26	188	335	80	333	488	21	71	0	29	84	11	14	107	0	0	90	273	11	137	32	88	19	0	72	0	0	11	24	0	0	23	110	0	11	99	283	19	154	34	94	20	0	36	0	0	7	36	0	0	0	74	0	0	11	24	0	0	23	116	0	24	103	299	20	210	72	114	80	6	23	24	0	10	36	80	74	20	48	0	33	11	36	0	18	12	78	0	5	20	26	0	0	31	126	0	26	188	335	80	333
408	395	44	23	78	382	30	12	19	44	23	78	21	0	11	48	95	48	78	409	369	30	12	18	30	12	19	21	0	9	45	84	48	19	221	42	23	78	7	0	0	9	8	0	0	0	21	0	11	48	91	48	78	409	356	27	12	18	30	12	18	21	0	9	45	84	48	18	218	28	12	19	7	0	0	9	8	0	0	0	21	0	9	45	80	48	19	221	42	23	78	3	0	31	0	6	0	0	0	7	0	0	9	8	0	0	0	21	0	11	48	91	48	78	409	343	26	12	18	27	12	18	20	0	9	45	75	48	18	193	28	12	18	7	0	0	9	8	0	0	0	21	0	9	45	80	48	18	218	28	12	19	3	0	0	0	6	0	0	0	7	0	0	9	8	0	0	0	21	0	9	45	80	48	19	221	42	23	78	7	0	11	0	8	0	0	0	3	0	31	0	6	0	0	0	7	0	0	9	8	0	0	0	21	0	11	48	91	48	78	409
541	524	55	42	112	507	35	0	64	55	42	112	30	0	117	53	110	28	336	329	490	30	0	64	35	0	64	19	0	112	53	91	0	192	201	54	42	112	2	0	45	0	10	0	0	0	30	0	117	53	108	28	336	329	473	27	0	64	30	0	64	18	0	112	53	80	0	192	199	34	0	64	1	0	43	0	10	0	0	0	19	0	112	53	89	0	192	201	54	42	112	0	0	32	0	3	0	0	0	2	0	45	0	10	0	0	0	30	0	117	53	108	28	336	329	456	27	0	64	27	0	64	18	0	112	53	74	0	192	182	29	0	64	1	0	43	0	10	0	0	0	18	0	112	53	78	0	192	199	34	0	64	0	0	10	0	3	0	0	0	1	0	43	0	10	0	0	0	19	0	112	53	89	0	192	201	54	42	112	7	0	0	0	7	0	0	0	0	0	32	0	3	0	0	0	2	0	45	0	10	0	0	0	30	0	117	53	108	28	336	329
318	308	28	16	29	298	16	0	21	28	16	29	11	0	28	18	46	0	58	25	288	16	0	21	16	0	21	11	0	26	18	42	0	42	9	27	16	29	1	0	0	0	4	0	0	0	11	0	28	18	44	0	58	25	278	16	0	21	16	0	21	11	0	26	18	42	0	42	9	15	0	21	1	0	0	0	4	0	0	0	11	0	26	18	40	0	42	9	27	16	29	0	0	0	0	0	0	0	0	1	0	0	0	4	0	0	0	11	0	28	18	44	0	58	25	268	16	0	21	16	0	21	11	0	26	18	42	0	42	9	15	0	21	1	0	0	0	4	0	0	0	11	0	26	18	40	0	42	9	15	0	21	0	0	0	0	0	0	0	0	1	0	0	0	4	0	0	0	11	0	26	18	40	0	42	9	27	16	29	0	0	0	0	0	0	0	0	0	0	0	0	0	0	0	0	1	0	0	0	4	0	0	0	11	0	28	18	44	0	58	25
480	464	54	78	54	448	30	48	19	54	78	54	30	36	48	20	117	138	162	266	432	26	48	19	30	48	19	15	36	46	20	81	120	57	183	52	78	54	2	0	21	0	8	24	0	0	30	36	48	20	113	138	162	266	416	23	48	19	26	48	19	14	36	46	20	72	120	57	181	28	48	19	1	0	19	0	8	24	0	0	15	36	46	20	77	120	57	183	52	78	54	0	0	32	0	3	0	0	0	2	0	21	0	8	24	0	0	30	36	48	20	113	138	162	266	400	23	48	19	23	48	19	14	36	46	20	66	120	57	164	24	48	19	1	0	19	0	8	24	0	0	14	36	46	20	68	120	57	181	28	48	19	0	0	10	0	3	0	0	0	1	0	19	0	8	24	0	0	15	36	46	20	77	120	57	183	52	78	54	7	0	0	0	7	0	0	0	0	0	32	0	3	0	0	0	2	0	21	0	8	24	0	0	30	36	48	20	113	138	162	266
300	289	41	40	16	278	21	32	0	39	40	16	9	15	0	0	88	87	16	94	268	21	31	0	21	32	0	9	14	0	0	62	83	0	50	37	30	16	0	7	0	0	10	0	0	0	9	15	0	0	84	67	16	94	258	19	31	0	21	31	0	9	14	0	0	62	83	0	49	19	22	0	0	7	0	0	6	0	0	0	9	14	0	0	58	63	0	50	37	30	16	0	0	20	0	4	0	0	0	0	7	0	0	10	0	0	0	9	15	0	0	84	67	16	94	248	19	31	0	19	31	0	9	14	0	0	57	83	0	37	19	21	0	0	7	0	0	6	0	0	0	9	14	0	0	58	63	0	49	19	22	0	0	0	0	0	3	0	0	0	0	7	0	0	6	0	0	0	9	14	0	0	58	63	0	50	37	30	16	6	0	0	0	5	0	0	0	0	0	20	0	4	0	0	0	0	7	0	0	10	0	0	0	9	15	0	0	84	67	16	94
582	563	18	18	162	544	15	18	105	18	18	162	11	0	11	92	46	0	0	289	525	15	18	102	15	18	105	11	0	9	85	39	0	0	123	17	18	162	1	0	0	33	4	0	0	0	11	0	11	92	44	0	0	289	506	15	18	102	15	18	102	11	0	9	85	39	0	0	122	14	18	105	1	0	0	33	4	0	0	0	11	0	9	85	37	0	0	123	17	18	162	0	0	0	0	0	0	0	0	1	0	0	33	4	0	0	0	11	0	11	92	44	0	0	289	487	15	18	102	15	18	102	11	0	9	85	39	0	0	122	14	18	102	1	0	0	33	4	0	0	0	11	0	9	85	37	0	0	122	14	18	105	0	0	0	0	0	0	0	0	1	0	0	33	4	0	0	0	11	0	9	85	37	0	0	123	17	18	162	0	0	0	0	0	0	0	0	0	0	0	0	0	0	0	0	1	0	0	33	4	0	0	0	11	0	11	92	44	0	0	289
365	353	22	11	78	341	12	11	42	22	11	78	9	0	38	44	50	0	0	195	329	12	11	42	12	11	42	9	0	33	44	27	0	0	104	22	11	78	0	0	0	0	4	0	0	0	9	0	38	44	50	0	0	195	317	12	11	42	12	11	42	9	0	33	44	27	0	0	104	12	11	42	0	0	0	0	4	0	0	0	9	0	33	44	27	0	0	104	22	11	78	0	0	0	0	0	0	0	0	0	0	0	0	4	0	0	0	9	0	38	44	50	0	0	195	305	12	11	42	12	11	42	9	0	33	44	27	0	0	104	12	11	42	0	0	0	0	4	0	0	0	9	0	33	44	27	0	0	104	12	11	42	0	0	0	0	0	0	0	0	0	0	0	0	4	0	0	0	9	0	33	44	27	0	0	104	22	11	78	0	0	0	0	0	0	0	0	0	0	0	0	0	0	0	0	0	0	0	0	4	0	0	0	9	0	38	44	50	0	0	195
430	415	54	72	48	400	24	50	21	54	72	48	21	60	25	42	131	190	96	166	385	21	50	19	24	50	21	10	60	21	38	64	140	42	83	53	72	48	3	0	14	20	8	20	0	0	21	60	25	42	129	190	96	166	370	21	50	19	21	50	19	10	60	19	38	58	140	38	83	23	50	21	3	0	12	20	8	20	0	0	10	60	21	38	62	140	42	83	53	72	48	1	0	0	0	0	0	0	0	3	0	14	20	8	20	0	0	21	60	25	42	129	190	96	166	355	21	50	19	21	50	19	10	60	19	38	58	140	38	83	20	50	19	3	0	10	20	8	20	0	0	10	60	19	38	56	140	38	83	23	50	21	1	0	0	0	0	0	0	0	3	0	12	20	8	20	0	0	10	60	21	38	62	140	42	83	53	72	48	6	0	0	0	10	0	0	0	1	0	0	0	0	0	0	0	3	0	14	20	8	20	0	0	21	60	25	42	129	190	96	166
323	312	40	38	20	301	17	18	17	40	38	20	13	0	38	26	101	72	80	0	290	17	18	17	17	18	17	13	0	33	26	50	27	68	0	40	38	20	3	0	0	0	6	0	0	0	13	0	38	26	101	72	80	0	279	17	18	17	17	18	17	13	0	33	26	50	27	68	0	17	18	17	3	0	0	0	6	0	0	0	13	0	33	26	50	27	68	0	40	38	20	1	0	0	0	0	0	0	0	3	0	0	0	6	0	0	0	13	0	38	26	101	72	80	0	268	17	18	17	17	18	17	13	0	33	26	50	27	68	0	17	18	17	3	0	0	0	6	0	0	0	13	0	33	26	50	27	68	0	17	18	17	1	0	0	0	0	0	0	0	3	0	0	0	6	0	0	0	13	0	33	26	50	27	68	0	40	38	20	5	0	0	0	14	0	0	0	1	0	0	0	0	0	0	0	3	0	0	0	6	0	0	0	13	0	38	26	101	72	80	0
259	250	42	25	0	241	17	14	0	42	25	0	12	7	0	0	103	71	0	0	232	17	14	0	17	14	0	12	7	0	0	49	42	0	0	42	25	0	3	0	0	0	6	0	0	0	12	7	0	0	103	71	0	0	223	17	14	0	17	14	0	12	7	0	0	49	42	0	0	17	14	0	3	0	0	0	6	0	0	0	12	7	0	0	49	42	0	0	42	25	0	1	0	0	0	2	0	0	0	3	0	0	0	6	0	0	0	12	7	0	0	103	71	0	0	214	17	14	0	17	14	0	12	7	0	0	49	42	0	0	17	14	0	3	0	0	0	6	0	0	0	12	7	0	0	49	42	0	0	17	14	0	1	0	0	0	0	0	0	0	3	0	0	0	6	0	0	0	12	7	0	0	49	42	0	0	42	25	0	5	0	0	0	20	0	0	0	1	0	0	0	2	0	0	0	3	0	0	0	6	0	0	0	12	7	0	0	103	71	0	0
413	399	49	35	66	385	29	13	44	49	35	66	29	0	15	76	122	98	132	68	371	27	13	39	29	13	44	19	0	14	64	85	65	88	38	49	35	66	9	0	0	50	13	26	0	0	29	0	15	76	122	98	132	68	357	27	13	37	27	13	39	19	0	12	62	80	65	78	36	29	13	44	9	0	0	46	11	26	0	0	19	0	14	64	85	65	88	38	49	35	66	11	0	0	20	5	0	0	0	9	0	0	50	13	26	0	0	29	0	15	76	122	98	132	68	343	23	11	37	27	13	37	19	0	10	62	80	65	74	36	27	13	39	9	0	0	46	11	26	0	0	19	0	12	62	80	65	78	36	29	13	44	5	0	0	20	3	0	0	0	9	0	0	46	11	26	0	0	19	0	14	64	85	65	88	38	49	35	66	6	22	0	0	18	44	0	0	11	0	0	20	5	0	0	0	9	0	0	50	13	26	0	0	29	0	15	76	122	98	132	68
262	253	31	15	18	244	15	8	9	31	15	18	7	0	0	18	75	31	18	20	235	15	8	8	15	8	9	7	0	0	16	44	24	9	17	31	15	18	3	0	0	8	7	0	0	0	7	0	0	18	75	31	18	20	226	15	8	8	15	8	8	7	0	0	16	44	24	8	17	15	8	9	3	0	0	8	6	0	0	0	7	0	0	16	44	24	9	17	31	15	18	3	0	0	0	3	0	0	0	3	0	0	8	7	0	0	0	7	0	0	18	75	31	18	20	217	13	8	8	15	8	8	7	0	0	16	44	24	8	17	15	8	8	3	0	0	8	6	0	0	0	7	0	0	16	44	24	8	17	15	8	9	1	0	0	0	0	0	0	0	3	0	0	8	6	0	0	0	7	0	0	16	44	24	9	17	31	15	18	5	0	0	0	18	14	0	0	3	0	0	0	3	0	0	0	3	0	0	8	7	0	0	0	7	0	0	18	75	31	18	20
356	344	45	32	35	332	24	0	31	45	32	35	15	0	24	18	106	80	140	0	320	24	0	30	24	0	31	15	0	24	16	70	0	124	0	45	32	35	9	0	0	8	21	0	0	0	15	0	24	18	106	80	140	0	308	24	0	29	24	0	30	15	0	24	16	70	0	120	0	24	0	31	9	0	0	8	10	0	0	0	15	0	24	16	70	0	124	0	45	32	35	11	0	0	11	8	0	0	0	9	0	0	8	21	0	0	0	15	0	24	18	106	80	140	0	296	20	0	29	24	0	29	15	0	22	16	70	0	116	0	24	0	30	9	0	0	8	10	0	0	0	15	0	24	16	70	0	120	0	24	0	31	5	0	0	11	3	0	0	0	9	0	0	8	10	0	0	0	15	0	24	16	70	0	124	0	45	32	35	7	0	0	0	18	32	0	0	11	0	0	11	8	0	0	0	9	0	0	8	21	0	0	0	15	0	24	18	106	80	140	0
414	399	62	80	15	384	29	54	0	62	80	15	26	56	0	0	146	237	45	68	369	27	51	0	29	54	0	16	52	0	0	79	181	0	38	62	80	15	6	31	0	0	17	20	0	0	26	56	0	0	146	237	45	68	354	27	50	0	27	51	0	16	50	0	0	74	172	0	36	29	54	0	6	30	0	0	10	20	0	0	16	52	0	0	79	181	0	38	62	80	15	10	10	0	0	13	0	0	0	6	31	0	0	17	20	0	0	26	56	0	0	146	237	45	68	339	23	47	0	27	50	0	16	50	0	0	74	170	0	36	27	51	0	6	30	0	0	10	20	0	0	16	50	0	0	74	172	0	36	29	54	0	4	10	0	0	3	0	0	0	6	30	0	0	10	20	0	0	16	52	0	0	79	181	0	38	62	80	15	8	21	0	0	21	28	0	0	10	10	0	0	13	0	0	0	6	31	0	0	17	20	0	0	26	56	0	0	146	237	45	68
312	301	45	37	7	290	24	18	0	45	37	7	14	9	0	0	105	83	21	20	279	24	18	0	24	18	0	14	9	0	0	68	45	0	17	45	37	7	9	0	0	0	17	0	0	0	14	9	0	0	105	83	21	20	268	24	18	0	24	18	0	14	9	0	0	68	45	0	17	24	18	0	9	0	0	0	10	0	0	0	14	9	0	0	68	45	0	17	45	37	7	11	0	0	0	8	0	0	0	9	0	0	0	17	0	0	0	14	9	0	0	105	83	21	20	257	20	18	0	24	18	0	14	9	0	0	68	45	0	17	24	18	0	9	0	0	0	10	0	0	0	14	9	0	0	68	45	0	17	24	18	0	5	0	0	0	3	0	0	0	9	0	0	0	10	0	0	0	14	9	0	0	68	45	0	17	45	37	7	7	0	0	0	18	24	0	0	11	0	0	0	8	0	0	0	9	0	0	0	17	0	0	0	14	9	0	0	105	83	21	20
455	439	61	41	92	423	41	28	51	61	41	92	43	0	10	27	165	84	92	141	407	38	28	50	41	28	51	33	0	10	26	123	84	51	84	61	41	92	26	0	0	14	36	41	0	0	43	0	10	27	165	84	92	141	391	34	26	44	38	28	50	32	0	10	24	115	84	50	77	41	28	51	14	0	0	12	18	28	0	0	33	0	10	26	123	84	51	84	61	41	92	27	26	0	64	16	13	0	0	26	0	0	14	36	41	0	0	43	0	10	27	165	84	92	141	375	23	0	29	34	26	44	23	0	10	21	104	78	44	74	38	28	50	14	0	0	10	18	28	0	0	32	0	10	24	115	84	50	77	41	28	51	11	0	0	20	10	0	0	0	14	0	0	12	18	28	0	0	33	0	10	26	123	84	51	84	61	41	92	7	0	76	47	5	0	184	69	27	26	0	64	16	13	0	0	26	0	0	14	36	41	0	0	43	0	10	27	165	84	92	141
423	408	66	54	62	393	43	14	53	66	54	62	58	0	17	12	183	118	248	35	378	37	14	53	43	14	53	38	0	17	12	131	28	212	31	66	54	62	31	0	0	0	29	60	0	0	58	0	17	12	183	118	248	35	363	32	14	53	37	14	53	34	0	17	12	116	28	212	30	43	14	53	15	0	0	0	14	0	0	0	38	0	17	12	131	28	212	31	66	54	62	31	0	0	0	18	20	0	0	31	0	0	0	29	60	0	0	58	0	17	12	183	118	248	35	348	25	14	50	32	14	53	25	0	17	11	103	28	212	29	37	14	53	15	0	0	0	14	0	0	0	34	0	17	12	116	28	212	30	43	14	53	13	0	0	0	13	0	0	0	15	0	0	0	14	0	0	0	38	0	17	12	131	28	212	31	66	54	62	11	0	0	27	7	0	0	0	31	0	0	0	18	20	0	0	31	0	0	0	29	60	0	0	58	0	17	12	183	118	248	35
468	451	92	103	36	434	54	66	36	92	103	36	70	99	22	0	253	274	144	0	417	43	54	36	54	66	36	36	99	22	0	170	187	144	0	92	103	36	25	84	24	0	33	84	0	0	70	99	22	0	253	274	144	0	400	38	21	31	43	54	36	27	63	22	0	137	151	144	0	54	66	36	17	0	24	0	13	33	0	0	36	99	22	0	170	187	144	0	92	103	36	20	84	24	51	22	28	108	0	25	84	24	0	33	84	0	0	70	99	22	0	253	274	144	0	383	30	0	8	38	21	31	25	0	21	0	125	56	124	0	43	54	36	15	0	24	0	13	33	0	0	27	63	22	0	137	151	144	0	54	66	36	13	0	24	0	14	11	108	0	17	0	24	0	13	33	0	0	36	99	22	0	170	187	144	0	92	103	36	12	0	54	16	9	0	108	149	20	84	24	51	22	28	108	0	25	84	24	0	33	84	0	0	70	99	22	0	253	274	144	0
449	432	77	104	32	415	43	82	0	77	104	32	46	76	0	0	208	264	64	123	398	39	76	0	43	82	0	34	72	0	0	135	242	0	75	77	104	32	28	64	0	0	37	38	0	0	46	76	0	0	208	264	64	123	381	32	68	0	39	76	0	32	64	0	0	123	224	0	69	43	82	0	8	64	0	0	15	30	0	0	34	72	0	0	135	242	0	75	77	104	32	27	72	0	0	23	46	0	0	28	64	0	0	37	38	0	0	46	76	0	0	208	264	64	123	364	23	50	0	32	68	0	19	60	0	0	100	200	0	66	39	76	0	8	60	0	0	15	30	0	0	32	64	0	0	123	224	0	69	43	82	0	7	40	0	0	10	34	0	0	8	64	0	0	15	30	0	0	34	72	0	0	135	242	0	75	77	104	32	10	20	18	0	10	28	64	0	27	72	0	0	23	46	0	0	28	64	0	0	37	38	0	0	46	76	0	0	208	264	64	123
351	338	60	53	21	325	39	30	0	60	53	21	42	20	0	0	161	88	63	57	312	35	30	0	39	30	0	33	20	0	0	118	50	0	31	60	53	21	26	0	0	0	30	32	0	0	42	20	0	0	161	88	63	57	299	31	30	0	35	30	0	32	20	0	0	110	50	0	30	39	30	0	14	0	0	0	14	10	0	0	33	20	0	0	118	50	0	31	60	53	21	29	0	0	0	16	7	0	0	26	0	0	0	30	32	0	0	42	20	0	0	161	88	63	57	286	23	30	0	31	30	0	23	20	0	0	99	50	0	29	35	30	0	14	0	0	0	14	10	0	0	32	20	0	0	110	50	0	30	39	30	0	11	0	0	0	10	0	0	0	14	0	0	0	14	10	0	0	33	20	0	0	118	50	0	31	60	53	21	7	0	7	0	5	0	0	0	29	0	0	0	16	7	0	0	26	0	0	0	30	32	0	0	42	20	0	0	161	88	63	57
516	497	73	98	85	478	41	42	56	73	98	85	53	96	54	49	208	286	340	119	459	32	18	56	41	42	56	37	0	52	49	126	138	224	89	73	98	85	15	0	47	0	11	0	170	0	53	96	54	49	208	286	340	119	440	26	18	56	32	18	56	22	0	52	49	101	90	224	89	41	42	56	9	0	24	0	9	0	112	0	37	0	52	49	126	138	224	89	73	98	85	9	0	34	0	11	0	0	0	15	0	47	0	11	0	170	0	53	96	54	49	208	286	340	119	421	26	18	55	26	18	56	22	0	52	48	88	90	224	84	32	18	56	9	0	24	0	9	0	112	0	22	0	52	49	101	90	224	89	41	42	56	9	0	12	0	10	0	0	0	9	0	24	0	9	0	112	0	37	0	52	49	126	138	224	89	73	98	85	9	0	0	11	5	0	0	0	9	0	34	0	11	0	0	0	15	0	47	0	11	0	170	0	53	96	54	49	208	286	340	119
450	432	97	113	45	414	57	103	0	97	113	45	69	119	0	0	277	364	0	243	396	46	89	0	57	103	0	41	111	0	0	178	333	0	140	97	113	45	34	61	21	0	28	38	45	0	69	119	0	0	277	364	0	243	378	32	74	0	46	89	0	28	99	0	0	148	283	0	139	57	103	0	10	55	0	0	14	31	0	0	41	111	0	0	178	333	0	140	97	113	45	18	63	63	0	15	65	45	0	34	61	21	0	28	38	45	0	69	119	0	0	277	364	0	243	360	29	69	0	32	74	0	21	93	0	0	103	244	0	128	46	89	0	10	55	0	0	14	31	0	0	28	99	0	0	148	283	0	139	57	103	0	8	60	0	0	13	64	0	0	10	55	0	0	14	31	0	0	41	111	0	0	178	333	0	140	97	113	45	14	47	0	0	9	33	0	0	18	63	63	0	15	65	45	0	34	61	21	0	28	38	45	0	69	119	0	0	277	364	0	243
313	301	68	37	32	289	44	27	0	68	37	32	64	18	0	0	196	126	32	151	277	34	27	0	44	27	0	39	18	0	0	130	108	0	89	68	37	32	19	0	21	0	11	9	0	0	64	18	0	0	196	126	32	151	265	27	27	0	34	27	0	26	18	0	0	105	108	0	89	44	27	0	15	0	0	0	11	9	0	0	39	18	0	0	130	108	0	89	68	37	32	13	0	37	0	13	0	0	0	19	0	21	0	11	9	0	0	64	18	0	0	196	126	32	151	253	27	27	0	27	27	0	26	18	0	0	86	108	0	84	34	27	0	15	0	0	0	11	9	0	0	26	18	0	0	105	108	0	89	44	27	0	13	0	0	0	13	0	0	0	15	0	0	0	11	9	0	0	39	18	0	0	130	108	0	89	68	37	32	11	0	0	0	7	0	0	0	13	0	37	0	13	0	0	0	19	0	21	0	11	9	0	0	64	18	0	0	196	126	32	151
497	477	92	164	17	457	40	119	0	92	164	17	39	196	0	0	262	544	68	98	437	33	93	0	40	119	0	29	108	0	0	136	418	0	89	92	164	17	13	82	21	0	19	13	51	0	39	196	0	0	262	544	68	98	417	26	84	0	33	93	0	18	86	0	0	116	345	0	89	40	119	0	5	58	0	0	8	10	0	0	29	108	0	0	136	418	0	89	92	164	17	12	41	21	0	14	41	17	0	13	82	21	0	19	13	51	0	39	196	0	0	262	544	68	98	397	24	80	0	26	84	0	14	84	0	0	94	323	0	84	33	93	0	5	56	0	0	8	6	0	0	18	86	0	0	116	345	0	89	40	119	0	6	38	0	0	10	38	0	0	5	58	0	0	8	10	0	0	29	108	0	0	136	418	0	89	92	164	17	6	44	0	0	5	28	0	0	12	41	21	0	14	41	17	0	13	82	21	0	19	13	51	0	39	196	0	0	262	544	68	98
272	261	58	43	0	250	28	28	0	58	43	0	41	21	0	0	167	135	0	0	239	22	28	0	28	28	0	21	21	0	0	91	98	0	0	58	43	0	13	0	0	0	6	0	0	0	41	21	0	0	167	135	0	0	228	20	28	0	22	28	0	17	21	0	0	76	98	0	0	28	28	0	9	0	0	0	5	0	0	0	21	21	0	0	91	98	0	0	58	43	0	9	0	0	0	10	0	0	0	13	0	0	0	6	0	0	0	41	21	0	0	167	135	0	0	217	20	28	0	20	28	0	17	21	0	0	72	98	0	0	22	28	0	9	0	0	0	5	0	0	0	17	21	0	0	76	98	0	0	28	28	0	9	0	0	0	9	0	0	0	9	0	0	0	5	0	0	0	21	21	0	0	91	98	0	0	58	43	0	9	0	0	0	5	0	0	0	9	0	0	0	10	0	0	0	13	0	0	0	6	0	0	0	41	21	0	0	167	135	0	0
455	438	40	52	99	421	13	0	79	40	52	99	11	0	80	27	108	130	396	102	404	11	0	78	13	0	79	6	0	36	26	49	0	316	56	40	52	99	4	0	20	12	6	0	0	0	11	0	80	27	108	130	396	102	387	11	0	78	11	0	78	6	0	34	26	46	0	312	56	13	0	79	4	0	13	12	1	0	0	0	6	0	36	26	49	0	316	56	40	52	99	3	0	0	0	6	0	0	0	4	0	20	12	6	0	0	0	11	0	80	27	108	130	396	102	370	11	0	78	11	0	78	6	0	34	26	46	0	312	56	11	0	78	4	0	12	12	0	0	0	0	6	0	34	26	46	0	312	56	13	0	79	3	0	0	0	3	0	0	0	4	0	13	12	1	0	0	0	6	0	36	26	49	0	316	56	40	52	99	4	0	0	0	2	0	0	0	3	0	0	0	6	0	0	0	4	0	20	12	6	0	0	0	11	0	80	27	108	130	396	102
296	285	34	10	53	274	16	0	22	34	10	53	14	0	42	14	103	10	53	134	263	15	0	22	16	0	22	11	0	0	14	61	0	22	56	34	10	53	4	0	6	0	2	0	0	0	14	0	42	14	103	10	53	134	252	15	0	22	15	0	22	11	0	0	14	59	0	22	56	16	0	22	4	0	0	0	2	0	0	0	11	0	0	14	61	0	22	56	34	10	53	3	0	0	0	3	0	0	0	4	0	6	0	2	0	0	0	14	0	42	14	103	10	53	134	241	15	0	22	15	0	22	11	0	0	14	59	0	22	56	15	0	22	4	0	0	0	1	0	0	0	11	0	0	14	59	0	22	56	16	0	22	3	0	0	0	3	0	0	0	4	0	0	0	2	0	0	0	11	0	0	14	61	0	22	56	34	10	53	4	0	0	0	2	0	0	0	3	0	0	0	3	0	0	0	4	0	6	0	2	0	0	0	14	0	42	14	103	10	53	134
214	206	16	12	18	198	1	0	18	16	12	18	0	0	10	0	38	18	36	0	190	1	0	18	1	0	18	0	0	10	0	5	0	36	0	16	12	18	0	0	0	0	1	0	0	0	0	0	10	0	38	18	36	0	182	1	0	18	1	0	18	0	0	10	0	5	0	36	0	1	0	18	0	0	0	0	0	0	0	0	0	0	10	0	5	0	36	0	16	12	18	0	0	0	0	1	0	0	0	0	0	0	0	1	0	0	0	0	0	10	0	38	18	36	0	174	1	0	18	1	0	18	0	0	10	0	5	0	36	0	1	0	18	0	0	0	0	0	0	0	0	0	0	10	0	5	0	36	0	1	0	18	0	0	0	0	0	0	0	0	0	0	0	0	0	0	0	0	0	0	10	0	5	0	36	0	16	12	18	0	0	0	0	0	0	0	0	0	0	0	0	1	0	0	0	0	0	0	0	1	0	0	0	0	0	10	0	38	18	36	0
346	333	50	40	36	320	20	0	13	50	40	36	14	0	70	13	141	120	180	102	307	18	0	12	20	0	13	9	0	26	12	74	0	65	56	49	40	36	4	0	20	12	10	0	0	0	14	0	70	13	139	120	180	102	294	18	0	12	18	0	12	9	0	24	12	71	0	60	56	19	0	13	4	0	13	12	1	0	0	0	9	0	26	12	72	0	65	56	49	40	36	3	0	0	0	7	0	0	0	4	0	20	12	10	0	0	0	14	0	70	13	139	120	180	102	281	18	0	12	18	0	12	9	0	24	12	71	0	60	56	17	0	12	4	0	12	12	0	0	0	0	9	0	24	12	69	0	60	56	19	0	13	3	0	0	0	3	0	0	0	4	0	13	12	1	0	0	0	9	0	26	12	72	0	65	56	49	40	36	4	0	0	0	2	0	0	0	3	0	0	0	7	0	0	0	4	0	20	12	10	0	0	0	14	0	70	13	139	120	180	102
215	207	31	7	22	199	13	0	0	31	7	22	12	0	42	0	91	7	22	102	191	12	0	0	13	0	0	9	0	0	0	49	0	0	56	31	7	22	4	0	6	0	1	0	0	0	12	0	42	0	91	7	22	102	183	12	0	0	12	0	0	9	0	0	0	47	0	0	56	13	0	0	4	0	0	0	1	0	0	0	9	0	0	0	49	0	0	56	31	7	22	3	0	0	0	3	0	0	0	4	0	6	0	1	0	0	0	12	0	42	0	91	7	22	102	175	12	0	0	12	0	0	9	0	0	0	47	0	0	56	12	0	0	4	0	0	0	0	0	0	0	9	0	0	0	47	0	0	56	13	0	0	3	0	0	0	3	0	0	0	4	0	0	0	1	0	0	0	9	0	0	0	49	0	0	56	31	7	22	4	0	0	0	2	0	0	0	3	0	0	0	3	0	0	0	4	0	6	0	1	0	0	0	12	0	42	0	91	7	22	102
362	348	34	24	89	334	10	0	58	34	24	89	3	0	94	48	98	36	178	153	320	9	0	53	10	0	58	1	0	92	46	40	0	116	110	33	24	89	2	0	0	41	13	12	0	0	3	0	94	48	96	36	178	153	306	8	0	45	9	0	53	0	0	79	44	36	0	106	108	9	0	58	0	0	0	12	0	0	0	0	1	0	92	46	38	0	116	110	33	24	89	0	0	0	12	6	12	0	36	2	0	0	41	13	12	0	0	3	0	94	48	96	36	178	153	292	8	0	45	8	0	45	0	0	57	44	33	0	90	108	8	0	53	0	0	0	12	0	0	0	0	0	0	79	44	34	0	106	108	9	0	58	0	0	0	12	2	0	0	36	0	0	0	12	0	0	0	0	1	0	92	46	38	0	116	110	33	24	89	1	0	0	0	2	0	0	0	0	0	0	12	6	12	0	36	2	0	0	41	13	12	0	0	3	0	94	48	96	36	178	153
379	364	58	47	83	349	30	14	52	58	47	83	27	0	68	100	167	122	249	135	334	28	14	20	30	14	52	22	0	62	26	107	56	156	92	56	47	83	11	0	0	41	15	22	0	147	27	0	68	100	163	122	249	135	319	27	14	12	28	14	20	21	0	34	24	99	56	60	90	28	14	52	9	0	0	12	2	0	0	56	22	0	62	26	103	56	156	92	56	47	83	9	0	0	12	15	11	0	36	11	0	0	41	15	22	0	147	27	0	68	100	163	122	249	135	304	23	14	12	27	14	12	21	0	12	24	96	56	36	90	26	14	20	9	0	0	12	2	0	0	56	21	0	34	24	95	56	60	90	28	14	52	5	0	0	12	9	0	0	36	9	0	0	12	2	0	0	56	22	0	62	26	103	56	156	92	56	47	83	4	0	37	0	7	0	0	0	9	0	0	12	15	11	0	36	11	0	0	41	15	22	0	147	27	0	68	100	163	122	249	135
345	330	62	73	26	315	22	38	18	60	73	26	23	0	40	0	147	241	130	36	301	17	38	18	22	38	18	7	0	40	0	67	136	90	13	56	59	26	2	0	7	0	9	28	0	0	23	0	40	0	139	213	130	36	287	16	38	18	17	38	18	6	0	40	0	54	136	90	12	18	24	18	0	0	7	0	0	0	0	0	7	0	40	0	59	108	90	13	56	59	26	0	0	0	0	5	7	0	0	2	0	7	0	9	28	0	0	23	0	40	0	139	213	130	36	273	16	38	18	16	38	18	6	0	40	0	51	136	90	12	13	24	18	0	0	7	0	0	0	0	0	6	0	40	0	46	108	90	12	18	24	18	0	0	0	0	2	0	0	0	0	0	7	0	0	0	0	0	7	0	40	0	59	108	90	13	56	59	26	1	0	0	0	2	0	0	0	0	0	0	0	5	7	0	0	2	0	7	0	9	28	0	0	23	0	40	0	139	213	130	36
344	330	59	56	42	316	25	24	17	59	56	42	18	0	43	24	154	188	168	135	302	23	24	7	25	24	17	13	0	39	0	85	108	68	92	55	56	42	6	0	0	28	13	16	0	17	18	0	43	24	146	188	168	135	288	22	24	0	23	24	7	12	0	21	0	77	108	28	90	21	24	17	4	0	0	0	0	0	0	0	13	0	39	0	77	108	68	92	55	56	42	3	0	0	0	9	8	0	36	6	0	0	28	13	16	0	17	18	0	43	24	146	188	168	135	274	21	24	0	22	24	0	12	0	0	0	74	108	0	90	19	24	7	4	0	0	0	0	0	0	0	12	0	21	0	69	108	28	90	21	24	17	2	0	0	0	4	0	0	36	4	0	0	0	0	0	0	0	13	0	39	0	77	108	68	92	55	56	42	2	0	10	0	4	0	0	0	3	0	0	0	9	8	0	36	6	0	0	28	13	16	0	17	18	0	43	24	146	188	168	135
329	316	36	23	70	303	15	12	18	36	23	70	6	0	10	72	105	71	70	228	290	15	12	0	15	12	18	6	0	6	0	58	60	18	132	34	23	70	4	0	0	0	11	0	0	102	6	0	10	72	101	71	70	228	277	15	12	0	15	12	0	6	0	0	0	58	60	0	130	13	12	18	4	0	0	0	0	0	0	56	6	0	6	0	54	60	18	132	34	23	70	3	0	0	0	7	0	0	0	4	0	0	0	11	0	0	102	6	0	10	72	101	71	70	228	264	14	12	0	15	12	0	6	0	0	0	58	60	0	130	13	12	0	4	0	0	0	0	0	0	56	6	0	0	0	54	60	0	130	13	12	18	2	0	0	0	2	0	0	0	4	0	0	0	0	0	0	56	6	0	6	0	54	60	18	132	34	23	70	1	0	10	0	2	0	0	0	3	0	0	0	7	0	0	0	4	0	0	0	11	0	0	102	6	0	10	72	101	71	70	228
541	519	71	115	136	497	39	30	124	69	115	136	42	150	52	55	172	280	680	26	475	33	0	124	37	30	124	35	0	52	55	103	75	620	18	64	115	136	9	0	40	0	1	0	272	0	38	150	52	55	162	280	680	26	453	29	0	117	31	0	124	28	0	52	43	81	0	620	18	32	30	124	6	0	40	0	1	0	248	0	31	0	52	55	93	75	620	18	64	115	136	0	0	30	57	9	0	0	0	9	0	40	0	1	0	272	0	38	150	52	55	162	280	680	26	431	28	0	81	27	0	117	26	0	52	22	71	0	585	18	26	0	124	4	0	40	0	1	0	248	0	24	0	52	43	71	0	620	18	32	30	124	0	0	30	0	4	0	0	0	6	0	40	0	1	0	248	0	31	0	52	55	93	75	620	18	64	115	136	6	0	10	87	7	0	0	160	0	0	30	57	9	0	0	0	9	0	40	0	1	0	272	0	38	150	52	55	162	280	680	26
424	407	40	16	149	390	23	0	92	40	16	149	23	0	12	99	109	32	149	310	373	19	0	90	23	0	92	8	0	12	95	77	0	92	163	37	16	149	2	0	0	28	0	0	0	0	23	0	12	99	103	32	149	310	356	18	0	84	19	0	90	7	0	12	81	64	0	90	98	20	0	92	0	0	0	26	0	0	0	0	8	0	12	95	71	0	92	163	37	16	149	0	0	0	54	2	0	0	0	2	0	0	28	0	0	0	0	23	0	12	99	103	32	149	310	339	18	0	61	18	0	84	7	0	12	58	61	0	84	75	16	0	90	0	0	0	24	0	0	0	0	7	0	12	81	58	0	90	98	20	0	92	0	0	0	12	2	0	0	0	0	0	0	26	0	0	0	0	8	0	12	95	71	0	92	163	37	16	149	1	0	0	40	2	0	0	128	0	0	0	54	2	0	0	0	2	0	0	28	0	0	0	0	23	0	12	99	103	32	149	310
415	397	57	81	86	379	29	33	68	52	81	86	30	0	50	29	124	166	344	68	362	25	33	68	26	33	68	15	0	49	29	77	82	272	35	44	64	86	2	0	0	0	0	0	0	0	23	0	50	29	109	132	344	68	345	24	33	68	22	33	68	14	0	49	29	64	82	272	25	18	16	68	0	0	0	0	0	0	0	0	8	0	49	29	62	48	272	35	44	64	86	0	0	0	0	2	0	0	0	2	0	0	0	0	0	0	0	23	0	50	29	109	132	344	68	328	24	33	66	21	33	68	14	0	49	29	61	82	272	18	14	16	68	0	0	0	0	0	0	0	0	7	0	49	29	49	48	272	25	18	16	68	0	0	0	0	2	0	0	0	0	0	0	0	0	0	0	0	8	0	49	29	62	48	272	35	44	64	86	1	0	0	28	2	0	0	0	0	0	0	0	2	0	0	0	2	0	0	0	0	0	0	0	23	0	50	29	109	132	344	68
411	394	75	69	85	377	47	42	40	73	69	85	49	38	0	72	207	213	170	240	360	42	28	36	45	42	40	36	12	0	60	148	154	80	145	68	69	85	17	24	20	24	8	0	85	0	45	38	0	72	197	213	170	240	343	34	16	15	40	28	36	32	0	0	21	132	100	72	98	40	42	40	11	0	20	0	3	0	40	0	32	12	0	60	138	154	80	145	68	69	85	11	0	63	44	15	30	85	62	17	24	20	24	8	0	85	0	45	38	0	72	197	213	170	240	326	29	15	0	32	16	15	20	0	0	0	106	64	30	75	35	28	36	9	0	20	0	3	0	36	0	28	0	0	21	122	100	72	98	40	42	40	5	0	57	0	10	28	40	0	11	0	20	0	3	0	40	0	32	12	0	60	138	154	80	145	68	69	85	5	15	30	0	10	30	0	68	11	0	63	44	15	30	85	62	17	24	20	24	8	0	85	0	45	38	0	72	197	213	170	240
359	342	69	108	26	325	33	78	0	63	108	26	25	87	0	0	143	264	78	151	309	30	71	0	29	78	0	13	66	0	0	79	214	0	87	51	92	26	2	0	0	0	2	0	26	0	14	87	0	0	123	232	78	151	293	29	71	0	26	71	0	12	66	0	0	70	186	0	45	17	62	0	0	0	0	0	0	0	0	0	2	66	0	0	59	182	0	87	51	92	26	0	0	0	0	7	0	0	0	2	0	0	0	2	0	26	0	14	87	0	0	123	232	78	151	277	29	71	0	25	71	0	12	66	0	0	67	186	0	30	14	55	0	0	0	0	0	0	0	0	0	1	66	0	0	50	154	0	45	17	62	0	0	0	0	0	2	0	0	0	0	0	0	0	0	0	0	0	2	66	0	0	59	182	0	87	51	92	26	5	0	0	0	5	0	0	0	0	0	0	0	7	0	0	0	2	0	0	0	2	0	26	0	14	87	0	0	123	232	78	151
312	299	31	0	108	286	16	0	68	29	0	108	11	0	37	64	79	0	0	248	273	16	0	67	14	0	68	11	0	0	63	37	0	0	192	24	0	108	0	0	0	7	0	0	0	0	7	0	37	64	69	0	0	248	260	16	0	67	14	0	67	11	0	0	63	37	0	0	192	9	0	68	0	0	0	7	0	0	0	0	7	0	0	63	27	0	0	192	24	0	108	0	0	0	0	0	0	0	0	0	0	0	7	0	0	0	0	7	0	37	64	69	0	0	248	247	16	0	67	14	0	67	11	0	0	63	37	0	0	185	9	0	67	0	0	0	7	0	0	0	0	7	0	0	63	27	0	0	192	9	0	68	0	0	0	0	0	0	0	0	0	0	0	7	0	0	0	0	7	0	0	63	27	0	0	192	24	0	108	0	0	0	0	0	0	0	0	0	0	0	0	0	0	0	0	0	0	0	7	0	0	0	0	7	0	37	64	69	0	0	248
321	307	54	45	74	293	28	24	10	51	45	74	29	12	49	20	121	137	148	482	279	27	24	10	25	24	10	28	12	0	20	59	84	20	324	44	45	74	4	0	12	0	2	0	0	0	22	12	49	20	108	137	148	482	265	27	24	10	24	24	10	28	12	0	20	56	84	20	318	18	24	10	4	0	0	0	1	0	0	0	21	12	0	20	46	84	20	324	44	45	74	0	0	0	0	7	0	0	0	4	0	12	0	2	0	0	0	22	12	49	20	108	137	148	482	251	27	24	10	24	24	10	28	12	0	20	56	84	20	284	17	24	10	4	0	0	0	1	0	0	0	21	12	0	20	43	84	20	318	18	24	10	0	0	0	0	2	0	0	0	4	0	0	0	1	0	0	0	21	12	0	20	46	84	20	324	44	45	74	6	0	0	0	5	0	0	0	0	0	0	0	7	0	0	0	4	0	12	0	2	0	0	0	22	12	49	20	108	137	148	482
309	296	42	30	66	283	20	0	36	40	30	66	22	0	59	30	99	80	198	222	270	19	0	36	18	0	36	20	0	27	30	42	0	108	192	37	30	66	4	0	11	0	1	0	0	0	18	0	59	30	93	80	198	222	257	19	0	36	17	0	36	20	0	27	30	40	0	108	192	15	0	36	4	0	10	0	1	0	0	0	16	0	27	30	36	0	108	192	37	30	66	0	0	0	0	7	0	0	0	4	0	11	0	1	0	0	0	18	0	59	30	93	80	198	222	244	19	0	36	17	0	36	20	0	27	30	40	0	108	185	14	0	36	4	0	10	0	1	0	0	0	16	0	27	30	34	0	108	192	15	0	36	0	0	0	0	0	0	0	0	4	0	10	0	1	0	0	0	16	0	27	30	36	0	108	192	37	30	66	5	0	0	0	5	0	0	0	0	0	0	0	7	0	0	0	4	0	11	0	1	0	0	0	18	0	59	30	93	80	198	222
261	246	51	74	46	233	25	54	0	46	48	46	26	44	49	0	113	114	92	333	222	24	54	0	24	32	0	25	44	0	0	59	74	0	232	41	26	46	4	0	12	0	1	0	0	0	23	0	49	0	104	70	92	333	211	24	54	0	23	32	0	25	44	0	0	56	74	0	228	19	10	0	4	0	0	0	1	0	0	0	22	0	0	0	50	30	0	232	41	26	46	0	0	0	0	7	0	0	0	4	0	12	0	1	0	0	0	23	0	49	0	104	70	92	333	200	24	54	0	23	32	0	25	44	0	0	56	74	0	200	18	10	0	4	0	0	0	1	0	0	0	22	0	0	0	47	30	0	228	19	10	0	0	0	0	0	2	0	0	0	4	0	0	0	1	0	0	0	22	0	0	0	50	30	0	232	41	26	46	6	0	0	0	5	0	0	0	0	0	0	0	7	0	0	0	4	0	12	0	1	0	0	0	23	0	49	0	104	70	92	333
235	225	52	25	15	215	28	0	0	50	25	15	31	0	30	0	120	75	75	136	205	28	0	0	26	0	0	31	0	0	0	62	0	0	124	48	25	15	8	0	0	0	2	0	0	0	27	0	30	0	116	75	75	136	195	28	0	0	26	0	0	31	0	0	0	62	0	0	124	24	0	0	8	0	0	0	2	0	0	0	27	0	0	0	58	0	0	124	48	25	15	3	0	0	0	13	0	0	0	8	0	0	0	2	0	0	0	27	0	30	0	116	75	75	136	185	28	0	0	26	0	0	31	0	0	0	62	0	0	117	24	0	0	8	0	0	0	2	0	0	0	27	0	0	0	58	0	0	124	24	0	0	3	0	0	0	1	0	0	0	8	0	0	0	2	0	0	0	27	0	0	0	58	0	0	124	48	25	15	17	0	0	0	8	0	0	0	3	0	0	0	13	0	0	0	8	0	0	0	2	0	0	0	27	0	30	0	116	75	75	136
335	320	52	47	64	305	28	14	47	52	47	64	32	0	45	18	125	94	192	81	290	27	14	44	28	14	47	30	0	44	17	69	28	141	36	52	47	64	15	0	12	30	10	0	0	0	32	0	45	18	125	94	192	81	275	25	14	44	27	14	44	30	0	39	17	67	28	132	36	28	14	47	9	0	12	30	4	0	0	0	30	0	44	17	69	28	141	36	52	47	64	9	0	0	0	14	22	0	0	15	0	12	30	10	0	0	0	32	0	45	18	125	94	192	81	260	23	14	44	25	14	44	26	0	39	17	58	28	132	36	27	14	44	9	0	10	30	4	0	0	0	30	0	39	17	67	28	132	36	28	14	47	3	0	0	0	2	0	0	0	9	0	12	30	4	0	0	0	30	0	44	17	69	28	141	36	52	47	64	17	0	0	0	8	22	0	0	9	0	0	0	14	22	0	0	15	0	12	30	10	0	0	0	32	0	45	18	125	94	192	81
405	387	78	69	101	369	49	17	57	76	69	101	48	0	50	131	186	198	404	201	351	48	17	20	47	17	57	46	0	47	10	123	68	228	46	73	69	101	27	0	12	30	17	0	0	247	44	0	50	131	180	198	404	201	333	43	17	20	46	17	20	46	0	30	10	121	68	80	46	44	17	57	9	0	12	30	5	0	0	164	42	0	47	10	117	68	228	46	73	69	101	14	0	0	0	16	65	0	0	27	0	12	30	17	0	0	247	44	0	50	131	180	198	404	201	315	40	13	20	41	17	20	39	0	30	10	102	68	80	46	43	17	20	9	0	10	30	5	0	0	160	42	0	30	10	115	68	80	46	44	17	57	4	0	0	0	5	0	0	0	9	0	12	30	5	0	0	164	42	0	47	10	117	68	228	46	73	69	101	21	52	0	0	12	39	0	0	14	0	0	0	16	65	0	0	27	0	12	30	17	0	0	247	44	0	50	131	180	198	404	201
362	344	70	108	53	326	40	84	15	67	108	53	27	162	0	75	143	182	53	201	308	39	80	0	37	84	15	24	150	0	0	83	154	15	46	58	108	53	5	40	0	0	6	11	0	136	20	162	0	75	130	182	53	201	290	39	80	0	36	80	0	24	150	0	0	79	150	0	46	28	84	15	5	40	0	0	5	10	0	124	17	150	0	0	70	154	15	46	58	108	53	3	0	0	0	15	0	0	0	5	40	0	0	6	11	0	136	20	162	0	75	130	182	53	201	272	39	79	0	36	80	0	24	150	0	0	79	150	0	46	27	80	0	5	40	0	0	5	10	0	124	17	150	0	0	66	150	0	46	28	84	15	3	0	0	0	3	0	0	0	5	40	0	0	5	10	0	124	17	150	0	0	70	154	15	46	58	108	53	16	9	0	0	8	0	0	0	3	0	0	0	15	0	0	0	5	40	0	0	6	11	0	136	20	162	0	75	130	182	53	201
237	225	49	51	5	213	22	35	0	49	51	5	21	42	0	0	117	104	10	15	201	22	35	0	22	35	0	21	42	0	0	51	77	0	0	48	51	5	9	0	0	0	6	0	0	0	21	42	0	0	116	104	10	15	189	22	35	0	22	35	0	21	42	0	0	51	77	0	0	21	35	0	9	0	0	0	4	0	0	0	21	42	0	0	50	77	0	0	48	51	5	3	0	0	0	16	0	0	0	9	0	0	0	6	0	0	0	21	42	0	0	116	104	10	15	177	22	35	0	22	35	0	21	42	0	0	51	77	0	0	21	35	0	9	0	0	0	4	0	0	0	21	42	0	0	50	77	0	0	21	35	0	3	0	0	0	2	0	0	0	9	0	0	0	4	0	0	0	21	42	0	0	50	77	0	0	48	51	5	18	0	0	0	11	0	0	0	3	0	0	0	16	0	0	0	9	0	0	0	6	0	0	0	21	42	0	0	116	104	10	15
323	307	77	99	5	291	36	69	0	77	99	5	34	59	0	0	176	269	25	15	275	35	65	0	36	69	0	31	55	0	0	91	184	0	0	77	99	5	26	45	0	0	32	10	0	0	34	59	0	0	176	269	25	15	259	29	62	0	35	65	0	30	52	0	0	89	174	0	0	36	69	0	5	42	0	0	8	10	0	0	31	55	0	0	91	184	0	0	77	99	5	11	32	0	0	16	35	0	0	26	45	0	0	32	10	0	0	34	59	0	0	176	269	25	15	243	26	50	0	29	62	0	23	50	0	0	66	164	0	0	35	65	0	5	40	0	0	8	10	0	0	30	52	0	0	89	174	0	0	36	69	0	1	30	0	0	5	10	0	0	5	42	0	0	8	10	0	0	31	55	0	0	91	184	0	0	77	99	5	20	70	0	0	11	15	0	0	11	32	0	0	16	35	0	0	26	45	0	0	32	10	0	0	34	59	0	0	176	269	25	15
328	313	55	26	93	298	32	0	54	55	26	93	29	0	56	57	143	65	186	175	283	29	0	53	32	0	54	21	0	54	55	92	0	108	104	55	26	93	25	0	11	11	22	26	0	0	29	0	56	57	143	65	186	175	268	23	0	49	29	0	53	20	0	54	49	82	0	106	64	32	0	54	5	0	11	10	4	0	0	0	21	0	54	55	92	0	108	104	55	26	93	14	0	11	40	5	0	0	0	25	0	11	11	22	26	0	0	29	0	56	57	143	65	186	175	253	17	0	48	23	0	49	13	0	50	49	59	0	98	64	29	0	53	5	0	11	10	4	0	0	0	20	0	54	49	82	0	106	64	32	0	54	4	0	11	39	5	0	0	0	5	0	11	10	4	0	0	0	21	0	54	55	92	0	108	104	55	26	93	9	0	23	9	3	0	0	0	14	0	11	40	5	0	0	0	25	0	11	11	22	26	0	0	29	0	56	57	143	65	186	175
379	361	87	93	83	343	50	56	51	87	93	83	50	56	36	38	237	304	249	170	325	42	50	49	50	56	51	37	56	34	36	147	224	153	104	87	93	83	37	66	39	24	34	60	0	0	50	56	36	38	237	304	249	170	307	35	22	33	42	50	49	31	44	34	20	120	197	147	64	50	56	51	20	0	39	0	15	14	0	0	37	56	34	36	147	224	153	104	87	93	83	18	66	39	43	14	16	166	85	37	66	39	24	34	60	0	0	50	56	36	38	237	304	249	170	289	29	0	29	35	22	33	26	0	30	20	95	77	99	64	42	50	49	18	0	39	0	15	14	0	0	31	44	34	20	120	197	147	64	50	56	51	14	0	39	39	12	14	102	40	20	0	39	0	15	14	0	0	37	56	34	36	147	224	153	104	87	93	83	33	0	52	39	9	0	166	0	18	66	39	43	14	16	166	85	37	66	39	24	34	60	0	0	50	56	36	38	237	304	249	170
366	347	97	140	29	328	54	107	11	97	140	29	55	63	22	0	255	359	116	106	309	46	95	11	54	107	11	40	63	22	0	151	296	44	57	97	140	29	36	84	11	0	48	67	0	0	55	63	22	0	255	359	116	106	290	40	69	10	46	95	11	38	51	22	0	130	256	44	20	54	107	11	19	0	11	0	21	29	0	0	40	63	22	0	151	296	44	57	97	140	29	31	42	11	10	21	46	87	0	36	84	11	0	48	67	0	0	55	63	22	0	255	359	116	106	271	32	55	9	40	69	10	28	28	20	0	106	170	40	20	46	95	11	19	0	11	0	21	29	0	0	38	51	22	0	130	256	44	20	54	107	11	16	11	11	9	14	41	33	0	19	0	11	0	21	29	0	0	40	63	22	0	151	296	44	57	96	140	29	37	93	23	9	10	48	29	0	31	42	11	10	21	46	87	0	36	84	11	0	48	67	0	0	55	63	22	0	254	359	116	106
249	237	55	30	43	225	35	21	0	55	30	43	35	0	0	0	136	60	43	228	213	35	20	0	35	21	0	35	0	0	0	90	42	0	119	55	30	43	26	10	0	0	28	0	0	0	35	0	0	0	136	60	43	228	201	30	20	0	35	20	0	35	0	0	0	90	40	0	64	35	21	0	8	10	0	0	6	0	0	0	35	0	0	0	90	42	0	119	55	30	43	14	0	0	0	6	0	0	0	26	10	0	0	28	0	0	0	35	0	0	0	136	60	43	228	189	23	20	0	30	20	0	28	0	0	0	71	40	0	64	35	20	0	8	10	0	0	6	0	0	0	35	0	0	0	90	40	0	64	35	21	0	4	0	0	0	5	0	0	0	8	10	0	0	6	0	0	0	35	0	0	0	90	42	0	119	55	30	43	9	0	32	0	3	0	0	0	14	0	0	0	6	0	0	0	26	10	0	0	28	0	0	0	35	0	0	0	136	60	43	228
229	218	56	35	5	207	32	10	0	56	35	5	33	0	0	0	145	80	25	5	196	26	10	0	32	10	0	19	0	0	0	89	20	0	0	56	35	5	27	0	0	0	24	30	0	0	33	0	0	0	145	80	25	5	185	21	10	0	26	10	0	19	0	0	0	76	20	0	0	32	10	0	9	0	0	0	8	0	0	0	19	0	0	0	89	20	0	0	56	35	5	14	0	0	0	9	0	0	0	27	0	0	0	24	30	0	0	33	0	0	0	145	80	25	5	174	16	10	0	21	10	0	12	0	0	0	57	20	0	0	26	10	0	9	0	0	0	8	0	0	0	19	0	0	0	76	20	0	0	32	10	0	4	0	0	0	8	0	0	0	9	0	0	0	8	0	0	0	19	0	0	0	89	20	0	0	56	35	5	9	0	10	0	6	0	0	0	14	0	0	0	9	0	0	0	27	0	0	0	24	30	0	0	33	0	0	0	145	80	25	5
334	318	46	28	109	302	28	0	58	46	28	109	29	0	23	71	130	84	218	253	286	16	0	56	28	0	58	14	0	20	67	79	0	116	116	46	28	109	5	0	57	24	7	0	0	0	29	0	23	71	130	84	218	253	270	13	0	56	16	0	56	7	0	20	67	43	0	112	113	28	0	58	5	0	11	24	7	0	0	0	14	0	20	67	79	0	116	116	46	28	109	1	0	29	0	7	0	0	0	5	0	57	24	7	0	0	0	29	0	23	71	130	84	218	253	254	13	0	53	13	0	56	7	0	20	60	33	0	112	92	16	0	56	5	0	11	20	7	0	0	0	7	0	20	67	43	0	112	113	28	0	58	1	0	0	0	7	0	0	0	5	0	11	24	7	0	0	0	14	0	20	67	79	0	116	116	46	28	109	7	0	0	30	6	0	0	0	1	0	29	0	7	0	0	0	5	0	57	24	7	0	0	0	29	0	23	71	130	84	218	253
186	177	37	15	23	168	24	7	10	37	15	23	27	7	0	10	97	15	23	34	159	16	0	10	24	7	10	14	0	0	10	65	7	10	11	37	15	23	5	0	21	0	6	0	23	0	27	7	0	10	97	15	23	34	150	15	0	10	16	0	10	11	0	0	10	43	0	10	11	24	7	10	5	0	0	0	6	0	10	0	14	0	0	10	65	7	10	11	37	15	23	1	0	7	0	6	0	0	0	5	0	21	0	6	0	23	0	27	7	0	10	97	15	23	34	141	15	0	10	15	0	10	11	0	0	10	40	0	10	10	16	0	10	5	0	0	0	6	0	10	0	11	0	0	10	43	0	10	11	24	7	10	1	0	0	0	6	0	0	0	5	0	0	0	6	0	10	0	14	0	0	10	65	7	10	11	37	15	23	7	0	0	0	6	0	0	0	1	0	7	0	6	0	0	0	5	0	21	0	6	0	23	0	27	7	0	10	97	15	23	34
287	273	51	51	50	259	28	18	11	51	51	50	27	54	14	33	141	132	150	210	245	18	0	11	28	18	11	18	0	11	33	81	45	33	116	51	51	50	5	0	57	0	8	0	100	0	27	54	14	33	141	132	150	210	231	15	0	11	18	0	11	11	0	11	33	50	0	33	113	28	18	11	5	0	11	0	7	0	22	0	18	0	11	33	81	45	33	116	51	51	50	1	0	29	0	8	0	0	0	5	0	57	0	8	0	100	0	27	54	14	33	141	132	150	210	217	15	0	10	15	0	11	11	0	11	30	40	0	33	92	18	0	11	5	0	11	0	7	0	22	0	11	0	11	33	50	0	33	113	28	18	11	1	0	0	0	7	0	0	0	5	0	11	0	7	0	22	0	18	0	11	33	81	45	33	116	51	51	50	7	0	0	10	6	0	0	0	1	0	29	0	8	0	0	0	5	0	57	0	8	0	100	0	27	54	14	33	141	132	150	210
245	233	45	41	14	221	21	6	9	45	41	14	18	30	9	0	114	101	70	5	209	16	0	9	21	6	9	9	0	9	0	57	6	45	0	45	41	14	5	0	0	0	4	0	14	0	18	30	9	0	114	101	70	5	197	16	0	9	16	0	9	9	0	9	0	45	0	45	0	21	6	9	5	0	0	0	4	0	9	0	9	0	9	0	57	6	45	0	45	41	14	0	0	0	0	3	0	0	0	5	0	0	0	4	0	14	0	18	30	9	0	114	101	70	5	185	16	0	9	16	0	9	9	0	9	0	45	0	45	0	16	0	9	5	0	0	0	4	0	9	0	9	0	9	0	45	0	45	0	21	6	9	0	0	0	0	3	0	0	0	5	0	0	0	4	0	9	0	9	0	9	0	57	6	45	0	45	41	14	0	0	0	0	3	0	0	0	0	0	0	0	3	0	0	0	5	0	0	0	4	0	14	0	18	30	9	0	114	101	70	5
286	270	77	92	23	254	42	78	0	77	92	23	59	68	0	0	211	257	23	117	238	29	60	0	42	78	0	34	50	0	0	118	228	0	62	77	92	23	20	40	43	0	34	52	46	0	59	68	0	0	211	257	23	117	222	23	60	0	29	60	0	26	50	0	0	80	170	0	60	42	78	0	10	40	0	0	15	40	0	0	34	50	0	0	118	228	0	62	77	92	23	23	0	29	0	16	30	0	0	20	40	43	0	34	52	46	0	59	68	0	0	211	257	23	117	206	20	60	0	23	60	0	20	50	0	0	60	170	0	43	29	60	0	10	40	0	0	15	40	0	0	26	50	0	0	80	170	0	60	42	78	0	14	0	0	0	12	30	0	0	10	40	0	0	15	40	0	0	34	50	0	0	118	228	0	62	77	92	23	33	0	0	0	6	30	0	0	23	0	29	0	16	30	0	0	20	40	43	0	34	52	46	0	59	68	0	0	211	257	23	117
315	299	57	55	96	283	26	0	63	57	55	96	24	0	77	46	157	165	480	173	267	25	0	59	26	0	63	22	0	51	40	75	0	315	78	57	55	96	10	0	15	47	10	0	0	0	24	0	77	46	157	165	480	173	251	25	0	59	25	0	59	22	0	46	40	71	0	295	76	26	0	63	10	0	15	47	7	0	0	0	22	0	51	40	75	0	315	78	57	55	96	10	0	0	0	8	0	0	0	10	0	15	47	10	0	0	0	24	0	77	46	157	165	480	173	235	25	0	59	25	0	59	22	0	46	40	71	0	295	76	25	0	59	10	0	14	47	7	0	0	0	22	0	46	40	71	0	295	76	26	0	63	10	0	0	0	5	0	0	0	10	0	15	47	7	0	0	0	22	0	51	40	75	0	315	78	57	55	96	24	0	0	0	3	0	0	0	10	0	0	0	8	0	0	0	10	0	15	47	10	0	0	0	24	0	77	46	157	165	480	173
220	208	45	44	28	196	14	20	22	45	44	28	10	0	43	0	117	130	112	14	184	13	20	21	14	20	22	8	0	37	0	40	70	88	9	45	44	28	1	0	15	14	2	0	0	0	10	0	43	0	117	130	112	14	172	13	20	21	13	20	21	8	0	35	0	36	70	84	9	14	20	22	1	0	15	14	0	0	0	0	8	0	37	0	40	70	88	9	45	44	28	0	0	0	0	2	0	0	0	1	0	15	14	2	0	0	0	10	0	43	0	117	130	112	14	160	13	20	21	13	20	21	8	0	35	0	36	70	84	9	13	20	21	1	0	14	14	0	0	0	0	8	0	35	0	36	70	84	9	14	20	22	0	0	0	0	0	0	0	0	1	0	15	14	0	0	0	0	8	0	37	0	40	70	88	9	45	44	28	0	0	0	0	0	0	0	0	0	0	0	0	2	0	0	0	1	0	15	14	2	0	0	0	10	0	43	0	117	130	112	14
178	169	34	14	22	160	14	0	7	34	14	22	8	0	31	0	88	21	44	64	151	14	0	7	14	0	7	8	0	7	0	41	0	14	20	34	14	22	1	0	0	0	0	0	0	0	8	0	31	0	88	21	44	64	142	14	0	7	14	0	7	8	0	7	0	41	0	14	20	14	0	7	1	0	0	0	0	0	0	0	8	0	7	0	41	0	14	20	34	14	22	0	0	0	0	0	0	0	0	1	0	0	0	0	0	0	0	8	0	31	0	88	21	44	64	133	14	0	7	14	0	7	8	0	7	0	41	0	14	20	14	0	7	1	0	0	0	0	0	0	0	8	0	7	0	41	0	14	20	14	0	7	0	0	0	0	0	0	0	0	1	0	0	0	0	0	0	0	8	0	7	0	41	0	14	20	34	14	22	0	0	0	0	0	0	0	0	0	0	0	0	0	0	0	0	1	0	0	0	0	0	0	0	8	0	31	0	88	21	44	64
159	151	25	7	43	143	13	0	0	25	7	43	9	0	45	0	59	7	43	219	135	13	0	0	13	0	0	9	0	0	0	36	0	0	88	25	7	43	5	0	0	0	4	0	0	0	9	0	45	0	59	7	43	219	127	13	0	0	13	0	0	9	0	0	0	36	0	0	86	13	0	0	5	0	0	0	4	0	0	0	9	0	0	0	36	0	0	88	25	7	43	0	0	0	0	3	0	0	0	5	0	0	0	4	0	0	0	9	0	45	0	59	7	43	219	119	13	0	0	13	0	0	9	0	0	0	36	0	0	86	13	0	0	5	0	0	0	4	0	0	0	9	0	0	0	36	0	0	86	13	0	0	0	0	0	0	3	0	0	0	5	0	0	0	4	0	0	0	9	0	0	0	36	0	0	88	25	7	43	0	0	0	0	3	0	0	0	0	0	0	0	3	0	0	0	5	0	0	0	4	0	0	0	9	0	45	0	59	7	43	219
193	182	39	39	6	171	12	24	0	39	39	6	8	0	6	0	96	94	18	14	160	12	24	0	12	24	0	8	0	0	0	35	64	0	9	39	39	6	1	0	0	0	1	0	0	0	8	0	6	0	96	94	18	14	149	12	24	0	12	24	0	8	0	0	0	35	64	0	9	12	24	0	1	0	0	0	0	0	0	0	8	0	0	0	35	64	0	9	39	39	6	0	0	0	0	1	0	0	0	1	0	0	0	1	0	0	0	8	0	6	0	96	94	18	14	138	12	24	0	12	24	0	8	0	0	0	35	64	0	9	12	24	0	1	0	0	0	0	0	0	0	8	0	0	0	35	64	0	9	12	24	0	0	0	0	0	0	0	0	0	1	0	0	0	0	0	0	0	8	0	0	0	35	64	0	9	39	39	6	0	0	0	0	0	0	0	0	0	0	0	0	1	0	0	0	1	0	0	0	1	0	0	0	8	0	6	0	96	94	18	14
281	266	68	44	88	251	41	0	65	68	44	88	42	0	56	73	180	132	352	124	236	40	0	47	41	0	65	39	0	54	44	115	0	260	85	68	44	88	13	0	0	89	20	11	0	50	42	0	56	73	180	132	352	124	221	39	0	25	40	0	47	38	0	44	39	113	0	188	80	41	0	65	10	0	0	22	13	0	0	11	39	0	54	44	115	0	260	85	68	44	88	11	0	0	47	13	11	0	112	13	0	0	89	20	11	0	50	42	0	56	73	180	132	352	124	206	38	0	25	39	0	25	38	0	14	39	109	0	100	80	40	0	47	10	0	0	22	13	0	0	11	38	0	44	39	113	0	188	80	41	0	65	10	0	0	47	9	0	0	62	10	0	0	22	13	0	0	11	39	0	54	44	115	0	260	85	68	44	88	28	0	11	0	6	0	0	0	11	0	0	47	13	11	0	112	13	0	0	89	20	11	0	50	42	0	56	73	180	132	352	124
236	223	55	39	49	210	32	12	22	55	39	49	30	0	17	51	146	96	147	130	197	31	12	22	32	12	22	27	0	15	51	90	24	66	85	55	39	49	13	0	0	0	15	9	0	0	30	0	17	51	146	96	147	130	184	30	12	21	31	12	22	26	0	15	49	88	24	66	80	32	12	22	10	0	0	0	8	0	0	0	27	0	15	51	90	24	66	85	55	39	49	10	0	0	14	8	9	0	0	13	0	0	0	15	9	0	0	30	0	17	51	146	96	147	130	171	30	12	21	30	12	21	26	0	14	49	84	24	63	80	31	12	22	10	0	0	0	8	0	0	0	26	0	15	49	88	24	66	80	32	12	22	10	0	0	14	5	0	0	0	10	0	0	0	8	0	0	0	27	0	15	51	90	24	66	85	55	39	49	24	0	0	0	3	0	0	0	10	0	0	14	8	9	0	0	13	0	0	0	15	9	0	0	30	0	17	51	146	96	147	130
368	345	120	207	44	322	62	153	32	120	207	44	63	216	39	7	305	588	220	96	299	54	144	18	62	153	32	42	202	39	0	170	417	160	63	119	207	44	26	139	0	61	55	128	0	23	63	216	39	7	303	588	220	96	276	48	134	0	54	144	18	38	190	29	0	147	390	90	59	61	153	32	7	121	0	0	21	98	0	0	42	202	39	0	168	417	160	63	119	207	44	15	138	0	0	23	77	0	112	26	139	0	61	55	128	0	23	63	216	39	7	303	588	220	96	253	44	110	0	48	134	0	32	182	0	0	128	368	0	59	53	144	18	7	117	0	0	21	97	0	0	38	190	29	0	145	390	90	59	61	153	32	5	130	0	0	13	65	0	62	7	121	0	0	21	98	0	0	42	202	39	0	168	417	160	63	118	207	44	16	212	11	0	7	39	0	0	15	138	0	0	23	77	0	112	26	139	0	61	55	128	0	23	63	216	39	7	302	588	220	96
332	313	63	79	86	294	36	61	40	63	79	86	29	62	11	71	173	190	86	195	275	36	60	7	36	61	40	29	60	11	0	101	167	40	92	63	79	86	13	15	0	28	19	0	0	110	29	62	11	71	173	190	86	195	256	36	60	0	36	60	7	29	60	7	0	101	165	7	87	36	61	40	13	15	0	0	12	0	0	30	29	60	11	0	101	167	40	92	63	79	86	11	0	0	0	15	0	0	29	13	15	0	28	19	0	0	110	29	62	11	71	173	190	86	195	237	35	60	0	36	60	0	29	60	0	0	101	165	0	87	36	60	7	13	15	0	0	12	0	0	30	29	60	7	0	101	165	7	87	36	61	40	10	0	0	0	10	0	0	11	13	15	0	0	12	0	0	30	29	60	11	0	101	167	40	92	63	79	86	28	0	11	0	9	0	0	0	11	0	0	0	15	0	0	29	13	15	0	28	19	0	0	110	29	62	11	71	173	190	86	195
247	232	60	70	29	217	27	50	0	60	70	29	23	40	0	0	158	198	58	152	202	27	50	0	27	50	0	23	40	0	0	76	150	0	92	60	70	29	10	0	0	0	14	0	0	0	23	40	0	0	158	198	58	152	187	27	50	0	27	50	0	23	40	0	0	76	150	0	87	27	50	0	10	0	0	0	7	0	0	0	23	40	0	0	76	150	0	92	60	70	29	10	0	0	0	9	0	0	0	10	0	0	0	14	0	0	0	23	40	0	0	158	198	58	152	172	27	50	0	27	50	0	23	40	0	0	76	150	0	87	27	50	0	10	0	0	0	7	0	0	0	23	40	0	0	76	150	0	87	27	50	0	10	0	0	0	5	0	0	0	10	0	0	0	7	0	0	0	23	40	0	0	76	150	0	92	60	70	29	24	0	0	0	3	0	0	0	10	0	0	0	9	0	0	0	10	0	0	0	14	0	0	0	23	40	0	0	158	198	58	152
410	387	86	76	185	364	57	0	145	84	76	185	64	0	85	62	176	152	740	210	341	50	0	143	55	0	145	45	0	85	58	133	0	580	119	74	76	185	14	0	50	30	18	19	0	0	57	0	85	62	160	152	740	210	318	48	0	140	48	0	143	43	0	85	52	121	0	572	87	45	0	145	10	0	50	30	14	0	0	0	38	0	85	58	117	0	580	119	74	76	185	11	0	10	33	8	0	0	0	14	0	50	30	18	19	0	0	57	0	85	62	160	152	740	210	295	43	0	117	46	0	140	42	0	85	28	113	0	560	46	38	0	143	9	0	50	28	14	0	0	0	36	0	85	52	105	0	572	87	45	0	145	10	0	10	0	8	0	0	0	10	0	50	30	14	0	0	0	38	0	85	58	117	0	580	119	74	76	185	4	0	42	115	3	0	0	83	11	0	10	33	8	0	0	0	14	0	50	30	18	19	0	0	57	0	85	62	160	152	740	210
259	243	81	74	55	227	51	29	47	77	74	55	47	0	33	0	146	167	275	44	212	49	29	47	49	29	47	41	0	33	0	110	86	235	32	64	59	55	12	0	0	0	17	9	0	0	40	0	33	0	129	137	275	44	197	48	29	47	47	29	47	40	0	33	0	104	86	235	18	36	14	47	9	0	0	0	14	0	0	0	34	0	33	0	93	56	235	32	64	59	55	10	0	0	0	8	0	0	0	12	0	0	0	17	9	0	0	40	0	33	0	129	137	275	44	182	44	29	47	46	29	47	40	0	33	0	100	86	235	0	34	14	47	9	0	0	0	14	0	0	0	33	0	33	0	87	56	235	18	36	14	47	10	0	0	0	8	0	0	0	9	0	0	0	14	0	0	0	34	0	33	0	93	56	235	32	62	59	55	4	0	32	0	3	0	0	0	10	0	0	0	8	0	0	0	12	0	0	0	17	9	0	0	40	0	33	0	124	137	275	44
272	256	76	72	68	240	49	38	35	76	72	68	42	43	10	61	166	147	204	181	224	46	25	35	49	38	35	37	10	10	61	120	87	105	119	71	72	68	11	30	10	0	20	25	68	0	42	43	10	61	161	147	204	181	208	44	15	28	46	25	35	36	0	10	43	112	55	105	87	44	38	35	10	0	10	0	17	15	35	0	37	10	10	61	115	87	105	119	71	72	68	11	0	24	61	14	0	68	0	11	30	10	0	20	25	68	0	42	43	10	61	161	147	204	181	192	37	15	5	44	15	28	33	0	10	0	104	15	84	46	41	25	35	9	0	10	0	17	15	35	0	36	0	10	43	107	55	105	87	44	38	35	10	0	21	0	11	0	35	0	10	0	10	0	17	15	35	0	37	10	10	61	115	87	105	119	70	72	68	15	0	70	25	10	0	0	112	11	0	24	61	14	0	68	0	11	30	10	0	20	25	68	0	42	43	10	61	160	147	204	181
235	220	66	63	50	205	35	50	0	66	63	50	36	40	0	0	154	160	50	296	190	34	50	0	35	50	0	33	40	0	0	97	140	0	159	65	63	50	13	0	0	0	27	0	0	0	36	40	0	0	152	160	50	296	175	33	50	0	34	50	0	32	40	0	0	95	140	0	94	34	50	0	10	0	0	0	12	0	0	0	33	40	0	0	95	140	0	159	65	63	50	10	0	0	0	11	0	0	0	13	0	0	0	27	0	0	0	36	40	0	0	152	160	50	296	160	29	50	0	33	50	0	32	40	0	0	91	140	0	46	33	50	0	10	0	0	0	12	0	0	0	32	40	0	0	93	140	0	94	34	50	0	10	0	0	0	7	0	0	0	10	0	0	0	12	0	0	0	33	40	0	0	95	140	0	159	63	63	50	4	0	32	0	3	0	0	0	10	0	0	0	11	0	0	0	13	0	0	0	27	0	0	0	36	40	0	0	147	160	50	296
248	231	97	104	19	214	57	70	0	96	104	19	53	100	0	0	185	274	76	132	197	51	70	0	56	70	0	37	100	0	0	121	210	0	97	87	104	19	20	0	0	0	23	54	0	0	49	100	0	0	175	274	76	132	180	48	70	0	50	70	0	33	100	0	0	105	210	0	65	47	70	0	10	0	0	0	13	40	0	0	33	100	0	0	111	210	0	97	86	104	19	15	0	0	0	13	24	0	0	20	0	0	0	23	54	0	0	49	100	0	0	175	274	76	132	163	44	70	0	47	70	0	33	100	0	0	99	210	0	25	41	70	0	10	0	0	0	12	40	0	0	29	100	0	0	95	210	0	65	46	70	0	15	0	0	0	10	20	0	0	10	0	0	0	13	40	0	0	33	100	0	0	111	210	0	97	75	104	19	13	0	32	0	7	0	0	0	15	0	0	0	13	24	0	0	20	0	0	0	23	54	0	0	46	100	0	0	150	274	76	132
220	207	59	12	89	194	45	0	31	57	12	89	32	0	66	52	102	0	89	377	181	42	0	31	43	0	31	27	0	50	52	88	0	31	227	41	12	89	1	0	22	0	7	0	0	0	25	0	66	52	82	0	89	377	168	41	0	31	40	0	31	26	0	50	52	76	0	31	225	27	0	31	0	0	10	0	7	0	0	0	20	0	50	52	68	0	31	227	41	12	89	0	0	12	0	3	0	0	0	1	0	22	0	7	0	0	0	25	0	66	52	82	0	89	377	155	41	0	31	39	0	31	26	0	50	52	74	0	31	215	24	0	31	0	0	10	0	7	0	0	0	19	0	50	52	56	0	31	225	27	0	31	0	0	10	0	3	0	0	0	0	0	10	0	7	0	0	0	20	0	50	52	68	0	31	227	41	12	89	0	0	0	0	0	0	0	0	0	0	12	0	3	0	0	0	1	0	22	0	7	0	0	0	25	0	66	52	82	0	89	377
170	155	45	71	47	141	32	59	11	39	57	47	22	40	0	22	66	50	47	259	131	31	59	11	31	49	11	19	40	0	22	60	50	11	192	26	17	47	0	0	0	0	6	0	0	0	19	0	0	22	51	0	47	259	121	31	59	11	30	49	11	19	40	0	22	56	50	11	190	18	9	11	0	0	0	0	6	0	0	0	16	0	0	22	45	0	11	192	25	17	47	0	0	0	0	3	0	0	0	0	0	0	0	6	0	0	0	18	0	0	22	49	0	47	259	111	31	59	11	30	49	11	19	40	0	22	56	50	11	187	17	9	11	0	0	0	0	6	0	0	0	16	0	0	22	41	0	11	190	17	9	11	0	0	0	0	3	0	0	0	0	0	0	0	6	0	0	0	15	0	0	22	43	0	11	192	25	17	47	0	0	0	0	0	0	0	0	0	0	0	0	3	0	0	0	0	0	0	0	6	0	0	0	18	0	0	22	49	0	47	259
242	224	51	92	91	207	34	56	59	43	75	91	18	42	44	44	65	92	273	240	193	33	56	59	31	42	59	15	42	40	44	52	70	177	192	26	33	91	0	0	0	0	3	0	0	0	10	0	44	44	43	22	273	240	179	33	56	59	30	42	59	15	42	40	44	48	70	177	190	14	0	59	0	0	0	0	3	0	0	0	7	0	40	44	30	0	177	192	26	33	91	0	0	0	0	2	0	0	0	0	0	0	0	3	0	0	0	10	0	44	44	43	22	273	240	165	33	56	59	30	42	59	15	42	40	44	48	70	177	187	13	0	59	0	0	0	0	3	0	0	0	7	0	40	44	26	0	177	190	14	0	59	0	0	0	0	2	0	0	0	0	0	0	0	3	0	0	0	7	0	40	44	30	0	177	192	26	33	91	0	0	0	0	0	0	0	0	0	0	0	0	2	0	0	0	0	0	0	0	3	0	0	0	10	0	44	44	43	22	273	240
255	238	75	94	55	221	46	61	10	73	94	55	30	66	54	10	124	214	165	327	204	43	52	10	44	61	10	23	39	40	10	80	166	30	227	57	94	55	5	0	10	0	10	26	55	0	23	66	54	10	106	214	165	327	187	42	52	10	41	52	10	22	39	40	10	72	130	30	225	28	61	10	0	0	0	0	10	26	10	0	16	39	40	10	62	166	30	227	56	94	55	0	0	0	0	8	13	0	0	5	0	10	0	10	26	55	0	22	66	54	10	104	214	165	327	170	42	52	10	40	52	10	22	39	40	10	71	130	30	215	25	52	10	0	0	0	0	10	26	10	0	15	39	40	10	54	130	30	225	27	61	10	0	0	0	0	5	13	0	0	0	0	0	0	10	26	10	0	15	39	40	10	60	166	30	227	53	94	55	9	0	0	0	5	0	0	0	0	0	0	0	8	13	0	0	5	0	10	0	10	26	55	0	22	66	54	10	98	214	165	327
171	156	56	77	25	141	40	68	0	51	77	25	33	16	10	0	86	65	25	142	130	38	68	0	38	68	0	29	16	0	0	73	65	0	82	38	33	25	1	0	10	0	7	0	0	0	26	16	10	0	71	32	25	142	119	38	68	0	36	68	0	29	16	0	0	65	65	0	82	25	24	0	1	0	0	0	7	0	0	0	22	16	0	0	58	32	0	82	33	33	25	0	0	0	0	3	0	0	0	1	0	10	0	7	0	0	0	21	16	10	0	66	32	25	142	108	38	68	0	36	68	0	29	16	0	0	65	65	0	75	23	24	0	1	0	0	0	7	0	0	0	22	16	0	0	50	32	0	82	20	24	0	0	0	0	0	3	0	0	0	1	0	0	0	7	0	0	0	17	16	0	0	53	32	0	82	30	33	25	0	0	0	0	0	0	0	0	0	0	0	0	3	0	0	0	0	0	10	0	7	0	0	0	17	16	10	0	57	32	25	142
159	146	36	39	61	133	28	39	11	31	39	61	15	0	9	33	53	30	0	307	123	28	39	10	26	39	11	15	0	0	30	39	30	0	111	18	9	61	0	0	0	10	4	0	0	0	8	0	9	33	39	0	0	307	113	28	39	10	26	39	10	15	0	0	30	39	30	0	111	13	9	11	0	0	0	10	4	0	0	0	8	0	0	30	25	0	0	111	17	9	61	0	0	0	0	2	0	0	0	0	0	0	10	4	0	0	0	7	0	9	33	37	0	0	307	103	28	39	10	26	39	10	15	0	0	30	39	30	0	111	13	9	10	0	0	0	10	4	0	0	0	8	0	0	30	25	0	0	111	12	9	11	0	0	0	0	2	0	0	0	0	0	0	10	4	0	0	0	7	0	0	30	23	0	0	111	17	9	61	0	0	0	0	0	0	0	0	0	0	0	0	2	0	0	0	0	0	0	10	4	0	0	0	7	0	9	33	37	0	0	307
170	158	43	43	34	146	22	27	11	42	43	34	14	18	9	33	86	110	68	146	134	21	27	10	21	27	11	9	18	0	30	39	72	22	69	34	43	34	5	0	0	10	7	9	0	0	11	18	9	33	77	110	68	146	122	20	27	10	20	27	10	8	18	0	30	37	72	20	69	13	27	11	0	0	0	10	7	9	0	0	6	18	0	30	30	72	22	69	33	43	34	0	0	0	0	7	9	0	0	5	0	0	10	7	9	0	0	10	18	9	33	75	110	68	146	110	20	27	10	19	27	10	8	18	0	30	36	72	20	69	12	27	10	0	0	0	10	7	9	0	0	5	18	0	30	28	72	20	69	12	27	11	0	0	0	0	4	9	0	0	0	0	0	10	7	9	0	0	5	18	0	30	28	72	22	69	33	43	34	9	0	0	0	7	0	0	0	0	0	0	0	7	9	0	0	5	0	0	10	7	9	0	0	10	18	9	33	75	110	68	146
114	106	24	7	32	98	12	7	18	22	7	32	5	0	14	33	46	7	0	91	91	12	7	17	11	7	18	5	0	14	30	17	7	0	59	16	0	32	0	0	0	10	2	0	0	0	2	0	14	33	38	0	0	91	84	12	7	17	11	7	17	5	0	14	30	17	7	0	59	5	0	18	0	0	0	10	2	0	0	0	2	0	14	30	9	0	0	59	16	0	32	0	0	0	0	1	0	0	0	0	0	0	10	2	0	0	0	2	0	14	33	38	0	0	91	77	12	7	17	11	7	17	5	0	14	30	17	7	0	59	5	0	17	0	0	0	10	2	0	0	0	2	0	14	30	9	0	0	59	5	0	18	0	0	0	0	1	0	0	0	0	0	0	10	2	0	0	0	2	0	14	30	9	0	0	59	16	0	32	0	0	0	0	0	0	0	0	0	0	0	0	1	0	0	0	0	0	0	10	2	0	0	0	2	0	14	33	38	0	0	91
216	202	39	35	80	188	21	13	64	39	35	80	8	0	49	75	93	68	160	55	174	18	13	51	21	13	64	6	0	36	40	44	13	128	10	35	35	80	0	0	23	30	7	13	0	68	8	0	49	75	89	68	160	55	160	18	13	51	18	13	51	6	0	24	40	38	13	102	10	17	13	64	0	0	22	30	7	13	0	35	6	0	36	40	40	13	128	10	35	35	80	0	0	0	0	7	0	0	0	0	0	23	30	7	13	0	68	8	0	49	75	89	68	160	55	146	18	13	51	18	13	51	6	0	24	40	38	13	102	10	14	13	51	0	0	20	30	7	13	0	35	6	0	24	40	34	13	102	10	17	13	64	0	0	0	0	4	0	0	0	0	0	22	30	7	13	0	35	6	0	36	40	40	13	128	10	34	35	80	10	0	0	0	4	0	0	0	0	0	0	0	7	0	0	0	0	0	23	30	7	13	0	68	8	0	49	75	88	68	160	55
139	130	35	20	7	121	14	0	7	35	20	7	5	0	14	0	80	60	35	0	112	14	0	7	14	0	7	5	0	14	0	32	0	35	0	34	20	7	1	0	0	0	8	0	0	0	5	0	14	0	79	60	35	0	103	14	0	7	14	0	7	5	0	14	0	32	0	35	0	13	0	7	1	0	0	0	7	0	0	0	5	0	14	0	31	0	35	0	34	20	7	2	0	0	0	14	0	0	0	1	0	0	0	8	0	0	0	5	0	14	0	79	60	35	0	94	14	0	7	14	0	7	5	0	14	0	32	0	35	0	13	0	7	1	0	0	0	7	0	0	0	5	0	14	0	31	0	35	0	13	0	7	2	0	0	0	5	0	0	0	1	0	0	0	7	0	0	0	5	0	14	0	31	0	35	0	34	20	7	14	0	0	0	10	0	0	0	2	0	0	0	14	0	0	0	1	0	0	0	8	0	0	0	5	0	14	0	79	60	35	0
153	142	36	27	32	131	13	18	7	36	27	32	10	9	0	21	74	83	32	121	120	12	18	7	13	18	7	5	9	0	21	26	72	7	82	36	27	32	6	0	0	0	11	9	0	0	10	9	0	21	74	83	32	121	109	11	18	7	12	18	7	4	9	0	21	24	72	7	68	13	18	7	1	0	0	0	7	9	0	0	5	9	0	21	26	72	7	82	36	27	32	2	0	0	0	14	9	0	0	6	0	0	0	11	9	0	0	10	9	0	21	74	83	32	121	98	11	17	7	11	18	7	4	9	0	21	23	72	7	68	12	18	7	1	0	0	0	7	9	0	0	4	9	0	21	24	72	7	68	13	18	7	2	0	0	0	5	9	0	0	1	0	0	0	7	9	0	0	5	9	0	21	26	72	7	82	36	27	32	13	8	0	0	14	0	0	0	2	0	0	0	14	9	0	0	6	0	0	0	11	9	0	0	10	9	0	21	74	83	32	121
132	123	33	18	14	114	15	0	7	33	18	14	9	0	0	21	80	36	42	7	105	15	0	7	15	0	7	9	0	0	21	38	0	21	7	33	18	14	7	0	0	0	24	0	0	0	9	0	0	21	80	36	42	7	96	13	0	7	15	0	7	9	0	0	21	38	0	21	7	15	0	7	1	0	0	0	10	0	0	0	9	0	0	21	38	0	21	7	33	18	14	14	0	0	0	16	12	0	0	7	0	0	0	24	0	0	0	9	0	0	21	80	36	42	7	87	10	0	7	13	0	7	3	0	0	21	31	0	21	7	15	0	7	1	0	0	0	10	0	0	0	9	0	0	21	38	0	21	7	15	0	7	5	0	0	0	7	0	0	0	1	0	0	0	10	0	0	0	9	0	0	21	38	0	21	7	33	18	14	16	0	0	0	7	18	0	0	14	0	0	0	16	12	0	0	7	0	0	0	24	0	0	0	9	0	0	21	80	36	42	7
241	224	62	74	77	207	32	30	50	62	74	77	21	0	44	53	136	200	308	121	190	30	30	37	32	30	50	15	0	43	22	70	90	200	82	62	74	77	16	0	0	42	36	30	0	55	21	0	44	53	136	200	308	121	173	26	30	24	30	30	37	14	0	42	10	66	90	148	68	32	30	50	1	0	0	10	17	30	0	10	15	0	43	22	70	90	200	82	62	74	77	14	0	0	34	21	48	0	68	16	0	0	42	36	30	0	55	21	0	44	53	136	200	308	121	156	23	22	21	26	30	24	8	0	38	10	55	90	96	68	30	30	37	1	0	0	10	17	30	0	10	14	0	42	10	66	90	148	68	32	30	50	5	0	0	31	10	15	0	35	1	0	0	10	17	30	0	10	15	0	43	22	70	90	200	82	61	74	77	15	88	0	33	12	33	0	0	14	0	0	34	21	48	0	68	16	0	0	42	36	30	0	55	21	0	44	53	135	200	308	121
110	102	24	17	4	94	8	7	0	24	17	4	3	0	0	0	61	15	8	7	86	8	7	0	8	7	0	3	0	0	0	22	0	0	7	24	17	4	1	0	0	0	14	0	0	0	3	0	0	0	61	15	8	7	78	8	7	0	8	7	0	3	0	0	0	22	0	0	7	8	7	0	1	0	0	0	5	0	0	0	3	0	0	0	22	0	0	7	24	17	4	2	0	0	0	14	0	0	0	1	0	0	0	14	0	0	0	3	0	0	0	61	15	8	7	70	8	7	0	8	7	0	3	0	0	0	22	0	0	7	8	7	0	1	0	0	0	5	0	0	0	3	0	0	0	22	0	0	7	8	7	0	2	0	0	0	4	0	0	0	1	0	0	0	5	0	0	0	3	0	0	0	22	0	0	7	24	17	4	14	0	0	0	10	0	0	0	2	0	0	0	14	0	0	0	1	0	0	0	14	0	0	0	3	0	0	0	61	15	8	7
177	163	55	70	4	149	23	43	0	55	70	4	20	22	0	0	127	154	20	7	135	20	42	0	23	43	0	10	22	0	0	58	83	0	7	55	70	4	20	10	0	0	35	27	0	0	20	22	0	0	127	154	20	7	121	14	40	0	20	42	0	7	20	0	0	49	81	0	7	23	43	0	0	10	0	0	11	21	0	0	10	22	0	0	58	83	0	7	55	70	4	14	20	0	0	17	42	0	0	20	10	0	0	35	27	0	0	20	22	0	0	127	154	20	7	107	10	35	0	14	40	0	1	20	0	0	33	80	0	7	20	42	0	0	10	0	0	11	21	0	0	7	20	0	0	49	81	0	7	23	43	0	3	20	0	0	7	21	0	0	0	10	0	0	11	21	0	0	10	22	0	0	58	83	0	7	53	70	4	15	25	0	0	7	26	0	0	14	20	0	0	17	42	0	0	20	10	0	0	35	27	0	0	20	22	0	0	123	154	20	7
222	206	56	28	102	190	36	0	73	56	28	102	38	0	36	29	149	70	204	99	174	28	0	71	36	0	73	18	0	36	28	93	0	146	57	56	28	102	24	0	23	23	43	70	0	0	38	0	36	29	149	70	204	99	158	21	0	70	28	0	71	13	0	36	27	66	0	142	44	36	0	73	4	0	23	22	17	0	0	0	18	0	36	28	93	0	146	57	56	28	102	18	0	26	12	13	14	0	0	24	0	23	23	43	70	0	0	38	0	36	29	149	70	204	99	142	13	0	62	21	0	70	5	0	36	24	46	0	140	31	28	0	71	3	0	23	20	17	0	0	0	13	0	36	27	66	0	142	44	36	0	73	7	0	26	10	9	0	0	0	4	0	23	22	17	0	0	0	18	0	36	28	93	0	146	57	56	28	102	11	0	56	74	1	0	0	0	18	0	26	12	13	14	0	0	24	0	23	23	43	70	0	0	38	0	36	29	149	70	204	99
238	219	84	119	61	200	48	83	38	84	119	61	55	78	36	15	216	289	183	95	181	35	77	38	48	83	38	24	78	36	15	124	213	114	57	84	119	61	28	60	23	0	48	128	0	0	55	78	36	15	216	289	183	95	162	27	45	38	35	77	38	15	60	36	15	84	192	114	44	48	83	38	6	0	23	0	16	70	0	0	24	78	36	15	124	213	114	57	84	119	61	11	135	26	0	16	58	122	0	28	60	23	0	48	128	0	0	55	78	36	15	216	289	183	95	143	22	13	32	27	45	38	13	0	36	14	67	95	114	31	35	77	38	5	0	23	0	15	70	0	0	15	60	36	15	84	192	114	44	48	83	38	9	39	26	0	10	44	76	0	6	0	23	0	16	70	0	0	24	78	36	15	124	213	114	57	78	119	61	22	26	56	54	5	0	183	0	11	135	26	0	16	58	122	0	28	60	23	0	48	128	0	0	55	78	36	15	205	289	183	95
153	142	43	10	45	131	26	0	10	43	10	45	24	0	10	0	112	30	45	131	120	21	0	10	26	0	10	10	0	10	0	68	0	10	64	43	10	45	15	0	10	0	35	30	0	0	24	0	10	0	112	30	45	131	109	17	0	10	21	0	10	9	0	10	0	52	0	10	51	26	0	10	1	0	10	0	12	0	0	0	10	0	10	0	68	0	10	64	43	10	45	14	0	0	0	12	0	0	0	15	0	10	0	35	30	0	0	24	0	10	0	112	30	45	131	98	10	0	10	17	0	10	3	0	10	0	39	0	10	38	21	0	10	1	0	10	0	12	0	0	0	9	0	10	0	52	0	10	51	26	0	10	5	0	0	0	8	0	0	0	1	0	10	0	12	0	0	0	10	0	10	0	68	0	10	64	43	10	45	6	0	35	0	1	0	0	0	14	0	0	0	12	0	0	0	15	0	10	0	35	30	0	0	24	0	10	0	112	30	45	131
173	160	62	51	28	147	32	18	23	62	51	28	34	39	36	0	171	150	112	4	134	25	7	23	32	18	23	18	7	36	0	88	61	92	0	62	51	28	20	28	23	0	44	35	28	0	34	39	36	0	171	150	112	4	121	19	0	23	25	7	23	14	0	36	0	65	21	92	0	32	18	23	4	0	23	0	15	0	23	0	18	7	36	0	88	61	92	0	62	51	28	18	0	26	0	13	7	28	0	20	28	23	0	44	35	28	0	34	39	36	0	171	150	112	4	108	14	0	18	19	0	23	6	0	36	0	48	0	92	0	25	7	23	3	0	23	0	15	0	23	0	14	0	36	0	65	21	92	0	32	18	23	7	0	26	0	8	0	23	0	4	0	23	0	15	0	23	0	18	7	36	0	88	61	92	0	62	51	28	11	0	18	40	1	0	0	0	18	0	26	0	13	7	28	0	20	28	23	0	44	35	28	0	34	39	36	0	171	150	112	4
189	173	66	87	29	157	33	59	13	66	87	29	45	0	26	0	190	199	116	81	141	24	55	13	33	59	13	20	0	26	0	94	129	52	50	66	87	29	21	28	13	0	41	59	0	0	45	0	26	0	190	199	116	81	125	17	48	13	24	55	13	14	0	26	0	65	117	52	37	33	59	13	4	0	13	0	15	24	0	0	20	0	26	0	94	129	52	50	66	87	29	18	0	26	0	13	19	29	0	21	28	13	0	41	59	0	0	45	0	26	0	190	199	116	81	109	10	44	8	17	48	13	6	0	26	0	46	96	52	24	24	55	13	3	0	13	0	15	24	0	0	14	0	26	0	65	117	52	37	33	59	13	7	0	26	0	8	12	13	0	4	0	13	0	15	24	0	0	20	0	26	0	94	129	52	50	65	87	29	7	44	40	40	1	0	0	0	18	0	26	0	13	19	29	0	21	28	13	0	41	59	0	0	45	0	26	0	188	199	116	81
199	183	59	69	79	167	31	30	23	59	69	79	26	90	38	92	164	204	237	265	151	23	0	23	31	30	23	19	0	23	92	85	80	69	157	59	69	79	6	0	68	0	20	0	237	0	26	90	38	92	164	204	237	265	135	18	0	23	23	0	23	9	0	23	92	60	0	69	155	31	30	23	3	0	26	0	13	0	69	0	19	0	23	92	85	80	69	157	59	69	79	5	0	47	0	8	0	0	0	6	0	68	0	20	0	237	0	26	90	38	92	164	204	237	265	119	18	0	23	18	0	23	9	0	23	92	49	0	69	154	23	0	23	3	0	26	0	13	0	69	0	9	0	23	92	60	0	69	155	31	30	23	5	0	13	0	6	0	0	0	3	0	26	0	13	0	69	0	19	0	23	92	85	80	69	157	58	69	79	15	0	0	0	0	0	0	0	5	0	47	0	8	0	0	0	6	0	68	0	20	0	237	0	26	90	38	92	163	204	237	265
139	128	46	28	29	117	22	0	15	46	28	29	23	0	37	0	133	84	116	57	106	14	0	15	22	0	15	7	0	30	0	63	0	60	36	46	28	29	4	0	29	0	7	0	0	0	23	0	37	0	133	84	116	57	95	13	0	15	14	0	15	5	0	30	0	40	0	60	36	22	0	15	2	0	15	0	7	0	0	0	7	0	30	0	63	0	60	36	46	28	29	2	0	0	0	3	0	0	0	4	0	29	0	7	0	0	0	23	0	37	0	133	84	116	57	84	13	0	15	13	0	15	5	0	30	0	38	0	60	36	14	0	15	2	0	15	0	7	0	0	0	5	0	30	0	40	0	60	36	22	0	15	2	0	0	0	3	0	0	0	2	0	15	0	7	0	0	0	7	0	30	0	63	0	60	36	46	28	29	9	0	0	0	0	0	0	0	2	0	0	0	3	0	0	0	4	0	29	0	7	0	0	0	23	0	37	0	133	84	116	57
185	168	77	105	55	151	36	80	13	77	105	55	42	93	24	52	206	352	110	220	134	23	60	13	36	80	13	20	55	13	52	94	251	26	147	77	105	55	6	42	68	0	17	50	110	0	42	93	24	52	206	352	110	220	117	17	50	13	23	60	13	9	39	13	52	56	185	26	145	36	80	13	2	26	26	0	11	46	26	0	20	55	13	52	94	251	26	147	77	105	55	8	24	47	0	9	25	55	0	6	42	68	0	17	50	110	0	42	93	24	52	206	352	110	220	100	17	45	13	17	50	13	9	37	13	52	44	163	26	144	23	60	13	2	26	26	0	10	42	26	0	9	39	13	52	56	185	26	145	36	80	13	8	20	13	0	7	23	13	0	2	26	26	0	11	46	26	0	20	55	13	52	94	251	26	147	69	105	55	18	52	0	0	2	0	0	0	8	24	47	0	9	25	55	0	6	42	68	0	17	50	110	0	42	93	24	52	190	352	110	220
116	106	52	24	24	96	25	16	0	52	24	24	31	8	7	0	152	111	24	118	86	15	16	0	25	16	0	12	8	0	0	69	72	0	74	52	24	24	4	0	34	0	11	8	0	0	31	8	7	0	152	111	24	118	76	11	16	0	15	16	0	4	8	0	0	38	72	0	74	25	16	0	2	0	0	0	11	8	0	0	12	8	0	0	69	72	0	74	52	24	24	5	0	30	0	6	0	0	0	4	0	34	0	11	8	0	0	31	8	7	0	152	111	24	118	66	11	16	0	11	16	0	4	8	0	0	28	72	0	74	15	16	0	2	0	0	0	11	8	0	0	4	8	0	0	38	72	0	74	25	16	0	5	0	0	0	6	0	0	0	2	0	0	0	11	8	0	0	12	8	0	0	69	72	0	74	52	24	24	11	0	0	0	0	0	0	0	5	0	30	0	6	0	0	0	4	0	34	0	11	8	0	0	31	8	7	0	152	111	24	118
62	57	18	6	0	52	5	0	0	18	6	0	2	0	0	0	53	16	0	0	47	5	0	0	5	0	0	2	0	0	0	17	0	0	0	18	6	0	0	0	0	0	1	0	0	0	2	0	0	0	53	16	0	0	42	5	0	0	5	0	0	2	0	0	0	17	0	0	0	5	0	0	0	0	0	0	1	0	0	0	2	0	0	0	17	0	0	0	18	6	0	0	0	0	0	0	0	0	0	0	0	0	0	1	0	0	0	2	0	0	0	53	16	0	0	37	5	0	0	5	0	0	2	0	0	0	17	0	0	0	5	0	0	0	0	0	0	1	0	0	0	2	0	0	0	17	0	0	0	5	0	0	0	0	0	0	0	0	0	0	0	0	0	0	1	0	0	0	2	0	0	0	17	0	0	0	18	6	0	0	0	0	0	0	0	0	0	0	0	0	0	0	0	0	0	0	0	0	0	1	0	0	0	2	0	0	0	53	16	0	0
212	194	45	56	114	176	14	0	81	45	56	114	12	0	121	91	106	140	456	163	158	12	0	66	14	0	81	8	0	66	51	36	0	324	51	45	56	114	3	0	27	92	15	0	0	28	12	0	121	91	106	140	456	163	140	12	0	66	12	0	66	8	0	51	51	33	0	264	51	14	0	81	3	0	17	92	5	0	0	23	8	0	66	51	36	0	324	51	45	56	114	2	0	0	0	5	0	0	0	3	0	27	92	15	0	0	28	12	0	121	91	106	140	456	163	122	12	0	66	12	0	66	8	0	51	51	33	0	264	51	12	0	66	3	0	13	92	2	0	0	23	8	0	51	51	33	0	264	51	14	0	81	2	0	0	0	2	0	0	0	3	0	17	92	5	0	0	23	8	0	66	51	36	0	324	51	44	56	114	9	0	0	0	0	0	0	0	2	0	0	0	5	0	0	0	3	0	27	92	15	0	0	28	12	0	121	91	105	140	456	163
131	120	24	10	53	109	4	0	33	24	10	53	1	0	56	15	57	10	53	108	98	4	0	33	4	0	33	1	0	25	15	10	0	33	38	24	10	53	0	0	0	0	1	0	0	0	1	0	56	15	57	10	53	108	87	4	0	33	4	0	33	1	0	25	15	10	0	33	38	4	0	33	0	0	0	0	0	0	0	0	1	0	25	15	10	0	33	38	24	10	53	0	0	0	0	0	0	0	0	0	0	0	0	1	0	0	0	1	0	56	15	57	10	53	108	76	4	0	33	4	0	33	1	0	25	15	10	0	33	38	4	0	33	0	0	0	0	0	0	0	0	1	0	25	15	10	0	33	38	4	0	33	0	0	0	0	0	0	0	0	0	0	0	0	0	0	0	0	1	0	25	15	10	0	33	38	24	10	53	0	0	0	0	0	0	0	0	0	0	0	0	0	0	0	0	0	0	0	0	1	0	0	0	1	0	56	15	57	10	53	108
129	118	27	24	38	107	4	0	38	27	24	38	1	0	50	0	61	48	114	0	96	4	0	38	4	0	38	1	0	50	0	10	0	114	0	27	24	38	0	0	0	0	7	0	0	0	1	0	50	0	61	48	114	0	85	4	0	38	4	0	38	1	0	50	0	10	0	114	0	4	0	38	0	0	0	0	0	0	0	0	1	0	50	0	10	0	114	0	27	24	38	0	0	0	0	2	0	0	0	0	0	0	0	7	0	0	0	1	0	50	0	61	48	114	0	74	4	0	38	4	0	38	1	0	50	0	10	0	114	0	4	0	38	0	0	0	0	0	0	0	0	1	0	50	0	10	0	114	0	4	0	38	0	0	0	0	0	0	0	0	0	0	0	0	0	0	0	0	1	0	50	0	10	0	114	0	27	24	38	0	0	0	0	0	0	0	0	0	0	0	0	2	0	0	0	0	0	0	0	7	0	0	0	1	0	50	0	61	48	114	0
186	169	52	81	44	152	15	30	10	52	81	44	10	15	56	0	125	242	220	187	135	14	30	10	15	30	10	8	15	10	0	43	90	50	51	52	81	44	3	0	8	0	19	0	0	0	10	15	56	0	125	242	220	187	118	14	30	10	14	30	10	8	15	10	0	41	90	50	51	15	30	10	3	0	0	0	5	0	0	0	8	15	10	0	43	90	50	51	52	81	44	2	0	0	0	7	0	0	0	3	0	8	0	19	0	0	0	10	15	56	0	125	242	220	187	101	14	30	10	14	30	10	8	15	10	0	41	90	50	51	14	30	10	3	0	0	0	3	0	0	0	8	15	10	0	41	90	50	51	15	30	10	2	0	0	0	2	0	0	0	3	0	0	0	5	0	0	0	8	15	10	0	43	90	50	51	47	81	44	9	0	0	0	0	0	0	0	2	0	0	0	7	0	0	0	3	0	8	0	19	0	0	0	10	15	56	0	116	242	220	187
99	90	21	20	9	81	3	8	0	21	20	9	1	0	0	0	47	34	18	29	72	3	8	0	3	8	0	1	0	0	0	8	16	0	15	21	20	9	0	0	0	0	4	0	0	0	1	0	0	0	47	34	18	29	63	3	8	0	3	8	0	1	0	0	0	8	16	0	15	3	8	0	0	0	0	0	0	0	0	0	1	0	0	0	8	16	0	15	21	20	9	0	0	0	0	1	0	0	0	0	0	0	0	4	0	0	0	1	0	0	0	47	34	18	29	54	3	8	0	3	8	0	1	0	0	0	8	16	0	15	3	8	0	0	0	0	0	0	0	0	0	1	0	0	0	8	16	0	15	3	8	0	0	0	0	0	0	0	0	0	0	0	0	0	0	0	0	0	1	0	0	0	8	16	0	15	19	20	9	0	0	0	0	0	0	0	0	0	0	0	0	1	0	0	0	0	0	0	0	4	0	0	0	1	0	0	0	44	34	18	29
174	158	41	28	123	142	19	0	77	41	28	123	15	0	70	101	93	42	246	205	126	16	0	74	19	0	77	10	0	69	97	45	0	154	129	41	28	123	4	0	0	49	18	42	0	0	15	0	70	101	93	42	246	205	110	15	0	70	16	0	74	8	0	67	93	37	0	148	114	19	0	77	2	0	0	41	2	0	0	0	10	0	69	97	45	0	154	129	41	28	123	5	0	0	52	9	14	0	0	4	0	0	49	18	42	0	0	15	0	70	101	93	42	246	205	94	15	0	70	15	0	70	8	0	63	93	36	0	140	114	16	0	74	2	0	0	41	1	0	0	0	8	0	67	93	37	0	148	114	19	0	77	5	0	0	52	3	0	0	0	2	0	0	41	2	0	0	0	10	0	69	97	45	0	154	129	34	28	123	13	0	0	0	3	0	0	0	5	0	0	52	9	14	0	0	4	0	0	49	18	42	0	0	15	0	70	101	79	42	246	205
184	167	53	42	122	150	31	0	82	53	42	122	21	0	69	86	116	70	366	196	133	28	0	51	31	0	82	16	0	66	34	72	0	246	129	53	42	122	6	0	0	120	25	42	0	134	21	0	69	86	116	70	366	196	116	27	0	23	28	0	51	14	0	47	23	64	0	153	114	31	0	82	4	0	0	26	7	0	0	36	16	0	66	34	72	0	246	129	52	42	122	10	0	0	52	13	14	0	118	6	0	0	120	25	42	0	134	21	0	69	86	116	70	366	196	99	20	0	23	27	0	23	14	0	13	23	63	0	69	114	28	0	51	4	0	0	26	6	0	0	36	14	0	47	23	64	0	153	114	30	0	82	5	0	0	52	6	0	0	74	4	0	0	26	7	0	0	36	16	0	66	34	72	0	246	129	42	42	122	14	0	77	0	3	0	0	0	10	0	0	52	13	14	0	118	6	0	0	120	25	42	0	134	18	0	69	86	95	70	366	196
136	123	28	23	72	110	11	12	20	28	23	72	6	0	0	40	62	35	72	258	97	10	12	10	11	12	20	5	0	0	10	26	24	20	162	28	23	72	1	0	0	0	13	11	0	79	6	0	0	40	62	35	72	258	84	10	12	10	10	12	10	5	0	0	10	24	24	10	147	11	12	20	1	0	0	0	0	0	0	23	5	0	0	10	26	24	20	162	28	23	72	0	0	0	0	5	0	0	0	1	0	0	0	13	11	0	79	6	0	0	40	62	35	72	258	71	10	12	10	10	12	10	5	0	0	10	24	24	10	147	10	12	10	1	0	0	0	0	0	0	23	5	0	0	10	24	24	10	147	11	12	20	0	0	0	0	0	0	0	0	1	0	0	0	0	0	0	23	5	0	0	10	26	24	20	162	22	23	72	5	0	0	0	1	0	0	0	0	0	0	0	5	0	0	0	1	0	0	0	13	11	0	79	6	0	0	40	52	35	72	258
135	121	58	59	31	107	24	24	20	58	59	31	24	0	50	10	106	158	155	44	93	20	24	20	24	24	20	14	0	50	10	53	60	100	10	58	59	31	9	0	0	0	17	28	0	0	24	0	50	10	106	158	155	44	79	18	24	20	20	24	20	11	0	50	10	43	60	100	10	24	24	20	2	0	0	0	3	0	0	0	14	0	50	10	53	60	100	10	52	59	31	5	0	0	0	9	14	0	0	9	0	0	0	17	28	0	0	24	0	50	10	105	158	155	44	67	18	24	20	18	24	20	11	0	50	10	41	60	100	10	20	24	20	2	0	0	0	2	0	0	0	11	0	50	10	43	60	100	10	23	24	20	5	0	0	0	4	0	0	0	2	0	0	0	3	0	0	0	14	0	50	10	53	60	100	10	42	35	31	13	0	0	0	4	0	0	0	5	0	0	0	9	14	0	0	9	0	0	0	17	28	0	0	21	0	50	10	84	98	155	44
159	142	59	93	60	125	25	53	31	59	93	60	17	54	49	46	122	219	240	158	108	22	52	10	25	53	31	12	52	47	0	59	131	124	91	59	93	60	5	13	0	30	22	27	0	134	17	54	49	46	122	219	240	158	91	21	52	0	22	52	10	10	52	30	0	51	130	40	76	25	53	31	3	13	0	0	5	0	0	36	12	52	47	0	59	131	124	91	57	93	60	10	0	0	0	12	9	0	61	5	13	0	30	22	27	0	134	17	54	49	46	122	219	240	158	75	18	48	0	21	52	0	10	52	0	0	50	130	0	76	22	52	10	3	13	0	0	4	0	0	36	10	52	30	0	51	130	40	76	24	53	31	5	0	0	0	5	0	0	38	3	13	0	0	5	0	0	36	12	52	47	0	59	131	124	91	41	77	60	10	36	33	0	3	0	0	0	10	0	0	0	12	9	0	61	5	13	0	30	22	27	0	134	14	54	49	46	88	203	240	158
191	171	48	54	178	151	29	36	117	48	54	178	28	17	13	86	80	89	178	408	131	26	19	116	29	36	117	19	0	13	84	59	53	117	230	48	54	178	9	0	0	19	5	0	178	0	28	17	13	86	80	89	178	408	111	23	19	111	26	19	116	16	0	13	74	51	19	116	165	29	36	117	2	0	0	17	4	0	117	0	19	0	13	84	59	53	117	230	44	54	178	7	0	15	64	6	0	0	0	9	0	0	19	5	0	178	0	28	17	13	86	80	89	178	408	92	21	18	91	23	19	111	16	0	13	46	48	19	111	123	26	19	116	2	0	0	13	3	0	116	0	16	0	13	74	51	19	116	165	26	36	117	5	0	13	26	5	0	0	0	2	0	0	17	4	0	117	0	19	0	13	84	59	53	117	230	29	35	178	14	18	9	128	5	18	0	61	7	0	15	64	6	0	0	0	9	0	0	19	5	0	178	0	19	17	13	86	46	70	178	408
168	148	70	130	83	128	39	99	33	70	130	83	41	118	0	66	119	282	166	336	108	35	74	31	39	99	33	30	70	0	62	82	239	66	210	69	130	83	19	37	0	16	7	28	166	0	41	118	0	66	119	282	166	336	88	28	58	20	35	74	31	26	45	0	40	70	168	62	155	38	99	33	5	13	0	0	4	24	66	0	30	70	0	62	82	239	66	210	55	130	83	6	71	39	30	5	41	83	55	19	37	0	16	7	28	166	0	37	118	0	66	115	282	166	336	71	24	50	10	28	58	20	22	39	0	20	53	144	40	113	34	74	31	4	11	0	0	4	11	62	0	26	45	0	40	70	168	62	155	31	99	33	0	61	33	0	3	35	33	13	5	13	0	0	4	24	66	0	26	70	0	62	79	239	66	210	36	79	83	7	100	21	0	4	26	0	61	6	71	39	30	5	41	83	55	18	37	0	16	7	28	166	0	24	118	0	66	73	163	166	336
113	99	51	59	42	85	30	40	10	51	59	42	34	30	0	20	78	86	84	213	71	26	40	10	30	40	10	24	30	0	20	57	70	20	133	50	59	42	10	0	0	0	3	0	0	0	34	30	0	20	78	86	84	213	58	24	40	10	26	40	10	21	30	0	20	47	70	20	81	29	40	10	3	0	0	0	3	0	0	0	24	30	0	20	57	70	20	133	37	46	42	5	0	0	0	4	0	0	0	10	0	0	0	3	0	0	0	30	30	0	20	74	86	84	213	48	23	40	10	24	40	10	21	30	0	20	45	70	20	43	25	40	10	3	0	0	0	2	0	0	0	21	30	0	20	47	70	20	81	23	30	10	5	0	0	0	4	0	0	0	3	0	0	0	3	0	0	0	20	30	0	20	54	70	20	133	24	16	42	15	0	9	0	6	0	0	0	5	0	0	0	4	0	0	0	9	0	0	0	3	0	0	0	20	0	0	20	44	16	84	213
144	128	62	68	63	112	39	28	45	62	68	63	38	0	29	20	87	120	252	91	96	35	28	45	39	28	45	28	0	29	20	66	70	180	51	55	68	63	10	0	0	0	3	0	0	0	38	0	29	20	82	120	252	91	80	33	28	45	35	28	45	25	0	29	20	56	70	180	30	32	28	45	3	0	0	0	3	0	0	0	28	0	29	20	61	70	180	51	42	68	63	5	0	0	0	4	0	0	0	10	0	0	0	3	0	0	0	33	0	29	20	76	120	252	91	66	32	28	45	33	28	45	25	0	29	20	54	70	180	20	28	28	45	3	0	0	0	2	0	0	0	25	0	29	20	51	70	180	30	24	28	45	5	0	0	0	4	0	0	0	3	0	0	0	3	0	0	0	23	0	29	20	56	70	180	51	28	40	63	15	0	9	0	9	0	0	0	5	0	0	0	4	0	0	0	9	0	0	0	3	0	0	0	20	0	29	20	44	50	252	91
180	161	64	95	90	142	39	29	79	64	95	90	33	77	40	46	101	160	450	31	123	34	12	79	39	29	79	27	12	40	46	66	41	395	20	62	95	90	5	60	10	0	6	18	90	0	33	77	40	46	101	160	450	31	104	29	0	76	34	12	79	22	0	40	40	53	12	395	20	37	29	79	2	0	10	0	4	17	79	0	27	12	40	46	66	41	395	20	53	95	90	7	0	35	30	8	18	90	0	5	60	10	0	6	18	90	0	28	77	40	46	96	160	450	31	85	28	0	56	29	0	76	22	0	40	20	48	0	380	20	32	12	79	2	0	10	0	3	12	79	0	22	0	40	40	53	12	395	20	28	29	79	5	0	33	0	5	17	79	0	2	0	10	0	4	17	79	0	22	12	40	46	61	41	395	20	35	95	90	19	0	0	77	13	17	0	61	7	0	35	30	8	18	90	0	4	60	10	0	6	18	90	0	14	77	40	46	54	160	450	31
104	91	40	23	75	78	28	22	48	39	23	75	20	11	12	56	47	22	0	153	66	27	22	48	27	22	48	19	11	0	56	33	22	0	124	25	11	75	1	0	12	0	2	0	0	0	16	11	12	56	36	22	0	153	55	27	22	48	26	22	48	19	11	0	56	32	22	0	124	15	11	48	1	0	0	0	1	0	0	0	15	11	0	56	22	22	0	124	18	0	75	0	0	0	0	3	0	0	0	1	0	12	0	2	0	0	0	12	0	12	56	33	0	0	153	44	27	22	48	26	22	48	19	11	0	56	32	22	0	121	14	11	48	1	0	0	0	0	0	0	0	15	11	0	56	21	22	0	124	8	0	48	0	0	0	0	1	0	0	0	1	0	0	0	1	0	0	0	11	0	0	56	19	0	0	124	11	0	75	10	0	0	0	10	0	0	0	0	0	0	0	3	0	0	0	0	0	12	0	2	0	0	0	1	0	12	56	15	0	0	153
99	84	44	63	50	69	25	55	8	44	63	50	17	76	34	8	59	66	0	278	55	23	54	8	25	55	8	14	72	0	8	38	63	0	167	36	49	50	1	9	23	0	4	0	0	0	17	76	34	8	56	66	0	278	45	23	54	8	23	54	8	14	72	0	8	36	63	0	165	20	45	8	1	9	0	0	2	0	0	0	14	72	0	8	35	63	0	167	27	9	50	5	0	0	0	6	0	0	0	1	9	23	0	4	0	0	0	16	36	34	8	53	36	0	278	36	22	54	8	23	54	8	14	72	0	8	36	63	0	151	18	45	8	0	9	0	0	0	0	0	0	14	72	0	8	33	63	0	165	15	9	8	3	0	0	0	2	0	0	0	1	9	0	0	2	0	0	0	13	36	0	8	33	36	0	167	15	0	50	16	0	11	0	12	0	0	0	5	0	0	0	6	0	0	0	1	0	23	0	4	0	0	0	6	0	34	8	25	0	0	278
96	85	32	24	42	74	22	0	18	32	24	42	18	0	12	18	42	24	126	153	63	21	0	18	22	0	18	17	0	0	18	30	0	54	124	30	24	42	1	0	12	0	3	0	0	0	18	0	12	18	42	24	126	153	52	21	0	18	21	0	18	17	0	0	18	29	0	54	124	20	0	18	1	0	0	0	1	0	0	0	17	0	0	18	30	0	54	124	21	24	42	3	0	0	0	4	0	0	0	1	0	12	0	3	0	0	0	13	0	12	18	37	24	126	153	41	18	0	18	21	0	18	17	0	0	18	29	0	54	121	19	0	18	1	0	0	0	0	0	0	0	17	0	0	18	29	0	54	124	11	0	18	0	0	0	0	1	0	0	0	1	0	0	0	1	0	0	0	12	0	0	18	25	0	54	124	11	24	42	10	0	0	0	7	24	0	0	3	0	0	0	4	0	0	0	0	0	12	0	3	0	0	0	1	0	12	18	13	24	126	153
115	99	46	79	58	83	26	55	0	46	79	58	20	66	51	0	62	95	116	456	67	24	55	0	26	55	0	17	66	0	0	40	77	0	284	44	79	58	2	0	23	0	5	0	0	0	20	66	51	0	62	95	116	456	53	24	55	0	24	55	0	17	66	0	0	38	77	0	281	24	55	0	2	0	0	0	2	0	0	0	17	66	0	0	40	77	0	284	29	51	58	7	0	0	0	7	0	0	0	2	0	23	0	5	0	0	0	15	66	51	0	56	95	116	456	42	21	49	0	24	55	0	17	66	0	0	38	77	0	262	22	55	0	1	0	0	0	0	0	0	0	17	66	0	0	38	77	0	281	16	33	0	3	0	0	0	2	0	0	0	2	0	0	0	2	0	0	0	12	66	0	0	35	77	0	284	16	18	58	11	54	11	0	11	18	0	0	7	0	0	0	7	0	0	0	1	0	23	0	5	0	0	0	6	0	51	0	26	18	116	456
84	73	37	39	12	62	22	18	0	37	39	12	25	9	12	0	49	53	48	90	51	20	18	0	22	18	0	20	9	0	0	37	18	0	79	35	39	12	10	0	12	0	4	5	0	0	25	9	12	0	49	53	48	90	41	18	18	0	20	18	0	18	9	0	0	31	18	0	79	20	18	0	2	0	0	0	1	0	0	0	20	9	0	0	37	18	0	79	25	29	12	7	0	0	0	3	10	0	0	10	0	12	0	4	5	0	0	20	9	12	0	44	53	48	90	32	14	14	0	18	18	0	16	9	0	0	24	18	0	76	18	18	0	1	0	0	0	0	0	0	0	18	9	0	0	31	18	0	79	12	9	0	0	0	0	0	1	0	0	0	2	0	0	0	1	0	0	0	15	9	0	0	32	18	0	79	17	20	12	6	20	0	0	6	20	0	0	7	0	0	0	3	10	0	0	9	0	12	0	4	5	0	0	9	0	12	0	25	35	48	90
106	92	37	35	81	78	21	13	51	37	35	81	21	0	52	99	59	37	162	112	64	19	13	10	21	13	51	16	0	45	0	43	26	102	18	37	35	81	11	0	0	10	7	11	0	351	21	0	52	99	59	37	162	112	50	15	11	10	19	13	10	13	0	20	0	35	26	20	18	21	13	51	1	0	0	10	0	0	0	229	16	0	45	0	43	26	102	18	31	35	81	8	22	13	0	5	11	0	0	11	0	0	10	7	11	0	351	21	0	52	99	59	37	162	112	37	4	0	10	15	11	10	8	0	20	0	23	22	20	18	19	13	10	0	0	0	10	0	0	0	226	13	0	20	0	35	26	20	18	17	13	51	0	0	11	0	0	0	0	0	1	0	0	10	0	0	0	229	16	0	45	0	43	26	102	18	19	22	81	0	0	89	0	0	0	81	0	8	22	13	0	5	11	0	0	11	0	0	10	7	11	0	351	13	0	52	99	34	11	162	112
96	82	39	69	18	68	13	37	11	39	69	18	8	66	13	22	79	177	72	12	54	11	22	0	13	37	11	6	32	11	0	27	122	44	0	39	69	18	2	58	0	0	4	12	18	83	8	66	13	22	79	177	72	12	40	9	6	0	11	22	0	5	12	0	0	20	62	0	0	13	37	11	0	6	0	0	0	0	11	33	6	32	11	0	27	122	44	0	35	69	18	6	24	13	0	3	6	36	0	2	58	0	0	4	12	18	83	8	66	13	22	79	177	72	12	27	2	0	0	9	6	0	2	0	0	0	15	12	0	0	11	22	0	0	0	0	0	0	0	0	31	5	12	0	0	20	62	0	0	11	37	11	0	0	11	0	0	0	22	0	0	6	0	0	0	0	11	33	6	32	11	0	27	122	44	0	20	56	18	0	0	44	0	0	0	18	0	6	24	13	0	3	6	36	0	2	58	0	0	4	12	18	83	6	66	13	22	47	151	72	12
63	54	26	15	22	45	13	14	0	26	15	22	15	7	0	0	36	14	0	112	36	12	14	0	13	14	0	11	7	0	0	27	14	0	18	26	15	22	9	0	0	0	5	0	0	0	15	7	0	0	36	14	0	112	28	10	14	0	12	14	0	9	7	0	0	22	14	0	18	13	14	0	1	0	0	0	0	0	0	0	11	7	0	0	27	14	0	18	21	7	22	7	0	0	0	3	0	0	0	9	0	0	0	5	0	0	0	15	7	0	0	36	14	0	112	21	3	7	0	10	14	0	7	7	0	0	15	14	0	18	12	14	0	0	0	0	0	0	0	0	0	9	7	0	0	22	14	0	18	10	7	0	0	0	0	0	0	0	0	0	1	0	0	0	0	0	0	0	11	7	0	0	27	14	0	18	14	0	22	0	0	32	0	0	0	22	0	7	0	0	0	3	0	0	0	9	0	0	0	5	0	0	0	8	0	0	0	21	0	0	112
59	51	21	13	13	43	9	7	0	21	13	13	10	0	0	0	29	14	13	54	35	8	7	0	9	7	0	6	0	0	0	20	14	0	18	21	13	13	9	0	0	0	5	0	0	0	10	0	0	0	29	14	13	54	27	6	6	0	8	7	0	4	0	0	0	15	14	0	18	9	7	0	1	0	0	0	0	0	0	0	6	0	0	0	20	14	0	18	17	13	13	6	6	0	0	3	0	0	0	9	0	0	0	5	0	0	0	10	0	0	0	29	14	13	54	20	2	0	0	6	6	0	2	0	0	0	8	12	0	18	8	7	0	0	0	0	0	0	0	0	0	4	0	0	0	15	14	0	18	7	7	0	0	0	0	0	0	0	0	0	1	0	0	0	0	0	0	0	6	0	0	0	20	14	0	18	13	6	13	0	0	5	0	0	0	13	0	6	6	0	0	3	0	0	0	9	0	0	0	5	0	0	0	8	0	0	0	21	0	13	54
60	52	22	16	0	44	11	0	0	22	16	0	12	0	0	0	50	16	0	0	36	8	0	0	11	0	0	6	0	0	0	29	0	0	0	22	16	0	10	0	0	0	3	8	0	0	12	0	0	0	50	16	0	0	28	5	0	0	8	0	0	3	0	0	0	17	0	0	0	11	0	0	1	0	0	0	0	0	0	0	6	0	0	0	29	0	0	0	21	16	0	7	0	0	0	2	4	0	0	10	0	0	0	3	8	0	0	12	0	0	0	50	16	0	0	20	1	0	0	5	0	0	1	0	0	0	8	0	0	0	8	0	0	0	0	0	0	0	0	0	0	3	0	0	0	17	0	0	0	10	0	0	0	0	0	0	0	0	0	0	1	0	0	0	0	0	0	0	6	0	0	0	29	0	0	0	16	16	0	0	0	0	0	0	0	0	0	7	0	0	0	2	4	0	0	10	0	0	0	3	8	0	0	11	0	0	0	40	16	0	0
77	66	19	0	58	55	9	0	30	19	0	58	12	0	6	11	61	0	0	112	44	4	0	30	9	0	30	3	0	0	11	25	0	0	62	19	0	58	2	0	12	0	0	0	0	0	12	0	6	11	61	0	0	112	33	0	0	29	4	0	30	0	0	0	10	8	0	0	10	9	0	30	0	0	0	0	0	0	0	0	3	0	0	11	25	0	0	62	19	0	58	0	0	23	10	0	0	0	0	2	0	12	0	0	0	0	0	12	0	6	11	61	0	0	112	22	0	0	28	0	0	29	0	0	0	10	0	0	0	10	4	0	30	0	0	0	0	0	0	0	0	0	0	0	10	8	0	0	10	9	0	30	0	0	0	10	0	0	0	0	0	0	0	0	0	0	0	0	3	0	0	11	25	0	0	62	15	0	58	0	0	0	11	0	0	0	0	0	0	23	10	0	0	0	0	2	0	12	0	0	0	0	0	12	0	6	11	53	0	0	112
106	90	31	42	109	74	11	27	84	31	42	109	14	27	19	54	87	137	109	99	58	5	13	77	11	27	84	5	13	13	45	31	67	84	62	31	42	109	1	13	40	82	0	0	109	0	14	27	19	54	87	137	109	99	42	0	0	49	5	13	77	0	0	13	10	11	26	77	10	11	27	84	0	0	26	0	0	0	84	0	5	13	13	45	31	67	84	62	29	42	109	0	0	62	67	0	0	109	173	1	13	40	82	0	0	109	0	14	27	19	54	87	137	109	99	27	0	0	44	0	0	49	0	0	12	10	0	0	49	10	5	13	77	0	0	24	0	0	0	77	0	0	0	13	10	11	26	77	10	11	27	84	0	0	39	59	0	0	84	112	0	0	26	0	0	0	84	0	5	13	13	45	31	67	84	62	21	27	109	0	0	0	57	0	0	0	0	0	0	62	67	0	0	109	173	1	13	40	82	0	0	109	0	14	27	19	54	70	107	109	99
61	52	21	14	22	43	7	0	12	21	14	22	12	0	6	0	67	42	44	18	34	2	0	12	7	0	12	3	0	0	0	21	0	24	11	21	14	22	2	0	12	0	0	0	0	0	12	0	6	0	67	42	44	18	25	0	0	12	2	0	12	0	0	0	0	4	0	24	0	7	0	12	0	0	0	0	0	0	0	0	3	0	0	0	21	0	24	11	21	14	22	0	0	6	0	0	0	0	0	2	0	12	0	0	0	0	0	12	0	6	0	67	42	44	18	16	0	0	11	0	0	12	0	0	0	0	0	0	24	0	2	0	12	0	0	0	0	0	0	0	0	0	0	0	0	4	0	24	0	7	0	12	0	0	0	0	0	0	0	0	0	0	0	0	0	0	0	0	3	0	0	0	21	0	24	11	19	14	22	0	0	0	11	0	0	0	0	0	0	6	0	0	0	0	0	2	0	12	0	0	0	0	0	12	0	6	0	63	42	44	18
84	71	28	47	33	58	4	7	33	28	47	33	4	35	21	0	77	141	165	0	45	1	0	33	4	7	33	1	0	21	0	12	21	165	0	28	47	33	1	0	13	0	0	0	33	0	4	35	21	0	77	141	165	0	32	0	0	32	1	0	33	0	0	21	0	2	0	165	0	4	7	33	0	0	13	0	0	0	33	0	1	0	21	0	12	21	165	0	28	47	33	0	0	0	12	0	0	0	0	1	0	13	0	0	0	33	0	4	35	21	0	77	141	165	0	19	0	0	29	0	0	32	0	0	20	0	0	0	160	0	1	0	33	0	0	13	0	0	0	33	0	0	0	21	0	2	0	165	0	4	7	33	0	0	0	10	0	0	0	0	0	0	13	0	0	0	33	0	1	0	21	0	12	21	165	0	24	47	33	0	0	0	31	0	0	0	0	0	0	0	12	0	0	0	0	1	0	13	0	0	0	33	0	4	35	21	0	69	141	165	0
53	45	24	13	10	37	6	6	0	24	13	10	11	6	6	0	72	58	10	18	29	2	0	0	6	6	0	3	0	0	0	17	24	0	11	24	13	10	2	0	12	0	0	0	10	0	11	6	6	0	72	58	10	18	21	0	0	0	2	0	0	0	0	0	0	4	0	0	0	6	6	0	0	0	0	0	0	0	0	0	3	0	0	0	17	24	0	11	24	13	10	0	0	6	0	0	0	0	0	2	0	12	0	0	0	10	0	11	6	6	0	72	58	10	18	13	0	0	0	0	0	0	0	0	0	0	0	0	0	0	2	0	0	0	0	0	0	0	0	0	0	0	0	0	0	4	0	0	0	6	6	0	0	0	0	0	0	0	0	0	0	0	0	0	0	0	0	0	3	0	0	0	17	24	0	11	18	13	10	0	0	0	0	0	0	0	0	0	0	6	0	0	0	0	0	2	0	12	0	0	0	10	0	11	6	6	0	59	58	10	18
74	61	27	36	59	48	1	0	49	27	36	59	2	0	63	34	58	90	236	33	35	0	0	49	1	0	49	0	0	54	34	1	0	196	33	27	36	59	0	0	13	0	0	0	0	0	2	0	63	34	58	90	236	33	22	0	0	49	0	0	49	0	0	54	34	0	0	196	33	1	0	49	0	0	13	0	0	0	0	0	0	0	54	34	1	0	196	33	27	36	59	0	0	0	0	0	0	0	0	0	0	13	0	0	0	0	0	2	0	63	34	58	90	236	33	9	0	0	44	0	0	49	0	0	54	32	0	0	196	32	0	0	49	0	0	13	0	0	0	0	0	0	0	54	34	0	0	196	33	1	0	49	0	0	0	0	0	0	0	0	0	0	13	0	0	0	0	0	0	0	54	34	1	0	196	33	16	36	59	0	0	0	48	0	0	0	0	0	0	0	0	0	0	0	0	0	0	13	0	0	0	0	0	2	0	63	34	38	90	236	33
79	65	32	45	43	51	2	0	6	32	45	43	3	0	46	24	73	135	215	174	37	0	0	0	2	0	6	0	0	12	0	4	0	30	129	32	45	43	0	0	23	0	0	0	0	18	3	0	46	24	73	135	215	174	23	0	0	0	0	0	0	0	0	0	0	0	0	0	122	2	0	6	0	0	6	0	0	0	0	11	0	0	12	0	4	0	30	129	32	45	43	0	0	0	0	0	0	0	0	0	0	23	0	0	0	0	18	3	0	46	24	73	135	215	174	9	0	0	0	0	0	0	0	0	0	0	0	0	0	93	0	0	0	0	0	0	0	0	0	0	0	0	0	0	0	0	0	0	122	2	0	6	0	0	0	0	0	0	0	0	0	0	6	0	0	0	0	11	0	0	12	0	4	0	30	129	15	45	43	0	0	0	0	0	0	0	0	0	0	0	0	0	0	0	0	0	0	23	0	0	0	0	18	3	0	46	24	37	135	215	174
41	34	16	6	14	27	0	0	0	16	6	14	0	0	7	0	38	6	14	55	20	0	0	0	0	0	0	0	0	0	0	0	0	0	45	16	6	14	0	0	0	0	0	0	0	0	0	0	7	0	38	6	14	55	13	0	0	0	0	0	0	0	0	0	0	0	0	0	45	0	0	0	0	0	0	0	0	0	0	0	0	0	0	0	0	0	0	45	16	6	14	0	0	0	0	0	0	0	0	0	0	0	0	0	0	0	0	0	0	7	0	38	6	14	55	6	0	0	0	0	0	0	0	0	0	0	0	0	0	44	0	0	0	0	0	0	0	0	0	0	0	0	0	0	0	0	0	0	45	0	0	0	0	0	0	0	0	0	0	0	0	0	0	0	0	0	0	0	0	0	0	0	0	0	0	45	15	6	14	0	0	0	0	0	0	0	0	0	0	0	0	0	0	0	0	0	0	0	0	0	0	0	0	0	0	7	0	37	6	14	55
40	33	17	10	7	26	0	0	0	17	10	7	0	0	7	0	39	15	14	33	19	0	0	0	0	0	0	0	0	0	0	0	0	0	33	17	10	7	0	0	0	0	0	0	0	0	0	0	7	0	39	15	14	33	12	0	0	0	0	0	0	0	0	0	0	0	0	0	33	0	0	0	0	0	0	0	0	0	0	0	0	0	0	0	0	0	0	33	17	10	7	0	0	0	0	0	0	0	0	0	0	0	0	0	0	0	0	0	0	7	0	39	15	14	33	5	0	0	0	0	0	0	0	0	0	0	0	0	0	32	0	0	0	0	0	0	0	0	0	0	0	0	0	0	0	0	0	0	33	0	0	0	0	0	0	0	0	0	0	0	0	0	0	0	0	0	0	0	0	0	0	0	0	0	0	33	14	10	7	0	0	0	0	0	0	0	0	0	0	0	0	0	0	0	0	0	0	0	0	0	0	0	0	0	0	7	0	35	15	14	33
45	37	19	15	7	29	0	0	0	19	15	7	0	0	7	0	42	30	21	33	21	0	0	0	0	0	0	0	0	0	0	0	0	0	33	19	15	7	0	0	0	0	0	0	0	0	0	0	7	0	42	30	21	33	13	0	0	0	0	0	0	0	0	0	0	0	0	0	33	0	0	0	0	0	0	0	0	0	0	0	0	0	0	0	0	0	0	33	19	15	7	0	0	0	0	0	0	0	0	0	0	0	0	0	0	0	0	0	0	7	0	42	30	21	33	5	0	0	0	0	0	0	0	0	0	0	0	0	0	32	0	0	0	0	0	0	0	0	0	0	0	0	0	0	0	0	0	0	33	0	0	0	0	0	0	0	0	0	0	0	0	0	0	0	0	0	0	0	0	0	0	0	0	0	0	33	13	15	7	0	0	0	0	0	0	0	0	0	0	0	0	0	0	0	0	0	0	0	0	0	0	0	0	0	0	7	0	32	30	21	33
77	61	24	39	106	45	0	0	74	24	39	106	0	0	87	86	38	78	318	109	29	0	0	47	0	0	74	0	0	84	32	0	0	222	55	24	39	106	0	0	0	65	0	0	0	142	0	0	87	86	38	78	318	109	13	0	0	39	0	0	47	0	0	64	26	0	0	141	49	0	0	74	0	0	0	39	0	0	0	117	0	0	84	32	0	0	222	55	18	39	106	0	0	0	26	0	0	0	18	0	0	0	65	0	0	0	142	0	0	87	86	38	78	318	109	0	0	0	37	0	0	39	0	0	52	26	0	0	117	49	0	0	47	0	0	0	37	0	0	0	110	0	0	64	26	0	0	141	49	0	0	74	0	0	0	22	0	0	0	11	0	0	0	39	0	0	0	117	0	0	84	32	0	0	222	55	0	0	106	0	0	0	22	0	0	0	0	0	0	0	26	0	0	0	18	0	0	0	65	0	0	0	142	0	0	87	86	0	0	318	109
68	54	17	24	78	40	0	0	48	17	24	78	0	0	14	28	30	36	156	116	26	0	0	48	0	0	48	0	0	13	28	0	0	96	55	17	24	78	0	0	0	0	0	0	0	0	0	0	14	28	30	36	156	116	12	0	0	48	0	0	48	0	0	13	28	0	0	96	49	0	0	48	0	0	0	0	0	0	0	0	0	0	13	28	0	0	96	55	14	24	78	0	0	0	0	0	0	0	0	0	0	0	0	0	0	0	0	0	0	14	28	30	36	156	116	0	0	0	48	0	0	48	0	0	13	28	0	0	96	49	0	0	48	0	0	0	0	0	0	0	0	0	0	13	28	0	0	96	49	0	0	48	0	0	0	0	0	0	0	0	0	0	0	0	0	0	0	0	0	0	13	28	0	0	96	55	0	0	78	0	0	0	0	0	0	0	0	0	0	0	0	0	0	0	0	0	0	0	0	0	0	0	0	0	0	14	28	0	0	156	116
56	44	21	32	36	32	0	0	16	21	32	36	0	0	11	16	25	72	144	102	20	0	0	6	0	0	16	0	0	10	6	0	0	64	55	21	32	36	0	0	0	24	0	0	0	10	0	0	11	16	25	72	144	102	8	0	0	0	0	0	6	0	0	6	0	0	0	24	49	0	0	16	0	0	0	0	0	0	0	0	0	0	10	6	0	0	64	55	12	32	36	0	0	0	0	0	0	0	18	0	0	0	24	0	0	0	10	0	0	11	16	25	72	144	102	0	0	0	0	0	0	0	0	0	0	0	0	0	0	49	0	0	6	0	0	0	0	0	0	0	0	0	0	6	0	0	0	24	49	0	0	16	0	0	0	0	0	0	0	11	0	0	0	0	0	0	0	0	0	0	10	6	0	0	64	55	0	0	36	0	0	0	0	0	0	0	0	0	0	0	0	0	0	0	18	0	0	0	24	0	0	0	10	0	0	11	16	0	0	144	102
49	39	15	9	34	29	0	0	0	15	9	34	0	0	0	0	31	9	34	130	19	0	0	0	0	0	0	0	0	0	0	0	0	0	55	15	9	34	0	0	0	0	0	0	0	0	0	0	0	0	31	9	34	130	9	0	0	0	0	0	0	0	0	0	0	0	0	0	49	0	0	0	0	0	0	0	0	0	0	0	0	0	0	0	0	0	0	55	14	9	34	0	0	0	0	0	0	0	0	0	0	0	0	0	0	0	0	0	0	0	0	31	9	34	130	0	0	0	0	0	0	0	0	0	0	0	0	0	0	49	0	0	0	0	0	0	0	0	0	0	0	0	0	0	0	0	0	0	49	0	0	0	0	0	0	0	0	0	0	0	0	0	0	0	0	0	0	0	0	0	0	0	0	0	0	55	0	0	34	0	0	0	0	0	0	0	0	0	0	0	0	0	0	0	0	0	0	0	0	0	0	0	0	0	0	0	0	0	0	34	130
45	35	23	25	9	25	0	0	0	23	25	9	0	0	0	0	20	65	45	43	15	0	0	0	0	0	0	0	0	0	0	0	0	0	6	23	25	9	0	0	0	0	0	0	0	0	0	0	0	0	20	65	45	43	5	0	0	0	0	0	0	0	0	0	0	0	0	0	0	0	0	0	0	0	0	0	0	0	0	0	0	0	0	0	0	0	0	6	10	25	9	0	0	0	0	0	0	0	0	0	0	0	0	0	0	0	0	0	0	0	0	19	65	45	43	0	0	0	0	0	0	0	0	0	0	0	0	0	0	0	0	0	0	0	0	0	0	0	0	0	0	0	0	0	0	0	0	0	0	0	0	0	0	0	0	0	0	0	0	0	0	0	0	0	0	0	0	0	0	0	0	0	0	0	0	6	0	0	9	0	0	0	0	0	0	0	0	0	0	0	0	0	0	0	0	0	0	0	0	0	0	0	0	0	0	0	0	0	0	45	43
67	50	15	16	146	33	0	0	96	15	16	146	0	0	32	44	1	0	146	263	16	0	0	95	0	0	96	0	0	32	42	0	0	96	138	15	16	146	0	0	0	13	0	0	0	0	0	0	32	44	1	0	146	263	0	0	0	94	0	0	95	0	0	32	41	0	0	95	101	0	0	96	0	0	0	13	0	0	0	0	0	0	32	42	0	0	96	138	0	0	146	0	0	0	15	0	0	0	0	0	0	0	13	0	0	0	0	0	0	32	44	0	0	146	263	0	0	0	89	0	0	94	0	0	32	39	0	0	94	87	0	0	95	0	0	0	13	0	0	0	0	0	0	32	41	0	0	95	101	0	0	96	0	0	0	13	0	0	0	0	0	0	0	13	0	0	0	0	0	0	32	42	0	0	96	138	0	0	0	0	0	0	62	0	0	0	0	0	0	0	15	0	0	0	0	0	0	0	13	0	0	0	0	0	0	0	44	0	0	0	263
56	41	18	44	78	26	1	0	72	18	44	78	4	0	68	16	3	11	312	9	11	0	0	72	1	0	72	0	0	68	16	0	0	288	0	16	44	78	0	0	9	0	0	0	0	0	4	0	68	16	3	11	312	9	0	0	0	71	0	0	72	0	0	68	15	0	0	288	0	0	0	72	0	0	9	0	0	0	0	0	0	0	68	16	0	0	288	0	0	0	78	0	0	0	15	0	0	0	0	0	0	9	0	0	0	0	0	0	0	68	16	0	0	312	9	0	0	0	67	0	0	71	0	0	68	13	0	0	284	0	0	0	72	0	0	9	0	0	0	0	0	0	0	68	15	0	0	288	0	0	0	72	0	0	0	13	0	0	0	0	0	0	9	0	0	0	0	0	0	0	68	16	0	0	288	0	0	0	0	0	0	0	44	0	0	0	0	0	0	0	15	0	0	0	0	0	0	0	0	0	0	0	0	0	0	0	16	0	0	0	9
74	55	16	34	140	36	0	0	98	16	34	140	0	0	48	52	1	0	280	229	17	0	0	96	0	0	98	0	0	48	49	0	0	196	138	16	34	140	0	0	0	23	0	0	0	0	0	0	48	52	1	0	280	229	0	0	0	75	0	0	96	0	0	48	27	0	0	192	101	0	0	98	0	0	0	6	0	0	0	0	0	0	48	49	0	0	196	138	0	0	140	0	0	0	67	0	0	0	109	0	0	0	23	0	0	0	0	0	0	48	52	0	0	280	229	0	0	0	37	0	0	75	0	0	48	13	0	0	150	87	0	0	96	0	0	0	0	0	0	0	0	0	0	48	27	0	0	192	101	0	0	98	0	0	0	13	0	0	0	84	0	0	0	6	0	0	0	0	0	0	48	49	0	0	196	138	0	0	0	0	0	0	64	0	0	0	134	0	0	0	67	0	0	0	109	0	0	0	23	0	0	0	0	0	0	0	52	0	0	0	229
37	27	10	21	26	17	0	0	0	10	21	26	0	0	0	0	1	0	78	151	7	0	0	0	0	0	0	0	0	0	0	0	0	0	90	10	21	26	0	0	0	0	0	0	0	0	0	0	0	0	1	0	78	151	0	0	0	0	0	0	0	0	0	0	0	0	0	0	53	0	0	0	0	0	0	0	0	0	0	0	0	0	0	0	0	0	0	90	0	0	26	0	0	0	0	0	0	0	0	0	0	0	0	0	0	0	0	0	0	0	0	0	0	78	151	0	0	0	0	0	0	0	0	0	0	0	0	0	0	39	0	0	0	0	0	0	0	0	0	0	0	0	0	0	0	0	0	0	53	0	0	0	0	0	0	0	0	0	0	0	0	0	0	0	0	0	0	0	0	0	0	0	0	0	0	90	0	0	0	0	0	0	0	0	0	0	0	0	0	0	0	0	0	0	0	0	0	0	0	0	0	0	0	0	0	0	0	0	0	0	151
33	24	10	18	13	15	0	0	0	10	18	13	0	0	0	0	1	0	39	45	6	0	0	0	0	0	0	0	0	0	0	0	0	0	16	10	18	13	0	0	0	0	0	0	0	0	0	0	0	0	1	0	39	45	0	0	0	0	0	0	0	0	0	0	0	0	0	0	6	0	0	0	0	0	0	0	0	0	0	0	0	0	0	0	0	0	0	16	0	0	13	0	0	0	0	0	0	0	0	0	0	0	0	0	0	0	0	0	0	0	0	0	0	39	45	0	0	0	0	0	0	0	0	0	0	0	0	0	0	0	0	0	0	0	0	0	0	0	0	0	0	0	0	0	0	0	0	0	6	0	0	0	0	0	0	0	0	0	0	0	0	0	0	0	0	0	0	0	0	0	0	0	0	0	0	16	0	0	0	0	0	0	0	0	0	0	0	0	0	0	0	0	0	0	0	0	0	0	0	0	0	0	0	0	0	0	0	0	0	0	45
39	26	2	0	112	13	0	0	46	2	0	112	0	0	10	88	0	0	0	403	0	0	0	46	0	0	46	0	0	9	88	0	0	0	266	0	0	112	0	0	0	0	0	0	0	0	0	0	10	88	0	0	0	403	0	0	0	46	0	0	46	0	0	9	88	0	0	0	263	0	0	46	0	0	0	0	0	0	0	0	0	0	9	88	0	0	0	266	0	0	0	0	0	0	0	0	0	0	0	0	0	0	0	0	0	0	0	0	0	0	88	0	0	0	403	0	0	0	46	0	0	46	0	0	9	88	0	0	0	240	0	0	46	0	0	0	0	0	0	0	0	0	0	9	88	0	0	0	263	0	0	0	0	0	0	0	0	0	0	0	0	0	0	0	0	0	0	0	0	0	0	88	0	0	0	266	0	0	0	0	0	0	0	0	0	0	0	0	0	0	0	0	0	0	0	0	0	0	0	0	0	0	0	0	0	0	0	0	0	0	0
24	16	1	0	55	8	0	0	11	1	0	55	0	0	0	33	0	0	0	257	0	0	0	11	0	0	11	0	0	0	33	0	0	0	170	0	0	55	0	0	0	0	0	0	0	0	0	0	0	33	0	0	0	257	0	0	0	11	0	0	11	0	0	0	33	0	0	0	168	0	0	11	0	0	0	0	0	0	0	0	0	0	0	33	0	0	0	170	0	0	0	0	0	0	0	0	0	0	0	0	0	0	0	0	0	0	0	0	0	0	33	0	0	0	257	0	0	0	11	0	0	11	0	0	0	33	0	0	0	146	0	0	11	0	0	0	0	0	0	0	0	0	0	0	33	0	0	0	168	0	0	0	0	0	0	0	0	0	0	0	0	0	0	0	0	0	0	0	0	0	0	33	0	0	0	170	0	0	0	0	0	0	0	0	0	0	0	0	0	0	0	0	0	0	0	0	0	0	0	0	0	0	0	0	0	0	0	0	0	0	0
24	16	4	0	34	8	0	0	9	4	0	34	0	0	10	9	0	0	0	117	0	0	0	9	0	0	9	0	0	9	9	0	0	0	72	0	0	34	0	0	0	0	0	0	0	0	0	0	10	9	0	0	0	117	0	0	0	9	0	0	9	0	0	9	9	0	0	0	72	0	0	9	0	0	0	0	0	0	0	0	0	0	9	9	0	0	0	72	0	0	0	0	0	0	0	0	0	0	0	0	0	0	0	0	0	0	0	0	0	0	9	0	0	0	117	0	0	0	9	0	0	9	0	0	9	9	0	0	0	71	0	0	9	0	0	0	0	0	0	0	0	0	0	9	9	0	0	0	72	0	0	0	0	0	0	0	0	0	0	0	0	0	0	0	0	0	0	0	0	0	0	9	0	0	0	72	0	0	0	0	0	0	0	0	0	0	0	0	0	0	0	0	0	0	0	0	0	0	0	0	0	0	0	0	0	0	0	0	0	0	0
20	13	3	6	21	6	0	0	9	3	6	21	0	0	10	9	0	0	21	78	0	0	0	9	0	0	9	0	0	9	9	0	0	9	72	0	0	21	0	0	0	0	0	0	0	0	0	0	10	9	0	0	21	78	0	0	0	9	0	0	9	0	0	9	9	0	0	9	72	0	0	9	0	0	0	0	0	0	0	0	0	0	9	9	0	0	9	72	0	0	0	0	0	0	0	0	0	0	0	0	0	0	0	0	0	0	0	0	0	0	9	0	0	0	78	0	0	0	9	0	0	9	0	0	9	9	0	0	9	71	0	0	9	0	0	0	0	0	0	0	0	0	0	9	9	0	0	9	72	0	0	0	0	0	0	0	0	0	0	0	0	0	0	0	0	0	0	0	0	0	0	9	0	0	0	72	0	0	0	0	0	0	0	0	0	0	0	0	0	0	0	0	0	0	0	0	0	0	0	0	0	0	0	0	0	0	0	0	0	0	0
16	10	3	8	21	4	0	0	20	3	8	21	0	0	21	9	0	0	42	0	0	0	0	20	0	0	20	0	0	20	9	0	0	40	0	0	0	21	0	0	0	0	0	0	0	0	0	0	21	9	0	0	42	0	0	0	0	20	0	0	20	0	0	20	9	0	0	40	0	0	0	20	0	0	0	0	0	0	0	0	0	0	20	9	0	0	40	0	0	0	0	0	0	0	0	0	0	0	0	0	0	0	0	0	0	0	0	0	0	0	9	0	0	0	0	0	0	0	20	0	0	20	0	0	20	9	0	0	40	0	0	0	20	0	0	0	0	0	0	0	0	0	0	20	9	0	0	40	0	0	0	0	0	0	0	0	0	0	0	0	0	0	0	0	0	0	0	0	0	0	0	9	0	0	0	0	0	0	0	0	0	0	0	0	0	0	0	0	0	0	0	0	0	0	0	0	0	0	0	0	0	0	0	0	0	0	0	0	0	0	0
24	11	7	22	117	0	0	0	117	0	0	117	0	0	46	0	0	0	234	0	0	0	0	117	0	0	117	0	0	46	0	0	0	234	0	0	0	0	0	0	0	0	0	0	0	0	0	0	0	0	0	0	0	0	0	0	0	117	0	0	117	0	0	46	0	0	0	234	0	0	0	0	0	0	0	0	0	0	0	0	0	0	0	0	0	0	0	0	0	0	0	0	0	0	0	0	0	0	0	0	0	0	0	0	0	0	0	0	0	0	0	0	0	0	0	0	0	0	117	0	0	117	0	0	46	0	0	0	234	0	0	0	0	0	0	0	0	0	0	0	0	0	0	0	0	0	0	0	0	0	0	0	0	0	0	0	0	0	0	0	0	0	0	0	0	0	0	0	0	0	0	0	0	0	0	0	0	0	0	0	0	0	0	0	0	0	0	0	0	0	0	0	0	0	0	0	0	0	0	0	0	0	0	0	0	0	0	0	0	0	0
16	7	7	14	46	0	0	0	46	0	0	46	0	0	46	0	0	0	92	0	0	0	0	46	0	0	46	0	0	46	0	0	0	92	0	0	0	0	0	0	0	0	0	0	0	0	0	0	0	0	0	0	0	0	0	0	0	46	0	0	46	0	0	46	0	0	0	92	0	0	0	0	0	0	0	0	0	0	0	0	0	0	0	0	0	0	0	0	0	0	0	0	0	0	0	0	0	0	0	0	0	0	0	0	0	0	0	0	0	0	0	0	0	0	0	0	0	0	46	0	0	46	0	0	46	0	0	0	92	0	0	0	0	0	0	0	0	0	0	0	0	0	0	0	0	0	0	0	0	0	0	0	0	0	0	0	0	0	0	0	0	0	0	0	0	0	0	0	0	0	0	0	0	0	0	0	0	0	0	0	0	0	0	0	0	0	0	0	0	0	0	0	0	0	0	0	0	0	0	0	0	0	0	0	0	0	0	0	0	0	0
16	8	1	0	57	0	0	0	42	0	0	57	0	0	0	51	0	0	0	42	0	0	0	41	0	0	42	0	0	0	47	0	0	0	29	0	0	0	0	0	0	9	0	0	0	0	0	0	0	51	0	0	0	42	0	0	0	41	0	0	41	0	0	0	47	0	0	0	29	0	0	0	0	0	0	9	0	0	0	0	0	0	0	47	0	0	0	29	0	0	0	0	0	0	0	0	0	0	0	0	0	0	9	0	0	0	0	0	0	0	0	0	0	0	0	0	0	0	41	0	0	41	0	0	0	47	0	0	0	29	0	0	0	0	0	0	9	0	0	0	0	0	0	0	47	0	0	0	29	0	0	0	0	0	0	0	0	0	0	0	0	0	0	9	0	0	0	0	0	0	0	0	0	0	0	0	0	0	0	0	0	0	0	0	0	0	0	0	0	0	0	0	0	0	0	0	0	0	0	0	0	0	0	0	0	0	0	0	0	0	0
12	6	4	0	25	0	0	0	21	0	0	25	0	0	10	0	0	0	0	21	0	0	0	21	0	0	21	0	0	10	0	0	0	0	20	0	0	0	0	0	0	0	0	0	0	0	0	0	0	0	0	0	0	21	0	0	0	21	0	0	21	0	0	10	0	0	0	0	20	0	0	0	0	0	0	0	0	0	0	0	0	0	0	0	0	0	0	20	0	0	0	0	0	0	0	0	0	0	0	0	0	0	0	0	0	0	0	0	0	0	0	0	0	0	0	0	0	0	21	0	0	21	0	0	10	0	0	0	0	20	0	0	0	0	0	0	0	0	0	0	0	0	0	0	0	0	0	0	20	0	0	0	0	0	0	0	0	0	0	0	0	0	0	0	0	0	0	0	0	0	0	0	0	0	0	0	0	0	0	0	0	0	0	0	0	0	0	0	0	0	0	0	0	0	0	0	0	0	0	0	0	0	0	0	0	0	0	0	0	0	0
19	9	6	9	52	0	0	0	52	0	0	52	0	0	24	0	0	0	52	0	0	0	0	52	0	0	52	0	0	24	0	0	0	52	0	0	0	0	0	0	0	0	0	0	0	0	0	0	0	0	0	0	0	0	0	0	0	52	0	0	52	0	0	24	0	0	0	52	0	0	0	0	0	0	0	0	0	0	0	0	0	0	0	0	0	0	0	0	0	0	0	0	0	0	0	0	0	0	0	0	0	0	0	0	0	0	0	0	0	0	0	0	0	0	0	0	0	0	52	0	0	52	0	0	24	0	0	0	52	0	0	0	0	0	0	0	0	0	0	0	0	0	0	0	0	0	0	0	0	0	0	0	0	0	0	0	0	0	0	0	0	0	0	0	0	0	0	0	0	0	0	0	0	0	0	0	0	0	0	0	0	0	0	0	0	0	0	0	0	0	0	0	0	0	0	0	0	0	0	0	0	0	0	0	0	0	0	0	0	0	0
6	0	0	0	62	0	0	0	35	0	0	0	0	0	0	104	0	0	0	163	0	0	0	35	0	0	0	0	0	0	104	0	0	0	163	0	0	0	0	0	0	0	0	0	0	0	0	0	0	0	0	0	0	0	0	0	0	35	0	0	0	0	0	0	104	0	0	0	163	0	0	0	0	0	0	0	0	0	0	0	0	0	0	0	0	0	0	0	0	0	0	0	0	0	0	0	0	0	0	0	0	0	0	0	0	0	0	0	0	0	0	0	0	0	0	0	0	0	35	0	0	0	0	0	0	104	0	0	0	163	0	0	0	0	0	0	0	0	0	0	0	0	0	0	0	0	0	0	0	0	0	0	0	0	0	0	0	0	0	0	0	0	0	0	0	0	0	0	0	0	0	0	0	0	0	0	0	0	0	0	0	0	0	0	0	0	0	0	0	0	0	0	0	0	0	0	0	0	0	0	0	0	0	0	0	0	0	0	0	0	0
5	0	0	0	40	0	0	0	11	0	0	0	0	0	0	22	0	0	0	215	0	0	0	11	0	0	0	0	0	0	22	0	0	0	215	0	0	0	0	0	0	0	0	0	0	0	0	0	0	0	0	0	0	0	0	0	0	11	0	0	0	0	0	0	22	0	0	0	215	0	0	0	0	0	0	0	0	0	0	0	0	0	0	0	0	0	0	0	0	0	0	0	0	0	0	0	0	0	0	0	0	0	0	0	0	0	0	0	0	0	0	0	0	0	0	0	0	0	11	0	0	0	0	0	0	22	0	0	0	215	0	0	0	0	0	0	0	0	0	0	0	0	0	0	0	0	0	0	0	0	0	0	0	0	0	0	0	0	0	0	0	0	0	0	0	0	0	0	0	0	0	0	0	0	0	0	0	0	0	0	0	0	0	0	0	0	0	0	0	0	0	0	0	0	0	0	0	0	0	0	0	0	0	0	0	0	0	0	0	0	0
