238	233	22	6	0	228	14	6	0	22	6	0	8	0	0	0	53	16	0	0	223	14	6	0	14	6	0	8	0	0	0	37	16	0	0	22	6	0	3	0	0	0	8	0	0	0	8	0	0	0	53	16	0	0	218	14	6	0	14	6	0	8	0	0	0	37	16	0	0	14	6	0	3	0	0	0	3	0	0	0	8	0	0	0	37	16	0	0	22	6	0	3	0	0	0	12	0	0	0	3	0	0	0	8	0	0	0	8	0	0	0	53	16	0	0	213	14	6	0	14	6	0	8	0	0	0	37	16	0	0	14	6	0	3	0	0	0	3	0	0	0	8	0	0	0	37	16	0	0	14	6	0	3	0	0	0	4	0	0	0	3	0	0	0	3	0	0	0	8	0	0	0	37	16	0	0	22	6	0	10	0	0	0	1	0	0	0	3	0	0	0	12	0	0	0	3	0	0	0	8	0	0	0	8	0	0	0	53	16	0	0
421	412	51	27	0	403	35	26	0	51	27	0	32	7	0	0	126	72	0	0	394	34	26	0	35	26	0	28	7	0	0	100	70	0	0	51	27	0	9	0	0	0	10	7	0	0	32	7	0	0	126	72	0	0	385	34	26	0	34	26	0	28	7	0	0	98	70	0	0	35	26	0	9	0	0	0	6	7	0	0	28	7	0	0	100	70	0	0	51	27	0	8	0	0	0	18	0	0	0	9	0	0	0	10	7	0	0	32	7	0	0	126	72	0	0	376	34	26	0	34	26	0	28	7	0	0	98	70	0	0	34	26	0	9	0	0	0	6	7	0	0	28	7	0	0	98	70	0	0	35	26	0	8	0	0	0	10	0	0	0	9	0	0	0	6	7	0	0	28	7	0	0	100	70	0	0	51	27	0	17	0	0	0	3	0	0	0	8	0	0	0	18	0	0	0	9	0	0	0	10	7	0	0	32	7	0	0	126	72	0	0
584	571	68	66	0	558	41	59	0	68	66	0	32	47	0	0	167	183	0	0	545	39	56	0	41	59	0	27	44	0	0	119	166	0	0	68	66	0	15	24	0	0	15	18	0	0	32	47	0	0	167	183	0	0	532	35	53	0	39	56	0	24	44	0	0	112	160	0	0	41	59	0	7	24	0	0	7	12	0	0	27	44	0	0	119	166	0	0	68	66	0	11	21	0	0	15	29	0	0	15	24	0	0	15	18	0	0	32	47	0	0	167	183	0	0	519	34	43	0	35	53	0	23	41	0	0	100	150	0	0	39	56	0	7	24	0	0	7	12	0	0	24	44	0	0	112	160	0	0	41	59	0	6	12	0	0	7	20	0	0	7	24	0	0	7	12	0	0	27	44	0	0	119	166	0	0	68	66	0	17	43	0	0	5	8	0	0	11	21	0	0	15	29	0	0	15	24	0	0	15	18	0	0	32	47	0	0	167	183	0	0
726	709	94	127	0	692	52	109	0	94	127	0	44	123	0	0	251	414	0	0	675	48	103	0	52	109	0	35	113	0	0	161	376	0	0	94	127	0	18	60	0	0	16	31	0	0	44	123	0	0	251	414	0	0	658	42	98	0	48	103	0	28	107	0	0	149	357	0	0	52	109	0	6	56	0	0	7	21	0	0	35	113	0	0	161	376	0	0	94	127	0	12	42	0	0	17	44	0	0	18	60	0	0	16	31	0	0	44	123	0	0	251	414	0	0	641	40	91	0	42	98	0	27	103	0	0	131	338	0	0	48	103	0	6	54	0	0	7	21	0	0	28	107	0	0	149	357	0	0	52	109	0	4	35	0	0	6	29	0	0	6	56	0	0	7	21	0	0	35	113	0	0	161	376	0	0	94	127	0	26	50	0	0	11	24	0	0	12	42	0	0	17	44	0	0	18	60	0	0	16	31	0	0	44	123	0	0	251	414	0	0
552	540	65	58	0	528	43	47	0	65	58	0	35	33	0	0	172	160	0	0	516	43	47	0	43	47	0	35	33	0	0	126	144	0	0	65	58	0	9	0	0	0	13	0	0	0	35	33	0	0	172	160	0	0	504	43	47	0	43	47	0	35	33	0	0	126	144	0	0	43	47	0	9	0	0	0	7	0	0	0	35	33	0	0	126	144	0	0	65	58	0	8	0	0	0	18	0	0	0	9	0	0	0	13	0	0	0	35	33	0	0	172	160	0	0	492	43	47	0	43	47	0	35	33	0	0	126	144	0	0	43	47	0	9	0	0	0	7	0	0	0	35	33	0	0	126	144	0	0	43	47	0	8	0	0	0	10	0	0	0	9	0	0	0	7	0	0	0	35	33	0	0	126	144	0	0	65	58	0	17	0	0	0	4	0	0	0	8	0	0	0	18	0	0	0	9	0	0	0	13	0	0	0	35	33	0	0	172	160	0	0
396	387	48	26	6	378	28	20	0	48	26	6	24	24	0	0	128	86	0	0	369	28	20	0	28	20	0	24	24	0	0	82	68	0	0	48	26	6	6	0	0	0	7	0	0	0	24	24	0	0	128	86	0	0	360	28	20	0	28	20	0	24	24	0	0	82	68	0	0	28	20	0	6	0	0	0	4	0	0	0	24	24	0	0	82	68	0	0	48	26	6	5	0	0	0	6	0	0	0	6	0	0	0	7	0	0	0	24	24	0	0	128	86	0	0	351	28	20	0	28	20	0	24	24	0	0	82	68	0	0	28	20	0	6	0	0	0	4	0	0	0	24	24	0	0	82	68	0	0	28	20	0	5	0	0	0	6	0	0	0	6	0	0	0	4	0	0	0	24	24	0	0	82	68	0	0	48	26	6	7	0	0	0	3	0	0	0	5	0	0	0	6	0	0	0	6	0	0	0	7	0	0	0	24	24	0	0	128	86	0	0
557	545	68	54	3	533	38	45	0	68	54	3	31	30	0	0	179	152	3	0	521	37	45	0	38	45	0	28	30	0	0	103	129	0	0	68	54	3	0	0	0	0	7	5	0	0	31	30	0	0	179	152	3	0	509	37	45	0	37	45	0	28	30	0	0	103	129	0	0	38	45	0	0	0	0	0	0	0	0	0	28	30	0	0	103	129	0	0	68	54	3	0	0	0	0	1	0	0	0	0	0	0	0	7	5	0	0	31	30	0	0	179	152	3	0	497	37	45	0	37	45	0	28	30	0	0	103	129	0	0	37	45	0	0	0	0	0	0	0	0	0	28	30	0	0	103	129	0	0	38	45	0	0	0	0	0	1	0	0	0	0	0	0	0	0	0	0	0	28	30	0	0	103	129	0	0	68	54	3	2	0	0	0	2	0	0	0	0	0	0	0	1	0	0	0	0	0	0	0	7	5	0	0	31	30	0	0	179	152	3	0
347	340	40	14	0	333	24	6	0	40	14	0	20	0	0	0	105	28	0	0	326	23	6	0	24	6	0	17	0	0	0	61	12	0	0	40	14	0	0	0	0	0	6	4	0	0	20	0	0	0	105	28	0	0	319	23	6	0	23	6	0	17	0	0	0	61	12	0	0	24	6	0	0	0	0	0	0	0	0	0	17	0	0	0	61	12	0	0	40	14	0	0	0	0	0	0	0	0	0	0	0	0	0	6	4	0	0	20	0	0	0	105	28	0	0	312	23	6	0	23	6	0	17	0	0	0	61	12	0	0	23	6	0	0	0	0	0	0	0	0	0	17	0	0	0	61	12	0	0	24	6	0	0	0	0	0	0	0	0	0	0	0	0	0	0	0	0	0	17	0	0	0	61	12	0	0	40	14	0	0	0	0	0	0	0	0	0	0	0	0	0	0	0	0	0	0	0	0	0	6	4	0	0	20	0	0	0	105	28	0	0
487	477	58	35	0	467	33	23	0	58	35	0	27	0	0	0	144	79	0	0	457	31	23	0	33	23	0	21	0	0	0	81	46	0	0	58	35	0	0	0	0	0	5	6	0	0	27	0	0	0	144	79	0	0	447	31	23	0	31	23	0	21	0	0	0	81	46	0	0	33	23	0	0	0	0	0	0	0	0	0	21	0	0	0	81	46	0	0	58	35	0	0	0	0	0	1	0	0	0	0	0	0	0	5	6	0	0	27	0	0	0	144	79	0	0	437	31	23	0	31	23	0	21	0	0	0	81	46	0	0	31	23	0	0	0	0	0	0	0	0	0	21	0	0	0	81	46	0	0	33	23	0	0	0	0	0	1	0	0	0	0	0	0	0	0	0	0	0	21	0	0	0	81	46	0	0	58	35	0	2	0	0	0	1	0	0	0	0	0	0	0	1	0	0	0	0	0	0	0	5	6	0	0	27	0	0	0	144	79	0	0
717	700	94	112	0	683	49	90	0	94	112	0	40	68	0	0	239	276	0	0	666	46	90	0	49	90	0	29	68	0	0	130	218	0	0	94	112	0	9	0	0	0	12	9	0	0	40	68	0	0	239	276	0	0	649	46	90	0	46	90	0	29	68	0	0	130	218	0	0	49	90	0	9	0	0	0	5	0	0	0	29	68	0	0	130	218	0	0	94	112	0	2	0	0	0	1	0	0	0	9	0	0	0	12	9	0	0	40	68	0	0	239	276	0	0	632	46	90	0	46	90	0	29	68	0	0	130	218	0	0	46	90	0	9	0	0	0	5	0	0	0	29	68	0	0	130	218	0	0	49	90	0	2	0	0	0	1	0	0	0	9	0	0	0	5	0	0	0	29	68	0	0	130	218	0	0	94	112	0	4	0	0	0	6	0	0	0	2	0	0	0	1	0	0	0	9	0	0	0	12	9	0	0	40	68	0	0	239	276	0	0
893	873	96	159	11	853	49	126	0	96	159	11	29	138	0	0	229	428	33	3	833	47	119	0	49	126	0	21	117	0	0	131	348	0	0	96	159	11	5	0	0	0	17	0	11	0	29	138	0	0	229	428	33	3	813	46	119	0	47	119	0	21	117	0	0	131	348	0	0	49	126	0	5	0	0	0	4	0	0	0	21	117	0	0	131	348	0	0	96	159	11	2	0	0	0	12	10	0	0	5	0	0	0	17	0	11	0	29	138	0	0	229	428	33	3	793	45	117	0	46	119	0	20	117	0	0	129	348	0	0	47	119	0	5	0	0	0	4	0	0	0	21	117	0	0	131	348	0	0	49	126	0	2	0	0	0	0	7	0	0	5	0	0	0	4	0	0	0	21	117	0	0	131	348	0	0	96	159	11	2	20	0	0	10	10	0	0	2	0	0	0	12	10	0	0	5	0	0	0	17	0	11	0	29	138	0	0	229	428	33	3
407	399	47	7	10	391	30	0	0	47	7	10	27	0	0	0	107	14	10	0	383	27	0	0	30	0	0	16	0	0	0	67	0	0	0	47	7	10	0	0	0	0	0	0	0	0	27	0	0	0	107	14	10	0	375	27	0	0	27	0	0	16	0	0	0	67	0	0	0	30	0	0	0	0	0	0	0	0	0	0	16	0	0	0	67	0	0	0	47	7	10	0	0	0	0	2	0	0	0	0	0	0	0	0	0	0	0	27	0	0	0	107	14	10	0	367	27	0	0	27	0	0	16	0	0	0	67	0	0	0	27	0	0	0	0	0	0	0	0	0	0	16	0	0	0	67	0	0	0	30	0	0	0	0	0	0	1	0	0	0	0	0	0	0	0	0	0	0	16	0	0	0	67	0	0	0	47	7	10	4	0	0	0	2	0	0	0	0	0	0	0	2	0	0	0	0	0	0	0	0	0	0	0	27	0	0	0	107	14	10	0
556	545	54	31	10	534	32	7	0	54	31	10	25	21	0	0	115	63	30	0	523	30	0	0	32	7	0	17	0	0	0	76	0	0	0	54	31	10	0	0	0	0	6	0	10	0	25	21	0	0	115	63	30	0	512	30	0	0	30	0	0	17	0	0	0	76	0	0	0	32	7	0	0	0	0	0	0	0	0	0	17	0	0	0	76	0	0	0	54	31	10	0	0	0	0	8	0	0	0	0	0	0	0	6	0	10	0	25	21	0	0	115	63	30	0	501	30	0	0	30	0	0	17	0	0	0	76	0	0	0	30	0	0	0	0	0	0	0	0	0	0	17	0	0	0	76	0	0	0	32	7	0	0	0	0	0	1	0	0	0	0	0	0	0	0	0	0	0	17	0	0	0	76	0	0	0	54	31	10	4	0	0	0	5	0	0	0	0	0	0	0	8	0	0	0	0	0	0	0	6	0	10	0	25	21	0	0	115	63	30	0
626	612	66	67	6	598	35	43	0	66	67	6	29	0	0	0	136	158	24	0	584	32	43	0	35	43	0	18	0	0	0	82	98	0	0	66	67	6	0	0	0	0	10	0	0	0	29	0	0	0	136	158	24	0	570	32	43	0	32	43	0	18	0	0	0	82	98	0	0	35	43	0	0	0	0	0	3	0	0	0	18	0	0	0	82	98	0	0	66	67	6	0	0	0	0	8	0	0	0	0	0	0	0	10	0	0	0	29	0	0	0	136	158	24	0	556	32	43	0	32	43	0	18	0	0	0	82	98	0	0	32	43	0	0	0	0	0	3	0	0	0	18	0	0	0	82	98	0	0	35	43	0	0	0	0	0	1	0	0	0	0	0	0	0	3	0	0	0	18	0	0	0	82	98	0	0	66	67	6	4	0	0	0	7	0	0	0	0	0	0	0	8	0	0	0	0	0	0	0	10	0	0	0	29	0	0	0	136	158	24	0
554	543	53	35	3	532	29	5	0	53	35	3	23	25	0	0	107	65	15	0	521	27	0	0	29	5	0	17	0	0	0	71	0	0	0	53	35	3	0	0	0	0	8	0	3	0	23	25	0	0	107	65	15	0	510	27	0	0	27	0	0	17	0	0	0	71	0	0	0	29	5	0	0	0	0	0	0	0	0	0	17	0	0	0	71	0	0	0	53	35	3	0	0	0	0	10	0	0	0	0	0	0	0	8	0	3	0	23	25	0	0	107	65	15	0	499	27	0	0	27	0	0	17	0	0	0	71	0	0	0	27	0	0	0	0	0	0	0	0	0	0	17	0	0	0	71	0	0	0	29	5	0	0	0	0	0	1	0	0	0	0	0	0	0	0	0	0	0	17	0	0	0	71	0	0	0	53	35	3	4	0	0	0	6	0	0	0	0	0	0	0	10	0	0	0	0	0	0	0	8	0	3	0	23	25	0	0	107	65	15	0
593	581	39	29	32	569	23	11	0	39	29	32	11	0	19	0	75	22	64	40	557	23	11	0	23	11	0	11	0	0	0	64	22	0	0	39	29	32	0	0	0	0	8	0	0	0	11	0	19	0	75	22	64	40	545	22	11	0	23	11	0	11	0	0	0	64	22	0	0	23	11	0	0	0	0	0	0	0	0	0	11	0	0	0	64	22	0	0	39	29	32	0	0	0	0	9	9	0	0	0	0	0	0	8	0	0	0	11	0	19	0	75	22	64	40	533	21	9	0	22	11	0	10	0	0	0	62	22	0	0	23	11	0	0	0	0	0	0	0	0	0	11	0	0	0	64	22	0	0	23	11	0	0	0	0	0	0	0	0	0	0	0	0	0	0	0	0	0	11	0	0	0	64	22	0	0	39	29	32	2	18	0	0	5	9	0	0	0	0	0	0	9	9	0	0	0	0	0	0	8	0	0	0	11	0	19	0	75	22	64	40
736	720	70	82	25	704	44	41	0	70	82	25	43	14	19	0	146	170	125	30	688	38	41	0	44	41	0	30	14	0	0	116	121	0	0	70	82	25	12	0	0	0	8	48	0	0	43	14	19	0	146	170	125	30	672	33	41	0	38	41	0	21	14	0	0	93	121	0	0	44	41	0	3	0	0	0	3	0	0	0	30	14	0	0	116	121	0	0	70	82	25	3	0	0	0	9	40	0	0	12	0	0	0	8	48	0	0	43	14	19	0	146	170	125	30	656	31	41	0	33	41	0	18	14	0	0	82	121	0	0	38	41	0	0	0	0	0	3	0	0	0	21	14	0	0	93	121	0	0	44	41	0	0	0	0	0	1	0	0	0	3	0	0	0	3	0	0	0	30	14	0	0	116	121	0	0	70	82	25	4	0	0	0	9	16	0	0	3	0	0	0	9	40	0	0	12	0	0	0	8	48	0	0	43	14	19	0	146	170	125	30
448	439	25	14	18	430	12	0	0	25	14	18	2	0	12	0	39	0	36	19	421	12	0	0	12	0	0	2	0	0	0	32	0	0	0	25	14	18	0	0	0	0	8	0	0	0	2	0	12	0	39	0	36	19	412	11	0	0	12	0	0	2	0	0	0	32	0	0	0	12	0	0	0	0	0	0	0	0	0	0	2	0	0	0	32	0	0	0	25	14	18	0	0	0	0	8	7	0	0	0	0	0	0	8	0	0	0	2	0	12	0	39	0	36	19	403	10	0	0	11	0	0	1	0	0	0	30	0	0	0	12	0	0	0	0	0	0	0	0	0	0	2	0	0	0	32	0	0	0	12	0	0	0	0	0	0	0	0	0	0	0	0	0	0	0	0	0	0	2	0	0	0	32	0	0	0	25	14	18	2	0	0	0	4	7	0	0	0	0	0	0	8	7	0	0	0	0	0	0	8	0	0	0	2	0	12	0	39	0	36	19
427	418	35	15	18	409	18	8	0	35	15	18	10	0	12	0	61	24	18	20	400	18	8	0	18	8	0	10	0	0	0	49	24	0	0	35	15	18	0	0	0	0	9	0	0	0	10	0	12	0	61	24	18	20	391	18	8	0	18	8	0	10	0	0	0	49	24	0	0	18	8	0	0	0	0	0	1	0	0	0	10	0	0	0	49	24	0	0	35	15	18	0	0	0	0	10	0	0	0	0	0	0	0	9	0	0	0	10	0	12	0	61	24	18	20	382	18	8	0	18	8	0	10	0	0	0	49	24	0	0	18	8	0	0	0	0	0	1	0	0	0	10	0	0	0	49	24	0	0	18	8	0	0	0	0	0	0	0	0	0	0	0	0	0	1	0	0	0	10	0	0	0	49	24	0	0	35	15	18	4	0	0	0	7	0	0	0	0	0	0	0	10	0	0	0	0	0	0	0	9	0	0	0	10	0	12	0	61	24	18	20
397	389	24	15	5	381	12	0	0	24	15	5	6	0	5	0	44	5	15	3	373	10	0	0	12	0	0	4	0	0	0	37	0	0	0	24	15	5	1	0	0	0	6	10	0	0	6	0	5	0	44	5	15	3	365	8	0	0	10	0	0	2	0	0	0	30	0	0	0	12	0	0	0	0	0	0	0	0	0	0	4	0	0	0	37	0	0	0	24	15	5	0	0	0	0	7	10	0	0	1	0	0	0	6	10	0	0	6	0	5	0	44	5	15	3	357	7	0	0	8	0	0	1	0	0	0	26	0	0	0	10	0	0	0	0	0	0	0	0	0	0	2	0	0	0	30	0	0	0	12	0	0	0	0	0	0	0	0	0	0	0	0	0	0	0	0	0	0	4	0	0	0	37	0	0	0	24	15	5	2	0	0	0	4	5	0	0	0	0	0	0	7	10	0	0	1	0	0	0	6	10	0	0	6	0	5	0	44	5	15	3
441	432	13	0	56	423	12	0	12	13	0	56	6	0	0	46	38	0	0	98	414	10	0	0	12	0	12	4	0	0	0	37	0	0	0	13	0	56	1	0	0	0	0	0	0	13	6	0	0	46	38	0	0	98	405	8	0	0	10	0	0	2	0	0	0	30	0	0	0	12	0	12	0	0	0	0	0	0	0	0	4	0	0	0	37	0	0	0	13	0	56	0	0	0	0	0	0	0	0	1	0	0	0	0	0	0	13	6	0	0	46	38	0	0	98	396	6	0	0	8	0	0	1	0	0	0	26	0	0	0	10	0	0	0	0	0	0	0	0	0	0	2	0	0	0	30	0	0	0	12	0	12	0	0	0	0	0	0	0	0	0	0	0	0	0	0	0	0	4	0	0	0	37	0	0	0	13	0	56	0	0	9	0	0	0	0	0	0	0	0	0	0	0	0	0	1	0	0	0	0	0	0	13	6	0	0	46	38	0	0	98
519	508	38	27	39	497	26	26	7	38	27	39	17	8	0	21	101	84	0	80	486	23	26	0	26	26	7	13	8	0	0	75	82	0	0	38	27	39	3	0	0	0	5	0	0	11	17	8	0	21	101	84	0	80	475	21	18	0	23	26	0	10	8	0	0	64	82	0	0	26	26	7	0	0	0	0	0	0	0	0	13	8	0	0	75	82	0	0	38	27	39	0	0	0	0	4	0	39	0	3	0	0	0	5	0	0	11	17	8	0	21	101	84	0	80	464	18	10	0	21	18	0	10	0	0	0	60	66	0	0	23	26	0	0	0	0	0	0	0	0	0	10	8	0	0	64	82	0	0	26	26	7	0	0	0	0	0	0	7	0	0	0	0	0	0	0	0	0	13	8	0	0	75	82	0	0	38	27	39	0	0	29	0	2	0	39	0	0	0	0	0	4	0	39	0	3	0	0	0	5	0	0	11	17	8	0	21	101	84	0	80
518	507	51	39	13	496	31	29	0	51	39	13	32	26	0	0	126	123	13	30	485	27	16	0	31	29	0	21	12	0	0	78	106	0	0	51	39	13	11	6	0	0	8	0	26	0	32	26	0	0	126	123	13	30	474	23	10	0	27	16	0	14	0	0	0	62	62	0	0	31	29	0	3	0	0	0	2	0	0	0	21	12	0	0	78	106	0	0	51	39	13	3	0	0	0	6	0	13	0	11	6	0	0	8	0	26	0	32	26	0	0	126	123	13	30	463	21	10	0	23	10	0	11	0	0	0	53	50	0	0	27	16	0	0	0	0	0	2	0	0	0	14	0	0	0	62	62	0	0	31	29	0	0	0	0	0	0	0	0	0	3	0	0	0	2	0	0	0	21	12	0	0	78	106	0	0	51	39	13	4	0	0	0	9	0	0	0	3	0	0	0	6	0	13	0	11	6	0	0	8	0	26	0	32	26	0	0	126	123	13	30
412	403	50	29	8	394	36	18	0	50	29	8	35	14	0	0	122	58	16	25	385	31	12	0	36	18	0	24	4	0	0	90	36	0	0	50	29	8	11	8	0	0	6	0	8	0	35	14	0	0	122	58	16	25	376	27	8	0	31	12	0	16	0	0	0	71	16	0	0	36	18	0	4	0	0	0	3	0	0	0	24	4	0	0	90	36	0	0	50	29	8	3	0	0	0	4	0	8	0	11	8	0	0	6	0	8	0	35	14	0	0	122	58	16	25	367	25	8	0	27	8	0	13	0	0	0	62	8	0	0	31	12	0	1	0	0	0	3	0	0	0	16	0	0	0	71	16	0	0	36	18	0	0	0	0	0	1	0	0	0	4	0	0	0	3	0	0	0	24	4	0	0	90	36	0	0	50	29	8	4	0	0	0	5	0	0	0	3	0	0	0	4	0	8	0	11	8	0	0	6	0	8	0	35	14	0	0	122	58	16	25
853	832	105	193	8	811	56	158	0	105	193	8	39	204	0	0	241	437	24	25	790	51	140	0	56	158	0	30	153	0	0	137	349	0	0	105	193	8	9	36	0	0	25	26	24	0	39	204	0	0	241	437	24	25	769	49	131	0	51	140	0	27	129	0	0	122	292	0	0	56	158	0	6	9	0	0	8	24	0	0	30	153	0	0	137	349	0	0	105	193	8	15	9	0	0	27	0	16	0	9	36	0	0	25	26	24	0	39	204	0	0	241	437	24	25	748	47	128	0	49	131	0	27	123	0	0	118	271	0	0	51	140	0	6	0	0	0	6	24	0	0	27	129	0	0	122	292	0	0	56	158	0	9	0	0	0	7	0	0	0	6	9	0	0	8	24	0	0	30	153	0	0	137	349	0	0	105	193	8	30	0	0	0	21	26	8	0	15	9	0	0	27	0	16	0	9	36	0	0	25	26	24	0	39	204	0	0	241	437	24	25
340	332	40	18	13	324	27	12	0	40	18	13	22	6	25	0	92	26	13	29	316	23	12	0	27	12	0	13	6	0	0	54	6	0	0	40	18	13	4	0	16	0	4	0	0	0	22	6	25	0	92	26	13	29	308	22	12	0	23	12	0	11	6	0	0	45	6	0	0	27	12	0	1	0	0	0	3	0	0	0	13	6	0	0	54	6	0	0	40	18	13	0	0	3	0	4	0	0	0	4	0	16	0	4	0	0	0	22	6	25	0	92	26	13	29	300	22	12	0	22	12	0	11	6	0	0	43	6	0	0	23	12	0	1	0	0	0	3	0	0	0	11	6	0	0	45	6	0	0	27	12	0	0	0	0	0	2	0	0	0	1	0	0	0	3	0	0	0	13	6	0	0	54	6	0	0	40	18	13	4	0	0	0	5	0	0	0	0	0	3	0	4	0	0	0	4	0	16	0	4	0	0	0	22	6	25	0	92	26	13	29
512	500	57	49	7	488	35	35	0	57	49	7	30	16	13	0	127	80	14	16	476	32	35	0	35	35	0	23	16	0	0	69	48	0	0	57	49	7	3	0	10	0	9	0	0	0	30	16	13	0	127	80	14	16	464	31	35	0	32	35	0	21	16	0	0	62	48	0	0	35	35	0	0	0	0	0	4	0	0	0	23	16	0	0	69	48	0	0	57	49	7	0	0	3	0	11	0	0	0	3	0	10	0	9	0	0	0	30	16	13	0	127	80	14	16	452	31	35	0	31	35	0	21	16	0	0	60	48	0	0	32	35	0	0	0	0	0	4	0	0	0	21	16	0	0	62	48	0	0	35	35	0	0	0	0	0	7	0	0	0	0	0	0	0	4	0	0	0	23	16	0	0	69	48	0	0	57	49	7	4	0	0	0	9	0	0	0	0	0	3	0	11	0	0	0	3	0	10	0	9	0	0	0	30	16	13	0	127	80	14	16
484	473	59	42	3	462	34	24	0	59	42	3	28	16	9	0	130	98	12	8	451	32	24	0	34	24	0	22	16	0	0	69	48	0	0	59	42	3	3	0	6	0	10	0	0	0	28	16	9	0	130	98	12	8	440	31	24	0	32	24	0	20	16	0	0	64	48	0	0	34	24	0	0	0	0	0	4	0	0	0	22	16	0	0	69	48	0	0	59	42	3	0	0	3	0	13	0	0	0	3	0	6	0	10	0	0	0	28	16	9	0	130	98	12	8	429	31	24	0	31	24	0	20	16	0	0	62	48	0	0	32	24	0	0	0	0	0	4	0	0	0	20	16	0	0	64	48	0	0	34	24	0	0	0	0	0	7	0	0	0	0	0	0	0	4	0	0	0	22	16	0	0	69	48	0	0	59	42	3	9	0	0	0	13	0	0	0	0	0	3	0	13	0	0	0	3	0	6	0	10	0	0	0	28	16	9	0	130	98	12	8
278	271	29	14	0	264	16	14	0	29	14	0	8	0	0	0	66	19	0	0	257	16	14	0	16	14	0	8	0	0	0	30	19	0	0	29	14	0	3	0	0	0	4	0	0	0	8	0	0	0	66	19	0	0	250	15	14	0	16	14	0	8	0	0	0	30	19	0	0	16	14	0	0	0	0	0	2	0	0	0	8	0	0	0	30	19	0	0	29	14	0	0	0	0	0	3	5	0	0	3	0	0	0	4	0	0	0	8	0	0	0	66	19	0	0	243	15	14	0	15	14	0	8	0	0	0	28	19	0	0	16	14	0	0	0	0	0	2	0	0	0	8	0	0	0	30	19	0	0	16	14	0	0	0	0	0	2	5	0	0	0	0	0	0	2	0	0	0	8	0	0	0	30	19	0	0	29	14	0	0	0	0	0	0	0	0	0	0	0	0	0	3	5	0	0	3	0	0	0	4	0	0	0	8	0	0	0	66	19	0	0
272	266	29	11	0	260	17	5	0	29	11	0	7	0	0	0	66	20	0	0	254	17	5	0	17	5	0	7	0	0	0	34	5	0	0	29	11	0	0	0	0	0	3	0	0	0	7	0	0	0	66	20	0	0	248	17	5	0	17	5	0	7	0	0	0	34	5	0	0	17	5	0	0	0	0	0	2	0	0	0	7	0	0	0	34	5	0	0	29	11	0	0	0	0	0	5	0	0	0	0	0	0	0	3	0	0	0	7	0	0	0	66	20	0	0	242	17	5	0	17	5	0	7	0	0	0	34	5	0	0	17	5	0	0	0	0	0	2	0	0	0	7	0	0	0	34	5	0	0	17	5	0	0	0	0	0	3	0	0	0	0	0	0	0	2	0	0	0	7	0	0	0	34	5	0	0	29	11	0	4	0	0	0	4	0	0	0	0	0	0	0	5	0	0	0	0	0	0	0	3	0	0	0	7	0	0	0	66	20	0	0
420	411	46	18	13	402	25	0	9	46	18	13	19	0	19	15	111	36	39	0	393	24	0	0	25	0	9	17	0	12	0	60	0	27	0	46	18	13	0	0	6	0	10	0	0	21	19	0	19	15	111	36	39	0	384	24	0	0	24	0	0	17	0	0	0	58	0	0	0	25	0	9	0	0	3	0	3	0	0	0	17	0	12	0	60	0	27	0	46	18	13	4	0	0	0	6	0	0	0	0	0	6	0	10	0	0	21	19	0	19	15	111	36	39	0	375	22	0	0	24	0	0	17	0	0	0	58	0	0	0	24	0	0	0	0	0	0	3	0	0	0	17	0	0	0	58	0	0	0	25	0	9	0	0	0	0	0	0	0	0	0	0	3	0	3	0	0	0	17	0	12	0	60	0	27	0	46	18	13	9	0	0	0	11	12	0	0	4	0	0	0	6	0	0	0	0	0	6	0	10	0	0	21	19	0	19	15	111	36	39	0
778	761	70	75	37	744	41	31	13	70	75	37	32	0	25	23	155	173	148	23	727	39	31	0	41	31	13	26	0	16	0	89	63	52	0	70	75	37	9	0	6	0	17	11	0	29	32	0	25	23	155	173	148	23	710	37	31	0	39	31	0	24	0	0	0	83	63	0	0	41	31	13	1	0	3	0	6	0	0	0	26	0	16	0	89	63	52	0	70	75	37	8	0	0	0	6	22	0	0	9	0	6	0	17	11	0	29	32	0	25	23	155	173	148	23	693	34	27	0	37	31	0	22	0	0	0	79	63	0	0	39	31	0	0	0	0	0	6	0	0	0	24	0	0	0	83	63	0	0	41	31	13	0	0	0	0	0	0	0	0	1	0	3	0	6	0	0	0	26	0	16	0	89	63	52	0	70	75	37	5	44	0	0	10	33	0	0	8	0	0	0	6	22	0	0	9	0	6	0	17	11	0	29	32	0	25	23	155	173	148	23
589	576	63	53	10	563	32	23	3	63	53	10	29	0	12	9	144	137	50	3	550	30	23	0	32	23	3	23	0	6	0	75	47	15	0	63	53	10	9	0	6	0	20	6	0	8	29	0	12	9	144	137	50	3	537	28	23	0	30	23	0	21	0	0	0	69	47	0	0	32	23	3	1	0	3	0	6	0	0	0	23	0	6	0	75	47	15	0	63	53	10	8	0	0	0	7	12	0	0	9	0	6	0	20	6	0	8	29	0	12	9	144	137	50	3	524	25	18	0	28	23	0	19	0	0	0	65	47	0	0	30	23	0	0	0	0	0	6	0	0	0	21	0	0	0	69	47	0	0	32	23	3	0	0	0	0	0	0	0	0	1	0	3	0	6	0	0	0	23	0	6	0	75	47	15	0	63	53	10	4	30	0	0	10	18	0	0	8	0	0	0	7	12	0	0	9	0	6	0	20	6	0	8	29	0	12	9	144	137	50	3
410	401	31	15	13	392	13	8	0	31	15	13	4	0	0	0	62	31	13	10	383	13	8	0	13	8	0	4	0	0	0	22	24	0	0	31	15	13	0	0	0	0	4	0	0	0	4	0	0	0	62	31	13	10	374	13	8	0	13	8	0	4	0	0	0	22	24	0	0	13	8	0	0	0	0	0	0	0	0	0	4	0	0	0	22	24	0	0	31	15	13	1	0	0	0	5	0	0	0	0	0	0	0	4	0	0	0	4	0	0	0	62	31	13	10	365	12	8	0	13	8	0	4	0	0	0	22	24	0	0	13	8	0	0	0	0	0	0	0	0	0	4	0	0	0	22	24	0	0	13	8	0	0	0	0	0	0	0	0	0	0	0	0	0	0	0	0	0	4	0	0	0	22	24	0	0	31	15	13	9	0	0	0	9	7	0	0	1	0	0	0	5	0	0	0	0	0	0	0	4	0	0	0	4	0	0	0	62	31	13	10
327	320	26	10	4	313	10	0	0	26	10	4	2	0	0	0	62	15	8	3	306	10	0	0	10	0	0	2	0	0	0	23	0	0	0	26	10	4	0	0	0	0	4	0	0	0	2	0	0	0	62	15	8	3	299	10	0	0	10	0	0	2	0	0	0	23	0	0	0	10	0	0	0	0	0	0	0	0	0	0	2	0	0	0	23	0	0	0	26	10	4	1	0	0	0	5	0	0	0	0	0	0	0	4	0	0	0	2	0	0	0	62	15	8	3	292	9	0	0	10	0	0	2	0	0	0	23	0	0	0	10	0	0	0	0	0	0	0	0	0	0	2	0	0	0	23	0	0	0	10	0	0	0	0	0	0	0	0	0	0	0	0	0	0	0	0	0	0	2	0	0	0	23	0	0	0	26	10	4	9	0	0	0	9	5	0	0	1	0	0	0	5	0	0	0	0	0	0	0	4	0	0	0	2	0	0	0	62	15	8	3
678	663	64	38	61	648	39	14	27	64	38	61	35	0	17	38	148	130	122	64	633	36	14	21	39	14	27	25	0	14	25	88	70	54	25	64	38	61	12	0	0	23	18	24	0	0	35	0	17	38	148	130	122	64	618	33	14	0	36	14	21	21	0	11	0	80	70	42	0	39	14	27	1	0	0	0	6	0	0	0	25	0	14	25	88	70	54	25	64	38	61	8	0	0	0	8	12	0	68	12	0	0	23	18	24	0	0	35	0	17	38	148	130	122	64	603	28	14	0	33	14	0	19	0	0	0	75	70	0	0	36	14	21	0	0	0	0	4	0	0	0	21	0	11	0	80	70	42	0	39	14	27	0	0	0	0	2	0	0	7	1	0	0	0	6	0	0	0	25	0	14	25	88	70	54	25	64	38	61	0	0	17	0	5	0	0	0	8	0	0	0	8	12	0	68	12	0	0	23	18	24	0	0	35	0	17	38	148	130	122	64
759	741	76	115	32	723	39	83	6	76	115	32	33	96	9	18	174	271	96	60	705	34	83	3	39	83	6	19	96	6	9	94	191	18	25	76	115	32	12	0	0	9	26	40	0	0	33	96	9	18	174	271	96	60	687	31	80	0	34	83	3	15	96	3	0	81	191	9	0	39	83	6	1	0	0	0	8	12	0	0	19	96	6	9	94	191	18	25	76	115	32	8	24	0	0	16	8	0	8	12	0	0	9	26	40	0	0	33	96	9	18	174	271	96	60	669	26	72	0	31	80	0	13	96	0	0	76	188	0	0	34	83	3	0	0	0	0	6	12	0	0	15	96	3	0	81	191	9	0	39	83	6	0	0	0	0	2	0	0	0	1	0	0	0	8	12	0	0	19	96	6	9	94	191	18	25	76	115	32	3	0	17	0	6	12	32	0	8	24	0	0	16	8	0	8	12	0	0	9	26	40	0	0	33	96	9	18	174	271	96	60
501	490	40	19	35	479	23	10	0	40	19	35	16	0	0	0	100	28	35	77	468	22	10	0	23	10	0	12	0	0	0	58	10	0	25	40	19	35	9	0	0	0	15	0	0	0	16	0	0	0	100	28	35	77	457	20	9	0	22	10	0	10	0	0	0	54	10	0	0	23	10	0	1	0	0	0	4	0	0	0	12	0	0	0	58	10	0	25	40	19	35	7	9	0	0	4	0	0	0	9	0	0	0	15	0	0	0	16	0	0	0	100	28	35	77	446	16	0	0	20	9	0	8	0	0	0	50	9	0	0	22	10	0	0	0	0	0	4	0	0	0	10	0	0	0	54	10	0	0	23	10	0	0	0	0	0	0	0	0	0	1	0	0	0	4	0	0	0	12	0	0	0	58	10	0	25	40	19	35	0	0	17	0	1	0	35	0	7	9	0	0	4	0	0	0	9	0	0	0	15	0	0	0	16	0	0	0	100	28	35	77
628	614	56	69	17	600	26	37	0	56	69	17	21	66	0	0	128	157	68	47	586	23	22	0	26	37	0	12	32	0	0	60	75	0	16	56	69	17	3	58	0	0	19	18	17	0	21	66	0	0	128	157	68	47	572	22	6	0	23	22	0	10	12	0	0	54	34	0	0	26	37	0	0	6	0	0	7	0	0	0	12	32	0	0	60	75	0	16	56	69	17	4	24	0	0	10	6	34	0	3	58	0	0	19	18	17	0	21	66	0	0	128	157	68	47	558	18	0	0	22	6	0	10	0	0	0	53	6	0	0	23	22	0	0	0	0	0	5	0	0	0	10	12	0	0	54	34	0	0	26	37	0	0	0	0	0	2	0	0	0	0	6	0	0	7	0	0	0	12	32	0	0	60	75	0	16	56	69	17	0	0	17	0	2	0	17	0	4	24	0	0	10	6	34	0	3	58	0	0	19	18	17	0	21	66	0	0	128	157	68	47
455	445	49	25	6	435	27	0	0	49	25	6	30	0	0	0	114	60	30	10	425	23	0	0	27	0	0	17	0	0	0	62	0	0	3	49	25	6	12	0	0	0	12	15	0	0	30	0	0	0	114	60	30	10	415	20	0	0	23	0	0	13	0	0	0	52	0	0	0	27	0	0	1	0	0	0	4	0	0	0	17	0	0	0	62	0	0	3	49	25	6	8	0	0	0	5	5	0	0	12	0	0	0	12	15	0	0	30	0	0	0	114	60	30	10	405	16	0	0	20	0	0	11	0	0	0	47	0	0	0	23	0	0	0	0	0	0	2	0	0	0	13	0	0	0	52	0	0	0	27	0	0	0	0	0	0	2	0	0	0	1	0	0	0	4	0	0	0	17	0	0	0	62	0	0	3	49	25	6	0	0	6	0	2	0	0	0	8	0	0	0	5	5	0	0	12	0	0	0	12	15	0	0	30	0	0	0	114	60	30	10
566	553	51	41	34	540	27	22	29	51	41	34	27	11	21	0	128	104	68	6	527	24	22	29	27	22	29	18	11	21	0	77	66	58	0	51	41	34	3	0	0	0	8	0	0	0	27	11	21	0	128	104	68	6	514	23	22	29	24	22	29	16	11	21	0	71	66	58	0	27	22	29	0	0	0	0	3	0	0	0	18	11	21	0	77	66	58	0	51	41	34	0	0	0	0	10	0	0	0	3	0	0	0	8	0	0	0	27	11	21	0	128	104	68	6	501	23	22	28	23	22	29	16	11	21	0	70	66	58	0	24	22	29	0	0	0	0	1	0	0	0	16	11	21	0	71	66	58	0	27	22	29	0	0	0	0	2	0	0	0	0	0	0	0	3	0	0	0	18	11	21	0	77	66	58	0	51	41	34	0	0	0	10	3	0	0	0	0	0	0	0	10	0	0	0	3	0	0	0	8	0	0	0	27	11	21	0	128	104	68	6
448	438	37	16	24	428	21	0	13	37	16	24	21	0	12	0	86	32	48	23	418	16	0	13	21	0	13	10	0	6	0	51	0	26	0	37	16	24	4	0	12	0	6	0	0	0	21	0	12	0	86	32	48	23	408	14	0	13	16	0	13	6	0	6	0	41	0	26	0	21	0	13	0	0	0	0	3	0	0	0	10	0	6	0	51	0	26	0	37	16	24	0	0	6	0	7	0	0	0	4	0	12	0	6	0	0	0	21	0	12	0	86	32	48	23	398	14	0	13	14	0	13	6	0	6	0	39	0	26	0	16	0	13	0	0	0	0	1	0	0	0	6	0	6	0	41	0	26	0	21	0	13	0	0	0	0	2	0	0	0	0	0	0	0	3	0	0	0	10	0	6	0	51	0	26	0	37	16	24	0	0	0	0	1	0	0	0	0	0	6	0	7	0	0	0	4	0	12	0	6	0	0	0	21	0	12	0	86	32	48	23
781	763	67	71	82	745	44	45	39	67	71	82	46	0	6	26	159	172	164	151	727	39	45	36	44	45	39	35	0	0	20	108	120	78	33	67	71	82	4	0	12	18	14	0	0	0	46	0	6	26	159	172	164	151	709	35	45	33	39	45	36	31	0	0	14	98	120	72	24	44	45	39	0	0	0	9	6	0	0	0	35	0	0	20	108	120	78	33	67	71	82	0	0	23	9	13	0	0	0	4	0	12	18	14	0	0	0	46	0	6	26	159	172	164	151	691	35	45	19	35	45	33	31	0	0	0	94	120	66	0	39	45	36	0	0	0	0	4	0	0	0	31	0	0	14	98	120	72	24	44	45	39	0	0	0	0	2	0	0	0	0	0	0	9	6	0	0	0	35	0	0	20	108	120	78	33	67	71	82	0	0	0	28	6	0	0	47	0	0	23	9	13	0	0	0	4	0	12	18	14	0	0	0	46	0	6	26	159	172	164	151
727	710	60	103	31	693	32	69	0	60	103	31	29	98	6	0	143	199	93	116	676	26	50	0	32	69	0	19	44	0	0	89	127	0	33	60	103	31	5	24	12	0	15	38	62	0	29	98	6	0	143	199	93	116	659	22	42	0	26	50	0	13	28	0	0	75	92	0	24	32	69	0	0	0	0	0	7	30	0	0	19	44	0	0	89	127	0	33	60	103	31	3	0	14	0	16	22	31	0	5	24	12	0	15	38	62	0	29	98	6	0	143	199	93	116	642	21	42	0	22	42	0	13	28	0	0	67	84	0	0	26	50	0	0	0	0	0	7	14	0	0	13	28	0	0	75	92	0	24	32	69	0	0	0	0	0	1	16	0	0	0	0	0	0	7	30	0	0	19	44	0	0	89	127	0	33	60	103	31	5	0	0	0	5	14	0	0	3	0	14	0	16	22	31	0	5	24	12	0	15	38	62	0	29	98	6	0	143	199	93	116
490	479	43	31	19	468	23	7	0	43	31	19	24	21	6	0	94	76	57	55	457	19	0	0	23	7	0	16	0	0	0	52	14	0	6	43	31	19	4	0	12	0	11	0	19	0	24	21	6	0	94	76	57	55	446	16	0	0	19	0	0	12	0	0	0	44	0	0	3	23	7	0	0	0	0	0	4	0	0	0	16	0	0	0	52	14	0	6	43	31	19	0	0	14	0	12	0	0	0	4	0	12	0	11	0	19	0	24	21	6	0	94	76	57	55	435	16	0	0	16	0	0	12	0	0	0	41	0	0	0	19	0	0	0	0	0	0	2	0	0	0	12	0	0	0	44	0	0	3	23	7	0	0	0	0	0	2	0	0	0	0	0	0	0	4	0	0	0	16	0	0	0	52	14	0	6	43	31	19	0	0	0	0	2	0	0	0	0	0	14	0	12	0	0	0	4	0	12	0	11	0	19	0	24	21	6	0	94	76	57	55
659	644	50	14	73	629	32	0	25	50	14	73	24	0	35	17	133	28	73	190	614	31	0	25	32	0	25	22	0	12	17	101	0	25	81	50	14	73	9	0	8	0	18	0	0	0	24	0	35	17	133	28	73	190	599	31	0	25	31	0	25	22	0	12	17	100	0	25	78	32	0	25	9	0	0	0	4	0	0	0	22	0	12	17	101	0	25	81	50	14	73	8	0	0	0	25	0	0	0	9	0	8	0	18	0	0	0	24	0	35	17	133	28	73	190	584	27	0	25	31	0	25	22	0	12	17	100	0	25	75	31	0	25	9	0	0	0	4	0	0	0	22	0	12	17	100	0	25	78	32	0	25	3	0	0	0	2	0	0	0	9	0	0	0	4	0	0	0	22	0	12	17	101	0	25	81	50	14	73	5	0	16	0	4	0	0	0	8	0	0	0	25	0	0	0	9	0	8	0	18	0	0	0	24	0	35	17	133	28	73	190
569	556	52	30	28	543	29	0	19	52	30	28	25	0	28	5	136	50	84	31	530	27	0	19	29	0	19	22	0	12	5	94	0	57	0	52	30	28	12	0	8	0	23	10	0	0	25	0	28	5	136	50	84	31	517	24	0	19	27	0	19	19	0	12	5	88	0	57	0	29	0	19	9	0	0	0	4	0	0	0	22	0	12	5	94	0	57	0	52	30	28	8	0	0	0	30	30	0	0	12	0	8	0	23	10	0	0	25	0	28	5	136	50	84	31	504	20	0	19	24	0	19	19	0	12	5	78	0	57	0	27	0	19	9	0	0	0	4	0	0	0	19	0	12	5	88	0	57	0	29	0	19	3	0	0	0	3	0	0	0	9	0	0	0	4	0	0	0	22	0	12	5	94	0	57	0	52	30	28	8	0	16	0	6	0	0	0	8	0	0	0	30	30	0	0	12	0	8	0	23	10	0	0	25	0	28	5	136	50	84	31
480	469	39	28	19	458	15	0	8	39	28	19	25	0	27	24	91	63	76	19	447	10	0	2	15	0	8	10	0	12	0	46	0	32	0	39	28	19	11	0	10	0	13	28	0	17	25	0	27	24	91	63	76	19	436	5	0	2	10	0	2	1	0	0	0	30	0	8	0	15	0	8	0	0	6	0	3	0	0	0	10	0	12	0	46	0	32	0	39	28	19	0	0	0	0	16	35	0	0	11	0	10	0	13	28	0	17	25	0	27	24	91	63	76	19	425	5	0	2	5	0	2	1	0	0	0	15	0	8	0	10	0	2	0	0	0	0	3	0	0	0	1	0	0	0	30	0	8	0	15	0	8	0	0	0	0	1	0	0	0	0	0	6	0	3	0	0	0	10	0	12	0	46	0	32	0	39	28	19	3	0	0	0	2	0	0	0	0	0	0	0	16	35	0	0	11	0	10	0	13	28	0	17	25	0	27	24	91	63	76	19
774	756	70	72	63	738	40	32	17	70	72	63	35	16	35	5	183	163	189	190	720	36	32	17	40	32	17	28	16	12	5	126	96	51	81	70	72	63	16	0	8	0	26	39	0	0	35	16	35	5	183	163	189	190	702	31	32	17	36	32	17	21	16	12	5	115	96	51	78	40	32	17	9	0	0	0	7	0	0	0	28	16	12	5	126	96	51	81	70	72	63	8	0	0	0	32	65	0	0	16	0	8	0	26	39	0	0	35	16	35	5	183	163	189	190	684	27	32	17	31	32	17	21	16	12	5	99	96	51	75	36	32	17	9	0	0	0	7	0	0	0	21	16	12	5	115	96	51	78	40	32	17	3	0	0	0	4	0	0	0	9	0	0	0	7	0	0	0	28	16	12	5	126	96	51	81	70	72	63	10	0	16	0	10	0	0	0	8	0	0	0	32	65	0	0	16	0	8	0	26	39	0	0	35	16	35	5	183	163	189	190
347	339	42	15	0	331	21	0	0	42	15	0	33	0	0	0	103	33	0	0	323	15	0	0	21	0	0	16	0	0	0	65	0	0	0	42	15	0	15	0	0	0	14	18	0	0	33	0	0	0	103	33	0	0	315	8	0	0	15	0	0	3	0	0	0	45	0	0	0	21	0	0	0	0	0	0	6	0	0	0	16	0	0	0	65	0	0	0	42	15	0	0	0	0	0	15	21	0	0	15	0	0	0	14	18	0	0	33	0	0	0	103	33	0	0	307	8	0	0	8	0	0	3	0	0	0	24	0	0	0	15	0	0	0	0	0	0	6	0	0	0	3	0	0	0	45	0	0	0	21	0	0	0	0	0	0	2	0	0	0	0	0	0	0	6	0	0	0	16	0	0	0	65	0	0	0	42	15	0	5	0	0	0	4	0	0	0	0	0	0	0	15	21	0	0	15	0	0	0	14	18	0	0	33	0	0	0	103	33	0	0
669	653	68	72	47	637	39	58	8	68	72	47	45	43	0	24	185	230	47	110	621	34	45	8	39	58	8	29	30	0	24	123	205	8	44	68	72	47	27	30	0	0	18	0	47	0	45	43	0	24	185	230	47	110	605	25	15	8	34	45	8	19	0	0	24	108	145	8	38	39	58	8	10	0	0	0	13	0	8	0	29	30	0	24	123	205	8	44	68	72	47	12	0	28	0	7	12	141	0	27	30	0	0	18	0	47	0	45	43	0	24	185	230	47	110	589	21	12	8	25	15	8	14	0	0	24	80	45	8	38	34	45	8	10	0	0	0	13	0	8	0	19	0	0	24	108	145	8	38	39	58	8	4	0	16	0	3	11	24	0	10	0	0	0	13	0	8	0	29	30	0	24	123	205	8	44	68	72	47	14	36	14	0	8	27	0	0	12	0	28	0	7	12	141	0	27	30	0	0	18	0	47	0	45	43	0	24	185	230	47	110
696	679	77	104	34	662	44	78	12	77	104	34	51	100	11	36	201	278	68	63	645	37	58	4	44	78	12	27	60	8	12	138	226	24	17	77	104	34	25	32	0	0	23	45	68	31	51	100	11	36	201	278	68	63	628	30	42	4	37	58	4	18	28	0	12	113	174	8	17	44	78	12	9	0	0	0	16	42	24	0	27	60	8	12	138	226	24	17	77	104	34	12	0	7	0	7	12	68	0	25	32	0	0	23	45	68	31	51	100	11	36	201	278	68	63	611	27	40	4	30	42	4	16	28	0	12	91	126	8	17	37	58	4	9	0	0	0	16	42	8	0	18	28	0	12	113	174	8	17	44	78	12	4	0	4	0	2	10	24	0	9	0	0	0	16	42	24	0	27	60	8	12	138	226	24	17	77	104	34	15	24	7	0	7	26	0	0	12	0	7	0	7	12	68	0	25	32	0	0	23	45	68	31	51	100	11	36	201	278	68	63
600	586	42	24	79	572	28	0	25	42	24	79	35	0	22	55	111	36	158	183	558	22	0	6	28	0	25	18	0	18	6	85	0	50	69	42	24	79	15	0	0	24	12	0	0	50	35	0	22	55	111	36	158	183	544	15	0	0	22	0	6	5	0	6	0	65	0	12	63	28	0	25	0	0	0	0	12	0	0	0	18	0	18	6	85	0	50	69	42	24	79	0	0	0	0	2	0	0	17	15	0	0	24	12	0	0	50	35	0	22	55	111	36	158	183	530	15	0	0	15	0	0	5	0	0	0	44	0	0	63	22	0	6	0	0	0	0	12	0	0	0	5	0	6	0	65	0	12	63	28	0	25	0	0	0	0	2	0	0	0	0	0	0	0	12	0	0	0	18	0	18	6	85	0	50	69	42	24	79	5	0	0	0	5	0	0	0	0	0	0	0	2	0	0	17	15	0	0	24	12	0	0	50	35	0	22	55	111	36	158	183
428	418	36	16	31	408	23	0	10	36	16	31	32	0	11	10	98	24	62	47	398	17	0	6	23	0	10	15	0	10	6	73	0	20	27	36	16	31	15	0	0	24	11	0	0	0	32	0	11	10	98	24	62	47	388	10	0	0	17	0	6	2	0	6	0	53	0	12	21	23	0	10	0	0	0	0	11	0	0	0	15	0	10	6	73	0	20	27	36	16	31	0	0	0	0	2	0	0	17	15	0	0	24	11	0	0	0	32	0	11	10	98	24	62	47	378	10	0	0	10	0	0	2	0	0	0	32	0	0	21	17	0	6	0	0	0	0	11	0	0	0	2	0	6	0	53	0	12	21	23	0	10	0	0	0	0	2	0	0	0	0	0	0	0	11	0	0	0	15	0	10	6	73	0	20	27	36	16	31	5	0	0	0	4	0	0	0	0	0	0	0	2	0	0	17	15	0	0	24	11	0	0	0	32	0	11	10	98	24	62	47
699	682	63	110	10	665	26	68	0	63	110	10	28	132	0	0	155	309	40	19	648	20	42	0	26	68	0	12	36	0	0	77	200	0	8	63	110	10	9	48	0	0	19	45	30	0	28	132	0	0	155	309	40	19	631	15	30	0	20	42	0	5	0	0	0	57	120	0	2	26	68	0	2	0	0	0	13	45	0	0	12	36	0	0	77	200	0	8	63	110	10	0	0	0	0	5	0	20	0	9	48	0	0	19	45	30	0	28	132	0	0	155	309	40	19	614	15	30	0	15	30	0	5	0	0	0	41	90	0	2	20	42	0	2	0	0	0	13	45	0	0	5	0	0	0	57	120	0	2	26	68	0	0	0	0	0	2	0	0	0	2	0	0	0	13	45	0	0	12	36	0	0	77	200	0	8	63	110	10	6	0	0	0	5	0	0	0	0	0	0	0	5	0	20	0	9	48	0	0	19	45	30	0	28	132	0	0	155	309	40	19
692	675	55	55	117	658	33	42	69	55	55	117	39	0	44	44	146	165	117	201	641	23	42	65	33	42	69	15	0	0	36	94	126	69	55	55	55	117	2	0	58	34	19	42	0	0	39	0	44	44	146	165	117	201	624	23	42	49	23	42	65	15	0	0	12	63	126	65	24	33	42	69	2	0	0	6	13	42	0	0	15	0	0	36	94	126	69	55	55	55	117	0	0	0	57	5	0	0	31	2	0	58	34	19	42	0	0	39	0	44	44	146	165	117	201	607	23	42	17	23	42	49	15	0	0	0	63	126	49	12	23	42	65	2	0	0	0	13	42	0	0	15	0	0	12	63	126	65	24	33	42	69	0	0	0	0	2	0	0	0	2	0	0	6	13	42	0	0	15	0	0	36	94	126	69	55	55	55	117	5	0	0	74	6	0	0	84	0	0	0	57	5	0	0	31	2	0	58	34	19	42	0	0	39	0	44	44	146	165	117	201
453	442	50	26	34	431	23	10	0	50	26	34	27	0	34	0	134	90	68	154	420	17	10	0	23	10	0	7	0	0	0	66	50	0	47	50	26	34	2	0	28	0	15	20	0	0	27	0	34	0	134	90	68	154	409	17	10	0	17	10	0	7	0	0	0	48	50	0	16	23	10	0	2	0	0	0	13	20	0	0	7	0	0	0	66	50	0	47	50	26	34	0	0	0	0	2	0	0	0	2	0	28	0	15	20	0	0	27	0	34	0	134	90	68	154	398	17	10	0	17	10	0	7	0	0	0	48	50	0	4	17	10	0	2	0	0	0	13	20	0	0	7	0	0	0	48	50	0	16	23	10	0	0	0	0	0	1	0	0	0	2	0	0	0	13	20	0	0	7	0	0	0	66	50	0	47	50	26	34	2	0	0	0	2	0	0	0	0	0	0	0	2	0	0	0	2	0	28	0	15	20	0	0	27	0	34	0	134	90	68	154
326	318	39	17	6	310	17	7	0	39	17	6	11	0	18	0	109	39	12	10	302	15	7	0	17	7	0	5	0	0	0	50	14	0	0	39	17	6	2	0	12	0	14	0	0	0	11	0	18	0	109	39	12	10	294	15	7	0	15	7	0	5	0	0	0	45	14	0	0	17	7	0	2	0	0	0	14	0	0	0	5	0	0	0	50	14	0	0	39	17	6	0	0	0	0	1	0	0	0	2	0	12	0	14	0	0	0	11	0	18	0	109	39	12	10	286	15	7	0	15	7	0	5	0	0	0	45	14	0	0	15	7	0	2	0	0	0	14	0	0	0	5	0	0	0	45	14	0	0	17	7	0	0	0	0	0	1	0	0	0	2	0	0	0	14	0	0	0	5	0	0	0	50	14	0	0	39	17	6	0	0	0	0	0	0	0	0	0	0	0	0	1	0	0	0	2	0	12	0	14	0	0	0	11	0	18	0	109	39	12	10
332	324	43	16	6	316	21	0	0	43	16	6	18	0	18	0	115	40	24	10	308	19	0	0	21	0	0	12	0	0	0	60	0	0	0	43	16	6	6	0	12	0	10	0	0	0	18	0	18	0	115	40	24	10	300	19	0	0	19	0	0	12	0	0	0	55	0	0	0	21	0	0	6	0	0	0	10	0	0	0	12	0	0	0	60	0	0	0	43	16	6	1	0	0	0	0	0	0	0	6	0	12	0	10	0	0	0	18	0	18	0	115	40	24	10	292	19	0	0	19	0	0	12	0	0	0	55	0	0	0	19	0	0	6	0	0	0	10	0	0	0	12	0	0	0	55	0	0	0	21	0	0	1	0	0	0	0	0	0	0	6	0	0	0	10	0	0	0	12	0	0	0	60	0	0	0	43	16	6	0	0	0	0	0	0	0	0	1	0	0	0	0	0	0	0	6	0	12	0	10	0	0	0	18	0	18	0	115	40	24	10
431	420	47	41	0	409	14	24	0	47	41	0	10	16	0	0	120	130	0	0	398	14	24	0	14	24	0	10	16	0	0	39	80	0	0	47	41	0	6	0	0	0	7	0	0	0	10	16	0	0	120	130	0	0	387	14	24	0	14	24	0	10	16	0	0	39	80	0	0	14	24	0	6	0	0	0	7	0	0	0	10	16	0	0	39	80	0	0	47	41	0	1	0	0	0	1	0	0	0	6	0	0	0	7	0	0	0	10	16	0	0	120	130	0	0	376	14	24	0	14	24	0	10	16	0	0	39	80	0	0	14	24	0	6	0	0	0	7	0	0	0	10	16	0	0	39	80	0	0	14	24	0	1	0	0	0	0	0	0	0	6	0	0	0	7	0	0	0	10	16	0	0	39	80	0	0	47	41	0	0	0	0	0	1	0	0	0	1	0	0	0	1	0	0	0	6	0	0	0	7	0	0	0	10	16	0	0	120	130	0	0
487	475	61	35	24	463	31	0	16	61	35	24	20	0	53	34	147	105	120	0	451	31	0	0	31	0	16	20	0	42	0	85	0	80	0	61	35	24	18	0	0	0	18	0	0	57	20	0	53	34	147	105	120	0	439	30	0	0	31	0	0	20	0	0	0	85	0	0	0	31	0	16	13	0	0	0	13	0	0	8	20	0	42	0	85	0	80	0	61	35	24	16	0	0	0	4	7	0	0	18	0	0	0	18	0	0	57	20	0	53	34	147	105	120	0	427	29	0	0	30	0	0	19	0	0	0	83	0	0	0	31	0	0	13	0	0	0	13	0	0	8	20	0	0	0	85	0	0	0	31	0	16	11	0	0	0	3	0	0	0	13	0	0	0	13	0	0	8	20	0	42	0	85	0	80	0	61	35	24	16	0	0	0	4	7	0	0	16	0	0	0	4	7	0	0	18	0	0	0	18	0	0	57	20	0	53	34	147	105	120	0
525	512	52	32	40	499	31	12	14	52	32	40	21	0	40	40	134	42	80	46	486	30	12	0	31	12	14	20	0	28	0	89	12	28	0	52	32	40	12	0	0	0	18	12	0	44	21	0	40	40	134	42	80	46	473	30	12	0	30	12	0	20	0	0	0	86	12	0	0	31	12	14	12	0	0	0	16	12	0	12	20	0	28	0	89	12	28	0	52	32	40	10	0	0	0	6	0	0	0	12	0	0	0	18	12	0	44	21	0	40	40	134	42	80	46	460	30	12	0	30	12	0	20	0	0	0	86	12	0	0	30	12	0	12	0	0	0	16	12	0	4	20	0	0	0	86	12	0	0	31	12	14	10	0	0	0	3	0	0	0	12	0	0	0	16	12	0	12	20	0	28	0	89	12	28	0	52	32	40	9	0	0	0	4	0	0	0	10	0	0	0	6	0	0	0	12	0	0	0	18	12	0	44	21	0	40	40	134	42	80	46
708	690	67	94	53	672	34	58	14	67	94	53	28	44	40	40	170	233	159	163	654	31	56	0	34	58	14	17	42	28	0	98	160	42	69	67	94	53	10	28	0	0	24	42	0	44	28	44	40	40	170	233	159	163	636	31	56	0	31	56	0	17	42	0	0	88	154	0	65	34	58	14	10	28	0	0	19	42	0	12	17	42	28	0	98	160	42	69	67	94	53	10	0	0	0	8	0	0	0	10	28	0	0	24	42	0	44	28	44	40	40	170	233	159	163	618	31	56	0	31	56	0	17	42	0	0	88	154	0	49	31	56	0	10	28	0	0	19	42	0	4	17	42	0	0	88	154	0	65	34	58	14	10	0	0	0	4	0	0	0	10	28	0	0	19	42	0	12	17	42	28	0	98	160	42	69	67	94	53	9	0	0	0	4	0	0	0	10	0	0	0	8	0	0	0	10	28	0	0	24	42	0	44	28	44	40	40	170	233	159	163
319	311	33	13	7	303	15	7	0	33	13	7	12	0	0	0	81	27	7	6	295	15	7	0	15	7	0	12	0	0	0	40	21	0	0	33	13	7	6	0	0	0	6	0	0	0	12	0	0	0	81	27	7	6	287	15	7	0	15	7	0	12	0	0	0	40	21	0	0	15	7	0	6	0	0	0	6	0	0	0	12	0	0	0	40	21	0	0	33	13	7	1	0	0	0	1	0	0	0	6	0	0	0	6	0	0	0	12	0	0	0	81	27	7	6	279	15	7	0	15	7	0	12	0	0	0	40	21	0	0	15	7	0	6	0	0	0	6	0	0	0	12	0	0	0	40	21	0	0	15	7	0	1	0	0	0	0	0	0	0	6	0	0	0	6	0	0	0	12	0	0	0	40	21	0	0	33	13	7	1	0	0	0	1	0	0	0	1	0	0	0	1	0	0	0	6	0	0	0	6	0	0	0	12	0	0	0	81	27	7	6
606	590	60	96	7	574	22	65	0	60	96	7	14	79	0	0	142	263	28	6	558	21	61	0	22	65	0	13	73	0	0	60	183	0	0	60	96	7	9	41	0	0	15	10	0	0	14	79	0	0	142	263	28	6	542	21	60	0	21	61	0	13	70	0	0	57	172	0	0	22	65	0	9	40	0	0	10	10	0	0	13	73	0	0	60	183	0	0	60	96	7	9	10	0	0	6	0	0	0	9	41	0	0	15	10	0	0	14	79	0	0	142	263	28	6	526	21	60	0	21	60	0	13	70	0	0	57	170	0	0	21	61	0	9	40	0	0	10	10	0	0	13	70	0	0	57	172	0	0	22	65	0	9	10	0	0	4	0	0	0	9	40	0	0	10	10	0	0	13	73	0	0	60	183	0	0	60	96	7	7	0	0	0	3	0	0	0	9	10	0	0	6	0	0	0	9	41	0	0	15	10	0	0	14	79	0	0	142	263	28	6
594	579	50	27	85	564	34	14	39	50	27	85	23	0	8	61	128	14	85	131	549	32	14	32	34	14	39	21	0	8	44	96	14	39	44	50	27	85	18	0	8	50	23	14	0	0	23	0	8	61	128	14	85	131	534	31	14	7	32	14	32	21	0	8	0	91	14	32	0	34	14	39	13	0	8	0	15	14	0	0	21	0	8	44	96	14	39	44	50	27	85	16	0	0	7	4	0	0	91	18	0	8	50	23	14	0	0	23	0	8	61	128	14	85	131	519	28	13	4	31	14	7	20	0	7	0	89	14	7	0	32	14	32	13	0	8	0	15	14	0	0	21	0	8	0	91	14	32	0	34	14	39	11	0	0	4	3	0	0	20	13	0	8	0	15	14	0	0	21	0	8	44	96	14	39	44	50	27	85	12	13	24	12	4	0	0	0	16	0	0	7	4	0	0	91	18	0	8	50	23	14	0	0	23	0	8	61	128	14	85	131
516	503	53	36	46	490	32	0	29	53	36	46	29	0	8	41	133	81	184	31	477	29	0	24	32	0	29	20	0	8	28	92	0	116	16	53	36	46	17	0	8	34	13	18	0	0	29	0	8	41	133	81	184	31	464	28	0	7	29	0	24	20	0	8	0	86	0	96	0	32	0	29	12	0	8	0	9	0	0	0	20	0	8	28	92	0	116	16	53	36	46	16	0	0	7	3	0	0	57	17	0	8	34	13	18	0	0	29	0	8	41	133	81	184	31	451	26	0	4	28	0	7	19	0	7	0	84	0	28	0	29	0	24	12	0	8	0	9	0	0	0	20	0	8	0	86	0	96	0	32	0	29	11	0	0	4	3	0	0	8	12	0	8	0	9	0	0	0	20	0	8	28	92	0	116	16	53	36	46	13	0	12	12	3	0	0	0	16	0	0	7	3	0	0	57	17	0	8	34	13	18	0	0	29	0	8	41	133	81	184	31
695	677	71	107	48	659	36	60	38	71	107	48	35	29	17	31	189	282	240	24	641	30	54	35	36	60	38	23	28	17	26	117	170	190	16	71	107	48	13	59	26	26	16	34	0	0	35	29	17	31	189	282	240	24	623	28	39	14	30	54	35	19	23	17	0	101	159	175	0	36	60	38	11	14	26	0	7	15	0	0	23	28	17	26	117	170	190	16	71	107	48	13	61	18	21	7	0	48	81	13	59	26	26	16	34	0	0	35	29	17	31	189	282	240	24	605	24	24	8	28	39	14	17	9	14	0	95	121	70	0	30	54	35	9	9	26	0	7	14	0	0	19	23	17	0	101	159	175	0	36	60	38	9	15	18	12	3	0	38	20	11	14	26	0	7	15	0	0	23	28	17	26	117	170	190	16	71	107	48	13	60	33	24	8	15	48	0	13	61	18	21	7	0	48	81	13	59	26	26	16	34	0	0	35	29	17	31	189	282	240	24
665	647	64	117	34	629	28	95	0	64	117	34	27	78	0	0	154	288	68	124	611	25	89	0	28	95	0	16	78	0	0	81	262	0	44	64	117	34	18	60	0	0	19	30	0	0	27	78	0	0	154	288	68	124	593	21	80	0	25	89	0	16	60	0	0	71	247	0	0	28	95	0	7	60	0	0	7	30	0	0	16	78	0	0	81	262	0	44	64	117	34	9	90	0	0	3	30	0	0	18	60	0	0	19	30	0	0	27	78	0	0	154	288	68	124	575	19	74	0	21	80	0	12	60	0	0	59	220	0	0	25	89	0	7	60	0	0	7	30	0	0	16	60	0	0	71	247	0	0	28	95	0	2	90	0	0	0	30	0	0	7	60	0	0	7	30	0	0	16	78	0	0	81	262	0	44	64	117	34	8	48	0	0	7	10	0	0	9	90	0	0	3	30	0	0	18	60	0	0	19	30	0	0	27	78	0	0	154	288	68	124
397	387	44	21	24	377	27	0	0	44	21	24	23	0	0	0	107	35	72	84	367	26	0	0	27	0	0	19	0	0	0	75	0	0	30	44	21	24	18	0	0	0	13	7	0	0	23	0	0	0	107	35	72	84	357	25	0	0	26	0	0	19	0	0	0	73	0	0	0	27	0	0	13	0	0	0	9	0	0	0	19	0	0	0	75	0	0	30	44	21	24	16	0	0	0	3	0	0	0	18	0	0	0	13	7	0	0	23	0	0	0	107	35	72	84	347	24	0	0	25	0	0	18	0	0	0	71	0	0	0	26	0	0	13	0	0	0	9	0	0	0	19	0	0	0	73	0	0	0	27	0	0	11	0	0	0	3	0	0	0	13	0	0	0	9	0	0	0	19	0	0	0	75	0	0	30	44	21	24	13	0	0	0	2	0	0	0	16	0	0	0	3	0	0	0	18	0	0	0	13	7	0	0	23	0	0	0	107	35	72	84
579	564	46	54	53	549	22	10	24	46	54	53	21	40	38	33	124	128	212	118	534	18	0	24	22	10	24	13	0	33	33	73	20	96	67	46	54	53	6	0	29	0	1	0	53	0	21	40	38	33	124	128	212	118	519	16	0	24	18	0	24	10	0	33	33	63	0	96	59	22	10	24	4	0	18	0	1	0	24	0	13	0	33	33	73	20	96	67	46	54	53	1	0	19	0	0	0	0	0	6	0	29	0	1	0	53	0	21	40	38	33	124	128	212	118	504	15	0	21	16	0	24	9	0	33	28	57	0	96	21	18	0	24	3	0	18	0	1	0	24	0	10	0	33	33	63	0	96	59	22	10	24	1	0	9	0	0	0	0	0	4	0	18	0	1	0	24	0	13	0	33	33	73	20	96	67	46	54	53	4	0	9	21	3	0	0	0	1	0	19	0	0	0	0	0	6	0	29	0	1	0	53	0	21	40	38	33	124	128	212	118
414	403	41	19	46	392	21	18	0	41	19	46	20	9	0	0	107	75	0	237	381	18	18	0	21	18	0	12	9	0	0	59	72	0	106	41	19	46	8	0	9	0	6	0	0	0	20	9	0	0	107	75	0	237	370	17	18	0	18	18	0	11	9	0	0	53	72	0	91	21	18	0	8	0	0	0	5	0	0	0	12	9	0	0	59	72	0	106	41	19	46	10	0	9	0	3	0	0	0	8	0	9	0	6	0	0	0	20	9	0	0	107	75	0	237	359	12	18	0	17	18	0	10	9	0	0	50	72	0	28	18	18	0	7	0	0	0	5	0	0	0	11	9	0	0	53	72	0	91	21	18	0	10	0	0	0	3	0	0	0	8	0	0	0	5	0	0	0	12	9	0	0	59	72	0	106	41	19	46	1	0	46	0	4	0	0	0	10	0	9	0	3	0	0	0	8	0	9	0	6	0	0	0	20	9	0	0	107	75	0	237
381	371	35	17	33	361	21	9	0	35	17	33	21	0	0	0	96	27	33	152	351	18	9	0	21	9	0	13	0	0	0	63	27	0	67	35	17	33	8	0	9	0	4	0	0	0	21	0	0	0	96	27	33	152	341	17	9	0	18	9	0	12	0	0	0	57	27	0	59	21	9	0	8	0	0	0	4	0	0	0	13	0	0	0	63	27	0	67	35	17	33	10	0	9	0	3	0	0	0	8	0	9	0	4	0	0	0	21	0	0	0	96	27	33	152	331	13	9	0	17	9	0	11	0	0	0	54	27	0	21	18	9	0	7	0	0	0	4	0	0	0	12	0	0	0	57	27	0	59	21	9	0	10	0	0	0	3	0	0	0	8	0	0	0	4	0	0	0	13	0	0	0	63	27	0	67	35	17	33	1	0	33	0	2	0	0	0	10	0	9	0	3	0	0	0	8	0	9	0	4	0	0	0	21	0	0	0	96	27	33	152
547	532	50	83	18	517	16	51	0	50	83	18	11	70	0	0	124	255	72	94	502	14	44	0	16	51	0	7	44	0	0	50	180	0	67	50	83	18	3	11	9	0	2	0	18	0	11	70	0	0	124	255	72	94	487	13	44	0	14	44	0	6	44	0	0	46	165	0	59	16	51	0	3	11	0	0	1	0	0	0	7	44	0	0	50	180	0	67	50	83	18	1	0	9	0	0	0	0	0	3	11	9	0	2	0	18	0	11	70	0	0	124	255	72	94	472	12	44	0	13	44	0	5	44	0	0	43	165	0	21	14	44	0	2	11	0	0	1	0	0	0	6	44	0	0	46	165	0	59	16	51	0	1	0	0	0	0	0	0	0	3	11	0	0	1	0	0	0	7	44	0	0	50	180	0	67	50	83	18	3	0	9	0	4	0	0	0	1	0	9	0	0	0	0	0	3	11	9	0	2	0	18	0	11	70	0	0	124	255	72	94
309	301	29	15	9	293	15	0	0	29	15	9	16	0	0	0	71	25	27	48	285	12	0	0	15	0	0	8	0	0	0	44	0	0	38	29	15	9	2	0	9	0	1	0	0	0	16	0	0	0	71	25	27	48	277	11	0	0	12	0	0	7	0	0	0	38	0	0	35	15	0	0	2	0	0	0	1	0	0	0	8	0	0	0	44	0	0	38	29	15	9	1	0	9	0	0	0	0	0	2	0	9	0	1	0	0	0	16	0	0	0	71	25	27	48	269	10	0	0	11	0	0	6	0	0	0	35	0	0	14	12	0	0	1	0	0	0	1	0	0	0	7	0	0	0	38	0	0	35	15	0	0	1	0	0	0	0	0	0	0	2	0	0	0	1	0	0	0	8	0	0	0	44	0	0	38	29	15	9	1	0	9	0	1	0	0	0	1	0	9	0	0	0	0	0	2	0	9	0	1	0	0	0	16	0	0	0	71	25	27	48
492	479	38	22	56	466	17	0	32	38	22	56	16	0	46	28	106	33	112	80	453	16	0	28	17	0	32	14	0	28	24	57	0	64	24	38	22	56	5	0	11	33	0	0	0	0	16	0	46	28	106	33	112	80	440	16	0	28	16	0	28	14	0	26	24	54	0	56	24	17	0	32	5	0	10	33	0	0	0	0	14	0	28	24	57	0	64	24	38	22	56	0	0	0	0	0	0	0	0	5	0	11	33	0	0	0	0	16	0	46	28	106	33	112	80	427	16	0	28	16	0	28	14	0	26	24	54	0	56	24	16	0	28	5	0	9	33	0	0	0	0	14	0	26	24	54	0	56	24	17	0	32	0	0	0	0	0	0	0	0	5	0	10	33	0	0	0	0	14	0	28	24	57	0	64	24	38	22	56	3	0	0	0	2	0	0	0	0	0	0	0	0	0	0	0	5	0	11	33	0	0	0	0	16	0	46	28	106	33	112	80
489	476	52	40	43	463	20	0	32	52	40	43	18	0	76	10	147	112	215	53	450	19	0	31	20	0	32	16	0	64	9	71	0	160	24	52	40	43	9	0	11	9	5	0	0	0	18	0	76	10	147	112	215	53	437	19	0	31	19	0	31	16	0	62	9	68	0	155	24	20	0	32	9	0	10	9	3	0	0	0	16	0	64	9	71	0	160	24	52	40	43	2	0	0	0	0	0	0	0	9	0	11	9	5	0	0	0	18	0	76	10	147	112	215	53	424	19	0	31	19	0	31	16	0	62	9	68	0	155	24	19	0	31	9	0	9	9	3	0	0	0	16	0	62	9	68	0	155	24	20	0	32	2	0	0	0	0	0	0	0	9	0	10	9	3	0	0	0	16	0	64	9	71	0	160	24	52	40	43	3	0	0	0	5	0	0	0	2	0	0	0	0	0	0	0	9	0	11	9	5	0	0	0	18	0	76	10	147	112	215	53
376	366	38	24	10	356	16	0	4	38	24	10	14	0	14	0	101	54	40	18	346	16	0	4	16	0	4	14	0	8	0	53	0	16	0	38	24	10	5	0	0	0	1	0	0	0	14	0	14	0	101	54	40	18	336	16	0	4	16	0	4	14	0	8	0	53	0	16	0	16	0	4	5	0	0	0	0	0	0	0	14	0	8	0	53	0	16	0	38	24	10	0	0	0	0	0	0	0	0	5	0	0	0	1	0	0	0	14	0	14	0	101	54	40	18	326	16	0	4	16	0	4	14	0	8	0	53	0	16	0	16	0	4	5	0	0	0	0	0	0	0	14	0	8	0	53	0	16	0	16	0	4	0	0	0	0	0	0	0	0	5	0	0	0	0	0	0	0	14	0	8	0	53	0	16	0	38	24	10	2	0	0	0	2	0	0	0	0	0	0	0	0	0	0	0	5	0	0	0	1	0	0	0	14	0	14	0	101	54	40	18
266	259	18	0	29	252	7	0	0	18	0	29	5	0	16	0	42	0	0	113	245	7	0	0	7	0	0	5	0	0	0	21	0	0	24	18	0	29	1	0	0	0	0	0	0	0	5	0	16	0	42	0	0	113	238	7	0	0	7	0	0	5	0	0	0	21	0	0	24	7	0	0	1	0	0	0	0	0	0	0	5	0	0	0	21	0	0	24	18	0	29	0	0	0	0	0	0	0	0	1	0	0	0	0	0	0	0	5	0	16	0	42	0	0	113	231	7	0	0	7	0	0	5	0	0	0	21	0	0	24	7	0	0	1	0	0	0	0	0	0	0	5	0	0	0	21	0	0	24	7	0	0	0	0	0	0	0	0	0	0	1	0	0	0	0	0	0	0	5	0	0	0	21	0	0	24	18	0	29	0	0	0	0	0	0	0	0	0	0	0	0	0	0	0	0	1	0	0	0	0	0	0	0	5	0	16	0	42	0	0	113
436	424	34	42	21	412	13	20	0	34	42	21	13	10	16	0	86	65	63	80	400	13	20	0	13	20	0	13	10	0	0	46	30	0	24	34	42	21	5	0	0	0	0	0	0	0	13	10	16	0	86	65	63	80	388	13	20	0	13	20	0	13	10	0	0	46	30	0	24	13	20	0	5	0	0	0	0	0	0	0	13	10	0	0	46	30	0	24	34	42	21	0	0	0	0	0	0	0	0	5	0	0	0	0	0	0	0	13	10	16	0	86	65	63	80	376	13	20	0	13	20	0	13	10	0	0	46	30	0	24	13	20	0	5	0	0	0	0	0	0	0	13	10	0	0	46	30	0	24	13	20	0	0	0	0	0	0	0	0	0	5	0	0	0	0	0	0	0	13	10	0	0	46	30	0	24	34	42	21	2	0	0	0	1	0	0	0	0	0	0	0	0	0	0	0	5	0	0	0	0	0	0	0	13	10	16	0	86	65	63	80
676	657	66	91	91	638	30	62	49	66	91	91	22	47	35	86	176	327	182	130	619	29	60	27	30	62	49	21	45	33	20	96	263	98	68	66	91	91	8	30	14	55	11	0	0	71	22	47	35	86	176	327	182	130	600	29	60	17	29	60	27	21	45	27	18	95	255	54	63	30	62	49	8	30	14	9	4	0	0	24	21	45	33	20	96	263	98	68	66	91	91	6	0	0	9	3	0	0	48	8	30	14	55	11	0	0	71	22	47	35	86	176	327	182	130	581	28	58	17	29	60	17	21	45	17	18	95	255	34	63	29	60	27	8	30	9	9	3	0	0	24	21	45	27	18	95	255	54	63	30	62	49	3	0	0	9	0	0	0	38	8	30	14	9	4	0	0	24	21	45	33	20	96	263	98	68	66	91	91	5	26	0	0	8	13	0	0	6	0	0	9	3	0	0	48	8	30	14	55	11	0	0	71	22	47	35	86	176	327	182	130
690	671	65	74	102	652	34	18	81	65	74	102	29	0	87	52	182	212	408	53	633	33	18	80	34	18	81	25	0	85	50	117	72	324	36	65	74	102	14	0	0	10	14	14	0	0	29	0	87	52	182	212	408	53	614	33	18	79	33	18	80	25	0	84	48	116	72	320	35	34	18	81	14	0	0	9	9	0	0	0	25	0	85	50	117	72	324	36	65	74	102	14	0	0	9	10	0	0	0	14	0	0	10	14	14	0	0	29	0	87	52	182	212	408	53	595	32	18	79	33	18	79	25	0	83	48	116	72	316	35	33	18	80	14	0	0	9	7	0	0	0	25	0	84	48	116	72	320	35	34	18	81	11	0	0	9	1	0	0	0	14	0	0	9	9	0	0	0	25	0	85	50	117	72	324	36	65	74	102	24	0	0	0	11	14	0	0	14	0	0	9	10	0	0	0	14	0	0	10	14	14	0	0	29	0	87	52	182	212	408	53
590	574	43	28	84	558	24	0	58	43	28	84	19	0	47	30	121	42	168	74	542	24	0	58	24	0	58	19	0	47	30	78	0	116	36	43	28	84	9	0	0	0	7	0	0	0	19	0	47	30	121	42	168	74	526	24	0	58	24	0	58	19	0	47	30	78	0	116	35	24	0	58	9	0	0	0	3	0	0	0	19	0	47	30	78	0	116	36	43	28	84	2	0	0	0	3	0	0	0	9	0	0	0	7	0	0	0	19	0	47	30	121	42	168	74	510	24	0	58	24	0	58	19	0	47	30	78	0	116	35	24	0	58	9	0	0	0	3	0	0	0	19	0	47	30	78	0	116	35	24	0	58	2	0	0	0	0	0	0	0	9	0	0	0	3	0	0	0	19	0	47	30	78	0	116	36	43	28	84	2	0	0	0	5	0	0	0	2	0	0	0	3	0	0	0	9	0	0	0	7	0	0	0	19	0	47	30	121	42	168	74
515	500	51	67	40	485	22	52	8	51	67	40	13	64	8	0	123	169	40	130	470	22	50	8	22	52	8	13	60	8	0	64	148	8	68	51	67	40	7	20	0	0	9	0	0	0	13	64	8	0	123	169	40	130	455	22	50	8	22	50	8	13	60	8	0	64	140	8	63	22	52	8	7	20	0	0	4	0	0	0	13	60	8	0	64	148	8	68	51	67	40	2	0	0	0	0	0	0	0	7	20	0	0	9	0	0	0	13	64	8	0	123	169	40	130	440	22	50	8	22	50	8	13	60	8	0	64	140	8	63	22	50	8	7	20	0	0	4	0	0	0	13	60	8	0	64	140	8	63	22	52	8	2	0	0	0	0	0	0	0	7	20	0	0	4	0	0	0	13	60	8	0	64	148	8	68	51	67	40	2	0	0	0	5	0	0	0	2	0	0	0	0	0	0	0	7	20	0	0	9	0	0	0	13	64	8	0	123	169	40	130
617	599	99	120	29	581	46	79	21	99	120	29	45	82	47	0	258	456	145	43	563	42	74	21	46	79	21	26	76	47	0	136	326	105	32	99	120	29	11	62	0	0	21	49	0	0	45	82	47	0	258	456	145	43	545	42	72	21	42	74	21	26	72	47	0	123	308	105	31	46	79	21	11	60	0	0	11	40	0	0	26	76	47	0	136	326	105	32	99	120	29	17	24	0	0	13	0	0	0	11	62	0	0	21	49	0	0	45	82	47	0	258	456	145	43	527	40	72	21	42	72	21	26	72	47	0	123	300	105	31	42	74	21	10	60	0	0	7	36	0	0	26	72	47	0	123	308	105	31	46	79	21	9	24	0	0	1	0	0	0	11	60	0	0	11	40	0	0	26	76	47	0	136	326	105	32	99	120	29	24	0	0	0	13	19	0	0	17	24	0	0	13	0	0	0	11	62	0	0	21	49	0	0	45	82	47	0	258	456	145	43
636	618	70	72	119	600	38	32	82	70	72	119	30	16	81	40	192	213	357	222	582	36	32	80	38	32	82	25	16	80	36	123	144	246	151	70	72	119	18	0	0	22	27	13	0	0	30	16	81	40	192	213	357	222	564	33	29	74	36	32	80	25	16	80	29	119	144	240	128	38	32	82	12	0	0	20	8	0	0	0	25	16	80	36	123	144	246	151	70	72	119	14	39	0	55	17	39	0	0	18	0	0	22	27	13	0	0	30	16	81	40	192	213	357	222	546	29	13	59	33	29	74	22	13	75	18	109	129	222	117	36	32	80	12	0	0	18	6	0	0	0	25	16	80	29	119	144	240	128	38	32	82	11	0	0	9	5	0	0	0	12	0	0	20	8	0	0	0	25	16	80	36	123	144	246	151	70	72	119	19	39	43	69	15	13	119	48	14	39	0	55	17	39	0	0	18	0	0	22	27	13	0	0	30	16	81	40	192	213	357	222
594	577	61	45	123	560	39	30	58	61	45	123	29	15	24	79	169	90	123	346	543	37	30	58	39	30	58	24	15	24	79	126	75	58	217	61	45	123	14	0	0	0	18	14	0	0	29	15	24	79	169	90	123	346	526	37	30	58	37	30	58	24	15	24	79	122	75	58	194	39	30	58	14	0	0	0	9	0	0	0	24	15	24	79	126	75	58	217	61	45	123	14	0	0	0	15	0	0	0	14	0	0	0	18	14	0	0	29	15	24	79	169	90	123	346	509	35	30	58	37	30	58	24	15	24	79	122	75	58	183	37	30	58	14	0	0	0	7	0	0	0	24	15	24	79	122	75	58	194	39	30	58	11	0	0	0	2	0	0	0	14	0	0	0	9	0	0	0	24	15	24	79	126	75	58	217	61	45	123	21	0	13	0	10	0	0	0	14	0	0	0	15	0	0	0	14	0	0	0	18	14	0	0	29	15	24	79	169	90	123	346
538	523	48	26	121	508	29	0	81	48	26	121	22	0	38	66	131	39	242	215	493	27	0	81	29	0	81	17	0	38	66	96	0	162	160	48	26	121	16	0	0	0	20	13	0	0	22	0	38	66	131	39	242	215	478	24	0	81	27	0	81	17	0	38	66	92	0	162	159	29	0	81	10	0	0	0	8	0	0	0	17	0	38	66	96	0	162	160	48	26	121	16	0	0	0	12	39	0	0	16	0	0	0	20	13	0	0	22	0	38	66	131	39	242	215	463	22	0	81	24	0	81	14	0	38	66	82	0	162	158	27	0	81	10	0	0	0	6	0	0	0	17	0	38	66	92	0	162	159	29	0	81	11	0	0	0	1	0	0	0	10	0	0	0	8	0	0	0	17	0	38	66	96	0	162	160	48	26	121	22	0	0	0	10	13	0	0	16	0	0	0	12	39	0	0	16	0	0	0	20	13	0	0	22	0	38	66	131	39	242	215
697	677	74	101	109	657	42	36	99	74	101	109	43	0	60	39	172	241	545	29	637	38	36	99	42	36	99	28	0	60	39	122	72	495	21	74	101	109	16	0	0	0	25	39	0	0	43	0	60	39	172	241	545	29	617	35	36	99	38	36	99	28	0	60	39	111	72	495	21	42	36	99	10	0	0	0	9	0	0	0	28	0	60	39	122	72	495	21	74	101	109	19	0	0	0	25	39	0	0	16	0	0	0	25	39	0	0	43	0	60	39	172	241	545	29	597	32	36	99	35	36	99	25	0	60	39	101	72	495	21	38	36	99	10	0	0	0	7	0	0	0	28	0	60	39	111	72	495	21	42	36	99	11	0	0	0	6	0	0	0	10	0	0	0	9	0	0	0	28	0	60	39	122	72	495	21	74	101	109	25	0	0	0	16	31	0	0	19	0	0	0	25	39	0	0	16	0	0	0	25	39	0	0	43	0	60	39	172	241	545	29
658	638	110	158	33	618	59	120	12	110	158	33	54	122	36	0	273	478	132	131	598	53	108	12	59	120	12	36	90	36	0	163	401	48	102	110	158	33	15	66	0	0	29	71	33	0	54	122	36	0	273	478	132	131	578	49	99	12	53	108	12	34	84	36	0	143	375	48	101	59	120	12	8	66	0	0	14	56	12	0	36	90	36	0	163	401	48	102	110	158	33	18	105	0	0	33	32	0	0	15	66	0	0	29	71	33	0	54	122	36	0	273	478	132	131	558	44	81	12	49	99	12	31	72	36	0	132	338	48	100	53	108	12	7	60	0	0	12	36	12	0	34	84	36	0	143	375	48	101	59	120	12	4	93	0	0	15	7	0	0	8	66	0	0	14	56	12	0	36	90	36	0	163	401	48	102	110	158	33	12	156	0	0	25	49	0	0	18	105	0	0	33	32	0	0	15	66	0	0	29	71	33	0	54	122	36	0	273	478	132	131
802	779	67	43	226	756	48	21	156	67	43	226	50	21	31	129	165	87	226	505	733	38	0	155	48	21	156	34	0	24	128	127	63	156	332	67	43	226	13	0	64	14	15	42	226	0	50	21	31	129	165	87	226	505	710	28	0	155	38	0	155	23	0	24	128	98	0	155	330	48	21	156	5	0	64	14	5	0	156	0	34	0	24	128	127	63	156	332	67	43	226	11	0	69	0	14	21	0	0	13	0	64	14	15	42	226	0	50	21	31	129	165	87	226	505	687	23	0	147	28	0	155	19	0	24	123	66	0	155	324	38	0	155	5	0	64	9	5	0	155	0	23	0	24	128	98	0	155	330	48	21	156	6	0	55	0	9	0	0	0	5	0	64	14	5	0	156	0	34	0	24	128	127	63	156	332	67	43	226	8	0	34	74	14	0	0	0	11	0	69	0	14	21	0	0	13	0	64	14	15	42	226	0	50	21	31	129	165	87	226	505
551	534	76	86	63	517	51	60	28	76	86	63	49	72	23	24	172	131	126	261	500	46	60	28	51	60	28	36	72	16	24	132	108	56	193	76	86	63	21	0	0	0	25	20	0	0	49	72	23	24	172	131	126	261	483	37	60	28	46	60	28	34	72	16	24	117	108	56	191	51	60	28	10	0	0	0	13	0	0	0	36	72	16	24	132	108	56	193	76	86	63	18	0	13	0	28	70	0	0	21	0	0	0	25	20	0	0	49	72	23	24	172	131	126	261	466	29	60	28	37	60	28	22	72	16	24	90	108	56	185	46	60	28	10	0	0	0	13	0	0	0	34	72	16	24	117	108	56	191	51	60	28	8	0	0	0	11	48	0	0	10	0	0	0	13	0	0	0	36	72	16	24	132	108	56	193	76	86	63	19	0	34	0	17	42	0	0	18	0	13	0	28	70	0	0	21	0	0	0	25	20	0	0	49	72	23	24	172	131	126	261
592	575	57	42	116	558	40	0	90	57	42	116	39	0	23	72	131	56	348	142	541	35	0	90	40	0	90	26	0	16	72	97	0	270	111	57	42	116	12	0	0	0	19	28	0	0	39	0	23	72	131	56	348	142	524	31	0	90	35	0	90	24	0	16	72	82	0	270	111	40	0	90	5	0	0	0	9	0	0	0	26	0	16	72	97	0	270	111	57	42	116	11	0	0	0	17	14	0	0	12	0	0	0	19	28	0	0	39	0	23	72	131	56	348	142	507	27	0	90	31	0	90	21	0	16	72	71	0	270	111	35	0	90	5	0	0	0	9	0	0	0	24	0	16	72	82	0	270	111	40	0	90	6	0	0	0	12	0	0	0	5	0	0	0	9	0	0	0	26	0	16	72	97	0	270	111	57	42	116	8	0	21	0	14	0	0	0	11	0	0	0	17	14	0	0	12	0	0	0	19	28	0	0	39	0	23	72	131	56	348	142
621	603	61	87	91	585	34	22	77	61	87	91	29	110	14	14	147	233	455	109	567	28	0	77	34	22	77	25	0	14	14	83	77	385	99	61	87	91	8	0	34	0	16	22	182	0	29	110	14	14	147	233	455	109	549	21	0	77	28	0	77	17	0	14	14	67	0	385	99	34	22	77	1	0	34	0	8	0	154	0	25	0	14	14	83	77	385	99	61	87	91	2	0	30	0	17	11	0	0	8	0	34	0	16	22	182	0	29	110	14	14	147	233	455	109	531	20	0	75	21	0	77	14	0	14	14	47	0	385	99	28	0	77	1	0	34	0	8	0	154	0	17	0	14	14	67	0	385	99	34	22	77	0	0	30	0	13	0	0	0	1	0	34	0	8	0	154	0	25	0	14	14	83	77	385	99	61	87	91	2	0	0	16	10	0	0	0	2	0	30	0	17	11	0	0	8	0	34	0	16	22	182	0	29	110	14	14	147	233	455	109
537	521	79	80	56	505	51	59	10	79	80	56	52	33	7	0	200	187	112	382	489	44	53	10	51	59	10	39	33	0	0	145	166	20	274	79	80	56	12	54	20	0	21	18	0	0	52	33	7	0	200	187	112	382	473	39	24	10	44	53	10	31	27	0	0	125	146	20	272	51	59	10	11	0	20	0	10	0	0	0	39	33	0	0	145	166	20	274	79	80	56	20	18	43	0	30	9	168	0	12	54	20	0	21	18	0	0	52	33	7	0	200	187	112	382	457	33	14	8	39	24	10	30	0	0	0	110	54	20	266	44	53	10	11	0	20	0	10	0	0	0	31	27	0	0	125	146	20	272	51	59	10	13	0	30	0	20	0	30	0	11	0	20	0	10	0	0	0	39	33	0	0	145	166	20	274	79	80	56	13	14	34	16	23	29	56	0	20	18	43	0	30	9	168	0	12	54	20	0	21	18	0	0	52	33	7	0	200	187	112	382
512	496	53	62	73	480	31	48	25	53	62	73	26	36	22	32	123	182	73	326	464	24	48	25	31	48	25	18	36	0	32	68	132	25	205	53	62	73	8	0	27	0	12	26	0	0	26	36	22	32	123	182	73	326	448	20	48	25	24	48	25	11	36	0	32	46	132	25	205	31	48	25	1	0	0	0	6	24	0	0	18	36	0	32	68	132	25	205	53	62	73	0	0	9	0	22	26	0	0	8	0	27	0	12	26	0	0	26	36	22	32	123	182	73	326	432	20	48	25	20	48	25	11	36	0	32	40	132	25	205	24	48	25	1	0	0	0	6	24	0	0	11	36	0	32	46	132	25	205	31	48	25	0	0	0	0	13	24	0	0	1	0	0	0	6	24	0	0	18	36	0	32	68	132	25	205	53	62	73	2	0	0	0	12	0	0	0	0	0	9	0	22	26	0	0	8	0	27	0	12	26	0	0	26	36	22	32	123	182	73	326
364	353	40	26	48	342	18	10	21	40	26	48	20	0	38	28	107	86	96	207	331	14	10	21	18	10	21	12	0	14	28	45	30	42	167	40	26	48	5	0	0	0	8	20	0	0	20	0	38	28	107	86	96	207	320	12	10	21	14	10	21	8	0	14	28	33	30	42	167	18	10	21	1	0	0	0	6	20	0	0	12	0	14	28	45	30	42	167	40	26	48	0	0	0	0	9	10	0	0	5	0	0	0	8	20	0	0	20	0	38	28	107	86	96	207	309	12	10	21	12	10	21	8	0	14	28	30	30	42	167	14	10	21	1	0	0	0	6	20	0	0	8	0	14	28	33	30	42	167	18	10	21	0	0	0	0	8	10	0	0	1	0	0	0	6	20	0	0	12	0	14	28	45	30	42	167	40	26	48	1	0	0	0	4	0	0	0	0	0	0	0	9	10	0	0	5	0	0	0	8	20	0	0	20	0	38	28	107	86	96	207
335	325	36	25	30	315	10	0	18	36	25	30	8	0	71	10	105	75	150	91	305	9	0	18	10	0	18	5	0	46	10	32	0	90	77	36	25	30	1	0	11	0	4	0	0	0	8	0	71	10	105	75	150	91	295	9	0	18	9	0	18	5	0	46	10	30	0	90	77	10	0	18	1	0	10	0	4	0	0	0	5	0	46	10	32	0	90	77	36	25	30	0	0	0	0	2	0	0	0	1	0	11	0	4	0	0	0	8	0	71	10	105	75	150	91	285	9	0	18	9	0	18	5	0	46	10	30	0	90	77	9	0	18	1	0	10	0	4	0	0	0	5	0	46	10	30	0	90	77	10	0	18	0	0	0	0	2	0	0	0	1	0	10	0	4	0	0	0	5	0	46	10	32	0	90	77	36	25	30	0	0	0	0	0	0	0	0	0	0	0	0	2	0	0	0	1	0	11	0	4	0	0	0	8	0	71	10	105	75	150	91
539	522	76	96	76	505	51	80	7	76	96	76	48	77	43	28	207	193	76	552	488	46	61	0	51	80	7	42	57	0	0	149	146	7	361	76	96	76	19	9	27	0	18	28	152	33	48	77	43	28	207	193	76	552	471	37	52	0	46	61	0	37	39	0	0	132	100	0	360	51	80	7	12	0	0	0	14	26	14	12	42	57	0	0	149	146	7	361	76	96	76	19	0	42	0	25	70	76	0	19	9	27	0	18	28	152	33	48	77	43	28	207	193	76	552	454	33	51	0	37	52	0	29	39	0	0	108	91	0	360	46	61	0	12	0	0	0	14	26	0	12	37	39	0	0	132	100	0	360	51	80	7	13	0	21	0	18	65	7	0	12	0	0	0	14	26	14	12	42	57	0	0	149	146	7	361	76	96	76	13	12	0	0	18	53	0	0	19	0	42	0	25	70	76	0	19	9	27	0	18	28	152	33	48	77	43	28	207	193	76	552
236	229	33	10	11	222	17	0	0	33	10	11	13	0	22	0	94	25	22	91	215	15	0	0	17	0	0	11	0	0	0	44	0	0	77	33	10	11	2	0	0	0	8	0	0	0	13	0	22	0	94	25	22	91	208	14	0	0	15	0	0	9	0	0	0	39	0	0	77	17	0	0	1	0	0	0	8	0	0	0	11	0	0	0	44	0	0	77	33	10	11	0	0	0	0	9	0	0	0	2	0	0	0	8	0	0	0	13	0	22	0	94	25	22	91	201	14	0	0	14	0	0	9	0	0	0	38	0	0	77	15	0	0	1	0	0	0	8	0	0	0	9	0	0	0	39	0	0	77	17	0	0	0	0	0	0	9	0	0	0	1	0	0	0	8	0	0	0	11	0	0	0	44	0	0	77	33	10	11	1	0	0	0	4	0	0	0	0	0	0	0	9	0	0	0	2	0	0	0	8	0	0	0	13	0	22	0	94	25	22	91
328	318	30	16	39	308	9	0	32	30	16	39	5	0	51	19	86	32	78	30	298	9	0	28	9	0	32	5	0	50	18	32	0	64	18	30	16	39	1	0	0	40	2	0	0	0	5	0	51	19	86	32	78	30	288	9	0	28	9	0	28	5	0	40	18	32	0	56	18	9	0	32	1	0	0	40	2	0	0	0	5	0	50	18	32	0	64	18	30	16	39	0	0	0	0	1	0	0	0	1	0	0	40	2	0	0	0	5	0	51	19	86	32	78	30	278	9	0	28	9	0	28	5	0	40	18	32	0	56	18	9	0	28	1	0	0	40	2	0	0	0	5	0	40	18	32	0	56	18	9	0	32	0	0	0	0	1	0	0	0	1	0	0	40	2	0	0	0	5	0	50	18	32	0	64	18	30	16	39	0	0	0	0	2	0	0	0	0	0	0	0	1	0	0	0	1	0	0	40	2	0	0	0	5	0	51	19	86	32	78	30
525	509	41	39	109	493	18	0	87	41	39	109	14	0	51	111	113	91	327	78	477	18	0	49	18	0	87	14	0	50	32	56	0	261	39	41	39	109	7	0	0	68	6	0	0	317	14	0	51	111	113	91	327	78	461	18	0	49	18	0	49	14	0	40	32	56	0	147	39	18	0	87	7	0	0	68	6	0	0	233	14	0	50	32	56	0	261	39	41	39	109	6	0	0	0	7	0	0	0	7	0	0	68	6	0	0	317	14	0	51	111	113	91	327	78	445	18	0	49	18	0	49	14	0	40	32	56	0	147	39	18	0	49	7	0	0	68	6	0	0	232	14	0	40	32	56	0	147	39	18	0	87	6	0	0	0	7	0	0	0	7	0	0	68	6	0	0	233	14	0	50	32	56	0	261	39	41	39	109	0	0	0	0	5	0	0	0	6	0	0	0	7	0	0	0	7	0	0	68	6	0	0	317	14	0	51	111	113	91	327	78
566	548	66	92	66	530	32	46	22	66	92	66	30	31	30	66	169	265	264	238	512	29	45	10	32	46	22	22	30	11	10	89	138	88	71	66	92	66	9	15	9	10	10	30	0	91	30	31	30	66	169	265	264	238	494	28	45	10	29	45	10	20	30	10	10	81	135	40	64	32	46	22	6	15	0	10	8	30	0	77	22	30	11	10	89	138	88	71	66	92	66	6	0	0	0	14	15	0	0	9	15	9	10	10	30	0	91	30	31	30	66	169	265	264	238	476	28	45	10	28	45	10	20	30	10	10	79	135	40	64	29	45	10	6	15	0	10	8	30	0	77	20	30	10	10	81	135	40	64	32	46	22	6	0	0	0	13	15	0	0	6	15	0	10	8	30	0	77	22	30	11	10	89	138	88	71	66	92	66	1	0	0	0	10	0	0	0	6	0	0	0	14	15	0	0	9	15	9	10	10	30	0	91	30	31	30	66	169	265	264	238
279	270	31	21	10	261	7	14	0	31	21	10	4	7	0	0	85	71	10	41	252	7	14	0	7	14	0	4	7	0	0	21	56	0	18	31	21	10	1	0	0	0	2	0	0	0	4	7	0	0	85	71	10	41	243	7	14	0	7	14	0	4	7	0	0	21	56	0	18	7	14	0	1	0	0	0	2	0	0	0	4	7	0	0	21	56	0	18	31	21	10	0	0	0	0	1	0	0	0	1	0	0	0	2	0	0	0	4	7	0	0	85	71	10	41	234	7	14	0	7	14	0	4	7	0	0	21	56	0	18	7	14	0	1	0	0	0	2	0	0	0	4	7	0	0	21	56	0	18	7	14	0	0	0	0	0	1	0	0	0	1	0	0	0	2	0	0	0	4	7	0	0	21	56	0	18	31	21	10	0	0	0	0	1	0	0	0	0	0	0	0	1	0	0	0	1	0	0	0	2	0	0	0	4	7	0	0	85	71	10	41
398	385	52	57	5	372	16	30	0	52	57	5	12	20	0	0	137	185	25	30	359	16	30	0	16	30	0	12	20	0	0	50	100	0	18	52	57	5	7	0	0	0	5	0	0	0	12	20	0	0	137	185	25	30	346	16	30	0	16	30	0	12	20	0	0	50	100	0	18	16	30	0	7	0	0	0	4	0	0	0	12	20	0	0	50	100	0	18	52	57	5	6	0	0	0	6	0	0	0	7	0	0	0	5	0	0	0	12	20	0	0	137	185	25	30	333	16	30	0	16	30	0	12	20	0	0	50	100	0	18	16	30	0	7	0	0	0	4	0	0	0	12	20	0	0	50	100	0	18	16	30	0	6	0	0	0	6	0	0	0	7	0	0	0	4	0	0	0	12	20	0	0	50	100	0	18	52	57	5	0	0	0	0	8	0	0	0	6	0	0	0	6	0	0	0	7	0	0	0	5	0	0	0	12	20	0	0	137	185	25	30
571	553	65	65	115	535	33	0	108	65	65	115	29	0	73	26	189	195	575	5	517	29	0	106	33	0	108	20	0	73	26	106	0	540	0	65	65	115	8	0	41	18	5	13	0	0	29	0	73	26	189	195	575	5	499	29	0	90	29	0	106	20	0	71	20	90	0	530	0	33	0	108	8	0	41	0	5	0	0	0	20	0	73	26	106	0	540	0	65	65	115	13	0	0	85	9	0	0	56	8	0	41	18	5	13	0	0	29	0	73	26	189	195	575	5	481	27	0	73	29	0	90	20	0	59	20	90	0	450	0	29	0	106	7	0	41	0	3	0	0	0	20	0	71	20	90	0	530	0	33	0	108	7	0	0	45	9	0	0	10	8	0	41	0	5	0	0	0	20	0	73	26	106	0	540	0	65	65	115	5	0	0	56	12	26	0	119	13	0	0	85	9	0	0	56	8	0	41	18	5	13	0	0	29	0	73	26	189	195	575	5
414	401	41	22	73	388	23	0	25	41	22	73	16	0	0	62	117	44	146	229	375	23	0	24	23	0	25	16	0	0	59	73	0	50	141	41	22	73	7	0	0	11	5	0	0	0	16	0	0	62	117	44	146	229	362	23	0	20	23	0	24	16	0	0	50	73	0	48	87	23	0	25	7	0	0	10	4	0	0	0	16	0	0	59	73	0	50	141	41	22	73	8	0	0	40	10	0	0	0	7	0	0	11	5	0	0	0	16	0	0	62	117	44	146	229	349	22	0	20	23	0	20	16	0	0	50	73	0	40	87	23	0	24	7	0	0	10	4	0	0	0	16	0	0	50	73	0	48	87	23	0	25	7	0	0	40	10	0	0	0	7	0	0	10	4	0	0	0	16	0	0	59	73	0	50	141	41	22	73	3	0	0	0	10	11	0	0	8	0	0	40	10	0	0	0	7	0	0	11	5	0	0	0	16	0	0	62	117	44	146	229
437	423	52	35	73	409	28	13	33	52	35	73	21	0	21	35	136	98	146	219	395	28	13	22	28	13	33	21	0	20	26	80	65	66	141	52	35	73	7	0	0	18	10	0	0	76	21	0	21	35	136	98	146	219	381	28	13	10	28	13	22	21	0	9	20	80	65	44	87	28	13	33	7	0	0	0	6	0	0	7	21	0	20	26	80	65	66	141	52	35	73	8	0	0	30	16	0	0	56	7	0	0	18	10	0	0	76	21	0	21	35	136	98	146	219	367	27	13	10	28	13	10	21	0	0	20	80	65	20	87	28	13	22	7	0	0	0	6	0	0	0	21	0	9	20	80	65	44	87	28	13	33	7	0	0	30	15	0	0	10	7	0	0	0	6	0	0	7	21	0	20	26	80	65	66	141	52	35	73	5	0	0	0	16	11	0	0	8	0	0	30	16	0	0	56	7	0	0	18	10	0	0	76	21	0	21	35	136	98	146	219
574	554	76	144	50	534	34	108	20	76	144	50	29	126	21	9	190	364	150	180	514	32	102	9	34	108	20	23	126	20	0	98	286	60	109	76	144	50	8	72	0	18	16	24	0	76	29	126	21	9	190	364	150	180	494	27	96	0	32	102	9	21	108	9	0	91	268	27	59	34	108	20	1	72	0	0	6	24	0	7	23	126	20	0	98	286	60	109	76	144	50	4	72	0	0	16	60	0	56	8	72	0	18	16	24	0	76	29	126	21	9	190	364	150	180	474	24	96	0	27	96	0	13	108	0	0	78	252	0	59	32	102	9	1	72	0	0	6	24	0	0	21	108	9	0	91	268	27	59	34	108	20	1	72	0	0	11	60	0	10	1	72	0	0	6	24	0	7	23	126	20	0	98	286	60	109	76	144	50	5	0	0	0	14	33	0	0	4	72	0	0	16	60	0	56	8	72	0	18	16	24	0	76	29	126	21	9	190	364	150	180
339	328	52	34	16	317	25	10	0	52	34	16	18	0	0	0	144	110	64	71	306	25	10	0	25	10	0	18	0	0	0	76	50	0	22	52	34	16	7	0	0	0	8	0	0	0	18	0	0	0	144	110	64	71	295	25	10	0	25	10	0	18	0	0	0	76	50	0	10	25	10	0	7	0	0	0	4	0	0	0	18	0	0	0	76	50	0	22	52	34	16	8	0	0	0	11	0	0	0	7	0	0	0	8	0	0	0	18	0	0	0	144	110	64	71	284	24	10	0	25	10	0	18	0	0	0	76	50	0	10	25	10	0	7	0	0	0	4	0	0	0	18	0	0	0	76	50	0	10	25	10	0	7	0	0	0	10	0	0	0	7	0	0	0	4	0	0	0	18	0	0	0	76	50	0	22	52	34	16	3	0	0	0	10	6	0	0	8	0	0	0	11	0	0	0	7	0	0	0	8	0	0	0	18	0	0	0	144	110	64	71
453	438	52	47	70	423	27	14	29	52	47	70	24	0	12	20	130	141	210	254	408	26	14	29	27	14	29	19	0	11	20	81	42	87	153	52	47	70	8	0	0	0	8	0	0	0	24	0	12	20	130	141	210	254	393	26	14	29	26	14	29	19	0	11	20	76	42	87	139	27	14	29	8	0	0	0	5	0	0	0	19	0	11	20	81	42	87	153	52	47	70	13	0	0	0	9	0	0	0	8	0	0	0	8	0	0	0	24	0	12	20	130	141	210	254	378	24	14	29	26	14	29	19	0	11	20	76	42	87	110	26	14	29	7	0	0	0	3	0	0	0	19	0	11	20	76	42	87	139	27	14	29	7	0	0	0	9	0	0	0	8	0	0	0	5	0	0	0	19	0	11	20	81	42	87	153	52	47	70	4	0	0	0	6	0	0	0	13	0	0	0	9	0	0	0	8	0	0	0	8	0	0	0	24	0	12	20	130	141	210	254
483	467	60	59	88	451	30	15	66	60	59	88	27	0	56	42	153	177	352	131	435	26	15	66	30	15	66	20	0	53	42	92	45	264	108	60	59	88	5	0	36	0	10	0	0	0	27	0	56	42	153	177	352	131	419	23	15	65	26	15	66	16	0	53	42	75	45	264	106	30	15	66	4	0	36	0	7	0	0	0	20	0	53	42	92	45	264	108	60	59	88	7	0	36	11	4	0	0	0	5	0	36	0	10	0	0	0	27	0	56	42	153	177	352	131	403	19	15	58	23	15	65	12	0	53	39	62	45	260	90	26	15	66	1	0	36	0	1	0	0	0	16	0	53	42	75	45	264	106	30	15	66	1	0	36	7	4	0	0	0	4	0	36	0	7	0	0	0	20	0	53	42	92	45	264	108	60	59	88	4	0	24	67	5	0	0	0	7	0	36	11	4	0	0	0	5	0	36	0	10	0	0	0	27	0	56	42	153	177	352	131
511	493	79	121	37	475	33	77	24	79	121	37	36	93	12	0	188	379	185	115	457	27	68	24	33	77	24	20	56	12	0	100	242	120	108	79	121	37	3	26	36	0	14	39	37	0	36	93	12	0	188	379	185	115	439	24	63	23	27	68	24	16	56	12	0	78	204	120	106	33	77	24	2	21	36	0	7	28	24	0	20	56	12	0	100	242	120	108	79	121	37	5	35	36	11	10	0	0	0	3	26	36	0	14	39	37	0	36	93	12	0	188	379	185	115	421	20	55	19	24	63	23	12	56	12	0	65	189	115	90	27	68	24	0	14	36	0	3	14	24	0	16	56	12	0	78	204	120	106	33	77	24	1	0	36	7	4	0	0	0	2	21	36	0	7	28	24	0	20	56	12	0	100	242	120	108	79	121	37	6	13	24	28	8	13	37	0	5	35	36	11	10	0	0	0	3	26	36	0	14	39	37	0	36	93	12	0	188	379	185	115
500	483	69	70	88	466	42	56	33	69	70	88	40	28	0	53	192	188	88	327	449	40	56	32	42	56	33	35	28	0	51	130	172	33	186	69	70	88	14	0	12	9	18	0	0	0	40	28	0	53	192	188	88	327	432	34	54	20	40	56	32	33	28	0	27	120	172	32	161	42	56	33	10	0	12	0	12	0	0	0	35	28	0	51	130	172	33	186	69	70	88	16	26	24	29	18	56	0	76	14	0	12	9	18	0	0	0	40	28	0	53	192	188	88	327	415	26	39	7	34	54	20	21	26	0	0	100	164	20	120	40	56	32	7	0	12	0	8	0	0	0	33	28	0	27	120	172	32	161	42	56	33	6	13	24	7	11	52	0	7	10	0	12	0	12	0	0	0	35	28	0	51	130	172	33	186	69	70	88	4	39	50	28	11	41	88	56	16	26	24	29	18	56	0	76	14	0	12	9	18	0	0	0	40	28	0	53	192	188	88	327
399	385	54	59	39	371	24	40	0	54	59	39	21	30	0	0	142	171	78	254	357	23	40	0	24	40	0	16	30	0	0	76	130	0	161	54	59	39	8	0	0	0	12	0	0	0	21	30	0	0	142	171	78	254	343	23	40	0	23	40	0	16	30	0	0	71	130	0	137	24	40	0	8	0	0	0	5	0	0	0	16	30	0	0	76	130	0	161	54	59	39	13	0	0	0	12	0	0	0	8	0	0	0	12	0	0	0	21	30	0	0	142	171	78	254	329	21	40	0	23	40	0	16	30	0	0	71	130	0	100	23	40	0	7	0	0	0	3	0	0	0	16	30	0	0	71	130	0	137	24	40	0	7	0	0	0	9	0	0	0	8	0	0	0	5	0	0	0	16	30	0	0	76	130	0	161	54	59	39	4	0	0	0	6	0	0	0	13	0	0	0	12	0	0	0	8	0	0	0	12	0	0	0	21	30	0	0	142	171	78	254
447	432	39	36	88	417	21	0	48	39	36	88	12	0	37	40	73	24	264	234	402	20	0	46	21	0	48	10	0	30	37	48	0	144	119	39	36	88	2	0	10	26	5	0	0	0	12	0	37	40	73	24	264	234	387	19	0	46	20	0	46	10	0	30	37	44	0	138	119	21	0	48	1	0	10	26	1	0	0	0	10	0	30	37	48	0	144	119	39	36	88	0	0	7	0	0	0	0	0	2	0	10	26	5	0	0	0	12	0	37	40	73	24	264	234	372	19	0	46	19	0	46	10	0	30	37	41	0	138	117	20	0	46	1	0	10	26	1	0	0	0	10	0	30	37	44	0	138	119	21	0	48	0	0	0	0	0	0	0	0	1	0	10	26	1	0	0	0	10	0	30	37	48	0	144	119	39	36	88	1	0	0	0	1	0	0	0	0	0	7	0	0	0	0	0	2	0	10	26	5	0	0	0	12	0	37	40	73	24	264	234
466	450	50	65	70	434	26	15	38	50	65	70	24	0	55	40	105	90	350	195	418	22	15	37	26	15	38	10	0	44	39	60	0	190	119	50	65	70	2	0	24	15	8	20	0	0	24	0	55	40	105	90	350	195	402	21	15	37	22	15	37	10	0	44	39	45	0	185	119	26	15	38	1	0	22	15	4	0	0	0	10	0	44	39	60	0	190	119	50	65	70	0	0	7	0	0	0	0	0	2	0	24	15	8	20	0	0	24	0	55	40	105	90	350	195	386	21	15	37	21	15	37	10	0	44	39	42	0	185	117	22	15	37	1	0	22	15	4	0	0	0	10	0	44	39	45	0	185	119	26	15	38	0	0	0	0	0	0	0	0	1	0	22	15	4	0	0	0	10	0	44	39	60	0	190	119	50	65	70	1	0	0	0	2	0	0	0	0	0	7	0	0	0	0	0	2	0	24	15	8	20	0	0	24	0	55	40	105	90	350	195
344	332	41	30	49	320	19	20	0	41	30	49	11	10	7	0	81	73	49	322	308	19	20	0	19	20	0	11	10	0	0	49	70	0	152	41	30	49	2	0	0	0	8	0	0	0	11	10	7	0	81	73	49	322	296	17	20	0	19	20	0	11	10	0	0	49	70	0	151	19	20	0	1	0	0	0	1	0	0	0	11	10	0	0	49	70	0	152	41	30	49	1	0	19	0	5	0	0	0	2	0	0	0	8	0	0	0	11	10	7	0	81	73	49	322	284	16	20	0	17	20	0	10	10	0	0	43	70	0	137	19	20	0	1	0	0	0	1	0	0	0	11	10	0	0	49	70	0	151	19	20	0	1	0	0	0	4	0	0	0	1	0	0	0	1	0	0	0	11	10	0	0	49	70	0	152	41	30	49	3	0	12	0	4	0	0	0	1	0	19	0	5	0	0	0	2	0	0	0	8	0	0	0	11	10	7	0	81	73	49	322
331	319	31	47	18	307	13	27	0	31	47	18	5	18	7	0	53	39	54	125	295	13	27	0	13	27	0	5	18	0	0	27	27	0	90	31	47	18	2	0	0	0	6	0	0	0	5	18	7	0	53	39	54	125	283	12	27	0	13	27	0	5	18	0	0	27	27	0	90	13	27	0	1	0	0	0	1	0	0	0	5	18	0	0	27	27	0	90	31	47	18	0	0	7	0	0	0	0	0	2	0	0	0	6	0	0	0	5	18	7	0	53	39	54	125	271	12	27	0	12	27	0	5	18	0	0	24	27	0	88	13	27	0	1	0	0	0	1	0	0	0	5	18	0	0	27	27	0	90	13	27	0	0	0	0	0	0	0	0	0	1	0	0	0	1	0	0	0	5	18	0	0	27	27	0	90	31	47	18	1	0	0	0	1	0	0	0	0	0	7	0	0	0	0	0	2	0	0	0	6	0	0	0	5	18	7	0	53	39	54	125
237	229	29	15	7	221	14	0	0	29	15	7	7	0	7	0	48	10	21	37	213	14	0	0	14	0	0	7	0	0	0	25	0	0	24	29	15	7	2	0	0	0	5	0	0	0	7	0	7	0	48	10	21	37	205	13	0	0	14	0	0	7	0	0	0	25	0	0	24	14	0	0	1	0	0	0	1	0	0	0	7	0	0	0	25	0	0	24	29	15	7	0	0	7	0	0	0	0	0	2	0	0	0	5	0	0	0	7	0	7	0	48	10	21	37	197	13	0	0	13	0	0	7	0	0	0	22	0	0	23	14	0	0	1	0	0	0	1	0	0	0	7	0	0	0	25	0	0	24	14	0	0	0	0	0	0	0	0	0	0	1	0	0	0	1	0	0	0	7	0	0	0	25	0	0	24	29	15	7	1	0	0	0	1	0	0	0	0	0	7	0	0	0	0	0	2	0	0	0	5	0	0	0	7	0	7	0	48	10	21	37
417	402	34	48	74	387	18	26	38	34	48	74	15	0	55	34	75	55	148	183	372	16	26	36	18	26	38	5	0	52	32	32	0	76	86	34	48	74	0	0	0	24	5	0	0	0	15	0	55	34	75	55	148	183	357	16	26	36	16	26	36	5	0	50	32	25	0	72	83	18	26	38	0	0	0	24	5	0	0	0	5	0	52	32	32	0	76	86	34	48	74	0	0	0	0	0	0	0	0	0	0	0	24	5	0	0	0	15	0	55	34	75	55	148	183	342	16	26	36	16	26	36	5	0	50	32	25	0	72	83	16	26	36	0	0	0	24	5	0	0	0	5	0	50	32	25	0	72	83	18	26	38	0	0	0	0	0	0	0	0	0	0	0	24	5	0	0	0	5	0	52	32	32	0	76	86	34	48	74	0	0	0	0	2	0	0	0	0	0	0	0	0	0	0	0	0	0	0	24	5	0	0	0	15	0	55	34	75	55	148	183
261	252	12	0	65	243	9	0	20	12	0	65	3	0	12	30	19	0	0	232	234	9	0	20	9	0	20	3	0	10	30	10	0	0	86	12	0	65	0	0	0	0	0	0	0	0	3	0	12	30	19	0	0	232	225	9	0	20	9	0	20	3	0	10	30	10	0	0	83	9	0	20	0	0	0	0	0	0	0	0	3	0	10	30	10	0	0	86	12	0	65	0	0	0	0	0	0	0	0	0	0	0	0	0	0	0	0	3	0	12	30	19	0	0	232	216	9	0	20	9	0	20	3	0	10	30	10	0	0	83	9	0	20	0	0	0	0	0	0	0	0	3	0	10	30	10	0	0	83	9	0	20	0	0	0	0	0	0	0	0	0	0	0	0	0	0	0	0	3	0	10	30	10	0	0	86	12	0	65	0	0	0	0	0	0	0	0	0	0	0	0	0	0	0	0	0	0	0	0	0	0	0	0	3	0	12	30	19	0	0	232
453	436	74	107	52	419	34	64	36	74	107	52	26	99	45	49	158	317	260	70	402	29	52	24	34	64	36	15	39	44	12	72	185	180	38	74	107	52	9	0	42	60	13	27	104	37	26	99	45	49	158	317	260	70	385	29	52	24	29	52	24	15	39	36	12	62	143	120	37	34	64	36	9	0	37	60	12	26	72	24	15	39	44	12	72	185	180	38	74	107	52	6	0	0	0	16	0	0	0	9	0	42	60	13	27	104	37	26	99	45	49	158	317	260	70	368	28	52	24	29	52	24	15	39	36	12	62	143	120	37	29	52	24	9	0	24	60	12	26	48	24	15	39	36	12	62	143	120	37	34	64	36	3	0	0	0	5	0	0	0	9	0	37	60	12	26	72	24	15	39	44	12	72	185	180	38	74	107	52	12	0	0	0	11	11	0	0	6	0	0	0	16	0	0	0	9	0	42	60	13	27	104	37	26	99	45	49	158	317	260	70
224	216	13	7	33	208	9	7	0	13	7	33	2	0	0	0	16	0	0	183	200	9	7	0	9	7	0	2	0	0	0	6	0	0	86	13	7	33	0	0	0	0	1	0	0	0	2	0	0	0	16	0	0	183	192	9	7	0	9	7	0	2	0	0	0	6	0	0	83	9	7	0	0	0	0	0	1	0	0	0	2	0	0	0	6	0	0	86	13	7	33	0	0	0	0	0	0	0	0	0	0	0	0	1	0	0	0	2	0	0	0	16	0	0	183	184	9	7	0	9	7	0	2	0	0	0	6	0	0	83	9	7	0	0	0	0	0	1	0	0	0	2	0	0	0	6	0	0	83	9	7	0	0	0	0	0	0	0	0	0	0	0	0	0	1	0	0	0	2	0	0	0	6	0	0	86	13	7	33	0	0	0	0	0	0	0	0	0	0	0	0	0	0	0	0	0	0	0	0	1	0	0	0	2	0	0	0	16	0	0	183
235	226	30	26	10	217	15	18	0	30	26	10	16	0	0	0	62	38	20	70	208	12	18	0	15	18	0	3	0	0	0	26	18	0	38	30	26	10	0	0	0	0	4	6	0	0	16	0	0	0	62	38	20	70	199	12	18	0	12	18	0	3	0	0	0	19	18	0	37	15	18	0	0	0	0	0	4	6	0	0	3	0	0	0	26	18	0	38	30	26	10	0	0	0	0	1	0	0	0	0	0	0	0	4	6	0	0	16	0	0	0	62	38	20	70	190	12	18	0	12	18	0	3	0	0	0	19	18	0	37	12	18	0	0	0	0	0	4	6	0	0	3	0	0	0	19	18	0	37	15	18	0	0	0	0	0	1	0	0	0	0	0	0	0	4	6	0	0	3	0	0	0	26	18	0	38	30	26	10	0	0	0	0	2	0	0	0	0	0	0	0	1	0	0	0	0	0	0	0	4	6	0	0	16	0	0	0	62	38	20	70
321	309	41	29	47	297	21	20	25	41	29	47	10	0	12	14	82	39	47	136	285	20	20	25	21	20	25	7	0	0	14	39	30	25	74	41	29	47	4	0	0	0	9	10	0	0	10	0	12	14	82	39	47	136	273	20	20	25	20	20	25	7	0	0	14	39	30	25	60	21	20	25	4	0	0	0	9	10	0	0	7	0	0	14	39	30	25	74	41	29	47	1	0	0	0	4	0	0	0	4	0	0	0	9	10	0	0	10	0	12	14	82	39	47	136	261	20	20	25	20	20	25	7	0	0	14	39	30	25	60	20	20	25	4	0	0	0	9	10	0	0	7	0	0	14	39	30	25	60	21	20	25	1	0	0	0	4	0	0	0	4	0	0	0	9	10	0	0	7	0	0	14	39	30	25	74	41	29	47	0	0	0	0	4	0	0	0	1	0	0	0	4	0	0	0	4	0	0	0	9	10	0	0	10	0	12	14	82	39	47	136
521	502	59	74	127	483	31	18	100	59	74	127	17	0	59	83	110	180	508	136	464	30	18	97	31	18	100	14	0	45	77	61	54	400	74	59	74	127	9	0	0	34	13	18	0	0	17	0	59	83	110	180	508	136	445	30	18	92	30	18	97	14	0	45	70	61	54	388	60	31	18	100	9	0	0	32	13	18	0	0	14	0	45	77	61	54	400	74	59	74	127	6	0	0	60	18	0	0	0	9	0	0	34	13	18	0	0	17	0	59	83	110	180	508	136	426	29	18	92	30	18	92	14	0	39	70	61	54	368	60	30	18	97	9	0	0	32	13	18	0	0	14	0	45	70	61	54	388	60	31	18	100	3	0	0	60	7	0	0	0	9	0	0	32	13	18	0	0	14	0	45	77	61	54	400	74	59	74	127	11	0	0	0	10	14	0	0	6	0	0	60	18	0	0	0	9	0	0	34	13	18	0	0	17	0	59	83	110	180	508	136
354	341	43	39	58	328	20	12	52	43	39	58	11	0	26	0	88	81	174	52	315	19	12	52	20	12	52	8	0	14	0	45	36	156	36	43	39	58	4	0	0	0	9	12	0	0	11	0	26	0	88	81	174	52	302	19	12	52	19	12	52	8	0	14	0	45	36	156	24	20	12	52	4	0	0	0	9	12	0	0	8	0	14	0	45	36	156	36	43	39	58	4	0	0	0	10	0	0	0	4	0	0	0	9	12	0	0	11	0	26	0	88	81	174	52	289	18	12	52	19	12	52	8	0	14	0	45	36	156	24	19	12	52	4	0	0	0	9	12	0	0	8	0	14	0	45	36	156	24	20	12	52	1	0	0	0	5	0	0	0	4	0	0	0	9	12	0	0	8	0	14	0	45	36	156	36	43	39	58	3	0	0	0	6	9	0	0	4	0	0	0	10	0	0	0	4	0	0	0	9	12	0	0	11	0	26	0	88	81	174	52
365	351	62	66	22	337	27	35	15	62	66	22	20	11	44	15	118	164	110	52	323	25	34	15	27	35	15	13	11	30	15	59	77	75	36	62	66	22	8	12	0	0	14	23	0	0	20	11	44	15	118	164	110	52	309	24	33	12	25	34	15	13	11	30	12	56	77	75	24	27	35	15	8	11	0	0	11	22	0	0	13	11	30	15	59	77	75	36	62	66	22	5	11	0	36	25	13	0	0	8	12	0	0	14	23	0	0	20	11	44	15	118	164	110	52	295	23	33	12	24	33	12	13	11	24	12	54	77	60	24	25	34	15	8	11	0	0	11	22	0	0	13	11	30	12	56	77	75	24	27	35	15	2	11	0	36	7	13	0	0	8	11	0	0	11	22	0	0	13	11	30	15	59	77	75	36	62	66	22	11	0	0	0	13	6	0	0	5	11	0	36	25	13	0	0	8	12	0	0	14	23	0	0	20	11	44	15	118	164	110	52
275	264	42	43	6	253	16	30	0	42	43	6	7	23	12	0	85	77	12	52	242	15	28	0	16	30	0	4	21	0	0	32	63	0	36	42	43	6	2	14	0	0	8	7	0	0	7	23	12	0	85	77	12	52	231	14	28	0	15	28	0	4	21	0	0	32	63	0	24	16	30	0	2	14	0	0	8	7	0	0	4	21	0	0	32	63	0	36	42	43	6	1	0	0	0	9	10	0	0	2	14	0	0	8	7	0	0	7	23	12	0	85	77	12	52	220	14	28	0	14	28	0	4	21	0	0	30	63	0	24	15	28	0	2	14	0	0	8	7	0	0	4	21	0	0	32	63	0	24	16	30	0	1	0	0	0	4	9	0	0	2	14	0	0	8	7	0	0	4	21	0	0	32	63	0	36	42	43	6	0	0	0	0	6	0	0	0	1	0	0	0	9	10	0	0	2	14	0	0	8	7	0	0	7	23	12	0	85	77	12	52
423	407	37	29	130	391	21	15	92	37	29	130	11	0	41	61	68	0	130	213	375	21	15	91	21	15	92	11	0	41	59	49	0	92	167	37	29	130	9	0	0	15	12	0	0	0	11	0	41	61	68	0	130	213	359	20	15	91	21	15	91	11	0	41	59	49	0	91	164	21	15	92	9	0	0	15	10	0	0	0	11	0	41	59	49	0	92	167	37	29	130	6	0	0	0	28	15	0	0	9	0	0	15	12	0	0	0	11	0	41	61	68	0	130	213	343	19	15	88	20	15	91	11	0	41	53	47	0	91	156	21	15	91	9	0	0	12	10	0	0	0	11	0	41	59	49	0	91	164	21	15	92	3	0	0	0	6	15	0	0	9	0	0	15	10	0	0	0	11	0	41	59	49	0	92	167	37	29	130	11	0	0	36	11	0	0	0	6	0	0	0	28	15	0	0	9	0	0	15	12	0	0	0	11	0	41	61	68	0	130	213
390	375	41	39	74	360	23	27	31	41	39	74	14	0	23	0	73	39	74	260	345	22	26	31	23	27	31	11	0	23	0	49	39	31	192	41	39	74	8	13	0	0	12	13	0	0	14	0	23	0	73	39	74	260	330	21	26	31	22	26	31	11	0	23	0	49	39	31	189	23	27	31	8	13	0	0	10	13	0	0	11	0	23	0	49	39	31	192	41	39	74	6	0	0	0	25	14	0	0	8	13	0	0	12	13	0	0	14	0	23	0	73	39	74	260	315	20	26	31	21	26	31	11	0	23	0	47	39	31	181	22	26	31	8	13	0	0	10	13	0	0	11	0	23	0	49	39	31	189	23	27	31	3	0	0	0	7	14	0	0	8	13	0	0	10	13	0	0	11	0	23	0	49	39	31	192	41	39	74	11	0	0	0	9	0	0	0	6	0	0	0	25	14	0	0	8	13	0	0	12	13	0	0	14	0	23	0	73	39	74	260
555	534	70	87	159	513	40	38	123	70	87	159	32	19	93	62	143	223	477	207	492	39	38	115	40	38	123	28	19	93	30	96	171	369	167	70	87	159	17	0	0	27	26	20	0	52	32	19	93	62	143	223	477	207	471	34	35	109	39	38	115	28	19	93	30	93	171	345	164	40	38	123	11	0	0	22	14	19	0	36	28	19	93	30	96	171	369	167	70	87	159	16	48	0	47	42	80	0	0	17	0	0	27	26	20	0	52	32	19	93	62	143	223	477	207	450	29	16	85	34	35	109	19	16	92	24	80	156	327	156	39	38	115	11	0	0	12	14	19	0	24	28	19	93	30	93	171	345	164	40	38	123	11	0	0	0	13	0	0	0	11	0	0	22	14	19	0	36	28	19	93	30	96	171	369	167	70	87	159	13	48	26	62	14	48	159	125	16	48	0	47	42	80	0	0	17	0	0	27	26	20	0	52	32	19	93	62	143	223	477	207
444	426	69	117	43	408	38	79	18	69	117	43	28	82	24	30	134	225	172	149	390	35	74	12	38	79	18	20	76	24	0	93	166	72	115	69	117	43	15	62	0	0	21	38	0	52	28	82	24	30	134	225	172	149	372	27	72	12	35	74	12	19	72	24	0	87	156	48	112	38	79	18	5	60	0	0	12	36	0	36	20	76	24	0	93	166	72	115	69	117	43	17	24	0	0	46	77	0	0	15	62	0	0	21	38	0	52	28	82	24	30	134	225	172	149	354	23	64	12	27	72	12	10	72	24	0	69	156	48	104	35	74	12	5	60	0	0	12	36	0	24	19	72	24	0	87	156	48	112	38	79	18	10	24	0	0	16	27	0	0	5	60	0	0	12	36	0	36	20	76	24	0	93	166	72	115	69	117	43	12	64	0	0	17	24	0	0	17	24	0	0	46	77	0	0	15	62	0	0	21	38	0	52	28	82	24	30	134	225	172	149
311	299	56	41	18	287	35	11	12	56	41	18	29	0	36	0	116	54	90	22	275	33	11	12	35	11	12	23	0	36	0	84	0	60	15	56	41	18	22	0	0	0	20	12	0	0	29	0	36	0	116	54	90	22	263	25	11	12	33	11	12	21	0	36	0	77	0	60	15	35	11	12	10	0	0	0	10	0	0	0	23	0	36	0	84	0	60	15	56	41	18	18	0	0	0	29	53	0	0	22	0	0	0	20	12	0	0	29	0	36	0	116	54	90	22	251	21	11	12	25	11	12	12	0	36	0	58	0	60	12	33	11	12	10	0	0	0	10	0	0	0	21	0	36	0	77	0	60	15	35	11	12	11	0	0	0	12	11	0	0	10	0	0	0	10	0	0	0	23	0	36	0	84	0	60	15	56	41	18	15	0	0	0	8	18	0	0	18	0	0	0	29	53	0	0	22	0	0	0	20	12	0	0	29	0	36	0	116	54	90	22
416	400	41	0	141	384	32	0	76	41	0	141	28	0	0	118	92	0	0	424	368	30	0	76	32	0	76	22	0	0	118	75	0	0	276	41	0	141	21	0	0	0	16	0	0	0	28	0	0	118	92	0	0	424	352	22	0	76	30	0	76	20	0	0	118	68	0	0	261	32	0	76	9	0	0	0	8	0	0	0	22	0	0	118	75	0	0	276	41	0	141	14	0	16	0	16	0	0	0	21	0	0	0	16	0	0	0	28	0	0	118	92	0	0	424	336	16	0	76	22	0	76	10	0	0	118	46	0	0	255	30	0	76	9	0	0	0	8	0	0	0	20	0	0	118	68	0	0	261	32	0	76	10	0	0	0	12	0	0	0	9	0	0	0	8	0	0	0	22	0	0	118	75	0	0	276	41	0	141	4	0	32	0	2	0	0	0	14	0	16	0	16	0	0	0	21	0	0	0	16	0	0	0	28	0	0	118	92	0	0	424
323	310	57	47	32	297	40	23	17	57	47	32	45	0	0	12	133	106	96	61	284	36	20	17	40	23	17	35	0	0	12	94	58	51	30	57	47	32	20	24	0	0	14	16	0	0	45	0	0	12	133	106	96	61	271	29	12	17	36	20	17	31	0	0	12	82	52	51	24	40	23	17	9	0	0	0	7	0	0	0	35	0	0	12	94	58	51	30	57	47	32	14	0	0	0	15	8	32	0	20	24	0	0	14	16	0	0	45	0	0	12	133	106	96	61	258	24	12	17	29	12	17	22	0	0	12	66	36	51	24	36	20	17	9	0	0	0	7	0	0	0	31	0	0	12	82	52	51	24	40	23	17	10	0	0	0	11	0	17	0	9	0	0	0	7	0	0	0	35	0	0	12	94	58	51	30	57	47	32	4	0	16	0	2	0	0	0	14	0	0	0	15	8	32	0	20	24	0	0	14	16	0	0	45	0	0	12	133	106	96	61
447	429	73	91	85	411	47	72	50	73	91	85	49	96	0	62	177	234	85	220	393	38	68	50	47	72	50	34	96	0	62	126	192	50	153	73	91	85	19	44	36	0	20	54	0	0	49	96	0	62	177	234	85	220	375	28	22	50	38	68	50	20	88	0	62	99	181	50	139	47	72	50	8	0	36	0	7	24	0	0	34	96	0	62	126	192	50	153	73	91	85	13	22	66	0	21	27	340	0	19	44	36	0	20	54	0	0	49	96	0	62	177	234	85	220	357	23	0	49	28	22	50	17	0	0	61	73	55	50	133	38	68	50	8	0	36	0	7	24	0	0	20	88	0	62	99	181	50	139	47	72	50	11	0	49	0	14	12	200	0	8	0	36	0	7	24	0	0	34	96	0	62	126	192	50	153	73	91	85	6	0	46	12	4	0	170	0	13	22	66	0	21	27	340	0	19	44	36	0	20	54	0	0	49	96	0	62	177	234	85	220
423	406	66	87	70	389	41	49	62	66	87	70	42	86	15	25	155	229	210	18	372	35	26	62	41	49	62	37	20	15	25	97	144	186	12	66	87	70	15	30	51	0	11	20	140	0	42	86	15	25	155	229	210	18	355	25	16	62	35	26	62	26	0	15	25	80	68	186	12	41	49	62	4	0	51	0	4	0	124	0	37	20	15	25	97	144	186	12	66	87	70	12	0	36	0	13	10	70	0	15	30	51	0	11	20	140	0	42	86	15	25	155	229	210	18	338	22	16	62	25	16	62	17	0	15	25	56	48	186	12	35	26	62	4	0	51	0	4	0	124	0	26	0	15	25	80	68	186	12	41	49	62	8	0	36	0	9	0	62	0	4	0	51	0	4	0	124	0	37	20	15	25	97	144	186	12	66	87	70	4	0	0	0	2	0	0	0	12	0	36	0	13	10	70	0	15	30	51	0	11	20	140	0	42	86	15	25	155	229	210	18
384	367	72	112	30	350	45	93	0	72	112	30	50	59	0	0	176	241	60	220	333	40	88	0	45	93	0	39	59	0	0	120	211	0	153	72	112	30	23	48	0	0	25	24	0	0	50	59	0	0	176	241	60	220	316	26	71	0	40	88	0	34	51	0	0	105	198	0	139	45	93	0	6	31	0	0	11	9	0	0	39	59	0	0	120	211	0	153	72	112	30	7	102	16	0	20	77	30	0	23	48	0	0	25	24	0	0	50	59	0	0	176	241	60	220	299	19	60	0	26	71	0	17	40	0	0	70	161	0	133	40	88	0	6	31	0	0	11	9	0	0	34	51	0	0	105	198	0	139	45	93	0	3	82	0	0	9	64	0	0	6	31	0	0	11	9	0	0	39	59	0	0	120	211	0	153	72	112	30	5	40	32	0	9	24	30	0	7	102	16	0	20	77	30	0	23	48	0	0	25	24	0	0	50	59	0	0	176	241	60	220
262	251	39	35	17	240	12	10	17	39	35	17	8	0	27	0	96	100	85	0	229	12	10	17	12	10	17	8	0	27	0	28	20	85	0	39	35	17	1	0	0	0	0	0	0	0	8	0	27	0	96	100	85	0	218	12	10	17	12	10	17	8	0	27	0	28	20	85	0	12	10	17	1	0	0	0	0	0	0	0	8	0	27	0	28	20	85	0	39	35	17	0	0	0	0	0	0	0	0	1	0	0	0	0	0	0	0	8	0	27	0	96	100	85	0	207	12	10	17	12	10	17	8	0	27	0	28	20	85	0	12	10	17	1	0	0	0	0	0	0	0	8	0	27	0	28	20	85	0	12	10	17	0	0	0	0	0	0	0	0	1	0	0	0	0	0	0	0	8	0	27	0	28	20	85	0	39	35	17	0	0	0	0	0	0	0	0	0	0	0	0	0	0	0	0	1	0	0	0	0	0	0	0	8	0	27	0	96	100	85	0
297	284	51	53	34	271	23	30	15	51	53	34	20	20	36	15	131	125	102	102	258	19	30	15	23	30	15	14	20	15	15	58	60	45	79	51	53	34	3	0	18	0	2	0	0	0	20	20	36	15	131	125	102	102	245	18	30	15	19	30	15	12	20	15	15	49	60	45	79	23	30	15	1	0	0	0	1	0	0	0	14	20	15	15	58	60	45	79	51	53	34	0	0	0	0	1	0	0	0	3	0	18	0	2	0	0	0	20	20	36	15	131	125	102	102	232	18	30	15	18	30	15	12	20	15	15	48	60	45	79	19	30	15	1	0	0	0	1	0	0	0	12	20	15	15	49	60	45	79	23	30	15	0	0	0	0	1	0	0	0	1	0	0	0	1	0	0	0	14	20	15	15	58	60	45	79	51	53	34	0	0	0	0	1	0	0	0	0	0	0	0	1	0	0	0	3	0	18	0	2	0	0	0	20	20	36	15	131	125	102	102
348	332	69	99	36	316	37	75	0	69	99	36	26	106	20	0	168	251	72	217	300	29	61	0	37	75	0	23	78	0	0	97	181	0	129	69	99	36	5	12	69	0	12	10	72	0	26	106	20	0	168	251	72	217	284	25	55	0	29	61	0	13	66	0	0	77	149	0	129	37	75	0	4	0	0	0	4	8	0	0	23	78	0	0	97	181	0	129	69	99	36	9	0	29	0	13	10	36	0	5	12	69	0	12	10	72	0	26	106	20	0	168	251	72	217	268	25	55	0	25	55	0	13	66	0	0	70	143	0	129	29	61	0	4	0	0	0	4	6	0	0	13	66	0	0	77	149	0	129	37	75	0	9	0	0	0	11	8	0	0	4	0	0	0	4	8	0	0	23	78	0	0	97	181	0	129	69	99	36	6	0	0	0	8	0	0	0	9	0	29	0	13	10	36	0	5	12	69	0	12	10	72	0	26	106	20	0	168	251	72	217
267	255	60	44	25	243	31	33	0	60	44	25	23	34	20	0	152	124	25	132	231	26	32	0	31	33	0	17	32	0	0	72	89	0	79	60	44	25	5	8	25	0	3	0	0	0	23	34	20	0	152	124	25	132	219	24	32	0	26	32	0	14	32	0	0	61	88	0	79	31	33	0	3	8	0	0	2	0	0	0	17	32	0	0	72	89	0	79	60	44	25	8	0	7	0	7	0	0	0	5	8	25	0	3	0	0	0	23	34	20	0	152	124	25	132	207	24	32	0	24	32	0	14	32	0	0	59	88	0	79	26	32	0	3	8	0	0	2	0	0	0	14	32	0	0	61	88	0	79	31	33	0	8	0	0	0	7	0	0	0	3	8	0	0	2	0	0	0	17	32	0	0	72	89	0	79	60	44	25	4	0	0	0	3	0	0	0	8	0	7	0	7	0	0	0	5	8	25	0	3	0	0	0	23	34	20	0	152	124	25	132
140	134	29	11	0	128	12	5	0	29	11	0	8	0	0	0	74	28	0	0	122	12	5	0	12	5	0	8	0	0	0	28	10	0	0	29	11	0	1	0	0	0	0	0	0	0	8	0	0	0	74	28	0	0	116	12	5	0	12	5	0	8	0	0	0	28	10	0	0	12	5	0	1	0	0	0	0	0	0	0	8	0	0	0	28	10	0	0	29	11	0	0	0	0	0	0	0	0	0	1	0	0	0	0	0	0	0	8	0	0	0	74	28	0	0	110	12	5	0	12	5	0	8	0	0	0	28	10	0	0	12	5	0	1	0	0	0	0	0	0	0	8	0	0	0	28	10	0	0	12	5	0	0	0	0	0	0	0	0	0	1	0	0	0	0	0	0	0	8	0	0	0	28	10	0	0	29	11	0	0	0	0	0	0	0	0	0	0	0	0	0	0	0	0	0	1	0	0	0	0	0	0	0	8	0	0	0	74	28	0	0
357	342	41	36	81	327	16	0	57	41	36	81	11	0	67	63	93	72	243	87	312	15	0	44	16	0	57	9	0	52	32	38	0	171	32	41	36	81	0	0	6	39	4	0	0	70	11	0	67	63	93	72	243	87	297	15	0	44	15	0	44	9	0	36	32	37	0	132	32	16	0	57	0	0	0	39	1	0	0	62	9	0	52	32	38	0	171	32	41	36	81	0	0	0	0	4	0	0	0	0	0	6	39	4	0	0	70	11	0	67	63	93	72	243	87	282	15	0	44	15	0	44	9	0	36	32	37	0	132	32	15	0	44	0	0	0	39	0	0	0	62	9	0	36	32	37	0	132	32	16	0	57	0	0	0	0	1	0	0	0	0	0	0	39	1	0	0	62	9	0	52	32	38	0	171	32	41	36	81	0	0	0	0	0	0	0	0	0	0	0	0	4	0	0	0	0	0	6	39	4	0	0	70	11	0	67	63	93	72	243	87
214	205	23	14	30	196	3	0	24	23	14	30	1	0	42	10	51	21	60	17	187	3	0	22	3	0	24	1	0	42	10	5	0	48	17	23	14	30	0	0	0	24	2	0	0	0	1	0	42	10	51	21	60	17	178	3	0	22	3	0	22	1	0	36	10	5	0	44	17	3	0	24	0	0	0	24	0	0	0	0	1	0	42	10	5	0	48	17	23	14	30	0	0	0	0	2	0	0	0	0	0	0	24	2	0	0	0	1	0	42	10	51	21	60	17	169	3	0	22	3	0	22	1	0	36	10	5	0	44	17	3	0	22	0	0	0	24	0	0	0	0	1	0	36	10	5	0	44	17	3	0	24	0	0	0	0	0	0	0	0	0	0	0	24	0	0	0	0	1	0	42	10	5	0	48	17	23	14	30	0	0	0	0	0	0	0	0	0	0	0	0	2	0	0	0	0	0	0	24	2	0	0	0	1	0	42	10	51	21	60	17
389	372	53	75	55	355	22	30	24	53	75	55	15	15	67	30	123	156	220	112	338	21	30	12	22	30	24	13	15	52	0	59	45	96	32	53	75	55	1	0	6	24	7	0	0	70	15	15	67	30	123	156	220	112	321	21	30	12	21	30	12	13	15	36	0	58	45	48	32	22	30	24	1	0	0	24	1	0	0	62	13	15	52	0	59	45	96	32	53	75	55	0	0	0	0	5	0	0	0	1	0	6	24	7	0	0	70	15	15	67	30	123	156	220	112	304	21	30	12	21	30	12	13	15	36	0	58	45	48	32	21	30	12	1	0	0	24	0	0	0	62	13	15	36	0	58	45	48	32	22	30	24	0	0	0	0	1	0	0	0	1	0	0	24	1	0	0	62	13	15	52	0	59	45	96	32	53	75	55	0	0	0	0	1	0	0	0	0	0	0	0	5	0	0	0	1	0	6	24	7	0	0	70	15	15	67	30	123	156	220	112
214	205	28	14	15	196	10	0	0	28	14	15	3	0	0	0	63	28	30	51	187	10	0	0	10	0	0	3	0	0	0	23	0	0	32	28	14	15	0	0	0	0	2	0	0	0	3	0	0	0	63	28	30	51	178	10	0	0	10	0	0	3	0	0	0	23	0	0	32	10	0	0	0	0	0	0	0	0	0	0	3	0	0	0	23	0	0	32	28	14	15	0	0	0	0	2	0	0	0	0	0	0	0	2	0	0	0	3	0	0	0	63	28	30	51	169	10	0	0	10	0	0	3	0	0	0	23	0	0	32	10	0	0	0	0	0	0	0	0	0	0	3	0	0	0	23	0	0	32	10	0	0	0	0	0	0	0	0	0	0	0	0	0	0	0	0	0	0	3	0	0	0	23	0	0	32	28	14	15	0	0	0	0	0	0	0	0	0	0	0	0	2	0	0	0	0	0	0	0	2	0	0	0	3	0	0	0	63	28	30	51
235	225	32	25	5	215	6	0	0	32	25	5	1	0	0	0	69	75	25	17	205	6	0	0	6	0	0	1	0	0	0	15	0	0	17	32	25	5	0	0	0	0	8	0	0	0	1	0	0	0	69	75	25	17	195	6	0	0	6	0	0	1	0	0	0	15	0	0	17	6	0	0	0	0	0	0	0	0	0	0	1	0	0	0	15	0	0	17	32	25	5	0	0	0	0	5	0	0	0	0	0	0	0	8	0	0	0	1	0	0	0	69	75	25	17	185	6	0	0	6	0	0	1	0	0	0	15	0	0	17	6	0	0	0	0	0	0	0	0	0	0	1	0	0	0	15	0	0	17	6	0	0	0	0	0	0	0	0	0	0	0	0	0	0	0	0	0	0	1	0	0	0	15	0	0	17	32	25	5	0	0	0	0	0	0	0	0	0	0	0	0	5	0	0	0	0	0	0	0	8	0	0	0	1	0	0	0	69	75	25	17
409	391	47	65	115	373	16	0	107	47	65	115	18	0	96	42	111	182	575	5	355	12	0	106	16	0	107	6	0	96	42	50	0	535	0	47	65	115	1	0	14	11	14	39	0	0	18	0	96	42	111	182	575	5	337	11	0	89	12	0	106	5	0	94	36	41	0	530	0	16	0	107	0	0	14	0	2	0	0	0	6	0	96	42	50	0	535	0	47	65	115	1	0	0	86	9	13	0	85	1	0	14	11	14	39	0	0	18	0	96	42	111	182	575	5	319	11	0	71	11	0	89	5	0	68	36	40	0	445	0	12	0	106	0	0	14	0	2	0	0	0	5	0	94	36	41	0	530	0	16	0	107	1	0	0	37	4	0	0	50	0	0	14	0	2	0	0	0	6	0	96	42	50	0	535	0	47	65	115	2	0	0	26	2	0	0	159	1	0	0	86	9	13	0	85	1	0	14	11	14	39	0	0	18	0	96	42	111	182	575	5
298	285	27	12	81	272	9	0	36	27	12	81	4	0	34	42	64	12	81	186	259	8	0	35	9	0	36	3	0	34	42	26	0	36	105	27	12	81	1	0	0	11	10	12	0	0	4	0	34	42	64	12	81	186	246	7	0	22	8	0	35	2	0	32	36	23	0	35	78	9	0	36	0	0	0	0	1	0	0	0	3	0	34	42	26	0	36	105	27	12	81	1	0	0	24	9	12	0	85	1	0	0	11	10	12	0	0	4	0	34	42	64	12	81	186	233	7	0	22	7	0	22	2	0	10	36	22	0	22	78	8	0	35	0	0	0	0	1	0	0	0	2	0	32	36	23	0	35	78	9	0	36	1	0	0	24	4	0	0	50	0	0	0	0	1	0	0	0	3	0	34	42	26	0	36	105	27	12	81	2	0	0	0	2	0	0	0	1	0	0	24	9	12	0	85	1	0	0	11	10	12	0	0	4	0	34	42	64	12	81	186
366	350	44	28	107	334	25	0	65	44	28	107	16	0	41	80	107	28	214	171	318	24	0	50	25	0	65	15	0	39	62	71	0	130	105	44	28	107	4	0	0	79	12	14	0	36	16	0	41	80	107	28	214	171	302	22	0	12	24	0	50	14	0	29	36	68	0	100	78	25	0	65	2	0	0	0	1	0	0	0	15	0	39	62	71	0	130	105	44	28	107	8	0	9	24	16	14	0	217	4	0	0	79	12	14	0	36	16	0	41	80	107	28	214	171	286	20	0	12	22	0	12	12	0	0	36	64	0	24	78	24	0	50	2	0	0	0	1	0	0	0	14	0	29	36	68	0	100	78	25	0	65	6	0	9	24	9	0	0	129	2	0	0	0	1	0	0	0	15	0	39	62	71	0	130	105	44	28	107	4	0	18	0	4	0	0	0	8	0	9	24	16	14	0	217	4	0	0	79	12	14	0	36	16	0	41	80	107	28	214	171
272	260	35	32	36	248	13	0	20	35	32	36	10	0	20	0	79	72	144	60	236	11	0	20	13	0	20	5	0	20	0	41	0	80	24	35	32	36	1	0	0	0	9	16	0	0	10	0	20	0	79	72	144	60	224	10	0	20	11	0	20	4	0	20	0	35	0	80	12	13	0	20	0	0	0	0	1	0	0	0	5	0	20	0	41	0	80	24	35	32	36	1	0	0	0	8	8	0	0	1	0	0	0	9	16	0	0	10	0	20	0	79	72	144	60	212	10	0	20	10	0	20	4	0	20	0	34	0	80	12	11	0	20	0	0	0	0	1	0	0	0	4	0	20	0	35	0	80	12	13	0	20	1	0	0	0	4	0	0	0	0	0	0	0	1	0	0	0	5	0	20	0	41	0	80	24	35	32	36	2	0	0	0	2	0	0	0	1	0	0	0	8	8	0	0	1	0	0	0	9	16	0	0	10	0	20	0	79	72	144	60
344	328	50	69	55	312	20	39	18	50	69	55	18	0	32	12	124	180	165	156	296	19	39	11	20	39	18	17	0	30	0	63	130	54	81	50	69	55	1	0	0	11	19	10	0	36	18	0	32	12	124	180	165	156	280	18	39	0	19	39	11	16	0	22	0	60	130	33	56	20	39	18	0	0	0	0	1	0	0	0	17	0	30	0	63	130	54	81	50	69	55	1	0	0	0	10	10	0	85	1	0	0	11	19	10	0	36	18	0	32	12	124	180	165	156	264	18	39	0	18	39	0	16	0	0	0	59	130	0	56	19	39	11	0	0	0	0	1	0	0	0	16	0	22	0	60	130	33	56	20	39	18	1	0	0	0	4	0	0	50	0	0	0	0	1	0	0	0	17	0	30	0	63	130	54	81	50	69	55	2	0	0	0	6	0	0	0	1	0	0	0	10	10	0	85	1	0	0	11	19	10	0	36	18	0	32	12	124	180	165	156
371	354	34	42	124	337	17	0	87	34	42	124	19	0	33	69	77	42	372	206	320	13	0	87	17	0	87	6	0	32	69	52	0	261	145	34	42	124	1	0	0	0	4	14	0	0	19	0	33	69	77	42	372	206	303	12	0	87	13	0	87	5	0	32	69	43	0	261	137	17	0	87	0	0	0	0	2	0	0	0	6	0	32	69	52	0	261	145	34	42	124	1	0	0	0	5	0	0	0	1	0	0	0	4	14	0	0	19	0	33	69	77	42	372	206	286	12	0	86	12	0	87	5	0	32	68	42	0	261	109	13	0	87	0	0	0	0	2	0	0	0	5	0	32	69	43	0	261	137	17	0	87	1	0	0	0	5	0	0	0	0	0	0	0	2	0	0	0	6	0	32	69	52	0	261	145	34	42	124	2	0	0	14	2	0	0	0	1	0	0	0	5	0	0	0	1	0	0	0	4	14	0	0	19	0	33	69	77	42	372	206
368	351	44	64	108	334	18	12	81	44	64	108	19	48	77	81	95	132	432	151	317	13	0	81	18	12	81	8	0	76	81	48	36	324	127	44	64	108	3	0	24	0	8	12	108	0	19	48	77	81	95	132	432	151	300	10	0	80	13	0	81	5	0	76	77	37	0	324	126	18	12	81	0	0	24	0	3	0	81	0	8	0	76	81	48	36	324	127	44	64	108	1	0	23	11	13	0	0	0	3	0	24	0	8	12	108	0	19	48	77	81	95	132	432	151	283	10	0	62	10	0	80	5	0	76	30	36	0	320	109	13	0	81	0	0	24	0	3	0	81	0	5	0	76	77	37	0	324	126	18	12	81	1	0	23	0	7	0	0	0	0	0	24	0	3	0	81	0	8	0	76	81	48	36	324	127	44	64	108	5	0	0	80	5	0	0	85	1	0	23	11	13	0	0	0	3	0	24	0	8	12	108	0	19	48	77	81	95	132	432	151
377	359	61	75	105	341	34	59	41	61	75	105	39	43	12	73	142	205	105	394	323	28	45	39	34	59	41	24	29	12	69	92	197	41	246	61	75	105	7	13	34	12	14	17	105	0	39	43	12	73	142	205	105	394	305	21	31	30	28	45	39	20	16	12	51	77	157	39	222	34	59	41	2	0	33	0	4	16	41	0	24	29	12	69	92	197	41	246	61	75	105	7	15	32	25	13	60	105	36	7	13	34	12	14	17	105	0	39	43	12	73	142	205	105	394	287	19	29	8	21	31	30	12	15	12	0	65	139	30	143	28	45	39	2	0	33	0	4	16	39	0	20	16	12	51	77	157	39	222	34	59	41	5	14	30	0	6	56	41	0	2	0	33	0	4	16	41	0	24	29	12	69	92	197	41	246	61	75	105	5	29	0	32	8	30	0	115	7	15	32	25	13	60	105	36	7	13	34	12	14	17	105	0	39	43	12	73	142	205	105	394
244	232	43	37	45	220	18	27	0	43	37	45	20	18	0	0	106	114	45	313	208	15	27	0	18	27	0	10	18	0	0	57	108	0	210	43	37	45	1	0	0	0	11	0	0	0	20	18	0	0	106	114	45	313	196	14	27	0	15	27	0	9	18	0	0	48	108	0	187	18	27	0	0	0	0	0	2	0	0	0	10	18	0	0	57	108	0	210	43	37	45	1	0	0	0	4	0	0	0	1	0	0	0	11	0	0	0	20	18	0	0	106	114	45	313	184	14	27	0	14	27	0	9	18	0	0	47	108	0	121	15	27	0	0	0	0	0	2	0	0	0	9	18	0	0	48	108	0	187	18	27	0	1	0	0	0	4	0	0	0	0	0	0	0	2	0	0	0	10	18	0	0	57	108	0	210	43	37	45	2	0	0	0	5	0	0	0	1	0	0	0	4	0	0	0	1	0	0	0	11	0	0	0	20	18	0	0	106	114	45	313
279	265	49	70	13	251	16	38	0	49	70	13	19	47	0	0	94	193	65	115	237	12	33	0	16	38	0	7	22	0	0	42	114	0	107	49	70	13	3	0	0	0	5	16	13	0	19	47	0	0	94	193	65	115	223	11	33	0	12	33	0	6	22	0	0	35	99	0	106	16	38	0	2	0	0	0	3	11	0	0	7	22	0	0	42	114	0	107	49	70	13	1	0	0	0	11	0	0	0	3	0	0	0	5	16	13	0	19	47	0	0	94	193	65	115	209	11	33	0	11	33	0	6	22	0	0	34	99	0	89	12	33	0	2	0	0	0	3	11	0	0	6	22	0	0	35	99	0	106	16	38	0	1	0	0	0	5	0	0	0	2	0	0	0	3	11	0	0	7	22	0	0	42	114	0	107	49	70	13	5	0	0	0	5	0	0	0	1	0	0	0	11	0	0	0	3	0	0	0	5	16	13	0	19	47	0	0	94	193	65	115
294	280	14	0	123	266	5	0	88	14	0	123	5	0	17	52	33	0	0	245	252	4	0	87	5	0	88	2	0	0	50	11	0	0	168	14	0	123	0	0	0	14	1	0	0	0	5	0	17	52	33	0	0	245	238	4	0	87	4	0	87	2	0	0	50	11	0	0	168	5	0	88	0	0	0	14	1	0	0	0	2	0	0	50	11	0	0	168	14	0	123	0	0	0	0	1	0	0	0	0	0	0	14	1	0	0	0	5	0	17	52	33	0	0	245	224	4	0	87	4	0	87	2	0	0	50	11	0	0	167	4	0	87	0	0	0	14	1	0	0	0	2	0	0	50	11	0	0	168	5	0	88	0	0	0	0	1	0	0	0	0	0	0	14	1	0	0	0	2	0	0	50	11	0	0	168	14	0	123	0	0	0	0	0	0	0	0	0	0	0	0	1	0	0	0	0	0	0	14	1	0	0	0	5	0	17	52	33	0	0	245
224	213	18	10	81	202	10	10	28	18	10	81	9	0	30	9	47	20	0	395	191	8	10	28	10	10	28	5	0	0	9	31	20	0	209	18	10	81	0	0	13	0	2	0	0	0	9	0	30	9	47	20	0	395	180	8	10	28	8	10	28	5	0	0	9	30	20	0	207	10	10	28	0	0	0	0	2	0	0	0	5	0	0	9	31	20	0	209	18	10	81	1	0	0	0	5	0	0	0	0	0	13	0	2	0	0	0	9	0	30	9	47	20	0	395	169	8	10	28	8	10	28	5	0	0	9	30	20	0	197	8	10	28	0	0	0	0	2	0	0	0	5	0	0	9	30	20	0	207	10	10	28	1	0	0	0	5	0	0	0	0	0	0	0	2	0	0	0	5	0	0	9	31	20	0	209	18	10	81	2	0	0	0	2	0	0	0	1	0	0	0	5	0	0	0	0	0	13	0	2	0	0	0	9	0	30	9	47	20	0	395
415	395	36	67	137	375	16	16	102	36	67	137	8	48	52	48	67	96	411	245	355	12	0	102	16	16	102	5	0	31	48	25	0	306	168	36	67	137	2	0	46	0	3	0	137	0	8	48	52	48	67	96	411	245	335	11	0	102	12	0	102	5	0	31	48	25	0	306	168	16	16	102	2	0	43	0	3	0	102	0	5	0	31	48	25	0	306	168	36	67	137	0	0	0	0	16	19	0	0	2	0	46	0	3	0	137	0	8	48	52	48	67	96	411	245	315	11	0	102	11	0	102	5	0	31	48	23	0	306	167	12	0	102	2	0	43	0	3	0	102	0	5	0	31	48	25	0	306	168	16	16	102	0	0	0	0	4	16	0	0	2	0	43	0	3	0	102	0	5	0	31	48	25	0	306	168	36	67	137	3	0	0	0	5	0	0	0	0	0	0	0	16	19	0	0	2	0	46	0	3	0	137	0	8	48	52	48	67	96	411	245
227	216	41	28	38	205	20	0	20	41	28	38	13	0	24	13	79	70	152	121	194	18	0	20	20	0	20	9	0	7	13	40	0	80	81	41	28	38	14	0	7	0	9	0	0	0	13	0	24	13	79	70	152	121	183	18	0	20	18	0	20	9	0	7	13	40	0	80	81	20	0	20	14	0	7	0	9	0	0	0	9	0	7	13	40	0	80	81	41	28	38	3	0	0	0	24	0	0	0	14	0	7	0	9	0	0	0	13	0	24	13	79	70	152	121	172	18	0	20	18	0	20	9	0	7	13	40	0	80	80	18	0	20	14	0	7	0	9	0	0	0	9	0	7	13	40	0	80	81	20	0	20	3	0	0	0	5	0	0	0	14	0	7	0	9	0	0	0	9	0	7	13	40	0	80	81	41	28	38	18	0	0	0	11	0	0	0	3	0	0	0	24	0	0	0	14	0	7	0	9	0	0	0	13	0	24	13	79	70	152	121
218	206	46	52	5	194	16	34	0	46	52	5	13	26	5	0	81	105	25	13	182	14	32	0	16	34	0	6	24	0	0	34	57	0	0	46	52	5	12	16	0	0	10	8	0	0	13	26	5	0	81	105	25	13	170	14	32	0	14	32	0	6	24	0	0	33	56	0	0	16	34	0	12	16	0	0	8	8	0	0	6	24	0	0	34	57	0	0	46	52	5	3	0	0	0	31	0	0	0	12	16	0	0	10	8	0	0	13	26	5	0	81	105	25	13	158	14	32	0	14	32	0	6	24	0	0	33	56	0	0	14	32	0	12	16	0	0	8	8	0	0	6	24	0	0	33	56	0	0	16	34	0	3	0	0	0	4	0	0	0	12	16	0	0	8	8	0	0	6	24	0	0	34	57	0	0	46	52	5	18	0	0	0	14	0	0	0	3	0	0	0	31	0	0	0	12	16	0	0	10	8	0	0	13	26	5	0	81	105	25	13
218	207	39	18	50	196	22	0	21	39	18	50	15	0	40	28	70	9	100	180	185	22	0	19	22	0	21	15	0	21	26	49	0	42	122	39	18	50	18	0	0	24	14	0	0	0	15	0	40	28	70	9	100	180	174	17	0	19	22	0	19	15	0	19	26	49	0	38	122	22	0	21	14	0	0	24	10	0	0	0	15	0	21	26	49	0	42	122	39	18	50	5	0	0	0	29	45	0	0	18	0	0	24	14	0	0	0	15	0	40	28	70	9	100	180	163	15	0	19	17	0	19	7	0	19	26	36	0	38	122	22	0	19	14	0	0	24	10	0	0	0	15	0	19	26	49	0	38	122	22	0	21	3	0	0	0	3	0	0	0	14	0	0	24	10	0	0	0	15	0	21	26	49	0	42	122	39	18	50	18	0	0	0	13	18	0	0	5	0	0	0	29	45	0	0	18	0	0	24	14	0	0	0	15	0	40	28	70	9	100	180
312	296	61	51	92	280	37	15	55	61	51	92	29	0	67	100	116	96	276	180	264	36	15	22	37	15	55	25	0	49	12	87	60	165	122	61	51	92	22	0	0	34	19	15	0	226	29	0	67	100	116	96	276	180	248	29	15	21	36	15	22	25	0	32	12	86	60	66	122	37	15	55	14	0	0	33	13	15	0	122	25	0	49	12	87	60	165	122	61	51	92	16	0	11	9	40	72	0	0	22	0	0	34	19	15	0	226	29	0	67	100	116	96	276	180	232	23	12	21	29	15	21	14	0	30	12	68	60	63	122	36	15	22	14	0	0	33	13	15	0	120	25	0	32	12	86	60	66	122	37	15	55	7	0	11	9	6	0	0	0	14	0	0	33	13	15	0	122	25	0	49	12	87	60	165	122	61	51	92	21	36	36	0	19	36	0	0	16	0	11	9	40	72	0	0	22	0	0	34	19	15	0	226	29	0	67	100	116	96	276	180
185	175	30	23	26	165	14	16	0	30	23	26	7	0	16	0	54	8	26	180	155	14	16	0	14	16	0	7	0	0	0	32	8	0	122	30	23	26	14	0	0	0	10	0	0	0	7	0	16	0	54	8	26	180	145	13	16	0	14	16	0	7	0	0	0	32	8	0	122	14	16	0	14	0	0	0	8	0	0	0	7	0	0	0	32	8	0	122	30	23	26	3	0	0	0	30	7	0	0	14	0	0	0	10	0	0	0	7	0	16	0	54	8	26	180	135	13	16	0	13	16	0	7	0	0	0	30	8	0	122	14	16	0	14	0	0	0	8	0	0	0	7	0	0	0	32	8	0	122	14	16	0	3	0	0	0	3	0	0	0	14	0	0	0	8	0	0	0	7	0	0	0	32	8	0	122	30	23	26	18	0	0	0	14	0	0	0	3	0	0	0	30	7	0	0	14	0	0	0	10	0	0	0	7	0	16	0	54	8	26	180
303	285	77	126	10	267	41	98	0	77	126	10	43	55	0	0	142	259	40	43	249	35	86	0	41	98	0	26	52	0	0	85	217	0	20	77	126	10	16	129	0	0	26	70	0	0	43	55	0	0	142	259	40	43	231	25	83	0	35	86	0	23	43	0	0	75	196	0	20	41	98	0	7	129	0	0	16	69	0	0	26	52	0	0	85	217	0	20	77	126	10	16	30	0	0	42	93	0	0	16	129	0	0	26	70	0	0	43	55	0	0	142	259	40	43	213	19	68	0	25	83	0	11	40	0	0	48	190	0	20	35	86	0	3	120	0	0	14	63	0	0	23	43	0	0	75	196	0	20	41	98	0	6	30	0	0	14	48	0	0	7	129	0	0	16	69	0	0	26	52	0	0	85	217	0	20	77	126	10	11	102	0	0	19	55	0	0	16	30	0	0	42	93	0	0	16	129	0	0	26	70	0	0	43	55	0	0	142	259	40	43
195	185	53	25	3	175	33	0	0	53	25	3	30	0	0	0	105	50	15	5	165	31	0	0	33	0	0	22	0	0	0	73	0	0	0	53	25	3	27	0	0	0	20	10	0	0	30	0	0	0	105	50	15	5	155	23	0	0	31	0	0	20	0	0	0	66	0	0	0	33	0	0	14	0	0	0	12	0	0	0	22	0	0	0	73	0	0	0	53	25	3	11	0	0	0	29	40	0	0	27	0	0	0	20	10	0	0	30	0	0	0	105	50	15	5	145	20	0	0	23	0	0	11	0	0	0	47	0	0	0	31	0	0	14	0	0	0	12	0	0	0	20	0	0	0	66	0	0	0	33	0	0	7	0	0	0	6	0	0	0	14	0	0	0	12	0	0	0	22	0	0	0	73	0	0	0	53	25	3	23	0	0	0	15	15	0	0	11	0	0	0	29	40	0	0	27	0	0	0	20	10	0	0	30	0	0	0	105	50	15	5
339	321	43	17	150	303	31	17	104	43	17	150	29	0	0	98	99	34	0	181	285	28	17	83	31	17	104	21	0	0	46	74	34	0	76	43	17	150	25	0	12	53	20	0	0	137	29	0	0	98	99	34	0	181	267	19	0	79	28	17	83	17	0	0	41	64	34	0	41	31	17	104	12	0	11	50	11	0	0	102	21	0	0	46	74	34	0	76	43	17	150	11	0	24	45	10	0	150	0	25	0	12	53	20	0	0	137	29	0	0	98	99	34	0	181	249	12	0	78	19	0	79	8	0	0	40	40	0	0	40	28	17	83	12	0	11	50	11	0	0	102	17	0	0	41	64	34	0	41	31	17	104	7	0	22	44	6	0	104	0	12	0	11	50	11	0	0	102	21	0	0	46	74	34	0	76	43	17	150	8	0	30	9	8	0	0	0	11	0	24	45	10	0	150	0	25	0	12	53	20	0	0	137	29	0	0	98	99	34	0	181
302	285	73	84	59	268	46	66	25	73	84	59	45	88	0	25	170	216	59	155	251	39	62	24	46	66	25	28	88	0	24	113	176	25	76	73	84	59	32	40	12	13	31	50	0	0	45	88	0	25	170	216	59	155	234	31	20	10	39	62	24	22	80	0	10	96	165	24	41	46	66	25	21	0	11	0	18	22	0	0	28	88	0	24	113	176	25	76	73	84	59	17	20	39	10	20	10	236	105	32	40	12	13	31	50	0	0	45	88	0	25	170	216	59	155	217	24	0	9	31	20	10	20	0	0	9	75	50	10	40	39	62	24	20	0	11	0	18	22	0	0	22	80	0	10	96	165	24	41	46	66	25	14	0	36	9	17	0	100	41	21	0	11	0	18	22	0	0	28	88	0	24	113	176	25	76	73	84	59	20	0	45	9	15	15	118	0	17	20	39	10	20	10	236	105	32	40	12	13	31	50	0	0	45	88	0	25	170	216	59	155
259	243	67	92	23	227	43	73	0	67	92	23	41	53	0	0	154	159	46	105	211	37	71	0	43	73	0	28	53	0	0	111	137	0	55	67	92	23	30	14	0	0	34	39	0	0	41	53	0	0	154	159	46	105	195	26	58	0	37	71	0	21	51	0	0	93	133	0	22	43	73	0	17	0	0	0	21	20	0	0	28	53	0	0	111	137	0	55	67	92	23	15	54	0	0	40	52	23	0	30	14	0	0	34	39	0	0	41	53	0	0	154	159	46	105	179	17	46	0	26	58	0	10	40	0	0	65	107	0	21	37	71	0	15	0	0	0	21	20	0	0	21	51	0	0	93	133	0	22	43	73	0	9	36	0	0	16	33	0	0	17	0	0	0	21	20	0	0	28	53	0	0	111	137	0	55	67	92	23	12	46	30	0	12	36	23	0	15	54	0	0	40	52	23	0	30	14	0	0	34	39	0	0	41	53	0	0	154	159	46	105
184	174	49	27	11	164	34	9	0	49	27	11	38	0	0	0	119	54	33	13	154	30	6	0	34	9	0	26	0	0	0	81	18	0	0	49	27	11	24	18	0	0	23	12	0	0	38	0	0	0	119	54	33	13	144	22	0	0	30	6	0	22	0	0	0	69	12	0	0	34	9	0	12	0	0	0	16	0	0	0	26	0	0	0	81	18	0	0	49	27	11	13	0	0	0	14	6	11	0	24	18	0	0	23	12	0	0	38	0	0	0	119	54	33	13	134	16	0	0	22	0	0	13	0	0	0	51	0	0	0	30	6	0	12	0	0	0	16	0	0	0	22	0	0	0	69	12	0	0	34	9	0	9	0	0	0	11	0	0	0	12	0	0	0	16	0	0	0	26	0	0	0	81	18	0	0	49	27	11	14	0	18	0	10	0	0	0	13	0	0	0	14	6	11	0	24	18	0	0	23	12	0	0	38	0	0	0	119	54	33	13
217	205	56	49	5	193	30	19	0	56	49	5	30	58	0	0	137	140	20	3	181	28	5	0	30	19	0	26	10	0	0	73	53	0	0	56	49	5	13	20	0	0	19	10	10	0	30	58	0	0	137	140	20	3	169	20	0	0	28	5	0	24	0	0	0	68	10	0	0	30	19	0	2	0	0	0	12	0	0	0	26	10	0	0	73	53	0	0	56	49	5	10	0	0	0	12	5	5	0	13	20	0	0	19	10	10	0	30	58	0	0	137	140	20	3	157	17	0	0	20	0	0	15	0	0	0	50	0	0	0	28	5	0	2	0	0	0	12	0	0	0	24	0	0	0	68	10	0	0	30	19	0	6	0	0	0	9	0	0	0	2	0	0	0	12	0	0	0	26	10	0	0	73	53	0	0	56	49	5	11	0	0	0	7	0	0	0	10	0	0	0	12	5	5	0	13	20	0	0	19	10	10	0	30	58	0	0	137	140	20	3
184	173	47	35	13	162	20	10	8	47	35	13	20	0	26	0	123	95	65	5	151	18	10	8	20	10	8	16	0	16	0	56	20	40	0	47	35	13	2	0	13	0	4	0	0	0	20	0	26	0	123	95	65	5	140	18	10	8	18	10	8	16	0	16	0	53	20	40	0	20	10	8	2	0	8	0	4	0	0	0	16	0	16	0	56	20	40	0	47	35	13	0	0	0	0	2	0	0	0	2	0	13	0	4	0	0	0	20	0	26	0	123	95	65	5	129	18	10	8	18	10	8	16	0	16	0	53	20	40	0	18	10	8	2	0	8	0	4	0	0	0	16	0	16	0	53	20	40	0	20	10	8	0	0	0	0	2	0	0	0	2	0	8	0	4	0	0	0	16	0	16	0	56	20	40	0	47	35	13	0	0	0	0	0	0	0	0	0	0	0	0	2	0	0	0	2	0	13	0	4	0	0	0	20	0	26	0	123	95	65	5
235	220	70	86	28	205	42	64	0	70	86	28	45	84	10	0	163	197	56	98	190	31	50	0	42	64	0	36	56	0	0	105	137	0	25	70	86	28	15	12	58	0	20	49	56	0	45	84	10	0	163	197	56	98	175	24	42	0	31	50	0	22	44	0	0	77	105	0	24	42	64	0	12	0	0	0	14	41	0	0	36	56	0	0	105	137	0	25	70	86	28	10	20	27	0	26	52	28	0	15	12	58	0	20	49	56	0	45	84	10	0	163	197	56	98	160	22	36	0	24	42	0	19	40	0	0	60	93	0	10	31	50	0	10	0	0	0	14	39	0	0	22	44	0	0	77	105	0	24	42	64	0	9	16	0	0	14	44	0	0	12	0	0	0	14	41	0	0	36	56	0	0	105	137	0	25	70	86	28	11	52	0	0	10	23	0	0	10	20	27	0	26	52	28	0	15	12	58	0	20	49	56	0	45	84	10	0	163	197	56	98
166	156	51	24	18	146	26	16	0	51	24	18	31	8	10	0	122	87	18	39	136	19	16	0	26	16	0	19	8	0	0	57	56	0	0	51	24	18	7	0	18	0	11	18	0	0	31	8	10	0	122	87	18	39	126	16	16	0	19	16	0	14	8	0	0	41	56	0	0	26	16	0	2	0	0	0	8	16	0	0	19	8	0	0	57	56	0	0	51	24	18	6	0	7	0	15	9	0	0	7	0	18	0	11	18	0	0	31	8	10	0	122	87	18	39	116	16	16	0	16	16	0	14	8	0	0	38	56	0	0	19	16	0	2	0	0	0	8	16	0	0	14	8	0	0	41	56	0	0	26	16	0	6	0	0	0	8	8	0	0	2	0	0	0	8	16	0	0	19	8	0	0	57	56	0	0	51	24	18	11	0	0	0	6	0	0	0	6	0	7	0	15	9	0	0	7	0	18	0	11	18	0	0	31	8	10	0	122	87	18	39
159	150	41	18	11	141	21	0	0	41	18	11	23	0	10	0	108	48	33	16	132	17	0	0	21	0	0	17	0	0	0	53	0	0	0	41	18	11	4	0	11	0	8	0	0	0	23	0	10	0	108	48	33	16	123	16	0	0	17	0	0	15	0	0	0	44	0	0	0	21	0	0	2	0	0	0	8	0	0	0	17	0	0	0	53	0	0	0	41	18	11	2	0	0	0	6	0	0	0	4	0	11	0	8	0	0	0	23	0	10	0	108	48	33	16	114	16	0	0	16	0	0	15	0	0	0	43	0	0	0	17	0	0	2	0	0	0	8	0	0	0	15	0	0	0	44	0	0	0	21	0	0	2	0	0	0	6	0	0	0	2	0	0	0	8	0	0	0	17	0	0	0	53	0	0	0	41	18	11	6	0	0	0	2	0	0	0	2	0	0	0	6	0	0	0	4	0	11	0	8	0	0	0	23	0	10	0	108	48	33	16
88	83	26	6	0	78	12	0	0	26	6	0	11	0	0	0	72	15	0	0	73	12	0	0	12	0	0	11	0	0	0	34	0	0	0	26	6	0	2	0	0	0	4	0	0	0	11	0	0	0	72	15	0	0	68	12	0	0	12	0	0	11	0	0	0	34	0	0	0	12	0	0	2	0	0	0	4	0	0	0	11	0	0	0	34	0	0	0	26	6	0	0	0	0	0	2	0	0	0	2	0	0	0	4	0	0	0	11	0	0	0	72	15	0	0	63	12	0	0	12	0	0	11	0	0	0	34	0	0	0	12	0	0	2	0	0	0	4	0	0	0	11	0	0	0	34	0	0	0	12	0	0	0	0	0	0	2	0	0	0	2	0	0	0	4	0	0	0	11	0	0	0	34	0	0	0	26	6	0	0	0	0	0	0	0	0	0	0	0	0	0	2	0	0	0	2	0	0	0	4	0	0	0	11	0	0	0	72	15	0	0
286	269	59	42	98	252	31	0	76	59	42	98	29	0	101	28	145	84	294	52	235	30	0	69	31	0	76	27	0	84	8	82	0	228	8	59	42	98	10	0	6	24	12	0	0	5	29	0	101	28	145	84	294	52	218	30	0	68	30	0	69	27	0	75	8	81	0	207	8	31	0	76	10	0	0	22	9	0	0	0	27	0	84	8	82	0	228	8	59	42	98	6	0	0	11	9	0	0	0	10	0	6	24	12	0	0	5	29	0	101	28	145	84	294	52	201	30	0	68	30	0	68	27	0	73	8	81	0	204	8	30	0	69	10	0	0	22	8	0	0	0	27	0	75	8	81	0	207	8	31	0	76	6	0	0	11	9	0	0	0	10	0	0	22	9	0	0	0	27	0	84	8	82	0	228	8	59	42	98	12	0	0	0	6	0	0	0	6	0	0	11	9	0	0	0	10	0	6	24	12	0	0	5	29	0	101	28	145	84	294	52
238	223	44	49	65	208	16	26	59	44	49	65	14	13	67	8	107	113	130	13	193	16	26	59	16	26	59	14	13	66	8	47	78	118	8	44	49	65	2	0	0	0	4	0	0	0	14	13	67	8	107	113	130	13	178	16	26	59	16	26	59	14	13	66	8	47	78	118	8	16	26	59	2	0	0	0	2	0	0	0	14	13	66	8	47	78	118	8	44	49	65	0	0	0	0	1	0	0	0	2	0	0	0	4	0	0	0	14	13	67	8	107	113	130	13	163	16	26	59	16	26	59	14	13	66	8	47	78	118	8	16	26	59	2	0	0	0	2	0	0	0	14	13	66	8	47	78	118	8	16	26	59	0	0	0	0	1	0	0	0	2	0	0	0	2	0	0	0	14	13	66	8	47	78	118	8	44	49	65	0	0	0	0	2	0	0	0	0	0	0	0	1	0	0	0	2	0	0	0	4	0	0	0	14	13	67	8	107	113	130	13
283	264	76	118	36	245	36	72	5	76	118	36	38	88	21	20	188	351	144	70	226	33	70	0	36	72	5	30	84	5	0	96	231	20	8	76	118	36	11	28	6	0	14	28	0	5	38	88	21	20	188	351	144	70	207	32	70	0	33	70	0	28	84	0	0	90	224	0	8	36	72	5	8	28	0	0	9	28	0	0	30	84	5	0	96	231	20	8	76	118	36	6	0	0	0	11	14	0	0	11	28	6	0	14	28	0	5	38	88	21	20	188	351	144	70	188	32	70	0	32	70	0	28	84	0	0	89	224	0	8	33	70	0	8	28	0	0	8	28	0	0	28	84	0	0	90	224	0	8	36	72	5	6	0	0	0	9	14	0	0	8	28	0	0	9	28	0	0	30	84	5	0	96	231	20	8	76	118	36	12	0	0	0	7	0	0	0	6	0	0	0	11	14	0	0	11	28	6	0	14	28	0	5	38	88	21	20	188	351	144	70
173	161	38	43	14	149	14	32	0	38	43	14	11	32	0	0	98	85	14	24	137	14	32	0	14	32	0	11	32	0	0	44	72	0	8	38	43	14	2	0	0	0	3	0	0	0	11	32	0	0	98	85	14	24	125	14	32	0	14	32	0	11	32	0	0	44	72	0	8	14	32	0	2	0	0	0	2	0	0	0	11	32	0	0	44	72	0	8	38	43	14	0	0	0	0	1	0	0	0	2	0	0	0	3	0	0	0	11	32	0	0	98	85	14	24	113	14	32	0	14	32	0	11	32	0	0	44	72	0	8	14	32	0	2	0	0	0	2	0	0	0	11	32	0	0	44	72	0	8	14	32	0	0	0	0	0	1	0	0	0	2	0	0	0	2	0	0	0	11	32	0	0	44	72	0	8	38	43	14	0	0	0	0	1	0	0	0	0	0	0	0	1	0	0	0	2	0	0	0	3	0	0	0	11	32	0	0	98	85	14	24
211	196	69	79	5	181	29	50	0	69	79	5	27	40	0	0	173	236	25	13	166	29	50	0	29	50	0	27	40	0	0	83	150	0	8	68	79	5	10	0	0	0	14	0	0	0	27	40	0	0	171	236	25	13	151	29	50	0	29	50	0	27	40	0	0	83	150	0	8	28	50	0	10	0	0	0	5	0	0	0	27	40	0	0	81	150	0	8	66	79	5	4	0	0	0	7	0	0	0	10	0	0	0	14	0	0	0	25	40	0	0	164	236	25	13	136	29	50	0	29	50	0	27	40	0	0	83	150	0	8	28	50	0	10	0	0	0	5	0	0	0	27	40	0	0	81	150	0	8	26	50	0	4	0	0	0	5	0	0	0	10	0	0	0	5	0	0	0	25	40	0	0	74	150	0	8	66	79	5	6	0	0	0	7	0	0	0	4	0	0	0	7	0	0	0	10	0	0	0	14	0	0	0	25	40	0	0	164	236	25	13
286	268	63	32	133	250	43	0	86	63	32	133	40	0	39	66	160	48	266	204	232	42	0	70	43	0	86	39	0	37	46	121	0	172	140	63	32	133	12	0	0	62	22	16	0	28	40	0	39	66	160	48	266	204	214	42	0	23	42	0	70	39	0	27	34	120	0	140	128	43	0	86	12	0	0	0	10	0	0	0	39	0	37	46	121	0	172	140	63	32	133	12	0	0	24	17	0	0	248	12	0	0	62	22	16	0	28	40	0	39	66	160	48	266	204	196	35	0	22	42	0	23	39	0	0	33	120	0	46	127	42	0	70	11	0	0	0	10	0	0	0	39	0	27	34	120	0	140	128	43	0	86	5	0	0	22	17	0	0	129	12	0	0	0	10	0	0	0	39	0	37	46	121	0	172	140	63	32	133	9	0	52	11	13	16	0	0	12	0	0	24	17	0	0	248	12	0	0	62	22	16	0	28	40	0	39	66	160	48	266	204
251	235	64	55	82	219	35	0	74	64	55	82	43	0	47	36	141	165	410	5	203	31	0	73	35	0	74	28	0	47	36	93	0	370	0	64	55	82	13	0	0	10	17	44	0	0	43	0	47	36	141	165	410	5	187	31	0	60	31	0	73	28	0	45	34	88	0	365	0	35	0	74	13	0	0	0	8	0	0	0	28	0	47	36	93	0	370	0	64	55	82	12	0	0	39	12	0	0	59	13	0	0	10	17	44	0	0	43	0	47	36	141	165	410	5	171	29	0	58	31	0	60	28	0	24	33	88	0	300	0	31	0	73	10	0	0	0	7	0	0	0	28	0	45	34	88	0	365	0	35	0	74	6	0	0	36	12	0	0	25	13	0	0	0	8	0	0	0	28	0	47	36	93	0	370	0	64	55	82	8	0	0	25	8	22	0	0	12	0	0	39	12	0	0	59	13	0	0	10	17	44	0	0	43	0	47	36	141	165	410	5
264	247	54	31	123	230	32	16	69	54	31	123	30	0	22	75	141	95	123	218	213	31	16	67	32	16	69	29	0	22	73	87	80	69	140	54	31	123	11	0	0	18	16	15	0	0	30	0	22	75	141	95	123	218	196	31	16	57	31	16	67	29	0	20	73	86	80	67	128	32	16	69	11	0	0	8	6	0	0	0	29	0	22	73	87	80	69	140	54	31	123	6	0	0	0	10	0	0	59	11	0	0	18	16	15	0	0	30	0	22	75	141	95	123	218	179	30	16	57	31	16	57	29	0	0	73	86	80	57	127	31	16	67	10	0	0	8	6	0	0	0	29	0	20	73	86	80	67	128	32	16	69	5	0	0	0	8	0	0	25	11	0	0	8	6	0	0	0	29	0	22	73	87	80	69	140	54	31	123	6	0	0	0	8	15	0	0	6	0	0	0	10	0	0	59	11	0	0	18	16	15	0	0	30	0	22	75	141	95	123	218
230	213	69	98	37	196	30	60	22	69	98	37	29	72	9	0	162	300	148	41	179	28	60	22	30	60	22	24	72	9	0	84	204	88	5	67	98	37	12	0	0	0	19	16	0	0	29	72	9	0	158	300	148	41	162	28	60	22	28	60	22	24	72	9	0	82	204	88	0	28	60	22	12	0	0	0	6	0	0	0	24	72	9	0	80	204	88	5	67	98	37	6	0	0	0	12	0	0	0	12	0	0	0	19	16	0	0	29	72	9	0	158	300	148	41	145	27	60	22	28	60	22	24	72	9	0	82	204	88	0	26	60	22	11	0	0	0	6	0	0	0	24	72	9	0	78	204	88	0	28	60	22	5	0	0	0	10	0	0	0	12	0	0	0	6	0	0	0	24	72	9	0	80	204	88	5	67	98	37	6	0	0	0	7	8	0	0	6	0	0	0	12	0	0	0	12	0	0	0	19	16	0	0	29	72	9	0	158	300	148	41
263	243	79	143	48	223	39	108	17	79	143	48	43	112	30	12	200	334	144	139	203	35	100	10	39	108	17	36	112	28	0	119	260	51	81	78	143	48	8	96	0	10	23	45	0	28	43	112	30	12	198	334	144	139	183	31	96	0	35	100	10	31	96	20	0	108	238	30	69	38	108	17	5	96	0	0	8	36	0	0	36	112	28	0	117	260	51	81	76	143	48	4	48	0	0	14	48	0	59	8	96	0	10	23	45	0	28	41	112	30	12	191	334	144	139	163	27	90	0	31	96	0	28	96	0	0	97	228	0	68	34	100	10	3	96	0	0	8	36	0	0	31	96	20	0	106	238	30	69	36	108	17	1	48	0	0	12	48	0	25	5	96	0	0	8	36	0	0	34	112	28	0	110	260	51	81	76	143	48	2	54	16	0	9	21	0	0	4	48	0	0	14	48	0	59	8	96	0	10	23	45	0	28	41	112	30	12	191	334	144	139
249	232	49	64	95	215	30	12	71	49	64	95	34	48	19	60	86	76	380	119	198	22	0	71	30	12	71	21	0	19	60	65	12	284	96	49	64	95	8	0	46	0	9	0	95	0	34	48	19	60	86	76	380	119	181	21	0	70	22	0	71	18	0	19	56	53	0	284	95	30	12	71	8	0	46	0	7	0	71	0	21	0	19	60	65	12	284	96	49	64	95	8	0	10	10	11	0	0	0	8	0	46	0	9	0	95	0	34	48	19	60	86	76	380	119	164	18	0	52	21	0	70	17	0	19	15	51	0	280	82	22	0	71	2	0	46	0	5	0	71	0	18	0	19	56	53	0	284	95	30	12	71	2	0	10	0	11	0	0	0	8	0	46	0	7	0	71	0	21	0	19	60	65	12	284	96	49	64	95	2	0	10	75	3	0	0	59	8	0	10	10	11	0	0	0	8	0	46	0	9	0	95	0	34	48	19	60	86	76	380	119
177	165	46	27	50	153	31	0	20	46	27	50	40	0	11	18	92	18	150	167	141	27	0	20	31	0	20	25	0	11	18	75	0	60	113	46	27	50	13	0	0	0	9	0	0	0	40	0	11	18	92	18	150	167	129	27	0	20	27	0	20	25	0	11	18	70	0	60	105	31	0	20	13	0	0	0	8	0	0	0	25	0	11	18	75	0	60	113	46	27	50	12	0	0	0	12	0	0	0	13	0	0	0	9	0	0	0	40	0	11	18	92	18	150	167	117	23	0	20	27	0	20	25	0	11	18	70	0	60	82	27	0	20	10	0	0	0	7	0	0	0	25	0	11	18	70	0	60	105	31	0	20	6	0	0	0	12	0	0	0	13	0	0	0	8	0	0	0	25	0	11	18	75	0	60	113	46	27	50	2	0	18	0	3	0	0	0	12	0	0	0	12	0	0	0	13	0	0	0	9	0	0	0	40	0	11	18	92	18	150	167
241	224	67	58	104	207	48	44	38	67	58	104	57	13	0	69	150	78	104	423	190	41	30	36	48	44	38	43	0	0	65	121	77	38	268	67	58	104	16	14	30	12	20	15	104	0	57	13	0	69	150	78	104	423	173	31	28	27	41	30	36	37	0	0	47	105	64	36	242	48	44	38	16	13	30	0	15	15	38	0	43	0	0	65	121	77	38	268	67	58	104	10	28	70	24	21	45	0	28	16	14	30	12	20	15	104	0	57	13	0	69	150	78	104	423	156	23	15	6	31	28	27	25	0	0	0	77	60	27	162	41	30	36	10	0	30	0	13	14	36	0	37	0	0	47	105	64	36	242	48	44	38	5	15	62	0	21	45	0	0	16	13	30	0	15	15	38	0	43	0	0	65	121	77	38	268	67	58	104	2	0	58	24	6	15	104	82	10	28	70	24	21	45	0	28	16	14	30	12	20	15	104	0	57	13	0	69	150	78	104	423
225	207	63	126	21	189	32	82	10	63	126	21	40	118	0	0	113	218	105	82	171	22	67	10	32	82	10	23	56	0	0	70	144	50	74	63	126	21	8	36	30	0	16	60	42	0	40	118	0	0	113	218	105	82	153	18	61	10	22	67	10	17	56	0	0	51	126	50	73	32	82	10	8	26	30	0	10	47	20	0	23	56	0	0	70	144	50	74	63	126	21	2	43	10	0	13	39	0	0	8	36	30	0	16	60	42	0	40	118	0	0	113	218	105	82	135	15	53	6	18	61	10	13	54	0	0	39	122	50	60	22	67	10	3	14	30	0	8	39	20	0	17	56	0	0	51	126	50	73	32	82	10	1	13	10	0	13	39	0	0	8	26	30	0	10	47	20	0	23	56	0	0	70	144	50	74	63	126	21	1	26	10	24	5	13	21	0	2	43	10	0	13	39	0	0	8	36	30	0	16	60	42	0	40	118	0	0	113	218	105	82
188	173	63	73	44	158	31	51	0	63	73	44	34	63	0	0	129	210	88	300	143	27	50	0	31	51	0	19	60	0	0	65	192	0	199	60	73	44	22	10	0	0	21	0	0	0	34	63	0	0	124	210	88	300	128	25	50	0	27	50	0	19	60	0	0	60	190	0	175	28	51	0	12	10	0	0	9	0	0	0	19	60	0	0	60	192	0	199	60	73	44	16	0	0	0	13	22	0	0	22	10	0	0	21	0	0	0	34	63	0	0	124	210	88	300	113	21	50	0	25	50	0	19	60	0	0	56	190	0	105	24	50	0	9	10	0	0	8	0	0	0	19	60	0	0	55	190	0	175	28	51	0	10	0	0	0	11	20	0	0	12	10	0	0	9	0	0	0	19	60	0	0	60	192	0	199	60	73	44	2	0	18	0	3	0	0	0	16	0	0	0	13	22	0	0	22	10	0	0	21	0	0	0	34	63	0	0	124	210	88	300
166	154	27	20	59	142	14	0	29	27	20	59	15	0	42	30	39	10	118	166	130	13	0	29	14	0	29	11	0	16	30	22	0	58	101	27	20	59	5	0	0	0	8	0	0	0	15	0	42	30	39	10	118	166	118	12	0	29	13	0	29	11	0	16	30	19	0	58	101	14	0	29	3	0	0	0	5	0	0	0	11	0	16	30	22	0	58	101	27	20	59	1	0	6	0	3	0	0	0	5	0	0	0	8	0	0	0	15	0	42	30	39	10	118	166	106	12	0	29	12	0	29	11	0	16	30	19	0	58	100	13	0	29	3	0	0	0	5	0	0	0	11	0	16	30	19	0	58	101	14	0	29	1	0	0	0	3	0	0	0	3	0	0	0	5	0	0	0	11	0	16	30	22	0	58	101	27	20	59	2	0	0	0	2	0	0	0	1	0	6	0	3	0	0	0	5	0	0	0	8	0	0	0	15	0	42	30	39	10	118	166
125	115	24	17	48	105	13	16	0	24	17	48	10	8	37	0	43	16	0	314	95	13	16	0	13	16	0	10	8	0	0	32	16	0	139	24	17	48	5	0	0	0	6	0	0	0	10	8	37	0	43	16	0	314	85	11	16	0	13	16	0	10	8	0	0	32	16	0	137	13	16	0	2	0	0	0	4	0	0	0	10	8	0	0	32	16	0	139	24	17	48	2	0	19	0	8	0	0	0	5	0	0	0	6	0	0	0	10	8	37	0	43	16	0	314	75	11	16	0	11	16	0	10	8	0	0	32	16	0	127	13	16	0	2	0	0	0	4	0	0	0	10	8	0	0	32	16	0	137	13	16	0	2	0	0	0	8	0	0	0	2	0	0	0	4	0	0	0	10	8	0	0	32	16	0	139	24	17	48	2	0	0	0	2	0	0	0	2	0	19	0	8	0	0	0	5	0	0	0	6	0	0	0	10	8	37	0	43	16	0	314
98	91	21	0	35	84	13	0	0	21	0	35	11	0	24	0	38	0	0	210	77	13	0	0	13	0	0	11	0	0	0	30	0	0	101	21	0	35	4	0	0	0	5	0	0	0	11	0	24	0	38	0	0	210	70	12	0	0	13	0	0	11	0	0	0	30	0	0	101	13	0	0	2	0	0	0	3	0	0	0	11	0	0	0	30	0	0	101	21	0	35	1	0	6	0	5	0	0	0	4	0	0	0	5	0	0	0	11	0	24	0	38	0	0	210	63	12	0	0	12	0	0	11	0	0	0	30	0	0	100	13	0	0	2	0	0	0	3	0	0	0	11	0	0	0	30	0	0	101	13	0	0	1	0	0	0	5	0	0	0	2	0	0	0	3	0	0	0	11	0	0	0	30	0	0	101	21	0	35	2	0	0	0	1	0	0	0	1	0	6	0	5	0	0	0	4	0	0	0	5	0	0	0	11	0	24	0	38	0	0	210
129	119	27	27	18	109	15	9	0	27	27	18	17	0	24	0	44	18	54	116	99	13	9	0	15	9	0	11	0	0	0	25	0	0	81	27	27	18	5	0	0	0	10	6	0	0	17	0	24	0	44	18	54	116	89	12	9	0	13	9	0	11	0	0	0	22	0	0	81	15	9	0	3	0	0	0	8	0	0	0	11	0	0	0	25	0	0	81	27	27	18	1	0	6	0	6	0	0	0	5	0	0	0	10	6	0	0	17	0	24	0	44	18	54	116	79	12	9	0	12	9	0	11	0	0	0	22	0	0	80	13	9	0	3	0	0	0	7	0	0	0	11	0	0	0	22	0	0	81	15	9	0	1	0	0	0	6	0	0	0	3	0	0	0	8	0	0	0	11	0	0	0	25	0	0	81	27	27	18	3	0	0	0	4	0	0	0	1	0	6	0	6	0	0	0	5	0	0	0	10	6	0	0	17	0	24	0	44	18	54	116
137	124	41	67	6	111	16	45	0	41	67	6	13	64	12	0	64	114	24	21	98	13	40	0	16	45	0	5	48	0	0	28	75	0	10	41	67	6	6	16	0	0	12	19	6	0	13	64	12	0	64	114	24	21	85	12	40	0	13	40	0	5	48	0	0	26	64	0	10	16	45	0	4	16	0	0	9	16	0	0	5	48	0	0	28	75	0	10	41	67	6	7	0	6	0	15	0	0	0	6	16	0	0	12	19	6	0	13	64	12	0	64	114	24	21	72	11	40	0	12	40	0	5	48	0	0	26	64	0	10	13	40	0	4	16	0	0	8	16	0	0	5	48	0	0	26	64	0	10	16	45	0	4	0	0	0	9	0	0	0	4	16	0	0	9	16	0	0	5	48	0	0	28	75	0	10	40	67	6	6	0	0	0	6	7	0	0	7	0	6	0	15	0	0	0	6	16	0	0	12	19	6	0	13	64	12	0	64	114	24	21
104	96	17	0	37	88	9	0	17	17	0	37	8	0	3	9	32	0	0	83	80	8	0	16	9	0	17	6	0	0	8	12	0	0	29	17	0	37	2	0	0	8	5	0	0	0	8	0	3	9	32	0	0	83	72	8	0	16	8	0	16	6	0	0	8	12	0	0	29	9	0	17	2	0	0	8	5	0	0	0	6	0	0	8	12	0	0	29	17	0	37	0	0	0	0	3	0	0	0	2	0	0	8	5	0	0	0	8	0	3	9	32	0	0	83	64	8	0	16	8	0	16	6	0	0	8	12	0	0	29	8	0	16	2	0	0	8	4	0	0	0	6	0	0	8	12	0	0	29	9	0	17	0	0	0	0	3	0	0	0	2	0	0	8	5	0	0	0	6	0	0	8	12	0	0	29	17	0	37	1	0	0	0	5	0	0	0	0	0	0	0	3	0	0	0	2	0	0	8	5	0	0	0	8	0	3	9	32	0	0	83
168	155	27	12	91	142	17	0	61	27	12	91	13	0	16	100	46	24	91	83	129	13	0	26	17	0	61	10	0	13	8	25	0	61	29	27	12	91	3	0	38	38	11	0	0	220	13	0	16	100	46	24	91	83	116	13	0	26	13	0	26	10	0	10	8	25	0	26	29	17	0	61	3	0	32	38	10	0	0	119	10	0	13	8	25	0	61	29	27	12	91	2	0	0	0	17	0	0	0	3	0	38	38	11	0	0	220	13	0	16	100	46	24	91	83	103	13	0	26	13	0	26	10	0	10	8	25	0	26	29	13	0	26	3	0	10	38	6	0	0	117	10	0	10	8	25	0	26	29	17	0	61	2	0	0	0	12	0	0	0	3	0	32	38	10	0	0	119	10	0	13	8	25	0	61	29	27	12	91	3	0	0	0	9	0	0	0	2	0	0	0	17	0	0	0	3	0	38	38	11	0	0	220	13	0	16	100	46	24	91	83
146	134	48	37	33	122	28	19	19	48	37	33	26	16	16	30	98	73	66	24	110	23	11	10	28	19	19	19	0	13	0	58	33	38	0	48	37	33	7	0	24	30	13	32	33	21	26	16	16	30	98	73	66	24	98	20	11	10	23	11	10	16	0	10	0	51	33	20	0	28	19	19	7	0	19	30	11	30	19	10	19	0	13	0	58	33	38	0	48	37	33	7	0	0	0	22	30	0	0	7	0	24	30	13	32	33	21	26	16	16	30	98	73	66	24	86	18	10	10	20	11	10	13	0	10	0	41	33	20	0	23	11	10	6	0	10	30	9	22	10	10	16	0	10	0	51	33	20	0	28	19	19	4	0	0	0	11	24	0	0	7	0	19	30	11	30	19	10	19	0	13	0	58	33	38	0	48	37	33	5	10	0	0	9	18	0	0	7	0	0	0	22	30	0	0	7	0	24	30	13	32	33	21	26	16	16	30	98	73	66	24
131	120	41	34	16	109	20	10	13	41	34	16	14	0	16	0	76	70	64	6	98	18	10	10	20	10	13	11	0	13	0	40	10	52	0	41	34	16	5	0	13	30	16	0	0	0	14	0	16	0	76	70	64	6	87	18	10	10	18	10	10	11	0	10	0	40	10	40	0	20	10	13	5	0	13	30	10	0	0	0	11	0	13	0	40	10	52	0	41	34	16	12	0	0	0	33	0	0	0	5	0	13	30	16	0	0	0	14	0	16	0	76	70	64	6	76	16	10	10	18	10	10	11	0	10	0	40	10	40	0	18	10	10	5	0	10	30	8	0	0	0	11	0	10	0	40	10	40	0	20	10	13	5	0	0	0	12	0	0	0	5	0	13	30	10	0	0	0	11	0	13	0	40	10	52	0	39	34	16	5	0	0	0	10	12	0	0	12	0	0	0	33	0	0	0	5	0	13	30	16	0	0	0	14	0	16	0	76	70	64	6
102	92	40	33	0	82	13	21	0	40	33	0	5	14	0	0	66	79	0	0	72	12	21	0	13	21	0	3	14	0	0	27	49	0	0	40	33	0	3	0	0	0	18	0	0	0	5	14	0	0	66	79	0	0	62	12	21	0	12	21	0	3	14	0	0	27	49	0	0	13	21	0	3	0	0	0	7	0	0	0	3	14	0	0	27	49	0	0	40	33	0	12	0	0	0	41	0	0	0	3	0	0	0	18	0	0	0	5	14	0	0	66	79	0	0	52	10	21	0	12	21	0	3	14	0	0	27	49	0	0	12	21	0	3	0	0	0	6	0	0	0	3	14	0	0	27	49	0	0	13	21	0	5	0	0	0	9	0	0	0	3	0	0	0	7	0	0	0	3	14	0	0	27	49	0	0	37	33	0	5	0	0	0	9	4	0	0	12	0	0	0	41	0	0	0	3	0	0	0	18	0	0	0	5	14	0	0	66	79	0	0
154	141	45	22	66	128	27	0	35	45	22	66	17	0	57	39	86	11	132	140	115	26	0	35	27	0	35	17	0	46	39	67	0	70	93	45	22	66	8	0	0	0	24	11	0	0	17	0	57	39	86	11	132	140	102	21	0	30	26	0	35	14	0	46	30	62	0	70	46	27	0	35	6	0	0	0	10	0	0	0	17	0	46	39	67	0	70	93	44	22	66	16	0	0	50	47	55	0	0	8	0	0	0	24	11	0	0	17	0	57	39	84	11	132	140	89	18	0	27	21	0	30	11	0	40	30	46	0	60	46	26	0	35	5	0	0	0	10	0	0	0	14	0	46	30	62	0	70	46	26	0	35	9	0	0	47	11	0	0	0	6	0	0	0	10	0	0	0	17	0	46	39	65	0	70	93	41	22	66	9	0	0	25	8	11	0	0	16	0	0	50	47	55	0	0	8	0	0	0	23	11	0	0	15	0	57	39	81	11	132	140
95	87	33	7	19	79	19	0	11	33	7	19	11	0	11	0	65	0	19	16	71	18	0	11	19	0	11	11	0	11	0	49	0	11	13	33	7	19	4	0	0	0	15	7	0	0	11	0	11	0	65	0	19	16	63	15	0	10	18	0	11	8	0	11	0	44	0	11	10	19	0	11	4	0	0	0	6	0	0	0	11	0	11	0	49	0	11	13	33	7	19	12	0	0	10	36	21	0	0	4	0	0	0	15	7	0	0	11	0	11	0	65	0	19	16	55	12	0	9	15	0	10	5	0	10	0	34	0	10	10	18	0	11	3	0	0	0	6	0	0	0	8	0	11	0	44	0	11	10	19	0	11	5	0	0	9	8	0	0	0	4	0	0	0	6	0	0	0	11	0	11	0	49	0	11	13	32	7	19	4	0	0	9	5	7	0	0	12	0	0	10	36	21	0	0	4	0	0	0	15	7	0	0	11	0	11	0	65	0	19	16
171	154	67	94	34	137	38	66	14	67	94	34	33	12	19	12	122	196	102	49	120	34	63	11	38	66	14	24	12	11	0	82	166	42	32	64	94	34	22	39	0	0	28	49	0	6	33	12	19	12	118	196	102	49	103	25	57	10	34	63	11	20	12	11	0	72	161	33	20	35	66	14	5	36	0	0	12	38	0	0	24	12	11	0	78	166	42	32	62	94	34	15	63	0	10	38	92	0	0	22	39	0	0	28	49	0	6	32	12	19	12	113	196	102	49	86	23	45	9	25	57	10	17	9	10	0	50	141	30	20	31	63	11	4	36	0	0	12	37	0	0	20	12	11	0	68	161	33	20	33	66	14	11	36	0	9	10	38	0	0	5	36	0	0	12	38	0	0	23	12	11	0	73	166	42	32	53	94	34	7	27	0	9	6	9	34	0	15	63	0	10	38	92	0	0	19	39	0	0	25	49	0	6	27	12	19	12	103	196	102	49
145	132	51	44	32	119	30	12	30	51	44	32	26	0	41	0	102	60	128	0	106	27	12	30	30	12	30	20	0	41	0	75	12	120	0	51	44	32	13	0	0	0	22	24	0	0	26	0	41	0	102	60	128	0	93	20	12	28	27	12	30	15	0	41	0	65	12	120	0	30	12	30	6	0	0	0	10	0	0	0	20	0	41	0	75	12	120	0	50	44	32	17	0	0	20	41	56	0	0	13	0	0	0	22	24	0	0	26	0	41	0	100	60	128	0	80	17	12	25	20	12	28	12	0	38	0	47	12	112	0	27	12	30	5	0	0	0	10	0	0	0	15	0	41	0	65	12	120	0	29	12	30	10	0	0	17	12	0	0	0	6	0	0	0	10	0	0	0	20	0	41	0	73	12	120	0	45	44	32	9	0	0	25	6	8	0	0	17	0	0	20	41	56	0	0	13	0	0	0	20	24	0	0	24	0	41	0	94	60	128	0
138	124	59	69	8	110	34	43	0	59	69	8	28	22	0	0	118	130	32	16	96	30	43	0	34	43	0	19	22	0	0	79	94	0	13	56	69	8	26	0	0	0	22	29	0	0	28	22	0	0	114	130	32	16	82	20	37	0	30	43	0	13	22	0	0	66	94	0	10	31	43	0	6	0	0	0	10	11	0	0	19	22	0	0	75	94	0	13	54	69	8	15	44	0	0	31	73	0	0	26	0	0	0	22	29	0	0	27	22	0	0	109	130	32	16	69	18	30	0	20	37	0	10	20	0	0	43	70	0	10	27	43	0	5	0	0	0	10	11	0	0	13	22	0	0	62	94	0	10	29	43	0	12	20	0	0	10	31	0	0	6	0	0	0	10	11	0	0	18	22	0	0	70	94	0	13	47	56	8	8	10	0	0	4	6	8	0	15	44	0	0	31	73	0	0	23	0	0	0	19	29	0	0	22	22	0	0	99	130	32	16
216	195	78	87	136	174	52	81	86	78	87	136	54	99	0	98	183	310	0	159	153	42	64	72	52	81	86	38	96	0	79	123	291	0	90	75	87	136	33	16	48	75	24	40	136	33	54	99	0	98	179	310	0	159	132	27	16	66	42	64	72	22	48	0	79	100	208	0	87	49	81	86	10	16	48	64	15	34	86	19	38	96	0	79	119	291	0	90	72	87	136	18	0	67	43	16	34	408	0	33	16	48	75	24	40	136	33	52	99	0	98	170	310	0	159	111	23	0	39	27	16	66	19	0	0	70	57	48	0	78	39	64	72	10	0	48	30	15	32	72	10	22	48	0	79	96	208	0	87	46	81	86	18	0	52	0	14	32	258	0	10	16	48	64	15	34	86	19	36	96	0	79	110	291	0	90	66	87	136	14	0	45	77	0	0	136	125	18	0	67	43	16	34	408	0	31	16	48	75	21	40	136	33	46	99	0	98	157	310	0	159
166	150	64	71	62	134	44	33	45	64	71	62	48	86	28	30	160	150	186	40	118	35	10	45	44	33	45	40	20	28	30	119	63	135	30	62	71	62	17	30	76	0	9	0	124	0	48	86	28	30	157	150	186	40	102	23	0	45	35	10	45	23	0	28	30	91	10	135	30	42	33	45	7	0	76	0	9	0	90	0	40	20	28	30	116	63	135	30	56	71	62	11	0	30	0	12	0	62	0	17	30	76	0	9	0	124	0	44	86	28	30	139	150	186	40	86	22	0	41	23	0	45	20	0	28	28	56	0	135	28	33	10	45	6	0	76	0	9	0	90	0	23	0	28	30	88	10	135	30	36	33	45	11	0	24	0	12	0	45	0	7	0	76	0	9	0	90	0	36	20	28	30	98	63	135	30	49	71	62	14	0	0	37	0	0	0	0	11	0	30	0	12	0	62	0	15	30	76	0	6	0	124	0	37	86	28	30	122	150	186	40
135	119	64	89	34	103	41	75	0	64	89	34	44	70	0	0	147	175	34	140	87	34	71	0	41	75	0	28	66	0	0	103	157	0	79	57	89	34	32	38	0	0	17	24	0	0	44	70	0	0	138	175	34	140	72	21	51	0	34	71	0	16	66	0	0	84	147	0	76	36	75	0	8	22	0	0	11	22	0	0	28	66	0	0	97	157	0	79	50	74	34	14	36	15	0	13	29	68	0	32	38	0	0	17	24	0	0	38	70	0	0	120	145	34	140	59	19	47	0	21	51	0	12	58	0	0	49	91	0	68	30	71	0	7	22	0	0	11	22	0	0	16	66	0	0	79	147	0	76	32	62	0	14	36	0	0	13	29	0	0	8	22	0	0	11	22	0	0	25	66	0	0	85	131	0	79	41	48	34	10	36	9	0	0	0	0	0	14	36	15	0	13	29	68	0	27	38	0	0	14	11	0	0	30	44	0	0	102	106	34	140
114	102	57	44	23	90	41	29	0	57	44	23	49	10	0	0	134	93	46	74	78	34	27	0	41	29	0	33	10	0	0	104	69	0	44	54	44	23	24	14	0	0	11	21	0	0	49	10	0	0	131	93	46	74	66	22	19	0	34	27	0	21	10	0	0	85	67	0	41	38	29	0	10	0	0	0	10	20	0	0	33	10	0	0	101	69	0	44	46	44	23	13	9	15	0	14	10	23	0	24	14	0	0	11	21	0	0	43	10	0	0	111	93	46	74	55	20	18	0	22	19	0	17	9	0	0	49	57	0	38	32	27	0	9	0	0	0	10	20	0	0	21	10	0	0	83	67	0	41	33	29	0	13	9	0	0	14	10	0	0	10	0	0	0	10	20	0	0	30	10	0	0	87	69	0	44	37	33	23	13	9	9	0	0	0	0	0	13	9	15	0	14	10	23	0	19	14	0	0	8	10	0	0	33	10	0	0	93	60	46	74
127	110	74	123	0	93	34	97	0	73	123	0	35	150	0	0	161	337	0	0	77	29	79	0	34	97	0	23	114	0	0	83	276	0	0	59	107	0	23	70	0	0	13	23	0	0	35	150	0	0	139	321	0	0	63	19	63	0	29	79	0	17	88	0	0	69	231	0	0	27	83	0	3	44	0	0	7	22	0	0	23	114	0	0	73	262	0	0	45	79	0	9	35	0	0	7	27	0	0	23	70	0	0	13	23	0	0	25	122	0	0	102	223	0	0	51	18	55	0	19	63	0	14	82	0	0	46	189	0	0	23	67	0	2	44	0	0	7	22	0	0	17	88	0	0	60	219	0	0	20	59	0	9	29	0	0	7	23	0	0	3	44	0	0	7	22	0	0	16	90	0	0	52	178	0	0	38	55	0	9	60	0	0	0	0	0	0	9	35	0	0	7	27	0	0	20	46	0	0	10	11	0	0	19	74	0	0	88	139	0	0
108	97	43	18	44	86	18	0	22	43	18	44	20	0	74	14	110	45	88	85	75	13	0	22	18	0	22	12	0	44	14	49	0	44	45	41	18	44	4	0	29	0	4	0	0	0	20	0	74	14	107	45	88	85	64	13	0	22	13	0	22	12	0	44	14	39	0	44	45	16	0	22	4	0	0	0	4	0	0	0	12	0	44	14	46	0	44	45	36	18	44	5	0	0	0	4	0	0	0	4	0	29	0	4	0	0	0	16	0	74	14	91	45	88	85	53	13	0	22	13	0	22	12	0	44	14	39	0	44	45	11	0	22	4	0	0	0	4	0	0	0	12	0	44	14	36	0	44	45	11	0	22	5	0	0	0	4	0	0	0	4	0	0	0	4	0	0	0	8	0	44	14	30	0	44	45	32	18	44	9	0	0	0	0	0	0	0	5	0	0	0	4	0	0	0	2	0	29	0	2	0	0	0	11	0	74	14	77	45	88	85
116	104	35	32	56	92	5	0	45	35	32	56	4	0	119	14	84	80	224	62	80	4	0	45	5	0	45	2	0	97	14	12	0	180	45	33	32	56	0	0	10	0	0	0	0	0	4	0	119	14	80	80	224	62	68	4	0	45	4	0	45	2	0	97	14	11	0	180	45	3	0	45	0	0	0	0	0	0	0	0	2	0	97	14	8	0	180	45	31	32	56	0	0	0	0	0	0	0	0	0	0	10	0	0	0	0	0	2	0	119	14	73	80	224	62	56	4	0	45	4	0	45	2	0	97	14	11	0	180	45	2	0	45	0	0	0	0	0	0	0	0	2	0	97	14	7	0	180	45	1	0	45	0	0	0	0	0	0	0	0	0	0	0	0	0	0	0	0	0	0	97	14	1	0	180	45	31	32	56	0	0	0	0	0	0	0	0	0	0	0	0	0	0	0	0	0	0	10	0	0	0	0	0	2	0	119	14	73	80	224	62
76	67	40	21	29	58	23	14	0	40	21	29	25	7	28	0	96	62	29	119	49	16	14	0	23	14	0	17	7	0	0	58	42	0	45	36	21	29	6	0	45	0	6	0	0	0	25	7	28	0	90	62	29	119	41	16	14	0	16	14	0	17	7	0	0	42	42	0	45	21	14	0	6	0	0	0	6	0	0	0	17	7	0	0	55	42	0	45	27	13	29	9	0	0	0	7	0	0	0	6	0	45	0	6	0	0	0	21	7	28	0	64	46	29	119	34	16	14	0	16	14	0	17	7	0	0	42	42	0	45	14	14	0	6	0	0	0	6	0	0	0	17	7	0	0	39	42	0	45	16	7	0	9	0	0	0	7	0	0	0	6	0	0	0	6	0	0	0	13	7	0	0	39	28	0	45	22	6	29	13	0	0	0	0	0	0	0	9	0	0	0	7	0	0	0	4	0	45	0	3	0	0	0	15	0	28	0	51	18	29	119
58	52	21	8	0	46	5	0	0	21	8	0	3	0	0	0	55	16	0	0	40	5	0	0	5	0	0	3	0	0	0	15	0	0	0	20	8	0	0	0	0	0	0	0	0	0	3	0	0	0	53	16	0	0	34	5	0	0	5	0	0	3	0	0	0	15	0	0	0	4	0	0	0	0	0	0	0	0	0	0	3	0	0	0	13	0	0	0	17	8	0	0	0	0	0	0	0	0	0	0	0	0	0	0	0	0	0	1	0	0	0	44	16	0	0	28	5	0	0	5	0	0	3	0	0	0	15	0	0	0	4	0	0	0	0	0	0	0	0	0	0	3	0	0	0	13	0	0	0	1	0	0	0	0	0	0	0	0	0	0	0	0	0	0	0	0	0	0	1	0	0	0	4	0	0	0	16	8	0	0	0	0	0	0	0	0	0	0	0	0	0	0	0	0	0	0	0	0	0	0	0	0	0	0	0	0	0	40	16	0	0
75	67	27	15	0	59	4	0	0	27	15	0	2	0	0	0	65	45	0	0	51	4	0	0	4	0	0	2	0	0	0	11	0	0	0	25	15	0	0	0	0	0	0	0	0	0	2	0	0	0	61	45	0	0	43	4	0	0	4	0	0	2	0	0	0	11	0	0	0	2	0	0	0	0	0	0	0	0	0	0	2	0	0	0	7	0	0	0	23	15	0	0	0	0	0	2	0	0	0	0	0	0	0	0	0	0	0	0	0	0	0	54	45	0	0	35	4	0	0	4	0	0	2	0	0	0	11	0	0	0	2	0	0	0	0	0	0	0	0	0	0	2	0	0	0	7	0	0	0	0	0	0	0	0	0	0	0	0	0	0	0	0	0	0	0	0	0	0	0	0	0	0	0	0	0	0	23	15	0	0	0	0	0	0	0	0	0	0	0	0	0	2	0	0	0	0	0	0	0	0	0	0	0	0	0	0	0	54	45	0	0
151	134	36	30	115	117	14	0	84	36	30	115	14	0	59	107	89	45	230	100	100	14	0	67	14	0	84	14	0	50	67	39	0	168	67	31	30	115	4	0	0	38	2	0	0	62	14	0	59	107	81	45	230	100	83	14	0	67	14	0	67	14	0	24	67	39	0	134	67	9	0	84	4	0	0	38	2	0	0	45	14	0	50	67	31	0	168	67	25	30	115	4	0	0	0	5	0	0	0	4	0	0	38	2	0	0	62	6	0	59	107	60	45	230	100	66	13	0	67	14	0	67	14	0	24	67	39	0	134	67	9	0	67	4	0	0	38	2	0	0	45	14	0	24	67	31	0	134	67	3	0	84	1	0	0	0	1	0	0	0	4	0	0	38	2	0	0	45	6	0	50	67	10	0	168	67	23	30	115	10	0	6	0	0	0	0	0	4	0	0	0	5	0	0	0	2	0	0	38	1	0	0	62	2	0	59	107	53	45	230	100
98	87	21	10	50	76	4	0	32	21	10	50	2	0	28	26	51	10	50	56	65	4	0	30	4	0	32	2	0	28	26	11	0	32	45	19	10	50	0	0	0	24	0	0	0	0	2	0	28	26	47	10	50	56	54	4	0	30	4	0	30	2	0	24	26	11	0	30	45	2	0	32	0	0	0	24	0	0	0	0	2	0	28	26	7	0	32	45	17	10	50	0	0	0	0	2	0	0	0	0	0	0	24	0	0	0	0	0	0	28	26	40	10	50	56	43	4	0	30	4	0	30	2	0	24	26	11	0	30	45	2	0	30	0	0	0	24	0	0	0	0	2	0	24	26	7	0	30	45	0	0	32	0	0	0	0	0	0	0	0	0	0	0	24	0	0	0	0	0	0	28	26	0	0	32	45	17	10	50	0	0	0	0	0	0	0	0	0	0	0	0	2	0	0	0	0	0	0	24	0	0	0	0	0	0	28	26	40	10	50	56
148	131	51	60	99	114	15	0	93	51	60	99	12	0	142	40	125	180	495	0	97	13	0	74	15	0	93	6	0	142	38	35	0	465	0	44	60	99	10	0	26	38	14	0	0	136	12	0	142	40	113	180	495	0	80	11	0	74	13	0	74	6	0	90	38	30	0	370	0	8	0	93	0	0	26	38	3	0	0	86	6	0	142	38	23	0	465	0	40	60	99	4	0	0	0	5	24	0	0	10	0	26	38	14	0	0	136	6	0	142	40	99	180	495	0	63	11	0	74	11	0	74	6	0	90	38	26	0	370	0	6	0	74	0	0	10	38	1	0	0	72	6	0	90	38	18	0	370	0	4	0	93	4	0	0	0	1	0	0	0	0	0	26	38	3	0	0	86	0	0	142	38	9	0	465	0	40	60	99	4	0	0	0	0	0	0	0	4	0	0	0	5	24	0	0	10	0	26	38	14	0	0	136	6	0	142	40	99	180	495	0
149	130	47	89	74	111	14	48	38	45	89	74	13	32	59	48	103	226	222	129	93	14	48	22	14	48	38	13	32	50	10	38	144	114	67	33	71	74	4	0	0	24	4	0	0	62	13	32	59	48	83	190	222	129	77	14	48	22	14	48	22	13	32	24	10	38	144	66	67	9	32	38	4	0	0	24	2	0	0	45	13	32	50	10	30	112	114	67	28	39	74	4	0	0	0	5	0	0	0	4	0	0	24	4	0	0	62	7	0	59	48	67	78	222	129	61	13	48	22	14	48	22	13	32	24	10	38	144	66	67	9	32	22	4	0	0	24	2	0	0	45	13	32	24	10	30	112	66	67	4	0	38	1	0	0	0	1	0	0	0	4	0	0	24	2	0	0	45	7	0	50	10	14	0	114	67	25	39	74	10	0	6	0	0	0	0	0	4	0	0	0	5	0	0	0	2	0	0	24	3	0	0	62	2	0	59	48	56	78	222	129
97	85	34	39	23	73	8	11	12	32	39	23	6	0	36	0	75	92	92	56	62	8	11	12	8	11	12	6	0	36	0	21	22	48	45	28	28	23	0	0	0	0	6	0	0	0	6	0	36	0	68	70	92	56	51	8	11	12	8	11	12	6	0	36	0	21	22	48	45	4	0	12	0	0	0	0	0	0	0	0	6	0	36	0	14	0	48	45	24	28	23	0	0	0	0	2	0	0	0	0	0	0	0	6	0	0	0	0	0	36	0	54	70	92	56	40	8	11	12	8	11	12	6	0	36	0	21	22	48	45	4	0	12	0	0	0	0	0	0	0	0	6	0	36	0	14	0	48	45	0	0	12	0	0	0	0	0	0	0	0	0	0	0	0	0	0	0	0	0	0	36	0	0	0	48	45	24	28	23	4	0	0	0	0	0	0	0	0	0	0	0	2	0	0	0	0	0	0	0	6	0	0	0	0	0	36	0	54	70	92	56
135	118	45	16	147	101	29	0	79	45	16	147	21	0	17	134	105	16	147	361	84	29	0	71	29	0	79	21	0	16	124	68	0	79	259	34	16	147	16	0	0	60	20	0	0	0	21	0	17	134	87	16	147	361	67	23	0	24	29	0	71	21	0	16	72	68	0	71	205	18	0	79	6	0	0	0	7	0	0	0	21	0	16	124	50	0	79	259	27	16	147	5	0	35	24	4	0	0	255	16	0	0	60	20	0	0	0	13	0	17	134	64	16	147	361	50	18	0	24	23	0	24	14	0	0	72	54	0	24	205	18	0	71	6	0	0	0	7	0	0	0	21	0	16	72	50	0	71	205	11	0	79	5	0	33	24	4	0	0	131	6	0	0	0	7	0	0	0	13	0	16	124	27	0	79	259	22	16	147	7	0	43	0	0	0	0	0	5	0	35	24	4	0	0	255	14	0	0	60	17	0	0	0	7	0	17	134	51	16	147	361
124	108	46	48	109	92	20	0	82	45	48	109	23	0	56	106	87	132	436	122	76	15	0	82	19	0	82	5	0	54	106	33	0	328	105	35	48	109	10	0	14	0	13	48	0	0	22	0	56	106	70	132	436	122	60	13	0	62	14	0	82	5	0	54	82	28	0	328	86	9	0	82	0	0	14	0	2	0	0	0	4	0	54	106	16	0	328	105	33	48	109	6	0	0	52	4	0	0	136	10	0	14	0	13	48	0	0	18	0	56	106	63	132	436	122	44	13	0	62	12	0	62	5	0	36	82	24	0	248	86	4	0	82	0	0	14	0	1	0	0	0	4	0	54	82	11	0	328	86	7	0	82	6	0	0	52	4	0	0	86	0	0	14	0	2	0	0	0	0	0	54	106	9	0	328	105	33	48	109	14	0	0	0	1	0	0	0	6	0	0	52	4	0	0	136	10	0	14	0	13	48	0	0	18	0	56	106	63	132	436	122
95	82	38	39	57	69	17	12	22	36	39	57	12	0	11	34	73	78	171	196	57	15	12	22	17	12	22	6	0	10	34	35	24	66	143	27	27	57	10	0	0	0	10	18	0	0	12	0	11	34	58	54	171	196	45	13	12	22	15	12	22	6	0	10	34	33	24	66	108	8	0	22	0	0	0	0	1	0	0	0	6	0	10	34	20	0	66	143	23	27	57	4	0	0	0	1	0	0	0	10	0	0	0	10	18	0	0	6	0	11	34	44	54	171	196	33	13	12	22	13	12	22	6	0	10	34	29	24	66	108	6	0	22	0	0	0	0	1	0	0	0	6	0	10	34	18	0	66	108	4	0	22	4	0	0	0	1	0	0	0	0	0	0	0	1	0	0	0	0	0	10	34	6	0	66	143	23	27	57	7	0	0	0	0	0	0	0	4	0	0	0	1	0	0	0	10	0	0	0	10	18	0	0	6	0	11	34	44	54	171	196
137	117	70	123	79	97	36	68	63	66	123	79	44	0	40	38	127	272	395	99	79	30	58	60	35	68	63	22	0	38	34	69	118	315	93	55	87	79	12	110	0	16	18	71	0	0	43	0	40	38	109	218	395	99	61	21	32	25	29	58	60	21	0	38	10	60	98	300	74	24	32	63	6	0	0	0	7	16	0	0	21	0	38	34	51	64	315	93	49	87	79	5	64	82	51	7	16	158	170	12	110	0	16	18	71	0	0	36	0	40	38	90	218	395	99	43	16	32	10	20	32	25	13	0	19	10	43	48	125	74	18	22	60	6	0	0	0	6	11	0	0	20	0	38	10	42	44	300	74	18	32	63	5	64	80	0	7	16	126	86	6	0	0	0	7	16	0	0	14	0	38	34	32	64	315	93	40	87	79	20	0	44	0	1	0	0	42	5	64	82	51	7	16	158	170	7	110	0	16	15	71	0	0	27	0	40	38	76	218	395	99
96	81	44	66	55	66	18	44	6	41	66	55	10	44	0	12	89	143	110	311	53	18	44	4	18	44	6	10	44	0	8	43	110	12	227	25	40	55	14	0	0	8	14	0	0	0	10	44	0	12	62	104	110	311	42	15	44	0	18	44	4	10	44	0	0	43	110	8	175	9	22	6	4	0	0	0	3	0	0	0	10	44	0	8	28	77	12	227	21	18	55	5	0	8	0	2	0	0	0	14	0	0	8	14	0	0	0	6	0	0	12	48	27	110	311	31	13	40	0	15	44	0	8	44	0	0	36	110	0	175	9	22	4	4	0	0	0	3	0	0	0	10	44	0	0	28	77	8	175	5	0	6	5	0	6	0	2	0	0	0	4	0	0	0	3	0	0	0	6	0	0	8	14	0	12	227	19	18	55	3	36	16	0	0	0	0	0	5	0	8	0	2	0	0	0	12	0	0	8	13	0	0	0	2	0	0	12	41	27	110	311
96	82	40	24	86	68	22	0	41	39	24	86	26	0	39	47	64	24	172	300	54	14	0	40	21	0	41	5	0	38	44	37	0	82	173	28	24	86	0	0	30	10	2	0	0	0	25	0	39	47	45	24	172	300	40	14	0	40	13	0	40	5	0	38	44	26	0	80	168	10	0	41	0	0	8	10	2	0	0	0	4	0	38	44	18	0	82	173	26	24	86	8	0	0	0	4	0	0	0	0	0	30	10	2	0	0	0	21	0	39	47	38	24	172	300	26	12	0	39	13	0	40	5	0	38	43	26	0	80	109	2	0	40	0	0	8	10	0	0	0	0	4	0	38	44	7	0	80	168	8	0	41	8	0	0	0	4	0	0	0	0	0	8	10	2	0	0	0	0	0	38	44	11	0	82	173	26	24	86	16	0	18	13	1	0	0	0	8	0	0	0	4	0	0	0	0	0	30	10	2	0	0	0	21	0	39	47	38	24	172	300
112	95	40	66	99	78	19	24	62	39	66	99	16	72	31	77	58	90	297	245	61	10	0	61	18	24	62	1	0	30	74	30	24	186	167	30	66	99	0	0	69	16	4	0	198	0	15	72	31	77	42	90	297	245	44	10	0	61	9	0	61	1	0	30	74	16	0	183	164	9	24	62	0	0	44	16	3	0	124	0	0	0	30	74	14	24	186	167	30	66	99	8	0	0	0	8	0	0	0	0	0	69	16	4	0	198	0	15	72	31	77	42	90	297	245	27	10	0	40	9	0	61	1	0	30	22	16	0	183	109	0	0	61	0	0	44	0	0	0	122	0	0	0	30	74	0	0	183	164	9	24	62	8	0	0	0	5	0	0	0	0	0	44	16	3	0	124	0	0	0	30	74	14	24	186	167	28	66	99	16	0	0	50	1	0	0	136	8	0	0	0	8	0	0	0	0	0	69	16	4	0	198	0	15	72	31	77	42	90	297	245
75	62	36	39	57	49	18	30	0	30	39	57	24	0	0	0	56	50	57	447	39	11	30	0	17	30	0	5	0	0	0	31	50	0	252	22	9	57	0	0	22	0	2	0	0	0	23	0	0	0	42	0	57	447	29	11	30	0	10	30	0	5	0	0	0	21	50	0	239	9	0	0	0	0	0	0	2	0	0	0	4	0	0	0	17	0	0	252	20	9	57	8	0	0	0	4	0	0	0	0	0	22	0	2	0	0	0	19	0	0	0	35	0	57	447	19	9	27	0	10	30	0	5	0	0	0	21	50	0	133	2	0	0	0	0	0	0	0	0	0	0	4	0	0	0	7	0	0	239	7	0	0	8	0	0	0	4	0	0	0	0	0	0	0	2	0	0	0	0	0	0	0	10	0	0	252	20	9	57	13	27	18	0	1	0	0	0	8	0	0	0	4	0	0	0	0	0	22	0	2	0	0	0	19	0	0	0	35	0	57	447
85	70	44	79	23	56	17	38	0	42	65	23	14	73	0	0	60	137	115	188	43	11	26	0	17	25	0	3	13	0	0	29	44	0	145	31	52	23	6	0	22	0	5	11	46	0	14	60	0	0	41	111	115	188	30	8	24	0	11	13	0	0	13	0	0	19	26	0	142	6	12	0	0	0	0	0	1	6	0	0	3	0	0	0	10	18	0	145	30	52	23	9	22	0	0	11	33	0	0	6	0	22	0	5	11	46	0	11	60	0	0	38	111	115	188	17	7	17	0	8	11	0	0	11	0	0	14	22	0	87	0	0	0	0	0	0	0	0	0	0	0	0	0	0	0	0	0	0	142	5	12	0	6	12	0	0	1	18	0	0	0	0	0	0	1	6	0	0	0	0	0	0	7	18	0	145	27	52	23	9	52	0	0	0	6	0	0	9	22	0	0	11	33	0	0	0	0	22	0	5	11	46	0	9	60	0	0	37	111	115	188
62	51	34	41	11	40	13	23	0	29	41	11	17	15	0	0	45	69	33	79	31	7	18	0	12	23	0	1	0	0	0	19	41	0	63	23	23	11	0	0	22	0	3	0	11	0	16	15	0	0	35	33	33	79	22	7	16	0	6	18	0	1	0	0	0	10	36	0	60	6	5	0	0	0	0	0	2	0	0	0	0	0	0	0	9	5	0	63	23	23	11	6	16	0	0	7	0	0	0	0	0	22	0	3	0	11	0	16	15	0	0	35	33	33	79	13	7	10	0	6	16	0	1	0	0	0	10	32	0	25	0	0	0	0	0	0	0	0	0	0	0	0	0	0	0	0	0	0	60	6	5	0	6	10	0	0	4	0	0	0	0	0	0	0	2	0	0	0	0	0	0	0	9	5	0	63	22	23	11	10	30	0	0	1	0	0	0	6	16	0	0	7	0	0	0	0	0	22	0	3	0	11	0	16	15	0	0	35	33	33	79
66	55	18	0	89	44	7	0	40	17	0	89	1	0	51	54	24	0	0	276	33	7	0	39	6	0	40	1	0	8	52	11	0	0	103	11	0	89	0	0	0	14	2	0	0	0	0	0	51	54	13	0	0	276	22	7	0	39	6	0	39	1	0	8	52	11	0	0	101	0	0	40	0	0	0	14	0	0	0	0	0	0	8	52	0	0	0	103	11	0	89	4	0	0	0	6	0	0	0	0	0	0	14	2	0	0	0	0	0	51	54	13	0	0	276	11	1	0	39	6	0	39	1	0	8	52	11	0	0	101	0	0	39	0	0	0	14	0	0	0	0	0	0	8	52	0	0	0	101	0	0	40	0	0	0	0	0	0	0	0	0	0	0	14	0	0	0	0	0	0	8	52	0	0	0	103	11	0	89	2	0	43	0	0	0	0	0	4	0	0	0	6	0	0	0	0	0	0	14	2	0	0	0	0	0	51	54	13	0	0	276
64	53	24	18	45	42	5	0	8	23	18	45	1	0	51	16	31	18	90	219	31	5	0	8	4	0	8	1	0	8	16	8	0	16	103	19	18	45	0	0	0	0	5	0	0	0	0	0	51	16	23	18	90	219	20	5	0	8	4	0	8	1	0	8	16	8	0	16	101	0	0	8	0	0	0	0	0	0	0	0	0	0	8	16	0	0	16	103	19	18	45	7	0	0	0	13	0	0	0	0	0	0	0	5	0	0	0	0	0	51	16	23	18	90	219	9	1	0	8	4	0	8	1	0	8	16	8	0	16	101	0	0	8	0	0	0	0	0	0	0	0	0	0	8	16	0	0	16	101	0	0	8	0	0	0	0	0	0	0	0	0	0	0	0	0	0	0	0	0	0	8	16	0	0	16	103	17	18	45	2	0	16	0	0	0	0	0	7	0	0	0	13	0	0	0	0	0	0	0	5	0	0	0	0	0	51	16	23	18	90	219
55	45	29	25	13	35	9	0	7	28	25	13	10	0	26	0	36	40	65	23	25	7	0	7	8	0	7	5	0	14	0	16	0	35	0	22	25	13	9	0	0	0	4	10	0	0	9	0	26	0	26	40	65	23	15	3	0	7	6	0	7	1	0	14	0	10	0	35	0	2	0	7	0	0	0	0	0	0	0	0	4	0	14	0	6	0	35	0	20	25	13	5	0	0	0	9	20	0	0	9	0	0	0	4	10	0	0	5	0	26	0	20	40	65	23	5	1	0	7	2	0	7	1	0	14	0	4	0	35	0	0	0	7	0	0	0	0	0	0	0	0	0	0	14	0	0	0	35	0	0	0	7	0	0	0	0	0	0	0	0	0	0	0	0	0	0	0	0	0	0	14	0	0	0	35	0	12	25	13	2	0	6	0	0	0	0	0	5	0	0	0	9	20	0	0	0	0	0	0	3	10	0	0	0	0	26	0	15	40	65	23
57	47	28	21	23	37	9	0	0	27	21	23	6	0	41	0	37	28	69	133	27	8	0	0	8	0	0	4	0	0	0	16	0	0	62	20	21	23	6	0	0	0	4	7	0	0	5	0	41	0	24	28	69	133	17	5	0	0	7	0	0	1	0	0	0	13	0	0	61	1	0	0	0	0	0	0	0	0	0	0	3	0	0	0	3	0	0	62	19	21	23	7	0	0	0	10	21	0	0	6	0	0	0	4	7	0	0	2	0	41	0	21	28	69	133	7	1	0	0	4	0	0	1	0	0	0	8	0	0	61	0	0	0	0	0	0	0	0	0	0	0	0	0	0	0	0	0	0	61	0	0	0	0	0	0	0	0	0	0	0	0	0	0	0	0	0	0	0	0	0	0	0	0	0	0	62	15	21	23	2	0	16	0	0	0	0	0	7	0	0	0	10	21	0	0	0	0	0	0	4	7	0	0	0	0	41	0	20	28	69	133
41	33	24	19	6	25	6	7	0	21	19	6	6	0	12	0	28	30	18	23	18	5	7	0	5	7	0	4	0	0	0	10	14	0	0	17	12	6	6	0	0	0	4	4	0	0	5	0	12	0	21	16	18	23	11	2	4	0	4	7	0	1	0	0	0	7	14	0	0	1	0	0	0	0	0	0	0	0	0	0	3	0	0	0	3	0	0	0	16	12	6	2	12	0	0	10	12	0	0	6	0	0	0	4	4	0	0	2	0	12	0	18	16	18	23	4	1	0	0	1	4	0	1	0	0	0	2	8	0	0	0	0	0	0	0	0	0	0	0	0	0	0	0	0	0	0	0	0	0	0	0	0	0	0	0	0	0	0	0	0	0	0	0	0	0	0	0	0	0	0	0	0	0	0	0	0	12	12	6	2	0	6	0	0	0	6	0	2	12	0	0	10	12	0	0	0	0	0	0	4	4	0	0	0	0	12	0	17	16	18	23
79	63	17	15	114	47	7	0	87	17	15	114	11	0	33	63	22	0	114	81	31	4	0	72	7	0	87	4	0	33	23	14	0	87	15	13	15	114	9	0	11	29	2	0	0	99	11	0	33	63	16	0	114	81	15	0	0	68	4	0	72	0	0	33	23	6	0	72	15	3	0	87	0	0	11	28	0	0	0	62	4	0	33	23	8	0	87	15	10	15	114	0	0	0	40	0	0	0	0	9	0	11	29	2	0	0	99	7	0	33	63	8	0	114	81	0	0	0	68	0	0	68	0	0	28	23	0	0	68	15	0	0	72	0	0	11	28	0	0	0	61	0	0	33	23	0	0	72	15	0	0	87	0	0	0	40	0	0	0	0	0	0	11	28	0	0	0	62	0	0	33	23	0	0	87	15	0	0	114	0	0	0	0	0	0	0	0	0	0	0	40	0	0	0	0	0	0	11	29	0	0	0	99	0	0	33	63	0	0	114	81
39	31	14	7	17	23	7	0	7	14	7	17	9	0	0	7	19	0	17	19	15	5	0	7	7	0	7	4	0	0	7	14	0	7	7	9	7	17	9	0	0	0	1	0	0	0	9	0	0	7	11	0	17	19	7	0	0	7	5	0	7	0	0	0	7	8	0	7	7	2	0	7	0	0	0	0	0	0	0	0	4	0	0	7	6	0	7	7	7	7	17	0	0	4	0	0	0	0	0	9	0	0	0	1	0	0	0	5	0	0	7	5	0	17	19	0	0	0	7	0	0	7	0	0	0	7	0	0	7	7	0	0	7	0	0	0	0	0	0	0	0	0	0	0	7	0	0	7	7	0	0	7	0	0	0	0	0	0	0	0	0	0	0	0	0	0	0	0	0	0	0	7	0	0	7	7	0	0	17	0	0	0	0	0	0	0	0	0	0	4	0	0	0	0	0	0	0	0	0	0	0	0	0	0	0	0	7	0	0	17	19
69	55	20	13	89	41	13	0	53	19	13	89	10	0	0	81	28	0	89	87	27	11	0	24	12	0	53	5	0	0	0	23	0	53	15	9	13	89	9	0	0	68	1	0	0	133	9	0	0	81	11	0	89	87	13	1	0	12	10	0	24	1	0	0	0	17	0	24	15	2	0	53	0	0	0	12	0	0	0	62	4	0	0	0	6	0	53	15	7	13	89	0	0	63	12	0	0	0	79	9	0	0	68	1	0	0	133	5	0	0	81	5	0	89	87	0	0	0	12	0	0	12	0	0	0	0	0	0	12	15	0	0	24	0	0	0	12	0	0	0	61	0	0	0	0	0	0	24	15	0	0	53	0	0	48	12	0	0	0	63	0	0	0	12	0	0	0	62	0	0	0	0	0	0	53	15	0	0	89	0	0	11	0	0	0	0	0	0	0	63	12	0	0	0	79	0	0	0	68	0	0	0	133	0	0	0	81	0	0	89	87
72	56	30	62	78	40	11	25	73	29	62	78	16	47	65	0	50	101	234	13	25	6	11	67	11	25	73	5	11	65	0	22	47	219	7	19	47	78	8	33	33	68	3	11	78	0	16	47	65	0	35	86	234	13	11	0	0	48	6	11	67	0	0	65	0	9	11	201	7	4	11	73	0	0	33	12	0	0	73	0	5	11	65	0	12	33	219	7	11	33	78	0	0	43	73	0	0	78	79	8	33	33	68	3	11	78	0	8	33	65	0	14	44	234	13	0	0	0	46	0	0	48	0	0	53	0	0	0	144	7	0	0	67	0	0	33	12	0	0	67	0	0	0	65	0	0	0	201	7	0	0	73	0	0	43	67	0	0	73	63	0	0	33	12	0	0	73	0	0	0	65	0	0	0	219	7	0	0	78	0	0	0	12	0	0	0	0	0	0	43	73	0	0	78	79	0	0	33	68	0	0	78	0	0	0	65	0	0	0	234	13
57	43	20	59	27	29	5	38	6	14	59	27	5	46	0	30	20	93	54	42	18	4	24	0	4	38	6	2	24	0	0	8	74	12	7	8	26	27	3	48	0	0	1	0	27	23	4	46	0	30	10	38	54	42	8	1	0	0	3	24	0	1	0	0	0	5	40	0	7	1	8	6	0	0	0	0	0	0	6	0	1	24	0	0	3	24	12	7	6	16	27	0	0	15	0	0	0	81	0	3	48	0	0	1	0	27	23	3	16	0	30	4	8	54	42	0	0	0	0	0	0	0	0	0	0	0	0	0	0	7	0	0	0	0	0	0	0	0	0	0	0	0	0	0	0	0	0	0	7	0	0	6	0	0	6	0	0	0	18	0	0	0	0	0	0	0	6	0	0	0	0	0	0	0	12	7	0	0	27	0	0	11	0	0	0	0	0	0	0	15	0	0	0	81	0	0	0	0	0	0	0	27	23	0	0	0	30	0	0	54	42
36	27	12	0	80	18	5	0	22	12	0	80	7	0	32	44	24	0	0	325	9	0	0	22	5	0	22	0	0	11	44	7	0	0	226	7	0	80	0	0	35	0	0	0	0	0	7	0	32	44	17	0	0	325	0	0	0	22	0	0	22	0	0	11	44	0	0	0	170	0	0	22	0	0	0	0	0	0	0	0	0	0	11	44	0	0	0	226	0	0	80	0	0	0	0	0	0	0	0	0	0	35	0	0	0	0	0	0	0	32	44	0	0	0	325	0	0	0	19	0	0	22	0	0	11	38	0	0	0	135	0	0	22	0	0	0	0	0	0	0	0	0	0	11	44	0	0	0	170	0	0	22	0	0	0	0	0	0	0	0	0	0	0	0	0	0	0	0	0	0	11	44	0	0	0	226	0	0	0	0	0	0	28	0	0	0	0	0	0	0	0	0	0	0	0	0	0	0	0	0	0	0	0	0	0	0	44	0	0	0	325
43	31	23	35	47	19	2	8	32	22	35	47	3	24	48	43	51	59	141	78	8	0	0	32	2	8	32	0	0	33	43	2	8	96	73	14	24	47	0	0	23	0	0	0	47	0	3	24	48	43	40	48	141	78	0	0	0	32	0	0	32	0	0	33	43	0	0	96	67	0	0	32	0	0	11	0	0	0	32	0	0	0	33	43	0	0	96	73	0	0	47	0	0	0	0	0	0	0	0	0	0	23	0	0	0	47	0	0	0	48	43	0	0	141	78	0	0	0	26	0	0	32	0	0	33	35	0	0	96	48	0	0	32	0	0	11	0	0	0	32	0	0	0	33	43	0	0	96	67	0	0	32	0	0	0	0	0	0	0	0	0	0	11	0	0	0	32	0	0	0	33	43	0	0	96	73	0	0	0	0	0	0	51	0	0	0	0	0	0	0	0	0	0	0	0	0	0	0	0	0	0	0	0	0	0	0	43	0	0	0	78
32	23	24	20	19	14	2	0	18	24	20	19	5	0	31	11	51	50	76	0	5	0	0	18	2	0	18	0	0	29	11	2	0	72	0	12	20	19	0	0	12	0	0	0	0	0	5	0	31	11	33	50	76	0	0	0	0	18	0	0	18	0	0	29	11	0	0	72	0	0	0	18	0	0	11	0	0	0	0	0	0	0	29	11	0	0	72	0	0	0	19	0	0	0	0	0	0	0	0	0	0	12	0	0	0	0	0	0	0	31	11	0	0	76	0	0	0	0	15	0	0	18	0	0	29	8	0	0	72	0	0	0	18	0	0	11	0	0	0	0	0	0	0	29	11	0	0	72	0	0	0	18	0	0	0	0	0	0	0	0	0	0	11	0	0	0	0	0	0	0	29	11	0	0	72	0	0	0	0	0	0	0	24	0	0	0	0	0	0	0	0	0	0	0	0	0	0	0	0	0	0	0	0	0	0	0	11	0	0	0	0
23	17	17	5	19	11	5	0	0	17	5	19	7	0	19	0	34	15	19	105	5	0	0	0	5	0	0	0	0	0	0	7	0	0	79	9	5	19	0	0	35	0	0	0	0	0	7	0	19	0	22	15	19	105	0	0	0	0	0	0	0	0	0	0	0	0	0	0	67	0	0	0	0	0	0	0	0	0	0	0	0	0	0	0	0	0	0	79	0	0	19	0	0	0	0	0	0	0	0	0	0	35	0	0	0	0	0	0	0	19	0	0	0	19	105	0	0	0	0	0	0	0	0	0	0	0	0	0	0	48	0	0	0	0	0	0	0	0	0	0	0	0	0	0	0	0	0	0	67	0	0	0	0	0	0	0	0	0	0	0	0	0	0	0	0	0	0	0	0	0	0	0	0	0	0	79	0	0	0	0	0	0	0	0	0	0	0	0	0	0	0	0	0	0	0	0	0	0	0	0	0	0	0	0	0	0	0	0	0	0	105
23	16	23	10	0	9	1	0	0	23	10	0	3	0	0	0	42	30	0	0	2	0	0	0	1	0	0	0	0	0	0	1	0	0	0	7	10	0	0	0	0	0	0	0	0	0	3	0	0	0	16	30	0	0	0	0	0	0	0	0	0	0	0	0	0	0	0	0	0	0	0	0	0	0	0	0	0	0	0	0	0	0	0	0	0	0	0	0	0	0	0	0	0	0	0	0	0	0	0	0	0	0	0	0	0	0	0	0	0	0	0	0	0	0	0	0	0	0	0	0	0	0	0	0	0	0	0	0	0	0	0	0	0	0	0	0	0	0	0	0	0	0	0	0	0	0	0	0	0	0	0	0	0	0	0	0	0	0	0	0	0	0	0	0	0	0	0	0	0	0	0	0	0	0	0	0	0	0	0	0	0	0	0	0	0	0	0	0	0	0	0	0	0	0	0	0	0	0	0	0	0	0	0	0	0	0	0	0	0	0	0
40	26	21	24	79	12	0	0	59	18	24	79	0	0	60	57	29	36	158	66	0	0	0	56	0	0	59	0	0	50	51	0	0	118	50	0	0	79	0	0	0	33	0	0	0	0	0	0	60	57	0	0	158	66	0	0	0	56	0	0	56	0	0	49	51	0	0	112	50	0	0	59	0	0	0	33	0	0	0	0	0	0	50	51	0	0	118	50	0	0	0	0	0	0	0	0	0	0	0	0	0	0	33	0	0	0	0	0	0	0	57	0	0	0	66	0	0	0	54	0	0	56	0	0	49	51	0	0	112	50	0	0	56	0	0	0	33	0	0	0	0	0	0	49	51	0	0	112	50	0	0	0	0	0	0	0	0	0	0	0	0	0	0	33	0	0	0	0	0	0	0	51	0	0	0	50	0	0	0	0	0	0	18	0	0	0	0	0	0	0	0	0	0	0	0	0	0	0	33	0	0	0	0	0	0	0	0	0	0	0	0
34	21	23	40	43	8	0	0	39	14	40	43	0	0	52	24	22	72	215	0	0	0	0	38	0	0	39	0	0	50	22	0	0	195	0	0	0	43	0	0	0	11	0	0	0	0	0	0	52	24	0	0	215	0	0	0	0	38	0	0	38	0	0	49	22	0	0	190	0	0	0	39	0	0	0	11	0	0	0	0	0	0	50	22	0	0	195	0	0	0	0	0	0	0	0	0	0	0	0	0	0	0	11	0	0	0	0	0	0	0	24	0	0	0	0	0	0	0	36	0	0	38	0	0	49	22	0	0	190	0	0	0	38	0	0	0	11	0	0	0	0	0	0	49	22	0	0	190	0	0	0	0	0	0	0	0	0	0	0	0	0	0	0	11	0	0	0	0	0	0	0	22	0	0	0	0	0	0	0	0	0	0	18	0	0	0	0	0	0	0	0	0	0	0	0	0	0	0	11	0	0	0	0	0	0	0	0	0	0	0	0
36	23	22	30	44	10	0	0	19	17	30	44	0	0	52	49	27	50	132	85	0	0	0	0	0	0	19	0	0	35	0	0	0	57	50	0	0	44	0	0	0	0	0	0	0	105	0	0	52	49	0	0	132	85	0	0	0	0	0	0	0	0	0	0	0	0	0	0	50	0	0	19	0	0	0	0	0	0	0	79	0	0	35	0	0	0	57	50	0	0	0	0	0	0	0	0	0	0	0	0	0	0	0	0	0	0	105	0	0	0	49	0	0	0	85	0	0	0	0	0	0	0	0	0	0	0	0	0	0	50	0	0	0	0	0	0	0	0	0	0	67	0	0	0	0	0	0	0	50	0	0	0	0	0	0	0	0	0	0	0	0	0	0	0	0	0	0	79	0	0	0	0	0	0	0	50	0	0	0	0	0	0	0	0	0	0	0	0	0	0	0	0	0	0	0	0	0	0	0	0	0	0	105	0	0	0	0	0	0	0	0
23	15	16	7	15	7	0	0	0	15	7	15	0	0	8	0	25	7	15	66	0	0	0	0	0	0	0	0	0	0	0	0	0	0	50	0	0	15	0	0	0	0	0	0	0	0	0	0	8	0	0	0	15	66	0	0	0	0	0	0	0	0	0	0	0	0	0	0	50	0	0	0	0	0	0	0	0	0	0	0	0	0	0	0	0	0	0	50	0	0	0	0	0	0	0	0	0	0	0	0	0	0	0	0	0	0	0	0	0	0	0	0	0	0	66	0	0	0	0	0	0	0	0	0	0	0	0	0	0	50	0	0	0	0	0	0	0	0	0	0	0	0	0	0	0	0	0	0	50	0	0	0	0	0	0	0	0	0	0	0	0	0	0	0	0	0	0	0	0	0	0	0	0	0	0	50	0	0	0	0	0	0	0	0	0	0	0	0	0	0	0	0	0	0	0	0	0	0	0	0	0	0	0	0	0	0	0	0	0	0	0
26	16	18	24	7	6	0	0	0	11	24	7	0	0	0	0	18	42	28	19	0	0	0	0	0	0	0	0	0	0	0	0	0	0	18	0	0	7	0	0	0	0	0	0	0	0	0	0	0	0	0	0	28	19	0	0	0	0	0	0	0	0	0	0	0	0	0	0	18	0	0	0	0	0	0	0	0	0	0	0	0	0	0	0	0	0	0	18	0	0	0	0	0	0	0	0	0	0	0	0	0	0	0	0	0	0	0	0	0	0	0	0	0	0	19	0	0	0	0	0	0	0	0	0	0	0	0	0	0	18	0	0	0	0	0	0	0	0	0	0	0	0	0	0	0	0	0	0	18	0	0	0	0	0	0	0	0	0	0	0	0	0	0	0	0	0	0	0	0	0	0	0	0	0	0	18	0	0	0	0	0	0	0	0	0	0	0	0	0	0	0	0	0	0	0	0	0	0	0	0	0	0	0	0	0	0	0	0	0	0	0
33	16	8	16	137	0	0	0	85	0	0	137	0	0	0	98	0	0	137	188	0	0	0	70	0	0	85	0	0	0	65	0	0	85	117	0	0	0	0	0	0	73	0	0	0	47	0	0	0	98	0	0	0	188	0	0	0	48	0	0	70	0	0	0	44	0	0	70	94	0	0	0	0	0	0	22	0	0	0	32	0	0	0	65	0	0	0	117	0	0	0	0	0	0	43	0	0	0	105	0	0	0	73	0	0	0	47	0	0	0	0	0	0	0	0	0	0	0	47	0	0	48	0	0	0	44	0	0	48	94	0	0	0	0	0	0	22	0	0	0	32	0	0	0	44	0	0	0	94	0	0	0	0	0	0	43	0	0	0	79	0	0	0	22	0	0	0	32	0	0	0	0	0	0	0	0	0	0	0	0	0	0	9	0	0	0	0	0	0	0	43	0	0	0	105	0	0	0	0	0	0	0	0	0	0	0	0	0	0	0	0
26	12	7	24	87	0	0	0	69	0	0	87	0	0	0	54	0	0	174	50	0	0	0	69	0	0	69	0	0	0	54	0	0	138	39	0	0	0	0	0	0	0	0	0	0	0	0	0	0	54	0	0	0	50	0	0	0	68	0	0	69	0	0	0	54	0	0	138	38	0	0	0	0	0	0	0	0	0	0	0	0	0	0	54	0	0	0	39	0	0	0	0	0	0	8	0	0	0	0	0	0	0	0	0	0	0	0	0	0	0	0	0	0	0	0	0	0	0	64	0	0	68	0	0	0	54	0	0	136	38	0	0	0	0	0	0	0	0	0	0	0	0	0	0	54	0	0	0	38	0	0	0	0	0	0	5	0	0	0	0	0	0	0	0	0	0	0	0	0	0	0	0	0	0	0	0	0	0	0	0	0	0	24	0	0	0	0	0	0	0	8	0	0	0	0	0	0	0	0	0	0	0	0	0	0	0	0	0	0	0	0
22	10	8	20	69	0	0	0	60	0	0	69	0	0	13	10	0	0	138	43	0	0	0	58	0	0	60	0	0	13	8	0	0	120	39	0	0	0	0	0	0	16	0	0	0	0	0	0	0	10	0	0	0	43	0	0	0	45	0	0	58	0	0	13	0	0	0	116	38	0	0	0	0	0	0	0	0	0	0	0	0	0	0	8	0	0	0	39	0	0	0	0	0	0	62	0	0	0	27	0	0	0	16	0	0	0	0	0	0	0	0	0	0	0	0	0	0	0	36	0	0	45	0	0	11	0	0	0	90	38	0	0	0	0	0	0	0	0	0	0	0	0	0	0	0	0	0	0	38	0	0	0	0	0	0	49	0	0	0	6	0	0	0	0	0	0	0	0	0	0	0	0	0	0	0	0	0	0	0	0	0	0	54	0	0	0	0	0	0	0	62	0	0	0	27	0	0	0	0	0	0	0	0	0	0	0	0	0	0	0	0
22	10	7	20	54	0	0	0	17	0	0	54	0	0	0	10	0	0	108	173	0	0	0	15	0	0	17	0	0	0	8	0	0	34	117	0	0	0	0	0	0	16	0	0	0	0	0	0	0	10	0	0	0	173	0	0	0	4	0	0	15	0	0	0	0	0	0	30	94	0	0	0	0	0	0	0	0	0	0	0	0	0	0	8	0	0	0	117	0	0	0	0	0	0	12	0	0	0	27	0	0	0	16	0	0	0	0	0	0	0	0	0	0	0	0	0	0	0	0	0	0	4	0	0	0	0	0	0	8	94	0	0	0	0	0	0	0	0	0	0	0	0	0	0	0	0	0	0	94	0	0	0	0	0	0	0	0	0	0	6	0	0	0	0	0	0	0	0	0	0	0	0	0	0	0	0	0	0	0	0	0	0	0	0	0	0	6	0	0	0	12	0	0	0	27	0	0	0	0	0	0	0	0	0	0	0	0	0	0	0	0
16	7	7	14	24	0	0	0	0	0	0	24	0	0	0	0	0	0	48	94	0	0	0	0	0	0	0	0	0	0	0	0	0	0	58	0	0	0	0	0	0	0	0	0	0	0	0	0	0	0	0	0	0	94	0	0	0	0	0	0	0	0	0	0	0	0	0	0	38	0	0	0	0	0	0	0	0	0	0	0	0	0	0	0	0	0	0	58	0	0	0	0	0	0	0	0	0	0	0	0	0	0	0	0	0	0	0	0	0	0	0	0	0	0	0	0	0	0	0	0	0	0	0	0	0	0	0	0	0	38	0	0	0	0	0	0	0	0	0	0	0	0	0	0	0	0	0	0	38	0	0	0	0	0	0	0	0	0	0	0	0	0	0	0	0	0	0	0	0	0	0	0	0	0	0	0	0	0	0	0	0	0	0	0	0	0	0	0	0	0	0	0	0	0	0	0	0	0	0	0	0	0	0	0	0	0	0	0	0	0	0
7	0	0	0	69	0	0	0	13	0	0	0	0	0	0	13	0	0	0	371	0	0	0	13	0	0	0	0	0	0	13	0	0	0	231	0	0	0	0	0	0	0	0	0	0	0	0	0	0	0	0	0	0	0	0	0	0	13	0	0	0	0	0	0	13	0	0	0	212	0	0	0	0	0	0	0	0	0	0	0	0	0	0	0	0	0	0	0	0	0	0	0	0	0	0	0	0	0	0	0	0	0	0	0	0	0	0	0	0	0	0	0	0	0	0	0	0	0	11	0	0	0	0	0	0	11	0	0	0	165	0	0	0	0	0	0	0	0	0	0	0	0	0	0	0	0	0	0	0	0	0	0	0	0	0	0	0	0	0	0	0	0	0	0	0	0	0	0	0	0	0	0	0	0	0	0	0	0	0	0	0	0	22	0	0	0	0	0	0	0	0	0	0	0	0	0	0	0	0	0	0	0	0	0	0	0	0	0	0	0	0
5	0	0	0	39	0	0	0	0	0	0	0	0	0	0	0	0	0	0	234	0	0	0	0	0	0	0	0	0	0	0	0	0	0	146	0	0	0	0	0	0	0	0	0	0	0	0	0	0	0	0	0	0	0	0	0	0	0	0	0	0	0	0	0	0	0	0	0	142	0	0	0	0	0	0	0	0	0	0	0	0	0	0	0	0	0	0	0	0	0	0	0	0	0	0	0	0	0	0	0	0	0	0	0	0	0	0	0	0	0	0	0	0	0	0	0	0	0	0	0	0	0	0	0	0	0	0	0	0	117	0	0	0	0	0	0	0	0	0	0	0	0	0	0	0	0	0	0	0	0	0	0	0	0	0	0	0	0	0	0	0	0	0	0	0	0	0	0	0	0	0	0	0	0	0	0	0	0	0	0	0	0	0	0	0	0	0	0	0	0	0	0	0	0	0	0	0	0	0	0	0	0	0	0	0	0	0	0	0	0	0
