225	219	34	11	0	213	15	5	0	34	11	0	21	0	0	0	80	35	0	0	207	11	5	0	15	5	0	9	0	0	0	34	15	0	0	34	11	0	7	0	0	0	18	10	0	0	21	0	0	0	80	35	0	0	201	10	5	0	11	5	0	9	0	0	0	26	15	0	0	15	5	0	3	0	0	0	10	10	0	0	9	0	0	0	34	15	0	0	34	11	0	0	0	0	0	2	2	0	0	7	0	0	0	18	10	0	0	21	0	0	0	80	35	0	0	195	10	5	0	10	5	0	9	0	0	0	21	15	0	0	11	5	0	3	0	0	0	9	10	0	0	9	0	0	0	26	15	0	0	15	5	0	0	0	0	0	2	0	0	0	3	0	0	0	10	10	0	0	9	0	0	0	34	15	0	0	34	11	0	9	0	0	0	10	0	0	0	0	0	0	0	2	2	0	0	7	0	0	0	18	10	0	0	21	0	0	0	80	35	0	0
231	225	33	9	0	219	18	0	0	33	9	0	19	0	0	0	74	21	0	0	213	16	0	0	18	0	0	13	0	0	0	38	0	0	0	33	9	0	3	0	0	0	17	0	0	0	19	0	0	0	74	21	0	0	207	16	0	0	16	0	0	13	0	0	0	33	0	0	0	18	0	0	3	0	0	0	14	0	0	0	13	0	0	0	38	0	0	0	33	9	0	0	0	0	0	2	0	0	0	3	0	0	0	17	0	0	0	19	0	0	0	74	21	0	0	201	16	0	0	16	0	0	13	0	0	0	33	0	0	0	16	0	0	3	0	0	0	14	0	0	0	13	0	0	0	33	0	0	0	18	0	0	0	0	0	0	1	0	0	0	3	0	0	0	14	0	0	0	13	0	0	0	38	0	0	0	33	9	0	11	0	0	0	9	0	0	0	0	0	0	0	2	0	0	0	3	0	0	0	17	0	0	0	19	0	0	0	74	21	0	0
376	366	48	35	0	356	26	17	0	48	35	0	21	24	0	0	97	63	0	0	346	24	9	0	26	17	0	17	0	0	0	54	20	0	0	48	35	0	4	0	0	0	20	0	0	0	21	24	0	0	97	63	0	0	336	24	9	0	24	9	0	17	0	0	0	49	0	0	0	26	17	0	4	0	0	0	17	0	0	0	17	0	0	0	54	20	0	0	48	35	0	0	0	0	0	2	0	0	0	4	0	0	0	20	0	0	0	21	24	0	0	97	63	0	0	326	24	9	0	24	9	0	17	0	0	0	49	0	0	0	24	9	0	4	0	0	0	17	0	0	0	17	0	0	0	49	0	0	0	26	17	0	0	0	0	0	1	0	0	0	4	0	0	0	17	0	0	0	17	0	0	0	54	20	0	0	48	35	0	11	0	0	0	9	0	0	0	0	0	0	0	2	0	0	0	4	0	0	0	20	0	0	0	21	24	0	0	97	63	0	0
225	219	31	11	0	213	19	5	0	31	11	0	20	0	0	0	64	12	0	0	207	15	5	0	19	5	0	10	0	0	0	39	0	0	0	31	11	0	1	0	0	0	9	0	0	0	20	0	0	0	64	12	0	0	201	15	5	0	15	5	0	10	0	0	0	29	0	0	0	19	5	0	1	0	0	0	9	0	0	0	10	0	0	0	39	0	0	0	31	11	0	0	0	0	0	0	0	0	0	1	0	0	0	9	0	0	0	20	0	0	0	64	12	0	0	195	15	5	0	15	5	0	10	0	0	0	29	0	0	0	15	5	0	1	0	0	0	9	0	0	0	10	0	0	0	29	0	0	0	19	5	0	0	0	0	0	0	0	0	0	1	0	0	0	9	0	0	0	10	0	0	0	39	0	0	0	31	11	0	5	0	0	0	6	0	0	0	0	0	0	0	0	0	0	0	1	0	0	0	9	0	0	0	20	0	0	0	64	12	0	0
356	346	47	36	0	336	28	28	0	47	36	0	31	8	0	0	100	58	0	0	326	25	24	0	28	28	0	21	0	0	0	66	40	0	0	47	36	0	4	0	0	0	17	6	0	0	31	8	0	0	100	58	0	0	316	25	24	0	25	24	0	21	0	0	0	60	30	0	0	28	28	0	4	0	0	0	15	6	0	0	21	0	0	0	66	40	0	0	47	36	0	0	0	0	0	1	0	0	0	4	0	0	0	17	6	0	0	31	8	0	0	100	58	0	0	306	25	24	0	25	24	0	21	0	0	0	60	30	0	0	25	24	0	4	0	0	0	15	6	0	0	21	0	0	0	60	30	0	0	28	28	0	0	0	0	0	0	0	0	0	4	0	0	0	15	6	0	0	21	0	0	0	66	40	0	0	47	36	0	7	0	0	0	8	0	0	0	0	0	0	0	1	0	0	0	4	0	0	0	17	6	0	0	31	8	0	0	100	58	0	0
575	559	75	86	14	543	42	56	0	75	86	14	47	69	12	0	158	238	42	0	527	38	55	0	42	56	0	28	66	0	0	95	170	0	0	75	86	14	18	11	0	0	39	49	0	0	47	69	12	0	158	238	42	0	511	37	55	0	38	55	0	28	66	0	0	90	165	0	0	42	56	0	14	11	0	0	28	45	0	0	28	66	0	0	95	170	0	0	75	86	14	3	0	0	0	4	0	0	0	18	11	0	0	39	49	0	0	47	69	12	0	158	238	42	0	495	34	52	0	37	55	0	28	66	0	0	85	165	0	0	38	55	0	14	11	0	0	27	44	0	0	28	66	0	0	90	165	0	0	42	56	0	0	0	0	0	3	0	0	0	14	11	0	0	28	45	0	0	28	66	0	0	95	170	0	0	75	86	14	12	24	0	0	13	24	0	0	3	0	0	0	4	0	0	0	18	11	0	0	39	49	0	0	47	69	12	0	158	238	42	0
506	492	73	66	9	478	44	42	0	73	66	9	58	32	8	0	168	124	27	0	464	37	40	0	44	42	0	38	30	0	0	108	64	0	0	73	66	9	56	20	0	0	44	64	0	0	58	32	8	0	168	124	27	0	450	31	40	0	37	40	0	37	30	0	0	91	60	0	0	44	42	0	30	20	0	0	34	42	0	0	38	30	0	0	108	64	0	0	73	66	9	19	0	0	0	4	13	0	0	56	20	0	0	44	64	0	0	58	32	8	0	168	124	27	0	436	26	34	0	31	40	0	29	30	0	0	72	60	0	0	37	40	0	30	20	0	0	31	40	0	0	37	30	0	0	91	60	0	0	44	42	0	6	0	0	0	4	12	0	0	30	20	0	0	34	42	0	0	38	30	0	0	108	64	0	0	73	66	9	33	42	0	0	15	21	0	0	19	0	0	0	4	13	0	0	56	20	0	0	44	64	0	0	58	32	8	0	168	124	27	0
335	326	73	24	2	317	46	8	0	73	24	2	68	0	0	0	159	84	8	0	308	41	4	0	46	8	0	48	0	0	0	113	40	0	0	73	24	2	60	16	0	0	43	24	0	0	68	0	0	0	159	84	8	0	299	37	0	0	41	4	0	48	0	0	0	103	20	0	0	46	8	0	40	0	0	0	36	8	0	0	48	0	0	0	113	40	0	0	73	24	2	22	0	0	0	6	0	2	0	60	16	0	0	43	24	0	0	68	0	0	0	159	84	8	0	290	32	0	0	37	0	0	40	0	0	0	92	0	0	0	41	4	0	40	0	0	0	34	4	0	0	48	0	0	0	103	20	0	0	46	8	0	9	0	0	0	6	0	0	0	40	0	0	0	36	8	0	0	48	0	0	0	113	40	0	0	73	24	2	40	0	0	0	12	12	0	0	22	0	0	0	6	0	2	0	60	16	0	0	43	24	0	0	68	0	0	0	159	84	8	0
395	384	52	38	12	373	32	28	0	52	38	12	39	28	12	0	102	71	12	0	362	28	28	0	32	28	0	23	28	0	0	63	63	0	0	52	38	12	12	0	0	0	27	28	0	0	39	28	12	0	102	71	12	0	351	28	28	0	28	28	0	23	28	0	0	57	63	0	0	32	28	0	12	0	0	0	22	28	0	0	23	28	0	0	63	63	0	0	52	38	12	3	0	0	0	4	0	0	0	12	0	0	0	27	28	0	0	39	28	12	0	102	71	12	0	340	25	26	0	28	28	0	23	28	0	0	57	63	0	0	28	28	0	12	0	0	0	20	28	0	0	23	28	0	0	57	63	0	0	32	28	0	0	0	0	0	4	0	0	0	12	0	0	0	22	28	0	0	23	28	0	0	63	63	0	0	52	38	12	11	12	0	0	10	18	0	0	3	0	0	0	4	0	0	0	12	0	0	0	27	28	0	0	39	28	12	0	102	71	12	0
687	667	113	168	0	647	63	143	0	113	168	0	78	140	0	0	221	399	0	0	627	49	103	0	63	143	0	48	116	0	0	149	350	0	0	113	168	0	26	234	0	0	57	144	0	0	78	140	0	0	221	399	0	0	607	47	79	0	49	103	0	47	74	0	0	122	266	0	0	63	143	0	20	182	0	0	36	123	0	0	48	116	0	0	149	350	0	0	113	168	0	9	96	0	0	12	16	0	0	26	234	0	0	57	144	0	0	78	140	0	0	221	399	0	0	587	44	49	0	47	79	0	47	28	0	0	114	199	0	0	49	103	0	20	92	0	0	28	88	0	0	47	74	0	0	122	266	0	0	63	143	0	6	60	0	0	12	16	0	0	20	182	0	0	36	123	0	0	48	116	0	0	149	350	0	0	113	168	0	29	125	0	0	13	6	0	0	9	96	0	0	12	16	0	0	26	234	0	0	57	144	0	0	78	140	0	0	221	399	0	0
478	465	77	30	32	452	64	0	6	77	30	32	76	0	0	16	169	30	96	25	439	55	0	0	64	0	6	61	0	0	0	153	0	18	0	77	30	32	41	0	12	0	37	0	0	0	76	0	0	16	169	30	96	25	426	53	0	0	55	0	0	53	0	0	0	127	0	0	0	64	0	6	41	0	0	0	37	0	0	0	61	0	0	0	153	0	18	0	77	30	32	12	0	4	0	6	0	0	0	41	0	12	0	37	0	0	0	76	0	0	16	169	30	96	25	413	44	0	0	53	0	0	47	0	0	0	122	0	0	0	55	0	0	29	0	0	0	34	0	0	0	53	0	0	0	127	0	0	0	64	0	6	9	0	0	0	6	0	0	0	41	0	0	0	37	0	0	0	61	0	0	0	153	0	18	0	77	30	32	16	0	28	0	3	0	0	0	12	0	4	0	6	0	0	0	41	0	12	0	37	0	0	0	76	0	0	16	169	30	96	25
488	474	82	61	21	460	60	41	6	82	61	21	78	42	0	16	180	118	42	14	446	50	40	0	60	41	6	54	40	0	0	143	111	12	0	82	61	21	38	10	8	0	32	21	0	0	78	42	0	16	180	118	42	14	432	48	40	0	50	40	0	46	40	0	0	118	110	0	0	60	41	6	38	10	0	0	31	20	0	0	54	40	0	0	143	111	12	0	82	61	21	12	0	4	0	5	0	0	0	38	10	8	0	32	21	0	0	78	42	0	16	180	118	42	14	418	41	40	0	48	40	0	40	40	0	0	113	110	0	0	50	40	0	26	10	0	0	28	20	0	0	46	40	0	0	118	110	0	0	60	41	6	9	0	0	0	5	0	0	0	38	10	0	0	31	20	0	0	54	40	0	0	143	111	12	0	82	61	21	16	0	14	0	3	0	0	0	12	0	4	0	5	0	0	0	38	10	8	0	32	21	0	0	78	42	0	16	180	118	42	14
625	607	110	110	27	589	77	89	0	110	110	27	103	138	0	0	256	265	27	37	571	59	80	0	77	89	0	61	120	0	0	196	234	0	0	110	110	27	39	90	12	0	52	103	0	0	103	138	0	0	256	265	27	37	553	56	77	0	59	80	0	52	120	0	0	155	210	0	0	77	89	0	37	90	0	0	45	96	0	0	61	120	0	0	196	234	0	0	110	110	27	11	27	4	0	12	15	0	0	39	90	12	0	52	103	0	0	103	138	0	0	256	265	27	37	535	47	48	0	56	77	0	46	114	0	0	147	202	0	0	59	80	0	25	90	0	0	39	90	0	0	52	120	0	0	155	210	0	0	77	89	0	10	0	0	0	11	13	0	0	37	90	0	0	45	96	0	0	61	120	0	0	196	234	0	0	110	110	27	25	18	40	0	7	15	81	0	11	27	4	0	12	15	0	0	39	90	12	0	52	103	0	0	103	138	0	0	256	265	27	37
566	550	86	89	13	534	57	49	0	86	89	13	67	84	0	0	184	207	52	11	518	50	28	0	57	49	0	59	0	0	0	142	126	0	0	86	89	13	40	0	12	0	35	11	39	0	67	84	0	0	184	207	52	11	502	48	28	0	50	28	0	51	0	0	0	124	70	0	0	57	49	0	40	0	0	0	33	7	0	0	59	0	0	0	142	126	0	0	86	89	13	12	0	4	0	6	0	0	0	40	0	12	0	35	11	39	0	67	84	0	0	184	207	52	11	486	40	28	0	48	28	0	45	0	0	0	119	70	0	0	50	28	0	28	0	0	0	30	0	0	0	51	0	0	0	124	70	0	0	57	49	0	9	0	0	0	6	0	0	0	40	0	0	0	33	7	0	0	59	0	0	0	142	126	0	0	86	89	13	16	0	20	0	3	0	0	0	12	0	4	0	6	0	0	0	40	0	12	0	35	11	39	0	67	84	0	0	184	207	52	11
604	586	102	130	6	568	64	97	0	102	130	6	83	160	0	0	233	327	18	2	550	51	83	0	64	97	0	54	126	0	0	166	272	0	0	102	130	6	48	86	12	0	38	60	6	0	83	160	0	0	233	327	18	2	532	46	80	0	51	83	0	43	120	0	0	128	239	0	0	64	97	0	40	80	0	0	33	55	0	0	54	126	0	0	166	272	0	0	102	130	6	23	30	4	0	4	30	0	0	48	86	12	0	38	60	6	0	83	160	0	0	233	327	18	2	514	38	77	0	46	80	0	33	120	0	0	114	230	0	0	51	83	0	26	80	0	0	27	53	0	0	43	120	0	0	128	239	0	0	64	97	0	14	30	0	0	4	30	0	0	40	80	0	0	33	55	0	0	54	126	0	0	166	272	0	0	102	130	6	23	27	6	0	1	20	0	0	23	30	4	0	4	30	0	0	48	86	12	0	38	60	6	0	83	160	0	0	233	327	18	2
340	330	45	23	40	320	32	21	0	45	23	40	36	14	27	0	109	47	0	99	310	32	21	0	32	21	0	36	14	0	0	82	42	0	12	45	23	40	18	0	0	0	19	0	0	0	36	14	27	0	109	47	0	99	300	29	21	0	32	21	0	36	14	0	0	82	42	0	0	32	21	0	18	0	0	0	16	0	0	0	36	14	0	0	82	42	0	12	45	23	40	3	0	27	0	4	0	0	0	18	0	0	0	19	0	0	0	36	14	27	0	109	47	0	99	290	27	21	0	29	21	0	30	14	0	0	74	42	0	0	32	21	0	18	0	0	0	16	0	0	0	36	14	0	0	82	42	0	0	32	21	0	3	0	0	0	4	0	0	0	18	0	0	0	16	0	0	0	36	14	0	0	82	42	0	12	45	23	40	3	0	18	0	3	0	0	0	3	0	27	0	4	0	0	0	18	0	0	0	19	0	0	0	36	14	27	0	109	47	0	99
399	387	54	41	31	375	33	35	0	54	41	31	30	42	27	0	127	84	0	72	363	33	35	0	33	35	0	30	42	0	0	84	70	0	12	54	41	31	10	0	0	0	10	0	0	0	30	42	27	0	127	84	0	72	351	33	35	0	33	35	0	30	42	0	0	84	70	0	0	33	35	0	10	0	0	0	7	0	0	0	30	42	0	0	84	70	0	12	54	41	31	3	0	0	0	3	0	0	0	10	0	0	0	10	0	0	0	30	42	27	0	127	84	0	72	339	33	35	0	33	35	0	30	42	0	0	84	70	0	0	33	35	0	10	0	0	0	7	0	0	0	30	42	0	0	84	70	0	0	33	35	0	3	0	0	0	3	0	0	0	10	0	0	0	7	0	0	0	30	42	0	0	84	70	0	12	54	41	31	3	0	0	0	2	0	0	0	3	0	0	0	3	0	0	0	10	0	0	0	10	0	0	0	30	42	27	0	127	84	0	72
414	402	52	42	23	390	27	20	0	52	42	23	24	10	27	0	123	104	69	51	378	27	20	0	27	20	0	24	10	0	0	70	60	0	6	52	42	23	8	0	0	0	10	0	0	0	24	10	27	0	123	104	69	51	366	27	20	0	27	20	0	24	10	0	0	70	60	0	0	27	20	0	8	0	0	0	6	0	0	0	24	10	0	0	70	60	0	6	52	42	23	3	0	0	0	3	0	0	0	8	0	0	0	10	0	0	0	24	10	27	0	123	104	69	51	354	27	20	0	27	20	0	24	10	0	0	70	60	0	0	27	20	0	8	0	0	0	6	0	0	0	24	10	0	0	70	60	0	0	27	20	0	3	0	0	0	3	0	0	0	8	0	0	0	6	0	0	0	24	10	0	0	70	60	0	6	52	42	23	3	0	0	0	2	0	0	0	3	0	0	0	3	0	0	0	8	0	0	0	10	0	0	0	24	10	27	0	123	104	69	51
370	359	46	42	7	348	15	24	0	46	42	7	9	16	21	0	96	124	28	13	337	15	24	0	15	24	0	9	16	0	0	37	80	0	0	46	42	7	0	0	0	0	6	0	0	0	9	16	21	0	96	124	28	13	326	15	24	0	15	24	0	9	16	0	0	37	80	0	0	15	24	0	0	0	0	0	1	0	0	0	9	16	0	0	37	80	0	0	46	42	7	0	0	0	0	0	0	0	0	0	0	0	0	6	0	0	0	9	16	21	0	96	124	28	13	315	15	24	0	15	24	0	9	16	0	0	37	80	0	0	15	24	0	0	0	0	0	1	0	0	0	9	16	0	0	37	80	0	0	15	24	0	0	0	0	0	0	0	0	0	0	0	0	0	1	0	0	0	9	16	0	0	37	80	0	0	46	42	7	0	0	0	0	0	0	0	0	0	0	0	0	0	0	0	0	0	0	0	0	6	0	0	0	9	16	21	0	96	124	28	13
275	267	35	17	0	259	11	7	0	35	17	0	10	0	0	0	64	44	0	0	251	10	7	0	11	7	0	5	0	0	0	30	14	0	0	35	17	0	0	0	0	0	2	2	0	0	10	0	0	0	64	44	0	0	243	10	7	0	10	7	0	5	0	0	0	30	14	0	0	11	7	0	0	0	0	0	2	0	0	0	5	0	0	0	30	14	0	0	35	17	0	0	0	0	0	0	0	0	0	0	0	0	0	2	2	0	0	10	0	0	0	64	44	0	0	235	10	7	0	10	7	0	5	0	0	0	30	14	0	0	10	7	0	0	0	0	0	1	0	0	0	5	0	0	0	30	14	0	0	11	7	0	0	0	0	0	0	0	0	0	0	0	0	0	2	0	0	0	5	0	0	0	30	14	0	0	35	17	0	0	0	0	0	0	0	0	0	0	0	0	0	0	0	0	0	0	0	0	0	2	2	0	0	10	0	0	0	64	44	0	0
483	469	39	53	28	455	21	8	22	39	53	28	13	40	14	28	60	48	140	0	441	17	0	6	21	8	22	7	0	14	0	46	0	110	0	39	53	28	8	0	21	26	23	13	28	13	13	40	14	28	60	48	140	0	427	17	0	0	17	0	6	7	0	4	0	44	0	30	0	21	8	22	8	0	21	0	12	8	22	0	7	0	14	0	46	0	110	0	39	53	28	6	0	0	0	2	0	0	2	8	0	21	26	23	13	28	13	13	40	14	28	60	48	140	0	413	15	0	0	17	0	0	7	0	0	0	44	0	0	0	17	0	6	2	0	6	0	5	0	6	0	7	0	4	0	44	0	30	0	21	8	22	2	0	0	0	2	0	0	0	8	0	21	0	12	8	22	0	7	0	14	0	46	0	110	0	39	53	28	3	0	14	0	0	0	0	0	6	0	0	0	2	0	0	2	8	0	21	26	23	13	28	13	13	40	14	28	60	48	140	0
349	339	43	9	31	329	25	0	14	43	9	31	21	0	14	28	77	18	31	30	319	21	0	2	25	0	14	10	0	14	0	59	0	14	0	43	9	31	8	0	21	10	16	0	0	13	21	0	14	28	77	18	31	30	309	21	0	0	21	0	2	10	0	4	0	59	0	2	0	25	0	14	8	0	21	0	12	0	0	0	10	0	14	0	59	0	14	0	43	9	31	6	0	0	0	1	0	0	0	8	0	21	10	16	0	0	13	21	0	14	28	77	18	31	30	299	19	0	0	21	0	0	10	0	0	0	59	0	0	0	21	0	2	2	0	6	0	5	0	0	0	10	0	4	0	59	0	2	0	25	0	14	2	0	0	0	1	0	0	0	8	0	21	0	12	0	0	0	10	0	14	0	59	0	14	0	43	9	31	3	0	14	0	0	0	0	0	6	0	0	0	1	0	0	0	8	0	21	10	16	0	0	13	21	0	14	28	77	18	31	30
503	488	57	58	40	473	31	36	20	57	58	40	34	24	14	46	107	133	80	30	458	26	36	2	31	36	20	20	24	14	0	74	108	40	0	57	58	40	16	0	21	10	24	13	0	19	34	24	14	46	107	133	80	30	443	26	36	0	26	36	2	20	24	4	0	73	108	4	0	31	36	20	16	0	21	0	18	12	0	0	20	24	14	0	74	108	40	0	57	58	40	9	0	0	0	4	0	0	0	16	0	21	10	24	13	0	19	34	24	14	46	107	133	80	30	428	21	36	0	26	36	0	20	24	0	0	73	108	0	0	26	36	2	10	0	6	0	9	12	0	0	20	24	4	0	73	108	4	0	31	36	20	5	0	0	0	4	0	0	0	16	0	21	0	18	12	0	0	20	24	14	0	74	108	40	0	57	58	40	3	0	41	0	2	0	0	0	9	0	0	0	4	0	0	0	16	0	21	10	24	13	0	19	34	24	14	46	107	133	80	30
438	425	43	46	20	412	22	22	7	43	46	20	21	0	14	0	75	71	60	30	399	18	22	2	22	22	7	10	0	14	0	51	55	21	0	43	46	20	8	0	21	10	16	0	0	0	21	0	14	0	75	71	60	30	386	18	22	0	18	22	2	10	0	4	0	51	55	6	0	22	22	7	8	0	21	0	12	0	0	0	10	0	14	0	51	55	21	0	43	46	20	6	0	0	0	1	0	0	0	8	0	21	10	16	0	0	0	21	0	14	0	75	71	60	30	373	16	22	0	18	22	0	10	0	0	0	51	55	0	0	18	22	2	2	0	6	0	5	0	0	0	10	0	4	0	51	55	6	0	22	22	7	2	0	0	0	1	0	0	0	8	0	21	0	12	0	0	0	10	0	14	0	51	55	21	0	43	46	20	3	0	14	0	0	0	0	0	6	0	0	0	1	0	0	0	8	0	21	10	16	0	0	0	21	0	14	0	75	71	60	30
346	336	28	24	6	326	14	0	0	28	24	6	13	0	0	0	46	18	24	7	316	13	0	0	14	0	0	8	0	0	0	34	0	0	0	28	24	6	0	0	0	0	8	0	0	0	13	0	0	0	46	18	24	7	306	13	0	0	13	0	0	8	0	0	0	34	0	0	0	14	0	0	0	0	0	0	3	0	0	0	8	0	0	0	34	0	0	0	28	24	6	0	0	0	0	0	0	0	0	0	0	0	0	8	0	0	0	13	0	0	0	46	18	24	7	296	13	0	0	13	0	0	8	0	0	0	34	0	0	0	13	0	0	0	0	0	0	2	0	0	0	8	0	0	0	34	0	0	0	14	0	0	0	0	0	0	0	0	0	0	0	0	0	0	3	0	0	0	8	0	0	0	34	0	0	0	28	24	6	0	0	0	0	0	0	0	0	0	0	0	0	0	0	0	0	0	0	0	0	8	0	0	0	13	0	0	0	46	18	24	7
516	500	36	72	52	484	20	48	7	36	72	52	10	48	41	28	58	102	104	125	468	15	48	7	20	48	7	7	48	21	28	48	96	14	63	36	72	52	8	0	0	0	29	52	0	0	10	48	41	28	58	102	104	125	452	13	48	2	15	48	7	7	48	21	8	39	96	14	12	20	48	7	2	0	0	0	10	12	0	0	7	48	21	28	48	96	14	63	36	72	52	5	0	22	10	6	0	0	0	8	0	0	0	29	52	0	0	10	48	41	28	58	102	104	125	436	13	48	0	13	48	2	7	48	6	0	32	96	4	0	15	48	7	2	0	0	0	5	12	0	0	7	48	21	8	39	96	14	12	20	48	7	5	0	14	0	6	0	0	0	2	0	0	0	10	12	0	0	7	48	21	28	48	96	14	63	36	72	52	15	0	0	0	3	0	0	0	5	0	22	10	6	0	0	0	8	0	0	0	29	52	0	0	10	48	41	28	58	102	104	125
330	320	32	27	19	310	24	9	7	32	27	19	15	0	41	28	54	9	57	28	300	18	9	7	24	9	7	15	0	21	28	53	9	21	22	32	27	19	8	0	0	0	26	36	0	0	15	0	41	28	54	9	57	28	290	16	9	2	18	9	7	15	0	21	8	42	9	21	6	24	9	7	2	0	0	0	12	0	0	0	15	0	21	28	53	9	21	22	32	27	19	5	0	22	10	8	0	0	0	8	0	0	0	26	36	0	0	15	0	41	28	54	9	57	28	280	16	9	0	16	9	2	15	0	6	0	35	9	6	0	18	9	7	2	0	0	0	8	0	0	0	15	0	21	8	42	9	21	6	24	9	7	5	0	14	0	8	0	0	0	2	0	0	0	12	0	0	0	15	0	21	28	53	9	21	22	32	27	19	21	0	0	0	4	0	0	0	5	0	22	10	8	0	0	0	8	0	0	0	26	36	0	0	15	0	41	28	54	9	57	28
272	264	17	0	32	256	10	0	0	17	0	32	6	0	8	0	23	0	0	94	248	10	0	0	10	0	0	6	0	0	0	23	0	0	49	17	0	32	0	0	0	0	14	0	0	0	6	0	8	0	23	0	0	94	240	10	0	0	10	0	0	6	0	0	0	23	0	0	10	10	0	0	0	0	0	0	2	0	0	0	6	0	0	0	23	0	0	49	17	0	32	0	0	0	0	0	0	0	0	0	0	0	0	14	0	0	0	6	0	8	0	23	0	0	94	232	10	0	0	10	0	0	6	0	0	0	23	0	0	0	10	0	0	0	0	0	0	2	0	0	0	6	0	0	0	23	0	0	10	10	0	0	0	0	0	0	0	0	0	0	0	0	0	0	2	0	0	0	6	0	0	0	23	0	0	49	17	0	32	0	0	0	0	0	0	0	0	0	0	0	0	0	0	0	0	0	0	0	0	14	0	0	0	6	0	8	0	23	0	0	94
238	231	14	0	22	224	7	0	0	14	0	22	4	0	8	0	14	0	0	54	217	7	0	0	7	0	0	4	0	0	0	14	0	0	29	14	0	22	0	0	0	0	13	0	0	0	4	0	8	0	14	0	0	54	210	7	0	0	7	0	0	4	0	0	0	14	0	0	8	7	0	0	0	0	0	0	1	0	0	0	4	0	0	0	14	0	0	29	14	0	22	0	0	0	0	0	0	0	0	0	0	0	0	13	0	0	0	4	0	8	0	14	0	0	54	203	7	0	0	7	0	0	4	0	0	0	14	0	0	0	7	0	0	0	0	0	0	1	0	0	0	4	0	0	0	14	0	0	8	7	0	0	0	0	0	0	0	0	0	0	0	0	0	0	1	0	0	0	4	0	0	0	14	0	0	29	14	0	22	0	0	0	0	0	0	0	0	0	0	0	0	0	0	0	0	0	0	0	0	13	0	0	0	4	0	8	0	14	0	0	54
237	230	12	6	14	223	6	0	0	12	6	14	4	0	8	0	11	0	14	34	216	5	0	0	6	0	0	4	0	0	0	11	0	0	22	12	6	14	0	0	0	0	13	6	0	0	4	0	8	0	11	0	14	34	209	5	0	0	5	0	0	4	0	0	0	9	0	0	6	6	0	0	0	0	0	0	2	0	0	0	4	0	0	0	11	0	0	22	12	6	14	0	0	0	0	1	0	0	0	0	0	0	0	13	6	0	0	4	0	8	0	11	0	14	34	202	5	0	0	5	0	0	4	0	0	0	9	0	0	0	5	0	0	0	0	0	0	1	0	0	0	4	0	0	0	9	0	0	6	6	0	0	0	0	0	0	1	0	0	0	0	0	0	0	2	0	0	0	4	0	0	0	11	0	0	22	12	6	14	0	0	0	0	0	0	0	0	0	0	0	0	1	0	0	0	0	0	0	0	13	6	0	0	4	0	8	0	11	0	14	34
422	409	62	46	32	396	42	16	32	62	46	32	45	48	44	0	150	89	96	0	383	28	0	32	42	16	32	22	0	44	0	108	24	96	0	62	46	32	7	0	40	0	29	19	64	0	45	48	44	0	150	89	96	0	370	27	0	31	28	0	32	21	0	44	0	79	0	96	0	42	16	32	5	0	40	0	23	8	64	0	22	0	44	0	108	24	96	0	62	46	32	5	0	0	9	13	11	0	0	7	0	40	0	29	19	64	0	45	48	44	0	150	89	96	0	357	26	0	18	27	0	31	21	0	42	0	76	0	93	0	28	0	32	5	0	40	0	15	0	64	0	21	0	44	0	79	0	96	0	42	16	32	4	0	0	0	12	8	0	0	5	0	40	0	23	8	64	0	22	0	44	0	108	24	96	0	62	46	32	23	0	0	27	9	11	0	27	5	0	0	9	13	11	0	0	7	0	40	0	29	19	64	0	45	48	44	0	150	89	96	0
464	449	73	83	28	434	43	46	28	73	83	28	51	74	67	0	179	185	140	0	419	31	36	28	43	46	28	20	24	67	0	115	135	140	0	73	83	28	7	0	41	0	33	39	56	0	51	74	67	0	179	185	140	0	404	30	36	27	31	36	28	19	24	67	0	85	120	140	0	43	46	28	5	0	41	0	22	29	56	0	20	24	67	0	115	135	140	0	73	83	28	2	0	0	9	8	10	0	0	7	0	41	0	33	39	56	0	51	74	67	0	179	185	140	0	389	29	36	14	30	36	27	19	24	65	0	82	120	135	0	31	36	28	5	0	41	0	17	24	56	0	19	24	67	0	85	120	140	0	43	46	28	1	0	0	0	7	5	0	0	5	0	41	0	22	29	56	0	20	24	67	0	115	135	140	0	73	83	28	11	0	0	30	6	10	0	27	2	0	0	9	8	10	0	0	7	0	41	0	33	39	56	0	51	74	67	0	179	185	140	0
328	318	35	9	58	308	29	9	29	35	9	58	25	0	10	62	78	18	0	85	298	18	0	17	29	9	29	16	0	10	14	64	18	0	14	35	9	58	4	0	36	28	16	9	58	28	25	0	10	62	78	18	0	85	288	17	0	17	18	0	17	15	0	10	14	39	0	0	14	29	9	29	2	0	32	28	14	9	29	22	16	0	10	14	64	18	0	14	35	9	58	5	0	0	0	9	9	0	0	4	0	36	28	16	9	58	28	25	0	10	62	78	18	0	85	278	16	0	9	17	0	17	15	0	10	4	36	0	0	4	18	0	17	0	0	24	8	7	0	17	6	15	0	10	14	39	0	0	14	29	9	29	5	0	0	0	9	9	0	0	2	0	32	28	14	9	29	22	16	0	10	14	64	18	0	14	35	9	58	18	0	13	31	5	0	0	0	5	0	0	0	9	9	0	0	4	0	36	28	16	9	58	28	25	0	10	62	78	18	0	85
427	413	57	67	29	399	38	63	11	57	67	29	39	36	0	22	139	133	0	71	385	28	45	7	38	63	11	25	36	0	14	97	126	0	14	57	67	29	27	0	26	28	35	21	87	0	39	36	0	22	139	133	0	71	371	24	42	7	28	45	7	22	36	0	14	72	90	0	14	38	63	11	15	0	22	28	21	21	33	0	25	36	0	14	97	126	0	14	57	67	29	18	18	0	0	10	28	0	0	27	0	26	28	35	21	87	0	39	36	0	22	139	133	0	71	357	20	30	2	24	42	7	18	24	0	4	62	81	0	4	28	45	7	11	0	14	8	14	9	21	0	22	36	0	14	72	90	0	14	38	63	11	11	18	0	0	10	27	0	0	15	0	22	28	21	21	33	0	25	36	0	14	97	126	0	14	57	67	29	19	72	13	10	2	18	0	0	18	18	0	0	10	28	0	0	27	0	26	28	35	21	87	0	39	36	0	22	139	133	0	71
426	412	63	65	29	398	40	59	21	63	65	29	46	54	20	22	150	123	0	19	384	23	45	17	40	59	21	17	54	20	14	93	111	0	7	63	65	29	11	0	56	28	34	43	58	0	46	54	20	22	150	123	0	19	370	21	45	16	23	45	17	16	54	20	14	56	90	0	7	40	59	21	5	0	52	28	20	34	42	0	17	54	20	14	93	111	0	7	63	65	29	11	0	0	9	16	16	0	0	11	0	56	28	34	43	58	0	46	54	20	22	150	123	0	19	356	19	39	2	21	45	16	16	54	18	4	52	90	0	2	23	45	17	3	0	44	8	8	27	34	0	16	54	20	14	56	90	0	7	40	59	21	10	0	0	0	16	16	0	0	5	0	52	28	20	34	42	0	17	54	20	14	93	111	0	7	63	65	29	23	42	13	10	10	7	0	27	11	0	0	9	16	16	0	0	11	0	56	28	34	43	58	0	46	54	20	22	150	123	0	19
345	334	28	10	46	323	18	10	38	28	10	46	16	0	22	25	77	0	0	28	312	17	10	38	18	10	38	12	0	11	25	51	0	0	28	28	10	46	2	0	0	0	14	0	0	0	16	0	22	25	77	0	0	28	301	17	10	38	17	10	38	12	0	11	25	50	0	0	28	18	10	38	2	0	0	0	10	0	0	0	12	0	11	25	51	0	0	28	28	10	46	0	0	0	0	2	0	0	0	2	0	0	0	14	0	0	0	16	0	22	25	77	0	0	28	290	17	10	38	17	10	38	12	0	11	25	50	0	0	27	17	10	38	2	0	0	0	10	0	0	0	12	0	11	25	50	0	0	28	18	10	38	0	0	0	0	0	0	0	0	2	0	0	0	10	0	0	0	12	0	11	25	51	0	0	28	28	10	46	2	0	0	0	4	0	0	0	0	0	0	0	2	0	0	0	2	0	0	0	14	0	0	0	16	0	22	25	77	0	0	28
408	395	39	23	65	382	23	12	44	39	23	65	19	0	89	75	111	11	65	60	369	22	12	44	23	12	44	15	0	51	75	69	0	44	60	39	23	65	5	0	0	0	22	0	0	0	19	0	89	75	111	11	65	60	356	22	12	44	22	12	44	15	0	51	75	68	0	44	60	23	12	44	5	0	0	0	13	0	0	0	15	0	51	75	69	0	44	60	39	23	65	2	0	0	0	7	0	0	0	5	0	0	0	22	0	0	0	19	0	89	75	111	11	65	60	343	21	12	43	22	12	44	15	0	51	72	68	0	44	58	22	12	44	5	0	0	0	13	0	0	0	15	0	51	75	68	0	44	60	23	12	44	1	0	0	0	2	0	0	0	5	0	0	0	13	0	0	0	15	0	51	75	69	0	44	60	39	23	65	5	0	0	9	5	11	0	0	2	0	0	0	7	0	0	0	5	0	0	0	22	0	0	0	19	0	89	75	111	11	65	60
294	284	45	28	11	274	26	24	6	45	28	11	22	24	10	0	107	60	0	28	264	22	24	6	26	24	6	8	24	0	0	68	60	0	28	45	28	11	2	0	0	0	17	20	0	0	22	24	10	0	107	60	0	28	254	22	24	6	22	24	6	8	24	0	0	61	60	0	28	26	24	6	2	0	0	0	10	18	0	0	8	24	0	0	68	60	0	28	45	28	11	0	0	0	0	3	0	0	0	2	0	0	0	17	20	0	0	22	24	10	0	107	60	0	28	244	22	24	6	22	24	6	8	24	0	0	61	60	0	27	22	24	6	2	0	0	0	10	18	0	0	8	24	0	0	61	60	0	28	26	24	6	0	0	0	0	1	0	0	0	2	0	0	0	10	18	0	0	8	24	0	0	68	60	0	28	45	28	11	5	0	0	0	5	0	0	0	0	0	0	0	3	0	0	0	2	0	0	0	17	20	0	0	22	24	10	0	107	60	0	28
543	525	81	110	44	507	42	67	27	81	110	44	46	80	77	41	205	346	176	60	489	38	56	27	42	67	27	29	42	41	41	127	229	108	60	81	110	44	14	28	0	0	32	46	44	0	46	80	77	41	205	346	176	60	471	37	56	27	38	56	27	28	42	41	41	116	210	108	60	42	67	27	12	28	0	0	19	28	27	0	29	42	41	41	127	229	108	60	81	110	44	2	0	0	0	7	9	0	0	14	28	0	0	32	46	44	0	46	80	77	41	205	346	176	60	453	36	54	26	37	56	27	28	42	41	38	113	210	108	58	38	56	27	12	28	0	0	19	28	27	0	28	42	41	41	116	210	108	60	42	67	27	1	0	0	0	4	0	0	0	12	28	0	0	19	28	27	0	29	42	41	41	127	229	108	60	81	110	44	19	26	0	9	6	9	0	0	2	0	0	0	7	9	0	0	14	28	0	0	32	46	44	0	46	80	77	41	205	346	176	60
357	345	63	47	13	333	36	32	0	63	47	13	41	24	26	0	164	134	26	60	321	32	32	0	36	32	0	24	24	0	0	106	104	0	60	63	47	13	13	0	0	0	28	24	0	0	41	24	26	0	164	134	26	60	309	32	32	0	32	32	0	24	24	0	0	98	104	0	60	36	32	0	13	0	0	0	17	24	0	0	24	24	0	0	106	104	0	60	63	47	13	2	0	0	0	8	0	0	0	13	0	0	0	28	24	0	0	41	24	26	0	164	134	26	60	297	31	32	0	32	32	0	24	24	0	0	98	104	0	58	32	32	0	13	0	0	0	17	24	0	0	24	24	0	0	98	104	0	60	36	32	0	1	0	0	0	5	0	0	0	13	0	0	0	17	24	0	0	24	24	0	0	106	104	0	60	63	47	13	21	0	0	0	4	6	0	0	2	0	0	0	8	0	0	0	13	0	0	0	28	24	0	0	41	24	26	0	164	134	26	60
513	496	86	81	75	479	55	26	61	86	81	75	65	50	49	62	234	195	375	44	462	48	16	54	55	26	61	50	0	40	53	168	90	305	27	86	81	75	40	0	46	80	30	10	75	0	65	50	49	62	234	195	375	44	445	43	16	52	48	16	54	44	0	40	53	146	80	270	27	55	26	61	30	0	46	74	24	0	61	0	50	0	40	53	168	90	305	27	86	81	75	20	0	26	22	9	0	0	0	40	0	46	80	30	10	75	0	65	50	49	62	234	195	375	44	428	40	16	47	43	16	52	40	0	40	53	131	80	260	27	48	16	54	28	0	43	62	23	0	54	0	44	0	40	53	146	80	270	27	55	26	61	13	0	26	14	9	0	0	0	30	0	46	74	24	0	61	0	50	0	40	53	168	90	305	27	86	81	75	31	0	0	37	5	0	0	0	20	0	26	22	9	0	0	0	40	0	46	80	30	10	75	0	65	50	49	62	234	195	375	44
551	533	87	61	106	515	58	30	86	87	61	106	73	44	29	87	237	199	212	44	497	51	14	43	58	30	86	54	14	20	30	172	104	172	27	87	61	106	37	28	36	89	38	31	106	176	73	44	29	87	237	199	212	44	479	46	0	41	51	14	43	49	0	20	30	153	42	86	27	58	30	86	29	0	36	83	31	16	86	121	54	14	20	30	172	104	172	27	87	61	106	20	0	32	22	11	0	106	0	37	28	36	89	38	31	106	176	73	44	29	87	237	199	212	44	461	36	0	36	46	0	41	41	0	20	30	138	0	82	27	51	14	43	27	0	33	71	28	14	43	101	49	0	20	30	153	42	86	27	58	30	86	13	0	32	14	11	0	86	0	29	0	36	83	31	16	86	121	54	14	20	30	172	104	172	27	87	61	106	31	0	45	37	4	0	0	0	20	0	32	22	11	0	106	0	37	28	36	89	38	31	106	176	73	44	29	87	237	199	212	44
531	513	93	84	75	495	56	69	39	93	84	75	68	39	9	75	243	299	75	122	477	49	66	10	56	69	39	41	39	0	20	160	238	39	71	93	84	75	33	42	0	30	39	54	0	118	68	39	9	75	243	299	75	122	459	43	64	10	49	66	10	38	39	0	20	140	235	10	71	56	69	39	20	39	0	30	25	39	0	92	41	39	0	20	160	238	39	71	93	84	75	14	25	6	0	8	30	0	0	33	42	0	30	39	54	0	118	68	39	9	75	243	299	75	122	441	34	49	10	43	64	10	30	36	0	20	124	230	10	71	49	66	10	18	39	0	30	24	39	0	84	38	39	0	20	140	235	10	71	56	69	39	8	13	6	0	8	30	0	0	20	39	0	30	25	39	0	92	41	39	0	20	160	238	39	71	93	84	75	28	36	45	0	0	0	75	0	14	25	6	0	8	30	0	0	33	42	0	30	39	54	0	118	68	39	9	75	243	299	75	122
536	517	114	149	16	498	64	118	16	114	149	16	78	124	20	0	264	411	48	0	479	54	96	10	64	118	16	53	88	20	0	159	330	48	0	114	149	16	27	150	20	0	43	68	16	29	78	124	20	0	264	411	48	0	460	49	70	10	54	96	10	50	60	20	0	140	258	30	0	64	118	16	18	96	20	0	27	54	16	11	53	88	20	0	159	330	48	0	114	149	16	10	134	16	0	13	28	32	0	27	150	20	0	43	68	16	29	78	124	20	0	264	411	48	0	441	44	48	9	49	70	10	46	24	20	0	127	183	30	0	54	96	10	18	64	20	0	19	42	10	7	50	60	20	0	140	258	30	0	64	118	16	9	84	16	0	13	26	32	0	18	96	20	0	27	54	16	11	53	88	20	0	159	330	48	0	114	149	16	31	76	24	9	10	0	32	0	10	134	16	0	13	28	32	0	27	150	20	0	43	68	16	29	78	124	20	0	264	411	48	0
508	490	114	124	15	472	65	88	0	114	124	15	75	136	9	0	296	406	60	57	454	56	80	0	65	88	0	43	120	0	0	181	314	0	27	114	124	15	31	80	0	0	45	60	0	0	75	136	9	0	296	406	60	57	436	52	80	0	56	80	0	40	120	0	0	160	290	0	27	65	88	0	22	80	0	0	28	50	0	0	43	120	0	0	181	314	0	27	114	124	15	20	0	0	0	17	16	0	0	31	80	0	0	45	60	0	0	75	136	9	0	296	406	60	57	418	49	64	0	52	80	0	36	120	0	0	148	290	0	27	56	80	0	20	80	0	0	27	50	0	0	40	120	0	0	160	290	0	27	65	88	0	13	0	0	0	12	14	0	0	22	80	0	0	28	50	0	0	43	120	0	0	181	314	0	27	114	124	15	21	96	0	0	10	0	0	0	20	0	0	0	17	16	0	0	31	80	0	0	45	60	0	0	75	136	9	0	296	406	60	57
496	479	84	75	72	462	54	27	20	84	75	72	61	44	67	40	216	225	288	287	445	49	16	20	54	27	20	53	0	30	40	154	81	80	202	84	75	72	29	0	39	0	26	15	72	0	61	44	67	40	216	225	288	287	428	46	16	20	49	16	20	49	0	30	40	141	48	80	117	54	27	20	27	0	10	0	22	11	20	0	53	0	30	40	154	81	80	202	84	75	72	13	0	24	0	9	0	0	0	29	0	39	0	26	15	72	0	61	44	67	40	216	225	288	287	411	37	16	20	46	16	20	42	0	30	40	131	48	80	113	49	16	20	23	0	10	0	16	0	20	0	49	0	30	40	141	48	80	117	54	27	20	11	0	0	0	9	0	0	0	27	0	10	0	22	11	20	0	53	0	30	40	154	81	80	202	84	75	72	4	0	72	0	5	0	0	0	13	0	24	0	9	0	0	0	29	0	39	0	26	15	72	0	61	44	67	40	216	225	288	287
374	361	52	33	54	348	30	22	34	52	33	54	35	11	82	40	140	46	54	90	335	28	22	34	30	22	34	29	11	65	40	91	33	34	61	52	33	54	15	0	13	0	12	0	0	0	35	11	82	40	140	46	54	90	322	28	22	34	28	22	34	29	11	65	40	85	33	34	54	30	22	34	15	0	10	0	12	0	0	0	29	11	65	40	91	33	34	61	52	33	54	4	0	0	0	5	0	0	0	15	0	13	0	12	0	0	0	35	11	82	40	140	46	54	90	309	24	22	34	28	22	34	29	11	65	40	85	33	34	52	28	22	34	15	0	10	0	10	0	0	0	29	11	65	40	85	33	34	54	30	22	34	4	0	0	0	5	0	0	0	15	0	10	0	12	0	0	0	29	11	65	40	91	33	34	61	52	33	54	0	0	24	0	4	0	0	0	4	0	0	0	5	0	0	0	15	0	13	0	12	0	0	0	35	11	82	40	140	46	54	90
305	294	46	38	17	283	24	24	7	46	38	17	26	16	31	0	113	77	34	75	272	23	24	7	24	24	7	22	16	21	0	65	56	14	61	46	38	17	8	0	0	0	6	0	0	0	26	16	31	0	113	77	34	75	261	23	24	7	23	24	7	22	16	21	0	62	56	14	54	24	24	7	8	0	0	0	6	0	0	0	22	16	21	0	65	56	14	61	46	38	17	4	0	0	0	4	0	0	0	8	0	0	0	6	0	0	0	26	16	31	0	113	77	34	75	250	23	24	7	23	24	7	22	16	21	0	62	56	14	52	23	24	7	8	0	0	0	5	0	0	0	22	16	21	0	62	56	14	54	24	24	7	4	0	0	0	4	0	0	0	8	0	0	0	6	0	0	0	22	16	21	0	65	56	14	61	46	38	17	0	0	0	0	5	0	0	0	4	0	0	0	4	0	0	0	8	0	0	0	6	0	0	0	26	16	31	0	113	77	34	75
361	348	65	49	35	335	41	37	9	65	49	35	43	38	16	36	172	129	35	106	322	38	36	0	41	37	9	37	36	0	0	121	111	9	77	65	49	35	26	9	12	0	18	0	0	44	43	38	16	36	172	129	35	106	309	36	36	0	38	36	0	33	36	0	0	112	108	0	64	41	37	9	24	9	0	0	18	0	0	27	37	36	0	0	121	111	9	77	65	49	35	12	0	12	0	7	0	0	0	26	9	12	0	18	0	0	44	43	38	16	36	172	129	35	106	296	28	36	0	36	36	0	29	36	0	0	106	108	0	62	38	36	0	20	9	0	0	15	0	0	27	33	36	0	0	112	108	0	64	41	37	9	10	0	0	0	7	0	0	0	24	9	0	0	18	0	0	27	37	36	0	0	121	111	9	77	65	49	35	4	0	62	0	6	0	0	0	12	0	12	0	7	0	0	0	26	9	12	0	18	0	0	44	43	38	16	36	172	129	35	106
483	465	96	117	36	447	56	90	0	96	117	36	73	124	30	0	230	333	72	212	429	47	84	0	56	90	0	50	114	0	0	159	260	0	163	96	117	36	45	68	26	0	18	50	0	0	73	124	30	0	230	333	72	212	411	41	80	0	47	84	0	38	110	0	0	128	242	0	107	56	90	0	33	60	0	0	16	50	0	0	50	114	0	0	159	260	0	163	96	117	36	19	40	12	0	4	40	0	0	45	68	26	0	18	50	0	0	73	124	30	0	230	333	72	212	393	31	80	0	41	80	0	26	110	0	0	110	230	0	103	47	84	0	17	60	0	0	12	50	0	0	38	110	0	0	128	242	0	107	56	90	0	9	40	0	0	4	40	0	0	33	60	0	0	16	50	0	0	50	114	0	0	159	260	0	163	96	117	36	7	0	36	0	7	40	0	0	19	40	12	0	4	40	0	0	45	68	26	0	18	50	0	0	73	124	30	0	230	333	72	212
518	500	47	56	121	482	18	0	103	47	56	121	18	0	102	75	94	126	484	72	464	16	0	84	18	0	103	12	0	87	41	38	0	412	20	47	56	121	1	0	0	62	12	28	0	106	18	0	102	75	94	126	484	72	446	16	0	84	16	0	84	12	0	68	41	36	0	336	20	18	0	103	1	0	0	62	4	0	0	86	12	0	87	41	38	0	412	20	47	56	121	0	0	0	0	0	0	0	0	1	0	0	62	12	28	0	106	18	0	102	75	94	126	484	72	428	16	0	81	16	0	84	12	0	68	41	36	0	336	20	16	0	84	1	0	0	56	0	0	0	43	12	0	68	41	36	0	336	20	18	0	103	0	0	0	0	0	0	0	0	1	0	0	62	4	0	0	86	12	0	87	41	38	0	412	20	47	56	121	0	0	0	39	1	0	0	0	0	0	0	0	0	0	0	0	1	0	0	62	12	28	0	106	18	0	102	75	94	126	484	72
485	468	51	31	117	451	30	16	62	51	31	117	30	0	26	119	124	63	117	214	434	30	16	48	30	16	62	30	0	13	61	77	48	62	70	51	31	117	8	0	0	40	12	0	0	75	30	0	26	119	124	63	117	214	417	30	16	48	30	16	48	30	0	10	61	77	48	48	61	30	16	62	8	0	0	40	5	0	0	61	30	0	13	61	77	48	62	70	51	31	117	4	0	0	0	4	0	0	0	8	0	0	40	12	0	0	75	30	0	26	119	124	63	117	214	400	30	16	48	30	16	48	30	0	10	61	77	48	48	61	30	16	48	8	0	0	40	5	0	0	54	30	0	10	61	77	48	48	61	30	16	62	4	0	0	0	4	0	0	0	8	0	0	40	5	0	0	61	30	0	13	61	77	48	62	70	51	31	117	0	0	0	0	5	0	0	0	4	0	0	0	4	0	0	0	8	0	0	40	12	0	0	75	30	0	26	119	124	63	117	214
369	355	40	66	26	341	12	46	7	40	66	26	8	57	11	14	88	120	52	89	327	12	45	7	12	46	7	8	54	0	14	30	91	14	27	40	66	26	0	9	0	0	6	0	0	0	8	57	11	14	88	120	52	89	313	12	45	7	12	45	7	8	54	0	14	30	90	14	27	12	46	7	0	9	0	0	0	0	0	0	8	54	0	14	30	91	14	27	40	66	26	0	0	0	0	0	0	0	0	0	9	0	0	6	0	0	0	8	57	11	14	88	120	52	89	299	12	45	7	12	45	7	8	54	0	14	30	90	14	27	12	45	7	0	9	0	0	0	0	0	0	8	54	0	14	30	90	14	27	12	46	7	0	0	0	0	0	0	0	0	0	9	0	0	0	0	0	0	8	54	0	14	30	91	14	27	40	66	26	0	0	0	0	2	0	0	0	0	0	0	0	0	0	0	0	0	9	0	0	6	0	0	0	8	57	11	14	88	120	52	89
257	248	36	20	8	239	14	0	8	36	20	8	15	0	8	0	67	45	32	0	230	13	0	8	14	0	8	12	0	8	0	30	0	32	0	36	20	8	1	0	0	0	6	5	0	0	15	0	8	0	67	45	32	0	221	13	0	8	13	0	8	12	0	8	0	29	0	32	0	14	0	8	1	0	0	0	2	0	0	0	12	0	8	0	30	0	32	0	36	20	8	0	0	0	0	0	0	0	0	1	0	0	0	6	5	0	0	15	0	8	0	67	45	32	0	212	13	0	8	13	0	8	12	0	8	0	29	0	32	0	13	0	8	1	0	0	0	0	0	0	0	12	0	8	0	29	0	32	0	14	0	8	0	0	0	0	0	0	0	0	1	0	0	0	2	0	0	0	12	0	8	0	30	0	32	0	36	20	8	0	0	0	0	1	0	0	0	0	0	0	0	0	0	0	0	1	0	0	0	6	5	0	0	15	0	8	0	67	45	32	0
451	434	75	101	28	417	36	60	6	75	101	28	39	72	29	18	157	252	140	108	400	32	60	0	36	60	6	29	72	12	0	92	156	30	20	75	101	28	17	0	18	0	18	14	0	16	39	72	29	18	157	252	140	108	383	30	60	0	32	60	0	25	72	0	0	84	156	0	20	36	60	6	13	0	12	0	12	0	0	16	29	72	12	0	92	156	30	20	75	101	28	18	0	18	0	7	0	0	0	17	0	18	0	18	14	0	16	39	72	29	18	157	252	140	108	366	29	60	0	30	60	0	25	72	0	0	81	156	0	20	32	60	0	13	0	0	0	8	0	0	10	25	72	0	0	84	156	0	20	36	60	6	14	0	12	0	7	0	0	0	13	0	12	0	12	0	0	16	29	72	12	0	92	156	30	20	75	101	28	4	0	0	0	4	12	0	0	18	0	18	0	7	0	0	0	17	0	18	0	18	14	0	16	39	72	29	18	157	252	140	108
527	508	45	63	138	489	24	15	102	45	63	138	21	45	80	129	82	63	414	157	470	19	0	84	24	15	102	12	0	78	76	47	15	306	117	45	63	138	4	0	20	72	13	36	138	72	21	45	80	129	82	63	414	157	451	19	0	56	19	0	84	12	0	72	48	40	0	252	92	24	15	102	4	0	18	20	8	30	102	20	12	0	78	76	47	15	306	117	45	63	138	10	0	0	80	6	0	0	122	4	0	20	72	13	36	138	72	21	45	80	129	82	63	414	157	432	17	0	56	19	0	56	12	0	48	48	40	0	168	92	19	0	84	0	0	12	20	0	0	84	20	12	0	72	48	40	0	252	92	24	15	102	6	0	0	80	4	0	0	102	4	0	18	20	8	30	102	20	12	0	78	76	47	15	306	117	45	63	138	8	0	20	0	5	0	0	0	10	0	0	80	6	0	0	122	4	0	20	72	13	36	138	72	21	45	80	129	82	63	414	157
446	430	32	28	97	414	17	0	60	32	28	97	18	0	24	38	51	42	194	183	398	15	0	60	17	0	60	12	0	24	38	34	0	120	124	32	28	97	1	0	0	0	9	0	0	0	18	0	24	38	51	42	194	183	382	15	0	60	15	0	60	12	0	24	38	32	0	120	99	17	0	60	1	0	0	0	4	0	0	0	12	0	24	38	34	0	120	124	32	28	97	0	0	0	0	0	0	0	0	1	0	0	0	9	0	0	0	18	0	24	38	51	42	194	183	366	15	0	60	15	0	60	12	0	24	38	32	0	120	99	15	0	60	1	0	0	0	0	0	0	0	12	0	24	38	32	0	120	99	17	0	60	0	0	0	0	0	0	0	0	1	0	0	0	4	0	0	0	12	0	24	38	34	0	120	124	32	28	97	0	0	0	0	1	0	0	0	0	0	0	0	0	0	0	0	1	0	0	0	9	0	0	0	18	0	24	38	51	42	194	183
298	287	25	31	23	276	11	10	11	25	31	23	12	0	0	0	36	41	69	36	265	9	10	11	11	10	11	6	0	0	0	22	20	33	14	25	31	23	0	0	0	0	9	0	0	0	12	0	0	0	36	41	69	36	254	9	10	11	9	10	11	6	0	0	0	20	20	33	8	11	10	11	0	0	0	0	4	0	0	0	6	0	0	0	22	20	33	14	25	31	23	0	0	0	0	0	0	0	0	0	0	0	0	9	0	0	0	12	0	0	0	36	41	69	36	243	9	10	11	9	10	11	6	0	0	0	20	20	33	8	9	10	11	0	0	0	0	0	0	0	0	6	0	0	0	20	20	33	8	11	10	11	0	0	0	0	0	0	0	0	0	0	0	0	4	0	0	0	6	0	0	0	22	20	33	14	25	31	23	0	0	0	0	1	0	0	0	0	0	0	0	0	0	0	0	0	0	0	0	9	0	0	0	12	0	0	0	36	41	69	36
366	352	41	64	31	338	20	40	9	41	64	31	21	21	20	9	64	97	93	149	324	15	33	6	20	40	9	12	0	18	6	38	73	27	109	41	64	31	4	0	20	18	13	20	31	0	21	21	20	9	64	97	93	149	310	15	33	0	15	33	6	12	0	12	0	31	66	18	84	20	40	9	4	0	18	0	8	14	9	0	12	0	18	6	38	73	27	109	41	64	31	10	0	0	0	5	0	0	16	4	0	20	18	13	20	31	0	21	21	20	9	64	97	93	149	296	13	33	0	15	33	0	12	0	0	0	31	66	0	84	15	33	6	0	0	12	0	0	0	6	0	12	0	12	0	31	66	18	84	20	40	9	6	0	0	0	4	0	0	16	4	0	18	0	8	14	9	0	12	0	18	6	38	73	27	109	41	64	31	8	0	20	0	5	0	0	0	10	0	0	0	5	0	0	16	4	0	20	18	13	20	31	0	21	21	20	9	64	97	93	149
300	289	30	19	48	278	17	10	0	30	19	48	18	0	0	0	49	19	48	300	267	15	10	0	17	10	0	12	0	0	0	36	10	0	186	30	19	48	1	0	0	0	6	0	0	0	18	0	0	0	49	19	48	300	256	15	10	0	15	10	0	12	0	0	0	34	10	0	147	17	10	0	1	0	0	0	4	0	0	0	12	0	0	0	36	10	0	186	30	19	48	0	0	0	0	0	0	0	0	1	0	0	0	6	0	0	0	18	0	0	0	49	19	48	300	245	15	10	0	15	10	0	12	0	0	0	34	10	0	147	15	10	0	1	0	0	0	0	0	0	0	12	0	0	0	34	10	0	147	17	10	0	0	0	0	0	0	0	0	0	1	0	0	0	4	0	0	0	12	0	0	0	36	10	0	186	30	19	48	0	0	0	0	1	0	0	0	0	0	0	0	0	0	0	0	1	0	0	0	6	0	0	0	18	0	0	0	49	19	48	300
350	337	22	12	85	324	13	0	30	22	12	85	8	0	22	33	40	12	85	337	311	11	0	30	13	0	30	6	0	0	33	19	0	30	182	22	12	85	4	0	0	0	15	24	0	0	8	0	22	33	40	12	85	337	298	10	0	30	11	0	30	6	0	0	33	16	0	30	161	13	0	30	0	0	0	0	3	0	0	0	6	0	0	33	19	0	30	182	22	12	85	4	0	0	0	4	0	0	0	4	0	0	0	15	24	0	0	8	0	22	33	40	12	85	337	285	10	0	27	10	0	30	6	0	0	30	15	0	30	127	11	0	30	0	0	0	0	0	0	0	0	6	0	0	33	16	0	30	161	13	0	30	4	0	0	0	4	0	0	0	0	0	0	0	3	0	0	0	6	0	0	33	19	0	30	182	22	12	85	8	0	0	18	4	0	0	0	4	0	0	0	4	0	0	0	4	0	0	0	15	24	0	0	8	0	22	33	40	12	85	337
376	362	35	24	88	348	21	0	40	35	24	88	14	0	64	53	67	36	176	289	334	18	0	39	21	0	40	10	0	38	51	33	0	80	182	35	24	88	8	0	0	9	24	36	0	0	14	0	64	53	67	36	176	289	320	15	0	36	18	0	39	10	0	36	45	29	0	78	161	21	0	40	0	0	0	6	6	0	0	0	10	0	38	51	33	0	80	182	35	24	88	6	0	24	18	6	0	0	0	8	0	0	9	24	36	0	0	14	0	64	53	67	36	176	289	306	15	0	25	15	0	36	10	0	30	30	22	0	72	127	18	0	39	0	0	0	0	3	0	0	0	10	0	36	45	29	0	78	161	21	0	40	6	0	20	0	6	0	0	0	0	0	0	6	6	0	0	0	10	0	38	51	33	0	80	182	35	24	88	12	0	0	32	4	0	0	16	6	0	24	18	6	0	0	0	8	0	0	9	24	36	0	0	14	0	64	53	67	36	176	289
162	156	10	0	19	150	1	0	18	10	0	19	0	0	18	9	20	0	0	0	144	1	0	18	1	0	18	0	0	18	9	1	0	0	0	10	0	19	4	0	0	0	13	0	0	0	0	0	18	9	20	0	0	0	138	0	0	18	1	0	18	0	0	18	9	1	0	0	0	1	0	18	0	0	0	0	0	0	0	0	0	0	18	9	1	0	0	0	10	0	19	0	0	0	0	1	0	0	0	4	0	0	0	13	0	0	0	0	0	18	9	20	0	0	0	132	0	0	13	0	0	18	0	0	18	6	0	0	0	0	1	0	18	0	0	0	0	0	0	0	0	0	0	18	9	1	0	0	0	1	0	18	0	0	0	0	1	0	0	0	0	0	0	0	0	0	0	0	0	0	18	9	1	0	0	0	10	0	19	0	0	0	32	0	0	0	0	0	0	0	0	1	0	0	0	4	0	0	0	13	0	0	0	0	0	18	9	20	0	0	0
344	331	46	44	44	318	24	12	41	46	44	44	22	0	81	29	98	100	176	0	305	19	8	40	24	12	41	10	0	77	27	42	12	164	0	46	44	44	8	32	0	9	26	40	0	0	22	0	81	29	98	100	176	0	292	15	0	36	19	8	40	10	0	75	21	36	8	160	0	24	12	41	0	0	0	6	8	0	0	0	10	0	77	27	42	12	164	0	46	44	44	6	0	37	30	8	12	44	0	8	32	0	9	26	40	0	0	22	0	81	29	98	100	176	0	279	15	0	13	15	0	36	10	0	66	6	26	0	144	0	19	8	40	0	0	0	0	5	0	0	0	10	0	75	21	36	8	160	0	24	12	41	6	0	33	0	8	12	41	0	0	0	0	6	8	0	0	0	10	0	77	27	42	12	164	0	46	44	44	12	0	0	32	4	0	0	91	6	0	37	30	8	12	44	0	8	32	0	9	26	40	0	0	22	0	81	29	98	100	176	0
189	182	14	0	29	175	5	0	0	14	0	29	0	0	22	0	26	0	0	192	168	5	0	0	5	0	0	0	0	0	0	9	0	0	122	14	0	29	4	0	0	0	14	0	0	0	0	0	22	0	26	0	0	192	161	4	0	0	5	0	0	0	0	0	0	9	0	0	101	5	0	0	0	0	0	0	0	0	0	0	0	0	0	0	9	0	0	122	14	0	29	0	0	0	0	1	0	0	0	4	0	0	0	14	0	0	0	0	0	22	0	26	0	0	192	154	4	0	0	4	0	0	0	0	0	0	8	0	0	67	5	0	0	0	0	0	0	0	0	0	0	0	0	0	0	9	0	0	101	5	0	0	0	0	0	0	1	0	0	0	0	0	0	0	0	0	0	0	0	0	0	0	9	0	0	122	14	0	29	0	0	0	0	0	0	0	0	0	0	0	0	1	0	0	0	4	0	0	0	14	0	0	0	0	0	22	0	26	0	0	192
409	392	49	95	86	375	30	78	43	49	95	86	32	90	0	117	110	149	86	217	358	22	60	19	30	78	43	21	72	0	47	71	99	43	111	49	95	86	21	0	36	20	17	30	172	169	32	90	0	117	110	149	86	217	341	19	56	18	22	60	19	15	72	0	45	50	72	19	109	30	78	43	16	0	24	18	9	27	86	111	21	72	0	47	71	99	43	111	49	95	86	13	40	0	9	10	30	0	0	21	0	36	20	17	30	172	169	32	90	0	117	110	149	86	217	324	15	48	15	19	56	18	7	60	0	39	41	62	18	102	22	60	19	4	0	20	12	9	0	38	90	15	72	0	45	50	72	19	109	30	78	43	5	36	0	6	6	27	0	0	16	0	24	18	9	27	86	111	21	72	0	47	71	99	43	111	49	95	86	7	78	0	18	6	40	0	0	13	40	0	9	10	30	0	0	21	0	36	20	17	30	172	169	32	90	0	117	110	149	86	217
333	320	61	39	52	307	35	9	40	61	39	52	34	27	28	40	142	93	156	44	294	25	0	40	35	9	40	13	0	28	40	74	9	120	41	61	39	52	1	0	42	0	27	9	52	0	34	27	28	40	142	93	156	44	281	24	0	40	25	0	40	13	0	28	40	56	0	120	40	35	9	40	0	0	33	0	13	0	40	0	13	0	28	40	74	9	120	41	61	39	52	4	0	0	0	14	12	0	0	1	0	42	0	27	9	52	0	34	27	28	40	142	93	156	44	268	24	0	35	24	0	40	13	0	28	39	53	0	120	36	25	0	40	0	0	33	0	10	0	40	0	13	0	28	40	56	0	120	40	35	9	40	4	0	0	0	9	9	0	0	0	0	33	0	13	0	40	0	13	0	28	40	74	9	120	41	61	39	52	14	0	0	36	9	0	0	0	4	0	0	0	14	12	0	0	1	0	42	0	27	9	52	0	34	27	28	40	142	93	156	44
485	465	75	129	72	445	36	74	63	75	129	72	32	50	66	13	166	297	360	44	425	24	64	63	36	74	63	7	0	66	13	75	202	315	41	75	129	72	1	0	56	0	27	52	72	0	32	50	66	13	166	297	360	44	405	23	64	63	24	64	63	7	0	66	13	51	192	315	40	36	74	63	0	0	47	0	13	32	63	0	7	0	66	13	75	202	315	41	75	129	72	0	0	0	0	13	15	0	0	1	0	56	0	27	52	72	0	32	50	66	13	166	297	360	44	385	23	64	57	23	64	63	7	0	66	12	48	192	315	36	24	64	63	0	0	47	0	13	32	63	0	7	0	66	13	51	192	315	40	36	74	63	0	0	0	0	6	10	0	0	0	0	47	0	13	32	63	0	7	0	66	13	75	202	315	41	75	129	72	10	0	0	49	9	0	0	0	0	0	0	0	13	15	0	0	1	0	56	0	27	52	72	0	32	50	66	13	166	297	360	44
376	361	57	67	64	346	26	22	63	57	67	64	19	40	66	13	126	165	320	0	331	18	14	63	26	22	63	3	0	66	13	63	68	315	0	57	67	64	0	0	48	0	21	16	64	0	19	40	66	13	126	165	320	0	316	18	14	63	18	14	63	3	0	66	13	49	28	315	0	26	22	63	0	0	47	0	8	0	63	0	3	0	66	13	63	68	315	0	57	67	64	0	0	0	0	10	0	0	0	0	0	48	0	21	16	64	0	19	40	66	13	126	165	320	0	301	18	14	57	18	14	63	3	0	66	12	49	28	315	0	18	14	63	0	0	47	0	8	0	63	0	3	0	66	13	49	28	315	0	26	22	63	0	0	0	0	5	0	0	0	0	0	47	0	8	0	63	0	3	0	66	13	63	68	315	0	57	67	64	5	0	0	49	7	0	0	0	0	0	0	0	10	0	0	0	0	0	48	0	21	16	64	0	19	40	66	13	126	165	320	0
355	340	63	77	44	325	38	57	22	63	77	44	41	54	20	24	160	127	88	132	310	25	50	20	38	57	22	21	40	20	20	88	57	44	81	63	77	44	3	0	56	20	24	37	44	0	41	54	20	24	160	127	88	132	295	24	50	19	25	50	20	21	40	20	18	58	50	40	79	38	57	22	2	0	44	18	13	30	22	0	21	40	20	20	88	57	44	81	63	77	44	9	0	0	9	20	9	0	0	3	0	56	20	24	37	44	0	41	54	20	24	160	127	88	132	280	24	46	12	24	50	19	21	40	20	12	55	50	38	72	25	50	20	2	0	40	12	10	30	20	0	21	40	20	18	58	50	40	79	38	57	22	9	0	0	6	14	7	0	0	2	0	44	18	13	30	22	0	21	40	20	20	88	57	44	81	63	77	44	23	36	0	42	11	0	0	0	9	0	0	9	20	9	0	0	3	0	56	20	24	37	44	0	41	54	20	24	160	127	88	132
294	282	25	11	89	270	16	11	62	25	11	89	3	0	34	88	61	22	0	136	258	14	11	62	16	11	62	0	0	14	88	35	22	0	126	25	11	89	0	0	0	0	8	0	0	0	3	0	34	88	61	22	0	136	246	14	11	62	14	11	62	0	0	14	88	35	22	0	126	16	11	62	0	0	0	0	6	0	0	0	0	0	14	88	35	22	0	126	25	11	89	0	0	0	0	2	0	0	0	0	0	0	0	8	0	0	0	3	0	34	88	61	22	0	136	234	14	11	62	14	11	62	0	0	14	88	35	22	0	126	14	11	62	0	0	0	0	6	0	0	0	0	0	14	88	35	22	0	126	16	11	62	0	0	0	0	0	0	0	0	0	0	0	0	6	0	0	0	0	0	14	88	35	22	0	126	25	11	89	5	0	0	0	2	0	0	0	0	0	0	0	2	0	0	0	0	0	0	0	8	0	0	0	3	0	34	88	61	22	0	136
230	220	37	27	26	210	24	27	6	37	27	26	13	0	18	12	83	49	0	136	200	22	21	6	24	27	6	7	0	0	12	53	49	0	126	37	27	26	4	0	0	0	12	7	26	0	13	0	18	12	83	49	0	136	190	22	21	6	22	21	6	7	0	0	12	50	49	0	126	24	27	6	4	0	0	0	10	7	6	0	7	0	0	12	53	49	0	126	37	27	26	2	0	0	0	3	0	0	0	4	0	0	0	12	7	26	0	13	0	18	12	83	49	0	136	180	21	18	6	22	21	6	7	0	0	12	50	49	0	126	22	21	6	4	0	0	0	10	7	6	0	7	0	0	12	50	49	0	126	24	27	6	2	0	0	0	1	0	0	0	4	0	0	0	10	7	6	0	7	0	0	12	53	49	0	126	37	27	26	2	18	0	0	1	6	0	0	2	0	0	0	3	0	0	0	4	0	0	0	12	7	26	0	13	0	18	12	83	49	0	136
358	343	66	65	48	328	40	35	10	66	65	48	32	27	62	40	150	146	144	232	313	37	26	10	40	35	10	26	0	20	40	100	65	30	188	66	65	48	8	0	0	0	23	22	48	0	32	27	62	40	150	146	144	232	298	36	26	10	37	26	10	26	0	20	40	93	65	30	186	40	35	10	7	0	0	0	16	13	10	0	26	0	20	40	100	65	30	188	66	65	48	5	0	0	0	11	9	0	0	8	0	0	0	23	22	48	0	32	27	62	40	150	146	144	232	283	35	24	10	36	26	10	26	0	20	40	90	65	30	185	37	26	10	7	0	0	0	16	13	10	0	26	0	20	40	93	65	30	186	40	35	10	5	0	0	0	3	0	0	0	7	0	0	0	16	13	10	0	26	0	20	40	100	65	30	188	66	65	48	19	24	0	0	8	12	0	0	5	0	0	0	11	9	0	0	8	0	0	0	23	22	48	0	32	27	62	40	150	146	144	232
395	378	94	95	57	361	52	52	10	94	95	57	68	39	80	40	206	322	285	318	344	43	52	10	52	52	10	39	39	20	40	126	182	50	231	94	95	57	33	0	0	0	27	74	0	0	68	39	80	40	206	322	285	318	327	38	52	10	43	52	10	31	39	20	40	99	182	50	205	52	52	10	19	0	0	0	18	26	0	0	39	39	20	40	126	182	50	231	94	95	57	18	0	0	0	12	48	0	0	33	0	0	0	27	74	0	0	68	39	80	40	206	322	285	318	310	32	52	10	38	52	10	23	39	20	40	82	182	50	203	43	52	10	7	0	0	0	18	26	0	0	31	39	20	40	99	182	50	205	52	52	10	6	0	0	0	2	13	0	0	19	0	0	0	18	26	0	0	39	39	20	40	126	182	50	231	94	95	57	28	0	18	0	18	32	0	0	18	0	0	0	12	48	0	0	33	0	0	0	27	74	0	0	68	39	80	40	206	322	285	318
256	245	53	31	27	234	30	24	0	53	31	27	28	0	27	0	126	93	27	188	223	25	24	0	30	24	0	15	0	0	0	74	72	0	166	53	31	27	3	0	0	0	17	23	0	0	28	0	27	0	126	93	27	188	212	25	24	0	25	24	0	15	0	0	0	66	72	0	166	30	24	0	3	0	0	0	10	16	0	0	15	0	0	0	74	72	0	166	53	31	27	3	0	0	0	10	0	0	0	3	0	0	0	17	23	0	0	28	0	27	0	126	93	27	188	201	25	24	0	25	24	0	15	0	0	0	66	72	0	166	25	24	0	3	0	0	0	10	16	0	0	15	0	0	0	66	72	0	166	30	24	0	3	0	0	0	2	0	0	0	3	0	0	0	10	16	0	0	15	0	0	0	74	72	0	166	53	31	27	18	0	0	0	11	0	0	0	3	0	0	0	10	0	0	0	3	0	0	0	17	23	0	0	28	0	27	0	126	93	27	188
427	409	77	65	114	391	55	0	89	77	65	114	75	0	47	84	188	78	570	105	373	47	0	73	55	0	89	52	0	38	34	158	0	445	20	77	65	114	43	0	19	96	16	0	0	64	75	0	47	84	188	78	570	105	355	41	0	71	47	0	73	43	0	38	34	129	0	365	20	55	0	89	31	0	19	92	16	0	0	63	52	0	38	34	158	0	445	20	77	65	114	20	0	26	24	9	0	0	0	43	0	19	96	16	0	0	64	75	0	47	84	188	78	570	105	337	36	0	69	41	0	71	35	0	38	34	111	0	355	20	47	0	73	19	0	19	88	16	0	0	63	43	0	38	34	129	0	365	20	55	0	89	12	0	26	20	9	0	0	0	31	0	19	92	16	0	0	63	52	0	38	34	158	0	445	20	77	65	114	19	0	0	20	11	13	0	0	20	0	26	24	9	0	0	0	43	0	19	96	16	0	0	64	75	0	47	84	188	78	570	105
404	387	77	31	134	370	55	16	104	77	31	134	76	0	29	128	170	63	134	105	353	48	15	56	55	16	104	55	0	20	20	147	48	104	20	77	31	134	38	15	10	142	17	0	0	254	76	0	29	128	170	63	134	105	336	41	0	45	48	15	56	46	0	20	20	121	45	56	20	55	16	104	27	0	10	103	17	0	0	168	55	0	20	20	147	48	104	20	77	31	134	18	0	46	37	8	0	134	44	38	15	10	142	17	0	0	254	76	0	29	128	170	63	134	105	319	30	0	43	41	0	45	32	0	20	20	101	0	45	20	48	15	56	15	0	10	99	17	0	0	142	46	0	20	20	121	45	56	20	55	16	104	10	0	44	33	8	0	104	41	27	0	10	103	17	0	0	168	55	0	20	20	147	48	104	20	77	31	134	19	0	66	20	11	0	0	0	18	0	46	37	8	0	134	44	38	15	10	142	17	0	0	254	76	0	29	128	170	63	134	105
435	415	115	158	28	395	67	124	19	115	158	28	91	192	20	9	268	410	56	57	375	59	83	10	67	124	19	71	114	20	0	187	353	38	10	115	158	28	31	192	10	0	25	56	84	86	91	192	20	9	268	410	56	57	355	53	58	10	59	83	10	68	56	20	0	158	229	20	10	67	124	19	19	132	10	0	17	48	57	43	71	114	20	0	187	353	38	10	115	158	28	20	98	30	0	14	18	56	0	31	192	10	0	25	56	84	86	91	192	20	9	268	410	56	57	335	48	27	10	53	58	10	62	0	20	0	139	166	20	10	59	83	10	19	36	10	0	17	36	30	19	68	56	20	0	158	229	20	10	67	124	19	16	36	28	0	14	18	38	0	19	132	10	0	17	48	57	43	71	114	20	0	187	353	38	10	115	158	28	29	27	30	0	13	16	112	0	20	98	30	0	14	18	56	0	31	192	10	0	25	56	84	86	91	192	20	9	268	410	56	57
355	339	86	94	18	323	53	51	10	86	94	18	68	96	20	0	210	209	90	57	307	48	34	10	53	51	10	57	26	20	0	159	131	50	10	86	94	18	40	30	10	0	15	0	36	0	68	96	20	0	210	209	90	57	291	44	28	10	48	34	10	50	14	20	0	140	74	50	10	53	51	10	33	0	10	0	15	0	20	0	57	26	20	0	159	131	50	10	86	94	18	28	0	10	0	10	0	18	0	40	30	10	0	15	0	36	0	68	96	20	0	210	209	90	57	275	38	28	10	44	28	10	42	14	20	0	128	56	50	10	48	34	10	21	0	10	0	15	0	20	0	50	14	20	0	140	74	50	10	53	51	10	16	0	10	0	10	0	10	0	33	0	10	0	15	0	20	0	57	26	20	0	159	131	50	10	86	94	18	17	0	0	0	9	17	0	0	28	0	10	0	10	0	18	0	40	30	10	0	15	0	36	0	68	96	20	0	210	209	90	57
387	369	108	123	24	351	67	87	0	108	123	24	82	162	9	0	262	334	72	132	333	60	77	0	67	87	0	59	132	0	0	184	279	0	20	108	123	24	51	33	0	0	36	22	24	0	82	162	9	0	262	334	72	132	315	55	74	0	60	77	0	51	132	0	0	161	242	0	20	67	87	0	37	33	0	0	29	22	0	0	59	132	0	0	184	279	0	20	108	123	24	26	30	0	0	12	14	0	0	51	33	0	0	36	22	24	0	82	162	9	0	262	334	72	132	297	49	62	0	55	74	0	43	123	0	0	144	232	0	20	60	77	0	25	33	0	0	29	22	0	0	51	132	0	0	161	242	0	20	67	87	0	14	21	0	0	10	11	0	0	37	33	0	0	29	22	0	0	59	132	0	0	184	279	0	20	108	123	24	16	93	0	0	21	17	0	0	26	30	0	0	12	14	0	0	51	33	0	0	36	22	24	0	82	162	9	0	262	334	72	132
262	250	47	20	61	238	32	20	30	47	20	61	37	0	54	49	129	30	0	156	226	30	20	30	32	20	30	34	0	30	49	90	30	0	99	47	20	61	15	0	20	0	9	0	0	0	37	0	54	49	129	30	0	156	214	30	20	30	30	20	30	34	0	30	49	84	30	0	83	32	20	30	15	0	10	0	9	0	0	0	34	0	30	49	90	30	0	99	47	20	61	9	0	0	0	7	0	0	0	15	0	20	0	9	0	0	0	37	0	54	49	129	30	0	156	202	26	20	30	30	20	30	34	0	30	49	84	30	0	81	30	20	30	15	0	10	0	9	0	0	0	34	0	30	49	84	30	0	83	32	20	30	6	0	0	0	7	0	0	0	15	0	10	0	9	0	0	0	34	0	30	49	90	30	0	99	47	20	61	5	0	21	0	6	0	0	0	9	0	0	0	7	0	0	0	15	0	20	0	9	0	0	0	37	0	54	49	129	30	0	156
334	319	54	54	60	304	31	14	36	54	54	60	34	0	79	49	138	132	240	132	289	28	14	36	31	14	36	28	0	62	49	87	42	144	99	54	54	60	14	0	29	0	7	0	0	0	34	0	79	49	138	132	240	132	274	28	14	36	28	14	36	28	0	62	49	80	42	144	83	31	14	36	14	0	19	0	7	0	0	0	28	0	62	49	87	42	144	99	54	54	60	14	0	0	0	7	0	0	0	14	0	29	0	7	0	0	0	34	0	79	49	138	132	240	132	259	26	14	36	28	14	36	28	0	62	49	80	42	144	81	28	14	36	14	0	19	0	7	0	0	0	28	0	62	49	80	42	144	83	31	14	36	10	0	0	0	7	0	0	0	14	0	19	0	7	0	0	0	28	0	62	49	87	42	144	99	54	54	60	2	0	0	0	4	10	0	0	14	0	0	0	7	0	0	0	14	0	29	0	7	0	0	0	34	0	79	49	138	132	240	132
333	317	78	73	51	301	49	66	15	78	73	51	58	80	40	27	199	200	0	184	285	42	62	0	49	66	15	35	74	0	0	130	183	0	118	78	73	51	31	42	20	0	16	46	0	74	58	80	40	27	199	200	0	184	269	37	60	0	42	62	0	27	70	0	0	110	173	0	93	49	66	15	15	40	0	0	12	43	0	16	35	74	0	0	130	183	0	118	78	73	51	10	20	28	0	7	11	0	0	31	42	20	0	16	46	0	74	58	80	40	27	199	200	0	184	253	29	50	0	37	60	0	27	70	0	0	101	170	0	91	42	62	0	15	40	0	0	12	40	0	16	27	70	0	0	110	173	0	93	49	66	15	7	20	0	0	7	10	0	0	15	40	0	0	12	43	0	16	35	74	0	0	130	183	0	118	78	73	51	8	0	63	0	10	0	51	0	10	20	28	0	7	11	0	0	31	42	20	0	16	46	0	74	58	80	40	27	199	200	0	184
361	343	100	113	48	325	60	92	0	100	113	48	73	144	40	0	250	348	48	318	307	53	84	0	60	92	0	53	128	0	0	160	280	0	222	100	113	48	65	88	35	0	25	36	0	0	73	144	40	0	250	348	48	318	289	44	80	0	53	84	0	45	120	0	0	140	262	0	149	60	92	0	29	80	0	0	17	30	0	0	53	128	0	0	160	280	0	222	100	113	48	29	40	28	0	5	50	0	0	65	88	35	0	25	36	0	0	73	144	40	0	250	348	48	318	271	37	78	0	44	80	0	37	120	0	0	120	250	0	136	53	84	0	29	80	0	0	17	30	0	0	45	120	0	0	140	262	0	149	60	92	0	12	40	0	0	5	50	0	0	29	80	0	0	17	30	0	0	53	128	0	0	160	280	0	222	100	113	48	28	18	21	0	10	29	0	0	29	40	28	0	5	50	0	0	65	88	35	0	25	36	0	0	73	144	40	0	250	348	48	318
192	183	34	20	19	174	24	14	0	34	20	19	24	0	12	0	91	21	19	132	165	23	14	0	24	14	0	22	0	0	0	65	21	0	99	34	20	19	12	0	6	0	7	0	0	0	24	0	12	0	91	21	19	132	156	23	14	0	23	14	0	22	0	0	0	62	21	0	83	24	14	0	12	0	0	0	7	0	0	0	22	0	0	0	65	21	0	99	34	20	19	6	0	0	0	6	0	0	0	12	0	6	0	7	0	0	0	24	0	12	0	91	21	19	132	147	22	14	0	23	14	0	22	0	0	0	62	21	0	81	23	14	0	12	0	0	0	7	0	0	0	22	0	0	0	62	21	0	83	24	14	0	6	0	0	0	6	0	0	0	12	0	0	0	7	0	0	0	22	0	0	0	65	21	0	99	34	20	19	2	0	0	0	5	0	0	0	6	0	0	0	6	0	0	0	12	0	6	0	7	0	0	0	24	0	12	0	91	21	19	132
393	375	46	45	133	357	21	0	109	46	45	133	20	0	79	120	100	105	399	60	339	17	0	91	21	0	109	12	0	67	66	57	0	327	36	46	45	133	6	0	36	49	7	0	0	46	20	0	79	120	100	105	399	60	321	17	0	91	17	0	91	12	0	43	66	53	0	273	36	21	0	109	6	0	28	49	4	0	0	29	12	0	67	66	57	0	327	36	46	45	133	11	0	0	0	2	0	0	0	6	0	36	49	7	0	0	46	20	0	79	120	100	105	399	60	303	15	0	91	17	0	91	12	0	43	66	53	0	273	36	17	0	91	2	0	0	49	0	0	0	20	12	0	43	66	53	0	273	36	21	0	109	5	0	0	0	2	0	0	0	6	0	28	49	4	0	0	29	12	0	67	66	57	0	327	36	46	45	133	0	0	9	0	0	0	0	0	11	0	0	0	2	0	0	0	6	0	36	49	7	0	0	46	20	0	79	120	100	105	399	60
154	147	20	0	35	140	10	0	17	20	0	35	8	0	10	17	51	0	0	79	133	10	0	17	10	0	17	8	0	9	17	30	0	0	36	20	0	35	2	0	0	0	0	0	0	0	8	0	10	17	51	0	0	79	126	10	0	17	10	0	17	8	0	9	17	30	0	0	36	10	0	17	2	0	0	0	0	0	0	0	8	0	9	17	30	0	0	36	20	0	35	8	0	0	0	1	0	0	0	2	0	0	0	0	0	0	0	8	0	10	17	51	0	0	79	119	9	0	17	10	0	17	8	0	9	17	30	0	0	36	10	0	17	2	0	0	0	0	0	0	0	8	0	9	17	30	0	0	36	10	0	17	4	0	0	0	1	0	0	0	2	0	0	0	0	0	0	0	8	0	9	17	30	0	0	36	20	0	35	0	0	0	0	0	0	0	0	8	0	0	0	1	0	0	0	2	0	0	0	0	0	0	0	8	0	10	17	51	0	0	79
196	187	29	14	32	178	10	0	21	29	14	32	9	0	34	9	64	28	64	60	169	10	0	21	10	0	21	9	0	33	9	31	0	42	36	29	14	32	2	0	0	0	0	0	0	0	9	0	34	9	64	28	64	60	160	10	0	21	10	0	21	9	0	33	9	31	0	42	36	10	0	21	2	0	0	0	0	0	0	0	9	0	33	9	31	0	42	36	29	14	32	8	0	0	0	1	0	0	0	2	0	0	0	0	0	0	0	9	0	34	9	64	28	64	60	151	9	0	21	10	0	21	9	0	33	9	31	0	42	36	10	0	21	2	0	0	0	0	0	0	0	9	0	33	9	31	0	42	36	10	0	21	4	0	0	0	1	0	0	0	2	0	0	0	0	0	0	0	9	0	33	9	31	0	42	36	29	14	32	0	0	0	0	0	0	0	0	8	0	0	0	1	0	0	0	2	0	0	0	0	0	0	0	9	0	34	9	64	28	64	60
414	393	85	152	61	372	37	104	32	85	152	61	40	120	53	65	185	470	244	108	351	33	102	12	37	104	32	32	120	44	0	103	356	128	36	85	152	61	20	28	36	0	16	0	0	70	40	120	53	65	185	470	244	108	330	29	94	12	33	102	12	32	112	24	0	99	348	48	36	37	104	32	16	28	28	0	9	0	0	29	32	120	44	0	103	356	128	36	85	152	61	7	96	30	0	7	14	0	0	20	28	36	0	16	0	0	70	40	120	53	65	185	470	244	108	309	23	84	12	29	94	12	23	112	24	0	84	320	48	36	33	102	12	12	28	0	0	5	0	0	20	32	112	24	0	99	348	48	36	37	104	32	5	56	21	0	7	14	0	0	16	28	28	0	9	0	0	29	32	120	44	0	103	356	128	36	85	152	61	0	0	57	0	5	0	61	0	7	96	30	0	7	14	0	0	20	28	36	0	16	0	0	70	40	120	53	65	185	470	244	108
222	211	43	39	9	200	17	18	7	43	39	9	18	9	18	14	77	80	45	0	189	13	18	0	17	18	7	10	9	14	0	46	36	35	0	43	39	9	6	0	36	0	7	0	0	28	18	9	18	14	77	80	45	0	178	13	18	0	13	18	0	10	9	0	0	42	36	0	0	17	18	7	6	0	28	0	4	0	0	19	10	9	14	0	46	36	35	0	43	39	9	11	0	0	0	2	0	0	0	6	0	36	0	7	0	0	28	18	9	18	14	77	80	45	0	167	11	18	0	13	18	0	10	9	0	0	42	36	0	0	13	18	0	2	0	0	0	0	0	0	10	10	9	0	0	42	36	0	0	17	18	7	5	0	0	0	2	0	0	0	6	0	28	0	4	0	0	19	10	9	14	0	46	36	35	0	43	39	9	0	0	9	0	0	0	0	0	11	0	0	0	2	0	0	0	6	0	36	0	7	0	0	28	18	9	18	14	77	80	45	0
396	377	33	48	150	358	17	0	105	33	48	150	12	0	84	101	59	16	450	235	339	17	0	95	17	0	105	12	0	72	83	50	0	315	169	33	48	150	6	0	0	87	7	0	0	0	12	0	84	101	59	16	450	235	320	15	0	59	17	0	95	12	0	64	46	50	0	285	124	17	0	105	2	0	0	20	0	0	0	0	12	0	72	83	50	0	315	169	33	48	150	5	0	22	92	2	0	0	180	6	0	0	87	7	0	0	0	12	0	84	101	59	16	450	235	301	15	0	58	15	0	59	12	0	30	46	42	0	177	124	17	0	95	2	0	0	20	0	0	0	0	12	0	64	46	50	0	285	124	17	0	105	5	0	9	90	2	0	0	133	2	0	0	20	0	0	0	0	12	0	72	83	50	0	315	169	33	48	150	0	0	0	9	0	0	0	0	5	0	22	92	2	0	0	180	6	0	0	87	7	0	0	0	12	0	84	101	59	16	450	235
272	259	23	12	85	246	13	0	43	23	12	85	11	0	0	66	39	0	85	235	233	13	0	42	13	0	43	11	0	0	63	37	0	43	169	23	12	85	2	0	0	9	3	0	0	0	11	0	0	66	39	0	85	235	220	12	0	42	13	0	42	11	0	0	63	37	0	42	124	13	0	43	2	0	0	9	0	0	0	0	11	0	0	63	37	0	43	169	23	12	85	4	0	10	0	1	0	0	0	2	0	0	9	3	0	0	0	11	0	0	66	39	0	85	235	207	12	0	42	12	0	42	11	0	0	63	33	0	42	124	13	0	42	2	0	0	9	0	0	0	0	11	0	0	63	37	0	42	124	13	0	43	4	0	0	0	1	0	0	0	2	0	0	9	0	0	0	0	11	0	0	63	37	0	43	169	23	12	85	0	0	0	0	0	0	0	0	4	0	10	0	1	0	0	0	2	0	0	9	3	0	0	0	11	0	0	66	39	0	85	235
208	198	18	16	37	188	6	0	33	18	16	37	3	0	36	0	16	0	74	9	178	6	0	33	6	0	33	3	0	36	0	13	0	66	7	18	16	37	0	0	0	0	3	0	0	0	3	0	36	0	16	0	74	9	168	6	0	31	6	0	33	3	0	36	0	13	0	66	0	6	0	33	0	0	0	0	0	0	0	0	3	0	36	0	13	0	66	7	18	16	37	0	0	0	20	0	0	0	0	0	0	0	0	3	0	0	0	3	0	36	0	16	0	74	9	158	6	0	30	6	0	31	3	0	30	0	13	0	62	0	6	0	33	0	0	0	0	0	0	0	0	3	0	36	0	13	0	66	0	6	0	33	0	0	0	18	0	0	0	0	0	0	0	0	0	0	0	0	3	0	36	0	13	0	66	7	18	16	37	0	0	0	9	0	0	0	0	0	0	0	20	0	0	0	0	0	0	0	0	3	0	0	0	3	0	36	0	16	0	74	9
272	258	44	59	41	244	22	33	9	44	59	41	24	22	48	27	79	107	123	203	230	19	33	7	22	33	9	21	22	36	21	62	99	27	148	44	59	41	8	0	0	14	7	24	0	0	24	22	48	27	79	107	123	203	216	17	33	0	19	33	7	21	22	28	0	50	99	21	103	22	33	9	4	0	0	0	3	0	0	0	21	22	36	21	62	99	27	148	44	59	41	8	0	22	0	7	0	0	28	8	0	0	14	7	24	0	0	24	22	48	27	79	107	123	203	202	17	33	0	17	33	0	21	22	0	0	42	99	0	103	19	33	7	4	0	0	0	3	0	0	0	21	22	28	0	50	99	21	103	22	33	9	8	0	9	0	7	0	0	19	4	0	0	0	3	0	0	0	21	22	36	21	62	99	27	148	44	59	41	13	0	0	0	2	0	0	0	8	0	22	0	7	0	0	28	8	0	0	14	7	24	0	0	24	22	48	27	79	107	123	203
180	171	21	20	14	162	12	8	0	21	20	14	11	0	0	0	39	0	28	70	153	12	8	0	12	8	0	11	0	0	0	37	0	0	39	21	20	14	2	0	0	0	3	0	0	0	11	0	0	0	39	0	28	70	144	11	8	0	12	8	0	11	0	0	0	37	0	0	12	12	8	0	2	0	0	0	0	0	0	0	11	0	0	0	37	0	0	39	21	20	14	4	0	10	0	1	0	0	0	2	0	0	0	3	0	0	0	11	0	0	0	39	0	28	70	135	11	8	0	11	8	0	11	0	0	0	33	0	0	12	12	8	0	2	0	0	0	0	0	0	0	11	0	0	0	37	0	0	12	12	8	0	4	0	0	0	1	0	0	0	2	0	0	0	0	0	0	0	11	0	0	0	37	0	0	39	21	20	14	0	0	0	0	0	0	0	0	4	0	10	0	1	0	0	0	2	0	0	0	3	0	0	0	11	0	0	0	39	0	28	70
200	190	17	0	74	180	14	0	22	17	0	74	17	0	10	24	43	0	0	327	170	11	0	22	14	0	22	14	0	10	24	34	0	0	190	17	0	74	2	0	0	0	3	0	0	0	17	0	10	24	43	0	0	327	160	11	0	22	11	0	22	14	0	10	24	22	0	0	177	14	0	22	2	0	0	0	3	0	0	0	14	0	10	24	34	0	0	190	17	0	74	3	0	0	0	5	0	0	0	2	0	0	0	3	0	0	0	17	0	10	24	43	0	0	327	150	11	0	19	11	0	22	14	0	10	20	22	0	0	132	11	0	22	2	0	0	0	3	0	0	0	14	0	10	24	22	0	0	177	14	0	22	3	0	0	0	5	0	0	0	2	0	0	0	3	0	0	0	14	0	10	24	34	0	0	190	17	0	74	13	0	0	29	2	0	0	0	3	0	0	0	5	0	0	0	2	0	0	0	3	0	0	0	17	0	10	24	43	0	0	327
220	209	26	0	76	198	21	0	34	26	0	76	23	0	10	48	68	0	0	242	187	16	0	31	21	0	34	18	0	10	42	52	0	0	147	26	0	76	2	0	14	27	7	0	0	0	23	0	10	48	68	0	0	242	176	16	0	29	16	0	31	18	0	10	38	33	0	0	135	21	0	34	2	0	12	21	6	0	0	0	18	0	10	42	52	0	0	147	26	0	76	4	0	0	14	6	0	0	0	2	0	14	27	7	0	0	0	23	0	10	48	68	0	0	242	165	16	0	19	16	0	29	18	0	10	20	33	0	0	90	16	0	31	2	0	9	0	6	0	0	0	18	0	10	38	33	0	0	135	21	0	34	4	0	0	0	6	0	0	0	2	0	12	21	6	0	0	0	18	0	10	42	52	0	0	147	26	0	76	15	0	0	29	2	0	0	28	4	0	0	14	6	0	0	0	2	0	14	27	7	0	0	0	23	0	10	48	68	0	0	242
179	170	25	8	54	161	18	0	34	25	8	54	21	0	10	48	67	24	54	150	152	13	0	31	18	0	34	16	0	10	42	45	0	34	105	25	8	54	2	0	14	27	9	0	0	0	21	0	10	48	67	24	54	150	143	13	0	29	13	0	31	16	0	10	38	26	0	31	95	18	0	34	2	0	12	21	8	0	0	0	16	0	10	42	45	0	34	105	25	8	54	4	0	0	14	7	0	0	0	2	0	14	27	9	0	0	0	21	0	10	48	67	24	54	150	134	13	0	19	13	0	29	16	0	10	20	26	0	29	59	13	0	31	2	0	9	0	8	0	0	0	16	0	10	38	26	0	31	95	18	0	34	4	0	0	0	6	0	0	0	2	0	12	21	8	0	0	0	16	0	10	42	45	0	34	105	25	8	54	15	0	0	29	2	0	0	28	4	0	0	14	7	0	0	0	2	0	14	27	9	0	0	0	21	0	10	48	67	24	54	150
310	292	66	122	32	274	34	100	22	66	122	32	32	161	10	24	144	276	32	41	256	29	77	19	34	100	22	26	132	10	18	77	229	22	9	66	122	32	42	22	14	27	38	48	96	0	32	161	10	24	144	276	32	41	238	24	74	17	29	77	19	26	132	10	14	65	143	19	7	34	100	22	18	22	12	21	14	36	66	0	26	132	10	18	77	229	22	9	66	122	32	14	24	0	14	6	40	0	0	42	22	14	27	38	48	96	0	32	161	10	24	144	276	32	41	220	22	61	9	24	74	17	18	120	10	0	49	128	17	0	29	77	19	18	22	9	0	14	33	57	0	26	132	10	14	65	143	19	7	34	100	22	4	21	0	0	5	35	0	0	18	22	12	21	14	36	66	0	26	132	10	18	77	229	22	9	66	122	32	30	103	0	9	10	16	0	28	14	24	0	14	6	40	0	0	42	22	14	27	38	48	96	0	32	161	10	24	144	276	32	41
190	179	40	46	14	168	22	32	12	40	46	14	26	36	0	24	89	92	28	0	157	14	28	9	22	32	12	15	28	0	18	50	54	24	0	40	46	14	4	0	14	27	21	31	14	0	26	36	0	24	89	92	28	0	146	14	28	7	14	28	9	15	28	0	14	28	42	18	0	22	32	12	4	0	12	21	10	21	12	0	15	28	0	18	50	54	24	0	40	46	14	4	0	0	14	11	0	0	0	4	0	14	27	21	31	14	0	26	36	0	24	89	92	28	0	135	14	26	0	14	28	7	15	28	0	0	28	42	14	0	14	28	9	4	0	9	0	10	21	9	0	15	28	0	14	28	42	18	0	22	32	12	4	0	0	0	9	0	0	0	4	0	12	21	10	21	12	0	15	28	0	18	50	54	24	0	40	46	14	20	12	0	0	9	0	0	28	4	0	0	14	11	0	0	0	4	0	14	27	21	31	14	0	26	36	0	24	89	92	28	0
238	225	56	39	73	212	30	12	50	56	39	73	42	0	71	40	130	105	219	100	199	25	12	50	30	12	50	28	0	46	40	57	24	150	68	56	39	73	13	0	11	0	24	24	0	0	42	0	71	40	130	105	219	100	186	24	12	49	25	12	50	28	0	46	40	47	24	150	59	30	12	50	9	0	11	0	16	24	0	0	28	0	46	40	57	24	150	68	56	39	73	4	0	0	10	10	9	0	0	13	0	11	0	24	24	0	0	42	0	71	40	130	105	219	100	173	23	12	46	24	12	49	28	0	43	40	42	24	147	53	25	12	50	9	0	11	0	16	24	0	0	28	0	46	40	47	24	150	59	30	12	50	1	0	0	7	2	0	0	0	9	0	11	0	16	24	0	0	28	0	46	40	57	24	150	68	56	39	73	23	0	7	21	15	0	0	0	4	0	0	10	10	9	0	0	13	0	11	0	24	24	0	0	42	0	71	40	130	105	219	100
273	258	67	63	52	243	39	23	48	67	63	52	45	36	50	0	145	131	208	14	228	35	14	48	39	23	48	35	0	46	0	78	37	192	12	67	63	52	22	0	11	0	34	28	52	0	45	36	50	0	145	131	208	14	213	34	14	47	35	14	48	35	0	46	0	69	28	192	9	39	23	48	18	0	11	0	26	28	48	0	35	0	46	0	78	37	192	12	67	63	52	7	0	0	10	6	9	0	0	22	0	11	0	34	28	52	0	45	36	50	0	145	131	208	14	198	31	13	44	34	14	47	35	0	43	0	64	28	188	7	35	14	48	18	0	11	0	26	28	48	0	35	0	46	0	69	28	192	9	39	23	48	4	0	0	7	3	0	0	0	18	0	11	0	26	28	48	0	35	0	46	0	78	37	192	12	67	63	52	14	13	0	21	14	39	0	0	7	0	0	10	6	9	0	0	22	0	11	0	34	28	52	0	45	36	50	0	145	131	208	14
292	276	54	62	78	260	29	26	78	54	62	78	29	33	56	0	116	108	234	0	244	25	15	78	29	26	78	20	0	56	0	58	33	234	0	54	62	78	9	0	31	0	24	0	78	0	29	33	56	0	116	108	234	0	228	23	15	77	25	15	78	16	0	56	0	47	0	234	0	29	26	78	7	0	31	0	21	0	78	0	20	0	56	0	58	33	234	0	54	62	78	1	0	20	10	6	0	0	0	9	0	31	0	24	0	78	0	29	33	56	0	116	108	234	0	212	23	15	62	23	15	77	16	0	53	0	44	0	231	0	25	15	78	7	0	31	0	18	0	78	0	16	0	56	0	47	0	234	0	29	26	78	1	0	20	7	1	0	0	0	7	0	31	0	21	0	78	0	20	0	56	0	58	33	234	0	54	62	78	11	0	0	39	12	0	0	51	1	0	20	10	6	0	0	0	9	0	31	0	24	0	78	0	29	33	56	0	116	108	234	0
219	207	31	29	69	195	19	11	69	31	29	69	20	0	0	0	59	27	138	0	183	17	11	69	19	11	69	13	0	0	0	35	0	138	0	31	29	69	5	0	0	0	12	0	0	0	20	0	0	0	59	27	138	0	171	17	11	69	17	11	69	13	0	0	0	31	0	138	0	19	11	69	5	0	0	0	12	0	0	0	13	0	0	0	35	0	138	0	31	29	69	1	0	0	0	1	0	0	0	5	0	0	0	12	0	0	0	20	0	0	0	59	27	138	0	159	17	11	67	17	11	69	13	0	0	0	31	0	138	0	17	11	69	5	0	0	0	12	0	0	0	13	0	0	0	31	0	138	0	19	11	69	1	0	0	0	0	0	0	0	5	0	0	0	12	0	0	0	13	0	0	0	35	0	138	0	31	29	69	5	0	0	18	9	0	0	0	1	0	0	0	1	0	0	0	5	0	0	0	12	0	0	0	20	0	0	0	59	27	138	0
148	139	38	26	7	130	23	18	7	38	26	7	27	0	0	0	81	30	14	0	121	20	18	7	23	18	7	19	0	0	0	47	18	14	0	38	26	7	5	0	0	0	15	6	0	0	27	0	0	0	81	30	14	0	112	20	18	7	20	18	7	19	0	0	0	42	18	14	0	23	18	7	5	0	0	0	14	6	0	0	19	0	0	0	47	18	14	0	38	26	7	1	0	0	0	1	0	0	0	5	0	0	0	15	6	0	0	27	0	0	0	81	30	14	0	103	20	18	6	20	18	7	19	0	0	0	42	18	14	0	20	18	7	5	0	0	0	14	6	0	0	19	0	0	0	42	18	14	0	23	18	7	1	0	0	0	0	0	0	0	5	0	0	0	14	6	0	0	19	0	0	0	47	18	14	0	38	26	7	8	0	0	6	10	0	0	0	1	0	0	0	1	0	0	0	5	0	0	0	15	6	0	0	27	0	0	0	81	30	14	0
299	282	102	64	109	265	70	16	83	102	64	109	103	0	65	89	233	212	436	125	248	60	12	72	70	16	83	80	0	51	82	170	80	332	98	102	64	109	70	48	70	56	47	48	0	32	103	0	65	89	233	212	436	125	231	48	0	66	60	12	72	68	0	51	82	146	60	288	98	70	16	83	46	0	68	48	34	0	0	22	80	0	51	82	170	80	332	98	102	64	109	24	0	102	64	7	0	109	0	70	48	70	56	47	48	0	32	103	0	65	89	233	212	436	125	214	39	0	51	48	0	66	56	0	51	79	107	0	264	96	60	12	72	46	0	68	36	34	0	0	19	68	0	51	82	146	60	288	98	70	16	83	11	0	101	18	7	0	83	0	46	0	68	48	34	0	0	22	80	0	51	82	170	80	332	98	102	64	109	37	0	32	46	17	36	0	61	24	0	102	64	7	0	109	0	70	48	70	56	47	48	0	32	103	0	65	89	233	212	436	125
278	260	79	110	56	242	49	83	11	79	110	56	54	108	34	33	189	239	112	279	224	44	78	11	49	83	11	40	100	11	33	119	175	22	252	78	110	56	21	59	0	0	40	62	0	0	54	108	34	33	187	239	112	279	206	43	77	11	44	78	11	40	99	11	33	113	166	22	252	48	83	11	17	55	0	0	29	56	0	0	40	100	11	33	117	175	22	252	76	110	56	7	11	0	0	6	0	0	0	21	59	0	0	40	62	0	0	52	108	34	33	183	239	112	279	188	40	75	10	43	77	11	40	99	11	30	108	165	22	249	43	78	11	17	55	0	0	29	55	0	0	40	99	11	33	111	166	22	252	46	83	11	4	11	0	0	5	0	0	0	17	55	0	0	29	56	0	0	38	100	11	33	113	175	22	252	73	110	56	19	18	0	10	17	27	0	0	7	11	0	0	5	0	0	0	19	59	0	0	38	62	0	0	48	108	34	33	170	239	112	279
280	263	86	87	57	246	57	54	22	86	87	57	75	41	34	48	193	168	171	203	229	51	52	11	57	54	22	59	39	11	33	128	82	66	176	86	87	57	60	26	0	0	45	69	0	46	75	41	34	48	193	168	171	203	212	44	52	11	51	52	11	59	39	11	33	115	78	33	176	57	54	22	34	26	0	0	34	39	0	34	59	39	11	33	128	82	66	176	86	87	57	20	0	8	0	4	16	0	0	60	26	0	0	45	69	0	46	75	41	34	48	193	168	171	203	195	33	46	10	44	52	11	47	39	11	30	90	78	33	173	51	52	11	34	26	0	0	34	39	0	28	59	39	11	33	115	78	33	176	57	54	22	7	0	7	0	4	15	0	0	34	26	0	0	34	39	0	34	59	39	11	33	128	82	66	176	86	87	57	29	60	44	10	18	30	0	0	20	0	8	0	4	16	0	0	60	26	0	0	45	69	0	46	75	41	34	48	193	168	171	203
312	291	122	184	18	270	73	149	17	122	184	18	91	169	20	7	239	412	90	0	249	61	113	10	73	149	17	72	145	20	0	165	332	85	0	122	184	18	38	251	20	0	49	106	0	32	91	169	20	7	239	412	90	0	228	56	84	10	61	113	10	68	104	20	0	141	267	50	0	73	149	17	28	165	20	0	27	78	0	22	72	145	20	0	165	332	85	0	122	184	18	13	84	28	0	14	18	72	0	38	251	20	0	49	106	0	32	91	169	20	7	239	412	90	0	207	49	54	9	56	84	10	64	42	20	0	121	190	50	0	61	113	10	28	90	20	0	25	54	0	19	68	104	20	0	141	267	50	0	73	149	17	10	36	27	0	14	18	68	0	28	165	20	0	27	78	0	22	72	145	20	0	165	332	85	0	122	184	18	32	141	32	9	16	12	36	0	13	84	28	0	14	18	72	0	38	251	20	0	49	106	0	32	91	169	20	7	239	412	90	0
175	164	50	38	33	153	34	28	0	50	38	33	39	28	20	0	107	66	33	206	142	30	28	0	34	28	0	27	28	0	0	71	56	0	202	50	38	33	18	0	0	0	27	28	0	0	39	28	20	0	107	66	33	206	131	30	28	0	30	28	0	27	28	0	0	65	56	0	202	34	28	0	18	0	0	0	21	28	0	0	27	28	0	0	71	56	0	202	50	38	33	7	0	0	0	4	0	0	0	18	0	0	0	27	28	0	0	39	28	20	0	107	66	33	206	120	27	26	0	30	28	0	27	28	0	0	65	56	0	200	30	28	0	18	0	0	0	21	28	0	0	27	28	0	0	65	56	0	202	34	28	0	4	0	0	0	4	0	0	0	18	0	0	0	21	28	0	0	27	28	0	0	71	56	0	202	50	38	33	11	12	0	0	13	18	0	0	7	0	0	0	4	0	0	0	18	0	0	0	27	28	0	0	39	28	20	0	107	66	33	206
263	247	92	51	90	231	69	15	46	92	51	90	96	0	48	106	205	111	270	240	215	57	15	31	69	15	46	72	0	42	63	169	75	138	133	92	51	90	46	0	52	43	29	15	0	78	96	0	48	106	205	111	270	240	199	55	15	31	57	15	31	64	0	40	63	136	75	93	104	69	15	46	46	0	20	43	28	15	0	78	72	0	42	63	169	75	138	133	92	51	90	14	0	8	0	8	0	0	0	46	0	52	43	29	15	0	78	96	0	48	106	205	111	270	240	183	46	15	31	55	15	31	58	0	40	63	131	75	93	98	57	15	31	34	0	20	43	28	15	0	78	64	0	40	63	136	75	93	104	69	15	46	11	0	0	0	8	0	0	0	46	0	20	43	28	15	0	78	72	0	42	63	169	75	138	133	91	51	90	13	0	41	0	5	0	0	0	14	0	8	0	8	0	0	0	46	0	52	43	29	15	0	78	96	0	48	106	201	111	270	240
280	262	98	107	50	244	64	59	21	98	107	50	77	108	48	31	219	247	200	184	226	56	32	20	64	59	21	70	0	42	30	166	152	84	122	97	107	50	42	0	52	10	24	0	150	0	77	108	48	31	217	247	200	184	208	54	32	20	56	32	20	62	0	40	30	142	80	80	93	63	59	21	42	0	20	10	24	0	63	0	70	0	42	30	164	152	84	122	96	107	50	13	0	8	0	8	0	0	0	42	0	52	10	24	0	150	0	76	108	48	31	213	247	200	184	190	46	32	20	54	32	20	56	0	40	30	137	80	80	87	55	32	20	30	0	20	10	24	0	60	0	62	0	40	30	140	80	80	93	62	59	21	10	0	0	0	8	0	0	0	42	0	20	10	24	0	63	0	69	0	42	30	160	152	84	122	96	107	50	13	0	32	0	5	0	0	0	13	0	8	0	8	0	0	0	42	0	52	10	24	0	150	0	76	108	48	31	213	247	200	184
292	272	114	138	54	252	77	113	9	114	138	54	103	198	0	36	275	354	54	273	232	60	102	0	77	113	9	63	174	0	0	194	308	9	133	113	138	54	38	127	28	0	40	104	0	52	103	198	0	36	273	354	54	273	212	57	96	0	60	102	0	55	165	0	0	154	276	0	104	76	113	9	36	121	0	0	33	96	0	48	63	174	0	0	192	308	9	133	112	138	54	9	63	8	0	12	16	0	0	38	127	28	0	40	104	0	52	102	198	0	36	269	354	54	273	192	47	64	0	57	96	0	49	159	0	0	145	258	0	98	59	102	0	24	121	0	0	33	91	0	48	55	165	0	0	152	276	0	104	75	113	9	8	33	0	0	11	14	0	0	36	121	0	0	33	96	0	48	62	174	0	0	188	308	9	133	111	138	54	16	20	66	0	9	16	162	0	9	63	8	0	12	16	0	0	38	127	28	0	40	104	0	52	102	198	0	36	265	354	54	273
255	236	115	145	16	217	74	110	0	114	145	16	103	186	0	0	278	368	48	127	198	62	94	0	73	110	0	76	148	0	0	201	306	0	100	111	145	16	55	108	28	0	26	44	16	0	103	186	0	0	272	368	48	127	179	56	90	0	61	94	0	62	140	0	0	163	266	0	82	70	110	0	44	100	0	0	21	40	0	0	76	148	0	0	195	306	0	100	107	145	16	28	40	8	0	6	40	0	0	55	108	28	0	26	44	16	0	99	186	0	0	260	368	48	127	160	46	86	0	55	90	0	47	140	0	0	145	250	0	76	58	94	0	26	100	0	0	21	40	0	0	62	140	0	0	157	266	0	82	66	110	0	15	40	0	0	6	40	0	0	44	100	0	0	21	40	0	0	72	148	0	0	183	306	0	100	105	145	16	19	36	12	0	3	40	0	0	27	40	8	0	6	40	0	0	55	108	28	0	26	44	16	0	99	186	0	0	252	368	48	127
194	180	92	74	4	166	64	50	0	92	74	4	87	78	0	0	225	144	12	18	152	54	48	0	64	50	0	63	72	0	0	174	114	0	17	88	74	4	43	16	16	0	23	18	0	0	87	78	0	0	217	144	12	18	138	51	48	0	54	48	0	55	72	0	0	148	112	0	10	60	50	0	41	16	0	0	21	16	0	0	63	72	0	0	166	114	0	17	82	74	4	14	0	8	0	8	8	0	0	43	16	16	0	23	18	0	0	81	78	0	0	201	144	12	18	124	45	48	0	51	48	0	49	72	0	0	139	112	0	10	50	48	0	29	16	0	0	21	16	0	0	55	72	0	0	140	112	0	10	54	50	0	11	0	0	0	8	8	0	0	41	16	0	0	21	16	0	0	57	72	0	0	150	114	0	17	79	74	4	14	0	12	0	6	0	0	0	14	0	8	0	7	8	0	0	41	16	16	0	21	18	0	0	77	78	0	0	188	144	12	18
294	275	67	63	120	256	37	18	84	67	63	120	37	0	135	48	169	162	360	160	237	37	18	80	37	18	84	37	0	98	42	98	72	252	67	67	63	120	13	0	0	45	7	0	0	0	37	0	135	48	169	162	360	160	218	37	18	79	37	18	80	37	0	90	40	98	72	240	51	37	18	84	13	0	0	44	7	0	0	0	37	0	98	42	98	72	252	67	67	63	120	4	0	0	10	5	0	0	0	13	0	0	45	7	0	0	0	37	0	135	48	169	162	360	160	199	37	18	79	37	18	79	37	0	90	40	98	72	237	51	37	18	80	13	0	0	44	7	0	0	0	37	0	90	40	98	72	240	51	37	18	84	4	0	0	10	5	0	0	0	13	0	0	44	7	0	0	0	37	0	98	42	98	72	252	67	67	63	120	4	0	0	0	4	0	0	0	4	0	0	10	5	0	0	0	13	0	0	45	7	0	0	0	37	0	135	48	169	162	360	160
204	190	54	35	87	176	39	33	41	54	35	87	46	22	61	48	142	71	0	214	162	39	33	38	39	33	41	46	22	24	42	107	66	0	76	52	35	87	23	0	0	31	15	0	0	0	46	22	61	48	138	71	0	214	148	36	33	37	39	33	38	46	22	20	40	107	66	0	51	37	33	41	23	0	0	30	15	0	0	0	46	22	24	42	103	66	0	76	49	35	87	7	0	30	10	6	0	0	0	23	0	0	31	15	0	0	0	43	22	61	48	130	71	0	214	134	34	33	37	36	33	37	40	22	20	40	101	66	0	51	37	33	38	23	0	0	30	15	0	0	0	46	22	20	40	103	66	0	51	34	33	41	7	0	0	10	6	0	0	0	23	0	0	30	15	0	0	0	43	22	24	42	95	66	0	76	49	35	87	4	0	20	0	5	0	0	0	7	0	30	10	6	0	0	0	23	0	0	31	15	0	0	0	43	22	61	48	130	71	0	214
148	138	46	29	15	128	16	9	15	46	29	15	12	0	60	0	97	96	75	0	118	16	9	14	16	9	15	12	0	60	0	43	36	75	0	46	29	15	1	0	0	14	0	0	0	0	12	0	60	0	97	96	75	0	108	16	9	14	16	9	14	12	0	56	0	43	36	70	0	16	9	15	1	0	0	14	0	0	0	0	12	0	60	0	43	36	75	0	46	29	15	0	0	0	0	0	0	0	0	1	0	0	14	0	0	0	0	12	0	60	0	97	96	75	0	98	16	9	14	16	9	14	12	0	56	0	43	36	70	0	16	9	14	1	0	0	14	0	0	0	0	12	0	56	0	43	36	70	0	16	9	15	0	0	0	0	0	0	0	0	1	0	0	14	0	0	0	0	12	0	60	0	43	36	75	0	46	29	15	0	0	0	0	0	0	0	0	0	0	0	0	0	0	0	0	1	0	0	14	0	0	0	0	12	0	60	0	97	96	75	0
183	169	69	53	32	155	35	48	0	69	53	32	29	40	33	0	178	159	0	160	141	35	48	0	35	48	0	29	40	0	0	95	144	0	67	62	53	32	12	0	0	0	7	0	0	0	29	40	33	0	163	159	0	160	127	35	48	0	35	48	0	29	40	0	0	95	144	0	51	28	48	0	12	0	0	0	7	0	0	0	29	40	0	0	80	144	0	67	60	53	32	4	0	0	0	5	0	0	0	12	0	0	0	7	0	0	0	27	40	33	0	155	159	0	160	113	35	48	0	35	48	0	29	40	0	0	95	144	0	51	28	48	0	12	0	0	0	7	0	0	0	29	40	0	0	80	144	0	51	26	48	0	4	0	0	0	5	0	0	0	12	0	0	0	7	0	0	0	27	40	0	0	72	144	0	67	60	53	32	4	0	0	0	4	0	0	0	4	0	0	0	5	0	0	0	12	0	0	0	7	0	0	0	27	40	33	0	155	159	0	160
150	139	46	42	9	128	16	24	0	46	42	9	10	16	27	0	99	116	36	50	117	16	24	0	16	24	0	10	16	0	0	43	72	0	21	46	42	9	1	0	0	0	0	0	0	0	10	16	27	0	99	116	36	50	106	16	24	0	16	24	0	10	16	0	0	43	72	0	20	16	24	0	1	0	0	0	0	0	0	0	10	16	0	0	43	72	0	21	46	42	9	0	0	0	0	0	0	0	0	1	0	0	0	0	0	0	0	10	16	27	0	99	116	36	50	95	16	24	0	16	24	0	10	16	0	0	43	72	0	20	16	24	0	1	0	0	0	0	0	0	0	10	16	0	0	43	72	0	20	16	24	0	0	0	0	0	0	0	0	0	1	0	0	0	0	0	0	0	10	16	0	0	43	72	0	21	46	42	9	0	0	0	0	0	0	0	0	0	0	0	0	0	0	0	0	1	0	0	0	0	0	0	0	10	16	27	0	99	116	36	50
265	247	44	65	116	229	21	0	104	44	65	116	22	0	73	94	59	78	580	15	211	16	0	84	21	0	104	8	0	73	54	39	0	520	15	44	65	116	5	0	49	92	20	0	0	50	22	0	73	94	59	78	580	15	193	16	0	61	16	0	84	8	0	63	48	37	0	420	14	21	0	104	5	0	49	20	9	0	0	21	8	0	73	54	39	0	520	15	44	65	116	3	0	0	76	1	0	0	127	5	0	49	92	20	0	0	50	22	0	73	94	59	78	580	15	175	15	0	60	16	0	61	8	0	43	48	37	0	305	14	16	0	84	2	0	34	20	0	0	0	20	8	0	63	48	37	0	420	14	21	0	104	1	0	0	73	1	0	0	100	5	0	49	20	9	0	0	21	8	0	73	54	39	0	520	15	44	65	116	3	0	9	7	0	0	0	0	3	0	0	76	1	0	0	127	5	0	49	92	20	0	0	50	22	0	73	94	59	78	580	15
194	181	40	12	93	168	22	0	61	40	12	93	16	0	18	108	68	24	93	144	155	19	0	45	22	0	61	10	0	18	68	50	0	61	99	40	12	93	5	0	27	44	10	0	0	50	16	0	18	108	68	24	93	144	142	19	0	38	19	0	45	10	0	8	62	50	0	45	94	22	0	61	5	0	27	20	6	0	0	21	10	0	18	68	50	0	61	99	40	12	93	3	0	0	34	1	0	0	18	5	0	27	44	10	0	0	50	16	0	18	108	68	24	93	144	129	18	0	38	19	0	38	10	0	0	62	50	0	38	93	19	0	45	2	0	12	20	0	0	0	20	10	0	8	62	50	0	45	94	22	0	61	1	0	0	34	1	0	0	17	5	0	27	20	6	0	0	21	10	0	18	68	50	0	61	99	40	12	93	3	0	9	0	0	0	0	0	3	0	0	34	1	0	0	18	5	0	27	44	10	0	0	50	16	0	18	108	68	24	93	144
225	208	55	79	71	191	28	53	39	55	79	71	26	54	18	84	97	158	142	144	174	25	52	19	28	53	39	20	52	18	30	65	130	78	99	55	79	71	14	13	27	20	15	0	0	66	26	54	18	84	97	158	142	144	157	25	52	14	25	52	19	20	52	8	28	65	130	38	94	28	53	39	14	13	27	0	10	0	0	21	20	52	18	30	65	130	78	99	55	79	71	7	0	0	14	5	0	0	18	14	13	27	20	15	0	0	66	26	54	18	84	97	158	142	144	140	20	52	14	25	52	14	20	52	0	28	65	130	28	93	25	52	19	11	13	12	0	4	0	0	20	20	52	8	28	65	130	38	94	28	53	39	5	0	0	14	5	0	0	17	14	13	27	0	10	0	0	21	20	52	18	30	65	130	78	99	55	79	71	3	0	45	0	4	0	0	0	7	0	0	14	5	0	0	18	14	13	27	20	15	0	0	66	26	54	18	84	97	158	142	144
191	178	30	36	45	165	14	0	35	30	36	45	9	0	20	30	43	27	180	24	152	14	0	35	14	0	35	9	0	20	30	31	0	140	15	30	36	45	1	0	0	0	5	0	0	0	9	0	20	30	43	27	180	24	139	14	0	34	14	0	35	9	0	20	28	31	0	140	14	14	0	35	1	0	0	0	0	0	0	0	9	0	20	30	31	0	140	15	30	36	45	0	0	0	14	0	0	0	0	1	0	0	0	5	0	0	0	9	0	20	30	43	27	180	24	126	14	0	34	14	0	34	9	0	20	28	31	0	136	14	14	0	35	1	0	0	0	0	0	0	0	9	0	20	28	31	0	140	14	14	0	35	0	0	0	14	0	0	0	0	1	0	0	0	0	0	0	0	9	0	20	30	31	0	140	15	30	36	45	0	0	0	0	0	0	0	0	0	0	0	14	0	0	0	0	1	0	0	0	5	0	0	0	9	0	20	30	43	27	180	24
177	164	37	47	32	151	19	22	9	37	47	32	15	11	18	0	61	38	96	144	138	16	22	4	19	22	9	9	11	18	0	43	22	27	99	37	47	32	5	0	27	20	10	0	0	0	15	11	18	0	61	38	96	144	125	16	22	0	16	22	4	9	11	8	0	43	22	12	94	19	22	9	5	0	27	0	6	0	0	0	9	11	18	0	43	22	27	99	37	47	32	3	0	0	0	1	0	0	18	5	0	27	20	10	0	0	0	15	11	18	0	61	38	96	144	112	15	22	0	16	22	0	9	11	0	0	43	22	0	93	16	22	4	2	0	12	0	0	0	0	0	9	11	8	0	43	22	12	94	19	22	9	1	0	0	0	1	0	0	17	5	0	27	0	6	0	0	0	9	11	18	0	43	22	27	99	37	47	32	3	0	9	0	0	0	0	0	3	0	0	0	1	0	0	18	5	0	27	20	10	0	0	0	15	11	18	0	61	38	96	144
154	143	14	0	73	132	6	0	39	14	0	73	3	0	24	42	10	0	0	193	121	6	0	39	6	0	39	3	0	22	42	8	0	0	148	14	0	73	0	0	0	0	14	0	0	0	3	0	24	42	10	0	0	193	110	6	0	39	6	0	39	3	0	22	42	8	0	0	123	6	0	39	0	0	0	0	0	0	0	0	3	0	22	42	8	0	0	148	14	0	73	0	0	0	0	0	0	0	0	0	0	0	0	14	0	0	0	3	0	24	42	10	0	0	193	99	6	0	36	6	0	39	3	0	22	39	8	0	0	95	6	0	39	0	0	0	0	0	0	0	0	3	0	22	42	8	0	0	123	6	0	39	0	0	0	0	0	0	0	0	0	0	0	0	0	0	0	0	3	0	22	42	8	0	0	148	14	0	73	0	0	0	24	0	0	0	0	0	0	0	0	0	0	0	0	0	0	0	0	14	0	0	0	3	0	24	42	10	0	0	193
203	187	34	63	78	171	19	39	20	34	63	78	10	26	63	47	42	78	156	357	155	15	39	20	19	39	20	10	26	49	47	37	78	40	248	34	63	78	5	0	0	0	20	44	0	0	10	26	63	47	42	78	156	357	139	14	39	15	15	39	20	10	26	49	27	29	78	40	187	19	39	20	2	0	0	0	3	0	0	0	10	26	49	47	37	78	40	248	34	63	78	4	0	13	20	6	0	0	0	5	0	0	0	20	44	0	0	10	26	63	47	42	78	156	357	123	14	39	8	14	39	15	10	26	34	8	27	78	30	147	15	39	20	2	0	0	0	1	0	0	0	10	26	49	27	29	78	40	187	19	39	20	4	0	9	0	6	0	0	0	2	0	0	0	3	0	0	0	10	26	49	47	37	78	40	248	34	63	78	15	0	0	24	4	0	0	18	4	0	13	20	6	0	0	0	5	0	0	0	20	44	0	0	10	26	63	47	42	78	156	357
125	116	14	8	41	107	5	0	18	14	8	41	2	0	38	11	12	0	41	161	98	4	0	18	5	0	18	2	0	36	11	8	0	18	139	14	8	41	0	0	0	0	16	8	0	0	2	0	38	11	12	0	41	161	89	4	0	18	4	0	18	2	0	36	11	6	0	18	119	5	0	18	0	0	0	0	0	0	0	0	2	0	36	11	8	0	18	139	14	8	41	0	0	0	0	1	0	0	0	0	0	0	0	16	8	0	0	2	0	38	11	12	0	41	161	80	4	0	14	4	0	18	2	0	36	8	6	0	18	95	4	0	18	0	0	0	0	0	0	0	0	2	0	36	11	6	0	18	119	5	0	18	0	0	0	0	1	0	0	0	0	0	0	0	0	0	0	0	2	0	36	11	8	0	18	139	14	8	41	0	0	0	30	0	0	0	0	0	0	0	0	1	0	0	0	0	0	0	0	16	8	0	0	2	0	38	11	12	0	41	161
151	140	33	24	45	129	23	0	27	33	24	45	11	0	77	47	47	0	135	116	118	17	0	27	23	0	27	11	0	63	47	43	0	81	104	33	24	45	4	0	0	0	23	48	0	0	11	0	77	47	47	0	135	116	107	16	0	22	17	0	27	11	0	63	27	32	0	81	84	23	0	27	1	0	0	0	6	0	0	0	11	0	63	47	43	0	81	104	33	24	45	4	0	13	20	8	0	0	0	4	0	0	0	23	48	0	0	11	0	77	47	47	0	135	116	96	16	0	14	16	0	22	11	0	48	8	30	0	66	61	17	0	27	1	0	0	0	4	0	0	0	11	0	63	27	32	0	81	84	23	0	27	4	0	9	0	8	0	0	0	1	0	0	0	6	0	0	0	11	0	63	47	43	0	81	104	33	24	45	23	0	0	30	5	0	0	18	4	0	13	20	8	0	0	0	4	0	0	0	23	48	0	0	11	0	77	47	47	0	135	116
119	110	15	8	41	101	9	8	0	15	8	41	7	0	0	0	18	0	0	264	92	9	8	0	9	8	0	7	0	0	0	18	0	0	187	15	8	41	1	0	0	0	11	0	0	0	7	0	0	0	18	0	0	264	83	9	8	0	9	8	0	7	0	0	0	18	0	0	142	9	8	0	1	0	0	0	0	0	0	0	7	0	0	0	18	0	0	187	15	8	41	0	0	0	0	0	0	0	0	1	0	0	0	11	0	0	0	7	0	0	0	18	0	0	264	74	9	8	0	9	8	0	7	0	0	0	18	0	0	109	9	8	0	1	0	0	0	0	0	0	0	7	0	0	0	18	0	0	142	9	8	0	0	0	0	0	0	0	0	0	1	0	0	0	0	0	0	0	7	0	0	0	18	0	0	187	15	8	41	0	0	0	0	0	0	0	0	0	0	0	0	0	0	0	0	1	0	0	0	11	0	0	0	7	0	0	0	18	0	0	264
167	154	45	12	91	141	34	12	56	45	12	91	33	0	35	88	105	24	0	164	128	20	0	51	34	12	56	14	0	35	76	77	24	0	65	45	12	91	5	0	61	47	14	0	91	0	33	0	35	88	105	24	0	164	115	18	0	50	20	0	51	11	0	35	76	50	0	0	65	34	12	56	1	0	59	47	10	0	56	0	14	0	35	76	77	24	0	65	45	12	91	4	0	11	10	11	12	0	0	5	0	61	47	14	0	91	0	33	0	35	88	105	24	0	164	102	17	0	32	18	0	50	11	0	33	66	42	0	0	55	20	0	51	0	0	55	27	7	0	51	0	11	0	35	76	50	0	0	65	34	12	56	4	0	11	0	11	12	0	0	1	0	59	47	10	0	56	0	14	0	35	76	77	24	0	65	45	12	91	20	0	15	50	8	0	0	54	4	0	11	10	11	12	0	0	5	0	61	47	14	0	91	0	33	0	35	88	105	24	0	164
202	186	60	52	93	170	38	24	87	60	52	93	41	48	93	62	147	114	186	0	154	24	0	86	38	24	87	18	0	93	58	94	36	174	0	60	52	93	9	0	57	11	23	12	186	0	41	48	93	62	147	114	186	0	138	21	0	85	24	0	86	14	0	93	58	64	0	172	0	38	24	87	1	0	57	11	15	0	174	0	18	0	93	58	94	36	174	0	60	52	93	4	0	22	10	12	14	0	0	9	0	57	11	23	12	186	0	41	48	93	62	147	114	186	0	122	20	0	68	21	0	85	14	0	91	58	55	0	170	0	24	0	86	1	0	57	11	11	0	172	0	14	0	93	58	64	0	172	0	38	24	87	3	0	22	0	11	12	0	0	1	0	57	11	15	0	174	0	18	0	93	58	94	36	174	0	60	52	93	25	0	0	67	10	14	0	54	4	0	22	10	12	14	0	0	9	0	57	11	23	12	186	0	41	48	93	62	147	114	186	0
153	139	62	71	18	125	33	43	18	62	71	18	44	40	36	0	163	199	72	0	111	22	33	18	33	43	18	21	0	36	0	86	147	72	0	62	71	18	5	0	33	0	20	27	36	0	44	40	36	0	163	199	72	0	97	20	33	17	22	33	18	18	0	36	0	63	132	72	0	33	43	18	1	0	33	0	11	22	36	0	21	0	36	0	86	147	72	0	62	71	18	1	0	11	10	10	9	0	0	5	0	33	0	20	27	36	0	44	40	36	0	163	199	72	0	83	19	33	6	20	33	17	18	0	34	0	55	132	68	0	22	33	18	1	0	33	0	10	22	36	0	18	0	36	0	63	132	72	0	33	43	18	0	0	11	0	7	5	0	0	1	0	33	0	11	22	36	0	21	0	36	0	86	147	72	0	60	71	18	13	0	0	6	9	9	0	54	1	0	11	10	9	9	0	0	5	0	33	0	20	27	36	0	44	40	36	0	157	199	72	0
147	133	48	67	34	119	33	63	13	47	67	34	41	36	0	26	120	102	0	123	105	24	45	9	32	63	13	29	36	0	18	87	99	0	47	47	67	34	26	0	15	36	12	22	102	0	41	36	0	26	120	102	0	123	91	20	42	9	23	45	9	23	36	0	18	63	63	0	47	32	63	13	15	0	13	36	7	21	39	0	29	36	0	18	87	99	0	47	47	67	34	20	18	0	0	9	24	0	0	26	0	15	36	12	22	102	0	41	36	0	26	120	102	0	123	77	15	30	4	19	42	9	14	24	0	8	50	51	0	37	23	45	9	8	0	9	16	7	9	27	0	23	36	0	18	63	63	0	47	32	63	13	10	18	0	0	9	24	0	0	15	0	13	36	7	21	39	0	29	36	0	18	87	99	0	47	46	67	34	18	72	15	20	5	24	0	0	19	18	0	0	9	24	0	0	26	0	15	36	12	22	102	0	41	36	0	26	116	102	0	123
134	121	49	56	23	108	31	52	13	46	56	23	32	32	0	26	127	102	0	45	95	19	40	9	28	52	13	12	32	0	18	75	90	0	27	45	56	23	8	0	15	36	14	24	46	0	29	32	0	26	124	102	0	45	82	17	40	9	16	40	9	10	32	0	18	45	72	0	27	27	52	13	3	0	13	36	8	24	26	0	9	32	0	18	72	90	0	27	45	56	23	10	0	0	0	14	14	0	0	8	0	15	36	14	24	46	0	29	32	0	26	124	102	0	45	69	15	32	4	14	40	9	10	32	0	8	40	72	0	22	15	40	9	2	0	9	16	6	24	18	0	7	32	0	18	42	72	0	27	27	52	13	9	0	0	0	13	14	0	0	3	0	13	36	8	24	26	0	9	32	0	18	72	90	0	27	44	56	23	22	48	15	20	10	6	0	0	7	0	0	0	12	14	0	0	7	0	15	36	12	24	46	0	29	32	0	26	123	102	0	45
126	115	37	10	58	104	22	10	50	37	10	58	24	0	22	25	100	30	0	18	93	19	10	50	22	10	50	18	0	11	25	62	30	0	18	37	10	58	0	0	12	0	14	0	0	0	24	0	22	25	100	30	0	18	82	19	10	50	19	10	50	18	0	11	25	59	30	0	18	22	10	50	0	0	11	0	10	0	0	0	18	0	11	25	62	30	0	18	37	10	58	0	0	0	0	2	0	0	0	0	0	12	0	14	0	0	0	24	0	22	25	100	30	0	18	71	19	10	50	19	10	50	18	0	11	25	59	30	0	17	19	10	50	0	0	11	0	10	0	0	0	18	0	11	25	59	30	0	18	22	10	50	0	0	0	0	0	0	0	0	0	0	11	0	10	0	0	0	18	0	11	25	62	30	0	18	37	10	58	7	0	0	0	4	0	0	0	0	0	0	0	2	0	0	0	0	0	12	0	14	0	0	0	24	0	22	25	100	30	0	18
154	141	51	22	73	128	29	0	48	51	22	73	34	0	103	84	141	66	146	111	115	24	0	48	29	0	48	20	0	57	84	84	0	96	105	51	22	73	1	0	26	0	17	11	0	0	34	0	103	84	141	66	146	111	102	24	0	48	24	0	48	20	0	57	84	76	0	96	104	29	0	48	1	0	22	0	12	0	0	0	20	0	57	84	84	0	96	105	51	22	73	1	0	0	0	6	0	0	0	1	0	26	0	17	11	0	0	34	0	103	84	141	66	146	111	89	23	0	47	24	0	48	20	0	57	81	76	0	96	102	24	0	48	1	0	22	0	11	0	0	0	20	0	57	84	76	0	96	104	29	0	48	0	0	0	0	1	0	0	0	1	0	22	0	12	0	0	0	20	0	57	84	84	0	96	105	50	22	73	8	0	0	10	6	11	0	0	1	0	0	0	6	0	0	0	1	0	26	0	17	11	0	0	34	0	103	84	137	66	146	111
121	108	58	59	18	95	30	46	17	58	59	18	48	54	12	11	156	149	18	0	82	25	40	17	30	46	17	32	48	11	11	91	118	17	0	57	59	18	7	0	12	0	17	27	18	0	48	54	12	11	154	149	18	0	69	25	40	17	25	40	17	32	48	11	11	83	112	17	0	29	46	17	7	0	11	0	10	24	17	0	32	48	11	11	89	118	17	0	54	59	18	1	0	0	0	7	0	0	0	7	0	12	0	17	27	18	0	46	54	12	11	150	149	18	0	56	25	37	17	25	40	17	32	48	11	11	83	112	17	0	24	40	17	7	0	11	0	10	24	17	0	32	48	11	11	81	112	17	0	26	46	17	1	0	0	0	4	0	0	0	7	0	11	0	10	24	17	0	30	48	11	11	85	118	17	0	47	59	18	17	21	0	0	6	0	0	0	1	0	0	0	4	0	0	0	5	0	12	0	15	27	18	0	40	54	12	11	125	149	18	0
179	161	83	113	43	143	40	73	22	83	113	43	57	84	88	44	226	337	172	111	125	33	65	22	40	73	22	36	52	44	44	123	229	88	105	82	113	43	10	0	26	0	25	51	43	0	57	84	88	44	224	337	172	111	107	32	65	22	33	65	22	36	52	44	44	110	221	88	104	39	73	22	8	0	22	0	14	39	22	0	36	52	44	44	121	229	88	105	79	113	43	2	0	0	0	11	8	0	0	10	0	26	0	25	51	43	0	55	84	88	44	220	337	172	111	89	31	61	21	32	65	22	36	52	44	41	106	221	88	102	32	65	22	8	0	22	0	13	39	22	0	36	52	44	44	108	221	88	104	36	73	22	1	0	0	0	5	0	0	0	8	0	22	0	14	39	22	0	34	52	44	44	117	229	88	105	71	113	43	17	48	0	10	10	8	0	0	2	0	0	0	8	8	0	0	8	0	26	0	23	51	43	0	49	84	88	44	191	337	172	111
116	103	58	60	5	90	28	42	0	58	60	5	38	56	10	0	163	141	10	18	77	24	42	0	28	42	0	24	56	0	0	91	112	0	18	58	60	5	4	0	0	0	20	14	0	0	38	56	10	0	163	141	10	18	64	24	42	0	24	42	0	24	56	0	0	83	112	0	18	28	42	0	4	0	0	0	12	14	0	0	24	56	0	0	91	112	0	18	58	60	5	1	0	0	0	8	0	0	0	4	0	0	0	20	14	0	0	38	56	10	0	163	141	10	18	51	23	42	0	24	42	0	24	56	0	0	83	112	0	17	24	42	0	4	0	0	0	12	14	0	0	24	56	0	0	83	112	0	18	28	42	0	0	0	0	0	3	0	0	0	4	0	0	0	12	14	0	0	24	56	0	0	91	112	0	18	54	60	5	20	0	0	0	7	5	0	0	1	0	0	0	6	0	0	0	4	0	0	0	20	14	0	0	38	56	10	0	151	141	10	18
184	166	91	88	84	148	57	28	59	89	88	84	85	55	84	76	250	205	420	116	130	51	17	55	55	28	59	68	0	70	66	176	79	295	70	83	88	84	43	0	28	44	23	11	84	0	84	55	84	76	238	205	420	116	112	46	17	55	49	17	55	60	0	66	66	157	68	275	70	49	28	59	30	0	28	44	16	0	59	0	67	0	70	66	164	79	295	70	70	88	84	25	0	10	0	10	0	0	0	41	0	28	44	23	11	84	0	75	55	84	76	209	205	420	116	95	42	17	54	44	17	55	51	0	66	66	140	68	275	70	43	17	55	24	0	28	44	16	0	55	0	59	0	66	66	145	68	275	70	40	28	59	15	0	10	0	10	0	0	0	28	0	28	44	16	0	59	0	58	0	70	66	140	79	295	70	63	71	84	33	0	0	9	5	0	0	0	21	0	10	0	6	0	0	0	36	0	28	44	17	11	84	0	65	55	84	76	182	137	420	116
193	175	90	47	123	157	60	17	106	88	47	123	87	0	68	87	242	158	246	43	139	52	15	57	58	17	106	65	0	58	35	175	68	212	22	86	47	123	37	30	46	104	28	15	0	259	86	0	68	87	238	158	246	43	121	46	0	55	50	15	57	56	0	55	35	151	60	114	22	56	17	106	26	0	46	98	20	0	0	187	64	0	58	35	171	68	212	22	83	47	123	24	0	34	26	9	0	123	0	35	30	46	104	28	15	0	259	83	0	68	87	230	158	246	43	103	34	0	50	44	0	55	43	0	55	35	130	0	110	22	48	15	57	20	0	43	86	20	0	0	173	55	0	55	35	147	60	114	22	53	17	106	14	0	34	18	9	0	106	0	24	0	46	98	20	0	0	187	61	0	58	35	163	68	212	22	77	47	123	32	0	48	45	4	0	0	0	20	0	34	26	6	0	123	0	32	30	46	104	24	15	0	259	77	0	68	87	208	158	246	43
171	154	87	58	85	137	55	43	53	85	58	85	77	29	44	72	245	205	85	121	120	48	42	21	53	43	53	56	28	34	22	158	145	53	70	83	58	85	34	14	20	33	29	27	0	168	76	29	44	72	241	205	85	121	103	41	41	21	46	42	21	48	28	31	22	134	140	21	70	51	43	53	16	14	20	33	17	14	0	131	55	28	34	22	154	145	53	70	82	58	85	23	13	16	0	10	16	0	0	34	14	20	33	29	27	0	168	75	29	44	72	237	205	85	121	86	29	27	20	39	41	21	34	27	31	22	111	138	21	70	44	42	21	10	14	20	33	17	14	0	122	47	28	31	22	130	140	21	70	50	43	53	9	0	16	0	5	15	0	0	16	14	20	33	17	14	0	131	54	28	34	22	150	145	53	70	74	58	85	25	13	48	9	4	16	85	0	17	13	16	0	6	16	0	0	29	14	20	33	24	27	0	168	75	29	44	72	208	205	85	121
175	154	110	185	16	134	54	141	16	104	165	16	72	266	20	0	281	506	48	0	114	47	107	10	48	121	16	51	181	20	0	148	386	48	0	95	165	16	30	200	20	0	27	48	32	34	66	266	20	0	259	506	48	0	94	42	71	10	41	87	10	47	106	20	0	124	268	30	0	39	121	16	18	110	20	0	13	33	32	13	45	181	20	0	126	386	48	0	86	165	16	17	166	16	0	18	32	48	0	28	200	20	0	27	48	32	34	61	266	20	0	242	506	48	0	75	36	44	9	36	52	10	42	38	20	0	109	165	30	0	32	87	10	18	56	20	0	13	27	20	9	41	106	20	0	102	268	30	0	34	121	16	11	90	16	0	12	28	48	0	16	110	20	0	13	33	32	13	40	181	20	0	114	386	48	0	73	146	16	29	87	24	9	7	18	48	0	6	147	16	0	8	32	48	0	17	200	20	0	14	48	32	34	51	266	20	0	197	430	48	0
154	136	108	120	19	118	60	80	0	105	120	19	93	141	14	0	290	410	76	66	100	53	77	0	57	80	0	67	132	0	0	170	309	0	39	100	120	19	43	33	0	0	34	43	0	0	91	141	14	0	280	410	76	66	82	48	77	0	50	77	0	61	132	0	0	150	297	0	39	52	80	0	27	33	0	0	18	33	0	0	65	132	0	0	160	309	0	39	88	120	19	30	0	0	0	21	14	0	0	41	33	0	0	34	43	0	0	84	141	14	0	259	410	76	66	65	43	65	0	45	77	0	51	132	0	0	135	297	0	39	45	77	0	21	33	0	0	18	33	0	0	59	132	0	0	140	297	0	39	44	80	0	15	0	0	0	10	11	0	0	25	33	0	0	18	33	0	0	58	132	0	0	144	309	0	39	68	103	19	24	84	0	0	6	14	0	0	21	0	0	0	7	14	0	0	31	33	0	0	19	43	0	0	72	141	14	0	191	342	76	66
140	122	87	96	70	104	52	77	38	81	96	70	79	106	33	70	226	282	70	119	87	46	73	20	48	77	38	59	98	8	28	148	250	38	75	69	79	70	35	50	18	48	21	26	0	61	75	106	33	70	200	248	70	119	72	41	72	19	42	73	20	48	96	8	27	130	242	20	65	40	62	38	19	48	0	44	16	24	0	39	55	98	8	28	131	220	38	75	53	49	70	19	12	18	11	11	25	0	0	28	50	18	48	21	26	0	61	58	76	33	70	165	188	70	119	59	29	71	19	38	72	19	44	96	8	27	122	240	19	65	36	60	20	16	48	0	44	16	24	0	39	46	96	8	27	118	216	20	65	33	36	38	12	12	0	11	7	24	0	0	17	48	0	44	16	24	0	39	48	72	8	28	111	168	38	75	42	23	70	12	11	96	0	3	12	0	0	10	12	18	11	4	12	0	0	20	24	18	48	12	0	0	61	52	24	33	70	126	71	70	119
169	150	85	99	95	131	50	46	34	81	99	95	63	65	61	104	220	312	380	327	113	45	34	32	48	46	34	55	17	28	98	149	150	136	234	67	81	95	30	0	47	28	14	0	95	0	62	65	61	104	190	276	380	327	96	41	34	29	43	34	32	46	17	28	89	132	102	128	143	38	29	34	24	0	10	22	13	0	34	0	54	17	28	98	128	116	136	234	59	64	95	15	0	31	33	10	0	0	0	28	0	47	28	14	0	95	0	54	48	61	104	170	208	380	327	79	36	34	29	39	34	29	42	17	28	89	124	102	116	141	33	17	32	21	0	10	22	13	0	32	0	45	17	28	89	111	68	128	143	30	12	34	13	0	0	33	10	0	0	0	22	0	10	22	13	0	34	0	46	0	28	98	108	48	136	234	51	64	95	13	0	40	0	5	0	0	0	11	0	31	33	6	0	0	0	23	0	47	28	8	0	95	0	44	48	61	104	139	208	380	327
107	94	54	41	53	81	31	30	29	51	41	53	44	20	71	56	149	73	53	103	69	29	30	29	30	30	29	38	20	50	56	102	60	29	59	42	29	53	16	0	14	0	9	0	0	0	43	20	71	56	130	49	53	103	59	29	30	29	28	30	29	38	20	50	56	94	60	29	55	25	20	29	16	0	10	0	9	0	0	0	37	20	50	56	92	40	29	59	35	9	53	6	0	0	0	7	0	0	0	14	0	14	0	9	0	0	0	36	0	71	56	110	9	53	103	49	26	30	29	28	30	29	38	20	50	56	94	60	29	55	23	20	29	16	0	10	0	9	0	0	0	37	20	50	56	84	40	29	55	18	0	29	6	0	0	0	7	0	0	0	14	0	10	0	9	0	0	0	30	0	50	56	72	0	29	59	28	9	53	7	0	21	0	3	0	0	0	3	0	0	0	3	0	0	0	9	0	14	0	3	0	0	0	26	0	71	56	83	9	53	103
92	81	53	37	19	70	27	18	8	50	37	19	31	9	51	0	133	92	57	84	60	26	18	8	26	18	8	27	9	40	0	77	54	24	59	38	27	19	13	0	0	0	6	0	0	0	30	9	51	0	108	72	57	84	51	26	18	8	25	18	8	27	9	40	0	73	54	24	55	18	9	8	13	0	0	0	6	0	0	0	26	9	40	0	61	36	24	59	30	18	19	6	0	0	0	6	0	0	0	11	0	0	0	6	0	0	0	22	0	51	0	88	36	57	84	42	26	18	8	25	18	8	27	9	40	0	73	54	24	55	17	9	8	13	0	0	0	6	0	0	0	26	9	40	0	57	36	24	55	10	0	8	6	0	0	0	6	0	0	0	11	0	0	0	6	0	0	0	18	0	40	0	41	0	24	59	24	18	19	7	0	0	0	2	0	0	0	3	0	0	0	2	0	0	0	6	0	0	0	0	0	0	0	12	0	51	0	65	36	57	84
129	110	89	137	39	92	46	106	0	82	119	39	68	179	23	0	224	352	78	242	75	37	97	0	41	89	0	46	159	0	0	126	268	0	181	66	102	39	32	106	33	0	17	48	0	0	61	162	23	0	188	318	78	242	60	30	92	0	32	82	0	31	152	0	0	99	254	0	122	29	74	0	14	94	0	0	8	40	0	0	39	144	0	0	99	238	0	181	49	72	39	15	56	18	0	13	46	0	0	25	76	33	0	17	48	0	0	42	132	23	0	153	258	78	242	48	25	86	0	28	80	0	27	150	0	0	91	250	0	120	24	70	0	11	90	0	0	8	40	0	0	30	140	0	0	82	230	0	122	22	50	0	8	50	0	0	5	40	0	0	14	70	0	0	8	40	0	0	32	120	0	0	79	190	0	181	35	36	39	7	52	27	0	3	10	0	0	9	20	18	0	4	10	0	0	18	40	33	0	6	0	0	0	38	60	23	0	103	138	78	242
167	148	51	60	141	129	20	0	122	49	60	141	19	0	108	65	107	165	564	95	110	16	0	111	18	0	122	8	0	85	39	46	0	488	34	40	60	141	7	0	40	58	6	0	0	16	18	0	108	65	86	165	564	95	91	15	0	111	14	0	111	5	0	62	39	40	0	444	32	9	0	122	4	0	31	58	3	0	0	16	7	0	85	39	25	0	488	34	38	60	141	7	0	9	0	3	0	0	0	7	0	40	58	6	0	0	16	16	0	108	65	78	165	564	95	72	14	0	108	13	0	111	4	0	62	39	38	0	444	29	5	0	111	1	0	13	55	0	0	0	10	4	0	62	39	19	0	444	32	7	0	122	4	0	6	0	2	0	0	0	4	0	31	58	3	0	0	16	5	0	85	39	17	0	488	34	37	60	141	4	0	9	45	1	0	0	0	6	0	9	0	3	0	0	0	7	0	40	58	6	0	0	16	16	0	108	65	74	165	564	95
148	130	52	48	128	112	29	32	70	49	48	128	27	16	28	132	133	113	128	276	95	29	32	53	28	32	70	27	16	14	63	81	96	70	109	34	31	128	13	0	0	56	6	0	0	84	26	16	28	132	100	79	128	276	79	29	32	53	28	32	53	27	16	10	63	81	96	53	89	17	16	70	13	0	0	56	6	0	0	59	26	16	14	63	57	64	70	109	26	15	128	6	0	0	0	6	0	0	0	11	0	0	56	6	0	0	84	18	0	28	132	80	15	128	276	63	26	32	53	28	32	53	27	16	10	63	81	96	53	85	17	16	53	13	0	0	56	6	0	0	55	26	16	10	63	57	64	53	89	9	0	70	6	0	0	0	6	0	0	0	11	0	0	56	6	0	0	59	18	0	14	63	37	0	70	109	20	15	128	2	0	27	0	2	0	0	0	3	0	0	0	2	0	0	0	6	0	0	56	0	0	0	84	8	0	28	132	57	15	128	276
85	73	32	41	27	61	9	27	8	26	41	27	3	0	12	8	63	75	54	114	52	9	27	8	9	27	8	3	0	0	8	26	54	16	42	20	14	27	0	0	0	0	0	0	0	0	3	0	12	8	49	21	54	114	43	9	27	8	9	27	8	3	0	0	8	26	54	16	40	3	0	8	0	0	0	0	0	0	0	0	3	0	0	8	12	0	16	42	17	14	27	0	0	0	0	0	0	0	0	0	0	0	0	0	0	0	0	0	0	12	8	37	21	54	114	34	9	27	8	9	27	8	3	0	0	8	26	54	16	37	3	0	8	0	0	0	0	0	0	0	0	3	0	0	8	12	0	16	40	0	0	8	0	0	0	0	0	0	0	0	0	0	0	0	0	0	0	0	0	0	0	8	0	0	16	42	17	14	27	0	0	0	0	0	0	0	0	0	0	0	0	0	0	0	0	0	0	0	0	0	0	0	0	0	0	12	8	37	21	54	114
87	77	30	21	23	67	10	0	16	30	21	23	2	0	8	8	60	49	69	19	57	10	0	16	10	0	16	2	0	8	8	26	0	48	8	22	21	23	0	0	0	0	1	0	0	0	2	0	8	8	42	49	69	19	47	10	0	16	10	0	16	2	0	8	8	26	0	48	8	2	0	16	0	0	0	0	0	0	0	0	2	0	8	8	8	0	48	8	20	21	23	0	0	0	0	0	0	0	0	0	0	0	0	1	0	0	0	0	0	8	8	34	49	69	19	37	10	0	16	10	0	16	2	0	8	8	26	0	48	8	2	0	16	0	0	0	0	0	0	0	0	2	0	8	8	8	0	48	8	0	0	16	0	0	0	0	0	0	0	0	0	0	0	0	0	0	0	0	0	0	8	8	0	0	48	8	20	21	23	0	0	0	0	0	0	0	0	0	0	0	0	0	0	0	0	0	0	0	0	1	0	0	0	0	0	8	8	34	49	69	19
116	101	59	66	38	86	26	26	14	51	66	38	32	0	39	26	109	177	190	134	73	23	26	8	23	26	14	23	0	18	8	66	65	70	34	43	40	38	16	0	27	0	10	0	0	16	30	0	39	26	91	112	190	134	60	22	26	8	20	26	8	20	0	0	8	60	65	40	32	15	0	14	13	0	18	0	7	0	0	16	21	0	18	8	48	0	70	34	39	40	38	12	0	9	0	7	0	0	0	14	0	27	0	10	0	0	16	26	0	39	26	79	112	190	134	47	19	26	8	19	26	8	19	0	0	8	58	65	40	29	12	0	8	10	0	0	0	4	0	0	10	18	0	0	8	42	0	40	32	11	0	14	9	0	6	0	6	0	0	0	11	0	18	0	7	0	0	16	17	0	18	8	36	0	70	34	35	40	38	6	0	25	0	2	0	0	0	8	0	9	0	4	0	0	0	11	0	27	0	6	0	0	16	20	0	39	26	65	112	190	134
148	129	34	60	148	110	12	0	108	32	60	148	9	0	96	130	54	45	592	202	91	10	0	89	10	0	108	4	0	89	72	33	0	432	152	27	60	148	4	0	11	76	6	15	0	95	8	0	96	130	41	45	592	202	72	9	0	60	8	0	89	3	0	80	51	26	0	356	135	5	0	108	1	0	9	20	0	0	0	34	3	0	89	72	20	0	432	152	26	60	148	4	0	11	76	4	0	0	139	4	0	11	76	6	15	0	95	7	0	96	130	37	45	592	202	53	8	0	60	7	0	60	2	0	50	51	21	0	240	135	3	0	89	0	0	6	20	0	0	0	32	2	0	80	51	13	0	356	135	4	0	108	1	0	9	76	2	0	0	122	1	0	9	20	0	0	0	34	2	0	89	72	16	0	432	152	25	60	148	1	0	11	0	2	0	0	0	3	0	11	76	4	0	0	139	4	0	11	76	6	15	0	95	7	0	96	130	33	45	592	202
110	96	23	24	85	82	8	0	45	22	24	85	1	0	38	29	25	0	170	229	68	8	0	45	7	0	45	1	0	37	29	17	0	90	160	15	24	85	0	0	0	0	3	0	0	0	0	0	38	29	8	0	170	229	54	8	0	45	7	0	45	1	0	37	29	17	0	90	143	0	0	45	0	0	0	0	0	0	0	0	0	0	37	29	0	0	90	160	15	24	85	0	0	0	0	1	0	0	0	0	0	0	0	3	0	0	0	0	0	38	29	8	0	170	229	40	8	0	45	7	0	45	1	0	37	29	17	0	90	143	0	0	45	0	0	0	0	0	0	0	0	0	0	37	29	0	0	90	143	0	0	45	0	0	0	0	0	0	0	0	0	0	0	0	0	0	0	0	0	0	37	29	0	0	90	160	15	24	85	0	0	0	0	0	0	0	0	0	0	0	0	1	0	0	0	0	0	0	0	3	0	0	0	0	0	38	29	8	0	170	229
89	77	32	21	63	65	13	11	9	27	21	63	7	0	33	18	45	33	63	357	54	12	11	6	11	11	9	4	0	27	12	31	33	9	230	20	10	63	4	0	11	18	6	0	0	0	6	0	33	18	29	0	63	357	43	11	11	0	10	11	6	3	0	18	0	29	33	6	196	4	0	9	1	0	9	0	0	0	0	0	3	0	27	12	15	0	9	230	19	10	63	4	0	11	0	3	0	0	16	4	0	11	18	6	0	0	0	5	0	33	18	25	0	63	357	32	10	11	0	9	11	0	2	0	0	0	24	33	0	196	3	0	6	0	0	6	0	0	0	0	0	2	0	18	0	13	0	6	196	3	0	9	1	0	9	0	1	0	0	16	1	0	9	0	0	0	0	0	2	0	27	12	11	0	9	230	18	10	63	1	0	11	0	1	0	0	0	3	0	11	0	3	0	0	16	4	0	11	18	6	0	0	0	5	0	33	18	21	0	63	357
87	74	34	51	34	62	14	22	9	27	39	34	16	11	33	18	54	61	136	179	51	11	22	6	10	11	9	7	11	27	12	32	33	36	136	23	28	34	8	0	11	18	7	14	0	0	13	0	33	18	43	28	136	179	40	9	22	0	7	11	6	4	11	18	0	21	33	24	119	6	0	9	2	0	9	0	2	0	0	0	4	0	27	12	21	0	36	136	23	28	34	9	0	11	0	5	7	0	16	8	0	11	18	7	14	0	0	13	0	33	18	43	28	136	179	29	8	22	0	5	11	0	3	11	0	0	15	33	0	119	3	0	6	1	0	6	0	2	0	0	0	1	0	18	0	10	0	24	119	6	0	9	6	0	9	0	4	0	0	16	2	0	9	0	2	0	0	0	4	0	27	12	21	0	36	136	21	28	34	10	0	11	0	2	0	0	0	5	0	11	0	3	7	0	16	7	0	11	18	5	14	0	0	13	0	33	18	38	28	136	179
61	53	17	15	8	45	5	0	0	16	15	8	1	0	0	0	20	5	24	38	37	5	0	0	4	0	0	1	0	0	0	11	0	0	14	12	15	8	0	0	0	0	3	0	0	0	0	0	0	0	9	5	24	38	29	5	0	0	4	0	0	1	0	0	0	11	0	0	8	0	0	0	0	0	0	0	0	0	0	0	0	0	0	0	0	0	0	14	12	15	8	0	0	0	0	1	0	0	0	0	0	0	0	3	0	0	0	0	0	0	0	9	5	24	38	21	5	0	0	4	0	0	1	0	0	0	11	0	0	8	0	0	0	0	0	0	0	0	0	0	0	0	0	0	0	0	0	0	8	0	0	0	0	0	0	0	0	0	0	0	0	0	0	0	0	0	0	0	0	0	0	0	0	0	0	14	12	15	8	0	0	0	0	0	0	0	0	0	0	0	0	1	0	0	0	0	0	0	0	3	0	0	0	0	0	0	0	9	5	24	38
84	72	4	0	110	60	3	0	55	3	0	110	1	0	0	74	8	0	0	338	48	3	0	54	2	0	55	1	0	0	72	6	0	0	171	1	0	110	0	0	0	13	0	0	0	0	0	0	0	74	2	0	0	338	36	3	0	54	2	0	54	1	0	0	72	6	0	0	146	0	0	55	0	0	0	13	0	0	0	0	0	0	0	72	0	0	0	171	1	0	110	0	0	0	0	0	0	0	0	0	0	0	13	0	0	0	0	0	0	0	74	2	0	0	338	24	3	0	51	2	0	54	1	0	0	69	6	0	0	105	0	0	54	0	0	0	13	0	0	0	0	0	0	0	72	0	0	0	146	0	0	55	0	0	0	0	0	0	0	0	0	0	0	13	0	0	0	0	0	0	0	72	0	0	0	171	1	0	110	0	0	0	18	0	0	0	0	0	0	0	0	0	0	0	0	0	0	0	13	0	0	0	0	0	0	0	74	2	0	0	338
63	54	7	0	57	45	3	0	17	6	0	57	3	0	8	9	18	0	0	275	36	2	0	17	2	0	17	1	0	8	9	8	0	0	162	5	0	57	0	0	0	0	0	0	0	0	2	0	8	9	15	0	0	275	27	2	0	17	1	0	17	1	0	8	9	3	0	0	140	1	0	17	0	0	0	0	0	0	0	0	0	0	8	9	5	0	0	162	5	0	57	0	0	0	0	1	0	0	0	0	0	0	0	0	0	0	0	2	0	8	9	15	0	0	275	18	2	0	12	1	0	17	1	0	8	6	3	0	0	105	0	0	17	0	0	0	0	0	0	0	0	0	0	8	9	0	0	0	140	1	0	17	0	0	0	0	1	0	0	0	0	0	0	0	0	0	0	0	0	0	8	9	5	0	0	162	5	0	57	0	0	0	30	1	0	0	0	0	0	0	0	1	0	0	0	0	0	0	0	0	0	0	0	2	0	8	9	15	0	0	275
76	65	22	10	59	54	13	0	28	17	10	59	16	0	22	42	59	20	59	190	43	9	0	26	8	0	28	7	0	19	36	30	0	28	117	15	10	59	5	0	14	18	3	0	0	0	12	0	22	42	53	20	59	190	32	7	0	23	4	0	26	4	0	17	27	11	0	26	95	6	0	28	1	0	11	12	2	0	0	0	3	0	19	36	24	0	28	117	15	10	59	6	0	14	18	6	0	0	0	5	0	14	18	3	0	0	0	12	0	22	42	53	20	59	190	21	7	0	12	2	0	23	4	0	14	6	6	0	23	60	2	0	26	1	0	9	0	2	0	0	0	0	0	17	27	5	0	26	95	6	0	28	6	0	11	0	5	0	0	0	1	0	11	12	2	0	0	0	3	0	19	36	24	0	28	117	13	10	59	10	0	0	30	4	0	0	16	2	0	14	18	4	0	0	0	4	0	14	18	1	0	0	0	12	0	22	42	48	20	59	190
73	62	30	26	61	51	13	8	42	25	26	61	15	16	36	42	86	90	122	148	40	9	0	40	8	8	42	7	0	33	36	29	40	84	108	23	26	61	10	0	28	18	9	0	61	0	11	16	36	42	81	90	122	148	29	6	0	36	4	0	40	4	0	31	27	10	0	80	89	6	8	42	1	0	25	12	2	0	42	0	3	0	33	36	24	40	84	108	23	26	61	11	0	14	31	11	10	0	0	10	0	28	18	9	0	61	0	11	16	36	42	81	90	122	148	18	5	0	12	1	0	36	3	0	27	6	3	0	72	60	2	0	40	1	0	23	0	2	0	40	0	0	0	31	27	5	0	80	89	6	8	42	6	0	11	0	5	8	0	0	1	0	25	12	2	0	42	0	3	0	33	36	24	40	84	108	16	26	61	10	0	0	30	5	10	0	101	2	0	14	31	5	10	0	0	4	0	28	18	2	0	61	0	11	16	36	42	59	90	122	148
72	57	41	88	29	45	13	62	19	33	52	29	17	79	22	33	99	165	87	34	34	8	48	17	8	29	19	7	43	19	27	26	86	57	9	29	41	29	8	25	14	18	11	25	58	0	11	46	22	33	89	132	87	34	23	4	38	14	3	15	17	2	30	17	18	9	35	51	6	4	18	19	0	8	11	12	0	16	38	0	1	10	19	27	16	53	57	9	28	41	29	6	46	14	18	14	28	29	0	6	25	14	18	11	25	58	0	9	46	22	33	89	132	87	34	13	3	29	6	1	8	14	1	24	14	0	3	24	42	0	1	5	17	0	5	9	0	0	10	34	0	0	0	17	18	4	5	51	6	4	18	19	1	34	11	0	3	21	19	0	0	8	11	12	0	16	38	0	1	10	19	27	16	53	57	9	17	31	29	1	63	0	12	5	8	0	16	0	16	14	18	5	8	29	0	1	15	14	18	2	5	58	0	9	46	22	33	54	122	87	34
81	67	43	33	82	53	11	0	64	39	33	82	20	0	93	46	112	121	246	90	39	6	0	64	7	0	64	4	0	74	46	16	0	192	61	37	33	82	6	0	16	0	15	11	0	0	16	0	93	46	107	121	246	90	25	5	0	64	2	0	64	4	0	74	46	5	0	192	57	5	0	64	1	0	11	0	2	0	0	0	0	0	74	46	11	0	192	61	36	33	82	10	0	0	0	18	11	0	0	6	0	16	0	15	11	0	0	16	0	93	46	107	121	246	90	11	3	0	58	1	0	64	3	0	74	45	3	0	192	50	0	0	64	0	0	11	0	0	0	0	0	0	0	74	46	0	0	192	57	4	0	64	3	0	0	0	3	0	0	0	1	0	11	0	2	0	0	0	0	0	74	46	11	0	192	61	21	33	82	6	0	5	53	6	11	0	0	2	0	0	0	6	11	0	0	0	0	16	0	4	11	0	0	14	0	93	46	61	121	246	90
89	73	47	65	55	57	11	10	50	42	65	55	15	50	86	0	106	150	275	29	41	7	0	50	6	10	50	4	0	76	0	14	20	250	19	40	65	55	8	0	16	0	17	10	55	0	11	50	86	0	101	150	275	29	25	5	0	50	2	0	50	4	0	76	0	5	0	250	17	4	10	50	1	0	11	0	2	0	50	0	0	0	76	0	9	20	250	19	37	65	55	10	0	0	0	16	25	0	0	6	0	16	0	17	10	55	0	11	50	86	0	101	150	275	29	10	3	0	44	1	0	50	3	0	76	0	3	0	250	14	0	0	50	0	0	11	0	0	0	50	0	0	0	76	0	0	0	250	17	3	10	50	3	0	0	0	2	10	0	0	1	0	11	0	2	0	50	0	0	0	76	0	9	20	250	19	22	50	55	6	0	5	47	4	10	0	0	2	0	0	0	4	10	0	0	0	0	16	0	6	10	55	0	9	50	86	0	55	120	275	29
72	59	33	44	50	46	3	8	50	33	44	50	10	32	76	0	73	104	200	0	33	0	0	50	3	8	50	0	0	76	0	6	32	200	0	33	44	50	0	0	11	0	10	8	50	0	10	32	76	0	73	104	200	0	20	0	0	50	0	0	50	0	0	76	0	0	0	200	0	3	8	50	0	0	11	0	0	0	50	0	0	0	76	0	6	32	200	0	28	44	50	0	0	0	0	10	0	0	0	0	0	11	0	10	8	50	0	10	32	76	0	68	104	200	0	8	0	0	44	0	0	50	0	0	76	0	0	0	200	0	0	0	50	0	0	11	0	0	0	50	0	0	0	76	0	0	0	200	0	2	8	50	0	0	0	0	1	0	0	0	0	0	11	0	0	0	50	0	0	0	76	0	6	32	200	0	19	32	50	0	0	0	47	3	0	0	0	0	0	0	0	3	0	0	0	0	0	11	0	6	8	50	0	8	32	76	0	42	56	200	0
51	42	20	18	38	33	3	0	38	20	18	38	11	0	43	0	38	18	114	0	24	0	0	38	3	0	38	0	0	43	0	6	0	114	0	20	18	38	0	0	0	0	4	6	0	0	11	0	43	0	38	18	114	0	15	0	0	38	0	0	38	0	0	43	0	0	0	114	0	3	0	38	0	0	0	0	0	0	0	0	0	0	43	0	6	0	114	0	19	18	38	0	0	0	0	4	0	0	0	0	0	0	0	4	6	0	0	11	0	43	0	38	18	114	0	6	0	0	36	0	0	38	0	0	43	0	0	0	114	0	0	0	38	0	0	0	0	0	0	0	0	0	0	43	0	0	0	114	0	2	0	38	0	0	0	0	1	0	0	0	0	0	0	0	0	0	0	0	0	0	43	0	6	0	114	0	14	18	38	0	0	0	19	1	0	0	0	0	0	0	0	1	0	0	0	0	0	0	0	4	6	0	0	9	0	43	0	24	18	114	0
46	38	31	12	40	30	10	0	14	26	12	40	12	0	35	42	83	54	80	149	22	7	0	11	5	0	14	4	0	14	33	12	0	28	89	24	12	40	6	0	22	33	13	0	0	0	8	0	35	42	78	54	80	149	14	6	0	9	2	0	11	4	0	11	27	5	0	22	83	3	0	14	1	0	14	27	2	0	0	0	0	0	14	33	7	0	28	89	24	12	40	11	0	0	18	16	6	0	0	6	0	22	33	13	0	0	0	8	0	35	42	78	54	80	149	6	4	0	6	1	0	9	3	0	9	18	3	0	18	73	0	0	11	0	0	11	18	0	0	0	0	0	0	11	27	0	0	22	83	3	0	14	4	0	0	12	3	0	0	0	1	0	14	27	2	0	0	0	0	0	14	33	7	0	28	89	12	12	40	7	0	5	18	5	6	0	0	2	0	0	18	5	6	0	0	0	0	22	33	2	0	0	0	8	0	35	42	42	54	80	149
35	28	6	0	46	21	1	0	15	6	0	46	2	0	18	52	14	0	0	143	14	0	0	15	1	0	15	0	0	0	52	0	0	0	138	6	0	46	0	0	0	0	0	0	0	0	2	0	18	52	14	0	0	143	7	0	0	15	0	0	15	0	0	0	52	0	0	0	138	1	0	15	0	0	0	0	0	0	0	0	0	0	0	52	0	0	0	138	5	0	46	0	0	0	0	3	0	0	0	0	0	0	0	0	0	0	0	2	0	18	52	14	0	0	143	0	0	0	15	0	0	15	0	0	0	52	0	0	0	138	0	0	15	0	0	0	0	0	0	0	0	0	0	0	52	0	0	0	138	0	0	15	0	0	0	0	0	0	0	0	0	0	0	0	0	0	0	0	0	0	0	52	0	0	0	138	0	0	46	0	0	0	0	0	0	0	0	0	0	0	0	0	0	0	0	0	0	0	0	0	0	0	0	0	0	18	52	0	0	0	143
66	52	22	35	77	38	3	11	32	20	35	77	1	22	32	109	48	66	154	225	24	3	0	32	1	11	32	1	0	11	109	2	0	64	202	19	35	77	7	0	0	0	9	0	77	0	0	22	32	109	46	66	154	225	11	1	0	32	1	0	32	1	0	11	109	2	0	64	202	0	11	32	0	0	0	0	0	0	32	0	0	0	11	109	0	0	64	202	13	22	77	5	0	0	0	10	11	0	0	5	0	0	0	9	0	77	0	0	22	32	109	41	66	154	225	0	0	0	32	0	0	32	0	0	11	109	0	0	64	202	0	0	32	0	0	0	0	0	0	32	0	0	0	11	109	0	0	64	202	0	0	32	0	0	0	0	0	0	0	0	0	0	0	0	0	0	32	0	0	0	11	109	0	0	64	202	0	0	77	0	0	0	0	0	0	0	0	0	0	0	0	0	0	0	0	0	0	0	0	0	0	77	0	0	0	32	109	0	0	154	225
39	31	12	7	35	23	2	0	7	11	7	35	2	0	18	28	24	14	35	143	15	1	0	7	1	0	7	0	0	0	28	0	0	7	138	11	7	35	2	0	0	0	4	0	0	0	2	0	18	28	24	14	35	143	7	0	0	7	0	0	7	0	0	0	28	0	0	7	138	1	0	7	0	0	0	0	0	0	0	0	0	0	0	28	0	0	7	138	8	7	35	0	0	0	0	6	7	0	0	0	0	0	0	4	0	0	0	2	0	18	28	24	14	35	143	0	0	0	7	0	0	7	0	0	0	28	0	0	7	138	0	0	7	0	0	0	0	0	0	0	0	0	0	0	28	0	0	7	138	0	0	7	0	0	0	0	0	0	0	0	0	0	0	0	0	0	0	0	0	0	0	28	0	0	7	138	0	0	35	0	0	0	0	0	0	0	0	0	0	0	0	0	0	0	0	0	0	0	0	0	0	0	0	0	0	18	28	0	0	35	143
83	64	56	95	115	46	22	34	78	45	77	115	43	17	104	96	101	238	575	177	29	12	29	61	13	17	78	14	17	87	61	28	34	390	128	37	60	115	17	60	44	56	12	60	0	90	33	0	104	96	81	204	575	177	12	5	12	58	3	12	61	4	12	79	58	7	24	305	125	5	0	78	2	0	44	47	0	0	0	61	4	0	87	61	8	0	390	128	15	60	115	7	60	30	33	12	48	115	0	6	60	44	56	12	60	0	90	12	0	104	96	48	204	575	177	0	0	0	53	0	0	58	0	0	76	56	0	0	290	123	0	0	61	0	0	44	41	0	0	0	57	0	0	79	58	0	0	305	125	0	0	78	0	0	27	27	0	0	78	0	0	0	44	47	0	0	0	61	0	0	87	61	0	0	390	128	0	0	115	0	0	52	45	0	0	115	0	0	0	30	33	0	0	115	0	0	0	44	56	0	0	0	90	0	0	104	96	0	0	575	177
66	52	46	40	67	38	19	0	26	37	40	67	33	0	70	48	82	120	268	227	24	12	0	21	10	0	26	13	0	46	33	21	0	104	178	30	40	67	20	0	20	0	11	40	0	29	22	0	70	48	65	120	268	227	10	5	0	21	3	0	21	5	0	41	33	7	0	84	175	3	0	26	2	0	20	0	0	0	0	19	2	0	46	33	4	0	104	178	15	40	67	11	0	18	0	12	40	0	0	9	0	20	0	11	40	0	29	8	0	70	48	46	120	268	227	0	0	0	19	0	0	21	0	0	41	33	0	0	84	173	0	0	21	0	0	20	0	0	0	0	17	0	0	41	33	0	0	84	175	0	0	26	0	0	15	0	0	0	0	0	0	0	20	0	0	0	0	19	0	0	46	33	0	0	104	178	0	0	67	0	0	34	16	0	0	0	0	0	0	18	0	0	0	0	0	0	0	20	0	0	0	0	29	0	0	70	48	0	0	268	227
64	47	38	52	123	30	15	0	79	31	52	123	29	0	61	124	57	65	492	259	13	7	0	67	8	0	79	8	0	44	82	19	0	316	136	18	52	123	11	0	37	50	0	0	0	50	21	0	61	124	28	65	492	259	0	0	0	64	0	0	67	0	0	44	79	0	0	268	114	0	0	79	0	0	22	47	0	0	0	50	0	0	44	82	0	0	316	136	0	0	123	0	0	43	42	0	0	0	0	0	0	37	50	0	0	0	50	0	0	61	124	0	0	492	259	0	0	0	61	0	0	64	0	0	44	76	0	0	256	111	0	0	67	0	0	22	44	0	0	0	50	0	0	44	79	0	0	268	114	0	0	79	0	0	28	33	0	0	0	0	0	0	22	47	0	0	0	50	0	0	44	82	0	0	316	136	0	0	0	0	0	0	33	0	0	0	0	0	0	0	42	0	0	0	0	0	0	0	50	0	0	0	50	0	0	0	124	0	0	0	259
41	28	36	48	44	17	13	34	18	24	26	44	24	52	24	36	44	45	44	182	8	7	16	15	6	16	18	7	32	20	30	15	40	18	104	18	8	44	9	16	34	15	0	0	88	0	17	16	24	36	29	0	44	182	0	0	0	10	0	0	15	0	0	20	20	0	0	15	82	0	0	18	0	0	18	0	0	0	36	0	0	0	20	30	0	0	18	104	0	0	44	0	0	54	0	0	0	88	29	0	0	34	15	0	0	88	0	0	0	24	36	0	0	44	182	0	0	0	10	0	0	10	0	0	20	20	0	0	10	79	0	0	15	0	0	15	0	0	0	30	0	0	0	20	20	0	0	15	82	0	0	18	0	0	34	0	0	0	36	19	0	0	18	0	0	0	36	0	0	0	20	30	0	0	18	104	0	0	0	0	0	0	0	0	0	0	0	0	0	0	0	0	0	0	29	0	0	0	15	0	0	0	0	0	0	0	36	0	0	0	182
52	36	42	81	47	21	11	29	22	32	66	47	17	106	50	32	59	145	235	182	8	5	8	22	6	16	22	6	16	44	32	14	40	110	104	16	40	47	6	40	37	0	0	0	94	0	11	80	50	32	23	80	235	182	0	0	0	22	0	0	22	0	0	44	32	0	0	110	82	0	0	22	0	0	22	0	0	0	44	0	0	0	44	32	0	0	110	104	0	0	47	0	0	24	0	0	0	47	0	0	0	37	0	0	0	94	0	0	0	50	32	0	0	235	182	0	0	0	22	0	0	22	0	0	44	32	0	0	110	79	0	0	22	0	0	22	0	0	0	44	0	0	0	44	32	0	0	110	82	0	0	22	0	0	10	0	0	0	22	0	0	0	22	0	0	0	44	0	0	0	44	32	0	0	110	104	0	0	0	0	0	0	0	0	0	0	0	0	0	0	0	0	0	0	0	0	0	0	0	0	0	0	0	0	0	0	32	0	0	0	182
43	31	26	29	55	20	10	11	10	22	18	55	24	0	11	50	40	0	110	294	9	4	9	0	6	0	10	7	0	0	0	15	0	20	143	16	18	55	7	18	12	0	0	0	0	55	17	0	11	50	25	0	110	294	0	0	0	0	0	0	0	0	0	0	0	0	0	0	121	0	0	10	0	0	0	0	0	0	0	50	0	0	0	0	0	0	20	143	0	0	55	0	0	12	0	0	0	55	0	0	0	12	0	0	0	0	55	0	0	11	50	0	0	110	294	0	0	0	0	0	0	0	0	0	0	0	0	0	0	118	0	0	0	0	0	0	0	0	0	0	50	0	0	0	0	0	0	0	121	0	0	10	0	0	0	0	0	0	10	0	0	0	0	0	0	0	0	50	0	0	0	0	0	0	20	143	0	0	0	0	0	0	0	0	0	0	0	0	0	0	0	0	0	0	0	0	0	0	0	0	0	0	55	0	0	0	50	0	0	0	294
37	26	35	35	12	15	10	5	0	27	35	12	19	25	0	0	49	80	60	115	5	5	0	0	5	5	0	7	0	0	0	12	15	0	78	12	25	12	9	0	12	0	0	0	12	0	12	25	0	0	15	50	60	115	0	0	0	0	0	0	0	0	0	0	0	0	0	0	61	0	0	0	0	0	0	0	0	0	0	0	0	0	0	0	0	0	0	78	0	0	12	0	0	12	0	0	0	0	0	0	0	12	0	0	0	12	0	0	0	0	0	0	0	60	115	0	0	0	0	0	0	0	0	0	0	0	0	0	0	58	0	0	0	0	0	0	0	0	0	0	0	0	0	0	0	0	0	0	61	0	0	0	0	0	0	0	0	0	0	0	0	0	0	0	0	0	0	0	0	0	0	0	0	0	0	78	0	0	0	0	0	0	0	0	0	0	0	0	0	0	0	0	0	0	0	0	0	0	0	0	0	0	0	0	0	0	0	0	0	0	115
47	30	26	52	108	13	2	0	77	15	52	108	3	0	103	62	33	117	432	182	0	0	0	74	0	0	77	0	0	77	54	0	0	308	101	0	0	108	0	0	23	32	0	0	0	0	0	0	103	62	0	0	432	182	0	0	0	74	0	0	74	0	0	74	54	0	0	296	89	0	0	77	0	0	12	32	0	0	0	0	0	0	77	54	0	0	308	101	0	0	0	0	0	0	0	0	0	0	0	0	0	0	32	0	0	0	0	0	0	0	62	0	0	0	182	0	0	0	74	0	0	74	0	0	74	54	0	0	296	86	0	0	74	0	0	10	32	0	0	0	0	0	0	74	54	0	0	296	89	0	0	0	0	0	0	0	0	0	0	0	0	0	0	32	0	0	0	0	0	0	0	54	0	0	0	101	0	0	0	0	0	0	0	0	0	0	0	0	0	0	0	0	0	0	0	0	0	0	32	0	0	0	0	0	0	0	0	0	0	0	0
30	20	14	0	75	10	3	0	35	11	0	75	3	0	61	62	24	0	0	237	0	0	0	32	0	0	35	0	0	35	54	0	0	0	111	0	0	75	0	0	32	32	0	0	0	0	0	0	61	62	0	0	0	237	0	0	0	32	0	0	32	0	0	32	54	0	0	0	89	0	0	35	0	0	12	32	0	0	0	0	0	0	35	54	0	0	0	111	0	0	0	0	0	0	0	0	0	0	0	0	0	0	32	0	0	0	0	0	0	0	62	0	0	0	237	0	0	0	32	0	0	32	0	0	32	54	0	0	0	86	0	0	32	0	0	10	32	0	0	0	0	0	0	32	54	0	0	0	89	0	0	0	0	0	0	0	0	0	0	0	0	0	0	32	0	0	0	0	0	0	0	54	0	0	0	111	0	0	0	0	0	0	0	0	0	0	0	0	0	0	0	0	0	0	0	0	0	0	32	0	0	0	0	0	0	0	0	0	0	0	0
27	18	14	0	56	9	4	0	11	10	0	56	6	0	37	22	23	0	0	281	0	0	0	0	0	0	11	0	0	0	0	0	0	0	129	0	0	56	0	0	33	0	0	0	0	77	0	0	37	22	0	0	0	281	0	0	0	0	0	0	0	0	0	0	0	0	0	0	104	0	0	11	0	0	0	0	0	0	0	32	0	0	0	0	0	0	0	129	0	0	0	0	0	0	0	0	0	0	0	0	0	0	0	0	0	0	77	0	0	0	22	0	0	0	281	0	0	0	0	0	0	0	0	0	0	0	0	0	0	96	0	0	0	0	0	0	0	0	0	0	32	0	0	0	0	0	0	0	104	0	0	0	0	0	0	0	0	0	0	0	0	0	0	0	0	0	0	32	0	0	0	0	0	0	0	129	0	0	0	0	0	0	0	0	0	0	0	0	0	0	0	0	0	0	0	0	0	0	0	0	0	0	77	0	0	0	0	0	0	0	0
23	15	14	7	26	7	1	0	0	12	7	26	2	0	21	0	29	7	26	182	0	0	0	0	0	0	0	0	0	0	0	0	0	0	101	0	0	26	0	0	8	0	0	0	0	0	0	0	21	0	0	0	26	182	0	0	0	0	0	0	0	0	0	0	0	0	0	0	89	0	0	0	0	0	0	0	0	0	0	0	0	0	0	0	0	0	0	101	0	0	0	0	0	0	0	0	0	0	0	0	0	0	0	0	0	0	0	0	0	0	0	0	0	0	182	0	0	0	0	0	0	0	0	0	0	0	0	0	0	86	0	0	0	0	0	0	0	0	0	0	0	0	0	0	0	0	0	0	89	0	0	0	0	0	0	0	0	0	0	0	0	0	0	0	0	0	0	0	0	0	0	0	0	0	0	101	0	0	0	0	0	0	0	0	0	0	0	0	0	0	0	0	0	0	0	0	0	0	0	0	0	0	0	0	0	0	0	0	0	0	0
22	13	21	20	13	4	1	0	0	8	20	13	2	0	21	0	18	48	65	59	0	0	0	0	0	0	0	0	0	0	0	0	0	0	22	0	0	13	0	0	8	0	0	0	0	0	0	0	21	0	0	0	65	59	0	0	0	0	0	0	0	0	0	0	0	0	0	0	22	0	0	0	0	0	0	0	0	0	0	0	0	0	0	0	0	0	0	22	0	0	0	0	0	0	0	0	0	0	0	0	0	0	0	0	0	0	0	0	0	0	0	0	0	0	59	0	0	0	0	0	0	0	0	0	0	0	0	0	0	22	0	0	0	0	0	0	0	0	0	0	0	0	0	0	0	0	0	0	22	0	0	0	0	0	0	0	0	0	0	0	0	0	0	0	0	0	0	0	0	0	0	0	0	0	0	22	0	0	0	0	0	0	0	0	0	0	0	0	0	0	0	0	0	0	0	0	0	0	0	0	0	0	0	0	0	0	0	0	0	0	0
36	17	15	34	169	0	0	0	137	0	0	169	0	0	65	170	0	0	338	121	0	0	0	111	0	0	137	0	0	56	112	0	0	274	77	0	0	0	0	0	0	122	0	0	0	91	0	0	0	170	0	0	0	121	0	0	0	96	0	0	111	0	0	24	106	0	0	222	74	0	0	0	0	0	0	54	0	0	0	40	0	0	0	112	0	0	0	77	0	0	0	0	0	0	32	0	0	0	115	0	0	0	122	0	0	0	91	0	0	0	0	0	0	0	0	0	0	0	96	0	0	96	0	0	10	106	0	0	192	74	0	0	0	0	0	0	54	0	0	0	37	0	0	0	106	0	0	0	74	0	0	0	0	0	0	32	0	0	0	78	0	0	0	54	0	0	0	40	0	0	0	0	0	0	0	0	0	0	0	0	0	0	0	0	0	0	0	0	0	0	32	0	0	0	115	0	0	0	0	0	0	0	0	0	0	0	0	0	0	0	0
17	8	11	8	33	0	0	0	9	0	0	33	0	0	0	0	0	0	33	147	0	0	0	9	0	0	9	0	0	0	0	0	0	9	77	0	0	0	0	0	0	0	0	0	0	0	0	0	0	0	0	0	0	147	0	0	0	9	0	0	9	0	0	0	0	0	0	9	74	0	0	0	0	0	0	0	0	0	0	0	0	0	0	0	0	0	0	77	0	0	0	0	0	0	0	0	0	0	0	0	0	0	0	0	0	0	0	0	0	0	0	0	0	0	0	0	0	0	9	0	0	9	0	0	0	0	0	0	9	74	0	0	0	0	0	0	0	0	0	0	0	0	0	0	0	0	0	0	74	0	0	0	0	0	0	0	0	0	0	0	0	0	0	0	0	0	0	0	0	0	0	0	0	0	0	0	0	0	0	0	0	0	0	0	0	0	0	0	0	0	0	0	0	0	0	0	0	0	0	0	0	0	0	0	0	0	0	0	0	0	0
23	10	13	30	59	0	0	0	55	0	0	59	0	0	44	0	0	0	177	13	0	0	0	54	0	0	55	0	0	44	0	0	0	165	0	0	0	0	0	0	0	10	0	0	0	0	0	0	0	0	0	0	0	13	0	0	0	52	0	0	54	0	0	41	0	0	0	162	0	0	0	0	0	0	0	8	0	0	0	0	0	0	0	0	0	0	0	0	0	0	0	0	0	0	16	0	0	0	0	0	0	0	10	0	0	0	0	0	0	0	0	0	0	0	0	0	0	0	49	0	0	52	0	0	35	0	0	0	156	0	0	0	0	0	0	0	5	0	0	0	0	0	0	0	0	0	0	0	0	0	0	0	0	0	0	10	0	0	0	0	0	0	0	8	0	0	0	0	0	0	0	0	0	0	0	0	0	0	0	0	0	0	15	0	0	0	0	0	0	0	16	0	0	0	0	0	0	0	0	0	0	0	0	0	0	0	0	0	0	0	0
21	9	12	27	49	0	0	0	21	0	0	49	0	0	31	73	0	0	147	121	0	0	0	0	0	0	21	0	0	24	0	0	0	63	77	0	0	0	0	0	0	0	0	0	0	103	0	0	0	73	0	0	0	121	0	0	0	0	0	0	0	0	0	0	0	0	0	0	74	0	0	0	0	0	0	0	0	0	0	40	0	0	0	0	0	0	0	77	0	0	0	0	0	0	0	0	0	0	0	0	0	0	0	0	0	0	103	0	0	0	0	0	0	0	0	0	0	0	0	0	0	0	0	0	0	0	0	0	0	74	0	0	0	0	0	0	0	0	0	0	37	0	0	0	0	0	0	0	74	0	0	0	0	0	0	0	0	0	0	0	0	0	0	0	0	0	0	40	0	0	0	0	0	0	0	0	0	0	0	0	0	0	0	0	0	0	0	0	0	0	0	0	0	0	0	0	0	0	0	0	0	0	0	0	0	0	0	0	0	0	0
15	6	9	18	17	0	0	0	0	0	0	17	0	0	0	0	0	0	51	121	0	0	0	0	0	0	0	0	0	0	0	0	0	0	77	0	0	0	0	0	0	0	0	0	0	0	0	0	0	0	0	0	0	121	0	0	0	0	0	0	0	0	0	0	0	0	0	0	74	0	0	0	0	0	0	0	0	0	0	0	0	0	0	0	0	0	0	77	0	0	0	0	0	0	0	0	0	0	0	0	0	0	0	0	0	0	0	0	0	0	0	0	0	0	0	0	0	0	0	0	0	0	0	0	0	0	0	0	0	74	0	0	0	0	0	0	0	0	0	0	0	0	0	0	0	0	0	0	74	0	0	0	0	0	0	0	0	0	0	0	0	0	0	0	0	0	0	0	0	0	0	0	0	0	0	0	0	0	0	0	0	0	0	0	0	0	0	0	0	0	0	0	0	0	0	0	0	0	0	0	0	0	0	0	0	0	0	0	0	0	0
15	0	0	0	167	0	0	0	109	0	0	0	0	0	0	100	0	0	0	327	0	0	0	99	0	0	0	0	0	0	86	0	0	0	222	0	0	0	0	0	0	96	0	0	0	0	0	0	0	0	0	0	0	0	0	0	0	64	0	0	0	0	0	0	45	0	0	0	174	0	0	0	0	0	0	24	0	0	0	0	0	0	0	0	0	0	0	0	0	0	0	0	0	0	125	0	0	0	146	0	0	0	0	0	0	0	0	0	0	0	0	0	0	0	0	0	0	0	47	0	0	0	0	0	0	29	0	0	0	157	0	0	0	0	0	0	20	0	0	0	0	0	0	0	0	0	0	0	0	0	0	0	0	0	0	56	0	0	0	50	0	0	0	0	0	0	0	0	0	0	0	0	0	0	0	0	0	0	0	0	0	0	54	0	0	0	115	0	0	0	0	0	0	0	0	0	0	0	0	0	0	0	0	0	0	0	0	0	0	0	0
8	0	0	0	65	0	0	0	20	0	0	0	0	0	0	29	0	0	0	294	0	0	0	19	0	0	0	0	0	0	27	0	0	0	213	0	0	0	0	0	0	8	0	0	0	0	0	0	0	0	0	0	0	0	0	0	0	10	0	0	0	0	0	0	10	0	0	0	165	0	0	0	0	0	0	0	0	0	0	0	0	0	0	0	0	0	0	0	0	0	0	0	0	0	10	0	0	0	44	0	0	0	0	0	0	0	0	0	0	0	0	0	0	0	0	0	0	0	8	0	0	0	0	0	0	8	0	0	0	148	0	0	0	0	0	0	0	0	0	0	0	0	0	0	0	0	0	0	0	0	0	0	0	0	0	8	0	0	0	18	0	0	0	0	0	0	0	0	0	0	0	0	0	0	0	0	0	0	0	0	0	0	16	0	0	0	0	0	0	0	0	0	0	0	0	0	0	0	0	0	0	0	0	0	0	0	0	0	0	0	0
6	0	0	0	37	0	0	0	11	0	0	0	0	0	0	11	0	0	0	125	0	0	0	11	0	0	0	0	0	0	11	0	0	0	76	0	0	0	0	0	0	0	0	0	0	0	0	0	0	0	0	0	0	0	0	0	0	10	0	0	0	0	0	0	10	0	0	0	54	0	0	0	0	0	0	0	0	0	0	0	0	0	0	0	0	0	0	0	0	0	0	0	0	0	10	0	0	0	0	0	0	0	0	0	0	0	0	0	0	0	0	0	0	0	0	0	0	0	8	0	0	0	0	0	0	8	0	0	0	52	0	0	0	0	0	0	0	0	0	0	0	0	0	0	0	0	0	0	0	0	0	0	0	0	0	8	0	0	0	0	0	0	0	0	0	0	0	0	0	0	0	0	0	0	0	0	0	0	0	0	0	0	16	0	0	0	0	0	0	0	0	0	0	0	0	0	0	0	0	0	0	0	0	0	0	0	0	0	0	0	0
