107	103	20	5	0	99	14	4	0	19	5	0	13	2	0	0	39	13	0	0	96	14	4	0	14	4	0	13	2	0	0	34	12	0	0	9	2	0	0	0	0	0	3	0	0	0	13	2	0	0	29	10	0	0	94	14	4	0	14	4	0	13	2	0	0	34	12	0	0	9	2	0	0	0	0	0	3	0	0	0	13	2	0	0	29	10	0	0	7	0	0	0	0	0	0	0	0	0	0	0	0	0	0	3	0	0	0	8	0	0	0	19	0	0	0	92	14	4	0	14	4	0	13	2	0	0	34	12	0	0	9	2	0	0	0	0	0	3	0	0	0	13	2	0	0	29	10	0	0	7	0	0	0	0	0	0	0	0	0	0	0	0	0	0	3	0	0	0	8	0	0	0	19	0	0	0	7	0	0	0	0	0	0	2	0	0	0	0	0	0	0	0	0	0	0	0	0	0	0	3	0	0	0	8	0	0	0	19	0	0	0
220	212	35	21	0	204	22	19	0	33	21	0	16	10	0	0	61	45	0	0	198	22	19	0	22	19	0	16	10	0	0	54	43	0	0	24	9	0	0	0	0	0	4	0	0	0	16	10	0	0	52	33	0	0	193	22	19	0	22	19	0	16	10	0	0	54	43	0	0	18	9	0	0	0	0	0	4	0	0	0	16	10	0	0	50	33	0	0	22	4	0	0	0	0	0	1	0	0	0	0	0	0	0	4	0	0	0	12	0	0	0	42	8	0	0	188	22	19	0	22	19	0	16	10	0	0	54	43	0	0	18	9	0	0	0	0	0	4	0	0	0	16	10	0	0	50	33	0	0	16	4	0	0	0	0	0	1	0	0	0	0	0	0	0	4	0	0	0	12	0	0	0	40	8	0	0	22	4	0	0	0	0	0	3	0	0	0	0	0	0	0	1	0	0	0	0	0	0	0	4	0	0	0	12	0	0	0	42	8	0	0
269	255	61	75	0	241	32	64	0	58	75	0	25	62	0	0	110	175	0	0	230	29	64	0	32	64	0	13	62	0	0	66	148	0	0	42	42	0	1	0	0	0	7	18	0	0	25	62	0	0	94	142	0	0	220	29	64	0	29	64	0	13	62	0	0	63	148	0	0	21	34	0	1	0	0	0	3	12	0	0	13	62	0	0	55	118	0	0	38	32	0	9	0	0	0	2	0	0	0	1	0	0	0	7	18	0	0	18	32	0	0	79	92	0	0	210	27	64	0	29	64	0	13	62	0	0	63	148	0	0	18	34	0	1	0	0	0	2	12	0	0	13	62	0	0	52	118	0	0	17	24	0	5	0	0	0	2	0	0	0	1	0	0	0	3	12	0	0	6	32	0	0	40	68	0	0	38	32	0	8	0	0	0	3	8	0	0	9	0	0	0	2	0	0	0	1	0	0	0	7	18	0	0	18	32	0	0	79	92	0	0
248	240	47	22	0	232	34	19	0	47	22	0	30	0	0	0	90	48	0	0	224	33	19	0	34	19	0	26	0	0	0	73	48	0	0	39	22	0	1	0	0	0	8	5	0	0	30	0	0	0	82	48	0	0	216	33	19	0	33	19	0	26	0	0	0	73	48	0	0	26	19	0	1	0	0	0	6	5	0	0	26	0	0	0	65	48	0	0	37	22	0	0	0	0	0	1	0	0	0	1	0	0	0	8	5	0	0	25	0	0	0	72	48	0	0	208	33	19	0	33	19	0	26	0	0	0	73	48	0	0	25	19	0	1	0	0	0	6	5	0	0	26	0	0	0	65	48	0	0	24	19	0	0	0	0	0	1	0	0	0	1	0	0	0	6	5	0	0	21	0	0	0	55	48	0	0	37	22	0	0	0	0	0	3	0	0	0	0	0	0	0	1	0	0	0	1	0	0	0	8	5	0	0	25	0	0	0	72	48	0	0
395	383	70	57	0	371	56	44	0	70	57	0	49	28	0	0	159	105	0	0	359	56	44	0	56	44	0	49	28	0	0	142	98	0	0	64	57	0	8	0	0	0	13	0	0	0	49	28	0	0	153	105	0	0	347	55	44	0	56	44	0	49	28	0	0	142	98	0	0	50	44	0	7	0	0	0	11	0	0	0	49	28	0	0	136	98	0	0	61	57	0	1	0	0	0	4	7	0	0	8	0	0	0	13	0	0	0	43	28	0	0	141	105	0	0	335	54	44	0	55	44	0	48	28	0	0	140	98	0	0	50	44	0	7	0	0	0	11	0	0	0	49	28	0	0	136	98	0	0	47	44	0	0	0	0	0	3	6	0	0	7	0	0	0	11	0	0	0	43	28	0	0	124	98	0	0	61	57	0	3	0	0	0	12	7	0	0	1	0	0	0	4	7	0	0	8	0	0	0	13	0	0	0	43	28	0	0	141	105	0	0
299	289	47	36	6	279	34	30	0	47	36	6	30	27	0	0	98	70	0	0	269	33	29	0	34	30	0	26	24	0	0	86	62	0	0	47	36	6	6	4	0	0	6	5	0	0	30	27	0	0	98	70	0	0	259	33	29	0	33	29	0	26	24	0	0	83	62	0	0	34	30	0	6	4	0	0	5	4	0	0	26	24	0	0	86	62	0	0	47	36	6	0	0	0	0	3	0	0	0	6	4	0	0	6	5	0	0	30	27	0	0	98	70	0	0	249	33	29	0	33	29	0	26	24	0	0	83	62	0	0	33	29	0	6	4	0	0	5	4	0	0	26	24	0	0	83	62	0	0	34	30	0	0	0	0	0	2	0	0	0	6	4	0	0	5	4	0	0	26	24	0	0	86	62	0	0	47	36	6	0	0	0	0	5	0	0	0	0	0	0	0	3	0	0	0	6	4	0	0	6	5	0	0	30	27	0	0	98	70	0	0
273	265	46	21	3	257	36	18	0	46	21	3	32	14	0	0	114	40	0	0	249	36	16	0	36	18	0	32	12	0	0	96	36	0	0	46	21	3	5	8	0	0	8	0	0	0	32	14	0	0	114	40	0	0	241	36	16	0	36	16	0	32	12	0	0	96	36	0	0	36	18	0	5	8	0	0	4	0	0	0	32	12	0	0	96	36	0	0	46	21	3	0	0	0	0	6	0	0	0	5	8	0	0	8	0	0	0	32	14	0	0	114	40	0	0	233	36	16	0	36	16	0	32	12	0	0	96	36	0	0	36	16	0	5	8	0	0	4	0	0	0	32	12	0	0	96	36	0	0	36	18	0	0	0	0	0	3	0	0	0	5	8	0	0	4	0	0	0	32	12	0	0	96	36	0	0	46	21	3	0	0	0	0	6	0	0	0	0	0	0	0	6	0	0	0	5	8	0	0	8	0	0	0	32	14	0	0	114	40	0	0
443	429	78	76	3	415	50	66	0	78	76	3	42	80	0	0	190	198	0	0	401	48	63	0	50	66	0	36	74	0	0	141	174	0	0	78	76	3	10	24	0	0	12	16	0	0	42	80	0	0	190	198	0	0	387	47	63	0	48	63	0	36	74	0	0	135	174	0	0	50	66	0	5	24	0	0	5	13	0	0	36	74	0	0	141	174	0	0	78	76	3	5	0	0	0	9	8	0	0	10	24	0	0	12	16	0	0	42	80	0	0	190	198	0	0	373	46	63	0	47	63	0	35	74	0	0	132	174	0	0	48	63	0	5	24	0	0	5	13	0	0	36	74	0	0	135	174	0	0	50	66	0	0	0	0	0	4	8	0	0	5	24	0	0	5	13	0	0	36	74	0	0	141	174	0	0	78	76	3	0	0	0	0	7	8	0	0	5	0	0	0	9	8	0	0	10	24	0	0	12	16	0	0	42	80	0	0	190	198	0	0
393	380	88	71	0	367	56	62	0	88	71	0	48	32	0	0	235	240	0	0	354	55	62	0	56	62	0	46	32	0	0	161	227	0	0	87	71	0	12	0	0	0	12	6	0	0	48	32	0	0	234	240	0	0	341	54	62	0	55	62	0	46	32	0	0	158	227	0	0	55	62	0	10	0	0	0	5	4	0	0	46	32	0	0	160	227	0	0	83	71	0	1	0	0	0	11	4	0	0	12	0	0	0	12	6	0	0	46	32	0	0	224	240	0	0	328	54	62	0	54	62	0	46	32	0	0	155	227	0	0	54	62	0	10	0	0	0	5	4	0	0	46	32	0	0	157	227	0	0	51	62	0	1	0	0	0	5	4	0	0	10	0	0	0	5	4	0	0	44	32	0	0	150	227	0	0	82	71	0	0	0	0	0	20	0	0	0	1	0	0	0	11	4	0	0	11	0	0	0	11	6	0	0	44	32	0	0	221	240	0	0
407	396	69	50	0	385	53	41	0	69	50	0	42	21	0	0	189	123	0	0	374	53	41	0	53	41	0	42	21	0	0	152	117	0	0	69	50	0	5	0	0	0	12	0	0	0	42	21	0	0	189	123	0	0	363	52	41	0	53	41	0	42	21	0	0	152	117	0	0	53	41	0	3	0	0	0	7	0	0	0	42	21	0	0	152	117	0	0	69	50	0	0	0	0	0	7	6	0	0	5	0	0	0	12	0	0	0	42	21	0	0	189	123	0	0	352	52	41	0	52	41	0	42	21	0	0	149	117	0	0	53	41	0	3	0	0	0	7	0	0	0	42	21	0	0	152	117	0	0	53	41	0	0	0	0	0	4	6	0	0	3	0	0	0	7	0	0	0	42	21	0	0	152	117	0	0	69	50	0	0	0	0	0	5	0	0	0	0	0	0	0	7	6	0	0	5	0	0	0	12	0	0	0	42	21	0	0	189	123	0	0
467	453	78	79	5	439	50	72	0	78	79	5	35	54	0	0	195	224	0	0	425	50	72	0	50	72	0	35	54	0	0	143	206	0	0	78	79	5	3	0	0	0	10	0	0	0	35	54	0	0	195	224	0	0	411	49	72	0	50	72	0	35	54	0	0	143	206	0	0	50	72	0	1	0	0	0	2	0	0	0	35	54	0	0	143	206	0	0	78	79	5	1	0	0	0	9	8	0	0	3	0	0	0	10	0	0	0	35	54	0	0	195	224	0	0	397	49	72	0	49	72	0	35	54	0	0	140	206	0	0	50	72	0	1	0	0	0	2	0	0	0	35	54	0	0	143	206	0	0	50	72	0	1	0	0	0	3	6	0	0	1	0	0	0	2	0	0	0	35	54	0	0	143	206	0	0	78	79	5	2	0	0	0	10	0	0	0	1	0	0	0	9	8	0	0	3	0	0	0	10	0	0	0	35	54	0	0	195	224	0	0
410	400	56	36	2	390	42	33	0	56	36	2	29	15	0	0	131	69	0	0	380	42	33	0	42	33	0	29	15	0	0	109	69	0	0	56	36	2	0	0	0	0	7	0	0	0	29	15	0	0	131	69	0	0	370	42	33	0	42	33	0	29	15	0	0	109	69	0	0	42	33	0	0	0	0	0	6	0	0	0	29	15	0	0	109	69	0	0	56	36	2	0	0	0	0	3	0	0	0	0	0	0	0	7	0	0	0	29	15	0	0	131	69	0	0	360	42	33	0	42	33	0	29	15	0	0	109	69	0	0	42	33	0	0	0	0	0	6	0	0	0	29	15	0	0	109	69	0	0	42	33	0	0	0	0	0	3	0	0	0	0	0	0	0	6	0	0	0	29	15	0	0	109	69	0	0	56	36	2	0	0	0	0	1	0	0	0	0	0	0	0	3	0	0	0	0	0	0	0	7	0	0	0	29	15	0	0	131	69	0	0
384	375	57	25	2	366	38	23	0	57	25	2	23	10	0	0	137	78	0	0	357	38	23	0	38	23	0	23	10	0	0	98	75	0	0	57	25	2	0	0	0	0	9	0	0	0	23	10	0	0	137	78	0	0	348	38	23	0	38	23	0	23	10	0	0	98	75	0	0	38	23	0	0	0	0	0	2	0	0	0	23	10	0	0	98	75	0	0	57	25	2	0	0	0	0	6	0	0	0	0	0	0	0	9	0	0	0	23	10	0	0	137	78	0	0	339	38	23	0	38	23	0	23	10	0	0	98	75	0	0	38	23	0	0	0	0	0	2	0	0	0	23	10	0	0	98	75	0	0	38	23	0	0	0	0	0	2	0	0	0	0	0	0	0	2	0	0	0	23	10	0	0	98	75	0	0	57	25	2	0	0	0	0	4	0	0	0	0	0	0	0	6	0	0	0	0	0	0	0	9	0	0	0	23	10	0	0	137	78	0	0
521	509	62	58	0	497	35	47	0	62	58	0	30	33	0	0	149	138	0	0	485	33	47	0	35	47	0	24	33	0	0	89	113	0	0	62	58	0	2	0	0	0	7	10	0	0	30	33	0	0	149	138	0	0	473	33	47	0	33	47	0	24	33	0	0	83	113	0	0	35	47	0	2	0	0	0	4	10	0	0	24	33	0	0	89	113	0	0	62	58	0	0	0	0	0	3	0	0	0	2	0	0	0	7	10	0	0	30	33	0	0	149	138	0	0	461	33	47	0	33	47	0	24	33	0	0	83	113	0	0	33	47	0	2	0	0	0	4	10	0	0	24	33	0	0	83	113	0	0	35	47	0	0	0	0	0	0	0	0	0	2	0	0	0	4	10	0	0	24	33	0	0	89	113	0	0	62	58	0	12	0	0	0	7	0	0	0	0	0	0	0	3	0	0	0	2	0	0	0	7	10	0	0	30	33	0	0	149	138	0	0
338	331	45	10	0	324	28	0	0	45	10	0	24	0	0	0	107	30	0	0	317	28	0	0	28	0	0	24	0	0	0	68	0	0	0	45	10	0	0	0	0	0	16	0	0	0	24	0	0	0	107	30	0	0	310	28	0	0	28	0	0	24	0	0	0	68	0	0	0	28	0	0	0	0	0	0	13	0	0	0	24	0	0	0	68	0	0	0	45	10	0	10	0	0	0	6	0	0	0	0	0	0	0	16	0	0	0	24	0	0	0	107	30	0	0	303	26	0	0	28	0	0	24	0	0	0	68	0	0	0	28	0	0	0	0	0	0	13	0	0	0	24	0	0	0	68	0	0	0	28	0	0	0	0	0	0	1	0	0	0	0	0	0	0	13	0	0	0	24	0	0	0	68	0	0	0	45	10	0	28	0	0	0	7	4	0	0	10	0	0	0	6	0	0	0	0	0	0	0	16	0	0	0	24	0	0	0	107	30	0	0
463	453	45	29	5	443	25	21	0	45	29	5	27	14	0	0	108	41	5	0	433	23	21	0	25	21	0	21	14	0	0	64	35	0	0	45	29	5	0	0	0	0	14	14	0	0	27	14	0	0	108	41	5	0	423	23	21	0	23	21	0	21	14	0	0	58	35	0	0	25	21	0	0	0	0	0	11	14	0	0	21	14	0	0	64	35	0	0	45	29	5	10	0	0	0	6	0	0	0	0	0	0	0	14	14	0	0	27	14	0	0	108	41	5	0	413	21	19	0	23	21	0	21	14	0	0	58	35	0	0	23	21	0	0	0	0	0	11	14	0	0	21	14	0	0	58	35	0	0	25	21	0	0	0	0	0	1	0	0	0	0	0	0	0	11	14	0	0	21	14	0	0	64	35	0	0	45	29	5	28	12	0	0	8	0	0	0	10	0	0	0	6	0	0	0	0	0	0	0	14	14	0	0	27	14	0	0	108	41	5	0
702	686	79	95	5	670	42	65	0	79	95	5	37	66	0	0	177	242	20	0	654	39	65	0	42	65	0	28	66	0	0	104	173	0	0	79	95	5	11	0	0	0	31	26	0	0	37	66	0	0	177	242	20	0	638	37	65	0	39	65	0	27	66	0	0	95	173	0	0	42	65	0	4	0	0	0	19	20	0	0	28	66	0	0	104	173	0	0	79	95	5	16	0	0	0	8	12	0	0	11	0	0	0	31	26	0	0	37	66	0	0	177	242	20	0	622	33	61	0	37	65	0	25	66	0	0	89	173	0	0	39	65	0	2	0	0	0	18	20	0	0	27	66	0	0	95	173	0	0	42	65	0	0	0	0	0	2	0	0	0	4	0	0	0	19	20	0	0	28	66	0	0	104	173	0	0	79	95	5	28	24	0	0	8	12	0	0	16	0	0	0	8	12	0	0	11	0	0	0	31	26	0	0	37	66	0	0	177	242	20	0
419	410	40	25	2	401	21	14	0	40	25	2	24	7	0	0	95	36	4	0	392	19	14	0	21	14	0	18	7	0	0	51	21	0	0	40	25	2	0	0	0	0	13	14	0	0	24	7	0	0	95	36	4	0	383	19	14	0	19	14	0	18	7	0	0	45	21	0	0	21	14	0	0	0	0	0	9	14	0	0	18	7	0	0	51	21	0	0	40	25	2	10	0	0	0	6	0	0	0	0	0	0	0	13	14	0	0	24	7	0	0	95	36	4	0	374	17	12	0	19	14	0	18	7	0	0	45	21	0	0	19	14	0	0	0	0	0	9	14	0	0	18	7	0	0	45	21	0	0	21	14	0	0	0	0	0	1	0	0	0	0	0	0	0	9	14	0	0	18	7	0	0	51	21	0	0	40	25	2	28	10	0	0	8	0	0	0	10	0	0	0	6	0	0	0	0	0	0	0	13	14	0	0	24	7	0	0	95	36	4	0
381	373	45	15	2	365	27	0	0	45	15	2	27	0	0	0	103	30	6	0	357	26	0	0	27	0	0	24	0	0	0	63	0	0	0	45	15	2	7	0	0	0	23	5	0	0	27	0	0	0	103	30	6	0	349	25	0	0	26	0	0	23	0	0	0	60	0	0	0	27	0	0	4	0	0	0	19	0	0	0	24	0	0	0	63	0	0	0	45	15	2	16	0	0	0	6	5	0	0	7	0	0	0	23	5	0	0	27	0	0	0	103	30	6	0	341	21	0	0	25	0	0	21	0	0	0	57	0	0	0	26	0	0	2	0	0	0	18	0	0	0	23	0	0	0	60	0	0	0	27	0	0	0	0	0	0	2	0	0	0	4	0	0	0	19	0	0	0	24	0	0	0	63	0	0	0	45	15	2	30	0	0	0	6	10	0	0	16	0	0	0	6	5	0	0	7	0	0	0	23	5	0	0	27	0	0	0	103	30	6	0
735	719	72	93	2	703	33	60	0	72	93	2	32	80	0	0	160	236	10	0	687	27	60	0	33	60	0	19	80	0	0	86	150	0	0	72	93	2	12	0	0	0	29	65	0	0	32	80	0	0	160	236	10	0	671	24	50	0	27	60	0	16	80	0	0	67	150	0	0	33	60	0	4	0	0	0	14	50	0	0	19	80	0	0	86	150	0	0	72	93	2	10	50	0	0	11	22	0	0	12	0	0	0	29	65	0	0	32	80	0	0	160	236	10	0	655	21	20	0	24	50	0	14	40	0	0	58	115	0	0	27	60	0	2	0	0	0	13	50	0	0	16	80	0	0	67	150	0	0	33	60	0	1	0	0	0	5	10	0	0	4	0	0	0	14	50	0	0	19	80	0	0	86	150	0	0	72	93	2	14	100	0	0	8	20	4	0	10	50	0	0	11	22	0	0	12	0	0	0	29	65	0	0	32	80	0	0	160	236	10	0
469	459	48	9	27	449	34	0	0	48	9	27	31	0	0	0	103	9	27	16	439	33	0	0	34	0	0	28	0	0	0	76	0	0	0	48	9	27	11	0	0	0	23	0	0	0	31	0	0	0	103	9	27	16	429	29	0	0	33	0	0	27	0	0	0	73	0	0	0	34	0	0	4	0	0	0	19	0	0	0	28	0	0	0	76	0	0	0	48	9	27	6	0	10	0	2	0	0	0	11	0	0	0	23	0	0	0	31	0	0	0	103	9	27	16	419	19	0	0	29	0	0	17	0	0	0	60	0	0	0	33	0	0	2	0	0	0	18	0	0	0	27	0	0	0	73	0	0	0	34	0	0	0	0	0	0	2	0	0	0	4	0	0	0	19	0	0	0	28	0	0	0	76	0	0	0	48	9	27	2	0	43	0	3	0	0	0	6	0	10	0	2	0	0	0	11	0	0	0	23	0	0	0	31	0	0	0	103	9	27	16
543	531	51	37	21	519	32	20	0	51	37	21	32	10	0	0	109	61	42	11	507	30	20	0	32	20	0	25	10	0	0	75	20	0	0	51	37	21	11	0	0	0	23	8	0	0	32	10	0	0	109	61	42	11	495	26	20	0	30	20	0	24	10	0	0	69	20	0	0	32	20	0	4	0	0	0	17	0	0	0	25	10	0	0	75	20	0	0	51	37	21	6	0	10	0	3	0	0	0	11	0	0	0	23	8	0	0	32	10	0	0	109	61	42	11	483	18	20	0	26	20	0	14	10	0	0	56	20	0	0	30	20	0	2	0	0	0	16	0	0	0	24	10	0	0	69	20	0	0	32	20	0	0	0	0	0	2	0	0	0	4	0	0	0	17	0	0	0	25	10	0	0	75	20	0	0	51	37	21	2	0	31	0	4	0	0	0	6	0	10	0	3	0	0	0	11	0	0	0	23	8	0	0	32	10	0	0	109	61	42	11
793	775	81	127	16	757	42	97	0	81	127	16	56	97	0	0	180	334	48	9	739	33	83	0	42	97	0	26	69	0	0	105	269	0	0	81	127	16	6	69	0	0	24	107	16	0	56	97	0	0	180	334	48	9	721	29	70	0	33	83	0	24	56	0	0	78	229	0	0	42	97	0	1	42	0	0	12	93	0	0	26	69	0	0	105	269	0	0	81	127	16	5	42	10	0	11	12	16	0	6	69	0	0	24	107	16	0	56	97	0	0	180	334	48	9	703	23	54	0	29	70	0	16	42	0	0	65	196	0	0	33	83	0	1	28	0	0	10	82	0	0	24	56	0	0	78	229	0	0	42	97	0	2	0	0	0	8	11	0	0	1	42	0	0	12	93	0	0	26	69	0	0	105	269	0	0	81	127	16	9	24	26	0	8	11	32	0	5	42	10	0	11	12	16	0	6	69	0	0	24	107	16	0	56	97	0	0	180	334	48	9
548	536	53	45	11	524	31	21	0	53	45	11	32	0	0	0	107	89	44	7	512	29	17	0	31	21	0	25	0	0	0	72	41	0	0	53	45	11	7	24	0	0	22	6	0	0	32	0	0	0	107	89	44	7	500	26	11	0	29	17	0	24	0	0	0	66	29	0	0	31	21	0	4	0	0	0	15	0	0	0	25	0	0	0	72	41	0	0	53	45	11	9	0	10	0	5	0	11	0	7	24	0	0	22	6	0	0	32	0	0	0	107	89	44	7	488	18	11	0	26	11	0	14	0	0	0	56	11	0	0	29	17	0	2	0	0	0	14	0	0	0	24	0	0	0	66	29	0	0	31	21	0	0	0	0	0	4	0	0	0	4	0	0	0	15	0	0	0	25	0	0	0	72	41	0	0	53	45	11	2	0	26	0	3	10	0	0	9	0	10	0	5	0	11	0	7	24	0	0	22	6	0	0	32	0	0	0	107	89	44	7
419	410	44	20	5	401	26	0	0	44	20	5	26	0	0	0	86	40	20	2	392	24	0	0	26	0	0	19	0	0	0	57	0	0	0	44	20	5	11	0	0	0	17	5	0	0	26	0	0	0	86	40	20	2	383	20	0	0	24	0	0	18	0	0	0	51	0	0	0	26	0	0	4	0	0	0	13	0	0	0	19	0	0	0	57	0	0	0	44	20	5	6	0	10	0	2	0	0	0	11	0	0	0	17	5	0	0	26	0	0	0	86	40	20	2	374	14	0	0	20	0	0	8	0	0	0	38	0	0	0	24	0	0	2	0	0	0	12	0	0	0	18	0	0	0	51	0	0	0	26	0	0	0	0	0	0	2	0	0	0	4	0	0	0	13	0	0	0	19	0	0	0	57	0	0	0	44	20	5	2	0	20	0	4	0	0	0	6	0	10	0	2	0	0	0	11	0	0	0	17	5	0	0	26	0	0	0	86	40	20	2
648	633	44	63	35	618	24	50	0	44	63	35	17	40	7	0	86	94	35	80	603	21	50	0	24	50	0	12	40	0	0	49	90	0	0	44	63	35	4	0	13	0	12	0	0	0	17	40	7	0	86	94	35	80	588	19	50	0	21	50	0	10	40	0	0	40	90	0	0	24	50	0	2	0	0	0	7	0	0	0	12	40	0	0	49	90	0	0	44	63	35	0	0	14	0	2	0	0	0	4	0	13	0	12	0	0	0	17	40	7	0	86	94	35	80	573	19	50	0	19	50	0	10	40	0	0	36	90	0	0	21	50	0	2	0	0	0	7	0	0	0	10	40	0	0	40	90	0	0	24	50	0	0	0	0	0	1	0	0	0	2	0	0	0	7	0	0	0	12	40	0	0	49	90	0	0	44	63	35	2	0	0	0	9	0	0	0	0	0	14	0	2	0	0	0	4	0	13	0	12	0	0	0	17	40	7	0	86	94	35	80
630	616	51	57	26	602	31	21	0	51	57	26	23	32	7	0	93	113	104	53	588	28	13	0	31	21	0	19	0	0	0	61	37	0	0	51	57	26	5	0	13	0	17	8	26	0	23	32	7	0	93	113	104	53	574	26	13	0	28	13	0	17	0	0	0	54	13	0	0	31	21	0	3	0	0	0	12	0	0	0	19	0	0	0	61	37	0	0	51	57	26	4	0	14	0	7	0	0	0	5	0	13	0	17	8	26	0	23	32	7	0	93	113	104	53	560	25	13	0	26	13	0	17	0	0	0	50	13	0	0	28	13	0	3	0	0	0	10	0	0	0	17	0	0	0	54	13	0	0	31	21	0	1	0	0	0	6	0	0	0	3	0	0	0	12	0	0	0	19	0	0	0	61	37	0	0	51	57	26	7	0	0	0	7	12	0	0	4	0	14	0	7	0	0	0	5	0	13	0	17	8	26	0	23	32	7	0	93	113	104	53
405	396	33	15	18	387	21	8	0	33	15	18	17	0	7	0	60	8	18	32	378	18	8	0	21	8	0	12	0	0	0	43	8	0	0	33	15	18	4	0	13	0	10	0	0	0	17	0	7	0	60	8	18	32	369	16	8	0	18	8	0	10	0	0	0	34	8	0	0	21	8	0	2	0	0	0	7	0	0	0	12	0	0	0	43	8	0	0	33	15	18	0	0	14	0	1	0	0	0	4	0	13	0	10	0	0	0	17	0	7	0	60	8	18	32	360	16	8	0	16	8	0	10	0	0	0	30	8	0	0	18	8	0	2	0	0	0	7	0	0	0	10	0	0	0	34	8	0	0	21	8	0	0	0	0	0	1	0	0	0	2	0	0	0	7	0	0	0	12	0	0	0	43	8	0	0	33	15	18	2	0	0	0	3	0	0	0	0	0	14	0	1	0	0	0	4	0	13	0	10	0	0	0	17	0	7	0	60	8	18	32
366	358	28	12	11	350	18	0	0	28	12	11	13	0	0	0	44	6	22	16	342	16	0	0	18	0	0	9	0	0	0	30	0	0	0	28	12	11	0	0	6	0	2	0	0	0	13	0	0	0	44	6	22	16	334	16	0	0	16	0	0	9	0	0	0	24	0	0	0	18	0	0	0	0	0	0	0	0	0	0	9	0	0	0	30	0	0	0	28	12	11	0	0	0	0	0	0	0	0	0	0	6	0	2	0	0	0	13	0	0	0	44	6	22	16	326	16	0	0	16	0	0	9	0	0	0	24	0	0	0	16	0	0	0	0	0	0	0	0	0	0	9	0	0	0	24	0	0	0	18	0	0	0	0	0	0	0	0	0	0	0	0	0	0	0	0	0	0	9	0	0	0	30	0	0	0	28	12	11	0	0	0	0	3	0	0	0	0	0	0	0	0	0	0	0	0	0	6	0	2	0	0	0	13	0	0	0	44	6	22	16
472	461	35	43	0	450	17	28	0	35	43	0	17	21	0	0	57	61	0	0	439	15	28	0	17	28	0	10	21	0	0	31	42	0	0	35	43	0	1	0	0	0	6	4	0	0	17	21	0	0	57	61	0	0	428	15	28	0	15	28	0	10	21	0	0	27	42	0	0	17	28	0	1	0	0	0	5	0	0	0	10	21	0	0	31	42	0	0	35	43	0	1	0	0	0	3	0	0	0	1	0	0	0	6	4	0	0	17	21	0	0	57	61	0	0	417	15	28	0	15	28	0	10	21	0	0	27	42	0	0	15	28	0	1	0	0	0	3	0	0	0	10	21	0	0	27	42	0	0	17	28	0	1	0	0	0	3	0	0	0	1	0	0	0	5	0	0	0	10	21	0	0	31	42	0	0	35	43	0	5	0	0	0	5	0	0	0	1	0	0	0	3	0	0	0	1	0	0	0	6	4	0	0	17	21	0	0	57	61	0	0
646	631	56	80	22	616	27	52	7	56	80	22	29	67	18	21	133	171	66	26	601	20	44	0	27	52	7	10	44	7	0	69	118	21	0	56	80	22	9	11	20	0	19	56	22	16	29	67	18	21	133	171	66	26	586	17	43	0	20	44	0	8	44	0	0	48	110	0	0	27	52	7	2	11	14	0	7	47	7	0	10	44	7	0	69	118	21	0	56	80	22	6	10	0	0	12	32	0	0	9	11	20	0	19	56	22	16	29	67	18	21	133	171	66	26	571	15	38	0	17	43	0	8	42	0	0	38	107	0	0	20	44	0	2	11	0	0	3	33	0	0	8	44	0	0	48	110	0	0	27	52	7	1	7	0	0	8	29	0	0	2	11	14	0	7	47	7	0	10	44	7	0	69	118	21	0	56	80	22	4	41	0	0	12	14	0	0	6	10	0	0	12	32	0	0	9	11	20	0	19	56	22	16	29	67	18	21	133	171	66	26
398	389	29	8	34	380	19	8	0	29	8	34	16	0	8	0	55	8	0	90	371	18	8	0	19	8	0	13	0	0	0	33	8	0	0	29	8	34	1	0	0	0	5	0	0	0	16	0	8	0	55	8	0	90	362	18	8	0	18	8	0	13	0	0	0	32	8	0	0	19	8	0	1	0	0	0	5	0	0	0	13	0	0	0	33	8	0	0	29	8	34	1	0	0	0	3	0	0	0	1	0	0	0	5	0	0	0	16	0	8	0	55	8	0	90	353	18	8	0	18	8	0	13	0	0	0	32	8	0	0	18	8	0	1	0	0	0	3	0	0	0	13	0	0	0	32	8	0	0	19	8	0	1	0	0	0	3	0	0	0	1	0	0	0	5	0	0	0	13	0	0	0	33	8	0	0	29	8	34	5	0	0	0	6	0	0	0	1	0	0	0	3	0	0	0	1	0	0	0	5	0	0	0	16	0	8	0	55	8	0	90
430	420	28	29	18	410	13	21	0	28	29	18	10	14	8	0	53	49	18	37	400	12	21	0	13	21	0	7	14	0	0	24	35	0	0	28	29	18	1	0	0	0	7	0	0	0	10	14	8	0	53	49	18	37	390	12	21	0	12	21	0	7	14	0	0	23	35	0	0	13	21	0	1	0	0	0	5	0	0	0	7	14	0	0	24	35	0	0	28	29	18	3	0	0	0	7	0	0	0	1	0	0	0	7	0	0	0	10	14	8	0	53	49	18	37	380	11	21	0	12	21	0	7	14	0	0	23	35	0	0	12	21	0	1	0	0	0	3	0	0	0	7	14	0	0	23	35	0	0	13	21	0	1	0	0	0	6	0	0	0	1	0	0	0	5	0	0	0	7	14	0	0	24	35	0	0	28	29	18	5	0	0	0	6	6	0	0	3	0	0	0	7	0	0	0	1	0	0	0	7	0	0	0	10	14	8	0	53	49	18	37
401	392	32	20	8	383	12	0	0	32	20	8	9	0	8	0	67	50	32	26	374	11	0	0	12	0	0	6	0	0	0	24	0	0	0	32	20	8	1	0	0	0	18	0	0	0	9	0	8	0	67	50	32	26	365	11	0	0	11	0	0	6	0	0	0	23	0	0	0	12	0	0	1	0	0	0	5	0	0	0	6	0	0	0	24	0	0	0	32	20	8	6	0	0	0	13	0	0	0	1	0	0	0	18	0	0	0	9	0	8	0	67	50	32	26	356	9	0	0	11	0	0	6	0	0	0	23	0	0	0	11	0	0	1	0	0	0	3	0	0	0	6	0	0	0	23	0	0	0	12	0	0	1	0	0	0	7	0	0	0	1	0	0	0	5	0	0	0	6	0	0	0	24	0	0	0	32	20	8	5	0	0	0	7	10	0	0	6	0	0	0	13	0	0	0	1	0	0	0	18	0	0	0	9	0	8	0	67	50	32	26
310	303	31	10	0	296	9	0	0	31	10	0	8	0	0	0	68	30	0	0	289	8	0	0	9	0	0	5	0	0	0	24	0	0	0	31	10	0	6	0	0	0	26	0	0	0	8	0	0	0	68	30	0	0	282	7	0	0	8	0	0	5	0	0	0	23	0	0	0	9	0	0	1	0	0	0	5	0	0	0	5	0	0	0	24	0	0	0	31	10	0	11	0	0	0	16	2	0	0	6	0	0	0	26	0	0	0	8	0	0	0	68	30	0	0	275	4	0	0	7	0	0	4	0	0	0	19	0	0	0	8	0	0	1	0	0	0	3	0	0	0	5	0	0	0	23	0	0	0	9	0	0	1	0	0	0	9	0	0	0	1	0	0	0	5	0	0	0	5	0	0	0	24	0	0	0	31	10	0	5	0	0	0	4	6	0	0	11	0	0	0	16	2	0	0	6	0	0	0	26	0	0	0	8	0	0	0	68	30	0	0
653	638	47	47	57	623	20	14	38	47	47	57	14	0	69	42	109	97	171	30	608	17	14	23	20	14	38	10	0	60	7	59	42	114	7	47	47	57	15	0	0	45	40	33	0	26	14	0	69	42	109	97	171	30	593	13	11	5	17	14	23	8	0	54	0	49	42	69	0	20	14	38	3	0	0	0	6	0	0	0	10	0	60	7	59	42	114	7	47	47	57	9	33	0	25	17	39	0	27	15	0	0	45	40	33	0	26	14	0	69	42	109	97	171	30	578	10	0	0	13	11	5	7	0	20	0	35	33	15	0	17	14	23	3	0	0	0	6	0	0	0	8	0	54	0	49	42	69	0	20	14	38	1	0	0	0	8	28	0	0	3	0	0	0	6	0	0	0	10	0	60	7	59	42	114	7	47	47	57	6	0	7	0	2	0	57	2	9	33	0	25	17	39	0	27	15	0	0	45	40	33	0	26	14	0	69	42	109	97	171	30
480	469	36	28	17	458	13	0	10	36	28	17	19	0	40	0	85	56	68	8	447	7	0	10	13	0	10	6	0	40	0	44	0	40	0	36	28	17	9	0	0	0	20	42	0	0	19	0	40	0	85	56	68	8	436	4	0	5	7	0	10	1	0	40	0	24	0	40	0	13	0	10	0	0	0	0	0	0	0	0	6	0	40	0	44	0	40	0	36	28	17	11	0	0	25	16	14	0	0	9	0	0	0	20	42	0	0	19	0	40	0	85	56	68	8	425	1	0	0	4	0	5	0	0	20	0	14	0	20	0	7	0	10	0	0	0	0	0	0	0	0	1	0	40	0	24	0	40	0	13	0	10	1	0	0	0	10	0	0	0	0	0	0	0	0	0	0	0	6	0	40	0	44	0	40	0	36	28	17	2	0	0	0	2	0	0	2	11	0	0	25	16	14	0	0	9	0	0	0	20	42	0	0	19	0	40	0	85	56	68	8
478	467	36	26	20	456	16	10	0	36	26	20	11	0	7	0	86	54	40	48	445	14	10	0	16	10	0	9	0	0	0	49	30	0	7	36	26	20	13	0	0	0	29	16	0	0	11	0	7	0	86	54	40	48	434	10	8	0	14	10	0	7	0	0	0	40	30	0	0	16	10	0	1	0	0	0	3	0	0	0	9	0	0	0	49	30	0	7	36	26	20	10	16	0	0	15	28	0	0	13	0	0	0	29	16	0	0	11	0	7	0	86	54	40	48	423	7	0	0	10	8	0	6	0	0	0	26	24	0	0	14	10	0	1	0	0	0	3	0	0	0	7	0	0	0	40	30	0	0	16	10	0	1	0	0	0	8	20	0	0	1	0	0	0	3	0	0	0	9	0	0	0	49	30	0	7	36	26	20	4	0	7	0	2	0	20	0	10	16	0	0	15	28	0	0	13	0	0	0	29	16	0	0	11	0	7	0	86	54	40	48
351	343	28	7	14	335	12	0	0	28	7	14	9	0	7	0	68	7	14	30	327	10	0	0	12	0	0	7	0	0	0	40	0	0	7	28	7	14	7	0	0	0	24	14	0	0	9	0	7	0	68	7	14	30	319	8	0	0	10	0	0	5	0	0	0	31	0	0	0	12	0	0	1	0	0	0	3	0	0	0	7	0	0	0	40	0	0	7	28	7	14	12	0	0	0	17	7	0	0	7	0	0	0	24	14	0	0	9	0	7	0	68	7	14	30	311	4	0	0	8	0	0	4	0	0	0	24	0	0	0	10	0	0	1	0	0	0	3	0	0	0	5	0	0	0	31	0	0	0	12	0	0	1	0	0	0	10	0	0	0	1	0	0	0	3	0	0	0	7	0	0	0	40	0	0	7	28	7	14	4	0	7	0	1	0	0	0	12	0	0	0	17	7	0	0	7	0	0	0	24	14	0	0	9	0	7	0	68	7	14	30
516	504	45	46	2	492	17	20	0	45	46	2	25	10	0	0	112	128	10	0	480	9	15	0	17	20	0	6	10	0	0	57	70	0	0	45	46	2	10	25	0	0	18	40	0	0	25	10	0	0	112	128	10	0	468	5	5	0	9	15	0	1	5	0	0	31	50	0	0	17	20	0	0	0	0	0	0	0	0	0	6	10	0	0	57	70	0	0	45	46	2	6	25	0	0	20	32	2	0	10	25	0	0	18	40	0	0	25	10	0	0	112	128	10	0	456	3	0	0	5	5	0	1	0	0	0	18	15	0	0	9	15	0	0	0	0	0	0	0	0	0	1	5	0	0	31	50	0	0	17	20	0	1	0	0	0	8	20	0	0	0	0	0	0	0	0	0	0	6	10	0	0	57	70	0	0	45	46	2	4	0	0	0	8	0	2	0	6	25	0	0	20	32	2	0	10	25	0	0	18	40	0	0	25	10	0	0	112	128	10	0
754	736	65	94	58	718	32	54	50	65	94	58	37	82	29	31	161	275	174	2	700	25	32	49	32	54	50	24	16	29	30	94	178	150	0	65	94	58	8	0	5	10	6	0	116	0	37	82	29	31	161	275	174	2	682	22	32	46	25	32	49	18	16	29	27	70	112	147	0	32	54	50	4	0	0	7	3	0	100	0	24	16	29	30	94	178	150	0	65	94	58	6	0	5	21	16	0	0	0	8	0	5	10	6	0	116	0	37	82	29	31	161	275	174	2	664	20	30	27	22	32	46	18	16	29	10	61	112	138	0	25	32	49	4	0	0	0	3	0	98	0	18	16	29	27	70	112	147	0	32	54	50	1	0	0	0	6	0	0	0	4	0	0	7	3	0	100	0	24	16	29	30	94	178	150	0	65	94	58	12	28	12	65	11	14	0	16	6	0	5	21	16	0	0	0	8	0	5	10	6	0	116	0	37	82	29	31	161	275	174	2
514	502	30	20	50	490	17	0	17	30	20	50	26	0	7	20	82	30	100	96	478	8	0	17	17	0	17	7	0	7	20	57	0	34	48	30	20	50	4	0	5	0	0	0	0	0	26	0	7	20	82	30	100	96	466	3	0	17	8	0	17	1	0	7	20	27	0	34	33	17	0	17	0	0	0	0	0	0	0	0	7	0	7	20	57	0	34	48	30	20	50	1	0	24	0	10	0	0	0	4	0	5	0	0	0	0	0	26	0	7	20	82	30	100	96	454	3	0	11	3	0	17	1	0	7	10	12	0	34	10	8	0	17	0	0	0	0	0	0	0	0	1	0	7	20	27	0	34	33	17	0	17	1	0	0	0	10	0	0	0	0	0	0	0	0	0	0	0	7	0	7	20	57	0	34	48	30	20	50	4	0	0	31	4	0	0	0	1	0	24	0	10	0	0	0	4	0	5	0	0	0	0	0	26	0	7	20	82	30	100	96
717	700	52	69	72	683	25	53	28	52	69	72	30	50	0	52	142	242	72	110	666	18	28	20	25	53	28	13	24	0	30	77	227	28	48	52	69	72	12	12	5	10	14	0	144	22	30	50	0	52	142	242	72	110	649	11	15	17	18	28	20	9	0	0	27	56	116	20	33	25	53	28	3	0	0	7	6	0	56	7	13	24	0	30	77	227	28	48	52	69	72	5	15	34	21	26	30	72	0	12	12	5	10	14	0	144	22	30	50	0	52	142	242	72	110	632	7	13	5	11	15	17	7	0	0	10	34	75	17	10	18	28	20	3	0	0	0	6	0	40	0	9	0	0	27	56	116	20	33	25	53	28	0	13	7	0	10	26	28	0	3	0	0	7	6	0	56	7	13	24	0	30	77	227	28	48	52	69	72	7	26	32	25	12	13	0	16	5	15	34	21	26	30	72	0	12	12	5	10	14	0	144	22	30	50	0	52	142	242	72	110
469	458	29	26	35	447	16	8	10	29	26	35	24	16	0	20	82	34	70	76	436	8	0	10	16	8	10	7	0	0	20	56	8	20	48	29	26	35	4	0	5	0	0	0	35	0	24	16	0	20	82	34	70	76	425	4	0	10	8	0	10	1	0	0	20	27	0	20	33	16	8	10	0	0	0	0	0	0	10	0	7	0	0	20	56	8	20	48	29	26	35	1	0	16	0	9	0	0	0	4	0	5	0	0	0	35	0	24	16	0	20	82	34	70	76	414	4	0	5	4	0	10	1	0	0	10	15	0	20	10	8	0	10	0	0	0	0	0	0	10	0	1	0	0	20	27	0	20	33	16	8	10	1	0	0	0	8	0	0	0	0	0	0	0	0	0	10	0	7	0	0	20	56	8	20	48	29	26	35	5	0	0	25	6	0	0	0	1	0	16	0	9	0	0	0	4	0	5	0	0	0	35	0	24	16	0	20	82	34	70	76
547	534	49	57	12	521	21	27	0	49	57	12	21	81	0	0	132	168	36	19	508	15	6	0	21	27	0	11	18	0	0	66	87	0	10	49	57	12	9	18	5	0	5	0	36	0	21	81	0	0	132	168	36	19	495	11	0	0	15	6	0	8	0	0	0	46	18	0	10	21	27	0	2	0	0	0	0	0	0	0	11	18	0	0	66	87	0	10	49	57	12	6	0	5	0	20	24	12	0	9	18	5	0	5	0	36	0	21	81	0	0	132	168	36	19	482	10	0	0	11	0	0	8	0	0	0	33	0	0	5	15	6	0	2	0	0	0	0	0	0	0	8	0	0	0	46	18	0	10	21	27	0	1	0	0	0	4	18	0	0	2	0	0	0	0	0	0	0	11	18	0	0	66	87	0	10	49	57	12	14	0	0	0	16	9	0	0	6	0	5	0	20	24	12	0	9	18	5	0	5	0	36	0	21	81	0	0	132	168	36	19
361	352	45	26	4	343	27	14	4	45	26	4	24	0	0	0	106	32	12	0	334	27	14	4	27	14	4	24	0	0	0	62	0	12	0	45	26	4	3	0	0	0	4	0	0	0	24	0	0	0	106	32	12	0	325	27	14	4	27	14	4	24	0	0	0	62	0	12	0	27	14	4	3	0	0	0	4	0	0	0	24	0	0	0	62	0	12	0	45	26	4	5	0	0	0	11	0	0	0	3	0	0	0	4	0	0	0	24	0	0	0	106	32	12	0	316	26	14	4	27	14	4	24	0	0	0	62	0	12	0	27	14	4	3	0	0	0	4	0	0	0	24	0	0	0	62	0	12	0	27	14	4	0	0	0	0	1	0	0	0	3	0	0	0	4	0	0	0	24	0	0	0	62	0	12	0	45	26	4	12	0	0	0	11	4	0	0	5	0	0	0	11	0	0	0	3	0	0	0	4	0	0	0	24	0	0	0	106	32	12	0
420	410	28	0	70	400	13	0	19	28	0	70	14	0	72	26	80	0	0	227	390	11	0	19	13	0	19	9	0	0	26	35	0	0	105	28	0	70	2	0	18	0	0	0	0	0	14	0	72	26	80	0	0	227	380	11	0	19	11	0	19	9	0	0	26	29	0	0	96	13	0	19	2	0	0	0	0	0	0	0	9	0	0	26	35	0	0	105	28	0	70	1	0	0	0	4	0	0	0	2	0	18	0	0	0	0	0	14	0	72	26	80	0	0	227	370	11	0	19	11	0	19	9	0	0	26	29	0	0	90	11	0	19	2	0	0	0	0	0	0	0	9	0	0	26	29	0	0	96	13	0	19	1	0	0	0	4	0	0	0	2	0	0	0	0	0	0	0	9	0	0	26	35	0	0	105	28	0	70	8	0	0	0	5	0	0	0	1	0	0	0	4	0	0	0	2	0	18	0	0	0	0	0	14	0	72	26	80	0	0	227
501	489	46	27	41	477	22	0	5	46	27	41	19	0	48	5	109	72	123	155	465	21	0	5	22	0	5	16	0	0	5	48	0	15	77	46	27	41	3	0	6	0	0	0	0	0	19	0	48	5	109	72	123	155	453	21	0	5	21	0	5	16	0	0	5	45	0	15	76	22	0	5	3	0	0	0	0	0	0	0	16	0	0	5	48	0	15	77	46	27	41	5	0	0	0	12	0	0	0	3	0	6	0	0	0	0	0	19	0	48	5	109	72	123	155	441	20	0	5	21	0	5	16	0	0	5	45	0	15	73	21	0	5	3	0	0	0	0	0	0	0	16	0	0	5	45	0	15	76	22	0	5	0	0	0	0	2	0	0	0	3	0	0	0	0	0	0	0	16	0	0	5	48	0	15	77	46	27	41	14	0	0	0	13	9	0	0	5	0	0	0	12	0	0	0	3	0	6	0	0	0	0	0	19	0	48	5	109	72	123	155
637	621	64	91	23	605	29	57	5	64	91	23	22	70	40	5	150	192	92	70	589	28	55	5	29	57	5	19	66	0	5	72	110	20	50	64	91	23	1	22	6	0	7	0	0	0	22	70	40	5	150	192	92	70	573	28	55	5	28	55	5	19	66	0	5	69	110	20	49	29	57	5	1	22	0	0	4	0	0	0	19	66	0	5	72	110	20	50	64	91	23	5	0	0	0	17	0	0	0	1	22	6	0	7	0	0	0	22	70	40	5	150	192	92	70	557	27	51	5	28	55	5	19	66	0	5	69	110	20	46	28	55	5	1	22	0	0	4	0	0	0	19	66	0	5	69	110	20	49	29	57	5	0	0	0	0	3	0	0	0	1	22	0	0	4	0	0	0	19	66	0	5	72	110	20	50	64	91	23	13	28	0	0	15	7	0	0	5	0	0	0	17	0	0	0	1	22	6	0	7	0	0	0	22	70	40	5	150	192	92	70
284	277	33	15	0	270	17	6	0	33	15	0	13	0	0	0	72	18	0	0	263	17	6	0	17	6	0	13	0	0	0	35	0	0	0	33	15	0	3	0	0	0	0	0	0	0	13	0	0	0	72	18	0	0	256	17	6	0	17	6	0	13	0	0	0	35	0	0	0	17	6	0	3	0	0	0	0	0	0	0	13	0	0	0	35	0	0	0	33	15	0	0	0	0	0	5	0	0	0	3	0	0	0	0	0	0	0	13	0	0	0	72	18	0	0	249	17	6	0	17	6	0	13	0	0	0	35	0	0	0	17	6	0	3	0	0	0	0	0	0	0	13	0	0	0	35	0	0	0	17	6	0	0	0	0	0	0	0	0	0	3	0	0	0	0	0	0	0	13	0	0	0	35	0	0	0	33	15	0	10	0	0	0	9	0	0	0	0	0	0	0	5	0	0	0	3	0	0	0	0	0	0	0	13	0	0	0	72	18	0	0
447	436	50	28	32	425	26	0	28	50	28	32	22	0	32	30	133	70	128	0	414	26	0	5	26	0	28	22	0	28	0	74	0	112	0	50	28	32	28	0	0	25	17	0	0	84	22	0	32	30	133	70	128	0	403	19	0	0	26	0	5	22	0	5	0	74	0	20	0	26	0	28	5	0	0	0	4	0	0	28	22	0	28	0	74	0	112	0	50	28	32	21	0	0	0	23	49	0	2	28	0	0	25	17	0	0	84	22	0	32	30	133	70	128	0	392	13	0	0	19	0	0	12	0	0	0	51	0	0	0	26	0	5	5	0	0	0	4	0	0	20	22	0	5	0	74	0	20	0	26	0	28	5	0	0	0	4	0	0	0	5	0	0	0	4	0	0	28	22	0	28	0	74	0	112	0	50	28	32	17	0	13	0	19	28	0	0	21	0	0	0	23	49	0	2	28	0	0	25	17	0	0	84	22	0	32	30	133	70	128	0
683	666	74	81	56	649	39	30	29	74	81	56	31	15	22	63	174	273	280	68	632	39	30	0	39	30	29	31	15	18	0	95	120	145	14	74	81	56	36	0	0	0	27	0	0	142	31	15	22	63	174	273	280	68	615	31	25	0	39	30	0	31	15	0	0	95	120	0	14	39	30	29	8	0	0	0	6	0	0	78	31	15	18	0	95	120	145	14	74	81	56	24	50	0	0	23	80	0	0	36	0	0	0	27	0	0	142	31	15	22	63	174	273	280	68	598	23	10	0	31	25	0	20	10	0	0	70	95	0	14	39	30	0	8	0	0	0	6	0	0	69	31	15	0	0	95	120	0	14	39	30	29	8	0	0	0	6	0	0	0	8	0	0	0	6	0	0	78	31	15	18	0	95	120	145	14	74	81	56	14	50	34	0	20	50	56	0	24	50	0	0	23	80	0	0	36	0	0	0	27	0	0	142	31	15	22	63	174	273	280	68
527	514	45	23	56	501	26	12	25	45	23	56	21	0	9	67	102	47	56	68	488	26	12	0	26	12	25	21	0	6	0	61	36	25	14	45	23	56	8	0	0	0	2	0	0	105	21	0	9	67	102	47	56	68	475	25	12	0	26	12	0	21	0	0	0	61	36	0	14	26	12	25	7	0	0	0	2	0	0	60	21	0	6	0	61	36	25	14	45	23	56	10	0	0	0	23	11	0	0	8	0	0	0	2	0	0	105	21	0	9	67	102	47	56	68	462	20	11	0	25	12	0	19	0	0	0	56	36	0	14	26	12	0	7	0	0	0	2	0	0	59	21	0	0	0	61	36	0	14	26	12	25	3	0	0	0	2	0	0	0	7	0	0	0	2	0	0	60	21	0	6	0	61	36	25	14	45	23	56	12	11	21	0	14	22	0	0	10	0	0	0	23	11	0	0	8	0	0	0	2	0	0	105	21	0	9	67	102	47	56	68
583	568	55	73	23	553	29	51	0	55	73	23	18	63	0	0	121	137	46	68	538	29	50	0	29	51	0	18	60	0	0	68	102	0	14	55	73	23	7	10	0	0	5	0	0	0	18	63	0	0	121	137	46	68	523	28	50	0	29	50	0	18	60	0	0	68	100	0	14	29	51	0	6	10	0	0	2	0	0	0	18	60	0	0	68	102	0	14	55	73	23	10	0	0	0	22	8	0	0	7	10	0	0	5	0	0	0	18	63	0	0	121	137	46	68	508	24	48	0	28	50	0	16	60	0	0	63	100	0	14	29	50	0	6	10	0	0	2	0	0	0	18	60	0	0	68	100	0	14	29	51	0	3	0	0	0	2	0	0	0	6	10	0	0	2	0	0	0	18	60	0	0	68	102	0	14	55	73	23	11	16	7	0	15	16	0	0	10	0	0	0	22	8	0	0	7	10	0	0	5	0	0	0	18	63	0	0	121	137	46	68
437	426	50	37	10	415	26	18	0	50	37	10	21	9	0	0	118	93	30	23	404	26	18	0	26	18	0	21	9	0	0	65	54	0	5	50	37	10	14	0	0	0	10	0	0	0	21	9	0	0	118	93	30	23	393	23	18	0	26	18	0	21	9	0	0	65	54	0	5	26	18	0	7	0	0	0	2	0	0	0	21	9	0	0	65	54	0	5	50	37	10	10	0	0	0	19	18	0	0	14	0	0	0	10	0	0	0	21	9	0	0	118	93	30	23	382	19	15	0	23	18	0	19	9	0	0	53	54	0	5	26	18	0	7	0	0	0	2	0	0	0	21	9	0	0	65	54	0	5	26	18	0	3	0	0	0	2	0	0	0	7	0	0	0	2	0	0	0	21	9	0	0	65	54	0	5	50	37	10	10	18	7	0	15	12	0	0	10	0	0	0	19	18	0	0	14	0	0	0	10	0	0	0	21	9	0	0	118	93	30	23
711	693	63	71	96	675	34	32	67	63	71	96	40	0	22	63	158	216	288	98	657	28	26	63	34	32	67	19	0	22	52	89	112	201	57	63	71	96	27	78	11	30	28	65	0	0	40	0	22	63	158	216	288	98	639	20	0	34	28	26	63	19	0	22	5	75	91	189	5	34	32	67	5	0	11	0	7	0	0	0	19	0	22	52	89	112	201	57	63	71	96	25	0	25	84	12	0	192	84	27	78	11	30	28	65	0	0	40	0	22	63	158	216	288	98	621	12	0	7	20	0	34	7	0	20	0	47	0	102	0	28	26	63	5	0	11	0	7	0	0	0	19	0	22	5	75	91	189	5	34	32	67	8	0	13	7	10	0	134	28	5	0	11	0	7	0	0	0	19	0	22	52	89	112	201	57	63	71	96	14	0	16	21	18	16	0	79	25	0	25	84	12	0	192	84	27	78	11	30	28	65	0	0	40	0	22	63	158	216	288	98
610	594	68	83	42	578	36	68	0	68	83	42	28	69	0	0	157	211	42	177	562	34	63	0	36	68	0	24	64	0	0	87	187	0	82	68	83	42	33	54	0	0	29	22	0	0	28	69	0	0	157	211	42	177	546	24	49	0	34	63	0	22	59	0	0	81	173	0	5	36	68	0	2	41	0	0	4	20	0	0	24	64	0	0	87	187	0	82	68	83	42	20	50	10	0	9	26	42	0	33	54	0	0	29	22	0	0	28	69	0	0	157	211	42	177	530	16	29	0	24	49	0	11	38	0	0	51	117	0	0	34	63	0	2	39	0	0	4	20	0	0	22	59	0	0	81	173	0	5	36	68	0	5	30	0	0	6	24	0	0	2	41	0	0	4	20	0	0	24	64	0	0	87	187	0	82	68	83	42	7	19	35	0	12	15	84	0	20	50	10	0	9	26	42	0	33	54	0	0	29	22	0	0	28	69	0	0	157	211	42	177
398	388	52	16	31	378	33	0	0	52	16	31	40	0	0	0	130	48	62	121	368	30	0	0	33	0	0	25	0	0	0	85	0	0	57	52	16	31	34	0	0	0	21	24	0	0	40	0	0	0	130	48	62	121	358	21	0	0	30	0	0	25	0	0	0	77	0	0	5	33	0	0	6	0	0	0	6	0	0	0	25	0	0	0	85	0	0	57	52	16	31	23	0	10	0	7	0	0	0	34	0	0	0	21	24	0	0	40	0	0	0	130	48	62	121	348	13	0	0	21	0	0	13	0	0	0	47	0	0	0	30	0	0	6	0	0	0	6	0	0	0	25	0	0	0	77	0	0	5	33	0	0	8	0	0	0	7	0	0	0	6	0	0	0	6	0	0	0	25	0	0	0	85	0	0	57	52	16	31	8	0	24	0	12	0	0	0	23	0	10	0	7	0	0	0	34	0	0	0	21	24	0	0	40	0	0	0	130	48	62	121
649	632	83	108	17	615	44	76	0	83	108	17	55	80	0	0	198	272	68	88	598	37	60	0	44	76	0	32	80	0	0	114	192	0	57	83	108	17	32	96	0	0	36	58	0	0	55	80	0	0	198	272	68	88	581	30	26	0	37	60	0	30	48	0	0	95	148	0	5	44	76	0	16	0	0	0	10	20	0	0	32	80	0	0	114	192	0	57	83	108	17	40	76	10	0	18	30	68	0	32	96	0	0	36	58	0	0	55	80	0	0	198	272	68	88	564	20	10	0	30	26	0	25	0	0	0	71	58	0	0	37	60	0	16	0	0	0	10	20	0	0	30	48	0	0	95	148	0	5	44	76	0	17	20	0	0	13	26	0	0	16	0	0	0	10	20	0	0	32	80	0	0	114	192	0	57	83	108	17	24	40	10	0	17	66	34	0	40	76	10	0	18	30	68	0	32	96	0	0	36	58	0	0	55	80	0	0	198	272	68	88
568	553	66	84	10	538	34	56	0	66	84	10	41	34	0	0	159	170	50	56	523	27	50	0	34	56	0	18	34	0	0	89	100	0	29	66	84	10	31	36	0	0	26	47	0	0	41	34	0	0	159	170	50	56	508	17	37	0	27	50	0	16	27	0	0	70	88	0	0	34	56	0	4	10	0	0	5	20	0	0	18	34	0	0	89	100	0	29	66	84	10	19	57	10	0	12	24	10	0	31	36	0	0	26	47	0	0	41	34	0	0	159	170	50	56	493	10	30	0	17	37	0	4	20	0	0	37	63	0	0	27	50	0	4	10	0	0	5	20	0	0	16	27	0	0	70	88	0	0	34	56	0	5	30	0	0	9	22	0	0	4	10	0	0	5	20	0	0	18	34	0	0	89	100	0	29	66	84	10	13	20	10	0	19	23	10	0	19	57	10	0	12	24	10	0	31	36	0	0	26	47	0	0	41	34	0	0	159	170	50	56
691	673	61	95	58	655	31	30	25	61	95	58	21	150	26	11	144	240	290	154	637	20	0	25	31	30	25	15	0	25	11	80	80	125	67	61	95	58	2	0	83	0	13	0	174	0	21	150	26	11	144	240	290	154	619	17	0	25	20	0	25	6	0	25	11	49	0	125	63	31	30	25	2	0	28	0	6	0	75	0	15	0	25	11	80	80	125	67	61	95	58	8	0	17	0	12	0	0	0	2	0	83	0	13	0	174	0	21	150	26	11	144	240	290	154	601	16	0	22	17	0	25	6	0	25	10	42	0	125	34	20	0	25	2	0	28	0	6	0	75	0	6	0	25	11	49	0	125	63	31	30	25	6	0	0	0	9	0	0	0	2	0	28	0	6	0	75	0	15	0	25	11	80	80	125	67	61	95	58	16	0	0	34	28	15	0	0	8	0	17	0	12	0	0	0	2	0	83	0	13	0	174	0	21	150	26	11	144	240	290	154
387	377	36	21	19	367	17	0	14	36	21	19	23	0	28	0	81	35	57	10	357	11	0	14	17	0	14	4	0	28	0	43	0	42	0	36	21	19	2	0	5	0	4	0	0	0	23	0	28	0	81	35	57	10	347	10	0	14	11	0	14	3	0	28	0	28	0	42	0	17	0	14	2	0	0	0	4	0	0	0	4	0	28	0	43	0	42	0	36	21	19	4	0	5	0	6	0	0	0	2	0	5	0	4	0	0	0	23	0	28	0	81	35	57	10	337	10	0	14	10	0	14	3	0	28	0	26	0	42	0	11	0	14	2	0	0	0	4	0	0	0	3	0	28	0	28	0	42	0	17	0	14	4	0	0	0	6	0	0	0	2	0	0	0	4	0	0	0	4	0	28	0	43	0	42	0	36	21	19	12	0	0	0	15	0	0	0	4	0	5	0	6	0	0	0	2	0	5	0	4	0	0	0	23	0	28	0	81	35	57	10
500	487	47	23	60	474	30	12	18	47	23	60	37	0	19	11	111	35	60	196	461	17	12	18	30	12	18	18	0	18	11	76	24	18	67	47	23	60	7	0	64	0	11	0	0	0	37	0	19	11	111	35	60	196	448	11	12	18	17	12	18	7	0	18	11	38	24	18	63	30	12	18	5	0	0	0	7	0	0	0	18	0	18	11	76	24	18	67	47	23	60	10	0	35	0	9	12	0	0	7	0	64	0	11	0	0	0	37	0	19	11	111	35	60	196	435	9	12	17	11	12	18	4	0	18	10	23	24	18	34	17	12	18	4	0	0	0	7	0	0	0	7	0	18	11	38	24	18	63	30	12	18	8	0	0	0	8	12	0	0	5	0	0	0	7	0	0	0	18	0	18	11	76	24	18	67	47	23	60	13	0	9	10	17	12	0	0	10	0	35	0	9	12	0	0	7	0	64	0	11	0	0	0	37	0	19	11	111	35	60	196
522	508	66	65	24	494	37	47	0	66	65	24	53	28	0	0	162	168	48	123	480	26	33	0	37	47	0	33	0	0	0	98	123	0	67	66	65	24	20	0	55	0	24	11	48	0	53	28	0	0	162	168	48	123	466	21	33	0	26	33	0	23	0	0	0	66	88	0	63	37	47	0	13	0	0	0	10	11	0	0	33	0	0	0	98	123	0	67	66	65	24	33	0	17	0	15	22	0	0	20	0	55	0	24	11	48	0	53	28	0	0	162	168	48	123	452	15	27	0	21	33	0	22	0	0	0	53	88	0	34	26	33	0	13	0	0	0	10	11	0	0	23	0	0	0	66	88	0	63	37	47	0	17	0	0	0	11	22	0	0	13	0	0	0	10	11	0	0	33	0	0	0	98	123	0	67	66	65	24	23	54	0	0	20	56	0	0	33	0	17	0	15	22	0	0	20	0	55	0	24	11	48	0	53	28	0	0	162	168	48	123
310	302	40	12	11	294	24	0	0	40	12	11	31	0	0	0	95	30	22	27	286	14	0	0	24	0	0	12	0	0	0	61	0	0	0	40	12	11	2	0	29	0	6	0	0	0	31	0	0	0	95	30	22	27	278	11	0	0	14	0	0	3	0	0	0	35	0	0	0	24	0	0	2	0	0	0	6	0	0	0	12	0	0	0	61	0	0	0	40	12	11	6	0	17	0	8	0	0	0	2	0	29	0	6	0	0	0	31	0	0	0	95	30	22	27	270	11	0	0	11	0	0	3	0	0	0	28	0	0	0	14	0	0	2	0	0	0	6	0	0	0	3	0	0	0	35	0	0	0	24	0	0	6	0	0	0	8	0	0	0	2	0	0	0	6	0	0	0	12	0	0	0	61	0	0	0	40	12	11	16	0	0	0	21	0	0	0	6	0	17	0	8	0	0	0	2	0	29	0	6	0	0	0	31	0	0	0	95	30	22	27
721	702	24	18	147	683	8	0	100	24	18	147	1	0	94	59	59	18	147	172	664	8	0	99	8	0	100	1	0	48	57	23	0	100	57	24	18	147	1	0	0	11	4	0	0	0	1	0	94	59	59	18	147	172	645	8	0	99	8	0	99	1	0	48	57	23	0	99	57	8	0	100	1	0	0	11	2	0	0	0	1	0	48	57	23	0	100	57	24	18	147	1	0	0	0	5	0	0	0	1	0	0	11	4	0	0	0	1	0	94	59	59	18	147	172	626	8	0	99	8	0	99	1	0	48	57	23	0	99	57	8	0	99	1	0	0	11	2	0	0	0	1	0	48	57	23	0	99	57	8	0	100	1	0	0	0	4	0	0	0	1	0	0	11	2	0	0	0	1	0	48	57	23	0	100	57	24	18	147	10	0	0	0	14	0	0	0	1	0	0	0	5	0	0	0	1	0	0	11	4	0	0	0	1	0	94	59	59	18	147	172
266	259	14	0	35	252	3	0	17	14	0	35	1	0	40	7	34	0	0	77	245	3	0	17	3	0	17	1	0	10	7	11	0	0	39	14	0	35	1	0	0	0	1	0	0	0	1	0	40	7	34	0	0	77	238	3	0	17	3	0	17	1	0	10	7	11	0	0	39	3	0	17	1	0	0	0	1	0	0	0	1	0	10	7	11	0	0	39	14	0	35	1	0	0	0	1	0	0	0	1	0	0	0	1	0	0	0	1	0	40	7	34	0	0	77	231	3	0	17	3	0	17	1	0	10	7	11	0	0	39	3	0	17	1	0	0	0	1	0	0	0	1	0	10	7	11	0	0	39	3	0	17	1	0	0	0	1	0	0	0	1	0	0	0	1	0	0	0	1	0	10	7	11	0	0	39	14	0	35	4	0	0	0	7	0	0	0	1	0	0	0	1	0	0	0	1	0	0	0	1	0	0	0	1	0	40	7	34	0	0	77
340	331	26	14	28	322	9	0	17	26	14	28	4	0	40	7	65	21	56	58	313	9	0	17	9	0	17	4	0	10	7	25	0	34	25	26	14	28	1	0	0	0	5	0	0	0	4	0	40	7	65	21	56	58	304	9	0	17	9	0	17	4	0	10	7	25	0	34	25	9	0	17	1	0	0	0	1	0	0	0	4	0	10	7	25	0	34	25	26	14	28	3	0	0	0	4	0	0	0	1	0	0	0	5	0	0	0	4	0	40	7	65	21	56	58	295	8	0	17	9	0	17	4	0	10	7	25	0	34	25	9	0	17	1	0	0	0	1	0	0	0	4	0	10	7	25	0	34	25	9	0	17	1	0	0	0	2	0	0	0	1	0	0	0	1	0	0	0	4	0	10	7	25	0	34	25	26	14	28	4	0	0	0	12	7	0	0	3	0	0	0	4	0	0	0	1	0	0	0	5	0	0	0	4	0	40	7	65	21	56	58
460	447	57	59	20	434	22	36	10	57	59	20	21	27	40	0	138	156	100	58	421	22	36	10	22	36	10	21	27	10	0	67	90	50	25	57	59	20	12	0	0	0	20	0	0	0	21	27	40	0	138	156	100	58	408	22	36	10	22	36	10	21	27	10	0	67	90	50	25	22	36	10	12	0	0	0	8	0	0	0	21	27	10	0	67	90	50	25	57	59	20	26	0	0	0	12	0	0	0	12	0	0	0	20	0	0	0	21	27	40	0	138	156	100	58	395	17	36	10	22	36	10	21	27	10	0	67	90	50	25	22	36	10	12	0	0	0	8	0	0	0	21	27	10	0	67	90	50	25	22	36	10	12	0	0	0	6	0	0	0	12	0	0	0	8	0	0	0	21	27	10	0	67	90	50	25	57	59	20	17	0	0	0	13	20	0	0	26	0	0	0	12	0	0	0	12	0	0	0	20	0	0	0	21	27	40	0	138	156	100	58
546	531	59	71	30	516	25	38	0	59	71	30	28	13	44	0	146	220	120	112	501	24	37	0	25	38	0	23	13	0	0	70	138	0	39	59	71	30	16	12	0	0	19	12	0	0	28	13	44	0	146	220	120	112	486	23	36	0	24	37	0	22	12	0	0	66	134	0	39	25	38	0	11	12	0	0	6	12	0	0	23	13	0	0	70	138	0	39	59	71	30	25	12	0	0	13	12	0	0	16	12	0	0	19	12	0	0	28	13	44	0	146	220	120	112	471	18	32	0	23	36	0	22	12	0	0	63	132	0	39	24	37	0	11	12	0	0	6	12	0	0	22	12	0	0	66	134	0	39	25	38	0	11	12	0	0	7	12	0	0	11	12	0	0	6	12	0	0	23	13	0	0	70	138	0	39	59	71	30	19	32	0	0	19	40	0	0	25	12	0	0	13	12	0	0	16	12	0	0	19	12	0	0	28	13	44	0	146	220	120	112
537	522	66	62	37	507	34	26	25	66	62	37	34	0	50	0	145	163	148	50	492	32	26	25	34	26	25	30	0	50	0	95	91	100	10	66	62	37	14	0	0	0	21	18	0	0	34	0	50	0	145	163	148	50	477	31	26	25	32	26	25	28	0	50	0	89	91	100	10	34	26	25	12	0	0	0	6	0	0	0	30	0	50	0	95	91	100	10	66	62	37	26	0	0	0	15	9	0	0	14	0	0	0	21	18	0	0	34	0	50	0	145	163	148	50	462	25	26	25	31	26	25	28	0	50	0	87	91	100	10	32	26	25	12	0	0	0	6	0	0	0	28	0	50	0	89	91	100	10	34	26	25	12	0	0	0	7	0	0	0	12	0	0	0	6	0	0	0	30	0	50	0	95	91	100	10	66	62	37	14	0	8	0	9	0	0	0	26	0	0	0	15	9	0	0	14	0	0	0	21	18	0	0	34	0	50	0	145	163	148	50
584	568	49	29	114	552	27	15	66	49	29	114	29	0	42	115	116	58	114	225	536	25	15	51	27	15	66	25	0	42	64	75	30	66	127	49	29	114	14	0	0	38	18	28	0	58	29	0	42	115	116	58	114	225	520	24	15	45	25	15	51	23	0	34	64	69	30	51	126	27	15	66	12	0	0	14	6	0	0	25	25	0	42	64	75	30	66	127	49	29	114	28	0	0	0	14	14	0	17	14	0	0	38	18	28	0	58	29	0	42	115	116	58	114	225	504	17	15	45	24	15	45	23	0	22	64	67	30	45	126	25	15	51	12	0	0	14	6	0	0	25	23	0	34	64	69	30	51	126	27	15	66	12	0	0	0	8	0	0	0	12	0	0	14	6	0	0	25	25	0	42	64	75	30	66	127	49	29	114	14	0	18	0	8	0	0	0	28	0	0	0	14	14	0	17	14	0	0	38	18	28	0	58	29	0	42	115	116	58	114	225
735	715	74	75	140	695	42	0	130	74	75	140	51	0	115	65	159	180	700	20	675	36	0	111	42	0	130	37	0	115	14	107	0	650	10	74	75	140	20	0	32	86	21	45	0	58	51	0	115	65	159	180	700	20	655	34	0	77	36	0	111	34	0	105	14	94	0	555	10	42	0	130	16	0	32	14	9	0	0	25	37	0	115	14	107	0	650	10	74	75	140	30	0	10	65	15	15	0	155	20	0	32	86	21	45	0	58	51	0	115	65	159	180	700	20	635	27	0	59	34	0	77	33	0	70	14	90	0	385	10	36	0	111	15	0	31	14	9	0	0	25	34	0	105	14	94	0	555	10	42	0	130	12	0	10	13	9	0	0	67	16	0	32	14	9	0	0	25	37	0	115	14	107	0	650	10	74	75	140	15	0	20	82	7	0	0	56	30	0	10	65	15	15	0	155	20	0	32	86	21	45	0	58	51	0	115	65	159	180	700	20
549	534	59	38	79	519	38	14	53	59	38	79	36	0	30	64	141	64	158	78	504	36	14	24	38	14	53	32	0	30	0	99	28	106	27	59	38	79	17	0	0	88	24	24	0	82	36	0	30	64	141	64	158	78	489	33	12	0	36	14	24	30	0	17	0	93	28	48	27	38	14	53	12	0	0	0	7	0	0	25	32	0	30	0	99	28	106	27	59	38	79	30	24	10	0	17	26	0	123	17	0	0	88	24	24	0	82	36	0	30	64	141	64	158	78	474	21	0	0	33	12	0	27	0	0	0	86	24	0	27	36	14	24	12	0	0	0	7	0	0	25	30	0	17	0	93	28	48	27	38	14	53	12	0	10	0	10	14	0	67	12	0	0	0	7	0	0	25	32	0	30	0	99	28	106	27	59	38	79	14	0	65	0	7	14	79	0	30	24	10	0	17	26	0	123	17	0	0	88	24	24	0	82	36	0	30	64	141	64	158	78
752	730	97	190	31	708	48	147	17	97	190	31	45	251	20	14	233	484	93	50	686	41	136	6	48	147	17	26	231	20	0	122	389	51	10	97	190	31	22	152	0	24	38	87	0	24	45	251	20	14	233	484	93	50	664	36	113	0	41	136	6	21	217	12	0	101	357	18	10	48	147	17	8	125	0	0	10	55	0	0	26	231	20	0	122	389	51	10	97	190	31	14	229	0	0	20	56	0	17	22	152	0	24	38	87	0	24	45	251	20	14	233	484	93	50	642	27	68	0	36	113	0	18	173	0	0	89	301	0	10	41	136	6	8	121	0	0	10	55	0	0	21	217	12	0	101	357	18	10	48	147	17	2	121	0	0	9	44	0	0	8	125	0	0	10	55	0	0	26	231	20	0	122	389	51	10	97	190	31	5	116	45	0	13	33	124	0	14	229	0	0	20	56	0	17	22	152	0	24	38	87	0	24	45	251	20	14	233	484	93	50
621	603	70	73	83	585	47	56	34	70	73	83	52	56	5	47	169	162	83	287	567	44	56	34	47	56	34	44	56	5	47	137	154	34	225	70	73	83	17	0	0	0	21	0	0	0	52	56	5	47	169	162	83	287	549	38	56	34	44	56	34	42	56	5	47	127	154	34	166	47	56	34	15	0	0	0	13	0	0	0	44	56	5	47	137	154	34	225	70	73	83	12	0	44	0	13	0	0	0	17	0	0	0	21	0	0	0	52	56	5	47	169	162	83	287	531	35	56	34	38	56	34	30	56	5	47	112	154	34	102	44	56	34	15	0	0	0	13	0	0	0	42	56	5	47	127	154	34	166	47	56	34	12	0	0	0	9	0	0	0	15	0	0	0	13	0	0	0	44	56	5	47	137	154	34	225	70	73	83	6	0	24	0	9	0	0	0	12	0	44	0	13	0	0	0	17	0	0	0	21	0	0	0	52	56	5	47	169	162	83	287
603	586	64	44	100	569	48	16	61	64	44	100	55	0	29	74	157	48	200	208	552	45	16	61	48	16	61	47	0	27	74	140	48	122	172	64	44	100	17	0	0	0	14	0	0	0	55	0	29	74	157	48	200	208	535	40	16	61	45	16	61	45	0	27	74	130	48	122	142	48	16	61	15	0	0	0	13	0	0	0	47	0	27	74	140	48	122	172	64	44	100	12	0	32	0	8	0	0	0	17	0	0	0	14	0	0	0	55	0	29	74	157	48	200	208	518	37	16	61	40	16	61	33	0	27	74	117	48	122	102	45	16	61	15	0	0	0	13	0	0	0	45	0	27	74	130	48	122	142	48	16	61	12	0	0	0	8	0	0	0	15	0	0	0	13	0	0	0	47	0	27	74	140	48	122	172	64	44	100	6	0	24	0	4	0	0	0	12	0	32	0	8	0	0	0	17	0	0	0	14	0	0	0	55	0	29	74	157	48	200	208
637	619	57	59	113	601	34	17	82	57	59	113	36	0	79	76	122	93	339	177	583	29	17	82	34	17	82	24	0	76	76	91	51	246	155	57	59	113	7	0	21	0	8	0	0	0	36	0	79	76	122	93	339	177	565	26	17	77	29	17	82	21	0	76	59	77	51	246	136	34	17	82	4	0	20	0	8	0	0	0	24	0	76	76	91	51	246	155	57	59	113	1	0	25	33	5	0	0	0	7	0	21	0	8	0	0	0	36	0	79	76	122	93	339	177	547	26	17	51	26	17	77	21	0	75	21	71	51	231	102	29	17	82	4	0	20	0	8	0	0	0	21	0	76	59	77	51	246	136	34	17	82	1	0	20	0	5	0	0	0	4	0	20	0	8	0	0	0	24	0	76	76	91	51	246	155	57	59	113	2	0	0	95	3	0	0	59	1	0	25	33	5	0	0	0	7	0	21	0	8	0	0	0	36	0	79	76	122	93	339	177
632	614	74	85	94	596	51	55	30	74	85	94	49	76	11	60	166	169	188	401	578	48	29	30	51	55	30	44	24	10	60	129	117	60	291	74	85	94	24	24	22	0	25	0	188	0	49	76	11	60	166	169	188	401	560	38	17	20	48	29	30	41	0	10	38	121	41	60	217	51	55	30	21	0	20	0	20	0	60	0	44	24	10	60	129	117	60	291	74	85	94	14	0	91	58	17	16	94	0	24	24	22	0	25	0	188	0	49	76	11	60	166	169	188	401	542	34	16	0	38	17	20	28	0	9	0	98	17	40	147	48	29	30	21	0	20	0	20	0	60	0	41	0	10	38	121	41	60	217	51	55	30	12	0	40	0	12	14	30	0	21	0	20	0	20	0	60	0	44	24	10	60	129	117	60	291	74	85	94	17	16	24	0	13	16	0	69	14	0	91	58	17	16	94	0	24	24	22	0	25	0	188	0	49	76	11	60	166	169	188	401
526	510	71	101	15	494	37	70	0	71	101	15	43	97	0	0	155	256	60	140	478	31	61	0	37	70	0	23	71	0	0	95	197	0	130	71	101	15	12	43	0	0	21	44	15	0	43	97	0	0	155	256	60	140	462	29	60	0	31	61	0	17	70	0	0	79	171	0	111	37	70	0	6	40	0	0	13	40	0	0	23	71	0	0	95	197	0	130	71	101	15	0	10	0	0	10	11	0	0	12	43	0	0	21	44	15	0	43	97	0	0	155	256	60	140	446	29	59	0	29	60	0	17	70	0	0	74	170	0	77	31	61	0	6	40	0	0	11	40	0	0	17	70	0	0	79	171	0	111	37	70	0	0	10	0	0	4	10	0	0	6	40	0	0	13	40	0	0	23	71	0	0	95	197	0	130	71	101	15	13	9	0	0	8	0	0	0	0	10	0	0	10	11	0	0	12	43	0	0	21	44	15	0	43	97	0	0	155	256	60	140
555	538	54	74	92	521	32	66	29	54	74	92	38	88	29	39	136	194	0	405	504	27	66	28	32	66	29	20	88	0	37	89	176	0	207	54	74	92	8	0	12	11	9	44	0	0	38	88	29	39	136	194	0	405	487	26	66	28	27	66	28	16	88	0	37	77	176	0	207	32	66	29	4	0	0	11	6	44	0	0	20	88	0	37	89	176	0	207	54	74	92	1	0	0	0	3	11	0	0	8	0	12	11	9	44	0	0	38	88	29	39	136	194	0	405	470	26	66	28	26	66	28	16	88	0	37	74	176	0	192	27	66	28	4	0	0	11	4	44	0	0	16	88	0	37	77	176	0	207	32	66	29	1	0	0	0	3	11	0	0	4	0	0	11	6	44	0	0	20	88	0	37	89	176	0	207	54	74	92	2	0	0	0	1	0	0	0	1	0	0	0	3	11	0	0	8	0	12	11	9	44	0	0	38	88	29	39	136	194	0	405
406	394	33	20	71	382	20	20	35	33	20	71	19	0	16	34	79	60	0	228	370	20	20	34	20	20	35	19	0	10	32	53	60	0	143	33	20	71	4	0	0	11	9	0	0	0	19	0	16	34	79	60	0	228	358	20	20	34	20	20	34	19	0	10	32	53	60	0	143	20	20	35	4	0	0	11	8	0	0	0	19	0	10	32	53	60	0	143	33	20	71	1	0	0	0	2	0	0	0	4	0	0	11	9	0	0	0	19	0	16	34	79	60	0	228	346	20	20	34	20	20	34	19	0	10	32	53	60	0	138	20	20	34	4	0	0	11	8	0	0	0	19	0	10	32	53	60	0	143	20	20	35	1	0	0	0	2	0	0	0	4	0	0	11	8	0	0	0	19	0	10	32	53	60	0	143	33	20	71	1	0	0	0	0	0	0	0	1	0	0	0	2	0	0	0	4	0	0	11	9	0	0	0	19	0	16	34	79	60	0	228
535	519	56	71	65	503	32	39	30	56	71	65	22	26	53	41	129	153	195	222	487	30	39	29	32	39	30	19	26	21	39	78	91	90	112	56	71	65	10	0	25	10	18	0	0	0	22	26	53	41	129	153	195	222	471	30	39	29	30	39	29	19	26	20	39	74	91	87	112	32	39	30	10	0	11	10	17	0	0	0	19	26	21	39	78	91	90	112	56	71	65	1	0	0	0	10	0	0	0	10	0	25	10	18	0	0	0	22	26	53	41	129	153	195	222	455	30	39	28	30	39	29	19	26	20	37	74	91	87	97	30	39	29	10	0	10	9	17	0	0	0	19	26	20	39	74	91	87	112	32	39	30	1	0	0	0	6	0	0	0	10	0	11	10	17	0	0	0	19	26	21	39	78	91	90	112	56	71	65	14	0	0	9	8	0	0	0	1	0	0	0	10	0	0	0	10	0	25	10	18	0	0	0	22	26	53	41	129	153	195	222
326	316	35	33	16	306	17	21	10	35	33	16	11	14	16	10	80	61	32	15	296	17	21	10	17	21	10	11	14	10	10	43	49	20	0	35	33	16	4	0	0	0	7	0	0	0	11	14	16	10	80	61	32	15	286	17	21	10	17	21	10	11	14	10	10	43	49	20	0	17	21	10	4	0	0	0	6	0	0	0	11	14	10	10	43	49	20	0	35	33	16	1	0	0	0	2	0	0	0	4	0	0	0	7	0	0	0	11	14	16	10	80	61	32	15	276	17	21	10	17	21	10	11	14	10	10	43	49	20	0	17	21	10	4	0	0	0	6	0	0	0	11	14	10	10	43	49	20	0	17	21	10	1	0	0	0	1	0	0	0	4	0	0	0	6	0	0	0	11	14	10	10	43	49	20	0	35	33	16	1	0	0	0	1	0	0	0	1	0	0	0	2	0	0	0	4	0	0	0	7	0	0	0	11	14	16	10	80	61	32	15
289	280	34	28	0	271	15	18	0	34	28	0	4	12	0	0	69	58	0	0	262	15	18	0	15	18	0	4	12	0	0	32	42	0	0	34	28	0	6	0	0	0	10	0	0	0	4	12	0	0	69	58	0	0	253	15	18	0	15	18	0	4	12	0	0	32	42	0	0	15	18	0	6	0	0	0	9	0	0	0	4	12	0	0	32	42	0	0	34	28	0	0	0	0	0	6	0	0	0	6	0	0	0	10	0	0	0	4	12	0	0	69	58	0	0	244	15	18	0	15	18	0	4	12	0	0	32	42	0	0	15	18	0	6	0	0	0	9	0	0	0	4	12	0	0	32	42	0	0	15	18	0	0	0	0	0	2	0	0	0	6	0	0	0	9	0	0	0	4	12	0	0	32	42	0	0	34	28	0	12	0	0	0	6	0	0	0	0	0	0	0	6	0	0	0	6	0	0	0	10	0	0	0	4	12	0	0	69	58	0	0
467	453	38	35	71	439	20	13	48	38	35	71	7	0	52	70	87	46	142	81	425	20	13	32	20	13	48	7	0	49	41	43	13	96	40	38	35	71	8	0	0	43	16	0	0	94	7	0	52	70	87	46	142	81	411	19	13	30	20	13	32	7	0	33	40	43	13	64	39	20	13	48	6	0	0	40	9	0	0	30	7	0	49	41	43	13	96	40	38	35	71	2	0	0	20	13	11	0	0	8	0	0	43	16	0	0	94	7	0	52	70	87	46	142	81	397	18	13	30	19	13	30	6	0	30	40	40	13	60	39	20	13	32	6	0	0	40	9	0	0	30	7	0	33	40	43	13	64	39	20	13	48	0	0	0	20	2	0	0	0	6	0	0	40	9	0	0	30	7	0	49	41	43	13	96	40	38	35	71	13	0	0	0	11	11	0	0	2	0	0	20	13	11	0	0	8	0	0	43	16	0	0	94	7	0	52	70	87	46	142	81
545	528	70	98	35	511	40	66	17	70	98	35	48	0	14	44	176	227	140	65	494	33	60	0	40	66	17	23	0	12	0	102	147	68	30	70	98	35	24	72	0	0	31	90	0	109	48	0	14	44	176	227	140	65	477	28	60	0	33	60	0	18	0	0	0	85	132	0	29	40	66	17	10	72	0	0	13	90	0	30	23	0	12	0	102	147	68	30	70	98	35	13	0	0	0	13	48	0	0	24	72	0	0	31	90	0	109	48	0	14	44	176	227	140	65	460	22	48	0	28	60	0	13	0	0	0	70	132	0	29	33	60	0	8	72	0	0	9	84	0	30	18	0	0	0	85	132	0	29	40	66	17	3	0	0	0	4	24	0	0	10	72	0	0	13	90	0	30	23	0	12	0	102	147	68	30	70	98	35	4	96	9	0	9	48	0	0	13	0	0	0	13	48	0	0	24	72	0	0	31	90	0	109	48	0	14	44	176	227	140	65
292	283	36	14	17	274	19	14	0	36	14	17	14	0	0	0	86	35	0	81	265	17	14	0	19	14	0	6	0	0	0	42	35	0	40	36	14	17	6	0	0	0	8	14	0	0	14	0	0	0	86	35	0	81	256	17	14	0	17	14	0	6	0	0	0	39	35	0	39	19	14	0	6	0	0	0	7	14	0	0	6	0	0	0	42	35	0	40	36	14	17	0	0	0	0	11	0	0	0	6	0	0	0	8	14	0	0	14	0	0	0	86	35	0	81	247	17	14	0	17	14	0	6	0	0	0	39	35	0	39	17	14	0	6	0	0	0	7	14	0	0	6	0	0	0	39	35	0	39	19	14	0	0	0	0	0	3	0	0	0	6	0	0	0	7	14	0	0	6	0	0	0	42	35	0	40	36	14	17	12	0	0	0	10	0	0	0	0	0	0	0	11	0	0	0	6	0	0	0	8	14	0	0	14	0	0	0	86	35	0	81
230	223	24	11	2	216	11	6	0	24	11	2	2	0	0	0	58	11	2	0	209	11	6	0	11	6	0	2	0	0	0	24	6	0	0	24	11	2	6	0	0	0	12	0	0	0	2	0	0	0	58	11	2	0	202	11	6	0	11	6	0	2	0	0	0	24	6	0	0	11	6	0	6	0	0	0	9	0	0	0	2	0	0	0	24	6	0	0	24	11	2	0	0	0	0	10	0	0	0	6	0	0	0	12	0	0	0	2	0	0	0	58	11	2	0	195	11	6	0	11	6	0	2	0	0	0	24	6	0	0	11	6	0	6	0	0	0	9	0	0	0	2	0	0	0	24	6	0	0	11	6	0	0	0	0	0	2	0	0	0	6	0	0	0	9	0	0	0	2	0	0	0	24	6	0	0	24	11	2	12	0	0	0	9	0	0	0	0	0	0	0	10	0	0	0	6	0	0	0	12	0	0	0	2	0	0	0	58	11	2	0
301	292	41	20	0	283	19	0	0	41	20	0	9	0	0	0	100	60	0	0	274	18	0	0	19	0	0	4	0	0	0	46	0	0	0	41	20	0	23	0	0	0	30	4	0	0	9	0	0	0	100	60	0	0	265	14	0	0	18	0	0	3	0	0	0	42	0	0	0	19	0	0	9	0	0	0	12	0	0	0	4	0	0	0	46	0	0	0	41	20	0	9	0	0	0	11	16	0	0	23	0	0	0	30	4	0	0	9	0	0	0	100	60	0	0	256	11	0	0	14	0	0	0	0	0	0	30	0	0	0	18	0	0	9	0	0	0	12	0	0	0	3	0	0	0	42	0	0	0	19	0	0	1	0	0	0	3	0	0	0	9	0	0	0	12	0	0	0	4	0	0	0	46	0	0	0	41	20	0	14	0	0	0	8	12	0	0	9	0	0	0	11	16	0	0	23	0	0	0	30	4	0	0	9	0	0	0	100	60	0	0
618	599	55	65	131	580	30	34	104	55	65	131	35	17	33	54	142	144	262	106	561	24	32	101	30	34	104	17	17	33	49	73	68	208	65	55	65	131	34	30	11	37	33	60	0	0	35	17	33	54	142	144	262	106	542	18	15	79	24	32	101	12	15	33	22	54	62	202	32	30	34	104	14	0	11	11	13	0	0	0	17	17	33	49	73	68	208	65	55	65	131	10	30	22	109	11	15	131	94	34	30	11	37	33	60	0	0	35	17	33	54	142	144	262	106	523	11	0	51	18	15	79	8	0	24	20	39	15	158	30	24	32	101	13	0	11	10	13	0	0	0	12	15	33	22	54	62	202	32	30	34	104	1	0	22	50	5	0	104	30	14	0	11	11	13	0	0	0	17	17	33	49	73	68	208	65	55	65	131	4	0	51	78	9	0	131	110	10	30	22	109	11	15	131	94	34	30	11	37	33	60	0	0	35	17	33	54	142	144	262	106
395	383	43	11	63	371	23	0	34	43	11	63	22	0	33	12	111	33	63	108	359	19	0	34	23	0	34	8	0	33	12	55	0	34	65	43	11	63	30	0	11	0	30	22	0	0	22	0	33	12	111	33	63	108	347	13	0	30	19	0	34	5	0	33	11	43	0	34	32	23	0	34	10	0	11	0	10	0	0	0	8	0	33	12	55	0	34	65	43	11	63	12	0	22	35	8	0	0	0	30	0	11	0	30	22	0	0	22	0	33	12	111	33	63	108	335	6	0	19	13	0	30	0	0	24	10	26	0	30	30	19	0	34	9	0	11	0	10	0	0	0	5	0	33	11	43	0	34	32	23	0	34	1	0	22	10	3	0	0	0	10	0	11	0	10	0	0	0	8	0	33	12	55	0	34	65	43	11	63	2	0	35	28	4	0	0	31	12	0	22	35	8	0	0	0	30	0	11	0	30	22	0	0	22	0	33	12	111	33	63	108
485	470	66	67	38	455	32	21	34	66	67	38	35	53	33	0	162	206	190	0	440	26	8	34	32	21	34	22	8	33	0	68	71	170	0	66	67	38	25	40	23	0	31	32	38	0	35	53	33	0	162	206	190	0	425	19	0	31	26	8	34	17	0	33	0	49	24	170	0	32	21	34	8	0	23	0	12	0	34	0	22	8	33	0	68	71	170	0	66	67	38	12	0	34	24	9	8	38	0	25	40	23	0	31	32	38	0	35	53	33	0	162	206	190	0	410	15	0	17	19	0	31	12	0	24	0	32	0	155	0	26	8	34	7	0	23	0	12	0	34	0	17	0	33	0	49	24	170	0	32	21	34	1	0	34	0	3	0	34	0	8	0	23	0	12	0	34	0	22	8	33	0	68	71	170	0	66	67	38	4	0	11	50	7	0	0	31	12	0	34	24	9	8	38	0	25	40	23	0	31	32	38	0	35	53	33	0	162	206	190	0
467	452	77	80	23	437	41	57	11	77	80	23	50	20	33	0	197	223	69	35	422	32	51	11	41	57	11	23	20	33	0	102	172	33	17	77	80	23	34	56	11	0	37	65	0	0	50	20	33	0	197	223	69	35	407	25	37	8	32	51	11	17	14	33	0	76	150	33	0	41	57	11	14	33	11	0	16	36	0	0	23	20	33	0	102	172	33	17	77	80	23	8	52	22	24	14	18	23	0	34	56	11	0	37	65	0	0	50	20	33	0	197	223	69	35	392	18	21	0	25	37	8	12	0	24	0	58	119	24	0	32	51	11	11	31	11	0	14	32	0	0	17	14	33	0	76	150	33	0	41	57	11	1	10	22	0	7	10	11	0	14	33	11	0	16	36	0	0	23	20	33	0	102	172	33	17	77	80	23	3	22	35	0	13	22	46	31	8	52	22	24	14	18	23	0	34	56	11	0	37	65	0	0	50	20	33	0	197	223	69	35
356	345	56	34	12	334	31	10	0	56	34	12	33	0	0	0	136	96	48	35	323	26	6	0	31	10	0	18	0	0	0	66	30	0	17	56	34	12	25	24	0	0	32	24	0	0	33	0	0	0	136	96	48	35	312	22	0	0	26	6	0	15	0	0	0	51	18	0	0	31	10	0	13	0	0	0	17	0	0	0	18	0	0	0	66	30	0	17	56	34	12	9	0	0	0	10	6	12	0	25	24	0	0	32	24	0	0	33	0	0	0	136	96	48	35	301	16	0	0	22	0	0	12	0	0	0	41	0	0	0	26	6	0	13	0	0	0	17	0	0	0	15	0	0	0	51	18	0	0	31	10	0	1	0	0	0	5	0	0	0	13	0	0	0	17	0	0	0	18	0	0	0	66	30	0	17	56	34	12	4	0	24	0	9	0	0	0	9	0	0	0	10	6	12	0	25	24	0	0	32	24	0	0	33	0	0	0	136	96	48	35
473	458	67	56	62	443	40	20	11	67	56	62	37	60	23	44	165	152	186	267	428	32	0	11	40	20	11	30	0	11	44	91	40	33	183	67	56	62	13	0	66	0	17	0	124	0	37	60	23	44	165	152	186	267	413	27	0	11	32	0	11	23	0	11	44	67	0	33	180	40	20	11	10	0	22	0	16	0	22	0	30	0	11	44	91	40	33	183	67	56	62	3	0	44	0	6	0	0	0	13	0	66	0	17	0	124	0	37	60	23	44	165	152	186	267	398	27	0	8	27	0	11	23	0	11	32	62	0	33	148	32	0	11	10	0	22	0	16	0	22	0	23	0	11	44	67	0	33	180	40	20	11	3	0	11	0	4	0	0	0	10	0	22	0	16	0	22	0	30	0	11	44	91	40	33	183	67	56	62	4	0	0	24	8	0	0	0	3	0	44	0	6	0	0	0	13	0	66	0	17	0	124	0	37	60	23	44	165	152	186	267
551	532	92	138	51	513	50	108	11	92	138	51	36	164	23	44	212	348	102	204	494	39	86	11	50	108	11	24	120	11	44	122	250	22	149	92	138	51	17	68	66	0	25	46	102	0	36	164	23	44	212	348	102	204	475	33	78	11	39	86	11	18	104	11	44	92	190	22	146	50	108	11	12	52	22	0	20	40	22	0	24	120	11	44	122	250	22	149	92	138	51	10	0	44	0	11	27	51	0	17	68	66	0	25	46	102	0	36	164	23	44	212	348	102	204	456	30	76	8	33	78	11	15	104	11	32	81	182	22	118	39	86	11	10	52	22	0	18	34	22	0	18	104	11	44	92	190	22	146	50	108	11	5	0	11	0	5	23	11	0	12	52	22	0	20	40	22	0	24	120	11	44	122	250	22	149	92	138	51	8	24	0	24	17	39	0	0	10	0	44	0	11	27	51	0	17	68	66	0	25	46	102	0	36	164	23	44	212	348	102	204
418	404	62	63	29	390	36	33	11	62	63	29	40	22	23	44	151	107	116	50	376	26	33	11	36	33	11	25	22	11	44	80	22	44	34	62	63	29	11	0	44	0	16	24	0	0	40	22	23	44	151	107	116	50	362	24	33	11	26	33	11	21	22	11	44	53	22	44	34	36	33	11	8	0	22	0	16	22	0	0	25	22	11	44	80	22	44	34	62	63	29	2	0	15	0	3	0	0	0	11	0	44	0	16	24	0	0	40	22	23	44	151	107	116	50	348	24	33	8	24	33	11	21	22	11	32	51	22	44	31	26	33	11	8	0	22	0	16	22	0	0	21	22	11	44	53	22	44	34	36	33	11	2	0	11	0	3	0	0	0	8	0	22	0	16	22	0	0	25	22	11	44	80	22	44	34	62	63	29	2	0	0	24	5	0	0	0	2	0	15	0	3	0	0	0	11	0	44	0	16	24	0	0	40	22	23	44	151	107	116	50
356	344	54	43	21	332	33	27	0	54	43	21	32	18	8	0	136	61	42	73	320	24	27	0	33	27	0	19	18	0	0	76	18	0	45	54	43	21	11	0	21	0	17	20	0	0	32	18	8	0	136	61	42	73	308	21	27	0	24	27	0	15	18	0	0	51	18	0	45	33	27	0	9	0	0	0	17	18	0	0	19	18	0	0	76	18	0	45	54	43	21	3	0	14	0	4	0	0	0	11	0	21	0	17	20	0	0	32	18	8	0	136	61	42	73	296	21	27	0	21	27	0	15	18	0	0	48	18	0	39	24	27	0	9	0	0	0	17	18	0	0	15	18	0	0	51	18	0	45	33	27	0	3	0	0	0	4	0	0	0	9	0	0	0	17	18	0	0	19	18	0	0	76	18	0	45	54	43	21	4	0	0	0	7	0	0	0	3	0	14	0	4	0	0	0	11	0	21	0	17	20	0	0	32	18	8	0	136	61	42	73
244	236	42	19	8	228	23	7	0	42	19	8	24	0	8	0	95	39	24	38	220	18	7	0	23	7	0	15	0	0	0	43	7	0	34	42	19	8	4	0	8	0	10	14	0	0	24	0	8	0	95	39	24	38	212	18	7	0	18	7	0	15	0	0	0	31	7	0	34	23	7	0	4	0	0	0	10	14	0	0	15	0	0	0	43	7	0	34	42	19	8	2	0	0	0	1	0	0	0	4	0	8	0	10	14	0	0	24	0	8	0	95	39	24	38	204	18	7	0	18	7	0	15	0	0	0	31	7	0	31	18	7	0	4	0	0	0	10	14	0	0	15	0	0	0	31	7	0	34	23	7	0	2	0	0	0	1	0	0	0	4	0	0	0	10	14	0	0	15	0	0	0	43	7	0	34	42	19	8	0	0	0	0	1	0	0	0	2	0	0	0	1	0	0	0	4	0	8	0	10	14	0	0	24	0	8	0	95	39	24	38
461	446	65	44	78	431	35	0	45	65	44	78	35	0	107	85	148	110	312	142	416	33	0	32	35	0	45	31	0	60	33	86	0	180	33	65	44	78	10	0	26	56	14	0	0	38	35	0	107	85	148	110	312	142	401	33	0	32	33	0	32	31	0	43	33	84	0	128	33	35	0	45	10	0	15	56	11	0	0	34	31	0	60	33	86	0	180	33	65	44	78	3	0	0	0	9	0	0	0	10	0	26	56	14	0	0	38	35	0	107	85	148	110	312	142	386	33	0	32	33	0	32	31	0	43	33	84	0	128	33	33	0	32	10	0	11	56	10	0	0	34	31	0	43	33	84	0	128	33	35	0	45	3	0	0	0	4	0	0	0	10	0	15	56	11	0	0	34	31	0	60	33	86	0	180	33	65	44	78	4	0	0	0	11	0	0	0	3	0	0	0	9	0	0	0	10	0	26	56	14	0	0	38	35	0	107	85	148	110	312	142
354	342	49	30	37	330	25	20	9	49	30	37	22	10	29	0	112	74	37	120	318	23	20	9	25	20	9	20	10	9	0	55	60	9	22	49	30	37	5	0	0	0	10	20	0	0	22	10	29	0	112	74	37	120	306	23	20	9	23	20	9	20	10	9	0	50	60	9	22	25	20	9	5	0	0	0	10	20	0	0	20	10	9	0	55	60	9	22	49	30	37	2	0	0	0	1	0	0	0	5	0	0	0	10	20	0	0	22	10	29	0	112	74	37	120	294	23	20	9	23	20	9	20	10	9	0	50	60	9	22	23	20	9	5	0	0	0	10	20	0	0	20	10	9	0	50	60	9	22	25	20	9	2	0	0	0	1	0	0	0	5	0	0	0	10	20	0	0	20	10	9	0	55	60	9	22	49	30	37	0	0	0	0	1	0	0	0	2	0	0	0	1	0	0	0	5	0	0	0	10	20	0	0	22	10	29	0	112	74	37	120
267	258	42	23	9	249	18	8	9	42	23	9	17	0	9	0	103	70	27	0	240	18	8	9	18	8	9	17	0	9	0	50	40	27	0	42	23	9	5	0	0	0	8	0	0	0	17	0	9	0	103	70	27	0	231	18	8	9	18	8	9	17	0	9	0	50	40	27	0	18	8	9	5	0	0	0	6	0	0	0	17	0	9	0	50	40	27	0	42	23	9	2	0	0	0	4	0	0	0	5	0	0	0	8	0	0	0	17	0	9	0	103	70	27	0	222	18	8	9	18	8	9	17	0	9	0	50	40	27	0	18	8	9	5	0	0	0	6	0	0	0	17	0	9	0	50	40	27	0	18	8	9	2	0	0	0	1	0	0	0	5	0	0	0	6	0	0	0	17	0	9	0	50	40	27	0	42	23	9	0	0	0	0	5	0	0	0	2	0	0	0	4	0	0	0	5	0	0	0	8	0	0	0	17	0	9	0	103	70	27	0
544	525	84	123	36	506	46	74	0	84	123	36	36	56	36	0	187	279	180	171	487	43	72	0	46	74	0	32	56	0	0	119	142	0	33	84	123	36	14	32	8	0	31	32	0	0	36	56	36	0	187	279	180	171	468	42	70	0	43	72	0	32	56	0	0	113	134	0	33	46	74	0	11	28	0	0	21	28	0	0	32	56	0	0	119	142	0	33	84	123	36	4	28	0	0	11	14	0	0	14	32	8	0	31	32	0	0	36	56	36	0	187	279	180	171	449	41	70	0	42	70	0	31	56	0	0	109	126	0	33	43	72	0	11	28	0	0	20	28	0	0	32	56	0	0	113	134	0	33	46	74	0	1	28	0	0	3	14	0	0	11	28	0	0	21	28	0	0	32	56	0	0	119	142	0	33	84	123	36	7	0	0	0	14	14	0	0	4	28	0	0	11	14	0	0	14	32	8	0	31	32	0	0	36	56	36	0	187	279	180	171
355	342	51	60	11	329	23	42	0	51	60	11	16	52	0	0	126	135	22	37	316	21	40	0	23	42	0	14	48	0	0	63	101	0	11	51	60	11	3	16	0	0	12	16	0	0	16	52	0	0	126	135	22	37	303	21	40	0	21	40	0	14	48	0	0	58	96	0	11	23	42	0	3	16	0	0	11	16	0	0	14	48	0	0	63	101	0	11	51	60	11	2	0	0	0	2	0	0	0	3	16	0	0	12	16	0	0	16	52	0	0	126	135	22	37	290	21	40	0	21	40	0	14	48	0	0	58	96	0	11	21	40	0	3	16	0	0	11	16	0	0	14	48	0	0	58	96	0	11	23	42	0	2	0	0	0	1	0	0	0	3	16	0	0	11	16	0	0	14	48	0	0	63	101	0	11	51	60	11	0	0	0	0	3	0	0	0	2	0	0	0	2	0	0	0	3	16	0	0	12	16	0	0	16	52	0	0	126	135	22	37
460	443	81	101	36	426	47	65	14	81	101	36	36	54	22	16	195	230	144	114	409	46	64	6	47	65	14	35	52	20	0	137	167	56	45	81	101	36	21	13	0	0	28	8	0	51	36	54	22	16	195	230	144	114	392	43	63	6	46	64	6	34	52	12	0	133	166	24	32	47	65	14	15	13	0	0	14	0	0	11	35	52	20	0	137	167	56	45	81	101	36	8	12	0	0	12	28	0	0	21	13	0	0	28	8	0	51	36	54	22	16	195	230	144	114	375	40	61	6	43	63	6	31	50	12	0	123	162	24	32	46	64	6	13	13	0	0	12	0	0	11	34	52	12	0	133	166	24	32	47	65	14	3	12	0	0	3	12	0	0	15	13	0	0	14	0	0	11	35	52	20	0	137	167	56	45	81	101	36	7	24	0	0	20	28	0	0	8	12	0	0	12	28	0	0	21	13	0	0	28	8	0	51	36	54	22	16	195	230	144	114
486	469	74	81	60	452	41	30	51	74	81	60	53	15	70	0	177	187	300	36	435	35	30	51	41	30	51	33	15	70	0	116	75	255	0	74	81	60	17	0	10	0	18	50	0	0	53	15	70	0	177	187	300	36	418	31	30	51	35	30	51	27	15	70	0	99	75	255	0	41	30	51	7	0	10	0	6	0	0	0	33	15	70	0	116	75	255	0	74	81	60	6	0	10	0	10	30	0	0	17	0	10	0	18	50	0	0	53	15	70	0	177	187	300	36	401	29	30	50	31	30	51	25	15	70	0	89	75	255	0	35	30	51	5	0	10	0	2	0	0	0	27	15	70	0	99	75	255	0	41	30	51	4	0	10	0	3	0	0	0	7	0	10	0	6	0	0	0	33	15	70	0	116	75	255	0	74	81	60	3	0	0	9	11	20	0	0	6	0	10	0	10	30	0	0	17	0	10	0	18	50	0	0	53	15	70	0	177	187	300	36
499	482	53	44	118	465	31	16	82	53	44	118	27	0	47	58	130	92	236	134	448	30	16	79	31	16	82	26	0	46	55	88	64	164	54	53	44	118	10	0	0	45	16	14	0	0	27	0	47	58	130	92	236	134	431	29	16	74	30	16	79	25	0	43	50	84	64	158	41	31	16	82	9	0	0	33	7	0	0	0	26	0	46	55	88	64	164	54	53	44	118	6	0	0	56	10	14	0	0	10	0	0	45	16	14	0	0	27	0	47	58	130	92	236	134	414	27	16	74	29	16	74	23	0	39	50	81	64	148	41	30	16	79	7	0	0	33	5	0	0	0	25	0	43	50	84	64	158	41	31	16	82	4	0	0	56	3	0	0	0	9	0	0	33	7	0	0	0	26	0	46	55	88	64	164	54	53	44	118	3	0	0	0	9	28	0	0	6	0	0	56	10	14	0	0	10	0	0	45	16	14	0	0	27	0	47	58	130	92	236	134
507	490	61	42	118	473	40	0	86	61	42	118	35	0	66	77	150	56	354	123	456	39	0	51	40	0	86	34	0	63	23	117	0	258	54	61	42	118	17	0	0	160	20	14	0	113	35	0	66	77	150	56	354	123	439	36	0	11	39	0	51	33	0	44	11	113	0	153	41	40	0	86	12	0	0	33	8	0	0	22	34	0	63	23	117	0	258	54	61	42	118	6	0	10	44	12	28	0	204	17	0	0	160	20	14	0	113	35	0	66	77	150	56	354	123	422	34	0	11	36	0	11	31	0	11	11	103	0	33	41	39	0	51	10	0	0	33	6	0	0	22	33	0	44	11	113	0	153	41	40	0	86	4	0	10	44	4	0	0	149	12	0	0	33	8	0	0	22	34	0	63	23	117	0	258	54	61	42	118	7	0	0	0	14	28	0	0	6	0	10	44	12	28	0	204	17	0	0	160	20	14	0	113	35	0	66	77	150	56	354	123
434	418	61	72	53	402	27	56	10	61	72	53	22	69	0	30	152	239	53	171	386	27	55	0	27	56	10	22	66	0	0	77	211	10	63	61	72	53	7	11	0	0	18	0	0	62	22	69	0	30	152	239	53	171	370	27	55	0	27	55	0	22	66	0	0	77	209	0	50	27	56	10	7	11	0	0	9	0	0	11	22	66	0	0	77	211	10	63	61	72	53	3	0	0	0	10	0	0	0	7	11	0	0	18	0	0	62	22	69	0	30	152	239	53	171	354	27	55	0	27	55	0	22	66	0	0	77	209	0	50	27	55	0	7	11	0	0	9	0	0	11	22	66	0	0	77	209	0	50	27	56	10	3	0	0	0	2	0	0	0	7	11	0	0	9	0	0	11	22	66	0	0	77	211	10	63	61	72	53	2	0	0	0	12	0	0	0	3	0	0	0	10	0	0	0	7	11	0	0	18	0	0	62	22	69	0	30	152	239	53	171
470	452	79	103	50	434	46	77	16	79	103	50	47	78	14	12	223	276	100	214	416	40	75	16	46	77	16	28	78	14	12	150	231	32	151	79	103	50	13	20	0	0	17	10	0	0	47	78	14	12	223	276	100	214	398	38	65	16	40	75	16	23	78	14	12	133	225	32	108	46	77	16	8	0	0	0	9	0	0	0	28	78	14	12	150	231	32	151	79	103	50	6	0	0	0	8	0	50	0	13	20	0	0	17	10	0	0	47	78	14	12	223	276	100	214	380	36	65	16	38	65	16	21	78	14	12	127	195	32	68	40	75	16	6	0	0	0	5	0	0	0	23	78	14	12	133	225	32	108	46	77	16	4	0	0	0	4	0	16	0	8	0	0	0	9	0	0	0	28	78	14	12	150	231	32	151	79	103	50	4	0	0	0	16	0	0	0	6	0	0	0	8	0	50	0	13	20	0	0	17	10	0	0	47	78	14	12	223	276	100	214
509	491	70	59	99	473	44	17	76	70	59	99	52	0	69	50	193	152	297	96	455	37	17	76	44	17	76	32	0	68	50	138	68	228	65	70	59	99	12	0	11	0	13	14	0	0	52	0	69	50	193	152	297	96	437	34	17	76	37	17	76	27	0	68	50	120	68	228	57	44	17	76	5	0	10	0	5	0	0	0	32	0	68	50	138	68	228	65	70	59	99	4	0	0	0	5	0	0	0	12	0	11	0	13	14	0	0	52	0	69	50	193	152	297	96	419	32	17	76	34	17	76	25	0	68	50	111	68	228	57	37	17	76	3	0	10	0	1	0	0	0	27	0	68	50	120	68	228	57	44	17	76	2	0	0	0	3	0	0	0	5	0	10	0	5	0	0	0	32	0	68	50	138	68	228	65	70	59	99	3	0	0	0	4	0	0	0	4	0	0	0	5	0	0	0	12	0	11	0	13	14	0	0	52	0	69	50	193	152	297	96
492	475	56	16	162	458	43	0	99	56	16	162	52	0	11	103	161	32	162	385	441	33	0	98	43	0	99	32	0	10	101	134	0	99	243	56	16	162	14	0	46	18	13	16	0	0	52	0	11	103	161	32	162	385	424	30	0	90	33	0	98	27	0	10	90	107	0	98	187	43	0	99	7	0	44	15	9	0	0	0	32	0	10	101	134	0	99	243	56	16	162	4	0	0	96	3	0	0	0	14	0	46	18	13	16	0	0	52	0	11	103	161	32	162	385	407	27	0	59	30	0	90	25	0	10	60	98	0	90	142	33	0	98	4	0	44	11	1	0	0	0	27	0	10	90	107	0	98	187	43	0	99	2	0	0	33	3	0	0	0	7	0	44	15	9	0	0	0	32	0	10	101	134	0	99	243	56	16	162	3	0	11	92	3	0	0	154	4	0	0	96	3	0	0	0	14	0	46	18	13	16	0	0	52	0	11	103	161	32	162	385
478	461	68	96	44	444	35	44	33	68	96	44	33	176	55	10	185	232	176	60	427	28	8	33	35	44	33	21	32	54	10	108	116	132	51	68	96	44	8	32	35	0	11	32	176	0	33	176	55	10	185	232	176	60	410	26	0	33	28	8	33	20	0	54	10	92	24	132	51	35	44	33	5	0	34	0	7	16	132	0	21	32	54	10	108	116	132	51	68	96	44	5	0	0	0	4	0	44	0	8	32	35	0	11	32	176	0	33	176	55	10	185	232	176	60	393	24	0	29	26	0	33	18	0	54	10	86	0	132	51	28	8	33	3	0	34	0	3	0	132	0	20	0	54	10	92	24	132	51	35	44	33	3	0	0	0	4	0	33	0	5	0	34	0	7	16	132	0	21	32	54	10	108	116	132	51	68	96	44	1	0	0	32	4	0	0	0	5	0	0	0	4	0	44	0	8	32	35	0	11	32	176	0	33	176	55	10	185	232	176	60
512	493	86	114	81	474	53	97	32	86	114	81	59	77	0	30	228	326	81	332	455	43	82	30	53	97	32	33	61	0	26	162	285	32	233	86	114	81	20	48	35	16	25	35	81	0	59	77	0	30	228	326	81	332	436	40	68	19	43	82	30	29	46	0	7	137	229	30	187	53	97	32	11	34	34	0	16	22	32	0	33	61	0	26	162	285	32	233	86	114	81	6	34	0	21	11	16	81	51	20	48	35	16	25	35	81	0	59	77	0	30	228	326	81	332	417	36	45	8	40	68	19	28	22	0	0	127	187	19	142	43	82	30	10	11	34	0	10	0	30	0	29	46	0	7	137	229	30	187	53	97	32	3	11	0	0	7	14	32	11	11	34	34	0	16	22	32	0	33	61	0	26	162	285	32	233	86	114	81	5	11	35	32	14	16	162	23	6	34	0	21	11	16	81	51	20	48	35	16	25	35	81	0	59	77	0	30	228	326	81	332
455	437	76	104	70	419	37	76	9	76	104	70	33	101	48	8	214	359	140	436	401	33	65	9	37	76	9	24	78	5	8	122	281	18	256	76	104	70	12	13	29	0	14	17	70	0	33	101	48	8	214	359	140	436	383	30	65	9	33	65	9	22	78	5	8	110	247	18	253	37	76	9	5	13	0	0	4	14	9	0	24	78	5	8	122	281	18	256	76	104	70	8	0	22	0	9	14	0	0	12	13	29	0	14	17	70	0	33	101	48	8	214	359	140	436	365	28	65	9	30	65	9	19	78	5	8	101	247	18	234	33	65	9	4	13	0	0	4	13	9	0	22	78	5	8	110	247	18	253	37	76	9	2	0	0	0	3	13	0	0	5	13	0	0	4	14	9	0	24	78	5	8	122	281	18	256	76	104	70	0	0	11	0	9	14	0	0	8	0	22	0	9	14	0	0	12	13	29	0	14	17	70	0	33	101	48	8	214	359	140	436
326	314	45	21	64	302	27	11	26	45	21	64	29	0	37	42	138	64	64	193	290	24	11	26	27	11	26	23	0	5	42	95	44	26	125	45	21	64	4	0	18	0	7	0	0	0	29	0	37	42	138	64	64	193	278	24	11	26	24	11	26	23	0	5	42	86	44	26	125	27	11	26	4	0	0	0	2	0	0	0	23	0	5	42	95	44	26	125	45	21	64	0	0	0	0	4	0	0	0	4	0	18	0	7	0	0	0	29	0	37	42	138	64	64	193	266	24	11	26	24	11	26	23	0	5	42	86	44	26	125	24	11	26	4	0	0	0	2	0	0	0	23	0	5	42	86	44	26	125	27	11	26	0	0	0	0	2	0	0	0	4	0	0	0	2	0	0	0	23	0	5	42	95	44	26	125	45	21	64	0	0	0	0	3	0	0	0	0	0	0	0	4	0	0	0	4	0	18	0	7	0	0	0	29	0	37	42	138	64	64	193
445	429	33	39	102	413	11	0	75	33	39	102	13	0	72	55	86	78	306	143	397	9	0	74	11	0	75	7	0	37	52	40	0	225	109	33	39	102	1	0	8	10	5	0	0	0	13	0	72	55	86	78	306	143	381	9	0	74	9	0	74	7	0	36	52	34	0	222	109	11	0	75	1	0	0	10	2	0	0	0	7	0	37	52	40	0	225	109	33	39	102	0	0	0	0	1	0	0	0	1	0	8	10	5	0	0	0	13	0	72	55	86	78	306	143	365	9	0	74	9	0	74	7	0	36	52	34	0	222	109	9	0	74	1	0	0	10	2	0	0	0	7	0	36	52	34	0	222	109	11	0	75	0	0	0	0	1	0	0	0	1	0	0	10	2	0	0	0	7	0	37	52	40	0	225	109	33	39	102	0	0	0	0	1	0	0	0	0	0	0	0	1	0	0	0	1	0	8	10	5	0	0	0	13	0	72	55	86	78	306	143
222	214	24	12	21	206	8	0	11	24	12	21	12	0	32	22	66	18	42	44	198	6	0	11	8	0	11	6	0	0	22	29	0	22	33	24	12	21	1	0	8	0	4	0	0	0	12	0	32	22	66	18	42	44	190	6	0	11	6	0	11	6	0	0	22	23	0	22	33	8	0	11	1	0	0	0	1	0	0	0	6	0	0	22	29	0	22	33	24	12	21	0	0	0	0	1	0	0	0	1	0	8	0	4	0	0	0	12	0	32	22	66	18	42	44	182	6	0	11	6	0	11	6	0	0	22	23	0	22	33	6	0	11	1	0	0	0	1	0	0	0	6	0	0	22	23	0	22	33	8	0	11	0	0	0	0	1	0	0	0	1	0	0	0	1	0	0	0	6	0	0	22	29	0	22	33	24	12	21	0	0	0	0	1	0	0	0	0	0	0	0	1	0	0	0	1	0	8	0	4	0	0	0	12	0	32	22	66	18	42	44
277	267	15	21	49	257	1	0	47	15	21	49	3	0	26	22	29	42	147	0	247	0	0	47	1	0	47	0	0	26	22	1	0	141	0	15	21	49	0	0	0	0	0	7	0	0	3	0	26	22	29	42	147	0	237	0	0	47	0	0	47	0	0	26	22	0	0	141	0	1	0	47	0	0	0	0	0	0	0	0	0	0	26	22	1	0	141	0	15	21	49	0	0	0	0	0	0	0	0	0	0	0	0	0	7	0	0	3	0	26	22	29	42	147	0	227	0	0	47	0	0	47	0	0	26	22	0	0	141	0	0	0	47	0	0	0	0	0	0	0	0	0	0	26	22	0	0	141	0	1	0	47	0	0	0	0	0	0	0	0	0	0	0	0	0	0	0	0	0	0	26	22	1	0	141	0	15	21	49	0	0	0	0	0	0	0	0	0	0	0	0	0	0	0	0	0	0	0	0	0	7	0	0	3	0	26	22	29	42	147	0
329	316	55	47	42	303	28	22	13	55	47	42	38	11	22	42	150	144	126	172	290	24	22	5	28	22	13	23	11	8	10	92	77	39	84	55	47	42	10	0	0	0	4	11	0	44	38	11	22	42	150	144	126	172	277	24	22	5	24	22	5	23	11	0	10	85	77	15	83	28	22	13	10	0	0	0	4	11	0	33	23	11	8	10	92	77	39	84	55	47	42	3	0	0	0	6	0	0	0	10	0	0	0	4	11	0	44	38	11	22	42	150	144	126	172	264	24	22	5	24	22	5	23	11	0	10	85	77	15	83	24	22	5	10	0	0	0	4	11	0	33	23	11	0	10	85	77	15	83	28	22	13	3	0	0	0	6	0	0	0	10	0	0	0	4	11	0	33	23	11	8	10	92	77	39	84	55	47	42	0	0	0	0	6	0	0	0	3	0	0	0	6	0	0	0	10	0	0	0	4	11	0	44	38	11	22	42	150	144	126	172
458	441	26	16	126	424	10	0	89	26	16	126	14	0	12	98	73	48	126	172	407	7	0	75	10	0	89	3	0	8	63	29	0	89	133	26	16	126	1	0	0	69	2	0	0	44	14	0	12	98	73	48	126	172	390	7	0	74	7	0	75	3	0	0	62	25	0	75	132	10	0	89	1	0	0	66	2	0	0	33	3	0	8	63	29	0	89	133	26	16	126	2	0	0	10	2	0	0	0	1	0	0	69	2	0	0	44	14	0	12	98	73	48	126	172	373	7	0	74	7	0	74	3	0	0	62	25	0	74	132	7	0	75	1	0	0	66	2	0	0	33	3	0	0	62	25	0	75	132	10	0	89	2	0	0	10	2	0	0	0	1	0	0	66	2	0	0	33	3	0	8	63	29	0	89	133	26	16	126	0	0	0	0	2	0	0	0	2	0	0	10	2	0	0	0	1	0	0	69	2	0	0	44	14	0	12	98	73	48	126	172
416	400	64	77	59	384	33	33	54	64	77	59	25	72	24	43	178	222	236	0	368	29	15	30	33	33	54	20	0	19	0	107	102	216	0	64	77	59	14	0	37	58	7	0	118	125	25	72	24	43	178	222	236	0	352	27	15	29	29	15	30	18	0	0	0	95	75	120	0	33	33	54	8	0	35	56	4	0	108	65	20	0	19	0	107	102	216	0	64	77	59	11	0	12	10	8	15	0	0	14	0	37	58	7	0	118	125	25	72	24	43	178	222	236	0	336	26	15	29	27	15	29	17	0	0	0	89	75	116	0	29	15	30	8	0	11	56	4	0	60	63	18	0	0	0	95	75	120	0	33	33	54	6	0	11	10	6	15	0	0	8	0	35	56	4	0	108	65	20	0	19	0	107	102	216	0	64	77	59	1	0	0	0	9	15	0	0	11	0	12	10	8	15	0	0	14	0	37	58	7	0	118	125	25	72	24	43	178	222	236	0
322	310	40	20	58	298	22	0	8	40	20	58	27	0	22	32	120	50	116	306	286	19	0	0	22	0	8	16	0	8	0	72	0	16	168	40	20	58	6	0	0	0	4	0	0	44	27	0	22	32	120	50	116	306	274	19	0	0	19	0	0	16	0	0	0	68	0	0	167	22	0	8	6	0	0	0	4	0	0	33	16	0	8	0	72	0	16	168	40	20	58	3	0	0	0	4	0	0	0	6	0	0	0	4	0	0	44	27	0	22	32	120	50	116	306	262	19	0	0	19	0	0	16	0	0	0	68	0	0	167	19	0	0	6	0	0	0	4	0	0	33	16	0	0	0	68	0	0	167	22	0	8	3	0	0	0	4	0	0	0	6	0	0	0	4	0	0	33	16	0	8	0	72	0	16	168	40	20	58	0	0	0	0	4	0	0	0	3	0	0	0	4	0	0	0	6	0	0	0	4	0	0	44	27	0	22	32	120	50	116	306
238	229	37	23	7	220	18	5	0	37	23	7	18	15	0	0	108	48	21	49	211	16	0	0	18	5	0	10	0	0	0	63	5	0	47	37	23	7	6	0	0	0	3	0	7	0	18	15	0	0	108	48	21	49	202	16	0	0	16	0	0	10	0	0	0	60	0	0	47	18	5	0	6	0	0	0	3	0	0	0	10	0	0	0	63	5	0	47	37	23	7	3	0	0	0	5	0	0	0	6	0	0	0	3	0	7	0	18	15	0	0	108	48	21	49	193	16	0	0	16	0	0	10	0	0	0	60	0	0	47	16	0	0	6	0	0	0	3	0	0	0	10	0	0	0	60	0	0	47	18	5	0	3	0	0	0	5	0	0	0	6	0	0	0	3	0	0	0	10	0	0	0	63	5	0	47	37	23	7	0	0	0	0	6	0	0	0	3	0	0	0	5	0	0	0	6	0	0	0	3	0	7	0	18	15	0	0	108	48	21	49
459	440	75	101	101	421	40	63	46	75	101	101	34	30	49	80	195	308	303	292	402	38	62	29	40	63	46	28	30	24	43	134	204	138	164	75	101	101	13	17	13	63	9	17	0	70	34	30	49	80	195	308	303	292	383	37	60	0	38	62	29	28	30	22	0	128	201	87	110	40	63	46	8	15	12	0	6	15	0	9	28	30	24	43	134	204	138	164	75	101	101	9	30	0	0	12	15	0	175	13	17	13	63	9	17	0	70	34	30	49	80	195	308	303	292	364	36	60	0	37	60	0	27	30	0	0	125	195	0	108	38	62	29	8	15	11	0	6	15	0	9	28	30	22	0	128	201	87	110	40	63	46	4	30	0	0	8	15	0	81	8	15	12	0	6	15	0	9	28	30	24	43	134	204	138	164	75	101	101	1	0	0	0	15	15	0	0	9	30	0	0	12	15	0	175	13	17	13	63	9	17	0	70	34	30	49	80	195	308	303	292
336	321	58	80	32	306	22	59	0	58	80	32	15	72	23	0	145	236	64	166	291	21	55	0	22	59	0	11	66	0	0	75	194	0	75	58	80	32	9	37	0	0	6	10	0	0	15	72	23	0	145	236	64	166	276	20	54	0	21	55	0	11	63	0	0	72	183	0	35	22	59	0	4	36	0	0	3	9	0	0	11	66	0	0	75	194	0	75	58	80	32	10	9	0	0	7	9	0	0	9	37	0	0	6	10	0	0	15	72	23	0	145	236	64	166	261	19	54	0	20	54	0	10	63	0	0	69	180	0	34	21	55	0	4	36	0	0	3	9	0	0	11	63	0	0	72	183	0	35	22	59	0	5	9	0	0	5	9	0	0	4	36	0	0	3	9	0	0	11	66	0	0	75	194	0	75	58	80	32	1	0	0	0	8	9	0	0	10	9	0	0	7	9	0	0	9	37	0	0	6	10	0	0	15	72	23	0	145	236	64	166
293	281	59	42	22	269	27	21	0	59	42	22	19	0	23	0	155	140	66	108	257	27	20	0	27	21	0	19	0	0	0	85	105	0	67	59	42	22	12	10	0	0	7	0	0	0	19	0	23	0	155	140	66	108	245	26	20	0	27	20	0	19	0	0	0	85	100	0	35	27	21	0	7	10	0	0	4	0	0	0	19	0	0	0	85	105	0	67	59	42	22	11	0	0	0	7	10	0	0	12	10	0	0	7	0	0	0	19	0	23	0	155	140	66	108	233	25	20	0	26	20	0	18	0	0	0	82	100	0	34	27	20	0	7	10	0	0	4	0	0	0	19	0	0	0	85	100	0	35	27	21	0	6	0	0	0	5	10	0	0	7	10	0	0	4	0	0	0	19	0	0	0	85	105	0	67	59	42	22	1	0	0	0	9	10	0	0	11	0	0	0	7	10	0	0	12	10	0	0	7	0	0	0	19	0	23	0	155	140	66	108
263	252	53	39	9	241	22	18	0	53	39	9	16	9	18	0	133	110	36	59	230	22	18	0	22	18	0	16	9	0	0	72	63	0	54	53	39	9	8	0	0	0	2	0	0	0	16	9	18	0	133	110	36	59	219	22	18	0	22	18	0	16	9	0	0	72	63	0	30	22	18	0	8	0	0	0	2	0	0	0	16	9	0	0	72	63	0	54	53	39	9	6	0	0	0	7	0	0	0	8	0	0	0	2	0	0	0	16	9	18	0	133	110	36	59	208	22	18	0	22	18	0	16	9	0	0	72	63	0	29	22	18	0	8	0	0	0	2	0	0	0	16	9	0	0	72	63	0	30	22	18	0	6	0	0	0	6	0	0	0	8	0	0	0	2	0	0	0	16	9	0	0	72	63	0	54	53	39	9	1	0	0	0	11	0	0	0	6	0	0	0	7	0	0	0	8	0	0	0	2	0	0	0	16	9	18	0	133	110	36	59
177	170	37	10	0	163	16	0	0	37	10	0	8	0	0	0	84	28	0	0	156	16	0	0	16	0	0	8	0	0	0	51	0	0	0	37	10	0	3	0	0	0	2	0	0	0	8	0	0	0	84	28	0	0	149	16	0	0	16	0	0	8	0	0	0	51	0	0	0	16	0	0	3	0	0	0	2	0	0	0	8	0	0	0	51	0	0	0	37	10	0	3	0	0	0	6	0	0	0	3	0	0	0	2	0	0	0	8	0	0	0	84	28	0	0	142	16	0	0	16	0	0	8	0	0	0	51	0	0	0	16	0	0	3	0	0	0	2	0	0	0	8	0	0	0	51	0	0	0	16	0	0	3	0	0	0	4	0	0	0	3	0	0	0	2	0	0	0	8	0	0	0	51	0	0	0	37	10	0	1	0	0	0	12	0	0	0	3	0	0	0	6	0	0	0	3	0	0	0	2	0	0	0	8	0	0	0	84	28	0	0
397	380	72	89	55	363	42	44	40	72	89	55	36	0	40	13	162	220	275	101	346	38	44	38	42	44	40	24	0	39	12	118	148	200	46	72	89	55	18	0	26	25	25	32	0	0	36	0	40	13	162	220	275	101	329	36	44	37	38	44	38	24	0	38	11	111	148	190	29	42	44	40	10	0	26	24	20	32	0	0	24	0	39	12	118	148	200	46	72	89	55	21	0	0	11	12	23	0	0	18	0	26	25	25	32	0	0	36	0	40	13	162	220	275	101	312	32	44	23	36	44	37	22	0	37	0	104	148	185	0	38	44	38	8	0	26	11	16	32	0	0	24	0	38	11	111	148	190	29	42	44	40	8	0	0	0	4	14	0	0	10	0	26	24	20	32	0	0	24	0	39	12	118	148	200	46	72	89	55	17	0	0	34	21	48	0	81	21	0	0	11	12	23	0	0	18	0	26	25	25	32	0	0	36	0	40	13	162	220	275	101
271	260	51	28	20	249	33	0	13	51	28	20	26	0	26	0	112	42	80	9	238	31	0	13	33	0	13	22	0	26	0	94	0	52	0	51	28	20	10	0	26	0	17	0	0	0	26	0	26	0	112	42	80	9	227	30	0	13	31	0	13	22	0	26	0	93	0	52	0	33	0	13	7	0	26	0	15	0	0	0	22	0	26	0	94	0	52	0	51	28	20	10	0	0	0	6	7	0	0	10	0	26	0	17	0	0	0	26	0	26	0	112	42	80	9	216	28	0	12	30	0	13	21	0	26	0	89	0	52	0	31	0	13	7	0	26	0	13	0	0	0	22	0	26	0	93	0	52	0	33	0	13	6	0	0	0	4	0	0	0	7	0	26	0	15	0	0	0	22	0	26	0	94	0	52	0	51	28	20	17	0	0	12	16	14	0	0	10	0	0	0	6	7	0	0	10	0	26	0	17	0	0	0	26	0	26	0	112	42	80	9
343	329	61	25	68	315	41	13	27	61	25	68	30	0	14	64	161	77	68	164	301	41	13	12	41	13	27	30	0	13	12	127	65	27	46	61	25	68	15	0	0	12	13	0	0	66	30	0	14	64	161	77	68	164	287	40	13	11	41	13	12	30	0	12	11	127	65	12	29	41	13	27	10	0	0	11	10	0	0	54	30	0	13	12	127	65	27	46	61	25	68	15	0	0	11	12	13	0	0	15	0	0	12	13	0	0	66	30	0	14	64	161	77	68	164	273	38	13	0	40	13	11	29	0	11	0	124	65	11	0	41	13	12	10	0	0	0	10	0	0	30	30	0	12	11	127	65	12	29	41	13	27	9	0	0	0	7	13	0	0	10	0	0	11	10	0	0	54	30	0	13	12	127	65	27	46	61	25	68	14	0	0	0	19	25	0	81	15	0	0	11	12	13	0	0	15	0	0	12	13	0	0	66	30	0	14	64	161	77	68	164
397	379	65	104	46	361	35	78	9	65	104	46	24	81	0	36	170	232	92	164	343	35	76	0	35	78	9	24	78	0	0	115	204	18	46	65	104	46	13	25	0	0	15	0	0	59	24	81	0	36	170	232	92	164	325	34	73	0	35	76	0	24	75	0	0	115	198	0	29	35	78	9	8	25	0	0	12	0	0	54	24	78	0	0	115	204	18	46	65	104	46	12	36	0	0	11	12	0	0	13	25	0	0	15	0	0	59	24	81	0	36	170	232	92	164	307	32	72	0	34	73	0	23	72	0	0	112	193	0	0	35	76	0	8	24	0	0	12	0	0	30	24	75	0	0	115	198	0	29	35	78	9	6	36	0	0	7	12	0	0	8	25	0	0	12	0	0	54	24	78	0	0	115	204	18	46	65	104	46	13	12	0	0	22	22	0	0	12	36	0	0	11	12	0	0	13	25	0	0	15	0	0	59	24	81	0	36	170	232	92	164
254	243	42	33	14	232	25	18	0	42	33	14	19	9	0	0	103	42	28	31	221	25	18	0	25	18	0	19	9	0	0	81	27	0	0	42	33	14	5	0	0	0	9	0	0	0	19	9	0	0	103	42	28	31	210	25	18	0	25	18	0	19	9	0	0	81	27	0	0	25	18	0	5	0	0	0	9	0	0	0	19	9	0	0	81	27	0	0	42	33	14	7	0	0	0	7	0	0	0	5	0	0	0	9	0	0	0	19	9	0	0	103	42	28	31	199	24	18	0	25	18	0	19	9	0	0	81	27	0	0	25	18	0	5	0	0	0	9	0	0	0	19	9	0	0	81	27	0	0	25	18	0	6	0	0	0	5	0	0	0	5	0	0	0	9	0	0	0	19	9	0	0	81	27	0	0	42	33	14	14	0	0	0	19	7	0	0	7	0	0	0	7	0	0	0	5	0	0	0	9	0	0	0	19	9	0	0	103	42	28	31
263	252	40	10	65	241	25	0	47	40	10	65	14	0	98	26	85	0	65	75	230	25	0	47	25	0	47	14	0	94	26	80	0	47	53	40	10	65	10	0	0	0	29	0	0	0	14	0	98	26	85	0	65	75	219	23	0	47	25	0	47	14	0	94	26	80	0	47	51	25	0	47	5	0	0	0	19	0	0	0	14	0	94	26	80	0	47	53	40	10	65	7	0	14	0	2	0	0	0	10	0	0	0	29	0	0	0	14	0	98	26	85	0	65	75	208	21	0	47	23	0	47	13	0	94	26	72	0	47	50	25	0	47	5	0	0	0	19	0	0	0	14	0	94	26	80	0	47	51	25	0	47	3	0	14	0	2	0	0	0	5	0	0	0	19	0	0	0	14	0	94	26	80	0	47	53	40	10	65	16	0	0	0	10	0	0	0	7	0	14	0	2	0	0	0	10	0	0	0	29	0	0	0	14	0	98	26	85	0	65	75
409	390	68	122	73	371	39	90	53	68	122	73	34	27	58	54	163	303	219	75	352	33	84	52	39	90	53	17	26	54	52	115	289	159	53	68	122	73	9	75	0	13	29	86	0	0	34	27	58	54	163	303	219	75	333	31	71	51	33	84	52	17	23	54	50	99	268	156	51	39	90	53	7	45	0	12	25	66	0	0	17	26	54	52	115	289	159	53	68	122	73	8	30	26	12	8	0	73	0	9	75	0	13	29	86	0	0	34	27	58	54	163	303	219	75	314	27	58	50	31	71	51	15	10	54	48	91	219	153	50	33	84	52	5	42	0	11	22	64	0	0	17	23	54	50	99	268	156	51	39	90	53	3	0	26	11	3	0	53	0	7	45	0	12	25	66	0	0	17	26	54	52	115	289	159	53	67	122	73	14	30	24	11	19	16	73	0	8	30	26	12	8	0	73	0	9	75	0	13	28	86	0	0	34	27	58	54	160	303	219	75
405	385	81	147	45	365	45	126	0	81	147	45	39	162	0	0	206	406	45	203	345	40	124	0	45	126	0	18	156	0	0	139	369	0	89	81	147	45	21	28	0	0	35	84	0	0	39	162	0	0	206	406	45	203	325	38	120	0	40	124	0	18	156	0	0	125	362	0	63	45	126	0	13	28	0	0	27	73	0	0	18	156	0	0	139	369	0	89	81	147	45	23	42	0	0	13	11	0	0	21	28	0	0	35	84	0	0	39	162	0	0	206	406	45	203	305	33	98	0	38	120	0	16	144	0	0	118	350	0	61	40	124	0	11	28	0	0	24	70	0	0	18	156	0	0	125	362	0	63	45	126	0	7	30	0	0	5	10	0	0	13	28	0	0	27	73	0	0	18	156	0	0	139	369	0	89	81	147	45	17	136	0	0	36	51	45	0	23	42	0	0	13	11	0	0	21	28	0	0	35	84	0	0	39	162	0	0	206	406	45	203
229	219	45	17	33	209	34	9	0	45	17	33	29	0	0	0	110	36	33	135	199	32	9	0	34	9	0	21	0	0	0	98	36	0	62	45	17	33	12	0	0	0	21	18	0	0	29	0	0	0	110	36	33	135	189	31	9	0	32	9	0	21	0	0	0	92	36	0	51	34	9	0	9	0	0	0	19	18	0	0	21	0	0	0	98	36	0	62	45	17	33	14	0	0	0	5	0	0	0	12	0	0	0	21	18	0	0	29	0	0	0	110	36	33	135	179	28	9	0	31	9	0	20	0	0	0	88	36	0	50	32	9	0	7	0	0	0	17	18	0	0	21	0	0	0	92	36	0	51	34	9	0	6	0	0	0	3	0	0	0	9	0	0	0	19	18	0	0	21	0	0	0	98	36	0	62	45	17	33	17	0	0	0	12	9	0	0	14	0	0	0	5	0	0	0	12	0	0	0	21	18	0	0	29	0	0	0	110	36	33	135
194	185	40	24	9	176	27	14	0	40	24	9	25	0	0	0	102	49	18	55	167	24	14	0	27	14	0	14	0	0	0	83	49	0	40	40	24	9	10	0	0	0	22	21	0	0	25	0	0	0	102	49	18	55	158	23	14	0	24	14	0	14	0	0	0	73	49	0	38	27	14	0	7	0	0	0	20	21	0	0	14	0	0	0	83	49	0	40	40	24	9	11	0	0	0	6	0	0	0	10	0	0	0	22	21	0	0	25	0	0	0	102	49	18	55	149	20	14	0	23	14	0	13	0	0	0	69	49	0	37	24	14	0	5	0	0	0	17	21	0	0	14	0	0	0	73	49	0	38	27	14	0	3	0	0	0	2	0	0	0	7	0	0	0	20	21	0	0	14	0	0	0	83	49	0	40	40	24	9	16	0	0	0	11	7	0	0	11	0	0	0	6	0	0	0	10	0	0	0	22	21	0	0	25	0	0	0	102	49	18	55
281	268	35	22	97	255	27	22	49	35	22	97	27	0	0	78	101	77	0	225	242	20	22	47	27	22	49	14	0	0	74	82	77	0	100	35	22	97	7	0	26	26	18	33	0	0	27	0	0	78	101	77	0	225	229	18	22	47	20	22	47	13	0	0	74	59	77	0	99	27	22	49	7	0	14	26	18	33	0	0	14	0	0	74	82	77	0	100	35	22	97	7	0	19	0	5	0	0	0	7	0	26	26	18	33	0	0	27	0	0	78	101	77	0	225	216	13	22	47	18	22	47	9	0	0	74	53	77	0	98	20	22	47	4	0	14	26	15	33	0	0	13	0	0	74	59	77	0	99	27	22	49	3	0	0	0	1	0	0	0	7	0	14	26	18	33	0	0	14	0	0	74	82	77	0	100	35	22	97	10	0	37	0	9	11	0	0	7	0	19	0	5	0	0	0	7	0	26	26	18	33	0	0	27	0	0	78	101	77	0	225
340	325	28	38	90	310	15	24	74	28	38	90	7	24	26	78	82	77	90	73	295	11	0	72	15	24	74	3	0	26	74	50	60	74	53	28	38	90	3	0	42	26	11	0	180	0	7	24	26	78	82	77	90	73	280	10	0	72	11	0	72	2	0	26	74	37	0	72	52	15	24	74	3	0	30	26	11	0	148	0	3	0	26	74	50	60	74	53	28	38	90	0	0	10	0	0	0	0	0	3	0	42	26	11	0	180	0	7	24	26	78	82	77	90	73	265	9	0	72	10	0	72	1	0	26	74	34	0	72	51	11	0	72	2	0	30	26	11	0	144	0	2	0	26	74	37	0	72	52	15	24	74	0	0	0	0	0	0	0	0	3	0	30	26	11	0	148	0	3	0	26	74	50	60	74	53	28	38	90	0	0	10	0	2	0	0	0	0	0	10	0	0	0	0	0	3	0	42	26	11	0	180	0	7	24	26	78	82	77	90	73
129	123	18	5	15	117	13	5	0	18	5	15	7	0	0	0	51	15	0	82	111	9	5	0	13	5	0	2	0	0	0	42	15	0	53	18	5	15	3	0	10	0	11	5	0	0	7	0	0	0	51	15	0	82	105	8	5	0	9	5	0	1	0	0	0	29	15	0	52	13	5	0	3	0	0	0	11	5	0	0	2	0	0	0	42	15	0	53	18	5	15	0	0	10	0	2	0	0	0	3	0	10	0	11	5	0	0	7	0	0	0	51	15	0	82	99	7	5	0	8	5	0	0	0	0	0	26	15	0	51	9	5	0	2	0	0	0	10	5	0	0	1	0	0	0	29	15	0	52	13	5	0	0	0	0	0	0	0	0	0	3	0	0	0	11	5	0	0	2	0	0	0	42	15	0	53	18	5	15	0	0	10	0	3	0	0	0	0	0	10	0	2	0	0	0	3	0	10	0	11	5	0	0	7	0	0	0	51	15	0	82
91	87	8	3	0	83	3	0	0	8	3	0	2	0	0	0	18	3	0	0	79	1	0	0	3	0	0	0	0	0	0	8	0	0	0	8	3	0	0	0	0	0	1	0	0	0	2	0	0	0	18	3	0	0	75	1	0	0	1	0	0	0	0	0	0	3	0	0	0	3	0	0	0	0	0	0	1	0	0	0	0	0	0	0	8	0	0	0	8	3	0	0	0	0	0	0	0	0	0	0	0	0	0	1	0	0	0	2	0	0	0	18	3	0	0	71	1	0	0	1	0	0	0	0	0	0	3	0	0	0	1	0	0	0	0	0	0	1	0	0	0	0	0	0	0	3	0	0	0	3	0	0	0	0	0	0	0	0	0	0	0	0	0	0	1	0	0	0	0	0	0	0	8	0	0	0	8	3	0	0	0	0	0	0	0	0	0	0	0	0	0	0	0	0	0	0	0	0	0	1	0	0	0	2	0	0	0	18	3	0	0
112	107	12	6	0	102	2	0	0	12	6	0	2	0	0	0	26	16	0	0	97	0	0	0	2	0	0	0	0	0	0	5	0	0	0	12	6	0	0	0	0	0	0	0	0	0	2	0	0	0	26	16	0	0	92	0	0	0	0	0	0	0	0	0	0	0	0	0	0	2	0	0	0	0	0	0	0	0	0	0	0	0	0	0	5	0	0	0	12	6	0	0	0	0	0	0	0	0	0	0	0	0	0	0	0	0	0	2	0	0	0	26	16	0	0	87	0	0	0	0	0	0	0	0	0	0	0	0	0	0	0	0	0	0	0	0	0	0	0	0	0	0	0	0	0	0	0	0	0	2	0	0	0	0	0	0	0	0	0	0	0	0	0	0	0	0	0	0	0	0	0	0	5	0	0	0	12	6	0	0	0	0	0	0	0	0	0	0	0	0	0	0	0	0	0	0	0	0	0	0	0	0	0	2	0	0	0	26	16	0	0
303	289	42	45	41	275	12	0	37	42	45	41	12	0	51	18	115	135	205	0	261	11	0	37	12	0	37	9	0	49	18	43	0	185	0	42	45	41	3	0	11	0	6	0	0	0	12	0	51	18	115	135	205	0	247	11	0	37	11	0	37	9	0	49	18	41	0	185	0	12	0	37	3	0	11	0	6	0	0	0	9	0	49	18	43	0	185	0	42	45	41	0	0	0	0	0	0	0	0	3	0	11	0	6	0	0	0	12	0	51	18	115	135	205	0	233	11	0	37	11	0	37	9	0	49	18	41	0	185	0	11	0	37	3	0	11	0	6	0	0	0	9	0	49	18	41	0	185	0	12	0	37	0	0	0	0	0	0	0	0	3	0	11	0	6	0	0	0	9	0	49	18	43	0	185	0	42	45	41	0	0	0	0	0	0	0	0	0	0	0	0	0	0	0	0	3	0	11	0	6	0	0	0	12	0	51	18	115	135	205	0
175	167	17	7	26	159	2	0	8	17	7	26	1	0	42	8	43	7	26	90	151	2	0	8	2	0	8	1	0	16	8	8	0	8	74	17	7	26	0	0	0	0	2	0	0	0	1	0	42	8	43	7	26	90	143	2	0	8	2	0	8	1	0	16	8	8	0	8	72	2	0	8	0	0	0	0	2	0	0	0	1	0	16	8	8	0	8	74	17	7	26	0	0	0	0	0	0	0	0	0	0	0	0	2	0	0	0	1	0	42	8	43	7	26	90	135	2	0	8	2	0	8	1	0	16	8	8	0	8	72	2	0	8	0	0	0	0	2	0	0	0	1	0	16	8	8	0	8	72	2	0	8	0	0	0	0	0	0	0	0	0	0	0	0	2	0	0	0	1	0	16	8	8	0	8	74	17	7	26	0	0	0	0	0	0	0	0	0	0	0	0	0	0	0	0	0	0	0	0	2	0	0	0	1	0	42	8	43	7	26	90
152	145	21	10	2	138	5	0	0	21	10	2	3	0	0	0	54	15	4	0	131	5	0	0	5	0	0	3	0	0	0	18	0	0	0	21	10	2	1	0	0	0	3	0	0	0	3	0	0	0	54	15	4	0	124	5	0	0	5	0	0	3	0	0	0	18	0	0	0	5	0	0	1	0	0	0	3	0	0	0	3	0	0	0	18	0	0	0	21	10	2	0	0	0	0	0	0	0	0	1	0	0	0	3	0	0	0	3	0	0	0	54	15	4	0	117	5	0	0	5	0	0	3	0	0	0	18	0	0	0	5	0	0	1	0	0	0	3	0	0	0	3	0	0	0	18	0	0	0	5	0	0	0	0	0	0	0	0	0	0	1	0	0	0	3	0	0	0	3	0	0	0	18	0	0	0	21	10	2	0	0	0	0	0	0	0	0	0	0	0	0	0	0	0	0	1	0	0	0	3	0	0	0	3	0	0	0	54	15	4	0
151	144	23	12	0	137	5	0	0	23	12	0	3	0	0	0	57	24	0	0	130	5	0	0	5	0	0	3	0	0	0	18	0	0	0	23	12	0	1	0	0	0	3	0	0	0	3	0	0	0	57	24	0	0	123	5	0	0	5	0	0	3	0	0	0	18	0	0	0	5	0	0	1	0	0	0	3	0	0	0	3	0	0	0	18	0	0	0	23	12	0	0	0	0	0	0	0	0	0	1	0	0	0	3	0	0	0	3	0	0	0	57	24	0	0	116	5	0	0	5	0	0	3	0	0	0	18	0	0	0	5	0	0	1	0	0	0	3	0	0	0	3	0	0	0	18	0	0	0	5	0	0	0	0	0	0	0	0	0	0	1	0	0	0	3	0	0	0	3	0	0	0	18	0	0	0	23	12	0	0	0	0	0	0	0	0	0	0	0	0	0	0	0	0	0	1	0	0	0	3	0	0	0	3	0	0	0	57	24	0	0
150	143	26	12	0	136	6	0	0	26	12	0	3	0	0	0	66	30	0	0	129	6	0	0	6	0	0	3	0	0	0	22	0	0	0	26	12	0	1	0	0	0	4	0	0	0	3	0	0	0	66	30	0	0	122	6	0	0	6	0	0	3	0	0	0	22	0	0	0	6	0	0	1	0	0	0	4	0	0	0	3	0	0	0	22	0	0	0	26	12	0	0	0	0	0	0	0	0	0	1	0	0	0	4	0	0	0	3	0	0	0	66	30	0	0	115	6	0	0	6	0	0	3	0	0	0	22	0	0	0	6	0	0	1	0	0	0	4	0	0	0	3	0	0	0	22	0	0	0	6	0	0	0	0	0	0	0	0	0	0	1	0	0	0	4	0	0	0	3	0	0	0	22	0	0	0	26	12	0	0	0	0	0	0	0	0	0	0	0	0	0	0	0	0	0	1	0	0	0	4	0	0	0	3	0	0	0	66	30	0	0
270	257	42	30	53	244	19	0	36	42	30	53	15	0	57	11	117	60	159	41	231	19	0	36	19	0	36	15	0	56	11	66	0	108	37	42	30	53	5	0	0	0	10	0	0	0	15	0	57	11	117	60	159	41	218	19	0	36	19	0	36	15	0	56	11	66	0	108	37	19	0	36	5	0	0	0	10	0	0	0	15	0	56	11	66	0	108	37	42	30	53	0	0	0	0	0	0	0	0	5	0	0	0	10	0	0	0	15	0	57	11	117	60	159	41	205	19	0	36	19	0	36	15	0	56	11	66	0	108	37	19	0	36	5	0	0	0	10	0	0	0	15	0	56	11	66	0	108	37	19	0	36	0	0	0	0	0	0	0	0	5	0	0	0	10	0	0	0	15	0	56	11	66	0	108	37	42	30	53	1	0	0	0	7	0	0	0	0	0	0	0	0	0	0	0	5	0	0	0	10	0	0	0	15	0	57	11	117	60	159	41
276	262	41	36	52	248	18	24	21	41	36	52	23	12	0	30	114	111	52	69	234	16	24	8	18	24	21	15	12	0	16	58	96	21	45	41	36	52	3	0	0	8	9	25	0	90	23	12	0	30	114	111	52	69	220	16	24	8	16	24	8	15	12	0	16	55	96	8	45	18	24	21	3	0	0	8	7	24	0	74	15	12	0	16	58	96	21	45	41	36	52	0	0	0	0	1	0	0	0	3	0	0	8	9	25	0	90	23	12	0	30	114	111	52	69	206	16	24	8	16	24	8	15	12	0	16	55	96	8	45	16	24	8	3	0	0	8	7	24	0	72	15	12	0	16	55	96	8	45	18	24	21	0	0	0	0	1	0	0	0	3	0	0	8	7	24	0	74	15	12	0	16	58	96	21	45	40	36	52	0	0	0	0	2	0	0	0	0	0	0	0	1	0	0	0	3	0	0	8	8	25	0	90	23	12	0	30	111	111	52	69
365	347	62	69	108	329	33	17	92	62	69	108	35	0	51	41	167	198	432	41	311	30	17	74	33	17	92	28	0	50	27	102	68	368	37	62	69	108	9	0	26	70	16	17	0	90	35	0	51	41	167	198	432	41	293	30	17	61	30	17	74	28	0	47	27	99	68	296	37	33	17	92	9	0	26	36	16	17	0	74	28	0	50	27	102	68	368	37	62	69	108	0	0	0	40	1	0	0	73	9	0	26	70	16	17	0	90	35	0	51	41	167	198	432	41	275	30	17	61	30	17	61	28	0	35	27	99	68	244	37	30	17	74	9	0	23	36	16	17	0	72	28	0	47	27	99	68	296	37	33	17	92	0	0	0	40	1	0	0	53	9	0	26	36	16	17	0	74	28	0	50	27	102	68	368	37	61	69	108	1	0	0	0	14	0	0	0	0	0	0	40	1	0	0	73	9	0	26	70	15	17	0	90	35	0	51	41	164	198	432	41
285	269	74	93	21	253	29	57	11	74	93	21	30	70	12	11	195	328	105	41	237	27	55	11	29	57	11	22	66	11	11	89	216	55	37	74	93	21	5	22	0	0	15	23	0	0	30	70	12	11	195	328	105	41	221	27	55	11	27	55	11	22	66	11	11	86	209	55	37	29	57	11	5	22	0	0	12	22	0	0	22	66	11	11	89	216	55	37	72	93	21	0	0	0	0	4	0	0	0	5	22	0	0	15	23	0	0	30	70	12	11	190	328	105	41	205	27	55	11	27	55	11	22	66	11	11	86	209	55	37	27	55	11	5	22	0	0	12	22	0	0	22	66	11	11	86	209	55	37	27	57	11	0	0	0	0	1	0	0	0	5	22	0	0	12	22	0	0	22	66	11	11	84	216	55	37	70	93	21	1	0	0	0	27	0	0	0	0	0	0	0	4	0	0	0	5	22	0	0	13	23	0	0	30	70	12	11	184	328	105	41
244	231	41	49	21	218	15	31	0	41	49	21	17	21	0	0	112	132	42	43	205	14	30	0	15	31	0	13	20	0	0	52	102	0	37	41	49	21	2	10	0	0	9	10	0	0	17	21	0	0	112	132	42	43	192	14	30	0	14	30	0	13	20	0	0	50	100	0	37	15	31	0	2	10	0	0	7	10	0	0	13	20	0	0	52	102	0	37	41	49	21	0	0	0	0	0	0	0	0	2	10	0	0	9	10	0	0	17	21	0	0	112	132	42	43	179	14	30	0	14	30	0	13	20	0	0	50	100	0	37	14	30	0	2	10	0	0	7	10	0	0	13	20	0	0	50	100	0	37	15	31	0	0	0	0	0	0	0	0	0	2	10	0	0	7	10	0	0	13	20	0	0	52	102	0	37	40	49	21	0	0	0	0	6	0	0	0	0	0	0	0	0	0	0	0	2	10	0	0	8	10	0	0	17	21	0	0	109	132	42	43
306	290	79	65	60	274	41	15	53	79	65	60	41	0	90	10	229	225	300	21	258	40	15	53	41	15	53	38	0	90	10	133	75	265	11	79	65	60	16	0	13	0	22	0	0	0	41	0	90	10	229	225	300	21	242	39	15	53	40	15	53	38	0	90	10	129	75	265	11	41	15	53	11	0	13	0	14	0	0	0	38	0	90	10	133	75	265	11	77	65	60	13	0	0	0	10	10	0	0	16	0	13	0	22	0	0	0	41	0	90	10	224	225	300	21	226	36	15	53	39	15	53	37	0	90	10	126	75	265	11	40	15	53	11	0	13	0	13	0	0	0	38	0	90	10	129	75	265	11	39	15	53	4	0	0	0	0	0	0	0	11	0	13	0	14	0	0	0	38	0	90	10	128	75	265	11	77	65	60	11	0	0	0	32	30	0	0	13	0	0	0	10	10	0	0	16	0	13	0	22	0	0	0	41	0	90	10	224	225	300	21
276	260	62	71	59	244	31	55	10	62	71	59	28	66	0	10	172	202	59	255	228	30	55	10	31	55	10	24	66	0	10	98	176	10	160	62	71	59	7	0	0	0	15	11	0	0	28	66	0	10	172	202	59	255	212	30	55	10	30	55	10	24	66	0	10	97	176	10	129	31	55	10	7	0	0	0	14	11	0	0	24	66	0	10	98	176	10	160	58	71	59	0	0	0	0	5	0	0	0	7	0	0	0	15	11	0	0	28	66	0	10	162	202	59	255	196	30	55	10	30	55	10	24	66	0	10	97	176	10	116	30	55	10	7	0	0	0	14	11	0	0	24	66	0	10	97	176	10	129	27	55	10	0	0	0	0	1	0	0	0	7	0	0	0	14	11	0	0	24	66	0	10	88	176	10	160	55	71	59	1	0	0	0	30	0	0	0	0	0	0	0	5	0	0	0	7	0	0	0	12	11	0	0	26	66	0	10	153	202	59	255
298	283	52	26	106	268	33	0	63	52	26	106	33	0	40	74	152	39	212	203	253	33	0	62	33	0	63	33	0	39	71	110	0	126	139	52	26	106	11	0	0	11	14	0	0	0	33	0	40	74	152	39	212	203	238	33	0	62	33	0	62	33	0	39	71	110	0	124	121	33	0	63	11	0	0	11	14	0	0	0	33	0	39	71	110	0	126	139	52	26	106	8	0	0	0	3	0	0	0	11	0	0	11	14	0	0	0	33	0	40	74	152	39	212	203	223	31	0	61	33	0	62	33	0	39	70	110	0	124	108	33	0	62	11	0	0	11	14	0	0	0	33	0	39	71	110	0	124	121	33	0	63	4	0	0	0	0	0	0	0	11	0	0	11	14	0	0	0	33	0	39	71	110	0	126	139	52	26	106	11	0	0	12	20	26	0	0	8	0	0	0	3	0	0	0	11	0	0	11	14	0	0	0	33	0	40	74	152	39	212	203
313	296	84	78	80	279	50	45	49	84	78	80	61	0	84	26	239	198	240	182	262	47	43	49	50	45	49	49	0	82	26	161	132	147	139	84	78	80	15	29	0	0	25	43	0	0	61	0	84	26	239	198	240	182	245	47	43	45	47	43	49	49	0	82	23	154	127	147	121	50	45	49	15	29	0	0	24	43	0	0	49	0	82	26	161	132	147	139	84	78	80	17	0	0	39	9	0	0	0	15	29	0	0	25	43	0	0	61	0	84	26	239	198	240	182	228	41	42	25	47	43	45	49	0	76	12	154	127	135	108	47	43	49	13	28	0	0	22	42	0	0	49	0	82	23	154	127	147	121	50	45	49	4	0	0	0	2	0	0	0	15	29	0	0	24	43	0	0	49	0	82	26	161	132	147	139	83	78	80	20	14	10	12	31	68	0	118	17	0	0	39	9	0	0	0	15	29	0	0	24	43	0	0	61	0	84	26	236	198	240	182
272	255	84	108	19	238	43	72	0	84	108	19	37	128	0	0	236	296	76	129	221	42	70	0	43	72	0	33	120	0	0	140	205	0	103	84	108	19	11	20	0	0	26	10	0	0	37	128	0	0	236	296	76	129	204	42	70	0	42	70	0	33	120	0	0	139	200	0	85	43	72	0	11	20	0	0	18	10	0	0	33	120	0	0	140	205	0	103	79	108	19	11	0	0	0	11	0	0	0	11	20	0	0	26	10	0	0	37	128	0	0	223	296	76	129	187	38	70	0	42	70	0	33	120	0	0	139	200	0	72	42	70	0	11	20	0	0	18	10	0	0	33	120	0	0	139	200	0	85	38	72	0	5	0	0	0	3	0	0	0	11	20	0	0	18	10	0	0	33	120	0	0	127	205	0	103	76	108	19	15	0	0	0	43	42	0	0	11	0	0	0	11	0	0	0	11	20	0	0	23	10	0	0	34	128	0	0	214	296	76	129
332	312	89	118	58	292	46	76	30	89	118	58	41	93	50	8	224	325	174	159	272	42	75	30	46	76	30	31	90	50	8	133	227	90	102	88	118	58	14	15	16	0	26	12	0	0	41	93	50	8	223	325	174	159	252	40	75	30	42	75	30	31	90	50	8	130	225	90	102	45	76	30	8	15	16	0	13	0	0	0	31	90	50	8	132	227	90	102	85	118	58	16	0	0	0	12	12	0	0	14	15	16	0	26	12	0	0	40	93	50	8	216	325	174	159	232	34	75	30	40	75	30	29	90	50	8	125	225	90	98	41	75	30	8	15	16	0	13	0	0	0	31	90	50	8	129	225	90	102	42	76	30	4	0	0	0	3	0	0	0	8	15	16	0	13	0	0	0	30	90	50	8	125	227	90	102	85	118	58	15	0	0	0	31	44	0	0	16	0	0	0	12	12	0	0	14	15	16	0	26	12	0	0	40	93	50	8	216	325	174	159
357	338	69	60	122	319	43	0	100	69	60	122	52	0	34	69	169	165	488	79	300	38	0	100	43	0	100	37	0	33	69	127	0	400	53	69	60	122	17	0	12	0	16	45	0	0	52	0	34	69	169	165	488	79	281	35	0	100	38	0	100	35	0	33	69	117	0	400	53	43	0	100	7	0	12	0	10	0	0	0	37	0	33	69	127	0	400	53	69	60	122	14	0	0	0	7	30	0	0	17	0	12	0	16	45	0	0	52	0	34	69	169	165	488	79	262	31	0	100	35	0	100	33	0	33	69	110	0	400	53	38	0	100	7	0	12	0	10	0	0	0	35	0	33	69	117	0	400	53	43	0	100	4	0	0	0	2	0	0	0	7	0	12	0	10	0	0	0	37	0	33	69	127	0	400	53	69	60	122	13	0	0	0	20	15	0	0	14	0	0	0	7	30	0	0	17	0	12	0	16	45	0	0	52	0	34	69	169	165	488	79
415	392	92	138	131	369	55	62	119	92	138	131	67	20	54	23	225	385	655	60	346	45	57	119	55	62	119	46	20	53	23	159	188	595	53	92	138	131	15	75	57	0	27	67	0	0	67	20	54	23	225	385	655	60	323	37	37	119	45	57	119	38	15	53	23	131	173	595	53	55	62	119	8	0	57	0	18	22	0	0	46	20	53	23	159	188	595	53	92	138	131	9	75	71	0	7	30	131	0	15	75	57	0	27	67	0	0	67	20	54	23	225	385	655	60	300	30	22	118	37	37	119	31	0	53	22	113	118	595	53	45	57	119	7	0	57	0	18	22	0	0	38	15	53	23	131	173	595	53	55	62	119	4	0	70	0	2	0	119	0	8	0	57	0	18	22	0	0	46	20	53	23	159	188	595	53	92	138	131	15	0	45	9	24	15	131	0	9	75	71	0	7	30	131	0	15	75	57	0	27	67	0	0	67	20	54	23	225	385	655	60
341	323	67	17	168	305	50	0	110	67	17	168	48	0	29	104	201	17	168	324	287	50	0	108	50	0	110	48	0	28	101	159	0	110	175	67	17	168	20	0	0	26	33	0	0	0	48	0	29	104	201	17	168	324	269	46	0	108	50	0	108	48	0	28	101	159	0	108	174	50	0	110	13	0	0	26	24	0	0	0	48	0	28	101	159	0	110	175	67	17	168	14	0	26	0	8	17	0	0	20	0	0	26	33	0	0	0	48	0	29	104	201	17	168	324	251	39	0	104	46	0	108	43	0	28	97	148	0	108	170	50	0	108	13	0	0	23	24	0	0	0	48	0	28	101	159	0	108	174	50	0	110	4	0	25	0	2	0	0	0	13	0	0	26	24	0	0	0	48	0	28	101	159	0	110	175	67	17	168	14	0	33	39	26	17	0	0	14	0	26	0	8	17	0	0	20	0	0	26	33	0	0	0	48	0	29	104	201	17	168	324
308	289	96	131	51	270	53	106	10	96	131	51	64	91	0	10	264	407	102	265	251	48	102	10	53	106	10	42	89	0	10	161	358	20	165	96	131	51	15	56	0	0	34	63	0	0	64	91	0	10	264	407	102	265	232	45	94	10	48	102	10	42	87	0	10	150	345	20	164	53	106	10	9	52	0	0	20	59	0	0	42	89	0	10	161	358	20	165	94	131	51	19	84	11	0	20	9	0	0	15	56	0	0	34	63	0	0	64	91	0	10	259	407	102	265	213	34	66	9	45	94	10	37	73	0	9	142	313	20	160	48	102	10	7	48	0	0	18	57	0	0	42	87	0	10	150	345	20	164	51	106	10	1	44	10	0	8	0	0	0	9	52	0	0	20	59	0	0	42	89	0	10	156	358	20	165	93	131	51	12	110	33	9	45	95	102	0	19	84	11	0	20	9	0	0	15	56	0	0	33	63	0	0	64	91	0	10	256	407	102	265
213	199	49	59	31	185	27	40	14	49	59	31	33	30	5	10	95	100	62	131	171	21	40	14	27	40	14	13	30	4	10	67	100	28	119	48	59	31	5	0	15	0	7	20	0	0	33	30	5	10	94	100	62	131	157	18	40	14	21	40	14	10	30	4	10	54	100	28	119	26	40	14	0	0	0	0	5	20	0	0	13	30	4	10	66	100	28	119	48	59	31	1	0	15	0	2	0	0	0	5	0	15	0	7	20	0	0	33	30	5	10	94	100	62	131	143	17	40	14	18	40	14	9	30	4	10	48	100	28	119	20	40	14	0	0	0	0	5	20	0	0	10	30	4	10	53	100	28	119	26	40	14	0	0	0	0	2	0	0	0	0	0	0	0	5	20	0	0	13	30	4	10	66	100	28	119	48	59	31	3	0	0	0	6	0	0	0	1	0	15	0	2	0	0	0	5	0	15	0	7	20	0	0	33	30	5	10	94	100	62	131
274	256	81	104	75	238	47	87	6	81	104	75	56	89	0	6	199	298	75	530	220	41	86	6	47	87	6	35	89	0	6	137	278	6	369	79	104	75	22	10	15	0	23	29	0	0	56	89	0	6	197	298	75	530	202	35	75	6	41	86	6	30	88	0	6	119	276	6	367	45	87	6	8	0	0	0	14	26	0	0	35	89	0	6	135	278	6	369	78	104	75	26	10	33	0	4	26	75	0	22	10	15	0	23	29	0	0	55	89	0	6	195	298	75	530	184	27	62	6	35	75	6	20	78	0	6	103	254	6	367	39	86	6	5	0	0	0	13	26	0	0	30	88	0	6	117	276	6	367	44	87	6	5	0	0	0	2	26	6	0	8	0	0	0	14	26	0	0	34	89	0	6	133	278	6	369	78	104	75	16	36	18	0	19	75	75	0	26	10	33	0	4	26	75	0	22	10	15	0	23	29	0	0	55	89	0	6	195	298	75	530
259	244	53	38	80	229	37	14	22	53	38	80	41	0	22	42	116	28	160	362	214	33	14	22	37	14	22	29	0	16	42	108	28	44	259	53	38	80	10	0	15	0	11	0	0	0	41	0	22	42	116	28	160	362	199	28	14	22	33	14	22	26	0	16	42	95	28	44	259	37	14	22	5	0	0	0	11	0	0	0	29	0	16	42	108	28	44	259	53	38	80	5	0	33	0	2	0	0	0	10	0	15	0	11	0	0	0	41	0	22	42	116	28	160	362	184	25	14	22	28	14	22	21	0	16	42	82	28	44	259	33	14	22	5	0	0	0	11	0	0	0	26	0	16	42	95	28	44	259	37	14	22	4	0	0	0	2	0	0	0	5	0	0	0	11	0	0	0	29	0	16	42	108	28	44	259	53	38	80	9	0	18	0	14	0	0	0	5	0	33	0	2	0	0	0	10	0	15	0	11	0	0	0	41	0	22	42	116	28	160	362
318	300	50	69	113	282	29	13	61	50	69	113	32	52	57	109	106	90	452	311	264	24	0	60	29	13	61	21	0	50	106	81	39	244	249	50	69	113	6	0	42	13	6	0	113	0	32	52	57	109	106	90	452	311	246	21	0	60	24	0	60	18	0	50	106	65	0	240	249	29	13	61	1	0	24	13	6	0	61	0	21	0	50	106	81	39	244	249	50	69	113	1	0	15	0	2	0	0	0	6	0	42	13	6	0	113	0	32	52	57	109	106	90	452	311	228	20	0	60	21	0	60	17	0	50	106	59	0	240	249	24	0	60	1	0	24	13	6	0	60	0	18	0	50	106	65	0	240	249	29	13	61	0	0	0	0	2	0	0	0	1	0	24	13	6	0	61	0	21	0	50	106	81	39	244	249	50	69	113	3	0	0	0	8	0	0	0	1	0	15	0	2	0	0	0	6	0	42	13	6	0	113	0	32	52	57	109	106	90	452	311
249	233	51	97	30	217	24	61	0	51	97	30	26	94	0	0	108	190	120	253	201	21	45	0	24	61	0	18	38	0	0	67	140	0	219	51	97	30	1	24	15	0	9	13	60	0	26	94	0	0	108	190	120	253	185	19	39	0	21	45	0	17	26	0	0	61	90	0	219	24	61	0	0	0	0	0	8	13	0	0	18	38	0	0	67	140	0	219	51	97	30	1	0	15	0	2	0	30	0	1	24	15	0	9	13	60	0	26	94	0	0	108	190	120	253	169	18	39	0	19	39	0	16	26	0	0	57	78	0	219	21	45	0	0	0	0	0	8	13	0	0	17	26	0	0	61	90	0	219	24	61	0	0	0	0	0	2	0	0	0	0	0	0	0	8	13	0	0	18	38	0	0	67	140	0	219	51	97	30	5	0	0	0	10	0	0	0	1	0	15	0	2	0	30	0	1	24	15	0	9	13	60	0	26	94	0	0	108	190	120	253
187	176	23	0	77	165	17	0	22	23	0	77	14	0	25	43	59	0	0	329	154	15	0	16	17	0	22	12	0	0	32	44	0	0	103	23	0	77	0	0	16	36	5	0	0	0	14	0	25	43	59	0	0	329	143	14	0	16	15	0	16	11	0	0	32	40	0	0	102	17	0	22	0	0	0	36	5	0	0	0	12	0	0	32	44	0	0	103	23	0	77	0	0	10	0	2	0	0	0	0	0	16	36	5	0	0	0	14	0	25	43	59	0	0	329	132	14	0	16	14	0	16	11	0	0	32	38	0	0	102	15	0	16	0	0	0	36	5	0	0	0	11	0	0	32	40	0	0	102	17	0	22	0	0	0	0	2	0	0	0	0	0	0	36	5	0	0	0	12	0	0	32	44	0	0	103	23	0	77	3	0	0	0	6	0	0	0	0	0	10	0	2	0	0	0	0	0	16	36	5	0	0	0	14	0	25	43	59	0	0	329
184	173	18	24	42	162	4	0	21	18	24	42	4	0	36	21	44	40	126	143	151	3	0	20	4	0	21	2	0	10	20	8	0	63	61	18	24	42	0	0	6	9	1	0	0	0	4	0	36	21	44	40	126	143	140	3	0	20	3	0	20	2	0	9	20	6	0	60	60	4	0	21	0	0	0	9	1	0	0	0	2	0	10	20	8	0	63	61	18	24	42	0	0	0	0	0	0	0	0	0	0	6	9	1	0	0	0	4	0	36	21	44	40	126	143	129	3	0	20	3	0	20	2	0	9	20	6	0	60	60	3	0	20	0	0	0	9	1	0	0	0	2	0	9	20	6	0	60	60	4	0	21	0	0	0	0	0	0	0	0	0	0	0	9	1	0	0	0	2	0	10	20	8	0	63	61	18	24	42	0	0	0	0	0	0	0	0	0	0	0	0	0	0	0	0	0	0	6	9	1	0	0	0	4	0	36	21	44	40	126	143
119	112	16	0	30	105	4	0	10	16	0	30	4	0	36	10	40	0	0	143	98	3	0	9	4	0	10	2	0	10	9	8	0	0	61	16	0	30	0	0	6	9	1	0	0	0	4	0	36	10	40	0	0	143	91	3	0	9	3	0	9	2	0	9	9	6	0	0	60	4	0	10	0	0	0	9	1	0	0	0	2	0	10	9	8	0	0	61	16	0	30	0	0	0	0	0	0	0	0	0	0	6	9	1	0	0	0	4	0	36	10	40	0	0	143	84	3	0	9	3	0	9	2	0	9	9	6	0	0	60	3	0	9	0	0	0	9	1	0	0	0	2	0	9	9	6	0	0	60	4	0	10	0	0	0	0	0	0	0	0	0	0	0	9	1	0	0	0	2	0	10	9	8	0	0	61	16	0	30	0	0	0	0	0	0	0	0	0	0	0	0	0	0	0	0	0	0	6	9	1	0	0	0	4	0	36	10	40	0	0	143
182	171	28	30	44	160	6	0	43	28	30	44	9	0	59	10	65	84	220	0	149	5	0	40	6	0	43	6	0	58	9	14	0	215	0	28	30	44	0	0	13	31	4	0	0	0	9	0	59	10	65	84	220	0	138	5	0	40	5	0	40	6	0	54	9	13	0	200	0	6	0	43	0	0	13	31	2	0	0	0	6	0	58	9	14	0	215	0	28	30	44	0	0	0	0	0	0	0	0	0	0	13	31	4	0	0	0	9	0	59	10	65	84	220	0	127	5	0	40	5	0	40	6	0	54	9	13	0	200	0	5	0	40	0	0	12	31	2	0	0	0	6	0	54	9	13	0	200	0	6	0	43	0	0	0	0	0	0	0	0	0	0	13	31	2	0	0	0	6	0	58	9	14	0	215	0	28	30	44	0	0	0	0	0	0	0	0	0	0	0	0	0	0	0	0	0	0	13	31	4	0	0	0	9	0	59	10	65	84	220	0
119	112	15	0	39	105	9	0	0	15	0	39	7	0	25	0	35	0	0	254	98	8	0	0	9	0	0	5	0	0	0	20	0	0	97	15	0	39	0	0	6	0	3	0	0	0	7	0	25	0	35	0	0	254	91	8	0	0	8	0	0	5	0	0	0	18	0	0	96	9	0	0	0	0	0	0	3	0	0	0	5	0	0	0	20	0	0	97	15	0	39	0	0	0	0	0	0	0	0	0	0	6	0	3	0	0	0	7	0	25	0	35	0	0	254	84	8	0	0	8	0	0	5	0	0	0	18	0	0	96	8	0	0	0	0	0	0	3	0	0	0	5	0	0	0	18	0	0	96	9	0	0	0	0	0	0	0	0	0	0	0	0	0	0	3	0	0	0	5	0	0	0	20	0	0	97	15	0	39	0	0	0	0	0	0	0	0	0	0	0	0	0	0	0	0	0	0	6	0	3	0	0	0	7	0	25	0	35	0	0	254
253	237	39	39	121	221	16	0	95	39	39	121	17	0	86	122	107	78	363	86	205	14	0	69	16	0	95	11	0	81	43	52	0	285	64	39	39	121	1	0	28	102	15	0	0	143	17	0	86	122	107	78	363	86	189	14	0	47	14	0	69	11	0	70	39	45	0	207	60	16	0	95	1	0	28	24	11	0	0	61	11	0	81	43	52	0	285	64	39	39	121	0	0	0	84	2	0	0	131	1	0	28	102	15	0	0	143	17	0	86	122	107	78	363	86	173	14	0	46	14	0	47	11	0	45	39	45	0	141	60	14	0	69	1	0	28	24	8	0	0	60	11	0	70	39	45	0	207	60	16	0	95	0	0	0	81	2	0	0	119	1	0	28	24	11	0	0	61	11	0	81	43	52	0	285	64	39	39	121	5	0	0	10	15	0	0	0	0	0	0	84	2	0	0	131	1	0	28	102	15	0	0	143	17	0	86	122	107	78	363	86
174	163	24	18	47	152	7	0	31	24	18	47	7	0	23	22	62	27	94	86	141	7	0	31	7	0	31	7	0	22	22	21	0	62	64	24	18	47	0	0	0	0	5	0	0	0	7	0	23	22	62	27	94	86	130	7	0	30	7	0	31	7	0	22	21	21	0	62	60	7	0	31	0	0	0	0	3	0	0	0	7	0	22	22	21	0	62	64	24	18	47	0	0	0	12	0	0	0	0	0	0	0	0	5	0	0	0	7	0	23	22	62	27	94	86	119	7	0	30	7	0	30	7	0	21	21	21	0	60	60	7	0	31	0	0	0	0	3	0	0	0	7	0	22	21	21	0	62	60	7	0	31	0	0	0	12	0	0	0	0	0	0	0	0	3	0	0	0	7	0	22	22	21	0	62	64	24	18	47	2	0	0	0	7	0	0	0	0	0	0	12	0	0	0	0	0	0	0	0	5	0	0	0	7	0	23	22	62	27	94	86
112	105	20	0	28	98	5	0	13	20	0	28	6	0	14	13	50	0	0	86	91	5	0	13	5	0	13	6	0	13	13	13	0	0	64	20	0	28	0	0	0	0	4	0	0	0	6	0	14	13	50	0	0	86	84	5	0	12	5	0	13	6	0	13	12	13	0	0	60	5	0	13	0	0	0	0	2	0	0	0	6	0	13	13	13	0	0	64	20	0	28	0	0	0	12	0	0	0	0	0	0	0	0	4	0	0	0	6	0	14	13	50	0	0	86	77	5	0	12	5	0	12	6	0	12	12	13	0	0	60	5	0	13	0	0	0	0	2	0	0	0	6	0	13	12	13	0	0	60	5	0	13	0	0	0	12	0	0	0	0	0	0	0	0	2	0	0	0	6	0	13	13	13	0	0	64	20	0	28	0	0	0	0	0	0	0	0	0	0	0	12	0	0	0	0	0	0	0	0	4	0	0	0	6	0	14	13	50	0	0	86
198	183	46	80	16	168	11	50	6	46	80	16	14	60	10	24	108	210	64	44	153	9	50	0	11	50	6	5	60	6	0	34	130	24	43	46	80	16	1	0	0	0	15	22	0	30	14	60	10	24	108	210	64	44	138	9	50	0	9	50	0	5	60	0	0	32	130	0	40	11	50	6	1	0	0	0	6	20	0	0	5	60	6	0	34	130	24	43	46	80	16	0	0	0	0	2	0	0	0	1	0	0	0	15	22	0	30	14	60	10	24	108	210	64	44	123	9	50	0	9	50	0	5	60	0	0	32	130	0	40	9	50	0	1	0	0	0	6	20	0	0	5	60	0	0	32	130	0	40	11	50	6	0	0	0	0	2	0	0	0	1	0	0	0	6	20	0	0	5	60	6	0	34	130	24	43	46	80	16	5	0	0	0	19	0	0	0	0	0	0	0	2	0	0	0	1	0	0	0	15	22	0	30	14	60	10	24	108	210	64	44
155	145	38	25	6	135	13	0	0	38	25	6	19	0	0	0	101	80	30	44	125	11	0	0	13	0	0	9	0	0	0	43	0	0	43	38	25	6	1	0	0	0	13	10	0	0	19	0	0	0	101	80	30	44	115	11	0	0	11	0	0	9	0	0	0	39	0	0	40	13	0	0	1	0	0	0	7	0	0	0	9	0	0	0	43	0	0	43	38	25	6	0	0	0	0	4	0	0	0	1	0	0	0	13	10	0	0	19	0	0	0	101	80	30	44	105	11	0	0	11	0	0	9	0	0	0	39	0	0	40	11	0	0	1	0	0	0	7	0	0	0	9	0	0	0	39	0	0	40	13	0	0	0	0	0	0	4	0	0	0	1	0	0	0	7	0	0	0	9	0	0	0	43	0	0	43	38	25	6	5	0	0	0	24	0	0	0	0	0	0	0	4	0	0	0	1	0	0	0	13	10	0	0	19	0	0	0	101	80	30	44
179	167	37	11	75	155	18	0	37	37	11	75	22	0	30	65	108	22	75	190	143	16	0	36	18	0	37	12	0	28	62	61	0	37	132	37	11	75	1	0	0	13	18	0	0	0	22	0	30	65	108	22	75	190	131	16	0	36	16	0	36	12	0	28	62	57	0	36	100	18	0	37	1	0	0	13	9	0	0	0	12	0	28	62	61	0	37	132	37	11	75	7	0	0	0	8	0	0	0	1	0	0	13	18	0	0	0	22	0	30	65	108	22	75	190	119	13	0	32	16	0	36	12	0	28	56	57	0	36	77	16	0	36	1	0	0	12	9	0	0	0	12	0	28	62	57	0	36	100	18	0	37	1	0	0	0	6	0	0	0	1	0	0	13	9	0	0	0	12	0	28	62	61	0	37	132	37	11	75	10	0	0	45	27	33	0	0	7	0	0	0	8	0	0	0	1	0	0	13	18	0	0	0	22	0	30	65	108	22	75	190
242	225	64	57	103	208	33	30	66	64	57	103	36	15	63	54	185	176	206	190	191	30	30	61	33	30	66	22	15	61	46	106	120	132	132	64	57	103	5	0	0	34	29	16	0	0	36	15	63	54	185	176	206	190	174	29	30	38	30	30	61	22	15	60	29	102	120	122	100	33	30	66	3	0	0	0	14	15	0	0	22	15	61	46	106	120	132	132	64	57	103	11	0	11	93	14	0	0	105	5	0	0	34	29	16	0	0	36	15	63	54	185	176	206	190	157	24	28	11	29	30	38	21	15	46	11	98	120	76	77	30	30	61	3	0	0	0	14	15	0	0	22	15	60	29	102	120	122	100	33	30	66	1	0	11	0	10	0	0	6	3	0	0	0	14	15	0	0	22	15	61	46	106	120	132	132	64	57	103	17	26	11	33	41	52	0	182	11	0	11	93	14	0	0	105	5	0	0	34	29	16	0	0	36	15	63	54	185	176	206	190
201	187	61	59	31	173	29	14	25	61	59	31	22	70	52	14	182	139	155	6	159	26	0	25	29	14	25	11	0	50	14	102	28	125	0	61	59	31	11	0	0	0	25	21	62	0	22	70	52	14	182	139	155	6	145	23	0	23	26	0	25	11	0	50	14	92	0	125	0	29	14	25	5	0	0	0	13	0	50	0	11	0	50	14	102	28	125	0	61	59	31	15	0	11	18	17	24	0	0	11	0	0	0	25	21	62	0	22	70	52	14	182	139	155	6	131	17	0	11	23	0	23	10	0	46	11	86	0	115	0	26	0	25	3	0	0	0	10	0	50	0	11	0	50	14	92	0	125	0	29	14	25	1	0	11	0	7	14	0	0	5	0	0	0	13	0	50	0	11	0	50	14	102	28	125	0	61	59	31	19	0	11	33	42	35	0	51	15	0	11	18	17	24	0	0	11	0	0	0	25	21	62	0	22	70	52	14	182	139	155	6
174	161	61	54	24	148	28	31	0	61	54	24	42	21	0	0	165	196	72	143	135	23	30	0	28	31	0	18	20	0	0	86	145	0	101	60	54	24	13	10	0	0	23	33	0	0	42	21	0	0	164	196	72	143	122	21	30	0	23	30	0	16	20	0	0	75	140	0	69	27	31	0	3	10	0	0	9	31	0	0	18	20	0	0	85	145	0	101	60	54	24	24	0	0	0	12	20	0	0	13	10	0	0	23	33	0	0	42	21	0	0	164	196	72	143	109	14	27	0	21	30	0	10	20	0	0	70	140	0	47	22	30	0	0	10	0	0	8	30	0	0	16	20	0	0	74	140	0	69	27	31	0	1	0	0	0	6	20	0	0	3	10	0	0	9	31	0	0	18	20	0	0	85	145	0	101	60	54	24	12	21	0	0	27	58	0	0	24	0	0	0	12	20	0	0	13	10	0	0	23	33	0	0	42	21	0	0	164	196	72	143
169	157	54	41	11	145	26	11	0	54	41	11	37	0	0	0	148	122	55	22	133	20	11	0	26	11	0	12	0	0	0	83	44	0	6	54	41	11	3	0	0	0	16	29	0	0	37	0	0	0	148	122	55	22	121	20	11	0	20	11	0	12	0	0	0	69	44	0	0	26	11	0	3	0	0	0	12	11	0	0	12	0	0	0	83	44	0	6	54	41	11	13	0	0	0	18	0	0	0	3	0	0	0	16	29	0	0	37	0	0	0	148	122	55	22	109	15	11	0	20	11	0	12	0	0	0	69	44	0	0	20	11	0	1	0	0	0	9	11	0	0	12	0	0	0	69	44	0	0	26	11	0	1	0	0	0	8	0	0	0	3	0	0	0	12	11	0	0	12	0	0	0	83	44	0	6	54	41	11	12	0	0	0	29	30	0	0	13	0	0	0	18	0	0	0	3	0	0	0	16	29	0	0	37	0	0	0	148	122	55	22
282	261	68	112	117	240	39	48	99	68	112	117	30	112	14	67	197	282	468	42	219	33	18	98	39	48	99	21	0	0	64	127	104	396	25	68	112	117	13	36	43	14	22	36	234	0	30	112	14	67	197	282	468	42	198	30	14	98	33	18	98	20	0	0	64	109	18	392	25	39	48	99	9	28	41	14	14	28	198	0	21	0	0	64	127	104	396	25	68	112	117	11	56	13	0	18	28	0	0	13	36	43	14	22	36	234	0	30	112	14	67	197	282	468	42	177	21	0	96	30	14	98	18	0	0	60	102	14	392	23	33	18	98	6	0	41	14	10	0	196	0	20	0	0	64	109	18	392	25	39	48	99	1	0	11	0	8	0	0	0	9	28	41	14	14	28	198	0	21	0	0	64	127	104	396	25	65	112	117	14	0	40	18	26	40	117	0	11	56	13	0	18	28	0	0	13	36	43	14	20	36	234	0	30	112	14	67	191	282	468	42
205	190	47	47	70	175	24	11	54	47	47	70	18	33	14	45	133	133	210	42	160	20	0	53	24	11	54	6	0	0	42	77	44	162	25	47	47	70	6	0	16	14	16	14	70	0	18	33	14	45	133	133	210	42	145	18	0	53	20	0	53	6	0	0	42	66	0	159	25	24	11	54	2	0	16	14	10	11	54	0	6	0	0	42	77	44	162	25	47	47	70	13	0	0	0	16	22	0	0	6	0	16	14	16	14	70	0	18	33	14	45	133	133	210	42	130	13	0	53	18	0	53	6	0	0	42	64	0	159	23	20	0	53	0	0	16	14	7	0	53	0	6	0	0	42	66	0	159	25	24	11	54	1	0	0	0	6	0	0	0	2	0	16	14	10	11	54	0	6	0	0	42	77	44	162	25	46	47	70	10	0	0	0	18	0	0	0	13	0	0	0	16	22	0	0	6	0	16	14	15	14	70	0	18	33	14	45	130	133	210	42
225	207	75	94	69	189	40	69	22	75	94	69	44	39	14	33	228	306	138	244	171	34	69	22	40	69	22	24	39	0	33	136	250	44	128	74	94	69	22	0	13	0	29	29	0	0	44	39	14	33	227	306	138	244	153	29	62	21	34	69	22	21	39	0	32	117	250	44	122	39	69	22	8	0	11	0	16	26	0	0	24	39	0	33	135	250	44	128	74	94	69	23	82	13	10	20	48	0	0	22	0	13	0	29	29	0	0	44	39	14	33	227	306	138	244	135	15	24	9	29	62	21	13	33	0	18	105	226	42	97	33	69	22	1	0	11	0	11	26	0	0	21	39	0	32	116	250	44	122	39	69	22	0	13	11	0	8	26	0	0	8	0	11	0	16	26	0	0	24	39	0	33	135	250	44	128	74	94	69	9	61	82	18	24	65	207	75	23	82	13	10	20	48	0	0	22	0	13	0	29	29	0	0	44	39	14	33	227	306	138	244
160	147	57	48	33	134	29	32	0	57	48	33	32	0	14	0	170	148	66	169	121	25	32	0	29	32	0	16	0	0	0	99	116	0	91	56	48	33	20	0	0	0	22	10	0	0	32	0	14	0	169	148	66	169	108	21	30	0	25	32	0	14	0	0	0	84	116	0	86	28	32	0	6	0	0	0	13	10	0	0	16	0	0	0	98	116	0	91	56	48	33	26	16	0	0	17	36	0	0	20	0	0	0	22	10	0	0	32	0	14	0	169	148	66	169	95	12	20	0	21	30	0	8	0	0	0	77	106	0	61	24	32	0	1	0	0	0	9	10	0	0	14	0	0	0	83	116	0	86	28	32	0	1	0	0	0	5	20	0	0	6	0	0	0	13	10	0	0	16	0	0	0	98	116	0	91	56	48	33	11	20	20	0	19	30	33	0	26	16	0	0	17	36	0	0	20	0	0	0	22	10	0	0	32	0	14	0	169	148	66	169
130	120	43	23	20	110	22	9	0	43	23	20	18	0	14	0	128	64	40	66	100	19	9	0	22	9	0	7	0	0	0	76	36	0	25	43	23	20	7	0	0	0	16	0	0	0	18	0	14	0	128	64	40	66	90	17	9	0	19	9	0	7	0	0	0	66	36	0	25	22	9	0	3	0	0	0	11	0	0	0	7	0	0	0	76	36	0	25	43	23	20	13	0	0	0	19	14	0	0	7	0	0	0	16	0	0	0	18	0	14	0	128	64	40	66	80	11	9	0	17	9	0	7	0	0	0	64	36	0	23	19	9	0	1	0	0	0	8	0	0	0	7	0	0	0	66	36	0	25	22	9	0	1	0	0	0	7	0	0	0	3	0	0	0	11	0	0	0	7	0	0	0	76	36	0	25	43	23	20	10	0	7	0	20	0	0	0	13	0	0	0	19	14	0	0	7	0	0	0	16	0	0	0	18	0	14	0	128	64	40	66
124	114	43	29	33	104	19	5	33	43	29	33	24	20	44	0	116	73	132	0	94	14	0	33	19	5	33	13	0	44	0	51	10	132	0	43	29	33	6	0	32	0	13	10	33	0	24	20	44	0	116	73	132	0	84	14	0	33	14	0	33	13	0	44	0	40	0	132	0	19	5	33	6	0	32	0	7	0	33	0	13	0	44	0	51	10	132	0	43	29	33	0	0	0	0	3	0	0	0	6	0	32	0	13	10	33	0	24	20	44	0	116	73	132	0	74	14	0	33	14	0	33	13	0	44	0	40	0	132	0	14	0	33	6	0	32	0	7	0	33	0	13	0	44	0	40	0	132	0	19	5	33	0	0	0	0	3	0	0	0	6	0	32	0	7	0	33	0	13	0	44	0	51	10	132	0	37	29	33	3	0	0	0	10	0	0	0	0	0	0	0	3	0	0	0	6	0	32	0	9	10	33	0	24	20	44	0	104	73	132	0
168	153	62	67	63	138	31	47	7	62	67	63	26	24	39	35	171	215	126	309	123	28	45	0	31	47	7	17	24	0	0	90	155	14	175	59	67	63	13	18	0	0	21	32	0	31	26	24	39	35	168	215	126	309	108	21	36	0	28	45	0	16	24	0	0	85	153	0	173	28	47	7	6	0	0	0	8	12	0	25	17	24	0	0	87	155	14	175	58	67	63	13	0	55	0	11	14	63	0	13	18	0	0	21	32	0	31	25	24	39	35	165	215	126	309	93	16	34	0	21	36	0	13	24	0	0	67	144	0	172	25	45	0	6	0	0	0	8	12	0	25	16	24	0	0	82	153	0	173	27	47	7	1	0	0	0	7	12	7	0	6	0	0	0	8	12	0	25	16	24	0	0	84	155	14	175	52	67	63	10	22	11	0	22	46	0	0	13	0	55	0	11	14	63	0	10	18	0	0	17	32	0	31	22	24	39	35	152	215	126	309
157	144	52	41	63	131	29	23	7	52	41	63	24	0	39	35	153	113	126	309	118	27	21	0	29	23	7	18	0	0	0	92	59	14	175	52	41	63	10	18	0	0	19	18	0	31	24	0	39	35	153	113	126	309	105	21	12	0	27	21	0	18	0	0	0	90	57	0	173	29	23	7	6	0	0	0	9	0	0	25	18	0	0	0	92	59	14	175	52	41	63	3	0	55	0	10	0	63	0	10	18	0	0	19	18	0	31	24	0	39	35	153	113	126	309	92	18	11	0	21	12	0	15	0	0	0	73	48	0	172	27	21	0	6	0	0	0	9	0	0	25	18	0	0	0	90	57	0	173	29	23	7	1	0	0	0	8	0	7	0	6	0	0	0	9	0	0	25	18	0	0	0	92	59	14	175	49	41	63	11	11	11	0	23	22	0	0	3	0	55	0	10	0	63	0	10	18	0	0	17	18	0	31	24	0	39	35	147	113	126	309
120	110	48	27	25	100	22	9	0	48	27	25	25	0	39	0	128	78	75	187	90	19	9	0	22	9	0	15	0	0	0	56	36	0	153	48	27	25	12	0	0	0	19	12	0	0	25	0	39	0	128	78	75	187	80	16	9	0	19	9	0	15	0	0	0	52	36	0	151	22	9	0	6	0	0	0	7	0	0	0	15	0	0	0	56	36	0	153	48	27	25	0	0	14	0	6	0	0	0	12	0	0	0	19	12	0	0	25	0	39	0	128	78	75	187	70	16	9	0	16	9	0	15	0	0	0	49	36	0	151	19	9	0	6	0	0	0	7	0	0	0	15	0	0	0	52	36	0	151	22	9	0	0	0	0	0	4	0	0	0	6	0	0	0	7	0	0	0	15	0	0	0	56	36	0	153	43	27	25	6	0	0	0	15	0	0	0	0	0	14	0	6	0	0	0	12	0	0	0	16	12	0	0	25	0	39	0	119	78	75	187
113	104	48	20	14	95	24	0	0	48	20	14	25	0	28	0	127	55	56	117	86	21	0	0	24	0	0	15	0	0	0	63	0	0	99	48	20	14	12	0	0	0	18	10	0	0	25	0	28	0	127	55	56	117	77	18	0	0	21	0	0	15	0	0	0	59	0	0	98	24	0	0	6	0	0	0	8	0	0	0	15	0	0	0	63	0	0	99	48	20	14	0	0	14	0	4	0	0	0	12	0	0	0	18	10	0	0	25	0	28	0	127	55	56	117	68	18	0	0	18	0	0	15	0	0	0	56	0	0	98	21	0	0	6	0	0	0	8	0	0	0	15	0	0	0	59	0	0	98	24	0	0	0	0	0	0	4	0	0	0	6	0	0	0	8	0	0	0	15	0	0	0	63	0	0	99	42	20	14	6	0	0	0	14	0	0	0	0	0	14	0	4	0	0	0	12	0	0	0	14	10	0	0	25	0	28	0	115	55	56	117
291	265	87	148	177	239	47	67	134	87	148	177	49	100	117	112	231	360	708	198	213	36	48	104	47	67	134	31	24	110	23	128	163	536	47	84	148	177	14	0	101	72	15	49	177	187	49	100	117	112	228	360	708	198	187	35	48	102	36	48	104	30	24	108	23	109	144	416	33	44	67	134	11	0	79	68	13	48	134	153	31	24	110	23	125	163	536	47	73	148	177	4	0	0	22	6	24	0	0	14	0	101	72	15	49	177	187	43	100	117	112	199	360	708	198	162	33	48	102	35	48	102	30	24	106	23	108	144	408	33	34	48	104	11	0	60	68	13	48	104	151	30	24	108	23	107	144	416	33	36	67	134	2	0	0	22	6	24	0	0	11	0	79	68	13	48	134	153	28	24	110	23	104	163	536	47	60	123	177	10	0	0	0	34	46	0	0	4	0	0	22	6	24	0	0	10	0	101	72	6	24	177	187	31	100	117	112	166	285	708	198
156	142	63	49	44	128	31	13	32	63	49	44	36	0	73	21	162	129	176	47	114	28	13	32	31	13	32	27	0	65	21	82	39	128	33	61	49	44	11	0	0	0	12	13	0	0	36	0	73	21	160	129	176	47	100	28	13	32	28	13	32	27	0	65	21	79	39	128	33	29	13	32	11	0	0	0	12	13	0	0	27	0	65	21	80	39	128	33	51	49	44	2	0	0	0	5	0	0	0	11	0	0	0	12	13	0	0	31	0	73	21	134	129	176	47	87	28	13	32	28	13	32	27	0	65	21	79	39	128	33	27	13	32	11	0	0	0	12	13	0	0	27	0	65	21	78	39	128	33	22	13	32	2	0	0	0	5	0	0	0	11	0	0	0	12	13	0	0	25	0	65	21	62	39	128	33	41	36	44	6	0	0	0	20	0	0	0	2	0	0	0	5	0	0	0	10	0	0	0	5	0	0	0	22	0	73	21	108	90	176	47
188	168	73	139	52	148	31	107	14	73	139	52	25	162	5	56	185	365	104	198	128	25	91	0	31	107	14	15	130	0	0	84	292	28	47	69	139	52	5	78	36	0	16	34	52	117	25	162	5	56	181	365	104	198	108	24	91	0	25	91	0	14	130	0	0	76	273	0	33	27	107	14	2	78	14	0	10	29	14	99	15	130	0	0	80	292	28	47	62	139	52	13	0	0	0	10	16	0	0	5	78	36	0	16	34	52	117	21	162	5	56	162	365	104	198	90	20	88	0	24	91	0	14	130	0	0	75	273	0	33	22	91	0	2	78	0	0	10	26	0	98	14	130	0	0	73	273	0	33	23	107	14	1	0	0	0	5	13	0	0	2	78	14	0	10	29	14	99	14	130	0	0	69	292	28	47	50	103	52	7	36	0	0	22	50	0	0	13	0	0	0	10	16	0	0	2	78	36	0	8	16	52	117	13	162	5	56	132	311	104	198
108	97	49	33	16	86	24	24	0	49	33	16	31	16	5	0	130	72	16	72	75	20	24	0	24	24	0	19	16	0	0	67	48	0	33	47	33	16	11	0	0	0	10	17	0	0	31	16	5	0	128	72	16	72	64	19	24	0	20	24	0	18	16	0	0	61	48	0	33	22	24	0	8	0	0	0	8	16	0	0	19	16	0	0	65	48	0	33	40	33	16	1	0	0	0	3	8	0	0	11	0	0	0	10	17	0	0	27	16	5	0	109	72	16	72	55	19	24	0	19	24	0	18	16	0	0	60	48	0	33	19	24	0	8	0	0	0	8	16	0	0	18	16	0	0	60	48	0	33	18	24	0	1	0	0	0	3	8	0	0	8	0	0	0	8	16	0	0	18	16	0	0	54	48	0	33	30	15	16	6	0	0	0	10	0	0	0	1	0	0	0	3	8	0	0	8	0	0	0	3	8	0	0	19	16	5	0	82	45	16	72
117	104	69	60	0	91	30	36	0	69	60	0	32	36	0	0	168	187	0	0	78	27	36	0	30	36	0	23	36	0	0	77	117	0	0	62	60	0	11	0	0	0	13	9	0	0	32	36	0	0	161	187	0	0	67	27	36	0	27	36	0	23	36	0	0	74	117	0	0	28	36	0	11	0	0	0	12	9	0	0	23	36	0	0	75	117	0	0	47	38	0	2	0	0	0	7	0	0	0	11	0	0	0	13	9	0	0	27	36	0	0	120	132	0	0	58	27	36	0	27	36	0	23	36	0	0	74	117	0	0	26	36	0	11	0	0	0	12	9	0	0	23	36	0	0	73	117	0	0	21	18	0	2	0	0	0	5	0	0	0	11	0	0	0	12	9	0	0	21	36	0	0	57	72	0	0	38	20	0	6	0	0	0	27	0	0	0	2	0	0	0	7	0	0	0	10	0	0	0	6	0	0	0	22	0	0	0	99	60	0	0
145	128	65	101	43	111	31	64	11	64	101	43	25	66	19	0	158	241	172	221	95	29	61	11	31	64	11	19	62	0	0	86	151	44	166	53	85	43	6	37	0	0	16	25	0	0	25	66	19	0	147	225	172	221	81	28	60	11	29	61	11	18	60	0	0	82	145	44	136	25	50	11	3	36	0	0	9	24	0	0	19	62	0	0	80	137	44	166	40	57	43	12	12	0	0	6	12	0	0	6	37	0	0	16	25	0	0	17	38	19	0	113	155	172	221	68	24	60	11	28	60	11	18	60	0	0	81	144	44	134	24	48	11	3	36	0	0	9	24	0	0	18	60	0	0	77	132	44	136	15	24	11	6	12	0	0	4	12	0	0	3	36	0	0	9	24	0	0	14	36	0	0	54	72	44	166	31	44	43	12	0	0	0	23	32	0	0	12	12	0	0	6	12	0	0	3	24	0	0	9	12	0	0	7	12	19	0	86	116	172	221
188	169	73	94	99	150	36	34	89	73	94	99	38	0	99	71	188	265	495	0	131	34	34	88	36	34	89	30	0	95	69	103	85	445	0	62	94	99	19	0	15	11	18	12	0	0	38	0	99	71	177	265	495	0	114	32	34	86	34	34	88	28	0	95	67	96	85	440	0	30	34	89	9	0	15	11	10	0	0	0	30	0	95	69	97	85	445	0	53	60	99	28	0	0	26	4	24	0	0	19	0	15	11	18	12	0	0	32	0	99	71	154	180	495	0	97	25	34	84	32	34	86	22	0	91	65	91	85	430	0	28	34	88	6	0	15	11	9	0	0	0	28	0	95	67	90	85	440	0	21	0	89	7	0	0	22	4	0	0	0	9	0	15	11	10	0	0	0	24	0	95	69	74	0	445	0	48	60	99	15	0	0	22	26	84	0	0	28	0	0	26	4	24	0	0	18	0	15	11	14	12	0	0	23	0	99	71	137	180	495	0
163	148	58	26	101	133	38	0	49	58	26	101	32	0	51	87	156	39	202	273	118	38	0	42	38	0	49	32	0	20	64	111	0	98	180	54	26	101	12	0	0	21	14	0	0	33	32	0	51	87	152	39	202	273	103	38	0	42	38	0	42	32	0	20	64	111	0	84	136	34	0	49	12	0	0	21	13	0	0	33	32	0	20	64	107	0	98	180	44	26	101	13	0	0	0	8	0	0	0	12	0	0	21	14	0	0	33	27	0	51	87	126	39	202	273	88	34	0	42	38	0	42	32	0	20	64	111	0	84	134	34	0	42	12	0	0	21	13	0	0	33	32	0	20	64	107	0	84	136	24	0	49	7	0	0	0	6	0	0	0	12	0	0	21	13	0	0	33	27	0	20	64	81	0	98	180	35	26	101	15	0	0	0	29	52	0	0	13	0	0	0	8	0	0	0	11	0	0	21	7	0	0	33	18	0	51	87	100	39	202	273
119	106	48	41	56	93	22	30	21	48	41	56	18	20	41	32	120	94	56	221	80	21	30	21	22	30	21	15	20	20	32	65	80	21	166	41	41	56	5	0	0	0	10	10	0	0	18	20	41	32	113	94	56	221	69	21	30	21	21	30	21	15	20	20	32	64	80	21	136	20	30	21	5	0	0	0	9	10	0	0	15	20	20	32	63	80	21	166	31	19	56	4	0	0	0	6	0	0	0	5	0	0	0	10	10	0	0	13	20	41	32	87	39	56	221	59	19	30	21	21	30	21	15	20	20	32	64	80	21	134	20	30	21	5	0	0	0	9	10	0	0	15	20	20	32	63	80	21	136	13	10	21	2	0	0	0	4	0	0	0	5	0	0	0	9	10	0	0	13	20	20	32	45	30	21	166	25	9	56	4	0	0	0	25	18	0	0	4	0	0	0	6	0	0	0	4	0	0	0	5	0	0	0	6	0	41	32	67	9	56	221
158	141	77	88	60	124	42	55	10	77	88	60	39	42	51	10	190	247	180	289	107	40	53	10	42	55	10	33	40	20	10	112	178	30	180	67	88	60	13	27	0	0	18	29	0	0	39	42	51	10	180	247	180	289	91	39	52	10	40	53	10	32	39	20	10	108	172	30	136	35	55	10	10	26	0	0	13	27	0	0	33	40	20	10	105	178	30	180	53	72	60	12	13	0	0	10	14	0	0	13	27	0	0	18	29	0	0	29	42	51	10	144	199	180	289	76	35	49	10	39	52	10	32	39	20	10	107	169	30	134	34	53	10	10	26	0	0	13	26	0	0	32	39	20	10	102	172	30	136	24	40	10	6	13	0	0	6	13	0	0	10	26	0	0	13	27	0	0	26	40	20	10	77	133	30	180	40	57	60	12	30	0	0	30	40	0	0	12	13	0	0	10	14	0	0	9	27	0	0	9	14	0	0	18	27	51	10	111	154	180	289
134	116	72	112	47	98	33	89	4	69	112	47	31	64	16	0	173	261	94	303	83	31	88	4	33	89	4	23	64	16	0	83	216	8	159	55	67	47	21	13	0	0	23	13	0	0	31	64	16	0	159	216	94	303	69	28	79	4	31	88	4	20	61	16	0	75	213	8	151	22	47	4	8	11	0	0	7	11	0	0	23	64	16	0	72	174	8	159	47	53	47	29	97	0	0	7	13	0	0	21	13	0	0	23	13	0	0	24	22	16	0	136	174	94	303	55	20	53	4	28	79	4	14	51	16	0	69	186	8	149	20	46	4	5	11	0	0	6	11	0	0	20	61	16	0	64	171	8	151	14	33	4	2	55	0	0	3	11	0	0	8	11	0	0	7	11	0	0	16	22	16	0	49	132	8	159	42	53	47	4	84	10	0	6	22	94	0	29	97	0	0	7	13	0	0	17	13	0	0	19	13	0	0	18	22	16	0	123	174	94	303
142	126	66	62	73	110	35	28	42	65	62	73	35	14	68	15	167	131	219	202	95	33	28	42	35	28	42	26	14	67	15	92	42	126	110	53	47	73	19	0	0	0	21	11	0	0	35	14	68	15	155	116	219	202	81	31	28	42	33	28	42	24	14	67	15	87	42	126	109	25	14	42	9	0	0	0	8	0	0	0	26	14	67	15	82	28	126	110	46	33	73	28	0	0	0	4	0	0	0	19	0	0	0	21	11	0	0	27	0	68	15	134	88	219	202	67	23	28	41	31	28	42	18	14	67	15	82	42	126	107	23	14	42	6	0	0	0	7	0	0	0	24	14	67	15	77	28	126	109	18	0	42	7	0	0	0	4	0	0	0	9	0	0	0	8	0	0	0	18	0	67	15	61	0	126	110	44	33	73	12	0	10	12	6	0	0	0	28	0	0	0	4	0	0	0	18	0	0	0	19	11	0	0	24	0	68	15	128	88	219	202
216	193	80	81	206	170	50	60	142	80	81	206	46	40	29	171	217	284	206	359	147	48	60	104	50	60	142	38	40	28	70	136	240	142	180	69	81	206	28	0	0	112	27	22	0	229	46	40	29	171	206	284	206	359	124	45	58	80	48	60	104	35	40	28	70	128	240	104	172	39	60	142	15	0	0	68	13	20	0	148	38	40	28	70	125	240	142	180	59	81	206	37	38	0	78	10	22	0	126	28	0	0	112	27	22	0	229	39	40	29	171	180	284	206	359	101	30	19	52	45	58	80	29	38	26	68	122	231	80	170	37	60	104	12	0	0	37	12	20	0	104	35	40	28	70	117	240	104	172	29	60	142	7	0	0	0	6	20	0	14	15	0	0	68	13	20	0	148	31	40	28	70	99	240	142	180	50	81	206	11	19	92	40	10	40	412	186	37	38	0	78	10	22	0	126	24	0	0	112	20	22	0	229	31	40	29	171	158	284	206	359
156	140	61	48	109	124	33	0	83	61	48	109	38	0	70	75	155	144	436	142	108	29	0	81	33	0	83	21	0	69	70	82	0	332	100	52	48	109	17	0	0	25	18	36	0	0	38	0	70	75	146	144	436	142	92	27	0	79	29	0	81	19	0	69	70	74	0	324	99	24	0	83	7	0	0	25	7	0	0	0	21	0	69	70	73	0	332	100	46	48	109	28	0	0	22	3	0	0	0	17	0	0	25	18	36	0	0	32	0	70	75	131	144	436	142	76	19	0	63	27	0	79	13	0	67	68	69	0	316	97	20	0	81	4	0	0	23	5	0	0	0	19	0	69	70	65	0	324	99	18	0	83	6	0	0	0	3	0	0	0	7	0	0	25	7	0	0	0	15	0	69	70	58	0	332	100	45	48	109	12	0	13	64	6	0	0	69	28	0	0	22	3	0	0	0	16	0	0	25	17	36	0	0	30	0	70	75	128	144	436	142
177	156	83	160	58	135	31	102	46	82	160	58	33	163	49	0	189	496	290	99	115	24	80	46	31	102	46	8	102	49	0	66	300	230	89	71	140	58	1	132	10	0	20	65	58	0	33	163	49	0	178	476	290	99	95	24	47	42	24	80	46	8	54	49	0	55	219	230	88	20	82	46	1	27	10	0	4	23	46	0	8	102	49	0	55	280	230	89	67	140	58	23	135	0	38	6	0	116	0	1	132	10	0	20	65	58	0	29	163	49	0	168	476	290	99	75	15	17	19	24	47	42	8	0	47	0	55	119	210	86	13	60	46	1	0	10	0	2	9	46	0	8	54	49	0	44	199	230	88	16	82	46	6	0	0	0	2	0	92	0	1	27	10	0	4	23	46	0	4	102	49	0	45	280	230	89	67	140	58	12	51	33	33	8	34	174	102	23	135	0	38	6	0	116	0	1	132	10	0	20	65	58	0	29	163	49	0	168	476	290	99
187	166	52	38	158	145	30	0	108	52	38	158	35	0	62	105	108	38	316	287	124	24	0	107	30	0	108	17	0	53	102	60	0	216	175	38	38	158	4	0	18	15	9	0	0	0	35	0	62	105	94	38	316	287	103	19	0	107	24	0	107	11	0	53	102	52	0	214	173	16	0	108	1	0	0	15	3	0	0	0	17	0	53	102	46	0	216	175	34	38	158	5	0	45	0	1	0	0	0	4	0	18	15	9	0	0	0	26	0	62	105	79	38	316	287	82	18	0	107	19	0	107	9	0	53	102	32	0	214	167	10	0	107	1	0	0	15	1	0	0	0	11	0	53	102	38	0	214	173	12	0	108	5	0	0	0	1	0	0	0	1	0	0	15	3	0	0	0	8	0	53	102	31	0	216	175	34	38	158	9	0	9	0	4	0	0	0	5	0	45	0	1	0	0	0	4	0	18	15	9	0	0	0	26	0	62	105	79	38	316	287
119	104	51	48	71	89	29	26	9	49	48	71	40	0	9	8	111	81	142	493	76	22	26	9	29	26	9	17	0	0	8	65	26	18	317	39	22	71	4	0	18	0	11	11	0	0	40	0	9	8	101	55	142	493	63	15	26	9	22	26	9	11	0	0	8	55	26	18	277	19	0	9	1	0	0	0	4	0	0	0	17	0	0	8	55	0	18	317	36	22	71	5	0	83	0	2	0	0	0	4	0	18	0	11	11	0	0	33	0	9	8	91	55	142	493	50	13	26	9	15	26	9	7	0	0	8	26	26	18	247	12	0	9	1	0	0	0	2	0	0	0	11	0	0	8	45	0	18	277	16	0	9	5	0	0	0	2	0	0	0	1	0	0	0	4	0	0	0	10	0	0	8	45	0	18	317	36	22	71	9	0	28	0	6	0	0	0	5	0	83	0	2	0	0	0	4	0	18	0	11	11	0	0	33	0	9	8	91	55	142	493
111	97	48	63	27	83	21	27	4	46	63	27	29	56	9	8	87	116	108	167	70	15	13	4	20	27	4	11	0	0	8	34	34	16	129	36	50	27	3	0	18	0	8	18	54	0	27	56	9	8	77	103	108	167	57	12	13	4	14	13	4	5	0	0	8	26	13	16	127	10	14	4	0	0	0	0	1	7	8	0	9	0	0	8	24	21	16	129	35	50	27	1	0	27	0	0	0	0	0	3	0	18	0	8	18	54	0	24	56	9	8	72	103	108	167	44	12	13	4	11	13	4	5	0	0	8	15	13	16	121	4	0	4	0	0	0	0	0	0	8	0	3	0	0	8	16	0	16	127	9	14	4	1	0	0	0	0	0	0	0	0	0	0	0	1	7	8	0	6	0	0	8	19	21	16	129	35	50	27	6	0	0	0	4	0	0	0	1	0	27	0	0	0	0	0	3	0	18	0	8	18	54	0	24	56	9	8	72	103	108	167
113	99	45	57	30	85	20	21	19	43	57	30	30	32	19	8	80	93	120	58	72	14	13	19	19	21	19	11	0	10	8	35	13	76	46	34	44	30	3	0	18	0	9	8	30	0	28	32	19	8	71	80	120	58	59	11	13	19	13	13	19	5	0	10	8	25	13	76	46	10	8	19	0	0	0	0	2	0	19	0	9	0	10	8	26	0	76	46	33	44	30	0	0	27	0	0	0	0	0	3	0	18	0	9	8	30	0	25	32	19	8	66	80	120	58	46	11	13	19	10	13	19	5	0	10	8	14	13	76	42	4	0	19	0	0	0	0	0	0	19	0	3	0	10	8	16	0	76	46	9	8	19	0	0	0	0	0	0	0	0	0	0	0	0	2	0	19	0	6	0	10	8	21	0	76	46	33	44	30	3	0	0	0	2	0	0	0	0	0	27	0	0	0	0	0	3	0	18	0	9	8	30	0	25	32	19	8	66	80	120	58
183	162	49	84	157	141	20	16	117	48	84	157	28	64	73	103	92	160	628	240	120	14	0	117	19	16	117	9	0	63	103	35	0	468	171	40	84	157	3	0	18	0	11	16	157	0	26	64	73	103	84	160	628	240	99	10	0	117	13	0	117	3	0	63	103	25	0	468	169	11	16	117	0	0	0	0	2	0	117	0	7	0	63	103	27	0	468	171	39	84	157	0	0	43	0	0	0	0	0	3	0	18	0	11	16	157	0	25	64	73	103	82	160	628	240	78	10	0	115	9	0	117	3	0	63	97	10	0	468	163	5	0	117	0	0	0	0	0	0	117	0	1	0	63	103	17	0	468	169	10	16	117	0	0	13	0	0	0	0	0	0	0	0	0	2	0	117	0	6	0	63	103	25	0	468	171	39	84	157	3	0	0	22	2	0	0	0	0	0	43	0	0	0	0	0	3	0	18	0	11	16	157	0	25	64	73	103	82	160	628	240
80	70	13	0	101	60	4	0	33	13	0	101	0	0	38	76	11	0	0	443	50	4	0	33	4	0	33	0	0	0	76	4	0	0	257	9	0	101	0	0	0	0	1	0	0	0	0	0	38	76	7	0	0	443	40	4	0	33	4	0	33	0	0	0	76	4	0	0	256	0	0	33	0	0	0	0	0	0	0	0	0	0	0	76	0	0	0	257	9	0	101	0	0	0	0	0	0	0	0	0	0	0	0	1	0	0	0	0	0	38	76	7	0	0	443	30	4	0	33	4	0	33	0	0	0	76	4	0	0	256	0	0	33	0	0	0	0	0	0	0	0	0	0	0	76	0	0	0	256	0	0	33	0	0	0	0	0	0	0	0	0	0	0	0	0	0	0	0	0	0	0	76	0	0	0	257	9	0	101	0	0	0	0	0	0	0	0	0	0	0	0	0	0	0	0	0	0	0	0	1	0	0	0	0	0	38	76	7	0	0	443
86	75	23	18	62	64	6	0	10	22	18	62	7	0	38	20	28	9	124	372	53	5	0	10	5	0	10	2	0	0	20	6	0	20	248	18	18	62	0	0	0	0	5	0	0	0	5	0	38	20	24	9	124	372	42	5	0	10	4	0	10	2	0	0	20	4	0	20	247	1	0	10	0	0	0	0	0	0	0	0	0	0	0	20	2	0	20	248	18	18	62	0	0	0	0	0	0	0	0	0	0	0	0	5	0	0	0	5	0	38	20	24	9	124	372	31	5	0	10	4	0	10	2	0	0	20	4	0	20	247	0	0	10	0	0	0	0	0	0	0	0	0	0	0	20	0	0	20	247	1	0	10	0	0	0	0	0	0	0	0	0	0	0	0	0	0	0	0	0	0	0	20	2	0	20	248	18	18	62	0	0	0	0	0	0	0	0	0	0	0	0	0	0	0	0	0	0	0	0	5	0	0	0	5	0	38	20	24	9	124	372
121	105	44	65	80	89	18	10	30	42	65	80	19	50	66	76	68	120	400	285	73	12	0	20	16	10	30	4	0	18	30	27	20	150	149	32	65	80	0	0	42	10	3	30	80	58	15	50	66	76	58	120	400	285	57	12	0	20	10	0	20	4	0	0	30	10	0	100	149	6	10	30	0	0	27	10	0	0	30	46	0	0	18	30	17	20	150	149	32	65	80	5	0	0	0	1	0	0	0	0	0	42	10	3	30	80	58	15	50	66	76	58	120	400	285	41	12	0	20	10	0	20	4	0	0	30	10	0	100	149	0	0	20	0	0	0	10	0	0	20	46	0	0	0	30	0	0	100	149	6	10	30	5	0	0	0	1	0	0	0	0	0	27	10	0	0	30	46	0	0	18	30	17	20	150	149	32	65	80	14	0	0	0	7	0	0	0	5	0	0	0	1	0	0	0	0	0	42	10	3	30	80	58	15	50	66	76	58	120	400	285
77	67	24	21	31	57	6	0	0	23	21	31	7	0	38	0	29	21	93	214	47	5	0	0	5	0	0	2	0	0	0	6	0	0	140	19	21	31	0	0	0	0	5	0	0	0	5	0	38	0	25	21	93	214	37	5	0	0	4	0	0	2	0	0	0	4	0	0	140	1	0	0	0	0	0	0	0	0	0	0	0	0	0	0	2	0	0	140	19	21	31	0	0	0	0	0	0	0	0	0	0	0	0	5	0	0	0	5	0	38	0	25	21	93	214	27	5	0	0	4	0	0	2	0	0	0	4	0	0	140	0	0	0	0	0	0	0	0	0	0	0	0	0	0	0	0	0	0	140	1	0	0	0	0	0	0	0	0	0	0	0	0	0	0	0	0	0	0	0	0	0	0	2	0	0	140	19	21	31	0	0	0	0	0	0	0	0	0	0	0	0	0	0	0	0	0	0	0	0	5	0	0	0	5	0	38	0	25	21	93	214
52	45	22	12	0	38	6	0	0	21	12	0	10	0	0	0	31	18	0	0	31	4	0	0	5	0	0	2	0	0	0	6	0	0	0	18	12	0	0	0	0	0	3	3	0	0	8	0	0	0	28	18	0	0	24	4	0	0	3	0	0	2	0	0	0	3	0	0	0	2	0	0	0	0	0	0	0	0	0	0	0	0	0	0	3	0	0	0	18	12	0	1	0	0	0	0	0	0	0	0	0	0	0	3	3	0	0	8	0	0	0	28	18	0	0	17	4	0	0	3	0	0	2	0	0	0	3	0	0	0	0	0	0	0	0	0	0	0	0	0	0	0	0	0	0	0	0	0	0	2	0	0	1	0	0	0	0	0	0	0	0	0	0	0	0	0	0	0	0	0	0	0	3	0	0	0	18	12	0	3	0	0	0	2	0	0	0	1	0	0	0	0	0	0	0	0	0	0	0	3	3	0	0	8	0	0	0	28	18	0	0
68	58	25	16	35	48	11	0	14	23	16	35	13	0	55	14	46	24	70	111	38	8	0	9	9	0	14	4	0	42	9	12	0	28	30	17	16	35	0	0	0	45	0	0	0	0	9	0	55	14	40	24	70	111	28	8	0	0	6	0	9	4	0	27	0	6	0	18	20	3	0	14	0	0	0	0	0	0	0	0	0	0	42	9	6	0	28	30	17	16	35	5	0	0	0	1	0	0	58	0	0	0	45	0	0	0	0	9	0	55	14	40	24	70	111	18	8	0	0	6	0	0	4	0	0	0	6	0	0	20	0	0	9	0	0	0	0	0	0	0	0	0	0	27	0	0	0	18	20	3	0	14	5	0	0	0	1	0	0	46	0	0	0	0	0	0	0	0	0	0	42	9	6	0	28	30	17	16	35	14	0	0	0	7	0	0	0	5	0	0	0	1	0	0	58	0	0	0	45	0	0	0	0	9	0	55	14	40	24	70	111
81	68	32	47	39	55	12	20	21	29	47	39	10	24	55	42	55	87	117	80	43	10	12	9	10	20	21	4	0	42	9	13	20	63	30	21	35	39	0	0	0	45	1	0	39	27	6	24	55	42	47	75	117	80	31	10	11	0	8	12	9	4	0	27	0	8	12	27	20	2	8	21	0	0	0	0	0	0	21	4	0	0	42	9	5	8	63	30	21	35	39	14	11	0	0	3	0	0	58	0	0	0	45	1	0	39	27	6	24	55	42	47	75	117	80	19	8	8	0	8	11	0	4	0	0	0	8	11	0	20	0	0	9	0	0	0	0	0	0	9	4	0	0	27	0	0	0	27	20	2	8	21	4	8	0	0	1	0	0	46	0	0	0	0	0	0	21	4	0	0	42	9	5	8	63	30	20	35	39	11	24	0	0	6	16	0	0	14	11	0	0	3	0	0	58	0	0	0	45	1	0	39	27	6	24	55	42	47	75	117	80
82	68	21	35	72	55	9	33	31	18	22	72	11	22	10	124	33	22	0	173	44	6	33	0	8	22	31	2	22	0	0	11	22	0	40	13	0	72	0	0	0	0	0	0	0	214	9	0	10	124	28	0	0	173	33	6	33	0	5	22	0	2	22	0	0	5	22	0	30	3	0	31	0	0	0	0	0	0	0	140	0	0	0	0	6	0	0	40	13	0	72	5	0	0	0	1	0	0	0	0	0	0	0	0	0	0	214	9	0	10	124	28	0	0	173	22	6	33	0	5	22	0	2	22	0	0	5	22	0	30	0	0	0	0	0	0	0	0	0	0	140	0	0	0	0	0	0	0	30	3	0	31	5	0	0	0	1	0	0	0	0	0	0	0	0	0	0	140	0	0	0	0	6	0	0	40	13	0	72	11	0	0	0	5	0	0	0	5	0	0	0	1	0	0	0	0	0	0	0	0	0	0	214	9	0	10	124	28	0	0	173
62	53	20	8	29	44	10	0	0	18	8	29	13	0	10	0	33	8	29	173	35	7	0	0	8	0	0	4	0	0	0	11	0	0	40	13	8	29	0	0	0	0	0	0	0	0	9	0	10	0	28	8	29	173	26	7	0	0	5	0	0	4	0	0	0	5	0	0	30	3	0	0	0	0	0	0	0	0	0	0	0	0	0	0	6	0	0	40	13	8	29	5	0	0	0	1	0	0	0	0	0	0	0	0	0	0	0	9	0	10	0	28	8	29	173	17	7	0	0	5	0	0	4	0	0	0	5	0	0	30	0	0	0	0	0	0	0	0	0	0	0	0	0	0	0	0	0	0	30	3	0	0	5	0	0	0	1	0	0	0	0	0	0	0	0	0	0	0	0	0	0	0	6	0	0	40	13	8	29	11	0	0	0	5	0	0	0	5	0	0	0	1	0	0	0	0	0	0	0	0	0	0	0	9	0	10	0	28	8	29	173
68	55	31	63	10	43	9	40	0	27	51	10	6	50	10	0	49	100	30	80	33	8	30	0	7	30	0	3	20	0	0	7	45	0	30	21	31	10	4	0	0	0	3	0	20	0	3	30	10	0	43	80	30	80	23	7	26	0	6	20	0	3	20	0	0	6	20	0	20	1	10	0	0	0	0	0	0	0	0	0	0	0	0	0	1	25	0	30	21	31	10	15	32	0	0	2	8	0	0	4	0	0	0	3	0	20	0	3	30	10	0	43	80	30	80	13	4	18	0	5	16	0	2	16	0	0	5	16	0	20	0	0	0	0	0	0	0	0	0	0	0	0	0	0	0	0	0	0	20	1	10	0	1	20	0	0	0	5	0	0	0	0	0	0	0	0	0	0	0	0	0	0	1	25	0	30	16	31	10	3	46	0	0	3	18	0	0	11	32	0	0	2	8	0	0	0	0	0	0	1	0	20	0	3	30	10	0	32	80	30	80
104	86	42	56	144	68	15	0	142	41	56	144	14	0	82	30	86	140	576	0	50	11	0	141	14	0	142	6	0	82	28	23	0	568	0	33	56	144	9	0	39	14	14	14	0	0	13	0	82	30	78	140	576	0	32	7	0	132	10	0	141	4	0	82	18	14	0	564	0	6	0	142	0	0	39	9	2	0	0	0	5	0	82	28	15	0	568	0	30	56	144	17	0	24	98	8	28	0	0	9	0	39	14	14	14	0	0	9	0	82	30	69	140	576	0	14	0	0	85	6	0	132	0	0	79	0	6	0	528	0	2	0	141	0	0	39	0	0	0	0	0	3	0	82	18	6	0	564	0	3	0	142	0	0	24	13	0	0	0	0	0	0	39	9	2	0	0	0	1	0	82	28	6	0	568	0	17	56	144	0	0	50	113	1	14	0	311	13	0	24	98	8	28	0	0	2	0	39	14	7	14	0	0	5	0	82	30	42	140	576	0
70	58	27	20	64	46	7	0	36	26	20	64	2	0	18	80	48	30	128	84	34	7	0	25	6	0	36	2	0	0	28	6	0	72	35	20	20	64	0	0	0	14	4	0	0	80	0	0	18	80	42	30	128	84	22	7	0	20	6	0	25	2	0	0	18	6	0	50	18	0	0	36	0	0	0	9	0	0	0	30	0	0	0	28	0	0	72	35	20	20	64	15	0	0	45	6	0	0	0	0	0	0	14	4	0	0	80	0	0	18	80	42	30	128	84	10	1	0	10	6	0	20	2	0	0	0	6	0	40	0	0	0	25	0	0	0	0	0	0	0	20	0	0	0	18	0	0	50	18	0	0	36	0	0	0	0	0	0	0	0	0	0	0	9	0	0	0	30	0	0	0	28	0	0	72	35	17	20	64	2	0	35	10	3	0	0	58	15	0	0	45	6	0	0	0	0	0	0	14	3	0	0	80	0	0	18	80	39	30	128	84
89	72	48	80	86	55	15	30	71	44	80	86	14	0	87	30	88	160	430	49	40	12	30	70	13	30	71	7	0	69	28	18	30	355	21	35	50	86	8	0	26	14	14	10	0	0	11	0	87	30	79	130	430	49	25	9	20	62	10	30	70	6	0	69	18	12	30	350	9	4	0	71	0	0	26	9	1	0	0	0	4	0	69	28	9	0	355	21	33	50	86	12	100	11	82	8	20	0	0	8	0	26	14	14	10	0	0	7	0	87	30	73	130	430	49	10	1	0	23	7	20	62	2	0	66	0	7	20	310	0	1	0	70	0	0	26	0	0	0	0	0	3	0	69	18	3	0	350	9	2	0	71	0	0	11	0	0	0	0	0	0	0	26	9	1	0	0	0	0	0	69	28	3	0	355	21	18	50	86	2	0	68	23	2	10	172	311	8	100	11	82	8	20	0	0	1	0	26	14	6	10	0	0	4	0	87	30	42	130	430	49
50	41	29	20	13	32	6	0	13	29	20	13	8	0	26	0	58	45	52	0	23	3	0	13	6	0	13	1	0	26	0	9	0	52	0	26	20	13	3	0	26	0	9	5	0	0	8	0	26	0	55	45	52	0	14	2	0	13	3	0	13	0	0	26	0	3	0	52	0	3	0	13	0	0	26	0	1	0	0	0	1	0	26	0	6	0	52	0	25	20	13	10	0	0	0	5	5	0	0	3	0	26	0	9	5	0	0	7	0	26	0	52	45	52	0	5	0	0	12	2	0	13	0	0	26	0	2	0	52	0	0	0	13	0	0	26	0	0	0	0	0	0	0	26	0	0	0	52	0	2	0	13	0	0	0	0	0	0	0	0	0	0	26	0	1	0	0	0	0	0	26	0	3	0	52	0	14	20	13	0	0	0	12	2	0	0	0	10	0	0	0	5	5	0	0	0	0	26	0	3	5	0	0	4	0	26	0	32	45	52	0
41	34	14	6	29	27	4	0	0	13	6	29	2	0	18	0	21	6	29	113	20	4	0	0	3	0	0	2	0	0	0	3	0	0	35	10	6	29	0	0	0	0	1	0	0	0	0	0	18	0	18	6	29	113	13	4	0	0	3	0	0	2	0	0	0	3	0	0	18	0	0	0	0	0	0	0	0	0	0	0	0	0	0	0	0	0	0	35	10	6	29	5	0	0	0	2	0	0	0	0	0	0	0	1	0	0	0	0	0	18	0	18	6	29	113	6	1	0	0	3	0	0	2	0	0	0	3	0	0	0	0	0	0	0	0	0	0	0	0	0	0	0	0	0	0	0	0	0	18	0	0	0	0	0	0	0	0	0	0	0	0	0	0	0	0	0	0	0	0	0	0	0	0	0	0	35	9	6	29	2	0	18	0	1	0	0	0	5	0	0	0	2	0	0	0	0	0	0	0	1	0	0	0	0	0	18	0	18	6	29	113
92	72	42	82	152	52	14	33	113	40	82	152	16	63	98	138	80	178	456	243	33	8	15	113	13	33	113	6	15	91	138	20	63	339	226	28	63	152	5	45	51	0	10	30	152	0	15	63	98	138	68	159	456	243	15	1	0	113	7	15	113	1	0	91	138	7	15	339	224	4	15	113	0	0	48	0	0	0	113	0	5	15	91	138	11	45	339	226	17	45	152	4	0	71	0	0	0	152	0	5	45	51	0	10	30	152	0	3	45	98	138	36	105	456	243	0	0	0	110	0	0	113	0	0	91	132	0	0	339	207	0	0	113	0	0	48	0	0	0	113	0	0	0	91	138	0	0	339	224	0	0	113	0	0	45	0	0	0	113	0	0	0	48	0	0	0	113	0	0	0	91	138	0	0	339	226	0	0	152	0	0	0	37	0	0	0	0	0	0	71	0	0	0	152	0	0	0	51	0	0	0	152	0	0	0	98	138	0	0	456	243
53	42	23	18	55	31	7	0	13	22	18	55	8	0	32	39	44	27	110	307	20	5	0	13	6	0	13	2	0	26	39	8	0	26	262	17	18	55	7	0	0	0	7	9	0	0	7	0	32	39	39	27	110	307	9	1	0	13	4	0	13	1	0	26	39	4	0	26	249	1	0	13	0	0	0	0	0	0	0	0	1	0	26	39	3	0	26	262	13	18	55	4	0	20	0	0	0	0	0	7	0	0	0	7	9	0	0	3	0	32	39	28	27	110	307	0	0	0	13	0	0	13	0	0	26	39	0	0	26	227	0	0	13	0	0	0	0	0	0	0	0	0	0	26	39	0	0	26	249	0	0	13	0	0	0	0	0	0	0	0	0	0	0	0	0	0	0	0	0	0	26	39	0	0	26	262	0	0	55	0	0	0	0	0	0	0	0	0	0	20	0	0	0	0	0	0	0	0	0	0	0	0	0	0	0	32	39	0	0	110	307
59	47	22	11	64	35	10	0	13	20	11	64	7	0	0	39	38	0	64	336	23	9	0	0	8	0	13	4	0	0	0	10	0	13	262	13	11	64	7	0	0	0	7	0	0	49	4	0	0	39	31	0	64	336	11	2	0	0	7	0	0	3	0	0	0	7	0	0	249	1	0	13	0	0	0	0	0	0	0	21	1	0	0	0	3	0	13	262	12	11	64	4	0	47	0	0	0	0	0	7	0	0	0	7	0	0	49	3	0	0	39	28	0	64	336	0	0	0	0	0	0	0	0	0	0	0	0	0	0	227	0	0	0	0	0	0	0	0	0	0	9	0	0	0	0	0	0	0	249	0	0	13	0	0	18	0	0	0	0	0	0	0	0	0	0	0	0	21	0	0	0	0	0	0	13	262	0	0	64	0	0	8	0	0	0	0	0	0	0	47	0	0	0	0	0	0	0	0	0	0	0	0	49	0	0	0	39	0	0	64	336
54	41	30	51	32	29	9	22	5	28	39	32	13	11	0	15	58	88	128	230	18	6	18	0	8	11	5	3	11	0	0	10	11	20	213	21	28	32	3	28	0	0	5	14	0	10	11	0	0	15	51	77	128	230	7	1	7	0	5	7	0	2	7	0	0	5	7	0	211	1	0	5	0	0	0	0	0	0	0	0	1	0	0	0	3	0	20	213	9	28	32	0	28	36	0	0	0	32	0	3	28	0	0	5	14	0	10	3	0	0	15	17	77	128	230	0	0	0	0	0	0	0	0	0	0	0	0	0	0	194	0	0	0	0	0	0	0	0	0	0	0	0	0	0	0	0	0	0	211	0	0	5	0	0	10	0	0	0	5	0	0	0	0	0	0	0	0	0	0	0	0	0	0	0	20	213	0	0	32	0	0	8	0	0	0	32	0	0	0	36	0	0	0	32	0	0	0	0	0	0	0	0	10	0	0	0	15	0	0	128	230
42	33	25	18	15	24	8	0	0	24	18	15	12	0	0	0	51	42	45	99	15	5	0	0	7	0	0	2	0	0	0	9	0	0	84	18	18	15	7	0	0	0	5	12	0	0	11	0	0	0	45	42	45	99	6	1	0	0	4	0	0	1	0	0	0	4	0	0	83	1	0	0	0	0	0	0	0	0	0	0	1	0	0	0	3	0	0	84	10	18	15	4	0	20	0	0	0	0	0	7	0	0	0	5	12	0	0	3	0	0	0	21	42	45	99	0	0	0	0	0	0	0	0	0	0	0	0	0	0	75	0	0	0	0	0	0	0	0	0	0	0	0	0	0	0	0	0	0	83	0	0	0	0	0	0	0	0	0	0	0	0	0	0	0	0	0	0	0	0	0	0	0	0	0	0	84	0	0	15	0	0	0	0	0	0	0	0	0	0	20	0	0	0	0	0	0	0	0	0	0	0	0	0	0	0	0	0	0	0	45	99
75	55	35	67	149	35	5	16	106	33	67	149	8	48	94	90	71	147	447	254	16	1	0	102	4	16	106	1	0	76	83	4	16	318	131	21	48	149	0	0	35	52	0	0	149	0	7	48	94	90	59	128	447	254	0	0	0	102	0	0	102	0	0	75	83	0	0	306	126	0	0	106	0	0	12	52	0	0	106	0	0	0	76	83	0	0	318	131	0	0	149	0	0	7	0	0	0	0	0	0	0	35	52	0	0	149	0	0	0	94	90	0	0	447	254	0	0	0	102	0	0	102	0	0	75	83	0	0	306	126	0	0	102	0	0	12	52	0	0	102	0	0	0	75	83	0	0	306	126	0	0	106	0	0	0	0	0	0	0	0	0	0	12	52	0	0	106	0	0	0	76	83	0	0	318	131	0	0	0	0	0	0	0	0	0	0	0	0	0	0	0	0	0	0	0	0	0	0	52	0	0	0	0	0	0	0	90	0	0	0	254
44	33	22	0	75	22	5	0	24	21	0	75	9	0	15	40	53	0	0	318	11	1	0	21	4	0	24	1	0	0	34	4	0	0	144	17	0	75	0	0	22	39	0	0	0	0	8	0	15	40	49	0	0	318	0	0	0	21	0	0	21	0	0	0	34	0	0	0	126	0	0	24	0	0	0	39	0	0	0	0	0	0	0	34	0	0	0	144	0	0	75	0	0	7	0	0	0	0	0	0	0	22	39	0	0	0	0	0	0	15	40	0	0	0	318	0	0	0	21	0	0	21	0	0	0	34	0	0	0	126	0	0	21	0	0	0	39	0	0	0	0	0	0	0	34	0	0	0	126	0	0	24	0	0	0	0	0	0	0	0	0	0	0	39	0	0	0	0	0	0	0	34	0	0	0	144	0	0	0	0	0	0	0	0	0	0	0	0	0	0	0	0	0	0	0	0	0	0	39	0	0	0	0	0	0	0	40	0	0	0	318
35	25	30	25	9	15	2	0	9	30	25	9	7	0	18	0	53	75	45	0	5	0	0	9	2	0	9	0	0	18	0	2	0	45	0	13	25	9	0	0	0	0	0	0	0	0	7	0	18	0	36	75	45	0	0	0	0	9	0	0	9	0	0	18	0	0	0	45	0	0	0	9	0	0	0	0	0	0	0	0	0	0	18	0	0	0	45	0	0	0	9	0	0	0	0	0	0	0	0	0	0	0	0	0	0	0	0	0	0	18	0	0	0	45	0	0	0	0	9	0	0	9	0	0	18	0	0	0	45	0	0	0	9	0	0	0	0	0	0	0	0	0	0	18	0	0	0	45	0	0	0	9	0	0	0	0	0	0	0	0	0	0	0	0	0	0	0	0	0	0	18	0	0	0	45	0	0	0	0	0	0	0	0	0	0	0	0	0	0	0	0	0	0	0	0	0	0	0	0	0	0	0	0	0	0	0	0	0	0	0	0
42	30	31	39	28	18	4	7	0	29	39	28	5	28	15	0	52	102	112	199	7	1	0	0	3	7	0	1	0	0	0	3	7	0	118	13	28	28	0	0	22	0	0	0	28	0	4	28	15	0	36	91	112	199	0	0	0	0	0	0	0	0	0	0	0	0	0	0	113	0	0	0	0	0	0	0	0	0	0	0	0	0	0	0	0	0	0	118	0	0	28	0	0	7	0	0	0	0	0	0	0	22	0	0	0	28	0	0	0	15	0	0	0	112	199	0	0	0	0	0	0	0	0	0	0	0	0	0	0	113	0	0	0	0	0	0	0	0	0	0	0	0	0	0	0	0	0	0	113	0	0	0	0	0	0	0	0	0	0	0	0	0	0	0	0	0	0	0	0	0	0	0	0	0	0	118	0	0	0	0	0	0	0	0	0	0	0	0	0	0	0	0	0	0	0	0	0	0	0	0	0	0	0	0	0	0	0	0	0	0	199
32	23	26	20	7	14	4	0	0	25	20	7	8	0	0	0	49	50	28	32	5	1	0	0	3	0	0	1	0	0	0	3	0	0	5	12	20	7	0	0	7	0	0	0	0	0	7	0	0	0	36	50	28	32	0	0	0	0	0	0	0	0	0	0	0	0	0	0	0	0	0	0	0	0	0	0	0	0	0	0	0	0	0	0	0	0	0	5	0	0	7	0	0	7	0	0	0	0	0	0	0	7	0	0	0	0	0	0	0	0	0	0	0	28	32	0	0	0	0	0	0	0	0	0	0	0	0	0	0	0	0	0	0	0	0	0	0	0	0	0	0	0	0	0	0	0	0	0	0	0	0	0	0	0	0	0	0	0	0	0	0	0	0	0	0	0	0	0	0	0	0	0	0	0	0	5	0	0	0	0	0	0	0	0	0	0	0	0	0	0	0	0	0	0	0	0	0	0	0	0	0	0	0	0	0	0	0	0	0	0	32
37	23	22	45	29	9	0	0	17	17	45	29	0	0	49	0	17	45	145	37	0	0	0	17	0	0	17	0	0	42	0	0	0	85	9	0	0	29	0	0	0	0	0	0	0	0	0	0	49	0	0	0	145	37	0	0	0	17	0	0	17	0	0	42	0	0	0	85	9	0	0	17	0	0	0	0	0	0	0	0	0	0	42	0	0	0	85	9	0	0	0	0	0	0	0	0	0	0	0	0	0	0	0	0	0	0	0	0	0	0	0	0	0	0	37	0	0	0	17	0	0	17	0	0	42	0	0	0	85	9	0	0	17	0	0	0	0	0	0	0	0	0	0	42	0	0	0	85	9	0	0	0	0	0	0	0	0	0	0	0	0	0	0	0	0	0	0	0	0	0	0	0	0	0	0	9	0	0	0	0	0	0	0	0	0	0	0	0	0	0	0	0	0	0	0	0	0	0	0	0	0	0	0	0	0	0	0	0	0	0	0
37	24	17	22	77	11	0	0	63	15	22	77	0	0	28	41	15	22	154	16	0	0	0	62	0	0	63	0	0	27	40	0	0	126	9	0	0	77	0	0	0	12	0	0	0	0	0	0	28	41	0	0	154	16	0	0	0	62	0	0	62	0	0	26	40	0	0	124	9	0	0	63	0	0	0	12	0	0	0	0	0	0	27	40	0	0	126	9	0	0	0	0	0	0	0	0	0	0	0	0	0	0	12	0	0	0	0	0	0	0	41	0	0	0	16	0	0	0	62	0	0	62	0	0	26	40	0	0	124	9	0	0	62	0	0	0	12	0	0	0	0	0	0	26	40	0	0	124	9	0	0	0	0	0	0	0	0	0	0	0	0	0	0	12	0	0	0	0	0	0	0	40	0	0	0	9	0	0	0	0	0	0	0	0	0	0	0	0	0	0	0	0	0	0	0	0	0	0	12	0	0	0	0	0	0	0	0	0	0	0	0
51	33	22	45	134	15	0	0	93	19	45	134	0	0	97	101	19	45	402	193	0	0	0	75	0	0	93	0	0	70	54	0	0	279	115	0	0	134	0	0	0	39	0	0	0	152	0	0	97	101	0	0	402	193	0	0	0	72	0	0	75	0	0	51	53	0	0	225	111	0	0	93	0	0	0	36	0	0	0	113	0	0	70	54	0	0	279	115	0	0	0	0	0	0	35	0	0	0	0	0	0	0	39	0	0	0	152	0	0	0	101	0	0	0	193	0	0	0	72	0	0	72	0	0	45	53	0	0	216	111	0	0	75	0	0	0	36	0	0	0	113	0	0	51	53	0	0	225	111	0	0	0	0	0	0	35	0	0	0	0	0	0	0	36	0	0	0	113	0	0	0	54	0	0	0	115	0	0	0	0	0	0	0	0	0	0	0	0	0	0	35	0	0	0	0	0	0	0	39	0	0	0	152	0	0	0	0	0	0	0	0
26	17	17	8	33	8	0	0	0	16	8	33	0	0	23	0	16	8	33	193	0	0	0	0	0	0	0	0	0	0	0	0	0	0	115	0	0	33	0	0	0	0	0	0	0	0	0	0	23	0	0	0	33	193	0	0	0	0	0	0	0	0	0	0	0	0	0	0	111	0	0	0	0	0	0	0	0	0	0	0	0	0	0	0	0	0	0	115	0	0	0	0	0	0	0	0	0	0	0	0	0	0	0	0	0	0	0	0	0	0	0	0	0	0	193	0	0	0	0	0	0	0	0	0	0	0	0	0	0	111	0	0	0	0	0	0	0	0	0	0	0	0	0	0	0	0	0	0	111	0	0	0	0	0	0	0	0	0	0	0	0	0	0	0	0	0	0	0	0	0	0	0	0	0	0	115	0	0	0	0	0	0	0	0	0	0	0	0	0	0	0	0	0	0	0	0	0	0	0	0	0	0	0	0	0	0	0	0	0	0	0
32	20	17	32	33	8	0	0	0	13	32	33	0	0	23	0	13	32	132	193	0	0	0	0	0	0	0	0	0	0	0	0	0	0	115	0	0	33	0	0	0	0	0	0	0	0	0	0	23	0	0	0	132	193	0	0	0	0	0	0	0	0	0	0	0	0	0	0	111	0	0	0	0	0	0	0	0	0	0	0	0	0	0	0	0	0	0	115	0	0	0	0	0	0	0	0	0	0	0	0	0	0	0	0	0	0	0	0	0	0	0	0	0	0	193	0	0	0	0	0	0	0	0	0	0	0	0	0	0	111	0	0	0	0	0	0	0	0	0	0	0	0	0	0	0	0	0	0	111	0	0	0	0	0	0	0	0	0	0	0	0	0	0	0	0	0	0	0	0	0	0	0	0	0	0	115	0	0	0	0	0	0	0	0	0	0	0	0	0	0	0	0	0	0	0	0	0	0	0	0	0	0	0	0	0	0	0	0	0	0	0
21	10	5	10	48	0	0	0	28	0	0	48	0	0	11	17	0	0	48	62	0	0	0	28	0	0	28	0	0	11	17	0	0	28	17	0	0	0	0	0	0	0	0	0	0	0	0	0	0	17	0	0	0	62	0	0	0	28	0	0	28	0	0	11	17	0	0	28	17	0	0	0	0	0	0	0	0	0	0	0	0	0	0	17	0	0	0	17	0	0	0	0	0	0	0	0	0	0	0	0	0	0	0	0	0	0	0	0	0	0	0	0	0	0	0	0	0	0	28	0	0	28	0	0	11	17	0	0	28	17	0	0	0	0	0	0	0	0	0	0	0	0	0	0	17	0	0	0	17	0	0	0	0	0	0	0	0	0	0	0	0	0	0	0	0	0	0	0	0	0	0	0	0	0	0	0	0	0	0	0	0	0	0	0	0	0	0	0	0	0	0	0	0	0	0	0	0	0	0	0	0	0	0	0	0	0	0	0	0	0	0
31	15	4	15	127	0	0	0	70	0	0	127	0	0	0	71	0	0	127	306	0	0	0	69	0	0	70	0	0	0	69	0	0	70	173	0	0	0	0	0	0	13	0	0	0	0	0	0	0	71	0	0	0	306	0	0	0	67	0	0	69	0	0	0	66	0	0	69	154	0	0	0	0	0	0	12	0	0	0	0	0	0	0	69	0	0	0	173	0	0	0	0	0	0	25	0	0	0	0	0	0	0	13	0	0	0	0	0	0	0	0	0	0	0	0	0	0	0	65	0	0	67	0	0	0	64	0	0	67	151	0	0	0	0	0	0	12	0	0	0	0	0	0	0	66	0	0	0	154	0	0	0	0	0	0	23	0	0	0	0	0	0	0	12	0	0	0	0	0	0	0	0	0	0	0	0	0	0	0	0	0	0	22	0	0	0	0	0	0	0	25	0	0	0	0	0	0	0	0	0	0	0	0	0	0	0	0	0	0	0	0
31	15	6	15	142	0	0	0	131	0	0	142	0	0	21	24	0	0	142	29	0	0	0	131	0	0	131	0	0	21	24	0	0	131	17	0	0	0	0	0	0	0	0	0	0	0	0	0	0	24	0	0	0	29	0	0	0	122	0	0	131	0	0	21	23	0	0	131	17	0	0	0	0	0	0	0	0	0	0	0	0	0	0	24	0	0	0	17	0	0	0	0	0	0	90	0	0	0	0	0	0	0	0	0	0	0	0	0	0	0	0	0	0	0	0	0	0	0	101	0	0	122	0	0	19	21	0	0	122	17	0	0	0	0	0	0	0	0	0	0	0	0	0	0	23	0	0	0	17	0	0	0	0	0	0	29	0	0	0	0	0	0	0	0	0	0	0	0	0	0	0	0	0	0	0	0	0	0	0	0	0	0	112	0	0	0	86	0	0	0	90	0	0	0	0	0	0	0	0	0	0	0	0	0	0	0	0	0	0	0	0
31	15	6	15	143	0	0	0	91	0	0	143	0	0	21	108	0	0	143	273	0	0	0	61	0	0	91	0	0	21	29	0	0	91	173	0	0	0	0	0	0	73	0	0	0	177	0	0	0	108	0	0	0	273	0	0	0	31	0	0	61	0	0	17	13	0	0	61	154	0	0	0	0	0	0	0	0	0	0	106	0	0	0	29	0	0	0	173	0	0	0	0	0	0	79	0	0	0	184	0	0	0	73	0	0	0	177	0	0	0	0	0	0	0	0	0	0	0	16	0	0	31	0	0	8	11	0	0	31	151	0	0	0	0	0	0	0	0	0	0	102	0	0	0	13	0	0	0	154	0	0	0	0	0	0	21	0	0	0	118	0	0	0	0	0	0	0	106	0	0	0	0	0	0	0	0	0	0	0	0	0	0	37	0	0	0	86	0	0	0	79	0	0	0	184	0	0	0	0	0	0	0	0	0	0	0	0	0	0	0	0
15	7	4	7	32	0	0	0	0	0	0	32	0	0	0	0	0	0	32	196	0	0	0	0	0	0	0	0	0	0	0	0	0	0	110	0	0	0	0	0	0	0	0	0	0	0	0	0	0	0	0	0	0	196	0	0	0	0	0	0	0	0	0	0	0	0	0	0	92	0	0	0	0	0	0	0	0	0	0	0	0	0	0	0	0	0	0	110	0	0	0	0	0	0	0	0	0	0	0	0	0	0	0	0	0	0	0	0	0	0	0	0	0	0	0	0	0	0	0	0	0	0	0	0	0	0	0	0	0	89	0	0	0	0	0	0	0	0	0	0	0	0	0	0	0	0	0	0	92	0	0	0	0	0	0	0	0	0	0	0	0	0	0	0	0	0	0	0	0	0	0	0	0	0	0	0	0	0	0	0	0	0	0	0	0	0	0	0	0	0	0	0	0	0	0	0	0	0	0	0	0	0	0	0	0	0	0	0	0	0	0
8	0	0	0	99	0	0	0	32	0	0	0	0	0	0	53	0	0	0	492	0	0	0	32	0	0	0	0	0	0	53	0	0	0	320	0	0	0	0	0	0	0	0	0	0	0	0	0	0	0	0	0	0	0	0	0	0	28	0	0	0	0	0	0	49	0	0	0	289	0	0	0	0	0	0	0	0	0	0	0	0	0	0	0	0	0	0	0	0	0	0	0	0	0	28	0	0	0	0	0	0	0	0	0	0	0	0	0	0	0	0	0	0	0	0	0	0	0	19	0	0	0	0	0	0	38	0	0	0	248	0	0	0	0	0	0	0	0	0	0	0	0	0	0	0	0	0	0	0	0	0	0	0	0	0	0	0	0	0	0	0	0	0	0	0	0	0	0	0	0	0	0	0	0	0	0	0	0	0	0	0	0	16	0	0	0	32	0	0	0	0	0	0	0	0	0	0	0	0	0	0	0	0	0	0	0	0	0	0	0	0
