289	282	35	15	0	275	14	10	0	35	15	0	8	5	0	0	83	36	0	0	268	14	10	0	14	10	0	8	5	0	0	45	30	0	0	35	15	0	1	0	0	0	1	0	0	0	8	5	0	0	83	36	0	0	261	14	10	0	14	10	0	8	5	0	0	45	30	0	0	14	10	0	1	0	0	0	0	0	0	0	8	5	0	0	45	30	0	0	35	15	0	0	0	0	0	1	0	0	0	1	0	0	0	1	0	0	0	8	5	0	0	83	36	0	0	254	14	10	0	14	10	0	8	5	0	0	45	30	0	0	14	10	0	1	0	0	0	0	0	0	0	8	5	0	0	45	30	0	0	14	10	0	0	0	0	0	0	0	0	0	1	0	0	0	0	0	0	0	8	5	0	0	45	30	0	0	35	15	0	0	0	0	0	0	0	0	0	0	0	0	0	1	0	0	0	1	0	0	0	1	0	0	0	8	5	0	0	83	36	0	0
292	286	39	8	0	280	23	0	0	39	8	0	21	0	0	0	94	12	0	0	274	23	0	0	23	0	0	21	0	0	0	68	0	0	0	39	8	0	2	0	0	0	1	0	0	0	21	0	0	0	94	12	0	0	268	23	0	0	23	0	0	21	0	0	0	68	0	0	0	23	0	0	2	0	0	0	1	0	0	0	21	0	0	0	68	0	0	0	39	8	0	0	0	0	0	0	0	0	0	2	0	0	0	1	0	0	0	21	0	0	0	94	12	0	0	262	23	0	0	23	0	0	21	0	0	0	68	0	0	0	23	0	0	2	0	0	0	1	0	0	0	21	0	0	0	68	0	0	0	23	0	0	0	0	0	0	0	0	0	0	2	0	0	0	1	0	0	0	21	0	0	0	68	0	0	0	39	8	0	0	0	0	0	0	0	0	0	0	0	0	0	0	0	0	0	2	0	0	0	1	0	0	0	21	0	0	0	94	12	0	0
411	401	50	35	0	391	23	21	0	50	35	0	19	14	0	0	117	98	0	0	381	23	21	0	23	21	0	19	14	0	0	67	70	0	0	50	35	0	2	0	0	0	2	0	0	0	19	14	0	0	117	98	0	0	371	23	21	0	23	21	0	19	14	0	0	67	70	0	0	23	21	0	2	0	0	0	1	0	0	0	19	14	0	0	67	70	0	0	50	35	0	0	0	0	0	1	0	0	0	2	0	0	0	2	0	0	0	19	14	0	0	117	98	0	0	361	23	21	0	23	21	0	19	14	0	0	67	70	0	0	23	21	0	2	0	0	0	1	0	0	0	19	14	0	0	67	70	0	0	23	21	0	0	0	0	0	0	0	0	0	2	0	0	0	1	0	0	0	19	14	0	0	67	70	0	0	50	35	0	0	0	0	0	0	0	0	0	0	0	0	0	1	0	0	0	2	0	0	0	2	0	0	0	19	14	0	0	117	98	0	0
491	478	60	65	0	465	29	45	0	60	65	0	22	34	0	0	120	145	0	0	452	29	44	0	29	45	0	22	32	0	0	86	108	0	0	60	65	0	1	8	0	0	2	0	0	0	22	34	0	0	120	145	0	0	439	29	44	0	29	44	0	22	32	0	0	86	108	0	0	29	45	0	1	8	0	0	1	0	0	0	22	32	0	0	86	108	0	0	60	65	0	0	0	0	0	1	0	0	0	1	8	0	0	2	0	0	0	22	34	0	0	120	145	0	0	426	29	44	0	29	44	0	22	32	0	0	86	108	0	0	29	44	0	1	8	0	0	1	0	0	0	22	32	0	0	86	108	0	0	29	45	0	0	0	0	0	0	0	0	0	1	8	0	0	1	0	0	0	22	32	0	0	86	108	0	0	60	65	0	0	0	0	0	0	0	0	0	0	0	0	0	1	0	0	0	1	8	0	0	2	0	0	0	22	34	0	0	120	145	0	0
436	427	50	20	0	418	28	0	0	50	20	0	21	0	0	0	101	48	0	0	409	28	0	0	28	0	0	21	0	0	0	83	0	0	0	50	20	0	2	0	0	0	1	0	0	0	21	0	0	0	101	48	0	0	400	28	0	0	28	0	0	21	0	0	0	83	0	0	0	28	0	0	2	0	0	0	1	0	0	0	21	0	0	0	83	0	0	0	50	20	0	0	0	0	0	0	0	0	0	2	0	0	0	1	0	0	0	21	0	0	0	101	48	0	0	391	28	0	0	28	0	0	21	0	0	0	83	0	0	0	28	0	0	2	0	0	0	1	0	0	0	21	0	0	0	83	0	0	0	28	0	0	0	0	0	0	0	0	0	0	2	0	0	0	1	0	0	0	21	0	0	0	83	0	0	0	50	20	0	0	0	0	0	0	0	0	0	0	0	0	0	0	0	0	0	2	0	0	0	1	0	0	0	21	0	0	0	101	48	0	0
541	529	60	29	20	517	43	20	0	60	29	20	39	0	0	0	141	60	20	0	505	43	20	0	43	20	0	39	0	0	0	124	60	0	0	60	29	20	4	0	0	0	6	0	0	0	39	0	0	0	141	60	20	0	493	43	20	0	43	20	0	39	0	0	0	124	60	0	0	43	20	0	4	0	0	0	3	0	0	0	39	0	0	0	124	60	0	0	60	29	20	0	0	0	0	2	0	0	0	4	0	0	0	6	0	0	0	39	0	0	0	141	60	20	0	481	43	20	0	43	20	0	39	0	0	0	124	60	0	0	43	20	0	4	0	0	0	3	0	0	0	39	0	0	0	124	60	0	0	43	20	0	0	0	0	0	0	0	0	0	4	0	0	0	3	0	0	0	39	0	0	0	124	60	0	0	60	29	20	0	0	0	0	1	0	0	0	0	0	0	0	2	0	0	0	4	0	0	0	6	0	0	0	39	0	0	0	141	60	20	0
769	748	95	171	16	727	51	141	0	95	171	16	38	184	0	0	225	479	32	0	706	50	140	0	51	141	0	35	180	0	0	150	443	0	0	95	171	16	8	15	0	0	14	13	0	0	38	184	0	0	225	479	32	0	685	50	140	0	50	140	0	35	180	0	0	146	440	0	0	51	141	0	8	15	0	0	6	10	0	0	35	180	0	0	150	443	0	0	95	171	16	4	0	0	0	12	0	0	0	8	15	0	0	14	13	0	0	38	184	0	0	225	479	32	0	664	50	140	0	50	140	0	35	180	0	0	146	440	0	0	50	140	0	8	15	0	0	6	10	0	0	35	180	0	0	146	440	0	0	51	141	0	4	0	0	0	3	0	0	0	8	15	0	0	6	10	0	0	35	180	0	0	150	443	0	0	95	171	16	5	0	0	0	4	0	0	0	4	0	0	0	12	0	0	0	8	15	0	0	14	13	0	0	38	184	0	0	225	479	32	0
452	442	55	23	12	432	42	9	0	55	23	12	37	0	0	0	124	27	24	0	422	42	9	0	42	9	0	37	0	0	0	122	27	0	0	55	23	12	4	0	0	0	3	0	0	0	37	0	0	0	124	27	24	0	412	42	9	0	42	9	0	37	0	0	0	122	27	0	0	42	9	0	4	0	0	0	3	0	0	0	37	0	0	0	122	27	0	0	55	23	12	0	0	0	0	0	0	0	0	4	0	0	0	3	0	0	0	37	0	0	0	124	27	24	0	402	42	9	0	42	9	0	37	0	0	0	122	27	0	0	42	9	0	4	0	0	0	3	0	0	0	37	0	0	0	122	27	0	0	42	9	0	0	0	0	0	0	0	0	0	4	0	0	0	3	0	0	0	37	0	0	0	122	27	0	0	55	23	12	0	0	0	0	0	0	0	0	0	0	0	0	0	0	0	0	4	0	0	0	3	0	0	0	37	0	0	0	124	27	24	0
429	420	51	18	8	411	42	0	0	51	18	8	37	0	0	0	119	0	24	0	402	42	0	0	42	0	0	37	0	0	0	118	0	0	0	51	18	8	4	0	0	0	3	0	0	0	37	0	0	0	119	0	24	0	393	42	0	0	42	0	0	37	0	0	0	118	0	0	0	42	0	0	4	0	0	0	3	0	0	0	37	0	0	0	118	0	0	0	51	18	8	0	0	0	0	0	0	0	0	4	0	0	0	3	0	0	0	37	0	0	0	119	0	24	0	384	42	0	0	42	0	0	37	0	0	0	118	0	0	0	42	0	0	4	0	0	0	3	0	0	0	37	0	0	0	118	0	0	0	42	0	0	0	0	0	0	0	0	0	0	4	0	0	0	3	0	0	0	37	0	0	0	118	0	0	0	51	18	8	0	0	0	0	0	0	0	0	0	0	0	0	0	0	0	0	4	0	0	0	3	0	0	0	37	0	0	0	119	0	24	0
560	547	70	59	4	534	49	39	0	70	59	4	45	0	0	0	163	121	16	0	521	49	39	0	49	39	0	45	0	0	0	136	116	0	0	70	59	4	3	0	0	0	9	0	0	0	45	0	0	0	163	121	16	0	508	49	39	0	49	39	0	45	0	0	0	136	116	0	0	49	39	0	3	0	0	0	3	0	0	0	45	0	0	0	136	116	0	0	70	59	4	0	0	0	0	4	0	0	0	3	0	0	0	9	0	0	0	45	0	0	0	163	121	16	0	495	49	39	0	49	39	0	45	0	0	0	136	116	0	0	49	39	0	3	0	0	0	3	0	0	0	45	0	0	0	136	116	0	0	49	39	0	0	0	0	0	0	0	0	0	3	0	0	0	3	0	0	0	45	0	0	0	136	116	0	0	70	59	4	0	0	0	0	2	0	0	0	0	0	0	0	4	0	0	0	3	0	0	0	9	0	0	0	45	0	0	0	163	121	16	0
785	764	99	172	35	743	62	156	0	99	172	35	50	195	0	0	240	438	0	60	722	60	154	0	62	156	0	42	187	0	0	173	409	0	0	99	172	35	6	24	0	0	15	28	0	0	50	195	0	0	240	438	0	60	701	60	154	0	60	154	0	42	187	0	0	165	409	0	0	62	156	0	6	24	0	0	5	24	0	0	42	187	0	0	173	409	0	0	99	172	35	4	0	0	0	7	0	0	0	6	24	0	0	15	28	0	0	50	195	0	0	240	438	0	60	680	60	154	0	60	154	0	42	187	0	0	165	409	0	0	60	154	0	6	24	0	0	5	24	0	0	42	187	0	0	165	409	0	0	62	156	0	4	0	0	0	3	0	0	0	6	24	0	0	5	24	0	0	42	187	0	0	173	409	0	0	99	172	35	5	0	0	0	4	0	0	0	4	0	0	0	7	0	0	0	6	24	0	0	15	28	0	0	50	195	0	0	240	438	0	60
483	472	64	27	26	461	52	26	0	64	27	26	51	8	0	0	157	81	0	40	450	52	26	0	52	26	0	51	8	0	0	143	80	0	0	64	27	26	3	0	0	0	6	0	0	0	51	8	0	0	157	81	0	40	439	52	26	0	52	26	0	51	8	0	0	143	80	0	0	52	26	0	3	0	0	0	4	0	0	0	51	8	0	0	143	80	0	0	64	27	26	0	0	0	0	0	0	0	0	3	0	0	0	6	0	0	0	51	8	0	0	157	81	0	40	428	52	26	0	52	26	0	51	8	0	0	143	80	0	0	52	26	0	3	0	0	0	4	0	0	0	51	8	0	0	143	80	0	0	52	26	0	0	0	0	0	0	0	0	0	3	0	0	0	4	0	0	0	51	8	0	0	143	80	0	0	64	27	26	0	0	0	0	0	0	0	0	0	0	0	0	0	0	0	0	3	0	0	0	6	0	0	0	51	8	0	0	157	81	0	40
398	389	50	20	11	380	41	18	0	50	20	11	37	12	0	0	120	38	0	12	371	41	18	0	41	18	0	37	12	0	0	109	36	0	0	50	20	11	2	0	0	0	6	0	0	0	37	12	0	0	120	38	0	12	362	41	18	0	41	18	0	37	12	0	0	109	36	0	0	41	18	0	2	0	0	0	3	0	0	0	37	12	0	0	109	36	0	0	50	20	11	0	0	0	0	0	0	0	0	2	0	0	0	6	0	0	0	37	12	0	0	120	38	0	12	353	41	18	0	41	18	0	37	12	0	0	109	36	0	0	41	18	0	2	0	0	0	3	0	0	0	37	12	0	0	109	36	0	0	41	18	0	0	0	0	0	0	0	0	0	2	0	0	0	3	0	0	0	37	12	0	0	109	36	0	0	50	20	11	0	0	0	0	0	0	0	0	0	0	0	0	0	0	0	0	2	0	0	0	6	0	0	0	37	12	0	0	120	38	0	12
506	494	58	50	5	482	41	41	0	58	50	5	35	24	0	0	140	104	5	4	470	41	41	0	41	41	0	35	24	0	0	110	100	0	0	58	50	5	2	0	0	0	11	0	0	0	35	24	0	0	140	104	5	4	458	41	41	0	41	41	0	35	24	0	0	110	100	0	0	41	41	0	2	0	0	0	3	0	0	0	35	24	0	0	110	100	0	0	58	50	5	0	0	0	0	2	0	0	0	2	0	0	0	11	0	0	0	35	24	0	0	140	104	5	4	446	41	41	0	41	41	0	35	24	0	0	110	100	0	0	41	41	0	2	0	0	0	3	0	0	0	35	24	0	0	110	100	0	0	41	41	0	0	0	0	0	0	0	0	0	2	0	0	0	3	0	0	0	35	24	0	0	110	100	0	0	58	50	5	0	0	0	0	1	0	0	0	0	0	0	0	2	0	0	0	2	0	0	0	11	0	0	0	35	24	0	0	140	104	5	4
465	454	44	44	0	443	28	30	0	44	44	0	21	40	0	0	105	87	0	0	432	27	30	0	28	30	0	19	40	0	0	75	75	0	0	44	44	0	0	0	0	0	8	9	0	0	21	40	0	0	105	87	0	0	421	27	30	0	27	30	0	19	40	0	0	73	75	0	0	28	30	0	0	0	0	0	1	5	0	0	19	40	0	0	75	75	0	0	44	44	0	0	0	0	0	0	0	0	0	0	0	0	0	8	9	0	0	21	40	0	0	105	87	0	0	410	27	30	0	27	30	0	19	40	0	0	73	75	0	0	27	30	0	0	0	0	0	1	5	0	0	19	40	0	0	73	75	0	0	28	30	0	0	0	0	0	0	0	0	0	0	0	0	0	1	5	0	0	19	40	0	0	75	75	0	0	44	44	0	0	0	0	0	0	0	0	0	0	0	0	0	0	0	0	0	0	0	0	0	8	9	0	0	21	40	0	0	105	87	0	0
223	218	24	4	8	213	19	4	0	24	4	8	16	0	0	0	63	20	0	5	208	19	4	0	19	4	0	16	0	0	0	51	20	0	0	24	4	8	0	0	0	0	5	0	0	0	16	0	0	0	63	20	0	5	203	19	4	0	19	4	0	16	0	0	0	51	20	0	0	19	4	0	0	0	0	0	3	0	0	0	16	0	0	0	51	20	0	0	24	4	8	0	0	0	0	0	0	0	0	0	0	0	0	5	0	0	0	16	0	0	0	63	20	0	5	198	19	4	0	19	4	0	16	0	0	0	51	20	0	0	19	4	0	0	0	0	0	3	0	0	0	16	0	0	0	51	20	0	0	19	4	0	0	0	0	0	0	0	0	0	0	0	0	0	3	0	0	0	16	0	0	0	51	20	0	0	24	4	8	0	0	0	0	0	0	0	0	0	0	0	0	0	0	0	0	0	0	0	0	5	0	0	0	16	0	0	0	63	20	0	5
338	330	34	20	3	322	18	16	0	34	20	3	22	16	0	0	87	58	0	0	314	17	16	0	18	16	0	20	16	0	0	51	48	0	0	34	20	3	2	0	0	0	8	6	0	0	22	16	0	0	87	58	0	0	306	17	16	0	17	16	0	20	16	0	0	49	48	0	0	18	16	0	2	0	0	0	4	4	0	0	20	16	0	0	51	48	0	0	34	20	3	0	0	0	0	0	0	0	0	2	0	0	0	8	6	0	0	22	16	0	0	87	58	0	0	298	17	16	0	17	16	0	20	16	0	0	49	48	0	0	17	16	0	2	0	0	0	4	4	0	0	20	16	0	0	49	48	0	0	18	16	0	0	0	0	0	0	0	0	0	2	0	0	0	4	4	0	0	20	16	0	0	51	48	0	0	34	20	3	0	0	0	0	0	0	0	0	0	0	0	0	0	0	0	0	2	0	0	0	8	6	0	0	22	16	0	0	87	58	0	0
260	254	26	8	0	248	14	8	0	26	8	0	18	0	0	0	69	20	0	0	242	13	8	0	14	8	0	16	0	0	0	42	20	0	0	26	8	0	2	0	0	0	3	4	0	0	18	0	0	0	69	20	0	0	236	13	8	0	13	8	0	16	0	0	0	40	20	0	0	14	8	0	2	0	0	0	3	4	0	0	16	0	0	0	42	20	0	0	26	8	0	0	0	0	0	0	0	0	0	2	0	0	0	3	4	0	0	18	0	0	0	69	20	0	0	230	13	8	0	13	8	0	16	0	0	0	40	20	0	0	13	8	0	2	0	0	0	3	4	0	0	16	0	0	0	40	20	0	0	14	8	0	0	0	0	0	0	0	0	0	2	0	0	0	3	4	0	0	16	0	0	0	42	20	0	0	26	8	0	0	0	0	0	0	0	0	0	0	0	0	0	0	0	0	0	2	0	0	0	3	4	0	0	18	0	0	0	69	20	0	0
583	569	61	75	0	555	26	51	0	61	75	0	27	92	0	0	144	207	0	0	541	24	49	0	26	51	0	23	84	0	0	70	144	0	0	61	75	0	2	14	0	0	6	16	0	0	27	92	0	0	144	207	0	0	527	24	49	0	24	49	0	23	84	0	0	66	140	0	0	26	51	0	2	14	0	0	4	14	0	0	23	84	0	0	70	144	0	0	61	75	0	0	0	0	0	0	0	0	0	2	14	0	0	6	16	0	0	27	92	0	0	144	207	0	0	513	24	49	0	24	49	0	23	84	0	0	66	140	0	0	24	49	0	2	14	0	0	4	14	0	0	23	84	0	0	66	140	0	0	26	51	0	0	0	0	0	0	0	0	0	2	14	0	0	4	14	0	0	23	84	0	0	70	144	0	0	61	75	0	0	0	0	0	0	0	0	0	0	0	0	0	0	0	0	0	2	14	0	0	6	16	0	0	27	92	0	0	144	207	0	0
264	258	28	11	0	252	14	5	0	28	11	0	16	0	0	0	72	29	0	0	246	14	5	0	14	5	0	16	0	0	0	40	15	0	0	28	11	0	2	0	0	0	3	0	0	0	16	0	0	0	72	29	0	0	240	14	5	0	14	5	0	16	0	0	0	40	15	0	0	14	5	0	2	0	0	0	3	0	0	0	16	0	0	0	40	15	0	0	28	11	0	0	0	0	0	0	0	0	0	2	0	0	0	3	0	0	0	16	0	0	0	72	29	0	0	234	14	5	0	14	5	0	16	0	0	0	40	15	0	0	14	5	0	2	0	0	0	3	0	0	0	16	0	0	0	40	15	0	0	14	5	0	0	0	0	0	0	0	0	0	2	0	0	0	3	0	0	0	16	0	0	0	40	15	0	0	28	11	0	0	0	0	0	0	0	0	0	0	0	0	0	0	0	0	0	2	0	0	0	3	0	0	0	16	0	0	0	72	29	0	0
351	343	38	13	5	335	20	7	0	38	13	5	25	0	0	0	95	27	5	0	327	20	7	0	20	7	0	25	0	0	0	54	21	0	0	38	13	5	4	0	0	0	4	0	0	0	25	0	0	0	95	27	5	0	319	20	7	0	20	7	0	25	0	0	0	54	21	0	0	20	7	0	4	0	0	0	3	0	0	0	25	0	0	0	54	21	0	0	38	13	5	0	0	0	0	1	0	0	0	4	0	0	0	4	0	0	0	25	0	0	0	95	27	5	0	311	20	7	0	20	7	0	25	0	0	0	54	21	0	0	20	7	0	4	0	0	0	3	0	0	0	25	0	0	0	54	21	0	0	20	7	0	0	0	0	0	0	0	0	0	4	0	0	0	3	0	0	0	25	0	0	0	54	21	0	0	38	13	5	0	0	0	0	1	0	0	0	0	0	0	0	1	0	0	0	4	0	0	0	4	0	0	0	25	0	0	0	95	27	5	0
504	492	45	48	5	480	17	32	0	45	48	5	21	32	0	0	105	124	10	0	468	17	32	0	17	32	0	21	32	0	0	45	96	0	0	45	48	5	4	0	0	0	5	0	0	0	21	32	0	0	105	124	10	0	456	17	32	0	17	32	0	21	32	0	0	45	96	0	0	17	32	0	4	0	0	0	3	0	0	0	21	32	0	0	45	96	0	0	45	48	5	0	0	0	0	4	0	0	0	4	0	0	0	5	0	0	0	21	32	0	0	105	124	10	0	444	17	32	0	17	32	0	21	32	0	0	45	96	0	0	17	32	0	4	0	0	0	3	0	0	0	21	32	0	0	45	96	0	0	17	32	0	0	0	0	0	0	0	0	0	4	0	0	0	3	0	0	0	21	32	0	0	45	96	0	0	45	48	5	0	0	0	0	4	0	0	0	0	0	0	0	4	0	0	0	4	0	0	0	5	0	0	0	21	32	0	0	105	124	10	0
446	436	50	24	5	426	29	0	0	50	24	5	33	0	0	0	119	60	20	0	416	29	0	0	29	0	0	33	0	0	0	75	0	0	0	50	24	5	8	0	0	0	10	0	0	0	33	0	0	0	119	60	20	0	406	29	0	0	29	0	0	33	0	0	0	75	0	0	0	29	0	0	8	0	0	0	5	0	0	0	33	0	0	0	75	0	0	0	50	24	5	2	0	0	0	10	0	0	0	8	0	0	0	10	0	0	0	33	0	0	0	119	60	20	0	396	29	0	0	29	0	0	33	0	0	0	75	0	0	0	29	0	0	8	0	0	0	5	0	0	0	33	0	0	0	75	0	0	0	29	0	0	2	0	0	0	0	0	0	0	8	0	0	0	5	0	0	0	33	0	0	0	75	0	0	0	50	24	5	3	0	0	0	10	0	0	0	2	0	0	0	10	0	0	0	8	0	0	0	10	0	0	0	33	0	0	0	119	60	20	0
666	650	66	96	3	634	27	62	0	66	96	3	27	96	0	0	149	245	15	0	618	26	60	0	27	62	0	25	90	0	0	71	146	0	0	66	96	3	6	20	0	0	15	10	0	0	27	96	0	0	149	245	15	0	602	26	60	0	26	60	0	25	90	0	0	69	140	0	0	27	62	0	6	20	0	0	5	10	0	0	25	90	0	0	71	146	0	0	66	96	3	2	0	0	0	15	0	0	0	6	20	0	0	15	10	0	0	27	96	0	0	149	245	15	0	586	26	60	0	26	60	0	25	90	0	0	69	140	0	0	26	60	0	6	20	0	0	5	10	0	0	25	90	0	0	69	140	0	0	27	62	0	2	0	0	0	0	0	0	0	6	20	0	0	5	10	0	0	25	90	0	0	71	146	0	0	66	96	3	3	0	0	0	13	0	0	0	2	0	0	0	15	0	0	0	6	20	0	0	15	10	0	0	27	96	0	0	149	245	15	0
312	305	33	12	0	298	15	0	0	33	12	0	14	0	0	0	77	24	0	0	291	15	0	0	15	0	0	14	0	0	0	38	0	0	0	33	12	0	2	0	0	0	5	0	0	0	14	0	0	0	77	24	0	0	284	15	0	0	15	0	0	14	0	0	0	38	0	0	0	15	0	0	2	0	0	0	2	0	0	0	14	0	0	0	38	0	0	0	33	12	0	0	0	0	0	7	0	0	0	2	0	0	0	5	0	0	0	14	0	0	0	77	24	0	0	277	15	0	0	15	0	0	14	0	0	0	38	0	0	0	15	0	0	2	0	0	0	2	0	0	0	14	0	0	0	38	0	0	0	15	0	0	0	0	0	0	0	0	0	0	2	0	0	0	2	0	0	0	14	0	0	0	38	0	0	0	33	12	0	3	0	0	0	7	0	0	0	0	0	0	0	7	0	0	0	2	0	0	0	5	0	0	0	14	0	0	0	77	24	0	0
511	499	42	29	27	487	22	20	0	42	29	27	24	0	0	0	96	59	27	18	475	21	20	0	22	20	0	23	0	0	0	54	50	0	0	42	29	27	8	0	0	0	16	9	0	0	24	0	0	0	96	59	27	18	463	20	20	0	21	20	0	22	0	0	0	53	50	0	0	22	20	0	7	0	0	0	3	0	0	0	23	0	0	0	54	50	0	0	42	29	27	3	0	0	0	15	9	0	0	8	0	0	0	16	9	0	0	24	0	0	0	96	59	27	18	451	19	20	0	20	20	0	21	0	0	0	49	50	0	0	21	20	0	6	0	0	0	3	0	0	0	22	0	0	0	53	50	0	0	22	20	0	2	0	0	0	0	0	0	0	7	0	0	0	3	0	0	0	23	0	0	0	54	50	0	0	42	29	27	3	0	0	0	12	9	0	0	3	0	0	0	15	9	0	0	8	0	0	0	16	9	0	0	24	0	0	0	96	59	27	18
438	428	46	16	21	418	30	0	0	46	16	21	31	0	0	0	112	24	42	13	408	29	0	0	30	0	0	30	0	0	0	78	0	0	0	46	16	21	14	0	0	0	21	8	0	0	31	0	0	0	112	24	42	13	398	26	0	0	29	0	0	29	0	0	0	77	0	0	0	30	0	0	9	0	0	0	4	0	0	0	30	0	0	0	78	0	0	0	46	16	21	8	0	0	0	14	24	0	0	14	0	0	0	21	8	0	0	31	0	0	0	112	24	42	13	388	23	0	0	26	0	0	24	0	0	0	64	0	0	0	29	0	0	8	0	0	0	4	0	0	0	29	0	0	0	77	0	0	0	30	0	0	3	0	0	0	0	0	0	0	9	0	0	0	4	0	0	0	30	0	0	0	78	0	0	0	46	16	21	8	0	0	0	12	24	0	0	8	0	0	0	14	24	0	0	14	0	0	0	21	8	0	0	31	0	0	0	112	24	42	13
514	502	50	42	15	490	28	20	0	50	42	15	30	10	0	0	115	84	45	8	478	26	20	0	28	20	0	27	10	0	0	72	40	0	0	50	42	15	14	0	0	0	27	18	0	0	30	10	0	0	115	84	45	8	466	23	20	0	26	20	0	26	10	0	0	69	40	0	0	28	20	0	9	0	0	0	3	10	0	0	27	10	0	0	72	40	0	0	50	42	15	8	0	0	0	15	21	0	0	14	0	0	0	27	18	0	0	30	10	0	0	115	84	45	8	454	20	17	0	23	20	0	21	10	0	0	56	40	0	0	26	20	0	8	0	0	0	3	10	0	0	26	10	0	0	69	40	0	0	28	20	0	3	0	0	0	0	0	0	0	9	0	0	0	3	10	0	0	27	10	0	0	72	40	0	0	50	42	15	5	21	0	0	12	21	0	0	8	0	0	0	15	21	0	0	14	0	0	0	27	18	0	0	30	10	0	0	115	84	45	8
653	637	66	97	11	621	32	66	0	66	97	11	31	80	0	0	154	227	44	8	605	29	62	0	32	66	0	25	74	0	0	88	156	0	0	66	97	11	12	42	0	0	31	22	0	0	31	80	0	0	154	227	44	8	589	26	60	0	29	62	0	24	70	0	0	84	145	0	0	32	66	0	7	40	0	0	5	10	0	0	25	74	0	0	88	156	0	0	66	97	11	6	20	0	0	18	18	0	0	12	42	0	0	31	22	0	0	31	80	0	0	154	227	44	8	573	23	60	0	26	60	0	19	70	0	0	71	140	0	0	29	62	0	6	40	0	0	5	10	0	0	24	70	0	0	84	145	0	0	32	66	0	1	20	0	0	0	0	0	0	7	40	0	0	5	10	0	0	25	74	0	0	88	156	0	0	66	97	11	9	0	0	0	18	18	0	0	6	20	0	0	18	18	0	0	12	42	0	0	31	22	0	0	31	80	0	0	154	227	44	8
435	425	59	25	5	415	36	0	0	59	25	5	50	0	0	0	132	65	25	3	405	31	0	0	36	0	0	34	0	0	0	92	0	0	0	59	25	5	22	0	0	0	33	25	0	0	50	0	0	0	132	65	25	3	395	26	0	0	31	0	0	27	0	0	0	82	0	0	0	36	0	0	9	0	0	0	4	0	0	0	34	0	0	0	92	0	0	0	59	25	5	8	0	0	0	15	25	0	0	22	0	0	0	33	25	0	0	50	0	0	0	132	65	25	3	385	23	0	0	26	0	0	22	0	0	0	64	0	0	0	31	0	0	8	0	0	0	4	0	0	0	27	0	0	0	82	0	0	0	36	0	0	3	0	0	0	0	0	0	0	9	0	0	0	4	0	0	0	34	0	0	0	92	0	0	0	59	25	5	8	0	0	0	12	15	0	0	8	0	0	0	15	25	0	0	22	0	0	0	33	25	0	0	50	0	0	0	132	65	25	3
549	536	59	42	35	523	38	30	0	59	42	35	58	30	0	0	143	96	35	79	510	30	19	0	38	30	0	35	19	0	0	103	71	0	0	59	42	35	21	19	0	0	27	36	35	0	58	30	0	0	143	96	35	79	497	25	9	0	30	19	0	25	9	0	0	82	56	0	0	38	30	0	7	9	0	0	5	0	0	0	35	19	0	0	103	71	0	0	59	42	35	7	9	0	0	5	9	35	0	21	19	0	0	27	36	35	0	58	30	0	0	143	96	35	79	484	22	0	0	25	9	0	21	0	0	0	65	18	0	0	30	19	0	7	0	0	0	5	0	0	0	25	9	0	0	82	56	0	0	38	30	0	3	0	0	0	1	0	0	0	7	9	0	0	5	0	0	0	35	19	0	0	103	71	0	0	59	42	35	6	0	7	0	9	0	35	0	7	9	0	0	5	9	35	0	21	19	0	0	27	36	35	0	58	30	0	0	143	96	35	79
693	676	88	105	26	659	52	82	0	88	105	26	74	79	0	0	215	294	52	52	642	42	76	0	52	82	0	48	75	0	0	138	254	0	0	88	105	26	28	52	0	0	34	46	0	0	74	79	0	0	215	294	52	52	625	38	55	0	42	76	0	37	67	0	0	114	232	0	0	52	82	0	17	20	0	0	7	12	0	0	48	75	0	0	138	254	0	0	88	105	26	14	46	0	0	9	8	52	0	28	52	0	0	34	46	0	0	74	79	0	0	215	294	52	52	608	34	34	0	38	55	0	36	30	0	0	102	146	0	0	42	76	0	16	16	0	0	7	10	0	0	37	67	0	0	114	232	0	0	52	82	0	7	12	0	0	3	0	0	0	17	20	0	0	7	12	0	0	48	75	0	0	138	254	0	0	88	105	26	9	54	7	0	18	24	52	0	14	46	0	0	9	8	52	0	28	52	0	0	34	46	0	0	74	79	0	0	215	294	52	52
531	518	65	53	18	505	42	30	0	65	53	18	64	20	0	0	155	119	54	31	492	32	30	0	42	30	0	38	20	0	0	111	80	0	0	65	53	18	23	0	0	0	29	35	0	0	64	20	0	0	155	119	54	31	479	26	30	0	32	30	0	27	20	0	0	88	80	0	0	42	30	0	8	0	0	0	7	0	0	0	38	20	0	0	111	80	0	0	65	53	18	8	0	0	0	7	7	0	0	23	0	0	0	29	35	0	0	64	20	0	0	155	119	54	31	466	22	30	0	26	30	0	22	20	0	0	67	80	0	0	32	30	0	7	0	0	0	7	0	0	0	27	20	0	0	88	80	0	0	42	30	0	3	0	0	0	1	0	0	0	8	0	0	0	7	0	0	0	38	20	0	0	111	80	0	0	65	53	18	6	0	7	0	10	0	0	0	8	0	0	0	7	7	0	0	23	0	0	0	29	35	0	0	64	20	0	0	155	119	54	31
460	449	61	37	11	438	41	16	0	61	37	11	62	18	0	0	147	79	33	16	427	32	10	0	41	16	0	39	0	0	0	110	46	0	0	61	37	11	23	0	0	0	25	30	11	0	62	18	0	0	147	79	33	16	416	26	10	0	32	10	0	28	0	0	0	88	40	0	0	41	16	0	8	0	0	0	6	0	0	0	39	0	0	0	110	46	0	0	61	37	11	8	0	0	0	6	6	0	0	23	0	0	0	25	30	11	0	62	18	0	0	147	79	33	16	405	23	10	0	26	10	0	23	0	0	0	67	40	0	0	32	10	0	7	0	0	0	6	0	0	0	28	0	0	0	88	40	0	0	41	16	0	3	0	0	0	1	0	0	0	8	0	0	0	6	0	0	0	39	0	0	0	110	46	0	0	61	37	11	6	0	0	0	10	0	0	0	8	0	0	0	6	6	0	0	23	0	0	0	25	30	11	0	62	18	0	0	147	79	33	16
586	572	69	71	5	558	41	33	0	69	71	5	50	114	0	0	171	162	20	5	544	33	10	0	41	33	0	35	30	0	0	115	85	0	0	69	71	5	15	40	0	0	26	30	15	0	50	114	0	0	171	162	20	5	530	29	0	0	33	10	0	30	0	0	0	99	25	0	0	41	33	0	8	0	0	0	8	0	0	0	35	30	0	0	115	85	0	0	69	71	5	7	0	0	0	5	5	10	0	15	40	0	0	26	30	15	0	50	114	0	0	171	162	20	5	516	26	0	0	29	0	0	25	0	0	0	83	0	0	0	33	10	0	7	0	0	0	8	0	0	0	30	0	0	0	99	25	0	0	41	33	0	2	0	0	0	1	0	0	0	8	0	0	0	8	0	0	0	35	30	0	0	115	85	0	0	69	71	5	6	0	0	0	9	0	0	0	7	0	0	0	5	5	10	0	15	40	0	0	26	30	15	0	50	114	0	0	171	162	20	5
821	800	106	169	35	779	59	133	0	106	169	35	62	228	30	0	280	490	70	95	758	50	98	0	59	133	0	45	152	0	0	171	384	0	0	106	169	35	25	31	35	0	22	36	140	0	62	228	30	0	280	490	70	95	737	46	90	0	50	98	0	40	120	0	0	144	279	0	0	59	133	0	21	15	0	0	10	31	0	0	45	152	0	0	171	384	0	0	106	169	35	26	0	25	0	8	16	35	0	25	31	35	0	22	36	140	0	62	228	30	0	280	490	70	95	716	40	89	0	46	90	0	35	120	0	0	134	255	0	0	50	98	0	19	15	0	0	10	30	0	0	40	120	0	0	144	279	0	0	59	133	0	11	0	0	0	4	15	0	0	21	15	0	0	10	31	0	0	45	152	0	0	171	384	0	0	106	169	35	15	14	8	0	16	76	0	0	26	0	25	0	8	16	35	0	25	31	35	0	22	36	140	0	62	228	30	0	280	490	70	95
472	460	51	42	26	448	32	32	0	51	42	26	44	24	21	0	135	86	26	60	436	21	32	0	32	32	0	23	24	0	0	94	72	0	0	51	42	26	5	0	26	0	12	9	0	0	44	24	21	0	135	86	26	60	424	18	32	0	21	32	0	15	24	0	0	62	72	0	0	32	32	0	3	0	0	0	5	8	0	0	23	24	0	0	94	72	0	0	51	42	26	1	0	16	0	3	0	0	0	5	0	26	0	12	9	0	0	44	24	21	0	135	86	26	60	412	17	32	0	18	32	0	13	24	0	0	54	72	0	0	21	32	0	1	0	0	0	5	8	0	0	15	24	0	0	62	72	0	0	32	32	0	1	0	0	0	1	0	0	0	3	0	0	0	5	8	0	0	23	24	0	0	94	72	0	0	51	42	26	4	0	8	0	7	0	0	0	1	0	16	0	3	0	0	0	5	0	26	0	12	9	0	0	44	24	21	0	135	86	26	60
450	439	53	33	18	428	34	17	0	53	33	18	49	14	21	0	133	70	36	34	417	25	10	0	34	17	0	27	0	0	0	95	47	0	0	53	33	18	7	0	10	0	9	10	18	0	49	14	21	0	133	70	36	34	406	24	10	0	25	10	0	23	0	0	0	72	40	0	0	34	17	0	5	0	0	0	6	10	0	0	27	0	0	0	95	47	0	0	53	33	18	1	0	0	0	2	0	0	0	7	0	10	0	9	10	18	0	49	14	21	0	133	70	36	34	395	24	10	0	24	10	0	23	0	0	0	69	40	0	0	25	10	0	5	0	0	0	6	10	0	0	23	0	0	0	72	40	0	0	34	17	0	1	0	0	0	1	0	0	0	5	0	0	0	6	10	0	0	27	0	0	0	95	47	0	0	53	33	18	1	0	0	0	5	0	0	0	1	0	0	0	2	0	0	0	7	0	10	0	9	10	18	0	49	14	21	0	133	70	36	34
358	349	50	26	5	340	29	19	0	50	26	5	47	12	15	0	127	71	5	5	331	20	14	0	29	19	0	24	7	0	0	79	61	0	0	50	26	5	7	0	10	0	9	7	5	0	47	12	15	0	127	71	5	5	322	19	14	0	20	14	0	20	7	0	0	56	56	0	0	29	19	0	5	0	0	0	6	7	0	0	24	7	0	0	79	61	0	0	50	26	5	1	0	0	0	2	0	0	0	7	0	10	0	9	7	5	0	47	12	15	0	127	71	5	5	313	19	14	0	19	14	0	20	7	0	0	53	56	0	0	20	14	0	5	0	0	0	6	7	0	0	20	7	0	0	56	56	0	0	29	19	0	1	0	0	0	1	0	0	0	5	0	0	0	6	7	0	0	24	7	0	0	79	61	0	0	50	26	5	1	0	0	0	5	0	0	0	1	0	0	0	2	0	0	0	7	0	10	0	9	7	5	0	47	12	15	0	127	71	5	5
247	241	25	11	0	235	15	2	0	25	11	0	15	6	0	0	59	17	0	0	229	13	0	0	15	2	0	12	0	0	0	44	2	0	0	25	11	0	4	0	0	0	4	0	0	0	15	6	0	0	59	17	0	0	223	13	0	0	13	0	0	12	0	0	0	42	0	0	0	15	2	0	4	0	0	0	4	0	0	0	12	0	0	0	44	2	0	0	25	11	0	1	0	0	0	0	0	0	0	4	0	0	0	4	0	0	0	15	6	0	0	59	17	0	0	217	13	0	0	13	0	0	12	0	0	0	42	0	0	0	13	0	0	4	0	0	0	4	0	0	0	12	0	0	0	42	0	0	0	15	2	0	1	0	0	0	0	0	0	0	4	0	0	0	4	0	0	0	12	0	0	0	44	2	0	0	25	11	0	0	0	0	0	0	0	0	0	1	0	0	0	0	0	0	0	4	0	0	0	4	0	0	0	15	6	0	0	59	17	0	0
491	479	47	11	57	467	26	0	20	47	11	57	28	0	74	47	126	11	57	84	455	24	0	0	26	0	20	23	0	19	0	77	0	20	0	47	11	57	5	0	18	0	7	0	0	51	28	0	74	47	126	11	57	84	443	24	0	0	24	0	0	23	0	0	0	72	0	0	0	26	0	20	5	0	9	0	7	0	0	0	23	0	19	0	77	0	20	0	47	11	57	1	0	0	0	1	0	0	0	5	0	18	0	7	0	0	51	28	0	74	47	126	11	57	84	431	24	0	0	24	0	0	23	0	0	0	72	0	0	0	24	0	0	5	0	0	0	7	0	0	0	23	0	0	0	72	0	0	0	26	0	20	1	0	0	0	1	0	0	0	5	0	9	0	7	0	0	0	23	0	19	0	77	0	20	0	47	11	57	1	0	0	0	5	0	0	0	1	0	0	0	1	0	0	0	5	0	18	0	7	0	0	51	28	0	74	47	126	11	57	84
367	358	35	14	18	349	15	0	5	35	14	18	13	0	27	20	90	21	36	18	340	15	0	0	15	0	5	13	0	10	0	47	0	10	0	35	14	18	4	0	0	0	3	0	0	5	13	0	27	20	90	21	36	18	331	15	0	0	15	0	0	13	0	0	0	47	0	0	0	15	0	5	4	0	0	0	3	0	0	0	13	0	10	0	47	0	10	0	35	14	18	1	0	0	0	0	0	0	0	4	0	0	0	3	0	0	5	13	0	27	20	90	21	36	18	322	15	0	0	15	0	0	13	0	0	0	47	0	0	0	15	0	0	4	0	0	0	3	0	0	0	13	0	0	0	47	0	0	0	15	0	5	1	0	0	0	0	0	0	0	4	0	0	0	3	0	0	0	13	0	10	0	47	0	10	0	35	14	18	0	0	0	0	0	0	0	0	1	0	0	0	0	0	0	0	4	0	0	0	3	0	0	5	13	0	27	20	90	21	36	18
446	435	62	30	17	424	31	0	5	62	30	17	38	0	50	20	163	90	85	35	413	30	0	0	31	0	5	34	0	10	0	91	0	25	0	62	30	17	16	0	8	0	5	0	0	5	38	0	50	20	163	90	85	35	402	30	0	0	30	0	0	34	0	0	0	88	0	0	0	31	0	5	16	0	0	0	5	0	0	0	34	0	10	0	91	0	25	0	62	30	17	6	0	0	0	2	0	0	0	16	0	8	0	5	0	0	5	38	0	50	20	163	90	85	35	391	30	0	0	30	0	0	34	0	0	0	88	0	0	0	30	0	0	16	0	0	0	5	0	0	0	34	0	0	0	88	0	0	0	31	0	5	6	0	0	0	2	0	0	0	16	0	0	0	5	0	0	0	34	0	10	0	91	0	25	0	62	30	17	3	0	0	0	14	0	0	0	6	0	0	0	2	0	0	0	16	0	8	0	5	0	0	5	38	0	50	20	163	90	85	35
454	442	43	50	2	430	12	32	0	43	50	2	10	24	2	0	104	134	6	0	418	12	32	0	12	32	0	10	24	0	0	35	96	0	0	43	50	2	4	0	0	0	2	0	0	0	10	24	2	0	104	134	6	0	406	12	32	0	12	32	0	10	24	0	0	35	96	0	0	12	32	0	4	0	0	0	2	0	0	0	10	24	0	0	35	96	0	0	43	50	2	1	0	0	0	0	0	0	0	4	0	0	0	2	0	0	0	10	24	2	0	104	134	6	0	394	12	32	0	12	32	0	10	24	0	0	35	96	0	0	12	32	0	4	0	0	0	2	0	0	0	10	24	0	0	35	96	0	0	12	32	0	1	0	0	0	0	0	0	0	4	0	0	0	2	0	0	0	10	24	0	0	35	96	0	0	43	50	2	0	0	0	0	2	0	0	0	1	0	0	0	0	0	0	0	4	0	0	0	2	0	0	0	10	24	2	0	104	134	6	0
315	307	38	19	0	299	14	7	0	38	19	0	13	0	0	0	95	58	0	0	291	14	7	0	14	7	0	13	0	0	0	41	28	0	0	38	19	0	4	0	0	0	2	0	0	0	13	0	0	0	95	58	0	0	283	14	7	0	14	7	0	13	0	0	0	41	28	0	0	14	7	0	4	0	0	0	2	0	0	0	13	0	0	0	41	28	0	0	38	19	0	1	0	0	0	0	0	0	0	4	0	0	0	2	0	0	0	13	0	0	0	95	58	0	0	275	14	7	0	14	7	0	13	0	0	0	41	28	0	0	14	7	0	4	0	0	0	2	0	0	0	13	0	0	0	41	28	0	0	14	7	0	1	0	0	0	0	0	0	0	4	0	0	0	2	0	0	0	13	0	0	0	41	28	0	0	38	19	0	0	0	0	0	4	0	0	0	1	0	0	0	0	0	0	0	4	0	0	0	2	0	0	0	13	0	0	0	95	58	0	0
556	542	67	40	52	528	42	0	37	67	40	52	43	0	41	53	174	100	208	17	514	41	0	22	42	0	37	41	0	38	24	120	0	148	5	67	40	52	16	0	10	45	14	0	0	35	43	0	41	53	174	100	208	17	500	41	0	0	41	0	22	41	0	25	0	118	0	88	0	42	0	37	16	0	10	0	7	0	0	0	41	0	38	24	120	0	148	5	67	40	52	13	0	0	0	3	0	0	66	16	0	10	45	14	0	0	35	43	0	41	53	174	100	208	17	486	39	0	0	41	0	0	41	0	0	0	118	0	0	0	41	0	22	16	0	8	0	6	0	0	0	41	0	25	0	118	0	88	0	42	0	37	7	0	0	0	3	0	0	0	16	0	10	0	7	0	0	0	41	0	38	24	120	0	148	5	67	40	52	12	0	0	0	17	20	0	0	13	0	0	0	3	0	0	66	16	0	10	45	14	0	0	35	43	0	41	53	174	100	208	17
764	743	101	174	26	722	47	126	18	101	174	26	41	192	30	16	250	497	130	17	701	45	115	8	47	126	18	36	174	28	0	128	357	90	5	101	174	26	14	145	10	16	29	14	0	35	41	192	30	16	250	497	130	17	680	44	110	0	45	115	8	36	160	16	0	123	325	40	0	47	126	18	11	138	10	0	11	12	0	0	36	174	28	0	128	357	90	5	101	174	26	21	62	0	0	10	12	0	26	14	145	10	16	29	14	0	35	41	192	30	16	250	497	130	17	659	39	108	0	44	110	0	33	156	0	0	120	314	0	0	45	115	8	11	132	8	0	10	12	0	0	36	160	16	0	123	325	40	0	47	126	18	6	60	0	0	4	12	0	0	11	138	10	0	11	12	0	0	36	174	28	0	128	357	90	5	101	174	26	14	24	0	0	17	50	0	0	21	62	0	0	10	12	0	26	14	145	10	16	29	14	0	35	41	192	30	16	250	497	130	17
794	773	68	117	74	752	34	95	31	68	117	74	36	130	10	68	183	316	74	94	731	32	91	5	34	95	31	29	122	8	15	98	281	31	30	68	117	74	12	62	0	20	10	31	0	58	36	130	10	68	183	316	74	94	710	32	90	0	32	91	5	29	120	0	0	91	272	5	0	34	95	31	12	60	0	0	5	30	0	0	29	122	8	15	98	281	31	30	68	117	74	5	15	0	0	5	0	0	5	12	62	0	20	10	31	0	58	36	130	10	68	183	316	74	94	689	32	90	0	32	90	0	29	120	0	0	91	270	0	0	32	91	5	12	60	0	0	5	30	0	0	29	120	0	0	91	272	5	0	34	95	31	5	15	0	0	2	0	0	0	12	60	0	0	5	30	0	0	29	122	8	15	98	281	31	30	68	117	74	3	0	0	0	15	0	0	0	5	15	0	0	5	0	0	5	12	62	0	20	10	31	0	58	36	130	10	68	183	316	74	94
533	519	57	53	31	505	31	33	8	57	53	31	33	22	10	16	145	130	62	37	491	31	33	0	31	33	8	33	22	8	0	85	99	16	10	57	53	31	16	0	0	0	9	0	0	35	33	22	10	16	145	130	62	37	477	31	33	0	31	33	0	33	22	0	0	85	99	0	0	31	33	8	16	0	0	0	5	0	0	0	33	22	8	0	85	99	16	10	57	53	31	6	0	0	0	4	0	0	0	16	0	0	0	9	0	0	35	33	22	10	16	145	130	62	37	463	31	33	0	31	33	0	33	22	0	0	85	99	0	0	31	33	0	16	0	0	0	5	0	0	0	33	22	0	0	85	99	0	0	31	33	8	6	0	0	0	2	0	0	0	16	0	0	0	5	0	0	0	33	22	8	0	85	99	16	10	57	53	31	3	0	0	0	15	0	0	0	6	0	0	0	4	0	0	0	16	0	0	0	9	0	0	35	33	22	10	16	145	130	62	37
428	417	52	31	14	406	32	10	0	52	31	14	29	0	0	0	134	62	42	19	395	32	10	0	32	10	0	29	0	0	0	91	20	0	5	52	31	14	15	0	0	0	10	0	0	0	29	0	0	0	134	62	42	19	384	32	10	0	32	10	0	29	0	0	0	91	20	0	0	32	10	0	15	0	0	0	4	0	0	0	29	0	0	0	91	20	0	5	52	31	14	12	0	0	0	4	0	0	0	15	0	0	0	10	0	0	0	29	0	0	0	134	62	42	19	373	30	10	0	32	10	0	29	0	0	0	91	20	0	0	32	10	0	15	0	0	0	4	0	0	0	29	0	0	0	91	20	0	0	32	10	0	6	0	0	0	2	0	0	0	15	0	0	0	4	0	0	0	29	0	0	0	91	20	0	5	52	31	14	8	0	0	0	11	14	0	0	12	0	0	0	4	0	0	0	15	0	0	0	10	0	0	0	29	0	0	0	134	62	42	19
773	752	85	134	59	731	45	80	42	85	134	59	41	96	38	0	196	351	236	78	710	43	80	42	45	80	42	37	96	38	0	123	240	168	55	85	134	59	13	0	0	0	19	24	0	0	41	96	38	0	196	351	236	78	689	43	80	42	43	80	42	37	96	38	0	119	240	168	30	45	80	42	13	0	0	0	5	0	0	0	37	96	38	0	123	240	168	55	85	134	59	11	0	0	0	8	0	0	0	13	0	0	0	19	24	0	0	41	96	38	0	196	351	236	78	668	41	80	42	43	80	42	37	96	38	0	119	240	168	0	43	80	42	13	0	0	0	5	0	0	0	37	96	38	0	119	240	168	30	45	80	42	5	0	0	0	2	0	0	0	13	0	0	0	5	0	0	0	37	96	38	0	123	240	168	55	85	134	59	8	0	0	0	9	0	0	0	11	0	0	0	8	0	0	0	13	0	0	0	19	24	0	0	41	96	38	0	196	351	236	78
606	590	67	42	72	574	43	28	25	67	42	72	46	14	30	0	165	69	72	197	558	42	28	25	43	28	25	44	14	30	0	122	42	25	94	67	42	72	17	0	0	0	16	13	0	0	46	14	30	0	165	69	72	197	542	42	28	25	42	28	25	44	14	30	0	120	42	25	35	43	28	25	17	0	0	0	6	0	0	0	44	14	30	0	122	42	25	94	67	42	72	12	0	0	0	4	0	0	0	17	0	0	0	16	13	0	0	46	14	30	0	165	69	72	197	526	40	28	25	42	28	25	44	14	30	0	120	42	25	0	42	28	25	17	0	0	0	6	0	0	0	44	14	30	0	120	42	25	35	43	28	25	6	0	0	0	2	0	0	0	17	0	0	0	6	0	0	0	44	14	30	0	122	42	25	94	67	42	72	8	0	0	0	7	0	0	0	12	0	0	0	4	0	0	0	17	0	0	0	16	13	0	0	46	14	30	0	165	69	72	197
649	632	80	71	41	615	44	16	34	80	71	41	54	0	60	0	181	196	205	26	598	40	16	34	44	16	34	42	0	60	0	117	64	170	18	80	71	41	13	0	14	0	16	22	0	0	54	0	60	0	181	196	205	26	581	40	16	34	40	16	34	42	0	60	0	109	64	170	8	44	16	34	13	0	14	0	5	0	0	0	42	0	60	0	117	64	170	18	80	71	41	11	0	0	0	2	0	0	0	13	0	14	0	16	22	0	0	54	0	60	0	181	196	205	26	564	38	16	34	40	16	34	42	0	60	0	109	64	170	0	40	16	34	13	0	14	0	5	0	0	0	42	0	60	0	109	64	170	8	44	16	34	5	0	0	0	2	0	0	0	13	0	14	0	5	0	0	0	42	0	60	0	117	64	170	18	80	71	41	8	0	0	0	6	0	0	0	11	0	0	0	2	0	0	0	13	0	14	0	16	22	0	0	54	0	60	0	181	196	205	26
622	606	61	28	82	590	37	0	46	61	28	82	35	0	46	31	148	56	164	123	574	35	0	45	37	0	46	31	0	44	30	102	0	92	63	61	28	82	11	0	0	10	14	28	0	0	35	0	46	31	148	56	164	123	558	35	0	42	35	0	45	31	0	44	25	98	0	90	30	37	0	46	11	0	0	9	3	0	0	0	31	0	44	30	102	0	92	63	61	28	82	12	0	0	25	2	0	0	0	11	0	0	10	14	28	0	0	35	0	46	31	148	56	164	123	542	32	0	22	35	0	42	31	0	42	0	98	0	84	0	35	0	45	11	0	0	0	3	0	0	0	31	0	44	25	98	0	90	30	37	0	46	5	0	0	0	2	0	0	0	11	0	0	9	3	0	0	0	31	0	44	30	102	0	92	63	61	28	82	9	0	12	21	6	0	0	61	12	0	0	25	2	0	0	0	11	0	0	10	14	28	0	0	35	0	46	31	148	56	164	123
659	641	85	110	50	623	49	81	20	85	110	50	53	24	12	60	205	297	150	92	605	46	81	18	49	81	20	44	24	10	52	135	246	60	55	85	110	50	21	0	0	16	18	33	0	0	53	24	12	60	205	297	150	92	587	45	75	8	46	81	18	44	24	10	16	127	246	54	30	49	81	20	18	0	0	0	7	15	0	0	44	24	10	52	135	246	60	55	85	110	50	19	54	0	16	7	14	0	35	21	0	0	16	18	33	0	0	53	24	12	60	205	297	150	92	569	40	51	0	45	75	8	41	18	8	0	124	231	24	0	46	81	18	18	0	0	0	7	15	0	0	44	24	10	16	127	246	54	30	49	81	20	9	0	0	0	4	12	0	0	18	0	0	0	7	15	0	0	44	24	10	52	135	246	60	55	85	110	50	8	69	26	0	13	42	100	26	19	54	0	16	7	14	0	35	21	0	0	16	18	33	0	0	53	24	12	60	205	297	150	92
552	537	48	39	79	522	32	26	33	48	39	79	31	13	0	88	113	64	79	150	507	30	26	33	32	26	33	27	13	0	88	88	52	33	96	48	39	79	2	0	0	0	4	0	0	0	31	13	0	88	113	64	79	150	492	28	26	33	30	26	33	27	13	0	88	84	52	33	94	32	26	33	2	0	0	0	4	0	0	0	27	13	0	88	88	52	33	96	48	39	79	0	0	18	0	1	0	0	0	2	0	0	0	4	0	0	0	31	13	0	88	113	64	79	150	477	27	26	33	28	26	33	25	13	0	88	79	52	33	84	30	26	33	2	0	0	0	4	0	0	0	27	13	0	88	84	52	33	94	32	26	33	0	0	0	0	1	0	0	0	2	0	0	0	4	0	0	0	27	13	0	88	88	52	33	96	48	39	79	3	0	9	0	3	0	0	0	0	0	18	0	1	0	0	0	2	0	0	0	4	0	0	0	31	13	0	88	113	64	79	150
756	736	55	53	131	716	34	17	62	55	53	131	32	34	56	69	129	89	262	304	696	29	0	60	34	17	62	22	0	54	65	93	34	124	167	55	53	131	2	0	40	20	3	0	131	0	32	34	56	69	129	89	262	304	676	24	0	60	29	0	60	18	0	54	65	79	0	120	164	34	17	62	0	0	40	20	3	0	62	0	22	0	54	65	93	34	124	167	55	53	131	0	0	52	0	1	0	0	0	2	0	40	20	3	0	131	0	32	34	56	69	129	89	262	304	656	22	0	58	24	0	60	15	0	54	61	65	0	120	151	29	0	60	0	0	40	16	3	0	60	0	18	0	54	65	79	0	120	164	34	17	62	0	0	32	0	1	0	0	0	0	0	40	20	3	0	62	0	22	0	54	65	93	34	124	167	55	53	131	3	0	23	16	3	0	0	0	0	0	52	0	1	0	0	0	2	0	40	20	3	0	131	0	32	34	56	69	129	89	262	304
453	441	31	27	41	429	15	0	15	31	27	41	17	0	16	15	68	45	123	100	417	13	0	15	15	0	15	13	0	14	15	40	0	45	76	31	27	41	0	0	0	0	1	0	0	0	17	0	16	15	68	45	123	100	405	13	0	15	13	0	15	13	0	14	15	36	0	45	76	15	0	15	0	0	0	0	1	0	0	0	13	0	14	15	40	0	45	76	31	27	41	0	0	0	0	0	0	0	0	0	0	0	0	1	0	0	0	17	0	16	15	68	45	123	100	393	13	0	15	13	0	15	13	0	14	15	36	0	45	76	13	0	15	0	0	0	0	1	0	0	0	13	0	14	15	36	0	45	76	15	0	15	0	0	0	0	0	0	0	0	0	0	0	0	1	0	0	0	13	0	14	15	40	0	45	76	31	27	41	0	0	0	0	0	0	0	0	0	0	0	0	0	0	0	0	0	0	0	0	1	0	0	0	17	0	16	15	68	45	123	100
600	583	55	95	54	566	25	69	7	55	95	54	17	90	16	7	113	214	108	232	549	23	60	7	25	69	7	10	72	14	7	63	174	14	142	55	95	54	0	0	0	0	2	12	54	0	17	90	16	7	113	214	108	232	532	21	60	7	23	60	7	10	72	14	7	57	156	14	139	25	69	7	0	0	0	0	2	12	7	0	10	72	14	7	63	174	14	142	55	95	54	0	0	18	0	1	0	0	0	0	0	0	0	2	12	54	0	17	90	16	7	113	214	108	232	515	20	60	7	21	60	7	8	72	14	7	52	156	14	126	23	60	7	0	0	0	0	2	12	7	0	10	72	14	7	57	156	14	139	25	69	7	0	0	0	0	1	0	0	0	0	0	0	0	2	12	7	0	10	72	14	7	63	174	14	142	55	95	54	3	0	9	0	3	0	0	0	0	0	18	0	1	0	0	0	0	0	0	0	2	12	54	0	17	90	16	7	113	214	108	232
376	366	29	24	19	356	12	0	7	29	24	19	11	0	16	7	59	42	76	41	346	10	0	7	12	0	7	7	0	14	7	28	0	28	34	29	24	19	0	0	0	0	1	0	0	0	11	0	16	7	59	42	76	41	336	10	0	7	10	0	7	7	0	14	7	24	0	28	34	12	0	7	0	0	0	0	1	0	0	0	7	0	14	7	28	0	28	34	29	24	19	0	0	0	0	0	0	0	0	0	0	0	0	1	0	0	0	11	0	16	7	59	42	76	41	326	10	0	7	10	0	7	7	0	14	7	24	0	28	34	10	0	7	0	0	0	0	1	0	0	0	7	0	14	7	24	0	28	34	12	0	7	0	0	0	0	0	0	0	0	0	0	0	0	1	0	0	0	7	0	14	7	28	0	28	34	29	24	19	0	0	0	0	0	0	0	0	0	0	0	0	0	0	0	0	0	0	0	0	1	0	0	0	11	0	16	7	59	42	76	41
480	467	31	12	87	454	13	0	28	31	12	87	12	0	70	52	73	24	87	324	441	11	0	27	13	0	28	8	0	40	48	33	0	28	124	31	12	87	0	0	22	7	2	0	0	0	12	0	70	52	73	24	87	324	428	11	0	27	11	0	27	8	0	40	48	28	0	27	122	13	0	28	0	0	20	7	2	0	0	0	8	0	40	48	33	0	28	124	31	12	87	0	0	0	0	0	0	0	0	0	0	22	7	2	0	0	0	12	0	70	52	73	24	87	324	415	11	0	27	11	0	27	8	0	40	48	28	0	27	122	11	0	27	0	0	20	7	2	0	0	0	8	0	40	48	28	0	27	122	13	0	28	0	0	0	0	0	0	0	0	0	0	20	7	2	0	0	0	8	0	40	48	33	0	28	124	31	12	87	0	0	0	0	0	0	0	0	0	0	0	0	0	0	0	0	0	0	22	7	2	0	0	0	12	0	70	52	73	24	87	324
515	501	25	33	58	487	7	0	38	25	33	58	3	0	38	42	55	66	174	60	473	7	0	37	7	0	38	3	0	36	38	19	0	114	22	25	33	58	0	0	0	7	1	0	0	0	3	0	38	42	55	66	174	60	459	7	0	37	7	0	37	3	0	36	38	19	0	111	22	7	0	38	0	0	0	7	1	0	0	0	3	0	36	38	19	0	114	22	25	33	58	0	0	0	0	0	0	0	0	0	0	0	7	1	0	0	0	3	0	38	42	55	66	174	60	445	7	0	37	7	0	37	3	0	36	38	19	0	111	22	7	0	37	0	0	0	7	1	0	0	0	3	0	36	38	19	0	111	22	7	0	38	0	0	0	0	0	0	0	0	0	0	0	7	1	0	0	0	3	0	36	38	19	0	114	22	25	33	58	0	0	0	0	0	0	0	0	0	0	0	0	0	0	0	0	0	0	0	7	1	0	0	0	3	0	38	42	55	66	174	60
329	320	25	20	8	311	7	0	8	25	20	8	3	0	16	0	50	45	32	0	302	7	0	8	7	0	8	3	0	16	0	19	0	32	0	25	20	8	0	0	0	0	1	0	0	0	3	0	16	0	50	45	32	0	293	7	0	8	7	0	8	3	0	16	0	19	0	32	0	7	0	8	0	0	0	0	1	0	0	0	3	0	16	0	19	0	32	0	25	20	8	0	0	0	0	0	0	0	0	0	0	0	0	1	0	0	0	3	0	16	0	50	45	32	0	284	7	0	8	7	0	8	3	0	16	0	19	0	32	0	7	0	8	0	0	0	0	1	0	0	0	3	0	16	0	19	0	32	0	7	0	8	0	0	0	0	0	0	0	0	0	0	0	0	1	0	0	0	3	0	16	0	19	0	32	0	25	20	8	0	0	0	0	0	0	0	0	0	0	0	0	0	0	0	0	0	0	0	0	1	0	0	0	3	0	16	0	50	45	32	0
426	414	34	36	43	402	13	20	10	34	36	43	9	0	48	10	70	70	86	204	390	13	20	10	13	20	10	9	0	20	10	30	30	20	76	34	36	43	0	0	0	0	2	0	0	0	9	0	48	10	70	70	86	204	378	13	20	10	13	20	10	9	0	20	10	30	30	20	74	13	20	10	0	0	0	0	2	0	0	0	9	0	20	10	30	30	20	76	34	36	43	0	0	0	0	0	0	0	0	0	0	0	0	2	0	0	0	9	0	48	10	70	70	86	204	366	13	20	10	13	20	10	9	0	20	10	30	30	20	74	13	20	10	0	0	0	0	2	0	0	0	9	0	20	10	30	30	20	74	13	20	10	0	0	0	0	0	0	0	0	0	0	0	0	2	0	0	0	9	0	20	10	30	30	20	76	34	36	43	0	0	0	0	0	0	0	0	0	0	0	0	0	0	0	0	0	0	0	0	2	0	0	0	9	0	48	10	70	70	86	204
258	251	16	6	15	244	4	0	0	16	6	15	1	0	0	0	35	12	15	60	237	4	0	0	4	0	0	1	0	0	0	11	0	0	22	16	6	15	0	0	0	0	1	0	0	0	1	0	0	0	35	12	15	60	230	4	0	0	4	0	0	1	0	0	0	11	0	0	22	4	0	0	0	0	0	0	1	0	0	0	1	0	0	0	11	0	0	22	16	6	15	0	0	0	0	0	0	0	0	0	0	0	0	1	0	0	0	1	0	0	0	35	12	15	60	223	4	0	0	4	0	0	1	0	0	0	11	0	0	22	4	0	0	0	0	0	0	1	0	0	0	1	0	0	0	11	0	0	22	4	0	0	0	0	0	0	0	0	0	0	0	0	0	0	1	0	0	0	1	0	0	0	11	0	0	22	16	6	15	0	0	0	0	0	0	0	0	0	0	0	0	0	0	0	0	0	0	0	0	1	0	0	0	1	0	0	0	35	12	15	60
323	314	22	8	36	305	9	0	18	22	8	36	6	0	0	16	50	8	36	66	296	9	0	18	9	0	18	6	0	0	16	29	0	18	46	22	8	36	2	0	0	0	2	0	0	0	6	0	0	16	50	8	36	66	287	9	0	18	9	0	18	6	0	0	16	29	0	18	45	9	0	18	2	0	0	0	2	0	0	0	6	0	0	16	29	0	18	46	22	8	36	0	0	0	0	1	0	0	0	2	0	0	0	2	0	0	0	6	0	0	16	50	8	36	66	278	9	0	18	9	0	18	6	0	0	16	29	0	18	45	9	0	18	2	0	0	0	2	0	0	0	6	0	0	16	29	0	18	45	9	0	18	0	0	0	0	0	0	0	0	2	0	0	0	2	0	0	0	6	0	0	16	29	0	18	46	22	8	36	1	0	0	0	3	0	0	0	0	0	0	0	1	0	0	0	2	0	0	0	2	0	0	0	6	0	0	16	50	8	36	66
428	416	30	32	46	404	11	0	40	30	32	46	7	0	24	60	67	64	184	0	392	11	0	38	11	0	40	7	0	22	56	34	0	160	0	30	32	46	2	0	0	20	2	0	0	0	7	0	24	60	67	64	184	0	380	11	0	38	11	0	38	7	0	20	56	34	0	152	0	11	0	40	2	0	0	20	2	0	0	0	7	0	22	56	34	0	160	0	30	32	46	0	0	0	0	2	0	0	0	2	0	0	20	2	0	0	0	7	0	24	60	67	64	184	0	368	11	0	38	11	0	38	7	0	20	56	34	0	152	0	11	0	38	2	0	0	20	2	0	0	0	7	0	20	56	34	0	152	0	11	0	40	0	0	0	0	0	0	0	0	2	0	0	20	2	0	0	0	7	0	22	56	34	0	160	0	30	32	46	1	0	0	0	6	0	0	0	0	0	0	0	2	0	0	0	2	0	0	20	2	0	0	0	7	0	24	60	67	64	184	0
597	580	43	57	98	563	20	30	48	43	57	98	17	15	24	96	88	149	196	211	546	19	30	20	20	30	48	12	15	22	40	48	120	96	84	43	57	98	2	0	0	20	2	15	0	185	17	15	24	96	88	149	196	211	529	19	30	20	19	30	20	12	15	20	40	44	120	40	82	20	30	48	2	0	0	20	2	15	0	69	12	15	22	40	48	120	96	84	43	57	98	0	0	0	0	1	0	0	0	2	0	0	20	2	15	0	185	17	15	24	96	88	149	196	211	512	19	30	20	19	30	20	12	15	20	40	44	120	40	82	19	30	20	2	0	0	20	2	15	0	67	12	15	20	40	44	120	40	82	20	30	48	0	0	0	0	0	0	0	0	2	0	0	20	2	15	0	69	12	15	22	40	48	120	96	84	43	57	98	1	0	0	0	3	0	0	0	0	0	0	0	1	0	0	0	2	0	0	20	2	15	0	185	17	15	24	96	88	149	196	211
442	429	39	53	24	416	17	30	0	39	53	24	7	20	0	0	77	113	72	109	403	17	30	0	17	30	0	7	20	0	0	44	80	0	56	39	53	24	2	0	0	0	3	0	0	0	7	20	0	0	77	113	72	109	390	17	30	0	17	30	0	7	20	0	0	44	80	0	55	17	30	0	2	0	0	0	3	0	0	0	7	20	0	0	44	80	0	56	39	53	24	0	0	0	0	1	0	0	0	2	0	0	0	3	0	0	0	7	20	0	0	77	113	72	109	377	17	30	0	17	30	0	7	20	0	0	44	80	0	55	17	30	0	2	0	0	0	3	0	0	0	7	20	0	0	44	80	0	55	17	30	0	0	0	0	0	0	0	0	0	2	0	0	0	3	0	0	0	7	20	0	0	44	80	0	56	39	53	24	1	0	0	0	3	0	0	0	0	0	0	0	1	0	0	0	2	0	0	0	3	0	0	0	7	20	0	0	77	113	72	109
285	277	25	15	5	269	11	0	0	25	15	5	7	0	0	0	56	20	15	8	261	11	0	0	11	0	0	7	0	0	0	34	0	0	8	25	15	5	2	0	0	0	2	0	0	0	7	0	0	0	56	20	15	8	253	11	0	0	11	0	0	7	0	0	0	34	0	0	8	11	0	0	2	0	0	0	2	0	0	0	7	0	0	0	34	0	0	8	25	15	5	0	0	0	0	1	0	0	0	2	0	0	0	2	0	0	0	7	0	0	0	56	20	15	8	245	11	0	0	11	0	0	7	0	0	0	34	0	0	8	11	0	0	2	0	0	0	2	0	0	0	7	0	0	0	34	0	0	8	11	0	0	0	0	0	0	0	0	0	0	2	0	0	0	2	0	0	0	7	0	0	0	34	0	0	8	25	15	5	1	0	0	0	3	0	0	0	0	0	0	0	1	0	0	0	2	0	0	0	2	0	0	0	7	0	0	0	56	20	15	8
534	518	59	64	67	502	30	50	24	59	64	67	19	38	12	24	139	202	67	209	486	29	48	23	30	50	24	14	36	12	22	82	161	24	106	59	64	67	7	24	0	11	9	12	0	0	19	38	12	24	139	202	67	209	470	28	48	19	29	48	23	14	36	12	20	78	156	23	76	30	50	24	4	24	0	10	5	12	0	0	14	36	12	22	82	161	24	106	59	64	67	13	0	0	37	6	11	0	0	7	24	0	11	9	12	0	0	19	38	12	24	139	202	67	209	454	25	47	10	28	48	19	11	36	9	20	75	156	19	76	29	48	23	4	24	0	10	5	12	0	0	14	36	12	20	78	156	23	76	30	50	24	4	0	0	10	2	0	0	0	4	24	0	10	5	12	0	0	14	36	12	22	82	161	24	106	59	64	67	7	11	0	0	10	33	0	50	13	0	0	37	6	11	0	0	7	24	0	11	9	12	0	0	19	38	12	24	139	202	67	209
521	506	51	44	84	491	25	0	74	51	44	84	20	0	97	24	132	110	336	46	476	24	0	73	25	0	74	16	0	97	22	70	0	296	40	51	44	84	9	0	15	11	17	0	0	0	20	0	97	24	132	110	336	46	461	23	0	68	24	0	73	16	0	97	20	67	0	292	38	25	0	74	6	0	15	10	5	0	0	0	16	0	97	22	70	0	296	40	51	44	84	13	0	0	51	9	11	0	0	9	0	15	11	17	0	0	0	20	0	97	24	132	110	336	46	446	20	0	56	23	0	68	13	0	93	20	64	0	272	38	24	0	73	6	0	15	10	4	0	0	0	16	0	97	20	67	0	292	38	25	0	74	4	0	0	22	2	0	0	0	6	0	15	10	5	0	0	0	16	0	97	22	70	0	296	40	51	44	84	8	0	0	38	13	33	0	50	13	0	0	51	9	11	0	0	9	0	15	11	17	0	0	0	20	0	97	24	132	110	336	46
383	372	31	18	38	361	13	0	18	31	18	38	9	0	34	0	82	27	76	75	350	13	0	18	13	0	18	9	0	34	0	37	0	36	40	31	18	38	2	0	0	0	7	0	0	0	9	0	34	0	82	27	76	75	339	13	0	18	13	0	18	9	0	34	0	37	0	36	38	13	0	18	2	0	0	0	1	0	0	0	9	0	34	0	37	0	36	40	31	18	38	0	0	0	0	4	0	0	0	2	0	0	0	7	0	0	0	9	0	34	0	82	27	76	75	328	13	0	18	13	0	18	9	0	34	0	37	0	36	38	13	0	18	2	0	0	0	1	0	0	0	9	0	34	0	37	0	36	38	13	0	18	0	0	0	0	0	0	0	0	2	0	0	0	1	0	0	0	9	0	34	0	37	0	36	40	31	18	38	1	0	0	0	9	0	0	0	0	0	0	0	4	0	0	0	2	0	0	0	7	0	0	0	9	0	34	0	82	27	76	75
369	358	31	27	33	347	13	18	0	31	27	33	9	9	0	0	81	53	33	173	336	13	18	0	13	18	0	9	9	0	0	40	45	0	88	31	27	33	2	0	0	0	4	0	0	0	9	9	0	0	81	53	33	173	325	13	18	0	13	18	0	9	9	0	0	40	45	0	58	13	18	0	2	0	0	0	2	0	0	0	9	9	0	0	40	45	0	88	31	27	33	0	0	0	0	3	0	0	0	2	0	0	0	4	0	0	0	9	9	0	0	81	53	33	173	314	13	18	0	13	18	0	9	9	0	0	40	45	0	58	13	18	0	2	0	0	0	2	0	0	0	9	9	0	0	40	45	0	58	13	18	0	0	0	0	0	0	0	0	0	2	0	0	0	2	0	0	0	9	9	0	0	40	45	0	88	31	27	33	1	0	0	0	9	0	0	0	0	0	0	0	3	0	0	0	2	0	0	0	4	0	0	0	9	9	0	0	81	53	33	173
419	406	54	59	0	393	21	36	0	54	59	0	18	27	0	0	128	161	0	0	380	20	36	0	21	36	0	14	27	0	0	59	99	0	0	54	59	0	9	0	0	0	17	4	0	0	18	27	0	0	128	161	0	0	367	19	36	0	20	36	0	14	27	0	0	55	99	0	0	21	36	0	6	0	0	0	4	0	0	0	14	27	0	0	59	99	0	0	54	59	0	13	0	0	0	11	4	0	0	9	0	0	0	17	4	0	0	18	27	0	0	128	161	0	0	354	16	36	0	19	36	0	11	27	0	0	52	99	0	0	20	36	0	6	0	0	0	4	0	0	0	14	27	0	0	55	99	0	0	21	36	0	4	0	0	0	2	0	0	0	6	0	0	0	4	0	0	0	14	27	0	0	59	99	0	0	54	59	0	9	0	0	0	10	12	0	0	13	0	0	0	11	4	0	0	9	0	0	0	17	4	0	0	18	27	0	0	128	161	0	0
474	460	51	24	89	446	32	0	60	51	24	89	41	0	28	58	143	60	178	122	432	25	0	60	32	0	60	27	0	27	58	89	0	120	92	51	24	89	15	0	36	0	18	36	0	0	41	0	28	58	143	60	178	122	418	21	0	60	25	0	60	19	0	27	58	63	0	120	91	32	0	60	8	0	36	0	6	0	0	0	27	0	27	58	89	0	120	92	51	24	89	15	0	24	0	10	12	0	0	15	0	36	0	18	36	0	0	41	0	28	58	143	60	178	122	404	17	0	59	21	0	60	14	0	27	57	53	0	120	86	25	0	60	5	0	36	0	6	0	0	0	19	0	27	58	63	0	120	91	32	0	60	5	0	24	0	7	0	0	0	8	0	36	0	6	0	0	0	27	0	27	58	89	0	120	92	51	24	89	8	0	12	14	4	0	0	0	15	0	24	0	10	12	0	0	15	0	36	0	18	36	0	0	41	0	28	58	143	60	178	122
373	362	38	10	57	351	21	0	23	38	10	57	21	0	16	23	100	30	57	155	340	19	0	23	21	0	23	14	0	15	23	56	0	23	92	38	10	57	7	0	0	0	15	10	0	0	21	0	16	23	100	30	57	155	329	18	0	23	19	0	23	14	0	15	23	49	0	23	91	21	0	23	4	0	0	0	2	0	0	0	14	0	15	23	56	0	23	92	38	10	57	13	0	0	0	6	0	0	0	7	0	0	0	15	10	0	0	21	0	16	23	100	30	57	155	318	15	0	23	18	0	23	11	0	15	23	46	0	23	86	19	0	23	4	0	0	0	2	0	0	0	14	0	15	23	49	0	23	91	21	0	23	4	0	0	0	2	0	0	0	4	0	0	0	2	0	0	0	14	0	15	23	56	0	23	92	38	10	57	4	0	0	0	1	0	0	0	13	0	0	0	6	0	0	0	7	0	0	0	15	10	0	0	21	0	16	23	100	30	57	155
641	621	85	139	68	601	46	104	39	85	139	68	54	74	28	39	228	370	204	151	581	37	97	39	46	104	39	33	73	27	39	134	297	117	98	85	139	68	15	89	36	0	29	58	0	0	54	74	28	39	228	370	204	151	561	32	74	39	37	97	39	23	61	27	39	100	275	117	96	46	104	39	7	56	36	0	12	26	0	0	33	73	27	39	134	297	117	98	85	139	68	5	145	24	0	16	38	68	0	15	89	36	0	29	58	0	0	54	74	28	39	228	370	204	151	541	26	40	36	32	74	39	19	27	27	33	89	205	117	87	37	97	39	3	53	36	0	12	26	0	0	23	61	27	39	100	275	117	96	46	104	39	2	52	24	0	8	26	39	0	7	56	36	0	12	26	0	0	33	73	27	39	134	297	117	98	85	139	68	11	55	65	27	9	14	204	0	5	145	24	0	16	38	68	0	15	89	36	0	29	58	0	0	54	74	28	39	228	370	204	151
557	540	62	85	61	523	29	40	55	62	85	61	32	55	53	23	172	232	244	0	506	24	30	55	29	40	55	21	15	52	23	77	115	220	0	62	85	61	12	0	30	0	25	30	61	0	32	55	53	23	172	232	244	0	489	21	30	55	24	30	55	17	15	52	23	62	75	220	0	29	40	55	5	0	30	0	10	0	55	0	21	15	52	23	77	115	220	0	62	85	61	14	0	15	0	13	10	0	0	12	0	30	0	25	30	61	0	32	55	53	23	172	232	244	0	472	18	30	55	21	30	55	14	15	52	23	55	75	220	0	24	30	55	5	0	30	0	10	0	55	0	17	15	52	23	62	75	220	0	29	40	55	5	0	15	0	7	0	0	0	5	0	30	0	10	0	55	0	21	15	52	23	77	115	220	0	62	85	61	12	0	0	0	7	0	0	0	14	0	15	0	13	10	0	0	12	0	30	0	25	30	61	0	32	55	53	23	172	232	244	0
442	428	54	68	15	414	26	40	0	54	68	15	27	40	0	0	147	144	60	84	400	22	40	0	26	40	0	16	40	0	0	71	80	0	74	54	68	15	10	0	0	0	26	18	0	0	27	40	0	0	147	144	60	84	386	20	40	0	22	40	0	14	40	0	0	57	80	0	73	26	40	0	5	0	0	0	10	0	0	0	16	40	0	0	71	80	0	74	54	68	15	14	0	0	0	13	6	0	0	10	0	0	0	26	18	0	0	27	40	0	0	147	144	60	84	372	17	40	0	20	40	0	11	40	0	0	52	80	0	68	22	40	0	5	0	0	0	10	0	0	0	14	40	0	0	57	80	0	73	26	40	0	5	0	0	0	7	0	0	0	5	0	0	0	10	0	0	0	16	40	0	0	71	80	0	74	54	68	15	12	0	0	0	7	0	0	0	14	0	0	0	13	6	0	0	10	0	0	0	26	18	0	0	27	40	0	0	147	144	60	84
490	475	56	47	98	460	30	11	43	56	47	98	34	33	84	103	152	152	294	290	445	24	0	42	30	11	43	22	0	66	99	73	33	129	177	56	47	98	12	0	54	15	14	0	98	0	34	33	84	103	152	152	294	290	430	19	0	42	24	0	42	15	0	66	99	56	0	126	177	30	11	43	7	0	39	15	12	0	43	0	22	0	66	99	73	33	129	177	56	47	98	5	0	44	0	9	0	0	0	12	0	54	15	14	0	98	0	34	33	84	103	152	152	294	290	415	19	0	42	19	0	42	15	0	66	99	45	0	126	177	24	0	42	7	0	39	15	12	0	42	0	15	0	66	99	56	0	126	177	30	11	43	5	0	12	0	7	0	0	0	7	0	39	15	12	0	43	0	22	0	66	99	73	33	129	177	56	47	98	8	0	0	0	5	0	0	0	5	0	44	0	9	0	0	0	12	0	54	15	14	0	98	0	34	33	84	103	152	152	294	290
425	412	50	36	48	399	23	0	30	50	36	48	25	0	66	22	131	108	192	76	386	19	0	30	23	0	30	16	0	54	22	53	0	120	55	50	36	48	5	0	16	0	10	0	0	0	25	0	66	22	131	108	192	76	373	18	0	30	19	0	30	14	0	54	22	41	0	120	55	23	0	30	3	0	15	0	10	0	0	0	16	0	54	22	53	0	120	55	50	36	48	1	0	0	0	5	0	0	0	5	0	16	0	10	0	0	0	25	0	66	22	131	108	192	76	360	18	0	30	18	0	30	14	0	54	22	39	0	120	55	19	0	30	3	0	15	0	10	0	0	0	14	0	54	22	41	0	120	55	23	0	30	1	0	0	0	5	0	0	0	3	0	15	0	10	0	0	0	16	0	54	22	53	0	120	55	50	36	48	4	0	0	0	3	0	0	0	1	0	0	0	5	0	0	0	5	0	16	0	10	0	0	0	25	0	66	22	131	108	192	76
491	475	79	96	38	459	41	72	0	79	96	38	43	96	10	0	210	293	76	233	443	35	55	0	41	72	0	29	62	0	0	110	202	0	154	79	96	38	23	26	10	0	26	56	76	0	43	96	10	0	210	293	76	233	427	27	47	0	35	55	0	24	48	0	0	94	146	0	154	41	72	0	10	12	0	0	14	48	0	0	29	62	0	0	110	202	0	154	79	96	38	17	11	30	0	17	61	38	0	23	26	10	0	26	56	76	0	43	96	10	0	210	293	76	233	411	24	43	0	27	47	0	16	46	0	0	72	128	0	154	35	55	0	9	12	0	0	14	43	0	0	24	48	0	0	94	146	0	154	41	72	0	9	9	0	0	9	54	0	0	10	12	0	0	14	48	0	0	29	62	0	0	110	202	0	154	79	96	38	16	40	0	0	10	37	0	0	17	11	30	0	17	61	38	0	23	26	10	0	26	56	76	0	43	96	10	0	210	293	76	233
314	304	50	24	26	294	28	16	0	50	24	26	35	8	10	0	140	70	26	144	284	21	16	0	28	16	0	19	8	0	0	70	32	0	94	50	24	26	9	0	10	0	12	27	0	0	35	8	10	0	140	70	26	144	274	17	16	0	21	16	0	14	8	0	0	51	32	0	94	28	16	0	7	0	0	0	9	24	0	0	19	8	0	0	70	32	0	94	50	24	26	5	0	30	0	7	0	0	0	9	0	10	0	12	27	0	0	35	8	10	0	140	70	26	144	264	17	16	0	17	16	0	14	8	0	0	41	32	0	94	21	16	0	7	0	0	0	9	24	0	0	14	8	0	0	51	32	0	94	28	16	0	5	0	0	0	7	0	0	0	7	0	0	0	9	24	0	0	19	8	0	0	70	32	0	94	50	24	26	8	0	0	0	4	0	0	0	5	0	30	0	7	0	0	0	9	0	10	0	12	27	0	0	35	8	10	0	140	70	26	144
162	157	21	6	0	152	8	0	0	21	6	0	5	0	0	0	51	16	0	0	147	8	0	0	8	0	0	5	0	0	0	15	0	0	0	21	6	0	2	0	0	0	6	0	0	0	5	0	0	0	51	16	0	0	142	8	0	0	8	0	0	5	0	0	0	15	0	0	0	8	0	0	2	0	0	0	6	0	0	0	5	0	0	0	15	0	0	0	21	6	0	0	0	0	0	0	0	0	0	2	0	0	0	6	0	0	0	5	0	0	0	51	16	0	0	137	8	0	0	8	0	0	5	0	0	0	15	0	0	0	8	0	0	2	0	0	0	6	0	0	0	5	0	0	0	15	0	0	0	8	0	0	0	0	0	0	0	0	0	0	2	0	0	0	6	0	0	0	5	0	0	0	15	0	0	0	21	6	0	0	0	0	0	0	0	0	0	0	0	0	0	0	0	0	0	2	0	0	0	6	0	0	0	5	0	0	0	51	16	0	0
319	309	26	9	49	299	9	0	24	26	9	49	5	0	29	40	56	9	49	146	289	9	0	23	9	0	24	5	0	16	38	16	0	24	73	26	9	49	2	0	0	15	3	0	0	0	5	0	29	40	56	9	49	146	279	9	0	23	9	0	23	5	0	15	38	16	0	23	72	9	0	24	2	0	0	15	3	0	0	0	5	0	16	38	16	0	24	73	26	9	49	0	0	0	0	0	0	0	0	2	0	0	15	3	0	0	0	5	0	29	40	56	9	49	146	269	9	0	23	9	0	23	5	0	15	38	16	0	23	72	9	0	23	2	0	0	15	3	0	0	0	5	0	15	38	16	0	23	72	9	0	24	0	0	0	0	0	0	0	0	2	0	0	15	3	0	0	0	5	0	16	38	16	0	24	73	26	9	49	0	0	0	0	0	0	0	0	0	0	0	0	0	0	0	0	2	0	0	15	3	0	0	0	5	0	29	40	56	9	49	146
341	330	33	31	35	319	10	10	33	33	31	35	7	0	41	22	65	62	105	0	308	9	10	31	10	10	33	5	0	39	20	16	20	99	0	33	31	35	2	0	15	24	6	0	0	0	7	0	41	22	65	62	105	0	297	9	10	31	9	10	31	5	0	35	20	15	20	93	0	10	10	33	2	0	14	24	3	0	0	0	5	0	39	20	16	20	99	0	33	31	35	0	0	0	0	4	0	0	0	2	0	15	24	6	0	0	0	7	0	41	22	65	62	105	0	286	9	10	31	9	10	31	5	0	35	20	15	20	93	0	9	10	31	2	0	12	24	3	0	0	0	5	0	35	20	15	20	93	0	10	10	33	0	0	0	0	0	0	0	0	2	0	14	24	3	0	0	0	5	0	39	20	16	20	99	0	33	31	35	0	0	0	0	2	0	0	0	0	0	0	0	4	0	0	0	2	0	15	24	6	0	0	0	7	0	41	22	65	62	105	0
540	523	52	52	101	506	24	0	66	52	52	101	18	0	84	94	117	130	404	184	489	22	0	53	24	0	66	14	0	55	50	53	0	264	73	52	52	101	6	0	22	39	15	0	0	61	18	0	84	94	117	130	404	184	472	22	0	53	22	0	53	14	0	50	50	50	0	212	72	24	0	66	6	0	14	39	10	0	0	55	14	0	55	50	53	0	264	73	52	52	101	5	0	0	0	14	0	0	0	6	0	22	39	15	0	0	61	18	0	84	94	117	130	404	184	455	22	0	53	22	0	53	14	0	50	50	50	0	212	72	22	0	53	6	0	12	39	9	0	0	55	14	0	50	50	50	0	212	72	24	0	66	5	0	0	0	8	0	0	0	6	0	14	39	10	0	0	55	14	0	55	50	53	0	264	73	52	52	101	9	0	0	0	8	0	0	0	5	0	0	0	14	0	0	0	6	0	22	39	15	0	0	61	18	0	84	94	117	130	404	184
570	551	64	115	51	532	26	62	14	64	115	51	25	47	55	14	149	278	255	210	513	21	60	12	26	62	14	12	45	28	12	63	123	70	73	64	115	51	4	30	22	24	18	45	0	0	25	47	55	14	149	278	255	210	494	21	60	12	21	60	12	12	45	24	12	54	120	60	72	26	62	14	4	30	14	24	10	45	0	0	12	45	28	12	63	123	70	73	64	115	51	5	0	0	0	18	0	0	0	4	30	22	24	18	45	0	0	25	47	55	14	149	278	255	210	475	21	60	12	21	60	12	12	45	24	12	54	120	60	72	21	60	12	4	30	12	24	9	45	0	0	12	45	24	12	54	120	60	72	26	62	14	5	0	0	0	8	0	0	0	4	30	14	24	10	45	0	0	12	45	28	12	63	123	70	73	64	115	51	9	0	0	0	9	0	0	0	5	0	0	0	18	0	0	0	4	30	22	24	18	45	0	0	25	47	55	14	149	278	255	210
301	291	27	29	11	281	8	16	0	27	29	11	4	8	0	0	54	43	22	48	271	8	16	0	8	16	0	4	8	0	0	14	24	0	30	27	29	11	2	0	0	0	4	0	0	0	4	8	0	0	54	43	22	48	261	8	16	0	8	16	0	4	8	0	0	14	24	0	30	8	16	0	2	0	0	0	3	0	0	0	4	8	0	0	14	24	0	30	27	29	11	0	0	0	0	3	0	0	0	2	0	0	0	4	0	0	0	4	8	0	0	54	43	22	48	251	8	16	0	8	16	0	4	8	0	0	14	24	0	30	8	16	0	2	0	0	0	3	0	0	0	4	8	0	0	14	24	0	30	8	16	0	0	0	0	0	0	0	0	0	2	0	0	0	3	0	0	0	4	8	0	0	14	24	0	30	27	29	11	0	0	0	0	1	0	0	0	0	0	0	0	3	0	0	0	2	0	0	0	4	0	0	0	4	8	0	0	54	43	22	48
449	434	42	39	75	419	22	26	30	42	39	75	17	13	20	0	103	52	75	247	404	22	26	30	22	26	30	17	13	20	0	59	39	30	137	42	39	75	6	0	0	0	15	0	0	0	17	13	20	0	103	52	75	247	389	22	26	30	22	26	30	17	13	20	0	59	39	30	119	22	26	30	6	0	0	0	6	0	0	0	17	13	20	0	59	39	30	137	42	39	75	4	0	0	0	12	0	0	0	6	0	0	0	15	0	0	0	17	13	20	0	103	52	75	247	374	22	26	30	22	26	30	17	13	20	0	59	39	30	119	22	26	30	6	0	0	0	6	0	0	0	17	13	20	0	59	39	30	119	22	26	30	4	0	0	0	3	0	0	0	6	0	0	0	6	0	0	0	17	13	20	0	59	39	30	137	42	39	75	5	0	0	0	6	0	0	0	4	0	0	0	12	0	0	0	6	0	0	0	15	0	0	0	17	13	20	0	103	52	75	247
505	488	79	81	68	471	38	30	58	79	81	68	42	15	100	0	180	273	340	51	454	34	30	58	38	30	58	28	15	100	0	103	120	290	14	79	81	68	13	0	12	0	18	30	0	0	42	15	100	0	180	273	340	51	437	32	30	58	34	30	58	26	15	100	0	91	120	290	12	38	30	58	9	0	12	0	8	0	0	0	28	15	100	0	103	120	290	14	79	81	68	7	0	0	0	14	20	0	0	13	0	12	0	18	30	0	0	42	15	100	0	180	273	340	51	420	31	30	58	32	30	58	24	15	100	0	87	120	290	12	34	30	58	8	0	12	0	8	0	0	0	26	15	100	0	91	120	290	12	38	30	58	5	0	0	0	6	0	0	0	9	0	12	0	8	0	0	0	28	15	100	0	103	120	290	14	79	81	68	8	0	0	0	7	10	0	0	7	0	0	0	14	20	0	0	13	0	12	0	18	30	0	0	42	15	100	0	180	273	340	51
541	522	90	126	54	503	45	86	29	90	126	54	53	58	77	14	215	345	216	152	484	39	83	22	45	86	29	35	58	75	0	126	243	116	80	90	126	54	20	42	12	0	26	60	0	38	53	58	77	14	215	345	216	152	465	34	79	22	39	83	22	33	55	68	0	112	235	88	65	45	86	29	7	39	12	0	9	39	0	0	35	58	75	0	126	243	116	80	90	126	54	10	53	0	0	20	57	0	0	20	42	12	0	26	60	0	38	53	58	77	14	215	345	216	152	446	30	74	22	34	79	22	25	52	68	0	98	224	88	65	39	83	22	6	39	12	0	9	39	0	0	33	55	68	0	112	235	88	65	45	86	29	1	52	0	0	7	39	0	0	7	39	12	0	9	39	0	0	35	58	75	0	126	243	116	80	90	126	54	5	49	9	0	8	35	0	0	10	53	0	0	20	57	0	0	20	42	12	0	26	60	0	38	53	58	77	14	215	345	216	152
579	560	44	50	148	541	23	18	105	44	50	148	17	0	64	103	105	66	296	198	522	22	18	102	23	18	105	15	0	61	96	61	18	210	113	44	50	148	10	0	0	46	14	16	0	0	17	0	64	103	105	66	296	198	503	20	18	99	22	18	102	13	0	60	88	57	18	204	96	23	18	105	6	0	0	42	7	0	0	0	15	0	61	96	61	18	210	113	44	50	148	7	0	0	39	13	32	0	0	10	0	0	46	14	16	0	0	17	0	64	103	105	66	296	198	484	19	18	99	20	18	99	11	0	58	88	53	18	198	96	22	18	102	5	0	0	42	7	0	0	0	13	0	60	88	57	18	204	96	23	18	105	5	0	0	39	6	0	0	0	6	0	0	42	7	0	0	0	15	0	61	96	61	18	210	113	44	50	148	8	0	0	0	7	16	0	0	7	0	0	39	13	32	0	0	10	0	0	46	14	16	0	0	17	0	64	103	105	66	296	198
462	447	60	36	100	432	35	0	62	60	36	100	31	0	98	92	150	72	300	187	417	33	0	40	35	0	62	26	0	93	42	99	0	186	113	60	36	100	17	0	0	44	20	24	0	136	31	0	98	92	150	72	300	187	402	30	0	28	33	0	40	24	0	76	36	91	0	120	96	35	0	62	10	0	0	12	11	0	0	43	26	0	93	42	99	0	186	113	60	36	100	11	0	13	24	19	24	0	68	17	0	0	44	20	24	0	136	31	0	98	92	150	72	300	187	387	27	0	28	30	0	28	21	0	44	36	83	0	84	96	33	0	40	9	0	0	12	11	0	0	42	24	0	76	36	91	0	120	96	35	0	62	5	0	13	24	9	0	0	39	10	0	0	12	11	0	0	43	26	0	93	42	99	0	186	113	60	36	100	13	0	22	0	11	12	0	0	11	0	13	24	19	24	0	68	17	0	0	44	20	24	0	136	31	0	98	92	150	72	300	187
539	521	62	17	181	503	43	0	110	62	17	181	47	0	38	165	146	34	181	445	485	39	0	107	43	0	110	37	0	36	159	121	0	110	284	62	17	181	12	0	14	45	7	0	0	0	47	0	38	165	146	34	181	445	467	36	0	103	39	0	107	34	0	36	154	105	0	107	252	43	0	110	8	0	13	42	7	0	0	0	37	0	36	159	121	0	110	284	62	17	181	7	0	14	44	7	0	0	0	12	0	14	45	7	0	0	0	47	0	38	165	146	34	181	445	449	33	0	90	36	0	103	31	0	36	140	97	0	103	237	39	0	107	6	0	13	36	7	0	0	0	34	0	36	154	105	0	107	252	43	0	110	5	0	13	12	7	0	0	0	8	0	13	42	7	0	0	0	37	0	36	159	121	0	110	284	62	17	181	4	0	23	38	4	0	0	68	7	0	14	44	7	0	0	0	12	0	14	45	7	0	0	0	47	0	38	165	146	34	181	445
496	478	78	112	58	460	43	76	22	78	112	58	43	109	14	54	172	288	174	222	442	40	65	22	43	76	22	32	78	12	54	116	244	66	149	78	112	58	9	26	0	0	10	15	58	0	43	109	14	54	172	288	174	222	424	38	65	22	40	65	22	30	78	12	54	105	208	66	120	43	76	22	5	26	0	0	7	13	22	0	32	78	12	54	116	244	66	149	78	112	58	7	0	0	0	10	0	0	0	9	26	0	0	10	15	58	0	43	109	14	54	172	288	174	222	406	36	65	22	38	65	22	28	78	12	54	101	208	66	108	40	65	22	4	26	0	0	7	13	22	0	30	78	12	54	105	208	66	120	43	76	22	5	0	0	0	7	0	0	0	5	26	0	0	7	13	22	0	32	78	12	54	116	244	66	149	78	112	58	4	0	9	0	4	0	0	0	7	0	0	0	10	0	0	0	9	26	0	0	10	15	58	0	43	109	14	54	172	288	174	222
528	510	60	69	118	492	37	17	94	60	69	118	38	0	51	72	121	116	472	122	474	34	17	94	37	17	94	28	0	49	72	93	51	376	87	60	69	118	10	0	0	0	7	0	0	0	38	0	51	72	121	116	472	122	456	32	17	94	34	17	94	26	0	49	72	81	51	376	80	37	17	94	6	0	0	0	7	0	0	0	28	0	49	72	93	51	376	87	60	69	118	7	0	0	0	7	0	0	0	10	0	0	0	7	0	0	0	38	0	51	72	121	116	472	122	438	30	17	93	32	17	94	24	0	49	72	77	51	376	80	34	17	94	5	0	0	0	7	0	0	0	26	0	49	72	81	51	376	80	37	17	94	5	0	0	0	7	0	0	0	6	0	0	0	7	0	0	0	28	0	49	72	93	51	376	87	60	69	118	4	0	9	14	4	0	0	0	7	0	0	0	7	0	0	0	10	0	0	0	7	0	0	0	38	0	51	72	121	116	472	122
524	506	71	88	92	488	42	28	79	71	88	92	35	55	65	37	150	180	460	68	470	37	17	79	42	28	79	28	0	63	37	103	61	395	58	71	88	92	8	0	38	0	5	0	92	0	35	55	65	37	150	180	460	68	452	34	17	76	37	17	79	25	0	63	34	86	17	395	58	42	28	79	4	0	37	0	5	0	79	0	28	0	63	37	103	61	395	58	71	88	92	3	0	14	30	4	0	0	0	8	0	38	0	5	0	92	0	35	55	65	37	150	180	460	68	434	32	17	64	34	17	76	22	0	63	24	78	17	380	58	37	17	79	2	0	37	0	5	0	79	0	25	0	63	34	86	17	395	58	42	28	79	1	0	13	0	4	0	0	0	4	0	37	0	5	0	79	0	28	0	63	37	103	61	395	58	71	88	92	3	0	14	25	2	0	0	68	3	0	14	30	4	0	0	0	8	0	38	0	5	0	92	0	35	55	65	37	150	180	460	68
511	493	80	106	72	475	45	79	22	80	106	72	48	86	0	31	182	313	144	370	457	41	64	20	45	79	22	36	60	0	27	123	271	44	254	80	106	72	16	52	14	14	19	17	72	0	48	86	0	31	182	313	144	370	439	36	41	10	41	64	20	35	36	0	10	108	220	40	222	45	79	22	7	10	13	0	12	16	22	0	36	60	0	27	123	271	44	254	80	106	72	10	35	25	30	14	45	144	38	16	52	14	14	19	17	72	0	48	86	0	31	182	313	144	370	421	30	28	0	36	41	10	26	15	0	0	90	169	20	207	41	64	20	6	0	13	0	12	16	20	0	35	36	0	10	108	220	40	222	45	79	22	4	13	22	0	8	39	44	0	7	10	13	0	12	16	22	0	36	60	0	27	123	271	44	254	80	106	72	5	41	45	0	7	30	72	68	10	35	25	30	14	45	144	38	16	52	14	14	19	17	72	0	48	86	0	31	182	313	144	370
325	313	46	29	61	301	30	27	14	46	29	61	21	18	30	56	100	37	0	340	289	28	27	12	30	27	14	19	18	0	48	66	36	0	217	46	29	61	3	0	20	24	4	0	0	0	21	18	30	56	100	37	0	340	277	27	27	12	28	27	12	17	18	0	48	62	36	0	215	30	27	14	2	0	0	24	4	0	0	0	19	18	0	48	66	36	0	217	46	29	61	1	0	10	0	4	0	0	0	3	0	20	24	4	0	0	0	21	18	30	56	100	37	0	340	265	27	27	12	27	27	12	17	18	0	48	59	36	0	202	28	27	12	2	0	0	24	4	0	0	0	17	18	0	48	62	36	0	215	30	27	14	1	0	0	0	4	0	0	0	2	0	0	24	4	0	0	0	19	18	0	48	66	36	0	217	46	29	61	3	0	0	0	2	0	0	0	1	0	10	0	4	0	0	0	3	0	20	24	4	0	0	0	21	18	30	56	100	37	0	340
311	300	34	10	72	289	23	10	35	34	10	72	17	0	20	49	72	0	0	268	278	23	10	35	23	10	35	17	0	0	49	46	0	0	195	34	10	72	2	0	0	0	3	0	0	0	17	0	20	49	72	0	0	268	267	23	10	35	23	10	35	17	0	0	49	46	0	0	195	23	10	35	2	0	0	0	3	0	0	0	17	0	0	49	46	0	0	195	34	10	72	0	0	0	0	1	0	0	0	2	0	0	0	3	0	0	0	17	0	20	49	72	0	0	268	256	23	10	35	23	10	35	17	0	0	49	46	0	0	192	23	10	35	2	0	0	0	3	0	0	0	17	0	0	49	46	0	0	195	23	10	35	0	0	0	0	1	0	0	0	2	0	0	0	3	0	0	0	17	0	0	49	46	0	0	195	34	10	72	0	0	0	0	0	0	0	0	0	0	0	0	1	0	0	0	2	0	0	0	3	0	0	0	17	0	20	49	72	0	0	268
445	429	44	61	88	413	27	28	59	44	61	88	13	0	57	63	88	69	264	210	397	27	28	59	27	28	59	13	0	44	63	52	14	177	173	44	61	88	0	0	0	0	3	0	0	0	13	0	57	63	88	69	264	210	381	27	28	59	27	28	59	13	0	44	63	52	14	177	173	27	28	59	0	0	0	0	3	0	0	0	13	0	44	63	52	14	177	173	44	61	88	0	0	0	0	1	0	0	0	0	0	0	0	3	0	0	0	13	0	57	63	88	69	264	210	365	27	28	59	27	28	59	13	0	44	63	52	14	177	170	27	28	59	0	0	0	0	3	0	0	0	13	0	44	63	52	14	177	173	27	28	59	0	0	0	0	1	0	0	0	0	0	0	0	3	0	0	0	13	0	44	63	52	14	177	173	44	61	88	0	0	0	0	0	0	0	0	0	0	0	0	1	0	0	0	0	0	0	0	3	0	0	0	13	0	57	63	88	69	264	210
446	429	72	93	60	412	46	66	0	72	93	60	36	99	30	0	142	171	120	521	395	42	66	0	46	66	0	26	99	0	0	100	132	0	327	72	93	60	9	0	20	0	4	22	0	0	36	99	30	0	142	171	120	521	378	40	66	0	42	66	0	23	99	0	0	90	132	0	322	46	66	0	4	0	0	0	4	22	0	0	26	99	0	0	100	132	0	327	72	93	60	2	0	10	0	7	11	0	0	9	0	20	0	4	22	0	0	36	99	30	0	142	171	120	521	361	40	66	0	40	66	0	23	99	0	0	86	132	0	305	42	66	0	4	0	0	0	4	22	0	0	23	99	0	0	90	132	0	322	46	66	0	2	0	0	0	7	11	0	0	4	0	0	0	4	22	0	0	26	99	0	0	100	132	0	327	72	93	60	7	0	0	0	6	0	0	0	2	0	10	0	7	11	0	0	9	0	20	0	4	22	0	0	36	99	30	0	142	171	120	521
341	328	56	56	11	315	34	36	0	56	56	11	21	0	11	0	99	108	44	92	302	34	36	0	34	36	0	21	0	0	0	62	63	0	79	56	56	11	0	0	0	0	3	0	0	0	21	0	11	0	99	108	44	92	289	34	36	0	34	36	0	21	0	0	0	62	63	0	79	34	36	0	0	0	0	0	3	0	0	0	21	0	0	0	62	63	0	79	56	56	11	0	0	0	0	1	0	0	0	0	0	0	0	3	0	0	0	21	0	11	0	99	108	44	92	276	34	36	0	34	36	0	21	0	0	0	62	63	0	76	34	36	0	0	0	0	0	3	0	0	0	21	0	0	0	62	63	0	79	34	36	0	0	0	0	0	1	0	0	0	0	0	0	0	3	0	0	0	21	0	0	0	62	63	0	79	56	56	11	0	0	0	0	0	0	0	0	0	0	0	0	1	0	0	0	0	0	0	0	3	0	0	0	21	0	11	0	99	108	44	92
293	282	38	26	41	271	20	18	23	38	26	41	7	0	0	23	67	45	41	99	260	20	18	22	20	18	23	7	0	0	22	38	45	23	59	38	26	41	0	0	0	12	1	0	0	0	7	0	0	23	67	45	41	99	249	20	18	22	20	18	22	7	0	0	22	38	45	22	59	20	18	23	0	0	0	12	1	0	0	0	7	0	0	22	38	45	23	59	38	26	41	0	0	0	0	0	0	0	0	0	0	0	12	1	0	0	0	7	0	0	23	67	45	41	99	238	20	18	22	20	18	22	7	0	0	22	38	45	22	59	20	18	22	0	0	0	12	1	0	0	0	7	0	0	22	38	45	22	59	20	18	23	0	0	0	0	0	0	0	0	0	0	0	12	1	0	0	0	7	0	0	22	38	45	23	59	38	26	41	0	0	0	0	0	0	0	0	0	0	0	0	0	0	0	0	0	0	0	12	1	0	0	0	7	0	0	23	67	45	41	99
536	516	73	105	107	496	45	51	70	73	105	107	34	34	41	125	145	236	428	159	476	42	51	36	45	51	70	27	34	37	22	101	153	280	59	73	105	107	4	0	29	54	6	17	0	222	34	34	41	125	145	236	428	159	456	42	51	35	42	51	36	27	34	14	22	94	153	144	59	45	51	70	4	0	27	51	6	17	0	123	27	34	37	22	101	153	280	59	73	105	107	1	0	0	13	7	0	0	0	4	0	29	54	6	17	0	222	34	34	41	125	145	236	428	159	436	42	51	35	42	51	35	27	34	13	22	94	153	140	59	42	51	36	4	0	14	51	6	17	0	121	27	34	14	22	94	153	144	59	45	51	70	1	0	0	13	4	0	0	0	4	0	27	51	6	17	0	123	27	34	37	22	101	153	280	59	73	105	107	8	0	0	0	5	0	0	0	1	0	0	13	7	0	0	0	4	0	29	54	6	17	0	222	34	34	41	125	145	236	428	159
303	292	42	30	18	281	21	0	18	42	30	18	12	0	36	0	78	48	90	0	270	21	0	18	21	0	18	12	0	36	0	50	0	90	0	42	30	18	2	0	0	0	3	0	0	0	12	0	36	0	78	48	90	0	259	21	0	18	21	0	18	12	0	36	0	50	0	90	0	21	0	18	2	0	0	0	3	0	0	0	12	0	36	0	50	0	90	0	42	30	18	0	0	0	0	3	0	0	0	2	0	0	0	3	0	0	0	12	0	36	0	78	48	90	0	248	21	0	18	21	0	18	12	0	36	0	50	0	90	0	21	0	18	2	0	0	0	3	0	0	0	12	0	36	0	50	0	90	0	21	0	18	0	0	0	0	0	0	0	0	2	0	0	0	3	0	0	0	12	0	36	0	50	0	90	0	42	30	18	5	0	0	0	3	0	0	0	0	0	0	0	3	0	0	0	2	0	0	0	3	0	0	0	12	0	36	0	78	48	90	0
280	269	50	28	25	258	29	28	0	50	28	25	19	0	0	0	89	49	0	159	247	29	28	0	29	28	0	19	0	0	0	57	49	0	59	50	28	25	0	0	0	0	3	0	0	0	19	0	0	0	89	49	0	159	236	29	28	0	29	28	0	19	0	0	0	57	49	0	59	29	28	0	0	0	0	0	3	0	0	0	19	0	0	0	57	49	0	59	50	28	25	0	0	0	0	1	0	0	0	0	0	0	0	3	0	0	0	19	0	0	0	89	49	0	159	225	29	28	0	29	28	0	19	0	0	0	57	49	0	59	29	28	0	0	0	0	0	3	0	0	0	19	0	0	0	57	49	0	59	29	28	0	0	0	0	0	1	0	0	0	0	0	0	0	3	0	0	0	19	0	0	0	57	49	0	59	50	28	25	0	0	0	0	0	0	0	0	0	0	0	0	1	0	0	0	0	0	0	0	3	0	0	0	19	0	0	0	89	49	0	159
330	317	50	60	5	304	27	36	0	50	60	5	10	36	0	0	90	109	20	11	291	27	36	0	27	36	0	10	36	0	0	58	81	0	0	50	60	5	3	0	0	0	3	0	0	0	10	36	0	0	90	109	20	11	278	27	36	0	27	36	0	10	36	0	0	58	81	0	0	27	36	0	3	0	0	0	3	0	0	0	10	36	0	0	58	81	0	0	50	60	5	0	0	0	0	4	0	0	0	3	0	0	0	3	0	0	0	10	36	0	0	90	109	20	11	265	27	36	0	27	36	0	10	36	0	0	58	81	0	0	27	36	0	3	0	0	0	3	0	0	0	10	36	0	0	58	81	0	0	27	36	0	0	0	0	0	1	0	0	0	3	0	0	0	3	0	0	0	10	36	0	0	58	81	0	0	50	60	5	4	0	0	0	3	0	0	0	0	0	0	0	4	0	0	0	3	0	0	0	3	0	0	0	10	36	0	0	90	109	20	11
297	286	28	0	65	275	19	0	30	28	0	65	13	0	13	30	67	0	0	171	264	19	0	28	19	0	30	13	0	12	28	52	0	0	111	28	0	65	2	0	0	20	4	0	0	0	13	0	13	30	67	0	0	171	253	19	0	18	19	0	28	13	0	10	18	52	0	0	76	19	0	30	2	0	0	0	4	0	0	0	13	0	12	28	52	0	0	111	28	0	65	1	0	0	0	6	0	0	72	2	0	0	20	4	0	0	0	13	0	13	30	67	0	0	171	242	18	0	18	19	0	18	13	0	0	18	52	0	0	75	19	0	28	2	0	0	0	4	0	0	0	13	0	10	18	52	0	0	76	19	0	30	0	0	0	0	0	0	0	22	2	0	0	0	4	0	0	0	13	0	12	28	52	0	0	111	28	0	65	6	0	13	0	5	0	0	0	1	0	0	0	6	0	0	72	2	0	0	20	4	0	0	0	13	0	13	30	67	0	0	171
268	258	23	16	31	248	13	0	19	23	16	31	10	0	20	9	47	16	62	23	238	13	0	19	13	0	19	10	0	20	9	29	0	38	18	23	16	31	2	0	0	0	8	0	0	0	10	0	20	9	47	16	62	23	228	13	0	19	13	0	19	10	0	20	9	29	0	38	18	13	0	19	2	0	0	0	2	0	0	0	10	0	20	9	29	0	38	18	23	16	31	0	0	0	0	3	0	0	0	2	0	0	0	8	0	0	0	10	0	20	9	47	16	62	23	218	13	0	19	13	0	19	10	0	20	9	29	0	38	18	13	0	19	2	0	0	0	2	0	0	0	10	0	20	9	29	0	38	18	13	0	19	0	0	0	0	0	0	0	0	2	0	0	0	2	0	0	0	10	0	20	9	29	0	38	18	23	16	31	5	0	0	0	3	0	0	0	0	0	0	0	3	0	0	0	2	0	0	0	8	0	0	0	10	0	20	9	47	16	62	23
450	433	51	64	97	416	28	16	75	51	64	97	23	0	90	38	110	160	388	125	399	26	16	73	28	16	75	17	0	88	36	74	64	300	88	51	64	97	14	0	12	20	25	16	0	0	23	0	90	38	110	160	388	125	382	23	16	59	26	16	73	17	0	86	23	68	64	292	54	28	16	75	5	0	12	0	9	16	0	0	17	0	88	36	74	64	300	88	51	64	97	19	0	0	53	13	36	0	72	14	0	12	20	25	16	0	0	23	0	90	38	110	160	388	125	365	19	12	56	23	16	59	11	0	71	22	58	64	236	53	26	16	73	5	0	12	0	6	16	0	0	17	0	86	23	68	64	292	54	28	16	75	9	0	0	48	5	0	0	22	5	0	12	0	9	16	0	0	17	0	88	36	74	64	300	88	51	64	97	2	48	13	31	6	36	0	0	19	0	0	53	13	36	0	72	14	0	12	20	25	16	0	0	23	0	90	38	110	160	388	125
278	267	34	34	24	256	18	25	0	34	34	24	15	17	0	0	66	78	24	130	245	17	24	0	18	25	0	11	16	0	0	43	67	0	88	34	34	24	1	8	0	0	6	8	0	0	15	17	0	0	66	78	24	130	234	17	24	0	17	24	0	11	16	0	0	40	64	0	54	18	25	0	1	8	0	0	3	8	0	0	11	16	0	0	43	67	0	88	34	34	24	0	0	0	0	7	0	0	0	1	8	0	0	6	8	0	0	15	17	0	0	66	78	24	130	223	17	23	0	17	24	0	11	16	0	0	40	64	0	53	17	24	0	1	8	0	0	3	8	0	0	11	16	0	0	40	64	0	54	18	25	0	0	0	0	0	1	0	0	0	1	8	0	0	3	8	0	0	11	16	0	0	43	67	0	88	34	34	24	7	7	0	0	6	0	0	0	0	0	0	0	7	0	0	0	1	8	0	0	6	8	0	0	15	17	0	0	66	78	24	130
295	283	34	44	24	271	18	33	0	34	44	24	10	34	0	0	67	75	24	130	259	18	32	0	18	33	0	10	32	0	0	42	64	0	88	34	44	24	2	8	0	0	7	0	0	0	10	34	0	0	67	75	24	130	247	18	32	0	18	32	0	10	32	0	0	42	64	0	54	18	33	0	2	8	0	0	4	0	0	0	10	32	0	0	42	64	0	88	34	44	24	0	0	0	0	7	0	0	0	2	8	0	0	7	0	0	0	10	34	0	0	67	75	24	130	235	18	32	0	18	32	0	10	32	0	0	42	64	0	53	18	32	0	2	8	0	0	4	0	0	0	10	32	0	0	42	64	0	54	18	33	0	0	0	0	0	1	0	0	0	2	8	0	0	4	0	0	0	10	32	0	0	42	64	0	88	34	44	24	8	0	0	0	6	0	0	0	0	0	0	0	7	0	0	0	2	8	0	0	7	0	0	0	10	34	0	0	67	75	24	130
311	299	33	11	88	287	17	0	63	33	11	88	17	0	21	65	81	33	88	128	275	14	0	62	17	0	63	8	0	20	64	42	0	63	94	33	11	88	12	0	0	17	28	33	0	0	17	0	21	65	81	33	88	128	263	11	0	62	14	0	62	8	0	20	64	36	0	62	92	17	0	63	3	0	0	17	4	0	0	0	8	0	20	64	42	0	63	94	33	11	88	18	0	0	0	8	0	0	0	12	0	0	17	28	33	0	0	17	0	21	65	81	33	88	128	251	7	0	58	11	0	62	2	0	20	60	26	0	62	78	14	0	62	3	0	0	14	4	0	0	0	8	0	20	64	36	0	62	92	17	0	63	9	0	0	0	5	0	0	0	3	0	0	17	4	0	0	0	8	0	20	64	42	0	63	94	33	11	88	0	0	12	53	2	0	0	0	18	0	0	0	8	0	0	0	12	0	0	17	28	33	0	0	17	0	21	65	81	33	88	128
278	267	37	19	46	256	23	10	10	37	19	46	23	0	0	20	91	27	46	176	245	20	10	10	23	10	10	14	0	0	20	58	0	10	94	37	19	46	14	0	0	0	23	27	0	0	23	0	0	20	91	27	46	176	234	17	10	10	20	10	10	14	0	0	20	52	0	10	92	23	10	10	5	0	0	0	5	0	0	0	14	0	0	20	58	0	10	94	37	19	46	18	0	0	0	8	0	0	0	14	0	0	0	23	27	0	0	23	0	0	20	91	27	46	176	223	12	10	10	17	10	10	8	0	0	20	42	0	10	78	20	10	10	5	0	0	0	5	0	0	0	14	0	0	20	52	0	10	92	23	10	10	9	0	0	0	5	0	0	0	5	0	0	0	5	0	0	0	14	0	0	20	58	0	10	94	37	19	46	0	0	19	0	2	0	0	0	18	0	0	0	8	0	0	0	14	0	0	0	23	27	0	0	23	0	0	20	91	27	46	176
396	380	70	85	53	364	38	55	38	70	85	53	32	66	26	38	180	228	159	97	348	32	46	37	38	55	38	17	66	25	36	110	165	114	75	70	85	53	10	72	0	12	28	54	0	0	32	66	26	38	180	228	159	97	332	26	16	35	32	46	37	15	48	25	32	96	135	111	73	38	55	38	5	0	0	10	4	11	0	0	17	66	25	36	110	165	114	75	70	85	53	14	48	54	20	13	22	159	0	10	72	0	12	28	54	0	0	32	66	26	38	180	228	159	97	316	22	0	20	26	16	35	11	0	25	11	81	40	105	59	32	46	37	5	0	0	0	4	11	0	0	15	48	25	32	96	135	111	73	38	55	38	10	0	52	0	7	11	114	0	5	0	0	10	4	11	0	0	17	66	25	36	110	165	114	75	70	85	53	2	0	40	47	4	0	106	72	14	48	54	20	13	22	159	0	10	72	0	12	28	54	0	0	32	66	26	38	180	228	159	97
333	318	67	88	12	303	35	71	0	67	88	12	44	24	0	0	177	222	36	97	288	28	68	0	35	71	0	25	24	0	0	99	185	0	75	67	88	12	21	27	0	0	26	43	0	0	44	24	0	0	177	222	36	97	273	20	56	0	28	68	0	21	18	0	0	80	173	0	73	35	71	0	4	27	0	0	3	18	0	0	25	24	0	0	99	185	0	75	67	88	12	9	93	0	0	15	40	0	0	21	27	0	0	26	43	0	0	44	24	0	0	177	222	36	97	258	15	51	0	20	56	0	11	18	0	0	59	144	0	59	28	68	0	4	27	0	0	3	18	0	0	21	18	0	0	80	173	0	73	35	71	0	1	78	0	0	7	35	0	0	4	27	0	0	3	18	0	0	25	24	0	0	99	185	0	75	67	88	12	6	0	12	0	9	18	12	0	9	93	0	0	15	40	0	0	21	27	0	0	26	43	0	0	44	24	0	0	177	222	36	97
204	196	44	16	0	188	27	0	0	44	16	0	29	0	0	0	112	36	0	0	180	22	0	0	27	0	0	18	0	0	0	72	0	0	0	44	16	0	15	0	0	0	19	20	0	0	29	0	0	0	112	36	0	0	172	18	0	0	22	0	0	16	0	0	0	61	0	0	0	27	0	0	5	0	0	0	3	0	0	0	18	0	0	0	72	0	0	0	44	16	0	18	0	0	0	8	4	0	0	15	0	0	0	19	20	0	0	29	0	0	0	112	36	0	0	164	15	0	0	18	0	0	10	0	0	0	50	0	0	0	22	0	0	5	0	0	0	3	0	0	0	16	0	0	0	61	0	0	0	27	0	0	9	0	0	0	6	0	0	0	5	0	0	0	3	0	0	0	18	0	0	0	72	0	0	0	44	16	0	1	0	0	0	2	0	0	0	18	0	0	0	8	4	0	0	15	0	0	0	19	20	0	0	29	0	0	0	112	36	0	0
466	447	60	87	90	428	35	39	49	60	87	90	25	117	15	47	151	213	270	199	409	25	0	48	35	39	49	21	0	15	45	96	78	147	111	60	87	90	6	0	96	12	3	0	270	0	25	117	15	47	151	213	270	199	390	20	0	48	25	0	48	10	0	15	45	70	0	144	109	35	39	49	5	0	69	12	3	0	147	0	21	0	15	45	96	78	147	111	60	87	90	9	0	35	0	9	0	0	0	6	0	96	12	3	0	270	0	25	117	15	47	151	213	270	199	371	20	0	48	20	0	48	10	0	15	45	60	0	144	107	25	0	48	5	0	69	12	3	0	144	0	10	0	15	45	70	0	144	109	35	39	49	9	0	13	0	6	0	0	0	5	0	69	12	3	0	147	0	21	0	15	45	96	78	147	111	60	87	90	1	0	0	0	2	0	0	0	9	0	35	0	9	0	0	0	6	0	96	12	3	0	270	0	25	117	15	47	151	213	270	199
351	335	64	96	17	319	26	79	0	64	96	17	20	100	0	0	161	289	17	65	303	20	62	0	26	79	0	11	80	0	0	75	236	0	38	64	96	17	4	29	24	0	5	0	34	0	20	100	0	0	161	289	17	65	287	16	55	0	20	62	0	5	66	0	0	59	194	0	37	26	79	0	3	22	0	0	3	0	0	0	11	80	0	0	75	236	0	38	64	96	17	10	0	21	0	13	10	17	0	4	29	24	0	5	0	34	0	20	100	0	0	161	289	17	65	271	16	54	0	16	55	0	5	66	0	0	52	187	0	35	20	62	0	3	22	0	0	3	0	0	0	5	66	0	0	59	194	0	37	26	79	0	10	0	0	0	7	8	0	0	3	22	0	0	3	0	0	0	11	80	0	0	75	236	0	38	64	96	17	1	10	0	0	9	0	0	0	10	0	21	0	13	10	17	0	4	29	24	0	5	0	34	0	20	100	0	0	161	289	17	65
275	263	48	43	17	251	23	27	0	48	43	17	27	18	0	0	124	133	34	65	239	15	27	0	23	27	0	16	18	0	0	61	99	0	38	48	43	17	6	0	24	0	3	0	0	0	27	18	0	0	124	133	34	65	227	11	27	0	15	27	0	8	18	0	0	40	99	0	37	23	27	0	5	0	0	0	3	0	0	0	16	18	0	0	61	99	0	38	48	43	17	9	0	21	0	6	0	0	0	6	0	24	0	3	0	0	0	27	18	0	0	124	133	34	65	215	11	27	0	11	27	0	8	18	0	0	33	99	0	35	15	27	0	5	0	0	0	3	0	0	0	8	18	0	0	40	99	0	37	23	27	0	9	0	0	0	6	0	0	0	5	0	0	0	3	0	0	0	16	18	0	0	61	99	0	38	48	43	17	1	0	0	0	2	0	0	0	9	0	21	0	6	0	0	0	6	0	24	0	3	0	0	0	27	18	0	0	124	133	34	65
197	189	28	15	4	181	14	0	0	28	15	4	21	0	0	0	73	25	12	0	173	9	0	0	14	0	0	10	0	0	0	40	0	0	0	28	15	4	3	0	0	0	0	0	0	0	21	0	0	0	73	25	12	0	165	8	0	0	9	0	0	8	0	0	0	29	0	0	0	14	0	0	2	0	0	0	0	0	0	0	10	0	0	0	40	0	0	0	28	15	4	0	0	0	0	1	0	0	0	3	0	0	0	0	0	0	0	21	0	0	0	73	25	12	0	157	8	0	0	8	0	0	8	0	0	0	28	0	0	0	9	0	0	2	0	0	0	0	0	0	0	8	0	0	0	29	0	0	0	14	0	0	0	0	0	0	1	0	0	0	2	0	0	0	0	0	0	0	10	0	0	0	40	0	0	0	28	15	4	1	0	0	0	0	0	0	0	0	0	0	0	1	0	0	0	3	0	0	0	0	0	0	0	21	0	0	0	73	25	12	0
172	165	28	12	0	158	14	0	0	28	12	0	21	0	0	0	73	20	0	0	151	9	0	0	14	0	0	10	0	0	0	40	0	0	0	28	12	0	3	0	0	0	0	0	0	0	21	0	0	0	73	20	0	0	144	8	0	0	9	0	0	8	0	0	0	29	0	0	0	14	0	0	2	0	0	0	0	0	0	0	10	0	0	0	40	0	0	0	28	12	0	0	0	0	0	1	0	0	0	3	0	0	0	0	0	0	0	21	0	0	0	73	20	0	0	137	8	0	0	8	0	0	8	0	0	0	28	0	0	0	9	0	0	2	0	0	0	0	0	0	0	8	0	0	0	29	0	0	0	14	0	0	0	0	0	0	1	0	0	0	2	0	0	0	0	0	0	0	10	0	0	0	40	0	0	0	28	12	0	1	0	0	0	0	0	0	0	0	0	0	0	1	0	0	0	3	0	0	0	0	0	0	0	21	0	0	0	73	20	0	0
191	183	14	7	16	175	1	0	7	14	7	16	0	0	7	0	34	7	16	4	167	1	0	7	1	0	7	0	0	7	0	1	0	7	0	14	7	16	0	0	0	0	0	0	0	0	0	0	7	0	34	7	16	4	159	1	0	7	1	0	7	0	0	7	0	1	0	7	0	1	0	7	0	0	0	0	0	0	0	0	0	0	7	0	1	0	7	0	14	7	16	0	0	0	0	1	0	0	0	0	0	0	0	0	0	0	0	0	0	7	0	34	7	16	4	151	1	0	7	1	0	7	0	0	7	0	1	0	7	0	1	0	7	0	0	0	0	0	0	0	0	0	0	7	0	1	0	7	0	1	0	7	0	0	0	0	0	0	0	0	0	0	0	0	0	0	0	0	0	0	7	0	1	0	7	0	14	7	16	0	0	0	0	0	0	0	0	0	0	0	0	1	0	0	0	0	0	0	0	0	0	0	0	0	0	7	0	34	7	16	4
299	286	37	47	35	273	6	12	22	37	47	35	4	0	106	0	94	117	175	90	260	5	12	22	6	12	22	0	0	67	0	23	12	110	49	37	47	35	0	0	15	0	3	0	0	0	4	0	106	0	94	117	175	90	247	5	12	22	5	12	22	0	0	67	0	20	12	110	48	6	12	22	0	0	15	0	0	0	0	0	0	0	67	0	23	12	110	49	37	47	35	0	0	0	0	7	0	0	0	0	0	15	0	3	0	0	0	4	0	106	0	94	117	175	90	234	5	12	22	5	12	22	0	0	67	0	20	12	110	48	5	12	22	0	0	15	0	0	0	0	0	0	0	67	0	20	12	110	48	6	12	22	0	0	0	0	0	0	0	0	0	0	15	0	0	0	0	0	0	0	67	0	23	12	110	49	37	47	35	0	0	0	0	2	0	0	0	0	0	0	0	7	0	0	0	0	0	15	0	3	0	0	0	4	0	106	0	94	117	175	90
238	228	19	16	47	218	2	0	46	19	16	47	0	0	53	15	41	24	94	0	208	2	0	46	2	0	46	0	0	51	15	6	0	92	0	19	16	47	0	0	0	0	0	0	0	0	0	0	53	15	41	24	94	0	198	2	0	46	2	0	46	0	0	51	15	6	0	92	0	2	0	46	0	0	0	0	0	0	0	0	0	0	51	15	6	0	92	0	19	16	47	0	0	0	0	2	0	0	0	0	0	0	0	0	0	0	0	0	0	53	15	41	24	94	0	188	2	0	46	2	0	46	0	0	51	15	6	0	92	0	2	0	46	0	0	0	0	0	0	0	0	0	0	51	15	6	0	92	0	2	0	46	0	0	0	0	0	0	0	0	0	0	0	0	0	0	0	0	0	0	51	15	6	0	92	0	19	16	47	0	0	0	0	0	0	0	0	0	0	0	0	2	0	0	0	0	0	0	0	0	0	0	0	0	0	53	15	41	24	94	0
192	184	19	0	29	176	4	0	0	19	0	29	2	0	39	0	47	0	0	111	168	4	0	0	4	0	0	2	0	0	0	12	0	0	49	19	0	29	0	0	0	0	0	0	0	0	2	0	39	0	47	0	0	111	160	4	0	0	4	0	0	2	0	0	0	12	0	0	48	4	0	0	0	0	0	0	0	0	0	0	2	0	0	0	12	0	0	49	19	0	29	0	0	0	0	0	0	0	0	0	0	0	0	0	0	0	0	2	0	39	0	47	0	0	111	152	4	0	0	4	0	0	2	0	0	0	12	0	0	48	4	0	0	0	0	0	0	0	0	0	0	2	0	0	0	12	0	0	48	4	0	0	0	0	0	0	0	0	0	0	0	0	0	0	0	0	0	0	2	0	0	0	12	0	0	49	19	0	29	0	0	0	0	0	0	0	0	0	0	0	0	0	0	0	0	0	0	0	0	0	0	0	0	2	0	39	0	47	0	0	111
308	295	38	36	36	282	15	0	0	38	36	36	10	0	53	0	100	90	144	128	269	14	0	0	15	0	0	8	0	0	0	50	0	0	49	38	36	36	2	0	7	0	1	0	0	0	10	0	53	0	100	90	144	128	256	14	0	0	14	0	0	8	0	0	0	49	0	0	48	15	0	0	2	0	0	0	0	0	0	0	8	0	0	0	50	0	0	49	38	36	36	0	0	0	0	5	0	0	0	2	0	7	0	1	0	0	0	10	0	53	0	100	90	144	128	243	14	0	0	14	0	0	8	0	0	0	49	0	0	48	14	0	0	2	0	0	0	0	0	0	0	8	0	0	0	49	0	0	48	15	0	0	0	0	0	0	1	0	0	0	2	0	0	0	0	0	0	0	8	0	0	0	50	0	0	49	38	36	36	1	0	0	0	0	0	0	0	0	0	0	0	5	0	0	0	2	0	7	0	1	0	0	0	10	0	53	0	100	90	144	128
357	341	50	59	67	325	18	15	48	50	59	67	11	0	63	29	108	185	268	71	309	15	15	48	18	15	48	3	0	62	29	50	75	192	22	50	59	67	1	0	21	0	5	11	0	0	11	0	63	29	108	185	268	71	293	14	15	48	15	15	48	3	0	62	29	47	75	192	22	18	15	48	0	0	21	0	0	0	0	0	3	0	62	29	50	75	192	22	50	59	67	1	0	0	0	10	11	0	0	1	0	21	0	5	11	0	0	11	0	63	29	108	185	268	71	277	14	15	48	14	15	48	3	0	62	29	46	75	192	22	15	15	48	0	0	21	0	0	0	0	0	3	0	62	29	47	75	192	22	18	15	48	1	0	0	0	2	0	0	0	0	0	21	0	0	0	0	0	3	0	62	29	50	75	192	22	50	59	67	1	0	0	0	5	0	0	0	1	0	0	0	10	11	0	0	1	0	21	0	5	11	0	0	11	0	63	29	108	185	268	71
367	351	26	15	136	335	9	0	98	26	15	136	1	0	31	91	69	15	136	134	319	9	0	83	9	0	98	1	0	30	51	30	0	98	75	26	15	136	1	0	0	29	3	0	0	90	1	0	31	91	69	15	136	134	303	8	0	82	9	0	83	1	0	29	51	30	0	83	75	9	0	98	0	0	0	28	0	0	0	49	1	0	30	51	30	0	98	75	26	15	136	1	0	0	13	7	15	0	0	1	0	0	29	3	0	0	90	1	0	31	91	69	15	136	134	287	8	0	82	8	0	82	1	0	28	51	29	0	82	75	9	0	83	0	0	0	28	0	0	0	48	1	0	29	51	30	0	83	75	9	0	98	1	0	0	13	2	0	0	0	0	0	0	28	0	0	0	49	1	0	30	51	30	0	98	75	26	15	136	1	0	0	0	2	0	0	0	1	0	0	13	7	15	0	0	1	0	0	29	3	0	0	90	1	0	31	91	69	15	136	134
359	343	43	41	107	327	17	15	77	43	41	107	9	0	61	77	112	114	214	118	311	17	15	52	17	15	77	9	0	59	30	56	75	154	68	43	41	107	3	0	0	53	6	0	0	107	9	0	61	77	112	114	214	118	295	16	15	43	17	15	52	9	0	45	30	56	75	104	68	17	15	77	2	0	0	28	0	0	0	49	9	0	59	30	56	75	154	68	43	41	107	1	0	0	13	12	13	0	53	3	0	0	53	6	0	0	107	9	0	61	77	112	114	214	118	279	16	15	43	16	15	43	9	0	28	30	55	75	86	68	17	15	52	2	0	0	28	0	0	0	48	9	0	45	30	56	75	104	68	17	15	77	1	0	0	13	2	0	0	38	2	0	0	28	0	0	0	49	9	0	59	30	56	75	154	68	43	41	107	2	0	0	0	5	0	0	0	1	0	0	13	12	13	0	53	3	0	0	53	6	0	0	107	9	0	61	77	112	114	214	118
363	347	56	55	93	331	24	0	85	56	55	93	23	0	110	15	121	154	465	35	315	21	0	81	24	0	85	13	0	109	15	69	0	425	22	56	55	93	7	0	13	38	5	22	0	0	23	0	110	15	121	154	465	35	299	19	0	71	21	0	81	12	0	102	15	63	0	405	22	24	0	85	2	0	13	13	1	0	0	0	13	0	109	15	69	0	425	22	56	55	93	2	0	0	28	11	22	0	53	7	0	13	38	5	22	0	0	23	0	110	15	121	154	465	35	283	19	0	69	19	0	71	12	0	84	15	61	0	355	22	21	0	81	2	0	13	13	1	0	0	0	12	0	102	15	63	0	405	22	24	0	85	2	0	0	26	6	0	0	38	2	0	13	13	1	0	0	0	13	0	109	15	69	0	425	22	56	55	93	5	0	0	26	6	0	0	0	2	0	0	28	11	22	0	53	7	0	13	38	5	22	0	0	23	0	110	15	121	154	465	35
321	306	49	63	51	291	18	36	31	49	63	51	10	0	30	46	118	174	153	71	276	18	36	8	18	36	31	10	0	29	0	59	120	93	22	49	63	51	3	0	0	24	7	0	0	107	10	0	30	46	118	174	153	71	261	17	36	0	18	36	8	10	0	16	0	59	120	24	22	18	36	31	2	0	0	0	0	0	0	49	10	0	29	0	59	120	93	22	49	63	51	1	0	0	0	15	9	0	53	3	0	0	24	7	0	0	107	10	0	30	46	118	174	153	71	246	17	36	0	17	36	0	10	0	0	0	58	120	0	22	18	36	8	2	0	0	0	0	0	0	48	10	0	16	0	59	120	24	22	18	36	31	1	0	0	0	2	0	0	38	2	0	0	0	0	0	0	49	10	0	29	0	59	120	93	22	49	63	51	2	0	0	0	9	0	0	0	1	0	0	0	15	9	0	53	3	0	0	24	7	0	0	107	10	0	30	46	118	174	153	71
309	294	54	58	59	279	29	36	13	54	58	59	23	24	9	13	107	150	118	318	264	27	36	13	29	36	13	15	24	8	13	75	144	26	241	54	58	59	7	0	0	0	4	0	0	0	23	24	9	13	107	150	118	318	249	25	36	13	27	36	13	14	24	8	13	69	144	26	189	29	36	13	2	0	0	0	1	0	0	0	15	24	8	13	75	144	26	241	54	58	59	2	0	0	0	11	0	0	0	7	0	0	0	4	0	0	0	23	24	9	13	107	150	118	318	234	25	36	13	25	36	13	14	24	8	13	67	144	26	162	27	36	13	2	0	0	0	1	0	0	0	14	24	8	13	69	144	26	189	29	36	13	2	0	0	0	6	0	0	0	2	0	0	0	1	0	0	0	15	24	8	13	75	144	26	241	54	58	59	5	0	0	0	11	0	0	0	2	0	0	0	11	0	0	0	7	0	0	0	4	0	0	0	23	24	9	13	107	150	118	318
452	431	51	71	174	410	28	20	132	51	71	174	24	0	94	158	87	77	522	211	389	26	20	131	28	20	132	16	0	91	154	74	60	396	164	51	71	174	7	0	0	15	1	0	0	0	24	0	94	158	87	77	522	211	368	24	20	130	26	20	131	15	0	91	151	68	60	393	137	28	20	132	2	0	0	15	1	0	0	0	16	0	91	154	74	60	396	164	51	71	174	2	0	0	14	6	0	0	0	7	0	0	15	1	0	0	0	24	0	94	158	87	77	522	211	347	24	20	129	24	20	130	15	0	91	148	66	60	390	119	26	20	131	2	0	0	15	1	0	0	0	15	0	91	151	68	60	393	137	28	20	132	2	0	0	13	6	0	0	0	2	0	0	15	1	0	0	0	16	0	91	154	74	60	396	164	51	71	174	5	0	0	13	6	0	0	0	2	0	0	14	6	0	0	0	7	0	0	15	1	0	0	0	24	0	94	158	87	77	522	211
404	385	55	87	120	366	30	31	92	55	87	120	25	52	90	75	98	126	480	160	347	28	18	92	30	31	92	20	0	88	75	74	75	368	133	55	87	120	7	0	8	0	2	0	120	0	25	52	90	75	98	126	480	160	328	26	18	89	28	18	92	19	0	88	66	68	36	368	129	30	31	92	2	0	8	0	2	0	92	0	20	0	88	75	74	75	368	133	55	87	120	2	0	0	24	10	0	0	0	7	0	8	0	2	0	120	0	25	52	90	75	98	126	480	160	309	26	18	75	26	18	89	19	0	88	41	66	36	356	119	28	18	92	2	0	8	0	2	0	92	0	19	0	88	66	68	36	368	129	30	31	92	2	0	0	0	7	0	0	0	2	0	8	0	2	0	92	0	20	0	88	75	74	75	368	133	55	87	120	8	0	0	70	9	0	0	53	2	0	0	24	10	0	0	0	7	0	8	0	2	0	120	0	25	52	90	75	98	126	480	160
344	326	72	128	22	308	37	90	11	72	128	22	27	148	33	0	135	255	88	93	290	35	78	11	37	90	11	19	114	33	0	94	210	44	85	72	128	22	10	48	0	0	6	13	22	0	27	148	33	0	135	255	88	93	272	30	71	11	35	78	11	18	108	33	0	88	186	44	81	37	90	11	2	24	0	0	2	12	11	0	19	114	33	0	94	210	44	85	72	128	22	5	11	0	0	15	48	22	0	10	48	0	0	6	13	22	0	27	148	33	0	135	255	88	93	254	26	67	11	30	71	11	12	105	33	0	70	175	44	71	35	78	11	2	24	0	0	2	12	11	0	18	108	33	0	88	186	44	81	37	90	11	1	10	0	0	8	44	11	0	2	24	0	0	2	12	11	0	19	114	33	0	94	210	44	85	72	128	22	7	43	0	0	12	48	0	0	5	11	0	0	15	48	22	0	10	48	0	0	6	13	22	0	27	148	33	0	135	255	88	93
335	319	63	54	91	303	41	41	27	63	54	91	37	14	0	49	139	128	91	454	287	39	40	26	41	41	27	29	14	0	47	115	125	27	339	63	54	91	15	12	0	7	8	0	0	0	37	14	0	49	139	128	91	454	271	33	27	13	39	40	26	28	14	0	24	109	124	26	272	41	41	27	9	0	0	0	4	0	0	0	29	14	0	47	115	125	27	339	63	54	91	9	13	24	39	13	26	91	17	15	12	0	7	8	0	0	0	37	14	0	49	139	128	91	454	255	30	26	0	33	27	13	24	13	0	0	96	107	13	244	39	40	26	9	0	0	0	4	0	0	0	28	14	0	24	109	124	26	272	41	41	27	7	13	24	0	9	26	27	0	9	0	0	0	4	0	0	0	29	14	0	47	115	125	27	339	63	54	91	5	13	10	0	11	26	0	65	9	13	24	39	13	26	91	17	15	12	0	7	8	0	0	0	37	14	0	49	139	128	91	454
267	253	37	43	83	239	27	40	20	37	43	83	17	30	19	51	84	52	0	466	225	25	40	19	27	40	20	16	30	0	49	66	50	0	275	37	43	83	2	0	18	8	1	0	0	0	17	30	19	51	84	52	0	466	211	25	40	19	25	40	19	16	30	0	49	64	50	0	273	27	40	20	2	0	0	8	1	0	0	0	16	30	0	49	66	50	0	275	37	43	83	2	0	0	0	6	0	0	0	2	0	18	8	1	0	0	0	17	30	19	51	84	52	0	466	197	25	40	19	25	40	19	16	30	0	49	64	50	0	256	25	40	19	2	0	0	8	1	0	0	0	16	30	0	49	64	50	0	273	27	40	20	2	0	0	0	6	0	0	0	2	0	0	8	1	0	0	0	16	30	0	49	66	50	0	275	37	43	83	5	0	0	0	6	0	0	0	2	0	0	0	6	0	0	0	2	0	18	8	1	0	0	0	17	30	19	51	84	52	0	466
329	313	29	15	147	297	22	15	94	29	15	147	18	0	19	91	64	30	0	375	281	21	15	92	22	15	94	17	0	0	87	48	30	0	248	29	15	147	2	0	6	26	1	0	0	0	18	0	19	91	64	30	0	375	265	21	15	92	21	15	92	17	0	0	87	47	30	0	247	22	15	94	2	0	0	26	1	0	0	0	17	0	0	87	48	30	0	248	29	15	147	1	0	0	0	4	0	0	0	2	0	6	26	1	0	0	0	18	0	19	91	64	30	0	375	249	21	15	92	21	15	92	17	0	0	87	47	30	0	243	21	15	92	2	0	0	26	1	0	0	0	17	0	0	87	47	30	0	247	22	15	94	1	0	0	0	4	0	0	0	2	0	0	26	1	0	0	0	17	0	0	87	48	30	0	248	29	15	147	4	0	0	0	4	0	0	0	1	0	0	0	4	0	0	0	2	0	6	26	1	0	0	0	18	0	19	91	64	30	0	375
391	372	39	35	152	353	23	18	110	39	35	152	18	0	46	67	76	87	152	316	334	22	18	110	23	18	110	17	0	26	67	45	36	110	235	39	35	152	2	0	6	0	2	0	0	0	18	0	46	67	76	87	152	316	315	22	18	110	22	18	110	17	0	26	67	44	36	110	234	23	18	110	2	0	0	0	2	0	0	0	17	0	26	67	45	36	110	235	39	35	152	1	0	0	0	8	0	0	0	2	0	6	0	2	0	0	0	18	0	46	67	76	87	152	316	296	22	18	110	22	18	110	17	0	26	67	44	36	110	230	22	18	110	2	0	0	0	2	0	0	0	17	0	26	67	44	36	110	234	23	18	110	1	0	0	0	5	0	0	0	2	0	0	0	2	0	0	0	17	0	26	67	45	36	110	235	39	35	152	7	0	0	0	7	0	0	0	1	0	0	0	8	0	0	0	2	0	6	0	2	0	0	0	18	0	46	67	76	87	152	316
263	249	44	59	35	235	27	40	16	44	59	35	23	30	19	0	80	97	70	142	221	26	40	16	27	40	16	22	30	0	0	49	70	32	103	44	59	35	3	0	6	0	2	0	0	0	23	30	19	0	80	97	70	142	207	26	40	16	26	40	16	22	30	0	0	48	70	32	103	27	40	16	3	0	0	0	2	0	0	0	22	30	0	0	49	70	32	103	44	59	35	1	0	0	0	8	0	0	0	3	0	6	0	2	0	0	0	23	30	19	0	80	97	70	142	193	26	40	16	26	40	16	22	30	0	0	48	70	32	100	26	40	16	3	0	0	0	2	0	0	0	22	30	0	0	48	70	32	103	27	40	16	1	0	0	0	5	0	0	0	3	0	0	0	2	0	0	0	22	30	0	0	49	70	32	103	44	59	35	7	0	0	0	7	0	0	0	1	0	0	0	8	0	0	0	3	0	6	0	2	0	0	0	23	30	19	0	80	97	70	142
275	261	43	57	60	247	25	24	59	43	57	60	24	12	34	17	78	101	240	0	233	24	24	59	25	24	59	22	12	34	17	50	36	236	0	43	57	60	9	0	8	0	2	0	0	0	24	12	34	17	78	101	240	0	219	24	24	59	24	24	59	22	12	34	17	50	36	236	0	25	24	59	9	0	8	0	2	0	0	0	22	12	34	17	50	36	236	0	43	57	60	6	0	0	0	10	0	0	0	9	0	8	0	2	0	0	0	24	12	34	17	78	101	240	0	205	24	24	59	24	24	59	22	12	34	17	50	36	236	0	24	24	59	9	0	8	0	2	0	0	0	22	12	34	17	50	36	236	0	25	24	59	6	0	0	0	3	0	0	0	9	0	8	0	2	0	0	0	22	12	34	17	50	36	236	0	43	57	60	11	0	0	0	8	0	0	0	6	0	0	0	10	0	0	0	9	0	8	0	2	0	0	0	24	12	34	17	78	101	240	0
185	175	38	24	28	165	22	17	17	38	24	28	20	0	9	26	73	25	28	60	155	22	16	17	22	17	17	20	0	8	26	49	25	17	59	38	24	28	8	8	0	0	5	0	0	0	20	0	9	26	73	25	28	60	145	22	16	17	22	16	17	20	0	8	26	49	24	17	59	22	17	17	8	8	0	0	3	0	0	0	20	0	8	26	49	25	17	59	38	24	28	6	0	0	0	15	0	0	0	8	8	0	0	5	0	0	0	20	0	9	26	73	25	28	60	135	22	16	17	22	16	17	20	0	8	26	49	24	17	59	22	16	17	8	8	0	0	3	0	0	0	20	0	8	26	49	24	17	59	22	17	17	6	0	0	0	3	0	0	0	8	8	0	0	3	0	0	0	20	0	8	26	49	25	17	59	38	24	28	11	0	0	0	11	0	0	0	6	0	0	0	15	0	0	0	8	8	0	0	5	0	0	0	20	0	9	26	73	25	28	60
326	309	67	67	90	292	46	30	45	67	67	90	45	15	19	111	139	128	270	247	275	45	30	25	46	30	45	41	15	14	34	107	90	135	185	67	67	90	21	0	0	8	10	15	0	142	45	15	19	111	139	128	270	247	258	41	30	25	45	30	25	40	15	8	34	104	90	75	185	46	30	45	13	0	0	8	3	15	0	103	41	15	14	34	107	90	135	185	67	67	90	13	0	0	0	21	51	0	0	21	0	0	8	10	15	0	142	45	15	19	111	139	128	270	247	241	37	27	25	41	30	25	35	15	8	34	90	90	75	185	45	30	25	13	0	0	8	3	15	0	103	40	15	8	34	104	90	75	185	46	30	45	8	0	0	0	8	15	0	0	13	0	0	8	3	15	0	103	41	15	14	34	107	90	135	185	67	67	90	15	36	10	0	16	36	0	0	13	0	0	0	21	51	0	0	21	0	0	8	10	15	0	142	45	15	19	111	139	128	270	247
198	186	50	45	16	174	27	37	0	50	45	16	15	52	0	0	105	72	0	95	162	27	36	0	27	37	0	15	48	0	0	66	61	0	75	50	45	16	8	6	0	0	5	0	0	0	15	52	0	0	105	72	0	95	150	27	36	0	27	36	0	15	48	0	0	66	60	0	75	27	37	0	8	6	0	0	3	0	0	0	15	48	0	0	66	61	0	75	50	45	16	6	0	0	0	15	0	0	0	8	6	0	0	5	0	0	0	15	52	0	0	105	72	0	95	138	27	36	0	27	36	0	15	48	0	0	66	60	0	75	27	36	0	8	6	0	0	3	0	0	0	15	48	0	0	66	60	0	75	27	37	0	6	0	0	0	3	0	0	0	8	6	0	0	3	0	0	0	15	48	0	0	66	61	0	75	50	45	16	11	0	0	0	11	0	0	0	6	0	0	0	15	0	0	0	8	6	0	0	5	0	0	0	15	52	0	0	105	72	0	95
282	265	76	115	8	248	40	85	0	76	115	8	26	112	0	0	172	285	32	60	231	39	78	0	40	85	0	22	102	0	0	103	227	0	59	76	115	8	18	69	0	0	16	9	0	0	26	112	0	0	172	285	32	60	214	33	72	0	39	78	0	21	90	0	0	100	209	0	59	40	85	0	6	63	0	0	6	9	0	0	22	102	0	0	103	227	0	59	76	115	8	8	54	0	0	26	38	0	0	18	69	0	0	16	9	0	0	26	112	0	0	172	285	32	60	197	28	64	0	33	72	0	14	90	0	0	79	189	0	59	39	78	0	6	63	0	0	6	9	0	0	21	90	0	0	100	209	0	59	40	85	0	2	54	0	0	9	18	0	0	6	63	0	0	6	9	0	0	22	102	0	0	103	227	0	59	75	115	8	9	40	0	0	16	33	0	0	8	54	0	0	26	38	0	0	18	69	0	0	14	9	0	0	26	112	0	0	171	285	32	60
199	188	57	38	0	177	34	18	0	57	38	0	38	0	0	0	129	85	0	0	166	32	18	0	34	18	0	30	0	0	0	87	45	0	0	57	38	0	22	0	0	0	15	8	0	0	38	0	0	0	129	85	0	0	155	27	18	0	32	18	0	28	0	0	0	79	45	0	0	34	18	0	11	0	0	0	4	0	0	0	30	0	0	0	87	45	0	0	57	38	0	12	0	0	0	22	20	0	0	22	0	0	0	15	8	0	0	38	0	0	0	129	85	0	0	144	24	18	0	27	18	0	23	0	0	0	66	45	0	0	32	18	0	11	0	0	0	4	0	0	0	28	0	0	0	79	45	0	0	34	18	0	8	0	0	0	8	0	0	0	11	0	0	0	4	0	0	0	30	0	0	0	87	45	0	0	57	38	0	15	0	0	0	14	12	0	0	12	0	0	0	22	20	0	0	22	0	0	0	15	8	0	0	38	0	0	0	129	85	0	0
209	198	42	0	58	187	32	0	28	42	0	58	32	0	0	18	112	0	0	126	176	29	0	27	32	0	28	24	0	0	16	90	0	0	62	42	0	58	21	0	9	8	14	0	0	0	32	0	0	18	112	0	0	126	165	22	0	26	29	0	27	20	0	0	16	78	0	0	42	32	0	28	10	0	9	8	3	0	0	0	24	0	0	16	90	0	0	62	42	0	58	12	0	18	8	12	0	0	0	21	0	9	8	14	0	0	0	32	0	0	18	112	0	0	126	154	16	0	26	22	0	26	15	0	0	16	58	0	0	42	29	0	27	10	0	9	8	3	0	0	0	20	0	0	16	78	0	0	42	32	0	28	8	0	18	8	8	0	0	0	10	0	9	8	3	0	0	0	24	0	0	16	90	0	0	62	42	0	58	4	0	22	0	6	0	0	0	12	0	18	8	12	0	0	0	21	0	9	8	14	0	0	0	32	0	0	18	112	0	0	126
284	268	75	73	54	252	50	57	32	75	73	54	51	70	0	10	194	192	54	98	236	44	53	27	50	57	32	35	66	0	6	140	158	32	45	75	73	54	25	42	9	36	16	33	0	0	51	70	0	10	194	192	54	98	220	34	31	8	44	53	27	28	62	0	0	120	147	27	25	50	57	32	9	22	9	0	5	11	0	0	35	66	0	6	140	158	32	45	75	73	54	12	20	42	8	21	36	108	113	25	42	9	36	16	33	0	0	51	70	0	10	194	192	54	98	204	24	10	8	34	31	8	21	20	0	0	86	72	8	25	44	53	27	9	20	9	0	5	11	0	0	28	62	0	0	120	147	27	25	50	57	32	8	0	41	8	14	22	64	38	9	22	9	0	5	11	0	0	35	66	0	6	140	158	32	45	75	73	54	9	10	68	0	15	26	108	0	12	20	42	8	21	36	108	113	25	42	9	36	16	33	0	0	51	70	0	10	194	192	54	98
236	223	58	56	13	210	31	22	9	58	56	13	23	68	0	0	154	170	52	0	197	27	6	9	31	22	9	18	12	0	0	82	68	36	0	58	56	13	11	24	9	0	13	18	26	0	23	68	0	0	154	170	52	0	184	20	0	8	27	6	9	14	0	0	0	71	12	36	0	31	22	9	2	0	9	0	5	0	18	0	18	12	0	0	82	68	36	0	58	56	13	6	0	18	8	12	6	13	0	11	24	9	0	13	18	26	0	23	68	0	0	154	170	52	0	171	17	0	8	20	0	8	9	0	0	0	52	0	32	0	27	6	9	2	0	9	0	5	0	18	0	14	0	0	0	71	12	36	0	31	22	9	2	0	18	8	8	0	9	0	2	0	9	0	5	0	18	0	18	12	0	0	82	68	36	0	58	56	13	8	0	0	0	8	0	0	0	6	0	18	8	12	6	13	0	11	24	9	0	13	18	26	0	23	68	0	0	154	170	52	0
235	221	66	68	21	207	40	51	0	66	68	21	38	31	0	0	171	187	42	98	193	35	49	0	40	51	0	25	31	0	0	108	159	0	45	66	68	21	26	14	0	0	25	21	0	0	38	31	0	0	171	187	42	98	179	28	38	0	35	49	0	21	29	0	0	93	155	0	25	40	51	0	11	0	0	0	9	0	0	0	25	31	0	0	108	159	0	45	66	68	21	10	34	0	0	23	30	21	0	26	14	0	0	25	21	0	0	38	31	0	0	171	187	42	98	165	21	28	0	28	38	0	15	20	0	0	72	130	0	25	35	49	0	11	0	0	0	9	0	0	0	21	29	0	0	93	155	0	25	40	51	0	6	18	0	0	12	20	0	0	11	0	0	0	9	0	0	0	25	31	0	0	108	159	0	45	65	68	21	7	28	22	0	14	20	21	0	10	34	0	0	23	30	21	0	26	14	0	0	23	21	0	0	38	31	0	0	170	187	42	98
195	184	52	37	9	173	34	19	0	52	37	9	38	0	0	0	133	84	27	8	162	29	16	0	34	19	0	25	0	0	0	89	48	0	0	52	37	9	22	18	0	0	21	18	0	0	38	0	0	0	133	84	27	8	151	23	10	0	29	16	0	21	0	0	0	74	42	0	0	34	19	0	9	0	0	0	5	0	0	0	25	0	0	0	89	48	0	0	52	37	9	12	0	0	0	14	16	9	0	22	18	0	0	21	18	0	0	38	0	0	0	133	84	27	8	140	18	10	0	23	10	0	16	0	0	0	58	30	0	0	29	16	0	9	0	0	0	5	0	0	0	21	0	0	0	74	42	0	0	34	19	0	8	0	0	0	9	10	0	0	9	0	0	0	5	0	0	0	25	0	0	0	89	48	0	0	52	37	9	8	0	10	0	10	0	0	0	12	0	0	0	14	16	9	0	22	18	0	0	21	18	0	0	38	0	0	0	133	84	27	8
193	182	45	30	26	171	17	0	20	45	30	26	16	0	52	0	129	96	130	13	160	13	0	20	17	0	20	9	0	40	0	51	0	100	9	45	30	26	0	0	28	0	3	0	0	0	16	0	52	0	129	96	130	13	149	13	0	20	13	0	20	9	0	40	0	41	0	100	9	17	0	20	0	0	22	0	3	0	0	0	9	0	40	0	51	0	100	9	45	30	26	0	0	0	0	0	0	0	0	0	0	28	0	3	0	0	0	16	0	52	0	129	96	130	13	138	13	0	19	13	0	20	9	0	40	0	41	0	100	8	13	0	20	0	0	22	0	3	0	0	0	9	0	40	0	41	0	100	9	17	0	20	0	0	0	0	0	0	0	0	0	0	22	0	3	0	0	0	9	0	40	0	51	0	100	9	45	30	26	0	0	0	10	0	0	0	0	0	0	0	0	0	0	0	0	0	0	28	0	3	0	0	0	16	0	52	0	129	96	130	13
220	206	67	73	29	192	40	53	0	67	73	29	39	62	12	0	180	179	58	97	178	32	39	0	40	53	0	32	34	0	0	113	115	0	41	67	73	29	21	12	39	0	20	24	58	0	39	62	12	0	180	179	58	97	164	27	33	0	32	39	0	27	22	0	0	93	83	0	36	40	53	0	17	0	0	0	12	22	0	0	32	34	0	0	113	115	0	41	66	73	29	14	0	27	0	16	21	29	0	21	12	39	0	20	24	58	0	39	62	12	0	175	179	58	97	150	24	32	0	27	33	0	23	22	0	0	78	77	0	16	32	39	0	15	0	0	0	12	22	0	0	27	22	0	0	93	83	0	36	39	53	0	12	0	0	0	13	19	0	0	17	0	0	0	12	22	0	0	32	34	0	0	108	115	0	41	66	73	29	16	10	10	0	12	20	0	0	14	0	27	0	16	21	29	0	21	12	39	0	20	24	58	0	39	62	12	0	175	179	58	97
169	159	41	24	19	149	21	16	0	41	24	19	16	7	12	0	115	44	19	43	139	15	9	0	21	16	0	10	0	0	0	56	14	0	9	41	24	19	2	0	19	0	3	9	19	0	16	7	12	0	115	44	19	43	129	13	9	0	15	9	0	7	0	0	0	41	0	0	9	21	16	0	0	0	0	0	3	9	0	0	10	0	0	0	56	14	0	9	41	24	19	2	0	7	0	7	0	0	0	2	0	19	0	3	9	19	0	16	7	12	0	115	44	19	43	119	13	9	0	13	9	0	7	0	0	0	39	0	0	8	15	9	0	0	0	0	0	3	9	0	0	7	0	0	0	41	0	0	9	21	16	0	2	0	0	0	6	0	0	0	0	0	0	0	3	9	0	0	10	0	0	0	56	14	0	9	41	24	19	7	0	0	0	6	0	0	0	2	0	7	0	7	0	0	0	2	0	19	0	3	9	19	0	16	7	12	0	115	44	19	43
159	150	39	18	12	141	18	0	0	39	18	12	16	0	12	0	108	54	36	22	132	13	0	0	18	0	0	9	0	0	0	45	0	0	9	39	18	12	2	0	12	0	5	0	0	0	16	0	12	0	108	54	36	22	123	12	0	0	13	0	0	7	0	0	0	34	0	0	9	18	0	0	0	0	0	0	5	0	0	0	9	0	0	0	45	0	0	9	39	18	12	0	0	0	0	3	0	0	0	2	0	12	0	5	0	0	0	16	0	12	0	108	54	36	22	114	12	0	0	12	0	0	7	0	0	0	33	0	0	8	13	0	0	0	0	0	0	5	0	0	0	7	0	0	0	34	0	0	9	18	0	0	0	0	0	0	3	0	0	0	0	0	0	0	5	0	0	0	9	0	0	0	45	0	0	9	39	18	12	1	0	0	0	2	0	0	0	0	0	0	0	3	0	0	0	2	0	12	0	5	0	0	0	16	0	12	0	108	54	36	22
88	83	23	6	0	78	9	0	0	23	6	0	6	0	0	0	65	15	0	0	73	8	0	0	9	0	0	5	0	0	0	25	0	0	0	23	6	0	0	0	0	0	3	0	0	0	6	0	0	0	65	15	0	0	68	8	0	0	8	0	0	5	0	0	0	23	0	0	0	9	0	0	0	0	0	0	3	0	0	0	5	0	0	0	25	0	0	0	23	6	0	0	0	0	0	0	0	0	0	0	0	0	0	3	0	0	0	6	0	0	0	65	15	0	0	63	8	0	0	8	0	0	5	0	0	0	23	0	0	0	8	0	0	0	0	0	0	3	0	0	0	5	0	0	0	23	0	0	0	9	0	0	0	0	0	0	0	0	0	0	0	0	0	0	3	0	0	0	5	0	0	0	25	0	0	0	23	6	0	0	0	0	0	0	0	0	0	0	0	0	0	0	0	0	0	0	0	0	0	3	0	0	0	6	0	0	0	65	15	0	0
251	236	60	44	62	221	30	0	38	60	44	62	31	0	70	44	158	121	248	67	206	29	0	29	30	0	38	29	0	52	20	86	0	152	20	60	44	62	15	0	6	27	15	0	0	13	31	0	70	44	158	121	248	67	191	29	0	29	29	0	29	29	0	40	20	85	0	116	20	30	0	38	15	0	0	27	13	0	0	9	29	0	52	20	86	0	152	20	60	44	62	10	0	0	0	13	0	0	0	15	0	6	27	15	0	0	13	31	0	70	44	158	121	248	67	176	29	0	29	29	0	29	29	0	40	20	85	0	116	20	29	0	29	15	0	0	27	13	0	0	9	29	0	40	20	85	0	116	20	30	0	38	10	0	0	0	7	0	0	0	15	0	0	27	13	0	0	9	29	0	52	20	86	0	152	20	60	44	62	12	0	0	0	13	0	0	0	10	0	0	0	13	0	0	0	15	0	6	27	15	0	0	13	31	0	70	44	158	121	248	67
151	142	33	14	28	133	14	0	20	33	14	28	9	0	24	20	93	21	56	26	124	14	0	20	14	0	20	9	0	22	20	46	0	40	20	33	14	28	0	0	0	0	2	0	0	0	9	0	24	20	93	21	56	26	115	14	0	20	14	0	20	9	0	22	20	46	0	40	20	14	0	20	0	0	0	0	2	0	0	0	9	0	22	20	46	0	40	20	33	14	28	0	0	0	0	3	0	0	0	0	0	0	0	2	0	0	0	9	0	24	20	93	21	56	26	106	14	0	20	14	0	20	9	0	22	20	46	0	40	20	14	0	20	0	0	0	0	2	0	0	0	9	0	22	20	46	0	40	20	14	0	20	0	0	0	0	1	0	0	0	0	0	0	0	2	0	0	0	9	0	22	20	46	0	40	20	33	14	28	3	0	0	0	4	0	0	0	0	0	0	0	3	0	0	0	0	0	0	0	2	0	0	0	9	0	24	20	93	21	56	26
271	253	68	99	38	235	30	56	6	68	99	38	33	42	29	24	173	276	152	86	217	28	56	0	30	56	6	27	42	6	0	83	168	24	20	68	99	38	15	0	6	0	14	14	0	13	33	42	29	24	173	276	152	86	199	28	56	0	28	56	0	27	42	0	0	81	168	0	20	30	56	6	15	0	0	0	13	14	0	9	27	42	6	0	83	168	24	20	67	99	38	10	0	0	0	12	0	0	0	15	0	6	0	14	14	0	13	33	42	29	24	168	276	152	86	181	28	56	0	28	56	0	27	42	0	0	81	168	0	20	28	56	0	15	0	0	0	13	14	0	9	27	42	0	0	81	168	0	20	29	56	6	10	0	0	0	7	0	0	0	15	0	0	0	13	14	0	9	27	42	6	0	78	168	24	20	67	99	38	12	0	0	0	12	0	0	0	10	0	0	0	12	0	0	0	15	0	6	0	14	14	0	13	33	42	29	24	168	276	152	86
163	152	38	33	15	141	11	24	0	38	33	15	11	16	0	0	106	102	15	38	130	10	24	0	11	24	0	7	16	0	0	36	88	0	20	38	33	15	0	0	0	0	1	8	0	0	11	16	0	0	106	102	15	38	119	10	24	0	10	24	0	7	16	0	0	35	88	0	20	11	24	0	0	0	0	0	1	8	0	0	7	16	0	0	36	88	0	20	37	33	15	0	0	0	0	1	0	0	0	0	0	0	0	1	8	0	0	11	16	0	0	101	102	15	38	108	10	24	0	10	24	0	7	16	0	0	35	88	0	20	10	24	0	0	0	0	0	1	8	0	0	7	16	0	0	35	88	0	20	10	24	0	0	0	0	0	0	0	0	0	0	0	0	0	1	8	0	0	7	16	0	0	31	88	0	20	37	33	15	0	0	0	0	2	0	0	0	0	0	0	0	1	0	0	0	0	0	0	0	1	8	0	0	11	16	0	0	101	102	15	38
209	194	67	79	6	179	23	50	0	67	79	6	24	40	0	0	168	267	30	26	164	23	50	0	23	50	0	24	40	0	0	65	180	0	20	67	79	6	15	0	0	0	17	0	0	0	24	40	0	0	168	267	30	26	149	23	50	0	23	50	0	24	40	0	0	65	180	0	20	23	50	0	15	0	0	0	11	0	0	0	24	40	0	0	65	180	0	20	67	79	6	10	0	0	0	15	0	0	0	15	0	0	0	17	0	0	0	24	40	0	0	168	267	30	26	134	23	50	0	23	50	0	24	40	0	0	65	180	0	20	23	50	0	15	0	0	0	11	0	0	0	24	40	0	0	65	180	0	20	23	50	0	10	0	0	0	5	0	0	0	15	0	0	0	11	0	0	0	24	40	0	0	65	180	0	20	67	79	6	11	0	0	0	13	0	0	0	10	0	0	0	15	0	0	0	15	0	0	0	17	0	0	0	24	40	0	0	168	267	30	26
288	269	66	65	103	250	41	35	64	66	65	103	37	0	39	51	168	132	206	134	231	40	35	41	41	35	64	35	0	37	24	120	87	128	64	66	65	103	19	0	11	66	26	0	0	48	37	0	39	51	168	132	206	134	212	38	35	9	40	35	41	35	0	27	9	118	87	82	49	41	35	64	15	0	11	0	13	0	0	0	35	0	37	24	120	87	128	64	66	65	103	14	0	0	27	22	32	0	97	19	0	11	66	26	0	0	48	37	0	39	51	168	132	206	134	193	34	32	9	38	35	9	33	0	0	9	109	87	18	49	40	35	41	15	0	10	0	13	0	0	0	35	0	27	9	118	87	82	49	41	35	64	10	0	0	27	10	17	0	41	15	0	11	0	13	0	0	0	35	0	37	24	120	87	128	64	66	65	103	12	47	18	0	19	30	0	0	14	0	0	27	22	32	0	97	19	0	11	66	26	0	0	48	37	0	39	51	168	132	206	134
322	301	78	95	134	280	46	20	115	78	95	134	62	0	84	36	188	235	670	68	259	41	20	113	46	20	115	47	0	84	34	132	40	575	38	78	95	134	24	0	35	21	17	30	0	0	62	0	84	36	188	235	670	68	238	38	20	98	41	20	113	45	0	82	31	122	40	565	29	46	20	115	16	0	35	11	13	0	0	0	47	0	84	34	132	40	575	38	78	95	134	15	0	0	51	21	45	0	54	24	0	35	21	17	30	0	0	62	0	84	36	188	235	670	68	217	35	20	97	38	20	98	42	0	58	31	107	40	490	29	41	20	113	15	0	34	11	13	0	0	0	45	0	82	31	122	40	565	29	46	20	115	10	0	0	50	12	0	0	32	16	0	35	11	13	0	0	0	47	0	84	34	132	40	575	38	78	95	134	17	0	0	10	18	45	0	0	15	0	0	51	21	45	0	54	24	0	35	21	17	30	0	0	62	0	84	36	188	235	670	68
207	194	47	12	78	181	32	0	36	47	12	78	30	0	0	24	129	12	78	149	168	32	0	35	32	0	36	30	0	0	22	97	0	36	64	47	12	78	16	0	0	11	14	0	0	0	30	0	0	24	129	12	78	149	155	31	0	35	32	0	35	30	0	0	22	97	0	35	49	32	0	36	15	0	0	11	11	0	0	0	30	0	0	22	97	0	36	64	47	12	78	12	0	0	0	15	12	0	0	16	0	0	11	14	0	0	0	30	0	0	24	129	12	78	149	142	29	0	35	31	0	35	28	0	0	22	92	0	35	49	32	0	35	15	0	0	11	11	0	0	0	30	0	0	22	97	0	35	49	32	0	36	10	0	0	0	8	0	0	0	15	0	0	11	11	0	0	0	30	0	0	22	97	0	36	64	47	12	78	13	0	0	0	13	24	0	0	12	0	0	0	15	12	0	0	16	0	0	11	14	0	0	0	30	0	0	24	129	12	78	149
203	189	62	57	39	175	35	24	24	62	57	39	35	12	12	0	150	142	156	44	161	34	24	24	35	24	24	31	12	12	0	103	60	96	6	62	57	39	20	0	0	0	16	8	0	0	35	12	12	0	150	142	156	44	147	32	24	24	34	24	24	30	12	12	0	100	60	96	0	35	24	24	15	0	0	0	10	0	0	0	31	12	12	0	103	60	96	6	62	57	39	12	0	0	0	16	16	0	0	20	0	0	0	16	8	0	0	35	12	12	0	150	142	156	44	133	30	24	24	32	24	24	28	12	12	0	90	60	96	0	34	24	24	15	0	0	0	10	0	0	0	30	12	12	0	100	60	96	0	35	24	24	10	0	0	0	8	0	0	0	15	0	0	0	10	0	0	0	31	12	12	0	103	60	96	6	62	57	39	13	0	0	0	13	16	0	0	12	0	0	0	16	16	0	0	20	0	0	0	16	8	0	0	35	12	12	0	150	142	156	44
275	253	99	190	34	231	50	148	6	99	190	34	47	245	8	12	252	500	102	106	209	41	133	0	50	148	6	28	222	6	0	148	402	18	44	97	190	34	17	195	0	0	43	117	0	29	47	245	8	12	250	500	102	106	187	36	123	0	41	133	0	25	204	0	0	121	358	0	29	48	148	6	4	167	0	0	14	99	0	0	28	222	6	0	146	402	18	44	93	190	34	13	118	0	0	24	54	0	0	17	195	0	0	43	117	0	29	45	245	8	12	233	500	102	106	165	32	115	0	36	123	0	19	198	0	0	100	334	0	29	39	133	0	4	165	0	0	14	99	0	0	25	204	0	0	119	358	0	29	44	148	6	3	110	0	0	9	44	0	0	4	167	0	0	14	99	0	0	26	222	6	0	129	402	18	44	91	190	34	18	70	0	0	13	38	0	0	13	118	0	0	24	54	0	0	16	195	0	0	39	117	0	29	43	245	8	12	231	500	102	106
244	227	59	55	115	210	40	16	80	59	55	115	51	0	56	50	136	58	345	207	193	38	16	80	40	16	80	44	0	54	50	113	32	240	145	59	55	115	24	0	0	0	14	0	0	0	51	0	56	50	136	58	345	207	176	35	16	80	38	16	80	42	0	54	50	107	32	240	137	40	16	80	16	0	0	0	13	0	0	0	44	0	54	50	113	32	240	145	59	55	115	15	0	0	0	11	0	0	0	24	0	0	0	14	0	0	0	51	0	56	50	136	58	345	207	159	30	16	78	35	16	80	39	0	54	48	92	32	240	122	38	16	80	15	0	0	0	13	0	0	0	42	0	54	50	107	32	240	137	40	16	80	10	0	0	0	11	0	0	0	16	0	0	0	13	0	0	0	44	0	54	50	113	32	240	145	59	55	115	8	0	16	24	6	0	0	0	15	0	0	0	11	0	0	0	24	0	0	0	14	0	0	0	51	0	56	50	136	58	345	207
265	246	88	79	113	227	58	63	49	88	79	113	67	30	48	59	216	223	113	388	208	54	62	47	58	63	49	58	30	44	55	168	216	49	245	88	79	113	42	14	18	12	43	0	0	0	67	30	48	59	216	223	113	388	189	44	46	38	54	62	47	50	28	44	39	158	211	47	213	58	63	49	21	0	18	0	24	0	0	0	58	30	44	55	168	216	49	245	88	79	113	23	28	47	24	18	48	113	29	42	14	18	12	43	0	0	0	67	30	48	59	216	223	113	388	170	36	16	16	44	46	38	43	0	43	11	116	134	38	166	54	62	47	20	0	18	0	24	0	0	0	50	28	44	39	158	211	47	213	58	63	49	12	0	45	0	13	45	49	0	21	0	18	0	24	0	0	0	58	30	44	55	168	216	49	245	86	79	113	13	32	51	31	6	32	226	75	23	28	47	24	18	48	113	29	42	14	18	12	39	0	0	0	67	30	48	59	214	223	113	388
237	220	67	85	73	203	38	40	47	67	85	73	36	54	63	34	152	193	292	173	186	35	26	47	38	40	47	31	10	59	34	106	116	188	139	67	85	73	10	40	18	0	7	0	73	0	36	54	63	34	152	193	292	173	169	30	16	46	35	26	47	24	0	59	32	99	66	188	137	38	40	47	3	0	18	0	7	0	47	0	31	10	59	34	106	116	188	139	67	85	73	5	0	27	10	10	0	73	0	10	40	18	0	7	0	73	0	36	54	63	34	152	193	292	173	152	27	16	28	30	16	46	21	0	58	11	79	16	184	122	35	26	47	2	0	18	0	7	0	47	0	24	0	59	32	99	66	188	137	38	40	47	0	0	27	0	7	0	47	0	3	0	18	0	7	0	47	0	31	10	59	34	106	116	188	139	66	85	73	6	0	0	67	6	0	0	54	5	0	27	10	10	0	73	0	10	40	18	0	5	0	73	0	36	54	63	34	151	193	292	173
177	163	60	59	46	149	38	40	0	60	59	46	48	30	0	0	149	118	92	310	135	36	40	0	38	40	0	41	30	0	0	108	110	0	209	60	59	46	24	0	0	0	19	0	0	0	48	30	0	0	149	118	92	310	121	33	40	0	36	40	0	39	30	0	0	102	110	0	178	38	40	0	16	0	0	0	13	0	0	0	41	30	0	0	108	110	0	209	60	59	46	15	0	0	0	14	0	0	0	24	0	0	0	19	0	0	0	48	30	0	0	149	118	92	310	107	27	40	0	33	40	0	36	30	0	0	87	110	0	131	36	40	0	15	0	0	0	13	0	0	0	39	30	0	0	102	110	0	178	38	40	0	10	0	0	0	12	0	0	0	16	0	0	0	13	0	0	0	41	30	0	0	108	110	0	209	60	59	46	9	0	31	0	6	0	0	0	15	0	0	0	14	0	0	0	24	0	0	0	19	0	0	0	48	30	0	0	149	118	92	310
205	186	81	146	15	167	35	110	0	81	146	15	35	208	0	0	199	405	45	134	148	30	101	0	35	110	0	19	189	0	0	95	333	0	115	80	146	15	26	23	0	0	31	48	15	0	35	208	0	0	198	405	45	134	129	24	93	0	30	101	0	12	181	0	0	81	299	0	113	34	110	0	7	5	0	0	17	44	0	0	19	189	0	0	94	333	0	115	80	146	15	15	15	0	0	9	42	15	0	26	23	0	0	31	48	15	0	35	208	0	0	198	405	45	134	110	20	84	0	24	93	0	6	176	0	0	58	262	0	98	29	101	0	7	0	0	0	15	44	0	0	12	181	0	0	80	299	0	113	34	110	0	5	0	0	0	5	40	0	0	7	5	0	0	17	44	0	0	19	189	0	0	94	333	0	115	75	146	15	11	40	0	0	4	20	15	0	15	15	0	0	9	42	15	0	24	23	0	0	19	48	15	0	35	208	0	0	191	405	45	134
298	276	51	59	184	254	27	21	147	51	59	184	30	0	83	108	117	97	368	203	232	20	21	144	27	21	147	18	0	64	101	73	21	294	127	51	59	184	1	0	62	34	4	0	0	0	30	0	83	108	117	97	368	203	210	19	21	144	20	21	144	17	0	64	101	51	21	288	127	27	21	147	0	0	41	34	4	0	0	0	18	0	64	101	73	21	294	127	51	59	184	0	0	5	0	4	0	0	0	1	0	62	34	4	0	0	0	30	0	83	108	117	97	368	203	188	19	21	143	19	21	144	17	0	64	99	47	21	288	126	20	21	144	0	0	41	32	4	0	0	0	17	0	64	101	51	21	288	127	27	21	147	0	0	0	0	4	0	0	0	0	0	41	34	4	0	0	0	18	0	64	101	73	21	294	127	51	59	184	4	0	0	10	2	0	0	0	0	0	5	0	4	0	0	0	1	0	62	34	4	0	0	0	30	0	83	108	117	97	368	203
146	135	31	10	73	124	21	10	33	31	10	73	23	0	25	49	76	10	0	249	113	19	10	32	21	10	33	21	0	10	46	58	10	0	127	31	10	73	1	0	15	12	4	0	0	0	23	0	25	49	76	10	0	249	102	18	10	32	19	10	32	20	0	10	46	48	10	0	127	21	10	33	0	0	0	12	4	0	0	0	21	0	10	46	58	10	0	127	31	10	73	0	0	5	0	4	0	0	0	1	0	15	12	4	0	0	0	23	0	25	49	76	10	0	249	91	18	10	32	18	10	32	20	0	10	46	44	10	0	126	19	10	32	0	0	0	12	4	0	0	0	20	0	10	46	48	10	0	127	21	10	33	0	0	0	0	4	0	0	0	0	0	0	12	4	0	0	0	21	0	10	46	58	10	0	127	31	10	73	4	0	0	0	2	0	0	0	0	0	5	0	4	0	0	0	1	0	15	12	4	0	0	0	23	0	25	49	76	10	0	249
125	115	33	17	61	105	23	16	10	33	17	61	24	8	15	10	92	49	0	362	95	20	16	10	23	16	10	22	8	0	10	66	48	0	176	33	17	61	1	0	29	0	5	0	0	0	24	8	15	10	92	49	0	362	85	17	16	10	20	16	10	19	8	0	10	51	48	0	174	23	16	10	0	0	0	0	4	0	0	0	22	8	0	10	66	48	0	176	33	17	61	0	0	33	0	7	0	0	0	1	0	29	0	5	0	0	0	24	8	15	10	92	49	0	362	75	17	16	10	17	16	10	19	8	0	10	40	48	0	164	20	16	10	0	0	0	0	4	0	0	0	19	8	0	10	51	48	0	174	23	16	10	0	0	0	0	7	0	0	0	0	0	0	0	4	0	0	0	22	8	0	10	66	48	0	176	33	17	61	6	0	0	0	4	0	0	0	0	0	33	0	7	0	0	0	1	0	29	0	5	0	0	0	24	8	15	10	92	49	0	362
128	118	28	29	20	108	12	9	10	28	29	20	1	0	20	0	63	39	80	73	98	11	9	10	12	9	10	0	0	10	0	33	9	40	47	28	29	20	0	0	10	0	0	0	0	0	1	0	20	0	63	39	80	73	88	11	9	10	11	9	10	0	0	10	0	28	9	40	47	12	9	10	0	0	0	0	0	0	0	0	0	0	10	0	33	9	40	47	28	29	20	0	0	0	0	0	0	0	0	0	0	10	0	0	0	0	0	1	0	20	0	63	39	80	73	78	11	9	10	11	9	10	0	0	10	0	28	9	40	46	11	9	10	0	0	0	0	0	0	0	0	0	0	10	0	28	9	40	47	12	9	10	0	0	0	0	0	0	0	0	0	0	0	0	0	0	0	0	0	0	10	0	33	9	40	47	28	29	20	0	0	0	0	0	0	0	0	0	0	0	0	0	0	0	0	0	0	10	0	0	0	0	0	1	0	20	0	63	39	80	73
111	101	31	31	0	91	8	21	0	31	31	0	0	0	0	0	73	74	0	0	81	8	21	0	8	21	0	0	0	0	0	24	56	0	0	31	31	0	0	0	0	0	0	0	0	0	0	0	0	0	73	74	0	0	71	8	21	0	8	21	0	0	0	0	0	24	56	0	0	8	21	0	0	0	0	0	0	0	0	0	0	0	0	0	24	56	0	0	31	31	0	0	0	0	0	0	0	0	0	0	0	0	0	0	0	0	0	0	0	0	0	73	74	0	0	61	8	21	0	8	21	0	0	0	0	0	24	56	0	0	8	21	0	0	0	0	0	0	0	0	0	0	0	0	0	24	56	0	0	8	21	0	0	0	0	0	0	0	0	0	0	0	0	0	0	0	0	0	0	0	0	0	24	56	0	0	31	31	0	0	0	0	0	0	0	0	0	0	0	0	0	0	0	0	0	0	0	0	0	0	0	0	0	0	0	0	0	73	74	0	0
155	143	25	11	71	131	12	0	39	25	11	71	0	0	43	59	64	11	71	204	119	12	0	37	12	0	39	0	0	39	57	35	0	39	157	25	11	71	0	0	0	18	1	0	0	0	0	0	43	59	64	11	71	204	107	12	0	37	12	0	37	0	0	33	57	35	0	37	154	12	0	39	0	0	0	18	1	0	0	0	0	0	39	57	35	0	39	157	25	11	71	0	0	0	0	0	0	0	0	0	0	0	18	1	0	0	0	0	0	43	59	64	11	71	204	95	12	0	37	12	0	37	0	0	33	57	35	0	37	154	12	0	37	0	0	0	18	1	0	0	0	0	0	33	57	35	0	37	154	12	0	39	0	0	0	0	0	0	0	0	0	0	0	18	1	0	0	0	0	0	39	57	35	0	39	157	25	11	71	0	0	0	0	0	0	0	0	0	0	0	0	0	0	0	0	0	0	0	18	1	0	0	0	0	0	43	59	64	11	71	204
103	94	24	14	14	85	8	14	6	24	14	14	0	0	7	6	60	42	0	20	76	8	14	6	8	14	6	0	0	6	6	25	42	0	10	24	14	14	0	0	0	0	0	0	0	0	0	0	7	6	60	42	0	20	67	8	14	6	8	14	6	0	0	6	6	25	42	0	10	8	14	6	0	0	0	0	0	0	0	0	0	0	6	6	25	42	0	10	24	14	14	0	0	0	0	0	0	0	0	0	0	0	0	0	0	0	0	0	0	7	6	60	42	0	20	58	8	14	6	8	14	6	0	0	6	6	25	42	0	10	8	14	6	0	0	0	0	0	0	0	0	0	0	6	6	25	42	0	10	8	14	6	0	0	0	0	0	0	0	0	0	0	0	0	0	0	0	0	0	0	6	6	25	42	0	10	24	14	14	0	0	0	0	0	0	0	0	0	0	0	0	0	0	0	0	0	0	0	0	0	0	0	0	0	0	7	6	60	42	0	20
191	175	52	61	67	159	26	28	32	52	61	67	19	0	65	72	142	172	201	204	143	25	28	15	26	28	32	18	0	54	15	76	84	96	157	52	61	67	2	0	8	18	9	0	0	88	19	0	65	72	142	172	201	204	127	25	28	15	25	28	15	18	0	33	15	72	84	45	154	26	28	32	2	0	5	18	9	0	0	47	18	0	54	15	76	84	96	157	52	61	67	0	0	0	0	7	0	0	0	2	0	8	18	9	0	0	88	19	0	65	72	142	172	201	204	111	25	28	15	25	28	15	18	0	33	15	72	84	45	154	25	28	15	2	0	0	18	9	0	0	47	18	0	33	15	72	84	45	154	26	28	32	0	0	0	0	4	0	0	0	2	0	5	18	9	0	0	47	18	0	54	15	76	84	96	157	51	61	67	4	0	0	0	4	0	0	0	0	0	0	0	7	0	0	0	2	0	8	18	7	0	0	88	19	0	65	72	141	172	201	204
120	110	31	27	9	100	13	9	6	31	27	9	2	0	7	6	80	81	27	0	90	13	9	6	13	9	6	2	0	6	6	42	45	18	0	31	27	9	0	0	0	0	3	0	0	0	2	0	7	6	80	81	27	0	80	13	9	6	13	9	6	2	0	6	6	42	45	18	0	13	9	6	0	0	0	0	3	0	0	0	2	0	6	6	42	45	18	0	31	27	9	0	0	0	0	1	0	0	0	0	0	0	0	3	0	0	0	2	0	7	6	80	81	27	0	70	13	9	6	13	9	6	2	0	6	6	42	45	18	0	13	9	6	0	0	0	0	3	0	0	0	2	0	6	6	42	45	18	0	13	9	6	0	0	0	0	0	0	0	0	0	0	0	0	3	0	0	0	2	0	6	6	42	45	18	0	31	27	9	0	0	0	0	0	0	0	0	0	0	0	0	1	0	0	0	0	0	0	0	3	0	0	0	2	0	7	6	80	81	27	0
108	99	28	20	7	90	13	8	0	28	20	7	2	0	0	0	74	58	14	20	81	13	8	0	13	8	0	2	0	0	0	40	40	0	10	28	20	7	0	0	0	0	2	0	0	0	2	0	0	0	74	58	14	20	72	13	8	0	13	8	0	2	0	0	0	40	40	0	10	13	8	0	0	0	0	0	2	0	0	0	2	0	0	0	40	40	0	10	28	20	7	0	0	0	0	0	0	0	0	0	0	0	0	2	0	0	0	2	0	0	0	74	58	14	20	63	13	8	0	13	8	0	2	0	0	0	40	40	0	10	13	8	0	0	0	0	0	2	0	0	0	2	0	0	0	40	40	0	10	13	8	0	0	0	0	0	0	0	0	0	0	0	0	0	2	0	0	0	2	0	0	0	40	40	0	10	28	20	7	0	0	0	0	0	0	0	0	0	0	0	0	0	0	0	0	0	0	0	0	2	0	0	0	2	0	0	0	74	58	14	20
161	147	33	25	77	133	15	13	37	33	25	77	7	0	0	52	89	51	77	154	119	14	13	34	15	13	37	4	0	0	46	47	39	37	77	33	25	77	3	0	0	25	11	13	0	0	7	0	0	52	89	51	77	154	105	14	13	32	14	13	34	4	0	0	42	46	39	34	58	15	13	37	3	0	0	23	10	13	0	0	4	0	0	46	47	39	37	77	33	25	77	0	0	0	18	7	0	0	0	3	0	0	25	11	13	0	0	7	0	0	52	89	51	77	154	91	14	13	32	14	13	32	4	0	0	42	46	39	32	58	14	13	34	3	0	0	23	8	13	0	0	4	0	0	42	46	39	34	58	15	13	37	0	0	0	18	0	0	0	0	3	0	0	23	10	13	0	0	4	0	0	46	47	39	37	77	30	25	77	1	0	0	0	4	0	0	0	0	0	0	18	7	0	0	0	3	0	0	25	5	13	0	0	7	0	0	52	86	51	77	154
128	117	41	28	34	106	19	0	32	41	28	34	10	0	11	24	97	70	136	0	95	19	0	31	19	0	32	10	0	11	22	56	0	128	0	41	28	34	17	0	0	11	41	0	0	0	10	0	11	24	97	70	136	0	84	16	0	28	19	0	31	10	0	11	18	56	0	124	0	19	0	32	6	0	0	9	17	0	0	0	10	0	11	22	56	0	128	0	41	28	34	10	0	0	28	9	21	0	0	17	0	0	11	41	0	0	0	10	0	11	24	97	70	136	0	73	14	0	27	16	0	28	6	0	10	18	43	0	112	0	19	0	31	6	0	0	9	17	0	0	0	10	0	11	18	56	0	124	0	19	0	32	2	0	0	27	2	0	0	0	6	0	0	9	17	0	0	0	10	0	11	22	56	0	128	0	37	28	34	7	0	0	9	2	14	0	0	10	0	0	28	9	21	0	0	17	0	0	11	33	0	0	0	10	0	11	24	93	70	136	0
191	173	72	97	75	155	34	47	60	72	97	75	33	0	50	46	168	287	375	67	137	31	45	51	34	47	60	28	0	49	37	86	137	300	32	70	97	75	15	30	0	80	58	49	0	0	33	0	50	46	166	287	375	67	119	28	45	19	31	45	51	28	0	44	18	83	135	255	15	32	47	60	4	30	0	9	23	49	0	0	28	0	49	37	84	137	300	32	68	97	75	10	0	0	28	17	30	0	201	15	30	0	80	58	49	0	0	31	0	50	46	162	287	375	67	102	26	45	18	28	45	19	24	0	10	18	70	135	95	15	31	45	51	4	30	0	9	21	45	0	0	28	0	44	18	83	135	255	15	31	47	60	2	0	0	27	4	0	0	96	4	30	0	9	23	49	0	0	28	0	49	37	82	137	300	32	62	80	75	13	0	0	9	6	20	0	0	10	0	0	28	17	30	0	201	15	30	0	80	47	15	0	0	29	0	50	46	155	270	375	67
123	111	41	43	23	99	14	27	0	41	43	23	5	18	0	0	103	126	46	83	87	13	27	0	14	27	0	2	18	0	0	40	99	0	38	41	43	23	3	0	0	0	24	9	0	0	5	18	0	0	103	126	46	83	75	13	27	0	13	27	0	2	18	0	0	39	99	0	21	14	27	0	3	0	0	0	12	9	0	0	2	18	0	0	40	99	0	38	41	43	23	0	0	0	0	7	0	0	0	3	0	0	0	24	9	0	0	5	18	0	0	103	126	46	83	63	13	27	0	13	27	0	2	18	0	0	39	99	0	21	13	27	0	3	0	0	0	10	9	0	0	2	18	0	0	39	99	0	21	14	27	0	0	0	0	0	0	0	0	0	3	0	0	0	12	9	0	0	2	18	0	0	40	99	0	38	34	43	23	1	0	0	0	4	0	0	0	0	0	0	0	7	0	0	0	3	0	0	0	10	9	0	0	5	18	0	0	94	126	46	83
99	90	35	23	6	81	14	8	0	35	23	6	7	0	0	0	85	54	18	9	72	13	8	0	14	8	0	4	0	0	0	41	24	0	6	35	23	6	6	0	0	0	26	8	0	0	7	0	0	0	85	54	18	9	63	12	8	0	13	8	0	4	0	0	0	40	24	0	6	14	8	0	3	0	0	0	12	8	0	0	4	0	0	0	41	24	0	6	35	23	6	0	0	0	0	7	5	0	0	6	0	0	0	26	8	0	0	7	0	0	0	85	54	18	9	54	12	8	0	12	8	0	4	0	0	0	36	24	0	6	13	8	0	3	0	0	0	10	8	0	0	4	0	0	0	40	24	0	6	14	8	0	0	0	0	0	0	0	0	0	3	0	0	0	12	8	0	0	4	0	0	0	41	24	0	6	31	23	6	1	0	0	0	4	0	0	0	0	0	0	0	7	5	0	0	6	0	0	0	18	8	0	0	7	0	0	0	81	54	18	9
181	164	64	55	100	147	38	16	75	64	55	100	42	0	66	37	155	116	300	115	130	29	13	75	38	16	75	23	0	66	37	101	64	225	92	62	55	100	29	39	11	0	65	104	0	0	42	0	66	37	153	116	300	115	113	23	0	74	29	13	75	17	0	66	36	70	52	225	82	36	16	75	8	0	11	0	23	0	0	0	23	0	66	37	99	64	225	92	59	55	100	15	0	33	14	10	13	100	0	29	39	11	0	65	104	0	0	40	0	66	37	144	116	300	115	96	18	0	53	23	0	74	10	0	66	20	50	0	222	47	27	13	75	7	0	11	0	23	0	0	0	17	0	66	36	68	52	225	82	33	16	75	3	0	33	0	4	0	75	0	8	0	11	0	23	0	0	0	21	0	66	37	90	64	225	92	52	55	100	12	0	44	74	0	0	0	113	15	0	33	14	10	13	100	0	28	39	11	0	52	104	0	0	36	0	66	37	136	116	300	115
179	160	95	127	54	141	56	85	35	95	127	54	78	82	44	24	235	315	216	109	122	39	74	34	56	85	35	41	78	44	23	143	245	140	92	88	127	54	29	115	11	8	72	188	0	0	78	82	44	24	228	315	216	109	103	32	46	30	39	74	34	29	62	44	19	94	202	136	82	49	85	35	7	41	11	5	28	90	0	0	41	78	44	23	136	245	140	92	80	127	54	8	102	33	29	13	39	108	0	29	115	11	8	72	188	0	0	72	82	44	24	203	315	216	109	85	26	22	8	32	46	30	26	18	44	0	75	99	120	47	34	74	34	6	31	11	0	26	86	0	0	29	62	44	19	89	202	136	82	42	85	35	4	26	33	0	4	26	70	0	7	41	11	5	28	90	0	0	37	78	44	23	113	245	140	92	71	109	54	14	62	67	24	0	0	108	128	8	102	33	29	13	39	108	0	26	115	11	8	53	152	0	0	68	82	44	24	191	297	216	109
124	111	44	42	41	98	23	31	0	44	42	41	15	21	0	0	99	75	41	215	85	19	30	0	23	31	0	10	20	0	0	61	71	0	129	42	42	41	16	10	0	0	59	43	0	0	15	21	0	0	97	75	41	215	72	16	30	0	19	30	0	10	20	0	0	54	70	0	116	21	31	0	5	10	0	0	19	32	0	0	10	20	0	0	59	71	0	129	40	42	41	10	0	0	0	5	0	0	0	16	10	0	0	59	43	0	0	13	21	0	0	93	75	41	215	60	14	29	0	16	30	0	6	20	0	0	41	70	0	79	19	30	0	5	10	0	0	17	30	0	0	10	20	0	0	54	70	0	116	20	31	0	2	0	0	0	2	0	0	0	5	10	0	0	19	32	0	0	10	20	0	0	57	71	0	129	31	30	41	6	9	0	0	0	0	0	0	10	0	0	0	5	0	0	0	16	10	0	0	42	19	0	0	11	21	0	0	81	63	41	215
112	101	44	26	29	90	27	10	0	44	26	29	26	0	0	0	105	34	58	138	79	20	10	0	27	10	0	12	0	0	0	75	10	0	92	42	26	29	17	0	0	0	47	60	0	0	26	0	0	0	103	34	58	138	68	17	10	0	20	10	0	12	0	0	0	57	10	0	82	25	10	0	6	0	0	0	17	20	0	0	12	0	0	0	73	10	0	92	40	26	29	10	0	0	0	5	0	0	0	17	0	0	0	47	60	0	0	24	0	0	0	99	34	58	138	58	15	10	0	17	10	0	8	0	0	0	44	10	0	47	20	10	0	6	0	0	0	17	20	0	0	12	0	0	0	57	10	0	82	24	10	0	2	0	0	0	2	0	0	0	6	0	0	0	17	20	0	0	12	0	0	0	71	10	0	92	35	16	29	7	0	0	0	0	0	0	0	10	0	0	0	5	0	0	0	17	0	0	0	38	40	0	0	22	0	0	0	93	24	58	138
116	103	62	57	10	90	37	30	0	62	57	10	42	20	0	0	149	104	50	75	77	23	30	0	37	30	0	15	20	0	0	100	50	0	60	56	57	10	19	0	0	0	43	85	0	0	42	20	0	0	143	104	50	75	65	19	30	0	23	30	0	12	20	0	0	65	50	0	51	33	30	0	7	0	0	0	19	30	0	0	15	20	0	0	96	50	0	60	47	45	10	11	0	0	0	6	5	0	0	19	0	0	0	43	85	0	0	36	20	0	0	116	80	50	75	55	17	30	0	19	30	0	8	20	0	0	49	50	0	19	22	30	0	7	0	0	0	19	30	0	0	12	20	0	0	64	50	0	51	27	20	0	3	0	0	0	4	0	0	0	7	0	0	0	19	30	0	0	13	20	0	0	75	30	0	60	42	25	10	12	0	0	0	0	0	0	0	11	0	0	0	6	5	0	0	18	0	0	0	33	55	0	0	34	0	0	0	111	50	50	75
128	115	53	12	78	102	38	12	31	53	12	78	46	0	13	33	143	48	0	234	89	22	0	31	38	12	31	20	0	11	33	100	48	0	110	51	12	78	7	0	70	0	23	0	78	0	46	0	13	33	141	48	0	234	76	18	0	31	22	0	31	10	0	11	33	51	0	0	109	36	12	31	5	0	33	0	19	0	31	0	20	0	11	33	98	48	0	110	44	12	78	3	0	31	0	7	0	0	0	7	0	70	0	23	0	78	0	44	0	13	33	118	48	0	234	63	16	0	31	18	0	31	8	0	11	33	41	0	0	104	20	0	31	3	0	33	0	19	0	31	0	10	0	11	33	49	0	0	109	29	12	31	3	0	11	0	4	0	0	0	5	0	33	0	19	0	31	0	18	0	11	33	75	48	0	110	38	12	78	7	0	18	0	0	0	0	0	3	0	31	0	7	0	0	0	6	0	70	0	12	0	78	0	40	0	13	33	111	48	0	234
137	122	56	63	52	107	26	23	44	56	63	52	34	36	71	33	144	191	208	10	92	13	14	44	26	23	44	12	0	69	33	72	79	176	0	50	63	52	3	0	39	0	8	0	52	0	34	36	71	33	138	191	208	10	78	11	14	44	13	14	44	6	0	69	33	33	70	176	0	25	23	44	1	0	33	0	8	0	44	0	12	0	69	33	71	79	176	0	43	49	52	1	0	13	0	2	0	0	0	3	0	39	0	8	0	52	0	32	36	71	33	115	121	208	10	64	11	14	44	11	14	44	6	0	69	33	28	70	176	0	12	14	44	1	0	33	0	8	0	44	0	6	0	69	33	32	70	176	0	18	9	44	1	0	11	0	2	0	0	0	1	0	33	0	8	0	44	0	10	0	69	33	48	9	176	0	40	49	52	6	0	0	0	0	0	0	0	1	0	13	0	2	0	0	0	2	0	39	0	3	0	52	0	28	36	71	33	111	121	208	10
149	133	64	75	48	117	36	36	11	64	75	48	34	108	13	22	170	216	144	193	101	23	0	11	36	36	11	20	0	11	22	97	108	33	110	60	75	48	6	0	70	0	24	0	192	0	34	108	13	22	166	216	144	193	85	19	0	11	23	0	11	10	0	11	22	56	0	33	109	32	36	11	4	0	33	0	16	0	44	0	20	0	11	22	93	108	33	110	51	75	48	3	0	31	0	10	0	0	0	6	0	70	0	24	0	192	0	30	108	13	22	133	216	144	193	69	18	0	11	19	0	11	8	0	11	22	46	0	33	104	19	0	11	2	0	33	0	16	0	44	0	10	0	11	22	52	0	33	109	23	36	11	3	0	11	0	4	0	0	0	4	0	33	0	16	0	44	0	16	0	11	22	60	108	33	110	46	75	48	13	0	9	0	0	0	0	0	3	0	31	0	10	0	0	0	5	0	70	0	15	0	192	0	26	108	13	22	127	216	144	193
132	115	76	104	40	98	39	86	11	75	104	40	53	105	13	22	190	293	40	164	82	20	60	11	39	86	11	19	76	11	22	103	225	11	110	62	88	40	12	21	70	0	24	62	120	0	53	105	13	22	177	277	40	164	68	15	51	11	20	60	11	6	52	11	22	48	141	11	109	33	72	11	5	13	33	0	15	53	33	0	19	76	11	22	97	211	11	110	54	60	40	5	12	31	0	8	24	40	0	12	21	70	0	24	62	120	0	49	77	13	22	149	179	40	164	55	14	46	11	15	51	11	4	50	11	22	37	116	11	104	16	47	11	3	13	33	0	15	50	33	0	6	52	11	22	44	128	11	109	26	46	11	5	9	11	0	2	18	11	0	5	13	33	0	15	53	33	0	17	50	11	22	71	120	11	110	49	47	40	11	51	9	0	0	0	0	0	5	12	31	0	8	24	40	0	10	8	70	0	13	36	120	0	47	51	13	22	141	166	40	164
103	90	51	58	14	77	26	42	0	51	58	14	34	24	0	0	122	148	28	64	64	15	30	0	26	42	0	15	0	0	0	73	120	0	35	40	58	14	5	0	18	0	18	0	28	0	34	24	0	0	111	148	28	64	54	12	30	0	15	30	0	8	0	0	0	37	90	0	34	24	42	0	4	0	0	0	14	0	0	0	15	0	0	0	71	120	0	35	35	28	14	3	0	18	0	7	0	0	0	5	0	18	0	18	0	28	0	32	24	0	0	92	58	28	64	44	11	30	0	12	30	0	6	0	0	0	29	90	0	30	13	30	0	2	0	0	0	14	0	0	0	8	0	0	0	35	90	0	34	19	12	0	3	0	0	0	4	0	0	0	4	0	0	0	14	0	0	0	13	0	0	0	52	30	0	35	31	28	14	8	0	9	0	0	0	0	0	3	0	18	0	7	0	0	0	4	0	18	0	11	0	28	0	28	24	0	0	87	58	28	64
106	94	30	20	58	82	5	0	32	30	20	58	0	0	67	22	81	30	116	114	70	5	0	32	5	0	32	0	0	10	22	19	0	64	55	30	20	58	0	0	0	0	0	0	0	0	0	0	67	22	81	30	116	114	58	5	0	32	5	0	32	0	0	10	22	19	0	64	55	5	0	32	0	0	0	0	0	0	0	0	0	0	10	22	19	0	64	55	25	20	58	0	0	0	0	0	0	0	0	0	0	0	0	0	0	0	0	0	0	67	22	62	30	116	114	46	5	0	32	5	0	32	0	0	10	22	19	0	64	55	5	0	32	0	0	0	0	0	0	0	0	0	0	10	22	19	0	64	55	0	0	32	0	0	0	0	0	0	0	0	0	0	0	0	0	0	0	0	0	0	10	22	0	0	64	55	25	20	58	1	0	0	0	0	0	0	0	0	0	0	0	0	0	0	0	0	0	0	0	0	0	0	0	0	0	67	22	62	30	116	114
130	115	49	50	77	100	12	0	45	49	50	77	12	0	130	74	125	150	385	140	85	10	0	43	12	0	45	6	0	49	66	32	0	225	66	45	50	77	1	0	25	22	16	0	0	0	12	0	130	74	121	150	385	140	70	10	0	43	10	0	43	6	0	43	66	27	0	215	66	8	0	45	1	0	13	22	5	0	0	0	6	0	49	66	28	0	225	66	40	50	77	1	0	0	0	10	0	0	0	1	0	25	22	16	0	0	0	8	0	130	74	99	150	385	140	55	10	0	43	10	0	43	6	0	43	66	27	0	215	66	6	0	43	1	0	11	22	2	0	0	0	6	0	43	66	23	0	215	66	3	0	45	1	0	0	0	2	0	0	0	1	0	13	22	5	0	0	0	2	0	49	66	6	0	225	66	39	50	77	11	0	0	0	0	0	0	0	1	0	0	0	10	0	0	0	0	0	25	22	14	0	0	0	6	0	130	74	98	150	385	140
62	55	19	6	39	48	5	0	14	19	6	39	0	0	57	14	52	6	39	114	41	5	0	14	5	0	14	0	0	0	14	19	0	14	55	19	6	39	0	0	0	0	0	0	0	0	0	0	57	14	52	6	39	114	34	5	0	14	5	0	14	0	0	0	14	19	0	14	55	5	0	14	0	0	0	0	0	0	0	0	0	0	0	14	19	0	14	55	14	6	39	0	0	0	0	0	0	0	0	0	0	0	0	0	0	0	0	0	0	57	14	33	6	39	114	27	5	0	14	5	0	14	0	0	0	14	19	0	14	55	5	0	14	0	0	0	0	0	0	0	0	0	0	0	14	19	0	14	55	0	0	14	0	0	0	0	0	0	0	0	0	0	0	0	0	0	0	0	0	0	0	14	0	0	14	55	14	6	39	1	0	0	0	0	0	0	0	0	0	0	0	0	0	0	0	0	0	0	0	0	0	0	0	0	0	57	14	33	6	39	114
86	76	30	24	19	66	5	0	10	30	24	19	2	0	19	0	75	66	76	52	56	5	0	10	5	0	10	2	0	10	0	17	0	40	44	28	24	19	0	0	0	0	7	0	0	0	2	0	19	0	73	66	76	52	46	5	0	10	5	0	10	2	0	10	0	17	0	40	44	3	0	10	0	0	0	0	0	0	0	0	2	0	10	0	15	0	40	44	25	24	19	0	0	0	0	5	0	0	0	0	0	0	0	7	0	0	0	0	0	19	0	58	66	76	52	36	5	0	10	5	0	10	2	0	10	0	17	0	40	44	3	0	10	0	0	0	0	0	0	0	0	2	0	10	0	15	0	40	44	0	0	10	0	0	0	0	0	0	0	0	0	0	0	0	0	0	0	0	0	0	10	0	0	0	40	44	25	24	19	6	0	0	0	0	0	0	0	0	0	0	0	5	0	0	0	0	0	0	0	7	0	0	0	0	0	19	0	58	66	76	52
68	60	24	16	10	52	2	0	10	24	16	10	0	0	10	0	58	40	40	0	44	2	0	10	2	0	10	0	0	10	0	6	0	40	0	23	16	10	0	0	0	0	7	0	0	0	0	0	10	0	57	40	40	0	36	2	0	10	2	0	10	0	0	10	0	6	0	40	0	1	0	10	0	0	0	0	0	0	0	0	0	0	10	0	5	0	40	0	22	16	10	0	0	0	0	5	0	0	0	0	0	0	0	7	0	0	0	0	0	10	0	52	40	40	0	28	2	0	10	2	0	10	0	0	10	0	6	0	40	0	1	0	10	0	0	0	0	0	0	0	0	0	0	10	0	5	0	40	0	0	0	10	0	0	0	0	0	0	0	0	0	0	0	0	0	0	0	0	0	0	10	0	0	0	40	0	22	16	10	1	0	0	0	0	0	0	0	0	0	0	0	5	0	0	0	0	0	0	0	7	0	0	0	0	0	10	0	52	40	40	0
109	95	34	33	74	81	11	0	49	34	33	74	17	0	60	57	88	66	222	106	67	8	0	45	11	0	49	8	0	59	53	28	0	147	65	30	33	74	8	0	0	52	17	33	0	0	17	0	60	57	84	66	222	106	53	6	0	43	8	0	45	2	0	55	51	18	0	135	63	7	0	49	2	0	0	44	6	0	0	0	8	0	59	53	24	0	147	65	28	33	74	3	0	0	22	6	22	0	0	8	0	0	52	17	33	0	0	15	0	60	57	74	66	222	106	39	6	0	43	6	0	43	2	0	53	51	14	0	129	63	4	0	45	2	0	0	44	6	0	0	0	2	0	55	51	14	0	135	63	5	0	49	3	0	0	22	0	0	0	0	2	0	0	44	6	0	0	0	6	0	59	53	14	0	147	65	26	33	74	9	0	0	0	0	0	0	0	3	0	0	22	6	22	0	0	6	0	0	52	11	33	0	0	15	0	60	57	70	66	222	106
122	106	34	29	96	90	12	15	49	34	29	96	6	0	27	100	78	89	96	203	74	12	15	13	12	15	49	6	0	25	13	31	75	49	111	25	29	96	1	0	0	52	17	0	0	154	6	0	27	100	69	89	96	203	59	12	15	11	12	15	13	6	0	13	11	31	75	13	109	8	15	49	1	0	0	44	2	0	0	66	6	0	25	13	27	75	49	111	18	14	96	1	0	0	22	10	0	0	0	1	0	0	52	17	0	0	154	2	0	27	100	43	14	96	203	44	11	14	11	12	15	11	6	0	11	11	31	75	11	109	8	15	13	1	0	0	44	2	0	0	66	6	0	13	11	27	75	13	109	1	0	49	0	0	0	22	0	0	0	0	1	0	0	44	2	0	0	66	2	0	25	13	1	0	49	111	17	14	96	7	14	9	0	0	0	0	0	1	0	0	22	10	0	0	0	0	0	0	52	15	0	0	154	0	0	27	100	42	14	96	203
134	116	50	69	102	98	24	17	81	49	69	102	28	0	53	64	124	147	408	87	81	19	17	35	24	17	81	13	0	51	13	60	17	324	55	42	52	102	17	0	13	127	32	52	0	180	28	0	53	64	117	130	408	87	64	16	17	11	19	17	35	6	0	31	11	42	17	140	53	17	0	81	7	0	13	44	15	0	0	53	13	0	51	13	53	0	324	55	35	52	102	9	0	0	22	9	39	0	154	17	0	13	127	32	52	0	180	24	0	53	64	91	130	408	87	47	14	17	11	16	17	11	6	0	11	11	35	17	44	53	12	0	35	6	0	9	44	14	0	0	53	6	0	31	11	35	0	140	53	10	0	81	6	0	0	22	0	0	0	110	7	0	13	44	15	0	0	53	9	0	51	13	27	0	324	55	30	52	102	23	0	22	0	0	0	0	0	9	0	0	22	9	39	0	154	11	0	13	127	18	52	0	180	22	0	53	64	82	130	408	87
114	97	54	89	50	80	19	42	30	52	89	50	26	28	35	35	122	235	250	96	65	14	42	9	19	42	30	11	28	34	0	45	98	150	55	41	59	50	17	0	13	36	33	36	0	88	26	28	35	35	111	205	250	96	51	11	42	0	14	42	9	4	28	18	0	27	98	45	53	13	14	30	7	0	13	0	15	0	0	22	11	28	34	0	39	70	150	55	38	45	50	9	0	0	0	9	27	0	54	17	0	13	36	33	36	0	88	24	0	35	35	99	135	250	96	37	9	37	0	11	42	0	4	28	0	0	20	98	0	53	8	14	9	6	0	9	0	14	0	0	22	4	28	18	0	21	70	45	53	10	0	30	6	0	0	0	0	0	0	35	7	0	13	0	15	0	0	22	9	0	34	0	27	0	150	55	33	45	50	18	45	22	0	0	0	0	0	9	0	0	0	9	27	0	54	11	0	13	36	19	36	0	88	22	0	35	35	90	135	250	96
86	75	21	18	42	64	5	0	9	21	18	42	2	0	0	27	55	27	84	164	53	5	0	0	5	0	9	2	0	0	0	13	0	18	97	18	18	42	0	0	0	0	13	0	0	48	2	0	0	27	52	27	84	164	42	5	0	0	5	0	0	2	0	0	0	13	0	0	95	2	0	9	0	0	0	0	0	0	0	11	2	0	0	0	10	0	18	97	16	18	42	0	0	0	0	8	0	0	0	0	0	0	0	13	0	0	48	0	0	0	27	42	27	84	164	31	5	0	0	5	0	0	2	0	0	0	13	0	0	95	2	0	0	0	0	0	0	0	0	0	11	2	0	0	0	10	0	0	95	0	0	9	0	0	0	0	0	0	0	0	0	0	0	0	0	0	0	11	0	0	0	0	0	0	18	97	16	18	42	6	0	0	0	0	0	0	0	0	0	0	0	8	0	0	0	0	0	0	0	13	0	0	48	0	0	0	27	42	27	84	164
131	112	42	34	185	93	17	0	136	42	34	185	25	0	59	102	107	119	370	268	74	12	0	135	17	0	136	9	0	57	99	36	0	272	169	35	34	185	16	0	0	17	20	17	0	0	25	0	59	102	100	119	370	268	55	8	0	127	12	0	135	2	0	57	79	20	0	270	89	10	0	136	5	0	0	13	14	0	0	0	9	0	57	99	29	0	272	169	34	34	185	6	0	15	88	0	0	0	0	16	0	0	17	20	17	0	0	23	0	59	102	95	119	370	268	36	7	0	112	8	0	127	2	0	53	55	12	0	254	54	5	0	135	5	0	0	11	12	0	0	0	2	0	57	79	13	0	270	89	9	0	136	6	0	13	44	0	0	0	0	5	0	0	13	14	0	0	0	7	0	57	99	24	0	272	169	29	34	185	15	0	9	81	0	0	0	54	6	0	15	88	0	0	0	0	11	0	0	17	6	17	0	0	23	0	59	102	86	119	370	268
83	71	38	11	78	59	17	0	21	38	11	78	25	0	44	10	100	33	78	364	47	12	0	21	17	0	21	9	0	44	10	40	0	21	218	31	11	78	15	0	0	0	17	11	0	0	25	0	44	10	93	33	78	364	35	9	0	21	12	0	21	2	0	44	10	24	0	21	102	10	0	21	5	0	0	0	12	0	0	0	9	0	44	10	33	0	21	218	29	11	78	6	0	0	0	0	0	0	0	15	0	0	0	17	11	0	0	23	0	44	10	83	33	78	364	23	7	0	20	9	0	21	2	0	44	10	17	0	21	65	5	0	21	5	0	0	0	10	0	0	0	2	0	44	10	17	0	21	102	8	0	21	6	0	0	0	0	0	0	0	5	0	0	0	12	0	0	0	7	0	44	10	23	0	21	218	25	11	78	15	0	23	10	0	0	0	0	6	0	0	0	0	0	0	0	10	0	0	0	5	11	0	0	23	0	44	10	75	33	78	364
86	73	45	40	39	60	15	0	29	45	40	39	25	0	52	10	116	120	195	50	47	10	0	29	15	0	29	9	0	52	10	34	0	145	30	39	40	39	15	0	0	0	17	8	0	0	25	0	52	10	110	120	195	50	34	7	0	29	10	0	29	2	0	52	10	18	0	145	9	9	0	29	5	0	0	0	12	0	0	0	9	0	52	10	28	0	145	30	38	40	39	6	0	0	0	0	0	0	0	15	0	0	0	17	8	0	0	23	0	52	10	105	120	195	50	21	6	0	28	7	0	29	2	0	52	10	11	0	145	0	4	0	29	5	0	0	0	10	0	0	0	2	0	52	10	12	0	145	9	8	0	29	6	0	0	0	0	0	0	0	5	0	0	0	12	0	0	0	7	0	52	10	23	0	145	30	34	40	39	15	0	9	10	0	0	0	0	6	0	0	0	0	0	0	0	10	0	0	0	5	8	0	0	23	0	52	10	97	120	195	50
113	94	62	119	71	75	21	74	33	61	119	71	28	168	59	53	136	302	213	226	57	13	36	32	21	74	33	7	60	57	50	36	170	99	160	48	101	71	9	92	0	8	31	106	213	0	28	168	59	53	123	284	213	226	39	10	13	20	13	36	32	6	0	57	18	24	56	96	89	8	56	33	4	26	0	0	10	78	99	0	7	60	57	50	23	152	99	160	41	101	71	3	39	27	36	0	0	142	40	9	92	0	8	31	106	213	0	10	168	59	53	100	284	213	226	23	7	10	10	10	13	20	4	0	53	0	19	13	60	54	6	20	32	4	20	0	0	8	60	96	0	6	0	57	18	17	40	96	89	5	56	33	3	30	22	0	0	0	66	11	4	26	0	0	10	78	99	0	3	60	57	50	11	152	99	160	27	69	71	12	30	33	10	0	0	0	54	3	39	27	36	0	0	142	40	5	60	0	8	6	10	213	0	8	168	59	53	79	220	213	226
81	66	47	81	22	51	15	52	0	44	81	22	32	34	0	0	105	179	88	152	39	7	39	0	15	52	0	8	6	0	0	28	96	0	111	36	45	22	8	57	0	0	20	50	22	0	32	34	0	0	97	143	88	152	27	5	30	0	7	39	0	2	0	0	0	13	51	0	44	7	16	0	2	30	0	0	8	40	0	0	8	6	0	0	20	60	0	111	32	45	22	3	30	0	0	0	0	22	0	8	57	0	0	20	50	22	0	18	34	0	0	83	143	88	152	16	4	18	0	5	30	0	2	0	0	0	9	30	0	11	3	6	0	2	18	0	0	6	24	0	0	2	0	0	0	9	18	0	44	6	16	0	3	18	0	0	0	0	0	0	2	30	0	0	8	40	0	0	6	6	0	0	15	60	0	111	24	34	22	3	72	9	0	0	0	0	0	3	30	0	0	0	0	22	0	6	24	0	0	4	6	22	0	18	34	0	0	70	110	88	152
95	79	21	15	122	63	5	0	103	21	15	122	4	0	6	52	53	15	122	61	47	3	0	103	5	0	103	0	0	0	52	7	0	103	29	18	15	122	3	0	6	0	6	0	0	0	4	0	6	52	50	15	122	61	31	3	0	103	3	0	103	0	0	0	52	3	0	103	29	2	0	103	3	0	0	0	6	0	0	0	0	0	0	52	4	0	103	29	18	15	122	3	0	0	0	0	0	0	0	3	0	6	0	6	0	0	0	4	0	6	52	50	15	122	61	15	0	0	103	3	0	103	0	0	0	52	3	0	103	29	0	0	103	0	0	0	0	0	0	0	0	0	0	0	52	0	0	103	29	2	0	103	0	0	0	0	0	0	0	0	3	0	0	0	6	0	0	0	0	0	0	52	4	0	103	29	15	15	122	0	0	18	0	0	0	0	0	3	0	0	0	0	0	0	0	0	0	6	0	0	0	0	0	4	0	6	52	45	15	122	61
115	95	39	67	139	75	12	16	81	39	67	139	10	48	55	74	84	147	417	395	55	4	0	79	12	16	81	0	0	19	70	16	16	243	219	33	67	139	5	0	68	26	29	38	139	0	10	48	55	74	78	147	417	395	35	4	0	79	4	0	79	0	0	19	70	4	0	237	217	6	16	81	5	0	40	26	16	32	81	0	0	0	19	70	10	16	243	219	32	67	139	6	0	0	0	0	0	0	0	5	0	68	26	29	38	139	0	8	48	55	74	76	147	417	395	16	0	0	74	4	0	79	0	0	19	62	4	0	237	197	0	0	79	0	0	38	18	0	0	79	0	0	0	19	70	0	0	237	217	6	16	81	0	0	0	0	0	0	0	0	5	0	40	26	16	32	81	0	0	0	19	70	10	16	243	219	18	48	139	0	0	28	45	0	0	0	0	6	0	0	0	0	0	0	0	0	0	68	26	0	0	139	0	8	48	55	74	54	128	417	395
64	53	30	18	46	42	8	0	18	30	18	46	10	0	36	44	70	45	92	132	31	4	0	18	8	0	18	0	0	0	44	12	0	36	62	26	18	46	5	0	26	0	19	0	0	0	10	0	36	44	66	45	92	132	20	4	0	18	4	0	18	0	0	0	44	4	0	36	61	4	0	18	5	0	0	0	12	0	0	0	0	0	0	44	8	0	36	62	26	18	46	6	0	0	0	0	0	0	0	5	0	26	0	19	0	0	0	10	0	36	44	66	45	92	132	9	0	0	18	4	0	18	0	0	0	44	4	0	36	49	0	0	18	0	0	0	0	0	0	0	0	0	0	0	44	0	0	36	61	4	0	18	0	0	0	0	0	0	0	0	5	0	0	0	12	0	0	0	0	0	0	44	8	0	36	62	17	18	46	0	0	28	0	0	0	0	0	6	0	0	0	0	0	0	0	0	0	26	0	0	0	0	0	10	0	36	44	51	45	92	132
103	85	28	65	92	67	2	0	80	28	65	92	3	0	9	44	53	195	460	39	49	0	0	80	2	0	80	0	0	9	44	2	0	400	29	28	65	92	0	0	15	0	27	0	0	0	3	0	9	44	53	195	460	39	31	0	0	80	0	0	80	0	0	9	44	0	0	400	29	2	0	80	0	0	15	0	4	0	0	0	0	0	9	44	2	0	400	29	28	65	92	0	0	0	0	0	0	0	0	0	0	15	0	27	0	0	0	3	0	9	44	53	195	460	39	13	0	0	80	0	0	80	0	0	9	44	0	0	400	29	0	0	80	0	0	15	0	0	0	0	0	0	0	9	44	0	0	400	29	2	0	80	0	0	0	0	0	0	0	0	0	0	15	0	4	0	0	0	0	0	9	44	2	0	400	29	11	65	92	0	0	0	0	0	0	0	0	0	0	0	0	0	0	0	0	0	0	15	0	0	0	0	0	3	0	9	44	29	195	460	39
68	56	35	32	41	44	8	0	0	35	32	41	10	0	36	0	73	96	164	317	32	4	0	0	8	0	0	0	0	0	0	12	0	0	198	31	32	41	5	0	26	0	29	0	0	0	10	0	36	0	69	96	164	317	20	4	0	0	4	0	0	0	0	0	0	4	0	0	196	4	0	0	5	0	0	0	12	0	0	0	0	0	0	0	8	0	0	198	31	32	41	6	0	0	0	0	0	0	0	5	0	26	0	29	0	0	0	10	0	36	0	69	96	164	317	8	0	0	0	4	0	0	0	0	0	0	4	0	0	176	0	0	0	0	0	0	0	0	0	0	0	0	0	0	0	0	0	0	196	4	0	0	0	0	0	0	0	0	0	0	5	0	0	0	12	0	0	0	0	0	0	0	8	0	0	198	15	32	41	0	0	28	0	0	0	0	0	6	0	0	0	0	0	0	0	0	0	26	0	0	0	0	0	10	0	36	0	44	96	164	317
52	41	25	24	51	30	6	0	19	25	24	51	14	0	27	28	38	40	153	231	19	0	0	19	6	0	19	0	0	10	28	6	0	57	161	19	24	51	0	0	0	0	21	48	0	0	14	0	27	28	32	40	153	231	8	0	0	19	0	0	19	0	0	10	28	0	0	57	159	0	0	19	0	0	0	0	0	0	0	0	0	0	10	28	0	0	57	161	14	24	51	0	0	0	0	0	0	0	0	0	0	0	0	21	48	0	0	0	0	27	28	19	40	153	231	0	0	0	19	0	0	19	0	0	10	28	0	0	57	159	0	0	19	0	0	0	0	0	0	0	0	0	0	10	28	0	0	57	159	0	0	19	0	0	0	0	0	0	0	0	0	0	0	0	0	0	0	0	0	0	10	28	0	0	57	161	0	0	51	0	0	0	0	0	0	0	0	0	0	0	0	0	0	0	0	0	0	0	0	0	0	0	0	0	0	27	28	0	0	153	231
54	43	19	10	74	32	1	0	10	19	10	74	0	0	42	30	29	10	74	440	21	1	0	0	1	0	10	0	0	20	0	1	0	10	282	18	10	74	2	0	0	0	31	0	0	71	0	0	42	30	28	10	74	440	10	0	0	0	1	0	0	0	0	0	0	1	0	0	280	0	0	10	0	0	0	0	0	0	0	33	0	0	20	0	0	0	10	282	17	10	74	0	0	13	0	0	0	0	0	2	0	0	0	31	0	0	71	0	0	42	30	26	10	74	440	0	0	0	0	0	0	0	0	0	0	0	0	0	0	280	0	0	0	0	0	0	0	0	0	0	32	0	0	0	0	0	0	0	280	0	0	10	0	0	10	0	0	0	0	0	0	0	0	0	0	0	0	33	0	0	20	0	0	0	10	282	0	0	74	0	0	0	0	0	0	0	0	0	0	13	0	0	0	0	0	0	0	0	0	0	0	0	71	0	0	42	30	0	0	74	440
61	48	28	36	59	35	8	0	10	28	36	59	15	0	42	30	44	54	236	318	22	1	0	0	8	0	10	0	0	20	0	8	0	40	179	20	36	59	2	0	0	0	24	63	0	71	15	0	42	30	36	54	236	318	9	0	0	0	1	0	0	0	0	0	0	1	0	0	177	0	0	10	0	0	0	0	0	0	0	33	0	0	20	0	0	0	40	179	14	36	59	0	0	13	0	0	0	0	0	2	0	0	0	24	63	0	71	0	0	42	30	21	54	236	318	0	0	0	0	0	0	0	0	0	0	0	0	0	0	177	0	0	0	0	0	0	0	0	0	0	32	0	0	0	0	0	0	0	177	0	0	10	0	0	10	0	0	0	0	0	0	0	0	0	0	0	0	33	0	0	20	0	0	0	40	179	0	0	59	0	0	0	0	0	0	0	0	0	0	13	0	0	0	0	0	0	0	0	0	0	0	0	71	0	0	42	30	0	0	236	318
60	47	33	40	44	34	12	0	16	33	40	44	17	0	36	54	52	64	220	133	21	4	0	0	12	0	16	0	0	26	0	12	0	80	80	21	40	44	5	0	0	0	25	64	0	93	17	0	36	54	40	64	220	133	8	0	0	0	4	0	0	0	0	0	0	4	0	0	80	0	0	16	0	0	0	0	0	0	0	33	0	0	26	0	0	0	80	80	13	40	44	0	0	43	0	0	0	0	0	5	0	0	0	25	64	0	93	0	0	36	54	21	64	220	133	0	0	0	0	0	0	0	0	0	0	0	0	0	0	80	0	0	0	0	0	0	0	0	0	0	32	0	0	0	0	0	0	0	80	0	0	16	0	0	28	0	0	0	0	0	0	0	0	0	0	0	0	33	0	0	26	0	0	0	80	80	0	0	44	0	0	0	0	0	0	0	0	0	0	43	0	0	0	0	0	0	0	0	0	0	0	0	93	0	0	36	54	0	0	220	133
38	30	17	12	21	22	2	0	0	17	12	21	2	0	0	0	26	12	42	133	14	0	0	0	2	0	0	0	0	0	0	2	0	0	80	15	12	21	0	0	0	0	21	12	0	0	2	0	0	0	24	12	42	133	6	0	0	0	0	0	0	0	0	0	0	0	0	0	80	0	0	0	0	0	0	0	0	0	0	0	0	0	0	0	0	0	0	80	13	12	21	0	0	0	0	0	0	0	0	0	0	0	0	21	12	0	0	0	0	0	0	20	12	42	133	0	0	0	0	0	0	0	0	0	0	0	0	0	0	80	0	0	0	0	0	0	0	0	0	0	0	0	0	0	0	0	0	0	80	0	0	0	0	0	0	0	0	0	0	0	0	0	0	0	0	0	0	0	0	0	0	0	0	0	0	80	0	0	21	0	0	0	0	0	0	0	0	0	0	0	0	0	0	0	0	0	0	0	0	0	0	0	0	0	0	0	0	0	0	42	133
71	52	22	50	146	33	8	32	108	20	50	146	17	32	36	98	36	66	146	175	16	0	0	85	8	32	108	0	0	36	40	8	32	108	45	10	16	146	0	0	29	87	0	0	292	139	17	32	36	98	26	32	146	175	0	0	0	72	0	0	85	0	0	36	10	0	0	85	19	0	0	108	0	0	26	55	0	0	216	81	0	0	36	40	0	0	108	45	0	0	146	0	0	0	42	0	0	0	71	0	0	29	87	0	0	292	139	0	0	36	98	0	0	146	175	0	0	0	67	0	0	72	0	0	34	10	0	0	72	19	0	0	85	0	0	23	53	0	0	170	79	0	0	36	10	0	0	85	19	0	0	108	0	0	0	35	0	0	0	33	0	0	26	55	0	0	216	81	0	0	36	40	0	0	108	45	0	0	0	0	0	0	53	0	0	0	0	0	0	0	42	0	0	0	71	0	0	0	87	0	0	0	139	0	0	0	98	0	0	0	175
32	23	19	20	18	14	7	6	10	18	20	18	15	12	10	0	28	32	36	44	6	0	0	10	7	6	10	0	0	10	0	7	6	20	16	7	12	18	0	0	0	0	0	0	18	0	15	12	10	0	17	24	36	44	0	0	0	10	0	0	10	0	0	10	0	0	0	20	0	0	0	10	0	0	0	0	0	0	10	0	0	0	10	0	0	0	20	16	0	0	18	0	0	0	0	0	0	0	0	0	0	0	0	0	0	18	0	0	0	10	0	0	0	36	44	0	0	0	10	0	0	10	0	0	10	0	0	0	20	0	0	0	10	0	0	0	0	0	0	10	0	0	0	10	0	0	0	20	0	0	0	10	0	0	0	0	0	0	0	0	0	0	0	0	0	0	10	0	0	0	10	0	0	0	20	16	0	0	0	0	0	0	0	0	0	0	0	0	0	0	0	0	0	0	0	0	0	0	0	0	0	0	0	0	0	0	0	0	0	0	44
53	37	26	75	52	21	8	36	23	22	75	52	5	108	0	49	27	129	156	154	9	0	0	16	8	36	23	0	0	0	36	8	36	69	45	5	27	52	0	0	49	54	0	0	208	0	5	108	0	49	10	81	156	154	0	0	0	0	0	0	16	0	0	0	0	0	0	48	19	0	0	23	0	0	43	0	0	0	92	0	0	0	0	36	0	0	69	45	0	0	52	0	0	0	0	0	0	0	93	0	0	49	54	0	0	208	0	0	0	0	49	0	0	156	154	0	0	0	0	0	0	0	0	0	0	0	0	0	0	19	0	0	16	0	0	28	0	0	0	64	0	0	0	0	0	0	0	48	19	0	0	23	0	0	0	0	0	0	0	33	0	0	43	0	0	0	92	0	0	0	0	36	0	0	69	45	0	0	0	0	0	0	0	0	0	0	0	0	0	0	0	0	0	0	93	0	0	0	54	0	0	0	0	0	0	0	49	0	0	0	154
39	29	17	9	41	19	8	0	0	17	9	41	17	0	0	0	27	18	41	249	9	0	0	0	8	0	0	0	0	0	0	8	0	0	55	7	9	41	0	0	0	0	0	0	0	0	17	0	0	0	17	18	41	249	0	0	0	0	0	0	0	0	0	0	0	0	0	0	19	0	0	0	0	0	0	0	0	0	0	0	0	0	0	0	0	0	0	55	0	0	41	0	0	0	0	0	0	0	0	0	0	0	0	0	0	0	0	0	0	0	0	0	0	41	249	0	0	0	0	0	0	0	0	0	0	0	0	0	0	19	0	0	0	0	0	0	0	0	0	0	0	0	0	0	0	0	0	0	19	0	0	0	0	0	0	0	0	0	0	0	0	0	0	0	0	0	0	0	0	0	0	0	0	0	0	55	0	0	0	0	0	0	0	0	0	0	0	0	0	0	0	0	0	0	0	0	0	0	0	0	0	0	0	0	0	0	0	0	0	0	249
29	21	17	13	17	13	7	6	0	16	13	17	16	6	0	0	26	19	17	103	6	0	0	0	7	6	0	0	0	0	0	7	6	0	26	7	6	17	0	0	0	0	0	0	17	0	16	6	0	0	17	12	17	103	0	0	0	0	0	0	0	0	0	0	0	0	0	0	0	0	0	0	0	0	0	0	0	0	0	0	0	0	0	0	0	0	0	26	0	0	17	0	0	0	0	0	0	0	0	0	0	0	0	0	0	17	0	0	0	0	0	0	0	17	103	0	0	0	0	0	0	0	0	0	0	0	0	0	0	0	0	0	0	0	0	0	0	0	0	0	0	0	0	0	0	0	0	0	0	0	0	0	0	0	0	0	0	0	0	0	0	0	0	0	0	0	0	0	0	0	0	0	0	0	0	26	0	0	0	0	0	0	0	0	0	0	0	0	0	0	0	0	0	0	0	0	0	0	0	0	0	0	0	0	0	0	0	0	0	0	103
37	24	21	22	82	11	0	0	33	19	22	82	0	0	94	33	19	22	164	274	0	0	0	33	0	0	33	0	0	13	33	0	0	66	141	0	0	82	0	0	0	0	0	0	0	0	0	0	94	33	0	0	164	274	0	0	0	33	0	0	33	0	0	13	33	0	0	66	111	0	0	33	0	0	0	0	0	0	0	0	0	0	13	33	0	0	66	141	0	0	0	0	0	0	0	0	0	0	0	0	0	0	0	0	0	0	0	0	0	0	33	0	0	0	274	0	0	0	32	0	0	33	0	0	13	32	0	0	66	82	0	0	33	0	0	0	0	0	0	0	0	0	0	13	33	0	0	66	111	0	0	0	0	0	0	0	0	0	0	0	0	0	0	0	0	0	0	0	0	0	0	33	0	0	0	141	0	0	0	0	0	0	12	0	0	0	0	0	0	0	0	0	0	0	0	0	0	0	0	0	0	0	0	0	0	0	0	0	0	0	0
40	25	23	50	76	10	0	0	66	18	50	76	0	0	78	13	18	50	380	52	0	0	0	66	0	0	66	0	0	41	13	0	0	330	23	0	0	76	0	0	0	0	0	0	0	0	0	0	78	13	0	0	380	52	0	0	0	66	0	0	66	0	0	41	13	0	0	330	16	0	0	66	0	0	0	0	0	0	0	0	0	0	41	13	0	0	330	23	0	0	0	0	0	0	0	0	0	0	0	0	0	0	0	0	0	0	0	0	0	0	13	0	0	0	52	0	0	0	59	0	0	66	0	0	41	12	0	0	330	0	0	0	66	0	0	0	0	0	0	0	0	0	0	41	13	0	0	330	16	0	0	0	0	0	0	0	0	0	0	0	0	0	0	0	0	0	0	0	0	0	0	13	0	0	0	23	0	0	0	0	0	0	71	0	0	0	0	0	0	0	0	0	0	0	0	0	0	0	0	0	0	0	0	0	0	0	0	0	0	0	0
25	16	21	14	25	7	0	0	10	19	14	25	0	0	42	0	19	14	50	70	0	0	0	10	0	0	10	0	0	0	0	0	0	20	33	0	0	25	0	0	0	0	0	0	0	0	0	0	42	0	0	0	50	70	0	0	0	10	0	0	10	0	0	0	0	0	0	20	26	0	0	10	0	0	0	0	0	0	0	0	0	0	0	0	0	0	20	33	0	0	0	0	0	0	0	0	0	0	0	0	0	0	0	0	0	0	0	0	0	0	0	0	0	0	70	0	0	0	10	0	0	10	0	0	0	0	0	0	20	10	0	0	10	0	0	0	0	0	0	0	0	0	0	0	0	0	0	20	26	0	0	0	0	0	0	0	0	0	0	0	0	0	0	0	0	0	0	0	0	0	0	0	0	0	0	33	0	0	0	0	0	0	0	0	0	0	0	0	0	0	0	0	0	0	0	0	0	0	0	0	0	0	0	0	0	0	0	0	0	0	0
18	11	16	12	0	4	0	0	0	13	12	0	0	0	0	0	13	12	0	0	0	0	0	0	0	0	0	0	0	0	0	0	0	0	0	0	0	0	0	0	0	0	0	0	0	0	0	0	0	0	0	0	0	0	0	0	0	0	0	0	0	0	0	0	0	0	0	0	0	0	0	0	0	0	0	0	0	0	0	0	0	0	0	0	0	0	0	0	0	0	0	0	0	0	0	0	0	0	0	0	0	0	0	0	0	0	0	0	0	0	0	0	0	0	0	0	0	0	0	0	0	0	0	0	0	0	0	0	0	0	0	0	0	0	0	0	0	0	0	0	0	0	0	0	0	0	0	0	0	0	0	0	0	0	0	0	0	0	0	0	0	0	0	0	0	0	0	0	0	0	0	0	0	0	0	0	0	0	0	0	0	0	0	0	0	0	0	0	0	0	0	0	0	0	0	0	0	0	0	0	0	0	0	0	0	0	0	0	0	0	0
17	10	14	12	0	3	0	0	0	10	12	0	0	0	0	0	10	12	0	0	0	0	0	0	0	0	0	0	0	0	0	0	0	0	0	0	0	0	0	0	0	0	0	0	0	0	0	0	0	0	0	0	0	0	0	0	0	0	0	0	0	0	0	0	0	0	0	0	0	0	0	0	0	0	0	0	0	0	0	0	0	0	0	0	0	0	0	0	0	0	0	0	0	0	0	0	0	0	0	0	0	0	0	0	0	0	0	0	0	0	0	0	0	0	0	0	0	0	0	0	0	0	0	0	0	0	0	0	0	0	0	0	0	0	0	0	0	0	0	0	0	0	0	0	0	0	0	0	0	0	0	0	0	0	0	0	0	0	0	0	0	0	0	0	0	0	0	0	0	0	0	0	0	0	0	0	0	0	0	0	0	0	0	0	0	0	0	0	0	0	0	0	0	0	0	0	0	0	0	0	0	0	0	0	0	0	0	0	0	0	0
29	14	4	14	131	0	0	0	100	0	0	131	0	0	0	85	0	0	131	158	0	0	0	71	0	0	100	0	0	0	40	0	0	100	99	0	0	0	0	0	0	56	0	0	0	198	0	0	0	85	0	0	0	158	0	0	0	67	0	0	71	0	0	0	40	0	0	71	99	0	0	0	0	0	0	49	0	0	0	131	0	0	0	40	0	0	0	99	0	0	0	0	0	0	49	0	0	0	0	0	0	0	56	0	0	0	198	0	0	0	0	0	0	0	0	0	0	0	60	0	0	67	0	0	0	40	0	0	67	99	0	0	0	0	0	0	39	0	0	0	101	0	0	0	40	0	0	0	99	0	0	0	0	0	0	36	0	0	0	0	0	0	0	49	0	0	0	131	0	0	0	0	0	0	0	0	0	0	0	0	0	0	54	0	0	0	0	0	0	0	49	0	0	0	0	0	0	0	0	0	0	0	0	0	0	0	0	0	0	0	0
19	9	4	9	44	0	0	0	26	0	0	44	0	0	0	14	0	0	44	76	0	0	0	25	0	0	26	0	0	0	14	0	0	26	66	0	0	0	0	0	0	11	0	0	0	0	0	0	0	14	0	0	0	76	0	0	0	24	0	0	25	0	0	0	14	0	0	25	66	0	0	0	0	0	0	10	0	0	0	0	0	0	0	14	0	0	0	66	0	0	0	0	0	0	10	0	0	0	0	0	0	0	11	0	0	0	0	0	0	0	0	0	0	0	0	0	0	0	20	0	0	24	0	0	0	14	0	0	24	66	0	0	0	0	0	0	6	0	0	0	0	0	0	0	14	0	0	0	66	0	0	0	0	0	0	6	0	0	0	0	0	0	0	10	0	0	0	0	0	0	0	0	0	0	0	0	0	0	0	0	0	0	24	0	0	0	0	0	0	0	10	0	0	0	0	0	0	0	0	0	0	0	0	0	0	0	0	0	0	0	0
15	7	4	7	34	0	0	0	21	0	0	34	0	0	0	27	0	0	34	76	0	0	0	11	0	0	21	0	0	0	0	0	0	21	66	0	0	0	0	0	0	11	0	0	0	52	0	0	0	27	0	0	0	76	0	0	0	10	0	0	11	0	0	0	0	0	0	11	66	0	0	0	0	0	0	10	0	0	0	23	0	0	0	0	0	0	0	66	0	0	0	0	0	0	10	0	0	0	0	0	0	0	11	0	0	0	52	0	0	0	0	0	0	0	0	0	0	0	6	0	0	10	0	0	0	0	0	0	10	66	0	0	0	0	0	0	6	0	0	0	16	0	0	0	0	0	0	0	66	0	0	0	0	0	0	6	0	0	0	0	0	0	0	10	0	0	0	23	0	0	0	0	0	0	0	0	0	0	0	0	0	0	24	0	0	0	0	0	0	0	10	0	0	0	0	0	0	0	0	0	0	0	0	0	0	0	0	0	0	0	0
27	13	4	13	79	0	0	0	37	0	0	79	0	0	0	61	0	0	79	183	0	0	0	0	0	0	37	0	0	0	0	0	0	37	109	0	0	0	0	0	0	0	0	0	0	233	0	0	0	61	0	0	0	183	0	0	0	0	0	0	0	0	0	0	0	0	0	0	109	0	0	0	0	0	0	0	0	0	0	141	0	0	0	0	0	0	0	109	0	0	0	0	0	0	0	0	0	0	0	0	0	0	0	0	0	0	233	0	0	0	0	0	0	0	0	0	0	0	0	0	0	0	0	0	0	0	0	0	0	109	0	0	0	0	0	0	0	0	0	0	111	0	0	0	0	0	0	0	109	0	0	0	0	0	0	0	0	0	0	0	0	0	0	0	0	0	0	141	0	0	0	0	0	0	0	0	0	0	0	0	0	0	0	0	0	0	0	0	0	0	0	0	0	0	0	0	0	0	0	0	0	0	0	0	0	0	0	0	0	0	0
19	9	4	9	36	0	0	0	9	0	0	36	0	0	0	27	0	0	36	101	0	0	0	0	0	0	9	0	0	0	0	0	0	9	76	0	0	0	0	0	0	0	0	0	0	52	0	0	0	27	0	0	0	101	0	0	0	0	0	0	0	0	0	0	0	0	0	0	76	0	0	0	0	0	0	0	0	0	0	23	0	0	0	0	0	0	0	76	0	0	0	0	0	0	0	0	0	0	0	0	0	0	0	0	0	0	52	0	0	0	0	0	0	0	0	0	0	0	0	0	0	0	0	0	0	0	0	0	0	76	0	0	0	0	0	0	0	0	0	0	16	0	0	0	0	0	0	0	76	0	0	0	0	0	0	0	0	0	0	0	0	0	0	0	0	0	0	23	0	0	0	0	0	0	0	0	0	0	0	0	0	0	0	0	0	0	0	0	0	0	0	0	0	0	0	0	0	0	0	0	0	0	0	0	0	0	0	0	0	0	0
5	0	0	0	52	0	0	0	0	0	0	0	0	0	0	0	0	0	0	324	0	0	0	0	0	0	0	0	0	0	0	0	0	0	193	0	0	0	0	0	0	0	0	0	0	0	0	0	0	0	0	0	0	0	0	0	0	0	0	0	0	0	0	0	0	0	0	0	107	0	0	0	0	0	0	0	0	0	0	0	0	0	0	0	0	0	0	0	0	0	0	0	0	0	0	0	0	0	0	0	0	0	0	0	0	0	0	0	0	0	0	0	0	0	0	0	0	0	0	0	0	0	0	0	0	0	0	0	0	101	0	0	0	0	0	0	0	0	0	0	0	0	0	0	0	0	0	0	0	0	0	0	0	0	0	0	0	0	0	0	0	0	0	0	0	0	0	0	0	0	0	0	0	0	0	0	0	0	0	0	0	0	0	0	0	0	0	0	0	0	0	0	0	0	0	0	0	0	0	0	0	0	0	0	0	0	0	0	0	0	0
